{
  "type": "FeatureCollection",
  "features": [
    {
      "type": "Feature",
      "properties": {
        "id": "03-mount-carmel-elephant-gap-01",
        "name": "Elephant Gap",
        "label": "Elephant Gap [map section]",
        "component": 1,
        "component_count": 1,
        "map_clipped": true,
        "source": "state-trails.geojson",
        "source_ids": [
          47927
        ],
        "published_horse_status": "HorseAllowed=Yes; current permission unverified",
        "direction": "Start at westernmost endpoint (southwest if equal longitude), follow source geometry",
        "start_wgs84": [
          -112.78357221933597,
          37.161329588294464
        ],
        "end_wgs84": [
          -112.713179086498,
          37.1960239082301
        ],
        "distance_miles": 5.740906363962084,
        "ascent_ft": 325.6203766869726,
        "descent_ft": 595.2118083791577,
        "sample_spacing_m": 29.997055881182458,
        "valid_samples": 308,
        "sample_count": 309,
        "shorter_than_two_output_pixels": false,
        "gap_samples": 1,
        "gap_count": 1,
        "relative_zero": "first valid sample",
        "dem_file": "03-mount-carmel-dem.tif",
        "dem_source": "USGS 3DEP ImageServer mosaic; native sources unresolved; not verified lidar",
        "dem_output_pixel_m": 10.0,
        "smoothing": "3-sample median then 3-sample moving mean, segment endpoints retained; 3m reversal threshold for totals",
        "csv": "sources/profiles/03-mount-carmel-elephant-gap-01.csv",
        "shown_on_page": true
      },
      "geometry": {
        "coordinates": [
          [
            -112.78357221933597,
            37.161329588294464
          ],
          [
            -112.783565019313,
            37.161413346291305
          ],
          [
            -112.783571766559,
            37.16150878222538
          ],
          [
            -112.783614509299,
            37.16169831285539
          ],
          [
            -112.78362257437301,
            37.161801840929
          ],
          [
            -112.783608159108,
            37.16200304778889
          ],
          [
            -112.78361830378299,
            37.1620993341766
          ],
          [
            -112.783688214271,
            37.1622947658577
          ],
          [
            -112.783735680352,
            37.1623976996406
          ],
          [
            -112.783808456467,
            37.1626192247158
          ],
          [
            -112.78385834261,
            37.162729333403995
          ],
          [
            -112.783893573637,
            37.162838761123304
          ],
          [
            -112.78393474522298,
            37.16305715720409
          ],
          [
            -112.78395099395,
            37.16336515680899
          ],
          [
            -112.78394657064499,
            37.1634643658363
          ],
          [
            -112.78392328272,
            37.16357557646471
          ],
          [
            -112.783798145604,
            37.16400107150869
          ],
          [
            -112.783758813768,
            37.1641963443599
          ],
          [
            -112.783759615963,
            37.1642783505744
          ],
          [
            -112.78377365213998,
            37.1643484402821
          ],
          [
            -112.78376092211401,
            37.16442974907221
          ],
          [
            -112.783693880844,
            37.164500158634006
          ],
          [
            -112.783593341397,
            37.164582788758
          ],
          [
            -112.78356765676702,
            37.1646399574459
          ],
          [
            -112.783592523032,
            37.1650271412135
          ],
          [
            -112.78344790864402,
            37.1656782539612
          ],
          [
            -112.783419432948,
            37.165856238077
          ],
          [
            -112.78340624837502,
            37.16606193330279
          ],
          [
            -112.78338075239,
            37.1661272100887
          ],
          [
            -112.783349121811,
            37.16617094887529
          ],
          [
            -112.78326810185702,
            37.1662217395253
          ],
          [
            -112.783168857781,
            37.166263792419606
          ],
          [
            -112.783074924545,
            37.1662922447739
          ],
          [
            -112.783019693427,
            37.166338141049
          ],
          [
            -112.782930517668,
            37.166377337622606
          ],
          [
            -112.782855655666,
            37.166450568693996
          ],
          [
            -112.78275598399202,
            37.16652236942159
          ],
          [
            -112.78252967052401,
            37.16657264227461
          ],
          [
            -112.782332687948,
            37.16667294663849
          ],
          [
            -112.782239600926,
            37.16673743832491
          ],
          [
            -112.78215020867302,
            37.1668153943696
          ],
          [
            -112.78199349128398,
            37.16699981271021
          ],
          [
            -112.781914230231,
            37.167077615293
          ],
          [
            -112.78185092236,
            37.16716328995619
          ],
          [
            -112.781804648343,
            37.167255016994396
          ],
          [
            -112.781725600191,
            37.167341829649295
          ],
          [
            -112.781541246132,
            37.16750052647221
          ],
          [
            -112.781467613923,
            37.16757824407019
          ],
          [
            -112.781320069231,
            37.1677697359162
          ],
          [
            -112.78122825422201,
            37.1678405160347
          ],
          [
            -112.78112048693103,
            37.1679034247203
          ],
          [
            -112.78099651403201,
            37.16794764996509
          ],
          [
            -112.78065464667598,
            37.168113219700494
          ],
          [
            -112.780564827724,
            37.16817315457379
          ],
          [
            -112.780258050359,
            37.16834630808669
          ],
          [
            -112.78018082578798,
            37.1684150661492
          ],
          [
            -112.77994992821698,
            37.16855823645118
          ],
          [
            -112.77971367848401,
            37.1686654352207
          ],
          [
            -112.779630931968,
            37.168738782187
          ],
          [
            -112.779556170577,
            37.1688165156915
          ],
          [
            -112.77949404578702,
            37.1689048748921
          ],
          [
            -112.77939834736101,
            37.169098290385094
          ],
          [
            -112.779305469646,
            37.16931599621811
          ],
          [
            -112.77925026907,
            37.16941146154421
          ],
          [
            -112.77920551859599,
            37.16952028975
          ],
          [
            -112.779141869364,
            37.169735754561
          ],
          [
            -112.77913342969198,
            37.169952192988404
          ],
          [
            -112.779079418486,
            37.1700503446946
          ],
          [
            -112.778896264576,
            37.1702126249376
          ],
          [
            -112.778739806799,
            37.1704087536029
          ],
          [
            -112.77864488362002,
            37.17049129566399
          ],
          [
            -112.77854847462702,
            37.1705585378283
          ],
          [
            -112.778489682587,
            37.1706450438992
          ],
          [
            -112.778450349852,
            37.1707447773664
          ],
          [
            -112.778389728842,
            37.170849336701394
          ],
          [
            -112.77820217318698,
            37.17101618853659
          ],
          [
            -112.778020485327,
            37.1711450971553
          ],
          [
            -112.777972845871,
            37.17122692904671
          ],
          [
            -112.77796182803398,
            37.17133344902479
          ],
          [
            -112.777925658267,
            37.17142412091421
          ],
          [
            -112.777874874708,
            37.1715159150769
          ],
          [
            -112.777801361077,
            37.17159903501419
          ],
          [
            -112.77770530871501,
            37.1716815936702
          ],
          [
            -112.777564988274,
            37.1718937030842
          ],
          [
            -112.77745820374001,
            37.1719989537241
          ],
          [
            -112.77734547325599,
            37.1720907751047
          ],
          [
            -112.777086664131,
            37.17224517432479
          ],
          [
            -112.77681933179102,
            37.1724204315381
          ],
          [
            -112.77668759295598,
            37.1724701772206
          ],
          [
            -112.77656399735,
            37.1724828453751
          ],
          [
            -112.77643000643901,
            37.1725326232273
          ],
          [
            -112.776203280644,
            37.172758645272395
          ],
          [
            -112.775874053482,
            37.17298439821969
          ],
          [
            -112.775463058968,
            37.173085195126404
          ],
          [
            -112.775135239467,
            37.1731306663915
          ],
          [
            -112.774901040587,
            37.1731819448269
          ],
          [
            -112.774772340753,
            37.17321722105459
          ],
          [
            -112.77465748844901,
            37.173266710676195
          ],
          [
            -112.774414218382,
            37.1733154207723
          ],
          [
            -112.774101877751,
            37.17339670846239
          ],
          [
            -112.77398245841201,
            37.173443561724284
          ],
          [
            -112.77389263766298,
            37.1734557222228
          ],
          [
            -112.773757665792,
            37.17351182125639
          ],
          [
            -112.773601625732,
            37.17353398628279
          ],
          [
            -112.773382229292,
            37.173592249793
          ],
          [
            -112.773005686966,
            37.173577156743704
          ],
          [
            -112.77275780405,
            37.17352498599159
          ],
          [
            -112.772656260287,
            37.17351749242881
          ],
          [
            -112.772570185513,
            37.1734971490733
          ],
          [
            -112.77247995333602,
            37.17344352020861
          ],
          [
            -112.77227845582802,
            37.1733518987451
          ],
          [
            -112.772209846998,
            37.1733078599047
          ],
          [
            -112.772116122171,
            37.173201107215384
          ],
          [
            -112.772067928454,
            37.17316307232811
          ],
          [
            -112.77190963721598,
            37.17308882847661
          ],
          [
            -112.77185742353899,
            37.1730715836615
          ],
          [
            -112.77179518376398,
            37.17305899505849
          ],
          [
            -112.77173784609602,
            37.173063458010894
          ],
          [
            -112.77164166976702,
            37.1730928361848
          ],
          [
            -112.771614152573,
            37.1731202867255
          ],
          [
            -112.771455585553,
            37.17342008678139
          ],
          [
            -112.771420586291,
            37.17365765177869
          ],
          [
            -112.771334057868,
            37.17376259575349
          ],
          [
            -112.77120014511,
            37.1738159717203
          ],
          [
            -112.77107361021599,
            37.17384760646491
          ],
          [
            -112.770995247479,
            37.1739163767005
          ],
          [
            -112.770951564203,
            37.17411982104791
          ],
          [
            -112.77088358688898,
            37.17419925042479
          ],
          [
            -112.770609782187,
            37.1744358781671
          ],
          [
            -112.77050084798401,
            37.174497893799
          ],
          [
            -112.770392189564,
            37.1745716216231
          ],
          [
            -112.770227399015,
            37.1747498374615
          ],
          [
            -112.77011852769398,
            37.1748145555971
          ],
          [
            -112.769985729746,
            37.1748192439144
          ],
          [
            -112.76974073850599,
            37.17474629366289
          ],
          [
            -112.76963829014,
            37.17470005534369
          ],
          [
            -112.769378377884,
            37.174663379036396
          ],
          [
            -112.769045342763,
            37.1746304984684
          ],
          [
            -112.76871656745402,
            37.1746354079718
          ],
          [
            -112.768376260472,
            37.174628772018096
          ],
          [
            -112.76819417376,
            37.174645009382
          ],
          [
            -112.768020345261,
            37.174677346670485
          ],
          [
            -112.76787956847599,
            37.17472631568331
          ],
          [
            -112.76773586767499,
            37.174746486206196
          ],
          [
            -112.767611518382,
            37.1747753805782
          ],
          [
            -112.767377938442,
            37.17485367333379
          ],
          [
            -112.76711576871999,
            37.1749134654326
          ],
          [
            -112.766997361782,
            37.1749557912097
          ],
          [
            -112.76689647558598,
            37.1750248925548
          ],
          [
            -112.766852493171,
            37.1751192834542
          ],
          [
            -112.766778321075,
            37.17522313814441
          ],
          [
            -112.766683588338,
            37.17531468075159
          ],
          [
            -112.766432451724,
            37.175413062411394
          ],
          [
            -112.766297093577,
            37.17545293568881
          ],
          [
            -112.766161377002,
            37.1754774915246
          ],
          [
            -112.76602421953,
            37.1754885494142
          ],
          [
            -112.765781020429,
            37.17554084621699
          ],
          [
            -112.765507041454,
            37.175577375366196
          ],
          [
            -112.765061777111,
            37.175658818807
          ],
          [
            -112.764919738193,
            37.17565372470249
          ],
          [
            -112.764708276572,
            37.1755694489682
          ],
          [
            -112.76443437575,
            37.1755609113047
          ],
          [
            -112.764362308406,
            37.17551331424241
          ],
          [
            -112.764304333833,
            37.17544207391439
          ],
          [
            -112.76421788176602,
            37.17540550676411
          ],
          [
            -112.763910830416,
            37.175424500383194
          ],
          [
            -112.76381697802802,
            37.1754087728137
          ],
          [
            -112.763743933318,
            37.1753674994699
          ],
          [
            -112.763679145921,
            37.17534232589
          ],
          [
            -112.76359090171601,
            37.175325614121206
          ],
          [
            -112.763544759751,
            37.1753272024123
          ],
          [
            -112.763505769274,
            37.1753458088203
          ],
          [
            -112.763378071062,
            37.1754729907792
          ],
          [
            -112.763323243287,
            37.1755855680284
          ],
          [
            -112.763232197236,
            37.175690573744305
          ],
          [
            -112.763193066622,
            37.175751541898094
          ],
          [
            -112.76316331981,
            37.17582859537029
          ],
          [
            -112.76315507058102,
            37.17590983526349
          ],
          [
            -112.763123946651,
            37.17597609344249
          ],
          [
            -112.762979404129,
            37.1761539981907
          ],
          [
            -112.762892587346,
            37.17624722313769
          ],
          [
            -112.762777455666,
            37.17633365827759
          ],
          [
            -112.762443952524,
            37.1764747171213
          ],
          [
            -112.762284152116,
            37.1765293702306
          ],
          [
            -112.762097973579,
            37.176563685065204
          ],
          [
            -112.761910144836,
            37.1765754921934
          ],
          [
            -112.76156109275401,
            37.1765806828629
          ],
          [
            -112.76139947595301,
            37.17660561911472
          ],
          [
            -112.761219051125,
            37.176645254847394
          ],
          [
            -112.76104135987002,
            37.1767055801979
          ],
          [
            -112.760874573265,
            37.176750420851
          ],
          [
            -112.76071157754998,
            37.1767645605963
          ],
          [
            -112.76058412906902,
            37.17670877246851
          ],
          [
            -112.760461893511,
            37.1766348799587
          ],
          [
            -112.760227850939,
            37.176548226857584
          ],
          [
            -112.76014450524701,
            37.1764998939026
          ],
          [
            -112.76012786126101,
            37.1764136164199
          ],
          [
            -112.76017727129701,
            37.17631013484529
          ],
          [
            -112.76024934852201,
            37.1762126247183
          ],
          [
            -112.760305535448,
            37.176109941658005
          ],
          [
            -112.76033486813701,
            37.17601486915908
          ],
          [
            -112.76033544665198,
            37.175942756789
          ],
          [
            -112.76031125412298,
            37.1758710122525
          ],
          [
            -112.760268505993,
            37.175824779632
          ],
          [
            -112.760216629184,
            37.1758219452061
          ],
          [
            -112.76019467435901,
            37.175846606855
          ],
          [
            -112.760164257403,
            37.17594349760358
          ],
          [
            -112.760137652898,
            37.1759619191931
          ],
          [
            -112.760072744228,
            37.17598000794839
          ],
          [
            -112.759989861169,
            37.1760001674001
          ],
          [
            -112.75961287238,
            37.1760147804046
          ],
          [
            -112.759510827357,
            37.1760343221443
          ],
          [
            -112.759398961053,
            37.1760675292046
          ],
          [
            -112.75930317279598,
            37.1761140172033
          ],
          [
            -112.759199231429,
            37.176148909129985
          ],
          [
            -112.759088178101,
            37.17616858396649
          ],
          [
            -112.758986902934,
            37.176172791924394
          ],
          [
            -112.758894051269,
            37.1761516383267
          ],
          [
            -112.758848257851,
            37.17607120106249
          ],
          [
            -112.758825901479,
            37.1759814029697
          ],
          [
            -112.758766139258,
            37.175930014775304
          ],
          [
            -112.75869774692201,
            37.1758949781633
          ],
          [
            -112.758624307851,
            37.1758852530849
          ],
          [
            -112.75850629078201,
            37.1758960181676
          ],
          [
            -112.75836983938501,
            37.175889030169
          ],
          [
            -112.758320401502,
            37.17589427098909
          ],
          [
            -112.758259351097,
            37.1759330317167
          ],
          [
            -112.758248926148,
            37.1759692385831
          ],
          [
            -112.758255496426,
            37.1760096992079
          ],
          [
            -112.75833538450298,
            37.176200490430894
          ],
          [
            -112.758324857146,
            37.17628086242329
          ],
          [
            -112.758203571108,
            37.1764421930734
          ],
          [
            -112.75814715241602,
            37.1765836332129
          ],
          [
            -112.758137459594,
            37.1766513745637
          ],
          [
            -112.758192703289,
            37.176847939588704
          ],
          [
            -112.75817569369,
            37.1769887949141
          ],
          [
            -112.75812009156701,
            37.1772627145491
          ],
          [
            -112.758110316998,
            37.1773755217501
          ],
          [
            -112.758120354773,
            37.177614218789905
          ],
          [
            -112.758098402643,
            37.177736219223796
          ],
          [
            -112.758040210677,
            37.1778497450414
          ],
          [
            -112.757960038733,
            37.177938361367204
          ],
          [
            -112.75784383176898,
            37.1779788416939
          ],
          [
            -112.757718179919,
            37.1780005351663
          ],
          [
            -112.757469814607,
            37.1780249498884
          ],
          [
            -112.75734547609399,
            37.17805473482229
          ],
          [
            -112.757232273995,
            37.1781276181782
          ],
          [
            -112.757046590429,
            37.1782808885063
          ],
          [
            -112.756991418599,
            37.178379047286995
          ],
          [
            -112.757030208752,
            37.1785947852993
          ],
          [
            -112.757039574587,
            37.1787073077952
          ],
          [
            -112.75708607857202,
            37.17891572004021
          ],
          [
            -112.75707630220701,
            37.17902852763579
          ],
          [
            -112.757080248506,
            37.1792474845859
          ],
          [
            -112.75704200812301,
            37.1793471952463
          ],
          [
            -112.75691229139602,
            37.17953388550251
          ],
          [
            -112.75675556771802,
            37.1796732077414
          ],
          [
            -112.75650945089,
            37.1798435979649
          ],
          [
            -112.75643882624101,
            37.17990683519539
          ],
          [
            -112.756333668555,
            37.1800354788578
          ],
          [
            -112.75626640091001,
            37.180097764731
          ],
          [
            -112.756195460952,
            37.180098815413295
          ],
          [
            -112.756150440085,
            37.180051715059605
          ],
          [
            -112.756123351388,
            37.1800007411755
          ],
          [
            -112.756091363279,
            37.17988404649449
          ],
          [
            -112.75608539756699,
            37.179821044003106
          ],
          [
            -112.75609421632798,
            37.1796181217437
          ],
          [
            -112.75608251667002,
            37.1795506965424
          ],
          [
            -112.756049674263,
            37.1794944015885
          ],
          [
            -112.755889131847,
            37.17942017111589
          ],
          [
            -112.75581224953301,
            37.17940779113249
          ],
          [
            -112.755750089709,
            37.1794474683388
          ],
          [
            -112.75567249952302,
            37.1795991356204
          ],
          [
            -112.755634549295,
            37.1797601292343
          ],
          [
            -112.75560694137198,
            37.179832643777296
          ],
          [
            -112.755557771186,
            37.1798982650987
          ],
          [
            -112.755480096559,
            37.1799489878325
          ],
          [
            -112.755394330805,
            37.1799908183699
          ],
          [
            -112.755349582128,
            37.1800527686055
          ],
          [
            -112.755330064431,
            37.18013417501398
          ],
          [
            -112.75526980095098,
            37.18020717231071
          ],
          [
            -112.7551849937,
            37.1802417767737
          ],
          [
            -112.755050578784,
            37.1802257424465
          ],
          [
            -112.75498787547802,
            37.18019332379329
          ],
          [
            -112.75492258772,
            37.18014652195511
          ],
          [
            -112.754828458652,
            37.18011907468289
          ],
          [
            -112.754727221214,
            37.1800764118297
          ],
          [
            -112.754602502713,
            37.18004130485259
          ],
          [
            -112.754468942993,
            37.180013540476295
          ],
          [
            -112.754365432818,
            37.17997000938931
          ],
          [
            -112.754192151393,
            37.17988064178759
          ],
          [
            -112.754110451415,
            37.179854812675096
          ],
          [
            -112.754012799153,
            37.17986977850251
          ],
          [
            -112.75391742052801,
            37.179934281829006
          ],
          [
            -112.753812427234,
            37.18002145996649
          ],
          [
            -112.753692627908,
            37.1801016468158
          ],
          [
            -112.753385010619,
            37.18019452907029
          ],
          [
            -112.753233265404,
            37.180257161221896
          ],
          [
            -112.75307313801001,
            37.18029828731851
          ],
          [
            -112.752908945739,
            37.180309730276406
          ],
          [
            -112.752773320792,
            37.180338775685094
          ],
          [
            -112.75264182450302,
            37.180351536995296
          ],
          [
            -112.752521088234,
            37.1803425081717
          ],
          [
            -112.752290170002,
            37.18029364872599
          ],
          [
            -112.75217629416599,
            37.1802890244475
          ],
          [
            -112.75208078887898,
            37.1802994496506
          ],
          [
            -112.75199029080001,
            37.18028276259721
          ],
          [
            -112.75178452359901,
            37.180152413072115
          ],
          [
            -112.751694128827,
            37.1801402300326
          ],
          [
            -112.75158344291,
            37.180176116386
          ],
          [
            -112.75130147431798,
            37.18020912766481
          ],
          [
            -112.751169225241,
            37.1802381215801
          ],
          [
            -112.751070007216,
            37.180282850630995
          ],
          [
            -112.75094928711601,
            37.1803720617297
          ],
          [
            -112.750873652563,
            37.1804137381529
          ],
          [
            -112.75075404367898,
            37.180404690012296
          ],
          [
            -112.750463091037,
            37.1803413923622
          ],
          [
            -112.750188338612,
            37.18034545264911
          ],
          [
            -112.749532343876,
            37.180278532680894
          ],
          [
            -112.74920056190601,
            37.1802518870655
          ],
          [
            -112.74893918809002,
            37.1803476792579
          ],
          [
            -112.748796348774,
            37.18035699866369
          ],
          [
            -112.748657304839,
            37.180335617206794
          ],
          [
            -112.748525413291,
            37.1803312556007
          ],
          [
            -112.748392686309,
            37.1803395236139
          ],
          [
            -112.748263005515,
            37.18033332618269
          ],
          [
            -112.74820024202299,
            37.1802982000005
          ],
          [
            -112.748143715533,
            37.1802404498247
          ],
          [
            -112.74805130224702,
            37.1801895383358
          ],
          [
            -112.747934344292,
            37.1801489024503
          ],
          [
            -112.74782307446898,
            37.1801595588512
          ],
          [
            -112.74770427586598,
            37.18018564551969
          ],
          [
            -112.747587670949,
            37.180160326822
          ],
          [
            -112.747347482103,
            37.18005120761131
          ],
          [
            -112.747205857309,
            37.180015442156005
          ],
          [
            -112.747065206288,
            37.18002202324149
          ],
          [
            -112.746939443047,
            37.18003919990789
          ],
          [
            -112.74667337194101,
            37.179980032399
          ],
          [
            -112.746524823831,
            37.17993715904411
          ],
          [
            -112.74638355117598,
            37.1799167093427
          ],
          [
            -112.746264192024,
            37.179918467879794
          ],
          [
            -112.74615240297501,
            37.1799065961432
          ],
          [
            -112.74604132629,
            37.1798766881189
          ],
          [
            -112.745752982355,
            37.1800242448498
          ],
          [
            -112.745754365761,
            37.1801332817913
          ],
          [
            -112.745777122782,
            37.18024110327901
          ],
          [
            -112.74575448613498,
            37.1803342709349
          ],
          [
            -112.74562620222099,
            37.1804866786376
          ],
          [
            -112.7454446006,
            37.18062274760949
          ],
          [
            -112.74533911952102,
            37.1806891956146
          ],
          [
            -112.74510325875801,
            37.1808170499404
          ],
          [
            -112.74497167083999,
            37.18087486909991
          ],
          [
            -112.744660558206,
            37.1809632728881
          ],
          [
            -112.744501383924,
            37.180997162721
          ],
          [
            -112.744365947624,
            37.180985638275786
          ],
          [
            -112.74425991857302,
            37.18093041724911
          ],
          [
            -112.744195872286,
            37.1808394275385
          ],
          [
            -112.74414978062701,
            37.180745469637905
          ],
          [
            -112.74408833945499,
            37.180669763868
          ],
          [
            -112.74400366425603,
            37.180612425514596
          ],
          [
            -112.74364556973299,
            37.1805681260903
          ],
          [
            -112.743528916307,
            37.18058967138101
          ],
          [
            -112.743405839028,
            37.1806257328719
          ],
          [
            -112.74330208900298,
            37.1806696207244
          ],
          [
            -112.74324709144598,
            37.18072721239861
          ],
          [
            -112.743199202258,
            37.18080002088859
          ],
          [
            -112.74313313116899,
            37.18086588829179
          ],
          [
            -112.743071121363,
            37.1809614363623
          ],
          [
            -112.743047872964,
            37.1810771452717
          ],
          [
            -112.743002752384,
            37.1811724454382
          ],
          [
            -112.742917537298,
            37.18123859450749
          ],
          [
            -112.74265156590499,
            37.1813308340861
          ],
          [
            -112.742380251333,
            37.18143577241219
          ],
          [
            -112.74225925814599,
            37.1814645897919
          ],
          [
            -112.742033437853,
            37.1814904441195
          ],
          [
            -112.741922889377,
            37.1815326280798
          ],
          [
            -112.74171444879002,
            37.1816285274358
          ],
          [
            -112.741612224104,
            37.18164084622
          ],
          [
            -112.741497975468,
            37.1816199933199
          ],
          [
            -112.741367248136,
            37.181617408894
          ],
          [
            -112.74123987152099,
            37.1816625436508
          ],
          [
            -112.74111540634502,
            37.1817364770481
          ],
          [
            -112.74097138574399,
            37.181792672279094
          ],
          [
            -112.740803302869,
            37.18183119594419
          ],
          [
            -112.740368786868,
            37.1818438890101
          ],
          [
            -112.74008439013,
            37.18196794026749
          ],
          [
            -112.73992950889702,
            37.18199274806119
          ],
          [
            -112.739619427529,
            37.1819792763324
          ],
          [
            -112.73945771730298,
            37.18195190773811
          ],
          [
            -112.739302413862,
            37.18190912353428
          ],
          [
            -112.739146354938,
            37.18188257439879
          ],
          [
            -112.73882439245199,
            37.181842235011004
          ],
          [
            -112.738663468252,
            37.1818491036516
          ],
          [
            -112.73848893816802,
            37.1819012364487
          ],
          [
            -112.73812596040301,
            37.18203725277311
          ],
          [
            -112.737773871117,
            37.182156884955894
          ],
          [
            -112.737630321233,
            37.1822337980583
          ],
          [
            -112.73749391026101,
            37.1822781602033
          ],
          [
            -112.73735473247702,
            37.1823000299354
          ],
          [
            -112.73725959280401,
            37.182326661945595
          ],
          [
            -112.737077954352,
            37.1823635750085
          ],
          [
            -112.736950397174,
            37.18235192623949
          ],
          [
            -112.73681342026302,
            37.18232238920159
          ],
          [
            -112.73670643450599,
            37.18227438630149
          ],
          [
            -112.736294763561,
            37.1820550953026
          ],
          [
            -112.73614901819403,
            37.181986931520996
          ],
          [
            -112.73599469661201,
            37.18193781763189
          ],
          [
            -112.73584374191502,
            37.181937327373106
          ],
          [
            -112.735714417751,
            37.1819960045218
          ],
          [
            -112.73563676827702,
            37.182048515109884
          ],
          [
            -112.73548892534401,
            37.18218407455
          ],
          [
            -112.735390457412,
            37.18226212773969
          ],
          [
            -112.73495747214,
            37.182538861711805
          ],
          [
            -112.734314396974,
            37.1830863562844
          ],
          [
            -112.734191420307,
            37.183176484455
          ],
          [
            -112.733803874517,
            37.1834210032128
          ],
          [
            -112.733663778655,
            37.18350146843569
          ],
          [
            -112.73351170196199,
            37.183550560553094
          ],
          [
            -112.73333963506,
            37.183562992818594
          ],
          [
            -112.73298004035,
            37.18355203129779
          ],
          [
            -112.73263903897002,
            37.183566033073
          ],
          [
            -112.73247456732201,
            37.18356573463
          ],
          [
            -112.73203755400502,
            37.1835189499109
          ],
          [
            -112.731889116387,
            37.18353013186929
          ],
          [
            -112.731566446029,
            37.1836069541121
          ],
          [
            -112.731238700189,
            37.183708184152
          ],
          [
            -112.731107219171,
            37.1837713945295
          ],
          [
            -112.731023488101,
            37.183853735197395
          ],
          [
            -112.73095419295899,
            37.1839764240646
          ],
          [
            -112.730908753477,
            37.184107776823105
          ],
          [
            -112.730919005949,
            37.18426084822369
          ],
          [
            -112.73089956371099,
            37.18434675603971
          ],
          [
            -112.730819558854,
            37.18444436516649
          ],
          [
            -112.730681757289,
            37.184576165843296
          ],
          [
            -112.730593086384,
            37.18463965174699
          ],
          [
            -112.730366485455,
            37.18477996007841
          ],
          [
            -112.730254187062,
            37.184844691807285
          ],
          [
            -112.730138201084,
            37.18489595799759
          ],
          [
            -112.72984240741998,
            37.18496607295351
          ],
          [
            -112.729456398648,
            37.18503209703531
          ],
          [
            -112.72930969927,
            37.1850702912683
          ],
          [
            -112.729182615505,
            37.1851289280523
          ],
          [
            -112.729052400213,
            37.18519842731109
          ],
          [
            -112.728941740347,
            37.18528566593071
          ],
          [
            -112.728520742194,
            37.1856946942454
          ],
          [
            -112.728417511395,
            37.18576199444549
          ],
          [
            -112.728306887461,
            37.18580146363251
          ],
          [
            -112.728186904878,
            37.1858257470128
          ],
          [
            -112.728041078663,
            37.1858035390742
          ],
          [
            -112.72773982503901,
            37.1857331257458
          ],
          [
            -112.727590640922,
            37.1857118674747
          ],
          [
            -112.72742368633101,
            37.1857016841996
          ],
          [
            -112.72725646583902,
            37.1856797889727
          ],
          [
            -112.727088877038,
            37.18569124471309
          ],
          [
            -112.726969960756,
            37.185762378760195
          ],
          [
            -112.726876846784,
            37.1858782019787
          ],
          [
            -112.72664135163501,
            37.1861231843297
          ],
          [
            -112.72643691933101,
            37.186396554848
          ],
          [
            -112.726324004693,
            37.1865333961084
          ],
          [
            -112.726178080562,
            37.1866553964502
          ],
          [
            -112.72585365758998,
            37.1869034757998
          ],
          [
            -112.72570597365902,
            37.18704713349779
          ],
          [
            -112.725546582883,
            37.1873694171183
          ],
          [
            -112.725450617658,
            37.18750871488529
          ],
          [
            -112.72537854941599,
            37.187658479521794
          ],
          [
            -112.725290446246,
            37.187796761247405
          ],
          [
            -112.725227283004,
            37.1879418893367
          ],
          [
            -112.725232999882,
            37.1880941263932
          ],
          [
            -112.725211381925,
            37.18823324176489
          ],
          [
            -112.725169307532,
            37.18836454418119
          ],
          [
            -112.725156963782,
            37.1884656698011
          ],
          [
            -112.725233019645,
            37.188738558085184
          ],
          [
            -112.72528935748798,
            37.189036069090996
          ],
          [
            -112.72528055759203,
            37.1891939252738
          ],
          [
            -112.72522650596102,
            37.189343427508
          ],
          [
            -112.725139588567,
            37.1894843955033
          ],
          [
            -112.72502099478,
            37.1896195157952
          ],
          [
            -112.72485313289101,
            37.18971839980501
          ],
          [
            -112.72456022282,
            37.1898173015761
          ],
          [
            -112.72446128327302,
            37.189875524617904
          ],
          [
            -112.72436273269601,
            37.18995086620791
          ],
          [
            -112.724244790188,
            37.19001567437081
          ],
          [
            -112.72414517510701,
            37.1900937352108
          ],
          [
            -112.72402145733,
            37.1901523180005
          ],
          [
            -112.723873822806,
            37.1901499600051
          ],
          [
            -112.723719063744,
            37.19018105548219
          ],
          [
            -112.723594423397,
            37.1902486629821
          ],
          [
            -112.723377109251,
            37.19045191449409
          ],
          [
            -112.72324718681001,
            37.1905349227125
          ],
          [
            -112.72312658079701,
            37.19063131515271
          ],
          [
            -112.723074980668,
            37.1907402208507
          ],
          [
            -112.72304334469901,
            37.1908353177533
          ],
          [
            -112.72299682184898,
            37.1909198161889
          ],
          [
            -112.722916595107,
            37.1910084107403
          ],
          [
            -112.72286331513,
            37.1911921503031
          ],
          [
            -112.722806737436,
            37.1912803981759
          ],
          [
            -112.72271838094201,
            37.191358294547804
          ],
          [
            -112.72262039989701,
            37.1914092915383
          ],
          [
            -112.72252166157199,
            37.19142695080281
          ],
          [
            -112.72244000112,
            37.191452473252305
          ],
          [
            -112.722358666756,
            37.19149241248721
          ],
          [
            -112.72194464671601,
            37.191566932369206
          ],
          [
            -112.721796107589,
            37.1916240699061
          ],
          [
            -112.72163225218598,
            37.1916516883228
          ],
          [
            -112.721483837026,
            37.191615089660594
          ],
          [
            -112.721337982065,
            37.191641544491894
          ],
          [
            -112.72117787263701,
            37.1916853314823
          ],
          [
            -112.721029557191,
            37.191752381604
          ],
          [
            -112.72091611344501,
            37.19186669141889
          ],
          [
            -112.72086845961599,
            37.192000776968385
          ],
          [
            -112.72079781160998,
            37.19211446668929
          ],
          [
            -112.720645044113,
            37.1924817138532
          ],
          [
            -112.720574599127,
            37.19260441303421
          ],
          [
            -112.720488081483,
            37.1927138261121
          ],
          [
            -112.72043985363099,
            37.1928226830078
          ],
          [
            -112.72043464879201,
            37.19294082969111
          ],
          [
            -112.72046978459801,
            37.19304937712
          ],
          [
            -112.720481084506,
            37.1931501587028
          ],
          [
            -112.720473217959,
            37.19325031758
          ],
          [
            -112.720441679906,
            37.1933499188734
          ],
          [
            -112.720339226149,
            37.1935514968453
          ],
          [
            -112.72026597572402,
            37.19364990126629
          ],
          [
            -112.720145340965,
            37.1937453887968
          ],
          [
            -112.71999949858,
            37.1938223151432
          ],
          [
            -112.719837274518,
            37.1938724410239
          ],
          [
            -112.71969540627998,
            37.1939258743403
          ],
          [
            -112.71950838153,
            37.19402502892899
          ],
          [
            -112.719411234121,
            37.1940633939335
          ],
          [
            -112.719312369135,
            37.1940756434239
          ],
          [
            -112.71918936102598,
            37.1940666133785
          ],
          [
            -112.719069262561,
            37.1940368111443
          ],
          [
            -112.718970052621,
            37.193984172929184
          ],
          [
            -112.718885935276,
            37.19390157281259
          ],
          [
            -112.71881867122399,
            37.1938169260079
          ],
          [
            -112.718737379081,
            37.1937595196358
          ],
          [
            -112.718639395341,
            37.19376094152129
          ],
          [
            -112.71834785520099,
            37.1938219537684
          ],
          [
            -112.718237420811,
            37.1938208524699
          ],
          [
            -112.718108411956,
            37.19384525635349
          ],
          [
            -112.717973322406,
            37.1938499198751
          ],
          [
            -112.71783678117701,
            37.193840183512094
          ],
          [
            -112.717545182646,
            37.19384891876009
          ],
          [
            -112.71701518112,
            37.1939269062248
          ],
          [
            -112.71687709928099,
            37.1939487353728
          ],
          [
            -112.716760641688,
            37.1939801663293
          ],
          [
            -112.716690809353,
            37.194030751514994
          ],
          [
            -112.71660269181002,
            37.1940698821993
          ],
          [
            -112.71651484376198,
            37.1940711566672
          ],
          [
            -112.716424089663,
            37.194043629300005
          ],
          [
            -112.71625141011002,
            37.193980337355896
          ],
          [
            -112.716099658607,
            37.193896009793896
          ],
          [
            -112.715149081136,
            37.194257682438206
          ],
          [
            -112.715066552911,
            37.1942949310055
          ],
          [
            -112.71500358011102,
            37.194349919712394
          ],
          [
            -112.714970046002,
            37.19446126592501
          ],
          [
            -112.714958156799,
            37.19458311391929
          ],
          [
            -112.71490494149998,
            37.1947208827701
          ],
          [
            -112.71477188843,
            37.194815643343794
          ],
          [
            -112.714478796899,
            37.1949577861281
          ],
          [
            -112.71435207246,
            37.1950335269508
          ],
          [
            -112.71419090751098,
            37.195080924945906
          ],
          [
            -112.71401571716599,
            37.1951059931972
          ],
          [
            -112.713896367896,
            37.1951590943266
          ],
          [
            -112.71379252803901,
            37.1953003004862
          ],
          [
            -112.713623573799,
            37.1954018876683
          ],
          [
            -112.71361803838,
            37.19545604692949
          ],
          [
            -112.71366715197202,
            37.195734740459606
          ],
          [
            -112.713685460535,
            37.19589670935309
          ],
          [
            -112.71367685287798,
            37.195964431236
          ],
          [
            -112.713632982753,
            37.1960173414193
          ],
          [
            -112.713553340815,
            37.196032915143
          ],
          [
            -112.713373873591,
            37.196018386870996
          ],
          [
            -112.713179086498,
            37.1960239082301
          ]
        ],
        "type": "LineString"
      }
    },
    {
      "type": "Feature",
      "properties": {
        "id": "03-mount-carmel-poverty-flat-01",
        "name": "Poverty Flat",
        "label": "Poverty Flat [map section]",
        "component": 1,
        "component_count": 1,
        "map_clipped": true,
        "source": "state-trails.geojson",
        "source_ids": [
          47928,
          47929
        ],
        "published_horse_status": "HorseAllowed=Yes; current permission unverified",
        "direction": "Start at westernmost endpoint (southwest if equal longitude), follow source geometry",
        "start_wgs84": [
          -112.81977863262385,
          37.19554538947519
        ],
        "end_wgs84": [
          -112.801286570912,
          37.228335679346905
        ],
        "distance_miles": 6.9592825822416815,
        "ascent_ft": 1081.3838551273964,
        "descent_ft": 469.63078403476806,
        "sample_spacing_m": 29.946202320949617,
        "valid_samples": 374,
        "sample_count": 375,
        "shorter_than_two_output_pixels": false,
        "gap_samples": 1,
        "gap_count": 1,
        "relative_zero": "first valid sample",
        "dem_file": "03-mount-carmel-dem.tif",
        "dem_source": "USGS 3DEP ImageServer mosaic; native sources unresolved; not verified lidar",
        "dem_output_pixel_m": 10.0,
        "smoothing": "3-sample median then 3-sample moving mean, segment endpoints retained; 3m reversal threshold for totals",
        "csv": "sources/profiles/03-mount-carmel-poverty-flat-01.csv",
        "shown_on_page": true
      },
      "geometry": {
        "coordinates": [
          [
            -112.81977863262384,
            37.19554538947519
          ],
          [
            -112.819754323372,
            37.195539319419304
          ],
          [
            -112.81963804274703,
            37.19552938935271
          ],
          [
            -112.81952665434602,
            37.195535607004196
          ],
          [
            -112.81942824121201,
            37.1955190929091
          ],
          [
            -112.81936328852501,
            37.19548854561619
          ],
          [
            -112.819303166978,
            37.1954714433058
          ],
          [
            -112.81924176623,
            37.195494919267084
          ],
          [
            -112.819203471948,
            37.195542374218604
          ],
          [
            -112.81916032496702,
            37.19566921733579
          ],
          [
            -112.819098661911,
            37.1957287496618
          ],
          [
            -112.819018070453,
            37.19575071639489
          ],
          [
            -112.818949999714,
            37.195731031632
          ],
          [
            -112.818893193849,
            37.1956643077684
          ],
          [
            -112.81887636930199,
            37.1955735354548
          ],
          [
            -112.818874382229,
            37.195443780489285
          ],
          [
            -112.818903602628,
            37.1953468940029
          ],
          [
            -112.81898859223702,
            37.19527348628469
          ],
          [
            -112.819114754331,
            37.19513184857949
          ],
          [
            -112.819214925468,
            37.195080738178994
          ],
          [
            -112.819398199752,
            37.1949247032971
          ],
          [
            -112.81945358268601,
            37.19483823003821
          ],
          [
            -112.819440742168,
            37.1947257659222
          ],
          [
            -112.81933496913598,
            37.194637261603
          ],
          [
            -112.819173902104,
            37.1945919678686
          ],
          [
            -112.81900092161499,
            37.1945666847706
          ],
          [
            -112.818854582462,
            37.1945247685641
          ],
          [
            -112.818742052303,
            37.1944363677694
          ],
          [
            -112.81863584628302,
            37.1943298438728
          ],
          [
            -112.81850761626801,
            37.19424438893209
          ],
          [
            -112.81810466167602,
            37.1940721191373
          ],
          [
            -112.817750111006,
            37.1939450715398
          ],
          [
            -112.817639878738,
            37.19385843686601
          ],
          [
            -112.817539587226,
            37.19376353769679
          ],
          [
            -112.81742597819,
            37.1936769550532
          ],
          [
            -112.816893025699,
            37.1933922135677
          ],
          [
            -112.816684328194,
            37.193192623821695
          ],
          [
            -112.81660892360901,
            37.19310184853641
          ],
          [
            -112.816393249787,
            37.1929402199983
          ],
          [
            -112.816287003343,
            37.1928787590715
          ],
          [
            -112.81619648011201,
            37.1928152543324
          ],
          [
            -112.81609045016299,
            37.1927628027537
          ],
          [
            -112.815981408162,
            37.19272571945061
          ],
          [
            -112.81578554398901,
            37.1926854602774
          ],
          [
            -112.815690318976,
            37.19266078408919
          ],
          [
            -112.81555000662,
            37.19258812657599
          ],
          [
            -112.81543308729202,
            37.1925042962366
          ],
          [
            -112.815066350078,
            37.192197169661796
          ],
          [
            -112.81471308849001,
            37.1918880323997
          ],
          [
            -112.81448934959398,
            37.191671545181
          ],
          [
            -112.814341562357,
            37.1912393868331
          ],
          [
            -112.81421726157299,
            37.190941161015395
          ],
          [
            -112.814142061804,
            37.1908116256565
          ],
          [
            -112.81405159157302,
            37.1907030535419
          ],
          [
            -112.81383303056602,
            37.1905144257867
          ],
          [
            -112.81374033161498,
            37.19040678928349
          ],
          [
            -112.813675676271,
            37.19029421694769
          ],
          [
            -112.813628891113,
            37.190175061381304
          ],
          [
            -112.813604541379,
            37.1900519575001
          ],
          [
            -112.813603819133,
            37.1899275903305
          ],
          [
            -112.813572927867,
            37.1898136003298
          ],
          [
            -112.81352845946398,
            37.1896971133148
          ],
          [
            -112.81325813932699,
            37.189369576842985
          ],
          [
            -112.813178344675,
            37.18928337202641
          ],
          [
            -112.813042562523,
            37.1892584120498
          ],
          [
            -112.812922224208,
            37.189219696088486
          ],
          [
            -112.812726897227,
            37.1891073202148
          ],
          [
            -112.81264377072401,
            37.1890229693195
          ],
          [
            -112.81232178757702,
            37.18884313187699
          ],
          [
            -112.812276037278,
            37.18876722239379
          ],
          [
            -112.81209492883202,
            37.1885897352301
          ],
          [
            -112.811917295069,
            37.18851043477141
          ],
          [
            -112.81179544938098,
            37.188408650102595
          ],
          [
            -112.81178034331099,
            37.188342185988
          ],
          [
            -112.811799036354,
            37.1879930997509
          ],
          [
            -112.811784712716,
            37.1879122027673
          ],
          [
            -112.81175825823,
            37.187842306673
          ],
          [
            -112.81169815105602,
            37.18777833324061
          ],
          [
            -112.811583120885,
            37.1877260148525
          ],
          [
            -112.811441603889,
            37.187696635212696
          ],
          [
            -112.811274287277,
            37.1877190215074
          ],
          [
            -112.810996799482,
            37.1877980716037
          ],
          [
            -112.81062056977001,
            37.1877993175515
          ],
          [
            -112.81048842130399,
            37.1878319812708
          ],
          [
            -112.81045164697102,
            37.18784876684729
          ],
          [
            -112.81035103476098,
            37.1878340824201
          ],
          [
            -112.810230126015,
            37.1877241691877
          ],
          [
            -112.810167164893,
            37.1876350032709
          ],
          [
            -112.81014885543101,
            37.1874342940526
          ],
          [
            -112.810063695142,
            37.18735898573449
          ],
          [
            -112.809935648383,
            37.187327594245396
          ],
          [
            -112.809846428608,
            37.1873181433035
          ],
          [
            -112.809692074686,
            37.187270028357986
          ],
          [
            -112.809674330264,
            37.1871873808198
          ],
          [
            -112.809836972043,
            37.187016353766694
          ],
          [
            -112.810157029202,
            37.1868330069597
          ],
          [
            -112.81028904741301,
            37.18679493742739
          ],
          [
            -112.810384859026,
            37.18675021080149
          ],
          [
            -112.810450166547,
            37.18665457701779
          ],
          [
            -112.81047894317899,
            37.1865387721659
          ],
          [
            -112.81044162536499,
            37.1864383975594
          ],
          [
            -112.81036229783801,
            37.1863242448456
          ],
          [
            -112.810165283821,
            37.1861406880994
          ],
          [
            -112.81012928563301,
            37.1860484050136
          ],
          [
            -112.810159855302,
            37.1859605138701
          ],
          [
            -112.810221783361,
            37.18586493061449
          ],
          [
            -112.81020369578299,
            37.18576786723279
          ],
          [
            -112.81014368383,
            37.18566062974939
          ],
          [
            -112.810049259216,
            37.1855746468511
          ],
          [
            -112.80983319732202,
            37.1854896221404
          ],
          [
            -112.809760597277,
            37.18542133192162
          ],
          [
            -112.80953352473298,
            37.185016515317095
          ],
          [
            -112.80945679064101,
            37.1848221071333
          ],
          [
            -112.809385799479,
            37.1847267536016
          ],
          [
            -112.809253341094,
            37.18469903531971
          ],
          [
            -112.809137090113,
            37.1847368618617
          ],
          [
            -112.809018364274,
            37.18481258073151
          ],
          [
            -112.808929246008,
            37.184854500182404
          ],
          [
            -112.808824422495,
            37.184804727586105
          ],
          [
            -112.808784201327,
            37.184724225105
          ],
          [
            -112.80868830078,
            37.18467071084639
          ],
          [
            -112.80859168337801,
            37.1846343320931
          ],
          [
            -112.80863340653,
            37.1845417630411
          ],
          [
            -112.808711968693,
            37.18443511210779
          ],
          [
            -112.808706794397,
            37.1843126150732
          ],
          [
            -112.808610967513,
            37.18421493635471
          ],
          [
            -112.808372248311,
            37.184077078198
          ],
          [
            -112.808265633558,
            37.183999391883994
          ],
          [
            -112.808183535626,
            37.18391051714839
          ],
          [
            -112.80808047101499,
            37.18383998611349
          ],
          [
            -112.807899341907,
            37.183660689556795
          ],
          [
            -112.807750739,
            37.1834754888347
          ],
          [
            -112.807396572809,
            37.1831726511955
          ],
          [
            -112.807304985973,
            37.1831109583062
          ],
          [
            -112.807210450866,
            37.1830673359638
          ],
          [
            -112.80701148211502,
            37.1829901574711
          ],
          [
            -112.80650280839001,
            37.1828212622812
          ],
          [
            -112.806394106851,
            37.1827976836132
          ],
          [
            -112.806269813253,
            37.1827815532092
          ],
          [
            -112.80615168659,
            37.1827878620885
          ],
          [
            -112.80604284760902,
            37.182805743803996
          ],
          [
            -112.80569323947,
            37.1828831772733
          ],
          [
            -112.805292015931,
            37.18301637556579
          ],
          [
            -112.80521782497,
            37.1830229141638
          ],
          [
            -112.804905504102,
            37.18301054908479
          ],
          [
            -112.804785295144,
            37.18302409792479
          ],
          [
            -112.804574843229,
            37.1830795793653
          ],
          [
            -112.804500963984,
            37.18314649899901
          ],
          [
            -112.804393087098,
            37.1832995608967
          ],
          [
            -112.804305683716,
            37.18331891825029
          ],
          [
            -112.804249221007,
            37.183265700724505
          ],
          [
            -112.804165733381,
            37.1832128939697
          ],
          [
            -112.804070115804,
            37.18317108811869
          ],
          [
            -112.803961586741,
            37.183154715174
          ],
          [
            -112.803836070536,
            37.18318186289861
          ],
          [
            -112.80373097214002,
            37.1832150088457
          ],
          [
            -112.80351444761301,
            37.1832994220522
          ],
          [
            -112.80342231460101,
            37.183356705404805
          ],
          [
            -112.80326673358101,
            37.18349336680889
          ],
          [
            -112.803023960282,
            37.18375302995249
          ],
          [
            -112.80293355113699,
            37.18383552236639
          ],
          [
            -112.802827164556,
            37.1839092453717
          ],
          [
            -112.802713527672,
            37.18396234864981
          ],
          [
            -112.80189300739,
            37.184180328702205
          ],
          [
            -112.801662108921,
            37.18422890580119
          ],
          [
            -112.801570036994,
            37.1842888901556
          ],
          [
            -112.801469427479,
            37.1843688327209
          ],
          [
            -112.80120356657899,
            37.18460541000199
          ],
          [
            -112.800938866303,
            37.184796002742694
          ],
          [
            -112.800799236667,
            37.18494053041961
          ],
          [
            -112.800637232692,
            37.18509170645309
          ],
          [
            -112.800347907796,
            37.18543138569759
          ],
          [
            -112.80028789853898,
            37.18551341466971
          ],
          [
            -112.800138344315,
            37.18566710513949
          ],
          [
            -112.800009422597,
            37.1858358035976
          ],
          [
            -112.79995192143599,
            37.18592860938111
          ],
          [
            -112.799672582214,
            37.1863095951895
          ],
          [
            -112.799615401751,
            37.18641591498611
          ],
          [
            -112.799572817115,
            37.1865202107389
          ],
          [
            -112.799459850375,
            37.18698158709039
          ],
          [
            -112.799463221752,
            37.187076171306
          ],
          [
            -112.799491047966,
            37.187156865223095
          ],
          [
            -112.79958606816402,
            37.18731585177551
          ],
          [
            -112.799569761944,
            37.1873882030521
          ],
          [
            -112.799496565419,
            37.187531719559985
          ],
          [
            -112.799482767296,
            37.187614848355494
          ],
          [
            -112.799497121476,
            37.18769754909981
          ],
          [
            -112.799572657215,
            37.187842411158
          ],
          [
            -112.79965521328802,
            37.18790334588769
          ],
          [
            -112.79975034218101,
            37.18792443321739
          ],
          [
            -112.799841557115,
            37.1879230470044
          ],
          [
            -112.799927463006,
            37.1879352609927
          ],
          [
            -112.800092355963,
            37.188000352135596
          ],
          [
            -112.80015068537101,
            37.1880373196774
          ],
          [
            -112.80020280203,
            37.1881446826025
          ],
          [
            -112.800229674234,
            37.18823260126119
          ],
          [
            -112.800196368296,
            37.1883007043013
          ],
          [
            -112.800040957057,
            37.18839770216668
          ],
          [
            -112.799850420792,
            37.18848622167189
          ],
          [
            -112.799804342608,
            37.1885382947832
          ],
          [
            -112.799848569364,
            37.18859801021131
          ],
          [
            -112.80003245630002,
            37.1886565025592
          ],
          [
            -112.800112312037,
            37.18869855083899
          ],
          [
            -112.800169688332,
            37.1887427438736
          ],
          [
            -112.800193752402,
            37.188807271110804
          ],
          [
            -112.800153368638,
            37.18886196252961
          ],
          [
            -112.79998965966098,
            37.188894194258204
          ],
          [
            -112.799928406237,
            37.1889239656028
          ],
          [
            -112.799881743249,
            37.1890463492433
          ],
          [
            -112.800615106288,
            37.189377693583296
          ],
          [
            -112.800700864855,
            37.18938360044
          ],
          [
            -112.800737287048,
            37.189399269995995
          ],
          [
            -112.80077581938399,
            37.1894563669507
          ],
          [
            -112.800762891728,
            37.18952866679769
          ],
          [
            -112.80070550285699,
            37.18967374647381
          ],
          [
            -112.80066631025899,
            37.1897311237489
          ],
          [
            -112.800587950217,
            37.18975214329881
          ],
          [
            -112.800490995946,
            37.18974911188099
          ],
          [
            -112.800390982913,
            37.1897596438387
          ],
          [
            -112.800315218103,
            37.18979504471711
          ],
          [
            -112.80029319500602,
            37.1898638777231
          ],
          [
            -112.80035520391299,
            37.18991340796449
          ],
          [
            -112.800429323907,
            37.189951036527894
          ],
          [
            -112.800588483816,
            37.19001170763569
          ],
          [
            -112.80062926732998,
            37.190068770492694
          ],
          [
            -112.800596574942,
            37.1901152334153
          ],
          [
            -112.80053699597698,
            37.190120645714885
          ],
          [
            -112.80046914802,
            37.190109959947286
          ],
          [
            -112.800399284244,
            37.1901092207028
          ],
          [
            -112.800331444372,
            37.1901463024284
          ],
          [
            -112.80033411236901,
            37.1902111562238
          ],
          [
            -112.800366401413,
            37.190289978288895
          ],
          [
            -112.800369346091,
            37.1903665431864
          ],
          [
            -112.80034970263002,
            37.19044074787289
          ],
          [
            -112.80028133005702,
            37.190597710883
          ],
          [
            -112.800284082495,
            37.1906661674549
          ],
          [
            -112.800327377699,
            37.1907340078136
          ],
          [
            -112.80035509791202,
            37.1908101958435
          ],
          [
            -112.80041152109503,
            37.19086161327411
          ],
          [
            -112.800465185552,
            37.19093921023291
          ],
          [
            -112.800497625513,
            37.1910243397292
          ],
          [
            -112.800552267337,
            37.1910956125924
          ],
          [
            -112.800630721702,
            37.1911259648674
          ],
          [
            -112.80072897583499,
            37.19113618820129
          ],
          [
            -112.801223085174,
            37.1911169580847
          ],
          [
            -112.801286479283,
            37.191177281896394
          ],
          [
            -112.80136846312898,
            37.191213889358195
          ],
          [
            -112.80141828010198,
            37.1912717155866
          ],
          [
            -112.80136421859001,
            37.1913671732063
          ],
          [
            -112.801353714589,
            37.191446646706495
          ],
          [
            -112.80139231339999,
            37.1915064464241
          ],
          [
            -112.80138367699699,
            37.191569668165
          ],
          [
            -112.80133113184101,
            37.191586691926105
          ],
          [
            -112.801214600586,
            37.19156593050829
          ],
          [
            -112.801031026264,
            37.191520954095886
          ],
          [
            -112.8009381746,
            37.19154850313561
          ],
          [
            -112.80088960269299,
            37.1916853372072
          ],
          [
            -112.800884836232,
            37.19176922999859
          ],
          [
            -112.80092575089999,
            37.1918316979796
          ],
          [
            -112.801330830906,
            37.1920481575458
          ],
          [
            -112.80130536636202,
            37.1921143400263
          ],
          [
            -112.80130176861,
            37.1922000163542
          ],
          [
            -112.80131822933902,
            37.192276376082205
          ],
          [
            -112.801355552542,
            37.1923298870981
          ],
          [
            -112.80132878903498,
            37.19238887676461
          ],
          [
            -112.801253870439,
            37.1924125490451
          ],
          [
            -112.801165706183,
            37.19240037013011
          ],
          [
            -112.80106574615002,
            37.19236583850479
          ],
          [
            -112.800925697001,
            37.1922562080934
          ],
          [
            -112.800838046582,
            37.19226565340799
          ],
          [
            -112.800774376689,
            37.1923360198559
          ],
          [
            -112.800750571334,
            37.1924247086369
          ],
          [
            -112.80066760113802,
            37.192583696263796
          ],
          [
            -112.80085845271199,
            37.1927925983348
          ],
          [
            -112.80109441947602,
            37.19314592235111
          ],
          [
            -112.801173955413,
            37.1935061308999
          ],
          [
            -112.80122317770001,
            37.1936811341275
          ],
          [
            -112.801274316094,
            37.19374705255349
          ],
          [
            -112.801278045899,
            37.193809184715896
          ],
          [
            -112.801258402439,
            37.1938833895972
          ],
          [
            -112.801336590903,
            37.19394979731179
          ],
          [
            -112.801450175684,
            37.1939886274893
          ],
          [
            -112.801571963881,
            37.194040852805095
          ],
          [
            -112.80173569801099,
            37.1941987922675
          ],
          [
            -112.80178169714301,
            37.194285517430586
          ],
          [
            -112.801808419328,
            37.1944617646894
          ],
          [
            -112.801753543942,
            37.19452298603709
          ],
          [
            -112.80158428697,
            37.1946066767427
          ],
          [
            -112.80156776605301,
            37.19467001896841
          ],
          [
            -112.80161452785501,
            37.19474141075529
          ],
          [
            -112.801679943174,
            37.194791789342695
          ],
          [
            -112.80176163057601,
            37.19481578288269
          ],
          [
            -112.80185321920999,
            37.19482971172669
          ],
          [
            -112.80194336874202,
            37.1948779113033
          ],
          [
            -112.80200906253802,
            37.19494000174681
          ],
          [
            -112.80206141276,
            37.19500950628791
          ],
          [
            -112.802084417716,
            37.19507675310489
          ],
          [
            -112.802088147521,
            37.195138885604095
          ],
          [
            -112.80210124406,
            37.1951684290787
          ],
          [
            -112.802190028152,
            37.19530137027769
          ],
          [
            -112.80217193248902,
            37.19534580918501
          ],
          [
            -112.80200929340499,
            37.1953762241536
          ],
          [
            -112.801875682482,
            37.19530074557671
          ],
          [
            -112.801739999144,
            37.1952802785679
          ],
          [
            -112.801598951068,
            37.19531847477341
          ],
          [
            -112.80150567629802,
            37.19537577405449
          ],
          [
            -112.801452267861,
            37.1954513935252
          ],
          [
            -112.801456598639,
            37.1955387541132
          ],
          [
            -112.80150336583101,
            37.195752548983194
          ],
          [
            -112.801630135185,
            37.196061566664596
          ],
          [
            -112.801471172906,
            37.196104543926594
          ],
          [
            -112.80129281959302,
            37.19609013087549
          ],
          [
            -112.80126796051398,
            37.1962293080818
          ],
          [
            -112.801298956883,
            37.196300940256904
          ],
          [
            -112.801294070946,
            37.196427195333186
          ],
          [
            -112.80137824757999,
            37.1966981063574
          ],
          [
            -112.801457831127,
            37.196823075614496
          ],
          [
            -112.80150397399,
            37.1968683393877
          ],
          [
            -112.801571579402,
            37.196915980953804
          ],
          [
            -112.80163775738998,
            37.1969510271351
          ],
          [
            -112.80166394867099,
            37.1970101126544
          ],
          [
            -112.801650100242,
            37.1970436711364
          ],
          [
            -112.801474335874,
            37.1971382770955
          ],
          [
            -112.80145226067401,
            37.19715754002549
          ],
          [
            -112.801453695284,
            37.1972179055224
          ],
          [
            -112.80149015251102,
            37.197282243048996
          ],
          [
            -112.801498793406,
            37.1973614262457
          ],
          [
            -112.80149476895302,
            37.19742908312989
          ],
          [
            -112.801436508716,
            37.1975849919066
          ],
          [
            -112.801493365785,
            37.1976544274657
          ],
          [
            -112.80157391771601,
            37.19772530552311
          ],
          [
            -112.80166780963,
            37.197883406148705
          ],
          [
            -112.80173361212299,
            37.1979500021134
          ],
          [
            -112.80190834253001,
            37.1980014211218
          ],
          [
            -112.80222547387699,
            37.198166038420496
          ],
          [
            -112.802299388157,
            37.1981946562171
          ],
          [
            -112.802557496596,
            37.19819883933471
          ],
          [
            -112.80285752222301,
            37.1982600669541
          ],
          [
            -112.803053064799,
            37.1982390640838
          ],
          [
            -112.80313930486298,
            37.19826479030929
          ],
          [
            -112.80319105950099,
            37.198309066473286
          ],
          [
            -112.803262762129,
            37.1984341568537
          ],
          [
            -112.803271449736,
            37.198515139879206
          ],
          [
            -112.80321159498799,
            37.19855661023
          ],
          [
            -112.803153029323,
            37.19855750108811
          ],
          [
            -112.80309628634,
            37.1985403400823
          ],
          [
            -112.80300579904201,
            37.198525493158094
          ],
          [
            -112.802914677532,
            37.1985313871348
          ],
          [
            -112.802648510307,
            37.198614752115795
          ],
          [
            -112.80256398422898,
            37.19866110459391
          ],
          [
            -112.802512035554,
            37.1987033533799
          ],
          [
            -112.802507882643,
            37.198765605968504
          ],
          [
            -112.80253539444598,
            37.19883278432509
          ],
          [
            -112.80260575768598,
            37.1989488808691
          ],
          [
            -112.80273419431401,
            37.1990433642291
          ],
          [
            -112.80281293614,
            37.19908542747541
          ],
          [
            -112.802889995422,
            37.1991040831276
          ],
          [
            -112.80298118160998,
            37.19910089323469
          ],
          [
            -112.803199101219,
            37.1990732396191
          ],
          [
            -112.80330308301,
            37.1990869780585
          ],
          [
            -112.803408471563,
            37.199112412053395
          ],
          [
            -112.803691916984,
            37.19923427615369
          ],
          [
            -112.803901288226,
            37.19927344922001
          ],
          [
            -112.803962922536,
            37.19930675840309
          ],
          [
            -112.804015149688,
            37.1993708558742
          ],
          [
            -112.804044873144,
            37.1994361976157
          ],
          [
            -112.804027119739,
            37.19949505150159
          ],
          [
            -112.80397391521998,
            37.1995319139557
          ],
          [
            -112.803896222626,
            37.1995339983221
          ],
          [
            -112.803820515309,
            37.19957210579519
          ],
          [
            -112.80379219681801,
            37.199613094007795
          ],
          [
            -112.80380485318202,
            37.1996714855181
          ],
          [
            -112.80384317890501,
            37.1997195710951
          ],
          [
            -112.803890235355,
            37.199755807344495
          ],
          [
            -112.80397632629798,
            37.199869862475204
          ],
          [
            -112.804011820532,
            37.1999882922153
          ],
          [
            -112.80407564403602,
            37.2001135007383
          ],
          [
            -112.804085940526,
            37.200167420493386
          ],
          [
            -112.804055272042,
            37.2002517074202
          ],
          [
            -112.804045661865,
            37.2003212535805
          ],
          [
            -112.804077111883,
            37.20041180481061
          ],
          [
            -112.804069109691,
            37.20045428731089
          ],
          [
            -112.80403820494999,
            37.20052866382769
          ],
          [
            -112.80403284200803,
            37.20058732939311
          ],
          [
            -112.80401760927501,
            37.2006100939586
          ],
          [
            -112.803943273686,
            37.2006112273568
          ],
          [
            -112.80387785118,
            37.2005608490752
          ],
          [
            -112.803741945061,
            37.200436738203095
          ],
          [
            -112.80363611812999,
            37.2002508816956
          ],
          [
            -112.803461500012,
            37.2000624674106
          ],
          [
            -112.803390277085,
            37.20000496775919
          ],
          [
            -112.803314761109,
            37.1999565467779
          ],
          [
            -112.80316297008,
            37.199875037948594
          ],
          [
            -112.802912409286,
            37.1998094533045
          ],
          [
            -112.802841507956,
            37.1997654678132
          ],
          [
            -112.802678185254,
            37.199720185742
          ],
          [
            -112.802500016096,
            37.1997138847171
          ],
          [
            -112.80241801158799,
            37.1997241455272
          ],
          [
            -112.80234185152,
            37.199743330519304
          ],
          [
            -112.802272836652,
            37.1997786308348
          ],
          [
            -112.802223267614,
            37.1998262512447
          ],
          [
            -112.80214277137802,
            37.19994734785411
          ],
          [
            -112.802091163165,
            37.20000401323559
          ],
          [
            -112.801944805148,
            37.20010357985979
          ],
          [
            -112.80190714238101,
            37.20017805904339
          ],
          [
            -112.80189872876,
            37.2002980588932
          ],
          [
            -112.801846311165,
            37.2004628922825
          ],
          [
            -112.801811340649,
            37.20050848802591
          ],
          [
            -112.801707074991,
            37.20057767117619
          ],
          [
            -112.801670023079,
            37.2006305094354
          ],
          [
            -112.80165103538901,
            37.20068487602651
          ],
          [
            -112.80167419934702,
            37.2008061980806
          ],
          [
            -112.801660188323,
            37.2008803180921
          ],
          [
            -112.801615294118,
            37.2009350773272
          ],
          [
            -112.801629505466,
            37.20101147115191
          ],
          [
            -112.801595691082,
            37.2011057201003
          ],
          [
            -112.80155585888399,
            37.201183836733605
          ],
          [
            -112.801418504681,
            37.201377901558594
          ],
          [
            -112.801349358658,
            37.201407794628196
          ],
          [
            -112.801272555396,
            37.20139994964839
          ],
          [
            -112.801195065822,
            37.2013632741422
          ],
          [
            -112.80114658194898,
            37.2013144404602
          ],
          [
            -112.801067465526,
            37.2012092914877
          ],
          [
            -112.801014862877,
            37.20117674374599
          ],
          [
            -112.800801300097,
            37.2010087457156
          ],
          [
            -112.800533034407,
            37.2008145404136
          ],
          [
            -112.800333842874,
            37.2005399706317
          ],
          [
            -112.800315405851,
            37.200475358255794
          ],
          [
            -112.80031792113402,
            37.2003914994664
          ],
          [
            -112.80020514304,
            37.2001498655946
          ],
          [
            -112.80014588297702,
            37.200074156379685
          ],
          [
            -112.800109212849,
            37.200000807638894
          ],
          [
            -112.800088458173,
            37.19979112196481
          ],
          [
            -112.800060969725,
            37.1997248446075
          ],
          [
            -112.79994414561898,
            37.1995499670136
          ],
          [
            -112.799900710278,
            37.1994289527693
          ],
          [
            -112.799795335201,
            37.199214243830006
          ],
          [
            -112.799759051348,
            37.19915711275271
          ],
          [
            -112.799690718301,
            37.199078837317906
          ],
          [
            -112.79966158952898,
            37.1989909534701
          ],
          [
            -112.799500991418,
            37.1986806454832
          ],
          [
            -112.79921123712803,
            37.1982452171125
          ],
          [
            -112.79911117558501,
            37.1981593129434
          ],
          [
            -112.799052773414,
            37.1981196419897
          ],
          [
            -112.798605174349,
            37.19796420658311
          ],
          [
            -112.798536150497,
            37.197951735901796
          ],
          [
            -112.79840763571599,
            37.197996048027086
          ],
          [
            -112.79825794854199,
            37.1980028271853
          ],
          [
            -112.798191134546,
            37.1979885196831
          ],
          [
            -112.79804316584898,
            37.1979727409988
          ],
          [
            -112.79789466265399,
            37.1979344380874
          ],
          [
            -112.797842954728,
            37.19789195989339
          ],
          [
            -112.797769600099,
            37.1977443600763
          ],
          [
            -112.797726923835,
            37.197702647421096
          ],
          [
            -112.797652754433,
            37.19766321522359
          ],
          [
            -112.79760984999703,
            37.197659359801605
          ],
          [
            -112.797492610869,
            37.1976566328131
          ],
          [
            -112.797452492109,
            37.1976752673517
          ],
          [
            -112.797387474743,
            37.197736640653694
          ],
          [
            -112.797216563074,
            37.1979411242291
          ],
          [
            -112.797099607814,
            37.1979978776986
          ],
          [
            -112.797072391556,
            37.19803794871069
          ],
          [
            -112.79706436420999,
            37.1980795288033
          ],
          [
            -112.797042585455,
            37.1981114045452
          ],
          [
            -112.79699469087701,
            37.19813466358859
          ],
          [
            -112.79692031306601,
            37.198133989537986
          ],
          [
            -112.796777484529,
            37.198097401173605
          ],
          [
            -112.79670300071798,
            37.198092222000504
          ],
          [
            -112.79638512017601,
            37.19813309581269
          ],
          [
            -112.79630664425102,
            37.198149607904895
          ],
          [
            -112.795902029573,
            37.198286432875314
          ],
          [
            -112.79557165526201,
            37.198370754817695
          ],
          [
            -112.79497804852299,
            37.19842481821209
          ],
          [
            -112.794728121939,
            37.198433112150894
          ],
          [
            -112.79448677785999,
            37.198423249726694
          ],
          [
            -112.79436975073499,
            37.1984295293927
          ],
          [
            -112.794257870058,
            37.1984627709709
          ],
          [
            -112.79403908087902,
            37.19854900323159
          ],
          [
            -112.79392167556301,
            37.1985868335691
          ],
          [
            -112.79382020636,
            37.198631632609796
          ],
          [
            -112.793707134516,
            37.1986621865019
          ],
          [
            -112.793614826333,
            37.19871315566159
          ],
          [
            -112.793552312572,
            37.1987853042511
          ],
          [
            -112.79346349614,
            37.19893626437919
          ],
          [
            -112.793435983438,
            37.19901148816519
          ],
          [
            -112.793428678338,
            37.1990837022996
          ],
          [
            -112.79348060904601,
            37.199278497367885
          ],
          [
            -112.79339472741002,
            37.1994582527125
          ],
          [
            -112.793375139645,
            37.19953516035812
          ],
          [
            -112.793366268782,
            37.199684006718485
          ],
          [
            -112.79320280235,
            37.1999181146456
          ],
          [
            -112.79316547106099,
            37.2000070063183
          ],
          [
            -112.79312472527702,
            37.20018968431229
          ],
          [
            -112.793123436194,
            37.2002780304294
          ],
          [
            -112.793143524321,
            37.2003651521687
          ],
          [
            -112.79317028603101,
            37.200448568073895
          ],
          [
            -112.79321500506401,
            37.20052900728211
          ],
          [
            -112.79340589975702,
            37.2007397219822
          ],
          [
            -112.793504898593,
            37.2008761215282
          ],
          [
            -112.79372287389901,
            37.20113599679868
          ],
          [
            -112.793862267278,
            37.2012177053285
          ],
          [
            -112.793908429005,
            37.2012638744654
          ],
          [
            -112.79407069259298,
            37.20159759724131
          ],
          [
            -112.79414344714802,
            37.20171997250289
          ],
          [
            -112.79419415704598,
            37.20176787503329
          ],
          [
            -112.79425349346602,
            37.2017994215105
          ],
          [
            -112.79438398184499,
            37.2018380036591
          ],
          [
            -112.79444791045302,
            37.20187308547771
          ],
          [
            -112.794495326228,
            37.201924642055104
          ],
          [
            -112.794607444061,
            37.20209148463659
          ],
          [
            -112.794635926943,
            37.2021523413241
          ],
          [
            -112.79467404425701,
            37.2022869574047
          ],
          [
            -112.79472133426898,
            37.2023331079998
          ],
          [
            -112.79479391005901,
            37.20235273737771
          ],
          [
            -112.79504103659399,
            37.202463456446694
          ],
          [
            -112.795127768934,
            37.2025099110261
          ],
          [
            -112.795204663824,
            37.20256913100339
          ],
          [
            -112.795255738438,
            37.202632348489
          ],
          [
            -112.79527982406802,
            37.2026977775613
          ],
          [
            -112.795280426837,
            37.202770773082094
          ],
          [
            -112.79525466315502,
            37.20291987708439
          ],
          [
            -112.79527201231801,
            37.2029863097634
          ],
          [
            -112.795302769735,
            37.203048032207285
          ],
          [
            -112.795362450209,
            37.20309399487449
          ],
          [
            -112.795439787968,
            37.203124367368595
          ],
          [
            -112.79560525944001,
            37.20316512182859
          ],
          [
            -112.795673481995,
            37.203191126137696
          ],
          [
            -112.795751183572,
            37.2032368139641
          ],
          [
            -112.79597599505601,
            37.203499286249006
          ],
          [
            -112.796093446187,
            37.20360565983069
          ],
          [
            -112.796166022875,
            37.203625288877596
          ],
          [
            -112.79624480422702,
            37.2036213901146
          ],
          [
            -112.796317212032,
            37.2036338112052
          ],
          [
            -112.796390067199,
            37.2036651522694
          ],
          [
            -112.796467662774,
            37.20370633716831
          ],
          [
            -112.796671722278,
            37.20385375718549
          ],
          [
            -112.79674370877301,
            37.20389592579139
          ],
          [
            -112.796809677454,
            37.203921964908105
          ],
          [
            -112.79687290357899,
            37.2039273132541
          ],
          [
            -112.79700393993099,
            37.2038937800127
          ],
          [
            -112.797081401658,
            37.2038817889793
          ],
          [
            -112.79715708112701,
            37.2038896537351
          ],
          [
            -112.797303449925,
            37.20393249703529
          ],
          [
            -112.79744348829499,
            37.20399346170939
          ],
          [
            -112.797561378701,
            37.204023217798785
          ],
          [
            -112.797638655375,
            37.204050886057296
          ],
          [
            -112.797755146206,
            37.204116714577594
          ],
          [
            -112.79782910899502,
            37.20414713674491
          ],
          [
            -112.797984488793,
            37.2041898425238
          ],
          [
            -112.79806248591599,
            37.2042003760446
          ],
          [
            -112.798226763527,
            37.20419067035179
          ],
          [
            -112.798271846378,
            37.2042386564581
          ],
          [
            -112.798235980242,
            37.204294178835596
          ],
          [
            -112.79813451463198,
            37.204386750145794
          ],
          [
            -112.798099475844,
            37.20442964253281
          ],
          [
            -112.798064116358,
            37.20445902067
          ],
          [
            -112.798020572321,
            37.2044759062965
          ],
          [
            -112.797802805425,
            37.20451075650049
          ],
          [
            -112.797685386634,
            37.2045008226056
          ],
          [
            -112.797473686061,
            37.204458971300994
          ],
          [
            -112.797422851298,
            37.20445343481799
          ],
          [
            -112.797315887998,
            37.2044568598819
          ],
          [
            -112.79713186901101,
            37.20448939619221
          ],
          [
            -112.797067502026,
            37.20453092980149
          ],
          [
            -112.797037837858,
            37.2045629251681
          ],
          [
            -112.79699787181102,
            37.20463563626609
          ],
          [
            -112.796987404642,
            37.2047169102822
          ],
          [
            -112.796998003864,
            37.2048312133461
          ],
          [
            -112.79707633965099,
            37.20499856608459
          ],
          [
            -112.79710734051199,
            37.205117967278696
          ],
          [
            -112.79703441976899,
            37.20541650056101
          ],
          [
            -112.796956525952,
            37.205552875914904
          ],
          [
            -112.79683905775399,
            37.20568354291401
          ],
          [
            -112.796790016926,
            37.2057536865041
          ],
          [
            -112.796719094036,
            37.205898969679
          ],
          [
            -112.796665288544,
            37.2059583694442
          ],
          [
            -112.796596691392,
            37.2060116854533
          ],
          [
            -112.79644444940901,
            37.2061014199365
          ],
          [
            -112.796238849295,
            37.20626947531719
          ],
          [
            -112.796170993254,
            37.20630655626031
          ],
          [
            -112.79605002521902,
            37.20633723225381
          ],
          [
            -112.79594297568198,
            37.20633705338509
          ],
          [
            -112.79574714834,
            37.20629946590051
          ],
          [
            -112.795625326906,
            37.206294102697605
          ],
          [
            -112.79518008502,
            37.20633510085399
          ],
          [
            -112.795079393758,
            37.2063654698973
          ],
          [
            -112.79499727786,
            37.20641898952899
          ],
          [
            -112.79493257131101,
            37.206493875309
          ],
          [
            -112.794907522688,
            37.206578075038095
          ],
          [
            -112.794931627182,
            37.2068345786983
          ],
          [
            -112.79493220839201,
            37.206906672303795
          ],
          [
            -112.794918403083,
            37.20698980051569
          ],
          [
            -112.79488525614701,
            37.2070651100018
          ],
          [
            -112.794835149019,
            37.2071379725146
          ],
          [
            -112.79472541980698,
            37.20735774801851
          ],
          [
            -112.794703579966,
            37.20743468911199
          ],
          [
            -112.794739388609,
            37.2076144057149
          ],
          [
            -112.794733530695,
            37.20770011596511
          ],
          [
            -112.794704343534,
            37.2078474687978
          ],
          [
            -112.794703733577,
            37.20791687774549
          ],
          [
            -112.79485060094,
            37.20840855953659
          ],
          [
            -112.79488217761998,
            37.20855228721199
          ],
          [
            -112.79489722080798,
            37.20871158786781
          ],
          [
            -112.794917014287,
            37.208786095045184
          ],
          [
            -112.795075755581,
            37.208970256382194
          ],
          [
            -112.79519604718402,
            37.20914869082209
          ],
          [
            -112.795238286867,
            37.20921925259
          ],
          [
            -112.79530786857201,
            37.209397554799
          ],
          [
            -112.79541555771002,
            37.2095671675162
          ],
          [
            -112.79544064496102,
            37.2096271746675
          ],
          [
            -112.795464229331,
            37.2097665157909
          ],
          [
            -112.795462729144,
            37.20984585258889
          ],
          [
            -112.79542172374602,
            37.209969950850486
          ],
          [
            -112.795421243148,
            37.21004476657081
          ],
          [
            -112.795447615888,
            37.21020659815829
          ],
          [
            -112.79551556086298,
            37.210363293993694
          ],
          [
            -112.79555600122002,
            37.2105005783117
          ],
          [
            -112.795479866305,
            37.2108541370976
          ],
          [
            -112.795454390083,
            37.21092031883019
          ],
          [
            -112.795428721622,
            37.21097838966491
          ],
          [
            -112.795378377339,
            37.211041341836086
          ],
          [
            -112.795284336305,
            37.2111148708671
          ],
          [
            -112.795206465845,
            37.211157511176204
          ],
          [
            -112.795143409502,
            37.2112071369078
          ],
          [
            -112.79510549969801,
            37.2112717028941
          ],
          [
            -112.795089904945,
            37.2113269181867
          ],
          [
            -112.79506038091502,
            37.21150762496988
          ],
          [
            -112.79506854839802,
            37.21156698526448
          ],
          [
            -112.795173972883,
            37.2117835005629
          ],
          [
            -112.79526133584102,
            37.2118560809358
          ],
          [
            -112.795376454944,
            37.2119111169453
          ],
          [
            -112.795485237332,
            37.211936507270494
          ],
          [
            -112.795694655286,
            37.211928824355
          ],
          [
            -112.79579876104398,
            37.211947074050286
          ],
          [
            -112.79587439020803,
            37.2120000045087
          ],
          [
            -112.795984018809,
            37.2121560677659
          ],
          [
            -112.796059391953,
            37.21219818666139
          ],
          [
            -112.79616039672598,
            37.21222820064351
          ],
          [
            -112.796407293292,
            37.2122803353593
          ],
          [
            -112.79651308249399,
            37.21232199130979
          ],
          [
            -112.796783584989,
            37.2124666000788
          ],
          [
            -112.796925178342,
            37.21259243463629
          ],
          [
            -112.79700306137902,
            37.21264533030211
          ],
          [
            -112.797546496312,
            37.212941718332196
          ],
          [
            -112.79775140382398,
            37.2130287367421
          ],
          [
            -112.79790840598,
            37.2131390151947
          ],
          [
            -112.79800404511698,
            37.2132276909811
          ],
          [
            -112.79810969957,
            37.213358576483294
          ],
          [
            -112.798179912791,
            37.2134206016465
          ],
          [
            -112.798261028865,
            37.2134671381917
          ],
          [
            -112.79835538341102,
            37.21350175602859
          ],
          [
            -112.798444847528,
            37.2135202256887
          ],
          [
            -112.798629871731,
            37.213529131787695
          ],
          [
            -112.798725944754,
            37.21354119211339
          ],
          [
            -112.798815452889,
            37.21356146315729
          ],
          [
            -112.798974510389,
            37.2136158283028
          ],
          [
            -112.79927046125799,
            37.213740215826206
          ],
          [
            -112.799394962367,
            37.21381042847559
          ],
          [
            -112.799443238728,
            37.2138502521478
          ],
          [
            -112.79955195643699,
            37.21396757110751
          ],
          [
            -112.799580610898,
            37.213987864214296
          ],
          [
            -112.80015242989901,
            37.2143396897015
          ],
          [
            -112.800236613719,
            37.2144204260178
          ],
          [
            -112.800355672834,
            37.21459346635589
          ],
          [
            -112.800417198448,
            37.214669140259296
          ],
          [
            -112.80055788899399,
            37.214803997278196
          ],
          [
            -112.80087002660599,
            37.2151822984488
          ],
          [
            -112.801079766157,
            37.2153773924919
          ],
          [
            -112.801121122796,
            37.21545787945799
          ],
          [
            -112.801180180737,
            37.2156192129721
          ],
          [
            -112.80123222373501,
            37.2156752027082
          ],
          [
            -112.80129744322102,
            37.215716571345304
          ],
          [
            -112.80138043048602,
            37.2157468536282
          ],
          [
            -112.801455959038,
            37.21579527592489
          ],
          [
            -112.80149378799301,
            37.2158695071229
          ],
          [
            -112.80151815749,
            37.2160412829172
          ],
          [
            -112.801554923738,
            37.2161182344717
          ],
          [
            -112.80173941344302,
            37.21629388348529
          ],
          [
            -112.80178125517199,
            37.216347323106405
          ],
          [
            -112.80184649172598,
            37.21657886336058
          ],
          [
            -112.80188414820502,
            37.21664588779359
          ],
          [
            -112.80192715954101,
            37.2167011120301
          ],
          [
            -112.80198135040999,
            37.216752563332385
          ],
          [
            -112.802044382499,
            37.21679666769099
          ],
          [
            -112.802184599633,
            37.21686393301191
          ],
          [
            -112.802369629225,
            37.21696746846529
          ],
          [
            -112.802434957408,
            37.217013341102096
          ],
          [
            -112.80249027566302,
            37.21706477502239
          ],
          [
            -112.80253441528302,
            37.2171199817834
          ],
          [
            -112.802730387254,
            37.2173991018037
          ],
          [
            -112.802785522252,
            37.217584829520696
          ],
          [
            -112.80279480274801,
            37.21764327222469
          ],
          [
            -112.802848870548,
            37.218210261965
          ],
          [
            -112.80294773643298,
            37.21852871413989
          ],
          [
            -112.80298491141501,
            37.2187174178246
          ],
          [
            -112.803018954869,
            37.2187745820235
          ],
          [
            -112.803135443005,
            37.2188863700625
          ],
          [
            -112.80317514045599,
            37.218944349638505
          ],
          [
            -112.803311562208,
            37.219230684394
          ],
          [
            -112.803357333169,
            37.21935436519199
          ],
          [
            -112.80336048715301,
            37.21948680668199
          ],
          [
            -112.803349865474,
            37.219514007154615
          ],
          [
            -112.803376687371,
            37.2195992210268
          ],
          [
            -112.803410484687,
            37.21969334160459
          ],
          [
            -112.80358478390401,
            37.22005570827401
          ],
          [
            -112.80362850760298,
            37.2202353003904
          ],
          [
            -112.80366092151401,
            37.22031862637469
          ],
          [
            -112.80366489027098,
            37.2203906691836
          ],
          [
            -112.803654430287,
            37.2204719441139
          ],
          [
            -112.803630491982,
            37.22055522763169
          ],
          [
            -112.803644987197,
            37.22064333315971
          ],
          [
            -112.80371032077001,
            37.22087847554129
          ],
          [
            -112.80369916099899,
            37.2209777871478
          ],
          [
            -112.803637788997,
            37.221145460312194
          ],
          [
            -112.80362637141,
            37.2212339607303
          ],
          [
            -112.80363532042601,
            37.2213257558674
          ],
          [
            -112.80367351769101,
            37.2215099381007
          ],
          [
            -112.803711287357,
            37.2215814654493
          ],
          [
            -112.803771760145,
            37.2216598577488
          ],
          [
            -112.803789484804,
            37.22174160485919
          ],
          [
            -112.803734678588,
            37.2218064315087
          ],
          [
            -112.803659248851,
            37.2218571511252
          ],
          [
            -112.803589880046,
            37.2219258046756
          ],
          [
            -112.80355571711601,
            37.2220056394304
          ],
          [
            -112.803531993508,
            37.2220979322103
          ],
          [
            -112.80356902206401,
            37.22228032854059
          ],
          [
            -112.803646437078,
            37.2224549016679
          ],
          [
            -112.80367217920103,
            37.222541933425596
          ],
          [
            -112.803678831226,
            37.222631960844794
          ],
          [
            -112.803666502747,
            37.22272948899711
          ],
          [
            -112.803631191769,
            37.222903073230796
          ],
          [
            -112.803602596597,
            37.2229801179299
          ],
          [
            -112.803464835457,
            37.223205737192096
          ],
          [
            -112.80346219530799,
            37.2232841886051
          ],
          [
            -112.803506680779,
            37.2234484467468
          ],
          [
            -112.803496327696,
            37.223534227708306
          ],
          [
            -112.803458825728,
            37.223615914847
          ],
          [
            -112.803393801176,
            37.2238196938222
          ],
          [
            -112.80333301667198,
            37.2239648270468
          ],
          [
            -112.80327822842301,
            37.2242198238209
          ],
          [
            -112.803245339304,
            37.22430594796659
          ],
          [
            -112.803232796127,
            37.2243944639894
          ],
          [
            -112.803156986402,
            37.224666004942804
          ],
          [
            -112.80307114519002,
            37.22484757103769
          ],
          [
            -112.803022751149,
            37.2248978780275
          ],
          [
            -112.80291990213398,
            37.2249805600995
          ],
          [
            -112.802862817791,
            37.2250445191704
          ],
          [
            -112.802269165237,
            37.22534196933851
          ],
          [
            -112.801892314789,
            37.22560907993729
          ],
          [
            -112.80152157647801,
            37.22594369072779
          ],
          [
            -112.80142144846,
            37.226046159383905
          ],
          [
            -112.801379072233,
            37.2261125981678
          ],
          [
            -112.801353532231,
            37.22617607560589
          ],
          [
            -112.801339119661,
            37.22628084430531
          ],
          [
            -112.80126859472401,
            37.2264432490565
          ],
          [
            -112.801247078277,
            37.2265337052805
          ],
          [
            -112.80126841775599,
            37.2266253108551
          ],
          [
            -112.80130988848101,
            37.2267103021085
          ],
          [
            -112.801322934714,
            37.2267849109628
          ],
          [
            -112.801319647779,
            37.22693097049049
          ],
          [
            -112.80126169745999,
            37.2271481612627
          ],
          [
            -112.80107692209101,
            37.22738800990359
          ],
          [
            -112.801048364648,
            37.2274668575199
          ],
          [
            -112.801051656075,
            37.227557837526895
          ],
          [
            -112.801086345418,
            37.2276420294848
          ],
          [
            -112.80113421304601,
            37.22771160190101
          ],
          [
            -112.80121768450202,
            37.2277617067042
          ],
          [
            -112.801254434581,
            37.227837755789395
          ],
          [
            -112.80123931054402,
            37.22800742790161
          ],
          [
            -112.801245786499,
            37.22818488317609
          ],
          [
            -112.80128657091198,
            37.228335679346905
          ]
        ],
        "type": "LineString"
      }
    }
  ]
}