{
  "type": "FeatureCollection",
  "features": [
    {
      "type": "Feature",
      "properties": {
        "id": "04-red-canyon-arches-trail-01",
        "name": "Arches Trail",
        "label": "Arches Trail",
        "component": 1,
        "component_count": 1,
        "map_clipped": false,
        "source": "state-trails.geojson",
        "source_ids": [
          44308,
          44309
        ],
        "published_horse_status": "Conflicting: HorseAllowed=Yes / Hiking Only category",
        "direction": "Start at westernmost endpoint (southwest if equal longitude), follow source geometry",
        "start_wgs84": [
          -112.335571651354,
          37.769455755671096
        ],
        "end_wgs84": [
          -112.331977529631,
          37.7706744172618
        ],
        "distance_miles": 0.6310179189955274,
        "ascent_ft": 192.35275574479328,
        "descent_ft": 121.04160695219679,
        "sample_spacing_m": 29.868379465527592,
        "valid_samples": 35,
        "sample_count": 35,
        "shorter_than_two_output_pixels": false,
        "gap_samples": 0,
        "gap_count": 0,
        "relative_zero": "chosen start",
        "dem_file": "04-red-canyon-dem.tif",
        "dem_source": "USGS 3DEP ImageServer mosaic; native sources unresolved; not verified lidar",
        "dem_output_pixel_m": 13.75,
        "smoothing": "3-sample median then 3-sample moving mean, segment endpoints retained; 3m reversal threshold for totals",
        "csv": "sources/profiles/04-red-canyon-arches-trail-01.csv",
        "shown_on_page": true
      },
      "geometry": {
        "coordinates": [
          [
            -112.33557165135402,
            37.769455755671096
          ],
          [
            -112.335607694458,
            37.769510993754594
          ],
          [
            -112.33558132890401,
            37.769560756210296
          ],
          [
            -112.335473306491,
            37.7696176274458
          ],
          [
            -112.335372515517,
            37.76964350136169
          ],
          [
            -112.33522060501198,
            37.769642131578905
          ],
          [
            -112.33509305861502,
            37.76969613181979
          ],
          [
            -112.334844527115,
            37.7697360457879
          ],
          [
            -112.33471720260198,
            37.769802409484775
          ],
          [
            -112.334598164148,
            37.7698965024348
          ],
          [
            -112.334489529983,
            37.769919373251795
          ],
          [
            -112.33427943559701,
            37.7699310266575
          ],
          [
            -112.33414409990799,
            37.769985114739384
          ],
          [
            -112.334019556579,
            37.76998961604199
          ],
          [
            -112.33381663793601,
            37.76996718195639
          ],
          [
            -112.33357517258399,
            37.7699668233575
          ],
          [
            -112.33345112871798,
            37.76999914198739
          ],
          [
            -112.333376140952,
            37.77016074770721
          ],
          [
            -112.333326633,
            37.770223137334895
          ],
          [
            -112.333186180507,
            37.7702092691907
          ],
          [
            -112.333033271076,
            37.7701522613618
          ],
          [
            -112.332967077816,
            37.7701530105121
          ],
          [
            -112.332893818408,
            37.770194028430794
          ],
          [
            -112.33282472987702,
            37.770250456790606
          ],
          [
            -112.33275475381198,
            37.770257432044694
          ],
          [
            -112.332653238795,
            37.77024312222821
          ],
          [
            -112.33259483213199,
            37.7702437833259
          ],
          [
            -112.332556173133,
            37.77025967807211
          ],
          [
            -112.332517901309,
            37.7702972072415
          ],
          [
            -112.33225111963598,
            37.7704053352541
          ],
          [
            -112.33209597879,
            37.770441095509696
          ],
          [
            -112.33196075269498,
            37.77050136243679
          ],
          [
            -112.331938166354,
            37.7705448988561
          ],
          [
            -112.331966032094,
            37.7705785898392
          ],
          [
            -112.331943445753,
            37.770622125502996
          ],
          [
            -112.331901279732,
            37.7706597006443
          ],
          [
            -112.331816333242,
            37.77070778580519
          ],
          [
            -112.33176628809699,
            37.7707263766617
          ],
          [
            -112.33170972298001,
            37.7707180018652
          ],
          [
            -112.331658270176,
            37.77069830468668
          ],
          [
            -112.331601167867,
            37.77069895015829
          ],
          [
            -112.331547485443,
            37.7707130773936
          ],
          [
            -112.33149195698302,
            37.77072271614999
          ],
          [
            -112.331434963369,
            37.77073012238391
          ],
          [
            -112.33139646696601,
            37.77075984601429
          ],
          [
            -112.331361953693,
            37.7707940332517
          ],
          [
            -112.33132815098699,
            37.77082821408249
          ],
          [
            -112.331314022284,
            37.77087118223879
          ],
          [
            -112.33127560403499,
            37.7709054134501
          ],
          [
            -112.331236085349,
            37.7709374078699
          ],
          [
            -112.331185278433,
            37.770933475405194
          ],
          [
            -112.33118127374298,
            37.77088845442081
          ],
          [
            -112.33118827431399,
            37.77084331340401
          ],
          [
            -112.331200274908,
            37.770800366534196
          ],
          [
            -112.33120798245301,
            37.7707552176527
          ],
          [
            -112.33118357343001,
            37.770719442637
          ],
          [
            -112.33114220601101,
            37.7706883641388
          ],
          [
            -112.331126542986,
            37.7706457331692
          ],
          [
            -112.331115690439,
            37.7706143130864
          ],
          [
            -112.331086223003,
            37.77065294768639
          ],
          [
            -112.331069252929,
            37.7706959500289
          ],
          [
            -112.331074826077,
            37.77072968425859
          ],
          [
            -112.331029603089,
            37.77070090432541
          ],
          [
            -112.33101993003,
            37.770655949947894
          ],
          [
            -112.33101916197002,
            37.77061314711769
          ],
          [
            -112.33101728718603,
            37.7705681046355
          ],
          [
            -112.331036782425,
            37.7705273297756
          ],
          [
            -112.331031375465,
            37.7705026058074
          ],
          [
            -112.330980766179,
            37.7705099367936
          ],
          [
            -112.330952365941,
            37.77054856150681
          ],
          [
            -112.330929714921,
            37.770591628528294
          ],
          [
            -112.330899502781,
            37.770628019964306
          ],
          [
            -112.330872916242,
            37.770668875008795
          ],
          [
            -112.33084916388803,
            37.7707097016272
          ],
          [
            -112.33082896077698,
            37.7707504849076
          ],
          [
            -112.330842895444,
            37.7707953909416
          ],
          [
            -112.330841930653,
            37.77084046665949
          ],
          [
            -112.330821727542,
            37.7708812519981
          ],
          [
            -112.330801210021,
            37.7709242918424
          ],
          [
            -112.33078140396599,
            37.7709673274011
          ],
          [
            -112.330750478564,
            37.77100372433289
          ],
          [
            -112.330722786199,
            37.771042341687284
          ],
          [
            -112.330702977448,
            37.77108537859759
          ],
          [
            -112.330686363107,
            37.7711283735877
          ],
          [
            -112.33065480618899,
            37.7711692901332
          ],
          [
            -112.330662113984,
            37.771200750455
          ],
          [
            -112.330699336576,
            37.7712386327689
          ],
          [
            -112.33069939317001,
            37.771281444468194
          ],
          [
            -112.330694527895,
            37.7713265624948
          ],
          [
            -112.33073974818802,
            37.771355341474404
          ],
          [
            -112.330767984034,
            37.77138656312909
          ],
          [
            -112.330764575826,
            37.771433919982506
          ],
          [
            -112.330760772359,
            37.7714790258447
          ],
          [
            -112.330771115561,
            37.77152172095129
          ],
          [
            -112.330787532273,
            37.771566598823796
          ],
          [
            -112.330810921708,
            37.771604636458086
          ],
          [
            -112.330854726256,
            37.7716334337916
          ],
          [
            -112.330887029674,
            37.771594764199904
          ],
          [
            -112.33094260215199,
            37.77158737651471
          ],
          [
            -112.330999717038,
            37.7715867317609
          ],
          [
            -112.331056394444,
            37.7715815850917
          ],
          [
            -112.33110715374899,
            37.7715629880594
          ],
          [
            -112.331159016185,
            37.771546628489894
          ],
          [
            -112.331210484261,
            37.77152802505819
          ],
          [
            -112.33125576025,
            37.77150046819699
          ],
          [
            -112.331289888146,
            37.7714843159577
          ],
          [
            -112.331286439514,
            37.7715294182387
          ],
          [
            -112.33129785081302,
            37.77157209769449
          ],
          [
            -112.331294197364,
            37.7716059359065
          ],
          [
            -112.33134013092001,
            37.77163470838659
          ],
          [
            -112.331394674827,
            37.77162958728369
          ],
          [
            -112.331449419957,
            37.771615451702594
          ],
          [
            -112.331506100058,
            37.7716103029051
          ],
          [
            -112.33155761035502,
            37.771593946896395
          ],
          [
            -112.33159278928,
            37.77155750054941
          ],
          [
            -112.331634124359,
            37.77152774244559
          ],
          [
            -112.33166970034,
            37.771493542766
          ],
          [
            -112.331701297681,
            37.771454880201894
          ],
          [
            -112.331732220388,
            37.77141848207201
          ],
          [
            -112.331759874126,
            37.771377616080294
          ],
          [
            -112.33179580673699,
            37.771343409230404
          ],
          [
            -112.33184837884302,
            37.7713270403812
          ],
          [
            -112.331902413406,
            37.7713129146834
          ],
          [
            -112.331957942765,
            37.771303273163596
          ],
          [
            -112.332068775108,
            37.7712907515413
          ],
          [
            -112.332087288488,
            37.77127477180659
          ],
          [
            -112.33209390997,
            37.771267941505684
          ],
          [
            -112.332114873055,
            37.77124967174359
          ],
          [
            -112.332138783513,
            37.7712178592406
          ],
          [
            -112.33216935408,
            37.7711814645444
          ],
          [
            -112.33221246153602,
            37.771151687827
          ],
          [
            -112.332260966968,
            37.77112635126371
          ],
          [
            -112.332333784405,
            37.771187066406
          ],
          [
            -112.33236229603399,
            37.7711855503743
          ],
          [
            -112.332381582863,
            37.77117221710469
          ],
          [
            -112.332316131611,
            37.7711240725986
          ],
          [
            -112.332294081564,
            37.77106709174829
          ],
          [
            -112.332318613656,
            37.7710761297257
          ],
          [
            -112.332361313277,
            37.77110268481369
          ],
          [
            -112.33240920785501,
            37.7711224216493
          ],
          [
            -112.332424319314,
            37.77112642795291
          ],
          [
            -112.33244686702798,
            37.7711273638459
          ],
          [
            -112.332454182009,
            37.77111655066019
          ],
          [
            -112.332419720838,
            37.7710952665457
          ],
          [
            -112.33239136461802,
            37.7710572854563
          ],
          [
            -112.332371086049,
            37.771014702985305
          ],
          [
            -112.332391974574,
            37.77099802446539
          ],
          [
            -112.33242203939,
            37.770987086995596
          ],
          [
            -112.332467082715,
            37.7709983660172
          ],
          [
            -112.33250661936701,
            37.77097486639679
          ],
          [
            -112.33250930712698,
            37.77092396733241
          ],
          [
            -112.332424675945,
            37.770895115755806
          ],
          [
            -112.332389233814,
            37.7708793084871
          ],
          [
            -112.332392304256,
            37.7708489841699
          ],
          [
            -112.332361692366,
            37.770807520678794
          ],
          [
            -112.332419239341,
            37.7708113743304
          ],
          [
            -112.332444414627,
            37.7707908094481
          ],
          [
            -112.33239848466502,
            37.77076203734959
          ],
          [
            -112.33235503495098,
            37.77073323754641
          ],
          [
            -112.332307058627,
            37.770708995798095
          ],
          [
            -112.33225155621702,
            37.7707006131886
          ],
          [
            -112.332195385461,
            37.770694487953904
          ],
          [
            -112.332142247417,
            37.77067931475259
          ],
          [
            -112.332094916083,
            37.770691119287605
          ],
          [
            -112.33208608923701,
            37.77069346897499
          ],
          [
            -112.33203204838601,
            37.7706873252773
          ],
          [
            -112.331977529631,
            37.7706744172618
          ]
        ],
        "type": "LineString"
      }
    },
    {
      "type": "Feature",
      "properties": {
        "id": "04-red-canyon-barney-cove-01",
        "name": "Barney Cove",
        "label": "Barney Cove",
        "component": 1,
        "component_count": 1,
        "map_clipped": false,
        "source": "state-trails.geojson",
        "source_ids": [
          6972
        ],
        "published_horse_status": "HorseAllowed=Yes; current permission unverified",
        "direction": "Start at westernmost endpoint (southwest if equal longitude), follow source geometry",
        "start_wgs84": [
          -112.284317396961,
          37.802989686994096
        ],
        "end_wgs84": [
          -112.282048722372,
          37.826197294295106
        ],
        "distance_miles": 1.8831925699833518,
        "ascent_ft": 465.9138381900053,
        "descent_ft": 0.0,
        "sample_spacing_m": 29.71279081713027,
        "valid_samples": 103,
        "sample_count": 103,
        "shorter_than_two_output_pixels": false,
        "gap_samples": 0,
        "gap_count": 0,
        "relative_zero": "chosen start",
        "dem_file": "04-red-canyon-dem.tif",
        "dem_source": "USGS 3DEP ImageServer mosaic; native sources unresolved; not verified lidar",
        "dem_output_pixel_m": 13.75,
        "smoothing": "3-sample median then 3-sample moving mean, segment endpoints retained; 3m reversal threshold for totals",
        "csv": "sources/profiles/04-red-canyon-barney-cove-01.csv",
        "shown_on_page": true
      },
      "geometry": {
        "coordinates": [
          [
            -112.28431739696099,
            37.802989686994096
          ],
          [
            -112.28425336953902,
            37.80314918778251
          ],
          [
            -112.284290865219,
            37.8032679257492
          ],
          [
            -112.28425333630102,
            37.803403074248905
          ],
          [
            -112.284174119266,
            37.8034988406625
          ],
          [
            -112.28412807072698,
            37.8036339915788
          ],
          [
            -112.284119740649,
            37.803828574990895
          ],
          [
            -112.28401957310501,
            37.8040329917483
          ],
          [
            -112.28381928472899,
            37.8043133949107
          ],
          [
            -112.283698230456,
            37.804695858897496
          ],
          [
            -112.28374404363798,
            37.8050784862775
          ],
          [
            -112.284090637929,
            37.8053621212518
          ],
          [
            -112.28434099749998,
            37.805945933653604
          ],
          [
            -112.284374359133,
            37.80617998864011
          ],
          [
            -112.284240752701,
            37.80654609610559
          ],
          [
            -112.28408633409998,
            37.80667467773149
          ],
          [
            -112.28405301738299,
            37.806921986967
          ],
          [
            -112.283948693334,
            37.8070309152195
          ],
          [
            -112.28370657580498,
            37.80713314407799
          ],
          [
            -112.283439374619,
            37.80747943665709
          ],
          [
            -112.28356879939399,
            37.807927936917395
          ],
          [
            -112.283769134482,
            37.8080366990285
          ],
          [
            -112.284065509355,
            37.808056540977894
          ],
          [
            -112.28390688035101,
            37.808755577180996
          ],
          [
            -112.283986191709,
            37.808966689304405
          ],
          [
            -112.28384424711399,
            37.8095338693895
          ],
          [
            -112.283756596695,
            37.810035205176284
          ],
          [
            -112.283819267661,
            37.81026272213119
          ],
          [
            -112.284215733722,
            37.81030887027989
          ],
          [
            -112.28436188872,
            37.81039794370499
          ],
          [
            -112.28435764148598,
            37.8105330898022
          ],
          [
            -112.284215782231,
            37.810790414242504
          ],
          [
            -112.28423249538699,
            37.8109485838129
          ],
          [
            -112.284153236131,
            37.8112915676213
          ],
          [
            -112.283890213907,
            37.811499381625495
          ],
          [
            -112.283827572586,
            37.8116082165428
          ],
          [
            -112.283860993508,
            37.81184560475969
          ],
          [
            -112.283765011215,
            37.81197093527899
          ],
          [
            -112.28379001043099,
            37.81203032664639
          ],
          [
            -112.283952750126,
            37.81209290235459
          ],
          [
            -112.283961223934,
            37.81219519375489
          ],
          [
            -112.283898635613,
            37.812274285239205
          ],
          [
            -112.283948684351,
            37.8123370083562
          ],
          [
            -112.284149035609,
            37.81247217645299
          ],
          [
            -112.284236638417,
            37.8126369637995
          ],
          [
            -112.28420751413701,
            37.812759132035396
          ],
          [
            -112.283915240971,
            37.8130755972424
          ],
          [
            -112.283668968734,
            37.8132933225924
          ],
          [
            -112.28362722582,
            37.81337570226619
          ],
          [
            -112.28363558733801,
            37.81350431103199
          ],
          [
            -112.283226476592,
            37.813916500400396
          ],
          [
            -112.28317229470501,
            37.8140154183245
          ],
          [
            -112.28315140078999,
            37.8141078447398
          ],
          [
            -112.28337683750202,
            37.814615593254196
          ],
          [
            -112.28336849574698,
            37.8147112180967
          ],
          [
            -112.283226443354,
            37.8148595809168
          ],
          [
            -112.283155604906,
            37.8154597823378
          ],
          [
            -112.283055328665,
            37.81593457794891
          ],
          [
            -112.2829843393,
            37.816106140436105
          ],
          [
            -112.28302621696201,
            37.8162873786272
          ],
          [
            -112.28299696961301,
            37.81638296014461
          ],
          [
            -112.282704797058,
            37.816732587975096
          ],
          [
            -112.28261705141801,
            37.8169535413618
          ],
          [
            -112.28252951957701,
            37.8170292995153
          ],
          [
            -112.282475222706,
            37.8171217292538
          ],
          [
            -112.282550325457,
            37.8172140112709
          ],
          [
            -112.282554431656,
            37.8174250424383
          ],
          [
            -112.28262544617401,
            37.8175436857766
          ],
          [
            -112.28272559754899,
            37.8175668391877
          ],
          [
            -112.28285919948901,
            37.81751410231071
          ],
          [
            -112.28303444373299,
            37.8175370683861
          ],
          [
            -112.28298440847,
            37.81763936572639
          ],
          [
            -112.28290511328201,
            37.81771845918449
          ],
          [
            -112.28293846683,
            37.8178206590532
          ],
          [
            -112.28312633330198,
            37.81794271652361
          ],
          [
            -112.283101290069,
            37.8180186049444
          ],
          [
            -112.283163838864,
            37.818094440774296
          ],
          [
            -112.283155558193,
            37.8182395438374
          ],
          [
            -112.28310966596,
            37.8183383715228
          ],
          [
            -112.283180623885,
            37.8184077167357
          ],
          [
            -112.28320562759198,
            37.8185394788473
          ],
          [
            -112.283180531358,
            37.81865168902669
          ],
          [
            -112.28319725080202,
            37.818869341871284
          ],
          [
            -112.28302617294501,
            37.81913969150769
          ],
          [
            -112.28281333240899,
            37.8193275792205
          ],
          [
            -112.282683877092,
            37.8194100124787
          ],
          [
            -112.28264213327901,
            37.8195123100619
          ],
          [
            -112.282679702621,
            37.81977930510699
          ],
          [
            -112.28261705591,
            37.819921125009095
          ],
          [
            -112.282466863882,
            37.8199871101216
          ],
          [
            -112.282412563418,
            37.8200926086889
          ],
          [
            -112.28242091954701,
            37.82018156173919
          ],
          [
            -112.282157982664,
            37.8204883302219
          ],
          [
            -112.282095331461,
            37.820623390435394
          ],
          [
            -112.282141297355,
            37.82074537160081
          ],
          [
            -112.282228900164,
            37.820798222544994
          ],
          [
            -112.282458506855,
            37.820672880755794
          ],
          [
            -112.28256292343099,
            37.8206993222248
          ],
          [
            -112.282525277732,
            37.8209334290801
          ],
          [
            -112.282913442461,
            37.8215862207457
          ],
          [
            -112.28304293640599,
            37.821899530140094
          ],
          [
            -112.282976043358,
            37.8222489572816
          ],
          [
            -112.282470929657,
            37.8226511933585
          ],
          [
            -112.282304099933,
            37.8228985136527
          ],
          [
            -112.282132888226,
            37.8230568368075
          ],
          [
            -112.281890775189,
            37.8231887133783
          ],
          [
            -112.281577784178,
            37.8236766369018
          ],
          [
            -112.281477586989,
            37.8239271965327
          ],
          [
            -112.281456690379,
            37.824065677000895
          ],
          [
            -112.281552660096,
            37.824313020228495
          ],
          [
            -112.281657028162,
            37.8244415758799
          ],
          [
            -112.281732142591,
            37.8245998311535
          ],
          [
            -112.28176141329601,
            37.824787785858206
          ],
          [
            -112.28221218521101,
            37.8252493710917
          ],
          [
            -112.282387531863,
            37.82561202209419
          ],
          [
            -112.282048722372,
            37.826197294295106
          ]
        ],
        "type": "LineString"
      }
    },
    {
      "type": "Feature",
      "properties": {
        "id": "04-red-canyon-buckhorn-01",
        "name": "Buckhorn",
        "label": "Buckhorn \u00b7 part 1/3",
        "component": 1,
        "component_count": 3,
        "map_clipped": false,
        "source": "state-trails.geojson",
        "source_ids": [
          5872,
          7000
        ],
        "published_horse_status": "HorseAllowed=Yes; current permission unverified",
        "direction": "Start at westernmost endpoint (southwest if equal longitude), follow source geometry",
        "start_wgs84": [
          -112.30866127852802,
          37.7363157236622
        ],
        "end_wgs84": [
          -112.307819185204,
          37.74237710383659
        ],
        "distance_miles": 0.8519202726121403,
        "ascent_ft": 12.86078954476842,
        "descent_ft": 468.02294576933843,
        "sample_spacing_m": 29.805060417537224,
        "valid_samples": 47,
        "sample_count": 47,
        "shorter_than_two_output_pixels": false,
        "gap_samples": 0,
        "gap_count": 0,
        "relative_zero": "chosen start",
        "dem_file": "04-red-canyon-dem.tif",
        "dem_source": "USGS 3DEP ImageServer mosaic; native sources unresolved; not verified lidar",
        "dem_output_pixel_m": 13.75,
        "smoothing": "3-sample median then 3-sample moving mean, segment endpoints retained; 3m reversal threshold for totals",
        "csv": "sources/profiles/04-red-canyon-buckhorn-01.csv",
        "shown_on_page": true
      },
      "geometry": {
        "coordinates": [
          [
            -112.30866127852802,
            37.7363157236622
          ],
          [
            -112.308635682831,
            37.73669904817609
          ],
          [
            -112.308534251357,
            37.736939010744194
          ],
          [
            -112.308388521262,
            37.73679642556851
          ],
          [
            -112.308381415588,
            37.73689564422669
          ],
          [
            -112.30824079511,
            37.73680482480749
          ],
          [
            -112.308339154345,
            37.7371574818708
          ],
          [
            -112.30844468932298,
            37.7373117795971
          ],
          [
            -112.30841592616602,
            37.73775372168521
          ],
          [
            -112.308229045146,
            37.73821995047969
          ],
          [
            -112.308110208814,
            37.738315902939
          ],
          [
            -112.307902244334,
            37.738390313109
          ],
          [
            -112.30708909383,
            37.73853227148499
          ],
          [
            -112.306872517202,
            37.7384784339083
          ],
          [
            -112.30683653159,
            37.73855535091081
          ],
          [
            -112.30716604711101,
            37.738797293019005
          ],
          [
            -112.30716683942501,
            37.738842347743294
          ],
          [
            -112.306834504991,
            37.7388144888637
          ],
          [
            -112.306956567173,
            37.7389663514563
          ],
          [
            -112.307165135321,
            37.739029380464395
          ],
          [
            -112.30715681063302,
            37.7390722825556
          ],
          [
            -112.30626162957098,
            37.740100733970195
          ],
          [
            -112.306247150525,
            37.7405942499769
          ],
          [
            -112.306428279633,
            37.741110473348705
          ],
          [
            -112.30608124337,
            37.741305749179084
          ],
          [
            -112.306247235865,
            37.7414256712372
          ],
          [
            -112.306436430047,
            37.7413740045284
          ],
          [
            -112.306321870594,
            37.74167494633269
          ],
          [
            -112.306519505346,
            37.741535311919904
          ],
          [
            -112.30675563201,
            37.74123527456268
          ],
          [
            -112.30673617809501,
            37.74145855500561
          ],
          [
            -112.306891023395,
            37.74130587491489
          ],
          [
            -112.30694522953601,
            37.7414066673945
          ],
          [
            -112.30703420946101,
            37.74123894505809
          ],
          [
            -112.30710583393602,
            37.741220125154
          ],
          [
            -112.307096786104,
            37.7414477964435
          ],
          [
            -112.307216493802,
            37.741297758914705
          ],
          [
            -112.307247120065,
            37.7415678006743
          ],
          [
            -112.307157379267,
            37.7417310249265
          ],
          [
            -112.307259742293,
            37.741885358583694
          ],
          [
            -112.306944126405,
            37.742350760068604
          ],
          [
            -112.30705624513499,
            37.742453162934396
          ],
          [
            -112.30730800967201,
            37.7425517631014
          ],
          [
            -112.307528810179,
            37.7427611122954
          ],
          [
            -112.307520781935,
            37.742607985233896
          ],
          [
            -112.307408540135,
            37.7424018478613
          ],
          [
            -112.307639832066,
            37.74234313291199
          ],
          [
            -112.30778745760702,
            37.742386468534214
          ],
          [
            -112.307819185204,
            37.74237710383659
          ]
        ],
        "type": "LineString"
      }
    },
    {
      "type": "Feature",
      "properties": {
        "id": "04-red-canyon-buckhorn-02",
        "name": "Buckhorn",
        "label": "Buckhorn \u00b7 part 2/3",
        "component": 2,
        "component_count": 3,
        "map_clipped": false,
        "source": "state-trails.geojson",
        "source_ids": [
          5866
        ],
        "published_horse_status": "HorseAllowed=Yes; current permission unverified",
        "direction": "Start at westernmost endpoint (southwest if equal longitude), follow source geometry",
        "start_wgs84": [
          -112.308661961248,
          37.742310427127094
        ],
        "end_wgs84": [
          -112.307819185204,
          37.74237710383659
        ],
        "distance_miles": 0.05120069401418429,
        "ascent_ft": 17.268773399436594,
        "descent_ft": 0.0,
        "sample_spacing_m": 27.466509902521135,
        "valid_samples": 4,
        "sample_count": 4,
        "shorter_than_two_output_pixels": false,
        "gap_samples": 0,
        "gap_count": 0,
        "relative_zero": "chosen start",
        "dem_file": "04-red-canyon-dem.tif",
        "dem_source": "USGS 3DEP ImageServer mosaic; native sources unresolved; not verified lidar",
        "dem_output_pixel_m": 13.75,
        "smoothing": "3-sample median then 3-sample moving mean, segment endpoints retained; 3m reversal threshold for totals",
        "csv": "sources/profiles/04-red-canyon-buckhorn-02.csv",
        "shown_on_page": true
      },
      "geometry": {
        "coordinates": [
          [
            -112.308661961248,
            37.742310427127094
          ],
          [
            -112.308365916954,
            37.7423011867332
          ],
          [
            -112.308277711377,
            37.7423516458899
          ],
          [
            -112.30822086418901,
            37.7423073029534
          ],
          [
            -112.308107242577,
            37.742358134335504
          ],
          [
            -112.308043398411,
            37.742316032595994
          ],
          [
            -112.307819185204,
            37.74237710383659
          ]
        ],
        "type": "LineString"
      }
    },
    {
      "type": "Feature",
      "properties": {
        "id": "04-red-canyon-buckhorn-03",
        "name": "Buckhorn",
        "label": "Buckhorn \u00b7 part 3/3",
        "component": 3,
        "component_count": 3,
        "map_clipped": false,
        "source": "state-trails.geojson",
        "source_ids": [
          5871
        ],
        "published_horse_status": "HorseAllowed=Yes; current permission unverified",
        "direction": "Start at westernmost endpoint (southwest if equal longitude), follow source geometry",
        "start_wgs84": [
          -112.308412124496,
          37.7427275151954
        ],
        "end_wgs84": [
          -112.307819185204,
          37.74237710383659
        ],
        "distance_miles": 0.04551067048329221,
        "ascent_ft": 31.15581512009847,
        "descent_ft": 0.0,
        "sample_spacing_m": 24.414108159421136,
        "valid_samples": 4,
        "sample_count": 4,
        "shorter_than_two_output_pixels": false,
        "gap_samples": 0,
        "gap_count": 0,
        "relative_zero": "chosen start",
        "dem_file": "04-red-canyon-dem.tif",
        "dem_source": "USGS 3DEP ImageServer mosaic; native sources unresolved; not verified lidar",
        "dem_output_pixel_m": 13.75,
        "smoothing": "3-sample median then 3-sample moving mean, segment endpoints retained; 3m reversal threshold for totals",
        "csv": "sources/profiles/04-red-canyon-buckhorn-03.csv",
        "shown_on_page": true
      },
      "geometry": {
        "coordinates": [
          [
            -112.308412124496,
            37.7427275151954
          ],
          [
            -112.308114126367,
            37.7426847686602
          ],
          [
            -112.308045415129,
            37.7426111761686
          ],
          [
            -112.308048923948,
            37.74250749132081
          ],
          [
            -112.307819185204,
            37.74237710383659
          ]
        ],
        "type": "LineString"
      }
    },
    {
      "type": "Feature",
      "properties": {
        "id": "04-red-canyon-cassidy-01",
        "name": "Cassidy",
        "label": "Cassidy \u00b7 part 1/3",
        "component": 1,
        "component_count": 3,
        "map_clipped": false,
        "source": "state-trails.geojson",
        "source_ids": [
          5991,
          6056,
          6086,
          6100,
          6234,
          6628
        ],
        "published_horse_status": "HorseAllowed=Yes; current permission unverified",
        "direction": "Start at westernmost endpoint (southwest if equal longitude), follow source geometry",
        "start_wgs84": [
          -112.301740509357,
          37.7450543013733
        ],
        "end_wgs84": [
          -112.283665351219,
          37.7965426628424
        ],
        "distance_miles": 6.5685663775740695,
        "ascent_ft": 1183.5861016313918,
        "descent_ft": 675.5465371013961,
        "sample_spacing_m": 29.946410448585166,
        "valid_samples": 354,
        "sample_count": 354,
        "shorter_than_two_output_pixels": false,
        "gap_samples": 0,
        "gap_count": 0,
        "relative_zero": "chosen start",
        "dem_file": "04-red-canyon-dem.tif",
        "dem_source": "USGS 3DEP ImageServer mosaic; native sources unresolved; not verified lidar",
        "dem_output_pixel_m": 13.75,
        "smoothing": "3-sample median then 3-sample moving mean, segment endpoints retained; 3m reversal threshold for totals",
        "csv": "sources/profiles/04-red-canyon-cassidy-01.csv",
        "shown_on_page": true
      },
      "geometry": {
        "coordinates": [
          [
            -112.30174050935699,
            37.7450543013733
          ],
          [
            -112.30170915186599,
            37.7451237750427
          ],
          [
            -112.30170620898498,
            37.74516310345818
          ],
          [
            -112.301896857539,
            37.74525851487739
          ],
          [
            -112.301977397793,
            37.7453336923319
          ],
          [
            -112.301916378829,
            37.745640707699486
          ],
          [
            -112.301847341502,
            37.745755661794696
          ],
          [
            -112.301682355121,
            37.74590069597199
          ],
          [
            -112.301287345229,
            37.74605466932339
          ],
          [
            -112.30067041822501,
            37.7463566455067
          ],
          [
            -112.300386362847,
            37.746663688595206
          ],
          [
            -112.30019642485999,
            37.7469916833555
          ],
          [
            -112.300209397431,
            37.747168730467
          ],
          [
            -112.30018432724799,
            37.747305729640395
          ],
          [
            -112.300036388195,
            37.7475626918177
          ],
          [
            -112.29999332655402,
            37.7478196680191
          ],
          [
            -112.299917373098,
            37.7480067085999
          ],
          [
            -112.300137324697,
            37.7482326635149
          ],
          [
            -112.30023140615499,
            37.748549684252495
          ],
          [
            -112.300073343988,
            37.74898070233719
          ],
          [
            -112.299656404423,
            37.74928371213599
          ],
          [
            -112.299481338944,
            37.74946968215541
          ],
          [
            -112.29917740744301,
            37.749627691064106
          ],
          [
            -112.298836424029,
            37.75000367399969
          ],
          [
            -112.298807359038,
            37.75012665750911
          ],
          [
            -112.298907344224,
            37.75067767291579
          ],
          [
            -112.298875408217,
            37.750863687020704
          ],
          [
            -112.298537378464,
            37.7512597346705
          ],
          [
            -112.29856634553902,
            37.751585675548
          ],
          [
            -112.298481369404,
            37.752133682048694
          ],
          [
            -112.298351390369,
            37.752665691501896
          ],
          [
            -112.298413388497,
            37.7529656725778
          ],
          [
            -112.298180417614,
            37.753586690118
          ],
          [
            -112.298117370254,
            37.7539347336956
          ],
          [
            -112.29803239501899,
            37.75413872595539
          ],
          [
            -112.297979324348,
            37.7544666513616
          ],
          [
            -112.29802532887001,
            37.75483872965721
          ],
          [
            -112.29813534464499,
            37.75509969699599
          ],
          [
            -112.29817035378798,
            37.755303719424994
          ],
          [
            -112.29815682516,
            37.755516928189095
          ],
          [
            -112.298161742538,
            37.7556618885475
          ],
          [
            -112.298176675233,
            37.75583431686979
          ],
          [
            -112.298166682374,
            37.75604198927851
          ],
          [
            -112.298137035274,
            37.7563201768211
          ],
          [
            -112.298176623131,
            37.7564808877168
          ],
          [
            -112.298171727312,
            37.7565709784497
          ],
          [
            -112.298275815104,
            37.75673945083731
          ],
          [
            -112.29833515242198,
            37.756880476298505
          ],
          [
            -112.298469135248,
            37.7571939934051
          ],
          [
            -112.29850381920201,
            37.757346826795604
          ],
          [
            -112.298588002123,
            37.75755841819159
          ],
          [
            -112.29861279203202,
            37.7577426352015
          ],
          [
            -112.298587984157,
            37.7578365503171
          ],
          [
            -112.298652363719,
            37.7579737349913
          ],
          [
            -112.298726763089,
            37.7581775030516
          ],
          [
            -112.298890335522,
            37.758306834315384
          ],
          [
            -112.298954761796,
            37.75845961072079
          ],
          [
            -112.29914312324,
            37.7585457680513
          ],
          [
            -112.299286830329,
            37.75867504824671
          ],
          [
            -112.29924722720101,
            37.758812207219
          ],
          [
            -112.299257093398,
            37.75892196276389
          ],
          [
            -112.299286824041,
            37.75901212225459
          ],
          [
            -112.299257107771,
            37.75924723070731
          ],
          [
            -112.29945964013899,
            37.75915703315229
          ],
          [
            -112.299593333707,
            37.7589799018025
          ],
          [
            -112.29972702009,
            37.758925613206706
          ],
          [
            -112.29981737803101,
            37.75902267443539
          ],
          [
            -112.300153369507,
            37.7592998025155
          ],
          [
            -112.30076040067003,
            37.75974247619809
          ],
          [
            -112.30095909184101,
            37.759899626561186
          ],
          [
            -112.301139689146,
            37.7599310696613
          ],
          [
            -112.30137814424299,
            37.7599538519453
          ],
          [
            -112.30159501282401,
            37.7599367661207
          ],
          [
            -112.301786340505,
            37.759990982245
          ],
          [
            -112.30197065234302,
            37.75998822456711
          ],
          [
            -112.30211882495799,
            37.75997676347729
          ],
          [
            -112.30230670759899,
            37.75995107367031
          ],
          [
            -112.302566786942,
            37.759951082902795
          ],
          [
            -112.302700455358,
            37.759831088595995
          ],
          [
            -112.30292806329801,
            37.7598567819957
          ],
          [
            -112.30304375912,
            37.759922467090696
          ],
          [
            -112.303267776494,
            37.7599310753429
          ],
          [
            -112.30341953518402,
            37.7599881592294
          ],
          [
            -112.30351338308002,
            37.7600767067055
          ],
          [
            -112.30362532573999,
            37.7600966481782
          ],
          [
            -112.303755431438,
            37.760265278010905
          ],
          [
            -112.303820462278,
            37.76041948637291
          ],
          [
            -112.30409502426,
            37.7610049762418
          ],
          [
            -112.30429013295,
            37.7612677896034
          ],
          [
            -112.30434072786304,
            37.7613820511434
          ],
          [
            -112.30440214747598,
            37.7616020011459
          ],
          [
            -112.304499762906,
            37.7617562095618
          ],
          [
            -112.30451056874,
            37.761944814935
          ],
          [
            -112.304564806322,
            37.7620789538722
          ],
          [
            -112.304499735058,
            37.7621617798325
          ],
          [
            -112.304543082364,
            37.7622446674849
          ],
          [
            -112.30463706141398,
            37.7623275351596
          ],
          [
            -112.30470927428499,
            37.76247030763581
          ],
          [
            -112.30485014988403,
            37.7625731144425
          ],
          [
            -112.30495138193199,
            37.762661669476806
          ],
          [
            -112.30508143372998,
            37.7628074055391
          ],
          [
            -112.30517532744099,
            37.7628530514175
          ],
          [
            -112.305374093172,
            37.76293592906299
          ],
          [
            -112.305547481497,
            37.762995925142796
          ],
          [
            -112.305583710552,
            37.762964430083095
          ],
          [
            -112.30581059445001,
            37.76299994964071
          ],
          [
            -112.305584633122,
            37.76305562858649
          ],
          [
            -112.305292366244,
            37.7632208237236
          ],
          [
            -112.305230503762,
            37.76327306177269
          ],
          [
            -112.305110966744,
            37.76324112937161
          ],
          [
            -112.30498522596,
            37.763153386746595
          ],
          [
            -112.30488273178,
            37.7631416335603
          ],
          [
            -112.304822946202,
            37.7631247210416
          ],
          [
            -112.30470136192399,
            37.763131384496305
          ],
          [
            -112.30461822553902,
            37.7630841771415
          ],
          [
            -112.304462482822,
            37.763065712903206
          ],
          [
            -112.304334491758,
            37.76304369713381
          ],
          [
            -112.30428967930001,
            37.76308420909879
          ],
          [
            -112.30415531289302,
            37.7631516695742
          ],
          [
            -112.30408485263602,
            37.763205714323696
          ],
          [
            -112.303858685593,
            37.763295009298396
          ],
          [
            -112.303796851857,
            37.7633489580714
          ],
          [
            -112.30379042531,
            37.763409684570505
          ],
          [
            -112.303801123347,
            37.76348229837391
          ],
          [
            -112.303745725141,
            37.7635665494707
          ],
          [
            -112.30370725299298,
            37.763625557209394
          ],
          [
            -112.303630464104,
            37.7637200486051
          ],
          [
            -112.30357497337201,
            37.76379258327639
          ],
          [
            -112.30359203687101,
            37.7639174009205
          ],
          [
            -112.30360903928401,
            37.763999948572
          ],
          [
            -112.303574957202,
            37.76416030120011
          ],
          [
            -112.303485350253,
            37.7642748515643
          ],
          [
            -112.303478999164,
            37.76435928071632
          ],
          [
            -112.303383031244,
            37.76446723277219
          ],
          [
            -112.30333597928602,
            37.764516061225095
          ],
          [
            -112.30325914458301,
            37.76462740614
          ],
          [
            -112.30314619580902,
            37.76472518139651
          ],
          [
            -112.30302669472302,
            37.76470838712431
          ],
          [
            -112.30291150375399,
            37.7646460319021
          ],
          [
            -112.302646894208,
            37.764446983562706
          ],
          [
            -112.302452781749,
            37.7642799611041
          ],
          [
            -112.30237595333502,
            37.764242867044494
          ],
          [
            -112.302275730993,
            37.7642377560819
          ],
          [
            -112.302149855463,
            37.7641939936717
          ],
          [
            -112.301736034849,
            37.76397982848258
          ],
          [
            -112.30161008026599,
            37.763905603826
          ],
          [
            -112.301317780151,
            37.7638752148656
          ],
          [
            -112.301223949323,
            37.7639173490791
          ],
          [
            -112.301153441455,
            37.76386513278981
          ],
          [
            -112.30105539393502,
            37.76380267601439
          ],
          [
            -112.30094658190198,
            37.763767286090804
          ],
          [
            -112.30085262531,
            37.76375038791821
          ],
          [
            -112.300746122847,
            37.763814472415106
          ],
          [
            -112.300650120791,
            37.76383635160519
          ],
          [
            -112.300558295901,
            37.76386341137301
          ],
          [
            -112.30037477098601,
            37.763853270352605
          ],
          [
            -112.300214730729,
            37.7639460641878
          ],
          [
            -112.300142241177,
            37.764026986975296
          ],
          [
            -112.30002499665899,
            37.76407415467
          ],
          [
            -112.299911883494,
            37.76426647177621
          ],
          [
            -112.299559918175,
            37.7641871669777
          ],
          [
            -112.299397688723,
            37.76423275803301
          ],
          [
            -112.299367932928,
            37.7643424096647
          ],
          [
            -112.29944244279102,
            37.76443522987179
          ],
          [
            -112.299457438368,
            37.7644941872071
          ],
          [
            -112.299463888272,
            37.7645902817183
          ],
          [
            -112.299394217633,
            37.764761028906406
          ],
          [
            -112.299419334528,
            37.7648404239884
          ],
          [
            -112.29939073576301,
            37.76515248778269
          ],
          [
            -112.299370355684,
            37.7654216513968
          ],
          [
            -112.29933916168602,
            37.7656113516889
          ],
          [
            -112.29931397562,
            37.7657486220736
          ],
          [
            -112.298722373022,
            37.7660606735141
          ],
          [
            -112.297927384657,
            37.7662596912357
          ],
          [
            -112.297794469927,
            37.7663004506954
          ],
          [
            -112.297706330825,
            37.7663047562259
          ],
          [
            -112.29757140027598,
            37.766223686092495
          ],
          [
            -112.29715234517899,
            37.7661516920866
          ],
          [
            -112.296217346292,
            37.76657070657141
          ],
          [
            -112.29604336867301,
            37.76669167773309
          ],
          [
            -112.295923356446,
            37.766723730786296
          ],
          [
            -112.29567764385901,
            37.766676593186595
          ],
          [
            -112.29559035635998,
            37.7667297363384
          ],
          [
            -112.295526347802,
            37.766854725137
          ],
          [
            -112.295566431529,
            37.7669527026752
          ],
          [
            -112.295542350391,
            37.7671407018439
          ],
          [
            -112.29545601420699,
            37.7672224044019
          ],
          [
            -112.295413347825,
            37.7672627095626
          ],
          [
            -112.294869374801,
            37.7669287309556
          ],
          [
            -112.29459242869,
            37.767043710918195
          ],
          [
            -112.29449239319901,
            37.7671536836191
          ],
          [
            -112.29433838692502,
            37.767241716909496
          ],
          [
            -112.29391338318402,
            37.7675647128098
          ],
          [
            -112.293811353432,
            37.767716705296195
          ],
          [
            -112.29380833419502,
            37.7678757219471
          ],
          [
            -112.293936428564,
            37.7680336595908
          ],
          [
            -112.294212383833,
            37.768141665222984
          ],
          [
            -112.29426737779602,
            37.768430728069
          ],
          [
            -112.29442640206003,
            37.768799672722
          ],
          [
            -112.29462242882799,
            37.7689986816522
          ],
          [
            -112.29487034677798,
            37.7690286736886
          ],
          [
            -112.294992423334,
            37.7691277333869
          ],
          [
            -112.295148431054,
            37.7694276725622
          ],
          [
            -112.29534241056102,
            37.76956766975059
          ],
          [
            -112.29527342264302,
            37.77001266293411
          ],
          [
            -112.29521638141898,
            37.77013369947489
          ],
          [
            -112.294645405038,
            37.77053770421091
          ],
          [
            -112.294406736141,
            37.7706152220024
          ],
          [
            -112.294254151002,
            37.77070053578879
          ],
          [
            -112.294143883699,
            37.770803499446096
          ],
          [
            -112.29383960005802,
            37.771018549525195
          ],
          [
            -112.293581340702,
            37.7711838830944
          ],
          [
            -112.29345913209399,
            37.77123371330259
          ],
          [
            -112.29329295185102,
            37.7712230996663
          ],
          [
            -112.293130408887,
            37.7711865799978
          ],
          [
            -112.292978513654,
            37.7712529580146
          ],
          [
            -112.292777516508,
            37.7712968021678
          ],
          [
            -112.29250579769402,
            37.7712957278107
          ],
          [
            -112.29238892867198,
            37.771287095318094
          ],
          [
            -112.292255163238,
            37.7713384031408
          ],
          [
            -112.29199396549302,
            37.77132207050471
          ],
          [
            -112.291700124767,
            37.7712633749532
          ],
          [
            -112.29147349239702,
            37.7710801985194
          ],
          [
            -112.291405524066,
            37.77104345084249
          ],
          [
            -112.291370111579,
            37.7709657886421
          ],
          [
            -112.291367068985,
            37.770869206773504
          ],
          [
            -112.29132941160802,
            37.7708387056402
          ],
          [
            -112.29098323054198,
            37.7707603040218
          ],
          [
            -112.290704352156,
            37.7707392051381
          ],
          [
            -112.29048436192902,
            37.770578665819
          ],
          [
            -112.290301652685,
            37.7705967994095
          ],
          [
            -112.28967990801601,
            37.7704460647353
          ],
          [
            -112.289582665386,
            37.7704494724679
          ],
          [
            -112.289279356417,
            37.7703159792751
          ],
          [
            -112.28920951959002,
            37.77026302758549
          ],
          [
            -112.289160012537,
            37.7701777686817
          ],
          [
            -112.288847402411,
            37.769972725682095
          ],
          [
            -112.28851459366598,
            37.76993833213682
          ],
          [
            -112.287638384125,
            37.77044667257431
          ],
          [
            -112.28734242157799,
            37.770474691387896
          ],
          [
            -112.287237658253,
            37.770424193891486
          ],
          [
            -112.286992931118,
            37.7704081209473
          ],
          [
            -112.28690583496,
            37.7704335862836
          ],
          [
            -112.286558337862,
            37.7702527113393
          ],
          [
            -112.28657139218,
            37.7702066943879
          ],
          [
            -112.28643040159598,
            37.77009665663789
          ],
          [
            -112.286063355361,
            37.770012699859095
          ],
          [
            -112.285947326264,
            37.7699016683941
          ],
          [
            -112.285750351773,
            37.769869660034196
          ],
          [
            -112.285514964422,
            37.76968467436469
          ],
          [
            -112.285477111213,
            37.76954430956539
          ],
          [
            -112.285074376708,
            37.7693136521049
          ],
          [
            -112.28479053243501,
            37.76920201600169
          ],
          [
            -112.284670221069,
            37.769217297442
          ],
          [
            -112.284550896951,
            37.7692633909902
          ],
          [
            -112.284438435962,
            37.7692665097651
          ],
          [
            -112.28439062133499,
            37.76929839553819
          ],
          [
            -112.28439113427301,
            37.76943303951299
          ],
          [
            -112.284416055335,
            37.7694954056112
          ],
          [
            -112.284378350348,
            37.7695800851496
          ],
          [
            -112.28411982688698,
            37.7699149301729
          ],
          [
            -112.28406788899198,
            37.77011548766029
          ],
          [
            -112.28398579645,
            37.77024652570951
          ],
          [
            -112.283953748154,
            37.770389184905696
          ],
          [
            -112.283910774548,
            37.77047130850969
          ],
          [
            -112.28389143382,
            37.77068566011639
          ],
          [
            -112.28380742966202,
            37.7708047321602
          ],
          [
            -112.283729519676,
            37.770842803560505
          ],
          [
            -112.283613005489,
            37.7708611969786
          ],
          [
            -112.283579427362,
            37.770941685436995
          ],
          [
            -112.283430350144,
            37.77113870462351
          ],
          [
            -112.283525433223,
            37.7712926865205
          ],
          [
            -112.283505367555,
            37.771563736485405
          ],
          [
            -112.283390353554,
            37.77179373081389
          ],
          [
            -112.283457406502,
            37.7720667160312
          ],
          [
            -112.28345337755799,
            37.77222772644971
          ],
          [
            -112.283684377536,
            37.7725396617914
          ],
          [
            -112.283746971247,
            37.7726662391397
          ],
          [
            -112.283799345723,
            37.772970116910386
          ],
          [
            -112.28395623379302,
            37.773099812134994
          ],
          [
            -112.284044366607,
            37.773258736262484
          ],
          [
            -112.284195465932,
            37.77329007569429
          ],
          [
            -112.28420435925399,
            37.77334468605682
          ],
          [
            -112.284251325872,
            37.7735327193894
          ],
          [
            -112.28467980609301,
            37.7737670645236
          ],
          [
            -112.284801398456,
            37.77396969558401
          ],
          [
            -112.28487138889501,
            37.7741167400095
          ],
          [
            -112.285179901805,
            37.774274972487184
          ],
          [
            -112.285205324127,
            37.7744907289137
          ],
          [
            -112.285655353135,
            37.774847678279286
          ],
          [
            -112.28612638205901,
            37.775151672052594
          ],
          [
            -112.286218373138,
            37.775270716313
          ],
          [
            -112.28635634089102,
            37.7755137241506
          ],
          [
            -112.28637436918,
            37.77563673057459
          ],
          [
            -112.28630536239602,
            37.7757956563493
          ],
          [
            -112.286348432123,
            37.77591568581791
          ],
          [
            -112.286330397545,
            37.7760937024969
          ],
          [
            -112.28662541236899,
            37.776402679852886
          ],
          [
            -112.28661533596701,
            37.7766336950669
          ],
          [
            -112.28672839703002,
            37.77680865759319
          ],
          [
            -112.287006341169,
            37.776918730796204
          ],
          [
            -112.287212380559,
            37.7771056559153
          ],
          [
            -112.28718241545602,
            37.77701468490711
          ],
          [
            -112.287210380011,
            37.777042679220905
          ],
          [
            -112.287546325673,
            37.77698772651569
          ],
          [
            -112.2879204147,
            37.7772006626071
          ],
          [
            -112.288087351324,
            37.77726066486469
          ],
          [
            -112.28857742632901,
            37.778496710335105
          ],
          [
            -112.289168425259,
            37.778821731016
          ],
          [
            -112.28916935411699,
            37.779221703004794
          ],
          [
            -112.28924940838202,
            37.7795746641526
          ],
          [
            -112.28923337345398,
            37.77965171735689
          ],
          [
            -112.28840741297502,
            37.78016969811641
          ],
          [
            -112.288463435509,
            37.7803616865237
          ],
          [
            -112.288584427798,
            37.780554676235504
          ],
          [
            -112.28859941349401,
            37.7807507177046
          ],
          [
            -112.28851642712799,
            37.780954680737096
          ],
          [
            -112.288493430257,
            37.78117366941961
          ],
          [
            -112.28840742555099,
            37.781249685794
          ],
          [
            -112.288481341628,
            37.78141272736588
          ],
          [
            -112.288430366727,
            37.781550728101
          ],
          [
            -112.288591323266,
            37.781664690637896
          ],
          [
            -112.288747339072,
            37.78192570319191
          ],
          [
            -112.28852633824,
            37.7821207207832
          ],
          [
            -112.28833136609401,
            37.7824087350097
          ],
          [
            -112.288189324482,
            37.78271067994339
          ],
          [
            -112.288061402589,
            37.78313269961159
          ],
          [
            -112.288120425496,
            37.78336665365071
          ],
          [
            -112.28797140577,
            37.78388173444609
          ],
          [
            -112.288599391934,
            37.7841566927367
          ],
          [
            -112.28920736992198,
            37.7843516540344
          ],
          [
            -112.289255357026,
            37.7843096713264
          ],
          [
            -112.28910142800702,
            37.784077657046794
          ],
          [
            -112.289113429499,
            37.78383373310971
          ],
          [
            -112.288998398431,
            37.783709715845895
          ],
          [
            -112.288909361013,
            37.783689690575095
          ],
          [
            -112.28893038159002,
            37.78365773646209
          ],
          [
            -112.28915439357499,
            37.783707738593904
          ],
          [
            -112.289094383419,
            37.783508674829584
          ],
          [
            -112.289216409669,
            37.7833817035537
          ],
          [
            -112.289383336411,
            37.78333571465299
          ],
          [
            -112.28974636538099,
            37.783798686455896
          ],
          [
            -112.29013242984898,
            37.7841297298502
          ],
          [
            -112.29031434228702,
            37.7843577412198
          ],
          [
            -112.29055639154399,
            37.784334720808204
          ],
          [
            -112.290912378619,
            37.7841637263154
          ],
          [
            -112.29108438802999,
            37.784135704170104
          ],
          [
            -112.291366373689,
            37.7842606834241
          ],
          [
            -112.291469382604,
            37.78435265507619
          ],
          [
            -112.291647347845,
            37.78424273280489
          ],
          [
            -112.291928388477,
            37.784678657434895
          ],
          [
            -112.291956423999,
            37.784775686283496
          ],
          [
            -112.291694343209,
            37.784802714250105
          ],
          [
            -112.291306380601,
            37.78500272231549
          ],
          [
            -112.29127735423802,
            37.7850966823282
          ],
          [
            -112.291432335184,
            37.7856887369222
          ],
          [
            -112.29164433220102,
            37.7857526554471
          ],
          [
            -112.291854396044,
            37.78574467424259
          ],
          [
            -112.292074404237,
            37.785681696389105
          ],
          [
            -112.29220638471801,
            37.7857546936998
          ],
          [
            -112.292424352837,
            37.78561368780079
          ],
          [
            -112.292571426812,
            37.785718693790216
          ],
          [
            -112.29261137040102,
            37.785801712645
          ],
          [
            -112.29254335445901,
            37.78601074137949
          ],
          [
            -112.292755373934,
            37.78621273188
          ],
          [
            -112.292775369534,
            37.7863696932331
          ],
          [
            -112.292898370456,
            37.78650073938971
          ],
          [
            -112.29290533419599,
            37.786815655158
          ],
          [
            -112.29300338531,
            37.7869877119647
          ],
          [
            -112.29296742754498,
            37.78721171050499
          ],
          [
            -112.293184384161,
            37.787279717622695
          ],
          [
            -112.29336337527802,
            37.787586706570096
          ],
          [
            -112.293485381765,
            37.788409663542495
          ],
          [
            -112.293015393988,
            37.78901272223781
          ],
          [
            -112.29239639187502,
            37.78969366069809
          ],
          [
            -112.292239413974,
            37.7900376831296
          ],
          [
            -112.292226344385,
            37.79038274041451
          ],
          [
            -112.29233439195102,
            37.790541710444
          ],
          [
            -112.292378342925,
            37.79106972945579
          ],
          [
            -112.29266440963,
            37.7911926773379
          ],
          [
            -112.292743339204,
            37.79140766455549
          ],
          [
            -112.292908370502,
            37.79152572144499
          ],
          [
            -112.29289140941098,
            37.7916146819354
          ],
          [
            -112.292645342888,
            37.7918256648732
          ],
          [
            -112.292691371665,
            37.792068681465
          ],
          [
            -112.292862336335,
            37.79237071116099
          ],
          [
            -112.29291441795999,
            37.7926677371067
          ],
          [
            -112.29316943170299,
            37.79287871774739
          ],
          [
            -112.29308336142101,
            37.7930556798712
          ],
          [
            -112.29290440444001,
            37.79329873217029
          ],
          [
            -112.292396435893,
            37.793783688642705
          ],
          [
            -112.29199733687,
            37.7940836811135
          ],
          [
            -112.291750341489,
            37.7944636588961
          ],
          [
            -112.29148232463301,
            37.7945626724445
          ],
          [
            -112.29139040272501,
            37.7946517336276
          ],
          [
            -112.29127537345302,
            37.7948227024324
          ],
          [
            -112.291225411851,
            37.79503865230029
          ],
          [
            -112.290894357516,
            37.7951246562734
          ],
          [
            -112.290177380647,
            37.795635687052204
          ],
          [
            -112.289275347236,
            37.7959686664116
          ],
          [
            -112.28905632808801,
            37.796521735291
          ],
          [
            -112.288576418419,
            37.7970097030312
          ],
          [
            -112.288362388514,
            37.7971247022239
          ],
          [
            -112.28807334928402,
            37.79717166495569
          ],
          [
            -112.287609435915,
            37.7969656604679
          ],
          [
            -112.28666437140501,
            37.796973734159
          ],
          [
            -112.28615241074499,
            37.79676067828439
          ],
          [
            -112.28546342987102,
            37.7966616691015
          ],
          [
            -112.28539033485501,
            37.7965006898998
          ],
          [
            -112.28485743177,
            37.796461711048394
          ],
          [
            -112.28447440989602,
            37.7965777346852
          ],
          [
            -112.284117331367,
            37.79633567275749
          ],
          [
            -112.283665351219,
            37.7965426628424
          ]
        ],
        "type": "LineString"
      }
    },
    {
      "type": "Feature",
      "properties": {
        "id": "04-red-canyon-cassidy-02",
        "name": "Cassidy",
        "label": "Cassidy \u00b7 part 2/3",
        "component": 2,
        "component_count": 3,
        "map_clipped": false,
        "source": "state-trails.geojson",
        "source_ids": [
          6732
        ],
        "published_horse_status": "HorseAllowed=Yes; current permission unverified",
        "direction": "Start at westernmost endpoint (southwest if equal longitude), follow source geometry",
        "start_wgs84": [
          -112.283665351219,
          37.7965426628424
        ],
        "end_wgs84": [
          -112.26561948265,
          37.8015380726706
        ],
        "distance_miles": 1.559477931669953,
        "ascent_ft": 106.89041426922223,
        "descent_ft": 202.02775972451522,
        "sample_spacing_m": 29.877814910302966,
        "valid_samples": 85,
        "sample_count": 85,
        "shorter_than_two_output_pixels": false,
        "gap_samples": 0,
        "gap_count": 0,
        "relative_zero": "chosen start",
        "dem_file": "04-red-canyon-dem.tif",
        "dem_source": "USGS 3DEP ImageServer mosaic; native sources unresolved; not verified lidar",
        "dem_output_pixel_m": 13.75,
        "smoothing": "3-sample median then 3-sample moving mean, segment endpoints retained; 3m reversal threshold for totals",
        "csv": "sources/profiles/04-red-canyon-cassidy-02.csv",
        "shown_on_page": true
      },
      "geometry": {
        "coordinates": [
          [
            -112.283665351219,
            37.7965426628424
          ],
          [
            -112.28368634484701,
            37.7964956585399
          ],
          [
            -112.28299936991101,
            37.79630873986911
          ],
          [
            -112.282638420542,
            37.796341691520496
          ],
          [
            -112.281954387589,
            37.7961867296875
          ],
          [
            -112.281559375003,
            37.7961676845446
          ],
          [
            -112.281151350319,
            37.79625666216079
          ],
          [
            -112.280639423795,
            37.79627466593939
          ],
          [
            -112.28042233333001,
            37.7961537325368
          ],
          [
            -112.280249369909,
            37.7959967195622
          ],
          [
            -112.279907339059,
            37.7960136848986
          ],
          [
            -112.279395402653,
            37.795655675723104
          ],
          [
            -112.279134340554,
            37.7955466639675
          ],
          [
            -112.278741380618,
            37.7955146993648
          ],
          [
            -112.27861233672901,
            37.79538172206809
          ],
          [
            -112.27861041972402,
            37.7951716578989
          ],
          [
            -112.27819937041302,
            37.795058683723994
          ],
          [
            -112.27797135373899,
            37.7950876550633
          ],
          [
            -112.277771368994,
            37.79514173680651
          ],
          [
            -112.277774398113,
            37.7951856860466
          ],
          [
            -112.277604342538,
            37.79520366311171
          ],
          [
            -112.277137426101,
            37.79501873941721
          ],
          [
            -112.276980344894,
            37.79480071386549
          ],
          [
            -112.27665138004,
            37.79468567272269
          ],
          [
            -112.276185332274,
            37.79437266666049
          ],
          [
            -112.27601340999999,
            37.79442067392889
          ],
          [
            -112.275162389219,
            37.7949227007813
          ],
          [
            -112.275127381873,
            37.795046733300595
          ],
          [
            -112.27491939223998,
            37.7950316800944
          ],
          [
            -112.274570431786,
            37.795127656121295
          ],
          [
            -112.274260324367,
            37.79513173210939
          ],
          [
            -112.274130392045,
            37.79525066255739
          ],
          [
            -112.273782358652,
            37.79536771525319
          ],
          [
            -112.273467400331,
            37.79537373409519
          ],
          [
            -112.27333738626102,
            37.79544174363879
          ],
          [
            -112.272763408609,
            37.7955367210822
          ],
          [
            -112.272490322559,
            37.7957657087905
          ],
          [
            -112.27231243277699,
            37.795823689235
          ],
          [
            -112.272005381426,
            37.7957147075411
          ],
          [
            -112.27078535877699,
            37.7957957403666
          ],
          [
            -112.270315322491,
            37.795467702216705
          ],
          [
            -112.269898422453,
            37.795403701233994
          ],
          [
            -112.269766388971,
            37.795194678483895
          ],
          [
            -112.26930937286699,
            37.794956712867204
          ],
          [
            -112.268887376685,
            37.7948867245043
          ],
          [
            -112.268117398316,
            37.7949837001975
          ],
          [
            -112.267376406784,
            37.795261694397
          ],
          [
            -112.267213413764,
            37.795287692079995
          ],
          [
            -112.266733420552,
            37.7956657080334
          ],
          [
            -112.26611341861401,
            37.79581973112
          ],
          [
            -112.265862421239,
            37.79615968174989
          ],
          [
            -112.26566439661698,
            37.79632268616881
          ],
          [
            -112.265280407258,
            37.7964036892239
          ],
          [
            -112.265001457006,
            37.7965634150571
          ],
          [
            -112.26494241074198,
            37.796790717264194
          ],
          [
            -112.26495838727999,
            37.7969016721404
          ],
          [
            -112.26508337976601,
            37.79708472922099
          ],
          [
            -112.26522841007402,
            37.797170683963
          ],
          [
            -112.265275366811,
            37.79726670547979
          ],
          [
            -112.265198326394,
            37.797344681478094
          ],
          [
            -112.26523032348601,
            37.79765572504309
          ],
          [
            -112.26533942118202,
            37.79807868861199
          ],
          [
            -112.265311348829,
            37.79829069795281
          ],
          [
            -112.265529362762,
            37.798739709720195
          ],
          [
            -112.26554436642401,
            37.7989466597076
          ],
          [
            -112.265484429032,
            37.7991617145089
          ],
          [
            -112.26534634898898,
            37.79926368878909
          ],
          [
            -112.26531838443499,
            37.79995471924121
          ],
          [
            -112.26543632784201,
            37.8007827065186
          ],
          [
            -112.26568133525001,
            37.8011357137476
          ],
          [
            -112.26575238031101,
            37.80141172860199
          ],
          [
            -112.26561948265,
            37.8015380726706
          ]
        ],
        "type": "LineString"
      }
    },
    {
      "type": "Feature",
      "properties": {
        "id": "04-red-canyon-cassidy-03",
        "name": "Cassidy",
        "label": "Cassidy \u00b7 part 3/3",
        "component": 3,
        "component_count": 3,
        "map_clipped": false,
        "source": "state-trails.geojson",
        "source_ids": [
          6707
        ],
        "published_horse_status": "HorseAllowed=Yes; current permission unverified",
        "direction": "Start at westernmost endpoint (southwest if equal longitude), follow source geometry",
        "start_wgs84": [
          -112.284498742562,
          37.800553576785596
        ],
        "end_wgs84": [
          -112.283665351219,
          37.7965426628424
        ],
        "distance_miles": 0.31035747606373104,
        "ascent_ft": 78.52818327336452,
        "descent_ft": 0.0,
        "sample_spacing_m": 29.380702468135834,
        "valid_samples": 18,
        "sample_count": 18,
        "shorter_than_two_output_pixels": false,
        "gap_samples": 0,
        "gap_count": 0,
        "relative_zero": "chosen start",
        "dem_file": "04-red-canyon-dem.tif",
        "dem_source": "USGS 3DEP ImageServer mosaic; native sources unresolved; not verified lidar",
        "dem_output_pixel_m": 13.75,
        "smoothing": "3-sample median then 3-sample moving mean, segment endpoints retained; 3m reversal threshold for totals",
        "csv": "sources/profiles/04-red-canyon-cassidy-03.csv",
        "shown_on_page": true
      },
      "geometry": {
        "coordinates": [
          [
            -112.284498742562,
            37.800553576785596
          ],
          [
            -112.284500996435,
            37.8005197546647
          ],
          [
            -112.28449846677901,
            37.80045894720799
          ],
          [
            -112.284484012887,
            37.8003982688857
          ],
          [
            -112.28445248920698,
            37.80034228374449
          ],
          [
            -112.28442668240501,
            37.80028848973069
          ],
          [
            -112.28444701756798,
            37.8002296858663
          ],
          [
            -112.284467881839,
            37.800168622640506
          ],
          [
            -112.284460088954,
            37.800105619460695
          ],
          [
            -112.284415963707,
            37.8000565313003
          ],
          [
            -112.284376351596,
            37.800025418289295
          ],
          [
            -112.284355152254,
            37.7999490421905
          ],
          [
            -112.28434767557599,
            37.79991082039571
          ],
          [
            -112.284305920983,
            37.7998346677686
          ],
          [
            -112.284257558383,
            37.7997901321517
          ],
          [
            -112.284224370125,
            37.799736417944395
          ],
          [
            -112.284182821247,
            37.7996918077382
          ],
          [
            -112.28415273576901,
            37.79963355350301
          ],
          [
            -112.284100778112,
            37.79959130974869
          ],
          [
            -112.28406687030298,
            37.79953535096891
          ],
          [
            -112.284045982676,
            37.79947699652659
          ],
          [
            -112.28400912210499,
            37.7994210688919
          ],
          [
            -112.283943998738,
            37.79939248752039
          ],
          [
            -112.28390744718801,
            37.7993478231605
          ],
          [
            -112.283913434459,
            37.7992869224631
          ],
          [
            -112.28390731783,
            37.79924192584569
          ],
          [
            -112.28392017900998,
            37.7992237602424
          ],
          [
            -112.283934558343,
            37.7992145908416
          ],
          [
            -112.283940343493,
            37.799201009223395
          ],
          [
            -112.283963829947,
            37.799160196211695
          ],
          [
            -112.28398314642,
            37.79910816310261
          ],
          [
            -112.283999507436,
            37.7990494023072
          ],
          [
            -112.284004551477,
            37.7989930186456
          ],
          [
            -112.284006688569,
            37.79895243833929
          ],
          [
            -112.283993256959,
            37.79889174955181
          ],
          [
            -112.283969530655,
            37.7988334258332
          ],
          [
            -112.28392912173902,
            37.79879556262979
          ],
          [
            -112.283885171664,
            37.79871718072599
          ],
          [
            -112.283855806635,
            37.7986611715964
          ],
          [
            -112.28384052988602,
            37.79861852836639
          ],
          [
            -112.28382600233101,
            37.79856010434699
          ],
          [
            -112.283798522866,
            37.7984883029613
          ],
          [
            -112.28377347603998,
            37.79843900645759
          ],
          [
            -112.283732298165,
            37.7983763666522
          ],
          [
            -112.283694153902,
            37.79832495976589
          ],
          [
            -112.283660371857,
            37.79821717568829
          ],
          [
            -112.28365046164302,
            37.798156448675904
          ],
          [
            -112.28363601224203,
            37.7981025302703
          ],
          [
            -112.283630157921,
            37.79805302482009
          ],
          [
            -112.283624513806,
            37.7979697187626
          ],
          [
            -112.283596249214,
            37.7979182044093
          ],
          [
            -112.283543803771,
            37.79788047205509
          ],
          [
            -112.28346346474001,
            37.79785205618751
          ],
          [
            -112.283390244858,
            37.797828069643195
          ],
          [
            -112.283344888919,
            37.797812791278
          ],
          [
            -112.28326345034999,
            37.797779881452904
          ],
          [
            -112.283244160826,
            37.797735028012994
          ],
          [
            -112.283248786252,
            37.79767414231199
          ],
          [
            -112.283260604488,
            37.7976154314838
          ],
          [
            -112.283288399261,
            37.7975610527123
          ],
          [
            -112.283297528839,
            37.7974978648816
          ],
          [
            -112.283318506298,
            37.797436800817
          ],
          [
            -112.28333380640399,
            37.7973757991674
          ],
          [
            -112.28334653014102,
            37.7973103184139
          ],
          [
            -112.283358274715,
            37.797253861731605
          ],
          [
            -112.28339151327901,
            37.7971859049643
          ],
          [
            -112.28342983630698,
            37.7971426773976
          ],
          [
            -112.283486555934,
            37.797099248921896
          ],
          [
            -112.283522225339,
            37.7970470376117
          ],
          [
            -112.283554149668,
            37.797001626504695
          ],
          [
            -112.28355362235702,
            37.79698423833211
          ],
          [
            -112.283543775025,
            37.7968418554794
          ],
          [
            -112.283563022328,
            37.79667419068511
          ],
          [
            -112.283609100512,
            37.7965737382791
          ],
          [
            -112.283665351219,
            37.7965426628424
          ]
        ],
        "type": "LineString"
      }
    },
    {
      "type": "Feature",
      "properties": {
        "id": "04-red-canyon-castle-bridge-01",
        "name": "Castle Bridge",
        "label": "Castle Bridge",
        "component": 1,
        "component_count": 1,
        "map_clipped": false,
        "source": "state-trails.geojson",
        "source_ids": [
          5826
        ],
        "published_horse_status": "HorseAllowed=Yes; current permission unverified",
        "direction": "Start at westernmost endpoint (southwest if equal longitude), follow source geometry",
        "start_wgs84": [
          -112.319777805303,
          37.739224448667194
        ],
        "end_wgs84": [
          -112.317134834177,
          37.7345742602142
        ],
        "distance_miles": 0.5753337184788593,
        "ascent_ft": 289.9570441279188,
        "descent_ft": 112.81882624871068,
        "sample_spacing_m": 29.86806025263359,
        "valid_samples": 32,
        "sample_count": 32,
        "shorter_than_two_output_pixels": false,
        "gap_samples": 0,
        "gap_count": 0,
        "relative_zero": "chosen start",
        "dem_file": "04-red-canyon-dem.tif",
        "dem_source": "USGS 3DEP ImageServer mosaic; native sources unresolved; not verified lidar",
        "dem_output_pixel_m": 13.75,
        "smoothing": "3-sample median then 3-sample moving mean, segment endpoints retained; 3m reversal threshold for totals",
        "csv": "sources/profiles/04-red-canyon-castle-bridge-01.csv",
        "shown_on_page": true
      },
      "geometry": {
        "coordinates": [
          [
            -112.319777805303,
            37.739224448667194
          ],
          [
            -112.319712382798,
            37.73919597970439
          ],
          [
            -112.319497055726,
            37.739155580398105
          ],
          [
            -112.318782551919,
            37.7392852496682
          ],
          [
            -112.31817691134701,
            37.73918612585319
          ],
          [
            -112.318224919113,
            37.739115830369
          ],
          [
            -112.318450532793,
            37.7390771657997
          ],
          [
            -112.318277892765,
            37.7389799576395
          ],
          [
            -112.317698809987,
            37.73880392598661
          ],
          [
            -112.31714245189,
            37.738251358037594
          ],
          [
            -112.317196128025,
            37.7382575172165
          ],
          [
            -112.31717263618202,
            37.73821271645991
          ],
          [
            -112.31706089115099,
            37.73811257249151
          ],
          [
            -112.317163931507,
            37.7380865461767
          ],
          [
            -112.31702501513303,
            37.7378876558395
          ],
          [
            -112.317168568611,
            37.7379063302475
          ],
          [
            -112.31717643964899,
            37.73787019124649
          ],
          [
            -112.316951431433,
            37.737744274704795
          ],
          [
            -112.31732172238299,
            37.7377559090254
          ],
          [
            -112.31735720493901,
            37.7377217143332
          ],
          [
            -112.31721781515301,
            37.7373807902425
          ],
          [
            -112.316800792045,
            37.7372615251553
          ],
          [
            -112.31670069546799,
            37.73715899788961
          ],
          [
            -112.31666007095602,
            37.7369093488276
          ],
          [
            -112.31682813316898,
            37.73688944586169
          ],
          [
            -112.31685234366401,
            37.73685312449809
          ],
          [
            -112.316678235789,
            37.73642921954159
          ],
          [
            -112.316789366373,
            37.73627701500509
          ],
          [
            -112.31689225491398,
            37.73588381341298
          ],
          [
            -112.316886737462,
            37.73584782403469
          ],
          [
            -112.316770799993,
            37.7358310942498
          ],
          [
            -112.31663450131002,
            37.73588218654199
          ],
          [
            -112.316552126696,
            37.735761344738506
          ],
          [
            -112.316542896507,
            37.735675917482205
          ],
          [
            -112.316631554835,
            37.73551720459181
          ],
          [
            -112.316543800212,
            37.735304043348606
          ],
          [
            -112.317042328364,
            37.73494481518709
          ],
          [
            -112.31695743667102,
            37.7347587497051
          ],
          [
            -112.31702657101502,
            37.73459349528179
          ],
          [
            -112.317134834177,
            37.7345742602142
          ]
        ],
        "type": "LineString"
      }
    },
    {
      "type": "Feature",
      "properties": {
        "id": "04-red-canyon-casto-canyon-01",
        "name": "Casto Canyon",
        "label": "Casto Canyon",
        "component": 1,
        "component_count": 1,
        "map_clipped": false,
        "source": "state-trails.geojson",
        "source_ids": [
          6762,
          6767,
          6778,
          6802
        ],
        "published_horse_status": "HorseAllowed=Yes; current permission unverified",
        "direction": "Start at westernmost endpoint (southwest if equal longitude), follow source geometry",
        "start_wgs84": [
          -112.332004429682,
          37.7839857681182
        ],
        "end_wgs84": [
          -112.256264873744,
          37.8026524060587
        ],
        "distance_miles": 5.421303157885037,
        "ascent_ft": 784.3339443309928,
        "descent_ft": 0.0,
        "sample_spacing_m": 29.981930272588784,
        "valid_samples": 292,
        "sample_count": 292,
        "shorter_than_two_output_pixels": false,
        "gap_samples": 0,
        "gap_count": 0,
        "relative_zero": "chosen start",
        "dem_file": "04-red-canyon-dem.tif",
        "dem_source": "USGS 3DEP ImageServer mosaic; native sources unresolved; not verified lidar",
        "dem_output_pixel_m": 13.75,
        "smoothing": "3-sample median then 3-sample moving mean, segment endpoints retained; 3m reversal threshold for totals",
        "csv": "sources/profiles/04-red-canyon-casto-canyon-01.csv",
        "shown_on_page": true
      },
      "geometry": {
        "coordinates": [
          [
            -112.33200442968199,
            37.7839857681182
          ],
          [
            -112.33183847132399,
            37.784109584709704
          ],
          [
            -112.33152121511101,
            37.784174367202276
          ],
          [
            -112.331173766522,
            37.784164053607185
          ],
          [
            -112.330895415447,
            37.784194686975304
          ],
          [
            -112.329798369466,
            37.7847676602463
          ],
          [
            -112.328772342494,
            37.78539470943339
          ],
          [
            -112.32852342022701,
            37.785502693964304
          ],
          [
            -112.32808042413,
            37.785534726793706
          ],
          [
            -112.327885366644,
            37.7857146541999
          ],
          [
            -112.32724436029801,
            37.7861426770192
          ],
          [
            -112.3270753836,
            37.7865746630695
          ],
          [
            -112.32691435789,
            37.7868417182872
          ],
          [
            -112.326717416637,
            37.7869166681905
          ],
          [
            -112.32650537290802,
            37.7868837265342
          ],
          [
            -112.326313397542,
            37.7867726898793
          ],
          [
            -112.326041391267,
            37.7863456695938
          ],
          [
            -112.325875349365,
            37.7862876944903
          ],
          [
            -112.325479372886,
            37.7863076523229
          ],
          [
            -112.32505236859699,
            37.786211694656494
          ],
          [
            -112.32482336467501,
            37.78609368110269
          ],
          [
            -112.324323407303,
            37.786058655399
          ],
          [
            -112.323706014073,
            37.786773986931294
          ],
          [
            -112.323120326881,
            37.7867079245729
          ],
          [
            -112.32245639552902,
            37.7868967133621
          ],
          [
            -112.32189238738,
            37.7867407264502
          ],
          [
            -112.32168536613102,
            37.78680469518059
          ],
          [
            -112.321406396116,
            37.787094696712984
          ],
          [
            -112.32115038165,
            37.7872326676709
          ],
          [
            -112.320637404995,
            37.7873597288813
          ],
          [
            -112.32013634359498,
            37.78782471864151
          ],
          [
            -112.320099391395,
            37.787911653913696
          ],
          [
            -112.32017840630901,
            37.788018649393
          ],
          [
            -112.32004039094599,
            37.7881826940608
          ],
          [
            -112.3200964027,
            37.788694704266206
          ],
          [
            -112.32003535139701,
            37.78886969219761
          ],
          [
            -112.319991403118,
            37.7889017292469
          ],
          [
            -112.31915733624199,
            37.7888997159281
          ],
          [
            -112.31861842342802,
            37.78885266487799
          ],
          [
            -112.318320377688,
            37.7887796642381
          ],
          [
            -112.318130371429,
            37.7886576863475
          ],
          [
            -112.31800537894202,
            37.7885066811033
          ],
          [
            -112.31780543641801,
            37.7885796671045
          ],
          [
            -112.317345390296,
            37.788637716371
          ],
          [
            -112.316984331332,
            37.788520714065896
          ],
          [
            -112.316596425318,
            37.7893226671541
          ],
          [
            -112.316739365246,
            37.789486721705394
          ],
          [
            -112.316689335373,
            37.78971367795291
          ],
          [
            -112.31633633878901,
            37.7902177337439
          ],
          [
            -112.31616935185899,
            37.7905866839647
          ],
          [
            -112.315929347168,
            37.7908217104873
          ],
          [
            -112.31566636447,
            37.79095866572559
          ],
          [
            -112.31538737738698,
            37.7909936855573
          ],
          [
            -112.315141398001,
            37.7909046838552
          ],
          [
            -112.314547360968,
            37.79027267945288
          ],
          [
            -112.314056360699,
            37.79001372670378
          ],
          [
            -112.31364439151298,
            37.789920714986906
          ],
          [
            -112.312489367365,
            37.78982868211341
          ],
          [
            -112.31226738377701,
            37.790023664653
          ],
          [
            -112.312106394,
            37.7903346815391
          ],
          [
            -112.31199236185701,
            37.79066166769439
          ],
          [
            -112.31180740143502,
            37.79086966611099
          ],
          [
            -112.311282428678,
            37.7912006863497
          ],
          [
            -112.31065543874598,
            37.79131167020821
          ],
          [
            -112.310188364206,
            37.791146707495706
          ],
          [
            -112.30986441015501,
            37.7911437302027
          ],
          [
            -112.30979440803802,
            37.7911026905428
          ],
          [
            -112.309560352889,
            37.79112268682909
          ],
          [
            -112.30884641232498,
            37.7915516913372
          ],
          [
            -112.30807634861601,
            37.791799710694896
          ],
          [
            -112.307561389379,
            37.7924166639144
          ],
          [
            -112.30697334051601,
            37.792772699708195
          ],
          [
            -112.306448330928,
            37.7929037089542
          ],
          [
            -112.305839367489,
            37.793265738698885
          ],
          [
            -112.30497036782499,
            37.793572694969
          ],
          [
            -112.30485537807901,
            37.793795679732895
          ],
          [
            -112.30439035529102,
            37.794438654019686
          ],
          [
            -112.30421136597,
            37.7949557070001
          ],
          [
            -112.303599412039,
            37.7954787240859
          ],
          [
            -112.303165469163,
            37.795622860766805
          ],
          [
            -112.30300143948699,
            37.7960416897625
          ],
          [
            -112.302871393977,
            37.79681767340139
          ],
          [
            -112.302718378545,
            37.79721069454061
          ],
          [
            -112.302290398685,
            37.797785655207186
          ],
          [
            -112.301955397153,
            37.79853966004629
          ],
          [
            -112.301813358235,
            37.79872373520959
          ],
          [
            -112.301031344238,
            37.7993126979771
          ],
          [
            -112.300680375151,
            37.7997466562556
          ],
          [
            -112.29993460907399,
            37.8003958669072
          ],
          [
            -112.299872335163,
            37.8005626565851
          ],
          [
            -112.299777373356,
            37.8007827114872
          ],
          [
            -112.299096393777,
            37.8017077088741
          ],
          [
            -112.29842641496701,
            37.8023796871159
          ],
          [
            -112.29816038069198,
            37.8024957277196
          ],
          [
            -112.29758133833799,
            37.8025037305377
          ],
          [
            -112.297430328844,
            37.8025656882899
          ],
          [
            -112.295597411728,
            37.802444725438406
          ],
          [
            -112.29525242901401,
            37.80250872386979
          ],
          [
            -112.29450534960002,
            37.8028137224862
          ],
          [
            -112.29416940843,
            37.8028427390493
          ],
          [
            -112.293835411214,
            37.802696708560696
          ],
          [
            -112.292973377087,
            37.80179670962859
          ],
          [
            -112.292796359569,
            37.80172871516281
          ],
          [
            -112.292561409698,
            37.8013867402733
          ],
          [
            -112.292359439676,
            37.8009557195519
          ],
          [
            -112.29213933087202,
            37.80090468923489
          ],
          [
            -112.29175340294799,
            37.800932715668
          ],
          [
            -112.291487339927,
            37.8009887173967
          ],
          [
            -112.290911340167,
            37.8012426985946
          ],
          [
            -112.289188419063,
            37.80147471647171
          ],
          [
            -112.288936383235,
            37.80144268558399
          ],
          [
            -112.28784037840099,
            37.8011017392867
          ],
          [
            -112.28732437352602,
            37.80105672886899
          ],
          [
            -112.28700841897202,
            37.801078657370496
          ],
          [
            -112.286553430366,
            37.80122467544259
          ],
          [
            -112.286015508394,
            37.80163188176508
          ],
          [
            -112.285405424755,
            37.8017557056975
          ],
          [
            -112.285237331101,
            37.801841717465905
          ],
          [
            -112.28460935931001,
            37.80267070070901
          ],
          [
            -112.28431739696099,
            37.802989686994096
          ],
          [
            -112.283942397042,
            37.8029477205539
          ],
          [
            -112.28363670394401,
            37.8028608356236
          ],
          [
            -112.28317834036702,
            37.803101690839
          ],
          [
            -112.282870417651,
            37.803358660026
          ],
          [
            -112.28181934924201,
            37.804585727699106
          ],
          [
            -112.281709409825,
            37.80481665552651
          ],
          [
            -112.281484437542,
            37.80518772031609
          ],
          [
            -112.280938435224,
            37.8054526826144
          ],
          [
            -112.28072538897399,
            37.80562668972039
          ],
          [
            -112.280158432554,
            37.805829689093905
          ],
          [
            -112.279906343726,
            37.805913722298904
          ],
          [
            -112.279124353084,
            37.8059917047835
          ],
          [
            -112.27889138759198,
            37.806084721108604
          ],
          [
            -112.278423428211,
            37.80596867123901
          ],
          [
            -112.27788138566702,
            37.8057327446733
          ],
          [
            -112.277612359104,
            37.805466725843694
          ],
          [
            -112.276824403649,
            37.805092682886105
          ],
          [
            -112.27615235512003,
            37.8045227069942
          ],
          [
            -112.275922380119,
            37.8042217426575
          ],
          [
            -112.275404426798,
            37.80380673176871
          ],
          [
            -112.275193432301,
            37.80373069672189
          ],
          [
            -112.27442042750701,
            37.8036166709764
          ],
          [
            -112.27416837461098,
            37.8036696882038
          ],
          [
            -112.273772392743,
            37.8038477345611
          ],
          [
            -112.273373382653,
            37.803690723035196
          ],
          [
            -112.27315142601401,
            37.803723674942496
          ],
          [
            -112.271799402223,
            37.80335470231461
          ],
          [
            -112.27059434820201,
            37.803116705492194
          ],
          [
            -112.27032334803998,
            37.8028726818647
          ],
          [
            -112.26989938095501,
            37.80282966630149
          ],
          [
            -112.269593327633,
            37.802740676018885
          ],
          [
            -112.26933241105999,
            37.80275367212601
          ],
          [
            -112.26892255561,
            37.8025992851824
          ],
          [
            -112.268360424041,
            37.8023676761254
          ],
          [
            -112.26703934990698,
            37.80236468012049
          ],
          [
            -112.266598430714,
            37.802186735236596
          ],
          [
            -112.266173623704,
            37.8020608891294
          ],
          [
            -112.265948190585,
            37.801803567629506
          ],
          [
            -112.26581042854701,
            37.80168490964451
          ],
          [
            -112.26561948265,
            37.8015380726706
          ],
          [
            -112.264883758839,
            37.8015299327578
          ],
          [
            -112.26436199037201,
            37.801572666580284
          ],
          [
            -112.264261792286,
            37.8016717096391
          ],
          [
            -112.262475285731,
            37.80147051094119
          ],
          [
            -112.261640524456,
            37.80155633281709
          ],
          [
            -112.260534351592,
            37.8015990886279
          ],
          [
            -112.26020035168098,
            37.801595812933286
          ],
          [
            -112.259361428512,
            37.8014903248435
          ],
          [
            -112.25894393289,
            37.80175408169469
          ],
          [
            -112.25858504246,
            37.8018101899791
          ],
          [
            -112.258409692214,
            37.80192562318769
          ],
          [
            -112.256264873744,
            37.8026524060587
          ]
        ],
        "type": "LineString"
      }
    },
    {
      "type": "Feature",
      "properties": {
        "id": "04-red-canyon-fremont-trail-01",
        "name": "Fremont Trail",
        "label": "Fremont Trail \u00b7 part 1/4",
        "component": 1,
        "component_count": 4,
        "map_clipped": false,
        "source": "state-trails.geojson",
        "source_ids": [
          6120,
          6756
        ],
        "published_horse_status": "HorseAllowed=Yes; current permission unverified",
        "direction": "Start at westernmost endpoint (southwest if equal longitude), follow source geometry",
        "start_wgs84": [
          -112.253629756588,
          37.80234412827559
        ],
        "end_wgs84": [
          -112.228872436191,
          37.7442241675254
        ],
        "distance_miles": 5.229325853940594,
        "ascent_ft": 488.3791098172855,
        "descent_ft": 485.6743580922037,
        "sample_spacing_m": 29.949409918449007,
        "valid_samples": 282,
        "sample_count": 282,
        "shorter_than_two_output_pixels": false,
        "gap_samples": 0,
        "gap_count": 0,
        "relative_zero": "chosen start",
        "dem_file": "04-red-canyon-dem.tif",
        "dem_source": "USGS 3DEP ImageServer mosaic; native sources unresolved; not verified lidar",
        "dem_output_pixel_m": 13.75,
        "smoothing": "3-sample median then 3-sample moving mean, segment endpoints retained; 3m reversal threshold for totals",
        "csv": "sources/profiles/04-red-canyon-fremont-trail-01.csv",
        "shown_on_page": true
      },
      "geometry": {
        "coordinates": [
          [
            -112.253629756588,
            37.80234412827559
          ],
          [
            -112.25363304532,
            37.8022026848655
          ],
          [
            -112.25358023246602,
            37.8020283105389
          ],
          [
            -112.25335063116401,
            37.8016898050807
          ],
          [
            -112.25260999806,
            37.8008261583816
          ],
          [
            -112.252295295758,
            37.8005865229945
          ],
          [
            -112.25222660967302,
            37.8004539558667
          ],
          [
            -112.25221899734998,
            37.800204927115
          ],
          [
            -112.252322628798,
            37.80001906550671
          ],
          [
            -112.252470083658,
            37.7994150908391
          ],
          [
            -112.25319634102301,
            37.7986088442696
          ],
          [
            -112.253397277982,
            37.79838093933778
          ],
          [
            -112.253595035804,
            37.79797849223411
          ],
          [
            -112.253687935977,
            37.79756129831411
          ],
          [
            -112.254020166207,
            37.7970042039233
          ],
          [
            -112.254075780008,
            37.796827143361696
          ],
          [
            -112.254171718283,
            37.79642199394
          ],
          [
            -112.25423104841498,
            37.79600128174739
          ],
          [
            -112.25417560259902,
            37.7957247320351
          ],
          [
            -112.25394419748002,
            37.79513740669079
          ],
          [
            -112.25379657732901,
            37.794971162000614
          ],
          [
            -112.253209644174,
            37.79440816687039
          ],
          [
            -112.25301700764798,
            37.794037632145404
          ],
          [
            -112.253093903436,
            37.7938362820384
          ],
          [
            -112.25301009061998,
            37.7933995177001
          ],
          [
            -112.25284124327901,
            37.7930587422721
          ],
          [
            -112.25301383929,
            37.792458194082
          ],
          [
            -112.253259628233,
            37.7922643303527
          ],
          [
            -112.253434947935,
            37.79191268346419
          ],
          [
            -112.253377143143,
            37.7917783785839
          ],
          [
            -112.253169858688,
            37.79160934286081
          ],
          [
            -112.252982039827,
            37.791247859425894
          ],
          [
            -112.25281304695902,
            37.791126813440606
          ],
          [
            -112.252607739696,
            37.7908796160134
          ],
          [
            -112.25251972815398,
            37.790752121428916
          ],
          [
            -112.25250511615802,
            37.79064006833309
          ],
          [
            -112.25249541075901,
            37.790381327712005
          ],
          [
            -112.252563803095,
            37.790080027474005
          ],
          [
            -112.25265664128501,
            37.7897400737162
          ],
          [
            -112.252793419668,
            37.789473555725515
          ],
          [
            -112.25283254938398,
            37.78924187427829
          ],
          [
            -112.252866755433,
            37.78912209291109
          ],
          [
            -112.253174724862,
            37.788851680935196
          ],
          [
            -112.253253014836,
            37.7887667600915
          ],
          [
            -112.253272441802,
            37.78866633242989
          ],
          [
            -112.25321385996699,
            37.7885195079142
          ],
          [
            -112.253306626292,
            37.788148730680895
          ],
          [
            -112.25332626615901,
            37.787186867878496
          ],
          [
            -112.25341902260202,
            37.78670802893349
          ],
          [
            -112.25363902540501,
            37.786360321324
          ],
          [
            -112.253683026684,
            37.78622898881239
          ],
          [
            -112.25399589642302,
            37.7854564266638
          ],
          [
            -112.254176726391,
            37.7850623597143
          ],
          [
            -112.254499271884,
            37.7845872910715
          ],
          [
            -112.254816927846,
            37.7842397140561
          ],
          [
            -112.254939195743,
            37.7840696941204
          ],
          [
            -112.255168739553,
            37.7835081011764
          ],
          [
            -112.25529847694098,
            37.78316883354529
          ],
          [
            -112.255437730183,
            37.782767907410495
          ],
          [
            -112.25543986907202,
            37.7825520303061
          ],
          [
            -112.255377111868,
            37.78244698005881
          ],
          [
            -112.255104303397,
            37.78229667139231
          ],
          [
            -112.25482695484202,
            37.7821464099888
          ],
          [
            -112.25442531358601,
            37.78189833196169
          ],
          [
            -112.253914500973,
            37.7814123070536
          ],
          [
            -112.253676626188,
            37.781178435576884
          ],
          [
            -112.253523806588,
            37.7809177924198
          ],
          [
            -112.25345752259798,
            37.78075158247639
          ],
          [
            -112.25342292488301,
            37.78041757959619
          ],
          [
            -112.253426578332,
            37.780304431633695
          ],
          [
            -112.253469650753,
            37.780178786811
          ],
          [
            -112.253958714255,
            37.77921697506169
          ],
          [
            -112.25433118361902,
            37.77816312114701
          ],
          [
            -112.254604462807,
            37.77722045745719
          ],
          [
            -112.254637710354,
            37.77706463402049
          ],
          [
            -112.254638933859,
            37.776908611447
          ],
          [
            -112.254466825634,
            37.7760974983599
          ],
          [
            -112.25455848253898,
            37.7751382017491
          ],
          [
            -112.254667382606,
            37.77482304025169
          ],
          [
            -112.25480114354798,
            37.77454113984659
          ],
          [
            -112.255031467096,
            37.77422198031939
          ],
          [
            -112.255405495936,
            37.7737796176792
          ],
          [
            -112.255512028044,
            37.773626889249684
          ],
          [
            -112.255517727854,
            37.773514079534095
          ],
          [
            -112.25549302508202,
            37.77338275756951
          ],
          [
            -112.255280755875,
            37.7731175219075
          ],
          [
            -112.254852838,
            37.77225920407309
          ],
          [
            -112.254372023727,
            37.771354039891406
          ],
          [
            -112.25383507103702,
            37.770485522419584
          ],
          [
            -112.253518307102,
            37.769948130766096
          ],
          [
            -112.253319616829,
            37.769544672426996
          ],
          [
            -112.253031750798,
            37.76937360821589
          ],
          [
            -112.25259427395001,
            37.7689485339405
          ],
          [
            -112.25224719007701,
            37.7685646762953
          ],
          [
            -112.25192478831401,
            37.7682977212097
          ],
          [
            -112.251681393381,
            37.76800288744389
          ],
          [
            -112.25126531889501,
            37.7679104196715
          ],
          [
            -112.249918146006,
            37.76797987614141
          ],
          [
            -112.24950223591101,
            37.7680994702158
          ],
          [
            -112.248540950522,
            37.76813426441069
          ],
          [
            -112.248005368661,
            37.768213212050306
          ],
          [
            -112.247048732952,
            37.768187019503
          ],
          [
            -112.24607916330001,
            37.76845900612701
          ],
          [
            -112.245500767733,
            37.768747400230495
          ],
          [
            -112.245094829836,
            37.768913919075594
          ],
          [
            -112.24413267218301,
            37.76908721266049
          ],
          [
            -112.243133105986,
            37.7690608109416
          ],
          [
            -112.24271922338902,
            37.7689634234544
          ],
          [
            -112.242204459985,
            37.76879445555799
          ],
          [
            -112.241836273787,
            37.7685847347781
          ],
          [
            -112.241607212373,
            37.7683978818505
          ],
          [
            -112.24136190043501,
            37.768162530510196
          ],
          [
            -112.24128899316702,
            37.7678694835698
          ],
          [
            -112.24110254962599,
            37.76691060143649
          ],
          [
            -112.241132531797,
            37.76649002162019
          ],
          [
            -112.241355303208,
            37.7660769654144
          ],
          [
            -112.24146756297401,
            37.765776739955996
          ],
          [
            -112.24147618500402,
            37.7654232605751
          ],
          [
            -112.24134505163399,
            37.76501546413199
          ],
          [
            -112.240991059716,
            37.764587302645495
          ],
          [
            -112.24067742461298,
            37.763890226127295
          ],
          [
            -112.240312433723,
            37.76367983596449
          ],
          [
            -112.239625515382,
            37.76333556799631
          ],
          [
            -112.23897055101301,
            37.76286478192431
          ],
          [
            -112.23836564077199,
            37.76267195908541
          ],
          [
            -112.237482790884,
            37.7621503844153
          ],
          [
            -112.236893007374,
            37.76218361477069
          ],
          [
            -112.236471982272,
            37.7621248544418
          ],
          [
            -112.23554093058199,
            37.76211668533129
          ],
          [
            -112.235335869457,
            37.76207377103259
          ],
          [
            -112.234650187197,
            37.76180156278651
          ],
          [
            -112.234258874771,
            37.761481203464804
          ],
          [
            -112.233907277762,
            37.7608178534683
          ],
          [
            -112.233252670923,
            37.76036505608549
          ],
          [
            -112.23298577785899,
            37.76001635245159
          ],
          [
            -112.23233954421701,
            37.7593832977539
          ],
          [
            -112.231771576294,
            37.75867722928701
          ],
          [
            -112.23151515039899,
            37.75827433586439
          ],
          [
            -112.23085923651098,
            37.75774042430469
          ],
          [
            -112.230720049745,
            37.757561622686
          ],
          [
            -112.230642544898,
            37.7569946288493
          ],
          [
            -112.230485143891,
            37.7564014311049
          ],
          [
            -112.230493001455,
            37.7561219540906
          ],
          [
            -112.230094350691,
            37.755424022926
          ],
          [
            -112.230033110742,
            37.75515337830419
          ],
          [
            -112.23015124189702,
            37.7547465714283
          ],
          [
            -112.230102171424,
            37.75459386690239
          ],
          [
            -112.229625132771,
            37.75382275689669
          ],
          [
            -112.229528224314,
            37.7534543355686
          ],
          [
            -112.22954871488601,
            37.751948991528
          ],
          [
            -112.229770490065,
            37.750946261314105
          ],
          [
            -112.22987402090202,
            37.7501308780362
          ],
          [
            -112.229867306893,
            37.749732133051495
          ],
          [
            -112.229685258809,
            37.74922571294199
          ],
          [
            -112.229350417177,
            37.74864959603801
          ],
          [
            -112.229330618308,
            37.74833796125709
          ],
          [
            -112.229083140532,
            37.74764953379219
          ],
          [
            -112.22888772012699,
            37.746628983035095
          ],
          [
            -112.22891926357002,
            37.74616855302579
          ],
          [
            -112.22906040686702,
            37.7458153123812
          ],
          [
            -112.22908655682501,
            37.74561901207579
          ],
          [
            -112.229086607131,
            37.7453750358504
          ],
          [
            -112.228973396049,
            37.7451935278084
          ],
          [
            -112.228750614757,
            37.7448652622539
          ],
          [
            -112.22871046904702,
            37.744633872901304
          ],
          [
            -112.228765811556,
            37.74447322861799
          ],
          [
            -112.22887243619101,
            37.7442241675254
          ]
        ],
        "type": "LineString"
      }
    },
    {
      "type": "Feature",
      "properties": {
        "id": "04-red-canyon-fremont-trail-02",
        "name": "Fremont Trail",
        "label": "Fremont Trail \u00b7 part 2/4 [map section]",
        "component": 2,
        "component_count": 4,
        "map_clipped": true,
        "source": "state-trails.geojson",
        "source_ids": [
          5671,
          6876,
          6878,
          7001
        ],
        "published_horse_status": "HorseAllowed=Yes; current permission unverified",
        "direction": "Start at westernmost endpoint (southwest if equal longitude), follow source geometry",
        "start_wgs84": [
          -112.27877636452209,
          37.838323952773244
        ],
        "end_wgs84": [
          -112.256264873744,
          37.8026524060587
        ],
        "distance_miles": 5.03234416900059,
        "ascent_ft": 719.0015810552502,
        "descent_ft": 793.9124990892354,
        "sample_spacing_m": 29.995455164133645,
        "valid_samples": 270,
        "sample_count": 271,
        "shorter_than_two_output_pixels": false,
        "gap_samples": 1,
        "gap_count": 1,
        "relative_zero": "first valid sample",
        "dem_file": "04-red-canyon-dem.tif",
        "dem_source": "USGS 3DEP ImageServer mosaic; native sources unresolved; not verified lidar",
        "dem_output_pixel_m": 13.75,
        "smoothing": "3-sample median then 3-sample moving mean, segment endpoints retained; 3m reversal threshold for totals",
        "csv": "sources/profiles/04-red-canyon-fremont-trail-02.csv",
        "shown_on_page": true
      },
      "geometry": {
        "coordinates": [
          [
            -112.27877636452209,
            37.838323952773244
          ],
          [
            -112.27871121608898,
            37.83825548361429
          ],
          [
            -112.277975022459,
            37.8377407458082
          ],
          [
            -112.277504981681,
            37.83750250652991
          ],
          [
            -112.277126569063,
            37.83737142245429
          ],
          [
            -112.27713637686898,
            37.8372811897025
          ],
          [
            -112.27734759235202,
            37.8370085213444
          ],
          [
            -112.277323159075,
            37.83690964771499
          ],
          [
            -112.27725229727001,
            37.836820290574494
          ],
          [
            -112.276990400635,
            37.8367239920155
          ],
          [
            -112.276690953524,
            37.8364929121366
          ],
          [
            -112.276508387112,
            37.8364498281889
          ],
          [
            -112.276133446482,
            37.8364538919637
          ],
          [
            -112.275823727135,
            37.836286008498504
          ],
          [
            -112.275607542172,
            37.8362703258947
          ],
          [
            -112.275338735696,
            37.83649846222251
          ],
          [
            -112.275211739966,
            37.836382763810995
          ],
          [
            -112.275352411648,
            37.83603876145131
          ],
          [
            -112.275531561767,
            37.83588360694338
          ],
          [
            -112.275904221574,
            37.835681292546404
          ],
          [
            -112.27594702989099,
            37.8355276151061
          ],
          [
            -112.275943925313,
            37.83534739684259
          ],
          [
            -112.275575695997,
            37.83508100796019
          ],
          [
            -112.275505353418,
            37.83495559394121
          ],
          [
            -112.27554909328799,
            37.83485598112709
          ],
          [
            -112.275627537772,
            37.834792043370605
          ],
          [
            -112.276136634603,
            37.83466026132131
          ],
          [
            -112.27615392627403,
            37.83434472300279
          ],
          [
            -112.27640980689098,
            37.8340265085906
          ],
          [
            -112.27629293158098,
            37.8338385107265
          ],
          [
            -112.27584999028102,
            37.8338523236502
          ],
          [
            -112.27570027346201,
            37.8337367814322
          ],
          [
            -112.275658895263,
            37.833313637571
          ],
          [
            -112.275773162764,
            37.832690530583506
          ],
          [
            -112.275905772965,
            37.8324727914988
          ],
          [
            -112.276085224019,
            37.83233565782441
          ],
          [
            -112.276784960422,
            37.83205769534379
          ],
          [
            -112.276896398229,
            37.83193031086649
          ],
          [
            -112.27686808423,
            37.831606163806505
          ],
          [
            -112.276704059045,
            37.83131953904209
          ],
          [
            -112.27664259541503,
            37.83104982788079
          ],
          [
            -112.276868440861,
            37.830308345922994
          ],
          [
            -112.276887280329,
            37.8300828263168
          ],
          [
            -112.2767226389,
            37.8297602476987
          ],
          [
            -112.27672029250101,
            37.829624093091795
          ],
          [
            -112.276934273896,
            37.8289196910613
          ],
          [
            -112.277187093953,
            37.82770015728071
          ],
          [
            -112.27731751945102,
            37.8273564443743
          ],
          [
            -112.27810347076502,
            37.82674398214359
          ],
          [
            -112.278201672795,
            37.8265085888503
          ],
          [
            -112.27816396870598,
            37.8263647962715
          ],
          [
            -112.278105923165,
            37.8262933256103
          ],
          [
            -112.277898689016,
            37.826070259446
          ],
          [
            -112.277393973268,
            37.82585943251419
          ],
          [
            -112.276436453617,
            37.82568045933039
          ],
          [
            -112.275823469318,
            37.825714229481996
          ],
          [
            -112.275382747755,
            37.8258541924152
          ],
          [
            -112.27499908358601,
            37.826074559365715
          ],
          [
            -112.274796667101,
            37.826130916673094
          ],
          [
            -112.27437680172403,
            37.82616249834529
          ],
          [
            -112.273981516049,
            37.826301964448994
          ],
          [
            -112.273578275793,
            37.8266397929835
          ],
          [
            -112.27332457718398,
            37.82708424382329
          ],
          [
            -112.27315649161402,
            37.827221160202996
          ],
          [
            -112.273009719473,
            37.82727592157501
          ],
          [
            -112.271602738549,
            37.827391161711105
          ],
          [
            -112.27028902161601,
            37.82698174741789
          ],
          [
            -112.269233273884,
            37.8270381934355
          ],
          [
            -112.269027088068,
            37.82694127686249
          ],
          [
            -112.26897825115799,
            37.826743525192605
          ],
          [
            -112.26933113096099,
            37.82611776219199
          ],
          [
            -112.269701103009,
            37.8245006059761
          ],
          [
            -112.27029786193698,
            37.823520807838996
          ],
          [
            -112.27039361246501,
            37.8231412449358
          ],
          [
            -112.270354589649,
            37.8228532617785
          ],
          [
            -112.270251116305,
            37.822782277333204
          ],
          [
            -112.269966503972,
            37.82274929632289
          ],
          [
            -112.269448893807,
            37.823043280152284
          ],
          [
            -112.268483308182,
            37.8230536848233
          ],
          [
            -112.26732892004202,
            37.823318465928
          ],
          [
            -112.26706779685702,
            37.8233302883092
          ],
          [
            -112.266570579347,
            37.82348876167891
          ],
          [
            -112.266073112105,
            37.82356630127129
          ],
          [
            -112.26587226857099,
            37.8238477613242
          ],
          [
            -112.265221828118,
            37.8236836014365
          ],
          [
            -112.26475807015798,
            37.8238057471339
          ],
          [
            -112.264620520121,
            37.82373512336179
          ],
          [
            -112.26453913994301,
            37.82362694423609
          ],
          [
            -112.264615907272,
            37.8234647941052
          ],
          [
            -112.265348146518,
            37.82309642392939
          ],
          [
            -112.26565116802702,
            37.8228768648224
          ],
          [
            -112.265728533634,
            37.8227499470166
          ],
          [
            -112.26566603873802,
            37.8224170614391
          ],
          [
            -112.26570102722,
            37.821804728518906
          ],
          [
            -112.26556805410002,
            37.82133659977801
          ],
          [
            -112.26538230046503,
            37.8211042675056
          ],
          [
            -112.26509492760901,
            37.8209090767791
          ],
          [
            -112.26463747133101,
            37.82073373756149
          ],
          [
            -112.26437558817099,
            37.82070049875709
          ],
          [
            -112.264305432442,
            37.820584087250396
          ],
          [
            -112.264324308741,
            37.820358569148596
          ],
          [
            -112.264876151007,
            37.8200731623914
          ],
          [
            -112.265137679332,
            37.8187545993603
          ],
          [
            -112.26501242094399,
            37.81873791955069
          ],
          [
            -112.264945034721,
            37.8187837068785
          ],
          [
            -112.264770360907,
            37.81920016354219
          ],
          [
            -112.264521856357,
            37.819284847157085
          ],
          [
            -112.264226960111,
            37.819314059490296
          ],
          [
            -112.26350979010302,
            37.819231719085685
          ],
          [
            -112.26338370257001,
            37.8192330716281
          ],
          [
            -112.263329132612,
            37.819297646625394
          ],
          [
            -112.263146753049,
            37.81926256144451
          ],
          [
            -112.26291741944601,
            37.8191389336289
          ],
          [
            -112.26297083776402,
            37.818940083129895
          ],
          [
            -112.26325036383598,
            37.8186757191914
          ],
          [
            -112.263282905307,
            37.81858524359001
          ],
          [
            -112.26244340272501,
            37.81799039907119
          ],
          [
            -112.26170553014398,
            37.8173584092617
          ],
          [
            -112.261555255471,
            37.8172068041375
          ],
          [
            -112.261399767875,
            37.81674882541779
          ],
          [
            -112.260801135062,
            37.816286578139994
          ],
          [
            -112.26066207046601,
            37.816125838995994
          ],
          [
            -112.260653180738,
            37.815603201592886
          ],
          [
            -112.260535762845,
            37.8153791422384
          ],
          [
            -112.26051949974499,
            37.81526458520119
          ],
          [
            -112.26058765223101,
            37.8150901821053
          ],
          [
            -112.260449715919,
            37.81480190212051
          ],
          [
            -112.260618949535,
            37.81464588471059
          ],
          [
            -112.260617668538,
            37.8144168874073
          ],
          [
            -112.260525825681,
            37.8143137744477
          ],
          [
            -112.260458497849,
            37.814169211534896
          ],
          [
            -112.26055040089301,
            37.8139886054308
          ],
          [
            -112.260542063629,
            37.8138791012506
          ],
          [
            -112.26030471974698,
            37.813764206208994
          ],
          [
            -112.260128552035,
            37.813719405766506
          ],
          [
            -112.259975083852,
            37.8138070287583
          ],
          [
            -112.259435084077,
            37.81411923356699
          ],
          [
            -112.259291724636,
            37.8143740219218
          ],
          [
            -112.259111366283,
            37.814457063930604
          ],
          [
            -112.25880560311602,
            37.81451440803271
          ],
          [
            -112.258380096319,
            37.81487946077391
          ],
          [
            -112.257217632324,
            37.815332593461704
          ],
          [
            -112.25697480782101,
            37.8153567254788
          ],
          [
            -112.25678632240998,
            37.8153561229768
          ],
          [
            -112.25620550139199,
            37.815272192773406
          ],
          [
            -112.2560564637,
            37.815192668767914
          ],
          [
            -112.254707130362,
            37.81333242101329
          ],
          [
            -112.25470530049401,
            37.8132242883833
          ],
          [
            -112.254891665881,
            37.8128248453534
          ],
          [
            -112.25486469306699,
            37.8125736802844
          ],
          [
            -112.254586451585,
            37.8122431759558
          ],
          [
            -112.25432155368,
            37.81202969431019
          ],
          [
            -112.254013426147,
            37.81187976021799
          ],
          [
            -112.25371560588401,
            37.8118018165974
          ],
          [
            -112.253306407103,
            37.811788146453
          ],
          [
            -112.252989749169,
            37.8118726292109
          ],
          [
            -112.25250561023098,
            37.8121301327929
          ],
          [
            -112.251634981922,
            37.812373717049695
          ],
          [
            -112.251194058238,
            37.8124324778894
          ],
          [
            -112.25076659491,
            37.812009817943796
          ],
          [
            -112.250366616437,
            37.811936646440394
          ],
          [
            -112.24985184943901,
            37.8117257159741
          ],
          [
            -112.24968896511601,
            37.8115652167132
          ],
          [
            -112.24964269289498,
            37.8114485431153
          ],
          [
            -112.249805165791,
            37.8109781613934
          ],
          [
            -112.25009667538902,
            37.810749661572395
          ],
          [
            -112.250638061264,
            37.8105186877147
          ],
          [
            -112.251283778375,
            37.810411789404704
          ],
          [
            -112.25251144478901,
            37.80978588013299
          ],
          [
            -112.25275973284502,
            37.8090171640168
          ],
          [
            -112.252958842631,
            37.80869960334289
          ],
          [
            -112.25324957339,
            37.80842613099869
          ],
          [
            -112.253497460797,
            37.80830632821581
          ],
          [
            -112.254233115438,
            37.808145282127406
          ],
          [
            -112.254589698097,
            37.80773591509019
          ],
          [
            -112.255064344537,
            37.8069197193419
          ],
          [
            -112.25523309575802,
            37.80615184567
          ],
          [
            -112.255237589131,
            37.8057462278542
          ],
          [
            -112.255739113164,
            37.804506058037994
          ],
          [
            -112.256092313666,
            37.80389853429858
          ],
          [
            -112.25611182237898,
            37.8037090607245
          ],
          [
            -112.255929348494,
            37.8036659427313
          ],
          [
            -112.255430574203,
            37.8037262372213
          ],
          [
            -112.25533909336801,
            37.8036902602633
          ],
          [
            -112.25518764010603,
            37.8034665579727
          ],
          [
            -112.255174148309,
            37.80334052453599
          ],
          [
            -112.25540913411301,
            37.80313072858218
          ],
          [
            -112.256091824084,
            37.80287713502881
          ],
          [
            -112.256260265386,
            37.8027692596438
          ],
          [
            -112.256264873744,
            37.8026524060587
          ]
        ],
        "type": "LineString"
      }
    },
    {
      "type": "Feature",
      "properties": {
        "id": "04-red-canyon-fremont-trail-03",
        "name": "Fremont Trail",
        "label": "Fremont Trail \u00b7 part 3/4 [map section]",
        "component": 3,
        "component_count": 4,
        "map_clipped": true,
        "source": "state-trails.geojson",
        "source_ids": [
          6536
        ],
        "published_horse_status": "HorseAllowed=Yes; current permission unverified",
        "direction": "Start at westernmost endpoint (southwest if equal longitude), follow source geometry",
        "start_wgs84": [
          -112.269076780175,
          37.71669927095329
        ],
        "end_wgs84": [
          -112.2637546522279,
          37.70408199552337
        ],
        "distance_miles": 1.2972866482671257,
        "ascent_ft": 139.44102354607122,
        "descent_ft": 39.23242533930114,
        "sample_spacing_m": 29.82543548098299,
        "valid_samples": 70,
        "sample_count": 71,
        "shorter_than_two_output_pixels": false,
        "gap_samples": 1,
        "gap_count": 1,
        "relative_zero": "chosen start",
        "dem_file": "04-red-canyon-dem.tif",
        "dem_source": "USGS 3DEP ImageServer mosaic; native sources unresolved; not verified lidar",
        "dem_output_pixel_m": 13.75,
        "smoothing": "3-sample median then 3-sample moving mean, segment endpoints retained; 3m reversal threshold for totals",
        "csv": "sources/profiles/04-red-canyon-fremont-trail-03.csv",
        "shown_on_page": true
      },
      "geometry": {
        "coordinates": [
          [
            -112.26907678017498,
            37.71669927095329
          ],
          [
            -112.26800622910498,
            37.715882066475594
          ],
          [
            -112.267126711966,
            37.71501548167349
          ],
          [
            -112.266895288881,
            37.71463708895341
          ],
          [
            -112.26695708758301,
            37.714222107431105
          ],
          [
            -112.26714217017602,
            37.71383148701799
          ],
          [
            -112.267574214912,
            37.7131600769224
          ],
          [
            -112.268129815728,
            37.7118905993462
          ],
          [
            -112.268253187654,
            37.71134129503591
          ],
          [
            -112.26850010308499,
            37.7108651971638
          ],
          [
            -112.26860808147998,
            37.71051118472899
          ],
          [
            -112.26857721985901,
            37.710144966962886
          ],
          [
            -112.268237746513,
            37.7097298849508
          ],
          [
            -112.26796001168199,
            37.7095956077828
          ],
          [
            -112.26760511516103,
            37.709693247519
          ],
          [
            -112.267234809838,
            37.7096322466843
          ],
          [
            -112.267095896159,
            37.70944906763061
          ],
          [
            -112.267126794611,
            37.70905848175299
          ],
          [
            -112.26731199488302,
            37.7087288762569
          ],
          [
            -112.26689527091501,
            37.7075935981205
          ],
          [
            -112.26658666997,
            37.7074714564904
          ],
          [
            -112.26649403030801,
            37.707227393653795
          ],
          [
            -112.26672553514,
            37.70673911703211
          ],
          [
            -112.267003419092,
            37.7057502218463
          ],
          [
            -112.266818155039,
            37.70554266491451
          ],
          [
            -112.26623173033,
            37.7055060637913
          ],
          [
            -112.265645453843,
            37.70559149173291
          ],
          [
            -112.265398578837,
            37.705969975419094
          ],
          [
            -112.264951115417,
            37.7064338891182
          ],
          [
            -112.26397900353301,
            37.70638501168381
          ],
          [
            -112.26351609807301,
            37.706214043818
          ],
          [
            -112.26353143500998,
            37.7058478702024
          ],
          [
            -112.26333087085199,
            37.70556710782239
          ],
          [
            -112.263330884326,
            37.70534737579799
          ],
          [
            -112.264040706114,
            37.7043341189488
          ],
          [
            -112.263793802362,
            37.7040899057671
          ],
          [
            -112.26375465222792,
            37.70408199552337
          ]
        ],
        "type": "LineString"
      }
    },
    {
      "type": "Feature",
      "properties": {
        "id": "04-red-canyon-fremont-trail-04",
        "name": "Fremont Trail",
        "label": "Fremont Trail \u00b7 part 4/4 [map section]",
        "component": 4,
        "component_count": 4,
        "map_clipped": true,
        "source": "state-trails.geojson",
        "source_ids": [
          6536
        ],
        "published_horse_status": "HorseAllowed=Yes; current permission unverified",
        "direction": "Start at westernmost endpoint (southwest if equal longitude), follow source geometry",
        "start_wgs84": [
          -112.26180846019082,
          37.704102841463815
        ],
        "end_wgs84": [
          -112.25665618661006,
          37.70415787305879
        ],
        "distance_miles": 0.39168397430190166,
        "ascent_ft": 0.0,
        "descent_ft": 58.885822553331195,
        "sample_spacing_m": 28.652466088132712,
        "valid_samples": 21,
        "sample_count": 23,
        "shorter_than_two_output_pixels": false,
        "gap_samples": 2,
        "gap_count": 2,
        "relative_zero": "first valid sample",
        "dem_file": "04-red-canyon-dem.tif",
        "dem_source": "USGS 3DEP ImageServer mosaic; native sources unresolved; not verified lidar",
        "dem_output_pixel_m": 13.75,
        "smoothing": "3-sample median then 3-sample moving mean, segment endpoints retained; 3m reversal threshold for totals",
        "csv": "sources/profiles/04-red-canyon-fremont-trail-04.csv",
        "shown_on_page": true
      },
      "geometry": {
        "coordinates": [
          [
            -112.26180846019082,
            37.704102841463815
          ],
          [
            -112.261695307316,
            37.70451714717831
          ],
          [
            -112.26134040450602,
            37.70511542870401
          ],
          [
            -112.26112434171401,
            37.70529844718621
          ],
          [
            -112.260707613254,
            37.7054083538632
          ],
          [
            -112.25938068030699,
            37.705017681303495
          ],
          [
            -112.25904115845199,
            37.7050177026251
          ],
          [
            -112.258871448728,
            37.7052252766627
          ],
          [
            -112.25859376060899,
            37.7052862839678
          ],
          [
            -112.257878747457,
            37.705285984045084
          ],
          [
            -112.257420072165,
            37.70505528265059
          ],
          [
            -112.25716215506701,
            37.70448031243069
          ],
          [
            -112.25665618661006,
            37.70415787305879
          ]
        ],
        "type": "LineString"
      }
    },
    {
      "type": "Feature",
      "properties": {
        "id": "04-red-canyon-golden-wall-01",
        "name": "Golden Wall",
        "label": "Golden Wall",
        "component": 1,
        "component_count": 1,
        "map_clipped": false,
        "source": "state-trails.geojson",
        "source_ids": [
          5824,
          5912,
          7002
        ],
        "published_horse_status": "HorseAllowed=Yes; current permission unverified",
        "direction": "Start at westernmost endpoint (southwest if equal longitude), follow source geometry",
        "start_wgs84": [
          -112.321602951992,
          37.74664018550499
        ],
        "end_wgs84": [
          -112.30708909383,
          37.73853227148499
        ],
        "distance_miles": 2.7232146875355,
        "ascent_ft": 948.6321921049113,
        "descent_ft": 439.1116360748175,
        "sample_spacing_m": 29.81353209589886,
        "valid_samples": 148,
        "sample_count": 148,
        "shorter_than_two_output_pixels": false,
        "gap_samples": 0,
        "gap_count": 0,
        "relative_zero": "chosen start",
        "dem_file": "04-red-canyon-dem.tif",
        "dem_source": "USGS 3DEP ImageServer mosaic; native sources unresolved; not verified lidar",
        "dem_output_pixel_m": 13.75,
        "smoothing": "3-sample median then 3-sample moving mean, segment endpoints retained; 3m reversal threshold for totals",
        "csv": "sources/profiles/04-red-canyon-golden-wall-01.csv",
        "shown_on_page": true
      },
      "geometry": {
        "coordinates": [
          [
            -112.32160295199202,
            37.74664018550499
          ],
          [
            -112.32169423430001,
            37.74623971977349
          ],
          [
            -112.321858157076,
            37.74606258448999
          ],
          [
            -112.321884027658,
            37.745857976131
          ],
          [
            -112.32199266272198,
            37.7456865985788
          ],
          [
            -112.32195290059201,
            37.7454292818247
          ],
          [
            -112.32200060832,
            37.7452081159499
          ],
          [
            -112.32200690551099,
            37.744911347536096
          ],
          [
            -112.32229475177903,
            37.74380857038691
          ],
          [
            -112.322087907498,
            37.743263370640996
          ],
          [
            -112.321880521533,
            37.74296827797329
          ],
          [
            -112.32177080220302,
            37.7424467725268
          ],
          [
            -112.32145911105398,
            37.74208750727751
          ],
          [
            -112.321238760603,
            37.74152884755469
          ],
          [
            -112.320950434634,
            37.74126413273561
          ],
          [
            -112.320673174113,
            37.7407534265151
          ],
          [
            -112.320415660359,
            37.7404724120978
          ],
          [
            -112.32014933053898,
            37.73979719001381
          ],
          [
            -112.319777805303,
            37.739224448667194
          ],
          [
            -112.319852826308,
            37.738655898496404
          ],
          [
            -112.32017857249801,
            37.7380889565735
          ],
          [
            -112.320182400219,
            37.7378635965571
          ],
          [
            -112.32040006740202,
            37.7373587000515
          ],
          [
            -112.320109452526,
            37.73647195121829
          ],
          [
            -112.319958568796,
            37.7363024004469
          ],
          [
            -112.319353930745,
            37.735964344192695
          ],
          [
            -112.31847419621401,
            37.735113566280006
          ],
          [
            -112.31824143643598,
            37.73502378972059
          ],
          [
            -112.317907908141,
            37.73499822836361
          ],
          [
            -112.317869656079,
            37.7349017693278
          ],
          [
            -112.31738265151601,
            37.73467504694
          ],
          [
            -112.31720886433898,
            37.73467257249279
          ],
          [
            -112.317134834177,
            37.7345742602142
          ],
          [
            -112.31708931115101,
            37.734547731086984
          ],
          [
            -112.31680744407,
            37.734395411143794
          ],
          [
            -112.316537532666,
            37.7343285780528
          ],
          [
            -112.316579388769,
            37.7341929203257
          ],
          [
            -112.316514926562,
            37.73413505778821
          ],
          [
            -112.31577912459798,
            37.73387965246479
          ],
          [
            -112.31558880662301,
            37.73365474710829
          ],
          [
            -112.31522465476,
            37.73330902794309
          ],
          [
            -112.314958306075,
            37.7332444040793
          ],
          [
            -112.31467411235698,
            37.7330177505034
          ],
          [
            -112.314400278909,
            37.73299827276241
          ],
          [
            -112.314213688044,
            37.73271420023969
          ],
          [
            -112.31399799805301,
            37.732709845154005
          ],
          [
            -112.313575394611,
            37.73257485868369
          ],
          [
            -112.313458445639,
            37.7322179070908
          ],
          [
            -112.31322295677901,
            37.73231967106231
          ],
          [
            -112.31322764598399,
            37.7321033134887
          ],
          [
            -112.313173836001,
            37.732025051984905
          ],
          [
            -112.313023852382,
            37.73220697738591
          ],
          [
            -112.313041426124,
            37.7320197675755
          ],
          [
            -112.312995866268,
            37.7319909839497
          ],
          [
            -112.312908670397,
            37.732052791220084
          ],
          [
            -112.31297278315898,
            37.731846947005494
          ],
          [
            -112.312785546406,
            37.7320271243997
          ],
          [
            -112.31268796511098,
            37.7323233775227
          ],
          [
            -112.312641179953,
            37.73210308685189
          ],
          [
            -112.312793977993,
            37.73172059820419
          ],
          [
            -112.312695731047,
            37.7315549569011
          ],
          [
            -112.31256850445001,
            37.7314639938106
          ],
          [
            -112.312342336509,
            37.7314508302878
          ],
          [
            -112.311950299143,
            37.73153621908049
          ],
          [
            -112.311902933673,
            37.7316494047088
          ],
          [
            -112.312063578497,
            37.73176928841419
          ],
          [
            -112.311941479483,
            37.73192386379309
          ],
          [
            -112.311748456681,
            37.732020645705404
          ],
          [
            -112.311476658816,
            37.7319876192046
          ],
          [
            -112.31123922779801,
            37.7321209449794
          ],
          [
            -112.311025087401,
            37.73197912421729
          ],
          [
            -112.31069884713702,
            37.731921916416695
          ],
          [
            -112.31069702535399,
            37.73159973255729
          ],
          [
            -112.310570770734,
            37.73153804710879
          ],
          [
            -112.310574161874,
            37.7313441458449
          ],
          [
            -112.310341833287,
            37.73138061697779
          ],
          [
            -112.309982666175,
            37.73124491193201
          ],
          [
            -112.309564118626,
            37.731377994643296
          ],
          [
            -112.308944387082,
            37.7313893848531
          ],
          [
            -112.308765559458,
            37.73150628289089
          ],
          [
            -112.308683183048,
            37.731358488052216
          ],
          [
            -112.308459632798,
            37.731403780336706
          ],
          [
            -112.308318085259,
            37.73132414689079
          ],
          [
            -112.307973684654,
            37.731343831818286
          ],
          [
            -112.307846934164,
            37.7314150867076
          ],
          [
            -112.307643085764,
            37.7317418062606
          ],
          [
            -112.307440029679,
            37.7322104671618
          ],
          [
            -112.307377801583,
            37.732524349524994
          ],
          [
            -112.3076062216,
            37.7326525000897
          ],
          [
            -112.307870626331,
            37.732942479548996
          ],
          [
            -112.307973743942,
            37.732921056569495
          ],
          [
            -112.307986405696,
            37.73276995312919
          ],
          [
            -112.30843524713099,
            37.7333710763761
          ],
          [
            -112.308645605621,
            37.73333034637451
          ],
          [
            -112.308819630852,
            37.733346529679196
          ],
          [
            -112.30896225726799,
            37.7334936555715
          ],
          [
            -112.3090100162,
            37.73329935163099
          ],
          [
            -112.309334445459,
            37.733401647662596
          ],
          [
            -112.309357231227,
            37.7334711528717
          ],
          [
            -112.30925555361502,
            37.7336323481825
          ],
          [
            -112.309517399943,
            37.733879631862
          ],
          [
            -112.309550299842,
            37.7340143672989
          ],
          [
            -112.309365113943,
            37.7341764004572
          ],
          [
            -112.309137812329,
            37.73417667184539
          ],
          [
            -112.30889297919299,
            37.734289797312904
          ],
          [
            -112.308671531001,
            37.7343260538632
          ],
          [
            -112.308509889047,
            37.734284947854
          ],
          [
            -112.308179290157,
            37.7340386054427
          ],
          [
            -112.307916983891,
            37.7339649084457
          ],
          [
            -112.307650264202,
            37.734046728632805
          ],
          [
            -112.307209608216,
            37.73427242849078
          ],
          [
            -112.307206176651,
            37.734380619106794
          ],
          [
            -112.307398592192,
            37.734455092908895
          ],
          [
            -112.307129686003,
            37.7345482028171
          ],
          [
            -112.307095144882,
            37.7345845466246
          ],
          [
            -112.307163127586,
            37.7347010481681
          ],
          [
            -112.307091698945,
            37.73476934512891
          ],
          [
            -112.306939295265,
            37.73483421489279
          ],
          [
            -112.30649171865798,
            37.734827911211
          ],
          [
            -112.306780969891,
            37.735207744558096
          ],
          [
            -112.30657558627098,
            37.73542858012619
          ],
          [
            -112.306296478814,
            37.735445192781285
          ],
          [
            -112.30629446299501,
            37.73557589937991
          ],
          [
            -112.306859144881,
            37.7357813481776
          ],
          [
            -112.307011560238,
            37.73591719196689
          ],
          [
            -112.307036096822,
            37.7360024505746
          ],
          [
            -112.306980904331,
            37.7361293305689
          ],
          [
            -112.306612889712,
            37.736259589105195
          ],
          [
            -112.306463531321,
            37.73640103225059
          ],
          [
            -112.306458033631,
            37.736482117304305
          ],
          [
            -112.30655956122499,
            37.73659590419972
          ],
          [
            -112.306929074234,
            37.73673150424269
          ],
          [
            -112.30686792501399,
            37.736932715056106
          ],
          [
            -112.307068605954,
            37.7370251228021
          ],
          [
            -112.306754006958,
            37.7372245475544
          ],
          [
            -112.306768752803,
            37.73735966478811
          ],
          [
            -112.307344831615,
            37.737702519150595
          ],
          [
            -112.30732474259102,
            37.737837932461396
          ],
          [
            -112.30740963697801,
            37.7380059786332
          ],
          [
            -112.307231625025,
            37.7381251189111
          ],
          [
            -112.307483161389,
            37.738192176613985
          ],
          [
            -112.30740182522898,
            37.73826518102451
          ],
          [
            -112.30718549294198,
            37.73832841664569
          ],
          [
            -112.30711625619,
            37.73844409604911
          ],
          [
            -112.30708909383,
            37.73853227148499
          ]
        ],
        "type": "LineString"
      }
    },
    {
      "type": "Feature",
      "properties": {
        "id": "04-red-canyon-grand-view-01",
        "name": "Grand View",
        "label": "Grand View",
        "component": 1,
        "component_count": 1,
        "map_clipped": false,
        "source": "state-trails.geojson",
        "source_ids": [
          6695
        ],
        "published_horse_status": "HorseAllowed=Yes; current permission unverified",
        "direction": "Start at westernmost endpoint (southwest if equal longitude), follow source geometry",
        "start_wgs84": [
          -112.333717892425,
          37.7034358637794
        ],
        "end_wgs84": [
          -112.327003493224,
          37.72369175764
        ],
        "distance_miles": 1.6454440908147303,
        "ascent_ft": 209.18861758720323,
        "descent_ft": 255.1648234729806,
        "sample_spacing_m": 29.75377050436114,
        "valid_samples": 90,
        "sample_count": 90,
        "shorter_than_two_output_pixels": false,
        "gap_samples": 0,
        "gap_count": 0,
        "relative_zero": "chosen start",
        "dem_file": "04-red-canyon-dem.tif",
        "dem_source": "USGS 3DEP ImageServer mosaic; native sources unresolved; not verified lidar",
        "dem_output_pixel_m": 13.75,
        "smoothing": "3-sample median then 3-sample moving mean, segment endpoints retained; 3m reversal threshold for totals",
        "csv": "sources/profiles/04-red-canyon-grand-view-01.csv",
        "shown_on_page": true
      },
      "geometry": {
        "coordinates": [
          [
            -112.33371789242499,
            37.7034358637794
          ],
          [
            -112.333723640745,
            37.7039844939239
          ],
          [
            -112.33364747349,
            37.70455766417119
          ],
          [
            -112.33381873190899,
            37.7051318207285
          ],
          [
            -112.33379592368398,
            37.7051947172
          ],
          [
            -112.333441987462,
            37.7050296420108
          ],
          [
            -112.333368955328,
            37.705068862371
          ],
          [
            -112.33329357230198,
            37.7052364505717
          ],
          [
            -112.33324891525301,
            37.705624773778396
          ],
          [
            -112.333089675394,
            37.70572769721389
          ],
          [
            -112.333343925569,
            37.7065652588342
          ],
          [
            -112.334071488186,
            37.7074486573416
          ],
          [
            -112.33410586042301,
            37.70762581891001
          ],
          [
            -112.33362063811701,
            37.70783292440329
          ],
          [
            -112.33366731547801,
            37.7082029991362
          ],
          [
            -112.33344761361101,
            37.7085468867911
          ],
          [
            -112.33297585884802,
            37.708752664995096
          ],
          [
            -112.332680029251,
            37.708729061745494
          ],
          [
            -112.33262747780701,
            37.70879725118041
          ],
          [
            -112.332526350863,
            37.70940900672421
          ],
          [
            -112.332587008704,
            37.709622373264295
          ],
          [
            -112.33271242429703,
            37.70979670328491
          ],
          [
            -112.332754944255,
            37.710017124972794
          ],
          [
            -112.332611227284,
            37.7104805613536
          ],
          [
            -112.332477292068,
            37.7106667461064
          ],
          [
            -112.332235593155,
            37.7108092657535
          ],
          [
            -112.33189603177401,
            37.711144319875785
          ],
          [
            -112.33163467323001,
            37.71189992526029
          ],
          [
            -112.33134557021901,
            37.712227558809
          ],
          [
            -112.33067582497,
            37.7127826440475
          ],
          [
            -112.330735169475,
            37.712891028084485
          ],
          [
            -112.330444686651,
            37.71302778511141
          ],
          [
            -112.330431674554,
            37.7132454086323
          ],
          [
            -112.33029363314,
            37.713665697688796
          ],
          [
            -112.330444066814,
            37.714204763749095
          ],
          [
            -112.33038685940102,
            37.7143618701001
          ],
          [
            -112.330328725826,
            37.71442904028311
          ],
          [
            -112.330072218185,
            37.714391467142704
          ],
          [
            -112.33000233823901,
            37.7144806703645
          ],
          [
            -112.329861122178,
            37.714907664269894
          ],
          [
            -112.32956552704202,
            37.7152984552435
          ],
          [
            -112.329599917246,
            37.7153436720749
          ],
          [
            -112.329446124771,
            37.71560677550009
          ],
          [
            -112.329360540478,
            37.715928323292
          ],
          [
            -112.32893283460402,
            37.7164501157178
          ],
          [
            -112.328800084267,
            37.716544983572405
          ],
          [
            -112.328967344284,
            37.7167877934773
          ],
          [
            -112.329257670801,
            37.7168889774785
          ],
          [
            -112.329292236177,
            37.71694392579569
          ],
          [
            -112.329093492903,
            37.717320374607304
          ],
          [
            -112.329155896171,
            37.7180442941123
          ],
          [
            -112.329095891405,
            37.71817844867059
          ],
          [
            -112.32915700020001,
            37.719045774567896
          ],
          [
            -112.329087255002,
            37.719714313170996
          ],
          [
            -112.328737573201,
            37.7203368880149
          ],
          [
            -112.32873473722002,
            37.7205655728434
          ],
          [
            -112.328336093643,
            37.7214837747726
          ],
          [
            -112.32833542529599,
            37.7217068468999
          ],
          [
            -112.32797655013701,
            37.72232375467169
          ],
          [
            -112.327651983435,
            37.7227081982602
          ],
          [
            -112.327559487503,
            37.7229231117372
          ],
          [
            -112.32725276403801,
            37.72320136337039
          ],
          [
            -112.327053833915,
            37.7232826447781
          ],
          [
            -112.326976614733,
            37.7233872504144
          ],
          [
            -112.326953319621,
            37.72349341199191
          ],
          [
            -112.327020722912,
            37.7236526288485
          ],
          [
            -112.327003493224,
            37.72369175764
          ]
        ],
        "type": "LineString"
      }
    },
    {
      "type": "Feature",
      "properties": {
        "id": "04-red-canyon-great-western-alternate-01",
        "name": "Great Western Alternate",
        "label": "Great Western Alternate",
        "component": 1,
        "component_count": 1,
        "map_clipped": false,
        "source": "state-trails.geojson",
        "source_ids": [
          5967,
          5980
        ],
        "published_horse_status": "HorseAllowed=Yes; current permission unverified",
        "direction": "Start at westernmost endpoint (southwest if equal longitude), follow source geometry",
        "start_wgs84": [
          -112.228872436191,
          37.7442241675254
        ],
        "end_wgs84": [
          -112.208990465978,
          37.7551467240741
        ],
        "distance_miles": 1.4286737118721227,
        "ascent_ft": 148.7588632175222,
        "descent_ft": 50.15667613673837,
        "sample_spacing_m": 29.86009696310558,
        "valid_samples": 78,
        "sample_count": 78,
        "shorter_than_two_output_pixels": false,
        "gap_samples": 0,
        "gap_count": 0,
        "relative_zero": "chosen start",
        "dem_file": "04-red-canyon-dem.tif",
        "dem_source": "USGS 3DEP ImageServer mosaic; native sources unresolved; not verified lidar",
        "dem_output_pixel_m": 13.75,
        "smoothing": "3-sample median then 3-sample moving mean, segment endpoints retained; 3m reversal threshold for totals",
        "csv": "sources/profiles/04-red-canyon-great-western-alternate-01.csv",
        "shown_on_page": true
      },
      "geometry": {
        "coordinates": [
          [
            -112.22887243619101,
            37.7442241675254
          ],
          [
            -112.22885103562598,
            37.7442184506769
          ],
          [
            -112.228673489,
            37.744202636996604
          ],
          [
            -112.22848576895302,
            37.74412753440021
          ],
          [
            -112.22835895019101,
            37.7440289945806
          ],
          [
            -112.228323755995,
            37.7439940313502
          ],
          [
            -112.228208531788,
            37.743869053649085
          ],
          [
            -112.22766312864701,
            37.7436809619496
          ],
          [
            -112.226890252312,
            37.743594376016794
          ],
          [
            -112.226119410662,
            37.743541562185
          ],
          [
            -112.225359764715,
            37.74374098429989
          ],
          [
            -112.225320195723,
            37.7437504084942
          ],
          [
            -112.2244609329,
            37.7441243563171
          ],
          [
            -112.22364108186203,
            37.744479863208
          ],
          [
            -112.22286726589,
            37.74481235485399
          ],
          [
            -112.222144139154,
            37.7451217839727
          ],
          [
            -112.22145982412998,
            37.7454105276263
          ],
          [
            -112.22136285908,
            37.7454498367105
          ],
          [
            -112.22080599792699,
            37.7456831790504
          ],
          [
            -112.22016972210999,
            37.745946632151096
          ],
          [
            -112.219593561551,
            37.7461801682643
          ],
          [
            -112.219122875783,
            37.7463743069881
          ],
          [
            -112.218682861194,
            37.7465771388266
          ],
          [
            -112.21858320748701,
            37.7466187267112
          ],
          [
            -112.218476403189,
            37.7466603884458
          ],
          [
            -112.218137413137,
            37.74679457782689
          ],
          [
            -112.217627665926,
            37.7471197996432
          ],
          [
            -112.21712345233601,
            37.747499037897605
          ],
          [
            -112.216648850812,
            37.7478847280749
          ],
          [
            -112.21622694086899,
            37.7482653666828
          ],
          [
            -112.216067390193,
            37.7484202300971
          ],
          [
            -112.215815685844,
            37.748666172342006
          ],
          [
            -112.21550695194901,
            37.749047893686
          ],
          [
            -112.21537935075399,
            37.74931733964371
          ],
          [
            -112.215332924024,
            37.749428224436095
          ],
          [
            -112.21532773805,
            37.74943729062839
          ],
          [
            -112.215283632566,
            37.7495166076885
          ],
          [
            -112.215193267438,
            37.7496685030165
          ],
          [
            -112.214929413375,
            37.75008806474809
          ],
          [
            -112.21458330597,
            37.750524245446904
          ],
          [
            -112.214128667707,
            37.750945770510995
          ],
          [
            -112.213703164503,
            37.7512610941396
          ],
          [
            -112.21354009243102,
            37.7513957119976
          ],
          [
            -112.213524765376,
            37.75140938905421
          ],
          [
            -112.21347791104701,
            37.7514526824337
          ],
          [
            -112.213434162194,
            37.7514914371357
          ],
          [
            -112.213285845849,
            37.7516191429085
          ],
          [
            -112.213270481963,
            37.7516305669383
          ],
          [
            -112.21325303488402,
            37.7516465189552
          ],
          [
            -112.21310775843799,
            37.7517449016059
          ],
          [
            -112.213019670539,
            37.7517863658402
          ],
          [
            -112.212816589301,
            37.751883090533795
          ],
          [
            -112.21253181437298,
            37.7520167057806
          ],
          [
            -112.211903844379,
            37.752376917203605
          ],
          [
            -112.21132656721402,
            37.7528041990382
          ],
          [
            -112.21114699309001,
            37.7529644892845
          ],
          [
            -112.211029848286,
            37.7530689798316
          ],
          [
            -112.21091123024401,
            37.753173575349315
          ],
          [
            -112.210825058452,
            37.7532492668025
          ],
          [
            -112.210750359045,
            37.7533037158203
          ],
          [
            -112.210704977055,
            37.7533546880934
          ],
          [
            -112.210614345128,
            37.75343529219911
          ],
          [
            -112.21048981257799,
            37.7535462567615
          ],
          [
            -112.210365392318,
            37.7536571302451
          ],
          [
            -112.210266035054,
            37.753745664702
          ],
          [
            -112.20978050822,
            37.7541900222368
          ],
          [
            -112.20935306196,
            37.754604490737805
          ],
          [
            -112.20922507179502,
            37.75476127487671
          ],
          [
            -112.209119063405,
            37.7549155792309
          ],
          [
            -112.20907415662302,
            37.7549881424227
          ],
          [
            -112.20903556949,
            37.75505838732
          ],
          [
            -112.20899838103398,
            37.7551308708249
          ],
          [
            -112.208990465978,
            37.7551467240741
          ]
        ],
        "type": "LineString"
      }
    },
    {
      "type": "Feature",
      "properties": {
        "id": "04-red-canyon-hancock-01",
        "name": "Hancock",
        "label": "Hancock [map section]",
        "component": 1,
        "component_count": 1,
        "map_clipped": true,
        "source": "state-trails.geojson",
        "source_ids": [
          5523
        ],
        "published_horse_status": "HorseAllowed=Yes; current permission unverified",
        "direction": "Start at westernmost endpoint (southwest if equal longitude), follow source geometry",
        "start_wgs84": [
          -112.256974807821,
          37.8153567254788
        ],
        "end_wgs84": [
          -112.25467418292995,
          37.83858323058287
        ],
        "distance_miles": 2.2392928318138177,
        "ascent_ft": 950.3994673356009,
        "descent_ft": 0.0,
        "sample_spacing_m": 29.783408951426257,
        "valid_samples": 121,
        "sample_count": 122,
        "shorter_than_two_output_pixels": false,
        "gap_samples": 1,
        "gap_count": 1,
        "relative_zero": "chosen start",
        "dem_file": "04-red-canyon-dem.tif",
        "dem_source": "USGS 3DEP ImageServer mosaic; native sources unresolved; not verified lidar",
        "dem_output_pixel_m": 13.75,
        "smoothing": "3-sample median then 3-sample moving mean, segment endpoints retained; 3m reversal threshold for totals",
        "csv": "sources/profiles/04-red-canyon-hancock-01.csv",
        "shown_on_page": true
      },
      "geometry": {
        "coordinates": [
          [
            -112.25697480782101,
            37.8153567254788
          ],
          [
            -112.25690188438301,
            37.815397699858494
          ],
          [
            -112.256869460591,
            37.81556252680319
          ],
          [
            -112.25693465582302,
            37.8157826406199
          ],
          [
            -112.25645444971002,
            37.8160851815259
          ],
          [
            -112.25631233263901,
            37.8162263932568
          ],
          [
            -112.25616251969998,
            37.816557042973294
          ],
          [
            -112.255965727568,
            37.81671677276909
          ],
          [
            -112.255753580532,
            37.81698274468259
          ],
          [
            -112.255643128176,
            37.8172361861881
          ],
          [
            -112.255598243853,
            37.817685043032
          ],
          [
            -112.255533324404,
            37.817809658968606
          ],
          [
            -112.255113127548,
            37.81793346500021
          ],
          [
            -112.255030121419,
            37.8178488195746
          ],
          [
            -112.254928779777,
            37.8180098743028
          ],
          [
            -112.25472275745499,
            37.8179602466564
          ],
          [
            -112.25442300491599,
            37.818078440645486
          ],
          [
            -112.25428751831,
            37.8180009328984
          ],
          [
            -112.25428413255999,
            37.8178680329877
          ],
          [
            -112.254090794449,
            37.8181449766619
          ],
          [
            -112.253783804184,
            37.8182383722333
          ],
          [
            -112.25390191467801,
            37.8183565317148
          ],
          [
            -112.25378452912501,
            37.8183013627821
          ],
          [
            -112.253710323791,
            37.8183675842306
          ],
          [
            -112.253670360439,
            37.81854384591101
          ],
          [
            -112.25371702791801,
            37.81871684287981
          ],
          [
            -112.253455223809,
            37.8186271599848
          ],
          [
            -112.25331449104199,
            37.8187030115109
          ],
          [
            -112.253189615336,
            37.8187088467863
          ],
          [
            -112.25339436205098,
            37.8188710584589
          ],
          [
            -112.253097293678,
            37.8190004864942
          ],
          [
            -112.252986198128,
            37.8189813904641
          ],
          [
            -112.252820897336,
            37.819136363369395
          ],
          [
            -112.25253005967801,
            37.8191169253354
          ],
          [
            -112.252772408074,
            37.8192923471619
          ],
          [
            -112.25249063262,
            37.81982934310871
          ],
          [
            -112.25218102286802,
            37.81994979991079
          ],
          [
            -112.251796959846,
            37.819940363429
          ],
          [
            -112.25142790048601,
            37.820052437361504
          ],
          [
            -112.250982439412,
            37.82031628331901
          ],
          [
            -112.250957681842,
            37.82040441933611
          ],
          [
            -112.25078494120298,
            37.8203949885893
          ],
          [
            -112.250910961363,
            37.82047701688651
          ],
          [
            -112.25087923196901,
            37.820515567231006
          ],
          [
            -112.25062020185801,
            37.82058366006489
          ],
          [
            -112.250449149153,
            37.8209032615466
          ],
          [
            -112.250131123085,
            37.8209764858987
          ],
          [
            -112.25013029573702,
            37.8210688745048
          ],
          [
            -112.25001563926499,
            37.8210745974755
          ],
          [
            -112.249869831017,
            37.821267663919706
          ],
          [
            -112.24976842739099,
            37.8212709926716
          ],
          [
            -112.24975086442899,
            37.8213951029941
          ],
          [
            -112.249399420133,
            37.82186523597869
          ],
          [
            -112.24927287266199,
            37.8218530592733
          ],
          [
            -112.24913964172602,
            37.8222465226629
          ],
          [
            -112.24899321453799,
            37.82227511363869
          ],
          [
            -112.24880359275798,
            37.822531731555195
          ],
          [
            -112.248486053576,
            37.822715260847005
          ],
          [
            -112.24834061812899,
            37.8229106639309
          ],
          [
            -112.24825360192,
            37.8229318650013
          ],
          [
            -112.24803985678201,
            37.82324731943519
          ],
          [
            -112.24788370892401,
            37.823629847842405
          ],
          [
            -112.24779492303499,
            37.8240723179318
          ],
          [
            -112.248048168893,
            37.824941607004995
          ],
          [
            -112.247997203874,
            37.82507958958221
          ],
          [
            -112.24788886255898,
            37.825015395714395
          ],
          [
            -112.24792662234303,
            37.8252334619192
          ],
          [
            -112.247877476412,
            37.8253715156167
          ],
          [
            -112.247757129114,
            37.8252623859432
          ],
          [
            -112.247804886249,
            37.8254466392952
          ],
          [
            -112.247741466089,
            37.8257086771658
          ],
          [
            -112.24861194437901,
            37.82778587558769
          ],
          [
            -112.248760930867,
            37.82802313089419
          ],
          [
            -112.249064270379,
            37.828222697678285
          ],
          [
            -112.24915536943,
            37.82869940072231
          ],
          [
            -112.24908523885401,
            37.8287722455447
          ],
          [
            -112.249122324004,
            37.8289904084964
          ],
          [
            -112.24906148110999,
            37.82925692650899
          ],
          [
            -112.248723599579,
            37.82990040659041
          ],
          [
            -112.248671554784,
            37.8304800197416
          ],
          [
            -112.248643961234,
            37.830798006797295
          ],
          [
            -112.24827849154201,
            37.831234487520604
          ],
          [
            -112.248117252931,
            37.8316192328782
          ],
          [
            -112.247977229833,
            37.83228539842459
          ],
          [
            -112.24827703088101,
            37.83260442207601
          ],
          [
            -112.24841186171702,
            37.83283056116649
          ],
          [
            -112.248428422159,
            37.83307147328409
          ],
          [
            -112.248762611615,
            37.8333067647597
          ],
          [
            -112.24868023251,
            37.8331251327335
          ],
          [
            -112.249339684862,
            37.83373324962071
          ],
          [
            -112.2504678934,
            37.834361170833205
          ],
          [
            -112.25107712274101,
            37.83458452126529
          ],
          [
            -112.251422935498,
            37.8350495031807
          ],
          [
            -112.251911928033,
            37.83527863370289
          ],
          [
            -112.252044958645,
            37.8355183069013
          ],
          [
            -112.252372968589,
            37.8358505388488
          ],
          [
            -112.25320981126,
            37.83728140040909
          ],
          [
            -112.253426321413,
            37.837840131252
          ],
          [
            -112.253444355093,
            37.837885002186994
          ],
          [
            -112.25346291787999,
            37.83792761493539
          ],
          [
            -112.25370414428001,
            37.8383148417718
          ],
          [
            -112.254151181898,
            37.838393448389
          ],
          [
            -112.254669324764,
            37.8385771936284
          ],
          [
            -112.25467418292995,
            37.83858323058287
          ]
        ],
        "type": "LineString"
      }
    },
    {
      "type": "Feature",
      "properties": {
        "id": "04-red-canyon-hoodoo-01",
        "name": "Hoodoo",
        "label": "Hoodoo \u00b7 part 1/4",
        "component": 1,
        "component_count": 4,
        "map_clipped": false,
        "source": "state-trails.geojson",
        "source_ids": [
          5914,
          5926,
          5927,
          5929
        ],
        "published_horse_status": "HorseAllowed=Yes; current permission unverified",
        "direction": "Start at westernmost endpoint (southwest if equal longitude), follow source geometry",
        "start_wgs84": [
          -112.321289515416,
          37.747192212079796
        ],
        "end_wgs84": [
          -112.319618943635,
          37.74602666327919
        ],
        "distance_miles": 0.1901074013593914,
        "ascent_ft": 28.394758031628236,
        "descent_ft": 13.934655408287336,
        "sample_spacing_m": 27.8134732484844,
        "valid_samples": 12,
        "sample_count": 12,
        "shorter_than_two_output_pixels": false,
        "gap_samples": 0,
        "gap_count": 0,
        "relative_zero": "chosen start",
        "dem_file": "04-red-canyon-dem.tif",
        "dem_source": "USGS 3DEP ImageServer mosaic; native sources unresolved; not verified lidar",
        "dem_output_pixel_m": 13.75,
        "smoothing": "3-sample median then 3-sample moving mean, segment endpoints retained; 3m reversal threshold for totals",
        "csv": "sources/profiles/04-red-canyon-hoodoo-01.csv",
        "shown_on_page": true
      },
      "geometry": {
        "coordinates": [
          [
            -112.321289515416,
            37.747192212079796
          ],
          [
            -112.32136839738,
            37.74720484646019
          ],
          [
            -112.32142678966999,
            37.7472397016266
          ],
          [
            -112.321540812829,
            37.747358291466
          ],
          [
            -112.321521384066,
            37.747401860686296
          ],
          [
            -112.32123703583702,
            37.7474643526181
          ],
          [
            -112.320991168741,
            37.747399423600704
          ],
          [
            -112.320765708672,
            37.74747360089099
          ],
          [
            -112.320663927754,
            37.74745617549589
          ],
          [
            -112.32064082847502,
            37.7473699129106
          ],
          [
            -112.320370349336,
            37.747216483555796
          ],
          [
            -112.32031313743201,
            37.7470053264206
          ],
          [
            -112.320149354793,
            37.7467498490073
          ],
          [
            -112.320042589123,
            37.74666263092791
          ],
          [
            -112.319837606152,
            37.7464709734062
          ],
          [
            -112.319742088288,
            37.7461159519977
          ],
          [
            -112.319628605016,
            37.7460338553364
          ],
          [
            -112.319618943635,
            37.74602666327919
          ]
        ],
        "type": "LineString"
      }
    },
    {
      "type": "Feature",
      "properties": {
        "id": "04-red-canyon-hoodoo-02",
        "name": "Hoodoo",
        "label": "Hoodoo \u00b7 part 2/4",
        "component": 2,
        "component_count": 4,
        "map_clipped": false,
        "source": "state-trails.geojson",
        "source_ids": [
          5925
        ],
        "published_horse_status": "HorseAllowed=Yes; current permission unverified",
        "direction": "Start at westernmost endpoint (southwest if equal longitude), follow source geometry",
        "start_wgs84": [
          -112.321289515416,
          37.747192212079796
        ],
        "end_wgs84": [
          -112.319618943635,
          37.74602666327919
        ],
        "distance_miles": 0.1303602114430637,
        "ascent_ft": 14.460102623340898,
        "descent_ft": 0.0,
        "sample_spacing_m": 29.970632017803702,
        "valid_samples": 8,
        "sample_count": 8,
        "shorter_than_two_output_pixels": false,
        "gap_samples": 0,
        "gap_count": 0,
        "relative_zero": "chosen start",
        "dem_file": "04-red-canyon-dem.tif",
        "dem_source": "USGS 3DEP ImageServer mosaic; native sources unresolved; not verified lidar",
        "dem_output_pixel_m": 13.75,
        "smoothing": "3-sample median then 3-sample moving mean, segment endpoints retained; 3m reversal threshold for totals",
        "csv": "sources/profiles/04-red-canyon-hoodoo-02.csv",
        "shown_on_page": true
      },
      "geometry": {
        "coordinates": [
          [
            -112.321289515416,
            37.747192212079796
          ],
          [
            -112.32106373554798,
            37.7471653614395
          ],
          [
            -112.320904064498,
            37.74696256388779
          ],
          [
            -112.320842141828,
            37.746735506940404
          ],
          [
            -112.32062433361,
            37.746512090407016
          ],
          [
            -112.31989093373998,
            37.7460610203515
          ],
          [
            -112.319618943635,
            37.74602666327919
          ]
        ],
        "type": "LineString"
      }
    },
    {
      "type": "Feature",
      "properties": {
        "id": "04-red-canyon-hoodoo-03",
        "name": "Hoodoo",
        "label": "Hoodoo \u00b7 part 3/4",
        "component": 3,
        "component_count": 4,
        "map_clipped": false,
        "source": "state-trails.geojson",
        "source_ids": [
          5924
        ],
        "published_horse_status": "HorseAllowed=Yes; current permission unverified",
        "direction": "Start at westernmost endpoint (southwest if equal longitude), follow source geometry",
        "start_wgs84": [
          -112.32132365499,
          37.74693550859259
        ],
        "end_wgs84": [
          -112.321289515416,
          37.747192212079796
        ],
        "distance_miles": 0.017798374505070644,
        "ascent_ft": 0.0,
        "descent_ft": 0.0,
        "sample_spacing_m": 28.643707219488412,
        "valid_samples": 2,
        "sample_count": 2,
        "shorter_than_two_output_pixels": false,
        "gap_samples": 0,
        "gap_count": 0,
        "relative_zero": "chosen start",
        "dem_file": "04-red-canyon-dem.tif",
        "dem_source": "USGS 3DEP ImageServer mosaic; native sources unresolved; not verified lidar",
        "dem_output_pixel_m": 13.75,
        "smoothing": "3-sample median then 3-sample moving mean, segment endpoints retained; 3m reversal threshold for totals",
        "csv": "sources/profiles/04-red-canyon-hoodoo-03.csv",
        "shown_on_page": true
      },
      "geometry": {
        "coordinates": [
          [
            -112.32132365498998,
            37.74693550859259
          ],
          [
            -112.321289515416,
            37.747192212079796
          ]
        ],
        "type": "LineString"
      }
    },
    {
      "type": "Feature",
      "properties": {
        "id": "04-red-canyon-hoodoo-04",
        "name": "Hoodoo",
        "label": "Hoodoo \u00b7 part 4/4",
        "component": 4,
        "component_count": 4,
        "map_clipped": false,
        "source": "state-trails.geojson",
        "source_ids": [
          5903
        ],
        "published_horse_status": "HorseAllowed=Yes; current permission unverified",
        "direction": "Start at westernmost endpoint (southwest if equal longitude), follow source geometry",
        "start_wgs84": [
          -112.319618943635,
          37.74602666327919
        ],
        "end_wgs84": [
          -112.319448281698,
          37.746003518701905
        ],
        "distance_miles": 0.009479286112413216,
        "ascent_ft": 0.0,
        "descent_ft": 0.0,
        "sample_spacing_m": 15.255432229295536,
        "valid_samples": 2,
        "sample_count": 2,
        "shorter_than_two_output_pixels": true,
        "gap_samples": 0,
        "gap_count": 0,
        "relative_zero": "chosen start",
        "dem_file": "04-red-canyon-dem.tif",
        "dem_source": "USGS 3DEP ImageServer mosaic; native sources unresolved; not verified lidar",
        "dem_output_pixel_m": 13.75,
        "smoothing": "3-sample median then 3-sample moving mean, segment endpoints retained; 3m reversal threshold for totals",
        "csv": "sources/profiles/04-red-canyon-hoodoo-04.csv",
        "shown_on_page": true
      },
      "geometry": {
        "coordinates": [
          [
            -112.319618943635,
            37.74602666327919
          ],
          [
            -112.319448281698,
            37.746003518701905
          ]
        ],
        "type": "LineString"
      }
    },
    {
      "type": "Feature",
      "properties": {
        "id": "04-red-canyon-ledge-point-trail-01",
        "name": "Ledge Point Trail",
        "label": "Ledge Point Trail \u00b7 part 1/3",
        "component": 1,
        "component_count": 3,
        "map_clipped": false,
        "source": "state-trails.geojson",
        "source_ids": [
          6009
        ],
        "published_horse_status": "HorseAllowed=Yes; current permission unverified",
        "direction": "Start at westernmost endpoint (southwest if equal longitude), follow source geometry",
        "start_wgs84": [
          -112.307855423243,
          37.7565458187088
        ],
        "end_wgs84": [
          -112.306223802413,
          37.753167221380394
        ],
        "distance_miles": 0.2681175586749891,
        "ascent_ft": 43.517934124809706,
        "descent_ft": 0.0,
        "sample_spacing_m": 28.766225623216112,
        "valid_samples": 16,
        "sample_count": 16,
        "shorter_than_two_output_pixels": false,
        "gap_samples": 0,
        "gap_count": 0,
        "relative_zero": "chosen start",
        "dem_file": "04-red-canyon-dem.tif",
        "dem_source": "USGS 3DEP ImageServer mosaic; native sources unresolved; not verified lidar",
        "dem_output_pixel_m": 13.75,
        "smoothing": "3-sample median then 3-sample moving mean, segment endpoints retained; 3m reversal threshold for totals",
        "csv": "sources/profiles/04-red-canyon-ledge-point-trail-01.csv",
        "shown_on_page": true
      },
      "geometry": {
        "coordinates": [
          [
            -112.307855423243,
            37.7565458187088
          ],
          [
            -112.30785014923399,
            37.756407448148494
          ],
          [
            -112.30780641655099,
            37.7563349310932
          ],
          [
            -112.307692899143,
            37.7561994685263
          ],
          [
            -112.30761147494802,
            37.756100872337605
          ],
          [
            -112.307599780679,
            37.75608784316779
          ],
          [
            -112.30757866667702,
            37.756036254876996
          ],
          [
            -112.30754246906301,
            37.7559983527019
          ],
          [
            -112.307509846743,
            37.755937878642484
          ],
          [
            -112.30750341929702,
            37.7558951397377
          ],
          [
            -112.307492395172,
            37.7558299205304
          ],
          [
            -112.30744688562102,
            37.7557853619463
          ],
          [
            -112.307406171278,
            37.7557294843444
          ],
          [
            -112.30739588466999,
            37.75568678793319
          ],
          [
            -112.30739399641101,
            37.75564399845659
          ],
          [
            -112.307400591842,
            37.75561238094719
          ],
          [
            -112.307339881,
            37.7555296875701
          ],
          [
            -112.307306163634,
            37.7554714787805
          ],
          [
            -112.307290368556,
            37.7553995531452
          ],
          [
            -112.30728242655098,
            37.7553095142535
          ],
          [
            -112.30728808503902,
            37.75528917304698
          ],
          [
            -112.307228446785,
            37.75522223950019
          ],
          [
            -112.307205438236,
            37.7551661654471
          ],
          [
            -112.30718612984698,
            37.7551010372181
          ],
          [
            -112.307159563071,
            37.75504274996489
          ],
          [
            -112.30712758394502,
            37.754980015848716
          ],
          [
            -112.307129145217,
            37.7549462005699
          ],
          [
            -112.30714099489401,
            37.75491001875129
          ],
          [
            -112.307187119791,
            37.7548734562254
          ],
          [
            -112.307164707723,
            37.75480610965171
          ],
          [
            -112.307159245067,
            37.754740828403406
          ],
          [
            -112.30720304961602,
            37.75468851969671
          ],
          [
            -112.307265097151,
            37.7546472737131
          ],
          [
            -112.307256989855,
            37.754586528656496
          ],
          [
            -112.307246113952,
            37.7545168003697
          ],
          [
            -112.30723555066301,
            37.75445833509481
          ],
          [
            -112.307232965311,
            37.754395275190205
          ],
          [
            -112.307229595731,
            37.754345742594
          ],
          [
            -112.30721593325403,
            37.7542918185056
          ],
          [
            -112.30720139761402,
            37.7542333970883
          ],
          [
            -112.30714635604,
            37.7541889440798
          ],
          [
            -112.307122587516,
            37.754128372657895
          ],
          [
            -112.307073425415,
            37.754056816467106
          ],
          [
            -112.307050314458,
            37.7540142625611
          ],
          [
            -112.307001866518,
            37.75398325517061
          ],
          [
            -112.30695331796699,
            37.75392070482129
          ],
          [
            -112.306941413493,
            37.753889292548294
          ],
          [
            -112.30691585372801,
            37.7538107152861
          ],
          [
            -112.306900557215,
            37.753747795459596
          ],
          [
            -112.30685856187401,
            37.7536964385001
          ],
          [
            -112.30680661948801,
            37.75364744451849
          ],
          [
            -112.306760613169,
            37.75359387859939
          ],
          [
            -112.306730949001,
            37.7535401315266
          ],
          [
            -112.306665865161,
            37.75347325818979
          ],
          [
            -112.306662030253,
            37.7534552752364
          ],
          [
            -112.306608691884,
            37.7534108032938
          ],
          [
            -112.30655369073399,
            37.753368602723796
          ],
          [
            -112.30650432471602,
            37.75332408669328
          ],
          [
            -112.30644750807099,
            37.75328190667128
          ],
          [
            -112.306423376628,
            37.7532393636837
          ],
          [
            -112.306404752755,
            37.753226051327395
          ],
          [
            -112.306345677746,
            37.7531974151575
          ],
          [
            -112.30628332119001,
            37.7531823335411
          ],
          [
            -112.306223802413,
            37.753167221380394
          ]
        ],
        "type": "LineString"
      }
    },
    {
      "type": "Feature",
      "properties": {
        "id": "04-red-canyon-ledge-point-trail-02",
        "name": "Ledge Point Trail",
        "label": "Ledge Point Trail \u00b7 part 2/3",
        "component": 2,
        "component_count": 3,
        "map_clipped": false,
        "source": "state-trails.geojson",
        "source_ids": [
          6007
        ],
        "published_horse_status": "HorseAllowed=Yes; current permission unverified",
        "direction": "Start at westernmost endpoint (southwest if equal longitude), follow source geometry",
        "start_wgs84": [
          -112.306223802413,
          37.753167221380394
        ],
        "end_wgs84": [
          -112.305977365784,
          37.7564406562259
        ],
        "distance_miles": 0.25759202417165267,
        "ascent_ft": 0.0,
        "descent_ft": 75.33635492898864,
        "sample_spacing_m": 29.611012753464586,
        "valid_samples": 15,
        "sample_count": 15,
        "shorter_than_two_output_pixels": false,
        "gap_samples": 0,
        "gap_count": 0,
        "relative_zero": "chosen start",
        "dem_file": "04-red-canyon-dem.tif",
        "dem_source": "USGS 3DEP ImageServer mosaic; native sources unresolved; not verified lidar",
        "dem_output_pixel_m": 13.75,
        "smoothing": "3-sample median then 3-sample moving mean, segment endpoints retained; 3m reversal threshold for totals",
        "csv": "sources/profiles/04-red-canyon-ledge-point-trail-02.csv",
        "shown_on_page": true
      },
      "geometry": {
        "coordinates": [
          [
            -112.306223802413,
            37.753167221380394
          ],
          [
            -112.30619953712,
            37.7531945286696
          ],
          [
            -112.306148725713,
            37.7532356490372
          ],
          [
            -112.306111430357,
            37.7532901385498
          ],
          [
            -112.306072619544,
            37.7533423914247
          ],
          [
            -112.306045316149,
            37.753403529564
          ],
          [
            -112.306035875754,
            37.7534734826304
          ],
          [
            -112.30600088457699,
            37.75352344054279
          ],
          [
            -112.305951598509,
            37.75358031558721
          ],
          [
            -112.305890611884,
            37.7536238015957
          ],
          [
            -112.305841774075,
            37.753673912821405
          ],
          [
            -112.3058388815,
            37.753748299738994
          ],
          [
            -112.305853797127,
            37.753808970197
          ],
          [
            -112.305850592836,
            37.753872094523906
          ],
          [
            -112.305828362228,
            37.7539376826567
          ],
          [
            -112.305804117597,
            37.75399202747139
          ],
          [
            -112.305755693911,
            37.754039880563795
          ],
          [
            -112.30569993817703,
            37.75409682765648
          ],
          [
            -112.305633276894,
            37.7541403765736
          ],
          [
            -112.305570587962,
            37.75418388142969
          ],
          [
            -112.30553423404102,
            37.7542338537777
          ],
          [
            -112.305558278348,
            37.7543101954427
          ],
          [
            -112.30558586471201,
            37.75436847190911
          ],
          [
            -112.30560285634598,
            37.75442461332991
          ],
          [
            -112.305651523474,
            37.7544939219486
          ],
          [
            -112.30567255662798,
            37.754541005521205
          ],
          [
            -112.305679379333,
            37.7546062720306
          ],
          [
            -112.305715630846,
            37.75466670598419
          ],
          [
            -112.305735879771,
            37.7547273174492
          ],
          [
            -112.305748678967,
            37.7547902641422
          ],
          [
            -112.30572310033799,
            37.75483335809609
          ],
          [
            -112.305714739718,
            37.75488076745349
          ],
          [
            -112.30570167731499,
            37.754964279753594
          ],
          [
            -112.305680032408,
            37.7550050759782
          ],
          [
            -112.305686894639,
            37.755072595669304
          ],
          [
            -112.30571167825902,
            37.755126397027496
          ],
          [
            -112.305738323189,
            37.7551891906796
          ],
          [
            -112.30578683221401,
            37.7552494885016
          ],
          [
            -112.30584174982098,
            37.755280424337705
          ],
          [
            -112.30585785302,
            37.75531179056491
          ],
          [
            -112.30588285583002,
            37.7554038934015
          ],
          [
            -112.305883972436,
            37.7554286657416
          ],
          [
            -112.305901804892,
            37.7554938100177
          ],
          [
            -112.30593014674002,
            37.75554982558321
          ],
          [
            -112.305975058911,
            37.755605657155506
          ],
          [
            -112.306028215819,
            37.755659144202596
          ],
          [
            -112.30607710034,
            37.755714931657906
          ],
          [
            -112.30610540895,
            37.755775453485086
          ],
          [
            -112.306162765482,
            37.7558288935341
          ],
          [
            -112.30616717171901,
            37.755898693027994
          ],
          [
            -112.306140542959,
            37.7559530641013
          ],
          [
            -112.30616990708901,
            37.7560090679554
          ],
          [
            -112.30618999611403,
            37.7560218237003
          ],
          [
            -112.306254001078,
            37.756072396372
          ],
          [
            -112.306279350637,
            37.75610023526131
          ],
          [
            -112.30628521304202,
            37.756104405731605
          ],
          [
            -112.305977365784,
            37.7564406562259
          ]
        ],
        "type": "LineString"
      }
    },
    {
      "type": "Feature",
      "properties": {
        "id": "04-red-canyon-ledge-point-trail-03",
        "name": "Ledge Point Trail",
        "label": "Ledge Point Trail \u00b7 part 3/3",
        "component": 3,
        "component_count": 3,
        "map_clipped": false,
        "source": "state-trails.geojson",
        "source_ids": [
          5973
        ],
        "published_horse_status": "HorseAllowed=Yes; current permission unverified",
        "direction": "Start at westernmost endpoint (southwest if equal longitude), follow source geometry",
        "start_wgs84": [
          -112.306223802413,
          37.753167221380394
        ],
        "end_wgs84": [
          -112.305712787678,
          37.7521476913744
        ],
        "distance_miles": 0.08154364772623754,
        "ascent_ft": 0.0,
        "descent_ft": 0.0,
        "sample_spacing_m": 26.246356041266807,
        "valid_samples": 6,
        "sample_count": 6,
        "shorter_than_two_output_pixels": false,
        "gap_samples": 0,
        "gap_count": 0,
        "relative_zero": "chosen start",
        "dem_file": "04-red-canyon-dem.tif",
        "dem_source": "USGS 3DEP ImageServer mosaic; native sources unresolved; not verified lidar",
        "dem_output_pixel_m": 13.75,
        "smoothing": "3-sample median then 3-sample moving mean, segment endpoints retained; 3m reversal threshold for totals",
        "csv": "sources/profiles/04-red-canyon-ledge-point-trail-03.csv",
        "shown_on_page": true
      },
      "geometry": {
        "coordinates": [
          [
            -112.306223802413,
            37.753167221380394
          ],
          [
            -112.30621876376202,
            37.7531582643146
          ],
          [
            -112.30622030796599,
            37.753149234801505
          ],
          [
            -112.30623065925302,
            37.75313109480219
          ],
          [
            -112.306262659939,
            37.7530789170656
          ],
          [
            -112.30629942708498,
            37.753026686733
          ],
          [
            -112.306288109211,
            37.7529704824587
          ],
          [
            -112.30624437832398,
            37.7529236507396
          ],
          [
            -112.306207945351,
            37.752872231415296
          ],
          [
            -112.306153439173,
            37.7528322785154
          ],
          [
            -112.306106979205,
            37.7527787176882
          ],
          [
            -112.306078751444,
            37.7527227014452
          ],
          [
            -112.306075787003,
            37.752657392078994
          ],
          [
            -112.306077554888,
            37.7525965367183
          ],
          [
            -112.30604717117,
            37.752540544486386
          ],
          [
            -112.306013156462,
            37.75248459198679
          ],
          [
            -112.305985507216,
            37.75244208831571
          ],
          [
            -112.305946316415,
            37.7523952058332
          ],
          [
            -112.30590727832698,
            37.752350574864096
          ],
          [
            -112.305855653945,
            37.7523196022897
          ],
          [
            -112.30580061506501,
            37.7522751488417
          ],
          [
            -112.305759943841,
            37.7522215236871
          ],
          [
            -112.30573198287901,
            37.75216775715051
          ],
          [
            -112.305712787678,
            37.7521476913744
          ]
        ],
        "type": "LineString"
      }
    },
    {
      "type": "Feature",
      "properties": {
        "id": "04-red-canyon-losee-canyon-01",
        "name": "Losee Canyon",
        "label": "Losee Canyon",
        "component": 1,
        "component_count": 1,
        "map_clipped": false,
        "source": "state-trails.geojson",
        "source_ids": [
          6232
        ],
        "published_horse_status": "HorseAllowed=Yes; current permission unverified",
        "direction": "Start at westernmost endpoint (southwest if equal longitude), follow source geometry",
        "start_wgs84": [
          -112.333563858303,
          37.7696267777962
        ],
        "end_wgs84": [
          -112.288087351324,
          37.77726066486469
        ],
        "distance_miles": 2.927821397872409,
        "ascent_ft": 538.0613570042333,
        "descent_ft": 0.0,
        "sample_spacing_m": 29.821973416060597,
        "valid_samples": 159,
        "sample_count": 159,
        "shorter_than_two_output_pixels": false,
        "gap_samples": 0,
        "gap_count": 0,
        "relative_zero": "chosen start",
        "dem_file": "04-red-canyon-dem.tif",
        "dem_source": "USGS 3DEP ImageServer mosaic; native sources unresolved; not verified lidar",
        "dem_output_pixel_m": 13.75,
        "smoothing": "3-sample median then 3-sample moving mean, segment endpoints retained; 3m reversal threshold for totals",
        "csv": "sources/profiles/04-red-canyon-losee-canyon-01.csv",
        "shown_on_page": true
      },
      "geometry": {
        "coordinates": [
          [
            -112.333563858303,
            37.7696267777962
          ],
          [
            -112.333565472576,
            37.76961774887291
          ],
          [
            -112.33349845915403,
            37.76960048349499
          ],
          [
            -112.333434402986,
            37.76958994276472
          ],
          [
            -112.333365111437,
            37.7695839672692
          ],
          [
            -112.333298025251,
            37.7695824732177
          ],
          [
            -112.333231882297,
            37.76957420764721
          ],
          [
            -112.33316874151201,
            37.769574922008395
          ],
          [
            -112.33312707495402,
            37.769566382338084
          ],
          [
            -112.33309968262601,
            37.7695621863531
          ],
          [
            -112.33303172866799,
            37.7695516875133
          ],
          [
            -112.33296818184502,
            37.769529880314
          ],
          [
            -112.33294037000398,
            37.7694828723212
          ],
          [
            -112.332905112926,
            37.7694359594522
          ],
          [
            -112.332866347028,
            37.769391330952715
          ],
          [
            -112.332822618836,
            37.76934676207491
          ],
          [
            -112.332788697553,
            37.769295327181894
          ],
          [
            -112.332771762513,
            37.769241440974994
          ],
          [
            -112.332722043457,
            37.769199196178
          ],
          [
            -112.33266227944,
            37.769170574712405
          ],
          [
            -112.332598651768,
            37.7691442596561
          ],
          [
            -112.332535696036,
            37.7691156807756
          ],
          [
            -112.332472341453,
            37.7690848536907
          ],
          [
            -112.33241856560498,
            37.76905391368621
          ],
          [
            -112.33237535394501,
            37.76901835585
          ],
          [
            -112.332332172827,
            37.76898504619311
          ],
          [
            -112.332278634135,
            37.768947345932105
          ],
          [
            -112.33221630902,
            37.768914254956194
          ],
          [
            -112.33215126470601,
            37.76888795259048
          ],
          [
            -112.332097883218,
            37.768859266384794
          ],
          [
            -112.332082073767,
            37.768848179476
          ],
          [
            -112.33203972988001,
            37.76882161860771
          ],
          [
            -112.33202179052398,
            37.7688105537066
          ],
          [
            -112.331966680678,
            37.768784139107
          ],
          [
            -112.33190497899402,
            37.768746534608184
          ],
          [
            -112.33185588696202,
            37.7686997711051
          ],
          [
            -112.331811723088,
            37.768650704687396
          ],
          [
            -112.331784328963,
            37.7686465072302
          ],
          [
            -112.331652794046,
            37.76863222266589
          ],
          [
            -112.33143254241,
            37.7685933335009
          ],
          [
            -112.330979398044,
            37.7682977084277
          ],
          [
            -112.330322422348,
            37.7680026637574
          ],
          [
            -112.330057380711,
            37.7679616744481
          ],
          [
            -112.329876341436,
            37.767970657416
          ],
          [
            -112.32955537069,
            37.76816669959031
          ],
          [
            -112.32960543200399,
            37.768248690741
          ],
          [
            -112.3295204397,
            37.76835266404141
          ],
          [
            -112.32932840414702,
            37.7684007052553
          ],
          [
            -112.32882443939101,
            37.7688266497214
          ],
          [
            -112.32831440561701,
            37.76942768605411
          ],
          [
            -112.32783137430201,
            37.7696917036397
          ],
          [
            -112.327328403981,
            37.7698757306597
          ],
          [
            -112.326854402532,
            37.7697876990847
          ],
          [
            -112.326177438422,
            37.7693586577158
          ],
          [
            -112.325147377116,
            37.7691326735864
          ],
          [
            -112.324586424137,
            37.76887968765251
          ],
          [
            -112.32385940320502,
            37.7688576658025
          ],
          [
            -112.323546377159,
            37.76876168335231
          ],
          [
            -112.32263038931801,
            37.76878170272581
          ],
          [
            -112.32208442113601,
            37.7689296891289
          ],
          [
            -112.321796431138,
            37.769155712934285
          ],
          [
            -112.32056634825601,
            37.7699007026615
          ],
          [
            -112.32014634274202,
            37.77007773116801
          ],
          [
            -112.31983743637001,
            37.77039870724919
          ],
          [
            -112.31928443617602,
            37.7705417126765
          ],
          [
            -112.31831236291899,
            37.7708957051288
          ],
          [
            -112.31747343436,
            37.770902655468994
          ],
          [
            -112.316929350844,
            37.771036717802104
          ],
          [
            -112.316563421214,
            37.7710307133099
          ],
          [
            -112.31619839798502,
            37.770947728991196
          ],
          [
            -112.315918364365,
            37.770938689577896
          ],
          [
            -112.31548743623502,
            37.7707116962691
          ],
          [
            -112.31490440176802,
            37.7705506591163
          ],
          [
            -112.314167425705,
            37.77047371217111
          ],
          [
            -112.313728436094,
            37.77048365487809
          ],
          [
            -112.31290140572098,
            37.7703606576331
          ],
          [
            -112.312612400626,
            37.770447695106995
          ],
          [
            -112.312438424803,
            37.77056769917349
          ],
          [
            -112.311489402316,
            37.77066668083041
          ],
          [
            -112.310845349784,
            37.770656723946196
          ],
          [
            -112.31012039318,
            37.77048868019799
          ],
          [
            -112.309825332541,
            37.7705287322062
          ],
          [
            -112.309376436309,
            37.770472705970796
          ],
          [
            -112.30911933038999,
            37.7705146780752
          ],
          [
            -112.307933422163,
            37.7705017118019
          ],
          [
            -112.307659325508,
            37.7705846959111
          ],
          [
            -112.307253363356,
            37.7706327321245
          ],
          [
            -112.306835375458,
            37.770829699587686
          ],
          [
            -112.306672360878,
            37.7709666975538
          ],
          [
            -112.306511414221,
            37.770969653646794
          ],
          [
            -112.305909361521,
            37.7709076516468
          ],
          [
            -112.30563341793,
            37.770814725239
          ],
          [
            -112.305362385429,
            37.77054266135839
          ],
          [
            -112.30479840422902,
            37.77035973238189
          ],
          [
            -112.304638419667,
            37.7703656502972
          ],
          [
            -112.30411142659798,
            37.7704267317618
          ],
          [
            -112.303232361313,
            37.770643659705506
          ],
          [
            -112.302604328436,
            37.770983712662
          ],
          [
            -112.30202234320099,
            37.771107670326806
          ],
          [
            -112.30052639043701,
            37.771900724063194
          ],
          [
            -112.300354416959,
            37.772032674948
          ],
          [
            -112.30004440745599,
            37.7724386915968
          ],
          [
            -112.299871428763,
            37.77277271703589
          ],
          [
            -112.299007359953,
            37.77340772554659
          ],
          [
            -112.29856237229,
            37.7739457296893
          ],
          [
            -112.297938342307,
            37.774283731020795
          ],
          [
            -112.297714337509,
            37.77437569449528
          ],
          [
            -112.29753743497501,
            37.7743497036562
          ],
          [
            -112.296847425531,
            37.7740636682018
          ],
          [
            -112.296623360546,
            37.774041709670705
          ],
          [
            -112.29633161109798,
            37.7740320322938
          ],
          [
            -112.295971342651,
            37.7741820006074
          ],
          [
            -112.29580434853501,
            37.774216192652986
          ],
          [
            -112.294994411305,
            37.774611650906294
          ],
          [
            -112.294433390952,
            37.775360730196304
          ],
          [
            -112.294393357532,
            37.775480678005906
          ],
          [
            -112.294072400261,
            37.775658689342
          ],
          [
            -112.29357337803502,
            37.7757506908685
          ],
          [
            -112.293105344993,
            37.77563370650401
          ],
          [
            -112.29244435292802,
            37.775859697036196
          ],
          [
            -112.292109398108,
            37.77616673767851
          ],
          [
            -112.29148441770698,
            37.7764007087957
          ],
          [
            -112.29110338470302,
            37.776317732634105
          ],
          [
            -112.290967342938,
            37.77634968637
          ],
          [
            -112.29068537165202,
            37.776112678259786
          ],
          [
            -112.29044534180801,
            37.77600868746931
          ],
          [
            -112.290269400472,
            37.7759596926453
          ],
          [
            -112.289919364735,
            37.7760267047018
          ],
          [
            -112.28965537233,
            37.7761576648215
          ],
          [
            -112.28933542117201,
            37.7766297352138
          ],
          [
            -112.288417372596,
            37.77691673774181
          ],
          [
            -112.288122397298,
            37.7771667296818
          ],
          [
            -112.288087351324,
            37.77726066486469
          ]
        ],
        "type": "LineString"
      }
    },
    {
      "type": "Feature",
      "properties": {
        "id": "04-red-canyon-photo-01",
        "name": "Photo",
        "label": "Photo",
        "component": 1,
        "component_count": 1,
        "map_clipped": false,
        "source": "state-trails.geojson",
        "source_ids": [
          5908,
          5909
        ],
        "published_horse_status": "HorseAllowed=Yes; current permission unverified",
        "direction": "Start at westernmost endpoint (southwest if equal longitude), follow source geometry",
        "start_wgs84": [
          -112.32789602785,
          37.74569899880739
        ],
        "end_wgs84": [
          -112.326887512636,
          37.74561266100979
        ],
        "distance_miles": 0.1274304357761199,
        "ascent_ft": 0.0,
        "descent_ft": 65.86675817393426,
        "sample_spacing_m": 29.297058176240558,
        "valid_samples": 8,
        "sample_count": 8,
        "shorter_than_two_output_pixels": false,
        "gap_samples": 0,
        "gap_count": 0,
        "relative_zero": "chosen start",
        "dem_file": "04-red-canyon-dem.tif",
        "dem_source": "USGS 3DEP ImageServer mosaic; native sources unresolved; not verified lidar",
        "dem_output_pixel_m": 13.75,
        "smoothing": "3-sample median then 3-sample moving mean, segment endpoints retained; 3m reversal threshold for totals",
        "csv": "sources/profiles/04-red-canyon-photo-01.csv",
        "shown_on_page": true
      },
      "geometry": {
        "coordinates": [
          [
            -112.32789602784999,
            37.74569899880739
          ],
          [
            -112.32785468468501,
            37.745671976435794
          ],
          [
            -112.327669584126,
            37.745634856708
          ],
          [
            -112.327619601864,
            37.745689675728
          ],
          [
            -112.32761286988901,
            37.745973561369595
          ],
          [
            -112.327400418324,
            37.7463687266878
          ],
          [
            -112.32733745899898,
            37.74630706846149
          ],
          [
            -112.327297929533,
            37.74619728852009
          ],
          [
            -112.327233438581,
            37.74609436874479
          ],
          [
            -112.327179639377,
            37.7460244953622
          ],
          [
            -112.32711826827298,
            37.7459627288794
          ],
          [
            -112.32709029742999,
            37.745839209965595
          ],
          [
            -112.326977451963,
            37.74570429857789
          ],
          [
            -112.326887512636,
            37.74561266100979
          ]
        ],
        "type": "LineString"
      }
    },
    {
      "type": "Feature",
      "properties": {
        "id": "04-red-canyon-pines-horse-trail-01",
        "name": "Pines Horse Trail",
        "label": "Pines Horse Trail \u00b7 part 1/8",
        "component": 1,
        "component_count": 8,
        "map_clipped": false,
        "source": "state-trails.geojson",
        "source_ids": [
          5879,
          6843,
          6860,
          6973
        ],
        "published_horse_status": "HorseAllowed=Yes; current permission unverified",
        "direction": "Start at westernmost endpoint (southwest if equal longitude), follow source geometry",
        "start_wgs84": [
          -112.215101523397,
          37.7239717273095
        ],
        "end_wgs84": [
          -112.208773506668,
          37.724969615487296
        ],
        "distance_miles": 3.894144670326586,
        "ascent_ft": 283.54961544226927,
        "descent_ft": 351.62412657724565,
        "sample_spacing_m": 29.985733781445308,
        "valid_samples": 210,
        "sample_count": 210,
        "shorter_than_two_output_pixels": false,
        "gap_samples": 0,
        "gap_count": 0,
        "relative_zero": "chosen start",
        "dem_file": "04-red-canyon-dem.tif",
        "dem_source": "USGS 3DEP ImageServer mosaic; native sources unresolved; not verified lidar",
        "dem_output_pixel_m": 13.75,
        "smoothing": "3-sample median then 3-sample moving mean, segment endpoints retained; 3m reversal threshold for totals",
        "csv": "sources/profiles/04-red-canyon-pines-horse-trail-01.csv",
        "shown_on_page": true
      },
      "geometry": {
        "coordinates": [
          [
            -112.215101523397,
            37.7239717273095
          ],
          [
            -112.215106310519,
            37.72400772885489
          ],
          [
            -112.215088472672,
            37.7243188550053
          ],
          [
            -112.214999137014,
            37.72443468916649
          ],
          [
            -112.214736764272,
            37.724606383078
          ],
          [
            -112.214593721936,
            37.7248174051579
          ],
          [
            -112.21468030964799,
            37.724929172892004
          ],
          [
            -112.21472778471201,
            37.72539734969949
          ],
          [
            -112.21489451023298,
            37.725837259051595
          ],
          [
            -112.214747454224,
            37.7264764312054
          ],
          [
            -112.21470282232698,
            37.7273286007698
          ],
          [
            -112.214823632258,
            37.7277082374103
          ],
          [
            -112.214666315693,
            37.72810858527339
          ],
          [
            -112.21440779312998,
            37.7285168252792
          ],
          [
            -112.21397123256301,
            37.72962755390171
          ],
          [
            -112.213711416427,
            37.7298736651617
          ],
          [
            -112.213330996972,
            37.73002394964481
          ],
          [
            -112.213202705871,
            37.73012450100149
          ],
          [
            -112.213136155082,
            37.730260377904884
          ],
          [
            -112.213193622107,
            37.73054143676921
          ],
          [
            -112.21306832599,
            37.730860427397886
          ],
          [
            -112.21283577641701,
            37.73117150913048
          ],
          [
            -112.212516816101,
            37.7313820855135
          ],
          [
            -112.212401545182,
            37.7315297289759
          ],
          [
            -112.212355543355,
            37.7315549874511
          ],
          [
            -112.212321252864,
            37.73223580639719
          ],
          [
            -112.212317539228,
            37.7322516169502
          ],
          [
            -112.212322194298,
            37.73279459024479
          ],
          [
            -112.212393905909,
            37.7332602655693
          ],
          [
            -112.21229508673602,
            37.73387415221309
          ],
          [
            -112.212500803631,
            37.734095102587695
          ],
          [
            -112.212511711873,
            37.7342211695552
          ],
          [
            -112.21237255026,
            37.7344907320082
          ],
          [
            -112.212216043076,
            37.73457345671039
          ],
          [
            -112.21182669616401,
            37.734595485924594
          ],
          [
            -112.211511830368,
            37.7347519408976
          ],
          [
            -112.211457103205,
            37.7349034672637
          ],
          [
            -112.211608915793,
            37.7355282964958
          ],
          [
            -112.211385469747,
            37.735897864888095
          ],
          [
            -112.211316277911,
            37.7361576934374
          ],
          [
            -112.21128627867202,
            37.737011964530296
          ],
          [
            -112.21122398050699,
            37.7371725816717
          ],
          [
            -112.21121140589001,
            37.73720876221721
          ],
          [
            -112.211164896514,
            37.7373354192066
          ],
          [
            -112.211008617502,
            37.73747446977119
          ],
          [
            -112.20965830949301,
            37.73825442412949
          ],
          [
            -112.208933915235,
            37.7386111022433
          ],
          [
            -112.20861760045702,
            37.73867292956181
          ],
          [
            -112.20848282621499,
            37.7387250542305
          ],
          [
            -112.208177089998,
            37.73891403230929
          ],
          [
            -112.207508051723,
            37.73851531284789
          ],
          [
            -112.20736409580101,
            37.73851228157629
          ],
          [
            -112.206861511756,
            37.738823863957606
          ],
          [
            -112.20618359633,
            37.739024578912506
          ],
          [
            -112.20558435805198,
            37.73940915673661
          ],
          [
            -112.20532988509402,
            37.7394636734794
          ],
          [
            -112.20511862020402,
            37.7396911541042
          ],
          [
            -112.204926361869,
            37.740209102189304
          ],
          [
            -112.20464540208602,
            37.7405972712179
          ],
          [
            -112.20454247850999,
            37.740990379579706
          ],
          [
            -112.20460009106301,
            37.7414359240185
          ],
          [
            -112.204972122948,
            37.7419886607055
          ],
          [
            -112.205039126488,
            37.742292158026295
          ],
          [
            -112.205255527047,
            37.742555822098396
          ],
          [
            -112.205390555512,
            37.7426378096705
          ],
          [
            -112.205722491993,
            37.74267722465
          ],
          [
            -112.205876709371,
            37.74280858550579
          ],
          [
            -112.20630761234801,
            37.743435071331405
          ],
          [
            -112.206420796481,
            37.743828222160396
          ],
          [
            -112.206398341293,
            37.7438712628294
          ],
          [
            -112.20637578369801,
            37.74389402590679
          ],
          [
            -112.20634561378002,
            37.744070083814
          ],
          [
            -112.206156725923,
            37.7441734113006
          ],
          [
            -112.20588317095302,
            37.74422803392749
          ],
          [
            -112.205603309809,
            37.7442017860043
          ],
          [
            -112.205549100075,
            37.7442044135674
          ],
          [
            -112.20526512824098,
            37.744218583511206
          ],
          [
            -112.204768138903,
            37.7441290310969
          ],
          [
            -112.20451960291201,
            37.74402567158269
          ],
          [
            -112.20322174214202,
            37.7440817398714
          ],
          [
            -112.20294885551803,
            37.7440305388725
          ],
          [
            -112.202571211858,
            37.744126683407
          ],
          [
            -112.20229032394,
            37.7441070175058
          ],
          [
            -112.201727658771,
            37.7441600731616
          ],
          [
            -112.201400374666,
            37.7442332592172
          ],
          [
            -112.201244002229,
            37.74441060274721
          ],
          [
            -112.20101929315202,
            37.7444399313491
          ],
          [
            -112.20034561597801,
            37.744415340019
          ],
          [
            -112.20011026006898,
            37.7442914676131
          ],
          [
            -112.19994698318098,
            37.7442593323847
          ],
          [
            -112.19959103652901,
            37.7443147789462
          ],
          [
            -112.19951164073,
            37.744254840881794
          ],
          [
            -112.19889070634103,
            37.7440380024757
          ],
          [
            -112.198440951319,
            37.7439772337923
          ],
          [
            -112.19832641162901,
            37.7437508254688
          ],
          [
            -112.198262739041,
            37.743483342544096
          ],
          [
            -112.19827192072201,
            37.74321511846429
          ],
          [
            -112.198087135471,
            37.7429961835939
          ],
          [
            -112.198076735675,
            37.7427664627117
          ],
          [
            -112.198200408537,
            37.74256692431361
          ],
          [
            -112.198267500112,
            37.7423003641335
          ],
          [
            -112.198449403567,
            37.7420731948527
          ],
          [
            -112.198525047104,
            37.74140097234991
          ],
          [
            -112.198809558826,
            37.74090012140809
          ],
          [
            -112.198830609947,
            37.740868362627495
          ],
          [
            -112.19898535643199,
            37.7406324555598
          ],
          [
            -112.198953692615,
            37.740006387872306
          ],
          [
            -112.199122167155,
            37.73948193191191
          ],
          [
            -112.19910019616,
            37.739301899108696
          ],
          [
            -112.19899049389701,
            37.739206127656495
          ],
          [
            -112.19916081178002,
            37.7385780048009
          ],
          [
            -112.199015202958,
            37.73809955436239
          ],
          [
            -112.19898440152302,
            37.73806156343478
          ],
          [
            -112.198325058766,
            37.7374441324701
          ],
          [
            -112.198277110289,
            37.7373139342715
          ],
          [
            -112.198313660942,
            37.737180623530996
          ],
          [
            -112.19813166855302,
            37.7367115550519
          ],
          [
            -112.197775112844,
            37.73648760528519
          ],
          [
            -112.197520671328,
            37.73638879670251
          ],
          [
            -112.197232918484,
            37.73605374024609
          ],
          [
            -112.197234038684,
            37.73574278700959
          ],
          [
            -112.19747460572,
            37.7355510742161
          ],
          [
            -112.19757675404901,
            37.73539681828768
          ],
          [
            -112.197819272227,
            37.73488963654479
          ],
          [
            -112.198259762923,
            37.7346958904073
          ],
          [
            -112.198305884226,
            37.734670635845305
          ],
          [
            -112.198718008821,
            37.7343014264928
          ],
          [
            -112.198737896623,
            37.734253907331606
          ],
          [
            -112.198765416511,
            37.73399000268849
          ],
          [
            -112.198839363131,
            37.73386757777061
          ],
          [
            -112.198806040125,
            37.73364493940899
          ],
          [
            -112.199131861774,
            37.7334838109076
          ],
          [
            -112.19981279374198,
            37.7324944847805
          ],
          [
            -112.200452881111,
            37.7321252020562
          ],
          [
            -112.200789978413,
            37.7317635087935
          ],
          [
            -112.20080814055201,
            37.731749804661
          ],
          [
            -112.201135712118,
            37.731613528367504
          ],
          [
            -112.201295202607,
            37.73149022990969
          ],
          [
            -112.201467327002,
            37.7314817156828
          ],
          [
            -112.20156228791099,
            37.73143117735969
          ],
          [
            -112.201799370382,
            37.7310254365149
          ],
          [
            -112.20191512189999,
            37.7309273687692
          ],
          [
            -112.20207577031701,
            37.7308829195235
          ],
          [
            -112.202107201471,
            37.730868719318494
          ],
          [
            -112.20241828895202,
            37.7307239547979
          ],
          [
            -112.202657424972,
            37.7304736630817
          ],
          [
            -112.20303410294402,
            37.729922290511404
          ],
          [
            -112.203280481182,
            37.72919415453149
          ],
          [
            -112.203376836276,
            37.72908285363069
          ],
          [
            -112.20365776910899,
            37.7289335271107
          ],
          [
            -112.203772425581,
            37.7286349335593
          ],
          [
            -112.203941312447,
            37.7283988752515
          ],
          [
            -112.204742026674,
            37.72752546398279
          ],
          [
            -112.20479835553398,
            37.72717113540091
          ],
          [
            -112.204905820093,
            37.72706638945439
          ],
          [
            -112.20496192796801,
            37.7268945726433
          ],
          [
            -112.20508303883402,
            37.7267986998803
          ],
          [
            -112.205149166517,
            37.72662903317038
          ],
          [
            -112.205644712262,
            37.726328796141296
          ],
          [
            -112.206148897105,
            37.7262606384722
          ],
          [
            -112.206518805373,
            37.72616212815888
          ],
          [
            -112.206643004648,
            37.726012055389106
          ],
          [
            -112.20679940672801,
            37.7259654801619
          ],
          [
            -112.20761369090602,
            37.725477208360196
          ],
          [
            -112.20842477438602,
            37.72515570059371
          ],
          [
            -112.208704587021,
            37.7250018670894
          ],
          [
            -112.208773506668,
            37.724969615487296
          ]
        ],
        "type": "LineString"
      }
    },
    {
      "type": "Feature",
      "properties": {
        "id": "04-red-canyon-pines-horse-trail-02",
        "name": "Pines Horse Trail",
        "label": "Pines Horse Trail \u00b7 part 2/8",
        "component": 2,
        "component_count": 8,
        "map_clipped": false,
        "source": "state-trails.geojson",
        "source_ids": [
          6722,
          6768,
          6769
        ],
        "published_horse_status": "HorseAllowed=Yes; current permission unverified",
        "direction": "Start at westernmost endpoint (southwest if equal longitude), follow source geometry",
        "start_wgs84": [
          -112.215101523397,
          37.7239717273095
        ],
        "end_wgs84": [
          -112.208773506668,
          37.724969615487296
        ],
        "distance_miles": 0.6579721320923692,
        "ascent_ft": 16.69879473288077,
        "descent_ft": 83.83587674990486,
        "sample_spacing_m": 29.41398619305727,
        "valid_samples": 37,
        "sample_count": 37,
        "shorter_than_two_output_pixels": false,
        "gap_samples": 0,
        "gap_count": 0,
        "relative_zero": "chosen start",
        "dem_file": "04-red-canyon-dem.tif",
        "dem_source": "USGS 3DEP ImageServer mosaic; native sources unresolved; not verified lidar",
        "dem_output_pixel_m": 13.75,
        "smoothing": "3-sample median then 3-sample moving mean, segment endpoints retained; 3m reversal threshold for totals",
        "csv": "sources/profiles/04-red-canyon-pines-horse-trail-02.csv",
        "shown_on_page": true
      },
      "geometry": {
        "coordinates": [
          [
            -112.215101523397,
            37.7239717273095
          ],
          [
            -112.215068612718,
            37.7239922547579
          ],
          [
            -112.214573579012,
            37.7242093380389
          ],
          [
            -112.213601980066,
            37.7251430681342
          ],
          [
            -112.213192271939,
            37.72626487457049
          ],
          [
            -112.21301200611302,
            37.72664301464
          ],
          [
            -112.212727304847,
            37.72706053273179
          ],
          [
            -112.21272030247898,
            37.72715298619261
          ],
          [
            -112.212488006231,
            37.7275068757695
          ],
          [
            -112.212035615553,
            37.7275295536448
          ],
          [
            -112.211488410391,
            37.727638826972694
          ],
          [
            -112.211127887721,
            37.72762387514359
          ],
          [
            -112.210985356526,
            37.7275536873358
          ],
          [
            -112.210736223155,
            37.7274595398212
          ],
          [
            -112.21052908871899,
            37.72747067982561
          ],
          [
            -112.209602069567,
            37.72766270626791
          ],
          [
            -112.20952237372899,
            37.7275418510498
          ],
          [
            -112.209561006677,
            37.72742645089319
          ],
          [
            -112.20950563272602,
            37.72730093010491
          ],
          [
            -112.209291420463,
            37.7270373403044
          ],
          [
            -112.209267673499,
            37.72659586571489
          ],
          [
            -112.208843093763,
            37.7261721123471
          ],
          [
            -112.20872750484001,
            37.7260488304079
          ],
          [
            -112.20875161382598,
            37.7259613392561
          ],
          [
            -112.208690991917,
            37.72510790698401
          ],
          [
            -112.208773506668,
            37.724969615487296
          ]
        ],
        "type": "LineString"
      }
    },
    {
      "type": "Feature",
      "properties": {
        "id": "04-red-canyon-pines-horse-trail-03",
        "name": "Pines Horse Trail",
        "label": "Pines Horse Trail \u00b7 part 3/8",
        "component": 3,
        "component_count": 8,
        "map_clipped": false,
        "source": "state-trails.geojson",
        "source_ids": [
          6601,
          6696
        ],
        "published_horse_status": "HorseAllowed=Yes; current permission unverified",
        "direction": "Start at westernmost endpoint (southwest if equal longitude), follow source geometry",
        "start_wgs84": [
          -112.213176449014,
          37.7183179878564
        ],
        "end_wgs84": [
          -112.208773506668,
          37.724969615487296
        ],
        "distance_miles": 0.5446080913554402,
        "ascent_ft": 0.0,
        "descent_ft": 0.0,
        "sample_spacing_m": 29.21539213914432,
        "valid_samples": 31,
        "sample_count": 31,
        "shorter_than_two_output_pixels": false,
        "gap_samples": 0,
        "gap_count": 0,
        "relative_zero": "chosen start",
        "dem_file": "04-red-canyon-dem.tif",
        "dem_source": "USGS 3DEP ImageServer mosaic; native sources unresolved; not verified lidar",
        "dem_output_pixel_m": 13.75,
        "smoothing": "3-sample median then 3-sample moving mean, segment endpoints retained; 3m reversal threshold for totals",
        "csv": "sources/profiles/04-red-canyon-pines-horse-trail-03.csv",
        "shown_on_page": true
      },
      "geometry": {
        "coordinates": [
          [
            -112.213176449014,
            37.7183179878564
          ],
          [
            -112.21319969382,
            37.71849800488471
          ],
          [
            -112.213293434817,
            37.718575902649505
          ],
          [
            -112.21321520952202,
            37.718711900223006
          ],
          [
            -112.213292097225,
            37.7189251632322
          ],
          [
            -112.21325830350301,
            37.7190584499918
          ],
          [
            -112.212908065645,
            37.719469884204905
          ],
          [
            -112.212482750189,
            37.71982801285079
          ],
          [
            -112.212445980347,
            37.7200920162827
          ],
          [
            -112.212317977606,
            37.72030675615381
          ],
          [
            -112.212277165346,
            37.720336738083894
          ],
          [
            -112.212235754808,
            37.7203578030224
          ],
          [
            -112.21223624978,
            37.7205831182596
          ],
          [
            -112.212145088745,
            37.7207958571667
          ],
          [
            -112.211649239369,
            37.7212268101804
          ],
          [
            -112.211429782742,
            37.7214904377137
          ],
          [
            -112.211001793001,
            37.7224659662542
          ],
          [
            -112.210544943085,
            37.7232863190057
          ],
          [
            -112.20989300334402,
            37.72407712706381
          ],
          [
            -112.209603292174,
            37.7245149687903
          ],
          [
            -112.209223815052,
            37.72470813121979
          ],
          [
            -112.20897938256401,
            37.7248954014358
          ],
          [
            -112.208773506668,
            37.724969615487296
          ]
        ],
        "type": "LineString"
      }
    },
    {
      "type": "Feature",
      "properties": {
        "id": "04-red-canyon-pines-horse-trail-04",
        "name": "Pines Horse Trail",
        "label": "Pines Horse Trail \u00b7 part 4/8",
        "component": 4,
        "component_count": 8,
        "map_clipped": false,
        "source": "state-trails.geojson",
        "source_ids": [
          6675
        ],
        "published_horse_status": "HorseAllowed=Yes; current permission unverified",
        "direction": "Start at westernmost endpoint (southwest if equal longitude), follow source geometry",
        "start_wgs84": [
          -112.21593536838901,
          37.717063908629505
        ],
        "end_wgs84": [
          -112.215101523397,
          37.7239717273095
        ],
        "distance_miles": 0.5202044563515786,
        "ascent_ft": 69.56229255484376,
        "descent_ft": 0.0,
        "sample_spacing_m": 29.89956859295268,
        "valid_samples": 29,
        "sample_count": 29,
        "shorter_than_two_output_pixels": false,
        "gap_samples": 0,
        "gap_count": 0,
        "relative_zero": "chosen start",
        "dem_file": "04-red-canyon-dem.tif",
        "dem_source": "USGS 3DEP ImageServer mosaic; native sources unresolved; not verified lidar",
        "dem_output_pixel_m": 13.75,
        "smoothing": "3-sample median then 3-sample moving mean, segment endpoints retained; 3m reversal threshold for totals",
        "csv": "sources/profiles/04-red-canyon-pines-horse-trail-04.csv",
        "shown_on_page": true
      },
      "geometry": {
        "coordinates": [
          [
            -112.21593536838901,
            37.717063908629505
          ],
          [
            -112.215903452146,
            37.71732552007691
          ],
          [
            -112.216067542907,
            37.7175425681796
          ],
          [
            -112.21610074733502,
            37.7176997697792
          ],
          [
            -112.21617534613101,
            37.7181473878957
          ],
          [
            -112.21634362933,
            37.7183777316095
          ],
          [
            -112.21641581255601,
            37.71873299333641
          ],
          [
            -112.21662539849501,
            37.7192963841647
          ],
          [
            -112.216622673905,
            37.7194766688365
          ],
          [
            -112.216505944122,
            37.719824867121794
          ],
          [
            -112.21631484191802,
            37.7199755507333
          ],
          [
            -112.216450296185,
            37.72032123621819
          ],
          [
            -112.2165068622,
            37.720678821425786
          ],
          [
            -112.21639849303702,
            37.72083766417839
          ],
          [
            -112.216091687825,
            37.7216564894942
          ],
          [
            -112.215963774915,
            37.7221399944947
          ],
          [
            -112.215862610241,
            37.722246938759596
          ],
          [
            -112.215289539887,
            37.7225412585157
          ],
          [
            -112.21520179424701,
            37.722657076272
          ],
          [
            -112.215252801487,
            37.723008049927984
          ],
          [
            -112.21496839397,
            37.7235878018692
          ],
          [
            -112.215104932503,
            37.7237914358141
          ],
          [
            -112.215093983836,
            37.7239199809191
          ],
          [
            -112.215101523397,
            37.7239717273095
          ]
        ],
        "type": "LineString"
      }
    },
    {
      "type": "Feature",
      "properties": {
        "id": "04-red-canyon-pines-horse-trail-05",
        "name": "Pines Horse Trail",
        "label": "Pines Horse Trail \u00b7 part 5/8",
        "component": 5,
        "component_count": 8,
        "map_clipped": false,
        "source": "state-trails.geojson",
        "source_ids": [
          6532
        ],
        "published_horse_status": "HorseAllowed=Yes; current permission unverified",
        "direction": "Start at westernmost endpoint (southwest if equal longitude), follow source geometry",
        "start_wgs84": [
          -112.21593536838901,
          37.717063908629505
        ],
        "end_wgs84": [
          -112.212966833431,
          37.7136108542467
        ],
        "distance_miles": 0.3619598817489572,
        "ascent_ft": 0.0,
        "descent_ft": 38.36477815316987,
        "sample_spacing_m": 29.12589819666969,
        "valid_samples": 21,
        "sample_count": 21,
        "shorter_than_two_output_pixels": false,
        "gap_samples": 0,
        "gap_count": 0,
        "relative_zero": "chosen start",
        "dem_file": "04-red-canyon-dem.tif",
        "dem_source": "USGS 3DEP ImageServer mosaic; native sources unresolved; not verified lidar",
        "dem_output_pixel_m": 13.75,
        "smoothing": "3-sample median then 3-sample moving mean, segment endpoints retained; 3m reversal threshold for totals",
        "csv": "sources/profiles/04-red-canyon-pines-horse-trail-05.csv",
        "shown_on_page": true
      },
      "geometry": {
        "coordinates": [
          [
            -112.21593536838901,
            37.717063908629505
          ],
          [
            -112.215983113847,
            37.71688216844929
          ],
          [
            -112.216087954427,
            37.71654941564389
          ],
          [
            -112.216105104164,
            37.71641170294979
          ],
          [
            -112.21595035139,
            37.716092532838005
          ],
          [
            -112.21593127476699,
            37.7160499187331
          ],
          [
            -112.215775417963,
            37.7155242761958
          ],
          [
            -112.215940080053,
            37.71477000679559
          ],
          [
            -112.21582497981402,
            37.714516582009
          ],
          [
            -112.2155171622,
            37.7142516249388
          ],
          [
            -112.21478578443902,
            37.7139076635575
          ],
          [
            -112.214462535565,
            37.71382987884971
          ],
          [
            -112.214156033984,
            37.7135895095304
          ],
          [
            -112.214138991146,
            37.7135740929507
          ],
          [
            -112.21382187147803,
            37.7134963327651
          ],
          [
            -112.213420010135,
            37.713530302711895
          ],
          [
            -112.21306305377702,
            37.7135907574105
          ],
          [
            -112.212966833431,
            37.7136108542467
          ]
        ],
        "type": "LineString"
      }
    },
    {
      "type": "Feature",
      "properties": {
        "id": "04-red-canyon-pines-horse-trail-06",
        "name": "Pines Horse Trail",
        "label": "Pines Horse Trail \u00b7 part 6/8",
        "component": 6,
        "component_count": 8,
        "map_clipped": false,
        "source": "state-trails.geojson",
        "source_ids": [
          6561
        ],
        "published_horse_status": "HorseAllowed=Yes; current permission unverified",
        "direction": "Start at westernmost endpoint (southwest if equal longitude), follow source geometry",
        "start_wgs84": [
          -112.213176449014,
          37.7183179878564
        ],
        "end_wgs84": [
          -112.212966833431,
          37.7136108542467
        ],
        "distance_miles": 0.3545615513088163,
        "ascent_ft": 0.0,
        "descent_ft": 31.892708469920457,
        "sample_spacing_m": 28.53057526147678,
        "valid_samples": 21,
        "sample_count": 21,
        "shorter_than_two_output_pixels": false,
        "gap_samples": 0,
        "gap_count": 0,
        "relative_zero": "chosen start",
        "dem_file": "04-red-canyon-dem.tif",
        "dem_source": "USGS 3DEP ImageServer mosaic; native sources unresolved; not verified lidar",
        "dem_output_pixel_m": 13.75,
        "smoothing": "3-sample median then 3-sample moving mean, segment endpoints retained; 3m reversal threshold for totals",
        "csv": "sources/profiles/04-red-canyon-pines-horse-trail-06.csv",
        "shown_on_page": true
      },
      "geometry": {
        "coordinates": [
          [
            -112.213176449014,
            37.7183179878564
          ],
          [
            -112.21319382422803,
            37.718277251707505
          ],
          [
            -112.213599639954,
            37.71778863503701
          ],
          [
            -112.213958807965,
            37.7175010328895
          ],
          [
            -112.21399410007699,
            37.717230285129496
          ],
          [
            -112.21381925558399,
            37.716903117830604
          ],
          [
            -112.213766418475,
            37.7160290572267
          ],
          [
            -112.213378852922,
            37.71570218663571
          ],
          [
            -112.213346262044,
            37.7156168996816
          ],
          [
            -112.213309577543,
            37.715391956628
          ],
          [
            -112.213384559919,
            37.715119989548
          ],
          [
            -112.21335090723198,
            37.71499046059109
          ],
          [
            -112.213204049751,
            37.714507532859
          ],
          [
            -112.213207141752,
            37.714286686779396
          ],
          [
            -112.21295788890501,
            37.7137372161769
          ],
          [
            -112.21295093864002,
            37.7136449058642
          ],
          [
            -112.212966833431,
            37.7136108542467
          ]
        ],
        "type": "LineString"
      }
    },
    {
      "type": "Feature",
      "properties": {
        "id": "04-red-canyon-pines-horse-trail-07",
        "name": "Pines Horse Trail",
        "label": "Pines Horse Trail \u00b7 part 7/8",
        "component": 7,
        "component_count": 8,
        "map_clipped": false,
        "source": "state-trails.geojson",
        "source_ids": [
          6436,
          6468
        ],
        "published_horse_status": "HorseAllowed=Yes; current permission unverified",
        "direction": "Start at westernmost endpoint (southwest if equal longitude), follow source geometry",
        "start_wgs84": [
          -112.212966833431,
          37.7136108542467
        ],
        "end_wgs84": [
          -112.211998742405,
          37.710386196704995
        ],
        "distance_miles": 0.26048009194731053,
        "ascent_ft": 15.920523597756928,
        "descent_ft": 14.246981431088853,
        "sample_spacing_m": 29.943005221060893,
        "valid_samples": 15,
        "sample_count": 15,
        "shorter_than_two_output_pixels": false,
        "gap_samples": 0,
        "gap_count": 0,
        "relative_zero": "chosen start",
        "dem_file": "04-red-canyon-dem.tif",
        "dem_source": "USGS 3DEP ImageServer mosaic; native sources unresolved; not verified lidar",
        "dem_output_pixel_m": 13.75,
        "smoothing": "3-sample median then 3-sample moving mean, segment endpoints retained; 3m reversal threshold for totals",
        "csv": "sources/profiles/04-red-canyon-pines-horse-trail-07.csv",
        "shown_on_page": true
      },
      "geometry": {
        "coordinates": [
          [
            -112.212966833431,
            37.7136108542467
          ],
          [
            -112.21298261413502,
            37.7135836538741
          ],
          [
            -112.212974931743,
            37.7132863991148
          ],
          [
            -112.213151082387,
            37.7126717143156
          ],
          [
            -112.213096975061,
            37.71172592424651
          ],
          [
            -112.21322063355,
            37.7112875293658
          ],
          [
            -112.21316502424,
            37.71102889275151
          ],
          [
            -112.212866055032,
            37.71094337300589
          ],
          [
            -112.21284450444901,
            37.7108879853123
          ],
          [
            -112.21269684028,
            37.710793337627294
          ],
          [
            -112.21224336443699,
            37.710603864938804
          ],
          [
            -112.212039480105,
            37.7104425583889
          ],
          [
            -112.211998742405,
            37.710386196704995
          ]
        ],
        "type": "LineString"
      }
    },
    {
      "type": "Feature",
      "properties": {
        "id": "04-red-canyon-pines-horse-trail-08",
        "name": "Pines Horse Trail",
        "label": "Pines Horse Trail \u00b7 part 8/8",
        "component": 8,
        "component_count": 8,
        "map_clipped": false,
        "source": "state-trails.geojson",
        "source_ids": [
          6571
        ],
        "published_horse_status": "HorseAllowed=Yes; current permission unverified",
        "direction": "Start at westernmost endpoint (southwest if equal longitude), follow source geometry",
        "start_wgs84": [
          -112.21593536838901,
          37.717063908629505
        ],
        "end_wgs84": [
          -112.213176449014,
          37.7183179878564
        ],
        "distance_miles": 0.19421154931449916,
        "ascent_ft": 0.0,
        "descent_ft": 0.0,
        "sample_spacing_m": 28.413926510908485,
        "valid_samples": 12,
        "sample_count": 12,
        "shorter_than_two_output_pixels": false,
        "gap_samples": 0,
        "gap_count": 0,
        "relative_zero": "chosen start",
        "dem_file": "04-red-canyon-dem.tif",
        "dem_source": "USGS 3DEP ImageServer mosaic; native sources unresolved; not verified lidar",
        "dem_output_pixel_m": 13.75,
        "smoothing": "3-sample median then 3-sample moving mean, segment endpoints retained; 3m reversal threshold for totals",
        "csv": "sources/profiles/04-red-canyon-pines-horse-trail-08.csv",
        "shown_on_page": true
      },
      "geometry": {
        "coordinates": [
          [
            -112.21593536838901,
            37.717063908629505
          ],
          [
            -112.21578033893401,
            37.7172484680359
          ],
          [
            -112.21535338225601,
            37.7175878774406
          ],
          [
            -112.215160710696,
            37.7178159049256
          ],
          [
            -112.21504701093001,
            37.71787755348301
          ],
          [
            -112.21477281725801,
            37.717977086703
          ],
          [
            -112.214364333535,
            37.7182809716613
          ],
          [
            -112.214154367609,
            37.7183394648018
          ],
          [
            -112.213873606353,
            37.7184955739535
          ],
          [
            -112.213539377372,
            37.7184831528249
          ],
          [
            -112.213176449014,
            37.7183179878564
          ]
        ],
        "type": "LineString"
      }
    },
    {
      "type": "Feature",
      "properties": {
        "id": "04-red-canyon-pink-ledges-01",
        "name": "Pink Ledges",
        "label": "Pink Ledges \u00b7 part 1/3",
        "component": 1,
        "component_count": 3,
        "map_clipped": false,
        "source": "state-trails.geojson",
        "source_ids": [
          5918,
          5939
        ],
        "published_horse_status": "HorseAllowed=Yes; current permission unverified",
        "direction": "Start at westernmost endpoint (southwest if equal longitude), follow source geometry",
        "start_wgs84": [
          -112.320370349336,
          37.747216483555796
        ],
        "end_wgs84": [
          -112.318456734762,
          37.7462719287261
        ],
        "distance_miles": 0.41818193808059845,
        "ascent_ft": 131.1733448401426,
        "descent_ft": 109.41172451250627,
        "sample_spacing_m": 29.2608083894949,
        "valid_samples": 24,
        "sample_count": 24,
        "shorter_than_two_output_pixels": false,
        "gap_samples": 0,
        "gap_count": 0,
        "relative_zero": "chosen start",
        "dem_file": "04-red-canyon-dem.tif",
        "dem_source": "USGS 3DEP ImageServer mosaic; native sources unresolved; not verified lidar",
        "dem_output_pixel_m": 13.75,
        "smoothing": "3-sample median then 3-sample moving mean, segment endpoints retained; 3m reversal threshold for totals",
        "csv": "sources/profiles/04-red-canyon-pink-ledges-01.csv",
        "shown_on_page": true
      },
      "geometry": {
        "coordinates": [
          [
            -112.320370349336,
            37.747216483555796
          ],
          [
            -112.320263767821,
            37.74717802210619
          ],
          [
            -112.320151326595,
            37.7471738738629
          ],
          [
            -112.31986229814402,
            37.747305181277795
          ],
          [
            -112.31981443321101,
            37.747345372986196
          ],
          [
            -112.319758638848,
            37.74740566228389
          ],
          [
            -112.319774993577,
            37.74757239396759
          ],
          [
            -112.319490981318,
            37.74737269876119
          ],
          [
            -112.31919284394999,
            37.74760477849749
          ],
          [
            -112.318989535438,
            37.74758425191241
          ],
          [
            -112.31904836161502,
            37.74776501892029
          ],
          [
            -112.318960138969,
            37.7477888988277
          ],
          [
            -112.318819711629,
            37.74774279331769
          ],
          [
            -112.318843657121,
            37.7478321112192
          ],
          [
            -112.31873609195,
            37.74785972235859
          ],
          [
            -112.318899030173,
            37.7479143181144
          ],
          [
            -112.318776572732,
            37.74801735184909
          ],
          [
            -112.318857174969,
            37.74803735907939
          ],
          [
            -112.31882902626,
            37.7481205005101
          ],
          [
            -112.318310415372,
            37.748420567491394
          ],
          [
            -112.318130762196,
            37.748306763967406
          ],
          [
            -112.318123447215,
            37.74836146238749
          ],
          [
            -112.31792650147,
            37.74832220670199
          ],
          [
            -112.31804988148102,
            37.74791273270569
          ],
          [
            -112.31856538240201,
            37.74739279211369
          ],
          [
            -112.31842834620198,
            37.7472179475155
          ],
          [
            -112.31840764003502,
            37.74686974874879
          ],
          [
            -112.318668662609,
            37.74697029356441
          ],
          [
            -112.318703616955,
            37.7469188907025
          ],
          [
            -112.318565503675,
            37.74676640939959
          ],
          [
            -112.318456484132,
            37.74643055462989
          ],
          [
            -112.31845673476201,
            37.7462719287261
          ]
        ],
        "type": "LineString"
      }
    },
    {
      "type": "Feature",
      "properties": {
        "id": "04-red-canyon-pink-ledges-02",
        "name": "Pink Ledges",
        "label": "Pink Ledges \u00b7 part 2/3",
        "component": 2,
        "component_count": 3,
        "map_clipped": false,
        "source": "state-trails.geojson",
        "source_ids": [
          5905
        ],
        "published_horse_status": "HorseAllowed=Yes; current permission unverified",
        "direction": "Start at westernmost endpoint (southwest if equal longitude), follow source geometry",
        "start_wgs84": [
          -112.319236324206,
          37.746038968267094
        ],
        "end_wgs84": [
          -112.318456734762,
          37.7462719287261
        ],
        "distance_miles": 0.18144387217713157,
        "ascent_ft": 32.121473053212256,
        "descent_ft": 0.0,
        "sample_spacing_m": 29.20056070250336,
        "valid_samples": 11,
        "sample_count": 11,
        "shorter_than_two_output_pixels": false,
        "gap_samples": 0,
        "gap_count": 0,
        "relative_zero": "chosen start",
        "dem_file": "04-red-canyon-dem.tif",
        "dem_source": "USGS 3DEP ImageServer mosaic; native sources unresolved; not verified lidar",
        "dem_output_pixel_m": 13.75,
        "smoothing": "3-sample median then 3-sample moving mean, segment endpoints retained; 3m reversal threshold for totals",
        "csv": "sources/profiles/04-red-canyon-pink-ledges-02.csv",
        "shown_on_page": true
      },
      "geometry": {
        "coordinates": [
          [
            -112.319236324206,
            37.746038968267094
          ],
          [
            -112.31896929998798,
            37.74594552190929
          ],
          [
            -112.318329908813,
            37.7455912672685
          ],
          [
            -112.318158431205,
            37.74545168641551
          ],
          [
            -112.31814052059498,
            37.7453377859827
          ],
          [
            -112.318199047633,
            37.7452204168118
          ],
          [
            -112.31818555314,
            37.7451763156872
          ],
          [
            -112.31808992568202,
            37.7451536815748
          ],
          [
            -112.31798008957,
            37.7453154261084
          ],
          [
            -112.31800604908499,
            37.74546078079789
          ],
          [
            -112.318098504593,
            37.7457076861404
          ],
          [
            -112.31845673476201,
            37.7462719287261
          ]
        ],
        "type": "LineString"
      }
    },
    {
      "type": "Feature",
      "properties": {
        "id": "04-red-canyon-pink-ledges-03",
        "name": "Pink Ledges",
        "label": "Pink Ledges \u00b7 part 3/3",
        "component": 3,
        "component_count": 3,
        "map_clipped": false,
        "source": "state-trails.geojson",
        "source_ids": [
          5904
        ],
        "published_horse_status": "HorseAllowed=Yes; current permission unverified",
        "direction": "Start at westernmost endpoint (southwest if equal longitude), follow source geometry",
        "start_wgs84": [
          -112.3192266763,
          37.746115684204796
        ],
        "end_wgs84": [
          -112.318456734762,
          37.7462719287261
        ],
        "distance_miles": 0.04448424085094252,
        "ascent_ft": 30.605100470622954,
        "descent_ft": 0.0,
        "sample_spacing_m": 23.863482036006413,
        "valid_samples": 4,
        "sample_count": 4,
        "shorter_than_two_output_pixels": false,
        "gap_samples": 0,
        "gap_count": 0,
        "relative_zero": "chosen start",
        "dem_file": "04-red-canyon-dem.tif",
        "dem_source": "USGS 3DEP ImageServer mosaic; native sources unresolved; not verified lidar",
        "dem_output_pixel_m": 13.75,
        "smoothing": "3-sample median then 3-sample moving mean, segment endpoints retained; 3m reversal threshold for totals",
        "csv": "sources/profiles/04-red-canyon-pink-ledges-03.csv",
        "shown_on_page": true
      },
      "geometry": {
        "coordinates": [
          [
            -112.3192266763,
            37.746115684204796
          ],
          [
            -112.318867857735,
            37.7461197003869
          ],
          [
            -112.31845673476201,
            37.7462719287261
          ]
        ],
        "type": "LineString"
      }
    },
    {
      "type": "Feature",
      "properties": {
        "id": "04-red-canyon-red-canyon-bike-trail-01",
        "name": "Red Canyon Bike Trail",
        "label": "Red Canyon Bike Trail [map section]",
        "component": 1,
        "component_count": 1,
        "map_clipped": true,
        "source": "state-trails.geojson",
        "source_ids": [
          5913,
          5921,
          6482,
          6549,
          6589
        ],
        "published_horse_status": "HorseAllowed=Yes; current permission unverified",
        "direction": "Start at westernmost endpoint (southwest if equal longitude), follow source geometry",
        "start_wgs84": [
          -112.329443137873,
          37.7437000291398
        ],
        "end_wgs84": [
          -112.202005457373,
          37.70472773544935
        ],
        "distance_miles": 8.507670578999333,
        "ascent_ft": 803.4868466910273,
        "descent_ft": 208.65015628223838,
        "sample_spacing_m": 29.960106346365656,
        "valid_samples": 457,
        "sample_count": 458,
        "shorter_than_two_output_pixels": false,
        "gap_samples": 1,
        "gap_count": 1,
        "relative_zero": "chosen start",
        "dem_file": "04-red-canyon-dem.tif",
        "dem_source": "USGS 3DEP ImageServer mosaic; native sources unresolved; not verified lidar",
        "dem_output_pixel_m": 13.75,
        "smoothing": "3-sample median then 3-sample moving mean, segment endpoints retained; 3m reversal threshold for totals",
        "csv": "sources/profiles/04-red-canyon-red-canyon-bike-trail-01.csv",
        "shown_on_page": true
      },
      "geometry": {
        "coordinates": [
          [
            -112.329443137873,
            37.7437000291398
          ],
          [
            -112.32846432994602,
            37.743775687662406
          ],
          [
            -112.328272667194,
            37.7438347175801
          ],
          [
            -112.328097387017,
            37.743927721215385
          ],
          [
            -112.327237431592,
            37.7445386453654
          ],
          [
            -112.32620535536599,
            37.74550966370571
          ],
          [
            -112.32530343783698,
            37.7464806522586
          ],
          [
            -112.32497940743,
            37.74671069404278
          ],
          [
            -112.324537392292,
            37.7468677072932
          ],
          [
            -112.32351441779602,
            37.7470216907081
          ],
          [
            -112.32213841078301,
            37.7469057313481
          ],
          [
            -112.321774411634,
            37.74675272367119
          ],
          [
            -112.32160295199202,
            37.74664018550499
          ],
          [
            -112.320981349256,
            37.746259699071395
          ],
          [
            -112.320302433107,
            37.7457577302735
          ],
          [
            -112.319137382863,
            37.74511366199779
          ],
          [
            -112.31788742206,
            37.744659707963805
          ],
          [
            -112.317167363071,
            37.7444727228548
          ],
          [
            -112.316355413615,
            37.7440956917628
          ],
          [
            -112.31597235491,
            37.74397370195021
          ],
          [
            -112.31570981148899,
            37.74393391259801
          ],
          [
            -112.31546232922099,
            37.7439627221256
          ],
          [
            -112.314154334557,
            37.744415692348696
          ],
          [
            -112.313615326522,
            37.7445567114646
          ],
          [
            -112.313045420932,
            37.744670674188605
          ],
          [
            -112.31254140407401,
            37.74469170095049
          ],
          [
            -112.311980322636,
            37.74458565003171
          ],
          [
            -112.311331378776,
            37.7443306934712
          ],
          [
            -112.31072635983898,
            37.74401765319811
          ],
          [
            -112.31062438308801,
            37.743988775498686
          ],
          [
            -112.3099193601,
            37.7437776951066
          ],
          [
            -112.309443353611,
            37.74373269453119
          ],
          [
            -112.308986380626,
            37.74374371914189
          ],
          [
            -112.30850235218101,
            37.7438296677181
          ],
          [
            -112.30737638493999,
            37.744212676290196
          ],
          [
            -112.306863355284,
            37.74435364677919
          ],
          [
            -112.306313401277,
            37.744395704739205
          ],
          [
            -112.30518436269601,
            37.74430772310791
          ],
          [
            -112.30461436368199,
            37.74428771700029
          ],
          [
            -112.304178368155,
            37.7443367051033
          ],
          [
            -112.30310937835701,
            37.7445467191002
          ],
          [
            -112.302675405836,
            37.7445946876933
          ],
          [
            -112.302308401822,
            37.7445717060465
          ],
          [
            -112.301893426873,
            37.74446669631661
          ],
          [
            -112.301553375911,
            37.744284700882396
          ],
          [
            -112.30132732744599,
            37.7440277209306
          ],
          [
            -112.301117325587,
            37.7435657048641
          ],
          [
            -112.300972584537,
            37.74319435695531
          ],
          [
            -112.30092059723502,
            37.742954111341795
          ],
          [
            -112.300898719664,
            37.7427287647157
          ],
          [
            -112.300912405497,
            37.742440747954696
          ],
          [
            -112.300915122003,
            37.74223288464459
          ],
          [
            -112.300857532807,
            37.742003245926895
          ],
          [
            -112.300753453998,
            37.7417760125115
          ],
          [
            -112.30064112506099,
            37.74159618703249
          ],
          [
            -112.300474207302,
            37.74139695520141
          ],
          [
            -112.30022216877902,
            37.7411911824295
          ],
          [
            -112.30005782828599,
            37.74108078681971
          ],
          [
            -112.299778631896,
            37.74092488226519
          ],
          [
            -112.299397820776,
            37.74072124854871
          ],
          [
            -112.298992573683,
            37.7405285171763
          ],
          [
            -112.298387279861,
            37.74029896409999
          ],
          [
            -112.29816551636,
            37.7402339918567
          ],
          [
            -112.297990134674,
            37.7401994218063
          ],
          [
            -112.297702694445,
            37.7401819485237
          ],
          [
            -112.297349433756,
            37.740184215354994
          ],
          [
            -112.297157630866,
            37.74018416349709
          ],
          [
            -112.29690023119801,
            37.7401516663212
          ],
          [
            -112.29665925183501,
            37.7400910486004
          ],
          [
            -112.296464767474,
            37.74000882946359
          ],
          [
            -112.29632785973301,
            37.73992210071011
          ],
          [
            -112.29615535714699,
            37.7397922322266
          ],
          [
            -112.295908860332,
            37.7395843153037
          ],
          [
            -112.29543512568202,
            37.73915979728859
          ],
          [
            -112.29517482715,
            37.73891507872099
          ],
          [
            -112.29507359600102,
            37.73883705955819
          ],
          [
            -112.29492300063,
            37.7387461537211
          ],
          [
            -112.293619420287,
            37.738118132102194
          ],
          [
            -112.293386584152,
            37.73802280951439
          ],
          [
            -112.29308542934298,
            37.737914446619605
          ],
          [
            -112.292918304072,
            37.7378451693593
          ],
          [
            -112.29264719252001,
            37.737682759900196
          ],
          [
            -112.29233212819702,
            37.73747270369509
          ],
          [
            -112.29214049508901,
            37.7373514204814
          ],
          [
            -112.29198982605598,
            37.73728205247211
          ],
          [
            -112.291855687821,
            37.737236566289
          ],
          [
            -112.291521551366,
            37.73715001118009
          ],
          [
            -112.29100663345199,
            37.737017848172094
          ],
          [
            -112.290694474281,
            37.7369616026126
          ],
          [
            -112.29044253637,
            37.73691605300571
          ],
          [
            -112.29007559883,
            37.7368814053916
          ],
          [
            -112.289484111216,
            37.736822986568995
          ],
          [
            -112.28916359052599,
            37.73678179030261
          ],
          [
            -112.28897467841502,
            37.736745011378396
          ],
          [
            -112.288730839715,
            37.73669522400569
          ],
          [
            -112.288424170148,
            37.73661502862748
          ],
          [
            -112.288139370067,
            37.73651981279819
          ],
          [
            -112.287914754415,
            37.736420062953485
          ],
          [
            -112.28750948756,
            37.7362099882468
          ],
          [
            -112.28711515859102,
            37.73597608890859
          ],
          [
            -112.286983642538,
            37.73589821299581
          ],
          [
            -112.28691794155499,
            37.73584620568799
          ],
          [
            -112.28689052407401,
            37.7357963942668
          ],
          [
            -112.28685493731399,
            37.7357336033404
          ],
          [
            -112.28684942345498,
            37.7356773340717
          ],
          [
            -112.28685496156902,
            37.7355711039978
          ],
          [
            -112.286882320659,
            37.7352635609295
          ],
          [
            -112.286879579001,
            37.7351379532545
          ],
          [
            -112.28685496516198,
            37.735059991918696
          ],
          [
            -112.28679468820602,
            37.734927892670804
          ],
          [
            -112.286602969759,
            37.734715572307095
          ],
          [
            -112.286446916224,
            37.73456396953971
          ],
          [
            -112.286320963438,
            37.734472963257
          ],
          [
            -112.28624145624698,
            37.7344361576101
          ],
          [
            -112.28613467171299,
            37.7344166837944
          ],
          [
            -112.28598135714202,
            37.7344036664363
          ],
          [
            -112.285786918595,
            37.73443408739399
          ],
          [
            -112.285597998399,
            37.73447517342811
          ],
          [
            -112.28551572170198,
            37.734481659012
          ],
          [
            -112.285425317947,
            37.7344578600637
          ],
          [
            -112.28535413364702,
            37.73441672713109
          ],
          [
            -112.285315861823,
            37.73436261730531
          ],
          [
            -112.285296655842,
            37.734295411204
          ],
          [
            -112.285304839494,
            37.7342305203653
          ],
          [
            -112.285326754794,
            37.734152501949204
          ],
          [
            -112.285337772631,
            37.7340939793802
          ],
          [
            -112.285340504408,
            37.734041945939595
          ],
          [
            -112.285326819473,
            37.733992164564
          ],
          [
            -112.28529391777703,
            37.733946648652505
          ],
          [
            -112.285211730013,
            37.733886077713095
          ],
          [
            -112.284472348263,
            37.7335092044115
          ],
          [
            -112.284286143674,
            37.733411822695594
          ],
          [
            -112.284132808441,
            37.73331858916121
          ],
          [
            -112.283946610141,
            37.7331886714397
          ],
          [
            -112.28356862871398,
            37.7328680596409
          ],
          [
            -112.28331114101101,
            37.73268402936581
          ],
          [
            -112.283031828738,
            37.7324978026124
          ],
          [
            -112.28273879200401,
            37.7322790079759
          ],
          [
            -112.282497725504,
            37.7320862354426
          ],
          [
            -112.28211985277301,
            37.7318370886239
          ],
          [
            -112.281643389041,
            37.731510060438495
          ],
          [
            -112.28083266309099,
            37.73100758096509
          ],
          [
            -112.280553320275,
            37.7308320738678
          ],
          [
            -112.280435596057,
            37.7307238475164
          ],
          [
            -112.280287809718,
            37.730570073179685
          ],
          [
            -112.27981113667899,
            37.7299332724185
          ],
          [
            -112.27970166258801,
            37.7298098148569
          ],
          [
            -112.27955924009,
            37.72969716922599
          ],
          [
            -112.279414057967,
            37.729582390549396
          ],
          [
            -112.277885985041,
            37.728505901422594
          ],
          [
            -112.27751896306,
            37.72825887475959
          ],
          [
            -112.277346362558,
            37.7281792706145
          ],
          [
            -112.277220492417,
            37.7281115963665
          ],
          [
            -112.276976730972,
            37.72805096807701
          ],
          [
            -112.276732958746,
            37.728022785411994
          ],
          [
            -112.27645918368898,
            37.728031518870495
          ],
          [
            -112.276185315206,
            37.7280877498989
          ],
          [
            -112.27593602822301,
            37.72816795806569
          ],
          [
            -112.275555371613,
            37.72837585660431
          ],
          [
            -112.275010361934,
            37.72871378338169
          ],
          [
            -112.274837891688,
            37.728793879323085
          ],
          [
            -112.27466259354502,
            37.728848049347285
          ],
          [
            -112.274523014214,
            37.728867583598294
          ],
          [
            -112.274227138804,
            37.7288914219994
          ],
          [
            -112.273819065611,
            37.72894341998239
          ],
          [
            -112.273583611786,
            37.72902996337051
          ],
          [
            -112.273306963916,
            37.7291296592274
          ],
          [
            -112.273107077087,
            37.7291859853378
          ],
          [
            -112.27298924776602,
            37.72919681104679
          ],
          [
            -112.27291261967599,
            37.72918168617319
          ],
          [
            -112.27283315650199,
            37.72916001272411
          ],
          [
            -112.27274829265701,
            37.729114513025394
          ],
          [
            -112.272698948199,
            37.72906250166321
          ],
          [
            -112.272652448705,
            37.7289910818078
          ],
          [
            -112.272625090513,
            37.728910893715785
          ],
          [
            -112.272589463329,
            37.728248119963204
          ],
          [
            -112.27259497629,
            37.728165773994604
          ],
          [
            -112.27263321847,
            37.728053152151496
          ],
          [
            -112.272690748377,
            37.7279469914256
          ],
          [
            -112.272816809859,
            37.7277542893225
          ],
          [
            -112.272874226579,
            37.72764155104159
          ],
          [
            -112.27289350801799,
            37.72756148937899
          ],
          [
            -112.27289069719,
            37.72748346962009
          ],
          [
            -112.27285788352899,
            37.7274292964663
          ],
          [
            -112.272786638144,
            37.72739040980021
          ],
          [
            -112.27269356189998,
            37.7273622133842
          ],
          [
            -112.272562044051,
            37.727368680407395
          ],
          [
            -112.272386737824,
            37.72744880409238
          ],
          [
            -112.271803526388,
            37.7277628835543
          ],
          [
            -112.27171856103402,
            37.7277975986701
          ],
          [
            -112.271617229273,
            37.727797610038195
          ],
          [
            -112.27149941522399,
            37.7277694095142
          ],
          [
            -112.2714255243,
            37.7277218080058
          ],
          [
            -112.271378945754,
            37.72765886031569
          ],
          [
            -112.27134603776999,
            37.727559264080895
          ],
          [
            -112.27120643328702,
            37.72682722121429
          ],
          [
            -112.271154395679,
            37.7266971876584
          ],
          [
            -112.271064048518,
            37.7265563910166
          ],
          [
            -112.27095999126898,
            37.72646981915939
          ],
          [
            -112.27082574523598,
            37.72638961128499
          ],
          [
            -112.270634042059,
            37.7263202969522
          ],
          [
            -112.270368465027,
            37.72626394521521
          ],
          [
            -112.270204018533,
            37.7262357952644
          ],
          [
            -112.270100014284,
            37.72620546188471
          ],
          [
            -112.270015190863,
            37.726168702575
          ],
          [
            -112.26938798264001,
            37.7257268036
          ],
          [
            -112.269311304244,
            37.7256552568969
          ],
          [
            -112.26924004269,
            37.725568690381095
          ],
          [
            -112.26912787365302,
            37.7254321831607
          ],
          [
            -112.26901829984999,
            37.725334672875505
          ],
          [
            -112.26889775582,
            37.72524593319629
          ],
          [
            -112.268486946359,
            37.7249902463963
          ],
          [
            -112.26840754786501,
            37.724918818350595
          ],
          [
            -112.26834453284401,
            37.724830000014805
          ],
          [
            -112.268221345073,
            37.7246393538965
          ],
          [
            -112.26815288177,
            37.7245570827846
          ],
          [
            -112.26781052573,
            37.7242429755167
          ],
          [
            -112.26772841971301,
            37.7241324608445
          ],
          [
            -112.267635323707,
            37.72398961795099
          ],
          [
            -112.267536721927,
            37.723803303252616
          ],
          [
            -112.267443518123,
            37.723554201042
          ],
          [
            -112.267331242187,
            37.72323788825169
          ],
          [
            -112.267298425831,
            37.7230233771473
          ],
          [
            -112.26728477682902,
            37.72283497668818
          ],
          [
            -112.267317532997,
            37.72255991547761
          ],
          [
            -112.26740249925,
            37.722152616097496
          ],
          [
            -112.267465498101,
            37.721907783053105
          ],
          [
            -112.26751751504699,
            37.7217908684429
          ],
          [
            -112.267585913671,
            37.7216565641031
          ],
          [
            -112.267714692557,
            37.72148330580159
          ],
          [
            -112.267807786767,
            37.72135333178821
          ],
          [
            -112.267859914206,
            37.721236326061295
          ],
          [
            -112.267870774838,
            37.72112796560129
          ],
          [
            -112.267843360052,
            37.7210239827836
          ],
          [
            -112.267774984784,
            37.7209199898719
          ],
          [
            -112.26769827674401,
            37.7208463693508
          ],
          [
            -112.26759418805399,
            37.720770609943905
          ],
          [
            -112.267470988604,
            37.7207185792211
          ],
          [
            -112.26720523011198,
            37.7206103089568
          ],
          [
            -112.26669595002501,
            37.72039361802259
          ],
          [
            -112.266578179992,
            37.720300519450504
          ],
          [
            -112.266457703336,
            37.72016175568321
          ],
          [
            -112.266342725268,
            37.7199994090503
          ],
          [
            -112.26623310115899,
            37.71987161390659
          ],
          [
            -112.26610715286502,
            37.7197978907309
          ],
          [
            -112.265970191225,
            37.719743752458704
          ],
          [
            -112.26585515297002,
            37.71971776942789
          ],
          [
            -112.265731940045,
            37.7197047622763
          ],
          [
            -112.265611473271,
            37.719719845029395
          ],
          [
            -112.26547723532302,
            37.7197523803066
          ],
          [
            -112.26447491579,
            37.72017267721769
          ],
          [
            -112.264343432077,
            37.720213833695006
          ],
          [
            -112.26408326739401,
            37.72028746408219
          ],
          [
            -112.26375737837202,
            37.720346026695694
          ],
          [
            -112.26351372202899,
            37.72037630776109
          ],
          [
            -112.263319203533,
            37.7203870452256
          ],
          [
            -112.262850822842,
            37.720406574602485
          ],
          [
            -112.262483932914,
            37.72038932403209
          ],
          [
            -112.26208139783502,
            37.7203308161669
          ],
          [
            -112.261711698875,
            37.720288357983804
          ],
          [
            -112.256424915798,
            37.71958216523069
          ],
          [
            -112.25544523830203,
            37.71945119235681
          ],
          [
            -112.252815091524,
            37.719120556552994
          ],
          [
            -112.24615739129,
            37.7182428007336
          ],
          [
            -112.243541891543,
            37.717935054949706
          ],
          [
            -112.242763626215,
            37.7178096928834
          ],
          [
            -112.241956697443,
            37.717707069046206
          ],
          [
            -112.240997585977,
            37.7176157762835
          ],
          [
            -112.240184153402,
            37.71745624799869
          ],
          [
            -112.23953567846301,
            37.717370777596805
          ],
          [
            -112.23890876398899,
            37.7173195062516
          ],
          [
            -112.236956183193,
            37.717068725817605
          ],
          [
            -112.23666073627899,
            37.7170002640158
          ],
          [
            -112.23611307657,
            37.7169319229537
          ],
          [
            -112.23563759290002,
            37.716823616598994
          ],
          [
            -112.235183668797,
            37.716783670534205
          ],
          [
            -112.234607212693,
            37.7166754264963
          ],
          [
            -112.23275541748102,
            37.71611690546861
          ],
          [
            -112.229736307372,
            37.7152220122294
          ],
          [
            -112.225898926362,
            37.71407210853779
          ],
          [
            -112.22570861018401,
            37.7140136113175
          ],
          [
            -112.22204820716699,
            37.71292492084861
          ],
          [
            -112.21804939979901,
            37.711733622069204
          ],
          [
            -112.217740311069,
            37.711674987267386
          ],
          [
            -112.217537744566,
            37.7116367020738
          ],
          [
            -112.21688919866,
            37.71143826658509
          ],
          [
            -112.216456952701,
            37.711306093222795
          ],
          [
            -112.21556347394699,
            37.7109755255367
          ],
          [
            -112.215240273582,
            37.710844386076204
          ],
          [
            -112.214823934092,
            37.71076197385571
          ],
          [
            -112.214546404077,
            37.71066244799889
          ],
          [
            -112.214390248134,
            37.7106384601765
          ],
          [
            -112.21411707494802,
            37.710604230932
          ],
          [
            -112.21376570251803,
            37.71044976385199
          ],
          [
            -112.213392825318,
            37.7103399506421
          ],
          [
            -112.213163005726,
            37.710237135948304
          ],
          [
            -112.212855008449,
            37.71018217270791
          ],
          [
            -112.21272500965101,
            37.7101342095365
          ],
          [
            -112.212612202811,
            37.7100690352903
          ],
          [
            -112.212421389865,
            37.71004152589659
          ],
          [
            -112.212200124929,
            37.709990085314296
          ],
          [
            -112.212130762413,
            37.70994546360231
          ],
          [
            -112.212044103734,
            37.7098837153467
          ],
          [
            -112.211935707622,
            37.70988032330239
          ],
          [
            -112.21187059323799,
            37.7098597222975
          ],
          [
            -112.211675487243,
            37.709770517776796
          ],
          [
            -112.21139790063398,
            37.7097018992789
          ],
          [
            -112.211267784157,
            37.7096743947237
          ],
          [
            -112.210951163053,
            37.70964006411799
          ],
          [
            -112.210756054364,
            37.7095714973787
          ],
          [
            -112.210448028341,
            37.70943081600661
          ],
          [
            -112.210105444129,
            37.709348530846896
          ],
          [
            -112.2096719028,
            37.7091631693034
          ],
          [
            -112.209355247561,
            37.7090636718586
          ],
          [
            -112.20920773430998,
            37.7089847904583
          ],
          [
            -112.208717706915,
            37.70878576510739
          ],
          [
            -112.20831875342,
            37.70867602263229
          ],
          [
            -112.208127850642,
            37.7085937089178
          ],
          [
            -112.207967473516,
            37.70847701421929
          ],
          [
            -112.207724505283,
            37.708380993248895
          ],
          [
            -112.20700469602498,
            37.70802406577279
          ],
          [
            -112.20654067126499,
            37.7077907866877
          ],
          [
            -112.20612429764,
            37.7075506188049
          ],
          [
            -112.205551836343,
            37.707289874009795
          ],
          [
            -112.20523527722399,
            37.70711150202689
          ],
          [
            -112.205044401396,
            37.70696735486929
          ],
          [
            -112.20471915826198,
            37.7068129541217
          ],
          [
            -112.204419347333,
            37.7066036752854
          ],
          [
            -112.203947159582,
            37.7062364474821
          ],
          [
            -112.203483101584,
            37.70583849164469
          ],
          [
            -112.20324024025,
            37.70564295882199
          ],
          [
            -112.202654868367,
            37.70523461052291
          ],
          [
            -112.202490030207,
            37.7051146184841
          ],
          [
            -112.20227313467699,
            37.7049601875802
          ],
          [
            -112.202005457373,
            37.70472773544935
          ]
        ],
        "type": "LineString"
      }
    },
    {
      "type": "Feature",
      "properties": {
        "id": "04-red-canyon-rich-trail-01",
        "name": "Rich Trail",
        "label": "Rich Trail",
        "component": 1,
        "component_count": 1,
        "map_clipped": false,
        "source": "state-trails.geojson",
        "source_ids": [
          6008,
          6010,
          6055,
          6105,
          6108
        ],
        "published_horse_status": "HorseAllowed=Yes; current permission unverified",
        "direction": "Start at westernmost endpoint (southwest if equal longitude), follow source geometry",
        "start_wgs84": [
          -112.298170353788,
          37.755303719424994
        ],
        "end_wgs84": [
          -112.295456014207,
          37.7672224044019
        ],
        "distance_miles": 2.347381837777005,
        "ascent_ft": 538.5061457786628,
        "descent_ft": 223.97394403465412,
        "sample_spacing_m": 29.982102193138065,
        "valid_samples": 127,
        "sample_count": 127,
        "shorter_than_two_output_pixels": false,
        "gap_samples": 0,
        "gap_count": 0,
        "relative_zero": "chosen start",
        "dem_file": "04-red-canyon-dem.tif",
        "dem_source": "USGS 3DEP ImageServer mosaic; native sources unresolved; not verified lidar",
        "dem_output_pixel_m": 13.75,
        "smoothing": "3-sample median then 3-sample moving mean, segment endpoints retained; 3m reversal threshold for totals",
        "csv": "sources/profiles/04-red-canyon-rich-trail-01.csv",
        "shown_on_page": true
      },
      "geometry": {
        "coordinates": [
          [
            -112.29817035378798,
            37.755303719424994
          ],
          [
            -112.29828641792,
            37.7553716578834
          ],
          [
            -112.298518358434,
            37.75547067550359
          ],
          [
            -112.299211388913,
            37.755536669894404
          ],
          [
            -112.29971042551101,
            37.755414723089196
          ],
          [
            -112.29988035532202,
            37.75533669148879
          ],
          [
            -112.30036540245601,
            37.755284654514206
          ],
          [
            -112.300817334096,
            37.7551306868729
          ],
          [
            -112.30124333406802,
            37.75522665505229
          ],
          [
            -112.301464419341,
            37.755081722960895
          ],
          [
            -112.301991398036,
            37.7550647255013
          ],
          [
            -112.30247043095,
            37.7549676825176
          ],
          [
            -112.30278836808502,
            37.7550767370777
          ],
          [
            -112.30302041639801,
            37.75505866928528
          ],
          [
            -112.303179384067,
            37.755106661605
          ],
          [
            -112.30334440907602,
            37.7550987076323
          ],
          [
            -112.30353741031801,
            37.75499671218579
          ],
          [
            -112.30365340528002,
            37.755008677607705
          ],
          [
            -112.303868435907,
            37.7550947132448
          ],
          [
            -112.304381398189,
            37.75515870438671
          ],
          [
            -112.30484339275701,
            37.7553907135387
          ],
          [
            -112.305390422747,
            37.7557977057946
          ],
          [
            -112.305455396095,
            37.7559486698996
          ],
          [
            -112.305412361403,
            37.75598672906119
          ],
          [
            -112.30533041169302,
            37.7559936758309
          ],
          [
            -112.305458355146,
            37.756084728808794
          ],
          [
            -112.305492342006,
            37.75617772344129
          ],
          [
            -112.305742394354,
            37.7563507002775
          ],
          [
            -112.305977365784,
            37.7564406562259
          ],
          [
            -112.30604037272,
            37.75655072423749
          ],
          [
            -112.306417410916,
            37.75651472999301
          ],
          [
            -112.30651434722,
            37.75653366319511
          ],
          [
            -112.30683640941899,
            37.756437712336194
          ],
          [
            -112.306965407494,
            37.756504687396806
          ],
          [
            -112.30727332482,
            37.7565596745006
          ],
          [
            -112.307855423243,
            37.7565458187088
          ],
          [
            -112.307861436566,
            37.756545668140994
          ],
          [
            -112.308023351607,
            37.7565737028745
          ],
          [
            -112.30822040245499,
            37.7567726779417
          ],
          [
            -112.308153417779,
            37.75682371245519
          ],
          [
            -112.307996409335,
            37.75684870804021
          ],
          [
            -112.30789732515902,
            37.756907669291806
          ],
          [
            -112.307735369694,
            37.756954710845605
          ],
          [
            -112.307524361721,
            37.757181648369205
          ],
          [
            -112.30655840150001,
            37.757166676228486
          ],
          [
            -112.30635636590101,
            37.757232725924
          ],
          [
            -112.306189398734,
            37.7572466540294
          ],
          [
            -112.30605540602602,
            37.75733466076019
          ],
          [
            -112.305973399722,
            37.75745471735421
          ],
          [
            -112.305966356032,
            37.7575577200493
          ],
          [
            -112.30617141176698,
            37.757611686501
          ],
          [
            -112.306125418923,
            37.7578237238637
          ],
          [
            -112.30605040240998,
            37.757908734231194
          ],
          [
            -112.306075361202,
            37.758075732725395
          ],
          [
            -112.30577234688,
            37.75818372804229
          ],
          [
            -112.305642366048,
            37.75833865450299
          ],
          [
            -112.305553343004,
            37.758511693046096
          ],
          [
            -112.30576841854699,
            37.758799698396096
          ],
          [
            -112.30593038389502,
            37.75915967225781
          ],
          [
            -112.30600642538501,
            37.7595976566421
          ],
          [
            -112.306105367627,
            37.759846662442
          ],
          [
            -112.306139408387,
            37.760071692041095
          ],
          [
            -112.306197368587,
            37.7601656823209
          ],
          [
            -112.306172345117,
            37.76027266966799
          ],
          [
            -112.306010357311,
            37.7604926627398
          ],
          [
            -112.30610934536702,
            37.76067965992279
          ],
          [
            -112.306055430281,
            37.7607446980185
          ],
          [
            -112.30624340095702,
            37.7609046621314
          ],
          [
            -112.30622940340801,
            37.760986652811
          ],
          [
            -112.306145424404,
            37.76106572384029
          ],
          [
            -112.30607836157499,
            37.7612546512656
          ],
          [
            -112.30605633847702,
            37.7615387051599
          ],
          [
            -112.306015376199,
            37.76163667624729
          ],
          [
            -112.30572540002501,
            37.762015717949005
          ],
          [
            -112.30573236017202,
            37.7623276601497
          ],
          [
            -112.30562434225101,
            37.7625247022859
          ],
          [
            -112.305822402804,
            37.76252872609929
          ],
          [
            -112.305801424448,
            37.7626656812099
          ],
          [
            -112.30569632784801,
            37.762757693221786
          ],
          [
            -112.30564147042801,
            37.7628015622965
          ],
          [
            -112.30581039143101,
            37.7629496607995
          ],
          [
            -112.30581059445001,
            37.76299994964071
          ],
          [
            -112.30586339652402,
            37.7632136858889
          ],
          [
            -112.30598935829302,
            37.76328168738889
          ],
          [
            -112.30598341144598,
            37.7633566483978
          ],
          [
            -112.30592641424,
            37.763446686017005
          ],
          [
            -112.306028424228,
            37.7636697006003
          ],
          [
            -112.30619937093199,
            37.763874736931
          ],
          [
            -112.306294361485,
            37.7643246779063
          ],
          [
            -112.306146344279,
            37.76444871064699
          ],
          [
            -112.305993390831,
            37.76448573571879
          ],
          [
            -112.30580240181501,
            37.764722722867
          ],
          [
            -112.30570538196702,
            37.76477066346771
          ],
          [
            -112.305659326241,
            37.7654507295131
          ],
          [
            -112.305471386107,
            37.7656546956991
          ],
          [
            -112.30552343000302,
            37.7660577065728
          ],
          [
            -112.30562439255598,
            37.7662597331334
          ],
          [
            -112.30562633920499,
            37.76685472797751
          ],
          [
            -112.30569839217601,
            37.76696866133
          ],
          [
            -112.30566634388,
            37.7672056888104
          ],
          [
            -112.305708340119,
            37.7674117038273
          ],
          [
            -112.305382381029,
            37.7673016654688
          ],
          [
            -112.30518237292702,
            37.7672456595123
          ],
          [
            -112.30464740102299,
            37.76721967965919
          ],
          [
            -112.304386344313,
            37.7671396529908
          ],
          [
            -112.304053341532,
            37.766854663356
          ],
          [
            -112.30390139868798,
            37.7668396711592
          ],
          [
            -112.30347939262602,
            37.766677696016096
          ],
          [
            -112.30305233892999,
            37.76662266601429
          ],
          [
            -112.302715424884,
            37.76646371271119
          ],
          [
            -112.302606386477,
            37.7663056644847
          ],
          [
            -112.30244033020098,
            37.766262707168
          ],
          [
            -112.302287331837,
            37.76613569703869
          ],
          [
            -112.301928362355,
            37.7660006884421
          ],
          [
            -112.301790392805,
            37.7659537250748
          ],
          [
            -112.301563418177,
            37.765971734105605
          ],
          [
            -112.30104525465,
            37.7660102624805
          ],
          [
            -112.300423401284,
            37.765884731131
          ],
          [
            -112.300240296782,
            37.765795183633585
          ],
          [
            -112.300094403193,
            37.7658467232206
          ],
          [
            -112.300102327232,
            37.765728660110305
          ],
          [
            -112.30006742678502,
            37.7656546907282
          ],
          [
            -112.299879331243,
            37.7656366674175
          ],
          [
            -112.299769366672,
            37.76571070286051
          ],
          [
            -112.299491871691,
            37.76569627925219
          ],
          [
            -112.29931397562,
            37.7657486220736
          ],
          [
            -112.299282723232,
            37.7659674335267
          ],
          [
            -112.29931284643799,
            37.7660798499794
          ],
          [
            -112.29953729141,
            37.76646870492821
          ],
          [
            -112.299524231702,
            37.7666630723401
          ],
          [
            -112.299688336837,
            37.7669189347667
          ],
          [
            -112.299675302282,
            37.767011007529
          ],
          [
            -112.299645135957,
            37.7671166989398
          ],
          [
            -112.299200690876,
            37.767358903444396
          ],
          [
            -112.29907989352202,
            37.7674953354835
          ],
          [
            -112.299019475531,
            37.7676759849635
          ],
          [
            -112.29894193565002,
            37.7677475890508
          ],
          [
            -112.29879521920499,
            37.7677783172766
          ],
          [
            -112.29862254593901,
            37.7677920275206
          ],
          [
            -112.298389667583,
            37.767635069325486
          ],
          [
            -112.29826014579099,
            37.7675908026103
          ],
          [
            -112.298113603619,
            37.7675600615243
          ],
          [
            -112.29796682788401,
            37.76758736421089
          ],
          [
            -112.298087653985,
            37.7676862547013
          ],
          [
            -112.29800992815298,
            37.767740825885305
          ],
          [
            -112.297820141981,
            37.7677238100309
          ],
          [
            -112.297013383889,
            37.7675362171131
          ],
          [
            -112.29679768581302,
            37.767348603836
          ],
          [
            -112.29657770457,
            37.7672667565524
          ],
          [
            -112.296374867674,
            37.76725646048181
          ],
          [
            -112.296228145838,
            37.7672804264142
          ],
          [
            -112.29598232994601,
            37.767259967778514
          ],
          [
            -112.295839937092,
            37.767304253865
          ],
          [
            -112.295654397256,
            37.7673418044178
          ],
          [
            -112.295568202108,
            37.767314451932094
          ],
          [
            -112.29545601420699,
            37.7672224044019
          ]
        ],
        "type": "LineString"
      }
    },
    {
      "type": "Feature",
      "properties": {
        "id": "04-red-canyon-showalter-01",
        "name": "Showalter",
        "label": "Showalter [map section]",
        "component": 1,
        "component_count": 1,
        "map_clipped": true,
        "source": "state-trails.geojson",
        "source_ids": [
          5511
        ],
        "published_horse_status": "HorseAllowed=Yes; current permission unverified",
        "direction": "Start at westernmost endpoint (southwest if equal longitude), follow source geometry",
        "start_wgs84": [
          -112.23758217642025,
          37.83876410654855
        ],
        "end_wgs84": [
          -112.226149129626,
          37.82629372012321
        ],
        "distance_miles": 1.128682756734468,
        "ascent_ft": 133.97321811964184,
        "descent_ft": 474.9554097473751,
        "sample_spacing_m": 29.777685614001243,
        "valid_samples": 61,
        "sample_count": 62,
        "shorter_than_two_output_pixels": false,
        "gap_samples": 1,
        "gap_count": 1,
        "relative_zero": "first valid sample",
        "dem_file": "04-red-canyon-dem.tif",
        "dem_source": "USGS 3DEP ImageServer mosaic; native sources unresolved; not verified lidar",
        "dem_output_pixel_m": 13.75,
        "smoothing": "3-sample median then 3-sample moving mean, segment endpoints retained; 3m reversal threshold for totals",
        "csv": "sources/profiles/04-red-canyon-showalter-01.csv",
        "shown_on_page": true
      },
      "geometry": {
        "coordinates": [
          [
            -112.23758217642025,
            37.83876410654855
          ],
          [
            -112.237479212894,
            37.838191304047
          ],
          [
            -112.23765145856201,
            37.83750904054379
          ],
          [
            -112.23751976554101,
            37.83681636232559
          ],
          [
            -112.23704493854001,
            37.836195063539606
          ],
          [
            -112.236330851551,
            37.835774463019106
          ],
          [
            -112.235503469936,
            37.8355443124051
          ],
          [
            -112.234629408267,
            37.8354926447705
          ],
          [
            -112.234093020617,
            37.83494624309589
          ],
          [
            -112.23369079905001,
            37.83431506751919
          ],
          [
            -112.233128220121,
            37.8337644293093
          ],
          [
            -112.232705489118,
            37.833129048408104
          ],
          [
            -112.23212562121199,
            37.8325627243396
          ],
          [
            -112.226520952204,
            37.827648505439
          ],
          [
            -112.22627664817601,
            37.826961582033604
          ],
          [
            -112.226149129626,
            37.82629372012321
          ]
        ],
        "type": "LineString"
      }
    },
    {
      "type": "Feature",
      "properties": {
        "id": "04-red-canyon-thunder-mountain-01",
        "name": "Thunder Mountain",
        "label": "Thunder Mountain [map section]",
        "component": 1,
        "component_count": 1,
        "map_clipped": true,
        "source": "state-trails.geojson",
        "source_ids": [
          5883,
          6609,
          6700
        ],
        "published_horse_status": "HorseAllowed=Yes; current permission unverified",
        "direction": "Start at westernmost endpoint (southwest if equal longitude), follow source geometry",
        "start_wgs84": [
          -112.329443137873,
          37.7437000291398
        ],
        "end_wgs84": [
          -112.29091051732053,
          37.70378777277878
        ],
        "distance_miles": 6.677558638603858,
        "ascent_ft": 1635.3626336048546,
        "descent_ft": 610.3012792952562,
        "sample_spacing_m": 29.93450955344091,
        "valid_samples": 359,
        "sample_count": 360,
        "shorter_than_two_output_pixels": false,
        "gap_samples": 1,
        "gap_count": 1,
        "relative_zero": "chosen start",
        "dem_file": "04-red-canyon-dem.tif",
        "dem_source": "USGS 3DEP ImageServer mosaic; native sources unresolved; not verified lidar",
        "dem_output_pixel_m": 13.75,
        "smoothing": "3-sample median then 3-sample moving mean, segment endpoints retained; 3m reversal threshold for totals",
        "csv": "sources/profiles/04-red-canyon-thunder-mountain-01.csv",
        "shown_on_page": true
      },
      "geometry": {
        "coordinates": [
          [
            -112.329443137873,
            37.7437000291398
          ],
          [
            -112.32944094238998,
            37.74350525545089
          ],
          [
            -112.32958943929701,
            37.7433770611606
          ],
          [
            -112.32971474709198,
            37.7432328147923
          ],
          [
            -112.32968461310601,
            37.74306275242199
          ],
          [
            -112.32951919283802,
            37.7429584182311
          ],
          [
            -112.329261754542,
            37.742963125050494
          ],
          [
            -112.328929921368,
            37.7429583954997
          ],
          [
            -112.328807539385,
            37.74291209802549
          ],
          [
            -112.328528383419,
            37.7428256596579
          ],
          [
            -112.328499368734,
            37.7427517220723
          ],
          [
            -112.328612409136,
            37.74262472059088
          ],
          [
            -112.32909133425198,
            37.7416776755681
          ],
          [
            -112.329119370672,
            37.741271698201
          ],
          [
            -112.328662421941,
            37.740546643215794
          ],
          [
            -112.328463414563,
            37.7394387039893
          ],
          [
            -112.328264403591,
            37.7389906732262
          ],
          [
            -112.328324378713,
            37.738396691789895
          ],
          [
            -112.328224412392,
            37.73816267717121
          ],
          [
            -112.32819434218601,
            37.7374896781999
          ],
          [
            -112.32831637652102,
            37.7372376596116
          ],
          [
            -112.32829738343999,
            37.7369876818935
          ],
          [
            -112.328148428393,
            37.73675566122
          ],
          [
            -112.32777432679,
            37.7349166905596
          ],
          [
            -112.32801033936799,
            37.7342096888445
          ],
          [
            -112.327905367634,
            37.73366965935559
          ],
          [
            -112.32777040205,
            37.73336267532671
          ],
          [
            -112.32749141317099,
            37.73303568300759
          ],
          [
            -112.327441329399,
            37.73269664846121
          ],
          [
            -112.327296365567,
            37.732350661242684
          ],
          [
            -112.327293410109,
            37.7318037139143
          ],
          [
            -112.327463397412,
            37.7310916885811
          ],
          [
            -112.327406406494,
            37.7308297008897
          ],
          [
            -112.327668025549,
            37.73012727826491
          ],
          [
            -112.327499324634,
            37.7296400591301
          ],
          [
            -112.327438441315,
            37.72945237888279
          ],
          [
            -112.327672930351,
            37.728902216489786
          ],
          [
            -112.327828991072,
            37.728255959589696
          ],
          [
            -112.32778460711,
            37.727708577740906
          ],
          [
            -112.32769830506199,
            37.727361929892396
          ],
          [
            -112.32766241018,
            37.7270547307178
          ],
          [
            -112.327635137328,
            37.72664577071859
          ],
          [
            -112.327735356076,
            37.7265327039138
          ],
          [
            -112.327861377134,
            37.7262696456872
          ],
          [
            -112.32786336959802,
            37.726012670698296
          ],
          [
            -112.327480326164,
            37.72525171616769
          ],
          [
            -112.326970393899,
            37.72477464686041
          ],
          [
            -112.32681541115701,
            37.72449564584059
          ],
          [
            -112.326796365076,
            37.7242866748699
          ],
          [
            -112.32703196712401,
            37.7237613757019
          ],
          [
            -112.327031341897,
            37.7237072161679
          ],
          [
            -112.327003493224,
            37.72369175764
          ],
          [
            -112.326790515247,
            37.72368532298061
          ],
          [
            -112.32639795595901,
            37.7235727561413
          ],
          [
            -112.32615300604299,
            37.72335776496829
          ],
          [
            -112.32599790651899,
            37.7232564043502
          ],
          [
            -112.32584841787201,
            37.72324069135299
          ],
          [
            -112.325357402331,
            37.72300872850091
          ],
          [
            -112.325096348317,
            37.72299769369689
          ],
          [
            -112.32485034737098,
            37.72302272060149
          ],
          [
            -112.32367141096901,
            37.72403466392261
          ],
          [
            -112.323531367209,
            37.72398864948751
          ],
          [
            -112.323241406307,
            37.723832650676705
          ],
          [
            -112.323042859764,
            37.72362965988509
          ],
          [
            -112.323134032477,
            37.7236393616191
          ],
          [
            -112.323365420528,
            37.723787726795095
          ],
          [
            -112.32352437023098,
            37.72376764621979
          ],
          [
            -112.32335462277901,
            37.7236846522298
          ],
          [
            -112.323357376115,
            37.72359070869629
          ],
          [
            -112.323488409772,
            37.723506681379
          ],
          [
            -112.323418384299,
            37.723403731478314
          ],
          [
            -112.323621348756,
            37.7232237213975
          ],
          [
            -112.323689403325,
            37.7230756897594
          ],
          [
            -112.32344333141302,
            37.7225867189091
          ],
          [
            -112.323497325551,
            37.72246471141799
          ],
          [
            -112.32335434789401,
            37.72250867614581
          ],
          [
            -112.32329440600999,
            37.72262164748481
          ],
          [
            -112.32308334773201,
            37.7226336607737
          ],
          [
            -112.322986683618,
            37.7225192925074
          ],
          [
            -112.323129398069,
            37.7223457278434
          ],
          [
            -112.323205372186,
            37.722285661856496
          ],
          [
            -112.32316938477702,
            37.722201706956405
          ],
          [
            -112.322820327305,
            37.72215470228912
          ],
          [
            -112.321823238663,
            37.7216906475508
          ],
          [
            -112.321754431305,
            37.721617695012284
          ],
          [
            -112.32178435867903,
            37.7214246673464
          ],
          [
            -112.32224039831398,
            37.72106264896401
          ],
          [
            -112.322222352058,
            37.7209857024209
          ],
          [
            -112.321433404864,
            37.72135370625509
          ],
          [
            -112.32117571953101,
            37.72146168339181
          ],
          [
            -112.320914425666,
            37.7214176555131
          ],
          [
            -112.320467346726,
            37.72126872708629
          ],
          [
            -112.320383374908,
            37.72117872980949
          ],
          [
            -112.32044134499,
            37.721005667217405
          ],
          [
            -112.320175415818,
            37.72106470463191
          ],
          [
            -112.320008721739,
            37.720903891961896
          ],
          [
            -112.31982803639902,
            37.720836967821384
          ],
          [
            -112.3196016331,
            37.72077037474559
          ],
          [
            -112.319501664083,
            37.7206995729057
          ],
          [
            -112.319158383677,
            37.72063870335009
          ],
          [
            -112.318852382457,
            37.720696654596004
          ],
          [
            -112.31878333525,
            37.7204947310158
          ],
          [
            -112.318867397797,
            37.720103719460404
          ],
          [
            -112.318760431803,
            37.720079680690795
          ],
          [
            -112.318881354922,
            37.720020646754605
          ],
          [
            -112.319046352083,
            37.719823674771696
          ],
          [
            -112.318824412513,
            37.7198486899584
          ],
          [
            -112.31869741408804,
            37.71962271946419
          ],
          [
            -112.31853635963202,
            37.71961965473259
          ],
          [
            -112.318385369002,
            37.7197106593731
          ],
          [
            -112.318308354636,
            37.71954568686639
          ],
          [
            -112.318191129882,
            37.71946768566579
          ],
          [
            -112.31826975582501,
            37.71935874349379
          ],
          [
            -112.318239801502,
            37.7191666571505
          ],
          [
            -112.318317217415,
            37.7191046849286
          ],
          [
            -112.31863303901801,
            37.719133868648
          ],
          [
            -112.31882263384799,
            37.7190637012179
          ],
          [
            -112.31880279545402,
            37.718808683057894
          ],
          [
            -112.318877065466,
            37.71878694262031
          ],
          [
            -112.319006768719,
            37.71880081258681
          ],
          [
            -112.31910159488,
            37.718684208574395
          ],
          [
            -112.31917833256499,
            37.7187184092157
          ],
          [
            -112.31927524371602,
            37.7187257964953
          ],
          [
            -112.31930162543898,
            37.718230162121095
          ],
          [
            -112.319223943625,
            37.7180659182302
          ],
          [
            -112.319181037392,
            37.7179944771119
          ],
          [
            -112.31931438241499,
            37.7179387280214
          ],
          [
            -112.319344359196,
            37.71786971560039
          ],
          [
            -112.31925599910801,
            37.7177494832305
          ],
          [
            -112.31939758347798,
            37.7176657022602
          ],
          [
            -112.31959938371799,
            37.7176378474933
          ],
          [
            -112.319769814789,
            37.7174790277248
          ],
          [
            -112.31991334491,
            37.7175497026029
          ],
          [
            -112.319939428393,
            37.7173636580789
          ],
          [
            -112.32001142027798,
            37.7173286943362
          ],
          [
            -112.32015632841498,
            37.71747064405869
          ],
          [
            -112.32023635213702,
            37.717293729155806
          ],
          [
            -112.320322855407,
            37.717334849570605
          ],
          [
            -112.320480355229,
            37.7176236561183
          ],
          [
            -112.32055451924099,
            37.7174681669049
          ],
          [
            -112.32047736473798,
            37.7171356505201
          ],
          [
            -112.32051437173402,
            37.7170536702384
          ],
          [
            -112.320587324817,
            37.7172326571222
          ],
          [
            -112.320691398236,
            37.7171706548583
          ],
          [
            -112.320722945272,
            37.71696012476159
          ],
          [
            -112.32065843006501,
            37.71680267430129
          ],
          [
            -112.320760430172,
            37.7167836861676
          ],
          [
            -112.3207474046,
            37.71668270952019
          ],
          [
            -112.32045342283901,
            37.71641967671329
          ],
          [
            -112.32003539451598,
            37.7164867270694
          ],
          [
            -112.319780637691,
            37.71654789209709
          ],
          [
            -112.319594042336,
            37.7166204602148
          ],
          [
            -112.319476749309,
            37.716615193892686
          ],
          [
            -112.31947843365002,
            37.716524687140094
          ],
          [
            -112.31939675343499,
            37.716505954044095
          ],
          [
            -112.319203031744,
            37.716688466867694
          ],
          [
            -112.31900158005,
            37.7167102782713
          ],
          [
            -112.318727776246,
            37.716701895939394
          ],
          [
            -112.31851536780002,
            37.71664965486129
          ],
          [
            -112.31809434719001,
            37.71673367503419
          ],
          [
            -112.31797352558,
            37.7167278160733
          ],
          [
            -112.317532739339,
            37.7165478920971
          ],
          [
            -112.317319409221,
            37.7163986824268
          ],
          [
            -112.317033358686,
            37.716595652146495
          ],
          [
            -112.31702633386,
            37.7166666611426
          ],
          [
            -112.317201381373,
            37.71667867468659
          ],
          [
            -112.317251343872,
            37.716738681976
          ],
          [
            -112.31705034223398,
            37.716766704784405
          ],
          [
            -112.316721403432,
            37.71693170692959
          ],
          [
            -112.31663835238702,
            37.7171046880819
          ],
          [
            -112.31648339300101,
            37.7171636490177
          ],
          [
            -112.315575532218,
            37.717171171467
          ],
          [
            -112.315153924109,
            37.7169400124899
          ],
          [
            -112.31512309842,
            37.716986862001185
          ],
          [
            -112.31524032587,
            37.7171616628806
          ],
          [
            -112.31491446918702,
            37.7170392101429
          ],
          [
            -112.31485961625899,
            37.71708110028351
          ],
          [
            -112.314986157442,
            37.717179459946095
          ],
          [
            -112.31495332311998,
            37.7172475115645
          ],
          [
            -112.314179351739,
            37.717255692023386
          ],
          [
            -112.31410937208001,
            37.7173276732011
          ],
          [
            -112.314128395703,
            37.717434712528
          ],
          [
            -112.313912413759,
            37.7175076897934
          ],
          [
            -112.313828399721,
            37.71761371483499
          ],
          [
            -112.31385936914,
            37.717677720616386
          ],
          [
            -112.313320391648,
            37.71784171950131
          ],
          [
            -112.31248339356802,
            37.7175319013628
          ],
          [
            -112.312000275117,
            37.7174280449585
          ],
          [
            -112.311670481118,
            37.7175067013483
          ],
          [
            -112.31141643216598,
            37.717801720690694
          ],
          [
            -112.31120839222801,
            37.7174307274775
          ],
          [
            -112.311092327198,
            37.717398670836594
          ],
          [
            -112.311076349762,
            37.717515654201094
          ],
          [
            -112.31089132196702,
            37.717793681701
          ],
          [
            -112.31049239003,
            37.71792168223859
          ],
          [
            -112.31025836362701,
            37.717820727039
          ],
          [
            -112.31013832984098,
            37.71768569850719
          ],
          [
            -112.309983422557,
            37.7180056597544
          ],
          [
            -112.309865326436,
            37.71803869675409
          ],
          [
            -112.30991339169398,
            37.7178817019467
          ],
          [
            -112.309847374503,
            37.717592676119104
          ],
          [
            -112.30968140267,
            37.717522688432304
          ],
          [
            -112.309379393563,
            37.7178006619005
          ],
          [
            -112.309279367953,
            37.7177967259009
          ],
          [
            -112.30896739742799,
            37.7174636545904
          ],
          [
            -112.30865240586802,
            37.7173907241813
          ],
          [
            -112.30856735158,
            37.71723169212341
          ],
          [
            -112.308152325428,
            37.716960688982404
          ],
          [
            -112.308107354866,
            37.716777688642196
          ],
          [
            -112.308212031055,
            37.7166009589747
          ],
          [
            -112.30804337415701,
            37.71637165362441
          ],
          [
            -112.307888393211,
            37.71594571915599
          ],
          [
            -112.307774397001,
            37.71539864854181
          ],
          [
            -112.307852461498,
            37.71490866056639
          ],
          [
            -112.308167400955,
            37.71458566435259
          ],
          [
            -112.308513346662,
            37.714335686915796
          ],
          [
            -112.308709342887,
            37.7139136975575
          ],
          [
            -112.30892533561101,
            37.71377070064879
          ],
          [
            -112.30935142811,
            37.713794719435796
          ],
          [
            -112.30936541487901,
            37.713899652570596
          ],
          [
            -112.30926249130299,
            37.7139950694577
          ],
          [
            -112.309228321187,
            37.7141356867355
          ],
          [
            -112.309251310871,
            37.714242953812395
          ],
          [
            -112.309352428833,
            37.714296357758705
          ],
          [
            -112.30942338136698,
            37.71415064484041
          ],
          [
            -112.309558351442,
            37.714064695922
          ],
          [
            -112.30991142528198,
            37.7135627291371
          ],
          [
            -112.310419366879,
            37.71325470595031
          ],
          [
            -112.310510100316,
            37.71306641282669
          ],
          [
            -112.310490370618,
            37.7128286960011
          ],
          [
            -112.310415401716,
            37.712520752198095
          ],
          [
            -112.310252170642,
            37.712341681445
          ],
          [
            -112.31000682636498,
            37.71211241976479
          ],
          [
            -112.309736286141,
            37.7119211112767
          ],
          [
            -112.309497682821,
            37.711836158242
          ],
          [
            -112.30901341003502,
            37.71142568792841
          ],
          [
            -112.308279255581,
            37.710998072025895
          ],
          [
            -112.30806251545899,
            37.7107755184186
          ],
          [
            -112.30786205640301,
            37.7108466005058
          ],
          [
            -112.307677057353,
            37.71084847239519
          ],
          [
            -112.307391230498,
            37.7108002701611
          ],
          [
            -112.307144960058,
            37.71096946642411
          ],
          [
            -112.306867227023,
            37.71091702729299
          ],
          [
            -112.30672438141798,
            37.710431651765404
          ],
          [
            -112.306773320737,
            37.710117645925294
          ],
          [
            -112.306648554625,
            37.709983386515894
          ],
          [
            -112.306389228969,
            37.7099258753246
          ],
          [
            -112.30626409185301,
            37.709919060680804
          ],
          [
            -112.30606145797599,
            37.709930859274294
          ],
          [
            -112.306072319506,
            37.7102135587557
          ],
          [
            -112.30593010990899,
            37.7103134632915
          ],
          [
            -112.30581117027,
            37.710246103892885
          ],
          [
            -112.305758261296,
            37.7101854936713
          ],
          [
            -112.305571398243,
            37.7099646773503
          ],
          [
            -112.30549837599001,
            37.7098762603822
          ],
          [
            -112.30542464496601,
            37.70986382785909
          ],
          [
            -112.30528704013302,
            37.710045156008604
          ],
          [
            -112.30508262399802,
            37.7099553988077
          ],
          [
            -112.304728421875,
            37.709604667482196
          ],
          [
            -112.30436240421099,
            37.70948569381229
          ],
          [
            -112.304053364888,
            37.709646655635304
          ],
          [
            -112.303616391097,
            37.7097707274257
          ],
          [
            -112.30344938260698,
            37.7099316495426
          ],
          [
            -112.30296333205501,
            37.71086173125539
          ],
          [
            -112.301882400053,
            37.7109327066603
          ],
          [
            -112.30154934337301,
            37.710875728493
          ],
          [
            -112.301357385973,
            37.71098573065589
          ],
          [
            -112.301148387533,
            37.710951716192
          ],
          [
            -112.30083036056601,
            37.711280676471496
          ],
          [
            -112.300911393096,
            37.71143164680069
          ],
          [
            -112.300643325934,
            37.7114517292987
          ],
          [
            -112.300509379939,
            37.711557664935796
          ],
          [
            -112.30037536297598,
            37.71155571844519
          ],
          [
            -112.30030440325498,
            37.71147466508371
          ],
          [
            -112.300401421306,
            37.7112356582775
          ],
          [
            -112.300384357807,
            37.71112264612341
          ],
          [
            -112.30010238652103,
            37.7110157106728
          ],
          [
            -112.299965426678,
            37.7108777034279
          ],
          [
            -112.299765433848,
            37.7108590897171
          ],
          [
            -112.299570730298,
            37.71095487864309
          ],
          [
            -112.299423402998,
            37.71096371289621
          ],
          [
            -112.299205341455,
            37.7112097312477
          ],
          [
            -112.29892042908402,
            37.711174656580404
          ],
          [
            -112.298674343697,
            37.7106276800804
          ],
          [
            -112.298845368554,
            37.71036469613409
          ],
          [
            -112.29935838114102,
            37.7102937002864
          ],
          [
            -112.299572383198,
            37.7101207295275
          ],
          [
            -112.299080375019,
            37.7100886597744
          ],
          [
            -112.29879939457403,
            37.7099536796904
          ],
          [
            -112.29886273748001,
            37.7097025175663
          ],
          [
            -112.299070555534,
            37.709422274370105
          ],
          [
            -112.299335358219,
            37.70922864567449
          ],
          [
            -112.299318324365,
            37.7091626803554
          ],
          [
            -112.298171387749,
            37.70937666092001
          ],
          [
            -112.297186336531,
            37.709317654700186
          ],
          [
            -112.297152357755,
            37.709242682307995
          ],
          [
            -112.297292434753,
            37.7088832438749
          ],
          [
            -112.29754534464101,
            37.70828066111589
          ],
          [
            -112.29746940825399,
            37.7082586951435
          ],
          [
            -112.29678737854401,
            37.70855767216471
          ],
          [
            -112.29660637789502,
            37.708482694028795
          ],
          [
            -112.29658041029599,
            37.70837266327629
          ],
          [
            -112.29647837425601,
            37.708330704250294
          ],
          [
            -112.29618531775901,
            37.7084786722518
          ],
          [
            -112.295932416854,
            37.708502722603
          ],
          [
            -112.29568433181599,
            37.708731669957594
          ],
          [
            -112.295481319749,
            37.70873471168699
          ],
          [
            -112.29528025522902,
            37.7086476044657
          ],
          [
            -112.29511836444098,
            37.7086407314281
          ],
          [
            -112.295172334325,
            37.708332712655405
          ],
          [
            -112.29540937996599,
            37.70808865620851
          ],
          [
            -112.29528632963698,
            37.7078886633304
          ],
          [
            -112.29549241034901,
            37.7072996681423
          ],
          [
            -112.295897346625,
            37.70659970244499
          ],
          [
            -112.29599136699699,
            37.7062596990143
          ],
          [
            -112.295828400927,
            37.705923691775496
          ],
          [
            -112.29565039526199,
            37.705935652336606
          ],
          [
            -112.294863884298,
            37.7064162017634
          ],
          [
            -112.294585320321,
            37.70643187924009
          ],
          [
            -112.29455906076902,
            37.7065526679791
          ],
          [
            -112.29463282592899,
            37.706665148388595
          ],
          [
            -112.294535622825,
            37.706809519294694
          ],
          [
            -112.29434312733402,
            37.706823349571806
          ],
          [
            -112.294021374156,
            37.70717369251529
          ],
          [
            -112.29372338231501,
            37.7072726786626
          ],
          [
            -112.293464032404,
            37.7072648894071
          ],
          [
            -112.293351332463,
            37.7072097057776
          ],
          [
            -112.29328539612202,
            37.707103718440095
          ],
          [
            -112.293379359002,
            37.70662266744932
          ],
          [
            -112.293315389971,
            37.706355690040596
          ],
          [
            -112.293066401228,
            37.7063956438593
          ],
          [
            -112.292872339076,
            37.706286644799
          ],
          [
            -112.292855402239,
            37.70618669858849
          ],
          [
            -112.292995355269,
            37.70570171921779
          ],
          [
            -112.29331034143901,
            37.70532765908659
          ],
          [
            -112.292866320363,
            37.7053786743431
          ],
          [
            -112.292067320122,
            37.70564366740389
          ],
          [
            -112.291898339831,
            37.70554169194559
          ],
          [
            -112.29182135151599,
            37.7050536828205
          ],
          [
            -112.29187735967702,
            37.704901654737895
          ],
          [
            -112.291824355482,
            37.70484770813681
          ],
          [
            -112.29115294924901,
            37.70526162917341
          ],
          [
            -112.291011337929,
            37.70531166866059
          ],
          [
            -112.290895379799,
            37.7050486843284
          ],
          [
            -112.290830411841,
            37.704494659128905
          ],
          [
            -112.290656361458,
            37.704191662897195
          ],
          [
            -112.290845361604,
            37.703989690070614
          ],
          [
            -112.29091051732053,
            37.70378777277878
          ]
        ],
        "type": "LineString"
      }
    },
    {
      "type": "Feature",
      "properties": {
        "id": "04-red-canyon-thunder-mtn-spur-01",
        "name": "Thunder Mtn Spur",
        "label": "Thunder Mtn Spur",
        "component": 1,
        "component_count": 1,
        "map_clipped": false,
        "source": "state-trails.geojson",
        "source_ids": [
          6621
        ],
        "published_horse_status": "HorseAllowed=Yes; current permission unverified",
        "direction": "Start at westernmost endpoint (southwest if equal longitude), follow source geometry",
        "start_wgs84": [
          -112.318191129882,
          37.71946768566579
        ],
        "end_wgs84": [
          -112.31475448732,
          37.720062061966
        ],
        "distance_miles": 0.2607573749951175,
        "ascent_ft": 193.0801405008777,
        "descent_ft": 0.0,
        "sample_spacing_m": 29.97487977886731,
        "valid_samples": 15,
        "sample_count": 15,
        "shorter_than_two_output_pixels": false,
        "gap_samples": 0,
        "gap_count": 0,
        "relative_zero": "chosen start",
        "dem_file": "04-red-canyon-dem.tif",
        "dem_source": "USGS 3DEP ImageServer mosaic; native sources unresolved; not verified lidar",
        "dem_output_pixel_m": 13.75,
        "smoothing": "3-sample median then 3-sample moving mean, segment endpoints retained; 3m reversal threshold for totals",
        "csv": "sources/profiles/04-red-canyon-thunder-mtn-spur-01.csv",
        "shown_on_page": true
      },
      "geometry": {
        "coordinates": [
          [
            -112.318191129882,
            37.71946768566579
          ],
          [
            -112.318120595962,
            37.7195275073662
          ],
          [
            -112.31800490553,
            37.7195041065115
          ],
          [
            -112.31782440704,
            37.719543437167694
          ],
          [
            -112.31764169599901,
            37.71957963769621
          ],
          [
            -112.317431064421,
            37.719589652616
          ],
          [
            -112.317341836561,
            37.719567757501196
          ],
          [
            -112.317217211485,
            37.71958438224149
          ],
          [
            -112.31715959354301,
            37.7195790777588
          ],
          [
            -112.31704970443,
            37.719620591987685
          ],
          [
            -112.316914383114,
            37.71970601289569
          ],
          [
            -112.316811831442,
            37.7197453725784
          ],
          [
            -112.316699296791,
            37.71976564610039
          ],
          [
            -112.316668540272,
            37.71979077499919
          ],
          [
            -112.31667462186701,
            37.7198651519134
          ],
          [
            -112.316641752511,
            37.719905535453506
          ],
          [
            -112.316547866885,
            37.7199153264974
          ],
          [
            -112.316454263331,
            37.71989618354511
          ],
          [
            -112.316184572913,
            37.7199927473963
          ],
          [
            -112.31596783818098,
            37.7200362652177
          ],
          [
            -112.31585147760602,
            37.7200326974153
          ],
          [
            -112.31579466096102,
            37.72007911578309
          ],
          [
            -112.31573281464799,
            37.72010423107469
          ],
          [
            -112.315735292202,
            37.720083924248286
          ],
          [
            -112.315802588593,
            37.72000773700518
          ],
          [
            -112.31579934477598,
            37.719939817247294
          ],
          [
            -112.31590135835799,
            37.71987000160599
          ],
          [
            -112.31597500943201,
            37.719819519310995
          ],
          [
            -112.31595532015702,
            37.7197968461808
          ],
          [
            -112.315905300166,
            37.719791366200404
          ],
          [
            -112.315782811284,
            37.7198197715662
          ],
          [
            -112.31558841136501,
            37.7198238346518
          ],
          [
            -112.315514400965,
            37.71984755303381
          ],
          [
            -112.31529967037402,
            37.719792718431094
          ],
          [
            -112.31514418457499,
            37.719777328722905
          ],
          [
            -112.31497874184903,
            37.7198084655569
          ],
          [
            -112.31493300412701,
            37.71982700169819
          ],
          [
            -112.314893098267,
            37.71985448472049
          ],
          [
            -112.314855189362,
            37.71991790660321
          ],
          [
            -112.31474718222002,
            37.71992478925348
          ],
          [
            -112.31474870037299,
            37.720010663869
          ],
          [
            -112.31475448732,
            37.720062061966
          ]
        ],
        "type": "LineString"
      }
    }
  ]
}