{"type": "FeatureCollection", "features": [{"type": "Feature", "properties": {"name": "Recorded route segment 1", "elevation_source": "GPX recorded elevation, not surveyed terrain"}, "geometry": {"type": "LineString", "coordinates": [[-77.41054907441139, -9.494030512869358, 3845.41064453125], [-77.41054764948785, -9.494030261412263, 3844.93017578125], [-77.41052376106381, -9.493989609181881, 3840.6044921875], [-77.41051990538836, -9.493956752121449, 3841.0849609375], [-77.4104568734765, -9.493856504559517, 3840.6044921875], [-77.41045251488686, -9.493846949189901, 3841.0849609375], [-77.41040037944913, -9.493812415748835, 3840.12353515625], [-77.4103743955493, -9.493784001097083, 3839.16259765625], [-77.41033466532826, -9.493748461827636, 3839.16259765625], [-77.41027724929154, -9.493730859830976, 3839.64306640625], [-77.41023341193795, -9.493706384673715, 3839.16259765625], [-77.41016702726483, -9.493691632524133, 3839.16259765625], [-77.41010156460106, -9.493661876767874, 3839.16259765625], [-77.41008027456701, -9.493628097698092, 3838.681640625], [-77.4100102018565, -9.49359381571412, 3839.16259765625], [-77.40994884632528, -9.493577722460032, 3839.16259765625], [-77.40987391211092, -9.493547044694424, 3840.12353515625], [-77.40976687520742, -9.493425255641341, 3840.12353515625], [-77.40972856990993, -9.493387872353196, 3840.12353515625], [-77.40967190824449, -9.493354763835669, 3840.6044921875], [-77.40957266651094, -9.493344873189926, 3841.5654296875], [-77.4095453415066, -9.493334563449025, 3841.5654296875], [-77.40951650775969, -9.49332794174552, 3842.04638671875], [-77.40940427407622, -9.493298102170229, 3843.00732421875], [-77.40935725159943, -9.493274968117476, 3843.00732421875], [-77.40932682529092, -9.49326884932816, 3843.00732421875], [-77.40930419415236, -9.493247140198946, 3843.00732421875], [-77.40926136262715, -9.493219228461385, 3843.00732421875], [-77.40914116613567, -9.493184443563223, 3843.48828125], [-77.40908400155604, -9.493170529603958, 3843.48828125], [-77.409054832533, -9.493164494633675, 3843.48828125], [-77.40889063104987, -9.493118142709136, 3843.96875], [-77.40885810926557, -9.493102552369237, 3843.96875], [-77.40878845565021, -9.493064330890775, 3843.96875], [-77.40868862718344, -9.493036670610309, 3843.96875], [-77.40862953476608, -9.492992833256721, 3844.44970703125], [-77.40853540599346, -9.492958635091782, 3844.44970703125], [-77.40851612761617, -9.49294782243669, 3844.44970703125], [-77.40843180567026, -9.492910858243704, 3843.96875], [-77.40833709016442, -9.492889232933521, 3843.96875], [-77.40829258225858, -9.492877498269081, 3843.48828125], [-77.40823600441217, -9.492845898494124, 3843.48828125], [-77.40811471827328, -9.492758391425014, 3843.48828125], [-77.40810482762754, -9.492754871025681, 3843.48828125], [-77.40808974020183, -9.492740454152226, 3843.48828125], [-77.40802645683289, -9.492709189653397, 3843.48828125], [-77.40797775797546, -9.492681277915835, 3843.48828125], [-77.40791581571102, -9.4926502648741, 3843.00732421875], [-77.40790064446628, -9.492636602371931, 3843.48828125], [-77.40783367305994, -9.49260232038796, 3843.96875], [-77.40776251070201, -9.492554040625691, 3843.96875], [-77.40773543715477, -9.49251682497561, 3844.44970703125], [-77.40767307579517, -9.492462929338217, 3844.93017578125], [-77.40755044855177, -9.492397466674447, 3845.8916015625], [-77.40748967975378, -9.492377182468772, 3845.41064453125], [-77.40745967254043, -9.492362178862095, 3844.93017578125], [-77.40735556930304, -9.49231255799532, 3844.93017578125], [-77.40728616714478, -9.492285484448075, 3844.93017578125], [-77.40724953822792, -9.492259165272117, 3845.41064453125], [-77.4072241410613, -9.492253214120865, 3845.41064453125], [-77.40716211497784, -9.492190517485142, 3845.8916015625], [-77.40713495761156, -9.492172999307513, 3845.8916015625], [-77.40706161595881, -9.492088928818703, 3845.8916015625], [-77.40697243250906, -9.492022125050426, 3846.3720703125], [-77.40695952437818, -9.492007372900844, 3846.3720703125], [-77.40687193349004, -9.49196521192789, 3846.3720703125], [-77.40679750218987, -9.491936126723886, 3846.3720703125], [-77.4067616276443, -9.49191140010953, 3846.3720703125], [-77.40665727294981, -9.491890193894506, 3846.3720703125], [-77.40652970038354, -9.491849709302187, 3846.3720703125], [-77.40650170482695, -9.491796819493175, 3846.85302734375], [-77.40649424493313, -9.491775529459119, 3847.33349609375], [-77.40643615834415, -9.491682322695851, 3848.775390625], [-77.40642551332712, -9.4916607812047, 3849.255859375], [-77.40642626769841, -9.491605879738927, 3849.73681640625], [-77.40639768540859, -9.49153664521873, 3850.21728515625], [-77.40636155940592, -9.491459699347615, 3850.21728515625], [-77.40633524022996, -9.491381412371993, 3850.69775390625], [-77.40631185472012, -9.491335730999708, 3850.69775390625], [-77.40625108592212, -9.491229699924588, 3850.69775390625], [-77.40624236874282, -9.491221234202385, 3850.21728515625], [-77.40623750723898, -9.491167506203055, 3850.21728515625], [-77.40622208453715, -9.491064827889204, 3850.69775390625], [-77.40617397241294, -9.491006741300225, 3851.1787109375], [-77.40612326189876, -9.490908421576023, 3851.6591796875], [-77.40609786473215, -9.490771293640137, 3850.69775390625], [-77.40609149448574, -9.490725696086884, 3850.69775390625], [-77.40602779202163, -9.490653946995735, 3851.1787109375], [-77.40600138902664, -9.490633578971028, 3851.6591796875], [-77.40593559108675, -9.490583287551999, 3851.6591796875], [-77.40591916255653, -9.49056627228856, 3851.6591796875], [-77.40582679398358, -9.490498714148998, 3850.69775390625], [-77.40580692887306, -9.490484967827797, 3850.21728515625], [-77.40574046038091, -9.490424785763025, 3850.21728515625], [-77.40565278567374, -9.490385390818119, 3850.69775390625], [-77.4056254606694, -9.490369465202093, 3850.69775390625], [-77.40558044984937, -9.490332752466202, 3850.69775390625], [-77.40552957169712, -9.490307103842497, 3850.69775390625], [-77.4055078625679, -9.490283131599426, 3850.21728515625], [-77.40550040267408, -9.490262093022466, 3850.69775390625], [-77.40546704269946, -9.490196211263537, 3850.21728515625], [-77.40539529360831, -9.490167712792754, 3850.21728515625], [-77.40536377765238, -9.49017584323883, 3850.21728515625], [-77.40524626336992, -9.490117337554693, 3852.14013671875], [-77.40520888008177, -9.490094538778067, 3852.14013671875], [-77.40519077517092, -9.490072578191757, 3852.14013671875], [-77.4051867518574, -9.490054221823812, 3852.14013671875], [-77.40514559671283, -9.48987283743918, 3852.62060546875], [-77.40513143129647, -9.489837801083922, 3852.14013671875], [-77.40512606687844, -9.48976831510663, 3852.62060546875], [-77.40508432500064, -9.489633031189442, 3852.14013671875], [-77.40507015958428, -9.489617943763733, 3852.62060546875], [-77.40506219677627, -9.489588271826506, 3852.62060546875], [-77.4050001706928, -9.489525659009814, 3852.62060546875], [-77.40495809353888, -9.489505961537361, 3852.62060546875], [-77.4049470294267, -9.489491125568748, 3852.62060546875], [-77.40491786040366, -9.489469164982438, 3852.14013671875], [-77.40487175993621, -9.489447204396129, 3852.14013671875], [-77.40477461367846, -9.489366570487618, 3851.1787109375], [-77.40468794479966, -9.48925375007093, 3851.6591796875], [-77.40466397255659, -9.489216534420848, 3851.6591796875], [-77.40460680797696, -9.489142522215843, 3852.14013671875], [-77.4046011082828, -9.48911938816309, 3852.14013671875], [-77.40458870306611, -9.489064570516348, 3852.14013671875], [-77.40456162951887, -9.488990809768438, 3852.62060546875], [-77.40455182269216, -9.488974129781127, 3852.62060546875], [-77.40453782491386, -9.488931549713016, 3852.62060546875], [-77.40447705611587, -9.488815544173121, 3853.10107421875], [-77.40444269031286, -9.48878419585526, 3852.62060546875], [-77.40443103946745, -9.488760977983475, 3852.14013671875], [-77.40442869253457, -9.488738682121038, 3852.14013671875], [-77.40441720932722, -9.488723175600171, 3852.14013671875], [-77.40438334643841, -9.488660898059607, 3851.6591796875], [-77.4043545126915, -9.488627705723047, 3852.14013671875], [-77.40433925762773, -9.488600883632898, 3852.14013671875], [-77.40431235171854, -9.488579509779811, 3852.14013671875], [-77.40428100340068, -9.4885334931314, 3852.62060546875], [-77.40425677970052, -9.488503150641918, 3852.62060546875], [-77.40419098176062, -9.488404160365462, 3852.62060546875], [-77.40414999425411, -9.488365938887, 3853.10107421875], [-77.40409903228283, -9.488327465951443, 3854.0625], [-77.40407849662006, -9.488288657739758, 3854.54345703125], [-77.40396198816597, -9.48822126723826, 3856.4658203125], [-77.40394840948284, -9.488201653584838, 3856.9462890625], [-77.40393097512424, -9.48818908073008, 3856.9462890625], [-77.40389895625412, -9.48814557865262, 3857.42724609375], [-77.40388680249453, -9.488129317760468, 3857.90771484375], [-77.4038811866194, -9.48811188340187, 3857.90771484375], [-77.40378898568451, -9.488016497343779, 3857.90771484375], [-77.4037516862154, -9.487984059378505, 3858.38818359375], [-77.40370927378535, -9.487910969182849, 3857.90771484375], [-77.40369510836899, -9.48788221925497, 3858.38818359375], [-77.40365236066282, -9.487843243405223, 3858.38818359375], [-77.40359477698803, -9.487770153209567, 3858.869140625], [-77.40357432514429, -9.487757999449968, 3858.869140625], [-77.4035082757473, -9.487681640312076, 3860.3115234375], [-77.40346418693662, -9.487632438540459, 3860.3115234375], [-77.40339897572994, -9.487558007240295, 3859.83056640625], [-77.40337944589555, -9.487526826560497, 3859.83056640625], [-77.4033253826201, -9.487480642274022, 3859.349609375], [-77.40326503291726, -9.487404450774193, 3859.83056640625], [-77.40322287194431, -9.487373856827617, 3859.349609375], [-77.4031953793019, -9.487340999767184, 3859.83056640625], [-77.40313821472228, -9.487287187948823, 3859.83056640625], [-77.40303536877036, -9.487245110794902, 3859.349609375], [-77.40291936323047, -9.487221473827958, 3858.869140625], [-77.4028903618455, -9.487164057791233, 3858.38818359375], [-77.40288030356169, -9.487150227651, 3858.38818359375], [-77.40286806598306, -9.487133212387562, 3857.90771484375], [-77.40286722779274, -9.48716296814382, 3856.9462890625], [-77.40290000103414, -9.487192053347826, 3856.4658203125], [-77.40291089750826, -9.487216444686055, 3855.9853515625], [-77.40289371460676, -9.487227760255337, 3856.4658203125], [-77.40286781452596, -9.487231029197574, 3856.4658203125], [-77.40283763967454, -9.487230610102415, 3856.4658203125], [-77.40277695469558, -9.487208230420947, 3856.9462890625], [-77.40273965522647, -9.487180234864354, 3857.90771484375], [-77.40262700244784, -9.48712038807571, 3858.38818359375], [-77.40254938602448, -9.487099181860685, 3859.349609375], [-77.4024910479784, -9.487072359770536, 3858.38818359375], [-77.40237629972398, -9.487000945955515, 3859.349609375], [-77.4023377429694, -9.486998179927468, 3859.349609375], [-77.40232039242983, -9.486987954005599, 3859.349609375], [-77.40227479487658, -9.486979488283396, 3859.83056640625], [-77.40212718956172, -9.486907990649343, 3858.38818359375], [-77.40207530558109, -9.486860381439328, 3857.90771484375], [-77.40196156315506, -9.486776143312454, 3858.38818359375], [-77.4018985312432, -9.48675837367773, 3857.90771484375], [-77.40185603499413, -9.486746303737164, 3858.38818359375], [-77.40182619541883, -9.486746219918132, 3858.38818359375], [-77.40178219042718, -9.4867392629385, 3858.38818359375], [-77.40176391787827, -9.486728450283408, 3858.869140625], [-77.4017470702529, -9.486747477203608, 3858.869140625], [-77.40172896534204, -9.486758960410953, 3859.349609375], [-77.40155822597444, -9.486730210483074, 3860.3115234375], [-77.40152603946626, -9.486730126664042, 3860.3115234375], [-77.4013532884419, -9.486658377572894, 3861.27294921875], [-77.40132981911302, -9.486645134165883, 3861.27294921875], [-77.40129034034908, -9.48665720410645, 3860.7919921875], [-77.40128790959716, -9.486656030640006, 3860.7919921875], [-77.40128455683589, -9.486648067831993, 3860.7919921875], [-77.40127525292337, -9.486632058396935, 3860.3115234375], [-77.40121582522988, -9.48661269620061, 3859.83056640625], [-77.40118841640651, -9.486596938222647, 3860.3115234375], [-77.40112144500017, -9.48657464236021, 3860.3115234375], [-77.40109596401453, -9.486556202173233, 3860.3115234375], [-77.40100502036512, -9.486508928239346, 3860.3115234375], [-77.40089169703424, -9.486438855528831, 3860.7919921875], [-77.40079144947231, -9.486363418400288, 3860.7919921875], [-77.40073772147298, -9.486321760341525, 3860.7919921875], [-77.40068315528333, -9.486275156959891, 3860.7919921875], [-77.40053865127265, -9.486169461160898, 3860.3115234375], [-77.4005311075598, -9.486162504181266, 3860.3115234375], [-77.40046103484929, -9.4861055072397, 3859.83056640625], [-77.40041954442859, -9.486070470884442, 3859.349609375], [-77.40036782808602, -9.486025040969253, 3859.349609375], [-77.40029666572809, -9.48595991358161, 3858.869140625], [-77.40025752224028, -9.48591347783804, 3858.38818359375], [-77.40012533962727, -9.485773667693138, 3859.349609375], [-77.40011922083795, -9.48576394468546, 3859.349609375], [-77.40007630549371, -9.485718598589301, 3859.349609375], [-77.39998544566333, -9.485621536150575, 3859.83056640625], [-77.39994370378554, -9.485587757080793, 3860.3115234375], [-77.3998764809221, -9.485525479540229, 3861.27294921875], [-77.39977925084531, -9.485434954985976, 3861.27294921875], [-77.39975930191576, -9.485423052683473, 3860.7919921875], [-77.39974471740425, -9.485400505363941, 3860.7919921875], [-77.3996658436954, -9.485339736565948, 3861.27294921875], [-77.39963851869106, -9.485295480117202, 3860.7919921875], [-77.39956517703831, -9.48522792197764, 3861.27294921875], [-77.39953097887337, -9.485185761004686, 3861.75341796875], [-77.39951857365668, -9.485168578103185, 3861.75341796875], [-77.39951614290476, -9.48514779098332, 3861.75341796875], [-77.39944942295551, -9.485042849555612, 3863.1953125], [-77.39945436827838, -9.484974117949605, 3863.67626953125], [-77.39945830777287, -9.48489524424076, 3863.67626953125], [-77.39942285232246, -9.484836822375655, 3863.67626953125], [-77.39940734580159, -9.484820729121566, 3863.67626953125], [-77.3993928451091, -9.484800528734922, 3863.1953125], [-77.39938630722463, -9.48477010242641, 3863.1953125], [-77.3993738181889, -9.484718637540936, 3863.1953125], [-77.39933668635786, -9.48461084626615, 3863.1953125], [-77.3993257060647, -9.484595004469156, 3863.67626953125], [-77.39930818788707, -9.48455703444779, 3863.67626953125], [-77.39927105605602, -9.484509592875838, 3864.15673828125], [-77.39924691617489, -9.484462067484856, 3863.67626953125], [-77.39922596141696, -9.48443884961307, 3863.67626953125], [-77.39919134415686, -9.484368693083525, 3863.67626953125], [-77.39916267804801, -9.4843147136271, 3864.15673828125], [-77.3991568107158, -9.484289484098554, 3864.15673828125], [-77.39915144629776, -9.484254363924265, 3864.15673828125], [-77.39912965334952, -9.484176831319928, 3864.63720703125], [-77.39911389537156, -9.484136682003736, 3865.5986328125], [-77.39911381155252, -9.484095610678196, 3866.56005859375], [-77.39906243048608, -9.4839692953974, 3865.5986328125], [-77.39905673079193, -9.483959907665849, 3865.5986328125], [-77.39903334528208, -9.483933672308922, 3866.0791015625], [-77.39903275854886, -9.483915651217103, 3866.0791015625], [-77.39897064864635, -9.48386033065617, 3865.5986328125], [-77.3989477660507, -9.483844572678208, 3866.0791015625], [-77.39892731420696, -9.48383828625083, 3866.0791015625], [-77.39884994924068, -9.483782881870866, 3865.5986328125], [-77.39879504777491, -9.48373761959374, 3865.5986328125], [-77.39876889623702, -9.483719933778048, 3865.5986328125], [-77.39872204139829, -9.48367559351027, 3865.5986328125], [-77.39861575886607, -9.483579453080893, 3866.56005859375], [-77.39854970946908, -9.48355346918106, 3867.521484375], [-77.39840612746775, -9.483475517481565, 3868.96337890625], [-77.39827461540699, -9.483383651822805, 3870.4052734375], [-77.39824779331684, -9.483362697064877, 3870.8857421875], [-77.39821049384773, -9.4833217933774, 3871.36669921875], [-77.39815022796392, -9.483275273814797, 3872.32763671875], [-77.39812281914055, -9.483251720666885, 3873.2890625], [-77.39810982719064, -9.483237555250525, 3873.76953125], [-77.39803765900433, -9.483192963525653, 3874.25048828125], [-77.3979773093015, -9.483148120343685, 3874.73095703125], [-77.39789533428848, -9.483098080381751, 3873.76953125], [-77.39778695628047, -9.483004119247198, 3873.2890625], [-77.39775384776294, -9.48297193273902, 3873.2890625], [-77.39770917221904, -9.482944188639522, 3873.76953125], [-77.39767011255026, -9.482906134799123, 3874.25048828125], [-77.39766273647547, -9.482873193919659, 3874.25048828125], [-77.39762929268181, -9.482824075967073, 3874.25048828125], [-77.3975782468915, -9.482780741527677, 3874.25048828125], [-77.39755310118198, -9.482763642445207, 3874.73095703125], [-77.39750943146646, -9.482717290520668, 3875.2119140625], [-77.39747414365411, -9.482675967738032, 3875.2119140625], [-77.39745620638132, -9.482663394883275, 3874.73095703125], [-77.39742611534894, -9.482633136212826, 3874.73095703125], [-77.39734380505979, -9.482580414041877, 3875.6923828125], [-77.39733056165278, -9.482564739882946, 3876.1728515625], [-77.39723752252758, -9.482484692707658, 3877.13427734375], [-77.39720701240003, -9.482465917244554, 3877.615234375], [-77.39716309122741, -9.482435658574104, 3878.095703125], [-77.39710190333426, -9.482388887554407, 3878.576171875], [-77.39702328108251, -9.48232451453805, 3879.53759765625], [-77.39699453115463, -9.482297357171774, 3879.53759765625], [-77.39696787670255, -9.482248239219189, 3879.53759765625], [-77.39691456779838, -9.482176909223199, 3880.9794921875], [-77.39685296081007, -9.482090910896659, 3880.4990234375], [-77.39679923281074, -9.48201815597713, 3879.05712890625], [-77.39672379568219, -9.481952860951424, 3879.53759765625], [-77.39670686423779, -9.481924613937736, 3879.53759765625], [-77.39661164581776, -9.481850685551763, 3880.01806640625], [-77.39657099358737, -9.481815816834569, 3880.4990234375], [-77.39646923728287, -9.481741301715374, 3880.4990234375], [-77.39644384011626, -9.481711629778147, 3880.4990234375], [-77.39642372354865, -9.48168832808733, 3880.4990234375], [-77.39641081541777, -9.481658572331071, 3880.4990234375], [-77.39638952538371, -9.481603251770139, 3880.4990234375], [-77.39634702913463, -9.481521444395185, 3880.01806640625], [-77.39634401164949, -9.481501830741763, 3879.53759765625], [-77.39627150818706, -9.481395464390516, 3878.576171875], [-77.39626706577837, -9.48137367144227, 3878.576171875], [-77.3961830791086, -9.4812495354563, 3879.05712890625], [-77.39615173079073, -9.48121584020555, 3878.576171875], [-77.39613153040409, -9.481186838820577, 3878.095703125], [-77.39608962088823, -9.481103522703052, 3878.095703125], [-77.39608006551862, -9.481085417792201, 3878.095703125], [-77.3960554227233, -9.481030516326427, 3878.095703125], [-77.3960187099874, -9.480908391997218, 3878.576171875], [-77.39593170583248, -9.480800433084369, 3880.01806640625], [-77.39590270444751, -9.480770761147141, 3880.4990234375], [-77.39585895091295, -9.480719547718763, 3880.9794921875], [-77.39580798894167, -9.480621898546815, 3880.01806640625], [-77.39579516462982, -9.480609074234962, 3880.01806640625], [-77.39574361592531, -9.480602871626616, 3880.01806640625], [-77.3956783208996, -9.48058501817286, 3880.01806640625], [-77.39566172473133, -9.480540174990892, 3880.4990234375], [-77.39566390402615, -9.480510335415602, 3880.4990234375], [-77.39564152434468, -9.480505557730794, 3880.01806640625], [-77.39564169198275, -9.4805121794343, 3880.01806640625], [-77.39563054405153, -9.480523997917771, 3879.53759765625], [-77.3956164624542, -9.480522824451327, 3879.53759765625], [-77.39553608000278, -9.480582503601909, 3879.53759765625], [-77.39546399563551, -9.480637907981873, 3877.615234375], [-77.39545720629394, -9.480636063963175, 3877.13427734375], [-77.39545930176973, -9.480626424774528, 3877.13427734375], [-77.39546491764486, -9.48063095100224, 3877.13427734375], [-77.39546726457775, -9.480576552450657, 3875.6923828125], [-77.39545226097107, -9.480537744238973, 3875.6923828125], [-77.39543985575438, -9.480522824451327, 3875.2119140625], [-77.39542208611965, -9.480487369000912, 3874.73095703125], [-77.39543708972633, -9.480441771447659, 3874.25048828125], [-77.3954750597477, -9.48040279559791, 3874.25048828125], [-77.39545997232199, -9.480366418138146, 3872.80859375], [-77.39538419991732, -9.480351749807596, 3871.84716796875], [-77.39536140114069, -9.480331214144826, 3871.84716796875], [-77.39529132843018, -9.480274552479386, 3871.36669921875], [-77.39526509307325, -9.48025225661695, 3871.36669921875], [-77.39522351883352, -9.480189057067037, 3872.80859375], [-77.39521312527359, -9.480167850852013, 3872.80859375], [-77.39515587687492, -9.480138514190912, 3872.80859375], [-77.39499812945724, -9.480040278285742, 3874.73095703125], [-77.39491908811033, -9.479973306879401, 3874.73095703125], [-77.39483501762152, -9.479890074580908, 3874.73095703125], [-77.39481506869197, -9.47984866797924, 3874.25048828125], [-77.3948133084923, -9.479825953021646, 3873.76953125], [-77.39479067735374, -9.479787647724152, 3873.76953125], [-77.39478522911668, -9.479765770956874, 3873.76953125], [-77.39479176700115, -9.479618668556213, 3873.76953125], [-77.3947688844055, -9.479591511189938, 3873.76953125], [-77.39474055357277, -9.47953979484737, 3873.76953125], [-77.39474181085825, -9.479507775977254, 3874.25048828125], [-77.39472337067127, -9.479482127353549, 3874.25048828125], [-77.39469772204757, -9.479454047977924, 3874.25048828125], [-77.39467618055642, -9.479456059634686, 3875.6923828125], [-77.39458993077278, -9.479486234486103, 3875.6923828125], [-77.39452044479549, -9.479464022442698, 3874.73095703125], [-77.39448918029666, -9.479445833712816, 3874.73095703125], [-77.39444802515209, -9.479444241151214, 3875.2119140625], [-77.39441307261586, -9.479467878118157, 3875.6923828125], [-77.39438180811703, -9.479486402124166, 3875.6923828125], [-77.39425666630268, -9.47949931025505, 3875.6923828125], [-77.39409791305661, -9.479486234486103, 3875.2119140625], [-77.39394770935178, -9.479508362710476, 3874.73095703125], [-77.39385014399886, -9.479506183415651, 3875.2119140625], [-77.3936906363815, -9.479486821219325, 3875.2119140625], [-77.39367722533643, -9.479483384639025, 3875.6923828125], [-77.39359935745597, -9.479429489001632, 3876.1728515625], [-77.39338771440089, -9.479318093508482, 3877.615234375], [-77.39320674911141, -9.47922807186842, 3877.615234375], [-77.39317380823195, -9.479208793491125, 3878.095703125], [-77.39311153069139, -9.479202423244715, 3878.095703125], [-77.39299259148538, -9.479182809591293, 3878.095703125], [-77.39285579882562, -9.479124220088124, 3879.05712890625], [-77.39281313493848, -9.479127069935203, 3878.576171875], [-77.39274767227471, -9.479074347764254, 3878.576171875], [-77.39272085018456, -9.479046519845724, 3878.095703125], [-77.39269394427538, -9.479011902585626, 3877.13427734375], [-77.39264013245702, -9.478945434093475, 3876.1728515625], [-77.3925631865859, -9.478896735236049, 3875.2119140625], [-77.39251608029008, -9.478888353332877, 3875.2119140625], [-77.39249537698925, -9.478880390524864, 3875.2119140625], [-77.39237601868808, -9.478860693052411, 3876.1728515625], [-77.39221877418458, -9.478823561221361, 3877.615234375], [-77.39220645278692, -9.478820208460093, 3877.615234375], [-77.39201459102333, -9.478745190426707, 3878.095703125], [-77.39190520718694, -9.478659527376294, 3879.53759765625], [-77.39189783111215, -9.478651145473123, 3879.53759765625], [-77.39177176728845, -9.47857235558331, 3881.4599609375], [-77.39172943867743, -9.478545030578971, 3881.4599609375], [-77.3917068913579, -9.478521645069122, 3880.9794921875], [-77.3915581125766, -9.478407064452767, 3881.94091796875], [-77.39153849892318, -9.478385858237743, 3881.94091796875], [-77.39144856110215, -9.47832366451621, 3883.3828125], [-77.39142425358295, -9.47827823460102, 3883.86328125], [-77.39144872874022, -9.478235403075814, 3883.86328125], [-77.39146071486175, -9.478186704218388, 3884.34423828125], [-77.39139684475958, -9.478069776669145, 3884.82470703125], [-77.39132761023939, -9.47801479138434, 3885.7861328125], [-77.39128394052386, -9.47800355963409, 3885.3056640625], [-77.39120028913021, -9.477889146655798, 3886.2666015625], [-77.39119031466544, -9.477837178856134, 3887.70849609375], [-77.39115175791085, -9.477804824709892, 3888.189453125], [-77.39111077040434, -9.477811278775334, 3888.669921875], [-77.3910158034414, -9.477692423388362, 3888.669921875], [-77.3910091817379, -9.477684460580349, 3889.150390625], [-77.39096693694592, -9.477626541629434, 3888.669921875], [-77.39095360971987, -9.47758479975164, 3888.669921875], [-77.39092083647847, -9.477523360401392, 3889.63134765625], [-77.39087213762105, -9.477480025961995, 3890.11181640625], [-77.39084841683507, -9.477442307397723, 3890.11181640625], [-77.39083223976195, -9.47740844450891, 3890.11181640625], [-77.39081773906946, -9.477355973795056, 3889.63134765625], [-77.39080918952823, -9.47727550752461, 3889.150390625], [-77.39080231636763, -9.477226473391056, 3889.150390625], [-77.39077331498265, -9.477186156436801, 3889.150390625], [-77.39076644182205, -9.477176936343312, 3888.669921875], [-77.39078245125711, -9.47718900628388, 3888.669921875], [-77.39081346429884, -9.477197974920273, 3888.189453125], [-77.3908453155309, -9.477037293836474, 3886.2666015625], [-77.3908828664571, -9.476966885849833, 3884.34423828125], [-77.39092351868749, -9.476857921108603, 3882.42138671875], [-77.3908672761172, -9.476787596940994, 3883.3828125], [-77.39075294695795, -9.476733952760696, 3882.90234375], [-77.3907277174294, -9.476722218096256, 3882.90234375], [-77.39061204716563, -9.476656084880233, 3882.90234375], [-77.39060341380537, -9.476650888100266, 3882.90234375], [-77.39056779071689, -9.476615181192756, 3882.90234375], [-77.39055018872023, -9.476590370759368, 3883.3828125], [-77.39049419760704, -9.476546701043844, 3883.86328125], [-77.3904753383249, -9.47653815150261, 3883.86328125], [-77.39044340327382, -9.476500684395432, 3883.86328125], [-77.39041951484978, -9.476482663303614, 3883.86328125], [-77.3903994821012, -9.476479142904282, 3884.34423828125], [-77.39030996337533, -9.47642046958208, 3883.3828125], [-77.39028154872358, -9.476423738524318, 3882.90234375], [-77.39018389955163, -9.47639163583517, 3883.3828125], [-77.3901024274528, -9.476338410750031, 3883.3828125], [-77.3900815565139, -9.47631779126823, 3883.3828125], [-77.39002447575331, -9.476280575618148, 3883.3828125], [-77.39001089707017, -9.476267835125327, 3883.3828125], [-77.3899454344064, -9.47622450068593, 3884.34423828125], [-77.38988441415131, -9.476205138489604, 3885.7861328125], [-77.38979129120708, -9.476166917011142, 3885.7861328125], [-77.38978391513228, -9.476163228973746, 3885.7861328125], [-77.38973303698003, -9.476132215932012, 3885.3056640625], [-77.38964946940541, -9.476068010553718, 3884.34423828125], [-77.3896259162575, -9.476048899814487, 3884.82470703125], [-77.38958953879774, -9.47602903470397, 3884.82470703125], [-77.38956145942211, -9.476018892601132, 3884.82470703125], [-77.38951628096402, -9.475952591747046, 3885.3056640625], [-77.3894945718348, -9.475933313369751, 3885.3056640625], [-77.38946196623147, -9.475909927859902, 3885.3056640625], [-77.3894033767283, -9.4758668448776, 3884.34423828125], [-77.38930086605251, -9.475841028615832, 3882.90234375], [-77.38928276114166, -9.475834490731359, 3882.42138671875], [-77.38921386189759, -9.475818816572428, 3881.94091796875], [-77.38917077891529, -9.47577833198011, 3880.4990234375], [-77.38914739340544, -9.475740194320679, 3880.4990234375], [-77.38902057521045, -9.475661991164088, 3879.53759765625], [-77.38901068456471, -9.47564740665257, 3879.53759765625], [-77.38891144283116, -9.475554199889302, 3879.53759765625], [-77.38888864405453, -9.475512458011508, 3880.01806640625], [-77.38887238316238, -9.475500723347068, 3880.01806640625], [-77.38885452970862, -9.47548278607428, 3880.01806640625], [-77.38874154165387, -9.475431824102998, 3880.9794921875], [-77.38870943896472, -9.475412629544735, 3881.94091796875], [-77.3886882327497, -9.475389244034886, 3882.42138671875], [-77.3885344248265, -9.475326966494322, 3881.4599609375], [-77.3884345125407, -9.475245662033558, 3880.9794921875], [-77.38839888945222, -9.475214816629887, 3880.9794921875], [-77.3883758392185, -9.475212134420872, 3880.9794921875], [-77.38832915201783, -9.475185312330723, 3880.9794921875], [-77.38825907930732, -9.475162094458938, 3881.4599609375], [-77.38821683451533, -9.475115071982145, 3881.94091796875], [-77.38812991417944, -9.475069977343082, 3881.94091796875], [-77.38809353671968, -9.475045669823885, 3882.42138671875], [-77.38794417120516, -9.474979201331735, 3881.4599609375], [-77.38791173323989, -9.47496629320085, 3881.4599609375], [-77.38788105547428, -9.474963108077645, 3881.4599609375], [-77.38783847540617, -9.474942907691002, 3881.94091796875], [-77.38782028667629, -9.474941901862621, 3882.42138671875], [-77.38774484954774, -9.474920108914375, 3883.3828125], [-77.38772816956043, -9.47490954771638, 3883.86328125], [-77.3875919636339, -9.474879037588835, 3888.669921875], [-77.3874674923718, -9.474801002070308, 3889.150390625], [-77.38739892840385, -9.474720368161798, 3889.63134765625], [-77.38737185485661, -9.474707208573818, 3890.11181640625], [-77.38735844381154, -9.474692875519395, 3890.5927734375], [-77.38733681850135, -9.474676111713052, 3890.5927734375], [-77.38729801028967, -9.474614337086678, 3890.11181640625], [-77.3872774746269, -9.474591705948114, 3889.63134765625], [-77.38721393980086, -9.474545856937766, 3890.11181640625], [-77.38717186264694, -9.474538480862975, 3890.5927734375], [-77.38712995313108, -9.474535714834929, 3891.0732421875], [-77.38711318932474, -9.4745250698179, 3891.5537109375], [-77.38704688847065, -9.474490787833929, 3891.5537109375], [-77.38701394759119, -9.474469833076, 3892.03515625], [-77.38696290180087, -9.474454075098038, 3892.515625], [-77.38693079911172, -9.474430354312062, 3892.03515625], [-77.3868165537715, -9.474389282986522, 3892.03515625], [-77.38678067922592, -9.474365310743451, 3892.99658203125], [-77.38674673251808, -9.474308313801885, 3894.4384765625], [-77.38672058098018, -9.474281910806894, 3894.9189453125], [-77.3867023922503, -9.474255926907063, 3894.9189453125], [-77.38666702061892, -9.47417269460857, 3894.9189453125], [-77.38665545359254, -9.474072614684701, 3893.47705078125], [-77.38665344193578, -9.474056186154485, 3893.47705078125], [-77.38664656877518, -9.473975468426943, 3893.95751953125], [-77.38662293180823, -9.473955100402236, 3893.95751953125], [-77.38659300841391, -9.473910005763173, 3895.3994140625], [-77.38657582551241, -9.473900031298399, 3895.3994140625], [-77.38652880303562, -9.473847476765513, 3897.802734375], [-77.38651723600924, -9.473835825920105, 3898.28369140625], [-77.38645277917385, -9.473793832585216, 3898.28369140625], [-77.38634440116584, -9.473683359101415, 3898.76416015625], [-77.38633149303496, -9.473663493990898, 3898.76416015625], [-77.38629586994648, -9.473640359938145, 3899.24462890625], [-77.38622596487403, -9.473572801798582, 3898.76416015625], [-77.38611247390509, -9.473446570336819, 3897.322265625], [-77.38601918332279, -9.473372725769877, 3897.802734375], [-77.38599177449942, -9.473360907286406, 3897.802734375], [-77.38595514558256, -9.473335007205606, 3898.28369140625], [-77.38589362241328, -9.473288152366877, 3898.28369140625], [-77.38587526604533, -9.473262252286077, 3897.802734375], [-77.38572740927339, -9.473168794065714, 3897.322265625], [-77.38560964353383, -9.473089501261711, 3897.322265625], [-77.38545097410679, -9.473035354167223, 3897.802734375], [-77.38534091971815, -9.472941476851702, 3896.84130859375], [-77.38524368964136, -9.472845671698451, 3897.322265625], [-77.38523606210947, -9.472840810194612, 3897.322265625], [-77.3851433582604, -9.472815999761224, 3896.84130859375], [-77.3850619699806, -9.472677698358893, 3897.802734375], [-77.3850360698998, -9.472630675882101, 3898.76416015625], [-77.38500388339162, -9.472587509080768, 3898.28369140625], [-77.38489885814488, -9.472453650087118, 3898.76416015625], [-77.38478151150048, -9.47234082967043, 3897.322265625], [-77.38474597223103, -9.472278468310833, 3897.322265625], [-77.3846592195332, -9.47213270701468, 3897.802734375], [-77.38463005051017, -9.472114434465766, 3897.802734375], [-77.3846182320267, -9.472096497192979, 3898.28369140625], [-77.38459593616426, -9.472077805548906, 3898.28369140625], [-77.38457020372152, -9.472044110298157, 3898.28369140625], [-77.38455176353455, -9.472022149711847, 3898.28369140625], [-77.38450641743839, -9.471969678997993, 3898.28369140625], [-77.38444581627846, -9.471895415335894, 3898.28369140625], [-77.3844194971025, -9.471857026219368, 3899.24462890625], [-77.38435151986778, -9.471816290169954, 3900.68701171875], [-77.38432469777763, -9.471781505271792, 3901.16748046875], [-77.38420793786645, -9.471714198589325, 3901.64794921875], [-77.38418622873724, -9.471685700118542, 3901.16748046875], [-77.3841797746718, -9.471670109778643, 3901.16748046875], [-77.38416653126478, -9.471656614914536, 3901.64794921875], [-77.38415127620101, -9.471629792824388, 3901.64794921875], [-77.38412604667246, -9.471611101180315, 3901.64794921875], [-77.38401414826512, -9.471513954922557, 3902.12890625], [-77.3839805368334, -9.471487635746598, 3902.609375], [-77.38388146273792, -9.471360817551613, 3902.609375], [-77.38384902477264, -9.471323350444436, 3902.609375], [-77.3838198557496, -9.47130348533392, 3902.609375], [-77.3837976437062, -9.471280351281166, 3902.609375], [-77.38373268395662, -9.471228383481503, 3903.08984375], [-77.38372564315796, -9.47121019475162, 3903.08984375], [-77.38367434591055, -9.471157221123576, 3903.08984375], [-77.38362304866314, -9.47110902518034, 3903.08984375], [-77.38351324573159, -9.470988409593701, 3901.64794921875], [-77.38341182470322, -9.470895119011402, 3902.12890625], [-77.3834054544568, -9.470886820927262, 3902.609375], [-77.38337880000472, -9.47087005712092, 3903.08984375], [-77.38336614333093, -9.470851952210069, 3902.12890625], [-77.38334233872592, -9.47083393111825, 3902.12890625], [-77.38333194516599, -9.470821106806397, 3902.12890625], [-77.38330889493227, -9.470808282494545, 3901.64794921875], [-77.3832312785089, -9.470719182863832, 3902.12890625], [-77.38318677060306, -9.470678195357323, 3902.609375], [-77.38315558992326, -9.470644416287541, 3902.609375], [-77.38313907757401, -9.470615582540631, 3902.12890625], [-77.38307034596801, -9.470528326928616, 3901.64794921875], [-77.382951406762, -9.470442244783044, 3903.08984375], [-77.38291343674064, -9.470421625301242, 3904.05126953125], [-77.38284696824849, -9.470353480428457, 3905.4931640625], [-77.38281461410224, -9.470313750207424, 3905.4931640625], [-77.38280740566552, -9.470294890925288, 3905.0126953125], [-77.38277547061443, -9.470256250351667, 3905.0126953125], [-77.38267807289958, -9.4701596070081, 3905.97412109375], [-77.38259484060109, -9.47008098475635, 3907.416015625], [-77.3825385980308, -9.47001501917839, 3908.85791015625], [-77.38250523805618, -9.469939162954688, 3909.8193359375], [-77.38247254863381, -9.469901947304606, 3910.7802734375], [-77.38243239931762, -9.469830198213458, 3911.26123046875], [-77.38240733742714, -9.469774374738336, 3911.74169921875], [-77.38240331411362, -9.46976381354034, 3912.22216796875], [-77.38233307376504, -9.469667505472898, 3913.66455078125], [-77.38230340182781, -9.469587123021483, 3914.14501953125], [-77.38228714093566, -9.469555607065558, 3914.62548828125], [-77.38226685672998, -9.469535574316978, 3915.5869140625], [-77.38222561776638, -9.469482097774744, 3916.06787109375], [-77.38219569437206, -9.469444127753377, 3915.1064453125], [-77.38215554505587, -9.469323344528675, 3915.1064453125], [-77.38214774988592, -9.46927816607058, 3915.1064453125], [-77.38214808516204, -9.469258133322, 3915.1064453125], [-77.3821363504976, -9.469201555475593, 3915.1064453125], [-77.38210818730295, -9.469119580462575, 3915.5869140625], [-77.38204197026789, -9.468997120857239, 3917.02880859375], [-77.38200743682683, -9.468912715092301, 3918.470703125], [-77.38199964165688, -9.468864686787128, 3918.95166015625], [-77.38196577876806, -9.468751531094313, 3920.3935546875], [-77.38194063305855, -9.46865656413138, 3921.83544921875], [-77.38194013014436, -9.46864633820951, 3921.83544921875], [-77.38191842101514, -9.468540390953422, 3922.796875], [-77.3819066863507, -9.468461098149419, 3923.27734375], [-77.38186452537775, -9.468384236097336, 3923.27734375], [-77.38185765221715, -9.468365292996168, 3923.75830078125], [-77.38180208019912, -9.468262614682317, 3923.75830078125], [-77.38175187259912, -9.468206958845258, 3924.2392578125], [-77.38167920149863, -9.468062035739422, 3925.20068359375], [-77.38163678906858, -9.468006463721395, 3924.2392578125], [-77.38160443492234, -9.467935636639595, 3924.7197265625], [-77.38158155232668, -9.467912083491683, 3924.2392578125], [-77.38156361505389, -9.467871682718396, 3923.75830078125], [-77.38143755123019, -9.467711672186852, 3921.83544921875], [-77.3813178576529, -9.467540178447962, 3922.31591796875], [-77.38118416629732, -9.4674052298069, 3921.83544921875], [-77.38115441054106, -9.46738419122994, 3921.83544921875], [-77.38104217685759, -9.467247733846307, 3919.91259765625], [-77.38099347800016, -9.46721076965332, 3919.43212890625], [-77.38096472807229, -9.467176655307412, 3919.43212890625], [-77.38092013634741, -9.46710230782628, 3921.35498046875], [-77.38090136088431, -9.46709987707436, 3921.83544921875], [-77.38085433840752, -9.467055704444647, 3921.83544921875], [-77.38074009306729, -9.46694053709507, 3921.35498046875], [-77.38069608807564, -9.466884294524789, 3920.3935546875], [-77.38063775002956, -9.466861579567194, 3919.91259765625], [-77.3805823456496, -9.466784298419952, 3919.43212890625], [-77.38056382164359, -9.46675630286336, 3919.43212890625], [-77.38056063652039, -9.466736186295748, 3919.43212890625], [-77.38050841726363, -9.466685811057687, 3919.43212890625], [-77.38042468205094, -9.46656234562397, 3920.3935546875], [-77.38038537092507, -9.466527309268713, 3921.35498046875], [-77.38028981722891, -9.46639621630311, 3921.35498046875], [-77.38020482473075, -9.466273924335837, 3919.43212890625], [-77.38013257272542, -9.466160433366895, 3917.990234375], [-77.3801227658987, -9.466142496094108, 3917.990234375], [-77.3800836224109, -9.466104693710804, 3918.470703125], [-77.38005177117884, -9.466040739789605, 3918.470703125], [-77.37998655997217, -9.465939570218325, 3918.95166015625], [-77.3799708019942, -9.465923644602299, 3918.95166015625], [-77.37989092245698, -9.465780230239034, 3918.470703125], [-77.37979939207435, -9.46564419195056, 3920.3935546875], [-77.3797670379281, -9.465596498921514, 3921.35498046875], [-77.37971590831876, -9.465560875833035, 3922.31591796875], [-77.37965011037886, -9.465494155883789, 3922.31591796875], [-77.37961591221392, -9.465448474511504, 3922.31591796875], [-77.37957115285099, -9.465405391529202, 3922.31591796875], [-77.37954902462661, -9.465366750955582, 3921.83544921875], [-77.37951759248972, -9.465287290513515, 3921.83544921875], [-77.37946528941393, -9.465218810364604, 3921.83544921875], [-77.37942136824131, -9.465171368792653, 3921.83544921875], [-77.37937887199223, -9.465141193941236, 3922.31591796875], [-77.37929379567504, -9.465037928894162, 3921.83544921875], [-77.37923235632479, -9.46496106684208, 3921.83544921875], [-77.37921760417521, -9.464946985244751, 3921.83544921875], [-77.37916203215718, -9.464907422661781, 3921.83544921875], [-77.37904971465468, -9.46476761251688, 3921.35498046875], [-77.37902255728841, -9.464710867032409, 3921.35498046875], [-77.37892524339259, -9.464566363021731, 3919.91259765625], [-77.37890646792948, -9.46455311961472, 3919.91259765625], [-77.37889314070344, -9.464525543153286, 3919.43212890625], [-77.37885642796755, -9.464474245905876, 3918.95166015625], [-77.37882415764034, -9.464426720514894, 3918.95166015625], [-77.37871846184134, -9.46430392563343, 3918.95166015625], [-77.37863858230412, -9.464208455756307, 3920.3935546875], [-77.37858342938125, -9.464127654209733, 3920.8740234375], [-77.37856859341264, -9.464110638946295, 3921.35498046875], [-77.37852970138192, -9.464055402204394, 3920.8740234375], [-77.37846306525171, -9.463961943984032, 3921.35498046875], [-77.37841595895588, -9.46388273499906, 3922.31591796875], [-77.37841210328043, -9.463877705857158, 3922.31591796875], [-77.37833071500063, -9.46377762593329, 3921.83544921875], [-77.37829810939729, -9.463740829378366, 3921.83544921875], [-77.37827187404037, -9.463722221553326, 3921.83544921875], [-77.37825410440564, -9.463697411119938, 3921.83544921875], [-77.3781736381352, -9.463632116094232, 3922.31591796875], [-77.37810482271016, -9.463558187708259, 3922.796875], [-77.37807439640164, -9.463534047827125, 3923.27734375], [-77.37805956043303, -9.463522313162684, 3923.27734375], [-77.37801924347878, -9.463495155796409, 3924.2392578125], [-77.37799862399697, -9.463486690074205, 3924.2392578125], [-77.37798948772252, -9.46346933953464, 3925.20068359375], [-77.37796057015657, -9.463456934317946, 3926.16162109375], [-77.37794816493988, -9.463441427797079, 3926.16162109375], [-77.3778726439923, -9.46339507587254, 3927.123046875], [-77.37781874835491, -9.463363476097584, 3927.123046875], [-77.37775412388146, -9.463324332609773, 3927.123046875], [-77.37772545777261, -9.463299522176385, 3926.642578125], [-77.3777071852237, -9.463276471942663, 3926.642578125], [-77.37764935009181, -9.463244369253516, 3926.642578125], [-77.3776278924197, -9.46321520023048, 3926.16162109375], [-77.37762386910617, -9.463196424767375, 3925.68115234375], [-77.37758363597095, -9.463155772536993, 3925.68115234375], [-77.37757659517229, -9.463139176368713, 3925.68115234375], [-77.3775002360344, -9.46305988356471, 3926.642578125], [-77.3774563986808, -9.463002970442176, 3927.123046875], [-77.37742764875293, -9.462953265756369, 3927.603515625], [-77.3773895110935, -9.462913451716304, 3928.56494140625], [-77.37736193463206, -9.462872464209795, 3928.56494140625], [-77.37733796238899, -9.462812198325992, 3929.0458984375], [-77.3773287422955, -9.462788812816143, 3929.0458984375], [-77.37731549888849, -9.462730642408133, 3929.0458984375], [-77.37729957327247, -9.462686637416482, 3929.0458984375], [-77.37726327963173, -9.462635423988104, 3929.0458984375], [-77.3772372957319, -9.462617235258222, 3929.0458984375], [-77.37721215002239, -9.462584126740694, 3929.0458984375], [-77.37718851305544, -9.462560070678592, 3928.56494140625], [-77.37717459909618, -9.462532829493284, 3928.56494140625], [-77.37715900875628, -9.462520172819495, 3929.0458984375], [-77.37713377922773, -9.462485974654555, 3929.0458984375], [-77.37712229602039, -9.462438533082604, 3929.5263671875], [-77.37711617723107, -9.462332921102643, 3930.48779296875], [-77.37710729241371, -9.46229612454772, 3930.96826171875], [-77.37705557607114, -9.46212513372302, 3931.9296875], [-77.37701123580337, -9.462047684937716, 3933.85205078125], [-77.37700478173792, -9.462028238922358, 3934.3330078125], [-77.37699514254928, -9.462010469287634, 3935.2939453125], [-77.37698575481772, -9.461980378255248, 3935.77490234375], [-77.3769402410835, -9.461932517588139, 3936.25537109375], [-77.37693211063743, -9.461913742125034, 3936.25537109375], [-77.37687377259135, -9.461870156228542, 3936.736328125], [-77.37685759551823, -9.461844759061933, 3936.736328125], [-77.37678232602775, -9.461741242557764, 3935.2939453125], [-77.37674712203443, -9.461731938645244, 3935.77490234375], [-77.37672105431557, -9.461699584499002, 3935.2939453125], [-77.37670479342341, -9.461685586720705, 3935.2939453125], [-77.37665299326181, -9.461604952812195, 3935.2939453125], [-77.37664729356766, -9.461582656949759, 3935.2939453125], [-77.37663061358035, -9.461554577574134, 3934.8134765625], [-77.37661049701273, -9.46150990203023, 3933.85205078125], [-77.37657638266683, -9.461473105475307, 3933.85205078125], [-77.37654838711023, -9.46140680462122, 3934.8134765625], [-77.37652910873294, -9.461346622556448, 3936.25537109375], [-77.3764893785119, -9.461287530139089, 3937.697265625], [-77.37644688226283, -9.46120211854577, 3937.697265625], [-77.3764364887029, -9.461165070533752, 3938.17822265625], [-77.37641897052526, -9.461153587326407, 3938.17822265625], [-77.37634873017669, -9.461049232631922, 3938.65869140625], [-77.3763064853847, -9.460982345044613, 3939.1396484375], [-77.37626424059272, -9.460946805775166, 3940.1005859375], [-77.37621403299272, -9.460887210443616, 3941.06201171875], [-77.37616902217269, -9.460857203230262, 3941.54248046875], [-77.37613138742745, -9.460795847699046, 3942.984375], [-77.37610741518438, -9.460774222388864, 3943.94580078125], [-77.37608411349356, -9.460757123306394, 3945.86865234375], [-77.37606693059206, -9.460729714483023, 3947.791015625], [-77.37603206187487, -9.460703814402223, 3949.23291015625], [-77.37599794752896, -9.460661821067333, 3954.5205078125], [-77.37595771439373, -9.460633406415582, 3958.8466796875], [-77.37593323923647, -9.46058202534914, 3960.76904296875], [-77.37592066638172, -9.460572889074683, 3961.25], [-77.37592049874365, -9.460574146360159, 3961.73046875], [-77.3759282939136, -9.460574984550476, 3960.76904296875], [-77.37592862918973, -9.460580851882696, 3960.28857421875], [-77.37592787481844, -9.460586551576853, 3960.28857421875], [-77.37593340687454, -9.46058051660657, 3960.28857421875], [-77.37592921592295, -9.46058009751141, 3960.28857421875], [-77.37594002857804, -9.46058051660657, 3959.80810546875], [-77.37594002857804, -9.46058051660657, 3959.80810546875], [-77.3759436327964, -9.460589233785868, 3961.25], [-77.37593055702746, -9.460607003420591, 3963.17236328125], [-77.37593147903681, -9.460603566840291, 3962.21142578125], [-77.37593374215066, -9.460599459707737, 3962.21142578125], [-77.37592997029424, -9.460591580718756, 3962.21142578125], [-77.37593499943614, -9.460591161623597, 3961.25], [-77.37593114376068, -9.460599040612578, 3960.28857421875], [-77.37592896446586, -9.460597699508071, 3960.28857421875], [-77.37588755786419, -9.46056836284697, 3961.73046875], [-77.37582427449524, -9.460497871041298, 3962.69189453125], [-77.3757921718061, -9.46043693460524, 3962.69189453125], [-77.37576736137271, -9.460415728390217, 3962.69189453125], [-77.37574506551027, -9.460396533831954, 3963.17236328125], [-77.37569930031896, -9.460354959592223, 3965.09521484375], [-77.37565563060343, -9.460293017327785, 3966.05615234375], [-77.37560911104083, -9.460259741172194, 3966.537109375], [-77.3755863122642, -9.460217747837305, 3967.49853515625], [-77.37553912214935, -9.460163684561849, 3968.45947265625], [-77.37548422068357, -9.460080871358514, 3970.38232421875], [-77.37545538693666, -9.460055474191904, 3970.86279296875], [-77.37539486959577, -9.460031082853675, 3970.86279296875], [-77.375363772735, -9.45999076589942, 3970.38232421875], [-77.37534608691931, -9.45994826965034, 3970.38232421875], [-77.3753119725734, -9.459884567186236, 3970.86279296875], [-77.37531599588692, -9.45986369624734, 3971.34375], [-77.37527375109494, -9.459778955206275, 3972.78564453125], [-77.37520694732666, -9.459681222215295, 3972.78564453125], [-77.37515481188893, -9.459608551114798, 3972.78564453125], [-77.37511776387691, -9.459588350728154, 3973.26611328125], [-77.37511156126857, -9.459564881399274, 3972.78564453125], [-77.3751063644886, -9.45956714451313, 3972.78564453125], [-77.3750788718462, -9.459553817287087, 3972.3046875], [-77.37504718825221, -9.459523055702448, 3972.3046875], [-77.37495632842183, -9.45949480868876, 3972.3046875], [-77.37495632842183, -9.459471758455038, 3972.3046875], [-77.37496102228761, -9.459420209750533, 3972.78564453125], [-77.37494006752968, -9.459376623854041, 3973.26611328125], [-77.37490612082183, -9.459327170625329, 3974.7080078125], [-77.37489279359579, -9.459294397383928, 3975.66943359375], [-77.3748922906816, -9.459295151755214, 3975.18896484375], [-77.37483571283519, -9.45921971462667, 3975.66943359375], [-77.37478408031166, -9.459175122901797, 3975.66943359375], [-77.37475306726992, -9.459162801504135, 3975.66943359375], [-77.37472574226558, -9.459168752655387, 3976.14990234375], [-77.37472037784755, -9.45915861055255, 3976.14990234375], [-77.37466673366725, -9.45913027971983, 3976.630859375], [-77.37462943419814, -9.459103709086776, 3976.630859375], [-77.3744728602469, -9.458999941125512, 3979.0341796875], [-77.37445442005992, -9.458986530080438, 3980.95654296875], [-77.37445148639381, -9.458975968882442, 3980.47607421875], [-77.37441929988563, -9.458932802081108, 3980.47607421875], [-77.37440320663154, -9.458909835666418, 3980.95654296875], [-77.3743550106883, -9.45884051732719, 3982.3984375], [-77.3742876201868, -9.458805564790964, 3983.35986328125], [-77.37426892854273, -9.458789639174938, 3983.35986328125], [-77.37421276979148, -9.45875653065741, 3982.87939453125], [-77.3742312937975, -9.458591490983963, 3982.87939453125], [-77.37417496740818, -9.458370124921203, 3980.47607421875], [-77.37417706288397, -9.458352020010352, 3980.95654296875], [-77.37416088581085, -9.458310278132558, 3980.95654296875], [-77.37412325106561, -9.45826442912221, 3980.47607421875], [-77.37407262437046, -9.458203576505184, 3979.9951171875], [-77.37403306178749, -9.458115566521883, 3979.9951171875], [-77.37396952696145, -9.458118751645088, 3979.9951171875], [-77.37394530326128, -9.458123361691833, 3979.5146484375], [-77.37391772679985, -9.458131156861782, 3979.0341796875], [-77.37389702349901, -9.458130989223719, 3978.55322265625], [-77.37388118170202, -9.4580646045506, 3977.59228515625], [-77.37388235516846, -9.45798397064209, 3977.59228515625], [-77.37384430132806, -9.457967793568969, 3978.55322265625], [-77.37380842678249, -9.45798740722239, 3978.07275390625], [-77.37374296411872, -9.45799277164042, 3978.55322265625], [-77.3737127892673, -9.45789503864944, 3978.55322265625], [-77.37366509623826, -9.457876263186336, 3978.55322265625], [-77.37359083257616, -9.45784860290587, 3978.55322265625], [-77.37357876263559, -9.457848519086838, 3978.55322265625], [-77.37344356253743, -9.457740979269147, 3980.95654296875], [-77.37343618646264, -9.457731675356627, 3980.95654296875], [-77.37331473268569, -9.457671660929918, 3981.91796875], [-77.37315933220088, -9.457718599587679, 3980.95654296875], [-77.3731205239892, -9.457673002034426, 3979.9951171875], [-77.37305413931608, -9.457629332318902, 3979.5146484375], [-77.37294014543295, -9.457492204383016, 3979.5146484375], [-77.37294358201325, -9.457473931834102, 3979.0341796875], [-77.37293293699622, -9.457364045083523, 3977.111328125], [-77.37289287149906, -9.457336384803057, 3975.18896484375], [-77.37287510186434, -9.45733462460339, 3975.18896484375], [-77.3727891035378, -9.45729011669755, 3974.7080078125], [-77.37277544103563, -9.45727494545281, 3974.7080078125], [-77.37274610437453, -9.457238484174013, 3974.2275390625], [-77.37260587513447, -9.457140667364001, 3974.2275390625], [-77.37252683378756, -9.457120215520263, 3973.74658203125], [-77.37247997894883, -9.457096243277192, 3973.26611328125], [-77.37246070057154, -9.457068918272853, 3973.74658203125], [-77.37243069335818, -9.4570526573807, 3974.2275390625], [-77.37239850685, -9.4570336304605, 3974.2275390625], [-77.37234134227037, -9.456994906067848, 3974.7080078125], [-77.37220949493349, -9.456961210817099, 3974.2275390625], [-77.37205023877323, -9.456889294087887, 3974.7080078125], [-77.3719013761729, -9.456811929121614, 3976.630859375], [-77.37190028652549, -9.456790387630463, 3977.111328125], [-77.37188955768943, -9.456651667132974, 3977.59228515625], [-77.37188092432916, -9.45664563216269, 3977.59228515625], [-77.37184722907841, -9.456615541130304, 3978.55322265625], [-77.3718395177275, -9.456596514210105, 3979.0341796875], [-77.3718009609729, -9.456574888899922, 3979.5146484375], [-77.37173264846206, -9.456543624401093, 3979.9951171875], [-77.37162577919662, -9.456500625237823, 3980.95654296875], [-77.37147331237793, -9.45650297217071, 3982.87939453125], [-77.37140491604805, -9.456448825076222, 3982.87939453125], [-77.37124733626842, -9.456431893631816, 3982.87939453125], [-77.37106444314122, -9.456334495916963, 3981.91796875], [-77.37100283615291, -9.456299459561706, 3981.43701171875], [-77.37092111259699, -9.456252185627818, 3980.95654296875], [-77.37085791304708, -9.456214802339673, 3980.95654296875], [-77.37079890444875, -9.4561926741153, 3979.9951171875], [-77.37075841985643, -9.456152440980077, 3979.5146484375], [-77.37061207182705, -9.456082871183753, 3978.55322265625], [-77.37048919312656, -9.456017827615142, 3978.55322265625], [-77.37039078958333, -9.455946162343025, 3976.14990234375], [-77.37032222561538, -9.455908108502626, 3978.07275390625], [-77.37029230222106, -9.45589855313301, 3978.07275390625], [-77.37022994086146, -9.455864354968071, 3978.55322265625], [-77.37013354897499, -9.455853626132011, 3980.47607421875], [-77.37008593976498, -9.455849938094616, 3980.47607421875], [-77.37002064473927, -9.45582864806056, 3980.47607421875], [-77.36994017846882, -9.455826887860894, 3979.5146484375], [-77.36978352069855, -9.455737369135022, 3978.07275390625], [-77.36963365226984, -9.455627566203475, 3975.66943359375], [-77.36943927593529, -9.455531928688288, 3976.14990234375], [-77.36932176165283, -9.455475015565753, 3974.2275390625], [-77.36924573779106, -9.455465879291296, 3977.111328125], [-77.36921656876802, -9.455456994473934, 3979.9951171875], [-77.36917214468122, -9.45544559508562, 3981.43701171875], [-77.36909134313464, -9.455386586487293, 3985.28271484375], [-77.36894231289625, -9.455270832404494, 3983.84033203125], [-77.36883661709726, -9.455167651176453, 3984.3212890625], [-77.36879026517272, -9.455139236524701, 3983.84033203125], [-77.36877693794668, -9.455125909298658, 3983.84033203125], [-77.36874307505786, -9.455097829923034, 3983.84033203125], [-77.36872605979443, -9.455070840194821, 3983.84033203125], [-77.36865154467523, -9.455014262348413, 3985.76318359375], [-77.36860251054168, -9.454964892938733, 3986.724609375], [-77.36858624964952, -9.454946452751756, 3986.24365234375], [-77.368492372334, -9.454880990087986, 3987.685546875], [-77.36847946420312, -9.454862549901009, 3987.685546875], [-77.36834208481014, -9.454743023961782, 3991.53125], [-77.36832054331899, -9.454719051718712, 3992.01220703125], [-77.36825122497976, -9.454652080312371, 3991.05078125], [-77.36819682642817, -9.454604974016547, 3991.53125], [-77.36818618141115, -9.454590808600187, 3991.53125], [-77.3681678250432, -9.454570105299354, 3992.01220703125], [-77.36815122887492, -9.454567758366466, 3992.9736328125], [-77.36805517226458, -9.45449324324727, 3995.857421875], [-77.36799968406558, -9.454458374530077, 3995.857421875], [-77.3678689263761, -9.454421494156122, 3996.337890625], [-77.36785258166492, -9.45441604591906, 3995.857421875], [-77.3677140288055, -9.454390984028578, 3995.37646484375], [-77.36760883592069, -9.454351924359798, 3996.337890625], [-77.36754789948463, -9.454316049814224, 3999.70263671875], [-77.36745871603489, -9.454249832779169, 4000.6640625], [-77.36744564026594, -9.454240445047617, 4000.18310546875], [-77.36743524670601, -9.454225273802876, 4000.18310546875], [-77.36735679209232, -9.454182861372828, 4000.6640625], [-77.3673477396369, -9.454169198870659, 4000.18310546875], [-77.36725478433073, -9.454138772562146, 3999.2216796875], [-77.36717347986996, -9.454100131988525, 3999.70263671875], [-77.36709452234209, -9.454040620476007, 4000.6640625], [-77.36702922731638, -9.453996028751135, 4000.18310546875], [-77.36693618819118, -9.453919501975179, 3998.2607421875], [-77.36692227423191, -9.453913550823927, 3997.77978515625], [-77.36686318181455, -9.453840292990208, 3996.337890625], [-77.36675983294845, -9.453759826719761, 3995.857421875], [-77.36673753708601, -9.45372462272644, 3995.857421875], [-77.36664357595146, -9.453609203919768, 3996.818359375], [-77.36660409718752, -9.453523373231292, 3996.818359375], [-77.36659311689436, -9.453512895852327, 3997.29931640625], [-77.36647258512676, -9.453436955809593, 3998.2607421875], [-77.3664650414139, -9.453431842848659, 3998.2607421875], [-77.36642044968903, -9.453401751816273, 3998.2607421875], [-77.36639404669404, -9.453393621370196, 3998.2607421875], [-77.36637317575514, -9.453384317457676, 3998.2607421875], [-77.36635490320623, -9.453371744602919, 3998.7412109375], [-77.36633570864797, -9.453368140384555, 3998.2607421875], [-77.36632246524096, -9.453354645520449, 3998.2607421875], [-77.36622741445899, -9.45326236076653, 3997.77978515625], [-77.36621534451842, -9.453247105702758, 3997.77978515625], [-77.36615432426333, -9.45314216427505, 3997.29931640625], [-77.36614912748337, -9.453133614733815, 3997.77978515625], [-77.36613948829472, -9.45309380069375, 3997.29931640625], [-77.36611568368971, -9.453063625842333, 3997.29931640625], [-77.36607260070741, -9.452982908114791, 3995.37646484375], [-77.3660508915782, -9.452958516776562, 3994.41552734375], [-77.36601250246167, -9.4529427587986, 3993.4541015625], [-77.36597327515483, -9.452906800433993, 3992.49267578125], [-77.36595332622528, -9.452901603654027, 3992.49267578125], [-77.36592264845967, -9.452880145981908, 3992.01220703125], [-77.36589808948338, -9.452861538156867, 3991.53125], [-77.36587453633547, -9.452839996665716, 3991.05078125], [-77.3657794855535, -9.452789621427655, 3989.60888671875], [-77.36566113308072, -9.45270387455821, 3988.6474609375], [-77.36559969373047, -9.452648889273405, 3989.1279296875], [-77.36554596573114, -9.45262810215354, 3989.1279296875], [-77.36551319248974, -9.452599184587598, 3989.1279296875], [-77.36545778810978, -9.452550318092108, 3988.6474609375], [-77.3654393479228, -9.452541014179587, 3988.6474609375], [-77.36541780643165, -9.452520897611976, 3988.1669921875], [-77.36538168042898, -9.452500948682427, 3988.1669921875], [-77.36534664407372, -9.45246976800263, 3987.685546875], [-77.36533398739994, -9.452453926205635, 3987.685546875], [-77.36528805457056, -9.452432971447706, 3988.1669921875], [-77.365254862234, -9.452403131872416, 3988.1669921875], [-77.36514723859727, -9.452319564297795, 3988.1669921875], [-77.3651267029345, -9.452294753864408, 3988.6474609375], [-77.36506492830813, -9.45222551934421, 3988.6474609375], [-77.36504849977791, -9.452211689203978, 3988.6474609375], [-77.36493467353284, -9.452129546552896, 3990.5703125], [-77.36488798633218, -9.452112196013331, 3991.05078125], [-77.36477734521031, -9.452063748613, 3991.53125], [-77.36473669297993, -9.452035333961248, 3992.01220703125], [-77.3647141456604, -9.45201588794589, 3992.01220703125], [-77.36468623392284, -9.451989317312837, 3992.49267578125], [-77.3646607529372, -9.451969368383288, 3992.49267578125], [-77.36458690837026, -9.45186534896493, 3993.9345703125], [-77.36457265913486, -9.45186291821301, 3995.37646484375], [-77.36450359225273, -9.451836766675115, 3998.2607421875], [-77.36445128917694, -9.451813213527203, 3999.2216796875], [-77.36442689783871, -9.451808938756585, 4000.18310546875], [-77.3643185198307, -9.451752277091146, 4000.18310546875], [-77.36425288952887, -9.451752193272114, 4002.58642578125], [-77.36421584151685, -9.451727215200663, 4003.5478515625], [-77.36417150124907, -9.451685808598995, 4004.0283203125], [-77.36416345462203, -9.45167968980968, 4004.5087890625], [-77.36414467915893, -9.451673068106174, 4004.5087890625], [-77.36405331641436, -9.451607186347246, 4005.47021484375], [-77.36388676799834, -9.451626213267446, 4004.98974609375], [-77.36386707052588, -9.451628644019365, 4004.98974609375], [-77.36375366337597, -9.451605677604675, 4005.951171875], [-77.36373446881771, -9.45159712806344, 4005.951171875], [-77.3636540863663, -9.451566031202674, 4007.39306640625], [-77.36358795315027, -9.451514650136232, 4007.87353515625], [-77.36355040222406, -9.451497048139572, 4008.3544921875], [-77.36353497952223, -9.451480703428388, 4008.8349609375], [-77.36346574500203, -9.45145002566278, 4010.27685546875], [-77.36339391209185, -9.451428232714534, 4009.79638671875], [-77.36337144859135, -9.451411636546254, 4009.3154296875], [-77.36332995817065, -9.45140358991921, 4009.3154296875], [-77.36325108446181, -9.451373415067792, 4009.3154296875], [-77.36319316551089, -9.451343826949596, 4007.87353515625], [-77.36310607753694, -9.451337540522218, 4010.27685546875], [-77.3630546964705, -9.451350113376975, 4010.27685546875], [-77.36302971839905, -9.451355477795005, 4010.27685546875], [-77.3630132060498, -9.451366541907191, 4009.79638671875], [-77.36293835565448, -9.451376851648092, 4008.8349609375], [-77.36291002482176, -9.451389675959945, 4009.3154296875], [-77.36286191269755, -9.451371235772967, 4008.8349609375], [-77.36282612197101, -9.451379869133234, 4008.8349609375], [-77.3627769201994, -9.451402835547924, 4009.79638671875], [-77.36276300624013, -9.451416581869125, 4010.27685546875], [-77.36266284249723, -9.451466705650091, 4009.79638671875], [-77.36261707730591, -9.451485816389322, 4010.75732421875], [-77.36253309063613, -9.451434267684817, 4011.23828125], [-77.3624901752919, -9.45142806507647, 4010.75732421875], [-77.36247492022812, -9.451418342068791, 4010.27685546875], [-77.36244055442512, -9.451355561614037, 4009.3154296875], [-77.36239395104349, -9.451350951567292, 4008.3544921875], [-77.36236587166786, -9.451353130862117, 4008.3544921875], [-77.36233158968389, -9.451295798644423, 4009.79638671875], [-77.36229269765317, -9.451230419799685, 4009.3154296875], [-77.36227350309491, -9.451202675700188, 4008.3544921875], [-77.36219689249992, -9.451177194714546, 4009.79638671875], [-77.36219907179475, -9.451171411201358, 4009.79638671875], [-77.36219873651862, -9.451147355139256, 4010.27685546875], [-77.36216428689659, -9.451074348762631, 4010.75732421875], [-77.36215422861278, -9.451026320457458, 4011.23828125], [-77.36213134601712, -9.450935628265142, 4012.19921875], [-77.36214182339609, -9.450917858630419, 4012.19921875], [-77.36214182339609, -9.450917858630419, 4012.19921875], [-77.36216663382947, -9.45099949836731, 4012.68017578125], [-77.36213863827288, -9.451044341549277, 4011.23828125], [-77.36209563910961, -9.451048197224736, 4010.27685546875], [-77.36200754530728, -9.450977118685842, 4007.87353515625], [-77.36193864606321, -9.450982231646776, 4007.87353515625], [-77.361946022138, -9.450963204726577, 4007.87353515625], [-77.36191811040044, -9.45088374428451, 4011.23828125], [-77.3619098123163, -9.450885085389018, 4011.23828125], [-77.36187988892198, -9.45087930187583, 4011.71875], [-77.36179389059544, -9.450811827555299, 4014.1220703125], [-77.36179556697607, -9.450788106769323, 4016.044921875], [-77.36177251674235, -9.450803026556969, 4018.9287109375], [-77.36175499856472, -9.450810989364982, 4019.4091796875], [-77.36171627417207, -9.450781987980008, 4021.81298828125], [-77.3617129214108, -9.450765056535602, 4023.2548828125], [-77.3617229796946, -9.450711328536272, 4023.73583984375], [-77.36170898191631, -9.450586019083858, 4024.69677734375], [-77.36168995499611, -9.450560873374343, 4024.69677734375], [-77.36166497692466, -9.450432127341628, 4026.138671875], [-77.36164779402316, -9.45037798024714, 4026.61962890625], [-77.36154712736607, -9.450309416279197, 4027.10009765625], [-77.36154201440513, -9.45030371658504, 4027.10009765625], [-77.3615295253694, -9.450235655531287, 4029.02294921875], [-77.361502032727, -9.450213192030787, 4030.46484375], [-77.3614658229053, -9.450158290565014, 4031.42626953125], [-77.36144562251866, -9.450099114328623, 4031.90673828125], [-77.36143321730196, -9.45005158893764, 4032.38720703125], [-77.36139491200447, -9.450017558410764, 4031.42626953125], [-77.36135459505022, -9.449992580339313, 4032.38720703125], [-77.36135090701282, -9.449980594217777, 4032.8681640625], [-77.36127169802785, -9.449938265606761, 4032.38720703125], [-77.36121327616274, -9.449870875105262, 4032.8681640625], [-77.3611793294549, -9.449858888983727, 4032.8681640625], [-77.36103977076709, -9.449802814051509, 4030.46484375], [-77.36094882711768, -9.449780769646168, 4029.98388671875], [-77.36089987680316, -9.449761155992746, 4029.98388671875], [-77.36086869612336, -9.449743386358023, 4029.50341796875], [-77.36071849241853, -9.449699465185404, 4028.0615234375], [-77.36061866395175, -9.449665015563369, 4028.5419921875], [-77.36059854738414, -9.44966459646821, 4028.5419921875], [-77.36056233756244, -9.449659483507276, 4028.5419921875], [-77.36047005280852, -9.449668871238828, 4027.58056640625], [-77.36040987074375, -9.449678845703602, 4027.10009765625], [-77.36026704311371, -9.449631739407778, 4028.0615234375], [-77.3601864092052, -9.449586141854525, 4029.50341796875], [-77.36017190851271, -9.44958153180778, 4029.50341796875], [-77.36010351218283, -9.449565187096596, 4030.46484375], [-77.35995749942958, -9.449533000588417, 4030.46484375], [-77.35979069955647, -9.449492432177067, 4028.0615234375], [-77.359733954072, -9.44945840165019, 4028.0615234375], [-77.35965927131474, -9.449419928714633, 4028.5419921875], [-77.35954888164997, -9.449398554861546, 4029.50341796875], [-77.35950118862092, -9.449375923722982, 4030.46484375], [-77.35948769375682, -9.449364356696606, 4030.46484375], [-77.35945802181959, -9.449356058612466, 4030.9453125], [-77.35941611230373, -9.449337450787425, 4031.90673828125], [-77.3594263382256, -9.449342228472233, 4032.38720703125], [-77.35943798907101, -9.449353544041514, 4035.751953125], [-77.35942114144564, -9.449345581233501, 4035.751953125], [-77.35937202349305, -9.449308197945356, 4035.751953125], [-77.35920455306768, -9.449203927069902, 4036.71337890625], [-77.35912542790174, -9.449116587638855, 4037.67431640625], [-77.35903934575617, -9.448992032557726, 4037.67431640625], [-77.35902861692011, -9.448974933475256, 4038.1552734375], [-77.35892619006336, -9.44889698177576, 4038.6357421875], [-77.35889928415418, -9.44882171228528, 4040.07763671875], [-77.35882124863565, -9.448767062276602, 4040.55859375], [-77.35880540683866, -9.448732109740376, 4040.55859375], [-77.3587650898844, -9.448667401447892, 4040.07763671875], [-77.35874203965068, -9.448607303202152, 4040.07763671875], [-77.35864967107773, -9.448514934629202, 4041.0390625], [-77.35855277627707, -9.448441592976451, 4040.55859375], [-77.35846166498959, -9.448336651548743, 4040.07763671875], [-77.35845680348575, -9.448327599093318, 4040.07763671875], [-77.35844330862164, -9.448312008753419, 4040.07763671875], [-77.35843274742365, -9.448290299624205, 4039.59716796875], [-77.35841020010412, -9.448270434513688, 4039.11669921875], [-77.35839544795454, -9.448247887194157, 4039.11669921875], [-77.35832059755921, -9.44817672483623, 4039.59716796875], [-77.35828966833651, -9.44812785834074, 4039.59716796875], [-77.35826695337892, -9.448109082877636, 4039.59716796875], [-77.35824130475521, -9.448067760095, 4039.59716796875], [-77.35814281739295, -9.4479675963521, 4039.59716796875], [-77.3581104632467, -9.447913700714707, 4039.59716796875], [-77.35811037942767, -9.447893500328064, 4039.59716796875], [-77.35802035778761, -9.447752516716719, 4039.59716796875], [-77.35800401307642, -9.447713876143098, 4040.07763671875], [-77.35799789428711, -9.447685293853283, 4040.55859375], [-77.35798322595656, -9.44766073487699, 4041.0390625], [-77.35796579159796, -9.44761429913342, 4041.51953125], [-77.35791960731149, -9.44757129997015, 4041.51953125], [-77.35789932310581, -9.447549087926745, 4041.0390625], [-77.35788716934621, -9.447522098198533, 4041.0390625], [-77.35780620016158, -9.44742126390338, 4041.51953125], [-77.35774685628712, -9.447381952777505, 4042.00048828125], [-77.3577222134918, -9.447362339124084, 4042.00048828125], [-77.35770327039063, -9.447355633601546, 4042.00048828125], [-77.35761190764606, -9.447282208129764, 4042.00048828125], [-77.35757838003337, -9.44722630083561, 4042.48095703125], [-77.35749715939164, -9.447133345529437, 4043.4423828125], [-77.35741392709315, -9.44701474159956, 4044.88427734375], [-77.35739791765809, -9.446974257007241, 4044.88427734375], [-77.35735106281936, -9.446898568421602, 4044.88427734375], [-77.35734779387712, -9.446879709139466, 4044.40380859375], [-77.35726615414023, -9.446787592023611, 4042.96142578125], [-77.35722600482404, -9.446668652817607, 4043.4423828125], [-77.35719398595393, -9.446617774665356, 4044.40380859375], [-77.35719976946712, -9.446568572893739, 4044.40380859375], [-77.35720102675259, -9.446565890684724, 4044.40380859375], [-77.35718669369817, -9.446497075259686, 4044.40380859375], [-77.35719029791653, -9.446455165743828, 4045.845703125], [-77.35718116164207, -9.44642591290176, 4047.76806640625], [-77.35712952911854, -9.4463512301445, 4047.76806640625], [-77.35708921216428, -9.446306135505438, 4049.69091796875], [-77.35705593600869, -9.446262046694756, 4050.17138671875], [-77.35702835954726, -9.446227932348847, 4050.17138671875], [-77.3569882940501, -9.446169259026647, 4051.1328125], [-77.35697940923274, -9.446162050589919, 4051.61328125], [-77.35692031681538, -9.44610295817256, 4054.01708984375], [-77.35691662877798, -9.446064988151193, 4055.93994140625], [-77.35693951137364, -9.44598670117557, 4056.42041015625], [-77.35693758353591, -9.445892320945859, 4056.42041015625], [-77.35691260546446, -9.445835826918483, 4056.90087890625], [-77.3568984400481, -9.445821745321155, 4056.90087890625], [-77.356892907992, -9.44580246694386, 4057.3818359375], [-77.35688352026045, -9.445787044242024, 4057.3818359375], [-77.35685996711254, -9.445746140554547, 4057.8623046875], [-77.35683917999268, -9.445711774751544, 4057.8623046875], [-77.35680255107582, -9.445670619606972, 4057.8623046875], [-77.35671378672123, -9.44557473063469, 4057.3818359375], [-77.35670548863709, -9.445558385923505, 4057.3818359375], [-77.35669962130487, -9.445499125868082, 4058.3427734375], [-77.35669199377298, -9.445455959066749, 4059.30419921875], [-77.35664337873459, -9.44543014280498, 4059.78515625], [-77.35657515004277, -9.44536954164505, 4060.265625], [-77.35649451613426, -9.445335762575269, 4059.78515625], [-77.35646970570087, -9.44536023773253, 4060.74609375], [-77.35643978230655, -9.445272898301482, 4056.42041015625], [-77.3564232699573, -9.445221349596977, 4056.42041015625], [-77.35640382394195, -9.445212800055742, 4056.42041015625], [-77.35637364909053, -9.445186648517847, 4055.93994140625], [-77.35630441457033, -9.445165609940886, 4054.978515625], [-77.3562884889543, -9.445154126733541, 4054.978515625], [-77.35625563189387, -9.445147337391973, 4054.978515625], [-77.35618622973561, -9.445118922740221, 4054.498046875], [-77.35616644844413, -9.445089166983962, 4054.01708984375], [-77.35607156530023, -9.44502454251051, 4055.458984375], [-77.35597282648087, -9.444919433444738, 4054.978515625], [-77.35590753145516, -9.444847097620368, 4054.978515625], [-77.35577719286084, -9.444697480648756, 4055.458984375], [-77.35573695972562, -9.444655403494835, 4056.42041015625], [-77.35565615817904, -9.44452615454793, 4057.3818359375], [-77.35561416484416, -9.444480389356613, 4056.90087890625], [-77.35558650456369, -9.444421548396349, 4056.90087890625], [-77.35558533109725, -9.4444015994668, 4056.90087890625], [-77.35554333776236, -9.444327000528574, 4057.3818359375], [-77.35552305355668, -9.444320546463132, 4057.3818359375], [-77.35545977018774, -9.444254916161299, 4058.3427734375], [-77.35543697141111, -9.44424175657332, 4058.82373046875], [-77.35536882653832, -9.444179981946945, 4059.78515625], [-77.35531124286354, -9.444105550646782, 4060.74609375], [-77.35530101694167, -9.444091049954295, 4061.22705078125], [-77.35526044853032, -9.443998346105218, 4062.6689453125], [-77.35521174967289, -9.443928189575672, 4062.6689453125], [-77.35519289039075, -9.443909414112568, 4063.1494140625], [-77.35517302528024, -9.443885777145624, 4063.63037109375], [-77.35515525564551, -9.443878317251801, 4063.63037109375], [-77.3551441077143, -9.44386214017868, 4064.11083984375], [-77.3551076464355, -9.44379516877234, 4064.11083984375], [-77.3550574388355, -9.44372283294797, 4063.1494140625], [-77.35498099587858, -9.4436280336231, 4064.59130859375], [-77.35497429035604, -9.443614622578025, 4064.59130859375], [-77.35495601780713, -9.443555194884539, 4065.552734375], [-77.35493799671531, -9.443447906523943, 4067.4755859375], [-77.3548660799861, -9.443407421931624, 4067.4755859375], [-77.35481821931899, -9.443358974531293, 4069.39794921875], [-77.35479801893234, -9.443340199068189, 4069.87890625], [-77.35479416325688, -9.44331874139607, 4070.359375], [-77.35472928732634, -9.443251015618443, 4070.359375], [-77.35466809943318, -9.443169794976711, 4073.2431640625], [-77.35464010387659, -9.443118330091238, 4074.20458984375], [-77.35460984520614, -9.443030068650842, 4075.166015625], [-77.35459618270397, -9.442977011203766, 4076.60791015625], [-77.35459090210497, -9.442909201607108, 4077.5693359375], [-77.3545706178993, -9.442851701751351, 4079.49169921875], [-77.35457522794604, -9.442842984572053, 4079.49169921875], [-77.35457967035472, -9.44284482859075, 4079.49169921875], [-77.35458076000214, -9.442844744771719, 4079.49169921875], [-77.35457522794604, -9.442850444465876, 4079.01123046875], [-77.35458428040147, -9.442843571305275, 4078.0498046875], [-77.35458419658244, -9.442843236029148, 4079.49169921875], [-77.35458369366825, -9.442842397838831, 4079.49169921875], [-77.35458537004888, -9.442841224372387, 4079.49169921875], [-77.35459106974304, -9.442839128896594, 4079.49169921875], [-77.3545827716589, -9.442838206887245, 4081.89501953125], [-77.3545827716589, -9.442838206887245, 4081.89501953125], [-77.3545756470412, -9.442822197452188, 4081.4140625], [-77.35457304865122, -9.442818509414792, 4081.4140625], [-77.35456994734704, -9.442820688709617, 4081.4140625], [-77.35456919297576, -9.442821275442839, 4081.4140625], [-77.35456818714738, -9.442821945995092, 4081.4140625], [-77.35456525348127, -9.442824879661202, 4082.8564453125], [-77.35456391237676, -9.442827058956027, 4083.3369140625], [-77.35454890877008, -9.442829322069883, 4082.8564453125], [-77.35454672947526, -9.44282278418541, 4080.93359375], [-77.35454396344721, -9.442800907418132, 4080.93359375], [-77.35459400340915, -9.442704431712627, 4080.93359375], [-77.35463339835405, -9.442606782540679, 4079.01123046875], [-77.35464521683753, -9.442534614354372, 4079.01123046875], [-77.3546467255801, -9.442531513050199, 4079.01123046875], [-77.35463658347726, -9.442478036507964, 4078.5302734375], [-77.35461856238544, -9.442415675148368, 4079.97216796875], [-77.35461998730898, -9.442395558580756, 4080.453125], [-77.35458369366825, -9.442330934107304, 4081.4140625], [-77.35456324182451, -9.44224577397108, 4083.3369140625], [-77.35454563982785, -9.442200679332018, 4083.3369140625], [-77.35453935340047, -9.442171677947044, 4082.8564453125], [-77.35452158376575, -9.442117614671588, 4083.3369140625], [-77.35448294319212, -9.442043518647552, 4085.74072265625], [-77.3544495832175, -9.442000184208155, 4086.7021484375], [-77.35443969257176, -9.441984510049224, 4087.1826171875], [-77.35443105921149, -9.441907899454236, 4089.5859375], [-77.35441563650966, -9.441881915554404, 4088.62451171875], [-77.35439811833203, -9.441856099292636, 4088.14404296875], [-77.35437984578311, -9.441808657720685, 4091.02783203125], [-77.3543631657958, -9.441764065995812, 4090.06640625], [-77.35434589907527, -9.441734226420522, 4091.02783203125], [-77.354331985116, -9.441675385460258, 4091.9892578125], [-77.35430407337844, -9.441628279164433, 4091.9892578125], [-77.3542669415474, -9.441585363820195, 4092.95068359375], [-77.354228887707, -9.441537838429213, 4095.353515625], [-77.3541926778853, -9.441500622779131, 4098.71826171875], [-77.35417549498379, -9.441489391028881, 4098.71826171875], [-77.35414121299982, -9.441469945013523, 4100.16015625], [-77.35410198569298, -9.44144295528531, 4101.60205078125], [-77.35405429266393, -9.441413367167115, 4102.5634765625], [-77.35403216443956, -9.441400459036231, 4102.5634765625], [-77.35399452969432, -9.441345389932394, 4104.00537109375], [-77.35396846197546, -9.441303564235568, 4106.40869140625], [-77.35388841480017, -9.441236425191164, 4106.88916015625], [-77.35384390689433, -9.441143302246928, 4106.88916015625], [-77.35383099876344, -9.44112335331738, 4106.40869140625], [-77.35379763878882, -9.441082365810871, 4105.92822265625], [-77.3537275660783, -9.441006928682327, 4105.92822265625], [-77.35371415503323, -9.440984632819891, 4105.92822265625], [-77.35363394021988, -9.440918499603868, 4107.8505859375], [-77.35360929742455, -9.44088974967599, 4108.81201171875], [-77.3536107223481, -9.44086586125195, 4109.29248046875], [-77.35360619612038, -9.440799141302705, 4111.21533203125], [-77.35359085723758, -9.440757650882006, 4113.1376953125], [-77.35358859412372, -9.44073242135346, 4113.61865234375], [-77.3535652924329, -9.440694116055965, 4115.060546875], [-77.3535634484142, -9.440669054165483, 4115.060546875], [-77.35354400239885, -9.440628737211227, 4114.09912109375], [-77.35354207456112, -9.440602166578174, 4115.060546875], [-77.3535375483334, -9.440592946484685, 4115.541015625], [-77.35354919917881, -9.440561011433601, 4115.060546875], [-77.35355850309134, -9.440536284819245, 4115.060546875], [-77.35356118530035, -9.440525639802217, 4114.57958984375], [-77.3535621073097, -9.440508373081684, 4115.060546875], [-77.35355389304459, -9.440442323684692, 4116.9833984375], [-77.3535520490259, -9.440405694767833, 4116.9833984375], [-77.353554982692, -9.440361270681024, 4118.42529296875], [-77.35356311313808, -9.44033763371408, 4117.46435546875], [-77.35356202349067, -9.440326234325767, 4117.46435546875], [-77.35355297103524, -9.440289018675685, 4117.46435546875], [-77.35354517586529, -9.44026479497552, 4117.46435546875], [-77.35354274511337, -9.440212910994887, 4117.94482421875], [-77.35354500822723, -9.440204193815589, 4117.94482421875], [-77.35350888222456, -9.440134037286043, 4120.34814453125], [-77.35351575538516, -9.440100342035294, 4121.7900390625], [-77.35350636765361, -9.44008114747703, 4123.712890625], [-77.3534963093698, -9.440042842179537, 4124.673828125], [-77.35349413007498, -9.440034879371524, 4125.15478515625], [-77.35349941067398, -9.440011493861675, 4126.11572265625], [-77.3535103071481, -9.439993388950825, 4127.0771484375], [-77.35351357609034, -9.439941169694066, 4128.03857421875], [-77.35351642593741, -9.439883334562182, 4129.48046875], [-77.35350586473942, -9.439864726737142, 4129.48046875], [-77.35350209288299, -9.439824745059013, 4130.44189453125], [-77.3534997459501, -9.43981871008873, 4130.44189453125], [-77.35347552224994, -9.439779063686728, 4131.4033203125], [-77.35347149893641, -9.439755594357848, 4131.8837890625], [-77.35346294939518, -9.439706560224295, 4133.32568359375], [-77.35346705652773, -9.439677642658353, 4133.32568359375], [-77.35346152447164, -9.439657526090741, 4134.287109375], [-77.35345842316747, -9.439613856375217, 4135.248046875], [-77.35347610898316, -9.439571863040328, 4135.248046875], [-77.3534875921905, -9.439512602984905, 4137.1708984375], [-77.35349245369434, -9.439467089250684, 4138.61279296875], [-77.35348650254309, -9.43944831378758, 4138.61279296875], [-77.35345121473074, -9.439380001276731, 4140.0546875], [-77.35344048589468, -9.439353765919805, 4140.0546875], [-77.35341894440353, -9.439271120354533, 4141.01611328125], [-77.35339991748333, -9.439164670184255, 4141.49658203125], [-77.35338030382991, -9.439108008518815, 4142.4580078125], [-77.35337929800153, -9.439085125923157, 4142.9384765625], [-77.35335079953074, -9.438940035179257, 4144.380859375], [-77.35333780758083, -9.438908100128174, 4144.861328125], [-77.35332624055445, -9.438825957477093, 4146.7841796875], [-77.35331987030804, -9.438758986070752, 4146.7841796875], [-77.35331693664193, -9.438741467893124, 4146.30322265625], [-77.35332137905061, -9.438716070726514, 4146.30322265625], [-77.35331936739385, -9.438648596405983, 4146.7841796875], [-77.35330453142524, -9.43860593251884, 4147.2646484375], [-77.35327988862991, -9.438555054366589, 4147.2646484375], [-77.35324895940721, -9.43848866969347, 4149.1875], [-77.35321777872741, -9.438422871753573, 4150.14892578125], [-77.35318031162024, -9.438369981944561, 4149.66845703125], [-77.35316891223192, -9.438357912003994, 4149.1875], [-77.35316840931773, -9.43835481069982, 4149.1875], [-77.35316958278418, -9.438318014144897, 4148.70703125], [-77.35316379927099, -9.438273254781961, 4150.14892578125], [-77.35314535908401, -9.438232518732548, 4152.07177734375], [-77.35313697718084, -9.438193123787642, 4153.994140625], [-77.35311082564294, -9.438180215656757, 4155.43603515625], [-77.3530800640583, -9.438152220100164, 4156.3974609375], [-77.35308517701924, -9.438144592568278, 4155.9169921875], [-77.35309028998017, -9.438156327232718, 4154.95556640625], [-77.35309028998017, -9.438156327232718, 4154.95556640625], [-77.35310378484428, -9.438125062733889, 4155.9169921875], [-77.3531130887568, -9.43797368556261, 4157.35888671875], [-77.35311174765229, -9.437945103272796, 4156.8779296875], [-77.35311065800488, -9.437793977558613, 4156.8779296875], [-77.35311577096581, -9.437749637290835, 4156.8779296875], [-77.35312608070672, -9.437729101628065, 4156.8779296875], [-77.35312222503126, -9.437602199614048, 4158.31982421875], [-77.35312993638217, -9.437553584575653, 4158.80078125], [-77.35317486338317, -9.437471693381667, 4156.8779296875], [-77.35316815786064, -9.437439925968647, 4156.3974609375], [-77.35318399965763, -9.437307910993695, 4155.9169921875], [-77.35320461913943, -9.437223002314568, 4156.8779296875], [-77.3532010987401, -9.43719869479537, 4157.35888671875], [-77.35320704989135, -9.437180925160646, 4157.83935546875], [-77.35322901047766, -9.437079168856144, 4159.28125], [-77.35326463356614, -9.436972886323929, 4161.6845703125], [-77.35327385365963, -9.436951680108905, 4162.16552734375], [-77.35326999798417, -9.436853947117925, 4162.64599609375], [-77.35328575596213, -9.43680927157402, 4163.12646484375], [-77.3533083871007, -9.436775743961334, 4162.64599609375], [-77.35331593081355, -9.436711622402072, 4162.64599609375], [-77.35331492498517, -9.436601148918271, 4162.16552734375], [-77.35332649201155, -9.436559658497572, 4162.64599609375], [-77.353322384879, -9.43650383502245, 4163.12646484375], [-77.35333068296313, -9.436467289924622, 4163.12646484375], [-77.35329899936914, -9.436392355710268, 4162.64599609375], [-77.35329086892307, -9.436293113976717, 4162.64599609375], [-77.35329690389335, -9.436187418177724, 4163.607421875], [-77.35330159775913, -9.436135785654187, 4164.087890625], [-77.35330805182457, -9.436127990484238, 4164.087890625], [-77.35334468074143, -9.436038555577397, 4165.04931640625], [-77.3533546552062, -9.436024306342006, 4165.52978515625], [-77.35336923971772, -9.435991197824478, 4166.01025390625], [-77.3533549066633, -9.435954904183745, 4166.01025390625], [-77.3533741850406, -9.435843424871564, 4165.52978515625], [-77.35341156832874, -9.435798916965723, 4165.04931640625], [-77.35344065353274, -9.435747284442186, 4165.04931640625], [-77.35344802960753, -9.43565902300179, 4165.52978515625], [-77.353475689888, -9.435551315546036, 4167.45263671875], [-77.35347879119217, -9.435536731034517, 4167.45263671875], [-77.35349773429334, -9.435480404645205, 4167.45263671875], [-77.35353453084826, -9.435411086305976, 4168.89453125], [-77.35354819335043, -9.435354759916663, 4169.375], [-77.35355833545327, -9.435319053009152, 4169.375], [-77.35357367433608, -9.435232048854232, 4169.375], [-77.3535795416683, -9.435211010277271, 4168.89453125], [-77.35358515754342, -9.435129705816507, 4169.85595703125], [-77.35358842648566, -9.435096010565758, 4168.89453125], [-77.35361239872873, -9.435048401355743, 4168.89453125], [-77.35366746783257, -9.434927450492978, 4168.41357421875], [-77.35369697213173, -9.434852097183466, 4168.89453125], [-77.3537122271955, -9.434767356142402, 4170.33642578125], [-77.35371348448098, -9.434750424697995, 4170.81689453125], [-77.3537138197571, -9.434692338109016, 4170.33642578125], [-77.35371490940452, -9.43468026816845, 4169.85595703125], [-77.35369739122689, -9.434625785797834, 4170.33642578125], [-77.3536881711334, -9.434552695602179, 4171.2978515625], [-77.35367459245026, -9.434455716982484, 4171.7783203125], [-77.35365975648165, -9.434422021731734, 4172.2587890625], [-77.3536329343915, -9.43433384411037, 4172.2587890625], [-77.35362513922155, -9.43424642086029, 4172.2587890625], [-77.35361466184258, -9.434227645397186, 4172.2587890625], [-77.35356152057648, -9.434149777516723, 4172.2587890625], [-77.35355347394943, -9.434122536331415, 4172.73974609375], [-77.35353570431471, -9.434016169980168, 4172.73974609375], [-77.35352120362222, -9.433990102261305, 4173.70068359375], [-77.35348172485828, -9.433922292664647, 4174.662109375], [-77.3534497898072, -9.433839563280344, 4176.10400390625], [-77.35339572653174, -9.433761863037944, 4177.54638671875], [-77.3533580917865, -9.433705871924758, 4178.50732421875], [-77.35331693664193, -9.433635380119085, 4178.02685546875], [-77.35325876623392, -9.433545358479023, 4178.02685546875], [-77.35321803018451, -9.43346413783729, 4178.50732421875], [-77.35321383923292, -9.433457516133785, 4178.50732421875], [-77.35315206460655, -9.433357184752822, 4178.50732421875], [-77.3531041201204, -9.433313012123108, 4179.94921875], [-77.35308098606765, -9.433274706825614, 4178.98828125], [-77.35303966328502, -9.433211758732796, 4178.98828125], [-77.35300010070205, -9.43313766270876, 4178.98828125], [-77.35297068022192, -9.43309810012579, 4178.02685546875], [-77.35291410237551, -9.433051580563188, 4178.02685546875], [-77.35290965996683, -9.433046467602253, 4178.02685546875], [-77.35286724753678, -9.432966420426965, 4179.94921875], [-77.35279843211174, -9.432886457070708, 4181.87255859375], [-77.35275643877685, -9.432825520634651, 4182.35302734375], [-77.35274353064597, -9.432758633047342, 4183.314453125], [-77.35274026170373, -9.432729799300432, 4183.794921875], [-77.35272911377251, -9.432685459032655, 4184.75634765625], [-77.35271620564163, -9.432649752125144, 4184.75634765625], [-77.35272240824997, -9.43262318149209, 4184.27587890625], [-77.35271503217518, -9.432607674971223, 4184.27587890625], [-77.35270706936717, -9.432558389380574, 4182.833984375], [-77.35269139520824, -9.432503404095769, 4183.794921875], [-77.35268452204764, -9.43248345516622, 4183.794921875], [-77.35266365110874, -9.432418495416641, 4184.75634765625], [-77.3526315484196, -9.43237197585404, 4184.75634765625], [-77.35262291505933, -9.432339621707797, 4184.75634765625], [-77.35261612571776, -9.432255132123828, 4185.2373046875], [-77.35260573215783, -9.43221372552216, 4185.7177734375], [-77.35260665416718, -9.432142646983266, 4185.7177734375], [-77.35260229557753, -9.432093864306808, 4185.2373046875], [-77.35259676352143, -9.432077603414655, 4185.2373046875], [-77.35260212793946, -9.432053379714489, 4185.2373046875], [-77.35262081958354, -9.432017840445042, 4185.2373046875], [-77.35262132249773, -9.431976769119501, 4186.1982421875], [-77.35259500332177, -9.431925136595964, 4185.2373046875], [-77.35259290784597, -9.431849280372262, 4186.1982421875], [-77.35255627892911, -9.431798486039042, 4186.67919921875], [-77.35254471190274, -9.431770406663418, 4187.15966796875], [-77.35251009464264, -9.431713577359915, 4187.64013671875], [-77.35251981765032, -9.431629003956914, 4188.12109375], [-77.35251470468938, -9.431586004793644, 4187.15966796875], [-77.35250967554748, -9.431548621505499, 4187.64013671875], [-77.35250422731042, -9.43149883300066, 4189.08203125], [-77.35251646488905, -9.431410236284137, 4189.08203125], [-77.35255611129105, -9.431313928216696, 4189.08203125], [-77.3525792453438, -9.43127604201436, 4189.56298828125], [-77.35261805355549, -9.431197252124548, 4189.56298828125], [-77.35261931084096, -9.431183924898505, 4189.56298828125], [-77.35263179987669, -9.431145451962948, 4190.04345703125], [-77.35260447487235, -9.431083677336574, 4189.56298828125], [-77.35259885899723, -9.431065572425723, 4189.56298828125], [-77.35259684734046, -9.431003127247095, 4190.5244140625], [-77.35259785316885, -9.43093590438366, 4190.04345703125], [-77.35257874242961, -9.430906567722559, 4190.04345703125], [-77.35257153399289, -9.430889803916216, 4190.5244140625], [-77.35255393199623, -9.430866669863462, 4191.0048828125], [-77.35253071412444, -9.43080447614193, 4191.4853515625], [-77.35250732861459, -9.430739432573318, 4191.96630859375], [-77.35251696780324, -9.430684866383672, 4193.408203125], [-77.35251571051776, -9.430641112849116, 4193.888671875], [-77.35250514931977, -9.430596688762307, 4193.408203125], [-77.3524967674166, -9.430581852793694, 4193.408203125], [-77.35250774770975, -9.430539775639772, 4194.85009765625], [-77.35250079073012, -9.430522928014398, 4194.85009765625], [-77.35251160338521, -9.430490657687187, 4194.85009765625], [-77.3525416944176, -9.430430140346289, 4194.85009765625], [-77.35254127532244, -9.43041505292058, 4195.33056640625], [-77.35253255814314, -9.430394098162651, 4195.8115234375], [-77.35253901220858, -9.430339448153973, 4196.2919921875], [-77.35253725200891, -9.430327462032437, 4196.2919921875], [-77.35252836719155, -9.43031296133995, 4196.7724609375], [-77.35250766389072, -9.43027775734663, 4197.73388671875], [-77.3525070771575, -9.43024112842977, 4198.21484375], [-77.35251931473613, -9.430186981335282, 4201.0986328125], [-77.3524692747742, -9.430146664381027, 4203.02099609375], [-77.35244144685566, -9.430126631632447, 4203.501953125], [-77.352444967255, -9.430094361305237, 4203.982421875], [-77.35243314877152, -9.430051110684872, 4203.501953125], [-77.35242124646902, -9.42998070269823, 4201.5791015625], [-77.35242283903062, -9.429936865344644, 4203.02099609375], [-77.35240255482495, -9.42990249954164, 4203.501953125], [-77.35236718319356, -9.429856399074197, 4205.42431640625], [-77.35234756954014, -9.42984038963914, 4206.3857421875], [-77.35231990925968, -9.429796887561679, 4208.7890625], [-77.35227196477354, -9.429792361333966, 4210.23095703125], [-77.35225327312946, -9.42979495972395, 4211.6728515625], [-77.35224933363497, -9.42979990504682, 4210.23095703125], [-77.3522808495909, -9.429787835106254, 4209.26953125], [-77.35229945741594, -9.429729077965021, 4206.8662109375], [-77.35230197198689, -9.429696472361684, 4206.3857421875], [-77.352275820449, -9.429563954472542, 4205.42431640625], [-77.35222661867738, -9.429438980296254, 4204.94384765625], [-77.35219267196953, -9.429342588409781, 4206.3857421875], [-77.35218261368573, -9.429265558719635, 4205.9052734375], [-77.35218102112412, -9.429219458252192, 4205.42431640625], [-77.35218194313347, -9.42915634252131, 4205.9052734375], [-77.35216744244099, -9.429106889292598, 4206.3857421875], [-77.35214514657855, -9.429048215970397, 4206.3857421875], [-77.3521164804697, -9.428971018642187, 4208.30859375], [-77.35211438499391, -9.428942268714309, 4208.7890625], [-77.35211153514683, -9.428916620090604, 4208.30859375], [-77.35211580991745, -9.428896587342024, 4208.30859375], [-77.35207993537188, -9.428822491317987, 4211.6728515625], [-77.35204699449241, -9.428757866844535, 4211.1923828125], [-77.3520271293819, -9.428673209622502, 4211.6728515625], [-77.35197918489575, -9.428615625947714, 4212.15380859375], [-77.35195806249976, -9.42856214940548, 4212.634765625], [-77.35195487737656, -9.42855628207326, 4213.115234375], [-77.35195185989141, -9.4285196531564, 4213.59619140625], [-77.35193585045636, -9.428448490798473, 4212.634765625], [-77.35191095620394, -9.428360816091299, 4214.07666015625], [-77.35188488848507, -9.428281523287296, 4214.55712890625], [-77.35188505612314, -9.42827490158379, 4214.55712890625], [-77.35187659040093, -9.42825042642653, 4215.0380859375], [-77.35187558457255, -9.428223939612508, 4215.99951171875], [-77.35184867866337, -9.428156381472945, 4218.88330078125], [-77.35183694399893, -9.428108520805836, 4218.40234375], [-77.35182353295386, -9.428076837211847, 4216.47998046875], [-77.35181422904134, -9.428012715652585, 4215.5185546875], [-77.35180878080428, -9.4279998075217, 4215.5185546875], [-77.35178581438959, -9.42795823328197, 4216.47998046875], [-77.35175429843366, -9.427904672920704, 4217.921875], [-77.35174206085503, -9.42788103595376, 4218.40234375], [-77.35173996537924, -9.427877850830555, 4218.40234375], [-77.3517176695168, -9.427834851667285, 4218.88330078125], [-77.35169931314886, -9.427771903574467, 4217.921875], [-77.35169629566371, -9.427706189453602, 4217.921875], [-77.35169948078692, -9.427700154483318, 4217.921875], [-77.35169872641563, -9.427672326564789, 4218.88330078125], [-77.35170140862465, -9.42763569764793, 4219.36376953125], [-77.35166813246906, -9.427600745111704, 4220.3251953125], [-77.351641561836, -9.427559422329068, 4219.36376953125], [-77.35160920768976, -9.427532516419888, 4219.36376953125], [-77.35158213414252, -9.427507119253278, 4220.8056640625], [-77.35158213414252, -9.427507119253278, 4220.8056640625], [-77.35159537754953, -9.42747107706964, 4221.76708984375], [-77.35160015523434, -9.427438387647271, 4221.76708984375], [-77.35161356627941, -9.427417684346437, 4222.728515625], [-77.35159965232015, -9.427391113713384, 4224.17041015625], [-77.35160996206105, -9.427358759567142, 4224.17041015625], [-77.35162136144936, -9.427345348522067, 4224.17041015625], [-77.35161373391747, -9.427312491461635, 4226.0927734375], [-77.35161172226071, -9.4272849150002, 4227.53466796875], [-77.35162236727774, -9.427255243062973, 4228.015625], [-77.35162412747741, -9.427236299961805, 4227.53466796875], [-77.35161440446973, -9.42719112150371, 4228.49609375], [-77.35160669311881, -9.42715591751039, 4228.015625], [-77.35160669311881, -9.42715591751039, 4228.015625], [-77.35160233452916, -9.42709967494011, 4228.97705078125], [-77.35160266980529, -9.42704058252275, 4228.49609375], [-77.35160334035754, -9.427037313580513, 4228.49609375], [-77.35160392709076, -9.426984256133437, 4230.4189453125], [-77.3515950422734, -9.426945028826594, 4230.4189453125], [-77.35159881412983, -9.426918374374509, 4230.4189453125], [-77.35163242556155, -9.42687495611608, 4230.4189453125], [-77.35163913108408, -9.426861964166164, 4230.4189453125], [-77.35164390876889, -9.426849139854312, 4230.4189453125], [-77.35167282633483, -9.42682994529605, 4230.8994140625], [-77.35167425125837, -9.426830112934113, 4231.38037109375], [-77.35169461928308, -9.426784012466669, 4230.8994140625], [-77.35169763676822, -9.426767751574516, 4230.4189453125], [-77.35172060318291, -9.42674696445465, 4229.93798828125], [-77.3517403844744, -9.426732212305069, 4230.4189453125], [-77.35174264758825, -9.426732379943132, 4230.4189453125], [-77.35175086185336, -9.426699271425605, 4230.4189453125], [-77.35176209360361, -9.426687369123101, 4230.4189453125], [-77.35176720656455, -9.426644369959831, 4230.8994140625], [-77.35177231952548, -9.426619224250317, 4230.8994140625], [-77.35175614245236, -9.42661008797586, 4230.4189453125], [-77.35174968838692, -9.426557701081038, 4231.38037109375], [-77.35175354406238, -9.426538925617933, 4233.302734375], [-77.35177022404969, -9.426502464339137, 4233.783203125], [-77.35176460817456, -9.426491232588887, 4233.783203125], [-77.35176712274551, -9.426462482661009, 4234.26416015625], [-77.35178832896054, -9.426445383578539, 4233.783203125], [-77.35179201699793, -9.426400875672698, 4235.7060546875], [-77.35180215910077, -9.426359804347157, 4237.14794921875], [-77.35181154683232, -9.42634480074048, 4237.62841796875], [-77.35181230120361, -9.426330970600247, 4237.62841796875], [-77.35181104391813, -9.426299035549164, 4237.62841796875], [-77.35181313939393, -9.426281852647662, 4237.62841796875], [-77.35182562842965, -9.42626559175551, 4236.66748046875], [-77.3518175818026, -9.42623633891344, 4234.74462890625], [-77.35182772390544, -9.426209768280387, 4237.14794921875], [-77.35184205695987, -9.42617372609675, 4239.55126953125], [-77.3518400453031, -9.426165763288736, 4239.55126953125], [-77.35182990320027, -9.426140617579222, 4239.55126953125], [-77.35182210803032, -9.426085716113448, 4240.03173828125], [-77.35181573778391, -9.426063252612948, 4240.9931640625], [-77.35181741416454, -9.426041878759861, 4243.396484375], [-77.35182143747807, -9.426040537655354, 4243.396484375], [-77.35184071585536, -9.426009021699429, 4243.396484375], [-77.35185488127172, -9.425975997000933, 4243.396484375], [-77.35185295343399, -9.425946241244674, 4243.396484375], [-77.35182872973382, -9.425922017544508, 4243.396484375], [-77.35182847827673, -9.425882454961538, 4242.91552734375], [-77.351831831038, -9.425868624821305, 4242.91552734375], [-77.351831831038, -9.425868624821305, 4242.91552734375], [-77.35183124430478, -9.425831157714128, 4242.91552734375], [-77.35183736309409, -9.425769550725818, 4242.43505859375], [-77.35182613134384, -9.425735352560878, 4243.876953125], [-77.35178497619927, -9.425727389752865, 4243.396484375], [-77.3517557233572, -9.425706854090095, 4243.876953125], [-77.35174792818725, -9.425698975101113, 4243.876953125], [-77.35172093845904, -9.425662932917476, 4244.8388671875], [-77.35171523876488, -9.425641978159547, 4246.76171875], [-77.35170149244368, -9.425613647326827, 4247.2421875], [-77.35169218853116, -9.425567295402288, 4246.76171875], [-77.35169084742665, -9.425549106672406, 4246.28076171875], [-77.35167760401964, -9.425505101680756, 4247.2421875], [-77.35167525708675, -9.425495294854045, 4247.2421875], [-77.3516695573926, -9.425471909344196, 4248.68408203125], [-77.35163896344602, -9.425427736714482, 4251.56787109375], [-77.351628318429, -9.425393957644701, 4252.048828125], [-77.35159931704402, -9.425373924896121, 4252.529296875], [-77.35157609917223, -9.425361100584269, 4252.529296875], [-77.35155531205237, -9.42535531707108, 4253.009765625], [-77.35153427347541, -9.425332937389612, 4254.4521484375], [-77.35151306726038, -9.425318101420999, 4255.4130859375], [-77.35150267370045, -9.425309132784605, 4256.37451171875], [-77.35147467814386, -9.425281388685107, 4257.81640625], [-77.35146512277424, -9.425251800566912, 4261.18115234375], [-77.35144911333919, -9.425219278782606, 4263.103515625], [-77.35142841003835, -9.425194803625345, 4263.58447265625], [-77.35140401870012, -9.425166556611657, 4264.54541015625], [-77.3514031805098, -9.425142081454396, 4267.4296875], [-77.35139756463468, -9.425122551620007, 4267.91015625], [-77.35136160627007, -9.425101093947887, 4267.91015625], [-77.35135221853852, -9.42505331709981, 4268.390625], [-77.35134400427341, -9.425036888569593, 4268.390625], [-77.3513204511255, -9.425023896619678, 4268.87158203125], [-77.35132338479161, -9.42501719109714, 4267.91015625], [-77.35132430680096, -9.425019705668092, 4268.390625], [-77.3513225466013, -9.425014341250062, 4267.4296875], [-77.35131449997425, -9.425015933811665, 4265.0263671875], [-77.35131508670747, -9.425011407583952, 4266.46826171875], [-77.35131449997425, -9.425000678747892, 4266.46826171875], [-77.35131206922233, -9.424997493624687, 4266.46826171875], [-77.35131894238293, -9.424973269924521, 4268.390625], [-77.35132724046707, -9.424964468926191, 4268.390625], [-77.35134392045438, -9.424958601593971, 4268.390625], [-77.35135682858527, -9.424932282418013, 4269.35205078125], [-77.3513738438487, -9.424934880807996, 4269.35205078125], [-77.3514002468437, -9.42491409368813, 4268.390625], [-77.35140167176723, -9.42486329935491, 4271.75537109375], [-77.35138289630413, -9.424837231636047, 4273.677734375], [-77.35136479139328, -9.424786688759923, 4276.08154296875], [-77.35135297290981, -9.424781240522861, 4277.04296875], [-77.35134467482567, -9.424760201945901, 4278.48486328125], [-77.3513307608664, -9.424740001559258, 4278.48486328125], [-77.35130745917559, -9.424723321571946, 4277.52392578125], [-77.35127937979996, -9.424697421491146, 4278.48486328125], [-77.35127443447709, -9.424691889435053, 4278.9658203125], [-77.3512654658407, -9.42467126995325, 4279.4462890625], [-77.3512551560998, -9.424657942727208, 4279.9267578125], [-77.3512570001185, -9.424593150615692, 4278.9658203125], [-77.35126554965973, -9.424577979370952, 4278.9658203125], [-77.35123378224671, -9.424561383202672, 4278.00439453125], [-77.35122472979128, -9.424553420394659, 4278.00439453125], [-77.3512223828584, -9.42454319447279, 4277.52392578125], [-77.35119455493987, -9.424507487565279, 4278.00439453125], [-77.35118441283703, -9.424484018236399, 4277.52392578125], [-77.3511806409806, -9.42446549423039, 4276.5625], [-77.35118826851249, -9.42443867214024, 4276.08154296875], [-77.35119882971048, -9.42442107014358, 4277.52392578125], [-77.351194890216, -9.424396343529224, 4279.4462890625], [-77.35119078308344, -9.424396008253098, 4279.9267578125], [-77.35116421245039, -9.42436289973557, 4278.9658203125], [-77.35114937648177, -9.424342783167958, 4278.00439453125], [-77.35115624964237, -9.424327611923218, 4277.52392578125], [-77.35116790048778, -9.424312524497509, 4278.00439453125], [-77.35116245225072, -9.424277320504189, 4278.00439453125], [-77.35114610753953, -9.424245385453105, 4275.1201171875], [-77.35115407034755, -9.424225687980652, 4277.04296875], [-77.351128840819, -9.424191154539585, 4278.00439453125], [-77.35115876421332, -9.424195094034076, 4279.4462890625], [-77.35116094350815, -9.424189813435078, 4280.40771484375], [-77.35115675255656, -9.424195513129234, 4279.9267578125], [-77.35115239396691, -9.424218982458115, 4278.9658203125], [-77.35115189105272, -9.424217976629734, 4278.48486328125], [-77.35115306451917, -9.424202470108867, 4278.9658203125], [-77.35116127878428, -9.424211271107197, 4279.4462890625], [-77.35120989382267, -9.424226777628064, 4279.4462890625], [-77.35128801316023, -9.424208924174309, 4280.88818359375], [-77.35133905895054, -9.424219569191337, 4281.36865234375], [-77.35140779055655, -9.42420900799334, 4282.81103515625], [-77.35145187936723, -9.42419232800603, 4283.29150390625], [-77.35149823129177, -9.424185957759619, 4284.7333984375], [-77.35152438282967, -9.424186795949936, 4285.21435546875], [-77.35157350078225, -9.424164583906531, 4285.69482421875], [-77.35168925486505, -9.42412594333291, 4286.65625], [-77.35170911997557, -9.424113621935248, 4287.13671875], [-77.35175672918558, -9.424100378528237, 4288.09814453125], [-77.35180995427072, -9.424152849242091, 4288.09814453125], [-77.3518320824951, -9.424206241965294, 4288.09814453125], [-77.35183929093182, -9.424258042126894, 4289.05908203125], [-77.35184415243566, -9.424263406544924, 4289.05908203125], [-77.3518630117178, -9.424317386001348, 4289.05908203125], [-77.3519008141011, -9.424362313002348, 4289.05908203125], [-77.35195127315819, -9.424404809251428, 4290.0205078125], [-77.35199720598757, -9.424426686018705, 4290.50146484375], [-77.35201547853649, -9.424443198367953, 4289.5400390625], [-77.35204129479825, -9.424445712938905, 4288.57861328125], [-77.35207415185869, -9.42445769906044, 4288.09814453125], [-77.35207968391478, -9.424438420683146, 4289.5400390625], [-77.35207926481962, -9.424401037395, 4290.50146484375], [-77.35206685960293, -9.424382681027055, 4290.98193359375], [-77.35205562785268, -9.424361307173967, 4291.943359375], [-77.35204230062664, -9.424343621358275, 4292.423828125], [-77.35203207470477, -9.424300035461783, 4293.86572265625], [-77.35202821902931, -9.42427296191454, 4295.3076171875], [-77.35202226787806, -9.424253767356277, 4295.3076171875], [-77.35201145522296, -9.424190819263458, 4294.8271484375], [-77.35200131312013, -9.424137845635414, 4295.3076171875], [-77.35198312439024, -9.424089146777987, 4295.78857421875], [-77.3519753292203, -9.424047656357288, 4296.74951171875], [-77.35195294953883, -9.423973727971315, 4298.19189453125], [-77.35194104723632, -9.423930393531919, 4300.1142578125], [-77.35191757790744, -9.423873061314225, 4302.037109375], [-77.35187768004835, -9.42381614819169, 4303.95947265625], [-77.35185354016721, -9.423762252554297, 4305.4013671875], [-77.35183333978057, -9.423707854002714, 4305.4013671875], [-77.35181322321296, -9.423675080761313, 4305.4013671875], [-77.35178698785603, -9.423621855676174, 4305.88232421875], [-77.35175312496722, -9.423574581742287, 4306.84326171875], [-77.35173736698925, -9.423528648912907, 4308.2861328125], [-77.35171842388809, -9.423494702205062, 4309.72802734375], [-77.35169512219727, -9.423456816002727, 4311.169921875], [-77.35169067978859, -9.42341792397201, 4312.130859375], [-77.35169956460595, -9.423404764384031, 4312.130859375], [-77.35174491070211, -9.42343108355999, 4313.09228515625], [-77.35177567228675, -9.423465449362993, 4312.130859375], [-77.35180215910077, -9.423489337787032, 4312.61181640625], [-77.35183333978057, -9.423529487103224, 4311.650390625], [-77.35185530036688, -9.423552034422755, 4312.130859375], [-77.35188195481896, -9.423586819320917, 4314.0537109375], [-77.3519367724657, -9.423635182902217, 4314.0537109375], [-77.35198371112347, -9.423682624474168, 4314.0537109375], [-77.35200927592814, -9.423728808760643, 4315.01513671875], [-77.3520305659622, -9.423760157078505, 4317.41845703125], [-77.35205571167171, -9.423778345808387, 4320.30224609375], [-77.35207859426737, -9.423799887299538, 4320.30224609375], [-77.35210239887238, -9.423825955018401, 4319.8212890625], [-77.3521458171308, -9.423866355791688, 4320.30224609375], [-77.35218588262796, -9.423909522593021, 4322.224609375], [-77.3522137105465, -9.423952605575323, 4323.6669921875], [-77.35226433724165, -9.424013290554285, 4323.18603515625], [-77.35228839330375, -9.424065509811044, 4324.6279296875], [-77.352310186252, -9.42408973351121, 4327.51171875], [-77.35233021900058, -9.42411764524877, 4327.51171875], [-77.35236257314682, -9.424172043800354, 4327.99267578125], [-77.35239299945533, -9.424204733222723, 4328.9541015625], [-77.35240917652845, -9.424248151481152, 4330.87646484375], [-77.35242979601026, -9.42428134381771, 4332.79931640625], [-77.35243448987603, -9.42431260831654, 4333.27978515625], [-77.35244144685566, -9.42435409873724, 4334.2412109375], [-77.3524481523782, -9.424402881413698, 4337.125], [-77.35249324701726, -9.424439761787653, 4337.60546875], [-77.35251386649907, -9.42445769906044, 4337.60546875], [-77.35255460254848, -9.424505895003676, 4337.125], [-77.352598272264, -9.424523413181305, 4337.125], [-77.35261637717485, -9.424511678516865, 4337.125], [-77.35262115485966, -9.424474630504847, 4337.60546875], [-77.35260179266334, -9.424438923597336, 4340.490234375], [-77.35259223729372, -9.424394415691495, 4342.89306640625], [-77.35258167609572, -9.424356697127223, 4343.3740234375], [-77.35259106382728, -9.424287714064121, 4342.89306640625], [-77.3525913991034, -9.424253767356277, 4343.8544921875], [-77.35256960615516, -9.424218060448766, 4342.89306640625], [-77.35256063751876, -9.424191154539585, 4342.89306640625], [-77.35254345461726, -9.424121920019388, 4344.81591796875], [-77.35254228115082, -9.42405654117465, 4346.73876953125], [-77.35254479572177, -9.423981439322233, 4347.69970703125], [-77.35253565944731, -9.423902817070484, 4348.6611328125], [-77.35252761282027, -9.423861326649785, 4349.1416015625], [-77.3525224160403, -9.423838695511222, 4349.62255859375], [-77.3525155428797, -9.423798127099872, 4349.62255859375], [-77.35250699333847, -9.423761665821075, 4351.064453125], [-77.35249324701726, -9.423718079924583, 4354.42919921875], [-77.35247120261192, -9.42367977462709, 4356.3515625], [-77.3524600546807, -9.423649264499545, 4357.79345703125], [-77.35245695337653, -9.42361774854362, 4356.3515625], [-77.3524428717792, -9.423602242022753, 4356.83203125], [-77.35243448987603, -9.423573156818748, 4357.79345703125], [-77.35241764225066, -9.423555806279182, 4357.31298828125], [-77.35239752568305, -9.423496965318918, 4355.39013671875], [-77.35238143242896, -9.423464694991708, 4352.50634765625], [-77.35238998197019, -9.423397555947304, 4350.58349609375], [-77.35237296670675, -9.423362603411078, 4352.50634765625], [-77.35236005857587, -9.423317424952984, 4354.42919921875], [-77.35233893617988, -9.423315078020096, 4357.31298828125], [-77.3523223400116, -9.423290183767676, 4357.31298828125], [-77.35232032835484, -9.423248693346977, 4356.3515625], [-77.35232627950609, -9.423218434676528, 4355.87109375], [-77.35233214683831, -9.423198653385043, 4356.3515625], [-77.35231965780258, -9.42317996174097, 4357.31298828125], [-77.35231622122228, -9.423182308673859, 4361.158203125], [-77.35230096615851, -9.423153726384044, 4362.60009765625], [-77.35230163671076, -9.423124305903912, 4364.0419921875], [-77.35228596255183, -9.423079043626785, 4365.48388671875], [-77.35227431170642, -9.42305389791727, 4366.92578125], [-77.35225578770041, -9.422997320070863, 4370.29052734375], [-77.3522375151515, -9.422980640083551, 4373.1748046875], [-77.35223491676152, -9.422956332564354, 4377.02001953125], [-77.35223198309541, -9.422955410555005, 4377.9814453125], [-77.35222200863063, -9.422933449968696, 4379.42333984375], [-77.35222184099257, -9.422910064458847, 4379.42333984375], [-77.35219216905534, -9.422890534624457, 4380.384765625], [-77.35217439942062, -9.422849966213107, 4379.90380859375], [-77.35216375440359, -9.422822808846831, 4379.90380859375], [-77.3521582223475, -9.42278366535902, 4381.82666015625], [-77.35215813852847, -9.422781066969037, 4382.30712890625], [-77.35215503722429, -9.422741923481226, 4383.2685546875], [-77.35215579159558, -9.422738151624799, 4383.7490234375], [-77.35215587541461, -9.422740330919623, 4384.22998046875], [-77.35212184488773, -9.422736642882228, 4383.2685546875], [-77.35212025232613, -9.42273379303515, 4383.2685546875], [-77.35211840830743, -9.422710407525301, 4383.2685546875], [-77.35212469473481, -9.422690458595753, 4383.2685546875], [-77.35212394036353, -9.42262977361679, 4383.2685546875], [-77.3521045781672, -9.4225740339607, 4382.7880859375], [-77.35209368169308, -9.422517204657197, 4382.7880859375], [-77.35209116712213, -9.422491891309619, 4382.7880859375], [-77.3520958609879, -9.422499937936664, 4382.7880859375], [-77.35213450156152, -9.422542518004775, 4382.7880859375], [-77.35215503722429, -9.422575291246176, 4382.30712890625], [-77.35219367779791, -9.4226448610425, 4382.30712890625], [-77.35222728922963, -9.42268148995936, 4382.30712890625], [-77.35225796699524, -9.422697834670544, 4382.30712890625], [-77.35228034667671, -9.422734212130308, 4382.30712890625], [-77.35232435166836, -9.422756005078554, 4382.30712890625], [-77.35235217958689, -9.42279003560543, 4382.30712890625], [-77.35241688787937, -9.422826832160354, 4382.7880859375], [-77.35247153788805, -9.422869328409433, 4382.7880859375], [-77.35248737968504, -9.422900257632136, 4382.7880859375], [-77.35252132639289, -9.422932611778378, 4382.7880859375], [-77.3525623138994, -9.423002265393734, 4382.7880859375], [-77.35260179266334, -9.423051970079541, 4382.7880859375], [-77.35262936912477, -9.423068147152662, 4382.7880859375], [-77.35265971161425, -9.423060351982713, 4382.7880859375], [-77.35265015624464, -9.42304409109056, 4382.7880859375], [-77.35265778377652, -9.42302456125617, 4382.7880859375], [-77.35266700387001, -9.422979801893234, 4382.7880859375], [-77.35266029834747, -9.422961361706257, 4382.7880859375], [-77.35266096889973, -9.422958176583052, 4382.7880859375], [-77.35265015624464, -9.422917189076543, 4382.7880859375], [-77.35263490118086, -9.422892546281219, 4382.7880859375], [-77.35263247042894, -9.422834040597081, 4382.7880859375], [-77.35262987203896, -9.422805374488235, 4382.7880859375], [-77.35263062641025, -9.422769919037819, 4382.7880859375], [-77.35261176712811, -9.422730775550008, 4382.7880859375], [-77.35260321758687, -9.422715185210109, 4382.7880859375], [-77.35260816290975, -9.422673778608441, 4382.7880859375], [-77.35260816290975, -9.422670342028141, 4382.7880859375], [-77.35259701497853, -9.42262432537973, 4382.7880859375], [-77.35261143185198, -9.422587528824806, 4382.7880859375], [-77.35261243768036, -9.422581493854523, 4382.7880859375], [-77.35260338522494, -9.422546876594424, 4382.7880859375], [-77.35258075408638, -9.422481246292591, 4383.2685546875], [-77.35257430002093, -9.422438917681575, 4383.2685546875], [-77.35256566666067, -9.422418046742678, 4383.2685546875], [-77.35255368053913, -9.422380579635501, 4383.2685546875], [-77.35254018567502, -9.42234386689961, 4383.2685546875], [-77.35253289341927, -9.422319643199444, 4383.7490234375], [-77.35251135192811, -9.422279829159379, 4383.7490234375], [-77.35251881182194, -9.422231717035174, 4383.7490234375], [-77.35251705162227, -9.422200620174408, 4384.22998046875], [-77.35250120982528, -9.422170780599117, 4384.22998046875], [-77.35248545184731, -9.422126356512308, 4384.22998046875], [-77.35247790813446, -9.422112861648202, 4384.22998046875], [-77.35247296281159, -9.422061061486602, 4384.22998046875], [-77.35247053205967, -9.422023091465235, 4384.22998046875], [-77.3524708673358, -9.422017894685268, 4384.22998046875], [-77.35245804302394, -9.421962909400463, 4384.22998046875], [-77.3524571210146, -9.421943798661232, 4384.71044921875], [-77.35245904885232, -9.421881437301636, 4384.71044921875], [-77.35248469747603, -9.421927621588111, 4384.22998046875], [-77.35251260921359, -9.421980511397123, 4386.63330078125], [-77.35254605300725, -9.422026025131345, 4389.99755859375], [-77.35259500332177, -9.422065252438188, 4389.99755859375], [-77.35262182541192, -9.422078160569072, 4390.478515625], [-77.35264278016984, -9.422124763950706, 4390.478515625], [-77.35266189090908, -9.42215971648693, 4390.478515625], [-77.35267479903996, -9.422171115875244, 4390.478515625], [-77.35270706936717, -9.42222073674202, 4390.958984375], [-77.35274109989405, -9.422235321253538, 4390.958984375], [-77.35276356339455, -9.422249738126993, 4390.958984375], [-77.35280513763428, -9.42227739840746, 4391.439453125], [-77.35285869799554, -9.422283601015806, 4391.439453125], [-77.3528921417892, -9.422328025102615, 4391.92041015625], [-77.35291812568903, -9.422368090599775, 4392.40087890625], [-77.35293581150472, -9.422383513301611, 4392.40087890625], [-77.35297445207834, -9.422438498586416, 4392.40087890625], [-77.35299859195948, -9.422469595447183, 4392.40087890625], [-77.35304133966565, -9.422507230192423, 4392.40087890625], [-77.35306573100388, -9.422544529661536, 4392.40087890625], [-77.35309238545597, -9.422577638179064, 4392.8818359375], [-77.35310319811106, -9.422616446390748, 4392.8818359375], [-77.35313085839152, -9.422651063650846, 4392.8818359375], [-77.3531699180603, -9.422718957066536, 4393.3623046875], [-77.35313018783927, -9.422895982861519, 4408.74365234375], [-77.3531265836209, -9.42293856292963, 4415.47265625], [-77.35315348953009, -9.422951890155673, 4424.60498046875], [-77.35314988531172, -9.42290629260242, 4425.56640625], [-77.35315969213843, -9.422866897657514, 4425.56640625], [-77.3531598597765, -9.422831358388066, 4424.60498046875], [-77.35315340571105, -9.422789365053177, 4425.56640625], [-77.35315256752074, -9.422733876854181, 4428.4501953125], [-77.35314049758017, -9.42271325737238, 4429.41162109375], [-77.35313437879086, -9.422688279300928, 4429.41162109375], [-77.35312800854445, -9.422634216025472, 4429.41162109375], [-77.35311736352742, -9.422597168013453, 4429.41162109375], [-77.35310839489102, -9.422585852444172, 4429.89208984375], [-77.35310219228268, -9.422523658722639, 4430.373046875], [-77.35307863913476, -9.422468086704612, 4431.33447265625], [-77.35306237824261, -9.42243774421513, 4430.853515625], [-77.35305357724428, -9.422399774193764, 4430.373046875], [-77.35303714871407, -9.422329533845186, 4433.7373046875], [-77.35301569104195, -9.422293407842517, 4436.14111328125], [-77.35301384702325, -9.422285864129663, 4436.14111328125], [-77.35298107378185, -9.422239596024156, 4436.6220703125], [-77.35299968160689, -9.422186873853207, 4432.29541015625], [-77.35301225446165, -9.42218846641481, 4433.2568359375], [-77.35303983092308, -9.422204727306962, 4435.17919921875], [-77.35306707210839, -9.422229118645191, 4435.17919921875], [-77.35307763330638, -9.422266334295273, 4435.17919921875], [-77.35309054143727, -9.42229206673801, 4436.6220703125], [-77.35309372656047, -9.422310758382082, 4438.06396484375], [-77.35311945900321, -9.422365073114634, 4443.83154296875], [-77.3531236499548, -9.422382675111294, 4446.7158203125], [-77.3531236499548, -9.422382675111294, 4446.7158203125], [-77.35315700992942, -9.42242450080812, 4447.1962890625], [-77.35318131744862, -9.422473199665546, 4447.6767578125], [-77.35321593470871, -9.422500524669886, 4447.6767578125], [-77.35325340181589, -9.422548972070217, 4449.11865234375], [-77.35328818671405, -9.422589289024472, 4450.560546875], [-77.35333705320954, -9.422704540193081, 4451.52197265625], [-77.3533580917865, -9.422736475244164, 4452.9638671875], [-77.3533689044416, -9.422729182988405, 4455.84814453125], [-77.35337820835412, -9.422678388655186, 4455.84814453125], [-77.35338130965829, -9.42264636978507, 4456.32861328125], [-77.35337996855378, -9.422632539644837, 4457.2900390625], [-77.35337175428867, -9.422597251832485, 4460.173828125], [-77.35337141901255, -9.422590378671885, 4462.0966796875], [-77.35335507430136, -9.42258132621646, 4464.01904296875], [-77.35333537682891, -9.42254763096571, 4466.42236328125], [-77.3533218819648, -9.422517288476229, 4468.826171875], [-77.35332515090704, -9.422465907409787, 4470.26806640625], [-77.35334367491305, -9.42241326905787, 4467.3837890625], [-77.35333638265729, -9.422388626262546, 4466.42236328125], [-77.3533361312002, -9.422338167205453, 4466.42236328125], [-77.35333135351539, -9.422293743118644, 4466.90283203125], [-77.35332414507866, -9.422252336516976, 4468.34521484375], [-77.35332154668868, -9.422253845259547, 4467.8642578125], [-77.35332816839218, -9.422209421172738, 4466.90283203125], [-77.35330612398684, -9.42216893658042, 4466.90283203125], [-77.35330503433943, -9.422103306278586, 4467.3837890625], [-77.35330989584327, -9.422047231346369, 4467.8642578125], [-77.3533049505204, -9.422021498903632, 4468.34521484375], [-77.35330042429268, -9.42197841592133, 4469.78759765625], [-77.35329740680754, -9.421922592446208, 4470.26806640625], [-77.35329053364694, -9.421911025419831, 4470.26806640625], [-77.35328827053308, -9.421868696808815, 4470.74853515625], [-77.35328684560955, -9.42182737402618, 4471.7099609375], [-77.3532888572663, -9.421762246638536, 4471.7099609375], [-77.35327812843025, -9.421725030988455, 4471.7099609375], [-77.35327620059252, -9.42167985253036, 4472.67138671875], [-77.35326463356614, -9.42165051586926, 4473.15185546875], [-77.35325625166297, -9.421605253592134, 4474.11328125], [-77.35325625166297, -9.421602403745055, 4474.11328125], [-77.35325331799686, -9.421580107882619, 4475.55517578125], [-77.35325507819653, -9.421560326591134, 4475.55517578125], [-77.35326153226197, -9.421560661867261, 4476.03564453125], [-77.35329078510404, -9.42156057804823, 4478.43896484375], [-77.35328500159085, -9.42156108096242, 4478.43896484375], [-77.35328659415245, -9.421555381268263, 4477.95849609375], [-77.35328835435212, -9.4215552136302, 4477.47802734375], [-77.3532840795815, -9.42154892720282, 4476.9970703125], [-77.3533010110259, -9.421539707109332, 4476.9970703125], [-77.35329447314143, -9.421541718766093, 4476.5166015625], [-77.35329162329435, -9.42154741846025, 4476.03564453125], [-77.35328843817115, -9.421545825898647, 4476.03564453125], [-77.3532856721431, -9.421545406803489, 4476.03564453125], [-77.35329866409302, -9.421533588320017, 4474.59375], [-77.35333093442023, -9.421566613018513, 4474.59375], [-77.35339622944593, -9.42167742177844, 4475.55517578125], [-77.3534463532269, -9.42174095660448, 4476.5166015625], [-77.3534722533077, -9.42176392301917, 4477.47802734375], [-77.35349580645561, -9.421781860291958, 4477.95849609375], [-77.35351961106062, -9.421800300478935, 4477.95849609375], [-77.35358004458249, -9.421832403168082, 4478.919921875], [-77.35360736958683, -9.421884622424841, 4477.95849609375], [-77.35362312756479, -9.421936171129346, 4477.47802734375], [-77.35362363047898, -9.421982523053885, 4477.95849609375], [-77.35363880172372, -9.422067431733012, 4479.400390625], [-77.35364735126495, -9.422130715101957, 4480.84228515625], [-77.35365799628198, -9.422154519706964, 4482.76513671875], [-77.35366327688098, -9.42209710367024, 4483.72607421875], [-77.35368624329567, -9.422006998211145, 4483.72607421875], [-77.35370527021587, -9.421909181401134, 4485.16845703125], [-77.35373896546662, -9.421824691817164, 4485.64892578125], [-77.35376494936645, -9.421729054301977, 4486.12939453125], [-77.35378255136311, -9.42164951004088, 4487.0908203125], [-77.35376662574708, -9.42162612453103, 4487.5712890625], [-77.35370409674942, -9.421572145074606, 4488.53271484375], [-77.35366218723357, -9.421531157568097, 4489.494140625], [-77.3536329343915, -9.421479189768434, 4491.41650390625], [-77.35362815670669, -9.421455133706331, 4491.8974609375], [-77.35362773761153, -9.421447925269604, 4491.8974609375], [-77.3536812979728, -9.421332338824868, 4492.85888671875], [-77.35371759161353, -9.421254135668278, 4495.26171875], [-77.35373259522021, -9.421211639419198, 4499.587890625], [-77.35375463962555, -9.421173334121704, 4502.47216796875], [-77.353779617697, -9.421132849529386, 4504.87548828125], [-77.35381096601486, -9.421085743233562, 4506.7978515625], [-77.35383711755276, -9.421017682179809, 4509.201171875], [-77.35385991632938, -9.420970659703016, 4509.201171875], [-77.35388355329633, -9.420908549800515, 4508.240234375], [-77.3539141472429, -9.420860102400184, 4509.68212890625], [-77.35395806841552, -9.420801093801856, 4511.1240234375], [-77.35399972647429, -9.420757088810205, 4510.64306640625], [-77.35404490493238, -9.420694559812546, 4510.64306640625], [-77.35409972257912, -9.42062591202557, 4511.1240234375], [-77.35415529459715, -9.420556928962469, 4511.6044921875], [-77.35421547666192, -9.420503117144108, 4513.04638671875], [-77.35426224768162, -9.420437486842275, 4513.04638671875], [-77.3543150536716, -9.420378562062979, 4513.04638671875], [-77.35435109585524, -9.42033363506198, 4514.48828125], [-77.35441446304321, -9.420255431905389, 4515.9306640625], [-77.35446400009096, -9.420200614258647, 4516.4111328125], [-77.35450440086424, -9.420144204050303, 4515.9306640625], [-77.35456148162484, -9.420079914852977, 4514.96923828125], [-77.35461470670998, -9.420024426653981, 4514.48828125], [-77.35464538447559, -9.419978158548474, 4516.4111328125], [-77.35469886101782, -9.41989928483963, 4518.33349609375], [-77.35476122237742, -9.419841030612588, 4520.25634765625], [-77.35480195842683, -9.41978545859456, 4522.65966796875], [-77.35484629869461, -9.419739190489054, 4524.1015625], [-77.35489642247558, -9.419672721996903, 4525.06298828125], [-77.35492902807891, -9.419615305960178, 4526.02392578125], [-77.35497596673667, -9.419556045904756, 4528.42724609375], [-77.35500865615904, -9.419532576575875, 4528.908203125], [-77.35504260286689, -9.41949619911611, 4529.388671875], [-77.35508350655437, -9.419465018436313, 4528.42724609375], [-77.35512709245086, -9.419418582692742, 4527.94677734375], [-77.35514720901847, -9.419386982917786, 4528.42724609375], [-77.35516774468124, -9.419365357607603, 4529.388671875], [-77.35523471608758, -9.419315736740828, 4532.27294921875], [-77.35527897253633, -9.419256811961532, 4534.19580078125], [-77.35531409271061, -9.419227559119463, 4534.67626953125], [-77.35533840022981, -9.419208699837327, 4535.6376953125], [-77.355389110744, -9.419180452823639, 4537.56005859375], [-77.35546396113932, -9.419139130041003, 4539.48291015625], [-77.35551643185318, -9.41913167014718, 4539.96337890625], [-77.35552783124149, -9.41911993548274, 4540.4443359375], [-77.35559069551528, -9.419077187776566, 4542.84716796875], [-77.35564534552395, -9.419029410928488, 4542.36669921875], [-77.35568951815367, -9.418987669050694, 4541.88623046875], [-77.35576000995934, -9.41894743591547, 4541.4052734375], [-77.35584299080074, -9.41890837624669, 4542.84716796875], [-77.35588540323079, -9.41887023858726, 4542.36669921875], [-77.35589613206685, -9.418855821713805, 4542.36669921875], [-77.3559055197984, -9.418798740953207, 4540.9248046875], [-77.35593209043145, -9.418730679899454, 4543.328125], [-77.35594692640007, -9.418709389865398, 4543.80859375], [-77.35593074932694, -9.418689692392945, 4543.328125], [-77.35588054172695, -9.418660691007972, 4542.36669921875], [-77.35588741488755, -9.41865616478026, 4541.88623046875], [-77.35588741488755, -9.41865616478026, 4541.88623046875], [-77.3558933660388, -9.418657254427671, 4541.4052734375], [-77.35589588060975, -9.418655494228005, 4541.4052734375], [-77.35592303797603, -9.418647112324834, 4541.88623046875], [-77.35596654005349, -9.418616853654385, 4541.4052734375], [-77.35596561804414, -9.418620709329844, 4541.4052734375], [-77.35596913844347, -9.418614339083433, 4541.4052734375], [-77.35602932050824, -9.418547786772251, 4540.4443359375], [-77.35607198439538, -9.418470840901136, 4540.9248046875], [-77.35612185671926, -9.418384926393628, 4540.9248046875], [-77.35613191500306, -9.418338323011994, 4540.4443359375], [-77.35619871877134, -9.41825752146542, 4539.96337890625], [-77.35621330328286, -9.418224664404988, 4539.96337890625], [-77.35623777844012, -9.418174540624022, 4539.48291015625], [-77.35625923611224, -9.4181514903903, 4539.96337890625], [-77.35627365298569, -9.418124919757247, 4539.96337890625], [-77.35631103627384, -9.418105306103826, 4540.4443359375], [-77.3563437256962, -9.418088709935546, 4540.4443359375], [-77.35639829188585, -9.418103964999318, 4542.36669921875], [-77.35640021972358, -9.418105222284794, 4541.88623046875], [-77.35635579563677, -9.418103713542223, 4537.56005859375], [-77.3563407920301, -9.418085189536214, 4538.041015625], [-77.35638245008886, -9.41801268607378, 4538.041015625], [-77.35638831742108, -9.418011093512177, 4537.56005859375], [-77.3563838750124, -9.418007908388972, 4537.07958984375], [-77.35638245008886, -9.41800145432353, 4538.041015625], [-77.3563770018518, -9.418003214523196, 4538.521484375], [-77.35638127662241, -9.418009584769607, 4538.521484375], [-77.35637683421373, -9.418024253100157, 4539.00244140625], [-77.35637314617634, -9.418019643053412, 4539.48291015625], [-77.35635395161808, -9.418014362454414, 4541.88623046875], [-77.35635763965547, -9.418019894510508, 4541.88623046875], [-77.3565305583179, -9.417821578681469, 4509.201171875], [-77.35647775232792, -9.417900620028377, 4506.3173828125]]}}, {"type": "Feature", "properties": {"name": "Recorded route segment 2", "elevation_source": "GPX recorded elevation, not surveyed terrain"}, "geometry": {"type": "LineString", "coordinates": [[-77.35636149533093, -9.418364223092794, 4548.134765625], [-77.35635370016098, -9.418049482628703, 4540.4443359375], [-77.35637616366148, -9.418049147352576, 4529.869140625], [-77.35638773068786, -9.418044788762927, 4529.388671875], [-77.35639452002943, -9.418036406859756, 4524.1015625], [-77.3563957773149, -9.418036825954914, 4524.1015625], [-77.35639032907784, -9.418039843440056, 4523.62109375], [-77.35639343038201, -9.418038837611675, 4524.1015625], [-77.35648429021239, -9.418136402964592, 4525.54345703125], [-77.35654321499169, -9.41819935105741, 4527.94677734375], [-77.35658168792725, -9.418244026601315, 4530.35009765625], [-77.35658344812691, -9.418279062956572, 4534.19580078125], [-77.356610102579, -9.418315356597304, 4538.521484375], [-77.35665553249419, -9.418373191729188, 4541.88623046875], [-77.35668394714594, -9.418395990505815, 4543.80859375], [-77.35669207759202, -9.418420633301139, 4545.25048828125], [-77.35671428963542, -9.418437732383609, 4545.7314453125], [-77.35673809424043, -9.418446365743876, 4545.25048828125], [-77.35679794102907, -9.418493639677763, 4545.7314453125], [-77.35688083805144, -9.418531861156225, 4545.7314453125], [-77.35692995600402, -9.418559269979596, 4547.17333984375], [-77.35693925991654, -9.418549798429012, 4548.134765625], [-77.35698913224041, -9.418531442061067, 4548.615234375], [-77.35700447112322, -9.41852230578661, 4548.615234375], [-77.35703305341303, -9.418503195047379, 4548.615234375], [-77.35706523992121, -9.418496070429683, 4548.134765625], [-77.35709675587714, -9.418479055166245, 4548.134765625], [-77.35717722214758, -9.41840797662735, 4550.53759765625], [-77.3572280164808, -9.418366821482778, 4553.421875], [-77.35726028680801, -9.418323822319508, 4556.7861328125], [-77.35728207975626, -9.418298341333866, 4558.708984375], [-77.35733253881335, -9.418252240866423, 4560.63134765625], [-77.35736564733088, -9.418217204511166, 4562.55419921875], [-77.35738241113722, -9.418202200904489, 4564.47705078125], [-77.35744846053421, -9.41816858947277, 4565.9189453125], [-77.35749657265842, -9.418155262246728, 4566.39990234375], [-77.3575514741242, -9.418094661086798, 4566.39990234375], [-77.35760059207678, -9.418034814298153, 4567.361328125], [-77.3576027713716, -9.417977649718523, 4568.322265625], [-77.35762028954923, -9.417909756302834, 4568.80322265625], [-77.35766907222569, -9.417876061052084, 4570.2451171875], [-77.35768633894622, -9.417846221476793, 4571.20654296875], [-77.3577034380287, -9.417811017483473, 4572.16748046875], [-77.35770561732352, -9.417778747156262, 4573.609375], [-77.35775942914188, -9.417726527899504, 4574.57080078125], [-77.35776420682669, -9.417722253128886, 4574.57080078125], [-77.35777099616826, -9.41770632751286, 4574.57080078125], [-77.35778306610882, -9.417674895375967, 4574.57080078125], [-77.35782816074789, -9.417620161548257, 4575.5322265625], [-77.35784207470715, -9.417609851807356, 4575.5322265625], [-77.3578567430377, -9.417580850422382, 4575.5322265625], [-77.35792304389179, -9.417549250647426, 4577.935546875], [-77.35798297449946, -9.41749225370586, 4578.89697265625], [-77.35799370333552, -9.417467443272471, 4579.85791015625], [-77.35799412243068, -9.417336350306869, 4580.8193359375], [-77.35799781046808, -9.417297374457121, 4580.8193359375], [-77.35797551460564, -9.417232666164637, 4581.2998046875], [-77.3579709045589, -9.417159911245108, 4580.3388671875], [-77.3579672165215, -9.417094197124243, 4581.2998046875], [-77.3579603433609, -9.417088413611054, 4582.7421875], [-77.35803184099495, -9.417071733623743, 4584.18408203125], [-77.35809319652617, -9.417056310921907, 4586.58740234375], [-77.3581329267472, -9.417027980089188, 4591.3935546875], [-77.35815991647542, -9.416998643428087, 4594.75830078125], [-77.35818447545171, -9.416958997026086, 4596.20068359375], [-77.35826024785638, -9.417022364214063, 4599.08447265625], [-77.35829184763134, -9.417026303708553, 4599.5654296875], [-77.35829637385905, -9.417029740288854, 4600.0458984375], [-77.35835613682866, -9.417056981474161, 4604.37158203125], [-77.35840240493417, -9.417080199345946, 4609.17822265625], [-77.35842545516789, -9.417146919295192, 4614.46533203125], [-77.35845764167607, -9.417166197672486, 4613.0234375], [-77.35845990478992, -9.417159240692854, 4613.0234375], [-77.3584907501936, -9.417161336168647, 4612.54296875], [-77.35851371660829, -9.417167203500867, 4613.0234375], [-77.35858328640461, -9.417179273441434, 4613.98486328125], [-77.35861983150244, -9.417188996449113, 4615.90771484375], [-77.35868403688073, -9.417212130501866, 4616.86865234375], [-77.35871823504567, -9.41721472889185, 4614.9462890625], [-77.35876995138824, -9.417242808267474, 4615.90771484375], [-77.35879350453615, -9.41726652905345, 4616.38818359375], [-77.35881127417088, -9.41727097146213, 4615.4267578125], [-77.35882770270109, -9.417284382507205, 4615.4267578125], [-77.35885603353381, -9.41730123013258, 4615.4267578125], [-77.35887615010142, -9.417312294244766, 4615.90771484375], [-77.35893348231912, -9.417323861271143, 4615.4267578125], [-77.35895426943898, -9.417344396933913, 4616.86865234375], [-77.35898310318589, -9.417364345863461, 4616.86865234375], [-77.35901227220893, -9.417393431067467, 4618.79150390625], [-77.3590344004333, -9.417417487129569, 4619.27197265625], [-77.35906382091343, -9.41746685653925, 4624.55908203125], [-77.35908796079457, -9.417522931471467, 4633.69189453125], [-77.3591068200767, -9.417543048039079, 4635.1337890625], [-77.35912257805467, -9.417571546509862, 4637.056640625], [-77.35914319753647, -9.417606415227056, 4639.9404296875], [-77.35916247591376, -9.417631896212697, 4641.86328125], [-77.35917060635984, -9.417666094377637, 4645.2275390625], [-77.35918594524264, -9.417670201510191, 4644.2666015625], [-77.35918762162328, -9.417674308642745, 4646.18896484375], [-77.35919935628772, -9.417702052742243, 4648.11181640625], [-77.35920120030642, -9.417725438252091, 4648.11181640625], [-77.35920094884932, -9.41777522675693, 4647.630859375], [-77.35922844149172, -9.417760223150253, 4648.59228515625], [-77.35925677232444, -9.417749410495162, 4648.11181640625], [-77.35927420668304, -9.417753433808684, 4648.11181640625], [-77.35929633490741, -9.417731976136565, 4648.11181640625], [-77.3593161161989, -9.417703729122877, 4649.07275390625], [-77.35935090109706, -9.41770926117897, 4648.59228515625], [-77.3593835067004, -9.417698280885816, 4649.5537109375], [-77.359408903867, -9.417682606726885, 4651.95703125], [-77.35943983308971, -9.417697861790657, 4652.4375], [-77.35948383808136, -9.417718732729554, 4654.3603515625], [-77.35948978923261, -9.41774538718164, 4654.8408203125], [-77.35949548892677, -9.417761480435729, 4655.3212890625], [-77.35951887443662, -9.417825266718864, 4655.3212890625], [-77.35951887443662, -9.417825266718864, 4655.3212890625], [-77.35952398739755, -9.417825099080801, 4655.3212890625], [-77.35954628325999, -9.417822165414691, 4651.47607421875], [-77.35953656025231, -9.417825266718864, 4649.5537109375], [-77.35954293049872, -9.417817974463105, 4648.59228515625], [-77.3595682438463, -9.41779869608581, 4645.2275390625], [-77.35957310535014, -9.417793918401003, 4646.669921875], [-77.35959975980222, -9.417791403830051, 4647.150390625], [-77.35961358994246, -9.417775645852089, 4648.11181640625], [-77.35963605344296, -9.417770197615027, 4648.59228515625], [-77.3596372269094, -9.417737927287817, 4649.07275390625], [-77.35966078005731, -9.417723678052425, 4648.59228515625], [-77.35968022607267, -9.41770683042705, 4649.07275390625], [-77.3596974927932, -9.417692497372627, 4650.0341796875], [-77.35972775146365, -9.417680678889155, 4650.0341796875], [-77.35975557938218, -9.417675649747252, 4651.47607421875], [-77.35977787524462, -9.417665842920542, 4652.91796875], [-77.35979841090739, -9.417654611170292, 4654.8408203125], [-77.359813246876, -9.417608343064785, 4657.244140625], [-77.35982238315046, -9.417587807402015, 4657.724609375], [-77.35982942394912, -9.417542796581984, 4658.205078125], [-77.3598285857588, -9.417490074411035, 4658.68603515625], [-77.35982959158719, -9.417452774941921, 4659.16650390625], [-77.35983101651073, -9.417433245107532, 4660.12841796875], [-77.35983059741557, -9.417427964508533, 4660.60888671875], [-77.3598425835371, -9.417370883747935, 4662.05126953125], [-77.35984132625163, -9.417339619249105, 4663.01220703125], [-77.35986228100955, -9.417291590943933, 4664.4541015625], [-77.35985951498151, -9.417272731661797, 4664.93505859375], [-77.35985926352441, -9.417257392778993, 4664.93505859375], [-77.35986974090338, -9.417249681428075, 4664.93505859375], [-77.35989103093743, -9.417261583730578, 4664.93505859375], [-77.35993486829102, -9.41727046854794, 4665.89599609375], [-77.35996185801923, -9.41727289929986, 4665.89599609375], [-77.35999488271773, -9.41729485988617, 4666.376953125], [-77.3600341938436, -9.41732813604176, 4666.857421875], [-77.36005900427699, -9.417345151305199, 4666.857421875], [-77.36013184301555, -9.4173813611269, 4667.33837890625], [-77.3601882532239, -9.417453864589334, 4668.7802734375], [-77.36021742224693, -9.417508598417044, 4670.22216796875], [-77.36023083329201, -9.417551513761282, 4671.18359375], [-77.3602366168052, -9.41757682710886, 4671.6640625], [-77.36024122685194, -9.417601050809026, 4672.62548828125], [-77.36026234924793, -9.417600464075804, 4674.5478515625], [-77.36027517355978, -9.417626867070794, 4676.951171875], [-77.36029068008065, -9.417680846527219, 4677.91259765625], [-77.3603037558496, -9.417727198451757, 4679.8349609375], [-77.36031951382756, -9.417797522619367, 4681.7578125], [-77.36034214496613, -9.417851082980633, 4683.68017578125], [-77.36036301590502, -9.41790271550417, 4685.12255859375], [-77.36037449911237, -9.41793942824006, 4687.525390625], [-77.3603833001107, -9.417972872033715, 4689.4482421875], [-77.36039587296546, -9.418026935309172, 4691.37060546875], [-77.36040869727731, -9.418084435164928, 4692.8134765625], [-77.36041347496212, -9.418124835938215, 4694.25537109375], [-77.36042177304626, -9.418160542845726, 4695.697265625], [-77.36043518409133, -9.418199015781283, 4696.177734375], [-77.36043442972004, -9.418230783194304, 4696.658203125], [-77.36043820157647, -9.41827118396759, 4698.1005859375], [-77.36044993624091, -9.418323235586286, 4699.0615234375], [-77.36046007834375, -9.418370006605983, 4699.54248046875], [-77.3604557197541, -9.418402276933193, 4699.54248046875], [-77.36045437864959, -9.418446030467749, 4699.54248046875], [-77.36045286990702, -9.41846271045506, 4699.54248046875], [-77.36046242527664, -9.418493555858731, 4699.0615234375], [-77.36046175472438, -9.418513085693121, 4698.5810546875], [-77.36045957542956, -9.41854720003903, 4699.0615234375], [-77.36046879552305, -9.41859028302133, 4699.0615234375], [-77.3604697175324, -9.418617021292448, 4700.02294921875], [-77.36046963371336, -9.418633114546537, 4700.50390625], [-77.36047675833106, -9.418641747906804, 4701.46484375], [-77.36050274223089, -9.418675191700459, 4702.42626953125], [-77.36052009277046, -9.418729087337852, 4704.82958984375], [-77.3605244513601, -9.418739229440689, 4705.791015625], [-77.36052688211203, -9.418756160885096, 4706.751953125], [-77.36052294261754, -9.418784910812974, 4707.71337890625], [-77.36053174361587, -9.418804524466395, 4708.6748046875], [-77.3605389520526, -9.418850038200617, 4710.11669921875], [-77.36054909415543, -9.418886667117476, 4710.59716796875], [-77.36055755987763, -9.418908962979913, 4711.55859375], [-77.36056954599917, -9.41894500516355, 4712.0390625], [-77.36057960428298, -9.41896009258926, 4713.4814453125], [-77.36059452407062, -9.418995548039675, 4714.92333984375], [-77.36060692928731, -9.419042151421309, 4715.40380859375], [-77.36061589792371, -9.419063022360206, 4715.884765625], [-77.36062226817012, -9.419076098129153, 4716.365234375], [-77.36064037308097, -9.419121025130153, 4717.32666015625], [-77.3606507666409, -9.419130915775895, 4718.28759765625], [-77.36067130230367, -9.419166455045342, 4719.2490234375], [-77.36068454571068, -9.41917953081429, 4719.7294921875], [-77.36069628037512, -9.419181710109115, 4720.21044921875], [-77.36072402447462, -9.419197887182236, 4722.1328125], [-77.36074372194707, -9.41921473480761, 4723.5751953125], [-77.36076375469565, -9.419234348461032, 4725.017578125], [-77.36077993176877, -9.419239796698093, 4725.498046875], [-77.36079669557512, -9.419257482513785, 4726.45947265625], [-77.36082351766527, -9.419272989034653, 4727.42041015625], [-77.3608357552439, -9.419290171936154, 4727.42041015625], [-77.36086199060082, -9.419312132522464, 4728.3818359375], [-77.36089266836643, -9.419327303767204, 4729.34326171875], [-77.36091957427561, -9.419331746175885, 4729.82373046875], [-77.36094346269965, -9.41933250054717, 4730.78515625], [-77.36096550710499, -9.419332752004266, 4732.22705078125], [-77.36100557260215, -9.4193413015455, 4733.6689453125], [-77.36103314906359, -9.419336440041661, 4734.63037109375], [-77.36105837859213, -9.41932613030076, 4736.072265625], [-77.36107832752168, -9.419311545789242, 4737.03369140625], [-77.36111043021083, -9.419272569939494, 4737.03369140625], [-77.36113197170198, -9.41925480030477, 4737.51416015625], [-77.36115720123053, -9.419238120317459, 4737.9951171875], [-77.36118913628161, -9.419197384268045, 4739.91748046875], [-77.36121009103954, -9.419179111719131, 4740.3984375], [-77.36124185845256, -9.41917022690177, 4740.87890625], [-77.36126633360982, -9.419168550521135, 4741.84033203125], [-77.36131520010531, -9.419155307114124, 4742.32080078125], [-77.3613241687417, -9.419133933261037, 4744.72412109375], [-77.36132894642651, -9.41913946531713, 4745.685546875], [-77.36132852733135, -9.419141560792923, 4746.166015625], [-77.36133573576808, -9.419144243001938, 4747.60791015625], [-77.36136331222951, -9.419123120605946, 4748.0888671875], [-77.36135736107826, -9.419119600206614, 4748.5693359375], [-77.36137152649462, -9.419125886633992, 4749.0498046875], [-77.36144880764186, -9.419108619913459, 4750.49169921875], [-77.36145517788827, -9.419105099514127, 4750.49169921875], [-77.36154603771865, -9.419083977118134, 4751.93408203125], [-77.36157730221748, -9.41909302957356, 4753.3759765625], [-77.36160345375538, -9.419107865542173, 4754.33740234375], [-77.36164427362382, -9.419128904119134, 4755.779296875], [-77.36168073490262, -9.419142063707113, 4757.2216796875], [-77.36169582232833, -9.419147511944175, 4757.7021484375], [-77.36172926612198, -9.419153463095427, 4758.1826171875], [-77.36175717785954, -9.419174920767546, 4759.14404296875], [-77.36177385784686, -9.419204005971551, 4759.625], [-77.3617784678936, -9.419223200529814, 4760.5859375], [-77.36177955754101, -9.419239880517125, 4760.5859375], [-77.3617787193507, -9.419282292947173, 4762.0283203125], [-77.36177729442716, -9.419304504990578, 4762.9892578125], [-77.36178106628358, -9.419335769489408, 4764.912109375], [-77.36178467050195, -9.419358232989907, 4765.873046875], [-77.36178617924452, -9.419365860521793, 4766.35400390625], [-77.36178173683584, -9.419387737289071, 4766.83447265625], [-77.36177746206522, -9.419423444196582, 4766.83447265625], [-77.36177142709494, -9.419457726180553, 4766.35400390625], [-77.36177645623684, -9.419480105862021, 4767.3154296875], [-77.3617681581527, -9.419519249349833, 4768.75732421875], [-77.36177620477974, -9.419560739770532, 4769.23779296875], [-77.36178810708225, -9.4195572193712, 4769.23779296875], [-77.36180218867958, -9.41955336369574, 4769.23779296875], [-77.3618231434375, -9.419555040076375, 4769.71875], [-77.36185390502214, -9.419549591839314, 4770.19921875], [-77.36190578900278, -9.419528972357512, 4771.64111328125], [-77.36192347481847, -9.419519416987896, 4772.6025390625], [-77.36196773126721, -9.419500222429633, 4774.04443359375], [-77.36200067214668, -9.419499468058348, 4775.005859375], [-77.36201953142881, -9.419499803334475, 4776.92822265625], [-77.36204149201512, -9.419485051184893, 4777.4091796875], [-77.36206186003983, -9.419471975415945, 4777.8896484375], [-77.36211952753365, -9.419451439753175, 4779.81201171875], [-77.3621429130435, -9.41944582387805, 4779.81201171875], [-77.36216596327722, -9.419430904090405, 4780.29296875], [-77.36221290193498, -9.419442135840654, 4780.29296875], [-77.36223838292062, -9.419429143890738, 4781.25390625], [-77.36226428300142, -9.419426880776882, 4782.21533203125], [-77.3622861597687, -9.41943023353815, 4782.6962890625], [-77.36230652779341, -9.419443560764194, 4783.6572265625], [-77.36232697963715, -9.419435430318117, 4783.6572265625], [-77.36234441399574, -9.4194311555475, 4786.060546875], [-77.36234634183347, -9.419439118355513, 4787.9833984375], [-77.36236746422946, -9.419443141669035, 4789.42578125], [-77.36238674260676, -9.419448086991906, 4790.38720703125], [-77.36240250058472, -9.41946149803698, 4790.86767578125], [-77.36241205595434, -9.41946828737855, 4791.34814453125], [-77.36242932267487, -9.419474489986897, 4792.3095703125], [-77.36244264990091, -9.419491421431303, 4792.79052734375], [-77.36246553249657, -9.41950592212379, 4794.232421875], [-77.36247014254332, -9.419519919902086, 4795.67431640625], [-77.36247399821877, -9.419519416987896, 4795.67431640625], [-77.36249595880508, -9.419536516070366, 4796.15478515625], [-77.3625105433166, -9.419539701193571, 4796.63525390625], [-77.36251733265817, -9.41955529153347, 4797.1162109375], [-77.36255102790892, -9.419599045068026, 4800.0], [-77.36255840398371, -9.419600386172533, 4800.96142578125], [-77.36255982890725, -9.419598709791899, 4800.48095703125], [-77.36256980337203, -9.419599045068026, 4800.96142578125], [-77.36258598044515, -9.419636176899076, 4802.8837890625], [-77.36257340759039, -9.419673727825284, 4805.76806640625], [-77.36258153803647, -9.41970331594348, 4808.17138671875], [-77.36259000375867, -9.419711278751493, 4809.13232421875], [-77.36259813420475, -9.41971899010241, 4809.61328125], [-77.36258782446384, -9.419745644554496, 4811.05517578125], [-77.36258472315967, -9.419766180217266, 4811.53564453125], [-77.36259159632027, -9.419777495786548, 4811.53564453125], [-77.36260207369924, -9.419781351462007, 4811.53564453125], [-77.36261129379272, -9.419783614575863, 4811.53564453125], [-77.36261825077236, -9.419804234057665, 4812.4970703125], [-77.36260341480374, -9.419827619567513, 4812.9775390625], [-77.36260710284114, -9.419862739741802, 4813.93896484375], [-77.36263115890324, -9.419875061139464, 4814.900390625], [-77.36264607869089, -9.419884281232953, 4815.86181640625], [-77.36266736872494, -9.419892998412251, 4817.7841796875], [-77.36267901957035, -9.419895596802235, 4818.74560546875], [-77.36269863322377, -9.419916803017259, 4820.66845703125], [-77.36270735040307, -9.419924346730113, 4821.6298828125], [-77.36271070316434, -9.419933147728443, 4822.1103515625], [-77.36272864043713, -9.419944295659661, 4822.59130859375], [-77.36276376061141, -9.419960640370846, 4822.59130859375], [-77.36278236843646, -9.419963993132114, 4823.552734375], [-77.36279871314764, -9.419974302873015, 4824.513671875], [-77.36280935816467, -9.419978829100728, 4825.95556640625], [-77.36281430348754, -9.419980170205235, 4827.87841796875], [-77.36283743754029, -9.420002717524767, 4829.80078125], [-77.36284690909088, -9.420017721131444, 4830.76220703125], [-77.36284305341542, -9.420036245137453, 4831.7236328125], [-77.36286987550557, -9.420036328956485, 4832.68505859375], [-77.36290415748954, -9.420039094984531, 4833.16552734375], [-77.36298269592226, -9.420032305642962, 4834.126953125], [-77.36301563680172, -9.420035742223263, 4834.607421875], [-77.36302452161908, -9.420058205723763, 4837.4912109375], [-77.3630113620311, -9.420057535171509, 4837.4912109375], [-77.36300390213728, -9.420063067227602, 4837.4912109375], [-77.36301085911691, -9.420047560706735, 4835.087890625], [-77.36301437951624, -9.420054266229272, 4837.0107421875], [-77.363011110574, -9.420051500201225, 4837.4912109375], [-77.36300926655531, -9.42005761899054, 4837.4912109375], [-77.36300926655531, -9.420058205723763, 4837.4912109375], [-77.3630044888705, -9.420061726123095, 4837.4912109375], [-77.36303390935063, -9.420059379190207, 4837.4912109375], [-77.3630961868912, -9.420061558485031, 4837.97216796875], [-77.36315469257534, -9.42005175165832, 4840.37548828125], [-77.36319559626281, -9.42004001699388, 4840.37548828125], [-77.36322845332325, -9.420040436089039, 4840.85595703125], [-77.36324337311089, -9.42005267366767, 4840.85595703125], [-77.3632793314755, -9.420053511857986, 4841.33642578125], [-77.36333565786481, -9.420069102197886, 4841.8173828125], [-77.36335854046047, -9.420073879882693, 4842.2978515625], [-77.36338502727449, -9.420079998672009, 4843.25927734375], [-77.36341394484043, -9.42007027566433, 4844.701171875], [-77.36343389376998, -9.420045968145132, 4845.66259765625], [-77.36349608749151, -9.419973632320762, 4844.701171875], [-77.36352156847715, -9.419936165213585, 4845.66259765625], [-77.36355283297598, -9.419916635379195, 4845.66259765625], [-77.36358904279768, -9.419894590973854, 4846.6240234375], [-77.36361142247915, -9.41988319158554, 4847.1044921875], [-77.36363237723708, -9.419850083068013, 4847.1044921875], [-77.36365098506212, -9.41983625292778, 4848.06591796875], [-77.36365995369852, -9.419833486899734, 4848.06591796875], [-77.36367294564843, -9.419817393645644, 4848.54638671875], [-77.36367898061872, -9.41980884410441, 4849.02685546875], [-77.36370303668082, -9.419767269864678, 4849.98828125], [-77.36370714381337, -9.419703064486384, 4850.94970703125], [-77.36371862702072, -9.41968529485166, 4850.94970703125], [-77.36373446881771, -9.419672302901745, 4852.87255859375], [-77.36376707442105, -9.419641625136137, 4854.31494140625], [-77.36380822956562, -9.419600889086723, 4854.79541015625], [-77.36382918432355, -9.419575911015272, 4855.27587890625], [-77.36385030671954, -9.419555878266692, 4856.2373046875], [-77.36389305442572, -9.419502653181553, 4857.67919921875], [-77.36392205581069, -9.419475998729467, 4859.12109375], [-77.36393856815994, -9.419453116133809, 4859.12109375], [-77.36396153457463, -9.419448422268033, 4860.56298828125], [-77.36398173496127, -9.419436436146498, 4860.56298828125], [-77.3640166874975, -9.4193931017071, 4860.56298828125], [-77.36402817070484, -9.419381702318788, 4861.0439453125], [-77.36406655982137, -9.419375751167536, 4860.56298828125], [-77.3641028534621, -9.419378601014614, 4861.5244140625], [-77.36413001082838, -9.41938723437488, 4862.00537109375], [-77.36419044435024, -9.419391173869371, 4862.96630859375], [-77.3642305098474, -9.419388324022293, 4863.447265625], [-77.36429396085441, -9.41939259879291, 4863.927734375], [-77.36437040381134, -9.419363010674715, 4863.927734375], [-77.36444944515824, -9.419358903542161, 4864.88916015625], [-77.36452178098261, -9.419365106150508, 4864.408203125], [-77.36452815122902, -9.419364184141159, 4864.408203125], [-77.36460518091917, -9.419362926855683, 4863.927734375], [-77.3646781872958, -9.419346917420626, 4864.408203125], [-77.36472009681165, -9.419344067573547, 4864.88916015625], [-77.36477499827743, -9.419322526082397, 4864.408203125], [-77.36479796469212, -9.419295955449343, 4864.408203125], [-77.36482403241098, -9.419270558282733, 4864.408203125], [-77.3648491781205, -9.419257566332817, 4864.408203125], [-77.36490860581398, -9.419272318482399, 4864.88916015625], [-77.36496459692717, -9.419285310432315, 4865.36962890625], [-77.3649987950921, -9.419278437271714, 4865.85009765625], [-77.36501497216523, -9.419271480292082, 4866.3310546875], [-77.36508605070412, -9.419267037883401, 4867.29248046875], [-77.36513583920896, -9.419256057590246, 4867.77294921875], [-77.36516701988876, -9.419256141409278, 4868.25341796875], [-77.36519342288375, -9.41925035789609, 4868.25341796875], [-77.36522426828742, -9.419250776991248, 4869.21484375], [-77.36523692496121, -9.41923820413649, 4869.21484375], [-77.36526098102331, -9.419234013184905, 4870.17626953125], [-77.36531051807106, -9.41924205981195, 4873.06005859375], [-77.36534027382731, -9.419234935194254, 4874.501953125], [-77.36541378311813, -9.419225798919797, 4875.46337890625], [-77.36545661464334, -9.419216411188245, 4877.38623046875], [-77.36548645421863, -9.419214148074389, 4877.86669921875], [-77.36551051028073, -9.419207945466042, 4878.828125], [-77.36552082002163, -9.419202245771885, 4878.828125], [-77.36553406342864, -9.41919076256454, 4879.30859375], [-77.3655654117465, -9.41917316056788, 4880.27001953125], [-77.36559282056987, -9.419177854433656, 4880.75048828125], [-77.36563045531511, -9.419186152517796, 4881.23095703125], [-77.36566046252847, -9.419183302670717, 4881.7119140625], [-77.36570497043431, -9.419185565784574, 4882.1923828125], [-77.36572215333581, -9.419184559956193, 4882.67333984375], [-77.36575718969107, -9.419204592704773, 4883.63427734375], [-77.36577990464866, -9.419200401753187, 4885.0771484375], [-77.36579281277955, -9.419189924374223, 4884.59619140625], [-77.36579658463597, -9.41916930489242, 4885.5576171875], [-77.36581209115684, -9.419167963787913, 4886.0380859375], [-77.36589741893113, -9.419182129204273, 4884.11572265625], [-77.36595114693046, -9.419179949909449, 4883.63427734375], [-77.36596690490842, -9.419169640168548, 4883.63427734375], [-77.36606405116618, -9.419122282415628, 4883.15380859375], [-77.36616170033813, -9.419078109785914, 4883.63427734375], [-77.36623546108603, -9.419037206098437, 4884.59619140625], [-77.3662425018847, -9.419032512232661, 4884.59619140625], [-77.36629991792142, -9.41905153915286, 4884.11572265625], [-77.36631601117551, -9.419058412313461, 4884.11572265625], [-77.36631550826132, -9.41905740648508, 4883.63427734375], [-77.36632539890707, -9.419071236625314, 4883.63427734375], [-77.36632539890707, -9.419071236625314, 4883.63427734375], [-77.36634124070406, -9.41909059882164, 4884.11572265625], [-77.36638465896249, -9.419109541922808, 4884.11572265625], [-77.36638516187668, -9.419111385941505, 4884.11572265625], [-77.36640963703394, -9.419119181111455, 4882.67333984375], [-77.3664687294513, -9.419098729267716, 4882.1923828125], [-77.36651172861457, -9.419076014310122, 4881.7119140625], [-77.36659990623593, -9.41909009590745, 4881.23095703125], [-77.36670820042491, -9.419092694297433, 4880.75048828125], [-77.36679679714143, -9.419101243838668, 4879.7890625], [-77.36687374301255, -9.419113146141171, 4879.7890625], [-77.3669418040663, -9.419119097292423, 4880.75048828125], [-77.36698052845895, -9.419146841391921, 4881.7119140625], [-77.3669922631234, -9.41915798932314, 4881.7119140625], [-77.36704079434276, -9.419184727594256, 4882.67333984375], [-77.36714732833207, -9.419207191094756, 4883.15380859375], [-77.36724682152271, -9.419233091175556, 4884.11572265625], [-77.3672961909324, -9.419240383431315, 4885.5576171875], [-77.36733826808631, -9.419256895780563, 4886.0380859375], [-77.36738906241953, -9.419274581596255, 4887.47998046875], [-77.3674286250025, -9.419305510818958, 4888.44140625], [-77.3674687743187, -9.419325040653348, 4890.3642578125], [-77.36749358475208, -9.419329483062029, 4890.3642578125], [-77.36751680262387, -9.419338619336486, 4890.8447265625], [-77.36753482371569, -9.419338200241327, 4891.80615234375], [-77.3675652500242, -9.419381283223629, 4891.80615234375], [-77.3675652500242, -9.419381283223629, 4891.80615234375], [-77.36756918951869, -9.419363429769874, 4892.28662109375], [-77.36762979067862, -9.419275419786572, 4894.68994140625], [-77.36767505295575, -9.419263014569879, 4897.09326171875], [-77.36770908348262, -9.41926117055118, 4898.0546875], [-77.36774294637144, -9.419275922700763, 4898.0546875], [-77.36776817589998, -9.419273156672716, 4899.015625], [-77.36779801547527, -9.41928698681295, 4899.49658203125], [-77.36781846731901, -9.419279946014285, 4899.97705078125], [-77.36782944761217, -9.419275587424636, 4900.4580078125], [-77.36784202046692, -9.419283298775554, 4900.4580078125], [-77.3678636457771, -9.41928070038557, 4900.4580078125], [-77.36787638626993, -9.419272989034653, 4900.4580078125], [-77.36789792776108, -9.419255051761866, 4901.4189453125], [-77.36791963689029, -9.419251196086407, 4902.38037109375], [-77.36796313896775, -9.419249938800931, 4903.822265625], [-77.36800974234939, -9.419266870245337, 4905.26416015625], [-77.36803337931633, -9.419292937964201, 4906.7060546875], [-77.36809842288494, -9.419333171099424, 4907.66748046875], [-77.36810035072267, -9.419325878843665, 4908.1484375], [-77.36813982948661, -9.419311126694083, 4909.109375], [-77.36814611591399, -9.419309617951512, 4909.109375], [-77.36818257719278, -9.419288244098425, 4910.07080078125], [-77.36822163686156, -9.41929578781128, 4910.55126953125], [-77.36822700127959, -9.41929679363966, 4910.55126953125], [-77.36828148365021, -9.419297128915787, 4909.109375], [-77.36829447560012, -9.419295536354184, 4908.62890625], [-77.36829606816173, -9.419291596859694, 4908.62890625], [-77.36829606816173, -9.419291596859694, 4908.62890625], [-77.36829464323819, -9.419292602688074, 4908.1484375], [-77.36830352805555, -9.419287238270044, 4908.1484375], [-77.36835197545588, -9.419245580211282, 4908.1484375], [-77.36840503290296, -9.419221775606275, 4909.109375], [-77.36845532432199, -9.419210543856025, 4909.109375], [-77.36846328713, -9.419210543856025, 4909.109375], [-77.36847762018442, -9.41920442506671, 4909.59033203125], [-77.36849983222783, -9.419190594926476, 4911.5126953125], [-77.36851709894836, -9.419201156124473, 4912.47412109375], [-77.36853855662048, -9.419173076748848, 4913.435546875], [-77.36854987218976, -9.419157402589917, 4914.396484375], [-77.36856143921614, -9.419142650440335, 4914.87744140625], [-77.36857493408024, -9.41911649890244, 4915.8388671875], [-77.36858197487891, -9.41910920664668, 4916.31982421875], [-77.36860049888492, -9.41909696906805, 4918.2421875], [-77.36861349083483, -9.41907643340528, 4918.72314453125], [-77.36863981001079, -9.419079031795263, 4920.1650390625], [-77.36865154467523, -9.419075511395931, 4920.6455078125], [-77.36866998486221, -9.419056987389922, 4920.6455078125], [-77.36868347972631, -9.419061010703444, 4921.12646484375], [-77.36869311891496, -9.419064028188586, 4921.60693359375], [-77.36871306784451, -9.419085569679737, 4922.08740234375], [-77.36873502843082, -9.419073164463043, 4922.568359375], [-77.36876662820578, -9.419046929106116, 4923.52978515625], [-77.3687791172415, -9.41903536207974, 4924.49072265625], [-77.36879244446754, -9.419019520282745, 4924.9716796875], [-77.36880510114133, -9.419003678485751, 4925.9326171875], [-77.36882681027055, -9.418986747041345, 4927.37451171875], [-77.36883904784918, -9.418966714292765, 4928.81689453125], [-77.36883904784918, -9.418966714292765, 4928.81689453125], [-77.36886008642614, -9.418945591896772, 4929.77783203125], [-77.36887710168958, -9.4189337734133, 4929.77783203125], [-77.36890300177038, -9.418900413438678, 4931.22021484375], [-77.36891540698707, -9.418880715966225, 4932.18115234375], [-77.36894013360143, -9.418829837813973, 4933.623046875], [-77.36895706504583, -9.418795639649034, 4935.06494140625], [-77.36896712332964, -9.418785078451037, 4936.0263671875], [-77.36900735646486, -9.418771080672741, 4937.46826171875], [-77.36902839504182, -9.418758004903793, 4937.94921875], [-77.36906577832997, -9.418739397078753, 4938.4296875], [-77.3690743278712, -9.418733194470406, 4938.4296875], [-77.36908849328756, -9.418712323531508, 4939.39111328125], [-77.36909922212362, -9.418697571381927, 4939.87158203125], [-77.36911548301578, -9.418683154508471, 4941.3134765625], [-77.3691350966692, -9.41866496577859, 4941.79443359375], [-77.36914783716202, -9.418647950515151, 4943.236328125], [-77.36919796094298, -9.418619116768241, 4946.1201171875], [-77.36921271309257, -9.418602772057056, 4947.56201171875], [-77.3692302312702, -9.418598162010312, 4949.00439453125], [-77.36924272030592, -9.418585002422333, 4949.4853515625], [-77.369264094159, -9.418573016300797, 4950.4462890625], [-77.36929963342845, -9.418558347970247, 4950.92724609375], [-77.36930390819907, -9.4185555819422, 4950.92724609375], [-77.3693333286792, -9.418550971895456, 4952.369140625], [-77.36937180161476, -9.41853261552751, 4953.33056640625], [-77.3694046586752, -9.418518533930182, 4954.7724609375], [-77.36942863091826, -9.41850914619863, 4955.2529296875], [-77.36942494288087, -9.418509732931852, 4954.7724609375], [-77.3694282118231, -9.41851157695055, 4954.2919921875], [-77.3694300558418, -9.41850914619863, 4954.2919921875], [-77.36943198367953, -9.418506883084774, 4954.2919921875], [-77.36946299672127, -9.418486766517162, 4954.7724609375], [-77.36948462203145, -9.418458435684443, 4955.2529296875], [-77.3695011343807, -9.418449215590954, 4955.2529296875], [-77.36952234059572, -9.418421471491456, 4955.2529296875], [-77.36954916268587, -9.418402947485447, 4955.73388671875], [-77.36956818960607, -9.418380064889789, 4956.21435546875], [-77.36959031783044, -9.418376376852393, 4956.69482421875], [-77.36962661147118, -9.418364055454731, 4959.5791015625], [-77.36964957788587, -9.418367743492126, 4960.0595703125], [-77.36966743133962, -9.418362965807319, 4960.5400390625], [-77.36967178992927, -9.418362714350224, 4960.5400390625], [-77.3696826864034, -9.41832834854722, 4961.50146484375], [-77.36969282850623, -9.418312842026353, 4961.982421875], [-77.36970657482743, -9.418295659124851, 4961.982421875], [-77.3697321396321, -9.418281745165586, 4962.462890625], [-77.36975527368486, -9.41826531663537, 4961.982421875], [-77.3698000330478, -9.418188203126192, 4961.02099609375], [-77.36982618458569, -9.418156435713172, 4960.5400390625], [-77.3698016256094, -9.41822080872953, 4960.0595703125], [-77.36979542300105, -9.418244445696473, 4960.0595703125], [-77.36980288289487, -9.418212594464421, 4960.0595703125], [-77.36984403803945, -9.418132044374943, 4960.5400390625], [-77.3698706086725, -9.418111676350236, 4961.02099609375], [-77.36988343298435, -9.418098516762257, 4961.02099609375], [-77.36991033889353, -9.418081836774945, 4961.50146484375], [-77.36992970108986, -9.418069180101156, 4962.943359375], [-77.36994378268719, -9.418061971664429, 4962.943359375], [-77.36995325423777, -9.418054092675447, 4963.42431640625], [-77.36997135914862, -9.418036742135882, 4964.38525390625], [-77.36998510546982, -9.418023079633713, 4964.8662109375], [-77.36999197863042, -9.418018637225032, 4965.3466796875], [-77.37000530585647, -9.418000616133213, 4965.8271484375], [-77.37003304995596, -9.417997263371944, 4966.30810546875], [-77.37003304995596, -9.417997263371944, 4966.30810546875], [-77.37004277296364, -9.41800681874156, 4967.26953125], [-77.3700711876154, -9.417999275028706, 4967.26953125], [-77.37008141353726, -9.417980331927538, 4968.23046875], [-77.37009482458234, -9.41798284649849, 4968.71142578125], [-77.37010982818902, -9.417952923104167, 4970.1533203125], [-77.37012759782374, -9.417917551472783, 4970.1533203125], [-77.37014343962073, -9.417878994718194, 4970.6337890625], [-77.3701539169997, -9.417875055223703, 4970.6337890625], [-77.37019155174494, -9.417848316952586, 4971.59521484375], [-77.37020471133292, -9.417814705520868, 4972.07568359375], [-77.37022642046213, -9.41776198334992, 4972.556640625], [-77.37024938687682, -9.417745806276798, 4973.037109375], [-77.3702554218471, -9.417733903974295, 4973.517578125], [-77.3702696710825, -9.417719319462776, 4974.47900390625], [-77.37027578987181, -9.417710937559605, 4974.9599609375], [-77.37028383649886, -9.417701382189989, 4975.4404296875], [-77.37029858864844, -9.417694676667452, 4975.9208984375], [-77.37030261196196, -9.41769895143807, 4975.9208984375], [-77.37031971104443, -9.417693670839071, 4977.36328125], [-77.37032532691956, -9.417691994458437, 4977.36328125], [-77.37033613957465, -9.417698113247752, 4975.9208984375], [-77.37032817676663, -9.4177077524364, 4978.80517578125], [-77.37030948512256, -9.417708842083812, 4982.65087890625], [-77.37031845375896, -9.417711608111858, 4983.61181640625], [-77.37031845375896, -9.417725941166282, 4983.61181640625], [-77.37031057476997, -9.417724348604679, 4984.0927734375], [-77.37031878903508, -9.417720073834062, 4983.61181640625], [-77.37032054923475, -9.417718145996332, 4984.0927734375], [-77.37035231664777, -9.417668273672462, 4986.01513671875], [-77.3703693319112, -9.417639523744583, 4985.53466796875], [-77.37037419341505, -9.417623179033399, 4986.01513671875], [-77.3703922983259, -9.417589902877808, 4986.01513671875], [-77.37040688283741, -9.417584789916873, 4985.53466796875], [-77.37041995860636, -9.417568445205688, 4986.01513671875], [-77.37042247317731, -9.417559057474136, 4986.01513671875], [-77.37043043598533, -9.41755528561771, 4986.01513671875], [-77.37044719979167, -9.417552687227726, 4986.01513671875], [-77.37047100439668, -9.417540114372969, 4986.49609375], [-77.3704768717289, -9.417539108544588, 4986.49609375], [-77.37049556337297, -9.417533744126558, 4986.49609375], [-77.37050922587514, -9.417521758005023, 4987.45703125], [-77.3705252353102, -9.417518237605691, 4987.45703125], [-77.37053378485143, -9.417500384151936, 4988.89892578125], [-77.37054551951587, -9.417495774105191, 4989.3798828125], [-77.37055851146579, -9.417486386373639, 4990.34130859375], [-77.37057820893824, -9.417484123259783, 4991.30224609375], [-77.3705818131566, -9.417478675022721, 4991.783203125], [-77.37059589475393, -9.4174659345299, 4993.70556640625], [-77.3706148378551, -9.417457384988666, 4995.62841796875], [-77.37062682397664, -9.417451182380319, 4996.58935546875], [-77.37063721753657, -9.417460318654776, 4997.55078125], [-77.3706354573369, -9.417473645880818, 4998.51220703125], [-77.37065331079066, -9.417492840439081, 4999.9541015625], [-77.37065624445677, -9.417517147958279, 5000.43505859375], [-77.37068164162338, -9.41752552986145, 5000.43505859375], [-77.37070385366678, -9.417538018897176, 5000.43505859375], [-77.37072665244341, -9.417546903714538, 5000.91552734375], [-77.37075037322938, -9.417547825723886, 5001.39599609375], [-77.37075724638999, -9.417554615065455, 5001.876953125], [-77.37079856917262, -9.417555620893836, 5001.39599609375], [-77.37081122584641, -9.417554782703519, 5001.876953125], [-77.37081558443606, -9.41755193285644, 5001.876953125], [-77.37083184532821, -9.417547741904855, 5002.357421875], [-77.3708325996995, -9.41754799336195, 5002.357421875], [-77.37083544954658, -9.417545814067125, 5003.31884765625], [-77.37086210399866, -9.417533660307527, 5004.27978515625], [-77.37088314257562, -9.417543215677142, 5005.2412109375], [-77.37089714035392, -9.417561404407024, 5006.20263671875], [-77.37091968767345, -9.417592668905854, 5005.2412109375], [-77.37095061689615, -9.417590908706188, 5005.72216796875], [-77.37098230049014, -9.417585376650095, 5005.72216796875], [-77.37102538347244, -9.417595267295837, 5006.20263671875], [-77.37106142565608, -9.417641451582313, 5006.68310546875], [-77.3710918519646, -9.417673805728555, 5006.20263671875], [-77.37111850641668, -9.417701130732894, 5005.72216796875], [-77.37113451585174, -9.417735999450088, 5006.68310546875], [-77.37115094438195, -9.41776198334992, 5006.68310546875], [-77.37116016447544, -9.417802216485143, 5009.08642578125], [-77.37116569653153, -9.417835241183639, 5009.08642578125], [-77.37117609009147, -9.417851753532887, 5009.5673828125], [-77.37121481448412, -9.417869774624705, 5010.5283203125], [-77.37122805789113, -9.417887711897492, 5011.97021484375], [-77.37123786471784, -9.417925430461764, 5011.97021484375], [-77.37125102430582, -9.417948061600327, 5012.45166015625], [-77.37125789746642, -9.417959963902831, 5012.93212890625], [-77.3713038302958, -9.418006064370275, 5014.85498046875], [-77.37131103873253, -9.41803221590817, 5014.3740234375], [-77.37132210284472, -9.418095834553242, 5014.85498046875], [-77.37135487608612, -9.418082926422358, 5015.33544921875], [-77.37137155607343, -9.418085440993309, 5016.77734375], [-77.37139158882201, -9.418105389922857, 5018.21923828125], [-77.37139510922134, -9.418105306103826, 5018.21923828125], [-77.3713817819953, -9.418115532025695, 5018.7001953125], [-77.37140038982034, -9.418094158172607, 5018.7001953125], [-77.37141765654087, -9.418081836774945, 5017.73876953125], [-77.37141765654087, -9.418081836774945, 5017.73876953125], [-77.3714296426624, -9.418081417679787, 5018.7001953125], [-77.37144288606942, -9.418088123202324, 5018.7001953125], [-77.37143266014755, -9.418089548125863, 5018.21923828125], [-77.37146308645606, -9.418081501498818, 5018.21923828125], [-77.37150189466774, -9.418108407407999, 5019.6611328125], [-77.37152645364404, -9.418112179264426, 5019.6611328125], [-77.37155277282, -9.418122405186296, 5020.62255859375], [-77.37157406285405, -9.418132966384292, 5020.62255859375], [-77.37158521078527, -9.41814017482102, 5021.103515625], [-77.37159593962133, -9.41813975572586, 5021.583984375], [-77.37163474783301, -9.418202117085457, 5022.064453125], [-77.37168059684336, -9.41823648288846, 5022.064453125], [-77.37171462737024, -9.418250480666757, 5022.064453125], [-77.37176542170346, -9.418268417939544, 5022.064453125], [-77.37180339172482, -9.418302197009325, 5022.54541015625], [-77.37181948497891, -9.418306555598974, 5023.02587890625], [-77.37183348275721, -9.418289372697473, 5023.5068359375], [-77.37187698483467, -9.418259281665087, 5024.4677734375], [-77.3718945030123, -9.418227095156908, 5025.42919921875], [-77.37190162763, -9.418215611949563, 5026.87109375], [-77.37191772088408, -9.418187281116843, 5028.7939453125], [-77.37193674780428, -9.418177558109164, 5029.2744140625], [-77.37198838032782, -9.418162386864424, 5028.31298828125], [-77.37200455740094, -9.418150400742888, 5028.31298828125], [-77.37202576361597, -9.418137492612004, 5029.2744140625], [-77.372065493837, -9.418130535632372, 5029.2744140625], [-77.37211151048541, -9.418128104880452, 5032.158203125], [-77.37213925458491, -9.418108323588967, 5031.677734375], [-77.37216708250344, -9.418108994141221, 5031.677734375], [-77.37221645191312, -9.418096169829369, 5030.23583984375], [-77.37224075943232, -9.418111676350236, 5029.7548828125], [-77.37225651741028, -9.418130535632372, 5030.23583984375], [-77.3722861893475, -9.418134558945894, 5028.7939453125], [-77.37231661565602, -9.418163895606995, 5027.83251953125], [-77.3723741993308, -9.41817537881434, 5026.87109375], [-77.37242080271244, -9.418187029659748, 5026.87109375], [-77.37242298200727, -9.418184766545892, 5026.87109375], [-77.3724265024066, -9.41818367689848, 5026.87109375], [-77.3724386561662, -9.418183425441384, 5027.3515625], [-77.37245835363865, -9.41817982122302, 5027.3515625], [-77.37248215824366, -9.418178899213672, 5027.3515625], [-77.37249439582229, -9.418184263631701, 5027.83251953125], [-77.37250118516386, -9.418186359107494, 5027.83251953125], [-77.37251048907638, -9.418194238096476, 5028.7939453125], [-77.37252473831177, -9.418211169540882, 5029.7548828125], [-77.37255306914449, -9.418236063793302, 5030.71630859375], [-77.37258617766201, -9.418249810114503, 5031.197265625], [-77.37259028479457, -9.418249474838376, 5031.197265625], [-77.37261936999857, -9.418254001066089, 5032.158203125], [-77.37262574024498, -9.418262718245387, 5032.158203125], [-77.37264258787036, -9.418278560042381, 5033.11962890625], [-77.37264837138355, -9.41827998496592, 5033.11962890625], [-77.3726609442383, -9.418284008279443, 5033.11962890625], [-77.37266656011343, -9.418290043249726, 5033.60009765625], [-77.37267083488405, -9.418294234201312, 5033.60009765625], [-77.37270838581026, -9.418307477608323, 5033.60009765625], [-77.37273193895817, -9.418320804834366, 5034.0810546875], [-77.37274669110775, -9.418336562812328, 5034.0810546875], [-77.37278893589973, -9.418362295255065, 5034.5615234375], [-77.37280083820224, -9.418368330225348, 5034.5615234375], [-77.37281751818955, -9.418385596945882, 5035.0419921875], [-77.37285381183028, -9.418442342430353, 5035.52294921875], [-77.37286948598921, -9.418460363522172, 5036.00341796875], [-77.37288868054748, -9.418471343815327, 5036.00341796875], [-77.37290066666901, -9.418478216975927, 5036.484375], [-77.37292698584497, -9.418503362685442, 5036.484375], [-77.37294986844063, -9.418507721275091, 5036.96484375], [-77.3729823064059, -9.41851987503469, 5037.4453125], [-77.37300183624029, -9.418525155633688, 5038.40673828125], [-77.37301281653345, -9.418530268594623, 5038.40673828125], [-77.3730362020433, -9.418546613305807, 5037.92626953125], [-77.3730499483645, -9.418549882248044, 5037.92626953125], [-77.37306964583695, -9.418563293293118, 5038.40673828125], [-77.37308867275715, -9.418577123433352, 5038.40673828125], [-77.37310342490673, -9.418581230565906, 5038.40673828125], [-77.37312572076917, -9.418593468144536, 5038.8876953125], [-77.37313577905297, -9.418595479801297, 5039.3681640625], [-77.3731379583478, -9.41859950311482, 5039.3681640625], [-77.37315254285932, -9.418602688238025, 5039.3681640625], [-77.37317886203527, -9.418616769835353, 5038.8876953125], [-77.37321582622826, -9.418637724593282, 5037.92626953125], [-77.37323116511106, -9.418649626895785, 5036.484375], [-77.37323753535748, -9.418661026284099, 5036.484375], [-77.37324407324195, -9.418686255812645, 5036.00341796875], [-77.37328204326332, -9.418730679899454, 5034.5615234375], [-77.37331431359053, -9.418752221390605, 5034.5615234375], [-77.37332697026432, -9.418756244704127, 5034.0810546875], [-77.37332940101624, -9.418756579980254, 5034.5615234375], [-77.37333728000522, -9.418771835044026, 5034.5615234375], [-77.37336041405797, -9.418802848085761, 5034.5615234375], [-77.37339377403259, -9.41884090192616, 5035.52294921875], [-77.37340693362057, -9.418848529458046, 5035.52294921875], [-77.37344582565129, -9.418863030150533, 5034.5615234375], [-77.3734640982002, -9.418871076777577, 5034.0810546875], [-77.37348069436848, -9.418887672945857, 5034.5615234375], [-77.37350148148835, -9.418919272720814, 5035.52294921875], [-77.37351891584694, -9.418940981850028, 5035.52294921875], [-77.37353375181556, -9.418968642130494, 5035.52294921875], [-77.37356501631439, -9.418995967134833, 5036.484375], [-77.37359317950904, -9.41901876591146, 5037.92626953125], [-77.37362754531205, -9.419051203876734, 5038.8876953125], [-77.37367037683725, -9.419093113392591, 5040.32958984375], [-77.37368940375745, -9.419111553579569, 5040.81005859375], [-77.37370541319251, -9.41912965849042, 5040.81005859375], [-77.37371589057148, -9.419137788936496, 5040.81005859375], [-77.37374966964126, -9.419167963787913, 5040.81005859375], [-77.37377263605595, -9.419199312105775, 5040.32958984375], [-77.37381882034242, -9.419238120317459, 5040.32958984375], [-77.3738285433501, -9.419252034276724, 5040.32958984375], [-77.37387682311237, -9.419282460585237, 5038.40673828125], [-77.37392476759851, -9.419319005683064, 5038.8876953125], [-77.37395745702088, -9.41934465430677, 5038.8876953125], [-77.37397740595043, -9.419375415891409, 5039.3681640625], [-77.37399576231837, -9.419390922412276, 5039.8486328125], [-77.37401252612472, -9.419415816664696, 5039.8486328125], [-77.37403691746294, -9.419442471116781, 5040.32958984375], [-77.37406767904758, -9.419462671503425, 5040.32958984375], [-77.37410422414541, -9.419509023427963, 5040.81005859375], [-77.37413607537746, -9.419538024812937, 5040.81005859375], [-77.37416507676244, -9.419567864388227, 5039.8486328125], [-77.37420656718314, -9.419573480263352, 5040.32958984375], [-77.37423682585359, -9.419600637629628, 5041.29052734375], [-77.3742934037, -9.419616647064686, 5042.251953125], [-77.37432332709432, -9.419627375900745, 5042.732421875], [-77.37434822134674, -9.419639948755503, 5043.21337890625], [-77.37436439841986, -9.419686300680041, 5042.732421875], [-77.37436917610466, -9.419685378670692, 5042.732421875], [-77.37438384443521, -9.419714463874698, 5042.732421875], [-77.37438216805458, -9.41971505060792, 5042.732421875], [-77.37440463155508, -9.419657299295068, 5044.17529296875], [-77.37446506507695, -9.419647324830294, 5043.21337890625], [-77.37448585219681, -9.419659730046988, 5042.732421875], [-77.3745125066489, -9.41967842169106, 5042.251953125], [-77.37455885857344, -9.419679930433631, 5041.771484375], [-77.37457386218011, -9.41969208419323, 5041.771484375], [-77.37462566234171, -9.419714715331793, 5041.29052734375], [-77.37466572783887, -9.419738436117768, 5040.81005859375], [-77.37470185384154, -9.419770454987884, 5040.81005859375], [-77.37473236396909, -9.41979761235416, 5039.8486328125], [-77.37477879971266, -9.419808257371187, 5039.3681640625], [-77.37481836229563, -9.419829212129116, 5039.3681640625], [-77.37483554519713, -9.419838264584541, 5039.3681640625], [-77.37483303062618, -9.419848406687379, 5038.40673828125], [-77.3748315218836, -9.41986609250307, 5038.40673828125], [-77.37483604811132, -9.41993205808103, 5038.40673828125], [-77.37481702119112, -9.419987965375185, 5038.40673828125], [-77.37487041391432, -9.420057283714414, 5040.32958984375], [-77.3749046958983, -9.420076729729772, 5041.771484375], [-77.3749131616205, -9.420082597061992, 5041.771484375], [-77.37493386492133, -9.420091146603227, 5042.251953125], [-77.3749509640038, -9.420111095532775, 5043.21337890625], [-77.3749720863998, -9.42012257874012, 5043.69384765625], [-77.3749961424619, -9.420124925673008, 5044.17529296875], [-77.37501399591565, -9.420110508799553, 5044.65576171875], [-77.37502120435238, -9.420080250129104, 5044.65576171875], [-77.37502573058009, -9.420055439695716, 5045.13623046875], [-77.37502531148493, -9.42004102282226, 5045.6171875], [-77.37504215911031, -9.4200131110847, 5046.09765625], [-77.37506059929729, -9.420006657019258, 5046.57861328125], [-77.37508750520647, -9.419995928183198, 5046.57861328125], [-77.37509571947157, -9.419983606785536, 5046.57861328125], [-77.375104771927, -9.419956030324101, 5048.5009765625], [-77.37512874417007, -9.419913617894053, 5048.0205078125], [-77.37516386434436, -9.419892160221934, 5048.5009765625], [-77.37516998313367, -9.419877827167511, 5048.9814453125], [-77.37517861649394, -9.419850585982203, 5049.46240234375], [-77.3752065282315, -9.419835414737463, 5049.94287109375], [-77.37521281465888, -9.41982602700591, 5050.42333984375], [-77.37523326650262, -9.419797863811255, 5051.384765625], [-77.37523226067424, -9.419784536585212, 5051.384765625], [-77.37522991374135, -9.419770957902074, 5052.34619140625], [-77.37523678690195, -9.419763498008251, 5052.34619140625], [-77.37528221681714, -9.419767521321774, 5053.3076171875], [-77.3752926941961, -9.419767688959837, 5053.3076171875], [-77.37529093399644, -9.419766264036298, 5053.3076171875], [-77.37529361620545, -9.419756708666682, 5054.74951171875], [-77.37530384212732, -9.41973365843296, 5054.74951171875], [-77.37532923929393, -9.419732820242643, 5054.74951171875], [-77.37534298561513, -9.419719325378537, 5054.74951171875], [-77.3754002340138, -9.419690743088722, 5053.7880859375], [-77.37542998977005, -9.419660903513432, 5054.26904296875], [-77.37544784322381, -9.419660149142146, 5053.7880859375], [-77.37547600641847, -9.419646989554167, 5053.7880859375], [-77.37550945021212, -9.419592171907425, 5055.7109375], [-77.37552395090461, -9.419580018147826, 5056.671875], [-77.37553560175002, -9.41957582719624, 5057.15283203125], [-77.37553560175002, -9.41957582719624, 5057.15283203125], [-77.3755418881774, -9.41956602036953, 5057.63330078125], [-77.37556108273566, -9.419536599889398, 5057.63330078125], [-77.37557105720043, -9.419518075883389, 5058.11376953125], [-77.3755796905607, -9.419510699808598, 5058.5947265625], [-77.37559377215803, -9.419494858011603, 5059.55615234375], [-77.37561154179275, -9.419480189681053, 5060.03662109375], [-77.37561321817338, -9.419480273500085, 5060.998046875], [-77.37563341856003, -9.419461581856012, 5060.998046875], [-77.37563073635101, -9.419449511915445, 5061.478515625], [-77.37562746740878, -9.419444650411606, 5061.95947265625], [-77.37561916932464, -9.419445907697082, 5062.43994140625], [-77.37563098780811, -9.419425455853343, 5062.92041015625], [-77.37563635222614, -9.419422019273043, 5062.92041015625], [-77.37564054317772, -9.419420845806599, 5063.4013671875], [-77.37564238719642, -9.419418331235647, 5063.4013671875], [-77.37565093673766, -9.419429814442992, 5063.4013671875], [-77.3756454885006, -9.419422522187233, 5062.92041015625], [-77.3756592348218, -9.419429479166865, 5061.95947265625], [-77.37565160728991, -9.419426880776882, 5061.95947265625], [-77.37567105330527, -9.41941506229341, 5060.998046875], [-77.37567993812263, -9.419398298487067, 5060.51708984375], [-77.37566133029759, -9.419346582144499, 5056.19140625], [-77.37567951902747, -9.419338451698422, 5055.22998046875], [-77.37572025507689, -9.419399304315448, 5058.11376953125], [-77.37577054649591, -9.419434424489737, 5060.998046875], [-77.37579267472029, -9.419445907697082, 5063.8818359375], [-77.37579393200576, -9.41943752579391, 5067.24658203125], [-77.37581446766853, -9.419441968202591, 5069.64990234375], [-77.3758281301707, -9.419439202174544, 5071.091796875], [-77.37584447488189, -9.41943509504199, 5073.01416015625], [-77.37585872411728, -9.419431574642658, 5074.4560546875], [-77.37586442381144, -9.419428557157516, 5074.93701171875], [-77.37586819566786, -9.419405087828636, 5075.89794921875], [-77.37587423063815, -9.419401567429304, 5076.37939453125], [-77.37589015625417, -9.419381450861692, 5077.8212890625], [-77.37590658478439, -9.419371392577887, 5078.78271484375], [-77.37592368386686, -9.419343145564198, 5080.705078125], [-77.37593784928322, -9.419306349009275, 5082.14697265625], [-77.37594648264349, -9.419276425614953, 5083.1083984375], [-77.37595117650926, -9.419229570776224, 5084.06982421875], [-77.37595327198505, -9.419211549684405, 5084.55029296875], [-77.3759546969086, -9.41920886747539, 5084.55029296875], [-77.37595670856535, -9.419207610189915, 5085.03125], [-77.37596567720175, -9.419228648766875, 5085.9921875], [-77.37596559338272, -9.419228145852685, 5085.9921875], [-77.37596777267754, -9.419224038720131, 5085.9921875], [-77.37597011961043, -9.419224038720131, 5085.9921875], [-77.37597095780075, -9.419219177216291, 5085.9921875], [-77.37597070634365, -9.419165281578898, 5086.47314453125], [-77.3759681917727, -9.419140387326479, 5086.47314453125], [-77.37597657367587, -9.419144075363874, 5085.9921875], [-77.3759924992919, -9.419149020686746, 5085.9921875], [-77.37600339576602, -9.419150864705443, 5085.51171875], [-77.37603256478906, -9.419145919382572, 5084.55029296875], [-77.37607941962779, -9.419152457267046, 5082.14697265625], [-77.37610205076635, -9.419140806421638, 5080.705078125], [-77.37612635828555, -9.419125383719802, 5079.74365234375], [-77.37616617232561, -9.419154720380902, 5079.74365234375], [-77.37625166773796, -9.419195791706443, 5080.224609375], [-77.37632324919105, -9.419187996536493, 5080.224609375], [-77.37632174044847, -9.419189672917128, 5080.224609375], [-77.37628553062677, -9.419226218014956, 5082.14697265625], [-77.3762792441994, -9.419260499998927, 5082.14697265625], [-77.37627245485783, -9.41926988773048, 5081.66650390625], [-77.37629449926317, -9.419316994026303, 5082.14697265625], [-77.37629550509155, -9.41933250054717, 5082.14697265625], [-77.37629550509155, -9.41933250054717, 5082.14697265625], [-77.37629332579672, -9.419332835823298, 5082.6279296875], [-77.3762996122241, -9.4193309918046, 5082.6279296875], [-77.3762982711196, -9.419306181371212, 5082.6279296875], [-77.37633481621742, -9.419250776991248, 5080.224609375], [-77.37637530080974, -9.419220183044672, 5077.8212890625], [-77.37634965218604, -9.419187493622303, 5078.78271484375], [-77.37635769881308, -9.419151367619634, 5078.78271484375], [-77.37637354061007, -9.419126138091087, 5077.3408203125], [-77.37639885395765, -9.419080289080739, 5074.93701171875], [-77.37644227221608, -9.419030919671059, 5071.091796875], [-77.37648049369454, -9.419030668213964, 5070.13037109375], [-77.37650086171925, -9.419026980176568, 5069.64990234375], [-77.37652600742877, -9.419037709012628, 5068.20751953125], [-77.37656850367785, -9.419034188613296, 5066.28515625], [-77.37661351449788, -9.419009378179908, 5064.3623046875], [-77.3766539990902, -9.418957494199276, 5061.95947265625], [-77.37669490277767, -9.418916087597609, 5060.03662109375], [-77.37670906819403, -9.418881051242352, 5058.5947265625], [-77.37673530355096, -9.418875938281417, 5058.11376953125], [-77.37676363438368, -9.418865963816643, 5056.671875], [-77.37680085003376, -9.418848613277078, 5055.7109375], [-77.3768141772598, -9.418822964653373, 5054.26904296875], [-77.37685130909085, -9.418820701539516, 5052.34619140625], [-77.37688751891255, -9.418791364878416, 5050.904296875], [-77.37696169875562, -9.418726405128837, 5049.46240234375], [-77.37701324746013, -9.418715676292777, 5049.94287109375], [-77.37706714309752, -9.418686088174582, 5048.5009765625], [-77.37709865905344, -9.418663373216987, 5047.53955078125], [-77.3771249782294, -9.418626744300127, 5045.13623046875], [-77.37716043367982, -9.418594976887107, 5043.69384765625], [-77.37720385193825, -9.41856480203569, 5042.251953125], [-77.37720997072756, -9.418532447889447, 5042.251953125], [-77.3772388882935, -9.41850964911282, 5039.8486328125], [-77.37725825048983, -9.41849104128778, 5038.40673828125], [-77.3773131519556, -9.418463632464409, 5036.00341796875], [-77.37737400457263, -9.418424991890788, 5033.11962890625], [-77.37743854522705, -9.418412083759904, 5032.63916015625], [-77.377496547997, -9.418394397944212, 5033.11962890625], [-77.3775240406394, -9.41837235353887, 5034.0810546875], [-77.37755262292922, -9.418307980522513, 5034.5615234375], [-77.37758866511285, -9.418270010501146, 5034.0810546875], [-77.37764574587345, -9.418214606121182, 5031.677734375], [-77.37764239311218, -9.418156100437045, 5030.71630859375], [-77.37766468897462, -9.418077729642391, 5028.31298828125], [-77.37764071673155, -9.4180254265666, 5026.390625], [-77.37764373421669, -9.417977817356586, 5023.5068359375], [-77.37768748775125, -9.417917719110847, 5020.62255859375], [-77.37772193737328, -9.417898440733552, 5018.21923828125], [-77.3777505196631, -9.417857453227043, 5015.81640625], [-77.37777859903872, -9.417852843180299, 5014.85498046875], [-77.37782654352486, -9.417848736047745, 5013.4130859375], [-77.37786124460399, -9.417808502912521, 5011.48974609375], [-77.37789988517761, -9.417760977521539, 5008.60595703125], [-77.37786929123104, -9.417694425210357, 5007.64453125], [-77.37789418548346, -9.4176334887743, 5005.2412109375], [-77.37789368256927, -9.417624101042747, 5003.79931640625], [-77.377895610407, -9.417582359164953, 5003.31884765625], [-77.37789611332119, -9.417552938684821, 5002.357421875], [-77.37789737060666, -9.417537180706859, 5003.79931640625], [-77.37790290266275, -9.41752159036696, 5003.79931640625], [-77.37793240696192, -9.417500384151936, 5000.91552734375], [-77.37791405059397, -9.417456546798348, 4998.99267578125], [-77.3779003880918, -9.417418576776981, 4996.58935546875], [-77.37788932397962, -9.417389575392008, 4995.62841796875], [-77.37789393402636, -9.41736283712089, 4993.22509765625], [-77.37789544276893, -9.417358143255115, 4992.74462890625], [-77.37788756377995, -9.4173174072057, 4991.783203125], [-77.37790055572987, -9.417297542095184, 4991.30224609375], [-77.37790692597628, -9.417267870157957, 4990.34130859375], [-77.37792737782001, -9.417274156585336, 4987.93798828125], [-77.37794833257794, -9.417271306738257, 4986.01513671875], [-77.37795805558562, -9.417254542931914, 4985.05419921875], [-77.37797188572586, -9.417255213484168, 4983.61181640625], [-77.3780193272978, -9.417249681428075, 4980.72802734375], [-77.37805553711951, -9.417259404435754, 4977.36328125], [-77.37809451296926, -9.41721967421472, 4974.9599609375], [-77.37810197286308, -9.417174579575658, 4972.556640625], [-77.37809233367443, -9.417134765535593, 4971.59521484375], [-77.37809392623603, -9.417112553492188, 4970.6337890625], [-77.37810146994889, -9.417092436924577, 4970.1533203125], [-77.37808529287577, -9.417048431932926, 4968.71142578125], [-77.37813038751483, -9.416997134685516, 4964.8662109375], [-77.3781702015549, -9.41698950715363, 4961.50146484375], [-77.37820322625339, -9.417007444426417, 4957.65625], [-77.37823323346674, -9.41702957265079, 4956.69482421875], [-77.37824622541666, -9.417005265131593, 4955.2529296875], [-77.37826600670815, -9.416980370879173, 4953.81103515625], [-77.3782836087048, -9.416957572102547, 4952.849609375], [-77.37831646576524, -9.416952207684517, 4951.888671875], [-77.37830548547208, -9.416912058368325, 4950.4462890625], [-77.37830590456724, -9.416909962892532, 4950.4462890625], [-77.37831101752818, -9.416887247934937, 4949.00439453125], [-77.37830716185272, -9.4168512057513, 4948.04345703125], [-77.37831428647041, -9.416832262650132, 4947.08154296875], [-77.37830238416791, -9.416819270700216, 4946.1201171875], [-77.37831512466073, -9.416787335649133, 4945.6396484375], [-77.37831219099462, -9.416771158576012, 4944.19775390625], [-77.37831269390881, -9.416743582114577, 4943.236328125], [-77.37831302918494, -9.416714580729604, 4940.8330078125], [-77.37831462174654, -9.416691614314914, 4940.3525390625], [-77.37829366698861, -9.41668457351625, 4938.4296875], [-77.3782479017973, -9.416660852730274, 4936.0263671875], [-77.37823113799095, -9.416613662615418, 4933.623046875], [-77.37822770141065, -9.41657904535532, 4932.662109375], [-77.37821931950748, -9.416544595733285, 4932.662109375], [-77.3782220017165, -9.416509810835123, 4931.70068359375], [-77.37822049297392, -9.416484413668513, 4929.77783203125], [-77.37819283269346, -9.416439905762672, 4927.85546875], [-77.37817439250648, -9.416426159441471, 4927.37451171875], [-77.37816047854722, -9.416383830830455, 4925.9326171875], [-77.37815218046308, -9.416311997920275, 4924.01025390625], [-77.37815586850047, -9.416284253820777, 4922.568359375], [-77.37819987349212, -9.416269334033132, 4921.60693359375], [-77.37821068614721, -9.416244188323617, 4920.1650390625], [-77.37819341942668, -9.416203536093235, 4919.20361328125], [-77.37820046022534, -9.416158022359014, 4918.2421875], [-77.37821135669947, -9.416145868599415, 4916.80029296875], [-77.3782095964998, -9.41611628048122, 4914.87744140625], [-77.3782130330801, -9.416096080094576, 4914.396484375], [-77.37822409719229, -9.416082417592406, 4912.47412109375], [-77.37822208553553, -9.416065234690905, 4911.9931640625], [-77.37821219488978, -9.416045704856515, 4911.9931640625], [-77.37820683047175, -9.416024750098586, 4911.9931640625], [-77.37817841582, -9.415991557762027, 4910.55126953125], [-77.3781612329185, -9.41595165990293, 4910.55126953125], [-77.37814966589212, -9.415933387354016, 4910.55126953125], [-77.37814698368311, -9.415911426767707, 4910.07080078125], [-77.37815771251917, -9.415900781750679, 4908.62890625], [-77.37817087210715, -9.415818387642503, 4905.7451171875], [-77.37818302586675, -9.415773376822472, 4904.302734375], [-77.37819023430347, -9.415747057646513, 4903.822265625], [-77.37819115631282, -9.415733311325312, 4903.341796875], [-77.37820037640631, -9.415708500891924, 4902.86083984375], [-77.3782061599195, -9.415682600811124, 4901.89990234375], [-77.37821085378528, -9.41563256084919, 4899.97705078125], [-77.3782024718821, -9.415627364069223, 4899.97705078125], [-77.37819107249379, -9.415590148419142, 4899.015625], [-77.37818101420999, -9.41556517034769, 4898.53515625], [-77.37817539833486, -9.415539857000113, 4897.09326171875], [-77.37817288376391, -9.415510771796107, 4896.6123046875], [-77.37817288376391, -9.415498534217477, 4896.6123046875], [-77.37816852517426, -9.415485709905624, 4896.1318359375], [-77.37817036919296, -9.415473053231835, 4895.6513671875], [-77.37816005945206, -9.41544296219945, 4895.17041015625], [-77.37815913744271, -9.415426198393106, 4895.17041015625], [-77.37815586850047, -9.415418151766062, 4895.17041015625], [-77.37814120016992, -9.415399879217148, 4895.17041015625], [-77.37813474610448, -9.415385713800788, 4893.248046875], [-77.37813097424805, -9.415351431816816, 4893.248046875], [-77.37812192179263, -9.415347911417484, 4893.248046875], [-77.37808068282902, -9.415337266400456, 4891.80615234375], [-77.3780732229352, -9.415324106812477, 4891.80615234375], [-77.37806567922235, -9.415321089327335, 4891.80615234375], [-77.37806810997427, -9.41530960611999, 4891.80615234375], [-77.37806442193687, -9.415270630270243, 4890.8447265625], [-77.37808504141867, -9.415244730189443, 4889.88330078125], [-77.3780769109726, -9.415198378264904, 4889.88330078125], [-77.37806777469814, -9.415189158171415, 4890.3642578125], [-77.37801128067076, -9.41514439880848, 4892.28662109375], [-77.37796291708946, -9.415112799033523, 4891.80615234375], [-77.37794238142669, -9.415092263370752, 4892.28662109375], [-77.37793140113354, -9.41507457755506, 4892.28662109375], [-77.37793793901801, -9.415057729929686, 4891.3251953125], [-77.37795688211918, -9.41504574380815, 4890.3642578125], [-77.37795294262469, -9.415000062435865, 4888.921875], [-77.37797515466809, -9.414943065494299, 4888.921875], [-77.37799786962569, -9.414926385506988, 4888.44140625], [-77.37800700590014, -9.414924960583448, 4886.99951171875], [-77.37803240306675, -9.414928313344717, 4881.7119140625], [-77.37804237753153, -9.414926301687956, 4880.75048828125], [-77.37808110192418, -9.414893863722682, 4874.501953125], [-77.37813575193286, -9.414825048297644, 4864.408203125], [-77.3781696986407, -9.414810463786125, 4859.60205078125], [-77.37822937779129, -9.414804596453905, 4854.31494140625], [-77.37825720570982, -9.414798896759748, 4851.43017578125], [-77.3782976064831, -9.414821024984121, 4849.5078125], [-77.37833817489445, -9.414822533726692, 4847.1044921875], [-77.37836508080363, -9.414824713021517, 4844.701171875], [-77.37838092260063, -9.414791772142053, 4842.7783203125], [-77.37839517183602, -9.41479898057878, 4841.8173828125], [-77.3784392606467, -9.414788838475943, 4838.93359375], [-77.37850153818727, -9.414768135175109, 4834.607421875], [-77.37856515683234, -9.414759082719684, 4832.2041015625], [-77.37860807217658, -9.414772661402822, 4828.83984375], [-77.37863573245704, -9.414748856797814, 4826.4365234375], [-77.37867185845971, -9.41475204192102, 4824.033203125], [-77.3787032905966, -9.414703929796815, 4823.07177734375], [-77.37872483208776, -9.414686411619186, 4822.1103515625], [-77.37875567749143, -9.414671324193478, 4820.66845703125], [-77.37877587787807, -9.414680795744061, 4818.74560546875], [-77.37878979183733, -9.414697475731373, 4817.7841796875], [-77.3788068909198, -9.414706947281957, 4816.34228515625], [-77.3788293544203, -9.414726477116346, 4815.86181640625], [-77.37885768525302, -9.414734607562423, 4815.380859375], [-77.378881406039, -9.41473150625825, 4814.41943359375], [-77.37892515957355, -9.414721950888634, 4813.45849609375], [-77.37897276878357, -9.414690099656582, 4811.53564453125], [-77.37899925559759, -9.414652967825532, 4809.61328125], [-77.37901870161295, -9.41463528200984, 4808.17138671875], [-77.37904309295118, -9.414618518203497, 4807.6904296875], [-77.37907737493515, -9.414612147957087, 4806.24853515625], [-77.37909648567438, -9.414588678628206, 4803.84521484375], [-77.37914342433214, -9.41452925093472, 4800.0], [-77.37916337326169, -9.414510056376457, 4798.07763671875], [-77.3792062047869, -9.41447644494474, 4796.63525390625], [-77.37925163470209, -9.414453646168113, 4792.3095703125], [-77.37929773516953, -9.414433781057596, 4788.46435546875], [-77.37931961193681, -9.414416765794158, 4787.02197265625], [-77.37936705350876, -9.41441441886127, 4785.580078125], [-77.37941441126168, -9.414381561800838, 4784.13818359375], [-77.3794562369585, -9.414366809651256, 4783.1767578125], [-77.37947341986, -9.414354069158435, 4782.6962890625], [-77.37950929440558, -9.414319368079305, 4781.25390625], [-77.37954257056117, -9.414320793002844, 4778.85107421875], [-77.37956453114748, -9.414321715012193, 4775.966796875], [-77.37959613092244, -9.414337808266282, 4774.52490234375], [-77.37961616367102, -9.414371000602841, 4773.5634765625], [-77.3796673770994, -9.41433822736144, 4771.64111328125], [-77.37969310954213, -9.414330264553428, 4769.71875], [-77.37970802932978, -9.414303693920374, 4768.75732421875], [-77.37972336821258, -9.414299419149756, 4767.7958984375], [-77.3797636013478, -9.414283074438572, 4766.83447265625], [-77.37982319667935, -9.414269495755434, 4765.873046875], [-77.37983074039221, -9.414258850738406, 4764.43115234375], [-77.37982906401157, -9.414254324510694, 4763.47021484375], [-77.37984943203628, -9.414249965921044, 4762.0283203125], [-77.37990131601691, -9.414231944829226, 4759.14404296875], [-77.37996166571975, -9.414220210164785, 4755.29833984375], [-77.37998429685831, -9.414215264841914, 4752.41455078125], [-77.37998865544796, -9.414215432479978, 4751.93408203125], [-77.38002821803093, -9.414197662845254, 4751.93408203125], [-77.38005889579654, -9.414145443588495, 4749.53076171875], [-77.38008429296315, -9.414112083613873, 4749.0498046875], [-77.38012083806098, -9.414085932075977, 4746.64697265625], [-77.38012687303126, -9.414076711982489, 4746.64697265625], [-77.38015704788268, -9.414027091115713, 4746.166015625], [-77.38016735762358, -9.414003789424896, 4745.685546875], [-77.38019476644695, -9.41399171948433, 4745.20458984375], [-77.38022049888968, -9.413984008133411, 4744.24365234375], [-77.38026131875813, -9.413954084739089, 4741.359375], [-77.38027238287032, -9.413934973999858, 4739.91748046875], [-77.38030708394945, -9.413934051990509, 4737.9951171875], [-77.38032879307866, -9.413905888795853, 4734.63037109375], [-77.38036592490971, -9.413873869925737, 4734.63037109375], [-77.3803717084229, -9.413839923217893, 4734.14990234375], [-77.38038377836347, -9.413792649284005, 4733.1884765625], [-77.3803854547441, -9.413753170520067, 4731.74658203125], [-77.38043817691505, -9.413713775575161, 4728.3818359375], [-77.38045879639685, -9.413723163306713, 4728.3818359375], [-77.38046935759485, -9.41375040449202, 4727.42041015625], [-77.38049953244627, -9.41377965733409, 4725.498046875], [-77.38052383996546, -9.413854507729411, 4725.017578125], [-77.380530545488, -9.413869343698025, 4724.53662109375], [-77.38053632900119, -9.413902284577489, 4724.53662109375], [-77.38052409142256, -9.41389599815011, 4725.017578125], [-77.38052945584059, -9.413892896845937, 4725.017578125], [-77.38054730929434, -9.413937320932746, 4723.09423828125], [-77.38054923713207, -9.413941511884332, 4723.09423828125], [-77.38053431734443, -9.413893064484, 4724.05615234375], [-77.38053180277348, -9.413873115554452, 4724.05615234375], [-77.38054119050503, -9.413858195766807, 4723.5751953125], [-77.38055736757815, -9.41387009806931, 4722.61376953125], [-77.38057287409902, -9.413900272920728, 4722.1328125], [-77.38058569841087, -9.41391066648066, 4721.171875], [-77.38059751689434, -9.413937153294683, 4720.69091796875], [-77.38060439005494, -9.413947043940425, 4720.21044921875], [-77.38062182441354, -9.413959197700024, 4718.7685546875], [-77.38063666038215, -9.413975710049272, 4717.32666015625], [-77.38065023906529, -9.41401275806129, 4716.845703125], [-77.38066473975778, -9.414045196026564, 4716.365234375], [-77.38069684244692, -9.414098421111703, 4713.4814453125], [-77.38072643056512, -9.414142509922385, 4712.52001953125], [-77.3807533364743, -9.414155082777143, 4712.0390625], [-77.38077571615577, -9.41418089903891, 4712.52001953125], [-77.38078837282956, -9.414190957322717, 4711.078125], [-77.38080295734107, -9.414243595674634, 4710.11669921875], [-77.3808154463768, -9.414268992841244, 4709.1552734375], [-77.38081645220518, -9.414280811324716, 4708.6748046875], [-77.38082181662321, -9.414307801052928, 4708.6748046875], [-77.38083221018314, -9.414374185726047, 4708.1943359375], [-77.38086548633873, -9.414392542093992, 4706.751953125], [-77.38088015466928, -9.414448700845242, 4705.791015625], [-77.3808913026005, -9.414467727765441, 4704.82958984375], [-77.38091276027262, -9.414503518491983, 4703.8681640625], [-77.38093798980117, -9.414540063589811, 4702.90673828125], [-77.38096171058714, -9.414598066359758, 4700.984375], [-77.38097160123289, -9.414596389979124, 4700.50390625], [-77.38097830675542, -9.414589181542397, 4700.02294921875], [-77.38099808804691, -9.414595300331712, 4699.54248046875], [-77.38102910108864, -9.414645005017519, 4698.5810546875], [-77.38103496842086, -9.41464508883655, 4698.1005859375], [-77.3810710106045, -9.41465430893004, 4696.177734375], [-77.38112272694707, -9.414716837927699, 4693.7744140625], [-77.38113856874406, -9.414732931181788, 4692.8134765625], [-77.38114912994206, -9.414782719686627, 4690.40966796875], [-77.38117679022253, -9.414771236479282, 4689.4482421875], [-77.38119640387595, -9.41473251208663, 4687.525390625], [-77.3812404088676, -9.414720106869936, 4685.60302734375], [-77.38128365948796, -9.4147461745888, 4683.68017578125], [-77.3813146725297, -9.414727818220854, 4682.23828125], [-77.38135054707527, -9.414715832099319, 4679.8349609375], [-77.38135398365557, -9.414701163768768, 4679.3544921875], [-77.38138248212636, -9.414668139070272, 4676.470703125], [-77.38143444992602, -9.414666714146733, 4674.5478515625], [-77.38145649433136, -9.414652213454247, 4673.58642578125], [-77.38151240162551, -9.414596389979124, 4670.22216796875], [-77.3815583344549, -9.414572669193149, 4668.29931640625], [-77.38156730309129, -9.414564706385136, 4668.29931640625], [-77.38159546628594, -9.414551462978125, 4667.81884765625], [-77.38161885179579, -9.414543751627207, 4666.376953125], [-77.38167559728026, -9.414533860981464, 4663.4931640625], [-77.3816838953644, -9.41446864977479, 4660.12841796875], [-77.38169001415372, -9.41441299393773, 4658.68603515625], [-77.381661683321, -9.414320038631558, 4658.205078125], [-77.38164843991399, -9.41427025012672, 4657.724609375], [-77.3816667124629, -9.414250049740076, 4660.12841796875], [-77.38170166499913, -9.414222138002515, 4659.6474609375], [-77.38173611462116, -9.41423119045794, 4658.205078125], [-77.38177123479545, -9.414195818826556, 4657.244140625], [-77.38181255757809, -9.41418332979083, 4655.3212890625], [-77.38182622008026, -9.41418961621821, 4654.3603515625], [-77.3818395473063, -9.414205960929394, 4652.4375], [-77.38188497722149, -9.414260359480977, 4650.0341796875], [-77.38189931027591, -9.41428005695343, 4649.07275390625], [-77.3819238692522, -9.414301598444581, 4646.669921875], [-77.38194725476205, -9.414299251511693, 4644.2666015625], [-77.3819759208709, -9.41429271362722, 4644.7470703125], [-77.3819827940315, -9.414291707798839, 4644.7470703125], [-77.38200567662716, -9.414282571524382, 4645.2275390625], [-77.38201607018709, -9.414279973134398, 4643.78564453125], [-77.38204456865788, -9.41428005695343, 4641.86328125], [-77.38207616843283, -9.41428106278181, 4639.9404296875], [-77.38210273906589, -9.414280978962779, 4639.4599609375], [-77.38210693001747, -9.41427712328732, 4639.4599609375], [-77.38212729804218, -9.414252983406186, 4639.4599609375], [-77.3821368534118, -9.414220713078976, 4638.49853515625], [-77.38217180594802, -9.414221551269293, 4636.09521484375], [-77.38218605518341, -9.414214007556438, 4635.61474609375], [-77.38219904713333, -9.414189783856273, 4635.1337890625], [-77.38225570879877, -9.414205374196172, 4631.76953125], [-77.38227356225252, -9.414210906252265, 4630.32763671875], [-77.3822832852602, -9.414184503257275, 4630.80810546875], [-77.382298624143, -9.414185592904687, 4629.8466796875], [-77.3823160585016, -9.414183078333735, 4628.8857421875], [-77.38235486671329, -9.414172684773803, 4626.0009765625], [-77.3823715467006, -9.414179306477308, 4624.55908203125], [-77.38238814286888, -9.414184084162116, 4623.1171875], [-77.38243239931762, -9.41417838446796, 4620.2333984375], [-77.38244731910527, -9.414194729179144, 4618.310546875], [-77.38244748674333, -9.41419749520719, 4618.310546875], [-77.38245092332363, -9.41419506445527, 4618.79150390625], [-77.38248193636537, -9.414210906252265, 4617.830078125], [-77.38250389695168, -9.414192717522383, 4616.86865234375], [-77.38250968046486, -9.414172936230898, 4615.90771484375], [-77.38252820447087, -9.414168326184154, 4615.4267578125], [-77.38256894052029, -9.41417645663023, 4612.06201171875], [-77.38258302211761, -9.414178635925055, 4611.10107421875], [-77.38259861245751, -9.41417503170669, 4610.6201171875], [-77.38261596299708, -9.41417302004993, 4609.6591796875], [-77.38264253363013, -9.414177127182484, 4608.21728515625], [-77.38267580978572, -9.414175366982818, 4606.29443359375], [-77.38269651308656, -9.414153574034572, 4604.8525390625], [-77.38269911147654, -9.414156507700682, 4604.37158203125], [-77.38272258080542, -9.41415642388165, 4602.9296875], [-77.38274160772562, -9.414159776642919, 4601.96875], [-77.38275703042746, -9.414153909310699, 4600.0458984375], [-77.38278049975634, -9.4141383189708, 4597.162109375], [-77.38281997852027, -9.41413781605661, 4593.796875], [-77.38284872844815, -9.41413739696145, 4591.3935546875], [-77.38288275897503, -9.414126416668296, 4588.509765625], [-77.38291586749256, -9.414119040593505, 4585.1455078125], [-77.38294168375432, -9.414112335070968, 4583.22265625], [-77.38296154886484, -9.414112083613873, 4581.2998046875], [-77.38299532793462, -9.414108227938414, 4579.37744140625], [-77.38301510922611, -9.414087608456612, 4576.97412109375], [-77.383035980165, -9.414135469123721, 4575.5322265625], [-77.38306263461709, -9.414150640368462, 4574.57080078125], [-77.38306749612093, -9.414165057241917, 4574.57080078125], [-77.38307042978704, -9.414193639531732, 4574.09033203125], [-77.38309423439205, -9.414186179637909, 4574.09033203125], [-77.38314226269722, -9.414178552106023, 4572.16748046875], [-77.38317528739572, -9.414191963151097, 4571.20654296875], [-77.38322398625314, -9.414234040305018, 4570.7255859375], [-77.3832587711513, -9.414226496592164, 4570.2451171875], [-77.38331870175898, -9.414220377802849, 4569.7646484375], [-77.38331761211157, -9.414220629259944, 4569.7646484375], [-77.38332314416766, -9.414214678108692, 4569.28369140625], [-77.3833232279867, -9.414213253185153, 4569.28369140625], [-77.38332037813962, -9.41420721821487, 4569.28369140625], [-77.38331509754062, -9.414217444136739, 4566.88037109375], [-77.38330914638937, -9.414225574582815, 4567.361328125], [-77.38330747000873, -9.414232531562448, 4568.322265625], [-77.38331702537835, -9.414231274276972, 4570.2451171875], [-77.3833110742271, -9.414243260398507, 4570.7255859375], [-77.38328182138503, -9.414330096915364, 4572.6484375], [-77.38333689048886, -9.414431266486645, 4572.6484375], [-77.38339003175497, -9.414490023627877, 4572.16748046875], [-77.38347586244345, -9.41451801918447, 4572.6484375], [-77.38356311805546, -9.4145268201828, 4571.68701171875], [-77.38365573808551, -9.414539560675621, 4571.20654296875], [-77.38368775695562, -9.41454291343689, 4570.7255859375], [-77.3837683070451, -9.414570992812514, 4569.7646484375], [-77.38386201672256, -9.414606280624866, 4569.28369140625], [-77.38389470614493, -9.414626313373446, 4569.28369140625], [-77.38389906473458, -9.414627570658922, 4568.80322265625], [-77.38392270170152, -9.4146338570863, 4568.322265625], [-77.38398229703307, -9.414627654477954, 4564.9580078125], [-77.3840357735753, -9.414647184312344, 4563.515625], [-77.38406988792121, -9.414636036381125, 4560.15087890625], [-77.38409025594592, -9.414613153785467, 4558.22802734375], [-77.38411087542772, -9.414602760225534, 4557.26708984375], [-77.38412789069116, -9.41460502333939, 4556.7861328125], [-77.38414742052555, -9.414578787982464, 4555.8251953125], [-77.38418446853757, -9.414583398029208, 4553.421875], [-77.38420307636261, -9.414598904550076, 4551.97998046875], [-77.38423375412822, -9.41460644826293, 4548.615234375], [-77.38426501862705, -9.414608040824533, 4546.69287109375], [-77.38427197560668, -9.414600329473615, 4545.7314453125], [-77.38428907468915, -9.414574261754751, 4545.25048828125], [-77.38431396894157, -9.414562527090311, 4543.80859375], [-77.38432855345309, -9.41455121152103, 4543.328125], [-77.3843523580581, -9.41453461535275, 4541.88623046875], [-77.38436384126544, -9.41453947685659, 4539.48291015625], [-77.38438588567078, -9.414515504613519, 4538.521484375], [-77.384426118806, -9.414519527927041, 4536.1181640625], [-77.38446291536093, -9.414545595645905, 4534.19580078125], [-77.38447926007211, -9.41459085792303, 4531.3115234375], [-77.38450214266777, -9.414628827944398, 4528.908203125], [-77.38451974466443, -9.414654644206166, 4526.5048828125], [-77.384550338611, -9.414669312536716, 4523.62109375], [-77.3845680244267, -9.414729326963425, 4518.33349609375], [-77.38457548432052, -9.414735278114676, 4517.85302734375], [-77.38460876047611, -9.414736200124025, 4516.4111328125], [-77.38462569192052, -9.414723124355078, 4514.96923828125], [-77.38465888425708, -9.414732092991471, 4513.52734375], [-77.38468092866242, -9.414718095213175, 4513.04638671875], [-77.38469232805073, -9.414706444367766, 4512.0849609375], [-77.3847096785903, -9.414687752723694, 4510.16259765625], [-77.38473013043404, -9.414708958938718, 4508.240234375], [-77.38476005382836, -9.414722202345729, 4506.7978515625], [-77.38477170467377, -9.414716251194477, 4506.3173828125], [-77.38478511571884, -9.414708036929369, 4505.35595703125], [-77.38479835912585, -9.414708875119686, 4504.87548828125], [-77.3848130274564, -9.414694206789136, 4503.9140625], [-77.38483104854822, -9.414662020280957, 4502.95263671875], [-77.3848616424948, -9.414668809622526, 4501.5107421875], [-77.38489726558328, -9.414739552885294, 4498.14599609375], [-77.38491964526474, -9.414725136011839, 4497.1845703125], [-77.38494194112718, -9.41476327367127, 4495.26171875], [-77.38496448844671, -9.414792861789465, 4494.30078125], [-77.38498720340431, -9.41478330641985, 4493.81982421875], [-77.3850032966584, -9.414781630039215, 4491.8974609375], [-77.3850271012634, -9.414754221215844, 4490.45556640625], [-77.3850963357836, -9.414767380803823, 4490.45556640625], [-77.38509030081332, -9.41479068249464, 4488.53271484375], [-77.3851137701422, -9.414753215387464, 4487.5712890625], [-77.38511863164604, -9.414760172367096, 4485.64892578125], [-77.38512290641665, -9.414816666394472, 4482.76513671875], [-77.38512810319662, -9.414860419929028, 4482.2841796875], [-77.38514386117458, -9.414899479597807, 4480.36181640625], [-77.38516104407609, -9.414921021088958, 4478.43896484375], [-77.38518577069044, -9.41495236940682, 4476.5166015625], [-77.38520261831582, -9.41496946848929, 4475.55517578125], [-77.38521435298026, -9.415044151246548, 4472.67138671875], [-77.38521862775087, -9.415089329704642, 4471.2294921875], [-77.38523622974753, -9.41513760946691, 4468.826171875], [-77.3852469585836, -9.415143812075257, 4468.826171875], [-77.38524762913585, -9.415167029947042, 4467.8642578125], [-77.38526866771281, -9.415193181484938, 4465.94140625], [-77.38528224639595, -9.415212711319327, 4464.98046875], [-77.38528727553785, -9.415230983868241, 4464.49951171875], [-77.38530647009611, -9.415302816778421, 4464.01904296875], [-77.38531627692282, -9.415385127067566, 4462.0966796875], [-77.38534603267908, -9.415471712127328, 4458.73193359375], [-77.3853867687285, -9.415530050173402, 4458.73193359375], [-77.38542214035988, -9.415542874485254, 4456.32861328125], [-77.38546631298959, -9.415585538372397, 4453.44482421875], [-77.38547385670245, -9.415609678253531, 4452.4833984375], [-77.38552867434919, -9.415657287463546, 4449.599609375], [-77.38554501906037, -9.415693748742342, 4449.11865234375], [-77.38556630909443, -9.415683187544346, 4448.15771484375], [-77.38558944314718, -9.415681846439838, 4446.23486328125], [-77.38562632352114, -9.415695341303945, 4445.75439453125], [-77.38568876869977, -9.415710512548685, 4442.8701171875], [-77.38572749309242, -9.415720654651523, 4440.94775390625], [-77.38576806150377, -9.415747225284576, 4438.54443359375], [-77.38578490912914, -9.415771532803774, 4437.5830078125], [-77.38581407815218, -9.41576348617673, 4436.6220703125], [-77.38591432571411, -9.415786787867546, 4434.69873046875], [-77.38594366237521, -9.415781004354358, 4433.2568359375], [-77.38594190217555, -9.41578309983015, 4432.7763671875], [-77.38595481030643, -9.41578351892531, 4432.7763671875], [-77.38598297350109, -9.41578351892531, 4432.29541015625], [-77.38599051721394, -9.415813945233822, 4431.33447265625], [-77.38602035678923, -9.415902458131313, 4428.93115234375], [-77.38607634790242, -9.415912684053183, 4427.00830078125], [-77.38612622022629, -9.415946546941996, 4426.046875], [-77.38614030182362, -9.415984936058521, 4425.56640625], [-77.38619025796652, -9.416051236912608, 4423.64404296875], [-77.38625471480191, -9.41604059189558, 4421.72119140625], [-77.386260246858, -9.416035395115614, 4421.72119140625], [-77.38629352301359, -9.41601519472897, 4421.24072265625], [-77.38635152578354, -9.416033634915948, 4419.31787109375], [-77.38643132150173, -9.416082249954343, 4418.3564453125], [-77.38648915663362, -9.41618517972529, 4416.43408203125], [-77.38654816523194, -9.41623899154365, 4414.51123046875], [-77.38656677305698, -9.41627075895667, 4414.03076171875], [-77.38667163066566, -9.416356002911925, 4412.5888671875], [-77.38670348189771, -9.416376622393727, 4412.10791015625], [-77.38676374778152, -9.416405456140637, 4412.10791015625], [-77.38677020184696, -9.41640897653997, 4412.10791015625], [-77.38678847439587, -9.416405707597733, 4411.62744140625], [-77.38686642609537, -9.416407635435462, 4410.666015625], [-77.3869146220386, -9.416417106986046, 4411.14697265625], [-77.38697002641857, -9.41641341894865, 4410.666015625], [-77.38703414797783, -9.416453149169683, 4409.705078125], [-77.38705459982157, -9.416473098099232, 4409.705078125], [-77.3871342279017, -9.416516348719597, 4409.705078125], [-77.38723112270236, -9.416581811383367, 4409.705078125], [-77.38725123926997, -9.416594803333282, 4409.705078125], [-77.38730454817414, -9.416628079488873, 4408.74365234375], [-77.38737453706563, -9.41666940227151, 4407.7822265625], [-77.38742197863758, -9.416716257110238, 4406.34033203125], [-77.38753194920719, -9.41677744500339, 4405.85986328125], [-77.38758081570268, -9.416782474145293, 4405.37890625], [-77.38760302774608, -9.416797058656812, 4405.37890625], [-77.38769388757646, -9.416896468028426, 4403.9365234375], [-77.38774744793773, -9.416939048096538, 4402.01416015625], [-77.38777318038046, -9.416950279846787, 4400.572265625], [-77.38781349733472, -9.417010126635432, 4399.1298828125], [-77.38782238215208, -9.417046252638102, 4398.6494140625], [-77.38785557448864, -9.417112469673157, 4396.24609375], [-77.38785331137478, -9.417152786627412, 4393.8427734375], [-77.38786932080984, -9.41723719239235, 4390.478515625], [-77.3878766130656, -9.417267283424735, 4389.0361328125], [-77.38788440823555, -9.417286980897188, 4388.0751953125], [-77.38789706490934, -9.417300643399358, 4387.11376953125], [-77.38791726529598, -9.41730516962707, 4386.15234375], [-77.38798323087394, -9.417391419410706, 4385.19140625], [-77.38799161277711, -9.417407596483827, 4384.71044921875], [-77.38801080733538, -9.417432071641088, 4384.22998046875], [-77.38802421838045, -9.41746543161571, 4383.7490234375], [-77.38804458640516, -9.417488817125559, 4382.7880859375], [-77.388049447909, -9.417528547346592, 4382.7880859375], [-77.38811122253537, -9.417630638927221, 4380.384765625], [-77.38817542791367, -9.417741196230054, 4378.4619140625], [-77.38815983757377, -9.41776935942471, 4377.9814453125], [-77.38816453143954, -9.417795343324542, 4377.9814453125], [-77.3882199358195, -9.417891651391983, 4376.05859375], [-77.38823024556041, -9.417967172339559, 4374.61669921875], [-77.3882341850549, -9.417990809306502, 4374.13623046875], [-77.38825882785022, -9.418059373274446, 4373.6552734375], [-77.38832529634237, -9.418139671906829, 4372.21337890625], [-77.3883499391377, -9.418214773759246, 4370.77099609375], [-77.38836728967726, -9.418273027986288, 4370.29052734375], [-77.38837852142751, -9.418297503143549, 4369.81005859375], [-77.3883864004165, -9.418314015492797, 4369.81005859375], [-77.38842294551432, -9.41835617646575, 4369.81005859375], [-77.38854029215872, -9.418465895578265, 4368.8486328125], [-77.3885883204639, -9.418519455939531, 4366.4453125], [-77.3885967861861, -9.418571507558227, 4365.00341796875], [-77.38862763158977, -9.418652728199959, 4363.08056640625], [-77.38862964324653, -9.418713664636016, 4362.60009765625], [-77.38862964324653, -9.418713664636016, 4362.60009765625], [-77.38860198296607, -9.418693715706468, 4362.60009765625], [-77.38859217613935, -9.418743839487433, 4361.638671875], [-77.38860449753702, -9.418769907206297, 4361.158203125], [-77.38862134516239, -9.418790023773909, 4361.158203125], [-77.3886657692492, -9.418873926624656, 4360.67724609375], [-77.3886707983911, -9.418896390125155, 4360.67724609375], [-77.38868781365454, -9.41891809925437, 4361.158203125], [-77.38871145062149, -9.418942155316472, 4361.158203125], [-77.38874137401581, -9.418986076489091, 4360.67724609375], [-77.38878345116973, -9.41905246116221, 4360.67724609375], [-77.38879124633968, -9.419078528881073, 4361.638671875], [-77.38878227770329, -9.419074757024646, 4361.158203125], [-77.38877758383751, -9.419071320444345, 4360.19677734375], [-77.388781523332, -9.419073667377234, 4360.19677734375], [-77.38876040093601, -9.41910082474351, 4359.71630859375], [-77.38877004012465, -9.419082971289754, 4359.2353515625], [-77.38876920193434, -9.419128317385912, 4358.7548828125], [-77.38879786804318, -9.419203335419297, 4358.27392578125], [-77.38881018944085, -9.419300481677055, 4359.2353515625], [-77.38885360769928, -9.419377762824297, 4358.7548828125], [-77.38886224105954, -9.419393353164196, 4358.27392578125], [-77.38886567763984, -9.41931783221662, 4356.83203125], [-77.38882904872298, -9.419257314875722, 4357.79345703125], [-77.38883407786489, -9.419242814183235, 4357.31298828125], [-77.388831730932, -9.419249938800931, 4357.79345703125], [-77.38882971927524, -9.419251279905438, 4357.79345703125], [-77.38883298821747, -9.419248765334487, 4358.27392578125], [-77.3888301383704, -9.419250776991248, 4358.27392578125], [-77.38880633376539, -9.419270642101765, 4358.7548828125], [-77.38880909979343, -9.419269803911448, 4359.2353515625], [-77.38881370984018, -9.419260583817959, 4359.2353515625], [-77.38881865516305, -9.419260751456022, 4359.2353515625], [-77.38881865516305, -9.419260751456022, 4359.2353515625], [-77.38881966099143, -9.419268295168877, 4359.71630859375], [-77.38882251083851, -9.419265864416957, 4359.71630859375], [-77.38882862962782, -9.419277347624302, 4359.71630859375], [-77.38875344395638, -9.419282460585237, 4361.158203125], [-77.38871262408793, -9.419266283512115, 4362.60009765625], [-77.38865881226957, -9.419230660423636, 4364.0419921875], [-77.38865663297474, -9.41917609423399, 4365.48388671875], [-77.38867775537074, -9.419098645448685, 4365.00341796875], [-77.38868789747357, -9.419072158634663, 4364.5224609375], [-77.38870281726122, -9.41902312450111, 4363.5615234375], [-77.3886948544532, -9.418894713744521, 4361.158203125], [-77.38866149447858, -9.418835118412971, 4362.60009765625], [-77.38864188082516, -9.418842913582921, 4362.11962890625], [-77.38856728188694, -9.418817684054375, 4364.5224609375], [-77.38856468349695, -9.418811229988933, 4364.5224609375], [-77.38857071846724, -9.418746437877417, 4364.5224609375], [-77.38859041593969, -9.41869874484837, 4362.60009765625], [-77.38860927522182, -9.418629929423332, 4362.11962890625], [-77.38860114477575, -9.418560108169913, 4362.11962890625], [-77.38857725635171, -9.41852867603302, 4363.08056640625], [-77.38857557997108, -9.418525826185942, 4363.08056640625], [-77.38861195743084, -9.418523227795959, 4361.158203125], [-77.38860516808927, -9.418521635234356, 4361.158203125], [-77.38855202682316, -9.41847545094788, 4363.08056640625], [-77.38851313479245, -9.418462291359901, 4364.5224609375], [-77.38850760273635, -9.418454747647047, 4364.5224609375], [-77.38844071514904, -9.418387105688453, 4367.40673828125], [-77.38841858692467, -9.41831317730248, 4368.8486328125], [-77.38840249367058, -9.41828342154622, 4369.3291015625], [-77.38837500102818, -9.418249893933535, 4369.81005859375], [-77.38834365271032, -9.418197926133871, 4369.81005859375], [-77.38828422501683, -9.418186945840716, 4371.732421875], [-77.38825857639313, -9.418144198134542, 4372.21337890625], [-77.38825581036508, -9.418095918372273, 4372.6943359375], [-77.38826729357243, -9.418027438223362, 4373.1748046875], [-77.3882447462529, -9.418015703558922, 4374.61669921875], [-77.388213314116, -9.417989300563931, 4374.61669921875], [-77.38821046426892, -9.417906319722533, 4376.05859375], [-77.38820652477443, -9.417889891192317, 4376.05859375], [-77.38821574486792, -9.417816800996661, 4377.5009765625], [-77.38820778205991, -9.417737675830722, 4379.42333984375], [-77.38818724639714, -9.417670704424381, 4379.90380859375], [-77.38818967714906, -9.41765159368515, 4379.90380859375], [-77.38822680898011, -9.417629465460777, 4377.5009765625], [-77.38823686726391, -9.417613791301847, 4377.02001953125], [-77.38825446926057, -9.417591746896505, 4375.09765625], [-77.38825907930732, -9.417603146284819, 4373.1748046875], [-77.38827508874238, -9.417589483782649, 4372.21337890625], [-77.38829118199646, -9.417577581480145, 4371.732421875], [-77.38832169212401, -9.4175523519516, 4370.77099609375], [-77.38833124749362, -9.41754162311554, 4368.8486328125], [-77.38833786919713, -9.417551178485155, 4366.92578125], [-77.38833845593035, -9.417558806017041, 4366.4453125], [-77.38836117088795, -9.417587723582983, 4365.00341796875], [-77.38836485892534, -9.417602391913533, 4363.08056640625], [-77.38838807679713, -9.417601469904184, 4362.11962890625], [-77.38841028884053, -9.417600464075804, 4361.158203125], [-77.38843484781682, -9.4176041521132, 4360.19677734375], [-77.38843400962651, -9.417618149891496, 4360.19677734375], [-77.38846141844988, -9.417634913697839, 4359.71630859375], [-77.38849955610931, -9.417691826820374, 4357.31298828125], [-77.38850886002183, -9.417716134339571, 4355.39013671875], [-77.38853341899812, -9.41775318235159, 4354.90966796875], [-77.38857625052333, -9.417855106294155, 4353.4677734375], [-77.38858019001782, -9.417888466268778, 4353.9482421875], [-77.38859460689127, -9.417900620028377, 4353.9482421875], [-77.3886004742235, -9.417938673868775, 4352.98681640625], [-77.38863031379879, -9.418018721044064, 4352.02587890625], [-77.38866317085922, -9.418134894222021, 4349.62255859375], [-77.3887070082128, -9.418221982195973, 4349.62255859375], [-77.38871907815337, -9.418239332735538, 4349.62255859375], [-77.38872293382883, -9.418347710743546, 4349.1416015625], [-77.38875159993768, -9.41838257946074, 4349.1416015625], [-77.38878294825554, -9.418367659673095, 4349.1416015625], [-77.38879619166255, -9.418348548933864, 4349.1416015625], [-77.38880759105086, -9.418329019099474, 4349.1416015625], [-77.38886894658208, -9.418319463729858, 4347.69970703125], [-77.38890197128057, -9.418352991342545, 4346.2578125], [-77.38895544782281, -9.418388865888119, 4343.8544921875], [-77.38897916860878, -9.418450221419334, 4341.93212890625], [-77.38906315527856, -9.418520042672753, 4341.93212890625], [-77.38908737897873, -9.418536555022001, 4341.93212890625], [-77.38912845030427, -9.418552396818995, 4341.93212890625], [-77.38913029432297, -9.418570417910814, 4341.93212890625], [-77.38914420828223, -9.418594473972917, 4341.451171875], [-77.38913054578006, -9.41863663494587, 4341.451171875], [-77.38914177753031, -9.418681226670742, 4341.93212890625], [-77.38918863236904, -9.418788263574243, 4340.490234375], [-77.38918754272163, -9.418814415112138, 4340.00927734375], [-77.38922132179141, -9.418922709301114, 4338.56689453125], [-77.38923138007522, -9.418934108689427, 4339.0478515625], [-77.38924412056804, -9.418949112296104, 4339.0478515625], [-77.38924529403448, -9.418986747041345, 4339.0478515625], [-77.38926096819341, -9.419008707627654, 4339.0478515625], [-77.38927798345685, -9.419020358473063, 4339.0478515625], [-77.38938258960843, -9.419093867763877, 4338.56689453125], [-77.38942106254399, -9.419106943532825, 4339.5283203125], [-77.38950110971928, -9.419152373448014, 4339.0478515625], [-77.38957285881042, -9.419224625453353, 4340.490234375], [-77.38958325237036, -9.41922152414918, 4341.451171875], [-77.38960730843246, -9.41922009922564, 4341.451171875], [-77.38965114578605, -9.419193863868713, 4342.41259765625], [-77.38967780023813, -9.419182632118464, 4343.8544921875], [-77.38972725346684, -9.419166706502438, 4343.8544921875], [-77.38980369642377, -9.419168047606945, 4343.8544921875], [-77.38982213661075, -9.419177519157529, 4343.8544921875], [-77.38985675387084, -9.41919176839292, 4343.8544921875], [-77.38999287597835, -9.419275503605604, 4340.970703125], [-77.39011290483177, -9.419335518032312, 4337.125], [-77.39015095867217, -9.41934909671545, 4336.64453125], [-77.39017342217267, -9.419350856915116, 4336.16357421875], [-77.39021700806916, -9.419350270181894, 4335.2021484375], [-77.3902631085366, -9.41934809088707, 4336.16357421875], [-77.39029621705413, -9.419356221333146, 4336.16357421875], [-77.39038221538067, -9.419405423104763, 4338.08642578125], [-77.39041339606047, -9.419414978474379, 4338.56689453125], [-77.39051230251789, -9.419434173032641, 4339.5283203125], [-77.3905361071229, -9.419447416439652, 4340.00927734375], [-77.39056577906013, -9.419460073113441, 4340.00927734375], [-77.39059193059802, -9.419475244358182, 4340.00927734375], [-77.39063509739935, -9.419489409774542, 4341.451171875], [-77.39067642018199, -9.41948588937521, 4342.41259765625], [-77.39070760086179, -9.419493768364191, 4343.3740234375], [-77.39076225087047, -9.419517992064357, 4344.33544921875], [-77.39078572019935, -9.419549088925123, 4342.89306640625], [-77.39079468883574, -9.419559901580215, 4342.89306640625], [-77.39093550480902, -9.41965201869607, 4346.2578125], [-77.3909814376384, -9.419670375064015, 4347.69970703125], [-77.3909991234541, -9.419680684804916, 4348.1806640625], [-77.3910850379616, -9.419764671474695, 4351.544921875], [-77.39113884977996, -9.41983139142394, 4351.544921875], [-77.391173299402, -9.419852262362838, 4351.544921875], [-77.39131478592753, -9.419943122193217, 4352.98681640625], [-77.3913749679923, -9.420000538229942, 4353.9482421875], [-77.39141268655658, -9.420041358098388, 4355.39013671875], [-77.391448142007, -9.420071952044964, 4355.87109375], [-77.39145442843437, -9.420102797448635, 4355.39013671875], [-77.39148602820933, -9.420222658663988, 4351.544921875], [-77.39150212146342, -9.420286864042282, 4349.1416015625], [-77.39152961410582, -9.420394152402878, 4345.29638671875], [-77.39156221970916, -9.420543098822236, 4339.5283203125], [-77.39161117002368, -9.420676873996854, 4335.68310546875], [-77.39162432961166, -9.420702354982495, 4335.2021484375], [-77.39168560132384, -9.4207953941077, 4333.27978515625], [-77.39174460992217, -9.42083252593875, 4332.79931640625], [-77.39176321774721, -9.420857755467296, 4332.318359375], [-77.39179221913218, -9.420873429626226, 4332.79931640625], [-77.39191467873752, -9.421001756563783, 4332.318359375], [-77.3920158483088, -9.421097645536065, 4329.4345703125], [-77.39202037453651, -9.42112136632204, 4329.4345703125], [-77.3921279143542, -9.42124055698514, 4327.99267578125], [-77.39219170063734, -9.421284645795822, 4327.99267578125], [-77.39225481636822, -9.42133636213839, 4328.47314453125], [-77.39238574169576, -9.421454798430204, 4325.10888671875], [-77.39244852215052, -9.421487739309669, 4323.18603515625], [-77.39250468090177, -9.421524116769433, 4322.224609375], [-77.39255857653916, -9.421568373218179, 4320.78271484375], [-77.39264264702797, -9.421632746234536, 4321.744140625], [-77.39270031452179, -9.421696281060576, 4322.224609375], [-77.39273040555418, -9.421714385971427, 4322.224609375], [-77.39284498617053, -9.42182251252234, 4321.263671875], [-77.39292897284031, -9.421906163915992, 4317.89892578125], [-77.39295789040625, -9.421945810317993, 4316.45703125], [-77.3930396977812, -9.42201747559011, 4314.5341796875], [-77.39305252209306, -9.422036167234182, 4314.0537109375], [-77.39309795200825, -9.422071035951376, 4312.61181640625], [-77.39313206635416, -9.422097187489271, 4311.169921875], [-77.39323440939188, -9.42219190299511, 4310.68896484375], [-77.39328763447702, -9.422247055917978, 4310.68896484375], [-77.39340690895915, -9.422331294044852, 4315.49560546875], [-77.39341747015715, -9.422335401177406, 4315.9765625], [-77.39352006465197, -9.422436403110623, 4318.8603515625], [-77.3935785703361, -9.422565819695592, 4317.41845703125], [-77.39362115040421, -9.422672353684902, 4315.49560546875], [-77.39368275739253, -9.422746784985065, 4315.49560546875], [-77.3937149439007, -9.42276849411428, 4315.9765625], [-77.39380463026464, -9.422860192134976, 4317.89892578125], [-77.39393505267799, -9.422937892377377, 4322.224609375], [-77.39400152117014, -9.423019532114267, 4324.1474609375], [-77.39410285837948, -9.423126904293895, 4326.55078125], [-77.39413093775511, -9.423155570402741, 4327.03125], [-77.39423923194408, -9.423269396647811, 4329.9150390625], [-77.3942485358566, -9.423275934532285, 4329.9150390625], [-77.39436001516879, -9.423363944515586, 4333.27978515625], [-77.39442958496511, -9.423396550118923, 4335.2021484375], [-77.39450552500784, -9.423429742455482, 4336.64453125], [-77.3946077004075, -9.423461090773344, 4338.08642578125], [-77.39463251084089, -9.42347458563745, 4339.0478515625], [-77.39470962435007, -9.423615653067827, 4334.2412109375], [-77.39476083777845, -9.423758899793029, 4325.10888671875], [-77.39477466791868, -9.423787146806717, 4324.6279296875], [-77.39484901539981, -9.423880772665143, 4324.6279296875], [-77.39487499929965, -9.423902062699199, 4325.58935546875], [-77.39496351219714, -9.424008345231414, 4326.55078125], [-77.39499947056174, -9.424064168706536, 4326.06982421875], [-77.39503853023052, -9.4241351634264, 4325.10888671875], [-77.39507155492902, -9.424197860062122, 4325.10888671875], [-77.39508697763085, -9.424224011600018, 4325.10888671875], [-77.39518253132701, -9.424340771511197, 4325.58935546875], [-77.39519099704921, -9.424347477033734, 4326.06982421875], [-77.3952158074826, -9.424389135092497, 4326.06982421875], [-77.3952224291861, -9.424409000203013, 4326.55078125], [-77.3953059129417, -9.424517713487148, 4326.55078125], [-77.3953743930906, -9.42461896687746, 4326.55078125], [-77.39541881717741, -9.424661546945572, 4326.55078125], [-77.39543817937374, -9.424672527238727, 4326.55078125], [-77.39548335783184, -9.424698343500495, 4327.03125], [-77.39550238475204, -9.424709491431713, 4327.03125], [-77.39557857625186, -9.42477336153388, 4327.03125], [-77.39561880938709, -9.424806134775281, 4327.03125], [-77.39568527787924, -9.424846032634377, 4327.51171875], [-77.39580505527556, -9.42492339760065, 4329.4345703125], [-77.39584629423916, -9.424957847222686, 4329.9150390625], [-77.3959169536829, -9.425005037337542, 4330.39599609375], [-77.39594779908657, -9.425017777830362, 4330.39599609375], [-77.39603036083281, -9.425076954066753, 4331.357421875], [-77.39605098031461, -9.425101010128856, 4331.837890625], [-77.39609967917204, -9.425112996250391, 4333.27978515625], [-77.39610076881945, -9.425173681229353, 4333.27978515625], [-77.39610764198005, -9.425186673179269, 4332.79931640625], [-77.39615701138973, -9.425197904929519, 4331.837890625], [-77.39621912129223, -9.425216848030686, 4331.837890625], [-77.39623353816569, -9.425234869122505, 4331.357421875], [-77.39629690535367, -9.425319777801633, 4331.837890625], [-77.39637150429189, -9.425393119454384, 4331.837890625], [-77.39638122729957, -9.425412230193615, 4331.357421875], [-77.39640595391393, -9.425431173294783, 4331.357421875], [-77.39650276489556, -9.425532342866063, 4332.318359375], [-77.39656537771225, -9.42560006864369, 4332.79931640625], [-77.39664601162076, -9.425675421953201, 4334.2412109375], [-77.39667107351124, -9.425697131082416, 4334.7216796875], [-77.39675858058035, -9.425825625658035, 4335.2021484375], [-77.39677425473928, -9.425840377807617, 4334.7216796875], [-77.396842231974, -9.42597784101963, 4330.39599609375], [-77.39687383174896, -9.426007093861699, 4328.9541015625], [-77.39693745039403, -9.426090996712446, 4328.47314453125], [-77.39701607264578, -9.426203900948167, 4329.4345703125], [-77.39703820087016, -9.426236087456346, 4329.9150390625], [-77.39705739542842, -9.426260143518448, 4329.9150390625], [-77.39707097411156, -9.426286881789565, 4329.9150390625], [-77.39712243899703, -9.426343627274036, 4329.9150390625], [-77.39713593386114, -9.426370533183217, 4329.9150390625], [-77.3972119577229, -9.426467679440975, 4328.9541015625], [-77.39728521555662, -9.42656616680324, 4327.99267578125], [-77.39735428243876, -9.426679741591215, 4327.99267578125], [-77.3973604850471, -9.426686195656657, 4327.99267578125], [-77.39738345146179, -9.426716705784202, 4327.51171875], [-77.39747221581638, -9.426839081570506, 4326.55078125], [-77.39749191328883, -9.426868250593543, 4325.58935546875], [-77.39751655608416, -9.426893731579185, 4324.6279296875], [-77.39752468653023, -9.426913345232606, 4324.1474609375], [-77.39754304289818, -9.426924409344792, 4324.1474609375], [-77.39763474091887, -9.427051814273, 4323.6669921875], [-77.39766080863774, -9.427095148712397, 4324.1474609375], [-77.39768017083406, -9.427137225866318, 4323.6669921875], [-77.39776038564742, -9.427259182557464, 4323.6669921875], [-77.39778938703239, -9.427299499511719, 4324.1474609375], [-77.39779835566878, -9.427317772060633, 4323.6669921875], [-77.39783247001469, -9.427358424291015, 4323.6669921875], [-77.39785753190517, -9.427387258037925, 4323.18603515625], [-77.39793623797596, -9.427477531135082, 4323.18603515625], [-77.398013016209, -9.427545592188835, 4320.30224609375], [-77.39805274643004, -9.4275922793895, 4318.8603515625], [-77.39813975058496, -9.427660256624222, 4315.9765625], [-77.39820579998195, -9.427723120898008, 4314.0537109375], [-77.3982844222337, -9.427782464772463, 4312.130859375], [-77.39834301173687, -9.42783803679049, 4310.68896484375], [-77.39835038781166, -9.427842730656266, 4310.68896484375], [-77.3983861785382, -9.427881371229887, 4309.72802734375], [-77.39839581772685, -9.42789763212204, 4309.72802734375], [-77.39847309887409, -9.427974410355091, 4310.20849609375], [-77.39855281077325, -9.42804615944624, 4313.09228515625], [-77.39862221293151, -9.428130816668272, 4313.5732421875], [-77.39869588986039, -9.428220083937049, 4315.9765625], [-77.39872581325471, -9.428243888542056, 4315.49560546875], [-77.39878809079528, -9.428318655118346, 4314.5341796875], [-77.3987992387265, -9.428355367854238, 4315.01513671875], [-77.39880887791514, -9.428373891860247, 4315.49560546875], [-77.39883737638593, -9.428410353139043, 4316.45703125], [-77.39890409633517, -9.428506409749389, 4317.41845703125], [-77.39892454817891, -9.428528789430857, 4316.45703125], [-77.3989390488714, -9.428545972332358, 4315.01513671875], [-77.39900317043066, -9.428576398640871, 4314.5341796875], [-77.39901800639927, -9.428608333691955, 4314.0537109375], [-77.39901079796255, -9.428636999800801, 4313.5732421875], [-77.39906159229577, -9.428763398900628, 4312.130859375], [-77.39913124591112, -9.428883092477918, 4311.650390625], [-77.39914507605135, -9.428979065269232, 4310.68896484375], [-77.3991425614804, -9.429010497406125, 4310.20849609375], [-77.39913267083466, -9.429049137979746, 4309.2470703125], [-77.39912278018892, -9.4291378185153, 4304.9208984375], [-77.39916921593249, -9.429287100210786, 4299.15283203125], [-77.39920073188841, -9.429348288103938, 4298.19189453125], [-77.3991911765188, -9.42937234416604, 4297.23046875], [-77.39921825006604, -9.429406290873885, 4296.74951171875], [-77.39923710934818, -9.429481644183397, 4297.23046875], [-77.39924197085202, -9.429499749094248, 4297.23046875], [-77.39919058978558, -9.4295609369874, 4295.78857421875], [-77.39912386983633, -9.429552806541324, 4291.46240234375], [-77.39906385540962, -9.429491618648171, 4289.05908203125], [-77.39903611131012, -9.429476279765368, 4288.57861328125], [-77.39892211742699, -9.429407129064202, 4286.17529296875], [-77.39887056872249, -9.429384414106607, 4285.21435546875], [-77.39874618127942, -9.42940260283649, 4282.330078125], [-77.39873922429979, -9.429408721625805, 4281.849609375], [-77.39872857928276, -9.429431185126305, 4280.88818359375], [-77.39875665865839, -9.429544759914279, 4280.40771484375], [-77.39877878688276, -9.429587507620454, 4278.9658203125], [-77.39882220514119, -9.429728658869863, 4278.00439453125], [-77.39882706664503, -9.429742069914937, 4278.00439453125], [-77.39884156733751, -9.429756654426455, 4278.48486328125], [-77.39890158176422, -9.429866457358003, 4278.9658203125], [-77.3989335168153, -9.429993275552988, 4280.40771484375], [-77.3989337682724, -9.430025713518262, 4279.4462890625], [-77.39892303943634, -9.430169630795717, 4278.00439453125], [-77.39893083460629, -9.430187400430441, 4277.52392578125], [-77.39894835278392, -9.430250767618418, 4277.52392578125], [-77.39897240884602, -9.43028898909688, 4277.52392578125], [-77.39900451153517, -9.430345399305224, 4277.52392578125], [-77.39903996698558, -9.430406503379345, 4277.04296875], [-77.39909553900361, -9.43052058108151, 4275.6005859375], [-77.39910325035453, -9.430541032925248, 4274.63916015625], [-77.39914876408875, -9.430688470602036, 4271.27490234375], [-77.39917181432247, -9.430753597989678, 4271.27490234375], [-77.3992411326617, -9.430886283516884, 4270.7939453125], [-77.39928706549108, -9.43096381612122, 4269.8330078125], [-77.3993772547692, -9.431062387302518, 4268.87158203125], [-77.39945998415351, -9.431152576580644, 4270.7939453125], [-77.39946861751378, -9.431159868836403, 4270.7939453125], [-77.39952720701694, -9.431229690089822, 4272.23583984375], [-77.39960197359324, -9.431312251836061, 4269.35205078125], [-77.39968897774816, -9.431429095566273, 4265.0263671875], [-77.39972711540759, -9.43155599758029, 4263.58447265625], [-77.39975234493613, -9.431610396131873, 4262.142578125], [-77.39978696219623, -9.431686419993639, 4259.7392578125], [-77.39985653199255, -9.43177392706275, 4255.4130859375], [-77.39989190362394, -9.431833606213331, 4252.529296875], [-77.39994714036584, -9.431875934824347, 4252.048828125], [-77.40006138570607, -9.431993197649717, 4249.16455078125], [-77.40016398020089, -9.432054301723838, 4251.08740234375], [-77.40027914755046, -9.432125547900796, 4251.08740234375], [-77.40040672011673, -9.43219662643969, 4252.048828125], [-77.40049783140421, -9.432242894545197, 4256.37451171875], [-77.40064107812941, -9.432351188734174, 4255.4130859375], [-77.40065800957382, -9.432366695255041, 4255.4130859375], [-77.40067167207599, -9.432382117956877, 4254.9326171875], [-77.40078390575945, -9.4324482511729, 4250.6064453125], [-77.40081961266696, -9.43246090784669, 4249.6455078125], [-77.40084710530937, -9.432472307235003, 4249.6455078125], [-77.400973001495, -9.432517234236002, 4253.97119140625], [-77.40105514414608, -9.432549169287086, 4258.77783203125], [-77.40111633203924, -9.432588731870055, 4259.25830078125], [-77.40123745054007, -9.432637263089418, 4261.18115234375], [-77.40131163038313, -9.432672886177897, 4259.7392578125], [-77.40145521238446, -9.432728374376893, 4263.103515625], [-77.40151665173471, -9.432771373540163, 4259.7392578125], [-77.4015932623297, -9.4328230060637, 4256.85498046875], [-77.40163927897811, -9.432837842032313, 4257.3359375], [-77.40175880491734, -9.432921409606934, 4247.2421875], [-77.4018018040806, -9.432931719347835, 4247.2421875], [-77.40182401612401, -9.432939849793911, 4248.68408203125], [-77.40196701139212, -9.433005144819617, 4246.76171875], [-77.402019565925, -9.433040851727128, 4241.4736328125], [-77.40210288204253, -9.433063482865691, 4242.91552734375], [-77.40215107798576, -9.433095417916775, 4240.5126953125], [-77.40226725116372, -9.433160293847322, 4233.783203125], [-77.40231025032699, -9.433202622458339, 4232.34130859375], [-77.40241661667824, -9.43327839486301, 4230.8994140625], [-77.40243958309293, -9.433288872241974, 4229.93798828125], [-77.40247822366655, -9.433315694332123, 4229.45751953125], [-77.4025169480592, -9.433330530300736, 4230.8994140625], [-77.40259657613933, -9.433410577476025, 4232.34130859375], [-77.40261225029826, -9.433419797569513, 4231.86083984375], [-77.40264309570193, -9.43350026383996, 4231.86083984375], [-77.40267276763916, -9.433556590229273, 4232.34130859375], [-77.40269682370126, -9.433667650446296, 4231.86083984375], [-77.40277728997171, -9.433804359287024, 4236.66748046875], [-77.40283680148423, -9.433883987367153, 4238.109375], [-77.40290586836636, -9.433971494436264, 4240.9931640625], [-77.4030523840338, -9.434102503582835, 4242.91552734375], [-77.403166545555, -9.434251366183162, 4243.876953125], [-77.40321080200374, -9.434305597096682, 4244.3583984375], [-77.40323603153229, -9.434341136366129, 4244.8388671875], [-77.40329981781542, -9.434424368664622, 4244.8388671875], [-77.40338799543679, -9.434512378647923, 4244.3583984375], [-77.40342286415398, -9.434550013393164, 4244.3583984375], [-77.403533924371, -9.43471111357212, 4244.8388671875], [-77.40357851609588, -9.434757549315691, 4244.3583984375], [-77.40360299125314, -9.434793926775455, 4244.3583984375], [-77.4036190006882, -9.434810522943735, 4244.3583984375], [-77.4036377761513, -9.434837512671947, 4244.8388671875], [-77.4037070106715, -9.434889480471611, 4244.8388671875], [-77.40372838452458, -9.434899874031544, 4244.8388671875], [-77.40388227626681, -9.435035660862923, 4241.4736328125], [-77.4039935041219, -9.435180583968759, 4238.109375], [-77.40400993265212, -9.4351991917938, 4238.109375], [-77.40403264760971, -9.435249902307987, 4238.109375], [-77.40408754907548, -9.435333805158734, 4239.55126953125], [-77.40413825958967, -9.435393903404474, 4240.9931640625], [-77.40418343804777, -9.435426173731685, 4241.4736328125], [-77.40430170670152, -9.435570007190108, 4241.4736328125], [-77.40437923930585, -9.435662627220154, 4240.5126953125], [-77.40440195426345, -9.435672098770738, 4240.5126953125], [-77.40445752628148, -9.435714343562722, 4239.55126953125], [-77.4045717716217, -9.43579682148993, 4239.07080078125], [-77.40460018627346, -9.435826409608126, 4239.07080078125], [-77.40480730310082, -9.43591894581914, 4235.7060546875], [-77.40492632612586, -9.436005782335997, 4235.22509765625], [-77.40505783818662, -9.436141904443502, 4235.22509765625], [-77.40516663528979, -9.436244498938322, 4236.66748046875], [-77.4052089639008, -9.43629814311862, 4237.62841796875], [-77.40528197027743, -9.43638707511127, 4239.07080078125], [-77.40531424060464, -9.43643158301711, 4239.07080078125], [-77.40534164942801, -9.43648380227387, 4239.55126953125], [-77.40545799024403, -9.436647333204746, 4239.07080078125], [-77.40554583258927, -9.436788316816092, 4240.03173828125], [-77.40555312484503, -9.436796363443136, 4240.03173828125], [-77.40556687116623, -9.436837267130613, 4239.55126953125], [-77.4055998120457, -9.436882613226771, 4239.07080078125], [-77.4056600779295, -9.437018651515245, 4237.62841796875], [-77.40577491000295, -9.437203975394368, 4236.1865234375], [-77.405806761235, -9.437261642888188, 4236.66748046875], [-77.40582905709743, -9.437299277633429, 4237.14794921875], [-77.4058617465198, -9.437325345352292, 4237.62841796875], [-77.40590365603566, -9.437370356172323, 4237.14794921875], [-77.40591899491847, -9.437391394749284, 4237.14794921875], [-77.40601463243365, -9.437506394460797, 4233.302734375], [-77.40603759884834, -9.437546711415052, 4232.822265625], [-77.40609727799892, -9.437634637579322, 4231.86083984375], [-77.40617715753615, -9.437790792435408, 4230.4189453125], [-77.40628654137254, -9.437953401356936, 4230.8994140625], [-77.40640447475016, -9.438081812113523, 4232.822265625], [-77.40644194185734, -9.438108131289482, 4232.34130859375], [-77.40650204010308, -9.438164290040731, 4231.86083984375], [-77.4065372440964, -9.438221706077456, 4230.8994140625], [-77.40665710531175, -9.438362857326865, 4229.93798828125], [-77.40674662403762, -9.438466792926192, 4228.015625], [-77.40687386132777, -9.438589420169592, 4227.53466796875], [-77.40700621157885, -9.43869000300765, 4226.0927734375], [-77.4071641266346, -9.438747335225344, 4227.53466796875], [-77.40730804391205, -9.438810450956225, 4225.6123046875], [-77.40747274830937, -9.438893431797624, 4220.8056640625], [-77.40766243077815, -9.43898806348443, 4219.36376953125], [-77.40781942382455, -9.439056878909469, 4219.84423828125], [-77.4080018978566, -9.439121754840016, 4218.40234375], [-77.4081480782479, -9.43917028605938, 4218.40234375], [-77.408333318308, -9.439233150333166, 4219.84423828125], [-77.40847354754806, -9.4393056537956, 4218.40234375], [-77.4084939993918, -9.43931294605136, 4218.40234375], [-77.40864177234471, -9.439387628808618, 4216.96044921875], [-77.40865132771432, -9.439390059560537, 4217.44140625], [-77.40866398438811, -9.439378576353192, 4217.44140625], [-77.40866423584521, -9.43937891162932, 4215.0380859375], [-77.4086459632963, -9.439377319067717, 4214.55712890625], [-77.40864152088761, -9.439384695142508, 4213.59619140625], [-77.40865392610431, -9.439415540546179, 4211.1923828125], [-77.40867077372968, -9.439422832801938, 4211.1923828125], [-77.40866859443486, -9.439427610486746, 4211.6728515625], [-77.4086924828589, -9.439427945762873, 4211.1923828125], [-77.40881427191198, -9.43949768319726, 4210.71142578125], [-77.40886649116874, -9.439522409811616, 4210.71142578125], [-77.40906740538776, -9.439654340967536, 4211.1923828125], [-77.40928969345987, -9.439801946282387, 4211.1923828125], [-77.40945238620043, -9.43989590741694, 4211.1923828125], [-77.4095762707293, -9.439983330667019, 4212.634765625], [-77.40979051217437, -9.440098581835628, 4213.115234375], [-77.4099888280034, -9.440242499113083, 4213.59619140625], [-77.41018010303378, -9.440422710031271, 4214.07666015625], [-77.41031153127551, -9.440592275932431, 4212.15380859375], [-77.4104153830558, -9.440755220130086, 4211.6728515625], [-77.41052116267383, -9.44093425758183, 4209.26953125], [-77.41055745631456, -9.440986644476652, 4209.26953125], [-77.41070363670588, -9.441087059676647, 4206.8662109375], [-77.41071461699903, -9.441113462671638, 4206.3857421875], [-77.4107869528234, -9.441175572574139, 4206.3857421875], [-77.41101267747581, -9.441325943917036, 4203.501953125], [-77.41114025004208, -9.441457288339734, 4202.54052734375], [-77.41127461194992, -9.441618472337723, 4198.6953125], [-77.41136463358998, -9.441777477040887, 4195.33056640625], [-77.41138743236661, -9.441830618306994, 4193.408203125], [-77.41156479343772, -9.442069502547383, 4189.08203125], [-77.41170611232519, -9.442269997671247, 4188.12109375], [-77.41187022998929, -9.442497147247195, 4182.833984375], [-77.41201188415289, -9.442705102264881, 4182.35302734375], [-77.41217583417892, -9.442861089482903, 4181.87255859375], [-77.41234690882266, -9.44304758682847, 4182.35302734375], [-77.41252200677991, -9.443214554339647, 4180.4306640625], [-77.41273054853082, -9.443346820771694, 4180.9111328125], [-77.41294655017555, -9.443510603159666, 4182.833984375], [-77.41311837919056, -9.443620825186372, 4183.314453125], [-77.41330529563129, -9.44375610910356, 4183.314453125], [-77.41348751820624, -9.443969847634435, 4182.833984375], [-77.41363562643528, -9.444149388000369, 4181.87255859375], [-77.41381340660155, -9.444343764334917, 4179.46875], [-77.41396277211607, -9.444513749331236, 4178.50732421875], [-77.41411046124995, -9.44466738961637, 4177.0654296875], [-77.41419771686196, -9.444765457883477, 4177.0654296875], [-77.41432839073241, -9.444931419566274, 4175.62353515625], [-77.414435679093, -9.445127891376615, 4176.10400390625], [-77.41455730050802, -9.445341043174267, 4175.14306640625], [-77.41463801823556, -9.445550674572587, 4174.181640625], [-77.41470607928932, -9.44573893211782, 4172.73974609375], [-77.41479082033038, -9.445955939590931, 4172.2587890625], [-77.41486122831702, -9.446114609017968, 4171.7783203125], [-77.41486525163054, -9.446125840768218, 4171.7783203125], [-77.41487824358046, -9.446174455806613, 4171.7783203125], [-77.41488511674106, -9.446374448016286, 4169.85595703125], [-77.41484412923455, -9.446525741368532, 4166.4912109375], [-77.41481244564056, -9.44659254513681, 4166.01025390625], [-77.41477112285793, -9.446640238165855, 4165.04931640625], [-77.41478277370334, -9.446711484342813, 4165.04931640625], [-77.4147969391197, -9.4467294216156, 4165.04931640625], [-77.41483784280717, -9.446753896772861, 4165.52978515625], [-77.4148556124419, -9.44676068611443, 4166.01025390625], [-77.41493188776076, -9.44683595560491, 4166.9716796875], [-77.41495326161385, -9.446839895099401, 4166.9716796875], [-77.41499600932002, -9.446876775473356, 4167.45263671875], [-77.41502207703888, -9.446895970031619, 4167.45263671875], [-77.41506088525057, -9.446937125176191, 4167.45263671875], [-77.41510111838579, -9.446954894810915, 4168.41357421875], [-77.41510388441384, -9.446967551484704, 4168.41357421875], [-77.41521075367928, -9.44705774076283, 4169.375], [-77.41527034901083, -9.44709294475615, 4172.2587890625], [-77.41532290354371, -9.447115743532777, 4174.181640625], [-77.41534595377743, -9.447122113779187, 4174.662109375], [-77.41539121605456, -9.447157653048635, 4175.62353515625], [-77.41546078585088, -9.447199059650302, 4175.62353515625], [-77.41549246944487, -9.447209117934108, 4176.10400390625], [-77.41550227627158, -9.447221271693707, 4176.10400390625], [-77.4155134242028, -9.447234682738781, 4176.5849609375], [-77.4155596923083, -9.447266617789865, 4177.54638671875], [-77.41562431678176, -9.447329482063651, 4178.02685546875], [-77.41575130261481, -9.447461580857635, 4178.98828125], [-77.41588415578008, -9.447580939158797, 4177.54638671875], [-77.41589781828225, -9.447595858946443, 4176.5849609375], [-77.41607811301947, -9.447718737646937, 4176.5849609375], [-77.41623468697071, -9.447827534750104, 4175.62353515625], [-77.41638195700943, -9.447970949113369, 4175.62353515625], [-77.4164905026555, -9.448128025978804, 4175.14306640625], [-77.41651430726051, -9.448148477822542, 4175.14306640625], [-77.41657960228622, -9.448224753141403, 4175.62353515625], [-77.41666777990758, -9.448301950469613, 4176.5849609375], [-77.4167600646615, -9.448471013456583, 4176.10400390625], [-77.41682996973395, -9.448571847751737, 4173.70068359375], [-77.41685301996768, -9.448600094765425, 4173.70068359375], [-77.41691638715565, -9.448739988729358, 4171.7783203125], [-77.4170587118715, -9.44889061152935, 4171.2978515625], [-77.4171905592084, -9.44904358126223, 4170.33642578125], [-77.41729809902608, -9.449237706139684, 4167.93310546875], [-77.41735953837633, -9.449402578175068, 4166.9716796875], [-77.4174094107002, -9.449550854042172, 4165.04931640625], [-77.41743413731456, -9.4496582262218, 4163.607421875], [-77.41742734797299, -9.449768448248506, 4161.2041015625], [-77.41747428663075, -9.449953436851501, 4157.35888671875], [-77.41759666241705, -9.450110765174031, 4154.47509765625], [-77.41765290498734, -9.450168684124947, 4153.513671875], [-77.41779548116028, -9.450323665514588, 4150.62939453125], [-77.4178047850728, -9.450330706313252, 4150.62939453125], [-77.41783822886646, -9.450364485383034, 4150.14892578125], [-77.41802397184074, -9.45040823891759, 4148.70703125], [-77.41820116527379, -9.450409831479192, 4148.2265625], [-77.41835304535925, -9.450426260009408, 4147.7451171875], [-77.41851506754756, -9.450445622205734, 4145.341796875], [-77.418690668419, -9.4505285192281, 4145.341796875], [-77.41872226819396, -9.45054947398603, 4145.82275390625], [-77.41886870004237, -9.450702276080847, 4144.380859375], [-77.4188754055649, -9.450712082907557, 4144.380859375], [-77.41902988404036, -9.450883157551289, 4142.9384765625], [-77.41918411105871, -9.451005198061466, 4140.53564453125], [-77.41929592564702, -9.45115246810019, 4140.53564453125], [-77.41943816654384, -9.451312562450767, 4141.01611328125], [-77.41958803497255, -9.451437452808022, 4139.09375], [-77.41966037079692, -9.451510291546583, 4138.13232421875], [-77.41972340270877, -9.451566282659769, 4136.6904296875], [-77.41983236745, -9.45166745223105, 4135.72900390625], [-77.4200033582747, -9.45177054964006, 4136.20947265625], [-77.42014023475349, -9.451892087236047, 4137.6513671875], [-77.42018826305866, -9.451967608183622, 4137.6513671875], [-77.42026906460524, -9.452098533511162, 4137.6513671875], [-77.42028364911675, -9.452129295095801, 4137.1708984375], [-77.42030083201826, -9.45215511135757, 4137.6513671875], [-77.42036352865398, -9.452335825189948, 4136.20947265625], [-77.42038196884096, -9.452412603423, 4135.248046875], [-77.42040066048503, -9.4525748770684, 4134.287109375], [-77.42039764299989, -9.452631371095777, 4134.287109375], [-77.420419100672, -9.45279917679727, 4132.84521484375], [-77.42045011371374, -9.45296673104167, 4132.3642578125], [-77.42047852836549, -9.45312456227839, 4132.84521484375], [-77.42051733657718, -9.453264456242323, 4132.3642578125], [-77.42055178619921, -9.453328996896744, 4131.8837890625], [-77.42058573290706, -9.453388843685389, 4131.8837890625], [-77.42068950086832, -9.453543908894062, 4130.44189453125], [-77.42082436569035, -9.45366351865232, 4129.48046875], [-77.42089678533375, -9.453691011294723, 4129.9609375], [-77.42105084471405, -9.45374465547502, 4131.8837890625], [-77.42118914611638, -9.45380232296884, 4132.3642578125], [-77.4212878011167, -9.453835766762495, 4132.84521484375], [-77.42131906561553, -9.453842472285032, 4132.84521484375], [-77.42150665260851, -9.453890584409237, 4134.287109375], [-77.42168619297445, -9.453913047909737, 4134.767578125], [-77.42178484797478, -9.453922603279352, 4135.248046875], [-77.42191392928362, -9.453964177519083, 4134.767578125], [-77.4220737721771, -9.45401480421424, 4136.20947265625], [-77.42215189151466, -9.454050343483686, 4135.72900390625], [-77.42221090011299, -9.454080518335104, 4135.248046875], [-77.42237669415772, -9.454152435064316, 4136.6904296875], [-77.42240770719945, -9.454161738976836, 4137.1708984375], [-77.42258188314736, -9.454247485846281, 4136.20947265625], [-77.42269000969827, -9.454301800578833, 4137.1708984375], [-77.42274457588792, -9.454343374818563, 4138.13232421875], [-77.42286728695035, -9.454427948221564, 4139.09375], [-77.42299695499241, -9.454540517181158, 4139.09375], [-77.42305118590593, -9.454611176624894, 4139.09375], [-77.42307281121612, -9.454631628468633, 4139.57421875], [-77.42312930524349, -9.454706562682986, 4139.09375], [-77.42314564995468, -9.454727936536074, 4139.09375], [-77.42320398800075, -9.45480345748365, 4140.53564453125], [-77.42329392582178, -9.454902866855264, 4140.53564453125], [-77.42338654585183, -9.455018285661936, 4142.4580078125], [-77.42345460690558, -9.455193802714348, 4140.53564453125], [-77.4234520085156, -9.455279549583793, 4140.0546875], [-77.42348729632795, -9.455336797982454, 4138.13232421875], [-77.4235725402832, -9.455484403297305, 4137.6513671875], [-77.42366038262844, -9.45565078407526, 4134.767578125], [-77.42374252527952, -9.45581691339612, 4131.4033203125], [-77.42381243035197, -9.455972565338016, 4129.0], [-77.42389113642275, -9.456178927794099, 4129.0], [-77.42393748834729, -9.456384954974055, 4128.03857421875], [-77.42396187968552, -9.456568770110607, 4128.03857421875], [-77.42397730238736, -9.456734145060182, 4128.03857421875], [-77.42396665737033, -9.456900944933295, 4127.0771484375], [-77.42403379641473, -9.457066571339965, 4126.5966796875], [-77.42413379251957, -9.457207219675183, 4127.0771484375], [-77.42424946278334, -9.457348035648465, 4128.03857421875], [-77.42431827820837, -9.457511566579342, 4127.0771484375], [-77.42434409447014, -9.45767811499536, 4126.5966796875], [-77.42437477223575, -9.4578159134835, 4127.0771484375], [-77.42438684217632, -9.457838209345937, 4127.5576171875], [-77.42440385743976, -9.457885986194015, 4128.03857421875], [-77.42443319410086, -9.457937786355615, 4129.48046875], [-77.42444794625044, -9.45798103697598, 4129.0], [-77.42448851466179, -9.458154626190662, 4129.0], [-77.42450268007815, -9.458198798820376, 4129.0], [-77.42455707862973, -9.458383871242404, 4127.0771484375], [-77.4246243853122, -9.458547905087471, 4124.673828125], [-77.4246920272708, -9.458689643070102, 4125.15478515625], [-77.42474114522338, -9.45879659615457, 4125.63525390625], [-77.42477685213089, -9.458859208971262, 4126.5966796875], [-77.42480828426778, -9.458926767110825, 4127.0771484375], [-77.42485136725008, -9.45898904465139, 4128.51904296875], [-77.42488254792988, -9.459032965824008, 4129.48046875], [-77.42491322569549, -9.45906481705606, 4130.44189453125], [-77.42492470890284, -9.459079820662737, 4130.44189453125], [-77.4249972961843, -9.459154838696122, 4130.92236328125], [-77.42509620264173, -9.459233209490776, 4131.4033203125], [-77.42512025870383, -9.45925047621131, 4131.4033203125], [-77.42525805719197, -9.459409900009632, 4128.03857421875], [-77.42534380406141, -9.459525654092431, 4128.51904296875], [-77.42538931779563, -9.459566473960876, 4129.48046875], [-77.42541370913386, -9.459609724581242, 4129.48046875], [-77.4254653416574, -9.459707792848349, 4129.9609375], [-77.42548847571015, -9.459760431200266, 4129.9609375], [-77.42551580071449, -9.45983050391078, 4129.9609375], [-77.42554530501366, -9.459891440346837, 4129.9609375], [-77.42556005716324, -9.459934690967202, 4129.9609375], [-77.42557187564671, -9.459950784221292, 4130.44189453125], [-77.42562619037926, -9.460041308775544, 4131.4033203125], [-77.42571235634387, -9.460104927420616, 4132.84521484375], [-77.42573984898627, -9.460117081180215, 4133.32568359375], [-77.42583439685404, -9.460135102272034, 4133.32568359375], [-77.42587982676923, -9.460142478346825, 4133.32568359375], [-77.42591142654419, -9.460153877735138, 4133.32568359375], [-77.42594084702432, -9.460160080343485, 4133.32568359375], [-77.42607286199927, -9.460171982645988, 4133.32568359375], [-77.42613949812949, -9.460173826664686, 4133.80615234375], [-77.42621007375419, -9.46018765680492, 4132.84521484375], [-77.42627117782831, -9.460211461409926, 4132.84521484375], [-77.42632993496954, -9.460200564935803, 4133.80615234375], [-77.42638341151178, -9.460213473066688, 4133.80615234375], [-77.42643646895885, -9.460224118083715, 4132.84521484375], [-77.426553145051, -9.46024976670742, 4132.84521484375], [-77.42660234682262, -9.460272146388888, 4131.8837890625], [-77.4266725871712, -9.4602853897959, 4130.44189453125], [-77.4267349485308, -9.460261166095734, 4130.92236328125], [-77.42676118388772, -9.460262591019273, 4130.92236328125], [-77.42686117999256, -9.460284886881709, 4129.9609375], [-77.42695287801325, -9.460304081439972, 4131.8837890625], [-77.42703778669238, -9.460308775305748, 4133.32568359375], [-77.42709210142493, -9.460324281826615, 4134.287109375], [-77.42719301953912, -9.460335932672024, 4134.767578125], [-77.42727315053344, -9.460351020097733, 4135.248046875], [-77.42729720659554, -9.460348170250654, 4136.6904296875], [-77.42731547914445, -9.460355713963509, 4136.6904296875], [-77.42740818299353, -9.460384966805577, 4136.20947265625], [-77.42751639336348, -9.4604183267802, 4135.72900390625], [-77.42753835394979, -9.46042561903596, 4135.72900390625], [-77.42759149521589, -9.460448417812586, 4135.72900390625], [-77.42776248604059, -9.460491500794888, 4136.20947265625], [-77.42782786488533, -9.46052335202694, 4135.72900390625], [-77.4278484005481, -9.46054833009839, 4135.248046875], [-77.42788452655077, -9.460576409474015, 4135.248046875], [-77.42790070362389, -9.460603147745132, 4136.20947265625], [-77.42799273692071, -9.460652433335781, 4134.767578125], [-77.4281766358763, -9.460699371993542, 4133.32568359375], [-77.42831057868898, -9.460782939568162, 4131.4033203125], [-77.42840336635709, -9.46093624457717, 4129.9609375], [-77.42844871245325, -9.4610193092376, 4128.51904296875], [-77.4285305198282, -9.461158029735088, 4126.11572265625], [-77.42859170772135, -9.461328852921724, 4122.2705078125], [-77.42860696278512, -9.461355758830905, 4121.7900390625], [-77.42872950620949, -9.461471093818545, 4119.8671875], [-77.42882707156241, -9.461539490148425, 4119.38671875], [-77.42884743958712, -9.461535215377808, 4118.42529296875], [-77.42886160500348, -9.461463382467628, 4116.0224609375], [-77.42886965163052, -9.461418287828565, 4116.0224609375], [-77.42894039489329, -9.46135207079351, 4115.541015625], [-77.42897274903953, -9.461355842649937, 4115.541015625], [-77.42902253754437, -9.46138333529234, 4117.46435546875], [-77.42908079177141, -9.461531275883317, 4117.94482421875], [-77.42914943955839, -9.461658764630556, 4116.0224609375], [-77.42921900935471, -9.461845932528377, 4111.21533203125], [-77.42922722361982, -9.461866384372115, 4110.734375], [-77.42928405292332, -9.461992783471942, 4108.81201171875], [-77.4293231125921, -9.462099904194474, 4106.40869140625], [-77.42935999296606, -9.462136952206492, 4104.966796875], [-77.42937843315303, -9.462141394615173, 4104.00537109375], [-77.42939913645387, -9.462126810103655, 4103.0439453125], [-77.4294164031744, -9.462086576968431, 4101.60205078125], [-77.42940969765186, -9.462059838697314, 4101.12158203125], [-77.42941715754569, -9.462021701037884, 4101.12158203125], [-77.42938698269427, -9.461900917813182, 4099.6796875], [-77.42939989082515, -9.461760520935059, 4098.23779296875], [-77.42943501099944, -9.461702350527048, 4097.7568359375], [-77.42945889942348, -9.461684077978134, 4098.23779296875], [-77.4294853862375, -9.461676366627216, 4098.23779296875], [-77.42959074676037, -9.461688688024879, 4097.2763671875], [-77.42963751778007, -9.461806286126375, 4093.91162109375], [-77.42963860742748, -9.461850794032216, 4092.4697265625], [-77.42967272177339, -9.46193209849298, 4090.06640625], [-77.42969023995101, -9.462086576968431, 4088.62451171875], [-77.42975293658674, -9.462243067100644, 4085.74072265625], [-77.42980959825218, -9.462330406531692, 4083.8173828125], [-77.42987422272563, -9.462431576102972, 4083.3369140625], [-77.42989190854132, -9.462449010461569, 4083.3369140625], [-77.42995351552963, -9.462453033775091, 4083.3369140625], [-77.42997094988823, -9.462439706549048, 4082.37548828125], [-77.42997991852462, -9.462409783154726, 4080.93359375], [-77.42992644198239, -9.46233962662518, 4077.08837890625], [-77.42992032319307, -9.462315235286951, 4076.60791015625], [-77.42991956882179, -9.462280282750726, 4075.646484375], [-77.42991252802312, -9.462213478982449, 4075.166015625], [-77.42994379252195, -9.462164528667927, 4075.166015625], [-77.4300343170762, -9.462240552529693, 4073.2431640625], [-77.430131547153, -9.462358569726348, 4070.359375], [-77.43021997623146, -9.462509611621499, 4069.87890625], [-77.43028108030558, -9.46267238818109, 4067.4755859375], [-77.43028108030558, -9.462711364030838, 4066.51416015625], [-77.43030329234898, -9.462904734537005, 4064.11083984375], [-77.43032692931592, -9.46301638148725, 4063.63037109375], [-77.43033782579005, -9.463082598522305, 4063.63037109375], [-77.43038149550557, -9.46321570314467, 4062.1884765625], [-77.43039130233228, -9.463246883824468, 4061.70751953125], [-77.43043052963912, -9.463287871330976, 4061.22705078125], [-77.43047663010657, -9.463309245184064, 4061.70751953125], [-77.43055189959705, -9.463332127779722, 4061.22705078125], [-77.43071702308953, -9.463355680927634, 4059.30419921875], [-77.4307891074568, -9.463380742818117, 4058.82373046875], [-77.4308290053159, -9.463408822193742, 4057.3818359375], [-77.43085758760571, -9.463434303179383, 4056.42041015625], [-77.4309154227376, -9.463466824963689, 4056.42041015625], [-77.43103612214327, -9.463575119152665, 4055.93994140625], [-77.43104986846447, -9.463581405580044, 4055.458984375], [-77.43110250681639, -9.463601438328624, 4054.01708984375], [-77.43124189786613, -9.463695734739304, 4051.1328125], [-77.43141951039433, -9.463809225708246, 4050.65185546875], [-77.43152596056461, -9.463928751647472, 4046.80712890625], [-77.43168136104941, -9.463997734710574, 4044.88427734375], [-77.4317598156631, -9.46417685598135, 4043.4423828125], [-77.43181329220533, -9.46435572579503, 4042.96142578125], [-77.4318650085479, -9.464440634474158, 4041.51953125], [-77.43187263607979, -9.464445160701871, 4041.0390625], [-77.43187607266009, -9.464447423815727, 4041.0390625], [-77.43187791667879, -9.464449854567647, 4041.0390625], [-77.43188411928713, -9.464448764920235, 4041.0390625], [-77.43188797496259, -9.464450441300869, 4041.0390625], [-77.43185964412987, -9.464452704414725, 4040.55859375], [-77.43185746483505, -9.464448429644108, 4041.0390625], [-77.43185461498797, -9.464455973356962, 4041.51953125], [-77.43185461498797, -9.464455973356962, 4041.51953125], [-77.43188202381134, -9.464444322511554, 4040.07763671875], [-77.43186785839498, -9.464466786012053, 4040.07763671875], [-77.43187858723104, -9.464506516233087, 4040.55859375], [-77.43196668103337, -9.464650433510542, 4041.0390625], [-77.43202879093587, -9.46473735384643, 4041.0390625], [-77.43203273043036, -9.464744897559285, 4041.0390625], [-77.43205217644572, -9.464753866195679, 4040.55859375], [-77.43210221640766, -9.464795691892505, 4041.0390625], [-77.43219173513353, -9.464862579479814, 4040.55859375], [-77.4322413560003, -9.464911445975304, 4040.55859375], [-77.4323018733412, -9.464952936396003, 4040.55859375], [-77.43235534988344, -9.464981518685818, 4040.07763671875], [-77.43242684751749, -9.465045724064112, 4038.6357421875], [-77.43247034959495, -9.465055027976632, 4037.19384765625], [-77.43254997767508, -9.465103643015027, 4035.27099609375], [-77.43257185444236, -9.465115629136562, 4034.79052734375], [-77.43272448889911, -9.465200705453753, 4036.232421875], [-77.4327788874507, -9.465237334370613, 4036.71337890625], [-77.43282423354685, -9.465272538363934, 4035.751953125], [-77.43294417858124, -9.465438080951571, 4031.90673828125], [-77.43300704285502, -9.465503711253405, 4030.9453125], [-77.43312941864133, -9.465623321011662, 4029.98388671875], [-77.43314425460994, -9.465644862502813, 4030.46484375], [-77.43322840891778, -9.46573463268578, 4029.50341796875], [-77.43329303339124, -9.465808644890785, 4029.02294921875], [-77.43335179053247, -9.465898163616657, 4029.02294921875], [-77.43339638225734, -9.465890787541866, 4029.50341796875], [-77.43345002643764, -9.465905791148543, 4029.50341796875], [-77.43354926817119, -9.465950215235353, 4029.50341796875], [-77.43357039056718, -9.46594669483602, 4029.50341796875], [-77.43361758068204, -9.465935043990612, 4029.02294921875], [-77.43364884518087, -9.46597158908844, 4028.5419921875], [-77.43374423123896, -9.465952729806304, 4028.5419921875], [-77.43376367725432, -9.466001763939857, 4028.5419921875], [-77.43384623900056, -9.466050378978252, 4029.02294921875], [-77.43386350572109, -9.466214999556541, 4025.658203125], [-77.43385906331241, -9.466256406158209, 4025.177734375], [-77.43385411798954, -9.466293454170227, 4024.69677734375], [-77.43385747075081, -9.466342655941844, 4022.7744140625], [-77.4338680319488, -9.466407531872392, 4021.81298828125], [-77.43394363671541, -9.46654574945569, 4020.8515625], [-77.43404279462993, -9.466641386970878, 4019.8896484375], [-77.43408344686031, -9.46667768061161, 4019.8896484375], [-77.43418847210705, -9.466763511300087, 4018.9287109375], [-77.43426491506398, -9.466834338381886, 4017.96728515625], [-77.4343344848603, -9.466897454112768, 4017.48681640625], [-77.43438695557415, -9.46694640442729, 4017.96728515625], [-77.43448167108, -9.467036426067352, 4017.96728515625], [-77.43453724309802, -9.467054782435298, 4017.96728515625], [-77.43456515483558, -9.467095350846648, 4017.48681640625], [-77.43460974656045, -9.467135667800903, 4017.48681640625], [-77.43467780761421, -9.467199286445975, 4017.48681640625], [-77.43472650647163, -9.467230048030615, 4017.005859375], [-77.4348302744329, -9.467273466289043, 4016.044921875], [-77.43483932688832, -9.467280507087708, 4016.044921875], [-77.4348995089531, -9.467296097427607, 4015.08349609375], [-77.43495860137045, -9.467312190681696, 4014.1220703125], [-77.43505675345659, -9.467406570911407, 4015.56396484375], [-77.43506303988397, -9.467413611710072, 4015.56396484375], [-77.43515230715275, -9.467443618923426, 4014.6025390625], [-77.43520301766694, -9.467479325830936, 4014.6025390625], [-77.43525506928563, -9.467576388269663, 4012.19921875], [-77.43526940234005, -9.467605892568827, 4011.23828125], [-77.43527577258646, -9.46765836328268, 4010.75732421875], [-77.43533419445157, -9.467674121260643, 4010.27685546875], [-77.43538063019514, -9.46768962778151, 4009.3154296875], [-77.4354085419327, -9.467729525640607, 4009.3154296875], [-77.43552840314806, -9.467756263911724, 4007.39306640625], [-77.43553653359413, -9.467763472348452, 4007.39306640625], [-77.43559151887894, -9.467825163155794, 4006.912109375], [-77.43562890216708, -9.467935804277658, 4002.58642578125], [-77.435647174716, -9.467981653288007, 4001.14453125], [-77.43567818775773, -9.468018282204866, 4000.6640625], [-77.43571263737977, -9.46806002408266, 3999.70263671875], [-77.43576720356941, -9.468107968568802, 4000.18310546875], [-77.43577541783452, -9.468110566958785, 4000.18310546875], [-77.4358025752008, -9.46812305599451, 4000.6640625], [-77.43582780472934, -9.468134706839919, 4000.6640625], [-77.4358993023634, -9.468162702396512, 4000.6640625], [-77.43599175475538, -9.46814401075244, 4002.10595703125], [-77.43600675836205, -9.468169994652271, 4003.06689453125], [-77.43609543889761, -9.468186423182487, 4003.06689453125], [-77.43619618937373, -9.468225315213203, 4002.58642578125], [-77.43636617437005, -9.468212155625224, 4003.5478515625], [-77.43642250075936, -9.468242833390832, 4004.98974609375], [-77.43655107915401, -9.468243839219213, 4005.47021484375], [-77.43669357150793, -9.468211652711034, 4005.47021484375], [-77.4367193877697, -9.468206288293004, 4005.47021484375], [-77.43672986514866, -9.468232356011868, 4005.47021484375], [-77.43673246353865, -9.468261105939746, 4004.98974609375], [-77.43678535334766, -9.468282060697675, 4004.98974609375], [-77.43694611825049, -9.468279294669628, 4004.5087890625], [-77.437050556764, -9.46829597465694, 4004.5087890625], [-77.43716480210423, -9.468314833939075, 4005.47021484375], [-77.43720679543912, -9.468369232490659, 4005.47021484375], [-77.43724099360406, -9.46841281838715, 4004.98974609375], [-77.43737921118736, -9.468392869457603, 4005.951171875], [-77.43738625198603, -9.46839907206595, 4005.47021484375], [-77.43740444071591, -9.468439891934395, 4004.98974609375], [-77.43758523836732, -9.468373088166118, 4003.5478515625], [-77.43767534382641, -9.468347858637571, 4003.5478515625], [-77.4377242103219, -9.468324137851596, 4003.06689453125], [-77.43788841180503, -9.468291196972132, 4001.14453125], [-77.43798555806279, -9.468288933858275, 3998.7412109375], [-77.43802512064576, -9.468304859474301, 3997.29931640625], [-77.43809100240469, -9.468359928578138, 3992.9736328125], [-77.438083877787, -9.468503259122372, 3989.1279296875], [-77.43805579841137, -9.468590850010514, 3987.685546875], [-77.43806124664843, -9.46865078061819, 3986.24365234375], [-77.4382403679192, -9.468577355146408, 3984.3212890625], [-77.43827280588448, -9.468595208600163, 3984.3212890625], [-77.4383582174778, -9.468656899407506, 3983.35986328125], [-77.43843005038798, -9.468677937984467, 3982.87939453125], [-77.43849257938564, -9.46871087886393, 3979.9951171875], [-77.43860757909715, -9.468629155308008, 3977.111328125], [-77.43868083693087, -9.468689588829875, 3972.78564453125], [-77.43876842781901, -9.468713980168104, 3967.97900390625], [-77.4388207308948, -9.46873334236443, 3967.017578125], [-77.43884805589914, -9.46883543394506, 3964.6142578125], [-77.43883699178696, -9.468880444765091, 3964.1337890625], [-77.43896062485874, -9.468937022611499, 3963.17236328125], [-77.43894939310849, -9.468973483890295, 3962.69189453125], [-77.43903027847409, -9.469047831371427, 3962.69189453125], [-77.43906514719129, -9.469147827476263, 3960.28857421875], [-77.4388656578958, -9.469566084444523, 3960.76904296875], [-77.4388447869569, -9.4696138612926, 3960.76904296875], [-77.43865569122136, -9.470006385818124, 3960.28857421875], [-77.43862082250416, -9.470094563439488, 3960.28857421875], [-77.43859802372754, -9.470161199569702, 3959.80810546875], [-77.43857187218964, -9.470356665551662, 3962.69189453125], [-77.43858042173088, -9.47049429640174, 3965.09521484375], [-77.43857698515058, -9.470604015514255, 3964.6142578125], [-77.43859433569014, -9.470705268904567, 3964.6142578125], [-77.43860431015491, -9.470740975812078, 3964.1337890625], [-77.43859534151852, -9.47077039629221, 3963.6533203125], [-77.43863616138697, -9.470797469839454, 3964.1337890625], [-77.4386830162257, -9.470847258344293, 3966.537109375], [-77.43879248388112, -9.470901740714908, 3968.9404296875], [-77.43883648887277, -9.471056470647454, 3966.537109375], [-77.43885333649814, -9.471186138689518, 3963.6533203125], [-77.43886624462903, -9.471266185864806, 3962.69189453125], [-77.43888460099697, -9.471285380423069, 3962.21142578125], [-77.43890144862235, -9.471441619098186, 3958.36572265625], [-77.43893774226308, -9.471556702628732, 3956.923828125], [-77.43896280415356, -9.471586374565959, 3956.443359375], [-77.43899105116725, -9.471665835008025, 3956.443359375], [-77.43899582885206, -9.471714617684484, 3956.443359375], [-77.43906950578094, -9.4717828463763, 3955.0009765625], [-77.43907260708511, -9.471789970993996, 3955.0009765625], [-77.43913169950247, -9.471847135573626, 3955.96240234375], [-77.43913941085339, -9.471855098381639, 3955.96240234375], [-77.43913605809212, -9.471872197464108, 3955.96240234375], [-77.43917779996991, -9.471889967098832, 3955.96240234375], [-77.43920881301165, -9.47190840728581, 3955.4814453125], [-77.4392301030457, -9.471910502761602, 3955.4814453125], [-77.43933202698827, -9.471908574923873, 3952.59765625], [-77.43943084962666, -9.471953837201, 3954.03955078125], [-77.4394584260881, -9.471966661512852, 3954.03955078125], [-77.43948893621564, -9.472004882991314, 3955.0009765625], [-77.43954098783433, -9.472066070884466, 3954.03955078125], [-77.43956428952515, -9.47212097235024, 3953.55908203125], [-77.43957409635186, -9.47213756851852, 3953.55908203125], [-77.43961952626705, -9.472191045060754, 3954.03955078125], [-77.4396460969001, -9.47220604866743, 3954.5205078125], [-77.43973108939826, -9.472233206033707, 3957.40478515625], [-77.4397398903966, -9.472247790545225, 3958.36572265625], [-77.43981515988708, -9.4722680747509, 3958.8466796875], [-77.43988397531211, -9.472293639555573, 3959.3271484375], [-77.43991691619158, -9.472302105277777, 3959.80810546875], [-77.43996678851545, -9.472342589870095, 3960.76904296875], [-77.43997441604733, -9.472363041713834, 3960.28857421875], [-77.4400089494884, -9.472388438880444, 3959.80810546875], [-77.44001163169742, -9.472416769713163, 3959.80810546875], [-77.44009335525334, -9.47246597148478, 3960.28857421875], [-77.44010190479457, -9.47247963398695, 3960.28857421875], [-77.44019594974816, -9.472508216276765, 3961.73046875], [-77.44025671854615, -9.47252992540598, 3963.17236328125], [-77.44028739631176, -9.472547275945544, 3964.1337890625], [-77.44042108766735, -9.472560686990619, 3965.57568359375], [-77.44044036604464, -9.472565548494458, 3965.09521484375], [-77.44049727916718, -9.472637632861733, 3965.09521484375], [-77.44058076292276, -9.472716255113482, 3963.17236328125], [-77.44060884229839, -9.47272589430213, 3962.69189453125], [-77.4406463932246, -9.472741903737187, 3959.80810546875], [-77.44075787253678, -9.472717512398958, 3955.4814453125], [-77.44083465076983, -9.472730252891779, 3953.55908203125], [-77.4408467207104, -9.472745591774583, 3953.55908203125], [-77.44090187363327, -9.472811054438353, 3953.55908203125], [-77.44095677509904, -9.472855310887098, 3955.0009765625], [-77.44103665463626, -9.47290769778192, 3958.8466796875], [-77.44110831990838, -9.472936363890767, 3960.28857421875], [-77.44119037874043, -9.47299755178392, 3958.8466796875], [-77.4412762094289, -9.473053542897105, 3958.8466796875], [-77.44138240814209, -9.473109701648355, 3959.80810546875], [-77.4414596054703, -9.47315881960094, 3960.76904296875], [-77.44151492603123, -9.473200058564544, 3960.28857421875], [-77.44158642366529, -9.473260827362537, 3961.25], [-77.44166764430702, -9.473328134045005, 3961.73046875], [-77.44167443364859, -9.473339030519128, 3961.73046875], [-77.44174207560718, -9.47340164333582, 3960.28857421875], [-77.44184953160584, -9.473384711891413, 3959.80810546875], [-77.44191977195442, -9.4734388589859, 3958.36572265625], [-77.44199152104557, -9.473441876471043, 3957.88525390625], [-77.44205891154706, -9.473483031615615, 3958.36572265625], [-77.44209956377745, -9.47354195639491, 3957.88525390625], [-77.44216200895607, -9.473608676344156, 3957.88525390625], [-77.44227876886725, -9.473628038540483, 3958.8466796875], [-77.44235060177743, -9.473663745447993, 3959.80810546875], [-77.44237977080047, -9.473658883944154, 3960.28857421875], [-77.44243131950498, -9.473668774589896, 3960.28857421875], [-77.44246157817543, -9.473779499530792, 3959.80810546875], [-77.44248219765723, -9.473790312185884, 3959.3271484375], [-77.44255763478577, -9.473852841183543, 3957.40478515625], [-77.44262343272567, -9.473920650780201, 3955.96240234375], [-77.44266794063151, -9.473960548639297, 3955.0009765625], [-77.44281060062349, -9.473953507840633, 3952.1171875], [-77.4428309686482, -9.47397337295115, 3951.63623046875], [-77.4428481515497, -9.474015953019261, 3951.63623046875], [-77.44288863614202, -9.474058197811246, 3952.59765625], [-77.44291059672832, -9.474090468138456, 3953.078125], [-77.44301034137607, -9.474138915538788, 3954.5205078125], [-77.44303942658007, -9.474163642153144, 3954.5205078125], [-77.44308460503817, -9.474240001291037, 3954.5205078125], [-77.44311234913766, -9.474257351830602, 3954.03955078125], [-77.4431259278208, -9.474289622157812, 3953.078125], [-77.44320689700544, -9.474271098151803, 3950.6748046875], [-77.44327956810594, -9.474324490875006, 3945.86865234375], [-77.44328359141946, -9.474330693483353, 3945.3876953125], [-77.443290296942, -9.474357767030597, 3945.3876953125], [-77.44335316121578, -9.474392468109727, 3942.984375], [-77.4433867726475, -9.474429599940777, 3942.50390625], [-77.44343362748623, -9.47443999350071, 3942.50390625], [-77.44350872933865, -9.474498499184847, 3942.0234375], [-77.4435384850949, -9.474560106173158, 3942.50390625], [-77.4436109047383, -9.474576199427247, 3941.54248046875], [-77.44363110512495, -9.474636632949114, 3942.0234375], [-77.4436510540545, -9.474673848599195, 3942.50390625], [-77.44367728941143, -9.474681057035923, 3942.50390625], [-77.44372917339206, -9.474729588255286, 3942.984375], [-77.44376228190958, -9.474750040099025, 3942.984375], [-77.44385062716901, -9.47475615888834, 3942.984375], [-77.44388381950557, -9.474778706207871, 3942.50390625], [-77.44394567795098, -9.474761774763465, 3942.50390625], [-77.44399571791291, -9.474743837490678, 3942.50390625], [-77.4440046865493, -9.474785579368472, 3942.0234375], [-77.44405975565314, -9.474809803068638, 3940.1005859375], [-77.44407995603979, -9.47482748888433, 3939.6201171875], [-77.44410158134997, -9.474842743948102, 3938.65869140625], [-77.4441243801266, -9.474891275167465, 3936.736328125], [-77.44416821748018, -9.47490275837481, 3935.2939453125], [-77.44417483918369, -9.474927317351103, 3934.8134765625], [-77.44418313726783, -9.474969645962119, 3934.3330078125], [-77.44420836679637, -9.475002754479647, 3932.89111328125], [-77.44424088858068, -9.475008035078645, 3931.9296875], [-77.44434038177133, -9.475036952644587, 3930.96826171875], [-77.44439997710288, -9.475043406710029, 3930.96826171875], [-77.44446946308017, -9.475072491914034, 3930.96826171875], [-77.44454230181873, -9.475111467763782, 3930.0068359375], [-77.44456635788083, -9.475120352581143, 3930.0068359375], [-77.44460005313158, -9.475114652886987, 3929.5263671875], [-77.44466836564243, -9.47515589185059, 3927.603515625], [-77.44466350413859, -9.475192688405514, 3926.642578125], [-77.44472620077431, -9.47527701035142, 3924.7197265625], [-77.44474019855261, -9.475300563499331, 3924.2392578125], [-77.44476090185344, -9.475304838269949, 3924.2392578125], [-77.44485251605511, -9.475306011736393, 3921.83544921875], [-77.44486986659467, -9.475294947624207, 3921.83544921875], [-77.44494010694325, -9.475301736965775, 3918.95166015625], [-77.44495527818799, -9.475426459684968, 3918.470703125], [-77.44496525265276, -9.475595271214843, 3916.06787109375], [-77.44496944360435, -9.475607089698315, 3916.06787109375], [-77.44499425403774, -9.47563273832202, 3914.62548828125], [-77.44502015411854, -9.475642628967762, 3914.14501953125], [-77.44510808028281, -9.475617483258247, 3911.26123046875], [-77.44515392929316, -9.475625697523355, 3909.8193359375], [-77.44526004418731, -9.475625026971102, 3907.896484375], [-77.44530941359699, -9.475652603432536, 3905.97412109375], [-77.44536967948079, -9.475733740255237, 3904.05126953125], [-77.44543011300266, -9.475794257596135, 3901.64794921875], [-77.44543991982937, -9.475816721096635, 3901.64794921875], [-77.44550177827477, -9.475899450480938, 3900.2060546875], [-77.4455282650888, -9.475953346118331, 3899.7255859375], [-77.44556363672018, -9.47604713961482, 3900.68701171875], [-77.44562298059464, -9.476111931726336, 3901.64794921875], [-77.44567268528044, -9.476134479045868, 3901.16748046875], [-77.44572197087109, -9.476261967793107, 3900.68701171875], [-77.4457283411175, -9.476319048553705, 3900.68701171875], [-77.44576522149146, -9.476461624726653, 3897.322265625], [-77.4457822367549, -9.476547203958035, 3894.9189453125], [-77.44584023952484, -9.476586431264877, 3893.47705078125], [-77.44586848653853, -9.476637728512287, 3892.515625], [-77.44596194475889, -9.476648038253188, 3892.03515625], [-77.44598063640296, -9.476723475381732, 3891.0732421875], [-77.44602271355689, -9.476784747093916, 3888.669921875], [-77.44605029001832, -9.476863872259855, 3885.3056640625], [-77.44602506048977, -9.476991193369031, 3882.42138671875], [-77.44604132138193, -9.477042993530631, 3881.4599609375], [-77.4460341129452, -9.477092446759343, 3877.13427734375], [-77.44607367552817, -9.47711474262178, 3874.73095703125], [-77.44607954286039, -9.477175259962678, 3871.84716796875], [-77.4460872542113, -9.47719445452094, 3870.8857421875], [-77.4460840690881, -9.477233765646815, 3870.4052734375], [-77.44609337300062, -9.47724717669189, 3869.9248046875], [-77.44613511487842, -9.477252960205078, 3869.44384765625], [-77.44616403244436, -9.477266035974026, 3869.9248046875], [-77.44617509655654, -9.477282632142305, 3869.9248046875], [-77.44621139019728, -9.47728338651359, 3869.9248046875], [-77.44627358391881, -9.477268969640136, 3869.9248046875], [-77.44632915593684, -9.47729361243546, 3870.4052734375], [-77.44637844152749, -9.477360500022769, 3870.8857421875], [-77.44639604352415, -9.4773830473423, 3870.4052734375], [-77.44646921753883, -9.47743820026517, 3871.36669921875], [-77.44648405350745, -9.477495113387704, 3871.84716796875], [-77.44652470573783, -9.477508272975683, 3871.36669921875], [-77.44653828442097, -9.477523108944297, 3871.36669921875], [-77.44660684838891, -9.477606927976012, 3870.8857421875], [-77.44668697938323, -9.47772167623043, 3870.4052734375], [-77.44669628329575, -9.477724693715572, 3870.4052734375], [-77.44672168046236, -9.477751012891531, 3871.36669921875], [-77.44681547395885, -9.47786282747984, 3872.80859375], [-77.44692435488105, -9.477981347590685, 3871.36669921875], [-77.44703868404031, -9.478056952357292, 3870.8857421875], [-77.4470719601959, -9.478080086410046, 3871.36669921875], [-77.44712334126234, -9.478126941248775, 3870.8857421875], [-77.44714429602027, -9.478152925148606, 3870.8857421875], [-77.44723071344197, -9.478226685896516, 3870.8857421875], [-77.44731939397752, -9.478300614282489, 3869.9248046875], [-77.44736650027335, -9.47837638668716, 3868.96337890625], [-77.4474742077291, -9.478498930111527, 3867.04052734375], [-77.44753179140389, -9.478585347533226, 3865.1181640625], [-77.44754763320088, -9.478618036955595, 3865.1181640625], [-77.44763933122158, -9.478745022788644, 3862.234375], [-77.44769322685897, -9.478826997801661, 3860.7919921875], [-77.44771728292108, -9.478899417445064, 3859.349609375], [-77.447769921273, -9.478990864008665, 3857.90771484375], [-77.44776338338852, -9.479064121842384, 3857.42724609375], [-77.44778743945062, -9.47914693504572, 3855.50439453125], [-77.44782390072942, -9.47921290062368, 3854.54345703125], [-77.4478592723608, -9.479316249489784, 3853.58203125], [-77.44785306975245, -9.479413898661733, 3850.69775390625], [-77.44794191792607, -9.479551026597619, 3848.775390625], [-77.44799539446831, -9.47961556725204, 3849.255859375], [-77.44802774861455, -9.479647083207965, 3848.775390625], [-77.44809337891638, -9.47977289557457, 3846.85302734375], [-77.448097653687, -9.479780942201614, 3846.85302734375], [-77.44809715077281, -9.479800136759877, 3844.44970703125], [-77.4480939656496, -9.47980122640729, 3842.04638671875], [-77.4480939656496, -9.479802148416638, 3842.04638671875], [-77.44811089709401, -9.479812793433666, 3840.12353515625], [-77.44810645468533, -9.479821007698774, 3839.16259765625], [-77.44810829870403, -9.479833161458373, 3837.23974609375], [-77.448211312294, -9.479789324104786, 3832.9140625], [-77.44828674942255, -9.47982762940228, 3831.47216796875], [-77.44812950491905, -9.479909855872393, 3834.83642578125], [-77.44816068559885, -9.479942629113793, 3832.43310546875], [-77.44816009886563, -9.479951011016965, 3832.43310546875], [-77.44817367754877, -9.479998033493757, 3831.95263671875], [-77.44823385961354, -9.480036925524473, 3832.43310546875], [-77.44831616990268, -9.480010271072388, 3832.9140625], [-77.44829747825861, -9.48002653196454, 3832.43310546875], [-77.44830443523824, -9.480025945231318, 3832.43310546875], [-77.44830443523824, -9.480027370154858, 3832.43310546875], [-77.44828909635544, -9.48004019446671, 3832.9140625], [-77.44821407832205, -9.480059975758195, 3833.875], [-77.44828389957547, -9.480080846697092, 3829.06884765625]]}}, {"type": "Feature", "properties": {"name": "Camp1"}, "geometry": {"type": "Point", "coordinates": [-77.3563215136528, -9.418045124039054]}}, {"type": "Feature", "properties": {"name": "Pass"}, "geometry": {"type": "Point", "coordinates": [-77.37596559338272, -9.419228062033653]}}, {"type": "Feature", "properties": {"name": "Stop Point"}, "geometry": {"type": "Point", "coordinates": [-77.3613241687417, -9.419133933261037]}}, {"type": "Feature", "properties": {"name": "Stoppoint2"}, "geometry": {"type": "Point", "coordinates": [-77.3703280929476, -9.417707500979304]}}, {"type": "Feature", "properties": {"name": "Tienda"}, "geometry": {"type": "Point", "coordinates": [-77.44827811606228, -9.480042541399598]}}]}