{
  "type": "FeatureCollection",
  "features": [
    {
      "type": "Feature",
      "id": 234547,
      "geometry": {
        "type": "Point",
        "coordinates": [
          -111.9674113269357,
          37.183305610032775
        ]
      },
      "properties": {
        "objectid": 234547,
        "fod_id": 238763,
        "fpa_id": "W-41253",
        "source_system_type": "FED",
        "source_system": "DOI-WFMI",
        "nwcg_reporting_agency": "BLM",
        "nwcg_reporting_unit_id": "USUTCCD",
        "nwcg_reporting_unit_name": "Cedar City Field Office",
        "source_reporting_unit": "UTCCD",
        "source_reporting_unit_name": "Cedar City Field Office",
        "local_fire_report_id": null,
        "local_incident_id": null,
        "fire_code": "R233",
        "fire_name": "PARIA 2",
        "ics_209_plus_incident_join_id": null,
        "ics_209_plus_complex_join_id": null,
        "mtbs_id": null,
        "mtbs_fire_name": null,
        "complex_name": null,
        "fire_year": 1992,
        "discovery_date": 709516800000,
        "discovery_doy": 178,
        "discovery_time": "1035",
        "nwcg_cause_classification": "Natural",
        "nwcg_general_cause": "Natural",
        "nwcg_cause_age_category": null,
        "cont_date": 709516800000,
        "cont_doy": 178,
        "cont_time": "1500",
        "fire_size": 0.1,
        "fire_size_class": "A",
        "latitude": 37.1833,
        "longitude": -111.9674,
        "owner_descr": "BLM",
        "state": "UT",
        "county": null,
        "fips_code": null,
        "fips_name": null,
        "globalid": "{9FCC8883-AC65-41E9-96E8-46F491C19101}"
      }
    },
    {
      "type": "Feature",
      "id": 234586,
      "geometry": {
        "type": "Point",
        "coordinates": [
          -111.9674113269357,
          37.183305610032775
        ]
      },
      "properties": {
        "objectid": 234586,
        "fod_id": 238802,
        "fpa_id": "W-41300",
        "source_system_type": "FED",
        "source_system": "DOI-WFMI",
        "nwcg_reporting_agency": "BLM",
        "nwcg_reporting_unit_id": "USUTCCD",
        "nwcg_reporting_unit_name": "Cedar City Field Office",
        "source_reporting_unit": "UTCCD",
        "source_reporting_unit_name": "Cedar City Field Office",
        "local_fire_report_id": null,
        "local_incident_id": null,
        "fire_code": "R280",
        "fire_name": "PARIA 4",
        "ics_209_plus_incident_join_id": null,
        "ics_209_plus_complex_join_id": null,
        "mtbs_id": null,
        "mtbs_fire_name": null,
        "complex_name": null,
        "fire_year": 1992,
        "discovery_date": 713577600000,
        "discovery_doy": 225,
        "discovery_time": "0925",
        "nwcg_cause_classification": "Natural",
        "nwcg_general_cause": "Natural",
        "nwcg_cause_age_category": null,
        "cont_date": 713577600000,
        "cont_doy": 225,
        "cont_time": "1020",
        "fire_size": 0.1,
        "fire_size_class": "A",
        "latitude": 37.1833,
        "longitude": -111.9674,
        "owner_descr": "BLM",
        "state": "UT",
        "county": null,
        "fips_code": null,
        "fips_name": null,
        "globalid": "{AB8F94C1-5AD6-48CE-BD97-A1BCE1EE9D66}"
      }
    },
    {
      "type": "Feature",
      "id": 234595,
      "geometry": {
        "type": "Point",
        "coordinates": [
          -112.11741135151743,
          37.13330559397389
        ]
      },
      "properties": {
        "objectid": 234595,
        "fod_id": 238811,
        "fpa_id": "W-41312",
        "source_system_type": "FED",
        "source_system": "DOI-WFMI",
        "nwcg_reporting_agency": "BLM",
        "nwcg_reporting_unit_id": "USUTCCD",
        "nwcg_reporting_unit_name": "Cedar City Field Office",
        "source_reporting_unit": "UTCCD",
        "source_reporting_unit_name": "Cedar City Field Office",
        "local_fire_report_id": null,
        "local_incident_id": null,
        "fire_code": "R292",
        "fire_name": "FIN LITTLE",
        "ics_209_plus_incident_join_id": null,
        "ics_209_plus_complex_join_id": null,
        "mtbs_id": null,
        "mtbs_fire_name": null,
        "complex_name": null,
        "fire_year": 1992,
        "discovery_date": 714268800000,
        "discovery_doy": 233,
        "discovery_time": "1640",
        "nwcg_cause_classification": "Natural",
        "nwcg_general_cause": "Natural",
        "nwcg_cause_age_category": null,
        "cont_date": 714268800000,
        "cont_doy": 233,
        "cont_time": "1745",
        "fire_size": 0.1,
        "fire_size_class": "A",
        "latitude": 37.1333,
        "longitude": -112.1174,
        "owner_descr": "BLM",
        "state": "UT",
        "county": null,
        "fips_code": null,
        "fips_name": null,
        "globalid": "{FC092585-3C28-4F13-86BB-53B9DD64AA6B}"
      }
    },
    {
      "type": "Feature",
      "id": 234596,
      "geometry": {
        "type": "Point",
        "coordinates": [
          -112.00071133183584,
          37.16670560578299
        ]
      },
      "properties": {
        "objectid": 234596,
        "fod_id": 238812,
        "fpa_id": "W-41313",
        "source_system_type": "FED",
        "source_system": "DOI-WFMI",
        "nwcg_reporting_agency": "BLM",
        "nwcg_reporting_unit_id": "USUTCCD",
        "nwcg_reporting_unit_name": "Cedar City Field Office",
        "source_reporting_unit": "UTCCD",
        "source_reporting_unit_name": "Cedar City Field Office",
        "local_fire_report_id": null,
        "local_incident_id": null,
        "fire_code": "R293",
        "fire_name": "SAND GULCH",
        "ics_209_plus_incident_join_id": null,
        "ics_209_plus_complex_join_id": null,
        "mtbs_id": null,
        "mtbs_fire_name": null,
        "complex_name": null,
        "fire_year": 1992,
        "discovery_date": 714355200000,
        "discovery_doy": 234,
        "discovery_time": "0805",
        "nwcg_cause_classification": "Natural",
        "nwcg_general_cause": "Natural",
        "nwcg_cause_age_category": null,
        "cont_date": 714355200000,
        "cont_doy": 234,
        "cont_time": "0917",
        "fire_size": 0.1,
        "fire_size_class": "A",
        "latitude": 37.1667,
        "longitude": -112.0007,
        "owner_descr": "BLM",
        "state": "UT",
        "county": null,
        "fips_code": null,
        "fips_name": null,
        "globalid": "{93D55F1D-266D-421E-984D-DB34FB21CB86}"
      }
    },
    {
      "type": "Feature",
      "id": 234597,
      "geometry": {
        "type": "Point",
        "coordinates": [
          -112.1174113481081,
          37.10000558985279
        ]
      },
      "properties": {
        "objectid": 234597,
        "fod_id": 238813,
        "fpa_id": "W-41314",
        "source_system_type": "FED",
        "source_system": "DOI-WFMI",
        "nwcg_reporting_agency": "BLM",
        "nwcg_reporting_unit_id": "USUTCCD",
        "nwcg_reporting_unit_name": "Cedar City Field Office",
        "source_reporting_unit": "UTCCD",
        "source_reporting_unit_name": "Cedar City Field Office",
        "local_fire_report_id": null,
        "local_incident_id": null,
        "fire_code": "R294",
        "fire_name": "KITCHEN 1",
        "ics_209_plus_incident_join_id": null,
        "ics_209_plus_complex_join_id": null,
        "mtbs_id": null,
        "mtbs_fire_name": null,
        "complex_name": null,
        "fire_year": 1992,
        "discovery_date": 714355200000,
        "discovery_doy": 234,
        "discovery_time": "1037",
        "nwcg_cause_classification": "Natural",
        "nwcg_general_cause": "Natural",
        "nwcg_cause_age_category": null,
        "cont_date": 714355200000,
        "cont_doy": 234,
        "cont_time": "1450",
        "fire_size": 0.1,
        "fire_size_class": "A",
        "latitude": 37.1,
        "longitude": -112.1174,
        "owner_descr": "PRIVATE",
        "state": "UT",
        "county": null,
        "fips_code": null,
        "fips_name": null,
        "globalid": "{7AFB4668-1A94-4251-B4FD-148EE62EEF17}"
      }
    },
    {
      "type": "Feature",
      "id": 234598,
      "geometry": {
        "type": "Point",
        "coordinates": [
          -112.10071134480565,
          37.10000559094825
        ]
      },
      "properties": {
        "objectid": 234598,
        "fod_id": 238814,
        "fpa_id": "W-41315",
        "source_system_type": "FED",
        "source_system": "DOI-WFMI",
        "nwcg_reporting_agency": "BLM",
        "nwcg_reporting_unit_id": "USUTCCD",
        "nwcg_reporting_unit_name": "Cedar City Field Office",
        "source_reporting_unit": "UTCCD",
        "source_reporting_unit_name": "Cedar City Field Office",
        "local_fire_report_id": null,
        "local_incident_id": null,
        "fire_code": "R295",
        "fire_name": "KITCHEN 2",
        "ics_209_plus_incident_join_id": null,
        "ics_209_plus_complex_join_id": null,
        "mtbs_id": null,
        "mtbs_fire_name": null,
        "complex_name": null,
        "fire_year": 1992,
        "discovery_date": 714355200000,
        "discovery_doy": 234,
        "discovery_time": "1037",
        "nwcg_cause_classification": "Natural",
        "nwcg_general_cause": "Natural",
        "nwcg_cause_age_category": null,
        "cont_date": 714355200000,
        "cont_doy": 234,
        "cont_time": "1435",
        "fire_size": 0.1,
        "fire_size_class": "A",
        "latitude": 37.1,
        "longitude": -112.1007,
        "owner_descr": "BLM",
        "state": "UT",
        "county": null,
        "fips_code": null,
        "fips_name": null,
        "globalid": "{EED4E06D-D678-475F-8E22-E4973AA66C14}"
      }
    },
    {
      "type": "Feature",
      "id": 234599,
      "geometry": {
        "type": "Point",
        "coordinates": [
          -112.11741135665388,
          37.18330560015439
        ]
      },
      "properties": {
        "objectid": 234599,
        "fod_id": 238815,
        "fpa_id": "W-41319",
        "source_system_type": "FED",
        "source_system": "DOI-WFMI",
        "nwcg_reporting_agency": "BLM",
        "nwcg_reporting_unit_id": "USUTCCD",
        "nwcg_reporting_unit_name": "Cedar City Field Office",
        "source_reporting_unit": "UTCCD",
        "source_reporting_unit_name": "Cedar City Field Office",
        "local_fire_report_id": null,
        "local_incident_id": null,
        "fire_code": "S002",
        "fire_name": "KITCHEN 6",
        "ics_209_plus_incident_join_id": null,
        "ics_209_plus_complex_join_id": null,
        "mtbs_id": null,
        "mtbs_fire_name": null,
        "complex_name": null,
        "fire_year": 1992,
        "discovery_date": 714355200000,
        "discovery_doy": 234,
        "discovery_time": "1037",
        "nwcg_cause_classification": "Natural",
        "nwcg_general_cause": "Natural",
        "nwcg_cause_age_category": null,
        "cont_date": 714355200000,
        "cont_doy": 234,
        "cont_time": "1520",
        "fire_size": 0.1,
        "fire_size_class": "A",
        "latitude": 37.1833,
        "longitude": -112.1174,
        "owner_descr": "BLM",
        "state": "UT",
        "county": null,
        "fips_code": null,
        "fips_name": null,
        "globalid": "{FB75D60B-0873-4C4A-BAB0-4CFBC925B196}"
      }
    },
    {
      "type": "Feature",
      "id": 234600,
      "geometry": {
        "type": "Point",
        "coordinates": [
          -112.10071135335019,
          37.1833056012548
        ]
      },
      "properties": {
        "objectid": 234600,
        "fod_id": 238816,
        "fpa_id": "W-41316",
        "source_system_type": "FED",
        "source_system": "DOI-WFMI",
        "nwcg_reporting_agency": "BLM",
        "nwcg_reporting_unit_id": "USUTCCD",
        "nwcg_reporting_unit_name": "Cedar City Field Office",
        "source_reporting_unit": "UTCCD",
        "source_reporting_unit_name": "Cedar City Field Office",
        "local_fire_report_id": null,
        "local_incident_id": null,
        "fire_code": "R296",
        "fire_name": "KITCHEN 3",
        "ics_209_plus_incident_join_id": null,
        "ics_209_plus_complex_join_id": null,
        "mtbs_id": null,
        "mtbs_fire_name": null,
        "complex_name": null,
        "fire_year": 1992,
        "discovery_date": 714355200000,
        "discovery_doy": 234,
        "discovery_time": "1115",
        "nwcg_cause_classification": "Natural",
        "nwcg_general_cause": "Natural",
        "nwcg_cause_age_category": null,
        "cont_date": 714355200000,
        "cont_doy": 234,
        "cont_time": "1224",
        "fire_size": 0.1,
        "fire_size_class": "A",
        "latitude": 37.1833,
        "longitude": -112.1007,
        "owner_descr": "BLM",
        "state": "UT",
        "county": null,
        "fips_code": null,
        "fips_name": null,
        "globalid": "{AEB917D1-05BE-4E2E-B51B-62B86F166D3E}"
      }
    },
    {
      "type": "Feature",
      "id": 234601,
      "geometry": {
        "type": "Point",
        "coordinates": [
          -112.10071135335019,
          37.1833056012548
        ]
      },
      "properties": {
        "objectid": 234601,
        "fod_id": 238817,
        "fpa_id": "W-41317",
        "source_system_type": "FED",
        "source_system": "DOI-WFMI",
        "nwcg_reporting_agency": "BLM",
        "nwcg_reporting_unit_id": "USUTCCD",
        "nwcg_reporting_unit_name": "Cedar City Field Office",
        "source_reporting_unit": "UTCCD",
        "source_reporting_unit_name": "Cedar City Field Office",
        "local_fire_report_id": null,
        "local_incident_id": null,
        "fire_code": "R297",
        "fire_name": "KITCHEN 4",
        "ics_209_plus_incident_join_id": null,
        "ics_209_plus_complex_join_id": null,
        "mtbs_id": null,
        "mtbs_fire_name": null,
        "complex_name": null,
        "fire_year": 1992,
        "discovery_date": 714355200000,
        "discovery_doy": 234,
        "discovery_time": "1245",
        "nwcg_cause_classification": "Natural",
        "nwcg_general_cause": "Natural",
        "nwcg_cause_age_category": null,
        "cont_date": 714355200000,
        "cont_doy": 234,
        "cont_time": "1355",
        "fire_size": 0.1,
        "fire_size_class": "A",
        "latitude": 37.1833,
        "longitude": -112.1007,
        "owner_descr": "BLM",
        "state": "UT",
        "county": null,
        "fips_code": null,
        "fips_name": null,
        "globalid": "{C87937B2-3AD7-45F8-9623-D872AE0762C9}"
      }
    },
    {
      "type": "Feature",
      "id": 234602,
      "geometry": {
        "type": "Point",
        "coordinates": [
          -112.10071135335019,
          37.1833056012548
        ]
      },
      "properties": {
        "objectid": 234602,
        "fod_id": 238818,
        "fpa_id": "W-41318",
        "source_system_type": "FED",
        "source_system": "DOI-WFMI",
        "nwcg_reporting_agency": "BLM",
        "nwcg_reporting_unit_id": "USUTCCD",
        "nwcg_reporting_unit_name": "Cedar City Field Office",
        "source_reporting_unit": "UTCCD",
        "source_reporting_unit_name": "Cedar City Field Office",
        "local_fire_report_id": null,
        "local_incident_id": null,
        "fire_code": "S001",
        "fire_name": "KITCHEN 5",
        "ics_209_plus_incident_join_id": null,
        "ics_209_plus_complex_join_id": null,
        "mtbs_id": null,
        "mtbs_fire_name": null,
        "complex_name": null,
        "fire_year": 1992,
        "discovery_date": 714355200000,
        "discovery_doy": 234,
        "discovery_time": "1350",
        "nwcg_cause_classification": "Natural",
        "nwcg_general_cause": "Natural",
        "nwcg_cause_age_category": null,
        "cont_date": 714355200000,
        "cont_doy": 234,
        "cont_time": "1412",
        "fire_size": 0.1,
        "fire_size_class": "A",
        "latitude": 37.1833,
        "longitude": -112.1007,
        "owner_descr": "BLM",
        "state": "UT",
        "county": null,
        "fips_code": null,
        "fips_name": null,
        "globalid": "{63EB2027-838E-4EDC-A775-F911B5D0958E}"
      }
    },
    {
      "type": "Feature",
      "id": 234603,
      "geometry": {
        "type": "Point",
        "coordinates": [
          -112.11741135493598,
          37.1666055980911
        ]
      },
      "properties": {
        "objectid": 234603,
        "fod_id": 238819,
        "fpa_id": "W-41320",
        "source_system_type": "FED",
        "source_system": "DOI-WFMI",
        "nwcg_reporting_agency": "BLM",
        "nwcg_reporting_unit_id": "USUTCCD",
        "nwcg_reporting_unit_name": "Cedar City Field Office",
        "source_reporting_unit": "UTCCD",
        "source_reporting_unit_name": "Cedar City Field Office",
        "local_fire_report_id": null,
        "local_incident_id": null,
        "fire_code": "S003",
        "fire_name": "KITCHEN 7",
        "ics_209_plus_incident_join_id": null,
        "ics_209_plus_complex_join_id": null,
        "mtbs_id": null,
        "mtbs_fire_name": null,
        "complex_name": null,
        "fire_year": 1992,
        "discovery_date": 714355200000,
        "discovery_doy": 234,
        "discovery_time": "1700",
        "nwcg_cause_classification": "Natural",
        "nwcg_general_cause": "Natural",
        "nwcg_cause_age_category": null,
        "cont_date": 714355200000,
        "cont_doy": 234,
        "cont_time": "1738",
        "fire_size": 0.1,
        "fire_size_class": "A",
        "latitude": 37.1666,
        "longitude": -112.1174,
        "owner_descr": "BLM",
        "state": "UT",
        "county": null,
        "fips_code": null,
        "fips_name": null,
        "globalid": "{EE8D710E-C671-470B-A2B1-B96A635487DE}"
      }
    },
    {
      "type": "Feature",
      "id": 234636,
      "geometry": {
        "type": "Point",
        "coordinates": [
          -112.05071134345151,
          37.18330560454855
        ]
      },
      "properties": {
        "objectid": 234636,
        "fod_id": 238853,
        "fpa_id": "W-36037",
        "source_system_type": "FED",
        "source_system": "DOI-WFMI",
        "nwcg_reporting_agency": "BLM",
        "nwcg_reporting_unit_id": "USUTCCD",
        "nwcg_reporting_unit_name": "Cedar City Field Office",
        "source_reporting_unit": "UTCCD",
        "source_reporting_unit_name": "Cedar City Field Office",
        "local_fire_report_id": null,
        "local_incident_id": null,
        "fire_code": "R221",
        "fire_name": "COCKSCOMB",
        "ics_209_plus_incident_join_id": null,
        "ics_209_plus_complex_join_id": null,
        "mtbs_id": null,
        "mtbs_fire_name": null,
        "complex_name": null,
        "fire_year": 1993,
        "discovery_date": 741571200000,
        "discovery_doy": 183,
        "discovery_time": "2315",
        "nwcg_cause_classification": "Human",
        "nwcg_general_cause": "Misuse of fire by a minor",
        "nwcg_cause_age_category": "Minor",
        "cont_date": 741657600000,
        "cont_doy": 184,
        "cont_time": "0230",
        "fire_size": 10,
        "fire_size_class": "C",
        "latitude": 37.1833,
        "longitude": -112.0507,
        "owner_descr": "STATE",
        "state": "UT",
        "county": null,
        "fips_code": null,
        "fips_name": null,
        "globalid": "{53F1CFE8-75AF-408D-8639-B9BA8184E46A}"
      }
    },
    {
      "type": "Feature",
      "id": 234681,
      "geometry": {
        "type": "Point",
        "coordinates": [
          -112.16741135458676,
          37.06670558245305
        ]
      },
      "properties": {
        "objectid": 234681,
        "fod_id": 238902,
        "fpa_id": "W-36088",
        "source_system_type": "FED",
        "source_system": "DOI-WFMI",
        "nwcg_reporting_agency": "BLM",
        "nwcg_reporting_unit_id": "USUTCCD",
        "nwcg_reporting_unit_name": "Cedar City Field Office",
        "source_reporting_unit": "UTCCD",
        "source_reporting_unit_name": "Cedar City Field Office",
        "local_fire_report_id": null,
        "local_incident_id": null,
        "fire_code": "R273",
        "fire_name": "BROWN POND",
        "ics_209_plus_incident_join_id": null,
        "ics_209_plus_complex_join_id": null,
        "mtbs_id": null,
        "mtbs_fire_name": null,
        "complex_name": null,
        "fire_year": 1993,
        "discovery_date": 745718400000,
        "discovery_doy": 231,
        "discovery_time": "1830",
        "nwcg_cause_classification": "Natural",
        "nwcg_general_cause": "Natural",
        "nwcg_cause_age_category": null,
        "cont_date": 745718400000,
        "cont_doy": 231,
        "cont_time": "2125",
        "fire_size": 0.1,
        "fire_size_class": "A",
        "latitude": 37.0667,
        "longitude": -112.1674,
        "owner_descr": "BLM",
        "state": "UT",
        "county": null,
        "fips_code": null,
        "fips_name": null,
        "globalid": "{125DCEC3-65BC-46EF-A15C-D6538DE13C11}"
      }
    },
    {
      "type": "Feature",
      "id": 234682,
      "geometry": {
        "type": "Point",
        "coordinates": [
          -112.1674113631131,
          37.15000559274942
        ]
      },
      "properties": {
        "objectid": 234682,
        "fod_id": 238903,
        "fpa_id": "W-36089",
        "source_system_type": "FED",
        "source_system": "DOI-WFMI",
        "nwcg_reporting_agency": "BLM",
        "nwcg_reporting_unit_id": "USUTCCD",
        "nwcg_reporting_unit_name": "Cedar City Field Office",
        "source_reporting_unit": "UTCCD",
        "source_reporting_unit_name": "Cedar City Field Office",
        "local_fire_report_id": null,
        "local_incident_id": null,
        "fire_code": "R274",
        "fire_name": "POWERLINE",
        "ics_209_plus_incident_join_id": null,
        "ics_209_plus_complex_join_id": null,
        "mtbs_id": null,
        "mtbs_fire_name": null,
        "complex_name": null,
        "fire_year": 1993,
        "discovery_date": 745804800000,
        "discovery_doy": 232,
        "discovery_time": "1355",
        "nwcg_cause_classification": "Natural",
        "nwcg_general_cause": "Natural",
        "nwcg_cause_age_category": null,
        "cont_date": 745891200000,
        "cont_doy": 233,
        "cont_time": "0945",
        "fire_size": 0.5,
        "fire_size_class": "B",
        "latitude": 37.15,
        "longitude": -112.1674,
        "owner_descr": "BLM",
        "state": "UT",
        "county": null,
        "fips_code": null,
        "fips_name": null,
        "globalid": "{4D333523-D0F5-46C0-8918-46630ABF3CA1}"
      }
    },
    {
      "type": "Feature",
      "id": 234709,
      "geometry": {
        "type": "Point",
        "coordinates": [
          -112.06741134162468,
          37.13330559725916
        ]
      },
      "properties": {
        "objectid": 234709,
        "fod_id": 238930,
        "fpa_id": "W-31211",
        "source_system_type": "FED",
        "source_system": "DOI-WFMI",
        "nwcg_reporting_agency": "BLM",
        "nwcg_reporting_unit_id": "USUTCCD",
        "nwcg_reporting_unit_name": "Cedar City Field Office",
        "source_reporting_unit": "UTCCD",
        "source_reporting_unit_name": "Cedar City Field Office",
        "local_fire_report_id": null,
        "local_incident_id": null,
        "fire_code": "R314",
        "fire_name": "COCKSCOMB",
        "ics_209_plus_incident_join_id": null,
        "ics_209_plus_complex_join_id": null,
        "mtbs_id": null,
        "mtbs_fire_name": null,
        "complex_name": null,
        "fire_year": 1994,
        "discovery_date": 771379200000,
        "discovery_doy": 163,
        "discovery_time": "1100",
        "nwcg_cause_classification": "Human",
        "nwcg_general_cause": "Recreation and ceremony",
        "nwcg_cause_age_category": null,
        "cont_date": 771379200000,
        "cont_doy": 163,
        "cont_time": "1300",
        "fire_size": 0.1,
        "fire_size_class": "A",
        "latitude": 37.1333,
        "longitude": -112.0674,
        "owner_descr": "BLM",
        "state": "UT",
        "county": null,
        "fips_code": null,
        "fips_name": null,
        "globalid": "{55D8B629-BE2F-4DB5-8660-29EFF0C38F9D}"
      }
    },
    {
      "type": "Feature",
      "id": 234733,
      "geometry": {
        "type": "Point",
        "coordinates": [
          -112.13411135481915,
          37.133305592876276
        ]
      },
      "properties": {
        "objectid": 234733,
        "fod_id": 238955,
        "fpa_id": "W-31245",
        "source_system_type": "FED",
        "source_system": "DOI-WFMI",
        "nwcg_reporting_agency": "BLM",
        "nwcg_reporting_unit_id": "USUTCCD",
        "nwcg_reporting_unit_name": "Cedar City Field Office",
        "source_reporting_unit": "UTCCD",
        "source_reporting_unit_name": "Cedar City Field Office",
        "local_fire_report_id": null,
        "local_incident_id": null,
        "fire_code": "R348",
        "fire_name": "TELEGRAPH",
        "ics_209_plus_incident_join_id": null,
        "ics_209_plus_complex_join_id": null,
        "mtbs_id": null,
        "mtbs_fire_name": null,
        "complex_name": null,
        "fire_year": 1994,
        "discovery_date": 774748800000,
        "discovery_doy": 202,
        "discovery_time": "1430",
        "nwcg_cause_classification": "Natural",
        "nwcg_general_cause": "Natural",
        "nwcg_cause_age_category": null,
        "cont_date": 774748800000,
        "cont_doy": 202,
        "cont_time": "1700",
        "fire_size": 0.1,
        "fire_size_class": "A",
        "latitude": 37.1333,
        "longitude": -112.1341,
        "owner_descr": "BLM",
        "state": "UT",
        "county": null,
        "fips_code": null,
        "fips_name": null,
        "globalid": "{D9BDCF04-A711-4279-9E58-54A73B23B50F}"
      }
    },
    {
      "type": "Feature",
      "id": 234800,
      "geometry": {
        "type": "Point",
        "coordinates": [
          -111.98411132511873,
          37.133305602729294
        ]
      },
      "properties": {
        "objectid": 234800,
        "fod_id": 239022,
        "fpa_id": "W-31318",
        "source_system_type": "FED",
        "source_system": "DOI-WFMI",
        "nwcg_reporting_agency": "BLM",
        "nwcg_reporting_unit_id": "USUTCCD",
        "nwcg_reporting_unit_name": "Cedar City Field Office",
        "source_reporting_unit": "UTCCD",
        "source_reporting_unit_name": "Cedar City Field Office",
        "local_fire_report_id": null,
        "local_incident_id": null,
        "fire_code": "W221",
        "fire_name": "GRAND",
        "ics_209_plus_incident_join_id": null,
        "ics_209_plus_complex_join_id": null,
        "mtbs_id": null,
        "mtbs_fire_name": null,
        "complex_name": null,
        "fire_year": 1994,
        "discovery_date": 780019200000,
        "discovery_doy": 263,
        "discovery_time": "1735",
        "nwcg_cause_classification": "Natural",
        "nwcg_general_cause": "Natural",
        "nwcg_cause_age_category": null,
        "cont_date": 780019200000,
        "cont_doy": 263,
        "cont_time": "1938",
        "fire_size": 0.1,
        "fire_size_class": "A",
        "latitude": 37.1333,
        "longitude": -111.9841,
        "owner_descr": "BLM",
        "state": "UT",
        "county": null,
        "fips_code": null,
        "fips_name": null,
        "globalid": "{BB9F144F-4900-4F76-97D0-D70818DFAE1F}"
      }
    },
    {
      "type": "Feature",
      "id": 234801,
      "geometry": {
        "type": "Point",
        "coordinates": [
          -112.0174113334326,
          37.150005602614215
        ]
      },
      "properties": {
        "objectid": 234801,
        "fod_id": 239023,
        "fpa_id": "W-31319",
        "source_system_type": "FED",
        "source_system": "DOI-WFMI",
        "nwcg_reporting_agency": "BLM",
        "nwcg_reporting_unit_id": "USUTCCD",
        "nwcg_reporting_unit_name": "Cedar City Field Office",
        "source_reporting_unit": "UTCCD",
        "source_reporting_unit_name": "Cedar City Field Office",
        "local_fire_report_id": null,
        "local_incident_id": null,
        "fire_code": "W222",
        "fire_name": "CANYON",
        "ics_209_plus_incident_join_id": null,
        "ics_209_plus_complex_join_id": null,
        "mtbs_id": null,
        "mtbs_fire_name": null,
        "complex_name": null,
        "fire_year": 1994,
        "discovery_date": 780019200000,
        "discovery_doy": 263,
        "discovery_time": "1800",
        "nwcg_cause_classification": "Natural",
        "nwcg_general_cause": "Natural",
        "nwcg_cause_age_category": null,
        "cont_date": 780019200000,
        "cont_doy": 263,
        "cont_time": "1845",
        "fire_size": 0.1,
        "fire_size_class": "A",
        "latitude": 37.15,
        "longitude": -112.0174,
        "owner_descr": "BLM",
        "state": "UT",
        "county": null,
        "fips_code": null,
        "fips_name": null,
        "globalid": "{1F5893AC-8E24-41F0-A94A-F3A450443F05}"
      }
    },
    {
      "type": "Feature",
      "id": 234862,
      "geometry": {
        "type": "Point",
        "coordinates": [
          -111.9882113285254,
          37.158605605600236
        ]
      },
      "properties": {
        "objectid": 234862,
        "fod_id": 239085,
        "fpa_id": "W-25119",
        "source_system_type": "FED",
        "source_system": "DOI-WFMI",
        "nwcg_reporting_agency": "BLM",
        "nwcg_reporting_unit_id": "USUTCCD",
        "nwcg_reporting_unit_name": "Cedar City Field Office",
        "source_reporting_unit": "UTCCD",
        "source_reporting_unit_name": "Cedar City Field Office",
        "local_fire_report_id": null,
        "local_incident_id": null,
        "fire_code": "R274",
        "fire_name": "SUBSTATION",
        "ics_209_plus_incident_join_id": null,
        "ics_209_plus_complex_join_id": null,
        "mtbs_id": null,
        "mtbs_fire_name": null,
        "complex_name": null,
        "fire_year": 1995,
        "discovery_date": 810345600000,
        "discovery_doy": 249,
        "discovery_time": "1050",
        "nwcg_cause_classification": "Natural",
        "nwcg_general_cause": "Natural",
        "nwcg_cause_age_category": null,
        "cont_date": 810345600000,
        "cont_doy": 249,
        "cont_time": "1230",
        "fire_size": 0.2,
        "fire_size_class": "A",
        "latitude": 37.1586,
        "longitude": -111.9882,
        "owner_descr": "BLM",
        "state": "UT",
        "county": null,
        "fips_code": null,
        "fips_name": null,
        "globalid": "{E16F8ECD-BF7F-42F3-8B81-571E808A722D}"
      }
    },
    {
      "type": "Feature",
      "id": 234885,
      "geometry": {
        "type": "Point",
        "coordinates": [
          -112.13301135130443,
          37.101105588965446
        ]
      },
      "properties": {
        "objectid": 234885,
        "fod_id": 239108,
        "fpa_id": "W-19674",
        "source_system_type": "FED",
        "source_system": "DOI-WFMI",
        "nwcg_reporting_agency": "BLM",
        "nwcg_reporting_unit_id": "USUTCCD",
        "nwcg_reporting_unit_name": "Cedar City Field Office",
        "source_reporting_unit": "UTCCD",
        "source_reporting_unit_name": "Cedar City Field Office",
        "local_fire_report_id": null,
        "local_incident_id": null,
        "fire_code": "R314",
        "fire_name": "QUE",
        "ics_209_plus_incident_join_id": null,
        "ics_209_plus_complex_join_id": null,
        "mtbs_id": null,
        "mtbs_fire_name": null,
        "complex_name": null,
        "fire_year": 1996,
        "discovery_date": 832982400000,
        "discovery_doy": 146,
        "discovery_time": "1500",
        "nwcg_cause_classification": "Natural",
        "nwcg_general_cause": "Natural",
        "nwcg_cause_age_category": null,
        "cont_date": 832982400000,
        "cont_doy": 146,
        "cont_time": "1630",
        "fire_size": 0.1,
        "fire_size_class": "A",
        "latitude": 37.1011,
        "longitude": -112.133,
        "owner_descr": "BLM",
        "state": "UT",
        "county": null,
        "fips_code": null,
        "fips_name": null,
        "globalid": "{01A574F9-556A-4B25-811E-2CD1A9B1C21E}"
      }
    },
    {
      "type": "Feature",
      "id": 234897,
      "geometry": {
        "type": "Point",
        "coordinates": [
          -112.04241133337943,
          37.1011055949077
        ]
      },
      "properties": {
        "objectid": 234897,
        "fod_id": 239120,
        "fpa_id": "W-19689",
        "source_system_type": "FED",
        "source_system": "DOI-WFMI",
        "nwcg_reporting_agency": "BLM",
        "nwcg_reporting_unit_id": "USUTCCD",
        "nwcg_reporting_unit_name": "Cedar City Field Office",
        "source_reporting_unit": "UTCCD",
        "source_reporting_unit_name": "Cedar City Field Office",
        "local_fire_report_id": null,
        "local_incident_id": null,
        "fire_code": "R329",
        "fire_name": "RIM",
        "ics_209_plus_incident_join_id": null,
        "ics_209_plus_complex_join_id": null,
        "mtbs_id": null,
        "mtbs_fire_name": null,
        "complex_name": null,
        "fire_year": 1996,
        "discovery_date": 835228800000,
        "discovery_doy": 172,
        "discovery_time": "1600",
        "nwcg_cause_classification": "Natural",
        "nwcg_general_cause": "Natural",
        "nwcg_cause_age_category": null,
        "cont_date": 835228800000,
        "cont_doy": 172,
        "cont_time": "1800",
        "fire_size": 0.1,
        "fire_size_class": "A",
        "latitude": 37.1011,
        "longitude": -112.0424,
        "owner_descr": "BLM",
        "state": "UT",
        "county": null,
        "fips_code": null,
        "fips_name": null,
        "globalid": "{9BD41BE4-9D59-4B8E-BADD-FBE6FD09FEF3}"
      }
    },
    {
      "type": "Feature",
      "id": 234898,
      "geometry": {
        "type": "Point",
        "coordinates": [
          -112.06051133696339,
          37.10110559372093
        ]
      },
      "properties": {
        "objectid": 234898,
        "fod_id": 239121,
        "fpa_id": "W-19690",
        "source_system_type": "FED",
        "source_system": "DOI-WFMI",
        "nwcg_reporting_agency": "BLM",
        "nwcg_reporting_unit_id": "USUTCCD",
        "nwcg_reporting_unit_name": "Cedar City Field Office",
        "source_reporting_unit": "UTCCD",
        "source_reporting_unit_name": "Cedar City Field Office",
        "local_fire_report_id": null,
        "local_incident_id": null,
        "fire_code": "R330",
        "fire_name": "OLDROAD",
        "ics_209_plus_incident_join_id": null,
        "ics_209_plus_complex_join_id": null,
        "mtbs_id": null,
        "mtbs_fire_name": null,
        "complex_name": null,
        "fire_year": 1996,
        "discovery_date": 835228800000,
        "discovery_doy": 172,
        "discovery_time": "2000",
        "nwcg_cause_classification": "Natural",
        "nwcg_general_cause": "Natural",
        "nwcg_cause_age_category": null,
        "cont_date": 835228800000,
        "cont_doy": 172,
        "cont_time": "2200",
        "fire_size": 0.1,
        "fire_size_class": "A",
        "latitude": 37.1011,
        "longitude": -112.0605,
        "owner_descr": "BLM",
        "state": "UT",
        "county": null,
        "fips_code": null,
        "fips_name": null,
        "globalid": "{6E58D5E9-2AB3-46A0-8806-BE33C9A52C77}"
      }
    },
    {
      "type": "Feature",
      "id": 234934,
      "geometry": {
        "type": "Point",
        "coordinates": [
          -112.06071134583345,
          37.187205604372465
        ]
      },
      "properties": {
        "objectid": 234934,
        "fod_id": 239159,
        "fpa_id": "W-19734",
        "source_system_type": "FED",
        "source_system": "DOI-WFMI",
        "nwcg_reporting_agency": "BLM",
        "nwcg_reporting_unit_id": "USUTCCD",
        "nwcg_reporting_unit_name": "Cedar City Field Office",
        "source_reporting_unit": "UTCCD",
        "source_reporting_unit_name": "Cedar City Field Office",
        "local_fire_report_id": null,
        "local_incident_id": null,
        "fire_code": "R374",
        "fire_name": "BUCKSKIN",
        "ics_209_plus_incident_join_id": null,
        "ics_209_plus_complex_join_id": null,
        "mtbs_id": null,
        "mtbs_fire_name": null,
        "complex_name": null,
        "fire_year": 1996,
        "discovery_date": 837302400000,
        "discovery_doy": 196,
        "discovery_time": "1200",
        "nwcg_cause_classification": "Natural",
        "nwcg_general_cause": "Natural",
        "nwcg_cause_age_category": null,
        "cont_date": 837388800000,
        "cont_doy": 197,
        "cont_time": "2300",
        "fire_size": 150,
        "fire_size_class": "D",
        "latitude": 37.1872,
        "longitude": -112.0607,
        "owner_descr": "BLM",
        "state": "UT",
        "county": null,
        "fips_code": null,
        "fips_name": null,
        "globalid": "{605EEB74-B8D1-44B1-B6C5-2D0DFD327B51}"
      }
    },
    {
      "type": "Feature",
      "id": 234939,
      "geometry": {
        "type": "Point",
        "coordinates": [
          -111.96931132181435,
          37.129705603253534
        ]
      },
      "properties": {
        "objectid": 234939,
        "fod_id": 239164,
        "fpa_id": "W-19744",
        "source_system_type": "FED",
        "source_system": "DOI-WFMI",
        "nwcg_reporting_agency": "BLM",
        "nwcg_reporting_unit_id": "USUTCCD",
        "nwcg_reporting_unit_name": "Cedar City Field Office",
        "source_reporting_unit": "UTCCD",
        "source_reporting_unit_name": "Cedar City Field Office",
        "local_fire_report_id": null,
        "local_incident_id": null,
        "fire_code": "R384",
        "fire_name": "COCKSCOMB2",
        "ics_209_plus_incident_join_id": null,
        "ics_209_plus_complex_join_id": null,
        "mtbs_id": null,
        "mtbs_fire_name": null,
        "complex_name": null,
        "fire_year": 1996,
        "discovery_date": 838080000000,
        "discovery_doy": 205,
        "discovery_time": "1530",
        "nwcg_cause_classification": "Natural",
        "nwcg_general_cause": "Natural",
        "nwcg_cause_age_category": null,
        "cont_date": 838252800000,
        "cont_doy": 207,
        "cont_time": "1930",
        "fire_size": 0.1,
        "fire_size_class": "A",
        "latitude": 37.1297,
        "longitude": -111.9693,
        "owner_descr": "BLM",
        "state": "UT",
        "county": null,
        "fips_code": null,
        "fips_name": null,
        "globalid": "{A32DC212-3901-4E1B-B0F9-225B4FA9CED4}"
      }
    },
    {
      "type": "Feature",
      "id": 234971,
      "geometry": {
        "type": "Point",
        "coordinates": [
          -112.05911134699946,
          37.201605606259015
        ]
      },
      "properties": {
        "objectid": 234971,
        "fod_id": 239196,
        "fpa_id": "W-19781",
        "source_system_type": "FED",
        "source_system": "DOI-WFMI",
        "nwcg_reporting_agency": "BLM",
        "nwcg_reporting_unit_id": "USUTCCD",
        "nwcg_reporting_unit_name": "Cedar City Field Office",
        "source_reporting_unit": "UTCCD",
        "source_reporting_unit_name": "Cedar City Field Office",
        "local_fire_report_id": null,
        "local_incident_id": null,
        "fire_code": "W221",
        "fire_name": "NIPPLE",
        "ics_209_plus_incident_join_id": null,
        "ics_209_plus_complex_join_id": null,
        "mtbs_id": null,
        "mtbs_fire_name": null,
        "complex_name": null,
        "fire_year": 1996,
        "discovery_date": 840067200000,
        "discovery_doy": 228,
        "discovery_time": "1800",
        "nwcg_cause_classification": "Natural",
        "nwcg_general_cause": "Natural",
        "nwcg_cause_age_category": null,
        "cont_date": 840067200000,
        "cont_doy": 228,
        "cont_time": "1930",
        "fire_size": 0.1,
        "fire_size_class": "A",
        "latitude": 37.2016,
        "longitude": -112.0591,
        "owner_descr": "BLM",
        "state": "UT",
        "county": null,
        "fips_code": null,
        "fips_name": null,
        "globalid": "{8A14430C-73E7-4A1A-A21E-67863CC30302}"
      }
    },
    {
      "type": "Feature",
      "id": 234974,
      "geometry": {
        "type": "Point",
        "coordinates": [
          -112.15101135779,
          37.12970559132048
        ]
      },
      "properties": {
        "objectid": 234974,
        "fod_id": 239199,
        "fpa_id": "W-19785",
        "source_system_type": "FED",
        "source_system": "DOI-WFMI",
        "nwcg_reporting_agency": "BLM",
        "nwcg_reporting_unit_id": "USUTCCD",
        "nwcg_reporting_unit_name": "Cedar City Field Office",
        "source_reporting_unit": "UTCCD",
        "source_reporting_unit_name": "Cedar City Field Office",
        "local_fire_report_id": null,
        "local_incident_id": null,
        "fire_code": "W225",
        "fire_name": "BROWN",
        "ics_209_plus_incident_join_id": null,
        "ics_209_plus_complex_join_id": null,
        "mtbs_id": null,
        "mtbs_fire_name": null,
        "complex_name": null,
        "fire_year": 1996,
        "discovery_date": 840326400000,
        "discovery_doy": 231,
        "discovery_time": "1400",
        "nwcg_cause_classification": "Natural",
        "nwcg_general_cause": "Natural",
        "nwcg_cause_age_category": null,
        "cont_date": 840326400000,
        "cont_doy": 231,
        "cont_time": "1600",
        "fire_size": 0.3,
        "fire_size_class": "B",
        "latitude": 37.1297,
        "longitude": -112.151,
        "owner_descr": "BLM",
        "state": "UT",
        "county": null,
        "fips_code": null,
        "fips_name": null,
        "globalid": "{594491E0-1594-4E98-BEBF-BD3CF187A7B6}"
      }
    },
    {
      "type": "Feature",
      "id": 235020,
      "geometry": {
        "type": "Point",
        "coordinates": [
          -112.09691134121533,
          37.07220558775206
        ]
      },
      "properties": {
        "objectid": 235020,
        "fod_id": 239246,
        "fpa_id": "W-19835",
        "source_system_type": "FED",
        "source_system": "DOI-WFMI",
        "nwcg_reporting_agency": "BLM",
        "nwcg_reporting_unit_id": "USUTCCD",
        "nwcg_reporting_unit_name": "Cedar City Field Office",
        "source_reporting_unit": "UTCCD",
        "source_reporting_unit_name": "Cedar City Field Office",
        "local_fire_report_id": null,
        "local_incident_id": null,
        "fire_code": "W275",
        "fire_name": "MYSTERY",
        "ics_209_plus_incident_join_id": null,
        "ics_209_plus_complex_join_id": null,
        "mtbs_id": null,
        "mtbs_fire_name": null,
        "complex_name": null,
        "fire_year": 1996,
        "discovery_date": 844819200000,
        "discovery_doy": 283,
        "discovery_time": "1700",
        "nwcg_cause_classification": "Natural",
        "nwcg_general_cause": "Natural",
        "nwcg_cause_age_category": null,
        "cont_date": 844819200000,
        "cont_doy": 283,
        "cont_time": "1920",
        "fire_size": 0.5,
        "fire_size_class": "B",
        "latitude": 37.0722,
        "longitude": -112.0969,
        "owner_descr": "BLM",
        "state": "UT",
        "county": null,
        "fips_code": null,
        "fips_name": null,
        "globalid": "{53DF33E4-8438-49DC-ABA0-72CFEBFEB66A}"
      }
    },
    {
      "type": "Feature",
      "id": 235023,
      "geometry": {
        "type": "Point",
        "coordinates": [
          -112.09691134977115,
          37.155805598104976
        ]
      },
      "properties": {
        "objectid": 235023,
        "fod_id": 239249,
        "fpa_id": "W-12850",
        "source_system_type": "FED",
        "source_system": "DOI-WFMI",
        "nwcg_reporting_agency": "BLM",
        "nwcg_reporting_unit_id": "USUTCCD",
        "nwcg_reporting_unit_name": "Cedar City Field Office",
        "source_reporting_unit": "UTCCD",
        "source_reporting_unit_name": "Cedar City Field Office",
        "local_fire_report_id": null,
        "local_incident_id": null,
        "fire_code": "R238",
        "fire_name": "OSAN",
        "ics_209_plus_incident_join_id": null,
        "ics_209_plus_complex_join_id": null,
        "mtbs_id": null,
        "mtbs_fire_name": null,
        "complex_name": null,
        "fire_year": 1997,
        "discovery_date": 863049600000,
        "discovery_doy": 128,
        "discovery_time": "1400",
        "nwcg_cause_classification": "Natural",
        "nwcg_general_cause": "Natural",
        "nwcg_cause_age_category": null,
        "cont_date": 863049600000,
        "cont_doy": 128,
        "cont_time": "1630",
        "fire_size": 0.1,
        "fire_size_class": "A",
        "latitude": 37.1558,
        "longitude": -112.0969,
        "owner_descr": "BLM",
        "state": "UT",
        "county": null,
        "fips_code": null,
        "fips_name": null,
        "globalid": "{BE34239E-C573-4830-8A79-3DED69515C37}"
      }
    },
    {
      "type": "Feature",
      "id": 235047,
      "geometry": {
        "type": "Point",
        "coordinates": [
          -112.16941135702352,
          37.086705584796235
        ]
      },
      "properties": {
        "objectid": 235047,
        "fod_id": 239273,
        "fpa_id": "W-12883",
        "source_system_type": "FED",
        "source_system": "DOI-WFMI",
        "nwcg_reporting_agency": "BLM",
        "nwcg_reporting_unit_id": "USUTCCD",
        "nwcg_reporting_unit_name": "Cedar City Field Office",
        "source_reporting_unit": "UTCCD",
        "source_reporting_unit_name": "Cedar City Field Office",
        "local_fire_report_id": null,
        "local_incident_id": null,
        "fire_code": "R271",
        "fire_name": "SEAMAN WSH",
        "ics_209_plus_incident_join_id": null,
        "ics_209_plus_complex_join_id": null,
        "mtbs_id": null,
        "mtbs_fire_name": null,
        "complex_name": null,
        "fire_year": 1997,
        "discovery_date": 869270400000,
        "discovery_doy": 200,
        "discovery_time": "1700",
        "nwcg_cause_classification": "Natural",
        "nwcg_general_cause": "Natural",
        "nwcg_cause_age_category": null,
        "cont_date": 869356800000,
        "cont_doy": 201,
        "cont_time": "1900",
        "fire_size": 96,
        "fire_size_class": "C",
        "latitude": 37.0867,
        "longitude": -112.1694,
        "owner_descr": "BLM",
        "state": "UT",
        "county": null,
        "fips_code": null,
        "fips_name": null,
        "globalid": "{040DCE1E-9AB8-48B2-946D-5470089412F0}"
      }
    },
    {
      "type": "Feature",
      "id": 235048,
      "geometry": {
        "type": "Point",
        "coordinates": [
          -112.09691135005872,
          37.15860559845127
        ]
      },
      "properties": {
        "objectid": 235048,
        "fod_id": 239274,
        "fpa_id": "W-12878",
        "source_system_type": "FED",
        "source_system": "DOI-WFMI",
        "nwcg_reporting_agency": "BLM",
        "nwcg_reporting_unit_id": "USUTCCD",
        "nwcg_reporting_unit_name": "Cedar City Field Office",
        "source_reporting_unit": "UTCCD",
        "source_reporting_unit_name": "Cedar City Field Office",
        "local_fire_report_id": null,
        "local_incident_id": null,
        "fire_code": "R266",
        "fire_name": "BUCKSKIN",
        "ics_209_plus_incident_join_id": null,
        "ics_209_plus_complex_join_id": null,
        "mtbs_id": null,
        "mtbs_fire_name": null,
        "complex_name": null,
        "fire_year": 1997,
        "discovery_date": 869270400000,
        "discovery_doy": 200,
        "discovery_time": "1728",
        "nwcg_cause_classification": "Natural",
        "nwcg_general_cause": "Natural",
        "nwcg_cause_age_category": null,
        "cont_date": 869529600000,
        "cont_doy": 203,
        "cont_time": "2100",
        "fire_size": 354.6,
        "fire_size_class": "E",
        "latitude": 37.1586,
        "longitude": -112.0969,
        "owner_descr": "BLM",
        "state": "UT",
        "county": null,
        "fips_code": null,
        "fips_name": null,
        "globalid": "{2175CC03-0B9D-43AB-86D1-2BB1C97FEBF9}"
      }
    },
    {
      "type": "Feature",
      "id": 235057,
      "geometry": {
        "type": "Point",
        "coordinates": [
          -112.07881134354302,
          37.13000559610152
        ]
      },
      "properties": {
        "objectid": 235057,
        "fod_id": 239284,
        "fpa_id": "W-12889",
        "source_system_type": "FED",
        "source_system": "DOI-WFMI",
        "nwcg_reporting_agency": "BLM",
        "nwcg_reporting_unit_id": "USUTCCD",
        "nwcg_reporting_unit_name": "Cedar City Field Office",
        "source_reporting_unit": "UTCCD",
        "source_reporting_unit_name": "Cedar City Field Office",
        "local_fire_report_id": null,
        "local_incident_id": null,
        "fire_code": "R277",
        "fire_name": "GRAVEL PIT",
        "ics_209_plus_incident_join_id": null,
        "ics_209_plus_complex_join_id": null,
        "mtbs_id": null,
        "mtbs_fire_name": null,
        "complex_name": null,
        "fire_year": 1997,
        "discovery_date": 869529600000,
        "discovery_doy": 203,
        "discovery_time": "1115",
        "nwcg_cause_classification": "Natural",
        "nwcg_general_cause": "Natural",
        "nwcg_cause_age_category": null,
        "cont_date": 869529600000,
        "cont_doy": 203,
        "cont_time": "1240",
        "fire_size": 0.1,
        "fire_size_class": "A",
        "latitude": 37.13,
        "longitude": -112.0788,
        "owner_descr": "BLM",
        "state": "UT",
        "county": null,
        "fips_code": null,
        "fips_name": null,
        "globalid": "{7DB83A1D-0660-41E9-93AB-6FB36FAD0A7E}"
      }
    },
    {
      "type": "Feature",
      "id": 235058,
      "geometry": {
        "type": "Point",
        "coordinates": [
          -112.07661134798376,
          37.177505602125265
        ]
      },
      "properties": {
        "objectid": 235058,
        "fod_id": 239285,
        "fpa_id": "W-12890",
        "source_system_type": "FED",
        "source_system": "DOI-WFMI",
        "nwcg_reporting_agency": "BLM",
        "nwcg_reporting_unit_id": "USUTCCD",
        "nwcg_reporting_unit_name": "Cedar City Field Office",
        "source_reporting_unit": "UTCCD",
        "source_reporting_unit_name": "Cedar City Field Office",
        "local_fire_report_id": null,
        "local_incident_id": null,
        "fire_code": "R278",
        "fire_name": "BIG BUMP",
        "ics_209_plus_incident_join_id": null,
        "ics_209_plus_complex_join_id": null,
        "mtbs_id": null,
        "mtbs_fire_name": null,
        "complex_name": null,
        "fire_year": 1997,
        "discovery_date": 869529600000,
        "discovery_doy": 203,
        "discovery_time": "1335",
        "nwcg_cause_classification": "Natural",
        "nwcg_general_cause": "Natural",
        "nwcg_cause_age_category": null,
        "cont_date": 869529600000,
        "cont_doy": 203,
        "cont_time": "1530",
        "fire_size": 0.1,
        "fire_size_class": "A",
        "latitude": 37.1775,
        "longitude": -112.0766,
        "owner_descr": "BLM",
        "state": "UT",
        "county": null,
        "fips_code": null,
        "fips_name": null,
        "globalid": "{824B2A54-528B-4E07-A8B5-3B71341B6199}"
      }
    },
    {
      "type": "Feature",
      "id": 235064,
      "geometry": {
        "type": "Point",
        "coordinates": [
          -112.0969113456395,
          37.11550559311731
        ]
      },
      "properties": {
        "objectid": 235064,
        "fod_id": 239291,
        "fpa_id": "W-12897",
        "source_system_type": "FED",
        "source_system": "DOI-WFMI",
        "nwcg_reporting_agency": "BLM",
        "nwcg_reporting_unit_id": "USUTCCD",
        "nwcg_reporting_unit_name": "Cedar City Field Office",
        "source_reporting_unit": "UTCCD",
        "source_reporting_unit_name": "Cedar City Field Office",
        "local_fire_report_id": null,
        "local_incident_id": null,
        "fire_code": "R286",
        "fire_name": "SAGE DRAW",
        "ics_209_plus_incident_join_id": null,
        "ics_209_plus_complex_join_id": null,
        "mtbs_id": null,
        "mtbs_fire_name": null,
        "complex_name": null,
        "fire_year": 1997,
        "discovery_date": 870134400000,
        "discovery_doy": 210,
        "discovery_time": "1100",
        "nwcg_cause_classification": "Natural",
        "nwcg_general_cause": "Natural",
        "nwcg_cause_age_category": null,
        "cont_date": 870134400000,
        "cont_doy": 210,
        "cont_time": "1300",
        "fire_size": 0.1,
        "fire_size_class": "A",
        "latitude": 37.1155,
        "longitude": -112.0969,
        "owner_descr": "BLM",
        "state": "UT",
        "county": null,
        "fips_code": null,
        "fips_name": null,
        "globalid": "{F92FE84E-7190-4C5B-8EAA-38D39E5E7CC6}"
      }
    },
    {
      "type": "Feature",
      "id": 235079,
      "geometry": {
        "type": "Point",
        "coordinates": [
          -112.0788113449988,
          37.144205597859816
        ]
      },
      "properties": {
        "objectid": 235079,
        "fod_id": 239306,
        "fpa_id": "W-12919",
        "source_system_type": "FED",
        "source_system": "DOI-WFMI",
        "nwcg_reporting_agency": "BLM",
        "nwcg_reporting_unit_id": "USUTCCD",
        "nwcg_reporting_unit_name": "Cedar City Field Office",
        "source_reporting_unit": "UTCCD",
        "source_reporting_unit_name": "Cedar City Field Office",
        "local_fire_report_id": null,
        "local_incident_id": null,
        "fire_code": "W282",
        "fire_name": "FIVE MILE",
        "ics_209_plus_incident_join_id": null,
        "ics_209_plus_complex_join_id": null,
        "mtbs_id": null,
        "mtbs_fire_name": null,
        "complex_name": null,
        "fire_year": 1997,
        "discovery_date": 873158400000,
        "discovery_doy": 245,
        "discovery_time": "1300",
        "nwcg_cause_classification": "Natural",
        "nwcg_general_cause": "Natural",
        "nwcg_cause_age_category": null,
        "cont_date": 873158400000,
        "cont_doy": 245,
        "cont_time": "1700",
        "fire_size": 0.1,
        "fire_size_class": "A",
        "latitude": 37.1442,
        "longitude": -112.0788,
        "owner_descr": "BLM",
        "state": "UT",
        "county": null,
        "fips_code": null,
        "fips_name": null,
        "globalid": "{59063A8A-663B-45DD-B917-9C762A5BA021}"
      }
    },
    {
      "type": "Feature",
      "id": 235082,
      "geometry": {
        "type": "Point",
        "coordinates": [
          -112.0969113470938,
          37.12970559487541
        ]
      },
      "properties": {
        "objectid": 235082,
        "fod_id": 239309,
        "fpa_id": "W-12922",
        "source_system_type": "FED",
        "source_system": "DOI-WFMI",
        "nwcg_reporting_agency": "BLM",
        "nwcg_reporting_unit_id": "USUTCCD",
        "nwcg_reporting_unit_name": "Cedar City Field Office",
        "source_reporting_unit": "UTCCD",
        "source_reporting_unit_name": "Cedar City Field Office",
        "local_fire_report_id": null,
        "local_incident_id": null,
        "fire_code": "W285",
        "fire_name": "JEPSON",
        "ics_209_plus_incident_join_id": null,
        "ics_209_plus_complex_join_id": null,
        "mtbs_id": null,
        "mtbs_fire_name": null,
        "complex_name": null,
        "fire_year": 1997,
        "discovery_date": 874108800000,
        "discovery_doy": 256,
        "discovery_time": "1030",
        "nwcg_cause_classification": "Natural",
        "nwcg_general_cause": "Natural",
        "nwcg_cause_age_category": null,
        "cont_date": 874108800000,
        "cont_doy": 256,
        "cont_time": "1430",
        "fire_size": 0.1,
        "fire_size_class": "A",
        "latitude": 37.1297,
        "longitude": -112.0969,
        "owner_descr": "BLM",
        "state": "UT",
        "county": null,
        "fips_code": null,
        "fips_name": null,
        "globalid": "{D1DC50E5-DD5E-4FC6-AD83-4222C8C5340E}"
      }
    },
    {
      "type": "Feature",
      "id": 235125,
      "geometry": {
        "type": "Point",
        "coordinates": [
          -112.11491134332698,
          37.05800558481313
        ]
      },
      "properties": {
        "objectid": 235125,
        "fod_id": 239354,
        "fpa_id": "W-8542",
        "source_system_type": "FED",
        "source_system": "DOI-WFMI",
        "nwcg_reporting_agency": "BLM",
        "nwcg_reporting_unit_id": "USUTCCD",
        "nwcg_reporting_unit_name": "Cedar City Field Office",
        "source_reporting_unit": "UTCCD",
        "source_reporting_unit_name": "Cedar City Field Office",
        "local_fire_report_id": null,
        "local_incident_id": null,
        "fire_code": "R353",
        "fire_name": "N.PINE",
        "ics_209_plus_incident_join_id": null,
        "ics_209_plus_complex_join_id": null,
        "mtbs_id": null,
        "mtbs_fire_name": null,
        "complex_name": null,
        "fire_year": 1998,
        "discovery_date": 900979200000,
        "discovery_doy": 202,
        "discovery_time": "2000",
        "nwcg_cause_classification": "Natural",
        "nwcg_general_cause": "Natural",
        "nwcg_cause_age_category": null,
        "cont_date": 901238400000,
        "cont_doy": 205,
        "cont_time": "1200",
        "fire_size": 41,
        "fire_size_class": "C",
        "latitude": 37.058,
        "longitude": -112.1149,
        "owner_descr": "BLM",
        "state": "UT",
        "county": null,
        "fips_code": null,
        "fips_name": null,
        "globalid": "{56B72CFA-6B29-4AF8-83E1-25243AABA707}"
      }
    },
    {
      "type": "Feature",
      "id": 235128,
      "geometry": {
        "type": "Point",
        "coordinates": [
          -112.11381134668083,
          37.093005589222074
        ]
      },
      "properties": {
        "objectid": 235128,
        "fod_id": 239357,
        "fpa_id": "W-8548",
        "source_system_type": "FED",
        "source_system": "DOI-WFMI",
        "nwcg_reporting_agency": "BLM",
        "nwcg_reporting_unit_id": "USUTCCD",
        "nwcg_reporting_unit_name": "Cedar City Field Office",
        "source_reporting_unit": "UTCCD",
        "source_reporting_unit_name": "Cedar City Field Office",
        "local_fire_report_id": null,
        "local_incident_id": null,
        "fire_code": "R359",
        "fire_name": "PETRIFIED2",
        "ics_209_plus_incident_join_id": null,
        "ics_209_plus_complex_join_id": null,
        "mtbs_id": null,
        "mtbs_fire_name": null,
        "complex_name": null,
        "fire_year": 1998,
        "discovery_date": 901411200000,
        "discovery_doy": 207,
        "discovery_time": "1615",
        "nwcg_cause_classification": "Natural",
        "nwcg_general_cause": "Natural",
        "nwcg_cause_age_category": null,
        "cont_date": 901411200000,
        "cont_doy": 207,
        "cont_time": "2130",
        "fire_size": 0.1,
        "fire_size_class": "A",
        "latitude": 37.093,
        "longitude": -112.1138,
        "owner_descr": "BLM",
        "state": "UT",
        "county": null,
        "fips_code": null,
        "fips_name": null,
        "globalid": "{BA889127-1969-488E-9542-34623510390A}"
      }
    },
    {
      "type": "Feature",
      "id": 235129,
      "geometry": {
        "type": "Point",
        "coordinates": [
          -112.12961134975325,
          37.092505588124
        ]
      },
      "properties": {
        "objectid": 235129,
        "fod_id": 239358,
        "fpa_id": "W-8547",
        "source_system_type": "FED",
        "source_system": "DOI-WFMI",
        "nwcg_reporting_agency": "BLM",
        "nwcg_reporting_unit_id": "USUTCCD",
        "nwcg_reporting_unit_name": "Cedar City Field Office",
        "source_reporting_unit": "UTCCD",
        "source_reporting_unit_name": "Cedar City Field Office",
        "local_fire_report_id": null,
        "local_incident_id": null,
        "fire_code": "R358",
        "fire_name": "PETRIFIED1",
        "ics_209_plus_incident_join_id": null,
        "ics_209_plus_complex_join_id": null,
        "mtbs_id": null,
        "mtbs_fire_name": null,
        "complex_name": null,
        "fire_year": 1998,
        "discovery_date": 901411200000,
        "discovery_doy": 207,
        "discovery_time": "1615",
        "nwcg_cause_classification": "Natural",
        "nwcg_general_cause": "Natural",
        "nwcg_cause_age_category": null,
        "cont_date": 901411200000,
        "cont_doy": 207,
        "cont_time": "2100",
        "fire_size": 0.1,
        "fire_size_class": "A",
        "latitude": 37.0925,
        "longitude": -112.1296,
        "owner_descr": "BLM",
        "state": "UT",
        "county": null,
        "fips_code": null,
        "fips_name": null,
        "globalid": "{4EF3955A-5002-4F49-8394-A63D89F7D7AD}"
      }
    },
    {
      "type": "Feature",
      "id": 235130,
      "geometry": {
        "type": "Point",
        "coordinates": [
          -112.1677113612635,
          37.13140559043274
        ]
      },
      "properties": {
        "objectid": 235130,
        "fod_id": 239359,
        "fpa_id": "W-8546",
        "source_system_type": "FED",
        "source_system": "DOI-WFMI",
        "nwcg_reporting_agency": "BLM",
        "nwcg_reporting_unit_id": "USUTCCD",
        "nwcg_reporting_unit_name": "Cedar City Field Office",
        "source_reporting_unit": "UTCCD",
        "source_reporting_unit_name": "Cedar City Field Office",
        "local_fire_report_id": null,
        "local_incident_id": null,
        "fire_code": "R357",
        "fire_name": "TELEGRAPH",
        "ics_209_plus_incident_join_id": null,
        "ics_209_plus_complex_join_id": null,
        "mtbs_id": null,
        "mtbs_fire_name": null,
        "complex_name": null,
        "fire_year": 1998,
        "discovery_date": 901411200000,
        "discovery_doy": 207,
        "discovery_time": "1615",
        "nwcg_cause_classification": "Natural",
        "nwcg_general_cause": "Natural",
        "nwcg_cause_age_category": null,
        "cont_date": 901411200000,
        "cont_doy": 207,
        "cont_time": "2000",
        "fire_size": 0.5,
        "fire_size_class": "B",
        "latitude": 37.1314,
        "longitude": -112.1677,
        "owner_descr": "BLM",
        "state": "UT",
        "county": null,
        "fips_code": null,
        "fips_name": null,
        "globalid": "{417C9F47-337A-44F1-9842-D1E62A225431}"
      }
    },
    {
      "type": "Feature",
      "id": 235131,
      "geometry": {
        "type": "Point",
        "coordinates": [
          -112.10491134166575,
          37.061105585852005
        ]
      },
      "properties": {
        "objectid": 235131,
        "fod_id": 239360,
        "fpa_id": "W-8550",
        "source_system_type": "FED",
        "source_system": "DOI-WFMI",
        "nwcg_reporting_agency": "BLM",
        "nwcg_reporting_unit_id": "USUTCCD",
        "nwcg_reporting_unit_name": "Cedar City Field Office",
        "source_reporting_unit": "UTCCD",
        "source_reporting_unit_name": "Cedar City Field Office",
        "local_fire_report_id": null,
        "local_incident_id": null,
        "fire_code": "R361",
        "fire_name": "EAGLE EYE",
        "ics_209_plus_incident_join_id": null,
        "ics_209_plus_complex_join_id": null,
        "mtbs_id": null,
        "mtbs_fire_name": null,
        "complex_name": null,
        "fire_year": 1998,
        "discovery_date": 901411200000,
        "discovery_doy": 207,
        "discovery_time": "2130",
        "nwcg_cause_classification": "Natural",
        "nwcg_general_cause": "Natural",
        "nwcg_cause_age_category": null,
        "cont_date": 901497600000,
        "cont_doy": 208,
        "cont_time": "1230",
        "fire_size": 0.1,
        "fire_size_class": "A",
        "latitude": 37.0611,
        "longitude": -112.1049,
        "owner_descr": "BLM",
        "state": "UT",
        "county": null,
        "fips_code": null,
        "fips_name": null,
        "globalid": "{99774778-6325-4240-8658-11FE9C8C792F}"
      }
    },
    {
      "type": "Feature",
      "id": 235132,
      "geometry": {
        "type": "Point",
        "coordinates": [
          -112.10321134888328,
          37.13500559511737
        ]
      },
      "properties": {
        "objectid": 235132,
        "fod_id": 239361,
        "fpa_id": "W-8551",
        "source_system_type": "FED",
        "source_system": "DOI-WFMI",
        "nwcg_reporting_agency": "BLM",
        "nwcg_reporting_unit_id": "USUTCCD",
        "nwcg_reporting_unit_name": "Cedar City Field Office",
        "source_reporting_unit": "UTCCD",
        "source_reporting_unit_name": "Cedar City Field Office",
        "local_fire_report_id": null,
        "local_incident_id": null,
        "fire_code": "R362",
        "fire_name": "SAM",
        "ics_209_plus_incident_join_id": null,
        "ics_209_plus_complex_join_id": null,
        "mtbs_id": "UT3765611401819980720",
        "mtbs_fire_name": "SAM/ELY NV",
        "complex_name": null,
        "fire_year": 1998,
        "discovery_date": 901497600000,
        "discovery_doy": 208,
        "discovery_time": "1814",
        "nwcg_cause_classification": "Natural",
        "nwcg_general_cause": "Natural",
        "nwcg_cause_age_category": null,
        "cont_date": 901670400000,
        "cont_doy": 210,
        "cont_time": "1800",
        "fire_size": 414,
        "fire_size_class": "E",
        "latitude": 37.135,
        "longitude": -112.1032,
        "owner_descr": "BLM",
        "state": "UT",
        "county": null,
        "fips_code": null,
        "fips_name": null,
        "globalid": "{A8B5975B-80DD-447A-8F71-93EA027819EF}"
      }
    },
    {
      "type": "Feature",
      "id": 235133,
      "geometry": {
        "type": "Point",
        "coordinates": [
          -112.0644113380523,
          37.10420559384959
        ]
      },
      "properties": {
        "objectid": 235133,
        "fod_id": 239362,
        "fpa_id": "W-8552",
        "source_system_type": "FED",
        "source_system": "DOI-WFMI",
        "nwcg_reporting_agency": "BLM",
        "nwcg_reporting_unit_id": "USUTCCD",
        "nwcg_reporting_unit_name": "Cedar City Field Office",
        "source_reporting_unit": "UTCCD",
        "source_reporting_unit_name": "Cedar City Field Office",
        "local_fire_report_id": null,
        "local_incident_id": null,
        "fire_code": "R363",
        "fire_name": "BUCKSKIN",
        "ics_209_plus_incident_join_id": null,
        "ics_209_plus_complex_join_id": null,
        "mtbs_id": "UT3709311205519980728",
        "mtbs_fire_name": "BUCKSKIN",
        "complex_name": null,
        "fire_year": 1998,
        "discovery_date": 901584000000,
        "discovery_doy": 209,
        "discovery_time": "1430",
        "nwcg_cause_classification": "Natural",
        "nwcg_general_cause": "Natural",
        "nwcg_cause_age_category": null,
        "cont_date": 901929600000,
        "cont_doy": 213,
        "cont_time": "1800",
        "fire_size": 1110,
        "fire_size_class": "F",
        "latitude": 37.1042,
        "longitude": -112.0644,
        "owner_descr": "BLM",
        "state": "UT",
        "county": null,
        "fips_code": null,
        "fips_name": null,
        "globalid": "{5F144FB6-3DEE-4E4A-8E14-87CD998865E8}"
      }
    },
    {
      "type": "Feature",
      "id": 235135,
      "geometry": {
        "type": "Point",
        "coordinates": [
          -112.11961136164706,
          37.227505605465446
        ]
      },
      "properties": {
        "objectid": 235135,
        "fod_id": 239364,
        "fpa_id": "W-8554",
        "source_system_type": "FED",
        "source_system": "DOI-WFMI",
        "nwcg_reporting_agency": "BLM",
        "nwcg_reporting_unit_id": "USUTCCD",
        "nwcg_reporting_unit_name": "Cedar City Field Office",
        "source_reporting_unit": "UTCCD",
        "source_reporting_unit_name": "Cedar City Field Office",
        "local_fire_report_id": null,
        "local_incident_id": null,
        "fire_code": "R365",
        "fire_name": "MIDNIGHT",
        "ics_209_plus_incident_join_id": null,
        "ics_209_plus_complex_join_id": null,
        "mtbs_id": null,
        "mtbs_fire_name": null,
        "complex_name": null,
        "fire_year": 1998,
        "discovery_date": 901670400000,
        "discovery_doy": 210,
        "discovery_time": "1630",
        "nwcg_cause_classification": "Human",
        "nwcg_general_cause": "Debris and open burning",
        "nwcg_cause_age_category": null,
        "cont_date": 901670400000,
        "cont_doy": 210,
        "cont_time": "1810",
        "fire_size": 0.2,
        "fire_size_class": "A",
        "latitude": 37.2275,
        "longitude": -112.1196,
        "owner_descr": "BLM",
        "state": "UT",
        "county": null,
        "fips_code": null,
        "fips_name": null,
        "globalid": "{F616A9B6-1A49-43DC-8C55-23E6B5166DE3}"
      }
    },
    {
      "type": "Feature",
      "id": 235136,
      "geometry": {
        "type": "Point",
        "coordinates": [
          -112.11711136170014,
          37.23280560628437
        ]
      },
      "properties": {
        "objectid": 235136,
        "fod_id": 239365,
        "fpa_id": "W-8555",
        "source_system_type": "FED",
        "source_system": "DOI-WFMI",
        "nwcg_reporting_agency": "BLM",
        "nwcg_reporting_unit_id": "USUTCCD",
        "nwcg_reporting_unit_name": "Cedar City Field Office",
        "source_reporting_unit": "UTCCD",
        "source_reporting_unit_name": "Cedar City Field Office",
        "local_fire_report_id": null,
        "local_incident_id": null,
        "fire_code": "R366",
        "fire_name": "BOX ELDR1",
        "ics_209_plus_incident_join_id": null,
        "ics_209_plus_complex_join_id": null,
        "mtbs_id": null,
        "mtbs_fire_name": null,
        "complex_name": null,
        "fire_year": 1998,
        "discovery_date": 901670400000,
        "discovery_doy": 210,
        "discovery_time": "1640",
        "nwcg_cause_classification": "Human",
        "nwcg_general_cause": "Debris and open burning",
        "nwcg_cause_age_category": null,
        "cont_date": 901670400000,
        "cont_doy": 210,
        "cont_time": "1900",
        "fire_size": 5,
        "fire_size_class": "B",
        "latitude": 37.2328,
        "longitude": -112.1171,
        "owner_descr": "BLM",
        "state": "UT",
        "county": null,
        "fips_code": null,
        "fips_name": null,
        "globalid": "{6E5EEE3A-B43B-4184-98DE-A2E1C52AFD39}"
      }
    },
    {
      "type": "Feature",
      "id": 235137,
      "geometry": {
        "type": "Point",
        "coordinates": [
          -112.1182113618867,
          37.2325056061747
        ]
      },
      "properties": {
        "objectid": 235137,
        "fod_id": 239366,
        "fpa_id": "W-8556",
        "source_system_type": "FED",
        "source_system": "DOI-WFMI",
        "nwcg_reporting_agency": "BLM",
        "nwcg_reporting_unit_id": "USUTCCD",
        "nwcg_reporting_unit_name": "Cedar City Field Office",
        "source_reporting_unit": "UTCCD",
        "source_reporting_unit_name": "Cedar City Field Office",
        "local_fire_report_id": null,
        "local_incident_id": null,
        "fire_code": "R367",
        "fire_name": "BOX ELDR2",
        "ics_209_plus_incident_join_id": null,
        "ics_209_plus_complex_join_id": null,
        "mtbs_id": null,
        "mtbs_fire_name": null,
        "complex_name": null,
        "fire_year": 1998,
        "discovery_date": 901670400000,
        "discovery_doy": 210,
        "discovery_time": "1640",
        "nwcg_cause_classification": "Human",
        "nwcg_general_cause": "Debris and open burning",
        "nwcg_cause_age_category": null,
        "cont_date": 901670400000,
        "cont_doy": 210,
        "cont_time": "1900",
        "fire_size": 1,
        "fire_size_class": "B",
        "latitude": 37.2325,
        "longitude": -112.1182,
        "owner_descr": "BLM",
        "state": "UT",
        "county": null,
        "fips_code": null,
        "fips_name": null,
        "globalid": "{03881F2F-40FC-4A4F-B938-09448A0FC22A}"
      }
    },
    {
      "type": "Feature",
      "id": 235190,
      "geometry": {
        "type": "Point",
        "coordinates": [
          -112.13259135375299,
          37.12583559205246
        ]
      },
      "properties": {
        "objectid": 235190,
        "fod_id": 239422,
        "fpa_id": "W-2426",
        "source_system_type": "FED",
        "source_system": "DOI-WFMI",
        "nwcg_reporting_agency": "BLM",
        "nwcg_reporting_unit_id": "USUTCCD",
        "nwcg_reporting_unit_name": "Cedar City Field Office",
        "source_reporting_unit": "UTCCD",
        "source_reporting_unit_name": "Cedar City Field Office",
        "local_fire_report_id": null,
        "local_incident_id": null,
        "fire_code": "W236",
        "fire_name": "FAT CAT",
        "ics_209_plus_incident_join_id": null,
        "ics_209_plus_complex_join_id": null,
        "mtbs_id": null,
        "mtbs_fire_name": null,
        "complex_name": null,
        "fire_year": 1999,
        "discovery_date": 927936000000,
        "discovery_doy": 149,
        "discovery_time": "1000",
        "nwcg_cause_classification": "Natural",
        "nwcg_general_cause": "Natural",
        "nwcg_cause_age_category": null,
        "cont_date": 927936000000,
        "cont_doy": 149,
        "cont_time": "1600",
        "fire_size": 0.1,
        "fire_size_class": "A",
        "latitude": 37.12583,
        "longitude": -112.13257999999999,
        "owner_descr": "BLM",
        "state": "UT",
        "county": "Garfield",
        "fips_code": "49017",
        "fips_name": "Garfield County",
        "globalid": "{D1B6283F-58BB-407B-9D03-6592DA680DFC}"
      }
    },
    {
      "type": "Feature",
      "id": 235191,
      "geometry": {
        "type": "Point",
        "coordinates": [
          -112.07171134329704,
          37.14131559796866
        ]
      },
      "properties": {
        "objectid": 235191,
        "fod_id": 239423,
        "fpa_id": "W-2417",
        "source_system_type": "FED",
        "source_system": "DOI-WFMI",
        "nwcg_reporting_agency": "BLM",
        "nwcg_reporting_unit_id": "USUTCCD",
        "nwcg_reporting_unit_name": "Cedar City Field Office",
        "source_reporting_unit": "UTCCD",
        "source_reporting_unit_name": "Cedar City Field Office",
        "local_fire_report_id": null,
        "local_incident_id": null,
        "fire_code": "W231",
        "fire_name": "BUCKSKIN 1",
        "ics_209_plus_incident_join_id": null,
        "ics_209_plus_complex_join_id": null,
        "mtbs_id": null,
        "mtbs_fire_name": null,
        "complex_name": null,
        "fire_year": 1999,
        "discovery_date": 927936000000,
        "discovery_doy": 149,
        "discovery_time": "1600",
        "nwcg_cause_classification": "Natural",
        "nwcg_general_cause": "Natural",
        "nwcg_cause_age_category": null,
        "cont_date": 927936000000,
        "cont_doy": 149,
        "cont_time": "2100",
        "fire_size": 0.1,
        "fire_size_class": "A",
        "latitude": 37.141310000000004,
        "longitude": -112.0717,
        "owner_descr": "BLM",
        "state": "UT",
        "county": "Garfield",
        "fips_code": "49017",
        "fips_name": "Garfield County",
        "globalid": "{76FB86B3-308C-4B9B-870E-755DC15EED27}"
      }
    },
    {
      "type": "Feature",
      "id": 235192,
      "geometry": {
        "type": "Point",
        "coordinates": [
          -112.11491135509962,
          37.173005599046576
        ]
      },
      "properties": {
        "objectid": 235192,
        "fod_id": 239424,
        "fpa_id": "W-2392",
        "source_system_type": "FED",
        "source_system": "DOI-WFMI",
        "nwcg_reporting_agency": "BLM",
        "nwcg_reporting_unit_id": "USUTCCD",
        "nwcg_reporting_unit_name": "Cedar City Field Office",
        "source_reporting_unit": "UTCCD",
        "source_reporting_unit_name": "Cedar City Field Office",
        "local_fire_report_id": null,
        "local_incident_id": null,
        "fire_code": "W230",
        "fire_name": "MP 35",
        "ics_209_plus_incident_join_id": null,
        "ics_209_plus_complex_join_id": null,
        "mtbs_id": null,
        "mtbs_fire_name": null,
        "complex_name": null,
        "fire_year": 1999,
        "discovery_date": 927936000000,
        "discovery_doy": 149,
        "discovery_time": "1600",
        "nwcg_cause_classification": "Natural",
        "nwcg_general_cause": "Natural",
        "nwcg_cause_age_category": null,
        "cont_date": 927936000000,
        "cont_doy": 149,
        "cont_time": "1900",
        "fire_size": 0.1,
        "fire_size_class": "A",
        "latitude": 37.173,
        "longitude": -112.1149,
        "owner_descr": "BLM",
        "state": "UT",
        "county": "Kane",
        "fips_code": "49025",
        "fips_name": "Kane County",
        "globalid": "{907846E6-BE58-48E9-A8EC-CBED3B5D4AA2}"
      }
    },
    {
      "type": "Feature",
      "id": 235193,
      "geometry": {
        "type": "Point",
        "coordinates": [
          -112.14206135457987,
          37.11563559016898
        ]
      },
      "properties": {
        "objectid": 235193,
        "fod_id": 239425,
        "fpa_id": "W-2419",
        "source_system_type": "FED",
        "source_system": "DOI-WFMI",
        "nwcg_reporting_agency": "BLM",
        "nwcg_reporting_unit_id": "USUTCCD",
        "nwcg_reporting_unit_name": "Cedar City Field Office",
        "source_reporting_unit": "UTCCD",
        "source_reporting_unit_name": "Cedar City Field Office",
        "local_fire_report_id": null,
        "local_incident_id": null,
        "fire_code": "W233",
        "fire_name": "BUCKSKIN 2",
        "ics_209_plus_incident_join_id": null,
        "ics_209_plus_complex_join_id": null,
        "mtbs_id": null,
        "mtbs_fire_name": null,
        "complex_name": null,
        "fire_year": 1999,
        "discovery_date": 927936000000,
        "discovery_doy": 149,
        "discovery_time": "1600",
        "nwcg_cause_classification": "Natural",
        "nwcg_general_cause": "Natural",
        "nwcg_cause_age_category": null,
        "cont_date": 927936000000,
        "cont_doy": 149,
        "cont_time": "2230",
        "fire_size": 0.1,
        "fire_size_class": "A",
        "latitude": 37.11563,
        "longitude": -112.14205,
        "owner_descr": "BLM",
        "state": "UT",
        "county": "Garfield",
        "fips_code": "49017",
        "fips_name": "Garfield County",
        "globalid": "{9E0AE283-BECA-4795-B957-4651CEA6BD8E}"
      }
    },
    {
      "type": "Feature",
      "id": 235194,
      "geometry": {
        "type": "Point",
        "coordinates": [
          -112.15125135802711,
          37.13155559153331
        ]
      },
      "properties": {
        "objectid": 235194,
        "fod_id": 239426,
        "fpa_id": "W-2418",
        "source_system_type": "FED",
        "source_system": "DOI-WFMI",
        "nwcg_reporting_agency": "BLM",
        "nwcg_reporting_unit_id": "USUTCCD",
        "nwcg_reporting_unit_name": "Cedar City Field Office",
        "source_reporting_unit": "UTCCD",
        "source_reporting_unit_name": "Cedar City Field Office",
        "local_fire_report_id": null,
        "local_incident_id": null,
        "fire_code": "W232",
        "fire_name": "TELEGRAPH",
        "ics_209_plus_incident_join_id": null,
        "ics_209_plus_complex_join_id": null,
        "mtbs_id": null,
        "mtbs_fire_name": null,
        "complex_name": null,
        "fire_year": 1999,
        "discovery_date": 927936000000,
        "discovery_doy": 149,
        "discovery_time": "1600",
        "nwcg_cause_classification": "Natural",
        "nwcg_general_cause": "Natural",
        "nwcg_cause_age_category": null,
        "cont_date": 927936000000,
        "cont_doy": 149,
        "cont_time": "1930",
        "fire_size": 0.1,
        "fire_size_class": "A",
        "latitude": 37.131550000000004,
        "longitude": -112.15124,
        "owner_descr": "BLM",
        "state": "UT",
        "county": "Garfield",
        "fips_code": "49017",
        "fips_name": "Garfield County",
        "globalid": "{6CDD3307-BF39-4741-AFB9-B975539B6A35}"
      }
    },
    {
      "type": "Feature",
      "id": 235198,
      "geometry": {
        "type": "Point",
        "coordinates": [
          -112.0273613318776,
          37.115575597690196
        ]
      },
      "properties": {
        "objectid": 235198,
        "fod_id": 239430,
        "fpa_id": "W-2495",
        "source_system_type": "FED",
        "source_system": "DOI-WFMI",
        "nwcg_reporting_agency": "BLM",
        "nwcg_reporting_unit_id": "USUTCCD",
        "nwcg_reporting_unit_name": "Cedar City Field Office",
        "source_reporting_unit": "UTCCD",
        "source_reporting_unit_name": "Cedar City Field Office",
        "local_fire_report_id": null,
        "local_incident_id": null,
        "fire_code": "W242",
        "fire_name": "FIVE MILE",
        "ics_209_plus_incident_join_id": null,
        "ics_209_plus_complex_join_id": null,
        "mtbs_id": null,
        "mtbs_fire_name": null,
        "complex_name": null,
        "fire_year": 1999,
        "discovery_date": 929491200000,
        "discovery_doy": 167,
        "discovery_time": "0930",
        "nwcg_cause_classification": "Natural",
        "nwcg_general_cause": "Natural",
        "nwcg_cause_age_category": null,
        "cont_date": 929577600000,
        "cont_doy": 168,
        "cont_time": "0800",
        "fire_size": 22,
        "fire_size_class": "C",
        "latitude": 37.11557,
        "longitude": -112.02735,
        "owner_descr": "BLM",
        "state": "UT",
        "county": "Kane",
        "fips_code": "49025",
        "fips_name": "Kane County",
        "globalid": "{773284BF-931B-4CC8-A07D-04FB9A334C46}"
      }
    },
    {
      "type": "Feature",
      "id": 235199,
      "geometry": {
        "type": "Point",
        "coordinates": [
          -112.0107613294373,
          37.12387559980945
        ]
      },
      "properties": {
        "objectid": 235199,
        "fod_id": 239431,
        "fpa_id": "W-2519",
        "source_system_type": "FED",
        "source_system": "DOI-WFMI",
        "nwcg_reporting_agency": "BLM",
        "nwcg_reporting_unit_id": "USUTCCD",
        "nwcg_reporting_unit_name": "Cedar City Field Office",
        "source_reporting_unit": "UTCCD",
        "source_reporting_unit_name": "Cedar City Field Office",
        "local_fire_report_id": null,
        "local_incident_id": null,
        "fire_code": "W243",
        "fire_name": "TOWER",
        "ics_209_plus_incident_join_id": null,
        "ics_209_plus_complex_join_id": null,
        "mtbs_id": null,
        "mtbs_fire_name": null,
        "complex_name": null,
        "fire_year": 1999,
        "discovery_date": 929491200000,
        "discovery_doy": 167,
        "discovery_time": "1030",
        "nwcg_cause_classification": "Natural",
        "nwcg_general_cause": "Natural",
        "nwcg_cause_age_category": null,
        "cont_date": 929491200000,
        "cont_doy": 167,
        "cont_time": "2000",
        "fire_size": 0.1,
        "fire_size_class": "A",
        "latitude": 37.123870000000004,
        "longitude": -112.01075,
        "owner_descr": "BLM",
        "state": "UT",
        "county": "Kane",
        "fips_code": "49025",
        "fips_name": "Kane County",
        "globalid": "{7BDEB6FE-621B-4419-8D5A-AAE9EDE29347}"
      }
    },
    {
      "type": "Feature",
      "id": 235201,
      "geometry": {
        "type": "Point",
        "coordinates": [
          -111.98686132831409,
          37.15915560575724
        ]
      },
      "properties": {
        "objectid": 235201,
        "fod_id": 239433,
        "fpa_id": "W-2523",
        "source_system_type": "FED",
        "source_system": "DOI-WFMI",
        "nwcg_reporting_agency": "BLM",
        "nwcg_reporting_unit_id": "USUTCCD",
        "nwcg_reporting_unit_name": "Cedar City Field Office",
        "source_reporting_unit": "UTCCD",
        "source_reporting_unit_name": "Cedar City Field Office",
        "local_fire_report_id": null,
        "local_incident_id": null,
        "fire_code": "W245",
        "fire_name": "MADRID",
        "ics_209_plus_incident_join_id": null,
        "ics_209_plus_complex_join_id": null,
        "mtbs_id": null,
        "mtbs_fire_name": null,
        "complex_name": null,
        "fire_year": 1999,
        "discovery_date": 929491200000,
        "discovery_doy": 167,
        "discovery_time": "1701",
        "nwcg_cause_classification": "Natural",
        "nwcg_general_cause": "Natural",
        "nwcg_cause_age_category": null,
        "cont_date": 929577600000,
        "cont_doy": 168,
        "cont_time": "1000",
        "fire_size": 5.1,
        "fire_size_class": "B",
        "latitude": 37.159150000000004,
        "longitude": -111.98685,
        "owner_descr": "BLM",
        "state": "UT",
        "county": "Kane",
        "fips_code": "49025",
        "fips_name": "Kane County",
        "globalid": "{E301D6E8-D910-4824-8F49-B12B283FDEAF}"
      }
    },
    {
      "type": "Feature",
      "id": 235204,
      "geometry": {
        "type": "Point",
        "coordinates": [
          -111.97122132846002,
          37.19077561070856
        ]
      },
      "properties": {
        "objectid": 235204,
        "fod_id": 239437,
        "fpa_id": "W-2554",
        "source_system_type": "FED",
        "source_system": "DOI-WFMI",
        "nwcg_reporting_agency": "BLM",
        "nwcg_reporting_unit_id": "USUTCCD",
        "nwcg_reporting_unit_name": "Cedar City Field Office",
        "source_reporting_unit": "UTCCD",
        "source_reporting_unit_name": "Cedar City Field Office",
        "local_fire_report_id": null,
        "local_incident_id": null,
        "fire_code": "W248",
        "fire_name": "BLACK GNAT",
        "ics_209_plus_incident_join_id": null,
        "ics_209_plus_complex_join_id": null,
        "mtbs_id": null,
        "mtbs_fire_name": null,
        "complex_name": null,
        "fire_year": 1999,
        "discovery_date": 929577600000,
        "discovery_doy": 168,
        "discovery_time": "1400",
        "nwcg_cause_classification": "Natural",
        "nwcg_general_cause": "Natural",
        "nwcg_cause_age_category": null,
        "cont_date": 929577600000,
        "cont_doy": 168,
        "cont_time": "1800",
        "fire_size": 0.1,
        "fire_size_class": "A",
        "latitude": 37.19077,
        "longitude": -111.97121,
        "owner_descr": "BLM",
        "state": "UT",
        "county": "Kane",
        "fips_code": "49025",
        "fips_name": "Kane County",
        "globalid": "{E83FACDD-1BF4-4512-A773-775799925A6B}"
      }
    },
    {
      "type": "Feature",
      "id": 235207,
      "geometry": {
        "type": "Point",
        "coordinates": [
          -112.15835135322499,
          37.07089558356522
        ]
      },
      "properties": {
        "objectid": 235207,
        "fod_id": 239440,
        "fpa_id": "W-2572",
        "source_system_type": "FED",
        "source_system": "DOI-WFMI",
        "nwcg_reporting_agency": "BLM",
        "nwcg_reporting_unit_id": "USUTCCD",
        "nwcg_reporting_unit_name": "Cedar City Field Office",
        "source_reporting_unit": "UTCCD",
        "source_reporting_unit_name": "Cedar City Field Office",
        "local_fire_report_id": null,
        "local_incident_id": null,
        "fire_code": "W251",
        "fire_name": "OLD HWY 89",
        "ics_209_plus_incident_join_id": null,
        "ics_209_plus_complex_join_id": null,
        "mtbs_id": null,
        "mtbs_fire_name": null,
        "complex_name": null,
        "fire_year": 1999,
        "discovery_date": 929664000000,
        "discovery_doy": 169,
        "discovery_time": "1730",
        "nwcg_cause_classification": "Natural",
        "nwcg_general_cause": "Natural",
        "nwcg_cause_age_category": null,
        "cont_date": 929664000000,
        "cont_doy": 169,
        "cont_time": "1830",
        "fire_size": 0.1,
        "fire_size_class": "A",
        "latitude": 37.07089,
        "longitude": -112.15834,
        "owner_descr": "BLM",
        "state": "UT",
        "county": "Kane",
        "fips_code": "49025",
        "fips_name": "Kane County",
        "globalid": "{C5867A58-A16A-44CA-81F6-9AEC49DAFE47}"
      }
    },
    {
      "type": "Feature",
      "id": 235208,
      "geometry": {
        "type": "Point",
        "coordinates": [
          -112.13607134761,
          37.058995583550754
        ]
      },
      "properties": {
        "objectid": 235208,
        "fod_id": 239441,
        "fpa_id": "W-2573",
        "source_system_type": "FED",
        "source_system": "DOI-WFMI",
        "nwcg_reporting_agency": "BLM",
        "nwcg_reporting_unit_id": "USUTCCD",
        "nwcg_reporting_unit_name": "Cedar City Field Office",
        "source_reporting_unit": "UTCCD",
        "source_reporting_unit_name": "Cedar City Field Office",
        "local_fire_report_id": null,
        "local_incident_id": null,
        "fire_code": "W252",
        "fire_name": "EAGLE SINK",
        "ics_209_plus_incident_join_id": null,
        "ics_209_plus_complex_join_id": null,
        "mtbs_id": null,
        "mtbs_fire_name": null,
        "complex_name": null,
        "fire_year": 1999,
        "discovery_date": 929750400000,
        "discovery_doy": 170,
        "discovery_time": "1220",
        "nwcg_cause_classification": "Natural",
        "nwcg_general_cause": "Natural",
        "nwcg_cause_age_category": null,
        "cont_date": 929750400000,
        "cont_doy": 170,
        "cont_time": "1354",
        "fire_size": 0.1,
        "fire_size_class": "A",
        "latitude": 37.05899,
        "longitude": -112.13606,
        "owner_descr": "BLM",
        "state": "UT",
        "county": "Kane",
        "fips_code": "49025",
        "fips_name": "Kane County",
        "globalid": "{303FBCE2-15B5-41D1-8E76-E7E467882475}"
      }
    },
    {
      "type": "Feature",
      "id": 343390,
      "geometry": {
        "type": "Point",
        "coordinates": [
          -111.85571129666324,
          37.104405607549985
        ]
      },
      "properties": {
        "objectid": 343390,
        "fod_id": 352199,
        "fpa_id": "W-94374",
        "source_system_type": "FED",
        "source_system": "DOI-WFMI",
        "nwcg_reporting_agency": "BLM",
        "nwcg_reporting_unit_id": "USUTCCD",
        "nwcg_reporting_unit_name": "Cedar City Field Office",
        "source_reporting_unit": "UTCCD",
        "source_reporting_unit_name": "Cedar City Field Office",
        "local_fire_report_id": null,
        "local_incident_id": null,
        "fire_code": "R271",
        "fire_name": "LIZ FIRE",
        "ics_209_plus_incident_join_id": null,
        "ics_209_plus_complex_join_id": null,
        "mtbs_id": null,
        "mtbs_fire_name": null,
        "complex_name": null,
        "fire_year": 2000,
        "discovery_date": 959904000000,
        "discovery_doy": 154,
        "discovery_time": "0940",
        "nwcg_cause_classification": "Human",
        "nwcg_general_cause": "Arson/incendiarism",
        "nwcg_cause_age_category": null,
        "cont_date": 959990400000,
        "cont_doy": 155,
        "cont_time": "1200",
        "fire_size": 0.2,
        "fire_size_class": "A",
        "latitude": 37.1044,
        "longitude": -111.8557,
        "owner_descr": "BLM",
        "state": "UT",
        "county": "Kane",
        "fips_code": "49025",
        "fips_name": "Kane County",
        "globalid": "{778289F7-704E-42F7-8A88-4A61744CAE3A}"
      }
    },
    {
      "type": "Feature",
      "id": 343405,
      "geometry": {
        "type": "Point",
        "coordinates": [
          -111.88553130251326,
          37.103635605501516
        ]
      },
      "properties": {
        "objectid": 343405,
        "fod_id": 352214,
        "fpa_id": "W-96297",
        "source_system_type": "FED",
        "source_system": "DOI-WFMI",
        "nwcg_reporting_agency": "BLM",
        "nwcg_reporting_unit_id": "USUTCCD",
        "nwcg_reporting_unit_name": "Cedar City Field Office",
        "source_reporting_unit": "UTCCD",
        "source_reporting_unit_name": "Cedar City Field Office",
        "local_fire_report_id": null,
        "local_incident_id": null,
        "fire_code": "R288",
        "fire_name": "SHELLEY",
        "ics_209_plus_incident_join_id": null,
        "ics_209_plus_complex_join_id": null,
        "mtbs_id": null,
        "mtbs_fire_name": null,
        "complex_name": null,
        "fire_year": 2000,
        "discovery_date": 961977600000,
        "discovery_doy": 178,
        "discovery_time": "1026",
        "nwcg_cause_classification": "Human",
        "nwcg_general_cause": "Arson/incendiarism",
        "nwcg_cause_age_category": null,
        "cont_date": 961977600000,
        "cont_doy": 178,
        "cont_time": "2359",
        "fire_size": 0.1,
        "fire_size_class": "A",
        "latitude": 37.10363,
        "longitude": -111.88552,
        "owner_descr": "BLM",
        "state": "UT",
        "county": "Kane",
        "fips_code": "49025",
        "fips_name": "Kane County",
        "globalid": "{205D3524-8E04-4A54-9CC9-644517FF1CB4}"
      }
    },
    {
      "type": "Feature",
      "id": 343426,
      "geometry": {
        "type": "Point",
        "coordinates": [
          -112.12852135700342,
          37.165345597203924
        ]
      },
      "properties": {
        "objectid": 343426,
        "fod_id": 352235,
        "fpa_id": "W-97394",
        "source_system_type": "FED",
        "source_system": "DOI-WFMI",
        "nwcg_reporting_agency": "BLM",
        "nwcg_reporting_unit_id": "USUTCCD",
        "nwcg_reporting_unit_name": "Cedar City Field Office",
        "source_reporting_unit": "UTCCD",
        "source_reporting_unit_name": "Cedar City Field Office",
        "local_fire_report_id": null,
        "local_incident_id": null,
        "fire_code": "R311",
        "fire_name": "SCALES",
        "ics_209_plus_incident_join_id": null,
        "ics_209_plus_complex_join_id": null,
        "mtbs_id": null,
        "mtbs_fire_name": null,
        "complex_name": null,
        "fire_year": 2000,
        "discovery_date": 962409600000,
        "discovery_doy": 183,
        "discovery_time": "0830",
        "nwcg_cause_classification": "Natural",
        "nwcg_general_cause": "Natural",
        "nwcg_cause_age_category": null,
        "cont_date": 962582400000,
        "cont_doy": 185,
        "cont_time": "2359",
        "fire_size": 0.5,
        "fire_size_class": "B",
        "latitude": 37.16534,
        "longitude": -112.12851,
        "owner_descr": "BLM",
        "state": "UT",
        "county": "Kane",
        "fips_code": "49025",
        "fips_name": "Kane County",
        "globalid": "{66CA4AEE-3324-4909-97B7-86D0DB3BFAFD}"
      }
    },
    {
      "type": "Feature",
      "id": 343433,
      "geometry": {
        "type": "Point",
        "coordinates": [
          -111.97702132362333,
          37.13243560308662
        ]
      },
      "properties": {
        "objectid": 343433,
        "fod_id": 352242,
        "fpa_id": "W-99202",
        "source_system_type": "FED",
        "source_system": "DOI-WFMI",
        "nwcg_reporting_agency": "BLM",
        "nwcg_reporting_unit_id": "USUTCCD",
        "nwcg_reporting_unit_name": "Cedar City Field Office",
        "source_reporting_unit": "UTCCD",
        "source_reporting_unit_name": "Cedar City Field Office",
        "local_fire_report_id": null,
        "local_incident_id": null,
        "fire_code": "R318",
        "fire_name": "COCKSCOMB",
        "ics_209_plus_incident_join_id": null,
        "ics_209_plus_complex_join_id": null,
        "mtbs_id": null,
        "mtbs_fire_name": null,
        "complex_name": null,
        "fire_year": 2000,
        "discovery_date": 962755200000,
        "discovery_doy": 187,
        "discovery_time": "1609",
        "nwcg_cause_classification": "Human",
        "nwcg_general_cause": "Missing data/not specified/undetermined",
        "nwcg_cause_age_category": null,
        "cont_date": 962841600000,
        "cont_doy": 188,
        "cont_time": "1630",
        "fire_size": 15,
        "fire_size_class": "C",
        "latitude": 37.13243,
        "longitude": -111.97701,
        "owner_descr": "BLM",
        "state": "UT",
        "county": "Kane",
        "fips_code": "49025",
        "fips_name": "Kane County",
        "globalid": "{77A86878-36BF-40F3-96C2-9426C2B1653D}"
      }
    },
    {
      "type": "Feature",
      "id": 343530,
      "geometry": {
        "type": "Point",
        "coordinates": [
          -112.08494134243647,
          37.1073455928921
        ]
      },
      "properties": {
        "objectid": 343530,
        "fod_id": 352340,
        "fpa_id": "W-98232",
        "source_system_type": "FED",
        "source_system": "DOI-WFMI",
        "nwcg_reporting_agency": "BLM",
        "nwcg_reporting_unit_id": "USUTCCD",
        "nwcg_reporting_unit_name": "Cedar City Field Office",
        "source_reporting_unit": "UTCCD",
        "source_reporting_unit_name": "Cedar City Field Office",
        "local_fire_report_id": null,
        "local_incident_id": null,
        "fire_code": "R355",
        "fire_name": "NO TRESPAS",
        "ics_209_plus_incident_join_id": null,
        "ics_209_plus_complex_join_id": null,
        "mtbs_id": null,
        "mtbs_fire_name": null,
        "complex_name": null,
        "fire_year": 2000,
        "discovery_date": 966211200000,
        "discovery_doy": 227,
        "discovery_time": "1740",
        "nwcg_cause_classification": "Natural",
        "nwcg_general_cause": "Natural",
        "nwcg_cause_age_category": null,
        "cont_date": 966297600000,
        "cont_doy": 228,
        "cont_time": "1900",
        "fire_size": 0.1,
        "fire_size_class": "A",
        "latitude": 37.10734,
        "longitude": -112.08493,
        "owner_descr": "BLM",
        "state": "UT",
        "county": "Kane",
        "fips_code": "49025",
        "fips_name": "Kane County",
        "globalid": "{D8053DE6-031D-458D-93C9-0F7F218E98C7}"
      }
    },
    {
      "type": "Feature",
      "id": 343531,
      "geometry": {
        "type": "Point",
        "coordinates": [
          -112.15733135358384,
          37.076385584311446
        ]
      },
      "properties": {
        "objectid": 343531,
        "fod_id": 352341,
        "fpa_id": "W-98908",
        "source_system_type": "FED",
        "source_system": "DOI-WFMI",
        "nwcg_reporting_agency": "BLM",
        "nwcg_reporting_unit_id": "USUTCCD",
        "nwcg_reporting_unit_name": "Cedar City Field Office",
        "source_reporting_unit": "UTCCD",
        "source_reporting_unit_name": "Cedar City Field Office",
        "local_fire_report_id": null,
        "local_incident_id": null,
        "fire_code": "W221",
        "fire_name": "WHITE SAGE",
        "ics_209_plus_incident_join_id": null,
        "ics_209_plus_complex_join_id": null,
        "mtbs_id": null,
        "mtbs_fire_name": null,
        "complex_name": null,
        "fire_year": 2000,
        "discovery_date": 966211200000,
        "discovery_doy": 227,
        "discovery_time": "1959",
        "nwcg_cause_classification": "Natural",
        "nwcg_general_cause": "Natural",
        "nwcg_cause_age_category": null,
        "cont_date": 966297600000,
        "cont_doy": 228,
        "cont_time": "1400",
        "fire_size": 0.1,
        "fire_size_class": "A",
        "latitude": 37.07638,
        "longitude": -112.15732000000001,
        "owner_descr": "BLM",
        "state": "UT",
        "county": "Kane",
        "fips_code": "49025",
        "fips_name": "Kane County",
        "globalid": "{73940A8F-2497-4E9E-9997-BB7AAB9D5CC8}"
      }
    },
    {
      "type": "Feature",
      "id": 343532,
      "geometry": {
        "type": "Point",
        "coordinates": [
          -112.0524613367725,
          37.11482559595033
        ]
      },
      "properties": {
        "objectid": 343532,
        "fod_id": 352342,
        "fpa_id": "W-98935",
        "source_system_type": "FED",
        "source_system": "DOI-WFMI",
        "nwcg_reporting_agency": "BLM",
        "nwcg_reporting_unit_id": "USUTCCD",
        "nwcg_reporting_unit_name": "Cedar City Field Office",
        "source_reporting_unit": "UTCCD",
        "source_reporting_unit_name": "Cedar City Field Office",
        "local_fire_report_id": null,
        "local_incident_id": null,
        "fire_code": "W223",
        "fire_name": "3AEARL2",
        "ics_209_plus_incident_join_id": null,
        "ics_209_plus_complex_join_id": null,
        "mtbs_id": null,
        "mtbs_fire_name": null,
        "complex_name": null,
        "fire_year": 2000,
        "discovery_date": 966211200000,
        "discovery_doy": 227,
        "discovery_time": "2000",
        "nwcg_cause_classification": "Natural",
        "nwcg_general_cause": "Natural",
        "nwcg_cause_age_category": null,
        "cont_date": 966297600000,
        "cont_doy": 228,
        "cont_time": "1200",
        "fire_size": 0.1,
        "fire_size_class": "A",
        "latitude": 37.11482,
        "longitude": -112.05245000000001,
        "owner_descr": "BLM",
        "state": "UT",
        "county": "Kane",
        "fips_code": "49025",
        "fips_name": "Kane County",
        "globalid": "{B935F709-83C1-4459-88EE-3A9834F5D42D}"
      }
    },
    {
      "type": "Feature",
      "id": 343533,
      "geometry": {
        "type": "Point",
        "coordinates": [
          -112.0510013382853,
          37.132425598227954
        ]
      },
      "properties": {
        "objectid": 343533,
        "fod_id": 352343,
        "fpa_id": "W-98909",
        "source_system_type": "FED",
        "source_system": "DOI-WFMI",
        "nwcg_reporting_agency": "BLM",
        "nwcg_reporting_unit_id": "USUTCCD",
        "nwcg_reporting_unit_name": "Cedar City Field Office",
        "source_reporting_unit": "UTCCD",
        "source_reporting_unit_name": "Cedar City Field Office",
        "local_fire_report_id": null,
        "local_incident_id": null,
        "fire_code": "W222",
        "fire_name": "3AEARL1",
        "ics_209_plus_incident_join_id": null,
        "ics_209_plus_complex_join_id": null,
        "mtbs_id": null,
        "mtbs_fire_name": null,
        "complex_name": null,
        "fire_year": 2000,
        "discovery_date": 966211200000,
        "discovery_doy": 227,
        "discovery_time": "2200",
        "nwcg_cause_classification": "Natural",
        "nwcg_general_cause": "Natural",
        "nwcg_cause_age_category": null,
        "cont_date": 966297600000,
        "cont_doy": 228,
        "cont_time": "1200",
        "fire_size": 0.1,
        "fire_size_class": "A",
        "latitude": 37.132419999999996,
        "longitude": -112.05099,
        "owner_descr": "BLM",
        "state": "UT",
        "county": "Kane",
        "fips_code": "49025",
        "fips_name": "Kane County",
        "globalid": "{FEB992A1-C43F-4F32-82FC-09639A1755E5}"
      }
    },
    {
      "type": "Feature",
      "id": 343539,
      "geometry": {
        "type": "Point",
        "coordinates": [
          -112.02431133271952,
          37.129705599643394
        ]
      },
      "properties": {
        "objectid": 343539,
        "fod_id": 352350,
        "fpa_id": "W-99113",
        "source_system_type": "FED",
        "source_system": "DOI-WFMI",
        "nwcg_reporting_agency": "BLM",
        "nwcg_reporting_unit_id": "USUTCCD",
        "nwcg_reporting_unit_name": "Cedar City Field Office",
        "source_reporting_unit": "UTCCD",
        "source_reporting_unit_name": "Cedar City Field Office",
        "local_fire_report_id": null,
        "local_incident_id": null,
        "fire_code": "S215",
        "fire_name": "DOG HUGGER",
        "ics_209_plus_incident_join_id": null,
        "ics_209_plus_complex_join_id": null,
        "mtbs_id": null,
        "mtbs_fire_name": null,
        "complex_name": null,
        "fire_year": 2000,
        "discovery_date": 966384000000,
        "discovery_doy": 229,
        "discovery_time": "1200",
        "nwcg_cause_classification": "Natural",
        "nwcg_general_cause": "Natural",
        "nwcg_cause_age_category": null,
        "cont_date": 966384000000,
        "cont_doy": 229,
        "cont_time": "1400",
        "fire_size": 0.1,
        "fire_size_class": "A",
        "latitude": 37.1297,
        "longitude": -112.0243,
        "owner_descr": "BLM",
        "state": "UT",
        "county": "Kane",
        "fips_code": "49025",
        "fips_name": "Kane County",
        "globalid": "{00DCBF69-C420-49A0-80A4-3C8B46DB9AF1}"
      }
    },
    {
      "type": "Feature",
      "id": 343541,
      "geometry": {
        "type": "Point",
        "coordinates": [
          -112.14033135115866,
          37.08552558655703
        ]
      },
      "properties": {
        "objectid": 343541,
        "fod_id": 352352,
        "fpa_id": "W-99047",
        "source_system_type": "FED",
        "source_system": "DOI-WFMI",
        "nwcg_reporting_agency": "BLM",
        "nwcg_reporting_unit_id": "USUTCCD",
        "nwcg_reporting_unit_name": "Cedar City Field Office",
        "source_reporting_unit": "UTCCD",
        "source_reporting_unit_name": "Cedar City Field Office",
        "local_fire_report_id": null,
        "local_incident_id": null,
        "fire_code": "S206",
        "fire_name": "HOT FOOT",
        "ics_209_plus_incident_join_id": null,
        "ics_209_plus_complex_join_id": null,
        "mtbs_id": null,
        "mtbs_fire_name": null,
        "complex_name": null,
        "fire_year": 2000,
        "discovery_date": 966384000000,
        "discovery_doy": 229,
        "discovery_time": "1300",
        "nwcg_cause_classification": "Natural",
        "nwcg_general_cause": "Natural",
        "nwcg_cause_age_category": null,
        "cont_date": 966384000000,
        "cont_doy": 229,
        "cont_time": "1400",
        "fire_size": 0.1,
        "fire_size_class": "A",
        "latitude": 37.08552,
        "longitude": -112.14032,
        "owner_descr": "BLM",
        "state": "UT",
        "county": "Kane",
        "fips_code": "49025",
        "fips_name": "Kane County",
        "globalid": "{32AD83B2-EFFB-485B-AA53-A79E0F075A4D}"
      }
    },
    {
      "type": "Feature",
      "id": 343567,
      "geometry": {
        "type": "Point",
        "coordinates": [
          -111.89771131941681,
          37.24470562224457
        ]
      },
      "properties": {
        "objectid": 343567,
        "fod_id": 352378,
        "fpa_id": "W-99233",
        "source_system_type": "FED",
        "source_system": "DOI-WFMI",
        "nwcg_reporting_agency": "BLM",
        "nwcg_reporting_unit_id": "USUTCCD",
        "nwcg_reporting_unit_name": "Cedar City Field Office",
        "source_reporting_unit": "UTCCD",
        "source_reporting_unit_name": "Cedar City Field Office",
        "local_fire_report_id": null,
        "local_incident_id": null,
        "fire_code": "S238",
        "fire_name": "BRIGHAM",
        "ics_209_plus_incident_join_id": null,
        "ics_209_plus_complex_join_id": null,
        "mtbs_id": null,
        "mtbs_fire_name": null,
        "complex_name": null,
        "fire_year": 2000,
        "discovery_date": 967852800000,
        "discovery_doy": 246,
        "discovery_time": "1532",
        "nwcg_cause_classification": "Natural",
        "nwcg_general_cause": "Natural",
        "nwcg_cause_age_category": null,
        "cont_date": 967852800000,
        "cont_doy": 246,
        "cont_time": "2030",
        "fire_size": 0.1,
        "fire_size_class": "A",
        "latitude": 37.2447,
        "longitude": -111.8977,
        "owner_descr": "BLM",
        "state": "UT",
        "county": "Kane",
        "fips_code": "49025",
        "fips_name": "Kane County",
        "globalid": "{191B03AF-039E-4735-86FC-38D129991AEC}"
      }
    },
    {
      "type": "Feature",
      "id": 343568,
      "geometry": {
        "type": "Point",
        "coordinates": [
          -112.06740134256688,
          37.14251559840055
        ]
      },
      "properties": {
        "objectid": 343568,
        "fod_id": 352379,
        "fpa_id": "W-99235",
        "source_system_type": "FED",
        "source_system": "DOI-WFMI",
        "nwcg_reporting_agency": "BLM",
        "nwcg_reporting_unit_id": "USUTCCD",
        "nwcg_reporting_unit_name": "Cedar City Field Office",
        "source_reporting_unit": "UTCCD",
        "source_reporting_unit_name": "Cedar City Field Office",
        "local_fire_report_id": null,
        "local_incident_id": null,
        "fire_code": "S239",
        "fire_name": "TEST 1234",
        "ics_209_plus_incident_join_id": null,
        "ics_209_plus_complex_join_id": null,
        "mtbs_id": null,
        "mtbs_fire_name": null,
        "complex_name": null,
        "fire_year": 2000,
        "discovery_date": 968284800000,
        "discovery_doy": 251,
        "discovery_time": "2320",
        "nwcg_cause_classification": "Natural",
        "nwcg_general_cause": "Natural",
        "nwcg_cause_age_category": null,
        "cont_date": 968371200000,
        "cont_doy": 252,
        "cont_time": "1030",
        "fire_size": 0.1,
        "fire_size_class": "A",
        "latitude": 37.14251,
        "longitude": -112.06739,
        "owner_descr": "BLM",
        "state": "UT",
        "county": "Kane",
        "fips_code": "49025",
        "fips_name": "Kane County",
        "globalid": "{90785F75-E57C-40C0-8C5B-BF236163DC08}"
      }
    },
    {
      "type": "Feature",
      "id": 343571,
      "geometry": {
        "type": "Point",
        "coordinates": [
          -112.04912134431815,
          37.1947856060739
        ]
      },
      "properties": {
        "objectid": 343571,
        "fod_id": 352382,
        "fpa_id": "W-99239",
        "source_system_type": "FED",
        "source_system": "DOI-WFMI",
        "nwcg_reporting_agency": "BLM",
        "nwcg_reporting_unit_id": "USUTCCD",
        "nwcg_reporting_unit_name": "Cedar City Field Office",
        "source_reporting_unit": "UTCCD",
        "source_reporting_unit_name": "Cedar City Field Office",
        "local_fire_report_id": null,
        "local_incident_id": null,
        "fire_code": "S242",
        "fire_name": "TEST 54321",
        "ics_209_plus_incident_join_id": null,
        "ics_209_plus_complex_join_id": null,
        "mtbs_id": null,
        "mtbs_fire_name": null,
        "complex_name": null,
        "fire_year": 2000,
        "discovery_date": 968976000000,
        "discovery_doy": 259,
        "discovery_time": "1700",
        "nwcg_cause_classification": "Natural",
        "nwcg_general_cause": "Natural",
        "nwcg_cause_age_category": null,
        "cont_date": 968976000000,
        "cont_doy": 259,
        "cont_time": "2000",
        "fire_size": 0.1,
        "fire_size_class": "A",
        "latitude": 37.194779999999994,
        "longitude": -112.04911,
        "owner_descr": "BLM",
        "state": "UT",
        "county": "Kane",
        "fips_code": "49025",
        "fips_name": "Kane County",
        "globalid": "{308D4511-CAC8-48BF-9F30-A6E76F8455C0}"
      }
    },
    {
      "type": "Feature",
      "id": 343574,
      "geometry": {
        "type": "Point",
        "coordinates": [
          -112.15628135326006,
          37.07524558423922
        ]
      },
      "properties": {
        "objectid": 343574,
        "fod_id": 352385,
        "fpa_id": "W-98672",
        "source_system_type": "FED",
        "source_system": "DOI-WFMI",
        "nwcg_reporting_agency": "BLM",
        "nwcg_reporting_unit_id": "USUTCCD",
        "nwcg_reporting_unit_name": "Cedar City Field Office",
        "source_reporting_unit": "UTCCD",
        "source_reporting_unit_name": "Cedar City Field Office",
        "local_fire_report_id": null,
        "local_incident_id": null,
        "fire_code": "R390",
        "fire_name": "EAGLE SINK",
        "ics_209_plus_incident_join_id": null,
        "ics_209_plus_complex_join_id": null,
        "mtbs_id": null,
        "mtbs_fire_name": null,
        "complex_name": null,
        "fire_year": 2000,
        "discovery_date": 970185600000,
        "discovery_doy": 273,
        "discovery_time": "0800",
        "nwcg_cause_classification": "Natural",
        "nwcg_general_cause": "Natural",
        "nwcg_cause_age_category": null,
        "cont_date": 970185600000,
        "cont_doy": 273,
        "cont_time": "0930",
        "fire_size": 0.1,
        "fire_size_class": "A",
        "latitude": 37.07524,
        "longitude": -112.15626999999999,
        "owner_descr": "BLM",
        "state": "UT",
        "county": "Kane",
        "fips_code": "49025",
        "fips_name": "Kane County",
        "globalid": "{6739C2CB-7B3E-4871-B742-15D51BC60710}"
      }
    },
    {
      "type": "Feature",
      "id": 343575,
      "geometry": {
        "type": "Point",
        "coordinates": [
          -112.09919134396844,
          37.094755590397476
        ]
      },
      "properties": {
        "objectid": 343575,
        "fod_id": 352386,
        "fpa_id": "W-99242",
        "source_system_type": "FED",
        "source_system": "DOI-WFMI",
        "nwcg_reporting_agency": "BLM",
        "nwcg_reporting_unit_id": "USUTCCD",
        "nwcg_reporting_unit_name": "Cedar City Field Office",
        "source_reporting_unit": "UTCCD",
        "source_reporting_unit_name": "Cedar City Field Office",
        "local_fire_report_id": null,
        "local_incident_id": null,
        "fire_code": "S245",
        "fire_name": "SKULL",
        "ics_209_plus_incident_join_id": null,
        "ics_209_plus_complex_join_id": null,
        "mtbs_id": null,
        "mtbs_fire_name": null,
        "complex_name": null,
        "fire_year": 2000,
        "discovery_date": 970185600000,
        "discovery_doy": 273,
        "discovery_time": "1300",
        "nwcg_cause_classification": "Natural",
        "nwcg_general_cause": "Natural",
        "nwcg_cause_age_category": null,
        "cont_date": 970185600000,
        "cont_doy": 273,
        "cont_time": "1400",
        "fire_size": 0.1,
        "fire_size_class": "A",
        "latitude": 37.094750000000005,
        "longitude": -112.09918,
        "owner_descr": "BLM",
        "state": "UT",
        "county": "Kane",
        "fips_code": "49025",
        "fips_name": "Kane County",
        "globalid": "{4F60E95A-E6E2-44F4-B1AC-200E8C872362}"
      }
    },
    {
      "type": "Feature",
      "id": 343576,
      "geometry": {
        "type": "Point",
        "coordinates": [
          -112.15051135092465,
          37.06352558316635
        ]
      },
      "properties": {
        "objectid": 343576,
        "fod_id": 352387,
        "fpa_id": "W-99279",
        "source_system_type": "FED",
        "source_system": "DOI-WFMI",
        "nwcg_reporting_agency": "BLM",
        "nwcg_reporting_unit_id": "USUTCCD",
        "nwcg_reporting_unit_name": "Cedar City Field Office",
        "source_reporting_unit": "UTCCD",
        "source_reporting_unit_name": "Cedar City Field Office",
        "local_fire_report_id": null,
        "local_incident_id": null,
        "fire_code": "S247",
        "fire_name": "GRAVEL PIT",
        "ics_209_plus_incident_join_id": null,
        "ics_209_plus_complex_join_id": null,
        "mtbs_id": null,
        "mtbs_fire_name": null,
        "complex_name": null,
        "fire_year": 2000,
        "discovery_date": 970185600000,
        "discovery_doy": 273,
        "discovery_time": "1320",
        "nwcg_cause_classification": "Natural",
        "nwcg_general_cause": "Natural",
        "nwcg_cause_age_category": null,
        "cont_date": 970185600000,
        "cont_doy": 273,
        "cont_time": "1830",
        "fire_size": 0.1,
        "fire_size_class": "A",
        "latitude": 37.06352,
        "longitude": -112.1505,
        "owner_descr": "BLM",
        "state": "UT",
        "county": "Kane",
        "fips_code": "49025",
        "fips_name": "Kane County",
        "globalid": "{E2F4D9CE-F96E-4420-9A58-9C2FC066529C}"
      }
    },
    {
      "type": "Feature",
      "id": 343584,
      "geometry": {
        "type": "Point",
        "coordinates": [
          -112.09919134396844,
          37.094755590397476
        ]
      },
      "properties": {
        "objectid": 343584,
        "fod_id": 352395,
        "fpa_id": "W-99286",
        "source_system_type": "FED",
        "source_system": "DOI-WFMI",
        "nwcg_reporting_agency": "BLM",
        "nwcg_reporting_unit_id": "USUTCCD",
        "nwcg_reporting_unit_name": "Cedar City Field Office",
        "source_reporting_unit": "UTCCD",
        "source_reporting_unit_name": "Cedar City Field Office",
        "local_fire_report_id": null,
        "local_incident_id": null,
        "fire_code": "S254",
        "fire_name": "ROLLOVER",
        "ics_209_plus_incident_join_id": null,
        "ics_209_plus_complex_join_id": null,
        "mtbs_id": null,
        "mtbs_fire_name": null,
        "complex_name": null,
        "fire_year": 2000,
        "discovery_date": 970358400000,
        "discovery_doy": 275,
        "discovery_time": "1200",
        "nwcg_cause_classification": "Natural",
        "nwcg_general_cause": "Natural",
        "nwcg_cause_age_category": null,
        "cont_date": 970358400000,
        "cont_doy": 275,
        "cont_time": "1600",
        "fire_size": 0.1,
        "fire_size_class": "A",
        "latitude": 37.094750000000005,
        "longitude": -112.09918,
        "owner_descr": "BLM",
        "state": "UT",
        "county": "Kane",
        "fips_code": "49025",
        "fips_name": "Kane County",
        "globalid": "{1D76D6E0-30C4-4F87-B160-695B61C76E61}"
      }
    },
    {
      "type": "Feature",
      "id": 343587,
      "geometry": {
        "type": "Point",
        "coordinates": [
          -112.16635135461105,
          37.06899558280589
        ]
      },
      "properties": {
        "objectid": 343587,
        "fod_id": 352398,
        "fpa_id": "W-100012",
        "source_system_type": "FED",
        "source_system": "DOI-WFMI",
        "nwcg_reporting_agency": "BLM",
        "nwcg_reporting_unit_id": "USUTCCD",
        "nwcg_reporting_unit_name": "Cedar City Field Office",
        "source_reporting_unit": "UTCCD",
        "source_reporting_unit_name": "Cedar City Field Office",
        "local_fire_report_id": null,
        "local_incident_id": null,
        "fire_code": "R205",
        "fire_name": "SHINARUMP",
        "ics_209_plus_incident_join_id": null,
        "ics_209_plus_complex_join_id": null,
        "mtbs_id": null,
        "mtbs_fire_name": null,
        "complex_name": null,
        "fire_year": 2001,
        "discovery_date": 984700800000,
        "discovery_doy": 75,
        "discovery_time": "0830",
        "nwcg_cause_classification": "Human",
        "nwcg_general_cause": "Debris and open burning",
        "nwcg_cause_age_category": null,
        "cont_date": 984700800000,
        "cont_doy": 75,
        "cont_time": "1645",
        "fire_size": 0.1,
        "fire_size_class": "A",
        "latitude": 37.06899,
        "longitude": -112.16634,
        "owner_descr": "BLM",
        "state": "UT",
        "county": "Kane",
        "fips_code": "49025",
        "fips_name": "Kane County",
        "globalid": "{0F32A514-E265-4E77-A574-6A51624616A9}"
      }
    },
    {
      "type": "Feature",
      "id": 343588,
      "geometry": {
        "type": "Point",
        "coordinates": [
          -111.89514130307217,
          37.09039560322225
        ]
      },
      "properties": {
        "objectid": 343588,
        "fod_id": 352399,
        "fpa_id": "W-103684",
        "source_system_type": "FED",
        "source_system": "DOI-WFMI",
        "nwcg_reporting_agency": "BLM",
        "nwcg_reporting_unit_id": "USUTCCD",
        "nwcg_reporting_unit_name": "Cedar City Field Office",
        "source_reporting_unit": "UTCCD",
        "source_reporting_unit_name": "Cedar City Field Office",
        "local_fire_report_id": null,
        "local_incident_id": null,
        "fire_code": "R206",
        "fire_name": "PARIA",
        "ics_209_plus_incident_join_id": null,
        "ics_209_plus_complex_join_id": null,
        "mtbs_id": null,
        "mtbs_fire_name": null,
        "complex_name": null,
        "fire_year": 2001,
        "discovery_date": 987552000000,
        "discovery_doy": 108,
        "discovery_time": "1510",
        "nwcg_cause_classification": "Human",
        "nwcg_general_cause": "Recreation and ceremony",
        "nwcg_cause_age_category": null,
        "cont_date": 987552000000,
        "cont_doy": 108,
        "cont_time": "1730",
        "fire_size": 0.1,
        "fire_size_class": "A",
        "latitude": 37.09039,
        "longitude": -111.89513,
        "owner_descr": "BLM",
        "state": "UT",
        "county": "Garfield",
        "fips_code": "49017",
        "fips_name": "Garfield County",
        "globalid": "{AAC7170F-05D2-4124-81E1-BB22DF83629C}"
      }
    },
    {
      "type": "Feature",
      "id": 343669,
      "geometry": {
        "type": "Point",
        "coordinates": [
          -111.9849613316122,
          37.194915610317054
        ]
      },
      "properties": {
        "objectid": 343669,
        "fod_id": 352481,
        "fpa_id": "W-103562",
        "source_system_type": "FED",
        "source_system": "DOI-WFMI",
        "nwcg_reporting_agency": "BLM",
        "nwcg_reporting_unit_id": "USUTCCD",
        "nwcg_reporting_unit_name": "Cedar City Field Office",
        "source_reporting_unit": "UTCCD",
        "source_reporting_unit_name": "Cedar City Field Office",
        "local_fire_report_id": null,
        "local_incident_id": null,
        "fire_code": "W255",
        "fire_name": "EZ MAC",
        "ics_209_plus_incident_join_id": null,
        "ics_209_plus_complex_join_id": null,
        "mtbs_id": null,
        "mtbs_fire_name": null,
        "complex_name": null,
        "fire_year": 2001,
        "discovery_date": 995155200000,
        "discovery_doy": 196,
        "discovery_time": "1645",
        "nwcg_cause_classification": "Natural",
        "nwcg_general_cause": "Natural",
        "nwcg_cause_age_category": null,
        "cont_date": 995241600000,
        "cont_doy": 197,
        "cont_time": "0900",
        "fire_size": 0.1,
        "fire_size_class": "A",
        "latitude": 37.19491,
        "longitude": -111.98495,
        "owner_descr": "BLM",
        "state": "UT",
        "county": "Kane",
        "fips_code": "49025",
        "fips_name": "Kane County",
        "globalid": "{427645E8-9F3A-4911-B4BD-852F5A4EB5B5}"
      }
    },
    {
      "type": "Feature",
      "id": 343691,
      "geometry": {
        "type": "Point",
        "coordinates": [
          -112.09485134393483,
          37.102825591681956
        ]
      },
      "properties": {
        "objectid": 343691,
        "fod_id": 352503,
        "fpa_id": "W-103670",
        "source_system_type": "FED",
        "source_system": "DOI-WFMI",
        "nwcg_reporting_agency": "BLM",
        "nwcg_reporting_unit_id": "USUTCCD",
        "nwcg_reporting_unit_name": "Cedar City Field Office",
        "source_reporting_unit": "UTCCD",
        "source_reporting_unit_name": "Cedar City Field Office",
        "local_fire_report_id": null,
        "local_incident_id": null,
        "fire_code": "W288",
        "fire_name": "KAIBABGLCH",
        "ics_209_plus_incident_join_id": null,
        "ics_209_plus_complex_join_id": null,
        "mtbs_id": null,
        "mtbs_fire_name": null,
        "complex_name": null,
        "fire_year": 2001,
        "discovery_date": 997142400000,
        "discovery_doy": 219,
        "discovery_time": "1545",
        "nwcg_cause_classification": "Natural",
        "nwcg_general_cause": "Natural",
        "nwcg_cause_age_category": null,
        "cont_date": 997142400000,
        "cont_doy": 219,
        "cont_time": "1700",
        "fire_size": 0.1,
        "fire_size_class": "A",
        "latitude": 37.10282,
        "longitude": -112.09484,
        "owner_descr": "BLM",
        "state": "UT",
        "county": "Kane",
        "fips_code": "49025",
        "fips_name": "Kane County",
        "globalid": "{CDAB9551-FB5C-4C65-A3CA-5134F533BC3E}"
      }
    },
    {
      "type": "Feature",
      "id": 343700,
      "geometry": {
        "type": "Point",
        "coordinates": [
          -112.03226133255689,
          37.11272559701511
        ]
      },
      "properties": {
        "objectid": 343700,
        "fod_id": 352512,
        "fpa_id": "W-103545",
        "source_system_type": "FED",
        "source_system": "DOI-WFMI",
        "nwcg_reporting_agency": "BLM",
        "nwcg_reporting_unit_id": "USUTCCD",
        "nwcg_reporting_unit_name": "Cedar City Field Office",
        "source_reporting_unit": "UTCCD",
        "source_reporting_unit_name": "Cedar City Field Office",
        "local_fire_report_id": null,
        "local_incident_id": null,
        "fire_code": "S303",
        "fire_name": "THREE HORN",
        "ics_209_plus_incident_join_id": null,
        "ics_209_plus_complex_join_id": null,
        "mtbs_id": null,
        "mtbs_fire_name": null,
        "complex_name": null,
        "fire_year": 2001,
        "discovery_date": 997315200000,
        "discovery_doy": 221,
        "discovery_time": "1304",
        "nwcg_cause_classification": "Natural",
        "nwcg_general_cause": "Natural",
        "nwcg_cause_age_category": null,
        "cont_date": 997315200000,
        "cont_doy": 221,
        "cont_time": "1345",
        "fire_size": 0.1,
        "fire_size_class": "A",
        "latitude": 37.112719999999996,
        "longitude": -112.03225,
        "owner_descr": "BLM",
        "state": "UT",
        "county": "Kane",
        "fips_code": "49025",
        "fips_name": "Kane County",
        "globalid": "{20935961-E150-4027-8CA4-F8BAB39C6B25}"
      }
    },
    {
      "type": "Feature",
      "id": 343773,
      "geometry": {
        "type": "Point",
        "coordinates": [
          -111.98734132245494,
          37.10099559850368
        ]
      },
      "properties": {
        "objectid": 343773,
        "fod_id": 352585,
        "fpa_id": "W-104811",
        "source_system_type": "FED",
        "source_system": "DOI-WFMI",
        "nwcg_reporting_agency": "BLM",
        "nwcg_reporting_unit_id": "USUTCCD",
        "nwcg_reporting_unit_name": "Cedar City Field Office",
        "source_reporting_unit": "UTCCD",
        "source_reporting_unit_name": "Cedar City Field Office",
        "local_fire_report_id": null,
        "local_incident_id": null,
        "fire_code": "S398",
        "fire_name": "ROCK",
        "ics_209_plus_incident_join_id": null,
        "ics_209_plus_complex_join_id": null,
        "mtbs_id": null,
        "mtbs_fire_name": null,
        "complex_name": null,
        "fire_year": 2001,
        "discovery_date": 998956800000,
        "discovery_doy": 240,
        "discovery_time": "1052",
        "nwcg_cause_classification": "Natural",
        "nwcg_general_cause": "Natural",
        "nwcg_cause_age_category": null,
        "cont_date": 998956800000,
        "cont_doy": 240,
        "cont_time": "1500",
        "fire_size": 0.1,
        "fire_size_class": "A",
        "latitude": 37.10099,
        "longitude": -111.98733,
        "owner_descr": "BLM",
        "state": "UT",
        "county": "Kane",
        "fips_code": "49025",
        "fips_name": "Kane County",
        "globalid": "{2A4C2646-F385-44F5-BD86-F0C1F948615E}"
      }
    },
    {
      "type": "Feature",
      "id": 343774,
      "geometry": {
        "type": "Point",
        "coordinates": [
          -112.12760135622648,
          37.159555596549026
        ]
      },
      "properties": {
        "objectid": 343774,
        "fod_id": 352586,
        "fpa_id": "W-104814",
        "source_system_type": "FED",
        "source_system": "DOI-WFMI",
        "nwcg_reporting_agency": "BLM",
        "nwcg_reporting_unit_id": "USUTCCD",
        "nwcg_reporting_unit_name": "Cedar City Field Office",
        "source_reporting_unit": "UTCCD",
        "source_reporting_unit_name": "Cedar City Field Office",
        "local_fire_report_id": null,
        "local_incident_id": null,
        "fire_code": "S399",
        "fire_name": "TWIN",
        "ics_209_plus_incident_join_id": null,
        "ics_209_plus_complex_join_id": null,
        "mtbs_id": null,
        "mtbs_fire_name": null,
        "complex_name": null,
        "fire_year": 2001,
        "discovery_date": 998956800000,
        "discovery_doy": 240,
        "discovery_time": "1511",
        "nwcg_cause_classification": "Natural",
        "nwcg_general_cause": "Natural",
        "nwcg_cause_age_category": null,
        "cont_date": 998956800000,
        "cont_doy": 240,
        "cont_time": "1820",
        "fire_size": 0.3,
        "fire_size_class": "B",
        "latitude": 37.15955,
        "longitude": -112.12759,
        "owner_descr": "BLM",
        "state": "UT",
        "county": "Kane",
        "fips_code": "49025",
        "fips_name": "Kane County",
        "globalid": "{6C5E6B52-3E1F-4E8A-81D5-F9E46F33047F}"
      }
    },
    {
      "type": "Feature",
      "id": 343794,
      "geometry": {
        "type": "Point",
        "coordinates": [
          -112.13938135156147,
          37.091305587334766
        ]
      },
      "properties": {
        "objectid": 343794,
        "fod_id": 352606,
        "fpa_id": "W-104983",
        "source_system_type": "FED",
        "source_system": "DOI-WFMI",
        "nwcg_reporting_agency": "BLM",
        "nwcg_reporting_unit_id": "USUTCCD",
        "nwcg_reporting_unit_name": "Cedar City Field Office",
        "source_reporting_unit": "UTCCD",
        "source_reporting_unit_name": "Cedar City Field Office",
        "local_fire_report_id": null,
        "local_incident_id": null,
        "fire_code": "S530",
        "fire_name": "3 BAG",
        "ics_209_plus_incident_join_id": null,
        "ics_209_plus_complex_join_id": null,
        "mtbs_id": null,
        "mtbs_fire_name": null,
        "complex_name": null,
        "fire_year": 2001,
        "discovery_date": 1000339200000,
        "discovery_doy": 256,
        "discovery_time": "0838",
        "nwcg_cause_classification": "Natural",
        "nwcg_general_cause": "Natural",
        "nwcg_cause_age_category": null,
        "cont_date": 1000339200000,
        "cont_doy": 256,
        "cont_time": "1200",
        "fire_size": 0.1,
        "fire_size_class": "A",
        "latitude": 37.0913,
        "longitude": -112.13937,
        "owner_descr": "BLM",
        "state": "UT",
        "county": "Kane",
        "fips_code": "49025",
        "fips_name": "Kane County",
        "globalid": "{FD808EA7-7E93-4C66-98E4-4955B076E6AD}"
      }
    },
    {
      "type": "Feature",
      "id": 343832,
      "geometry": {
        "type": "Point",
        "coordinates": [
          -111.90075131369903,
          37.18332561442112
        ]
      },
      "properties": {
        "objectid": 343832,
        "fod_id": 352646,
        "fpa_id": "W-108246",
        "source_system_type": "FED",
        "source_system": "DOI-WFMI",
        "nwcg_reporting_agency": "BLM",
        "nwcg_reporting_unit_id": "USUTCCD",
        "nwcg_reporting_unit_name": "Cedar City Field Office",
        "source_reporting_unit": "UTCCD",
        "source_reporting_unit_name": "Cedar City Field Office",
        "local_fire_report_id": null,
        "local_incident_id": null,
        "fire_code": "R307",
        "fire_name": "COTTONWOOD",
        "ics_209_plus_incident_join_id": null,
        "ics_209_plus_complex_join_id": null,
        "mtbs_id": null,
        "mtbs_fire_name": null,
        "complex_name": null,
        "fire_year": 2002,
        "discovery_date": 1023408000000,
        "discovery_doy": 158,
        "discovery_time": "1130",
        "nwcg_cause_classification": "Human",
        "nwcg_general_cause": "Recreation and ceremony",
        "nwcg_cause_age_category": null,
        "cont_date": 1023494400000,
        "cont_doy": 159,
        "cont_time": "1200",
        "fire_size": 1,
        "fire_size_class": "B",
        "latitude": 37.18332,
        "longitude": -111.90074,
        "owner_descr": "BLM",
        "state": "UT",
        "county": "Kane",
        "fips_code": "49025",
        "fips_name": "Kane County",
        "globalid": "{7D9AB167-C74D-4021-93D4-14CB8CCE03B5}"
      }
    },
    {
      "type": "Feature",
      "id": 343899,
      "geometry": {
        "type": "Point",
        "coordinates": [
          -112.04246133864245,
          37.15240560126509
        ]
      },
      "properties": {
        "objectid": 343899,
        "fod_id": 352716,
        "fpa_id": "W-109356",
        "source_system_type": "FED",
        "source_system": "DOI-WFMI",
        "nwcg_reporting_agency": "BLM",
        "nwcg_reporting_unit_id": "USUTCCD",
        "nwcg_reporting_unit_name": "Cedar City Field Office",
        "source_reporting_unit": "UTCCD",
        "source_reporting_unit_name": "Cedar City Field Office",
        "local_fire_report_id": null,
        "local_incident_id": null,
        "fire_code": "R393",
        "fire_name": "POPPA",
        "ics_209_plus_incident_join_id": null,
        "ics_209_plus_complex_join_id": null,
        "mtbs_id": null,
        "mtbs_fire_name": null,
        "complex_name": null,
        "fire_year": 2002,
        "discovery_date": 1027123200000,
        "discovery_doy": 201,
        "discovery_time": "1500",
        "nwcg_cause_classification": "Natural",
        "nwcg_general_cause": "Natural",
        "nwcg_cause_age_category": null,
        "cont_date": 1027123200000,
        "cont_doy": 201,
        "cont_time": "1700",
        "fire_size": 0.1,
        "fire_size_class": "A",
        "latitude": 37.1524,
        "longitude": -112.04245,
        "owner_descr": "BLM",
        "state": "UT",
        "county": "Kane",
        "fips_code": "49025",
        "fips_name": "Kane County",
        "globalid": "{358021CC-8EAD-4B90-9DF8-24D5814E1AC4}"
      }
    },
    {
      "type": "Feature",
      "id": 343971,
      "geometry": {
        "type": "Point",
        "coordinates": [
          -112.04338133955964,
          37.1595656020916
        ]
      },
      "properties": {
        "objectid": 343971,
        "fod_id": 352790,
        "fpa_id": "W-112690",
        "source_system_type": "FED",
        "source_system": "DOI-WFMI",
        "nwcg_reporting_agency": "BLM",
        "nwcg_reporting_unit_id": "USUTCCD",
        "nwcg_reporting_unit_name": "Cedar City Field Office",
        "source_reporting_unit": "UTCCD",
        "source_reporting_unit_name": "Cedar City Field Office",
        "local_fire_report_id": null,
        "local_incident_id": null,
        "fire_code": "S572",
        "fire_name": "NO RADIO",
        "ics_209_plus_incident_join_id": null,
        "ics_209_plus_complex_join_id": null,
        "mtbs_id": null,
        "mtbs_fire_name": null,
        "complex_name": null,
        "fire_year": 2002,
        "discovery_date": 1033430400000,
        "discovery_doy": 274,
        "discovery_time": "1700",
        "nwcg_cause_classification": "Natural",
        "nwcg_general_cause": "Natural",
        "nwcg_cause_age_category": null,
        "cont_date": 1033430400000,
        "cont_doy": 274,
        "cont_time": "2000",
        "fire_size": 0.1,
        "fire_size_class": "A",
        "latitude": 37.15956,
        "longitude": -112.04337,
        "owner_descr": "BLM",
        "state": "UT",
        "county": "Kane",
        "fips_code": "49025",
        "fips_name": "Kane County",
        "globalid": "{C40A3BF8-FA84-47A6-8641-697BB6083424}"
      }
    },
    {
      "type": "Feature",
      "id": 343979,
      "geometry": {
        "type": "Point",
        "coordinates": [
          -112.10881134632582,
          37.09920559031784
        ]
      },
      "properties": {
        "objectid": 343979,
        "fod_id": 352798,
        "fpa_id": "W-114482",
        "source_system_type": "FED",
        "source_system": "DOI-WFMI",
        "nwcg_reporting_agency": "BLM",
        "nwcg_reporting_unit_id": "USUTCCD",
        "nwcg_reporting_unit_name": "Cedar City Field Office",
        "source_reporting_unit": "UTCCD",
        "source_reporting_unit_name": "Cedar City Field Office",
        "local_fire_report_id": null,
        "local_incident_id": null,
        "fire_code": "S586",
        "fire_name": "WYAT",
        "ics_209_plus_incident_join_id": null,
        "ics_209_plus_complex_join_id": null,
        "mtbs_id": null,
        "mtbs_fire_name": null,
        "complex_name": null,
        "fire_year": 2003,
        "discovery_date": 1052956800000,
        "discovery_doy": 135,
        "discovery_time": "1930",
        "nwcg_cause_classification": "Natural",
        "nwcg_general_cause": "Natural",
        "nwcg_cause_age_category": null,
        "cont_date": 1052956800000,
        "cont_doy": 135,
        "cont_time": "1930",
        "fire_size": 0.1,
        "fire_size_class": "A",
        "latitude": 37.0992,
        "longitude": -112.1088,
        "owner_descr": "BLM",
        "state": "UT",
        "county": "Kane",
        "fips_code": "49025",
        "fips_name": "Kane County",
        "globalid": "{E01A2E3C-6D7D-4F5E-A081-40FD8BFFE8D6}"
      }
    },
    {
      "type": "Feature",
      "id": 344000,
      "geometry": {
        "type": "Point",
        "coordinates": [
          -112.08101134252432,
          37.11580559419812
        ]
      },
      "properties": {
        "objectid": 344000,
        "fod_id": 352823,
        "fpa_id": "W-117135",
        "source_system_type": "FED",
        "source_system": "DOI-WFMI",
        "nwcg_reporting_agency": "BLM",
        "nwcg_reporting_unit_id": "USUTCCD",
        "nwcg_reporting_unit_name": "Cedar City Field Office",
        "source_reporting_unit": "UTCCD",
        "source_reporting_unit_name": "Cedar City Field Office",
        "local_fire_report_id": null,
        "local_incident_id": null,
        "fire_code": "W239",
        "fire_name": "BROKEN",
        "ics_209_plus_incident_join_id": null,
        "ics_209_plus_complex_join_id": null,
        "mtbs_id": null,
        "mtbs_fire_name": null,
        "complex_name": null,
        "fire_year": 2003,
        "discovery_date": 1058486400000,
        "discovery_doy": 199,
        "discovery_time": "1256",
        "nwcg_cause_classification": "Natural",
        "nwcg_general_cause": "Natural",
        "nwcg_cause_age_category": null,
        "cont_date": 1058486400000,
        "cont_doy": 199,
        "cont_time": "1740",
        "fire_size": 0.3,
        "fire_size_class": "B",
        "latitude": 37.1158,
        "longitude": -112.081,
        "owner_descr": "BLM",
        "state": "UT",
        "county": "Kane",
        "fips_code": "49025",
        "fips_name": "Kane County",
        "globalid": "{E7154FE1-1B62-4A80-BE4C-934FC61CC923}"
      }
    },
    {
      "type": "Feature",
      "id": 344008,
      "geometry": {
        "type": "Point",
        "coordinates": [
          -112.08571134407886,
          37.12190559464519
        ]
      },
      "properties": {
        "objectid": 344008,
        "fod_id": 352832,
        "fpa_id": "W-116385",
        "source_system_type": "FED",
        "source_system": "DOI-WFMI",
        "nwcg_reporting_agency": "BLM",
        "nwcg_reporting_unit_id": "USUTCCD",
        "nwcg_reporting_unit_name": "Cedar City Field Office",
        "source_reporting_unit": "UTCCD",
        "source_reporting_unit_name": "Cedar City Field Office",
        "local_fire_report_id": null,
        "local_incident_id": null,
        "fire_code": "W249",
        "fire_name": "TWEETY",
        "ics_209_plus_incident_join_id": null,
        "ics_209_plus_complex_join_id": null,
        "mtbs_id": null,
        "mtbs_fire_name": null,
        "complex_name": null,
        "fire_year": 2003,
        "discovery_date": 1058659200000,
        "discovery_doy": 201,
        "discovery_time": "1658",
        "nwcg_cause_classification": "Natural",
        "nwcg_general_cause": "Natural",
        "nwcg_cause_age_category": null,
        "cont_date": 1058659200000,
        "cont_doy": 201,
        "cont_time": "2100",
        "fire_size": 0.1,
        "fire_size_class": "A",
        "latitude": 37.1219,
        "longitude": -112.0857,
        "owner_descr": "BLM",
        "state": "UT",
        "county": "Kane",
        "fips_code": "49025",
        "fips_name": "Kane County",
        "globalid": "{CDE2CB63-310D-42E7-98B2-47B1B6A95F0D}"
      }
    },
    {
      "type": "Feature",
      "id": 344032,
      "geometry": {
        "type": "Point",
        "coordinates": [
          -112.09521134295129,
          37.09250559037962
        ]
      },
      "properties": {
        "objectid": 344032,
        "fod_id": 352856,
        "fpa_id": "W-117136",
        "source_system_type": "FED",
        "source_system": "DOI-WFMI",
        "nwcg_reporting_agency": "BLM",
        "nwcg_reporting_unit_id": "USUTCCD",
        "nwcg_reporting_unit_name": "Cedar City Field Office",
        "source_reporting_unit": "UTCCD",
        "source_reporting_unit_name": "Cedar City Field Office",
        "local_fire_report_id": null,
        "local_incident_id": null,
        "fire_code": "W274",
        "fire_name": "POTTER",
        "ics_209_plus_incident_join_id": null,
        "ics_209_plus_complex_join_id": null,
        "mtbs_id": null,
        "mtbs_fire_name": null,
        "complex_name": null,
        "fire_year": 2003,
        "discovery_date": 1058832000000,
        "discovery_doy": 203,
        "discovery_time": "2100",
        "nwcg_cause_classification": "Natural",
        "nwcg_general_cause": "Natural",
        "nwcg_cause_age_category": null,
        "cont_date": 1058832000000,
        "cont_doy": 203,
        "cont_time": "2230",
        "fire_size": 0.1,
        "fire_size_class": "A",
        "latitude": 37.0925,
        "longitude": -112.0952,
        "owner_descr": "BLM",
        "state": "UT",
        "county": "Kane",
        "fips_code": "49025",
        "fips_name": "Kane County",
        "globalid": "{8B56F9F2-541F-4ABC-8E05-60A13EBEC2FF}"
      }
    },
    {
      "type": "Feature",
      "id": 344033,
      "geometry": {
        "type": "Point",
        "coordinates": [
          -112.10491134603511,
          37.10390559115578
        ]
      },
      "properties": {
        "objectid": 344033,
        "fod_id": 352857,
        "fpa_id": "W-117142",
        "source_system_type": "FED",
        "source_system": "DOI-WFMI",
        "nwcg_reporting_agency": "BLM",
        "nwcg_reporting_unit_id": "USUTCCD",
        "nwcg_reporting_unit_name": "Cedar City Field Office",
        "source_reporting_unit": "UTCCD",
        "source_reporting_unit_name": "Cedar City Field Office",
        "local_fire_report_id": null,
        "local_incident_id": null,
        "fire_code": "W275",
        "fire_name": "CALVIN",
        "ics_209_plus_incident_join_id": null,
        "ics_209_plus_complex_join_id": null,
        "mtbs_id": null,
        "mtbs_fire_name": null,
        "complex_name": null,
        "fire_year": 2003,
        "discovery_date": 1058832000000,
        "discovery_doy": 203,
        "discovery_time": "2153",
        "nwcg_cause_classification": "Natural",
        "nwcg_general_cause": "Natural",
        "nwcg_cause_age_category": null,
        "cont_date": 1058918400000,
        "cont_doy": 204,
        "cont_time": "1300",
        "fire_size": 0.1,
        "fire_size_class": "A",
        "latitude": 37.1039,
        "longitude": -112.1049,
        "owner_descr": "BLM",
        "state": "UT",
        "county": "Kane",
        "fips_code": "49025",
        "fips_name": "Kane County",
        "globalid": "{2FED8ABE-9B4E-4DC5-815C-F1D5844CA257}"
      }
    },
    {
      "type": "Feature",
      "id": 344038,
      "geometry": {
        "type": "Point",
        "coordinates": [
          -112.03321133192507,
          37.104705595957626
        ]
      },
      "properties": {
        "objectid": 344038,
        "fod_id": 352863,
        "fpa_id": "W-117143",
        "source_system_type": "FED",
        "source_system": "DOI-WFMI",
        "nwcg_reporting_agency": "BLM",
        "nwcg_reporting_unit_id": "USUTCCD",
        "nwcg_reporting_unit_name": "Cedar City Field Office",
        "source_reporting_unit": "UTCCD",
        "source_reporting_unit_name": "Cedar City Field Office",
        "local_fire_report_id": null,
        "local_incident_id": null,
        "fire_code": "W279",
        "fire_name": "SLEEPY",
        "ics_209_plus_incident_join_id": null,
        "ics_209_plus_complex_join_id": null,
        "mtbs_id": null,
        "mtbs_fire_name": null,
        "complex_name": null,
        "fire_year": 2003,
        "discovery_date": 1058918400000,
        "discovery_doy": 204,
        "discovery_time": "1545",
        "nwcg_cause_classification": "Natural",
        "nwcg_general_cause": "Natural",
        "nwcg_cause_age_category": null,
        "cont_date": 1058918400000,
        "cont_doy": 204,
        "cont_time": "1700",
        "fire_size": 0.1,
        "fire_size_class": "A",
        "latitude": 37.1047,
        "longitude": -112.0332,
        "owner_descr": "BLM",
        "state": "UT",
        "county": "Kane",
        "fips_code": "49025",
        "fips_name": "Kane County",
        "globalid": "{01892F6A-9F85-4A18-8FE8-5F34FA3A2888}"
      }
    },
    {
      "type": "Feature",
      "id": 344062,
      "geometry": {
        "type": "Point",
        "coordinates": [
          -112.06321134284428,
          37.15330560001216
        ]
      },
      "properties": {
        "objectid": 344062,
        "fod_id": 352887,
        "fpa_id": "W-117932",
        "source_system_type": "FED",
        "source_system": "DOI-WFMI",
        "nwcg_reporting_agency": "BLM",
        "nwcg_reporting_unit_id": "USUTCCD",
        "nwcg_reporting_unit_name": "Cedar City Field Office",
        "source_reporting_unit": "UTCCD",
        "source_reporting_unit_name": "Cedar City Field Office",
        "local_fire_report_id": null,
        "local_incident_id": null,
        "fire_code": "R219",
        "fire_name": "PURDY",
        "ics_209_plus_incident_join_id": null,
        "ics_209_plus_complex_join_id": null,
        "mtbs_id": null,
        "mtbs_fire_name": null,
        "complex_name": null,
        "fire_year": 2003,
        "discovery_date": 1060214400000,
        "discovery_doy": 219,
        "discovery_time": "1153",
        "nwcg_cause_classification": "Natural",
        "nwcg_general_cause": "Natural",
        "nwcg_cause_age_category": null,
        "cont_date": 1060214400000,
        "cont_doy": 219,
        "cont_time": "1800",
        "fire_size": 0.1,
        "fire_size_class": "A",
        "latitude": 37.1533,
        "longitude": -112.0632,
        "owner_descr": "BLM",
        "state": "UT",
        "county": "Kane",
        "fips_code": "49025",
        "fips_name": "Kane County",
        "globalid": "{7D150FDA-2DE8-4936-8EB6-8FE9AEE29787}"
      }
    },
    {
      "type": "Feature",
      "id": 344068,
      "geometry": {
        "type": "Point",
        "coordinates": [
          -112.05491133866826,
          37.12860559749776
        ]
      },
      "properties": {
        "objectid": 344068,
        "fod_id": 352893,
        "fpa_id": "W-117937",
        "source_system_type": "FED",
        "source_system": "DOI-WFMI",
        "nwcg_reporting_agency": "BLM",
        "nwcg_reporting_unit_id": "USUTCCD",
        "nwcg_reporting_unit_name": "Cedar City Field Office",
        "source_reporting_unit": "UTCCD",
        "source_reporting_unit_name": "Cedar City Field Office",
        "local_fire_report_id": null,
        "local_incident_id": null,
        "fire_code": "R229",
        "fire_name": "RUSSELL",
        "ics_209_plus_incident_join_id": null,
        "ics_209_plus_complex_join_id": null,
        "mtbs_id": null,
        "mtbs_fire_name": null,
        "complex_name": null,
        "fire_year": 2003,
        "discovery_date": 1060646400000,
        "discovery_doy": 224,
        "discovery_time": "1200",
        "nwcg_cause_classification": "Natural",
        "nwcg_general_cause": "Natural",
        "nwcg_cause_age_category": null,
        "cont_date": 1060646400000,
        "cont_doy": 224,
        "cont_time": "1245",
        "fire_size": 0.1,
        "fire_size_class": "A",
        "latitude": 37.1286,
        "longitude": -112.0549,
        "owner_descr": "BLM",
        "state": "UT",
        "county": "Kane",
        "fips_code": "49025",
        "fips_name": "Kane County",
        "globalid": "{66E98698-39CE-4068-9F93-20605BA6AA50}"
      }
    },
    {
      "type": "Feature",
      "id": 344094,
      "geometry": {
        "type": "Point",
        "coordinates": [
          -112.09801134529427,
          37.110005592364
        ]
      },
      "properties": {
        "objectid": 344094,
        "fod_id": 352919,
        "fpa_id": "W-118335",
        "source_system_type": "FED",
        "source_system": "DOI-WFMI",
        "nwcg_reporting_agency": "BLM",
        "nwcg_reporting_unit_id": "USUTCCD",
        "nwcg_reporting_unit_name": "Cedar City Field Office",
        "source_reporting_unit": "UTCCD",
        "source_reporting_unit_name": "Cedar City Field Office",
        "local_fire_report_id": null,
        "local_incident_id": null,
        "fire_code": "S261",
        "fire_name": "N ROAD",
        "ics_209_plus_incident_join_id": null,
        "ics_209_plus_complex_join_id": null,
        "mtbs_id": null,
        "mtbs_fire_name": null,
        "complex_name": null,
        "fire_year": 2003,
        "discovery_date": 1061251200000,
        "discovery_doy": 231,
        "discovery_time": "1726",
        "nwcg_cause_classification": "Natural",
        "nwcg_general_cause": "Natural",
        "nwcg_cause_age_category": null,
        "cont_date": 1061251200000,
        "cont_doy": 231,
        "cont_time": "2045",
        "fire_size": 0.1,
        "fire_size_class": "A",
        "latitude": 37.11,
        "longitude": -112.098,
        "owner_descr": "BLM",
        "state": "UT",
        "county": "Kane",
        "fips_code": "49025",
        "fips_name": "Kane County",
        "globalid": "{65056870-5321-424B-80AE-9B5B7DB6621A}"
      }
    },
    {
      "type": "Feature",
      "id": 344122,
      "geometry": {
        "type": "Point",
        "coordinates": [
          -111.98461133287003,
          37.20780561193765
        ]
      },
      "properties": {
        "objectid": 344122,
        "fod_id": 352947,
        "fpa_id": "W-118630",
        "source_system_type": "FED",
        "source_system": "DOI-WFMI",
        "nwcg_reporting_agency": "BLM",
        "nwcg_reporting_unit_id": "USUTCCD",
        "nwcg_reporting_unit_name": "Cedar City Field Office",
        "source_reporting_unit": "UTCCD",
        "source_reporting_unit_name": "Cedar City Field Office",
        "local_fire_report_id": null,
        "local_incident_id": null,
        "fire_code": "S295",
        "fire_name": "STARLIGHT",
        "ics_209_plus_incident_join_id": null,
        "ics_209_plus_complex_join_id": null,
        "mtbs_id": null,
        "mtbs_fire_name": null,
        "complex_name": null,
        "fire_year": 2003,
        "discovery_date": 1062633600000,
        "discovery_doy": 247,
        "discovery_time": "1700",
        "nwcg_cause_classification": "Natural",
        "nwcg_general_cause": "Natural",
        "nwcg_cause_age_category": null,
        "cont_date": 1062720000000,
        "cont_doy": 248,
        "cont_time": "1300",
        "fire_size": 0.1,
        "fire_size_class": "A",
        "latitude": 37.2078,
        "longitude": -111.9846,
        "owner_descr": "BLM",
        "state": "UT",
        "county": "Kane",
        "fips_code": "49025",
        "fips_name": "Kane County",
        "globalid": "{1E654B36-FF86-4660-ADD8-DEB4962BB5FE}"
      }
    },
    {
      "type": "Feature",
      "id": 344124,
      "geometry": {
        "type": "Point",
        "coordinates": [
          -112.03411133845633,
          37.166705603585854
        ]
      },
      "properties": {
        "objectid": 344124,
        "fod_id": 352949,
        "fpa_id": "W-118633",
        "source_system_type": "FED",
        "source_system": "DOI-WFMI",
        "nwcg_reporting_agency": "BLM",
        "nwcg_reporting_unit_id": "USUTCCD",
        "nwcg_reporting_unit_name": "Cedar City Field Office",
        "source_reporting_unit": "UTCCD",
        "source_reporting_unit_name": "Cedar City Field Office",
        "local_fire_report_id": null,
        "local_incident_id": null,
        "fire_code": "S297",
        "fire_name": "ARCH",
        "ics_209_plus_incident_join_id": null,
        "ics_209_plus_complex_join_id": null,
        "mtbs_id": null,
        "mtbs_fire_name": null,
        "complex_name": null,
        "fire_year": 2003,
        "discovery_date": 1062633600000,
        "discovery_doy": 247,
        "discovery_time": "1900",
        "nwcg_cause_classification": "Natural",
        "nwcg_general_cause": "Natural",
        "nwcg_cause_age_category": null,
        "cont_date": 1062633600000,
        "cont_doy": 247,
        "cont_time": "2000",
        "fire_size": 0.1,
        "fire_size_class": "A",
        "latitude": 37.1667,
        "longitude": -112.0341,
        "owner_descr": "BLM",
        "state": "UT",
        "county": "Kane",
        "fips_code": "49025",
        "fips_name": "Kane County",
        "globalid": "{D6FACD58-3B95-48FF-8FBD-A5D6CA1CBD3B}"
      }
    },
    {
      "type": "Feature",
      "id": 344137,
      "geometry": {
        "type": "Point",
        "coordinates": [
          -112.09491134963216,
          37.158305598545766
        ]
      },
      "properties": {
        "objectid": 344137,
        "fod_id": 352962,
        "fpa_id": "W-121365",
        "source_system_type": "FED",
        "source_system": "DOI-WFMI",
        "nwcg_reporting_agency": "BLM",
        "nwcg_reporting_unit_id": "USUTCCD",
        "nwcg_reporting_unit_name": "Cedar City Field Office",
        "source_reporting_unit": "UTCCD",
        "source_reporting_unit_name": "Cedar City Field Office",
        "local_fire_report_id": null,
        "local_incident_id": null,
        "fire_code": "A1P9",
        "fire_name": "KITCHEN",
        "ics_209_plus_incident_join_id": null,
        "ics_209_plus_complex_join_id": null,
        "mtbs_id": null,
        "mtbs_fire_name": null,
        "complex_name": null,
        "fire_year": 2004,
        "discovery_date": 1081900800000,
        "discovery_doy": 105,
        "discovery_time": "1232",
        "nwcg_cause_classification": "Natural",
        "nwcg_general_cause": "Natural",
        "nwcg_cause_age_category": null,
        "cont_date": 1082073600000,
        "cont_doy": 107,
        "cont_time": "1630",
        "fire_size": 0.1,
        "fire_size_class": "A",
        "latitude": 37.1583,
        "longitude": -112.0949,
        "owner_descr": "BLM",
        "state": "UT",
        "county": "Kane",
        "fips_code": "49025",
        "fips_name": "Kane County",
        "globalid": "{6AEBEA97-D002-4DEA-961B-443002B8621C}"
      }
    },
    {
      "type": "Feature",
      "id": 344233,
      "geometry": {
        "type": "Point",
        "coordinates": [
          -112.01071133470215,
          37.17530560619118
        ]
      },
      "properties": {
        "objectid": 344233,
        "fod_id": 353060,
        "fpa_id": "W-121829",
        "source_system_type": "FED",
        "source_system": "DOI-WFMI",
        "nwcg_reporting_agency": "BLM",
        "nwcg_reporting_unit_id": "USUTCCD",
        "nwcg_reporting_unit_name": "Cedar City Field Office",
        "source_reporting_unit": "UTCCD",
        "source_reporting_unit_name": "Cedar City Field Office",
        "local_fire_report_id": null,
        "local_incident_id": null,
        "fire_code": "A519",
        "fire_name": "HIGHWAY",
        "ics_209_plus_incident_join_id": null,
        "ics_209_plus_complex_join_id": null,
        "mtbs_id": null,
        "mtbs_fire_name": null,
        "complex_name": null,
        "fire_year": 2004,
        "discovery_date": 1088208000000,
        "discovery_doy": 178,
        "discovery_time": "1642",
        "nwcg_cause_classification": "Natural",
        "nwcg_general_cause": "Natural",
        "nwcg_cause_age_category": null,
        "cont_date": 1088208000000,
        "cont_doy": 178,
        "cont_time": "1800",
        "fire_size": 0.1,
        "fire_size_class": "A",
        "latitude": 37.1753,
        "longitude": -112.0107,
        "owner_descr": "BLM",
        "state": "UT",
        "county": "Kane",
        "fips_code": "49025",
        "fips_name": "Kane County",
        "globalid": "{77226905-4A19-4458-8654-4F75EE0BD812}"
      }
    },
    {
      "type": "Feature",
      "id": 344272,
      "geometry": {
        "type": "Point",
        "coordinates": [
          -112.01521132496028,
          37.071405593001224
        ]
      },
      "properties": {
        "objectid": 344272,
        "fod_id": 353100,
        "fpa_id": "W-124045",
        "source_system_type": "FED",
        "source_system": "DOI-WFMI",
        "nwcg_reporting_agency": "BLM",
        "nwcg_reporting_unit_id": "USUTCCD",
        "nwcg_reporting_unit_name": "Cedar City Field Office",
        "source_reporting_unit": "UTCCD",
        "source_reporting_unit_name": "Cedar City Field Office",
        "local_fire_report_id": null,
        "local_incident_id": null,
        "fire_code": "A8B1",
        "fire_name": "BUCKSKIN",
        "ics_209_plus_incident_join_id": null,
        "ics_209_plus_complex_join_id": null,
        "mtbs_id": null,
        "mtbs_fire_name": null,
        "complex_name": null,
        "fire_year": 2004,
        "discovery_date": 1090022400000,
        "discovery_doy": 199,
        "discovery_time": "1705",
        "nwcg_cause_classification": "Natural",
        "nwcg_general_cause": "Natural",
        "nwcg_cause_age_category": null,
        "cont_date": 1090022400000,
        "cont_doy": 199,
        "cont_time": "1930",
        "fire_size": 0.1,
        "fire_size_class": "A",
        "latitude": 37.0714,
        "longitude": -112.0152,
        "owner_descr": "BLM",
        "state": "UT",
        "county": "Kane",
        "fips_code": "49025",
        "fips_name": "Kane County",
        "globalid": "{79C4AE22-AE77-4C81-91C7-F12639B4924E}"
      }
    },
    {
      "type": "Feature",
      "id": 344280,
      "geometry": {
        "type": "Point",
        "coordinates": [
          -112.07661135046492,
          37.20160560510513
        ]
      },
      "properties": {
        "objectid": 344280,
        "fod_id": 353108,
        "fpa_id": "W-124061",
        "source_system_type": "FED",
        "source_system": "DOI-WFMI",
        "nwcg_reporting_agency": "BLM",
        "nwcg_reporting_unit_id": "USUTCCD",
        "nwcg_reporting_unit_name": "Cedar City Field Office",
        "source_reporting_unit": "UTCCD",
        "source_reporting_unit_name": "Cedar City Field Office",
        "local_fire_report_id": null,
        "local_incident_id": null,
        "fire_code": "A8V8",
        "fire_name": "8 MILE PAS",
        "ics_209_plus_incident_join_id": null,
        "ics_209_plus_complex_join_id": null,
        "mtbs_id": null,
        "mtbs_fire_name": null,
        "complex_name": null,
        "fire_year": 2004,
        "discovery_date": 1090281600000,
        "discovery_doy": 202,
        "discovery_time": "1620",
        "nwcg_cause_classification": "Natural",
        "nwcg_general_cause": "Natural",
        "nwcg_cause_age_category": null,
        "cont_date": 1090281600000,
        "cont_doy": 202,
        "cont_time": "2000",
        "fire_size": 0.1,
        "fire_size_class": "A",
        "latitude": 37.2016,
        "longitude": -112.0766,
        "owner_descr": "BLM",
        "state": "UT",
        "county": "Kane",
        "fips_code": "49025",
        "fips_name": "Kane County",
        "globalid": "{6110F020-9399-4718-8303-C535337042E0}"
      }
    },
    {
      "type": "Feature",
      "id": 344281,
      "geometry": {
        "type": "Point",
        "coordinates": [
          -112.04051134331472,
          37.201605607485234
        ]
      },
      "properties": {
        "objectid": 344281,
        "fod_id": 353109,
        "fpa_id": "W-124576",
        "source_system_type": "FED",
        "source_system": "DOI-WFMI",
        "nwcg_reporting_agency": "BLM",
        "nwcg_reporting_unit_id": "USUTCCD",
        "nwcg_reporting_unit_name": "Cedar City Field Office",
        "source_reporting_unit": "UTCCD",
        "source_reporting_unit_name": "Cedar City Field Office",
        "local_fire_report_id": null,
        "local_incident_id": null,
        "fire_code": "A8V5",
        "fire_name": "SAND GULCH",
        "ics_209_plus_incident_join_id": null,
        "ics_209_plus_complex_join_id": null,
        "mtbs_id": null,
        "mtbs_fire_name": null,
        "complex_name": null,
        "fire_year": 2004,
        "discovery_date": 1090281600000,
        "discovery_doy": 202,
        "discovery_time": "1620",
        "nwcg_cause_classification": "Natural",
        "nwcg_general_cause": "Natural",
        "nwcg_cause_age_category": null,
        "cont_date": 1090281600000,
        "cont_doy": 202,
        "cont_time": "2200",
        "fire_size": 0.1,
        "fire_size_class": "A",
        "latitude": 37.2016,
        "longitude": -112.0405,
        "owner_descr": "BLM",
        "state": "UT",
        "county": "Kane",
        "fips_code": "49025",
        "fips_name": "Kane County",
        "globalid": "{875CBD72-17FC-4487-BAC4-AB4E63AA65BB}"
      }
    },
    {
      "type": "Feature",
      "id": 344300,
      "geometry": {
        "type": "Point",
        "coordinates": [
          -111.97571132370858,
          37.13580560359119
        ]
      },
      "properties": {
        "objectid": 344300,
        "fod_id": 353128,
        "fpa_id": "W-124056",
        "source_system_type": "FED",
        "source_system": "DOI-WFMI",
        "nwcg_reporting_agency": "BLM",
        "nwcg_reporting_unit_id": "USUTCCD",
        "nwcg_reporting_unit_name": "Cedar City Field Office",
        "source_reporting_unit": "UTCCD",
        "source_reporting_unit_name": "Cedar City Field Office",
        "local_fire_report_id": null,
        "local_incident_id": null,
        "fire_code": "A81V",
        "fire_name": "DEAD TREE",
        "ics_209_plus_incident_join_id": null,
        "ics_209_plus_complex_join_id": null,
        "mtbs_id": null,
        "mtbs_fire_name": null,
        "complex_name": null,
        "fire_year": 2004,
        "discovery_date": 1090540800000,
        "discovery_doy": 205,
        "discovery_time": "1600",
        "nwcg_cause_classification": "Natural",
        "nwcg_general_cause": "Natural",
        "nwcg_cause_age_category": null,
        "cont_date": 1090540800000,
        "cont_doy": 205,
        "cont_time": "1723",
        "fire_size": 0.1,
        "fire_size_class": "A",
        "latitude": 37.1358,
        "longitude": -111.9757,
        "owner_descr": "BLM",
        "state": "UT",
        "county": "Kane",
        "fips_code": "49025",
        "fips_name": "Kane County",
        "globalid": "{0C177229-EFD7-46F7-9039-A1103657804C}"
      }
    },
    {
      "type": "Feature",
      "id": 344321,
      "geometry": {
        "type": "Point",
        "coordinates": [
          -111.98101132969595,
          37.18390560921208
        ]
      },
      "properties": {
        "objectid": 344321,
        "fod_id": 353149,
        "fpa_id": "W-124566",
        "source_system_type": "FED",
        "source_system": "DOI-WFMI",
        "nwcg_reporting_agency": "BLM",
        "nwcg_reporting_unit_id": "USUTCCD",
        "nwcg_reporting_unit_name": "Cedar City Field Office",
        "source_reporting_unit": "UTCCD",
        "source_reporting_unit_name": "Cedar City Field Office",
        "local_fire_report_id": null,
        "local_incident_id": null,
        "fire_code": "A9FA",
        "fire_name": "PHANTOM",
        "ics_209_plus_incident_join_id": null,
        "ics_209_plus_complex_join_id": null,
        "mtbs_id": null,
        "mtbs_fire_name": null,
        "complex_name": null,
        "fire_year": 2004,
        "discovery_date": 1090800000000,
        "discovery_doy": 208,
        "discovery_time": "1454",
        "nwcg_cause_classification": "Natural",
        "nwcg_general_cause": "Natural",
        "nwcg_cause_age_category": null,
        "cont_date": 1090800000000,
        "cont_doy": 208,
        "cont_time": "1800",
        "fire_size": 0.1,
        "fire_size_class": "A",
        "latitude": 37.1839,
        "longitude": -111.981,
        "owner_descr": "BLM",
        "state": "UT",
        "county": "Kane",
        "fips_code": "49025",
        "fips_name": "Kane County",
        "globalid": "{995EF920-DB61-4262-87F2-65D2FAD0FA3F}"
      }
    },
    {
      "type": "Feature",
      "id": 344325,
      "geometry": {
        "type": "Point",
        "coordinates": [
          -112.14351135613367,
          37.128005591603205
        ]
      },
      "properties": {
        "objectid": 344325,
        "fod_id": 353153,
        "fpa_id": "W-124644",
        "source_system_type": "FED",
        "source_system": "DOI-WFMI",
        "nwcg_reporting_agency": "BLM",
        "nwcg_reporting_unit_id": "USUTCCD",
        "nwcg_reporting_unit_name": "Cedar City Field Office",
        "source_reporting_unit": "UTCCD",
        "source_reporting_unit_name": "Cedar City Field Office",
        "local_fire_report_id": null,
        "local_incident_id": null,
        "fire_code": "BA6N",
        "fire_name": "FLAT WASH",
        "ics_209_plus_incident_join_id": null,
        "ics_209_plus_complex_join_id": null,
        "mtbs_id": null,
        "mtbs_fire_name": null,
        "complex_name": null,
        "fire_year": 2004,
        "discovery_date": 1090800000000,
        "discovery_doy": 208,
        "discovery_time": "1820",
        "nwcg_cause_classification": "Natural",
        "nwcg_general_cause": "Natural",
        "nwcg_cause_age_category": null,
        "cont_date": 1090800000000,
        "cont_doy": 208,
        "cont_time": "2200",
        "fire_size": 0.1,
        "fire_size_class": "A",
        "latitude": 37.128,
        "longitude": -112.1435,
        "owner_descr": "BLM",
        "state": "UT",
        "county": "Kane",
        "fips_code": "49025",
        "fips_name": "Kane County",
        "globalid": "{C3C5DA84-AC09-4766-B618-0412D97CD719}"
      }
    },
    {
      "type": "Feature",
      "id": 344343,
      "geometry": {
        "type": "Point",
        "coordinates": [
          -112.16071136024996,
          37.13500559133768
        ]
      },
      "properties": {
        "objectid": 344343,
        "fod_id": 353171,
        "fpa_id": "W-502103",
        "source_system_type": "FED",
        "source_system": "DOI-WFMI",
        "nwcg_reporting_agency": "BLM",
        "nwcg_reporting_unit_id": "USUTCCD",
        "nwcg_reporting_unit_name": "Cedar City Field Office",
        "source_reporting_unit": "UTCCD",
        "source_reporting_unit_name": "Cedar City Field Office",
        "local_fire_report_id": null,
        "local_incident_id": null,
        "fire_code": "BH6Y",
        "fire_name": "BUCKSKIN2",
        "ics_209_plus_incident_join_id": null,
        "ics_209_plus_complex_join_id": null,
        "mtbs_id": null,
        "mtbs_fire_name": null,
        "complex_name": null,
        "fire_year": 2004,
        "discovery_date": 1091404800000,
        "discovery_doy": 215,
        "discovery_time": "0857",
        "nwcg_cause_classification": "Natural",
        "nwcg_general_cause": "Natural",
        "nwcg_cause_age_category": null,
        "cont_date": 1091404800000,
        "cont_doy": 215,
        "cont_time": "1400",
        "fire_size": 0.1,
        "fire_size_class": "A",
        "latitude": 37.135,
        "longitude": -112.1607,
        "owner_descr": "BLM",
        "state": "UT",
        "county": "Kane",
        "fips_code": "49025",
        "fips_name": "Kane County",
        "globalid": "{4C143C81-796A-458F-84AB-764CC516E341}"
      }
    },
    {
      "type": "Feature",
      "id": 344344,
      "geometry": {
        "type": "Point",
        "coordinates": [
          -112.11851135182724,
          37.13420559401291
        ]
      },
      "properties": {
        "objectid": 344344,
        "fod_id": 353172,
        "fpa_id": "W-502106",
        "source_system_type": "FED",
        "source_system": "DOI-WFMI",
        "nwcg_reporting_agency": "BLM",
        "nwcg_reporting_unit_id": "USUTCCD",
        "nwcg_reporting_unit_name": "Cedar City Field Office",
        "source_reporting_unit": "UTCCD",
        "source_reporting_unit_name": "Cedar City Field Office",
        "local_fire_report_id": null,
        "local_incident_id": null,
        "fire_code": "BH6Z",
        "fire_name": "TELE FLAT",
        "ics_209_plus_incident_join_id": null,
        "ics_209_plus_complex_join_id": null,
        "mtbs_id": null,
        "mtbs_fire_name": null,
        "complex_name": null,
        "fire_year": 2004,
        "discovery_date": 1091404800000,
        "discovery_doy": 215,
        "discovery_time": "0904",
        "nwcg_cause_classification": "Natural",
        "nwcg_general_cause": "Natural",
        "nwcg_cause_age_category": null,
        "cont_date": 1091404800000,
        "cont_doy": 215,
        "cont_time": "1200",
        "fire_size": 0.1,
        "fire_size_class": "A",
        "latitude": 37.1342,
        "longitude": -112.1185,
        "owner_descr": "BLM",
        "state": "UT",
        "county": "Kane",
        "fips_code": "49025",
        "fips_name": "Kane County",
        "globalid": "{39C6C0DB-C72A-4B2E-B4A9-A282FA838AF2}"
      }
    },
    {
      "type": "Feature",
      "id": 344349,
      "geometry": {
        "type": "Point",
        "coordinates": [
          -112.0157113286622,
          37.10670559735333
        ]
      },
      "properties": {
        "objectid": 344349,
        "fod_id": 353178,
        "fpa_id": "W-124629",
        "source_system_type": "FED",
        "source_system": "DOI-WFMI",
        "nwcg_reporting_agency": "BLM",
        "nwcg_reporting_unit_id": "USUTCCD",
        "nwcg_reporting_unit_name": "Cedar City Field Office",
        "source_reporting_unit": "UTCCD",
        "source_reporting_unit_name": "Cedar City Field Office",
        "local_fire_report_id": null,
        "local_incident_id": null,
        "fire_code": "BA6J",
        "fire_name": "BUCK",
        "ics_209_plus_incident_join_id": null,
        "ics_209_plus_complex_join_id": null,
        "mtbs_id": null,
        "mtbs_fire_name": null,
        "complex_name": null,
        "fire_year": 2004,
        "discovery_date": 1091404800000,
        "discovery_doy": 215,
        "discovery_time": "1558",
        "nwcg_cause_classification": "Natural",
        "nwcg_general_cause": "Natural",
        "nwcg_cause_age_category": null,
        "cont_date": 1091404800000,
        "cont_doy": 215,
        "cont_time": "2200",
        "fire_size": 0.1,
        "fire_size_class": "A",
        "latitude": 37.1067,
        "longitude": -112.0157,
        "owner_descr": "BLM",
        "state": "UT",
        "county": "Kane",
        "fips_code": "49025",
        "fips_name": "Kane County",
        "globalid": "{BF5D45C2-8FE5-4EF0-919C-16954967D830}"
      }
    },
    {
      "type": "Feature",
      "id": 344350,
      "geometry": {
        "type": "Point",
        "coordinates": [
          -112.13571135377244,
          37.12000559112648
        ]
      },
      "properties": {
        "objectid": 344350,
        "fod_id": 353179,
        "fpa_id": "W-124621",
        "source_system_type": "FED",
        "source_system": "DOI-WFMI",
        "nwcg_reporting_agency": "BLM",
        "nwcg_reporting_unit_id": "USUTCCD",
        "nwcg_reporting_unit_name": "Cedar City Field Office",
        "source_reporting_unit": "UTCCD",
        "source_reporting_unit_name": "Cedar City Field Office",
        "local_fire_report_id": null,
        "local_incident_id": null,
        "fire_code": "BA6H",
        "fire_name": "AQUADUCT",
        "ics_209_plus_incident_join_id": null,
        "ics_209_plus_complex_join_id": null,
        "mtbs_id": null,
        "mtbs_fire_name": null,
        "complex_name": null,
        "fire_year": 2004,
        "discovery_date": 1091404800000,
        "discovery_doy": 215,
        "discovery_time": "1711",
        "nwcg_cause_classification": "Natural",
        "nwcg_general_cause": "Natural",
        "nwcg_cause_age_category": null,
        "cont_date": 1091404800000,
        "cont_doy": 215,
        "cont_time": "2200",
        "fire_size": 0.1,
        "fire_size_class": "A",
        "latitude": 37.12,
        "longitude": -112.1357,
        "owner_descr": "BLM",
        "state": "UT",
        "county": "Iron",
        "fips_code": "49021",
        "fips_name": "Iron County",
        "globalid": "{E4A1F1DF-8D2A-4CA7-B1EE-E9F015D03640}"
      }
    },
    {
      "type": "Feature",
      "id": 344352,
      "geometry": {
        "type": "Point",
        "coordinates": [
          -112.09571135628805,
          37.22140560629096
        ]
      },
      "properties": {
        "objectid": 344352,
        "fod_id": 353181,
        "fpa_id": "W-124634",
        "source_system_type": "FED",
        "source_system": "DOI-WFMI",
        "nwcg_reporting_agency": "BLM",
        "nwcg_reporting_unit_id": "USUTCCD",
        "nwcg_reporting_unit_name": "Cedar City Field Office",
        "source_reporting_unit": "UTCCD",
        "source_reporting_unit_name": "Cedar City Field Office",
        "local_fire_report_id": null,
        "local_incident_id": null,
        "fire_code": "BA87",
        "fire_name": "CANYON",
        "ics_209_plus_incident_join_id": null,
        "ics_209_plus_complex_join_id": null,
        "mtbs_id": null,
        "mtbs_fire_name": null,
        "complex_name": null,
        "fire_year": 2004,
        "discovery_date": 1091404800000,
        "discovery_doy": 215,
        "discovery_time": "1807",
        "nwcg_cause_classification": "Natural",
        "nwcg_general_cause": "Natural",
        "nwcg_cause_age_category": null,
        "cont_date": 1091404800000,
        "cont_doy": 215,
        "cont_time": "2200",
        "fire_size": 0.1,
        "fire_size_class": "A",
        "latitude": 37.2214,
        "longitude": -112.0957,
        "owner_descr": "BLM",
        "state": "UT",
        "county": "Kane",
        "fips_code": "49025",
        "fips_name": "Kane County",
        "globalid": "{E7265655-8951-43AC-872E-B28E9CC3FB65}"
      }
    },
    {
      "type": "Feature",
      "id": 344470,
      "geometry": {
        "type": "Point",
        "coordinates": [
          -112.07031134402423,
          37.15110559927289
        ]
      },
      "properties": {
        "objectid": 344470,
        "fod_id": 353311,
        "fpa_id": "W-501560",
        "source_system_type": "FED",
        "source_system": "DOI-WFMI",
        "nwcg_reporting_agency": "BLM",
        "nwcg_reporting_unit_id": "USUTCCD",
        "nwcg_reporting_unit_name": "Cedar City Field Office",
        "source_reporting_unit": "UTCCD",
        "source_reporting_unit_name": "Cedar City Field Office",
        "local_fire_report_id": null,
        "local_incident_id": null,
        "fire_code": "BV3P",
        "fire_name": "5 MILE",
        "ics_209_plus_incident_join_id": null,
        "ics_209_plus_complex_join_id": null,
        "mtbs_id": null,
        "mtbs_fire_name": null,
        "complex_name": null,
        "fire_year": 2005,
        "discovery_date": 1119484800000,
        "discovery_doy": 174,
        "discovery_time": "1838",
        "nwcg_cause_classification": "Natural",
        "nwcg_general_cause": "Natural",
        "nwcg_cause_age_category": null,
        "cont_date": 1119484800000,
        "cont_doy": 174,
        "cont_time": "2000",
        "fire_size": 0.1,
        "fire_size_class": "A",
        "latitude": 37.1511,
        "longitude": -112.0703,
        "owner_descr": "BLM",
        "state": "UT",
        "county": "Kane",
        "fips_code": "49025",
        "fips_name": "Kane County",
        "globalid": "{7021E20C-6484-4A07-BDC7-EFB081D1C5B3}"
      }
    },
    {
      "type": "Feature",
      "id": 344475,
      "geometry": {
        "type": "Point",
        "coordinates": [
          -112.08331134366536,
          37.12250559487711
        ]
      },
      "properties": {
        "objectid": 344475,
        "fod_id": 353316,
        "fpa_id": "W-505366",
        "source_system_type": "FED",
        "source_system": "DOI-WFMI",
        "nwcg_reporting_agency": "BLM",
        "nwcg_reporting_unit_id": "USUTCCD",
        "nwcg_reporting_unit_name": "Cedar City Field Office",
        "source_reporting_unit": "UTCCD",
        "source_reporting_unit_name": "Cedar City Field Office",
        "local_fire_report_id": null,
        "local_incident_id": null,
        "fire_code": "BV9J",
        "fire_name": "PARIA2",
        "ics_209_plus_incident_join_id": null,
        "ics_209_plus_complex_join_id": null,
        "mtbs_id": null,
        "mtbs_fire_name": null,
        "complex_name": null,
        "fire_year": 2005,
        "discovery_date": 1119657600000,
        "discovery_doy": 176,
        "discovery_time": "1612",
        "nwcg_cause_classification": "Natural",
        "nwcg_general_cause": "Natural",
        "nwcg_cause_age_category": null,
        "cont_date": 1119657600000,
        "cont_doy": 176,
        "cont_time": "1852",
        "fire_size": 0.1,
        "fire_size_class": "A",
        "latitude": 37.1225,
        "longitude": -112.0833,
        "owner_descr": "BLM",
        "state": "UT",
        "county": "Kane",
        "fips_code": "49025",
        "fips_name": "Kane County",
        "globalid": "{25D20FD7-1801-41E4-A464-04BD4FF9549B}"
      }
    },
    {
      "type": "Feature",
      "id": 344481,
      "geometry": {
        "type": "Point",
        "coordinates": [
          -111.97361132816607,
          37.183305609624725
        ]
      },
      "properties": {
        "objectid": 344481,
        "fod_id": 353322,
        "fpa_id": "W-501568",
        "source_system_type": "FED",
        "source_system": "DOI-WFMI",
        "nwcg_reporting_agency": "BLM",
        "nwcg_reporting_unit_id": "USUTCCD",
        "nwcg_reporting_unit_name": "Cedar City Field Office",
        "source_reporting_unit": "UTCCD",
        "source_reporting_unit_name": "Cedar City Field Office",
        "local_fire_report_id": null,
        "local_incident_id": null,
        "fire_code": "BWX5",
        "fire_name": "PELLET",
        "ics_209_plus_incident_join_id": null,
        "ics_209_plus_complex_join_id": null,
        "mtbs_id": null,
        "mtbs_fire_name": null,
        "complex_name": null,
        "fire_year": 2005,
        "discovery_date": 1119916800000,
        "discovery_doy": 179,
        "discovery_time": "0817",
        "nwcg_cause_classification": "Natural",
        "nwcg_general_cause": "Natural",
        "nwcg_cause_age_category": null,
        "cont_date": 1119916800000,
        "cont_doy": 179,
        "cont_time": "1000",
        "fire_size": 1,
        "fire_size_class": "B",
        "latitude": 37.1833,
        "longitude": -111.9736,
        "owner_descr": "BLM",
        "state": "UT",
        "county": "Kane",
        "fips_code": "49025",
        "fips_name": "Kane County",
        "globalid": "{A0561B5F-F4F7-48E2-A053-EC11761CBBD2}"
      }
    },
    {
      "type": "Feature",
      "id": 344494,
      "geometry": {
        "type": "Point",
        "coordinates": [
          -112.14111135219969,
          37.09420558758019
        ]
      },
      "properties": {
        "objectid": 344494,
        "fod_id": 353336,
        "fpa_id": "W-505629",
        "source_system_type": "FED",
        "source_system": "DOI-WFMI",
        "nwcg_reporting_agency": "BLM",
        "nwcg_reporting_unit_id": "USUTCCD",
        "nwcg_reporting_unit_name": "Cedar City Field Office",
        "source_reporting_unit": "UTCCD",
        "source_reporting_unit_name": "Cedar City Field Office",
        "local_fire_report_id": null,
        "local_incident_id": null,
        "fire_code": "BXT8",
        "fire_name": "HIGHWAY",
        "ics_209_plus_incident_join_id": null,
        "ics_209_plus_complex_join_id": null,
        "mtbs_id": null,
        "mtbs_fire_name": null,
        "complex_name": null,
        "fire_year": 2005,
        "discovery_date": 1120262400000,
        "discovery_doy": 183,
        "discovery_time": "0914",
        "nwcg_cause_classification": "Human",
        "nwcg_general_cause": "Equipment and vehicle use",
        "nwcg_cause_age_category": null,
        "cont_date": 1120262400000,
        "cont_doy": 183,
        "cont_time": "1800",
        "fire_size": 6,
        "fire_size_class": "B",
        "latitude": 37.0942,
        "longitude": -112.1411,
        "owner_descr": "BLM",
        "state": "UT",
        "county": "Kane",
        "fips_code": "49025",
        "fips_name": "Kane County",
        "globalid": "{5FD65944-87B9-4282-B7E0-0A5141F51563}"
      }
    },
    {
      "type": "Feature",
      "id": 344600,
      "geometry": {
        "type": "Point",
        "coordinates": [
          -111.99141132512328,
          37.11920560049919
        ]
      },
      "properties": {
        "objectid": 344600,
        "fod_id": 353444,
        "fpa_id": "W-521655",
        "source_system_type": "FED",
        "source_system": "DOI-WFMI",
        "nwcg_reporting_agency": "BLM",
        "nwcg_reporting_unit_id": "USUTCCD",
        "nwcg_reporting_unit_name": "Cedar City Field Office",
        "source_reporting_unit": "UTCCD",
        "source_reporting_unit_name": "Cedar City Field Office",
        "local_fire_report_id": null,
        "local_incident_id": null,
        "fire_code": "CJ5L",
        "fire_name": "5 MILE",
        "ics_209_plus_incident_join_id": null,
        "ics_209_plus_complex_join_id": null,
        "mtbs_id": null,
        "mtbs_fire_name": null,
        "complex_name": null,
        "fire_year": 2006,
        "discovery_date": 1146355200000,
        "discovery_doy": 120,
        "discovery_time": "1300",
        "nwcg_cause_classification": "Natural",
        "nwcg_general_cause": "Natural",
        "nwcg_cause_age_category": null,
        "cont_date": 1146441600000,
        "cont_doy": 121,
        "cont_time": "1100",
        "fire_size": 0.3,
        "fire_size_class": "B",
        "latitude": 37.1192,
        "longitude": -111.9914,
        "owner_descr": "BLM",
        "state": "UT",
        "county": "Kane",
        "fips_code": "49025",
        "fips_name": "Kane County",
        "globalid": "{CDF5313A-4913-4CFC-BCA1-F2A2B59C3B3C}"
      }
    },
    {
      "type": "Feature",
      "id": 344601,
      "geometry": {
        "type": "Point",
        "coordinates": [
          -111.98641133131231,
          37.1892056095137
        ]
      },
      "properties": {
        "objectid": 344601,
        "fod_id": 353445,
        "fpa_id": "W-521236",
        "source_system_type": "FED",
        "source_system": "DOI-WFMI",
        "nwcg_reporting_agency": "BLM",
        "nwcg_reporting_unit_id": "USUTCCD",
        "nwcg_reporting_unit_name": "Cedar City Field Office",
        "source_reporting_unit": "UTCCD",
        "source_reporting_unit_name": "Cedar City Field Office",
        "local_fire_report_id": null,
        "local_incident_id": null,
        "fire_code": "CJ5H",
        "fire_name": "DEPUTY",
        "ics_209_plus_incident_join_id": null,
        "ics_209_plus_complex_join_id": null,
        "mtbs_id": null,
        "mtbs_fire_name": null,
        "complex_name": null,
        "fire_year": 2006,
        "discovery_date": 1146355200000,
        "discovery_doy": 120,
        "discovery_time": "1530",
        "nwcg_cause_classification": "Natural",
        "nwcg_general_cause": "Natural",
        "nwcg_cause_age_category": null,
        "cont_date": 1146355200000,
        "cont_doy": 120,
        "cont_time": "1945",
        "fire_size": 0.1,
        "fire_size_class": "A",
        "latitude": 37.1892,
        "longitude": -111.9864,
        "owner_descr": "BLM",
        "state": "UT",
        "county": "Kane",
        "fips_code": "49025",
        "fips_name": "Kane County",
        "globalid": "{049708A6-D414-4682-9503-B29363800644}"
      }
    },
    {
      "type": "Feature",
      "id": 344668,
      "geometry": {
        "type": "Point",
        "coordinates": [
          -112.17001136957698,
          37.20780559970806
        ]
      },
      "properties": {
        "objectid": 344668,
        "fod_id": 353519,
        "fpa_id": "W-528806",
        "source_system_type": "FED",
        "source_system": "DOI-WFMI",
        "nwcg_reporting_agency": "BLM",
        "nwcg_reporting_unit_id": "USUTCCD",
        "nwcg_reporting_unit_name": "Cedar City Field Office",
        "source_reporting_unit": "UTCCD",
        "source_reporting_unit_name": "Cedar City Field Office",
        "local_fire_report_id": null,
        "local_incident_id": null,
        "fire_code": "CW7W",
        "fire_name": "RAZER",
        "ics_209_plus_incident_join_id": null,
        "ics_209_plus_complex_join_id": null,
        "mtbs_id": null,
        "mtbs_fire_name": null,
        "complex_name": null,
        "fire_year": 2006,
        "discovery_date": 1152316800000,
        "discovery_doy": 189,
        "discovery_time": "2000",
        "nwcg_cause_classification": "Natural",
        "nwcg_general_cause": "Natural",
        "nwcg_cause_age_category": null,
        "cont_date": 1152403200000,
        "cont_doy": 190,
        "cont_time": "1200",
        "fire_size": 0.3,
        "fire_size_class": "B",
        "latitude": 37.2078,
        "longitude": -112.17,
        "owner_descr": "BLM",
        "state": "UT",
        "county": "Kane",
        "fips_code": "49025",
        "fips_name": "Kane County",
        "globalid": "{3F8F1548-5A89-4DC8-BD67-42033842A8A4}"
      }
    },
    {
      "type": "Feature",
      "id": 344676,
      "geometry": {
        "type": "Point",
        "coordinates": [
          -112.11221135462726,
          37.17360559929856
        ]
      },
      "properties": {
        "objectid": 344676,
        "fod_id": 353528,
        "fpa_id": "W-528847",
        "source_system_type": "FED",
        "source_system": "DOI-WFMI",
        "nwcg_reporting_agency": "BLM",
        "nwcg_reporting_unit_id": "USUTCCD",
        "nwcg_reporting_unit_name": "Cedar City Field Office",
        "source_reporting_unit": "UTCCD",
        "source_reporting_unit_name": "Cedar City Field Office",
        "local_fire_report_id": null,
        "local_incident_id": null,
        "fire_code": "CX1A",
        "fire_name": "VERMILLION",
        "ics_209_plus_incident_join_id": null,
        "ics_209_plus_complex_join_id": null,
        "mtbs_id": null,
        "mtbs_fire_name": null,
        "complex_name": null,
        "fire_year": 2006,
        "discovery_date": 1152489600000,
        "discovery_doy": 191,
        "discovery_time": "1840",
        "nwcg_cause_classification": "Natural",
        "nwcg_general_cause": "Natural",
        "nwcg_cause_age_category": null,
        "cont_date": 1152576000000,
        "cont_doy": 192,
        "cont_time": "1140",
        "fire_size": 0.1,
        "fire_size_class": "A",
        "latitude": 37.1736,
        "longitude": -112.1122,
        "owner_descr": "BLM",
        "state": "UT",
        "county": "Kane",
        "fips_code": "49025",
        "fips_name": "Kane County",
        "globalid": "{AC1DF33C-A5BA-47D8-8344-76A8FC198493}"
      }
    },
    {
      "type": "Feature",
      "id": 344677,
      "geometry": {
        "type": "Point",
        "coordinates": [
          -112.04501133097509,
          37.072505591187436
        ]
      },
      "properties": {
        "objectid": 344677,
        "fod_id": 353529,
        "fpa_id": "W-528876",
        "source_system_type": "FED",
        "source_system": "DOI-WFMI",
        "nwcg_reporting_agency": "BLM",
        "nwcg_reporting_unit_id": "USUTCCD",
        "nwcg_reporting_unit_name": "Cedar City Field Office",
        "source_reporting_unit": "UTCCD",
        "source_reporting_unit_name": "Cedar City Field Office",
        "local_fire_report_id": null,
        "local_incident_id": null,
        "fire_code": "CX07",
        "fire_name": "WIRE",
        "ics_209_plus_incident_join_id": null,
        "ics_209_plus_complex_join_id": null,
        "mtbs_id": null,
        "mtbs_fire_name": null,
        "complex_name": null,
        "fire_year": 2006,
        "discovery_date": 1152489600000,
        "discovery_doy": 191,
        "discovery_time": "1900",
        "nwcg_cause_classification": "Natural",
        "nwcg_general_cause": "Natural",
        "nwcg_cause_age_category": null,
        "cont_date": 1152489600000,
        "cont_doy": 191,
        "cont_time": "2200",
        "fire_size": 0.1,
        "fire_size_class": "A",
        "latitude": 37.0725,
        "longitude": -112.045,
        "owner_descr": "BLM",
        "state": "UT",
        "county": "Kane",
        "fips_code": "49025",
        "fips_name": "Kane County",
        "globalid": "{85F70E6A-828D-44A1-80CB-9390F6D72298}"
      }
    },
    {
      "type": "Feature",
      "id": 344777,
      "geometry": {
        "type": "Point",
        "coordinates": [
          -112.14171136111909,
          37.180005598145556
        ]
      },
      "properties": {
        "objectid": 344777,
        "fod_id": 353634,
        "fpa_id": "W-528759",
        "source_system_type": "FED",
        "source_system": "DOI-WFMI",
        "nwcg_reporting_agency": "BLM",
        "nwcg_reporting_unit_id": "USUTCCD",
        "nwcg_reporting_unit_name": "Cedar City Field Office",
        "source_reporting_unit": "UTCCD",
        "source_reporting_unit_name": "Cedar City Field Office",
        "local_fire_report_id": null,
        "local_incident_id": null,
        "fire_code": "C1Y1",
        "fire_name": "PARK WASH",
        "ics_209_plus_incident_join_id": null,
        "ics_209_plus_complex_join_id": null,
        "mtbs_id": null,
        "mtbs_fire_name": null,
        "complex_name": null,
        "fire_year": 2006,
        "discovery_date": 1154044800000,
        "discovery_doy": 209,
        "discovery_time": "1700",
        "nwcg_cause_classification": "Natural",
        "nwcg_general_cause": "Natural",
        "nwcg_cause_age_category": null,
        "cont_date": 1154217600000,
        "cont_doy": 211,
        "cont_time": "1200",
        "fire_size": 0.1,
        "fire_size_class": "A",
        "latitude": 37.18,
        "longitude": -112.1417,
        "owner_descr": "BLM",
        "state": "UT",
        "county": "Kane",
        "fips_code": "49025",
        "fips_name": "Kane County",
        "globalid": "{682BF693-678C-4A77-B5E7-3D948D60AE25}"
      }
    },
    {
      "type": "Feature",
      "id": 344830,
      "geometry": {
        "type": "Point",
        "coordinates": [
          -112.07471134444371,
          37.14670559843886
        ]
      },
      "properties": {
        "objectid": 344830,
        "fod_id": 353688,
        "fpa_id": "W-532043",
        "source_system_type": "FED",
        "source_system": "DOI-WFMI",
        "nwcg_reporting_agency": "BLM",
        "nwcg_reporting_unit_id": "USUTCCD",
        "nwcg_reporting_unit_name": "Cedar City Field Office",
        "source_reporting_unit": "UTCCD",
        "source_reporting_unit_name": "Cedar City Field Office",
        "local_fire_report_id": null,
        "local_incident_id": null,
        "fire_code": "C42J",
        "fire_name": "FRYING PAN",
        "ics_209_plus_incident_join_id": null,
        "ics_209_plus_complex_join_id": null,
        "mtbs_id": null,
        "mtbs_fire_name": null,
        "complex_name": null,
        "fire_year": 2006,
        "discovery_date": 1156291200000,
        "discovery_doy": 235,
        "discovery_time": "1800",
        "nwcg_cause_classification": "Natural",
        "nwcg_general_cause": "Natural",
        "nwcg_cause_age_category": null,
        "cont_date": 1156377600000,
        "cont_doy": 236,
        "cont_time": "1345",
        "fire_size": 0.1,
        "fire_size_class": "A",
        "latitude": 37.1467,
        "longitude": -112.0747,
        "owner_descr": "BLM",
        "state": "UT",
        "county": "Kane",
        "fips_code": "49025",
        "fips_name": "Kane County",
        "globalid": "{83E47635-96CA-43D5-B79A-3A802607280F}"
      }
    },
    {
      "type": "Feature",
      "id": 344831,
      "geometry": {
        "type": "Point",
        "coordinates": [
          -112.02881133694399,
          37.16220560337696
        ]
      },
      "properties": {
        "objectid": 344831,
        "fod_id": 353689,
        "fpa_id": "W-533563",
        "source_system_type": "FED",
        "source_system": "DOI-WFMI",
        "nwcg_reporting_agency": "BLM",
        "nwcg_reporting_unit_id": "USUTCCD",
        "nwcg_reporting_unit_name": "Cedar City Field Office",
        "source_reporting_unit": "UTCCD",
        "source_reporting_unit_name": "Cedar City Field Office",
        "local_fire_report_id": null,
        "local_incident_id": null,
        "fire_code": "C45M",
        "fire_name": "WILDCAD 1179",
        "ics_209_plus_incident_join_id": null,
        "ics_209_plus_complex_join_id": null,
        "mtbs_id": null,
        "mtbs_fire_name": null,
        "complex_name": null,
        "fire_year": 2006,
        "discovery_date": 1156291200000,
        "discovery_doy": 235,
        "discovery_time": "1836",
        "nwcg_cause_classification": "Natural",
        "nwcg_general_cause": "Natural",
        "nwcg_cause_age_category": null,
        "cont_date": 1156291200000,
        "cont_doy": 235,
        "cont_time": "2000",
        "fire_size": 0.1,
        "fire_size_class": "A",
        "latitude": 37.1622,
        "longitude": -112.0288,
        "owner_descr": "BLM",
        "state": "UT",
        "county": "Kane",
        "fips_code": "49025",
        "fips_name": "Kane County",
        "globalid": "{E25125CE-12F4-4EDC-9318-84A1685BB70C}"
      }
    },
    {
      "type": "Feature",
      "id": 344832,
      "geometry": {
        "type": "Point",
        "coordinates": [
          -112.0433113369139,
          37.133905598916485
        ]
      },
      "properties": {
        "objectid": 344832,
        "fod_id": 353690,
        "fpa_id": "W-533564",
        "source_system_type": "FED",
        "source_system": "DOI-WFMI",
        "nwcg_reporting_agency": "BLM",
        "nwcg_reporting_unit_id": "USUTCCD",
        "nwcg_reporting_unit_name": "Cedar City Field Office",
        "source_reporting_unit": "UTCCD",
        "source_reporting_unit_name": "Cedar City Field Office",
        "local_fire_report_id": null,
        "local_incident_id": null,
        "fire_code": "C45N",
        "fire_name": "WILDCAD 1181",
        "ics_209_plus_incident_join_id": null,
        "ics_209_plus_complex_join_id": null,
        "mtbs_id": null,
        "mtbs_fire_name": null,
        "complex_name": null,
        "fire_year": 2006,
        "discovery_date": 1156291200000,
        "discovery_doy": 235,
        "discovery_time": "1838",
        "nwcg_cause_classification": "Natural",
        "nwcg_general_cause": "Natural",
        "nwcg_cause_age_category": null,
        "cont_date": 1156291200000,
        "cont_doy": 235,
        "cont_time": "2000",
        "fire_size": 0.1,
        "fire_size_class": "A",
        "latitude": 37.1339,
        "longitude": -112.0433,
        "owner_descr": "BLM",
        "state": "UT",
        "county": "Kane",
        "fips_code": "49025",
        "fips_name": "Kane County",
        "globalid": "{DE72CFB1-650E-4015-8760-04E750718B60}"
      }
    },
    {
      "type": "Feature",
      "id": 344834,
      "geometry": {
        "type": "Point",
        "coordinates": [
          -112.04191133606291,
          37.12830559831417
        ]
      },
      "properties": {
        "objectid": 344834,
        "fod_id": 353692,
        "fpa_id": "W-533565",
        "source_system_type": "FED",
        "source_system": "DOI-WFMI",
        "nwcg_reporting_agency": "BLM",
        "nwcg_reporting_unit_id": "USUTCCD",
        "nwcg_reporting_unit_name": "Cedar City Field Office",
        "source_reporting_unit": "UTCCD",
        "source_reporting_unit_name": "Cedar City Field Office",
        "local_fire_report_id": null,
        "local_incident_id": null,
        "fire_code": "C45R",
        "fire_name": "WILDCAD 1183",
        "ics_209_plus_incident_join_id": null,
        "ics_209_plus_complex_join_id": null,
        "mtbs_id": null,
        "mtbs_fire_name": null,
        "complex_name": null,
        "fire_year": 2006,
        "discovery_date": 1156291200000,
        "discovery_doy": 235,
        "discovery_time": "1843",
        "nwcg_cause_classification": "Natural",
        "nwcg_general_cause": "Natural",
        "nwcg_cause_age_category": null,
        "cont_date": 1156377600000,
        "cont_doy": 236,
        "cont_time": "1843",
        "fire_size": 0.1,
        "fire_size_class": "A",
        "latitude": 37.1283,
        "longitude": -112.0419,
        "owner_descr": "BLM",
        "state": "UT",
        "county": "Kane",
        "fips_code": "49025",
        "fips_name": "Kane County",
        "globalid": "{0C45B019-43AD-4A95-A529-0220836F9FC5}"
      }
    },
    {
      "type": "Feature",
      "id": 344836,
      "geometry": {
        "type": "Point",
        "coordinates": [
          -111.98471132854972,
          37.165605606698826
        ]
      },
      "properties": {
        "objectid": 344836,
        "fod_id": 353694,
        "fpa_id": "W-533620",
        "source_system_type": "FED",
        "source_system": "DOI-WFMI",
        "nwcg_reporting_agency": "BLM",
        "nwcg_reporting_unit_id": "USUTCCD",
        "nwcg_reporting_unit_name": "Cedar City Field Office",
        "source_reporting_unit": "UTCCD",
        "source_reporting_unit_name": "Cedar City Field Office",
        "local_fire_report_id": null,
        "local_incident_id": null,
        "fire_code": "C45T",
        "fire_name": "WILDCAD 1185",
        "ics_209_plus_incident_join_id": null,
        "ics_209_plus_complex_join_id": null,
        "mtbs_id": null,
        "mtbs_fire_name": null,
        "complex_name": null,
        "fire_year": 2006,
        "discovery_date": 1156291200000,
        "discovery_doy": 235,
        "discovery_time": "1907",
        "nwcg_cause_classification": "Natural",
        "nwcg_general_cause": "Natural",
        "nwcg_cause_age_category": null,
        "cont_date": 1156377600000,
        "cont_doy": 236,
        "cont_time": "1907",
        "fire_size": 0.1,
        "fire_size_class": "A",
        "latitude": 37.1656,
        "longitude": -111.9847,
        "owner_descr": "BLM",
        "state": "UT",
        "county": "Kane",
        "fips_code": "49025",
        "fips_name": "Kane County",
        "globalid": "{2E4AF731-2C7D-4794-A074-40DA503E2814}"
      }
    },
    {
      "type": "Feature",
      "id": 344837,
      "geometry": {
        "type": "Point",
        "coordinates": [
          -112.03581133229699,
          37.10330559561343
        ]
      },
      "properties": {
        "objectid": 344837,
        "fod_id": 353695,
        "fpa_id": "W-533624",
        "source_system_type": "FED",
        "source_system": "DOI-WFMI",
        "nwcg_reporting_agency": "BLM",
        "nwcg_reporting_unit_id": "USUTCCD",
        "nwcg_reporting_unit_name": "Cedar City Field Office",
        "source_reporting_unit": "UTCCD",
        "source_reporting_unit_name": "Cedar City Field Office",
        "local_fire_report_id": null,
        "local_incident_id": null,
        "fire_code": "C45U",
        "fire_name": "WILDCAD 1186",
        "ics_209_plus_incident_join_id": null,
        "ics_209_plus_complex_join_id": null,
        "mtbs_id": null,
        "mtbs_fire_name": null,
        "complex_name": null,
        "fire_year": 2006,
        "discovery_date": 1156291200000,
        "discovery_doy": 235,
        "discovery_time": "1911",
        "nwcg_cause_classification": "Natural",
        "nwcg_general_cause": "Natural",
        "nwcg_cause_age_category": null,
        "cont_date": 1156377600000,
        "cont_doy": 236,
        "cont_time": "1911",
        "fire_size": 0.1,
        "fire_size_class": "A",
        "latitude": 37.1033,
        "longitude": -112.0358,
        "owner_descr": "BLM",
        "state": "UT",
        "county": "Kane",
        "fips_code": "49025",
        "fips_name": "Kane County",
        "globalid": "{D5A58496-C6FF-4EA6-BF46-AAEE424140F1}"
      }
    },
    {
      "type": "Feature",
      "id": 344845,
      "geometry": {
        "type": "Point",
        "coordinates": [
          -111.93311131020639,
          37.08640560024019
        ]
      },
      "properties": {
        "objectid": 344845,
        "fod_id": 353703,
        "fpa_id": "W-532018",
        "source_system_type": "FED",
        "source_system": "DOI-WFMI",
        "nwcg_reporting_agency": "BLM",
        "nwcg_reporting_unit_id": "USUTCCD",
        "nwcg_reporting_unit_name": "Cedar City Field Office",
        "source_reporting_unit": "UTCCD",
        "source_reporting_unit_name": "Cedar City Field Office",
        "local_fire_report_id": null,
        "local_incident_id": null,
        "fire_code": "C45W",
        "fire_name": "LONG CANYON",
        "ics_209_plus_incident_join_id": null,
        "ics_209_plus_complex_join_id": null,
        "mtbs_id": null,
        "mtbs_fire_name": null,
        "complex_name": null,
        "fire_year": 2006,
        "discovery_date": 1156377600000,
        "discovery_doy": 236,
        "discovery_time": "1500",
        "nwcg_cause_classification": "Natural",
        "nwcg_general_cause": "Natural",
        "nwcg_cause_age_category": null,
        "cont_date": 1157241600000,
        "cont_doy": 246,
        "cont_time": "1200",
        "fire_size": 0.3,
        "fire_size_class": "B",
        "latitude": 37.0864,
        "longitude": -111.9331,
        "owner_descr": "BLM",
        "state": "UT",
        "county": "Kane",
        "fips_code": "49025",
        "fips_name": "Kane County",
        "globalid": "{C88F422B-F683-4613-B002-787B9432115F}"
      }
    },
    {
      "type": "Feature",
      "id": 344846,
      "geometry": {
        "type": "Point",
        "coordinates": [
          -112.07111134230588,
          37.132805596954114
        ]
      },
      "properties": {
        "objectid": 344846,
        "fod_id": 353704,
        "fpa_id": "W-532030",
        "source_system_type": "FED",
        "source_system": "DOI-WFMI",
        "nwcg_reporting_agency": "BLM",
        "nwcg_reporting_unit_id": "USUTCCD",
        "nwcg_reporting_unit_name": "Cedar City Field Office",
        "source_reporting_unit": "UTCCD",
        "source_reporting_unit_name": "Cedar City Field Office",
        "local_fire_report_id": null,
        "local_incident_id": null,
        "fire_code": "C47R",
        "fire_name": "CORRAL",
        "ics_209_plus_incident_join_id": null,
        "ics_209_plus_complex_join_id": null,
        "mtbs_id": null,
        "mtbs_fire_name": null,
        "complex_name": null,
        "fire_year": 2006,
        "discovery_date": 1156377600000,
        "discovery_doy": 236,
        "discovery_time": "1700",
        "nwcg_cause_classification": "Natural",
        "nwcg_general_cause": "Natural",
        "nwcg_cause_age_category": null,
        "cont_date": 1156377600000,
        "cont_doy": 236,
        "cont_time": "1800",
        "fire_size": 0.1,
        "fire_size_class": "A",
        "latitude": 37.1328,
        "longitude": -112.0711,
        "owner_descr": "BLM",
        "state": "UT",
        "county": "Kane",
        "fips_code": "49025",
        "fips_name": "Kane County",
        "globalid": "{BBF30B07-D7A6-42FC-A06A-AD25C31E7644}"
      }
    },
    {
      "type": "Feature",
      "id": 344856,
      "geometry": {
        "type": "Point",
        "coordinates": [
          -111.95811133059105,
          37.23670561726639
        ]
      },
      "properties": {
        "objectid": 344856,
        "fod_id": 353715,
        "fpa_id": "W-537439",
        "source_system_type": "FED",
        "source_system": "DOI-WFMI",
        "nwcg_reporting_agency": "BLM",
        "nwcg_reporting_unit_id": "USUTCCD",
        "nwcg_reporting_unit_name": "Cedar City Field Office",
        "source_reporting_unit": "UTCCD",
        "source_reporting_unit_name": "Cedar City Field Office",
        "local_fire_report_id": null,
        "local_incident_id": null,
        "fire_code": "C49S",
        "fire_name": "MOVIE SET",
        "ics_209_plus_incident_join_id": null,
        "ics_209_plus_complex_join_id": null,
        "mtbs_id": null,
        "mtbs_fire_name": null,
        "complex_name": null,
        "fire_year": 2006,
        "discovery_date": 1156464000000,
        "discovery_doy": 237,
        "discovery_time": "1518",
        "nwcg_cause_classification": "Human",
        "nwcg_general_cause": "Arson/incendiarism",
        "nwcg_cause_age_category": null,
        "cont_date": 1156464000000,
        "cont_doy": 237,
        "cont_time": "2000",
        "fire_size": 0.1,
        "fire_size_class": "A",
        "latitude": 37.2367,
        "longitude": -111.9581,
        "owner_descr": "BLM",
        "state": "UT",
        "county": "Kane",
        "fips_code": "49025",
        "fips_name": "Kane County",
        "globalid": "{947180D1-4EAF-402F-85F7-4654F25782DD}"
      }
    },
    {
      "type": "Feature",
      "id": 344862,
      "geometry": {
        "type": "Point",
        "coordinates": [
          -112.03971133819006,
          37.1533056015574
        ]
      },
      "properties": {
        "objectid": 344862,
        "fod_id": 353721,
        "fpa_id": "W-532038",
        "source_system_type": "FED",
        "source_system": "DOI-WFMI",
        "nwcg_reporting_agency": "BLM",
        "nwcg_reporting_unit_id": "USUTCCD",
        "nwcg_reporting_unit_name": "Cedar City Field Office",
        "source_reporting_unit": "UTCCD",
        "source_reporting_unit_name": "Cedar City Field Office",
        "local_fire_report_id": null,
        "local_incident_id": null,
        "fire_code": "C5GQ",
        "fire_name": "KIMBALL",
        "ics_209_plus_incident_join_id": null,
        "ics_209_plus_complex_join_id": null,
        "mtbs_id": null,
        "mtbs_fire_name": null,
        "complex_name": null,
        "fire_year": 2006,
        "discovery_date": 1156723200000,
        "discovery_doy": 240,
        "discovery_time": "1700",
        "nwcg_cause_classification": "Natural",
        "nwcg_general_cause": "Natural",
        "nwcg_cause_age_category": null,
        "cont_date": 1156809600000,
        "cont_doy": 241,
        "cont_time": "1230",
        "fire_size": 0.5,
        "fire_size_class": "B",
        "latitude": 37.1533,
        "longitude": -112.0397,
        "owner_descr": "BLM",
        "state": "UT",
        "county": "Kane",
        "fips_code": "49025",
        "fips_name": "Kane County",
        "globalid": "{DFE2FE04-FBF1-4FA9-8D3E-83FE600F61A4}"
      }
    },
    {
      "type": "Feature",
      "id": 344866,
      "geometry": {
        "type": "Point",
        "coordinates": [
          -112.03391133769783,
          37.15970560273176
        ]
      },
      "properties": {
        "objectid": 344866,
        "fod_id": 353725,
        "fpa_id": "W-532261",
        "source_system_type": "FED",
        "source_system": "DOI-WFMI",
        "nwcg_reporting_agency": "BLM",
        "nwcg_reporting_unit_id": "USUTCCD",
        "nwcg_reporting_unit_name": "Cedar City Field Office",
        "source_reporting_unit": "UTCCD",
        "source_reporting_unit_name": "Cedar City Field Office",
        "local_fire_report_id": null,
        "local_incident_id": null,
        "fire_code": "C5N6",
        "fire_name": "POST",
        "ics_209_plus_incident_join_id": null,
        "ics_209_plus_complex_join_id": null,
        "mtbs_id": null,
        "mtbs_fire_name": null,
        "complex_name": null,
        "fire_year": 2006,
        "discovery_date": 1156982400000,
        "discovery_doy": 243,
        "discovery_time": "1500",
        "nwcg_cause_classification": "Natural",
        "nwcg_general_cause": "Natural",
        "nwcg_cause_age_category": null,
        "cont_date": 1157068800000,
        "cont_doy": 244,
        "cont_time": "1500",
        "fire_size": 4.5,
        "fire_size_class": "B",
        "latitude": 37.1597,
        "longitude": -112.0339,
        "owner_descr": "BLM",
        "state": "UT",
        "county": "Kane",
        "fips_code": "49025",
        "fips_name": "Kane County",
        "globalid": "{BCFA3588-7415-423F-87C5-071D9CF940FB}"
      }
    },
    {
      "type": "Feature",
      "id": 344895,
      "geometry": {
        "type": "Point",
        "coordinates": [
          -112.02831133664976,
          37.16030560317442
        ]
      },
      "properties": {
        "objectid": 344895,
        "fod_id": 353755,
        "fpa_id": "W-532265",
        "source_system_type": "FED",
        "source_system": "DOI-WFMI",
        "nwcg_reporting_agency": "BLM",
        "nwcg_reporting_unit_id": "USUTCCD",
        "nwcg_reporting_unit_name": "Cedar City Field Office",
        "source_reporting_unit": "UTCCD",
        "source_reporting_unit_name": "Cedar City Field Office",
        "local_fire_report_id": null,
        "local_incident_id": null,
        "fire_code": "C6ME",
        "fire_name": "POST 2",
        "ics_209_plus_incident_join_id": null,
        "ics_209_plus_complex_join_id": null,
        "mtbs_id": null,
        "mtbs_fire_name": null,
        "complex_name": null,
        "fire_year": 2006,
        "discovery_date": 1158192000000,
        "discovery_doy": 257,
        "discovery_time": "0910",
        "nwcg_cause_classification": "Natural",
        "nwcg_general_cause": "Natural",
        "nwcg_cause_age_category": null,
        "cont_date": 1158192000000,
        "cont_doy": 257,
        "cont_time": "1200",
        "fire_size": 0.1,
        "fire_size_class": "A",
        "latitude": 37.1603,
        "longitude": -112.0283,
        "owner_descr": "BLM",
        "state": "UT",
        "county": "Kane",
        "fips_code": "49025",
        "fips_name": "Kane County",
        "globalid": "{A8FD1851-0E18-402D-B789-B9A26238BD66}"
      }
    },
    {
      "type": "Feature",
      "id": 344903,
      "geometry": {
        "type": "Point",
        "coordinates": [
          -112.10001134705139,
          37.12330559387948
        ]
      },
      "properties": {
        "objectid": 344903,
        "fod_id": 353763,
        "fpa_id": "W-537247",
        "source_system_type": "FED",
        "source_system": "DOI-WFMI",
        "nwcg_reporting_agency": "BLM",
        "nwcg_reporting_unit_id": "USUTCCD",
        "nwcg_reporting_unit_name": "Cedar City Field Office",
        "source_reporting_unit": "UTCCD",
        "source_reporting_unit_name": "Cedar City Field Office",
        "local_fire_report_id": null,
        "local_incident_id": null,
        "fire_code": "C6WE",
        "fire_name": "MP 38",
        "ics_209_plus_incident_join_id": null,
        "ics_209_plus_complex_join_id": null,
        "mtbs_id": null,
        "mtbs_fire_name": null,
        "complex_name": null,
        "fire_year": 2006,
        "discovery_date": 1158624000000,
        "discovery_doy": 262,
        "discovery_time": "1215",
        "nwcg_cause_classification": "Human",
        "nwcg_general_cause": "Missing data/not specified/undetermined",
        "nwcg_cause_age_category": null,
        "cont_date": 1158710400000,
        "cont_doy": 263,
        "cont_time": "1031",
        "fire_size": 0.1,
        "fire_size_class": "A",
        "latitude": 37.1233,
        "longitude": -112.1,
        "owner_descr": "BLM",
        "state": "UT",
        "county": "Kane",
        "fips_code": "49025",
        "fips_name": "Kane County",
        "globalid": "{A9664D08-A331-4221-9003-52785D6237D2}"
      }
    },
    {
      "type": "Feature",
      "id": 344911,
      "geometry": {
        "type": "Point",
        "coordinates": [
          -112.13031135353492,
          37.12810559248301
        ]
      },
      "properties": {
        "objectid": 344911,
        "fod_id": 353771,
        "fpa_id": "W-536151",
        "source_system_type": "FED",
        "source_system": "DOI-WFMI",
        "nwcg_reporting_agency": "BLM",
        "nwcg_reporting_unit_id": "USUTCCD",
        "nwcg_reporting_unit_name": "Cedar City Field Office",
        "source_reporting_unit": "UTCCD",
        "source_reporting_unit_name": "Cedar City Field Office",
        "local_fire_report_id": null,
        "local_incident_id": null,
        "fire_code": "C7L5",
        "fire_name": "SHEYENNE",
        "ics_209_plus_incident_join_id": null,
        "ics_209_plus_complex_join_id": null,
        "mtbs_id": null,
        "mtbs_fire_name": null,
        "complex_name": null,
        "fire_year": 2006,
        "discovery_date": 1159833600000,
        "discovery_doy": 276,
        "discovery_time": "1600",
        "nwcg_cause_classification": "Natural",
        "nwcg_general_cause": "Natural",
        "nwcg_cause_age_category": null,
        "cont_date": 1159833600000,
        "cont_doy": 276,
        "cont_time": "2030",
        "fire_size": 0.1,
        "fire_size_class": "A",
        "latitude": 37.1281,
        "longitude": -112.1303,
        "owner_descr": "BLM",
        "state": "UT",
        "county": "Kane",
        "fips_code": "49025",
        "fips_name": "Kane County",
        "globalid": "{DD9279AE-7A14-46CF-878E-FA09055413F5}"
      }
    },
    {
      "type": "Feature",
      "id": 344923,
      "geometry": {
        "type": "Point",
        "coordinates": [
          -111.95751133055457,
          37.237505617405155
        ]
      },
      "properties": {
        "objectid": 344923,
        "fod_id": 353784,
        "fpa_id": "W-540313",
        "source_system_type": "FED",
        "source_system": "DOI-WFMI",
        "nwcg_reporting_agency": "BLM",
        "nwcg_reporting_unit_id": "USUTCCD",
        "nwcg_reporting_unit_name": "Cedar City Field Office",
        "source_reporting_unit": "UTCCD",
        "source_reporting_unit_name": "Cedar City Field Office",
        "local_fire_report_id": null,
        "local_incident_id": null,
        "fire_code": "DD6X",
        "fire_name": "TOWN SITE",
        "ics_209_plus_incident_join_id": null,
        "ics_209_plus_complex_join_id": null,
        "mtbs_id": null,
        "mtbs_fire_name": null,
        "complex_name": null,
        "fire_year": 2007,
        "discovery_date": 1177891200000,
        "discovery_doy": 120,
        "discovery_time": "1025",
        "nwcg_cause_classification": "Human",
        "nwcg_general_cause": "Missing data/not specified/undetermined",
        "nwcg_cause_age_category": null,
        "cont_date": 1177891200000,
        "cont_doy": 120,
        "cont_time": "1300",
        "fire_size": 0.1,
        "fire_size_class": "A",
        "latitude": 37.2375,
        "longitude": -111.9575,
        "owner_descr": "BLM",
        "state": "UT",
        "county": "Kane",
        "fips_code": "49025",
        "fips_name": "Kane County",
        "globalid": "{02C1F395-CDAA-45D0-AC3F-24C6E9714D70}"
      }
    },
    {
      "type": "Feature",
      "id": 344959,
      "geometry": {
        "type": "Point",
        "coordinates": [
          -112.06111133297006,
          37.06080558868107
        ]
      },
      "properties": {
        "objectid": 344959,
        "fod_id": 353823,
        "fpa_id": "W-545883",
        "source_system_type": "FED",
        "source_system": "DOI-WFMI",
        "nwcg_reporting_agency": "BLM",
        "nwcg_reporting_unit_id": "USUTCCD",
        "nwcg_reporting_unit_name": "Cedar City Field Office",
        "source_reporting_unit": "UTCCD",
        "source_reporting_unit_name": "Cedar City Field Office",
        "local_fire_report_id": null,
        "local_incident_id": null,
        "fire_code": "DQE6",
        "fire_name": "SMITH",
        "ics_209_plus_incident_join_id": null,
        "ics_209_plus_complex_join_id": null,
        "mtbs_id": null,
        "mtbs_fire_name": null,
        "complex_name": null,
        "fire_year": 2007,
        "discovery_date": 1184284800000,
        "discovery_doy": 194,
        "discovery_time": "1837",
        "nwcg_cause_classification": "Natural",
        "nwcg_general_cause": "Natural",
        "nwcg_cause_age_category": null,
        "cont_date": 1184371200000,
        "cont_doy": 195,
        "cont_time": "1600",
        "fire_size": 0.1,
        "fire_size_class": "A",
        "latitude": 37.0608,
        "longitude": -112.0611,
        "owner_descr": "BLM",
        "state": "UT",
        "county": "Kane",
        "fips_code": "49025",
        "fips_name": "Kane County",
        "globalid": "{2F625BB2-BF07-4282-AC2F-7287145FCC1E}"
      }
    },
    {
      "type": "Feature",
      "id": 345007,
      "geometry": {
        "type": "Point",
        "coordinates": [
          -112.08311134567543,
          37.14250559736669
        ]
      },
      "properties": {
        "objectid": 345007,
        "fod_id": 353873,
        "fpa_id": "W-546682",
        "source_system_type": "FED",
        "source_system": "DOI-WFMI",
        "nwcg_reporting_agency": "BLM",
        "nwcg_reporting_unit_id": "USUTCCD",
        "nwcg_reporting_unit_name": "Cedar City Field Office",
        "source_reporting_unit": "UTCCD",
        "source_reporting_unit_name": "Cedar City Field Office",
        "local_fire_report_id": null,
        "local_incident_id": null,
        "fire_code": "DU3G",
        "fire_name": "CORRAL",
        "ics_209_plus_incident_join_id": null,
        "ics_209_plus_complex_join_id": null,
        "mtbs_id": null,
        "mtbs_fire_name": null,
        "complex_name": null,
        "fire_year": 2007,
        "discovery_date": 1186012800000,
        "discovery_doy": 214,
        "discovery_time": "1737",
        "nwcg_cause_classification": "Natural",
        "nwcg_general_cause": "Natural",
        "nwcg_cause_age_category": null,
        "cont_date": 1186012800000,
        "cont_doy": 214,
        "cont_time": "2100",
        "fire_size": 0.1,
        "fire_size_class": "A",
        "latitude": 37.1425,
        "longitude": -112.0831,
        "owner_descr": "BLM",
        "state": "UT",
        "county": "Kane",
        "fips_code": "49025",
        "fips_name": "Kane County",
        "globalid": "{D80AB53B-6393-47A2-95EA-EFB82D8852B8}"
      }
    },
    {
      "type": "Feature",
      "id": 345008,
      "geometry": {
        "type": "Point",
        "coordinates": [
          -112.12111135000576,
          37.11140559102115
        ]
      },
      "properties": {
        "objectid": 345008,
        "fod_id": 353874,
        "fpa_id": "W-546685",
        "source_system_type": "FED",
        "source_system": "DOI-WFMI",
        "nwcg_reporting_agency": "BLM",
        "nwcg_reporting_unit_id": "USUTCCD",
        "nwcg_reporting_unit_name": "Cedar City Field Office",
        "source_reporting_unit": "UTCCD",
        "source_reporting_unit_name": "Cedar City Field Office",
        "local_fire_report_id": null,
        "local_incident_id": null,
        "fire_code": "DU5D",
        "fire_name": "TELEGRAPH",
        "ics_209_plus_incident_join_id": null,
        "ics_209_plus_complex_join_id": null,
        "mtbs_id": null,
        "mtbs_fire_name": null,
        "complex_name": null,
        "fire_year": 2007,
        "discovery_date": 1186099200000,
        "discovery_doy": 215,
        "discovery_time": "1446",
        "nwcg_cause_classification": "Natural",
        "nwcg_general_cause": "Natural",
        "nwcg_cause_age_category": null,
        "cont_date": 1186099200000,
        "cont_doy": 215,
        "cont_time": "1645",
        "fire_size": 0.1,
        "fire_size_class": "A",
        "latitude": 37.1114,
        "longitude": -112.1211,
        "owner_descr": "BLM",
        "state": "UT",
        "county": "Kane",
        "fips_code": "49025",
        "fips_name": "Kane County",
        "globalid": "{9C08F581-C12F-422D-A429-F76E4165A3B3}"
      }
    },
    {
      "type": "Feature",
      "id": 345009,
      "geometry": {
        "type": "Point",
        "coordinates": [
          -111.91641130408985,
          37.05890559790585
        ]
      },
      "properties": {
        "objectid": 345009,
        "fod_id": 353875,
        "fpa_id": "W-548631",
        "source_system_type": "FED",
        "source_system": "DOI-WFMI",
        "nwcg_reporting_agency": "BLM",
        "nwcg_reporting_unit_id": "USUTCCD",
        "nwcg_reporting_unit_name": "Cedar City Field Office",
        "source_reporting_unit": "UTCCD",
        "source_reporting_unit_name": "Cedar City Field Office",
        "local_fire_report_id": null,
        "local_incident_id": null,
        "fire_code": "DV70",
        "fire_name": "DRY LAKE",
        "ics_209_plus_incident_join_id": null,
        "ics_209_plus_complex_join_id": null,
        "mtbs_id": null,
        "mtbs_fire_name": null,
        "complex_name": null,
        "fire_year": 2007,
        "discovery_date": 1186876800000,
        "discovery_doy": 224,
        "discovery_time": "1805",
        "nwcg_cause_classification": "Natural",
        "nwcg_general_cause": "Natural",
        "nwcg_cause_age_category": null,
        "cont_date": 1187654400000,
        "cont_doy": 233,
        "cont_time": "1000",
        "fire_size": 0.1,
        "fire_size_class": "A",
        "latitude": 37.0589,
        "longitude": -111.9164,
        "owner_descr": "BLM",
        "state": "UT",
        "county": "Kane",
        "fips_code": "49025",
        "fips_name": "Kane County",
        "globalid": "{5A3CC150-C494-4910-A65A-D6FDE9BB46EC}"
      }
    },
    {
      "type": "Feature",
      "id": 345033,
      "geometry": {
        "type": "Point",
        "coordinates": [
          -112.14441135100296,
          37.076105585123514
        ]
      },
      "properties": {
        "objectid": 345033,
        "fod_id": 353899,
        "fpa_id": "W-551157",
        "source_system_type": "FED",
        "source_system": "DOI-WFMI",
        "nwcg_reporting_agency": "BLM",
        "nwcg_reporting_unit_id": "USUTCCD",
        "nwcg_reporting_unit_name": "Cedar City Field Office",
        "source_reporting_unit": "UTCCD",
        "source_reporting_unit_name": "Cedar City Field Office",
        "local_fire_report_id": null,
        "local_incident_id": null,
        "fire_code": "DXS1",
        "fire_name": "CHAIN",
        "ics_209_plus_incident_join_id": null,
        "ics_209_plus_complex_join_id": null,
        "mtbs_id": null,
        "mtbs_fire_name": null,
        "complex_name": null,
        "fire_year": 2007,
        "discovery_date": 1187568000000,
        "discovery_doy": 232,
        "discovery_time": "1100",
        "nwcg_cause_classification": "Natural",
        "nwcg_general_cause": "Natural",
        "nwcg_cause_age_category": null,
        "cont_date": 1187654400000,
        "cont_doy": 233,
        "cont_time": "1300",
        "fire_size": 0.5,
        "fire_size_class": "B",
        "latitude": 37.0761,
        "longitude": -112.1444,
        "owner_descr": "BLM",
        "state": "UT",
        "county": "Kane",
        "fips_code": "49025",
        "fips_name": "Kane County",
        "globalid": "{648D222E-8AB9-4A10-A2E9-6BFD3834F7EA}"
      }
    },
    {
      "type": "Feature",
      "id": 345062,
      "geometry": {
        "type": "Point",
        "coordinates": [
          -112.05641133779812,
          37.11720559598617
        ]
      },
      "properties": {
        "objectid": 345062,
        "fod_id": 353928,
        "fpa_id": "W-551165",
        "source_system_type": "FED",
        "source_system": "DOI-WFMI",
        "nwcg_reporting_agency": "BLM",
        "nwcg_reporting_unit_id": "USUTCCD",
        "nwcg_reporting_unit_name": "Cedar City Field Office",
        "source_reporting_unit": "UTCCD",
        "source_reporting_unit_name": "Cedar City Field Office",
        "local_fire_report_id": null,
        "local_incident_id": null,
        "fire_code": "D0DE",
        "fire_name": "DIRT",
        "ics_209_plus_incident_join_id": null,
        "ics_209_plus_complex_join_id": null,
        "mtbs_id": null,
        "mtbs_fire_name": null,
        "complex_name": null,
        "fire_year": 2007,
        "discovery_date": 1189382400000,
        "discovery_doy": 253,
        "discovery_time": "1408",
        "nwcg_cause_classification": "Natural",
        "nwcg_general_cause": "Natural",
        "nwcg_cause_age_category": null,
        "cont_date": 1189382400000,
        "cont_doy": 253,
        "cont_time": "1610",
        "fire_size": 0.1,
        "fire_size_class": "A",
        "latitude": 37.1172,
        "longitude": -112.0564,
        "owner_descr": "BLM",
        "state": "UT",
        "county": "Kane",
        "fips_code": "49025",
        "fips_name": "Kane County",
        "globalid": "{9F666324-0322-41CB-9497-76D3C52D0664}"
      }
    },
    {
      "type": "Feature",
      "id": 345065,
      "geometry": {
        "type": "Point",
        "coordinates": [
          -111.98531132626843,
          37.14220560375549
        ]
      },
      "properties": {
        "objectid": 345065,
        "fod_id": 353931,
        "fpa_id": "W-551508",
        "source_system_type": "FED",
        "source_system": "DOI-WFMI",
        "nwcg_reporting_agency": "BLM",
        "nwcg_reporting_unit_id": "USUTCCD",
        "nwcg_reporting_unit_name": "Cedar City Field Office",
        "source_reporting_unit": "UTCCD",
        "source_reporting_unit_name": "Cedar City Field Office",
        "local_fire_report_id": null,
        "local_incident_id": null,
        "fire_code": "D0RF",
        "fire_name": "SAND GULCH",
        "ics_209_plus_incident_join_id": null,
        "ics_209_plus_complex_join_id": null,
        "mtbs_id": null,
        "mtbs_fire_name": null,
        "complex_name": null,
        "fire_year": 2007,
        "discovery_date": 1189900800000,
        "discovery_doy": 259,
        "discovery_time": "2030",
        "nwcg_cause_classification": "Natural",
        "nwcg_general_cause": "Natural",
        "nwcg_cause_age_category": null,
        "cont_date": 1189987200000,
        "cont_doy": 260,
        "cont_time": "1300",
        "fire_size": 0.3,
        "fire_size_class": "B",
        "latitude": 37.1422,
        "longitude": -111.9853,
        "owner_descr": "BLM",
        "state": "UT",
        "county": "Kane",
        "fips_code": "49025",
        "fips_name": "Kane County",
        "globalid": "{01A07E91-AA60-452D-BCF9-16E5B49D9A17}"
      }
    },
    {
      "type": "Feature",
      "id": 345066,
      "geometry": {
        "type": "Point",
        "coordinates": [
          -112.10831134713713,
          37.108105591452734
        ]
      },
      "properties": {
        "objectid": 345066,
        "fod_id": 353932,
        "fpa_id": "W-550814",
        "source_system_type": "FED",
        "source_system": "DOI-WFMI",
        "nwcg_reporting_agency": "BLM",
        "nwcg_reporting_unit_id": "USUTCCD",
        "nwcg_reporting_unit_name": "Cedar City Field Office",
        "source_reporting_unit": "UTCCD",
        "source_reporting_unit_name": "Cedar City Field Office",
        "local_fire_report_id": null,
        "local_incident_id": null,
        "fire_code": "D0QK",
        "fire_name": "MUSTANG",
        "ics_209_plus_incident_join_id": null,
        "ics_209_plus_complex_join_id": null,
        "mtbs_id": null,
        "mtbs_fire_name": null,
        "complex_name": null,
        "fire_year": 2007,
        "discovery_date": 1189900800000,
        "discovery_doy": 259,
        "discovery_time": "2033",
        "nwcg_cause_classification": "Natural",
        "nwcg_general_cause": "Natural",
        "nwcg_cause_age_category": null,
        "cont_date": 1189900800000,
        "cont_doy": 259,
        "cont_time": "2230",
        "fire_size": 0.1,
        "fire_size_class": "A",
        "latitude": 37.1081,
        "longitude": -112.1083,
        "owner_descr": "BLM",
        "state": "UT",
        "county": "Kane",
        "fips_code": "49025",
        "fips_name": "Kane County",
        "globalid": "{948BFED1-B5E4-44F2-B2BD-4BCFB9C8345A}"
      }
    },
    {
      "type": "Feature",
      "id": 345083,
      "geometry": {
        "type": "Point",
        "coordinates": [
          -112.13311134974,
          37.085605587040305
        ]
      },
      "properties": {
        "objectid": 345083,
        "fod_id": 353949,
        "fpa_id": "W-572847",
        "source_system_type": "FED",
        "source_system": "DOI-WFMI",
        "nwcg_reporting_agency": "BLM",
        "nwcg_reporting_unit_id": "USUTCCD",
        "nwcg_reporting_unit_name": "Cedar City Field Office",
        "source_reporting_unit": "UTCCD",
        "source_reporting_unit_name": "Cedar City Field Office",
        "local_fire_report_id": null,
        "local_incident_id": null,
        "fire_code": "D7WZ",
        "fire_name": "ROCK",
        "ics_209_plus_incident_join_id": null,
        "ics_209_plus_complex_join_id": null,
        "mtbs_id": null,
        "mtbs_fire_name": null,
        "complex_name": null,
        "fire_year": 2008,
        "discovery_date": 1213056000000,
        "discovery_doy": 162,
        "discovery_time": "1630",
        "nwcg_cause_classification": "Natural",
        "nwcg_general_cause": "Natural",
        "nwcg_cause_age_category": null,
        "cont_date": 1213228800000,
        "cont_doy": 164,
        "cont_time": "1130",
        "fire_size": 1,
        "fire_size_class": "B",
        "latitude": 37.0856,
        "longitude": -112.1331,
        "owner_descr": "BLM",
        "state": "UT",
        "county": "Kane",
        "fips_code": "49025",
        "fips_name": "Kane County",
        "globalid": "{F03EA044-45FA-459A-95FB-75D0C870F252}"
      }
    },
    {
      "type": "Feature",
      "id": 345098,
      "geometry": {
        "type": "Point",
        "coordinates": [
          -112.02581133091904,
          37.109205597001356
        ]
      },
      "properties": {
        "objectid": 345098,
        "fod_id": 353968,
        "fpa_id": "W-573442",
        "source_system_type": "FED",
        "source_system": "DOI-WFMI",
        "nwcg_reporting_agency": "BLM",
        "nwcg_reporting_unit_id": "USUTCCD",
        "nwcg_reporting_unit_name": "Cedar City Field Office",
        "source_reporting_unit": "UTCCD",
        "source_reporting_unit_name": "Cedar City Field Office",
        "local_fire_report_id": null,
        "local_incident_id": null,
        "fire_code": "D9LC",
        "fire_name": "FIVE MILE 1",
        "ics_209_plus_incident_join_id": null,
        "ics_209_plus_complex_join_id": null,
        "mtbs_id": null,
        "mtbs_fire_name": null,
        "complex_name": null,
        "fire_year": 2008,
        "discovery_date": 1214870400000,
        "discovery_doy": 183,
        "discovery_time": "1524",
        "nwcg_cause_classification": "Natural",
        "nwcg_general_cause": "Natural",
        "nwcg_cause_age_category": null,
        "cont_date": 1214870400000,
        "cont_doy": 183,
        "cont_time": "2051",
        "fire_size": 0.3,
        "fire_size_class": "B",
        "latitude": 37.1092,
        "longitude": -112.0258,
        "owner_descr": "BLM",
        "state": "UT",
        "county": "Kane",
        "fips_code": "49025",
        "fips_name": "Kane County",
        "globalid": "{1AD5F209-33EE-467D-87D0-1318F56DF56E}"
      }
    },
    {
      "type": "Feature",
      "id": 345099,
      "geometry": {
        "type": "Point",
        "coordinates": [
          -112.02561133132936,
          37.11360559756057
        ]
      },
      "properties": {
        "objectid": 345099,
        "fod_id": 353969,
        "fpa_id": "W-573443",
        "source_system_type": "FED",
        "source_system": "DOI-WFMI",
        "nwcg_reporting_agency": "BLM",
        "nwcg_reporting_unit_id": "USUTCCD",
        "nwcg_reporting_unit_name": "Cedar City Field Office",
        "source_reporting_unit": "UTCCD",
        "source_reporting_unit_name": "Cedar City Field Office",
        "local_fire_report_id": null,
        "local_incident_id": null,
        "fire_code": "D9LB",
        "fire_name": "FIVE MILE 2",
        "ics_209_plus_incident_join_id": null,
        "ics_209_plus_complex_join_id": null,
        "mtbs_id": null,
        "mtbs_fire_name": null,
        "complex_name": null,
        "fire_year": 2008,
        "discovery_date": 1214870400000,
        "discovery_doy": 183,
        "discovery_time": "1524",
        "nwcg_cause_classification": "Natural",
        "nwcg_general_cause": "Natural",
        "nwcg_cause_age_category": null,
        "cont_date": 1214956800000,
        "cont_doy": 184,
        "cont_time": "1530",
        "fire_size": 0.1,
        "fire_size_class": "A",
        "latitude": 37.1136,
        "longitude": -112.0256,
        "owner_descr": "BLM",
        "state": "UT",
        "county": "Kane",
        "fips_code": "49025",
        "fips_name": "Kane County",
        "globalid": "{EA58A780-3AFA-409F-BF12-7A97AD95E985}"
      }
    },
    {
      "type": "Feature",
      "id": 345100,
      "geometry": {
        "type": "Point",
        "coordinates": [
          -112.00531133023435,
          37.142205602441834
        ]
      },
      "properties": {
        "objectid": 345100,
        "fod_id": 353970,
        "fpa_id": "W-573444",
        "source_system_type": "FED",
        "source_system": "DOI-WFMI",
        "nwcg_reporting_agency": "BLM",
        "nwcg_reporting_unit_id": "USUTCCD",
        "nwcg_reporting_unit_name": "Cedar City Field Office",
        "source_reporting_unit": "UTCCD",
        "source_reporting_unit_name": "Cedar City Field Office",
        "local_fire_report_id": null,
        "local_incident_id": null,
        "fire_code": "D9MA",
        "fire_name": "FIVE MILE 3",
        "ics_209_plus_incident_join_id": null,
        "ics_209_plus_complex_join_id": null,
        "mtbs_id": null,
        "mtbs_fire_name": null,
        "complex_name": null,
        "fire_year": 2008,
        "discovery_date": 1214870400000,
        "discovery_doy": 183,
        "discovery_time": "1542",
        "nwcg_cause_classification": "Natural",
        "nwcg_general_cause": "Natural",
        "nwcg_cause_age_category": null,
        "cont_date": 1214956800000,
        "cont_doy": 184,
        "cont_time": "1110",
        "fire_size": 0.1,
        "fire_size_class": "A",
        "latitude": 37.1422,
        "longitude": -112.0053,
        "owner_descr": "BLM",
        "state": "UT",
        "county": "Kane",
        "fips_code": "49025",
        "fips_name": "Kane County",
        "globalid": "{653A5119-722B-496C-BFE2-0186A0A45575}"
      }
    },
    {
      "type": "Feature",
      "id": 345172,
      "geometry": {
        "type": "Point",
        "coordinates": [
          -112.05501133820673,
          37.123905596908635
        ]
      },
      "properties": {
        "objectid": 345172,
        "fod_id": 354042,
        "fpa_id": "W-577605",
        "source_system_type": "FED",
        "source_system": "DOI-WFMI",
        "nwcg_reporting_agency": "BLM",
        "nwcg_reporting_unit_id": "USUTCCD",
        "nwcg_reporting_unit_name": "Cedar City Field Office",
        "source_reporting_unit": "UTCCD",
        "source_reporting_unit_name": "Cedar City Field Office",
        "local_fire_report_id": null,
        "local_incident_id": null,
        "fire_code": "EE8M",
        "fire_name": "SUBSTATION",
        "ics_209_plus_incident_join_id": null,
        "ics_209_plus_complex_join_id": null,
        "mtbs_id": null,
        "mtbs_fire_name": null,
        "complex_name": null,
        "fire_year": 2008,
        "discovery_date": 1217980800000,
        "discovery_doy": 219,
        "discovery_time": "1038",
        "nwcg_cause_classification": "Natural",
        "nwcg_general_cause": "Natural",
        "nwcg_cause_age_category": null,
        "cont_date": 1217980800000,
        "cont_doy": 219,
        "cont_time": "1500",
        "fire_size": 0.1,
        "fire_size_class": "A",
        "latitude": 37.1239,
        "longitude": -112.055,
        "owner_descr": "BLM",
        "state": "UT",
        "county": "Kane",
        "fips_code": "49025",
        "fips_name": "Kane County",
        "globalid": "{1730839B-4E4F-47D7-8ED5-634EDB49B83D}"
      }
    },
    {
      "type": "Feature",
      "id": 345186,
      "geometry": {
        "type": "Point",
        "coordinates": [
          -111.99061133111714,
          37.179205607997424
        ]
      },
      "properties": {
        "objectid": 345186,
        "fod_id": 354056,
        "fpa_id": "W-577985",
        "source_system_type": "FED",
        "source_system": "DOI-WFMI",
        "nwcg_reporting_agency": "BLM",
        "nwcg_reporting_unit_id": "USUTCCD",
        "nwcg_reporting_unit_name": "Cedar City Field Office",
        "source_reporting_unit": "UTCCD",
        "source_reporting_unit_name": "Cedar City Field Office",
        "local_fire_report_id": null,
        "local_incident_id": null,
        "fire_code": "EG25",
        "fire_name": "LOCK",
        "ics_209_plus_incident_join_id": null,
        "ics_209_plus_complex_join_id": null,
        "mtbs_id": null,
        "mtbs_fire_name": null,
        "complex_name": null,
        "fire_year": 2008,
        "discovery_date": 1218844800000,
        "discovery_doy": 229,
        "discovery_time": "1635",
        "nwcg_cause_classification": "Natural",
        "nwcg_general_cause": "Natural",
        "nwcg_cause_age_category": null,
        "cont_date": 1218844800000,
        "cont_doy": 229,
        "cont_time": "1840",
        "fire_size": 0.1,
        "fire_size_class": "A",
        "latitude": 37.1792,
        "longitude": -111.9906,
        "owner_descr": "BLM",
        "state": "UT",
        "county": "Kane",
        "fips_code": "49025",
        "fips_name": "Kane County",
        "globalid": "{9F962B38-C758-48C6-B915-F264FE5EEC2C}"
      }
    },
    {
      "type": "Feature",
      "id": 345189,
      "geometry": {
        "type": "Point",
        "coordinates": [
          -112.03311133474992,
          37.1325055994128
        ]
      },
      "properties": {
        "objectid": 345189,
        "fod_id": 354059,
        "fpa_id": "W-578042",
        "source_system_type": "FED",
        "source_system": "DOI-WFMI",
        "nwcg_reporting_agency": "BLM",
        "nwcg_reporting_unit_id": "USUTCCD",
        "nwcg_reporting_unit_name": "Cedar City Field Office",
        "source_reporting_unit": "UTCCD",
        "source_reporting_unit_name": "Cedar City Field Office",
        "local_fire_report_id": null,
        "local_incident_id": null,
        "fire_code": "EHF3",
        "fire_name": "BULL",
        "ics_209_plus_incident_join_id": null,
        "ics_209_plus_complex_join_id": null,
        "mtbs_id": null,
        "mtbs_fire_name": null,
        "complex_name": null,
        "fire_year": 2008,
        "discovery_date": 1219104000000,
        "discovery_doy": 232,
        "discovery_time": "1533",
        "nwcg_cause_classification": "Natural",
        "nwcg_general_cause": "Natural",
        "nwcg_cause_age_category": null,
        "cont_date": 1219190400000,
        "cont_doy": 233,
        "cont_time": "1300",
        "fire_size": 0.5,
        "fire_size_class": "B",
        "latitude": 37.1325,
        "longitude": -112.0331,
        "owner_descr": "BLM",
        "state": "UT",
        "county": "Kane",
        "fips_code": "49025",
        "fips_name": "Kane County",
        "globalid": "{5238AECE-F053-45EE-94B5-E1BAA38D7DF9}"
      }
    },
    {
      "type": "Feature",
      "id": 345190,
      "geometry": {
        "type": "Point",
        "coordinates": [
          -112.07251134548648,
          37.161105600366
        ]
      },
      "properties": {
        "objectid": 345190,
        "fod_id": 354060,
        "fpa_id": "W-578559",
        "source_system_type": "FED",
        "source_system": "DOI-WFMI",
        "nwcg_reporting_agency": "BLM",
        "nwcg_reporting_unit_id": "USUTCCD",
        "nwcg_reporting_unit_name": "Cedar City Field Office",
        "source_reporting_unit": "UTCCD",
        "source_reporting_unit_name": "Cedar City Field Office",
        "local_fire_report_id": null,
        "local_incident_id": null,
        "fire_code": "EHF5",
        "fire_name": "KITCHEN",
        "ics_209_plus_incident_join_id": null,
        "ics_209_plus_complex_join_id": null,
        "mtbs_id": null,
        "mtbs_fire_name": null,
        "complex_name": null,
        "fire_year": 2008,
        "discovery_date": 1219104000000,
        "discovery_doy": 232,
        "discovery_time": "1648",
        "nwcg_cause_classification": "Natural",
        "nwcg_general_cause": "Natural",
        "nwcg_cause_age_category": null,
        "cont_date": 1219104000000,
        "cont_doy": 232,
        "cont_time": "2030",
        "fire_size": 0.1,
        "fire_size_class": "A",
        "latitude": 37.1611,
        "longitude": -112.0725,
        "owner_descr": "BLM",
        "state": "UT",
        "county": "Kane",
        "fips_code": "49025",
        "fips_name": "Kane County",
        "globalid": "{1A622CD6-4319-4480-98B9-A3DCA70711D8}"
      }
    },
    {
      "type": "Feature",
      "id": 345232,
      "geometry": {
        "type": "Point",
        "coordinates": [
          -112.07141134216036,
          37.13080559668672
        ]
      },
      "properties": {
        "objectid": 345232,
        "fod_id": 354105,
        "fpa_id": "W-587247",
        "source_system_type": "FED",
        "source_system": "DOI-WFMI",
        "nwcg_reporting_agency": "BLM",
        "nwcg_reporting_unit_id": "USUTCCD",
        "nwcg_reporting_unit_name": "Cedar City Field Office",
        "source_reporting_unit": "UTCCD",
        "source_reporting_unit_name": "Cedar City Field Office",
        "local_fire_report_id": null,
        "local_incident_id": null,
        "fire_code": "EX16",
        "fire_name": "ROCK FACE",
        "ics_209_plus_incident_join_id": null,
        "ics_209_plus_complex_join_id": null,
        "mtbs_id": null,
        "mtbs_fire_name": null,
        "complex_name": null,
        "fire_year": 2009,
        "discovery_date": 1243641600000,
        "discovery_doy": 150,
        "discovery_time": "1536",
        "nwcg_cause_classification": "Natural",
        "nwcg_general_cause": "Natural",
        "nwcg_cause_age_category": null,
        "cont_date": 1243641600000,
        "cont_doy": 150,
        "cont_time": "1805",
        "fire_size": 0.1,
        "fire_size_class": "A",
        "latitude": 37.1308,
        "longitude": -112.0714,
        "owner_descr": "BLM",
        "state": "UT",
        "county": "Kane",
        "fips_code": "49025",
        "fips_name": "Kane County",
        "globalid": "{40989DC9-F3C4-4728-8B4C-B5C3AEE14CC9}"
      }
    },
    {
      "type": "Feature",
      "id": 345233,
      "geometry": {
        "type": "Point",
        "coordinates": [
          -112.06641134248268,
          37.143605598600594
        ]
      },
      "properties": {
        "objectid": 345233,
        "fod_id": 354106,
        "fpa_id": "W-587245",
        "source_system_type": "FED",
        "source_system": "DOI-WFMI",
        "nwcg_reporting_agency": "BLM",
        "nwcg_reporting_unit_id": "USUTCCD",
        "nwcg_reporting_unit_name": "Cedar City Field Office",
        "source_reporting_unit": "UTCCD",
        "source_reporting_unit_name": "Cedar City Field Office",
        "local_fire_report_id": null,
        "local_incident_id": null,
        "fire_code": "EX12",
        "fire_name": "SUGAR",
        "ics_209_plus_incident_join_id": null,
        "ics_209_plus_complex_join_id": null,
        "mtbs_id": null,
        "mtbs_fire_name": null,
        "complex_name": null,
        "fire_year": 2009,
        "discovery_date": 1243641600000,
        "discovery_doy": 150,
        "discovery_time": "1536",
        "nwcg_cause_classification": "Natural",
        "nwcg_general_cause": "Natural",
        "nwcg_cause_age_category": null,
        "cont_date": 1243641600000,
        "cont_doy": 150,
        "cont_time": "1606",
        "fire_size": 0.1,
        "fire_size_class": "A",
        "latitude": 37.1436,
        "longitude": -112.0664,
        "owner_descr": "BLM",
        "state": "UT",
        "county": "Kane",
        "fips_code": "49025",
        "fips_name": "Kane County",
        "globalid": "{D1330514-5BFD-49A4-9610-7BDD810008CC}"
      }
    },
    {
      "type": "Feature",
      "id": 345234,
      "geometry": {
        "type": "Point",
        "coordinates": [
          -112.03721133567484,
          37.13360559927995
        ]
      },
      "properties": {
        "objectid": 345234,
        "fod_id": 354107,
        "fpa_id": "W-587248",
        "source_system_type": "FED",
        "source_system": "DOI-WFMI",
        "nwcg_reporting_agency": "BLM",
        "nwcg_reporting_unit_id": "USUTCCD",
        "nwcg_reporting_unit_name": "Cedar City Field Office",
        "source_reporting_unit": "UTCCD",
        "source_reporting_unit_name": "Cedar City Field Office",
        "local_fire_report_id": null,
        "local_incident_id": null,
        "fire_code": "EX2B",
        "fire_name": "FIVE MILE",
        "ics_209_plus_incident_join_id": null,
        "ics_209_plus_complex_join_id": null,
        "mtbs_id": null,
        "mtbs_fire_name": null,
        "complex_name": null,
        "fire_year": 2009,
        "discovery_date": 1243641600000,
        "discovery_doy": 150,
        "discovery_time": "1537",
        "nwcg_cause_classification": "Natural",
        "nwcg_general_cause": "Natural",
        "nwcg_cause_age_category": null,
        "cont_date": 1243641600000,
        "cont_doy": 150,
        "cont_time": "1635",
        "fire_size": 0.1,
        "fire_size_class": "A",
        "latitude": 37.1336,
        "longitude": -112.0372,
        "owner_descr": "BLM",
        "state": "UT",
        "county": "Kane",
        "fips_code": "49025",
        "fips_name": "Kane County",
        "globalid": "{39C417DD-F2CF-40BA-AD3A-FFB13A708602}"
      }
    },
    {
      "type": "Feature",
      "id": 345235,
      "geometry": {
        "type": "Point",
        "coordinates": [
          -112.06691134104418,
          37.12860559670972
        ]
      },
      "properties": {
        "objectid": 345235,
        "fod_id": 354108,
        "fpa_id": "W-587250",
        "source_system_type": "FED",
        "source_system": "DOI-WFMI",
        "nwcg_reporting_agency": "BLM",
        "nwcg_reporting_unit_id": "USUTCCD",
        "nwcg_reporting_unit_name": "Cedar City Field Office",
        "source_reporting_unit": "UTCCD",
        "source_reporting_unit_name": "Cedar City Field Office",
        "local_fire_report_id": null,
        "local_incident_id": null,
        "fire_code": "EX2C",
        "fire_name": "STONE HEDGE",
        "ics_209_plus_incident_join_id": null,
        "ics_209_plus_complex_join_id": null,
        "mtbs_id": null,
        "mtbs_fire_name": null,
        "complex_name": null,
        "fire_year": 2009,
        "discovery_date": 1243641600000,
        "discovery_doy": 150,
        "discovery_time": "1537",
        "nwcg_cause_classification": "Natural",
        "nwcg_general_cause": "Natural",
        "nwcg_cause_age_category": null,
        "cont_date": 1243641600000,
        "cont_doy": 150,
        "cont_time": "1730",
        "fire_size": 0.1,
        "fire_size_class": "A",
        "latitude": 37.1286,
        "longitude": -112.0669,
        "owner_descr": "BLM",
        "state": "UT",
        "county": "Kane",
        "fips_code": "49025",
        "fips_name": "Kane County",
        "globalid": "{B4D5529A-5E74-4898-94D8-9209667AD027}"
      }
    },
    {
      "type": "Feature",
      "id": 345237,
      "geometry": {
        "type": "Point",
        "coordinates": [
          -112.06641134120132,
          37.13110559705228
        ]
      },
      "properties": {
        "objectid": 345237,
        "fod_id": 354110,
        "fpa_id": "W-587253",
        "source_system_type": "FED",
        "source_system": "DOI-WFMI",
        "nwcg_reporting_agency": "BLM",
        "nwcg_reporting_unit_id": "USUTCCD",
        "nwcg_reporting_unit_name": "Cedar City Field Office",
        "source_reporting_unit": "UTCCD",
        "source_reporting_unit_name": "Cedar City Field Office",
        "local_fire_report_id": null,
        "local_incident_id": null,
        "fire_code": "EX2K",
        "fire_name": "SAGE",
        "ics_209_plus_incident_join_id": null,
        "ics_209_plus_complex_join_id": null,
        "mtbs_id": null,
        "mtbs_fire_name": null,
        "complex_name": null,
        "fire_year": 2009,
        "discovery_date": 1243641600000,
        "discovery_doy": 150,
        "discovery_time": "1756",
        "nwcg_cause_classification": "Natural",
        "nwcg_general_cause": "Natural",
        "nwcg_cause_age_category": null,
        "cont_date": 1243641600000,
        "cont_doy": 150,
        "cont_time": "1830",
        "fire_size": 0.1,
        "fire_size_class": "A",
        "latitude": 37.1311,
        "longitude": -112.0664,
        "owner_descr": "BLM",
        "state": "UT",
        "county": "Kane",
        "fips_code": "49025",
        "fips_name": "Kane County",
        "globalid": "{169DAE66-1F10-457C-B52F-85E37CDC2B76}"
      }
    },
    {
      "type": "Feature",
      "id": 345301,
      "geometry": {
        "type": "Point",
        "coordinates": [
          -111.97691132825547,
          37.17780560872534
        ]
      },
      "properties": {
        "objectid": 345301,
        "fod_id": 354180,
        "fpa_id": "W-591744",
        "source_system_type": "FED",
        "source_system": "DOI-WFMI",
        "nwcg_reporting_agency": "BLM",
        "nwcg_reporting_unit_id": "USUTCCD",
        "nwcg_reporting_unit_name": "Cedar City Field Office",
        "source_reporting_unit": "UTCCD",
        "source_reporting_unit_name": "Cedar City Field Office",
        "local_fire_report_id": null,
        "local_incident_id": null,
        "fire_code": "E3NL",
        "fire_name": "SAND GULCH",
        "ics_209_plus_incident_join_id": null,
        "ics_209_plus_complex_join_id": null,
        "mtbs_id": null,
        "mtbs_fire_name": null,
        "complex_name": null,
        "fire_year": 2009,
        "discovery_date": 1248825600000,
        "discovery_doy": 210,
        "discovery_time": "1603",
        "nwcg_cause_classification": "Natural",
        "nwcg_general_cause": "Natural",
        "nwcg_cause_age_category": null,
        "cont_date": 1248825600000,
        "cont_doy": 210,
        "cont_time": "1830",
        "fire_size": 0.1,
        "fire_size_class": "A",
        "latitude": 37.1778,
        "longitude": -111.9769,
        "owner_descr": "BLM",
        "state": "UT",
        "county": "Kane",
        "fips_code": "49025",
        "fips_name": "Kane County",
        "globalid": "{E26E6BE6-2D0E-4683-80BA-F9E5B36ACF60}"
      }
    },
    {
      "type": "Feature",
      "id": 345304,
      "geometry": {
        "type": "Point",
        "coordinates": [
          -112.01061132846935,
          37.11470559868098
        ]
      },
      "properties": {
        "objectid": 345304,
        "fod_id": 354183,
        "fpa_id": "W-591746",
        "source_system_type": "FED",
        "source_system": "DOI-WFMI",
        "nwcg_reporting_agency": "BLM",
        "nwcg_reporting_unit_id": "USUTCCD",
        "nwcg_reporting_unit_name": "Cedar City Field Office",
        "source_reporting_unit": "UTCCD",
        "source_reporting_unit_name": "Cedar City Field Office",
        "local_fire_report_id": null,
        "local_incident_id": null,
        "fire_code": "E3NM",
        "fire_name": "CHAIN",
        "ics_209_plus_incident_join_id": null,
        "ics_209_plus_complex_join_id": null,
        "mtbs_id": null,
        "mtbs_fire_name": null,
        "complex_name": null,
        "fire_year": 2009,
        "discovery_date": 1248825600000,
        "discovery_doy": 210,
        "discovery_time": "1733",
        "nwcg_cause_classification": "Natural",
        "nwcg_general_cause": "Natural",
        "nwcg_cause_age_category": null,
        "cont_date": 1248825600000,
        "cont_doy": 210,
        "cont_time": "1907",
        "fire_size": 0.3,
        "fire_size_class": "B",
        "latitude": 37.1147,
        "longitude": -112.0106,
        "owner_descr": "BLM",
        "state": "UT",
        "county": "Kane",
        "fips_code": "49025",
        "fips_name": "Kane County",
        "globalid": "{5A6EC0E7-57D7-4841-B13E-D86B2ECD3026}"
      }
    },
    {
      "type": "Feature",
      "id": 345305,
      "geometry": {
        "type": "Point",
        "coordinates": [
          -112.02941133236867,
          37.11640559765869
        ]
      },
      "properties": {
        "objectid": 345305,
        "fod_id": 354184,
        "fpa_id": "W-592681",
        "source_system_type": "FED",
        "source_system": "DOI-WFMI",
        "nwcg_reporting_agency": "BLM",
        "nwcg_reporting_unit_id": "USUTCCD",
        "nwcg_reporting_unit_name": "Cedar City Field Office",
        "source_reporting_unit": "UTCCD",
        "source_reporting_unit_name": "Cedar City Field Office",
        "local_fire_report_id": null,
        "local_incident_id": null,
        "fire_code": "E3RD",
        "fire_name": "ROAD SIDE",
        "ics_209_plus_incident_join_id": null,
        "ics_209_plus_complex_join_id": null,
        "mtbs_id": null,
        "mtbs_fire_name": null,
        "complex_name": null,
        "fire_year": 2009,
        "discovery_date": 1248912000000,
        "discovery_doy": 211,
        "discovery_time": "1539",
        "nwcg_cause_classification": "Natural",
        "nwcg_general_cause": "Natural",
        "nwcg_cause_age_category": null,
        "cont_date": 1248912000000,
        "cont_doy": 211,
        "cont_time": "2021",
        "fire_size": 0.1,
        "fire_size_class": "A",
        "latitude": 37.1164,
        "longitude": -112.0294,
        "owner_descr": "BLM",
        "state": "UT",
        "county": "Kane",
        "fips_code": "49025",
        "fips_name": "Kane County",
        "globalid": "{F304E366-9B10-4755-8685-B9E461D37DAE}"
      }
    },
    {
      "type": "Feature",
      "id": 345306,
      "geometry": {
        "type": "Point",
        "coordinates": [
          -112.03501133282346,
          37.11000559649726
        ]
      },
      "properties": {
        "objectid": 345306,
        "fod_id": 354185,
        "fpa_id": "W-592621",
        "source_system_type": "FED",
        "source_system": "DOI-WFMI",
        "nwcg_reporting_agency": "BLM",
        "nwcg_reporting_unit_id": "USUTCCD",
        "nwcg_reporting_unit_name": "Cedar City Field Office",
        "source_reporting_unit": "UTCCD",
        "source_reporting_unit_name": "Cedar City Field Office",
        "local_fire_report_id": null,
        "local_incident_id": null,
        "fire_code": "E3RH",
        "fire_name": "PARKER",
        "ics_209_plus_incident_join_id": null,
        "ics_209_plus_complex_join_id": null,
        "mtbs_id": null,
        "mtbs_fire_name": null,
        "complex_name": null,
        "fire_year": 2009,
        "discovery_date": 1248912000000,
        "discovery_doy": 211,
        "discovery_time": "1558",
        "nwcg_cause_classification": "Natural",
        "nwcg_general_cause": "Natural",
        "nwcg_cause_age_category": null,
        "cont_date": 1248912000000,
        "cont_doy": 211,
        "cont_time": "1815",
        "fire_size": 0.1,
        "fire_size_class": "A",
        "latitude": 37.11,
        "longitude": -112.035,
        "owner_descr": "BLM",
        "state": "UT",
        "county": "Kane",
        "fips_code": "49025",
        "fips_name": "Kane County",
        "globalid": "{8D939B6F-65A1-4A10-A15E-479673365432}"
      }
    },
    {
      "type": "Feature",
      "id": 345307,
      "geometry": {
        "type": "Point",
        "coordinates": [
          -112.03501133274166,
          37.10920559639799
        ]
      },
      "properties": {
        "objectid": 345307,
        "fod_id": 354186,
        "fpa_id": "W-591742",
        "source_system_type": "FED",
        "source_system": "DOI-WFMI",
        "nwcg_reporting_agency": "BLM",
        "nwcg_reporting_unit_id": "USUTCCD",
        "nwcg_reporting_unit_name": "Cedar City Field Office",
        "source_reporting_unit": "UTCCD",
        "source_reporting_unit_name": "Cedar City Field Office",
        "local_fire_report_id": null,
        "local_incident_id": null,
        "fire_code": "E3RJ",
        "fire_name": "HALF",
        "ics_209_plus_incident_join_id": null,
        "ics_209_plus_complex_join_id": null,
        "mtbs_id": null,
        "mtbs_fire_name": null,
        "complex_name": null,
        "fire_year": 2009,
        "discovery_date": 1248912000000,
        "discovery_doy": 211,
        "discovery_time": "1600",
        "nwcg_cause_classification": "Natural",
        "nwcg_general_cause": "Natural",
        "nwcg_cause_age_category": null,
        "cont_date": 1248912000000,
        "cont_doy": 211,
        "cont_time": "1734",
        "fire_size": 0.1,
        "fire_size_class": "A",
        "latitude": 37.1092,
        "longitude": -112.035,
        "owner_descr": "BLM",
        "state": "UT",
        "county": "Kane",
        "fips_code": "49025",
        "fips_name": "Kane County",
        "globalid": "{88F23068-84A2-43AE-830C-D6E53A3052BA}"
      }
    },
    {
      "type": "Feature",
      "id": 345308,
      "geometry": {
        "type": "Point",
        "coordinates": [
          -112.02311133063971,
          37.11170559748873
        ]
      },
      "properties": {
        "objectid": 345308,
        "fod_id": 354187,
        "fpa_id": "W-591743",
        "source_system_type": "FED",
        "source_system": "DOI-WFMI",
        "nwcg_reporting_agency": "BLM",
        "nwcg_reporting_unit_id": "USUTCCD",
        "nwcg_reporting_unit_name": "Cedar City Field Office",
        "source_reporting_unit": "UTCCD",
        "source_reporting_unit_name": "Cedar City Field Office",
        "local_fire_report_id": null,
        "local_incident_id": null,
        "fire_code": "E3RK",
        "fire_name": "TINY",
        "ics_209_plus_incident_join_id": null,
        "ics_209_plus_complex_join_id": null,
        "mtbs_id": null,
        "mtbs_fire_name": null,
        "complex_name": null,
        "fire_year": 2009,
        "discovery_date": 1248912000000,
        "discovery_doy": 211,
        "discovery_time": "1603",
        "nwcg_cause_classification": "Natural",
        "nwcg_general_cause": "Natural",
        "nwcg_cause_age_category": null,
        "cont_date": 1248912000000,
        "cont_doy": 211,
        "cont_time": "1845",
        "fire_size": 0.1,
        "fire_size_class": "A",
        "latitude": 37.1117,
        "longitude": -112.0231,
        "owner_descr": "BLM",
        "state": "UT",
        "county": "Kane",
        "fips_code": "49025",
        "fips_name": "Kane County",
        "globalid": "{AAAFFF55-F7B2-46D7-BD66-C9C8C22632A0}"
      }
    },
    {
      "type": "Feature",
      "id": 345313,
      "geometry": {
        "type": "Point",
        "coordinates": [
          -112.05811133842131,
          37.12000559622174
        ]
      },
      "properties": {
        "objectid": 345313,
        "fod_id": 354192,
        "fpa_id": "W-591564",
        "source_system_type": "FED",
        "source_system": "DOI-WFMI",
        "nwcg_reporting_agency": "BLM",
        "nwcg_reporting_unit_id": "USUTCCD",
        "nwcg_reporting_unit_name": "Cedar City Field Office",
        "source_reporting_unit": "UTCCD",
        "source_reporting_unit_name": "Cedar City Field Office",
        "local_fire_report_id": null,
        "local_incident_id": null,
        "fire_code": "E3SF",
        "fire_name": "SNEAKY",
        "ics_209_plus_incident_join_id": null,
        "ics_209_plus_complex_join_id": null,
        "mtbs_id": null,
        "mtbs_fire_name": null,
        "complex_name": null,
        "fire_year": 2009,
        "discovery_date": 1248912000000,
        "discovery_doy": 211,
        "discovery_time": "1951",
        "nwcg_cause_classification": "Natural",
        "nwcg_general_cause": "Natural",
        "nwcg_cause_age_category": null,
        "cont_date": 1248912000000,
        "cont_doy": 211,
        "cont_time": "2003",
        "fire_size": 0.1,
        "fire_size_class": "A",
        "latitude": 37.12,
        "longitude": -112.0581,
        "owner_descr": "BLM",
        "state": "UT",
        "county": "Utah",
        "fips_code": "49049",
        "fips_name": "Utah County",
        "globalid": "{03B54A15-782E-44CA-AC28-04674D3BCFF1}"
      }
    },
    {
      "type": "Feature",
      "id": 345326,
      "geometry": {
        "type": "Point",
        "coordinates": [
          -112.12471136440303,
          37.24440560721251
        ]
      },
      "properties": {
        "objectid": 345326,
        "fod_id": 354205,
        "fpa_id": "W-592763",
        "source_system_type": "FED",
        "source_system": "DOI-WFMI",
        "nwcg_reporting_agency": "BLM",
        "nwcg_reporting_unit_id": "USUTCCD",
        "nwcg_reporting_unit_name": "Cedar City Field Office",
        "source_reporting_unit": "UTCCD",
        "source_reporting_unit_name": "Cedar City Field Office",
        "local_fire_report_id": null,
        "local_incident_id": null,
        "fire_code": "E45T",
        "fire_name": "HOME COOKED",
        "ics_209_plus_incident_join_id": null,
        "ics_209_plus_complex_join_id": null,
        "mtbs_id": null,
        "mtbs_fire_name": null,
        "complex_name": null,
        "fire_year": 2009,
        "discovery_date": 1250121600000,
        "discovery_doy": 225,
        "discovery_time": "1537",
        "nwcg_cause_classification": "Natural",
        "nwcg_general_cause": "Natural",
        "nwcg_cause_age_category": null,
        "cont_date": 1250380800000,
        "cont_doy": 228,
        "cont_time": "1515",
        "fire_size": 0.1,
        "fire_size_class": "A",
        "latitude": 37.2444,
        "longitude": -112.1247,
        "owner_descr": "BLM",
        "state": "UT",
        "county": "Kane",
        "fips_code": "49025",
        "fips_name": "Kane County",
        "globalid": "{DF646648-234F-425D-B28A-59F77E0BDC9E}"
      }
    },
    {
      "type": "Feature",
      "id": 345333,
      "geometry": {
        "type": "Point",
        "coordinates": [
          -112.11641135320744,
          37.15170559631509
        ]
      },
      "properties": {
        "objectid": 345333,
        "fod_id": 354214,
        "fpa_id": "W-593449",
        "source_system_type": "FED",
        "source_system": "DOI-WFMI",
        "nwcg_reporting_agency": "BLM",
        "nwcg_reporting_unit_id": "USUTCCD",
        "nwcg_reporting_unit_name": "Cedar City Field Office",
        "source_reporting_unit": "UTCCD",
        "source_reporting_unit_name": "Cedar City Field Office",
        "local_fire_report_id": null,
        "local_incident_id": null,
        "fire_code": "E6HZ",
        "fire_name": "KITCHEN",
        "ics_209_plus_incident_join_id": null,
        "ics_209_plus_complex_join_id": null,
        "mtbs_id": null,
        "mtbs_fire_name": null,
        "complex_name": null,
        "fire_year": 2009,
        "discovery_date": 1251936000000,
        "discovery_doy": 246,
        "discovery_time": "1632",
        "nwcg_cause_classification": "Natural",
        "nwcg_general_cause": "Natural",
        "nwcg_cause_age_category": null,
        "cont_date": 1251936000000,
        "cont_doy": 246,
        "cont_time": "1845",
        "fire_size": 0.1,
        "fire_size_class": "A",
        "latitude": 37.1517,
        "longitude": -112.1164,
        "owner_descr": "BLM",
        "state": "UT",
        "county": "Kane",
        "fips_code": "49025",
        "fips_name": "Kane County",
        "globalid": "{CAC8D1EF-2E9B-4305-B759-F21D512CD6FA}"
      }
    },
    {
      "type": "Feature",
      "id": 345336,
      "geometry": {
        "type": "Point",
        "coordinates": [
          -112.05111134282109,
          37.17640560366819
        ]
      },
      "properties": {
        "objectid": 345336,
        "fod_id": 354217,
        "fpa_id": "W-594756",
        "source_system_type": "FED",
        "source_system": "DOI-WFMI",
        "nwcg_reporting_agency": "BLM",
        "nwcg_reporting_unit_id": "USUTCCD",
        "nwcg_reporting_unit_name": "Cedar City Field Office",
        "source_reporting_unit": "UTCCD",
        "source_reporting_unit_name": "Cedar City Field Office",
        "local_fire_report_id": null,
        "local_incident_id": null,
        "fire_code": "E61K",
        "fire_name": "PARIA",
        "ics_209_plus_incident_join_id": null,
        "ics_209_plus_complex_join_id": null,
        "mtbs_id": null,
        "mtbs_fire_name": null,
        "complex_name": null,
        "fire_year": 2009,
        "discovery_date": 1252713600000,
        "discovery_doy": 255,
        "discovery_time": "1623",
        "nwcg_cause_classification": "Natural",
        "nwcg_general_cause": "Natural",
        "nwcg_cause_age_category": null,
        "cont_date": 1252800000000,
        "cont_doy": 256,
        "cont_time": "1130",
        "fire_size": 0.1,
        "fire_size_class": "A",
        "latitude": 37.1764,
        "longitude": -112.0511,
        "owner_descr": "BLM",
        "state": "UT",
        "county": "Kane",
        "fips_code": "49025",
        "fips_name": "Kane County",
        "globalid": "{0E2098E3-0D42-45EA-BF48-9D3322DECBBE}"
      }
    },
    {
      "type": "Feature",
      "id": 345341,
      "geometry": {
        "type": "Point",
        "coordinates": [
          -112.16641135861958,
          37.108105587639024
        ]
      },
      "properties": {
        "objectid": 345341,
        "fod_id": 354222,
        "fpa_id": "W-594543",
        "source_system_type": "FED",
        "source_system": "DOI-WFMI",
        "nwcg_reporting_agency": "BLM",
        "nwcg_reporting_unit_id": "USUTCCD",
        "nwcg_reporting_unit_name": "Cedar City Field Office",
        "source_reporting_unit": "UTCCD",
        "source_reporting_unit_name": "Cedar City Field Office",
        "local_fire_report_id": null,
        "local_incident_id": null,
        "fire_code": "E64C",
        "fire_name": "CHAINING",
        "ics_209_plus_incident_join_id": null,
        "ics_209_plus_complex_join_id": null,
        "mtbs_id": null,
        "mtbs_fire_name": null,
        "complex_name": null,
        "fire_year": 2009,
        "discovery_date": 1252713600000,
        "discovery_doy": 255,
        "discovery_time": "1834",
        "nwcg_cause_classification": "Natural",
        "nwcg_general_cause": "Natural",
        "nwcg_cause_age_category": null,
        "cont_date": 1252800000000,
        "cont_doy": 256,
        "cont_time": "1300",
        "fire_size": 0.1,
        "fire_size_class": "A",
        "latitude": 37.1081,
        "longitude": -112.1664,
        "owner_descr": "BLM",
        "state": "UT",
        "county": "Kane",
        "fips_code": "49025",
        "fips_name": "Kane County",
        "globalid": "{F0F14166-787D-44BD-BE49-8A16B5D44BBF}"
      }
    },
    {
      "type": "Feature",
      "id": 658512,
      "geometry": {
        "type": "Point",
        "coordinates": [
          -111.96138720571844,
          37.18309421040305
        ]
      },
      "properties": {
        "objectid": 658512,
        "fod_id": 719563,
        "fpa_id": "SFO-2006UTFFSL20363-2006",
        "source_system_type": "NONFED",
        "source_system": "ST-NASF",
        "nwcg_reporting_agency": "ST/C&L",
        "nwcg_reporting_unit_id": "USUTUTS",
        "nwcg_reporting_unit_name": "Utah Division Forestry Fire State Lands",
        "source_reporting_unit": "UTUTS",
        "source_reporting_unit_name": "Utah Division Forestry Fire State Lands",
        "local_fire_report_id": null,
        "local_incident_id": "20363-2006",
        "fire_code": null,
        "fire_name": "COMB",
        "ics_209_plus_incident_join_id": null,
        "ics_209_plus_complex_join_id": null,
        "mtbs_id": null,
        "mtbs_fire_name": null,
        "complex_name": null,
        "fire_year": 2006,
        "discovery_date": 1152489600000,
        "discovery_doy": 191,
        "discovery_time": "1600",
        "nwcg_cause_classification": "Natural",
        "nwcg_general_cause": "Natural",
        "nwcg_cause_age_category": null,
        "cont_date": 1152835200000,
        "cont_doy": 195,
        "cont_time": "1200",
        "fire_size": 0.2,
        "fire_size_class": "A",
        "latitude": 37.1830886,
        "longitude": -111.96137587999999,
        "owner_descr": "PRIVATE",
        "state": "UT",
        "county": "Kane",
        "fips_code": "49025",
        "fips_name": "Kane County",
        "globalid": "{262D1896-2DBE-4E33-9D9B-88D114B22699}"
      }
    },
    {
      "type": "Feature",
      "id": 753546,
      "geometry": {
        "type": "Point",
        "coordinates": [
          -111.96879132469233,
          37.158795606900355
        ]
      },
      "properties": {
        "objectid": 753546,
        "fod_id": 854193,
        "fpa_id": "SFO-2003UTFFSL5871-2003",
        "source_system_type": "NONFED",
        "source_system": "ST-UTUTS",
        "nwcg_reporting_agency": "ST/C&L",
        "nwcg_reporting_unit_id": "USUTUTS",
        "nwcg_reporting_unit_name": "Utah Division Forestry Fire State Lands",
        "source_reporting_unit": "UTUTS",
        "source_reporting_unit_name": "Utah Division Forestry Fire State Lands",
        "local_fire_report_id": null,
        "local_incident_id": "5871-2003",
        "fire_code": null,
        "fire_name": "MP 27",
        "ics_209_plus_incident_join_id": null,
        "ics_209_plus_complex_join_id": null,
        "mtbs_id": null,
        "mtbs_fire_name": null,
        "complex_name": null,
        "fire_year": 2003,
        "discovery_date": 1055030400000,
        "discovery_doy": 159,
        "discovery_time": "1600",
        "nwcg_cause_classification": "Natural",
        "nwcg_general_cause": "Natural",
        "nwcg_cause_age_category": null,
        "cont_date": 1055635200000,
        "cont_doy": 166,
        "cont_time": "1800",
        "fire_size": 0.1,
        "fire_size_class": "A",
        "latitude": 37.15879,
        "longitude": -111.96878,
        "owner_descr": "PRIVATE",
        "state": "UT",
        "county": "KANE",
        "fips_code": "49025",
        "fips_name": "Kane County",
        "globalid": "{01C1D1C5-15E5-4E2D-B184-46BA1362DB6E}"
      }
    },
    {
      "type": "Feature",
      "id": 753856,
      "geometry": {
        "type": "Point",
        "coordinates": [
          -111.80606128632354,
          37.09989561023643
        ]
      },
      "properties": {
        "objectid": 753856,
        "fod_id": 854566,
        "fpa_id": "UT_0015-97",
        "source_system_type": "NONFED",
        "source_system": "ST-UTUTS",
        "nwcg_reporting_agency": "ST/C&L",
        "nwcg_reporting_unit_id": "USUTUTS",
        "nwcg_reporting_unit_name": "Utah Division Forestry Fire State Lands",
        "source_reporting_unit": "UTUTS",
        "source_reporting_unit_name": "Utah Division Forestry Fire State Lands",
        "local_fire_report_id": null,
        "local_incident_id": "0015-97",
        "fire_code": null,
        "fire_name": "MP1-6 CHURCHWELL",
        "ics_209_plus_incident_join_id": null,
        "ics_209_plus_complex_join_id": null,
        "mtbs_id": null,
        "mtbs_fire_name": null,
        "complex_name": null,
        "fire_year": 1997,
        "discovery_date": 865036800000,
        "discovery_doy": 151,
        "discovery_time": null,
        "nwcg_cause_classification": "Missing data/not specified/undetermined",
        "nwcg_general_cause": "Missing data/not specified/undetermined",
        "nwcg_cause_age_category": null,
        "cont_date": null,
        "cont_doy": null,
        "cont_time": null,
        "fire_size": 1.4,
        "fire_size_class": "B",
        "latitude": 37.09989,
        "longitude": -111.80605,
        "owner_descr": "MISSING/NOT SPECIFIED",
        "state": "UT",
        "county": "KANE",
        "fips_code": "49025",
        "fips_name": "Kane County",
        "globalid": "{C3C25310-93E9-4162-8A63-6C36D6639D9F}"
      }
    },
    {
      "type": "Feature",
      "id": 754662,
      "geometry": {
        "type": "Point",
        "coordinates": [
          -111.82417128994572,
          37.10006560907271
        ]
      },
      "properties": {
        "objectid": 754662,
        "fod_id": 855623,
        "fpa_id": "SFO-2000UTFFSL2303-2000",
        "source_system_type": "NONFED",
        "source_system": "ST-UTUTS",
        "nwcg_reporting_agency": "ST/C&L",
        "nwcg_reporting_unit_id": "USUTUTS",
        "nwcg_reporting_unit_name": "Utah Division Forestry Fire State Lands",
        "source_reporting_unit": "UTUTS",
        "source_reporting_unit_name": "Utah Division Forestry Fire State Lands",
        "local_fire_report_id": null,
        "local_incident_id": "2303-2000",
        "fire_code": null,
        "fire_name": "MP16",
        "ics_209_plus_incident_join_id": null,
        "ics_209_plus_complex_join_id": null,
        "mtbs_id": null,
        "mtbs_fire_name": null,
        "complex_name": null,
        "fire_year": 2000,
        "discovery_date": 962755200000,
        "discovery_doy": 187,
        "discovery_time": "1615",
        "nwcg_cause_classification": "Human",
        "nwcg_general_cause": "Equipment and vehicle use",
        "nwcg_cause_age_category": null,
        "cont_date": 963014400000,
        "cont_doy": 190,
        "cont_time": "1700",
        "fire_size": 0.1,
        "fire_size_class": "A",
        "latitude": 37.10006,
        "longitude": -111.82416,
        "owner_descr": "STATE",
        "state": "UT",
        "county": "KANE",
        "fips_code": "49025",
        "fips_name": "Kane County",
        "globalid": "{BEF7396C-DB37-4B58-80E5-424EEED6D22A}"
      }
    },
    {
      "type": "Feature",
      "id": 755324,
      "geometry": {
        "type": "Point",
        "coordinates": [
          -112.13199134812116,
          37.07191558541843
        ]
      },
      "properties": {
        "objectid": 755324,
        "fod_id": 856539,
        "fpa_id": "SFO-2000UTFFSL2410-2000",
        "source_system_type": "NONFED",
        "source_system": "ST-UTUTS",
        "nwcg_reporting_agency": "ST/C&L",
        "nwcg_reporting_unit_id": "USUTUTS",
        "nwcg_reporting_unit_name": "Utah Division Forestry Fire State Lands",
        "source_reporting_unit": "UTUTS",
        "source_reporting_unit_name": "Utah Division Forestry Fire State Lands",
        "local_fire_report_id": null,
        "local_incident_id": "2410-2000",
        "fire_code": null,
        "fire_name": "MP 34",
        "ics_209_plus_incident_join_id": null,
        "ics_209_plus_complex_join_id": null,
        "mtbs_id": null,
        "mtbs_fire_name": null,
        "complex_name": null,
        "fire_year": 2000,
        "discovery_date": 964310400000,
        "discovery_doy": 205,
        "discovery_time": "2030",
        "nwcg_cause_classification": "Natural",
        "nwcg_general_cause": "Natural",
        "nwcg_cause_age_category": null,
        "cont_date": 964396800000,
        "cont_doy": 206,
        "cont_time": "0000",
        "fire_size": 0.1,
        "fire_size_class": "A",
        "latitude": 37.07191,
        "longitude": -112.13198,
        "owner_descr": "UNDEFINED FEDERAL",
        "state": "UT",
        "county": "KANE",
        "fips_code": "49025",
        "fips_name": "Kane County",
        "globalid": "{B1319D36-D6B0-480F-AC0C-6C70215051DF}"
      }
    },
    {
      "type": "Feature",
      "id": 755325,
      "geometry": {
        "type": "Point",
        "coordinates": [
          -111.96877132320357,
          37.144315605103756
        ]
      },
      "properties": {
        "objectid": 755325,
        "fod_id": 856540,
        "fpa_id": "SFO-2000UTFFSL2418-2000",
        "source_system_type": "NONFED",
        "source_system": "ST-UTUTS",
        "nwcg_reporting_agency": "ST/C&L",
        "nwcg_reporting_unit_id": "USUTUTS",
        "nwcg_reporting_unit_name": "Utah Division Forestry Fire State Lands",
        "source_reporting_unit": "UTUTS",
        "source_reporting_unit_name": "Utah Division Forestry Fire State Lands",
        "local_fire_report_id": null,
        "local_incident_id": "2418-2000",
        "fire_code": null,
        "fire_name": "MP28",
        "ics_209_plus_incident_join_id": null,
        "ics_209_plus_complex_join_id": null,
        "mtbs_id": null,
        "mtbs_fire_name": null,
        "complex_name": null,
        "fire_year": 2000,
        "discovery_date": 964310400000,
        "discovery_doy": 205,
        "discovery_time": "2030",
        "nwcg_cause_classification": "Natural",
        "nwcg_general_cause": "Natural",
        "nwcg_cause_age_category": null,
        "cont_date": 964396800000,
        "cont_doy": 206,
        "cont_time": "0000",
        "fire_size": 0.1,
        "fire_size_class": "A",
        "latitude": 37.144310000000004,
        "longitude": -111.96876,
        "owner_descr": "PRIVATE",
        "state": "UT",
        "county": "KANE",
        "fips_code": "49025",
        "fips_name": "Kane County",
        "globalid": "{9DBEE0B8-66A5-4D71-A26C-20AD0F044361}"
      }
    },
    {
      "type": "Feature",
      "id": 755579,
      "geometry": {
        "type": "Point",
        "coordinates": [
          -112.1316113510042,
          37.100875589028846
        ]
      },
      "properties": {
        "objectid": 755579,
        "fod_id": 856890,
        "fpa_id": "UT_12895",
        "source_system_type": "NONFED",
        "source_system": "ST-UTUTS",
        "nwcg_reporting_agency": "ST/C&L",
        "nwcg_reporting_unit_id": "USUTUTS",
        "nwcg_reporting_unit_name": "Utah Division Forestry Fire State Lands",
        "source_reporting_unit": "UTUTS",
        "source_reporting_unit_name": "Utah Division Forestry Fire State Lands",
        "local_fire_report_id": null,
        "local_incident_id": "12895",
        "fire_code": null,
        "fire_name": "41 MILE MARKER",
        "ics_209_plus_incident_join_id": null,
        "ics_209_plus_complex_join_id": null,
        "mtbs_id": null,
        "mtbs_fire_name": null,
        "complex_name": null,
        "fire_year": 1995,
        "discovery_date": 806976000000,
        "discovery_doy": 210,
        "discovery_time": null,
        "nwcg_cause_classification": "Missing data/not specified/undetermined",
        "nwcg_general_cause": "Missing data/not specified/undetermined",
        "nwcg_cause_age_category": null,
        "cont_date": null,
        "cont_doy": null,
        "cont_time": null,
        "fire_size": 9,
        "fire_size_class": "B",
        "latitude": 37.10087,
        "longitude": -112.1316,
        "owner_descr": "MISSING/NOT SPECIFIED",
        "state": "UT",
        "county": "KANE",
        "fips_code": "49025",
        "fips_name": "Kane County",
        "globalid": "{8B86E5C6-A14E-44DC-A6D3-8625CDBBADCB}"
      }
    },
    {
      "type": "Feature",
      "id": 755888,
      "geometry": {
        "type": "Point",
        "coordinates": [
          -112.00488133479759,
          37.187475608083126
        ]
      },
      "properties": {
        "objectid": 755888,
        "fod_id": 857290,
        "fpa_id": "UT_17892",
        "source_system_type": "NONFED",
        "source_system": "ST-UTUTS",
        "nwcg_reporting_agency": "ST/C&L",
        "nwcg_reporting_unit_id": "USUTUTS",
        "nwcg_reporting_unit_name": "Utah Division Forestry Fire State Lands",
        "source_reporting_unit": "UTUTS",
        "source_reporting_unit_name": "Utah Division Forestry Fire State Lands",
        "local_fire_report_id": null,
        "local_incident_id": "17892",
        "fire_code": null,
        "fire_name": "MILE POST 31",
        "ics_209_plus_incident_join_id": null,
        "ics_209_plus_complex_join_id": null,
        "mtbs_id": null,
        "mtbs_fire_name": null,
        "complex_name": null,
        "fire_year": 1992,
        "discovery_date": 712972800000,
        "discovery_doy": 218,
        "discovery_time": null,
        "nwcg_cause_classification": "Missing data/not specified/undetermined",
        "nwcg_general_cause": "Missing data/not specified/undetermined",
        "nwcg_cause_age_category": null,
        "cont_date": null,
        "cont_doy": null,
        "cont_time": null,
        "fire_size": 0.1,
        "fire_size_class": "A",
        "latitude": 37.18747,
        "longitude": -112.00487,
        "owner_descr": "MISSING/NOT SPECIFIED",
        "state": "UT",
        "county": "KANE",
        "fips_code": "49025",
        "fips_name": "Kane County",
        "globalid": "{0268CAE6-3C1C-4907-A43B-053DA761142C}"
      }
    },
    {
      "type": "Feature",
      "id": 756480,
      "geometry": {
        "type": "Point",
        "coordinates": [
          -111.96877132320357,
          37.144315605103756
        ]
      },
      "properties": {
        "objectid": 756480,
        "fod_id": 858078,
        "fpa_id": "UT_20394",
        "source_system_type": "NONFED",
        "source_system": "ST-UTUTS",
        "nwcg_reporting_agency": "ST/C&L",
        "nwcg_reporting_unit_id": "USUTUTS",
        "nwcg_reporting_unit_name": "Utah Division Forestry Fire State Lands",
        "source_reporting_unit": "UTUTS",
        "source_reporting_unit_name": "Utah Division Forestry Fire State Lands",
        "local_fire_report_id": null,
        "local_incident_id": "20394",
        "fire_code": null,
        "fire_name": "MP 27",
        "ics_209_plus_incident_join_id": null,
        "ics_209_plus_complex_join_id": null,
        "mtbs_id": null,
        "mtbs_fire_name": null,
        "complex_name": null,
        "fire_year": 1994,
        "discovery_date": 777340800000,
        "discovery_doy": 232,
        "discovery_time": null,
        "nwcg_cause_classification": "Missing data/not specified/undetermined",
        "nwcg_general_cause": "Missing data/not specified/undetermined",
        "nwcg_cause_age_category": null,
        "cont_date": null,
        "cont_doy": null,
        "cont_time": null,
        "fire_size": 0.1,
        "fire_size_class": "A",
        "latitude": 37.144310000000004,
        "longitude": -111.96876,
        "owner_descr": "MISSING/NOT SPECIFIED",
        "state": "UT",
        "county": "KANE",
        "fips_code": "49025",
        "fips_name": "Kane County",
        "globalid": "{8911E6E5-804D-4831-A00E-E6B781C8AD42}"
      }
    },
    {
      "type": "Feature",
      "id": 756747,
      "geometry": {
        "type": "Point",
        "coordinates": [
          -111.95083133001303,
          37.24510561878776
        ]
      },
      "properties": {
        "objectid": 756747,
        "fod_id": 858421,
        "fpa_id": "SFO-1999UTFFSL1512-1999",
        "source_system_type": "NONFED",
        "source_system": "ST-UTUTS",
        "nwcg_reporting_agency": "ST/C&L",
        "nwcg_reporting_unit_id": "USUTUTS",
        "nwcg_reporting_unit_name": "Utah Division Forestry Fire State Lands",
        "source_reporting_unit": "UTUTS",
        "source_reporting_unit_name": "Utah Division Forestry Fire State Lands",
        "local_fire_report_id": null,
        "local_incident_id": "1512-1999",
        "fire_code": null,
        "fire_name": "POTTERY",
        "ics_209_plus_incident_join_id": null,
        "ics_209_plus_complex_join_id": null,
        "mtbs_id": null,
        "mtbs_fire_name": null,
        "complex_name": null,
        "fire_year": 1999,
        "discovery_date": 935712000000,
        "discovery_doy": 239,
        "discovery_time": "1530",
        "nwcg_cause_classification": "Natural",
        "nwcg_general_cause": "Natural",
        "nwcg_cause_age_category": null,
        "cont_date": 935798400000,
        "cont_doy": 240,
        "cont_time": "1800",
        "fire_size": 0.1,
        "fire_size_class": "A",
        "latitude": 37.2451,
        "longitude": -111.95082000000001,
        "owner_descr": "UNDEFINED FEDERAL",
        "state": "UT",
        "county": "KANE",
        "fips_code": "49025",
        "fips_name": "Kane County",
        "globalid": "{5E324724-A40B-4856-B6E4-9B455545C2CE}"
      }
    },
    {
      "type": "Feature",
      "id": 757312,
      "geometry": {
        "type": "Point",
        "coordinates": [
          -111.96878132763636,
          37.187475610459934
        ]
      },
      "properties": {
        "objectid": 757312,
        "fod_id": 859118,
        "fpa_id": "SFO-2001UTFFSL4215-2001",
        "source_system_type": "NONFED",
        "source_system": "ST-UTUTS",
        "nwcg_reporting_agency": "ST/C&L",
        "nwcg_reporting_unit_id": "USUTUTS",
        "nwcg_reporting_unit_name": "Utah Division Forestry Fire State Lands",
        "source_reporting_unit": "UTUTS",
        "source_reporting_unit_name": "Utah Division Forestry Fire State Lands",
        "local_fire_report_id": null,
        "local_incident_id": "4215-2001",
        "fire_code": null,
        "fire_name": "MOONER",
        "ics_209_plus_incident_join_id": null,
        "ics_209_plus_complex_join_id": null,
        "mtbs_id": null,
        "mtbs_fire_name": null,
        "complex_name": null,
        "fire_year": 2001,
        "discovery_date": 1000339200000,
        "discovery_doy": 256,
        "discovery_time": "0700",
        "nwcg_cause_classification": "Natural",
        "nwcg_general_cause": "Natural",
        "nwcg_cause_age_category": null,
        "cont_date": 1000512000000,
        "cont_doy": 258,
        "cont_time": "2000",
        "fire_size": 0.1,
        "fire_size_class": "A",
        "latitude": 37.18747,
        "longitude": -111.96876999999999,
        "owner_descr": "PRIVATE",
        "state": "UT",
        "county": "KANE",
        "fips_code": "49025",
        "fips_name": "Kane County",
        "globalid": "{8C6A2C6B-C893-4142-B06A-EE08BB43DDE3}"
      }
    },
    {
      "type": "Feature",
      "id": 757699,
      "geometry": {
        "type": "Point",
        "coordinates": [
          -111.96877132320357,
          37.144315605103756
        ]
      },
      "properties": {
        "objectid": 757699,
        "fod_id": 859577,
        "fpa_id": "UT_31094",
        "source_system_type": "NONFED",
        "source_system": "ST-UTUTS",
        "nwcg_reporting_agency": "ST/C&L",
        "nwcg_reporting_unit_id": "USUTUTS",
        "nwcg_reporting_unit_name": "Utah Division Forestry Fire State Lands",
        "source_reporting_unit": "UTUTS",
        "source_reporting_unit_name": "Utah Division Forestry Fire State Lands",
        "local_fire_report_id": null,
        "local_incident_id": "31094",
        "fire_code": null,
        "fire_name": "FIVE MILE",
        "ics_209_plus_incident_join_id": null,
        "ics_209_plus_complex_join_id": null,
        "mtbs_id": null,
        "mtbs_fire_name": null,
        "complex_name": null,
        "fire_year": 1994,
        "discovery_date": 782611200000,
        "discovery_doy": 293,
        "discovery_time": null,
        "nwcg_cause_classification": "Missing data/not specified/undetermined",
        "nwcg_general_cause": "Missing data/not specified/undetermined",
        "nwcg_cause_age_category": null,
        "cont_date": null,
        "cont_doy": null,
        "cont_time": null,
        "fire_size": 0.1,
        "fire_size_class": "A",
        "latitude": 37.144310000000004,
        "longitude": -111.96876,
        "owner_descr": "MISSING/NOT SPECIFIED",
        "state": "UT",
        "county": "KANE",
        "fips_code": "49025",
        "fips_name": "Kane County",
        "globalid": "{6884DED8-7B3A-4707-A085-784A86D26659}"
      }
    },
    {
      "type": "Feature",
      "id": 757774,
      "geometry": {
        "type": "Point",
        "coordinates": [
          -111.91477132436516,
          37.2597756229874
        ]
      },
      "properties": {
        "objectid": 757774,
        "fod_id": 859665,
        "fpa_id": "UT_0455-97",
        "source_system_type": "NONFED",
        "source_system": "ST-UTUTS",
        "nwcg_reporting_agency": "ST/C&L",
        "nwcg_reporting_unit_id": "USUTUTS",
        "nwcg_reporting_unit_name": "Utah Division Forestry Fire State Lands",
        "source_reporting_unit": "UTUTS",
        "source_reporting_unit_name": "Utah Division Forestry Fire State Lands",
        "local_fire_report_id": null,
        "local_incident_id": "0455-97",
        "fire_code": null,
        "fire_name": "COTTONWOOD CREEK",
        "ics_209_plus_incident_join_id": null,
        "ics_209_plus_complex_join_id": null,
        "mtbs_id": null,
        "mtbs_fire_name": null,
        "complex_name": null,
        "fire_year": 1997,
        "discovery_date": 878169600000,
        "discovery_doy": 303,
        "discovery_time": null,
        "nwcg_cause_classification": "Missing data/not specified/undetermined",
        "nwcg_general_cause": "Missing data/not specified/undetermined",
        "nwcg_cause_age_category": null,
        "cont_date": null,
        "cont_doy": null,
        "cont_time": null,
        "fire_size": 0.1,
        "fire_size_class": "A",
        "latitude": 37.25977,
        "longitude": -111.91476,
        "owner_descr": "MISSING/NOT SPECIFIED",
        "state": "UT",
        "county": "KANE",
        "fips_code": "49025",
        "fips_name": "Kane County",
        "globalid": "{6CBB3E8F-449A-497E-9D5B-DE257AD78EF4}"
      }
    },
    {
      "type": "Feature",
      "id": 1217153,
      "geometry": {
        "type": "Point",
        "coordinates": [
          -111.97671132635712,
          37.15970560649271
        ]
      },
      "properties": {
        "objectid": 1217153,
        "fod_id": 1475873,
        "fpa_id": "W-593461",
        "source_system_type": "FED",
        "source_system": "DOI-WFMI",
        "nwcg_reporting_agency": "BLM",
        "nwcg_reporting_unit_id": "USUTCCD",
        "nwcg_reporting_unit_name": "Cedar City Field Office",
        "source_reporting_unit": "UTCCD",
        "source_reporting_unit_name": "Cedar City Field Office",
        "local_fire_report_id": null,
        "local_incident_id": null,
        "fire_code": "E3NJ",
        "fire_name": "PILLAR",
        "ics_209_plus_incident_join_id": null,
        "ics_209_plus_complex_join_id": null,
        "mtbs_id": null,
        "mtbs_fire_name": null,
        "complex_name": null,
        "fire_year": 2009,
        "discovery_date": 1248825600000,
        "discovery_doy": 210,
        "discovery_time": "1606",
        "nwcg_cause_classification": "Natural",
        "nwcg_general_cause": "Natural",
        "nwcg_cause_age_category": null,
        "cont_date": 1248825600000,
        "cont_doy": 210,
        "cont_time": "1708",
        "fire_size": 0.1,
        "fire_size_class": "A",
        "latitude": 37.1597,
        "longitude": -111.9767,
        "owner_descr": "BLM",
        "state": "UT",
        "county": "Kane",
        "fips_code": "49025",
        "fips_name": "Kane County",
        "globalid": "{0DA41F3E-409F-4E19-8400-15563A7E73B2}"
      }
    },
    {
      "type": "Feature",
      "id": 1217167,
      "geometry": {
        "type": "Point",
        "coordinates": [
          -111.96441132537437,
          37.17390560906384
        ]
      },
      "properties": {
        "objectid": 1217167,
        "fod_id": 1475900,
        "fpa_id": "W-595329",
        "source_system_type": "FED",
        "source_system": "DOI-WFMI",
        "nwcg_reporting_agency": "BLM",
        "nwcg_reporting_unit_id": "USUTCCD",
        "nwcg_reporting_unit_name": "Cedar City Field Office",
        "source_reporting_unit": "UTCCD",
        "source_reporting_unit_name": "Cedar City Field Office",
        "local_fire_report_id": null,
        "local_incident_id": null,
        "fire_code": "E62G",
        "fire_name": "HILL",
        "ics_209_plus_incident_join_id": null,
        "ics_209_plus_complex_join_id": null,
        "mtbs_id": null,
        "mtbs_fire_name": null,
        "complex_name": null,
        "fire_year": 2009,
        "discovery_date": 1252713600000,
        "discovery_doy": 255,
        "discovery_time": "1727",
        "nwcg_cause_classification": "Natural",
        "nwcg_general_cause": "Natural",
        "nwcg_cause_age_category": null,
        "cont_date": 1252886400000,
        "cont_doy": 257,
        "cont_time": "1614",
        "fire_size": 0.1,
        "fire_size_class": "A",
        "latitude": 37.1739,
        "longitude": -111.9644,
        "owner_descr": "PRIVATE",
        "state": "UT",
        "county": "Kane",
        "fips_code": "49025",
        "fips_name": "Kane County",
        "globalid": "{B6D448DA-2B6E-42B8-92A8-8FBEB80326FA}"
      }
    },
    {
      "type": "Feature",
      "id": 1217191,
      "geometry": {
        "type": "Point",
        "coordinates": [
          -112.1197113454176,
          37.069205585887026
        ]
      },
      "properties": {
        "objectid": 1217191,
        "fod_id": 1475927,
        "fpa_id": "W-603849",
        "source_system_type": "FED",
        "source_system": "DOI-WFMI",
        "nwcg_reporting_agency": "BLM",
        "nwcg_reporting_unit_id": "USUTCCD",
        "nwcg_reporting_unit_name": "Cedar City Field Office",
        "source_reporting_unit": "UTCCD",
        "source_reporting_unit_name": "Cedar City Field Office",
        "local_fire_report_id": null,
        "local_incident_id": null,
        "fire_code": "FKN6",
        "fire_name": "EAGLE",
        "ics_209_plus_incident_join_id": null,
        "ics_209_plus_complex_join_id": null,
        "mtbs_id": null,
        "mtbs_fire_name": null,
        "complex_name": null,
        "fire_year": 2010,
        "discovery_date": 1278633600000,
        "discovery_doy": 190,
        "discovery_time": "1428",
        "nwcg_cause_classification": "Natural",
        "nwcg_general_cause": "Natural",
        "nwcg_cause_age_category": null,
        "cont_date": 1278633600000,
        "cont_doy": 190,
        "cont_time": "1845",
        "fire_size": 0.1,
        "fire_size_class": "A",
        "latitude": 37.0692,
        "longitude": -112.1197,
        "owner_descr": "BLM",
        "state": "UT",
        "county": "Kane",
        "fips_code": "49025",
        "fips_name": "Kane County",
        "globalid": "{664AA01B-0950-4413-97DA-3BA5231851D1}"
      }
    },
    {
      "type": "Feature",
      "id": 1217194,
      "geometry": {
        "type": "Point",
        "coordinates": [
          -112.03561133553207,
          37.13530559959579
        ]
      },
      "properties": {
        "objectid": 1217194,
        "fod_id": 1475930,
        "fpa_id": "W-603845",
        "source_system_type": "FED",
        "source_system": "DOI-WFMI",
        "nwcg_reporting_agency": "BLM",
        "nwcg_reporting_unit_id": "USUTCCD",
        "nwcg_reporting_unit_name": "Cedar City Field Office",
        "source_reporting_unit": "UTCCD",
        "source_reporting_unit_name": "Cedar City Field Office",
        "local_fire_report_id": null,
        "local_incident_id": null,
        "fire_code": "FKR6",
        "fire_name": "SUBSTATION",
        "ics_209_plus_incident_join_id": null,
        "ics_209_plus_complex_join_id": null,
        "mtbs_id": null,
        "mtbs_fire_name": null,
        "complex_name": null,
        "fire_year": 2010,
        "discovery_date": 1278633600000,
        "discovery_doy": 190,
        "discovery_time": "1823",
        "nwcg_cause_classification": "Natural",
        "nwcg_general_cause": "Natural",
        "nwcg_cause_age_category": null,
        "cont_date": 1278806400000,
        "cont_doy": 192,
        "cont_time": "1230",
        "fire_size": 0.1,
        "fire_size_class": "A",
        "latitude": 37.1353,
        "longitude": -112.0356,
        "owner_descr": "BLM",
        "state": "UT",
        "county": "Kane",
        "fips_code": "49025",
        "fips_name": "Kane County",
        "globalid": "{7DF80BC7-B240-4077-A8FE-DD84B4C006C0}"
      }
    },
    {
      "type": "Feature",
      "id": 1217195,
      "geometry": {
        "type": "Point",
        "coordinates": [
          -112.07361135191294,
          37.221405607749915
        ]
      },
      "properties": {
        "objectid": 1217195,
        "fod_id": 1475931,
        "fpa_id": "W-603844",
        "source_system_type": "FED",
        "source_system": "DOI-WFMI",
        "nwcg_reporting_agency": "BLM",
        "nwcg_reporting_unit_id": "USUTCCD",
        "nwcg_reporting_unit_name": "Cedar City Field Office",
        "source_reporting_unit": "UTCCD",
        "source_reporting_unit_name": "Cedar City Field Office",
        "local_fire_report_id": null,
        "local_incident_id": null,
        "fire_code": "FKS0",
        "fire_name": "TOWER",
        "ics_209_plus_incident_join_id": null,
        "ics_209_plus_complex_join_id": null,
        "mtbs_id": null,
        "mtbs_fire_name": null,
        "complex_name": null,
        "fire_year": 2010,
        "discovery_date": 1278633600000,
        "discovery_doy": 190,
        "discovery_time": "1824",
        "nwcg_cause_classification": "Natural",
        "nwcg_general_cause": "Natural",
        "nwcg_cause_age_category": null,
        "cont_date": 1278720000000,
        "cont_doy": 191,
        "cont_time": "1300",
        "fire_size": 0.1,
        "fire_size_class": "A",
        "latitude": 37.2214,
        "longitude": -112.0736,
        "owner_descr": "BLM",
        "state": "UT",
        "county": "Kane",
        "fips_code": "49025",
        "fips_name": "Kane County",
        "globalid": "{51B9B0C1-1E76-4BB1-837A-70D8668B9266}"
      }
    },
    {
      "type": "Feature",
      "id": 1217196,
      "geometry": {
        "type": "Point",
        "coordinates": [
          -111.99111132733677,
          37.141405603275224
        ]
      },
      "properties": {
        "objectid": 1217196,
        "fod_id": 1475932,
        "fpa_id": "W-603843",
        "source_system_type": "FED",
        "source_system": "DOI-WFMI",
        "nwcg_reporting_agency": "BLM",
        "nwcg_reporting_unit_id": "USUTCCD",
        "nwcg_reporting_unit_name": "Cedar City Field Office",
        "source_reporting_unit": "UTCCD",
        "source_reporting_unit_name": "Cedar City Field Office",
        "local_fire_report_id": null,
        "local_incident_id": null,
        "fire_code": "FKS1",
        "fire_name": "SAGE",
        "ics_209_plus_incident_join_id": null,
        "ics_209_plus_complex_join_id": null,
        "mtbs_id": null,
        "mtbs_fire_name": null,
        "complex_name": null,
        "fire_year": 2010,
        "discovery_date": 1278633600000,
        "discovery_doy": 190,
        "discovery_time": "1842",
        "nwcg_cause_classification": "Natural",
        "nwcg_general_cause": "Natural",
        "nwcg_cause_age_category": null,
        "cont_date": 1278720000000,
        "cont_doy": 191,
        "cont_time": "1420",
        "fire_size": 0.1,
        "fire_size_class": "A",
        "latitude": 37.1414,
        "longitude": -111.9911,
        "owner_descr": "BLM",
        "state": "UT",
        "county": "Kane",
        "fips_code": "49025",
        "fips_name": "Kane County",
        "globalid": "{7F30450B-8F63-4470-8F76-DEA820B67621}"
      }
    },
    {
      "type": "Feature",
      "id": 1217197,
      "geometry": {
        "type": "Point",
        "coordinates": [
          -112.06641134387829,
          37.157205600284556
        ]
      },
      "properties": {
        "objectid": 1217197,
        "fod_id": 1475933,
        "fpa_id": "W-603842",
        "source_system_type": "FED",
        "source_system": "DOI-WFMI",
        "nwcg_reporting_agency": "BLM",
        "nwcg_reporting_unit_id": "USUTCCD",
        "nwcg_reporting_unit_name": "Cedar City Field Office",
        "source_reporting_unit": "UTCCD",
        "source_reporting_unit_name": "Cedar City Field Office",
        "local_fire_report_id": null,
        "local_incident_id": null,
        "fire_code": "FKU6",
        "fire_name": "SUBSTATION 2",
        "ics_209_plus_incident_join_id": null,
        "ics_209_plus_complex_join_id": null,
        "mtbs_id": null,
        "mtbs_fire_name": null,
        "complex_name": null,
        "fire_year": 2010,
        "discovery_date": 1278720000000,
        "discovery_doy": 191,
        "discovery_time": "0853",
        "nwcg_cause_classification": "Natural",
        "nwcg_general_cause": "Natural",
        "nwcg_cause_age_category": null,
        "cont_date": 1278720000000,
        "cont_doy": 191,
        "cont_time": "1230",
        "fire_size": 0.1,
        "fire_size_class": "A",
        "latitude": 37.1572,
        "longitude": -112.0664,
        "owner_descr": "BLM",
        "state": "UT",
        "county": "Washington",
        "fips_code": "49053",
        "fips_name": "Washington County",
        "globalid": "{90E54443-00C4-463A-BED6-57C52EA8D96C}"
      }
    },
    {
      "type": "Feature",
      "id": 1217198,
      "geometry": {
        "type": "Point",
        "coordinates": [
          -112.09361135771131,
          37.2392056086269
        ]
      },
      "properties": {
        "objectid": 1217198,
        "fod_id": 1475934,
        "fpa_id": "W-603841",
        "source_system_type": "FED",
        "source_system": "DOI-WFMI",
        "nwcg_reporting_agency": "BLM",
        "nwcg_reporting_unit_id": "USUTCCD",
        "nwcg_reporting_unit_name": "Cedar City Field Office",
        "source_reporting_unit": "UTCCD",
        "source_reporting_unit_name": "Cedar City Field Office",
        "local_fire_report_id": null,
        "local_incident_id": null,
        "fire_code": "FKX7",
        "fire_name": "WHEEL",
        "ics_209_plus_incident_join_id": null,
        "ics_209_plus_complex_join_id": null,
        "mtbs_id": null,
        "mtbs_fire_name": null,
        "complex_name": null,
        "fire_year": 2010,
        "discovery_date": 1278720000000,
        "discovery_doy": 191,
        "discovery_time": "1356",
        "nwcg_cause_classification": "Natural",
        "nwcg_general_cause": "Natural",
        "nwcg_cause_age_category": null,
        "cont_date": 1279238400000,
        "cont_doy": 197,
        "cont_time": "1040",
        "fire_size": 0.1,
        "fire_size_class": "A",
        "latitude": 37.2392,
        "longitude": -112.0936,
        "owner_descr": "BLM",
        "state": "UT",
        "county": "Kane",
        "fips_code": "49025",
        "fips_name": "Kane County",
        "globalid": "{5EBCC741-C614-4227-81AB-C53DB0518503}"
      }
    },
    {
      "type": "Feature",
      "id": 1217216,
      "geometry": {
        "type": "Point",
        "coordinates": [
          -112.00361133345885,
          37.17690560685674
        ]
      },
      "properties": {
        "objectid": 1217216,
        "fod_id": 1475952,
        "fpa_id": "W-606333",
        "source_system_type": "FED",
        "source_system": "DOI-WFMI",
        "nwcg_reporting_agency": "BLM",
        "nwcg_reporting_unit_id": "USUTCCD",
        "nwcg_reporting_unit_name": "Cedar City Field Office",
        "source_reporting_unit": "UTCCD",
        "source_reporting_unit_name": "Cedar City Field Office",
        "local_fire_report_id": null,
        "local_incident_id": null,
        "fire_code": "FL14",
        "fire_name": "SAND WASH",
        "ics_209_plus_incident_join_id": null,
        "ics_209_plus_complex_join_id": null,
        "mtbs_id": null,
        "mtbs_fire_name": null,
        "complex_name": null,
        "fire_year": 2010,
        "discovery_date": 1279324800000,
        "discovery_doy": 198,
        "discovery_time": "2056",
        "nwcg_cause_classification": "Natural",
        "nwcg_general_cause": "Natural",
        "nwcg_cause_age_category": null,
        "cont_date": 1279411200000,
        "cont_doy": 199,
        "cont_time": "1200",
        "fire_size": 0.1,
        "fire_size_class": "A",
        "latitude": 37.1769,
        "longitude": -112.0036,
        "owner_descr": "BLM",
        "state": "UT",
        "county": "Kane",
        "fips_code": "49025",
        "fips_name": "Kane County",
        "globalid": "{F9EA5617-EA98-47A6-9562-B0824EC25D9B}"
      }
    },
    {
      "type": "Feature",
      "id": 1217246,
      "geometry": {
        "type": "Point",
        "coordinates": [
          -112.13001135389585,
          37.132205593009736
        ]
      },
      "properties": {
        "objectid": 1217246,
        "fod_id": 1475984,
        "fpa_id": "W-606320",
        "source_system_type": "FED",
        "source_system": "DOI-WFMI",
        "nwcg_reporting_agency": "BLM",
        "nwcg_reporting_unit_id": "USUTCCD",
        "nwcg_reporting_unit_name": "Cedar City Field Office",
        "source_reporting_unit": "UTCCD",
        "source_reporting_unit_name": "Cedar City Field Office",
        "local_fire_report_id": null,
        "local_incident_id": null,
        "fire_code": "FNQ9",
        "fire_name": "JAVELIN",
        "ics_209_plus_incident_join_id": null,
        "ics_209_plus_complex_join_id": null,
        "mtbs_id": null,
        "mtbs_fire_name": null,
        "complex_name": null,
        "fire_year": 2010,
        "discovery_date": 1280188800000,
        "discovery_doy": 208,
        "discovery_time": "1720",
        "nwcg_cause_classification": "Natural",
        "nwcg_general_cause": "Natural",
        "nwcg_cause_age_category": null,
        "cont_date": 1280275200000,
        "cont_doy": 209,
        "cont_time": "1200",
        "fire_size": 0.1,
        "fire_size_class": "A",
        "latitude": 37.1322,
        "longitude": -112.13,
        "owner_descr": "BLM",
        "state": "UT",
        "county": "Kane",
        "fips_code": "49025",
        "fips_name": "Kane County",
        "globalid": "{10F0A2F8-C955-4E0A-BF0E-FFA41044334D}"
      }
    },
    {
      "type": "Feature",
      "id": 1217255,
      "geometry": {
        "type": "Point",
        "coordinates": [
          -112.1300113540394,
          37.13360559318285
        ]
      },
      "properties": {
        "objectid": 1217255,
        "fod_id": 1475995,
        "fpa_id": "W-606812",
        "source_system_type": "FED",
        "source_system": "DOI-WFMI",
        "nwcg_reporting_agency": "BLM",
        "nwcg_reporting_unit_id": "USUTCCD",
        "nwcg_reporting_unit_name": "Cedar City Field Office",
        "source_reporting_unit": "UTCCD",
        "source_reporting_unit_name": "Cedar City Field Office",
        "local_fire_report_id": null,
        "local_incident_id": null,
        "fire_code": "FP6J",
        "fire_name": "TELEGRAPH",
        "ics_209_plus_incident_join_id": null,
        "ics_209_plus_complex_join_id": null,
        "mtbs_id": null,
        "mtbs_fire_name": null,
        "complex_name": null,
        "fire_year": 2010,
        "discovery_date": 1280966400000,
        "discovery_doy": 217,
        "discovery_time": "1855",
        "nwcg_cause_classification": "Natural",
        "nwcg_general_cause": "Natural",
        "nwcg_cause_age_category": null,
        "cont_date": 1281312000000,
        "cont_doy": 221,
        "cont_time": "1700",
        "fire_size": 0.1,
        "fire_size_class": "A",
        "latitude": 37.1336,
        "longitude": -112.13,
        "owner_descr": "BLM",
        "state": "UT",
        "county": "Kane",
        "fips_code": "49025",
        "fips_name": "Kane County",
        "globalid": "{464C5E16-D877-4271-A7F0-5ADB3BEEC114}"
      }
    },
    {
      "type": "Feature",
      "id": 1217259,
      "geometry": {
        "type": "Point",
        "coordinates": [
          -111.97921132494584,
          37.14110560401951
        ]
      },
      "properties": {
        "objectid": 1217259,
        "fod_id": 1475999,
        "fpa_id": "W-607696",
        "source_system_type": "FED",
        "source_system": "DOI-WFMI",
        "nwcg_reporting_agency": "BLM",
        "nwcg_reporting_unit_id": "USUTCCD",
        "nwcg_reporting_unit_name": "Cedar City Field Office",
        "source_reporting_unit": "UTCCD",
        "source_reporting_unit_name": "Cedar City Field Office",
        "local_fire_report_id": null,
        "local_incident_id": null,
        "fire_code": "FP9D",
        "fire_name": "SILENT",
        "ics_209_plus_incident_join_id": null,
        "ics_209_plus_complex_join_id": null,
        "mtbs_id": null,
        "mtbs_fire_name": null,
        "complex_name": null,
        "fire_year": 2010,
        "discovery_date": 1281052800000,
        "discovery_doy": 218,
        "discovery_time": "1411",
        "nwcg_cause_classification": "Natural",
        "nwcg_general_cause": "Natural",
        "nwcg_cause_age_category": null,
        "cont_date": 1281052800000,
        "cont_doy": 218,
        "cont_time": "1645",
        "fire_size": 0.1,
        "fire_size_class": "A",
        "latitude": 37.1411,
        "longitude": -111.9792,
        "owner_descr": "BLM",
        "state": "UT",
        "county": "Kane",
        "fips_code": "49025",
        "fips_name": "Kane County",
        "globalid": "{69AE454B-A2DA-4B3B-AB26-11D93E325F13}"
      }
    },
    {
      "type": "Feature",
      "id": 1217261,
      "geometry": {
        "type": "Point",
        "coordinates": [
          -111.98421132608105,
          37.14250560386495
        ]
      },
      "properties": {
        "objectid": 1217261,
        "fod_id": 1476001,
        "fpa_id": "W-607700",
        "source_system_type": "FED",
        "source_system": "DOI-WFMI",
        "nwcg_reporting_agency": "BLM",
        "nwcg_reporting_unit_id": "USUTCCD",
        "nwcg_reporting_unit_name": "Cedar City Field Office",
        "source_reporting_unit": "UTCCD",
        "source_reporting_unit_name": "Cedar City Field Office",
        "local_fire_report_id": null,
        "local_incident_id": null,
        "fire_code": "FP92",
        "fire_name": "RIDGELINE",
        "ics_209_plus_incident_join_id": null,
        "ics_209_plus_complex_join_id": null,
        "mtbs_id": null,
        "mtbs_fire_name": null,
        "complex_name": null,
        "fire_year": 2010,
        "discovery_date": 1281052800000,
        "discovery_doy": 218,
        "discovery_time": "1459",
        "nwcg_cause_classification": "Natural",
        "nwcg_general_cause": "Natural",
        "nwcg_cause_age_category": null,
        "cont_date": 1281052800000,
        "cont_doy": 218,
        "cont_time": "1845",
        "fire_size": 0.1,
        "fire_size_class": "A",
        "latitude": 37.1425,
        "longitude": -111.9842,
        "owner_descr": "BLM",
        "state": "UT",
        "county": "Kane",
        "fips_code": "49025",
        "fips_name": "Kane County",
        "globalid": "{D9293DC0-F09C-4129-9949-6EBD4D94A13A}"
      }
    },
    {
      "type": "Feature",
      "id": 1217271,
      "geometry": {
        "type": "Point",
        "coordinates": [
          -112.06001133400594,
          37.07310559027994
        ]
      },
      "properties": {
        "objectid": 1217271,
        "fod_id": 1476012,
        "fpa_id": "W-607675",
        "source_system_type": "FED",
        "source_system": "DOI-WFMI",
        "nwcg_reporting_agency": "BLM",
        "nwcg_reporting_unit_id": "USUTCCD",
        "nwcg_reporting_unit_name": "Cedar City Field Office",
        "source_reporting_unit": "UTCCD",
        "source_reporting_unit_name": "Cedar City Field Office",
        "local_fire_report_id": null,
        "local_incident_id": null,
        "fire_code": "FRJ4",
        "fire_name": "SLEEPER",
        "ics_209_plus_incident_join_id": null,
        "ics_209_plus_complex_join_id": null,
        "mtbs_id": null,
        "mtbs_fire_name": null,
        "complex_name": null,
        "fire_year": 2010,
        "discovery_date": 1281744000000,
        "discovery_doy": 226,
        "discovery_time": "1523",
        "nwcg_cause_classification": "Natural",
        "nwcg_general_cause": "Natural",
        "nwcg_cause_age_category": null,
        "cont_date": 1281830400000,
        "cont_doy": 227,
        "cont_time": "1245",
        "fire_size": 0.3,
        "fire_size_class": "B",
        "latitude": 37.0731,
        "longitude": -112.06,
        "owner_descr": "BLM",
        "state": "UT",
        "county": "Kane",
        "fips_code": "49025",
        "fips_name": "Kane County",
        "globalid": "{D75C02B5-6E2D-4914-9111-BEC0CB558E48}"
      }
    },
    {
      "type": "Feature",
      "id": 1217280,
      "geometry": {
        "type": "Point",
        "coordinates": [
          -112.14081135503646,
          37.12250559110063
        ]
      },
      "properties": {
        "objectid": 1217280,
        "fod_id": 1476022,
        "fpa_id": "W-608414",
        "source_system_type": "FED",
        "source_system": "DOI-WFMI",
        "nwcg_reporting_agency": "BLM",
        "nwcg_reporting_unit_id": "USUTCCD",
        "nwcg_reporting_unit_name": "Cedar City Field Office",
        "source_reporting_unit": "UTCCD",
        "source_reporting_unit_name": "Cedar City Field Office",
        "local_fire_report_id": null,
        "local_incident_id": null,
        "fire_code": "FR9U",
        "fire_name": "RED WASH",
        "ics_209_plus_incident_join_id": null,
        "ics_209_plus_complex_join_id": null,
        "mtbs_id": null,
        "mtbs_fire_name": null,
        "complex_name": null,
        "fire_year": 2010,
        "discovery_date": 1282176000000,
        "discovery_doy": 231,
        "discovery_time": "1520",
        "nwcg_cause_classification": "Natural",
        "nwcg_general_cause": "Natural",
        "nwcg_cause_age_category": null,
        "cont_date": 1282176000000,
        "cont_doy": 231,
        "cont_time": "1920",
        "fire_size": 0.1,
        "fire_size_class": "A",
        "latitude": 37.1225,
        "longitude": -112.1408,
        "owner_descr": "BLM",
        "state": "UT",
        "county": "Kane",
        "fips_code": "49025",
        "fips_name": "Kane County",
        "globalid": "{3CF04210-3642-450B-8094-666AC7C468D9}"
      }
    },
    {
      "type": "Feature",
      "id": 1217281,
      "geometry": {
        "type": "Point",
        "coordinates": [
          -111.98581132668538,
          37.14530560410747
        ]
      },
      "properties": {
        "objectid": 1217281,
        "fod_id": 1476023,
        "fpa_id": "W-608415",
        "source_system_type": "FED",
        "source_system": "DOI-WFMI",
        "nwcg_reporting_agency": "BLM",
        "nwcg_reporting_unit_id": "USUTCCD",
        "nwcg_reporting_unit_name": "Cedar City Field Office",
        "source_reporting_unit": "UTCCD",
        "source_reporting_unit_name": "Cedar City Field Office",
        "local_fire_report_id": null,
        "local_incident_id": null,
        "fire_code": "FSA5",
        "fire_name": "CKG",
        "ics_209_plus_incident_join_id": null,
        "ics_209_plus_complex_join_id": null,
        "mtbs_id": null,
        "mtbs_fire_name": null,
        "complex_name": null,
        "fire_year": 2010,
        "discovery_date": 1282176000000,
        "discovery_doy": 231,
        "discovery_time": "1605",
        "nwcg_cause_classification": "Natural",
        "nwcg_general_cause": "Natural",
        "nwcg_cause_age_category": null,
        "cont_date": 1282262400000,
        "cont_doy": 232,
        "cont_time": "1430",
        "fire_size": 0.1,
        "fire_size_class": "A",
        "latitude": 37.1453,
        "longitude": -111.9858,
        "owner_descr": "BLM",
        "state": "UT",
        "county": "Kane",
        "fips_code": "49025",
        "fips_name": "Kane County",
        "globalid": "{AE053F62-4404-410D-AF26-1C2ED8F40C6D}"
      }
    },
    {
      "type": "Feature",
      "id": 1217282,
      "geometry": {
        "type": "Point",
        "coordinates": [
          -111.81141129937734,
          37.216905624477874
        ]
      },
      "properties": {
        "objectid": 1217282,
        "fod_id": 1476024,
        "fpa_id": "W-608408",
        "source_system_type": "FED",
        "source_system": "DOI-WFMI",
        "nwcg_reporting_agency": "BLM",
        "nwcg_reporting_unit_id": "USUTCCD",
        "nwcg_reporting_unit_name": "Cedar City Field Office",
        "source_reporting_unit": "UTCCD",
        "source_reporting_unit_name": "Cedar City Field Office",
        "local_fire_report_id": null,
        "local_incident_id": null,
        "fire_code": "FR91",
        "fire_name": "FENCE",
        "ics_209_plus_incident_join_id": null,
        "ics_209_plus_complex_join_id": null,
        "mtbs_id": null,
        "mtbs_fire_name": null,
        "complex_name": null,
        "fire_year": 2010,
        "discovery_date": 1282176000000,
        "discovery_doy": 231,
        "discovery_time": "1720",
        "nwcg_cause_classification": "Natural",
        "nwcg_general_cause": "Natural",
        "nwcg_cause_age_category": null,
        "cont_date": 1282608000000,
        "cont_doy": 236,
        "cont_time": "1515",
        "fire_size": 0.1,
        "fire_size_class": "A",
        "latitude": 37.2169,
        "longitude": -111.8114,
        "owner_descr": "BLM",
        "state": "UT",
        "county": "Kane",
        "fips_code": "49025",
        "fips_name": "Kane County",
        "globalid": "{7AD14E30-6AFD-47BC-809A-66F4599875F4}"
      }
    },
    {
      "type": "Feature",
      "id": 1217283,
      "geometry": {
        "type": "Point",
        "coordinates": [
          -112.01281133811283,
          37.20440560965777
        ]
      },
      "properties": {
        "objectid": 1217283,
        "fod_id": 1476025,
        "fpa_id": "W-608407",
        "source_system_type": "FED",
        "source_system": "DOI-WFMI",
        "nwcg_reporting_agency": "BLM",
        "nwcg_reporting_unit_id": "USUTCCD",
        "nwcg_reporting_unit_name": "Cedar City Field Office",
        "source_reporting_unit": "UTCCD",
        "source_reporting_unit_name": "Cedar City Field Office",
        "local_fire_report_id": null,
        "local_incident_id": null,
        "fire_code": "FSA0",
        "fire_name": "PARKER",
        "ics_209_plus_incident_join_id": null,
        "ics_209_plus_complex_join_id": null,
        "mtbs_id": null,
        "mtbs_fire_name": null,
        "complex_name": null,
        "fire_year": 2010,
        "discovery_date": 1282176000000,
        "discovery_doy": 231,
        "discovery_time": "1733",
        "nwcg_cause_classification": "Natural",
        "nwcg_general_cause": "Natural",
        "nwcg_cause_age_category": null,
        "cont_date": 1282176000000,
        "cont_doy": 231,
        "cont_time": "2000",
        "fire_size": 0.1,
        "fire_size_class": "A",
        "latitude": 37.2044,
        "longitude": -112.0128,
        "owner_descr": "BLM",
        "state": "UT",
        "county": "Kane",
        "fips_code": "49025",
        "fips_name": "Kane County",
        "globalid": "{4372AA02-5ED3-471E-89DC-00630C740080}"
      }
    },
    {
      "type": "Feature",
      "id": 1217301,
      "geometry": {
        "type": "Point",
        "coordinates": [
          -112.11171135236008,
          37.15250559672317
        ]
      },
      "properties": {
        "objectid": 1217301,
        "fod_id": 1476044,
        "fpa_id": "W-613833",
        "source_system_type": "FED",
        "source_system": "DOI-WFMI",
        "nwcg_reporting_agency": "BLM",
        "nwcg_reporting_unit_id": "USUTCCD",
        "nwcg_reporting_unit_name": "Cedar City Field Office",
        "source_reporting_unit": "UTCCD",
        "source_reporting_unit_name": "Cedar City Field Office",
        "local_fire_report_id": null,
        "local_incident_id": null,
        "fire_code": "FWS9",
        "fire_name": "RAMPAGE",
        "ics_209_plus_incident_join_id": null,
        "ics_209_plus_complex_join_id": null,
        "mtbs_id": null,
        "mtbs_fire_name": null,
        "complex_name": null,
        "fire_year": 2010,
        "discovery_date": 1286064000000,
        "discovery_doy": 276,
        "discovery_time": "1824",
        "nwcg_cause_classification": "Natural",
        "nwcg_general_cause": "Natural",
        "nwcg_cause_age_category": null,
        "cont_date": 1286409600000,
        "cont_doy": 280,
        "cont_time": "1300",
        "fire_size": 0.1,
        "fire_size_class": "A",
        "latitude": 37.1525,
        "longitude": -112.1117,
        "owner_descr": "BLM",
        "state": "UT",
        "county": "Kane",
        "fips_code": "49025",
        "fips_name": "Kane County",
        "globalid": "{8C64CEA9-EC8F-4455-B15F-28C617A1EAEC}"
      }
    },
    {
      "type": "Feature",
      "id": 1217303,
      "geometry": {
        "type": "Point",
        "coordinates": [
          -112.08531134417377,
          37.12360559488203
        ]
      },
      "properties": {
        "objectid": 1217303,
        "fod_id": 1476046,
        "fpa_id": "W-614615",
        "source_system_type": "FED",
        "source_system": "DOI-WFMI",
        "nwcg_reporting_agency": "BLM",
        "nwcg_reporting_unit_id": "USUTCCD",
        "nwcg_reporting_unit_name": "Cedar City Field Office",
        "source_reporting_unit": "UTCCD",
        "source_reporting_unit_name": "Cedar City Field Office",
        "local_fire_report_id": null,
        "local_incident_id": null,
        "fire_code": "FWV3",
        "fire_name": "ZONE",
        "ics_209_plus_incident_join_id": null,
        "ics_209_plus_complex_join_id": null,
        "mtbs_id": null,
        "mtbs_fire_name": null,
        "complex_name": null,
        "fire_year": 2010,
        "discovery_date": 1286150400000,
        "discovery_doy": 277,
        "discovery_time": "1136",
        "nwcg_cause_classification": "Natural",
        "nwcg_general_cause": "Natural",
        "nwcg_cause_age_category": null,
        "cont_date": 1286150400000,
        "cont_doy": 277,
        "cont_time": "1345",
        "fire_size": 0.1,
        "fire_size_class": "A",
        "latitude": 37.1236,
        "longitude": -112.0853,
        "owner_descr": "BLM",
        "state": "UT",
        "county": "Kane",
        "fips_code": "49025",
        "fips_name": "Kane County",
        "globalid": "{7705E9BA-A0A8-407A-A730-B1A59750FFE3}"
      }
    },
    {
      "type": "Feature",
      "id": 1467588,
      "geometry": {
        "type": "Point",
        "coordinates": [
          -111.98031133061656,
          37.19420561053532
        ]
      },
      "properties": {
        "objectid": 1467588,
        "fod_id": 201110509,
        "fpa_id": "W-620775",
        "source_system_type": "FED",
        "source_system": "DOI-WFMI",
        "nwcg_reporting_agency": "BLM",
        "nwcg_reporting_unit_id": "USUTCCD",
        "nwcg_reporting_unit_name": "Cedar City Field Office",
        "source_reporting_unit": "UTCCD",
        "source_reporting_unit_name": "Cedar City Field Office",
        "local_fire_report_id": null,
        "local_incident_id": null,
        "fire_code": null,
        "fire_name": "SUNSET",
        "ics_209_plus_incident_join_id": null,
        "ics_209_plus_complex_join_id": null,
        "mtbs_id": null,
        "mtbs_fire_name": null,
        "complex_name": null,
        "fire_year": 2011,
        "discovery_date": 1307664000000,
        "discovery_doy": 161,
        "discovery_time": "1945",
        "nwcg_cause_classification": "Natural",
        "nwcg_general_cause": "Natural",
        "nwcg_cause_age_category": null,
        "cont_date": 1307750400000,
        "cont_doy": 162,
        "cont_time": "0935",
        "fire_size": 0.1,
        "fire_size_class": "A",
        "latitude": 37.1942,
        "longitude": -111.9803,
        "owner_descr": "BLM",
        "state": "UT",
        "county": "Kane",
        "fips_code": "49025",
        "fips_name": "Kane County",
        "globalid": "{B0CB31F1-C686-4E13-B14D-43D3A1C38215}"
      }
    },
    {
      "type": "Feature",
      "id": 1467600,
      "geometry": {
        "type": "Point",
        "coordinates": [
          -111.87251130986081,
          37.200605618427495
        ]
      },
      "properties": {
        "objectid": 1467600,
        "fod_id": 201110539,
        "fpa_id": "W-628477",
        "source_system_type": "FED",
        "source_system": "DOI-WFMI",
        "nwcg_reporting_agency": "BLM",
        "nwcg_reporting_unit_id": "USUTCCD",
        "nwcg_reporting_unit_name": "Cedar City Field Office",
        "source_reporting_unit": "UTCCD",
        "source_reporting_unit_name": "Cedar City Field Office",
        "local_fire_report_id": null,
        "local_incident_id": null,
        "fire_code": null,
        "fire_name": "BRIGHAM PLAINS",
        "ics_209_plus_incident_join_id": null,
        "ics_209_plus_complex_join_id": null,
        "mtbs_id": null,
        "mtbs_fire_name": null,
        "complex_name": null,
        "fire_year": 2011,
        "discovery_date": 1309305600000,
        "discovery_doy": 180,
        "discovery_time": "1255",
        "nwcg_cause_classification": "Natural",
        "nwcg_general_cause": "Natural",
        "nwcg_cause_age_category": null,
        "cont_date": 1309478400000,
        "cont_doy": 182,
        "cont_time": "2230",
        "fire_size": 0.1,
        "fire_size_class": "A",
        "latitude": 37.2006,
        "longitude": -111.8725,
        "owner_descr": "BLM",
        "state": "UT",
        "county": "Kane",
        "fips_code": "49025",
        "fips_name": "Kane County",
        "globalid": "{A582C0DC-9515-4ECF-AB83-355585D89FCC}"
      }
    },
    {
      "type": "Feature",
      "id": 1467601,
      "geometry": {
        "type": "Point",
        "coordinates": [
          -112.1664113741804,
          37.25920560627683
        ]
      },
      "properties": {
        "objectid": 1467601,
        "fod_id": 201110540,
        "fpa_id": "W-622039",
        "source_system_type": "FED",
        "source_system": "DOI-WFMI",
        "nwcg_reporting_agency": "BLM",
        "nwcg_reporting_unit_id": "USUTCCD",
        "nwcg_reporting_unit_name": "Cedar City Field Office",
        "source_reporting_unit": "UTCCD",
        "source_reporting_unit_name": "Cedar City Field Office",
        "local_fire_report_id": null,
        "local_incident_id": null,
        "fire_code": null,
        "fire_name": "WHITE CLIFF",
        "ics_209_plus_incident_join_id": null,
        "ics_209_plus_complex_join_id": null,
        "mtbs_id": null,
        "mtbs_fire_name": null,
        "complex_name": null,
        "fire_year": 2011,
        "discovery_date": 1309305600000,
        "discovery_doy": 180,
        "discovery_time": "1958",
        "nwcg_cause_classification": "Natural",
        "nwcg_general_cause": "Natural",
        "nwcg_cause_age_category": null,
        "cont_date": 1309305600000,
        "cont_doy": 180,
        "cont_time": "2300",
        "fire_size": 0.1,
        "fire_size_class": "A",
        "latitude": 37.2592,
        "longitude": -112.1664,
        "owner_descr": "BLM",
        "state": "UT",
        "county": "Kane",
        "fips_code": "49025",
        "fips_name": "Kane County",
        "globalid": "{0A63ED16-3445-455F-827F-43DF280D66EC}"
      }
    },
    {
      "type": "Feature",
      "id": 1467603,
      "geometry": {
        "type": "Point",
        "coordinates": [
          -112.10331135913498,
          37.23440560739359
        ]
      },
      "properties": {
        "objectid": 1467603,
        "fod_id": 201110542,
        "fpa_id": "W-621946",
        "source_system_type": "FED",
        "source_system": "DOI-WFMI",
        "nwcg_reporting_agency": "BLM",
        "nwcg_reporting_unit_id": "USUTCCD",
        "nwcg_reporting_unit_name": "Cedar City Field Office",
        "source_reporting_unit": "UTCCD",
        "source_reporting_unit_name": "Cedar City Field Office",
        "local_fire_report_id": null,
        "local_incident_id": null,
        "fire_code": null,
        "fire_name": "BOX ELDER WASH",
        "ics_209_plus_incident_join_id": null,
        "ics_209_plus_complex_join_id": null,
        "mtbs_id": null,
        "mtbs_fire_name": null,
        "complex_name": null,
        "fire_year": 2011,
        "discovery_date": 1309305600000,
        "discovery_doy": 180,
        "discovery_time": "1807",
        "nwcg_cause_classification": "Natural",
        "nwcg_general_cause": "Natural",
        "nwcg_cause_age_category": null,
        "cont_date": 1309392000000,
        "cont_doy": 181,
        "cont_time": "1400",
        "fire_size": 0.1,
        "fire_size_class": "A",
        "latitude": 37.2344,
        "longitude": -112.1033,
        "owner_descr": "BLM",
        "state": "UT",
        "county": "Kane",
        "fips_code": "49025",
        "fips_name": "Kane County",
        "globalid": "{D01637EA-4D11-4A95-8D1E-F866E18530FD}"
      }
    },
    {
      "type": "Feature",
      "id": 1467639,
      "geometry": {
        "type": "Point",
        "coordinates": [
          -112.01831133560246,
          37.16940560495993
        ]
      },
      "properties": {
        "objectid": 1467639,
        "fod_id": 201110603,
        "fpa_id": "W-625233",
        "source_system_type": "FED",
        "source_system": "DOI-WFMI",
        "nwcg_reporting_agency": "BLM",
        "nwcg_reporting_unit_id": "USUTCCD",
        "nwcg_reporting_unit_name": "Cedar City Field Office",
        "source_reporting_unit": "UTCCD",
        "source_reporting_unit_name": "Cedar City Field Office",
        "local_fire_report_id": null,
        "local_incident_id": null,
        "fire_code": null,
        "fire_name": "5 MILE",
        "ics_209_plus_incident_join_id": null,
        "ics_209_plus_complex_join_id": null,
        "mtbs_id": null,
        "mtbs_fire_name": null,
        "complex_name": null,
        "fire_year": 2011,
        "discovery_date": 1312416000000,
        "discovery_doy": 216,
        "discovery_time": "1400",
        "nwcg_cause_classification": "Natural",
        "nwcg_general_cause": "Natural",
        "nwcg_cause_age_category": null,
        "cont_date": 1312502400000,
        "cont_doy": 217,
        "cont_time": "1550",
        "fire_size": 0.3,
        "fire_size_class": "B",
        "latitude": 37.1694,
        "longitude": -112.0183,
        "owner_descr": "BLM",
        "state": "UT",
        "county": "Kane",
        "fips_code": "49025",
        "fips_name": "Kane County",
        "globalid": "{97B59CBC-5D3B-4EF8-99B2-A5050520C9DF}"
      }
    },
    {
      "type": "Feature",
      "id": 1467686,
      "geometry": {
        "type": "Point",
        "coordinates": [
          -112.07561134861912,
          37.185605603192926
        ]
      },
      "properties": {
        "objectid": 1467686,
        "fod_id": 201110678,
        "fpa_id": "W-627502",
        "source_system_type": "FED",
        "source_system": "DOI-WFMI",
        "nwcg_reporting_agency": "BLM",
        "nwcg_reporting_unit_id": "USUTCCD",
        "nwcg_reporting_unit_name": "Cedar City Field Office",
        "source_reporting_unit": "UTCCD",
        "source_reporting_unit_name": "Cedar City Field Office",
        "local_fire_report_id": null,
        "local_incident_id": null,
        "fire_code": null,
        "fire_name": "HIDING",
        "ics_209_plus_incident_join_id": null,
        "ics_209_plus_complex_join_id": null,
        "mtbs_id": null,
        "mtbs_fire_name": null,
        "complex_name": null,
        "fire_year": 2011,
        "discovery_date": 1314489600000,
        "discovery_doy": 240,
        "discovery_time": "1717",
        "nwcg_cause_classification": "Natural",
        "nwcg_general_cause": "Natural",
        "nwcg_cause_age_category": null,
        "cont_date": 1314576000000,
        "cont_doy": 241,
        "cont_time": "1050",
        "fire_size": 0.1,
        "fire_size_class": "A",
        "latitude": 37.1856,
        "longitude": -112.0756,
        "owner_descr": "BLM",
        "state": "UT",
        "county": "Kane",
        "fips_code": "49025",
        "fips_name": "Kane County",
        "globalid": "{A2DB9B15-AC42-407B-B5ED-14416981C457}"
      }
    },
    {
      "type": "Feature",
      "id": 1467699,
      "geometry": {
        "type": "Point",
        "coordinates": [
          -112.01171133215921,
          37.1486056028152
        ]
      },
      "properties": {
        "objectid": 1467699,
        "fod_id": 201110699,
        "fpa_id": "W-628392",
        "source_system_type": "FED",
        "source_system": "DOI-WFMI",
        "nwcg_reporting_agency": "BLM",
        "nwcg_reporting_unit_id": "USUTCCD",
        "nwcg_reporting_unit_name": "Cedar City Field Office",
        "source_reporting_unit": "UTCCD",
        "source_reporting_unit_name": "Cedar City Field Office",
        "local_fire_report_id": null,
        "local_incident_id": null,
        "fire_code": null,
        "fire_name": "DEER WASH",
        "ics_209_plus_incident_join_id": null,
        "ics_209_plus_complex_join_id": null,
        "mtbs_id": null,
        "mtbs_fire_name": null,
        "complex_name": null,
        "fire_year": 2011,
        "discovery_date": 1315785600000,
        "discovery_doy": 255,
        "discovery_time": "1611",
        "nwcg_cause_classification": "Natural",
        "nwcg_general_cause": "Natural",
        "nwcg_cause_age_category": null,
        "cont_date": 1315872000000,
        "cont_doy": 256,
        "cont_time": "1130",
        "fire_size": 0.1,
        "fire_size_class": "A",
        "latitude": 37.1486,
        "longitude": -112.0117,
        "owner_descr": "BLM",
        "state": "UT",
        "county": "Kane",
        "fips_code": "49025",
        "fips_name": "Kane County",
        "globalid": "{D80BBB96-7A33-40CC-A198-A86786F5B994}"
      }
    },
    {
      "type": "Feature",
      "id": 1467700,
      "geometry": {
        "type": "Point",
        "coordinates": [
          -112.00891133152214,
          37.147805602900014
        ]
      },
      "properties": {
        "objectid": 1467700,
        "fod_id": 201110700,
        "fpa_id": "W-628391",
        "source_system_type": "FED",
        "source_system": "DOI-WFMI",
        "nwcg_reporting_agency": "BLM",
        "nwcg_reporting_unit_id": "USUTCCD",
        "nwcg_reporting_unit_name": "Cedar City Field Office",
        "source_reporting_unit": "UTCCD",
        "source_reporting_unit_name": "Cedar City Field Office",
        "local_fire_report_id": null,
        "local_incident_id": null,
        "fire_code": null,
        "fire_name": "TOWER WASH",
        "ics_209_plus_incident_join_id": null,
        "ics_209_plus_complex_join_id": null,
        "mtbs_id": null,
        "mtbs_fire_name": null,
        "complex_name": null,
        "fire_year": 2011,
        "discovery_date": 1315872000000,
        "discovery_doy": 256,
        "discovery_time": "1150",
        "nwcg_cause_classification": "Natural",
        "nwcg_general_cause": "Natural",
        "nwcg_cause_age_category": null,
        "cont_date": 1316044800000,
        "cont_doy": 258,
        "cont_time": "1645",
        "fire_size": 0.1,
        "fire_size_class": "A",
        "latitude": 37.1478,
        "longitude": -112.0089,
        "owner_descr": "BLM",
        "state": "UT",
        "county": "Kane",
        "fips_code": "49025",
        "fips_name": "Kane County",
        "globalid": "{9377B1F7-8159-4A64-AD6D-2653A02967D5}"
      }
    },
    {
      "type": "Feature",
      "id": 1467705,
      "geometry": {
        "type": "Point",
        "coordinates": [
          -112.11361134415048,
          37.06860558621215
        ]
      },
      "properties": {
        "objectid": 1467705,
        "fod_id": 201110710,
        "fpa_id": "W-627650",
        "source_system_type": "FED",
        "source_system": "DOI-WFMI",
        "nwcg_reporting_agency": "BLM",
        "nwcg_reporting_unit_id": "USUTCCD",
        "nwcg_reporting_unit_name": "Cedar City Field Office",
        "source_reporting_unit": "UTCCD",
        "source_reporting_unit_name": "Cedar City Field Office",
        "local_fire_report_id": null,
        "local_incident_id": null,
        "fire_code": null,
        "fire_name": "ROAD 717",
        "ics_209_plus_incident_join_id": null,
        "ics_209_plus_complex_join_id": null,
        "mtbs_id": null,
        "mtbs_fire_name": null,
        "complex_name": null,
        "fire_year": 2011,
        "discovery_date": 1315699200000,
        "discovery_doy": 254,
        "discovery_time": "1306",
        "nwcg_cause_classification": "Natural",
        "nwcg_general_cause": "Natural",
        "nwcg_cause_age_category": null,
        "cont_date": 1315785600000,
        "cont_doy": 255,
        "cont_time": "1545",
        "fire_size": 0.1,
        "fire_size_class": "A",
        "latitude": 37.0686,
        "longitude": -112.1136,
        "owner_descr": "BLM",
        "state": "UT",
        "county": "Kane",
        "fips_code": "49025",
        "fips_name": "Kane County",
        "globalid": "{72471317-68BE-4258-BF27-6586E0056162}"
      }
    },
    {
      "type": "Feature",
      "id": 1467706,
      "geometry": {
        "type": "Point",
        "coordinates": [
          -112.14421135548301,
          37.12030559060523
        ]
      },
      "properties": {
        "objectid": 1467706,
        "fod_id": 201110711,
        "fpa_id": "W-627715",
        "source_system_type": "FED",
        "source_system": "DOI-WFMI",
        "nwcg_reporting_agency": "BLM",
        "nwcg_reporting_unit_id": "USUTCCD",
        "nwcg_reporting_unit_name": "Cedar City Field Office",
        "source_reporting_unit": "UTCCD",
        "source_reporting_unit_name": "Cedar City Field Office",
        "local_fire_report_id": null,
        "local_incident_id": null,
        "fire_code": null,
        "fire_name": "FINN LITTLE",
        "ics_209_plus_incident_join_id": null,
        "ics_209_plus_complex_join_id": null,
        "mtbs_id": null,
        "mtbs_fire_name": null,
        "complex_name": null,
        "fire_year": 2011,
        "discovery_date": 1315699200000,
        "discovery_doy": 254,
        "discovery_time": "1541",
        "nwcg_cause_classification": "Natural",
        "nwcg_general_cause": "Natural",
        "nwcg_cause_age_category": null,
        "cont_date": 1315872000000,
        "cont_doy": 256,
        "cont_time": "1525",
        "fire_size": 0.1,
        "fire_size_class": "A",
        "latitude": 37.1203,
        "longitude": -112.1442,
        "owner_descr": "BLM",
        "state": "UT",
        "county": "Kane",
        "fips_code": "49025",
        "fips_name": "Kane County",
        "globalid": "{9EF91692-7C7D-4496-B4AB-D9802BE11254}"
      }
    },
    {
      "type": "Feature",
      "id": 1579579,
      "geometry": {
        "type": "Point",
        "coordinates": [
          -112.11671134768346,
          37.097205589551976
        ]
      },
      "properties": {
        "objectid": 1579579,
        "fod_id": 201510096,
        "fpa_id": "W-640965",
        "source_system_type": "FED",
        "source_system": "DOI-WFMI",
        "nwcg_reporting_agency": "BLM",
        "nwcg_reporting_unit_id": "USUTCCD",
        "nwcg_reporting_unit_name": "Cedar City Field Office",
        "source_reporting_unit": "UTCCD",
        "source_reporting_unit_name": "Cedar City Field Office",
        "local_fire_report_id": null,
        "local_incident_id": null,
        "fire_code": "G3AA",
        "fire_name": "JEPSON RANCH",
        "ics_209_plus_incident_join_id": null,
        "ics_209_plus_complex_join_id": null,
        "mtbs_id": null,
        "mtbs_fire_name": null,
        "complex_name": null,
        "fire_year": 2012,
        "discovery_date": 1342915200000,
        "discovery_doy": 204,
        "discovery_time": "1646",
        "nwcg_cause_classification": "Natural",
        "nwcg_general_cause": "Natural",
        "nwcg_cause_age_category": null,
        "cont_date": 1342915200000,
        "cont_doy": 204,
        "cont_time": "2000",
        "fire_size": 0.1,
        "fire_size_class": "A",
        "latitude": 37.0972,
        "longitude": -112.1167,
        "owner_descr": "BLM",
        "state": "UT",
        "county": "Kane",
        "fips_code": "49025",
        "fips_name": "Kane County",
        "globalid": "{B0EFBF81-EE2B-4A07-85E9-5F25BD648851}"
      }
    },
    {
      "type": "Feature",
      "id": 1579585,
      "geometry": {
        "type": "Point",
        "coordinates": [
          -112.02421133266895,
          37.1294055996127
        ]
      },
      "properties": {
        "objectid": 1579585,
        "fod_id": 201510103,
        "fpa_id": "W-640961",
        "source_system_type": "FED",
        "source_system": "DOI-WFMI",
        "nwcg_reporting_agency": "BLM",
        "nwcg_reporting_unit_id": "USUTCCD",
        "nwcg_reporting_unit_name": "Cedar City Field Office",
        "source_reporting_unit": "UTCCD",
        "source_reporting_unit_name": "Cedar City Field Office",
        "local_fire_report_id": null,
        "local_incident_id": null,
        "fire_code": "G3ET",
        "fire_name": "BUCKSKIN REPEATER",
        "ics_209_plus_incident_join_id": null,
        "ics_209_plus_complex_join_id": null,
        "mtbs_id": null,
        "mtbs_fire_name": null,
        "complex_name": null,
        "fire_year": 2012,
        "discovery_date": 1343001600000,
        "discovery_doy": 205,
        "discovery_time": "1431",
        "nwcg_cause_classification": "Natural",
        "nwcg_general_cause": "Natural",
        "nwcg_cause_age_category": null,
        "cont_date": 1343088000000,
        "cont_doy": 206,
        "cont_time": "1500",
        "fire_size": 0.1,
        "fire_size_class": "A",
        "latitude": 37.1294,
        "longitude": -112.0242,
        "owner_descr": "BLM",
        "state": "UT",
        "county": "Kane",
        "fips_code": "49025",
        "fips_name": "Kane County",
        "globalid": "{E04046C2-F64D-429E-8CB1-D38D6953FB7A}"
      }
    },
    {
      "type": "Feature",
      "id": 1579613,
      "geometry": {
        "type": "Point",
        "coordinates": [
          -112.13891135637306,
          37.13920559329008
        ]
      },
      "properties": {
        "objectid": 1579613,
        "fod_id": 201510132,
        "fpa_id": "W-642704",
        "source_system_type": "FED",
        "source_system": "DOI-WFMI",
        "nwcg_reporting_agency": "BLM",
        "nwcg_reporting_unit_id": "USUTCCD",
        "nwcg_reporting_unit_name": "Cedar City Field Office",
        "source_reporting_unit": "UTCCD",
        "source_reporting_unit_name": "Cedar City Field Office",
        "local_fire_report_id": null,
        "local_incident_id": null,
        "fire_code": "G4J1",
        "fire_name": "TELEGRAPH",
        "ics_209_plus_incident_join_id": null,
        "ics_209_plus_complex_join_id": null,
        "mtbs_id": null,
        "mtbs_fire_name": null,
        "complex_name": null,
        "fire_year": 2012,
        "discovery_date": 1343779200000,
        "discovery_doy": 214,
        "discovery_time": "1651",
        "nwcg_cause_classification": "Natural",
        "nwcg_general_cause": "Natural",
        "nwcg_cause_age_category": null,
        "cont_date": 1343865600000,
        "cont_doy": 215,
        "cont_time": "1220",
        "fire_size": 0.1,
        "fire_size_class": "A",
        "latitude": 37.1392,
        "longitude": -112.1389,
        "owner_descr": "BLM",
        "state": "UT",
        "county": "Kane",
        "fips_code": "49025",
        "fips_name": "Kane County",
        "globalid": "{FB1431E6-38C9-4511-9BDE-9449283D134E}"
      }
    },
    {
      "type": "Feature",
      "id": 1579660,
      "geometry": {
        "type": "Point",
        "coordinates": [
          -112.0528113469886,
          37.21360560815842
        ]
      },
      "properties": {
        "objectid": 1579660,
        "fod_id": 201510183,
        "fpa_id": "W-648785",
        "source_system_type": "FED",
        "source_system": "DOI-WFMI",
        "nwcg_reporting_agency": "BLM",
        "nwcg_reporting_unit_id": "USUTCCD",
        "nwcg_reporting_unit_name": "Cedar City Field Office",
        "source_reporting_unit": "UTCCD",
        "source_reporting_unit_name": "Cedar City Field Office",
        "local_fire_report_id": null,
        "local_incident_id": null,
        "fire_code": "G5NZ",
        "fire_name": "NORTH",
        "ics_209_plus_incident_join_id": null,
        "ics_209_plus_complex_join_id": null,
        "mtbs_id": null,
        "mtbs_fire_name": null,
        "complex_name": null,
        "fire_year": 2012,
        "discovery_date": 1344470400000,
        "discovery_doy": 222,
        "discovery_time": "1530",
        "nwcg_cause_classification": "Natural",
        "nwcg_general_cause": "Natural",
        "nwcg_cause_age_category": null,
        "cont_date": 1345593600000,
        "cont_doy": 235,
        "cont_time": "0930",
        "fire_size": 0.1,
        "fire_size_class": "A",
        "latitude": 37.2136,
        "longitude": -112.0528,
        "owner_descr": "BLM",
        "state": "UT",
        "county": "Kane",
        "fips_code": "49025",
        "fips_name": "Kane County",
        "globalid": "{84A44E13-AA2E-40D0-8260-DE255806A434}"
      }
    },
    {
      "type": "Feature",
      "id": 1579662,
      "geometry": {
        "type": "Point",
        "coordinates": [
          -112.0047113334817,
          37.17500560654885
        ]
      },
      "properties": {
        "objectid": 1579662,
        "fod_id": 201510185,
        "fpa_id": "W-648787",
        "source_system_type": "FED",
        "source_system": "DOI-WFMI",
        "nwcg_reporting_agency": "BLM",
        "nwcg_reporting_unit_id": "USUTCCD",
        "nwcg_reporting_unit_name": "Cedar City Field Office",
        "source_reporting_unit": "UTCCD",
        "source_reporting_unit_name": "Cedar City Field Office",
        "local_fire_report_id": null,
        "local_incident_id": null,
        "fire_code": "G5PU",
        "fire_name": "SOUTH",
        "ics_209_plus_incident_join_id": null,
        "ics_209_plus_complex_join_id": null,
        "mtbs_id": null,
        "mtbs_fire_name": null,
        "complex_name": null,
        "fire_year": 2012,
        "discovery_date": 1344470400000,
        "discovery_doy": 222,
        "discovery_time": "2016",
        "nwcg_cause_classification": "Natural",
        "nwcg_general_cause": "Natural",
        "nwcg_cause_age_category": null,
        "cont_date": 1345593600000,
        "cont_doy": 235,
        "cont_time": "0930",
        "fire_size": 0.1,
        "fire_size_class": "A",
        "latitude": 37.175,
        "longitude": -112.0047,
        "owner_descr": "BLM",
        "state": "UT",
        "county": "Kane",
        "fips_code": "49025",
        "fips_name": "Kane County",
        "globalid": "{1FA988B5-0831-441C-BE43-25CEB19C60AF}"
      }
    },
    {
      "type": "Feature",
      "id": 1579663,
      "geometry": {
        "type": "Point",
        "coordinates": [
          -112.15671136468096,
          37.185805597872566
        ]
      },
      "properties": {
        "objectid": 1579663,
        "fod_id": 201510186,
        "fpa_id": "W-648794",
        "source_system_type": "FED",
        "source_system": "DOI-WFMI",
        "nwcg_reporting_agency": "BLM",
        "nwcg_reporting_unit_id": "USUTCCD",
        "nwcg_reporting_unit_name": "Cedar City Field Office",
        "source_reporting_unit": "UTCCD",
        "source_reporting_unit_name": "Cedar City Field Office",
        "local_fire_report_id": null,
        "local_incident_id": null,
        "fire_code": "G5PZ",
        "fire_name": "KITCHEN CANYON",
        "ics_209_plus_incident_join_id": null,
        "ics_209_plus_complex_join_id": null,
        "mtbs_id": null,
        "mtbs_fire_name": null,
        "complex_name": null,
        "fire_year": 2012,
        "discovery_date": 1344470400000,
        "discovery_doy": 222,
        "discovery_time": "2039",
        "nwcg_cause_classification": "Natural",
        "nwcg_general_cause": "Natural",
        "nwcg_cause_age_category": null,
        "cont_date": 1345593600000,
        "cont_doy": 235,
        "cont_time": "0930",
        "fire_size": 0.1,
        "fire_size_class": "A",
        "latitude": 37.1858,
        "longitude": -112.1567,
        "owner_descr": "BLM",
        "state": "UT",
        "county": "Kane",
        "fips_code": "49025",
        "fips_name": "Kane County",
        "globalid": "{85A37D29-D3F7-4C28-BFD8-312060527F02}"
      }
    },
    {
      "type": "Feature",
      "id": 1579664,
      "geometry": {
        "type": "Point",
        "coordinates": [
          -112.04001134271095,
          37.19670560691187
        ]
      },
      "properties": {
        "objectid": 1579664,
        "fod_id": 201510187,
        "fpa_id": "W-642781",
        "source_system_type": "FED",
        "source_system": "DOI-WFMI",
        "nwcg_reporting_agency": "BLM",
        "nwcg_reporting_unit_id": "USUTCCD",
        "nwcg_reporting_unit_name": "Cedar City Field Office",
        "source_reporting_unit": "UTCCD",
        "source_reporting_unit_name": "Cedar City Field Office",
        "local_fire_report_id": null,
        "local_incident_id": null,
        "fire_code": "G5R2",
        "fire_name": "789",
        "ics_209_plus_incident_join_id": null,
        "ics_209_plus_complex_join_id": null,
        "mtbs_id": null,
        "mtbs_fire_name": null,
        "complex_name": null,
        "fire_year": 2012,
        "discovery_date": 1344556800000,
        "discovery_doy": 223,
        "discovery_time": "1435",
        "nwcg_cause_classification": "Natural",
        "nwcg_general_cause": "Natural",
        "nwcg_cause_age_category": null,
        "cont_date": 1344556800000,
        "cont_doy": 223,
        "cont_time": "1700",
        "fire_size": 0.1,
        "fire_size_class": "A",
        "latitude": 37.1967,
        "longitude": -112.04,
        "owner_descr": "BLM",
        "state": "UT",
        "county": "Kane",
        "fips_code": "49025",
        "fips_name": "Kane County",
        "globalid": "{B69CC38F-497A-43AD-AA13-3F05493A565A}"
      }
    },
    {
      "type": "Feature",
      "id": 1579673,
      "geometry": {
        "type": "Point",
        "coordinates": [
          -112.16191136946313,
          37.222205602017574
        ]
      },
      "properties": {
        "objectid": 1579673,
        "fod_id": 201510197,
        "fpa_id": "W-642787",
        "source_system_type": "FED",
        "source_system": "DOI-WFMI",
        "nwcg_reporting_agency": "BLM",
        "nwcg_reporting_unit_id": "USUTCCD",
        "nwcg_reporting_unit_name": "Cedar City Field Office",
        "source_reporting_unit": "UTCCD",
        "source_reporting_unit_name": "Cedar City Field Office",
        "local_fire_report_id": null,
        "local_incident_id": null,
        "fire_code": "G5UR",
        "fire_name": "STICK",
        "ics_209_plus_incident_join_id": null,
        "ics_209_plus_complex_join_id": null,
        "mtbs_id": null,
        "mtbs_fire_name": null,
        "complex_name": null,
        "fire_year": 2012,
        "discovery_date": 1344556800000,
        "discovery_doy": 223,
        "discovery_time": "1806",
        "nwcg_cause_classification": "Natural",
        "nwcg_general_cause": "Natural",
        "nwcg_cause_age_category": null,
        "cont_date": 1344643200000,
        "cont_doy": 224,
        "cont_time": "1240",
        "fire_size": 0.1,
        "fire_size_class": "A",
        "latitude": 37.2222,
        "longitude": -112.1619,
        "owner_descr": "BLM",
        "state": "UT",
        "county": "Kane",
        "fips_code": "49025",
        "fips_name": "Kane County",
        "globalid": "{7031F1CF-0D4F-4263-BF3B-770B9FF2BC64}"
      }
    },
    {
      "type": "Feature",
      "id": 1579682,
      "geometry": {
        "type": "Point",
        "coordinates": [
          -112.07581133692898,
          37.071105588997284
        ]
      },
      "properties": {
        "objectid": 1579682,
        "fod_id": 201510206,
        "fpa_id": "W-643476",
        "source_system_type": "FED",
        "source_system": "DOI-WFMI",
        "nwcg_reporting_agency": "BLM",
        "nwcg_reporting_unit_id": "USUTCCD",
        "nwcg_reporting_unit_name": "Cedar City Field Office",
        "source_reporting_unit": "UTCCD",
        "source_reporting_unit_name": "Cedar City Field Office",
        "local_fire_report_id": null,
        "local_incident_id": null,
        "fire_code": "G6AK",
        "fire_name": "SLASH",
        "ics_209_plus_incident_join_id": null,
        "ics_209_plus_complex_join_id": null,
        "mtbs_id": null,
        "mtbs_fire_name": null,
        "complex_name": null,
        "fire_year": 2012,
        "discovery_date": 1344902400000,
        "discovery_doy": 227,
        "discovery_time": "1919",
        "nwcg_cause_classification": "Natural",
        "nwcg_general_cause": "Natural",
        "nwcg_cause_age_category": null,
        "cont_date": 1345075200000,
        "cont_doy": 229,
        "cont_time": "1230",
        "fire_size": 1,
        "fire_size_class": "B",
        "latitude": 37.0711,
        "longitude": -112.0758,
        "owner_descr": "BLM",
        "state": "UT",
        "county": "Kane",
        "fips_code": "49025",
        "fips_name": "Kane County",
        "globalid": "{D8572E0F-B115-44E0-A606-83B76B14E068}"
      }
    },
    {
      "type": "Feature",
      "id": 1648328,
      "geometry": {
        "type": "Point",
        "coordinates": [
          -111.97921132922579,
          37.18280560919414
        ]
      },
      "properties": {
        "objectid": 1648328,
        "fod_id": 201779024,
        "fpa_id": "W-657494",
        "source_system_type": "FED",
        "source_system": "DOI-WFMI",
        "nwcg_reporting_agency": "BLM",
        "nwcg_reporting_unit_id": "USUTCCD",
        "nwcg_reporting_unit_name": "Cedar City Field Office",
        "source_reporting_unit": "UTCCD",
        "source_reporting_unit_name": "Cedar City Field Office",
        "local_fire_report_id": null,
        "local_incident_id": null,
        "fire_code": "HQK6",
        "fire_name": "PARIA",
        "ics_209_plus_incident_join_id": null,
        "ics_209_plus_complex_join_id": null,
        "mtbs_id": null,
        "mtbs_fire_name": null,
        "complex_name": null,
        "fire_year": 2013,
        "discovery_date": 1373673600000,
        "discovery_doy": 194,
        "discovery_time": "1609",
        "nwcg_cause_classification": "Natural",
        "nwcg_general_cause": "Natural",
        "nwcg_cause_age_category": null,
        "cont_date": 1373673600000,
        "cont_doy": 194,
        "cont_time": "1745",
        "fire_size": 0.1,
        "fire_size_class": "A",
        "latitude": 37.1828,
        "longitude": -111.9792,
        "owner_descr": "BLM",
        "state": "UT",
        "county": "Kane",
        "fips_code": "49025",
        "fips_name": "Kane County",
        "globalid": "{A916E969-80C9-454B-89BD-46726F755CCE}"
      }
    },
    {
      "type": "Feature",
      "id": 1648329,
      "geometry": {
        "type": "Point",
        "coordinates": [
          -112.03361133246435,
          37.1092055964898
        ]
      },
      "properties": {
        "objectid": 1648329,
        "fod_id": 201779025,
        "fpa_id": "W-657496",
        "source_system_type": "FED",
        "source_system": "DOI-WFMI",
        "nwcg_reporting_agency": "BLM",
        "nwcg_reporting_unit_id": "USUTCCD",
        "nwcg_reporting_unit_name": "Cedar City Field Office",
        "source_reporting_unit": "UTCCD",
        "source_reporting_unit_name": "Cedar City Field Office",
        "local_fire_report_id": null,
        "local_incident_id": null,
        "fire_code": "HQU2",
        "fire_name": "5 MILE",
        "ics_209_plus_incident_join_id": null,
        "ics_209_plus_complex_join_id": null,
        "mtbs_id": null,
        "mtbs_fire_name": null,
        "complex_name": null,
        "fire_year": 2013,
        "discovery_date": 1373760000000,
        "discovery_doy": 195,
        "discovery_time": "1332",
        "nwcg_cause_classification": "Natural",
        "nwcg_general_cause": "Natural",
        "nwcg_cause_age_category": null,
        "cont_date": 1373846400000,
        "cont_doy": 196,
        "cont_time": "1230",
        "fire_size": 0.3,
        "fire_size_class": "B",
        "latitude": 37.1092,
        "longitude": -112.0336,
        "owner_descr": "BLM",
        "state": "UT",
        "county": "Kane",
        "fips_code": "49025",
        "fips_name": "Kane County",
        "globalid": "{00F2FE4F-D637-4FA7-A76A-B668CA9031E6}"
      }
    },
    {
      "type": "Feature",
      "id": 1648374,
      "geometry": {
        "type": "Point",
        "coordinates": [
          -111.8964113018173,
          37.07560560129536
        ]
      },
      "properties": {
        "objectid": 1648374,
        "fod_id": 201779070,
        "fpa_id": "W-659775",
        "source_system_type": "FED",
        "source_system": "DOI-WFMI",
        "nwcg_reporting_agency": "BLM",
        "nwcg_reporting_unit_id": "USUTCCD",
        "nwcg_reporting_unit_name": "Cedar City Field Office",
        "source_reporting_unit": "UTCCD",
        "source_reporting_unit_name": "Cedar City Field Office",
        "local_fire_report_id": null,
        "local_incident_id": null,
        "fire_code": "HV09",
        "fire_name": "YO YO",
        "ics_209_plus_incident_join_id": null,
        "ics_209_plus_complex_join_id": null,
        "mtbs_id": null,
        "mtbs_fire_name": null,
        "complex_name": null,
        "fire_year": 2013,
        "discovery_date": 1376697600000,
        "discovery_doy": 229,
        "discovery_time": "0913",
        "nwcg_cause_classification": "Natural",
        "nwcg_general_cause": "Natural",
        "nwcg_cause_age_category": null,
        "cont_date": 1376697600000,
        "cont_doy": 229,
        "cont_time": "1212",
        "fire_size": 0.1,
        "fire_size_class": "A",
        "latitude": 37.0756,
        "longitude": -111.8964,
        "owner_descr": "BLM",
        "state": "UT",
        "county": "Kane",
        "fips_code": "49025",
        "fips_name": "Kane County",
        "globalid": "{0FBB7561-7C62-44BC-81F3-1FDB9FCDD7CB}"
      }
    },
    {
      "type": "Feature",
      "id": 1648384,
      "geometry": {
        "type": "Point",
        "coordinates": [
          -111.97221132783687,
          37.18280560965486
        ]
      },
      "properties": {
        "objectid": 1648384,
        "fod_id": 201779080,
        "fpa_id": "W-659778",
        "source_system_type": "FED",
        "source_system": "DOI-WFMI",
        "nwcg_reporting_agency": "BLM",
        "nwcg_reporting_unit_id": "USUTCCD",
        "nwcg_reporting_unit_name": "Cedar City Field Office",
        "source_reporting_unit": "UTCCD",
        "source_reporting_unit_name": "Cedar City Field Office",
        "local_fire_report_id": null,
        "local_incident_id": null,
        "fire_code": "HV45",
        "fire_name": "SHACK",
        "ics_209_plus_incident_join_id": null,
        "ics_209_plus_complex_join_id": null,
        "mtbs_id": null,
        "mtbs_fire_name": null,
        "complex_name": null,
        "fire_year": 2013,
        "discovery_date": 1376784000000,
        "discovery_doy": 230,
        "discovery_time": "1055",
        "nwcg_cause_classification": "Natural",
        "nwcg_general_cause": "Natural",
        "nwcg_cause_age_category": null,
        "cont_date": 1376784000000,
        "cont_doy": 230,
        "cont_time": "1230",
        "fire_size": 0.1,
        "fire_size_class": "A",
        "latitude": 37.1828,
        "longitude": -111.9722,
        "owner_descr": "BLM",
        "state": "UT",
        "county": "Kane",
        "fips_code": "49025",
        "fips_name": "Kane County",
        "globalid": "{D57486BD-F693-44A4-8EC6-7F443A3A94F9}"
      }
    },
    {
      "type": "Feature",
      "id": 1648423,
      "geometry": {
        "type": "Point",
        "coordinates": [
          -112.11111135283703,
          37.158305597479796
        ]
      },
      "properties": {
        "objectid": 1648423,
        "fod_id": 201779119,
        "fpa_id": "W-660439",
        "source_system_type": "FED",
        "source_system": "DOI-WFMI",
        "nwcg_reporting_agency": "BLM",
        "nwcg_reporting_unit_id": "USUTCCD",
        "nwcg_reporting_unit_name": "Cedar City Field Office",
        "source_reporting_unit": "UTCCD",
        "source_reporting_unit_name": "Cedar City Field Office",
        "local_fire_report_id": null,
        "local_incident_id": null,
        "fire_code": "HXE1",
        "fire_name": "SKIN",
        "ics_209_plus_incident_join_id": null,
        "ics_209_plus_complex_join_id": null,
        "mtbs_id": null,
        "mtbs_fire_name": null,
        "complex_name": null,
        "fire_year": 2013,
        "discovery_date": 1377216000000,
        "discovery_doy": 235,
        "discovery_time": "1936",
        "nwcg_cause_classification": "Natural",
        "nwcg_general_cause": "Natural",
        "nwcg_cause_age_category": null,
        "cont_date": 1377302400000,
        "cont_doy": 236,
        "cont_time": "1224",
        "fire_size": 0.1,
        "fire_size_class": "A",
        "latitude": 37.1583,
        "longitude": -112.1111,
        "owner_descr": "BLM",
        "state": "UT",
        "county": "Kane",
        "fips_code": "49025",
        "fips_name": "Kane County",
        "globalid": "{5D351DA8-7806-47F0-8949-40342BF7B533}"
      }
    },
    {
      "type": "Feature",
      "id": 1734121,
      "geometry": {
        "type": "Point",
        "coordinates": [
          -112.15191135069958,
          37.05860558246547
        ]
      },
      "properties": {
        "objectid": 1734121,
        "fod_id": 300026617,
        "fpa_id": "W-667811",
        "source_system_type": "FED",
        "source_system": "DOI-WFMI",
        "nwcg_reporting_agency": "BLM",
        "nwcg_reporting_unit_id": "USUTCCD",
        "nwcg_reporting_unit_name": "Cedar City Field Office",
        "source_reporting_unit": "UTCCD",
        "source_reporting_unit_name": "Cedar City Field Office",
        "local_fire_report_id": null,
        "local_incident_id": null,
        "fire_code": "H4WY",
        "fire_name": "JONES",
        "ics_209_plus_incident_join_id": null,
        "ics_209_plus_complex_join_id": null,
        "mtbs_id": null,
        "mtbs_fire_name": null,
        "complex_name": null,
        "fire_year": 2014,
        "discovery_date": 1400803200000,
        "discovery_doy": 143,
        "discovery_time": "1412",
        "nwcg_cause_classification": "Natural",
        "nwcg_general_cause": "Natural",
        "nwcg_cause_age_category": null,
        "cont_date": 1400803200000,
        "cont_doy": 143,
        "cont_time": "1630",
        "fire_size": 0.1,
        "fire_size_class": "A",
        "latitude": 37.0586,
        "longitude": -112.1519,
        "owner_descr": "BLM",
        "state": "UT",
        "county": "Kane",
        "fips_code": "49025",
        "fips_name": "Kane County",
        "globalid": "{92F78839-5C79-4949-9C9D-75222D92D0EA}"
      }
    },
    {
      "type": "Feature",
      "id": 1734135,
      "geometry": {
        "type": "Point",
        "coordinates": [
          -112.11391135816626,
          37.20470560302792
        ]
      },
      "properties": {
        "objectid": 1734135,
        "fod_id": 300026636,
        "fpa_id": "W-669764",
        "source_system_type": "FED",
        "source_system": "DOI-WFMI",
        "nwcg_reporting_agency": "BLM",
        "nwcg_reporting_unit_id": "USUTCCD",
        "nwcg_reporting_unit_name": "Cedar City Field Office",
        "source_reporting_unit": "UTCCD",
        "source_reporting_unit_name": "Cedar City Field Office",
        "local_fire_report_id": null,
        "local_incident_id": null,
        "fire_code": "H67U",
        "fire_name": "KITCHEN",
        "ics_209_plus_incident_join_id": null,
        "ics_209_plus_complex_join_id": null,
        "mtbs_id": null,
        "mtbs_fire_name": null,
        "complex_name": null,
        "fire_year": 2014,
        "discovery_date": 1404432000000,
        "discovery_doy": 185,
        "discovery_time": "1914",
        "nwcg_cause_classification": "Natural",
        "nwcg_general_cause": "Natural",
        "nwcg_cause_age_category": null,
        "cont_date": 1404432000000,
        "cont_doy": 185,
        "cont_time": "2110",
        "fire_size": 0.1,
        "fire_size_class": "A",
        "latitude": 37.2047,
        "longitude": -112.1139,
        "owner_descr": "BLM",
        "state": "UT",
        "county": "Kane",
        "fips_code": "49025",
        "fips_name": "Kane County",
        "globalid": "{97C7AAD8-B678-4B9C-8E5D-9486C1DB9B97}"
      }
    },
    {
      "type": "Feature",
      "id": 1734136,
      "geometry": {
        "type": "Point",
        "coordinates": [
          -112.00781133454863,
          37.17940560689016
        ]
      },
      "properties": {
        "objectid": 1734136,
        "fod_id": 300026639,
        "fpa_id": "W-668332",
        "source_system_type": "FED",
        "source_system": "DOI-WFMI",
        "nwcg_reporting_agency": "BLM",
        "nwcg_reporting_unit_id": "USUTCCD",
        "nwcg_reporting_unit_name": "Cedar City Field Office",
        "source_reporting_unit": "UTCCD",
        "source_reporting_unit_name": "Cedar City Field Office",
        "local_fire_report_id": null,
        "local_incident_id": null,
        "fire_code": "H6EY",
        "fire_name": "SAND GULCH",
        "ics_209_plus_incident_join_id": null,
        "ics_209_plus_complex_join_id": null,
        "mtbs_id": null,
        "mtbs_fire_name": null,
        "complex_name": null,
        "fire_year": 2014,
        "discovery_date": 1403395200000,
        "discovery_doy": 173,
        "discovery_time": "1531",
        "nwcg_cause_classification": "Human",
        "nwcg_general_cause": "Equipment and vehicle use",
        "nwcg_cause_age_category": null,
        "cont_date": 1403395200000,
        "cont_doy": 173,
        "cont_time": "1830",
        "fire_size": 0.5,
        "fire_size_class": "B",
        "latitude": 37.1794,
        "longitude": -112.0078,
        "owner_descr": "BLM",
        "state": "UT",
        "county": "Kane",
        "fips_code": "49025",
        "fips_name": "Kane County",
        "globalid": "{E3DF5754-D3B6-4EB9-8D3C-E7B3FE2CC70D}"
      }
    },
    {
      "type": "Feature",
      "id": 1734139,
      "geometry": {
        "type": "Point",
        "coordinates": [
          -112.1722113560447,
          37.07170558275727
        ]
      },
      "properties": {
        "objectid": 1734139,
        "fod_id": 300026642,
        "fpa_id": "W-669233",
        "source_system_type": "FED",
        "source_system": "DOI-WFMI",
        "nwcg_reporting_agency": "BLM",
        "nwcg_reporting_unit_id": "USUTCCD",
        "nwcg_reporting_unit_name": "Cedar City Field Office",
        "source_reporting_unit": "UTCCD",
        "source_reporting_unit_name": "Cedar City Field Office",
        "local_fire_report_id": null,
        "local_incident_id": null,
        "fire_code": "H6LE",
        "fire_name": "MM 43 HWY 89",
        "ics_209_plus_incident_join_id": null,
        "ics_209_plus_complex_join_id": null,
        "mtbs_id": null,
        "mtbs_fire_name": null,
        "complex_name": null,
        "fire_year": 2014,
        "discovery_date": 1403740800000,
        "discovery_doy": 177,
        "discovery_time": "1008",
        "nwcg_cause_classification": "Human",
        "nwcg_general_cause": "Equipment and vehicle use",
        "nwcg_cause_age_category": null,
        "cont_date": 1403740800000,
        "cont_doy": 177,
        "cont_time": "1720",
        "fire_size": 0.1,
        "fire_size_class": "A",
        "latitude": 37.0717,
        "longitude": -112.1722,
        "owner_descr": "BLM",
        "state": "UT",
        "county": "Kane",
        "fips_code": "49025",
        "fips_name": "Kane County",
        "globalid": "{49F2B06E-F524-4B40-A9B8-95DCF5D6E7CC}"
      }
    },
    {
      "type": "Feature",
      "id": 1734141,
      "geometry": {
        "type": "Point",
        "coordinates": [
          -112.08031135097072,
          37.19940560458923
        ]
      },
      "properties": {
        "objectid": 1734141,
        "fod_id": 300026644,
        "fpa_id": "W-669236",
        "source_system_type": "FED",
        "source_system": "DOI-WFMI",
        "nwcg_reporting_agency": "BLM",
        "nwcg_reporting_unit_id": "USUTCCD",
        "nwcg_reporting_unit_name": "Cedar City Field Office",
        "source_reporting_unit": "UTCCD",
        "source_reporting_unit_name": "Cedar City Field Office",
        "local_fire_report_id": null,
        "local_incident_id": null,
        "fire_code": "H6TU",
        "fire_name": "CHINLE",
        "ics_209_plus_incident_join_id": null,
        "ics_209_plus_complex_join_id": null,
        "mtbs_id": null,
        "mtbs_fire_name": null,
        "complex_name": null,
        "fire_year": 2014,
        "discovery_date": 1404086400000,
        "discovery_doy": 181,
        "discovery_time": "1746",
        "nwcg_cause_classification": "Natural",
        "nwcg_general_cause": "Natural",
        "nwcg_cause_age_category": null,
        "cont_date": 1404172800000,
        "cont_doy": 182,
        "cont_time": "1000",
        "fire_size": 0.3,
        "fire_size_class": "B",
        "latitude": 37.1994,
        "longitude": -112.0803,
        "owner_descr": "BLM",
        "state": "UT",
        "county": "Kane",
        "fips_code": "49025",
        "fips_name": "Kane County",
        "globalid": "{83206B0C-3F36-4D3E-88EA-698A1446C420}"
      }
    },
    {
      "type": "Feature",
      "id": 1734172,
      "geometry": {
        "type": "Point",
        "coordinates": [
          -112.04971134489024,
          37.19920560658188
        ]
      },
      "properties": {
        "objectid": 1734172,
        "fod_id": 300026683,
        "fpa_id": "W-669780",
        "source_system_type": "FED",
        "source_system": "DOI-WFMI",
        "nwcg_reporting_agency": "BLM",
        "nwcg_reporting_unit_id": "USUTCCD",
        "nwcg_reporting_unit_name": "Cedar City Field Office",
        "source_reporting_unit": "UTCCD",
        "source_reporting_unit_name": "Cedar City Field Office",
        "local_fire_report_id": null,
        "local_incident_id": null,
        "fire_code": "H8CW",
        "fire_name": "JOHNSON",
        "ics_209_plus_incident_join_id": null,
        "ics_209_plus_complex_join_id": null,
        "mtbs_id": null,
        "mtbs_fire_name": null,
        "complex_name": null,
        "fire_year": 2014,
        "discovery_date": 1405296000000,
        "discovery_doy": 195,
        "discovery_time": "1034",
        "nwcg_cause_classification": "Natural",
        "nwcg_general_cause": "Natural",
        "nwcg_cause_age_category": null,
        "cont_date": 1405296000000,
        "cont_doy": 195,
        "cont_time": "1400",
        "fire_size": 0.1,
        "fire_size_class": "A",
        "latitude": 37.1992,
        "longitude": -112.0497,
        "owner_descr": "BLM",
        "state": "UT",
        "county": "Kane",
        "fips_code": "49025",
        "fips_name": "Kane County",
        "globalid": "{C506FDC5-ABE1-487D-A282-3437122A78DA}"
      }
    },
    {
      "type": "Feature",
      "id": 1734185,
      "geometry": {
        "type": "Point",
        "coordinates": [
          -112.1625113601543,
          37.13060559067579
        ]
      },
      "properties": {
        "objectid": 1734185,
        "fod_id": 300026700,
        "fpa_id": "W-671339",
        "source_system_type": "FED",
        "source_system": "DOI-WFMI",
        "nwcg_reporting_agency": "BLM",
        "nwcg_reporting_unit_id": "USUTCCD",
        "nwcg_reporting_unit_name": "Cedar City Field Office",
        "source_reporting_unit": "UTCCD",
        "source_reporting_unit_name": "Cedar City Field Office",
        "local_fire_report_id": null,
        "local_incident_id": null,
        "fire_code": "H90H",
        "fire_name": "CHAIN",
        "ics_209_plus_incident_join_id": null,
        "ics_209_plus_complex_join_id": null,
        "mtbs_id": null,
        "mtbs_fire_name": null,
        "complex_name": null,
        "fire_year": 2014,
        "discovery_date": 1406678400000,
        "discovery_doy": 211,
        "discovery_time": "2019",
        "nwcg_cause_classification": "Natural",
        "nwcg_general_cause": "Natural",
        "nwcg_cause_age_category": null,
        "cont_date": 1406764800000,
        "cont_doy": 212,
        "cont_time": "1040",
        "fire_size": 0.1,
        "fire_size_class": "A",
        "latitude": 37.1306,
        "longitude": -112.1625,
        "owner_descr": "BLM",
        "state": "UT",
        "county": "Kane",
        "fips_code": "49025",
        "fips_name": "Kane County",
        "globalid": "{D4AAC6BE-06F6-4701-8DF3-9091445F46C9}"
      }
    },
    {
      "type": "Feature",
      "id": 1734205,
      "geometry": {
        "type": "Point",
        "coordinates": [
          -111.97031132423592,
          37.15140560588296
        ]
      },
      "properties": {
        "objectid": 1734205,
        "fod_id": 300026721,
        "fpa_id": "W-673170",
        "source_system_type": "FED",
        "source_system": "DOI-WFMI",
        "nwcg_reporting_agency": "BLM",
        "nwcg_reporting_unit_id": "USUTCCD",
        "nwcg_reporting_unit_name": "Cedar City Field Office",
        "source_reporting_unit": "UTCCD",
        "source_reporting_unit_name": "Cedar City Field Office",
        "local_fire_report_id": null,
        "local_incident_id": null,
        "fire_code": "JA34",
        "fire_name": "MM28 HWY89",
        "ics_209_plus_incident_join_id": null,
        "ics_209_plus_complex_join_id": null,
        "mtbs_id": null,
        "mtbs_fire_name": null,
        "complex_name": null,
        "fire_year": 2014,
        "discovery_date": 1407196800000,
        "discovery_doy": 217,
        "discovery_time": "1440",
        "nwcg_cause_classification": "Human",
        "nwcg_general_cause": "Missing data/not specified/undetermined",
        "nwcg_cause_age_category": null,
        "cont_date": 1407196800000,
        "cont_doy": 217,
        "cont_time": "1940",
        "fire_size": 3,
        "fire_size_class": "B",
        "latitude": 37.1514,
        "longitude": -111.9703,
        "owner_descr": "PRIVATE",
        "state": "UT",
        "county": "Kane",
        "fips_code": "49025",
        "fips_name": "Kane County",
        "globalid": "{E998BAFA-F949-492E-A8A3-74AE2B37316E}"
      }
    },
    {
      "type": "Feature",
      "id": 1734215,
      "geometry": {
        "type": "Point",
        "coordinates": [
          -112.00611132318751,
          37.071705593634036
        ]
      },
      "properties": {
        "objectid": 1734215,
        "fod_id": 300026736,
        "fpa_id": "W-672362",
        "source_system_type": "FED",
        "source_system": "DOI-WFMI",
        "nwcg_reporting_agency": "BLM",
        "nwcg_reporting_unit_id": "USUTCCD",
        "nwcg_reporting_unit_name": "Cedar City Field Office",
        "source_reporting_unit": "UTCCD",
        "source_reporting_unit_name": "Cedar City Field Office",
        "local_fire_report_id": null,
        "local_incident_id": null,
        "fire_code": "JDB5",
        "fire_name": "BUCKSKIN GULCH",
        "ics_209_plus_incident_join_id": null,
        "ics_209_plus_complex_join_id": null,
        "mtbs_id": null,
        "mtbs_fire_name": null,
        "complex_name": null,
        "fire_year": 2014,
        "discovery_date": 1409011200000,
        "discovery_doy": 238,
        "discovery_time": "1422",
        "nwcg_cause_classification": "Natural",
        "nwcg_general_cause": "Natural",
        "nwcg_cause_age_category": null,
        "cont_date": 1409011200000,
        "cont_doy": 238,
        "cont_time": "1730",
        "fire_size": 0.1,
        "fire_size_class": "A",
        "latitude": 37.0717,
        "longitude": -112.0061,
        "owner_descr": "BLM",
        "state": "UT",
        "county": "Kane",
        "fips_code": "49025",
        "fips_name": "Kane County",
        "globalid": "{E9C207A9-5E61-4DF9-B431-320A7ABBFB5E}"
      }
    },
    {
      "type": "Feature",
      "id": 1734217,
      "geometry": {
        "type": "Point",
        "coordinates": [
          -112.04031134497606,
          37.2181056095396
        ]
      },
      "properties": {
        "objectid": 1734217,
        "fod_id": 300026738,
        "fpa_id": "W-672745",
        "source_system_type": "FED",
        "source_system": "DOI-WFMI",
        "nwcg_reporting_agency": "BLM",
        "nwcg_reporting_unit_id": "USUTCCD",
        "nwcg_reporting_unit_name": "Cedar City Field Office",
        "source_reporting_unit": "UTCCD",
        "source_reporting_unit_name": "Cedar City Field Office",
        "local_fire_report_id": null,
        "local_incident_id": null,
        "fire_code": "JDC2",
        "fire_name": "PARIA",
        "ics_209_plus_incident_join_id": null,
        "ics_209_plus_complex_join_id": null,
        "mtbs_id": null,
        "mtbs_fire_name": null,
        "complex_name": null,
        "fire_year": 2014,
        "discovery_date": 1409011200000,
        "discovery_doy": 238,
        "discovery_time": "1652",
        "nwcg_cause_classification": "Natural",
        "nwcg_general_cause": "Natural",
        "nwcg_cause_age_category": null,
        "cont_date": 1409875200000,
        "cont_doy": 248,
        "cont_time": "0830",
        "fire_size": 0.1,
        "fire_size_class": "A",
        "latitude": 37.2181,
        "longitude": -112.0403,
        "owner_descr": "BLM",
        "state": "UT",
        "county": "Kane",
        "fips_code": "49025",
        "fips_name": "Kane County",
        "globalid": "{17F9A0B2-3991-4A20-A7BF-3E751F004A2E}"
      }
    },
    {
      "type": "Feature",
      "id": 1801822,
      "geometry": {
        "type": "Point",
        "coordinates": [
          -112.16001135564743,
          37.09140558599409
        ]
      },
      "properties": {
        "objectid": 1801822,
        "fod_id": 300216399,
        "fpa_id": "W-685583",
        "source_system_type": "FED",
        "source_system": "DOI-WFMI",
        "nwcg_reporting_agency": "BLM",
        "nwcg_reporting_unit_id": "USUTCCD",
        "nwcg_reporting_unit_name": "Cedar City Field Office",
        "source_reporting_unit": "UTCCD",
        "source_reporting_unit_name": "Cedar City Field Office",
        "local_fire_report_id": null,
        "local_incident_id": null,
        "fire_code": "J3MP",
        "fire_name": "HORN",
        "ics_209_plus_incident_join_id": null,
        "ics_209_plus_complex_join_id": null,
        "mtbs_id": null,
        "mtbs_fire_name": null,
        "complex_name": null,
        "fire_year": 2015,
        "discovery_date": 1442188800000,
        "discovery_doy": 257,
        "discovery_time": "1542",
        "nwcg_cause_classification": "Natural",
        "nwcg_general_cause": "Natural",
        "nwcg_cause_age_category": null,
        "cont_date": 1442188800000,
        "cont_doy": 257,
        "cont_time": "1900",
        "fire_size": 0.1,
        "fire_size_class": "A",
        "latitude": 37.0914,
        "longitude": -112.16,
        "owner_descr": "BLM",
        "state": "UT",
        "county": "Kane",
        "fips_code": "49025",
        "fips_name": "Kane County",
        "globalid": "{2FD58EF1-C0F5-4033-B325-AF7D76A9432E}"
      }
    },
    {
      "type": "Feature",
      "id": 1801846,
      "geometry": {
        "type": "Point",
        "coordinates": [
          -112.04391134324683,
          37.194405606370196
        ]
      },
      "properties": {
        "objectid": 1801846,
        "fod_id": 300216425,
        "fpa_id": "W-679709",
        "source_system_type": "FED",
        "source_system": "DOI-WFMI",
        "nwcg_reporting_agency": "BLM",
        "nwcg_reporting_unit_id": "USUTCCD",
        "nwcg_reporting_unit_name": "Cedar City Field Office",
        "source_reporting_unit": "UTCCD",
        "source_reporting_unit_name": "Cedar City Field Office",
        "local_fire_report_id": null,
        "local_incident_id": null,
        "fire_code": "JRZ3",
        "fire_name": "8 MILE",
        "ics_209_plus_incident_join_id": null,
        "ics_209_plus_complex_join_id": null,
        "mtbs_id": null,
        "mtbs_fire_name": null,
        "complex_name": null,
        "fire_year": 2015,
        "discovery_date": 1433462400000,
        "discovery_doy": 156,
        "discovery_time": "1255",
        "nwcg_cause_classification": "Natural",
        "nwcg_general_cause": "Natural",
        "nwcg_cause_age_category": null,
        "cont_date": 1433462400000,
        "cont_doy": 156,
        "cont_time": "1820",
        "fire_size": 0.1,
        "fire_size_class": "A",
        "latitude": 37.1944,
        "longitude": -112.0439,
        "owner_descr": "BLM",
        "state": "UT",
        "county": "Kane",
        "fips_code": "49025",
        "fips_name": "Kane County",
        "globalid": "{DE0931D0-9204-4E77-B80D-F47F6CBFD246}"
      }
    },
    {
      "type": "Feature",
      "id": 1801848,
      "geometry": {
        "type": "Point",
        "coordinates": [
          -111.93611131405903,
          37.11830560401395
        ]
      },
      "properties": {
        "objectid": 1801848,
        "fod_id": 300216429,
        "fpa_id": "W-679715",
        "source_system_type": "FED",
        "source_system": "DOI-WFMI",
        "nwcg_reporting_agency": "BLM",
        "nwcg_reporting_unit_id": "USUTCCD",
        "nwcg_reporting_unit_name": "Cedar City Field Office",
        "source_reporting_unit": "UTCCD",
        "source_reporting_unit_name": "Cedar City Field Office",
        "local_fire_report_id": null,
        "local_incident_id": null,
        "fire_code": "JS4A",
        "fire_name": "CHASE",
        "ics_209_plus_incident_join_id": null,
        "ics_209_plus_complex_join_id": null,
        "mtbs_id": null,
        "mtbs_fire_name": null,
        "complex_name": null,
        "fire_year": 2015,
        "discovery_date": 1434499200000,
        "discovery_doy": 168,
        "discovery_time": "1546",
        "nwcg_cause_classification": "Human",
        "nwcg_general_cause": "Equipment and vehicle use",
        "nwcg_cause_age_category": null,
        "cont_date": 1434499200000,
        "cont_doy": 168,
        "cont_time": "1830",
        "fire_size": 0.1,
        "fire_size_class": "A",
        "latitude": 37.1183,
        "longitude": -111.9361,
        "owner_descr": "BLM",
        "state": "UT",
        "county": "Kane",
        "fips_code": "49025",
        "fips_name": "Kane County",
        "globalid": "{B1ABF6A2-50BE-4B0F-880C-E851A0912CCD}"
      }
    },
    {
      "type": "Feature",
      "id": 1801852,
      "geometry": {
        "type": "Point",
        "coordinates": [
          -111.89361130440179,
          37.10640560531752
        ]
      },
      "properties": {
        "objectid": 1801852,
        "fod_id": 300216436,
        "fpa_id": "W-681425",
        "source_system_type": "FED",
        "source_system": "DOI-WFMI",
        "nwcg_reporting_agency": "BLM",
        "nwcg_reporting_unit_id": "USUTCCD",
        "nwcg_reporting_unit_name": "Cedar City Field Office",
        "source_reporting_unit": "UTCCD",
        "source_reporting_unit_name": "Cedar City Field Office",
        "local_fire_report_id": null,
        "local_incident_id": null,
        "fire_code": "JTZ4",
        "fire_name": "SLEEPER",
        "ics_209_plus_incident_join_id": null,
        "ics_209_plus_complex_join_id": null,
        "mtbs_id": null,
        "mtbs_fire_name": null,
        "complex_name": null,
        "fire_year": 2015,
        "discovery_date": 1434499200000,
        "discovery_doy": 168,
        "discovery_time": "1559",
        "nwcg_cause_classification": "Human",
        "nwcg_general_cause": "Equipment and vehicle use",
        "nwcg_cause_age_category": null,
        "cont_date": 1434931200000,
        "cont_doy": 173,
        "cont_time": "1500",
        "fire_size": 0.3,
        "fire_size_class": "B",
        "latitude": 37.1064,
        "longitude": -111.8936,
        "owner_descr": "BLM",
        "state": "UT",
        "county": "Kane",
        "fips_code": "49025",
        "fips_name": "Kane County",
        "globalid": "{BB171774-DF5D-4D84-B08C-70E409916C8D}"
      }
    },
    {
      "type": "Feature",
      "id": 1801871,
      "geometry": {
        "type": "Point",
        "coordinates": [
          -112.14421135622077,
          37.12750559149543
        ]
      },
      "properties": {
        "objectid": 1801871,
        "fod_id": 300216458,
        "fpa_id": "W-681468",
        "source_system_type": "FED",
        "source_system": "DOI-WFMI",
        "nwcg_reporting_agency": "BLM",
        "nwcg_reporting_unit_id": "USUTCCD",
        "nwcg_reporting_unit_name": "Cedar City Field Office",
        "source_reporting_unit": "UTCCD",
        "source_reporting_unit_name": "Cedar City Field Office",
        "local_fire_report_id": null,
        "local_incident_id": null,
        "fire_code": "JW2W",
        "fire_name": "TELEGRAPH FLAT",
        "ics_209_plus_incident_join_id": null,
        "ics_209_plus_complex_join_id": null,
        "mtbs_id": null,
        "mtbs_fire_name": null,
        "complex_name": null,
        "fire_year": 2015,
        "discovery_date": 1436140800000,
        "discovery_doy": 187,
        "discovery_time": "1656",
        "nwcg_cause_classification": "Natural",
        "nwcg_general_cause": "Natural",
        "nwcg_cause_age_category": null,
        "cont_date": 1436140800000,
        "cont_doy": 187,
        "cont_time": "2000",
        "fire_size": 0.1,
        "fire_size_class": "A",
        "latitude": 37.1275,
        "longitude": -112.1442,
        "owner_descr": "BLM",
        "state": "UT",
        "county": "Kane",
        "fips_code": "49025",
        "fips_name": "Kane County",
        "globalid": "{9909C3C6-2031-40FA-9A3D-17AADFA6DDBE}"
      }
    },
    {
      "type": "Feature",
      "id": 1801885,
      "geometry": {
        "type": "Point",
        "coordinates": [
          -112.14361135320492,
          37.09920558803487
        ]
      },
      "properties": {
        "objectid": 1801885,
        "fod_id": 300216472,
        "fpa_id": "W-681500",
        "source_system_type": "FED",
        "source_system": "DOI-WFMI",
        "nwcg_reporting_agency": "BLM",
        "nwcg_reporting_unit_id": "USUTCCD",
        "nwcg_reporting_unit_name": "Cedar City Field Office",
        "source_reporting_unit": "UTCCD",
        "source_reporting_unit_name": "Cedar City Field Office",
        "local_fire_report_id": null,
        "local_incident_id": null,
        "fire_code": "JXB9",
        "fire_name": "EAGLE",
        "ics_209_plus_incident_join_id": null,
        "ics_209_plus_complex_join_id": null,
        "mtbs_id": null,
        "mtbs_fire_name": null,
        "complex_name": null,
        "fire_year": 2015,
        "discovery_date": 1436313600000,
        "discovery_doy": 189,
        "discovery_time": "1154",
        "nwcg_cause_classification": "Natural",
        "nwcg_general_cause": "Natural",
        "nwcg_cause_age_category": null,
        "cont_date": 1436745600000,
        "cont_doy": 194,
        "cont_time": "0900",
        "fire_size": 0.1,
        "fire_size_class": "A",
        "latitude": 37.0992,
        "longitude": -112.1436,
        "owner_descr": "BLM",
        "state": "UT",
        "county": "Kane",
        "fips_code": "49025",
        "fips_name": "Kane County",
        "globalid": "{C123AD0F-E2C6-41BC-A82C-EE73D2009FA6}"
      }
    },
    {
      "type": "Feature",
      "id": 1801888,
      "geometry": {
        "type": "Point",
        "coordinates": [
          -112.13641134879981,
          37.07000558489231
        ]
      },
      "properties": {
        "objectid": 1801888,
        "fod_id": 300216475,
        "fpa_id": "W-681497",
        "source_system_type": "FED",
        "source_system": "DOI-WFMI",
        "nwcg_reporting_agency": "BLM",
        "nwcg_reporting_unit_id": "USUTCCD",
        "nwcg_reporting_unit_name": "Cedar City Field Office",
        "source_reporting_unit": "UTCCD",
        "source_reporting_unit_name": "Cedar City Field Office",
        "local_fire_report_id": null,
        "local_incident_id": null,
        "fire_code": "JXC5",
        "fire_name": "JEPSON",
        "ics_209_plus_incident_join_id": null,
        "ics_209_plus_complex_join_id": null,
        "mtbs_id": null,
        "mtbs_fire_name": null,
        "complex_name": null,
        "fire_year": 2015,
        "discovery_date": 1436313600000,
        "discovery_doy": 189,
        "discovery_time": "1614",
        "nwcg_cause_classification": "Natural",
        "nwcg_general_cause": "Natural",
        "nwcg_cause_age_category": null,
        "cont_date": 1436918400000,
        "cont_doy": 196,
        "cont_time": "2100",
        "fire_size": 0.1,
        "fire_size_class": "A",
        "latitude": 37.07,
        "longitude": -112.1364,
        "owner_descr": "BLM",
        "state": "UT",
        "county": "Kane",
        "fips_code": "49025",
        "fips_name": "Kane County",
        "globalid": "{0136A61D-999D-4DB1-B1D0-501E857F6703}"
      }
    },
    {
      "type": "Feature",
      "id": 1801891,
      "geometry": {
        "type": "Point",
        "coordinates": [
          -112.13781135126143,
          37.09140558745013
        ]
      },
      "properties": {
        "objectid": 1801891,
        "fod_id": 300216478,
        "fpa_id": "W-681489",
        "source_system_type": "FED",
        "source_system": "DOI-WFMI",
        "nwcg_reporting_agency": "BLM",
        "nwcg_reporting_unit_id": "USUTCCD",
        "nwcg_reporting_unit_name": "Cedar City Field Office",
        "source_reporting_unit": "UTCCD",
        "source_reporting_unit_name": "Cedar City Field Office",
        "local_fire_report_id": null,
        "local_incident_id": null,
        "fire_code": "JXC9",
        "fire_name": "720",
        "ics_209_plus_incident_join_id": null,
        "ics_209_plus_complex_join_id": null,
        "mtbs_id": null,
        "mtbs_fire_name": null,
        "complex_name": null,
        "fire_year": 2015,
        "discovery_date": 1436313600000,
        "discovery_doy": 189,
        "discovery_time": "1951",
        "nwcg_cause_classification": "Natural",
        "nwcg_general_cause": "Natural",
        "nwcg_cause_age_category": null,
        "cont_date": 1436313600000,
        "cont_doy": 189,
        "cont_time": "2100",
        "fire_size": 0.1,
        "fire_size_class": "A",
        "latitude": 37.0914,
        "longitude": -112.1378,
        "owner_descr": "BLM",
        "state": "UT",
        "county": "Kane",
        "fips_code": "49025",
        "fips_name": "Kane County",
        "globalid": "{40AC5352-1160-406D-AF7E-64BFD8A2492C}"
      }
    },
    {
      "type": "Feature",
      "id": 1905766,
      "geometry": {
        "type": "Point",
        "coordinates": [
          -112.14971135074416,
          37.06330558319148
        ]
      },
      "properties": {
        "objectid": 1905766,
        "fod_id": 400028415,
        "fpa_id": "W-695164",
        "source_system_type": "FED",
        "source_system": "DOI-WFMI",
        "nwcg_reporting_agency": "BLM",
        "nwcg_reporting_unit_id": "USUTCCD",
        "nwcg_reporting_unit_name": "Cedar City Field Office",
        "source_reporting_unit": "UTCCD",
        "source_reporting_unit_name": "Cedar City Field Office",
        "local_fire_report_id": "450",
        "local_incident_id": null,
        "fire_code": "KHS5",
        "fire_name": "BUCKSKIN",
        "ics_209_plus_incident_join_id": null,
        "ics_209_plus_complex_join_id": null,
        "mtbs_id": null,
        "mtbs_fire_name": null,
        "complex_name": null,
        "fire_year": 2016,
        "discovery_date": 1469232000000,
        "discovery_doy": 205,
        "discovery_time": "1456",
        "nwcg_cause_classification": "Natural",
        "nwcg_general_cause": "Natural",
        "nwcg_cause_age_category": null,
        "cont_date": 1469232000000,
        "cont_doy": 205,
        "cont_time": "2100",
        "fire_size": 0.1,
        "fire_size_class": "A",
        "latitude": 37.0633,
        "longitude": -112.1497,
        "owner_descr": "BLM",
        "state": "UT",
        "county": "Kane",
        "fips_code": "49025",
        "fips_name": "Kane County",
        "globalid": "{FECB5DA8-81FD-4904-8D35-051AAF436DB9}"
      }
    },
    {
      "type": "Feature",
      "id": 1905800,
      "geometry": {
        "type": "Point",
        "coordinates": [
          -112.1389113499775,
          37.07670558555823
        ]
      },
      "properties": {
        "objectid": 1905800,
        "fod_id": 400028450,
        "fpa_id": "W-698635",
        "source_system_type": "FED",
        "source_system": "DOI-WFMI",
        "nwcg_reporting_agency": "BLM",
        "nwcg_reporting_unit_id": "USUTCCD",
        "nwcg_reporting_unit_name": "Cedar City Field Office",
        "source_reporting_unit": "UTCCD",
        "source_reporting_unit_name": "Cedar City Field Office",
        "local_fire_report_id": "593",
        "local_incident_id": null,
        "fire_code": "KLV0",
        "fire_name": "WESTERN",
        "ics_209_plus_incident_join_id": null,
        "ics_209_plus_complex_join_id": null,
        "mtbs_id": null,
        "mtbs_fire_name": null,
        "complex_name": null,
        "fire_year": 2016,
        "discovery_date": 1470787200000,
        "discovery_doy": 223,
        "discovery_time": "1501",
        "nwcg_cause_classification": "Natural",
        "nwcg_general_cause": "Natural",
        "nwcg_cause_age_category": null,
        "cont_date": 1470787200000,
        "cont_doy": 223,
        "cont_time": "2010",
        "fire_size": 0.1,
        "fire_size_class": "A",
        "latitude": 37.0767,
        "longitude": -112.1389,
        "owner_descr": "BLM",
        "state": "UT",
        "county": "Kane",
        "fips_code": "49025",
        "fips_name": "Kane County",
        "globalid": "{05E8EF64-CD8E-4631-9862-E409D95A9F97}"
      }
    },
    {
      "type": "Feature",
      "id": 1905852,
      "geometry": {
        "type": "Point",
        "coordinates": [
          -112.07421134385241,
          37.14190559787744
        ]
      },
      "properties": {
        "objectid": 1905852,
        "fod_id": 400028510,
        "fpa_id": "W-705148",
        "source_system_type": "FED",
        "source_system": "DOI-WFMI",
        "nwcg_reporting_agency": "BLM",
        "nwcg_reporting_unit_id": "USUTCCD",
        "nwcg_reporting_unit_name": "Cedar City Field Office",
        "source_reporting_unit": "UTCCD",
        "source_reporting_unit_name": "Cedar City Field Office",
        "local_fire_report_id": "220",
        "local_incident_id": null,
        "fire_code": "K2DZ",
        "fire_name": "MM 35 HWY 89",
        "ics_209_plus_incident_join_id": null,
        "ics_209_plus_complex_join_id": null,
        "mtbs_id": null,
        "mtbs_fire_name": null,
        "complex_name": null,
        "fire_year": 2017,
        "discovery_date": 1497744000000,
        "discovery_doy": 169,
        "discovery_time": "1343",
        "nwcg_cause_classification": "Human",
        "nwcg_general_cause": "Equipment and vehicle use",
        "nwcg_cause_age_category": null,
        "cont_date": 1497744000000,
        "cont_doy": 169,
        "cont_time": "1530",
        "fire_size": 0.5,
        "fire_size_class": "B",
        "latitude": 37.1419,
        "longitude": -112.0742,
        "owner_descr": "BLM",
        "state": "UT",
        "county": "Kane",
        "fips_code": "49025",
        "fips_name": "Kane County",
        "globalid": "{53E86F5F-3E44-4973-B3E2-C648D7A11E82}"
      }
    },
    {
      "type": "Feature",
      "id": 1905867,
      "geometry": {
        "type": "Point",
        "coordinates": [
          -112.09971134137139,
          37.06830558708518
        ]
      },
      "properties": {
        "objectid": 1905867,
        "fod_id": 400028526,
        "fpa_id": "W-708712",
        "source_system_type": "FED",
        "source_system": "DOI-WFMI",
        "nwcg_reporting_agency": "BLM",
        "nwcg_reporting_unit_id": "USUTCCD",
        "nwcg_reporting_unit_name": "Cedar City Field Office",
        "source_reporting_unit": "UTCCD",
        "source_reporting_unit_name": "Cedar City Field Office",
        "local_fire_report_id": "369",
        "local_incident_id": null,
        "fire_code": "K4SJ",
        "fire_name": "BUCKSKIN",
        "ics_209_plus_incident_join_id": null,
        "ics_209_plus_complex_join_id": null,
        "mtbs_id": null,
        "mtbs_fire_name": null,
        "complex_name": null,
        "fire_year": 2017,
        "discovery_date": 1499385600000,
        "discovery_doy": 188,
        "discovery_time": "1622",
        "nwcg_cause_classification": "Natural",
        "nwcg_general_cause": "Natural",
        "nwcg_cause_age_category": null,
        "cont_date": 1499817600000,
        "cont_doy": 193,
        "cont_time": "1657",
        "fire_size": 1,
        "fire_size_class": "B",
        "latitude": 37.0683,
        "longitude": -112.0997,
        "owner_descr": "BLM",
        "state": "UT",
        "county": "Kane",
        "fips_code": "49025",
        "fips_name": "Kane County",
        "globalid": "{B7894385-964A-4F8C-A335-4B046257911B}"
      }
    },
    {
      "type": "Feature",
      "id": 1905901,
      "geometry": {
        "type": "Point",
        "coordinates": [
          -111.9997113324594,
          37.174705606840654
        ]
      },
      "properties": {
        "objectid": 1905901,
        "fod_id": 400028561,
        "fpa_id": "W-707998",
        "source_system_type": "FED",
        "source_system": "DOI-WFMI",
        "nwcg_reporting_agency": "BLM",
        "nwcg_reporting_unit_id": "USUTCCD",
        "nwcg_reporting_unit_name": "Cedar City Field Office",
        "source_reporting_unit": "UTCCD",
        "source_reporting_unit_name": "Cedar City Field Office",
        "local_fire_report_id": "527",
        "local_incident_id": null,
        "fire_code": "K8F2",
        "fire_name": "FIVEMILE",
        "ics_209_plus_incident_join_id": null,
        "ics_209_plus_complex_join_id": null,
        "mtbs_id": null,
        "mtbs_fire_name": null,
        "complex_name": null,
        "fire_year": 2017,
        "discovery_date": 1501286400000,
        "discovery_doy": 210,
        "discovery_time": "1403",
        "nwcg_cause_classification": "Natural",
        "nwcg_general_cause": "Natural",
        "nwcg_cause_age_category": null,
        "cont_date": 1501286400000,
        "cont_doy": 210,
        "cont_time": "1800",
        "fire_size": 0.1,
        "fire_size_class": "A",
        "latitude": 37.1747,
        "longitude": -111.9997,
        "owner_descr": "BLM",
        "state": "UT",
        "county": "Kane",
        "fips_code": "49025",
        "fips_name": "Kane County",
        "globalid": "{15BA212E-017C-4D7A-940E-6A0FB7E9603D}"
      }
    },
    {
      "type": "Feature",
      "id": 1905908,
      "geometry": {
        "type": "Point",
        "coordinates": [
          -112.14971136648379,
          37.21670560214548
        ]
      },
      "properties": {
        "objectid": 1905908,
        "fod_id": 400028568,
        "fpa_id": "W-709733",
        "source_system_type": "FED",
        "source_system": "DOI-WFMI",
        "nwcg_reporting_agency": "BLM",
        "nwcg_reporting_unit_id": "USUTCCD",
        "nwcg_reporting_unit_name": "Cedar City Field Office",
        "source_reporting_unit": "UTCCD",
        "source_reporting_unit_name": "Cedar City Field Office",
        "local_fire_report_id": "596",
        "local_incident_id": null,
        "fire_code": "K9PW",
        "fire_name": "KITCHEN",
        "ics_209_plus_incident_join_id": null,
        "ics_209_plus_complex_join_id": null,
        "mtbs_id": null,
        "mtbs_fire_name": null,
        "complex_name": null,
        "fire_year": 2017,
        "discovery_date": 1502668800000,
        "discovery_doy": 226,
        "discovery_time": "1352",
        "nwcg_cause_classification": "Natural",
        "nwcg_general_cause": "Natural",
        "nwcg_cause_age_category": null,
        "cont_date": 1502755200000,
        "cont_doy": 227,
        "cont_time": "1719",
        "fire_size": 0.3,
        "fire_size_class": "B",
        "latitude": 37.2167,
        "longitude": -112.1497,
        "owner_descr": "BLM",
        "state": "UT",
        "county": "Kane",
        "fips_code": "49025",
        "fips_name": "Kane County",
        "globalid": "{2A1279F3-06B9-48A9-AC9A-1F34E64420A0}"
      }
    },
    {
      "type": "Feature",
      "id": 1905946,
      "geometry": {
        "type": "Point",
        "coordinates": [
          -112.13641134978974,
          37.07970558609352
        ]
      },
      "properties": {
        "objectid": 1905946,
        "fod_id": 400028608,
        "fpa_id": "W-709964",
        "source_system_type": "FED",
        "source_system": "DOI-WFMI",
        "nwcg_reporting_agency": "BLM",
        "nwcg_reporting_unit_id": "USUTCCD",
        "nwcg_reporting_unit_name": "Cedar City Field Office",
        "source_reporting_unit": "UTCCD",
        "source_reporting_unit_name": "Cedar City Field Office",
        "local_fire_report_id": "722",
        "local_incident_id": null,
        "fire_code": "LC6W",
        "fire_name": "JAPSON",
        "ics_209_plus_incident_join_id": null,
        "ics_209_plus_complex_join_id": null,
        "mtbs_id": null,
        "mtbs_fire_name": null,
        "complex_name": null,
        "fire_year": 2017,
        "discovery_date": 1505347200000,
        "discovery_doy": 257,
        "discovery_time": "1156",
        "nwcg_cause_classification": "Natural",
        "nwcg_general_cause": "Natural",
        "nwcg_cause_age_category": null,
        "cont_date": 1505433600000,
        "cont_doy": 258,
        "cont_time": "1630",
        "fire_size": 0.1,
        "fire_size_class": "A",
        "latitude": 37.0797,
        "longitude": -112.1364,
        "owner_descr": "BLM",
        "state": "UT",
        "county": "Kane",
        "fips_code": "49025",
        "fips_name": "Kane County",
        "globalid": "{FD01FE8B-C333-4F6E-B3BF-7E0E5B7182FF}"
      }
    },
    {
      "type": "Feature",
      "id": 2057057,
      "geometry": {
        "type": "Point",
        "coordinates": [
          -112.14031134953981,
          37.06970558459971
        ]
      },
      "properties": {
        "objectid": 2057057,
        "fod_id": 400312798,
        "fpa_id": "W-721113",
        "source_system_type": "FED",
        "source_system": "DOI-WFMI",
        "nwcg_reporting_agency": "BLM",
        "nwcg_reporting_unit_id": "USUTCCD",
        "nwcg_reporting_unit_name": "Cedar City Field Office",
        "source_reporting_unit": "UTCCD",
        "source_reporting_unit_name": "Cedar City Field Office",
        "local_fire_report_id": "320",
        "local_incident_id": null,
        "fire_code": "LY6C",
        "fire_name": "EAGLE SINK",
        "ics_209_plus_incident_join_id": null,
        "ics_209_plus_complex_join_id": null,
        "mtbs_id": null,
        "mtbs_fire_name": null,
        "complex_name": null,
        "fire_year": 2018,
        "discovery_date": 1530921600000,
        "discovery_doy": 188,
        "discovery_time": "1933",
        "nwcg_cause_classification": "Natural",
        "nwcg_general_cause": "Natural",
        "nwcg_cause_age_category": null,
        "cont_date": 1530921600000,
        "cont_doy": 188,
        "cont_time": "2230",
        "fire_size": 0.1,
        "fire_size_class": "A",
        "latitude": 37.0697,
        "longitude": -112.1403,
        "owner_descr": "BLM",
        "state": "UT",
        "county": "Kane",
        "fips_code": "49025",
        "fips_name": "Kane County",
        "globalid": "{19980784-B624-469F-8A95-33DBAA169254}"
      }
    },
    {
      "type": "Feature",
      "id": 2057059,
      "geometry": {
        "type": "Point",
        "coordinates": [
          -112.16171135258413,
          37.05810558176186
        ]
      },
      "properties": {
        "objectid": 2057059,
        "fod_id": 400312800,
        "fpa_id": "W-721464",
        "source_system_type": "FED",
        "source_system": "DOI-WFMI",
        "nwcg_reporting_agency": "BLM",
        "nwcg_reporting_unit_id": "USUTCCD",
        "nwcg_reporting_unit_name": "Cedar City Field Office",
        "source_reporting_unit": "UTCCD",
        "source_reporting_unit_name": "Cedar City Field Office",
        "local_fire_report_id": "325",
        "local_incident_id": null,
        "fire_code": "LY73",
        "fire_name": "BUCKSKIN",
        "ics_209_plus_incident_join_id": null,
        "ics_209_plus_complex_join_id": null,
        "mtbs_id": null,
        "mtbs_fire_name": null,
        "complex_name": null,
        "fire_year": 2018,
        "discovery_date": 1531008000000,
        "discovery_doy": 189,
        "discovery_time": "1519",
        "nwcg_cause_classification": "Natural",
        "nwcg_general_cause": "Natural",
        "nwcg_cause_age_category": null,
        "cont_date": 1531008000000,
        "cont_doy": 189,
        "cont_time": "1640",
        "fire_size": 0.1,
        "fire_size_class": "A",
        "latitude": 37.0581,
        "longitude": -112.1617,
        "owner_descr": "BLM",
        "state": "UT",
        "county": "Kane",
        "fips_code": "49025",
        "fips_name": "Kane County",
        "globalid": "{A7FC3B7E-74CD-4EF7-8E3D-FAB02F5E8A99}"
      }
    },
    {
      "type": "Feature",
      "id": 2057111,
      "geometry": {
        "type": "Point",
        "coordinates": [
          -112.11671134751991,
          37.09560558935385
        ]
      },
      "properties": {
        "objectid": 2057111,
        "fod_id": 400312854,
        "fpa_id": "W-721570",
        "source_system_type": "FED",
        "source_system": "DOI-WFMI",
        "nwcg_reporting_agency": "BLM",
        "nwcg_reporting_unit_id": "USUTCCD",
        "nwcg_reporting_unit_name": "Cedar City Field Office",
        "source_reporting_unit": "UTCCD",
        "source_reporting_unit_name": "Cedar City Field Office",
        "local_fire_report_id": "530",
        "local_incident_id": null,
        "fire_code": "L1SD",
        "fire_name": "BUCKSKIN NORTH",
        "ics_209_plus_incident_join_id": null,
        "ics_209_plus_complex_join_id": null,
        "mtbs_id": null,
        "mtbs_fire_name": null,
        "complex_name": null,
        "fire_year": 2018,
        "discovery_date": 1532563200000,
        "discovery_doy": 207,
        "discovery_time": "1412",
        "nwcg_cause_classification": "Natural",
        "nwcg_general_cause": "Natural",
        "nwcg_cause_age_category": null,
        "cont_date": 1532563200000,
        "cont_doy": 207,
        "cont_time": "1730",
        "fire_size": 0.1,
        "fire_size_class": "A",
        "latitude": 37.0956,
        "longitude": -112.1167,
        "owner_descr": "BLM",
        "state": "UT",
        "county": "Kane",
        "fips_code": "49025",
        "fips_name": "Kane County",
        "globalid": "{4DE6BA69-E2D2-4EB1-BC63-7DB479FD0E7E}"
      }
    },
    {
      "type": "Feature",
      "id": 2057112,
      "geometry": {
        "type": "Point",
        "coordinates": [
          -112.08531134130949,
          37.09560559141293
        ]
      },
      "properties": {
        "objectid": 2057112,
        "fod_id": 400312855,
        "fpa_id": "W-722840",
        "source_system_type": "FED",
        "source_system": "DOI-WFMI",
        "nwcg_reporting_agency": "BLM",
        "nwcg_reporting_unit_id": "USUTCCD",
        "nwcg_reporting_unit_name": "Cedar City Field Office",
        "source_reporting_unit": "UTCCD",
        "source_reporting_unit_name": "Cedar City Field Office",
        "local_fire_report_id": "532",
        "local_incident_id": null,
        "fire_code": "L1T0",
        "fire_name": "MUSTANG",
        "ics_209_plus_incident_join_id": null,
        "ics_209_plus_complex_join_id": null,
        "mtbs_id": null,
        "mtbs_fire_name": null,
        "complex_name": null,
        "fire_year": 2018,
        "discovery_date": 1532563200000,
        "discovery_doy": 207,
        "discovery_time": "1544",
        "nwcg_cause_classification": "Natural",
        "nwcg_general_cause": "Natural",
        "nwcg_cause_age_category": null,
        "cont_date": 1532563200000,
        "cont_doy": 207,
        "cont_time": "2102",
        "fire_size": 0.1,
        "fire_size_class": "A",
        "latitude": 37.0956,
        "longitude": -112.0853,
        "owner_descr": "BLM",
        "state": "UT",
        "county": "Kane",
        "fips_code": "49025",
        "fips_name": "Kane County",
        "globalid": "{F10CC5FA-B64A-45DB-9896-673F262C6AD6}"
      }
    },
    {
      "type": "Feature",
      "id": 2057113,
      "geometry": {
        "type": "Point",
        "coordinates": [
          -112.11251134404519,
          37.06970558642053
        ]
      },
      "properties": {
        "objectid": 2057113,
        "fod_id": 400312856,
        "fpa_id": "W-722118",
        "source_system_type": "FED",
        "source_system": "DOI-WFMI",
        "nwcg_reporting_agency": "BLM",
        "nwcg_reporting_unit_id": "USUTCCD",
        "nwcg_reporting_unit_name": "Cedar City Field Office",
        "source_reporting_unit": "UTCCD",
        "source_reporting_unit_name": "Cedar City Field Office",
        "local_fire_report_id": "533",
        "local_incident_id": null,
        "fire_code": "L1T1",
        "fire_name": "JEPSON",
        "ics_209_plus_incident_join_id": null,
        "ics_209_plus_complex_join_id": null,
        "mtbs_id": null,
        "mtbs_fire_name": null,
        "complex_name": null,
        "fire_year": 2018,
        "discovery_date": 1532563200000,
        "discovery_doy": 207,
        "discovery_time": "1545",
        "nwcg_cause_classification": "Natural",
        "nwcg_general_cause": "Natural",
        "nwcg_cause_age_category": null,
        "cont_date": 1532563200000,
        "cont_doy": 207,
        "cont_time": "2103",
        "fire_size": 0.1,
        "fire_size_class": "A",
        "latitude": 37.0697,
        "longitude": -112.1125,
        "owner_descr": "BLM",
        "state": "UT",
        "county": "Kane",
        "fips_code": "49025",
        "fips_name": "Kane County",
        "globalid": "{6BB58DB2-72C3-40A2-9883-A85BE33BD605}"
      }
    },
    {
      "type": "Feature",
      "id": 2057119,
      "geometry": {
        "type": "Point",
        "coordinates": [
          -112.11221134407766,
          37.07060558655172
        ]
      },
      "properties": {
        "objectid": 2057119,
        "fod_id": 400312864,
        "fpa_id": "W-722117",
        "source_system_type": "FED",
        "source_system": "DOI-WFMI",
        "nwcg_reporting_agency": "BLM",
        "nwcg_reporting_unit_id": "USUTCCD",
        "nwcg_reporting_unit_name": "Cedar City Field Office",
        "source_reporting_unit": "UTCCD",
        "source_reporting_unit_name": "Cedar City Field Office",
        "local_fire_report_id": "548",
        "local_incident_id": null,
        "fire_code": "L1WE",
        "fire_name": "BUCKSKIN VAPER",
        "ics_209_plus_incident_join_id": null,
        "ics_209_plus_complex_join_id": null,
        "mtbs_id": null,
        "mtbs_fire_name": null,
        "complex_name": null,
        "fire_year": 2018,
        "discovery_date": 1532649600000,
        "discovery_doy": 208,
        "discovery_time": "1553",
        "nwcg_cause_classification": "Natural",
        "nwcg_general_cause": "Natural",
        "nwcg_cause_age_category": null,
        "cont_date": 1532649600000,
        "cont_doy": 208,
        "cont_time": "1700",
        "fire_size": 0.1,
        "fire_size_class": "A",
        "latitude": 37.0706,
        "longitude": -112.1122,
        "owner_descr": "BLM",
        "state": "UT",
        "county": "Kane",
        "fips_code": "49025",
        "fips_name": "Kane County",
        "globalid": "{AB9C3FEF-1548-4090-921A-0177415FC938}"
      }
    },
    {
      "type": "Feature",
      "id": 2057158,
      "geometry": {
        "type": "Point",
        "coordinates": [
          -112.02081133590279,
          37.16750560456
        ]
      },
      "properties": {
        "objectid": 2057158,
        "fod_id": 400312908,
        "fpa_id": "W-723935",
        "source_system_type": "FED",
        "source_system": "DOI-WFMI",
        "nwcg_reporting_agency": "BLM",
        "nwcg_reporting_unit_id": "USUTCCD",
        "nwcg_reporting_unit_name": "Cedar City Field Office",
        "source_reporting_unit": "UTCCD",
        "source_reporting_unit_name": "Cedar City Field Office",
        "local_fire_report_id": "685",
        "local_incident_id": null,
        "fire_code": "L3V1",
        "fire_name": "FIVE MILE",
        "ics_209_plus_incident_join_id": null,
        "ics_209_plus_complex_join_id": null,
        "mtbs_id": null,
        "mtbs_fire_name": null,
        "complex_name": null,
        "fire_year": 2018,
        "discovery_date": 1534809600000,
        "discovery_doy": 233,
        "discovery_time": "1514",
        "nwcg_cause_classification": "Natural",
        "nwcg_general_cause": "Natural",
        "nwcg_cause_age_category": null,
        "cont_date": 1534809600000,
        "cont_doy": 233,
        "cont_time": "1630",
        "fire_size": 0.1,
        "fire_size_class": "A",
        "latitude": 37.1675,
        "longitude": -112.0208,
        "owner_descr": "BLM",
        "state": "UT",
        "county": "Kane",
        "fips_code": "49025",
        "fips_name": "Kane County",
        "globalid": "{212EF012-5EF3-4F2A-AE93-7FF764B74067}"
      }
    },
    {
      "type": "Feature",
      "id": 2177411,
      "geometry": {
        "type": "Point",
        "coordinates": [
          -112.10171134466614,
          37.09670559047385
        ]
      },
      "properties": {
        "objectid": 2177411,
        "fod_id": 400512073,
        "fpa_id": "W-734440",
        "source_system_type": "FED",
        "source_system": "DOI-WFMI",
        "nwcg_reporting_agency": "BLM",
        "nwcg_reporting_unit_id": "USUTCCD",
        "nwcg_reporting_unit_name": "Cedar City Field Office",
        "source_reporting_unit": "UTCCD",
        "source_reporting_unit_name": "Cedar City Field Office",
        "local_fire_report_id": "418",
        "local_incident_id": null,
        "fire_code": "MH7U",
        "fire_name": "721 STRIKE",
        "ics_209_plus_incident_join_id": null,
        "ics_209_plus_complex_join_id": null,
        "mtbs_id": null,
        "mtbs_fire_name": null,
        "complex_name": null,
        "fire_year": 2019,
        "discovery_date": 1564272000000,
        "discovery_doy": 209,
        "discovery_time": "1238",
        "nwcg_cause_classification": "Natural",
        "nwcg_general_cause": "Natural",
        "nwcg_cause_age_category": null,
        "cont_date": 1564272000000,
        "cont_doy": 209,
        "cont_time": "2100",
        "fire_size": 1.5,
        "fire_size_class": "B",
        "latitude": 37.0967,
        "longitude": -112.1017,
        "owner_descr": "BLM",
        "state": "UT",
        "county": "Kane",
        "fips_code": "49025",
        "fips_name": "Kane County",
        "globalid": "{44C3B84B-009D-4216-956D-61491D9959D7}"
      }
    },
    {
      "type": "Feature",
      "id": 2177419,
      "geometry": {
        "type": "Point",
        "coordinates": [
          -112.0703113430804,
          37.14190559813376
        ]
      },
      "properties": {
        "objectid": 2177419,
        "fod_id": 400512081,
        "fpa_id": "W-734444",
        "source_system_type": "FED",
        "source_system": "DOI-WFMI",
        "nwcg_reporting_agency": "BLM",
        "nwcg_reporting_unit_id": "USUTCCD",
        "nwcg_reporting_unit_name": "Cedar City Field Office",
        "source_reporting_unit": "UTCCD",
        "source_reporting_unit_name": "Cedar City Field Office",
        "local_fire_report_id": "466",
        "local_incident_id": null,
        "fire_code": "MK2J",
        "fire_name": "GULCH",
        "ics_209_plus_incident_join_id": null,
        "ics_209_plus_complex_join_id": null,
        "mtbs_id": null,
        "mtbs_fire_name": null,
        "complex_name": null,
        "fire_year": 2019,
        "discovery_date": 1564963200000,
        "discovery_doy": 217,
        "discovery_time": "1958",
        "nwcg_cause_classification": "Natural",
        "nwcg_general_cause": "Natural",
        "nwcg_cause_age_category": null,
        "cont_date": 1564963200000,
        "cont_doy": 217,
        "cont_time": "2250",
        "fire_size": 0.1,
        "fire_size_class": "A",
        "latitude": 37.1419,
        "longitude": -112.0703,
        "owner_descr": "BLM",
        "state": "UT",
        "county": "Kane",
        "fips_code": "49025",
        "fips_name": "Kane County",
        "globalid": "{97E98DF2-ABEF-4F5D-A7BB-C73905A40FA5}"
      }
    },
    {
      "type": "Feature",
      "id": 2177421,
      "geometry": {
        "type": "Point",
        "coordinates": [
          -112.00081132636316,
          37.11310559912507
        ]
      },
      "properties": {
        "objectid": 2177421,
        "fod_id": 400512083,
        "fpa_id": "W-734447",
        "source_system_type": "FED",
        "source_system": "DOI-WFMI",
        "nwcg_reporting_agency": "BLM",
        "nwcg_reporting_unit_id": "USUTCCD",
        "nwcg_reporting_unit_name": "Cedar City Field Office",
        "source_reporting_unit": "UTCCD",
        "source_reporting_unit_name": "Cedar City Field Office",
        "local_fire_report_id": "469",
        "local_incident_id": null,
        "fire_code": "MK4U",
        "fire_name": "FIVEMILE",
        "ics_209_plus_incident_join_id": null,
        "ics_209_plus_complex_join_id": null,
        "mtbs_id": null,
        "mtbs_fire_name": null,
        "complex_name": null,
        "fire_year": 2019,
        "discovery_date": 1565049600000,
        "discovery_doy": 218,
        "discovery_time": "1229",
        "nwcg_cause_classification": "Natural",
        "nwcg_general_cause": "Natural",
        "nwcg_cause_age_category": null,
        "cont_date": 1565049600000,
        "cont_doy": 218,
        "cont_time": "1500",
        "fire_size": 0.1,
        "fire_size_class": "A",
        "latitude": 37.1131,
        "longitude": -112.0008,
        "owner_descr": "BLM",
        "state": "UT",
        "county": "Kane",
        "fips_code": "49025",
        "fips_name": "Kane County",
        "globalid": "{D1F3416D-C472-4B97-AB25-553995E2E2F6}"
      }
    },
    {
      "type": "Feature",
      "id": 2177462,
      "geometry": {
        "type": "Point",
        "coordinates": [
          -112.03391133490838,
          37.13250559936027
        ]
      },
      "properties": {
        "objectid": 2177462,
        "fod_id": 400512126,
        "fpa_id": "W-734969",
        "source_system_type": "FED",
        "source_system": "DOI-WFMI",
        "nwcg_reporting_agency": "BLM",
        "nwcg_reporting_unit_id": "USUTCCD",
        "nwcg_reporting_unit_name": "Cedar City Field Office",
        "source_reporting_unit": "UTCCD",
        "source_reporting_unit_name": "Cedar City Field Office",
        "local_fire_report_id": "653",
        "local_incident_id": null,
        "fire_code": "MT4M",
        "fire_name": "BUCKSKIN",
        "ics_209_plus_incident_join_id": null,
        "ics_209_plus_complex_join_id": null,
        "mtbs_id": null,
        "mtbs_fire_name": null,
        "complex_name": null,
        "fire_year": 2019,
        "discovery_date": 1569542400000,
        "discovery_doy": 270,
        "discovery_time": "1006",
        "nwcg_cause_classification": "Natural",
        "nwcg_general_cause": "Natural",
        "nwcg_cause_age_category": null,
        "cont_date": 1569542400000,
        "cont_doy": 270,
        "cont_time": "1850",
        "fire_size": 0.1,
        "fire_size_class": "A",
        "latitude": 37.1325,
        "longitude": -112.0339,
        "owner_descr": "BLM",
        "state": "UT",
        "county": "Kane",
        "fips_code": "49025",
        "fips_name": "Kane County",
        "globalid": "{63C451C3-477F-400E-8796-C4526AFCC186}"
      }
    },
    {
      "type": "Feature",
      "id": 2289446,
      "geometry": {
        "type": "Point",
        "coordinates": [
          -112.12892268642821,
          37.06126116429948
        ]
      },
      "properties": {
        "objectid": 2289446,
        "fod_id": 400637126,
        "fpa_id": "IRW-2020-UTCCD-000499",
        "source_system_type": "INTERAGCY",
        "source_system": "IA-IRWIN",
        "nwcg_reporting_agency": "BLM",
        "nwcg_reporting_unit_id": "USUTCCD",
        "nwcg_reporting_unit_name": "Cedar City Field Office",
        "source_reporting_unit": "UTCCD",
        "source_reporting_unit_name": "Cedar City Field Office",
        "local_fire_report_id": null,
        "local_incident_id": "000499",
        "fire_code": "NA3U",
        "fire_name": "EAGLE SINK",
        "ics_209_plus_incident_join_id": null,
        "ics_209_plus_complex_join_id": null,
        "mtbs_id": null,
        "mtbs_fire_name": null,
        "complex_name": null,
        "fire_year": 2020,
        "discovery_date": 1595376000000,
        "discovery_doy": 204,
        "discovery_time": "2134",
        "nwcg_cause_classification": "Natural",
        "nwcg_general_cause": "Natural",
        "nwcg_cause_age_category": null,
        "cont_date": 1595462400000,
        "cont_doy": 205,
        "cont_time": "1710",
        "fire_size": 0.1,
        "fire_size_class": "A",
        "latitude": 37.06125558,
        "longitude": -112.12891134,
        "owner_descr": "BLM",
        "state": "UT",
        "county": "Kane",
        "fips_code": "49025",
        "fips_name": "Kane County",
        "globalid": "{45026121-AAD2-41C6-8A9F-DD4744CFCACD}"
      }
    },
    {
      "type": "Feature",
      "id": 2293914,
      "geometry": {
        "type": "Point",
        "coordinates": [
          -111.96622264580529,
          37.17460120903097
        ]
      },
      "properties": {
        "objectid": 2293914,
        "fod_id": 400642125,
        "fpa_id": "IRW-2020-UTSWS-000497",
        "source_system_type": "INTERAGCY",
        "source_system": "IA-IRWIN",
        "nwcg_reporting_agency": "ST/C&L",
        "nwcg_reporting_unit_id": "USUTSWS",
        "nwcg_reporting_unit_name": "Southwest Area",
        "source_reporting_unit": "UTSWS",
        "source_reporting_unit_name": "Southwest Area",
        "local_fire_report_id": null,
        "local_incident_id": "000497",
        "fire_code": "NA3R",
        "fire_name": "GREEN MINE",
        "ics_209_plus_incident_join_id": null,
        "ics_209_plus_complex_join_id": null,
        "mtbs_id": null,
        "mtbs_fire_name": null,
        "complex_name": null,
        "fire_year": 2020,
        "discovery_date": 1595376000000,
        "discovery_doy": 204,
        "discovery_time": "2034",
        "nwcg_cause_classification": "Natural",
        "nwcg_general_cause": "Natural",
        "nwcg_cause_age_category": null,
        "cont_date": 1595462400000,
        "cont_doy": 205,
        "cont_time": "1820",
        "fire_size": 0.1,
        "fire_size_class": "A",
        "latitude": 37.1745956,
        "longitude": -111.96621132,
        "owner_descr": "PRIVATE",
        "state": "UT",
        "county": "Kane",
        "fips_code": "49025",
        "fips_name": "Kane County",
        "globalid": "{C164B7E5-2C1D-4D1B-BD0D-02B35626F316}"
      }
    },
    {
      "type": "Feature",
      "id": 2293917,
      "geometry": {
        "type": "Point",
        "coordinates": [
          -111.98192264923998,
          37.17771120838386
        ]
      },
      "properties": {
        "objectid": 2293917,
        "fod_id": 400642128,
        "fpa_id": "IRW-2020-UTCCD-000448",
        "source_system_type": "INTERAGCY",
        "source_system": "IA-IRWIN",
        "nwcg_reporting_agency": "BLM",
        "nwcg_reporting_unit_id": "USUTCCD",
        "nwcg_reporting_unit_name": "Cedar City Field Office",
        "source_reporting_unit": "UTCCD",
        "source_reporting_unit_name": "Cedar City Field Office",
        "local_fire_report_id": null,
        "local_incident_id": "000448",
        "fire_code": "M9ZN",
        "fire_name": "SAND GULCH",
        "ics_209_plus_incident_join_id": null,
        "ics_209_plus_complex_join_id": null,
        "mtbs_id": null,
        "mtbs_fire_name": null,
        "complex_name": null,
        "fire_year": 2020,
        "discovery_date": 1594857600000,
        "discovery_doy": 198,
        "discovery_time": "1842",
        "nwcg_cause_classification": "Natural",
        "nwcg_general_cause": "Natural",
        "nwcg_cause_age_category": null,
        "cont_date": 1594857600000,
        "cont_doy": 198,
        "cont_time": "2210",
        "fire_size": 0.1,
        "fire_size_class": "A",
        "latitude": 37.1777056,
        "longitude": -111.98191132,
        "owner_descr": "BLM",
        "state": "UT",
        "county": "Kane",
        "fips_code": "49025",
        "fips_name": "Kane County",
        "globalid": "{05EB89DE-0152-4430-B722-3EDE38138161}"
      }
    },
    {
      "type": "Feature",
      "id": 2293918,
      "geometry": {
        "type": "Point",
        "coordinates": [
          -111.83782258318914,
          37.10523120882406
        ]
      },
      "properties": {
        "objectid": 2293918,
        "fod_id": 400642129,
        "fpa_id": "IRW-2020-UTSWS-000347",
        "source_system_type": "INTERAGCY",
        "source_system": "IA-IRWIN",
        "nwcg_reporting_agency": "ST/C&L",
        "nwcg_reporting_unit_id": "USUTSWS",
        "nwcg_reporting_unit_name": "Southwest Area",
        "source_reporting_unit": "UTSWS",
        "source_reporting_unit_name": "Southwest Area",
        "local_fire_report_id": null,
        "local_incident_id": "000347",
        "fire_code": "M8DB",
        "fire_name": "MM 17 HWY 89",
        "ics_209_plus_incident_join_id": null,
        "ics_209_plus_complex_join_id": null,
        "mtbs_id": null,
        "mtbs_fire_name": null,
        "complex_name": null,
        "fire_year": 2020,
        "discovery_date": 1592956800000,
        "discovery_doy": 176,
        "discovery_time": "0130",
        "nwcg_cause_classification": "Human",
        "nwcg_general_cause": "Missing data/not specified/undetermined",
        "nwcg_cause_age_category": null,
        "cont_date": 1593734400000,
        "cont_doy": 185,
        "cont_time": "1000",
        "fire_size": 0.5,
        "fire_size_class": "B",
        "latitude": 37.105225600000004,
        "longitude": -111.83781129,
        "owner_descr": "STATE",
        "state": "UT",
        "county": "Kane",
        "fips_code": "49025",
        "fips_name": "Kane County",
        "globalid": "{16103985-2095-45D6-8B31-19EED9C9EE92}"
      }
    },
    {
      "type": "Feature",
      "id": 2293930,
      "geometry": {
        "type": "Point",
        "coordinates": [
          -112.15642274246254,
          37.261681207242766
        ]
      },
      "properties": {
        "objectid": 2293930,
        "fod_id": 400642141,
        "fpa_id": "IRW-2020-UTCCD-000535",
        "source_system_type": "INTERAGCY",
        "source_system": "IA-IRWIN",
        "nwcg_reporting_agency": "BLM",
        "nwcg_reporting_unit_id": "USUTCCD",
        "nwcg_reporting_unit_name": "Cedar City Field Office",
        "source_reporting_unit": "UTCCD",
        "source_reporting_unit_name": "Cedar City Field Office",
        "local_fire_report_id": null,
        "local_incident_id": "000535",
        "fire_code": "NBC2",
        "fire_name": "DEER SPRING WASH",
        "ics_209_plus_incident_join_id": null,
        "ics_209_plus_complex_join_id": null,
        "mtbs_id": null,
        "mtbs_fire_name": null,
        "complex_name": null,
        "fire_year": 2020,
        "discovery_date": 1595548800000,
        "discovery_doy": 206,
        "discovery_time": "1719",
        "nwcg_cause_classification": "Natural",
        "nwcg_general_cause": "Natural",
        "nwcg_cause_age_category": null,
        "cont_date": 1595635200000,
        "cont_doy": 207,
        "cont_time": "1916",
        "fire_size": 0.1,
        "fire_size_class": "A",
        "latitude": 37.261675600000004,
        "longitude": -112.15641137,
        "owner_descr": "BLM",
        "state": "UT",
        "county": "Kane",
        "fips_code": "49025",
        "fips_name": "Kane County",
        "globalid": "{4F7C3319-1C57-4EF3-B96B-FEBAF9FB70A8}"
      }
    },
    {
      "type": "Feature",
      "id": 2293937,
      "geometry": {
        "type": "Point",
        "coordinates": [
          -112.03942266480679,
          37.120851187553185
        ]
      },
      "properties": {
        "objectid": 2293937,
        "fod_id": 400642148,
        "fpa_id": "IRW-2020-UTCCD-000912",
        "source_system_type": "INTERAGCY",
        "source_system": "IA-IRWIN",
        "nwcg_reporting_agency": "BLM",
        "nwcg_reporting_unit_id": "USUTCCD",
        "nwcg_reporting_unit_name": "Cedar City Field Office",
        "source_reporting_unit": "UTCCD",
        "source_reporting_unit_name": "Cedar City Field Office",
        "local_fire_report_id": null,
        "local_incident_id": "000912",
        "fire_code": "NN3L",
        "fire_name": "KAIBAB GULCH",
        "ics_209_plus_incident_join_id": null,
        "ics_209_plus_complex_join_id": null,
        "mtbs_id": null,
        "mtbs_fire_name": null,
        "complex_name": null,
        "fire_year": 2020,
        "discovery_date": 1602547200000,
        "discovery_doy": 287,
        "discovery_time": "1911",
        "nwcg_cause_classification": "Human",
        "nwcg_general_cause": "Equipment and vehicle use",
        "nwcg_cause_age_category": null,
        "cont_date": 1602633600000,
        "cont_doy": 288,
        "cont_time": "1700",
        "fire_size": 67,
        "fire_size_class": "C",
        "latitude": 37.12084559,
        "longitude": -112.03941133000001,
        "owner_descr": "BLM",
        "state": "UT",
        "county": "Kane",
        "fips_code": "49025",
        "fips_name": "Kane County",
        "globalid": "{995706FA-3CBF-47BE-9C3C-9AFE6070C749}"
      }
    },
    {
      "type": "Feature",
      "id": 2293938,
      "geometry": {
        "type": "Point",
        "coordinates": [
          -112.07852268500791,
          37.14485118795871
        ]
      },
      "properties": {
        "objectid": 2293938,
        "fod_id": 400642149,
        "fpa_id": "IRW-2020-UTCCD-000496",
        "source_system_type": "INTERAGCY",
        "source_system": "IA-IRWIN",
        "nwcg_reporting_agency": "BLM",
        "nwcg_reporting_unit_id": "USUTCCD",
        "nwcg_reporting_unit_name": "Cedar City Field Office",
        "source_reporting_unit": "UTCCD",
        "source_reporting_unit_name": "Cedar City Field Office",
        "local_fire_report_id": null,
        "local_incident_id": "000496",
        "fire_code": "NA3M",
        "fire_name": "KIMBALL",
        "ics_209_plus_incident_join_id": null,
        "ics_209_plus_complex_join_id": null,
        "mtbs_id": null,
        "mtbs_fire_name": null,
        "complex_name": null,
        "fire_year": 2020,
        "discovery_date": 1595376000000,
        "discovery_doy": 204,
        "discovery_time": "2016",
        "nwcg_cause_classification": "Natural",
        "nwcg_general_cause": "Natural",
        "nwcg_cause_age_category": null,
        "cont_date": 1595635200000,
        "cont_doy": 207,
        "cont_time": "1125",
        "fire_size": 0.1,
        "fire_size_class": "A",
        "latitude": 37.144845589999996,
        "longitude": -112.07851134,
        "owner_descr": "BLM",
        "state": "UT",
        "county": "Kane",
        "fips_code": "49025",
        "fips_name": "Kane County",
        "globalid": "{56A3D924-10BA-4A2D-BB84-E2A139EFF6FB}"
      }
    },
    {
      "type": "Feature",
      "id": 2293942,
      "geometry": {
        "type": "Point",
        "coordinates": [
          -111.99262266221587,
          37.18601120870876
        ]
      },
      "properties": {
        "objectid": 2293942,
        "fod_id": 400642153,
        "fpa_id": "IRW-2020-UTCCD-000203",
        "source_system_type": "INTERAGCY",
        "source_system": "IA-IRWIN",
        "nwcg_reporting_agency": "BLM",
        "nwcg_reporting_unit_id": "USUTCCD",
        "nwcg_reporting_unit_name": "Cedar City Field Office",
        "source_reporting_unit": "UTCCD",
        "source_reporting_unit_name": "Cedar City Field Office",
        "local_fire_report_id": null,
        "local_incident_id": "000203",
        "fire_code": "M5WP",
        "fire_name": "MM 30 HWY 89",
        "ics_209_plus_incident_join_id": null,
        "ics_209_plus_complex_join_id": null,
        "mtbs_id": null,
        "mtbs_fire_name": null,
        "complex_name": null,
        "fire_year": 2020,
        "discovery_date": 1591228800000,
        "discovery_doy": 156,
        "discovery_time": "2030",
        "nwcg_cause_classification": "Human",
        "nwcg_general_cause": "Missing data/not specified/undetermined",
        "nwcg_cause_age_category": null,
        "cont_date": 1591315200000,
        "cont_doy": 157,
        "cont_time": "0130",
        "fire_size": 0.1,
        "fire_size_class": "A",
        "latitude": 37.1860056,
        "longitude": -111.99261133,
        "owner_descr": "BLM",
        "state": "UT",
        "county": "Kane",
        "fips_code": "49025",
        "fips_name": "Kane County",
        "globalid": "{5DB49FC8-F46C-4B8B-B678-4BF55995B287}"
      }
    },
    {
      "type": "Feature",
      "id": 2293943,
      "geometry": {
        "type": "Point",
        "coordinates": [
          -111.99862266318881,
          37.18390120805219
        ]
      },
      "properties": {
        "objectid": 2293943,
        "fod_id": 400642154,
        "fpa_id": "IRW-2020-UTCCD-000900",
        "source_system_type": "INTERAGCY",
        "source_system": "IA-IRWIN",
        "nwcg_reporting_agency": "BLM",
        "nwcg_reporting_unit_id": "USUTCCD",
        "nwcg_reporting_unit_name": "Cedar City Field Office",
        "source_reporting_unit": "UTCCD",
        "source_reporting_unit_name": "Cedar City Field Office",
        "local_fire_report_id": null,
        "local_incident_id": "000900",
        "fire_code": "NNL2",
        "fire_name": "STARLIGHT",
        "ics_209_plus_incident_join_id": null,
        "ics_209_plus_complex_join_id": null,
        "mtbs_id": null,
        "mtbs_fire_name": null,
        "complex_name": null,
        "fire_year": 2020,
        "discovery_date": 1602201600000,
        "discovery_doy": 283,
        "discovery_time": "1117",
        "nwcg_cause_classification": "Human",
        "nwcg_general_cause": "Equipment and vehicle use",
        "nwcg_cause_age_category": null,
        "cont_date": 1602201600000,
        "cont_doy": 283,
        "cont_time": "1530",
        "fire_size": 0.5,
        "fire_size_class": "B",
        "latitude": 37.1838956,
        "longitude": -111.99861133,
        "owner_descr": "BLM",
        "state": "UT",
        "county": "Kane",
        "fips_code": "49025",
        "fips_name": "Kane County",
        "globalid": "{D7696C1F-1211-4CB2-8FBE-8D588D8ACC5D}"
      }
    },
    {
      "type": "Feature",
      "id": 2306837,
      "geometry": {
        "type": "Point",
        "coordinates": [
          -111.98792264140387,
          37.089571187045635
        ]
      },
      "properties": {
        "objectid": 2306837,
        "fod_id": 401006637,
        "fpa_id": "INF-2021-UTCCD-000098",
        "source_system_type": "INTERAGCY",
        "source_system": "IA-INFORM",
        "nwcg_reporting_agency": "BLM",
        "nwcg_reporting_unit_id": "USUTCCD",
        "nwcg_reporting_unit_name": "Cedar City Field Office",
        "source_reporting_unit": "UTCCD",
        "source_reporting_unit_name": "Cedar City Field Office",
        "local_fire_report_id": null,
        "local_incident_id": "000098",
        "fire_code": "NW4R",
        "fire_name": "HOUSE ROCK",
        "ics_209_plus_incident_join_id": null,
        "ics_209_plus_complex_join_id": null,
        "mtbs_id": null,
        "mtbs_fire_name": null,
        "complex_name": null,
        "fire_year": 2021,
        "discovery_date": 1617321600000,
        "discovery_doy": 92,
        "discovery_time": "1038",
        "nwcg_cause_classification": "Human",
        "nwcg_general_cause": "Equipment and vehicle use",
        "nwcg_cause_age_category": null,
        "cont_date": 1617321600000,
        "cont_doy": 92,
        "cont_time": "1424",
        "fire_size": 0.25,
        "fire_size_class": "A",
        "latitude": 37.08956559,
        "longitude": -111.98791132,
        "owner_descr": "BLM",
        "state": "UT",
        "county": "Kane",
        "fips_code": "49025",
        "fips_name": "Kane County",
        "globalid": "{B9052473-0EA5-4A17-8A9B-6ABFD01AE50C}"
      }
    },
    {
      "type": "Feature",
      "id": 2311547,
      "geometry": {
        "type": "Point",
        "coordinates": [
          -112.14502272977045,
          37.257451207476464
        ]
      },
      "properties": {
        "objectid": 2311547,
        "fod_id": 401013784,
        "fpa_id": "INF-2021-UTCCD-000317",
        "source_system_type": "INTERAGCY",
        "source_system": "IA-INFORM",
        "nwcg_reporting_agency": "BLM",
        "nwcg_reporting_unit_id": "USUTCCD",
        "nwcg_reporting_unit_name": "Cedar City Field Office",
        "source_reporting_unit": "UTCCD",
        "source_reporting_unit_name": "Cedar City Field Office",
        "local_fire_report_id": null,
        "local_incident_id": "000317",
        "fire_code": "N27L",
        "fire_name": "DEER SPRINGS",
        "ics_209_plus_incident_join_id": "2021_12890916_DEER SPRINGS",
        "ics_209_plus_complex_join_id": null,
        "mtbs_id": null,
        "mtbs_fire_name": null,
        "complex_name": null,
        "fire_year": 2021,
        "discovery_date": 1623974400000,
        "discovery_doy": 169,
        "discovery_time": "1338",
        "nwcg_cause_classification": "Natural",
        "nwcg_general_cause": "Natural",
        "nwcg_cause_age_category": null,
        "cont_date": 1624406400000,
        "cont_doy": 174,
        "cont_time": "0600",
        "fire_size": 214,
        "fire_size_class": "D",
        "latitude": 37.2574456,
        "longitude": -112.14501136,
        "owner_descr": "BLM",
        "state": "UT",
        "county": "Kane",
        "fips_code": "49025",
        "fips_name": "Kane County",
        "globalid": "{46C2AF1F-540E-4C04-BE16-721DD4E13CBF}"
      }
    },
    {
      "type": "Feature",
      "id": 2311571,
      "geometry": {
        "type": "Point",
        "coordinates": [
          -112.0572226863911,
          37.19933120610226
        ]
      },
      "properties": {
        "objectid": 2311571,
        "fod_id": 401013817,
        "fpa_id": "INF-2021-UTCCD-000316",
        "source_system_type": "INTERAGCY",
        "source_system": "IA-INFORM",
        "nwcg_reporting_agency": "BLM",
        "nwcg_reporting_unit_id": "USUTCCD",
        "nwcg_reporting_unit_name": "Cedar City Field Office",
        "source_reporting_unit": "UTCCD",
        "source_reporting_unit_name": "Cedar City Field Office",
        "local_fire_report_id": null,
        "local_incident_id": "000316",
        "fire_code": "N28F",
        "fire_name": "SAND GULCH",
        "ics_209_plus_incident_join_id": null,
        "ics_209_plus_complex_join_id": null,
        "mtbs_id": null,
        "mtbs_fire_name": null,
        "complex_name": null,
        "fire_year": 2021,
        "discovery_date": 1623974400000,
        "discovery_doy": 169,
        "discovery_time": "1304",
        "nwcg_cause_classification": "Natural",
        "nwcg_general_cause": "Natural",
        "nwcg_cause_age_category": null,
        "cont_date": 1623974400000,
        "cont_doy": 169,
        "cont_time": "1750",
        "fire_size": 0.5,
        "fire_size_class": "B",
        "latitude": 37.1993256,
        "longitude": -112.05721134,
        "owner_descr": "BLM",
        "state": "UT",
        "county": "Kane",
        "fips_code": "49025",
        "fips_name": "Kane County",
        "globalid": "{F57B1314-6A04-45CA-A715-19AF8B9E2C13}"
      }
    },
    {
      "type": "Feature",
      "id": 2312389,
      "geometry": {
        "type": "Point",
        "coordinates": [
          -112.12412270580536,
          37.1621511870988
        ]
      },
      "properties": {
        "objectid": 2312389,
        "fod_id": 401014963,
        "fpa_id": "INF-2021-UTCCD-000354",
        "source_system_type": "INTERAGCY",
        "source_system": "IA-INFORM",
        "nwcg_reporting_agency": "BLM",
        "nwcg_reporting_unit_id": "USUTCCD",
        "nwcg_reporting_unit_name": "Cedar City Field Office",
        "source_reporting_unit": "UTCCD",
        "source_reporting_unit_name": "Cedar City Field Office",
        "local_fire_report_id": null,
        "local_incident_id": "000354",
        "fire_code": "N3VH",
        "fire_name": "FIN LITTLE",
        "ics_209_plus_incident_join_id": null,
        "ics_209_plus_complex_join_id": null,
        "mtbs_id": null,
        "mtbs_fire_name": null,
        "complex_name": null,
        "fire_year": 2021,
        "discovery_date": 1624579200000,
        "discovery_doy": 176,
        "discovery_time": "1301",
        "nwcg_cause_classification": "Natural",
        "nwcg_general_cause": "Natural",
        "nwcg_cause_age_category": null,
        "cont_date": 1624579200000,
        "cont_doy": 176,
        "cont_time": "1615",
        "fire_size": 0.1,
        "fire_size_class": "A",
        "latitude": 37.16214559,
        "longitude": -112.12411134999999,
        "owner_descr": "BLM",
        "state": "UT",
        "county": "Kane",
        "fips_code": "49025",
        "fips_name": "Kane County",
        "globalid": "{CDDE7B43-DBEA-483C-92AA-ACF3E6287445}"
      }
    },
    {
      "type": "Feature",
      "id": 2312585,
      "geometry": {
        "type": "Point",
        "coordinates": [
          -112.01492266575241,
          37.17740120617374
        ]
      },
      "properties": {
        "objectid": 2312585,
        "fod_id": 401015288,
        "fpa_id": "INF-2021-UTCCD-000362",
        "source_system_type": "INTERAGCY",
        "source_system": "IA-INFORM",
        "nwcg_reporting_agency": "BLM",
        "nwcg_reporting_unit_id": "USUTCCD",
        "nwcg_reporting_unit_name": "Cedar City Field Office",
        "source_reporting_unit": "UTCCD",
        "source_reporting_unit_name": "Cedar City Field Office",
        "local_fire_report_id": null,
        "local_incident_id": "000362",
        "fire_code": "N30F",
        "fire_name": "MM 32 HWY 89",
        "ics_209_plus_incident_join_id": null,
        "ics_209_plus_complex_join_id": null,
        "mtbs_id": null,
        "mtbs_fire_name": null,
        "complex_name": null,
        "fire_year": 2021,
        "discovery_date": 1624752000000,
        "discovery_doy": 178,
        "discovery_time": "1620",
        "nwcg_cause_classification": "Human",
        "nwcg_general_cause": "Equipment and vehicle use",
        "nwcg_cause_age_category": null,
        "cont_date": 1624752000000,
        "cont_doy": 178,
        "cont_time": "1834",
        "fire_size": 0.25,
        "fire_size_class": "A",
        "latitude": 37.177395600000004,
        "longitude": -112.01491133,
        "owner_descr": "BLM",
        "state": "UT",
        "county": "Kane",
        "fips_code": "49025",
        "fips_name": "Kane County",
        "globalid": "{06BBCC8B-DEA2-419D-BF42-183A9B93EE0C}"
      }
    },
    {
      "type": "Feature",
      "id": 2315498,
      "geometry": {
        "type": "Point",
        "coordinates": [
          -112.04552266324322,
          37.09374118378995
        ]
      },
      "properties": {
        "objectid": 2315498,
        "fod_id": 401019562,
        "fpa_id": "INF-2021-UTCCD-000505",
        "source_system_type": "INTERAGCY",
        "source_system": "IA-INFORM",
        "nwcg_reporting_agency": "BLM",
        "nwcg_reporting_unit_id": "USUTCCD",
        "nwcg_reporting_unit_name": "Cedar City Field Office",
        "source_reporting_unit": "UTCCD",
        "source_reporting_unit_name": "Cedar City Field Office",
        "local_fire_report_id": null,
        "local_incident_id": "000505",
        "fire_code": "N50X",
        "fire_name": "FIVEMILE",
        "ics_209_plus_incident_join_id": null,
        "ics_209_plus_complex_join_id": null,
        "mtbs_id": null,
        "mtbs_fire_name": null,
        "complex_name": null,
        "fire_year": 2021,
        "discovery_date": 1626307200000,
        "discovery_doy": 196,
        "discovery_time": "1338",
        "nwcg_cause_classification": "Natural",
        "nwcg_general_cause": "Natural",
        "nwcg_cause_age_category": null,
        "cont_date": 1626566400000,
        "cont_doy": 199,
        "cont_time": "1655",
        "fire_size": 113,
        "fire_size_class": "D",
        "latitude": 37.09373559,
        "longitude": -112.04551133000001,
        "owner_descr": "BLM",
        "state": "UT",
        "county": "Kane",
        "fips_code": "49025",
        "fips_name": "Kane County",
        "globalid": "{A307C889-7999-4C03-AAFF-2C1DF7CC81C5}"
      }
    },
    {
      "type": "Feature",
      "id": 2315851,
      "geometry": {
        "type": "Point",
        "coordinates": [
          -111.93172262207851,
          37.107451202951054
        ]
      },
      "properties": {
        "objectid": 2315851,
        "fod_id": 401020106,
        "fpa_id": "INF-2021-UTSWS-000529",
        "source_system_type": "INTERAGCY",
        "source_system": "IA-INFORM",
        "nwcg_reporting_agency": "ST/C&L",
        "nwcg_reporting_unit_id": "USUTSWS",
        "nwcg_reporting_unit_name": "Southwest Area",
        "source_reporting_unit": "UTSWS",
        "source_reporting_unit_name": "Southwest Area",
        "local_fire_report_id": null,
        "local_incident_id": "000529",
        "fire_code": "N59T",
        "fire_name": "PARIA",
        "ics_209_plus_incident_join_id": null,
        "ics_209_plus_complex_join_id": null,
        "mtbs_id": null,
        "mtbs_fire_name": null,
        "complex_name": null,
        "fire_year": 2021,
        "discovery_date": 1626566400000,
        "discovery_doy": 199,
        "discovery_time": "1206",
        "nwcg_cause_classification": "Human",
        "nwcg_general_cause": "Missing data/not specified/undetermined",
        "nwcg_cause_age_category": null,
        "cont_date": 1626566400000,
        "cont_doy": 199,
        "cont_time": "1815",
        "fire_size": 0.5,
        "fire_size_class": "B",
        "latitude": 37.1074456,
        "longitude": -111.93171131000001,
        "owner_descr": "PRIVATE",
        "state": "UT",
        "county": "Kane",
        "fips_code": "49025",
        "fips_name": "Kane County",
        "globalid": "{98F7F86B-5B9C-44D3-BBFF-DBB64B78F5AC}"
      }
    },
    {
      "type": "Feature",
      "id": 2316078,
      "geometry": {
        "type": "Point",
        "coordinates": [
          -112.11412268411755,
          37.067291166015735
        ]
      },
      "properties": {
        "objectid": 2316078,
        "fod_id": 401020462,
        "fpa_id": "INF-2021-UTCCD-000543",
        "source_system_type": "INTERAGCY",
        "source_system": "IA-INFORM",
        "nwcg_reporting_agency": "BLM",
        "nwcg_reporting_unit_id": "USUTCCD",
        "nwcg_reporting_unit_name": "Cedar City Field Office",
        "source_reporting_unit": "UTCCD",
        "source_reporting_unit_name": "Cedar City Field Office",
        "local_fire_report_id": null,
        "local_incident_id": "000543",
        "fire_code": "N6ES",
        "fire_name": "BUCKSKIN",
        "ics_209_plus_incident_join_id": null,
        "ics_209_plus_complex_join_id": null,
        "mtbs_id": null,
        "mtbs_fire_name": null,
        "complex_name": null,
        "fire_year": 2021,
        "discovery_date": 1626739200000,
        "discovery_doy": 201,
        "discovery_time": "1226",
        "nwcg_cause_classification": "Natural",
        "nwcg_general_cause": "Natural",
        "nwcg_cause_age_category": null,
        "cont_date": 1626825600000,
        "cont_doy": 202,
        "cont_time": "1515",
        "fire_size": 5.25,
        "fire_size_class": "B",
        "latitude": 37.06728558,
        "longitude": -112.11411134,
        "owner_descr": "BLM",
        "state": "UT",
        "county": "Kane",
        "fips_code": "49025",
        "fips_name": "Kane County",
        "globalid": "{94DF4106-2972-4271-8C8E-66545E88724A}"
      }
    },
    {
      "type": "Feature",
      "id": 2316937,
      "geometry": {
        "type": "Point",
        "coordinates": [
          -111.9796226413671,
          37.10533118954841
        ]
      },
      "properties": {
        "objectid": 2316937,
        "fod_id": 401021734,
        "fpa_id": "INF-2021-UTCCD-000634",
        "source_system_type": "INTERAGCY",
        "source_system": "IA-INFORM",
        "nwcg_reporting_agency": "BLM",
        "nwcg_reporting_unit_id": "USUTCCD",
        "nwcg_reporting_unit_name": "Cedar City Field Office",
        "source_reporting_unit": "UTCCD",
        "source_reporting_unit_name": "Cedar City Field Office",
        "local_fire_report_id": null,
        "local_incident_id": "000634",
        "fire_code": "N60M",
        "fire_name": "COCKSCOMB",
        "ics_209_plus_incident_join_id": null,
        "ics_209_plus_complex_join_id": null,
        "mtbs_id": null,
        "mtbs_fire_name": null,
        "complex_name": null,
        "fire_year": 2021,
        "discovery_date": 1627257600000,
        "discovery_doy": 207,
        "discovery_time": "1718",
        "nwcg_cause_classification": "Natural",
        "nwcg_general_cause": "Natural",
        "nwcg_cause_age_category": null,
        "cont_date": 1627257600000,
        "cont_doy": 207,
        "cont_time": "2218",
        "fire_size": 0.1,
        "fire_size_class": "A",
        "latitude": 37.10532559,
        "longitude": -111.97961132,
        "owner_descr": "BLM",
        "state": "UT",
        "county": "Kane",
        "fips_code": "49025",
        "fips_name": "Kane County",
        "globalid": "{67E738A9-3BB3-44EF-9A76-43947EC2136C}"
      }
    },
    {
      "type": "Feature",
      "id": 2319821,
      "geometry": {
        "type": "Point",
        "coordinates": [
          -112.08042268464965,
          37.137691186947386
        ]
      },
      "properties": {
        "objectid": 2319821,
        "fod_id": 401026236,
        "fpa_id": "INF-2021-UTCCD-000777",
        "source_system_type": "INTERAGCY",
        "source_system": "IA-INFORM",
        "nwcg_reporting_agency": "BLM",
        "nwcg_reporting_unit_id": "USUTCCD",
        "nwcg_reporting_unit_name": "Cedar City Field Office",
        "source_reporting_unit": "UTCCD",
        "source_reporting_unit_name": "Cedar City Field Office",
        "local_fire_report_id": null,
        "local_incident_id": "000777",
        "fire_code": "N8UG",
        "fire_name": "MM 36 HWY 89",
        "ics_209_plus_incident_join_id": null,
        "ics_209_plus_complex_join_id": null,
        "mtbs_id": null,
        "mtbs_fire_name": null,
        "complex_name": null,
        "fire_year": 2021,
        "discovery_date": 1629504000000,
        "discovery_doy": 233,
        "discovery_time": "1541",
        "nwcg_cause_classification": "Human",
        "nwcg_general_cause": "Equipment and vehicle use",
        "nwcg_cause_age_category": null,
        "cont_date": 1629504000000,
        "cont_doy": 233,
        "cont_time": "1800",
        "fire_size": 1.5,
        "fire_size_class": "B",
        "latitude": 37.13768559,
        "longitude": -112.08041134,
        "owner_descr": "BLM",
        "state": "UT",
        "county": "Kane",
        "fips_code": "49025",
        "fips_name": "Kane County",
        "globalid": "{3D3FDE97-7D4C-4DD9-85B5-BD2722B89143}"
      }
    },
    {
      "type": "Feature",
      "id": 2334097,
      "geometry": {
        "type": "Point",
        "coordinates": [
          -111.93702262402789,
          37.116231203696174
        ]
      },
      "properties": {
        "objectid": 2334097,
        "fod_id": 401048833,
        "fpa_id": "INF-2022-UTSWS-000237",
        "source_system_type": "INTERAGCY",
        "source_system": "IA-INFORM",
        "nwcg_reporting_agency": "ST/C&L",
        "nwcg_reporting_unit_id": "USUTSWS",
        "nwcg_reporting_unit_name": "Southwest Area",
        "source_reporting_unit": "UTSWS",
        "source_reporting_unit_name": "Southwest Area",
        "local_fire_report_id": null,
        "local_incident_id": "000237",
        "fire_code": "PQW0",
        "fire_name": "PARIA ",
        "ics_209_plus_incident_join_id": null,
        "ics_209_plus_complex_join_id": null,
        "mtbs_id": null,
        "mtbs_fire_name": null,
        "complex_name": null,
        "fire_year": 2022,
        "discovery_date": 1655424000000,
        "discovery_doy": 168,
        "discovery_time": "1102",
        "nwcg_cause_classification": "Human",
        "nwcg_general_cause": "Missing data/not specified/undetermined",
        "nwcg_cause_age_category": null,
        "cont_date": 1655424000000,
        "cont_doy": 168,
        "cont_time": "1500",
        "fire_size": 2.5,
        "fire_size_class": "B",
        "latitude": 37.1162256,
        "longitude": -111.93701131,
        "owner_descr": "PRIVATE",
        "state": "UT",
        "county": "Kane",
        "fips_code": "49025",
        "fips_name": "Kane County",
        "globalid": "{715F543F-97EB-438F-BD0D-7E9990729FD6}"
      }
    },
    {
      "type": "Feature",
      "id": 2335117,
      "geometry": {
        "type": "Point",
        "coordinates": [
          -112.04383352469135,
          37.20857653812864
        ]
      },
      "properties": {
        "objectid": 2335117,
        "fod_id": 401050139,
        "fpa_id": "INF-2022-UTCPD-000269",
        "source_system_type": "INTERAGCY",
        "source_system": "IA-INFORM",
        "nwcg_reporting_agency": "BLM",
        "nwcg_reporting_unit_id": "USUTCCD",
        "nwcg_reporting_unit_name": "Cedar City Field Office",
        "source_reporting_unit": "UTCPD",
        "source_reporting_unit_name": "Color Country Paria Fire and Aviation Management Unit",
        "local_fire_report_id": null,
        "local_incident_id": "000269",
        "fire_code": "PRS7",
        "fire_name": "SAND GULCH ",
        "ics_209_plus_incident_join_id": null,
        "ics_209_plus_complex_join_id": null,
        "mtbs_id": null,
        "mtbs_fire_name": null,
        "complex_name": null,
        "fire_year": 2022,
        "discovery_date": 1656115200000,
        "discovery_doy": 176,
        "discovery_time": "1532",
        "nwcg_cause_classification": "Natural",
        "nwcg_general_cause": "Natural",
        "nwcg_cause_age_category": null,
        "cont_date": 1656115200000,
        "cont_doy": 176,
        "cont_time": "1900",
        "fire_size": 0.1,
        "fire_size_class": "A",
        "latitude": 37.20857093,
        "longitude": -112.04382218,
        "owner_descr": "BLM",
        "state": "UT",
        "county": "Kane",
        "fips_code": "49025",
        "fips_name": "Kane County",
        "globalid": "{AA026622-E4A2-4862-8715-E6DC0DAA9B39}"
      }
    },
    {
      "type": "Feature",
      "id": 2335130,
      "geometry": {
        "type": "Point",
        "coordinates": [
          -112.04563386309817,
          37.18964678566779
        ]
      },
      "properties": {
        "objectid": 2335130,
        "fod_id": 401050152,
        "fpa_id": "INF-2022-UTCPD-000271",
        "source_system_type": "INTERAGCY",
        "source_system": "IA-INFORM",
        "nwcg_reporting_agency": "BLM",
        "nwcg_reporting_unit_id": "USUTCCD",
        "nwcg_reporting_unit_name": "Cedar City Field Office",
        "source_reporting_unit": "UTCPD",
        "source_reporting_unit_name": "Color Country Paria Fire and Aviation Management Unit",
        "local_fire_report_id": null,
        "local_incident_id": "000271",
        "fire_code": "PRT6",
        "fire_name": "EIGHT MILE PATH ",
        "ics_209_plus_incident_join_id": null,
        "ics_209_plus_complex_join_id": null,
        "mtbs_id": null,
        "mtbs_fire_name": null,
        "complex_name": null,
        "fire_year": 2022,
        "discovery_date": 1656115200000,
        "discovery_doy": 176,
        "discovery_time": "1631",
        "nwcg_cause_classification": "Natural",
        "nwcg_general_cause": "Natural",
        "nwcg_cause_age_category": null,
        "cont_date": 1656115200000,
        "cont_doy": 176,
        "cont_time": "1844",
        "fire_size": 0.1,
        "fire_size_class": "A",
        "latitude": 37.189641179999995,
        "longitude": -112.04562252,
        "owner_descr": "BLM",
        "state": "UT",
        "county": "Kane",
        "fips_code": "49025",
        "fips_name": "Kane County",
        "globalid": "{873F57DA-FB7D-4BA3-93A7-6A26E83EA7C6}"
      }
    },
    {
      "type": "Feature",
      "id": 2335673,
      "geometry": {
        "type": "Point",
        "coordinates": [
          -112.07513342670728,
          37.07024665893511
        ]
      },
      "properties": {
        "objectid": 2335673,
        "fod_id": 401050811,
        "fpa_id": "INF-2022-UTCPD-000300",
        "source_system_type": "INTERAGCY",
        "source_system": "IA-INFORM",
        "nwcg_reporting_agency": "BLM",
        "nwcg_reporting_unit_id": "USUTCCD",
        "nwcg_reporting_unit_name": "Cedar City Field Office",
        "source_reporting_unit": "UTCPD",
        "source_reporting_unit_name": "Color Country Paria Fire and Aviation Management Unit",
        "local_fire_report_id": null,
        "local_incident_id": "000300",
        "fire_code": "PR7B",
        "fire_name": "MUSTANG",
        "ics_209_plus_incident_join_id": null,
        "ics_209_plus_complex_join_id": null,
        "mtbs_id": null,
        "mtbs_fire_name": null,
        "complex_name": null,
        "fire_year": 2022,
        "discovery_date": 1656460800000,
        "discovery_doy": 180,
        "discovery_time": "1456",
        "nwcg_cause_classification": "Natural",
        "nwcg_general_cause": "Natural",
        "nwcg_cause_age_category": null,
        "cont_date": 1656547200000,
        "cont_doy": 181,
        "cont_time": "1225",
        "fire_size": 1.5,
        "fire_size_class": "B",
        "latitude": 37.07024107,
        "longitude": -112.07512209000001,
        "owner_descr": "BLM",
        "state": "UT",
        "county": "Kane",
        "fips_code": "49025",
        "fips_name": "Kane County",
        "globalid": "{D31219C2-AA6C-4073-B516-1105BA758B99}"
      }
    },
    {
      "type": "Feature",
      "id": 2337023,
      "geometry": {
        "type": "Point",
        "coordinates": [
          -112.05393370858233,
          37.22689621972739
        ]
      },
      "properties": {
        "objectid": 2337023,
        "fod_id": 401052499,
        "fpa_id": "INF-2022-UTCPD-000341",
        "source_system_type": "INTERAGCY",
        "source_system": "IA-INFORM",
        "nwcg_reporting_agency": "BLM",
        "nwcg_reporting_unit_id": "USUTCCD",
        "nwcg_reporting_unit_name": "Cedar City Field Office",
        "source_reporting_unit": "UTCPD",
        "source_reporting_unit_name": "Color Country Paria Fire and Aviation Management Unit",
        "local_fire_report_id": null,
        "local_incident_id": "000341",
        "fire_code": "PTT9",
        "fire_name": "PILOT RIDGE",
        "ics_209_plus_incident_join_id": null,
        "ics_209_plus_complex_join_id": null,
        "mtbs_id": null,
        "mtbs_fire_name": null,
        "complex_name": null,
        "fire_year": 2022,
        "discovery_date": 1656979200000,
        "discovery_doy": 186,
        "discovery_time": "1651",
        "nwcg_cause_classification": "Natural",
        "nwcg_general_cause": "Natural",
        "nwcg_cause_age_category": null,
        "cont_date": null,
        "cont_doy": null,
        "cont_time": null,
        "fire_size": 0.1,
        "fire_size_class": "A",
        "latitude": 37.22689061,
        "longitude": -112.05392236,
        "owner_descr": "BLM",
        "state": "UT",
        "county": "Kane",
        "fips_code": "49025",
        "fips_name": "Kane County",
        "globalid": "{316BDA3A-D08A-4277-83CF-1D1FE2AAA151}"
      }
    },
    {
      "type": "Feature",
      "id": 2337090,
      "geometry": {
        "type": "Point",
        "coordinates": [
          -112.05263459809359,
          37.1273964774974
        ]
      },
      "properties": {
        "objectid": 2337090,
        "fod_id": 401052572,
        "fpa_id": "INF-2022-UTCPD-000350",
        "source_system_type": "INTERAGCY",
        "source_system": "IA-INFORM",
        "nwcg_reporting_agency": "BLM",
        "nwcg_reporting_unit_id": "USUTCCD",
        "nwcg_reporting_unit_name": "Cedar City Field Office",
        "source_reporting_unit": "UTCPD",
        "source_reporting_unit_name": "Color Country Paria Fire and Aviation Management Unit",
        "local_fire_report_id": null,
        "local_incident_id": "000350",
        "fire_code": "PTY0",
        "fire_name": "FIVE MILE",
        "ics_209_plus_incident_join_id": null,
        "ics_209_plus_complex_join_id": null,
        "mtbs_id": null,
        "mtbs_fire_name": null,
        "complex_name": null,
        "fire_year": 2022,
        "discovery_date": 1657065600000,
        "discovery_doy": 187,
        "discovery_time": "1357",
        "nwcg_cause_classification": "Natural",
        "nwcg_general_cause": "Natural",
        "nwcg_cause_age_category": null,
        "cont_date": 1657065600000,
        "cont_doy": 187,
        "cont_time": "1520",
        "fire_size": 0.1,
        "fire_size_class": "A",
        "latitude": 37.12739088,
        "longitude": -112.05262326,
        "owner_descr": "BLM",
        "state": "UT",
        "county": "Kane",
        "fips_code": "49025",
        "fips_name": "Kane County",
        "globalid": "{7C35FF74-3D48-4618-8E07-C05A2EFDE2FB}"
      }
    },
    {
      "type": "Feature",
      "id": 2337788,
      "geometry": {
        "type": "Point",
        "coordinates": [
          -112.05864844118521,
          37.145941689400225
        ]
      },
      "properties": {
        "objectid": 2337788,
        "fod_id": 401053420,
        "fpa_id": "INF-2022-UTCPD-000364",
        "source_system_type": "INTERAGCY",
        "source_system": "IA-INFORM",
        "nwcg_reporting_agency": "BLM",
        "nwcg_reporting_unit_id": "USUTCCD",
        "nwcg_reporting_unit_name": "Cedar City Field Office",
        "source_reporting_unit": "UTCPD",
        "source_reporting_unit_name": "Color Country Paria Fire and Aviation Management Unit",
        "local_fire_report_id": null,
        "local_incident_id": "000364",
        "fire_code": "PUF2",
        "fire_name": "TIRE",
        "ics_209_plus_incident_join_id": null,
        "ics_209_plus_complex_join_id": null,
        "mtbs_id": null,
        "mtbs_fire_name": null,
        "complex_name": null,
        "fire_year": 2022,
        "discovery_date": 1657497600000,
        "discovery_doy": 192,
        "discovery_time": "1305",
        "nwcg_cause_classification": "Human",
        "nwcg_general_cause": "Equipment and vehicle use",
        "nwcg_cause_age_category": null,
        "cont_date": 1657497600000,
        "cont_doy": 192,
        "cont_time": "1445",
        "fire_size": 0.1,
        "fire_size_class": "A",
        "latitude": 37.14593609,
        "longitude": -112.0586371,
        "owner_descr": "BLM",
        "state": "UT",
        "county": "Kane",
        "fips_code": "49025",
        "fips_name": "Kane County",
        "globalid": "{B42CCA4F-1C9B-4DDE-9824-82EDA73AB9C9}"
      }
    },
    {
      "type": "Feature",
      "id": 2338741,
      "geometry": {
        "type": "Point",
        "coordinates": [
          -111.9978348330733,
          37.184297058153135
        ]
      },
      "properties": {
        "objectid": 2338741,
        "fod_id": 401054519,
        "fpa_id": "INF-2022-UTCPD-000448",
        "source_system_type": "INTERAGCY",
        "source_system": "IA-INFORM",
        "nwcg_reporting_agency": "BLM",
        "nwcg_reporting_unit_id": "USUTCCD",
        "nwcg_reporting_unit_name": "Cedar City Field Office",
        "source_reporting_unit": "UTCPD",
        "source_reporting_unit_name": "Color Country Paria Fire and Aviation Management Unit",
        "local_fire_report_id": null,
        "local_incident_id": "000448",
        "fire_code": "PVK4",
        "fire_name": "MM 30 HWY 89",
        "ics_209_plus_incident_join_id": null,
        "ics_209_plus_complex_join_id": null,
        "mtbs_id": null,
        "mtbs_fire_name": null,
        "complex_name": null,
        "fire_year": 2022,
        "discovery_date": 1657843200000,
        "discovery_doy": 196,
        "discovery_time": "0725",
        "nwcg_cause_classification": "Human",
        "nwcg_general_cause": "Other causes",
        "nwcg_cause_age_category": null,
        "cont_date": 1657929600000,
        "cont_doy": 197,
        "cont_time": "0830",
        "fire_size": 0.1,
        "fire_size_class": "A",
        "latitude": 37.184291449999996,
        "longitude": -111.9978235,
        "owner_descr": "BLM",
        "state": "UT",
        "county": "Kane",
        "fips_code": "49025",
        "fips_name": "Kane County",
        "globalid": "{9EA86F4C-6B72-4692-A3E8-C9D86539C7F7}"
      }
    },
    {
      "type": "Feature",
      "id": 2340822,
      "geometry": {
        "type": "Point",
        "coordinates": [
          -112.11212268754664,
          37.10474118078611
        ]
      },
      "properties": {
        "objectid": 2340822,
        "fod_id": 401056900,
        "fpa_id": "INF-2022-UTSWS-000515",
        "source_system_type": "INTERAGCY",
        "source_system": "IA-INFORM",
        "nwcg_reporting_agency": "ST/C&L",
        "nwcg_reporting_unit_id": "USUTSWS",
        "nwcg_reporting_unit_name": "Southwest Area",
        "source_reporting_unit": "UTSWS",
        "source_reporting_unit_name": "Southwest Area",
        "local_fire_report_id": null,
        "local_incident_id": "000515",
        "fire_code": "PXT8",
        "fire_name": "MM 39 HWY 89",
        "ics_209_plus_incident_join_id": null,
        "ics_209_plus_complex_join_id": null,
        "mtbs_id": null,
        "mtbs_fire_name": null,
        "complex_name": null,
        "fire_year": 2022,
        "discovery_date": 1658880000000,
        "discovery_doy": 208,
        "discovery_time": "1700",
        "nwcg_cause_classification": "Natural",
        "nwcg_general_cause": "Natural",
        "nwcg_cause_age_category": null,
        "cont_date": 1658880000000,
        "cont_doy": 208,
        "cont_time": "1848",
        "fire_size": 0.1,
        "fire_size_class": "A",
        "latitude": 37.104735590000004,
        "longitude": -112.11211134,
        "owner_descr": "PRIVATE",
        "state": "UT",
        "county": "Kane",
        "fips_code": "49025",
        "fips_name": "Kane County",
        "globalid": "{77DD4818-E0D4-4B05-BE43-2D5ED077DA0E}"
      }
    },
    {
      "type": "Feature",
      "id": 2340932,
      "geometry": {
        "type": "Point",
        "coordinates": [
          -112.05163417989728,
          37.14692701998332
        ]
      },
      "properties": {
        "objectid": 2340932,
        "fod_id": 401057031,
        "fpa_id": "INF-2022-UTCPD-000518",
        "source_system_type": "INTERAGCY",
        "source_system": "IA-INFORM",
        "nwcg_reporting_agency": "BLM",
        "nwcg_reporting_unit_id": "USUTCCD",
        "nwcg_reporting_unit_name": "Cedar City Field Office",
        "source_reporting_unit": "UTCPD",
        "source_reporting_unit_name": "Color Country Paria Fire and Aviation Management Unit",
        "local_fire_report_id": null,
        "local_incident_id": "000518",
        "fire_code": "PXZ9",
        "fire_name": "BUCKSKIN",
        "ics_209_plus_incident_join_id": null,
        "ics_209_plus_complex_join_id": null,
        "mtbs_id": null,
        "mtbs_fire_name": null,
        "complex_name": null,
        "fire_year": 2022,
        "discovery_date": 1658966400000,
        "discovery_doy": 209,
        "discovery_time": "0851",
        "nwcg_cause_classification": "Natural",
        "nwcg_general_cause": "Natural",
        "nwcg_cause_age_category": null,
        "cont_date": 1658966400000,
        "cont_doy": 209,
        "cont_time": "1340",
        "fire_size": 0.1,
        "fire_size_class": "A",
        "latitude": 37.146921420000005,
        "longitude": -112.05162284,
        "owner_descr": "BLM",
        "state": "UT",
        "county": "Kane",
        "fips_code": "49025",
        "fips_name": "Kane County",
        "globalid": "{753B8ECB-5ED3-4A31-9A81-78E633A36C1C}"
      }
    },
    {
      "type": "Feature",
      "id": 2340958,
      "geometry": {
        "type": "Point",
        "coordinates": [
          -112.0368338351986,
          37.12968673881883
        ]
      },
      "properties": {
        "objectid": 2340958,
        "fod_id": 401057058,
        "fpa_id": "INF-2022-UTCPD-000520",
        "source_system_type": "INTERAGCY",
        "source_system": "IA-INFORM",
        "nwcg_reporting_agency": "BLM",
        "nwcg_reporting_unit_id": "USUTCCD",
        "nwcg_reporting_unit_name": "Cedar City Field Office",
        "source_reporting_unit": "UTCPD",
        "source_reporting_unit_name": "Color Country Paria Fire and Aviation Management Unit",
        "local_fire_report_id": null,
        "local_incident_id": "000520",
        "fire_code": "PX0U",
        "fire_name": "POWERLINE",
        "ics_209_plus_incident_join_id": null,
        "ics_209_plus_complex_join_id": null,
        "mtbs_id": null,
        "mtbs_fire_name": null,
        "complex_name": null,
        "fire_year": 2022,
        "discovery_date": 1658966400000,
        "discovery_doy": 209,
        "discovery_time": "1411",
        "nwcg_cause_classification": "Natural",
        "nwcg_general_cause": "Natural",
        "nwcg_cause_age_category": null,
        "cont_date": 1658966400000,
        "cont_doy": 209,
        "cont_time": "1557",
        "fire_size": 0.1,
        "fire_size_class": "A",
        "latitude": 37.12968114,
        "longitude": -112.0368225,
        "owner_descr": "BLM",
        "state": "UT",
        "county": "Kane",
        "fips_code": "49025",
        "fips_name": "Kane County",
        "globalid": "{08AF5B10-8C87-4C7B-8906-3DEB7F15B236}"
      }
    },
    {
      "type": "Feature",
      "id": 2384770,
      "geometry": {
        "type": "Point",
        "coordinates": [
          -112.00362266152057,
          37.15801120451335
        ]
      },
      "properties": {
        "objectid": 2384770,
        "fod_id": 401106839,
        "fpa_id": "INF-2022-UTCPD-000695",
        "source_system_type": "INTERAGCY",
        "source_system": "IA-INFORM",
        "nwcg_reporting_agency": "BLM",
        "nwcg_reporting_unit_id": "USUTCCD",
        "nwcg_reporting_unit_name": "Cedar City Field Office",
        "source_reporting_unit": "UTCPD",
        "source_reporting_unit_name": "Color Country Paria Fire and Aviation Management Unit",
        "local_fire_report_id": null,
        "local_incident_id": "000695",
        "fire_code": "P24L",
        "fire_name": "POWERLINE ROAD",
        "ics_209_plus_incident_join_id": null,
        "ics_209_plus_complex_join_id": null,
        "mtbs_id": null,
        "mtbs_fire_name": null,
        "complex_name": null,
        "fire_year": 2022,
        "discovery_date": 1664582400000,
        "discovery_doy": 274,
        "discovery_time": "1655",
        "nwcg_cause_classification": "Natural",
        "nwcg_general_cause": "Natural",
        "nwcg_cause_age_category": null,
        "cont_date": 1664668800000,
        "cont_doy": 275,
        "cont_time": "1100",
        "fire_size": 0.1,
        "fire_size_class": "A",
        "latitude": 37.1580056,
        "longitude": -112.00361133000001,
        "owner_descr": "BLM",
        "state": "UT",
        "county": "Kane",
        "fips_code": "49025",
        "fips_name": "Kane County",
        "globalid": "{F4D79735-7C2C-45DD-8489-38E3AB3B6498}"
      }
    },
    {
      "type": "Feature",
      "id": 2500454,
      "geometry": {
        "type": "Point",
        "coordinates": [
          -112.142034355322,
          37.1229335910732
        ]
      },
      "properties": {
        "objectid": 2500454,
        "fod_id": 401317038,
        "fpa_id": "INF-2023-UTCPD-000332",
        "source_system_type": "INTERAGCY",
        "source_system": "IA-INFORM",
        "nwcg_reporting_agency": "BLM",
        "nwcg_reporting_unit_id": "USUTCCD",
        "nwcg_reporting_unit_name": "Cedar City Field Office",
        "source_reporting_unit": "UTCPD",
        "source_reporting_unit_name": "Cedar City Field Office",
        "local_fire_report_id": null,
        "local_incident_id": "000332",
        "fire_code": "QE53",
        "fire_name": "JENNY CLAY",
        "ics_209_plus_incident_join_id": null,
        "ics_209_plus_complex_join_id": null,
        "mtbs_id": null,
        "mtbs_fire_name": null,
        "complex_name": null,
        "fire_year": 2023,
        "discovery_date": 1690156800000,
        "discovery_doy": 205,
        "discovery_time": "1652",
        "nwcg_cause_classification": "Natural",
        "nwcg_general_cause": "Natural",
        "nwcg_cause_age_category": null,
        "cont_date": 1690156800000,
        "cont_doy": 205,
        "cont_time": "1930",
        "fire_size": 0.1,
        "fire_size_class": "A",
        "latitude": 37.122928,
        "longitude": -112.142023,
        "owner_descr": "BLM",
        "state": "UT",
        "county": "Kane",
        "fips_code": "49025",
        "fips_name": "Kane County",
        "globalid": "{4A9F05B2-7954-433B-89C9-2CBA290E8CED}"
      }
    },
    {
      "type": "Feature",
      "id": 2579791,
      "geometry": {
        "type": "Point",
        "coordinates": [
          -111.96923832326397,
          37.14400060503397
        ]
      },
      "properties": {
        "objectid": 2579791,
        "fod_id": 401403963,
        "fpa_id": "INF-2024-UTSWS-000144",
        "source_system_type": "INTERAGCY",
        "source_system": "IA-INFORM",
        "nwcg_reporting_agency": "ST/C&L",
        "nwcg_reporting_unit_id": "USUTSWS",
        "nwcg_reporting_unit_name": "Southwest Area",
        "source_reporting_unit": "UTSWS",
        "source_reporting_unit_name": "Southwest Area",
        "local_fire_report_id": null,
        "local_incident_id": "000144",
        "fire_code": "RX3T",
        "fire_name": "HATTIE GREEN",
        "ics_209_plus_incident_join_id": null,
        "ics_209_plus_complex_join_id": null,
        "mtbs_id": null,
        "mtbs_fire_name": null,
        "complex_name": null,
        "fire_year": 2024,
        "discovery_date": 1715472000000,
        "discovery_doy": 133,
        "discovery_time": "1006",
        "nwcg_cause_classification": "Human",
        "nwcg_general_cause": "Missing data/not specified/undetermined",
        "nwcg_cause_age_category": null,
        "cont_date": 1715558400000,
        "cont_doy": 134,
        "cont_time": "1323",
        "fire_size": 0.1,
        "fire_size_class": "A",
        "latitude": 37.143995000000004,
        "longitude": -111.969227,
        "owner_descr": "PRIVATE",
        "state": "UT",
        "county": "Kane",
        "fips_code": "49025",
        "fips_name": "Kane County",
        "globalid": "{C54F1AB1-35F2-45DC-8501-FCD7C67A5D11}"
      }
    },
    {
      "type": "Feature",
      "id": 2587828,
      "geometry": {
        "type": "Point",
        "coordinates": [
          -111.97917832921695,
          37.18278360919357
        ]
      },
      "properties": {
        "objectid": 2587828,
        "fod_id": 401412156,
        "fpa_id": "INF-2024-UTSWS-000380",
        "source_system_type": "INTERAGCY",
        "source_system": "IA-INFORM",
        "nwcg_reporting_agency": "ST/C&L",
        "nwcg_reporting_unit_id": "USUTSWS",
        "nwcg_reporting_unit_name": "Southwest Area",
        "source_reporting_unit": "UTSWS",
        "source_reporting_unit_name": "Southwest Area",
        "local_fire_report_id": null,
        "local_incident_id": "000380",
        "fire_code": "R3JE",
        "fire_name": "PARIA",
        "ics_209_plus_incident_join_id": null,
        "ics_209_plus_complex_join_id": null,
        "mtbs_id": null,
        "mtbs_fire_name": null,
        "complex_name": null,
        "fire_year": 2024,
        "discovery_date": 1720915200000,
        "discovery_doy": 196,
        "discovery_time": "1212",
        "nwcg_cause_classification": "Human",
        "nwcg_general_cause": "Equipment and vehicle use",
        "nwcg_cause_age_category": null,
        "cont_date": 1720915200000,
        "cont_doy": 196,
        "cont_time": "1400",
        "fire_size": 0.25,
        "fire_size_class": "A",
        "latitude": 37.182778,
        "longitude": -111.979167,
        "owner_descr": "PRIVATE",
        "state": "UT",
        "county": "Kane",
        "fips_code": "49025",
        "fips_name": "Kane County",
        "globalid": "{3D3985E1-81AA-4AE5-B18D-9314BD9D5479}"
      }
    },
    {
      "type": "Feature",
      "id": 2593151,
      "geometry": {
        "type": "Point",
        "coordinates": [
          -112.12919436003799,
          37.19353860064128
        ]
      },
      "properties": {
        "objectid": 2593151,
        "fod_id": 401417535,
        "fpa_id": "INF-2024-UTCPD-000645",
        "source_system_type": "INTERAGCY",
        "source_system": "IA-INFORM",
        "nwcg_reporting_agency": "BLM",
        "nwcg_reporting_unit_id": "USUTCCD",
        "nwcg_reporting_unit_name": "Cedar City Field Office",
        "source_reporting_unit": "UTCPD",
        "source_reporting_unit_name": "Cedar City Field Office",
        "local_fire_report_id": null,
        "local_incident_id": "000645",
        "fire_code": "R55C",
        "fire_name": "FIN LITTLE",
        "ics_209_plus_incident_join_id": null,
        "ics_209_plus_complex_join_id": null,
        "mtbs_id": null,
        "mtbs_fire_name": null,
        "complex_name": null,
        "fire_year": 2024,
        "discovery_date": 1723248000000,
        "discovery_doy": 223,
        "discovery_time": "1738",
        "nwcg_cause_classification": "Natural",
        "nwcg_general_cause": "Natural",
        "nwcg_cause_age_category": null,
        "cont_date": 1723248000000,
        "cont_doy": 223,
        "cont_time": "1954",
        "fire_size": 0.1,
        "fire_size_class": "A",
        "latitude": 37.193533,
        "longitude": -112.129183,
        "owner_descr": "BLM",
        "state": "UT",
        "county": "Kane",
        "fips_code": "49025",
        "fips_name": "Kane County",
        "globalid": "{8B118332-4F87-48EF-985B-2E4FAF66FD23}"
      }
    },
    {
      "type": "Feature",
      "id": 2593818,
      "geometry": {
        "type": "Point",
        "coordinates": [
          -111.9167733078611,
          37.095217602407104
        ]
      },
      "properties": {
        "objectid": 2593818,
        "fod_id": 401418215,
        "fpa_id": "INF-2024-UTCPD-000680",
        "source_system_type": "INTERAGCY",
        "source_system": "IA-INFORM",
        "nwcg_reporting_agency": "BLM",
        "nwcg_reporting_unit_id": "USUTCCD",
        "nwcg_reporting_unit_name": "Cedar City Field Office",
        "source_reporting_unit": "UTCPD",
        "source_reporting_unit_name": "Cedar City Field Office",
        "local_fire_report_id": null,
        "local_incident_id": "000680",
        "fire_code": "R6EP",
        "fire_name": "CLARK BENCH",
        "ics_209_plus_incident_join_id": null,
        "ics_209_plus_complex_join_id": null,
        "mtbs_id": null,
        "mtbs_fire_name": null,
        "complex_name": null,
        "fire_year": 2024,
        "discovery_date": 1723593600000,
        "discovery_doy": 227,
        "discovery_time": "1548",
        "nwcg_cause_classification": "Natural",
        "nwcg_general_cause": "Natural",
        "nwcg_cause_age_category": null,
        "cont_date": 1723593600000,
        "cont_doy": 227,
        "cont_time": "2020",
        "fire_size": 0.1,
        "fire_size_class": "A",
        "latitude": 37.095212,
        "longitude": -111.916762,
        "owner_descr": "BLM",
        "state": "UT",
        "county": "Kane",
        "fips_code": "49025",
        "fips_name": "Kane County",
        "globalid": "{DD21D5B5-42FD-4D68-AA38-B954C8415178}"
      }
    },
    {
      "type": "Feature",
      "id": 2594222,
      "geometry": {
        "type": "Point",
        "coordinates": [
          -112.01226533409617,
          37.16640860498621
        ]
      },
      "properties": {
        "objectid": 2594222,
        "fod_id": 401418626,
        "fpa_id": "INF-2024-UTCPD-000693",
        "source_system_type": "INTERAGCY",
        "source_system": "IA-INFORM",
        "nwcg_reporting_agency": "BLM",
        "nwcg_reporting_unit_id": "USUTCCD",
        "nwcg_reporting_unit_name": "Cedar City Field Office",
        "source_reporting_unit": "UTCPD",
        "source_reporting_unit_name": "Cedar City Field Office",
        "local_fire_report_id": null,
        "local_incident_id": "000693",
        "fire_code": "R6LT",
        "fire_name": "SAND GULCH",
        "ics_209_plus_incident_join_id": null,
        "ics_209_plus_complex_join_id": null,
        "mtbs_id": null,
        "mtbs_fire_name": null,
        "complex_name": null,
        "fire_year": 2024,
        "discovery_date": 1723852800000,
        "discovery_doy": 230,
        "discovery_time": "0754",
        "nwcg_cause_classification": "Natural",
        "nwcg_general_cause": "Natural",
        "nwcg_cause_age_category": null,
        "cont_date": 1723852800000,
        "cont_doy": 230,
        "cont_time": "1215",
        "fire_size": 0.1,
        "fire_size_class": "A",
        "latitude": 37.166403,
        "longitude": -112.01225400000001,
        "owner_descr": "BLM",
        "state": "UT",
        "county": "Kane",
        "fips_code": "49025",
        "fips_name": "Kane County",
        "globalid": "{157E171A-70EE-4868-9F3A-394A6CD4C7AC}"
      }
    },
    {
      "type": "Feature",
      "id": 2595395,
      "geometry": {
        "type": "Point",
        "coordinates": [
          -111.98880132616662,
          37.13445560256419
        ]
      },
      "properties": {
        "objectid": 2595395,
        "fod_id": 401419811,
        "fpa_id": "INF-2024-UTCPD-000758",
        "source_system_type": "INTERAGCY",
        "source_system": "IA-INFORM",
        "nwcg_reporting_agency": "BLM",
        "nwcg_reporting_unit_id": "USUTCCD",
        "nwcg_reporting_unit_name": "Cedar City Field Office",
        "source_reporting_unit": "UTCPD",
        "source_reporting_unit_name": "Cedar City Field Office",
        "local_fire_report_id": null,
        "local_incident_id": "000758",
        "fire_code": "R6WL",
        "fire_name": "ROCK HOUSE",
        "ics_209_plus_incident_join_id": null,
        "ics_209_plus_complex_join_id": null,
        "mtbs_id": null,
        "mtbs_fire_name": null,
        "complex_name": null,
        "fire_year": 2024,
        "discovery_date": 1724112000000,
        "discovery_doy": 233,
        "discovery_time": "2105",
        "nwcg_cause_classification": "Natural",
        "nwcg_general_cause": "Natural",
        "nwcg_cause_age_category": null,
        "cont_date": 1724198400000,
        "cont_doy": 234,
        "cont_time": "1645",
        "fire_size": 0.1,
        "fire_size_class": "A",
        "latitude": 37.13445,
        "longitude": -111.98879,
        "owner_descr": "BLM",
        "state": "UT",
        "county": "Kane",
        "fips_code": "49025",
        "fips_name": "Kane County",
        "globalid": "{CB491F7B-8A8A-4662-A8C8-317CF6DB91DA}"
      }
    },
    {
      "type": "Feature",
      "id": 2595914,
      "geometry": {
        "type": "Point",
        "coordinates": [
          -112.06859334211389,
          37.1357955974899
        ]
      },
      "properties": {
        "objectid": 2595914,
        "fod_id": 401420341,
        "fpa_id": "INF-2024-UTCPD-000772",
        "source_system_type": "INTERAGCY",
        "source_system": "IA-INFORM",
        "nwcg_reporting_agency": "BLM",
        "nwcg_reporting_unit_id": "USUTCCD",
        "nwcg_reporting_unit_name": "Cedar City Field Office",
        "source_reporting_unit": "UTCPD",
        "source_reporting_unit_name": "Cedar City Field Office",
        "local_fire_report_id": null,
        "local_incident_id": "000772",
        "fire_code": "R640",
        "fire_name": "TELEGRAPH",
        "ics_209_plus_incident_join_id": null,
        "ics_209_plus_complex_join_id": null,
        "mtbs_id": null,
        "mtbs_fire_name": null,
        "complex_name": null,
        "fire_year": 2024,
        "discovery_date": 1724457600000,
        "discovery_doy": 237,
        "discovery_time": "1343",
        "nwcg_cause_classification": "Natural",
        "nwcg_general_cause": "Natural",
        "nwcg_cause_age_category": null,
        "cont_date": 1724457600000,
        "cont_doy": 237,
        "cont_time": "1725",
        "fire_size": 0.1,
        "fire_size_class": "A",
        "latitude": 37.13579,
        "longitude": -112.068582,
        "owner_descr": "BLM",
        "state": "UT",
        "county": "Kane",
        "fips_code": "49025",
        "fips_name": "Kane County",
        "globalid": "{36CF6883-6E80-4F46-9EB5-378F7CD71C65}"
      }
    }
  ]
}
