{
  "type": "FeatureCollection",
  "features": [
    {
      "type": "Feature",
      "id": 25387,
      "geometry": {
        "type": "Point",
        "coordinates": [
          -112.20945587080473,
          37.715005659095574
        ]
      },
      "properties": {
        "objectid": 25387,
        "fod_id": 25511,
        "fpa_id": "FS-1456892",
        "source_system_type": "FED",
        "source_system": "FS-FIRESTAT",
        "nwcg_reporting_agency": "FS",
        "nwcg_reporting_unit_id": "USUTDIF",
        "nwcg_reporting_unit_name": "Dixie National Forest",
        "source_reporting_unit": "0407",
        "source_reporting_unit_name": "Dixie National Forest",
        "local_fire_report_id": "61",
        "local_incident_id": "9",
        "fire_code": "DW7J",
        "fire_name": "JEEP",
        "ics_209_plus_incident_join_id": null,
        "ics_209_plus_complex_join_id": null,
        "mtbs_id": null,
        "mtbs_fire_name": null,
        "complex_name": null,
        "fire_year": 2007,
        "discovery_date": 1187308800000,
        "discovery_doy": 229,
        "discovery_time": "1630",
        "nwcg_cause_classification": "Natural",
        "nwcg_general_cause": "Natural",
        "nwcg_cause_age_category": null,
        "cont_date": 1187308800000,
        "cont_doy": 229,
        "cont_time": "1700",
        "fire_size": 0.1,
        "fire_size_class": "A",
        "latitude": 37.715,
        "longitude": -112.20944444,
        "owner_descr": "USFS",
        "state": "UT",
        "county": "17",
        "fips_code": "49017",
        "fips_name": "Garfield County",
        "globalid": "{0B4F68F5-14E8-4E9B-B95A-31CF24861B9F}"
      }
    },
    {
      "type": "Feature",
      "id": 25580,
      "geometry": {
        "type": "Point",
        "coordinates": [
          -112.281678117446,
          37.736950096850144
        ]
      },
      "properties": {
        "objectid": 25580,
        "fod_id": 25705,
        "fpa_id": "FS-1457125",
        "source_system_type": "FED",
        "source_system": "FS-FIRESTAT",
        "nwcg_reporting_agency": "FS",
        "nwcg_reporting_unit_id": "USUTDIF",
        "nwcg_reporting_unit_name": "Dixie National Forest",
        "source_reporting_unit": "0407",
        "source_reporting_unit_name": "Dixie National Forest",
        "local_fire_report_id": "79",
        "local_incident_id": "11",
        "fire_code": "C65A",
        "fire_name": "RED CANYON",
        "ics_209_plus_incident_join_id": null,
        "ics_209_plus_complex_join_id": null,
        "mtbs_id": null,
        "mtbs_fire_name": null,
        "complex_name": null,
        "fire_year": 2007,
        "discovery_date": 1189987200000,
        "discovery_doy": 260,
        "discovery_time": "0830",
        "nwcg_cause_classification": "Natural",
        "nwcg_general_cause": "Natural",
        "nwcg_cause_age_category": null,
        "cont_date": 1189987200000,
        "cont_doy": 260,
        "cont_time": "1245",
        "fire_size": 0.1,
        "fire_size_class": "A",
        "latitude": 37.73694444,
        "longitude": -112.28166666999999,
        "owner_descr": "USFS",
        "state": "UT",
        "county": "17",
        "fips_code": "49017",
        "fips_name": "Garfield County",
        "globalid": "{8E9A4A78-B56B-4B95-B498-4414E06A1601}"
      }
    },
    {
      "type": "Feature",
      "id": 31635,
      "geometry": {
        "type": "Point",
        "coordinates": [
          -112.327789238349,
          37.753616765728914
        ]
      },
      "properties": {
        "objectid": 31635,
        "fod_id": 31797,
        "fpa_id": "FS-1472252",
        "source_system_type": "FED",
        "source_system": "FS-FIRESTAT",
        "nwcg_reporting_agency": "FS",
        "nwcg_reporting_unit_id": "USUTDIF",
        "nwcg_reporting_unit_name": "Dixie National Forest",
        "source_reporting_unit": "0407",
        "source_reporting_unit_name": "Dixie National Forest",
        "local_fire_report_id": "45",
        "local_incident_id": "080680 D03",
        "fire_code": "EKQ7",
        "fire_name": "RED CANYON WFU",
        "ics_209_plus_incident_join_id": "2008_UT-DIF-080680_RED CANYON",
        "ics_209_plus_complex_join_id": null,
        "mtbs_id": null,
        "mtbs_fire_name": null,
        "complex_name": null,
        "fire_year": 2008,
        "discovery_date": 1222560000000,
        "discovery_doy": 272,
        "discovery_time": "1100",
        "nwcg_cause_classification": "Natural",
        "nwcg_general_cause": "Natural",
        "nwcg_cause_age_category": null,
        "cont_date": 1228089600000,
        "cont_doy": 336,
        "cont_time": "1600",
        "fire_size": 39,
        "fire_size_class": "C",
        "latitude": 37.75361111,
        "longitude": -112.32777777999999,
        "owner_descr": "USFS",
        "state": "UT",
        "county": "17",
        "fips_code": "49017",
        "fips_name": "Garfield County",
        "globalid": "{6B2AB009-B03B-44B7-9B8A-27388CEBCB98}"
      }
    },
    {
      "type": "Feature",
      "id": 35886,
      "geometry": {
        "type": "Point",
        "coordinates": [
          -112.20306699429702,
          37.75917233488572
        ]
      },
      "properties": {
        "objectid": 35886,
        "fod_id": 36075,
        "fpa_id": "FS-1477483",
        "source_system_type": "FED",
        "source_system": "FS-FIRESTAT",
        "nwcg_reporting_agency": "FS",
        "nwcg_reporting_unit_id": "USUTDIF",
        "nwcg_reporting_unit_name": "Dixie National Forest",
        "source_reporting_unit": "0407",
        "source_reporting_unit_name": "Dixie National Forest",
        "local_fire_report_id": "14",
        "local_incident_id": "02",
        "fire_code": "E1M6",
        "fire_name": "MUD SPRINGS",
        "ics_209_plus_incident_join_id": null,
        "ics_209_plus_complex_join_id": null,
        "mtbs_id": null,
        "mtbs_fire_name": null,
        "complex_name": null,
        "fire_year": 2009,
        "discovery_date": 1247356800000,
        "discovery_doy": 193,
        "discovery_time": "1219",
        "nwcg_cause_classification": "Human",
        "nwcg_general_cause": "Recreation and ceremony",
        "nwcg_cause_age_category": null,
        "cont_date": 1247356800000,
        "cont_doy": 193,
        "cont_time": "1400",
        "fire_size": 0.1,
        "fire_size_class": "A",
        "latitude": 37.75916667,
        "longitude": -112.20305556000001,
        "owner_descr": "USFS",
        "state": "UT",
        "county": "17",
        "fips_code": "49017",
        "fips_name": "Garfield County",
        "globalid": "{6415ED03-FF2A-4E29-8C72-A6F9A77F6601}"
      }
    },
    {
      "type": "Feature",
      "id": 56328,
      "geometry": {
        "type": "Point",
        "coordinates": [
          -112.28334477559166,
          37.71667232428256
        ]
      },
      "properties": {
        "objectid": 56328,
        "fod_id": 56837,
        "fpa_id": "FS-281370",
        "source_system_type": "FED",
        "source_system": "FS-FIRESTAT",
        "nwcg_reporting_agency": "FS",
        "nwcg_reporting_unit_id": "USUTDIF",
        "nwcg_reporting_unit_name": "Dixie National Forest",
        "source_reporting_unit": "0407",
        "source_reporting_unit_name": "Dixie National Forest",
        "local_fire_report_id": "29",
        "local_incident_id": null,
        "fire_code": null,
        "fire_name": null,
        "ics_209_plus_incident_join_id": null,
        "ics_209_plus_complex_join_id": null,
        "mtbs_id": null,
        "mtbs_fire_name": null,
        "complex_name": null,
        "fire_year": 1993,
        "discovery_date": 744422400000,
        "discovery_doy": 216,
        "discovery_time": "1700",
        "nwcg_cause_classification": "Natural",
        "nwcg_general_cause": "Natural",
        "nwcg_cause_age_category": null,
        "cont_date": 744422400000,
        "cont_doy": 216,
        "cont_time": "2200",
        "fire_size": 0.1,
        "fire_size_class": "A",
        "latitude": 37.71666667,
        "longitude": -112.28333332999999,
        "owner_descr": "USFS",
        "state": "UT",
        "county": null,
        "fips_code": null,
        "fips_name": null,
        "globalid": "{F6454DE7-20BC-4A47-957F-687D663E44AD}"
      }
    },
    {
      "type": "Feature",
      "id": 56330,
      "geometry": {
        "type": "Point",
        "coordinates": [
          -112.26667812129358,
          37.80000566549596
        ]
      },
      "properties": {
        "objectid": 56330,
        "fod_id": 56839,
        "fpa_id": "FS-281372",
        "source_system_type": "FED",
        "source_system": "FS-FIRESTAT",
        "nwcg_reporting_agency": "FS",
        "nwcg_reporting_unit_id": "USUTDIF",
        "nwcg_reporting_unit_name": "Dixie National Forest",
        "source_reporting_unit": "0407",
        "source_reporting_unit_name": "Dixie National Forest",
        "local_fire_report_id": "34",
        "local_incident_id": null,
        "fire_code": null,
        "fire_name": null,
        "ics_209_plus_incident_join_id": null,
        "ics_209_plus_complex_join_id": null,
        "mtbs_id": null,
        "mtbs_fire_name": null,
        "complex_name": null,
        "fire_year": 1993,
        "discovery_date": 744595200000,
        "discovery_doy": 218,
        "discovery_time": "0830",
        "nwcg_cause_classification": "Natural",
        "nwcg_general_cause": "Natural",
        "nwcg_cause_age_category": null,
        "cont_date": 744595200000,
        "cont_doy": 218,
        "cont_time": "1200",
        "fire_size": 0.3,
        "fire_size_class": "B",
        "latitude": 37.8,
        "longitude": -112.26666666999999,
        "owner_descr": "USFS",
        "state": "UT",
        "county": null,
        "fips_code": null,
        "fips_name": null,
        "globalid": "{9E09FE4B-55B0-45EB-8ED0-ED57D83F9B5E}"
      }
    },
    {
      "type": "Feature",
      "id": 56332,
      "geometry": {
        "type": "Point",
        "coordinates": [
          -112.33334479807951,
          37.83333899496709
        ]
      },
      "properties": {
        "objectid": 56332,
        "fod_id": 56841,
        "fpa_id": "FS-281374",
        "source_system_type": "FED",
        "source_system": "FS-FIRESTAT",
        "nwcg_reporting_agency": "FS",
        "nwcg_reporting_unit_id": "USUTDIF",
        "nwcg_reporting_unit_name": "Dixie National Forest",
        "source_reporting_unit": "0407",
        "source_reporting_unit_name": "Dixie National Forest",
        "local_fire_report_id": "39",
        "local_incident_id": null,
        "fire_code": null,
        "fire_name": null,
        "ics_209_plus_incident_join_id": null,
        "ics_209_plus_complex_join_id": null,
        "mtbs_id": null,
        "mtbs_fire_name": null,
        "complex_name": null,
        "fire_year": 1993,
        "discovery_date": 744940800000,
        "discovery_doy": 222,
        "discovery_time": "0800",
        "nwcg_cause_classification": "Natural",
        "nwcg_general_cause": "Natural",
        "nwcg_cause_age_category": null,
        "cont_date": 744940800000,
        "cont_doy": 222,
        "cont_time": "1200",
        "fire_size": 0.1,
        "fire_size_class": "A",
        "latitude": 37.83333333,
        "longitude": -112.33333332999999,
        "owner_descr": "OTHER FEDERAL",
        "state": "UT",
        "county": null,
        "fips_code": null,
        "fips_name": null,
        "globalid": "{85867779-4E5D-4A83-A964-A004D223FEE7}"
      }
    },
    {
      "type": "Feature",
      "id": 56334,
      "geometry": {
        "type": "Point",
        "coordinates": [
          -112.21667811320896,
          37.816672340920825
        ]
      },
      "properties": {
        "objectid": 56334,
        "fod_id": 56843,
        "fpa_id": "FS-281376",
        "source_system_type": "FED",
        "source_system": "FS-FIRESTAT",
        "nwcg_reporting_agency": "FS",
        "nwcg_reporting_unit_id": "USUTDIF",
        "nwcg_reporting_unit_name": "Dixie National Forest",
        "source_reporting_unit": "0407",
        "source_reporting_unit_name": "Dixie National Forest",
        "local_fire_report_id": "47",
        "local_incident_id": null,
        "fire_code": null,
        "fire_name": null,
        "ics_209_plus_incident_join_id": null,
        "ics_209_plus_complex_join_id": null,
        "mtbs_id": null,
        "mtbs_fire_name": null,
        "complex_name": null,
        "fire_year": 1993,
        "discovery_date": 745718400000,
        "discovery_doy": 231,
        "discovery_time": "1400",
        "nwcg_cause_classification": "Natural",
        "nwcg_general_cause": "Natural",
        "nwcg_cause_age_category": null,
        "cont_date": 745718400000,
        "cont_doy": 231,
        "cont_time": "2200",
        "fire_size": 0.3,
        "fire_size_class": "B",
        "latitude": 37.816666670000004,
        "longitude": -112.21666667,
        "owner_descr": "USFS",
        "state": "UT",
        "county": null,
        "fips_code": null,
        "fips_name": null,
        "globalid": "{415F28BF-909E-45E3-9FB0-650D49F7AEB6}"
      }
    },
    {
      "type": "Feature",
      "id": 68015,
      "geometry": {
        "type": "Point",
        "coordinates": [
          -112.26667812003072,
          37.78833899408597
        ]
      },
      "properties": {
        "objectid": 68015,
        "fod_id": 68740,
        "fpa_id": "FS-293388",
        "source_system_type": "FED",
        "source_system": "FS-FIRESTAT",
        "nwcg_reporting_agency": "FS",
        "nwcg_reporting_unit_id": "USUTDIF",
        "nwcg_reporting_unit_name": "Dixie National Forest",
        "source_reporting_unit": "0407",
        "source_reporting_unit_name": "Dixie National Forest",
        "local_fire_report_id": "116",
        "local_incident_id": null,
        "fire_code": null,
        "fire_name": null,
        "ics_209_plus_incident_join_id": null,
        "ics_209_plus_complex_join_id": null,
        "mtbs_id": null,
        "mtbs_fire_name": null,
        "complex_name": null,
        "fire_year": 1994,
        "discovery_date": 777254400000,
        "discovery_doy": 231,
        "discovery_time": "1000",
        "nwcg_cause_classification": "Natural",
        "nwcg_general_cause": "Natural",
        "nwcg_cause_age_category": null,
        "cont_date": 777254400000,
        "cont_doy": 231,
        "cont_time": "1700",
        "fire_size": 0.1,
        "fire_size_class": "A",
        "latitude": 37.78833333,
        "longitude": -112.26666666999999,
        "owner_descr": "USFS",
        "state": "UT",
        "county": null,
        "fips_code": null,
        "fips_name": null,
        "globalid": "{4378D543-8A9E-4E54-A5F1-45F0A57E9C04}"
      }
    },
    {
      "type": "Feature",
      "id": 68017,
      "geometry": {
        "type": "Point",
        "coordinates": [
          -112.21001143594123,
          37.76167233471641
        ]
      },
      "properties": {
        "objectid": 68017,
        "fod_id": 68742,
        "fpa_id": "FS-293390",
        "source_system_type": "FED",
        "source_system": "FS-FIRESTAT",
        "nwcg_reporting_agency": "FS",
        "nwcg_reporting_unit_id": "USUTDIF",
        "nwcg_reporting_unit_name": "Dixie National Forest",
        "source_reporting_unit": "0407",
        "source_reporting_unit_name": "Dixie National Forest",
        "local_fire_report_id": "137",
        "local_incident_id": null,
        "fire_code": null,
        "fire_name": null,
        "ics_209_plus_incident_join_id": null,
        "ics_209_plus_complex_join_id": null,
        "mtbs_id": null,
        "mtbs_fire_name": null,
        "complex_name": null,
        "fire_year": 1994,
        "discovery_date": 779846400000,
        "discovery_doy": 261,
        "discovery_time": "1800",
        "nwcg_cause_classification": "Natural",
        "nwcg_general_cause": "Natural",
        "nwcg_cause_age_category": null,
        "cont_date": 779846400000,
        "cont_doy": 261,
        "cont_time": "2000",
        "fire_size": 0.1,
        "fire_size_class": "A",
        "latitude": 37.761666670000004,
        "longitude": -112.21,
        "owner_descr": "USFS",
        "state": "UT",
        "county": null,
        "fips_code": null,
        "fips_name": null,
        "globalid": "{A14055A4-8B42-4D97-9BAD-002AA0AF7F6E}"
      }
    },
    {
      "type": "Feature",
      "id": 79173,
      "geometry": {
        "type": "Point",
        "coordinates": [
          -112.28334478350507,
          37.79000566315155
        ]
      },
      "properties": {
        "objectid": 79173,
        "fod_id": 80090,
        "fpa_id": "FS-304852",
        "source_system_type": "FED",
        "source_system": "FS-FIRESTAT",
        "nwcg_reporting_agency": "FS",
        "nwcg_reporting_unit_id": "USUTDIF",
        "nwcg_reporting_unit_name": "Dixie National Forest",
        "source_reporting_unit": "0407",
        "source_reporting_unit_name": "Dixie National Forest",
        "local_fire_report_id": "67",
        "local_incident_id": null,
        "fire_code": null,
        "fire_name": "CASTO CANYON",
        "ics_209_plus_incident_join_id": null,
        "ics_209_plus_complex_join_id": null,
        "mtbs_id": null,
        "mtbs_fire_name": null,
        "complex_name": null,
        "fire_year": 1995,
        "discovery_date": 810950400000,
        "discovery_doy": 256,
        "discovery_time": "1400",
        "nwcg_cause_classification": "Natural",
        "nwcg_general_cause": "Natural",
        "nwcg_cause_age_category": null,
        "cont_date": 811036800000,
        "cont_doy": 257,
        "cont_time": "1200",
        "fire_size": 0.5,
        "fire_size_class": "B",
        "latitude": 37.79,
        "longitude": -112.28333332999999,
        "owner_descr": "USFS",
        "state": "UT",
        "county": null,
        "fips_code": null,
        "fips_name": null,
        "globalid": "{580E7AD9-3B7C-4B15-B10E-E49328774659}"
      }
    },
    {
      "type": "Feature",
      "id": 85076,
      "geometry": {
        "type": "Point",
        "coordinates": [
          -112.26334477505101,
          37.74833898947472
        ]
      },
      "properties": {
        "objectid": 85076,
        "fod_id": 86059,
        "fpa_id": "FS-310874",
        "source_system_type": "FED",
        "source_system": "FS-FIRESTAT",
        "nwcg_reporting_agency": "FS",
        "nwcg_reporting_unit_id": "USUTDIF",
        "nwcg_reporting_unit_name": "Dixie National Forest",
        "source_reporting_unit": "0407",
        "source_reporting_unit_name": "Dixie National Forest",
        "local_fire_report_id": "53",
        "local_incident_id": null,
        "fire_code": null,
        "fire_name": "CORRAL HOLLOW",
        "ics_209_plus_incident_join_id": null,
        "ics_209_plus_complex_join_id": null,
        "mtbs_id": null,
        "mtbs_fire_name": null,
        "complex_name": null,
        "fire_year": 1996,
        "discovery_date": 836352000000,
        "discovery_doy": 185,
        "discovery_time": "1600",
        "nwcg_cause_classification": "Natural",
        "nwcg_general_cause": "Natural",
        "nwcg_cause_age_category": null,
        "cont_date": 836352000000,
        "cont_doy": 185,
        "cont_time": "1700",
        "fire_size": 0.1,
        "fire_size_class": "A",
        "latitude": 37.74833333,
        "longitude": -112.26333333,
        "owner_descr": "USFS",
        "state": "UT",
        "county": null,
        "fips_code": null,
        "fips_name": null,
        "globalid": "{E320D165-2E59-45EA-8B21-28FA5D2A6D90}"
      }
    },
    {
      "type": "Feature",
      "id": 85121,
      "geometry": {
        "type": "Point",
        "coordinates": [
          -112.17001142425111,
          37.72667233318833
        ]
      },
      "properties": {
        "objectid": 85121,
        "fod_id": 86104,
        "fpa_id": "FS-310919",
        "source_system_type": "FED",
        "source_system": "FS-FIRESTAT",
        "nwcg_reporting_agency": "FS",
        "nwcg_reporting_unit_id": "USUTDIF",
        "nwcg_reporting_unit_name": "Dixie National Forest",
        "source_reporting_unit": "0407",
        "source_reporting_unit_name": "Dixie National Forest",
        "local_fire_report_id": "26",
        "local_incident_id": null,
        "fire_code": null,
        "fire_name": "JOHN L.SWALE",
        "ics_209_plus_incident_join_id": null,
        "ics_209_plus_complex_join_id": null,
        "mtbs_id": null,
        "mtbs_fire_name": null,
        "complex_name": null,
        "fire_year": 1996,
        "discovery_date": 835228800000,
        "discovery_doy": 172,
        "discovery_time": "0900",
        "nwcg_cause_classification": "Natural",
        "nwcg_general_cause": "Natural",
        "nwcg_cause_age_category": null,
        "cont_date": 835228800000,
        "cont_doy": 172,
        "cont_time": "1200",
        "fire_size": 0.1,
        "fire_size_class": "A",
        "latitude": 37.72666667,
        "longitude": -112.17,
        "owner_descr": "USFS",
        "state": "UT",
        "county": null,
        "fips_code": null,
        "fips_name": null,
        "globalid": "{A3179953-2911-46EE-9263-B63C365F49C7}"
      }
    },
    {
      "type": "Feature",
      "id": 86688,
      "geometry": {
        "type": "Point",
        "coordinates": [
          -112.24834476724185,
          37.703338985042414
        ]
      },
      "properties": {
        "objectid": 86688,
        "fod_id": 87679,
        "fpa_id": "FS-312495",
        "source_system_type": "FED",
        "source_system": "FS-FIRESTAT",
        "nwcg_reporting_agency": "FS",
        "nwcg_reporting_unit_id": "USUTDIF",
        "nwcg_reporting_unit_name": "Dixie National Forest",
        "source_reporting_unit": "0407",
        "source_reporting_unit_name": "Dixie National Forest",
        "local_fire_report_id": "65",
        "local_incident_id": null,
        "fire_code": null,
        "fire_name": "WILSON PEAK",
        "ics_209_plus_incident_join_id": null,
        "ics_209_plus_complex_join_id": null,
        "mtbs_id": null,
        "mtbs_fire_name": null,
        "complex_name": null,
        "fire_year": 1996,
        "discovery_date": 838252800000,
        "discovery_doy": 207,
        "discovery_time": "1400",
        "nwcg_cause_classification": "Natural",
        "nwcg_general_cause": "Natural",
        "nwcg_cause_age_category": null,
        "cont_date": 838252800000,
        "cont_doy": 207,
        "cont_time": "1530",
        "fire_size": 0.1,
        "fire_size_class": "A",
        "latitude": 37.70333333,
        "longitude": -112.24833333,
        "owner_descr": "USFS",
        "state": "UT",
        "county": null,
        "fips_code": null,
        "fips_name": null,
        "globalid": "{1D2937F1-CA16-404E-97C7-4582F687A832}"
      }
    },
    {
      "type": "Feature",
      "id": 104589,
      "geometry": {
        "type": "Point",
        "coordinates": [
          -112.22001144477231,
          37.825005671701156
        ]
      },
      "properties": {
        "objectid": 104589,
        "fod_id": 105720,
        "fpa_id": "FS-330687",
        "source_system_type": "FED",
        "source_system": "FS-FIRESTAT",
        "nwcg_reporting_agency": "FS",
        "nwcg_reporting_unit_id": "USUTDIF",
        "nwcg_reporting_unit_name": "Dixie National Forest",
        "source_reporting_unit": "0407",
        "source_reporting_unit_name": "Dixie National Forest",
        "local_fire_report_id": "7",
        "local_incident_id": null,
        "fire_code": null,
        "fire_name": "OVERLOOK",
        "ics_209_plus_incident_join_id": null,
        "ics_209_plus_complex_join_id": null,
        "mtbs_id": null,
        "mtbs_fire_name": null,
        "complex_name": null,
        "fire_year": 1998,
        "discovery_date": 900720000000,
        "discovery_doy": 199,
        "discovery_time": "1630",
        "nwcg_cause_classification": "Natural",
        "nwcg_general_cause": "Natural",
        "nwcg_cause_age_category": null,
        "cont_date": 900806400000,
        "cont_doy": 200,
        "cont_time": "0700",
        "fire_size": 0.1,
        "fire_size_class": "A",
        "latitude": 37.825,
        "longitude": -112.22,
        "owner_descr": "USFS",
        "state": "UT",
        "county": null,
        "fips_code": null,
        "fips_name": null,
        "globalid": "{777AC2EC-FD0F-4530-9E4D-8FAEE562A64D}"
      }
    },
    {
      "type": "Feature",
      "id": 104590,
      "geometry": {
        "type": "Point",
        "coordinates": [
          -112.25001144439364,
          37.76667233260048
        ]
      },
      "properties": {
        "objectid": 104590,
        "fod_id": 105721,
        "fpa_id": "FS-330688",
        "source_system_type": "FED",
        "source_system": "FS-FIRESTAT",
        "nwcg_reporting_agency": "FS",
        "nwcg_reporting_unit_id": "USUTDIF",
        "nwcg_reporting_unit_name": "Dixie National Forest",
        "source_reporting_unit": "0407",
        "source_reporting_unit_name": "Dixie National Forest",
        "local_fire_report_id": "5",
        "local_incident_id": null,
        "fire_code": null,
        "fire_name": "BERRY SPRINGS",
        "ics_209_plus_incident_join_id": null,
        "ics_209_plus_complex_join_id": null,
        "mtbs_id": null,
        "mtbs_fire_name": null,
        "complex_name": null,
        "fire_year": 1998,
        "discovery_date": 899856000000,
        "discovery_doy": 189,
        "discovery_time": "1630",
        "nwcg_cause_classification": "Human",
        "nwcg_general_cause": "Recreation and ceremony",
        "nwcg_cause_age_category": null,
        "cont_date": 899856000000,
        "cont_doy": 189,
        "cont_time": "1700",
        "fire_size": 0.1,
        "fire_size_class": "A",
        "latitude": 37.76666667,
        "longitude": -112.25,
        "owner_descr": "USFS",
        "state": "UT",
        "county": null,
        "fips_code": null,
        "fips_name": null,
        "globalid": "{3E3493A3-1DBD-4E7A-8647-4A195F05C639}"
      }
    },
    {
      "type": "Feature",
      "id": 119325,
      "geometry": {
        "type": "Point",
        "coordinates": [
          -112.32001145645403,
          37.75028343585548
        ]
      },
      "properties": {
        "objectid": 119325,
        "fod_id": 120549,
        "fpa_id": "FS-345589",
        "source_system_type": "FED",
        "source_system": "FS-FIRESTAT",
        "nwcg_reporting_agency": "FS",
        "nwcg_reporting_unit_id": "USUTDIF",
        "nwcg_reporting_unit_name": "Dixie National Forest",
        "source_reporting_unit": "0407",
        "source_reporting_unit_name": "Dixie National Forest",
        "local_fire_report_id": "40",
        "local_incident_id": null,
        "fire_code": null,
        "fire_name": "BLACK MOUNTAIN",
        "ics_209_plus_incident_join_id": null,
        "ics_209_plus_complex_join_id": null,
        "mtbs_id": null,
        "mtbs_fire_name": null,
        "complex_name": null,
        "fire_year": 1999,
        "discovery_date": 935020800000,
        "discovery_doy": 231,
        "discovery_time": "1515",
        "nwcg_cause_classification": "Natural",
        "nwcg_general_cause": "Natural",
        "nwcg_cause_age_category": null,
        "cont_date": 935020800000,
        "cont_doy": 231,
        "cont_time": "2000",
        "fire_size": 0.1,
        "fire_size_class": "A",
        "latitude": 37.75027778,
        "longitude": -112.32,
        "owner_descr": "USFS",
        "state": "UT",
        "county": null,
        "fips_code": null,
        "fips_name": null,
        "globalid": "{031B938A-2BD6-43E4-9A8B-5EFC4BD91A5F}"
      }
    },
    {
      "type": "Feature",
      "id": 127478,
      "geometry": {
        "type": "Point",
        "coordinates": [
          -112.3016781302275,
          37.81861677535514
        ]
      },
      "properties": {
        "objectid": 127478,
        "fod_id": 128744,
        "fpa_id": "FS-353944",
        "source_system_type": "FED",
        "source_system": "FS-FIRESTAT",
        "nwcg_reporting_agency": "FS",
        "nwcg_reporting_unit_id": "USUTDIF",
        "nwcg_reporting_unit_name": "Dixie National Forest",
        "source_reporting_unit": "0407",
        "source_reporting_unit_name": "Dixie National Forest",
        "local_fire_report_id": "18",
        "local_incident_id": null,
        "fire_code": null,
        "fire_name": "LIME KILN",
        "ics_209_plus_incident_join_id": null,
        "ics_209_plus_complex_join_id": null,
        "mtbs_id": null,
        "mtbs_fire_name": null,
        "complex_name": null,
        "fire_year": 2000,
        "discovery_date": 961200000000,
        "discovery_doy": 169,
        "discovery_time": "0845",
        "nwcg_cause_classification": "Natural",
        "nwcg_general_cause": "Natural",
        "nwcg_cause_age_category": null,
        "cont_date": 961200000000,
        "cont_doy": 169,
        "cont_time": "0915",
        "fire_size": 0.1,
        "fire_size_class": "A",
        "latitude": 37.818611110000006,
        "longitude": -112.30166666999999,
        "owner_descr": "USFS",
        "state": "UT",
        "county": null,
        "fips_code": null,
        "fips_name": null,
        "globalid": "{BF4E8902-1810-46E7-8197-B0BF7646297D}"
      }
    },
    {
      "type": "Feature",
      "id": 127485,
      "geometry": {
        "type": "Point",
        "coordinates": [
          -112.23334477653727,
          37.816950109817405
        ]
      },
      "properties": {
        "objectid": 127485,
        "fod_id": 128751,
        "fpa_id": "FS-353951",
        "source_system_type": "FED",
        "source_system": "FS-FIRESTAT",
        "nwcg_reporting_agency": "FS",
        "nwcg_reporting_unit_id": "USUTDIF",
        "nwcg_reporting_unit_name": "Dixie National Forest",
        "source_reporting_unit": "0407",
        "source_reporting_unit_name": "Dixie National Forest",
        "local_fire_report_id": "17",
        "local_incident_id": null,
        "fire_code": null,
        "fire_name": "SHOWALTER",
        "ics_209_plus_incident_join_id": null,
        "ics_209_plus_complex_join_id": null,
        "mtbs_id": null,
        "mtbs_fire_name": null,
        "complex_name": null,
        "fire_year": 2000,
        "discovery_date": 960940800000,
        "discovery_doy": 166,
        "discovery_time": "1000",
        "nwcg_cause_classification": "Natural",
        "nwcg_general_cause": "Natural",
        "nwcg_cause_age_category": null,
        "cont_date": 961027200000,
        "cont_doy": 167,
        "cont_time": "0900",
        "fire_size": 0.1,
        "fire_size_class": "A",
        "latitude": 37.81694444,
        "longitude": -112.23333333,
        "owner_descr": "USFS",
        "state": "UT",
        "county": null,
        "fips_code": null,
        "fips_name": null,
        "globalid": "{2CF49D4D-C48D-49BC-A483-78C10CAF61A9}"
      }
    },
    {
      "type": "Feature",
      "id": 127497,
      "geometry": {
        "type": "Point",
        "coordinates": [
          -112.19251142942358,
          37.73333899247019
        ]
      },
      "properties": {
        "objectid": 127497,
        "fod_id": 128763,
        "fpa_id": "FS-353963",
        "source_system_type": "FED",
        "source_system": "FS-FIRESTAT",
        "nwcg_reporting_agency": "FS",
        "nwcg_reporting_unit_id": "USUTDIF",
        "nwcg_reporting_unit_name": "Dixie National Forest",
        "source_reporting_unit": "0407",
        "source_reporting_unit_name": "Dixie National Forest",
        "local_fire_report_id": "43",
        "local_incident_id": null,
        "fire_code": null,
        "fire_name": "GUSSIE DRAW",
        "ics_209_plus_incident_join_id": null,
        "ics_209_plus_complex_join_id": null,
        "mtbs_id": null,
        "mtbs_fire_name": null,
        "complex_name": null,
        "fire_year": 2000,
        "discovery_date": 963100800000,
        "discovery_doy": 191,
        "discovery_time": "1630",
        "nwcg_cause_classification": "Natural",
        "nwcg_general_cause": "Natural",
        "nwcg_cause_age_category": null,
        "cont_date": 963100800000,
        "cont_doy": 191,
        "cont_time": "1900",
        "fire_size": 0.1,
        "fire_size_class": "A",
        "latitude": 37.73333333,
        "longitude": -112.1925,
        "owner_descr": "USFS",
        "state": "UT",
        "county": null,
        "fips_code": null,
        "fips_name": null,
        "globalid": "{26C95516-68F1-4947-B499-FE8F09EDA337}"
      }
    },
    {
      "type": "Feature",
      "id": 149931,
      "geometry": {
        "type": "Point",
        "coordinates": [
          -112.32001145648401,
          37.75056121588908
        ]
      },
      "properties": {
        "objectid": 149931,
        "fod_id": 151431,
        "fpa_id": "FS-378431",
        "source_system_type": "FED",
        "source_system": "FS-FIRESTAT",
        "nwcg_reporting_agency": "FS",
        "nwcg_reporting_unit_id": "USUTDIF",
        "nwcg_reporting_unit_name": "Dixie National Forest",
        "source_reporting_unit": "0407",
        "source_reporting_unit_name": "Dixie National Forest",
        "local_fire_report_id": "57",
        "local_incident_id": null,
        "fire_code": null,
        "fire_name": "BLACK MOUNTAIN",
        "ics_209_plus_incident_join_id": null,
        "ics_209_plus_complex_join_id": null,
        "mtbs_id": null,
        "mtbs_fire_name": null,
        "complex_name": null,
        "fire_year": 2002,
        "discovery_date": 1027382400000,
        "discovery_doy": 204,
        "discovery_time": "1745",
        "nwcg_cause_classification": "Natural",
        "nwcg_general_cause": "Natural",
        "nwcg_cause_age_category": null,
        "cont_date": 1027468800000,
        "cont_doy": 205,
        "cont_time": "1200",
        "fire_size": 0.1,
        "fire_size_class": "A",
        "latitude": 37.75055556,
        "longitude": -112.32,
        "owner_descr": "USFS",
        "state": "UT",
        "county": null,
        "fips_code": null,
        "fips_name": null,
        "globalid": "{96DA91A5-745B-450C-90E4-98C98ADFAA5F}"
      }
    },
    {
      "type": "Feature",
      "id": 161171,
      "geometry": {
        "type": "Point",
        "coordinates": [
          -112.2558447795729,
          37.80389455670463
        ]
      },
      "properties": {
        "objectid": 161171,
        "fod_id": 162790,
        "fpa_id": "FS-390779",
        "source_system_type": "FED",
        "source_system": "FS-FIRESTAT",
        "nwcg_reporting_agency": "FS",
        "nwcg_reporting_unit_id": "USUTDIF",
        "nwcg_reporting_unit_name": "Dixie National Forest",
        "source_reporting_unit": "0407",
        "source_reporting_unit_name": "Dixie National Forest",
        "local_fire_report_id": "13",
        "local_incident_id": null,
        "fire_code": null,
        "fire_name": "CASTO",
        "ics_209_plus_incident_join_id": null,
        "ics_209_plus_complex_join_id": null,
        "mtbs_id": null,
        "mtbs_fire_name": null,
        "complex_name": null,
        "fire_year": 2003,
        "discovery_date": 1054339200000,
        "discovery_doy": 151,
        "discovery_time": "1700",
        "nwcg_cause_classification": "Natural",
        "nwcg_general_cause": "Natural",
        "nwcg_cause_age_category": null,
        "cont_date": 1054425600000,
        "cont_doy": 152,
        "cont_time": "1300",
        "fire_size": 0.3,
        "fire_size_class": "B",
        "latitude": 37.80388889,
        "longitude": -112.25583332999999,
        "owner_descr": "USFS",
        "state": "UT",
        "county": null,
        "fips_code": null,
        "fips_name": null,
        "globalid": "{8773B181-9104-44FF-8F79-CBCB147BCB90}"
      }
    },
    {
      "type": "Feature",
      "id": 161173,
      "geometry": {
        "type": "Point",
        "coordinates": [
          -112.28445588548243,
          37.713616763837194
        ]
      },
      "properties": {
        "objectid": 161173,
        "fod_id": 162792,
        "fpa_id": "FS-390781",
        "source_system_type": "FED",
        "source_system": "FS-FIRESTAT",
        "nwcg_reporting_agency": "FS",
        "nwcg_reporting_unit_id": "USUTDIF",
        "nwcg_reporting_unit_name": "Dixie National Forest",
        "source_reporting_unit": "0407",
        "source_reporting_unit_name": "Dixie National Forest",
        "local_fire_report_id": "40",
        "local_incident_id": null,
        "fire_code": null,
        "fire_name": "THUNDER MOUNTAIN",
        "ics_209_plus_incident_join_id": null,
        "ics_209_plus_complex_join_id": null,
        "mtbs_id": null,
        "mtbs_fire_name": null,
        "complex_name": null,
        "fire_year": 2003,
        "discovery_date": 1058832000000,
        "discovery_doy": 203,
        "discovery_time": "1515",
        "nwcg_cause_classification": "Natural",
        "nwcg_general_cause": "Natural",
        "nwcg_cause_age_category": null,
        "cont_date": 1058918400000,
        "cont_doy": 204,
        "cont_time": "1200",
        "fire_size": 0.3,
        "fire_size_class": "B",
        "latitude": 37.71361111,
        "longitude": -112.28444444,
        "owner_descr": "USFS",
        "state": "UT",
        "county": null,
        "fips_code": null,
        "fips_name": null,
        "globalid": "{EAB14CDD-2C9E-4FD5-90E3-1EBC523400DA}"
      }
    },
    {
      "type": "Feature",
      "id": 161176,
      "geometry": {
        "type": "Point",
        "coordinates": [
          -112.21778922424207,
          37.82417234175207
        ]
      },
      "properties": {
        "objectid": 161176,
        "fod_id": 162795,
        "fpa_id": "FS-390784",
        "source_system_type": "FED",
        "source_system": "FS-FIRESTAT",
        "nwcg_reporting_agency": "FS",
        "nwcg_reporting_unit_id": "USUTDIF",
        "nwcg_reporting_unit_name": "Dixie National Forest",
        "source_reporting_unit": "0407",
        "source_reporting_unit_name": "Dixie National Forest",
        "local_fire_report_id": "46",
        "local_incident_id": null,
        "fire_code": null,
        "fire_name": "BUTLER PEAK",
        "ics_209_plus_incident_join_id": null,
        "ics_209_plus_complex_join_id": null,
        "mtbs_id": null,
        "mtbs_fire_name": null,
        "complex_name": null,
        "fire_year": 2003,
        "discovery_date": 1059004800000,
        "discovery_doy": 205,
        "discovery_time": "1500",
        "nwcg_cause_classification": "Natural",
        "nwcg_general_cause": "Natural",
        "nwcg_cause_age_category": null,
        "cont_date": 1059091200000,
        "cont_doy": 206,
        "cont_time": "1500",
        "fire_size": 0.1,
        "fire_size_class": "A",
        "latitude": 37.824166670000004,
        "longitude": -112.21777777999999,
        "owner_descr": "USFS",
        "state": "UT",
        "county": null,
        "fips_code": null,
        "fips_name": null,
        "globalid": "{1E59389A-2DE0-498E-AD2A-324977F9C185}"
      }
    },
    {
      "type": "Feature",
      "id": 161195,
      "geometry": {
        "type": "Point",
        "coordinates": [
          -112.30501144906364,
          37.70917232190379
        ]
      },
      "properties": {
        "objectid": 161195,
        "fod_id": 162814,
        "fpa_id": "FS-390803",
        "source_system_type": "FED",
        "source_system": "FS-FIRESTAT",
        "nwcg_reporting_agency": "FS",
        "nwcg_reporting_unit_id": "USUTDIF",
        "nwcg_reporting_unit_name": "Dixie National Forest",
        "source_reporting_unit": "0407",
        "source_reporting_unit_name": "Dixie National Forest",
        "local_fire_report_id": "89",
        "local_incident_id": null,
        "fire_code": null,
        "fire_name": "THUNDER",
        "ics_209_plus_incident_join_id": null,
        "ics_209_plus_complex_join_id": null,
        "mtbs_id": null,
        "mtbs_fire_name": null,
        "complex_name": null,
        "fire_year": 2003,
        "discovery_date": 1061251200000,
        "discovery_doy": 231,
        "discovery_time": "1300",
        "nwcg_cause_classification": "Natural",
        "nwcg_general_cause": "Natural",
        "nwcg_cause_age_category": null,
        "cont_date": 1061251200000,
        "cont_doy": 231,
        "cont_time": "1700",
        "fire_size": 0.1,
        "fire_size_class": "A",
        "latitude": 37.70916667,
        "longitude": -112.305,
        "owner_descr": "USFS",
        "state": "UT",
        "county": null,
        "fips_code": null,
        "fips_name": null,
        "globalid": "{673B591B-3858-41CB-9560-9755AED5262A}"
      }
    },
    {
      "type": "Feature",
      "id": 161197,
      "geometry": {
        "type": "Point",
        "coordinates": [
          -112.28584477811943,
          37.73556121639891
        ]
      },
      "properties": {
        "objectid": 161197,
        "fod_id": 162816,
        "fpa_id": "FS-390805",
        "source_system_type": "FED",
        "source_system": "FS-FIRESTAT",
        "nwcg_reporting_agency": "FS",
        "nwcg_reporting_unit_id": "USUTDIF",
        "nwcg_reporting_unit_name": "Dixie National Forest",
        "source_reporting_unit": "0407",
        "source_reporting_unit_name": "Dixie National Forest",
        "local_fire_report_id": "88",
        "local_incident_id": null,
        "fire_code": null,
        "fire_name": "RED CANYON",
        "ics_209_plus_incident_join_id": null,
        "ics_209_plus_complex_join_id": null,
        "mtbs_id": null,
        "mtbs_fire_name": null,
        "complex_name": null,
        "fire_year": 2003,
        "discovery_date": 1060732800000,
        "discovery_doy": 225,
        "discovery_time": "1615",
        "nwcg_cause_classification": "Natural",
        "nwcg_general_cause": "Natural",
        "nwcg_cause_age_category": null,
        "cont_date": 1060732800000,
        "cont_doy": 225,
        "cont_time": "1800",
        "fire_size": 0.5,
        "fire_size_class": "B",
        "latitude": 37.73555556,
        "longitude": -112.28583332999999,
        "owner_descr": "USFS",
        "state": "UT",
        "county": null,
        "fips_code": null,
        "fips_name": null,
        "globalid": "{921F38F7-5BD8-44A2-83D0-D736FE595663}"
      }
    },
    {
      "type": "Feature",
      "id": 343561,
      "geometry": {
        "type": "Point",
        "coordinates": [
          -112.33427146767336,
          37.82791566425026
        ]
      },
      "properties": {
        "objectid": 343561,
        "fod_id": 352372,
        "fpa_id": "W-99225",
        "source_system_type": "FED",
        "source_system": "DOI-WFMI",
        "nwcg_reporting_agency": "BLM",
        "nwcg_reporting_unit_id": "USUTCCD",
        "nwcg_reporting_unit_name": "Cedar City Field Office",
        "source_reporting_unit": "UTCCD",
        "source_reporting_unit_name": "Cedar City Field Office",
        "local_fire_report_id": null,
        "local_incident_id": null,
        "fire_code": "S232",
        "fire_name": "BUTLER WSH",
        "ics_209_plus_incident_join_id": null,
        "ics_209_plus_complex_join_id": null,
        "mtbs_id": null,
        "mtbs_fire_name": null,
        "complex_name": null,
        "fire_year": 2000,
        "discovery_date": 966988800000,
        "discovery_doy": 236,
        "discovery_time": "0915",
        "nwcg_cause_classification": "Natural",
        "nwcg_general_cause": "Natural",
        "nwcg_cause_age_category": null,
        "cont_date": 966988800000,
        "cont_doy": 236,
        "cont_time": "1530",
        "fire_size": 0.1,
        "fire_size_class": "A",
        "latitude": 37.82791,
        "longitude": -112.33426,
        "owner_descr": "BLM",
        "state": "UT",
        "county": "Garfield",
        "fips_code": "49017",
        "fips_name": "Garfield County",
        "globalid": "{C07A658E-1185-495A-A577-B88B14C7FCC4}"
      }
    },
    {
      "type": "Feature",
      "id": 343562,
      "geometry": {
        "type": "Point",
        "coordinates": [
          -112.35455146750486,
          37.7894556582304
        ]
      },
      "properties": {
        "objectid": 343562,
        "fod_id": 352373,
        "fpa_id": "W-99206",
        "source_system_type": "FED",
        "source_system": "DOI-WFMI",
        "nwcg_reporting_agency": "BLM",
        "nwcg_reporting_unit_id": "USUTCCD",
        "nwcg_reporting_unit_name": "Cedar City Field Office",
        "source_reporting_unit": "UTCCD",
        "source_reporting_unit_name": "Cedar City Field Office",
        "local_fire_report_id": null,
        "local_incident_id": null,
        "fire_code": "S231",
        "fire_name": "CASTO",
        "ics_209_plus_incident_join_id": null,
        "ics_209_plus_complex_join_id": null,
        "mtbs_id": null,
        "mtbs_fire_name": null,
        "complex_name": null,
        "fire_year": 2000,
        "discovery_date": 966988800000,
        "discovery_doy": 236,
        "discovery_time": "1600",
        "nwcg_cause_classification": "Natural",
        "nwcg_general_cause": "Natural",
        "nwcg_cause_age_category": null,
        "cont_date": 966988800000,
        "cont_doy": 236,
        "cont_time": "1700",
        "fire_size": 0.1,
        "fire_size_class": "A",
        "latitude": 37.78945,
        "longitude": -112.35454,
        "owner_descr": "BLM",
        "state": "UT",
        "county": "Garfield",
        "fips_code": "49017",
        "fips_name": "Garfield County",
        "globalid": "{504A2236-FCB1-4423-BA49-173DF9988AA5}"
      }
    },
    {
      "type": "Feature",
      "id": 343626,
      "geometry": {
        "type": "Point",
        "coordinates": [
          -112.40221147515389,
          37.77330565303463
        ]
      },
      "properties": {
        "objectid": 343626,
        "fod_id": 352438,
        "fpa_id": "W-102794",
        "source_system_type": "FED",
        "source_system": "DOI-WFMI",
        "nwcg_reporting_agency": "BLM",
        "nwcg_reporting_unit_id": "USUTCCD",
        "nwcg_reporting_unit_name": "Cedar City Field Office",
        "source_reporting_unit": "UTCCD",
        "source_reporting_unit_name": "Cedar City Field Office",
        "local_fire_report_id": null,
        "local_incident_id": null,
        "fire_code": "S261",
        "fire_name": "GRAVEYARD",
        "ics_209_plus_incident_join_id": null,
        "ics_209_plus_complex_join_id": null,
        "mtbs_id": null,
        "mtbs_fire_name": null,
        "complex_name": null,
        "fire_year": 2001,
        "discovery_date": 993686400000,
        "discovery_doy": 179,
        "discovery_time": "1540",
        "nwcg_cause_classification": "Natural",
        "nwcg_general_cause": "Natural",
        "nwcg_cause_age_category": null,
        "cont_date": 993686400000,
        "cont_doy": 179,
        "cont_time": "1932",
        "fire_size": 0.1,
        "fire_size_class": "A",
        "latitude": 37.7733,
        "longitude": -112.4022,
        "owner_descr": "BLM",
        "state": "UT",
        "county": "Garfield",
        "fips_code": "49017",
        "fips_name": "Garfield County",
        "globalid": "{F543A664-D4D1-418F-95BC-0DDD5A4224C9}"
      }
    },
    {
      "type": "Feature",
      "id": 343656,
      "geometry": {
        "type": "Point",
        "coordinates": [
          -112.40411147967845,
          37.81160565751541
        ]
      },
      "properties": {
        "objectid": 343656,
        "fod_id": 352468,
        "fpa_id": "W-103508",
        "source_system_type": "FED",
        "source_system": "DOI-WFMI",
        "nwcg_reporting_agency": "BLM",
        "nwcg_reporting_unit_id": "USUTCCD",
        "nwcg_reporting_unit_name": "Cedar City Field Office",
        "source_reporting_unit": "UTCCD",
        "source_reporting_unit_name": "Cedar City Field Office",
        "local_fire_report_id": null,
        "local_incident_id": null,
        "fire_code": "W238",
        "fire_name": "FIREWORKS",
        "ics_209_plus_incident_join_id": null,
        "ics_209_plus_complex_join_id": null,
        "mtbs_id": null,
        "mtbs_fire_name": null,
        "complex_name": null,
        "fire_year": 2001,
        "discovery_date": 994982400000,
        "discovery_doy": 194,
        "discovery_time": "2010",
        "nwcg_cause_classification": "Human",
        "nwcg_general_cause": "Fireworks",
        "nwcg_cause_age_category": "Minor",
        "cont_date": 994982400000,
        "cont_doy": 194,
        "cont_time": "2030",
        "fire_size": 0.2,
        "fire_size_class": "A",
        "latitude": 37.8116,
        "longitude": -112.4041,
        "owner_descr": "BLM",
        "state": "UT",
        "county": "Garfield",
        "fips_code": "49017",
        "fips_name": "Garfield County",
        "globalid": "{A1512E63-02B5-42CF-B81B-A5DD56772766}"
      }
    },
    {
      "type": "Feature",
      "id": 344271,
      "geometry": {
        "type": "Point",
        "coordinates": [
          -112.38411146726631,
          37.7333056494451
        ]
      },
      "properties": {
        "objectid": 344271,
        "fod_id": 353099,
        "fpa_id": "W-124084",
        "source_system_type": "FED",
        "source_system": "DOI-WFMI",
        "nwcg_reporting_agency": "BLM",
        "nwcg_reporting_unit_id": "USUTCCD",
        "nwcg_reporting_unit_name": "Cedar City Field Office",
        "source_reporting_unit": "UTCCD",
        "source_reporting_unit_name": "Cedar City Field Office",
        "local_fire_report_id": null,
        "local_incident_id": null,
        "fire_code": "A8BB",
        "fire_name": "JUNTION 2",
        "ics_209_plus_incident_join_id": null,
        "ics_209_plus_complex_join_id": null,
        "mtbs_id": null,
        "mtbs_fire_name": null,
        "complex_name": null,
        "fire_year": 2004,
        "discovery_date": 1090022400000,
        "discovery_doy": 199,
        "discovery_time": "1603",
        "nwcg_cause_classification": "Natural",
        "nwcg_general_cause": "Natural",
        "nwcg_cause_age_category": null,
        "cont_date": 1090022400000,
        "cont_doy": 199,
        "cont_time": "1800",
        "fire_size": 0.1,
        "fire_size_class": "A",
        "latitude": 37.7333,
        "longitude": -112.3841,
        "owner_descr": "BLM",
        "state": "UT",
        "county": "Kane",
        "fips_code": "49025",
        "fips_name": "Kane County",
        "globalid": "{D6E654E0-2A43-461F-8BF3-198B6D531AEC}"
      }
    },
    {
      "type": "Feature",
      "id": 344593,
      "geometry": {
        "type": "Point",
        "coordinates": [
          -112.38921146887544,
          37.73890564977372
        ]
      },
      "properties": {
        "objectid": 344593,
        "fod_id": 353437,
        "fpa_id": "W-510797",
        "source_system_type": "FED",
        "source_system": "DOI-WFMI",
        "nwcg_reporting_agency": "BLM",
        "nwcg_reporting_unit_id": "USUTCCD",
        "nwcg_reporting_unit_name": "Cedar City Field Office",
        "source_reporting_unit": "UTCCD",
        "source_reporting_unit_name": "Cedar City Field Office",
        "local_fire_report_id": null,
        "local_incident_id": null,
        "fire_code": "B7GW",
        "fire_name": "S CANYON",
        "ics_209_plus_incident_join_id": null,
        "ics_209_plus_complex_join_id": null,
        "mtbs_id": null,
        "mtbs_fire_name": null,
        "complex_name": null,
        "fire_year": 2005,
        "discovery_date": 1127865600000,
        "discovery_doy": 271,
        "discovery_time": "1509",
        "nwcg_cause_classification": "Natural",
        "nwcg_general_cause": "Natural",
        "nwcg_cause_age_category": null,
        "cont_date": 1128297600000,
        "cont_doy": 276,
        "cont_time": "1500",
        "fire_size": 55,
        "fire_size_class": "C",
        "latitude": 37.7389,
        "longitude": -112.3892,
        "owner_descr": "BLM",
        "state": "UT",
        "county": "Garfield",
        "fips_code": "49017",
        "fips_name": "Garfield County",
        "globalid": "{2F929F06-C594-4527-A00D-6513A852F5E2}"
      }
    },
    {
      "type": "Feature",
      "id": 345039,
      "geometry": {
        "type": "Point",
        "coordinates": [
          -112.4061114754464,
          37.7689056522388
        ]
      },
      "properties": {
        "objectid": 345039,
        "fod_id": 353905,
        "fpa_id": "W-552716",
        "source_system_type": "FED",
        "source_system": "DOI-WFMI",
        "nwcg_reporting_agency": "BLM",
        "nwcg_reporting_unit_id": "USUTCCD",
        "nwcg_reporting_unit_name": "Cedar City Field Office",
        "source_reporting_unit": "UTCCD",
        "source_reporting_unit_name": "Cedar City Field Office",
        "local_fire_report_id": null,
        "local_incident_id": null,
        "fire_code": "DX82",
        "fire_name": "GEORGE",
        "ics_209_plus_incident_join_id": null,
        "ics_209_plus_complex_join_id": null,
        "mtbs_id": null,
        "mtbs_fire_name": null,
        "complex_name": null,
        "fire_year": 2007,
        "discovery_date": 1188086400000,
        "discovery_doy": 238,
        "discovery_time": "1635",
        "nwcg_cause_classification": "Natural",
        "nwcg_general_cause": "Natural",
        "nwcg_cause_age_category": null,
        "cont_date": 1188086400000,
        "cont_doy": 238,
        "cont_time": "1730",
        "fire_size": 0.1,
        "fire_size_class": "A",
        "latitude": 37.7689,
        "longitude": -112.4061,
        "owner_descr": "BLM",
        "state": "UT",
        "county": "Garfield",
        "fips_code": "49017",
        "fips_name": "Garfield County",
        "globalid": "{1A1EDD7F-DCE4-4756-AC31-6BAAEFEBB4C0}"
      }
    },
    {
      "type": "Feature",
      "id": 345097,
      "geometry": {
        "type": "Point",
        "coordinates": [
          -112.40531147516977,
          37.76780565216086
        ]
      },
      "properties": {
        "objectid": 345097,
        "fod_id": 353967,
        "fpa_id": "W-573440",
        "source_system_type": "FED",
        "source_system": "DOI-WFMI",
        "nwcg_reporting_agency": "BLM",
        "nwcg_reporting_unit_id": "USUTCCD",
        "nwcg_reporting_unit_name": "Cedar City Field Office",
        "source_reporting_unit": "UTCCD",
        "source_reporting_unit_name": "Cedar City Field Office",
        "local_fire_report_id": null,
        "local_incident_id": null,
        "fire_code": "D9KV",
        "fire_name": "GRAVEYARD",
        "ics_209_plus_incident_join_id": null,
        "ics_209_plus_complex_join_id": null,
        "mtbs_id": null,
        "mtbs_fire_name": null,
        "complex_name": null,
        "fire_year": 2008,
        "discovery_date": 1214870400000,
        "discovery_doy": 183,
        "discovery_time": "1318",
        "nwcg_cause_classification": "Natural",
        "nwcg_general_cause": "Natural",
        "nwcg_cause_age_category": null,
        "cont_date": 1214870400000,
        "cont_doy": 183,
        "cont_time": "1730",
        "fire_size": 0.1,
        "fire_size_class": "A",
        "latitude": 37.7678,
        "longitude": -112.4053,
        "owner_descr": "BLM",
        "state": "UT",
        "county": "Garfield",
        "fips_code": "49017",
        "fips_name": "Garfield County",
        "globalid": "{4F5FD904-411B-4E08-9392-18DE6B2AFF80}"
      }
    },
    {
      "type": "Feature",
      "id": 352959,
      "geometry": {
        "type": "Point",
        "coordinates": [
          -112.3848914687772,
          37.74588565090955
        ]
      },
      "properties": {
        "objectid": 352959,
        "fod_id": 362823,
        "fpa_id": "W-254683",
        "source_system_type": "FED",
        "source_system": "DOI-WFMI",
        "nwcg_reporting_agency": "NPS",
        "nwcg_reporting_unit_id": "USUTBRP",
        "nwcg_reporting_unit_name": "Bryce Canyon National Park",
        "source_reporting_unit": "UTBRP",
        "source_reporting_unit_name": "Bryce Canyon National Park",
        "local_fire_report_id": "16",
        "local_incident_id": null,
        "fire_code": "A8BB",
        "fire_name": "JUNCTION",
        "ics_209_plus_incident_join_id": null,
        "ics_209_plus_complex_join_id": null,
        "mtbs_id": null,
        "mtbs_fire_name": null,
        "complex_name": null,
        "fire_year": 2004,
        "discovery_date": 1090022400000,
        "discovery_doy": 199,
        "discovery_time": "1600",
        "nwcg_cause_classification": "Natural",
        "nwcg_general_cause": "Natural",
        "nwcg_cause_age_category": null,
        "cont_date": 1090022400000,
        "cont_doy": 199,
        "cont_time": "1730",
        "fire_size": 0.1,
        "fire_size_class": "A",
        "latitude": 37.74588,
        "longitude": -112.38488,
        "owner_descr": "BLM",
        "state": "UT",
        "county": null,
        "fips_code": null,
        "fips_name": null,
        "globalid": "{183B2F5F-6BAB-4071-9B50-11B3FD17DD04}"
      }
    },
    {
      "type": "Feature",
      "id": 659055,
      "geometry": {
        "type": "Point",
        "coordinates": [
          -112.37181767615101,
          37.74543254174463
        ]
      },
      "properties": {
        "objectid": 659055,
        "fod_id": 720481,
        "fpa_id": "SFO-2007UTFFSL24983-2007",
        "source_system_type": "NONFED",
        "source_system": "ST-NASF",
        "nwcg_reporting_agency": "ST/C&L",
        "nwcg_reporting_unit_id": "USUTUTS",
        "nwcg_reporting_unit_name": "Utah Division Forestry Fire State Lands",
        "source_reporting_unit": "UTUTS",
        "source_reporting_unit_name": "Utah Division Forestry Fire State Lands",
        "local_fire_report_id": null,
        "local_incident_id": "24983-2007",
        "fire_code": null,
        "fire_name": "HWY 12 JCT",
        "ics_209_plus_incident_join_id": null,
        "ics_209_plus_complex_join_id": null,
        "mtbs_id": null,
        "mtbs_fire_name": null,
        "complex_name": null,
        "fire_year": 2007,
        "discovery_date": 1175212800000,
        "discovery_doy": 89,
        "discovery_time": "1430",
        "nwcg_cause_classification": "Human",
        "nwcg_general_cause": "Debris and open burning",
        "nwcg_cause_age_category": null,
        "cont_date": 1175558400000,
        "cont_doy": 93,
        "cont_time": "1200",
        "fire_size": 2.3,
        "fire_size_class": "B",
        "latitude": 37.745426890000005,
        "longitude": -112.37180620999999,
        "owner_descr": "PRIVATE",
        "state": "UT",
        "county": "Garfield",
        "fips_code": "49017",
        "fips_name": "Garfield County",
        "globalid": "{1BDD70B2-59F5-49FB-84E3-0ED54C1FBA01}"
      }
    },
    {
      "type": "Feature",
      "id": 659056,
      "geometry": {
        "type": "Point",
        "coordinates": [
          -112.36980048577139,
          37.74560021190213
        ]
      },
      "properties": {
        "objectid": 659056,
        "fod_id": 720482,
        "fpa_id": "SFO-2007UTFFSL24984-2007",
        "source_system_type": "NONFED",
        "source_system": "ST-NASF",
        "nwcg_reporting_agency": "ST/C&L",
        "nwcg_reporting_unit_id": "USUTUTS",
        "nwcg_reporting_unit_name": "Utah Division Forestry Fire State Lands",
        "source_reporting_unit": "UTUTS",
        "source_reporting_unit_name": "Utah Division Forestry Fire State Lands",
        "local_fire_report_id": null,
        "local_incident_id": "24984-2007",
        "fire_code": null,
        "fire_name": "HERCULES",
        "ics_209_plus_incident_join_id": null,
        "ics_209_plus_complex_join_id": null,
        "mtbs_id": null,
        "mtbs_fire_name": null,
        "complex_name": null,
        "fire_year": 2007,
        "discovery_date": 1179619200000,
        "discovery_doy": 140,
        "discovery_time": "1500",
        "nwcg_cause_classification": "Human",
        "nwcg_general_cause": "Equipment and vehicle use",
        "nwcg_cause_age_category": null,
        "cont_date": 1179705600000,
        "cont_doy": 141,
        "cont_time": "1400",
        "fire_size": 1,
        "fire_size_class": "B",
        "latitude": 37.74559456,
        "longitude": -112.36978902,
        "owner_descr": "PRIVATE",
        "state": "UT",
        "county": "Garfield",
        "fips_code": "49017",
        "fips_name": "Garfield County",
        "globalid": "{4DB948B8-261E-4534-8589-920974131C3F}"
      }
    },
    {
      "type": "Feature",
      "id": 659217,
      "geometry": {
        "type": "Point",
        "coordinates": [
          -112.37648149732922,
          37.74782960171642
        ]
      },
      "properties": {
        "objectid": 659217,
        "fod_id": 720701,
        "fpa_id": "SFO-2007UTFFSL26103-2007",
        "source_system_type": "NONFED",
        "source_system": "ST-NASF",
        "nwcg_reporting_agency": "ST/C&L",
        "nwcg_reporting_unit_id": "USUTUTS",
        "nwcg_reporting_unit_name": "Utah Division Forestry Fire State Lands",
        "source_reporting_unit": "UTUTS",
        "source_reporting_unit_name": "Utah Division Forestry Fire State Lands",
        "local_fire_report_id": null,
        "local_incident_id": "26103-2007",
        "fire_code": null,
        "fire_name": "JUNCTION FIRE",
        "ics_209_plus_incident_join_id": null,
        "ics_209_plus_complex_join_id": null,
        "mtbs_id": null,
        "mtbs_fire_name": null,
        "complex_name": null,
        "fire_year": 2007,
        "discovery_date": 1184716800000,
        "discovery_doy": 199,
        "discovery_time": "1500",
        "nwcg_cause_classification": "Human",
        "nwcg_general_cause": "Missing data/not specified/undetermined",
        "nwcg_cause_age_category": null,
        "cont_date": 1185148800000,
        "cont_doy": 204,
        "cont_time": "1200",
        "fire_size": 24,
        "fire_size_class": "C",
        "latitude": 37.74782395,
        "longitude": -112.37647003000001,
        "owner_descr": "PRIVATE",
        "state": "UT",
        "county": "Garfield",
        "fips_code": "49017",
        "fips_name": "Garfield County",
        "globalid": "{EFD71D68-5B4A-48CD-8C5A-9F19C2B97327}"
      }
    },
    {
      "type": "Feature",
      "id": 660128,
      "geometry": {
        "type": "Point",
        "coordinates": [
          -112.35654946319417,
          37.74593365284409
        ]
      },
      "properties": {
        "objectid": 660128,
        "fod_id": 722144,
        "fpa_id": "SFO-2008UTFFSL36363-2008",
        "source_system_type": "NONFED",
        "source_system": "ST-NASF",
        "nwcg_reporting_agency": "ST/C&L",
        "nwcg_reporting_unit_id": "USUTUTS",
        "nwcg_reporting_unit_name": "Utah Division Forestry Fire State Lands",
        "source_reporting_unit": "UTUTS",
        "source_reporting_unit_name": "Utah Division Forestry Fire State Lands",
        "local_fire_report_id": null,
        "local_incident_id": "36363-2008",
        "fire_code": null,
        "fire_name": "J H",
        "ics_209_plus_incident_join_id": null,
        "ics_209_plus_complex_join_id": null,
        "mtbs_id": null,
        "mtbs_fire_name": null,
        "complex_name": null,
        "fire_year": 2008,
        "discovery_date": 1219622400000,
        "discovery_doy": 238,
        "discovery_time": "1200",
        "nwcg_cause_classification": "Natural",
        "nwcg_general_cause": "Natural",
        "nwcg_cause_age_category": null,
        "cont_date": 1219708800000,
        "cont_doy": 239,
        "cont_time": "1200",
        "fire_size": 0.1,
        "fire_size_class": "A",
        "latitude": 37.745928,
        "longitude": -112.356538,
        "owner_descr": "PRIVATE",
        "state": "UT",
        "county": "Garfield",
        "fips_code": "49017",
        "fips_name": "Garfield County",
        "globalid": "{B37A8CF1-91BA-46AF-9F5C-DA7C7B17F6E6}"
      }
    },
    {
      "type": "Feature",
      "id": 660675,
      "geometry": {
        "type": "Point",
        "coordinates": [
          -112.24548839811898,
          37.71675075686197
        ]
      },
      "properties": {
        "objectid": 660675,
        "fod_id": 723105,
        "fpa_id": "SFO-2005UTFFSL14086-2005",
        "source_system_type": "NONFED",
        "source_system": "ST-NASF",
        "nwcg_reporting_agency": "ST/C&L",
        "nwcg_reporting_unit_id": "USUTUTS",
        "nwcg_reporting_unit_name": "Utah Division Forestry Fire State Lands",
        "source_reporting_unit": "UTUTS",
        "source_reporting_unit_name": "Utah Division Forestry Fire State Lands",
        "local_fire_report_id": null,
        "local_incident_id": "14086-2005",
        "fire_code": null,
        "fire_name": "BIG FLAT #4",
        "ics_209_plus_incident_join_id": null,
        "ics_209_plus_complex_join_id": null,
        "mtbs_id": null,
        "mtbs_fire_name": null,
        "complex_name": null,
        "fire_year": 2005,
        "discovery_date": 1121472000000,
        "discovery_doy": 197,
        "discovery_time": "1300",
        "nwcg_cause_classification": "Natural",
        "nwcg_general_cause": "Natural",
        "nwcg_cause_age_category": null,
        "cont_date": 1121558400000,
        "cont_doy": 198,
        "cont_time": "1300",
        "fire_size": 0.1,
        "fire_size_class": "A",
        "latitude": 37.716745100000004,
        "longitude": -112.24547696,
        "owner_descr": "UNDEFINED FEDERAL",
        "state": "UT",
        "county": "Garfield",
        "fips_code": "49017",
        "fips_name": "Garfield County",
        "globalid": "{EE93C248-D6DD-4EE3-843F-2D971A19C777}"
      }
    },
    {
      "type": "Feature",
      "id": 753420,
      "geometry": {
        "type": "Point",
        "coordinates": [
          -112.38803147166378,
          37.766875653226315
        ]
      },
      "properties": {
        "objectid": 753420,
        "fod_id": 854033,
        "fpa_id": "SFO-1999UTFFSL1135-1999",
        "source_system_type": "NONFED",
        "source_system": "ST-UTUTS",
        "nwcg_reporting_agency": "ST/C&L",
        "nwcg_reporting_unit_id": "USUTUTS",
        "nwcg_reporting_unit_name": "Utah Division Forestry Fire State Lands",
        "source_reporting_unit": "UTUTS",
        "source_reporting_unit_name": "Utah Division Forestry Fire State Lands",
        "local_fire_report_id": null,
        "local_incident_id": "1135-1999",
        "fire_code": null,
        "fire_name": "BUZZARD",
        "ics_209_plus_incident_join_id": null,
        "ics_209_plus_complex_join_id": null,
        "mtbs_id": null,
        "mtbs_fire_name": null,
        "complex_name": null,
        "fire_year": 1999,
        "discovery_date": 922665600000,
        "discovery_doy": 88,
        "discovery_time": "1530",
        "nwcg_cause_classification": "Human",
        "nwcg_general_cause": "Debris and open burning",
        "nwcg_cause_age_category": null,
        "cont_date": null,
        "cont_doy": null,
        "cont_time": null,
        "fire_size": 40,
        "fire_size_class": "C",
        "latitude": 37.766870000000004,
        "longitude": -112.38802000000001,
        "owner_descr": "PRIVATE",
        "state": "UT",
        "county": "GARFIELD",
        "fips_code": "49017",
        "fips_name": "Garfield County",
        "globalid": "{43C3B9D6-F075-4F5A-BA99-E3BD9DC75D0B}"
      }
    },
    {
      "type": "Feature",
      "id": 755363,
      "geometry": {
        "type": "Point",
        "coordinates": [
          -112.40504148133739,
          37.8251956590865
        ]
      },
      "properties": {
        "objectid": 755363,
        "fod_id": 856598,
        "fpa_id": "SFO-2000UTFFSL2432-2000",
        "source_system_type": "NONFED",
        "source_system": "ST-UTUTS",
        "nwcg_reporting_agency": "ST/C&L",
        "nwcg_reporting_unit_id": "USUTUTS",
        "nwcg_reporting_unit_name": "Utah Division Forestry Fire State Lands",
        "source_reporting_unit": "UTUTS",
        "source_reporting_unit_name": "Utah Division Forestry Fire State Lands",
        "local_fire_report_id": null,
        "local_incident_id": "2432-2000",
        "fire_code": null,
        "fire_name": "HEAD HOUSE",
        "ics_209_plus_incident_join_id": null,
        "ics_209_plus_complex_join_id": null,
        "mtbs_id": null,
        "mtbs_fire_name": null,
        "complex_name": null,
        "fire_year": 2000,
        "discovery_date": 964396800000,
        "discovery_doy": 206,
        "discovery_time": "1700",
        "nwcg_cause_classification": "Natural",
        "nwcg_general_cause": "Natural",
        "nwcg_cause_age_category": null,
        "cont_date": 964483200000,
        "cont_doy": 207,
        "cont_time": "1200",
        "fire_size": 0.1,
        "fire_size_class": "A",
        "latitude": 37.82519,
        "longitude": -112.40503,
        "owner_descr": "PRIVATE",
        "state": "UT",
        "county": "GARFIELD",
        "fips_code": "49017",
        "fips_name": "Garfield County",
        "globalid": "{0CA3E008-0BB0-4E30-B984-D7242722D99E}"
      }
    },
    {
      "type": "Feature",
      "id": 1178534,
      "geometry": {
        "type": "Point",
        "coordinates": [
          -112.31362245456337,
          37.74445005558522
        ]
      },
      "properties": {
        "objectid": 1178534,
        "fod_id": 1430791,
        "fpa_id": "FS-1488677",
        "source_system_type": "FED",
        "source_system": "FS-FIRESTAT",
        "nwcg_reporting_agency": "FS",
        "nwcg_reporting_unit_id": "USUTDIF",
        "nwcg_reporting_unit_name": "Dixie National Forest",
        "source_reporting_unit": "0407",
        "source_reporting_unit_name": "Dixie National Forest",
        "local_fire_report_id": "033",
        "local_incident_id": "05",
        "fire_code": "FTV3",
        "fire_name": "CHUNK",
        "ics_209_plus_incident_join_id": null,
        "ics_209_plus_complex_join_id": null,
        "mtbs_id": null,
        "mtbs_fire_name": null,
        "complex_name": null,
        "fire_year": 2010,
        "discovery_date": 1282953600000,
        "discovery_doy": 240,
        "discovery_time": "1102",
        "nwcg_cause_classification": "Human",
        "nwcg_general_cause": "Recreation and ceremony",
        "nwcg_cause_age_category": null,
        "cont_date": 1282953600000,
        "cont_doy": 240,
        "cont_time": "1200",
        "fire_size": 0.05,
        "fire_size_class": "A",
        "latitude": 37.7444444,
        "longitude": -112.313611,
        "owner_descr": "USFS",
        "state": "UT",
        "county": "017",
        "fips_code": "49017",
        "fips_name": "Garfield County",
        "globalid": "{E3633C5D-F1AE-4E90-8FBF-14D2F7702F47}"
      }
    },
    {
      "type": "Feature",
      "id": 1467616,
      "geometry": {
        "type": "Point",
        "coordinates": [
          -112.40361147759538,
          37.793305655347325
        ]
      },
      "properties": {
        "objectid": 1467616,
        "fod_id": 201110562,
        "fpa_id": "W-622027",
        "source_system_type": "FED",
        "source_system": "DOI-WFMI",
        "nwcg_reporting_agency": "BLM",
        "nwcg_reporting_unit_id": "USUTCCD",
        "nwcg_reporting_unit_name": "Cedar City Field Office",
        "source_reporting_unit": "UTCCD",
        "source_reporting_unit_name": "Cedar City Field Office",
        "local_fire_report_id": null,
        "local_incident_id": null,
        "fire_code": null,
        "fire_name": "ROLLER MILL",
        "ics_209_plus_incident_join_id": null,
        "ics_209_plus_complex_join_id": null,
        "mtbs_id": null,
        "mtbs_fire_name": null,
        "complex_name": null,
        "fire_year": 2011,
        "discovery_date": 1310083200000,
        "discovery_doy": 189,
        "discovery_time": "1528",
        "nwcg_cause_classification": "Natural",
        "nwcg_general_cause": "Natural",
        "nwcg_cause_age_category": null,
        "cont_date": 1310169600000,
        "cont_doy": 190,
        "cont_time": "1300",
        "fire_size": 0.1,
        "fire_size_class": "A",
        "latitude": 37.7933,
        "longitude": -112.4036,
        "owner_descr": "BLM",
        "state": "UT",
        "county": "Garfield",
        "fips_code": "49017",
        "fips_name": "Garfield County",
        "globalid": "{1C91BBBA-530E-41A3-8474-A2275DBF3BE7}"
      }
    },
    {
      "type": "Feature",
      "id": 1565428,
      "geometry": {
        "type": "Point",
        "coordinates": [
          -112.29667813141113,
          37.838616778109056
        ]
      },
      "properties": {
        "objectid": 1565428,
        "fod_id": 201433085,
        "fpa_id": "FS-1505375",
        "source_system_type": "FED",
        "source_system": "FS-FIRESTAT",
        "nwcg_reporting_agency": "FS",
        "nwcg_reporting_unit_id": "USUTDIF",
        "nwcg_reporting_unit_name": "Dixie National Forest",
        "source_reporting_unit": "0407",
        "source_reporting_unit_name": "Dixie National Forest",
        "local_fire_report_id": "037",
        "local_incident_id": "08",
        "fire_code": "EKW4",
        "fire_name": "FISH",
        "ics_209_plus_incident_join_id": null,
        "ics_209_plus_complex_join_id": null,
        "mtbs_id": null,
        "mtbs_fire_name": null,
        "complex_name": null,
        "fire_year": 2012,
        "discovery_date": 1343865600000,
        "discovery_doy": 215,
        "discovery_time": "1203",
        "nwcg_cause_classification": "Natural",
        "nwcg_general_cause": "Natural",
        "nwcg_cause_age_category": null,
        "cont_date": 1343865600000,
        "cont_doy": 215,
        "cont_time": "1810",
        "fire_size": 0.1,
        "fire_size_class": "A",
        "latitude": 37.83861111,
        "longitude": -112.29666667,
        "owner_descr": "USFS",
        "state": "UT",
        "county": "017",
        "fips_code": "49017",
        "fips_name": "Garfield County",
        "globalid": "{4D9947A0-66E0-4DAF-B9A5-2AC1E8EFBC36}"
      }
    },
    {
      "type": "Feature",
      "id": 1565432,
      "geometry": {
        "type": "Point",
        "coordinates": [
          -112.2836225575308,
          37.734172326381845
        ]
      },
      "properties": {
        "objectid": 1565432,
        "fod_id": 201433089,
        "fpa_id": "FS-1503447",
        "source_system_type": "FED",
        "source_system": "FS-FIRESTAT",
        "nwcg_reporting_agency": "FS",
        "nwcg_reporting_unit_id": "USUTDIF",
        "nwcg_reporting_unit_name": "Dixie National Forest",
        "source_reporting_unit": "0407",
        "source_reporting_unit_name": "Dixie National Forest",
        "local_fire_report_id": "001",
        "local_incident_id": "1",
        "fire_code": "GU5P",
        "fire_name": "CAR",
        "ics_209_plus_incident_join_id": null,
        "ics_209_plus_complex_join_id": null,
        "mtbs_id": null,
        "mtbs_fire_name": null,
        "complex_name": null,
        "fire_year": 2012,
        "discovery_date": 1337299200000,
        "discovery_doy": 139,
        "discovery_time": "1149",
        "nwcg_cause_classification": "Human",
        "nwcg_general_cause": "Equipment and vehicle use",
        "nwcg_cause_age_category": null,
        "cont_date": 1337299200000,
        "cont_doy": 139,
        "cont_time": "1230",
        "fire_size": 0.01,
        "fire_size_class": "A",
        "latitude": 37.73416667,
        "longitude": -112.28361111000001,
        "owner_descr": "USFS",
        "state": "UT",
        "county": "017",
        "fips_code": "49017",
        "fips_name": "Garfield County",
        "globalid": "{29AF202B-D644-4C72-B4C1-25251FE63737}"
      }
    },
    {
      "type": "Feature",
      "id": 1634097,
      "geometry": {
        "type": "Point",
        "coordinates": [
          -112.32278923739209,
          37.75389454610272
        ]
      },
      "properties": {
        "objectid": 1634097,
        "fod_id": 201760070,
        "fpa_id": "FS-1517624",
        "source_system_type": "FED",
        "source_system": "FS-FIRESTAT",
        "nwcg_reporting_agency": "FS",
        "nwcg_reporting_unit_id": "USUTDIF",
        "nwcg_reporting_unit_name": "Dixie National Forest",
        "source_reporting_unit": "0407",
        "source_reporting_unit_name": "Dixie National Forest",
        "local_fire_report_id": "049",
        "local_incident_id": "12",
        "fire_code": "EKW4",
        "fire_name": "RED CANYON",
        "ics_209_plus_incident_join_id": null,
        "ics_209_plus_complex_join_id": null,
        "mtbs_id": null,
        "mtbs_fire_name": null,
        "complex_name": null,
        "fire_year": 2013,
        "discovery_date": 1376697600000,
        "discovery_doy": 229,
        "discovery_time": "1530",
        "nwcg_cause_classification": "Natural",
        "nwcg_general_cause": "Natural",
        "nwcg_cause_age_category": null,
        "cont_date": 1376784000000,
        "cont_doy": 230,
        "cont_time": "1800",
        "fire_size": 0.1,
        "fire_size_class": "A",
        "latitude": 37.75388889,
        "longitude": -112.32277778,
        "owner_descr": "USFS",
        "state": "UT",
        "county": "017",
        "fips_code": "49017",
        "fips_name": "Garfield County",
        "globalid": "{A83B2779-D289-4679-BFAA-75171DF31F31}"
      }
    },
    {
      "type": "Feature",
      "id": 1723758,
      "geometry": {
        "type": "Point",
        "coordinates": [
          -112.25306701040833,
          37.816672338438224
        ]
      },
      "properties": {
        "objectid": 1723758,
        "fod_id": 300003346,
        "fpa_id": "FS-1525477",
        "source_system_type": "FED",
        "source_system": "FS-FIRESTAT",
        "nwcg_reporting_agency": "FS",
        "nwcg_reporting_unit_id": "USUTDIF",
        "nwcg_reporting_unit_name": "Dixie National Forest",
        "source_reporting_unit": "0407",
        "source_reporting_unit_name": "Dixie National Forest",
        "local_fire_report_id": "045",
        "local_incident_id": "04",
        "fire_code": "EKW4",
        "fire_name": "BARNEY",
        "ics_209_plus_incident_join_id": null,
        "ics_209_plus_complex_join_id": null,
        "mtbs_id": null,
        "mtbs_fire_name": null,
        "complex_name": null,
        "fire_year": 2014,
        "discovery_date": 1409961600000,
        "discovery_doy": 249,
        "discovery_time": "0943",
        "nwcg_cause_classification": "Natural",
        "nwcg_general_cause": "Natural",
        "nwcg_cause_age_category": null,
        "cont_date": 1410134400000,
        "cont_doy": 251,
        "cont_time": "1200",
        "fire_size": 0.1,
        "fire_size_class": "A",
        "latitude": 37.816666670000004,
        "longitude": -112.25305556,
        "owner_descr": "USFS",
        "state": "UT",
        "county": "Garfield",
        "fips_code": "49017",
        "fips_name": "Garfield County",
        "globalid": "{08B21765-533C-4249-866B-1D59E5DFA0B8}"
      }
    },
    {
      "type": "Feature",
      "id": 1734115,
      "geometry": {
        "type": "Point",
        "coordinates": [
          -112.37141146587373,
          37.74360565155189
        ]
      },
      "properties": {
        "objectid": 1734115,
        "fod_id": 300026610,
        "fpa_id": "W-666346",
        "source_system_type": "FED",
        "source_system": "DOI-WFMI",
        "nwcg_reporting_agency": "BLM",
        "nwcg_reporting_unit_id": "USUTCCD",
        "nwcg_reporting_unit_name": "Cedar City Field Office",
        "source_reporting_unit": "UTCCD",
        "source_reporting_unit_name": "Cedar City Field Office",
        "local_fire_report_id": null,
        "local_incident_id": null,
        "fire_code": "H2ZQ",
        "fire_name": "89 12 JUNCTION",
        "ics_209_plus_incident_join_id": null,
        "ics_209_plus_complex_join_id": null,
        "mtbs_id": null,
        "mtbs_fire_name": null,
        "complex_name": null,
        "fire_year": 2014,
        "discovery_date": 1397001600000,
        "discovery_doy": 99,
        "discovery_time": "1227",
        "nwcg_cause_classification": "Human",
        "nwcg_general_cause": "Missing data/not specified/undetermined",
        "nwcg_cause_age_category": null,
        "cont_date": 1397088000000,
        "cont_doy": 100,
        "cont_time": "1200",
        "fire_size": 76,
        "fire_size_class": "C",
        "latitude": 37.7436,
        "longitude": -112.3714,
        "owner_descr": "PRIVATE",
        "state": "UT",
        "county": "Garfield",
        "fips_code": "49017",
        "fips_name": "Garfield County",
        "globalid": "{9D0DE42A-CC29-451C-B49E-64A174382A06}"
      }
    },
    {
      "type": "Feature",
      "id": 1734168,
      "geometry": {
        "type": "Point",
        "coordinates": [
          -112.34251145778094,
          37.721405650836324
        ]
      },
      "properties": {
        "objectid": 1734168,
        "fod_id": 300026677,
        "fpa_id": "W-669681",
        "source_system_type": "FED",
        "source_system": "DOI-WFMI",
        "nwcg_reporting_agency": "BLM",
        "nwcg_reporting_unit_id": "USUTCCD",
        "nwcg_reporting_unit_name": "Cedar City Field Office",
        "source_reporting_unit": "UTCCD",
        "source_reporting_unit_name": "Cedar City Field Office",
        "local_fire_report_id": null,
        "local_incident_id": null,
        "fire_code": "H7TE",
        "fire_name": "THUNDER",
        "ics_209_plus_incident_join_id": null,
        "ics_209_plus_complex_join_id": null,
        "mtbs_id": null,
        "mtbs_fire_name": null,
        "complex_name": null,
        "fire_year": 2014,
        "discovery_date": 1404864000000,
        "discovery_doy": 190,
        "discovery_time": "1119",
        "nwcg_cause_classification": "Natural",
        "nwcg_general_cause": "Natural",
        "nwcg_cause_age_category": null,
        "cont_date": 1404864000000,
        "cont_doy": 190,
        "cont_time": "1513",
        "fire_size": 0.1,
        "fire_size_class": "A",
        "latitude": 37.7214,
        "longitude": -112.3425,
        "owner_descr": "BLM",
        "state": "UT",
        "county": "Garfield",
        "fips_code": "49017",
        "fips_name": "Garfield County",
        "globalid": "{6D8F8FEA-AE6B-4478-A171-9CD9957A9D0E}"
      }
    },
    {
      "type": "Feature",
      "id": 1741057,
      "geometry": {
        "type": "Point",
        "coordinates": [
          -112.4067894811641,
          37.820428658393745
        ]
      },
      "properties": {
        "objectid": 1741057,
        "fod_id": 300081441,
        "fpa_id": "SFO-2014UTFFSL70029-2014",
        "source_system_type": "NONFED",
        "source_system": "ST-NASF",
        "nwcg_reporting_agency": "ST/C&L",
        "nwcg_reporting_unit_id": "USUTUTS",
        "nwcg_reporting_unit_name": "Utah Division Forestry Fire State Lands",
        "source_reporting_unit": "UTFFSL",
        "source_reporting_unit_name": "Utah Division of Forestry, Fire & State Lands",
        "local_fire_report_id": null,
        "local_incident_id": "70029-2014",
        "fire_code": null,
        "fire_name": "ROLLER MILL HILL",
        "ics_209_plus_incident_join_id": null,
        "ics_209_plus_complex_join_id": null,
        "mtbs_id": null,
        "mtbs_fire_name": null,
        "complex_name": null,
        "fire_year": 2014,
        "discovery_date": 1403136000000,
        "discovery_doy": 170,
        "discovery_time": "0900",
        "nwcg_cause_classification": "Human",
        "nwcg_general_cause": "Equipment and vehicle use",
        "nwcg_cause_age_category": null,
        "cont_date": 1403222400000,
        "cont_doy": 171,
        "cont_time": "1200",
        "fire_size": 0.1,
        "fire_size_class": "A",
        "latitude": 37.820423,
        "longitude": -112.406778,
        "owner_descr": "PRIVATE",
        "state": "UT",
        "county": "GARFIELD",
        "fips_code": "49017",
        "fips_name": "Garfield County",
        "globalid": "{622DD70E-1299-480E-A982-FD6578C0AA2D}"
      }
    },
    {
      "type": "Feature",
      "id": 1801900,
      "geometry": {
        "type": "Point",
        "coordinates": [
          -112.40331147600911,
          37.779205653670196
        ]
      },
      "properties": {
        "objectid": 1801900,
        "fod_id": 300216488,
        "fpa_id": "W-682994",
        "source_system_type": "FED",
        "source_system": "DOI-WFMI",
        "nwcg_reporting_agency": "BLM",
        "nwcg_reporting_unit_id": "USUTCCD",
        "nwcg_reporting_unit_name": "Cedar City Field Office",
        "source_reporting_unit": "UTCCD",
        "source_reporting_unit_name": "Cedar City Field Office",
        "local_fire_report_id": null,
        "local_incident_id": null,
        "fire_code": "JXU1",
        "fire_name": "DD HOLLOW",
        "ics_209_plus_incident_join_id": null,
        "ics_209_plus_complex_join_id": null,
        "mtbs_id": null,
        "mtbs_fire_name": null,
        "complex_name": null,
        "fire_year": 2015,
        "discovery_date": 1436486400000,
        "discovery_doy": 191,
        "discovery_time": "1048",
        "nwcg_cause_classification": "Natural",
        "nwcg_general_cause": "Natural",
        "nwcg_cause_age_category": null,
        "cont_date": 1436572800000,
        "cont_doy": 192,
        "cont_time": "1430",
        "fire_size": 0.1,
        "fire_size_class": "A",
        "latitude": 37.7792,
        "longitude": -112.4033,
        "owner_descr": "BLM",
        "state": "UT",
        "county": "Garfield",
        "fips_code": "49017",
        "fips_name": "Garfield County",
        "globalid": "{E7B7673C-E2AD-419B-8D3F-6C8B8A9CFA5D}"
      }
    },
    {
      "type": "Feature",
      "id": 1879229,
      "geometry": {
        "type": "Point",
        "coordinates": [
          -112.28473367191694,
          37.77278344097579
        ]
      },
      "properties": {
        "objectid": 1879229,
        "fod_id": 400001213,
        "fpa_id": "FS-6729466",
        "source_system_type": "FED",
        "source_system": "FS-FIRESTAT",
        "nwcg_reporting_agency": "FS",
        "nwcg_reporting_unit_id": "USUTDIF",
        "nwcg_reporting_unit_name": "Dixie National Forest",
        "source_reporting_unit": "0407",
        "source_reporting_unit_name": "Dixie National Forest",
        "local_fire_report_id": "018",
        "local_incident_id": "03",
        "fire_code": "EKW4",
        "fire_name": "CASSIDY",
        "ics_209_plus_incident_join_id": null,
        "ics_209_plus_complex_join_id": null,
        "mtbs_id": null,
        "mtbs_fire_name": null,
        "complex_name": null,
        "fire_year": 2016,
        "discovery_date": 1469059200000,
        "discovery_doy": 203,
        "discovery_time": "1325",
        "nwcg_cause_classification": "Natural",
        "nwcg_general_cause": "Natural",
        "nwcg_cause_age_category": null,
        "cont_date": 1469318400000,
        "cont_doy": 206,
        "cont_time": "1500",
        "fire_size": 10,
        "fire_size_class": "C",
        "latitude": 37.77277778,
        "longitude": -112.28472222,
        "owner_descr": "USFS",
        "state": "UT",
        "county": "017",
        "fips_code": "49017",
        "fips_name": "Garfield County",
        "globalid": "{2C973390-DD0A-4FCF-8726-9011F7D128A4}"
      }
    },
    {
      "type": "Feature",
      "id": 1884832,
      "geometry": {
        "type": "Point",
        "coordinates": [
          -112.26640033643407,
          37.75556122014089
        ]
      },
      "properties": {
        "objectid": 1884832,
        "fod_id": 400006929,
        "fpa_id": "FS-6803269",
        "source_system_type": "FED",
        "source_system": "FS-FIRESTAT",
        "nwcg_reporting_agency": "FS",
        "nwcg_reporting_unit_id": "USUTDIF",
        "nwcg_reporting_unit_name": "Dixie National Forest",
        "source_reporting_unit": "0407",
        "source_reporting_unit_name": "Dixie National Forest",
        "local_fire_report_id": "026",
        "local_incident_id": "03",
        "fire_code": "EKW4",
        "fire_name": "CABIN HOLLOW",
        "ics_209_plus_incident_join_id": null,
        "ics_209_plus_complex_join_id": null,
        "mtbs_id": null,
        "mtbs_fire_name": null,
        "complex_name": null,
        "fire_year": 2017,
        "discovery_date": 1501891200000,
        "discovery_doy": 217,
        "discovery_time": "2017",
        "nwcg_cause_classification": "Natural",
        "nwcg_general_cause": "Natural",
        "nwcg_cause_age_category": null,
        "cont_date": 1501977600000,
        "cont_doy": 218,
        "cont_time": "1100",
        "fire_size": 0.25,
        "fire_size_class": "A",
        "latitude": 37.75555556,
        "longitude": -112.26638889,
        "owner_descr": "USFS",
        "state": "UT",
        "county": "017",
        "fips_code": "49017",
        "fips_name": "Garfield County",
        "globalid": "{041DF5CE-C786-4506-B10A-27AD8F219A2D}"
      }
    },
    {
      "type": "Feature",
      "id": 1884833,
      "geometry": {
        "type": "Point",
        "coordinates": [
          -112.25195587852289,
          37.708616765437206
        ]
      },
      "properties": {
        "objectid": 1884833,
        "fod_id": 400006930,
        "fpa_id": "FS-6818077",
        "source_system_type": "FED",
        "source_system": "FS-FIRESTAT",
        "nwcg_reporting_agency": "FS",
        "nwcg_reporting_unit_id": "USUTDIF",
        "nwcg_reporting_unit_name": "Dixie National Forest",
        "source_reporting_unit": "0407",
        "source_reporting_unit_name": "Dixie National Forest",
        "local_fire_report_id": "035",
        "local_incident_id": "04",
        "fire_code": "EKW4",
        "fire_name": "COYOTE",
        "ics_209_plus_incident_join_id": null,
        "ics_209_plus_complex_join_id": null,
        "mtbs_id": null,
        "mtbs_fire_name": null,
        "complex_name": null,
        "fire_year": 2017,
        "discovery_date": 1505433600000,
        "discovery_doy": 258,
        "discovery_time": "1533",
        "nwcg_cause_classification": "Natural",
        "nwcg_general_cause": "Natural",
        "nwcg_cause_age_category": null,
        "cont_date": null,
        "cont_doy": null,
        "cont_time": null,
        "fire_size": 0.1,
        "fire_size_class": "A",
        "latitude": 37.70861111,
        "longitude": -112.25194444,
        "owner_descr": "USFS",
        "state": "UT",
        "county": "017",
        "fips_code": "49017",
        "fips_name": "Garfield County",
        "globalid": "{3D773CB1-DE42-4E7D-8D41-548A127455C5}"
      }
    },
    {
      "type": "Feature",
      "id": 1905842,
      "geometry": {
        "type": "Point",
        "coordinates": [
          -112.39971147505075,
          37.77690565363867
        ]
      },
      "properties": {
        "objectid": 1905842,
        "fod_id": 400028496,
        "fpa_id": "W-705136",
        "source_system_type": "FED",
        "source_system": "DOI-WFMI",
        "nwcg_reporting_agency": "BLM",
        "nwcg_reporting_unit_id": "USUTCCD",
        "nwcg_reporting_unit_name": "Cedar City Field Office",
        "source_reporting_unit": "UTCCD",
        "source_reporting_unit_name": "Cedar City Field Office",
        "local_fire_report_id": "147",
        "local_incident_id": null,
        "fire_code": "K1BY",
        "fire_name": "PIT",
        "ics_209_plus_incident_join_id": null,
        "ics_209_plus_complex_join_id": null,
        "mtbs_id": null,
        "mtbs_fire_name": null,
        "complex_name": null,
        "fire_year": 2017,
        "discovery_date": 1496188800000,
        "discovery_doy": 151,
        "discovery_time": "1554",
        "nwcg_cause_classification": "Natural",
        "nwcg_general_cause": "Natural",
        "nwcg_cause_age_category": null,
        "cont_date": 1496188800000,
        "cont_doy": 151,
        "cont_time": "1945",
        "fire_size": 0.1,
        "fire_size_class": "A",
        "latitude": 37.7769,
        "longitude": -112.3997,
        "owner_descr": "BLM",
        "state": "UT",
        "county": "Garfield",
        "fips_code": "49017",
        "fips_name": "Garfield County",
        "globalid": "{3A03446D-E917-4A24-AC25-79C4F0FC6D7C}"
      }
    },
    {
      "type": "Feature",
      "id": 1905873,
      "geometry": {
        "type": "Point",
        "coordinates": [
          -112.36671146099273,
          37.706905647440465
        ]
      },
      "properties": {
        "objectid": 1905873,
        "fod_id": 400028532,
        "fpa_id": "W-708335",
        "source_system_type": "FED",
        "source_system": "DOI-WFMI",
        "nwcg_reporting_agency": "BLM",
        "nwcg_reporting_unit_id": "USUTCCD",
        "nwcg_reporting_unit_name": "Cedar City Field Office",
        "source_reporting_unit": "UTCCD",
        "source_reporting_unit_name": "Cedar City Field Office",
        "local_fire_report_id": "411",
        "local_incident_id": null,
        "fire_code": "K444",
        "fire_name": "HILLSDALE",
        "ics_209_plus_incident_join_id": null,
        "ics_209_plus_complex_join_id": null,
        "mtbs_id": null,
        "mtbs_fire_name": null,
        "complex_name": null,
        "fire_year": 2017,
        "discovery_date": 1499644800000,
        "discovery_doy": 191,
        "discovery_time": "1321",
        "nwcg_cause_classification": "Natural",
        "nwcg_general_cause": "Natural",
        "nwcg_cause_age_category": null,
        "cont_date": 1499731200000,
        "cont_doy": 192,
        "cont_time": "1230",
        "fire_size": 67,
        "fire_size_class": "C",
        "latitude": 37.7069,
        "longitude": -112.3667,
        "owner_descr": "BLM",
        "state": "UT",
        "county": "Garfield",
        "fips_code": "49017",
        "fips_name": "Garfield County",
        "globalid": "{0C0FACE6-703A-4DD6-8F83-662F25798D02}"
      }
    },
    {
      "type": "Feature",
      "id": 1905912,
      "geometry": {
        "type": "Point",
        "coordinates": [
          -112.34501146213503,
          37.75720565499001
        ]
      },
      "properties": {
        "objectid": 1905912,
        "fod_id": 400028573,
        "fpa_id": "W-708437",
        "source_system_type": "FED",
        "source_system": "DOI-WFMI",
        "nwcg_reporting_agency": "BLM",
        "nwcg_reporting_unit_id": "USUTCCD",
        "nwcg_reporting_unit_name": "Cedar City Field Office",
        "source_reporting_unit": "UTCCD",
        "source_reporting_unit_name": "Cedar City Field Office",
        "local_fire_report_id": "614",
        "local_incident_id": null,
        "fire_code": "K9ZJ",
        "fire_name": "LOSEE",
        "ics_209_plus_incident_join_id": null,
        "ics_209_plus_complex_join_id": null,
        "mtbs_id": null,
        "mtbs_fire_name": null,
        "complex_name": null,
        "fire_year": 2017,
        "discovery_date": 1503187200000,
        "discovery_doy": 232,
        "discovery_time": "1503",
        "nwcg_cause_classification": "Natural",
        "nwcg_general_cause": "Natural",
        "nwcg_cause_age_category": null,
        "cont_date": 1503187200000,
        "cont_doy": 232,
        "cont_time": "1700",
        "fire_size": 0.1,
        "fire_size_class": "A",
        "latitude": 37.7572,
        "longitude": -112.345,
        "owner_descr": "BLM",
        "state": "UT",
        "county": "Garfield",
        "fips_code": "49017",
        "fips_name": "Garfield County",
        "globalid": "{871CECEC-22A9-4E14-ACFD-15F782F25F1C}"
      }
    },
    {
      "type": "Feature",
      "id": 1917839,
      "geometry": {
        "type": "Point",
        "coordinates": [
          -112.38631147102734,
          37.76412509301199
        ]
      },
      "properties": {
        "objectid": 1917839,
        "fod_id": 400042009,
        "fpa_id": "SFO-2016UTFFSL77327-2016",
        "source_system_type": "NONFED",
        "source_system": "ST-NASF",
        "nwcg_reporting_agency": "ST/C&L",
        "nwcg_reporting_unit_id": "USUTUTS",
        "nwcg_reporting_unit_name": "Utah Division Forestry Fire State Lands",
        "source_reporting_unit": "UTFFSL",
        "source_reporting_unit_name": "Utah Division of Forestry, Fire & State Lands",
        "local_fire_report_id": null,
        "local_incident_id": "77327-2016",
        "fire_code": null,
        "fire_name": "GRAVEL PIT",
        "ics_209_plus_incident_join_id": null,
        "ics_209_plus_complex_join_id": null,
        "mtbs_id": null,
        "mtbs_fire_name": null,
        "complex_name": null,
        "fire_year": 2016,
        "discovery_date": 1467676800000,
        "discovery_doy": 187,
        "discovery_time": "1759",
        "nwcg_cause_classification": "Human",
        "nwcg_general_cause": "Equipment and vehicle use",
        "nwcg_cause_age_category": null,
        "cont_date": 1467676800000,
        "cont_doy": 187,
        "cont_time": "1915",
        "fire_size": 0.1,
        "fire_size_class": "A",
        "latitude": 37.76411944,
        "longitude": -112.3863,
        "owner_descr": "PRIVATE",
        "state": "UT",
        "county": "GARFIELD",
        "fips_code": "49017",
        "fips_name": "Garfield County",
        "globalid": "{BE2B937A-E39F-4045-8AFB-51BF44A6AFEE}"
      }
    },
    {
      "type": "Feature",
      "id": 2049241,
      "geometry": {
        "type": "Point",
        "coordinates": [
          -112.26640033296133,
          37.72333898624042
        ]
      },
      "properties": {
        "objectid": 2049241,
        "fod_id": 400304712,
        "fpa_id": "FS-6868631",
        "source_system_type": "FED",
        "source_system": "FS-FIRESTAT",
        "nwcg_reporting_agency": "FS",
        "nwcg_reporting_unit_id": "USUTDIF",
        "nwcg_reporting_unit_name": "Dixie National Forest",
        "source_reporting_unit": "0407",
        "source_reporting_unit_name": "Dixie National Forest",
        "local_fire_report_id": "002",
        "local_incident_id": "01",
        "fire_code": "LU2L",
        "fire_name": "MM7 HWY12",
        "ics_209_plus_incident_join_id": null,
        "ics_209_plus_complex_join_id": null,
        "mtbs_id": null,
        "mtbs_fire_name": null,
        "complex_name": null,
        "fire_year": 2018,
        "discovery_date": 1528243200000,
        "discovery_doy": 157,
        "discovery_time": "1607",
        "nwcg_cause_classification": "Human",
        "nwcg_general_cause": "Missing data/not specified/undetermined",
        "nwcg_cause_age_category": null,
        "cont_date": 1528243200000,
        "cont_doy": 157,
        "cont_time": "1640",
        "fire_size": 0.1,
        "fire_size_class": "A",
        "latitude": 37.72333333,
        "longitude": -112.26638889,
        "owner_descr": "USFS",
        "state": "UT",
        "county": "017",
        "fips_code": "49017",
        "fips_name": "Garfield County",
        "globalid": "{558DBF7F-9D91-44E3-B0AE-99B959AD9D74}"
      }
    },
    {
      "type": "Feature",
      "id": 2293926,
      "geometry": {
        "type": "Point",
        "coordinates": [
          -112.24632286899738,
          37.72338130760889
        ]
      },
      "properties": {
        "objectid": 2293926,
        "fod_id": 400642137,
        "fpa_id": "IRW-2020-UTDIF-000835",
        "source_system_type": "INTERAGCY",
        "source_system": "IA-IRWIN",
        "nwcg_reporting_agency": "FS",
        "nwcg_reporting_unit_id": "USUTDIF",
        "nwcg_reporting_unit_name": "Dixie National Forest",
        "source_reporting_unit": "UTDIF",
        "source_reporting_unit_name": "Dixie National Forest",
        "local_fire_report_id": null,
        "local_incident_id": "000835",
        "fire_code": "NLY2",
        "fire_name": "LIGHTNING DRAW",
        "ics_209_plus_incident_join_id": null,
        "ics_209_plus_complex_join_id": null,
        "mtbs_id": null,
        "mtbs_fire_name": null,
        "complex_name": null,
        "fire_year": 2020,
        "discovery_date": 1600387200000,
        "discovery_doy": 262,
        "discovery_time": "1231",
        "nwcg_cause_classification": "Human",
        "nwcg_general_cause": "Recreation and ceremony",
        "nwcg_cause_age_category": null,
        "cont_date": 1600387200000,
        "cont_doy": 262,
        "cont_time": "1330",
        "fire_size": 0.1,
        "fire_size_class": "A",
        "latitude": 37.72337565,
        "longitude": -112.24631143,
        "owner_descr": "USFS",
        "state": "UT",
        "county": "Garfield",
        "fips_code": "49017",
        "fips_name": "Garfield County",
        "globalid": "{E3CF7C90-CF19-46F2-8863-1F582AADB0DC}"
      }
    },
    {
      "type": "Feature",
      "id": 2309640,
      "geometry": {
        "type": "Point",
        "coordinates": [
          -112.26662288398326,
          37.732421307325076
        ]
      },
      "properties": {
        "objectid": 2309640,
        "fod_id": 401010963,
        "fpa_id": "INF-2021-UTDIF-000219",
        "source_system_type": "INTERAGCY",
        "source_system": "IA-INFORM",
        "nwcg_reporting_agency": "FS",
        "nwcg_reporting_unit_id": "USUTDIF",
        "nwcg_reporting_unit_name": "Dixie National Forest",
        "source_reporting_unit": "UTDIF",
        "source_reporting_unit_name": "Dixie National Forest",
        "local_fire_report_id": null,
        "local_incident_id": "000219",
        "fire_code": "N1JJ",
        "fire_name": "CABIN HOLLOW",
        "ics_209_plus_incident_join_id": null,
        "ics_209_plus_complex_join_id": null,
        "mtbs_id": null,
        "mtbs_fire_name": null,
        "complex_name": null,
        "fire_year": 2021,
        "discovery_date": 1622073600000,
        "discovery_doy": 147,
        "discovery_time": "1105",
        "nwcg_cause_classification": "Human",
        "nwcg_general_cause": "Other causes",
        "nwcg_cause_age_category": null,
        "cont_date": 1622073600000,
        "cont_doy": 147,
        "cont_time": "1225",
        "fire_size": 0.1,
        "fire_size_class": "A",
        "latitude": 37.73241565,
        "longitude": -112.26661143999999,
        "owner_descr": "USFS",
        "state": "UT",
        "county": "Garfield",
        "fips_code": "49017",
        "fips_name": "Garfield County",
        "globalid": "{8AB5CDA7-512E-4BBE-8432-E8B587223CA0}"
      }
    },
    {
      "type": "Feature",
      "id": 2337409,
      "geometry": {
        "type": "Point",
        "coordinates": [
          -112.38502294676607,
          37.81944130976229
        ]
      },
      "properties": {
        "objectid": 2337409,
        "fod_id": 401052959,
        "fpa_id": "INF-2022-UTSWS-000354",
        "source_system_type": "INTERAGCY",
        "source_system": "IA-INFORM",
        "nwcg_reporting_agency": "ST/C&L",
        "nwcg_reporting_unit_id": "USUTSWS",
        "nwcg_reporting_unit_name": "Southwest Area",
        "source_reporting_unit": "UTSWS",
        "source_reporting_unit_name": "Southwest Area",
        "local_fire_report_id": null,
        "local_incident_id": "000354",
        "fire_code": "PT4Z",
        "fire_name": "ROWER MILL",
        "ics_209_plus_incident_join_id": null,
        "ics_209_plus_complex_join_id": null,
        "mtbs_id": null,
        "mtbs_fire_name": null,
        "complex_name": null,
        "fire_year": 2022,
        "discovery_date": 1657238400000,
        "discovery_doy": 189,
        "discovery_time": "1855",
        "nwcg_cause_classification": "Human",
        "nwcg_general_cause": "Missing data/not specified/undetermined",
        "nwcg_cause_age_category": null,
        "cont_date": 1658361600000,
        "cont_doy": 202,
        "cont_time": "1400",
        "fire_size": 2,
        "fire_size_class": "B",
        "latitude": 37.81943565,
        "longitude": -112.38501147000001,
        "owner_descr": "PRIVATE",
        "state": "UT",
        "county": "Garfield",
        "fips_code": "49017",
        "fips_name": "Garfield County",
        "globalid": "{819B3F78-3CBE-45AC-9982-F81F2056314D}"
      }
    },
    {
      "type": "Feature",
      "id": 2345312,
      "geometry": {
        "type": "Point",
        "coordinates": [
          -112.32982290717672,
          37.73903130382857
        ]
      },
      "properties": {
        "objectid": 2345312,
        "fod_id": 401061879,
        "fpa_id": "INF-2022-UTDIF-000595",
        "source_system_type": "INTERAGCY",
        "source_system": "IA-INFORM",
        "nwcg_reporting_agency": "FS",
        "nwcg_reporting_unit_id": "USUTDIF",
        "nwcg_reporting_unit_name": "Dixie National Forest",
        "source_reporting_unit": "UTDIF",
        "source_reporting_unit_name": "Dixie National Forest",
        "local_fire_report_id": null,
        "local_incident_id": "000595",
        "fire_code": "EKW4",
        "fire_name": "THUNDER MOUNTAIN",
        "ics_209_plus_incident_join_id": null,
        "ics_209_plus_complex_join_id": null,
        "mtbs_id": null,
        "mtbs_fire_name": null,
        "complex_name": null,
        "fire_year": 2022,
        "discovery_date": 1660176000000,
        "discovery_doy": 223,
        "discovery_time": "1709",
        "nwcg_cause_classification": "Natural",
        "nwcg_general_cause": "Natural",
        "nwcg_cause_age_category": null,
        "cont_date": 1660262400000,
        "cont_doy": 224,
        "cont_time": "1115",
        "fire_size": 0.1,
        "fire_size_class": "A",
        "latitude": 37.739025649999995,
        "longitude": -112.32981145000001,
        "owner_descr": "USFS",
        "state": "UT",
        "county": "Garfield",
        "fips_code": "49017",
        "fips_name": "Garfield County",
        "globalid": "{0B1BC54E-AAD5-4872-AFE7-6CD0EB31D13D}"
      }
    },
    {
      "type": "Feature",
      "id": 2379361,
      "geometry": {
        "type": "Point",
        "coordinates": [
          -112.19452286938959,
          37.82190134306479
        ]
      },
      "properties": {
        "objectid": 2379361,
        "fod_id": 401100547,
        "fpa_id": "INF-2022-UTDIF-000630",
        "source_system_type": "INTERAGCY",
        "source_system": "IA-INFORM",
        "nwcg_reporting_agency": "FS",
        "nwcg_reporting_unit_id": "USUTDIF",
        "nwcg_reporting_unit_name": "Dixie National Forest",
        "source_reporting_unit": "UTDIF",
        "source_reporting_unit_name": "Dixie National Forest",
        "local_fire_report_id": null,
        "local_incident_id": "000630",
        "fire_code": "EKW4",
        "fire_name": "WEST HUNT",
        "ics_209_plus_incident_join_id": null,
        "ics_209_plus_complex_join_id": null,
        "mtbs_id": null,
        "mtbs_fire_name": null,
        "complex_name": null,
        "fire_year": 2022,
        "discovery_date": 1660953600000,
        "discovery_doy": 232,
        "discovery_time": "1721",
        "nwcg_cause_classification": "Natural",
        "nwcg_general_cause": "Natural",
        "nwcg_cause_age_category": null,
        "cont_date": 1661040000000,
        "cont_doy": 233,
        "cont_time": "1515",
        "fire_size": 0.1,
        "fire_size_class": "A",
        "latitude": 37.82189567,
        "longitude": -112.19451143,
        "owner_descr": "USFS",
        "state": "UT",
        "county": "Garfield",
        "fips_code": "49017",
        "fips_name": "Garfield County",
        "globalid": "{A81259AB-3130-43B6-95DC-C0DB2B7DF10B}"
      }
    },
    {
      "type": "Feature",
      "id": 2574998,
      "geometry": {
        "type": "Point",
        "coordinates": [
          -112.39364447502071,
          37.787672655349155
        ]
      },
      "properties": {
        "objectid": 2574998,
        "fod_id": 401399104,
        "fpa_id": "INF-2024-UTCPD-000082",
        "source_system_type": "INTERAGCY",
        "source_system": "IA-INFORM",
        "nwcg_reporting_agency": "BLM",
        "nwcg_reporting_unit_id": "USUTCCD",
        "nwcg_reporting_unit_name": "Cedar City Field Office",
        "source_reporting_unit": "UTCPD",
        "source_reporting_unit_name": "Cedar City Field Office",
        "local_fire_report_id": null,
        "local_incident_id": "000082",
        "fire_code": "RT7R",
        "fire_name": "MM 127 HWY 89",
        "ics_209_plus_incident_join_id": null,
        "ics_209_plus_complex_join_id": null,
        "mtbs_id": null,
        "mtbs_fire_name": null,
        "complex_name": null,
        "fire_year": 2024,
        "discovery_date": 1712188800000,
        "discovery_doy": 95,
        "discovery_time": "1309",
        "nwcg_cause_classification": "Human",
        "nwcg_general_cause": "Equipment and vehicle use",
        "nwcg_cause_age_category": null,
        "cont_date": 1712188800000,
        "cont_doy": 95,
        "cont_time": "1513",
        "fire_size": 2,
        "fire_size_class": "B",
        "latitude": 37.787667,
        "longitude": -112.39363300000001,
        "owner_descr": "BLM",
        "state": "UT",
        "county": "Garfield",
        "fips_code": "49017",
        "fips_name": "Garfield County",
        "globalid": "{A30221B0-10A4-4F47-8260-5C43DDD25F66}"
      }
    }
  ]
}
