{
  "type": "FeatureCollection",
  "features": [
    {
      "type": "Feature",
      "id": 899830,
      "geometry": {
        "type": "Polygon",
        "coordinates": [
          [
            [
              -112.28528546766502,
              37.916659678291616
            ],
            [
              -112.28488246753886,
              37.9162346782681
            ],
            [
              -112.28425746741134,
              37.91619867830667
            ],
            [
              -112.28363346728408,
              37.91616267834514
            ],
            [
              -112.28303446717445,
              37.916243678396
            ],
            [
              -112.2824354670648,
              37.91632367844671
            ],
            [
              -112.2818364669552,
              37.91640467849756
            ],
            [
              -112.28121246682785,
              37.91636867853602
            ],
            [
              -112.2805354666646,
              37.916099678550076
            ],
            [
              -112.28000846652894,
              37.915811678551556
            ],
            [
              -112.27935846638378,
              37.91565967857789
            ],
            [
              -112.27868146622052,
              37.915390678591926
            ],
            [
              -112.27805746609327,
              37.9153556786305
            ],
            [
              -112.2775304659575,
              37.91506667863186
            ],
            [
              -112.27700346582166,
              37.91477767863321
            ],
            [
              -112.27660046569552,
              37.91435267860974
            ],
            [
              -112.27619746556938,
              37.91392767858619
            ],
            [
              -112.27579446544327,
              37.913502678562644
            ],
            [
              -112.27554146534456,
              37.91305767852642
            ],
            [
              -112.27528846524592,
              37.91261267849018
            ],
            [
              -112.27533446520202,
              37.91212767842865
            ],
            [
              -112.27538046515812,
              37.911642678367066
            ],
            [
              -112.27542646511411,
              37.91115667830542
            ],
            [
              -112.27489946497845,
              37.91086867830687
            ],
            [
              -112.27437346484282,
              37.91057967830813
            ],
            [
              -112.27384646470705,
              37.91029067830947
            ],
            [
              -112.2731954645617,
              37.9101386783358
            ],
            [
              -112.27254546441654,
              37.90998667836212
            ],
            [
              -112.27192046428904,
              37.90995067840061
            ],
            [
              -112.2713474641972,
              37.91014767846366
            ],
            [
              -112.2714514642686,
              37.910612678512486
            ],
            [
              -112.2712554642851,
              37.911118678586895
            ],
            [
              -112.2710594643015,
              37.91162367866113
            ],
            [
              -112.27051246422754,
              37.911936678736346
            ],
            [
              -112.26999146417147,
              37.91236667882385
            ],
            [
              -112.26962046414278,
              37.912775678898605
            ],
            [
              -112.26924846411391,
              37.91318467897335
            ],
            [
              -112.26887746408521,
              37.913593679048056
            ],
            [
              -112.26850546405646,
              37.91400367912293
            ],
            [
              -112.26816046404561,
              37.91452867920981
            ],
            [
              -112.26781446403463,
              37.915054679296915
            ],
            [
              -112.26746946402379,
              37.91557967938379
            ],
            [
              -112.26716946396877,
              37.915619679409204
            ],
            [
              -112.26654546384158,
              37.91558467944777
            ],
            [
              -112.26589446369609,
              37.915431679473976
            ],
            [
              -112.26543646360265,
              37.91540567950229
            ],
            [
              -112.26541946359602,
              37.91537567949984
            ],
            [
              -112.26531546352459,
              37.91491067945095
            ],
            [
              -112.26506246342593,
              37.91446567941477
            ],
            [
              -112.26495946335471,
              37.91400067936579
            ],
            [
              -112.26455646322856,
              37.91357567934224
            ],
            [
              -112.26415346310245,
              37.913150679318676
            ],
            [
              -112.26405046303113,
              37.912684679269596
            ],
            [
              -112.26379646293229,
              37.912239679233465
            ],
            [
              -112.2636934628611,
              37.91177467918449
            ],
            [
              -112.2635894627897,
              37.9113096791356
            ],
            [
              -112.26348646271855,
              37.91084467908668
            ],
            [
              -112.26338246264704,
              37.91037867903766
            ],
            [
              -112.26327946257591,
              37.9099136789887
            ],
            [
              -112.26332546253202,
              37.90942867892714
            ],
            [
              -112.26384646258809,
              37.90899867883962
            ],
            [
              -112.26436746264429,
              37.908569678752215
            ],
            [
              -112.26488946270067,
              37.90814067866474
            ],
            [
              -112.2654364627747,
              37.907827678589534
            ],
            [
              -112.2657814627855,
              37.90730167850248
            ],
            [
              -112.26615246281416,
              37.906892678427795
            ],
            [
              -112.26634846279781,
              37.90638767835354
            ],
            [
              -112.26686946285388,
              37.90595767826601
            ],
            [
              -112.26724146288282,
              37.90554867819126
            ],
            [
              -112.26713746281145,
              37.90508367814234
            ],
            [
              -112.26661146267587,
              37.90479467814359
            ],
            [
              -112.26608446254016,
              37.90450667814501
            ],
            [
              -112.26568146241402,
              37.90408167812142
            ],
            [
              -112.2652784622878,
              37.90365567809772
            ],
            [
              -112.2650254621892,
              37.903210678061505
            ],
            [
              -112.26492246211807,
              37.90274567801252
            ],
            [
              -112.26466946201941,
              37.90230067797623
            ],
            [
              -112.2644154619206,
              37.901855677940006
            ],
            [
              -112.26431246184949,
              37.90139067789108
            ],
            [
              -112.26405946175073,
              37.900944677854675
            ],
            [
              -112.2636564616246,
              37.90051967783108
            ],
            [
              -112.26340346152601,
              37.9000746777948
            ],
            [
              -112.26280446141641,
              37.90015567784562
            ],
            [
              -112.26225746134234,
              37.90046867792083
            ],
            [
              -112.26165946123281,
              37.900548677971415
            ],
            [
              -112.26106046112315,
              37.90062967802226
            ],
            [
              -112.26043546099558,
              37.900593678060744
            ],
            [
              -112.25981146086825,
              37.900557678099204
            ],
            [
              -112.25916046072277,
              37.900404678125376
            ],
            [
              -112.25851046057757,
              37.90025267815159
            ],
            [
              -112.25788546045001,
              37.90021667819013
            ],
            [
              -112.25735946031455,
              37.89992867819144
            ],
            [
              -112.25710646021582,
              37.899482678155024
            ],
            [
              -112.25648146008834,
              37.89944767819367
            ],
            [
              -112.25611046005955,
              37.899856678268385
            ],
            [
              -112.25576446004844,
              37.900381678355345
            ],
            [
              -112.2552174599744,
              37.900694678430575
            ],
            [
              -112.25459345984702,
              37.900658678468965
            ],
            [
              -112.2537934596743,
              37.900526678507866
            ],
            [
              -112.25316845954677,
              37.900490678546404
            ],
            [
              -112.25264245941123,
              37.900202678547736
            ],
            [
              -112.25196545924793,
              37.899933678561695
            ],
            [
              -112.25171245914933,
              37.89948867852538
            ],
            [
              -112.25160945907817,
              37.899023678476425
            ],
            [
              -112.25180545906174,
              37.898517678401966
            ],
            [
              -112.25185145901793,
              37.89803267834038
            ],
            [
              -112.25159845891932,
              37.897587678304056
            ],
            [
              -112.25104645876588,
              37.897182678293056
            ],
            [
              -112.25064345863977,
              37.89675767826944
            ],
            [
              -112.2502404585136,
              37.89633167824568
            ],
            [
              -112.24983745838749,
              37.89590667822204
            ],
            [
              -112.24943545826157,
              37.89548167819835
            ],
            [
              -112.24890845812584,
              37.89519367819978
            ],
            [
              -112.2482584579806,
              37.89504067822586
            ],
            [
              -112.24760845783541,
              37.89488867825203
            ],
            [
              -112.2469834577078,
              37.8948526782905
            ],
            [
              -112.24645745757222,
              37.89456367829173
            ],
            [
              -112.24620445747355,
              37.89411867825539
            ],
            [
              -112.24640045745727,
              37.89361367818104
            ],
            [
              -112.24659645744089,
              37.89310767810664
            ],
            [
              -112.24679245742453,
              37.89260267803233
            ],
            [
              -112.24713745743547,
              37.892076677945234
            ],
            [
              -112.24750945746443,
              37.891667677870444
            ],
            [
              -112.24803045752071,
              37.89123867778303
            ],
            [
              -112.24860245761244,
              37.891041677720075
            ],
            [
              -112.24914945768651,
              37.89072867764488
            ],
            [
              -112.2496704577428,
              37.89029967755746
            ],
            [
              -112.25004245777183,
              37.88989067748266
            ],
            [
              -112.25041345780059,
              37.88948167740796
            ],
            [
              -112.25093445785689,
              37.88905267732056
            ],
            [
              -112.25130645788579,
              37.88864267724563
            ],
            [
              -112.2512024578145,
              37.888177677196666
            ],
            [
              -112.25139845779822,
              37.88767267712238
            ],
            [
              -112.25159445778185,
              37.887166677047894
            ],
            [
              -112.25149145771074,
              37.88670167699887
            ],
            [
              -112.25168745769449,
              37.88619667692456
            ],
            [
              -112.25158345762308,
              37.88573067687549
            ],
            [
              -112.25148045755203,
              37.885265676826506
            ],
            [
              -112.25137745748094,
              37.88480067677746
            ],
            [
              -112.25127345740965,
              37.884335676728476
            ],
            [
              -112.25132045736605,
              37.883849676666685
            ],
            [
              -112.25136645732228,
              37.88336467660502
            ],
            [
              -112.25171145733316,
              37.882838676517984
            ],
            [
              -112.25225845740725,
              37.88252567644279
            ],
            [
              -112.25277945746355,
              37.882096676355374
            ],
            [
              -112.25315145749259,
              37.88168767628059
            ],
            [
              -112.25374945760214,
              37.88160767622997
            ],
            [
              -112.25434845771184,
              37.88152667617924
            ],
            [
              -112.25487445784736,
              37.88181567617803
            ],
            [
              -112.25549945797493,
              37.8818516761396
            ],
            [
              -112.25609745808443,
              37.881770676088856
            ],
            [
              -112.25672145821173,
              37.8818066760505
            ],
            [
              -112.25709345824076,
              37.881397675975705
            ],
            [
              -112.25746445826955,
              37.880988675901
            ],
            [
              -112.25803745836146,
              37.880791675838005
            ],
            [
              -112.25858445843554,
              37.88047867576282
            ],
            [
              -112.25910545849182,
              37.88004967567542
            ],
            [
              -112.25947645852067,
              37.879640675600704
            ],
            [
              -112.2595224584768,
              37.879154675538935
            ],
            [
              -112.25941945840573,
              37.87868967548994
            ],
            [
              -112.25931545833453,
              37.87822467544096
            ],
            [
              -112.25921245826346,
              37.877759675391935
            ],
            [
              -112.25910845819209,
              37.87729367534289
            ],
            [
              -112.25897945810333,
              37.87671267528164
            ],
            [
              -112.25887645803226,
              37.87624767523259
            ],
            [
              -112.25862345793375,
              37.87580267519623
            ],
            [
              -112.2585194578624,
              37.875336675147196
            ],
            [
              -112.25856645781887,
              37.87485167508546
            ],
            [
              -112.25846245774767,
              37.87438667503649
            ],
            [
              -112.25835945767652,
              37.873920674987374
            ],
            [
              -112.25825545760533,
              37.87345567493837
            ],
            [
              -112.25800245750678,
              37.873010674902005
            ],
            [
              -112.25774945740828,
              37.8725656748657
            ],
            [
              -112.2576464573373,
              37.87210067481663
            ],
            [
              -112.25754345726617,
              37.871634674767456
            ],
            [
              -112.25743945719492,
              37.87116967471853
            ],
            [
              -112.2574854571512,
              37.87068467465686
            ],
            [
              -112.25723245705271,
              37.87023967462048
            ],
            [
              -112.25712945698163,
              37.86977367457136
            ],
            [
              -112.25660345684621,
              37.86948567457259
            ],
            [
              -112.25597845671864,
              37.86944967461098
            ],
            [
              -112.25572545662016,
              37.869004674574605
            ],
            [
              -112.25577245657654,
              37.86851867451281
            ],
            [
              -112.25581845653282,
              37.86803367445112
            ],
            [
              -112.2555934564916,
              37.86806367447017
            ],
            [
              -112.25576645649718,
              37.867800674426576
            ],
            [
              -112.255962456481,
              37.86729567435221
            ],
            [
              -112.25615845646475,
              37.866790674277915
            ],
            [
              -112.25605445639349,
              37.86632467422881
            ],
            [
              -112.25595145632246,
              37.865859674179774
            ],
            [
              -112.25554945619669,
              37.865434674156
            ],
            [
              -112.25499645604326,
              37.86502967414497
            ],
            [
              -112.25459445591747,
              37.864604674121175
            ],
            [
              -112.2541914557915,
              37.86417967409746
            ],
            [
              -112.25408845572049,
              37.86371467404838
            ],
            [
              -112.25428445570421,
              37.863208673973965
            ],
            [
              -112.2546554557331,
              37.86279967389924
            ],
            [
              -112.25485145571687,
              37.86229467382487
            ],
            [
              -112.25489745567309,
              37.8618086737631
            ],
            [
              -112.25494345562942,
              37.861323673701406
            ],
            [
              -112.254990455586,
              37.86083867363972
            ],
            [
              -112.25503645554221,
              37.86035267357791
            ],
            [
              -112.25523245552598,
              37.85984767350359
            ],
            [
              -112.25527845548231,
              37.85936267344188
            ],
            [
              -112.2551744554111,
              37.85889667339275
            ],
            [
              -112.2550714553401,
              37.85843167334372
            ],
            [
              -112.25496845526919,
              37.857966673294634
            ],
            [
              -112.25486445519799,
              37.857501673245594
            ],
            [
              -112.25476145512691,
              37.857035673196464
            ],
            [
              -112.254658455056,
              37.85657067314735
            ],
            [
              -112.25455445498483,
              37.856105673098334
            ],
            [
              -112.25430145488639,
              37.85566067306196
            ],
            [
              -112.25419845481531,
              37.855194673012754
            ],
            [
              -112.2540954547444,
              37.85472967296366
            ],
            [
              -112.25399145467325,
              37.85426467291469
            ],
            [
              -112.25388845460233,
              37.85379967286558
            ],
            [
              -112.25378545453125,
              37.853333672816376
            ],
            [
              -112.25353245443284,
              37.85288867278
            ],
            [
              -112.2534284543617,
              37.85242367273096
            ],
            [
              -112.25317545426329,
              37.851978672694536
            ],
            [
              -112.25277345413755,
              37.85155367267071
            ],
            [
              -112.25252045403913,
              37.851108672634325
            ],
            [
              -112.25241745396806,
              37.850642672585096
            ],
            [
              -112.25216445386967,
              37.85019767254867
            ],
            [
              -112.25191145377126,
              37.849752672512224
            ],
            [
              -112.25150945364553,
              37.849327672488386
            ],
            [
              -112.25140545357439,
              37.84886267243941
            ],
            [
              -112.25145145353066,
              37.84837667237758
            ],
            [
              -112.25182345355981,
              37.84796767230277
            ],
            [
              -112.25239545365163,
              37.84777167224001
            ],
            [
              -112.25299345376112,
              37.847690672189394
            ],
            [
              -112.25359245387087,
              37.84761067213877
            ],
            [
              -112.25419045398037,
              37.84752967208816
            ],
            [
              -112.25481445410773,
              37.84756567204983
            ],
            [
              -112.25534045424317,
              37.847854672048776
            ],
            [
              -112.25559345434154,
              37.848299672085204
            ],
            [
              -112.25584645444,
              37.84874467212164
            ],
            [
              -112.25624845456566,
              37.849169672145415
            ],
            [
              -112.25687345469319,
              37.84920567210706
            ],
            [
              -112.25752345483839,
              37.84935867208111
            ],
            [
              -112.25814745496574,
              37.84939467204277
            ],
            [
              -112.25877145509303,
              37.84943067200449
            ],
            [
              -112.2593694552025,
              37.84934967195381
            ],
            [
              -112.25994145529418,
              37.84915267189097
            ],
            [
              -112.26048845536837,
              37.8488396718158
            ],
            [
              -112.26053445532474,
              37.8483546717541
            ],
            [
              -112.26058045528112,
              37.84786967169244
            ],
            [
              -112.26032745518272,
              37.84742467165601
            ],
            [
              -112.25992545505702,
              37.8469996716322
            ],
            [
              -112.25982245498598,
              37.84653367158298
            ],
            [
              -112.25941945486008,
              37.8461086715592
            ],
            [
              -112.25901745473438,
              37.84568367153543
            ],
            [
              -112.258764454636,
              37.845238671499
            ],
            [
              -112.25851145453761,
              37.84479367146256
            ],
            [
              -112.2584074544665,
              37.844328671413514
            ],
            [
              -112.25815445436811,
              37.843883671377135
            ],
            [
              -112.25790245426984,
              37.84343767134051
            ],
            [
              -112.25764945417144,
              37.84299267130405
            ],
            [
              -112.25739645407302,
              37.84254767126762
            ],
            [
              -112.25699345394719,
              37.842122671243835
            ],
            [
              -112.25646745381174,
              37.841833671244935
            ],
            [
              -112.25581745366667,
              37.84168167127098
            ],
            [
              -112.25521945355712,
              37.841761671321464
            ],
            [
              -112.25459545342987,
              37.841726671359915
            ],
            [
              -112.25394545328469,
              37.84157367138584
            ],
            [
              -112.25332145315734,
              37.8415376714241
            ],
            [
              -112.25269745303005,
              37.84150167146242
            ],
            [
              -112.2520734529027,
              37.84146567150069
            ],
            [
              -112.25144945277536,
              37.84142967153901
            ],
            [
              -112.25082545264806,
              37.841393671577265
            ],
            [
              -112.25027845257382,
              37.84170667165243
            ],
            [
              -112.24973245249986,
              37.84201967172754
            ],
            [
              -112.24915945240794,
              37.842216671790496
            ],
            [
              -112.24858745231616,
              37.84241367185332
            ],
            [
              -112.2479894522066,
              37.84249367190387
            ],
            [
              -112.2474164521146,
              37.842690671966814
            ],
            [
              -112.24681845200504,
              37.8427706720173
            ],
            [
              -112.2460964518858,
              37.84298767209287
            ],
            [
              -112.24549845177617,
              37.84306767214335
            ],
            [
              -112.24492645168444,
              37.84326467220624
            ],
            [
              -112.24427645153922,
              37.84311167223214
            ],
            [
              -112.24375045140384,
              37.84282367223335
            ],
            [
              -112.24322345126822,
              37.84253467223445
            ],
            [
              -112.2428214511425,
              37.84210967221057
            ],
            [
              -112.2424194510168,
              37.8416846721867
            ],
            [
              -112.24201645089092,
              37.841259672162906
            ],
            [
              -112.2417644507926,
              37.84081367212624
            ],
            [
              -112.24151145069423,
              37.84036867208976
            ],
            [
              -112.24125845059586,
              37.83992367205334
            ],
            [
              -112.24100545049744,
              37.83947867201686
            ],
            [
              -112.24075245039906,
              37.839033671980374
            ],
            [
              -112.24050045030077,
              37.83858767194369
            ],
            [
              -112.24009745017489,
              37.83816267191989
            ],
            [
              -112.23984445007652,
              37.83771767188345
            ],
            [
              -112.23944244995083,
              37.837292671859565
            ],
            [
              -112.23904044982514,
              37.83686767183567
            ],
            [
              -112.23878744972677,
              37.83642267179918
            ],
            [
              -112.23853444962842,
              37.835977671762684
            ],
            [
              -112.23828244953009,
              37.83553167172606
            ],
            [
              -112.23802944943172,
              37.835086671689545
            ],
            [
              -112.23747744927856,
              37.834681671678304
            ],
            [
              -112.2369514491431,
              37.83439267167931
            ],
            [
              -112.23630144899796,
              37.83424067170533
            ],
            [
              -112.23552844884331,
              37.83422467175621
            ],
            [
              -112.23490444871592,
              37.83418867179445
            ],
            [
              -112.23425444857087,
              37.834036671820456
            ],
            [
              -112.23360444842564,
              37.83388367184636
            ],
            [
              -112.23307844829026,
              37.833595671847505
            ],
            [
              -112.23255244815482,
              37.83330667184848
            ],
            [
              -112.2320264480194,
              37.833017671849476
            ],
            [
              -112.23177344792099,
              37.83257267181297
            ],
            [
              -112.23124744778556,
              37.83228367181393
            ],
            [
              -112.23084544765987,
              37.831858671790066
            ],
            [
              -112.23029344750672,
              37.831453671778824
            ],
            [
              -112.22989144738104,
              37.8310286717549
            ],
            [
              -112.22936544724556,
              37.830739671755865
            ],
            [
              -112.2288134470924,
              37.830334671744595
            ],
            [
              -112.22841144696672,
              37.829909671720664
            ],
            [
              -112.22788544683131,
              37.82962067172163
            ],
            [
              -112.2273594466958,
              37.829331671722606
            ],
            [
              -112.22683344656038,
              37.82904267172357
            ],
            [
              -112.22630744642505,
              37.82875467172471
            ],
            [
              -112.22578144628957,
              37.82846567172567
            ],
            [
              -112.22552944619142,
              37.82802067168907
            ],
            [
              -112.22500344605601,
              37.82773167169003
            ],
            [
              -112.22460144593033,
              37.827306671666065
            ],
            [
              -112.22407544579485,
              37.82701767166703
            ],
            [
              -112.22367244566904,
              37.82659267164321
            ],
            [
              -112.2230494455417,
              37.82655567168123
            ],
            [
              -112.22245044543192,
              37.82663667173193
            ],
            [
              -112.22185244532227,
              37.826716671782386
            ],
            [
              -112.22122844519485,
              37.82668067182066
            ],
            [
              -112.22063044508515,
              37.826760671871114
            ],
            [
              -112.2200324449755,
              37.82684067192162
            ],
            [
              -112.21946044488364,
              37.82703767198444
            ],
            [
              -112.21893944482707,
              37.827466672071864
            ],
            [
              -112.21839244475277,
              37.82777967214705
            ],
            [
              -112.21784644467856,
              37.82809167222206
            ],
            [
              -112.21727344458651,
              37.828288672285
            ],
            [
              -112.2165984444237,
              37.82801967229854
            ],
            [
              -112.21607244428827,
              37.82773067229949
            ],
            [
              -112.21567044416257,
              37.827305672275514
            ],
            [
              -112.21526844403688,
              37.826880672251555
            ],
            [
              -112.21474244390143,
              37.826591672252555
            ],
            [
              -112.2144894438031,
              37.826146672216005
            ],
            [
              -112.21468544378709,
              37.82564167214152
            ],
            [
              -112.21523244386145,
              37.825328672066334
            ],
            [
              -112.21580444395327,
              37.8251316720035
            ],
            [
              -112.2164284440807,
              37.825167671965254
            ],
            [
              -112.21700144417285,
              37.8249716719025
            ],
            [
              -112.21689744410186,
              37.82450667185334
            ],
            [
              -112.21664544400356,
              37.82406067181658
            ],
            [
              -112.21639244390524,
              37.82361567178004
            ],
            [
              -112.2161404438071,
              37.82317067174345
            ],
            [
              -112.21603744373627,
              37.822705671694216
            ],
            [
              -112.21593444366538,
              37.82223967164487
            ],
            [
              -112.21583144359455,
              37.821774671595705
            ],
            [
              -112.21572744352358,
              37.82130967154654
            ],
            [
              -112.21562444345263,
              37.82084367149719
            ],
            [
              -112.21599644348196,
              37.820434671422355
            ],
            [
              -112.21656844357389,
              37.82023867135962
            ],
            [
              -112.21714044366573,
              37.8200416712968
            ],
            [
              -112.21773844377545,
              37.81996167124631
            ],
            [
              -112.21836244390286,
              37.8199976712081
            ],
            [
              -112.21898644403024,
              37.82003367116985
            ],
            [
              -112.21958444413993,
              37.819953671119414
            ],
            [
              -112.22020844426734,
              37.81998967108116
            ],
            [
              -112.22075444434158,
              37.81967767100617
            ],
            [
              -112.22080144429817,
              37.819191670944214
            ],
            [
              -112.22099744428223,
              37.81868667086976
            ],
            [
              -112.22104344423875,
              37.81820167080797
            ],
            [
              -112.22109044419537,
              37.81771567074598
            ],
            [
              -112.2211364441519,
              37.81723067068422
            ],
            [
              -112.22118344410862,
              37.81674567062233
            ],
            [
              -112.22137844409238,
              37.81623967054787
            ],
            [
              -112.2215744440764,
              37.81573467047338
            ],
            [
              -112.22177044406034,
              37.81522867039884
            ],
            [
              -112.22166744398955,
              37.814763670349606
            ],
            [
              -112.22186344397362,
              37.81425867027518
            ],
            [
              -112.22176044390287,
              37.81379367022596
            ],
            [
              -112.22165744383197,
              37.8133276701766
            ],
            [
              -112.22125544370635,
              37.81290267015265
            ],
            [
              -112.22085344358074,
              37.81247767012867
            ],
            [
              -112.22045144345512,
              37.81205267010466
            ],
            [
              -112.21992544331972,
              37.811763670105584
            ],
            [
              -112.21939944318433,
              37.811474670106485
            ],
            [
              -112.21899744305871,
              37.81104967008248
            ],
            [
              -112.21847144292332,
              37.81076067008338
            ],
            [
              -112.2180694427977,
              37.81033567005942
            ],
            [
              -112.21742044265267,
              37.81018267008516
            ],
            [
              -112.21682244254308,
              37.810263670135704
            ],
            [
              -112.2162244424334,
              37.81034367018619
            ],
            [
              -112.21567744235901,
              37.81065667026136
            ],
            [
              -112.21530644232993,
              37.811065670336134
            ],
            [
              -112.21476044225568,
              37.81137767041112
            ],
            [
              -112.21441444224415,
              37.81190367049833
            ],
            [
              -112.21389344218751,
              37.81233267058576
            ],
            [
              -112.21337344213107,
              37.81276167067311
            ],
            [
              -112.21332644217432,
              37.813246670735026
            ],
            [
              -112.21357944227272,
              37.81369267077174
            ],
            [
              -112.21398144239835,
              37.81411767079573
            ],
            [
              -112.21450744253376,
              37.81440667079477
            ],
            [
              -112.21461044260458,
              37.81487167084403
            ],
            [
              -112.21486244270265,
              37.81531667088068
            ],
            [
              -112.2152644428283,
              37.81574167090468
            ],
            [
              -112.21566644295405,
              37.8161676709288
            ],
            [
              -112.21591944305234,
              37.81661267096531
            ],
            [
              -112.21617144315046,
              37.81705767100196
            ],
            [
              -112.21627444322127,
              37.817522671051215
            ],
            [
              -112.21607844323731,
              37.81802867112577
            ],
            [
              -112.2155584431809,
              37.81845767121312
            ],
            [
              -112.21503744312427,
              37.81888667130054
            ],
            [
              -112.21443944301456,
              37.81896667135104
            ],
            [
              -112.21384144290488,
              37.81904667140148
            ],
            [
              -112.2132684428128,
              37.819243671464406
            ],
            [
              -112.21264544268563,
              37.81920767150258
            ],
            [
              -112.21202144255817,
              37.81917167154078
            ],
            [
              -112.21137144241293,
              37.8190186715666
            ],
            [
              -112.21072244226796,
              37.81886667159247
            ],
            [
              -112.21009844214046,
              37.81882967163061
            ],
            [
              -112.2094484419953,
              37.81867767165654
            ],
            [
              -112.20892244185981,
              37.81838867165744
            ],
            [
              -112.20837144170686,
              37.81798367164604
            ],
            [
              -112.20826844163605,
              37.817518671596844
            ],
            [
              -112.20801544153763,
              37.81707267156015
            ],
            [
              -112.20791244146689,
              37.81660767151089
            ],
            [
              -112.20795944142361,
              37.81612267144903
            ],
            [
              -112.2078564413527,
              37.81565667139966
            ],
            [
              -112.2077534412819,
              37.815191671350405
            ],
            [
              -112.20765044121114,
              37.8147266713012
            ],
            [
              -112.20739744111285,
              37.814281671264595
            ],
            [
              -112.20729444104194,
              37.81381567121521
            ],
            [
              -112.20704244094382,
              37.81337067117854
            ],
            [
              -112.20678944084554,
              37.812925671142
            ],
            [
              -112.20653744074741,
              37.81248067110533
            ],
            [
              -112.20613544062172,
              37.812054671081185
            ],
            [
              -112.20588244052338,
              37.811609671044586
            ],
            [
              -112.20563044042528,
              37.811164671007894
            ],
            [
              -112.20537744032701,
              37.81071967097134
            ],
            [
              -112.20527444025612,
              37.81025367092194
            ],
            [
              -112.20487244013053,
              37.80982867089791
            ],
            [
              -112.2046204400324,
              37.80938367086122
            ],
            [
              -112.2043684399342,
              37.80893767082443
            ],
            [
              -112.20396643980858,
              37.80851267080044
            ],
            [
              -112.20356443968296,
              37.8080876707764
            ],
            [
              -112.2033114395847,
              37.807642670739774
            ],
            [
              -112.20305943948651,
              37.80719667070295
            ],
            [
              -112.20265743936088,
              37.80677167067892
            ],
            [
              -112.20203343923343,
              37.80673567071713
            ],
            [
              -112.20143543912373,
              37.80681567076754
            ],
            [
              -112.20083743901398,
              37.806895670818015
            ],
            [
              -112.20023943890428,
              37.80697567086845
            ],
            [
              -112.19964143879452,
              37.80705567091892
            ],
            [
              -112.19906943870262,
              37.80725267098178
            ],
            [
              -112.19849743861056,
              37.807448671044455
            ],
            [
              -112.19792443851847,
              37.80764567110737
            ],
            [
              -112.19737843844415,
              37.80795767118237
            ],
            [
              -112.19683143836971,
              37.80827067125756
            ],
            [
              -112.1962594382778,
              37.80846767132042
            ],
            [
              -112.19597343823177,
              37.80856567135175
            ],
            [
              -112.1962854382955,
              37.80858367133266
            ],
            [
              -112.1957124382033,
              37.80877967139542
            ],
            [
              -112.19547943814325,
              37.80865167139585
            ],
            [
              -112.19506343805831,
              37.808627671421306
            ],
            [
              -112.19536243811318,
              37.808587671396076
            ],
            [
              -112.195187438068,
              37.80849067139627
            ],
            [
              -112.19453743792282,
              37.80833867142217
            ],
            [
              -112.19413543779714,
              37.807912671398
            ],
            [
              -112.19403243772635,
              37.807447671348704
            ],
            [
              -112.194378437738,
              37.806922671261574
            ],
            [
              -112.19474943776721,
              37.80651367118678
            ],
            [
              -112.19512143779654,
              37.8061046711119
            ],
            [
              -112.19549243782575,
              37.80569567103706
            ],
            [
              -112.19586343785491,
              37.805286670962275
            ],
            [
              -112.1962094378665,
              37.80476067087501
            ],
            [
              -112.1964054378506,
              37.804255670800494
            ],
            [
              -112.19645243780744,
              37.803770670738594
            ],
            [
              -112.19649843776394,
              37.80328467067661
            ],
            [
              -112.19654543772074,
              37.8027996706147
            ],
            [
              -112.19629243762243,
              37.80235467057805
            ],
            [
              -112.19576743748722,
              37.80206567057882
            ],
            [
              -112.1953654373616,
              37.80164067055476
            ],
            [
              -112.1948394372262,
              37.801351670555654
            ],
            [
              -112.19431443709097,
              37.80106267055642
            ],
            [
              -112.19391243696525,
              37.80063667053224
            ],
            [
              -112.19351043683963,
              37.800211670508155
            ],
            [
              -112.1929844367042,
              37.79992267050899
            ],
            [
              -112.19245943656895,
              37.79963367050975
            ],
            [
              -112.19205743644335,
              37.79920867048566
            ],
            [
              -112.19153143630794,
              37.79891967048651
            ],
            [
              -112.19085643614517,
              37.798650670499974
            ],
            [
              -112.19033043600975,
              37.798361670500796
            ],
            [
              -112.19007843591164,
              37.79791667046405
            ],
            [
              -112.18997543584096,
              37.79745167041473
            ],
            [
              -112.18972343574282,
              37.797005670377864
            ],
            [
              -112.1896204356721,
              37.7965406703286
            ],
            [
              -112.18951743560136,
              37.79607567027928
            ],
            [
              -112.18941443553058,
              37.79560967022984
            ],
            [
              -112.18931143545984,
              37.79514467018056
            ],
            [
              -112.18920943538939,
              37.79467967013116
            ],
            [
              -112.18910643531866,
              37.79421467008191
            ],
            [
              -112.1890034352479,
              37.793748670032436
            ],
            [
              -112.18919943523204,
              37.79324366995789
            ],
            [
              -112.18939543521624,
              37.79273866988339
            ],
            [
              -112.18944243517298,
              37.7922526698213
            ],
            [
              -112.18933943510234,
              37.79178766977201
            ],
            [
              -112.18923643503162,
              37.791322669722675
            ],
            [
              -112.18898443493349,
              37.79087666968581
            ],
            [
              -112.18845843479806,
              37.7905876696866
            ],
            [
              -112.18790743464515,
              37.79018266967507
            ],
            [
              -112.18738143450976,
              37.78989366967591
            ],
            [
              -112.1867324343648,
              37.78974166970168
            ],
            [
              -112.18610943423741,
              37.789704669739606
            ],
            [
              -112.18551143412766,
              37.78978466979006
            ],
            [
              -112.18491343401784,
              37.78986466984044
            ],
            [
              -112.18431543390804,
              37.78994466989087
            ],
            [
              -112.18374343381609,
              37.79014166995372
            ],
            [
              -112.18317143372403,
              37.790337670016385
            ],
            [
              -112.1825984336317,
              37.79053367007917
            ],
            [
              -112.18222743360248,
              37.790942670153974
            ],
            [
              -112.18218143364592,
              37.791428670216014
            ],
            [
              -112.18213443368907,
              37.79191367027795
            ],
            [
              -112.18161343363222,
              37.79234267036541
            ],
            [
              -112.18124243360302,
              37.79275167044029
            ],
            [
              -112.18069543352854,
              37.793064670515406
            ],
            [
              -112.18009743341872,
              37.79314467056588
            ],
            [
              -112.17955143334434,
              37.79345667064086
            ],
            [
              -112.17897943325232,
              37.79365367070371
            ],
            [
              -112.17860743322291,
              37.794062670778594
            ],
            [
              -112.17800943311308,
              37.794142670828975
            ],
            [
              -112.1774124330035,
              37.79422267087935
            ],
            [
              -112.17681443289368,
              37.79430267092975
            ],
            [
              -112.1762164327839,
              37.79438267098019
            ],
            [
              -112.17569043264842,
              37.794093670981
            ],
            [
              -112.17543843255027,
              37.7936476709441
            ],
            [
              -112.17481443242275,
              37.79361167098228
            ],
            [
              -112.17416543227769,
              37.793458671007926
            ],
            [
              -112.1736404321424,
              37.79316967100865
            ],
            [
              -112.17299043199708,
              37.793016671034366
            ],
            [
              -112.17246543186185,
              37.792727671035074
            ],
            [
              -112.17193943172641,
              37.792438671035924
            ],
            [
              -112.17141443159112,
              37.79214967103664
            ],
            [
              -112.17079043146364,
              37.792113671074745
            ],
            [
              -112.17016743133631,
              37.79207767111285
            ],
            [
              -112.16979543130688,
              37.792486671187746
            ],
            [
              -112.16974943135016,
              37.792971671249624
            ],
            [
              -112.1697024313933,
              37.79345667131163
            ],
            [
              -112.16950643140923,
              37.793962671386275
            ],
            [
              -112.1693094314248,
              37.794467671460936
            ],
            [
              -112.16876343135038,
              37.79477967153595
            ],
            [
              -112.16819143125834,
              37.79497667159875
            ],
            [
              -112.16761843116603,
              37.79517267166154
            ],
            [
              -112.16702043105619,
              37.79525267171199
            ],
            [
              -112.1664224309464,
              37.79533267176239
            ],
            [
              -112.16585043085423,
              37.79552867182512
            ],
            [
              -112.16527843076211,
              37.79572467188785
            ],
            [
              -112.16465443063457,
              37.79568867192596
            ],
            [
              -112.16428343060532,
              37.79609767200079
            ],
            [
              -112.16371143051316,
              37.796293672063534
            ],
            [
              -112.16316443043864,
              37.796606672138736
            ],
            [
              -112.16259243034654,
              37.79680267220141
            ],
            [
              -112.16199443023665,
              37.79688267225186
            ],
            [
              -112.16142243014454,
              37.79707867231458
            ],
            [
              -112.16084943005217,
              37.797274672377334
            ],
            [
              -112.16027742996015,
              37.797471672440196
            ],
            [
              -112.15970542986798,
              37.79766767250294
            ],
            [
              -112.15913242977565,
              37.79786367256573
            ],
            [
              -112.15856042968352,
              37.79805967262842
            ],
            [
              -112.15801442960914,
              37.79837267270355
            ],
            [
              -112.15741642949932,
              37.79845267275402
            ],
            [
              -112.15684342940693,
              37.79864867281676
            ],
            [
              -112.15627142931481,
              37.79884467287951
            ],
            [
              -112.15575042925798,
              37.799273672967
            ],
            [
              -112.15555442927375,
              37.799778673041594
            ],
            [
              -112.15607942940903,
              37.80006767304083
            ],
            [
              -112.1566304295622,
              37.800473673052565
            ],
            [
              -112.15688242966027,
              37.800918673089306
            ],
            [
              -112.15728442978605,
              37.80134467311356
            ],
            [
              -112.15753642988413,
              37.80178967315035
            ],
            [
              -112.15793843000979,
              37.80221467317448
            ],
            [
              -112.15819043010798,
              37.8026606732114
            ],
            [
              -112.15829343017873,
              37.8031256732607
            ],
            [
              -112.15769543006886,
              37.80320567331117
            ],
            [
              -112.15709742995905,
              37.80328567336157
            ],
            [
              -112.15634942982157,
              37.803385673424685
            ],
            [
              -112.15555042964886,
              37.803252673462985
            ],
            [
              -112.15477742949379,
              37.803235673513576
            ],
            [
              -112.15400442933888,
              37.8032196735643
            ],
            [
              -112.15338042921118,
              37.80318267360236
            ],
            [
              -112.15280842911915,
              37.80337967366521
            ],
            [
              -112.15223642902703,
              37.803575673727906
            ],
            [
              -112.15163842891712,
              37.80365567377837
            ],
            [
              -112.15104042880729,
              37.80373567382879
            ],
            [
              -112.15044242869729,
              37.80381467387912
            ],
            [
              -112.149869428605,
              37.804011673942064
            ],
            [
              -112.14927142849504,
              37.804090673992356
            ],
            [
              -112.14867342838515,
              37.804170674042815
            ],
            [
              -112.14807542827529,
              37.804250674093225
            ],
            [
              -112.14752842820076,
              37.80456367416845
            ],
            [
              -112.14733242821654,
              37.805068674243046
            ],
            [
              -112.1472854282597,
              37.80555367430503
            ],
            [
              -112.1472384283029,
              37.806038674367066
            ],
            [
              -112.14689242829121,
              37.80656467445439
            ],
            [
              -112.14652142826196,
              37.80697367452924
            ],
            [
              -112.14617542825017,
              37.807498674616504
            ],
            [
              -112.14597842826583,
              37.80800367469113
            ],
            [
              -112.14560742823653,
              37.80841267476599
            ],
            [
              -112.14541042825213,
              37.80891767484067
            ],
            [
              -112.14503942822289,
              37.809326674915525
            ],
            [
              -112.14469342821114,
              37.80985167500273
            ],
            [
              -112.14449642822687,
              37.810357675077526
            ],
            [
              -112.14444942827006,
              37.810842675139504
            ],
            [
              -112.14425342828586,
              37.811347675214044
            ],
            [
              -112.14435642835666,
              37.81181267526344
            ],
            [
              -112.14445842842731,
              37.81227867531299
            ],
            [
              -112.14503542859825,
              37.81280067533693
            ],
            [
              -112.14568442874337,
              37.81295267531114
            ],
            [
              -112.14621042887903,
              37.81324267531045
            ],
            [
              -112.14661242900476,
              37.813667675334564
            ],
            [
              -112.1468644291029,
              37.81411267537129
            ],
            [
              -112.14711642920115,
              37.814558675408186
            ],
            [
              -112.14736842929928,
              37.81500367544495
            ],
            [
              -112.14747142937009,
              37.81546867549433
            ],
            [
              -112.14772342946836,
              37.81591467553115
            ],
            [
              -112.1479754295665,
              37.816359675567924
            ],
            [
              -112.1482274296648,
              37.816805675604805
            ],
            [
              -112.14877842981788,
              37.817210675616316
            ],
            [
              -112.14918042994363,
              37.81763567564043
            ],
            [
              -112.14970643007928,
              37.81792567563973
            ],
            [
              -112.15023143021469,
              37.81821467563891
            ],
            [
              -112.15090643037765,
              37.818483675625494
            ],
            [
              -112.1511584304758,
              37.81892867566224
            ],
            [
              -112.15156043060165,
              37.81935467568646
            ],
            [
              -112.1518124306998,
              37.81979967572321
            ],
            [
              -112.15206543079816,
              37.820244675759895
            ],
            [
              -112.15246643092384,
              37.820670675784186
            ],
            [
              -112.1530184310771,
              37.821075675795605
            ],
            [
              -112.15354343121253,
              37.82136467579479
            ],
            [
              -112.15421843137547,
              37.82163367578135
            ],
            [
              -112.15474443151113,
              37.821923675780624
            ],
            [
              -112.15541943167408,
              37.82219267576718
            ],
            [
              -112.15594543180964,
              37.822481675766326
            ],
            [
              -112.15634643193519,
              37.822906675790485
            ],
            [
              -112.15644943200603,
              37.823371675839816
            ],
            [
              -112.1560784319768,
              37.82378067591465
            ],
            [
              -112.1555314319023,
              37.82409367598988
            ],
            [
              -112.15493343179244,
              37.82417367604033
            ],
            [
              -112.15433443168241,
              37.8242536760909
            ],
            [
              -112.1537114315549,
              37.824216676128884
            ],
            [
              -112.1530874314273,
              37.82418067616706
            ],
            [
              -112.15243743128192,
              37.8240276761929
            ],
            [
              -112.15178843113668,
              37.823874676218615
            ],
            [
              -112.15116443100906,
              37.823838676256784
            ],
            [
              -112.15054043088135,
              37.8238016762949
            ],
            [
              -112.1499424307715,
              37.823881676345344
            ],
            [
              -112.14934443066161,
              37.82396167639585
            ],
            [
              -112.14874543055159,
              37.82404167644635
            ],
            [
              -112.14814743044167,
              37.824121676496844
            ],
            [
              -112.14752343031394,
              37.8240846765349
            ],
            [
              -112.1469254302041,
              37.8241646765854
            ],
            [
              -112.14632743009419,
              37.824244676635864
            ],
            [
              -112.14567842994894,
              37.824091676661624
            ],
            [
              -112.14505442982126,
              37.82405467669967
            ],
            [
              -112.14443042969364,
              37.824018676737836
            ],
            [
              -112.14378042954817,
              37.82386567676361
            ],
            [
              -112.1431314294029,
              37.82371267678937
            ],
            [
              -112.14250742927528,
              37.82367667682753
            ],
            [
              -112.14193542918314,
              37.823872676890325
            ],
            [
              -112.1418884292264,
              37.824357676952275
            ],
            [
              -112.14199042929705,
              37.82482267700169
            ],
            [
              -112.14224242939534,
              37.82526867703856
            ],
            [
              -112.14276842953093,
              37.825557677037736
            ],
            [
              -112.1434174296762,
              37.825710677011955
            ],
            [
              -112.14409342983937,
              37.82597967699844
            ],
            [
              -112.14449442996496,
              37.82640467702261
            ],
            [
              -112.14444743000834,
              37.82689067708474
            ],
            [
              -112.14425143002421,
              37.82739567715927
            ],
            [
              -112.14390543001255,
              37.82792067724653
            ],
            [
              -112.14353342998311,
              37.828329677321456
            ],
            [
              -112.143337429999,
              37.828834677395996
            ],
            [
              -112.14398643014425,
              37.828987677370264
            ],
            [
              -112.14451243027993,
              37.82927667736941
            ],
            [
              -112.14491443040576,
              37.82970267739362
            ],
            [
              -112.14531543053137,
              37.83012767741776
            ],
            [
              -112.14571743065726,
              37.830553677441955
            ],
            [
              -112.14596943075549,
              37.83099867747863
            ],
            [
              -112.14622143085369,
              37.831443677515374
            ],
            [
              -112.14649943096978,
              37.8320056775645
            ],
            [
              -112.14702543110539,
              37.83229467756363
            ],
            [
              -112.14767543125086,
              37.832447677537836
            ],
            [
              -112.14832443139612,
              37.83260067751205
            ],
            [
              -112.14872643152192,
              37.8330256775361
            ],
            [
              -112.14912843164784,
              37.83345167756028
            ],
            [
              -112.14955543179117,
              37.83399267759668
            ],
            [
              -112.1498074318895,
              37.83443867763353
            ],
            [
              -112.14991043196034,
              37.83490367768283
            ],
            [
              -112.15001343203133,
              37.83536967773222
            ],
            [
              -112.15011543210197,
              37.835834677781584
            ],
            [
              -112.1495684320274,
              37.83614667785672
            ],
            [
              -112.14897043191755,
              37.83622667790725
            ],
            [
              -112.14837243180766,
              37.83630667795772
            ],
            [
              -112.14777443169777,
              37.83638667800823
            ],
            [
              -112.14715043157007,
              37.836349678046325
            ],
            [
              -112.14674843144427,
              37.83592467802225
            ],
            [
              -112.14664543137337,
              37.835459677972956
            ],
            [
              -112.14654243130242,
              37.83499367792356
            ],
            [
              -112.14601743116694,
              37.83470467792435
            ],
            [
              -112.14534243100394,
              37.83443567793783
            ],
            [
              -112.14481643086832,
              37.8341466779387
            ],
            [
              -112.14414143070532,
              37.83387767795216
            ],
            [
              -112.14349143055983,
              37.83372467797796
            ],
            [
              -112.14284243041455,
              37.833571678003764
            ],
            [
              -112.14221843028686,
              37.833534678041836
            ],
            [
              -112.1415944301592,
              37.833498678080026
            ],
            [
              -112.14097043003146,
              37.833461678118155
            ],
            [
              -112.1403724299216,
              37.8335416781686
            ],
            [
              -112.13974842979395,
              37.833505678206855
            ],
            [
              -112.13912442966617,
              37.83346867824493
            ],
            [
              -112.13852542955613,
              37.833548678295514
            ],
            [
              -112.13790242942855,
              37.833511678333515
            ],
            [
              -112.13770542944435,
              37.834017678408244
            ],
            [
              -112.13780842951523,
              37.834482678457576
            ],
            [
              -112.13833342965069,
              37.834771678456775
            ],
            [
              -112.13843642972168,
              37.83523767850624
            ],
            [
              -112.13868842981991,
              37.835682678542916
            ],
            [
              -112.13894042991814,
              37.836127678579665
            ],
            [
              -112.13934243004407,
              37.83655367860384
            ],
            [
              -112.1398684301797,
              37.83684267860298
            ],
            [
              -112.14026943030534,
              37.8372676786271
            ],
            [
              -112.14079543044109,
              37.837557678626354
            ],
            [
              -112.14144543058647,
              37.83770967860036
            ],
            [
              -112.14197043072205,
              37.83799967859968
            ],
            [
              -112.1424964308577,
              37.83828867859881
            ],
            [
              -112.1431464310032,
              37.83844167857299
            ],
            [
              -112.14367143113861,
              37.838730678572176
            ],
            [
              -112.1441974312743,
              37.83901967857129
            ],
            [
              -112.14472343140994,
              37.83930867857035
            ],
            [
              -112.14539843157297,
              37.83957767855687
            ],
            [
              -112.14594943172625,
              37.83998367856844
            ],
            [
              -112.14647543186193,
              37.840272678567544
            ],
            [
              -112.1471254320074,
              37.84042567854173
            ],
            [
              -112.14777443215253,
              37.840577678515864
            ],
            [
              -112.14830043228832,
              37.84086767851509
            ],
            [
              -112.14882643242395,
              37.84115667851413
            ],
            [
              -112.14922843254979,
              37.84158167853818
            ],
            [
              -112.14948043264803,
              37.842026678574875
            ],
            [
              -112.14973243274642,
              37.8424726786117
            ],
            [
              -112.1499844328447,
              37.84291767864839
            ],
            [
              -112.15008743291557,
              37.84338267869764
            ],
            [
              -112.1501904329866,
              37.84384867874705
            ],
            [
              -112.14961743289426,
              37.84404467880993
            ],
            [
              -112.1490194327844,
              37.844124678860396
            ],
            [
              -112.14844643269207,
              37.84432067892328
            ],
            [
              -112.14787343259977,
              37.844516678986146
            ],
            [
              -112.1473014325076,
              37.84471267904891
            ],
            [
              -112.14670243239757,
              37.844792679099506
            ],
            [
              -112.14607843226993,
              37.844756679137724
            ],
            [
              -112.14548043216007,
              37.84483667918826
            ],
            [
              -112.14488243205005,
              37.84491567923862
            ],
            [
              -112.14430943195786,
              37.84511267930162
            ],
            [
              -112.14393743192838,
              37.84552067937641
            ],
            [
              -112.14356543189899,
              37.845929679451345
            ],
            [
              -112.14296743178913,
              37.84600967950188
            ],
            [
              -112.14234343166149,
              37.8459736795401
            ],
            [
              -112.14174543155151,
              37.84605267959054
            ],
            [
              -112.1411464314414,
              37.846132679641066
            ],
            [
              -112.1405484313315,
              37.84621267969163
            ],
            [
              -112.13992443120378,
              37.846175679729726
            ],
            [
              -112.13932543109365,
              37.84625567978035
            ],
            [
              -112.13875343100153,
              37.84645167984315
            ],
            [
              -112.13818043090926,
              37.84664867990609
            ],
            [
              -112.13763343083468,
              37.84696067998123
            ],
            [
              -112.13711143077775,
              37.84738968006883
            ],
            [
              -112.13674043074856,
              37.84779868014369
            ],
            [
              -112.13636843071912,
              37.84820668021856
            ],
            [
              -112.1358464306622,
              37.84863568030617
            ],
            [
              -112.13529943058766,
              37.848948680381426
            ],
            [
              -112.13475243051307,
              37.84926068045654
            ],
            [
              -112.13415443040314,
              37.84934068050708
            ],
            [
              -112.13358143031081,
              37.849536680569955
            ],
            [
              -112.13300843021847,
              37.8497326806328
            ],
            [
              -112.13248743016169,
              37.85016168072032
            ],
            [
              -112.13211543013234,
              37.85057068079532
            ],
            [
              -112.13174343010297,
              37.850979680870246
            ],
            [
              -112.13154643011877,
              37.85148468094485
            ],
            [
              -112.13117443008939,
              37.851893681019796
            ],
            [
              -112.13080343006025,
              37.85230268109472
            ],
            [
              -112.13045643004843,
              37.852827681182
            ],
            [
              -112.13026043006442,
              37.853332681256525
            ],
            [
              -112.13021343010774,
              37.85381768131851
            ],
            [
              -112.13016643015112,
              37.85430268138043
            ],
            [
              -112.13026843022199,
              37.85476868142994
            ],
            [
              -112.13037143029293,
              37.85523368147925
            ],
            [
              -112.13017443030874,
              37.85573868155384
            ],
            [
              -112.12997743032463,
              37.85624468162862
            ],
            [
              -112.12943043025005,
              37.85655668170372
            ],
            [
              -112.12890943019332,
              37.85698568179133
            ],
            [
              -112.12821243009115,
              37.85731768187911
            ],
            [
              -112.12769043003415,
              37.85774668196673
            ],
            [
              -112.12714342995957,
              37.85805868204187
            ],
            [
              -112.12662142990267,
              37.8584876821295
            ],
            [
              -112.1262504298735,
              37.858896682204374
            ],
            [
              -112.12605342988931,
              37.85940168227903
            ],
            [
              -112.12615542996016,
              37.85986768232851
            ],
            [
              -112.1265574300861,
              37.860292682352494
            ],
            [
              -112.12720743023168,
              37.860445682326635
            ],
            [
              -112.1277334303674,
              37.86073468232571
            ],
            [
              -112.12783543043821,
              37.86119968237508
            ],
            [
              -112.12793843050926,
              37.86166568242443
            ],
            [
              -112.12756643047996,
              37.86207468249943
            ],
            [
              -112.12719443045049,
              37.86248268257426
            ],
            [
              -112.12662143035827,
              37.86267968263722
            ],
            [
              -112.12607443028368,
              37.8629916827124
            ],
            [
              -112.12550143019128,
              37.863187682775305
            ],
            [
              -112.12487743006345,
              37.863150682813426
            ],
            [
              -112.12422742991792,
              37.86299768283936
            ],
            [
              -112.12382542979198,
              37.86257268281533
            ],
            [
              -112.1234234296659,
              37.8621466827912
            ],
            [
              -112.1233214295951,
              37.86168168274183
            ],
            [
              -112.12351842957932,
              37.861176682667214
            ],
            [
              -112.12371442956334,
              37.860671682592624
            ],
            [
              -112.12408642959264,
              37.86026268251768
            ],
            [
              -112.12413342954926,
              37.85977768245575
            ],
            [
              -112.1240314294784,
              37.85931168240624
            ],
            [
              -112.12350542934269,
              37.859022682407165
            ],
            [
              -112.12297942920691,
              37.85873368240808
            ],
            [
              -112.12235542907906,
              37.858696682446244
            ],
            [
              -112.12175742896916,
              37.85877668249675
            ],
            [
              -112.12141042895732,
              37.85930168258405
            ],
            [
              -112.12121442897336,
              37.85980668265865
            ],
            [
              -112.12069242891643,
              37.86023568274627
            ],
            [
              -112.12032042888704,
              37.860644682821224
            ],
            [
              -112.11959742876708,
              37.86086068289679
            ],
            [
              -112.11902542867492,
              37.86105668295957
            ],
            [
              -112.11845242858251,
              37.86125268302248
            ],
            [
              -112.1179044285077,
              37.86156468309771
            ],
            [
              -112.11755842849607,
              37.862089683184934
            ],
            [
              -112.11736142851203,
              37.862595683259734
            ],
            [
              -112.11716542852803,
              37.863100683334274
            ],
            [
              -112.11696842854381,
              37.86360568340895
            ],
            [
              -112.1169214285872,
              37.864090683470884
            ],
            [
              -112.11637342851252,
              37.86440368354625
            ],
            [
              -112.11577542840242,
              37.8644826835967
            ],
            [
              -112.11520242831007,
              37.86467868365955
            ],
            [
              -112.11468042825312,
              37.86510768374718
            ],
            [
              -112.11413342817845,
              37.86541968382236
            ],
            [
              -112.11358642810397,
              37.86573268389767
            ],
            [
              -112.11306442804693,
              37.86616068398518
            ],
            [
              -112.11249142795448,
              37.86635668404809
            ],
            [
              -112.11211942792518,
              37.866765684123045
            ],
            [
              -112.11192242794097,
              37.86727068419767
            ],
            [
              -112.11172542795688,
              37.867776684272464
            ],
            [
              -112.1116784280003,
              37.8682616843344
            ],
            [
              -112.1114814280161,
              37.86876668440906
            ],
            [
              -112.11128442803196,
              37.86927168448369
            ],
            [
              -112.11093842802035,
              37.86979668457097
            ],
            [
              -112.11074142803632,
              37.87030268464571
            ],
            [
              -112.11039542802472,
              37.87082768473293
            ],
            [
              -112.1098734279677,
              37.87125568482046
            ],
            [
              -112.10950142793837,
              37.87166468489549
            ],
            [
              -112.10895342786353,
              37.87197668497068
            ],
            [
              -112.10843242780679,
              37.872405685058254
            ],
            [
              -112.10838442785003,
              37.87289068512032
            ],
            [
              -112.10878642797616,
              37.87331668514444
            ],
            [
              -112.10931242811195,
              37.87360568514351
            ],
            [
              -112.10991142822226,
              37.87352668509298
            ],
            [
              -112.11053542834998,
              37.8735626850547
            ],
            [
              -112.11115942847785,
              37.8735996850165
            ],
            [
              -112.11178342860572,
              37.87363668497835
            ],
            [
              -112.11230942874153,
              37.87392568497741
            ],
            [
              -112.11283542887739,
              37.874214684976465
            ],
            [
              -112.11323742900345,
              37.87464068500059
            ],
            [
              -112.1131904290469,
              37.87512568506252
            ],
            [
              -112.1128174290174,
              37.875534685137545
            ],
            [
              -112.11227042894276,
              37.875846685212736
            ],
            [
              -112.11169742885039,
              37.87604268527566
            ],
            [
              -112.11112442875805,
              37.876238685338585
            ],
            [
              -112.11057742868338,
              37.876550685413775
            ],
            [
              -112.1102044286539,
              37.876959685488806
            ],
            [
              -112.10965742857937,
              37.877272685564115
            ],
            [
              -112.10913542852234,
              37.877700685651654
            ],
            [
              -112.10878942851082,
              37.87822568573886
            ],
            [
              -112.10859242852678,
              37.8787316858136
            ],
            [
              -112.10839542854262,
              37.879236685888266
            ],
            [
              -112.10819842855854,
              37.87974168596288
            ],
            [
              -112.10815142860199,
              37.880226686024855
            ],
            [
              -112.10840342870053,
              37.880672686061665
            ],
            [
              -112.10850542877135,
              37.88113768611096
            ],
            [
              -112.10875842887003,
              37.88158268614757
            ],
            [
              -112.1090104289686,
              37.88202868618437
            ],
            [
              -112.10911242903943,
              37.88249368623373
            ],
            [
              -112.10936442913798,
              37.88293968627046
            ],
            [
              -112.10976642926404,
              37.883364686294435
            ],
            [
              -112.10986942933523,
              37.88383068634385
            ],
            [
              -112.11012142943369,
              37.884275686380526
            ],
            [
              -112.11022342950459,
              37.88474068642983
            ],
            [
              -112.11032642957572,
              37.885206686479215
            ],
            [
              -112.11057842967418,
              37.88565168651586
            ],
            [
              -112.11098042980036,
              37.88607768653997
            ],
            [
              -112.11138242992642,
              37.886502686563944
            ],
            [
              -112.11178343005241,
              37.88692868658806
            ],
            [
              -112.11230943018825,
              37.88721768658707
            ],
            [
              -112.11283543032415,
              37.887506686586086
            ],
            [
              -112.11323743045027,
              37.887932686610164
            ],
            [
              -112.11348943054878,
              37.88837768664683
            ],
            [
              -112.11359243061996,
              37.88884368669621
            ],
            [
              -112.11369443069088,
              37.8893086867455
            ],
            [
              -112.11364743073437,
              37.88979368680745
            ],
            [
              -112.11310043065988,
              37.890106686882774
            ],
            [
              -112.11255243058513,
              37.89041868695805
            ],
            [
              -112.11197943049278,
              37.89061468702092
            ],
            [
              -112.11160743046347,
              37.891023687095895
            ],
            [
              -112.11123543043422,
              37.89143268717091
            ],
            [
              -112.11086243040461,
              37.89184068724581
            ],
            [
              -112.11081543044824,
              37.892326687307836
            ],
            [
              -112.11106743054671,
              37.89277168734447
            ],
            [
              -112.11166643065692,
              37.89269168729377
            ],
            [
              -112.11223943074926,
              37.892495687230884
            ],
            [
              -112.11281343084184,
              37.892299687167885
            ],
            [
              -112.1133604309164,
              37.89198768709266
            ],
            [
              -112.11393343100875,
              37.89179168702972
            ],
            [
              -112.11450643110112,
              37.891595686966824
            ],
            [
              -112.11510543121126,
              37.89151568691613
            ],
            [
              -112.11585443134915,
              37.89141668685294
            ],
            [
              -112.11645243145907,
              37.89133668680231
            ],
            [
              -112.11679943147078,
              37.89081168671503
            ],
            [
              -112.11684643142726,
              37.89032668665309
            ],
            [
              -112.1170434314113,
              37.889821686578514
            ],
            [
              -112.11756543146821,
              37.889392686490865
            ],
            [
              -112.11821543161388,
              37.88954568646493
            ],
            [
              -112.11874143174971,
              37.889834686463935
            ],
            [
              -112.11926743188555,
              37.89012368646288
            ],
            [
              -112.1199424320489,
              37.890393686449386
            ],
            [
              -112.12074243222214,
              37.89052668641075
            ],
            [
              -112.12136643234984,
              37.89056268637245
            ],
            [
              -112.1219914324779,
              37.89059968633417
            ],
            [
              -112.12264143262355,
              37.890752686308176
            ],
            [
              -112.12324043273371,
              37.89067268625754
            ],
            [
              -112.12389043287935,
              37.8908256862316
            ],
            [
              -112.12354343286766,
              37.891350686318866
            ],
            [
              -112.12317143283845,
              37.891759686393804
            ],
            [
              -112.12312443288197,
              37.89224468645573
            ],
            [
              -112.12322643295295,
              37.89271068650512
            ],
            [
              -112.12347943305161,
              37.893155686541675
            ],
            [
              -112.12407743316157,
              37.8930756864911
            ],
            [
              -112.12467643327183,
              37.89299668644052
            ],
            [
              -112.12532643341743,
              37.89314968641457
            ],
            [
              -112.12597643356307,
              37.893302686388616
            ],
            [
              -112.12607943363419,
              37.8937676864378
            ],
            [
              -112.12603243367772,
              37.894252686499726
            ],
            [
              -112.1262844337763,
              37.894698686536465
            ],
            [
              -112.12681043391215,
              37.89498768653539
            ],
            [
              -112.12738343400451,
              37.894791686472495
            ],
            [
              -112.1279564340968,
              37.89459568640955
            ],
            [
              -112.12850443417146,
              37.894282686334165
            ],
            [
              -112.12907743426375,
              37.89408668627123
            ],
            [
              -112.12965043435604,
              37.89389068620834
            ],
            [
              -112.1302494344662,
              37.89381068615765
            ],
            [
              -112.13082243455847,
              37.893614686094686
            ],
            [
              -112.1314724347041,
              37.89376768606874
            ],
            [
              -112.13212243484973,
              37.89392068604279
            ],
            [
              -112.13267743496344,
              37.89395368600882
            ],
            [
              -112.13252443497579,
              37.89434568606669
            ],
            [
              -112.13232743499184,
              37.89485168614136
            ],
            [
              -112.13228043503538,
              37.895336686203294
            ],
            [
              -112.13223343507892,
              37.89582168626514
            ],
            [
              -112.13188743506753,
              37.89634668635238
            ],
            [
              -112.1316904350836,
              37.89685268642704
            ],
            [
              -112.13134443507221,
              37.89737768651428
            ],
            [
              -112.13114743508815,
              37.89788268658883
            ],
            [
              -112.1309504351041,
              37.89838768666338
            ],
            [
              -112.13105343517537,
              37.89885368671273
            ],
            [
              -112.13100643521891,
              37.899338686774634
            ],
            [
              -112.13110843528982,
              37.89980368682386
            ],
            [
              -112.13170743540005,
              37.89972468677333
            ],
            [
              -112.13233243552799,
              37.89976068673487
            ],
            [
              -112.13290543562027,
              37.89956468667197
            ],
            [
              -112.13345243569475,
              37.899252686596775
            ],
            [
              -112.13412843585819,
              37.89952168658305
            ],
            [
              -112.1347524359859,
              37.899557686544654
            ],
            [
              -112.13535143609614,
              37.899478686494106
            ],
            [
              -112.135976436224,
              37.8995146864557
            ],
            [
              -112.13657443633392,
              37.89943468640507
            ],
            [
              -112.13717343644416,
              37.89935568635447
            ],
            [
              -112.13769943657998,
              37.89964468635343
            ],
            [
              -112.13768243672041,
              37.90096368651414
            ],
            [
              -112.13770843673831,
              37.901080686526505
            ],
            [
              -112.13751143675435,
              37.90158568660104
            ],
            [
              -112.13746443679791,
              37.90207068666293
            ],
            [
              -112.13799043693375,
              37.90235968666189
            ],
            [
              -112.13864143707956,
              37.90251268663582
            ],
            [
              -112.1391674372154,
              37.90280168663476
            ],
            [
              -112.13941943731402,
              37.9032476866714
            ],
            [
              -112.1395224373852,
              37.90371268672061
            ],
            [
              -112.139150437356,
              37.90412168679551
            ],
            [
              -112.13857743726375,
              37.90431768685846
            ],
            [
              -112.13800343717122,
              37.90451368692149
            ],
            [
              -112.13743043707896,
              37.90470968698439
            ],
            [
              -112.13685743698672,
              37.90490568704736
            ],
            [
              -112.1362844368945,
              37.90510268711042
            ],
            [
              -112.13568543678427,
              37.90518168716096
            ],
            [
              -112.135112436692,
              37.905377687223925
            ],
            [
              -112.13456443661745,
              37.905690687299305
            ],
            [
              -112.13466743668857,
              37.90615568734846
            ],
            [
              -112.13477043675987,
              37.906621687397774
            ],
            [
              -112.1348724368308,
              37.907086687447034
            ],
            [
              -112.13497543690198,
              37.90755168749616
            ],
            [
              -112.1349284369457,
              37.9080376875582
            ],
            [
              -112.1345564369164,
              37.908445687633005
            ],
            [
              -112.1339574368063,
              37.90852568768372
            ],
            [
              -112.13335843669618,
              37.908605687734386
            ],
            [
              -112.13273343656815,
              37.908568687772764
            ],
            [
              -112.13208343642255,
              37.90841568779876
            ],
            [
              -112.13155743628663,
              37.90812668779982
            ],
            [
              -112.13090743614097,
              37.90797368782582
            ],
            [
              -112.13028243601309,
              37.907937687864305
            ],
            [
              -112.12950843585763,
              37.907920687915244
            ],
            [
              -112.12888343572959,
              37.90788368795355
            ],
            [
              -112.12825943560189,
              37.90784768799196
            ],
            [
              -112.12763443547382,
              37.907810688030274
            ],
            [
              -112.12703543536368,
              37.907890688081004
            ],
            [
              -112.12641143523587,
              37.90785368811924
            ],
            [
              -112.12578743510812,
              37.90781768815759
            ],
            [
              -112.12516243498006,
              37.90778068819595
            ],
            [
              -112.12456343486991,
              37.907860688246615
            ],
            [
              -112.12396443475983,
              37.90794068829735
            ],
            [
              -112.12331443461413,
              37.90778768832332
            ],
            [
              -112.12278843447827,
              37.90749868832439
            ],
            [
              -112.12218943436798,
              37.907577688374985
            ],
            [
              -112.12156443424003,
              37.90754168841341
            ],
            [
              -112.12091443409435,
              37.9073886884394
            ],
            [
              -112.1202904339665,
              37.90735168847768
            ],
            [
              -112.11969143385636,
              37.90743168852835
            ],
            [
              -112.11906643372828,
              37.90739468856671
            ],
            [
              -112.11844243360045,
              37.90735768860495
            ],
            [
              -112.11779243345477,
              37.907204688630934
            ],
            [
              -112.11716743332678,
              37.90716868866935
            ],
            [
              -112.11664143319089,
              37.90687968867044
            ],
            [
              -112.11601743306299,
              37.90684268870867
            ],
            [
              -112.11549043292692,
              37.90655368870979
            ],
            [
              -112.11484043278121,
              37.90640068873576
            ],
            [
              -112.11419043263552,
              37.9062476887618
            ],
            [
              -112.11356643250761,
              37.90621068880004
            ],
            [
              -112.11319343247817,
              37.906619688875054
            ],
            [
              -112.11371943261413,
              37.90690868887401
            ],
            [
              -112.11412143274029,
              37.90733368889792
            ],
            [
              -112.11464743287628,
              37.907623688897
            ],
            [
              -112.11504943300244,
              37.90804868892091
            ],
            [
              -112.11530243310128,
              37.908494688957504
            ],
            [
              -112.11555443319983,
              37.90893968899409
            ],
            [
              -112.11565743327102,
              37.90940468904333
            ],
            [
              -112.11575943334208,
              37.909870689092685
            ],
            [
              -112.11556243335812,
              37.910375689167296
            ],
            [
              -112.11519043332888,
              37.91078468924225
            ],
            [
              -112.11461743323656,
              37.91098068930521
            ],
            [
              -112.11404343314399,
              37.911176689368205
            ],
            [
              -112.11347043305169,
              37.91137268943118
            ],
            [
              -112.11292243297692,
              37.911684689506465
            ],
            [
              -112.11237543290252,
              37.9119976895818
            ],
            [
              -112.11182743282781,
              37.91230968965709
            ],
            [
              -112.11125443273545,
              37.91250568972006
            ],
            [
              -112.11060343258953,
              37.91235268974613
            ],
            [
              -112.11007743245361,
              37.91206368974718
            ],
            [
              -112.10955143231757,
              37.9117736897481
            ],
            [
              -112.1090254321816,
              37.91148468974916
            ],
            [
              -112.10849943204569,
              37.91119568975019
            ],
            [
              -112.10787543191775,
              37.911158689788486
            ],
            [
              -112.10747343179158,
              37.91073368976457
            ],
            [
              -112.10682243164561,
              37.91057968979052
            ],
            [
              -112.10629643150963,
              37.91029068979155
            ],
            [
              -112.10564643136391,
              37.91013768981754
            ],
            [
              -112.10512043122797,
              37.90984868981863
            ],
            [
              -112.10447043108223,
              37.9096956898446
            ],
            [
              -112.10406843095596,
              37.909269689820576
            ],
            [
              -112.10341843081022,
              37.90911668984655
            ],
            [
              -112.10266943067245,
              37.90921668990991
            ],
            [
              -112.10204543054454,
              37.909179689948196
            ],
            [
              -112.10144643043438,
              37.90925968999886
            ],
            [
              -112.10084743032405,
              37.909338690049466
            ],
            [
              -112.10024843021387,
              37.90941869010013
            ],
            [
              -112.09964943010354,
              37.909497690150744
            ],
            [
              -112.09902542997573,
              37.90946169018908
            ],
            [
              -112.09842642986544,
              37.90954069023969
            ],
            [
              -112.09790342980835,
              37.90996969032742
            ],
            [
              -112.097330429716,
              37.910165690390414
            ],
            [
              -112.09675742962358,
              37.91036169045332
            ],
            [
              -112.09615842951331,
              37.91044069050394
            ],
            [
              -112.09555942940307,
              37.91052069055461
            ],
            [
              -112.0949604292929,
              37.91060069060533
            ],
            [
              -112.09433542916474,
              37.91056369064362
            ],
            [
              -112.09373742905458,
              37.91064269069416
            ],
            [
              -112.09313842894441,
              37.91072269074483
            ],
            [
              -112.09256442885179,
              37.91091869080789
            ],
            [
              -112.09199142875941,
              37.91111469087086
            ],
            [
              -112.09209342883037,
              37.91157969092014
            ],
            [
              -112.09261942896637,
              37.91186869091911
            ],
            [
              -112.09314542910244,
              37.91215869091821
            ],
            [
              -112.09379542924822,
              37.912311690892224
            ],
            [
              -112.09444642939418,
              37.912464690866194
            ],
            [
              -112.09512142955765,
              37.912734690852645
            ],
            [
              -112.09572042966784,
              37.912654690801915
            ],
            [
              -112.09634542979597,
              37.91269169076361
            ],
            [
              -112.09694442990622,
              37.91261169071287
            ],
            [
              -112.09756943003435,
              37.91264869067457
            ],
            [
              -112.09816843014453,
              37.91256869062385
            ],
            [
              -112.09879243027247,
              37.9126056905856
            ],
            [
              -112.09941743040062,
              37.91264269054731
            ],
            [
              -112.10004143052849,
              37.91267969050902
            ],
            [
              -112.10064043063872,
              37.91259969045836
            ],
            [
              -112.10126543076684,
              37.91263669041999
            ],
            [
              -112.10191543091258,
              37.912789690394
            ],
            [
              -112.10256543105828,
              37.91294269036801
            ],
            [
              -112.10309143119427,
              37.91323169036697
            ],
            [
              -112.10349343132057,
              37.913657690391005
            ],
            [
              -112.10401943145652,
              37.913946690389956
            ],
            [
              -112.10412243152773,
              37.91441169043914
            ],
            [
              -112.10422443159881,
              37.91487769048857
            ],
            [
              -112.10462643172498,
              37.91530269051247
            ],
            [
              -112.10522543183531,
              37.91522369046184
            ],
            [
              -112.10579843192764,
              37.91502769039893
            ],
            [
              -112.10634643200225,
              37.91471469032349
            ],
            [
              -112.10694543211257,
              37.914635690272895
            ],
            [
              -112.10754443222275,
              37.91455569022222
            ],
            [
              -112.1081434323329,
              37.91447569017147
            ],
            [
              -112.10891743248843,
              37.91449269012053
            ],
            [
              -112.10956843263429,
              37.91464569009447
            ],
            [
              -112.11024343279774,
              37.9149156900809
            ],
            [
              -112.11076943293374,
              37.9152046900798
            ],
            [
              -112.11117143305994,
              37.915629690103685
            ],
            [
              -112.11157343318622,
              37.91605569012768
            ],
            [
              -112.11197643331255,
              37.916480690151495
            ],
            [
              -112.11237843343885,
              37.916906690175495
            ],
            [
              -112.11263043353743,
              37.91735169021209
            ],
            [
              -112.11315643367352,
              37.917641690211134
            ],
            [
              -112.11355843379972,
              37.918066690235
            ],
            [
              -112.11420843394545,
              37.91821969020894
            ],
            [
              -112.11473443408138,
              37.918508690207865
            ],
            [
              -112.11538543422729,
              37.918661690181786
            ],
            [
              -112.11600943435519,
              37.918698690143536
            ],
            [
              -112.11666043450106,
              37.918851690117386
            ],
            [
              -112.11718643463703,
              37.919140690116315
            ],
            [
              -112.11783643478276,
              37.9192936900903
            ],
            [
              -112.1183624349188,
              37.919583690089326
            ],
            [
              -112.11901243506449,
              37.91973669006332
            ],
            [
              -112.11966343521041,
              37.91988969003717
            ],
            [
              -112.12018943534633,
              37.920178690036074
            ],
            [
              -112.12083943549204,
              37.920331690010045
            ],
            [
              -112.12148943563774,
              37.920484689984015
            ],
            [
              -112.12208843574791,
              37.920404689933285
            ],
            [
              -112.12268743585801,
              37.92032468988259
            ],
            [
              -112.12326143595054,
              37.92012868981954
            ],
            [
              -112.12386043606074,
              37.920049689768966
            ],
            [
              -112.12445943617091,
              37.91996968971822
            ],
            [
              -112.125058436281,
              37.91988968966749
            ],
            [
              -112.12568243640887,
              37.919926689629214
            ],
            [
              -112.12630743653683,
              37.91996268959076
            ],
            [
              -112.12695743668252,
              37.92011568956473
            ],
            [
              -112.12758243681058,
              37.920152689526326
            ],
            [
              -112.12783443690918,
              37.92059768956289
            ],
            [
              -112.12778743695293,
              37.92108368962489
            ],
            [
              -112.12774043699656,
              37.921568689686715
            ],
            [
              -112.12739443698521,
              37.92209368977389
            ],
            [
              -112.12719743700127,
              37.922598689848485
            ],
            [
              -112.12700043701739,
              37.923103689923
            ],
            [
              -112.12647843696067,
              37.92353269001065
            ],
            [
              -112.1259564369039,
              37.92396169009829
            ],
            [
              -112.12540843682926,
              37.92427369017358
            ],
            [
              -112.12488643677254,
              37.92470269026121
            ],
            [
              -112.12431343668023,
              37.92489869032421
            ],
            [
              -112.12376543660557,
              37.92521069039949
            ],
            [
              -112.12324343654886,
              37.925639690487145
            ],
            [
              -112.12269543647432,
              37.925952690562546
            ],
            [
              -112.12212243638197,
              37.92614869062548
            ],
            [
              -112.12154843628952,
              37.92634469068855
            ],
            [
              -112.12094943617925,
              37.926423690739185
            ],
            [
              -112.12035043606909,
              37.926503690789886
            ],
            [
              -112.1197774359768,
              37.926699690852885
            ],
            [
              -112.11920443588446,
              37.92689569091586
            ],
            [
              -112.11857943575653,
              37.92685969095432
            ],
            [
              -112.11795443562843,
              37.92682269099268
            ],
            [
              -112.11732943550032,
              37.926785691031085
            ],
            [
              -112.1166794353546,
              37.92663269105712
            ],
            [
              -112.11605443522664,
              37.92659669109559
            ],
            [
              -112.11543043509874,
              37.92655969113392
            ],
            [
              -112.11480543497063,
              37.92652269117225
            ],
            [
              -112.11418043484264,
              37.92648669121071
            ],
            [
              -112.1135304346969,
              37.92633369123681
            ],
            [
              -112.11290543456883,
              37.926296691275155
            ],
            [
              -112.1122554344231,
              37.926143691301185
            ],
            [
              -112.11163043429498,
              37.9261066913396
            ],
            [
              -112.11110443415902,
              37.925817691340676
            ],
            [
              -112.11047943403089,
              37.92578069137902
            ],
            [
              -112.10995343389493,
              37.9254916913801
            ],
            [
              -112.10930343374919,
              37.925338691406196
            ],
            [
              -112.10865343360344,
              37.92518569143222
            ],
            [
              -112.10800243345749,
              37.92503269145832
            ],
            [
              -112.10737843332957,
              37.92499569149658
            ],
            [
              -112.1071814333456,
              37.92550069157121
            ],
            [
              -112.10728343341675,
              37.92596669162053
            ],
            [
              -112.10738643348803,
              37.926431691669734
            ],
            [
              -112.10763843358677,
              37.926877691706444
            ],
            [
              -112.10774143365798,
              37.92734269175563
            ],
            [
              -112.10784343372906,
              37.927807691804844
            ],
            [
              -112.10794643380038,
              37.928273691854166
            ],
            [
              -112.10804843387145,
              37.92873869190343
            ],
            [
              -112.10817643396047,
              37.92932069196502
            ],
            [
              -112.10882743410644,
              37.9294736919389
            ],
            [
              -112.1094514342343,
              37.929510691900624
            ],
            [
              -112.11005043434449,
              37.92943069184986
            ],
            [
              -112.11064943445463,
              37.929350691799165
            ],
            [
              -112.11127443458274,
              37.929387691760745
            ],
            [
              -112.11187343469294,
              37.929307691710044
            ],
            [
              -112.11247243480317,
              37.9292286916594
            ],
            [
              -112.11312343494912,
              37.92938169163329
            ],
            [
              -112.11374743507692,
              37.92941769159489
            ],
            [
              -112.11437243520504,
              37.92945469155647
            ],
            [
              -112.11502243535077,
              37.92960769153043
            ],
            [
              -112.11564743547883,
              37.92964469149209
            ],
            [
              -112.11629743562457,
              37.92979769146604
            ],
            [
              -112.11694843577051,
              37.929950691439856
            ],
            [
              -112.11754743588067,
              37.929870691389155
            ],
            [
              -112.11817243600878,
              37.929907691350756
            ],
            [
              -112.11879643613653,
              37.92994369131234
            ],
            [
              -112.1190494362355,
              37.930389691348935
            ],
            [
              -112.11957543637146,
              37.93067869134783
            ],
            [
              -112.11997743649772,
              37.93110369137166
            ],
            [
              -112.12008043656904,
              37.93156969142089
            ],
            [
              -112.12018243664014,
              37.932034691470136
            ],
            [
              -112.11983643662887,
              37.9325596915573
            ],
            [
              -112.11923743651869,
              37.93263969160807
            ],
            [
              -112.11866343642617,
              37.93283569167108
            ],
            [
              -112.11806443631606,
              37.932915691721846
            ],
            [
              -112.11728943616035,
              37.93289869177292
            ],
            [
              -112.11666543603249,
              37.93286169181126
            ],
            [
              -112.1160404359045,
              37.93282569184974
            ],
            [
              -112.11541543577638,
              37.9327886918881
            ],
            [
              -112.11479143564847,
              37.932751691926455
            ],
            [
              -112.11419143553813,
              37.93283169197723
            ],
            [
              -112.1136184354458,
              37.933027692040234
            ],
            [
              -112.11304543535351,
              37.93322369210323
            ],
            [
              -112.11247143526097,
              37.93341969216626
            ],
            [
              -112.11189843516867,
              37.93361569222925
            ],
            [
              -112.11170143518474,
              37.93412069230386
            ],
            [
              -112.11180343525595,
              37.93458669235317
            ],
            [
              -112.11220543538221,
              37.935011692376996
            ],
            [
              -112.11245843548119,
              37.935457692413586
            ],
            [
              -112.11271043557986,
              37.935902692450114
            ],
            [
              -112.1129624356785,
              37.9363476924866
            ],
            [
              -112.11321543577748,
              37.93679369252318
            ],
            [
              -112.11346743587619,
              37.937238692559724
            ],
            [
              -112.11371943597496,
              37.937684692596356
            ],
            [
              -112.11424643611115,
              37.93797369259517
            ],
            [
              -112.11464843623743,
              37.93839869261899
            ],
            [
              -112.11517443637352,
              37.93868869261792
            ],
            [
              -112.11557643649981,
              37.93911369264174
            ],
            [
              -112.11597843662618,
              37.939539692665655
            ],
            [
              -112.11662943677214,
              37.939692692639504
            ],
            [
              -112.1172284368823,
              37.93961269258879
            ],
            [
              -112.11785343701037,
              37.93964969255036
            ],
            [
              -112.11845243712054,
              37.93956969249963
            ],
            [
              -112.11902543721285,
              37.93937369243665
            ],
            [
              -112.11962543732317,
              37.939293692385775
            ],
            [
              -112.12022443743344,
              37.93921469233518
            ],
            [
              -112.12082343754354,
              37.939134692284384
            ],
            [
              -112.12142243765369,
              37.93905469223367
            ],
            [
              -112.12202143776385,
              37.938974692182896
            ],
            [
              -112.12269743792754,
              37.939244692169154
            ],
            [
              -112.1232244380637,
              37.93953369216794
            ],
            [
              -112.12375043819969,
              37.93982269216681
            ],
            [
              -112.12385343827111,
              37.940288692216065
            ],
            [
              -112.1239554383422,
              37.94075369226524
            ],
            [
              -112.12375843835835,
              37.9412586923398
            ],
            [
              -112.12338643832925,
              37.94166769241474
            ],
            [
              -112.12318943834536,
              37.94217269248925
            ],
            [
              -112.12264143827076,
              37.94248469256456
            ],
            [
              -112.12226943824169,
              37.942893692639494
            ],
            [
              -112.12172143816713,
              37.94320669271492
            ],
            [
              -112.12112243805693,
              37.943285692765585
            ],
            [
              -112.12054843796442,
              37.94348169282862
            ],
            [
              -112.12000043788991,
              37.943794692904056
            ],
            [
              -112.11947843783324,
              37.9442236929917
            ],
            [
              -112.11893043775856,
              37.944535693067024
            ],
            [
              -112.11840843770189,
              37.94496469315467
            ],
            [
              -112.11768543758204,
              37.945180693230405
            ],
            [
              -112.11711143748957,
              37.9453766932935
            ],
            [
              -112.11651243737928,
              37.945455693344094
            ],
            [
              -112.11591343726911,
              37.9455356933949
            ],
            [
              -112.115314437159,
              37.945615693445625
            ],
            [
              -112.11466343701304,
              37.94546269347179
            ],
            [
              -112.11403843688491,
              37.94542569351023
            ],
            [
              -112.11343943677473,
              37.94550569356096
            ],
            [
              -112.1128404366645,
              37.94558469361164
            ],
            [
              -112.11226643657196,
              37.94578069367467
            ],
            [
              -112.11169343647968,
              37.9459766937377
            ],
            [
              -112.11111943638714,
              37.946172693800776
            ],
            [
              -112.11057143631261,
              37.94648569387622
            ],
            [
              -112.10997243620234,
              37.94656469392684
            ],
            [
              -112.10959943617306,
              37.94697369400186
            ],
            [
              -112.10905143609843,
              37.94728569407718
            ],
            [
              -112.10847843600607,
              37.94748169414021
            ],
            [
              -112.10790443591358,
              37.9476776942033
            ],
            [
              -112.10733143582124,
              37.94787369426627
            ],
            [
              -112.10673243571111,
              37.94795369431706
            ],
            [
              -112.10613243560071,
              37.948033694367915
            ],
            [
              -112.10533243542729,
              37.94790069440673
            ],
            [
              -112.10470743529919,
              37.947863694445125
            ],
            [
              -112.10408243517102,
              37.94782669448351
            ],
            [
              -112.10343243502523,
              37.94767369450966
            ],
            [
              -112.10283343491501,
              37.94775369456038
            ],
            [
              -112.10220843478692,
              37.94771669459877
            ],
            [
              -112.10158343465875,
              37.94767969463721
            ],
            [
              -112.10095843453058,
              37.9476426946756
            ],
            [
              -112.10033343440251,
              37.94760669471417
            ],
            [
              -112.09973443429224,
              37.947685694764786
            ],
            [
              -112.09913543418203,
              37.94776569481559
            ],
            [
              -112.09893843419816,
              37.94827069489013
            ],
            [
              -112.09904043426943,
              37.948736694939484
            ],
            [
              -112.09929243436815,
              37.949181694976026
            ],
            [
              -112.09994343451417,
              37.94933469494981
            ],
            [
              -112.10061943467785,
              37.94960369493596
            ],
            [
              -112.10126943482376,
              37.94975769490997
            ],
            [
              -112.10179643496001,
              37.95004669490877
            ],
            [
              -112.10242143508817,
              37.95008369487038
            ],
            [
              -112.103071435234,
              37.95023669484423
            ],
            [
              -112.10369643536205,
              37.95027269480572
            ],
            [
              -112.10434743550807,
              37.950425694779554
            ],
            [
              -112.10512143566358,
              37.95044269472851
            ],
            [
              -112.10574643579173,
              37.950479694690046
            ],
            [
              -112.10637143591984,
              37.950516694651654
            ],
            [
              -112.10702243606585,
              37.950669694625496
            ],
            [
              -112.10759543615818,
              37.95047369456245
            ],
            [
              -112.10816943625068,
              37.95027769449938
            ],
            [
              -112.10874243634302,
              37.950081694436335
            ],
            [
              -112.10931643643549,
              37.9498856943733
            ],
            [
              -112.10989043652802,
              37.949689694310194
            ],
            [
              -112.11046343662031,
              37.94949369424719
            ],
            [
              -112.11103743671285,
              37.94929769418414
            ],
            [
              -112.11163643682296,
              37.94921769413334
            ],
            [
              -112.11223543693316,
              37.9491376940826
            ],
            [
              -112.11283543704364,
              37.94905869403186
            ],
            [
              -112.11340843713592,
              37.948862693968834
            ],
            [
              -112.11398243722846,
              37.9486666939058
            ],
            [
              -112.1145554373207,
              37.94847069384277
            ],
            [
              -112.11515443743089,
              37.94839069379198
            ],
            [
              -112.11572843752334,
              37.94819469372895
            ],
            [
              -112.11632743763352,
              37.94811469367814
            ],
            [
              -112.11692743774395,
              37.94803569362746
            ],
            [
              -112.11757743788971,
              37.9481886936013
            ],
            [
              -112.11768043796107,
              37.948653693650435
            ],
            [
              -112.11778243803217,
              37.94911869369965
            ],
            [
              -112.11788543810364,
              37.94958469374886
            ],
            [
              -112.1176884381198,
              37.95008969382342
            ],
            [
              -112.11764143816355,
              37.95057469388523
            ],
            [
              -112.11729443815217,
              37.95109969397252
            ],
            [
              -112.11709743816832,
              37.95160469404705
            ],
            [
              -112.11675043815697,
              37.952130694134446
            ],
            [
              -112.1164034381456,
              37.9526556942217
            ],
            [
              -112.1160564381342,
              37.95318069430893
            ],
            [
              -112.11568443810512,
              37.95358969438387
            ],
            [
              -112.11531143807575,
              37.95399769445876
            ],
            [
              -112.11478943801906,
              37.95442669454642
            ],
            [
              -112.11441743799003,
              37.95483569462144
            ],
            [
              -112.11407043797858,
              37.95536069470867
            ],
            [
              -112.11369743794936,
              37.95576969478367
            ],
            [
              -112.11332543792025,
              37.95617869485862
            ],
            [
              -112.11295243789093,
              37.95658669493353
            ],
            [
              -112.11258043786182,
              37.95699569500852
            ],
            [
              -112.11223343785046,
              37.957520695095766
            ],
            [
              -112.11203643786662,
              37.958025695170285
            ],
            [
              -112.11183943788292,
              37.958531695244986
            ],
            [
              -112.11194143795412,
              37.95899669529413
            ],
            [
              -112.11234343808047,
              37.95942169531788
            ],
            [
              -112.11274643820714,
              37.959847695341686
            ],
            [
              -112.1129984383059,
              37.96029269537817
            ],
            [
              -112.11310143837736,
              37.960758695427415
            ],
            [
              -112.11320343844858,
              37.96122369547654
            ],
            [
              -112.11300643846477,
              37.961728695551116
            ],
            [
              -112.11265943845342,
              37.96225369563836
            ],
            [
              -112.11261243849734,
              37.962739695700336
            ],
            [
              -112.11241543851354,
              37.96324469577484
            ],
            [
              -112.11186743843894,
              37.96355669585017
            ],
            [
              -112.1113194383644,
              37.96386969592563
            ],
            [
              -112.11074543827193,
              37.96406569598872
            ],
            [
              -112.11012043814377,
              37.96402869602716
            ],
            [
              -112.10947043799796,
              37.96387569605331
            ],
            [
              -112.1089184378439,
              37.96346969604216
            ],
            [
              -112.10826743769789,
              37.96331669606837
            ],
            [
              -112.10774043756155,
              37.96302769606968
            ],
            [
              -112.10711543743344,
              37.96299069610811
            ],
            [
              -112.10649043730527,
              37.96295369614653
            ],
            [
              -112.10589143719507,
              37.96303369619734
            ],
            [
              -112.10529243708494,
              37.96311369624812
            ],
            [
              -112.10474443701028,
              37.963425696323455
            ],
            [
              -112.10417043691778,
              37.963621696386575
            ],
            [
              -112.10359643682526,
              37.963817696449695
            ],
            [
              -112.10302343673295,
              37.96401369651268
            ],
            [
              -112.10242343662256,
              37.96409369656358
            ],
            [
              -112.1018244365123,
              37.96417269661423
            ],
            [
              -112.1012244364019,
              37.964252696665106
            ],
            [
              -112.10069843626569,
              37.96396269666618
            ],
            [
              -112.10017243612954,
              37.963673696667364
            ],
            [
              -112.09976943600296,
              37.96324869664365
            ],
            [
              -112.09966743593169,
              37.96278269659439
            ],
            [
              -112.09956443586027,
              37.96231769654525
            ],
            [
              -112.09916243573376,
              37.96189169652135
            ],
            [
              -112.09851243558792,
              37.96173869654747
            ],
            [
              -112.09786143544191,
              37.96158569657367
            ],
            [
              -112.09723643531372,
              37.96154869661214
            ],
            [
              -112.09658543516768,
              37.96139569663832
            ],
            [
              -112.09596043503947,
              37.96135869667673
            ],
            [
              -112.09516043486606,
              37.96122569671558
            ],
            [
              -112.09438543471026,
              37.96120869676677
            ],
            [
              -112.09401243468099,
              37.961617696841806
            ],
            [
              -112.09396543472474,
              37.962102696903635
            ],
            [
              -112.09391843476864,
              37.96258869696563
            ],
            [
              -112.09417043486748,
              37.96303369700213
            ],
            [
              -112.09469643500358,
              37.96332269700096
            ],
            [
              -112.0950994351303,
              37.9637486970248
            ],
            [
              -112.09577543529413,
              37.964018697011014
            ],
            [
              -112.0964264354402,
              37.96417169698476
            ],
            [
              -112.09707643558603,
              37.96432469695863
            ],
            [
              -112.0977274357321,
              37.964477696932434
            ],
            [
              -112.09797943583088,
              37.96492269696893
            ],
            [
              -112.0983814359574,
              37.965348696992805
            ],
            [
              -112.0989084360937,
              37.9656376969915
            ],
            [
              -112.09943443622991,
              37.965927696990434
            ],
            [
              -112.09983643635633,
              37.966352697014194
            ],
            [
              -112.09963943637251,
              37.96685769708878
            ],
            [
              -112.09911743631588,
              37.96728669717646
            ],
            [
              -112.0985434362234,
              37.96748269723952
            ],
            [
              -112.09799543614871,
              37.96779469731487
            ],
            [
              -112.09739543603834,
              37.967874697365765
            ],
            [
              -112.096822435946,
              37.96807069742877
            ],
            [
              -112.0962484358535,
              37.96826669749191
            ],
            [
              -112.09564943574316,
              37.9683456975426
            ],
            [
              -112.0950494356328,
              37.96842569759345
            ],
            [
              -112.09450143555812,
              37.96873769766881
            ],
            [
              -112.0939274354656,
              37.96893369773193
            ],
            [
              -112.09337943539091,
              37.96924569780728
            ],
            [
              -112.0928054352984,
              37.96944169787036
            ],
            [
              -112.09223143520586,
              37.96963769793349
            ],
            [
              -112.09165743511335,
              37.9698336979966
            ],
            [
              -112.09113543505669,
              37.9702626980843
            ],
            [
              -112.0913874351555,
              37.97070769812078
            ],
            [
              -112.09203843530157,
              37.97086069809452
            ],
            [
              -112.09281343545736,
              37.97087769804337
            ],
            [
              -112.09343843558557,
              37.970914698004925
            ],
            [
              -112.09408943573165,
              37.97106769797872
            ],
            [
              -112.09449143585809,
              37.97149269800241
            ],
            [
              -112.09489343598464,
              37.97191869802628
            ],
            [
              -112.09541943612078,
              37.97220769802508
            ],
            [
              -112.09594643625721,
              37.97249769802393
            ],
            [
              -112.09647243639338,
              37.97278669802272
            ],
            [
              -112.09642543643723,
              37.97327169808458
            ],
            [
              -112.09587743636267,
              37.97358469815999
            ],
            [
              -112.09532943628805,
              37.97389669823537
            ],
            [
              -112.09475543619556,
              37.97409269829848
            ],
            [
              -112.09423243613855,
              37.97452069838613
            ],
            [
              -112.09363343602838,
              37.97460069843698
            ],
            [
              -112.0930854359537,
              37.97491269851227
            ],
            [
              -112.09256243589688,
              37.97534169860004
            ],
            [
              -112.09198843580437,
              37.97553769866318
            ],
            [
              -112.09141443571183,
              37.975733698726316
            ],
            [
              -112.09084143561951,
              37.975929698789386
            ],
            [
              -112.09024143550897,
              37.97600869884012
            ],
            [
              -112.08941543531746,
              37.975758698866656
            ],
            [
              -112.08879043518941,
              37.97572269890523
            ],
            [
              -112.0881134350253,
              37.9754526989191
            ],
            [
              -112.0875874348891,
              37.97516369892036
            ],
            [
              -112.08733543479015,
              37.97471769888375
            ],
            [
              -112.0869324346635,
              37.97429269886006
            ],
            [
              -112.08683043459219,
              37.97382669881073
            ],
            [
              -112.08720343462151,
              37.97341869873581
            ],
            [
              -112.0875754346506,
              37.973009698660846
            ],
            [
              -112.0869254345047,
              37.972856698686975
            ],
            [
              -112.08632543439415,
              37.972935698737764
            ],
            [
              -112.08572643428396,
              37.97301569878853
            ],
            [
              -112.08512643417352,
              37.97309569883945
            ],
            [
              -112.08452743406316,
              37.97317469889012
            ],
            [
              -112.08387643391706,
              37.97302169891633
            ],
            [
              -112.08325143378886,
              37.972984698954825
            ],
            [
              -112.08262643366062,
              37.97294769899326
            ],
            [
              -112.08200143353238,
              37.9729106990317
            ],
            [
              -112.08137643340424,
              37.97287469907031
            ],
            [
              -112.08077743329395,
              37.972953699120986
            ],
            [
              -112.08017743318347,
              37.973033699171886
            ],
            [
              -112.07983043317208,
              37.97355869925916
            ],
            [
              -112.07930743311505,
              37.97398669934683
            ],
            [
              -112.07870843300483,
              37.97406669939767
            ],
            [
              -112.07795843286662,
              37.974165699461125
            ],
            [
              -112.0773594327563,
              37.97424469951185
            ],
            [
              -112.07675943264583,
              37.9743246995627
            ],
            [
              -112.0761604325355,
              37.974403699613426
            ],
            [
              -112.07556043242504,
              37.974483699664276
            ],
            [
              -112.07496143231464,
              37.974562699715
            ],
            [
              -112.07443543217846,
              37.97427369971618
            ],
            [
              -112.07433243210698,
              37.973808699667025
            ],
            [
              -112.07408043200805,
              37.97336269963043
            ],
            [
              -112.0738284319092,
              37.97291769959393
            ],
            [
              -112.07330143177272,
              37.97262769959505
            ],
            [
              -112.0726514316268,
              37.97247469962118
            ],
            [
              -112.07202643149851,
              37.97243769965961
            ],
            [
              -112.0716534314692,
              37.97284669973473
            ],
            [
              -112.0713064314578,
              37.97337169982203
            ],
            [
              -112.07078343140078,
              37.973799699909705
            ],
            [
              -112.0701844312905,
              37.97387969996054
            ],
            [
              -112.06958443117995,
              37.973958700011266
            ],
            [
              -112.0688354310419,
              37.97405770007465
            ],
            [
              -112.06823543093147,
              37.97413770012559
            ],
            [
              -112.06783343080487,
              37.97371170010166
            ],
            [
              -112.0677314307336,
              37.97324670005241
            ],
            [
              -112.06747843063447,
              37.9728007000159
            ],
            [
              -112.06707643050787,
              37.97237469999199
            ],
            [
              -112.06655043037168,
              37.97208569999313
            ],
            [
              -112.06602443023544,
              37.97179669999431
            ],
            [
              -112.06562243010889,
              37.97137069997038
            ],
            [
              -112.06509542997236,
              37.9710806999715
            ],
            [
              -112.06456942983617,
              37.970791699972644
            ],
            [
              -112.06394442970787,
              37.97075470001113
            ],
            [
              -112.06331942957958,
              37.97071770004954
            ],
            [
              -112.06271942946913,
              37.970797700100455
            ],
            [
              -112.0621204293587,
              37.97087670015109
            ],
            [
              -112.06154642926612,
              37.971072700214236
            ],
            [
              -112.06094742915568,
              37.971151700264905
            ],
            [
              -112.06032242902738,
              37.971114700303374
            ],
            [
              -112.05967142888122,
              37.97096170032957
            ],
            [
              -112.05941942878226,
              37.9705157002929
            ],
            [
              -112.05881942867175,
              37.9705957003438
            ],
            [
              -112.05822042856137,
              37.97067470039446
            ],
            [
              -112.05762042845085,
              37.97075470044536
            ],
            [
              -112.05704742835833,
              37.970949700508264
            ],
            [
              -112.05647342826566,
              37.97114570057139
            ],
            [
              -112.05610042823636,
              37.971554700646486
            ],
            [
              -112.0557274282069,
              37.97196270072145
            ],
            [
              -112.05552942822285,
              37.972467700796166
            ],
            [
              -112.05515642819357,
              37.97287670087124
            ],
            [
              -112.05495942820973,
              37.97338170094586
            ],
            [
              -112.05458642818039,
              37.973790701021
            ],
            [
              -112.0543884281964,
              37.974295701095656
            ],
            [
              -112.05419142821258,
              37.97480070117025
            ],
            [
              -112.05414342825618,
              37.97528570123225
            ],
            [
              -112.05394642827235,
              37.97579070130685
            ],
            [
              -112.05389842831599,
              37.97627570136884
            ],
            [
              -112.05400042838733,
              37.97674170141823
            ],
            [
              -112.0545274285238,
              37.97703070141694
            ],
            [
              -112.0551784286701,
              37.977184701390875
            ],
            [
              -112.0558284288161,
              37.977337701364746
            ],
            [
              -112.05645342894437,
              37.977374701326305
            ],
            [
              -112.05707842907269,
              37.97741170128783
            ],
            [
              -112.057703429201,
              37.97744870124939
            ],
            [
              -112.05823042933741,
              37.97773770124816
            ],
            [
              -112.0584824294364,
              37.978183701284806
            ],
            [
              -112.05888442956302,
              37.97860970130872
            ],
            [
              -112.05928642968954,
              37.97903470133245
            ],
            [
              -112.05991142981784,
              37.979071701294004
            ],
            [
              -112.06051142992848,
              37.97899270124327
            ],
            [
              -112.06091343005505,
              37.97941870126718
            ],
            [
              -112.06116543015396,
              37.97986370130364
            ],
            [
              -112.06126743022531,
              37.980329701353
            ],
            [
              -112.06166943035184,
              37.98075470137678
            ],
            [
              -112.06219643048836,
              37.98104470137565
            ],
            [
              -112.06272243062465,
              37.981333701374474
            ],
            [
              -112.06297443072366,
              37.98177970141105
            ],
            [
              -112.06260143069423,
              37.982187701486055
            ],
            [
              -112.06205343061953,
              37.98249970156139
            ],
            [
              -112.061453430509,
              37.982579701612316
            ],
            [
              -112.06085443039865,
              37.982658701663
            ],
            [
              -112.06025443028813,
              37.98273870171391
            ],
            [
              -112.05965543017776,
              37.982817701764596
            ],
            [
              -112.05908143008512,
              37.98301370182776
            ],
            [
              -112.05848142997449,
              37.98309270187856
            ],
            [
              -112.05788242986422,
              37.98317270192935
            ],
            [
              -112.05730842977148,
              37.98336770199239
            ],
            [
              -112.05711042978754,
              37.983872702067046
            ],
            [
              -112.05721242985891,
              37.98433870211642
            ],
            [
              -112.0573154299304,
              37.98480370216558
            ],
            [
              -112.05791443004078,
              37.984724702114846
            ],
            [
              -112.0585144301513,
              37.984644702063974
            ],
            [
              -112.059088430244,
              37.98444970200093
            ],
            [
              -112.05966243033663,
              37.984253701937774
            ],
            [
              -112.06023643042921,
              37.98405770187468
            ],
            [
              -112.06083543053963,
              37.983978701823936
            ],
            [
              -112.06146043066795,
              37.9840157017855
            ],
            [
              -112.06206043077842,
              37.98393570173456
            ],
            [
              -112.06266043088903,
              37.98385670168381
            ],
            [
              -112.06325943099934,
              37.98377670163295
            ],
            [
              -112.06383343109202,
              37.98358170156992
            ],
            [
              -112.06440743118465,
              37.98338570150681
            ],
            [
              -112.06500743129507,
              37.98330570145588
            ],
            [
              -112.06558143138783,
              37.98311070139291
            ],
            [
              -112.06618043149807,
              37.98303070134207
            ],
            [
              -112.06678043160868,
              37.98295170129124
            ],
            [
              -112.06740543173696,
              37.98298870125281
            ],
            [
              -112.06803043186525,
              37.98302570121434
            ],
            [
              -112.0686304319757,
              37.98294570116342
            ],
            [
              -112.06928143212187,
              37.983098701137195
            ],
            [
              -112.06980343217866,
              37.982670701049585
            ],
            [
              -112.07015143219027,
              37.982145700962214
            ],
            [
              -112.07049843220162,
              37.98162070087487
            ],
            [
              -112.07087143223092,
              37.98121170079982
            ],
            [
              -112.07144543232357,
              37.98101670073683
            ],
            [
              -112.07219443246144,
              37.98091670067325
            ],
            [
              -112.07276843255406,
              37.98072070061009
            ],
            [
              -112.07336843266464,
              37.98064170055935
            ],
            [
              -112.07394243275718,
              37.9804457004962
            ],
            [
              -112.07454143286759,
              37.980366700445536
            ],
            [
              -112.07491443289682,
              37.97995770037041
            ],
            [
              -112.07496143285296,
              37.979472700308584
            ],
            [
              -112.07485943278161,
              37.97900670025924
            ],
            [
              -112.07538243283861,
              37.97857870017157
            ],
            [
              -112.07590443289529,
              37.97814970008385
            ],
            [
              -112.07650443300587,
              37.978070700033115
            ],
            [
              -112.077155433152,
              37.97822370000682
            ],
            [
              -112.07740743325087,
              37.97866870004333
            ],
            [
              -112.07780943337745,
              37.979094700067215
            ],
            [
              -112.07833643351397,
              37.97938470006608
            ],
            [
              -112.07908543365185,
              37.97928470000256
            ],
            [
              -112.07968443376217,
              37.979205699951805
            ],
            [
              -112.07993743386123,
              37.97965069998822
            ],
            [
              -112.08018943396027,
              37.98009670002482
            ],
            [
              -112.0802914340315,
              37.98056170007397
            ],
            [
              -112.08039443410298,
              37.981026700123124
            ],
            [
              -112.08034643414676,
              37.981512700185185
            ],
            [
              -112.07997443411757,
              37.98192070026006
            ],
            [
              -112.0796014340883,
              37.98232970033509
            ],
            [
              -112.07922843405908,
              37.98273870041015
            ],
            [
              -112.07885543402969,
              37.983146700485094
            ],
            [
              -112.07848243400048,
              37.983555700560146
            ],
            [
              -112.07793443392578,
              37.98386770063552
            ],
            [
              -112.07738643385112,
              37.984179700710904
            ],
            [
              -112.07686343379427,
              37.98460870079868
            ],
            [
              -112.076490433765,
              37.98501770087375
            ],
            [
              -112.07611743373567,
              37.98542570094869
            ],
            [
              -112.0757444337064,
              37.98583470102375
            ],
            [
              -112.07522143364945,
              37.986262701111464
            ],
            [
              -112.0746994335928,
              37.9866917011992
            ],
            [
              -112.07415043351789,
              37.98700370127458
            ],
            [
              -112.07360243344324,
              37.98731570134997
            ],
            [
              -112.07322943341396,
              37.98772470142503
            ],
            [
              -112.07285643338477,
              37.98813370150015
            ],
            [
              -112.07215843328248,
              37.98846570158821
            ],
            [
              -112.07158443318977,
              37.98866070165125
            ],
            [
              -112.07098443307933,
              37.9887407017022
            ],
            [
              -112.07003443287803,
              37.98862670175372
            ],
            [
              -112.06940843274954,
              37.98858970179223
            ],
            [
              -112.06878343262136,
              37.98855370183083
            ],
            [
              -112.06818443251096,
              37.98863270188158
            ],
            [
              -112.06758443240052,
              37.98871270193246
            ],
            [
              -112.0669844322899,
              37.98879170198328
            ],
            [
              -112.0663854321795,
              37.98887070203395
            ],
            [
              -112.06581143208696,
              37.989066702097126
            ],
            [
              -112.06528843203007,
              37.98949570218492
            ],
            [
              -112.0649414320187,
              37.99002070227223
            ],
            [
              -112.06474343203479,
              37.990525702346915
            ],
            [
              -112.06454643205103,
              37.991030702421476
            ],
            [
              -112.06434843206709,
              37.99153570249617
            ],
            [
              -112.06415143208335,
              37.992040702570726
            ],
            [
              -112.06395343209941,
              37.99254570264542
            ],
            [
              -112.0636064320881,
              37.993070702732716
            ],
            [
              -112.06305743201322,
              37.99338270280818
            ],
            [
              -112.06253443195631,
              37.99381170289597
            ],
            [
              -112.06198643188165,
              37.994123702971386
            ],
            [
              -112.06141243178908,
              37.9943197030345
            ],
            [
              -112.06081243167846,
              37.99439870308533
            ],
            [
              -112.06023843158584,
              37.9945947031485
            ],
            [
              -112.05963843147526,
              37.99467370319927
            ],
            [
              -112.05906443138262,
              37.99486970326242
            ],
            [
              -112.05849043129008,
              37.995065703325615
            ],
            [
              -112.05791643119734,
              37.99526070338861
            ],
            [
              -112.05734243110477,
              37.99545670345178
            ],
            [
              -112.05674243099425,
              37.99553670350267
            ],
            [
              -112.05653443095147,
              37.99552370351543
            ],
            [
              -112.05606643083021,
              37.995266703516506
            ],
            [
              -112.0556644307035,
              37.994840703492684
            ],
            [
              -112.05503943057523,
              37.99480370353116
            ],
            [
              -112.0544394304647,
              37.99488370358205
            ],
            [
              -112.05383943035406,
              37.99496270363288
            ],
            [
              -112.05324043024368,
              37.99504170368359
            ],
            [
              -112.05264043013314,
              37.99512170373453
            ],
            [
              -112.0520154300048,
              37.99508470377301
            ],
            [
              -112.05138942987625,
              37.99504770381159
            ],
            [
              -112.05079042976584,
              37.995126703862304
            ],
            [
              -112.05016542963749,
              37.99508970390081
            ],
            [
              -112.04956542952695,
              37.99516970395172
            ],
            [
              -112.04919242949761,
              37.99557770402668
            ],
            [
              -112.0492944295689,
              37.996042704075926
            ],
            [
              -112.04939642964037,
              37.996508704125276
            ],
            [
              -112.04949942971187,
              37.99697370417439
            ],
            [
              -112.04960142978334,
              37.99743970422374
            ],
            [
              -112.04970342985472,
              37.99790470427297
            ],
            [
              -112.04965542989837,
              37.998389704334876
            ],
            [
              -112.04945842991468,
              37.99889470440951
            ],
            [
              -112.0494104299585,
              37.99938070447153
            ],
            [
              -112.04886242988375,
              37.99969270454695
            ],
            [
              -112.04848842985423,
              38.00010070462199
            ],
            [
              -112.04814142984284,
              38.00062570470929
            ],
            [
              -112.04776842981362,
              38.00103470478445
            ],
            [
              -112.04739542978423,
              38.00144270485942
            ],
            [
              -112.04719742980029,
              38.00194770493406
            ],
            [
              -112.0474494298994,
              38.00239370497068
            ],
            [
              -112.04770142999853,
              38.00283970500728
            ],
            [
              -112.0481044301253,
              38.003264705030965
            ],
            [
              -112.04835643022444,
              38.003710705067505
            ],
            [
              -112.04845843029578,
              38.00417570511672
            ],
            [
              -112.04788443020321,
              38.00437170517989
            ],
            [
              -112.04751143017393,
              38.00478070525498
            ],
            [
              -112.04696243009906,
              38.00509270533048
            ],
            [
              -112.04641343002412,
              38.00540470540597
            ],
            [
              -112.0458394299314,
              38.00559970546898
            ],
            [
              -112.04526542983876,
              38.00579570553217
            ],
            [
              -112.04469142974615,
              38.00599170559536
            ],
            [
              -112.0441174296534,
              38.00618670565839
            ],
            [
              -112.04356842957851,
              38.00649870573387
            ],
            [
              -112.04299442948592,
              38.006694705797074
            ],
            [
              -112.04241942939306,
              38.006890705860336
            ],
            [
              -112.0418454293003,
              38.007085705923345
            ],
            [
              -112.04129742922561,
              38.00739770599878
            ],
            [
              -112.04074842915071,
              38.00770970607427
            ],
            [
              -112.04037542912144,
              38.008118706149375
            ],
            [
              -112.03982642904654,
              38.00843070622486
            ],
            [
              -112.03945342901727,
              38.00883970629995
            ],
            [
              -112.03908042898794,
              38.00924770637493
            ],
            [
              -112.03870642895848,
              38.00965670645017
            ],
            [
              -112.03815842888378,
              38.00996870652555
            ],
            [
              -112.03760942880882,
              38.01028070660103
            ],
            [
              -112.03703542871611,
              38.01047570666412
            ],
            [
              -112.03643542860553,
              38.010555706715095
            ],
            [
              -112.03588642853063,
              38.010867706790535
            ],
            [
              -112.03533842845587,
              38.01117970686596
            ],
            [
              -112.03476342836295,
              38.01137470692912
            ],
            [
              -112.03418942827028,
              38.01157070699232
            ],
            [
              -112.03361542817767,
              38.01176670705547
            ],
            [
              -112.03301542806695,
              38.01184570710632
            ],
            [
              -112.03241542795632,
              38.01192470715713
            ],
            [
              -112.03181542784563,
              38.012003707207974
            ],
            [
              -112.03124142775299,
              38.01219970727118
            ],
            [
              -112.0306674276603,
              38.01239570733433
            ],
            [
              -112.03029342763074,
              38.0128037074094
            ],
            [
              -112.03039542770215,
              38.01326870745863
            ],
            [
              -112.03102142783086,
              38.01330670742018
            ],
            [
              -112.03164642795925,
              38.01334370738161
            ],
            [
              -112.03227242808785,
              38.01338070734304
            ],
            [
              -112.03289742821627,
              38.01341770730453
            ],
            [
              -112.03349742832698,
              38.01333870725368
            ],
            [
              -112.0340974284375,
              38.013258707202745
            ],
            [
              -112.03464642851246,
              38.012946707127256
            ],
            [
              -112.03524542862289,
              38.012867707076445
            ],
            [
              -112.03582042871575,
              38.01267170701319
            ],
            [
              -112.03641942882619,
              38.01259270696246
            ],
            [
              -112.03699442891907,
              38.01239670689918
            ],
            [
              -112.03756842901184,
              38.01220170683615
            ],
            [
              -112.03816842912245,
              38.01212270678529
            ],
            [
              -112.03874242921512,
              38.01192670672209
            ],
            [
              -112.03929142929,
              38.01161470664666
            ],
            [
              -112.0398394293647,
              38.01130270657123
            ],
            [
              -112.04038842943964,
              38.01099070649572
            ],
            [
              -112.04096242953224,
              38.01079470643251
            ],
            [
              -112.04151142960718,
              38.01048270635704
            ],
            [
              -112.04206042968207,
              38.01017070628153
            ],
            [
              -112.04263442977472,
              38.00997470621838
            ],
            [
              -112.0431834298496,
              38.00966270614291
            ],
            [
              -112.04378342996027,
              38.00958370609204
            ],
            [
              -112.04433143003494,
              38.00927170601661
            ],
            [
              -112.04490543012753,
              38.009075705953485
            ],
            [
              -112.04548043022051,
              38.008880705890334
            ],
            [
              -112.04605443031308,
              38.00868470582714
            ],
            [
              -112.04660343038802,
              38.008372705751704
            ],
            [
              -112.0471774304806,
              38.008176705688506
            ],
            [
              -112.04755043050997,
              38.00776870561354
            ],
            [
              -112.04759843046611,
              38.00728270555146
            ],
            [
              -112.04794543047753,
              38.00675870546427
            ],
            [
              -112.04849443055235,
              38.006445705388664
            ],
            [
              -112.04904343062721,
              38.00613370531319
            ],
            [
              -112.04959143070197,
              38.00582170523778
            ],
            [
              -112.05014043077682,
              38.00550970516228
            ],
            [
              -112.05071443086952,
              38.00531470509926
            ],
            [
              -112.05126343094443,
              38.00500270502379
            ],
            [
              -112.051811431019,
              38.00468970494826
            ],
            [
              -112.05238543111173,
              38.00449470488518
            ],
            [
              -112.05293443118661,
              38.00418270480971
            ],
            [
              -112.05348343126147,
              38.00387070473428
            ],
            [
              -112.0540314313362,
              38.003558704658865
            ],
            [
              -112.05460543142875,
              38.00336270459567
            ],
            [
              -112.0551794315214,
              38.0031667045325
            ],
            [
              -112.05575443161415,
              38.00297070446929
            ],
            [
              -112.0563534317246,
              38.00289170441854
            ],
            [
              -112.05695343183513,
              38.00281170436763
            ],
            [
              -112.0575274319278,
              38.00261670430456
            ],
            [
              -112.05812743203832,
              38.0025367042536
            ],
            [
              -112.05870143213099,
              38.00234170419059
            ],
            [
              -112.0593014322415,
              38.00226170413963
            ],
            [
              -112.05987543233417,
              38.00206670407658
            ],
            [
              -112.06047543244469,
              38.00198670402566
            ],
            [
              -112.06107443255512,
              38.00190770397488
            ],
            [
              -112.06167443266557,
              38.00182770392398
            ],
            [
              -112.06227443277619,
              38.00174870387313
            ],
            [
              -112.0628744328867,
              38.00166870382224
            ],
            [
              -112.06347343299707,
              38.001589703771465
            ],
            [
              -112.06407343310767,
              38.00151070372068
            ],
            [
              -112.06467343321813,
              38.001430703669726
            ],
            [
              -112.06542243335618,
              38.00133170360627
            ],
            [
              -112.06602243346663,
              38.001251703555326
            ],
            [
              -112.06664843359512,
              38.00128870351674
            ],
            [
              -112.06717443373157,
              38.00157870351562
            ],
            [
              -112.06770043386786,
              38.00186770351438
            ],
            [
              -112.06810343399475,
              38.00229370353814
            ],
            [
              -112.06850543412146,
              38.002719703561894
            ],
            [
              -112.06903243425793,
              38.00300870356059
            ],
            [
              -112.06943443438465,
              38.003434703584404
            ],
            [
              -112.06996043452092,
              38.003723703583155
            ],
            [
              -112.07056043463153,
              38.00364470353238
            ],
            [
              -112.07116043474201,
              38.0035647034814
            ],
            [
              -112.07173443483454,
              38.003368703418225
            ],
            [
              -112.07230843492724,
              38.003173703355216
            ],
            [
              -112.07288243501975,
              38.00297770329204
            ],
            [
              -112.07308043500363,
              38.002472703217386
            ],
            [
              -112.07312743495957,
              38.00198670315547
            ],
            [
              -112.07317543491584,
              38.00150170309354
            ],
            [
              -112.07369843497275,
              38.00107370300587
            ],
            [
              -112.07427243506532,
              38.00087770294274
            ],
            [
              -112.07487143517554,
              38.000797702891845
            ],
            [
              -112.07552243532183,
              38.00095170286569
            ],
            [
              -112.07577543542105,
              38.00139670290207
            ],
            [
              -112.07630143555741,
              38.00168670290094
            ],
            [
              -112.07670343568401,
              38.002111702924566
            ],
            [
              -112.07695643578326,
              38.00255770296104
            ],
            [
              -112.07705843585464,
              38.00302270301021
            ],
            [
              -112.07668543582542,
              38.003431703085276
            ],
            [
              -112.0763124357961,
              38.00383970316021
            ],
            [
              -112.07626543584017,
              38.00432570322218
            ],
            [
              -112.07691643598636,
              38.004478703195886
            ],
            [
              -112.07754143611466,
              38.00451570315732
            ],
            [
              -112.07814143622511,
              38.00443570310641
            ],
            [
              -112.07874143633563,
              38.00435670305556
            ],
            [
              -112.07954243650944,
              38.004489703016525
            ],
            [
              -112.08021843667345,
              38.004759703002634
            ],
            [
              -112.08081843678391,
              38.00467970295173
            ],
            [
              -112.08141743689411,
              38.004599702900826
            ],
            [
              -112.08199243698697,
              38.0044047028377
            ],
            [
              -112.08256643707946,
              38.00420870277457
            ],
            [
              -112.08308943713622,
              38.00377970268679
            ],
            [
              -112.08366343722876,
              38.003583702623615
            ],
            [
              -112.08426243733909,
              38.00350470257284
            ],
            [
              -112.08486243744952,
              38.00342470252193
            ],
            [
              -112.08546243756008,
              38.00334570247107
            ],
            [
              -112.08606143767027,
              38.003265702420244
            ],
            [
              -112.08668743779873,
              38.00330270238162
            ],
            [
              -112.0873384379449,
              38.00345570235531
            ],
            [
              -112.08798943809104,
              38.00360870232902
            ],
            [
              -112.08824143819012,
              38.004054702365536
            ],
            [
              -112.0887684383266,
              38.004343702364196
            ],
            [
              -112.08902043842568,
              38.00478970240066
            ],
            [
              -112.08912343849721,
              38.005254702449754
            ],
            [
              -112.08922543856859,
              38.00571970249889
            ],
            [
              -112.0893284386403,
              38.00618570254803
            ],
            [
              -112.08958043873928,
              38.006630702584424
            ],
            [
              -112.08968343881092,
              38.007096702633625
            ],
            [
              -112.0896354388547,
              38.00758170269546
            ],
            [
              -112.08926243882557,
              38.00799070277055
            ],
            [
              -112.08888943879629,
              38.00839870284547
            ],
            [
              -112.08854243878508,
              38.008923702932705
            ],
            [
              -112.08816943875593,
              38.00933270300776
            ],
            [
              -112.08764643869917,
              38.00976170309554
            ],
            [
              -112.08709843862455,
              38.010073703170924
            ],
            [
              -112.0865754385677,
              38.0105017032586
            ],
            [
              -112.08620243853859,
              38.01091070333363
            ],
            [
              -112.08565443846396,
              38.01122270340903
            ],
            [
              -112.08510543838933,
              38.011535703484626
            ],
            [
              -112.08455743831475,
              38.01184770356
            ],
            [
              -112.08400843823993,
              38.01215970363546
            ],
            [
              -112.08345943816516,
              38.01247170371093
            ],
            [
              -112.08291143809055,
              38.012783703786276
            ],
            [
              -112.08256443807936,
              38.013308703873584
            ],
            [
              -112.08251643812325,
              38.01379470393553
            ],
            [
              -112.08231943813962,
              38.0142997040101
            ],
            [
              -112.08242143821107,
              38.014764704059175
            ],
            [
              -112.08237443825506,
              38.01524970412101
            ],
            [
              -112.08217643827135,
              38.01575570419569
            ],
            [
              -112.08180343824208,
              38.01616370427067
            ],
            [
              -112.08143043821298,
              38.01657270434573
            ],
            [
              -112.08105743818382,
              38.01698170442077
            ],
            [
              -112.08068443815459,
              38.017389704495706
            ],
            [
              -112.08013643807999,
              38.01770170457111
            ],
            [
              -112.07956243798749,
              38.0178977046343
            ],
            [
              -112.07898743789475,
              38.0180937046975
            ],
            [
              -112.07838743778434,
              38.018173704748484
            ],
            [
              -112.07781343769169,
              38.01836870481157
            ],
            [
              -112.07723943759919,
              38.01856470487471
            ],
            [
              -112.07666543750665,
              38.01876070493792
            ],
            [
              -112.07611643743188,
              38.0190727050134
            ],
            [
              -112.07554243733934,
              38.01926870507661
            ],
            [
              -112.07499343726457,
              38.019580705152016
            ],
            [
              -112.074419437172,
              38.019776705215214
            ],
            [
              -112.07384543707953,
              38.01997270527843
            ],
            [
              -112.07327143698696,
              38.020168705341554
            ],
            [
              -112.07267143687642,
              38.020247705392435
            ],
            [
              -112.07209643678367,
              38.02044370545571
            ],
            [
              -112.07152243669117,
              38.02063970551886
            ],
            [
              -112.0709484365986,
              38.020835705582044
            ],
            [
              -112.07039943652383,
              38.02114770565754
            ],
            [
              -112.06982543643126,
              38.021343705720746
            ],
            [
              -112.06925143633866,
              38.02153870578376
            ],
            [
              -112.06867743624608,
              38.021734705846974
            ],
            [
              -112.06807743613564,
              38.021814705897974
            ],
            [
              -112.06747743602504,
              38.02189370594879
            ],
            [
              -112.06672743588686,
              38.02199270601236
            ],
            [
              -112.06597743574874,
              38.02209270607611
            ],
            [
              -112.0654034356562,
              38.02228870613932
            ],
            [
              -112.06482943556351,
              38.02248370620235
            ],
            [
              -112.0642544354708,
              38.02267970626562
            ],
            [
              -112.0640574354872,
              38.023184706340146
            ],
            [
              -112.06415943555876,
              38.02365070638942
            ],
            [
              -112.06411243560281,
              38.02413570645127
            ],
            [
              -112.0642144356742,
              38.02460070650036
            ],
            [
              -112.0643164357458,
              38.02506670654962
            ],
            [
              -112.06456943584506,
              38.02551170658597
            ],
            [
              -112.06482143594422,
              38.025957706622485
            ],
            [
              -112.0649234360157,
              38.02642270667155
            ],
            [
              -112.06487643605968,
              38.026907706733404
            ],
            [
              -112.06482843610364,
              38.02739370679535
            ],
            [
              -112.06493143617531,
              38.02785870684443
            ],
            [
              -112.06503343624675,
              38.02832370689356
            ],
            [
              -112.06528543634599,
              38.02876970693008
            ],
            [
              -112.0658384365006,
              38.029175706941004
            ],
            [
              -112.06609043659967,
              38.029620706977354
            ],
            [
              -112.06634243669892,
              38.030066707013845
            ],
            [
              -112.06644543677055,
              38.03053170706291
            ],
            [
              -112.06624743678678,
              38.0310367071375
            ],
            [
              -112.06587443675768,
              38.03144570721256
            ],
            [
              -112.06532543668285,
              38.031757707288065
            ],
            [
              -112.06475143659034,
              38.03195370735128
            ],
            [
              -112.06420243651557,
              38.032265707426774
            ],
            [
              -112.06365443644093,
              38.0325777075022
            ],
            [
              -112.06310543636616,
              38.03288970757764
            ],
            [
              -112.06258243630943,
              38.03331870766552
            ],
            [
              -112.06220843627997,
              38.03372670774054
            ],
            [
              -112.06183543625083,
              38.03413570781561
            ],
            [
              -112.06128643617605,
              38.03444770789111
            ],
            [
              -112.06076343611922,
              38.03487570797882
            ],
            [
              -112.06021443604449,
              38.03518870805444
            ],
            [
              -112.05969143598763,
              38.035616708142136
            ],
            [
              -112.05931843595845,
              38.0360247082171
            ],
            [
              -112.05894543592929,
              38.03643370829217
            ],
            [
              -112.05857143589994,
              38.03684270836731
            ],
            [
              -112.05819843587075,
              38.037250708442265
            ],
            [
              -112.0580014358873,
              38.03775670851696
            ],
            [
              -112.05855343604169,
              38.03816170852783
            ],
            [
              -112.05920443618811,
              38.038315708501514
            ],
            [
              -112.05985543633436,
              38.03846870847513
            ],
            [
              -112.06050743648086,
              38.038621708448716
            ],
            [
              -112.06090943660773,
              38.039047708472445
            ],
            [
              -112.0613114367346,
              38.039473708496175
            ],
            [
              -112.06141443680633,
              38.03993870854523
            ],
            [
              -112.06151643687781,
              38.0404037085943
            ],
            [
              -112.06161943694967,
              38.04086970864348
            ],
            [
              -112.06172143702115,
              38.041334708692595
            ],
            [
              -112.06182343709268,
              38.04179970874166
            ],
            [
              -112.06162643710925,
              38.04230570881635
            ],
            [
              -112.06125243707984,
              38.04271370889137
            ],
            [
              -112.06072943702313,
              38.04314270897919
            ],
            [
              -112.06015543693051,
              38.04333770904232
            ],
            [
              -112.05955543681999,
              38.04341770909329
            ],
            [
              -112.0589804367273,
              38.0436137091566
            ],
            [
              -112.05840643663461,
              38.043808709219654
            ],
            [
              -112.05785743655984,
              38.04412070929518
            ],
            [
              -112.05733443650308,
              38.044549709383
            ],
            [
              -112.05678543642831,
              38.044861709458516
            ],
            [
              -112.05641143639899,
              38.04527070953367
            ],
            [
              -112.05586243632423,
              38.045582709609164
            ],
            [
              -112.0553394362674,
              38.04601070969689
            ],
            [
              -112.05481643621069,
              38.04643970978472
            ],
            [
              -112.0544684361992,
              38.04696370987202
            ],
            [
              -112.05427043621559,
              38.047469709946725
            ],
            [
              -112.05407343623213,
              38.04797471002129
            ],
            [
              -112.05402543627599,
              38.04845971008312
            ],
            [
              -112.05397743631991,
              38.048944710145
            ],
            [
              -112.05393043636404,
              38.04942971020674
            ],
            [
              -112.0538824364081,
              38.04991571026875
            ],
            [
              -112.05350943637892,
              38.05032371034372
            ],
            [
              -112.05298543632198,
              38.05075271043162
            ],
            [
              -112.05246243626515,
              38.051180710519354
            ],
            [
              -112.0519134361904,
              38.05149271059485
            ],
            [
              -112.05154043616128,
              38.05190171066994
            ],
            [
              -112.05134243617756,
              38.05240671074453
            ],
            [
              -112.05129443622151,
              38.0528917108064
            ],
            [
              -112.05127843623617,
              38.05305371082706
            ],
            [
              -112.05089543617433,
              38.05318371086917
            ],
            [
              -112.05034643609957,
              38.05349571094469
            ],
            [
              -112.0499734360705,
              38.053904711019776
            ],
            [
              -112.04942443599569,
              38.05421671109531
            ],
            [
              -112.04905143596653,
              38.05462471117026
            ],
            [
              -112.04850243589183,
              38.05493771124592
            ],
            [
              -112.04792743579898,
              38.05513271130906
            ],
            [
              -112.0473534357064,
              38.055328711372326
            ],
            [
              -112.04677843561367,
              38.055524711435645
            ],
            [
              -112.04617843550301,
              38.05560371148653
            ],
            [
              -112.0456034354102,
              38.05579971154985
            ],
            [
              -112.04500343529962,
              38.05587871160079
            ],
            [
              -112.04440343518895,
              38.05595771165167
            ],
            [
              -112.0438034350784,
              38.05603771170272
            ],
            [
              -112.04390543515001,
              38.05650271175179
            ],
            [
              -112.04443243528681,
              38.056792711750475
            ],
            [
              -112.04508343543317,
              38.056945711724055
            ],
            [
              -112.04576043559764,
              38.05721571170998
            ],
            [
              -112.04638643572626,
              38.05725271167127
            ],
            [
              -112.04703743587262,
              38.05740571164481
            ],
            [
              -112.047688436019,
              38.057558711618405
            ],
            [
              -112.04831443614762,
              38.057595711579715
            ],
            [
              -112.04896643629431,
              38.05774971155335
            ],
            [
              -112.04961743644066,
              38.05790271152687
            ],
            [
              -112.05014443657745,
              38.058192711525535
            ],
            [
              -112.05079543672383,
              38.05834571149911
            ],
            [
              -112.0513224368606,
              38.05863571149777
            ],
            [
              -112.05197443700717,
              38.05878871147128
            ],
            [
              -112.05259943713558,
              38.05882571143262
            ],
            [
              -112.05322543726419,
              38.05886271139392
            ],
            [
              -112.05382543737483,
              38.058783711343025
            ],
            [
              -112.05442543748529,
              38.05870371129196
            ],
            [
              -112.05497443756009,
              38.058391711216444
            ],
            [
              -112.05557543767087,
              38.0583127111655
            ],
            [
              -112.05617543778139,
              38.05823271111442
            ],
            [
              -112.05677543789201,
              38.05815371106353
            ],
            [
              -112.05687743796356,
              38.05861871111259
            ],
            [
              -112.05668043798009,
              38.05912371118713
            ],
            [
              -112.05648243799648,
              38.0596287112617
            ],
            [
              -112.05688443812339,
              38.0600547112854
            ],
            [
              -112.05741143826022,
              38.06034471128404
            ],
            [
              -112.05793843839689,
              38.06063371128256
            ],
            [
              -112.05856443852548,
              38.0606707112438
            ],
            [
              -112.0591644386361,
              38.06059171119292
            ],
            [
              -112.0597904387647,
              38.06062871115423
            ],
            [
              -112.06044243891117,
              38.06078171112766
            ],
            [
              -112.06096843904771,
              38.06107071112625
            ],
            [
              -112.06137143917488,
              38.06149671114986
            ],
            [
              -112.06192443932959,
              38.06190271116066
            ],
            [
              -112.06257543947594,
              38.06205571113423
            ],
            [
              -112.06312443955072,
              38.06174371105872
            ],
            [
              -112.06317243950673,
              38.06125871099694
            ],
            [
              -112.06321943946254,
              38.060773710935145
            ],
            [
              -112.06326743941845,
              38.06028771087318
            ],
            [
              -112.0637904394752,
              38.05985971078547
            ],
            [
              -112.06416443950445,
              38.05945071071034
            ],
            [
              -112.06453743953358,
              38.05904271063539
            ],
            [
              -112.06508643960824,
              38.05872971055975
            ],
            [
              -112.06545943963735,
              38.05832171048481
            ],
            [
              -112.06583243966642,
              38.05791271040975
            ],
            [
              -112.06603043965008,
              38.057407710335134
            ],
            [
              -112.06622843963369,
              38.05690271026057
            ],
            [
              -112.06627543958957,
              38.05641771019886
            ],
            [
              -112.06632343954563,
              38.05593271013701
            ],
            [
              -112.06637043950134,
              38.0554467100751
            ],
            [
              -112.06626843942975,
              38.05498171002608
            ],
            [
              -112.066165439358,
              38.05451670997706
            ],
            [
              -112.06606343928631,
              38.05405070992785
            ],
            [
              -112.06581143918712,
              38.05360570989156
            ],
            [
              -112.06555843908765,
              38.053159709855194
            ],
            [
              -112.06545643901605,
              38.05269470980611
            ],
            [
              -112.06505343888894,
              38.05226870978248
            ],
            [
              -112.0649514388174,
              38.05180370973345
            ],
            [
              -112.06496343880632,
              38.051681709717876
            ],
            [
              -112.06552543890989,
              38.05160770967021
            ],
            [
              -112.06610043900262,
              38.05141170960689
            ],
            [
              -112.06667443909512,
              38.05121570954364
            ],
            [
              -112.0672744392057,
              38.05113670949277
            ],
            [
              -112.0678754393164,
              38.05105670944164
            ],
            [
              -112.06844943940898,
              38.05086170937858
            ],
            [
              -112.06919943954706,
              38.05076170931476
            ],
            [
              -112.06979943965764,
              38.05068270926388
            ],
            [
              -112.07039943976814,
              38.050602709212846
            ],
            [
              -112.0709744398609,
              38.0504077091497
            ],
            [
              -112.07154843995345,
              38.05021170908646
            ],
            [
              -112.07169943998122,
              38.05019170907364
            ],
            [
              -112.07194744000047,
              38.0499187090236
            ],
            [
              -112.07232144002978,
              38.04951070894859
            ],
            [
              -112.07269444005887,
              38.04910170887353
            ],
            [
              -112.07306744008798,
              38.04869370879854
            ],
            [
              -112.07344044011707,
              38.0482847087235
            ],
            [
              -112.0738134401461,
              38.047875708648434
            ],
            [
              -112.0743884402388,
              38.047679708585136
            ],
            [
              -112.07493744031352,
              38.04736770850969
            ],
            [
              -112.0755374404241,
              38.04728870845877
            ],
            [
              -112.07613744053458,
              38.04720870840772
            ],
            [
              -112.0767374406451,
              38.047129708356856
            ],
            [
              -112.07731144073762,
              38.04693370829362
            ],
            [
              -112.077911440848,
              38.04685370824263
            ],
            [
              -112.07843844098477,
              38.0471437082413
            ],
            [
              -112.07869144108409,
              38.04758870827749
            ],
            [
              -112.07879344115578,
              38.04805470832669
            ],
            [
              -112.0788964412275,
              38.0485197083757
            ],
            [
              -112.07869844124382,
              38.04902470845024
            ],
            [
              -112.07844944122444,
              38.049297708500326
            ],
            [
              -112.07790144114992,
              38.04960970857577
            ],
            [
              -112.07732644105721,
              38.04980570863908
            ],
            [
              -112.0769534410281,
              38.050213708714
            ],
            [
              -112.07658044099904,
              38.05062270878905
            ],
            [
              -112.07620744097001,
              38.05103170886409
            ],
            [
              -112.07583344094064,
              38.0514397089391
            ],
            [
              -112.07580244097025,
              38.05176370898036
            ],
            [
              -112.07551144094747,
              38.05208170903878
            ],
            [
              -112.0749634408729,
              38.05239370911421
            ],
            [
              -112.07441444079821,
              38.05270570918971
            ],
            [
              -112.0738654407235,
              38.05301770926516
            ],
            [
              -112.07331644064875,
              38.053329709340666
            ],
            [
              -112.07294344061972,
              38.05373870941578
            ],
            [
              -112.07256944059047,
              38.05414770949092
            ],
            [
              -112.07219644056136,
              38.05455570956584
            ],
            [
              -112.0716474404867,
              38.05486870964147
            ],
            [
              -112.071098440412,
              38.05518070971697
            ],
            [
              -112.07072544038282,
              38.05558870979191
            ],
            [
              -112.07035244035384,
              38.05599770986698
            ],
            [
              -112.07015444037017,
              38.056502709941526
            ],
            [
              -112.0702574404419,
              38.05696770999053
            ],
            [
              -112.07035944051363,
              38.05743371003972
            ],
            [
              -112.07061244061303,
              38.05787871007591
            ],
            [
              -112.07141344078707,
              38.05801271003682
            ],
            [
              -112.0719404409237,
              38.05830171003534
            ],
            [
              -112.07256644105226,
              38.05833870999663
            ],
            [
              -112.07321744119855,
              38.0584917099702
            ],
            [
              -112.0737924412912,
              38.05829570990688
            ],
            [
              -112.07436644138384,
              38.058100709843735
            ],
            [
              -112.07494144147648,
              38.057904709780466
            ],
            [
              -112.07531444150554,
              38.05749570970538
            ],
            [
              -112.07588944159822,
              38.05729970964211
            ],
            [
              -112.07648944170874,
              38.057220709591164
            ],
            [
              -112.07703844178349,
              38.05690870951565
            ],
            [
              -112.07761244187593,
              38.05671270945246
            ],
            [
              -112.0783374419962,
              38.056496709376376
            ],
            [
              -112.07893744210678,
              38.056417709325494
            ],
            [
              -112.07953744221723,
              38.056337709274445
            ],
            [
              -112.08013744232764,
              38.056257709223374
            ],
            [
              -112.0807384424384,
              38.056178709172414
            ],
            [
              -112.08148844257651,
              38.05607970910878
            ],
            [
              -112.08208844268697,
              38.05599970905771
            ],
            [
              -112.08268844279753,
              38.05592070900677
            ],
            [
              -112.08326244288996,
              38.05572470894358
            ],
            [
              -112.0838624430004,
              38.05564470889252
            ],
            [
              -112.08451444314687,
              38.055797708866
            ],
            [
              -112.08519144331122,
              38.05606770885185
            ],
            [
              -112.08559444343831,
              38.05649370887542
            ],
            [
              -112.08569644350986,
              38.05695870892448
            ],
            [
              -112.08594944360924,
              38.057403708960635
            ],
            [
              -112.08575144362577,
              38.05790970903534
            ],
            [
              -112.08540444361469,
              38.058434709122565
            ],
            [
              -112.08503144358563,
              38.05884270919748
            ],
            [
              -112.08450744352879,
              38.059271709285355
            ],
            [
              -112.08398444347209,
              38.059699709373035
            ],
            [
              -112.08343544339753,
              38.06001270944866
            ],
            [
              -112.08323844341409,
              38.06051770952318
            ],
            [
              -112.08286444338478,
              38.060925709598166
            ],
            [
              -112.08251744337377,
              38.06145070968539
            ],
            [
              -112.0819944433172,
              38.06187970977319
            ],
            [
              -112.08141944322452,
              38.06207570983652
            ],
            [
              -112.08104644319543,
              38.06248370991144
            ],
            [
              -112.08084844321193,
              38.062989709986105
            ],
            [
              -112.08137544334855,
              38.06327870998458
            ],
            [
              -112.08200144347708,
              38.063315709945876
            ],
            [
              -112.08260144358752,
              38.06323570989479
            ],
            [
              -112.08312844372428,
              38.06352570989339
            ],
            [
              -112.08365544386096,
              38.06381470989187
            ],
            [
              -112.08390844396045,
              38.0642607099282
            ],
            [
              -112.08401144403224,
              38.064725709977175
            ],
            [
              -112.08426344413151,
              38.065170710013376
            ],
            [
              -112.08479044426825,
              38.06546071001197
            ],
            [
              -112.08539144437889,
              38.065380709960884
            ],
            [
              -112.08593944445335,
              38.06506870988545
            ],
            [
              -112.08631344448254,
              38.06465970981034
            ],
            [
              -112.08691344459301,
              38.06458070975938
            ],
            [
              -112.08748744468548,
              38.06438470969613
            ],
            [
              -112.08801444482212,
              38.06467370969461
            ],
            [
              -112.08826744492163,
              38.0651197097309
            ],
            [
              -112.08852044502109,
              38.065564709767116
            ],
            [
              -112.08907244517559,
              38.06597070977795
            ],
            [
              -112.08960044531247,
              38.06625970977635
            ],
            [
              -112.09020044542294,
              38.06618070972539
            ],
            [
              -112.09082644555144,
              38.066217709686654
            ],
            [
              -112.0914004456439,
              38.0660217096234
            ],
            [
              -112.09200044575427,
              38.06594170957238
            ],
            [
              -112.09257544584692,
              38.06574570950904
            ],
            [
              -112.09317544595737,
              38.065666709458085
            ],
            [
              -112.0937754460678,
              38.065586709407064
            ],
            [
              -112.09437644617852,
              38.065507709356034
            ],
            [
              -112.09497644628887,
              38.06542770930502
            ],
            [
              -112.09560244641736,
              38.06546470926624
            ],
            [
              -112.09620244652777,
              38.065384709215216
            ],
            [
              -112.09680244663812,
              38.065304709164124
            ],
            [
              -112.09740244674865,
              38.06522570911322
            ],
            [
              -112.09800244685904,
              38.06514570906215
            ],
            [
              -112.09862844698752,
              38.06518270902342
            ],
            [
              -112.09922944709817,
              38.06510370897239
            ],
            [
              -112.0998034471905,
              38.06490670890907
            ],
            [
              -112.10040344730095,
              38.06482770885811
            ],
            [
              -112.10100344741134,
              38.06474770880703
            ],
            [
              -112.1016294475398,
              38.06478470876832
            ],
            [
              -112.10228144768625,
              38.064937708741745
            ],
            [
              -112.10293244783249,
              38.06509070871525
            ],
            [
              -112.10355844796095,
              38.065127708676464
            ],
            [
              -112.10433444811697,
              38.065144708624985
            ],
            [
              -112.10496044824532,
              38.065180708586134
            ],
            [
              -112.10558644837378,
              38.065217708547344
            ],
            [
              -112.10618644848422,
              38.06513870849642
            ],
            [
              -112.10676144857683,
              38.0649427084331
            ],
            [
              -112.10733544866919,
              38.06474670836987
            ],
            [
              -112.1079094487616,
              38.06455070830668
            ],
            [
              -112.10848444885414,
              38.06435470824336
            ],
            [
              -112.10905844894657,
              38.06415870818011
            ],
            [
              -112.1096334490391,
              38.06396270811685
            ],
            [
              -112.1102074491315,
              38.0637667080536
            ],
            [
              -112.11075644920598,
              38.063453707978
            ],
            [
              -112.11133144929858,
              38.06325770791467
            ],
            [
              -112.11190544939092,
              38.063061707851475
            ],
            [
              -112.11248044948351,
              38.06286570778817
            ],
            [
              -112.11305444957586,
              38.06266970772492
            ],
            [
              -112.11362944966845,
              38.06247370766161
            ],
            [
              -112.1142034497608,
              38.06227770759842
            ],
            [
              -112.11477844985339,
              38.06208170753511
            ],
            [
              -112.11532644992775,
              38.0617697074597
            ],
            [
              -112.11590145002035,
              38.06157370739644
            ],
            [
              -112.11647545011267,
              38.0613777073332
            ],
            [
              -112.11705045020526,
              38.061181707269895
            ],
            [
              -112.1176244502976,
              38.06098570720664
            ],
            [
              -112.1181734503721,
              38.06067270713111
            ],
            [
              -112.11872245044665,
              38.06036070705562
            ],
            [
              -112.11932245055701,
              38.06028070700456
            ],
            [
              -112.11989645064932,
              38.06008470694132
            ],
            [
              -112.12044545072396,
              38.0597727068659
            ],
            [
              -112.1209944507985,
              38.059460706790425
            ],
            [
              -112.12154245087275,
              38.05914770671491
            ],
            [
              -112.12191545090181,
              38.05873970664002
            ],
            [
              -112.1221134508853,
              38.05823370656538
            ],
            [
              -112.12246045089623,
              38.05770870647824
            ],
            [
              -112.12250745085201,
              38.05722370641654
            ],
            [
              -112.12255445080781,
              38.05673870635492
            ],
            [
              -112.1226024507637,
              38.056252706293044
            ],
            [
              -112.12279945074708,
              38.055747706218646
            ],
            [
              -112.12332245080358,
              38.0553187061309
            ],
            [
              -112.12384545086024,
              38.05489070604325
            ],
            [
              -112.1243944509347,
              38.05457770596767
            ],
            [
              -112.1249174509913,
              38.05414970588002
            ],
            [
              -112.12549145108368,
              38.0539537058168
            ],
            [
              -112.12609145119394,
              38.05387370576579
            ],
            [
              -112.12634445129332,
              38.0543187058019
            ],
            [
              -112.12659745139277,
              38.05476470583815
            ],
            [
              -112.12722245152086,
              38.05480070579939
            ],
            [
              -112.12782245163125,
              38.05472170574845
            ],
            [
              -112.12834545168771,
              38.05429270566069
            ],
            [
              -112.12854345167132,
              38.053787705586245
            ],
            [
              -112.12844045159946,
              38.05332170553721
            ],
            [
              -112.12833745152767,
              38.052856705488296
            ],
            [
              -112.12853445151109,
              38.052351705413905
            ],
            [
              -112.12858145146679,
              38.05186570535209
            ],
            [
              -112.1284794513952,
              38.05140070530316
            ],
            [
              -112.12822645129589,
              38.05095570526701
            ],
            [
              -112.12859945132483,
              38.050546705192026
            ],
            [
              -112.12864645128067,
              38.05006170513034
            ],
            [
              -112.12854345120877,
              38.04959570508135
            ],
            [
              -112.1285904511646,
              38.049110705019665
            ],
            [
              -112.12896345119357,
              38.04870170494468
            ],
            [
              -112.12951245126811,
              38.04838970486923
            ],
            [
              -112.13008645136048,
              38.048193704806
            ],
            [
              -112.1306604514528,
              38.04799770474285
            ],
            [
              -112.13120945152731,
              38.04768470466727
            ],
            [
              -112.13173245158379,
              38.04725570457951
            ],
            [
              -112.13210545161282,
              38.04684770450459
            ],
            [
              -112.1326534516871,
              38.04653470442915
            ],
            [
              -112.13320245176168,
              38.0462227043537
            ],
            [
              -112.13377645185405,
              38.04602670429048
            ],
            [
              -112.13432545192848,
              38.04571370421491
            ],
            [
              -112.13489945202083,
              38.0455177041517
            ],
            [
              -112.13564945215867,
              38.04541770408796
            ],
            [
              -112.13627545228702,
              38.04545470404924
            ],
            [
              -112.13705045244271,
              38.04547170399779
            ],
            [
              -112.13782645259856,
              38.04548770394621
            ],
            [
              -112.13845245272685,
              38.04552470390748
            ],
            [
              -112.13907845285509,
              38.045560703868624
            ],
            [
              -112.13970345298324,
              38.04559770382999
            ],
            [
              -112.14032945311148,
              38.04563370379116
            ],
            [
              -112.14095545323981,
              38.04567070375241
            ],
            [
              -112.14160645338585,
              38.045823703725944
            ],
            [
              -112.14225745353183,
              38.04597570369935
            ],
            [
              -112.14290945367812,
              38.04612870367281
            ],
            [
              -112.14353545380645,
              38.04616570363403
            ],
            [
              -112.14416045393449,
              38.04620170359529
            ],
            [
              -112.14481245408076,
              38.046354703568745
            ],
            [
              -112.14546345422684,
              38.046507703542204
            ],
            [
              -112.14599145436348,
              38.04679670354059
            ],
            [
              -112.14651845450001,
              38.04708570353905
            ],
            [
              -112.14716945464608,
              38.04723870351257
            ],
            [
              -112.14774345473835,
              38.04704270344936
            ],
            [
              -112.1482664547948,
              38.046613703361615
            ],
            [
              -112.14846345477821,
              38.04610870328726
            ],
            [
              -112.14883645480712,
              38.04569970321225
            ],
            [
              -112.14935945486359,
              38.04527070312453
            ],
            [
              -112.1499074549379,
              38.044958703049204
            ],
            [
              -112.15045645501236,
              38.04464570297365
            ],
            [
              -112.15100445508668,
              38.044333702898264
            ],
            [
              -112.15152745514312,
              38.04390470281055
            ],
            [
              -112.15205045519957,
              38.04347570272282
            ],
            [
              -112.15259845527395,
              38.04316370264747
            ],
            [
              -112.15319845538414,
              38.043083702596434
            ],
            [
              -112.15372545552063,
              38.04337270259487
            ],
            [
              -112.15429945561286,
              38.04317670253166
            ],
            [
              -112.1548224556693,
              38.04274770244395
            ],
            [
              -112.15537145574376,
              38.042434702368396
            ],
            [
              -112.15591945581808,
              38.042122702293085
            ],
            [
              -112.15646845589252,
              38.04180970221754
            ],
            [
              -112.15704245598477,
              38.04161370215433
            ],
            [
              -112.15761645607705,
              38.04141770209113
            ],
            [
              -112.15816545615145,
              38.041104702015595
            ],
            [
              -112.15873945624368,
              38.04090870195244
            ],
            [
              -112.15911145627243,
              38.04049970187757
            ],
            [
              -112.15948445630134,
              38.04009070180256
            ],
            [
              -112.15985745633022,
              38.03968170172761
            ],
            [
              -112.16022945635895,
              38.03927270165272
            ],
            [
              -112.1606024563878,
              38.038863701577775
            ],
            [
              -112.16112545644438,
              38.0384357014902
            ],
            [
              -112.1614974564731,
              38.03802670141531
            ],
            [
              -112.16169445645642,
              38.03752070134079
            ],
            [
              -112.1615914563847,
              38.037055701291955
            ],
            [
              -112.16163845634054,
              38.03657070123029
            ],
            [
              -112.16153545626878,
              38.0361047011813
            ],
            [
              -112.16128245616949,
              38.035659701145214
            ],
            [
              -112.16087945604274,
              38.03523470112184
            ],
            [
              -112.16062645594334,
              38.034788701085574
            ],
            [
              -112.16037345584412,
              38.03434370104944
            ],
            [
              -112.15997045571731,
              38.03391870102604
            ],
            [
              -112.16031745572833,
              38.03339370093892
            ],
            [
              -112.16089145582048,
              38.03319670087563
            ],
            [
              -112.16141445587692,
              38.032767700787915
            ],
            [
              -112.16178745590588,
              38.03235870071296
            ],
            [
              -112.16236145599811,
              38.03216270064977
            ],
            [
              -112.16293545609042,
              38.031966700586594
            ],
            [
              -112.16350945618265,
              38.031770700523474
            ],
            [
              -112.16355645613842,
              38.03128470046169
            ],
            [
              -112.16354345612947,
              38.03122670045564
            ],
            [
              -112.16385645619367,
              38.0312457004363
            ],
            [
              -112.16448145632157,
              38.03128170039757
            ],
            [
              -112.16503045639601,
              38.03096870032202
            ],
            [
              -112.16540245642472,
              38.03055970024715
            ],
            [
              -112.16529945635307,
              38.03009470019825
            ],
            [
              -112.16534645630895,
              38.02960970013667
            ],
            [
              -112.16539345626482,
              38.029124700075
            ],
            [
              -112.16576645629377,
              38.02871570000005
            ],
            [
              -112.16631445636797,
              38.028402699924605
            ],
            [
              -112.16666145637895,
              38.02787769983749
            ],
            [
              -112.16685845636238,
              38.027372699763085
            ],
            [
              -112.16720545637325,
              38.02684669967585
            ],
            [
              -112.1672524563292,
              38.02636169961425
            ],
            [
              -112.1672984562849,
              38.02587669955266
            ],
            [
              -112.16734545624068,
              38.0253906994909
            ],
            [
              -112.1675424562241,
              38.024885699416544
            ],
            [
              -112.16743945615248,
              38.02442069936763
            ],
            [
              -112.16748645610839,
              38.02393569930604
            ],
            [
              -112.1673834560366,
              38.023469699257
            ],
            [
              -112.167280455965,
              38.023004699208094
            ],
            [
              -112.16687745583825,
              38.02257969918473
            ],
            [
              -112.16677445576649,
              38.02211369913571
            ],
            [
              -112.16667145569488,
              38.02164869908679
            ],
            [
              -112.16641845559572,
              38.02120369905062
            ],
            [
              -112.16631545552394,
              38.02073769900165
            ],
            [
              -112.1662124554523,
              38.02027269895274
            ],
            [
              -112.16610945538069,
              38.01980769890381
            ],
            [
              -112.1664564553916,
              38.01928169881659
            ],
            [
              -112.16700445546599,
              38.01896969874126
            ],
            [
              -112.16755245554019,
              38.0186566986658
            ],
            [
              -112.16812645563243,
              38.01846069860269
            ],
            [
              -112.16832345561592,
              38.01795569852827
            ],
            [
              -112.1685204555993,
              38.01744969845379
            ],
            [
              -112.16856745555523,
              38.01696469839212
            ],
            [
              -112.16846445548362,
              38.01649969834326
            ],
            [
              -112.16836145541201,
              38.016034698294334
            ],
            [
              -112.16825845534028,
              38.0155686982453
            ],
            [
              -112.16830545529622,
              38.01508369818368
            ],
            [
              -112.16850145527953,
              38.01457869810933
            ],
            [
              -112.16907545537171,
              38.014381698046044
            ],
            [
              -112.16967545548198,
              38.014302697995234
            ],
            [
              -112.1703014556101,
              38.01433869795647
            ],
            [
              -112.17092645573804,
              38.01437469791771
            ],
            [
              -112.17155145586607,
              38.01441169787913
            ],
            [
              -112.17215145597622,
              38.01433169782815
            ],
            [
              -112.17275145608642,
              38.01425169777721
            ],
            [
              -112.17337645621434,
              38.01428769773847
            ],
            [
              -112.1739764563245,
              38.01420769768753
            ],
            [
              -112.17457645643469,
              38.01412769763654
            ],
            [
              -112.17494845646341,
              38.01371869756167
            ],
            [
              -112.17484545639184,
              38.013253697512745
            ],
            [
              -112.17489245634778,
              38.01276869745113
            ],
            [
              -112.17508945633118,
              38.01226269737662
            ],
            [
              -112.17543545634202,
              38.01173769728958
            ],
            [
              -112.17563245632552,
              38.01123269721521
            ],
            [
              -112.17582945630892,
              38.01072669714068
            ],
            [
              -112.17602645629236,
              38.01022169706635
            ],
            [
              -112.17639845632117,
              38.00981269699147
            ],
            [
              -112.17674545633218,
              38.00928769690432
            ],
            [
              -112.1769424563157,
              38.00878269682996
            ],
            [
              -112.17713845629892,
              38.0082766967555
            ],
            [
              -112.1773354562824,
              38.00777169668115
            ],
            [
              -112.17753245626592,
              38.00726669660674
            ],
            [
              -112.17772945624934,
              38.006760696532254
            ],
            [
              -112.17777545620511,
              38.00627569647065
            ],
            [
              -112.17812245621614,
              38.005750696383565
            ],
            [
              -112.17831945619966,
              38.0052456963092
            ],
            [
              -112.17884145625598,
              38.00481669622158
            ],
            [
              -112.17941545634814,
              38.00461969615833
            ],
            [
              -112.18006645649406,
              38.004772696131944
            ],
            [
              -112.1804694566207,
              38.00519769615537
            ],
            [
              -112.18087245674747,
              38.005623696178866
            ],
            [
              -112.180975456819,
              38.00608869622778
            ],
            [
              -112.1812284569181,
              38.006533696263965
            ],
            [
              -112.1813314569897,
              38.00699869631288
            ],
            [
              -112.18143445706136,
              38.00746469636187
            ],
            [
              -112.18153745713295,
              38.007929696410784
            ],
            [
              -112.18179045723204,
              38.00837469644695
            ],
            [
              -112.18219345735882,
              38.00880069647049
            ],
            [
              -112.18259645748549,
              38.009225696493864
            ],
            [
              -112.1828494575846,
              38.00967069653002
            ],
            [
              -112.18325245771138,
              38.01009669655356
            ],
            [
              -112.18377945784758,
              38.010384696551945
            ],
            [
              -112.18443045799349,
              38.010537696525546
            ],
            [
              -112.18500445808569,
              38.01034169646238
            ],
            [
              -112.18555245815986,
              38.01002869638695
            ],
            [
              -112.18610045823412,
              38.00971569631152
            ],
            [
              -112.1866494583086,
              38.00940369623613
            ],
            [
              -112.18717145836486,
              38.008974696148535
            ],
            [
              -112.18736845834826,
              38.00846869607408
            ],
            [
              -112.18726445827647,
              38.00800369602525
            ],
            [
              -112.18716145820493,
              38.00753869597641
            ],
            [
              -112.18705845813334,
              38.007073695927495
            ],
            [
              -112.18680545803413,
              38.00662769589121
            ],
            [
              -112.18640245790749,
              38.00620269586778
            ],
            [
              -112.18587545777123,
              38.00591369586927
            ],
            [
              -112.18547245764458,
              38.00548869584584
            ],
            [
              -112.1852194575455,
              38.00504369580974
            ],
            [
              -112.18496645744624,
              38.00459769577345
            ],
            [
              -112.18486345737472,
              38.00413269572453
            ],
            [
              -112.18476045730314,
              38.00366769567567
            ],
            [
              -112.18535945741311,
              38.00358769562476
            ],
            [
              -112.1859594575232,
              38.00350769557379
            ],
            [
              -112.1865844576511,
              38.003543695535114
            ],
            [
              -112.18723645779717,
              38.003696695508644
            ],
            [
              -112.18783545790703,
              38.003615695457626
            ],
            [
              -112.18846145803522,
              38.003652695419
            ],
            [
              -112.18898845817144,
              38.00394169541751
            ],
            [
              -112.18939145829808,
              38.00436669544094
            ],
            [
              -112.18964445839714,
              38.00481169547705
            ],
            [
              -112.1900474585239,
              38.00523769550058
            ],
            [
              -112.19057445866001,
              38.00552569549897
            ],
            [
              -112.19110145879631,
              38.00581469549748
            ],
            [
              -112.1917004589062,
              38.00573469544657
            ],
            [
              -112.19230045901635,
              38.00565469539565
            ],
            [
              -112.1929004591265,
              38.00557469534468
            ],
            [
              -112.19342245918277,
              38.00514569525708
            ],
            [
              -112.19402145929273,
              38.00506569520624
            ],
            [
              -112.19462145940281,
              38.00498569515527
            ],
            [
              -112.19524645953067,
              38.005021695116575
            ],
            [
              -112.1958724596588,
              38.00505869507788
            ],
            [
              -112.19652345980458,
              38.00521069505136
            ],
            [
              -112.19714845993236,
              38.005246695012666
            ],
            [
              -112.19767546006862,
              38.00553569501116
            ],
            [
              -112.1983524602324,
              38.00580469499687
            ],
            [
              -112.1988804603688,
              38.0060936949953
            ],
            [
              -112.19953146051466,
              38.00624669496888
            ],
            [
              -112.2001824606604,
              38.00639869494235
            ],
            [
              -112.20078246077053,
              38.00631869489137
            ],
            [
              -112.20140746089837,
              38.00635469485268
            ],
            [
              -112.20203246102626,
              38.006391694814106
            ],
            [
              -112.20263246113626,
              38.006310694763
            ],
            [
              -112.20328346128211,
              38.00646369473658
            ],
            [
              -112.20390946141015,
              38.00649969469778
            ],
            [
              -112.20443646154635,
              38.006788694696255
            ],
            [
              -112.2046894616454,
              38.00723369473238
            ],
            [
              -112.2052164617817,
              38.00752269473087
            ],
            [
              -112.20584146190951,
              38.00755869469212
            ],
            [
              -112.20644146201957,
              38.00747869464119
            ],
            [
              -112.20704146212968,
              38.007398694590215
            ],
            [
              -112.2076664622575,
              38.00743469455151
            ],
            [
              -112.20829246238546,
              38.00747069451269
            ],
            [
              -112.2089434625313,
              38.00762369448627
            ],
            [
              -112.20956846265909,
              38.00765969444756
            ],
            [
              -112.21021946280491,
              38.00781269442113
            ],
            [
              -112.21084546293294,
              38.00784869438232
            ],
            [
              -112.21147046306075,
              38.00788469434361
            ],
            [
              -112.21224646321622,
              38.0079006942921
            ],
            [
              -112.21287146334403,
              38.00793669425333
            ],
            [
              -112.21349646347184,
              38.00797269421465
            ],
            [
              -112.21407046356397,
              38.0077766941515
            ],
            [
              -112.21461846363808,
              38.007463694076094
            ],
            [
              -112.21521846374816,
              38.00738369402515
            ],
            [
              -112.21579246384033,
              38.00718769396203
            ],
            [
              -112.21639146395006,
              38.00710669391101
            ],
            [
              -112.21696546404223,
              38.00691069384792
            ],
            [
              -112.21756446415206,
              38.00683069379702
            ],
            [
              -112.21781846425138,
              38.00727569383306
            ],
            [
              -112.21792146432291,
              38.00774069388185
            ],
            [
              -112.21802446439452,
              38.008205693930705
            ],
            [
              -112.21782846441138,
              38.0087116940051
            ],
            [
              -112.21748246440062,
              38.00923669409206
            ],
            [
              -112.21713546438973,
              38.009762694179216
            ],
            [
              -112.21678946437899,
              38.01028769426624
            ],
            [
              -112.216442464368,
              38.01081269435326
            ],
            [
              -112.21624646438491,
              38.0113186944276
            ],
            [
              -112.21604946440145,
              38.011823694501956
            ],
            [
              -112.21600346444573,
              38.01230869456342
            ],
            [
              -112.21625646454494,
              38.01275469459965
            ],
            [
              -112.21665946467157,
              38.013179694622984
            ],
            [
              -112.2170624647982,
              38.01360469464635
            ],
            [
              -112.21746646492504,
              38.014029694669624
            ],
            [
              -112.21771946502415,
              38.014474694705704
            ],
            [
              -112.21767246506835,
              38.01496069476737
            ],
            [
              -112.21777646514016,
              38.01542569481614
            ],
            [
              -112.21787946521174,
              38.015890694864915
            ],
            [
              -112.21783246525595,
              38.01637669492661
            ],
            [
              -112.21793646532778,
              38.01684169497539
            ],
            [
              -112.2178894653719,
              38.01732669503692
            ],
            [
              -112.21799246544349,
              38.01779169508575
            ],
            [
              -112.21839646557044,
              38.018217695109136
            ],
            [
              -112.21902146569823,
              38.018253695070335
            ],
            [
              -112.21964746582621,
              38.01828969503155
            ],
            [
              -112.22027246595401,
              38.01832569499283
            ],
            [
              -112.22087246606404,
              38.01824569494181
            ],
            [
              -112.22149746619182,
              38.018281694903095
            ],
            [
              -112.22212346631981,
              38.01831769486423
            ],
            [
              -112.22292446649298,
              38.018449694824895
            ],
            [
              -112.22355046662096,
              38.01848569478608
            ],
            [
              -112.22420146676677,
              38.01863869475962
            ],
            [
              -112.22472846690297,
              38.01892769475798
            ],
            [
              -112.22535446703095,
              38.01896369471918
            ],
            [
              -112.22595446714101,
              38.01888369466819
            ],
            [
              -112.22655346725071,
              38.01880269461719
            ],
            [
              -112.22715346736075,
              38.01872269456618
            ],
            [
              -112.2277534674708,
              38.018642694515236
            ],
            [
              -112.22827546752693,
              38.01821369442768
            ],
            [
              -112.22882346760098,
              38.017900694352264
            ],
            [
              -112.22934546765711,
              38.017471694264735
            ],
            [
              -112.22971746768576,
              38.01706269418993
            ],
            [
              -112.23008946771432,
              38.01665269411496
            ],
            [
              -112.23043546772502,
              38.01612769402803
            ],
            [
              -112.2304824676809,
              38.01564269396647
            ],
            [
              -112.23037946760915,
              38.01517669391758
            ],
            [
              -112.2302754675374,
              38.01471169386883
            ],
            [
              -112.22972246738324,
              38.01430669385826
            ],
            [
              -112.22946946728416,
              38.013861693822186
            ],
            [
              -112.22894146714779,
              38.013572693823875
            ],
            [
              -112.22838846699364,
              38.01316769381329
            ],
            [
              -112.22786146685746,
              38.012878693814855
            ],
            [
              -112.22733446672123,
              38.012589693816416
            ],
            [
              -112.22680646658497,
              38.012301693818166
            ],
            [
              -112.22627946644873,
              38.012012693819706
            ],
            [
              -112.2258764663221,
              38.01158769379641
            ],
            [
              -112.22547346619557,
              38.01116269377305
            ],
            [
              -112.22536946612364,
              38.010696693724235
            ],
            [
              -112.22526646605202,
              38.01023169367538
            ],
            [
              -112.22516346598049,
              38.00976669362656
            ],
            [
              -112.22520946593622,
              38.00928169356509
            ],
            [
              -112.22555546594683,
              38.00875569347802
            ],
            [
              -112.2259024659578,
              38.00823069339094
            ],
            [
              -112.22624846596842,
              38.00770469330387
            ],
            [
              -112.22659446597916,
              38.00717969321692
            ],
            [
              -112.22696746600806,
              38.006770693142
            ],
            [
              -112.22733946603671,
              38.0063616930672
            ],
            [
              -112.22771146606539,
              38.00595269299238
            ],
            [
              -112.22808346609392,
              38.00554269291747
            ],
            [
              -112.22842946610473,
              38.00501769283051
            ],
            [
              -112.22847646606067,
              38.00453269276892
            ],
            [
              -112.2290034661967,
              38.004820692767275
            ],
            [
              -112.22940646632341,
              38.00524669279074
            ],
            [
              -112.23003246645136,
              38.005282692751905
            ],
            [
              -112.2306574665791,
              38.0053186927132
            ],
            [
              -112.23118446671515,
              38.00560669271154
            ],
            [
              -112.23158746684183,
              38.006032692735005
            ],
            [
              -112.23221346696978,
              38.00606869269618
            ],
            [
              -112.23281246707944,
              38.00598769264519
            ],
            [
              -112.23343846720739,
              38.00602369260638
            ],
            [
              -112.23401146729933,
              38.00582769254337
            ],
            [
              -112.23455946737339,
              38.00551469246798
            ],
            [
              -112.23510746744743,
              38.00520169239258
            ],
            [
              -112.23568146753956,
              38.00500569232946
            ],
            [
              -112.23625546763154,
              38.00480869226622
            ],
            [
              -112.23685446774137,
              38.004728692215366
            ],
            [
              -112.23745446785128,
              38.00464769216427
            ],
            [
              -112.23805346796105,
              38.00456769211341
            ],
            [
              -112.23865346807108,
              38.00448769206243
            ],
            [
              -112.23937646819034,
              38.00427069198653
            ],
            [
              -112.23995046828246,
              38.004074691923456
            ],
            [
              -112.2404984683565,
              38.00376169184807
            ],
            [
              -112.24104646843057,
              38.003448691772704
            ],
            [
              -112.24161946852236,
              38.00325169170951
            ],
            [
              -112.24219346861442,
              38.0030556916464
            ],
            [
              -112.24276746870642,
              38.00285869158323
            ],
            [
              -112.24334046879815,
              38.00266169152005
            ],
            [
              -112.24391446889027,
              38.00246569145692
            ],
            [
              -112.24453946901791,
              38.0025016914182
            ],
            [
              -112.2451394691278,
              38.00242069136712
            ],
            [
              -112.24576446925552,
              38.00245669132841
            ],
            [
              -112.24641646940144,
              38.0026096913019
            ],
            [
              -112.24704146952908,
              38.00264569126314
            ],
            [
              -112.24761546962108,
              38.00244869119991
            ],
            [
              -112.24798746964969,
              38.00203969112512
            ],
            [
              -112.24835946967836,
              38.001630691050345
            ],
            [
              -112.24870546968896,
              38.001104690963324
            ],
            [
              -112.24905146969975,
              38.00057969087635
            ],
            [
              -112.24942346972836,
              38.00017069080155
            ],
            [
              -112.24997146980243,
              37.99985769072618
            ],
            [
              -112.25049846993842,
              38.00014569072452
            ],
            [
              -112.2511234700661,
              38.00018169068583
            ],
            [
              -112.25177447021181,
              38.00033469065937
            ],
            [
              -112.25234847030372,
              38.000137690596134
            ],
            [
              -112.2529224703957,
              37.99994069053292
            ],
            [
              -112.25349547048754,
              37.99974469046986
            ],
            [
              -112.25404347056156,
              37.99943169039449
            ],
            [
              -112.25464247067123,
              37.99935069034353
            ],
            [
              -112.2552164707633,
              37.999154690280434
            ],
            [
              -112.25581647087311,
              37.999073690229395
            ],
            [
              -112.2562654709554,
              37.999013690191234
            ],
            [
              -112.25689147108325,
              37.9990496901524
            ],
            [
              -112.25749047119292,
              37.998968690101435
            ],
            [
              -112.25809047130282,
              37.99888869005047
            ],
            [
              -112.25863747137669,
              37.998575689975176
            ],
            [
              -112.25883347135989,
              37.998070689901006
            ],
            [
              -112.25938147143397,
              37.99775768982565
            ],
            [
              -112.25995547152586,
              37.997560689762416
            ],
            [
              -112.26052847161763,
              37.99736368969932
            ],
            [
              -112.26107647169164,
              37.99705068962396
            ],
            [
              -112.26159847174775,
              37.99662168953645
            ],
            [
              -112.26134447164853,
              37.99617668950045
            ],
            [
              -112.26094147152203,
              37.99575168947714
            ],
            [
              -112.26068747142286,
              37.99530668944114
            ],
            [
              -112.2604344713238,
              37.99486168940507
            ],
            [
              -112.260330471252,
              37.99439568935629
            ],
            [
              -112.26052747123542,
              37.99389068928199
            ],
            [
              -112.2608984712639,
              37.99348168920729
            ],
            [
              -112.26152447139175,
              37.993517689168534
            ],
            [
              -112.26214947151941,
              37.99355368912978
            ],
            [
              -112.26267647165533,
              37.99384168912811
            ],
            [
              -112.26332847180107,
              37.99399368910151
            ],
            [
              -112.26373147192757,
              37.994418689124814
            ],
            [
              -112.26425847206362,
              37.99470768912327
            ],
            [
              -112.2646614721901,
              37.99513268914652
            ],
            [
              -112.2649154722893,
              37.995577689182504
            ],
            [
              -112.26516847238835,
              37.99602268921857
            ],
            [
              -112.26569647252458,
              37.99631168921692
            ],
            [
              -112.26629547263424,
              37.99623068916591
            ],
            [
              -112.26689547274411,
              37.996150689115005
            ],
            [
              -112.26744247281798,
              37.995837689039725
            ],
            [
              -112.26781447284655,
              37.99542868896496
            ],
            [
              -112.2678604728022,
              37.99494268890337
            ],
            [
              -112.26775747273072,
              37.99447768885459
            ],
            [
              -112.26765347265898,
              37.99401268880591
            ],
            [
              -112.26740047256001,
              37.993567688769865
            ],
            [
              -112.26729647248825,
              37.99310268872113
            ],
            [
              -112.26719247241648,
              37.992636688672334
            ],
            [
              -112.26753847242719,
              37.99211168858538
            ],
            [
              -112.26788447243779,
              37.99158568849837
            ],
            [
              -112.26843247251185,
              37.99127268842302
            ],
            [
              -112.26897947258566,
              37.99095968834773
            ],
            [
              -112.26955347267764,
              37.990763688284645
            ],
            [
              -112.27010147275158,
              37.99044968820918
            ],
            [
              -112.27047247277999,
              37.99004068813449
            ],
            [
              -112.27066847276326,
              37.989535688060336
            ],
            [
              -112.27071547271915,
              37.98904968799868
            ],
            [
              -112.2707614726749,
              37.988564687937256
            ],
            [
              -112.27080747263071,
              37.988079687875796
            ],
            [
              -112.27085347258637,
              37.987593687814254
            ],
            [
              -112.27089947254217,
              37.9871086877528
            ],
            [
              -112.2707964724707,
              37.98664368770398
            ],
            [
              -112.270692472399,
              37.9861786876553
            ],
            [
              -112.27058947232739,
              37.985712687606366
            ],
            [
              -112.27048547225574,
              37.98524768755764
            ],
            [
              -112.27038147218404,
              37.98478268750894
            ],
            [
              -112.27027847211258,
              37.984317687460134
            ],
            [
              -112.26975047197634,
              37.98402868746175
            ],
            [
              -112.26922347184046,
              37.9837406874634
            ],
            [
              -112.26854647167694,
              37.98347168747773
            ],
            [
              -112.268019471541,
              37.98318368747938
            ],
            [
              -112.26749247140499,
              37.98289468748091
            ],
            [
              -112.2668154712415,
              37.98262568749518
            ],
            [
              -112.26628747110534,
              37.982337687496894
            ],
            [
              -112.2658844709789,
              37.981912687473525
            ],
            [
              -112.26548147085252,
              37.98148768745017
            ],
            [
              -112.2650784707261,
              37.98106268742688
            ],
            [
              -112.2648244706269,
              37.980617687390854
            ],
            [
              -112.26472147055537,
              37.9801516873419
            ],
            [
              -112.26509247058382,
              37.97974268726722
            ],
            [
              -112.26543847059465,
              37.97921768718031
            ],
            [
              -112.26581047062318,
              37.97880768710539
            ],
            [
              -112.26635847069723,
              37.978494687030036
            ],
            [
              -112.2669054707711,
              37.97818168695482
            ],
            [
              -112.26745347084514,
              37.977868686879475
            ],
            [
              -112.268026470937,
              37.977672686816476
            ],
            [
              -112.26862547104659,
              37.97759168676549
            ],
            [
              -112.26919947113853,
              37.977394686702354
            ],
            [
              -112.2697204711945,
              37.976965686614925
            ],
            [
              -112.27009247122315,
              37.97655668654012
            ],
            [
              -112.27046447125184,
              37.976147686465374
            ],
            [
              -112.27081047126252,
              37.97562168637835
            ],
            [
              -112.27100647124585,
              37.97511668630414
            ],
            [
              -112.27120247122909,
              37.974610686229845
            ],
            [
              -112.27139847121238,
              37.97410568615569
            ],
            [
              -112.27174447122309,
              37.973579686068604
            ],
            [
              -112.27211547125155,
              37.97317068599392
            ],
            [
              -112.27248747128027,
              37.97276168591918
            ],
            [
              -112.27285947130882,
              37.97235168584431
            ],
            [
              -112.27305547129217,
              37.97184668577008
            ],
            [
              -112.27325147127551,
              37.97134168569592
            ],
            [
              -112.27329747123127,
              37.9708556856343
            ],
            [
              -112.27366947125992,
              37.97044668555955
            ],
            [
              -112.27419047131588,
              37.97001768547215
            ],
            [
              -112.27476347140762,
              37.96982068540903
            ],
            [
              -112.27531147148167,
              37.9695076853337
            ],
            [
              -112.275982471565,
              37.96905768523345
            ],
            [
              -112.27652947163884,
              37.968744685158185
            ],
            [
              -112.27690147166756,
              37.96833568508344
            ],
            [
              -112.27709747165073,
              37.96782968500916
            ],
            [
              -112.2772934716341,
              37.96732468493494
            ],
            [
              -112.27766547166283,
              37.966915684860204
            ],
            [
              -112.27801047167333,
              37.966389684773254
            ],
            [
              -112.27835647168412,
              37.965864684686366
            ],
            [
              -112.27872847171274,
              37.96545468461143
            ],
            [
              -112.27907447172353,
              37.96492968452455
            ],
            [
              -112.2794194717341,
              37.96440368443762
            ],
            [
              -112.2796154717174,
              37.963898684363386
            ],
            [
              -112.2796614716732,
              37.96341268430184
            ],
            [
              -112.27985747165656,
              37.962907684227616
            ],
            [
              -112.28005347163985,
              37.96240168415334
            ],
            [
              -112.28024947162315,
              37.961896684079115
            ],
            [
              -112.28014547155162,
              37.9614316840304
            ],
            [
              -112.2800424714802,
              37.960966683981546
            ],
            [
              -112.27993847140856,
              37.96050068393265
            ],
            [
              -112.2794114712727,
              37.960212683934266
            ],
            [
              -112.27900847114635,
              37.959787683910925
            ],
            [
              -112.27848147101045,
              37.959498683912415
            ],
            [
              -112.27795447087466,
              37.959210683914
            ],
            [
              -112.27740147072083,
              37.95880568390332
            ],
            [
              -112.27699747059431,
              37.95838068387999
            ],
            [
              -112.27659447046798,
              37.957955683856596
            ],
            [
              -112.27634147036916,
              37.95751068382046
            ],
            [
              -112.27623747029756,
              37.957045683771724
            ],
            [
              -112.27643347028086,
              37.956539683697365
            ],
            [
              -112.27662947026427,
              37.956034683623194
            ],
            [
              -112.27667547022008,
              37.95554868356157
            ],
            [
              -112.276721470176,
              37.955063683500114
            ],
            [
              -112.27691747015925,
              37.95455768342576
            ],
            [
              -112.2774394702155,
              37.954128683338276
            ],
            [
              -112.27813647031685,
              37.95379568325033
            ],
            [
              -112.27880747040018,
              37.95334568315009
            ],
            [
              -112.27935447047409,
              37.95303268307491
            ],
            [
              -112.27955047045745,
              37.952527683000675
            ],
            [
              -112.27974647044076,
              37.952021682926365
            ],
            [
              -112.2797924703967,
              37.951536682864855
            ],
            [
              -112.27983847035262,
              37.95105168280339
            ],
            [
              -112.28003447033593,
              37.95054568272905
            ],
            [
              -112.2805814704098,
              37.9502326826538
            ],
            [
              -112.2811294704839,
              37.949919682578496
            ],
            [
              -112.2817544706114,
              37.949955682539894
            ],
            [
              -112.28228147074724,
              37.95024368253833
            ],
            [
              -112.28290647087475,
              37.950279682499655
            ],
            [
              -112.28307147088745,
              37.950097682466456
            ],
            [
              -112.28350547098444,
              37.95019968244891
            ],
            [
              -112.28410447109404,
              37.950118682397985
            ],
            [
              -112.28447547112255,
              37.949709682323316
            ],
            [
              -112.28437247105127,
              37.94924468227447
            ],
            [
              -112.28426847097971,
              37.94877968222572
            ],
            [
              -112.28446447096302,
              37.94827368215137
            ],
            [
              -112.28480947097358,
              37.947747682064445
            ],
            [
              -112.28515547098445,
              37.94722268197753
            ],
            [
              -112.28535147096778,
              37.94671668190319
            ],
            [
              -112.28539747092373,
              37.94623168184169
            ],
            [
              -112.284870470788,
              37.94594368184329
            ],
            [
              -112.28434347065206,
              37.94565468184475
            ],
            [
              -112.28371847052458,
              37.94561868188334
            ],
            [
              -112.28309347039703,
              37.945582681922
            ],
            [
              -112.28284047029824,
              37.94513768188583
            ],
            [
              -112.28273647022672,
              37.944672681837034
            ],
            [
              -112.28248247012775,
              37.94422768180096
            ],
            [
              -112.28237947005641,
              37.94376268175213
            ],
            [
              -112.2822754699849,
              37.943297681703335
            ],
            [
              -112.28187246985868,
              37.942872681679894
            ],
            [
              -112.28176846978705,
              37.942406681631034
            ],
            [
              -112.28136546966081,
              37.941981681607594
            ],
            [
              -112.28111246956203,
              37.94153668157143
            ],
            [
              -112.28085846946303,
              37.94109168153534
            ],
            [
              -112.28060546936426,
              37.94064668149917
            ],
            [
              -112.28007846922851,
              37.94035868150077
            ],
            [
              -112.27967546910229,
              37.93993368147732
            ],
            [
              -112.27907646899256,
              37.94001368152805
            ],
            [
              -112.27847746888298,
              37.940094681578955
            ],
            [
              -112.27793046880906,
              37.94040768165419
            ],
            [
              -112.27735746871723,
              37.94060368171716
            ],
            [
              -112.27678446862551,
              37.94080068178017
            ],
            [
              -112.2762114685337,
              37.940997681843236
            ],
            [
              -112.275638468442,
              37.94119468190632
            ],
            [
              -112.27509046836785,
              37.941507681981626
            ],
            [
              -112.2747194683393,
              37.94191668205631
            ],
            [
              -112.27467346838333,
              37.942401682117776
            ],
            [
              -112.2747764684547,
              37.9428676821668
            ],
            [
              -112.27488046852623,
              37.94333268221561
            ],
            [
              -112.27483446857026,
              37.943817682277086
            ],
            [
              -112.27493746864161,
              37.94428268232597
            ],
            [
              -112.27503446870864,
              37.944719682371854
            ],
            [
              -112.2748914686857,
              37.94476868238762
            ],
            [
              -112.2743444686118,
              37.9450816824628
            ],
            [
              -112.27377146852008,
              37.94527868252588
            ],
            [
              -112.27317246841034,
              37.94535868257669
            ],
            [
              -112.27254746828277,
              37.94532268261528
            ],
            [
              -112.27192246815524,
              37.94528668265392
            ],
            [
              -112.2712714680098,
              37.94513468268034
            ],
            [
              -112.27064646788222,
              37.94509868271892
            ],
            [
              -112.27002146775465,
              37.94506268275757
            ],
            [
              -112.26937046760919,
              37.94491068278397
            ],
            [
              -112.26872046746396,
              37.94475868281034
            ],
            [
              -112.26794546730893,
              37.94474268286163
            ],
            [
              -112.26732046718134,
              37.94470668290028
            ],
            [
              -112.26669546705384,
              37.944671682938974
            ],
            [
              -112.2660704669263,
              37.944635682977605
            ],
            [
              -112.26541946678076,
              37.944482683003905
            ],
            [
              -112.26489246664491,
              37.94419468300544
            ],
            [
              -112.2642164664817,
              37.94392568301951
            ],
            [
              -112.26356546633626,
              37.943773683045926
            ],
            [
              -112.26303846620037,
              37.94348468304733
            ],
            [
              -112.26251146606458,
              37.943196683048924
            ],
            [
              -112.26198446592863,
              37.942907683050336
            ],
            [
              -112.26145746579286,
              37.94261968305184
            ],
            [
              -112.26135446572142,
              37.94215368300282
            ],
            [
              -112.26070346557596,
              37.94200168302929
            ],
            [
              -112.2601304654842,
              37.9421986830923
            ],
            [
              -112.25958346541026,
              37.94251168316755
            ],
            [
              -112.2590354653361,
              37.94282468324287
            ],
            [
              -112.2584624652443,
              37.943021683305965
            ],
            [
              -112.25779146516072,
              37.943470683406105
            ],
            [
              -112.25721846506895,
              37.94366768346919
            ],
            [
              -112.256645464977,
              37.94386368353209
            ],
            [
              -112.2562424648507,
              37.94343868350861
            ],
            [
              -112.25613846477923,
              37.94297368345981
            ],
            [
              -112.2560354647079,
              37.94250868341089
            ],
            [
              -112.2562314646913,
              37.94200268333656
            ],
            [
              -112.25642746467473,
              37.94149768326228
            ],
            [
              -112.25632346460327,
              37.94103268321348
            ],
            [
              -112.25622046453185,
              37.940566683164434
            ],
            [
              -112.25626646448784,
              37.94008168310287
            ],
            [
              -112.25661246449886,
              37.93955668301591
            ],
            [
              -112.2569584645097,
              37.939030682928845
            ],
            [
              -112.25732946453829,
              37.9386216828541
            ],
            [
              -112.25787746461249,
              37.938308682778825
            ],
            [
              -112.25824846464108,
              37.93789968270408
            ],
            [
              -112.25862046466983,
              37.937489682629185
            ],
            [
              -112.25881646465331,
              37.93698468255496
            ],
            [
              -112.25886246460935,
              37.936499682493384
            ],
            [
              -112.25890846456525,
              37.93601368243177
            ],
            [
              -112.25880546449395,
              37.93554868238282
            ],
            [
              -112.25827846435807,
              37.9352596823842
            ],
            [
              -112.25765346423057,
              37.93522468242294
            ],
            [
              -112.25700246408502,
              37.935071682449205
            ],
            [
              -112.25635246393975,
              37.93491968247551
            ],
            [
              -112.25570146379431,
              37.93476768250188
            ],
            [
              -112.25515446372036,
              37.93508068257714
            ],
            [
              -112.2545814636284,
              37.9352766826401
            ],
            [
              -112.25393046348294,
              37.93512468266648
            ],
            [
              -112.25340346334715,
              37.934836682667964
            ],
            [
              -112.2527524632016,
              37.93468368269428
            ],
            [
              -112.2520764630385,
              37.9344156827084
            ],
            [
              -112.25142546289293,
              37.93426268273467
            ],
            [
              -112.25089846275715,
              37.93397468273615
            ],
            [
              -112.25024846261176,
              37.93382168276235
            ],
            [
              -112.24984546248551,
              37.93339668273882
            ],
            [
              -112.24974146241401,
              37.93293168269
            ],
            [
              -112.24978846237023,
              37.93244668262834
            ],
            [
              -112.25036146246212,
              37.93224968256526
            ],
            [
              -112.25096046257191,
              37.93216968251454
            ],
            [
              -112.25155946268154,
              37.93208868246364
            ],
            [
              -112.25215846279136,
              37.93200868241293
            ],
            [
              -112.25278246291872,
              37.9320446823744
            ],
            [
              -112.25338146302852,
              37.93196468232368
            ],
            [
              -112.25395546312056,
              37.93176768226053
            ],
            [
              -112.25455346323011,
              37.93168768220988
            ],
            [
              -112.25515246333978,
              37.93160668215899
            ],
            [
              -112.25572546343169,
              37.931410682096036
            ],
            [
              -112.25624746348791,
              37.930980682008425
            ],
            [
              -112.25679446356193,
              37.930667681933194
            ],
            [
              -112.25736746365384,
              37.930471681870245
            ],
            [
              -112.25796646376351,
              37.93039068181941
            ],
            [
              -112.25856546387323,
              37.93031068176863
            ],
            [
              -112.2589364639019,
              37.92990168169392
            ],
            [
              -112.2584104637662,
              37.92961268169523
            ],
            [
              -112.25775946362081,
              37.929460681721665
            ],
            [
              -112.25795546360419,
              37.92895468164724
            ],
            [
              -112.25832746363308,
              37.92854568157247
            ],
            [
              -112.2586984636617,
              37.928136681497755
            ],
            [
              -112.25889446364526,
              37.92763168142347
            ],
            [
              -112.25924046365616,
              37.92710568133641
            ],
            [
              -112.25978746373018,
              37.926792681261155
            ],
            [
              -112.26033446380414,
              37.92647968118594
            ],
            [
              -112.26085546386028,
              37.926050681098516
            ],
            [
              -112.26145446396994,
              37.92596968104769
            ],
            [
              -112.2620014640439,
              37.92565668097245
            ],
            [
              -112.26234746405491,
              37.925131680885464
            ],
            [
              -112.26271946408379,
              37.924722680810696
            ],
            [
              -112.26291546406725,
              37.92421668073634
            ],
            [
              -112.26328646409588,
              37.92380768066164
            ],
            [
              -112.26363246410679,
              37.92328168057451
            ],
            [
              -112.26400346413548,
              37.92287268049983
            ],
            [
              -112.26434946414649,
              37.92234768041289
            ],
            [
              -112.26454546412995,
              37.92184168033846
            ],
            [
              -112.26511846422173,
              37.92164468027542
            ],
            [
              -112.26566546429574,
              37.921331680200254
            ],
            [
              -112.26641346443276,
              37.921231680136856
            ],
            [
              -112.26701246454242,
              37.92115068008597
            ],
            [
              -112.2676114646521,
              37.92107068003528
            ],
            [
              -112.26818446474394,
              37.920873679972225
            ],
            [
              -112.26878346485364,
              37.92079367992152
            ],
            [
              -112.26938246496327,
              37.92071267987065
            ],
            [
              -112.26998146507297,
              37.92063267981989
            ],
            [
              -112.27038446519916,
              37.921057679843415
            ],
            [
              -112.27051346528832,
              37.92163967990465
            ],
            [
              -112.27076646538701,
              37.92208467994087
            ],
            [
              -112.27116946551321,
              37.922509679964385
            ],
            [
              -112.27157246563938,
              37.92293467998791
            ],
            [
              -112.27219746576695,
              37.922970679949316
            ],
            [
              -112.27284846591233,
              37.923122679922955
            ],
            [
              -112.27349846605752,
              37.92327467989666
            ],
            [
              -112.27402546619322,
              37.923562679895184
            ],
            [
              -112.27418146623086,
              37.9236246798919
            ],
            [
              -112.27420146623865,
              37.923659679894755
            ],
            [
              -112.27472746637415,
              37.923947679893345
            ],
            [
              -112.27535246650172,
              37.92398367985475
            ],
            [
              -112.2761274666567,
              37.9239996798035
            ],
            [
              -112.27672546676614,
              37.92391867975268
            ],
            [
              -112.2773504668937,
              37.92395467971416
            ],
            [
              -112.27794946700335,
              37.92387467966338
            ],
            [
              -112.27854846711297,
              37.92379367961257
            ],
            [
              -112.2791214672047,
              37.92359667954952
            ],
            [
              -112.27969446729662,
              37.92340067948658
            ],
            [
              -112.28024146737053,
              37.923087679411424
            ],
            [
              -112.28078846744434,
              37.92277367933609
            ],
            [
              -112.28136146753624,
              37.92257767927314
            ],
            [
              -112.28193446762796,
              37.92238067921011
            ],
            [
              -112.28250746771977,
              37.92218367914706
            ],
            [
              -112.28305446779366,
              37.921870679071844
            ],
            [
              -112.28360146786757,
              37.921557678996685
            ],
            [
              -112.28394646787831,
              37.92103167890966
            ],
            [
              -112.28399246783437,
              37.920546678848176
            ],
            [
              -112.28418846781774,
              37.92004067877379
            ],
            [
              -112.28438446780129,
              37.91953567869958
            ],
            [
              -112.28443046775736,
              37.91905067863805
            ],
            [
              -112.28462646774081,
              37.91854467856372
            ],
            [
              -112.2849974677694,
              37.91813567848904
            ],
            [
              -112.28519346775286,
              37.91762967841465
            ],
            [
              -112.28523946770892,
              37.91714467835316
            ],
            [
              -112.28528546766502,
              37.916659678291616
            ]
          ]
        ]
      },
      "properties": {
        "objectid": 899830,
        "fire_id": "UT3793611217320020531",
        "fire_name": "SANFORD",
        "year": 2002,
        "startmonth": 5,
        "startday": 31,
        "fire_type": "Wildfire",
        "acres": 86491,
        "irwinid": null,
        "map_id": 12609,
        "map_prog": "MTBS",
        "asmnt_type": "Extended",
        "ig_date": 20020531,
        "pre_id": "703803420010616",
        "post_id": "503803420030614",
        "perim_id": null,
        "dnbr_offst": 51,
        "dnbr_stddv": 0,
        "nodata_threshold": -970,
        "greenness_threshold": -150,
        "low_threshold": 210,
        "moderate_threshold": 372,
        "high_threshold": 600,
        "comments": null,
        "latitude": 37.93617177,
        "longitude": -112.17304525,
        "st_area(shape)": 0.03394857656499979,
        "st_perimeter(shape)": 1.7242577801780485
      }
    }
  ]
}
