{"type": "FeatureCollection", "features": [{"type": "Feature", "id": 1, "geometry": {"type": "Polygon", "coordinates": [[[-92.44960864807679, 48.31923691136441], [-92.45023923282751, 48.31923992712728], [-92.45537847744173, 48.31925088148223], [-92.45541359755967, 48.3156343600685], [-92.45544875841271, 48.31201333820474], [-92.45028158169079, 48.312002252769815], [-92.45030277250561, 48.30838116307904], [-92.44487636839321, 48.30836859518254], [-92.43945086129078, 48.308351277244576], [-92.43970037292871, 48.30480777148072], [-92.43508928070608, 48.30480320883158], [-92.43507188086996, 48.30118642519848], [-92.43505453087724, 48.29756514115625], [-92.43503633847953, 48.293943850701154], [-92.4350186912352, 48.29034955099323], [-92.43500193635707, 48.286750755034845], [-92.43498428956896, 48.283156450844395], [-92.43496669264592, 48.27955764625873], [-92.43495687608412, 48.275864411215544], [-92.43494705859673, 48.27217117380472], [-92.43493724018371, 48.26847793402631], [-92.43492742084496, 48.264784691880216], [-92.43481585807781, 48.261153925131815], [-92.43470435843962, 48.25751865787185], [-92.43459366469953, 48.25388789058248], [-92.43448219207615, 48.25025261863667], [-92.43448145799965, 48.24665387636875], [-92.43448072180203, 48.24305513184858], [-92.43447998348356, 48.23945638507605], [-92.43447924304445, 48.23585763605116], [-92.43439315921745, 48.231831113557156], [-92.43431564397702, 48.22817350235735], [-92.43423734559045, 48.224511386482874], [-92.43415984790505, 48.220853770608045], [-92.42870326557893, 48.22083128473962], [-92.42324753177324, 48.22080854413827], [-92.41779175414793, 48.22079004285182], [-92.41233598283239, 48.22077128268436], [-92.4122254166158, 48.21719894959973], [-92.41211481201302, 48.21363111244174], [-92.41200427200184, 48.210058774834884], [-92.41189369358963, 48.2064909331601], [-92.40649611602228, 48.20644520117872], [-92.40109933916129, 48.20640371838688], [-92.3957025734101, 48.206361982288385], [-92.39030576545409, 48.20632449106146], [-92.384985169976, 48.20638612032997], [-92.3796636686325, 48.20645199692958], [-92.37434299721309, 48.206517631720665], [-92.36902231462479, 48.20658302020184], [-92.36366163506628, 48.206616451816906], [-92.35830100722931, 48.20664513528452], [-92.3529394781081, 48.206678062172806], [-92.34757884295793, 48.206706245617134], [-92.34750724582611, 48.20307107935312], [-92.34743565620809, 48.199435910795444], [-92.3473640741012, 48.19580073994404], [-92.34729249950277, 48.192165566798955], [-92.34721055638298, 48.18855282482904], [-92.34712862219477, 48.1849400805861], [-92.34704669693512, 48.1813273340702], [-92.34696478060098, 48.17771458528125], [-92.34688315882309, 48.17407934339605], [-92.34680154596354, 48.17044409921006], [-92.34671999914572, 48.166804354553044], [-92.34663756366221, 48.16316910098534], [-92.34128476774166, 48.16320152908154], [-92.33593190960163, 48.16323820603288], [-92.33057904644117, 48.16327463366564], [-92.32522533788303, 48.163310807045285], [-92.32516342085819, 48.16399421546804], [-92.32019252149907, 48.163996413339504], [-92.31467034256902, 48.163990612153164], [-92.30914810734775, 48.1639890438079], [-92.30362587535518, 48.163987210155874], [-92.2981036466712, 48.16398511119739], [-92.2926946608164, 48.16393845878133], [-92.28728568761103, 48.16389155187486], [-92.28187672713011, 48.16384439047948], [-92.2764669389994, 48.16379696930635], [-92.27106111104253, 48.16376731262133], [-92.26565535644824, 48.16373290362961], [-92.26024954734821, 48.16370273852861], [-92.25484297226258, 48.16366781568557], [-92.24954713635725, 48.16370533768107], [-92.24425129561213, 48.16374261563206], [-92.23895545009759, 48.163779649537844], [-92.2336595998841, 48.163816439397706], [-92.23363951334649, 48.160199502951336], [-92.22825038037234, 48.160203931523085], [-92.22286124954388, 48.16020810740879], [-92.21747212093527, 48.16021203060865], [-92.21742257711543, 48.15661737961271], [-92.21737303714674, 48.15302272639504], [-92.21732350102764, 48.14942807095558], [-92.21734202783183, 48.14760179681753], [-92.21358112420113, 48.14754013690036], [-92.21116417144371, 48.14756406066227], [-92.20850546540555, 48.14762675574364], [-92.20560749847945, 48.14756627570218], [-92.20246568895844, 48.147625490985305], [-92.20112764885201, 48.14764768817174], [-92.20111498905936, 48.14949199533153], [-92.20115842122748, 48.15308211829617], [-92.20120185632894, 48.15667223904651], [-92.20124529436515, 48.16026235758248], [-92.2012887353374, 48.16385247390418], [-92.19586197571685, 48.163873116854994], [-92.19043598463584, 48.16389800749636], [-92.18372922701785, 48.1639630372694], [-92.17842794960912, 48.16401973621991], [-92.17312673597559, 48.16407169259764], [-92.16782551481658, 48.16412340440965], [-92.16245573689133, 48.164151879589014], [-92.15708588262851, 48.16418460184189], [-92.15171609903447, 48.16421257520627], [-92.14634623831054, 48.164244795630744], [-92.14618468386963, 48.1606087908197], [-92.14602307418805, 48.15697728160243], [-92.145861558554, 48.15334127204079], [-92.1456999876574, 48.149709758078366], [-92.14266775003891, 48.14973666348267], [-92.14029444654153, 48.149754923989164], [-92.13725548382506, 48.1497816362911], [-92.13488882377692, 48.1498043335675], [-92.1318439759374, 48.14983085847666], [-92.12948327017355, 48.149848990880116], [-92.12643230765876, 48.14978985397046], [-92.12645168564227, 48.14731130898503], [-92.1264801363059, 48.14370369903098], [-92.12650857952993, 48.140096086796156], [-92.12653693901802, 48.13649297024396], [-92.12113591088115, 48.13655076297168], [-92.11573487413439, 48.13660830179597], [-92.11033382885239, 48.13666558671564], [-92.10493277510979, 48.1367226177295], [-92.10505227525961, 48.13313370757659], [-92.10517167711059, 48.12954929291306], [-92.1052911369786, 48.12596037785597], [-92.10535117181743, 48.12414792761755], [-92.09461158690847, 48.12429324616369], [-92.0946800562411, 48.122404391375674], [-92.08931571547349, 48.12241598984499], [-92.0839504561722, 48.1224318291204], [-92.07848633999046, 48.12252759930563], [-92.07838608661604, 48.11888296028956], [-92.0782858437079, 48.115238318984794], [-92.072855279521, 48.11528460520641], [-92.07277194917964, 48.11160860270036], [-92.07268854600093, 48.10793709579838], [-92.06729162753963, 48.10792940655039], [-92.06189471441566, 48.10792146383953], [-92.06190060843393, 48.10759761462854], [-92.05461920214701, 48.10765940347687], [-92.04923140634499, 48.10770492381138], [-92.04384360481176, 48.107750191462884], [-92.03845571371451, 48.107799704305705], [-92.0330125032073, 48.10775402886962], [-92.02756939113306, 48.107703597795464], [-92.02212620833002, 48.10765740681363], [-92.01668295345006, 48.107615455903996], [-92.01130824291612, 48.107677304232695], [-92.0059334366545, 48.107743398906536], [-92.00055862054484, 48.1078092420779], [-91.99518379466065, 48.107874833745406], [-91.9897829774345, 48.10789495965852], [-91.98438224865622, 48.10791033389474], [-91.97898143162107, 48.107929952064836], [-91.97358070412564, 48.10794481857289], [-91.96819748730323, 48.107923599744126], [-91.96281427901232, 48.10790212875282], [-91.96277033703896, 48.104244378749634], [-91.96272639708762, 48.10058662647354], [-91.95731682941084, 48.100578154363134], [-91.95190726769616, 48.100569427587985], [-91.95183696595484, 48.0969249228578], [-91.9517675091501, 48.0932804235296], [-91.94641122182256, 48.09328991700257], [-91.9410558682501, 48.093294670749806], [-91.93570042503, 48.09330367262632], [-91.93034507741886, 48.09330792713709], [-91.93044310765019, 48.089673966257806], [-91.93041497439518, 48.08609281205012], [-91.93042292022604, 48.082431016497026], [-91.93048399592801, 48.0788776800176], [-91.92380055279415, 48.078819771823724], [-91.9183890256667, 48.07877345527004], [-91.91846342049725, 48.07518425793339], [-91.91853854536281, 48.0715995638882], [-91.91861272253533, 48.06801935735037], [-91.91868762974374, 48.064443654119586], [-91.91971192949102, 48.064444292648], [-91.92238288124456, 48.06445138132949], [-91.92231682491384, 48.058935441843545], [-91.92238112693997, 48.055854481488915], [-91.92237072120163, 48.05197206144765], [-91.92235299859409, 48.048399976371144], [-91.92233742632959, 48.04476492831166], [-91.9224145476834, 48.04106776649096], [-91.92240075270352, 48.03730676847143], [-91.92247015916047, 48.033978418980546], [-91.92244197558747, 48.03046470744086], [-91.91927207868464, 48.03054739580027], [-91.91902713676126, 48.03055408848478], [-91.9135981671022, 48.03070081478969], [-91.90816917101107, 48.03084728427224], [-91.90275175601828, 48.03088114139959], [-91.8973343383533, 48.03091474298108], [-91.89724812355028, 48.03456232500099], [-91.8972545868491, 48.03818830115454], [-91.89726104665203, 48.04181427505744], [-91.89446429962452, 48.04182338414294], [-91.89432251818101, 48.04182651828793], [-91.891910681054, 48.04183477050958], [-91.88656031556819, 48.041855016732654], [-91.88120172311172, 48.04190642416164], [-91.88123397918459, 48.0455281513311], [-91.88126633274622, 48.0491453785795], [-91.88135289971719, 48.05277662743291], [-91.88143947438499, 48.05640787405454], [-91.88149910093118, 48.05888270610891], [-91.87871100873507, 48.058914010744935], [-91.8770270066125, 48.058897562706804], [-91.87678631519721, 48.05889520980135], [-91.8765785403461, 48.058960657854385], [-91.87588258162093, 48.059372223756654], [-91.87539365102873, 48.059713833950674], [-91.87507771812773, 48.06000765106915], [-91.87483045439397, 48.06030663849025], [-91.87461561257224, 48.06069591572231], [-91.87439905657051, 48.06120214031764], [-91.87411651411975, 48.06154126825334], [-91.87383386981722, 48.06188489312046], [-91.87355318448535, 48.062138563746274], [-91.87334392016729, 48.06227147089572], [-91.87310115159607, 48.062363561305354], [-91.87265299823383, 48.062449137408535], [-91.87237584075298, 48.06254088883978], [-91.87192635458229, 48.06264894221367], [-91.87157894611224, 48.0628074814729], [-91.87126690604775, 48.06292138079757], [-91.87105704255733, 48.06308126971396], [-91.87081362917031, 48.06324082850499], [-91.87067312816022, 48.06337440660442], [-91.87025191604171, 48.063761646813326], [-91.87010875415979, 48.06401666122882], [-91.86989543280285, 48.064257489450846], [-91.86961026424812, 48.06425468405077], [-91.86422215560721, 48.06435899672273], [-91.86406349457111, 48.064249460828854], [-91.85893583977577, 48.06429761812564], [-91.85863202116629, 48.06430359751392], [-91.85829559156049, 48.0643047533956], [-91.85364526657256, 48.064352918340056], [-91.85320064090745, 48.06435297967652], [-91.84839001331868, 48.0644038302944], [-91.8477641221444, 48.06440655213685], [-91.84313751160467, 48.06425658935679], [-91.84232749590328, 48.06446436486211], [-91.83771420274451, 48.064431282478964], [-91.83710780503743, 48.06442514618001], [-91.83229145004381, 48.064394289074514], [-91.83188886339643, 48.06439019654285], [-91.82686787110732, 48.0643570312033], [-91.82687981346228, 48.06039834588172], [-91.82689169197005, 48.05670057892559], [-91.82690262320133, 48.05300729865847], [-91.82691354801027, 48.04931401604141], [-91.82693174831336, 48.04570627991901], [-91.82695004356363, 48.04209404392654], [-91.82696822949663, 48.03848630329523], [-91.82698734859206, 48.03487407134748], [-91.83243358983438, 48.03488456810397], [-91.83242852164268, 48.031249594632506], [-91.82699932505108, 48.03124376960735], [-91.82157013443405, 48.03123768798393], [-91.8161934740795, 48.03131736578084], [-91.81081690533584, 48.03139229417083], [-91.80544032572168, 48.03146697076934], [-91.8054535959903, 48.027809687666824], [-91.80545204887477, 48.027368801479284], [-91.80546077718654, 48.025830345317864], [-91.80546696345966, 48.02414790466156], [-91.80548032417171, 48.02048611934402], [-91.80008811325332, 48.02052439129656], [-91.79456801266602, 48.02004371965769], [-91.7892028356552, 48.019573412927535], [-91.7838385989386, 48.01910286526457], [-91.77847362663074, 48.01863205897651], [-91.773117349767, 48.01815209731633], [-91.76776106991589, 48.01767638424358], [-91.76240500105408, 48.01719592468529], [-91.75704892841401, 48.016719713722956], [-91.7570738957371, 48.013170515586935], [-91.757098854879, 48.009621315263445], [-91.75712380584137, 48.00607211275242], [-91.75714958632156, 48.002522917118284], [-91.75710232377583, 47.999188866801155], [-91.75705495509193, 47.995859312156725], [-91.7570076963464, 47.9925252581123], [-91.75696116895737, 47.98919570880949], [-91.75678359740404, 47.98556782406387], [-91.7566061537988, 47.981935439466504], [-91.75642945939849, 47.97830755917677], [-91.75625205557388, 47.97467516996492], [-91.75532422747513, 47.97460213609018], [-91.75083907136353, 47.974243027836415], [-91.74935433131903, 47.973997434128506], [-91.74938845959551, 47.97220281444039], [-91.7494234214575, 47.97040820328723], [-91.74949162847753, 47.96685495049898], [-91.74955982134651, 47.96330169543063], [-91.74953941785496, 47.959706984957386], [-91.74951995776932, 47.95610778385589], [-91.74414956162408, 47.95610766365124], [-91.7387801169021, 47.95610280394248], [-91.73341056825943, 47.956102190700896], [-91.72804113517569, 47.956096828861334], [-91.71429859735923, 47.95601577264243], [-91.71188327390917, 47.95602019697042], [-91.71183266519853, 47.956069115480005], [-91.70653618336624, 47.95605906739107], [-91.70113700935312, 47.95597113480569], [-91.6957378588772, 47.955882948527375], [-91.6903387320127, 47.95579450855894], [-91.68493879191885, 47.95570580531919], [-91.67968586302715, 47.95566352588042], [-91.6744329477236, 47.955621006224675], [-91.66918004607675, 47.955578246353475], [-91.66392715815506, 47.9555352462684], [-91.65760857899582, 47.955524540746374], [-91.6522544704825, 47.955511314537645], [-91.64690037002208, 47.95549783870895], [-91.6415454407905, 47.955484103361016], [-91.64180517504981, 47.95886124313155], [-91.64206421936517, 47.96223387344504], [-91.64216433165161, 47.963269770274906], [-91.64236468479125, 47.965337065884086], [-91.64246492563622, 47.96636846466461], [-91.63767907809171, 47.966482743474685], [-91.63713701860911, 47.966494306866544], [-91.63228370579537, 47.96659406388819], [-91.63180872912385, 47.96660190229648], [-91.62688747870729, 47.966705120564384], [-91.62647934724798, 47.96671823491328], [-91.62152435704985, 47.96686130856206], [-91.62115042568661, 47.9668163306918], [-91.61616132864854, 47.96701274845173], [-91.61581190825379, 47.96702203359819], [-91.61079827435138, 47.967163937556904], [-91.61047312749503, 47.96717350009015], [-91.60543507314154, 47.96731937315982], [-91.60513503690864, 47.96732922550951], [-91.60006370378404, 47.96749695248852], [-91.5997913312794, 47.96741265420466], [-91.59469314021302, 47.96767429043576], [-91.59427411349232, 47.96768715699667], [-91.58932254542617, 47.96785137683229], [-91.58870990626433, 47.96787084211675], [-91.58395191949636, 47.96802821167393], [-91.58419245606001, 47.97148172522753], [-91.58443205945663, 47.97493972349594], [-91.5846726499175, 47.97839323263832], [-91.58491230712802, 47.9818512264931], [-91.57970889413374, 47.98186347225841], [-91.5745054839648, 47.981875482224666], [-91.56930207668778, 47.98188725639201], [-91.56409867236941, 47.98189879476062], [-91.55866549965467, 47.98219063538554], [-91.55323298310138, 47.982486726030466], [-91.54780053639125, 47.982778061864266], [-91.54242413394111, 47.98306985208035], [-91.54223388943943, 47.98310342743648], [-91.54194855012683, 47.9832122740722], [-91.5417379836526, 47.98331307195711], [-91.54146200664174, 47.98347602134997], [-91.54108096017731, 47.98374110679191], [-91.54094219577829, 47.983820321545075], [-91.54068988567151, 47.98391608840478], [-91.54045371117381, 47.98394457842421], [-91.54018602237363, 47.9839321785636], [-91.53991645601232, 47.98389726042253], [-91.53965660802706, 47.983844470196715], [-91.5394522773142, 47.98378338792904], [-91.53921574834155, 47.98373539201992], [-91.53896402120526, 47.98369170103092], [-91.5388747579915, 47.983708560427864], [-91.53881721012417, 47.983788805883776], [-91.5388189847375, 47.983874304852314], [-91.53882712837613, 47.98394188982434], [-91.53876912370043, 47.984008633170184], [-91.53868836004494, 47.98402110181007], [-91.53848585539396, 47.98401402614608], [-91.53821552785165, 47.984006086867204], [-91.53795562931427, 47.98398478344805], [-91.53773554121987, 47.98397748260947], [-91.53747533679784, 47.9839966630251], [-91.53718217022787, 47.98405591182161], [-91.53691432441094, 47.98413797624074], [-91.53679293475724, 47.98419491355194], [-91.53659034623857, 47.984309299929855], [-91.536483646237, 47.984379920369214], [-91.53636214992936, 47.984499838469546], [-91.53624932352164, 47.984727837117354], [-91.53626715181103, 47.984867525818906], [-91.53627682973827, 47.98508808826194], [-91.53627724410504, 47.98534002392764], [-91.53631830685637, 47.9856059739179], [-91.53640165023862, 47.98576899132115], [-91.53657231118798, 47.98586564000265], [-91.5367352656166, 47.985849721330716], [-91.53689765895909, 47.985883281598454], [-91.53710234606149, 47.98602085177336], [-91.53729924388135, 47.98616731988327], [-91.53751116311096, 47.98634547023002], [-91.5376339944197, 47.98650449080078], [-91.53779123344322, 47.98669094185054], [-91.53794588633448, 47.98685036722164], [-91.5381082318436, 47.98691541643992], [-91.53816577968387, 47.98698363029175], [-91.53814976616331, 47.987046409031485], [-91.53798713758637, 47.98708032888478], [-91.5375962649899, 47.9870393622705], [-91.53729451284097, 47.986927549336265], [-91.53706635318675, 47.98673119671405], [-91.53687008956427, 47.986562242522716], [-91.53664989441842, 47.98646946190692], [-91.53634849781615, 47.98643412984497], [-91.53595737710175, 47.986402151981714], [-91.53564001833331, 47.986398105863984], [-91.5353858966804, 47.98634987778376], [-91.53533061077015, 47.98629068888091], [-91.53545171152227, 47.98612577928397], [-91.53560406860154, 47.98601075443321], [-91.53567804253721, 47.98591272501404], [-91.5356941119012, 47.985818456017455], [-91.53563611295279, 47.985736738881], [-91.53563660118242, 47.9856602662434], [-91.5356262365098, 47.985493680085945], [-91.53558448793642, 47.98528170617324], [-91.53551947482853, 47.98503344551668], [-91.53541170499564, 47.984816130853254], [-91.53518400411382, 47.98478173550263], [-91.53506876047877, 47.98473977672034], [-91.534913907927, 47.98470631004709], [-91.53478475820664, 47.98468216860584], [-91.53462231618367, 47.98468009601263], [-91.53446722885516, 47.98471410710422], [-91.53430440472876, 47.9847255254583], [-91.53407632294515, 47.984704619319345], [-91.53388823274464, 47.98466172948042], [-91.53370143533724, 47.98463235211179], [-91.53351480220441, 47.98471544548239], [-91.53331065727546, 47.98482530745295], [-91.53309276876614, 47.98485851463291], [-91.5329115775274, 47.984838205103756], [-91.53271744402376, 47.98483122620882], [-91.53263558541332, 47.9848526741217], [-91.53267809789492, 47.9855100359095], [-91.53196384478059, 47.985500907978036], [-91.53058346607206, 47.985528242153364], [-91.52731140378867, 47.98553581640583], [-91.5272568192673, 47.984716342336036], [-91.52710780816665, 47.98488988294844], [-91.52711756393023, 47.98504746463003], [-91.52715932488053, 47.98516946669671], [-91.52713408796005, 47.9852321256616], [-91.52698073840781, 47.98529314149142], [-91.52664743012771, 47.98537884109843], [-91.52629633949842, 47.98544181776057], [-91.52620682330074, 47.985526145454706], [-91.52618332876379, 47.98561581912207], [-91.52619326886283, 47.985737413167044], [-91.52616933100576, 47.98587206872453], [-91.52611137692605, 47.9859657988978], [-91.52596730375471, 47.98605392497549], [-91.52577794436176, 47.986114477007405], [-91.52541326249604, 47.98621326657618], [-91.52510364793376, 47.98629026841248], [-91.52473851077178, 47.986375553718695], [-91.52439694657849, 47.98645664199052], [-91.52391703635736, 47.98663042511766], [-91.52341277877997, 47.98683538451298], [-91.52295038542873, 47.98704088012973], [-91.52259361911997, 47.98718475014155], [-91.52208966935103, 47.98734921886792], [-91.52145437766423, 47.987507495773286], [-91.52100832437495, 47.987609722503684], [-91.52038088918734, 47.987844573544685], [-91.52012877947031, 47.98793130035544], [-91.51983712337982, 47.988111990855984], [-91.51977342495547, 47.98825962889089], [-91.51978186986001, 47.988403697991835], [-91.51976577333659, 47.98855644829471], [-91.51955579071361, 47.98875168699912], [-91.51929542780464, 47.98877532298239], [-91.51914856180215, 47.98875543431414], [-91.51899370628178, 47.988663462301716], [-91.51889476404364, 47.98860820124085], [-91.51876606378, 47.988597543870206], [-91.51869269621844, 47.988614592612116], [-91.51848798869317, 47.988683932188145], [-91.51826157336015, 47.988779983875524], [-91.51803393347879, 47.988889515589236], [-91.51777357010486, 47.989030115824654], [-91.51745574713685, 47.98924645262136], [-91.5172062663677, 47.98944567590376], [-91.51681745077424, 47.98980055579739], [-91.51649948805773, 47.990138354585824], [-91.51624922432256, 47.990423042052406], [-91.51598942460464, 47.99068961071785], [-91.51572170036755, 47.99091108880441], [-91.51541448804528, 47.99107807073811], [-91.51515198396103, 47.991146657239106], [-91.51482918436055, 47.991214463427944], [-91.51449363052927, 47.99125960995414], [-91.51420980124922, 47.991341414737725], [-91.51394175313759, 47.99142792177926], [-91.51365031415229, 47.991599601854105], [-91.50204352654417, 47.991448799573064], [-91.49924746997873, 47.991466281246204], [-91.49469936344488, 47.99152372650379], [-91.49381650752699, 47.99154814149365], [-91.49376110654492, 47.99155191366771], [-91.48824156225565, 47.99174031870158], [-91.4827219840853, 47.991928458004345], [-91.47720237211298, 47.99211633157139], [-91.4717391697735, 47.99243515470219], [-91.46627577304015, 47.992758214164745], [-91.46081231432494, 47.993081012941296], [-91.45534879370352, 47.99340355102361], [-91.45133381017371, 47.99358341592578], [-91.4452495913659, 47.99356419297195], [-91.43184399191914, 47.993656352879036], [-91.41229001446796, 47.993770081821154], [-91.4120172594026, 47.98887163890446], [-91.41182872439317, 47.986880570236806], [-91.41180534259703, 47.98665980653504], [-91.41147804313336, 47.98324070265033], [-91.4114609573498, 47.98306051489838], [-91.41111563856002, 47.9794657058834], [-91.4107704995498, 47.97586639731531], [-91.41042610134043, 47.972271594540544], [-91.40531022979326, 47.972542573511745], [-91.40455966654763, 47.972631121576796], [-91.40463118459114, 47.9704457006984], [-91.40470518173058, 47.968152342317005], [-91.40511195129251, 47.96807701422447], [-91.40574273574997, 47.9679058214343], [-91.40606228172288, 47.96769881386104], [-91.40638445416583, 47.967406364688955], [-91.40670593125118, 47.96713639894996], [-91.4071148885875, 47.966935127786954], [-91.40756930935059, 47.96669849525558], [-91.4081149420626, 47.966409139831676], [-91.40834408310042, 47.96622786539783], [-91.40848256027456, 47.96608132436777], [-91.4085342514749, 47.965870597247815], [-91.40858496709056, 47.9656643553768], [-91.40855083226424, 47.965330971201], [-91.40851213018773, 47.96511899127196], [-91.40838733601387, 47.96482034089434], [-91.40804750717805, 47.96424428266914], [-91.40787766085188, 47.963940508295856], [-91.4075757032605, 47.963576417260036], [-91.4075378432504, 47.96336444860619], [-91.40754710589906, 47.963063157417245], [-91.40764398416428, 47.96282606442736], [-91.40787476926295, 47.96259082804838], [-91.4081481125036, 47.962414665592725], [-91.40851557132935, 47.96211833928401], [-91.40883520012407, 47.961879833456685], [-91.40911213534939, 47.961613742447845], [-91.40947681303615, 47.96138035774317], [-91.40957105598146, 47.96122870382225], [-91.40976478587446, 47.96075451389312], [-91.40991994555439, 47.96006384701108], [-91.4100315747196, 47.95934558430304], [-91.4100897297532, 47.95889650922234], [-91.41009621602281, 47.95868515527652], [-91.41005834875197, 47.958473187203346], [-91.4099715652593, 47.95838200947665], [-91.4097518515355, 47.958257499196854], [-91.4093990709137, 47.958104152505854], [-91.40868812107769, 47.957945841707996], [-91.40819702125934, 47.95790754327873], [-91.40775387604792, 47.95777993162011], [-91.40757645724013, 47.95775047850849], [-91.40722381754023, 47.957565635414426], [-91.40687021958408, 47.957439262395035], [-91.40628958432498, 47.957399713531856], [-91.40593225413382, 47.95739475355265], [-91.40539584060843, 47.95738730568963], [-91.40497655372627, 47.957246518167295], [-91.40497164879488, 47.95653563871875], [-91.40496805163028, 47.9560542164849], [-91.40494655012193, 47.952918248948684], [-91.40494396513924, 47.95259429880632], [-91.40492158702467, 47.94929636012306], [-91.40492057436461, 47.94913888765728], [-91.40489648267067, 47.94567896601635], [-91.40494039740746, 47.94207602504179], [-91.4049852746366, 47.93846859652096], [-91.40500674986285, 47.936736849216445], [-91.4051595601698, 47.936774962419165], [-91.40554506452031, 47.936838801096556], [-91.40593236723934, 47.936844178781556], [-91.40620143898596, 47.936829918783644], [-91.40653363420388, 47.936695066060494], [-91.40695518786829, 47.93653895810443], [-91.4069865454687, 47.93649890378607], [-91.40752398640362, 47.93646586966164], [-91.40776294178622, 47.93645118830735], [-91.40800258744048, 47.93641402192668], [-91.40833353296586, 47.93631963605625], [-91.40860577606277, 47.936201941531564], [-91.40884969812547, 47.936025369234535], [-91.40897275820215, 47.93588761109891], [-91.40907274966249, 47.9355470862796], [-91.409107140551, 47.935408099360245], [-91.4091145913252, 47.9351652662844], [-91.4090611257322, 47.93494408325504], [-91.40900601333885, 47.93480385615031], [-91.40901332644658, 47.93456551996989], [-91.40899066460467, 47.93432226960698], [-91.40902505481795, 47.93418328267688], [-91.40914963624134, 47.934023051296], [-91.40918318935044, 47.933884052714966], [-91.40918870789349, 47.93370417630896], [-91.4091655023191, 47.93350590663317], [-91.40905209813447, 47.93330188834256], [-91.4088804109205, 47.93306107169432], [-91.40876591330027, 47.932920021461875], [-91.40856384911487, 47.932714773906845], [-91.40833098458707, 47.93253159313031], [-91.40812366962305, 47.93247023432222], [-91.40806745781016, 47.932365982038355], [-91.40801166039269, 47.932248239001325], [-91.40801538794406, 47.932126822462244], [-91.40798900399538, 47.93200498841048], [-91.40787202585393, 47.93194488167571], [-91.40784495197313, 47.93184553213597], [-91.40790806605825, 47.93172493908188], [-91.4080037760834, 47.931523819131506], [-91.40812766382125, 47.931386073299244], [-91.40815327589716, 47.931260461330425], [-91.41043850011545, 47.931260629646566], [-91.41580382666707, 47.93126280224502], [-91.42116915989655, 47.93126472410736], [-91.42653449973082, 47.93126639523297], [-91.43194334033372, 47.93126840962623], [-91.4373521876216, 47.931270169201206], [-91.4427610415196, 47.93127167395721], [-91.44816990195291, 47.93127292389366], [-91.451079291769, 47.93130321127873], [-91.45092901986048, 47.931431649603674], [-91.45089490842996, 47.93159314669761], [-91.45080003549585, 47.93177181922112], [-91.45055573702376, 47.931966470564596], [-91.45016066709043, 47.93222206974838], [-91.4499467153386, 47.93238113890155], [-91.44976438331253, 47.93251814050624], [-91.4494875445797, 47.93279332886746], [-91.44939145426343, 47.93301247309103], [-91.44938419262368, 47.93325531094568], [-91.44943903937678, 47.93343600415676], [-91.44958443502496, 47.93355493667728], [-91.44984672845533, 47.93373843066044], [-91.45016911572345, 47.9339272340067], [-91.45037444205666, 47.934028979185356], [-91.45049231164667, 47.934089054474185], [-91.45064120518605, 47.93409106371604], [-91.45079130796003, 47.934052599768975], [-91.45099959150659, 47.934055409852334], [-91.45120750267236, 47.93409870384521], [-91.45135156115607, 47.934262604184106], [-91.45161349235201, 47.934486578505734], [-91.45167046585604, 47.9345683254124], [-91.45190537430982, 47.93468846198119], [-91.45202227644693, 47.93475302145187], [-91.4520163692387, 47.93495088952011], [-91.45207280687136, 47.93505062423914], [-91.45222012348886, 47.93513358877025], [-91.45236660407977, 47.93521654184141], [-91.45260554326286, 47.935201766948886], [-91.45290454466037, 47.93516530680134], [-91.45320475303453, 47.93508837283544], [-91.4534750125077, 47.93503352876028], [-91.45359379507603, 47.9350351285929], [-91.45410138272524, 47.93501946963799], [-91.45451795826695, 47.93502507750549], [-91.45496548434164, 47.93503110033872], [-91.45517430815622, 47.935015914862205], [-91.45541579101122, 47.93491569094221], [-91.45562635549598, 47.934842043520426], [-91.45589915569629, 47.93470175051301], [-91.45608044144019, 47.93462770851529], [-91.45632125136244, 47.934549967698395], [-91.45665102950183, 47.93449141751687], [-91.45703952852348, 47.934456149553114], [-91.45724888469975, 47.93442297221882], [-91.45743030136667, 47.93434443104115], [-91.45758401183522, 47.934184538799286], [-91.45770573537506, 47.934087200049376], [-91.45773946016133, 47.933966185150354], [-91.45771643591779, 47.93372743890053], [-91.45769130568726, 47.93358763819612], [-91.45760421059703, 47.933505489660824], [-91.4575770403979, 47.933406150824815], [-91.45763950642439, 47.93330351727827], [-91.45779338082849, 47.933166120998024], [-91.45797515935038, 47.93304709451211], [-91.45812752705388, 47.93293217160547], [-91.45824901341228, 47.93287081957769], [-91.45839723553671, 47.932895303808564], [-91.45851390893199, 47.932995844096965], [-91.45863028100328, 47.933078384973285], [-91.4588361556092, 47.9331621271102], [-91.45892392035289, 47.9332217896435], [-91.4591617797698, 47.93324297712172], [-91.4593719662344, 47.93320980706577], [-91.4597020983368, 47.93311076358331], [-91.45994169387852, 47.933073488191425], [-91.46024204887088, 47.93301903186999], [-91.46045086325466, 47.93300383668539], [-91.46077875833278, 47.93300823277026], [-91.46101661762316, 47.93302941640402], [-91.46128255251173, 47.9330914650912], [-91.46149100257033, 47.93311675242923], [-91.46172886268418, 47.933137934595635], [-91.46190823122387, 47.933099848208435], [-91.46202904671148, 47.933060977257995], [-91.46211788198764, 47.93308466119539], [-91.46211614816389, 47.93314312251125], [-91.46214235711896, 47.93324694619181], [-91.46198933032673, 47.93338435962684], [-91.46183576913003, 47.933539760939354], [-91.4617703761775, 47.93374133136112], [-91.46176450636796, 47.93393920037248], [-91.46172959028463, 47.934100689761735], [-91.46181135685404, 47.93436271615141], [-91.46192563909409, 47.93454419946428], [-91.46209847679592, 47.93472646696126], [-91.46224443889056, 47.93482739568781], [-91.46250762065398, 47.93501087246936], [-91.46274482327702, 47.93505453774282], [-91.46310044640403, 47.93514027695159], [-91.46357814867015, 47.93508818559279], [-91.46384853098911, 47.93502881995283], [-91.46435838072814, 47.934936666157846], [-91.4645108733135, 47.93481723769471], [-91.46487391606065, 47.93462414448124], [-91.4651465574931, 47.93448832623983], [-91.46535843779651, 47.93436969049545], [-91.46563227427649, 47.934193397791624], [-91.46587187087538, 47.934156110039005], [-91.46617138982594, 47.934101627039794], [-91.46641165065414, 47.93404185298965], [-91.46662232941179, 47.93396368814842], [-91.46686538132161, 47.93380947543264], [-91.46722632034113, 47.933715320496965], [-91.46740568705742, 47.933677225502514], [-91.46746657820556, 47.93365554420253], [-91.4675590054257, 47.93355780401374], [-91.46756139764362, 47.93347685737578], [-91.46759240202468, 47.933418786649376], [-91.46771201815902, 47.933420383003906], [-91.46786157535608, 47.933399884719805], [-91.46792096516957, 47.93340067719156], [-91.46800927237862, 47.933442344750134], [-91.46803549330335, 47.93354616721031], [-91.46806454367574, 47.93358254527786], [-91.46818296458797, 47.93362461447488], [-91.46830174474997, 47.93362619906082], [-91.46854014158484, 47.933629379021184], [-91.46865617247893, 47.933752394409424], [-91.46877322659907, 47.93381244000032], [-91.46888961705447, 47.93389497066394], [-91.46903695786212, 47.93397791388985], [-91.46921273971459, 47.934061236104334], [-91.46944874933271, 47.934145360896345], [-91.4696285821498, 47.93423323527599], [-91.46962213731453, 47.9349619562677], [-91.46960910119832, 47.93650937217262], [-91.46912627916348, 47.93659291202453], [-91.46870364610486, 47.936650259723535], [-91.46836263297732, 47.93674918390934], [-91.46786023096938, 47.93698541668422], [-91.46737394556301, 47.937185871933394], [-91.46686470956922, 47.93742650794239], [-91.4663525985609, 47.93770759255099], [-91.46588421057729, 47.93795326860904], [-91.46554286028486, 47.93811966201968], [-91.4652430889603, 47.93821013047856], [-91.46502301784133, 47.93826567319067], [-91.46477074060823, 47.93822181113483], [-91.46455245862848, 47.93816040790121], [-91.4644454174079, 47.93818596928986], [-91.46439794187673, 47.938234821243924], [-91.46437406031325, 47.93830648275751], [-91.46442333751538, 47.93845110358059], [-91.4644655603348, 47.938636119294465], [-91.46442604565961, 47.93889652160151], [-91.46434447308876, 47.93919235184857], [-91.46424924794724, 47.939496997034546], [-91.46415986200496, 47.939689250098816], [-91.46391007473981, 47.94004131435276], [-91.4636025225781, 47.94036561230748], [-91.46331828077959, 47.94060924290857], [-91.46276064100897, 47.941182124454585], [-91.46247686353232, 47.94146624841702], [-91.46238157494703, 47.94163142819477], [-91.46243703330771, 47.94170865050697], [-91.46241331700645, 47.94180280781694], [-91.46244719340233, 47.94190223513895], [-91.46253684418582, 47.94189893677561], [-91.4627785757919, 47.94176271032986], [-91.46304690760019, 47.94160434541044], [-91.46316975546956, 47.9416104885128], [-91.46319363060479, 47.941736774578864], [-91.46308767443655, 47.94195129899899], [-91.46300871914768, 47.942130194313215], [-91.46298450690293, 47.94226933313208], [-91.46283771149506, 47.9423933345581], [-91.46270117274918, 47.94236901259327], [-91.4625540855017, 47.94227706716808], [-91.46232594419683, 47.942152544507216], [-91.4621874662936, 47.94213719356778], [-91.4621317883456, 47.94220842873349], [-91.46207581832562, 47.942374134842275], [-91.46194502438559, 47.94257932791809], [-91.46183169058489, 47.94270377626998], [-91.46179247713764, 47.94278422943012], [-91.46180011465171, 47.94286531020905], [-91.46186595181629, 47.942987659851354], [-91.46198061677025, 47.943128658704445], [-91.46217730854954, 47.943297748860694], [-91.4622662337243, 47.943375419442205], [-91.46232228826777, 47.94337617011554], [-91.46245292492668, 47.943260950593], [-91.46262193688509, 47.943065266275724], [-91.46284793503844, 47.942838852973395], [-91.46318098226382, 47.942586879212314], [-91.4633595092553, 47.94252178645326], [-91.46353075011218, 47.94253307558], [-91.46370885426337, 47.94256695029614], [-91.46376686244402, 47.94267119888207], [-91.46377423649265, 47.94276127360513], [-91.46378468294282, 47.94305833437444], [-91.46378489020155, 47.943107823980455], [-91.46377640529118, 47.94322467933841], [-91.46375283854705, 47.943426810165946], [-91.46381029237283, 47.9436345237567], [-91.46390781648198, 47.94367631767585], [-91.46406246172398, 47.943682885181616], [-91.46447455713185, 47.9432205213316], [-91.464506274464, 47.943166959844966], [-91.46461964037448, 47.9430695021213], [-91.46464553849259, 47.94304285560035], [-91.46478276655122, 47.94295921319074], [-91.4649450178061, 47.9428219195138], [-91.46518762411674, 47.9425147451971], [-91.4654130957902, 47.942220837770854], [-91.46563166248853, 47.94207529813658], [-91.46594157130015, 47.94203894974491], [-91.4662092498057, 47.94201553283121], [-91.46658988864102, 47.94190814661398], [-91.46669537529301, 47.94176559357949], [-91.46677469904883, 47.941658681526434], [-91.46681645232297, 47.941605253404354], [-91.4668641346808, 47.94140794272001], [-91.46717187238966, 47.94141655006078], [-91.46744099341835, 47.94142913996582], [-91.46769123239004, 47.94140098803119], [-91.46793566942321, 47.941314273693564], [-91.4682526243238, 47.94123752385619], [-91.46876248842841, 47.941118357831115], [-91.46925909743548, 47.94099451403469], [-91.46979498404707, 47.94084419871662], [-91.47026517470827, 47.94067950927366], [-91.47053902863193, 47.940503205235416], [-91.47074102604039, 47.940294451927784], [-91.47097718917176, 47.940090652032836], [-91.47130025354923, 47.940004977542074], [-91.47154484237372, 47.940026228837326], [-91.47183605627141, 47.94008409057498], [-91.47216958890219, 47.94009752663656], [-91.47232418331724, 47.94007708954176], [-91.47251893371534, 47.94005718643751], [-91.4726580226916, 47.9401085234781], [-91.47263392823116, 47.94021617425659], [-91.47261039763352, 47.94041830739426], [-91.47267523922538, 47.94060362082797], [-91.4727407853776, 47.94079344239239], [-91.47271694823355, 47.94097757624467], [-91.47258805479139, 47.94111982342627], [-91.47241156516948, 47.94122994564431], [-91.47224934678775, 47.9412817730409], [-91.47198066402807, 47.94128269665086], [-91.47189167754244, 47.941263517214566], [-91.47175289258675, 47.94123017851773], [-91.47157478745075, 47.94119631626501], [-91.47130623777186, 47.94119274126383], [-91.47102108871945, 47.94118444579686], [-91.47061560165055, 47.94117004804623], [-91.47029830429382, 47.941201811808085], [-91.46996479338408, 47.94130084069266], [-91.46960019403755, 47.94140395306157], [-91.46954448699053, 47.941448198599], [-91.46949705313835, 47.94152404600504], [-91.46947110543675, 47.94160917739598], [-91.46952097090254, 47.94176280135691], [-91.4696676835572, 47.94178275199962], [-91.46979867357622, 47.94182498694062], [-91.46996083169428, 47.94191712388214], [-91.47017173921478, 47.941973919683925], [-91.47047265543074, 47.9419869260819], [-91.47075678810391, 47.94205819259553], [-91.47088812644267, 47.94214541894837], [-91.470895686183, 47.942257989674765], [-91.47082407283604, 47.94238750124113], [-91.4706937221467, 47.94249373646152], [-91.47050678624993, 47.94261721302196], [-91.47045129226896, 47.94271094865085], [-91.4705480645581, 47.942806712531954], [-91.47063153223364, 47.942956284742735], [-91.47049237480533, 47.94304890602516], [-91.47039584479705, 47.943115102188116], [-91.47018541630206, 47.94338222691394], [-91.4702190952256, 47.9434321624314], [-91.470251008575, 47.943513566025835], [-91.47033201846445, 47.94360462127696], [-91.47048648007939, 47.9436741608961], [-91.47069110018127, 47.94371737555377], [-91.47086987663803, 47.943728754079], [-91.47107247715185, 47.94372695315034], [-91.47115377443271, 47.94363805960203], [-91.47119297410413, 47.9435576031055], [-91.47129025879414, 47.94343743071125], [-91.47149295936883, 47.94331866154537], [-91.47172074887794, 47.94328570317353], [-91.47196513827892, 47.94325746405688], [-91.47219095594423, 47.94312100608595], [-91.47241774157894, 47.942980061746916], [-91.4727167487424, 47.94274560277686], [-91.47312153723351, 47.942301106034655], [-91.4730803335428, 47.94216559406959], [-91.47315396288099, 47.94208109593018], [-91.47332424223053, 47.94201137922819], [-91.47354255726925, 47.941987288883084], [-91.4737704721032, 47.94194982931806], [-91.47391534468788, 47.94186177882632], [-91.47398087086194, 47.94176817485642], [-91.47402077427517, 47.94160674830286], [-91.47402043018896, 47.941476278473296], [-91.47402642950343, 47.941300904921974], [-91.47411609944305, 47.94095568880265], [-91.4741796437198, 47.94084406316209], [-91.47429290150052, 47.940692608837495], [-91.47444592272419, 47.940469701864984], [-91.47457428455208, 47.94025996349464], [-91.4748105181818, 47.940110142319256], [-91.47512587212132, 47.94000186064411], [-91.47554055692493, 47.93993088734481], [-91.47563782199634, 47.9398961882297], [-91.47581689661585, 47.93984008100256], [-91.47619741154377, 47.93976415294835], [-91.47650536230206, 47.93973674769216], [-91.47677289258144, 47.939717803010396], [-91.47701664633429, 47.93965355431539], [-91.4773170224242, 47.939428099094755], [-91.47760845704117, 47.93910804967321], [-91.47776075566371, 47.93896610714481], [-91.47801313441404, 47.938892973075035], [-91.47837796579967, 47.93886631674991], [-91.47880923936125, 47.93888552755101], [-91.47897972255228, 47.9388652919989], [-91.47921382325916, 47.93870193711029], [-91.47927867626484, 47.93863081519986], [-91.47939966559552, 47.93852894506028], [-91.47957106665736, 47.938391751908355], [-91.47976342191187, 47.93819635149135], [-91.47999130655482, 47.9379879246796], [-91.48026479914917, 47.93770812021276], [-91.48023331444946, 47.93764022143948], [-91.48032074631813, 47.93748392051446], [-91.48043384153432, 47.93725147949076], [-91.4806044448721, 47.937141267049675], [-91.48093562337189, 47.93709166328134], [-91.48127741282634, 47.93705119651491], [-91.48137488593973, 47.93698050486622], [-91.48128554734134, 47.93691633999513], [-91.4810650965187, 47.93689992753902], [-91.48077354016246, 47.93688257387348], [-91.48055348503833, 47.93685266925742], [-91.48043165459296, 47.93678357494189], [-91.48044032386713, 47.936716207610296], [-91.48058459185869, 47.93653366579953], [-91.48081114207045, 47.936284730431986], [-91.4809161306234, 47.936043184032], [-91.48096410305922, 47.93580538205085], [-91.4811009762463, 47.93570372023016], [-91.48126316849041, 47.935651879994595], [-91.48142655288164, 47.93564504334421], [-91.48153088599224, 47.935511459013966], [-91.48155314756774, 47.93532280360903], [-91.48158478861701, 47.93515676625562], [-91.48165007530024, 47.93509914513314], [-91.48174776873853, 47.935077942924735], [-91.4819680338613, 47.9350718576127], [-91.48228357602196, 47.93509852293132], [-91.48230743133519, 47.93502685737102], [-91.48240454238434, 47.93491117200134], [-91.48243627403455, 47.93479912126835], [-91.48244682974406, 47.93469578826174], [-91.48617652319567, 47.93466854211326], [-91.48858877116402, 47.93465083341743], [-91.49167863959593, 47.93466897022935], [-91.49704846370476, 47.93467190183168], [-91.50241829433753, 47.93467458229066], [-91.50778826083925, 47.934672514487694], [-91.51315810383457, 47.93467469264719], [-91.51851193887835, 47.93485636494495], [-91.51864547512692, 47.93123655472309], [-91.52403360021425, 47.93143640794044], [-91.52942273666734, 47.93163152226896], [-91.53391990794366, 47.93179700284662], [-91.53396332987663, 47.93120821487358], [-91.53409443133455, 47.92816870112978], [-91.53412091825308, 47.927557202550155], [-91.53950721197398, 47.927513371746436], [-91.54489350237539, 47.92746928815314], [-91.55027978938332, 47.92742495177093], [-91.55044637398638, 47.923769532258206], [-91.55583574850496, 47.92372047619914], [-91.56117155501863, 47.92370198742349], [-91.56650748760134, 47.9236787533831], [-91.57184342097719, 47.923655271301406], [-91.57717923172079, 47.923636038444], [-91.5825596169807, 47.92360811023776], [-91.5825816078267, 47.925650833386015], [-91.58266541778535, 47.92558438608526], [-91.58281891756008, 47.92547830977096], [-91.58298961232667, 47.9253859418318], [-91.58311821781781, 47.925333543391055], [-91.58329690696951, 47.92525477002006], [-91.58351480625623, 47.92514948734414], [-91.58400332515222, 47.925061038300406], [-91.58432653819511, 47.92505152741805], [-91.58458904052364, 47.92505926241739], [-91.58475890445419, 47.92511984052022], [-91.58483231631661, 47.925219718758164], [-91.58481643512934, 47.925372481925386], [-91.58477896290749, 47.92564194753753], [-91.58477335107584, 47.92597029010733], [-91.58467772054259, 47.926194050910006], [-91.5844516323321, 47.92638471184641], [-91.58428125935805, 47.926526572609504], [-91.58412020873952, 47.926664049284035], [-91.58399883702751, 47.926788518696185], [-91.58395906508784, 47.92692749071285], [-91.58400153044461, 47.927026987796495], [-91.58415609900814, 47.92709637571273], [-91.58431834134323, 47.927129867712225], [-91.58452134569187, 47.927141368038924], [-91.58469950298904, 47.9271435641619], [-91.58480656466142, 47.927144883764846], [-91.58497694883204, 47.9271559812316], [-91.58517146658032, 47.927171874611226], [-91.58526035017192, 47.927195463748376], [-91.58797922903709, 47.927179444741654], [-91.59335998731032, 47.927151014052846], [-91.59874158166804, 47.927122341341764], [-91.59869814073274, 47.923527279113806], [-91.60410051284124, 47.92348961197499], [-91.6040510858157, 47.919885480085334], [-91.60944651028801, 47.91984297889772], [-91.61484205151964, 47.91979572672895], [-91.6202374688228, 47.91975271825149], [-91.62553455046175, 47.919631799687245], [-91.63083149398234, 47.91951513385899], [-91.63612937345835, 47.919393735970395], [-91.64142627928226, 47.919276580870374], [-91.64669532215123, 47.91939278975012], [-91.65196344057645, 47.919513244635596], [-91.65184757216925, 47.91605231927018], [-91.65714015921832, 47.916087347726595], [-91.66312865033402, 47.91612573805037], [-91.67193859508893, 47.916169492269674], [-91.67191976026803, 47.916088296345904], [-91.67184405912369, 47.91600644264007], [-91.67184970653773, 47.91591653233031], [-91.67211986786123, 47.91572171064707], [-91.67237391605866, 47.915666164255164], [-91.67247917038785, 47.91567188001657], [-91.67273694808347, 47.91576483574107], [-91.67316526293996, 47.915796778766], [-91.67335363219308, 47.91588893100662], [-91.6739374114302, 47.91595865755708], [-91.67398104416101, 47.91598615415571], [-91.67435833017966, 47.91611647658], [-91.674721534591, 47.91614316326039], [-91.6749035478982, 47.91609127858803], [-91.67517765052098, 47.9159054927834], [-91.67564558479938, 47.91566345802824], [-91.67571712653472, 47.91564628805964], [-91.67601111487016, 47.91563168330418], [-91.67608473927675, 47.91566402371554], [-91.67616159410079, 47.915700900106394], [-91.67628508369712, 47.91577880312086], [-91.67646337509036, 47.915938315776735], [-91.6764692622432, 47.91596987510478], [-91.67661397052129, 47.91600303453782], [-91.6766300410973, 47.916061703913414], [-91.67678811576857, 47.91619399035685], [-91.67936095751257, 47.91620561647799], [-91.68477174823006, 47.916231732735376], [-91.69020919710107, 47.91626239680551], [-91.69564749396882, 47.916292812921725], [-91.7010850787783, 47.91631846454031], [-91.70652256209411, 47.91634835619515], [-91.7065667423524, 47.91283081065233], [-91.70661174793649, 47.909313272346374], [-91.706655906444, 47.90579572243787], [-91.7066554067993, 47.905345838485815], [-91.70665405397806, 47.90372176221814], [-91.70665190730345, 47.90219664985711], [-91.706648739632, 47.89859758448945], [-91.70664473136917, 47.8949985074995], [-91.70664449748121, 47.894638601562654], [-91.70664195638716, 47.89265910439063], [-91.70664071857497, 47.89139942830519], [-91.70578315329607, 47.888200118678554], [-91.70491861624787, 47.88498272688837], [-91.70405429454703, 47.88176083027753], [-91.7031900760993, 47.87853892638132], [-91.69826131335282, 47.878280700058085], [-91.69333271704376, 47.878017765048696], [-91.68840406144423, 47.87775911640566], [-91.68347557324392, 47.87749575910603], [-91.67811771007833, 47.87742069570112], [-91.67275986763286, 47.877345382375864], [-91.6674020459801, 47.87726981913281], [-91.66204424519259, 47.87719400597437], [-91.66185463758352, 47.873520763976146], [-91.66166505130347, 47.869847519623704], [-91.66147632181001, 47.86617428265846], [-91.66128677810718, 47.862501033598654], [-91.66141996431836, 47.85901599748234], [-91.66151948768697, 47.85644832771481], [-91.66160206747979, 47.85645378937856], [-91.66198633474627, 47.85648976074071], [-91.6623738675081, 47.85643129348201], [-91.6624749025591, 47.85623902113698], [-91.66281733930033, 47.85604956092639], [-91.66301283829216, 47.855952863818366], [-91.66330936737837, 47.85566389323029], [-91.6634580352745, 47.85550366644341], [-91.66379965461685, 47.85534568557791], [-91.66414208066236, 47.85515622128412], [-91.66438853519342, 47.85492964876233], [-91.66444114014045, 47.8547683029718], [-91.66444610707532, 47.854574911122256], [-91.66435594130365, 47.85434442178672], [-91.66455140423069, 47.85421622982654], [-91.66498817135366, 47.854126834712424], [-91.66527890720663, 47.854062733076226], [-91.66566719870539, 47.85394127993301], [-91.66581504664778, 47.85381253234555], [-91.66592024497403, 47.85348983925794], [-91.66597200837245, 47.85332848295995], [-91.66607639714962, 47.85303727210736], [-91.66617752707235, 47.852840498709256], [-91.66647402063123, 47.85255151945568], [-91.66686486268559, 47.85236260943785], [-91.66740097695124, 47.85211240098729], [-91.66789212717909, 47.85175819516072], [-91.66818445874678, 47.851631121065914], [-91.66847670293757, 47.8515400358563], [-91.66876983773045, 47.851381477775156], [-91.66901372185295, 47.85125383972058], [-91.66940546554291, 47.85102894085832], [-91.66969778935685, 47.85090186281941], [-91.67008524204637, 47.85081187682786], [-91.67037839822338, 47.850684806699874], [-91.67071579620944, 47.850657222423344], [-91.67139318074753, 47.85056609021179], [-91.67207044815832, 47.85047945148091], [-91.67260169723154, 47.85041811334944], [-91.67337512522388, 47.8503280800069], [-91.67371576320487, 47.85020604892207], [-91.67391122012381, 47.85010933275567], [-91.67405983940317, 47.84994909162588], [-91.67411240907455, 47.84978774093409], [-91.67406809482223, 47.849625271173416], [-91.67402378083655, 47.84946280139378], [-91.67407474491549, 47.8493644157948], [-91.67427180292259, 47.84920473386761], [-91.67465934992013, 47.849110234707794], [-91.67485720728031, 47.848919069185136], [-91.67505426119709, 47.84875938586375], [-91.67505758368215, 47.84862895810425], [-91.67501326738113, 47.84846648865776], [-91.67491962726938, 47.84837093231024], [-91.67497307600715, 47.84814210886241], [-91.67517173035606, 47.84791946015328], [-91.67541721954836, 47.84776033518348], [-91.67574664875333, 47.847552690915144], [-91.67595828296102, 47.847312195243184], [-91.67615704435077, 47.847085047215295], [-91.67630725027853, 47.84686183777079], [-91.67626625066926, 47.846568940864955], [-91.67617604545502, 47.8463384601358], [-91.67593884190397, 47.84620525818049], [-91.67546016763423, 47.84607376854234], [-91.6751720899488, 47.84600296162024], [-91.67478869203276, 47.8459355524093], [-91.67450225343589, 47.84583327088849], [-91.67421742078213, 47.84566802352487], [-91.67407959074389, 47.84540549919525], [-91.67408280064326, 47.84527956892045], [-91.67379805451058, 47.84507833081737], [-91.67346895196863, 47.84478210389076], [-91.67308966327843, 47.84452128656101], [-91.67290179878783, 47.844321166054506], [-91.67280989106342, 47.844158145398644], [-91.67271798390588, 47.84399512467013], [-91.67243061020753, 47.843897325938], [-91.671758398438, 47.84382206713308], [-91.67127734452959, 47.843785007942536], [-91.67093835201767, 47.84384406719668], [-91.67040472402171, 47.843968353704895], [-91.67021092391714, 47.84403359130708], [-91.67015754355374, 47.84422642283526], [-91.67005989554026, 47.844288275233374], [-91.66986698369054, 47.84428604001326], [-91.66972158850244, 47.844320345826524], [-91.66952545574632, 47.84444404010043], [-91.66933001233926, 47.84454074901705], [-91.66914043643779, 47.84440808501851], [-91.66885229128478, 47.84437325207808], [-91.6686602143317, 47.844371024511666], [-91.6683688169029, 47.84443062818592], [-91.66783428444934, 47.84462237479689], [-91.6673524197683, 47.84461678160834], [-91.66696659408058, 47.84461230172244], [-91.6667703667285, 47.84477198088468], [-91.66652405873259, 47.84496256979872], [-91.66642467556467, 47.84509188148457], [-91.66632526393211, 47.84518970090357], [-91.6658960995918, 47.845018256974576], [-91.66565639071631, 47.844983978939304], [-91.66517371525846, 47.84500985903513], [-91.66497906974443, 47.84507507798115], [-91.66473104909672, 47.84536461752033], [-91.66452982017215, 47.845686192749774], [-91.6643293971193, 47.84597628514455], [-91.66431946532082, 47.84636306940037], [-91.66436617163556, 47.846431095382336], [-91.66441045299077, 47.84659356866107], [-91.66430860939575, 47.846785833555195], [-91.66426017044009, 47.84678526991321], [-91.66401964599254, 47.84678247083645], [-91.66387516431067, 47.846780789204416], [-91.66372733197531, 47.84690953459261], [-91.66357869002708, 47.84706976220556], [-91.66333316845444, 47.84722886155927], [-91.6630416594771, 47.847324441100966], [-91.66275107445686, 47.8473840399906], [-91.66255734219556, 47.847413274790945], [-91.66240950480318, 47.84754201841959], [-91.66216562236723, 47.84766964253421], [-91.66201859311725, 47.84776690323548], [-91.66190323462, 47.84793201544711], [-91.66158016387774, 47.84795524201621], [-91.66134134563475, 47.84785348287495], [-91.66066814929884, 47.84778264658009], [-91.66023052607484, 47.84793949777698], [-91.65993657421892, 47.84812951645212], [-91.65964716768457, 47.848337582783685], [-91.6595694073558, 47.848534623499276], [-91.65543587007129, 47.84849527879303], [-91.64995580434386, 47.84844895432603], [-91.64447503602112, 47.84839786100466], [-91.63899500158197, 47.848351013431575], [-91.6339134760672, 47.848304148543235], [-91.6288318460219, 47.84826155620429], [-91.62374939402923, 47.848218728960326], [-91.62366861499659, 47.84457819697376], [-91.61853153477014, 47.844529983958815], [-91.61839445754318, 47.84088426883293], [-91.61825834837174, 47.83723406411313], [-91.61812129835661, 47.83358834451971], [-91.61812332570165, 47.829989285542226], [-91.61812606274553, 47.8263947318316], [-91.61812807861816, 47.82279566844744], [-91.61812996941057, 47.81920110028522], [-91.61808976538546, 47.81558802771137], [-91.61804860753884, 47.811979440343016], [-91.61800756926412, 47.80836635336822], [-91.61796724634956, 47.804757771702036], [-91.61442542430245, 47.804728564498674], [-91.61249686227174, 47.804709764677774], [-91.60915281732048, 47.804682785505385], [-91.60702553930285, 47.80466598428859], [-91.6038793905014, 47.804636754213135], [-91.60322601037043, 47.804628804384095], [-91.60169382699543, 47.804614646232416], [-91.59860599085786, 47.80455898870384], [-91.596362009516, 47.80456755797506], [-91.59320358953852, 47.80456037944303], [-91.59097678523787, 47.80455105841649], [-91.58780001240834, 47.8045435058092], [-91.58559144791516, 47.804538803566786], [-91.58239760154608, 47.80457587976728], [-91.58087959406126, 47.804593110898516], [-91.58074524783922, 47.80459144964668], [-91.57699543540905, 47.804599004621274], [-91.57688204270057, 47.80184428219041], [-91.57673545906316, 47.79828834497976], [-91.57658888997388, 47.79473240564085], [-91.57644150119543, 47.79117645382586], [-91.57645507697241, 47.78753251855127], [-91.57646781099632, 47.78388857065601], [-91.57648137155806, 47.78024463083386], [-91.57649409048604, 47.77660067839237], [-91.57108373902086, 47.77663241495527], [-91.56567351047853, 47.77665939899925], [-91.5602632821547, 47.776686127903936], [-91.55485292947839, 47.77671709900634], [-91.54953018709183, 47.77671742997263], [-91.54420732476878, 47.77672201135441], [-91.53888375926184, 47.77672183789112], [-91.53356090703187, 47.77672592540278], [-91.53377953067388, 47.77357948049445], [-91.52872288379598, 47.77353275678573], [-91.52336424130192, 47.773486423498774], [-91.51800490808813, 47.77343533203071], [-91.5126454630043, 47.77338848761742], [-91.50725062257061, 47.77335442911582], [-91.50185579520488, 47.77332011704898], [-91.49646098098123, 47.773285551418354], [-91.49177597071785, 47.7732555643034], [-91.49175074664089, 47.77329122415239], [-91.4913265094519, 47.77368155260457], [-91.49081428893675, 47.774142705147604], [-91.49043418344641, 47.77450661713518], [-91.49017022003743, 47.774633613186275], [-91.48997338616604, 47.774689509252106], [-91.4897553380821, 47.774700136582105], [-91.48943049379862, 47.774682364218876], [-91.48888721066692, 47.774688708233626], [-91.48798041365907, 47.774514802639], [-91.48698806857344, 47.77429927166531], [-91.48547923101972, 47.773914955428815], [-91.48412231945225, 47.773528127352], [-91.48320180794137, 47.77328201992768], [-91.48025416145029, 47.77329250885624], [-91.47484780373644, 47.77331076092778], [-91.46944131641972, 47.77333325539435], [-91.46412436254664, 47.773374689115386], [-91.45880727332651, 47.773420373510675], [-91.45349031419676, 47.773461314282535], [-91.45297969920084, 47.7734634295404], [-91.45247508552929, 47.773825537791424], [-91.45199294954679, 47.774048480243515], [-91.45157919046314, 47.774272343330566], [-91.45073059736175, 47.77430587904254], [-91.45028745173211, 47.7743673792867], [-91.44889116159816, 47.77455546506086], [-91.44790312288893, 47.774677073504606], [-91.44633187262829, 47.77502472306652], [-91.4451356774579, 47.77532794535801], [-91.44383705770926, 47.77565226091926], [-91.44318826481904, 47.77578292770175], [-91.44253960308609, 47.77590909367], [-91.44185811828359, 47.77601681458599], [-91.44148333147989, 47.77607920902199], [-91.44098148602912, 47.77584294675146], [-91.44058003986214, 47.77565303596417], [-91.440144271012, 47.77546715614367], [-91.43889270878734, 47.77533316453312], [-91.43784382240163, 47.775228912069856], [-91.43669484480156, 47.775096292899676], [-91.43483003777372, 47.77504837849508], [-91.43367524042952, 47.77508211015317], [-91.43282730171241, 47.77509302774082], [-91.4322161961323, 47.77510717497158], [-91.43153738520112, 47.77509789889943], [-91.4312001667903, 47.77504829993126], [-91.43100156201741, 47.7748836230439], [-91.43087659519055, 47.774517500768454], [-91.43075582542666, 47.77401196879366], [-91.43076205075367, 47.77380510298747], [-91.43077247125362, 47.773458827598105], [-91.42676593072785, 47.77344895797901], [-91.42143740823586, 47.7734297683483], [-91.41610889587547, 47.77341033130984], [-91.41078109054912, 47.77339515545314], [-91.40545246069183, 47.77337972065767], [-91.405264017023, 47.772558294985195], [-91.4003639440074, 47.77252608387451], [-91.39501832243167, 47.77249643042159], [-91.38967187942879, 47.77246651629037], [-91.38432544893702, 47.77243635310636], [-91.3789762401054, 47.77246888667941], [-91.3736261971692, 47.772501158972695], [-91.3682760133453, 47.77253767867328], [-91.36292596967183, 47.77256945187564], [-91.36284693980184, 47.77614948648317], [-91.36282263441299, 47.77724238351902], [-91.36280089594901, 47.77820034864642], [-91.36276705874133, 47.77972950685728], [-91.36268799436075, 47.78330953679395], [-91.36260807866712, 47.78688955249471], [-91.35720694553207, 47.786906836744514], [-91.35180679173115, 47.78691938179562], [-91.3464056652398, 47.78693615753699], [-91.34100468508696, 47.78694818212501], [-91.33571323202747, 47.786979536701494], [-91.33042192310153, 47.787006150332715], [-91.3251304707355, 47.78703701672956], [-91.323571422251, 47.78704574396957], [-91.32334033619111, 47.78730330673445], [-91.32251672897836, 47.788573469849254], [-91.32169800472013, 47.7896907341705], [-91.32095996668791, 47.79063371428116], [-91.3203726971275, 47.79150691329149], [-91.32009392681572, 47.792051703899205], [-91.31951228206152, 47.79274952192853], [-91.31919838812783, 47.79324430756101], [-91.3191893949709, 47.79352311031782], [-91.31914460459835, 47.793747401425215], [-91.3192075318272, 47.794099240650226], [-91.31934713179226, 47.794402714377036], [-91.31952503289774, 47.794657260431165], [-91.32007016461479, 47.79509264141024], [-91.32047247077418, 47.795350470797466], [-91.3208340888843, 47.79567968645819], [-91.32104867142617, 47.795961760440974], [-91.32126093806694, 47.796315783175444], [-91.32139331176418, 47.79684409556216], [-91.32145538814628, 47.79722291452471], [-91.3213298373282, 47.797648477326184], [-91.32112771832085, 47.79814490285681], [-91.32077858351188, 47.79856719383979], [-91.32035591907817, 47.79896591287208], [-91.31974085964622, 47.79932582200671], [-91.31972452404436, 47.80135910282459], [-91.31435399246173, 47.80141531151105], [-91.30898360198671, 47.80146677191068], [-91.30361320764676, 47.80151798083635], [-91.29824266261451, 47.801573435050955], [-91.2954011795265, 47.80155375823671], [-91.29513523707838, 47.801441833055605], [-91.29494791508117, 47.801376064830144], [-91.29485570174506, 47.80131170951164], [-91.29482532376362, 47.801270767648695], [-91.2948281204416, 47.80118532928696], [-91.29499345272029, 47.8009538407642], [-91.29515804769612, 47.800744835761506], [-91.29525585228679, 47.80063831405894], [-91.29532411280516, 47.8004908629232], [-91.29539153865984, 47.800343399346325], [-91.29536542792049, 47.800172051640814], [-91.29530697820229, 47.80004521298149], [-91.29500281217355, 47.79969877455384], [-91.29450451541051, 47.79952041022702], [-91.29418916762764, 47.799515723191945], [-91.29381257639544, 47.79946963425498], [-91.29356269430926, 47.79940293357996], [-91.29321711908423, 47.79935280493995], [-91.29286933426155, 47.79937012655877], [-91.29264629210735, 47.79945228832759], [-91.29232608083004, 47.79959598898811], [-91.2920368323916, 47.79976264430967], [-91.29184136061896, 47.7999711852973], [-91.29155210854685, 47.80013783934196], [-91.2913268993869, 47.80026045678849], [-91.29100603861622, 47.8004491335417], [-91.29081326672808, 47.80054973831442], [-91.29068168538727, 47.80071873837575], [-91.29048109083749, 47.801057670113835], [-91.29031573833863, 47.80128915188065], [-91.29016653093227, 47.80151187607019], [-91.28561301998455, 47.801443941040496], [-91.28561553580602, 47.80136749656028], [-91.28562263924563, 47.80115165331597], [-91.28566055705119, 47.800963264067235], [-91.28569497666614, 47.80085580356014], [-91.28573289396635, 47.80066741427231], [-91.28573777713609, 47.80051902201552], [-91.28580680411629, 47.80034909319183], [-91.28584122299053, 47.80024163262114], [-91.28584536596507, 47.800115724023385], [-91.28581864139356, 47.79998935434624], [-91.28569755172678, 47.79983908029899], [-91.28557784825303, 47.79962134263417], [-91.28542515293123, 47.79949309084046], [-91.28520540907003, 47.7994493169501], [-91.28482971534608, 47.799376218228865], [-91.28441861932542, 47.79941506269466], [-91.28388303259688, 47.799407054616076], [-91.2836612164075, 47.79942623202796], [-91.28324952649935, 47.79948305921178], [-91.28289990470947, 47.799581304176115], [-91.2824246615495, 47.79964167639363], [-91.2822010091972, 47.79974180454831], [-91.28188492058774, 47.79975956733087], [-91.28169480384098, 47.79977921553521], [-91.28128459272843, 47.799791068347716], [-91.28106494369592, 47.79976978267726], [-91.28077996258901, 47.79980600415573], [-91.28033508082827, 47.799907313100654], [-91.28007972172526, 47.800006961991585], [-91.2796981486495, 47.80008672255194], [-91.27941019457813, 47.80021287501051], [-91.27928080543691, 47.800314410757835], [-91.27905565878068, 47.800459499857475], [-91.2789572275438, 47.80058399422565], [-91.27866644582133, 47.800795582405364], [-91.2784398666762, 47.80095864459589], [-91.27821456626243, 47.801108228683404], [-91.27804545820545, 47.80124965762087], [-91.27679636960367, 47.80118591863475], [-91.2767351726513, 47.799452904795835], [-91.276803650696, 47.79793778730188], [-91.27689679166576, 47.79587866670141], [-91.2769680247305, 47.7943051032634], [-91.27705936463867, 47.79229994177204], [-91.27711452100678, 47.79108605234465], [-91.27713305438618, 47.790676925745274], [-91.27722092586625, 47.788725698397364], [-91.27723731743386, 47.787043334728324], [-91.27722086553396, 47.785117533772905], [-91.27722057302228, 47.78343491865872], [-91.27722011305298, 47.7815048577216], [-91.27721981740629, 47.77982224159172], [-91.27721948046407, 47.77841856012465], [-91.27722003915812, 47.777896688742274], [-91.27721974035867, 47.77621407159771], [-91.2772192731944, 47.77428400833182], [-91.27380802937728, 47.77423274206001], [-91.27121062080425, 47.77419363855172], [-91.26845228732898, 47.774152047931544], [-91.26503856642536, 47.77410048339429], [-91.26309656873441, 47.7740711040054], [-91.2577417074948, 47.77398992294483], [-91.25239249529508, 47.77398955934676], [-91.2470434412679, 47.77398444968898], [-91.241694395235, 47.77397909066187], [-91.23634520517359, 47.77397797890438], [-91.23408873268238, 47.77399726200394], [-91.2309611440652, 47.774021069806494], [-91.2300698641508, 47.77402982024088], [-91.22557776194925, 47.774068417441384], [-91.22019369684942, 47.7741110028222], [-91.21480947614482, 47.77415783201425], [-91.20941601929434, 47.77418176940413], [-91.20402256470356, 47.77420545318537], [-91.20267003237922, 47.77421126920121], [-91.19948855415227, 47.77422437665012], [-91.19862911244655, 47.774228883357935], [-91.19323566259737, 47.774252059921935], [-91.18790891938339, 47.77427603632714], [-91.18258285545693, 47.77430427506696], [-91.17725611629163, 47.774327756742075], [-91.17192922183803, 47.77435548751864], [-91.16653530916851, 47.774390897988305], [-91.16114123797598, 47.774430551220036], [-91.15574732503109, 47.77446545429605], [-91.15035325278097, 47.77450460010624], [-91.14747393655757, 47.77451213707407], [-91.1449933311961, 47.774521549336036], [-91.14066810734224, 47.77453252454041], [-91.13963424728777, 47.77453826162851], [-91.13427433355922, 47.774554709985566], [-91.128914423869, 47.77457090788717], [-91.12361950348568, 47.77454292804637], [-91.11832459606838, 47.77451470390722], [-91.11302953895827, 47.77449073179999], [-91.10773532780883, 47.774466529120104], [-91.10237463801049, 47.774503968660675], [-91.09701394806085, 47.77454115760897], [-91.09698255494278, 47.7781668372157], [-91.0969519837406, 47.781792528409504], [-91.09692140068879, 47.785418217362164], [-91.09689013599376, 47.78903939396589], [-91.09691239004786, 47.792634462179144], [-91.09693396983643, 47.79622501818848], [-91.09695637931809, 47.79981558593576], [-91.09697878444014, 47.80340615158812], [-91.09701107069228, 47.80706886286148], [-91.0916999319155, 47.80712013165888], [-91.08638978961548, 47.80716667214066], [-91.08652045455149, 47.810858020823915], [-91.08665196450312, 47.81454938127223], [-91.09186472002388, 47.81446971431911], [-91.09707663230394, 47.81438979648952], [-91.102289206194, 47.81431415176518], [-91.10227327226204, 47.81795806089077], [-91.10217417472884, 47.82154660496244], [-91.10207605464997, 47.82513066417346], [-91.10197774966167, 47.828719217248796], [-91.10187875302485, 47.832303257864886], [-91.09656651624135, 47.832314250516944], [-91.0964671883747, 47.832312603042105], [-91.09662952065709, 47.83244126659873], [-91.09689726395436, 47.832702148071164], [-91.09726770301707, 47.83300972128528], [-91.0973993577907, 47.833200860649875], [-91.09760292445173, 47.833321208456276], [-91.09778956068996, 47.8339046689159], [-91.09787432619304, 47.83441895611685], [-91.09800253485618, 47.83470451591277], [-91.09806425639184, 47.83491249127543], [-91.09811299365776, 47.835475669747545], [-91.0980950775942, 47.83596576011945], [-91.09814398020725, 47.83652444225691], [-91.09823287475564, 47.83694881808643], [-91.0983628991096, 47.83718491881802], [-91.09859314949952, 47.837512659251374], [-91.09886437870638, 47.83767911532332], [-91.09920555336284, 47.83782873337775], [-91.09958458306498, 47.837902494874385], [-91.1002073422204, 47.83793530036315], [-91.10055459677912, 47.83791855337201], [-91.10110889070927, 47.83792772597849], [-91.10173329204392, 47.83791556071513], [-91.10209039944488, 47.83790347100883], [-91.1022536123601, 47.838054635779784], [-91.10233327417069, 47.83809194473422], [-91.10245871473258, 47.83817949914472], [-91.10255155465696, 47.8381990299809], [-91.10274176637176, 47.83827415804943], [-91.1028197592997, 47.83831143907335], [-91.1029386569452, 47.838349396200854], [-91.10324222208183, 47.83840840124494], [-91.10338865316992, 47.838424318138735], [-91.10370460782805, 47.83853301529073], [-91.10380785550153, 47.838633698397615], [-91.1038230198378, 47.83883640224948], [-91.103807696387, 47.83889013661891], [-91.10378567919848, 47.8389212655783], [-91.10365852324607, 47.839018141747275], [-91.10324989025136, 47.839137359890174], [-91.10258339152158, 47.839135340577556], [-91.10224802449301, 47.83921527577454], [-91.10196978020582, 47.83933214641723], [-91.10178685206394, 47.83942359916709], [-91.10160871053753, 47.839429650518625], [-91.10094922922086, 47.83944123468599], [-91.10073873635609, 47.83950973483546], [-91.10025371451168, 47.83950170718882], [-91.09983798167028, 47.8394948247188], [-91.09928449289251, 47.839463164541165], [-91.09859341362596, 47.839402228435986], [-91.0980073438617, 47.83932503265914], [-91.09759588820599, 47.83920123989025], [-91.09745994267891, 47.839127002902636], [-91.09687649740948, 47.838955366596004], [-91.09657102950395, 47.83876584317996], [-91.09630161217471, 47.838549923155185], [-91.09610230694946, 47.83831267080612], [-91.09597229026828, 47.838076567658504], [-91.09577545702389, 47.83777187125079], [-91.09575159992458, 47.837488040598785], [-91.09562751204021, 47.8370900726356], [-91.09557188789758, 47.83671573545915], [-91.095477748328, 47.83643523736013], [-91.09548367385025, 47.836273372914704], [-91.095499145802, 47.835850726838494], [-91.09554951178472, 47.83543315875342], [-91.09552383435222, 47.835176291537834], [-91.09549570009675, 47.835009362876], [-91.09509185716037, 47.834678734758846], [-91.0947173032729, 47.834483560471824], [-91.09458549067851, 47.83429691439462], [-91.09428435131395, 47.83401297818329], [-91.09391837058332, 47.83358399725118], [-91.09362069847872, 47.83320563848613], [-91.0934238967006, 47.83290093823883], [-91.09336499684532, 47.83261652465336], [-91.09327637839756, 47.83232261932891], [-91.09125511931781, 47.83232501109183], [-91.08594289295151, 47.832335511863306], [-91.08063652006209, 47.83236835934831], [-91.07533031425167, 47.8323964651675], [-91.07002394341808, 47.832428821704326], [-91.06471774072179, 47.83245643660321], [-91.05932288929068, 47.83253179571081], [-91.05392886470001, 47.83260691511093], [-91.04853399767892, 47.83268176653351], [-91.0431391229748, 47.832756364092035], [-91.03772793910154, 47.83273145140925], [-91.03231693837915, 47.8327017875463], [-91.03023343610137, 47.83269303868529], [-91.0285691055419, 47.83268695459181], [-91.02690494662444, 47.832676350308], [-91.02116143865831, 47.83264944067414], [-91.02120384443207, 47.83153442274882], [-91.01579528925498, 47.831553509994635], [-91.01050609070424, 47.831574411442276], [-91.00521606095862, 47.83159505450863], [-90.9999268693526, 47.83161546817131], [-90.99454376456588, 47.83147203289935], [-90.98916135834233, 47.83133285608012], [-90.98377832855323, 47.83118891658739], [-90.97839516192688, 47.831049220902294], [-90.97304597401397, 47.83115281871149], [-90.96769677280002, 47.83125616682865], [-90.96234755835728, 47.83135926525182], [-90.95699833075798, 47.83146211397908], [-90.95167794568115, 47.831425758829766], [-90.94635739859665, 47.83139365291885], [-90.94103704401549, 47.83135680456586], [-90.93571736124107, 47.83132422043771], [-90.93037295367004, 47.83130444062738], [-90.92502855832583, 47.831284411937034], [-90.9196841752806, 47.83126413436794], [-90.9143398046064, 47.8312436079214], [-90.90896846471368, 47.8313123213379], [-90.90359795353378, 47.83138079832837], [-90.89822660198865, 47.831449008437524], [-90.89388369425419, 47.83150885296171], [-90.8939617746857, 47.83510950400126], [-90.89403967562473, 47.83871464871282], [-90.89411692634191, 47.84231528041848], [-90.8941948322253, 47.845920421108794], [-90.89420384239374, 47.849555788640416], [-90.89421368029208, 47.853191169353074], [-90.8942236932313, 47.85682205226343], [-90.89423268196752, 47.86045741338228], [-90.89428340156029, 47.86394957012462], [-90.89284697146249, 47.864584558986714], [-90.89286472055166, 47.864620876876565], [-90.89282727206863, 47.86492612140522], [-90.89269234413736, 47.86516209105101], [-90.8926128852028, 47.865246113049345], [-90.89249974492216, 47.86545998752753], [-90.89245384288695, 47.86549963561474], [-90.89228171417678, 47.86562244659456], [-90.89198135969939, 47.86563042713699], [-90.89192410128761, 47.865620377408916], [-90.8918254229327, 47.865560077797106], [-90.89169448259254, 47.865409205415325], [-90.89155691937245, 47.865339193231165], [-90.89144624267976, 47.86536865288729], [-90.89141860698489, 47.86539064015428], [-90.89134852275895, 47.865614302560566], [-90.89134295309916, 47.865875142294875], [-90.8913628989962, 47.86600148079513], [-90.89148367314492, 47.866341124799156], [-90.89104755329468, 47.86633761053168], [-90.89103090710483, 47.86641828665649], [-90.89129733821902, 47.86685508635219], [-90.8912968963348, 47.866886571236044], [-90.8913808318918, 47.86696009741732], [-90.8916403491549, 47.866928873221475], [-90.89171416732583, 47.86712818529712], [-90.8918741883946, 47.8673245817791], [-90.89204072827256, 47.86742211976481], [-90.89212072002043, 47.86742808795898], [-90.89243022422744, 47.867483261039], [-90.89263859961756, 47.86755907140114], [-90.89290591926905, 47.86778892956956], [-90.89300985567041, 47.86792580773097], [-90.89327728202447, 47.86842110790206], [-90.89326920231771, 47.86853793355558], [-90.89310029984041, 47.86864280896166], [-90.8930648879628, 47.868691647855705], [-90.89299331346479, 47.869158229704304], [-90.89304512403287, 47.86919967185489], [-90.8935074311688, 47.86932063304732], [-90.89382247517729, 47.86956936090098], [-90.89384453902828, 47.869664244757445], [-90.89385032431528, 47.86983081384043], [-90.89382300595449, 47.86990679547157], [-90.89369549500972, 47.870021429326194], [-90.8934871221855, 47.87008958892214], [-90.89339839344221, 47.87019593626855], [-90.89314962133113, 47.87060077852031], [-90.89301328458232, 47.870706251602165], [-90.89295539708992, 47.870732182845494], [-90.89284627404587, 47.87074367639825], [-90.8924573003043, 47.87066904924705], [-90.8916325654706, 47.87062240842361], [-90.89130704899749, 47.87065242003754], [-90.89101520682694, 47.87080002347346], [-90.8907611916551, 47.87116877225129], [-90.89073695520686, 47.871415771695155], [-90.89083216056629, 47.87180893413252], [-90.89084046976188, 47.872016040700814], [-90.89078496484913, 47.87227146348216], [-90.89065159475287, 47.87238598627434], [-90.89035201375872, 47.87249745381588], [-90.88918394952475, 47.872547960975105], [-90.8889793451771, 47.87258468873623], [-90.88886431905738, 47.87265905589475], [-90.88890007858268, 47.872848671546606], [-90.88896744633335, 47.87298038161474], [-90.88907840288955, 47.87306790339239], [-90.88935262314833, 47.87318992061096], [-90.8895350193106, 47.87324726273266], [-90.88972341817298, 47.87325972496923], [-90.89063993627398, 47.87324957934062], [-90.89091392290874, 47.87329510557934], [-90.89130104017099, 47.87347767967102], [-90.89138822167484, 47.873533269393235], [-90.89156059843503, 47.873590424197474], [-90.89167740744377, 47.87367805094854], [-90.89205470888365, 47.87375246625971], [-90.89214763277202, 47.87379016488439], [-90.89234436824519, 47.8739062528071], [-90.8923941476275, 47.87395665589765], [-90.8924158166157, 47.87402003975082], [-90.89240183930654, 47.87419974288469], [-90.89236595233345, 47.874239574821935], [-90.89211363778969, 47.87440140388851], [-90.88974150462293, 47.87435781257971], [-90.88638127066704, 47.874295979514706], [-90.88630242161989, 47.87420004846464], [-90.88632012682135, 47.87401141666531], [-90.88657642587377, 47.87381368167813], [-90.88671286291765, 47.87368572308915], [-90.8867572150364, 47.87352007685198], [-90.88676877995479, 47.87346180283076], [-90.88673910676488, 47.87334878153017], [-90.88660792505453, 47.87326538405169], [-90.88651510995567, 47.87324567891199], [-90.88624263963844, 47.873245160051944], [-90.88594737962568, 47.87331170572612], [-90.88581282676792, 47.87333172218216], [-90.88562570137474, 47.87343175192026], [-90.88540750317436, 47.873720166748896], [-90.88540342143068, 47.873882055450274], [-90.88557596705796, 47.87407869128943], [-90.88560013348363, 47.87414212246726], [-90.88554016987338, 47.87428048665753], [-90.88481767571461, 47.87426717357692], [-90.88478910463202, 47.87412717810046], [-90.88477031679179, 47.87405484788164], [-90.88464600161024, 47.873967075716685], [-90.88449970729502, 47.87390589227148], [-90.88433012937031, 47.873862275421125], [-90.88409809142584, 47.873813007824225], [-90.88386503557258, 47.8737682199856], [-90.88376188956188, 47.87369433416131], [-90.88369995655127, 47.87363470519092], [-90.88366028936103, 47.87356198977249], [-90.8837058167538, 47.87349084531271], [-90.88379503993679, 47.87339351254697], [-90.8839480267038, 47.8733108523557], [-90.88403560121547, 47.87325397998907], [-90.88410145941302, 47.87319670719521], [-90.88412610501192, 47.873125177588406], [-90.88398007706063, 47.87303700438337], [-90.88393638153988, 47.87306319274646], [-90.88384825790293, 47.87313355190825], [-90.88371973455148, 47.87314917808521], [-90.88348503368375, 47.87314485011142], [-90.88339690930479, 47.87321520891433], [-90.88328808694001, 47.87328068691776], [-90.8831579144841, 47.87333677303718], [-90.88311403512114, 47.87336745669546], [-90.8831537014009, 47.87344017229127], [-90.88321553100245, 47.87348180366108], [-90.88325409848666, 47.87358149294321], [-90.8832948641206, 47.87362723477381], [-90.88333746146125, 47.87362802039002], [-90.883419176176, 47.87371500836057], [-90.88348001003986, 47.873801611200506], [-90.88364563841736, 47.87392163944521], [-90.88376995176617, 47.87400941266737], [-90.88389664606751, 47.87403874268231], [-90.88406575513486, 47.874073353532616], [-90.8841715685171, 47.874102298274174], [-90.8842747159136, 47.874176183746336], [-90.88427142036193, 47.87425710494839], [-90.88101477576377, 47.8741970241665], [-90.8808351970554, 47.87419370848592], [-90.87938520457553, 47.87416692600986], [-90.87420751246741, 47.87407114039704], [-90.87403971754061, 47.87075676714328], [-90.87387128574665, 47.86743788110975], [-90.87370268443341, 47.8641234889598], [-90.87353511650447, 47.86080461496893], [-90.86815347673532, 47.86080375045044], [-90.8627718456608, 47.86080263353153], [-90.85739022335463, 47.86080126421305], [-90.85200860989042, 47.860799642495856], [-90.84662164153012, 47.8606851922978], [-90.84123470550803, 47.86057048955729], [-90.83584780189766, 47.860455534278145], [-90.83046093077257, 47.86034032646421], [-90.83047550304576, 47.85672788588193], [-90.83048941741448, 47.85311093188143], [-90.83050396848179, 47.84949848698935], [-90.83051786171421, 47.84588152867524], [-90.82506940880617, 47.84583688246], [-90.81962097416351, 47.84579197766055], [-90.81808509700132, 47.84578078143492], [-90.81515460961369, 47.84575651792126], [-90.8141725578626, 47.84574681427896], [-90.80872415997983, 47.845701392317274], [-90.80330620730474, 47.84574627503613], [-90.79788760979238, 47.84578639035497], [-90.79246882200223, 47.845830745007426], [-90.78705022521477, 47.84587034823199], [-90.78176001006456, 47.84603365141898], [-90.77646996245046, 47.84619221482338], [-90.77117969845689, 47.846355029105126], [-90.7658896030552, 47.84651310363022], [-90.76580404161164, 47.850137672025134], [-90.76571762446845, 47.853762221785956], [-90.76563202127818, 47.857386785420296], [-90.76554639723649, 47.861011346675106], [-90.76044210162296, 47.861127801900295], [-90.75512615495748, 47.861248887988914], [-90.7498093572835, 47.861369711009374], [-90.74449337861452, 47.861490303665164], [-90.73912166492455, 47.861258626047665], [-90.73375000809378, 47.86102669770526], [-90.73261898508699, 47.860977362088555], [-90.73279266915308, 47.86053988656314], [-90.73329730515182, 47.860369893293715], [-90.73360955990454, 47.86022309284255], [-90.73388242564572, 47.86009800898851], [-90.73423641574465, 47.859875547102845], [-90.73455219176958, 47.85964783068471], [-90.73475372415352, 47.8593953630711], [-90.73491435253602, 47.859218571620865], [-90.73522326598396, 47.85914818472371], [-90.73592025329205, 47.858954981636224], [-90.73642070098646, 47.85886137591913], [-90.73696371552754, 47.858692123585364], [-90.73735075346984, 47.85857378202149], [-90.73797423901084, 47.858302633347876], [-90.73848235742747, 47.858051703051586], [-90.73899359960183, 47.85772884722993], [-90.73958413470002, 47.85733106716339], [-90.74017368360077, 47.856955759902945], [-90.74060560790718, 47.856707818803606], [-90.74099848378131, 47.85645460835531], [-90.74158234874317, 47.85620965449309], [-90.7422046127284, 47.855965453170064], [-90.74278514828907, 47.85579691158188], [-90.74320924426573, 47.85572876880316], [-90.74382700764735, 47.855587948386], [-90.74487036423949, 47.85532501655014], [-90.7454157948791, 47.85507928792991], [-90.74596108069133, 47.854856049137325], [-90.7465098141099, 47.85453389632787], [-90.74698490690028, 47.85415630649655], [-90.74730390417763, 47.85385213444946], [-90.74743138460333, 47.85357119661814], [-90.74737464182677, 47.85310668040421], [-90.74723297001725, 47.85284745331555], [-90.74701416135157, 47.8526137059403], [-90.74679237669525, 47.85242938928103], [-90.74641534331407, 47.852318507355264], [-90.7458835349958, 47.85223157835732], [-90.74527244562366, 47.852219573079694], [-90.74477358207889, 47.852259259731774], [-90.74430863368273, 47.852403089118944], [-90.74384231717575, 47.852578383104685], [-90.74326630928522, 47.852643540789174], [-90.74261017764644, 47.85278360337168], [-90.74226374429216, 47.85285327188664], [-90.74175921007641, 47.853023306450076], [-90.74133147740469, 47.85319485048613], [-90.74062892137846, 47.853518449217106], [-90.7401978590706, 47.85376640740195], [-90.73988233931921, 47.853989645346154], [-90.7394522469379, 47.85421512456991], [-90.7390599147586, 47.85443684710486], [-90.73863333502902, 47.85458140950361], [-90.73804830166496, 47.85485331968497], [-90.73727090451209, 47.85514842835633], [-90.73688286161543, 47.85527124885577], [-90.73634306685942, 47.85538657563022], [-90.73560738532653, 47.85560601201512], [-90.73487306889011, 47.85579397725948], [-90.73413987187392, 47.855936969372976], [-90.73360006452545, 47.85605228301928], [-90.73275365876273, 47.856166036041614], [-90.73240836713971, 47.856208703098076], [-90.73190474997817, 47.85635621728869], [-90.73143404144298, 47.856630353378904], [-90.73088671447928, 47.85689847349772], [-90.73025751802676, 47.85729994339049], [-90.72966691362254, 47.85769767430215], [-90.72919834146614, 47.85792235390964], [-90.72888039268841, 47.858199502286396], [-90.72829644748192, 47.858444390096025], [-90.72752582166132, 47.858582100053], [-90.72679123881078, 47.858774507485656], [-90.72621632356761, 47.85881260708632], [-90.72529270054964, 47.85895176951357], [-90.72448581844502, 47.859039250789465], [-90.72340959370915, 47.85917087294587], [-90.72279626585686, 47.85920819336096], [-90.72222784453805, 47.8590979330038], [-90.72146507691104, 47.85905579602884], [-90.72085391767482, 47.85904365949186], [-90.72039337979899, 47.85908400149751], [-90.71974144797888, 47.85912503776174], [-90.71908971253046, 47.85916157516856], [-90.71850788253788, 47.85935696570722], [-90.71819894681897, 47.85942730720767], [-90.71785160386608, 47.85949688407785], [-90.71726976564442, 47.85969226819016], [-90.71649672467066, 47.85988384480638], [-90.71591843310885, 47.85999830962505], [-90.71526431350847, 47.86008876656751], [-90.714265848893, 47.86019935588874], [-90.71334909462757, 47.86018109205634], [-90.71247074804158, 47.86016358651399], [-90.71155399555558, 47.860145308358774], [-90.71051984571551, 47.860174170389676], [-90.70964031242451, 47.860183613838906], [-90.70883422367768, 47.8602710009451], [-90.70802967629028, 47.860304424461866], [-90.70737673045292, 47.860367865546635], [-90.70683880526823, 47.86043810049915], [-90.70603207203457, 47.86052095599283], [-90.70518554015925, 47.86063450337564], [-90.70453342220709, 47.86069794484746], [-90.70403206937554, 47.8607913935128], [-90.70341632856473, 47.86088255081582], [-90.70318334401722, 47.86095437192145], [-90.70242021183229, 47.86093909536521], [-90.7019994039834, 47.860930669363114], [-90.7013939965366, 47.86078807156038], [-90.70067182055166, 47.86069711967399], [-90.69987402737489, 47.86057765322563], [-90.69907687397652, 47.86046269310082], [-90.69835168238004, 47.86042115578801], [-90.69770533485675, 47.86035420136123], [-90.69689938748606, 47.86041901215595], [-90.69624184608593, 47.8605857761005], [-90.69581171397677, 47.860806592407314], [-90.69537240893256, 47.86123417978734], [-90.69512446054578, 47.86164311375682], [-90.69507093902958, 47.86200196377242], [-90.6951693784869, 47.86236386593968], [-90.69534583171144, 47.862700340414364], [-90.69564006599998, 47.86296269571259], [-90.69616069350091, 47.86328358426538], [-90.69691333643503, 47.86355513833083], [-90.6977065870948, 47.863778012448385], [-90.69880919195327, 47.86390360651022], [-90.69972043117085, 47.86404784950242], [-90.70093708233092, 47.864202703399904], [-90.70200407901066, 47.864359046691], [-90.70195585002708, 47.86473150277406], [-90.70149674056034, 47.868290060702876], [-90.70103839452909, 47.871848630453194], [-90.70057977793462, 47.87541169036821], [-90.6952286366104, 47.87529084980523], [-90.6898775292722, 47.87516976008696], [-90.69016341571896, 47.878684776936325], [-90.6904491323268, 47.88220428675185], [-90.68502068831363, 47.882076917603115], [-90.67959124421598, 47.8819537701765], [-90.6797998055967, 47.885462749275], [-90.68001355848945, 47.889061812024046], [-90.68551996712496, 47.88918198971048], [-90.69102621095098, 47.88930639859174], [-90.6911602182573, 47.892948821655814], [-90.6912944350132, 47.8965867477201], [-90.69135936871868, 47.89836067579776], [-90.69155019044989, 47.90356540196237], [-90.6915616616296, 47.90387156714225], [-90.69148590166122, 47.90737929057355], [-90.69140908706778, 47.91089149000591], [-90.69133328927168, 47.91439920903824], [-90.69125727251301, 47.917911420875484], [-90.6913056571492, 47.92146662439779], [-90.69132628453794, 47.92292022405535], [-90.69087117547775, 47.9229380633281], [-90.69036694668745, 47.922950413387866], [-90.6896227809315, 47.923052411382315], [-90.6889954768329, 47.92317925264098], [-90.68845938326032, 47.92324944006545], [-90.68786657690255, 47.9232779913644], [-90.68715607025989, 47.92328167286253], [-90.6866829339185, 47.923272138127246], [-90.6859944977886, 47.92345621823948], [-90.68557265322951, 47.923609677871845], [-90.68508530074894, 47.92393727677537], [-90.6846271670433, 47.924247466923696], [-90.68435431130493, 47.92439942839166], [-90.68402370768862, 47.92451423182943], [-90.68321754520262, 47.924673424742416], [-90.68282758483618, 47.92478702664907], [-90.68250059158689, 47.92482091614437], [-90.68207973055785, 47.92495188770864], [-90.681513548043, 47.92503943121919], [-90.68094555443889, 47.92516742657744], [-90.68058407162306, 47.925317588443434], [-90.68010207029293, 47.92550580460805], [-90.67970948232552, 47.92567783016954], [-90.67955166003593, 47.9258950919458], [-90.679398463335, 47.92600896943905], [-90.67929476206349, 47.92634429969755], [-90.67928228868819, 47.92662298705848], [-90.67927605192973, 47.92676233073292], [-90.67956293716377, 47.92697058690377], [-90.67988190021687, 47.92711650440243], [-90.68008399607523, 47.92723756387917], [-90.68040658193374, 47.927302570689], [-90.68096917219889, 47.92729594242932], [-90.68194658305227, 47.927275194454715], [-90.68286728192076, 47.92721280209704], [-90.68357780906408, 47.927191151293634], [-90.68423265998824, 47.92712338258657], [-90.68455886393865, 47.92710746828376], [-90.68482731808267, 47.92705439606247], [-90.68535803763388, 47.92710559073667], [-90.68597556798015, 47.92719902430289], [-90.68659066022063, 47.92732839757209], [-90.68735356074285, 47.92748324078817], [-90.68773370979008, 47.92758987791323], [-90.68832295823849, 47.92764223786683], [-90.6888244277491, 47.92769282737051], [-90.68929857204174, 47.927661882214906], [-90.68977355184063, 47.92763095191704], [-90.69042920242941, 47.927545167850575], [-90.69138919038218, 47.927483497635166], [-90.69140429193722, 47.92857256424513], [-90.69140925134757, 47.92896857772147], [-90.69089884103659, 47.9289493128611], [-90.69009963771252, 47.9289512285296], [-90.68953242180639, 47.92906128599611], [-90.68905402271443, 47.92916862983967], [-90.68884311604253, 47.92926336187646], [-90.68850543993847, 47.92886064848566], [-90.68796147397681, 47.92844927998296], [-90.6873250904265, 47.928121528229916], [-90.68662695211226, 47.927846516547405], [-90.68571069285575, 47.92782804622541], [-90.6850283807719, 47.92785477834809], [-90.68445855739633, 47.92802324543412], [-90.68376921413709, 47.928207294022506], [-90.68328702838991, 47.9284180149424], [-90.68235304690143, 47.928777078035424], [-90.68145457680617, 47.92901537725415], [-90.68067116267791, 47.92931898068141], [-90.6796830511448, 47.929577949829856], [-90.67911319221956, 47.92974638972866], [-90.67779642558783, 47.930075180254285], [-90.6769297928316, 47.93025560093959], [-90.67630317827981, 47.930364390934905], [-90.6757944727372, 47.9304935611717], [-90.67495789434213, 47.930656579458045], [-90.67373232273142, 47.930928683352526], [-90.6729294608449, 47.93101138776201], [-90.67250936213318, 47.93114233981619], [-90.67184821825424, 47.93136737999474], [-90.67121532105443, 47.93161548458448], [-90.67027428825439, 47.9318303378179], [-90.67023291740584, 47.93183849616645], [-90.6693303632672, 47.932072118773654], [-90.6682252441187, 47.93228812238407], [-90.66735753211819, 47.93249094413422], [-90.6667583405905, 47.932658726731354], [-90.66586155687423, 47.93285644721676], [-90.66508427274034, 47.93302059941752], [-90.66457814732092, 47.93309128520361], [-90.66363171109025, 47.933072024806826], [-90.66295114713357, 47.933058170199104], [-90.66245231559074, 47.932967030177934], [-90.66227952790071, 47.9328645326699], [-90.66222199131198, 47.93282286960565], [-90.66216891446463, 47.932682318762], [-90.66229574394104, 47.932504940811064], [-90.66248636651636, 47.93221188716387], [-90.66264610365634, 47.93195419648657], [-90.66268691723232, 47.93169858304123], [-90.66266393791899, 47.931558645273924], [-90.66246652894527, 47.9313341729046], [-90.66235756468964, 47.93113399660354], [-90.66219023073589, 47.930892140122104], [-90.66205200720998, 47.93069136757355], [-90.66184913057046, 47.930588256479695], [-90.66161618268369, 47.93050252851706], [-90.66117306127029, 47.93047550412552], [-90.6608506847334, 47.93040594846171], [-90.66062017331829, 47.93026627977379], [-90.66033682126404, 47.92999956074033], [-90.65990364647597, 47.92975228174254], [-90.65955627687416, 47.92958773324703], [-90.65928958800743, 47.92958229504967], [-90.65905137208443, 47.9296134291716], [-90.65875524373999, 47.929629884464674], [-90.65840541859232, 47.92950127461547], [-90.65799605919439, 47.92939394411889], [-90.65758121825901, 47.929407974103945], [-90.65722327301589, 47.92945915612863], [-90.65689359524764, 47.92955140535588], [-90.65641330033773, 47.92969906586372], [-90.65590272597356, 47.92986860114933], [-90.65542405163139, 47.92998029838016], [-90.65473824550494, 47.93008326258327], [-90.65423213649086, 47.93015390301687], [-90.6535178789332, 47.930238282353805], [-90.65271581480833, 47.930302865515394], [-90.65206355716803, 47.93033001628172], [-90.65123243300602, 47.93038949560138], [-90.65084786236011, 47.93038162551835], [-90.65046512525502, 47.930333300390025], [-90.65020558595762, 47.93018851743335], [-90.65003362616027, 47.93005002599665], [-90.65001251536813, 47.92986963249312], [-90.650080836849, 47.929673073833825], [-90.65014650929751, 47.92953494832114], [-90.65024144161919, 47.929397421770624], [-90.65030362897116, 47.92931771224397], [-90.65030912925847, 47.929196350958925], [-90.65022580962571, 47.929077670435326], [-90.6500575416174, 47.92887626811432], [-90.64971754554584, 47.92854987541688], [-90.64943790686971, 47.92818422643596], [-90.64921293931931, 47.927923174236575], [-90.64919183198123, 47.92774278058277], [-90.64919713076725, 47.92762591422121], [-90.649231892464, 47.92750515224481], [-90.64956421885435, 47.92735449180887], [-90.64998617491904, 47.927183170358866], [-90.65043557515992, 47.927070896594344], [-90.65088393389446, 47.92696309879239], [-90.65121462318086, 47.926848392359], [-90.65166829315216, 47.92664172143988], [-90.65173212512437, 47.9265440486393], [-90.65188192237456, 47.926506621915706], [-90.65207942012505, 47.926339698775585], [-90.6522767853751, 47.92606479576807], [-90.6523321464763, 47.92587696868382], [-90.65234618887322, 47.92556682253395], [-90.65235880647744, 47.925288140469206], [-90.6522731399813, 47.92512892204562], [-90.65223265830853, 47.92500662007761], [-90.65211648417508, 47.924504850835675], [-90.65209574511938, 47.92394654621634], [-90.6520666619574, 47.92357253132875], [-90.6520567253818, 47.92347784831138], [-90.65248989333813, 47.92327975283903], [-90.6527024228184, 47.9231131360365], [-90.65273618258517, 47.92286637946192], [-90.65266502563976, 47.92260847919237], [-90.65266448642116, 47.92250948936658], [-90.65259506812913, 47.92230561303219], [-90.65255571507373, 47.9222508197527], [-90.65257533078439, 47.92205776235856], [-90.65261355621877, 47.92204504702259], [-90.65263712049924, 47.92200503761537], [-90.6526980962674, 47.921970292339765], [-90.65320884975155, 47.92183226829914], [-90.65360551352525, 47.921700907798815], [-90.65385711486753, 47.92170605097805], [-90.65427020045134, 47.92184046700049], [-90.65436549161855, 47.92184241443308], [-90.65452196048075, 47.92180512063575], [-90.65463724465975, 47.92175348796185], [-90.65466912059802, 47.921677655691234], [-90.65473045564924, 47.921597926319016], [-90.6547659237332, 47.92155366067305], [-90.65487890050248, 47.92133101723073], [-90.6549689697123, 47.92117089216128], [-90.65523226761576, 47.921009806957805], [-90.65537522131723, 47.92086425902945], [-90.65560322976353, 47.92072494727884], [-90.65571464496011, 47.920592251842656], [-90.65601227182891, 47.9203193900881], [-90.6561851558823, 47.92021494371466], [-90.65652653949967, 47.92001045970518], [-90.65674672129597, 47.919803500336926], [-90.65685194501744, 47.91973366390834], [-90.65717943467222, 47.919614376018906], [-90.65755228562932, 47.919509510078335], [-90.6576715379635, 47.91946245438822], [-90.65772084159259, 47.91929699618671], [-90.65789381399084, 47.91894960105921], [-90.6571951105659, 47.91882286548024], [-90.65655445075132, 47.918818784754734], [-90.65560545886139, 47.91888038758497], [-90.65538324050277, 47.91896582917178], [-90.65535970685681, 47.91919030031842], [-90.65550250692796, 47.919418169190486], [-90.6557481181315, 47.91964813776845], [-90.65581015665944, 47.91979337403566], [-90.65576068433698, 47.91983285494626], [-90.65555027494214, 47.91984205441678], [-90.65545313974583, 47.92002902984481], [-90.65537113746173, 47.92012183454168], [-90.65526855284547, 47.920133236049786], [-90.655179273101, 47.92009092083103], [-90.65506760563235, 47.920025652971596], [-90.65496280567154, 47.91993803012694], [-90.65476409776225, 47.9199474672313], [-90.65472095042783, 47.92003206730651], [-90.65454381793013, 47.92024890059843], [-90.65427207311076, 47.92050429138175], [-90.65421841961101, 47.92054368617837], [-90.65393838117201, 47.92068643074328], [-90.65375245655191, 47.92072762065535], [-90.6529705789228, 47.92077462162837], [-90.65283372190976, 47.920785320140254], [-90.65256359874041, 47.92083828337716], [-90.65231190809494, 47.92092761530364], [-90.65195624863735, 47.92109580247925], [-90.65221478398054, 47.92164997366394], [-90.65219050856886, 47.921964409692684], [-90.65213318220984, 47.92225117540836], [-90.65211086033538, 47.92228221205371], [-90.65211693019926, 47.92246229768126], [-90.65220860312078, 47.9225811478357], [-90.6523714157426, 47.922773437576026], [-90.65236135695775, 47.92292170003196], [-90.65223648789794, 47.92300012858841], [-90.65216872919271, 47.923129214630315], [-90.65202860947055, 47.923211830039236], [-90.65184901978144, 47.923316132985065], [-90.65174229204976, 47.92336343888815], [-90.65134744316481, 47.923454338788986], [-90.65126615614984, 47.923457174465604], [-90.65105772464719, 47.92338542356755], [-90.65078168179691, 47.923217808715], [-90.65049416301461, 47.92306345538638], [-90.6503569046923, 47.92291667646225], [-90.65032907377898, 47.92288461347115], [-90.65006502680717, 47.92278472798888], [-90.64982705529971, 47.92264488447697], [-90.64975388269863, 47.9226163919657], [-90.64954965717477, 47.92256272056956], [-90.6494404785415, 47.92247950206445], [-90.64931166720687, 47.922404879446525], [-90.64919213444296, 47.92240243132022], [-90.64887722721242, 47.922409478285104], [-90.6487635664243, 47.92242514614437], [-90.64860287107206, 47.92242635321623], [-90.64849192167765, 47.92243757731575], [-90.64846382867297, 47.922540479626136], [-90.64796371935866, 47.92286766029449], [-90.64791242367264, 47.9229655879591], [-90.6477718696887, 47.92303919121812], [-90.64696175318315, 47.92328353029406], [-90.646606916384, 47.92346971396213], [-90.64653563529977, 47.92363921583781], [-90.64653173936743, 47.92370662151733], [-90.6466501307427, 47.92380802782743], [-90.64665416616339, 47.92386659805343], [-90.64662086908324, 47.92399188839312], [-90.64656537018412, 47.924071733122595], [-90.64623942134268, 47.92411903781875], [-90.64576373639153, 47.924257750223944], [-90.64569415085376, 47.92426082196559], [-90.64553707588735, 47.92432958458477], [-90.64548383956375, 47.92437798194483], [-90.64527917468511, 47.92449975641524], [-90.64517394528166, 47.92458757830379], [-90.64512292429754, 47.92475299591811], [-90.64517040695448, 47.92479446142807], [-90.6452556037883, 47.924926681391774], [-90.64552327782818, 47.9250941378685], [-90.64592804734808, 47.92526440556145], [-90.64594427199734, 47.92538621231088], [-90.64591778501432, 47.925435158477924], [-90.64562438117431, 47.92563159714123], [-90.64504536312896, 47.925889660949416], [-90.64497395733622, 47.92595118239083], [-90.64500178646539, 47.92598324663703], [-90.64501550124413, 47.92610500201596], [-90.64539076600175, 47.926427633420445], [-90.64543596609862, 47.92648254908714], [-90.64533858714672, 47.92687646660214], [-90.64522965897244, 47.92702719915176], [-90.64516973177327, 47.927075459091476], [-90.64466570906467, 47.92732156247262], [-90.64449148283028, 47.92758343025271], [-90.64443426643186, 47.92762724640437], [-90.64419607605616, 47.927878802945386], [-90.64417150033894, 47.92795928117878], [-90.64403720676154, 47.92804200644143], [-90.64378923805249, 47.92814039422155], [-90.6430921780736, 47.928270051991184], [-90.64283447203292, 47.92825126283783], [-90.64271384895824, 47.928217292368494], [-90.64206483341799, 47.92791602313672], [-90.64184460276135, 47.927754032439104], [-90.64164430500459, 47.927668934489375], [-90.64155110805177, 47.92747356098128], [-90.64124544991695, 47.92714784841778], [-90.64114589810332, 47.92707381796454], [-90.64097172346547, 47.926984756637296], [-90.64066967365544, 47.926708606064544], [-90.64064571516887, 47.926573142461244], [-90.64051284276928, 47.92640394672499], [-90.6401895262274, 47.92617234804555], [-90.64006907909071, 47.926097887033556], [-90.6396661122008, 47.92583315589551], [-90.63939809257428, 47.92550821224728], [-90.63935076645284, 47.925408260052045], [-90.63929492864413, 47.92536662027689], [-90.63917023566276, 47.92522008635098], [-90.63883427298428, 47.92486225054732], [-90.6385965280049, 47.92471788931316], [-90.63853524947609, 47.92466713914458], [-90.63840829138083, 47.92455205103556], [-90.6381975371581, 47.92443973757414], [-90.6379690586856, 47.92436755033224], [-90.63781432945116, 47.9242743852456], [-90.63772899857626, 47.92420064442761], [-90.63743213143883, 47.924068561044116], [-90.63722857826902, 47.924055372891594], [-90.6370186479719, 47.923925078036916], [-90.63803173829945, 47.92390993811902], [-90.63916549097935, 47.92398275293529], [-90.63999239609026, 47.923977263081056], [-90.64047388224701, 47.92398716211985], [-90.64099272637688, 47.92394833751919], [-90.64161949784334, 47.92379925225884], [-90.64210404870146, 47.92374172184508], [-90.64279935919288, 47.92359403813293], [-90.64328819690894, 47.923442110951385], [-90.64374359564339, 47.92328949523687], [-90.64427098789159, 47.92304387553922], [-90.64487285812442, 47.92268730569353], [-90.64522888119039, 47.92243816516147], [-90.64551756293375, 47.92214265176039], [-90.64584989870181, 47.92164107721105], [-90.646075335277, 47.921227290169895], [-90.64615409746058, 47.92102194963444], [-90.64619469246178, 47.92088331192348], [-90.64609736953169, 47.92074184579779], [-90.64617817091641, 47.920491556657836], [-90.64636932953326, 47.920077066028064], [-90.64668797790875, 47.91987664398927], [-90.6470086832627, 47.91964926899751], [-90.6472920373829, 47.91947061692879], [-90.64757437015405, 47.91931443842974], [-90.64798093527786, 47.919075323329764], [-90.64798448075678, 47.91870197564623], [-90.64801685104565, 47.915202384711364], [-90.64804837250183, 47.91170277460561], [-90.64805800134263, 47.91062320105944], [-90.64661784210226, 47.91056218680205], [-90.64629226253633, 47.9106769846862], [-90.64618885928016, 47.91068836123602], [-90.64558234313995, 47.91067142190987], [-90.6452879719604, 47.91066988193898], [-90.64518919429739, 47.91070834676681], [-90.64500847849943, 47.910709137903645], [-90.64492698774717, 47.91069846769774], [-90.64477470533022, 47.910717838085056], [-90.64385929890541, 47.910798028651264], [-90.64308770650584, 47.910953150045444], [-90.64244506881111, 47.91116040471346], [-90.64230996274388, 47.91122511512409], [-90.64190510652655, 47.91146424536736], [-90.64142462013666, 47.911913275229615], [-90.64115272977541, 47.91204265900645], [-90.64089490061411, 47.91202836165933], [-90.64036340733037, 47.91183297492348], [-90.64019073340808, 47.911730445725254], [-90.64004175367056, 47.911713885367085], [-90.63931585584346, 47.91161797434003], [-90.63893256792453, 47.91149311487844], [-90.6388040208093, 47.91143198275727], [-90.63864332517156, 47.911397183354865], [-90.6375418772508, 47.911392512887446], [-90.63738667385365, 47.911420811451165], [-90.63729772979391, 47.911481967172314], [-90.63700327128869, 47.91139042317742], [-90.63698799944837, 47.91181751836748], [-90.63311348689719, 47.911814166053446], [-90.62860071621219, 47.91181099422575], [-90.62408774686092, 47.911812139724184], [-90.61957499021675, 47.91180861295241], [-90.61417144462999, 47.911912368228435], [-90.60876788700126, 47.91201586868005], [-90.60336410974796, 47.91212360902846], [-90.5979605277902, 47.912226599807845], [-90.59788482064505, 47.9106098521961], [-90.59805113570008, 47.9107033142506], [-90.59856655918577, 47.91082657657567], [-90.598710295519, 47.91082958399554], [-90.5991235321822, 47.91081123484338], [-90.59934516858239, 47.91068539824293], [-90.59975146070214, 47.91043744943466], [-90.60001069122912, 47.91027640527853], [-90.6002185126762, 47.910051298751426], [-90.60022142347346, 47.909988372750334], [-90.60028488553769, 47.909773744721846], [-90.60027793992157, 47.9095441473373], [-90.6002463727564, 47.90944900699284], [-90.60013287576547, 47.90919018725339], [-90.59996319147484, 47.90897068398862], [-90.59972435041837, 47.90870924258176], [-90.59934011436484, 47.9084627557416], [-90.59889969716107, 47.90827358005695], [-90.59863519945006, 47.90816906677643], [-90.59836716579328, 47.908140962968886], [-90.59819000497258, 47.9081012631009], [-90.59793847972097, 47.90809599908243], [-90.59776655085125, 47.90810589776184], [-90.59762333321608, 47.905057033098004], [-90.59687404344108, 47.90131611845116], [-90.59152275651728, 47.9013254162542], [-90.59176890471075, 47.89951745613005], [-90.59185941891177, 47.897566758211035], [-90.59205084364241, 47.89344062496926], [-90.58968323782531, 47.89015158797639], [-90.58434929106235, 47.88233700642248], [-90.58408604547715, 47.878381266998815], [-90.58382303882854, 47.87440303414299], [-90.57842406610848, 47.874167754951564], [-90.5730249419897, 47.87393671718622], [-90.56779480299402, 47.87416791450504], [-90.5625637914889, 47.87439885484189], [-90.55733357767735, 47.87462957362862], [-90.55210332655864, 47.874860053160944], [-90.54672559799967, 47.87488468182843], [-90.54134766136457, 47.87491355287737], [-90.53596994176134, 47.874937677198304], [-90.53059117824118, 47.87496602589472], [-90.53098131503181, 47.87885714957212], [-90.53137171267493, 47.8827437760424], [-90.53176194384038, 47.88663489431851], [-90.53214250889144, 47.89043131996749], [-90.53221762592915, 47.89398722122407], [-90.53229253008824, 47.89754761510187], [-90.5323676487548, 47.90110351260352], [-90.53244171896984, 47.90466388475627], [-90.5326058007666, 47.908248685673364], [-90.53276968186012, 47.911837979201145], [-90.53293378977894, 47.915422776361716], [-90.53309686121231, 47.91901204816406], [-90.52769194746018, 47.91873827811036], [-90.52228688593628, 47.918468748906285], [-90.51688210569871, 47.91819447164798], [-90.51147717690348, 47.91792443521935], [-90.50927239686368, 47.917948593191745], [-90.50880624478816, 47.91795197297129], [-90.50879253909353, 47.91816763167292], [-90.50874281969524, 47.91829702596963], [-90.50870097694326, 47.91833211038851], [-90.50829046825375, 47.918291705056234], [-90.50785032446251, 47.91836313193352], [-90.5071970542938, 47.918569399879274], [-90.5069728187399, 47.91872649636241], [-90.50689147829502, 47.91876522122835], [-90.50674915671469, 47.91878462493766], [-90.50658617017736, 47.91865960870201], [-90.50652471287825, 47.918545796289266], [-90.50634770744973, 47.91843397239225], [-90.50572483654463, 47.918181985460805], [-90.50550097500957, 47.91810513460729], [-90.50516531292138, 47.91803935030859], [-90.50481331111826, 47.91800020431438], [-90.50460357137959, 47.91797764778966], [-90.50417090764597, 47.91794574414071], [-90.50403069151157, 47.91795619208063], [-90.50374017114589, 47.918012860740745], [-90.50307552535737, 47.918142373312854], [-90.5026873717244, 47.91810693334315], [-90.5024228170179, 47.91812817095623], [-90.50179039262535, 47.918352858176895], [-90.50153979703467, 47.91839689306099], [-90.50123667136052, 47.9183677982716], [-90.50101866617939, 47.918291066150424], [-90.50073884573605, 47.91807351569994], [-90.50042213416334, 47.91804862198027], [-90.49549834681031, 47.91810774535653], [-90.49015436928691, 47.91817096622092], [-90.48475944463041, 47.91811134589426], [-90.47936432400694, 47.918055966430096], [-90.4739694439034, 47.91799583921198], [-90.46857436704764, 47.91793995282412], [-90.46320653942877, 47.91794290315784], [-90.4578387212517, 47.91794560235865], [-90.45247069182159, 47.91795254463418], [-90.44710267104979, 47.91795923574097], [-90.44706302550202, 47.921602631382946], [-90.4470241999066, 47.92524604340971], [-90.44698535856502, 47.9288894532315], [-90.44694650147423, 47.93253286084836], [-90.44698527649619, 47.936213986279675], [-90.44702466116497, 47.93989962242874], [-90.44702944551922, 47.94036313565931], [-90.44675691385329, 47.94042455972517], [-90.44639888218217, 47.940488579989996], [-90.44597687284913, 47.94040720443604], [-90.44566520288804, 47.94026079658015], [-90.4448802395001, 47.940360300761505], [-90.44423523685101, 47.9404899108579], [-90.44369884925646, 47.9405724464549], [-90.44323463375149, 47.94063409183188], [-90.44270373691018, 47.940622264073305], [-90.4423516885246, 47.94056492942934], [-90.44182461587668, 47.940458701780734], [-90.44157825320143, 47.94043071489612], [-90.44143501455378, 47.940450017362316], [-90.44115159224765, 47.94044369889776], [-90.44079355422065, 47.94050770154451], [-90.440219605213, 47.9406388734139], [-90.43975316507223, 47.94074544607184], [-90.43928428010928, 47.940901452364976], [-90.43877672362595, 47.941128579347456], [-90.43829827874434, 47.94147782948863], [-90.43782116073227, 47.941800112678344], [-90.4376680858057, 47.94203514755195], [-90.43765519594255, 47.94229580742989], [-90.43768075509854, 47.94248983921447], [-90.43798530390093, 47.942780080908776], [-90.43833514000974, 47.94288237049138], [-90.43872120421845, 47.94296297197802], [-90.439250516284, 47.94302427278012], [-90.43999108777547, 47.94311277886483], [-90.44083917827246, 47.94317668300378], [-90.441403611572, 47.94323875694344], [-90.44182452649645, 47.943342620316365], [-90.44266774362318, 47.94350538236441], [-90.44301870332201, 47.94358518714892], [-90.44336661047048, 47.943709913800916], [-90.44364295566864, 47.94386004009841], [-90.4438142247118, 47.94398533012906], [-90.44387709084964, 47.94415319668829], [-90.44399977108748, 47.944533852654686], [-90.44412173724564, 47.94494598621336], [-90.44425151508375, 47.94518282892872], [-90.444385233747, 47.94535677193099], [-90.44462891107433, 47.945456678359136], [-90.4448401816781, 47.94548387734517], [-90.44533601138804, 47.94549491448383], [-90.4459018054205, 47.945530001864505], [-90.44625278409158, 47.94560979707108], [-90.44667705080471, 47.945646230672686], [-90.44708712658591, 47.945749833436324], [-90.44710363719234, 47.947266394401794], [-90.44712601586595, 47.950821172916385], [-90.44714755153619, 47.95437593089029], [-90.44715374208579, 47.955388362898375], [-90.44660917694324, 47.95565069410464], [-90.44573272507128, 47.956157586390255], [-90.4447453872454, 47.95675648431858], [-90.44386313125214, 47.95738020939881], [-90.44294134095234, 47.95807503236613], [-90.44216303722273, 47.958746051041125], [-90.44160597814741, 47.959260028961985], [-90.44134225826224, 47.959564587433164], [-90.44121738662952, 47.959939726930735], [-90.44120783760961, 47.96013297470366], [-90.44130473013946, 47.96032409620011], [-90.44140029101328, 47.96054218242912], [-90.44157294031669, 47.960640511570546], [-90.44170935208695, 47.960760528206826], [-90.44195336900137, 47.96083795197591], [-90.44233957208971, 47.96091854359263], [-90.44279797898372, 47.96097824710915], [-90.44318662551468, 47.96100940038011], [-90.44386186292083, 47.96100194404897], [-90.44471712647287, 47.9609265062784], [-90.44560773769032, 47.960847349691804], [-90.44657032564908, 47.96075179106645], [-90.44718728443614, 47.960720523289595], [-90.44719227516262, 47.961485478214115], [-90.44727465211413, 47.965113569166256], [-90.4473576453254, 47.968746170944826], [-90.44744086158994, 47.97237427664758], [-90.44752228432651, 47.97597084700529], [-90.44216811257404, 47.975982138835924], [-90.43681394854617, 47.975993180829136], [-90.43145956927476, 47.97600846707292], [-90.42610519694384, 47.97602350344272], [-90.42616560071957, 47.97970960355315], [-90.4262266156725, 47.983400214474706], [-90.42628785226769, 47.98708632931896], [-90.42634908697694, 47.99077244215172], [-90.42648331077427, 47.99433871446898], [-90.42661776678987, 47.99790049091212], [-90.42675139439784, 48.00146224677662], [-90.42688586760427, 48.005024019586756], [-90.42681318482678, 48.00857214924848], [-90.42674048223633, 48.012120276702085], [-90.42669060005004, 48.01455314817097], [-90.43747685662102, 48.019392439777114], [-90.44291854555678, 48.019482276495715], [-90.448359648306, 48.01956734284445], [-90.45378641323758, 48.020011756370934], [-90.45921306062466, 48.02046040911852], [-90.46463981230828, 48.020908806961664], [-90.47006666821676, 48.021356949887405], [-90.4702475023164, 48.024991655232576], [-90.47042835173224, 48.028626358661015], [-90.47060921647034, 48.03226106017252], [-90.47079009653686, 48.03589575976705], [-90.4760610591348, 48.03553485182512], [-90.4813313390557, 48.03516918793359], [-90.48638173745498, 48.03477147452632], [-90.49143206666952, 48.03437353751936], [-90.49634343120732, 48.03422879233837], [-90.50125477642248, 48.03408383653655], [-90.50615601629775, 48.03383497371739], [-90.51183627484848, 48.03354879781244], [-90.5173950681931, 48.03366012654212], [-90.52295411148042, 48.03376669214827], [-90.52851275801932, 48.03388197770272], [-90.53407165433892, 48.03399250012539], [-90.53389874100932, 48.037754452154644], [-90.5337257918955, 48.04151640123857], [-90.53361124581407, 48.044019883268426], [-90.53385209945601, 48.04403405447461], [-90.53421922397679, 48.04407343182385], [-90.5346442390257, 48.044042066995516], [-90.53502845746551, 48.043969333828066], [-90.53553495122047, 48.04393521580944], [-90.5361398744005, 48.04391220565855], [-90.53641371116986, 48.044026057158824], [-90.53655852922395, 48.044137140105306], [-90.53681855445495, 48.044241696319794], [-90.53720957007292, 48.04427257859057], [-90.53733015346461, 48.04432915279537], [-90.53732863323269, 48.044378609153135], [-90.53717360151211, 48.04441127601697], [-90.53693523851496, 48.04441516120976], [-90.53669958342232, 48.0444326009897], [-90.53637991406609, 48.04447073273161], [-90.5359791319799, 48.04455661198088], [-90.53567574784795, 48.04464008119868], [-90.53537840119428, 48.04475517218638], [-90.53509269063825, 48.04476703526289], [-90.5347332534891, 48.04477731475307], [-90.53439008090842, 48.044850928328025], [-90.53399730402897, 48.04489198259362], [-90.53366194750134, 48.044907274887684], [-90.53356957454389, 48.04490978975263], [-90.53356549528361, 48.044995183083664], [-90.53355280698815, 48.0452783473771], [-90.53337978627803, 48.04904029057013], [-90.53923006183491, 48.0491253219116], [-90.54508015439576, 48.04921454987745], [-90.55093027861093, 48.0493034800817], [-90.55678022167423, 48.04939660698099], [-90.55649779996821, 48.05263436602209], [-90.55621428426855, 48.055876598710896], [-90.56146059781926, 48.055605715472275], [-90.56670581548391, 48.05533906826952], [-90.57195036144111, 48.05506766826318], [-90.57719486126626, 48.054796027726084], [-90.58261083583712, 48.054784199095586], [-90.58802681757386, 48.05477211492786], [-90.59344280640127, 48.05475977522231], [-90.59885859315446, 48.05475167457451], [-90.60410805232905, 48.054784837759094], [-90.60935668922447, 48.054817743588394], [-90.614605134055, 48.054854904231064], [-90.61985380264863, 48.054887330407134], [-90.62513189464578, 48.05469967593728], [-90.63040891287464, 48.0545162555839], [-90.63568527041028, 48.05432808008477], [-90.6400859177104, 48.05417565654467], [-90.64272438026501, 48.05418485846747], [-90.64536284599669, 48.054193999772174], [-90.64800151970547, 48.05419858570179], [-90.65063999153564, 48.054207605761235], [-90.65594793014549, 48.05420810071656], [-90.66125608149918, 48.054203855481745], [-90.66656403775349, 48.05420385963777], [-90.67187116491678, 48.054203601411515], [-90.67738737968725, 48.05445926747308], [-90.68290345690816, 48.05471916425957], [-90.71156232457393, 48.05536132374771], [-90.71612826788149, 48.05539373388986], [-90.7163638496073, 48.05915052350744], [-90.71661729959038, 48.06318659890496], [-90.71875820993603, 48.063017696613365], [-90.72237292002544, 48.062891489823926], [-90.72483565844617, 48.06280533810165], [-90.72813207082056, 48.06268614048766], [-90.73091242776401, 48.06258814553382], [-90.73390114160367, 48.0625976698439], [-90.73577740403508, 48.062607683517236], [-90.73968821064705, 48.06265322873955], [-90.74064239128163, 48.062627015432334], [-90.74279901748498, 48.06263343178715], [-90.74550738944914, 48.06264614127807], [-90.74712129995697, 48.06265081894265], [-90.75037239848308, 48.062665061053416], [-90.75455158351936, 48.06261638040498], [-90.75577443889823, 48.062604291944155], [-90.76117647549341, 48.06254326848779], [-90.76197312147181, 48.062531802342654], [-90.76388261908424, 48.06251051174765], [-90.76657850819393, 48.06248199068506], [-90.76697060426147, 48.06249411410621], [-90.77197969869546, 48.06242044227499], [-90.77241325755554, 48.06242435366346], [-90.77741950341401, 48.06249435406806], [-90.77785893166183, 48.06249835846553], [-90.78285933265919, 48.06256800839471], [-90.78330463034868, 48.0625721052454], [-90.78509381894354, 48.0625976274116], [-90.78829918635489, 48.06264140525215], [-90.78874983274889, 48.06261859057713], [-90.79373906442507, 48.06271454463759], [-90.79411692163805, 48.062726301733264], [-90.7991195673064, 48.06292125513121], [-90.79948653057167, 48.0629327857677], [-90.80316257059438, 48.06307514348461], [-90.80450012193724, 48.06312771416709], [-90.80485535282406, 48.063139003340076], [-90.80988072824469, 48.063333921739], [-90.81022361927953, 48.06329997004587], [-90.81526054788365, 48.063539861894355], [-90.81570243056062, 48.063525772460046], [-90.82072685980641, 48.06338727983758], [-90.82117693333119, 48.06337782364383], [-90.82619295887919, 48.063238932366936], [-90.82665244116517, 48.06322513390417], [-90.83165922422128, 48.06308582889653], [-90.83212870383244, 48.06301371175765], [-90.83712527751298, 48.06293696005162], [-90.83741588571449, 48.062928935862224], [-90.84246573979327, 48.062821462758755], [-90.84270334768136, 48.06281692840153], [-90.84780618652522, 48.06270571672988], [-90.84799098234534, 48.06270018175687], [-90.853145779359, 48.06258970629756], [-90.85328076775633, 48.06243026987851], [-90.85848619477719, 48.062473462842384], [-90.85826969219688, 48.066073025510356], [-90.85811806142509, 48.068594066227654], [-90.85806303650935, 48.069515309023124], [-90.85805296436413, 48.06967708059858], [-90.85783638448216, 48.07327663731929], [-90.85761957924277, 48.076880686452974], [-90.85916113936196, 48.07690043263477], [-90.85948787506098, 48.0770144950986], [-90.86077546111858, 48.07712846120006], [-90.86162087335693, 48.077261174573756], [-90.86222656575157, 48.07740741562483], [-90.86286645498781, 48.07755878863306], [-90.8634358202695, 48.07777183031055], [-90.86403938404675, 48.077990003988454], [-90.86437712902882, 48.07804127307731], [-90.86491761665857, 48.07814129878328], [-90.86529067390457, 48.07817072726775], [-90.86586935645198, 48.07815898674455], [-90.86627967534129, 48.07809912706826], [-90.8666909229749, 48.078016788856786], [-90.8671385940565, 48.07788563804698], [-90.86752001451941, 48.07771276570471], [-90.86786807712434, 48.0775347740065], [-90.86811188384844, 48.077381839371014], [-90.86814997939688, 48.07729256918026], [-90.86826351711348, 48.077002250305526], [-90.86986900297283, 48.077018540206254], [-90.87009087186594, 48.07723410135907], [-90.87078552882173, 48.07770586503549], [-90.87115023761388, 48.07793756854503], [-90.8715203294773, 48.07803890361463], [-90.87172038458445, 48.07813258801124], [-90.8722590340959, 48.078277533651494], [-90.87286365799697, 48.07845069177022], [-90.87350470531179, 48.07857503356013], [-90.87404799703205, 48.078607585168804], [-90.87462668395895, 48.07859580056097], [-90.87496537051513, 48.078624561550846], [-90.87514115214441, 48.078492847789164], [-90.87560735122437, 48.07872641453152], [-90.87600998741533, 48.07887332559693], [-90.87644727874893, 48.0789938828013], [-90.8768882731443, 48.07902452957278], [-90.87746603959093, 48.07903520792109], [-90.87794335177867, 48.078999038866606], [-90.87826411135339, 48.078892493093726], [-90.87843865479172, 48.08074924729859], [-90.87877917529916, 48.084386114460166], [-90.87911992027519, 48.08801848373381], [-90.8794605199028, 48.09165534599955], [-90.8794622743572, 48.095285950152174], [-90.87946383561925, 48.098921047592476], [-90.87946557356973, 48.10255164745424], [-90.87946627927793, 48.10618672510987], [-90.87947378802818, 48.10983992170749], [-90.8794812892507, 48.113493116146095], [-90.87948878294456, 48.11714630842569], [-90.87949626910893, 48.120799498546305], [-90.87949259057416, 48.12456045245017], [-90.87948890239475, 48.12832140404148], [-90.87948520456924, 48.1320823533203], [-90.87948149709612, 48.13584330028665], [-90.87945090436781, 48.13615765306532], [-90.8791596704638, 48.139229469804896], [-90.8788461669056, 48.14253481181268], [-90.88108238826163, 48.142607569037146], [-90.88431424838706, 48.142599648081564], [-90.8869259333895, 48.14259372764269], [-90.89896761794584, 48.14254464493508], [-90.89888966759769, 48.1426017039117], [-90.8988079134273, 48.142690184938964], [-90.89872917751023, 48.1428282080229], [-90.89868140137821, 48.142948802074024], [-90.89866776018536, 48.14305652401541], [-90.89866726382192, 48.14315098994667], [-90.89866899737103, 48.14323200023251], [-90.89870281989445, 48.14330909861694], [-90.89871266073447, 48.143376760751984], [-90.898697024118, 48.14343046047714], [-90.89864003544332, 48.143447413381054], [-90.8985740727478, 48.143437209254245], [-90.89845112134964, 48.14344395789927], [-90.89836222708566, 48.14346032704066], [-90.89832213588241, 48.14349558412875], [-90.898248513488, 48.14361120636911], [-90.89822466369877, 48.143660256969326], [-90.89813532332484, 48.14370810944324], [-90.89808806908908, 48.14377472707089], [-90.89807998830659, 48.143828564947114], [-90.89808961809685, 48.14386023279446], [-90.89810625367542, 48.143905525241344], [-90.89811543780738, 48.14396867659981], [-90.89814141451004, 48.144032135174214], [-90.89820685381889, 48.14409631568509], [-90.89829868901393, 48.14415198141184], [-90.89838194450812, 48.14421198892807], [-90.89845690915759, 48.14428983996388], [-90.89852413374939, 48.14437204818192], [-90.89860030563106, 48.14444092358436], [-90.89864370790613, 48.14461267217899], [-90.89870151360984, 48.14469920682039], [-90.89875296951473, 48.14477662767949], [-90.89882607268551, 48.14485894322606], [-90.89892706785112, 48.144937270003695], [-90.89907573949644, 48.14502096734743], [-90.89919145439482, 48.14506807140085], [-90.8992900875086, 48.14510136657754], [-90.89940370109173, 48.14507645105889], [-90.89976272416675, 48.144988539789736], [-90.89990952800757, 48.14493273884547], [-90.90003064134072, 48.14482698124749], [-90.90014383052615, 48.14473007630717], [-90.90028257530038, 48.144624640696975], [-90.90043690576765, 48.14452848736182], [-90.90056778311437, 48.14451288380172], [-90.90061545900511, 48.14451825381004], [-90.90062643161741, 48.14459943286496], [-90.90062724837408, 48.145094316690745], [-90.90062691879356, 48.14528775941048], [-90.90062756896269, 48.14607506262506], [-90.90062855994323, 48.1495931471469], [-90.90614850213882, 48.14955891452383], [-90.90988640525838, 48.14953699943517], [-90.91074215703387, 48.149530070112135], [-90.91165650702203, 48.149528698345634], [-90.91164212248302, 48.15683898535132], [-90.9116292735328, 48.16044678566423], [-90.911615976525, 48.1640860674048], [-90.90616046035032, 48.16413074007433], [-90.90088637405036, 48.16417846830455], [-90.90070475966972, 48.16417964897231], [-90.90071359335019, 48.16775185262677], [-90.90071527217113, 48.168287239592104], [-90.90072242012458, 48.17132405421689], [-90.90073033156021, 48.17452733654562], [-90.9007312399921, 48.174896253742766], [-90.90073485105323, 48.176475394003184], [-90.90073711804756, 48.17732570603381], [-90.90073965783371, 48.17843695248892], [-90.90074005295199, 48.17846845120435], [-90.8951436595372, 48.1783840659483], [-90.8904647729541, 48.178316256146125], [-90.8897850650941, 48.17830377528475], [-90.8895472934797, 48.17829940834911], [-90.8853498519865, 48.17824023181297], [-90.88396169210027, 48.17821917493605], [-90.87835427264005, 48.178138266866895], [-90.87297628233314, 48.17830426707062], [-90.86759826564517, 48.1784700149989], [-90.8622200356718, 48.17864000596678], [-90.85684280614358, 48.178805264988355], [-90.8568367098863, 48.17499916617769], [-90.85683312252583, 48.17294764539689], [-90.85683229012231, 48.17232229621889], [-90.85683060510652, 48.17119306502432], [-90.85682430442975, 48.16739145683993], [-90.85681818263274, 48.16358535100407], [-90.85697793993647, 48.15999378127402], [-90.8571376665404, 48.15640220888971], [-90.85729736245219, 48.15281063385116], [-90.85745786736956, 48.149219071817754], [-90.85198700597975, 48.1491843986014], [-90.84651616073307, 48.14914946493879], [-90.84104514307343, 48.1491187661112], [-90.83557414075693, 48.149087806808545], [-90.83562891738626, 48.14504889176846], [-90.83567582814857, 48.141536189360124], [-90.83572356389493, 48.13802350064697], [-90.83577109602092, 48.13451530508664], [-90.83600957465958, 48.130920727948386], [-90.83624801152145, 48.12732614771176], [-90.83648584002648, 48.12374505023464], [-90.83131083309902, 48.120259839553746], [-90.82589688907363, 48.12038244557235], [-90.82048273771906, 48.1205092912382], [-90.81506940760309, 48.12063589723728], [-90.81502525924441, 48.117004483072584], [-90.814980917694, 48.11337756207751], [-90.81493676431322, 48.10974614379493], [-90.81489241778026, 48.10611921868734], [-90.80949067336394, 48.10614680169791], [-90.80408893189428, 48.1061741305542], [-90.7986870014024, 48.10620570044282], [-90.7932850730642, 48.106237016144604], [-90.7876800973156, 48.10608871114848], [-90.78207413088431, 48.10594461204282], [-90.77955369212587, 48.10588242081352], [-90.77965888036734, 48.10597443161159], [-90.7796768842767, 48.10602426723013], [-90.77980795079543, 48.10613927247178], [-90.77994721368428, 48.10625893484751], [-90.78000419598695, 48.10635901135784], [-90.78010177034753, 48.10649136443847], [-90.78015875319454, 48.10659144087703], [-90.78018514659533, 48.10669992388353], [-90.7801853388079, 48.10681239941131], [-90.78018475709595, 48.10688437012904], [-90.78017714069456, 48.1069831981326], [-90.78016165058524, 48.107108867205184], [-90.78014344983399, 48.10723898276099], [-90.7801039526303, 48.10733719463397], [-90.78007007009171, 48.10742201838677], [-90.78002192499638, 48.10750656648201], [-90.7798989178592, 48.107594166538874], [-90.77984160897914, 48.10763804759402], [-90.77973667242918, 48.10767650915619], [-90.7795639087725, 48.10769116514018], [-90.77944096767831, 48.10767979079837], [-90.77933370931427, 48.107655222898], [-90.77926065502405, 48.10763581505191], [-90.77921322130855, 48.10762590024732], [-90.77910551172484, 48.10759232566428], [-90.77899825371232, 48.10756775745559], [-90.778893706485, 48.10753874269092], [-90.7787442427742, 48.10749986150782], [-90.7785981351569, 48.10746104503285], [-90.7784508648663, 48.10744919912011], [-90.77818936518622, 48.107457637939426], [-90.77799259608516, 48.10744483398941], [-90.77786146020354, 48.107428800555596], [-90.7776650790832, 48.10740700580313], [-90.77746089021132, 48.107371563022966], [-90.77732956078823, 48.10736002410814], [-90.77718332402327, 48.10734369769231], [-90.77710000954526, 48.107328588788725], [-90.77701043449973, 48.10732235641065], [-90.77686322818586, 48.107328505188676], [-90.77669065428631, 48.107397146998714], [-90.7765938437633, 48.10748075171279], [-90.77646289231129, 48.10757719208063], [-90.77634762379148, 48.107660439281965], [-90.77623293693452, 48.10773020100919], [-90.7761352860675, 48.107813789068686], [-90.77602021051861, 48.10789254080512], [-90.77592333515818, 48.107958148207224], [-90.77579193036443, 48.10804558128795], [-90.77563767873856, 48.10813707066902], [-90.77553796608214, 48.108171130691524], [-90.77542334581659, 48.108200403044435], [-90.77527594277265, 48.10821104485907], [-90.7751534523053, 48.10820867240058], [-90.77494093487235, 48.10819105932332], [-90.77481760550513, 48.108188670255906], [-90.77464741827151, 48.10822136425348], [-90.77450840479939, 48.10823216761782], [-90.77434344527835, 48.108260463577345], [-90.77392711110268, 48.1083153801175], [-90.77378054646354, 48.10832603626181], [-90.77367315742931, 48.10832395490419], [-90.77354208280971, 48.1083259132225], [-90.77341926562198, 48.108350525823234], [-90.77327256840513, 48.10838367311824], [-90.77312200286458, 48.10838975198966], [-90.77287707410844, 48.1084614842133], [-90.77258573541219, 48.108577304709854], [-90.7724630403874, 48.10863790964981], [-90.77225050266479, 48.1087372619216], [-90.77210412095033, 48.10880190596386], [-90.77199330357894, 48.108840246407965], [-90.77189062010369, 48.10886524790094], [-90.77171176245899, 48.10900124347183], [-90.77154777935026, 48.10931748228625], [-90.7714138036085, 48.10963880192536], [-90.77134659003907, 48.10979495843045], [-90.77143370197457, 48.10987762827234], [-90.77185398009799, 48.10986778596791], [-90.77227082092914, 48.10995685066854], [-90.7726550653743, 48.11008127276937], [-90.77291822953747, 48.11024833481424], [-90.77297688927402, 48.11028996196901], [-90.77294318727792, 48.11037028825983], [-90.77278950661274, 48.11044828827898], [-90.77260646006434, 48.11052571866105], [-90.77241829794362, 48.11070202474216], [-90.77229132129744, 48.11086152165997], [-90.77198829290636, 48.110936624095075], [-90.77150584673474, 48.11098575069332], [-90.77102339971186, 48.11103487525013], [-90.77072128017953, 48.11106950213036], [-90.77036134075915, 48.111062516057295], [-90.77002810380073, 48.11113702695964], [-90.76963873779343, 48.11111147185293], [-90.76936507002766, 48.111187137467226], [-90.76912004901843, 48.11129934977984], [-90.76878408323543, 48.11143678830687], [-90.76850535003344, 48.111629324187994], [-90.76828683021913, 48.111827528146044], [-90.76806830871091, 48.112025731655656], [-90.7678818785927, 48.112161574136536], [-90.76766686031824, 48.112278865245656], [-90.76763314868582, 48.11235918980235], [-90.76763139554271, 48.11239964558737], [-90.76781178909017, 48.11240315126455], [-90.76802252287138, 48.11238475183551], [-90.76810957358816, 48.11244942749204], [-90.76822527208704, 48.112550650665995], [-90.76815791010249, 48.112729296765885], [-90.76808620294138, 48.11298883809798], [-90.76798162228731, 48.113328720311614], [-90.76781740697096, 48.11364944809121], [-90.76771457623492, 48.113948874199], [-90.76767579865789, 48.11414607096869], [-90.76775155365155, 48.11447146190116], [-90.7679224100977, 48.11469522673545], [-90.76803889221202, 48.114778469788114], [-90.76823989781144, 48.1149848244573], [-90.76837879820835, 48.1152484575464], [-90.76854356292367, 48.11559357256591], [-90.76877322334751, 48.11583647386534], [-90.76900347001182, 48.11606588946431], [-90.769415294078, 48.116271837460886], [-90.76961728413912, 48.11645571439828], [-90.76988475183022, 48.11652389158912], [-90.77024219955005, 48.11658931594056], [-90.77053987679052, 48.11665807799734], [-90.77068670926599, 48.11671941301492], [-90.77080748043947, 48.116703761321176], [-90.77089985533615, 48.116665064116184], [-90.77105271854462, 48.11658705075655], [-90.77138157740652, 48.116633921330546], [-90.7719220980196, 48.116621912504804], [-90.77216111162026, 48.11664904264236], [-90.77226567315618, 48.11667806372275], [-90.77243867695097, 48.11733825351346], [-90.77300634666243, 48.117533713944646], [-90.77341546050674, 48.117919549588876], [-90.77419976805693, 48.11858258631877], [-90.77423380676501, 48.11890266538636], [-90.77470962745092, 48.120252546013624], [-90.77483160411985, 48.12046185667966], [-90.77511925317394, 48.12095780461601], [-90.77597018273228, 48.122238463363885], [-90.77614077440329, 48.12248920352722], [-90.77682155264358, 48.12411297373501], [-90.77743566118136, 48.12436329679199], [-90.77895730946818, 48.124896599878234], [-90.78051101117384, 48.12540800764067], [-90.78170476225081, 48.12575498383876], [-90.78272893614505, 48.12625613459853], [-90.78347920669152, 48.12689595490127], [-90.78313731230847, 48.127442717035], [-90.78303512220661, 48.1277871569611], [-90.78368274926294, 48.12806058732731], [-90.78381904325227, 48.128153193936384], [-90.78402428337681, 48.12810766582281], [-90.78491249693528, 48.1276704116939], [-90.78562842321877, 48.127742699466495], [-90.78658405456741, 48.12767113938076], [-90.78713057151452, 48.12771765919717], [-90.78733442772445, 48.12803650586114], [-90.78770900006079, 48.1284486170463], [-90.78924447714486, 48.1292519801625], [-90.78992676070348, 48.129912943431336], [-90.78989266459702, 48.13027669461352], [-90.78811716069634, 48.13253693732256], [-90.78757141096507, 48.13288183739735], [-90.78535197354414, 48.133153991597716], [-90.78378321028912, 48.132790822632074], [-90.78340659271663, 48.1329725081831], [-90.7826224366814, 48.13424854604807], [-90.78251150901922, 48.1344443544158], [-90.78214327204046, 48.13509407832901], [-90.78210905163056, 48.1354398293282], [-90.78262091173353, 48.13580511968435], [-90.78330343490885, 48.135894772117176], [-90.78524932745881, 48.13532495845283], [-90.78545446767542, 48.13530192005981], [-90.78637524886807, 48.13530167106604], [-90.78801290923764, 48.13594056062103], [-90.78879858511988, 48.136171630832195], [-90.78944590996147, 48.13610310943113], [-90.79060737275476, 48.13576104605237], [-90.79246514076466, 48.1356572958251], [-90.7938496003276, 48.1355804178809], [-90.7942927091673, 48.135395476019035], [-90.79442903895603, 48.13521364070018], [-90.79531684428896, 48.13553210511047], [-90.79613491785955, 48.13583122948507], [-90.79797755246415, 48.13690579763556], [-90.79712408024291, 48.13927832233546], [-90.79681677028132, 48.13952886335779], [-90.79456356741318, 48.14030891828398], [-90.79261782322018, 48.141108333719124], [-90.7923275884951, 48.141332197794206], [-90.79162765886244, 48.1418811008763], [-90.79080780493354, 48.142522169363374], [-90.78978345077243, 48.14348321466376], [-90.7857881488332, 48.14551173963718], [-90.78432012419947, 48.14617625834927], [-90.78087370997865, 48.14585330386349], [-90.78025904715858, 48.14629131380555], [-90.77889277357538, 48.147088195867674], [-90.77793661607237, 48.148252902486945], [-90.77803778452567, 48.14873173681947], [-90.77847375748375, 48.14951396936265], [-90.77889011024185, 48.15026432888069], [-90.77905988269576, 48.15078947687212], [-90.77847771766068, 48.1535090186556], [-90.77806783643724, 48.154670791011476], [-90.77752013068341, 48.156707169525745], [-90.77628812853789, 48.16138911560815], [-90.77628709075346, 48.16193795364648], [-90.77744677615097, 48.16342251527104], [-90.77792514737597, 48.163809670448764], [-90.77867649954936, 48.1640851320394], [-90.77942701999983, 48.164360572595186], [-90.78082698658544, 48.164585570613895], [-90.78127083718657, 48.16470211486576], [-90.7820219700777, 48.16449617502682], [-90.78294456439734, 48.164154075259574], [-90.78338808971677, 48.16394668906966], [-90.78588244034914, 48.160913084706465], [-90.7904581404567, 48.15999793446499], [-90.79107345459283, 48.160270698702206], [-90.7920630211688, 48.160910559089885], [-90.79210786169894, 48.16094291263866], [-90.79271172191712, 48.16134591399106], [-90.79325776234367, 48.16139239387549], [-90.79383824308688, 48.161165103771935], [-90.79479569945497, 48.15992831101135], [-90.79547873549794, 48.159406058128845], [-90.79660434346444, 48.15938266250495], [-90.79732206092972, 48.160503137303714], [-90.79759463287677, 48.16143962060893], [-90.79796964517341, 48.161829209318356], [-90.80008714679502, 48.16267056567192], [-90.80070058296444, 48.163244663402835], [-90.80121190010037, 48.16475255949744], [-90.80132633843427, 48.16533959697027], [-90.80175841841208, 48.167561286820494], [-90.8018259967914, 48.17089620799195], [-90.80257686327076, 48.171994787062964], [-90.80298594756738, 48.17247498638731], [-90.80421530266831, 48.17784308375961], [-90.80756555887876, 48.17889679939758], [-90.80957743656725, 48.17953351320227], [-90.81063609879776, 48.17967065946798], [-90.81394485615283, 48.179630185613256], [-90.81770638315082, 48.17958022145479], [-90.81780957164641, 48.179645164610385], [-90.81852607264277, 48.18065300728388], [-90.81931177386848, 48.182705882278185], [-90.82026874796547, 48.18403319345403], [-90.82112259757874, 48.18471971020922], [-90.82194243785158, 48.184582294248436], [-90.82412851199328, 48.18389490513534], [-90.82487997118305, 48.18378316617283], [-90.82573391917842, 48.183574387972875], [-90.8258371714668, 48.183459372774344], [-90.82576788485522, 48.18275174914209], [-90.82542624201197, 48.181247181152145], [-90.82474280402602, 48.180626905633765], [-90.82405970795574, 48.17960173958496], [-90.82383462633663, 48.17880118758661], [-90.82364985837204, 48.17814086174269], [-90.82388761640884, 48.177569517178284], [-90.82460620700978, 48.176881309971805], [-90.82614325897954, 48.177157835175294], [-90.83259694832341, 48.17377518222421], [-90.83283613545557, 48.17400463440892], [-90.83410000172448, 48.17493722532521], [-90.83518633045054, 48.17593393932513], [-90.83529642103754, 48.17603498724849], [-90.83632140577727, 48.17697204995505], [-90.8359506472119, 48.178728599794226], [-90.83484625530136, 48.183966896855694], [-90.83427541126183, 48.185859132271], [-90.83400199133025, 48.18775697138088], [-90.83417379064312, 48.18866896733583], [-90.83434617046439, 48.19200132731145], [-90.83441944716648, 48.1934153305827], [-90.8345519766503, 48.195977642878425], [-90.83462128121545, 48.19794492188996], [-90.83486124169085, 48.20216931026012], [-90.83530716475585, 48.206577526803486], [-90.83547607483558, 48.20775939068075], [-90.83575316699938, 48.209708085065806], [-90.83592515694141, 48.21265352883374], [-90.83606240207877, 48.214667068990636], [-90.83647339535143, 48.21633485753555], [-90.83644008832681, 48.218642104405326], [-90.83650859409516, 48.21955214737598], [-90.83678237351025, 48.22012414724248], [-90.83695421860621, 48.22151750400364], [-90.83706711433491, 48.222752293563516], [-90.83733117872998, 48.22563198027415], [-90.8374350218061, 48.22622327372493], [-90.8377086272906, 48.22652084221215], [-90.83876847259468, 48.22709412737372], [-90.83962293594664, 48.227708529687334], [-90.83982772567984, 48.228301718248794], [-90.8396234237096, 48.228896214464214], [-90.83917969414708, 48.23003955757212], [-90.83890599103619, 48.23072272291285], [-90.83801782207756, 48.23328381288742], [-90.83777953688306, 48.23472343458937], [-90.83883403905858, 48.23832428662823], [-90.83918358031826, 48.23951853274035], [-90.84287801424182, 48.24120748740259], [-90.84363174171261, 48.24358348076452], [-90.84736012047043, 48.244454151548084], [-90.8582959587472, 48.240978472895954], [-90.86689542614735, 48.23824569959883], [-90.86708646119475, 48.23818626246423], [-90.86773676309559, 48.23809485774238], [-90.87511490958948, 48.23779512567742], [-90.8761441729053, 48.23822803574105], [-90.87967214147926, 48.239714781558405], [-90.88145938536016, 48.24046753965867], [-90.88548860056237, 48.24579177597551], [-90.8988714513515, 48.240499255414875], [-90.90115947094155, 48.23959632455254], [-90.90378321594746, 48.2385510134282], [-90.90683674683524, 48.23734701723145], [-90.9114945897562, 48.233495352132685], [-90.9149795026264, 48.230611949321364], [-90.91720202382875, 48.23093117041237], [-90.91826121184386, 48.2305904610211], [-90.92383285242018, 48.2300344295894], [-90.9250997644469, 48.22990435175265], [-90.94582850698245, 48.22573298614163], [-90.96386235090579, 48.22209950984151], [-90.96579391949687, 48.22171083348623], [-90.96980723763102, 48.220900046726555], [-90.97696210538356, 48.21946065552013], [-90.98945857182494, 48.21188814438091], [-90.99716773568791, 48.207213607057106], [-91.00011711024992, 48.205424987273624], [-91.00424671081176, 48.202635581075235], [-91.00424724737945, 48.20238366114119], [-91.00390596743014, 48.2017928980185], [-91.00363276098197, 48.201333779774735], [-91.0034631205881, 48.20076399171343], [-91.00332724130345, 48.200559187738236], [-91.00336090655493, 48.2001908761029], [-91.01124418350358, 48.19834812739456], [-91.01241902036064, 48.19807153614617], [-91.01556539749951, 48.195858547795844], [-91.01881361420114, 48.19444350583873], [-91.02021436426942, 48.193779339484976], [-91.02028371631694, 48.193551098621725], [-91.02038715008655, 48.19291855837788], [-91.02048840662519, 48.19286631776674], [-91.02226574707876, 48.19270797278679], [-91.02267565743486, 48.192481092296184], [-91.02308674915729, 48.19209227609733], [-91.02356543053011, 48.191061301301545], [-91.02366751732168, 48.19085611505571], [-91.02373650745243, 48.19078982044841], [-91.02380492652858, 48.19062904246125], [-91.02421532196819, 48.1900827543459], [-91.03113794088456, 48.18855952935932], [-91.03159674388876, 48.18845941947279], [-91.03176883768103, 48.18848935959643], [-91.03480761717107, 48.1889642478729], [-91.03555871803106, 48.18946745239564], [-91.03586651024852, 48.18944572114989], [-91.03665190510783, 48.18955811455882], [-91.0436215649456, 48.189173121941515], [-91.04584225700945, 48.18882851406245], [-91.04591121612731, 48.18876220569204], [-91.04615007058881, 48.188761768307685], [-91.04700399156822, 48.188443377566244], [-91.04874742612643, 48.18839651552383], [-91.05031832436597, 48.18848616059147], [-91.05206161203697, 48.18775543843114], [-91.05274436372211, 48.187780505917864], [-91.05308724470837, 48.18780880920134], [-91.05554540229456, 48.18803037839306], [-91.05657092984568, 48.18757535961219], [-91.0579374176358, 48.186865167970026], [-91.05841634438366, 48.18629742314027], [-91.05927090853187, 48.185313139997426], [-91.06292562858796, 48.18522184725614], [-91.0633702327735, 48.18453653627338], [-91.06347277188223, 48.18449327697632], [-91.06354125447385, 48.1842380033131], [-91.06459956402556, 48.18261829386382], [-91.0655567407251, 48.18122630745593], [-91.07006473406436, 48.18032588123011], [-91.07566766243032, 48.179214184111736], [-91.07603487075258, 48.17922033279183], [-91.08041583471561, 48.179280102589345], [-91.08058641669686, 48.17932793927411], [-91.08082591298384, 48.179601863164585], [-91.08082591677176, 48.17969183782486], [-91.08089314400793, 48.179760441516386], [-91.08103080373711, 48.18014963115632], [-91.08113332388595, 48.1801963304112], [-91.08115164831733, 48.18031360335969], [-91.081167787568, 48.18042184235626], [-91.08126946806385, 48.180468527464924], [-91.08232878844414, 48.18072014407491], [-91.08273819628938, 48.1807674640508], [-91.08363612053795, 48.18031907276181], [-91.08379795724966, 48.180240794407375], [-91.08430933417091, 48.17989841971243], [-91.08680298534377, 48.17854985643416], [-91.0879644882097, 48.17795286265099], [-91.0885791596312, 48.17756720036879], [-91.08871541116926, 48.17736252511095], [-91.09018413596716, 48.17560094870628], [-91.09052483516649, 48.17516573501418], [-91.09226574895983, 48.173111738187025], [-91.09778833045802, 48.171205854229264], [-91.09789989015445, 48.171167212343114], [-91.10889524517003, 48.168447011002876], [-91.11374230355847, 48.166547237622886], [-91.1148695377529, 48.16606637694678], [-91.11647316416908, 48.164122230307406], [-91.11650668304901, 48.16401031146733], [-91.11691993467957, 48.163490732982766], [-91.11783705009358, 48.162340587472386], [-91.11797310919187, 48.16209088705986], [-91.1184505540321, 48.16163083790679], [-91.1189085946022, 48.161287436133925], [-91.12005483787445, 48.160419944931746], [-91.12511816708117, 48.15912606101659], [-91.12694070309531, 48.15872390604966], [-91.12817090721244, 48.15836156063619], [-91.13858857427071, 48.155854049181706], [-91.13975403704468, 48.15541855151936], [-91.14012528816839, 48.15528510063267], [-91.14292660424991, 48.154372179732185], [-91.14302825451531, 48.15425685556605], [-91.14203869492742, 48.15359304183768], [-91.14104908131414, 48.1530011982618], [-91.14081024505629, 48.15261044312286], [-91.14070817355025, 48.1519699715659], [-91.14053821614978, 48.15171979101757], [-91.14036761194755, 48.1516270553782], [-91.14002643326465, 48.15160353819062], [-91.13991659949312, 48.15161975515614], [-91.13893313181978, 48.15176578469835], [-91.13862641447643, 48.15176531517665], [-91.13849017241301, 48.15146619165611], [-91.13831933863047, 48.15103154549127], [-91.13835448052542, 48.15091964652139], [-91.13821739812217, 48.15075996976049], [-91.13804741327594, 48.150185876122656], [-91.13791104703348, 48.14977428144065], [-91.13784408505023, 48.14953476330582], [-91.13774169320833, 48.149159708851094], [-91.14004900658358, 48.148049903749666], [-91.14078104750602, 48.14769735366354], [-91.15392847532176, 48.141534633498864], [-91.15611444982936, 48.14048553915299], [-91.16184780400539, 48.13629910637134], [-91.16336346587859, 48.135189662436176], [-91.17618925378605, 48.12582065387653], [-91.17813261259977, 48.124902251968805], [-91.18321474881655, 48.12224299443309], [-91.18418627369472, 48.12265424229345], [-91.18952721478891, 48.124897923776246], [-91.19020664684845, 48.12535400320687], [-91.19046872561253, 48.124899259912155], [-91.19501610927406, 48.12080045950531], [-91.2062013730949, 48.1107185113938], [-91.2066426296597, 48.11032051318019], [-91.21132736594834, 48.10589030201783], [-91.21443668735319, 48.10295150213066], [-91.21628831305992, 48.10218848621814], [-91.22621090132112, 48.09967886008614], [-91.2286218426533, 48.09868134790659], [-91.23229464770264, 48.09716335894963], [-91.23494004878165, 48.0959308882605], [-91.23897613348011, 48.092785221703444], [-91.24996426729086, 48.08421656569712], [-91.25011937519014, 48.084097462214494], [-91.25020935849729, 48.084067341599926], [-91.26244712419671, 48.08001527061972], [-91.26318220563341, 48.07979245166133], [-91.26638867626056, 48.07872069683716], [-91.26727425931664, 48.078563105402594], [-91.27144262741066, 48.078531429535225], [-91.27596943939338, 48.07849598485415], [-91.27627546928449, 48.0784285972915], [-91.27894653154796, 48.077573394862924], [-91.2902230003443, 48.07395383876213], [-91.29158029501737, 48.07388855632329], [-91.29359797676395, 48.07379707947372], [-91.30263301196274, 48.07304018305704], [-91.30662144157573, 48.072698657810115], [-91.3112574862755, 48.07274441090945], [-91.31183640312548, 48.07295086467435], [-91.31268898314879, 48.0731793304282], [-91.31298662599008, 48.07323768680828], [-91.31388306032738, 48.073408304019274], [-91.31470047931546, 48.07342929652058], [-91.3159274269097, 48.07329433289571], [-91.32479187645818, 48.072609671590975], [-91.325916464846, 48.07226616652763], [-91.32676960304765, 48.071806228421075], [-91.32789466950676, 48.071395229873644], [-91.32809783658134, 48.07123623229697], [-91.32826796436889, 48.071009272439134], [-91.32874611883985, 48.07059784693441], [-91.32908611234156, 48.07022939729958], [-91.3300415778418, 48.06982040942791], [-91.33259765510986, 48.06934018414865], [-91.33433615065178, 48.06933841287226], [-91.33471320840812, 48.06937986947795], [-91.33494966819306, 48.06941028954399], [-91.33525636414832, 48.06950021062458], [-91.3365868488163, 48.06963645137378], [-91.33672213980262, 48.07061913560222], [-91.33672336220549, 48.070893576396244], [-91.34016743947672, 48.0732467451699], [-91.348213079669, 48.07191861981498], [-91.34865604136307, 48.07192048952027], [-91.34960997365548, 48.07152931216898], [-91.35018846036643, 48.07143864949904], [-91.35039405333227, 48.07162155139712], [-91.35052943843651, 48.07169097646392], [-91.3507686023282, 48.07168991156762], [-91.35318885374403, 48.070887868042085], [-91.3537002350897, 48.07079622569128], [-91.35407490235494, 48.07054516659137], [-91.35608609934421, 48.06988565876294], [-91.36276400567886, 48.06768667367335], [-91.36515070699622, 48.0669783737848], [-91.37067452990958, 48.0693961950582], [-91.37087928653307, 48.06942159267881], [-91.37512180293463, 48.067461749428844], [-91.37766307732234, 48.06628750803627], [-91.37774904708645, 48.066248233534054], [-91.37889109345322, 48.06576049771405], [-91.37936821791492, 48.06542082748718], [-91.37947084097797, 48.06530530817884], [-91.38209833532345, 48.063407888954934], [-91.38538660891099, 48.061110314308245], [-91.38888478713771, 48.05866263259697], [-91.39113594652268, 48.057083636495136], [-91.39220637603134, 48.05691867433051], [-91.4138705148873, 48.053526393789184], [-91.4151272590469, 48.05313435531292], [-91.422630303733, 48.05078582101054], [-91.42481160422753, 48.05062680681782], [-91.42716248932966, 48.04996621527418], [-91.42964992701431, 48.04861913635508], [-91.43125196726277, 48.04864102640803], [-91.43164753962056, 48.04867791914295], [-91.43646503237616, 48.049143980513136], [-91.43686550665217, 48.049185420702386], [-91.43758960216006, 48.04925825411978], [-91.4382703300403, 48.049600417217256], [-91.4384080892854, 48.04975974564576], [-91.43888515460505, 48.049986667912506], [-91.4390347896463, 48.050141658236534], [-91.43861182655067, 48.050788225679796], [-91.4386461537863, 48.05090116052038], [-91.4384757599144, 48.05115527193684], [-91.43830470842143, 48.0512924071844], [-91.43810052437695, 48.051748501467024], [-91.43810040585072, 48.05211289692181], [-91.4385775570146, 48.05275370453109], [-91.43878155886999, 48.0529139328129], [-91.4388849538525, 48.053072793504654], [-91.44092982542286, 48.055655842258986], [-91.44106577220788, 48.0557926490519], [-91.44120151970178, 48.05601942748595], [-91.4418500712854, 48.05682000200983], [-91.44219089086589, 48.05711704153083], [-91.44270147962138, 48.057848259157105], [-91.4437926619192, 48.0591046943684], [-91.44379330478324, 48.059194677530755], [-91.44399610289197, 48.0593683761334], [-91.44423608455268, 48.0597000332385], [-91.44444029213341, 48.05988274756618], [-91.44457492980591, 48.06009151187997], [-91.44474708231321, 48.06036376603774], [-91.44498580927306, 48.060542447985775], [-91.44525777630321, 48.06084304478373], [-91.44542909631271, 48.06111528660283], [-91.44696340805604, 48.06289953799484], [-91.44713322869073, 48.06319425046418], [-91.44703132001428, 48.06415559862701], [-91.44689473070474, 48.064819562320174], [-91.4468946719818, 48.065183957660246], [-91.44679297979154, 48.06552448528754], [-91.44675885883665, 48.06607286743795], [-91.44669089720215, 48.06646333687857], [-91.44658894583768, 48.06739769130402], [-91.44723612783278, 48.0677213509852], [-91.45033854097396, 48.06881594255386], [-91.45130702131875, 48.06866704916898], [-91.45609835043668, 48.0679442670747], [-91.46438201290175, 48.06680465436295], [-91.46550698649759, 48.06677919840086], [-91.46592912354924, 48.066802831208065], [-91.48105214063817, 48.067665096843626], [-91.4880752842505, 48.06812213842281], [-91.48865470474068, 48.06807577822684], [-91.4897340526061, 48.067775063559466], [-91.50012285604012, 48.06487004596345], [-91.51014027742289, 48.06214821980276], [-91.51985065954754, 48.05950704090232], [-91.52658538532235, 48.05760968932503], [-91.52738528491227, 48.057386013462185], [-91.54073249584381, 48.0537639302998], [-91.54252016583422, 48.053278271653525], [-91.54683276586638, 48.051587409449006], [-91.56695503585476, 48.04370653708125], [-91.56726219235436, 48.04372836334602], [-91.56742375498332, 48.04382934989008], [-91.56848914172501, 48.04448144789221], [-91.57567930946753, 48.04879960660555], [-91.57302400329709, 48.05730068530873], [-91.57322800686676, 48.05778008097014], [-91.57343235173107, 48.058763334318755], [-91.57363723380298, 48.05933271391565], [-91.57360384587192, 48.059539239301216], [-91.57370596333996, 48.059607987618584], [-91.57373990861493, 48.05992781635296], [-91.57387581808324, 48.06010945139569], [-91.57401250624224, 48.06083993654577], [-91.57486540034247, 48.06413006671824], [-91.5750014511017, 48.06442866797398], [-91.5750699838568, 48.06504583860556], [-91.57520647401057, 48.065389431912386], [-91.57529214987186, 48.0657503896256], [-91.57534263007045, 48.06595795535773], [-91.57547996299128, 48.06630155872926], [-91.57541198349958, 48.06684955580358], [-91.57530898665958, 48.067055218221405], [-91.57513876020751, 48.068267752831204], [-91.57472987012123, 48.07007115291452], [-91.57459403248552, 48.07064529942861], [-91.57459406771186, 48.07109966713089], [-91.57449189751618, 48.07130533895678], [-91.57432166581944, 48.07224345175438], [-91.57428783608377, 48.07240498458474], [-91.57425406857992, 48.07274646555557], [-91.57401507741916, 48.07377369803372], [-91.57275346984736, 48.07937238675574], [-91.57268541289157, 48.079830406597104], [-91.57254897076766, 48.08024258992542], [-91.57237848167236, 48.08124817560223], [-91.57210540393608, 48.08259438540834], [-91.57209278209255, 48.08274718357554], [-91.5720721388042, 48.08300785029879], [-91.57190212502216, 48.08341961541678], [-91.57180011657148, 48.08401217273259], [-91.57169712224685, 48.08439777853805], [-91.57162842561416, 48.084878282841565], [-91.57101574178392, 48.08748439430159], [-91.57087902317781, 48.08823847098405], [-91.57002666440367, 48.091826803491735], [-91.57002682457532, 48.09212371778225], [-91.5698943182741, 48.09272489040952], [-91.56975506183548, 48.09335746949499], [-91.5694816480929, 48.09356100442173], [-91.56368897917676, 48.09684474278589], [-91.5588723119687, 48.09957360289288], [-91.55781534732753, 48.10023514080796], [-91.55297039579008, 48.103021881050715], [-91.55307256322739, 48.10318062104317], [-91.55389164230148, 48.103820746217885], [-91.55413061051145, 48.10407118025059], [-91.5545731039385, 48.10436916097174], [-91.55515386540075, 48.104916305335564], [-91.55809008079365, 48.10731049029483], [-91.55928045681156, 48.10827913884316], [-91.55965660905076, 48.108279356109236], [-91.56300429449242, 48.10791639325157], [-91.56301244473596, 48.10762408221821], [-91.56570351899525, 48.107621717216006], [-91.57586071636968, 48.10651992679282], [-91.57719204958546, 48.10610454920706], [-91.58467413647578, 48.10358323607735], [-91.58872203303994, 48.1022204479457], [-91.58896173614849, 48.10217390668137], [-91.59455583395392, 48.10210301193795], [-91.60731651892843, 48.10201996398195], [-91.61294319653138, 48.10198455793724], [-91.61526305793504, 48.10191356945855], [-91.62512935004652, 48.09995817310025], [-91.62673155950452, 48.09962643894894], [-91.63472504351525, 48.09798521931025], [-91.64018328270701, 48.09693428141903], [-91.6410701772182, 48.09771404405393], [-91.64124038417937, 48.09800846941426], [-91.64154723691014, 48.098214537125564], [-91.6442733256116, 48.10081996369732], [-91.64471635485015, 48.10121207409761], [-91.64740973880915, 48.10370007363688], [-91.64751165007543, 48.103975690715366], [-91.64799949983583, 48.105029616640266], [-91.64815851842683, 48.105368886051906], [-91.64822636425332, 48.10559911516006], [-91.64846575440224, 48.10601130793628], [-91.65278307722086, 48.109026615013164], [-91.65330836773522, 48.109392664053686], [-91.65357982948557, 48.10957579096905], [-91.65351197328998, 48.10982691971944], [-91.6517687705382, 48.112429186228226], [-91.65170132491059, 48.11256785265585], [-91.65163186269136, 48.11275148176917], [-91.65170023528856, 48.11302670105825], [-91.65180272787417, 48.11318535602466], [-91.65190522108257, 48.11334401090133], [-91.65221242102827, 48.11373449754142], [-91.65326892286832, 48.11414726375106], [-91.65405434991622, 48.114008011489965], [-91.66265530274754, 48.111499227318674], [-91.66279096749717, 48.11138384161919], [-91.66292955390502, 48.10982892541919], [-91.66306509989437, 48.109556085621186], [-91.66308389982159, 48.109187415931], [-91.66310057676829, 48.1088682065527], [-91.66432841335042, 48.10782080682574], [-91.66439724076135, 48.10765965582554], [-91.66521645251892, 48.10702137098421], [-91.66569338084061, 48.10724734368751], [-91.66753511969675, 48.10836638416209], [-91.67033612186516, 48.10836734106797], [-91.67152755840944, 48.10836762628905], [-91.6768839836824, 48.107273280512544], [-91.6809101041332, 48.10812032835266], [-91.68128476155694, 48.108507012909044], [-91.68135307089246, 48.10869224094615], [-91.68148984519584, 48.108761290042075], [-91.6814900622653, 48.10885126525747], [-91.6816254225513, 48.108942791143654], [-91.6816895493211, 48.10902900098206], [-91.68203566726082, 48.109514325546876], [-91.68227339221215, 48.10967450427232], [-91.68401416737464, 48.11029277276956], [-91.68746092952861, 48.111614306811035], [-91.68763156445003, 48.11170622846697], [-91.68742684715112, 48.11209527120093], [-91.68729004987938, 48.1123231387383], [-91.68438868912664, 48.116869563003334], [-91.68380883904553, 48.117740155412235], [-91.68288709492752, 48.121602912374385], [-91.68285265105472, 48.12212885683746], [-91.68374002701515, 48.12194558397202], [-91.68838076131684, 48.1205725841515], [-91.69137610559078, 48.11969351400282], [-91.69165701531935, 48.11961123885453], [-91.69237437408886, 48.119340489558525], [-91.69237374791226, 48.11913354562092], [-91.69223669599214, 48.118974534005766], [-91.69213535622536, 48.11869896439822], [-91.69199827261973, 48.11860743152604], [-91.69199848745909, 48.11840049713113], [-91.6916911110336, 48.1180371076844], [-91.69162278673373, 48.11778440660782], [-91.691520396249, 48.117715761302435], [-91.69152016194369, 48.11762578608079], [-91.6916231573107, 48.11760446572163], [-91.69206563585634, 48.11707866496802], [-91.69240795563813, 48.116826139095124], [-91.69250971868387, 48.116687839586795], [-91.6928512265345, 48.11636782372296], [-91.69715123515849, 48.115521431623336], [-91.70353242305798, 48.113555727464366], [-91.70390721879936, 48.113577950102126], [-91.71185881885134, 48.11460757794562], [-91.71199452612707, 48.11472156482692], [-91.71250686119487, 48.115726001335126], [-91.71243899176365, 48.116089629493196], [-91.7122341759937, 48.11689258812735], [-91.71108354309006, 48.11790537367186], [-91.71039227947266, 48.11851392923709], [-91.70964116442117, 48.11913080578599], [-91.70858485529718, 48.12173713747444], [-91.70855000650823, 48.12192118929728], [-91.70834651968944, 48.122332775328715], [-91.70831262200336, 48.12251233913406], [-91.70810732623198, 48.122995882305474], [-91.70750037810053, 48.12328596602483], [-91.70725467443685, 48.1234046648878], [-91.70448922850238, 48.124462186681], [-91.70414867831548, 48.12461129991101], [-91.70415056037231, 48.12490373143244], [-91.70377640454109, 48.1255203210273], [-91.70244622737253, 48.1280110394378], [-91.70203658402062, 48.128834158828084], [-91.70196827214515, 48.12887837339032], [-91.70087665879184, 48.13079594426431], [-91.69998911036662, 48.131847580331744], [-91.69988732086445, 48.133151027112774], [-91.69975157790293, 48.13529982865483], [-91.69952637846687, 48.13782999894373], [-91.69951350466071, 48.13797380880909], [-91.69941058097409, 48.138157087057884], [-91.69903557105404, 48.13929998793085], [-91.69883066762742, 48.139662055492536], [-91.69828420300608, 48.14117189819429], [-91.69818216151054, 48.141652093430324], [-91.69845549819934, 48.143801025336835], [-91.69872868459336, 48.144029049352994], [-91.69934345933869, 48.14473779151868], [-91.69947951298526, 48.14480681036171], [-91.70169833455712, 48.144782413928304], [-91.70333878540339, 48.1451698205736], [-91.70357756078837, 48.14539744467816], [-91.70357770203113, 48.14549191696873], [-91.70388588923605, 48.14583278853294], [-91.70388585179472, 48.14596774623755], [-91.70412452002302, 48.14619986655715], [-91.70429440396386, 48.14649419131936], [-91.70443074296209, 48.146585700489354], [-91.70443086770202, 48.146747651623485], [-91.70470382211627, 48.14695316559559], [-91.7047390326833, 48.14722347864236], [-91.70542184166817, 48.148004932053865], [-91.70552371152532, 48.14823100966454], [-91.70559257886525, 48.14829926439056], [-91.70559272370707, 48.14839373666552], [-91.70572907000894, 48.148485244332015], [-91.70617291154919, 48.14914703789673], [-91.7062417652376, 48.14928277108408], [-91.70682223245554, 48.15012604403802], [-91.70685682278388, 48.150220903870604], [-91.7070956368616, 48.150448520822145], [-91.70709589737623, 48.1505384957566], [-91.7071294862058, 48.15060635263144], [-91.70723154521184, 48.15079194333098], [-91.70740260551572, 48.15097381144001], [-91.70750589459014, 48.15117741011424], [-91.70801741492721, 48.151956920857366], [-91.70825004614406, 48.15236440975188], [-91.70839410552293, 48.15261795039892], [-91.70853046791471, 48.15270945482188], [-91.70842782136798, 48.15291523679982], [-91.70726761234133, 48.15367145230585], [-91.7063811400304, 48.15614020438724], [-91.70624344908641, 48.156435561781784], [-91.7061754919963, 48.156731704074296], [-91.70535658597795, 48.15894928658209], [-91.70532308668558, 48.15917833751233], [-91.70511770540358, 48.159724852129955], [-91.7050835460148, 48.16054770984071], [-91.70528994119817, 48.1623989565945], [-91.70530930193793, 48.16683928300735], [-91.7053259852467, 48.17078473160652], [-91.70556519492439, 48.17089989059247], [-91.70939146673982, 48.17272435952233], [-91.71110797048955, 48.17256367823718], [-91.71441392807786, 48.17224531634012], [-91.71755635589193, 48.17180807169348], [-91.71912723771432, 48.17107882438231], [-91.7208693532413, 48.17039194869432], [-91.72329300619361, 48.16927175822129], [-91.72366914967978, 48.16966281404112], [-91.72425011300994, 48.170371043010974], [-91.72435320891415, 48.170417173140585], [-91.72459247586758, 48.17066725052071], [-91.72452459608324, 48.17089592490946], [-91.72333036243914, 48.17345585394683], [-91.72258265596436, 48.178341999261676], [-91.7214208406467, 48.18026346852509], [-91.72009001147502, 48.18133731170042], [-91.71243860973449, 48.18750936991825], [-91.71233589771663, 48.1877826321542], [-91.71161892833463, 48.189110673406816], [-91.71161917613004, 48.1893356047035], [-91.71100907051861, 48.191263149381356], [-91.7110132856139, 48.19474958659838], [-91.71148522746938, 48.1953486887177], [-91.7116225480996, 48.195440199300805], [-91.71169062516532, 48.19564339778991], [-91.7117719498934, 48.195720784870204], [-91.71196357809899, 48.195893877845975], [-91.71380935476205, 48.198159329747725], [-91.7149388379175, 48.19913915357285], [-91.71524518723045, 48.19930002772513], [-91.71784323195945, 48.199778892828256], [-91.72970673785834, 48.20221837049799], [-91.73343185660174, 48.203019732430334], [-91.73886931998223, 48.20418166259738], [-91.7423214174005, 48.2044983946449], [-91.74259528609336, 48.20447889798703], [-91.74245698735548, 48.203015355171914], [-91.74228509066936, 48.20237467976428], [-91.7422503094866, 48.201321637317456], [-91.74211220747117, 48.20064084422261], [-91.74193971453926, 48.19913194002786], [-91.74498143148773, 48.198467914114985], [-91.7490833418111, 48.19885451684452], [-91.75013265237881, 48.19932028533069], [-91.75394764986956, 48.20120611107379], [-91.7540498171393, 48.20157160133779], [-91.75418525352525, 48.20164054757415], [-91.75415111653335, 48.2017301486502], [-91.75428853099017, 48.20182160896474], [-91.7542531943578, 48.201960681147455], [-91.75435667622044, 48.202029280865915], [-91.75452676158545, 48.20250797042649], [-91.75466382039856, 48.20264891049439], [-91.75469755150958, 48.20278423248702], [-91.75473178137506, 48.20282958883107], [-91.75479974281811, 48.20301026712614], [-91.75500451720717, 48.20337686786597], [-91.75507212229294, 48.20360702618476], [-91.75520874954361, 48.20376595509816], [-91.75538831702595, 48.2042357487955], [-91.75554963462213, 48.20466035909234], [-91.7556862661, 48.204819287446696], [-91.7556855206002, 48.20495423588365], [-91.7558221532658, 48.20511316407892], [-91.75595882211817, 48.20547902578864], [-91.75619750261723, 48.20580100565899], [-91.7564021633676, 48.20582571271902], [-91.75749689356162, 48.205639614719956], [-91.759343368595, 48.20518721081389], [-91.76088206422487, 48.204798938187864], [-91.76115598045841, 48.20456796600266], [-91.76132688718089, 48.20431788900408], [-91.7613265332927, 48.204227914198114], [-91.76170382602571, 48.203791121317835], [-91.76170347146302, 48.20370114649927], [-91.76201204463794, 48.20335808183523], [-91.76204557102908, 48.203223486396986], [-91.76214906176894, 48.20315262409383], [-91.76214870640912, 48.20306264926015], [-91.76283250609835, 48.20219279346492], [-91.76290169967088, 48.20200909756715], [-91.76296951676822, 48.201987334649544], [-91.76297000088303, 48.20189736883802], [-91.76324347702666, 48.201508937587725], [-91.76396155094419, 48.201030817691084], [-91.76413314977768, 48.2009606859344], [-91.76467947911003, 48.200593178697616], [-91.7663204895219, 48.20052533000925], [-91.77671333749849, 48.2004654559519], [-91.78119044813415, 48.20044103745771], [-91.78177082138235, 48.20005131742696], [-91.78231822451599, 48.19952628872431], [-91.78266033171765, 48.199322978986906], [-91.78272922585704, 48.1991842535452], [-91.78378805727812, 48.19840821522676], [-91.78505464341377, 48.19731046755815], [-91.78614801001537, 48.196422308653716], [-91.78901963663225, 48.19655606406806], [-91.78915531256649, 48.19665196290172], [-91.78939422028267, 48.19722129657766], [-91.78949721043544, 48.19731235219735], [-91.7895654927534, 48.19752000453084], [-91.78970092030326, 48.19784082754607], [-91.78973545597145, 48.19808861137128], [-91.79000960127706, 48.19859083637889], [-91.79014511470238, 48.199051114701604], [-91.79028196415207, 48.19909754046906], [-91.7904520337493, 48.19973362540685], [-91.7908280286351, 48.200376374916885], [-91.79086255942305, 48.20069613498206], [-91.79096524734577, 48.20076469330034], [-91.79106767779713, 48.201130152892496], [-91.79123853806219, 48.201518824698134], [-91.79127236504183, 48.20165413678623], [-91.79134026462388, 48.201699836209166], [-91.7916131585882, 48.20236399149636], [-91.79181854332106, 48.202501106735504], [-91.79810715766622, 48.202823448068955], [-91.798295954198, 48.20287940444959], [-91.79978279404328, 48.20332679857638], [-91.80162844788617, 48.20382739856801], [-91.80904563053018, 48.206023296301524], [-91.81031003001155, 48.206639193302976], [-91.8144811029403, 48.208670639203966], [-91.81476337683527, 48.20934383185581], [-91.81578037647586, 48.21175653080811], [-91.8162237509403, 48.211756598879646], [-91.81995314517339, 48.211178643573795], [-91.83161284651648, 48.20936787208677], [-91.83198341328449, 48.20931315697204], [-91.83239480654525, 48.209312837745145], [-91.83263413039731, 48.20936925073023], [-91.83441174403978, 48.20981464927508], [-91.83509494000525, 48.20999701728759], [-91.83612105578503, 48.21026832577997], [-91.83947066616584, 48.20965440212819], [-91.84112550257993, 48.209392187736114], [-91.84171145056658, 48.20929912558185], [-91.84582911000471, 48.20864326928397], [-91.85871601228413, 48.20745386534166], [-91.8601179377022, 48.207359810622705], [-91.86341860640557, 48.207073096975286], [-91.86350207022782, 48.20706492511485], [-91.86439018249094, 48.2070377137994], [-91.86445943103989, 48.207177852268565], [-91.86452772313574, 48.20747542974947], [-91.86463071475796, 48.20761140286972], [-91.86466502150245, 48.20788615193543], [-91.86480213097462, 48.208229394139174], [-91.86487012045275, 48.208616938924344], [-91.86514503604505, 48.209348414707115], [-91.86515502253293, 48.2094294867825], [-91.86517934653963, 48.209623163568445], [-91.86541959425315, 48.21028681841661], [-91.86545444292346, 48.21065154298261], [-91.86559181645428, 48.21094530288191], [-91.86569473864745, 48.21142766073606], [-91.86586539759082, 48.21192868085073], [-91.86600235508908, 48.212546329858206], [-91.86617420635771, 48.213069853789456], [-91.86624335680258, 48.21336743838736], [-91.86638049084544, 48.213710678584945], [-91.86648327390344, 48.214238019343625], [-91.86668809314169, 48.214716882177726], [-91.86668960860658, 48.21499130700297], [-91.86692955482383, 48.21563246242595], [-91.866963575979, 48.2159971780223], [-91.86720362933342, 48.21663383528345], [-91.8673406145089, 48.217251482424395], [-91.86761486356691, 48.218054920833595], [-91.86764879551026, 48.21834765886925], [-91.8678895551533, 48.21910578138687], [-91.86836861583541, 48.21939840333867], [-91.87408169349698, 48.2222525766276], [-91.87435567084992, 48.222345229914765], [-91.87513723293455, 48.22269926559865], [-91.87747323192784, 48.223815237854716], [-91.88411786752415, 48.226988397580065], [-91.88469951130499, 48.227331430026155], [-91.88483597994082, 48.22755767937037], [-91.88503494699191, 48.2277350510822], [-91.88524634113492, 48.227921539961045], [-91.88548545067606, 48.22826574495945], [-91.88637321811012, 48.22931800195384], [-91.88644097062182, 48.22945361347856], [-91.8865096017093, 48.229548746895276], [-91.88801232308234, 48.23135369749305], [-91.88855949035855, 48.23197078540953], [-91.88869563358594, 48.23217453426266], [-91.88883204264943, 48.23228831540078], [-91.88900330043323, 48.23254188681706], [-91.8896862874619, 48.23334022182215], [-91.8898574214031, 48.23363877575548], [-91.8900627088398, 48.23379820551633], [-91.89040343816401, 48.23423335093728], [-91.89057422759103, 48.23439244680207], [-91.89067746871311, 48.234600374194244], [-91.8924883280137, 48.23661066954093], [-91.89262449891606, 48.236814413794086], [-91.8930681678294, 48.23731801999533], [-91.89323946077833, 48.237454624124226], [-91.89347808278842, 48.23770883704468], [-91.90086777204364, 48.23711844209231], [-91.9021680341071, 48.237049892548555], [-91.90377495863493, 48.23704723171597], [-91.90599851327804, 48.2371403876613], [-91.90651076061374, 48.237473651281086], [-91.90697477817208, 48.237779463081644], [-91.90760491462177, 48.23819031695225], [-91.90921287070405, 48.23825956579785], [-91.91266820724877, 48.238103359776176], [-91.91318085721267, 48.2382611559394], [-91.91372258754856, 48.23867563888939], [-91.91633245693659, 48.238695769682415], [-91.91807304951455, 48.23810486569532], [-91.92081021216714, 48.23675405127294], [-91.92828346940668, 48.23592875717215], [-91.92905377572079, 48.235841466779455], [-91.93421834118242, 48.23463437863091], [-91.93736469544828, 48.23422265021142], [-91.93863092672665, 48.23351458737913], [-91.93958840012316, 48.23292062407577], [-91.94071700441576, 48.232026830344886], [-91.9415716460648, 48.23070314629187], [-91.94184538755472, 48.23061119766375], [-91.94417069528731, 48.23045263629137], [-91.94516296670304, 48.230452747781925], [-91.94646260165317, 48.23097749343628], [-91.95075897977694, 48.23291964793874], [-91.95176389978356, 48.23337416575901], [-91.95340628492883, 48.232988762595], [-91.95829797840426, 48.23303318906627], [-91.9584337752516, 48.23310189681188], [-91.95959756263808, 48.235977973973576], [-91.9599065618614, 48.236803993635036], [-91.95987139097005, 48.236961122622276], [-91.95768822225682, 48.23864627875357], [-91.95744443570882, 48.2388375034154], [-91.95836906260743, 48.24379422034842], [-91.95412758773276, 48.24413808680766], [-91.95112891172663, 48.24434469118861], [-91.94981711857366, 48.244436181806186], [-91.94957782643837, 48.24452846405372], [-91.94882530475645, 48.245304323021585], [-91.94851717413897, 48.245715366159985], [-91.94848326459257, 48.24585001060873], [-91.95121818772594, 48.24747195272967], [-91.95423122631266, 48.2492538058383], [-91.95431810073023, 48.249906875834824], [-91.95440524132788, 48.25120772934493], [-91.95444013715043, 48.25168488559851], [-91.95447387595911, 48.25184713768538], [-91.95577445632563, 48.252439260783476], [-91.95765599992478, 48.2525777924552], [-91.95803330892704, 48.25273865913041], [-91.95868874798263, 48.25317645099673], [-91.95912823910803, 48.25346833305487], [-91.95957352542982, 48.25355783434583], [-91.96272051226495, 48.25353678474473], [-91.96378433558843, 48.2535598725483], [-91.96799081267375, 48.253651687150295], [-91.97024832979076, 48.25360445054609], [-91.97103564397294, 48.25335058743615], [-91.97139273823406, 48.253178342008795], [-91.97178816388414, 48.25298394587998], [-91.9720946465988, 48.252185957389514], [-91.9725723798265, 48.250404331735304], [-91.9716478133116, 48.249905731993245], [-91.97072248184591, 48.249488090520046], [-91.97037969827402, 48.249368060930045], [-91.97041410579119, 48.24870259405692], [-91.97061833560801, 48.24813311573337], [-91.97106366165183, 48.247673758394924], [-91.97266673605164, 48.246954841028554], [-91.97366319001969, 48.24650939368362], [-91.9740391892981, 48.246188858813994], [-91.97410658556082, 48.24614447537992], [-91.97444889589819, 48.24557172359029], [-91.9747224391293, 48.24532224823356], [-91.97581639358592, 48.24454476392665], [-91.97653505087793, 48.24447468922287], [-91.97677488071557, 48.244521808679046], [-91.97691067746567, 48.244635479183245], [-91.97704759927718, 48.24486162157937], [-91.97708308899163, 48.2450238826746], [-91.97732180517194, 48.24529591514662], [-91.97735701261871, 48.24534571159941], [-91.97773321662638, 48.245731428023234], [-91.97763050170632, 48.24602741445931], [-91.97749357827627, 48.24635008745433], [-91.9777340955138, 48.24653216540401], [-91.9778367639079, 48.24682997789758], [-91.9777000385987, 48.247058184778076], [-91.97756272444144, 48.247146933375674], [-91.97797344251465, 48.247195569804404], [-91.97845271837849, 48.24735277742535], [-91.98016391403915, 48.24758389546264], [-91.98060789871958, 48.247695796241345], [-91.9807799079494, 48.24780978314185], [-91.98223691575889, 48.249905485004994], [-91.98366036846035, 48.252000870843375], [-91.98400175672232, 48.25236376601644], [-91.98442477346964, 48.253069265239176], [-91.9844818322365, 48.25316423717019], [-91.984721118999, 48.25336878169281], [-91.9847221711334, 48.25348575130888], [-91.98496141191096, 48.25373527964786], [-91.98516674677882, 48.254123960896756], [-91.98568116112075, 48.25480776952476], [-91.98736041915716, 48.25713928414468], [-91.9873598822533, 48.25725174118564], [-91.98749746602653, 48.257320429868926], [-91.98777084903105, 48.25780417324664], [-91.98794197422359, 48.25800811076652], [-91.98825161138784, 48.25853265825817], [-91.98903934025542, 48.259538247112346], [-91.98903885186775, 48.259605719848885], [-91.98914152545888, 48.259651607231284], [-91.98917617621977, 48.259858841409674], [-91.98955301774475, 48.26022203112114], [-91.99490825033004, 48.261798446042604], [-92.00014131842363, 48.263566982223914], [-92.00203473937401, 48.26442014528994], [-92.00658480839652, 48.265431213635885], [-92.00668588701211, 48.26769031410924], [-92.007254148706, 48.280398858177826], [-92.00873638757312, 48.282512420692534], [-92.0120742004913, 48.28727800827484], [-92.01302287270113, 48.29641798838083], [-92.01300447659638, 48.296935150718205], [-92.01298796306772, 48.29739834793179], [-92.0077376792167, 48.307362180400446], [-92.00588293544307, 48.311201315709305], [-92.0055451448687, 48.31179668609145], [-92.00014115174153, 48.321362962464086], [-92.0070688117959, 48.322417130154946], [-92.01854431656243, 48.32406308349407], [-92.03088080329489, 48.325832106538904], [-92.03104853528006, 48.326013456201494], [-92.03772986965853, 48.33319052915173], [-92.04048005560384, 48.33367684064323], [-92.04656991183045, 48.3347486203167], [-92.04724612278353, 48.34032324322848], [-92.0476643088408, 48.34377247834627], [-92.04516036661428, 48.345784994316226], [-92.04574239291878, 48.34790856764997], [-92.04779923680326, 48.34852839747448], [-92.04865671702134, 48.348868373598826], [-92.05246484482956, 48.3548601711807], [-92.05523583806948, 48.35921940581182], [-92.06253612264719, 48.3594815593202], [-92.06627744764687, 48.35961095324316], [-92.07063224797338, 48.358948970185374], [-92.07796911715886, 48.358261281553006], [-92.08247352868473, 48.35470309228425], [-92.0835210304324, 48.35387474377046], [-92.08430076899548, 48.35395742608156], [-92.08674443796166, 48.35421526736391], [-92.09151145707916, 48.35462188267898], [-92.09213077830825, 48.354617775559966], [-92.09226490182594, 48.35461883404773], [-92.10609350255346, 48.35499703107514], [-92.1151334547718, 48.355237864083605], [-92.1251462731236, 48.35567432131748], [-92.12741815813654, 48.35573206278759], [-92.14359076668042, 48.356128005667], [-92.1450570144318, 48.365661958445855], [-92.14890792669256, 48.36512821818978], [-92.16216945292275, 48.363286774109845], [-92.17091460019998, 48.35980542346761], [-92.17736250008772, 48.35723816415936], [-92.17890568502708, 48.35529239978234], [-92.17884212522216, 48.354837610867555], [-92.17842721731898, 48.35188821608226], [-92.1930716136755, 48.348730559074], [-92.19357946946491, 48.34862166127633], [-92.1941959583817, 48.34873844085837], [-92.194882544861, 48.35040314724321], [-92.20369232945029, 48.352070388769796], [-92.20773671543155, 48.347820366584905], [-92.20650268269549, 48.347272056057754], [-92.20681029001382, 48.34560528178482], [-92.21471043855821, 48.34523214176517], [-92.21699212195563, 48.34512174170503], [-92.21966717864296, 48.348140332652385], [-92.22282176079558, 48.349214307442374], [-92.23644926681564, 48.35127135739053], [-92.24167969183317, 48.352061681893616], [-92.25015213509629, 48.35326880311107], [-92.25394506635361, 48.35379278312413], [-92.25881836035519, 48.35446305312458], [-92.26228811955741, 48.35494418973565], [-92.26507494661259, 48.35369798929107], [-92.28031681312545, 48.34688487672376], [-92.28900271729096, 48.34299832626837], [-92.29030107949033, 48.33915124481061], [-92.29523601745346, 48.32451239488979], [-92.29542062463089, 48.32396472375936], [-92.30208363001172, 48.32325411769951], [-92.30456863883789, 48.32298577171371], [-92.30631737622815, 48.31645118813243], [-92.3018162343145, 48.31263631252289], [-92.29854313654721, 48.30985888497896], [-92.29453547273114, 48.30646507781189], [-92.2988568358196, 48.295326484968285], [-92.30145954232601, 48.288617211501254], [-92.29719197284003, 48.28087643970871], [-92.29567629741403, 48.2781276333266], [-92.29543773671861, 48.27764934007102], [-92.29506138165702, 48.27659440456082], [-92.29314465114608, 48.276618626148654], [-92.29300762194805, 48.276415355086804], [-92.29300699210324, 48.275911528659805], [-92.2938635882428, 48.273717066087194], [-92.29454930104787, 48.27157103081663], [-92.29386564395844, 48.27026679148824], [-92.29096289082055, 48.2663308044642], [-92.29037593694372, 48.26553546120045], [-92.28787781233446, 48.264094017067016], [-92.27943420872482, 48.259722925561576], [-92.27371380800273, 48.25675395920507], [-92.27129527705222, 48.251907338493545], [-92.27029814124185, 48.249912705406686], [-92.26975015121069, 48.248249302400616], [-92.27833412124643, 48.24514559357801], [-92.28073630116702, 48.24427895099441], [-92.30063113998196, 48.24208498535711], [-92.31467376826555, 48.24053660857318], [-92.32175534418235, 48.23731273116589], [-92.32308070094862, 48.23721257905586], [-92.32531189966836, 48.23703675873105], [-92.32596719717347, 48.23681118156165], [-92.32640723376898, 48.236696800828355], [-92.32719314341482, 48.23665191948999], [-92.32873203055219, 48.23534736881763], [-92.33057961943727, 48.234890302564104], [-92.33225505222916, 48.233883396751715], [-92.33273460529702, 48.23376922128006], [-92.33365699341654, 48.233905025530106], [-92.33441078048278, 48.23438622665312], [-92.33540254171947, 48.23521068024911], [-92.33618972016701, 48.23539066690997], [-92.33683951802837, 48.235389918172174], [-92.3374207983266, 48.23502439707504], [-92.33837865502029, 48.23495793783855], [-92.33943859608418, 48.234545677054896], [-92.33991743469196, 48.23422453915635], [-92.3406343883388, 48.23345042223102], [-92.34121566721952, 48.23249108723451], [-92.34135257847103, 48.231988045820046], [-92.34176232469804, 48.2318014576651], [-92.34391736046784, 48.232029700409754], [-92.34525283031245, 48.231848378522145], [-92.34665429445265, 48.2315729488192], [-92.34780838994607, 48.23148953224092], [-92.3478859286654, 48.23148097515832], [-92.34918544042542, 48.23141186476679], [-92.35027965667093, 48.231071673088124], [-92.35157839213338, 48.23086307948819], [-92.35281010399392, 48.23042917172809], [-92.3531857855911, 48.2303368184623], [-92.35363114508962, 48.22979051274606], [-92.35410890720966, 48.22887551473662], [-92.35438198695401, 48.2285756526008], [-92.35516790549647, 48.22804924642896], [-92.35708323980752, 48.227182775507934], [-92.3578688254634, 48.22674631788527], [-92.35886000141353, 48.22628850927955], [-92.35981688350293, 48.22587998409078], [-92.36053516038437, 48.22516872806012], [-92.36114957690322, 48.224281450916095], [-92.36210607799639, 48.22288324559299], [-92.36254983994904, 48.22272376264611], [-92.36344008098492, 48.22286364854539], [-92.3653208079962, 48.22354431503885], [-92.3664500763869, 48.22395540375671], [-92.36751036818022, 48.22402421982667], [-92.36819421293266, 48.223843543387865], [-92.36819451190665, 48.22361412415161], [-92.36679120593605, 48.222769692482444], [-92.36665378565513, 48.222449545633616], [-92.36678987460674, 48.22205893008672], [-92.36713126595441, 48.221669444639765], [-92.36780599372352, 48.22113334269255], [-92.3687712847485, 48.22036941140157], [-92.369182202703, 48.22027719927009], [-92.36954318452959, 48.22041413285832], [-92.36966126852141, 48.22045976483567], [-92.36989951598426, 48.2211358384111], [-92.3700719330597, 48.22162261584206], [-92.37038100892623, 48.222425032902564], [-92.37065533396996, 48.22331722776826], [-92.37103266318155, 48.22370166072762], [-92.37130610829955, 48.22384260820533], [-92.37181943094741, 48.22377343884347], [-92.37243460556383, 48.22363284801172], [-92.37281047382264, 48.22372486799971], [-92.37305059302282, 48.22404556743917], [-92.37294823609297, 48.2247782562013], [-92.37335894177833, 48.22505040224883], [-92.37428353666087, 48.22541531362265], [-92.37515939084595, 48.226328763074015], [-92.37562511978666, 48.22685311289665], [-92.37582692384089, 48.227974321441074], [-92.37640688112141, 48.22879618529251], [-92.37736408069236, 48.22925571570603], [-92.37791144101037, 48.22964554469365], [-92.378457014372, 48.230809093478314], [-92.37862612270085, 48.23206507274279], [-92.37835214260052, 48.23279683759415], [-92.37835168312883, 48.233390629238215], [-92.37876134263456, 48.23375721705607], [-92.3791716282355, 48.23428125214527], [-92.37917006434287, 48.23489752986117], [-92.37872545073938, 48.235331476842596], [-92.37893076777983, 48.235822915856865], [-92.37978557584516, 48.236200900380595], [-92.38098173122263, 48.23675165737064], [-92.38316921018146, 48.23837385367208], [-92.38385263804064, 48.23929070041013], [-92.38436316896117, 48.240728435658006], [-92.38446561993302, 48.241871586248145], [-92.38439575122324, 48.24292384541527], [-92.38391470310262, 48.24470714621789], [-92.38425626470149, 48.244866420899555], [-92.38528356556564, 48.24470547568015], [-92.38644626804387, 48.24420336313221], [-92.38692527889393, 48.24427339463355], [-92.38719982629503, 48.24461673889966], [-92.3881207292349, 48.24674040354126], [-92.38791568513267, 48.2469912242367], [-92.3866485617453, 48.247632245774426], [-92.38705743923862, 48.2492763521723], [-92.38486784956018, 48.24925566254444], [-92.38505697268218, 48.2499134444683], [-92.3852885141723, 48.250193584970646], [-92.38552073839436, 48.25048722391743], [-92.38556644944326, 48.25053695087505], [-92.38617549792073, 48.251142992825635], [-92.38674626326015, 48.25171283990146], [-92.3872642695002, 48.25162563291431], [-92.38857752589611, 48.251218768373356], [-92.39005148428336, 48.250677788627385], [-92.3904014173659, 48.25056268527479], [-92.39122266209105, 48.250674998410005], [-92.39215567807649, 48.25108929106892], [-92.39249643438042, 48.25181983670318], [-92.39249671187603, 48.25243612229019], [-92.39215389921038, 48.252731206586525], [-92.39174386991206, 48.2528010131218], [-92.39126713835711, 48.25274450922884], [-92.39076441508503, 48.25267886879986], [-92.39005562191021, 48.252666114347385], [-92.3899106897247, 48.252746317096694], [-92.38962508717067, 48.252902246244254], [-92.38927522133233, 48.25336372618974], [-92.38961884242134, 48.253851380462116], [-92.39133139775996, 48.25577228786946], [-92.391432784156, 48.25588528503306], [-92.39252700320374, 48.25684473616182], [-92.39344984996377, 48.2574883834469], [-92.39310819390647, 48.25796791167012], [-92.39300392096635, 48.258880540405485], [-92.39327688835728, 48.259723185275384], [-92.39378979687075, 48.26057159296551], [-92.39706639925923, 48.26479933702252], [-92.39765295450962, 48.265553646060404], [-92.40671425225659, 48.27936138068379], [-92.40679766462544, 48.279505759835324], [-92.41350671226282, 48.29105606654916], [-92.41512970001776, 48.2938488357887], [-92.4152466582161, 48.29401137255326], [-92.41629346810257, 48.29546966994522], [-92.4207435986216, 48.29890194707015], [-92.421873434697, 48.30004572342108], [-92.42307177224075, 48.30162167681945], [-92.42505820306415, 48.30372337185752], [-92.42608618537545, 48.30449772926479], [-92.42738263511684, 48.30508448234736], [-92.42892822225915, 48.30578041914368], [-92.43201080474068, 48.305071444786805], [-92.43444334962767, 48.30696825284605], [-92.43474284513407, 48.30717215217162], [-92.43595002312529, 48.30799678343173], [-92.43641195447059, 48.3084533839535], [-92.4378337448525, 48.30985034032064], [-92.4388953962772, 48.31119604019242], [-92.44030074496479, 48.31403236418256], [-92.44081405867557, 48.31519544074056], [-92.44129429144913, 48.315607126247045], [-92.44451830388442, 48.3192259353616], [-92.44960864807679, 48.31923691136441]]]}, "properties": {"objectid": 1, "area1": 3719457792, "perimeter": 664414.4375, "bwca_": 2, "bwca_id": 1, "bwca_unit": "Central", "Shape__Area": 3719457705.390625, "Shape__Length": 664414.4606344666}}, {"type": "Feature", "id": 2, "geometry": {"type": "Polygon", "coordinates": [[[-90.60563018966035, 48.1090514055943], [-90.61127041876732, 48.10896189513207], [-90.61627028637706, 48.10761261653349], [-90.62126969131255, 48.10626761021094], [-90.62086718184683, 48.102637636230654], [-90.62046367336879, 48.099012136935734], [-90.62006041976967, 48.0953821404368], [-90.6196570059632, 48.09175663600031], [-90.61988001632837, 48.08809012444681], [-90.62001313529623, 48.085897400495874], [-90.6199068505657, 48.08589069896925], [-90.61978317296041, 48.08589713370007], [-90.61961276261037, 48.08593409228672], [-90.61945783519084, 48.085908386379806], [-90.61937628270186, 48.08589319912292], [-90.61924777310655, 48.08587703841272], [-90.61907523713548, 48.08585096696694], [-90.61893854187478, 48.085812141506075], [-90.61880896192898, 48.085746469760636], [-90.61897788618768, 48.0856689910881], [-90.61911708834607, 48.08568987271049], [-90.61927934568259, 48.0857022342039], [-90.61944264072159, 48.08569212227274], [-90.61962478112991, 48.085637411299224], [-90.61977149598745, 48.085586464785315], [-90.61992049284308, 48.085486077027404], [-90.62001939443228, 48.085398147787636], [-90.62004495612956, 48.085371683853985], [-90.62010298527224, 48.08442360978122], [-90.62032591280564, 48.080757092003715], [-90.61477474828806, 48.08094786210962], [-90.60922355271224, 48.08113836314482], [-90.60367232615886, 48.081328595104964], [-90.59812085935845, 48.081523052558325], [-90.59282928673449, 48.08148874376241], [-90.58850633620543, 48.08139805187551], [-90.58178967010538, 48.08140078518578], [-90.57650972166692, 48.081244496475364], [-90.57146114216161, 48.08125482013253], [-90.56596807955931, 48.08111603405141], [-90.56047379290044, 48.08098595676692], [-90.55498059552234, 48.080851140464205], [-90.55507185894918, 48.07722691529566], [-90.55226235647984, 48.07718956187837], [-90.54969765477928, 48.07715736314187], [-90.54432347477865, 48.07708755968665], [-90.53894910455003, 48.077021999311604], [-90.5343873286401, 48.0769511416583], [-90.53356158091609, 48.076933409716915], [-90.53016016372143, 48.07697278012855], [-90.52813555176677, 48.07698320656682], [-90.5226961342413, 48.07701446207676], [-90.51725672014045, 48.077045459773565], [-90.51181709270645, 48.07708069394401], [-90.50700558487799, 48.0774892266418], [-90.50196825090512, 48.077915140641394], [-90.49881918084242, 48.078372978088616], [-90.49856225326667, 48.07813343444412], [-90.49815216819813, 48.07786805866485], [-90.49778064962777, 48.07760352173589], [-90.49725332577344, 48.077385076963154], [-90.49691321305151, 48.077251692342095], [-90.49657044981956, 48.07719023276761], [-90.49607165979495, 48.07717935810948], [-90.49556701201004, 48.07727183031763], [-90.49513315613316, 48.07749631520713], [-90.49477030798195, 48.077848319296365], [-90.49444601744818, 48.07820116351086], [-90.49428146841066, 48.07842702171943], [-90.49422334274462, 48.07856972110844], [-90.49189230201364, 48.07877077702783], [-90.49157533377885, 48.07472825760073], [-90.49146476478583, 48.07332665511287], [-90.48903337021314, 48.073318506093365], [-90.48734432821108, 48.07328156115039], [-90.48553961363774, 48.073242058570365], [-90.48400156325782, 48.07325785943469], [-90.48219685414551, 48.07321830436862], [-90.48053438815012, 48.07320433680268], [-90.4803689396087, 48.07069926294165], [-90.48031571505217, 48.07003674199583], [-90.48023700746512, 48.0692431907475], [-90.48010585491689, 48.069231314790194], [-90.47973119615403, 48.06922309261477], [-90.47922265122688, 48.069207431243804], [-90.47890526557454, 48.069263449631734], [-90.47857832455696, 48.06918878627506], [-90.47835599215655, 48.069188403206745], [-90.47800854569373, 48.06937872906107], [-90.47761775710961, 48.06946012577992], [-90.47722430017842, 48.06942448848914], [-90.47689723747101, 48.06940380569371], [-90.47663733825868, 48.06951956793716], [-90.47652637056991, 48.069661097521085], [-90.47636320246129, 48.06972049777029], [-90.47605228340674, 48.069695668353944], [-90.47567461429024, 48.06962887973839], [-90.475261903039, 48.06976377456458], [-90.47491945959453, 48.0698687200535], [-90.47450461781942, 48.06992708226637], [-90.47418704509677, 48.06996958651034], [-90.47385199679525, 48.06995771740076], [-90.47346652296086, 48.069913244837764], [-90.47246683601139, 48.06969778822731], [-90.4720143551289, 48.06963383986024], [-90.4716468416412, 48.0696167505787], [-90.47126190425378, 48.06961277343778], [-90.4709050714047, 48.06968589706975], [-90.47056989614028, 48.06972800362169], [-90.47037487099456, 48.069786693654876], [-90.46997414084196, 48.06981385733224], [-90.46978161671987, 48.069445195990276], [-90.46931951241822, 48.06877365917691], [-90.46914486492275, 48.06855385784122], [-90.46898804162234, 48.06841543120349], [-90.46865692997564, 48.06825516643128], [-90.468006136124, 48.06840278268446], [-90.4677207267815, 48.06840548714788], [-90.46742636158406, 48.06847097947513], [-90.46747806017129, 48.06858009582097], [-90.46773020958955, 48.06855416347853], [-90.46797613858097, 48.06858658050535], [-90.46826582802423, 48.06880442106932], [-90.4684609855845, 48.069119155031174], [-90.46867674630973, 48.0694073487771], [-90.4686969961447, 48.06961025040491], [-90.46865089850077, 48.06978019644271], [-90.46861935734658, 48.06982449119921], [-90.46835705577352, 48.069800712637196], [-90.46789743687951, 48.06923270199573], [-90.46774176234685, 48.06905380793791], [-90.46629625832655, 48.06906691269009], [-90.46438192279446, 48.0690246577236], [-90.46214044685863, 48.068997636233604], [-90.4589244809283, 48.06892651567473], [-90.45639363568158, 48.06889747708359], [-90.45140510045314, 48.06883635699134], [-90.45079074556551, 48.06882272008445], [-90.45083919946954, 48.069030750315044], [-90.45113466252214, 48.069181277415716], [-90.45170942455529, 48.069418984429056], [-90.45200740686695, 48.069569565159725], [-90.45209097310136, 48.06966139962222], [-90.45201129476966, 48.06983059409901], [-90.45185896806962, 48.069975681389636], [-90.45164256863241, 48.07017783372632], [-90.45166068106334, 48.070371693167345], [-90.45177133614506, 48.07059460032628], [-90.45183106322251, 48.070744393083096], [-90.4518093383523, 48.070946366484826], [-90.45146785224776, 48.0710647604562], [-90.45115848746703, 48.07116137134276], [-90.45094337001245, 48.07120158642072], [-90.45083666828178, 48.07181558226481], [-90.44421426516284, 48.0717853537136], [-90.43873538692206, 48.07184324063562], [-90.43176305333841, 48.071746000339694], [-90.42779056531808, 48.07171557221974], [-90.42151818903582, 48.071750360564536], [-90.41498658960887, 48.07166649505648], [-90.40942080520365, 48.07171652632077], [-90.40403533076292, 48.07168488246463], [-90.4039384828778, 48.07339232354287], [-90.40384753422515, 48.075032412140544], [-90.40288411605684, 48.074983632382775], [-90.40118815700893, 48.075017246737275], [-90.39981608313775, 48.07513465393543], [-90.398660962402, 48.07529295199401], [-90.39744892571035, 48.07548144169571], [-90.39645542728883, 48.075679372783014], [-90.39589681654822, 48.075923150675635], [-90.39488287317856, 48.07652551714763], [-90.39448406788394, 48.07684489800135], [-90.3942014947075, 48.07702294621846], [-90.38866633727925, 48.076820722191954], [-90.38364340648556, 48.076778370991654], [-90.37841148459488, 48.07709994950629], [-90.37317973607132, 48.07741679456297], [-90.3682161251232, 48.077986994132196], [-90.36399846894662, 48.07847512688788], [-90.36295743261306, 48.07825326655909], [-90.35900254899248, 48.07804989871234], [-90.3560748166793, 48.077897043341174], [-90.35455482504199, 48.07320552397441], [-90.35446723986988, 48.072933563306236], [-90.35513254352377, 48.0698760403077], [-90.35563296283905, 48.06607237209635], [-90.35595730439852, 48.064851600359546], [-90.35566422095776, 48.06217241423247], [-90.35565206617731, 48.05918476262922], [-90.35563661354948, 48.05545918853003], [-90.35562821693422, 48.05491910829151], [-90.35545241580844, 48.0549285564677], [-90.35497050616414, 48.054903958722505], [-90.35440449839373, 48.05489991651516], [-90.35413110826882, 48.05476764322304], [-90.35408332965488, 48.05463606952002], [-90.35417454915269, 48.05452569513175], [-90.35438082530453, 48.05449445583321], [-90.35472381605585, 48.05447986316645], [-90.35505972669456, 48.05445610826236], [-90.35561747309022, 48.05434298149092], [-90.35558998704083, 48.05235826374408], [-90.35540103939626, 48.0523134203139], [-90.35510076701009, 48.052198526287775], [-90.35484931879675, 48.052080257228205], [-90.35466254927138, 48.05192748532348], [-90.35472198963369, 48.05184787171877], [-90.35494440316994, 48.0518125041738], [-90.35522196403757, 48.05176490933803], [-90.35546842345967, 48.05178408337976], [-90.35558167321986, 48.05180018893676], [-90.35552729924586, 48.04824467889708], [-90.35517863296933, 48.04827264024247], [-90.354817213741, 48.048385788892574], [-90.3544799406991, 48.048485995590525], [-90.35405369818969, 48.04862014350995], [-90.35372404567113, 48.048702527363496], [-90.35323984837498, 48.0488218393241], [-90.35274611912013, 48.0489634247848], [-90.35223808347739, 48.04907318477466], [-90.35178527575155, 48.049152722927325], [-90.3514665072395, 48.04923535135471], [-90.3510972418591, 48.04932131296337], [-90.35074187795864, 48.049479579152745], [-90.35038096318421, 48.04961522083579], [-90.35015884779669, 48.04967758076988], [-90.34989429733444, 48.049765955199426], [-90.34954169573403, 48.04987029269419], [-90.34920448860987, 48.04995248921451], [-90.34874612089871, 48.05000939173144], [-90.34840047443066, 48.05005989757758], [-90.34791064591046, 48.050125068316575], [-90.3474105321085, 48.05019449841114], [-90.34684484023725, 48.05026691003824], [-90.3464262767077, 48.050365214662826], [-90.34605494424147, 48.05044211419336], [-90.34569380847088, 48.05053274544439], [-90.34523548994937, 48.050621128549714], [-90.3448328383842, 48.050719795294164], [-90.34449544473681, 48.05083796621545], [-90.34418240209693, 48.05098819286636], [-90.34395969375197, 48.051127011216366], [-90.34379932480476, 48.0513257591724], [-90.34359070759571, 48.051581878464994], [-90.34342432732824, 48.05176698962562], [-90.34307675148504, 48.051952406768415], [-90.34277355165241, 48.05205786672687], [-90.34235265241742, 48.0522010931429], [-90.34204884332259, 48.05230203802795], [-90.34172914740815, 48.0523531245889], [-90.34126306774196, 48.052396321564466], [-90.34089402872576, 48.052428266923805], [-90.34039463365134, 48.05251567944449], [-90.3400567894067, 48.05259333535425], [-90.33972769675036, 48.052680191174986], [-90.33942373709588, 48.052767628450994], [-90.33917013355214, 48.05283823566126], [-90.33904200344455, 48.0528667596743], [-90.33904208522726, 48.05221439711725], [-90.33904177342356, 48.051472044063594], [-90.33950547573625, 48.05144229824875], [-90.34004689372365, 48.05136936038144], [-90.34048153760557, 48.0512849486371], [-90.34089266734631, 48.051168497213794], [-90.34127889347589, 48.05104696858201], [-90.34173985565204, 48.05089117647788], [-90.34213454333992, 48.05075184462258], [-90.34267021258476, 48.05048080247395], [-90.34311643575695, 48.05025267869973], [-90.34350568727588, 48.05002323505569], [-90.34389224769491, 48.04982972036334], [-90.3442711783885, 48.04965402415679], [-90.34461864733545, 48.04948659721027], [-90.34503894076695, 48.04928935976298], [-90.34547592811727, 48.04906101329459], [-90.34581524285565, 48.04888889515327], [-90.34618407923756, 48.048762449024025], [-90.34675925652435, 48.04858678142116], [-90.34723638766567, 48.04845833537298], [-90.34763870040207, 48.048382147751795], [-90.34800758829313, 48.048287190425], [-90.34856517017072, 48.04824158024592], [-90.34923009170929, 48.0481309596355], [-90.34960686616563, 48.04809466709167], [-90.35006521597631, 48.048037760785526], [-90.3505987777855, 48.047888107887815], [-90.35097603435297, 48.04779333415579], [-90.35141264530195, 48.047636941521105], [-90.35189893252489, 48.047427704221384], [-90.35230355797242, 48.04725707330086], [-90.35269006547996, 48.0470635278957], [-90.35289834543859, 48.04691086285271], [-90.35300794179386, 48.046719929868374], [-90.35308509700802, 48.04652374982601], [-90.3531627124111, 48.04631858221066], [-90.35323816974812, 48.04617185261854], [-90.35318466297662, 48.04592317063271], [-90.35318280085396, 48.04564868480626], [-90.35311882296897, 48.04548974265924], [-90.35294205005674, 48.04535519440111], [-90.35282138165782, 48.045271429145984], [-90.35262731156152, 48.04516347596925], [-90.35227602772441, 48.045128381155784], [-90.3518275727702, 48.0450910440594], [-90.3512384488277, 48.045081953503505], [-90.35069791097253, 48.04507398104435], [-90.35011837856968, 48.04507410418602], [-90.34963696513715, 48.04500900343766], [-90.34910717303683, 48.04498777433296], [-90.34863289929022, 48.04496332580091], [-90.34808520046953, 48.04496417378468], [-90.34755893812675, 48.04503749944908], [-90.34710913451096, 48.0451080903254], [-90.3466918546092, 48.04516593386046], [-90.34631504151798, 48.04517072239455], [-90.34596569726531, 48.045081664256294], [-90.34547807901261, 48.04495791471876], [-90.34529760229826, 48.04494474376026], [-90.34489655576685, 48.04498046077429], [-90.34453516822121, 48.04504408805598], [-90.3441824449667, 48.04513490902836], [-90.3438128227808, 48.045211840763805], [-90.34342043810932, 48.045274747426184], [-90.34304896368722, 48.04538762639461], [-90.34267985697569, 48.04548706176065], [-90.34234258103048, 48.04558723275463], [-90.34192410368917, 48.045717016352796], [-90.34161059952831, 48.04579524020623], [-90.34130682729534, 48.045896183907175], [-90.34096186359093, 48.04598267562994], [-90.34067386201187, 48.04607048569774], [-90.340429718183, 48.04605583240771], [-90.3401442959774, 48.04604472138725], [-90.33974515889612, 48.04594549260083], [-90.33937063671678, 48.04582433748765], [-90.3391564197419, 48.045814874055594], [-90.3391582880118, 48.045648451787415], [-90.33914975613625, 48.045000388034076], [-90.33913092368054, 48.04351075931935], [-90.3393725764686, 48.04347586793086], [-90.33973372709357, 48.04341675050649], [-90.34010287881775, 48.04334881917156], [-90.34042220022813, 48.04332022399779], [-90.34090384914523, 48.04333138017893], [-90.34125586126764, 48.04338452307096], [-90.34184291172525, 48.04338461886135], [-90.34231890507539, 48.0433101558336], [-90.34264097579349, 48.0431466460418], [-90.34293820280436, 48.0430095548215], [-90.34319975397969, 48.04293012519209], [-90.3436268699273, 48.042827531288616], [-90.34404543376316, 48.04276073051897], [-90.34460290097324, 48.04268364368275], [-90.34511068582299, 48.04265939413925], [-90.34537257898612, 48.04263845537632], [-90.34574755366422, 48.042620130311754], [-90.34611634734846, 48.04262415649181], [-90.34664619953828, 48.042627404648655], [-90.3471382129877, 48.042616278854496], [-90.34768450162919, 48.04264239733425], [-90.34821594412806, 48.04266367124602], [-90.3485752937787, 48.042671970457434], [-90.34889504351295, 48.04268385322563], [-90.34924593183489, 48.042709951225184], [-90.34971980901469, 48.042725390031045], [-90.35013672654627, 48.04273951226889], [-90.35059324440961, 48.0427500477437], [-90.35110102819925, 48.04272577165978], [-90.35155930599551, 48.0427183476269], [-90.35208090810602, 48.042784367284995], [-90.35254787742383, 48.042754644421315], [-90.35297428360006, 48.04266549661954], [-90.35343473867677, 48.0425501377138], [-90.35390304445122, 48.04241246257366], [-90.35450187315588, 48.04226429589815], [-90.3549208998432, 48.042138978323315], [-90.35539864232899, 48.04199701544086], [-90.35592236940902, 48.04187410584984], [-90.35643030841445, 48.04181381726728], [-90.35663529931155, 48.04182303608115], [-90.35698603915581, 48.041835609795505], [-90.35738710275994, 48.04188083418909], [-90.3577940961291, 48.04195768709118], [-90.35814513299407, 48.04199725847653], [-90.35852814875612, 48.04205106171264], [-90.35891277444237, 48.04207340725125], [-90.35935345611621, 48.04206554732813], [-90.35977014261518, 48.04208412830541], [-90.3601231160655, 48.04202025969646], [-90.36041944010006, 48.04193259231506], [-90.36077957231527, 48.04185988814719], [-90.36107750211163, 48.04174076254049], [-90.36129997557615, 48.04158840856036], [-90.36157393480066, 48.04139674574776], [-90.3619029459866, 48.04121084631217], [-90.36225038262145, 48.04102536925311], [-90.36267868782488, 48.04083275065443], [-90.36310767834216, 48.040626649014605], [-90.36338938255477, 48.040480150402985], [-90.36362575162114, 48.04044958575105], [-90.36394488460309, 48.04045691337919], [-90.3642386597248, 48.040468157041786], [-90.36450030640715, 48.0404516680762], [-90.36478792907774, 48.04038628503521], [-90.36501037618649, 48.040283412987996], [-90.36513114278807, 48.04029968175192], [-90.36540343882994, 48.04033742387703], [-90.3656512854283, 48.04041059686905], [-90.36602051725795, 48.04045506071516], [-90.36640308927366, 48.04041884625131], [-90.36691549983065, 48.040336118589636], [-90.36744511942808, 48.040244785110644], [-90.3679250887558, 48.040156810034446], [-90.36829860728093, 48.04003489953777], [-90.3685796791214, 48.03993336436434], [-90.36899514758981, 48.03984390649509], [-90.36946666196286, 48.03972423780834], [-90.3698718521243, 48.03958955066811], [-90.37033437743308, 48.039465173444874], [-90.37071526863183, 48.03937941646511], [-90.37100881885081, 48.03929615737256], [-90.37125096803182, 48.0392342159684], [-90.37168340413707, 48.0391901274959], [-90.37208759547596, 48.03904191251235], [-90.37255033950946, 48.03891303233235], [-90.37303858767937, 48.038843221631296], [-90.37332413575083, 48.038768771663285], [-90.37360031614038, 48.03873009918021], [-90.37377270940362, 48.038720545467335], [-90.37403244133279, 48.03870849006322], [-90.37427085262765, 48.03868694835526], [-90.37445733269354, 48.03866421859447], [-90.37456416454813, 48.03865766346838], [-90.37479008771061, 48.03861783887312], [-90.37491389982773, 48.03860717261801], [-90.37498684693496, 48.038590844227905], [-90.37502027460661, 48.038659094397275], [-90.37510395826502, 48.03867900388395], [-90.37571327074056, 48.038503972149655], [-90.37608592021365, 48.03828303721357], [-90.37635440523404, 48.0382306850663], [-90.3766653045648, 48.03825128637534], [-90.37701069829012, 48.03828617207905], [-90.37720753270189, 48.038290668766535], [-90.3776618795626, 48.03811208655274], [-90.37794574217259, 48.03803758661964], [-90.37814425394272, 48.03809160966129], [-90.37829282003072, 48.038220975876456], [-90.37861645109571, 48.03845331838223], [-90.37879645961407, 48.03847542440593], [-90.37914992972081, 48.03853298333104], [-90.37952295095315, 48.038370533536714], [-90.38029901128863, 48.03828026628786], [-90.38095164642348, 48.038259163275974], [-90.38144155980066, 48.038238844490664], [-90.3819416109843, 48.038299737822854], [-90.38215803968778, 48.03848013605637], [-90.38246933260258, 48.03855921833123], [-90.38302109951591, 48.038675274634684], [-90.38322897180154, 48.03864402011326], [-90.38320065355539, 48.037730066081835], [-90.38316569266642, 48.036698985011725], [-90.3831087854796, 48.03411522810825], [-90.37699165326562, 48.03418709262636], [-90.37152626581478, 48.03423756134273], [-90.37154933854043, 48.03057135142343], [-90.37157072245655, 48.02690510099093], [-90.37159247544659, 48.02319836552041], [-90.37161314848589, 48.01949610250738], [-90.36612056916827, 48.01941971027992], [-90.36062717969946, 48.01934303625778], [-90.3551649715566, 48.01941078789516], [-90.34970275989187, 48.01947827931323], [-90.34424054478252, 48.019545510511186], [-90.33877832630566, 48.019612481488195], [-90.33343471265837, 48.01965495276381], [-90.328091333018, 48.01969268140309], [-90.32274772318948, 48.01973465478866], [-90.3174043484418, 48.019771885576965], [-90.31205443589175, 48.01974122787017], [-90.30670477445263, 48.019705827301706], [-90.30135405897201, 48.01967465141741], [-90.2960044329209, 48.01963875235705], [-90.29594931764443, 48.0232547314001], [-90.29589441914148, 48.02686621467922], [-90.29583926699668, 48.030482189311805], [-90.29579450111017, 48.03341904368798], [-90.29498467871896, 48.033399965665105], [-90.29442860255855, 48.03324289113312], [-90.29430020950505, 48.03321287069648], [-90.29339379576138, 48.033133016699765], [-90.29282265297982, 48.03326352121967], [-90.29177947209632, 48.03329740579194], [-90.29139005598674, 48.033288218888806], [-90.2906455535595, 48.033414622357164], [-90.28986116701142, 48.0334860903356], [-90.28933969196302, 48.0335007735259], [-90.28890979393104, 48.03343213412258], [-90.28834760292072, 48.0333918621326], [-90.28769018769269, 48.033520303390446], [-90.28721060752243, 48.033567460358434], [-90.28669361689659, 48.0334967546381], [-90.28622324484117, 48.03336866030202], [-90.28534868861723, 48.03349645421939], [-90.28461115024766, 48.033506006702794], [-90.28422396922534, 48.033438360050354], [-90.28331000663916, 48.03350221887297], [-90.28265848942766, 48.03351829343911], [-90.28179622121166, 48.03341239799823], [-90.28079965736602, 48.033388798160594], [-90.27959235009583, 48.03324321944958], [-90.27856089551615, 48.03307030303021], [-90.27760622979113, 48.03307916229926], [-90.27686620213531, 48.033120099623716], [-90.27611326522266, 48.03342167377882], [-90.27557780398062, 48.03370140954676], [-90.2750470788612, 48.033891273212575], [-90.27443009206176, 48.03407908652322], [-90.27438595895099, 48.034105033358514], [-90.26897615330394, 48.03402146011544], [-90.26353827246044, 48.03397745429857], [-90.25810041196148, 48.03393319101762], [-90.25266257188305, 48.03388867027483], [-90.24808562805157, 48.03399050642326], [-90.24279266441708, 48.034106459284665], [-90.23749944720826, 48.03422666091574], [-90.23220561932636, 48.03434210443932], [-90.22676890468028, 48.034525837960764], [-90.22133192075842, 48.03471380645019], [-90.21589598813026, 48.034897043650446], [-90.21045894800154, 48.03508449549977], [-90.20517899538017, 48.03495607595462], [-90.19989907967552, 48.03482741402045], [-90.19473487235568, 48.0348228129375], [-90.18957067619466, 48.03481797949865], [-90.18438032686444, 48.034785277159116], [-90.17919083188758, 48.034752360792076], [-90.17400051652959, 48.03471918928415], [-90.16881021825907, 48.03468578317573], [-90.1630893003459, 48.034481560265625], [-90.15736819304034, 48.034281546098406], [-90.15164739059001, 48.03407675461039], [-90.14592639793142, 48.03387617183551], [-90.14053466303989, 48.03390846318725], [-90.13514352087543, 48.03394501492463], [-90.12975179484756, 48.03397679939609], [-90.12435982340418, 48.034012823313844], [-90.11866409659254, 48.034292922991305], [-90.11291305579932, 48.034571348800014], [-90.10716087692748, 48.03485395685153], [-90.10140864810529, 48.03513627528361], [-90.10134250770409, 48.03882392503491], [-90.09563872659719, 48.038594273805174], [-90.09556974052329, 48.042250354391925], [-90.08986211509347, 48.04199332523631], [-90.08978884776452, 48.04565829254191], [-90.08971555816392, 48.04932325754044], [-90.08400117941214, 48.049038774222296], [-90.08402694035075, 48.052323822567956], [-90.08400277760266, 48.054577292108576], [-90.08406615569574, 48.057107433683406], [-90.08408802536161, 48.059852479980904], [-90.08414331590185, 48.05985388430872], [-90.08466657078762, 48.059858174842084], [-90.08487935575023, 48.05986357815986], [-90.08495249265358, 48.05986093609368], [-90.08512506633302, 48.059865317912916], [-90.08525600704867, 48.059864143291954], [-90.08548445534122, 48.0598744423269], [-90.08555766858933, 48.059885299304355], [-90.08568853299136, 48.05987062476049], [-90.08573821325324, 48.05986738673609], [-90.08647673862127, 48.05977365266336], [-90.086771722096, 48.05974964436841], [-90.08691857954707, 48.059748871750315], [-90.08797069056524, 48.05961359396606], [-90.08845679760138, 48.059517943350606], [-90.08898202283225, 48.05942778175677], [-90.08929596197889, 48.059350257680926], [-90.08937722190583, 48.05935231790892], [-90.0894687106991, 48.059336640756136], [-90.08955014666935, 48.059320708674946], [-90.08960703496201, 48.0593086533881], [-90.09016498456069, 48.059277805098674], [-90.09034552581842, 48.0592598852046], [-90.09046282855957, 48.059217866533196], [-90.09052030091443, 48.05921032475901], [-90.09065075372558, 48.05917313832304], [-90.09078371954054, 48.05913601542129], [-90.0909070412583, 48.05912114379625], [-90.09110367410779, 48.059085633821795], [-90.09128413658061, 48.05905421297207], [-90.0915141026782, 48.05903754348908], [-90.09166121156592, 48.05903227201381], [-90.09185992831307, 48.05901930934623], [-90.09194068143407, 48.059030353244275], [-90.09205377471432, 48.059033217938904], [-90.09217682370394, 48.059067828818975], [-90.09228187111867, 48.059079487818586], [-90.09234729211092, 48.05909464225926], [-90.09238732805923, 48.05911365290059], [-90.09244310586715, 48.0591510588599], [-90.09272299030157, 48.05936510841462], [-90.09281972095535, 48.059435045396555], [-90.09289133813708, 48.059459354751894], [-90.09299011265226, 48.05944835844685], [-90.09310564183717, 48.05943778629738], [-90.09318715530709, 48.05943535108231], [-90.09324437444418, 48.05943230069276], [-90.09393301073766, 48.05940474290924], [-90.0941369121315, 48.05941890249494], [-90.09424196078233, 48.05943055972354], [-90.09430822057836, 48.059445734270234], [-90.09438143533539, 48.05945658564504], [-90.09470502120806, 48.05955025903571], [-90.0948833474811, 48.05963125746553], [-90.09502037202427, 48.05971570968584], [-90.09512380845767, 48.05978581438435], [-90.09519490499075, 48.05986409903487], [-90.09531391100612, 48.059970590781404], [-90.09539355957327, 48.06003109504351], [-90.09551458984946, 48.06010164451495], [-90.09558737893074, 48.06013498014056], [-90.0956668701006, 48.06016848527059], [-90.09579830186308, 48.060203304302426], [-90.09616488885797, 48.06024857057267], [-90.09638360569026, 48.060312591629355], [-90.09641534577179, 48.06034488850683], [-90.09647882605253, 48.06040948223738], [-90.09655000471102, 48.06050126558035], [-90.09657939018416, 48.06056049781379], [-90.09672437116421, 48.060667644974586], [-90.09682999300222, 48.06072880505389], [-90.09688544370469, 48.06075720223084], [-90.09698999018066, 48.06077784254107], [-90.09703221032862, 48.060787908455595], [-90.0971211716392, 48.060817152870584], [-90.09724255295514, 48.06085171609999], [-90.097373908158, 48.060873033898226], [-90.09772434545226, 48.06087739440695], [-90.09817904979123, 48.060996868317424], [-90.09858584412179, 48.0610881346626], [-90.0988278523196, 48.06117073627945], [-90.09900459515586, 48.06126518568016], [-90.09905216218488, 48.061329375843634], [-90.09912342656845, 48.06143465718695], [-90.09916898583046, 48.06148979825268], [-90.09925074218818, 48.06152785726301], [-90.09934740593197, 48.06158428949295], [-90.09941115677667, 48.061599397673994], [-90.09947675584489, 48.06159655588692], [-90.0998852452594, 48.061642868839016], [-90.09997438220223, 48.06165411883165], [-90.10005580676345, 48.0616831705683], [-90.10014535664862, 48.061716926641054], [-90.10061556741667, 48.06185927826818], [-90.10092276891781, 48.06191652691516], [-90.10096473834544, 48.06193108419647], [-90.10107004638093, 48.06193824252587], [-90.10116688498535, 48.06197668099676], [-90.10155765739434, 48.06186057099879], [-90.10153812509678, 48.061909568586074], [-90.10152044025283, 48.061940616189204], [-90.10151004300315, 48.061976346936106], [-90.10152586945179, 48.06200824059726], [-90.10155015426493, 48.06205384526956], [-90.10159781657786, 48.06208654266686], [-90.10165494700638, 48.06211497991878], [-90.10201623237008, 48.06234455890476], [-90.102103513311, 48.06241874855694], [-90.10218275999725, 48.06245674210518], [-90.10226452017693, 48.06249479903962], [-90.10303440309023, 48.062739186379986], [-90.10323630257489, 48.0627892724201], [-90.10356997988744, 48.062883175193555], [-90.1036431206622, 48.06288052128562], [-90.10383958010483, 48.06290797324187], [-90.10396892579037, 48.062965225979276], [-90.10403987786559, 48.06301650645654], [-90.10416126925966, 48.06305106255698], [-90.10431583952334, 48.063077457078414], [-90.10495314760433, 48.06314302049309], [-90.10504982865028, 48.06315445675802], [-90.10514894171978, 48.06315245680447], [-90.10533593514651, 48.06318416665201], [-90.10544082383997, 48.063213806143956], [-90.10552233561324, 48.063256353624084], [-90.1055855788612, 48.06332543539176], [-90.10562494842408, 48.06337141947899], [-90.10563113932838, 48.063425565396834], [-90.10562325799384, 48.063461359926166], [-90.10567185097455, 48.06346258499567], [-90.10566839605045, 48.063583975029935], [-90.10566448911248, 48.064416219815044], [-90.10024456750239, 48.06445941839058], [-90.09491742690668, 48.06441922458455], [-90.08959089020836, 48.06438329766164], [-90.0841240759266, 48.06442454536293], [-90.07865784817675, 48.064470046495416], [-90.07320222190974, 48.06446156730403], [-90.06774577154646, 48.064452807416195], [-90.06228933497017, 48.064443788152296], [-90.05683291225786, 48.06443450951369], [-90.05688156272204, 48.062420126766895], [-90.05469011457515, 48.062332430627755], [-90.05263975641188, 48.06231580256206], [-90.0512905983533, 48.06231715045979], [-90.05038642976146, 48.062077962574726], [-90.04903111118243, 48.06218710584164], [-90.0478038447378, 48.06193509265311], [-90.04631565139766, 48.06153687866928], [-90.04536614033732, 48.06115251059565], [-90.04468047036423, 48.06087840811312], [-90.0442057253906, 48.06068621849349], [-90.04411207465473, 48.06043185305957], [-90.043117484755, 48.05989783241299], [-90.04260272600692, 48.05945265120511], [-90.04202927730961, 48.05910943661152], [-90.04171829339163, 48.058885462467146], [-90.04142380025971, 48.05837396470828], [-90.04144466763017, 48.05801006861182], [-90.04131829183805, 48.057390423417516], [-90.04123290482859, 48.05699229449877], [-90.0404000765407, 48.05646241862605], [-90.03899690516687, 48.055521898661624], [-90.03701107274821, 48.05438635627655], [-90.0354051468508, 48.05322459700327], [-90.03377196534782, 48.051589695412794], [-90.03269234030178, 48.05065745617533], [-90.03170839275313, 48.049943641726735], [-90.03077161212431, 48.04934351847939], [-90.02987216605413, 48.04902780263305], [-90.02929368409067, 48.04876087894831], [-90.02877378446954, 48.04842348149622], [-90.02813162599215, 48.04833037231217], [-90.02695069605429, 48.048227806310486], [-90.02581715810835, 48.04823443671447], [-90.0250540226327, 48.048363135624875], [-90.02427870931542, 48.04870297603889], [-90.02366171838617, 48.04911890343215], [-90.02314129580435, 48.049721798859544], [-90.02271231530332, 48.050615012164634], [-90.02257291013893, 48.05115579922717], [-90.02241691184929, 48.05198410422307], [-90.0222093771283, 48.05277507854037], [-90.02199561298679, 48.053673871507016], [-90.0218676589769, 48.05403048766306], [-90.0218259130603, 48.054753774952815], [-90.02181346675485, 48.05496941337643], [-90.0214188483345, 48.05525162265108], [-90.02081835535364, 48.05538001452919], [-90.02016964115775, 48.055399170912835], [-90.01913900988819, 48.05548039433173], [-90.01841591881619, 48.055857545082546], [-90.0178604512777, 48.05613556439495], [-90.0175225857349, 48.05637874189704], [-90.0172255994918, 48.05684344114879], [-90.017055195731, 48.05765786687762], [-90.01912196268913, 48.05764856335873], [-90.01954713713747, 48.057898060087425], [-90.01967015420688, 48.05787425871593], [-90.01971764102183, 48.0578799907343], [-90.01972567595041, 48.05792969045715], [-90.01969801029743, 48.05798746173514], [-90.01966410323419, 48.0580225750027], [-90.01963817188123, 48.05809388887124], [-90.01968413788937, 48.058198563669954], [-90.01971582771138, 48.058230880732054], [-90.01976395214986, 48.05825462605526], [-90.0198369469748, 48.05828351619218], [-90.01991664317941, 48.05831258024628], [-90.02001554651278, 48.05832864525662], [-90.02012869017814, 48.05834507982668], [-90.02031476989524, 48.058376905010846], [-90.02047187254286, 48.05835848668774], [-90.02057709933037, 48.05835221937109], [-90.02068374199459, 48.05835048789647], [-90.02089455207675, 48.058418947495646], [-90.02097410861765, 48.05847950153285], [-90.02125972704667, 48.058734368602025], [-90.02186685028236, 48.0594654919062], [-90.02189828290831, 48.059502300868175], [-90.02191186489259, 48.059543145934484], [-90.02191854577792, 48.059601808737554], [-90.02189249726361, 48.059646124902436], [-90.02185870986159, 48.05970823706223], [-90.02184097844226, 48.059739271405874], [-90.02181337372693, 48.05981054232893], [-90.0217930280419, 48.05994499024348], [-90.02176378661258, 48.060088205751896], [-90.02175175796333, 48.0602093718517], [-90.02174934334036, 48.06029479383948], [-90.02176174789574, 48.06038509947403], [-90.02180167724667, 48.06044912403279], [-90.02186442425588, 48.0604957437558], [-90.02193624609811, 48.0605740931954], [-90.02201574740128, 48.06062114746499], [-90.02208094819949, 48.06065433314768], [-90.0221945362455, 48.06070677069752], [-90.02223961210933, 48.06079792373752], [-90.02224571507472, 48.060852072328274], [-90.02221160816731, 48.0609051779157], [-90.02217620457525, 48.0609807458102], [-90.02218184858117, 48.06105737845042], [-90.02222750309004, 48.06115304568975], [-90.02224958232827, 48.06122110625569], [-90.02227347683913, 48.06125771957007], [-90.02227152182468, 48.06132065752366], [-90.02225384980652, 48.06136519103781], [-90.02214759537557, 48.061897838509694], [-90.02213668452953, 48.06195604495577], [-90.02211089425448, 48.06199586867064], [-90.02209264345551, 48.06203588795451], [-90.0220593732778, 48.062089015198104], [-90.02200565795854, 48.06219110315895], [-90.02197166920045, 48.06227120687555], [-90.02195160270676, 48.06234267336416], [-90.02182480459388, 48.06246086211564], [-90.02151110669487, 48.06280815961863], [-90.02117434768951, 48.06311886436471], [-90.02106663565677, 48.06319705482028], [-90.02098355854336, 48.063226393358164], [-90.02090796164246, 48.06324242838087], [-90.02067825713453, 48.063326451049655], [-90.0205871209368, 48.06336457852964], [-90.02051898176981, 48.06342579874624], [-90.02050182642643, 48.063461347019455], [-90.02054885877753, 48.06348956281699], [-90.02060704137396, 48.0635135687867], [-90.02070396055541, 48.063520583267646], [-90.02094058352158, 48.06354921981911], [-90.02098195201313, 48.0635592917018], [-90.0210375028283, 48.06355623402067], [-90.02112012101202, 48.063549379481366], [-90.02120970058967, 48.06353820632496], [-90.02129341589767, 48.06352688093931], [-90.02135901963891, 48.06352408394438], [-90.02142430444927, 48.06351228025831], [-90.02151549986374, 48.06348765121962], [-90.02158124383399, 48.063453363410765], [-90.02163029236237, 48.06343213998775], [-90.02182289661354, 48.06329316268641], [-90.02189843369194, 48.06326362794167], [-90.0219955523241, 48.063252649749266], [-90.02206089634309, 48.06325434480629], [-90.02211876037154, 48.063269343365064], [-90.02215045471851, 48.06330165982731], [-90.02221404314814, 48.06334830114898], [-90.02226151491017, 48.06341252115039], [-90.02245439461869, 48.06377745909934], [-90.02269373266921, 48.06416609752374], [-90.02271034823451, 48.06419802275963], [-90.0227155543265, 48.0642386504723], [-90.02265824749213, 48.06428665531134], [-90.02247395944413, 48.0644123521343], [-90.02242459119647, 48.06442456924921], [-90.0222675899895, 48.064469988085165], [-90.02209507035637, 48.06447901065533], [-90.0218249109207, 48.06450799596368], [-90.02124388126747, 48.064515417272546], [-90.02101517181094, 48.06450948266832], [-90.02082705322756, 48.06452709692817], [-90.02068642757912, 48.064550442619634], [-90.02046969804083, 48.064729284585376], [-90.0242913164604, 48.064702429727866], [-90.0244801903927, 48.068293176793084], [-90.02466594451406, 48.07180735479722], [-90.02485113410125, 48.07531701698264], [-90.02465028733756, 48.07530731274918], [-90.02464988931962, 48.07534329588324], [-90.02461655229632, 48.07538292453258], [-90.02455735938538, 48.07544887814939], [-90.02453130446959, 48.0754931946869], [-90.02449563397653, 48.075573255453534], [-90.02446951876219, 48.07560407287086], [-90.02445770878391, 48.07564875859036], [-90.02441457529858, 48.07568363409437], [-90.02440037172454, 48.07575525285578], [-90.0243225440683, 48.07583872008874], [-90.02431460424629, 48.07587450774244], [-90.02431316888176, 48.07592846071052], [-90.02429258086697, 48.07600891233882], [-90.02432440433616, 48.0760682265334], [-90.02433089010238, 48.07614488071342], [-90.02435201939765, 48.07618592099146], [-90.02436812098807, 48.076226830953324], [-90.0246341428495, 48.07663415267542], [-90.02477512512286, 48.0768087751965], [-90.02507039231075, 48.07750930042472], [-90.02514789071034, 48.07766428068581], [-90.02547948746833, 48.07805530273087], [-90.0256541168242, 48.078257790933066], [-90.02581300714543, 48.07850036373302], [-90.02598242221394, 48.078909678542736], [-90.02615236483365, 48.07906255357043], [-90.0264143678455, 48.079190817728396], [-90.02661906781829, 48.079308598855334], [-90.0266185659129, 48.07925909489834], [-90.02698981632729, 48.07945767472155], [-90.0270551811615, 48.07945936736354], [-90.02729683267377, 48.079533112342006], [-90.02740422003978, 48.07956288792696], [-90.02756691641014, 48.07959409540363], [-90.02771923682526, 48.079616035668884], [-90.02780122519165, 48.07964965249418], [-90.02792246345571, 48.07971577958609], [-90.02801700762102, 48.07980821059429], [-90.02805709560572, 48.0798407425679], [-90.02812013019822, 48.07988286687198], [-90.02819380017189, 48.079929765615276], [-90.02824942953076, 48.079940203923364], [-90.02863681140926, 48.08012119918681], [-90.02883095994643, 48.08018921228071], [-90.02887021071882, 48.08022172229776], [-90.02891217323594, 48.08023630577164], [-90.02895974304536, 48.080255533513906], [-90.02916253168584, 48.08031927045502], [-90.02918611914617, 48.08034687587218], [-90.02923323276781, 48.080388587576394], [-90.0293067817043, 48.08040848740366], [-90.02933849068927, 48.08044080211106], [-90.02941802878657, 48.08048785189221], [-90.0294835179454, 48.08051654141553], [-90.02953952998584, 48.080549484873764], [-90.02965987311448, 48.08060208941097], [-90.02982263577584, 48.08064679290135], [-90.03027299232139, 48.08091489608278], [-90.03036033314406, 48.080957647855044], [-90.0304258234373, 48.080986336862054], [-90.03048937894623, 48.08101947496354], [-90.0305847681369, 48.08111192566], [-90.03064064623406, 48.08117635933285], [-90.03071322356543, 48.08122772734403], [-90.03079347864094, 48.08124779964653], [-90.0308880925448, 48.08135372755729], [-90.0310390414328, 48.081501604799314], [-90.0312828574741, 48.08180035598385], [-90.03132828691014, 48.08190051252272], [-90.0314022833325, 48.081956415952824], [-90.03168561633917, 48.08228318306197], [-90.031749360285, 48.082356817885376], [-90.03180517911714, 48.08240775191219], [-90.03240047479893, 48.08272458533645], [-90.03246319565189, 48.08275770074494], [-90.03252901024257, 48.082795395255594], [-90.03256697223247, 48.08285036653015], [-90.03259088348517, 48.082886977938465], [-90.0326147947709, 48.08292358934227], [-90.03261195002167, 48.082973006722575], [-90.03262799785895, 48.083000416536166], [-90.0326443665625, 48.08303683298684], [-90.03266595045947, 48.08311387678394], [-90.03268148114743, 48.0831502715694], [-90.03268753441586, 48.083190920577415], [-90.03270338599954, 48.08323632199922], [-90.03272536275612, 48.083277382551586], [-90.03279149906655, 48.08332408356561], [-90.03283043381455, 48.0833475856757], [-90.0328940560729, 48.08339422165546], [-90.03295980946508, 48.083418416809884], [-90.0329998410261, 48.083437448033635], [-90.03307307490196, 48.083448338919986], [-90.03312226305559, 48.0834541092075], [-90.03317009600131, 48.08346884279906], [-90.03324313378891, 48.083497725199976], [-90.03326561922457, 48.08358828968834], [-90.03327895717749, 48.08363362607183], [-90.03328726664807, 48.08367883251646], [-90.03331659065692, 48.08373807949425], [-90.03338208613599, 48.08376676691024], [-90.03342218055799, 48.083799297125125], [-90.03355877993584, 48.08386131587856], [-90.03403122466214, 48.08418396471835], [-90.03412837277963, 48.084231466088305], [-90.03425698489171, 48.08425728428814], [-90.0343863648037, 48.084328113892916], [-90.03457092645266, 48.084431862849236], [-90.03469953190171, 48.084516169605486], [-90.03508687333029, 48.08497609024519], [-90.03568222482264, 48.08583280816731], [-90.03570613960459, 48.08586941898493], [-90.03571999695515, 48.08590577012724], [-90.03574365342763, 48.08594687343736], [-90.03576698854613, 48.085978970105025], [-90.03579896329485, 48.086006790656356], [-90.03587825749688, 48.086058328722245], [-90.03591996843865, 48.08607740226133], [-90.03598321232136, 48.086101530861], [-90.03607301795087, 48.086130844307355], [-90.03617751955615, 48.0861965304154], [-90.03630645347208, 48.08628984213345], [-90.03669661579404, 48.08651137393128], [-90.03703900284168, 48.08679016064257], [-90.03720984206815, 48.0869430419681], [-90.03760517757033, 48.0870747207341], [-90.03777698869338, 48.087196132092814], [-90.0382157804282, 48.08736042410155], [-90.03843440292285, 48.08745604702487], [-90.03847546896314, 48.08751559549804], [-90.0386992551206, 48.0875213677437], [-90.0388300037396, 48.0875832291989], [-90.03900491667325, 48.08765072867344], [-90.03909124383735, 48.08771144419206], [-90.03930470799222, 48.08789691575706], [-90.03955743505627, 48.08817338266078], [-90.03981016478966, 48.08844984905278], [-90.04016444987458, 48.08852197130673], [-90.04051564027768, 48.08864800268839], [-90.04086657448681, 48.08877852554683], [-90.04103814108322, 48.088904424788446], [-90.04117405451406, 48.0888764333134], [-90.04135522920542, 48.088849608037485], [-90.0417436277868, 48.08910257108999], [-90.0419622643827, 48.08919818755779], [-90.04213563997621, 48.089292637578495], [-90.04239799312327, 48.08941637443321], [-90.04261063805927, 48.08960181860383], [-90.04287454062496, 48.089698599270434], [-90.04300169109212, 48.08982335153107], [-90.04317326641495, 48.089949247741714], [-90.04298957577998, 48.09003450024447], [-90.042691374314, 48.0901258013281], [-90.04326767576657, 48.090410593831244], [-90.0434380883163, 48.0904104830809], [-90.0451415890325, 48.09068379453489], [-90.04558579171943, 48.09091568469709], [-90.04558492479909, 48.09137007784073], [-90.04568817089455, 48.09157519685585], [-90.04633464273918, 48.09169081110704], [-90.04800629885257, 48.09155383674271], [-90.04902752955591, 48.09169256807087], [-90.04957360241092, 48.092125023914605], [-90.05368988804751, 48.09429134164648], [-90.05714002998612, 48.09610300077361], [-90.05765186157139, 48.0963725701209], [-90.05966380906281, 48.09680653937961], [-90.06232263043088, 48.097513477223465], [-90.06559552200711, 48.09824504662817], [-90.07388092686392, 48.101146985007766], [-90.07777447101373, 48.10191201616256], [-90.09164638334656, 48.1046397635952], [-90.09365843771856, 48.10454673684351], [-90.10038549046686, 48.10447835653566], [-90.11626616075405, 48.104311396548844], [-90.12261011836702, 48.10561332120073], [-90.12301814689556, 48.1063209088735], [-90.12312239892267, 48.10649898657012], [-90.12390785364772, 48.10713954134194], [-90.12474351660804, 48.10754289449336], [-90.12509782746197, 48.10770923502518], [-90.1250972944873, 48.1075382551612], [-90.12522919611962, 48.10753705836609], [-90.12556672117275, 48.10761299482219], [-90.12566345431055, 48.10788086427569], [-90.12593935330884, 48.10797775257815], [-90.1264085346828, 48.10805698174114], [-90.12679284126378, 48.10806209938472], [-90.12734502191084, 48.108053419127216], [-90.12771759911342, 48.1081032314102], [-90.12812540678183, 48.10819891478413], [-90.12865492649203, 48.1084461111226], [-90.12917139478803, 48.10879195924699], [-90.12964145795253, 48.10930761142464], [-90.12970284380387, 48.10963758133189], [-90.12991951924744, 48.109908445066814], [-90.13018479837177, 48.11004554963541], [-90.1310513751609, 48.1105891013477], [-90.13118750387187, 48.110677985564955], [-90.13265303818591, 48.111776381035135], [-90.13343565806962, 48.11186790658767], [-90.13619831549991, 48.11214379850536], [-90.13848283867758, 48.11225923914978], [-90.13960938566281, 48.11232779871369], [-90.14087059005207, 48.11251217781177], [-90.1428487230965, 48.112489428056534], [-90.14356489732829, 48.11262872123064], [-90.14376936661087, 48.11265180370333], [-90.14393346625472, 48.112615393339446], [-90.14431583586713, 48.112534920852646], [-90.14479346023776, 48.11182694049566], [-90.14523773883303, 48.11164452480401], [-90.14591923809287, 48.11157598231092], [-90.14731753984546, 48.111165316682175], [-90.1478297593744, 48.11102956988991], [-90.1488525418568, 48.11080301941153], [-90.15072821816287, 48.110278189282845], [-90.16423449576396, 48.10973519985777], [-90.1667818290384, 48.1102929795014], [-90.17661347648834, 48.11245624707649], [-90.18868668732244, 48.107956424583755], [-90.18882984161087, 48.10796442830511], [-90.19509768712746, 48.108392143603844], [-90.20487419691636, 48.10711433739638], [-90.20491888608178, 48.107110926080786], [-90.21047822617236, 48.106310299583534], [-90.21143328879941, 48.10628850533547], [-90.2115995714258, 48.106288044116255], [-90.21450290776862, 48.106309017457775], [-90.21641141783529, 48.1065127643145], [-90.21706048662445, 48.10669946125574], [-90.21796416205763, 48.106851831370875], [-90.22299471828158, 48.107724941540006], [-90.22469952606157, 48.10815757573835], [-90.23170115662107, 48.107327782678546], [-90.23380523424741, 48.10708154747963], [-90.23608886023518, 48.106524660295044], [-90.24699856514071, 48.10387582664646], [-90.25009856515425, 48.10316726574445], [-90.25301016869403, 48.10246311292546], [-90.25387770508952, 48.102254410004925], [-90.26039027340981, 48.102576432298946], [-90.26499267291459, 48.10331151018417], [-90.27464302842456, 48.10327100300207], [-90.27788688151809, 48.102326656704676], [-90.28934449561201, 48.099002937748125], [-90.29333349623727, 48.09914201935199], [-90.29384590456984, 48.09939254566013], [-90.29493600687096, 48.100169571466246], [-90.29541355517827, 48.10039677421592], [-90.29810721838686, 48.10252074907326], [-90.29892516499184, 48.10277394163901], [-90.30018694161946, 48.10300157127616], [-90.30308527176172, 48.10359606328805], [-90.30345252980987, 48.103798146720095], [-90.30404010168465, 48.10412237657316], [-90.30448276476793, 48.1044881925556], [-90.30564248081724, 48.10512727839517], [-90.30693926937779, 48.10529716714272], [-90.31021212875685, 48.10539636747409], [-90.312394824855, 48.10530800045079], [-90.31266727286096, 48.10521989643918], [-90.31413429380207, 48.10505625902024], [-90.31723751174809, 48.103801578633195], [-90.32228449472714, 48.10297907234014], [-90.32534579238062, 48.102978428312966], [-90.32630884297647, 48.10297835919056], [-90.32886572235992, 48.10268243669161], [-90.33005956722502, 48.10240876380428], [-90.33350335979193, 48.10103559008119], [-90.33718518761741, 48.099780309196504], [-90.33844652295481, 48.09621481895068], [-90.34294614366057, 48.095599172744514], [-90.34349129573859, 48.09507190067142], [-90.3438662800324, 48.0945721834344], [-90.34424169722874, 48.09445489315759], [-90.34438883877182, 48.094417804624236], [-90.34573195590494, 48.094043943570775], [-90.34669617579436, 48.09411571563042], [-90.35372041237405, 48.095024637149365], [-90.35740289484526, 48.09447507353329], [-90.35873276670532, 48.09486559122527], [-90.36529962256975, 48.09466101937738], [-90.3676658226295, 48.09458481094418], [-90.36899499887086, 48.09415187130368], [-90.36909708165854, 48.09405973047835], [-90.36943774693573, 48.09401354627046], [-90.37025725591985, 48.094059309998855], [-90.37144963481589, 48.09374018401901], [-90.37226785967471, 48.09364643417179], [-90.37264295314469, 48.093830478618415], [-90.37325725341704, 48.09396600529956], [-90.3735289329858, 48.09387324071828], [-90.37369880139666, 48.09337323476538], [-90.37349382230653, 48.09243724817875], [-90.37304937882017, 48.09122584172137], [-90.37332280231178, 48.09106563212895], [-90.37455006900116, 48.090949728421194], [-90.37510427613935, 48.09111086565236], [-90.3758247305413, 48.09122181099137], [-90.37684718104937, 48.09174906197144], [-90.37769890945424, 48.09224991024623], [-90.37807454701318, 48.0924564444762], [-90.37916524478872, 48.09236886628517], [-90.38226637579494, 48.09319093627409], [-90.38281241195854, 48.09346432531161], [-90.38390159304711, 48.09451492007439], [-90.3845836180612, 48.09460693850618], [-90.38560565362319, 48.09584044724628], [-90.38621667075513, 48.09782942548227], [-90.38642119463876, 48.09821649691816], [-90.38732986251144, 48.09842613202089], [-90.38822702568072, 48.09863099922112], [-90.38907904032286, 48.099064282779295], [-90.39017074147529, 48.10006988324544], [-90.3906817891032, 48.10020746844399], [-90.39218180307158, 48.100412503317706], [-90.39347774241303, 48.10036994008514], [-90.39477277061724, 48.10125863738428], [-90.3960350809538, 48.10135025267348], [-90.39637452377072, 48.102059794789454], [-90.39688555754816, 48.10226483701641], [-90.39807996671928, 48.10235489053493], [-90.40057551822198, 48.103698120708856], [-90.40249906868233, 48.10473142529102], [-90.40322670192252, 48.10512129806446], [-90.41035520159497, 48.10505731141547], [-90.4147881574608, 48.10414490963813], [-90.41522381542082, 48.10404673966548], [-90.42889805753617, 48.10093444899681], [-90.43845675056211, 48.09875458301284], [-90.44347037897879, 48.10058491754261], [-90.44739252902869, 48.10343904157356], [-90.45203060959652, 48.10501770438298], [-90.45261004121542, 48.10515203080846], [-90.45490759488594, 48.10548640559607], [-90.46192100487623, 48.10649642054855], [-90.46321744080011, 48.10736637377395], [-90.46395745709552, 48.107787625435215], [-90.46550286077905, 48.108667548694754], [-90.46771930753962, 48.10882891452607], [-90.46903058826966, 48.10774207189175], [-90.47102724639831, 48.10608544089959], [-90.47174287267319, 48.10585825187149], [-90.47374619486045, 48.105654891414865], [-90.47443647925279, 48.10558459253022], [-90.47764304233334, 48.10546610436513], [-90.48030095660958, 48.102109722676694], [-90.4812555586099, 48.10149180711177], [-90.48336803535784, 48.100372881300466], [-90.48708434726605, 48.09909106599044], [-90.48988089795624, 48.099021752120336], [-90.4935327047462, 48.101166539582536], [-90.49380539548086, 48.101325455740884], [-90.49540616077667, 48.09979473280377], [-90.49564522623746, 48.09945352494507], [-90.49615602012932, 48.09878981574316], [-90.50010889036105, 48.099060384811565], [-90.50146422005837, 48.0991753590447], [-90.50262334114029, 48.099268054904385], [-90.50294643591938, 48.09939205354835], [-90.50374455855692, 48.0995713669402], [-90.50478257972334, 48.099737891239684], [-90.50549269159927, 48.09965433980999], [-90.50678387788449, 48.09941243903534], [-90.50760108402902, 48.09935369430175], [-90.50814851550203, 48.09924860000019], [-90.51087923120839, 48.097395753144944], [-90.51131803839145, 48.09754023192461], [-90.5170827393883, 48.09941060583636], [-90.53292336804034, 48.09806036312102], [-90.55463077502856, 48.09620764732852], [-90.55684603849278, 48.0960163488845], [-90.55848307569616, 48.09663602581283], [-90.56008536679182, 48.09722794728212], [-90.56267757763428, 48.09811979343543], [-90.56434890614756, 48.09878060420111], [-90.56748938166157, 48.10118661580599], [-90.56772206302132, 48.10169992490032], [-90.5680527022737, 48.1017744107763], [-90.56882152746215, 48.10197514467698], [-90.56960393517873, 48.10187023235969], [-90.57056770387882, 48.10180064377372], [-90.57134735200896, 48.10175414753493], [-90.57212635532983, 48.10173912500349], [-90.57304695134268, 48.10160561771648], [-90.57447459136932, 48.10141982703191], [-90.57525550013713, 48.10134633721744], [-90.5761726925169, 48.101302711969076], [-90.57686069496205, 48.10125874314269], [-90.57749917834268, 48.1013037046445], [-90.57814357760405, 48.101222816865956], [-90.57878417971226, 48.101204830659704], [-90.57910880339776, 48.101121694736314], [-90.5796573420481, 48.10113325569583], [-90.58011889018199, 48.10104850337771], [-90.58073078802887, 48.10094442157852], [-90.5810117770226, 48.10091434848416], [-90.58138104957465, 48.100863639136435], [-90.58170670198989, 48.10083000593625], [-90.58178975208655, 48.10077776725157], [-90.58191433179189, 48.10068141343095], [-90.58211081710517, 48.10064505954524], [-90.58244653258664, 48.10061163610092], [-90.582831939439, 48.10059275431888], [-90.58306805974006, 48.10053473822467], [-90.583307345617, 48.10039130831894], [-90.58361162123445, 48.10029423470337], [-90.58409537613453, 48.10023692730871], [-90.58454368472138, 48.10021936290553], [-90.58505133999996, 48.100171552020775], [-90.58537909199451, 48.10009296313371], [-90.58567455014199, 48.100022692350514], [-90.5860098419873, 48.09998025171105], [-90.58631388649722, 48.09995964813276], [-90.58658142503629, 48.100055249167475], [-90.58668498432296, 48.100192393530264], [-90.5867876927385, 48.100401503002004], [-90.5868658774523, 48.100560608744324], [-90.58704368408392, 48.10060033599672], [-90.58730557853136, 48.100619334715226], [-90.58770649955282, 48.10060976035481], [-90.58809945922354, 48.10055502798377], [-90.5883118761411, 48.1005189980605], [-90.58848867339717, 48.100293264285426], [-90.58872837651242, 48.100050855164774], [-90.58906956824168, 48.099774584457606], [-90.58931595775113, 48.09967628062817], [-90.58964327791503, 48.099624664184], [-90.58992341863939, 48.09957655573894], [-90.59050403625795, 48.099494260265146], [-90.59105990562468, 48.09945643220501], [-90.59158180373569, 48.09944488274247], [-90.5922288841564, 48.09939546483415], [-90.59290741712914, 48.099319708825696], [-90.59339723153583, 48.099329973397964], [-90.59391346635601, 48.099331791491466], [-90.59450078444944, 48.099285607724184], [-90.59495138944351, 48.09925455397602], [-90.5951910565597, 48.09910210952122], [-90.59566703134251, 48.098923119128294], [-90.59621471400068, 48.098862600047674], [-90.5966162508124, 48.0989114937267], [-90.59697480374534, 48.09894598984364], [-90.5972266301753, 48.09898275104989], [-90.59748055174356, 48.09895657036951], [-90.59771874624516, 48.0989075654782], [-90.59795693880625, 48.09882256853435], [-90.5981634704787, 48.09876840157603], [-90.59836581441616, 48.09884011699238], [-90.59861806030692, 48.09886788603536], [-90.59888204319213, 48.09880592110776], [-90.59913532802639, 48.0986852457301], [-90.59931816087781, 48.098581092963315], [-90.59943139375895, 48.09867343853105], [-90.59941169842205, 48.0988799780819], [-90.59948299475415, 48.098953451289574], [-90.59963544335805, 48.099105102491436], [-90.59965789296844, 48.09929002817612], [-90.59977617276553, 48.09954444065973], [-90.59999467601206, 48.09971996646258], [-90.60023687620986, 48.099909483786185], [-90.60036208099305, 48.1001775371321], [-90.60041515010495, 48.10039009598808], [-90.6003478599911, 48.100609138058836], [-90.6002864389967, 48.100810306962444], [-90.6003262929101, 48.10096410353422], [-90.60046301947766, 48.101074934633466], [-90.60066537236982, 48.10111065460869], [-90.60074862027605, 48.10112589047324], [-90.60073919483972, 48.101238167012454], [-90.60073731820137, 48.10135060124205], [-90.60075850836957, 48.10147251520204], [-90.6006433935481, 48.10152859662917], [-90.60039764207828, 48.1015954454749], [-90.60012797853402, 48.10158081328363], [-90.6000046787607, 48.101560241112686], [-90.59987404649291, 48.10162499539058], [-90.59972475302504, 48.10171185421672], [-90.59964360598586, 48.10175964664327], [-90.59958593915958, 48.1017359467478], [-90.59947312072067, 48.101670603688945], [-90.59944123899778, 48.10154396708134], [-90.59932967391312, 48.10139766919519], [-90.59911788514552, 48.10136624855849], [-90.59902289474202, 48.10135076603811], [-90.59899730010068, 48.10114327984197], [-90.5986406173, 48.10110433028637], [-90.59855862590936, 48.10104412977981], [-90.5985110263583, 48.101038635583365], [-90.59839149903702, 48.100937159658464], [-90.59808975605135, 48.10089035929653], [-90.59763347335061, 48.10082682894142], [-90.59708786526939, 48.10077042584762], [-90.5965638575006, 48.10080894988964], [-90.59613777310943, 48.10085402004854], [-90.59565507209756, 48.10096088857447], [-90.59528434256431, 48.10107909739182], [-90.59509583149844, 48.10116063016985], [-90.59401970704829, 48.10122807099814], [-90.59390144054237, 48.10127958072855], [-90.5934252270518, 48.10148105354684], [-90.59303206032675, 48.101450319958985], [-90.59248477163023, 48.10142985128857], [-90.59206832814529, 48.1014301190536], [-90.59162566871426, 48.1014883218086], [-90.59128261371507, 48.10151711923942], [-90.59103580373727, 48.101570429062185], [-90.59084770818272, 48.10160697419893], [-90.59065876994424, 48.101679492875725], [-90.59032011331003, 48.101739872287254], [-90.59003996313214, 48.10176998577086], [-90.58973863338562, 48.101804153048526], [-90.5894607908565, 48.10182081672506], [-90.58929597536893, 48.10180835957407], [-90.58917519845518, 48.101769832940136], [-90.58908524555711, 48.101736452159564], [-90.58899676241778, 48.10168960533757], [-90.58887306141732, 48.10157003605699], [-90.58869504970266, 48.101462823237405], [-90.58856757938975, 48.101316180833244], [-90.58853007670248, 48.10109494528438], [-90.58839527197146, 48.10092565397074], [-90.58812688941104, 48.10081204371708], [-90.58788365915535, 48.10077094415219], [-90.58757205291944, 48.10084538038146], [-90.5872566518685, 48.1010367085477], [-90.58696829896182, 48.101224105188145], [-90.58665541284869, 48.10139748877924], [-90.58638173896155, 48.101558198741664], [-90.58610178125434, 48.101673786563545], [-90.58577233553524, 48.10178833346957], [-90.58561107606917, 48.101825434135066], [-90.58557249675401, 48.1018066273612], [-90.58497275752063, 48.10191998851666], [-90.58478421986696, 48.10203749540304], [-90.58482529983193, 48.10212833810521], [-90.58495990801659, 48.10219415381374], [-90.58518383950714, 48.102288841096374], [-90.58526515513624, 48.102506499969145], [-90.5853437333634, 48.102782587467466], [-90.58547834391122, 48.10284840260163], [-90.58570354273033, 48.10291612183875], [-90.58583836467461, 48.102977442048164], [-90.58578633554727, 48.10310231877105], [-90.58559505745075, 48.103278255614065], [-90.5853207754701, 48.10327248944082], [-90.58495506629652, 48.103264800192335], [-90.58477221176715, 48.10326095513199], [-90.58444673616916, 48.10338008068757], [-90.584262616987, 48.103403201869725], [-90.58407681176777, 48.103462278826015], [-90.58389248139505, 48.103489893915274], [-90.58375006875704, 48.103608369404874], [-90.58374142734488, 48.10379264422185], [-90.583596699246, 48.10394256340043], [-90.58363861728712, 48.10403342413714], [-90.5836809613244, 48.10409730016984], [-90.58381704838925, 48.1041316557083], [-90.58390995241372, 48.10410211750502], [-90.5840055960338, 48.10401415061646], [-90.58432960164897, 48.10392648797502], [-90.58456049235372, 48.10387285773119], [-90.58488238562768, 48.103848134288654], [-90.5852948681211, 48.10382531454305], [-90.58556915303757, 48.10383108082749], [-90.58579666914433, 48.10386735598132], [-90.58588388592568, 48.10395916804392], [-90.5859262327207, 48.10402304329554], [-90.58587525203416, 48.10414344313944], [-90.58573200320085, 48.104261903490546], [-90.58545181855092, 48.10438198391775], [-90.58526179825805, 48.10453095299524], [-90.58497613374972, 48.104767889513305], [-90.58469173075888, 48.10497785820814], [-90.58449601684237, 48.105248177683784], [-90.5843959465177, 48.10543052961889], [-90.58443344197538, 48.10561577476628], [-90.58437866712012, 48.1057990793039], [-90.58410395465152, 48.10578430334364], [-90.58469315035207, 48.10614761251813], [-90.58571920245566, 48.10639863091571], [-90.58684871386626, 48.10630539556324], [-90.58746151017773, 48.10614730935969], [-90.58755885322589, 48.10591540919556], [-90.58774322256224, 48.105689835701476], [-90.58766503086002, 48.1055127348138], [-90.58767323789687, 48.105337448558366], [-90.58802682625341, 48.105173914849324], [-90.58870728273362, 48.10541764846928], [-90.5894775068388, 48.105609274795746], [-90.59016323173958, 48.105740636832735], [-90.59103625727192, 48.105583492382124], [-90.59129272227952, 48.10564735737823], [-90.5923915464643, 48.10619227308459], [-90.5929700976235, 48.10678476210988], [-90.59287844681741, 48.1068953147573], [-90.59218366819489, 48.10693923779102], [-90.59294846892703, 48.10724769927739], [-90.5998695703968, 48.10912912533423], [-90.5999532536455, 48.109189360128276], [-90.60563018966035, 48.1090514055943]]]}, "properties": {"objectid": 2, "area1": 238735168, "perimeter": 133595.359375, "bwca_": 3, "bwca_id": 1, "bwca_unit": "Eastern", "Shape__Area": 238735160.046875, "Shape__Length": 133595.3639788919}}]}