"STATION","DATE","LATITUDE","LONGITUDE","ELEVATION","NAME","month","day","hour","DLY-TAVG-NORMAL","meas_flag_DLY-TAVG-NORMAL","comp_flag_DLY-TAVG-NORMAL","years_DLY-TAVG-NORMAL","DLY-TMAX-NORMAL","meas_flag_DLY-TMAX-NORMAL","comp_flag_DLY-TMAX-NORMAL","years_DLY-TMAX-NORMAL","DLY-TMIN-NORMAL","meas_flag_DLY-TMIN-NORMAL","comp_flag_DLY-TMIN-NORMAL","years_DLY-TMIN-NORMAL","DLY-DUTR-NORMAL","meas_flag_DLY-DUTR-NORMAL","comp_flag_DLY-DUTR-NORMAL","years_DLY-DUTR-NORMAL","DLY-TAVG-STDDEV","meas_flag_DLY-TAVG-STDDEV","comp_flag_DLY-TAVG-STDDEV","years_DLY-TAVG-STDDEV","DLY-TMAX-STDDEV","meas_flag_DLY-TMAX-STDDEV","comp_flag_DLY-TMAX-STDDEV","years_DLY-TMAX-STDDEV","DLY-TMIN-STDDEV","meas_flag_DLY-TMIN-STDDEV","comp_flag_DLY-TMIN-STDDEV","years_DLY-TMIN-STDDEV","DLY-DUTR-STDDEV","meas_flag_DLY-DUTR-STDDEV","comp_flag_DLY-DUTR-STDDEV","years_DLY-DUTR-STDDEV","DLY-HTDD-NORMAL","meas_flag_DLY-HTDD-NORMAL","comp_flag_DLY-HTDD-NORMAL","years_DLY-HTDD-NORMAL","DLY-HTDD-BASE40","meas_flag_DLY-HTDD-BASE40","comp_flag_DLY-HTDD-BASE40","years_DLY-HTDD-BASE40","DLY-HTDD-BASE45","meas_flag_DLY-HTDD-BASE45","comp_flag_DLY-HTDD-BASE45","years_DLY-HTDD-BASE45","DLY-HTDD-BASE50","meas_flag_DLY-HTDD-BASE50","comp_flag_DLY-HTDD-BASE50","years_DLY-HTDD-BASE50","DLY-HTDD-BASE55","meas_flag_DLY-HTDD-BASE55","comp_flag_DLY-HTDD-BASE55","years_DLY-HTDD-BASE55","DLY-HTDD-BASE57","meas_flag_DLY-HTDD-BASE57","comp_flag_DLY-HTDD-BASE57","years_DLY-HTDD-BASE57","DLY-HTDD-BASE60","meas_flag_DLY-HTDD-BASE60","comp_flag_DLY-HTDD-BASE60","years_DLY-HTDD-BASE60","DLY-CLDD-NORMAL","meas_flag_DLY-CLDD-NORMAL","comp_flag_DLY-CLDD-NORMAL","years_DLY-CLDD-NORMAL","DLY-CLDD-BASE40","meas_flag_DLY-CLDD-BASE40","comp_flag_DLY-CLDD-BASE40","years_DLY-CLDD-BASE40","DLY-CLDD-BASE45","meas_flag_DLY-CLDD-BASE45","comp_flag_DLY-CLDD-BASE45","years_DLY-CLDD-BASE45","DLY-CLDD-BASE50","meas_flag_DLY-CLDD-BASE50","comp_flag_DLY-CLDD-BASE50","years_DLY-CLDD-BASE50","DLY-CLDD-BASE55","meas_flag_DLY-CLDD-BASE55","comp_flag_DLY-CLDD-BASE55","years_DLY-CLDD-BASE55","DLY-CLDD-BASE57","meas_flag_DLY-CLDD-BASE57","comp_flag_DLY-CLDD-BASE57","years_DLY-CLDD-BASE57","DLY-CLDD-BASE60","meas_flag_DLY-CLDD-BASE60","comp_flag_DLY-CLDD-BASE60","years_DLY-CLDD-BASE60","DLY-CLDD-BASE70","meas_flag_DLY-CLDD-BASE70","comp_flag_DLY-CLDD-BASE70","years_DLY-CLDD-BASE70","DLY-CLDD-BASE72","meas_flag_DLY-CLDD-BASE72","comp_flag_DLY-CLDD-BASE72","years_DLY-CLDD-BASE72","DLY-GRDD-BASE65","meas_flag_DLY-GRDD-BASE65","comp_flag_DLY-GRDD-BASE65","years_DLY-GRDD-BASE65","DLY-GRDD-BASE40","meas_flag_DLY-GRDD-BASE40","comp_flag_DLY-GRDD-BASE40","years_DLY-GRDD-BASE40","DLY-GRDD-BASE45","meas_flag_DLY-GRDD-BASE45","comp_flag_DLY-GRDD-BASE45","years_DLY-GRDD-BASE45","DLY-GRDD-BASE50","meas_flag_DLY-GRDD-BASE50","comp_flag_DLY-GRDD-BASE50","years_DLY-GRDD-BASE50","DLY-GRDD-BASE55","meas_flag_DLY-GRDD-BASE55","comp_flag_DLY-GRDD-BASE55","years_DLY-GRDD-BASE55","DLY-GRDD-BASE57","meas_flag_DLY-GRDD-BASE57","comp_flag_DLY-GRDD-BASE57","years_DLY-GRDD-BASE57","DLY-GRDD-BASE60","meas_flag_DLY-GRDD-BASE60","comp_flag_DLY-GRDD-BASE60","years_DLY-GRDD-BASE60","DLY-GRDD-BASE70","meas_flag_DLY-GRDD-BASE70","comp_flag_DLY-GRDD-BASE70","years_DLY-GRDD-BASE70","DLY-GRDD-BASE72","meas_flag_DLY-GRDD-BASE72","comp_flag_DLY-GRDD-BASE72","years_DLY-GRDD-BASE72","DLY-GRDD-TB4886","meas_flag_DLY-GRDD-TB4886","comp_flag_DLY-GRDD-TB4886","years_DLY-GRDD-TB4886","DLY-GRDD-TB5086","meas_flag_DLY-GRDD-TB5086","comp_flag_DLY-GRDD-TB5086","years_DLY-GRDD-TB5086","DLY-PRCP-PCTALL-GE001HI","meas_flag_DLY-PRCP-PCTALL-GE001HI","comp_flag_DLY-PRCP-PCTALL-GE001HI","years_DLY-PRCP-PCTALL-GE001HI","DLY-PRCP-PCTALL-GE010HI","meas_flag_DLY-PRCP-PCTALL-GE010HI","comp_flag_DLY-PRCP-PCTALL-GE010HI","years_DLY-PRCP-PCTALL-GE010HI","DLY-PRCP-PCTALL-GE025HI","meas_flag_DLY-PRCP-PCTALL-GE025HI","comp_flag_DLY-PRCP-PCTALL-GE025HI","years_DLY-PRCP-PCTALL-GE025HI","DLY-PRCP-PCTALL-GE050HI","meas_flag_DLY-PRCP-PCTALL-GE050HI","comp_flag_DLY-PRCP-PCTALL-GE050HI","years_DLY-PRCP-PCTALL-GE050HI","DLY-PRCP-PCTALL-GE100HI","meas_flag_DLY-PRCP-PCTALL-GE100HI","comp_flag_DLY-PRCP-PCTALL-GE100HI","years_DLY-PRCP-PCTALL-GE100HI","DLY-PRCP-PCTALL-GE200HI","meas_flag_DLY-PRCP-PCTALL-GE200HI","comp_flag_DLY-PRCP-PCTALL-GE200HI","years_DLY-PRCP-PCTALL-GE200HI","DLY-PRCP-PCTALL-GE400HI","meas_flag_DLY-PRCP-PCTALL-GE400HI","comp_flag_DLY-PRCP-PCTALL-GE400HI","years_DLY-PRCP-PCTALL-GE400HI","DLY-PRCP-PCTALL-GE600HI","meas_flag_DLY-PRCP-PCTALL-GE600HI","comp_flag_DLY-PRCP-PCTALL-GE600HI","years_DLY-PRCP-PCTALL-GE600HI","DLY-PRCP-25PCTL","meas_flag_DLY-PRCP-25PCTL","comp_flag_DLY-PRCP-25PCTL","years_DLY-PRCP-25PCTL","DLY-PRCP-50PCTL","meas_flag_DLY-PRCP-50PCTL","comp_flag_DLY-PRCP-50PCTL","years_DLY-PRCP-50PCTL","DLY-PRCP-75PCTL","meas_flag_DLY-PRCP-75PCTL","comp_flag_DLY-PRCP-75PCTL","years_DLY-PRCP-75PCTL","MTD-PRCP-NORMAL","meas_flag_MTD-PRCP-NORMAL","comp_flag_MTD-PRCP-NORMAL","years_MTD-PRCP-NORMAL","YTD-PRCP-NORMAL","meas_flag_YTD-PRCP-NORMAL","comp_flag_YTD-PRCP-NORMAL","years_YTD-PRCP-NORMAL","DLY-SNOW-PCTALL-GE001TI","meas_flag_DLY-SNOW-PCTALL-GE001TI","comp_flag_DLY-SNOW-PCTALL-GE001TI","years_DLY-SNOW-PCTALL-GE001TI","DLY-SNOW-PCTALL-GE010TI","meas_flag_DLY-SNOW-PCTALL-GE010TI","comp_flag_DLY-SNOW-PCTALL-GE010TI","years_DLY-SNOW-PCTALL-GE010TI","DLY-SNOW-PCTALL-GE020TI","meas_flag_DLY-SNOW-PCTALL-GE020TI","comp_flag_DLY-SNOW-PCTALL-GE020TI","years_DLY-SNOW-PCTALL-GE020TI","DLY-SNOW-PCTALL-GE030TI","meas_flag_DLY-SNOW-PCTALL-GE030TI","comp_flag_DLY-SNOW-PCTALL-GE030TI","years_DLY-SNOW-PCTALL-GE030TI","DLY-SNOW-PCTALL-GE040TI","meas_flag_DLY-SNOW-PCTALL-GE040TI","comp_flag_DLY-SNOW-PCTALL-GE040TI","years_DLY-SNOW-PCTALL-GE040TI","DLY-SNOW-PCTALL-GE050TI","meas_flag_DLY-SNOW-PCTALL-GE050TI","comp_flag_DLY-SNOW-PCTALL-GE050TI","years_DLY-SNOW-PCTALL-GE050TI","DLY-SNOW-PCTALL-GE100TI","meas_flag_DLY-SNOW-PCTALL-GE100TI","comp_flag_DLY-SNOW-PCTALL-GE100TI","years_DLY-SNOW-PCTALL-GE100TI","DLY-SNOW-PCTALL-GE200TI","meas_flag_DLY-SNOW-PCTALL-GE200TI","comp_flag_DLY-SNOW-PCTALL-GE200TI","years_DLY-SNOW-PCTALL-GE200TI","DLY-SNOW-25PCTL","meas_flag_DLY-SNOW-25PCTL","comp_flag_DLY-SNOW-25PCTL","years_DLY-SNOW-25PCTL","DLY-SNOW-50PCTL","meas_flag_DLY-SNOW-50PCTL","comp_flag_DLY-SNOW-50PCTL","years_DLY-SNOW-50PCTL","DLY-SNOW-75PCTL","meas_flag_DLY-SNOW-75PCTL","comp_flag_DLY-SNOW-75PCTL","years_DLY-SNOW-75PCTL","MTD-SNOW-NORMAL","meas_flag_MTD-SNOW-NORMAL","comp_flag_MTD-SNOW-NORMAL","years_MTD-SNOW-NORMAL","YTD-SNOW-NORMAL","meas_flag_YTD-SNOW-NORMAL","comp_flag_YTD-SNOW-NORMAL","years_YTD-SNOW-NORMAL","DLY-SNWD-PCTALL-GE001WI","meas_flag_DLY-SNWD-PCTALL-GE001WI","comp_flag_DLY-SNWD-PCTALL-GE001WI","years_DLY-SNWD-PCTALL-GE001WI","DLY-SNWD-PCTALL-GE002WI","meas_flag_DLY-SNWD-PCTALL-GE002WI","comp_flag_DLY-SNWD-PCTALL-GE002WI","years_DLY-SNWD-PCTALL-GE002WI","DLY-SNWD-PCTALL-GE003WI","meas_flag_DLY-SNWD-PCTALL-GE003WI","comp_flag_DLY-SNWD-PCTALL-GE003WI","years_DLY-SNWD-PCTALL-GE003WI","DLY-SNWD-PCTALL-GE004WI","meas_flag_DLY-SNWD-PCTALL-GE004WI","comp_flag_DLY-SNWD-PCTALL-GE004WI","years_DLY-SNWD-PCTALL-GE004WI","DLY-SNWD-PCTALL-GE005WI","meas_flag_DLY-SNWD-PCTALL-GE005WI","comp_flag_DLY-SNWD-PCTALL-GE005WI","years_DLY-SNWD-PCTALL-GE005WI","DLY-SNWD-PCTALL-GE010WI","meas_flag_DLY-SNWD-PCTALL-GE010WI","comp_flag_DLY-SNWD-PCTALL-GE010WI","years_DLY-SNWD-PCTALL-GE010WI","DLY-SNWD-PCTALL-GE020WI","meas_flag_DLY-SNWD-PCTALL-GE020WI","comp_flag_DLY-SNWD-PCTALL-GE020WI","years_DLY-SNWD-PCTALL-GE020WI","DLY-SNWD-25PCTL","meas_flag_DLY-SNWD-25PCTL","comp_flag_DLY-SNWD-25PCTL","years_DLY-SNWD-25PCTL","DLY-SNWD-50PCTL","meas_flag_DLY-SNWD-50PCTL","comp_flag_DLY-SNWD-50PCTL","years_DLY-SNWD-50PCTL","DLY-SNWD-75PCTL","meas_flag_DLY-SNWD-75PCTL","comp_flag_DLY-SNWD-75PCTL","years_DLY-SNWD-75PCTL"
"USC00421008","01-01"," 37.6411","-112.1703","2404.9","BRYCE CANYON NP HQRS, UT US","01","01","99","    26.4"," ","S","26","    36.0"," ","S","26","    16.8"," ","S","27","    19.2"," ","S","26","     7.6"," ","S","26","     8.3"," ","S","26","     8.8"," ","S","27","     7.7"," ","S","26","    38.6"," ","S","26","    13.6"," ","S","26","    18.6"," ","S","26","    23.6"," ","S","26","    28.6"," ","S","26","    30.6"," ","S","26","    33.6"," ","S","26","     0.0"," ","S","26","     0.0","X","S","26","     0.0"," ","S","26","     0.0"," ","S","26","     0.0"," ","S","26","     0.0"," ","S","26","     0.0"," ","S","26","     0.0"," ","S","26","     0.0"," ","S","26","     0.0"," ","S","26","     0.0","X","S","26","     0.0"," ","S","26","     0.0"," ","S","26","     0.0"," ","S","26","     0.0"," ","S","26","     0.0"," ","S","26","     0.0"," ","S","26","     0.0"," ","S","26","     0.1"," ","S","26","     0.1"," ","S","26","    21.0"," ","S","27","    11.6"," ","S","27","     5.7"," ","S","27","     2.8"," ","S","27","     1.0"," ","S","27","     0.2"," ","S","27","     0.0"," ","S","27","     0.0"," ","S","27","    0.04"," ","S","27","    0.11"," ","S","27","    0.28"," ","S","27","    0.06"," ","R","19","    0.06"," ","R","19","    20.4"," ","S","27","    14.9"," ","S","27","    10.2"," ","S","27","     7.6"," ","S","27","     5.6"," ","S","27","     4.0"," ","S","27","     0.8"," ","S","27","     0.1"," ","S","27","     0.8"," ","S","27","     1.8"," ","S","27","     4.0"," ","S","27","     0.6"," ","P","20","     0.6"," ","P","20","    90.6"," ","S","27","    85.9"," ","S","27","    80.0"," ","S","27","    72.3"," ","S","27","    66.0"," ","S","27","    44.9"," ","S","27","    10.7"," ","S","27","     4.0"," ","S","27","     9.0"," ","S","27","    14.0"," ","S","27"
"USC00421008","01-02"," 37.6411","-112.1703","2404.9","BRYCE CANYON NP HQRS, UT US","01","02","99","    26.5"," ","S","26","    36.1"," ","S","26","    16.8"," ","S","27","    19.3"," ","S","26","     7.6"," ","S","26","     8.3"," ","S","26","     8.8"," ","S","27","     7.7"," ","S","26","    38.5"," ","S","26","    13.6"," ","S","26","    18.5"," ","S","26","    23.5"," ","S","26","    28.5"," ","S","26","    30.5"," ","S","26","    33.5"," ","S","26","     0.0"," ","S","26","     0.0","X","S","26","     0.0"," ","S","26","     0.0"," ","S","26","     0.0"," ","S","26","     0.0"," ","S","26","     0.0"," ","S","26","     0.0"," ","S","26","     0.0"," ","S","26","     0.0"," ","S","26","     0.0","X","S","26","     0.0"," ","S","26","     0.0"," ","S","26","     0.0"," ","S","26","     0.0"," ","S","26","     0.0"," ","S","26","     0.0"," ","S","26","     0.0"," ","S","26","     0.1"," ","S","26","     0.1"," ","S","26","    21.0"," ","S","27","    11.6"," ","S","27","     5.7"," ","S","27","     2.8"," ","S","27","     1.0"," ","S","27","     0.2"," ","S","27","     0.0"," ","S","27","     0.0"," ","S","27","    0.04"," ","S","27","    0.12"," ","S","27","    0.28"," ","S","27","    0.12"," ","R","19","    0.12"," ","R","19","    20.4"," ","S","27","    14.9"," ","S","27","    10.2"," ","S","27","     7.6"," ","S","27","     5.6"," ","S","27","     4.0"," ","S","27","     0.8"," ","S","27","     0.1"," ","S","27","     0.8"," ","S","27","     1.8"," ","S","27","     4.0"," ","S","27","     1.2"," ","P","20","     1.2"," ","P","20","    90.9"," ","S","27","    86.4"," ","S","27","    80.7"," ","S","27","    73.1"," ","S","27","    66.8"," ","S","27","    46.0"," ","S","27","    11.4"," ","S","27","     5.0"," ","S","27","     9.0"," ","S","27","    14.0"," ","S","27"
"USC00421008","01-03"," 37.6411","-112.1703","2404.9","BRYCE CANYON NP HQRS, UT US","01","03","99","    26.5"," ","S","26","    36.2"," ","S","26","    16.9"," ","S","27","    19.3"," ","S","26","     7.6"," ","S","26","     8.3"," ","S","26","     8.8"," ","S","27","     7.7"," ","S","26","    38.5"," ","S","26","    13.5"," ","S","26","    18.5"," ","S","26","    23.5"," ","S","26","    28.5"," ","S","26","    30.5"," ","S","26","    33.5"," ","S","26","     0.0"," ","S","26","     0.0","X","S","26","     0.0"," ","S","26","     0.0"," ","S","26","     0.0"," ","S","26","     0.0"," ","S","26","     0.0"," ","S","26","     0.0"," ","S","26","     0.0"," ","S","26","     0.0"," ","S","26","     0.0","X","S","26","     0.0"," ","S","26","     0.0"," ","S","26","     0.0"," ","S","26","     0.0"," ","S","26","     0.0"," ","S","26","     0.0"," ","S","26","     0.0"," ","S","26","     0.1"," ","S","26","     0.1"," ","S","26","    21.0"," ","S","27","    11.7"," ","S","27","     5.8"," ","S","27","     2.8"," ","S","27","     1.0"," ","S","27","     0.2"," ","S","27","     0.0"," ","S","27","     0.0"," ","S","27","    0.04"," ","S","27","    0.12"," ","S","27","    0.29"," ","S","27","    0.18"," ","R","19","    0.18"," ","R","19","    20.5"," ","S","27","    15.0"," ","S","27","    10.2"," ","S","27","     7.7"," ","S","27","     5.7"," ","S","27","     4.0"," ","S","27","     0.8"," ","S","27","     0.1"," ","S","27","     0.8"," ","S","27","     1.8"," ","S","27","     4.0"," ","S","27","     1.8"," ","P","20","     1.8"," ","P","20","    91.3"," ","S","27","    86.8"," ","S","27","    81.4"," ","S","27","    73.9"," ","S","27","    67.6"," ","S","27","    47.0"," ","S","27","    12.1"," ","S","27","     5.0"," ","S","27","     9.0"," ","S","27","    14.0"," ","S","27"
"USC00421008","01-04"," 37.6411","-112.1703","2404.9","BRYCE CANYON NP HQRS, UT US","01","04","99","    26.6"," ","S","26","    36.2"," ","S","26","    16.9"," ","S","27","    19.3"," ","S","26","     7.6"," ","S","26","     8.3"," ","S","26","     8.8"," ","S","27","     7.6"," ","S","26","    38.4"," ","S","26","    13.5"," ","S","26","    18.4"," ","S","26","    23.4"," ","S","26","    28.4"," ","S","26","    30.4"," ","S","26","    33.4"," ","S","26","     0.0"," ","S","26","     0.0","X","S","26","     0.0"," ","S","26","     0.0"," ","S","26","     0.0"," ","S","26","     0.0"," ","S","26","     0.0"," ","S","26","     0.0"," ","S","26","     0.0"," ","S","26","     0.0"," ","S","26","     0.0","X","S","26","     0.0"," ","S","26","     0.0"," ","S","26","     0.0"," ","S","26","     0.0"," ","S","26","     0.0"," ","S","26","     0.0"," ","S","26","     0.0"," ","S","26","     0.1"," ","S","26","     0.1"," ","S","26","    20.9"," ","S","27","    11.8"," ","S","27","     5.8"," ","S","27","     2.9"," ","S","27","     1.0"," ","S","27","     0.2"," ","S","27","     0.0"," ","S","27","     0.0"," ","S","27","    0.04"," ","S","27","    0.12"," ","S","27","    0.29"," ","S","27","    0.24"," ","R","19","    0.24"," ","R","19","    20.5"," ","S","27","    15.0"," ","S","27","    10.2"," ","S","27","     7.7"," ","S","27","     5.7"," ","S","27","     4.0"," ","S","27","     0.8"," ","S","27","     0.1"," ","S","27","     0.8"," ","S","27","     1.8"," ","S","27","     4.0"," ","S","27","     2.4"," ","P","20","     2.4"," ","P","20","    91.6"," ","S","27","    87.2"," ","S","27","    82.0"," ","S","27","    74.6"," ","S","27","    68.4"," ","S","27","    48.1"," ","S","27","    12.9"," ","S","27","     5.0"," ","S","27","    10.0"," ","S","27","    14.0"," ","S","27"
"USC00421008","01-05"," 37.6411","-112.1703","2404.9","BRYCE CANYON NP HQRS, UT US","01","05","99","    26.6"," ","S","26","    36.3"," ","S","26","    16.9"," ","S","27","    19.4"," ","S","26","     7.6"," ","S","26","     8.3"," ","S","26","     8.8"," ","S","27","     7.6"," ","S","26","    38.4"," ","S","26","    13.4"," ","S","26","    18.4"," ","S","26","    23.4"," ","S","26","    28.4"," ","S","26","    30.4"," ","S","26","    33.4"," ","S","26","     0.0"," ","S","26","     0.0","X","S","26","     0.0"," ","S","26","     0.0"," ","S","26","     0.0"," ","S","26","     0.0"," ","S","26","     0.0"," ","S","26","     0.0"," ","S","26","     0.0"," ","S","26","     0.0"," ","S","26","     0.0","X","S","26","     0.0"," ","S","26","     0.0"," ","S","26","     0.0"," ","S","26","     0.0"," ","S","26","     0.0"," ","S","26","     0.0"," ","S","26","     0.0"," ","S","26","     0.1"," ","S","26","     0.1"," ","S","26","    20.8"," ","S","27","    11.8"," ","S","27","     5.9"," ","S","27","     2.9"," ","S","27","     1.1"," ","S","27","     0.2"," ","S","27","     0.0"," ","S","27","     0.0"," ","S","27","    0.04"," ","S","27","    0.12"," ","S","27","    0.29"," ","S","27","    0.30"," ","R","19","    0.30"," ","R","19","    20.5"," ","S","27","    14.9"," ","S","27","    10.2"," ","S","27","     7.7"," ","S","27","     5.7"," ","S","27","     4.1"," ","S","27","     0.8"," ","S","27","     0.1"," ","S","27","     0.8"," ","S","27","     1.8"," ","S","27","     4.0"," ","S","27","     3.0"," ","P","20","     3.0"," ","P","20","    91.9"," ","S","27","    87.5"," ","S","27","    82.6"," ","S","27","    75.2"," ","S","27","    69.1"," ","S","27","    49.1"," ","S","27","    13.6"," ","S","27","     5.0"," ","S","27","    10.0"," ","S","27","    15.0"," ","S","27"
"USC00421008","01-06"," 37.6411","-112.1703","2404.9","BRYCE CANYON NP HQRS, UT US","01","06","99","    26.7"," ","S","26","    36.4"," ","S","26","    16.9"," ","S","27","    19.4"," ","S","26","     7.6"," ","S","26","     8.2"," ","S","26","     8.8"," ","S","27","     7.6"," ","S","26","    38.3"," ","S","26","    13.4"," ","S","26","    18.3"," ","S","26","    23.3"," ","S","26","    28.3"," ","S","26","    30.3"," ","S","26","    33.3"," ","S","26","     0.0"," ","S","26","     0.0","X","S","26","     0.0"," ","S","26","     0.0"," ","S","26","     0.0"," ","S","26","     0.0"," ","S","26","     0.0"," ","S","26","     0.0"," ","S","26","     0.0"," ","S","26","     0.0"," ","S","26","     0.0","X","S","26","     0.0"," ","S","26","     0.0"," ","S","26","     0.0"," ","S","26","     0.0"," ","S","26","     0.0"," ","S","26","     0.0"," ","S","26","     0.0"," ","S","26","     0.1"," ","S","26","     0.0","X","S","26","    20.8"," ","S","27","    11.7"," ","S","27","     5.9"," ","S","27","     2.9"," ","S","27","     1.1"," ","S","27","     0.2"," ","S","27","     0.0"," ","S","27","     0.0"," ","S","27","    0.04"," ","S","27","    0.12"," ","S","27","    0.29"," ","S","27","    0.36"," ","R","19","    0.36"," ","R","19","    20.5"," ","S","27","    14.9"," ","S","27","    10.2"," ","S","27","     7.6"," ","S","27","     5.7"," ","S","27","     4.1"," ","S","27","     0.9"," ","S","27","     0.1"," ","S","27","     0.8"," ","S","27","     1.8"," ","S","27","     4.0"," ","S","27","     3.6"," ","P","20","     3.6"," ","P","20","    92.1"," ","S","27","    87.8"," ","S","27","    83.1"," ","S","27","    75.9"," ","S","27","    69.8"," ","S","27","    50.0"," ","S","27","    14.4"," ","S","27","     5.0"," ","S","27","    10.0"," ","S","27","    15.0"," ","S","27"
"USC00421008","01-07"," 37.6411","-112.1703","2404.9","BRYCE CANYON NP HQRS, UT US","01","07","99","    26.7"," ","S","26","    36.4"," ","S","26","    17.0"," ","S","27","    19.5"," ","S","26","     7.6"," ","S","26","     8.2"," ","S","26","     8.8"," ","S","27","     7.6"," ","S","26","    38.3"," ","S","26","    13.3"," ","S","26","    18.3"," ","S","26","    23.3"," ","S","26","    28.3"," ","S","26","    30.3"," ","S","26","    33.3"," ","S","26","     0.0"," ","S","26","     0.0","X","S","26","     0.0"," ","S","26","     0.0"," ","S","26","     0.0"," ","S","26","     0.0"," ","S","26","     0.0"," ","S","26","     0.0"," ","S","26","     0.0"," ","S","26","     0.0"," ","S","26","     0.0","X","S","26","     0.0"," ","S","26","     0.0"," ","S","26","     0.0"," ","S","26","     0.0"," ","S","26","     0.0"," ","S","26","     0.0"," ","S","26","     0.0"," ","S","26","     0.1"," ","S","26","     0.0","X","S","26","    20.7"," ","S","27","    11.7"," ","S","27","     5.8"," ","S","27","     2.9"," ","S","27","     1.1"," ","S","27","     0.2"," ","S","27","     0.0"," ","S","27","     0.0"," ","S","27","    0.04"," ","S","27","    0.12"," ","S","27","    0.29"," ","S","27","    0.41"," ","R","19","    0.41"," ","R","19","    20.5"," ","S","27","    14.8"," ","S","27","    10.1"," ","S","27","     7.5"," ","S","27","     5.7"," ","S","27","     4.0"," ","S","27","     0.9"," ","S","27","     0.1"," ","S","27","     0.8"," ","S","27","     1.8"," ","S","27","     4.0"," ","S","27","     4.2"," ","P","20","     4.2"," ","P","20","    92.4"," ","S","27","    88.1"," ","S","27","    83.6"," ","S","27","    76.4"," ","S","27","    70.4"," ","S","27","    51.0"," ","S","27","    15.2"," ","S","27","     5.0"," ","S","27","    10.0"," ","S","27","    15.0"," ","S","27"
"USC00421008","01-08"," 37.6411","-112.1703","2404.9","BRYCE CANYON NP HQRS, UT US","01","08","99","    26.7"," ","S","26","    36.5"," ","S","26","    17.0"," ","S","27","    19.5"," ","S","26","     7.6"," ","S","26","     8.2"," ","S","26","     8.8"," ","S","27","     7.6"," ","S","26","    38.3"," ","S","26","    13.3"," ","S","26","    18.3"," ","S","26","    23.3"," ","S","26","    28.3"," ","S","26","    30.3"," ","S","26","    33.3"," ","S","26","     0.0"," ","S","26","     0.0","X","S","26","     0.0"," ","S","26","     0.0"," ","S","26","     0.0"," ","S","26","     0.0"," ","S","26","     0.0"," ","S","26","     0.0"," ","S","26","     0.0"," ","S","26","     0.0"," ","S","26","     0.0","X","S","26","     0.0"," ","S","26","     0.0"," ","S","26","     0.0"," ","S","26","     0.0"," ","S","26","     0.0"," ","S","26","     0.0"," ","S","26","     0.0"," ","S","26","     0.1"," ","S","26","     0.0","X","S","26","    20.6"," ","S","28","    11.6"," ","S","28","     5.8"," ","S","28","     2.9"," ","S","28","     1.1"," ","S","28","     0.2"," ","S","28","     0.0"," ","S","28","     0.0"," ","S","28","    0.04"," ","S","28","    0.12"," ","S","28","    0.29"," ","S","28","    0.48"," ","R","19","    0.48"," ","R","19","    20.5"," ","S","28","    14.8"," ","S","28","    10.1"," ","S","28","     7.5"," ","S","28","     5.7"," ","S","28","     4.0"," ","S","28","     0.9"," ","S","28","     0.1"," ","S","28","     0.8"," ","S","28","     1.8"," ","S","28","     4.0"," ","S","28","     4.8"," ","P","20","     4.8"," ","P","20","    92.6"," ","S","27","    88.4"," ","S","27","    84.1"," ","S","27","    77.0"," ","S","27","    71.0"," ","S","27","    51.9"," ","S","27","    15.9"," ","S","27","     5.0"," ","S","27","    10.0"," ","S","27","    16.0"," ","S","27"
"USC00421008","01-09"," 37.6411","-112.1703","2404.9","BRYCE CANYON NP HQRS, UT US","01","09","99","    26.8"," ","S","26","    36.6"," ","S","26","    17.0"," ","S","27","    19.6"," ","S","26","     7.6"," ","S","26","     8.2"," ","S","26","     8.8"," ","S","27","     7.6"," ","S","26","    38.2"," ","S","26","    13.2"," ","S","26","    18.2"," ","S","26","    23.2"," ","S","26","    28.2"," ","S","26","    30.2"," ","S","26","    33.2"," ","S","26","     0.0"," ","S","26","     0.0","X","S","26","     0.0"," ","S","26","     0.0"," ","S","26","     0.0"," ","S","26","     0.0"," ","S","26","     0.0"," ","S","26","     0.0"," ","S","26","     0.0"," ","S","26","     0.0"," ","S","26","     0.0","X","S","26","     0.0"," ","S","26","     0.0"," ","S","26","     0.0"," ","S","26","     0.0"," ","S","26","     0.0"," ","S","26","     0.0"," ","S","26","     0.0"," ","S","26","     0.1"," ","S","26","     0.0","X","S","26","    20.6"," ","S","28","    11.6"," ","S","28","     5.8"," ","S","28","     2.9"," ","S","28","     1.1"," ","S","28","     0.3"," ","S","28","     0.0"," ","S","28","     0.0"," ","S","28","    0.04"," ","S","28","    0.12"," ","S","28","    0.29"," ","S","28","    0.54"," ","R","19","    0.54"," ","R","19","    20.5"," ","S","28","    14.7"," ","S","28","    10.0"," ","S","28","     7.4"," ","S","28","     5.6"," ","S","28","     4.0"," ","S","28","     1.0"," ","S","28","     0.1"," ","S","28","     0.8"," ","S","28","     1.8"," ","S","28","     4.0"," ","S","28","     5.4"," ","P","20","     5.4"," ","P","20","    92.8"," ","S","27","    88.7"," ","S","27","    84.5"," ","S","27","    77.5"," ","S","27","    71.6"," ","S","27","    52.7"," ","S","27","    16.7"," ","S","27","     5.0"," ","S","27","    10.0"," ","S","27","    16.0"," ","S","27"
"USC00421008","01-10"," 37.6411","-112.1703","2404.9","BRYCE CANYON NP HQRS, UT US","01","10","99","    26.8"," ","S","26","    36.6"," ","S","26","    17.0"," ","S","27","    19.6"," ","S","26","     7.6"," ","S","26","     8.2"," ","S","26","     8.8"," ","S","27","     7.6"," ","S","26","    38.2"," ","S","26","    13.2"," ","S","26","    18.2"," ","S","26","    23.2"," ","S","26","    28.2"," ","S","26","    30.2"," ","S","26","    33.2"," ","S","26","     0.0"," ","S","26","     0.0","X","S","26","     0.0"," ","S","26","     0.0"," ","S","26","     0.0"," ","S","26","     0.0"," ","S","26","     0.0"," ","S","26","     0.0"," ","S","26","     0.0"," ","S","26","     0.0"," ","S","26","     0.0","X","S","26","     0.0"," ","S","26","     0.0"," ","S","26","     0.0"," ","S","26","     0.0"," ","S","26","     0.0"," ","S","26","     0.0"," ","S","26","     0.0"," ","S","26","     0.1"," ","S","26","     0.0","X","S","26","    20.5"," ","S","28","    11.5"," ","S","28","     5.8"," ","S","28","     2.9"," ","S","28","     1.1"," ","S","28","     0.3"," ","S","28","     0.0"," ","S","28","     0.0"," ","S","28","    0.04"," ","S","28","    0.12"," ","S","28","    0.29"," ","S","28","    0.59"," ","R","19","    0.59"," ","R","19","    20.5"," ","S","28","    14.6"," ","S","28","    10.0"," ","S","28","     7.4"," ","S","28","     5.6"," ","S","28","     4.0"," ","S","28","     1.0"," ","S","28","     0.1"," ","S","28","     0.7"," ","S","28","     1.7"," ","S","28","     4.0"," ","S","28","     6.0"," ","P","20","     6.0"," ","P","20","    92.9"," ","S","27","    88.9"," ","S","27","    84.9"," ","S","27","    77.9"," ","S","27","    72.2"," ","S","27","    53.5"," ","S","27","    17.4"," ","S","27","     5.0"," ","S","27","    10.0"," ","S","27","    16.0"," ","S","27"
"USC00421008","01-11"," 37.6411","-112.1703","2404.9","BRYCE CANYON NP HQRS, UT US","01","11","99","    26.9"," ","S","26","    36.7"," ","S","26","    17.0"," ","S","27","    19.7"," ","S","26","     7.6"," ","S","26","     8.2"," ","S","26","     8.8"," ","S","27","     7.6"," ","S","26","    38.1"," ","S","26","    13.1"," ","S","26","    18.1"," ","S","26","    23.1"," ","S","26","    28.1"," ","S","26","    30.1"," ","S","26","    33.1"," ","S","26","     0.0"," ","S","26","     0.0","X","S","26","     0.0"," ","S","26","     0.0"," ","S","26","     0.0"," ","S","26","     0.0"," ","S","26","     0.0"," ","S","26","     0.0"," ","S","26","     0.0"," ","S","26","     0.0"," ","S","26","     0.0","X","S","26","     0.0"," ","S","26","     0.0"," ","S","26","     0.0"," ","S","26","     0.0"," ","S","26","     0.0"," ","S","26","     0.0"," ","S","26","     0.0"," ","S","26","     0.1"," ","S","26","     0.0","X","S","26","    20.4"," ","S","28","    11.5"," ","S","28","     5.8"," ","S","28","     2.9"," ","S","28","     1.2"," ","S","28","     0.3"," ","S","28","     0.0"," ","S","28","     0.0"," ","S","28","    0.04"," ","S","28","    0.12"," ","S","28","    0.30"," ","S","28","    0.65"," ","R","19","    0.65"," ","R","19","    20.4"," ","S","28","    14.6"," ","S","28","    10.0"," ","S","28","     7.4"," ","S","28","     5.6"," ","S","28","     4.0"," ","S","28","     1.0"," ","S","28","     0.1"," ","S","28","     0.7"," ","S","28","     1.7"," ","S","28","     4.0"," ","S","28","     6.6"," ","P","20","     6.6"," ","P","20","    93.0"," ","S","27","    89.0"," ","S","27","    85.2"," ","S","27","    78.4"," ","S","27","    72.7"," ","S","27","    54.4"," ","S","27","    18.1"," ","S","27","     6.0"," ","S","27","    11.0"," ","S","27","    17.0"," ","S","27"
"USC00421008","01-12"," 37.6411","-112.1703","2404.9","BRYCE CANYON NP HQRS, UT US","01","12","99","    26.9"," ","S","26","    36.8"," ","S","26","    17.0"," ","S","27","    19.7"," ","S","26","     7.6"," ","S","26","     8.2"," ","S","26","     8.8"," ","S","27","     7.6"," ","S","26","    38.1"," ","S","26","    13.1"," ","S","26","    18.1"," ","S","26","    23.1"," ","S","26","    28.1"," ","S","26","    30.1"," ","S","26","    33.1"," ","S","26","     0.0"," ","S","26","     0.0","X","S","26","     0.0"," ","S","26","     0.0"," ","S","26","     0.0"," ","S","26","     0.0"," ","S","26","     0.0"," ","S","26","     0.0"," ","S","26","     0.0"," ","S","26","     0.0"," ","S","26","     0.0","X","S","26","     0.0"," ","S","26","     0.0"," ","S","26","     0.0"," ","S","26","     0.0"," ","S","26","     0.0"," ","S","26","     0.0"," ","S","26","     0.0"," ","S","26","     0.1"," ","S","26","     0.0","X","S","26","    20.3"," ","S","28","    11.4"," ","S","28","     5.8"," ","S","28","     3.0"," ","S","28","     1.2"," ","S","28","     0.3"," ","S","28","     0.0"," ","S","28","     0.0"," ","S","28","    0.04"," ","S","28","    0.12"," ","S","28","    0.30"," ","S","28","    0.72"," ","R","19","    0.72"," ","R","19","    20.4"," ","S","28","    14.5"," ","S","28","     9.9"," ","S","28","     7.3"," ","S","28","     5.6"," ","S","28","     4.1"," ","S","28","     1.1"," ","S","28","     0.1"," ","S","28","     0.7"," ","S","28","     1.7"," ","S","28","     4.0"," ","S","28","     7.3"," ","P","20","     7.3"," ","P","20","    93.1"," ","S","28","    89.2"," ","S","28","    85.5"," ","S","28","    78.8"," ","S","28","    73.2"," ","S","28","    55.2"," ","S","28","    18.9"," ","S","28","     6.0"," ","S","28","    11.0"," ","S","28","    17.0"," ","S","28"
"USC00421008","01-13"," 37.6411","-112.1703","2404.9","BRYCE CANYON NP HQRS, UT US","01","13","99","    26.9"," ","S","26","    36.8"," ","S","26","    17.0"," ","S","27","    19.8"," ","S","26","     7.6"," ","S","26","     8.1"," ","S","26","     8.8"," ","S","27","     7.6"," ","S","26","    38.1"," ","S","26","    13.1"," ","S","26","    18.1"," ","S","26","    23.1"," ","S","26","    28.1"," ","S","26","    30.1"," ","S","26","    33.1"," ","S","26","     0.0"," ","S","26","     0.0","X","S","26","     0.0"," ","S","26","     0.0"," ","S","26","     0.0"," ","S","26","     0.0"," ","S","26","     0.0"," ","S","26","     0.0"," ","S","26","     0.0"," ","S","26","     0.0"," ","S","26","     0.0","X","S","26","     0.0"," ","S","26","     0.0"," ","S","26","     0.0"," ","S","26","     0.0"," ","S","26","     0.0"," ","S","26","     0.0"," ","S","26","     0.0"," ","S","26","     0.1"," ","S","26","     0.0","X","S","26","    20.2"," ","S","28","    11.2"," ","S","28","     5.7"," ","S","28","     3.0"," ","S","28","     1.2"," ","S","28","     0.3"," ","S","28","     0.0"," ","S","28","     0.0"," ","S","28","    0.04"," ","S","28","    0.12"," ","S","28","    0.30"," ","S","28","    0.78"," ","R","19","    0.78"," ","R","19","    20.4"," ","S","28","    14.4"," ","S","28","     9.9"," ","S","28","     7.3"," ","S","28","     5.6"," ","S","28","     4.1"," ","S","28","     1.1"," ","S","28","     0.2"," ","S","28","     0.7"," ","S","28","     1.7"," ","S","28","     4.0"," ","S","28","     7.9"," ","P","20","     7.9"," ","P","20","    93.2"," ","S","28","    89.4"," ","S","28","    85.7"," ","S","28","    79.2"," ","S","28","    73.7"," ","S","28","    56.0"," ","S","28","    19.5"," ","S","28","     6.0"," ","S","28","    11.0"," ","S","28","    17.0"," ","S","28"
"USC00421008","01-14"," 37.6411","-112.1703","2404.9","BRYCE CANYON NP HQRS, UT US","01","14","99","    27.0"," ","S","26","    36.9"," ","S","26","    17.1"," ","S","27","    19.8"," ","S","26","     7.6"," ","S","26","     8.1"," ","S","26","     8.9"," ","S","27","     7.6"," ","S","26","    38.0"," ","S","26","    13.0"," ","S","26","    18.0"," ","S","26","    23.0"," ","S","26","    28.0"," ","S","26","    30.0"," ","S","26","    33.0"," ","S","26","     0.0"," ","S","26","     0.0","X","S","26","     0.0"," ","S","26","     0.0"," ","S","26","     0.0"," ","S","26","     0.0"," ","S","26","     0.0"," ","S","26","     0.0"," ","S","26","     0.0"," ","S","26","     0.0"," ","S","26","     0.0","X","S","26","     0.0"," ","S","26","     0.0"," ","S","26","     0.0"," ","S","26","     0.0"," ","S","26","     0.0"," ","S","26","     0.0"," ","S","26","     0.0"," ","S","26","     0.1"," ","S","26","     0.0","X","S","26","    20.2"," ","S","28","    11.2"," ","S","28","     5.7"," ","S","28","     3.0"," ","S","28","     1.1"," ","S","28","     0.3"," ","S","28","     0.0"," ","S","28","     0.0"," ","S","28","    0.04"," ","S","28","    0.12"," ","S","28","    0.30"," ","S","28","    0.85"," ","R","19","    0.85"," ","R","19","    20.4"," ","S","28","    14.3"," ","S","28","     9.9"," ","S","28","     7.3"," ","S","28","     5.6"," ","S","28","     4.1"," ","S","28","     1.1"," ","S","28","     0.2"," ","S","28","     0.7"," ","S","28","     1.7"," ","S","28","     4.0"," ","S","28","     8.6"," ","P","20","     8.6"," ","P","20","    93.3"," ","S","28","    89.5"," ","S","28","    85.9"," ","S","28","    79.5"," ","S","28","    74.1"," ","S","28","    56.7"," ","S","28","    20.2"," ","S","28","     6.0"," ","S","28","    11.0"," ","S","28","    17.0"," ","S","28"
"USC00421008","01-15"," 37.6411","-112.1703","2404.9","BRYCE CANYON NP HQRS, UT US","01","15","99","    27.0"," ","S","26","    36.9"," ","S","26","    17.1"," ","S","27","    19.9"," ","S","26","     7.6"," ","S","26","     8.1"," ","S","26","     8.9"," ","S","27","     7.6"," ","S","26","    38.0"," ","S","26","    13.0"," ","S","26","    18.0"," ","S","26","    23.0"," ","S","26","    28.0"," ","S","26","    30.0"," ","S","26","    33.0"," ","S","26","     0.0"," ","S","26","     0.0","X","S","26","     0.0"," ","S","26","     0.0"," ","S","26","     0.0"," ","S","26","     0.0"," ","S","26","     0.0"," ","S","26","     0.0"," ","S","26","     0.0"," ","S","26","     0.0"," ","S","26","     0.0","X","S","26","     0.0"," ","S","26","     0.0"," ","S","26","     0.0"," ","S","26","     0.0"," ","S","26","     0.0"," ","S","26","     0.0"," ","S","26","     0.0"," ","S","26","     0.1"," ","S","26","     0.0","X","S","26","    20.2"," ","S","28","    11.1"," ","S","28","     5.7"," ","S","28","     3.0"," ","S","28","     1.1"," ","S","28","     0.3"," ","S","28","     0.0"," ","S","28","     0.0"," ","S","28","    0.04"," ","S","28","    0.11"," ","S","28","    0.29"," ","S","28","    0.91"," ","R","19","    0.91"," ","R","19","    20.4"," ","S","28","    14.2"," ","S","28","     9.8"," ","S","28","     7.2"," ","S","28","     5.6"," ","S","28","     4.1"," ","S","28","     1.2"," ","S","28","     0.2"," ","S","28","     0.7"," ","S","28","     1.7"," ","S","28","     4.0"," ","S","28","     9.2"," ","P","20","     9.2"," ","P","20","    93.4"," ","S","28","    89.7"," ","S","28","    86.0"," ","S","28","    79.8"," ","S","28","    74.5"," ","S","28","    57.4"," ","S","28","    20.9"," ","S","28","     6.0"," ","S","28","    11.0"," ","S","28","    18.0"," ","S","28"
"USC00421008","01-16"," 37.6411","-112.1703","2404.9","BRYCE CANYON NP HQRS, UT US","01","16","99","    27.0"," ","S","26","    37.0"," ","S","26","    17.1"," ","S","27","    19.9"," ","S","26","     7.6"," ","S","26","     8.0"," ","S","26","     8.9"," ","S","27","     7.6"," ","S","26","    38.0"," ","S","26","    13.0"," ","S","26","    18.0"," ","S","26","    23.0"," ","S","26","    28.0"," ","S","26","    30.0"," ","S","26","    33.0"," ","S","26","     0.0"," ","S","26","     0.0","X","S","26","     0.0"," ","S","26","     0.0"," ","S","26","     0.0"," ","S","26","     0.0"," ","S","26","     0.0"," ","S","26","     0.0"," ","S","26","     0.0"," ","S","26","     0.0"," ","S","26","     0.0","X","S","26","     0.0"," ","S","26","     0.0"," ","S","26","     0.0"," ","S","26","     0.0"," ","S","26","     0.0"," ","S","26","     0.0"," ","S","26","     0.0"," ","S","26","     0.1"," ","S","26","     0.0","X","S","26","    20.2"," ","S","28","    11.0"," ","S","28","     5.7"," ","S","28","     3.0"," ","S","28","     1.1"," ","S","28","     0.3"," ","S","28","     0.0"," ","S","28","     0.0"," ","S","28","    0.04"," ","S","28","    0.11"," ","S","28","    0.29"," ","S","28","    0.98"," ","R","19","    0.98"," ","R","19","    20.4"," ","S","28","    14.2"," ","S","28","     9.8"," ","S","28","     7.2"," ","S","28","     5.6"," ","S","28","     4.1"," ","S","28","     1.2"," ","S","28","     0.2"," ","S","28","     0.7"," ","S","28","     1.7"," ","S","28","     3.9"," ","S","28","     9.9"," ","P","20","     9.9"," ","P","20","    93.5"," ","S","28","    89.8"," ","S","28","    86.1"," ","S","28","    80.0"," ","S","28","    74.9"," ","S","28","    58.0"," ","S","28","    21.5"," ","S","28","     6.0"," ","S","28","    11.0"," ","S","28","    18.0"," ","S","28"
"USC00421008","01-17"," 37.6411","-112.1703","2404.9","BRYCE CANYON NP HQRS, UT US","01","17","99","    27.1"," ","S","26","    37.1"," ","S","26","    17.1"," ","S","27","    20.0"," ","S","26","     7.6"," ","S","26","     8.0"," ","S","26","     8.9"," ","S","27","     7.6"," ","S","26","    37.9"," ","S","26","    13.0"," ","S","26","    17.9"," ","S","26","    22.9"," ","S","26","    27.9"," ","S","26","    29.9"," ","S","26","    32.9"," ","S","26","     0.0"," ","S","26","     0.0","X","S","26","     0.0"," ","S","26","     0.0"," ","S","26","     0.0"," ","S","26","     0.0"," ","S","26","     0.0"," ","S","26","     0.0"," ","S","26","     0.0"," ","S","26","     0.0"," ","S","26","     0.0","X","S","26","     0.0"," ","S","26","     0.0"," ","S","26","     0.0"," ","S","26","     0.0"," ","S","26","     0.0"," ","S","26","     0.0"," ","S","26","     0.0"," ","S","26","     0.1"," ","S","26","     0.0","X","S","26","    20.2"," ","S","28","    10.9"," ","S","28","     5.7"," ","S","28","     3.0"," ","S","28","     1.1"," ","S","28","     0.3"," ","S","28","     0.0"," ","S","28","     0.0"," ","S","28","    0.04"," ","S","28","    0.11"," ","S","28","    0.29"," ","S","28","    1.05"," ","R","19","    1.05"," ","R","19","    20.4"," ","S","28","    14.1"," ","S","28","     9.8"," ","S","28","     7.2"," ","S","28","     5.6"," ","S","28","     4.1"," ","S","28","     1.2"," ","S","28","     0.2"," ","S","28","     0.6"," ","S","28","     1.7"," ","S","28","     3.9"," ","S","28","    10.6"," ","P","20","    10.6"," ","P","20","    93.6"," ","S","28","    89.9"," ","S","28","    86.2"," ","S","28","    80.3"," ","S","28","    75.2"," ","S","28","    58.6"," ","S","28","    22.0"," ","S","28","     6.0"," ","S","28","    11.0"," ","S","28","    18.0"," ","S","28"
"USC00421008","01-18"," 37.6411","-112.1703","2404.9","BRYCE CANYON NP HQRS, UT US","01","18","99","    27.1"," ","S","26","    37.1"," ","S","26","    17.0"," ","S","27","    20.0"," ","S","26","     7.6"," ","S","26","     8.0"," ","S","26","     8.9"," ","S","27","     7.6"," ","S","26","    37.9"," ","S","26","    13.0"," ","S","26","    17.9"," ","S","26","    22.9"," ","S","26","    27.9"," ","S","26","    29.9"," ","S","26","    32.9"," ","S","26","     0.0"," ","S","26","     0.0","X","S","26","     0.0"," ","S","26","     0.0"," ","S","26","     0.0"," ","S","26","     0.0"," ","S","26","     0.0"," ","S","26","     0.0"," ","S","26","     0.0"," ","S","26","     0.0"," ","S","26","     0.0","X","S","26","     0.0"," ","S","26","     0.0"," ","S","26","     0.0"," ","S","26","     0.0"," ","S","26","     0.0"," ","S","26","     0.0"," ","S","26","     0.0"," ","S","26","     0.1"," ","S","26","     0.0","X","S","26","    20.2"," ","S","28","    10.8"," ","S","28","     5.7"," ","S","28","     3.0"," ","S","28","     1.1"," ","S","28","     0.3"," ","S","28","     0.0"," ","S","28","     0.0"," ","S","28","    0.04"," ","S","28","    0.11"," ","S","28","    0.29"," ","S","28","    1.12"," ","R","19","    1.12"," ","R","19","    20.4"," ","S","28","    14.1"," ","S","28","     9.7"," ","S","28","     7.1"," ","S","28","     5.6"," ","S","28","     4.1"," ","S","28","     1.3"," ","S","28","     0.2"," ","S","28","     0.6"," ","S","28","     1.6"," ","S","28","     3.9"," ","S","28","    11.3"," ","P","20","    11.3"," ","P","20","    93.7"," ","S","28","    90.0"," ","S","28","    86.3"," ","S","28","    80.5"," ","S","28","    75.6"," ","S","28","    59.1"," ","S","28","    22.6"," ","S","28","     6.0"," ","S","28","    12.0"," ","S","28","    19.0"," ","S","28"
"USC00421008","01-19"," 37.6411","-112.1703","2404.9","BRYCE CANYON NP HQRS, UT US","01","19","99","    27.1"," ","S","26","    37.1"," ","S","26","    17.0"," ","S","27","    20.1"," ","S","26","     7.6"," ","S","26","     8.0"," ","S","26","     8.9"," ","S","27","     7.6"," ","S","26","    37.9"," ","S","26","    12.9"," ","S","26","    17.9"," ","S","26","    22.9"," ","S","26","    27.9"," ","S","26","    29.9"," ","S","26","    32.9"," ","S","26","     0.0"," ","S","26","     0.0","X","S","26","     0.0"," ","S","26","     0.0"," ","S","26","     0.0"," ","S","26","     0.0"," ","S","26","     0.0"," ","S","26","     0.0"," ","S","26","     0.0"," ","S","26","     0.0"," ","S","26","     0.0","X","S","26","     0.0"," ","S","26","     0.0"," ","S","26","     0.0"," ","S","26","     0.0"," ","S","26","     0.0"," ","S","26","     0.0"," ","S","26","     0.0"," ","S","26","     0.1"," ","S","26","     0.0","X","S","26","    20.2"," ","S","28","    10.8"," ","S","28","     5.7"," ","S","28","     3.0"," ","S","28","     1.1"," ","S","28","     0.3"," ","S","28","     0.0"," ","S","28","     0.0"," ","S","28","    0.04"," ","S","28","    0.11"," ","S","28","    0.29"," ","S","28","    1.19"," ","R","19","    1.19"," ","R","19","    20.4"," ","S","28","    14.0"," ","S","28","     9.7"," ","S","28","     7.1"," ","S","28","     5.6"," ","S","28","     4.2"," ","S","28","     1.3"," ","S","28","     0.2"," ","S","28","     0.6"," ","S","28","     1.6"," ","S","28","     3.9"," ","S","28","    12.0"," ","P","20","    12.0"," ","P","20","    93.8"," ","S","28","    90.2"," ","S","28","    86.4"," ","S","28","    80.7"," ","S","28","    75.8"," ","S","28","    59.6"," ","S","28","    23.1"," ","S","28","     6.0"," ","S","28","    12.0"," ","S","28","    19.0"," ","S","28"
"USC00421008","01-20"," 37.6411","-112.1703","2404.9","BRYCE CANYON NP HQRS, UT US","01","20","99","    27.1"," ","S","26","    37.2"," ","S","26","    17.0"," ","S","27","    20.1"," ","S","26","     7.6"," ","S","26","     8.0"," ","S","26","     8.9"," ","S","27","     7.5"," ","S","26","    37.9"," ","S","26","    12.9"," ","S","26","    17.9"," ","S","26","    22.9"," ","S","26","    27.9"," ","S","26","    29.9"," ","S","26","    32.9"," ","S","26","     0.0"," ","S","26","     0.0","X","S","26","     0.0"," ","S","26","     0.0"," ","S","26","     0.0"," ","S","26","     0.0"," ","S","26","     0.0"," ","S","26","     0.0"," ","S","26","     0.0"," ","S","26","     0.0"," ","S","26","     0.0","X","S","26","     0.0"," ","S","26","     0.0"," ","S","26","     0.0"," ","S","26","     0.0"," ","S","26","     0.0"," ","S","26","     0.0"," ","S","26","     0.0"," ","S","26","     0.1"," ","S","26","     0.0","X","S","26","    20.2"," ","S","28","    10.8"," ","S","28","     5.6"," ","S","28","     3.0"," ","S","28","     1.1"," ","S","28","     0.3"," ","S","28","     0.0"," ","S","28","     0.0"," ","S","28","    0.04"," ","S","28","    0.11"," ","S","28","    0.29"," ","S","28","    1.26"," ","R","19","    1.26"," ","R","19","    20.4"," ","S","28","    14.0"," ","S","28","     9.7"," ","S","28","     7.1"," ","S","28","     5.6"," ","S","28","     4.2"," ","S","28","     1.4"," ","S","28","     0.2"," ","S","28","     0.6"," ","S","28","     1.6"," ","S","28","     3.9"," ","S","28","    12.6"," ","P","20","    12.6"," ","P","20","    93.9"," ","S","28","    90.3"," ","S","28","    86.5"," ","S","28","    80.9"," ","S","28","    76.1"," ","S","28","    60.1"," ","S","28","    23.7"," ","S","28","     6.0"," ","S","28","    12.0"," ","S","28","    19.0"," ","S","28"
"USC00421008","01-21"," 37.6411","-112.1703","2404.9","BRYCE CANYON NP HQRS, UT US","01","21","99","    27.1"," ","S","26","    37.2"," ","S","26","    17.0"," ","S","27","    20.2"," ","S","26","     7.6"," ","S","26","     8.0"," ","S","26","     9.0"," ","S","27","     7.5"," ","S","26","    37.9"," ","S","26","    12.9"," ","S","26","    17.9"," ","S","26","    22.9"," ","S","26","    27.9"," ","S","26","    29.9"," ","S","26","    32.9"," ","S","26","     0.0"," ","S","26","     0.0","X","S","26","     0.0"," ","S","26","     0.0"," ","S","26","     0.0"," ","S","26","     0.0"," ","S","26","     0.0"," ","S","26","     0.0"," ","S","26","     0.0"," ","S","26","     0.0"," ","S","26","     0.0","X","S","26","     0.0"," ","S","26","     0.0"," ","S","26","     0.0"," ","S","26","     0.0"," ","S","26","     0.0"," ","S","26","     0.0"," ","S","26","     0.0"," ","S","26","     0.1"," ","S","26","     0.0","X","S","26","    20.2"," ","S","28","    10.7"," ","S","28","     5.7"," ","S","28","     3.0"," ","S","28","     1.1"," ","S","28","     0.4"," ","S","28","     0.0"," ","S","28","     0.0"," ","S","28","    0.04"," ","S","28","    0.11"," ","S","28","    0.29"," ","S","28","    1.32"," ","R","19","    1.32"," ","R","19","    20.5"," ","S","28","    14.0"," ","S","28","     9.7"," ","S","28","     7.1"," ","S","28","     5.6"," ","S","28","     4.2"," ","S","28","     1.4"," ","S","28","     0.2"," ","S","28","     0.6"," ","S","28","     1.6"," ","S","28","     3.9"," ","S","28","    13.3"," ","P","20","    13.3"," ","P","20","    94.0"," ","S","28","    90.4"," ","S","28","    86.5"," ","S","28","    81.0"," ","S","28","    76.3"," ","S","28","    60.6"," ","S","28","    24.2"," ","S","28","     6.0"," ","S","28","    12.0"," ","S","28","    19.0"," ","S","28"
"USC00421008","01-22"," 37.6411","-112.1703","2404.9","BRYCE CANYON NP HQRS, UT US","01","22","99","    27.1"," ","S","26","    37.2"," ","S","26","    17.0"," ","S","27","    20.2"," ","S","26","     7.6"," ","S","26","     8.0"," ","S","26","     9.0"," ","S","27","     7.5"," ","S","26","    37.9"," ","S","26","    12.9"," ","S","26","    17.9"," ","S","26","    22.9"," ","S","26","    27.9"," ","S","26","    29.9"," ","S","26","    32.9"," ","S","26","     0.0"," ","S","26","     0.0","X","S","26","     0.0"," ","S","26","     0.0"," ","S","26","     0.0"," ","S","26","     0.0"," ","S","26","     0.0"," ","S","26","     0.0"," ","S","26","     0.0"," ","S","26","     0.0"," ","S","26","     0.0","X","S","26","     0.0"," ","S","26","     0.0"," ","S","26","     0.0"," ","S","26","     0.0"," ","S","26","     0.0"," ","S","26","     0.0"," ","S","26","     0.0"," ","S","26","     0.1"," ","S","26","     0.0","X","S","26","    20.3"," ","S","28","    10.7"," ","S","28","     5.7"," ","S","28","     3.0"," ","S","28","     1.1"," ","S","28","     0.4"," ","S","28","     0.0"," ","S","28","     0.0"," ","S","28","    0.04"," ","S","28","    0.11"," ","S","28","    0.29"," ","S","28","    1.38"," ","R","19","    1.38"," ","R","19","    20.5"," ","S","28","    14.0"," ","S","28","     9.7"," ","S","28","     7.1"," ","S","28","     5.6"," ","S","28","     4.2"," ","S","28","     1.4"," ","S","28","     0.2"," ","S","28","     0.6"," ","S","28","     1.6"," ","S","28","     3.9"," ","S","28","    14.0"," ","P","20","    14.0"," ","P","20","    94.1"," ","S","28","    90.5"," ","S","28","    86.5"," ","S","28","    81.1"," ","S","28","    76.5"," ","S","28","    61.0"," ","S","28","    24.6"," ","S","28","     7.0"," ","S","28","    12.0"," ","S","28","    20.0"," ","S","28"
"USC00421008","01-23"," 37.6411","-112.1703","2404.9","BRYCE CANYON NP HQRS, UT US","01","23","99","    27.2"," ","S","26","    37.3"," ","S","26","    17.0"," ","S","27","    20.3"," ","S","26","     7.6"," ","S","26","     8.0"," ","S","26","     9.0"," ","S","27","     7.5"," ","S","26","    37.8"," ","S","26","    12.9"," ","S","26","    17.8"," ","S","26","    22.8"," ","S","26","    27.8"," ","S","26","    29.8"," ","S","26","    32.8"," ","S","26","     0.0"," ","S","26","     0.0","X","S","26","     0.0"," ","S","26","     0.0"," ","S","26","     0.0"," ","S","26","     0.0"," ","S","26","     0.0"," ","S","26","     0.0"," ","S","26","     0.0"," ","S","26","     0.0"," ","S","26","     0.0","X","S","26","     0.0"," ","S","26","     0.0"," ","S","26","     0.0"," ","S","26","     0.0"," ","S","26","     0.0"," ","S","26","     0.0"," ","S","26","     0.0"," ","S","26","     0.1"," ","S","26","     0.0","X","S","26","    20.4"," ","S","28","    10.7"," ","S","28","     5.7"," ","S","28","     3.0"," ","S","28","     1.1"," ","S","28","     0.4"," ","S","28","     0.0"," ","S","28","     0.0"," ","S","28","    0.04"," ","S","28","    0.11"," ","S","28","    0.29"," ","S","28","    1.45"," ","R","19","    1.45"," ","R","19","    20.6"," ","S","28","    14.0"," ","S","28","     9.7"," ","S","28","     7.1"," ","S","28","     5.6"," ","S","28","     4.2"," ","S","28","     1.5"," ","S","28","     0.2"," ","S","28","     0.6"," ","S","28","     1.6"," ","S","28","     3.9"," ","S","28","    14.6"," ","P","20","    14.6"," ","P","20","    94.1"," ","S","28","    90.6"," ","S","28","    86.4"," ","S","28","    81.1"," ","S","28","    76.6"," ","S","28","    61.2"," ","S","28","    25.0"," ","S","28","     7.0"," ","S","28","    12.0"," ","S","28","    20.0"," ","S","28"
"USC00421008","01-24"," 37.6411","-112.1703","2404.9","BRYCE CANYON NP HQRS, UT US","01","24","99","    27.2"," ","S","26","    37.3"," ","S","26","    17.0"," ","S","27","    20.3"," ","S","26","     7.6"," ","S","26","     8.0"," ","S","26","     9.0"," ","S","27","     7.5"," ","S","26","    37.8"," ","S","26","    12.9"," ","S","26","    17.8"," ","S","26","    22.8"," ","S","26","    27.8"," ","S","26","    29.8"," ","S","26","    32.8"," ","S","26","     0.0"," ","S","26","     0.0","X","S","26","     0.0"," ","S","26","     0.0"," ","S","26","     0.0"," ","S","26","     0.0"," ","S","26","     0.0"," ","S","26","     0.0"," ","S","26","     0.0"," ","S","26","     0.0"," ","S","26","     0.0","X","S","26","     0.0"," ","S","26","     0.0"," ","S","26","     0.0"," ","S","26","     0.0"," ","S","26","     0.0"," ","S","26","     0.0"," ","S","26","     0.0"," ","S","26","     0.1"," ","S","26","     0.0","X","S","26","    20.5"," ","S","28","    10.7"," ","S","28","     5.7"," ","S","28","     3.1"," ","S","28","     1.1"," ","S","28","     0.4"," ","S","28","     0.0"," ","S","28","     0.0"," ","S","28","    0.04"," ","S","28","    0.11"," ","S","28","    0.29"," ","S","28","    1.51"," ","R","19","    1.51"," ","R","19","    20.7"," ","S","28","    14.0"," ","S","28","     9.7"," ","S","28","     7.1"," ","S","28","     5.5"," ","S","28","     4.2"," ","S","28","     1.5"," ","S","28","     0.2"," ","S","28","     0.6"," ","S","28","     1.6"," ","S","28","     3.9"," ","S","28","    15.3"," ","P","20","    15.3"," ","P","20","    94.2"," ","S","28","    90.6"," ","S","28","    86.3"," ","S","28","    81.1"," ","S","28","    76.7"," ","S","28","    61.5"," ","S","28","    25.4"," ","S","28","     7.0"," ","S","28","    12.0"," ","S","28","    20.0"," ","S","28"
"USC00421008","01-25"," 37.6411","-112.1703","2404.9","BRYCE CANYON NP HQRS, UT US","01","25","99","    27.2"," ","S","26","    37.3"," ","S","26","    17.0"," ","S","27","    20.3"," ","S","26","     7.6"," ","S","26","     8.0"," ","S","26","     9.0"," ","S","27","     7.5"," ","S","26","    37.8"," ","S","26","    12.9"," ","S","26","    17.8"," ","S","26","    22.8"," ","S","26","    27.8"," ","S","26","    29.8"," ","S","26","    32.8"," ","S","26","     0.0"," ","S","26","     0.0","X","S","26","     0.0"," ","S","26","     0.0"," ","S","26","     0.0"," ","S","26","     0.0"," ","S","26","     0.0"," ","S","26","     0.0"," ","S","26","     0.0"," ","S","26","     0.0"," ","S","26","     0.0","X","S","26","     0.0"," ","S","26","     0.0"," ","S","26","     0.0"," ","S","26","     0.0"," ","S","26","     0.0"," ","S","26","     0.0"," ","S","26","     0.0"," ","S","26","     0.1"," ","S","26","     0.0","X","S","26","    20.6"," ","S","28","    10.8"," ","S","28","     5.8"," ","S","28","     3.1"," ","S","28","     1.1"," ","S","28","     0.4"," ","S","28","     0.0"," ","S","28","     0.0"," ","S","28","    0.04"," ","S","28","    0.10"," ","S","28","    0.29"," ","S","28","    1.58"," ","R","19","    1.58"," ","R","19","    20.8"," ","S","28","    14.1"," ","S","28","     9.8"," ","S","28","     7.1"," ","S","28","     5.6"," ","S","28","     4.2"," ","S","28","     1.5"," ","S","28","     0.2"," ","S","28","     0.6"," ","S","28","     1.6"," ","S","28","     3.9"," ","S","28","    15.9"," ","P","20","    15.9"," ","P","20","    94.2"," ","S","28","    90.6"," ","S","28","    86.1"," ","S","28","    81.1"," ","S","28","    76.7"," ","S","28","    61.7"," ","S","28","    25.7"," ","S","28","     7.0"," ","S","28","    12.0"," ","S","28","    20.0"," ","S","28"
"USC00421008","01-26"," 37.6411","-112.1703","2404.9","BRYCE CANYON NP HQRS, UT US","01","26","99","    27.2"," ","S","26","    37.4"," ","S","26","    17.0"," ","S","27","    20.3"," ","S","26","     7.6"," ","S","26","     8.0"," ","S","26","     9.0"," ","S","27","     7.5"," ","S","26","    37.8"," ","S","26","    12.9"," ","S","26","    17.8"," ","S","26","    22.8"," ","S","26","    27.8"," ","S","26","    29.8"," ","S","26","    32.8"," ","S","26","     0.0"," ","S","26","     0.0","X","S","26","     0.0"," ","S","26","     0.0"," ","S","26","     0.0"," ","S","26","     0.0"," ","S","26","     0.0"," ","S","26","     0.0"," ","S","26","     0.0"," ","S","26","     0.0"," ","S","26","     0.0","X","S","26","     0.0"," ","S","26","     0.0"," ","S","26","     0.0"," ","S","26","     0.0"," ","S","26","     0.0"," ","S","26","     0.0"," ","S","26","     0.0"," ","S","26","     0.1"," ","S","26","     0.0","X","S","26","    20.8"," ","S","28","    10.8"," ","S","28","     5.8"," ","S","28","     3.1"," ","S","28","     1.1"," ","S","28","     0.4"," ","S","28","     0.0"," ","S","28","     0.0"," ","S","28","    0.04"," ","S","28","    0.10"," ","S","28","    0.29"," ","S","28","    1.64"," ","R","19","    1.64"," ","R","19","    20.9"," ","S","28","    14.2"," ","S","28","     9.9"," ","S","28","     7.2"," ","S","28","     5.6"," ","S","28","     4.2"," ","S","28","     1.5"," ","S","28","     0.2"," ","S","28","     0.6"," ","S","28","     1.6"," ","S","28","     3.9"," ","S","28","    16.6"," ","P","20","    16.6"," ","P","20","    94.2"," ","S","28","    90.6"," ","S","28","    86.0"," ","S","28","    81.0"," ","S","28","    76.8"," ","S","28","    61.9"," ","S","28","    26.0"," ","S","28","     7.0"," ","S","28","    12.0"," ","S","28","    20.0"," ","S","28"
"USC00421008","01-27"," 37.6411","-112.1703","2404.9","BRYCE CANYON NP HQRS, UT US","01","27","99","    27.2"," ","S","26","    37.4"," ","S","26","    17.0"," ","S","27","    20.4"," ","S","26","     7.6"," ","S","26","     8.0"," ","S","26","     9.0"," ","S","27","     7.5"," ","S","26","    37.8"," ","S","26","    12.8"," ","S","26","    17.8"," ","S","26","    22.8"," ","S","26","    27.8"," ","S","26","    29.8"," ","S","26","    32.8"," ","S","26","     0.0"," ","S","26","     0.0","X","S","26","     0.0"," ","S","26","     0.0"," ","S","26","     0.0"," ","S","26","     0.0"," ","S","26","     0.0"," ","S","26","     0.0"," ","S","26","     0.0"," ","S","26","     0.0"," ","S","26","     0.0","X","S","26","     0.0"," ","S","26","     0.0"," ","S","26","     0.0"," ","S","26","     0.0"," ","S","26","     0.0"," ","S","26","     0.0"," ","S","26","     0.0"," ","S","26","     0.1"," ","S","26","     0.0","X","S","26","    21.0"," ","S","28","    10.9"," ","S","28","     5.9"," ","S","28","     3.1"," ","S","28","     1.1"," ","S","28","     0.4"," ","S","28","     0.0"," ","S","28","     0.0"," ","S","28","    0.04"," ","S","28","    0.10"," ","S","28","    0.29"," ","S","28","    1.70"," ","R","19","    1.70"," ","R","19","    21.1"," ","S","28","    14.2"," ","S","28","     9.9"," ","S","28","     7.2"," ","S","28","     5.6"," ","S","28","     4.2"," ","S","28","     1.6"," ","S","28","     0.2"," ","S","28","     0.5"," ","S","28","     1.6"," ","S","28","     3.9"," ","S","28","    17.2"," ","P","20","    17.2"," ","P","20","    94.2"," ","S","28","    90.5"," ","S","28","    85.8"," ","S","28","    80.9"," ","S","28","    76.8"," ","S","28","    62.0"," ","S","28","    26.4"," ","S","28","     7.0"," ","S","28","    12.0"," ","S","28","    21.0"," ","S","28"
"USC00421008","01-28"," 37.6411","-112.1703","2404.9","BRYCE CANYON NP HQRS, UT US","01","28","99","    27.2"," ","S","26","    37.4"," ","S","26","    17.0"," ","S","27","    20.4"," ","S","26","     7.6"," ","S","26","     8.0"," ","S","26","     9.0"," ","S","27","     7.6"," ","S","26","    37.8"," ","S","26","    12.8"," ","S","26","    17.8"," ","S","26","    22.8"," ","S","26","    27.8"," ","S","26","    29.8"," ","S","26","    32.8"," ","S","26","     0.0"," ","S","26","     0.0","X","S","26","     0.0"," ","S","26","     0.0"," ","S","26","     0.0"," ","S","26","     0.0"," ","S","26","     0.0"," ","S","26","     0.0"," ","S","26","     0.0"," ","S","26","     0.0"," ","S","26","     0.0","X","S","26","     0.0"," ","S","26","     0.0"," ","S","26","     0.0"," ","S","26","     0.0"," ","S","26","     0.0"," ","S","26","     0.0"," ","S","26","     0.0"," ","S","26","     0.1"," ","S","26","     0.0","X","S","26","    21.1"," ","S","28","    10.9"," ","S","28","     5.9"," ","S","28","     3.2"," ","S","28","     1.1"," ","S","28","     0.3"," ","S","28","     0.0"," ","S","28","     0.0"," ","S","28","    0.04"," ","S","28","    0.10"," ","S","28","    0.29"," ","S","28","    1.75"," ","R","19","    1.75"," ","R","19","    21.2"," ","S","28","    14.3"," ","S","28","    10.0"," ","S","28","     7.3"," ","S","28","     5.6"," ","S","28","     4.2"," ","S","28","     1.6"," ","S","28","     0.2"," ","S","28","     0.5"," ","S","28","     1.6"," ","S","28","     3.9"," ","S","28","    17.8"," ","P","20","    17.8"," ","P","20","    94.2"," ","S","28","    90.5"," ","S","28","    85.6"," ","S","28","    80.9"," ","S","28","    76.9"," ","S","28","    62.3"," ","S","28","    26.7"," ","S","28","     7.0"," ","S","28","    12.0"," ","S","28","    21.0"," ","S","28"
"USC00421008","01-29"," 37.6411","-112.1703","2404.9","BRYCE CANYON NP HQRS, UT US","01","29","99","    27.2"," ","S","26","    37.4"," ","S","26","    17.0"," ","S","27","    20.4"," ","S","26","     7.6"," ","S","26","     8.0"," ","S","26","     9.0"," ","S","27","     7.6"," ","S","26","    37.8"," ","S","26","    12.8"," ","S","26","    17.8"," ","S","26","    22.8"," ","S","26","    27.8"," ","S","26","    29.8"," ","S","26","    32.8"," ","S","26","     0.0"," ","S","26","     0.0","X","S","26","     0.0"," ","S","26","     0.0"," ","S","26","     0.0"," ","S","26","     0.0"," ","S","26","     0.0"," ","S","26","     0.0"," ","S","26","     0.0"," ","S","26","     0.0"," ","S","26","     0.0","X","S","26","     0.0"," ","S","26","     0.0"," ","S","26","     0.0"," ","S","26","     0.0"," ","S","26","     0.0"," ","S","26","     0.0"," ","S","26","     0.0"," ","S","26","     0.1"," ","S","26","     0.0","X","S","26","    21.3"," ","S","28","    10.9"," ","S","28","     6.0"," ","S","28","     3.2"," ","S","28","     1.1"," ","S","28","     0.3"," ","S","28","     0.0"," ","S","28","     0.0"," ","S","28","    0.04"," ","S","28","    0.10"," ","S","28","    0.29"," ","S","28","    1.80"," ","R","19","    1.80"," ","R","19","    21.3"," ","S","28","    14.3"," ","S","28","    10.1"," ","S","28","     7.3"," ","S","28","     5.6"," ","S","28","     4.2"," ","S","28","     1.6"," ","S","28","     0.2"," ","S","28","     0.5"," ","S","28","     1.6"," ","S","28","     3.9"," ","S","28","    18.5"," ","P","20","    18.5"," ","P","20","    94.2"," ","S","28","    90.4"," ","S","28","    85.4"," ","S","28","    80.8"," ","S","28","    76.9"," ","S","28","    62.5"," ","S","28","    27.0"," ","S","28","     7.0"," ","S","28","    13.0"," ","S","28","    21.0"," ","S","28"
"USC00421008","01-30"," 37.6411","-112.1703","2404.9","BRYCE CANYON NP HQRS, UT US","01","30","99","    27.3"," ","S","26","    37.5"," ","S","26","    17.1"," ","S","27","    20.4"," ","S","26","     7.6"," ","S","26","     8.0"," ","S","26","     9.0"," ","S","27","     7.6"," ","S","26","    37.7"," ","S","26","    12.8"," ","S","26","    17.7"," ","S","26","    22.7"," ","S","26","    27.7"," ","S","26","    29.7"," ","S","26","    32.7"," ","S","26","     0.0"," ","S","26","     0.0","X","S","26","     0.0"," ","S","26","     0.0"," ","S","26","     0.0"," ","S","26","     0.0"," ","S","26","     0.0"," ","S","26","     0.0"," ","S","26","     0.0"," ","S","26","     0.0"," ","S","26","     0.0","X","S","26","     0.0"," ","S","26","     0.0"," ","S","26","     0.0"," ","S","26","     0.0"," ","S","26","     0.0"," ","S","26","     0.0"," ","S","26","     0.0"," ","S","26","     0.1"," ","S","26","     0.0","X","S","26","    21.5"," ","S","28","    11.0"," ","S","28","     6.0"," ","S","28","     3.2"," ","S","28","     1.1"," ","S","28","     0.3"," ","S","28","     0.0"," ","S","28","     0.0"," ","S","28","    0.04"," ","S","28","    0.10"," ","S","28","    0.29"," ","S","28","    1.85"," ","R","19","    1.85"," ","R","19","    21.4"," ","S","28","    14.4"," ","S","28","    10.1"," ","S","28","     7.4"," ","S","28","     5.6"," ","S","28","     4.3"," ","S","28","     1.6"," ","S","28","     0.2"," ","S","28","     0.5"," ","S","28","     1.6"," ","S","28","     3.9"," ","S","28","    19.1"," ","P","20","    19.1"," ","P","20","    94.1"," ","S","28","    90.3"," ","S","28","    85.2"," ","S","28","    80.7"," ","S","28","    77.0"," ","S","28","    62.7"," ","S","28","    27.2"," ","S","28","     7.0"," ","S","28","    13.0"," ","S","28","    21.0"," ","S","28"
"USC00421008","01-31"," 37.6411","-112.1703","2404.9","BRYCE CANYON NP HQRS, UT US","01","31","99","    27.3"," ","S","26","    37.5"," ","S","26","    17.1"," ","S","27","    20.4"," ","S","26","     7.6"," ","S","26","     8.0"," ","S","26","     9.0"," ","S","27","     7.6"," ","S","26","    37.7"," ","S","26","    12.8"," ","S","26","    17.7"," ","S","26","    22.7"," ","S","26","    27.7"," ","S","26","    29.7"," ","S","26","    32.7"," ","S","26","     0.0"," ","S","26","     0.0","X","S","26","     0.0"," ","S","26","     0.0"," ","S","26","     0.0"," ","S","26","     0.0"," ","S","26","     0.0"," ","S","26","     0.0"," ","S","26","     0.0"," ","S","26","     0.0"," ","S","26","     0.0","X","S","26","     0.0"," ","S","26","     0.0"," ","S","26","     0.0"," ","S","26","     0.0"," ","S","26","     0.0"," ","S","26","     0.0"," ","S","26","     0.0"," ","S","26","     0.1"," ","S","26","     0.0","X","S","26","    21.7"," ","S","28","    11.1"," ","S","28","     6.1"," ","S","28","     3.3"," ","S","28","     1.1"," ","S","28","     0.3"," ","S","28","     0.0"," ","S","28","     0.0"," ","S","28","    0.04"," ","S","28","    0.10"," ","S","28","    0.29"," ","S","28","    1.91"," ","R","19","    1.91"," ","R","19","    21.6"," ","S","28","    14.5"," ","S","28","    10.2"," ","S","28","     7.4"," ","S","28","     5.6"," ","S","28","     4.3"," ","S","28","     1.6"," ","S","28","     0.2"," ","S","28","     0.5"," ","S","28","     1.6"," ","S","28","     3.9"," ","S","28","    19.8"," ","P","20","    19.8"," ","P","20","    94.1"," ","S","28","    90.2"," ","S","28","    84.9"," ","S","28","    80.5"," ","S","28","    77.0"," ","S","28","    62.9"," ","S","28","    27.5"," ","S","28","     7.0"," ","S","28","    13.0"," ","S","28","    21.0"," ","S","28"
"USC00421008","02-01"," 37.6411","-112.1703","2404.9","BRYCE CANYON NP HQRS, UT US","02","01","99","    27.3"," ","S","27","    37.5"," ","S","28","    17.1"," ","S","27","    20.4"," ","S","27","     7.6"," ","S","27","     8.0"," ","S","28","     9.0"," ","S","27","     7.6"," ","S","27","    37.7"," ","S","27","    12.7"," ","S","27","    17.7"," ","S","27","    22.7"," ","S","27","    27.7"," ","S","27","    29.7"," ","S","27","    32.7"," ","S","27","     0.0"," ","S","27","     0.0","X","S","27","     0.0"," ","S","27","     0.0"," ","S","27","     0.0"," ","S","27","     0.0"," ","S","27","     0.0"," ","S","27","     0.0"," ","S","27","     0.0"," ","S","27","     0.0"," ","S","27","     0.0","X","S","27","     0.0"," ","S","27","     0.0"," ","S","27","     0.0"," ","S","27","     0.0"," ","S","27","     0.0"," ","S","27","     0.0"," ","S","27","     0.0"," ","S","27","     0.1"," ","S","27","     0.0","X","S","27","    22.0"," ","S","28","    11.1"," ","S","28","     6.1"," ","S","28","     3.3"," ","S","28","     1.1"," ","S","28","     0.3"," ","S","28","     0.0"," ","S","28","     0.0"," ","S","28","    0.04"," ","S","28","    0.10"," ","S","28","    0.29"," ","S","28","    0.06"," ","R","20","    1.97"," ","R","20","    21.7"," ","S","28","    14.6"," ","S","28","    10.2"," ","S","28","     7.5"," ","S","28","     5.7"," ","S","28","     4.3"," ","S","28","     1.6"," ","S","28","     0.2"," ","S","28","     0.5"," ","S","28","     1.6"," ","S","28","     3.9"," ","S","28","     0.6"," ","S","24","    20.4"," ","S","24","    94.0"," ","S","28","    90.1"," ","S","28","    84.7"," ","S","28","    80.4"," ","S","28","    77.0"," ","S","28","    63.1"," ","S","28","    27.7"," ","S","28","     7.0"," ","S","28","    13.0"," ","S","28","    21.0"," ","S","28"
"USC00421008","02-02"," 37.6411","-112.1703","2404.9","BRYCE CANYON NP HQRS, UT US","02","02","99","    27.3"," ","S","27","    37.6"," ","S","28","    17.1"," ","S","27","    20.4"," ","S","27","     7.7"," ","S","27","     8.1"," ","S","28","     9.0"," ","S","27","     7.6"," ","S","27","    37.6"," ","S","27","    12.7"," ","S","27","    17.6"," ","S","27","    22.6"," ","S","27","    27.6"," ","S","27","    29.6"," ","S","27","    32.6"," ","S","27","     0.0"," ","S","27","     0.0","X","S","27","     0.0","X","S","27","     0.0"," ","S","27","     0.0"," ","S","27","     0.0"," ","S","27","     0.0"," ","S","27","     0.0"," ","S","27","     0.0"," ","S","27","     0.0"," ","S","27","     0.0","X","S","27","     0.0","X","S","27","     0.0"," ","S","27","     0.0"," ","S","27","     0.0"," ","S","27","     0.0"," ","S","27","     0.0"," ","S","27","     0.0"," ","S","27","     0.1"," ","S","27","     0.1"," ","S","27","    22.2"," ","S","28","    11.2"," ","S","28","     6.1"," ","S","28","     3.3"," ","S","28","     1.1"," ","S","28","     0.3"," ","S","28","     0.0"," ","S","28","     0.0"," ","S","28","    0.04"," ","S","28","    0.10"," ","S","28","    0.29"," ","S","28","    0.11"," ","R","20","    2.02"," ","R","20","    21.9"," ","S","28","    14.7"," ","S","28","    10.3"," ","S","28","     7.6"," ","S","28","     5.7"," ","S","28","     4.3"," ","S","28","     1.6"," ","S","28","     0.2"," ","S","28","     0.5"," ","S","28","     1.6"," ","S","28","     3.9"," ","S","28","     1.2"," ","S","24","    21.0"," ","S","24","    93.9"," ","S","28","    90.0"," ","S","28","    84.4"," ","S","28","    80.2"," ","S","28","    76.9"," ","S","28","    63.2"," ","S","28","    27.9"," ","S","28","     7.0"," ","S","28","    13.0"," ","S","28","    22.0"," ","S","28"
"USC00421008","02-03"," 37.6411","-112.1703","2404.9","BRYCE CANYON NP HQRS, UT US","02","03","99","    27.4"," ","S","27","    37.6"," ","S","28","    17.2"," ","S","27","    20.4"," ","S","27","     7.6"," ","S","27","     8.1"," ","S","28","     9.0"," ","S","27","     7.6"," ","S","27","    37.6"," ","S","27","    12.7"," ","S","27","    17.6"," ","S","27","    22.6"," ","S","27","    27.6"," ","S","27","    29.6"," ","S","27","    32.6"," ","S","27","     0.0"," ","S","27","     0.1"," ","S","27","     0.0","X","S","27","     0.0"," ","S","27","     0.0"," ","S","27","     0.0"," ","S","27","     0.0"," ","S","27","     0.0"," ","S","27","     0.0"," ","S","27","     0.0"," ","S","27","     0.1"," ","S","27","     0.0","X","S","27","     0.0"," ","S","27","     0.0"," ","S","27","     0.0"," ","S","27","     0.0"," ","S","27","     0.0"," ","S","27","     0.0"," ","S","27","     0.2"," ","S","27","     0.1"," ","S","27","    22.5"," ","S","28","    11.3"," ","S","28","     6.2"," ","S","28","     3.4"," ","S","28","     1.0"," ","S","28","     0.3"," ","S","28","     0.0"," ","S","28","     0.0"," ","S","28","    0.04"," ","S","28","    0.10"," ","S","28","    0.29"," ","S","28","    0.17"," ","R","20","    2.08"," ","R","20","    22.1"," ","S","28","    14.9"," ","S","28","    10.4"," ","S","28","     7.6"," ","S","28","     5.7"," ","S","28","     4.4"," ","S","28","     1.6"," ","S","28","     0.2"," ","S","28","     0.5"," ","S","28","     1.6"," ","S","28","     3.9"," ","S","28","     1.8"," ","S","24","    21.6"," ","S","24","    93.7"," ","S","28","    89.8"," ","S","28","    84.1"," ","S","28","    79.9"," ","S","28","    76.8"," ","S","28","    63.3"," ","S","28","    28.1"," ","S","28","     7.0"," ","S","28","    13.0"," ","S","28","    22.0"," ","S","28"
"USC00421008","02-04"," 37.6411","-112.1703","2404.9","BRYCE CANYON NP HQRS, UT US","02","04","99","    27.4"," ","S","27","    37.6"," ","S","28","    17.2"," ","S","27","    20.4"," ","S","27","     7.6"," ","S","27","     8.1"," ","S","28","     9.0"," ","S","27","     7.6"," ","S","27","    37.6"," ","S","27","    12.6"," ","S","27","    17.6"," ","S","27","    22.6"," ","S","27","    27.6"," ","S","27","    29.6"," ","S","27","    32.6"," ","S","27","     0.0"," ","S","27","     0.1"," ","S","27","     0.0","X","S","27","     0.0"," ","S","27","     0.0"," ","S","27","     0.0"," ","S","27","     0.0"," ","S","27","     0.0"," ","S","27","     0.0"," ","S","27","     0.0"," ","S","27","     0.1"," ","S","27","     0.0","X","S","27","     0.0"," ","S","27","     0.0"," ","S","27","     0.0"," ","S","27","     0.0"," ","S","27","     0.0"," ","S","27","     0.0"," ","S","27","     0.2"," ","S","27","     0.1"," ","S","27","    22.7"," ","S","28","    11.5"," ","S","28","     6.2"," ","S","28","     3.4"," ","S","28","     1.0"," ","S","28","     0.3"," ","S","28","     0.0"," ","S","28","     0.0"," ","S","28","    0.04"," ","S","28","    0.10"," ","S","28","    0.29"," ","S","28","    0.22"," ","R","20","    2.13"," ","R","20","    22.3"," ","S","28","    15.0"," ","S","28","    10.5"," ","S","28","     7.8"," ","S","28","     5.7"," ","S","28","     4.4"," ","S","28","     1.6"," ","S","28","     0.2"," ","S","28","     0.5"," ","S","28","     1.6"," ","S","28","     3.9"," ","S","28","     2.4"," ","S","24","    22.2"," ","S","24","    93.5"," ","S","28","    89.6"," ","S","28","    83.8"," ","S","28","    79.7"," ","S","28","    76.7"," ","S","28","    63.4"," ","S","28","    28.3"," ","S","28","     7.0"," ","S","28","    13.0"," ","S","28","    22.0"," ","S","28"
"USC00421008","02-05"," 37.6411","-112.1703","2404.9","BRYCE CANYON NP HQRS, UT US","02","05","99","    27.5"," ","S","27","    37.7"," ","S","28","    17.3"," ","S","27","    20.4"," ","S","27","     7.6"," ","S","27","     8.1"," ","S","28","     9.0"," ","S","27","     7.6"," ","S","27","    37.5"," ","S","27","    12.6"," ","S","27","    17.5"," ","S","27","    22.5"," ","S","27","    27.5"," ","S","27","    29.5"," ","S","27","    32.5"," ","S","27","     0.0"," ","S","27","     0.1"," ","S","27","     0.0","X","S","27","     0.0"," ","S","27","     0.0"," ","S","27","     0.0"," ","S","27","     0.0"," ","S","27","     0.0"," ","S","27","     0.0"," ","S","27","     0.0"," ","S","27","     0.1"," ","S","27","     0.0","X","S","27","     0.0"," ","S","27","     0.0"," ","S","27","     0.0"," ","S","27","     0.0"," ","S","27","     0.0"," ","S","27","     0.0"," ","S","27","     0.2"," ","S","27","     0.1"," ","S","27","    23.0"," ","S","28","    11.6"," ","S","28","     6.3"," ","S","28","     3.4"," ","S","28","     1.0"," ","S","28","     0.3"," ","S","28","     0.0"," ","S","28","     0.0"," ","S","28","    0.04"," ","S","28","    0.10"," ","S","28","    0.29"," ","S","28","    0.28"," ","R","20","    2.19"," ","R","20","    22.5"," ","S","28","    15.2"," ","S","28","    10.6"," ","S","28","     7.9"," ","S","28","     5.8"," ","S","28","     4.4"," ","S","28","     1.6"," ","S","28","     0.2"," ","S","28","     0.5"," ","S","28","     1.6"," ","S","28","     3.9"," ","S","28","     3.1"," ","S","24","    22.9"," ","S","24","    93.4"," ","S","28","    89.4"," ","S","28","    83.5"," ","S","28","    79.4"," ","S","28","    76.6"," ","S","28","    63.5"," ","S","28","    28.5"," ","S","28","     7.0"," ","S","28","    13.0"," ","S","28","    22.0"," ","S","28"
"USC00421008","02-06"," 37.6411","-112.1703","2404.9","BRYCE CANYON NP HQRS, UT US","02","06","99","    27.5"," ","S","27","    37.7"," ","S","28","    17.3"," ","S","27","    20.4"," ","S","27","     7.6"," ","S","27","     8.1"," ","S","28","     8.9"," ","S","27","     7.5"," ","S","27","    37.5"," ","S","27","    12.5"," ","S","27","    17.5"," ","S","27","    22.5"," ","S","27","    27.5"," ","S","27","    29.5"," ","S","27","    32.5"," ","S","27","     0.0"," ","S","27","     0.1"," ","S","27","     0.0","X","S","27","     0.0"," ","S","27","     0.0"," ","S","27","     0.0"," ","S","27","     0.0"," ","S","27","     0.0"," ","S","27","     0.0"," ","S","27","     0.0"," ","S","27","     0.1"," ","S","27","     0.0","X","S","27","     0.0"," ","S","27","     0.0"," ","S","27","     0.0"," ","S","27","     0.0"," ","S","27","     0.0"," ","S","27","     0.0"," ","S","27","     0.2"," ","S","27","     0.1"," ","S","27","    23.3"," ","S","28","    11.7"," ","S","28","     6.3"," ","S","28","     3.5"," ","S","28","     1.0"," ","S","28","     0.3"," ","S","28","     0.0"," ","S","28","     0.0"," ","S","28","    0.04"," ","S","28","    0.10"," ","S","28","    0.29"," ","S","28","    0.33"," ","R","20","    2.24"," ","R","20","    22.6"," ","S","29","    15.3"," ","S","29","    10.7"," ","S","29","     8.0"," ","S","29","     5.8"," ","S","29","     4.5"," ","S","29","     1.6"," ","S","29","     0.2"," ","S","29","     0.5"," ","S","29","     1.7"," ","S","29","     3.9"," ","S","29","     3.7"," ","S","24","    23.5"," ","S","24","    93.2"," ","S","29","    89.2"," ","S","29","    83.2"," ","S","29","    79.2"," ","S","29","    76.4"," ","S","29","    63.5"," ","S","29","    28.6"," ","S","29","     7.0"," ","S","29","    14.0"," ","S","29","    22.0"," ","S","29"
"USC00421008","02-07"," 37.6411","-112.1703","2404.9","BRYCE CANYON NP HQRS, UT US","02","07","99","    27.6"," ","S","27","    37.8"," ","S","28","    17.4"," ","S","27","    20.4"," ","S","27","     7.6"," ","S","27","     8.1"," ","S","28","     8.9"," ","S","27","     7.5"," ","S","27","    37.4"," ","S","27","    12.5"," ","S","27","    17.4"," ","S","27","    22.4"," ","S","27","    27.4"," ","S","27","    29.4"," ","S","27","    32.4"," ","S","27","     0.0"," ","S","27","     0.1"," ","S","27","     0.0","X","S","27","     0.0"," ","S","27","     0.0"," ","S","27","     0.0"," ","S","27","     0.0"," ","S","27","     0.0"," ","S","27","     0.0"," ","S","27","     0.0"," ","S","27","     0.1"," ","S","27","     0.0","X","S","27","     0.0"," ","S","27","     0.0"," ","S","27","     0.0"," ","S","27","     0.0"," ","S","27","     0.0"," ","S","27","     0.0"," ","S","27","     0.2"," ","S","27","     0.1"," ","S","27","    23.6"," ","S","29","    11.9"," ","S","29","     6.4"," ","S","29","     3.5"," ","S","29","     1.0"," ","S","29","     0.3"," ","S","29","     0.0"," ","S","29","     0.0"," ","S","29","    0.04"," ","S","29","    0.10"," ","S","29","    0.29"," ","S","29","    0.39"," ","R","20","    2.30"," ","R","20","    22.8"," ","S","29","    15.5"," ","S","29","    10.8"," ","S","29","     8.1"," ","S","29","     5.9"," ","S","29","     4.5"," ","S","29","     1.6"," ","S","29","     0.2"," ","S","29","     0.5"," ","S","29","     1.7"," ","S","29","     3.9"," ","S","29","     4.3"," ","S","24","    24.1"," ","S","24","    93.0"," ","S","29","    88.9"," ","S","29","    82.9"," ","S","29","    79.0"," ","S","29","    76.3"," ","S","29","    63.6"," ","S","29","    28.8"," ","S","29","     7.0"," ","S","29","    14.0"," ","S","29","    22.0"," ","S","29"
"USC00421008","02-08"," 37.6411","-112.1703","2404.9","BRYCE CANYON NP HQRS, UT US","02","08","99","    27.7"," ","S","27","    37.9"," ","S","28","    17.5"," ","S","27","    20.4"," ","S","27","     7.6"," ","S","27","     8.1"," ","S","28","     8.9"," ","S","27","     7.5"," ","S","27","    37.3"," ","S","27","    12.4"," ","S","27","    17.3"," ","S","27","    22.3"," ","S","27","    27.3"," ","S","27","    29.3"," ","S","27","    32.3"," ","S","27","     0.0"," ","S","27","     0.1"," ","S","27","     0.0","X","S","27","     0.0"," ","S","27","     0.0"," ","S","27","     0.0"," ","S","27","     0.0"," ","S","27","     0.0"," ","S","27","     0.0"," ","S","27","     0.0"," ","S","27","     0.1"," ","S","27","     0.0","X","S","27","     0.0"," ","S","27","     0.0"," ","S","27","     0.0"," ","S","27","     0.0"," ","S","27","     0.0"," ","S","27","     0.0"," ","S","27","     0.2"," ","S","27","     0.1"," ","S","27","    24.0"," ","S","29","    12.1"," ","S","29","     6.5"," ","S","29","     3.6"," ","S","29","     1.0"," ","S","29","     0.2"," ","S","29","     0.0"," ","S","29","     0.0"," ","S","29","    0.04"," ","S","29","    0.10"," ","S","29","    0.29"," ","S","29","    0.45"," ","R","20","    2.36"," ","R","20","    23.1"," ","S","29","    15.7"," ","S","29","    10.9"," ","S","29","     8.2"," ","S","29","     5.9"," ","S","29","     4.6"," ","S","29","     1.6"," ","S","29","     0.2"," ","S","29","     0.5"," ","S","29","     1.7"," ","S","29","     3.9"," ","S","29","     5.0"," ","S","24","    24.8"," ","S","24","    92.8"," ","S","29","    88.7"," ","S","29","    82.6"," ","S","29","    78.7"," ","S","29","    76.1"," ","S","29","    63.7"," ","S","29","    29.0"," ","S","29","     7.0"," ","S","29","    14.0"," ","S","29","    23.0"," ","S","29"
"USC00421008","02-09"," 37.6411","-112.1703","2404.9","BRYCE CANYON NP HQRS, UT US","02","09","99","    27.8"," ","S","27","    37.9"," ","S","28","    17.6"," ","S","27","    20.4"," ","S","27","     7.6"," ","S","27","     8.1"," ","S","28","     8.9"," ","S","27","     7.5"," ","S","27","    37.2"," ","S","27","    12.3"," ","S","27","    17.2"," ","S","27","    22.2"," ","S","27","    27.2"," ","S","27","    29.2"," ","S","27","    32.2"," ","S","27","     0.0"," ","S","27","     0.1"," ","S","27","     0.0","X","S","27","     0.0"," ","S","27","     0.0"," ","S","27","     0.0"," ","S","27","     0.0"," ","S","27","     0.0"," ","S","27","     0.0"," ","S","27","     0.0"," ","S","27","     0.1"," ","S","27","     0.0","X","S","27","     0.0"," ","S","27","     0.0"," ","S","27","     0.0"," ","S","27","     0.0"," ","S","27","     0.0"," ","S","27","     0.0"," ","S","27","     0.2"," ","S","27","     0.1"," ","S","27","    24.3"," ","S","29","    12.2"," ","S","29","     6.6"," ","S","29","     3.6"," ","S","29","     1.0"," ","S","29","     0.2"," ","S","29","     0.0"," ","S","29","     0.0"," ","S","29","    0.04"," ","S","29","    0.10"," ","S","29","    0.29"," ","S","29","    0.51"," ","R","20","    2.42"," ","R","20","    23.3"," ","S","29","    15.8"," ","S","29","    11.0"," ","S","29","     8.3"," ","S","29","     6.0"," ","S","29","     4.6"," ","S","29","     1.6"," ","S","29","     0.2"," ","S","29","     0.5"," ","S","29","     1.7"," ","S","29","     3.9"," ","S","29","     5.7"," ","S","24","    25.5"," ","S","24","    92.6"," ","S","29","    88.5"," ","S","29","    82.4"," ","S","29","    78.4"," ","S","29","    75.9"," ","S","29","    63.8"," ","S","29","    29.2"," ","S","29","     7.0"," ","S","29","    14.0"," ","S","29","    23.0"," ","S","29"
"USC00421008","02-10"," 37.6411","-112.1703","2404.9","BRYCE CANYON NP HQRS, UT US","02","10","99","    27.8"," ","S","27","    38.0"," ","S","28","    17.7"," ","S","27","    20.4"," ","S","27","     7.6"," ","S","27","     8.1"," ","S","28","     8.9"," ","S","27","     7.5"," ","S","27","    37.2"," ","S","27","    12.3"," ","S","27","    17.2"," ","S","27","    22.2"," ","S","27","    27.2"," ","S","27","    29.2"," ","S","27","    32.2"," ","S","27","     0.0"," ","S","27","     0.1"," ","S","27","     0.0","X","S","27","     0.0"," ","S","27","     0.0"," ","S","27","     0.0"," ","S","27","     0.0"," ","S","27","     0.0"," ","S","27","     0.0"," ","S","27","     0.0"," ","S","27","     0.1"," ","S","27","     0.0","X","S","27","     0.0"," ","S","27","     0.0"," ","S","27","     0.0"," ","S","27","     0.0"," ","S","27","     0.0"," ","S","27","     0.0"," ","S","27","     0.2"," ","S","27","     0.1"," ","S","27","    24.6"," ","S","29","    12.4"," ","S","29","     6.7"," ","S","29","     3.7"," ","S","29","     1.0"," ","S","29","     0.2"," ","S","29","     0.0"," ","S","29","     0.0"," ","S","29","    0.04"," ","S","29","    0.10"," ","S","29","    0.29"," ","S","29","    0.57"," ","R","20","    2.48"," ","R","20","    23.5"," ","S","29","    16.1"," ","S","29","    11.2"," ","S","29","     8.4"," ","S","29","     6.0"," ","S","29","     4.6"," ","S","29","     1.6"," ","S","29","     0.2"," ","S","29","     0.6"," ","S","29","     1.7"," ","S","29","     3.9"," ","S","29","     6.3"," ","S","24","    26.1"," ","S","24","    92.4"," ","S","29","    88.2"," ","S","29","    82.1"," ","S","29","    78.1"," ","S","29","    75.8"," ","S","29","    63.8"," ","S","29","    29.4"," ","S","29","     7.0"," ","S","29","    14.0"," ","S","29","    23.0"," ","S","29"
"USC00421008","02-11"," 37.6411","-112.1703","2404.9","BRYCE CANYON NP HQRS, UT US","02","11","99","    27.9"," ","S","27","    38.1"," ","S","28","    17.8"," ","S","27","    20.3"," ","S","27","     7.6"," ","S","27","     8.1"," ","S","28","     8.9"," ","S","27","     7.4"," ","S","27","    37.1"," ","S","27","    12.2"," ","S","27","    17.1"," ","S","27","    22.1"," ","S","27","    27.1"," ","S","27","    29.1"," ","S","27","    32.1"," ","S","27","     0.0"," ","S","27","     0.1"," ","S","27","     0.0","X","S","27","     0.0"," ","S","27","     0.0"," ","S","27","     0.0"," ","S","27","     0.0"," ","S","27","     0.0"," ","S","27","     0.0"," ","S","27","     0.0"," ","S","27","     0.1"," ","S","27","     0.0","X","S","27","     0.0"," ","S","27","     0.0"," ","S","27","     0.0"," ","S","27","     0.0"," ","S","27","     0.0"," ","S","27","     0.0"," ","S","27","     0.2"," ","S","27","     0.1"," ","S","27","    24.9"," ","S","29","    12.7"," ","S","29","     6.8"," ","S","29","     3.7"," ","S","29","     1.0"," ","S","29","     0.2"," ","S","29","     0.0"," ","S","29","     0.0"," ","S","29","    0.04"," ","S","29","    0.10"," ","S","29","    0.29"," ","S","29","    0.62"," ","R","20","    2.53"," ","R","20","    23.6"," ","S","29","    16.3"," ","S","29","    11.3"," ","S","29","     8.6"," ","S","29","     6.1"," ","S","29","     4.7"," ","S","29","     1.6"," ","S","29","     0.2"," ","S","29","     0.6"," ","S","29","     1.7"," ","S","29","     3.9"," ","S","29","     6.9"," ","S","24","    26.7"," ","S","24","    92.2"," ","S","28","    87.9"," ","S","28","    81.8"," ","S","28","    77.9"," ","S","28","    75.6"," ","S","28","    63.9"," ","S","28","    29.7"," ","S","28","     7.0"," ","S","28","    14.0"," ","S","28","    23.0"," ","S","28"
"USC00421008","02-12"," 37.6411","-112.1703","2404.9","BRYCE CANYON NP HQRS, UT US","02","12","99","    28.0"," ","S","27","    38.2"," ","S","28","    17.9"," ","S","27","    20.3"," ","S","27","     7.6"," ","S","27","     8.1"," ","S","28","     8.9"," ","S","27","     7.4"," ","S","27","    37.0"," ","S","27","    12.1"," ","S","27","    17.0"," ","S","27","    22.0"," ","S","27","    27.0"," ","S","27","    29.0"," ","S","27","    32.0"," ","S","27","     0.0"," ","S","27","     0.1"," ","S","27","     0.0","X","S","27","     0.0"," ","S","27","     0.0"," ","S","27","     0.0"," ","S","27","     0.0"," ","S","27","     0.0"," ","S","27","     0.0"," ","S","27","     0.0"," ","S","27","     0.1"," ","S","27","     0.0","X","S","27","     0.0"," ","S","27","     0.0"," ","S","27","     0.0"," ","S","27","     0.0"," ","S","27","     0.0"," ","S","27","     0.0"," ","S","27","     0.2"," ","S","27","     0.1"," ","S","27","    25.1"," ","S","29","    12.9"," ","S","29","     6.9"," ","S","29","     3.8"," ","S","29","     1.0"," ","S","29","     0.2"," ","S","29","     0.0"," ","S","29","     0.0"," ","S","29","    0.04"," ","S","29","    0.10"," ","S","29","    0.29"," ","S","29","    0.68"," ","R","20","    2.59"," ","R","20","    23.8"," ","S","29","    16.5"," ","S","29","    11.4"," ","S","29","     8.7"," ","S","29","     6.2"," ","S","29","     4.7"," ","S","29","     1.6"," ","S","29","     0.2"," ","S","29","     0.6"," ","S","29","     1.7"," ","S","29","     3.9"," ","S","29","     7.5"," ","S","24","    27.3"," ","S","24","    92.0"," ","S","28","    87.7"," ","S","28","    81.6"," ","S","28","    77.7"," ","S","28","    75.4"," ","S","28","    63.9"," ","S","28","    29.9"," ","S","28","     7.0"," ","S","28","    14.0"," ","S","28","    23.0"," ","S","28"
"USC00421008","02-13"," 37.6411","-112.1703","2404.9","BRYCE CANYON NP HQRS, UT US","02","13","99","    28.1"," ","S","27","    38.3"," ","S","28","    18.0"," ","S","27","    20.3"," ","S","27","     7.6"," ","S","27","     8.1"," ","S","28","     8.9"," ","S","27","     7.4"," ","S","27","    36.9"," ","S","27","    12.0"," ","S","27","    16.8"," ","S","27","    21.9"," ","S","27","    26.9"," ","S","27","    28.8"," ","S","27","    31.8"," ","S","27","     0.0"," ","S","27","     0.1"," ","S","27","     0.0","X","S","27","     0.0"," ","S","27","     0.0"," ","S","27","     0.0"," ","S","27","     0.0"," ","S","27","     0.0"," ","S","27","     0.0"," ","S","27","     0.0"," ","S","27","     0.1"," ","S","27","     0.0","X","S","27","     0.0"," ","S","27","     0.0"," ","S","27","     0.0"," ","S","27","     0.0"," ","S","27","     0.0"," ","S","27","     0.0"," ","S","27","     0.2"," ","S","27","     0.1"," ","S","27","    25.4"," ","S","29","    13.1"," ","S","29","     7.0"," ","S","29","     3.8"," ","S","29","     1.0"," ","S","29","     0.2"," ","S","29","     0.0"," ","S","29","     0.0"," ","S","29","    0.04"," ","S","29","    0.11"," ","S","29","    0.29"," ","S","29","    0.73"," ","R","20","    2.64"," ","R","20","    23.9"," ","S","29","    16.7"," ","S","29","    11.6"," ","S","29","     8.9"," ","S","29","     6.2"," ","S","29","     4.8"," ","S","29","     1.6"," ","S","29","     0.2"," ","S","29","     0.6"," ","S","29","     1.7"," ","S","29","     4.0"," ","S","29","     8.1"," ","S","24","    27.9"," ","S","24","    91.7"," ","S","28","    87.3"," ","S","28","    81.3"," ","S","28","    77.4"," ","S","28","    75.3"," ","S","28","    63.9"," ","S","28","    30.1"," ","S","28","     7.0"," ","S","28","    14.0"," ","S","28","    24.0"," ","S","28"
"USC00421008","02-14"," 37.6411","-112.1703","2404.9","BRYCE CANYON NP HQRS, UT US","02","14","99","    28.3"," ","S","27","    38.4"," ","S","28","    18.1"," ","S","27","    20.3"," ","S","27","     7.6"," ","S","27","     8.1"," ","S","28","     8.9"," ","S","27","     7.3"," ","S","27","    36.7"," ","S","27","    11.9"," ","S","27","    16.7"," ","S","27","    21.7"," ","S","27","    26.7"," ","S","27","    28.7"," ","S","27","    31.7"," ","S","27","     0.0"," ","S","27","     0.1"," ","S","27","     0.0","X","S","27","     0.0"," ","S","27","     0.0"," ","S","27","     0.0"," ","S","27","     0.0"," ","S","27","     0.0"," ","S","27","     0.0"," ","S","27","     0.0"," ","S","27","     0.1"," ","S","27","     0.0","X","S","27","     0.0"," ","S","27","     0.0"," ","S","27","     0.0"," ","S","27","     0.0"," ","S","27","     0.0"," ","S","27","     0.0"," ","S","27","     0.3"," ","S","27","     0.2"," ","S","27","    25.5"," ","S","29","    13.3"," ","S","29","     7.1"," ","S","29","     3.9"," ","S","29","     1.0"," ","S","29","     0.2"," ","S","29","     0.0"," ","S","29","     0.0"," ","S","29","    0.04"," ","S","29","    0.11"," ","S","29","    0.29"," ","S","29","    0.79"," ","R","20","    2.70"," ","R","20","    24.0"," ","S","29","    16.9"," ","S","29","    11.7"," ","S","29","     9.0"," ","S","29","     6.3"," ","S","29","     4.9"," ","S","29","     1.6"," ","S","29","     0.2"," ","S","29","     0.6"," ","S","29","     1.8"," ","S","29","     4.0"," ","S","29","     8.8"," ","S","24","    28.6"," ","S","24","    91.5"," ","S","28","    87.0"," ","S","28","    81.1"," ","S","28","    77.2"," ","S","28","    75.1"," ","S","28","    63.9"," ","S","28","    30.3"," ","S","28","     7.0"," ","S","28","    14.0"," ","S","28","    24.0"," ","S","28"
"USC00421008","02-15"," 37.6411","-112.1703","2404.9","BRYCE CANYON NP HQRS, UT US","02","15","99","    28.4"," ","S","27","    38.6"," ","S","28","    18.2"," ","S","27","    20.3"," ","S","27","     7.6"," ","S","27","     8.1"," ","S","28","     8.8"," ","S","27","     7.3"," ","S","27","    36.6"," ","S","27","    11.7"," ","S","27","    16.6"," ","S","27","    21.6"," ","S","27","    26.6"," ","S","27","    28.6"," ","S","27","    31.6"," ","S","27","     0.0"," ","S","27","     0.1"," ","S","27","     0.0","X","S","27","     0.0"," ","S","27","     0.0"," ","S","27","     0.0"," ","S","27","     0.0"," ","S","27","     0.0"," ","S","27","     0.0"," ","S","27","     0.0"," ","S","27","     0.1"," ","S","27","     0.0","X","S","27","     0.0"," ","S","27","     0.0"," ","S","27","     0.0"," ","S","27","     0.0"," ","S","27","     0.0"," ","S","27","     0.0"," ","S","27","     0.3"," ","S","27","     0.2"," ","S","27","    25.7"," ","S","29","    13.5"," ","S","29","     7.2"," ","S","29","     3.9"," ","S","29","     0.9"," ","S","29","     0.2"," ","S","29","     0.0"," ","S","29","     0.0"," ","S","29","    0.04"," ","S","29","    0.11"," ","S","29","    0.30"," ","S","29","    0.85"," ","R","20","    2.76"," ","R","20","    24.1"," ","S","29","    17.0"," ","S","29","    11.8"," ","S","29","     9.1"," ","S","29","     6.3"," ","S","29","     4.9"," ","S","29","     1.6"," ","S","29","     0.2"," ","S","29","     0.7"," ","S","29","     1.8"," ","S","29","     4.0"," ","S","29","     9.4"," ","S","24","    29.2"," ","S","24","    91.2"," ","S","28","    86.7"," ","S","28","    80.8"," ","S","28","    77.0"," ","S","28","    74.9"," ","S","28","    64.0"," ","S","28","    30.5"," ","S","28","     7.0"," ","S","28","    15.0"," ","S","28","    24.0"," ","S","28"
"USC00421008","02-16"," 37.6411","-112.1703","2404.9","BRYCE CANYON NP HQRS, UT US","02","16","99","    28.5"," ","S","27","    38.7"," ","S","28","    18.4"," ","S","27","    20.3"," ","S","27","     7.6"," ","S","27","     8.1"," ","S","28","     8.8"," ","S","27","     7.3"," ","S","27","    36.5"," ","S","27","    11.6"," ","S","27","    16.5"," ","S","27","    21.5"," ","S","27","    26.5"," ","S","27","    28.5"," ","S","27","    31.5"," ","S","27","     0.0"," ","S","27","     0.1"," ","S","27","     0.0","X","S","27","     0.0"," ","S","27","     0.0"," ","S","27","     0.0"," ","S","27","     0.0"," ","S","27","     0.0"," ","S","27","     0.0"," ","S","27","     0.0"," ","S","27","     0.1"," ","S","27","     0.0","X","S","27","     0.0"," ","S","27","     0.0"," ","S","27","     0.0"," ","S","27","     0.0"," ","S","27","     0.0"," ","S","27","     0.0"," ","S","27","     0.3"," ","S","27","     0.2"," ","S","27","    25.9"," ","S","29","    13.7"," ","S","29","     7.2"," ","S","29","     3.9"," ","S","29","     0.9"," ","S","29","     0.1"," ","S","29","     0.0"," ","S","29","     0.0"," ","S","29","    0.04"," ","S","29","    0.11"," ","S","29","    0.30"," ","S","29","    0.91"," ","R","20","    2.82"," ","R","20","    24.2"," ","S","29","    17.2"," ","S","29","    11.9"," ","S","29","     9.2"," ","S","29","     6.4"," ","S","29","     4.9"," ","S","29","     1.5"," ","S","29","     0.1"," ","S","29","     0.7"," ","S","29","     1.8"," ","S","29","     4.0"," ","S","29","    10.1"," ","S","24","    29.9"," ","S","24","    90.9"," ","S","29","    86.3"," ","S","29","    80.5"," ","S","29","    76.7"," ","S","29","    74.7"," ","S","29","    64.0"," ","S","29","    30.7"," ","S","29","     8.0"," ","S","29","    15.0"," ","S","29","    25.0"," ","S","29"
"USC00421008","02-17"," 37.6411","-112.1703","2404.9","BRYCE CANYON NP HQRS, UT US","02","17","99","    28.7"," ","S","27","    38.8"," ","S","28","    18.5"," ","S","27","    20.3"," ","S","27","     7.6"," ","S","27","     8.1"," ","S","28","     8.8"," ","S","27","     7.3"," ","S","27","    36.3"," ","S","27","    11.5"," ","S","27","    16.3"," ","S","27","    21.3"," ","S","27","    26.3"," ","S","27","    28.3"," ","S","27","    31.3"," ","S","27","     0.0"," ","S","27","     0.1"," ","S","27","     0.0","X","S","27","     0.0"," ","S","27","     0.0"," ","S","27","     0.0"," ","S","27","     0.0"," ","S","27","     0.0"," ","S","27","     0.0"," ","S","27","     0.0"," ","S","27","     0.1"," ","S","27","     0.0","X","S","27","     0.0"," ","S","27","     0.0"," ","S","27","     0.0"," ","S","27","     0.0"," ","S","27","     0.0"," ","S","27","     0.0"," ","S","27","     0.3"," ","S","27","     0.2"," ","S","27","    26.0"," ","S","29","    13.8"," ","S","29","     7.3"," ","S","29","     4.0"," ","S","29","     0.9"," ","S","29","     0.1"," ","S","29","     0.0"," ","S","29","     0.0"," ","S","29","    0.04"," ","S","29","    0.12"," ","S","29","    0.30"," ","S","29","    0.97"," ","R","20","    2.88"," ","R","20","    24.3"," ","S","29","    17.3"," ","S","29","    12.0"," ","S","29","     9.2"," ","S","29","     6.4"," ","S","29","     4.9"," ","S","29","     1.5"," ","S","29","     0.1"," ","S","29","     0.7"," ","S","29","     1.9"," ","S","29","     4.0"," ","S","29","    10.7"," ","S","24","    30.5"," ","S","24","    90.6"," ","S","29","    85.9"," ","S","29","    80.3"," ","S","29","    76.5"," ","S","29","    74.5"," ","S","29","    64.0"," ","S","29","    30.9"," ","S","29","     8.0"," ","S","29","    15.0"," ","S","29","    25.0"," ","S","29"
"USC00421008","02-18"," 37.6411","-112.1703","2404.9","BRYCE CANYON NP HQRS, UT US","02","18","99","    28.8"," ","S","27","    39.0"," ","S","28","    18.7"," ","S","27","    20.3"," ","S","27","     7.6"," ","S","27","     8.1"," ","S","28","     8.8"," ","S","27","     7.2"," ","S","27","    36.2"," ","S","27","    11.3"," ","S","27","    16.2"," ","S","27","    21.2"," ","S","27","    26.2"," ","S","27","    28.2"," ","S","27","    31.2"," ","S","27","     0.0"," ","S","27","     0.1"," ","S","27","     0.0","X","S","27","     0.0"," ","S","27","     0.0"," ","S","27","     0.0"," ","S","27","     0.0"," ","S","27","     0.0"," ","S","27","     0.0"," ","S","27","     0.0"," ","S","27","     0.1"," ","S","27","     0.0","X","S","27","     0.0"," ","S","27","     0.0"," ","S","27","     0.0"," ","S","27","     0.0"," ","S","27","     0.0"," ","S","27","     0.0"," ","S","27","     0.3"," ","S","27","     0.2"," ","S","27","    26.2"," ","S","29","    13.9"," ","S","29","     7.4"," ","S","29","     4.0"," ","S","29","     0.9"," ","S","29","     0.1"," ","S","29","     0.0"," ","S","29","     0.0"," ","S","29","    0.04"," ","S","29","    0.12"," ","S","29","    0.30"," ","S","29","    1.03"," ","R","20","    2.94"," ","R","20","    24.4"," ","S","29","    17.4"," ","S","29","    12.0"," ","S","29","     9.3"," ","S","29","     6.4"," ","S","29","     5.0"," ","S","29","     1.5"," ","S","29","     0.1"," ","S","29","     0.7"," ","S","29","     1.9"," ","S","29","     4.0"," ","S","29","    11.3"," ","S","24","    31.1"," ","S","24","    90.2"," ","S","29","    85.5"," ","S","29","    80.0"," ","S","29","    76.2"," ","S","29","    74.3"," ","S","29","    63.9"," ","S","29","    31.0"," ","S","29","     8.0"," ","S","29","    15.0"," ","S","29","    25.0"," ","S","29"
"USC00421008","02-19"," 37.6411","-112.1703","2404.9","BRYCE CANYON NP HQRS, UT US","02","19","99","    29.0"," ","S","27","    39.2"," ","S","28","    18.8"," ","S","27","    20.3"," ","S","27","     7.6"," ","S","27","     8.1"," ","S","28","     8.8"," ","S","27","     7.2"," ","S","27","    36.0"," ","S","27","    11.2"," ","S","27","    16.0"," ","S","27","    21.0"," ","S","27","    26.0"," ","S","27","    28.0"," ","S","27","    31.0"," ","S","27","     0.0"," ","S","27","     0.2"," ","S","27","     0.0","X","S","27","     0.0"," ","S","27","     0.0"," ","S","27","     0.0"," ","S","27","     0.0"," ","S","27","     0.0"," ","S","27","     0.0"," ","S","27","     0.0"," ","S","27","     0.2"," ","S","27","     0.0","X","S","27","     0.0"," ","S","27","     0.0"," ","S","27","     0.0"," ","S","27","     0.0"," ","S","27","     0.0"," ","S","27","     0.0"," ","S","27","     0.3"," ","S","27","     0.2"," ","S","27","    26.3"," ","S","29","    14.1"," ","S","29","     7.4"," ","S","29","     4.0"," ","S","29","     0.9"," ","S","29","     0.1"," ","S","29","     0.0"," ","S","29","     0.0"," ","S","29","    0.04"," ","S","29","    0.12"," ","S","29","    0.30"," ","S","29","    1.09"," ","R","20","    3.00"," ","R","20","    24.4"," ","S","29","    17.5"," ","S","29","    12.1"," ","S","29","     9.3"," ","S","29","     6.4"," ","S","29","     5.0"," ","S","29","     1.5"," ","S","29","     0.1"," ","S","29","     0.7"," ","S","29","     1.9"," ","S","29","     4.0"," ","S","29","    11.9"," ","S","24","    31.7"," ","S","24","    89.8"," ","S","29","    85.1"," ","S","29","    79.7"," ","S","29","    76.0"," ","S","29","    74.1"," ","S","29","    63.9"," ","S","29","    31.1"," ","S","29","     8.0"," ","S","29","    15.0"," ","S","29","    25.0"," ","S","29"
"USC00421008","02-20"," 37.6411","-112.1703","2404.9","BRYCE CANYON NP HQRS, UT US","02","20","99","    29.2"," ","S","27","    39.3"," ","S","28","    19.0"," ","S","27","    20.3"," ","S","27","     7.6"," ","S","27","     8.0"," ","S","28","     8.7"," ","S","27","     7.2"," ","S","27","    35.8"," ","S","27","    11.0"," ","S","27","    15.8"," ","S","27","    20.8"," ","S","27","    25.8"," ","S","27","    27.8"," ","S","27","    30.8"," ","S","27","     0.0"," ","S","27","     0.2"," ","S","27","     0.0","X","S","27","     0.0"," ","S","27","     0.0"," ","S","27","     0.0"," ","S","27","     0.0"," ","S","27","     0.0"," ","S","27","     0.0"," ","S","27","     0.0"," ","S","27","     0.2"," ","S","27","     0.0","X","S","27","     0.0"," ","S","27","     0.0"," ","S","27","     0.0"," ","S","27","     0.0"," ","S","27","     0.0"," ","S","27","     0.0"," ","S","27","     0.3"," ","S","27","     0.2"," ","S","27","    26.3"," ","S","29","    14.2"," ","S","29","     7.5"," ","S","29","     4.0"," ","S","29","     0.9"," ","S","29","     0.1"," ","S","29","     0.0"," ","S","29","     0.0"," ","S","29","    0.04"," ","S","29","    0.12"," ","S","29","    0.30"," ","S","29","    1.15"," ","R","20","    3.06"," ","R","20","    24.4"," ","S","29","    17.6"," ","S","29","    12.1"," ","S","29","     9.4"," ","S","29","     6.4"," ","S","29","     5.0"," ","S","29","     1.4"," ","S","29","     0.1"," ","S","29","     0.7"," ","S","29","     1.9"," ","S","29","     4.0"," ","S","29","    12.6"," ","S","24","    32.4"," ","S","24","    89.5"," ","S","29","    84.7"," ","S","29","    79.4"," ","S","29","    75.7"," ","S","29","    73.9"," ","S","29","    63.8"," ","S","29","    31.2"," ","S","29","     8.0"," ","S","29","    15.0"," ","S","29","    25.0"," ","S","29"
"USC00421008","02-21"," 37.6411","-112.1703","2404.9","BRYCE CANYON NP HQRS, UT US","02","21","99","    29.4"," ","S","27","    39.5"," ","S","28","    19.2"," ","S","27","    20.4"," ","S","27","     7.5"," ","S","27","     8.0"," ","S","28","     8.7"," ","S","27","     7.2"," ","S","27","    35.6"," ","S","27","    10.8"," ","S","27","    15.7"," ","S","27","    20.6"," ","S","27","    25.6"," ","S","27","    27.6"," ","S","27","    30.6"," ","S","27","     0.0"," ","S","27","     0.2"," ","S","27","     0.0","X","S","27","     0.0"," ","S","27","     0.0"," ","S","27","     0.0"," ","S","27","     0.0"," ","S","27","     0.0"," ","S","27","     0.0"," ","S","27","     0.0"," ","S","27","     0.2"," ","S","27","     0.0","X","S","27","     0.0"," ","S","27","     0.0"," ","S","27","     0.0"," ","S","27","     0.0"," ","S","27","     0.0"," ","S","27","     0.0"," ","S","27","     0.3"," ","S","27","     0.2"," ","S","27","    26.4"," ","S","29","    14.3"," ","S","29","     7.5"," ","S","29","     4.0"," ","S","29","     0.9"," ","S","29","     0.1"," ","S","29","     0.0"," ","S","29","     0.0"," ","S","29","    0.04"," ","S","29","    0.12"," ","S","29","    0.30"," ","S","29","    1.22"," ","R","20","    3.13"," ","R","20","    24.4"," ","S","29","    17.6"," ","S","29","    12.1"," ","S","29","     9.4"," ","S","29","     6.4"," ","S","29","     5.0"," ","S","29","     1.4"," ","S","29","     0.1"," ","S","29","     0.8"," ","S","29","     1.9"," ","S","29","     4.1"," ","S","29","    13.2"," ","S","24","    33.0"," ","S","24","    89.1"," ","S","29","    84.3"," ","S","29","    79.2"," ","S","29","    75.6"," ","S","29","    73.7"," ","S","29","    63.7"," ","S","29","    31.3"," ","S","29","     8.0"," ","S","29","    15.0"," ","S","29","    25.0"," ","S","29"
"USC00421008","02-22"," 37.6411","-112.1703","2404.9","BRYCE CANYON NP HQRS, UT US","02","22","99","    29.5"," ","S","27","    39.7"," ","S","28","    19.3"," ","S","27","    20.4"," ","S","27","     7.5"," ","S","27","     8.0"," ","S","28","     8.6"," ","S","27","     7.2"," ","S","27","    35.5"," ","S","27","    10.7"," ","S","27","    15.5"," ","S","27","    20.5"," ","S","27","    25.5"," ","S","27","    27.5"," ","S","27","    30.5"," ","S","27","     0.0"," ","S","27","     0.2"," ","S","27","     0.0","X","S","27","     0.0"," ","S","27","     0.0"," ","S","27","     0.0"," ","S","27","     0.0"," ","S","27","     0.0"," ","S","27","     0.0"," ","S","27","     0.0"," ","S","27","     0.2"," ","S","27","     0.0","X","S","27","     0.0"," ","S","27","     0.0"," ","S","27","     0.0"," ","S","27","     0.0"," ","S","27","     0.0"," ","S","27","     0.0"," ","S","27","     0.4"," ","S","27","     0.2"," ","S","27","    26.4"," ","S","29","    14.4"," ","S","29","     7.5"," ","S","29","     4.0"," ","S","29","     0.9"," ","S","29","     0.1"," ","S","29","     0.0"," ","S","29","     0.0"," ","S","29","    0.04"," ","S","29","    0.13"," ","S","29","    0.30"," ","S","29","    1.29"," ","R","20","    3.20"," ","R","20","    24.4"," ","S","29","    17.6"," ","S","29","    12.1"," ","S","29","     9.4"," ","S","29","     6.4"," ","S","29","     5.0"," ","S","29","     1.4"," ","S","29","     0.1"," ","S","29","     0.8"," ","S","29","     1.9"," ","S","29","     4.1"," ","S","29","    13.9"," ","S","24","    33.7"," ","S","24","    88.7"," ","S","29","    83.9"," ","S","29","    78.9"," ","S","29","    75.4"," ","S","29","    73.6"," ","S","29","    63.7"," ","S","29","    31.4"," ","S","29","     8.0"," ","S","29","    16.0"," ","S","29","    25.0"," ","S","29"
"USC00421008","02-23"," 37.6411","-112.1703","2404.9","BRYCE CANYON NP HQRS, UT US","02","23","99","    29.7"," ","S","27","    39.9"," ","S","28","    19.5"," ","S","27","    20.4"," ","S","27","     7.5"," ","S","27","     8.0"," ","S","28","     8.6"," ","S","27","     7.2"," ","S","27","    35.3"," ","S","27","    10.5"," ","S","27","    15.3"," ","S","27","    20.3"," ","S","27","    25.3"," ","S","27","    27.3"," ","S","27","    30.3"," ","S","27","     0.0"," ","S","27","     0.2"," ","S","27","     0.0","X","S","27","     0.0"," ","S","27","     0.0"," ","S","27","     0.0"," ","S","27","     0.0"," ","S","27","     0.0"," ","S","27","     0.0"," ","S","27","     0.0"," ","S","27","     0.2"," ","S","27","     0.0","X","S","27","     0.0"," ","S","27","     0.0"," ","S","27","     0.0"," ","S","27","     0.0"," ","S","27","     0.0"," ","S","27","     0.0"," ","S","27","     0.4"," ","S","27","     0.2"," ","S","27","    26.3"," ","S","29","    14.5"," ","S","29","     7.5"," ","S","29","     3.9"," ","S","29","     0.9"," ","S","29","     0.1"," ","S","29","     0.0"," ","S","29","     0.0"," ","S","29","    0.05"," ","S","29","    0.13"," ","S","29","    0.30"," ","S","29","    1.36"," ","R","20","    3.27"," ","R","20","    24.3"," ","S","29","    17.6"," ","S","29","    12.1"," ","S","29","     9.4"," ","S","29","     6.4"," ","S","29","     5.0"," ","S","29","     1.3"," ","S","29","     0.1"," ","S","29","     0.8"," ","S","29","     1.9"," ","S","29","     4.1"," ","S","29","    14.6"," ","S","24","    34.4"," ","S","24","    88.3"," ","S","29","    83.6"," ","S","29","    78.7"," ","S","29","    75.2"," ","S","29","    73.4"," ","S","29","    63.5"," ","S","29","    31.4"," ","S","29","     8.0"," ","S","29","    16.0"," ","S","29","    26.0"," ","S","29"
"USC00421008","02-24"," 37.6411","-112.1703","2404.9","BRYCE CANYON NP HQRS, UT US","02","24","99","    29.9"," ","S","27","    40.2"," ","S","28","    19.7"," ","S","27","    20.5"," ","S","27","     7.4"," ","S","27","     8.0"," ","S","28","     8.5"," ","S","27","     7.1"," ","S","27","    35.1"," ","S","27","    10.3"," ","S","27","    15.1"," ","S","27","    20.1"," ","S","27","    25.1"," ","S","27","    27.1"," ","S","27","    30.1"," ","S","27","     0.0"," ","S","27","     0.3"," ","S","27","     0.0","X","S","27","     0.0"," ","S","27","     0.0"," ","S","27","     0.0"," ","S","27","     0.0"," ","S","27","     0.0"," ","S","27","     0.0"," ","S","27","     0.0"," ","S","27","     0.3"," ","S","27","     0.0","X","S","27","     0.0"," ","S","27","     0.0"," ","S","27","     0.0"," ","S","27","     0.0"," ","S","27","     0.0"," ","S","27","     0.0"," ","S","27","     0.4"," ","S","27","     0.2"," ","S","27","    26.3"," ","S","29","    14.5"," ","S","29","     7.5"," ","S","29","     3.9"," ","S","29","     0.9"," ","S","29","     0.1"," ","S","29","     0.0"," ","S","29","     0.0"," ","S","29","    0.05"," ","S","29","    0.13"," ","S","29","    0.30"," ","S","29","    1.42"," ","R","20","    3.33"," ","R","20","    24.2"," ","S","29","    17.6"," ","S","29","    12.1"," ","S","29","     9.4"," ","S","29","     6.4"," ","S","29","     5.0"," ","S","29","     1.3"," ","S","29","     0.1"," ","S","29","     0.8"," ","S","29","     1.9"," ","S","29","     4.1"," ","S","29","    15.3"," ","S","24","    35.1"," ","S","24","    87.9"," ","S","29","    83.2"," ","S","29","    78.5"," ","S","29","    74.9"," ","S","29","    73.1"," ","S","29","    63.4"," ","S","29","    31.5"," ","S","29","     8.0"," ","S","29","    16.0"," ","S","29","    26.0"," ","S","29"
"USC00421008","02-25"," 37.6411","-112.1703","2404.9","BRYCE CANYON NP HQRS, UT US","02","25","99","    30.1"," ","S","27","    40.4"," ","S","28","    19.9"," ","S","27","    20.5"," ","S","27","     7.4"," ","S","27","     8.0"," ","S","28","     8.5"," ","S","27","     7.1"," ","S","27","    34.9"," ","S","27","    10.2"," ","S","27","    14.9"," ","S","27","    19.9"," ","S","27","    24.9"," ","S","27","    26.9"," ","S","27","    29.9"," ","S","27","     0.0"," ","S","27","     0.3"," ","S","27","     0.0","X","S","27","     0.0"," ","S","27","     0.0"," ","S","27","     0.0"," ","S","27","     0.0"," ","S","27","     0.0"," ","S","27","     0.0"," ","S","27","     0.0"," ","S","27","     0.3"," ","S","27","     0.0","X","S","27","     0.0"," ","S","27","     0.0"," ","S","27","     0.0"," ","S","27","     0.0"," ","S","27","     0.0"," ","S","27","     0.0"," ","S","27","     0.4"," ","S","27","     0.3"," ","S","27","    26.2"," ","S","29","    14.5"," ","S","29","     7.4"," ","S","29","     3.8"," ","S","29","     0.8"," ","S","29","     0.1"," ","S","29","     0.0"," ","S","29","     0.0"," ","S","29","    0.05"," ","S","29","    0.13"," ","S","29","    0.30"," ","S","29","    1.49"," ","R","20","    3.40"," ","R","20","    24.1"," ","S","29","    17.6"," ","S","29","    12.0"," ","S","29","     9.3"," ","S","29","     6.3"," ","S","29","     4.9"," ","S","29","     1.3"," ","S","29","     0.1"," ","S","29","     0.8"," ","S","29","     1.9"," ","S","29","     4.0"," ","S","29","    16.0"," ","S","24","    35.8"," ","S","24","    87.5"," ","S","29","    82.7"," ","S","29","    78.2"," ","S","29","    74.6"," ","S","29","    72.8"," ","S","29","    63.2"," ","S","29","    31.4"," ","S","29","     8.0"," ","S","29","    16.0"," ","S","29","    26.0"," ","S","29"
"USC00421008","02-26"," 37.6411","-112.1703","2404.9","BRYCE CANYON NP HQRS, UT US","02","26","99","    30.4"," ","S","27","    40.6"," ","S","28","    20.1"," ","S","27","    20.6"," ","S","27","     7.4"," ","S","27","     8.0"," ","S","28","     8.4"," ","S","27","     7.1"," ","S","27","    34.6"," ","S","27","    10.0"," ","S","27","    14.7"," ","S","27","    19.6"," ","S","27","    24.6"," ","S","27","    26.6"," ","S","27","    29.6"," ","S","27","     0.0"," ","S","27","     0.3"," ","S","27","     0.0","X","S","27","     0.0"," ","S","27","     0.0"," ","S","27","     0.0"," ","S","27","     0.0"," ","S","27","     0.0"," ","S","27","     0.0"," ","S","27","     0.0"," ","S","27","     0.3"," ","S","27","     0.0","X","S","27","     0.0"," ","S","27","     0.0"," ","S","27","     0.0"," ","S","27","     0.0"," ","S","27","     0.0"," ","S","27","     0.0"," ","S","27","     0.4"," ","S","27","     0.3"," ","S","27","    26.1"," ","S","29","    14.5"," ","S","29","     7.4"," ","S","29","     3.8"," ","S","29","     0.8"," ","S","29","     0.1"," ","S","29","     0.0"," ","S","29","     0.0"," ","S","29","    0.05"," ","S","29","    0.13"," ","S","29","    0.30"," ","S","29","    1.56"," ","R","20","    3.47"," ","R","20","    24.0"," ","S","29","    17.5"," ","S","29","    11.9"," ","S","29","     9.3"," ","S","29","     6.3"," ","S","29","     4.9"," ","S","29","     1.2"," ","S","29","     0.1"," ","S","29","     0.8"," ","S","29","     1.9"," ","S","29","     4.0"," ","S","29","    16.7"," ","S","24","    36.5"," ","S","24","    87.0"," ","S","29","    82.3"," ","S","29","    77.8"," ","S","29","    74.3"," ","S","29","    72.4"," ","S","29","    62.9"," ","S","29","    31.4"," ","S","29","     8.0"," ","S","29","    16.0"," ","S","29","    26.0"," ","S","29"
"USC00421008","02-27"," 37.6411","-112.1703","2404.9","BRYCE CANYON NP HQRS, UT US","02","27","99","    30.6"," ","S","27","    40.9"," ","S","28","    20.3"," ","S","27","    20.6"," ","S","27","     7.4"," ","S","27","     8.0"," ","S","28","     8.3"," ","S","27","     7.1"," ","S","27","    34.4"," ","S","27","     9.7"," ","S","27","    14.5"," ","S","27","    19.4"," ","S","27","    24.4"," ","S","27","    26.4"," ","S","27","    29.4"," ","S","27","     0.0"," ","S","27","     0.3"," ","S","27","     0.0","X","S","27","     0.0"," ","S","27","     0.0"," ","S","27","     0.0"," ","S","27","     0.0"," ","S","27","     0.0"," ","S","27","     0.0"," ","S","27","     0.0"," ","S","27","     0.3"," ","S","27","     0.0","X","S","27","     0.0"," ","S","27","     0.0"," ","S","27","     0.0"," ","S","27","     0.0"," ","S","27","     0.0"," ","S","27","     0.0"," ","S","27","     0.4"," ","S","27","     0.3"," ","S","27","    26.0"," ","S","29","    14.6"," ","S","29","     7.4"," ","S","29","     3.7"," ","S","29","     0.8"," ","S","29","     0.0"," ","S","29","     0.0"," ","S","29","     0.0"," ","S","29","    0.05"," ","S","29","    0.13"," ","S","29","    0.30"," ","S","29","    1.63"," ","R","20","    3.54"," ","R","20","    23.9"," ","S","29","    17.5"," ","S","29","    11.9"," ","S","29","     9.2"," ","S","29","     6.2"," ","S","29","     4.9"," ","S","29","     1.2"," ","S","29","     0.1"," ","S","29","     0.8"," ","S","29","     1.9"," ","S","29","     4.0"," ","S","29","    17.4"," ","S","24","    37.2"," ","S","24","    86.5"," ","S","29","    81.8"," ","S","29","    77.4"," ","S","29","    73.8"," ","S","29","    72.0"," ","S","29","    62.5"," ","S","29","    31.4"," ","S","29","     8.0"," ","S","29","    16.0"," ","S","29","    26.0"," ","S","29"
"USC00421008","02-28"," 37.6411","-112.1703","2404.9","BRYCE CANYON NP HQRS, UT US","02","28","99","    30.8"," ","S","27","    41.1"," ","S","28","    20.5"," ","S","27","    20.7"," ","S","27","     7.4"," ","S","27","     8.1"," ","S","28","     8.3"," ","S","27","     7.1"," ","S","27","    34.2"," ","S","27","     9.5"," ","S","27","    14.2"," ","S","27","    19.2"," ","S","27","    24.2"," ","S","27","    26.2"," ","S","27","    29.2"," ","S","27","     0.0"," ","S","27","     0.3"," ","S","27","     0.0","X","S","27","     0.0"," ","S","27","     0.0"," ","S","27","     0.0"," ","S","27","     0.0"," ","S","27","     0.0"," ","S","27","     0.0"," ","S","27","     0.0"," ","S","27","     0.3"," ","S","27","     0.0","X","S","27","     0.0"," ","S","27","     0.0"," ","S","27","     0.0"," ","S","27","     0.0"," ","S","27","     0.0"," ","S","27","     0.0"," ","S","27","     0.4"," ","S","27","     0.3"," ","S","27","    25.8"," ","S","29","    14.6"," ","S","29","     7.4"," ","S","29","     3.7"," ","S","29","     0.8"," ","S","29","     0.0"," ","S","29","     0.0"," ","S","29","     0.0"," ","S","29","    0.05"," ","S","29","    0.13"," ","S","29","    0.30"," ","S","29","    1.70"," ","R","20","    3.61"," ","R","20","    23.7"," ","S","29","    17.4"," ","S","29","    11.8"," ","S","29","     9.1"," ","S","29","     6.1"," ","S","29","     4.8"," ","S","29","     1.1"," ","S","29","     0.1"," ","S","29","     0.8"," ","S","29","     1.9"," ","S","29","     4.0"," ","S","29","    18.1"," ","S","24","    37.9"," ","S","24","    86.0"," ","S","29","    81.3"," ","S","29","    76.9"," ","S","29","    73.4"," ","S","29","    71.5"," ","S","29","    62.1"," ","S","29","    31.3"," ","S","29","     8.0"," ","S","29","    16.0"," ","S","29","    26.0"," ","S","29"
"USC00421008","02-29"," 37.6411","-112.1703","2404.9","BRYCE CANYON NP HQRS, UT US","02","29","99","    30.9"," ","S","27","    41.3"," ","S","28","    20.5"," ","S","27","    20.7"," ","S","27","     7.4"," ","S","27","     8.1"," ","S","28","     8.2"," ","S","27","     7.1"," ","S","27","    34.1"," ","S","27","     9.4"," ","S","27","    14.1"," ","S","27","    19.1"," ","S","27","    24.1"," ","S","27","    26.1"," ","S","27","    29.1"," ","S","27","     0.0"," ","S","27","     0.3"," ","S","27","     0.0","X","S","27","     0.0"," ","S","27","     0.0"," ","S","27","     0.0"," ","S","27","     0.0"," ","S","27","     0.0"," ","S","27","     0.0"," ","S","27","     0.0"," ","S","27","     0.3"," ","S","27","     0.0","X","S","27","     0.0"," ","S","27","     0.0"," ","S","27","     0.0"," ","S","27","     0.0"," ","S","27","     0.0"," ","S","27","     0.0"," ","S","27","     0.4"," ","S","27","     0.3"," ","S","27","    25.7"," ","S","29","    14.5"," ","S","29","     7.3"," ","S","29","     3.6"," ","S","29","     0.8"," ","S","29","     0.0"," ","S","29","     0.0"," ","S","29","     0.0"," ","S","29","    0.05"," ","S","29","    0.13"," ","S","29","    0.30"," ","S","29","-9999.00","M"," "," 0","-9999.00","M"," "," 0","    23.5"," ","S","29","    17.3"," ","S","29","    11.7"," ","S","29","     9.1"," ","S","29","     6.1"," ","S","29","     4.8"," ","S","29","     1.1"," ","S","29","     0.1"," ","S","29","     0.9"," ","S","29","     1.9"," ","S","29","     4.0"," ","S","29"," -9999.0","M"," "," 0"," -9999.0","M"," "," 0","    85.5"," ","S","29","    80.7"," ","S","29","    76.4"," ","S","29","    72.8"," ","S","29","    70.9"," ","S","29","    61.6"," ","S","29","    31.2"," ","S","29","     8.0"," ","S","29","    16.0"," ","S","29","    26.0"," ","S","29"
"USC00421008","03-01"," 37.6411","-112.1703","2404.9","BRYCE CANYON NP HQRS, UT US","03","01","99","    31.0"," ","S","28","    41.4"," ","S","28","    20.6"," ","S","28","    20.8"," ","S","28","     7.3"," ","S","28","     8.1"," ","S","28","     8.2"," ","S","28","     7.1"," ","S","28","    34.0"," ","S","28","     9.3"," ","S","28","    14.0"," ","S","28","    19.0"," ","S","28","    24.0"," ","S","28","    26.0"," ","S","28","    29.0"," ","S","28","     0.0"," ","S","28","     0.3"," ","S","28","     0.0","X","S","28","     0.0"," ","S","28","     0.0"," ","S","28","     0.0"," ","S","28","     0.0"," ","S","28","     0.0"," ","S","28","     0.0"," ","S","28","     0.0"," ","S","28","     0.3"," ","S","28","     0.0","X","S","28","     0.0"," ","S","28","     0.0"," ","S","28","     0.0"," ","S","28","     0.0"," ","S","28","     0.0"," ","S","28","     0.0"," ","S","28","     0.4"," ","S","28","     0.2"," ","S","28","    25.5"," ","S","29","    14.4"," ","S","29","     7.3"," ","S","29","     3.5"," ","S","29","     0.8"," ","S","29","     0.0"," ","S","29","     0.0"," ","S","29","     0.0"," ","S","29","    0.05"," ","S","29","    0.14"," ","S","29","    0.30"," ","S","29","    0.06"," ","S","27","    3.67"," ","S","27","    23.3"," ","S","29","    17.1"," ","S","29","    11.5"," ","S","29","     9.0"," ","S","29","     6.0"," ","S","29","     4.7"," ","S","29","     1.1"," ","S","29","     0.0"," ","S","29","     0.9"," ","S","29","     1.8"," ","S","29","     3.9"," ","S","29","     0.6"," ","P","22","    38.5"," ","P","22","    84.9"," ","S","29","    80.1"," ","S","29","    75.9"," ","S","29","    72.3"," ","S","29","    70.3"," ","S","29","    61.1"," ","S","29","    31.0"," ","S","29","     8.0"," ","S","29","    16.0"," ","S","29","    26.0"," ","S","29"
"USC00421008","03-02"," 37.6411","-112.1703","2404.9","BRYCE CANYON NP HQRS, UT US","03","02","99","    31.3"," ","S","28","    41.7"," ","S","28","    20.8"," ","S","28","    20.8"," ","S","28","     7.3"," ","S","28","     8.2"," ","S","28","     8.1"," ","S","28","     7.1"," ","S","28","    33.7"," ","S","28","     9.1"," ","S","28","    13.8"," ","S","28","    18.7"," ","S","28","    23.7"," ","S","28","    25.7"," ","S","28","    28.7"," ","S","28","     0.0"," ","S","28","     0.3"," ","S","28","     0.0","X","S","28","     0.0"," ","S","28","     0.0"," ","S","28","     0.0"," ","S","28","     0.0"," ","S","28","     0.0"," ","S","28","     0.0"," ","S","28","     0.0"," ","S","28","     0.3"," ","S","28","     0.0","X","S","28","     0.0"," ","S","28","     0.0"," ","S","28","     0.0"," ","S","28","     0.0"," ","S","28","     0.0"," ","S","28","     0.0"," ","S","28","     0.4"," ","S","28","     0.2"," ","S","28","    25.3"," ","S","29","    14.4"," ","S","29","     7.3"," ","S","29","     3.4"," ","S","29","     0.8"," ","S","29","     0.0"," ","S","29","     0.0"," ","S","29","     0.0"," ","S","29","    0.05"," ","S","29","    0.14"," ","S","29","    0.30"," ","S","29","    0.11"," ","S","27","    3.72"," ","S","27","    23.1"," ","S","29","    17.0"," ","S","29","    11.4"," ","S","29","     8.8"," ","S","29","     5.9"," ","S","29","     4.6"," ","S","29","     1.0"," ","S","29","     0.0"," ","S","29","     0.9"," ","S","29","     1.8"," ","S","29","     3.9"," ","S","29","     1.2"," ","P","22","    39.1"," ","P","22","    84.2"," ","S","29","    79.5"," ","S","29","    75.3"," ","S","29","    71.7"," ","S","29","    69.8"," ","S","29","    60.6"," ","S","29","    30.8"," ","S","29","     8.0"," ","S","29","    16.0"," ","S","29","    26.0"," ","S","29"
"USC00421008","03-03"," 37.6411","-112.1703","2404.9","BRYCE CANYON NP HQRS, UT US","03","03","99","    31.5"," ","S","28","    42.0"," ","S","28","    21.0"," ","S","28","    20.9"," ","S","28","     7.3"," ","S","28","     8.2"," ","S","28","     8.1"," ","S","28","     7.1"," ","S","28","    33.5"," ","S","28","     8.8"," ","S","28","    13.5"," ","S","28","    18.5"," ","S","28","    23.5"," ","S","28","    25.5"," ","S","28","    28.5"," ","S","28","     0.0"," ","S","28","     0.3"," ","S","28","     0.0","X","S","28","     0.0"," ","S","28","     0.0"," ","S","28","     0.0"," ","S","28","     0.0"," ","S","28","     0.0"," ","S","28","     0.0"," ","S","28","     0.0"," ","S","28","     0.3"," ","S","28","     0.0","X","S","28","     0.0"," ","S","28","     0.0"," ","S","28","     0.0"," ","S","28","     0.0"," ","S","28","     0.0"," ","S","28","     0.0"," ","S","28","     0.5"," ","S","28","     0.3"," ","S","28","    25.0"," ","S","29","    14.3"," ","S","29","     7.2"," ","S","29","     3.3"," ","S","29","     0.7"," ","S","29","     0.0"," ","S","29","     0.0"," ","S","29","     0.0"," ","S","29","    0.05"," ","S","29","    0.14"," ","S","29","    0.30"," ","S","29","    0.16"," ","S","27","    3.77"," ","S","27","    22.8"," ","S","29","    16.7"," ","S","29","    11.2"," ","S","29","     8.7"," ","S","29","     5.8"," ","S","29","     4.6"," ","S","29","     1.0"," ","S","29","     0.0"," ","S","29","     0.9"," ","S","29","     1.8"," ","S","29","     3.9"," ","S","29","     1.8"," ","P","22","    39.7"," ","P","22","    83.6"," ","S","29","    78.8"," ","S","29","    74.8"," ","S","29","    71.2"," ","S","29","    69.2"," ","S","29","    60.0"," ","S","29","    30.6"," ","S","29","     8.0"," ","S","29","    16.0"," ","S","29","    26.0"," ","S","29"
"USC00421008","03-04"," 37.6411","-112.1703","2404.9","BRYCE CANYON NP HQRS, UT US","03","04","99","    31.7"," ","S","28","    42.2"," ","S","28","    21.2"," ","S","28","    21.0"," ","S","28","     7.3"," ","S","28","     8.2"," ","S","28","     8.0"," ","S","28","     7.1"," ","S","28","    33.3"," ","S","28","     8.6"," ","S","28","    13.3"," ","S","28","    18.3"," ","S","28","    23.3"," ","S","28","    25.3"," ","S","28","    28.3"," ","S","28","     0.0"," ","S","28","     0.3"," ","S","28","     0.0","X","S","28","     0.0"," ","S","28","     0.0"," ","S","28","     0.0"," ","S","28","     0.0"," ","S","28","     0.0"," ","S","28","     0.0"," ","S","28","     0.0"," ","S","28","     0.3"," ","S","28","     0.0","X","S","28","     0.0"," ","S","28","     0.0"," ","S","28","     0.0"," ","S","28","     0.0"," ","S","28","     0.0"," ","S","28","     0.0"," ","S","28","     0.5"," ","S","28","     0.3"," ","S","28","    24.7"," ","S","29","    14.2"," ","S","29","     7.2"," ","S","29","     3.3"," ","S","29","     0.7"," ","S","29","     0.0"," ","S","29","     0.0"," ","S","29","     0.0"," ","S","29","    0.05"," ","S","29","    0.14"," ","S","29","    0.30"," ","S","29","    0.22"," ","S","27","    3.83"," ","S","27","    22.5"," ","S","29","    16.6"," ","S","29","    11.1"," ","S","29","     8.6"," ","S","29","     5.6"," ","S","29","     4.5"," ","S","29","     0.9"," ","S","29","     0.0"," ","S","29","     0.9"," ","S","29","     1.8"," ","S","29","     3.8"," ","S","29","     2.4"," ","P","22","    40.3"," ","P","22","    82.9"," ","S","29","    78.1"," ","S","29","    74.1"," ","S","29","    70.6"," ","S","29","    68.5"," ","S","29","    59.3"," ","S","29","    30.3"," ","S","29","     8.0"," ","S","29","    16.0"," ","S","29","    26.0"," ","S","29"
"USC00421008","03-05"," 37.6411","-112.1703","2404.9","BRYCE CANYON NP HQRS, UT US","03","05","99","    32.0"," ","S","28","    42.5"," ","S","28","    21.4"," ","S","28","    21.1"," ","S","28","     7.3"," ","S","28","     8.3"," ","S","28","     8.0"," ","S","28","     7.1"," ","S","28","    33.0"," ","S","28","     8.4"," ","S","28","    13.1"," ","S","28","    18.0"," ","S","28","    23.0"," ","S","28","    25.0"," ","S","28","    28.0"," ","S","28","     0.0"," ","S","28","     0.3"," ","S","28","     0.0","X","S","28","     0.0"," ","S","28","     0.0"," ","S","28","     0.0"," ","S","28","     0.0"," ","S","28","     0.0"," ","S","28","     0.0"," ","S","28","     0.0"," ","S","28","     0.3"," ","S","28","     0.0","X","S","28","     0.0"," ","S","28","     0.0"," ","S","28","     0.0"," ","S","28","     0.0"," ","S","28","     0.0"," ","S","28","     0.0"," ","S","28","     0.5"," ","S","28","     0.3"," ","S","28","    24.5"," ","S","29","    14.1"," ","S","29","     7.1"," ","S","29","     3.2"," ","S","29","     0.7"," ","S","29","     0.0"," ","S","29","     0.0"," ","S","29","     0.0"," ","S","29","    0.05"," ","S","29","    0.14"," ","S","29","    0.30"," ","S","29","    0.28"," ","S","27","    3.89"," ","S","27","    22.3"," ","S","29","    16.4"," ","S","29","    10.9"," ","S","29","     8.4"," ","S","29","     5.5"," ","S","29","     4.4"," ","S","29","     0.9"," ","S","29","     0.0"," ","S","29","     0.9"," ","S","29","     1.8"," ","S","29","     3.8"," ","S","29","     3.0"," ","P","22","    40.9"," ","P","22","    82.2"," ","S","29","    77.4"," ","S","29","    73.4"," ","S","29","    69.9"," ","S","29","    67.8"," ","S","29","    58.6"," ","S","29","    30.0"," ","S","29","     8.0"," ","S","29","    16.0"," ","S","29","    26.0"," ","S","29"
"USC00421008","03-06"," 37.6411","-112.1703","2404.9","BRYCE CANYON NP HQRS, UT US","03","06","99","    32.2"," ","S","28","    42.8"," ","S","28","    21.6"," ","S","28","    21.2"," ","S","28","     7.3"," ","S","28","     8.3"," ","S","28","     7.9"," ","S","28","     7.1"," ","S","28","    32.8"," ","S","28","     8.1"," ","S","28","    12.8"," ","S","28","    17.8"," ","S","28","    22.8"," ","S","28","    24.8"," ","S","28","    27.8"," ","S","28","     0.0"," ","S","28","     0.3"," ","S","28","     0.0","X","S","28","     0.0"," ","S","28","     0.0"," ","S","28","     0.0"," ","S","28","     0.0"," ","S","28","     0.0"," ","S","28","     0.0"," ","S","28","     0.0"," ","S","28","     0.3"," ","S","28","     0.0","X","S","28","     0.0"," ","S","28","     0.0"," ","S","28","     0.0"," ","S","28","     0.0"," ","S","28","     0.0"," ","S","28","     0.0"," ","S","28","     0.6"," ","S","28","     0.3"," ","S","28","    24.2"," ","S","30","    14.0"," ","S","30","     7.1"," ","S","30","     3.1"," ","S","30","     0.7"," ","S","30","     0.0"," ","S","30","     0.0"," ","S","30","     0.0"," ","S","30","    0.05"," ","S","30","    0.14"," ","S","30","    0.30"," ","S","30","    0.33"," ","S","27","    3.94"," ","S","27","    22.0"," ","S","30","    16.2"," ","S","30","    10.8"," ","S","30","     8.3"," ","S","30","     5.4"," ","S","30","     4.3"," ","S","30","     0.8"," ","S","30","     0.0"," ","S","30","     0.9"," ","S","30","     1.8"," ","S","30","     3.8"," ","S","30","     3.5"," ","P","22","    41.4"," ","P","22","    81.5"," ","S","29","    76.6"," ","S","29","    72.6"," ","S","29","    69.1"," ","S","29","    67.0"," ","S","29","    57.8"," ","S","29","    29.7"," ","S","29","     8.0"," ","S","29","    16.0"," ","S","29","    26.0"," ","S","29"
"USC00421008","03-07"," 37.6411","-112.1703","2404.9","BRYCE CANYON NP HQRS, UT US","03","07","99","    32.5"," ","S","28","    43.1"," ","S","28","    21.8"," ","S","28","    21.3"," ","S","28","     7.3"," ","S","28","     8.4"," ","S","28","     7.8"," ","S","28","     7.1"," ","S","28","    32.5"," ","S","28","     7.9"," ","S","28","    12.6"," ","S","28","    17.5"," ","S","28","    22.5"," ","S","28","    24.5"," ","S","28","    27.5"," ","S","28","     0.0"," ","S","28","     0.3"," ","S","28","     0.0","X","S","28","     0.0"," ","S","28","     0.0"," ","S","28","     0.0"," ","S","28","     0.0"," ","S","28","     0.0"," ","S","28","     0.0"," ","S","28","     0.0"," ","S","28","     0.3"," ","S","28","     0.0","X","S","28","     0.0"," ","S","28","     0.0"," ","S","28","     0.0"," ","S","28","     0.0"," ","S","28","     0.0"," ","S","28","     0.0"," ","S","28","     0.6"," ","S","28","     0.4"," ","S","28","    23.9"," ","S","30","    13.9"," ","S","30","     7.1"," ","S","30","     3.0"," ","S","30","     0.7"," ","S","30","     0.0"," ","S","30","     0.0"," ","S","30","     0.0"," ","S","30","    0.05"," ","S","30","    0.14"," ","S","30","    0.30"," ","S","30","    0.38"," ","S","27","    3.99"," ","S","27","    21.7"," ","S","30","    16.0"," ","S","30","    10.6"," ","S","30","     8.2"," ","S","30","     5.3"," ","S","30","     4.3"," ","S","30","     0.8"," ","S","30","     0.0"," ","S","30","     0.8"," ","S","30","     1.7"," ","S","30","     3.7"," ","S","30","     4.1"," ","P","22","    42.0"," ","P","22","    80.7"," ","S","29","    75.7"," ","S","29","    71.7"," ","S","29","    68.3"," ","S","29","    66.2"," ","S","29","    56.9"," ","S","29","    29.3"," ","S","29","     8.0"," ","S","29","    15.0"," ","S","29","    26.0"," ","S","29"
"USC00421008","03-08"," 37.6411","-112.1703","2404.9","BRYCE CANYON NP HQRS, UT US","03","08","99","    32.7"," ","S","28","    43.4"," ","S","28","    22.0"," ","S","28","    21.4"," ","S","28","     7.3"," ","S","28","     8.4"," ","S","28","     7.8"," ","S","28","     7.1"," ","S","28","    32.3"," ","S","28","     7.7"," ","S","28","    12.3"," ","S","28","    17.3"," ","S","28","    22.3"," ","S","28","    24.3"," ","S","28","    27.3"," ","S","28","     0.0"," ","S","28","     0.4"," ","S","28","     0.0","X","S","28","     0.0"," ","S","28","     0.0"," ","S","28","     0.0"," ","S","28","     0.0"," ","S","28","     0.0"," ","S","28","     0.0"," ","S","28","     0.0"," ","S","28","     0.4"," ","S","28","     0.0","X","S","28","     0.0"," ","S","28","     0.0"," ","S","28","     0.0"," ","S","28","     0.0"," ","S","28","     0.0"," ","S","28","     0.0"," ","S","28","     0.7"," ","S","28","     0.4"," ","S","28","    23.6"," ","S","30","    13.8"," ","S","30","     7.0"," ","S","30","     2.9"," ","S","30","     0.7"," ","S","30","     0.0"," ","S","30","     0.0"," ","S","30","     0.0"," ","S","30","    0.05"," ","S","30","    0.14"," ","S","30","    0.30"," ","S","30","    0.43"," ","S","27","    4.04"," ","S","27","    21.4"," ","S","30","    15.7"," ","S","30","    10.4"," ","S","30","     8.0"," ","S","30","     5.2"," ","S","30","     4.2"," ","S","30","     0.8"," ","S","30","     0.0"," ","S","30","     0.8"," ","S","30","     1.7"," ","S","30","     3.7"," ","S","30","     4.6"," ","P","22","    42.5"," ","P","22","    79.8"," ","S","29","    74.8"," ","S","29","    70.9"," ","S","29","    67.5"," ","S","29","    65.3"," ","S","29","    56.0"," ","S","29","    28.8"," ","S","29","     8.0"," ","S","29","    15.0"," ","S","29","    25.0"," ","S","29"
"USC00421008","03-09"," 37.6411","-112.1703","2404.9","BRYCE CANYON NP HQRS, UT US","03","09","99","    32.9"," ","S","28","    43.7"," ","S","28","    22.2"," ","S","28","    21.6"," ","S","28","     7.3"," ","S","28","     8.5"," ","S","28","     7.7"," ","S","28","     7.1"," ","S","28","    32.1"," ","S","28","     7.4"," ","S","28","    12.1"," ","S","28","    17.1"," ","S","28","    22.1"," ","S","28","    24.1"," ","S","28","    27.1"," ","S","28","     0.0"," ","S","28","     0.4"," ","S","28","     0.0","X","S","28","     0.0"," ","S","28","     0.0"," ","S","28","     0.0"," ","S","28","     0.0"," ","S","28","     0.0"," ","S","28","     0.0"," ","S","28","     0.0"," ","S","28","     0.4"," ","S","28","     0.0","X","S","28","     0.0"," ","S","28","     0.0"," ","S","28","     0.0"," ","S","28","     0.0"," ","S","28","     0.0"," ","S","28","     0.0"," ","S","28","     0.7"," ","S","28","     0.4"," ","S","28","    23.3"," ","S","30","    13.6"," ","S","30","     6.9"," ","S","30","     2.9"," ","S","30","     0.6"," ","S","30","     0.0"," ","S","30","     0.0"," ","S","30","     0.0"," ","S","30","    0.05"," ","S","30","    0.14"," ","S","30","    0.30"," ","S","30","    0.48"," ","S","27","    4.09"," ","S","27","    21.1"," ","S","30","    15.4"," ","S","30","    10.2"," ","S","30","     7.8"," ","S","30","     5.1"," ","S","30","     4.1"," ","S","30","     0.7"," ","S","30","     0.0"," ","S","30","     0.8"," ","S","30","     1.7"," ","S","30","     3.7"," ","S","30","     5.2"," ","P","22","    43.1"," ","P","22","    78.8"," ","S","29","    73.8"," ","S","29","    69.9"," ","S","29","    66.6"," ","S","29","    64.4"," ","S","29","    55.0"," ","S","29","    28.3"," ","S","29","     7.0"," ","S","29","    15.0"," ","S","29","    25.0"," ","S","29"
"USC00421008","03-10"," 37.6411","-112.1703","2404.9","BRYCE CANYON NP HQRS, UT US","03","10","99","    33.2"," ","S","28","    44.0"," ","S","28","    22.3"," ","S","28","    21.7"," ","S","28","     7.3"," ","S","28","     8.5"," ","S","28","     7.7"," ","S","28","     7.1"," ","S","28","    31.8"," ","S","28","     7.2"," ","S","28","    11.9"," ","S","28","    16.8"," ","S","28","    21.8"," ","S","28","    23.8"," ","S","28","    26.8"," ","S","28","     0.0"," ","S","28","     0.4"," ","S","28","     0.0","X","S","28","     0.0","X","S","28","     0.0"," ","S","28","     0.0"," ","S","28","     0.0"," ","S","28","     0.0"," ","S","28","     0.0"," ","S","28","     0.0"," ","S","28","     0.4"," ","S","28","     0.0","X","S","28","     0.0","X","S","28","     0.0"," ","S","28","     0.0"," ","S","28","     0.0"," ","S","28","     0.0"," ","S","28","     0.0"," ","S","28","     0.8"," ","S","28","     0.5"," ","S","28","    22.9"," ","S","30","    13.4"," ","S","30","     6.8"," ","S","30","     2.8"," ","S","30","     0.6"," ","S","30","     0.0"," ","S","30","     0.0"," ","S","30","     0.0"," ","S","30","    0.05"," ","S","30","    0.14"," ","S","30","    0.30"," ","S","30","    0.53"," ","S","27","    4.14"," ","S","27","    20.7"," ","S","30","    15.2"," ","S","30","    10.0"," ","S","30","     7.6"," ","S","30","     5.0"," ","S","30","     4.0"," ","S","30","     0.7"," ","S","30","     0.0"," ","S","30","     0.8"," ","S","30","     1.7"," ","S","30","     3.6"," ","S","30","     5.6"," ","P","22","    43.5"," ","P","22","    77.8"," ","S","29","    72.7"," ","S","29","    68.9"," ","S","29","    65.6"," ","S","29","    63.4"," ","S","29","    54.0"," ","S","29","    27.8"," ","S","29","     7.0"," ","S","29","    15.0"," ","S","29","    25.0"," ","S","29"
"USC00421008","03-11"," 37.6411","-112.1703","2404.9","BRYCE CANYON NP HQRS, UT US","03","11","99","    33.4"," ","S","28","    44.3"," ","S","28","    22.5"," ","S","28","    21.8"," ","S","28","     7.3"," ","S","28","     8.6"," ","S","28","     7.6"," ","S","28","     7.1"," ","S","28","    31.6"," ","S","28","     7.0"," ","S","28","    11.6"," ","S","28","    16.6"," ","S","28","    21.6"," ","S","28","    23.6"," ","S","28","    26.6"," ","S","28","     0.0"," ","S","28","     0.4"," ","S","28","     0.1"," ","S","28","     0.0","X","S","28","     0.0"," ","S","28","     0.0"," ","S","28","     0.0"," ","S","28","     0.0"," ","S","28","     0.0"," ","S","28","     0.0"," ","S","28","     0.4"," ","S","28","     0.1"," ","S","28","     0.0","X","S","28","     0.0"," ","S","28","     0.0"," ","S","28","     0.0"," ","S","28","     0.0"," ","S","28","     0.0"," ","S","28","     0.9"," ","S","28","     0.5"," ","S","28","    22.6"," ","S","30","    13.2"," ","S","30","     6.7"," ","S","30","     2.7"," ","S","30","     0.6"," ","S","30","     0.0"," ","S","30","     0.0"," ","S","30","     0.0"," ","S","30","    0.05"," ","S","30","    0.14"," ","S","30","    0.30"," ","S","30","    0.57"," ","S","27","    4.18"," ","S","27","    20.4"," ","S","30","    14.9"," ","S","30","     9.7"," ","S","30","     7.4"," ","S","30","     4.8"," ","S","30","     3.8"," ","S","30","     0.7"," ","S","30","     0.0"," ","S","30","     0.8"," ","S","30","     1.6"," ","S","30","     3.6"," ","S","30","     6.1"," ","P","22","    44.0"," ","P","22","    76.7"," ","S","30","    71.6"," ","S","30","    67.9"," ","S","30","    64.6"," ","S","30","    62.3"," ","S","30","    52.8"," ","S","30","    27.2"," ","S","30","     7.0"," ","S","30","    15.0"," ","S","30","    25.0"," ","S","30"
"USC00421008","03-12"," 37.6411","-112.1703","2404.9","BRYCE CANYON NP HQRS, UT US","03","12","99","    33.7"," ","S","28","    44.6"," ","S","28","    22.7"," ","S","28","    21.9"," ","S","28","     7.3"," ","S","28","     8.6"," ","S","28","     7.5"," ","S","28","     7.1"," ","S","28","    31.3"," ","S","28","     6.8"," ","S","28","    11.4"," ","S","28","    16.3"," ","S","28","    21.3"," ","S","28","    23.3"," ","S","28","    26.3"," ","S","28","     0.0"," ","S","28","     0.5"," ","S","28","     0.1"," ","S","28","     0.0","X","S","28","     0.0"," ","S","28","     0.0"," ","S","28","     0.0"," ","S","28","     0.0"," ","S","28","     0.0"," ","S","28","     0.0"," ","S","28","     0.5"," ","S","28","     0.1"," ","S","28","     0.0","X","S","28","     0.0"," ","S","28","     0.0"," ","S","28","     0.0"," ","S","28","     0.0"," ","S","28","     0.0"," ","S","28","     0.9"," ","S","28","     0.6"," ","S","28","    22.3"," ","S","30","    13.0"," ","S","30","     6.5"," ","S","30","     2.6"," ","S","30","     0.6"," ","S","30","     0.0"," ","S","30","     0.0"," ","S","30","     0.0"," ","S","30","    0.05"," ","S","30","    0.14"," ","S","30","    0.29"," ","S","30","    0.62"," ","S","27","    4.23"," ","S","27","    20.1"," ","S","30","    14.6"," ","S","30","     9.5"," ","S","30","     7.2"," ","S","30","     4.7"," ","S","30","     3.7"," ","S","30","     0.6"," ","S","30","     0.0"," ","S","30","     0.8"," ","S","30","     1.6"," ","S","30","     3.6"," ","S","30","     6.6"," ","P","22","    44.5"," ","P","22","    75.6"," ","S","30","    70.5"," ","S","30","    66.7"," ","S","30","    63.5"," ","S","30","    61.2"," ","S","30","    51.7"," ","S","30","    26.5"," ","S","30","     7.0"," ","S","30","    15.0"," ","S","30","    25.0"," ","S","30"
"USC00421008","03-13"," 37.6411","-112.1703","2404.9","BRYCE CANYON NP HQRS, UT US","03","13","99","    33.9"," ","S","28","    45.0"," ","S","28","    22.9"," ","S","28","    22.1"," ","S","28","     7.3"," ","S","28","     8.6"," ","S","28","     7.5"," ","S","28","     7.2"," ","S","28","    31.1"," ","S","28","     6.7"," ","S","28","    11.2"," ","S","28","    16.1"," ","S","28","    21.1"," ","S","28","    23.1"," ","S","28","    26.1"," ","S","28","     0.0"," ","S","28","     0.6"," ","S","28","     0.1"," ","S","28","     0.0","X","S","28","     0.0"," ","S","28","     0.0"," ","S","28","     0.0"," ","S","28","     0.0"," ","S","28","     0.0"," ","S","28","     0.0"," ","S","28","     0.6"," ","S","28","     0.1"," ","S","28","     0.0","X","S","28","     0.0"," ","S","28","     0.0"," ","S","28","     0.0"," ","S","28","     0.0"," ","S","28","     0.0"," ","S","28","     1.0"," ","S","28","     0.7"," ","S","28","    22.1"," ","S","30","    12.9"," ","S","30","     6.4"," ","S","30","     2.5"," ","S","30","     0.6"," ","S","30","     0.0"," ","S","30","     0.0"," ","S","30","     0.0"," ","S","30","    0.05"," ","S","30","    0.14"," ","S","30","    0.29"," ","S","30","    0.66"," ","S","27","    4.27"," ","S","27","    19.8"," ","S","30","    14.3"," ","S","30","     9.2"," ","S","30","     7.0"," ","S","30","     4.5"," ","S","30","     3.6"," ","S","30","     0.6"," ","S","30","     0.0"," ","S","30","     0.8"," ","S","30","     1.6"," ","S","30","     3.5"," ","S","30","     7.1"," ","P","22","    45.0"," ","P","22","    74.4"," ","S","30","    69.3"," ","S","30","    65.6"," ","S","30","    62.3"," ","S","30","    60.0"," ","S","30","    50.4"," ","S","30","    25.9"," ","S","30","     7.0"," ","S","30","    14.0"," ","S","30","    25.0"," ","S","30"
"USC00421008","03-14"," 37.6411","-112.1703","2404.9","BRYCE CANYON NP HQRS, UT US","03","14","99","    34.2"," ","S","28","    45.3"," ","S","28","    23.1"," ","S","28","    22.2"," ","S","28","     7.3"," ","S","28","     8.7"," ","S","28","     7.4"," ","S","28","     7.2"," ","S","28","    30.8"," ","S","28","     6.5"," ","S","28","    10.9"," ","S","28","    15.8"," ","S","28","    20.8"," ","S","28","    22.8"," ","S","28","    25.8"," ","S","28","     0.0"," ","S","28","     0.6"," ","S","28","     0.1"," ","S","28","     0.0","X","S","28","     0.0"," ","S","28","     0.0"," ","S","28","     0.0"," ","S","28","     0.0"," ","S","28","     0.0"," ","S","28","     0.0"," ","S","28","     0.6"," ","S","28","     0.1"," ","S","28","     0.0","X","S","28","     0.0"," ","S","28","     0.0"," ","S","28","     0.0"," ","S","28","     0.0"," ","S","28","     0.0"," ","S","28","     1.2"," ","S","28","     0.8"," ","S","28","    21.8"," ","S","30","    12.7"," ","S","30","     6.3"," ","S","30","     2.4"," ","S","30","     0.5"," ","S","30","     0.0"," ","S","30","     0.0"," ","S","30","     0.0"," ","S","30","    0.05"," ","S","30","    0.14"," ","S","30","    0.29"," ","S","30","    0.70"," ","S","27","    4.31"," ","S","27","    19.5"," ","S","30","    14.0"," ","S","30","     9.0"," ","S","30","     6.8"," ","S","30","     4.4"," ","S","30","     3.4"," ","S","30","     0.6"," ","S","30","     0.0"," ","S","30","     0.8"," ","S","30","     1.5"," ","S","30","     3.5"," ","S","30","     7.5"," ","P","22","    45.4"," ","P","22","    73.2"," ","S","30","    68.2"," ","S","30","    64.4"," ","S","30","    61.1"," ","S","30","    58.8"," ","S","30","    49.1"," ","S","30","    25.2"," ","S","30","     7.0"," ","S","30","    14.0"," ","S","30","    24.0"," ","S","30"
"USC00421008","03-15"," 37.6411","-112.1703","2404.9","BRYCE CANYON NP HQRS, UT US","03","15","99","    34.4"," ","S","28","    45.6"," ","S","28","    23.2"," ","S","28","    22.3"," ","S","28","     7.3"," ","S","28","     8.7"," ","S","28","     7.3"," ","S","28","     7.2"," ","S","28","    30.6"," ","S","28","     6.3"," ","S","28","    10.7"," ","S","28","    15.6"," ","S","28","    20.6"," ","S","28","    22.6"," ","S","28","    25.6"," ","S","28","     0.0"," ","S","28","     0.7"," ","S","28","     0.1"," ","S","28","     0.0","X","S","28","     0.0"," ","S","28","     0.0"," ","S","28","     0.0"," ","S","28","     0.0"," ","S","28","     0.0"," ","S","28","     0.0"," ","S","28","     0.7"," ","S","28","     0.1"," ","S","28","     0.0","X","S","28","     0.0"," ","S","28","     0.0"," ","S","28","     0.0"," ","S","28","     0.0"," ","S","28","     0.0"," ","S","28","     1.3"," ","S","28","     0.9"," ","S","28","    21.6"," ","S","30","    12.5"," ","S","30","     6.2"," ","S","30","     2.3"," ","S","30","     0.5"," ","S","30","     0.0"," ","S","30","     0.0"," ","S","30","     0.0"," ","S","30","    0.05"," ","S","30","    0.13"," ","S","30","    0.28"," ","S","30","    0.74"," ","S","27","    4.35"," ","S","27","    19.2"," ","S","30","    13.7"," ","S","30","     8.8"," ","S","30","     6.6"," ","S","30","     4.2"," ","S","30","     3.3"," ","S","30","     0.5"," ","S","30","     0.0"," ","S","30","     0.7"," ","S","30","     1.4"," ","S","30","     3.4"," ","S","30","     7.9"," ","P","22","    45.8"," ","P","22","    72.0"," ","S","30","    66.9"," ","S","30","    63.1"," ","S","30","    59.9"," ","S","30","    57.5"," ","S","30","    47.7"," ","S","30","    24.5"," ","S","30","     6.0"," ","S","30","    14.0"," ","S","30","    24.0"," ","S","30"
"USC00421008","03-16"," 37.6411","-112.1703","2404.9","BRYCE CANYON NP HQRS, UT US","03","16","99","    34.6"," ","S","28","    45.9"," ","S","28","    23.4"," ","S","28","    22.5"," ","S","28","     7.2"," ","S","28","     8.8"," ","S","28","     7.2"," ","S","28","     7.2"," ","S","28","    30.4"," ","S","28","     6.2"," ","S","28","    10.5"," ","S","28","    15.4"," ","S","28","    20.4"," ","S","28","    22.4"," ","S","28","    25.4"," ","S","28","     0.0"," ","S","28","     0.8"," ","S","28","     0.1"," ","S","28","     0.0","X","S","28","     0.0"," ","S","28","     0.0"," ","S","28","     0.0"," ","S","28","     0.0"," ","S","28","     0.0"," ","S","28","     0.0"," ","S","28","     0.8"," ","S","28","     0.1"," ","S","28","     0.0","X","S","28","     0.0"," ","S","28","     0.0"," ","S","28","     0.0"," ","S","28","     0.0"," ","S","28","     0.0"," ","S","28","     1.4"," ","S","28","     1.0"," ","S","28","    21.4"," ","S","30","    12.3"," ","S","30","     6.1"," ","S","30","     2.2"," ","S","30","     0.5"," ","S","30","     0.0"," ","S","30","     0.0"," ","S","30","     0.0"," ","S","30","    0.05"," ","S","30","    0.13"," ","S","30","    0.28"," ","S","30","    0.78"," ","S","27","    4.39"," ","S","27","    19.0"," ","S","30","    13.4"," ","S","30","     8.5"," ","S","30","     6.4"," ","S","30","     4.1"," ","S","30","     3.2"," ","S","30","     0.5"," ","S","30","     0.0"," ","S","30","     0.7"," ","S","30","     1.4"," ","S","30","     3.4"," ","S","30","     8.3"," ","P","22","    46.2"," ","P","22","    70.7"," ","S","30","    65.6"," ","S","30","    61.8"," ","S","30","    58.6"," ","S","30","    56.2"," ","S","30","    46.3"," ","S","30","    23.8"," ","S","30","     6.0"," ","S","30","    13.0"," ","S","30","    23.0"," ","S","30"
"USC00421008","03-17"," 37.6411","-112.1703","2404.9","BRYCE CANYON NP HQRS, UT US","03","17","99","    34.9"," ","S","28","    46.2"," ","S","28","    23.5"," ","S","28","    22.6"," ","S","28","     7.2"," ","S","28","     8.8"," ","S","28","     7.2"," ","S","28","     7.2"," ","S","28","    30.1"," ","S","28","     6.0"," ","S","28","    10.3"," ","S","28","    15.1"," ","S","28","    20.1"," ","S","28","    22.1"," ","S","28","    25.1"," ","S","28","     0.0"," ","S","28","     0.9"," ","S","28","     0.1"," ","S","28","     0.0","X","S","28","     0.0"," ","S","28","     0.0"," ","S","28","     0.0"," ","S","28","     0.0"," ","S","28","     0.0"," ","S","28","     0.0"," ","S","28","     0.9"," ","S","28","     0.1"," ","S","28","     0.0","X","S","28","     0.0"," ","S","28","     0.0"," ","S","28","     0.0"," ","S","28","     0.0"," ","S","28","     0.0"," ","S","28","     1.5"," ","S","28","     1.0"," ","S","28","    21.2"," ","S","30","    12.2"," ","S","30","     6.0"," ","S","30","     2.1"," ","S","30","     0.5"," ","S","30","     0.0"," ","S","30","     0.0"," ","S","30","     0.0"," ","S","30","    0.05"," ","S","30","    0.13"," ","S","30","    0.27"," ","S","30","    0.81"," ","S","27","    4.42"," ","S","27","    18.7"," ","S","30","    13.1"," ","S","30","     8.3"," ","S","30","     6.2"," ","S","30","     4.0"," ","S","30","     3.1"," ","S","30","     0.5"," ","S","30","     0.0"," ","S","30","     0.7"," ","S","30","     1.4"," ","S","30","     3.3"," ","S","30","     8.7"," ","P","22","    46.6"," ","P","22","    69.3"," ","S","29","    64.3"," ","S","29","    60.4"," ","S","29","    57.2"," ","S","29","    54.8"," ","S","29","    44.9"," ","S","29","    23.0"," ","S","29","     6.0"," ","S","29","    13.0"," ","S","29","    23.0"," ","S","29"
"USC00421008","03-18"," 37.6411","-112.1703","2404.9","BRYCE CANYON NP HQRS, UT US","03","18","99","    35.1"," ","S","28","    46.5"," ","S","28","    23.7"," ","S","28","    22.8"," ","S","28","     7.2"," ","S","28","     8.9"," ","S","28","     7.1"," ","S","28","     7.2"," ","S","28","    29.9"," ","S","28","     5.9"," ","S","28","    10.1"," ","S","28","    14.9"," ","S","28","    19.9"," ","S","28","    21.9"," ","S","28","    24.9"," ","S","28","     0.0"," ","S","28","     1.0"," ","S","28","     0.2"," ","S","28","     0.0","X","S","28","     0.0"," ","S","28","     0.0"," ","S","28","     0.0"," ","S","28","     0.0"," ","S","28","     0.0"," ","S","28","     0.0"," ","S","28","     1.0"," ","S","28","     0.2"," ","S","28","     0.0","X","S","28","     0.0"," ","S","28","     0.0"," ","S","28","     0.0"," ","S","28","     0.0"," ","S","28","     0.0"," ","S","28","     1.5"," ","S","28","     1.1"," ","S","28","    21.0"," ","S","30","    12.0"," ","S","30","     5.9"," ","S","30","     2.0"," ","S","30","     0.5"," ","S","30","     0.0"," ","S","30","     0.0"," ","S","30","     0.0"," ","S","30","    0.05"," ","S","30","    0.13"," ","S","30","    0.27"," ","S","30","    0.85"," ","S","27","    4.46"," ","S","27","    18.4"," ","S","30","    12.8"," ","S","30","     8.1"," ","S","30","     6.0"," ","S","30","     3.8"," ","S","30","     3.0"," ","S","30","     0.5"," ","S","30","     0.0"," ","S","30","     0.7"," ","S","30","     1.4"," ","S","30","     3.3"," ","S","30","     9.0"," ","P","22","    46.9"," ","P","22","    67.9"," ","S","30","    62.9"," ","S","30","    59.0"," ","S","30","    55.8"," ","S","30","    53.3"," ","S","30","    43.4"," ","S","30","    22.3"," ","S","30","     6.0"," ","S","30","    13.0"," ","S","30","    23.0"," ","S","30"
"USC00421008","03-19"," 37.6411","-112.1703","2404.9","BRYCE CANYON NP HQRS, UT US","03","19","99","    35.3"," ","S","28","    46.8"," ","S","28","    23.9"," ","S","28","    22.9"," ","S","28","     7.2"," ","S","28","     8.9"," ","S","28","     7.0"," ","S","28","     7.2"," ","S","28","    29.7"," ","S","28","     5.7"," ","S","28","     9.8"," ","S","28","    14.7"," ","S","28","    19.7"," ","S","28","    21.7"," ","S","28","    24.7"," ","S","28","     0.0"," ","S","28","     1.0"," ","S","28","     0.2"," ","S","28","     0.0","X","S","28","     0.0"," ","S","28","     0.0"," ","S","28","     0.0"," ","S","28","     0.0"," ","S","28","     0.0"," ","S","28","     0.0"," ","S","28","     1.0"," ","S","28","     0.2"," ","S","28","     0.0","X","S","28","     0.0"," ","S","28","     0.0"," ","S","28","     0.0"," ","S","28","     0.0"," ","S","28","     0.0"," ","S","28","     1.6"," ","S","28","     1.1"," ","S","28","    20.8"," ","S","30","    11.8"," ","S","30","     5.8"," ","S","30","     1.9"," ","S","30","     0.4"," ","S","30","     0.0"," ","S","30","     0.0"," ","S","30","     0.0"," ","S","30","    0.05"," ","S","30","    0.13"," ","S","30","    0.27"," ","S","30","    0.89"," ","S","27","    4.50"," ","S","27","    18.1"," ","S","30","    12.5"," ","S","30","     7.9"," ","S","30","     5.8"," ","S","30","     3.7"," ","S","30","     2.8"," ","S","30","     0.4"," ","S","30","     0.0"," ","S","30","     0.7"," ","S","30","     1.3"," ","S","30","     3.3"," ","S","30","     9.4"," ","P","22","    47.3"," ","P","22","    66.5"," ","S","30","    61.4"," ","S","30","    57.5"," ","S","30","    54.3"," ","S","30","    51.8"," ","S","30","    41.9"," ","S","30","    21.5"," ","S","30","     5.0"," ","S","30","    13.0"," ","S","30","    23.0"," ","S","30"
"USC00421008","03-20"," 37.6411","-112.1703","2404.9","BRYCE CANYON NP HQRS, UT US","03","20","99","    35.5"," ","S","28","    47.1"," ","S","28","    24.0"," ","S","28","    23.0"," ","S","28","     7.2"," ","S","28","     9.0"," ","S","28","     7.0"," ","S","28","     7.2"," ","S","28","    29.5"," ","S","28","     5.5"," ","S","28","     9.6"," ","S","28","    14.5"," ","S","28","    19.5"," ","S","28","    21.5"," ","S","28","    24.5"," ","S","28","     0.0"," ","S","28","     1.1"," ","S","28","     0.2"," ","S","28","     0.0","X","S","28","     0.0"," ","S","28","     0.0"," ","S","28","     0.0"," ","S","28","     0.0"," ","S","28","     0.0"," ","S","28","     0.0"," ","S","28","     1.1"," ","S","28","     0.2"," ","S","28","     0.0","X","S","28","     0.0"," ","S","28","     0.0"," ","S","28","     0.0"," ","S","28","     0.0"," ","S","28","     0.0"," ","S","28","     1.7"," ","S","28","     1.2"," ","S","28","    20.6"," ","S","30","    11.7"," ","S","30","     5.7"," ","S","30","     1.8"," ","S","30","     0.4"," ","S","30","     0.0"," ","S","30","     0.0"," ","S","30","     0.0"," ","S","30","    0.05"," ","S","30","    0.12"," ","S","30","    0.27"," ","S","30","    0.92"," ","S","27","    4.53"," ","S","27","    17.9"," ","S","30","    12.3"," ","S","30","     7.7"," ","S","30","     5.7"," ","S","30","     3.6"," ","S","30","     2.7"," ","S","30","     0.4"," ","S","30","     0.0"," ","S","30","     0.6"," ","S","30","     1.3"," ","S","30","     3.2"," ","S","30","     9.8"," ","P","22","    47.7"," ","P","22","    65.0"," ","S","30","    59.9"," ","S","30","    56.0"," ","S","30","    52.8"," ","S","30","    50.3"," ","S","30","    40.4"," ","S","30","    20.7"," ","S","30","     5.0"," ","S","30","    12.0"," ","S","30","    22.0"," ","S","30"
"USC00421008","03-21"," 37.6411","-112.1703","2404.9","BRYCE CANYON NP HQRS, UT US","03","21","99","    35.8"," ","S","28","    47.4"," ","S","28","    24.2"," ","S","28","    23.2"," ","S","28","     7.2"," ","S","28","     9.0"," ","S","28","     6.9"," ","S","28","     7.2"," ","S","28","    29.2"," ","S","28","     5.4"," ","S","28","     9.4"," ","S","28","    14.2"," ","S","28","    19.2"," ","S","28","    21.2"," ","S","28","    24.2"," ","S","28","     0.0"," ","S","28","     1.1"," ","S","28","     0.2"," ","S","28","     0.0","X","S","28","     0.0"," ","S","28","     0.0"," ","S","28","     0.0"," ","S","28","     0.0"," ","S","28","     0.0"," ","S","28","     0.0"," ","S","28","     1.1"," ","S","28","     0.2"," ","S","28","     0.0","X","S","28","     0.0"," ","S","28","     0.0"," ","S","28","     0.0"," ","S","28","     0.0"," ","S","28","     0.0"," ","S","28","     1.7"," ","S","28","     1.3"," ","S","28","    20.4"," ","S","30","    11.5"," ","S","30","     5.6"," ","S","30","     1.7"," ","S","30","     0.4"," ","S","30","     0.0"," ","S","30","     0.0"," ","S","30","     0.0"," ","S","30","    0.04"," ","S","30","    0.12"," ","S","30","    0.26"," ","S","30","    0.96"," ","S","27","    4.57"," ","S","27","    17.6"," ","S","30","    12.0"," ","S","30","     7.5"," ","S","30","     5.5"," ","S","30","     3.5"," ","S","30","     2.6"," ","S","30","     0.4"," ","S","30","     0.0"," ","S","30","     0.6"," ","S","30","     1.3"," ","S","30","     3.2"," ","S","30","    10.2"," ","P","22","    48.1"," ","P","22","    63.5"," ","S","30","    58.4"," ","S","30","    54.4"," ","S","30","    51.2"," ","S","30","    48.7"," ","S","30","    38.9"," ","S","30","    20.0"," ","S","30","     5.0"," ","S","30","    12.0"," ","S","30","    22.0"," ","S","30"
"USC00421008","03-22"," 37.6411","-112.1703","2404.9","BRYCE CANYON NP HQRS, UT US","03","22","99","    36.0"," ","S","28","    47.6"," ","S","28","    24.3"," ","S","28","    23.3"," ","S","28","     7.2"," ","S","28","     9.1"," ","S","28","     6.9"," ","S","28","     7.2"," ","S","28","    29.0"," ","S","28","     5.3"," ","S","28","     9.2"," ","S","28","    14.0"," ","S","28","    19.0"," ","S","28","    21.0"," ","S","28","    24.0"," ","S","28","     0.0"," ","S","28","     1.2"," ","S","28","     0.2"," ","S","28","     0.0","X","S","28","     0.0"," ","S","28","     0.0"," ","S","28","     0.0"," ","S","28","     0.0"," ","S","28","     0.0"," ","S","28","     0.0"," ","S","28","     1.2"," ","S","28","     0.2"," ","S","28","     0.0","X","S","28","     0.0"," ","S","28","     0.0"," ","S","28","     0.0"," ","S","28","     0.0"," ","S","28","     0.0"," ","S","28","     1.8"," ","S","28","     1.3"," ","S","28","    20.3"," ","S","30","    11.3"," ","S","30","     5.4"," ","S","30","     1.7"," ","S","30","     0.4"," ","S","30","     0.0"," ","S","30","     0.0"," ","S","30","     0.0"," ","S","30","    0.04"," ","S","30","    0.12"," ","S","30","    0.26"," ","S","30","    1.00"," ","S","27","    4.61"," ","S","27","    17.3"," ","S","30","    11.7"," ","S","30","     7.3"," ","S","30","     5.3"," ","S","30","     3.4"," ","S","30","     2.5"," ","S","30","     0.4"," ","S","30","     0.0"," ","S","30","     0.6"," ","S","30","     1.2"," ","S","30","     3.1"," ","S","30","    10.6"," ","P","22","    48.5"," ","P","22","    62.0"," ","S","30","    56.8"," ","S","30","    52.8"," ","S","30","    49.6"," ","S","30","    47.0"," ","S","30","    37.4"," ","S","30","    19.2"," ","S","30","     5.0"," ","S","30","    12.0"," ","S","30","    22.0"," ","S","30"
"USC00421008","03-23"," 37.6411","-112.1703","2404.9","BRYCE CANYON NP HQRS, UT US","03","23","99","    36.2"," ","S","28","    47.9"," ","S","28","    24.5"," ","S","28","    23.4"," ","S","28","     7.2"," ","S","28","     9.1"," ","S","28","     6.8"," ","S","28","     7.2"," ","S","28","    28.8"," ","S","28","     5.1"," ","S","28","     9.1"," ","S","28","    13.8"," ","S","28","    18.8"," ","S","28","    20.8"," ","S","28","    23.8"," ","S","28","     0.0"," ","S","28","     1.3"," ","S","28","     0.3"," ","S","28","     0.0","X","S","28","     0.0"," ","S","28","     0.0"," ","S","28","     0.0"," ","S","28","     0.0"," ","S","28","     0.0"," ","S","28","     0.0"," ","S","28","     1.3"," ","S","28","     0.3"," ","S","28","     0.0","X","S","28","     0.0"," ","S","28","     0.0"," ","S","28","     0.0"," ","S","28","     0.0"," ","S","28","     0.0"," ","S","28","     1.9"," ","S","28","     1.4"," ","S","28","    20.2"," ","S","30","    11.1"," ","S","30","     5.3"," ","S","30","     1.6"," ","S","30","     0.4"," ","S","30","     0.0"," ","S","30","     0.0"," ","S","30","     0.0"," ","S","30","    0.04"," ","S","30","    0.12"," ","S","30","    0.26"," ","S","30","    1.03"," ","S","27","    4.64"," ","S","27","    17.1"," ","S","30","    11.5"," ","S","30","     7.1"," ","S","30","     5.2"," ","S","30","     3.3"," ","S","30","     2.4"," ","S","30","     0.4"," ","S","30","     0.0"," ","S","30","     0.6"," ","S","30","     1.2"," ","S","30","     3.1"," ","S","30","    10.9"," ","P","22","    48.8"," ","P","22","    60.4"," ","S","30","    55.1"," ","S","30","    51.1"," ","S","30","    47.9"," ","S","30","    45.3"," ","S","30","    35.8"," ","S","30","    18.4"," ","S","30","     5.0"," ","S","30","    11.0"," ","S","30","    21.0"," ","S","30"
"USC00421008","03-24"," 37.6411","-112.1703","2404.9","BRYCE CANYON NP HQRS, UT US","03","24","99","    36.4"," ","S","28","    48.2"," ","S","28","    24.6"," ","S","28","    23.6"," ","S","28","     7.2"," ","S","28","     9.2"," ","S","28","     6.8"," ","S","28","     7.2"," ","S","28","    28.6"," ","S","28","     5.0"," ","S","28","     8.9"," ","S","28","    13.6"," ","S","28","    18.6"," ","S","28","    20.6"," ","S","28","    23.6"," ","S","28","     0.0"," ","S","28","     1.4"," ","S","28","     0.3"," ","S","28","     0.0","X","S","28","     0.0"," ","S","28","     0.0"," ","S","28","     0.0"," ","S","28","     0.0"," ","S","28","     0.0"," ","S","28","     0.0"," ","S","28","     1.4"," ","S","28","     0.3"," ","S","28","     0.0","X","S","28","     0.0"," ","S","28","     0.0"," ","S","28","     0.0"," ","S","28","     0.0"," ","S","28","     0.0"," ","S","28","     2.0"," ","S","28","     1.5"," ","S","28","    20.1"," ","S","30","    11.0"," ","S","30","     5.2"," ","S","30","     1.6"," ","S","30","     0.3"," ","S","30","     0.0"," ","S","30","     0.0"," ","S","30","     0.0"," ","S","30","    0.04"," ","S","30","    0.11"," ","S","30","    0.25"," ","S","30","    1.06"," ","S","27","    4.67"," ","S","27","    16.9"," ","S","30","    11.2"," ","S","30","     6.9"," ","S","30","     5.0"," ","S","30","     3.2"," ","S","30","     2.3"," ","S","30","     0.4"," ","S","30","     0.0"," ","S","30","     0.6"," ","S","30","     1.2"," ","S","30","     3.0"," ","S","30","    11.3"," ","P","22","    49.2"," ","P","22","    58.7"," ","S","30","    53.4"," ","S","30","    49.4"," ","S","30","    46.2"," ","S","30","    43.7"," ","S","30","    34.3"," ","S","30","    17.6"," ","S","30","     4.0"," ","S","30","    11.0"," ","S","30","    21.0"," ","S","30"
"USC00421008","03-25"," 37.6411","-112.1703","2404.9","BRYCE CANYON NP HQRS, UT US","03","25","99","    36.6"," ","S","28","    48.5"," ","S","28","    24.8"," ","S","28","    23.7"," ","S","28","     7.3"," ","S","28","     9.2"," ","S","28","     6.8"," ","S","28","     7.2"," ","S","28","    28.4"," ","S","28","     4.8"," ","S","28","     8.7"," ","S","28","    13.4"," ","S","28","    18.4"," ","S","28","    20.4"," ","S","28","    23.4"," ","S","28","     0.0"," ","S","28","     1.5"," ","S","28","     0.3"," ","S","28","     0.0","X","S","28","     0.0"," ","S","28","     0.0"," ","S","28","     0.0"," ","S","28","     0.0"," ","S","28","     0.0"," ","S","28","     0.0"," ","S","28","     1.5"," ","S","28","     0.3"," ","S","28","     0.0","X","S","28","     0.0"," ","S","28","     0.0"," ","S","28","     0.0"," ","S","28","     0.0"," ","S","28","     0.0"," ","S","28","     2.1"," ","S","28","     1.6"," ","S","28","    20.0"," ","S","30","    10.8"," ","S","30","     5.2"," ","S","30","     1.5"," ","S","30","     0.3"," ","S","30","     0.0"," ","S","30","     0.0"," ","S","30","     0.0"," ","S","30","    0.04"," ","S","30","    0.11"," ","S","30","    0.25"," ","S","30","    1.09"," ","S","27","    4.70"," ","S","27","    16.6"," ","S","30","    10.9"," ","S","30","     6.7"," ","S","30","     4.9"," ","S","30","     3.1"," ","S","30","     2.2"," ","S","30","     0.4"," ","S","30","     0.0"," ","S","30","     0.6"," ","S","30","     1.2"," ","S","30","     3.0"," ","S","30","    11.6"," ","P","22","    49.5"," ","P","22","    57.0"," ","S","30","    51.7"," ","S","30","    47.7"," ","S","30","    44.6"," ","S","30","    42.1"," ","S","30","    32.8"," ","S","30","    16.9"," ","S","30","     4.0"," ","S","30","    11.0"," ","S","30","    21.0"," ","S","30"
"USC00421008","03-26"," 37.6411","-112.1703","2404.9","BRYCE CANYON NP HQRS, UT US","03","26","99","    36.8"," ","S","28","    48.7"," ","S","28","    24.9"," ","S","28","    23.8"," ","S","28","     7.3"," ","S","28","     9.3"," ","S","28","     6.7"," ","S","28","     7.2"," ","S","28","    28.2"," ","S","28","     4.7"," ","S","28","     8.5"," ","S","28","    13.2"," ","S","28","    18.2"," ","S","28","    20.2"," ","S","28","    23.2"," ","S","28","     0.0"," ","S","28","     1.5"," ","S","28","     0.3"," ","S","28","     0.0","X","S","28","     0.0"," ","S","28","     0.0"," ","S","28","     0.0"," ","S","28","     0.0"," ","S","28","     0.0"," ","S","28","     0.0"," ","S","28","     1.5"," ","S","28","     0.3"," ","S","28","     0.0","X","S","28","     0.0"," ","S","28","     0.0"," ","S","28","     0.0"," ","S","28","     0.0"," ","S","28","     0.0"," ","S","28","     2.1"," ","S","28","     1.6"," ","S","28","    19.9"," ","S","30","    10.6"," ","S","30","     5.1"," ","S","30","     1.5"," ","S","30","     0.3"," ","S","30","     0.0"," ","S","30","     0.0"," ","S","30","     0.0"," ","S","30","    0.04"," ","S","30","    0.11"," ","S","30","    0.25"," ","S","30","    1.12"," ","S","27","    4.73"," ","S","27","    16.4"," ","S","30","    10.7"," ","S","30","     6.6"," ","S","30","     4.8"," ","S","30","     3.0"," ","S","30","     2.1"," ","S","30","     0.4"," ","S","30","     0.0"," ","S","30","     0.6"," ","S","30","     1.1"," ","S","30","     3.0"," ","S","30","    11.9"," ","P","22","    49.8"," ","P","22","    55.2"," ","S","30","    50.0"," ","S","30","    46.0"," ","S","30","    43.0"," ","S","30","    40.4"," ","S","30","    31.2"," ","S","30","    16.1"," ","S","30","     4.0"," ","S","30","    10.0"," ","S","30","    20.0"," ","S","30"
"USC00421008","03-27"," 37.6411","-112.1703","2404.9","BRYCE CANYON NP HQRS, UT US","03","27","99","    37.0"," ","S","28","    49.0"," ","S","28","    25.1"," ","S","28","    23.9"," ","S","28","     7.3"," ","S","28","     9.3"," ","S","28","     6.7"," ","S","28","     7.2"," ","S","28","    28.0"," ","S","28","     4.5"," ","S","28","     8.3"," ","S","28","    13.0"," ","S","28","    18.0"," ","S","28","    20.0"," ","S","28","    23.0"," ","S","28","     0.0"," ","S","28","     1.6"," ","S","28","     0.4"," ","S","28","     0.0","X","S","28","     0.0"," ","S","28","     0.0"," ","S","28","     0.0"," ","S","28","     0.0"," ","S","28","     0.0"," ","S","28","     0.0"," ","S","28","     1.6"," ","S","28","     0.4"," ","S","28","     0.0","X","S","28","     0.0"," ","S","28","     0.0"," ","S","28","     0.0"," ","S","28","     0.0"," ","S","28","     0.0"," ","S","28","     2.2"," ","S","28","     1.7"," ","S","28","    19.8"," ","S","29","    10.5"," ","S","29","     5.0"," ","S","29","     1.5"," ","S","29","     0.3"," ","S","29","     0.0"," ","S","29","     0.0"," ","S","29","     0.0"," ","S","29","    0.04"," ","S","29","    0.11"," ","S","29","    0.24"," ","S","29","    1.15"," ","S","27","    4.76"," ","S","27","    16.2"," ","S","30","    10.5"," ","S","30","     6.4"," ","S","30","     4.7"," ","S","30","     3.0"," ","S","30","     2.1"," ","S","30","     0.4"," ","S","30","     0.0"," ","S","30","     0.5"," ","S","30","     1.1"," ","S","30","     3.0"," ","S","30","    12.1"," ","P","22","    50.0"," ","P","22","    53.4"," ","S","29","    48.2"," ","S","29","    44.3"," ","S","29","    41.3"," ","S","29","    38.8"," ","S","29","    29.7"," ","S","29","    15.3"," ","S","29","     4.0"," ","S","29","    10.0"," ","S","29","    20.0"," ","S","29"
"USC00421008","03-28"," 37.6411","-112.1703","2404.9","BRYCE CANYON NP HQRS, UT US","03","28","99","    37.2"," ","S","28","    49.2"," ","S","28","    25.2"," ","S","28","    24.0"," ","S","28","     7.3"," ","S","28","     9.3"," ","S","28","     6.7"," ","S","28","     7.2"," ","S","28","    27.8"," ","S","28","     4.4"," ","S","28","     8.1"," ","S","28","    12.8"," ","S","28","    17.8"," ","S","28","    19.8"," ","S","28","    22.8"," ","S","28","     0.0"," ","S","28","     1.6"," ","S","28","     0.4"," ","S","28","     0.0","X","S","28","     0.0"," ","S","28","     0.0"," ","S","28","     0.0"," ","S","28","     0.0"," ","S","28","     0.0"," ","S","28","     0.0"," ","S","28","     1.6"," ","S","28","     0.4"," ","S","28","     0.0","X","S","28","     0.0"," ","S","28","     0.0"," ","S","28","     0.0"," ","S","28","     0.0"," ","S","28","     0.0"," ","S","28","     2.2"," ","S","28","     1.7"," ","S","28","    19.7"," ","S","28","    10.3"," ","S","28","     4.9"," ","S","28","     1.4"," ","S","28","     0.3"," ","S","28","     0.0"," ","S","28","     0.0"," ","S","28","     0.0"," ","S","28","    0.04"," ","S","28","    0.11"," ","S","28","    0.24"," ","S","28","    1.18"," ","S","27","    4.79"," ","S","27","    15.9"," ","S","29","    10.2"," ","S","29","     6.2"," ","S","29","     4.5"," ","S","29","     2.9"," ","S","29","     2.0"," ","S","29","     0.3"," ","S","29","     0.0"," ","S","29","     0.5"," ","S","29","     1.1"," ","S","29","     2.9"," ","S","29","    12.4"," ","P","22","    50.3"," ","P","22","    51.6"," ","S","29","    46.5"," ","S","29","    42.6"," ","S","29","    39.7"," ","S","29","    37.2"," ","S","29","    28.2"," ","S","29","    14.5"," ","S","29","     4.0"," ","S","29","    10.0"," ","S","29","    20.0"," ","S","29"
"USC00421008","03-29"," 37.6411","-112.1703","2404.9","BRYCE CANYON NP HQRS, UT US","03","29","99","    37.4"," ","S","28","    49.5"," ","S","28","    25.4"," ","S","28","    24.1"," ","S","28","     7.3"," ","S","28","     9.4"," ","S","28","     6.7"," ","S","28","     7.2"," ","S","28","    27.6"," ","S","28","     4.3"," ","S","28","     8.0"," ","S","28","    12.6"," ","S","28","    17.6"," ","S","28","    19.6"," ","S","28","    22.6"," ","S","28","     0.0"," ","S","28","     1.7"," ","S","28","     0.4"," ","S","28","     0.0","X","S","28","     0.0"," ","S","28","     0.0"," ","S","28","     0.0"," ","S","28","     0.0"," ","S","28","     0.0"," ","S","28","     0.0"," ","S","28","     1.7"," ","S","28","     0.4"," ","S","28","     0.0","X","S","28","     0.0"," ","S","28","     0.0"," ","S","28","     0.0"," ","S","28","     0.0"," ","S","28","     0.0"," ","S","28","     2.3"," ","S","28","     1.8"," ","S","28","    19.7"," ","S","28","    10.2"," ","S","28","     4.9"," ","S","28","     1.4"," ","S","28","     0.3"," ","S","28","     0.0"," ","S","28","     0.0"," ","S","28","     0.0"," ","S","28","    0.04"," ","S","28","    0.10"," ","S","28","    0.24"," ","S","28","    1.21"," ","S","27","    4.82"," ","S","27","    15.7"," ","S","29","    10.0"," ","S","29","     6.1"," ","S","29","     4.4"," ","S","29","     2.8"," ","S","29","     1.9"," ","S","29","     0.3"," ","S","29","     0.0"," ","S","29","     0.5"," ","S","29","     1.1"," ","S","29","     2.9"," ","S","29","    12.7"," ","P","22","    50.6"," ","P","22","    49.8"," ","S","29","    44.7"," ","S","29","    40.9"," ","S","29","    38.1"," ","S","29","    35.5"," ","S","29","    26.7"," ","S","29","    13.8"," ","S","29","     4.0"," ","S","29","     9.0"," ","S","29","    19.0"," ","S","29"
"USC00421008","03-30"," 37.6411","-112.1703","2404.9","BRYCE CANYON NP HQRS, UT US","03","30","99","    37.6"," ","S","28","    49.7"," ","S","28","    25.6"," ","S","28","    24.2"," ","S","28","     7.3"," ","S","28","     9.4"," ","S","28","     6.7"," ","S","28","     7.2"," ","S","28","    27.4"," ","S","28","     4.1"," ","S","28","     7.8"," ","S","28","    12.4"," ","S","28","    17.4"," ","S","28","    19.4"," ","S","28","    22.4"," ","S","28","     0.0"," ","S","28","     1.8"," ","S","28","     0.4"," ","S","28","     0.0","X","S","28","     0.0","X","S","28","     0.0"," ","S","28","     0.0"," ","S","28","     0.0"," ","S","28","     0.0"," ","S","28","     0.0"," ","S","28","     1.8"," ","S","28","     0.4"," ","S","28","     0.0","X","S","28","     0.0","X","S","28","     0.0"," ","S","28","     0.0"," ","S","28","     0.0"," ","S","28","     0.0"," ","S","28","     2.3"," ","S","28","     1.8"," ","S","28","    19.6"," ","S","29","    10.1"," ","S","29","     4.8"," ","S","29","     1.4"," ","S","29","     0.3"," ","S","29","     0.0"," ","S","29","     0.0"," ","S","29","     0.0"," ","S","29","    0.04"," ","S","29","    0.10"," ","S","29","    0.24"," ","S","29","    1.24"," ","S","27","    4.85"," ","S","27","    15.5"," ","S","29","     9.8"," ","S","29","     5.9"," ","S","29","     4.3"," ","S","29","     2.7"," ","S","29","     1.8"," ","S","29","     0.3"," ","S","29","     0.0"," ","S","29","     0.5"," ","S","29","     1.1"," ","S","29","     2.8"," ","S","29","    12.9"," ","P","22","    50.8"," ","P","22","    48.0"," ","S","29","    43.0"," ","S","29","    39.2"," ","S","29","    36.4"," ","S","29","    33.9"," ","S","29","    25.2"," ","S","29","    13.0"," ","S","29","     4.0"," ","S","29","     9.0"," ","S","29","    19.0"," ","S","29"
"USC00421008","03-31"," 37.6411","-112.1703","2404.9","BRYCE CANYON NP HQRS, UT US","03","31","99","    37.8"," ","S","28","    50.0"," ","S","28","    25.7"," ","S","28","    24.3"," ","S","28","     7.3"," ","S","28","     9.4"," ","S","28","     6.7"," ","S","28","     7.2"," ","S","28","    27.2"," ","S","28","     4.0"," ","S","28","     7.6"," ","S","28","    12.2"," ","S","28","    17.2"," ","S","28","    19.2"," ","S","28","    22.2"," ","S","28","     0.0"," ","S","28","     1.9"," ","S","28","     0.5"," ","S","28","     0.0","X","S","28","     0.0","X","S","28","     0.0"," ","S","28","     0.0"," ","S","28","     0.0"," ","S","28","     0.0"," ","S","28","     0.0"," ","S","28","     1.9"," ","S","28","     0.5"," ","S","28","     0.0","X","S","28","     0.0","X","S","28","     0.0"," ","S","28","     0.0"," ","S","28","     0.0"," ","S","28","     0.0"," ","S","28","     2.4"," ","S","28","     1.9"," ","S","28","    19.6"," ","S","29","    10.0"," ","S","29","     4.7"," ","S","29","     1.4"," ","S","29","     0.3"," ","S","29","     0.0"," ","S","29","     0.0"," ","S","29","     0.0"," ","S","29","    0.04"," ","S","29","    0.10"," ","S","29","    0.23"," ","S","29","    1.27"," ","S","27","    4.88"," ","S","27","    15.3"," ","S","29","     9.6"," ","S","29","     5.8"," ","S","29","     4.2"," ","S","29","     2.7"," ","S","29","     1.8"," ","S","29","     0.4"," ","S","29","     0.0"," ","S","29","     0.5"," ","S","29","     1.0"," ","S","29","     2.8"," ","S","29","    13.2"," ","P","22","    51.1"," ","P","22","    46.2"," ","S","29","    41.2"," ","S","29","    37.5"," ","S","29","    34.8"," ","S","29","    32.3"," ","S","29","    23.8"," ","S","29","    12.3"," ","S","29","     4.0"," ","S","29","     9.0"," ","S","29","    19.0"," ","S","29"
"USC00421008","04-01"," 37.6411","-112.1703","2404.9","BRYCE CANYON NP HQRS, UT US","04","01","99","    38.0"," ","S","27","    50.2"," ","S","27","    25.9"," ","S","28","    24.4"," ","S","27","     7.3"," ","S","27","     9.4"," ","S","27","     6.6"," ","S","28","     7.2"," ","S","27","    27.0"," ","S","27","     3.9"," ","S","27","     7.5"," ","S","27","    12.0"," ","S","27","    17.0"," ","S","27","    19.0"," ","S","27","    22.0"," ","S","27","     0.0"," ","S","27","     1.9"," ","S","27","     0.5"," ","S","27","     0.1"," ","S","27","     0.0","X","S","27","     0.0"," ","S","27","     0.0"," ","S","27","     0.0"," ","S","27","     0.0"," ","S","27","     0.0"," ","S","27","     1.9"," ","S","27","     0.5"," ","S","27","     0.1"," ","S","27","     0.0","X","S","27","     0.0"," ","S","27","     0.0"," ","S","27","     0.0"," ","S","27","     0.0"," ","S","27","     2.5"," ","S","27","     1.9"," ","S","27","    19.6"," ","S","29","     9.9"," ","S","29","     4.6"," ","S","29","     1.3"," ","S","29","     0.3"," ","S","29","     0.0"," ","S","29","     0.0"," ","S","29","     0.0"," ","S","29","    0.04"," ","S","29","    0.10"," ","S","29","    0.23"," ","S","29","    0.03"," ","R","23","    4.91"," ","R","23","    15.1"," ","S","29","     9.4"," ","S","29","     5.6"," ","S","29","     4.0"," ","S","29","     2.6"," ","S","29","     1.7"," ","S","29","     0.4"," ","S","29","     0.0"," ","S","29","     0.5"," ","S","29","     1.0"," ","S","29","     2.7"," ","S","29","     0.3"," ","S","25","    51.4"," ","S","25","    44.3"," ","S","29","    39.4"," ","S","29","    35.7"," ","S","29","    33.1"," ","S","29","    30.6"," ","S","29","    22.3"," ","S","29","    11.6"," ","S","29","     3.0"," ","S","29","     9.0"," ","S","29","    18.0"," ","S","29"
"USC00421008","04-02"," 37.6411","-112.1703","2404.9","BRYCE CANYON NP HQRS, UT US","04","02","99","    38.2"," ","S","27","    50.5"," ","S","27","    26.0"," ","S","28","    24.4"," ","S","27","     7.3"," ","S","27","     9.4"," ","S","27","     6.6"," ","S","28","     7.2"," ","S","27","    26.8"," ","S","27","     3.8"," ","S","27","     7.3"," ","S","27","    11.8"," ","S","27","    16.8"," ","S","27","    18.8"," ","S","27","    21.8"," ","S","27","     0.0"," ","S","27","     2.1"," ","S","27","     0.6"," ","S","27","     0.1"," ","S","27","     0.0","X","S","27","     0.0","X","S","27","     0.0"," ","S","27","     0.0"," ","S","27","     0.0"," ","S","27","     0.0"," ","S","27","     2.1"," ","S","27","     0.6"," ","S","27","     0.1"," ","S","27","     0.0","X","S","27","     0.0","X","S","27","     0.0"," ","S","27","     0.0"," ","S","27","     0.0"," ","S","27","     2.6"," ","S","27","     2.0"," ","S","27","    19.5"," ","S","29","     9.8"," ","S","29","     4.5"," ","S","29","     1.3"," ","S","29","     0.3"," ","S","29","     0.0"," ","S","29","     0.0"," ","S","29","     0.0"," ","S","29","    0.04"," ","S","29","    0.10"," ","S","29","    0.23"," ","S","29","    0.06"," ","R","23","    4.94"," ","R","23","    14.8"," ","S","29","     9.2"," ","S","29","     5.5"," ","S","29","     3.9"," ","S","29","     2.6"," ","S","29","     1.6"," ","S","29","     0.4"," ","S","29","     0.0"," ","S","29","     0.5"," ","S","29","     1.0"," ","S","29","     2.7"," ","S","29","     0.6"," ","S","25","    51.7"," ","S","25","    42.5"," ","S","29","    37.6"," ","S","29","    34.0"," ","S","29","    31.5"," ","S","29","    29.0"," ","S","29","    21.0"," ","S","29","    10.9"," ","S","29","     3.0"," ","S","29","     8.0"," ","S","29","    18.0"," ","S","29"
"USC00421008","04-03"," 37.6411","-112.1703","2404.9","BRYCE CANYON NP HQRS, UT US","04","03","99","    38.4"," ","S","27","    50.7"," ","S","27","    26.2"," ","S","28","    24.5"," ","S","27","     7.3"," ","S","27","     9.4"," ","S","27","     6.6"," ","S","28","     7.2"," ","S","27","    26.6"," ","S","27","     3.8"," ","S","27","     7.2"," ","S","27","    11.6"," ","S","27","    16.6"," ","S","27","    18.6"," ","S","27","    21.6"," ","S","27","     0.0"," ","S","27","     2.2"," ","S","27","     0.6"," ","S","27","     0.1"," ","S","27","     0.0","X","S","27","     0.0","X","S","27","     0.0"," ","S","27","     0.0"," ","S","27","     0.0"," ","S","27","     0.0"," ","S","27","     2.2"," ","S","27","     0.6"," ","S","27","     0.1"," ","S","27","     0.0","X","S","27","     0.0","X","S","27","     0.0"," ","S","27","     0.0"," ","S","27","     0.0"," ","S","27","     2.7"," ","S","27","     2.1"," ","S","27","    19.5"," ","S","29","     9.7"," ","S","29","     4.4"," ","S","29","     1.3"," ","S","29","     0.3"," ","S","29","     0.0"," ","S","29","     0.0"," ","S","29","     0.0"," ","S","29","    0.04"," ","S","29","    0.10"," ","S","29","    0.23"," ","S","29","    0.09"," ","R","23","    4.97"," ","R","23","    14.5"," ","S","29","     9.0"," ","S","29","     5.3"," ","S","29","     3.8"," ","S","29","     2.5"," ","S","29","     1.6"," ","S","29","     0.4"," ","S","29","     0.0"," ","S","29","     0.5"," ","S","29","     1.0"," ","S","29","     2.7"," ","S","29","     0.9"," ","S","25","    52.0"," ","S","25","    40.7"," ","S","29","    35.9"," ","S","29","    32.4"," ","S","29","    29.9"," ","S","29","    27.4"," ","S","29","    19.7"," ","S","29","    10.3"," ","S","29","     3.0"," ","S","29","     8.0"," ","S","29","    17.0"," ","S","29"
"USC00421008","04-04"," 37.6411","-112.1703","2404.9","BRYCE CANYON NP HQRS, UT US","04","04","99","    38.6"," ","S","27","    50.9"," ","S","27","    26.4"," ","S","28","    24.5"," ","S","27","     7.3"," ","S","27","     9.4"," ","S","27","     6.6"," ","S","28","     7.2"," ","S","27","    26.4"," ","S","27","     3.7"," ","S","27","     7.1"," ","S","27","    11.5"," ","S","27","    16.4"," ","S","27","    18.4"," ","S","27","    21.4"," ","S","27","     0.0"," ","S","27","     2.4"," ","S","27","     0.7"," ","S","27","     0.1"," ","S","27","     0.0","X","S","27","     0.0","X","S","27","     0.0"," ","S","27","     0.0"," ","S","27","     0.0"," ","S","27","     0.0"," ","S","27","     2.4"," ","S","27","     0.7"," ","S","27","     0.1"," ","S","27","     0.0","X","S","27","     0.0","X","S","27","     0.0"," ","S","27","     0.0"," ","S","27","     0.0"," ","S","27","     2.8"," ","S","27","     2.2"," ","S","27","    19.4"," ","S","29","     9.5"," ","S","29","     4.3"," ","S","29","     1.2"," ","S","29","     0.2"," ","S","29","     0.0"," ","S","29","     0.0"," ","S","29","     0.0"," ","S","29","    0.04"," ","S","29","    0.09"," ","S","29","    0.22"," ","S","29","    0.12"," ","R","23","    5.00"," ","R","23","    14.3"," ","S","29","     8.8"," ","S","29","     5.2"," ","S","29","     3.7"," ","S","29","     2.4"," ","S","29","     1.5"," ","S","29","     0.4"," ","S","29","     0.0"," ","S","29","     0.5"," ","S","29","     1.0"," ","S","29","     2.6"," ","S","29","     1.2"," ","S","25","    52.3"," ","S","25","    38.9"," ","S","29","    34.2"," ","S","29","    30.7"," ","S","29","    28.4"," ","S","29","    25.9"," ","S","29","    18.4"," ","S","29","     9.6"," ","S","29","     3.0"," ","S","29","     8.0"," ","S","29","    17.0"," ","S","29"
"USC00421008","04-05"," 37.6411","-112.1703","2404.9","BRYCE CANYON NP HQRS, UT US","04","05","99","    38.8"," ","S","27","    51.1"," ","S","27","    26.6"," ","S","28","    24.6"," ","S","27","     7.3"," ","S","27","     9.4"," ","S","27","     6.6"," ","S","28","     7.2"," ","S","27","    26.2"," ","S","27","     3.6"," ","S","27","     6.9"," ","S","27","    11.3"," ","S","27","    16.2"," ","S","27","    18.2"," ","S","27","    21.2"," ","S","27","     0.0"," ","S","27","     2.5"," ","S","27","     0.8"," ","S","27","     0.1"," ","S","27","     0.0","X","S","27","     0.0","X","S","27","     0.0"," ","S","27","     0.0"," ","S","27","     0.0"," ","S","27","     0.0"," ","S","27","     2.5"," ","S","27","     0.8"," ","S","27","     0.1"," ","S","27","     0.0","X","S","27","     0.0","X","S","27","     0.0"," ","S","27","     0.0"," ","S","27","     0.0"," ","S","27","     2.9"," ","S","27","     2.3"," ","S","27","    19.4"," ","S","29","     9.4"," ","S","29","     4.2"," ","S","29","     1.2"," ","S","29","     0.2"," ","S","29","     0.0"," ","S","29","     0.0"," ","S","29","     0.0"," ","S","29","    0.04"," ","S","29","    0.09"," ","S","29","    0.22"," ","S","29","    0.15"," ","R","23","    5.03"," ","R","23","    14.0"," ","S","29","     8.6"," ","S","29","     5.0"," ","S","29","     3.6"," ","S","29","     2.4"," ","S","29","     1.4"," ","S","29","     0.4"," ","S","29","     0.0"," ","S","29","     0.5"," ","S","29","     1.0"," ","S","29","     2.6"," ","S","29","     1.5"," ","S","25","    52.6"," ","S","25","    37.1"," ","S","29","    32.5"," ","S","29","    29.1"," ","S","29","    26.8"," ","S","29","    24.5"," ","S","29","    17.2"," ","S","29","     9.0"," ","S","29","     3.0"," ","S","29","     7.0"," ","S","29","    17.0"," ","S","29"
"USC00421008","04-06"," 37.6411","-112.1703","2404.9","BRYCE CANYON NP HQRS, UT US","04","06","99","    39.0"," ","S","27","    51.4"," ","S","27","    26.7"," ","S","28","    24.6"," ","S","27","     7.2"," ","S","27","     9.4"," ","S","27","     6.6"," ","S","28","     7.2"," ","S","27","    26.0"," ","S","27","     3.6"," ","S","27","     6.8"," ","S","27","    11.1"," ","S","27","    16.0"," ","S","27","    18.0"," ","S","27","    21.0"," ","S","27","     0.0"," ","S","27","     2.6"," ","S","27","     0.8"," ","S","27","     0.1"," ","S","27","     0.0","X","S","27","     0.0","X","S","27","     0.0"," ","S","27","     0.0"," ","S","27","     0.0"," ","S","27","     0.0"," ","S","27","     2.6"," ","S","27","     0.8"," ","S","27","     0.1"," ","S","27","     0.0","X","S","27","     0.0","X","S","27","     0.0"," ","S","27","     0.0"," ","S","27","     0.0"," ","S","27","     3.0"," ","S","27","     2.4"," ","S","27","    19.4"," ","S","29","     9.3"," ","S","29","     4.1"," ","S","29","     1.2"," ","S","29","     0.2"," ","S","29","     0.0"," ","S","29","     0.0"," ","S","29","     0.0"," ","S","29","    0.04"," ","S","29","    0.09"," ","S","29","    0.21"," ","S","29","    0.18"," ","R","23","    5.06"," ","R","23","    13.7"," ","S","29","     8.3"," ","S","29","     4.9"," ","S","29","     3.4"," ","S","29","     2.3"," ","S","29","     1.4"," ","S","29","     0.3"," ","S","29","     0.0"," ","S","29","     0.5"," ","S","29","     1.0"," ","S","29","     2.6"," ","S","29","     1.8"," ","S","25","    52.9"," ","S","25","    35.4"," ","S","29","    30.9"," ","S","29","    27.6"," ","S","29","    25.4"," ","S","29","    23.1"," ","S","29","    16.0"," ","S","29","     8.4"," ","S","29","     3.0"," ","S","29","     7.0"," ","S","29","    16.0"," ","S","29"
"USC00421008","04-07"," 37.6411","-112.1703","2404.9","BRYCE CANYON NP HQRS, UT US","04","07","99","    39.2"," ","S","27","    51.6"," ","S","27","    26.9"," ","S","28","    24.6"," ","S","27","     7.2"," ","S","27","     9.4"," ","S","27","     6.6"," ","S","28","     7.2"," ","S","27","    25.8"," ","S","27","     3.5"," ","S","27","     6.6"," ","S","27","    10.9"," ","S","27","    15.8"," ","S","27","    17.8"," ","S","27","    20.8"," ","S","27","     0.0"," ","S","27","     2.7"," ","S","27","     0.8"," ","S","27","     0.1"," ","S","27","     0.0","X","S","27","     0.0","X","S","27","     0.0"," ","S","27","     0.0"," ","S","27","     0.0"," ","S","27","     0.0"," ","S","27","     2.7"," ","S","27","     0.8"," ","S","27","     0.1"," ","S","27","     0.0","X","S","27","     0.0","X","S","27","     0.0"," ","S","27","     0.0"," ","S","27","     0.0"," ","S","27","     3.1"," ","S","27","     2.4"," ","S","27","    19.4"," ","S","29","     9.2"," ","S","29","     4.0"," ","S","29","     1.1"," ","S","29","     0.2"," ","S","29","     0.0"," ","S","29","     0.0"," ","S","29","     0.0"," ","S","29","    0.04"," ","S","29","    0.09"," ","S","29","    0.21"," ","S","29","    0.21"," ","R","23","    5.09"," ","R","23","    13.5"," ","S","29","     8.1"," ","S","29","     4.7"," ","S","29","     3.3"," ","S","29","     2.2"," ","S","29","     1.3"," ","S","29","     0.3"," ","S","29","     0.0"," ","S","29","     0.5"," ","S","29","     1.0"," ","S","29","     2.6"," ","S","29","     2.0"," ","S","25","    53.1"," ","S","25","    33.7"," ","S","29","    29.3"," ","S","29","    26.1"," ","S","29","    23.9"," ","S","29","    21.7"," ","S","29","    14.9"," ","S","29","     7.8"," ","S","29","     3.0"," ","S","29","     7.0"," ","S","29","    16.0"," ","S","29"
"USC00421008","04-08"," 37.6411","-112.1703","2404.9","BRYCE CANYON NP HQRS, UT US","04","08","99","    39.5"," ","S","27","    51.8"," ","S","27","    27.1"," ","S","28","    24.7"," ","S","27","     7.2"," ","S","27","     9.4"," ","S","27","     6.6"," ","S","28","     7.2"," ","S","27","    25.5"," ","S","27","     3.3"," ","S","27","     6.4"," ","S","27","    10.7"," ","S","27","    15.6"," ","S","27","    17.6"," ","S","27","    20.5"," ","S","27","     0.0"," ","S","27","     2.8"," ","S","27","     0.9"," ","S","27","     0.1"," ","S","27","     0.0","X","S","27","     0.0","X","S","27","     0.0"," ","S","27","     0.0"," ","S","27","     0.0"," ","S","27","     0.0"," ","S","27","     2.8"," ","S","27","     0.9"," ","S","27","     0.1"," ","S","27","     0.0","X","S","27","     0.0","X","S","27","     0.0"," ","S","27","     0.0"," ","S","27","     0.0"," ","S","27","     3.1"," ","S","27","     2.5"," ","S","27","    19.4"," ","S","29","     9.1"," ","S","29","     3.9"," ","S","29","     1.1"," ","S","29","     0.2"," ","S","29","     0.0"," ","S","29","     0.0"," ","S","29","     0.0"," ","S","29","    0.04"," ","S","29","    0.09"," ","S","29","    0.21"," ","S","29","    0.24"," ","R","23","    5.12"," ","R","23","    13.3"," ","S","29","     7.9"," ","S","29","     4.6"," ","S","29","     3.2"," ","S","29","     2.2"," ","S","29","     1.2"," ","S","29","     0.3"," ","S","29","     0.0"," ","S","29","     0.5"," ","S","29","     1.0"," ","S","29","     2.6"," ","S","29","     2.3"," ","S","25","    53.4"," ","S","25","    32.0"," ","S","29","    27.8"," ","S","29","    24.6"," ","S","29","    22.6"," ","S","29","    20.3"," ","S","29","    13.8"," ","S","29","     7.2"," ","S","29","     3.0"," ","S","29","     7.0"," ","S","29","    15.0"," ","S","29"
"USC00421008","04-09"," 37.6411","-112.1703","2404.9","BRYCE CANYON NP HQRS, UT US","04","09","99","    39.7"," ","S","27","    52.0"," ","S","27","    27.3"," ","S","28","    24.7"," ","S","27","     7.2"," ","S","27","     9.4"," ","S","27","     6.5"," ","S","28","     7.2"," ","S","27","    25.3"," ","S","27","     3.2"," ","S","27","     6.2"," ","S","27","    10.5"," ","S","27","    15.4"," ","S","27","    17.3"," ","S","27","    20.3"," ","S","27","     0.0"," ","S","27","     2.9"," ","S","27","     0.9"," ","S","27","     0.1"," ","S","27","     0.0","X","S","27","     0.0","X","S","27","     0.0"," ","S","27","     0.0"," ","S","27","     0.0"," ","S","27","     0.0"," ","S","27","     2.9"," ","S","27","     0.9"," ","S","27","     0.1"," ","S","27","     0.0","X","S","27","     0.0","X","S","27","     0.0"," ","S","27","     0.0"," ","S","27","     0.0"," ","S","27","     3.2"," ","S","27","     2.6"," ","S","27","    19.4"," ","S","29","     9.0"," ","S","29","     3.8"," ","S","29","     1.0"," ","S","29","     0.2"," ","S","29","     0.0"," ","S","29","     0.0"," ","S","29","     0.0"," ","S","29","    0.04"," ","S","29","    0.08"," ","S","29","    0.20"," ","S","29","    0.27"," ","R","23","    5.15"," ","R","23","    13.0"," ","S","29","     7.7"," ","S","29","     4.5"," ","S","29","     3.1"," ","S","29","     2.1"," ","S","29","     1.2"," ","S","29","     0.3"," ","S","29","     0.0"," ","S","29","     0.5"," ","S","29","     1.0"," ","S","29","     2.5"," ","S","29","     2.5"," ","S","25","    53.6"," ","S","25","    30.4"," ","S","29","    26.2"," ","S","29","    23.2"," ","S","29","    21.2"," ","S","29","    19.0"," ","S","29","    12.7"," ","S","29","     6.7"," ","S","29","     3.0"," ","S","29","     6.0"," ","S","29","    15.0"," ","S","29"
"USC00421008","04-10"," 37.6411","-112.1703","2404.9","BRYCE CANYON NP HQRS, UT US","04","10","99","    39.9"," ","S","27","    52.2"," ","S","27","    27.5"," ","S","28","    24.7"," ","S","27","     7.2"," ","S","27","     9.4"," ","S","27","     6.5"," ","S","28","     7.3"," ","S","27","    25.1"," ","S","27","     3.1"," ","S","27","     6.0"," ","S","27","    10.3"," ","S","27","    15.1"," ","S","27","    17.1"," ","S","27","    20.1"," ","S","27","     0.0"," ","S","27","     2.9"," ","S","27","     0.9"," ","S","27","     0.1"," ","S","27","     0.0","X","S","27","     0.0","X","S","27","     0.0"," ","S","27","     0.0"," ","S","27","     0.0"," ","S","27","     0.0"," ","S","27","     2.9"," ","S","27","     0.9"," ","S","27","     0.1"," ","S","27","     0.0","X","S","27","     0.0","X","S","27","     0.0"," ","S","27","     0.0"," ","S","27","     0.0"," ","S","27","     3.3"," ","S","27","     2.6"," ","S","27","    19.4"," ","S","29","     8.9"," ","S","29","     3.7"," ","S","29","     1.0"," ","S","29","     0.2"," ","S","29","     0.0"," ","S","29","     0.0"," ","S","29","     0.0"," ","S","29","    0.03"," ","S","29","    0.08"," ","S","29","    0.20"," ","S","29","    0.30"," ","R","23","    5.18"," ","R","23","    12.7"," ","S","29","     7.5"," ","S","29","     4.3"," ","S","29","     3.0"," ","S","29","     2.0"," ","S","29","     1.2"," ","S","29","     0.3"," ","S","29","     0.0"," ","S","29","     0.5"," ","S","29","     1.0"," ","S","29","     2.5"," ","S","29","     2.8"," ","S","25","    53.9"," ","S","25","    28.8"," ","S","29","    24.8"," ","S","29","    21.7"," ","S","29","    19.9"," ","S","29","    17.7"," ","S","29","    11.7"," ","S","29","     6.2"," ","S","29","     3.0"," ","S","29","     6.0"," ","S","29","    14.0"," ","S","29"
"USC00421008","04-11"," 37.6411","-112.1703","2404.9","BRYCE CANYON NP HQRS, UT US","04","11","99","    40.1"," ","S","27","    52.4"," ","S","27","    27.7"," ","S","28","    24.7"," ","S","27","     7.2"," ","S","27","     9.4"," ","S","27","     6.5"," ","S","28","     7.3"," ","S","27","    24.9"," ","S","27","     3.0"," ","S","27","     5.9"," ","S","27","    10.1"," ","S","27","    14.9"," ","S","27","    16.9"," ","S","27","    19.9"," ","S","27","     0.0"," ","S","27","     3.1"," ","S","27","     1.0"," ","S","27","     0.2"," ","S","27","     0.0","X","S","27","     0.0","X","S","27","     0.0"," ","S","27","     0.0"," ","S","27","     0.0"," ","S","27","     0.0"," ","S","27","     3.1"," ","S","27","     1.0"," ","S","27","     0.2"," ","S","27","     0.0","X","S","27","     0.0","X","S","27","     0.0"," ","S","27","     0.0"," ","S","27","     0.0"," ","S","27","     3.3"," ","S","27","     2.7"," ","S","27","    19.3"," ","S","29","     8.8"," ","S","29","     3.7"," ","S","29","     1.0"," ","S","29","     0.2"," ","S","29","     0.0"," ","S","29","     0.0"," ","S","29","     0.0"," ","S","29","    0.03"," ","S","29","    0.08"," ","S","29","    0.20"," ","S","29","    0.32"," ","R","23","    5.20"," ","R","23","    12.5"," ","S","29","     7.3"," ","S","29","     4.2"," ","S","29","     2.9"," ","S","29","     2.0"," ","S","29","     1.1"," ","S","29","     0.3"," ","S","29","     0.0"," ","S","29","     0.5"," ","S","29","     1.0"," ","S","29","     2.5"," ","S","29","     3.0"," ","S","25","    54.1"," ","S","25","    27.2"," ","S","29","    23.3"," ","S","29","    20.4"," ","S","29","    18.6"," ","S","29","    16.5"," ","S","29","    10.8"," ","S","29","     5.6"," ","S","29","     3.0"," ","S","29","     6.0"," ","S","29","    14.0"," ","S","29"
"USC00421008","04-12"," 37.6411","-112.1703","2404.9","BRYCE CANYON NP HQRS, UT US","04","12","99","    40.3"," ","S","27","    52.6"," ","S","27","    27.9"," ","S","28","    24.7"," ","S","27","     7.2"," ","S","27","     9.4"," ","S","27","     6.5"," ","S","28","     7.3"," ","S","27","    24.7"," ","S","27","     2.9"," ","S","27","     5.8"," ","S","27","     9.9"," ","S","27","    14.7"," ","S","27","    16.7"," ","S","27","    19.7"," ","S","27","     0.0"," ","S","27","     3.2"," ","S","27","     1.1"," ","S","27","     0.2"," ","S","27","     0.0","X","S","27","     0.0","X","S","27","     0.0"," ","S","27","     0.0"," ","S","27","     0.0"," ","S","27","     0.0"," ","S","27","     3.2"," ","S","27","     1.1"," ","S","27","     0.2"," ","S","27","     0.0","X","S","27","     0.0","X","S","27","     0.0"," ","S","27","     0.0"," ","S","27","     0.0"," ","S","27","     3.4"," ","S","27","     2.7"," ","S","27","    19.3"," ","S","29","     8.7"," ","S","29","     3.6"," ","S","29","     1.0"," ","S","29","     0.2"," ","S","29","     0.0"," ","S","29","     0.0"," ","S","29","     0.0"," ","S","29","    0.03"," ","S","29","    0.08"," ","S","29","    0.20"," ","S","29","    0.35"," ","R","23","    5.23"," ","R","23","    12.2"," ","S","29","     7.1"," ","S","29","     4.1"," ","S","29","     2.8"," ","S","29","     1.9"," ","S","29","     1.1"," ","S","29","     0.3"," ","S","29","     0.0"," ","S","29","     0.5"," ","S","29","     1.0"," ","S","29","     2.5"," ","S","29","     3.2"," ","S","25","    54.3"," ","S","25","    25.7"," ","S","28","    21.9"," ","S","28","    19.0"," ","S","28","    17.3"," ","S","28","    15.3"," ","S","28","     9.9"," ","S","28","     5.2"," ","S","28","     2.0"," ","S","28","     6.0"," ","S","28","    14.0"," ","S","28"
"USC00421008","04-13"," 37.6411","-112.1703","2404.9","BRYCE CANYON NP HQRS, UT US","04","13","99","    40.5"," ","S","27","    52.9"," ","S","27","    28.2"," ","S","28","    24.7"," ","S","27","     7.2"," ","S","27","     9.4"," ","S","27","     6.5"," ","S","28","     7.3"," ","S","27","    24.5"," ","S","27","     2.8"," ","S","27","     5.6"," ","S","27","     9.7"," ","S","27","    14.5"," ","S","27","    16.5"," ","S","27","    19.5"," ","S","27","     0.0"," ","S","27","     3.3"," ","S","27","     1.1"," ","S","27","     0.2"," ","S","27","     0.0","X","S","27","     0.0","X","S","27","     0.0"," ","S","27","     0.0"," ","S","27","     0.0"," ","S","27","     0.0"," ","S","27","     3.3"," ","S","27","     1.1"," ","S","27","     0.2"," ","S","27","     0.0","X","S","27","     0.0","X","S","27","     0.0"," ","S","27","     0.0"," ","S","27","     0.0"," ","S","27","     3.5"," ","S","27","     2.8"," ","S","27","    19.3"," ","S","29","     8.7"," ","S","29","     3.5"," ","S","29","     1.0"," ","S","29","     0.2"," ","S","29","     0.0"," ","S","29","     0.0"," ","S","29","     0.0"," ","S","29","    0.03"," ","S","29","    0.08"," ","S","29","    0.19"," ","S","29","    0.38"," ","R","23","    5.26"," ","R","23","    11.9"," ","S","29","     6.9"," ","S","29","     3.9"," ","S","29","     2.7"," ","S","29","     1.9"," ","S","29","     1.0"," ","S","29","     0.3"," ","S","29","     0.0"," ","S","29","     0.5"," ","S","29","     1.0"," ","S","29","     2.5"," ","S","29","     3.4"," ","S","25","    54.5"," ","S","25","    24.2"," ","S","28","    20.5"," ","S","28","    17.7"," ","S","28","    16.1"," ","S","28","    14.2"," ","S","28","     9.0"," ","S","28","     4.7"," ","S","28","     2.0"," ","S","28","     6.0"," ","S","28","    14.0"," ","S","28"
"USC00421008","04-14"," 37.6411","-112.1703","2404.9","BRYCE CANYON NP HQRS, UT US","04","14","99","    40.7"," ","S","27","    53.1"," ","S","27","    28.4"," ","S","28","    24.7"," ","S","27","     7.2"," ","S","27","     9.5"," ","S","27","     6.5"," ","S","28","     7.3"," ","S","27","    24.3"," ","S","27","     2.7"," ","S","27","     5.5"," ","S","27","     9.5"," ","S","27","    14.3"," ","S","27","    16.3"," ","S","27","    19.3"," ","S","27","     0.0"," ","S","27","     3.4"," ","S","27","     1.2"," ","S","27","     0.2"," ","S","27","     0.0","X","S","27","     0.0","X","S","27","     0.0"," ","S","27","     0.0"," ","S","27","     0.0"," ","S","27","     0.0"," ","S","27","     3.4"," ","S","27","     1.2"," ","S","27","     0.2"," ","S","27","     0.0","X","S","27","     0.0","X","S","27","     0.0"," ","S","27","     0.0"," ","S","27","     0.0"," ","S","27","     3.5"," ","S","27","     2.9"," ","S","27","    19.3"," ","S","29","     8.6"," ","S","29","     3.4"," ","S","29","     0.9"," ","S","29","     0.1"," ","S","29","     0.0"," ","S","29","     0.0"," ","S","29","     0.0"," ","S","29","    0.03"," ","S","29","    0.08"," ","S","29","    0.19"," ","S","29","    0.40"," ","R","23","    5.28"," ","R","23","    11.6"," ","S","29","     6.7"," ","S","29","     3.8"," ","S","29","     2.6"," ","S","29","     1.8"," ","S","29","     1.0"," ","S","29","     0.2"," ","S","29","     0.0"," ","S","29","     0.5"," ","S","29","     1.0"," ","S","29","     2.4"," ","S","29","     3.7"," ","S","25","    54.8"," ","S","25","    22.8"," ","S","28","    19.1"," ","S","28","    16.5"," ","S","28","    14.9"," ","S","28","    13.1"," ","S","28","     8.2"," ","S","28","     4.3"," ","S","28","     2.0"," ","S","28","     6.0"," ","S","28","    13.0"," ","S","28"
"USC00421008","04-15"," 37.6411","-112.1703","2404.9","BRYCE CANYON NP HQRS, UT US","04","15","99","    40.9"," ","S","27","    53.3"," ","S","27","    28.6"," ","S","28","    24.7"," ","S","27","     7.2"," ","S","27","     9.5"," ","S","27","     6.5"," ","S","28","     7.3"," ","S","27","    24.0"," ","S","27","     2.6"," ","S","27","     5.3"," ","S","27","     9.3"," ","S","27","    14.1"," ","S","27","    16.1"," ","S","27","    19.0"," ","S","27","     0.0"," ","S","27","     3.6"," ","S","27","     1.3"," ","S","27","     0.2"," ","S","27","     0.0","X","S","27","     0.0","X","S","27","     0.0"," ","S","27","     0.0"," ","S","27","     0.0"," ","S","27","     0.0"," ","S","27","     3.6"," ","S","27","     1.3"," ","S","27","     0.2"," ","S","27","     0.0","X","S","27","     0.0","X","S","27","     0.0"," ","S","27","     0.0"," ","S","27","     0.0"," ","S","27","     3.6"," ","S","27","     3.0"," ","S","27","    19.2"," ","S","29","     8.5"," ","S","29","     3.4"," ","S","29","     0.9"," ","S","29","     0.1"," ","S","29","     0.0"," ","S","29","     0.0"," ","S","29","     0.0"," ","S","29","    0.03"," ","S","29","    0.08"," ","S","29","    0.19"," ","S","29","    0.43"," ","R","23","    5.31"," ","R","23","    11.3"," ","S","29","     6.5"," ","S","29","     3.7"," ","S","29","     2.5"," ","S","29","     1.7"," ","S","29","     1.0"," ","S","29","     0.2"," ","S","29","     0.0"," ","S","29","     0.5"," ","S","29","     1.0"," ","S","29","     2.4"," ","S","29","     3.9"," ","S","25","    55.0"," ","S","25","    21.4"," ","S","28","    17.8"," ","S","28","    15.3"," ","S","28","    13.8"," ","S","28","    12.0"," ","S","28","     7.5"," ","S","28","     3.9"," ","S","28","     2.0"," ","S","28","     6.0"," ","S","28","    13.0"," ","S","28"
"USC00421008","04-16"," 37.6411","-112.1703","2404.9","BRYCE CANYON NP HQRS, UT US","04","16","99","    41.2"," ","S","27","    53.5"," ","S","27","    28.8"," ","S","28","    24.7"," ","S","27","     7.2"," ","S","27","     9.5"," ","S","27","     6.5"," ","S","28","     7.4"," ","S","27","    23.8"," ","S","27","     2.5"," ","S","27","     5.2"," ","S","27","     9.1"," ","S","27","    13.8"," ","S","27","    15.8"," ","S","27","    18.8"," ","S","27","     0.0"," ","S","27","     3.7"," ","S","27","     1.3"," ","S","27","     0.3"," ","S","27","     0.0","X","S","27","     0.0","X","S","27","     0.0"," ","S","27","     0.0"," ","S","27","     0.0"," ","S","27","     0.0"," ","S","27","     3.7"," ","S","27","     1.3"," ","S","27","     0.3"," ","S","27","     0.0","X","S","27","     0.0","X","S","27","     0.0"," ","S","27","     0.0"," ","S","27","     0.0"," ","S","27","     3.7"," ","S","27","     3.1"," ","S","27","    19.2"," ","S","29","     8.4"," ","S","29","     3.3"," ","S","29","     0.9"," ","S","29","     0.1"," ","S","29","     0.0"," ","S","29","     0.0"," ","S","29","     0.0"," ","S","29","    0.03"," ","S","29","    0.08"," ","S","29","    0.19"," ","S","29","    0.45"," ","R","23","    5.33"," ","R","23","    11.0"," ","S","29","     6.3"," ","S","29","     3.5"," ","S","29","     2.4"," ","S","29","     1.7"," ","S","29","     0.9"," ","S","29","     0.2"," ","S","29","     0.0"," ","S","29","     0.5"," ","S","29","     1.0"," ","S","29","     2.4"," ","S","29","     4.1"," ","S","25","    55.2"," ","S","25","    20.0"," ","S","28","    16.6"," ","S","28","    14.2"," ","S","28","    12.7"," ","S","28","    11.1"," ","S","28","     6.8"," ","S","28","     3.5"," ","S","28","     2.0"," ","S","28","     6.0"," ","S","28","    13.0"," ","S","28"
"USC00421008","04-17"," 37.6411","-112.1703","2404.9","BRYCE CANYON NP HQRS, UT US","04","17","99","    41.4"," ","S","27","    53.7"," ","S","27","    29.1"," ","S","28","    24.7"," ","S","27","     7.2"," ","S","27","     9.5"," ","S","27","     6.5"," ","S","28","     7.4"," ","S","27","    23.6"," ","S","27","     2.4"," ","S","27","     5.0"," ","S","27","     8.9"," ","S","27","    13.6"," ","S","27","    15.6"," ","S","27","    18.6"," ","S","27","     0.0"," ","S","27","     3.8"," ","S","27","     1.4"," ","S","27","     0.3"," ","S","27","     0.0","X","S","27","     0.0","X","S","27","     0.0"," ","S","27","     0.0"," ","S","27","     0.0"," ","S","27","     0.0"," ","S","27","     3.8"," ","S","27","     1.4"," ","S","27","     0.3"," ","S","27","     0.0","X","S","27","     0.0","X","S","27","     0.0"," ","S","27","     0.0"," ","S","27","     0.0"," ","S","27","     3.8"," ","S","27","     3.1"," ","S","27","    19.2"," ","S","29","     8.4"," ","S","29","     3.2"," ","S","29","     0.9"," ","S","29","     0.1"," ","S","29","     0.0"," ","S","29","     0.0"," ","S","29","     0.0"," ","S","29","    0.03"," ","S","29","    0.07"," ","S","29","    0.19"," ","S","29","    0.48"," ","R","23","    5.36"," ","R","23","    10.7"," ","S","29","     6.1"," ","S","29","     3.4"," ","S","29","     2.2"," ","S","29","     1.6"," ","S","29","     0.9"," ","S","29","     0.2"," ","S","29","     0.0"," ","S","29","     0.5"," ","S","29","     1.0"," ","S","29","     2.3"," ","S","29","     4.3"," ","S","25","    55.4"," ","S","25","    18.7"," ","S","28","    15.4"," ","S","28","    13.1"," ","S","28","    11.8"," ","S","28","    10.2"," ","S","28","     6.1"," ","S","28","     3.2"," ","S","28","     2.0"," ","S","28","     5.0"," ","S","28","    13.0"," ","S","28"
"USC00421008","04-18"," 37.6411","-112.1703","2404.9","BRYCE CANYON NP HQRS, UT US","04","18","99","    41.6"," ","S","27","    54.0"," ","S","27","    29.3"," ","S","28","    24.6"," ","S","27","     7.2"," ","S","27","     9.5"," ","S","27","     6.5"," ","S","28","     7.4"," ","S","27","    23.4"," ","S","27","     2.3"," ","S","27","     4.8"," ","S","27","     8.6"," ","S","27","    13.4"," ","S","27","    15.4"," ","S","27","    18.4"," ","S","27","     0.0"," ","S","27","     3.9"," ","S","27","     1.4"," ","S","27","     0.3"," ","S","27","     0.0","X","S","27","     0.0","X","S","27","     0.0"," ","S","27","     0.0"," ","S","27","     0.0"," ","S","27","     0.0"," ","S","27","     3.9"," ","S","27","     1.4"," ","S","27","     0.3"," ","S","27","     0.0","X","S","27","     0.0","X","S","27","     0.0"," ","S","27","     0.0"," ","S","27","     0.0"," ","S","27","     3.9"," ","S","27","     3.2"," ","S","27","    19.1"," ","S","29","     8.3"," ","S","29","     3.2"," ","S","29","     1.0"," ","S","29","     0.1"," ","S","29","     0.0"," ","S","29","     0.0"," ","S","29","     0.0"," ","S","29","    0.03"," ","S","29","    0.07"," ","S","29","    0.19"," ","S","29","    0.50"," ","R","23","    5.38"," ","R","23","    10.4"," ","S","29","     5.9"," ","S","29","     3.2"," ","S","29","     2.1"," ","S","29","     1.5"," ","S","29","     0.8"," ","S","29","     0.2"," ","S","29","     0.0"," ","S","29","     0.5"," ","S","29","     1.0"," ","S","29","     2.3"," ","S","29","     4.4"," ","S","25","    55.5"," ","S","25","    17.4"," ","S","29","    14.3"," ","S","29","    12.0"," ","S","29","    10.8"," ","S","29","     9.3"," ","S","29","     5.5"," ","S","29","     2.9"," ","S","29","     2.0"," ","S","29","     5.0"," ","S","29","    13.0"," ","S","29"
"USC00421008","04-19"," 37.6411","-112.1703","2404.9","BRYCE CANYON NP HQRS, UT US","04","19","99","    41.9"," ","S","27","    54.2"," ","S","27","    29.6"," ","S","28","    24.6"," ","S","27","     7.2"," ","S","27","     9.5"," ","S","27","     6.5"," ","S","28","     7.4"," ","S","27","    23.1"," ","S","27","     2.2"," ","S","27","     4.6"," ","S","27","     8.4"," ","S","27","    13.1"," ","S","27","    15.1"," ","S","27","    18.1"," ","S","27","     0.0"," ","S","27","     4.0"," ","S","27","     1.5"," ","S","27","     0.3"," ","S","27","     0.0","X","S","27","     0.0","X","S","27","     0.0"," ","S","27","     0.0"," ","S","27","     0.0"," ","S","27","     0.0"," ","S","27","     4.0"," ","S","27","     1.5"," ","S","27","     0.3"," ","S","27","     0.0","X","S","27","     0.0","X","S","27","     0.0"," ","S","27","     0.0"," ","S","27","     0.0"," ","S","27","     3.9"," ","S","27","     3.2"," ","S","27","    19.1"," ","S","29","     8.2"," ","S","29","     3.2"," ","S","29","     1.0"," ","S","29","     0.1"," ","S","29","     0.0"," ","S","29","     0.0"," ","S","29","     0.0"," ","S","29","    0.03"," ","S","29","    0.07"," ","S","29","    0.19"," ","S","29","    0.52"," ","R","23","    5.40"," ","R","23","    10.1"," ","S","29","     5.7"," ","S","29","     3.1"," ","S","29","     2.0"," ","S","29","     1.5"," ","S","29","     0.8"," ","S","29","     0.2"," ","S","29","     0.0"," ","S","29"," -9999.0","Y"," "," 0"," -9999.0","Y"," "," 0"," -9999.0","Y"," "," 0","     4.6"," ","S","25","    55.7"," ","S","25","    16.2"," ","S","29","    13.2"," ","S","29","    11.1"," ","S","29","     9.9"," ","S","29","     8.5"," ","S","29","     4.9"," ","S","29","     2.6"," ","S","29","     2.0"," ","S","29","     5.0"," ","S","29","    12.0"," ","S","29"
"USC00421008","04-20"," 37.6411","-112.1703","2404.9","BRYCE CANYON NP HQRS, UT US","04","20","99","    42.1"," ","S","27","    54.4"," ","S","27","    29.8"," ","S","28","    24.6"," ","S","27","     7.2"," ","S","27","     9.5"," ","S","27","     6.4"," ","S","28","     7.5"," ","S","27","    22.9"," ","S","27","     2.0"," ","S","27","     4.4"," ","S","27","     8.2"," ","S","27","    12.9"," ","S","27","    14.9"," ","S","27","    17.9"," ","S","27","     0.0"," ","S","27","     4.2"," ","S","27","     1.5"," ","S","27","     0.3"," ","S","27","     0.0","X","S","27","     0.0","X","S","27","     0.0"," ","S","27","     0.0"," ","S","27","     0.0"," ","S","27","     0.0"," ","S","27","     4.2"," ","S","27","     1.5"," ","S","27","     0.3"," ","S","27","     0.0","X","S","27","     0.0","X","S","27","     0.0"," ","S","27","     0.0"," ","S","27","     0.0"," ","S","27","     4.0"," ","S","27","     3.3"," ","S","27","    19.0"," ","S","29","     8.2"," ","S","29","     3.1"," ","S","29","     1.0"," ","S","29","     0.1"," ","S","29","     0.0"," ","S","29","     0.0"," ","S","29","     0.0"," ","S","29","    0.03"," ","S","29","    0.07"," ","S","29","    0.19"," ","S","29","    0.54"," ","R","23","    5.42"," ","R","23","     9.8"," ","S","29","     5.5"," ","S","29","     3.0"," ","S","29","     1.9"," ","S","29","     1.4"," ","S","29","     0.7"," ","S","29","     0.2"," ","S","29","     0.0"," ","S","29"," -9999.0","Y"," "," 0"," -9999.0","Y"," "," 0"," -9999.0","Y"," "," 0","     4.7"," ","S","25","    55.8"," ","S","25","    15.1"," ","S","29","    12.2"," ","S","29","    10.1"," ","S","29","     9.1"," ","S","29","     7.8"," ","S","29","     4.4"," ","S","29","     2.3"," ","S","29","     2.0"," ","S","29","     5.0"," ","S","29","    12.0"," ","S","29"
"USC00421008","04-21"," 37.6411","-112.1703","2404.9","BRYCE CANYON NP HQRS, UT US","04","21","99","    42.4"," ","S","27","    54.7"," ","S","27","    30.1"," ","S","28","    24.6"," ","S","27","     7.2"," ","S","27","     9.5"," ","S","27","     6.4"," ","S","28","     7.5"," ","S","27","    22.6"," ","S","27","     1.9"," ","S","27","     4.2"," ","S","27","     7.9"," ","S","27","    12.6"," ","S","27","    14.6"," ","S","27","    17.6"," ","S","27","     0.0"," ","S","27","     4.3"," ","S","27","     1.6"," ","S","27","     0.3"," ","S","27","     0.0","X","S","27","     0.0","X","S","27","     0.0"," ","S","27","     0.0"," ","S","27","     0.0"," ","S","27","     0.0"," ","S","27","     4.3"," ","S","27","     1.6"," ","S","27","     0.3"," ","S","27","     0.0","X","S","27","     0.0","X","S","27","     0.0"," ","S","27","     0.0"," ","S","27","     0.0"," ","S","27","     4.1"," ","S","27","     3.4"," ","S","27","    19.0"," ","S","29","     8.2"," ","S","29","     3.1"," ","S","29","     1.0"," ","S","29","     0.1"," ","S","29","     0.0"," ","S","29","     0.0"," ","S","29","     0.0"," ","S","29","    0.03"," ","S","29","    0.07"," ","S","29","    0.19"," ","S","29","    0.56"," ","R","23","    5.44"," ","R","23","     9.5"," ","S","29","     5.4"," ","S","29","     2.8"," ","S","29","     1.8"," ","S","29","     1.3"," ","S","29","     0.7"," ","S","29","     0.2"," ","S","29","     0.0"," ","S","29"," -9999.0","Y"," "," 0"," -9999.0","Y"," "," 0"," -9999.0","Y"," "," 0","     4.9"," ","S","25","    56.0"," ","S","25","    14.0"," ","S","29","    11.2"," ","S","29","     9.3"," ","S","29","     8.3"," ","S","29","     7.1"," ","S","29","     3.9"," ","S","29","     2.1"," ","S","29","     2.0"," ","S","29","     5.0"," ","S","29","    12.0"," ","S","29"
"USC00421008","04-22"," 37.6411","-112.1703","2404.9","BRYCE CANYON NP HQRS, UT US","04","22","99","    42.6"," ","S","27","    54.9"," ","S","27","    30.3"," ","S","28","    24.6"," ","S","27","     7.2"," ","S","27","     9.5"," ","S","27","     6.4"," ","S","28","     7.5"," ","S","27","    22.4"," ","S","27","     1.9"," ","S","27","     4.1"," ","S","27","     7.7"," ","S","27","    12.4"," ","S","27","    14.4"," ","S","27","    17.4"," ","S","27","     0.0"," ","S","27","     4.5"," ","S","27","     1.7"," ","S","27","     0.4"," ","S","27","     0.0","X","S","27","     0.0","X","S","27","     0.0"," ","S","27","     0.0"," ","S","27","     0.0"," ","S","27","     0.0"," ","S","27","     4.5"," ","S","27","     1.7"," ","S","27","     0.4"," ","S","27","     0.0","X","S","27","     0.0","X","S","27","     0.0"," ","S","27","     0.0"," ","S","27","     0.0"," ","S","27","     4.2"," ","S","27","     3.5"," ","S","27","    18.9"," ","S","29","     8.1"," ","S","29","     3.1"," ","S","29","     1.0"," ","S","29","     0.1"," ","S","29","     0.0"," ","S","29","     0.0"," ","S","29","     0.0"," ","S","29","    0.03"," ","S","29","    0.07"," ","S","29","    0.19"," ","S","29","    0.59"," ","R","23","    5.47"," ","R","23","     9.2"," ","S","29","     5.2"," ","S","29","     2.7"," ","S","29","     1.7"," ","S","29","     1.3"," ","S","29","     0.7"," ","S","29","     0.1"," ","S","29","     0.0"," ","S","29"," -9999.0","Y"," "," 0"," -9999.0","Y"," "," 0"," -9999.0","Y"," "," 0","     5.0"," ","S","25","    56.1"," ","S","25","    13.0"," ","S","29","    10.3"," ","S","29","     8.5"," ","S","29","     7.6"," ","S","29","     6.4"," ","S","29","     3.4"," ","S","29","     1.8"," ","S","29","     2.0"," ","S","29","     5.0"," ","S","29","    12.0"," ","S","29"
"USC00421008","04-23"," 37.6411","-112.1703","2404.9","BRYCE CANYON NP HQRS, UT US","04","23","99","    42.9"," ","S","27","    55.2"," ","S","27","    30.6"," ","S","28","    24.6"," ","S","27","     7.1"," ","S","27","     9.5"," ","S","27","     6.4"," ","S","28","     7.5"," ","S","27","    22.1"," ","S","27","     1.8"," ","S","27","     4.0"," ","S","27","     7.6"," ","S","27","    12.1"," ","S","27","    14.1"," ","S","27","    17.1"," ","S","27","     0.0"," ","S","27","     4.7"," ","S","27","     1.9"," ","S","27","     0.5"," ","S","27","     0.0","X","S","27","     0.0","X","S","27","     0.0"," ","S","27","     0.0"," ","S","27","     0.0"," ","S","27","     0.0"," ","S","27","     4.7"," ","S","27","     1.9"," ","S","27","     0.5"," ","S","27","     0.0","X","S","27","     0.0","X","S","27","     0.0"," ","S","27","     0.0"," ","S","27","     0.0"," ","S","27","     4.3"," ","S","27","     3.6"," ","S","27","    18.8"," ","S","29","     8.1"," ","S","29","     3.1"," ","S","29","     1.0"," ","S","29","     0.1"," ","S","29","     0.0"," ","S","29","     0.0"," ","S","29","     0.0"," ","S","29","    0.03"," ","S","29","    0.07"," ","S","29","    0.19"," ","S","29","    0.61"," ","R","23","    5.49"," ","R","23","     8.9"," ","S","29","     5.0"," ","S","29","     2.6"," ","S","29","     1.6"," ","S","29","     1.2"," ","S","29","     0.7"," ","S","29","     0.1"," ","S","29","     0.0"," ","S","29"," -9999.0","Y"," "," 0"," -9999.0","Y"," "," 0"," -9999.0","Y"," "," 0","     5.1"," ","S","25","    56.2"," ","S","25","    12.1"," ","S","29","     9.5"," ","S","29","     7.7"," ","S","29","     6.9"," ","S","29","     5.8"," ","S","29","     3.0"," ","S","29","     1.6"," ","S","29","     2.0"," ","S","29","     5.0"," ","S","29","    11.0"," ","S","29"
"USC00421008","04-24"," 37.6411","-112.1703","2404.9","BRYCE CANYON NP HQRS, UT US","04","24","99","    43.2"," ","S","27","    55.4"," ","S","27","    30.9"," ","S","28","    24.5"," ","S","27","     7.1"," ","S","27","     9.5"," ","S","27","     6.4"," ","S","28","     7.5"," ","S","27","    21.8"," ","S","27","     1.7"," ","S","27","     3.9"," ","S","27","     7.4"," ","S","27","    11.9"," ","S","27","    13.9"," ","S","27","    16.8"," ","S","27","     0.0"," ","S","27","     4.9"," ","S","27","     2.0"," ","S","27","     0.5"," ","S","27","     0.1"," ","S","27","     0.0","X","S","27","     0.0"," ","S","27","     0.0"," ","S","27","     0.0"," ","S","27","     0.0"," ","S","27","     4.9"," ","S","27","     2.0"," ","S","27","     0.5"," ","S","27","     0.1"," ","S","27","     0.0","X","S","27","     0.0"," ","S","27","     0.0"," ","S","27","     0.0"," ","S","27","     4.4"," ","S","27","     3.6"," ","S","27","    18.8"," ","S","29","     8.1"," ","S","29","     3.1"," ","S","29","     1.0"," ","S","29","     0.1"," ","S","29","     0.0"," ","S","29","     0.0"," ","S","29","     0.0"," ","S","29","    0.03"," ","S","29","    0.07"," ","S","29","    0.19"," ","S","29","    0.63"," ","R","23","    5.51"," ","R","23","     8.6"," ","S","29","     4.8"," ","S","29","     2.5"," ","S","29","     1.5"," ","S","29","     1.1"," ","S","29","     0.6"," ","S","29","     0.1"," ","S","29","     0.0"," ","S","29"," -9999.0","Y"," "," 0"," -9999.0","Y"," "," 0"," -9999.0","Y"," "," 0","     5.2"," ","S","25","    56.3"," ","S","25","    11.2"," ","S","29","     8.7"," ","S","29","     7.0"," ","S","29","     6.3"," ","S","29","     5.2"," ","S","29","     2.7"," ","S","29","     1.4"," ","S","29"," -9999.0","Y"," "," 0"," -9999.0","Y"," "," 0"," -9999.0","Y"," "," 0"
"USC00421008","04-25"," 37.6411","-112.1703","2404.9","BRYCE CANYON NP HQRS, UT US","04","25","99","    43.4"," ","S","27","    55.7"," ","S","27","    31.2"," ","S","28","    24.5"," ","S","27","     7.1"," ","S","27","     9.4"," ","S","27","     6.3"," ","S","28","     7.5"," ","S","27","    21.6"," ","S","27","     1.6"," ","S","27","     3.8"," ","S","27","     7.2"," ","S","27","    11.6"," ","S","27","    13.6"," ","S","27","    16.6"," ","S","27","     0.0"," ","S","27","     5.1"," ","S","27","     2.2"," ","S","27","     0.6"," ","S","27","     0.1"," ","S","27","     0.0","X","S","27","     0.0"," ","S","27","     0.0"," ","S","27","     0.0"," ","S","27","     0.0"," ","S","27","     5.1"," ","S","27","     2.2"," ","S","27","     0.6"," ","S","27","     0.1"," ","S","27","     0.0","X","S","27","     0.0"," ","S","27","     0.0"," ","S","27","     0.0"," ","S","27","     4.5"," ","S","27","     3.7"," ","S","27","    18.7"," ","S","29","     8.1"," ","S","29","     3.0"," ","S","29","     1.0"," ","S","29","     0.1"," ","S","29","     0.0"," ","S","29","     0.0"," ","S","29","     0.0"," ","S","29","    0.03"," ","S","29","    0.07"," ","S","29","    0.19"," ","S","29","    0.65"," ","R","23","    5.53"," ","R","23","     8.3"," ","S","29","     4.6"," ","S","29","     2.3"," ","S","29","     1.4"," ","S","29","     1.1"," ","S","29","     0.6"," ","S","29","     0.1"," ","S","29","     0.0"," ","S","29"," -9999.0","Y"," "," 0"," -9999.0","Y"," "," 0"," -9999.0","Y"," "," 0","     5.4"," ","S","25","    56.5"," ","S","25","    10.3"," ","S","29","     8.0"," ","S","29","     6.3"," ","S","29","     5.6"," ","S","29","     4.6"," ","S","29","     2.3"," ","S","29","     1.3"," ","S","29"," -9999.0","Y"," "," 0"," -9999.0","Y"," "," 0"," -9999.0","Y"," "," 0"
"USC00421008","04-26"," 37.6411","-112.1703","2404.9","BRYCE CANYON NP HQRS, UT US","04","26","99","    43.7"," ","S","27","    56.0"," ","S","27","    31.4"," ","S","28","    24.5"," ","S","27","     7.1"," ","S","27","     9.4"," ","S","27","     6.3"," ","S","28","     7.5"," ","S","27","    21.3"," ","S","27","     1.5"," ","S","27","     3.6"," ","S","27","     7.0"," ","S","27","    11.4"," ","S","27","    13.3"," ","S","27","    16.3"," ","S","27","     0.0"," ","S","27","     5.2"," ","S","27","     2.3"," ","S","27","     0.7"," ","S","27","     0.1"," ","S","27","     0.0","X","S","27","     0.0"," ","S","27","     0.0"," ","S","27","     0.0"," ","S","27","     0.0"," ","S","27","     5.2"," ","S","27","     2.3"," ","S","27","     0.7"," ","S","27","     0.1"," ","S","27","     0.0","X","S","27","     0.0"," ","S","27","     0.0"," ","S","27","     0.0"," ","S","27","     4.6"," ","S","27","     3.8"," ","S","27","    18.6"," ","S","29","     8.0"," ","S","29","     3.0"," ","S","29","     1.0"," ","S","29","     0.1"," ","S","29","     0.0"," ","S","29","     0.0"," ","S","29","     0.0"," ","S","29","    0.03"," ","S","29","    0.07"," ","S","29","    0.19"," ","S","29","    0.67"," ","R","23","    5.55"," ","R","23","     8.1"," ","S","29","     4.5"," ","S","29","     2.2"," ","S","29","     1.3"," ","S","29","     1.0"," ","S","29","     0.5"," ","S","29","     0.1"," ","S","29","     0.0"," ","S","29"," -9999.0","Y"," "," 0"," -9999.0","Y"," "," 0"," -9999.0","Y"," "," 0","     5.5"," ","S","25","    56.6"," ","S","25","     9.5"," ","S","29","     7.2"," ","S","29","     5.7"," ","S","29","     5.0"," ","S","29","     4.1"," ","S","29","     2.0"," ","S","29","     1.1"," ","S","29"," -9999.0","Y"," "," 0"," -9999.0","Y"," "," 0"," -9999.0","Y"," "," 0"
"USC00421008","04-27"," 37.6411","-112.1703","2404.9","BRYCE CANYON NP HQRS, UT US","04","27","99","    44.0"," ","S","27","    56.2"," ","S","27","    31.7"," ","S","28","    24.5"," ","S","27","     7.1"," ","S","27","     9.4"," ","S","27","     6.3"," ","S","28","     7.5"," ","S","27","    21.0"," ","S","27","     1.4"," ","S","27","     3.5"," ","S","27","     6.7"," ","S","27","    11.1"," ","S","27","    13.1"," ","S","27","    16.0"," ","S","27","     0.0"," ","S","27","     5.4"," ","S","27","     2.4"," ","S","27","     0.7"," ","S","27","     0.1"," ","S","27","     0.0","X","S","27","     0.0"," ","S","27","     0.0"," ","S","27","     0.0"," ","S","27","     0.0"," ","S","27","     5.4"," ","S","27","     2.4"," ","S","27","     0.7"," ","S","27","     0.1"," ","S","27","     0.0","X","S","27","     0.0"," ","S","27","     0.0"," ","S","27","     0.0"," ","S","27","     4.7"," ","S","27","     3.9"," ","S","27","    18.5"," ","S","29","     8.0"," ","S","29","     3.0"," ","S","29","     1.0"," ","S","29","     0.1"," ","S","29","     0.0"," ","S","29","     0.0"," ","S","29","     0.0"," ","S","29","    0.03"," ","S","29","    0.07"," ","S","29","    0.19"," ","S","29","    0.70"," ","R","23","    5.58"," ","R","23","     7.8"," ","S","29","     4.3"," ","S","29","     2.1"," ","S","29","     1.2"," ","S","29","     0.9"," ","S","29","     0.5"," ","S","29","     0.1"," ","S","29","     0.0"," ","S","29"," -9999.0","Y"," "," 0"," -9999.0","Y"," "," 0"," -9999.0","Y"," "," 0","     5.6"," ","S","25","    56.7"," ","S","25","     8.8"," ","S","29","     6.6"," ","S","29","     5.1"," ","S","29","     4.5"," ","S","29","     3.6"," ","S","29","     1.7"," ","S","29","     0.9"," ","S","29"," -9999.0","Y"," "," 0"," -9999.0","Y"," "," 0"," -9999.0","Y"," "," 0"
"USC00421008","04-28"," 37.6411","-112.1703","2404.9","BRYCE CANYON NP HQRS, UT US","04","28","99","    44.2"," ","S","27","    56.5"," ","S","27","    32.0"," ","S","28","    24.6"," ","S","27","     7.0"," ","S","27","     9.4"," ","S","27","     6.3"," ","S","28","     7.5"," ","S","27","    20.8"," ","S","27","     1.3"," ","S","27","     3.3"," ","S","27","     6.5"," ","S","27","    10.9"," ","S","27","    12.8"," ","S","27","    15.8"," ","S","27","     0.0"," ","S","27","     5.6"," ","S","27","     2.5"," ","S","27","     0.7"," ","S","27","     0.1"," ","S","27","     0.0","X","S","27","     0.0"," ","S","27","     0.0"," ","S","27","     0.0"," ","S","27","     0.0"," ","S","27","     5.6"," ","S","27","     2.5"," ","S","27","     0.7"," ","S","27","     0.1"," ","S","27","     0.0","X","S","27","     0.0"," ","S","27","     0.0"," ","S","27","     0.0"," ","S","27","     4.8"," ","S","27","     4.1"," ","S","27","    18.5"," ","S","29","     8.0"," ","S","29","     3.0"," ","S","29","     1.0"," ","S","29","     0.1"," ","S","29","     0.0"," ","S","29","     0.0"," ","S","29","     0.0"," ","S","29","    0.03"," ","S","29","    0.07"," ","S","29","    0.19"," ","S","29","    0.72"," ","R","23","    5.60"," ","R","23","     7.5"," ","S","29","     4.1"," ","S","29","     2.0"," ","S","29","     1.2"," ","S","29","     0.9"," ","S","29","     0.5"," ","S","29","     0.1"," ","S","29","     0.0"," ","S","29"," -9999.0","Y"," "," 0"," -9999.0","Y"," "," 0"," -9999.0","Y"," "," 0","     5.7"," ","S","25","    56.8"," ","S","25","     8.1"," ","S","29","     6.0"," ","S","29","     4.6"," ","S","29","     4.0"," ","S","29","     3.2"," ","S","29","     1.5"," ","S","29","     0.8"," ","S","29"," -9999.0","Y"," "," 0"," -9999.0","Y"," "," 0"," -9999.0","Y"," "," 0"
"USC00421008","04-29"," 37.6411","-112.1703","2404.9","BRYCE CANYON NP HQRS, UT US","04","29","99","    44.5"," ","S","27","    56.8"," ","S","27","    32.2"," ","S","28","    24.6"," ","S","27","     7.0"," ","S","27","     9.3"," ","S","27","     6.3"," ","S","28","     7.5"," ","S","27","    20.5"," ","S","27","     1.2"," ","S","27","     3.1"," ","S","27","     6.3"," ","S","27","    10.6"," ","S","27","    12.5"," ","S","27","    15.5"," ","S","27","     0.0"," ","S","27","     5.8"," ","S","27","     2.7"," ","S","27","     0.8"," ","S","27","     0.1"," ","S","27","     0.0","X","S","27","     0.0"," ","S","27","     0.0"," ","S","27","     0.0"," ","S","27","     0.0"," ","S","27","     5.8"," ","S","27","     2.7"," ","S","27","     0.8"," ","S","27","     0.1"," ","S","27","     0.0","X","S","27","     0.0"," ","S","27","     0.0"," ","S","27","     0.0"," ","S","27","     4.9"," ","S","27","     4.2"," ","S","27","    18.4"," ","S","29","     7.9"," ","S","29","     3.0"," ","S","29","     1.0"," ","S","29","     0.1"," ","S","29","     0.0"," ","S","29","     0.0"," ","S","29","     0.0"," ","S","29","    0.03"," ","S","29","    0.07"," ","S","29","    0.19"," ","S","29","    0.75"," ","R","23","    5.63"," ","R","23","     7.3"," ","S","29","     3.9"," ","S","29","     1.9"," ","S","29","     1.1"," ","S","29","     0.8"," ","S","29","     0.5"," ","S","29","     0.1"," ","S","29","     0.0"," ","S","29"," -9999.0","Y"," "," 0"," -9999.0","Y"," "," 0"," -9999.0","Y"," "," 0","     5.8"," ","S","25","    56.9"," ","S","25","     7.5"," ","S","29","     5.5"," ","S","29","     4.1"," ","S","29","     3.6"," ","S","29","     2.9"," ","S","29","     1.3"," ","S","29","     0.6"," ","S","29"," -9999.0","Y"," "," 0"," -9999.0","Y"," "," 0"," -9999.0","Y"," "," 0"
"USC00421008","04-30"," 37.6411","-112.1703","2404.9","BRYCE CANYON NP HQRS, UT US","04","30","99","    44.8"," ","S","27","    57.1"," ","S","27","    32.5"," ","S","28","    24.6"," ","S","27","     7.0"," ","S","27","     9.3"," ","S","27","     6.2"," ","S","28","     7.5"," ","S","27","    20.2"," ","S","27","     1.1"," ","S","27","     3.0"," ","S","27","     6.1"," ","S","27","    10.3"," ","S","27","    12.2"," ","S","27","    15.2"," ","S","27","     0.0"," ","S","27","     6.0"," ","S","27","     2.8"," ","S","27","     0.9"," ","S","27","     0.1"," ","S","27","     0.0","X","S","27","     0.0","X","S","27","     0.0"," ","S","27","     0.0"," ","S","27","     0.0"," ","S","27","     6.0"," ","S","27","     2.8"," ","S","27","     0.9"," ","S","27","     0.1"," ","S","27","     0.0","X","S","27","     0.0","X","S","27","     0.0"," ","S","27","     0.0"," ","S","27","     5.0"," ","S","27","     4.2"," ","S","27","    18.4"," ","S","29","     7.9"," ","S","29","     3.0"," ","S","29","     1.0"," ","S","29","     0.1"," ","S","29","     0.0"," ","S","29","     0.0"," ","S","29","     0.0"," ","S","29","    0.03"," ","S","29","    0.07"," ","S","29","    0.19"," ","S","29","    0.77"," ","R","23","    5.65"," ","R","23","     7.0"," ","S","29","     3.8"," ","S","29","     1.8"," ","S","29","     1.0"," ","S","29","     0.8"," ","S","29","     0.4"," ","S","29","     0.0"," ","S","29","     0.0"," ","S","29"," -9999.0","Y"," "," 0"," -9999.0","Y"," "," 0"," -9999.0","Y"," "," 0","     5.9"," ","S","25","    57.0"," ","S","25","     6.9"," ","S","29","     5.0"," ","S","29","     3.7"," ","S","29","     3.2"," ","S","29","     2.5"," ","S","29","     1.1"," ","S","29","     0.5"," ","S","29"," -9999.0","Y"," "," 0"," -9999.0","Y"," "," 0"," -9999.0","Y"," "," 0"
"USC00421008","05-01"," 37.6411","-112.1703","2404.9","BRYCE CANYON NP HQRS, UT US","05","01","99","    45.1"," ","S","26","    57.4"," ","S","27","    32.8"," ","S","26","    24.6"," ","S","26","     6.9"," ","S","26","     9.3"," ","S","27","     6.2"," ","S","26","     7.5"," ","S","26","    19.9"," ","S","26","     1.0"," ","S","26","     2.8"," ","S","26","     5.8"," ","S","26","    10.0"," ","S","26","    11.9"," ","S","26","    14.9"," ","S","26","     0.0"," ","S","26","     6.2"," ","S","26","     2.9"," ","S","26","     0.9"," ","S","26","     0.2"," ","S","26","     0.0","X","S","26","     0.0","X","S","26","     0.0"," ","S","26","     0.0"," ","S","26","     0.0"," ","S","26","     6.2"," ","S","26","     2.9"," ","S","26","     0.9"," ","S","26","     0.2"," ","S","26","     0.0","X","S","26","     0.0","X","S","26","     0.0"," ","S","26","     0.0"," ","S","26","     5.1"," ","S","26","     4.3"," ","S","26","    18.4"," ","S","29","     7.9"," ","S","29","     3.0"," ","S","29","     1.1"," ","S","29","     0.1"," ","S","29","     0.0"," ","S","29","     0.0"," ","S","29","     0.0"," ","S","29","    0.03"," ","S","29","    0.07"," ","S","29","    0.19"," ","S","29","    0.03"," ","S","26","    5.68"," ","S","26","     6.8"," ","S","29","     3.6"," ","S","29","     1.7"," ","S","29","     0.9"," ","S","29","     0.7"," ","S","29","     0.4"," ","S","29","     0.0"," ","S","29","     0.0"," ","S","29"," -9999.0","Y"," "," 0"," -9999.0","Y"," "," 0"," -9999.0","Y"," "," 0","     0.1"," ","S","27","    57.1"," ","S","27","     6.4"," ","S","29","     4.5"," ","S","29","     3.3"," ","S","29","     2.9"," ","S","29","     2.2"," ","S","29"," -9999.0","Z"," "," 0"," -9999.0","Z"," "," 0"," -9999.0","Y"," "," 0"," -9999.0","Y"," "," 0"," -9999.0","Y"," "," 0"
"USC00421008","05-02"," 37.6411","-112.1703","2404.9","BRYCE CANYON NP HQRS, UT US","05","02","99","    45.4"," ","S","26","    57.7"," ","S","27","    33.1"," ","S","26","    24.7"," ","S","26","     6.9"," ","S","26","     9.3"," ","S","27","     6.2"," ","S","26","     7.5"," ","S","26","    19.6"," ","S","26","     1.0"," ","S","26","     2.7"," ","S","26","     5.6"," ","S","26","     9.8"," ","S","26","    11.7"," ","S","26","    14.6"," ","S","26","     0.0"," ","S","26","     6.4"," ","S","26","     3.1"," ","S","26","     1.0"," ","S","26","     0.2"," ","S","26","     0.1"," ","S","26","     0.0","X","S","26","     0.0"," ","S","26","     0.0"," ","S","26","     0.0"," ","S","26","     6.4"," ","S","26","     3.1"," ","S","26","     1.0"," ","S","26","     0.2"," ","S","26","     0.1"," ","S","26","     0.0","X","S","26","     0.0"," ","S","26","     0.0"," ","S","26","     5.2"," ","S","26","     4.4"," ","S","26","    18.3"," ","S","29","     7.9"," ","S","29","     3.0"," ","S","29","     1.1"," ","S","29","     0.1"," ","S","29","     0.0"," ","S","29","     0.0"," ","S","29","     0.0"," ","S","29","    0.03"," ","S","29","    0.07"," ","S","29","    0.19"," ","S","29","    0.05"," ","S","26","    5.70"," ","S","26","     6.6"," ","S","29","     3.5"," ","S","29","     1.6"," ","S","29","     0.9"," ","S","29","     0.7"," ","S","29","     0.4"," ","S","29","     0.0"," ","S","29","     0.0"," ","S","29"," -9999.0","Y"," "," 0"," -9999.0","Y"," "," 0"," -9999.0","Y"," "," 0","     0.2"," ","S","27","    57.2"," ","S","27","     5.9"," ","S","29","     4.1"," ","S","29","     3.0"," ","S","29","     2.6"," ","S","29","     2.0"," ","S","29"," -9999.0","Z"," "," 0"," -9999.0","Z"," "," 0"," -9999.0","Y"," "," 0"," -9999.0","Y"," "," 0"," -9999.0","Y"," "," 0"
"USC00421008","05-03"," 37.6411","-112.1703","2404.9","BRYCE CANYON NP HQRS, UT US","05","03","99","    45.7"," ","S","26","    58.1"," ","S","27","    33.3"," ","S","26","    24.7"," ","S","26","     6.9"," ","S","26","     9.2"," ","S","27","     6.2"," ","S","26","     7.5"," ","S","26","    19.3"," ","S","26","     0.9"," ","S","26","     2.5"," ","S","26","     5.4"," ","S","26","     9.5"," ","S","26","    11.4"," ","S","26","    14.3"," ","S","26","     0.0"," ","S","26","     6.6"," ","S","26","     3.2"," ","S","26","     1.1"," ","S","26","     0.2"," ","S","26","     0.1"," ","S","26","     0.0","X","S","26","     0.0"," ","S","26","     0.0"," ","S","26","     0.0"," ","S","26","     6.6"," ","S","26","     3.2"," ","S","26","     1.1"," ","S","26","     0.2"," ","S","26","     0.1"," ","S","26","     0.0","X","S","26","     0.0"," ","S","26","     0.0"," ","S","26","     5.4"," ","S","26","     4.6"," ","S","26","    18.3"," ","S","29","     7.9"," ","S","29","     3.1"," ","S","29","     1.1"," ","S","29","     0.1"," ","S","29","     0.0"," ","S","29","     0.0"," ","S","29","     0.0"," ","S","29","    0.03"," ","S","29","    0.07"," ","S","29","    0.19"," ","S","29","    0.08"," ","S","26","    5.73"," ","S","26","     6.3"," ","S","29","     3.3"," ","S","29","     1.5"," ","S","29","     0.8"," ","S","29","     0.6"," ","S","29","     0.3"," ","S","29","     0.0"," ","S","29","     0.0"," ","S","29"," -9999.0","Y"," "," 0"," -9999.0","Y"," "," 0"," -9999.0","Y"," "," 0","     0.3"," ","S","27","    57.3"," ","S","27","     5.5"," ","S","29","     3.8"," ","S","29","     2.6"," ","S","29","     2.3"," ","S","29","     1.7"," ","S","29"," -9999.0","Z"," "," 0"," -9999.0","Z"," "," 0"," -9999.0","Y"," "," 0"," -9999.0","Y"," "," 0"," -9999.0","Y"," "," 0"
"USC00421008","05-04"," 37.6411","-112.1703","2404.9","BRYCE CANYON NP HQRS, UT US","05","04","99","    46.0"," ","S","26","    58.4"," ","S","27","    33.6"," ","S","26","    24.8"," ","S","26","     6.9"," ","S","26","     9.2"," ","S","27","     6.1"," ","S","26","     7.5"," ","S","26","    19.0"," ","S","26","     0.8"," ","S","26","     2.4"," ","S","26","     5.2"," ","S","26","     9.2"," ","S","26","    11.1"," ","S","26","    14.0"," ","S","26","     0.0"," ","S","26","     6.8"," ","S","26","     3.4"," ","S","26","     1.2"," ","S","26","     0.2"," ","S","26","     0.1"," ","S","26","     0.0","X","S","26","     0.0"," ","S","26","     0.0"," ","S","26","     0.0"," ","S","26","     6.8"," ","S","26","     3.4"," ","S","26","     1.2"," ","S","26","     0.2"," ","S","26","     0.1"," ","S","26","     0.0","X","S","26","     0.0"," ","S","26","     0.0"," ","S","26","     5.6"," ","S","26","     4.7"," ","S","26","    18.2"," ","S","29","     7.9"," ","S","29","     3.1"," ","S","29","     1.1"," ","S","29","     0.1"," ","S","29","     0.0"," ","S","29","     0.0"," ","S","29","     0.0"," ","S","29","    0.03"," ","S","29","    0.07"," ","S","29","    0.19"," ","S","29","    0.11"," ","S","26","    5.76"," ","S","26","     6.1"," ","S","29","     3.2"," ","S","29","     1.4"," ","S","29","     0.7"," ","S","29","     0.6"," ","S","29","     0.3"," ","S","29","     0.0"," ","S","29","     0.0"," ","S","29"," -9999.0","Y"," "," 0"," -9999.0","Y"," "," 0"," -9999.0","Y"," "," 0","     0.3"," ","S","27","    57.3"," ","S","27","     5.1"," ","S","29","     3.4"," ","S","29","     2.3"," ","S","29","     2.0"," ","S","29","     1.5"," ","S","29"," -9999.0","Z"," "," 0"," -9999.0","Z"," "," 0"," -9999.0","Y"," "," 0"," -9999.0","Y"," "," 0"," -9999.0","Y"," "," 0"
"USC00421008","05-05"," 37.6411","-112.1703","2404.9","BRYCE CANYON NP HQRS, UT US","05","05","99","    46.3"," ","S","26","    58.7"," ","S","27","    33.9"," ","S","26","    24.8"," ","S","26","     6.9"," ","S","26","     9.2"," ","S","27","     6.1"," ","S","26","     7.5"," ","S","26","    18.7"," ","S","26","     0.8"," ","S","26","     2.3"," ","S","26","     5.0"," ","S","26","     9.0"," ","S","26","    10.8"," ","S","26","    13.7"," ","S","26","     0.0"," ","S","26","     7.1"," ","S","26","     3.6"," ","S","26","     1.3"," ","S","26","     0.3"," ","S","26","     0.1"," ","S","26","     0.0","X","S","26","     0.0"," ","S","26","     0.0"," ","S","26","     0.0"," ","S","26","     7.1"," ","S","26","     3.6"," ","S","26","     1.3"," ","S","26","     0.3"," ","S","26","     0.1"," ","S","26","     0.0","X","S","26","     0.0"," ","S","26","     0.0"," ","S","26","     5.7"," ","S","26","     4.9"," ","S","26","    18.2"," ","S","30","     7.9"," ","S","30","     3.1"," ","S","30","     1.2"," ","S","30","     0.1"," ","S","30","     0.0"," ","S","30","     0.0"," ","S","30","     0.0"," ","S","30","    0.03"," ","S","30","    0.07"," ","S","30","    0.19"," ","S","30","    0.14"," ","S","26","    5.79"," ","S","26","     5.9"," ","S","29","     3.1"," ","S","29","     1.3"," ","S","29","     0.7"," ","S","29","     0.5"," ","S","29","     0.3"," ","S","29","     0.0"," ","S","29","     0.0"," ","S","29"," -9999.0","Y"," "," 0"," -9999.0","Y"," "," 0"," -9999.0","Y"," "," 0","     0.4"," ","S","27","    57.4"," ","S","27","     4.7"," ","S","29","     3.1"," ","S","29","     2.1"," ","S","29","     1.7"," ","S","29","     1.3"," ","S","29"," -9999.0","Z"," "," 0"," -9999.0","Z"," "," 0"," -9999.0","Y"," "," 0"," -9999.0","Y"," "," 0"," -9999.0","Y"," "," 0"
"USC00421008","05-06"," 37.6411","-112.1703","2404.9","BRYCE CANYON NP HQRS, UT US","05","06","99","    46.6"," ","S","26","    59.1"," ","S","27","    34.2"," ","S","26","    24.9"," ","S","26","     6.8"," ","S","26","     9.2"," ","S","27","     6.1"," ","S","26","     7.4"," ","S","26","    18.4"," ","S","26","     0.7"," ","S","26","     2.2"," ","S","26","     4.8"," ","S","26","     8.7"," ","S","26","    10.5"," ","S","26","    13.4"," ","S","26","     0.0"," ","S","26","     7.3"," ","S","26","     3.8"," ","S","26","     1.4"," ","S","26","     0.3"," ","S","26","     0.1"," ","S","26","     0.0","X","S","26","     0.0"," ","S","26","     0.0"," ","S","26","     0.0"," ","S","26","     7.3"," ","S","26","     3.8"," ","S","26","     1.4"," ","S","26","     0.3"," ","S","26","     0.1"," ","S","26","     0.0","X","S","26","     0.0"," ","S","26","     0.0"," ","S","26","     5.8"," ","S","26","     5.0"," ","S","26","    18.1"," ","S","30","     7.9"," ","S","30","     3.2"," ","S","30","     1.2"," ","S","30","     0.1"," ","S","30","     0.0"," ","S","30","     0.0"," ","S","30","     0.0"," ","S","30","    0.03"," ","S","30","    0.07"," ","S","30","    0.20"," ","S","30","    0.16"," ","S","26","    5.81"," ","S","26","     5.7"," ","S","30","     3.0"," ","S","30","     1.3"," ","S","30","     0.7"," ","S","30","     0.5"," ","S","30","     0.3"," ","S","30","     0.0"," ","S","30","     0.0"," ","S","30"," -9999.0","Y"," "," 0"," -9999.0","Y"," "," 0"," -9999.0","Y"," "," 0","     0.5"," ","S","27","    57.5"," ","S","27","     4.3"," ","S","30","     2.8"," ","S","30","     1.8"," ","S","30","     1.5"," ","S","30","     1.1"," ","S","30"," -9999.0","Z"," "," 0"," -9999.0","Z"," "," 0"," -9999.0","Y"," "," 0"," -9999.0","Y"," "," 0"," -9999.0","Y"," "," 0"
"USC00421008","05-07"," 37.6411","-112.1703","2404.9","BRYCE CANYON NP HQRS, UT US","05","07","99","    46.9"," ","S","26","    59.4"," ","S","27","    34.4"," ","S","26","    25.0"," ","S","26","     6.8"," ","S","26","     9.2"," ","S","27","     6.1"," ","S","26","     7.4"," ","S","26","    18.1"," ","S","26","     0.6"," ","S","26","     2.0"," ","S","26","     4.5"," ","S","26","     8.4"," ","S","26","    10.2"," ","S","26","    13.1"," ","S","26","     0.0"," ","S","26","     7.6"," ","S","26","     4.0"," ","S","26","     1.5"," ","S","26","     0.3"," ","S","26","     0.1"," ","S","26","     0.0","X","S","26","     0.0"," ","S","26","     0.0"," ","S","26","     0.0"," ","S","26","     7.6"," ","S","26","     4.0"," ","S","26","     1.5"," ","S","26","     0.3"," ","S","26","     0.1"," ","S","26","     0.0","X","S","26","     0.0"," ","S","26","     0.0"," ","S","26","     6.0"," ","S","26","     5.1"," ","S","26","    18.1"," ","S","30","     7.9"," ","S","30","     3.2"," ","S","30","     1.2"," ","S","30","     0.1"," ","S","30","     0.0"," ","S","30","     0.0"," ","S","30","     0.0"," ","S","30","    0.03"," ","S","30","    0.07"," ","S","30","    0.20"," ","S","30","    0.19"," ","S","26","    5.84"," ","S","26","     5.5"," ","S","30","     2.9"," ","S","30","     1.2"," ","S","30","     0.6"," ","S","30","     0.4"," ","S","30","     0.3"," ","S","30","     0.0"," ","S","30","     0.0"," ","S","30"," -9999.0","Y"," "," 0"," -9999.0","Y"," "," 0"," -9999.0","Y"," "," 0","     0.5"," ","S","27","    57.5"," ","S","27","     4.0"," ","S","30","     2.5"," ","S","30","     1.6"," ","S","30","     1.3"," ","S","30","     0.9"," ","S","30"," -9999.0","Z"," "," 0","     0.0"," ","S","30"," -9999.0","Y"," "," 0"," -9999.0","Y"," "," 0"," -9999.0","Y"," "," 0"
"USC00421008","05-08"," 37.6411","-112.1703","2404.9","BRYCE CANYON NP HQRS, UT US","05","08","99","    47.2"," ","S","26","    59.8"," ","S","27","    34.7"," ","S","26","    25.1"," ","S","26","     6.8"," ","S","26","     9.1"," ","S","27","     6.1"," ","S","26","     7.4"," ","S","26","    17.8"," ","S","26","     0.6"," ","S","26","     1.9"," ","S","26","     4.3"," ","S","26","     8.1"," ","S","26","     9.9"," ","S","26","    12.8"," ","S","26","     0.0"," ","S","26","     7.8"," ","S","26","     4.1"," ","S","26","     1.5"," ","S","26","     0.3"," ","S","26","     0.1"," ","S","26","     0.0","X","S","26","     0.0"," ","S","26","     0.0"," ","S","26","     0.0"," ","S","26","     7.8"," ","S","26","     4.1"," ","S","26","     1.5"," ","S","26","     0.3"," ","S","26","     0.1"," ","S","26","     0.0","X","S","26","     0.0"," ","S","26","     0.0"," ","S","26","     6.1"," ","S","26","     5.3"," ","S","26","    18.0"," ","S","30","     7.9"," ","S","30","     3.3"," ","S","30","     1.3"," ","S","30","     0.1"," ","S","30","     0.0"," ","S","30","     0.0"," ","S","30","     0.0"," ","S","30","    0.03"," ","S","30","    0.07"," ","S","30","    0.20"," ","S","30","    0.22"," ","S","26","    5.87"," ","S","26","     5.3"," ","S","30","     2.8"," ","S","30","     1.1"," ","S","30","     0.6"," ","S","30","     0.4"," ","S","30","     0.2"," ","S","30","     0.0"," ","S","30","     0.0"," ","S","30"," -9999.0","Y"," "," 0"," -9999.0","Y"," "," 0"," -9999.0","Y"," "," 0","     0.6"," ","S","27","    57.6"," ","S","27","     3.7"," ","S","30","     2.3"," ","S","30","     1.4"," ","S","30","     1.1"," ","S","30","     0.7"," ","S","30"," -9999.0","Z"," "," 0","     0.0"," ","S","30"," -9999.0","Y"," "," 0"," -9999.0","Y"," "," 0"," -9999.0","Y"," "," 0"
"USC00421008","05-09"," 37.6411","-112.1703","2404.9","BRYCE CANYON NP HQRS, UT US","05","09","99","    47.5"," ","S","26","    60.2"," ","S","27","    34.9"," ","S","26","    25.2"," ","S","26","     6.8"," ","S","26","     9.1"," ","S","27","     6.1"," ","S","26","     7.4"," ","S","26","    17.5"," ","S","26","     0.5"," ","S","26","     1.7"," ","S","26","     4.0"," ","S","26","     7.8"," ","S","26","     9.6"," ","S","26","    12.5"," ","S","26","     0.0"," ","S","26","     8.0"," ","S","26","     4.3"," ","S","26","     1.6"," ","S","26","     0.4"," ","S","26","     0.2"," ","S","26","     0.0","X","S","26","     0.0"," ","S","26","     0.0"," ","S","26","     0.0"," ","S","26","     8.0"," ","S","26","     4.3"," ","S","26","     1.6"," ","S","26","     0.4"," ","S","26","     0.2"," ","S","26","     0.0","X","S","26","     0.0"," ","S","26","     0.0"," ","S","26","     6.3"," ","S","26","     5.4"," ","S","26","    17.9"," ","S","30","     7.9"," ","S","30","     3.4"," ","S","30","     1.3"," ","S","30","     0.1"," ","S","30","     0.0"," ","S","30","     0.0"," ","S","30","     0.0"," ","S","30","    0.03"," ","S","30","    0.07"," ","S","30","    0.20"," ","S","30","    0.25"," ","S","26","    5.90"," ","S","26","     5.1"," ","S","30","     2.7"," ","S","30","     1.1"," ","S","30","     0.5"," ","S","30","     0.4"," ","S","30","     0.2"," ","S","30","     0.0"," ","S","30","     0.0"," ","S","30"," -9999.0","Y"," "," 0"," -9999.0","Y"," "," 0"," -9999.0","Y"," "," 0","     0.6"," ","S","27","    57.6"," ","S","27","     3.5"," ","S","30","     2.0"," ","S","30","     1.2"," ","S","30","     0.9"," ","S","30","     0.6"," ","S","30"," -9999.0","Z"," "," 0","     0.0"," ","S","30"," -9999.0","Y"," "," 0"," -9999.0","Y"," "," 0"," -9999.0","Y"," "," 0"
"USC00421008","05-10"," 37.6411","-112.1703","2404.9","BRYCE CANYON NP HQRS, UT US","05","10","99","    47.9"," ","S","26","    60.5"," ","S","27","    35.2"," ","S","26","    25.3"," ","S","26","     6.8"," ","S","26","     9.1"," ","S","27","     6.1"," ","S","26","     7.4"," ","S","26","    17.1"," ","S","26","     0.4"," ","S","26","     1.6"," ","S","26","     3.8"," ","S","26","     7.5"," ","S","26","     9.3"," ","S","26","    12.2"," ","S","26","     0.0"," ","S","26","     8.3"," ","S","26","     4.4"," ","S","26","     1.7"," ","S","26","     0.4"," ","S","26","     0.2"," ","S","26","     0.0","X","S","26","     0.0"," ","S","26","     0.0"," ","S","26","     0.0"," ","S","26","     8.3"," ","S","26","     4.4"," ","S","26","     1.7"," ","S","26","     0.4"," ","S","26","     0.2"," ","S","26","     0.0","X","S","26","     0.0"," ","S","26","     0.0"," ","S","26","     6.5"," ","S","26","     5.6"," ","S","26","    17.8"," ","S","30","     7.9"," ","S","30","     3.4"," ","S","30","     1.4"," ","S","30","     0.1"," ","S","30","     0.0"," ","S","30","     0.0"," ","S","30","     0.0"," ","S","30","    0.03"," ","S","30","    0.07"," ","S","30","    0.21"," ","S","30","    0.28"," ","S","26","    5.93"," ","S","26","     4.9"," ","S","30","     2.6"," ","S","30","     1.1"," ","S","30","     0.5"," ","S","30","     0.4"," ","S","30","     0.2"," ","S","30","     0.0"," ","S","30","     0.0"," ","S","30"," -9999.0","Y"," "," 0"," -9999.0","Y"," "," 0"," -9999.0","Y"," "," 0","     0.7"," ","S","27","    57.7"," ","S","27","     3.2"," ","S","30","     1.9"," ","S","30","     1.0"," ","S","30","     0.8"," ","S","30","     0.5"," ","S","30","     0.0"," ","S","30","     0.0"," ","S","30"," -9999.0","Y"," "," 0"," -9999.0","Y"," "," 0"," -9999.0","Y"," "," 0"
"USC00421008","05-11"," 37.6411","-112.1703","2404.9","BRYCE CANYON NP HQRS, UT US","05","11","99","    48.2"," ","S","26","    60.9"," ","S","27","    35.5"," ","S","26","    25.5"," ","S","26","     6.8"," ","S","26","     9.1"," ","S","27","     6.1"," ","S","26","     7.3"," ","S","26","    16.8"," ","S","26","     0.4"," ","S","26","     1.4"," ","S","26","     3.6"," ","S","26","     7.2"," ","S","26","     9.0"," ","S","26","    11.9"," ","S","26","     0.0"," ","S","26","     8.6"," ","S","26","     4.6"," ","S","26","     1.8"," ","S","26","     0.4"," ","S","26","     0.2"," ","S","26","     0.0","X","S","26","     0.0"," ","S","26","     0.0"," ","S","26","     0.0"," ","S","26","     8.6"," ","S","26","     4.6"," ","S","26","     1.8"," ","S","26","     0.4"," ","S","26","     0.2"," ","S","26","     0.0","X","S","26","     0.0"," ","S","26","     0.0"," ","S","26","     6.6"," ","S","26","     5.7"," ","S","26","    17.7"," ","S","30","     7.9"," ","S","30","     3.5"," ","S","30","     1.4"," ","S","30","     0.1"," ","S","30","     0.0"," ","S","30","     0.0"," ","S","30","     0.0"," ","S","30","    0.03"," ","S","30","    0.07"," ","S","30","    0.21"," ","S","30","    0.31"," ","S","26","    5.96"," ","S","26","     4.7"," ","S","30","     2.5"," ","S","30","     1.0"," ","S","30","     0.5"," ","S","30","     0.3"," ","S","30","     0.2"," ","S","30","     0.0"," ","S","30","     0.0"," ","S","30"," -9999.0","Y"," "," 0"," -9999.0","Y"," "," 0"," -9999.0","Y"," "," 0","     0.8"," ","S","27","    57.8"," ","S","27","     3.0"," ","S","30","     1.7"," ","S","30","     0.9"," ","S","30","     0.7"," ","S","30","     0.4"," ","S","30","     0.0"," ","S","30","     0.0"," ","S","30"," -9999.0","Y"," "," 0"," -9999.0","Y"," "," 0"," -9999.0","Y"," "," 0"
"USC00421008","05-12"," 37.6411","-112.1703","2404.9","BRYCE CANYON NP HQRS, UT US","05","12","99","    48.5"," ","S","26","    61.3"," ","S","27","    35.7"," ","S","26","    25.6"," ","S","26","     6.7"," ","S","26","     9.0"," ","S","27","     6.1"," ","S","26","     7.3"," ","S","26","    16.5"," ","S","26","     0.4"," ","S","26","     1.3"," ","S","26","     3.4"," ","S","26","     7.0"," ","S","26","     8.7"," ","S","26","    11.5"," ","S","26","     0.0"," ","S","26","     8.9"," ","S","26","     4.8"," ","S","26","     1.9"," ","S","26","     0.5"," ","S","26","     0.2"," ","S","26","     0.1"," ","S","26","     0.0"," ","S","26","     0.0"," ","S","26","     0.0"," ","S","26","     8.9"," ","S","26","     4.8"," ","S","26","     1.9"," ","S","26","     0.5"," ","S","26","     0.2"," ","S","26","     0.1"," ","S","26","     0.0"," ","S","26","     0.0"," ","S","26","     6.8"," ","S","26","     5.9"," ","S","26","    17.6"," ","S","30","     7.9"," ","S","30","     3.5"," ","S","30","     1.4"," ","S","30","     0.1"," ","S","30","     0.0"," ","S","30","     0.0"," ","S","30","     0.0"," ","S","30","    0.03"," ","S","30","    0.07"," ","S","30","    0.21"," ","S","30","    0.34"," ","S","26","    5.99"," ","S","26","     4.5"," ","S","30","     2.4"," ","S","30","     0.9"," ","S","30","     0.4"," ","S","30","     0.3"," ","S","30","     0.2"," ","S","30","     0.0"," ","S","30","     0.0"," ","S","30"," -9999.0","Y"," "," 0"," -9999.0","Y"," "," 0"," -9999.0","Y"," "," 0","     0.8"," ","S","27","    57.8"," ","S","27","     2.8"," ","S","30","     1.5"," ","S","30","     0.8"," ","S","30","     0.6"," ","S","30","     0.4"," ","S","30","     0.0"," ","S","30","     0.0"," ","S","30"," -9999.0","Y"," "," 0"," -9999.0","Y"," "," 0"," -9999.0","Y"," "," 0"
"USC00421008","05-13"," 37.6411","-112.1703","2404.9","BRYCE CANYON NP HQRS, UT US","05","13","99","    48.8"," ","S","26","    61.7"," ","S","27","    35.9"," ","S","26","    25.8"," ","S","26","     6.7"," ","S","26","     9.0"," ","S","27","     6.1"," ","S","26","     7.3"," ","S","26","    16.2"," ","S","26","     0.3"," ","S","26","     1.2"," ","S","26","     3.2"," ","S","26","     6.7"," ","S","26","     8.4"," ","S","26","    11.2"," ","S","26","     0.0","X","S","26","     9.2"," ","S","26","     5.1"," ","S","26","     2.1"," ","S","26","     0.5"," ","S","26","     0.2"," ","S","26","     0.1"," ","S","26","     0.0"," ","S","26","     0.0"," ","S","26","     0.0","X","S","26","     9.2"," ","S","26","     5.1"," ","S","26","     2.1"," ","S","26","     0.5"," ","S","26","     0.2"," ","S","26","     0.1"," ","S","26","     0.0"," ","S","26","     0.0"," ","S","26","     7.0"," ","S","26","     6.1"," ","S","26","    17.5"," ","S","30","     7.8"," ","S","30","     3.5"," ","S","30","     1.4"," ","S","30","     0.1"," ","S","30","     0.0"," ","S","30","     0.0"," ","S","30","     0.0"," ","S","30","    0.03"," ","S","30","    0.07"," ","S","30","    0.21"," ","S","30","    0.37"," ","S","26","    6.02"," ","S","26","     4.3"," ","S","30","     2.3"," ","S","30","     0.9"," ","S","30","     0.4"," ","S","30","     0.3"," ","S","30","     0.2"," ","S","30","     0.0"," ","S","30","     0.0"," ","S","30"," -9999.0","Y"," "," 0"," -9999.0","Y"," "," 0"," -9999.0","Y"," "," 0","     0.9"," ","S","27","    57.9"," ","S","27","     2.6"," ","S","30","     1.4"," ","S","30","     0.7"," ","S","30","     0.5"," ","S","30","     0.3"," ","S","30","     0.0"," ","S","30","     0.0"," ","S","30"," -9999.0","Y"," "," 0"," -9999.0","Y"," "," 0"," -9999.0","Y"," "," 0"
"USC00421008","05-14"," 37.6411","-112.1703","2404.9","BRYCE CANYON NP HQRS, UT US","05","14","99","    49.1"," ","S","26","    62.1"," ","S","27","    36.2"," ","S","26","    25.9"," ","S","26","     6.7"," ","S","26","     8.9"," ","S","27","     6.1"," ","S","26","     7.2"," ","S","26","    15.9"," ","S","26","     0.3"," ","S","26","     1.1"," ","S","26","     3.0"," ","S","26","     6.4"," ","S","26","     8.1"," ","S","26","    10.9"," ","S","26","     0.0","X","S","26","     9.4"," ","S","26","     5.3"," ","S","26","     2.2"," ","S","26","     0.6"," ","S","26","     0.3"," ","S","26","     0.1"," ","S","26","     0.0"," ","S","26","     0.0"," ","S","26","     0.0","X","S","26","     9.4"," ","S","26","     5.3"," ","S","26","     2.2"," ","S","26","     0.6"," ","S","26","     0.3"," ","S","26","     0.1"," ","S","26","     0.0"," ","S","26","     0.0"," ","S","26","     7.2"," ","S","26","     6.3"," ","S","26","    17.4"," ","S","30","     7.8"," ","S","30","     3.6"," ","S","30","     1.4"," ","S","30","     0.1"," ","S","30","     0.0"," ","S","30","     0.0"," ","S","30","     0.0"," ","S","30","    0.03"," ","S","30","    0.07"," ","S","30","    0.22"," ","S","30","    0.40"," ","S","26","    6.05"," ","S","26","     4.2"," ","S","30","     2.2"," ","S","30","     0.8"," ","S","30","     0.4"," ","S","30","     0.3"," ","S","30","     0.2"," ","S","30","     0.0"," ","S","30","     0.0"," ","S","30"," -9999.0","Y"," "," 0"," -9999.0","Y"," "," 0"," -9999.0","Y"," "," 0","     0.9"," ","S","27","    57.9"," ","S","27","     2.5"," ","S","30","     1.3"," ","S","30","     0.6"," ","S","30","     0.4"," ","S","30","     0.3"," ","S","30","     0.0"," ","S","30","     0.0"," ","S","30"," -9999.0","Y"," "," 0"," -9999.0","Y"," "," 0"," -9999.0","Y"," "," 0"
"USC00421008","05-15"," 37.6411","-112.1703","2404.9","BRYCE CANYON NP HQRS, UT US","05","15","99","    49.5"," ","S","26","    62.5"," ","S","27","    36.4"," ","S","26","    26.1"," ","S","26","     6.7"," ","S","26","     8.9"," ","S","27","     6.1"," ","S","26","     7.2"," ","S","26","    15.5"," ","S","26","     0.3"," ","S","26","     1.0"," ","S","26","     2.9"," ","S","26","     6.2"," ","S","26","     7.9"," ","S","26","    10.6"," ","S","26","     0.0","X","S","26","     9.7"," ","S","26","     5.5"," ","S","26","     2.3"," ","S","26","     0.6"," ","S","26","     0.3"," ","S","26","     0.1"," ","S","26","     0.0"," ","S","26","     0.0"," ","S","26","     0.0","X","S","26","     9.7"," ","S","26","     5.5"," ","S","26","     2.3"," ","S","26","     0.6"," ","S","26","     0.3"," ","S","26","     0.1"," ","S","26","     0.0"," ","S","26","     0.0"," ","S","26","     7.4"," ","S","26","     6.5"," ","S","26","    17.3"," ","S","30","     7.8"," ","S","30","     3.6"," ","S","30","     1.4"," ","S","30","     0.1"," ","S","30","     0.0"," ","S","30","     0.0"," ","S","30","     0.0"," ","S","30","    0.03"," ","S","30","    0.07"," ","S","30","    0.22"," ","S","30","    0.43"," ","S","26","    6.08"," ","S","26","     4.0"," ","S","30","     2.1"," ","S","30","     0.8"," ","S","30","     0.3"," ","S","30","     0.2"," ","S","30","     0.2"," ","S","30","     0.0"," ","S","30","     0.0"," ","S","30"," -9999.0","Y"," "," 0"," -9999.0","Y"," "," 0"," -9999.0","Y"," "," 0","     1.0"," ","S","27","    58.0"," ","S","27","     2.3"," ","S","30","     1.2"," ","S","30","     0.6"," ","S","30","     0.4"," ","S","30","     0.2"," ","S","30","     0.0"," ","S","30","     0.0"," ","S","30"," -9999.0","Y"," "," 0"," -9999.0","Y"," "," 0"," -9999.0","Y"," "," 0"
"USC00421008","05-16"," 37.6411","-112.1703","2404.9","BRYCE CANYON NP HQRS, UT US","05","16","99","    49.8"," ","S","26","    62.9"," ","S","27","    36.7"," ","S","26","    26.2"," ","S","26","     6.7"," ","S","26","     8.9"," ","S","27","     6.1"," ","S","26","     7.2"," ","S","26","    15.2"," ","S","26","     0.2"," ","S","26","     1.0"," ","S","26","     2.7"," ","S","26","     5.9"," ","S","26","     7.6"," ","S","26","    10.3"," ","S","26","     0.0","X","S","26","    10.0"," ","S","26","     5.8"," ","S","26","     2.5"," ","S","26","     0.7"," ","S","26","     0.4"," ","S","26","     0.1"," ","S","26","     0.0"," ","S","26","     0.0"," ","S","26","     0.0","X","S","26","    10.0"," ","S","26","     5.8"," ","S","26","     2.5"," ","S","26","     0.7"," ","S","26","     0.4"," ","S","26","     0.1"," ","S","26","     0.0"," ","S","26","     0.0"," ","S","26","     7.6"," ","S","26","     6.7"," ","S","26","    17.2"," ","S","30","     7.8"," ","S","30","     3.6"," ","S","30","     1.4"," ","S","30","     0.1"," ","S","30","     0.0"," ","S","30","     0.0"," ","S","30","     0.0"," ","S","30","    0.03"," ","S","30","    0.08"," ","S","30","    0.22"," ","S","30","    0.46"," ","S","26","    6.11"," ","S","26","     3.8"," ","S","30","     2.0"," ","S","30","     0.7"," ","S","30","     0.3"," ","S","30","     0.2"," ","S","30","     0.2"," ","S","30","     0.0"," ","S","30","     0.0"," ","S","30"," -9999.0","Y"," "," 0"," -9999.0","Y"," "," 0"," -9999.0","Y"," "," 0","     1.0"," ","S","27","    58.0"," ","S","27","     2.2"," ","S","30","     1.1"," ","S","30","     0.5"," ","S","30","     0.3"," ","S","30","     0.2"," ","S","30","     0.0"," ","S","30","     0.0"," ","S","30"," -9999.0","Y"," "," 0"," -9999.0","Y"," "," 0"," -9999.0","Y"," "," 0"
"USC00421008","05-17"," 37.6411","-112.1703","2404.9","BRYCE CANYON NP HQRS, UT US","05","17","99","    50.1"," ","S","26","    63.3"," ","S","27","    36.9"," ","S","26","    26.4"," ","S","26","     6.7"," ","S","26","     8.9"," ","S","27","     6.1"," ","S","26","     7.1"," ","S","26","    14.9"," ","S","26","     0.2"," ","S","26","     0.9"," ","S","26","     2.6"," ","S","26","     5.7"," ","S","26","     7.3"," ","S","26","    10.0"," ","S","26","     0.0","X","S","26","    10.3"," ","S","26","     6.0"," ","S","26","     2.7"," ","S","26","     0.8"," ","S","26","     0.4"," ","S","26","     0.2"," ","S","26","     0.0"," ","S","26","     0.0"," ","S","26","     0.0","X","S","26","    10.3"," ","S","26","     6.0"," ","S","26","     2.7"," ","S","26","     0.8"," ","S","26","     0.4"," ","S","26","     0.2"," ","S","26","     0.0"," ","S","26","     0.0"," ","S","26","     7.8"," ","S","26","     6.8"," ","S","26","    17.1"," ","S","30","     7.8"," ","S","30","     3.7"," ","S","30","     1.4"," ","S","30","     0.1"," ","S","30","     0.0"," ","S","30","     0.0"," ","S","30","     0.0"," ","S","30","    0.03"," ","S","30","    0.08"," ","S","30","    0.22"," ","S","30","    0.49"," ","S","26","    6.14"," ","S","26","     3.6"," ","S","30","     1.9"," ","S","30","     0.7"," ","S","30","     0.3"," ","S","30","     0.2"," ","S","30","     0.1"," ","S","30","     0.0"," ","S","30","     0.0"," ","S","30"," -9999.0","Y"," "," 0"," -9999.0","Y"," "," 0"," -9999.0","Y"," "," 0","     1.0"," ","S","27","    58.0"," ","S","27","     2.1"," ","S","30","     1.0"," ","S","30","     0.4"," ","S","30","     0.3"," ","S","30","     0.2"," ","S","30","     0.0"," ","S","30","     0.0"," ","S","30"," -9999.0","Y"," "," 0"," -9999.0","Y"," "," 0"," -9999.0","Y"," "," 0"
"USC00421008","05-18"," 37.6411","-112.1703","2404.9","BRYCE CANYON NP HQRS, UT US","05","18","99","    50.5"," ","S","26","    63.8"," ","S","27","    37.2"," ","S","26","    26.6"," ","S","26","     6.7"," ","S","26","     8.8"," ","S","27","     6.1"," ","S","26","     7.1"," ","S","26","    14.6"," ","S","26","     0.2"," ","S","26","     0.8"," ","S","26","     2.4"," ","S","26","     5.4"," ","S","26","     7.0"," ","S","26","     9.7"," ","S","26","     0.0","X","S","26","    10.7"," ","S","26","     6.3"," ","S","26","     2.9"," ","S","26","     0.9"," ","S","26","     0.5"," ","S","26","     0.2"," ","S","26","     0.0"," ","S","26","     0.0"," ","S","26","     0.0","X","S","26","    10.7"," ","S","26","     6.3"," ","S","26","     2.9"," ","S","26","     0.9"," ","S","26","     0.5"," ","S","26","     0.2"," ","S","26","     0.0"," ","S","26","     0.0"," ","S","26","     8.0"," ","S","26","     7.0"," ","S","26","    17.0"," ","S","30","     7.8"," ","S","30","     3.7"," ","S","30","     1.4"," ","S","30","     0.1"," ","S","30","     0.0"," ","S","30","     0.0"," ","S","30","     0.0"," ","S","30","    0.03"," ","S","30","    0.08"," ","S","30","    0.22"," ","S","30","    0.53"," ","S","26","    6.18"," ","S","26","     3.5"," ","S","30","     1.8"," ","S","30","     0.6"," ","S","30","     0.3"," ","S","30","     0.2"," ","S","30","     0.1"," ","S","30","     0.0"," ","S","30","     0.0"," ","S","30"," -9999.0","Y"," "," 0"," -9999.0","Y"," "," 0"," -9999.0","Y"," "," 0","     1.1"," ","S","27","    58.1"," ","S","27","     2.0"," ","S","30","     0.9"," ","S","30","     0.4"," ","S","30","     0.3"," ","S","30","     0.2"," ","S","30","     0.0"," ","S","30","     0.0"," ","S","30"," -9999.0","Y"," "," 0"," -9999.0","Y"," "," 0"," -9999.0","Y"," "," 0"
"USC00421008","05-19"," 37.6411","-112.1703","2404.9","BRYCE CANYON NP HQRS, UT US","05","19","99","    50.8"," ","S","26","    64.2"," ","S","27","    37.4"," ","S","26","    26.8"," ","S","26","     6.7"," ","S","26","     8.8"," ","S","27","     6.1"," ","S","26","     7.0"," ","S","26","    14.2"," ","S","26","     0.2"," ","S","26","     0.8"," ","S","26","     2.3"," ","S","26","     5.2"," ","S","26","     6.8"," ","S","26","     9.4"," ","S","26","     0.0","X","S","26","    11.0"," ","S","26","     6.5"," ","S","26","     3.0"," ","S","26","     1.0"," ","S","26","     0.6"," ","S","26","     0.2"," ","S","26","     0.0"," ","S","26","     0.0"," ","S","26","     0.0","X","S","26","    11.0"," ","S","26","     6.5"," ","S","26","     3.0"," ","S","26","     1.0"," ","S","26","     0.6"," ","S","26","     0.2"," ","S","26","     0.0"," ","S","26","     0.0"," ","S","26","     8.2"," ","S","26","     7.2"," ","S","26","    16.9"," ","S","30","     7.8"," ","S","30","     3.7"," ","S","30","     1.4"," ","S","30","     0.1"," ","S","30","     0.0"," ","S","30","     0.0"," ","S","30","     0.0"," ","S","30","    0.03"," ","S","30","    0.08"," ","S","30","    0.22"," ","S","30","    0.56"," ","S","26","    6.21"," ","S","26","     3.3"," ","S","30","     1.8"," ","S","30","     0.6"," ","S","30","     0.3"," ","S","30","     0.2"," ","S","30","     0.1"," ","S","30","     0.0"," ","S","30","     0.0"," ","S","30"," -9999.0","Y"," "," 0"," -9999.0","Y"," "," 0"," -9999.0","Y"," "," 0","     1.1"," ","S","27","    58.1"," ","S","27","     1.9"," ","S","30","     0.8"," ","S","30","     0.4"," ","S","30","     0.2"," ","S","30","     0.1"," ","S","30","     0.0"," ","S","30","     0.0"," ","S","30"," -9999.0","Y"," "," 0"," -9999.0","Y"," "," 0"," -9999.0","Y"," "," 0"
"USC00421008","05-20"," 37.6411","-112.1703","2404.9","BRYCE CANYON NP HQRS, UT US","05","20","99","    51.1"," ","S","26","    64.6"," ","S","27","    37.6"," ","S","26","    27.0"," ","S","26","     6.7"," ","S","26","     8.8"," ","S","27","     6.1"," ","S","26","     6.9"," ","S","26","    13.9"," ","S","26","     0.2"," ","S","26","     0.7"," ","S","26","     2.1"," ","S","26","     4.9"," ","S","26","     6.5"," ","S","26","     9.1"," ","S","26","     0.0","X","S","26","    11.3"," ","S","26","     6.8"," ","S","26","     3.2"," ","S","26","     1.1"," ","S","26","     0.6"," ","S","26","     0.2"," ","S","26","     0.0"," ","S","26","     0.0"," ","S","26","     0.0","X","S","26","    11.3"," ","S","26","     6.8"," ","S","26","     3.2"," ","S","26","     1.1"," ","S","26","     0.6"," ","S","26","     0.2"," ","S","26","     0.0"," ","S","26","     0.0"," ","S","26","     8.4"," ","S","26","     7.4"," ","S","26","    16.8"," ","S","30","     7.8"," ","S","30","     3.7"," ","S","30","     1.4"," ","S","30","     0.1"," ","S","30","     0.0"," ","S","30","     0.0"," ","S","30","     0.0"," ","S","30","    0.03"," ","S","30","    0.08"," ","S","30","    0.22"," ","S","30","    0.59"," ","S","26","    6.24"," ","S","26","     3.2"," ","S","30","     1.7"," ","S","30","     0.6"," ","S","30","     0.3"," ","S","30","     0.2"," ","S","30","     0.1"," ","S","30","     0.0"," ","S","30","     0.0"," ","S","30"," -9999.0","Y"," "," 0"," -9999.0","Y"," "," 0"," -9999.0","Y"," "," 0","     1.2"," ","S","27","    58.2"," ","S","27","     1.8"," ","S","30","     0.8"," ","S","30","     0.3"," ","S","30","     0.2"," ","S","30","     0.1"," ","S","30","     0.0"," ","S","30","     0.0"," ","S","30"," -9999.0","Y"," "," 0"," -9999.0","Y"," "," 0"," -9999.0","Y"," "," 0"
"USC00421008","05-21"," 37.6411","-112.1703","2404.9","BRYCE CANYON NP HQRS, UT US","05","21","99","    51.4"," ","S","26","    65.0"," ","S","27","    37.8"," ","S","26","    27.2"," ","S","26","     6.7"," ","S","26","     8.7"," ","S","27","     6.1"," ","S","26","     6.9"," ","S","26","    13.6"," ","S","26","     0.1"," ","S","26","     0.6"," ","S","26","     1.9"," ","S","26","     4.7"," ","S","26","     6.2"," ","S","26","     8.8"," ","S","26","     0.0","X","S","26","    11.6"," ","S","26","     7.1"," ","S","26","     3.4"," ","S","26","     1.2"," ","S","26","     0.7"," ","S","26","     0.3"," ","S","26","     0.0","X","S","26","     0.0","X","S","26","     0.0","X","S","26","    11.6"," ","S","26","     7.1"," ","S","26","     3.4"," ","S","26","     1.2"," ","S","26","     0.7"," ","S","26","     0.3"," ","S","26","     0.0","X","S","26","     0.0","X","S","26","     8.6"," ","S","26","     7.6"," ","S","26","    16.7"," ","S","30","     7.7"," ","S","30","     3.7"," ","S","30","     1.4"," ","S","30","     0.1"," ","S","30","     0.0"," ","S","30","     0.0"," ","S","30","     0.0"," ","S","30","    0.03"," ","S","30","    0.08"," ","S","30","    0.23"," ","S","30","    0.62"," ","S","26","    6.27"," ","S","26","     3.1"," ","S","30","     1.6"," ","S","30","     0.5"," ","S","30","     0.2"," ","S","30","     0.2"," ","S","30","     0.1"," ","S","30","     0.0"," ","S","30","     0.0"," ","S","30"," -9999.0","Y"," "," 0"," -9999.0","Y"," "," 0"," -9999.0","Y"," "," 0","     1.2"," ","S","27","    58.2"," ","S","27","     1.7"," ","S","30","     0.7"," ","S","30","     0.3"," ","S","30","     0.2"," ","S","30","     0.1"," ","S","30","     0.0"," ","S","30","     0.0"," ","S","30"," -9999.0","Y"," "," 0"," -9999.0","Y"," "," 0"," -9999.0","Y"," "," 0"
"USC00421008","05-22"," 37.6411","-112.1703","2404.9","BRYCE CANYON NP HQRS, UT US","05","22","99","    51.8"," ","S","26","    65.5"," ","S","27","    38.1"," ","S","26","    27.4"," ","S","26","     6.6"," ","S","26","     8.7"," ","S","27","     6.2"," ","S","26","     6.9"," ","S","26","    13.3"," ","S","26","     0.1"," ","S","26","     0.6"," ","S","26","     1.8"," ","S","26","     4.5"," ","S","26","     6.0"," ","S","26","     8.5"," ","S","26","     0.0","X","S","26","    11.9"," ","S","26","     7.3"," ","S","26","     3.6"," ","S","26","     1.3"," ","S","26","     0.8"," ","S","26","     0.3"," ","S","26","     0.0","X","S","26","     0.0","X","S","26","     0.0","X","S","26","    11.9"," ","S","26","     7.3"," ","S","26","     3.6"," ","S","26","     1.3"," ","S","26","     0.8"," ","S","26","     0.3"," ","S","26","     0.0","X","S","26","     0.0","X","S","26","     8.8"," ","S","26","     7.8"," ","S","26","    16.6"," ","S","30","     7.7"," ","S","30","     3.7"," ","S","30","     1.4"," ","S","30","     0.1"," ","S","30","     0.0"," ","S","30","     0.0"," ","S","30","     0.0"," ","S","30","    0.03"," ","S","30","    0.08"," ","S","30","    0.23"," ","S","30","    0.66"," ","S","26","    6.31"," ","S","26","     2.9"," ","S","30","     1.6"," ","S","30","     0.5"," ","S","30","     0.2"," ","S","30","     0.1"," ","S","30","     0.1"," ","S","30","     0.0"," ","S","30","     0.0"," ","S","30"," -9999.0","Y"," "," 0"," -9999.0","Y"," "," 0"," -9999.0","Y"," "," 0","     1.3"," ","S","27","    58.3"," ","S","27","     1.6"," ","S","30","     0.6"," ","S","30","     0.3"," ","S","30","     0.1"," ","S","30","     0.1"," ","S","30","     0.0"," ","S","30","     0.0"," ","S","30"," -9999.0","Y"," "," 0"," -9999.0","Y"," "," 0"," -9999.0","Y"," "," 0"
"USC00421008","05-23"," 37.6411","-112.1703","2404.9","BRYCE CANYON NP HQRS, UT US","05","23","99","    52.1"," ","S","26","    65.9"," ","S","27","    38.3"," ","S","26","    27.6"," ","S","26","     6.6"," ","S","26","     8.7"," ","S","27","     6.2"," ","S","26","     6.8"," ","S","26","    12.9"," ","S","26","     0.1"," ","S","26","     0.5"," ","S","26","     1.7"," ","S","26","     4.3"," ","S","26","     5.8"," ","S","26","     8.3"," ","S","26","     0.0","X","S","26","    12.2"," ","S","26","     7.6"," ","S","26","     3.8"," ","S","26","     1.4"," ","S","26","     0.9"," ","S","26","     0.4"," ","S","26","     0.0","X","S","26","     0.0","X","S","26","     0.0","X","S","26","    12.2"," ","S","26","     7.6"," ","S","26","     3.8"," ","S","26","     1.4"," ","S","26","     0.9"," ","S","26","     0.4"," ","S","26","     0.0","X","S","26","     0.0","X","S","26","     9.1"," ","S","26","     8.0"," ","S","26","    16.5"," ","S","30","     7.6"," ","S","30","     3.7"," ","S","30","     1.4"," ","S","30","     0.1"," ","S","30","     0.0"," ","S","30","     0.0"," ","S","30","     0.0"," ","S","30","    0.03"," ","S","30","    0.08"," ","S","30","    0.23"," ","S","30","    0.69"," ","S","26","    6.34"," ","S","26","     2.8"," ","S","30","     1.5"," ","S","30","     0.5"," ","S","30","     0.2"," ","S","30","     0.1"," ","S","30","     0.1"," ","S","30","     0.0"," ","S","30","     0.0"," ","S","30"," -9999.0","Y"," "," 0"," -9999.0","Y"," "," 0"," -9999.0","Y"," "," 0","     1.3"," ","S","27","    58.3"," ","S","27","     1.5"," ","S","30","     0.6"," ","S","30","     0.3"," ","S","30","     0.1"," ","S","30","     0.1"," ","S","30","     0.0"," ","S","30","     0.0"," ","S","30"," -9999.0","Y"," "," 0"," -9999.0","Y"," "," 0"," -9999.0","Y"," "," 0"
"USC00421008","05-24"," 37.6411","-112.1703","2404.9","BRYCE CANYON NP HQRS, UT US","05","24","99","    52.4"," ","S","26","    66.3"," ","S","27","    38.5"," ","S","26","    27.8"," ","S","26","     6.6"," ","S","26","     8.6"," ","S","27","     6.2"," ","S","26","     6.8"," ","S","26","    12.6"," ","S","26","     0.1"," ","S","26","     0.5"," ","S","26","     1.6"," ","S","26","     4.1"," ","S","26","     5.5"," ","S","26","     8.0"," ","S","26","     0.1"," ","S","26","    12.5"," ","S","26","     7.9"," ","S","26","     4.1"," ","S","26","     1.6"," ","S","26","     1.0"," ","S","26","     0.4"," ","S","26","     0.0","X","S","26","     0.0","X","S","26","     0.1"," ","S","26","    12.5"," ","S","26","     7.9"," ","S","26","     4.1"," ","S","26","     1.6"," ","S","26","     1.0"," ","S","26","     0.4"," ","S","26","     0.0","X","S","26","     0.0","X","S","26","     9.3"," ","S","26","     8.3"," ","S","26","    16.4"," ","S","30","     7.5"," ","S","30","     3.6"," ","S","30","     1.4"," ","S","30","     0.1"," ","S","30","     0.0"," ","S","30","     0.0"," ","S","30","     0.0"," ","S","30","    0.03"," ","S","30","    0.08"," ","S","30","    0.23"," ","S","30","    0.72"," ","S","26","    6.37"," ","S","26","     2.7"," ","S","30","     1.5"," ","S","30","     0.5"," ","S","30","     0.2"," ","S","30","     0.1"," ","S","30","     0.1"," ","S","30","     0.0"," ","S","30","     0.0"," ","S","30"," -9999.0","Y"," "," 0"," -9999.0","Y"," "," 0"," -9999.0","Y"," "," 0","     1.3"," ","S","27","    58.3"," ","S","27","     1.4"," ","S","30","     0.5"," ","S","30","     0.2"," ","S","30","     0.1"," ","S","30","     0.1"," ","S","30","     0.0"," ","S","30","     0.0"," ","S","30"," -9999.0","Y"," "," 0"," -9999.0","Y"," "," 0"," -9999.0","Y"," "," 0"
"USC00421008","05-25"," 37.6411","-112.1703","2404.9","BRYCE CANYON NP HQRS, UT US","05","25","99","    52.8"," ","S","26","    66.8"," ","S","27","    38.8"," ","S","26","    28.0"," ","S","26","     6.6"," ","S","26","     8.6"," ","S","27","     6.2"," ","S","26","     6.7"," ","S","26","    12.3"," ","S","26","     0.1"," ","S","26","     0.4"," ","S","26","     1.5"," ","S","26","     3.9"," ","S","26","     5.3"," ","S","26","     7.7"," ","S","26","     0.1"," ","S","26","    12.9"," ","S","26","     8.2"," ","S","26","     4.3"," ","S","26","     1.7"," ","S","26","     1.1"," ","S","26","     0.5"," ","S","26","     0.0","X","S","26","     0.0","X","S","26","     0.1"," ","S","26","    12.9"," ","S","26","     8.2"," ","S","26","     4.3"," ","S","26","     1.7"," ","S","26","     1.1"," ","S","26","     0.5"," ","S","26","     0.0","X","S","26","     0.0","X","S","26","     9.5"," ","S","26","     8.5"," ","S","26","    16.2"," ","S","30","     7.5"," ","S","30","     3.6"," ","S","30","     1.4"," ","S","30","     0.1"," ","S","30","     0.0"," ","S","30","     0.0"," ","S","30","     0.0"," ","S","30","    0.03"," ","S","30","    0.08"," ","S","30","    0.22"," ","S","30","    0.75"," ","S","26","    6.40"," ","S","26","     2.6"," ","S","30","     1.4"," ","S","30","     0.5"," ","S","30","     0.2"," ","S","30","     0.1"," ","S","30","     0.1"," ","S","30","     0.0"," ","S","30","     0.0"," ","S","30"," -9999.0","Y"," "," 0"," -9999.0","Y"," "," 0"," -9999.0","Y"," "," 0","     1.4"," ","S","27","    58.4"," ","S","27","     1.4"," ","S","30","     0.5"," ","S","30","     0.2"," ","S","30","     0.1"," ","S","30","     0.1"," ","S","30","     0.0"," ","S","30","     0.0"," ","S","30"," -9999.0","Y"," "," 0"," -9999.0","Y"," "," 0"," -9999.0","Y"," "," 0"
"USC00421008","05-26"," 37.6411","-112.1703","2404.9","BRYCE CANYON NP HQRS, UT US","05","26","99","    53.1"," ","S","26","    67.2"," ","S","27","    39.0"," ","S","26","    28.2"," ","S","26","     6.6"," ","S","26","     8.6"," ","S","27","     6.2"," ","S","26","     6.7"," ","S","26","    12.0"," ","S","26","     0.1"," ","S","26","     0.4"," ","S","26","     1.4"," ","S","26","     3.7"," ","S","26","     5.0"," ","S","26","     7.4"," ","S","26","     0.1"," ","S","26","    13.2"," ","S","26","     8.5"," ","S","26","     4.5"," ","S","26","     1.8"," ","S","26","     1.1"," ","S","26","     0.5"," ","S","26","     0.0","X","S","26","     0.0","X","S","26","     0.1"," ","S","26","    13.2"," ","S","26","     8.5"," ","S","26","     4.5"," ","S","26","     1.8"," ","S","26","     1.1"," ","S","26","     0.5"," ","S","26","     0.0","X","S","26","     0.0","X","S","26","     9.8"," ","S","26","     8.7"," ","S","26","    16.1"," ","S","30","     7.4"," ","S","30","     3.6"," ","S","30","     1.3"," ","S","30","     0.0"," ","S","30","     0.0"," ","S","30","     0.0"," ","S","30","     0.0"," ","S","30","    0.03"," ","S","30","    0.08"," ","S","30","    0.22"," ","S","30","    0.77"," ","S","26","    6.42"," ","S","26","     2.5"," ","S","30","     1.4"," ","S","30","     0.4"," ","S","30","     0.2"," ","S","30","     0.1"," ","S","30","     0.1"," ","S","30","     0.0"," ","S","30","     0.0"," ","S","30"," -9999.0","Y"," "," 0"," -9999.0","Y"," "," 0"," -9999.0","Y"," "," 0","     1.4"," ","S","27","    58.4"," ","S","27","     1.3"," ","S","30","     0.5"," ","S","30","     0.2"," ","S","30","     0.1"," ","S","30","     0.1"," ","S","30","     0.0"," ","S","30","     0.0"," ","S","30"," -9999.0","Y"," "," 0"," -9999.0","Y"," "," 0"," -9999.0","Y"," "," 0"
"USC00421008","05-27"," 37.6411","-112.1703","2404.9","BRYCE CANYON NP HQRS, UT US","05","27","99","    53.4"," ","S","26","    67.7"," ","S","27","    39.2"," ","S","26","    28.4"," ","S","26","     6.6"," ","S","26","     8.6"," ","S","27","     6.2"," ","S","26","     6.7"," ","S","26","    11.6"," ","S","26","     0.1"," ","S","26","     0.4"," ","S","26","     1.3"," ","S","26","     3.5"," ","S","26","     4.8"," ","S","26","     7.1"," ","S","26","     0.1"," ","S","26","    13.5"," ","S","26","     8.8"," ","S","26","     4.7"," ","S","26","     1.9"," ","S","26","     1.2"," ","S","26","     0.5"," ","S","26","     0.0","X","S","26","     0.0","X","S","26","     0.1"," ","S","26","    13.5"," ","S","26","     8.8"," ","S","26","     4.7"," ","S","26","     1.9"," ","S","26","     1.2"," ","S","26","     0.5"," ","S","26","     0.0","X","S","26","     0.0","X","S","26","    10.0"," ","S","26","     8.9"," ","S","26","    15.9"," ","S","28","     7.3"," ","S","28","     3.5"," ","S","28","     1.3"," ","S","28","     0.0"," ","S","28","     0.0"," ","S","28","     0.0"," ","S","28","     0.0"," ","S","28","    0.03"," ","S","28","    0.08"," ","S","28","    0.22"," ","S","28","    0.80"," ","S","26","    6.45"," ","S","26","     2.4"," ","S","27","     1.3"," ","S","27","     0.4"," ","S","27","     0.2"," ","S","27","     0.1"," ","S","27","     0.1"," ","S","27","     0.0"," ","S","27","     0.0"," ","S","27"," -9999.0","Y"," "," 0"," -9999.0","Y"," "," 0"," -9999.0","Y"," "," 0","     1.4"," ","S","27","    58.4"," ","S","27","     1.2"," ","S","27","     0.4"," ","S","27","     0.2"," ","S","27","     0.1"," ","S","27","     0.1"," ","S","27","     0.0"," ","S","27","     0.0"," ","S","27"," -9999.0","Y"," "," 0"," -9999.0","Y"," "," 0"," -9999.0","Y"," "," 0"
"USC00421008","05-28"," 37.6411","-112.1703","2404.9","BRYCE CANYON NP HQRS, UT US","05","28","99","    53.8"," ","S","26","    68.1"," ","S","27","    39.5"," ","S","26","    28.6"," ","S","26","     6.6"," ","S","26","     8.6"," ","S","27","     6.2"," ","S","26","     6.6"," ","S","26","    11.3"," ","S","26","     0.1"," ","S","26","     0.3"," ","S","26","     1.2"," ","S","26","     3.3"," ","S","26","     4.5"," ","S","26","     6.8"," ","S","26","     0.1"," ","S","26","    13.9"," ","S","26","     9.1"," ","S","26","     5.0"," ","S","26","     2.1"," ","S","26","     1.3"," ","S","26","     0.5"," ","S","26","     0.0","X","S","26","     0.0","X","S","26","     0.1"," ","S","26","    13.9"," ","S","26","     9.1"," ","S","26","     5.0"," ","S","26","     2.1"," ","S","26","     1.3"," ","S","26","     0.5"," ","S","26","     0.0","X","S","26","     0.0","X","S","26","    10.2"," ","S","26","     9.2"," ","S","26","    15.7"," ","S","28","     7.2"," ","S","28","     3.5"," ","S","28","     1.3"," ","S","28","     0.0"," ","S","28","     0.0"," ","S","28","     0.0"," ","S","28","     0.0"," ","S","28","    0.03"," ","S","28","    0.08"," ","S","28","    0.22"," ","S","28","    0.83"," ","S","26","    6.48"," ","S","26","     2.2"," ","S","27","     1.3"," ","S","27","     0.4"," ","S","27","     0.1"," ","S","27","     0.1"," ","S","27","     0.1"," ","S","27","     0.0"," ","S","27","     0.0"," ","S","27"," -9999.0","Y"," "," 0"," -9999.0","Y"," "," 0"," -9999.0","Y"," "," 0","     1.4"," ","S","27","    58.4"," ","S","27","     1.1"," ","S","27","     0.4"," ","S","27","     0.2"," ","S","27","     0.1"," ","S","27","     0.1"," ","S","27","     0.0"," ","S","27","     0.0"," ","S","27"," -9999.0","Y"," "," 0"," -9999.0","Y"," "," 0"," -9999.0","Y"," "," 0"
"USC00421008","05-29"," 37.6411","-112.1703","2404.9","BRYCE CANYON NP HQRS, UT US","05","29","99","    54.1"," ","S","26","    68.5"," ","S","27","    39.7"," ","S","26","    28.8"," ","S","26","     6.6"," ","S","26","     8.5"," ","S","27","     6.2"," ","S","26","     6.6"," ","S","26","    11.0"," ","S","26","     0.1"," ","S","26","     0.3"," ","S","26","     1.1"," ","S","26","     3.1"," ","S","26","     4.3"," ","S","26","     6.5"," ","S","26","     0.1"," ","S","26","    14.2"," ","S","26","     9.4"," ","S","26","     5.2"," ","S","26","     2.3"," ","S","26","     1.4"," ","S","26","     0.6"," ","S","26","     0.0","X","S","26","     0.0","X","S","26","     0.1"," ","S","26","    14.2"," ","S","26","     9.4"," ","S","26","     5.2"," ","S","26","     2.3"," ","S","26","     1.4"," ","S","26","     0.6"," ","S","26","     0.0","X","S","26","     0.0","X","S","26","    10.4"," ","S","26","     9.4"," ","S","26","    15.5"," ","S","28","     7.1"," ","S","28","     3.4"," ","S","28","     1.3"," ","S","28","     0.0"," ","S","28","     0.0"," ","S","28","     0.0"," ","S","28","     0.0"," ","S","28","    0.03"," ","S","28","    0.08"," ","S","28","    0.22"," ","S","28","    0.86"," ","S","26","    6.51"," ","S","26","     2.1"," ","S","27","     1.2"," ","S","27","     0.4"," ","S","27","     0.1"," ","S","27","     0.1"," ","S","27","     0.1"," ","S","27","     0.0"," ","S","27","     0.0"," ","S","27"," -9999.0","Y"," "," 0"," -9999.0","Y"," "," 0"," -9999.0","Y"," "," 0","     1.5"," ","S","27","    58.5"," ","S","27","     1.1"," ","S","27","     0.4"," ","S","27","     0.2"," ","S","27","     0.1"," ","S","27","     0.1"," ","S","27","     0.0"," ","S","27","     0.0"," ","S","27"," -9999.0","Y"," "," 0"," -9999.0","Y"," "," 0"," -9999.0","Y"," "," 0"
"USC00421008","05-30"," 37.6411","-112.1703","2404.9","BRYCE CANYON NP HQRS, UT US","05","30","99","    54.5"," ","S","26","    69.0"," ","S","27","    39.9"," ","S","26","    29.0"," ","S","26","     6.6"," ","S","26","     8.5"," ","S","27","     6.2"," ","S","26","     6.5"," ","S","26","    10.6"," ","S","26","     0.1"," ","S","26","     0.3"," ","S","26","     1.1"," ","S","26","     3.0"," ","S","26","     4.1"," ","S","26","     6.2"," ","S","26","     0.1"," ","S","26","    14.5"," ","S","26","     9.7"," ","S","26","     5.5"," ","S","26","     2.4"," ","S","26","     1.6"," ","S","26","     0.7"," ","S","26","     0.0","X","S","26","     0.0","X","S","26","     0.1"," ","S","26","    14.5"," ","S","26","     9.7"," ","S","26","     5.5"," ","S","26","     2.4"," ","S","26","     1.6"," ","S","26","     0.7"," ","S","26","     0.0","X","S","26","     0.0","X","S","26","    10.6"," ","S","26","     9.6"," ","S","26","    15.3"," ","S","28","     7.0"," ","S","28","     3.4"," ","S","28","     1.3"," ","S","28","     0.0"," ","S","28","     0.0"," ","S","28","     0.0"," ","S","28","     0.0"," ","S","28","    0.03"," ","S","28","    0.08"," ","S","28","    0.22"," ","S","28","    0.88"," ","S","26","    6.53"," ","S","26","     2.0"," ","S","27","     1.1"," ","S","27","     0.4"," ","S","27","     0.1"," ","S","27","     0.1"," ","S","27","     0.1"," ","S","27","     0.0"," ","S","27","     0.0"," ","S","27"," -9999.0","Y"," "," 0"," -9999.0","Y"," "," 0"," -9999.0","Y"," "," 0","     1.5"," ","S","27","    58.5"," ","S","27","     1.0"," ","S","27","     0.3"," ","S","27","     0.2"," ","S","27","     0.1"," ","S","27","     0.1"," ","S","27","     0.0"," ","S","27","     0.0"," ","S","27"," -9999.0","Y"," "," 0"," -9999.0","Y"," "," 0"," -9999.0","Y"," "," 0"
"USC00421008","05-31"," 37.6411","-112.1703","2404.9","BRYCE CANYON NP HQRS, UT US","05","31","99","    54.8"," ","S","26","    69.4"," ","S","27","    40.2"," ","S","26","    29.2"," ","S","26","     6.6"," ","S","26","     8.5"," ","S","27","     6.2"," ","S","26","     6.5"," ","S","26","    10.3"," ","S","26","     0.0","X","S","26","     0.3"," ","S","26","     1.0"," ","S","26","     2.8"," ","S","26","     3.9"," ","S","26","     6.0"," ","S","26","     0.1"," ","S","26","    14.8"," ","S","26","    10.1"," ","S","26","     5.8"," ","S","26","     2.6"," ","S","26","     1.7"," ","S","26","     0.8"," ","S","26","     0.0","X","S","26","     0.0","X","S","26","     0.1"," ","S","26","    14.8"," ","S","26","    10.1"," ","S","26","     5.8"," ","S","26","     2.6"," ","S","26","     1.7"," ","S","26","     0.8"," ","S","26","     0.0","X","S","26","     0.0","X","S","26","    10.9"," ","S","26","     9.8"," ","S","26","    15.0"," ","S","28","     6.8"," ","S","28","     3.3"," ","S","28","     1.2"," ","S","28","     0.0"," ","S","28","     0.0"," ","S","28","     0.0"," ","S","28","     0.0"," ","S","28","    0.03"," ","S","28","    0.08"," ","S","28","    0.21"," ","S","28","    0.91"," ","S","26","    6.56"," ","S","26","     1.9"," ","S","27","     1.1"," ","S","27","     0.4"," ","S","27","     0.1"," ","S","27","     0.1"," ","S","27","     0.1"," ","S","27","     0.0"," ","S","27","     0.0"," ","S","27"," -9999.0","Y"," "," 0"," -9999.0","Y"," "," 0"," -9999.0","Y"," "," 0","     1.5"," ","S","27","    58.5"," ","S","27","     0.9"," ","S","27","     0.3"," ","S","27","     0.2"," ","S","27","     0.1"," ","S","27","     0.1"," ","S","27","     0.0"," ","S","27","     0.0"," ","S","27"," -9999.0","Y"," "," 0"," -9999.0","Y"," "," 0"," -9999.0","Y"," "," 0"
"USC00421008","06-01"," 37.6411","-112.1703","2404.9","BRYCE CANYON NP HQRS, UT US","06","01","99","    55.1"," ","S","26","    69.8"," ","S","26","    40.4"," ","S","26","    29.4"," ","S","26","     6.6"," ","S","26","     8.4"," ","S","26","     6.3"," ","S","26","     6.5"," ","S","26","    10.0"," ","S","26","     0.0","X","S","26","     0.3"," ","S","26","     0.9"," ","S","26","     2.7"," ","S","26","     3.7"," ","S","26","     5.7"," ","S","26","     0.1"," ","S","26","    15.2"," ","S","26","    10.4"," ","S","26","     6.1"," ","S","26","     2.8"," ","S","26","     1.9"," ","S","26","     0.9"," ","S","26","     0.0","X","S","26","     0.0","X","S","26","     0.1"," ","S","26","    15.2"," ","S","26","    10.4"," ","S","26","     6.1"," ","S","26","     2.8"," ","S","26","     1.9"," ","S","26","     0.9"," ","S","26","     0.0","X","S","26","     0.0","X","S","26","    11.1"," ","S","26","    10.1"," ","S","26","    14.8"," ","S","28","     6.7"," ","S","28","     3.2"," ","S","28","     1.2"," ","S","28","     0.0"," ","S","28","     0.0"," ","S","28","     0.0"," ","S","28","     0.0"," ","S","28","    0.03"," ","S","28","    0.08"," ","S","28","    0.21"," ","S","28","    0.02"," ","S","24","    6.58"," ","S","24","     1.8"," ","S","27","     1.0"," ","S","27","     0.4"," ","S","27","     0.0"," ","S","27","     0.0"," ","S","27","     0.0"," ","S","27","     0.0"," ","S","27","     0.0"," ","S","27"," -9999.0","Y"," "," 0"," -9999.0","Y"," "," 0"," -9999.0","Y"," "," 0","     0.0"," ","S","27","    58.5"," ","S","27"," -9999.0","Z"," "," 0"," -9999.0","Z"," "," 0","     0.0"," ","S","27","     0.0"," ","S","27","     0.0"," ","S","27","     0.0"," ","S","27","     0.0"," ","S","27"," -9999.0","M"," "," 0"," -9999.0","M"," "," 0"," -9999.0","M"," "," 0"
"USC00421008","06-02"," 37.6411","-112.1703","2404.9","BRYCE CANYON NP HQRS, UT US","06","02","99","    55.5"," ","S","26","    70.3"," ","S","26","    40.7"," ","S","26","    29.6"," ","S","26","     6.6"," ","S","26","     8.4"," ","S","26","     6.3"," ","S","26","     6.4"," ","S","26","     9.7"," ","S","26","     0.0","X","S","26","     0.2"," ","S","26","     0.9"," ","S","26","     2.5"," ","S","26","     3.6"," ","S","26","     5.5"," ","S","26","     0.2"," ","S","26","    15.5"," ","S","26","    10.7"," ","S","26","     6.3"," ","S","26","     3.0"," ","S","26","     2.0"," ","S","26","     1.0"," ","S","26","     0.0","X","S","26","     0.0","X","S","26","     0.2"," ","S","26","    15.5"," ","S","26","    10.7"," ","S","26","     6.3"," ","S","26","     3.0"," ","S","26","     2.0"," ","S","26","     1.0"," ","S","26","     0.0","X","S","26","     0.0","X","S","26","    11.4"," ","S","26","    10.3"," ","S","26","    14.6"," ","S","28","     6.6"," ","S","28","     3.2"," ","S","28","     1.2"," ","S","28","     0.0"," ","S","28","     0.0"," ","S","28","     0.0"," ","S","28","     0.0"," ","S","28","    0.03"," ","S","28","    0.08"," ","S","28","    0.21"," ","S","28","    0.04"," ","S","24","    6.60"," ","S","24","     1.6"," ","S","27","     1.0"," ","S","27","     0.3"," ","S","27","     0.0"," ","S","27","     0.0"," ","S","27","     0.0"," ","S","27","     0.0"," ","S","27","     0.0"," ","S","27"," -9999.0","Y"," "," 0"," -9999.0","Y"," "," 0"," -9999.0","Y"," "," 0","     0.0"," ","S","27","    58.5"," ","S","27"," -9999.0","Z"," "," 0"," -9999.0","Z"," "," 0","     0.0"," ","S","27","     0.0"," ","S","27","     0.0"," ","S","27","     0.0"," ","S","27","     0.0"," ","S","27"," -9999.0","M"," "," 0"," -9999.0","M"," "," 0"," -9999.0","M"," "," 0"
"USC00421008","06-03"," 37.6411","-112.1703","2404.9","BRYCE CANYON NP HQRS, UT US","06","03","99","    55.8"," ","S","26","    70.7"," ","S","26","    40.9"," ","S","26","    29.8"," ","S","26","     6.6"," ","S","26","     8.3"," ","S","26","     6.3"," ","S","26","     6.4"," ","S","26","     9.4"," ","S","26","     0.0","X","S","26","     0.2"," ","S","26","     0.8"," ","S","26","     2.4"," ","S","26","     3.4"," ","S","26","     5.3"," ","S","26","     0.2"," ","S","26","    15.8"," ","S","26","    11.0"," ","S","26","     6.6"," ","S","26","     3.2"," ","S","26","     2.2"," ","S","26","     1.1"," ","S","26","     0.0","X","S","26","     0.0","X","S","26","     0.2"," ","S","26","    15.8"," ","S","26","    11.0"," ","S","26","     6.6"," ","S","26","     3.2"," ","S","26","     2.2"," ","S","26","     1.1"," ","S","26","     0.0","X","S","26","     0.0","X","S","26","    11.6"," ","S","26","    10.5"," ","S","26","    14.3"," ","S","28","     6.5"," ","S","28","     3.1"," ","S","28","     1.1"," ","S","28","     0.0"," ","S","28","     0.0"," ","S","28","     0.0"," ","S","28","     0.0"," ","S","28","    0.03"," ","S","28","    0.08"," ","S","28","    0.21"," ","S","28","    0.06"," ","S","24","    6.62"," ","S","24","     1.5"," ","S","27","     0.9"," ","S","27","     0.3"," ","S","27","     0.0"," ","S","27","     0.0"," ","S","27","     0.0"," ","S","27","     0.0"," ","S","27","     0.0"," ","S","27"," -9999.0","Y"," "," 0"," -9999.0","Y"," "," 0"," -9999.0","Y"," "," 0","     0.0"," ","S","27","    58.5"," ","S","27"," -9999.0","Z"," "," 0"," -9999.0","Z"," "," 0","     0.0"," ","S","27","     0.0"," ","S","27","     0.0"," ","S","27","     0.0"," ","S","27","     0.0"," ","S","27"," -9999.0","M"," "," 0"," -9999.0","M"," "," 0"," -9999.0","M"," "," 0"
"USC00421008","06-04"," 37.6411","-112.1703","2404.9","BRYCE CANYON NP HQRS, UT US","06","04","99","    56.1"," ","S","26","    71.1"," ","S","26","    41.2"," ","S","26","    29.9"," ","S","26","     6.6"," ","S","26","     8.3"," ","S","26","     6.3"," ","S","26","     6.3"," ","S","26","     9.1"," ","S","26","     0.0","X","S","26","     0.2"," ","S","26","     0.7"," ","S","26","     2.2"," ","S","26","     3.2"," ","S","26","     5.1"," ","S","26","     0.3"," ","S","26","    16.2"," ","S","26","    11.3"," ","S","26","     6.9"," ","S","26","     3.4"," ","S","26","     2.3"," ","S","26","     1.2"," ","S","26","     0.0","X","S","26","     0.0","X","S","26","     0.3"," ","S","26","    16.2"," ","S","26","    11.3"," ","S","26","     6.9"," ","S","26","     3.4"," ","S","26","     2.3"," ","S","26","     1.2"," ","S","26","     0.0","X","S","26","     0.0","X","S","26","    11.9"," ","S","26","    10.8"," ","S","26","    14.1"," ","S","28","     6.3"," ","S","28","     3.0"," ","S","28","     1.1"," ","S","28","     0.0"," ","S","28","     0.0"," ","S","28","     0.0"," ","S","28","     0.0"," ","S","28","    0.03"," ","S","28","    0.08"," ","S","28","    0.21"," ","S","28","    0.08"," ","S","24","    6.64"," ","S","24","     1.5"," ","S","27","     0.9"," ","S","27","     0.3"," ","S","27","     0.0"," ","S","27","     0.0"," ","S","27","     0.0"," ","S","27","     0.0"," ","S","27","     0.0"," ","S","27"," -9999.0","Y"," "," 0"," -9999.0","Y"," "," 0"," -9999.0","Y"," "," 0","     0.1"," ","S","27","    58.6"," ","S","27"," -9999.0","Z"," "," 0"," -9999.0","Z"," "," 0","     0.0"," ","S","27","     0.0"," ","S","27","     0.0"," ","S","27","     0.0"," ","S","27","     0.0"," ","S","27"," -9999.0","M"," "," 0"," -9999.0","M"," "," 0"," -9999.0","M"," "," 0"
"USC00421008","06-05"," 37.6411","-112.1703","2404.9","BRYCE CANYON NP HQRS, UT US","06","05","99","    56.5"," ","S","26","    71.5"," ","S","26","    41.4"," ","S","26","    30.1"," ","S","26","     6.6"," ","S","26","     8.2"," ","S","26","     6.3"," ","S","26","     6.3"," ","S","26","     8.8"," ","S","26","     0.0","X","S","26","     0.2"," ","S","26","     0.7"," ","S","26","     2.1"," ","S","26","     3.0"," ","S","26","     4.8"," ","S","26","     0.3"," ","S","26","    16.5"," ","S","26","    11.7"," ","S","26","     7.1"," ","S","26","     3.6"," ","S","26","     2.5"," ","S","26","     1.3"," ","S","26","     0.0","X","S","26","     0.0","X","S","26","     0.3"," ","S","26","    16.5"," ","S","26","    11.7"," ","S","26","     7.1"," ","S","26","     3.6"," ","S","26","     2.5"," ","S","26","     1.3"," ","S","26","     0.0","X","S","26","     0.0","X","S","26","    12.1"," ","S","26","    11.0"," ","S","26","    13.8"," ","S","28","     6.2"," ","S","28","     3.0"," ","S","28","     1.0"," ","S","28","     0.0"," ","S","28","     0.0"," ","S","28","     0.0"," ","S","28","     0.0"," ","S","28","    0.03"," ","S","28","    0.08"," ","S","28","    0.21"," ","S","28","    0.10"," ","S","24","    6.66"," ","S","24","     1.4"," ","S","27","     0.8"," ","S","27","     0.3"," ","S","27","     0.0"," ","S","27","     0.0"," ","S","27","     0.0"," ","S","27","     0.0"," ","S","27","     0.0"," ","S","27"," -9999.0","Y"," "," 0"," -9999.0","Y"," "," 0"," -9999.0","Y"," "," 0","     0.1"," ","S","27","    58.6"," ","S","27"," -9999.0","Z"," "," 0"," -9999.0","Z"," "," 0","     0.0"," ","S","27","     0.0"," ","S","27","     0.0"," ","S","27","     0.0"," ","S","27","     0.0"," ","S","27"," -9999.0","M"," "," 0"," -9999.0","M"," "," 0"," -9999.0","M"," "," 0"
"USC00421008","06-06"," 37.6411","-112.1703","2404.9","BRYCE CANYON NP HQRS, UT US","06","06","99","    56.8"," ","S","26","    71.9"," ","S","26","    41.7"," ","S","26","    30.2"," ","S","26","     6.5"," ","S","26","     8.2"," ","S","26","     6.3"," ","S","26","     6.2"," ","S","26","     8.5"," ","S","26","     0.0","X","S","26","     0.2"," ","S","26","     0.6"," ","S","26","     1.9"," ","S","26","     2.8"," ","S","26","     4.5"," ","S","26","     0.3"," ","S","26","    16.8"," ","S","26","    12.0"," ","S","26","     7.4"," ","S","26","     3.7"," ","S","26","     2.6"," ","S","26","     1.3"," ","S","26","     0.0","X","S","26","     0.0","X","S","26","     0.3"," ","S","26","    16.8"," ","S","26","    12.0"," ","S","26","     7.4"," ","S","26","     3.7"," ","S","26","     2.6"," ","S","26","     1.3"," ","S","26","     0.0","X","S","26","     0.0","X","S","26","    12.3"," ","S","26","    11.2"," ","S","26","    13.6"," ","S","28","     6.0"," ","S","28","     2.9"," ","S","28","     1.0"," ","S","28","     0.0"," ","S","28","     0.0"," ","S","28","     0.0"," ","S","28","     0.0"," ","S","28","    0.03"," ","S","28","    0.07"," ","S","28","    0.20"," ","S","28","    0.12"," ","S","24","    6.68"," ","S","24","     1.3"," ","S","27","     0.8"," ","S","27","     0.3"," ","S","27","     0.0"," ","S","27","     0.0"," ","S","27","     0.0"," ","S","27","     0.0"," ","S","27","     0.0"," ","S","27"," -9999.0","Y"," "," 0"," -9999.0","Y"," "," 0"," -9999.0","Y"," "," 0","     0.1"," ","S","27","    58.6"," ","S","27"," -9999.0","Z"," "," 0"," -9999.0","Z"," "," 0","     0.0"," ","S","27","     0.0"," ","S","27","     0.0"," ","S","27","     0.0"," ","S","27","     0.0"," ","S","27"," -9999.0","M"," "," 0"," -9999.0","M"," "," 0"," -9999.0","M"," "," 0"
"USC00421008","06-07"," 37.6411","-112.1703","2404.9","BRYCE CANYON NP HQRS, UT US","06","07","99","    57.1"," ","S","26","    72.3"," ","S","26","    42.0"," ","S","26","    30.3"," ","S","26","     6.5"," ","S","26","     8.1"," ","S","26","     6.3"," ","S","26","     6.2"," ","S","26","     8.2"," ","S","26","     0.0","X","S","26","     0.1"," ","S","26","     0.6"," ","S","26","     1.8"," ","S","26","     2.6"," ","S","26","     4.3"," ","S","26","     0.3"," ","S","26","    17.2"," ","S","26","    12.3"," ","S","26","     7.7"," ","S","26","     3.9"," ","S","26","     2.8"," ","S","26","     1.4"," ","S","26","     0.0","X","S","26","     0.0"," ","S","26","     0.3"," ","S","26","    17.2"," ","S","26","    12.3"," ","S","26","     7.7"," ","S","26","     3.9"," ","S","26","     2.8"," ","S","26","     1.4"," ","S","26","     0.0","X","S","26","     0.0"," ","S","26","    12.5"," ","S","26","    11.4"," ","S","26","    13.4"," ","S","28","     5.9"," ","S","28","     2.8"," ","S","28","     0.9"," ","S","28","     0.0"," ","S","28","     0.0"," ","S","28","     0.0"," ","S","28","     0.0"," ","S","28","    0.03"," ","S","28","    0.07"," ","S","28","    0.20"," ","S","28","    0.14"," ","S","24","    6.70"," ","S","24","     1.2"," ","S","27","     0.7"," ","S","27","     0.3"," ","S","27","     0.0"," ","S","27","     0.0"," ","S","27","     0.0"," ","S","27","     0.0"," ","S","27","     0.0"," ","S","27"," -9999.0","Y"," "," 0"," -9999.0","Y"," "," 0"," -9999.0","Y"," "," 0","     0.1"," ","S","27","    58.6"," ","S","27"," -9999.0","Z"," "," 0"," -9999.0","Z"," "," 0","     0.0"," ","S","27","     0.0"," ","S","27","     0.0"," ","S","27","     0.0"," ","S","27","     0.0"," ","S","27"," -9999.0","M"," "," 0"," -9999.0","M"," "," 0"," -9999.0","M"," "," 0"
"USC00421008","06-08"," 37.6411","-112.1703","2404.9","BRYCE CANYON NP HQRS, UT US","06","08","99","    57.5"," ","S","26","    72.7"," ","S","26","    42.3"," ","S","26","    30.5"," ","S","26","     6.5"," ","S","26","     8.0"," ","S","26","     6.3"," ","S","26","     6.1"," ","S","26","     7.8"," ","S","26","     0.0","X","S","26","     0.1"," ","S","26","     0.5"," ","S","26","     1.7"," ","S","26","     2.4"," ","S","26","     4.0"," ","S","26","     0.3"," ","S","26","    17.5"," ","S","26","    12.6"," ","S","26","     8.0"," ","S","26","     4.1"," ","S","26","     2.9"," ","S","26","     1.5"," ","S","26","     0.0","X","S","26","     0.0"," ","S","26","     0.3"," ","S","26","    17.5"," ","S","26","    12.6"," ","S","26","     8.0"," ","S","26","     4.1"," ","S","26","     2.9"," ","S","26","     1.5"," ","S","26","     0.0","X","S","26","     0.0"," ","S","26","    12.7"," ","S","26","    11.6"," ","S","26","    13.2"," ","S","28","     5.8"," ","S","28","     2.7"," ","S","28","     0.9"," ","S","28","     0.0"," ","S","28","     0.0"," ","S","28","     0.0"," ","S","28","     0.0"," ","S","28","    0.03"," ","S","28","    0.07"," ","S","28","    0.20"," ","S","28","    0.16"," ","S","24","    6.72"," ","S","24","     1.1"," ","S","27","     0.7"," ","S","27","     0.3"," ","S","27","     0.0"," ","S","27","     0.0"," ","S","27","     0.0"," ","S","27","     0.0"," ","S","27","     0.0"," ","S","27"," -9999.0","Y"," "," 0"," -9999.0","Y"," "," 0"," -9999.0","Y"," "," 0","     0.1"," ","S","27","    58.6"," ","S","27"," -9999.0","Z"," "," 0"," -9999.0","Z"," "," 0","     0.0"," ","S","27","     0.0"," ","S","27","     0.0"," ","S","27","     0.0"," ","S","27","     0.0"," ","S","27"," -9999.0","M"," "," 0"," -9999.0","M"," "," 0"," -9999.0","M"," "," 0"
"USC00421008","06-09"," 37.6411","-112.1703","2404.9","BRYCE CANYON NP HQRS, UT US","06","09","99","    57.8"," ","S","26","    73.1"," ","S","26","    42.5"," ","S","26","    30.6"," ","S","26","     6.4"," ","S","26","     8.0"," ","S","26","     6.2"," ","S","26","     6.1"," ","S","26","     7.5"," ","S","26","     0.0","X","S","26","     0.1"," ","S","26","     0.5"," ","S","26","     1.6"," ","S","26","     2.3"," ","S","26","     3.8"," ","S","26","     0.3"," ","S","26","    17.8"," ","S","26","    12.9"," ","S","26","     8.3"," ","S","26","     4.4"," ","S","26","     3.1"," ","S","26","     1.6"," ","S","26","     0.0","X","S","26","     0.0"," ","S","26","     0.3"," ","S","26","    17.8"," ","S","26","    12.9"," ","S","26","     8.3"," ","S","26","     4.4"," ","S","26","     3.1"," ","S","26","     1.6"," ","S","26","     0.0","X","S","26","     0.0"," ","S","26","    12.9"," ","S","26","    11.8"," ","S","26","    13.1"," ","S","28","     5.7"," ","S","28","     2.7"," ","S","28","     0.9"," ","S","28","     0.0"," ","S","28","     0.0"," ","S","28","     0.0"," ","S","28","     0.0"," ","S","28","    0.03"," ","S","28","    0.07"," ","S","28","    0.20"," ","S","28","    0.17"," ","S","24","    6.73"," ","S","24","     1.0"," ","S","27","     0.6"," ","S","27","     0.2"," ","S","27","     0.0"," ","S","27","     0.0"," ","S","27","     0.0"," ","S","27","     0.0"," ","S","27","     0.0"," ","S","27"," -9999.0","Y"," "," 0"," -9999.0","Y"," "," 0"," -9999.0","Y"," "," 0","     0.1"," ","S","27","    58.6"," ","S","27"," -9999.0","Z"," "," 0"," -9999.0","Z"," "," 0","     0.0"," ","S","27","     0.0"," ","S","27","     0.0"," ","S","27","     0.0"," ","S","27","     0.0"," ","S","27"," -9999.0","M"," "," 0"," -9999.0","M"," "," 0"," -9999.0","M"," "," 0"
"USC00421008","06-10"," 37.6411","-112.1703","2404.9","BRYCE CANYON NP HQRS, UT US","06","10","99","    58.2"," ","S","26","    73.5"," ","S","26","    42.8"," ","S","26","    30.7"," ","S","26","     6.4"," ","S","26","     7.9"," ","S","26","     6.2"," ","S","26","     6.0"," ","S","26","     7.2"," ","S","26","     0.0","X","S","26","     0.1"," ","S","26","     0.5"," ","S","26","     1.5"," ","S","26","     2.2"," ","S","26","     3.6"," ","S","26","     0.4"," ","S","26","    18.2"," ","S","26","    13.3"," ","S","26","     8.6"," ","S","26","     4.7"," ","S","26","     3.3"," ","S","26","     1.7"," ","S","26","     0.0","X","S","26","     0.0"," ","S","26","     0.4"," ","S","26","    18.2"," ","S","26","    13.3"," ","S","26","     8.6"," ","S","26","     4.7"," ","S","26","     3.3"," ","S","26","     1.7"," ","S","26","     0.0","X","S","26","     0.0"," ","S","26","    13.1"," ","S","26","    12.0"," ","S","26","    12.9"," ","S","28","     5.7"," ","S","28","     2.7"," ","S","28","     0.8"," ","S","28","     0.0"," ","S","28","     0.0"," ","S","28","     0.0"," ","S","28","     0.0"," ","S","28","    0.03"," ","S","28","    0.07"," ","S","28","    0.20"," ","S","28","    0.19"," ","S","24","    6.75"," ","S","24","     1.0"," ","S","27","     0.6"," ","S","27","     0.2"," ","S","27","     0.0"," ","S","27","     0.0"," ","S","27","     0.0"," ","S","27","     0.0"," ","S","27","     0.0"," ","S","27"," -9999.0","Y"," "," 0"," -9999.0","Y"," "," 0"," -9999.0","Y"," "," 0","     0.1"," ","S","27","    58.6"," ","S","27"," -9999.0","Z"," "," 0"," -9999.0","Z"," "," 0","     0.0"," ","S","27","     0.0"," ","S","27","     0.0"," ","S","27","     0.0"," ","S","27","     0.0"," ","S","27"," -9999.0","M"," "," 0"," -9999.0","M"," "," 0"," -9999.0","M"," "," 0"
"USC00421008","06-11"," 37.6411","-112.1703","2404.9","BRYCE CANYON NP HQRS, UT US","06","11","99","    58.5"," ","S","26","    73.9"," ","S","26","    43.1"," ","S","26","    30.8"," ","S","26","     6.4"," ","S","26","     7.8"," ","S","26","     6.2"," ","S","26","     6.0"," ","S","26","     6.9"," ","S","26","     0.0","X","S","26","     0.1"," ","S","26","     0.5"," ","S","26","     1.4"," ","S","26","     2.1"," ","S","26","     3.4"," ","S","26","     0.4"," ","S","26","    18.5"," ","S","26","    13.6"," ","S","26","     9.0"," ","S","26","     4.9"," ","S","26","     3.6"," ","S","26","     1.9"," ","S","26","     0.0","X","S","26","     0.0"," ","S","26","     0.4"," ","S","26","    18.5"," ","S","26","    13.6"," ","S","26","     9.0"," ","S","26","     4.9"," ","S","26","     3.6"," ","S","26","     1.9"," ","S","26","     0.0","X","S","26","     0.0"," ","S","26","    13.3"," ","S","26","    12.1"," ","S","26","    12.8"," ","S","28","     5.6"," ","S","28","     2.6"," ","S","28","     0.8"," ","S","28","     0.0"," ","S","28","     0.0"," ","S","28","     0.0"," ","S","28","     0.0"," ","S","28","    0.03"," ","S","28","    0.07"," ","S","28","    0.20"," ","S","28","    0.20"," ","S","24","    6.76"," ","S","24","     0.9"," ","S","27","     0.5"," ","S","27","     0.2"," ","S","27","     0.0"," ","S","27","     0.0"," ","S","27","     0.0"," ","S","27","     0.0"," ","S","27","     0.0"," ","S","27"," -9999.0","Y"," "," 0"," -9999.0","Y"," "," 0"," -9999.0","Y"," "," 0","     0.1"," ","S","27","    58.6"," ","S","27"," -9999.0","Z"," "," 0"," -9999.0","Z"," "," 0","     0.0"," ","S","27","     0.0"," ","S","27","     0.0"," ","S","27","     0.0"," ","S","27","     0.0"," ","S","27"," -9999.0","M"," "," 0"," -9999.0","M"," "," 0"," -9999.0","M"," "," 0"
"USC00421008","06-12"," 37.6411","-112.1703","2404.9","BRYCE CANYON NP HQRS, UT US","06","12","99","    58.8"," ","S","26","    74.2"," ","S","26","    43.4"," ","S","26","    30.8"," ","S","26","     6.3"," ","S","26","     7.7"," ","S","26","     6.2"," ","S","26","     5.9"," ","S","26","     6.6"," ","S","26","     0.0","X","S","26","     0.1"," ","S","26","     0.4"," ","S","26","     1.3"," ","S","26","     1.9"," ","S","26","     3.2"," ","S","26","     0.5"," ","S","26","    18.8"," ","S","26","    13.9"," ","S","26","     9.2"," ","S","26","     5.1"," ","S","26","     3.8"," ","S","26","     2.1"," ","S","26","     0.0","X","S","26","     0.0","X","S","26","     0.5"," ","S","26","    18.8"," ","S","26","    13.9"," ","S","26","     9.2"," ","S","26","     5.1"," ","S","26","     3.8"," ","S","26","     2.1"," ","S","26","     0.0","X","S","26","     0.0","X","S","26","    13.5"," ","S","26","    12.3"," ","S","26","    12.7"," ","S","28","     5.6"," ","S","28","     2.6"," ","S","28","     0.8"," ","S","28","     0.0"," ","S","28","     0.0"," ","S","28","     0.0"," ","S","28","     0.0"," ","S","28","    0.03"," ","S","28","    0.07"," ","S","28","    0.19"," ","S","28","    0.21"," ","S","24","    6.77"," ","S","24","     0.9"," ","S","27","     0.5"," ","S","27","     0.2"," ","S","27","     0.0"," ","S","27","     0.0"," ","S","27","     0.0"," ","S","27","     0.0"," ","S","27","     0.0"," ","S","27"," -9999.0","Y"," "," 0"," -9999.0","Y"," "," 0"," -9999.0","Y"," "," 0","     0.1"," ","S","27","    58.6"," ","S","27"," -9999.0","Z"," "," 0"," -9999.0","Z"," "," 0","     0.0"," ","S","27","     0.0"," ","S","27","     0.0"," ","S","27","     0.0"," ","S","27","     0.0"," ","S","27"," -9999.0","M"," "," 0"," -9999.0","M"," "," 0"," -9999.0","M"," "," 0"
"USC00421008","06-13"," 37.6411","-112.1703","2404.9","BRYCE CANYON NP HQRS, UT US","06","13","99","    59.2"," ","S","26","    74.6"," ","S","26","    43.7"," ","S","26","    30.9"," ","S","26","     6.3"," ","S","26","     7.6"," ","S","26","     6.2"," ","S","26","     5.9"," ","S","26","     6.3"," ","S","26","     0.0","X","S","26","     0.1"," ","S","26","     0.4"," ","S","26","     1.2"," ","S","26","     1.8"," ","S","26","     3.0"," ","S","26","     0.5"," ","S","26","    19.2"," ","S","26","    14.2"," ","S","26","     9.5"," ","S","26","     5.3"," ","S","26","     3.9"," ","S","26","     2.2"," ","S","26","     0.0","X","S","26","     0.0","X","S","26","     0.5"," ","S","26","    19.2"," ","S","26","    14.2"," ","S","26","     9.5"," ","S","26","     5.3"," ","S","26","     3.9"," ","S","26","     2.2"," ","S","26","     0.0","X","S","26","     0.0","X","S","26","    13.7"," ","S","26","    12.5"," ","S","26","    12.6"," ","S","28","     5.5"," ","S","28","     2.5"," ","S","28","     0.8"," ","S","28","     0.0"," ","S","28","     0.0"," ","S","28","     0.0"," ","S","28","     0.0"," ","S","28","    0.03"," ","S","28","    0.07"," ","S","28","    0.19"," ","S","28","    0.23"," ","S","24","    6.79"," ","S","24","     0.8"," ","S","27","     0.5"," ","S","27","     0.2"," ","S","27","     0.0"," ","S","27","     0.0"," ","S","27","     0.0"," ","S","27","     0.0"," ","S","27","     0.0"," ","S","27"," -9999.0","Y"," "," 0"," -9999.0","Y"," "," 0"," -9999.0","Y"," "," 0","     0.1"," ","S","27","    58.6"," ","S","27"," -9999.0","Z"," "," 0","     0.0"," ","S","27","     0.0"," ","S","27","     0.0"," ","S","27","     0.0"," ","S","27","     0.0"," ","S","27","     0.0"," ","S","27"," -9999.0","M"," "," 0"," -9999.0","M"," "," 0"," -9999.0","M"," "," 0"
"USC00421008","06-14"," 37.6411","-112.1703","2404.9","BRYCE CANYON NP HQRS, UT US","06","14","99","    59.5"," ","S","26","    74.9"," ","S","26","    44.0"," ","S","26","    30.9"," ","S","26","     6.2"," ","S","26","     7.6"," ","S","26","     6.2"," ","S","26","     5.8"," ","S","26","     6.1"," ","S","26","     0.0","X","S","26","     0.1"," ","S","26","     0.3"," ","S","26","     1.1"," ","S","26","     1.6"," ","S","26","     2.8"," ","S","26","     0.6"," ","S","26","    19.5"," ","S","26","    14.5"," ","S","26","     9.8"," ","S","26","     5.5"," ","S","26","     4.1"," ","S","26","     2.3"," ","S","26","     0.0","X","S","26","     0.0","X","S","26","     0.6"," ","S","26","    19.5"," ","S","26","    14.5"," ","S","26","     9.8"," ","S","26","     5.5"," ","S","26","     4.1"," ","S","26","     2.3"," ","S","26","     0.0","X","S","26","     0.0","X","S","26","    14.0"," ","S","26","    12.7"," ","S","26","    12.6"," ","S","28","     5.4"," ","S","28","     2.5"," ","S","28","     0.7"," ","S","28","     0.0"," ","S","28","     0.0"," ","S","28","     0.0"," ","S","28","     0.0"," ","S","28","    0.03"," ","S","28","    0.07"," ","S","28","    0.19"," ","S","28","    0.24"," ","S","24","    6.80"," ","S","24","     0.7"," ","S","27","     0.4"," ","S","27","     0.2"," ","S","27","     0.0"," ","S","27","     0.0"," ","S","27","     0.0"," ","S","27","     0.0"," ","S","27","     0.0"," ","S","27"," -9999.0","Y"," "," 0"," -9999.0","Y"," "," 0"," -9999.0","Y"," "," 0","     0.1"," ","S","27","    58.6"," ","S","27"," -9999.0","Z"," "," 0","     0.0"," ","S","27","     0.0"," ","S","27","     0.0"," ","S","27","     0.0"," ","S","27","     0.0"," ","S","27","     0.0"," ","S","27"," -9999.0","M"," "," 0"," -9999.0","M"," "," 0"," -9999.0","M"," "," 0"
"USC00421008","06-15"," 37.6411","-112.1703","2404.9","BRYCE CANYON NP HQRS, UT US","06","15","99","    59.8"," ","S","26","    75.3"," ","S","26","    44.3"," ","S","26","    31.0"," ","S","26","     6.2"," ","S","26","     7.5"," ","S","26","     6.2"," ","S","26","     5.8"," ","S","26","     5.8"," ","S","26","     0.0","X","S","26","     0.0","X","S","26","     0.2"," ","S","26","     0.9"," ","S","26","     1.5"," ","S","26","     2.6"," ","S","26","     0.6"," ","S","26","    19.8"," ","S","26","    14.9"," ","S","26","    10.1"," ","S","26","     5.7"," ","S","26","     4.3"," ","S","26","     2.4"," ","S","26","     0.0","X","S","26","     0.0","X","S","26","     0.6"," ","S","26","    19.8"," ","S","26","    14.9"," ","S","26","    10.1"," ","S","26","     5.7"," ","S","26","     4.3"," ","S","26","     2.4"," ","S","26","     0.0","X","S","26","     0.0","X","S","26","    14.2"," ","S","26","    12.9"," ","S","26","    12.5"," ","S","28","     5.4"," ","S","28","     2.5"," ","S","28","     0.7"," ","S","28","     0.0"," ","S","28","     0.0"," ","S","28","     0.0"," ","S","28","     0.0"," ","S","28","    0.03"," ","S","28","    0.07"," ","S","28","    0.19"," ","S","28","    0.25"," ","S","24","    6.81"," ","S","24","     0.7"," ","S","27","     0.4"," ","S","27","     0.2"," ","S","27","     0.0"," ","S","27","     0.0"," ","S","27","     0.0"," ","S","27","     0.0"," ","S","27","     0.0"," ","S","27"," -9999.0","Y"," "," 0"," -9999.0","Y"," "," 0"," -9999.0","Y"," "," 0","     0.1"," ","S","27","    58.6"," ","S","27"," -9999.0","Z"," "," 0","     0.0"," ","S","27","     0.0"," ","S","27","     0.0"," ","S","27","     0.0"," ","S","27","     0.0"," ","S","27","     0.0"," ","S","27"," -9999.0","M"," "," 0"," -9999.0","M"," "," 0"," -9999.0","M"," "," 0"
"USC00421008","06-16"," 37.6411","-112.1703","2404.9","BRYCE CANYON NP HQRS, UT US","06","16","99","    60.1"," ","S","26","    75.6"," ","S","26","    44.6"," ","S","26","    31.0"," ","S","26","     6.1"," ","S","26","     7.4"," ","S","26","     6.2"," ","S","26","     5.7"," ","S","26","     5.5"," ","S","26","     0.0","X","S","26","     0.0","X","S","26","     0.2"," ","S","26","     0.8"," ","S","26","     1.3"," ","S","26","     2.4"," ","S","26","     0.6"," ","S","26","    20.1"," ","S","26","    15.2"," ","S","26","    10.3"," ","S","26","     5.9"," ","S","26","     4.4"," ","S","26","     2.5"," ","S","26","     0.0","X","S","26","     0.0","X","S","26","     0.6"," ","S","26","    20.1"," ","S","26","    15.2"," ","S","26","    10.3"," ","S","26","     5.9"," ","S","26","     4.4"," ","S","26","     2.5"," ","S","26","     0.0","X","S","26","     0.0","X","S","26","    14.4"," ","S","26","    13.1"," ","S","26","    12.5"," ","S","28","     5.4"," ","S","28","     2.4"," ","S","28","     0.7"," ","S","28","     0.0"," ","S","28","     0.0"," ","S","28","     0.0"," ","S","28","     0.0"," ","S","28","    0.03"," ","S","28","    0.07"," ","S","28","    0.19"," ","S","28","    0.27"," ","S","24","    6.83"," ","S","24","     0.7"," ","S","27","     0.4"," ","S","27","     0.2"," ","S","27","     0.0"," ","S","27","     0.0"," ","S","27","     0.0"," ","S","27","     0.0"," ","S","27","     0.0"," ","S","27"," -9999.0","Y"," "," 0"," -9999.0","Y"," "," 0"," -9999.0","Y"," "," 0","     0.2"," ","S","27","    58.7"," ","S","27"," -9999.0","Z"," "," 0","     0.0"," ","S","27","     0.0"," ","S","27","     0.0"," ","S","27","     0.0"," ","S","27","     0.0"," ","S","27","     0.0"," ","S","27"," -9999.0","M"," "," 0"," -9999.0","M"," "," 0"," -9999.0","M"," "," 0"
"USC00421008","06-17"," 37.6411","-112.1703","2404.9","BRYCE CANYON NP HQRS, UT US","06","17","99","    60.4"," ","S","26","    75.9"," ","S","26","    45.0"," ","S","26","    31.0"," ","S","26","     6.1"," ","S","26","     7.3"," ","S","26","     6.2"," ","S","26","     5.7"," ","S","26","     5.2"," ","S","26","     0.0","X","S","26","     0.0","X","S","26","     0.2"," ","S","26","     0.7"," ","S","26","     1.2"," ","S","26","     2.2"," ","S","26","     0.7"," ","S","26","    20.4"," ","S","26","    15.5"," ","S","26","    10.6"," ","S","26","     6.2"," ","S","26","     4.6"," ","S","26","     2.6"," ","S","26","     0.1"," ","S","26","     0.0","X","S","26","     0.7"," ","S","26","    20.4"," ","S","26","    15.5"," ","S","26","    10.6"," ","S","26","     6.2"," ","S","26","     4.6"," ","S","26","     2.6"," ","S","26","     0.1"," ","S","26","     0.0","X","S","26","    14.6"," ","S","26","    13.3"," ","S","26","    12.5"," ","S","28","     5.4"," ","S","28","     2.4"," ","S","28","     0.7"," ","S","28","     0.0"," ","S","28","     0.0"," ","S","28","     0.0"," ","S","28","     0.0"," ","S","28","    0.03"," ","S","28","    0.07"," ","S","28","    0.19"," ","S","28","    0.28"," ","S","24","    6.84"," ","S","24","     0.6"," ","S","27","     0.4"," ","S","27","     0.2"," ","S","27","     0.0"," ","S","27","     0.0"," ","S","27","     0.0"," ","S","27","     0.0"," ","S","27","     0.0"," ","S","27"," -9999.0","Y"," "," 0"," -9999.0","Y"," "," 0"," -9999.0","Y"," "," 0","     0.2"," ","S","27","    58.7"," ","S","27"," -9999.0","Z"," "," 0","     0.0"," ","S","27","     0.0"," ","S","27","     0.0"," ","S","27","     0.0"," ","S","27","     0.0"," ","S","27","     0.0"," ","S","27"," -9999.0","M"," "," 0"," -9999.0","M"," "," 0"," -9999.0","M"," "," 0"
"USC00421008","06-18"," 37.6411","-112.1703","2404.9","BRYCE CANYON NP HQRS, UT US","06","18","99","    60.8"," ","S","26","    76.3"," ","S","26","    45.3"," ","S","26","    31.0"," ","S","26","     6.0"," ","S","26","     7.2"," ","S","26","     6.2"," ","S","26","     5.7"," ","S","26","     4.9"," ","S","26","     0.0","X","S","26","     0.0","X","S","26","     0.1"," ","S","26","     0.6"," ","S","26","     1.0"," ","S","26","     2.0"," ","S","26","     0.7"," ","S","26","    20.8"," ","S","26","    15.8"," ","S","26","    10.9"," ","S","26","     6.4"," ","S","26","     4.8"," ","S","26","     2.8"," ","S","26","     0.1"," ","S","26","     0.0","X","S","26","     0.7"," ","S","26","    20.8"," ","S","26","    15.8"," ","S","26","    10.9"," ","S","26","     6.4"," ","S","26","     4.8"," ","S","26","     2.8"," ","S","26","     0.1"," ","S","26","     0.0","X","S","26","    14.7"," ","S","26","    13.5"," ","S","26","    12.6"," ","S","28","     5.4"," ","S","28","     2.5"," ","S","28","     0.7"," ","S","28","     0.0"," ","S","28","     0.0"," ","S","28","     0.0"," ","S","28","     0.0"," ","S","28","    0.03"," ","S","28","    0.07"," ","S","28","    0.19"," ","S","28","    0.29"," ","S","24","    6.85"," ","S","24","     0.6"," ","S","27","     0.3"," ","S","27","     0.2"," ","S","27","     0.0"," ","S","27","     0.0"," ","S","27","     0.0"," ","S","27","     0.0"," ","S","27","     0.0"," ","S","27"," -9999.0","Y"," "," 0"," -9999.0","Y"," "," 0"," -9999.0","Y"," "," 0","     0.2"," ","S","27","    58.7"," ","S","27"," -9999.0","Z"," "," 0","     0.0"," ","S","27","     0.0"," ","S","27","     0.0"," ","S","27","     0.0"," ","S","27","     0.0"," ","S","27","     0.0"," ","S","27"," -9999.0","M"," "," 0"," -9999.0","M"," "," 0"," -9999.0","M"," "," 0"
"USC00421008","06-19"," 37.6411","-112.1703","2404.9","BRYCE CANYON NP HQRS, UT US","06","19","99","    61.1"," ","S","26","    76.6"," ","S","26","    45.6"," ","S","26","    31.0"," ","S","26","     6.0"," ","S","26","     7.1"," ","S","26","     6.1"," ","S","26","     5.7"," ","S","26","     4.7"," ","S","26","     0.0"," ","S","26","     0.0","X","S","26","     0.1"," ","S","26","     0.6"," ","S","26","     0.9"," ","S","26","     1.8"," ","S","26","     0.7"," ","S","26","    21.1"," ","S","26","    16.1"," ","S","26","    11.2"," ","S","26","     6.6"," ","S","26","     5.0"," ","S","26","     2.9"," ","S","26","     0.1"," ","S","26","     0.0","X","S","26","     0.7"," ","S","26","    21.1"," ","S","26","    16.1"," ","S","26","    11.2"," ","S","26","     6.6"," ","S","26","     5.0"," ","S","26","     2.9"," ","S","26","     0.1"," ","S","26","     0.0","X","S","26","    14.9"," ","S","26","    13.6"," ","S","26","    12.6"," ","S","28","     5.4"," ","S","28","     2.5"," ","S","28","     0.7"," ","S","28","     0.0"," ","S","28","     0.0"," ","S","28","     0.0"," ","S","28","     0.0"," ","S","28","    0.03"," ","S","28","    0.07"," ","S","28","    0.19"," ","S","28","    0.30"," ","S","24","    6.86"," ","S","24","     0.5"," ","S","27","     0.3"," ","S","27","     0.2"," ","S","27","     0.0"," ","S","27","     0.0"," ","S","27","     0.0"," ","S","27","     0.0"," ","S","27","     0.0"," ","S","27"," -9999.0","Y"," "," 0"," -9999.0","Y"," "," 0"," -9999.0","Y"," "," 0","     0.2"," ","S","27","    58.7"," ","S","27"," -9999.0","Z"," "," 0","     0.0"," ","S","27","     0.0"," ","S","27","     0.0"," ","S","27","     0.0"," ","S","27","     0.0"," ","S","27","     0.0"," ","S","27"," -9999.0","M"," "," 0"," -9999.0","M"," "," 0"," -9999.0","M"," "," 0"
"USC00421008","06-20"," 37.6411","-112.1703","2404.9","BRYCE CANYON NP HQRS, UT US","06","20","99","    61.4"," ","S","26","    76.8"," ","S","26","    45.9"," ","S","26","    30.9"," ","S","26","     5.9"," ","S","26","     7.0"," ","S","26","     6.1"," ","S","26","     5.7"," ","S","26","     4.4"," ","S","26","     0.0"," ","S","26","     0.0","X","S","26","     0.1"," ","S","26","     0.5"," ","S","26","     0.8"," ","S","26","     1.7"," ","S","26","     0.8"," ","S","26","    21.4"," ","S","26","    16.4"," ","S","26","    11.5"," ","S","26","     6.9"," ","S","26","     5.2"," ","S","26","     3.1"," ","S","26","     0.1"," ","S","26","     0.0","X","S","26","     0.8"," ","S","26","    21.4"," ","S","26","    16.4"," ","S","26","    11.5"," ","S","26","     6.9"," ","S","26","     5.2"," ","S","26","     3.1"," ","S","26","     0.1"," ","S","26","     0.0","X","S","26","    15.1"," ","S","26","    13.8"," ","S","26","    12.7"," ","S","28","     5.5"," ","S","28","     2.5"," ","S","28","     0.7"," ","S","28","     0.0"," ","S","28","     0.0"," ","S","28","     0.0"," ","S","28","     0.0"," ","S","28","    0.03"," ","S","28","    0.07"," ","S","28","    0.19"," ","S","28","    0.31"," ","S","24","    6.87"," ","S","24","     0.5"," ","S","27","     0.3"," ","S","27","     0.2"," ","S","27","     0.0"," ","S","27","     0.0"," ","S","27","     0.0"," ","S","27","     0.0"," ","S","27","     0.0"," ","S","27"," -9999.0","Y"," "," 0"," -9999.0","Y"," "," 0"," -9999.0","Y"," "," 0","     0.2"," ","S","27","    58.7"," ","S","27"," -9999.0","Z"," "," 0","     0.0"," ","S","27","     0.0"," ","S","27","     0.0"," ","S","27","     0.0"," ","S","27","     0.0"," ","S","27","     0.0"," ","S","27"," -9999.0","M"," "," 0"," -9999.0","M"," "," 0"," -9999.0","M"," "," 0"
"USC00421008","06-21"," 37.6411","-112.1703","2404.9","BRYCE CANYON NP HQRS, UT US","06","21","99","    61.7"," ","S","26","    77.1"," ","S","26","    46.3"," ","S","26","    30.9"," ","S","26","     5.8"," ","S","26","     6.9"," ","S","26","     6.1"," ","S","26","     5.7"," ","S","26","     4.2"," ","S","26","     0.0"," ","S","26","     0.0","X","S","26","     0.1"," ","S","26","     0.5"," ","S","26","     0.8"," ","S","26","     1.6"," ","S","26","     0.9"," ","S","26","    21.7"," ","S","26","    16.7"," ","S","26","    11.8"," ","S","26","     7.1"," ","S","26","     5.5"," ","S","26","     3.3"," ","S","26","     0.1"," ","S","26","     0.0","X","S","26","     0.9"," ","S","26","    21.7"," ","S","26","    16.7"," ","S","26","    11.8"," ","S","26","     7.1"," ","S","26","     5.5"," ","S","26","     3.3"," ","S","26","     0.1"," ","S","26","     0.0","X","S","26","    15.3"," ","S","26","    14.0"," ","S","26","    12.9"," ","S","28","     5.6"," ","S","28","     2.5"," ","S","28","     0.7"," ","S","28","     0.0"," ","S","28","     0.0"," ","S","28","     0.0"," ","S","28","     0.0"," ","S","28","    0.03"," ","S","28","    0.07"," ","S","28","    0.19"," ","S","28","    0.32"," ","S","24","    6.88"," ","S","24","     0.4"," ","S","27","     0.2"," ","S","27","     0.2"," ","S","27","     0.0"," ","S","27","     0.0"," ","S","27","     0.0"," ","S","27","     0.0"," ","S","27","     0.0"," ","S","27"," -9999.0","Y"," "," 0"," -9999.0","Y"," "," 0"," -9999.0","Y"," "," 0","     0.2"," ","S","27","    58.7"," ","S","27","     0.0"," ","S","27","     0.0"," ","S","27","     0.0"," ","S","27","     0.0"," ","S","27","     0.0"," ","S","27","     0.0"," ","S","27","     0.0"," ","S","27"," -9999.0","M"," "," 0"," -9999.0","M"," "," 0"," -9999.0","M"," "," 0"
"USC00421008","06-22"," 37.6411","-112.1703","2404.9","BRYCE CANYON NP HQRS, UT US","06","22","99","    62.0"," ","S","26","    77.4"," ","S","26","    46.6"," ","S","26","    30.8"," ","S","26","     5.8"," ","S","26","     6.8"," ","S","26","     6.0"," ","S","26","     5.7"," ","S","26","     4.0"," ","S","26","     0.0"," ","S","26","     0.0","X","S","26","     0.1"," ","S","26","     0.4"," ","S","26","     0.7"," ","S","26","     1.5"," ","S","26","     1.0"," ","S","26","    22.0"," ","S","26","    17.0"," ","S","26","    12.1"," ","S","26","     7.4"," ","S","26","     5.7"," ","S","26","     3.5"," ","S","26","     0.1"," ","S","26","     0.0","X","S","26","     1.0"," ","S","26","    22.0"," ","S","26","    17.0"," ","S","26","    12.1"," ","S","26","     7.4"," ","S","26","     5.7"," ","S","26","     3.5"," ","S","26","     0.1"," ","S","26","     0.0","X","S","26","    15.5"," ","S","26","    14.1"," ","S","26","    13.0"," ","S","28","     5.7"," ","S","28","     2.6"," ","S","28","     0.8"," ","S","28","     0.0"," ","S","28","     0.0"," ","S","28","     0.0"," ","S","28","     0.0"," ","S","28","    0.03"," ","S","28","    0.07"," ","S","28","    0.19"," ","S","28","    0.33"," ","S","24","    6.89"," ","S","24","     0.4"," ","S","27","     0.2"," ","S","27","     0.2"," ","S","27","     0.0"," ","S","27","     0.0"," ","S","27","     0.0"," ","S","27","     0.0"," ","S","27","     0.0"," ","S","27"," -9999.0","Y"," "," 0"," -9999.0","Y"," "," 0"," -9999.0","Y"," "," 0","     0.2"," ","S","27","    58.7"," ","S","27","     0.0"," ","S","27","     0.0"," ","S","27","     0.0"," ","S","27","     0.0"," ","S","27","     0.0"," ","S","27","     0.0"," ","S","27","     0.0"," ","S","27"," -9999.0","M"," "," 0"," -9999.0","M"," "," 0"," -9999.0","M"," "," 0"
"USC00421008","06-23"," 37.6411","-112.1703","2404.9","BRYCE CANYON NP HQRS, UT US","06","23","99","    62.3"," ","S","26","    77.7"," ","S","26","    46.9"," ","S","26","    30.7"," ","S","26","     5.7"," ","S","26","     6.7"," ","S","26","     6.0"," ","S","26","     5.7"," ","S","26","     3.8"," ","S","26","     0.0"," ","S","26","     0.0","X","S","26","     0.1"," ","S","26","     0.4"," ","S","26","     0.7"," ","S","26","     1.4"," ","S","26","     1.1"," ","S","26","    22.3"," ","S","26","    17.3"," ","S","26","    12.4"," ","S","26","     7.7"," ","S","26","     5.9"," ","S","26","     3.7"," ","S","26","     0.1"," ","S","26","     0.0","X","S","26","     1.1"," ","S","26","    22.3"," ","S","26","    17.3"," ","S","26","    12.4"," ","S","26","     7.7"," ","S","26","     5.9"," ","S","26","     3.7"," ","S","26","     0.1"," ","S","26","     0.0","X","S","26","    15.7"," ","S","26","    14.3"," ","S","26","    13.3"," ","S","28","     5.9"," ","S","28","     2.7"," ","S","28","     0.8"," ","S","28","     0.0"," ","S","28","     0.0"," ","S","28","     0.0"," ","S","28","     0.0"," ","S","28","    0.03"," ","S","28","    0.07"," ","S","28","    0.19"," ","S","28","    0.35"," ","S","24","    6.91"," ","S","24","     0.3"," ","S","27","     0.2"," ","S","27","     0.2"," ","S","27","     0.0"," ","S","27","     0.0"," ","S","27","     0.0"," ","S","27","     0.0"," ","S","27","     0.0"," ","S","27"," -9999.0","Y"," "," 0"," -9999.0","Y"," "," 0"," -9999.0","Y"," "," 0","     0.2"," ","S","27","    58.7"," ","S","27","     0.0"," ","S","27","     0.0"," ","S","27","     0.0"," ","S","27","     0.0"," ","S","27","     0.0"," ","S","27","     0.0"," ","S","27","     0.0"," ","S","27"," -9999.0","M"," "," 0"," -9999.0","M"," "," 0"," -9999.0","M"," "," 0"
"USC00421008","06-24"," 37.6411","-112.1703","2404.9","BRYCE CANYON NP HQRS, UT US","06","24","99","    62.6"," ","S","26","    77.9"," ","S","26","    47.2"," ","S","26","    30.7"," ","S","26","     5.6"," ","S","26","     6.6"," ","S","26","     6.0"," ","S","26","     5.6"," ","S","26","     3.6"," ","S","26","     0.0"," ","S","26","     0.0","X","S","26","     0.1"," ","S","26","     0.3"," ","S","26","     0.6"," ","S","26","     1.3"," ","S","26","     1.2"," ","S","26","    22.6"," ","S","26","    17.6"," ","S","26","    12.6"," ","S","26","     7.9"," ","S","26","     6.2"," ","S","26","     3.9"," ","S","26","     0.1"," ","S","26","     0.0","X","S","26","     1.2"," ","S","26","    22.6"," ","S","26","    17.6"," ","S","26","    12.6"," ","S","26","     7.9"," ","S","26","     6.2"," ","S","26","     3.9"," ","S","26","     0.1"," ","S","26","     0.0","X","S","26","    15.9"," ","S","26","    14.5"," ","S","26","    13.5"," ","S","28","     6.0"," ","S","28","     2.8"," ","S","28","     0.8"," ","S","28","     0.0"," ","S","28","     0.0"," ","S","28","     0.0"," ","S","28","     0.0"," ","S","28","    0.03"," ","S","28","    0.07"," ","S","28","    0.19"," ","S","28","    0.36"," ","S","24","    6.92"," ","S","24","     0.3"," ","S","27","     0.2"," ","S","27","     0.1"," ","S","27","     0.0"," ","S","27","     0.0"," ","S","27","     0.0"," ","S","27","     0.0"," ","S","27","     0.0"," ","S","27"," -9999.0","Y"," "," 0"," -9999.0","Y"," "," 0"," -9999.0","Y"," "," 0","     0.2"," ","S","27","    58.7"," ","S","27","     0.0"," ","S","27","     0.0"," ","S","27","     0.0"," ","S","27","     0.0"," ","S","27","     0.0"," ","S","27","     0.0"," ","S","27","     0.0"," ","S","27"," -9999.0","M"," "," 0"," -9999.0","M"," "," 0"," -9999.0","M"," "," 0"
"USC00421008","06-25"," 37.6411","-112.1703","2404.9","BRYCE CANYON NP HQRS, UT US","06","25","99","    62.8"," ","S","26","    78.1"," ","S","26","    47.6"," ","S","26","    30.6"," ","S","26","     5.6"," ","S","26","     6.5"," ","S","26","     5.9"," ","S","26","     5.6"," ","S","26","     3.4"," ","S","26","     0.0"," ","S","26","     0.0","X","S","26","     0.1"," ","S","26","     0.3"," ","S","26","     0.5"," ","S","26","     1.2"," ","S","26","     1.3"," ","S","26","    22.8"," ","S","26","    17.8"," ","S","26","    12.9"," ","S","26","     8.1"," ","S","26","     6.4"," ","S","26","     4.1"," ","S","26","     0.2"," ","S","26","     0.0","X","S","26","     1.3"," ","S","26","    22.8"," ","S","26","    17.8"," ","S","26","    12.9"," ","S","26","     8.1"," ","S","26","     6.4"," ","S","26","     4.1"," ","S","26","     0.2"," ","S","26","     0.0","X","S","26","    16.1"," ","S","26","    14.7"," ","S","26","    13.8"," ","S","28","     6.2"," ","S","28","     2.8"," ","S","28","     0.8"," ","S","28","     0.0"," ","S","28","     0.0"," ","S","28","     0.0"," ","S","28","     0.0"," ","S","28","    0.03"," ","S","28","    0.07"," ","S","28","    0.19"," ","S","28","    0.38"," ","S","24","    6.94"," ","S","24","     0.3"," ","S","27","     0.2"," ","S","27","     0.1"," ","S","27","     0.0"," ","S","27","     0.0"," ","S","27","     0.0"," ","S","27","     0.0"," ","S","27","     0.0"," ","S","27"," -9999.0","Y"," "," 0"," -9999.0","Y"," "," 0"," -9999.0","Y"," "," 0","     0.2"," ","S","27","    58.7"," ","S","27","     0.0"," ","S","27","     0.0"," ","S","27","     0.0"," ","S","27","     0.0"," ","S","27","     0.0"," ","S","27","     0.0"," ","S","27","     0.0"," ","S","27"," -9999.0","M"," "," 0"," -9999.0","M"," "," 0"," -9999.0","M"," "," 0"
"USC00421008","06-26"," 37.6411","-112.1703","2404.9","BRYCE CANYON NP HQRS, UT US","06","26","99","    63.1"," ","S","26","    78.4"," ","S","26","    47.9"," ","S","26","    30.5"," ","S","26","     5.5"," ","S","26","     6.4"," ","S","26","     5.9"," ","S","26","     5.6"," ","S","26","     3.2"," ","S","26","     0.0"," ","S","26","     0.0","X","S","26","     0.0","X","S","26","     0.2"," ","S","26","     0.5"," ","S","26","     1.1"," ","S","26","     1.3"," ","S","26","    23.1"," ","S","26","    18.1"," ","S","26","    13.2"," ","S","26","     8.4"," ","S","26","     6.6"," ","S","26","     4.2"," ","S","26","     0.2"," ","S","26","     0.1"," ","S","26","     1.3"," ","S","26","    23.1"," ","S","26","    18.1"," ","S","26","    13.2"," ","S","26","     8.4"," ","S","26","     6.6"," ","S","26","     4.2"," ","S","26","     0.2"," ","S","26","     0.1"," ","S","26","    16.3"," ","S","26","    14.9"," ","S","26","    14.2"," ","S","28","     6.4"," ","S","28","     2.9"," ","S","28","     0.9"," ","S","28","     0.0"," ","S","28","     0.0"," ","S","28","     0.0"," ","S","28","     0.0"," ","S","28","    0.03"," ","S","28","    0.07"," ","S","28","    0.19"," ","S","28","    0.39"," ","S","24","    6.95"," ","S","24","     0.2"," ","S","26","     0.1"," ","S","26","     0.1"," ","S","26","     0.0"," ","S","26","     0.0"," ","S","26","     0.0"," ","S","26","     0.0"," ","S","26","     0.0"," ","S","26"," -9999.0","Y"," "," 0"," -9999.0","Y"," "," 0"," -9999.0","Y"," "," 0","     0.2"," ","S","27","    58.7"," ","S","27","     0.0"," ","S","26","     0.0"," ","S","26","     0.0"," ","S","26","     0.0"," ","S","26","     0.0"," ","S","26","     0.0"," ","S","26","     0.0"," ","S","26"," -9999.0","M"," "," 0"," -9999.0","M"," "," 0"," -9999.0","M"," "," 0"
"USC00421008","06-27"," 37.6411","-112.1703","2404.9","BRYCE CANYON NP HQRS, UT US","06","27","99","    63.4"," ","S","26","    78.6"," ","S","26","    48.2"," ","S","26","    30.4"," ","S","26","     5.4"," ","S","26","     6.3"," ","S","26","     5.9"," ","S","26","     5.6"," ","S","26","     3.1"," ","S","26","     0.0"," ","S","26","     0.0","X","S","26","     0.0","X","S","26","     0.2"," ","S","26","     0.4"," ","S","26","     1.0"," ","S","26","     1.4"," ","S","26","    23.4"," ","S","26","    18.4"," ","S","26","    13.4"," ","S","26","     8.6"," ","S","26","     6.8"," ","S","26","     4.4"," ","S","26","     0.2"," ","S","26","     0.1"," ","S","26","     1.4"," ","S","26","    23.4"," ","S","26","    18.4"," ","S","26","    13.4"," ","S","26","     8.6"," ","S","26","     6.8"," ","S","26","     4.4"," ","S","26","     0.2"," ","S","26","     0.1"," ","S","26","    16.5"," ","S","26","    15.0"," ","S","26","    14.6"," ","S","28","     6.6"," ","S","28","     3.1"," ","S","28","     0.9"," ","S","28","     0.0"," ","S","28","     0.0"," ","S","28","     0.0"," ","S","28","     0.0"," ","S","28","    0.03"," ","S","28","    0.07"," ","S","28","    0.20"," ","S","28","    0.41"," ","S","24","    6.97"," ","S","24","     0.2"," ","S","26","     0.1"," ","S","26","     0.1"," ","S","26","     0.0"," ","S","26","     0.0"," ","S","26","     0.0"," ","S","26","     0.0"," ","S","26","     0.0"," ","S","26"," -9999.0","Y"," "," 0"," -9999.0","Y"," "," 0"," -9999.0","Y"," "," 0","     0.2"," ","S","27","    58.7"," ","S","27","     0.0"," ","S","26","     0.0"," ","S","26","     0.0"," ","S","26","     0.0"," ","S","26","     0.0"," ","S","26","     0.0"," ","S","26","     0.0"," ","S","26"," -9999.0","M"," "," 0"," -9999.0","M"," "," 0"," -9999.0","M"," "," 0"
"USC00421008","06-28"," 37.6411","-112.1703","2404.9","BRYCE CANYON NP HQRS, UT US","06","28","99","    63.6"," ","S","26","    78.8"," ","S","26","    48.5"," ","S","26","    30.2"," ","S","26","     5.3"," ","S","26","     6.3"," ","S","26","     5.8"," ","S","26","     5.6"," ","S","26","     2.9"," ","S","26","     0.0"," ","S","26","     0.0"," ","S","26","     0.0","X","S","26","     0.2"," ","S","26","     0.4"," ","S","26","     0.9"," ","S","26","     1.5"," ","S","26","    23.6"," ","S","26","    18.6"," ","S","26","    13.7"," ","S","26","     8.8"," ","S","26","     7.0"," ","S","26","     4.6"," ","S","26","     0.2"," ","S","26","     0.1"," ","S","26","     1.5"," ","S","26","    23.6"," ","S","26","    18.6"," ","S","26","    13.7"," ","S","26","     8.8"," ","S","26","     7.0"," ","S","26","     4.6"," ","S","26","     0.2"," ","S","26","     0.1"," ","S","26","    16.7"," ","S","26","    15.2"," ","S","26","    15.0"," ","S","28","     6.8"," ","S","28","     3.2"," ","S","28","     1.0"," ","S","28","     0.0"," ","S","28","     0.0"," ","S","28","     0.0"," ","S","28","     0.0"," ","S","28","    0.03"," ","S","28","    0.07"," ","S","28","    0.20"," ","S","28","    0.43"," ","S","24","    6.99"," ","S","24","     0.2"," ","S","26","     0.1"," ","S","26","     0.1"," ","S","26","     0.0"," ","S","26","     0.0"," ","S","26","     0.0"," ","S","26","     0.0"," ","S","26","     0.0"," ","S","26"," -9999.0","Y"," "," 0"," -9999.0","Y"," "," 0"," -9999.0","Y"," "," 0","     0.2"," ","S","27","    58.7"," ","S","27","     0.0"," ","S","26","     0.0"," ","S","26","     0.0"," ","S","26","     0.0"," ","S","26","     0.0"," ","S","26","     0.0"," ","S","26","     0.0"," ","S","26"," -9999.0","M"," "," 0"," -9999.0","M"," "," 0"," -9999.0","M"," "," 0"
"USC00421008","06-29"," 37.6411","-112.1703","2404.9","BRYCE CANYON NP HQRS, UT US","06","29","99","    63.9"," ","S","26","    78.9"," ","S","26","    48.8"," ","S","26","    30.1"," ","S","26","     5.2"," ","S","26","     6.2"," ","S","26","     5.7"," ","S","26","     5.6"," ","S","26","     2.7"," ","S","26","     0.0"," ","S","26","     0.0"," ","S","26","     0.0","X","S","26","     0.2"," ","S","26","     0.3"," ","S","26","     0.8"," ","S","26","     1.6"," ","S","26","    23.9"," ","S","26","    18.9"," ","S","26","    13.9"," ","S","26","     9.1"," ","S","26","     7.2"," ","S","26","     4.7"," ","S","26","     0.2"," ","S","26","     0.1"," ","S","26","     1.6"," ","S","26","    23.9"," ","S","26","    18.9"," ","S","26","    13.9"," ","S","26","     9.1"," ","S","26","     7.2"," ","S","26","     4.7"," ","S","26","     0.2"," ","S","26","     0.1"," ","S","26","    16.8"," ","S","26","    15.3"," ","S","26","    15.5"," ","S","28","     7.1"," ","S","28","     3.4"," ","S","28","     1.1"," ","S","28","     0.0"," ","S","28","     0.0"," ","S","28","     0.0"," ","S","28","     0.0"," ","S","28","    0.03"," ","S","28","    0.07"," ","S","28","    0.20"," ","S","28","    0.45"," ","S","24","    7.01"," ","S","24","     0.2"," ","S","26","     0.1"," ","S","26","     0.1"," ","S","26","     0.0"," ","S","26","     0.0"," ","S","26","     0.0"," ","S","26","     0.0"," ","S","26","     0.0"," ","S","26"," -9999.0","Y"," "," 0"," -9999.0","Y"," "," 0"," -9999.0","Y"," "," 0","     0.2"," ","S","27","    58.7"," ","S","27","     0.0"," ","S","26","     0.0"," ","S","26","     0.0"," ","S","26","     0.0"," ","S","26","     0.0"," ","S","26","     0.0"," ","S","26","     0.0"," ","S","26"," -9999.0","M"," "," 0"," -9999.0","M"," "," 0"," -9999.0","M"," "," 0"
"USC00421008","06-30"," 37.6411","-112.1703","2404.9","BRYCE CANYON NP HQRS, UT US","06","30","99","    64.1"," ","S","26","    79.1"," ","S","26","    49.1"," ","S","26","    30.0"," ","S","26","     5.2"," ","S","26","     6.1"," ","S","26","     5.7"," ","S","26","     5.6"," ","S","26","     2.5"," ","S","26","     0.0"," ","S","26","     0.0"," ","S","26","     0.0","X","S","26","     0.1"," ","S","26","     0.3"," ","S","26","     0.8"," ","S","26","     1.6"," ","S","26","    24.1"," ","S","26","    19.1"," ","S","26","    14.2"," ","S","26","     9.3"," ","S","26","     7.4"," ","S","26","     4.9"," ","S","26","     0.2"," ","S","26","     0.1"," ","S","26","     1.6"," ","S","26","    24.1"," ","S","26","    19.1"," ","S","26","    14.2"," ","S","26","     9.3"," ","S","26","     7.4"," ","S","26","     4.9"," ","S","26","     0.2"," ","S","26","     0.1"," ","S","26","    17.0"," ","S","26","    15.4"," ","S","26","    16.1"," ","S","28","     7.4"," ","S","28","     3.5"," ","S","28","     1.1"," ","S","28","     0.0"," ","S","28","     0.0"," ","S","28","     0.0"," ","S","28","     0.0"," ","S","28","    0.03"," ","S","28","    0.07"," ","S","28","    0.20"," ","S","28","    0.47"," ","S","24","    7.03"," ","S","24","     0.2"," ","S","26","     0.1"," ","S","26","     0.1"," ","S","26","     0.0"," ","S","26","     0.0"," ","S","26","     0.0"," ","S","26","     0.0"," ","S","26","     0.0"," ","S","26"," -9999.0","Y"," "," 0"," -9999.0","Y"," "," 0"," -9999.0","Y"," "," 0","     0.2"," ","S","27","    58.7"," ","S","27","     0.0"," ","S","26","     0.0"," ","S","26","     0.0"," ","S","26","     0.0"," ","S","26","     0.0"," ","S","26","     0.0"," ","S","26","     0.0"," ","S","26"," -9999.0","M"," "," 0"," -9999.0","M"," "," 0"," -9999.0","M"," "," 0"
"USC00421008","07-01"," 37.6411","-112.1703","2404.9","BRYCE CANYON NP HQRS, UT US","07","01","99","    64.4"," ","S","27","    79.3"," ","S","27","    49.4"," ","S","27","    29.9"," ","S","27","     5.1"," ","S","27","     6.0"," ","S","27","     5.6"," ","S","27","     5.6"," ","S","27","     2.3"," ","S","27","     0.0"," ","S","27","     0.0"," ","S","27","     0.0","X","S","27","     0.1"," ","S","27","     0.3"," ","S","27","     0.7"," ","S","27","     1.7"," ","S","27","    24.4"," ","S","27","    19.4"," ","S","27","    14.4"," ","S","27","     9.5"," ","S","27","     7.6"," ","S","27","     5.0"," ","S","27","     0.2"," ","S","27","     0.1"," ","S","27","     1.7"," ","S","27","    24.4"," ","S","27","    19.4"," ","S","27","    14.4"," ","S","27","     9.5"," ","S","27","     7.6"," ","S","27","     5.0"," ","S","27","     0.2"," ","S","27","     0.1"," ","S","27","    17.1"," ","S","27","    15.6"," ","S","27","    16.7"," ","S","28","     7.7"," ","S","28","     3.7"," ","S","28","     1.2"," ","S","28","     0.1"," ","S","28","     0.0"," ","S","28","     0.0"," ","S","28","     0.0"," ","S","28","    0.03"," ","S","28","    0.07"," ","S","28","    0.21"," ","S","28","    0.03"," ","S","25","    7.06"," ","S","25","     0.0"," ","S","26","     0.0"," ","S","26","     0.0"," ","S","26","     0.0"," ","S","26","     0.0"," ","S","26","     0.0"," ","S","26","     0.0"," ","S","26","     0.0"," ","S","26"," -9999.0","M"," "," 0"," -9999.0","M"," "," 0"," -9999.0","M"," "," 0","     0.0"," ","S","27","    58.7"," ","S","27","     0.0"," ","S","26","     0.0"," ","S","26","     0.0"," ","S","26","     0.0"," ","S","26","     0.0"," ","S","26","     0.0"," ","S","26","     0.0"," ","S","26"," -9999.0","M"," "," 0"," -9999.0","M"," "," 0"," -9999.0","M"," "," 0"
"USC00421008","07-02"," 37.6411","-112.1703","2404.9","BRYCE CANYON NP HQRS, UT US","07","02","99","    64.6"," ","S","27","    79.4"," ","S","27","    49.7"," ","S","27","    29.7"," ","S","27","     5.0"," ","S","27","     6.0"," ","S","27","     5.6"," ","S","27","     5.6"," ","S","27","     2.2"," ","S","27","     0.0"," ","S","27","     0.0"," ","S","27","     0.0","X","S","27","     0.1"," ","S","27","     0.2"," ","S","27","     0.6"," ","S","27","     1.8"," ","S","27","    24.6"," ","S","27","    19.6"," ","S","27","    14.6"," ","S","27","     9.7"," ","S","27","     7.8"," ","S","27","     5.2"," ","S","27","     0.2"," ","S","27","     0.1"," ","S","27","     1.8"," ","S","27","    24.6"," ","S","27","    19.6"," ","S","27","    14.6"," ","S","27","     9.7"," ","S","27","     7.8"," ","S","27","     5.2"," ","S","27","     0.2"," ","S","27","     0.1"," ","S","27","    17.3"," ","S","27","    15.7"," ","S","27","    17.3"," ","S","28","     8.1"," ","S","28","     3.8"," ","S","28","     1.3"," ","S","28","     0.1"," ","S","28","     0.0"," ","S","28","     0.0"," ","S","28","     0.0"," ","S","28","    0.03"," ","S","28","    0.07"," ","S","28","    0.21"," ","S","28","    0.06"," ","S","25","    7.09"," ","S","25","     0.0"," ","S","26","     0.0"," ","S","26","     0.0"," ","S","26","     0.0"," ","S","26","     0.0"," ","S","26","     0.0"," ","S","26","     0.0"," ","S","26","     0.0"," ","S","26"," -9999.0","M"," "," 0"," -9999.0","M"," "," 0"," -9999.0","M"," "," 0","     0.0"," ","S","27","    58.7"," ","S","27","     0.0"," ","S","26","     0.0"," ","S","26","     0.0"," ","S","26","     0.0"," ","S","26","     0.0"," ","S","26","     0.0"," ","S","26","     0.0"," ","S","26"," -9999.0","M"," "," 0"," -9999.0","M"," "," 0"," -9999.0","M"," "," 0"
"USC00421008","07-03"," 37.6411","-112.1703","2404.9","BRYCE CANYON NP HQRS, UT US","07","03","99","    64.8"," ","S","27","    79.6"," ","S","27","    50.0"," ","S","27","    29.6"," ","S","27","     5.0"," ","S","27","     5.9"," ","S","27","     5.5"," ","S","27","     5.6"," ","S","27","     2.1"," ","S","27","     0.0"," ","S","27","     0.0"," ","S","27","     0.0","X","S","27","     0.1"," ","S","27","     0.2"," ","S","27","     0.6"," ","S","27","     1.9"," ","S","27","    24.8"," ","S","27","    19.8"," ","S","27","    14.8"," ","S","27","     9.9"," ","S","27","     8.0"," ","S","27","     5.4"," ","S","27","     0.3"," ","S","27","     0.1"," ","S","27","     1.9"," ","S","27","    24.8"," ","S","27","    19.8"," ","S","27","    14.8"," ","S","27","     9.9"," ","S","27","     8.0"," ","S","27","     5.4"," ","S","27","     0.3"," ","S","27","     0.1"," ","S","27","    17.4"," ","S","27","    15.8"," ","S","27","    18.0"," ","S","28","     8.4"," ","S","28","     4.0"," ","S","28","     1.4"," ","S","28","     0.1"," ","S","28","     0.0"," ","S","28","     0.0"," ","S","28","     0.0"," ","S","28","    0.03"," ","S","28","    0.08"," ","S","28","    0.21"," ","S","28","    0.09"," ","S","25","    7.12"," ","S","25","     0.0"," ","S","26","     0.0"," ","S","26","     0.0"," ","S","26","     0.0"," ","S","26","     0.0"," ","S","26","     0.0"," ","S","26","     0.0"," ","S","26","     0.0"," ","S","26"," -9999.0","M"," "," 0"," -9999.0","M"," "," 0"," -9999.0","M"," "," 0","     0.0"," ","S","27","    58.7"," ","S","27","     0.0"," ","S","26","     0.0"," ","S","26","     0.0"," ","S","26","     0.0"," ","S","26","     0.0"," ","S","26","     0.0"," ","S","26","     0.0"," ","S","26"," -9999.0","M"," "," 0"," -9999.0","M"," "," 0"," -9999.0","M"," "," 0"
"USC00421008","07-04"," 37.6411","-112.1703","2404.9","BRYCE CANYON NP HQRS, UT US","07","04","99","    65.0"," ","S","27","    79.7"," ","S","27","    50.3"," ","S","27","    29.4"," ","S","27","     4.9"," ","S","27","     5.9"," ","S","27","     5.5"," ","S","27","     5.6"," ","S","27","     1.9"," ","S","27","     0.0"," ","S","27","     0.0"," ","S","27","     0.0","X","S","27","     0.1"," ","S","27","     0.2"," ","S","27","     0.5"," ","S","27","     1.9"," ","S","27","    25.0"," ","S","27","    20.0"," ","S","27","    15.0"," ","S","27","    10.1"," ","S","27","     8.2"," ","S","27","     5.5"," ","S","27","     0.3"," ","S","27","     0.1"," ","S","27","     1.9"," ","S","27","    25.0"," ","S","27","    20.0"," ","S","27","    15.0"," ","S","27","    10.1"," ","S","27","     8.2"," ","S","27","     5.5"," ","S","27","     0.3"," ","S","27","     0.1"," ","S","27","    17.6"," ","S","27","    15.9"," ","S","27","    18.7"," ","S","28","     8.8"," ","S","28","     4.2"," ","S","28","     1.5"," ","S","28","     0.1"," ","S","28","     0.0"," ","S","28","     0.0"," ","S","28","     0.0"," ","S","28","    0.03"," ","S","28","    0.08"," ","S","28","    0.21"," ","S","28","    0.12"," ","S","25","    7.15"," ","S","25","     0.0"," ","S","26","     0.0"," ","S","26","     0.0"," ","S","26","     0.0"," ","S","26","     0.0"," ","S","26","     0.0"," ","S","26","     0.0"," ","S","26","     0.0"," ","S","26"," -9999.0","M"," "," 0"," -9999.0","M"," "," 0"," -9999.0","M"," "," 0","     0.0"," ","S","27","    58.7"," ","S","27","     0.0"," ","S","26","     0.0"," ","S","26","     0.0"," ","S","26","     0.0"," ","S","26","     0.0"," ","S","26","     0.0"," ","S","26","     0.0"," ","S","26"," -9999.0","M"," "," 0"," -9999.0","M"," "," 0"," -9999.0","M"," "," 0"
"USC00421008","07-05"," 37.6411","-112.1703","2404.9","BRYCE CANYON NP HQRS, UT US","07","05","99","    65.2"," ","S","27","    79.8"," ","S","27","    50.5"," ","S","27","    29.3"," ","S","27","     4.9"," ","S","27","     5.8"," ","S","27","     5.4"," ","S","27","     5.6"," ","S","27","     1.8"," ","S","27","     0.0"," ","S","27","     0.0"," ","S","27","     0.0","X","S","27","     0.1"," ","S","27","     0.2"," ","S","27","     0.5"," ","S","27","     2.0"," ","S","27","    25.2"," ","S","27","    20.2"," ","S","27","    15.2"," ","S","27","    10.2"," ","S","27","     8.3"," ","S","27","     5.6"," ","S","27","     0.3"," ","S","27","     0.1"," ","S","27","     2.0"," ","S","27","    25.2"," ","S","27","    20.2"," ","S","27","    15.2"," ","S","27","    10.2"," ","S","27","     8.3"," ","S","27","     5.6"," ","S","27","     0.3"," ","S","27","     0.1"," ","S","27","    17.7"," ","S","27","    16.0"," ","S","27","    19.4"," ","S","28","     9.2"," ","S","28","     4.4"," ","S","28","     1.6"," ","S","28","     0.1"," ","S","28","     0.0"," ","S","28","     0.0"," ","S","28","     0.0"," ","S","28","    0.03"," ","S","28","    0.08"," ","S","28","    0.21"," ","S","28","    0.15"," ","S","25","    7.18"," ","S","25","     0.0"," ","S","26","     0.0"," ","S","26","     0.0"," ","S","26","     0.0"," ","S","26","     0.0"," ","S","26","     0.0"," ","S","26","     0.0"," ","S","26","     0.0"," ","S","26"," -9999.0","M"," "," 0"," -9999.0","M"," "," 0"," -9999.0","M"," "," 0","     0.0"," ","S","27","    58.7"," ","S","27","     0.0"," ","S","26","     0.0"," ","S","26","     0.0"," ","S","26","     0.0"," ","S","26","     0.0"," ","S","26","     0.0"," ","S","26","     0.0"," ","S","26"," -9999.0","M"," "," 0"," -9999.0","M"," "," 0"," -9999.0","M"," "," 0"
"USC00421008","07-06"," 37.6411","-112.1703","2404.9","BRYCE CANYON NP HQRS, UT US","07","06","99","    65.4"," ","S","27","    79.9"," ","S","27","    50.8"," ","S","27","    29.1"," ","S","27","     4.8"," ","S","27","     5.7"," ","S","27","     5.4"," ","S","27","     5.6"," ","S","27","     1.7"," ","S","27","     0.0"," ","S","27","     0.0"," ","S","27","     0.0","X","S","27","     0.1"," ","S","27","     0.1"," ","S","27","     0.4"," ","S","27","     2.0"," ","S","27","    25.4"," ","S","27","    20.3"," ","S","27","    15.4"," ","S","27","    10.4"," ","S","27","     8.5"," ","S","27","     5.8"," ","S","27","     0.3"," ","S","27","     0.1"," ","S","27","     2.0"," ","S","27","    25.4"," ","S","27","    20.3"," ","S","27","    15.4"," ","S","27","    10.4"," ","S","27","     8.5"," ","S","27","     5.8"," ","S","27","     0.3"," ","S","27","     0.1"," ","S","27","    17.8"," ","S","27","    16.1"," ","S","27","    20.1"," ","S","30","     9.6"," ","S","30","     4.6"," ","S","30","     1.7"," ","S","30","     0.1"," ","S","30","     0.0"," ","S","30","     0.0"," ","S","30","     0.0"," ","S","30","    0.03"," ","S","30","    0.08"," ","S","30","    0.22"," ","S","30","    0.19"," ","S","25","    7.22"," ","S","25","     0.0"," ","S","28","     0.0"," ","S","28","     0.0"," ","S","28","     0.0"," ","S","28","     0.0"," ","S","28","     0.0"," ","S","28","     0.0"," ","S","28","     0.0"," ","S","28"," -9999.0","M"," "," 0"," -9999.0","M"," "," 0"," -9999.0","M"," "," 0","     0.0"," ","S","27","    58.7"," ","S","27","     0.0"," ","S","27","     0.0"," ","S","27","     0.0"," ","S","27","     0.0"," ","S","27","     0.0"," ","S","27","     0.0"," ","S","27","     0.0"," ","S","27"," -9999.0","M"," "," 0"," -9999.0","M"," "," 0"," -9999.0","M"," "," 0"
"USC00421008","07-07"," 37.6411","-112.1703","2404.9","BRYCE CANYON NP HQRS, UT US","07","07","99","    65.5"," ","S","27","    80.0"," ","S","27","    51.0"," ","S","27","    29.0"," ","S","27","     4.8"," ","S","27","     5.7"," ","S","27","     5.3"," ","S","27","     5.6"," ","S","27","     1.6"," ","S","27","     0.0"," ","S","27","     0.0"," ","S","27","     0.0","X","S","27","     0.0","X","S","27","     0.1"," ","S","27","     0.4"," ","S","27","     2.1"," ","S","27","    25.5"," ","S","27","    20.5"," ","S","27","    15.5"," ","S","27","    10.6"," ","S","27","     8.6"," ","S","27","     5.9"," ","S","27","     0.3"," ","S","27","     0.1"," ","S","27","     2.1"," ","S","27","    25.5"," ","S","27","    20.5"," ","S","27","    15.5"," ","S","27","    10.6"," ","S","27","     8.6"," ","S","27","     5.9"," ","S","27","     0.3"," ","S","27","     0.1"," ","S","27","    17.9"," ","S","27","    16.2"," ","S","27","    20.9"," ","S","30","    10.1"," ","S","30","     4.8"," ","S","30","     1.8"," ","S","30","     0.1"," ","S","30","     0.0"," ","S","30","     0.0"," ","S","30","     0.0"," ","S","30","    0.03"," ","S","30","    0.08"," ","S","30","    0.22"," ","S","30","    0.22"," ","S","25","    7.25"," ","S","25","     0.0"," ","S","28","     0.0"," ","S","28","     0.0"," ","S","28","     0.0"," ","S","28","     0.0"," ","S","28","     0.0"," ","S","28","     0.0"," ","S","28","     0.0"," ","S","28"," -9999.0","M"," "," 0"," -9999.0","M"," "," 0"," -9999.0","M"," "," 0","     0.0"," ","S","27","    58.7"," ","S","27","     0.0"," ","S","28","     0.0"," ","S","28","     0.0"," ","S","28","     0.0"," ","S","28","     0.0"," ","S","28","     0.0"," ","S","28","     0.0"," ","S","28"," -9999.0","M"," "," 0"," -9999.0","M"," "," 0"," -9999.0","M"," "," 0"
"USC00421008","07-08"," 37.6411","-112.1703","2404.9","BRYCE CANYON NP HQRS, UT US","07","08","99","    65.7"," ","S","27","    80.1"," ","S","27","    51.3"," ","S","27","    28.8"," ","S","27","     4.7"," ","S","27","     5.6"," ","S","27","     5.3"," ","S","27","     5.6"," ","S","27","     1.5"," ","S","27","     0.0"," ","S","27","     0.0"," ","S","27","     0.0","X","S","27","     0.0","X","S","27","     0.1"," ","S","27","     0.3"," ","S","27","     2.2"," ","S","27","    25.7"," ","S","27","    20.7"," ","S","27","    15.7"," ","S","27","    10.7"," ","S","27","     8.8"," ","S","27","     6.0"," ","S","27","     0.3"," ","S","27","     0.1"," ","S","27","     2.2"," ","S","27","    25.7"," ","S","27","    20.7"," ","S","27","    15.7"," ","S","27","    10.7"," ","S","27","     8.8"," ","S","27","     6.0"," ","S","27","     0.3"," ","S","27","     0.1"," ","S","27","    18.0"," ","S","27","    16.3"," ","S","27","    21.6"," ","S","30","    10.4"," ","S","30","     5.0"," ","S","30","     1.9"," ","S","30","     0.2"," ","S","30","     0.0"," ","S","30","     0.0"," ","S","30","     0.0"," ","S","30","    0.03"," ","S","30","    0.08"," ","S","30","    0.22"," ","S","30","    0.26"," ","S","25","    7.29"," ","S","25","     0.0"," ","S","28","     0.0"," ","S","28","     0.0"," ","S","28","     0.0"," ","S","28","     0.0"," ","S","28","     0.0"," ","S","28","     0.0"," ","S","28","     0.0"," ","S","28"," -9999.0","M"," "," 0"," -9999.0","M"," "," 0"," -9999.0","M"," "," 0","     0.0"," ","S","27","    58.7"," ","S","27","     0.0"," ","S","28","     0.0"," ","S","28","     0.0"," ","S","28","     0.0"," ","S","28","     0.0"," ","S","28","     0.0"," ","S","28","     0.0"," ","S","28"," -9999.0","M"," "," 0"," -9999.0","M"," "," 0"," -9999.0","M"," "," 0"
"USC00421008","07-09"," 37.6411","-112.1703","2404.9","BRYCE CANYON NP HQRS, UT US","07","09","99","    65.8"," ","S","27","    80.1"," ","S","27","    51.5"," ","S","27","    28.6"," ","S","27","     4.6"," ","S","27","     5.6"," ","S","27","     5.2"," ","S","27","     5.6"," ","S","27","     1.4"," ","S","27","     0.0"," ","S","27","     0.0"," ","S","27","     0.0","X","S","27","     0.0","X","S","27","     0.1"," ","S","27","     0.3"," ","S","27","     2.2"," ","S","27","    25.8"," ","S","27","    20.8"," ","S","27","    15.8"," ","S","27","    10.8"," ","S","27","     8.9"," ","S","27","     6.1"," ","S","27","     0.4"," ","S","27","     0.1"," ","S","27","     2.2"," ","S","27","    25.8"," ","S","27","    20.8"," ","S","27","    15.8"," ","S","27","    10.8"," ","S","27","     8.9"," ","S","27","     6.1"," ","S","27","     0.4"," ","S","27","     0.1"," ","S","27","    18.1"," ","S","27","    16.4"," ","S","27","    22.3"," ","S","30","    10.8"," ","S","30","     5.2"," ","S","30","     2.0"," ","S","30","     0.2"," ","S","30","     0.0"," ","S","30","     0.0"," ","S","30","     0.0"," ","S","30","    0.03"," ","S","30","    0.08"," ","S","30","    0.22"," ","S","30","    0.29"," ","S","25","    7.32"," ","S","25","     0.0"," ","S","28","     0.0"," ","S","28","     0.0"," ","S","28","     0.0"," ","S","28","     0.0"," ","S","28","     0.0"," ","S","28","     0.0"," ","S","28","     0.0"," ","S","28"," -9999.0","M"," "," 0"," -9999.0","M"," "," 0"," -9999.0","M"," "," 0","     0.0"," ","S","27","    58.7"," ","S","27","     0.0"," ","S","28","     0.0"," ","S","28","     0.0"," ","S","28","     0.0"," ","S","28","     0.0"," ","S","28","     0.0"," ","S","28","     0.0"," ","S","28"," -9999.0","M"," "," 0"," -9999.0","M"," "," 0"," -9999.0","M"," "," 0"
"USC00421008","07-10"," 37.6411","-112.1703","2404.9","BRYCE CANYON NP HQRS, UT US","07","10","99","    66.0"," ","S","27","    80.2"," ","S","27","    51.7"," ","S","27","    28.5"," ","S","27","     4.6"," ","S","27","     5.5"," ","S","27","     5.1"," ","S","27","     5.6"," ","S","27","     1.3"," ","S","27","     0.0"," ","S","27","     0.0"," ","S","27","     0.0","X","S","27","     0.0","X","S","27","     0.1"," ","S","27","     0.2"," ","S","27","     2.3"," ","S","27","    26.0"," ","S","27","    20.9"," ","S","27","    16.0"," ","S","27","    11.0"," ","S","27","     9.0"," ","S","27","     6.2"," ","S","27","     0.4"," ","S","27","     0.1"," ","S","27","     2.3"," ","S","27","    26.0"," ","S","27","    20.9"," ","S","27","    16.0"," ","S","27","    11.0"," ","S","27","     9.0"," ","S","27","     6.2"," ","S","27","     0.4"," ","S","27","     0.1"," ","S","27","    18.2"," ","S","27","    16.5"," ","S","27","    23.0"," ","S","30","    11.1"," ","S","30","     5.4"," ","S","30","     2.1"," ","S","30","     0.2"," ","S","30","     0.0"," ","S","30","     0.0"," ","S","30","     0.0"," ","S","30","    0.03"," ","S","30","    0.08"," ","S","30","    0.22"," ","S","30","    0.33"," ","S","25","    7.36"," ","S","25","     0.0"," ","S","28","     0.0"," ","S","28","     0.0"," ","S","28","     0.0"," ","S","28","     0.0"," ","S","28","     0.0"," ","S","28","     0.0"," ","S","28","     0.0"," ","S","28"," -9999.0","M"," "," 0"," -9999.0","M"," "," 0"," -9999.0","M"," "," 0","     0.0"," ","S","27","    58.7"," ","S","27","     0.0"," ","S","28","     0.0"," ","S","28","     0.0"," ","S","28","     0.0"," ","S","28","     0.0"," ","S","28","     0.0"," ","S","28","     0.0"," ","S","28"," -9999.0","M"," "," 0"," -9999.0","M"," "," 0"," -9999.0","M"," "," 0"
"USC00421008","07-11"," 37.6411","-112.1703","2404.9","BRYCE CANYON NP HQRS, UT US","07","11","99","    66.1"," ","S","27","    80.3"," ","S","27","    51.9"," ","S","27","    28.3"," ","S","27","     4.5"," ","S","27","     5.5"," ","S","27","     5.1"," ","S","27","     5.6"," ","S","27","     1.3"," ","S","27","     0.0"," ","S","27","     0.0"," ","S","27","     0.0"," ","S","27","     0.0","X","S","27","     0.0","X","S","27","     0.2"," ","S","27","     2.3"," ","S","27","    26.1"," ","S","27","    21.1"," ","S","27","    16.1"," ","S","27","    11.1"," ","S","27","     9.1"," ","S","27","     6.3"," ","S","27","     0.4"," ","S","27","     0.2"," ","S","27","     2.3"," ","S","27","    26.1"," ","S","27","    21.1"," ","S","27","    16.1"," ","S","27","    11.1"," ","S","27","     9.1"," ","S","27","     6.3"," ","S","27","     0.4"," ","S","27","     0.2"," ","S","27","    18.2"," ","S","27","    16.5"," ","S","27","    23.6"," ","S","30","    11.5"," ","S","30","     5.6"," ","S","30","     2.1"," ","S","30","     0.2"," ","S","30","     0.0"," ","S","30","     0.0"," ","S","30","     0.0"," ","S","30","    0.03"," ","S","30","    0.09"," ","S","30","    0.23"," ","S","30","    0.38"," ","S","25","    7.41"," ","S","25","     0.0"," ","S","28","     0.0"," ","S","28","     0.0"," ","S","28","     0.0"," ","S","28","     0.0"," ","S","28","     0.0"," ","S","28","     0.0"," ","S","28","     0.0"," ","S","28"," -9999.0","M"," "," 0"," -9999.0","M"," "," 0"," -9999.0","M"," "," 0","     0.0"," ","S","27","    58.7"," ","S","27","     0.0"," ","S","28","     0.0"," ","S","28","     0.0"," ","S","28","     0.0"," ","S","28","     0.0"," ","S","28","     0.0"," ","S","28","     0.0"," ","S","28"," -9999.0","M"," "," 0"," -9999.0","M"," "," 0"," -9999.0","M"," "," 0"
"USC00421008","07-12"," 37.6411","-112.1703","2404.9","BRYCE CANYON NP HQRS, UT US","07","12","99","    66.2"," ","S","27","    80.3"," ","S","27","    52.1"," ","S","27","    28.2"," ","S","27","     4.4"," ","S","27","     5.5"," ","S","27","     5.0"," ","S","27","     5.6"," ","S","27","     1.2"," ","S","27","     0.0"," ","S","27","     0.0"," ","S","27","     0.0"," ","S","27","     0.0","X","S","27","     0.0","X","S","27","     0.2"," ","S","27","     2.4"," ","S","27","    26.2"," ","S","27","    21.2"," ","S","27","    16.2"," ","S","27","    11.2"," ","S","27","     9.2"," ","S","27","     6.4"," ","S","27","     0.4"," ","S","27","     0.2"," ","S","27","     2.4"," ","S","27","    26.2"," ","S","27","    21.2"," ","S","27","    16.2"," ","S","27","    11.2"," ","S","27","     9.2"," ","S","27","     6.4"," ","S","27","     0.4"," ","S","27","     0.2"," ","S","27","    18.3"," ","S","27","    16.6"," ","S","27","    24.3"," ","S","30","    11.9"," ","S","30","     5.8"," ","S","30","     2.2"," ","S","30","     0.2"," ","S","30","     0.0"," ","S","30","     0.0"," ","S","30","     0.0"," ","S","30","    0.03"," ","S","30","    0.09"," ","S","30","    0.23"," ","S","30","    0.43"," ","S","25","    7.46"," ","S","25","     0.0"," ","S","28","     0.0"," ","S","28","     0.0"," ","S","28","     0.0"," ","S","28","     0.0"," ","S","28","     0.0"," ","S","28","     0.0"," ","S","28","     0.0"," ","S","28"," -9999.0","M"," "," 0"," -9999.0","M"," "," 0"," -9999.0","M"," "," 0","     0.0"," ","S","27","    58.7"," ","S","27","     0.0"," ","S","28","     0.0"," ","S","28","     0.0"," ","S","28","     0.0"," ","S","28","     0.0"," ","S","28","     0.0"," ","S","28","     0.0"," ","S","28"," -9999.0","M"," "," 0"," -9999.0","M"," "," 0"," -9999.0","M"," "," 0"
"USC00421008","07-13"," 37.6411","-112.1703","2404.9","BRYCE CANYON NP HQRS, UT US","07","13","99","    66.3"," ","S","27","    80.3"," ","S","27","    52.3"," ","S","27","    28.1"," ","S","27","     4.4"," ","S","27","     5.5"," ","S","27","     4.9"," ","S","27","     5.6"," ","S","27","     1.1"," ","S","27","     0.0"," ","S","27","     0.0"," ","S","27","     0.0"," ","S","27","     0.0","X","S","27","     0.0","X","S","27","     0.2"," ","S","27","     2.4"," ","S","27","    26.3"," ","S","27","    21.3"," ","S","27","    16.3"," ","S","27","    11.3"," ","S","27","     9.3"," ","S","27","     6.4"," ","S","27","     0.4"," ","S","27","     0.2"," ","S","27","     2.4"," ","S","27","    26.3"," ","S","27","    21.3"," ","S","27","    16.3"," ","S","27","    11.3"," ","S","27","     9.3"," ","S","27","     6.4"," ","S","27","     0.4"," ","S","27","     0.2"," ","S","27","    18.4"," ","S","27","    16.6"," ","S","27","    24.9"," ","S","30","    12.3"," ","S","30","     5.9"," ","S","30","     2.3"," ","S","30","     0.2"," ","S","30","     0.0"," ","S","30","     0.0"," ","S","30","     0.0"," ","S","30","    0.03"," ","S","30","    0.09"," ","S","30","    0.23"," ","S","30","    0.48"," ","S","25","    7.51"," ","S","25","     0.0"," ","S","28","     0.0"," ","S","28","     0.0"," ","S","28","     0.0"," ","S","28","     0.0"," ","S","28","     0.0"," ","S","28","     0.0"," ","S","28","     0.0"," ","S","28"," -9999.0","M"," "," 0"," -9999.0","M"," "," 0"," -9999.0","M"," "," 0","     0.0"," ","S","27","    58.7"," ","S","27","     0.0"," ","S","28","     0.0"," ","S","28","     0.0"," ","S","28","     0.0"," ","S","28","     0.0"," ","S","28","     0.0"," ","S","28","     0.0"," ","S","28"," -9999.0","M"," "," 0"," -9999.0","M"," "," 0"," -9999.0","M"," "," 0"
"USC00421008","07-14"," 37.6411","-112.1703","2404.9","BRYCE CANYON NP HQRS, UT US","07","14","99","    66.4"," ","S","27","    80.3"," ","S","27","    52.4"," ","S","27","    27.9"," ","S","27","     4.3"," ","S","27","     5.4"," ","S","27","     4.9"," ","S","27","     5.6"," ","S","27","     1.1"," ","S","27","     0.0"," ","S","27","     0.0"," ","S","27","     0.0"," ","S","27","     0.0","X","S","27","     0.0","X","S","27","     0.1"," ","S","27","     2.5"," ","S","27","    26.4"," ","S","27","    21.4"," ","S","27","    16.4"," ","S","27","    11.4"," ","S","27","     9.4"," ","S","27","     6.5"," ","S","27","     0.4"," ","S","27","     0.2"," ","S","27","     2.5"," ","S","27","    26.4"," ","S","27","    21.4"," ","S","27","    16.4"," ","S","27","    11.4"," ","S","27","     9.4"," ","S","27","     6.5"," ","S","27","     0.4"," ","S","27","     0.2"," ","S","27","    18.4"," ","S","27","    16.7"," ","S","27","    25.6"," ","S","30","    12.6"," ","S","30","     6.1"," ","S","30","     2.4"," ","S","30","     0.3"," ","S","30","     0.0"," ","S","30","     0.0"," ","S","30","     0.0"," ","S","30","    0.03"," ","S","30","    0.09"," ","S","30","    0.23"," ","S","30","    0.53"," ","S","25","    7.56"," ","S","25","     0.0"," ","S","28","     0.0"," ","S","28","     0.0"," ","S","28","     0.0"," ","S","28","     0.0"," ","S","28","     0.0"," ","S","28","     0.0"," ","S","28","     0.0"," ","S","28"," -9999.0","M"," "," 0"," -9999.0","M"," "," 0"," -9999.0","M"," "," 0","     0.0"," ","S","27","    58.7"," ","S","27","     0.0"," ","S","28","     0.0"," ","S","28","     0.0"," ","S","28","     0.0"," ","S","28","     0.0"," ","S","28","     0.0"," ","S","28","     0.0"," ","S","28"," -9999.0","M"," "," 0"," -9999.0","M"," "," 0"," -9999.0","M"," "," 0"
"USC00421008","07-15"," 37.6411","-112.1703","2404.9","BRYCE CANYON NP HQRS, UT US","07","15","99","    66.4"," ","S","27","    80.3"," ","S","27","    52.5"," ","S","27","    27.8"," ","S","27","     4.3"," ","S","27","     5.4"," ","S","27","     4.8"," ","S","27","     5.6"," ","S","27","     1.1"," ","S","27","     0.0"," ","S","27","     0.0"," ","S","27","     0.0"," ","S","27","     0.0","X","S","27","     0.0","X","S","27","     0.1"," ","S","27","     2.5"," ","S","27","    26.4"," ","S","27","    21.4"," ","S","27","    16.4"," ","S","27","    11.5"," ","S","27","     9.5"," ","S","27","     6.6"," ","S","27","     0.4"," ","S","27","     0.2"," ","S","27","     2.5"," ","S","27","    26.4"," ","S","27","    21.4"," ","S","27","    16.4"," ","S","27","    11.5"," ","S","27","     9.5"," ","S","27","     6.6"," ","S","27","     0.4"," ","S","27","     0.2"," ","S","27","    18.5"," ","S","27","    16.7"," ","S","27","    26.2"," ","S","30","    13.0"," ","S","30","     6.3"," ","S","30","     2.5"," ","S","30","     0.3"," ","S","30","     0.0"," ","S","30","     0.0"," ","S","30","     0.0"," ","S","30","    0.03"," ","S","30","    0.09"," ","S","30","    0.23"," ","S","30","    0.58"," ","S","25","    7.61"," ","S","25","     0.0"," ","S","28","     0.0"," ","S","28","     0.0"," ","S","28","     0.0"," ","S","28","     0.0"," ","S","28","     0.0"," ","S","28","     0.0"," ","S","28","     0.0"," ","S","28"," -9999.0","M"," "," 0"," -9999.0","M"," "," 0"," -9999.0","M"," "," 0","     0.0"," ","S","27","    58.7"," ","S","27","     0.0"," ","S","28","     0.0"," ","S","28","     0.0"," ","S","28","     0.0"," ","S","28","     0.0"," ","S","28","     0.0"," ","S","28","     0.0"," ","S","28"," -9999.0","M"," "," 0"," -9999.0","M"," "," 0"," -9999.0","M"," "," 0"
"USC00421008","07-16"," 37.6411","-112.1703","2404.9","BRYCE CANYON NP HQRS, UT US","07","16","99","    66.5"," ","S","27","    80.3"," ","S","27","    52.7"," ","S","27","    27.7"," ","S","27","     4.2"," ","S","27","     5.4"," ","S","27","     4.7"," ","S","27","     5.6"," ","S","27","     1.0"," ","S","27","     0.0"," ","S","27","     0.0"," ","S","27","     0.0"," ","S","27","     0.0","X","S","27","     0.0","X","S","27","     0.1"," ","S","27","     2.5"," ","S","27","    26.5"," ","S","27","    21.5"," ","S","27","    16.5"," ","S","27","    11.5"," ","S","27","     9.5"," ","S","27","     6.6"," ","S","27","     0.4"," ","S","27","     0.2"," ","S","27","     2.5"," ","S","27","    26.5"," ","S","27","    21.5"," ","S","27","    16.5"," ","S","27","    11.5"," ","S","27","     9.5"," ","S","27","     6.6"," ","S","27","     0.4"," ","S","27","     0.2"," ","S","27","    18.5"," ","S","27","    16.7"," ","S","27","    26.8"," ","S","30","    13.3"," ","S","30","     6.4"," ","S","30","     2.6"," ","S","30","     0.3"," ","S","30","     0.0"," ","S","30","     0.0"," ","S","30","     0.0"," ","S","30","    0.03"," ","S","30","    0.09"," ","S","30","    0.23"," ","S","30","    0.63"," ","S","25","    7.66"," ","S","25","     0.0"," ","S","28","     0.0"," ","S","28","     0.0"," ","S","28","     0.0"," ","S","28","     0.0"," ","S","28","     0.0"," ","S","28","     0.0"," ","S","28","     0.0"," ","S","28"," -9999.0","M"," "," 0"," -9999.0","M"," "," 0"," -9999.0","M"," "," 0","     0.0"," ","S","27","    58.7"," ","S","27","     0.0"," ","S","28","     0.0"," ","S","28","     0.0"," ","S","28","     0.0"," ","S","28","     0.0"," ","S","28","     0.0"," ","S","28","     0.0"," ","S","28"," -9999.0","M"," "," 0"," -9999.0","M"," "," 0"," -9999.0","M"," "," 0"
"USC00421008","07-17"," 37.6411","-112.1703","2404.9","BRYCE CANYON NP HQRS, UT US","07","17","99","    66.6"," ","S","27","    80.3"," ","S","27","    52.8"," ","S","27","    27.5"," ","S","27","     4.2"," ","S","27","     5.4"," ","S","27","     4.7"," ","S","27","     5.7"," ","S","27","     1.0"," ","S","27","     0.0"," ","S","27","     0.0"," ","S","27","     0.0"," ","S","27","     0.0","X","S","27","     0.0","X","S","27","     0.1"," ","S","27","     2.5"," ","S","27","    26.5"," ","S","27","    21.5"," ","S","27","    16.5"," ","S","27","    11.6"," ","S","27","     9.6"," ","S","27","     6.7"," ","S","27","     0.4"," ","S","27","     0.2"," ","S","27","     2.5"," ","S","27","    26.5"," ","S","27","    21.5"," ","S","27","    16.5"," ","S","27","    11.6"," ","S","27","     9.6"," ","S","27","     6.7"," ","S","27","     0.4"," ","S","27","     0.2"," ","S","27","    18.6"," ","S","27","    16.8"," ","S","27","    27.3"," ","S","30","    13.6"," ","S","30","     6.6"," ","S","30","     2.6"," ","S","30","     0.3"," ","S","30","     0.0"," ","S","30","     0.0"," ","S","30","     0.0"," ","S","30","    0.03"," ","S","30","    0.09"," ","S","30","    0.23"," ","S","30","    0.69"," ","S","25","    7.72"," ","S","25","     0.0"," ","S","28","     0.0"," ","S","28","     0.0"," ","S","28","     0.0"," ","S","28","     0.0"," ","S","28","     0.0"," ","S","28","     0.0"," ","S","28","     0.0"," ","S","28"," -9999.0","M"," "," 0"," -9999.0","M"," "," 0"," -9999.0","M"," "," 0","     0.0"," ","S","27","    58.7"," ","S","27","     0.0"," ","S","28","     0.0"," ","S","28","     0.0"," ","S","28","     0.0"," ","S","28","     0.0"," ","S","28","     0.0"," ","S","28","     0.0"," ","S","28"," -9999.0","M"," "," 0"," -9999.0","M"," "," 0"," -9999.0","M"," "," 0"
"USC00421008","07-18"," 37.6411","-112.1703","2404.9","BRYCE CANYON NP HQRS, UT US","07","18","99","    66.6"," ","S","27","    80.3"," ","S","27","    52.9"," ","S","27","    27.4"," ","S","27","     4.1"," ","S","27","     5.3"," ","S","27","     4.6"," ","S","27","     5.7"," ","S","27","     1.0"," ","S","27","     0.0"," ","S","27","     0.0"," ","S","27","     0.0"," ","S","27","     0.0","X","S","27","     0.0","X","S","27","     0.1"," ","S","27","     2.6"," ","S","27","    26.6"," ","S","27","    21.6"," ","S","27","    16.6"," ","S","27","    11.6"," ","S","27","     9.6"," ","S","27","     6.7"," ","S","27","     0.5"," ","S","27","     0.2"," ","S","27","     2.6"," ","S","27","    26.6"," ","S","27","    21.6"," ","S","27","    16.6"," ","S","27","    11.6"," ","S","27","     9.6"," ","S","27","     6.7"," ","S","27","     0.5"," ","S","27","     0.2"," ","S","27","    18.6"," ","S","27","    16.8"," ","S","27","    27.9"," ","S","30","    13.9"," ","S","30","     6.7"," ","S","30","     2.7"," ","S","30","     0.4"," ","S","30","     0.0"," ","S","30","     0.0"," ","S","30","     0.0"," ","S","30","    0.03"," ","S","30","    0.09"," ","S","30","    0.24"," ","S","30","    0.74"," ","S","25","    7.77"," ","S","25","     0.0"," ","S","28","     0.0"," ","S","28","     0.0"," ","S","28","     0.0"," ","S","28","     0.0"," ","S","28","     0.0"," ","S","28","     0.0"," ","S","28","     0.0"," ","S","28"," -9999.0","M"," "," 0"," -9999.0","M"," "," 0"," -9999.0","M"," "," 0","     0.0"," ","S","27","    58.7"," ","S","27","     0.0"," ","S","28","     0.0"," ","S","28","     0.0"," ","S","28","     0.0"," ","S","28","     0.0"," ","S","28","     0.0"," ","S","28","     0.0"," ","S","28"," -9999.0","M"," "," 0"," -9999.0","M"," "," 0"," -9999.0","M"," "," 0"
"USC00421008","07-19"," 37.6411","-112.1703","2404.9","BRYCE CANYON NP HQRS, UT US","07","19","99","    66.6"," ","S","27","    80.3"," ","S","27","    53.0"," ","S","27","    27.3"," ","S","27","     4.1"," ","S","27","     5.3"," ","S","27","     4.6"," ","S","27","     5.7"," ","S","27","     1.0"," ","S","27","     0.0"," ","S","27","     0.0"," ","S","27","     0.0"," ","S","27","     0.0","X","S","27","     0.0","X","S","27","     0.1"," ","S","27","     2.6"," ","S","27","    26.6"," ","S","27","    21.6"," ","S","27","    16.6"," ","S","27","    11.6"," ","S","27","     9.6"," ","S","27","     6.7"," ","S","27","     0.5"," ","S","27","     0.2"," ","S","27","     2.6"," ","S","27","    26.6"," ","S","27","    21.6"," ","S","27","    16.6"," ","S","27","    11.6"," ","S","27","     9.6"," ","S","27","     6.7"," ","S","27","     0.5"," ","S","27","     0.2"," ","S","27","    18.6"," ","S","27","    16.8"," ","S","27","    28.4"," ","S","30","    14.2"," ","S","30","     6.9"," ","S","30","     2.7"," ","S","30","     0.4"," ","S","30","     0.0"," ","S","30","     0.0"," ","S","30","     0.0"," ","S","30","    0.03"," ","S","30","    0.09"," ","S","30","    0.24"," ","S","30","    0.80"," ","S","25","    7.83"," ","S","25","     0.0"," ","S","28","     0.0"," ","S","28","     0.0"," ","S","28","     0.0"," ","S","28","     0.0"," ","S","28","     0.0"," ","S","28","     0.0"," ","S","28","     0.0"," ","S","28"," -9999.0","M"," "," 0"," -9999.0","M"," "," 0"," -9999.0","M"," "," 0","     0.0"," ","S","27","    58.7"," ","S","27","     0.0"," ","S","28","     0.0"," ","S","28","     0.0"," ","S","28","     0.0"," ","S","28","     0.0"," ","S","28","     0.0"," ","S","28","     0.0"," ","S","28"," -9999.0","M"," "," 0"," -9999.0","M"," "," 0"," -9999.0","M"," "," 0"
"USC00421008","07-20"," 37.6411","-112.1703","2404.9","BRYCE CANYON NP HQRS, UT US","07","20","99","    66.6"," ","S","27","    80.3"," ","S","27","    53.0"," ","S","27","    27.2"," ","S","27","     4.0"," ","S","27","     5.3"," ","S","27","     4.5"," ","S","27","     5.7"," ","S","27","     0.9"," ","S","27","     0.0"," ","S","27","     0.0"," ","S","27","     0.0"," ","S","27","     0.0","X","S","27","     0.0","X","S","27","     0.1"," ","S","27","     2.6"," ","S","27","    26.6"," ","S","27","    21.6"," ","S","27","    16.6"," ","S","27","    11.6"," ","S","27","     9.7"," ","S","27","     6.7"," ","S","27","     0.4"," ","S","27","     0.1"," ","S","27","     2.6"," ","S","27","    26.6"," ","S","27","    21.6"," ","S","27","    16.6"," ","S","27","    11.6"," ","S","27","     9.7"," ","S","27","     6.7"," ","S","27","     0.4"," ","S","27","     0.1"," ","S","27","    18.6"," ","S","27","    16.8"," ","S","27","    28.9"," ","S","30","    14.5"," ","S","30","     7.0"," ","S","30","     2.8"," ","S","30","     0.4"," ","S","30","     0.0"," ","S","30","     0.0"," ","S","30","     0.0"," ","S","30","    0.03"," ","S","30","    0.09"," ","S","30","    0.24"," ","S","30","    0.86"," ","S","25","    7.89"," ","S","25","     0.0"," ","S","28","     0.0"," ","S","28","     0.0"," ","S","28","     0.0"," ","S","28","     0.0"," ","S","28","     0.0"," ","S","28","     0.0"," ","S","28","     0.0"," ","S","28"," -9999.0","M"," "," 0"," -9999.0","M"," "," 0"," -9999.0","M"," "," 0","     0.0"," ","S","27","    58.7"," ","S","27","     0.0"," ","S","28","     0.0"," ","S","28","     0.0"," ","S","28","     0.0"," ","S","28","     0.0"," ","S","28","     0.0"," ","S","28","     0.0"," ","S","28"," -9999.0","M"," "," 0"," -9999.0","M"," "," 0"," -9999.0","M"," "," 0"
"USC00421008","07-21"," 37.6411","-112.1703","2404.9","BRYCE CANYON NP HQRS, UT US","07","21","99","    66.6"," ","S","27","    80.2"," ","S","27","    53.1"," ","S","27","    27.1"," ","S","27","     4.0"," ","S","27","     5.3"," ","S","27","     4.5"," ","S","27","     5.7"," ","S","27","     0.9"," ","S","27","     0.0"," ","S","27","     0.0"," ","S","27","     0.0"," ","S","27","     0.0","X","S","27","     0.0","X","S","27","     0.1"," ","S","27","     2.6"," ","S","27","    26.6"," ","S","27","    21.6"," ","S","27","    16.6"," ","S","27","    11.6"," ","S","27","     9.7"," ","S","27","     6.7"," ","S","27","     0.4"," ","S","27","     0.1"," ","S","27","     2.6"," ","S","27","    26.6"," ","S","27","    21.6"," ","S","27","    16.6"," ","S","27","    11.6"," ","S","27","     9.7"," ","S","27","     6.7"," ","S","27","     0.4"," ","S","27","     0.1"," ","S","27","    18.7"," ","S","27","    16.9"," ","S","27","    29.4"," ","S","30","    14.7"," ","S","30","     7.1"," ","S","30","     2.8"," ","S","30","     0.4"," ","S","30","     0.0"," ","S","30","     0.0"," ","S","30","     0.0"," ","S","30","    0.03"," ","S","30","    0.09"," ","S","30","    0.24"," ","S","30","    0.92"," ","S","25","    7.95"," ","S","25","     0.0"," ","S","28","     0.0"," ","S","28","     0.0"," ","S","28","     0.0"," ","S","28","     0.0"," ","S","28","     0.0"," ","S","28","     0.0"," ","S","28","     0.0"," ","S","28"," -9999.0","M"," "," 0"," -9999.0","M"," "," 0"," -9999.0","M"," "," 0","     0.0"," ","S","27","    58.7"," ","S","27","     0.0"," ","S","28","     0.0"," ","S","28","     0.0"," ","S","28","     0.0"," ","S","28","     0.0"," ","S","28","     0.0"," ","S","28","     0.0"," ","S","28"," -9999.0","M"," "," 0"," -9999.0","M"," "," 0"," -9999.0","M"," "," 0"
"USC00421008","07-22"," 37.6411","-112.1703","2404.9","BRYCE CANYON NP HQRS, UT US","07","22","99","    66.6"," ","S","27","    80.2"," ","S","27","    53.1"," ","S","27","    27.1"," ","S","27","     4.0"," ","S","27","     5.3"," ","S","27","     4.4"," ","S","27","     5.7"," ","S","27","     0.9"," ","S","27","     0.0"," ","S","27","     0.0"," ","S","27","     0.0"," ","S","27","     0.0","X","S","27","     0.0","X","S","27","     0.1"," ","S","27","     2.5"," ","S","27","    26.6"," ","S","27","    21.6"," ","S","27","    16.6"," ","S","27","    11.6"," ","S","27","     9.6"," ","S","27","     6.7"," ","S","27","     0.4"," ","S","27","     0.1"," ","S","27","     2.5"," ","S","27","    26.6"," ","S","27","    21.6"," ","S","27","    16.6"," ","S","27","    11.6"," ","S","27","     9.6"," ","S","27","     6.7"," ","S","27","     0.4"," ","S","27","     0.1"," ","S","27","    18.7"," ","S","27","    16.8"," ","S","27","    29.9"," ","S","30","    15.0"," ","S","30","     7.2"," ","S","30","     2.9"," ","S","30","     0.4"," ","S","30","     0.0"," ","S","30","     0.0"," ","S","30","     0.0"," ","S","30","    0.03"," ","S","30","    0.09"," ","S","30","    0.24"," ","S","30","    0.98"," ","S","25","    8.01"," ","S","25","     0.0"," ","S","28","     0.0"," ","S","28","     0.0"," ","S","28","     0.0"," ","S","28","     0.0"," ","S","28","     0.0"," ","S","28","     0.0"," ","S","28","     0.0"," ","S","28"," -9999.0","M"," "," 0"," -9999.0","M"," "," 0"," -9999.0","M"," "," 0","     0.0"," ","S","27","    58.7"," ","S","27","     0.0"," ","S","28","     0.0"," ","S","28","     0.0"," ","S","28","     0.0"," ","S","28","     0.0"," ","S","28","     0.0"," ","S","28","     0.0"," ","S","28"," -9999.0","M"," "," 0"," -9999.0","M"," "," 0"," -9999.0","M"," "," 0"
"USC00421008","07-23"," 37.6411","-112.1703","2404.9","BRYCE CANYON NP HQRS, UT US","07","23","99","    66.6"," ","S","27","    80.1"," ","S","27","    53.1"," ","S","27","    27.0"," ","S","27","     3.9"," ","S","27","     5.3"," ","S","27","     4.4"," ","S","27","     5.7"," ","S","27","     0.9"," ","S","27","     0.0"," ","S","27","     0.0"," ","S","27","     0.0"," ","S","27","     0.0","X","S","27","     0.0","X","S","27","     0.1"," ","S","27","     2.5"," ","S","27","    26.6"," ","S","27","    21.6"," ","S","27","    16.6"," ","S","27","    11.6"," ","S","27","     9.6"," ","S","27","     6.7"," ","S","27","     0.4"," ","S","27","     0.1"," ","S","27","     2.5"," ","S","27","    26.6"," ","S","27","    21.6"," ","S","27","    16.6"," ","S","27","    11.6"," ","S","27","     9.6"," ","S","27","     6.7"," ","S","27","     0.4"," ","S","27","     0.1"," ","S","27","    18.6"," ","S","27","    16.8"," ","S","27","    30.4"," ","S","30","    15.3"," ","S","30","     7.3"," ","S","30","     3.0"," ","S","30","     0.5"," ","S","30","     0.0"," ","S","30","     0.0"," ","S","30","     0.0"," ","S","30","    0.03"," ","S","30","    0.10"," ","S","30","    0.24"," ","S","30","    1.05"," ","S","25","    8.08"," ","S","25","     0.0"," ","S","28","     0.0"," ","S","28","     0.0"," ","S","28","     0.0"," ","S","28","     0.0"," ","S","28","     0.0"," ","S","28","     0.0"," ","S","28","     0.0"," ","S","28"," -9999.0","M"," "," 0"," -9999.0","M"," "," 0"," -9999.0","M"," "," 0","     0.0"," ","S","27","    58.7"," ","S","27","     0.0"," ","S","28","     0.0"," ","S","28","     0.0"," ","S","28","     0.0"," ","S","28","     0.0"," ","S","28","     0.0"," ","S","28","     0.0"," ","S","28"," -9999.0","M"," "," 0"," -9999.0","M"," "," 0"," -9999.0","M"," "," 0"
"USC00421008","07-24"," 37.6411","-112.1703","2404.9","BRYCE CANYON NP HQRS, UT US","07","24","99","    66.6"," ","S","27","    80.1"," ","S","27","    53.1"," ","S","27","    26.9"," ","S","27","     3.9"," ","S","27","     5.3"," ","S","27","     4.3"," ","S","27","     5.7"," ","S","27","     0.8"," ","S","27","     0.0"," ","S","27","     0.0"," ","S","27","     0.0"," ","S","27","     0.0","X","S","27","     0.0","X","S","27","     0.1"," ","S","27","     2.4"," ","S","27","    26.6"," ","S","27","    21.6"," ","S","27","    16.6"," ","S","27","    11.6"," ","S","27","     9.6"," ","S","27","     6.7"," ","S","27","     0.4"," ","S","27","     0.1"," ","S","27","     2.4"," ","S","27","    26.6"," ","S","27","    21.6"," ","S","27","    16.6"," ","S","27","    11.6"," ","S","27","     9.6"," ","S","27","     6.7"," ","S","27","     0.4"," ","S","27","     0.1"," ","S","27","    18.6"," ","S","27","    16.8"," ","S","27","    30.9"," ","S","30","    15.6"," ","S","30","     7.5"," ","S","30","     3.1"," ","S","30","     0.5"," ","S","30","     0.0"," ","S","30","     0.0"," ","S","30","     0.0"," ","S","30","    0.03"," ","S","30","    0.10"," ","S","30","    0.24"," ","S","30","    1.11"," ","S","25","    8.14"," ","S","25","     0.0"," ","S","28","     0.0"," ","S","28","     0.0"," ","S","28","     0.0"," ","S","28","     0.0"," ","S","28","     0.0"," ","S","28","     0.0"," ","S","28","     0.0"," ","S","28"," -9999.0","M"," "," 0"," -9999.0","M"," "," 0"," -9999.0","M"," "," 0","     0.0"," ","S","27","    58.7"," ","S","27","     0.0"," ","S","28","     0.0"," ","S","28","     0.0"," ","S","28","     0.0"," ","S","28","     0.0"," ","S","28","     0.0"," ","S","28","     0.0"," ","S","28"," -9999.0","M"," "," 0"," -9999.0","M"," "," 0"," -9999.0","M"," "," 0"
"USC00421008","07-25"," 37.6411","-112.1703","2404.9","BRYCE CANYON NP HQRS, UT US","07","25","99","    66.6"," ","S","27","    80.0"," ","S","27","    53.1"," ","S","27","    26.9"," ","S","27","     3.9"," ","S","27","     5.3"," ","S","27","     4.3"," ","S","27","     5.7"," ","S","27","     0.9"," ","S","27","     0.0"," ","S","27","     0.0"," ","S","27","     0.0"," ","S","27","     0.0","X","S","27","     0.0","X","S","27","     0.1"," ","S","27","     2.4"," ","S","27","    26.6"," ","S","27","    21.6"," ","S","27","    16.6"," ","S","27","    11.6"," ","S","27","     9.6"," ","S","27","     6.6"," ","S","27","     0.4"," ","S","27","     0.1"," ","S","27","     2.4"," ","S","27","    26.6"," ","S","27","    21.6"," ","S","27","    16.6"," ","S","27","    11.6"," ","S","27","     9.6"," ","S","27","     6.6"," ","S","27","     0.4"," ","S","27","     0.1"," ","S","27","    18.6"," ","S","27","    16.7"," ","S","27","    31.3"," ","S","30","    15.8"," ","S","30","     7.6"," ","S","30","     3.1"," ","S","30","     0.5"," ","S","30","     0.0"," ","S","30","     0.0"," ","S","30","     0.0"," ","S","30","    0.03"," ","S","30","    0.10"," ","S","30","    0.24"," ","S","30","    1.17"," ","S","25","    8.20"," ","S","25","     0.0"," ","S","28","     0.0"," ","S","28","     0.0"," ","S","28","     0.0"," ","S","28","     0.0"," ","S","28","     0.0"," ","S","28","     0.0"," ","S","28","     0.0"," ","S","28"," -9999.0","M"," "," 0"," -9999.0","M"," "," 0"," -9999.0","M"," "," 0","     0.0"," ","S","27","    58.7"," ","S","27","     0.0"," ","S","28","     0.0"," ","S","28","     0.0"," ","S","28","     0.0"," ","S","28","     0.0"," ","S","28","     0.0"," ","S","28","     0.0"," ","S","28"," -9999.0","M"," "," 0"," -9999.0","M"," "," 0"," -9999.0","M"," "," 0"
"USC00421008","07-26"," 37.6411","-112.1703","2404.9","BRYCE CANYON NP HQRS, UT US","07","26","99","    66.5"," ","S","27","    79.9"," ","S","27","    53.1"," ","S","27","    26.8"," ","S","27","     3.8"," ","S","27","     5.2"," ","S","27","     4.2"," ","S","27","     5.7"," ","S","27","     0.9"," ","S","27","     0.0"," ","S","27","     0.0"," ","S","27","     0.0"," ","S","27","     0.0","X","S","27","     0.0","X","S","27","     0.1"," ","S","27","     2.4"," ","S","27","    26.5"," ","S","27","    21.5"," ","S","27","    16.5"," ","S","27","    11.5"," ","S","27","     9.5"," ","S","27","     6.6"," ","S","27","     0.3"," ","S","27","     0.1"," ","S","27","     2.4"," ","S","27","    26.5"," ","S","27","    21.5"," ","S","27","    16.5"," ","S","27","    11.5"," ","S","27","     9.5"," ","S","27","     6.6"," ","S","27","     0.3"," ","S","27","     0.1"," ","S","27","    18.5"," ","S","27","    16.7"," ","S","27","    31.7"," ","S","30","    16.1"," ","S","30","     7.7"," ","S","30","     3.2"," ","S","30","     0.5"," ","S","30","     0.0"," ","S","30","     0.0"," ","S","30","     0.0"," ","S","30","    0.03"," ","S","30","    0.10"," ","S","30","    0.24"," ","S","30","    1.24"," ","S","25","    8.27"," ","S","25","     0.0"," ","S","28","     0.0"," ","S","28","     0.0"," ","S","28","     0.0"," ","S","28","     0.0"," ","S","28","     0.0"," ","S","28","     0.0"," ","S","28","     0.0"," ","S","28"," -9999.0","M"," "," 0"," -9999.0","M"," "," 0"," -9999.0","M"," "," 0","     0.0"," ","S","27","    58.7"," ","S","27","     0.0"," ","S","28","     0.0"," ","S","28","     0.0"," ","S","28","     0.0"," ","S","28","     0.0"," ","S","28","     0.0"," ","S","28","     0.0"," ","S","28"," -9999.0","M"," "," 0"," -9999.0","M"," "," 0"," -9999.0","M"," "," 0"
"USC00421008","07-27"," 37.6411","-112.1703","2404.9","BRYCE CANYON NP HQRS, UT US","07","27","99","    66.5"," ","S","27","    79.8"," ","S","27","    53.1"," ","S","27","    26.8"," ","S","27","     3.8"," ","S","27","     5.2"," ","S","27","     4.2"," ","S","27","     5.7"," ","S","27","     0.9"," ","S","27","     0.0"," ","S","27","     0.0"," ","S","27","     0.0"," ","S","27","     0.0","X","S","27","     0.0","X","S","27","     0.1"," ","S","27","     2.3"," ","S","27","    26.5"," ","S","27","    21.5"," ","S","27","    16.5"," ","S","27","    11.5"," ","S","27","     9.5"," ","S","27","     6.5"," ","S","27","     0.3"," ","S","27","     0.1"," ","S","27","     2.3"," ","S","27","    26.5"," ","S","27","    21.5"," ","S","27","    16.5"," ","S","27","    11.5"," ","S","27","     9.5"," ","S","27","     6.5"," ","S","27","     0.3"," ","S","27","     0.1"," ","S","27","    18.5"," ","S","27","    16.6"," ","S","27","    32.0"," ","S","30","    16.3"," ","S","30","     7.8"," ","S","30","     3.2"," ","S","30","     0.5"," ","S","30","     0.0"," ","S","30","     0.0"," ","S","30","     0.0"," ","S","30","    0.03"," ","S","30","    0.10"," ","S","30","    0.24"," ","S","30","    1.30"," ","S","25","    8.33"," ","S","25","     0.0"," ","S","27","     0.0"," ","S","27","     0.0"," ","S","27","     0.0"," ","S","27","     0.0"," ","S","27","     0.0"," ","S","27","     0.0"," ","S","27","     0.0"," ","S","27"," -9999.0","M"," "," 0"," -9999.0","M"," "," 0"," -9999.0","M"," "," 0","     0.0"," ","S","27","    58.7"," ","S","27","     0.0"," ","S","27","     0.0"," ","S","27","     0.0"," ","S","27","     0.0"," ","S","27","     0.0"," ","S","27","     0.0"," ","S","27","     0.0"," ","S","27"," -9999.0","M"," "," 0"," -9999.0","M"," "," 0"," -9999.0","M"," "," 0"
"USC00421008","07-28"," 37.6411","-112.1703","2404.9","BRYCE CANYON NP HQRS, UT US","07","28","99","    66.4"," ","S","27","    79.8"," ","S","27","    53.0"," ","S","27","    26.7"," ","S","27","     3.8"," ","S","27","     5.2"," ","S","27","     4.2"," ","S","27","     5.7"," ","S","27","     0.9"," ","S","27","     0.0"," ","S","27","     0.0"," ","S","27","     0.0"," ","S","27","     0.0","X","S","27","     0.0","X","S","27","     0.1"," ","S","27","     2.3"," ","S","27","    26.4"," ","S","27","    21.4"," ","S","27","    16.4"," ","S","27","    11.4"," ","S","27","     9.4"," ","S","27","     6.5"," ","S","27","     0.3"," ","S","27","     0.1"," ","S","27","     2.3"," ","S","27","    26.4"," ","S","27","    21.4"," ","S","27","    16.4"," ","S","27","    11.4"," ","S","27","     9.4"," ","S","27","     6.5"," ","S","27","     0.3"," ","S","27","     0.1"," ","S","27","    18.4"," ","S","27","    16.6"," ","S","27","    32.3"," ","S","30","    16.5"," ","S","30","     7.8"," ","S","30","     3.2"," ","S","30","     0.5"," ","S","30","     0.0"," ","S","30","     0.0"," ","S","30","     0.0"," ","S","30","    0.03"," ","S","30","    0.10"," ","S","30","    0.24"," ","S","30","    1.36"," ","S","25","    8.39"," ","S","25","     0.0"," ","S","27","     0.0"," ","S","27","     0.0"," ","S","27","     0.0"," ","S","27","     0.0"," ","S","27","     0.0"," ","S","27","     0.0"," ","S","27","     0.0"," ","S","27"," -9999.0","M"," "," 0"," -9999.0","M"," "," 0"," -9999.0","M"," "," 0","     0.0"," ","S","27","    58.7"," ","S","27","     0.0"," ","S","27","     0.0"," ","S","27","     0.0"," ","S","27","     0.0"," ","S","27","     0.0"," ","S","27","     0.0"," ","S","27","     0.0"," ","S","27"," -9999.0","M"," "," 0"," -9999.0","M"," "," 0"," -9999.0","M"," "," 0"
"USC00421008","07-29"," 37.6411","-112.1703","2404.9","BRYCE CANYON NP HQRS, UT US","07","29","99","    66.3"," ","S","27","    79.7"," ","S","27","    53.0"," ","S","27","    26.7"," ","S","27","     3.8"," ","S","27","     5.2"," ","S","27","     4.2"," ","S","27","     5.7"," ","S","27","     0.9"," ","S","27","     0.0"," ","S","27","     0.0"," ","S","27","     0.0"," ","S","27","     0.0","X","S","27","     0.0","X","S","27","     0.1"," ","S","27","     2.2"," ","S","27","    26.3"," ","S","27","    21.3"," ","S","27","    16.3"," ","S","27","    11.3"," ","S","27","     9.3"," ","S","27","     6.4"," ","S","27","     0.3"," ","S","27","     0.1"," ","S","27","     2.2"," ","S","27","    26.3"," ","S","27","    21.3"," ","S","27","    16.3"," ","S","27","    11.3"," ","S","27","     9.3"," ","S","27","     6.4"," ","S","27","     0.3"," ","S","27","     0.1"," ","S","27","    18.3"," ","S","27","    16.5"," ","S","27","    32.6"," ","S","30","    16.6"," ","S","30","     7.9"," ","S","30","     3.2"," ","S","30","     0.5"," ","S","30","     0.0"," ","S","30","     0.0"," ","S","30","     0.0"," ","S","30","    0.03"," ","S","30","    0.10"," ","S","30","    0.24"," ","S","30","    1.42"," ","S","25","    8.45"," ","S","25","     0.0"," ","S","27","     0.0"," ","S","27","     0.0"," ","S","27","     0.0"," ","S","27","     0.0"," ","S","27","     0.0"," ","S","27","     0.0"," ","S","27","     0.0"," ","S","27"," -9999.0","M"," "," 0"," -9999.0","M"," "," 0"," -9999.0","M"," "," 0","     0.0"," ","S","27","    58.7"," ","S","27","     0.0"," ","S","27","     0.0"," ","S","27","     0.0"," ","S","27","     0.0"," ","S","27","     0.0"," ","S","27","     0.0"," ","S","27","     0.0"," ","S","27"," -9999.0","M"," "," 0"," -9999.0","M"," "," 0"," -9999.0","M"," "," 0"
"USC00421008","07-30"," 37.6411","-112.1703","2404.9","BRYCE CANYON NP HQRS, UT US","07","30","99","    66.2"," ","S","27","    79.6"," ","S","27","    52.9"," ","S","27","    26.7"," ","S","27","     3.7"," ","S","27","     5.2"," ","S","27","     4.2"," ","S","27","     5.7"," ","S","27","     0.9"," ","S","27","     0.0"," ","S","27","     0.0"," ","S","27","     0.0"," ","S","27","     0.0"," ","S","27","     0.0","X","S","27","     0.1"," ","S","27","     2.1"," ","S","27","    26.2"," ","S","27","    21.2"," ","S","27","    16.2"," ","S","27","    11.2"," ","S","27","     9.2"," ","S","27","     6.3"," ","S","27","     0.3"," ","S","27","     0.1"," ","S","27","     2.1"," ","S","27","    26.2"," ","S","27","    21.2"," ","S","27","    16.2"," ","S","27","    11.2"," ","S","27","     9.2"," ","S","27","     6.3"," ","S","27","     0.3"," ","S","27","     0.1"," ","S","27","    18.3"," ","S","27","    16.4"," ","S","27","    32.7"," ","S","30","    16.8"," ","S","30","     8.0"," ","S","30","     3.3"," ","S","30","     0.5"," ","S","30","     0.0"," ","S","30","     0.0"," ","S","30","     0.0"," ","S","30","    0.03"," ","S","30","    0.10"," ","S","30","    0.24"," ","S","30","    1.49"," ","S","25","    8.52"," ","S","25","     0.0"," ","S","27","     0.0"," ","S","27","     0.0"," ","S","27","     0.0"," ","S","27","     0.0"," ","S","27","     0.0"," ","S","27","     0.0"," ","S","27","     0.0"," ","S","27"," -9999.0","M"," "," 0"," -9999.0","M"," "," 0"," -9999.0","M"," "," 0","     0.0"," ","S","27","    58.7"," ","S","27","     0.0"," ","S","27","     0.0"," ","S","27","     0.0"," ","S","27","     0.0"," ","S","27","     0.0"," ","S","27","     0.0"," ","S","27","     0.0"," ","S","27"," -9999.0","M"," "," 0"," -9999.0","M"," "," 0"," -9999.0","M"," "," 0"
"USC00421008","07-31"," 37.6411","-112.1703","2404.9","BRYCE CANYON NP HQRS, UT US","07","31","99","    66.2"," ","S","27","    79.5"," ","S","27","    52.8"," ","S","27","    26.7"," ","S","27","     3.7"," ","S","27","     5.2"," ","S","27","     4.1"," ","S","27","     5.7"," ","S","27","     0.9"," ","S","27","     0.0"," ","S","27","     0.0"," ","S","27","     0.0"," ","S","27","     0.0","X","S","27","     0.0","X","S","27","     0.1"," ","S","27","     2.1"," ","S","27","    26.2"," ","S","27","    21.2"," ","S","27","    16.2"," ","S","27","    11.2"," ","S","27","     9.2"," ","S","27","     6.2"," ","S","27","     0.3"," ","S","27","     0.1"," ","S","27","     2.1"," ","S","27","    26.2"," ","S","27","    21.2"," ","S","27","    16.2"," ","S","27","    11.2"," ","S","27","     9.2"," ","S","27","     6.2"," ","S","27","     0.3"," ","S","27","     0.1"," ","S","27","    18.2"," ","S","27","    16.4"," ","S","27","    32.9"," ","S","30","    16.9"," ","S","30","     8.0"," ","S","30","     3.3"," ","S","30","     0.5"," ","S","30","     0.0"," ","S","30","     0.0"," ","S","30","     0.0"," ","S","30","    0.03"," ","S","30","    0.10"," ","S","30","    0.24"," ","S","30","    1.55"," ","S","25","    8.58"," ","S","25","     0.0"," ","S","27","     0.0"," ","S","27","     0.0"," ","S","27","     0.0"," ","S","27","     0.0"," ","S","27","     0.0"," ","S","27","     0.0"," ","S","27","     0.0"," ","S","27"," -9999.0","M"," "," 0"," -9999.0","M"," "," 0"," -9999.0","M"," "," 0","     0.0"," ","S","27","    58.7"," ","S","27","     0.0"," ","S","27","     0.0"," ","S","27","     0.0"," ","S","27","     0.0"," ","S","27","     0.0"," ","S","27","     0.0"," ","S","27","     0.0"," ","S","27"," -9999.0","M"," "," 0"," -9999.0","M"," "," 0"," -9999.0","M"," "," 0"
"USC00421008","08-01"," 37.6411","-112.1703","2404.9","BRYCE CANYON NP HQRS, UT US","08","01","99","    66.1"," ","S","27","    79.4"," ","S","27","    52.7"," ","S","27","    26.7"," ","S","27","     3.7"," ","S","27","     5.2"," ","S","27","     4.1"," ","S","27","     5.7"," ","S","27","     1.0"," ","S","27","     0.0"," ","S","27","     0.0"," ","S","27","     0.0"," ","S","27","     0.0","X","S","27","     0.0","X","S","27","     0.1"," ","S","27","     2.0"," ","S","27","    26.1"," ","S","27","    21.1"," ","S","27","    16.1"," ","S","27","    11.1"," ","S","27","     9.1"," ","S","27","     6.1"," ","S","27","     0.2"," ","S","27","     0.0","X","S","27","     2.0"," ","S","27","    26.1"," ","S","27","    21.1"," ","S","27","    16.1"," ","S","27","    11.1"," ","S","27","     9.1"," ","S","27","     6.1"," ","S","27","     0.2"," ","S","27","     0.0","X","S","27","    18.1"," ","S","27","    16.3"," ","S","27","    33.1"," ","S","30","    17.0"," ","S","30","     8.1"," ","S","30","     3.3"," ","S","30","     0.5"," ","S","30","     0.1"," ","S","30","     0.0"," ","S","30","     0.0"," ","S","30","    0.03"," ","S","30","    0.10"," ","S","30","    0.24"," ","S","30","    0.05"," ","S","26","    8.63"," ","S","26","     0.0"," ","S","27","     0.0"," ","S","27","     0.0"," ","S","27","     0.0"," ","S","27","     0.0"," ","S","27","     0.0"," ","S","27","     0.0"," ","S","27","     0.0"," ","S","27"," -9999.0","M"," "," 0"," -9999.0","M"," "," 0"," -9999.0","M"," "," 0","     0.0"," ","S","26","    58.7"," ","S","26","     0.0"," ","S","27","     0.0"," ","S","27","     0.0"," ","S","27","     0.0"," ","S","27","     0.0"," ","S","27","     0.0"," ","S","27","     0.0"," ","S","27"," -9999.0","M"," "," 0"," -9999.0","M"," "," 0"," -9999.0","M"," "," 0"
"USC00421008","08-02"," 37.6411","-112.1703","2404.9","BRYCE CANYON NP HQRS, UT US","08","02","99","    66.0"," ","S","27","    79.3"," ","S","27","    52.6"," ","S","27","    26.7"," ","S","27","     3.7"," ","S","27","     5.2"," ","S","27","     4.1"," ","S","27","     5.7"," ","S","27","     1.0"," ","S","27","     0.0"," ","S","27","     0.0"," ","S","27","     0.0"," ","S","27","     0.0","X","S","27","     0.0","X","S","27","     0.1"," ","S","27","     1.9"," ","S","27","    26.0"," ","S","27","    21.0"," ","S","27","    16.0"," ","S","27","    11.0"," ","S","27","     9.0"," ","S","27","     6.0"," ","S","27","     0.2"," ","S","27","     0.0","X","S","27","     1.9"," ","S","27","    26.0"," ","S","27","    21.0"," ","S","27","    16.0"," ","S","27","    11.0"," ","S","27","     9.0"," ","S","27","     6.0"," ","S","27","     0.2"," ","S","27","     0.0","X","S","27","    18.0"," ","S","27","    16.2"," ","S","27","    33.2"," ","S","30","    17.1"," ","S","30","     8.1"," ","S","30","     3.4"," ","S","30","     0.5"," ","S","30","     0.1"," ","S","30","     0.0"," ","S","30","     0.0"," ","S","30","    0.03"," ","S","30","    0.10"," ","S","30","    0.24"," ","S","30","    0.11"," ","S","26","    8.69"," ","S","26","     0.0"," ","S","27","     0.0"," ","S","27","     0.0"," ","S","27","     0.0"," ","S","27","     0.0"," ","S","27","     0.0"," ","S","27","     0.0"," ","S","27","     0.0"," ","S","27"," -9999.0","M"," "," 0"," -9999.0","M"," "," 0"," -9999.0","M"," "," 0","     0.0"," ","S","26","    58.7"," ","S","26","     0.0"," ","S","27","     0.0"," ","S","27","     0.0"," ","S","27","     0.0"," ","S","27","     0.0"," ","S","27","     0.0"," ","S","27","     0.0"," ","S","27"," -9999.0","M"," "," 0"," -9999.0","M"," "," 0"," -9999.0","M"," "," 0"
"USC00421008","08-03"," 37.6411","-112.1703","2404.9","BRYCE CANYON NP HQRS, UT US","08","03","99","    65.9"," ","S","27","    79.2"," ","S","27","    52.5"," ","S","27","    26.7"," ","S","27","     3.7"," ","S","27","     5.2"," ","S","27","     4.1"," ","S","27","     5.7"," ","S","27","     1.0"," ","S","27","     0.0"," ","S","27","     0.0"," ","S","27","     0.0"," ","S","27","     0.0","X","S","27","     0.0","X","S","27","     0.1"," ","S","27","     1.9"," ","S","27","    25.8"," ","S","27","    20.8"," ","S","27","    15.8"," ","S","27","    10.8"," ","S","27","     8.9"," ","S","27","     5.9"," ","S","27","     0.2"," ","S","27","     0.0","X","S","27","     1.9"," ","S","27","    25.8"," ","S","27","    20.8"," ","S","27","    15.8"," ","S","27","    10.8"," ","S","27","     8.9"," ","S","27","     5.9"," ","S","27","     0.2"," ","S","27","     0.0","X","S","27","    17.9"," ","S","27","    16.1"," ","S","27","    33.2"," ","S","30","    17.2"," ","S","30","     8.1"," ","S","30","     3.4"," ","S","30","     0.5"," ","S","30","     0.1"," ","S","30","     0.0"," ","S","30","     0.0"," ","S","30","    0.03"," ","S","30","    0.10"," ","S","30","    0.24"," ","S","30","    0.17"," ","S","26","    8.75"," ","S","26","     0.0"," ","S","27","     0.0"," ","S","27","     0.0"," ","S","27","     0.0"," ","S","27","     0.0"," ","S","27","     0.0"," ","S","27","     0.0"," ","S","27","     0.0"," ","S","27"," -9999.0","M"," "," 0"," -9999.0","M"," "," 0"," -9999.0","M"," "," 0","     0.0"," ","S","26","    58.7"," ","S","26","     0.0"," ","S","27","     0.0"," ","S","27","     0.0"," ","S","27","     0.0"," ","S","27","     0.0"," ","S","27","     0.0"," ","S","27","     0.0"," ","S","27"," -9999.0","M"," "," 0"," -9999.0","M"," "," 0"," -9999.0","M"," "," 0"
"USC00421008","08-04"," 37.6411","-112.1703","2404.9","BRYCE CANYON NP HQRS, UT US","08","04","99","    65.7"," ","S","27","    79.1"," ","S","27","    52.4"," ","S","27","    26.8"," ","S","27","     3.7"," ","S","27","     5.2"," ","S","27","     4.1"," ","S","27","     5.8"," ","S","27","     1.1"," ","S","27","     0.0"," ","S","27","     0.0"," ","S","27","     0.0"," ","S","27","     0.0","X","S","27","     0.0","X","S","27","     0.1"," ","S","27","     1.8"," ","S","27","    25.7"," ","S","27","    20.7"," ","S","27","    15.7"," ","S","27","    10.7"," ","S","27","     8.7"," ","S","27","     5.8"," ","S","27","     0.2"," ","S","27","     0.0","X","S","27","     1.8"," ","S","27","    25.7"," ","S","27","    20.7"," ","S","27","    15.7"," ","S","27","    10.7"," ","S","27","     8.7"," ","S","27","     5.8"," ","S","27","     0.2"," ","S","27","     0.0","X","S","27","    17.8"," ","S","27","    16.0"," ","S","27","    33.3"," ","S","30","    17.2"," ","S","30","     8.1"," ","S","30","     3.4"," ","S","30","     0.5"," ","S","30","     0.1"," ","S","30","     0.0"," ","S","30","     0.0"," ","S","30","    0.03"," ","S","30","    0.10"," ","S","30","    0.24"," ","S","30","    0.22"," ","S","26","    8.80"," ","S","26","     0.0"," ","S","27","     0.0"," ","S","27","     0.0"," ","S","27","     0.0"," ","S","27","     0.0"," ","S","27","     0.0"," ","S","27","     0.0"," ","S","27","     0.0"," ","S","27"," -9999.0","M"," "," 0"," -9999.0","M"," "," 0"," -9999.0","M"," "," 0","     0.0"," ","S","26","    58.7"," ","S","26","     0.0"," ","S","27","     0.0"," ","S","27","     0.0"," ","S","27","     0.0"," ","S","27","     0.0"," ","S","27","     0.0"," ","S","27","     0.0"," ","S","27"," -9999.0","M"," "," 0"," -9999.0","M"," "," 0"," -9999.0","M"," "," 0"
"USC00421008","08-05"," 37.6411","-112.1703","2404.9","BRYCE CANYON NP HQRS, UT US","08","05","99","    65.6"," ","S","27","    79.0"," ","S","27","    52.2"," ","S","27","    26.8"," ","S","27","     3.7"," ","S","27","     5.2"," ","S","27","     4.1"," ","S","27","     5.8"," ","S","27","     1.1"," ","S","27","     0.0"," ","S","27","     0.0"," ","S","27","     0.0"," ","S","27","     0.0","X","S","27","     0.0","X","S","27","     0.1"," ","S","27","     1.7"," ","S","27","    25.6"," ","S","27","    20.6"," ","S","27","    15.6"," ","S","27","    10.6"," ","S","27","     8.6"," ","S","27","     5.7"," ","S","27","     0.2"," ","S","27","     0.0","X","S","27","     1.7"," ","S","27","    25.6"," ","S","27","    20.6"," ","S","27","    15.6"," ","S","27","    10.6"," ","S","27","     8.6"," ","S","27","     5.7"," ","S","27","     0.2"," ","S","27","     0.0","X","S","27","    17.7"," ","S","27","    15.9"," ","S","27","    33.3"," ","S","30","    17.2"," ","S","30","     8.1"," ","S","30","     3.4"," ","S","30","     0.5"," ","S","30","     0.1"," ","S","30","     0.0"," ","S","30","     0.0"," ","S","30","    0.03"," ","S","30","    0.10"," ","S","30","    0.24"," ","S","30","    0.28"," ","S","26","    8.86"," ","S","26","     0.0"," ","S","27","     0.0"," ","S","27","     0.0"," ","S","27","     0.0"," ","S","27","     0.0"," ","S","27","     0.0"," ","S","27","     0.0"," ","S","27","     0.0"," ","S","27"," -9999.0","M"," "," 0"," -9999.0","M"," "," 0"," -9999.0","M"," "," 0","     0.0"," ","S","26","    58.7"," ","S","26","     0.0"," ","S","27","     0.0"," ","S","27","     0.0"," ","S","27","     0.0"," ","S","27","     0.0"," ","S","27","     0.0"," ","S","27","     0.0"," ","S","27"," -9999.0","M"," "," 0"," -9999.0","M"," "," 0"," -9999.0","M"," "," 0"
"USC00421008","08-06"," 37.6411","-112.1703","2404.9","BRYCE CANYON NP HQRS, UT US","08","06","99","    65.5"," ","S","27","    78.9"," ","S","27","    52.1"," ","S","27","    26.8"," ","S","27","     3.7"," ","S","27","     5.2"," ","S","27","     4.1"," ","S","27","     5.8"," ","S","27","     1.2"," ","S","27","     0.0"," ","S","27","     0.0"," ","S","27","     0.0"," ","S","27","     0.0","X","S","27","     0.0","X","S","27","     0.1"," ","S","27","     1.7"," ","S","27","    25.5"," ","S","27","    20.5"," ","S","27","    15.5"," ","S","27","    10.5"," ","S","27","     8.5"," ","S","27","     5.6"," ","S","27","     0.1"," ","S","27","     0.0","X","S","27","     1.7"," ","S","27","    25.5"," ","S","27","    20.5"," ","S","27","    15.5"," ","S","27","    10.5"," ","S","27","     8.5"," ","S","27","     5.6"," ","S","27","     0.1"," ","S","27","     0.0","X","S","27","    17.6"," ","S","27","    15.8"," ","S","27","    33.3"," ","S","30","    17.3"," ","S","30","     8.1"," ","S","30","     3.4"," ","S","30","     0.5"," ","S","30","     0.1"," ","S","30","     0.0"," ","S","30","     0.0"," ","S","30","    0.03"," ","S","30","    0.10"," ","S","30","    0.24"," ","S","30","    0.34"," ","S","26","    8.92"," ","S","26","     0.0"," ","S","27","     0.0"," ","S","27","     0.0"," ","S","27","     0.0"," ","S","27","     0.0"," ","S","27","     0.0"," ","S","27","     0.0"," ","S","27","     0.0"," ","S","27"," -9999.0","M"," "," 0"," -9999.0","M"," "," 0"," -9999.0","M"," "," 0","     0.0"," ","S","26","    58.7"," ","S","26","     0.0"," ","S","27","     0.0"," ","S","27","     0.0"," ","S","27","     0.0"," ","S","27","     0.0"," ","S","27","     0.0"," ","S","27","     0.0"," ","S","27"," -9999.0","M"," "," 0"," -9999.0","M"," "," 0"," -9999.0","M"," "," 0"
"USC00421008","08-07"," 37.6411","-112.1703","2404.9","BRYCE CANYON NP HQRS, UT US","08","07","99","    65.4"," ","S","27","    78.8"," ","S","27","    51.9"," ","S","27","    26.9"," ","S","27","     3.7"," ","S","27","     5.2"," ","S","27","     4.1"," ","S","27","     5.7"," ","S","27","     1.3"," ","S","27","     0.0"," ","S","27","     0.0"," ","S","27","     0.0"," ","S","27","     0.0","X","S","27","     0.0","X","S","27","     0.1"," ","S","27","     1.6"," ","S","27","    25.4"," ","S","27","    20.4"," ","S","27","    15.4"," ","S","27","    10.4"," ","S","27","     8.4"," ","S","27","     5.5"," ","S","27","     0.1"," ","S","27","     0.0","X","S","27","     1.6"," ","S","27","    25.4"," ","S","27","    20.4"," ","S","27","    15.4"," ","S","27","    10.4"," ","S","27","     8.4"," ","S","27","     5.5"," ","S","27","     0.1"," ","S","27","     0.0","X","S","27","    17.5"," ","S","27","    15.7"," ","S","27","    33.3"," ","S","30","    17.3"," ","S","30","     8.0"," ","S","30","     3.4"," ","S","30","     0.5"," ","S","30","     0.1"," ","S","30","     0.0"," ","S","30","     0.0"," ","S","30","    0.03"," ","S","30","    0.10"," ","S","30","    0.24"," ","S","30","    0.40"," ","S","26","    8.98"," ","S","26","     0.0"," ","S","27","     0.0"," ","S","27","     0.0"," ","S","27","     0.0"," ","S","27","     0.0"," ","S","27","     0.0"," ","S","27","     0.0"," ","S","27","     0.0"," ","S","27"," -9999.0","M"," "," 0"," -9999.0","M"," "," 0"," -9999.0","M"," "," 0","     0.0"," ","S","26","    58.7"," ","S","26","     0.0"," ","S","27","     0.0"," ","S","27","     0.0"," ","S","27","     0.0"," ","S","27","     0.0"," ","S","27","     0.0"," ","S","27","     0.0"," ","S","27"," -9999.0","M"," "," 0"," -9999.0","M"," "," 0"," -9999.0","M"," "," 0"
"USC00421008","08-08"," 37.6411","-112.1703","2404.9","BRYCE CANYON NP HQRS, UT US","08","08","99","    65.2"," ","S","27","    78.7"," ","S","27","    51.8"," ","S","27","    26.9"," ","S","27","     3.7"," ","S","27","     5.2"," ","S","27","     4.1"," ","S","27","     5.7"," ","S","27","     1.3"," ","S","27","     0.0"," ","S","27","     0.0"," ","S","27","     0.0"," ","S","27","     0.0","X","S","27","     0.0","X","S","27","     0.1"," ","S","27","     1.5"," ","S","27","    25.2"," ","S","27","    20.2"," ","S","27","    15.2"," ","S","27","    10.2"," ","S","27","     8.2"," ","S","27","     5.4"," ","S","27","     0.1"," ","S","27","     0.0","X","S","27","     1.5"," ","S","27","    25.2"," ","S","27","    20.2"," ","S","27","    15.2"," ","S","27","    10.2"," ","S","27","     8.2"," ","S","27","     5.4"," ","S","27","     0.1"," ","S","27","     0.0","X","S","27","    17.3"," ","S","27","    15.6"," ","S","27","    33.3"," ","S","30","    17.3"," ","S","30","     8.0"," ","S","30","     3.5"," ","S","30","     0.5"," ","S","30","     0.1"," ","S","30","     0.0"," ","S","30","     0.0"," ","S","30","    0.03"," ","S","30","    0.10"," ","S","30","    0.24"," ","S","30","    0.46"," ","S","26","    9.04"," ","S","26","     0.0"," ","S","27","     0.0"," ","S","27","     0.0"," ","S","27","     0.0"," ","S","27","     0.0"," ","S","27","     0.0"," ","S","27","     0.0"," ","S","27","     0.0"," ","S","27"," -9999.0","M"," "," 0"," -9999.0","M"," "," 0"," -9999.0","M"," "," 0","     0.0"," ","S","26","    58.7"," ","S","26","     0.0"," ","S","27","     0.0"," ","S","27","     0.0"," ","S","27","     0.0"," ","S","27","     0.0"," ","S","27","     0.0"," ","S","27","     0.0"," ","S","27"," -9999.0","M"," "," 0"," -9999.0","M"," "," 0"," -9999.0","M"," "," 0"
"USC00421008","08-09"," 37.6411","-112.1703","2404.9","BRYCE CANYON NP HQRS, UT US","08","09","99","    65.1"," ","S","27","    78.6"," ","S","27","    51.6"," ","S","27","    27.0"," ","S","27","     3.7"," ","S","27","     5.2"," ","S","27","     4.1"," ","S","27","     5.7"," ","S","27","     1.4"," ","S","27","     0.0"," ","S","27","     0.0"," ","S","27","     0.0"," ","S","27","     0.0","X","S","27","     0.0","X","S","27","     0.2"," ","S","27","     1.5"," ","S","27","    25.1"," ","S","27","    20.1"," ","S","27","    15.1"," ","S","27","    10.1"," ","S","27","     8.1"," ","S","27","     5.2"," ","S","27","     0.1"," ","S","27","     0.0","X","S","27","     1.5"," ","S","27","    25.1"," ","S","27","    20.1"," ","S","27","    15.1"," ","S","27","    10.1"," ","S","27","     8.1"," ","S","27","     5.2"," ","S","27","     0.1"," ","S","27","     0.0","X","S","27","    17.2"," ","S","27","    15.5"," ","S","27","    33.2"," ","S","30","    17.3"," ","S","30","     8.0"," ","S","30","     3.5"," ","S","30","     0.5"," ","S","30","     0.1"," ","S","30","     0.0"," ","S","30","     0.0"," ","S","30","    0.03"," ","S","30","    0.10"," ","S","30","    0.24"," ","S","30","    0.52"," ","S","26","    9.10"," ","S","26","     0.0"," ","S","27","     0.0"," ","S","27","     0.0"," ","S","27","     0.0"," ","S","27","     0.0"," ","S","27","     0.0"," ","S","27","     0.0"," ","S","27","     0.0"," ","S","27"," -9999.0","M"," "," 0"," -9999.0","M"," "," 0"," -9999.0","M"," "," 0","     0.0"," ","S","26","    58.7"," ","S","26","     0.0"," ","S","27","     0.0"," ","S","27","     0.0"," ","S","27","     0.0"," ","S","27","     0.0"," ","S","27","     0.0"," ","S","27","     0.0"," ","S","27"," -9999.0","M"," "," 0"," -9999.0","M"," "," 0"," -9999.0","M"," "," 0"
"USC00421008","08-10"," 37.6411","-112.1703","2404.9","BRYCE CANYON NP HQRS, UT US","08","10","99","    64.9"," ","S","27","    78.4"," ","S","27","    51.4"," ","S","27","    27.0"," ","S","27","     3.7"," ","S","27","     5.2"," ","S","27","     4.1"," ","S","27","     5.7"," ","S","27","     1.5"," ","S","27","     0.0"," ","S","27","     0.0"," ","S","27","     0.0"," ","S","27","     0.0","X","S","27","     0.0","X","S","27","     0.2"," ","S","27","     1.4"," ","S","27","    24.9"," ","S","27","    19.9"," ","S","27","    14.9"," ","S","27","     9.9"," ","S","27","     8.0"," ","S","27","     5.1"," ","S","27","     0.1"," ","S","27","     0.0","X","S","27","     1.4"," ","S","27","    24.9"," ","S","27","    19.9"," ","S","27","    14.9"," ","S","27","     9.9"," ","S","27","     8.0"," ","S","27","     5.1"," ","S","27","     0.1"," ","S","27","     0.0","X","S","27","    17.1"," ","S","27","    15.4"," ","S","27","    33.2"," ","S","30","    17.3"," ","S","30","     8.0"," ","S","30","     3.5"," ","S","30","     0.5"," ","S","30","     0.1"," ","S","30","     0.0"," ","S","30","     0.0"," ","S","30","    0.03"," ","S","30","    0.10"," ","S","30","    0.24"," ","S","30","    0.58"," ","S","26","    9.16"," ","S","26","     0.0"," ","S","27","     0.0"," ","S","27","     0.0"," ","S","27","     0.0"," ","S","27","     0.0"," ","S","27","     0.0"," ","S","27","     0.0"," ","S","27","     0.0"," ","S","27"," -9999.0","M"," "," 0"," -9999.0","M"," "," 0"," -9999.0","M"," "," 0","     0.0"," ","S","26","    58.7"," ","S","26","     0.0"," ","S","27","     0.0"," ","S","27","     0.0"," ","S","27","     0.0"," ","S","27","     0.0"," ","S","27","     0.0"," ","S","27","     0.0"," ","S","27"," -9999.0","M"," "," 0"," -9999.0","M"," "," 0"," -9999.0","M"," "," 0"
"USC00421008","08-11"," 37.6411","-112.1703","2404.9","BRYCE CANYON NP HQRS, UT US","08","11","99","    64.8"," ","S","27","    78.3"," ","S","27","    51.2"," ","S","27","    27.1"," ","S","27","     3.7"," ","S","27","     5.2"," ","S","27","     4.1"," ","S","27","     5.7"," ","S","27","     1.6"," ","S","27","     0.0"," ","S","27","     0.0"," ","S","27","     0.0"," ","S","27","     0.0","X","S","27","     0.0","X","S","27","     0.2"," ","S","27","     1.3"," ","S","27","    24.8"," ","S","27","    19.8"," ","S","27","    14.8"," ","S","27","     9.8"," ","S","27","     7.8"," ","S","27","     5.0"," ","S","27","     0.1"," ","S","27","     0.0","X","S","27","     1.3"," ","S","27","    24.8"," ","S","27","    19.8"," ","S","27","    14.8"," ","S","27","     9.8"," ","S","27","     7.8"," ","S","27","     5.0"," ","S","27","     0.1"," ","S","27","     0.0","X","S","27","    17.0"," ","S","27","    15.3"," ","S","27","    33.2"," ","S","30","    17.3"," ","S","30","     8.0"," ","S","30","     3.5"," ","S","30","     0.5"," ","S","30","     0.1"," ","S","30","     0.0"," ","S","30","     0.0"," ","S","30","    0.03"," ","S","30","    0.10"," ","S","30","    0.24"," ","S","30","    0.64"," ","S","26","    9.22"," ","S","26","     0.0"," ","S","27","     0.0"," ","S","27","     0.0"," ","S","27","     0.0"," ","S","27","     0.0"," ","S","27","     0.0"," ","S","27","     0.0"," ","S","27","     0.0"," ","S","27"," -9999.0","M"," "," 0"," -9999.0","M"," "," 0"," -9999.0","M"," "," 0","     0.0"," ","S","26","    58.7"," ","S","26","     0.0"," ","S","27","     0.0"," ","S","27","     0.0"," ","S","27","     0.0"," ","S","27","     0.0"," ","S","27","     0.0"," ","S","27","     0.0"," ","S","27"," -9999.0","M"," "," 0"," -9999.0","M"," "," 0"," -9999.0","M"," "," 0"
"USC00421008","08-12"," 37.6411","-112.1703","2404.9","BRYCE CANYON NP HQRS, UT US","08","12","99","    64.6"," ","S","27","    78.2"," ","S","27","    51.0"," ","S","27","    27.2"," ","S","27","     3.8"," ","S","27","     5.2"," ","S","27","     4.2"," ","S","27","     5.7"," ","S","27","     1.7"," ","S","27","     0.0"," ","S","27","     0.0"," ","S","27","     0.0"," ","S","27","     0.0","X","S","27","     0.0","X","S","27","     0.2"," ","S","27","     1.3"," ","S","27","    24.6"," ","S","27","    19.6"," ","S","27","    14.6"," ","S","27","     9.6"," ","S","27","     7.6"," ","S","27","     4.8"," ","S","27","     0.1"," ","S","27","     0.0","X","S","27","     1.3"," ","S","27","    24.6"," ","S","27","    19.6"," ","S","27","    14.6"," ","S","27","     9.6"," ","S","27","     7.6"," ","S","27","     4.8"," ","S","27","     0.1"," ","S","27","     0.0","X","S","27","    16.8"," ","S","27","    15.1"," ","S","27","    33.2"," ","S","30","    17.4"," ","S","30","     8.0"," ","S","30","     3.5"," ","S","30","     0.4"," ","S","30","     0.1"," ","S","30","     0.0"," ","S","30","     0.0"," ","S","30","    0.03"," ","S","30","    0.10"," ","S","30","    0.24"," ","S","30","    0.70"," ","S","26","    9.28"," ","S","26","     0.0"," ","S","27","     0.0"," ","S","27","     0.0"," ","S","27","     0.0"," ","S","27","     0.0"," ","S","27","     0.0"," ","S","27","     0.0"," ","S","27","     0.0"," ","S","27"," -9999.0","M"," "," 0"," -9999.0","M"," "," 0"," -9999.0","M"," "," 0","     0.0"," ","S","26","    58.7"," ","S","26","     0.0"," ","S","27","     0.0"," ","S","27","     0.0"," ","S","27","     0.0"," ","S","27","     0.0"," ","S","27","     0.0"," ","S","27","     0.0"," ","S","27"," -9999.0","M"," "," 0"," -9999.0","M"," "," 0"," -9999.0","M"," "," 0"
"USC00421008","08-13"," 37.6411","-112.1703","2404.9","BRYCE CANYON NP HQRS, UT US","08","13","99","    64.5"," ","S","27","    78.1"," ","S","27","    50.8"," ","S","27","    27.2"," ","S","27","     3.8"," ","S","27","     5.3"," ","S","27","     4.2"," ","S","27","     5.8"," ","S","27","     1.8"," ","S","27","     0.0"," ","S","27","     0.0"," ","S","27","     0.0"," ","S","27","     0.0","X","S","27","     0.0","X","S","27","     0.3"," ","S","27","     1.2"," ","S","27","    24.5"," ","S","27","    19.5"," ","S","27","    14.5"," ","S","27","     9.5"," ","S","27","     7.5"," ","S","27","     4.7"," ","S","27","     0.1"," ","S","27","     0.0","X","S","27","     1.2"," ","S","27","    24.5"," ","S","27","    19.5"," ","S","27","    14.5"," ","S","27","     9.5"," ","S","27","     7.5"," ","S","27","     4.7"," ","S","27","     0.1"," ","S","27","     0.0","X","S","27","    16.7"," ","S","27","    15.0"," ","S","27","    33.2"," ","S","30","    17.4"," ","S","30","     8.0"," ","S","30","     3.6"," ","S","30","     0.4"," ","S","30","     0.1"," ","S","30","     0.0"," ","S","30","     0.0"," ","S","30","    0.03"," ","S","30","    0.10"," ","S","30","    0.24"," ","S","30","    0.76"," ","S","26","    9.34"," ","S","26","     0.0"," ","S","27","     0.0"," ","S","27","     0.0"," ","S","27","     0.0"," ","S","27","     0.0"," ","S","27","     0.0"," ","S","27","     0.0"," ","S","27","     0.0"," ","S","27"," -9999.0","M"," "," 0"," -9999.0","M"," "," 0"," -9999.0","M"," "," 0","     0.0"," ","S","26","    58.7"," ","S","26","     0.0"," ","S","27","     0.0"," ","S","27","     0.0"," ","S","27","     0.0"," ","S","27","     0.0"," ","S","27","     0.0"," ","S","27","     0.0"," ","S","27"," -9999.0","M"," "," 0"," -9999.0","M"," "," 0"," -9999.0","M"," "," 0"
"USC00421008","08-14"," 37.6411","-112.1703","2404.9","BRYCE CANYON NP HQRS, UT US","08","14","99","    64.3"," ","S","27","    77.9"," ","S","27","    50.6"," ","S","27","    27.3"," ","S","27","     3.8"," ","S","27","     5.3"," ","S","27","     4.2"," ","S","27","     5.8"," ","S","27","     1.9"," ","S","27","     0.0"," ","S","27","     0.0"," ","S","27","     0.0"," ","S","27","     0.0","X","S","27","     0.1"," ","S","27","     0.3"," ","S","27","     1.2"," ","S","27","    24.3"," ","S","27","    19.3"," ","S","27","    14.3"," ","S","27","     9.3"," ","S","27","     7.3"," ","S","27","     4.6"," ","S","27","     0.1"," ","S","27","     0.0","X","S","27","     1.2"," ","S","27","    24.3"," ","S","27","    19.3"," ","S","27","    14.3"," ","S","27","     9.3"," ","S","27","     7.3"," ","S","27","     4.6"," ","S","27","     0.1"," ","S","27","     0.0","X","S","27","    16.6"," ","S","27","    14.9"," ","S","27","    33.2"," ","S","30","    17.4"," ","S","30","     8.0"," ","S","30","     3.6"," ","S","30","     0.4"," ","S","30","     0.1"," ","S","30","     0.0"," ","S","30","     0.0"," ","S","30","    0.03"," ","S","30","    0.10"," ","S","30","    0.24"," ","S","30","    0.83"," ","S","26","    9.41"," ","S","26","     0.0"," ","S","27","     0.0"," ","S","27","     0.0"," ","S","27","     0.0"," ","S","27","     0.0"," ","S","27","     0.0"," ","S","27","     0.0"," ","S","27","     0.0"," ","S","27"," -9999.0","M"," "," 0"," -9999.0","M"," "," 0"," -9999.0","M"," "," 0","     0.0"," ","S","26","    58.7"," ","S","26","     0.0"," ","S","27","     0.0"," ","S","27","     0.0"," ","S","27","     0.0"," ","S","27","     0.0"," ","S","27","     0.0"," ","S","27","     0.0"," ","S","27"," -9999.0","M"," "," 0"," -9999.0","M"," "," 0"," -9999.0","M"," "," 0"
"USC00421008","08-15"," 37.6411","-112.1703","2404.9","BRYCE CANYON NP HQRS, UT US","08","15","99","    64.1"," ","S","27","    77.8"," ","S","27","    50.4"," ","S","27","    27.4"," ","S","27","     3.8"," ","S","27","     5.3"," ","S","27","     4.2"," ","S","27","     5.8"," ","S","27","     2.0"," ","S","27","     0.0"," ","S","27","     0.0"," ","S","27","     0.0"," ","S","27","     0.0","X","S","27","     0.1"," ","S","27","     0.3"," ","S","27","     1.1"," ","S","27","    24.1"," ","S","27","    19.1"," ","S","27","    14.1"," ","S","27","     9.1"," ","S","27","     7.2"," ","S","27","     4.4"," ","S","27","     0.1"," ","S","27","     0.0","X","S","27","     1.1"," ","S","27","    24.1"," ","S","27","    19.1"," ","S","27","    14.1"," ","S","27","     9.1"," ","S","27","     7.2"," ","S","27","     4.4"," ","S","27","     0.1"," ","S","27","     0.0","X","S","27","    16.4"," ","S","27","    14.8"," ","S","27","    33.2"," ","S","30","    17.4"," ","S","30","     8.1"," ","S","30","     3.7"," ","S","30","     0.4"," ","S","30","     0.1"," ","S","30","     0.0"," ","S","30","     0.0"," ","S","30","    0.03"," ","S","30","    0.10"," ","S","30","    0.24"," ","S","30","    0.89"," ","S","26","    9.47"," ","S","26","     0.0"," ","S","27","     0.0"," ","S","27","     0.0"," ","S","27","     0.0"," ","S","27","     0.0"," ","S","27","     0.0"," ","S","27","     0.0"," ","S","27","     0.0"," ","S","27"," -9999.0","M"," "," 0"," -9999.0","M"," "," 0"," -9999.0","M"," "," 0","     0.0"," ","S","26","    58.7"," ","S","26","     0.0"," ","S","27","     0.0"," ","S","27","     0.0"," ","S","27","     0.0"," ","S","27","     0.0"," ","S","27","     0.0"," ","S","27","     0.0"," ","S","27"," -9999.0","M"," "," 0"," -9999.0","M"," "," 0"," -9999.0","M"," "," 0"
"USC00421008","08-16"," 37.6411","-112.1703","2404.9","BRYCE CANYON NP HQRS, UT US","08","16","99","    63.9"," ","S","27","    77.7"," ","S","27","    50.2"," ","S","27","    27.4"," ","S","27","     3.8"," ","S","27","     5.3"," ","S","27","     4.3"," ","S","27","     5.8"," ","S","27","     2.1"," ","S","27","     0.0"," ","S","27","     0.0"," ","S","27","     0.0"," ","S","27","     0.0","X","S","27","     0.1"," ","S","27","     0.3"," ","S","27","     1.0"," ","S","27","    23.9"," ","S","27","    18.9"," ","S","27","    13.9"," ","S","27","     9.0"," ","S","27","     7.0"," ","S","27","     4.3"," ","S","27","     0.1"," ","S","27","     0.0","X","S","27","     1.0"," ","S","27","    23.9"," ","S","27","    18.9"," ","S","27","    13.9"," ","S","27","     9.0"," ","S","27","     7.0"," ","S","27","     4.3"," ","S","27","     0.1"," ","S","27","     0.0","X","S","27","    16.3"," ","S","27","    14.7"," ","S","27","    33.2"," ","S","30","    17.4"," ","S","30","     8.1"," ","S","30","     3.7"," ","S","30","     0.5"," ","S","30","     0.1"," ","S","30","     0.0"," ","S","30","     0.0"," ","S","30","    0.03"," ","S","30","    0.10"," ","S","30","    0.24"," ","S","30","    0.95"," ","S","26","    9.53"," ","S","26","     0.0"," ","S","27","     0.0"," ","S","27","     0.0"," ","S","27","     0.0"," ","S","27","     0.0"," ","S","27","     0.0"," ","S","27","     0.0"," ","S","27","     0.0"," ","S","27"," -9999.0","M"," "," 0"," -9999.0","M"," "," 0"," -9999.0","M"," "," 0","     0.0"," ","S","26","    58.7"," ","S","26","     0.0"," ","S","27","     0.0"," ","S","27","     0.0"," ","S","27","     0.0"," ","S","27","     0.0"," ","S","27","     0.0"," ","S","27","     0.0"," ","S","27"," -9999.0","M"," "," 0"," -9999.0","M"," "," 0"," -9999.0","M"," "," 0"
"USC00421008","08-17"," 37.6411","-112.1703","2404.9","BRYCE CANYON NP HQRS, UT US","08","17","99","    63.8"," ","S","27","    77.5"," ","S","27","    50.0"," ","S","27","    27.5"," ","S","27","     3.9"," ","S","27","     5.3"," ","S","27","     4.3"," ","S","27","     5.8"," ","S","27","     2.2"," ","S","27","     0.0"," ","S","27","     0.0"," ","S","27","     0.0"," ","S","27","     0.0","X","S","27","     0.1"," ","S","27","     0.4"," ","S","27","     1.0"," ","S","27","    23.8"," ","S","27","    18.8"," ","S","27","    13.8"," ","S","27","     8.8"," ","S","27","     6.8"," ","S","27","     4.1"," ","S","27","     0.1"," ","S","27","     0.0","X","S","27","     1.0"," ","S","27","    23.8"," ","S","27","    18.8"," ","S","27","    13.8"," ","S","27","     8.8"," ","S","27","     6.8"," ","S","27","     4.1"," ","S","27","     0.1"," ","S","27","     0.0","X","S","27","    16.2"," ","S","27","    14.6"," ","S","27","    33.2"," ","S","30","    17.5"," ","S","30","     8.1"," ","S","30","     3.8"," ","S","30","     0.5"," ","S","30","     0.1"," ","S","30","     0.0"," ","S","30","     0.0"," ","S","30","    0.03"," ","S","30","    0.10"," ","S","30","    0.24"," ","S","30","    1.02"," ","S","26","    9.60"," ","S","26","     0.0"," ","S","27","     0.0"," ","S","27","     0.0"," ","S","27","     0.0"," ","S","27","     0.0"," ","S","27","     0.0"," ","S","27","     0.0"," ","S","27","     0.0"," ","S","27"," -9999.0","M"," "," 0"," -9999.0","M"," "," 0"," -9999.0","M"," "," 0","     0.0"," ","S","26","    58.7"," ","S","26","     0.0"," ","S","27","     0.0"," ","S","27","     0.0"," ","S","27","     0.0"," ","S","27","     0.0"," ","S","27","     0.0"," ","S","27","     0.0"," ","S","27"," -9999.0","M"," "," 0"," -9999.0","M"," "," 0"," -9999.0","M"," "," 0"
"USC00421008","08-18"," 37.6411","-112.1703","2404.9","BRYCE CANYON NP HQRS, UT US","08","18","99","    63.6"," ","S","27","    77.4"," ","S","27","    49.8"," ","S","27","    27.6"," ","S","27","     3.9"," ","S","27","     5.3"," ","S","27","     4.3"," ","S","27","     5.8"," ","S","27","     2.3"," ","S","27","     0.0"," ","S","27","     0.0"," ","S","27","     0.0"," ","S","27","     0.0","X","S","27","     0.1"," ","S","27","     0.4"," ","S","27","     0.9"," ","S","27","    23.6"," ","S","27","    18.6"," ","S","27","    13.6"," ","S","27","     8.6"," ","S","27","     6.7"," ","S","27","     4.0"," ","S","27","     0.1"," ","S","27","     0.0","X","S","27","     0.9"," ","S","27","    23.6"," ","S","27","    18.6"," ","S","27","    13.6"," ","S","27","     8.6"," ","S","27","     6.7"," ","S","27","     4.0"," ","S","27","     0.1"," ","S","27","     0.0","X","S","27","    16.0"," ","S","27","    14.4"," ","S","27","    33.2"," ","S","30","    17.5"," ","S","30","     8.1"," ","S","30","     3.9"," ","S","30","     0.5"," ","S","30","     0.1"," ","S","30","     0.0"," ","S","30","     0.0"," ","S","30","    0.03"," ","S","30","    0.10"," ","S","30","    0.24"," ","S","30","    1.08"," ","S","26","    9.66"," ","S","26","     0.0"," ","S","27","     0.0"," ","S","27","     0.0"," ","S","27","     0.0"," ","S","27","     0.0"," ","S","27","     0.0"," ","S","27","     0.0"," ","S","27","     0.0"," ","S","27"," -9999.0","M"," "," 0"," -9999.0","M"," "," 0"," -9999.0","M"," "," 0","     0.0"," ","S","26","    58.7"," ","S","26","     0.0"," ","S","27","     0.0"," ","S","27","     0.0"," ","S","27","     0.0"," ","S","27","     0.0"," ","S","27","     0.0"," ","S","27","     0.0"," ","S","27"," -9999.0","M"," "," 0"," -9999.0","M"," "," 0"," -9999.0","M"," "," 0"
"USC00421008","08-19"," 37.6411","-112.1703","2404.9","BRYCE CANYON NP HQRS, UT US","08","19","99","    63.4"," ","S","27","    77.2"," ","S","27","    49.5"," ","S","27","    27.7"," ","S","27","     3.9"," ","S","27","     5.3"," ","S","27","     4.4"," ","S","27","     5.8"," ","S","27","     2.5"," ","S","27","     0.0"," ","S","27","     0.0"," ","S","27","     0.0","X","S","27","     0.1"," ","S","27","     0.1"," ","S","27","     0.5"," ","S","27","     0.9"," ","S","27","    23.4"," ","S","27","    18.4"," ","S","27","    13.4"," ","S","27","     8.4"," ","S","27","     6.5"," ","S","27","     3.8"," ","S","27","     0.0","X","S","27","     0.0","X","S","27","     0.9"," ","S","27","    23.4"," ","S","27","    18.4"," ","S","27","    13.4"," ","S","27","     8.4"," ","S","27","     6.5"," ","S","27","     3.8"," ","S","27","     0.0","X","S","27","     0.0","X","S","27","    15.9"," ","S","27","    14.3"," ","S","27","    33.2"," ","S","30","    17.5"," ","S","30","     8.2"," ","S","30","     3.9"," ","S","30","     0.5"," ","S","30","     0.1"," ","S","30","     0.0"," ","S","30","     0.0"," ","S","30","    0.04"," ","S","30","    0.10"," ","S","30","    0.24"," ","S","30","    1.14"," ","S","26","    9.72"," ","S","26","     0.0"," ","S","27","     0.0"," ","S","27","     0.0"," ","S","27","     0.0"," ","S","27","     0.0"," ","S","27","     0.0"," ","S","27","     0.0"," ","S","27","     0.0"," ","S","27"," -9999.0","M"," "," 0"," -9999.0","M"," "," 0"," -9999.0","M"," "," 0","     0.0"," ","S","26","    58.7"," ","S","26","     0.0"," ","S","27","     0.0"," ","S","27","     0.0"," ","S","27","     0.0"," ","S","27","     0.0"," ","S","27","     0.0"," ","S","27","     0.0"," ","S","27"," -9999.0","M"," "," 0"," -9999.0","M"," "," 0"," -9999.0","M"," "," 0"
"USC00421008","08-20"," 37.6411","-112.1703","2404.9","BRYCE CANYON NP HQRS, UT US","08","20","99","    63.2"," ","S","27","    77.1"," ","S","27","    49.3"," ","S","27","    27.8"," ","S","27","     4.0"," ","S","27","     5.3"," ","S","27","     4.4"," ","S","27","     5.8"," ","S","27","     2.6"," ","S","27","     0.0"," ","S","27","     0.0"," ","S","27","     0.0","X","S","27","     0.1"," ","S","27","     0.1"," ","S","27","     0.5"," ","S","27","     0.8"," ","S","27","    23.2"," ","S","27","    18.2"," ","S","27","    13.2"," ","S","27","     8.3"," ","S","27","     6.3"," ","S","27","     3.7"," ","S","27","     0.0","X","S","27","     0.0","X","S","27","     0.8"," ","S","27","    23.2"," ","S","27","    18.2"," ","S","27","    13.2"," ","S","27","     8.3"," ","S","27","     6.3"," ","S","27","     3.7"," ","S","27","     0.0","X","S","27","     0.0","X","S","27","    15.7"," ","S","27","    14.2"," ","S","27","    33.2"," ","S","30","    17.5"," ","S","30","     8.2"," ","S","30","     4.0"," ","S","30","     0.5"," ","S","30","     0.1"," ","S","30","     0.0"," ","S","30","     0.0"," ","S","30","    0.04"," ","S","30","    0.10"," ","S","30","    0.24"," ","S","30","    1.21"," ","S","26","    9.79"," ","S","26","     0.0"," ","S","27","     0.0"," ","S","27","     0.0"," ","S","27","     0.0"," ","S","27","     0.0"," ","S","27","     0.0"," ","S","27","     0.0"," ","S","27","     0.0"," ","S","27"," -9999.0","M"," "," 0"," -9999.0","M"," "," 0"," -9999.0","M"," "," 0","     0.0"," ","S","26","    58.7"," ","S","26","     0.0"," ","S","27","     0.0"," ","S","27","     0.0"," ","S","27","     0.0"," ","S","27","     0.0"," ","S","27","     0.0"," ","S","27","     0.0"," ","S","27"," -9999.0","M"," "," 0"," -9999.0","M"," "," 0"," -9999.0","M"," "," 0"
"USC00421008","08-21"," 37.6411","-112.1703","2404.9","BRYCE CANYON NP HQRS, UT US","08","21","99","    63.0"," ","S","27","    76.9"," ","S","27","    49.1"," ","S","27","    27.8"," ","S","27","     4.0"," ","S","27","     5.4"," ","S","27","     4.5"," ","S","27","     5.8"," ","S","27","     2.8"," ","S","27","     0.0"," ","S","27","     0.0"," ","S","27","     0.0","X","S","27","     0.1"," ","S","27","     0.2"," ","S","27","     0.6"," ","S","27","     0.7"," ","S","27","    23.0"," ","S","27","    18.0"," ","S","27","    13.0"," ","S","27","     8.1"," ","S","27","     6.2"," ","S","27","     3.6"," ","S","27","     0.0","X","S","27","     0.0","X","S","27","     0.7"," ","S","27","    23.0"," ","S","27","    18.0"," ","S","27","    13.0"," ","S","27","     8.1"," ","S","27","     6.2"," ","S","27","     3.6"," ","S","27","     0.0","X","S","27","     0.0","X","S","27","    15.6"," ","S","27","    14.1"," ","S","27","    33.1"," ","S","30","    17.5"," ","S","30","     8.2"," ","S","30","     4.0"," ","S","30","     0.5"," ","S","30","     0.1"," ","S","30","     0.0"," ","S","30","     0.0"," ","S","30","    0.04"," ","S","30","    0.10"," ","S","30","    0.24"," ","S","30","    1.27"," ","S","26","    9.85"," ","S","26","     0.0"," ","S","27","     0.0"," ","S","27","     0.0"," ","S","27","     0.0"," ","S","27","     0.0"," ","S","27","     0.0"," ","S","27","     0.0"," ","S","27","     0.0"," ","S","27"," -9999.0","M"," "," 0"," -9999.0","M"," "," 0"," -9999.0","M"," "," 0","     0.0"," ","S","26","    58.7"," ","S","26","     0.0"," ","S","27","     0.0"," ","S","27","     0.0"," ","S","27","     0.0"," ","S","27","     0.0"," ","S","27","     0.0"," ","S","27","     0.0"," ","S","27"," -9999.0","M"," "," 0"," -9999.0","M"," "," 0"," -9999.0","M"," "," 0"
"USC00421008","08-22"," 37.6411","-112.1703","2404.9","BRYCE CANYON NP HQRS, UT US","08","22","99","    62.8"," ","S","27","    76.7"," ","S","27","    48.8"," ","S","27","    27.9"," ","S","27","     4.0"," ","S","27","     5.4"," ","S","27","     4.5"," ","S","27","     5.9"," ","S","27","     2.9"," ","S","27","     0.0"," ","S","27","     0.0"," ","S","27","     0.0","X","S","27","     0.1"," ","S","27","     0.2"," ","S","27","     0.6"," ","S","27","     0.7"," ","S","27","    22.8"," ","S","27","    17.8"," ","S","27","    12.8"," ","S","27","     7.9"," ","S","27","     6.0"," ","S","27","     3.4"," ","S","27","     0.0","X","S","27","     0.0","X","S","27","     0.7"," ","S","27","    22.8"," ","S","27","    17.8"," ","S","27","    12.8"," ","S","27","     7.9"," ","S","27","     6.0"," ","S","27","     3.4"," ","S","27","     0.0","X","S","27","     0.0","X","S","27","    15.4"," ","S","27","    13.9"," ","S","27","    33.0"," ","S","30","    17.4"," ","S","30","     8.2"," ","S","30","     4.0"," ","S","30","     0.5"," ","S","30","     0.1"," ","S","30","     0.0"," ","S","30","     0.0"," ","S","30","    0.04"," ","S","30","    0.10"," ","S","30","    0.24"," ","S","30","    1.33"," ","S","26","    9.91"," ","S","26","     0.0"," ","S","27","     0.0"," ","S","27","     0.0"," ","S","27","     0.0"," ","S","27","     0.0"," ","S","27","     0.0"," ","S","27","     0.0"," ","S","27","     0.0"," ","S","27"," -9999.0","M"," "," 0"," -9999.0","M"," "," 0"," -9999.0","M"," "," 0","     0.0"," ","S","26","    58.7"," ","S","26","     0.0"," ","S","27","     0.0"," ","S","27","     0.0"," ","S","27","     0.0"," ","S","27","     0.0"," ","S","27","     0.0"," ","S","27","     0.0"," ","S","27"," -9999.0","M"," "," 0"," -9999.0","M"," "," 0"," -9999.0","M"," "," 0"
"USC00421008","08-23"," 37.6411","-112.1703","2404.9","BRYCE CANYON NP HQRS, UT US","08","23","99","    62.6"," ","S","27","    76.6"," ","S","27","    48.6"," ","S","27","    28.0"," ","S","27","     4.1"," ","S","27","     5.4"," ","S","27","     4.6"," ","S","27","     5.9"," ","S","27","     3.0"," ","S","27","     0.0"," ","S","27","     0.0"," ","S","27","     0.0","X","S","27","     0.1"," ","S","27","     0.2"," ","S","27","     0.7"," ","S","27","     0.6"," ","S","27","    22.6"," ","S","27","    17.6"," ","S","27","    12.6"," ","S","27","     7.7"," ","S","27","     5.8"," ","S","27","     3.2"," ","S","27","     0.0","X","S","27","     0.0","X","S","27","     0.6"," ","S","27","    22.6"," ","S","27","    17.6"," ","S","27","    12.6"," ","S","27","     7.7"," ","S","27","     5.8"," ","S","27","     3.2"," ","S","27","     0.0","X","S","27","     0.0","X","S","27","    15.3"," ","S","27","    13.8"," ","S","27","    32.8"," ","S","30","    17.4"," ","S","30","     8.2"," ","S","30","     4.0"," ","S","30","     0.5"," ","S","30","     0.1"," ","S","30","     0.0"," ","S","30","     0.0"," ","S","30","    0.04"," ","S","30","    0.10"," ","S","30","    0.24"," ","S","30","    1.39"," ","S","26","    9.97"," ","S","26","     0.0"," ","S","27","     0.0"," ","S","27","     0.0"," ","S","27","     0.0"," ","S","27","     0.0"," ","S","27","     0.0"," ","S","27","     0.0"," ","S","27","     0.0"," ","S","27"," -9999.0","M"," "," 0"," -9999.0","M"," "," 0"," -9999.0","M"," "," 0","     0.0"," ","S","26","    58.7"," ","S","26","     0.0"," ","S","27","     0.0"," ","S","27","     0.0"," ","S","27","     0.0"," ","S","27","     0.0"," ","S","27","     0.0"," ","S","27","     0.0"," ","S","27"," -9999.0","M"," "," 0"," -9999.0","M"," "," 0"," -9999.0","M"," "," 0"
"USC00421008","08-24"," 37.6411","-112.1703","2404.9","BRYCE CANYON NP HQRS, UT US","08","24","99","    62.4"," ","S","27","    76.4"," ","S","27","    48.3"," ","S","27","    28.1"," ","S","27","     4.1"," ","S","27","     5.4"," ","S","27","     4.6"," ","S","27","     5.9"," ","S","27","     3.2"," ","S","27","     0.0"," ","S","27","     0.0"," ","S","27","     0.0","X","S","27","     0.1"," ","S","27","     0.2"," ","S","27","     0.7"," ","S","27","     0.6"," ","S","27","    22.4"," ","S","27","    17.4"," ","S","27","    12.4"," ","S","27","     7.5"," ","S","27","     5.6"," ","S","27","     3.1"," ","S","27","     0.0","X","S","27","     0.0","X","S","27","     0.6"," ","S","27","    22.4"," ","S","27","    17.4"," ","S","27","    12.4"," ","S","27","     7.5"," ","S","27","     5.6"," ","S","27","     3.1"," ","S","27","     0.0","X","S","27","     0.0","X","S","27","    15.1"," ","S","27","    13.7"," ","S","27","    32.6"," ","S","30","    17.3"," ","S","30","     8.1"," ","S","30","     4.1"," ","S","30","     0.5"," ","S","30","     0.1"," ","S","30","     0.0"," ","S","30","     0.0"," ","S","30","    0.04"," ","S","30","    0.10"," ","S","30","    0.24"," ","S","30","    1.45"," ","S","26","   10.03"," ","S","26","     0.0"," ","S","27","     0.0"," ","S","27","     0.0"," ","S","27","     0.0"," ","S","27","     0.0"," ","S","27","     0.0"," ","S","27","     0.0"," ","S","27","     0.0"," ","S","27"," -9999.0","M"," "," 0"," -9999.0","M"," "," 0"," -9999.0","M"," "," 0","     0.0"," ","S","26","    58.7"," ","S","26","     0.0"," ","S","27","     0.0"," ","S","27","     0.0"," ","S","27","     0.0"," ","S","27","     0.0"," ","S","27","     0.0"," ","S","27","     0.0"," ","S","27"," -9999.0","M"," "," 0"," -9999.0","M"," "," 0"," -9999.0","M"," "," 0"
"USC00421008","08-25"," 37.6411","-112.1703","2404.9","BRYCE CANYON NP HQRS, UT US","08","25","99","    62.1"," ","S","27","    76.2"," ","S","27","    48.1"," ","S","27","    28.1"," ","S","27","     4.1"," ","S","27","     5.5"," ","S","27","     4.7"," ","S","27","     6.0"," ","S","27","     3.4"," ","S","27","     0.0"," ","S","27","     0.0"," ","S","27","     0.0","X","S","27","     0.1"," ","S","27","     0.3"," ","S","27","     0.8"," ","S","27","     0.5"," ","S","27","    22.1"," ","S","27","    17.1"," ","S","27","    12.2"," ","S","27","     7.3"," ","S","27","     5.4"," ","S","27","     3.0"," ","S","27","     0.0","X","S","27","     0.0","X","S","27","     0.5"," ","S","27","    22.1"," ","S","27","    17.1"," ","S","27","    12.2"," ","S","27","     7.3"," ","S","27","     5.4"," ","S","27","     3.0"," ","S","27","     0.0","X","S","27","     0.0","X","S","27","    15.0"," ","S","27","    13.6"," ","S","27","    32.4"," ","S","30","    17.2"," ","S","30","     8.1"," ","S","30","     4.1"," ","S","30","     0.6"," ","S","30","     0.1"," ","S","30","     0.0"," ","S","30","     0.0"," ","S","30","    0.04"," ","S","30","    0.10"," ","S","30","    0.25"," ","S","30","    1.51"," ","S","26","   10.09"," ","S","26","     0.0"," ","S","27","     0.0"," ","S","27","     0.0"," ","S","27","     0.0"," ","S","27","     0.0"," ","S","27","     0.0"," ","S","27","     0.0"," ","S","27","     0.0"," ","S","27"," -9999.0","M"," "," 0"," -9999.0","M"," "," 0"," -9999.0","M"," "," 0","     0.0"," ","S","26","    58.7"," ","S","26","     0.0"," ","S","27","     0.0"," ","S","27","     0.0"," ","S","27","     0.0"," ","S","27","     0.0"," ","S","27","     0.0"," ","S","27","     0.0"," ","S","27"," -9999.0","M"," "," 0"," -9999.0","M"," "," 0"," -9999.0","M"," "," 0"
"USC00421008","08-26"," 37.6411","-112.1703","2404.9","BRYCE CANYON NP HQRS, UT US","08","26","99","    61.9"," ","S","27","    76.0"," ","S","27","    47.8"," ","S","27","    28.2"," ","S","27","     4.2"," ","S","27","     5.5"," ","S","27","     4.7"," ","S","27","     6.0"," ","S","27","     3.6"," ","S","27","     0.0"," ","S","27","     0.0"," ","S","27","     0.0","X","S","27","     0.2"," ","S","27","     0.3"," ","S","27","     0.9"," ","S","27","     0.5"," ","S","27","    21.9"," ","S","27","    16.9"," ","S","27","    11.9"," ","S","27","     7.1"," ","S","27","     5.2"," ","S","27","     2.8"," ","S","27","     0.0","X","S","27","     0.0","X","S","27","     0.5"," ","S","27","    21.9"," ","S","27","    16.9"," ","S","27","    11.9"," ","S","27","     7.1"," ","S","27","     5.2"," ","S","27","     2.8"," ","S","27","     0.0","X","S","27","     0.0","X","S","27","    14.8"," ","S","27","    13.4"," ","S","27","    32.1"," ","S","30","    17.1"," ","S","30","     8.1"," ","S","30","     4.2"," ","S","30","     0.6"," ","S","30","     0.1"," ","S","30","     0.0"," ","S","30","     0.0"," ","S","30","    0.04"," ","S","30","    0.10"," ","S","30","    0.25"," ","S","30","    1.58"," ","S","26","   10.16"," ","S","26","     0.0"," ","S","27","     0.0"," ","S","27","     0.0"," ","S","27","     0.0"," ","S","27","     0.0"," ","S","27","     0.0"," ","S","27","     0.0"," ","S","27","     0.0"," ","S","27"," -9999.0","M"," "," 0"," -9999.0","M"," "," 0"," -9999.0","M"," "," 0","     0.0"," ","S","26","    58.7"," ","S","26","     0.0"," ","S","27","     0.0"," ","S","27","     0.0"," ","S","27","     0.0"," ","S","27","     0.0"," ","S","27","     0.0"," ","S","27","     0.0"," ","S","27"," -9999.0","M"," "," 0"," -9999.0","M"," "," 0"," -9999.0","M"," "," 0"
"USC00421008","08-27"," 37.6411","-112.1703","2404.9","BRYCE CANYON NP HQRS, UT US","08","27","99","    61.7"," ","S","27","    75.8"," ","S","27","    47.6"," ","S","27","    28.3"," ","S","27","     4.2"," ","S","27","     5.6"," ","S","27","     4.8"," ","S","27","     6.0"," ","S","27","     3.7"," ","S","27","     0.0"," ","S","27","     0.0"," ","S","27","     0.0","X","S","27","     0.2"," ","S","27","     0.4"," ","S","27","     1.0"," ","S","27","     0.4"," ","S","27","    21.7"," ","S","27","    16.7"," ","S","27","    11.7"," ","S","27","     6.9"," ","S","27","     5.1"," ","S","27","     2.7"," ","S","27","     0.0","X","S","27","     0.0","X","S","27","     0.4"," ","S","27","    21.7"," ","S","27","    16.7"," ","S","27","    11.7"," ","S","27","     6.9"," ","S","27","     5.1"," ","S","27","     2.7"," ","S","27","     0.0","X","S","27","     0.0","X","S","27","    14.7"," ","S","27","    13.3"," ","S","27","    31.9"," ","S","30","    17.0"," ","S","30","     8.1"," ","S","30","     4.2"," ","S","30","     0.6"," ","S","30","     0.1"," ","S","30","     0.0"," ","S","30","     0.0"," ","S","30","    0.04"," ","S","30","    0.10"," ","S","30","    0.25"," ","S","30","    1.65"," ","S","26","   10.23"," ","S","26","     0.0"," ","S","27","     0.0"," ","S","27","     0.0"," ","S","27","     0.0"," ","S","27","     0.0"," ","S","27","     0.0"," ","S","27","     0.0"," ","S","27","     0.0"," ","S","27"," -9999.0","M"," "," 0"," -9999.0","M"," "," 0"," -9999.0","M"," "," 0","     0.0"," ","S","26","    58.7"," ","S","26","     0.0"," ","S","27","     0.0"," ","S","27","     0.0"," ","S","27","     0.0"," ","S","27","     0.0"," ","S","27","     0.0"," ","S","27","     0.0"," ","S","27"," -9999.0","M"," "," 0"," -9999.0","M"," "," 0"," -9999.0","M"," "," 0"
"USC00421008","08-28"," 37.6411","-112.1703","2404.9","BRYCE CANYON NP HQRS, UT US","08","28","99","    61.5"," ","S","27","    75.6"," ","S","27","    47.3"," ","S","27","    28.3"," ","S","27","     4.3"," ","S","27","     5.6"," ","S","27","     4.8"," ","S","27","     6.1"," ","S","27","     3.9"," ","S","27","     0.0"," ","S","27","     0.0"," ","S","27","     0.0","X","S","27","     0.2"," ","S","27","     0.4"," ","S","27","     1.1"," ","S","27","     0.4"," ","S","27","    21.5"," ","S","27","    16.5"," ","S","27","    11.5"," ","S","27","     6.7"," ","S","27","     4.9"," ","S","27","     2.5"," ","S","27","     0.0","X","S","27","     0.0","X","S","27","     0.4"," ","S","27","    21.5"," ","S","27","    16.5"," ","S","27","    11.5"," ","S","27","     6.7"," ","S","27","     4.9"," ","S","27","     2.5"," ","S","27","     0.0","X","S","27","     0.0","X","S","27","    14.5"," ","S","27","    13.2"," ","S","27","    31.6"," ","S","30","    16.8"," ","S","30","     8.0"," ","S","30","     4.2"," ","S","30","     0.6"," ","S","30","     0.1"," ","S","30","     0.0"," ","S","30","     0.0"," ","S","30","    0.04"," ","S","30","    0.10"," ","S","30","    0.25"," ","S","30","    1.72"," ","S","26","   10.30"," ","S","26","     0.0"," ","S","27","     0.0"," ","S","27","     0.0"," ","S","27","     0.0"," ","S","27","     0.0"," ","S","27","     0.0"," ","S","27","     0.0"," ","S","27","     0.0"," ","S","27"," -9999.0","M"," "," 0"," -9999.0","M"," "," 0"," -9999.0","M"," "," 0","     0.0"," ","S","26","    58.7"," ","S","26","     0.0"," ","S","27","     0.0"," ","S","27","     0.0"," ","S","27","     0.0"," ","S","27","     0.0"," ","S","27","     0.0"," ","S","27","     0.0"," ","S","27"," -9999.0","M"," "," 0"," -9999.0","M"," "," 0"," -9999.0","M"," "," 0"
"USC00421008","08-29"," 37.6411","-112.1703","2404.9","BRYCE CANYON NP HQRS, UT US","08","29","99","    61.2"," ","S","27","    75.4"," ","S","27","    47.0"," ","S","27","    28.4"," ","S","27","     4.3"," ","S","27","     5.6"," ","S","27","     4.9"," ","S","27","     6.1"," ","S","27","     4.1"," ","S","27","     0.0"," ","S","27","     0.0"," ","S","27","     0.0","X","S","27","     0.2"," ","S","27","     0.4"," ","S","27","     1.1"," ","S","27","     0.3"," ","S","27","    21.2"," ","S","27","    16.2"," ","S","27","    11.2"," ","S","27","     6.4"," ","S","27","     4.7"," ","S","27","     2.4"," ","S","27","     0.0","X","S","27","     0.0","X","S","27","     0.3"," ","S","27","    21.2"," ","S","27","    16.2"," ","S","27","    11.2"," ","S","27","     6.4"," ","S","27","     4.7"," ","S","27","     2.4"," ","S","27","     0.0","X","S","27","     0.0","X","S","27","    14.4"," ","S","27","    13.0"," ","S","27","    31.2"," ","S","30","    16.6"," ","S","30","     7.9"," ","S","30","     4.2"," ","S","30","     0.6"," ","S","30","     0.1"," ","S","30","     0.0"," ","S","30","     0.0"," ","S","30","    0.04"," ","S","30","    0.10"," ","S","30","    0.25"," ","S","30","    1.79"," ","S","26","   10.37"," ","S","26","     0.0"," ","S","27","     0.0"," ","S","27","     0.0"," ","S","27","     0.0"," ","S","27","     0.0"," ","S","27","     0.0"," ","S","27","     0.0"," ","S","27","     0.0"," ","S","27"," -9999.0","M"," "," 0"," -9999.0","M"," "," 0"," -9999.0","M"," "," 0","     0.0"," ","S","26","    58.7"," ","S","26","     0.0"," ","S","27","     0.0"," ","S","27","     0.0"," ","S","27","     0.0"," ","S","27","     0.0"," ","S","27","     0.0"," ","S","27","     0.0"," ","S","27"," -9999.0","M"," "," 0"," -9999.0","M"," "," 0"," -9999.0","M"," "," 0"
"USC00421008","08-30"," 37.6411","-112.1703","2404.9","BRYCE CANYON NP HQRS, UT US","08","30","99","    61.0"," ","S","27","    75.2"," ","S","27","    46.7"," ","S","27","    28.4"," ","S","27","     4.4"," ","S","27","     5.7"," ","S","27","     4.9"," ","S","27","     6.1"," ","S","27","     4.3"," ","S","27","     0.0"," ","S","27","     0.0"," ","S","27","     0.0","X","S","27","     0.3"," ","S","27","     0.5"," ","S","27","     1.2"," ","S","27","     0.3"," ","S","27","    21.0"," ","S","27","    16.0"," ","S","27","    11.0"," ","S","27","     6.2"," ","S","27","     4.5"," ","S","27","     2.2"," ","S","27","     0.0","X","S","27","     0.0","X","S","27","     0.3"," ","S","27","    21.0"," ","S","27","    16.0"," ","S","27","    11.0"," ","S","27","     6.2"," ","S","27","     4.5"," ","S","27","     2.2"," ","S","27","     0.0","X","S","27","     0.0","X","S","27","    14.2"," ","S","27","    12.9"," ","S","27","    30.9"," ","S","30","    16.4"," ","S","30","     7.9"," ","S","30","     4.2"," ","S","30","     0.6"," ","S","30","     0.1"," ","S","30","     0.0"," ","S","30","     0.0"," ","S","30","    0.04"," ","S","30","    0.10"," ","S","30","    0.26"," ","S","30","    1.87"," ","S","26","   10.45"," ","S","26","     0.0"," ","S","27","     0.0"," ","S","27","     0.0"," ","S","27","     0.0"," ","S","27","     0.0"," ","S","27","     0.0"," ","S","27","     0.0"," ","S","27","     0.0"," ","S","27"," -9999.0","M"," "," 0"," -9999.0","M"," "," 0"," -9999.0","M"," "," 0","     0.0"," ","S","26","    58.7"," ","S","26","     0.0"," ","S","27","     0.0"," ","S","27","     0.0"," ","S","27","     0.0"," ","S","27","     0.0"," ","S","27","     0.0"," ","S","27","     0.0"," ","S","27"," -9999.0","M"," "," 0"," -9999.0","M"," "," 0"," -9999.0","M"," "," 0"
"USC00421008","08-31"," 37.6411","-112.1703","2404.9","BRYCE CANYON NP HQRS, UT US","08","31","99","    60.7"," ","S","27","    75.0"," ","S","27","    46.5"," ","S","27","    28.5"," ","S","27","     4.4"," ","S","27","     5.7"," ","S","27","     5.0"," ","S","27","     6.2"," ","S","27","     4.6"," ","S","27","     0.0","X","S","27","     0.0","X","S","27","     0.0","X","S","27","     0.3"," ","S","27","     0.5"," ","S","27","     1.3"," ","S","27","     0.3"," ","S","27","    20.7"," ","S","27","    15.7"," ","S","27","    10.7"," ","S","27","     6.0"," ","S","27","     4.2"," ","S","27","     2.1"," ","S","27","     0.0","X","S","27","     0.0","X","S","27","     0.3"," ","S","27","    20.7"," ","S","27","    15.7"," ","S","27","    10.7"," ","S","27","     6.0"," ","S","27","     4.2"," ","S","27","     2.1"," ","S","27","     0.0","X","S","27","     0.0","X","S","27","    14.1"," ","S","27","    12.7"," ","S","27","    30.5"," ","S","30","    16.3"," ","S","30","     7.8"," ","S","30","     4.2"," ","S","30","     0.7"," ","S","30","     0.1"," ","S","30","     0.0"," ","S","30","     0.0"," ","S","30","    0.03"," ","S","30","    0.10"," ","S","30","    0.26"," ","S","30","    1.94"," ","S","26","   10.52"," ","S","26","     0.0"," ","S","27","     0.0"," ","S","27","     0.0"," ","S","27","     0.0"," ","S","27","     0.0"," ","S","27","     0.0"," ","S","27","     0.0"," ","S","27","     0.0"," ","S","27"," -9999.0","M"," "," 0"," -9999.0","M"," "," 0"," -9999.0","M"," "," 0","     0.0"," ","S","26","    58.7"," ","S","26","     0.0"," ","S","27","     0.0"," ","S","27","     0.0"," ","S","27","     0.0"," ","S","27","     0.0"," ","S","27","     0.0"," ","S","27","     0.0"," ","S","27"," -9999.0","M"," "," 0"," -9999.0","M"," "," 0"," -9999.0","M"," "," 0"
"USC00421008","09-01"," 37.6411","-112.1703","2404.9","BRYCE CANYON NP HQRS, UT US","09","01","99","    60.5"," ","S","28","    74.7"," ","S","28","    46.2"," ","S","28","    28.5"," ","S","28","     4.5"," ","S","28","     5.8"," ","S","28","     5.1"," ","S","28","     6.2"," ","S","28","     4.8"," ","S","28","     0.0","X","S","28","     0.0","X","S","28","     0.0","X","S","28","     0.3"," ","S","28","     0.6"," ","S","28","     1.5"," ","S","28","     0.2"," ","S","28","    20.5"," ","S","28","    15.5"," ","S","28","    10.5"," ","S","28","     5.8"," ","S","28","     4.0"," ","S","28","     1.9"," ","S","28","     0.0","X","S","28","     0.0"," ","S","28","     0.2"," ","S","28","    20.5"," ","S","28","    15.5"," ","S","28","    10.5"," ","S","28","     5.8"," ","S","28","     4.0"," ","S","28","     1.9"," ","S","28","     0.0","X","S","28","     0.0"," ","S","28","    13.9"," ","S","28","    12.6"," ","S","28","    30.2"," ","S","30","    16.1"," ","S","30","     7.8"," ","S","30","     4.2"," ","S","30","     0.7"," ","S","30","     0.1"," ","S","30","     0.0"," ","S","30","     0.0"," ","S","30","    0.03"," ","S","30","    0.10"," ","S","30","    0.26"," ","S","30","    0.07"," ","S","25","   10.59"," ","S","25","     0.0"," ","S","27","     0.0"," ","S","27","     0.0"," ","S","27","     0.0"," ","S","27","     0.0"," ","S","27","     0.0"," ","S","27","     0.0"," ","S","27","     0.0"," ","S","27"," -9999.0","M"," "," 0"," -9999.0","M"," "," 0"," -9999.0","M"," "," 0","     0.0"," ","S","27","    58.7"," ","S","27","     0.0"," ","S","27","     0.0"," ","S","27","     0.0"," ","S","27","     0.0"," ","S","27","     0.0"," ","S","27","     0.0"," ","S","27","     0.0"," ","S","27"," -9999.0","M"," "," 0"," -9999.0","M"," "," 0"," -9999.0","M"," "," 0"
"USC00421008","09-02"," 37.6411","-112.1703","2404.9","BRYCE CANYON NP HQRS, UT US","09","02","99","    60.2"," ","S","28","    74.5"," ","S","28","    45.9"," ","S","28","    28.6"," ","S","28","     4.5"," ","S","28","     5.9"," ","S","28","     5.1"," ","S","28","     6.3"," ","S","28","     5.0"," ","S","28","     0.0","X","S","28","     0.0","X","S","28","     0.1"," ","S","28","     0.4"," ","S","28","     0.7"," ","S","28","     1.6"," ","S","28","     0.2"," ","S","28","    20.2"," ","S","28","    15.2"," ","S","28","    10.2"," ","S","28","     5.5"," ","S","28","     3.8"," ","S","28","     1.8"," ","S","28","     0.0","X","S","28","     0.0"," ","S","28","     0.2"," ","S","28","    20.2"," ","S","28","    15.2"," ","S","28","    10.2"," ","S","28","     5.5"," ","S","28","     3.8"," ","S","28","     1.8"," ","S","28","     0.0","X","S","28","     0.0"," ","S","28","    13.7"," ","S","28","    12.5"," ","S","28","    29.9"," ","S","30","    15.9"," ","S","30","     7.7"," ","S","30","     4.2"," ","S","30","     0.7"," ","S","30","     0.1"," ","S","30","     0.0"," ","S","30","     0.0"," ","S","30","    0.03"," ","S","30","    0.10"," ","S","30","    0.26"," ","S","30","    0.15"," ","S","25","   10.67"," ","S","25","     0.0"," ","S","27","     0.0"," ","S","27","     0.0"," ","S","27","     0.0"," ","S","27","     0.0"," ","S","27","     0.0"," ","S","27","     0.0"," ","S","27","     0.0"," ","S","27"," -9999.0","M"," "," 0"," -9999.0","M"," "," 0"," -9999.0","M"," "," 0","     0.0"," ","S","27","    58.7"," ","S","27","     0.0"," ","S","27","     0.0"," ","S","27","     0.0"," ","S","27","     0.0"," ","S","27","     0.0"," ","S","27","     0.0"," ","S","27","     0.0"," ","S","27"," -9999.0","M"," "," 0"," -9999.0","M"," "," 0"," -9999.0","M"," "," 0"
"USC00421008","09-03"," 37.6411","-112.1703","2404.9","BRYCE CANYON NP HQRS, UT US","09","03","99","    59.9"," ","S","28","    74.2"," ","S","28","    45.6"," ","S","28","    28.6"," ","S","28","     4.6"," ","S","28","     5.9"," ","S","28","     5.2"," ","S","28","     6.3"," ","S","28","     5.3"," ","S","28","     0.0","X","S","28","     0.0","X","S","28","     0.1"," ","S","28","     0.4"," ","S","28","     0.7"," ","S","28","     1.7"," ","S","28","     0.2"," ","S","28","    19.9"," ","S","28","    14.9"," ","S","28","    10.0"," ","S","28","     5.3"," ","S","28","     3.6"," ","S","28","     1.6"," ","S","28","     0.0","X","S","28","     0.0"," ","S","28","     0.2"," ","S","28","    19.9"," ","S","28","    14.9"," ","S","28","    10.0"," ","S","28","     5.3"," ","S","28","     3.6"," ","S","28","     1.6"," ","S","28","     0.0","X","S","28","     0.0"," ","S","28","    13.6"," ","S","28","    12.3"," ","S","28","    29.5"," ","S","30","    15.7"," ","S","30","     7.7"," ","S","30","     4.2"," ","S","30","     0.7"," ","S","30","     0.1"," ","S","30","     0.0"," ","S","30","     0.0"," ","S","30","    0.03"," ","S","30","    0.10"," ","S","30","    0.26"," ","S","30","    0.22"," ","S","25","   10.74"," ","S","25","     0.0"," ","S","27","     0.0"," ","S","27","     0.0"," ","S","27","     0.0"," ","S","27","     0.0"," ","S","27","     0.0"," ","S","27","     0.0"," ","S","27","     0.0"," ","S","27"," -9999.0","M"," "," 0"," -9999.0","M"," "," 0"," -9999.0","M"," "," 0","     0.0"," ","S","27","    58.7"," ","S","27","     0.0"," ","S","27","     0.0"," ","S","27","     0.0"," ","S","27","     0.0"," ","S","27","     0.0"," ","S","27","     0.0"," ","S","27","     0.0"," ","S","27"," -9999.0","M"," "," 0"," -9999.0","M"," "," 0"," -9999.0","M"," "," 0"
"USC00421008","09-04"," 37.6411","-112.1703","2404.9","BRYCE CANYON NP HQRS, UT US","09","04","99","    59.6"," ","S","28","    74.0"," ","S","28","    45.3"," ","S","28","    28.6"," ","S","28","     4.6"," ","S","28","     6.0"," ","S","28","     5.2"," ","S","28","     6.4"," ","S","28","     5.5"," ","S","28","     0.0","X","S","28","     0.0","X","S","28","     0.1"," ","S","28","     0.4"," ","S","28","     0.8"," ","S","28","     1.9"," ","S","28","     0.2"," ","S","28","    19.6"," ","S","28","    14.7"," ","S","28","     9.7"," ","S","28","     5.1"," ","S","28","     3.5"," ","S","28","     1.5"," ","S","28","     0.0","X","S","28","     0.0"," ","S","28","     0.2"," ","S","28","    19.6"," ","S","28","    14.7"," ","S","28","     9.7"," ","S","28","     5.1"," ","S","28","     3.5"," ","S","28","     1.5"," ","S","28","     0.0","X","S","28","     0.0"," ","S","28","    13.4"," ","S","28","    12.2"," ","S","28","    29.2"," ","S","30","    15.5"," ","S","30","     7.6"," ","S","30","     4.2"," ","S","30","     0.8"," ","S","30","     0.1"," ","S","30","     0.0"," ","S","30","     0.0"," ","S","30","    0.03"," ","S","30","    0.10"," ","S","30","    0.26"," ","S","30","    0.29"," ","S","25","   10.81"," ","S","25","     0.0"," ","S","27","     0.0"," ","S","27","     0.0"," ","S","27","     0.0"," ","S","27","     0.0"," ","S","27","     0.0"," ","S","27","     0.0"," ","S","27","     0.0"," ","S","27"," -9999.0","M"," "," 0"," -9999.0","M"," "," 0"," -9999.0","M"," "," 0","     0.0"," ","S","27","    58.7"," ","S","27","     0.0"," ","S","27","     0.0"," ","S","27","     0.0"," ","S","27","     0.0"," ","S","27","     0.0"," ","S","27","     0.0"," ","S","27","     0.0"," ","S","27"," -9999.0","M"," "," 0"," -9999.0","M"," "," 0"," -9999.0","M"," "," 0"
"USC00421008","09-05"," 37.6411","-112.1703","2404.9","BRYCE CANYON NP HQRS, UT US","09","05","99","    59.3"," ","S","28","    73.7"," ","S","28","    45.0"," ","S","28","    28.7"," ","S","28","     4.7"," ","S","28","     6.0"," ","S","28","     5.3"," ","S","28","     6.4"," ","S","28","     5.8"," ","S","28","     0.0","X","S","28","     0.0","X","S","28","     0.1"," ","S","28","     0.5"," ","S","28","     0.9"," ","S","28","     2.1"," ","S","28","     0.1"," ","S","28","    19.4"," ","S","28","    14.4"," ","S","28","     9.4"," ","S","28","     4.9"," ","S","28","     3.3"," ","S","28","     1.4"," ","S","28","     0.0","X","S","28","     0.0"," ","S","28","     0.1"," ","S","28","    19.4"," ","S","28","    14.4"," ","S","28","     9.4"," ","S","28","     4.9"," ","S","28","     3.3"," ","S","28","     1.4"," ","S","28","     0.0","X","S","28","     0.0"," ","S","28","    13.3"," ","S","28","    12.0"," ","S","28","    28.9"," ","S","30","    15.4"," ","S","30","     7.6"," ","S","30","     4.2"," ","S","30","     0.8"," ","S","30","     0.1"," ","S","30","     0.0"," ","S","30","     0.0"," ","S","30","    0.03"," ","S","30","    0.10"," ","S","30","    0.26"," ","S","30","    0.36"," ","S","25","   10.88"," ","S","25","     0.0"," ","S","27","     0.0"," ","S","27","     0.0"," ","S","27","     0.0"," ","S","27","     0.0"," ","S","27","     0.0"," ","S","27","     0.0"," ","S","27","     0.0"," ","S","27"," -9999.0","M"," "," 0"," -9999.0","M"," "," 0"," -9999.0","M"," "," 0","     0.0"," ","S","27","    58.7"," ","S","27","     0.0"," ","S","27","     0.0"," ","S","27","     0.0"," ","S","27","     0.0"," ","S","27","     0.0"," ","S","27","     0.0"," ","S","27","     0.0"," ","S","27"," -9999.0","M"," "," 0"," -9999.0","M"," "," 0"," -9999.0","M"," "," 0"
"USC00421008","09-06"," 37.6411","-112.1703","2404.9","BRYCE CANYON NP HQRS, UT US","09","06","99","    59.1"," ","S","28","    73.4"," ","S","28","    44.7"," ","S","28","    28.7"," ","S","28","     4.8"," ","S","28","     6.1"," ","S","28","     5.4"," ","S","28","     6.4"," ","S","28","     6.1"," ","S","28","     0.0","X","S","28","     0.0","X","S","28","     0.1"," ","S","28","     0.6"," ","S","28","     1.1"," ","S","28","     2.3"," ","S","28","     0.1"," ","S","28","    19.1"," ","S","28","    14.1"," ","S","28","     9.2"," ","S","28","     4.6"," ","S","28","     3.1"," ","S","28","     1.3"," ","S","28","     0.0","X","S","28","     0.0"," ","S","28","     0.1"," ","S","28","    19.1"," ","S","28","    14.1"," ","S","28","     9.2"," ","S","28","     4.6"," ","S","28","     3.1"," ","S","28","     1.3"," ","S","28","     0.0","X","S","28","     0.0"," ","S","28","    13.1"," ","S","28","    11.9"," ","S","28","    28.6"," ","S","30","    15.2"," ","S","30","     7.5"," ","S","30","     4.2"," ","S","30","     0.8"," ","S","30","     0.1"," ","S","30","     0.0"," ","S","30","     0.0"," ","S","30","    0.03"," ","S","30","    0.10"," ","S","30","    0.26"," ","S","30","    0.43"," ","S","25","   10.95"," ","S","25","     0.0"," ","S","28","     0.0"," ","S","28","     0.0"," ","S","28","     0.0"," ","S","28","     0.0"," ","S","28","     0.0"," ","S","28","     0.0"," ","S","28","     0.0"," ","S","28"," -9999.0","M"," "," 0"," -9999.0","M"," "," 0"," -9999.0","M"," "," 0","     0.0"," ","S","27","    58.7"," ","S","27","     0.0"," ","S","28","     0.0"," ","S","28","     0.0"," ","S","28","     0.0"," ","S","28","     0.0"," ","S","28","     0.0"," ","S","28","     0.0"," ","S","28"," -9999.0","M"," "," 0"," -9999.0","M"," "," 0"," -9999.0","M"," "," 0"
"USC00421008","09-07"," 37.6411","-112.1703","2404.9","BRYCE CANYON NP HQRS, UT US","09","07","99","    58.8"," ","S","28","    73.1"," ","S","28","    44.4"," ","S","28","    28.7"," ","S","28","     4.8"," ","S","28","     6.1"," ","S","28","     5.4"," ","S","28","     6.4"," ","S","28","     6.4"," ","S","28","     0.0","X","S","28","     0.0","X","S","28","     0.1"," ","S","28","     0.7"," ","S","28","     1.2"," ","S","28","     2.5"," ","S","28","     0.1"," ","S","28","    18.8"," ","S","28","    13.8"," ","S","28","     8.9"," ","S","28","     4.4"," ","S","28","     2.9"," ","S","28","     1.2"," ","S","28","     0.0","X","S","28","     0.0"," ","S","28","     0.1"," ","S","28","    18.8"," ","S","28","    13.8"," ","S","28","     8.9"," ","S","28","     4.4"," ","S","28","     2.9"," ","S","28","     1.2"," ","S","28","     0.0","X","S","28","     0.0"," ","S","28","    12.9"," ","S","28","    11.7"," ","S","28","    28.2"," ","S","30","    15.0"," ","S","30","     7.5"," ","S","30","     4.3"," ","S","30","     0.8"," ","S","30","     0.1"," ","S","30","     0.0"," ","S","30","     0.0"," ","S","30","    0.03"," ","S","30","    0.10"," ","S","30","    0.27"," ","S","30","    0.49"," ","S","25","   11.01"," ","S","25","     0.0"," ","S","28","     0.0"," ","S","28","     0.0"," ","S","28","     0.0"," ","S","28","     0.0"," ","S","28","     0.0"," ","S","28","     0.0"," ","S","28","     0.0"," ","S","28"," -9999.0","M"," "," 0"," -9999.0","M"," "," 0"," -9999.0","M"," "," 0","     0.0"," ","S","27","    58.7"," ","S","27","     0.0"," ","S","28","     0.0"," ","S","28","     0.0"," ","S","28","     0.0"," ","S","28","     0.0"," ","S","28","     0.0"," ","S","28","     0.0"," ","S","28"," -9999.0","M"," "," 0"," -9999.0","M"," "," 0"," -9999.0","M"," "," 0"
"USC00421008","09-08"," 37.6411","-112.1703","2404.9","BRYCE CANYON NP HQRS, UT US","09","08","99","    58.5"," ","S","28","    72.8"," ","S","28","    44.1"," ","S","28","    28.7"," ","S","28","     4.9"," ","S","28","     6.2"," ","S","28","     5.5"," ","S","28","     6.5"," ","S","28","     6.7"," ","S","28","     0.0","X","S","28","     0.0","X","S","28","     0.1"," ","S","28","     0.7"," ","S","28","     1.3"," ","S","28","     2.7"," ","S","28","     0.1"," ","S","28","    18.5"," ","S","28","    13.5"," ","S","28","     8.6"," ","S","28","     4.2"," ","S","28","     2.8"," ","S","28","     1.1"," ","S","28","     0.0","X","S","28","     0.0"," ","S","28","     0.1"," ","S","28","    18.5"," ","S","28","    13.5"," ","S","28","     8.6"," ","S","28","     4.2"," ","S","28","     2.8"," ","S","28","     1.1"," ","S","28","     0.0","X","S","28","     0.0"," ","S","28","    12.8"," ","S","28","    11.6"," ","S","28","    27.9"," ","S","30","    14.8"," ","S","30","     7.5"," ","S","30","     4.3"," ","S","30","     0.9"," ","S","30","     0.1"," ","S","30","     0.0"," ","S","30","     0.0"," ","S","30","    0.03"," ","S","30","    0.10"," ","S","30","    0.27"," ","S","30","    0.55"," ","S","25","   11.07"," ","S","25","     0.0"," ","S","28","     0.0"," ","S","28","     0.0"," ","S","28","     0.0"," ","S","28","     0.0"," ","S","28","     0.0"," ","S","28","     0.0"," ","S","28","     0.0"," ","S","28"," -9999.0","M"," "," 0"," -9999.0","M"," "," 0"," -9999.0","M"," "," 0","     0.0"," ","S","27","    58.7"," ","S","27","     0.0"," ","S","28","     0.0"," ","S","28","     0.0"," ","S","28","     0.0"," ","S","28","     0.0"," ","S","28","     0.0"," ","S","28","     0.0"," ","S","28"," -9999.0","M"," "," 0"," -9999.0","M"," "," 0"," -9999.0","M"," "," 0"
"USC00421008","09-09"," 37.6411","-112.1703","2404.9","BRYCE CANYON NP HQRS, UT US","09","09","99","    58.1"," ","S","28","    72.5"," ","S","28","    43.8"," ","S","28","    28.7"," ","S","28","     5.0"," ","S","28","     6.3"," ","S","28","     5.5"," ","S","28","     6.5"," ","S","28","     7.0"," ","S","28","     0.0","X","S","28","     0.0","X","S","28","     0.2"," ","S","28","     0.8"," ","S","28","     1.4"," ","S","28","     2.9"," ","S","28","     0.1"," ","S","28","    18.2"," ","S","28","    13.2"," ","S","28","     8.3"," ","S","28","     4.0"," ","S","28","     2.6"," ","S","28","     1.0"," ","S","28","     0.0","X","S","28","     0.0"," ","S","28","     0.1"," ","S","28","    18.2"," ","S","28","    13.2"," ","S","28","     8.3"," ","S","28","     4.0"," ","S","28","     2.6"," ","S","28","     1.0"," ","S","28","     0.0","X","S","28","     0.0"," ","S","28","    12.6"," ","S","28","    11.4"," ","S","28","    27.5"," ","S","30","    14.6"," ","S","30","     7.4"," ","S","30","     4.3"," ","S","30","     0.9"," ","S","30","     0.1"," ","S","30","     0.0"," ","S","30","     0.0"," ","S","30","    0.03"," ","S","30","    0.10"," ","S","30","    0.27"," ","S","30","    0.62"," ","S","25","   11.14"," ","S","25","     0.0"," ","S","28","     0.0"," ","S","28","     0.0"," ","S","28","     0.0"," ","S","28","     0.0"," ","S","28","     0.0"," ","S","28","     0.0"," ","S","28","     0.0"," ","S","28"," -9999.0","M"," "," 0"," -9999.0","M"," "," 0"," -9999.0","M"," "," 0","     0.0"," ","S","27","    58.7"," ","S","27","     0.0"," ","S","28","     0.0"," ","S","28","     0.0"," ","S","28","     0.0"," ","S","28","     0.0"," ","S","28","     0.0"," ","S","28","     0.0"," ","S","28"," -9999.0","M"," "," 0"," -9999.0","M"," "," 0"," -9999.0","M"," "," 0"
"USC00421008","09-10"," 37.6411","-112.1703","2404.9","BRYCE CANYON NP HQRS, UT US","09","10","99","    57.8"," ","S","28","    72.2"," ","S","28","    43.5"," ","S","28","    28.7"," ","S","28","     5.0"," ","S","28","     6.3"," ","S","28","     5.5"," ","S","28","     6.5"," ","S","28","     7.3"," ","S","28","     0.0","X","S","28","     0.1"," ","S","28","     0.2"," ","S","28","     0.9"," ","S","28","     1.6"," ","S","28","     3.1"," ","S","28","     0.1"," ","S","28","    17.9"," ","S","28","    12.9"," ","S","28","     8.0"," ","S","28","     3.8"," ","S","28","     2.4"," ","S","28","     1.0"," ","S","28","     0.0","X","S","28","     0.0"," ","S","28","     0.1"," ","S","28","    17.9"," ","S","28","    12.9"," ","S","28","     8.0"," ","S","28","     3.8"," ","S","28","     2.4"," ","S","28","     1.0"," ","S","28","     0.0","X","S","28","     0.0"," ","S","28","    12.4"," ","S","28","    11.2"," ","S","28","    27.1"," ","S","30","    14.4"," ","S","30","     7.4"," ","S","30","     4.3"," ","S","30","     0.9"," ","S","30","     0.1"," ","S","30","     0.0"," ","S","30","     0.0"," ","S","30","    0.03"," ","S","30","    0.10"," ","S","30","    0.27"," ","S","30","    0.68"," ","S","25","   11.20"," ","S","25"," -9999.0","Z"," "," 0"," -9999.0","Z"," "," 0","     0.0"," ","S","28","     0.0"," ","S","28","     0.0"," ","S","28","     0.0"," ","S","28","     0.0"," ","S","28","     0.0"," ","S","28"," -9999.0","M"," "," 0"," -9999.0","M"," "," 0"," -9999.0","M"," "," 0","     0.0"," ","S","27","    58.7"," ","S","27","     0.0"," ","S","28","     0.0"," ","S","28","     0.0"," ","S","28","     0.0"," ","S","28","     0.0"," ","S","28","     0.0"," ","S","28","     0.0"," ","S","28"," -9999.0","M"," "," 0"," -9999.0","M"," "," 0"," -9999.0","M"," "," 0"
"USC00421008","09-11"," 37.6411","-112.1703","2404.9","BRYCE CANYON NP HQRS, UT US","09","11","99","    57.5"," ","S","28","    71.9"," ","S","28","    43.1"," ","S","28","    28.7"," ","S","28","     5.1"," ","S","28","     6.4"," ","S","28","     5.6"," ","S","28","     6.5"," ","S","28","     7.6"," ","S","28","     0.0","X","S","28","     0.1"," ","S","28","     0.3"," ","S","28","     1.0"," ","S","28","     1.8"," ","S","28","     3.4"," ","S","28","     0.1"," ","S","28","    17.5"," ","S","28","    12.6"," ","S","28","     7.8"," ","S","28","     3.6"," ","S","28","     2.3"," ","S","28","     0.9"," ","S","28","     0.0","X","S","28","     0.0"," ","S","28","     0.1"," ","S","28","    17.5"," ","S","28","    12.6"," ","S","28","     7.8"," ","S","28","     3.6"," ","S","28","     2.3"," ","S","28","     0.9"," ","S","28","     0.0","X","S","28","     0.0"," ","S","28","    12.2"," ","S","28","    11.1"," ","S","28","    26.6"," ","S","30","    14.1"," ","S","30","     7.3"," ","S","30","     4.2"," ","S","30","     1.0"," ","S","30","     0.1"," ","S","30","     0.0"," ","S","30","     0.0"," ","S","30","    0.03"," ","S","30","    0.10"," ","S","30","    0.28"," ","S","30","    0.74"," ","S","25","   11.26"," ","S","25"," -9999.0","Z"," "," 0"," -9999.0","Z"," "," 0","     0.0"," ","S","28","     0.0"," ","S","28","     0.0"," ","S","28","     0.0"," ","S","28","     0.0"," ","S","28","     0.0"," ","S","28"," -9999.0","M"," "," 0"," -9999.0","M"," "," 0"," -9999.0","M"," "," 0","     0.0"," ","S","27","    58.7"," ","S","27","     0.0"," ","S","28","     0.0"," ","S","28","     0.0"," ","S","28","     0.0"," ","S","28","     0.0"," ","S","28","     0.0"," ","S","28","     0.0"," ","S","28"," -9999.0","M"," "," 0"," -9999.0","M"," "," 0"," -9999.0","M"," "," 0"
"USC00421008","09-12"," 37.6411","-112.1703","2404.9","BRYCE CANYON NP HQRS, UT US","09","12","99","    57.2"," ","S","28","    71.6"," ","S","28","    42.8"," ","S","28","    28.7"," ","S","28","     5.2"," ","S","28","     6.5"," ","S","28","     5.6"," ","S","28","     6.5"," ","S","28","     7.9"," ","S","28","     0.0","X","S","28","     0.1"," ","S","28","     0.3"," ","S","28","     1.2"," ","S","28","     1.9"," ","S","28","     3.6"," ","S","28","     0.1"," ","S","28","    17.2"," ","S","28","    12.3"," ","S","28","     7.5"," ","S","28","     3.4"," ","S","28","     2.1"," ","S","28","     0.8"," ","S","28","     0.0","X","S","28","     0.0"," ","S","28","     0.1"," ","S","28","    17.2"," ","S","28","    12.3"," ","S","28","     7.5"," ","S","28","     3.4"," ","S","28","     2.1"," ","S","28","     0.8"," ","S","28","     0.0","X","S","28","     0.0"," ","S","28","    12.0"," ","S","28","    10.9"," ","S","28","    26.1"," ","S","30","    13.9"," ","S","30","     7.2"," ","S","30","     4.2"," ","S","30","     1.0"," ","S","30","     0.1"," ","S","30","     0.0"," ","S","30","     0.0"," ","S","30","    0.03"," ","S","30","    0.10"," ","S","30","    0.28"," ","S","30","    0.79"," ","S","25","   11.31"," ","S","25"," -9999.0","Z"," "," 0"," -9999.0","Z"," "," 0","     0.0"," ","S","28","     0.0"," ","S","28","     0.0"," ","S","28","     0.0"," ","S","28","     0.0"," ","S","28","     0.0"," ","S","28"," -9999.0","M"," "," 0"," -9999.0","M"," "," 0"," -9999.0","M"," "," 0","     0.0"," ","S","27","    58.7"," ","S","27","     0.0"," ","S","28","     0.0"," ","S","28","     0.0"," ","S","28","     0.0"," ","S","28","     0.0"," ","S","28","     0.0"," ","S","28","     0.0"," ","S","28"," -9999.0","M"," "," 0"," -9999.0","M"," "," 0"," -9999.0","M"," "," 0"
"USC00421008","09-13"," 37.6411","-112.1703","2404.9","BRYCE CANYON NP HQRS, UT US","09","13","99","    56.9"," ","S","28","    71.2"," ","S","28","    42.5"," ","S","28","    28.7"," ","S","28","     5.2"," ","S","28","     6.6"," ","S","28","     5.7"," ","S","28","     6.5"," ","S","28","     8.2"," ","S","28","     0.0","X","S","28","     0.1"," ","S","28","     0.4"," ","S","28","     1.3"," ","S","28","     2.1"," ","S","28","     3.9"," ","S","28","     0.1"," ","S","28","    16.9"," ","S","28","    12.0"," ","S","28","     7.2"," ","S","28","     3.2"," ","S","28","     2.0"," ","S","28","     0.7"," ","S","28","     0.0","X","S","28","     0.0"," ","S","28","     0.1"," ","S","28","    16.9"," ","S","28","    12.0"," ","S","28","     7.2"," ","S","28","     3.2"," ","S","28","     2.0"," ","S","28","     0.7"," ","S","28","     0.0","X","S","28","     0.0"," ","S","28","    11.8"," ","S","28","    10.7"," ","S","28","    25.6"," ","S","30","    13.6"," ","S","30","     7.1"," ","S","30","     4.1"," ","S","30","     1.0"," ","S","30","     0.1"," ","S","30","     0.0"," ","S","30","     0.0"," ","S","30","    0.03"," ","S","30","    0.10"," ","S","30","    0.28"," ","S","30","    0.85"," ","S","25","   11.37"," ","S","25"," -9999.0","Z"," "," 0"," -9999.0","Z"," "," 0"," -9999.0","Z"," "," 0"," -9999.0","Z"," "," 0"," -9999.0","Z"," "," 0","     0.0"," ","S","28","     0.0"," ","S","28","     0.0"," ","S","28"," -9999.0","M"," "," 0"," -9999.0","M"," "," 0"," -9999.0","M"," "," 0","     0.0"," ","S","27","    58.7"," ","S","27"," -9999.0","Z"," "," 0"," -9999.0","Z"," "," 0","     0.0"," ","S","28","     0.0"," ","S","28","     0.0"," ","S","28","     0.0"," ","S","28","     0.0"," ","S","28"," -9999.0","M"," "," 0"," -9999.0","M"," "," 0"," -9999.0","M"," "," 0"
"USC00421008","09-14"," 37.6411","-112.1703","2404.9","BRYCE CANYON NP HQRS, UT US","09","14","99","    56.5"," ","S","28","    70.9"," ","S","28","    42.2"," ","S","28","    28.7"," ","S","28","     5.3"," ","S","28","     6.6"," ","S","28","     5.7"," ","S","28","     6.6"," ","S","28","     8.5"," ","S","28","     0.0","X","S","28","     0.1"," ","S","28","     0.4"," ","S","28","     1.4"," ","S","28","     2.3"," ","S","28","     4.1"," ","S","28","     0.1"," ","S","28","    16.5"," ","S","28","    11.6"," ","S","28","     6.9"," ","S","28","     3.0"," ","S","28","     1.8"," ","S","28","     0.7"," ","S","28","     0.0","X","S","28","     0.0"," ","S","28","     0.1"," ","S","28","    16.5"," ","S","28","    11.6"," ","S","28","     6.9"," ","S","28","     3.0"," ","S","28","     1.8"," ","S","28","     0.7"," ","S","28","     0.0","X","S","28","     0.0"," ","S","28","    11.7"," ","S","28","    10.5"," ","S","28","    25.0"," ","S","30","    13.3"," ","S","30","     7.0"," ","S","30","     4.1"," ","S","30","     1.0"," ","S","30","     0.1"," ","S","30","     0.0"," ","S","30","     0.0"," ","S","30","    0.03"," ","S","30","    0.10"," ","S","30","    0.28"," ","S","30","    0.91"," ","S","25","   11.43"," ","S","25"," -9999.0","Z"," "," 0"," -9999.0","Z"," "," 0"," -9999.0","Z"," "," 0"," -9999.0","Z"," "," 0"," -9999.0","Z"," "," 0","     0.0"," ","S","28","     0.0"," ","S","28","     0.0"," ","S","28"," -9999.0","M"," "," 0"," -9999.0","M"," "," 0"," -9999.0","M"," "," 0","     0.0"," ","S","27","    58.7"," ","S","27"," -9999.0","Z"," "," 0"," -9999.0","Z"," "," 0","     0.0"," ","S","28","     0.0"," ","S","28","     0.0"," ","S","28","     0.0"," ","S","28","     0.0"," ","S","28"," -9999.0","M"," "," 0"," -9999.0","M"," "," 0"," -9999.0","M"," "," 0"
"USC00421008","09-15"," 37.6411","-112.1703","2404.9","BRYCE CANYON NP HQRS, UT US","09","15","99","    56.2"," ","S","28","    70.5"," ","S","28","    41.8"," ","S","28","    28.7"," ","S","28","     5.4"," ","S","28","     6.7"," ","S","28","     5.8"," ","S","28","     6.6"," ","S","28","     8.9"," ","S","28","     0.0","X","S","28","     0.1"," ","S","28","     0.5"," ","S","28","     1.6"," ","S","28","     2.5"," ","S","28","     4.4"," ","S","28","     0.0","X","S","28","    16.2"," ","S","28","    11.3"," ","S","28","     6.6"," ","S","28","     2.8"," ","S","28","     1.7"," ","S","28","     0.6"," ","S","28","     0.0","X","S","28","     0.0"," ","S","28","     0.0","X","S","28","    16.2"," ","S","28","    11.3"," ","S","28","     6.6"," ","S","28","     2.8"," ","S","28","     1.7"," ","S","28","     0.6"," ","S","28","     0.0","X","S","28","     0.0"," ","S","28","    11.5"," ","S","28","    10.4"," ","S","28","    24.5"," ","S","30","    13.0"," ","S","30","     6.9"," ","S","30","     4.0"," ","S","30","     1.1"," ","S","30","     0.1"," ","S","30","     0.0"," ","S","30","     0.0"," ","S","30","    0.03"," ","S","30","    0.11"," ","S","30","    0.29"," ","S","30","    0.97"," ","S","25","   11.49"," ","S","25"," -9999.0","Z"," "," 0"," -9999.0","Z"," "," 0"," -9999.0","Z"," "," 0"," -9999.0","Z"," "," 0"," -9999.0","Z"," "," 0","     0.0"," ","S","28","     0.0"," ","S","28","     0.0"," ","S","28"," -9999.0","M"," "," 0"," -9999.0","M"," "," 0"," -9999.0","M"," "," 0","     0.0"," ","S","27","    58.7"," ","S","27"," -9999.0","Z"," "," 0"," -9999.0","Z"," "," 0","     0.0"," ","S","28","     0.0"," ","S","28","     0.0"," ","S","28","     0.0"," ","S","28","     0.0"," ","S","28"," -9999.0","M"," "," 0"," -9999.0","M"," "," 0"," -9999.0","M"," "," 0"
"USC00421008","09-16"," 37.6411","-112.1703","2404.9","BRYCE CANYON NP HQRS, UT US","09","16","99","    55.8"," ","S","28","    70.2"," ","S","28","    41.5"," ","S","28","    28.7"," ","S","28","     5.4"," ","S","28","     6.8"," ","S","28","     5.8"," ","S","28","     6.6"," ","S","28","     9.2"," ","S","28","     0.0","X","S","28","     0.2"," ","S","28","     0.5"," ","S","28","     1.7"," ","S","28","     2.7"," ","S","28","     4.7"," ","S","28","     0.0","X","S","28","    15.9"," ","S","28","    11.0"," ","S","28","     6.4"," ","S","28","     2.6"," ","S","28","     1.5"," ","S","28","     0.6"," ","S","28","     0.0"," ","S","28","     0.0"," ","S","28","     0.0","X","S","28","    15.9"," ","S","28","    11.0"," ","S","28","     6.4"," ","S","28","     2.6"," ","S","28","     1.5"," ","S","28","     0.6"," ","S","28","     0.0"," ","S","28","     0.0"," ","S","28","    11.3"," ","S","28","    10.2"," ","S","28","    23.9"," ","S","30","    12.7"," ","S","30","     6.8"," ","S","30","     3.9"," ","S","30","     1.1"," ","S","30","     0.1"," ","S","30","     0.0"," ","S","30","     0.0"," ","S","30","    0.03"," ","S","30","    0.11"," ","S","30","    0.29"," ","S","30","    1.03"," ","S","25","   11.55"," ","S","25"," -9999.0","Z"," "," 0"," -9999.0","Z"," "," 0"," -9999.0","Z"," "," 0"," -9999.0","Z"," "," 0"," -9999.0","Z"," "," 0","     0.0"," ","S","28","     0.0"," ","S","28","     0.0"," ","S","28"," -9999.0","M"," "," 0"," -9999.0","M"," "," 0"," -9999.0","M"," "," 0","     0.0"," ","S","27","    58.7"," ","S","27"," -9999.0","Z"," "," 0"," -9999.0","Z"," "," 0","     0.0"," ","S","28","     0.0"," ","S","28","     0.0"," ","S","28","     0.0"," ","S","28","     0.0"," ","S","28"," -9999.0","M"," "," 0"," -9999.0","M"," "," 0"," -9999.0","M"," "," 0"
"USC00421008","09-17"," 37.6411","-112.1703","2404.9","BRYCE CANYON NP HQRS, UT US","09","17","99","    55.5"," ","S","28","    69.8"," ","S","28","    41.2"," ","S","28","    28.6"," ","S","28","     5.5"," ","S","28","     6.9"," ","S","28","     5.9"," ","S","28","     6.6"," ","S","28","     9.6"," ","S","28","     0.0","X","S","28","     0.2"," ","S","28","     0.6"," ","S","28","     1.9"," ","S","28","     2.9"," ","S","28","     5.0"," ","S","28","     0.0","X","S","28","    15.5"," ","S","28","    10.7"," ","S","28","     6.1"," ","S","28","     2.4"," ","S","28","     1.4"," ","S","28","     0.5"," ","S","28","     0.0"," ","S","28","     0.0"," ","S","28","     0.0","X","S","28","    15.5"," ","S","28","    10.7"," ","S","28","     6.1"," ","S","28","     2.4"," ","S","28","     1.4"," ","S","28","     0.5"," ","S","28","     0.0"," ","S","28","     0.0"," ","S","28","    11.1"," ","S","28","    10.0"," ","S","28","    23.3"," ","S","30","    12.4"," ","S","30","     6.7"," ","S","30","     3.8"," ","S","30","     1.1"," ","S","30","     0.1"," ","S","30","     0.0"," ","S","30","     0.0"," ","S","30","    0.03"," ","S","30","    0.11"," ","S","30","    0.29"," ","S","30","    1.08"," ","S","25","   11.60"," ","S","25"," -9999.0","Z"," "," 0"," -9999.0","Z"," "," 0"," -9999.0","Z"," "," 0"," -9999.0","Z"," "," 0"," -9999.0","Z"," "," 0","     0.0"," ","S","28","     0.0"," ","S","28","     0.0"," ","S","28"," -9999.0","M"," "," 0"," -9999.0","M"," "," 0"," -9999.0","M"," "," 0","     0.0"," ","S","27","    58.7"," ","S","27"," -9999.0","Z"," "," 0"," -9999.0","Z"," "," 0","     0.0"," ","S","28","     0.0"," ","S","28","     0.0"," ","S","28","     0.0"," ","S","28","     0.0"," ","S","28"," -9999.0","M"," "," 0"," -9999.0","M"," "," 0"," -9999.0","M"," "," 0"
"USC00421008","09-18"," 37.6411","-112.1703","2404.9","BRYCE CANYON NP HQRS, UT US","09","18","99","    55.1"," ","S","28","    69.4"," ","S","28","    40.8"," ","S","28","    28.6"," ","S","28","     5.6"," ","S","28","     7.0"," ","S","28","     5.9"," ","S","28","     6.7"," ","S","28","     9.9"," ","S","28","     0.0","X","S","28","     0.2"," ","S","28","     0.7"," ","S","28","     2.1"," ","S","28","     3.1"," ","S","28","     5.3"," ","S","28","     0.0","X","S","28","    15.2"," ","S","28","    10.3"," ","S","28","     5.8"," ","S","28","     2.2"," ","S","28","     1.3"," ","S","28","     0.5"," ","S","28","     0.0"," ","S","28","     0.0"," ","S","28","     0.0","X","S","28","    15.2"," ","S","28","    10.3"," ","S","28","     5.8"," ","S","28","     2.2"," ","S","28","     1.3"," ","S","28","     0.5"," ","S","28","     0.0"," ","S","28","     0.0"," ","S","28","    10.9"," ","S","28","     9.8"," ","S","28","    22.7"," ","S","30","    12.1"," ","S","30","     6.6"," ","S","30","     3.8"," ","S","30","     1.1"," ","S","30","     0.1"," ","S","30","     0.0"," ","S","30","     0.0"," ","S","30","    0.03"," ","S","30","    0.11"," ","S","30","    0.29"," ","S","30","    1.14"," ","S","25","   11.66"," ","S","25"," -9999.0","Z"," "," 0"," -9999.0","Z"," "," 0"," -9999.0","Z"," "," 0"," -9999.0","Z"," "," 0"," -9999.0","Z"," "," 0","     0.0"," ","S","28","     0.0"," ","S","28","     0.0"," ","S","28"," -9999.0","M"," "," 0"," -9999.0","M"," "," 0"," -9999.0","M"," "," 0","     0.0"," ","S","27","    58.7"," ","S","27"," -9999.0","Z"," "," 0"," -9999.0","Z"," "," 0","     0.0"," ","S","28","     0.0"," ","S","28","     0.0"," ","S","28","     0.0"," ","S","28","     0.0"," ","S","28"," -9999.0","M"," "," 0"," -9999.0","M"," "," 0"," -9999.0","M"," "," 0"
"USC00421008","09-19"," 37.6411","-112.1703","2404.9","BRYCE CANYON NP HQRS, UT US","09","19","99","    54.8"," ","S","28","    69.0"," ","S","28","    40.5"," ","S","28","    28.6"," ","S","28","     5.6"," ","S","28","     7.0"," ","S","28","     5.9"," ","S","28","     6.7"," ","S","28","    10.3"," ","S","28","     0.0","X","S","28","     0.2"," ","S","28","     0.8"," ","S","28","     2.3"," ","S","28","     3.4"," ","S","28","     5.6"," ","S","28","     0.0","X","S","28","    14.8"," ","S","28","    10.0"," ","S","28","     5.6"," ","S","28","     2.1"," ","S","28","     1.1"," ","S","28","     0.4"," ","S","28","     0.0"," ","S","28","     0.0"," ","S","28","     0.0","X","S","28","    14.8"," ","S","28","    10.0"," ","S","28","     5.6"," ","S","28","     2.1"," ","S","28","     1.1"," ","S","28","     0.4"," ","S","28","     0.0"," ","S","28","     0.0"," ","S","28","    10.7"," ","S","28","     9.6"," ","S","28","    22.1"," ","S","30","    11.8"," ","S","30","     6.5"," ","S","30","     3.7"," ","S","30","     1.1"," ","S","30","     0.1"," ","S","30","     0.0"," ","S","30","     0.0"," ","S","30","    0.03"," ","S","30","    0.11"," ","S","30","    0.30"," ","S","30","    1.19"," ","S","25","   11.71"," ","S","25"," -9999.0","Z"," "," 0"," -9999.0","Z"," "," 0"," -9999.0","Z"," "," 0"," -9999.0","Z"," "," 0"," -9999.0","Z"," "," 0","     0.0"," ","S","28","     0.0"," ","S","28","     0.0"," ","S","28"," -9999.0","M"," "," 0"," -9999.0","M"," "," 0"," -9999.0","M"," "," 0","     0.0"," ","S","27","    58.7"," ","S","27"," -9999.0","Z"," "," 0"," -9999.0","Z"," "," 0","     0.0"," ","S","28","     0.0"," ","S","28","     0.0"," ","S","28","     0.0"," ","S","28","     0.0"," ","S","28"," -9999.0","M"," "," 0"," -9999.0","M"," "," 0"," -9999.0","M"," "," 0"
"USC00421008","09-20"," 37.6411","-112.1703","2404.9","BRYCE CANYON NP HQRS, UT US","09","20","99","    54.4"," ","S","28","    68.7"," ","S","28","    40.2"," ","S","28","    28.5"," ","S","28","     5.7"," ","S","28","     7.1"," ","S","28","     6.0"," ","S","28","     6.7"," ","S","28","    10.6"," ","S","28","     0.0","X","S","28","     0.3"," ","S","28","     0.9"," ","S","28","     2.5"," ","S","28","     3.6"," ","S","28","     5.9"," ","S","28","     0.0","X","S","28","    14.5"," ","S","28","     9.7"," ","S","28","     5.3"," ","S","28","     1.9"," ","S","28","     1.0"," ","S","28","     0.3"," ","S","28","     0.0"," ","S","28","     0.0"," ","S","28","     0.0","X","S","28","    14.5"," ","S","28","     9.7"," ","S","28","     5.3"," ","S","28","     1.9"," ","S","28","     1.0"," ","S","28","     0.3"," ","S","28","     0.0"," ","S","28","     0.0"," ","S","28","    10.5"," ","S","28","     9.4"," ","S","28","    21.6"," ","S","30","    11.5"," ","S","30","     6.4"," ","S","30","     3.7"," ","S","30","     1.1"," ","S","30","     0.1"," ","S","30","     0.0"," ","S","30","     0.0"," ","S","30","    0.03"," ","S","30","    0.11"," ","S","30","    0.30"," ","S","30","    1.25"," ","S","25","   11.77"," ","S","25"," -9999.0","Z"," "," 0"," -9999.0","Z"," "," 0"," -9999.0","Z"," "," 0"," -9999.0","Z"," "," 0"," -9999.0","Z"," "," 0","     0.0"," ","S","28","     0.0"," ","S","28","     0.0"," ","S","28"," -9999.0","M"," "," 0"," -9999.0","M"," "," 0"," -9999.0","M"," "," 0","     0.0"," ","S","27","    58.7"," ","S","27"," -9999.0","Z"," "," 0"," -9999.0","Z"," "," 0","     0.0"," ","S","28","     0.0"," ","S","28","     0.0"," ","S","28","     0.0"," ","S","28","     0.0"," ","S","28"," -9999.0","M"," "," 0"," -9999.0","M"," "," 0"," -9999.0","M"," "," 0"
"USC00421008","09-21"," 37.6411","-112.1703","2404.9","BRYCE CANYON NP HQRS, UT US","09","21","99","    54.0"," ","S","28","    68.3"," ","S","28","    39.8"," ","S","28","    28.5"," ","S","28","     5.7"," ","S","28","     7.2"," ","S","28","     6.0"," ","S","28","     6.7"," ","S","28","    11.0"," ","S","28","     0.0","X","S","28","     0.3"," ","S","28","     1.0"," ","S","28","     2.7"," ","S","28","     3.9"," ","S","28","     6.2"," ","S","28","     0.0","X","S","28","    14.1"," ","S","28","     9.4"," ","S","28","     5.0"," ","S","28","     1.8"," ","S","28","     0.9"," ","S","28","     0.3"," ","S","28","     0.0"," ","S","28","     0.0"," ","S","28","     0.0","X","S","28","    14.1"," ","S","28","     9.4"," ","S","28","     5.0"," ","S","28","     1.8"," ","S","28","     0.9"," ","S","28","     0.3"," ","S","28","     0.0"," ","S","28","     0.0"," ","S","28","    10.3"," ","S","28","     9.2"," ","S","28","    21.1"," ","S","30","    11.3"," ","S","30","     6.3"," ","S","30","     3.6"," ","S","30","     1.2"," ","S","30","     0.1"," ","S","30","     0.0"," ","S","30","     0.0"," ","S","30","    0.03"," ","S","30","    0.11"," ","S","30","    0.30"," ","S","30","    1.31"," ","S","25","   11.83"," ","S","25"," -9999.0","Z"," "," 0"," -9999.0","Z"," "," 0"," -9999.0","Z"," "," 0"," -9999.0","Z"," "," 0"," -9999.0","Z"," "," 0","     0.0"," ","S","28","     0.0"," ","S","28","     0.0"," ","S","28"," -9999.0","M"," "," 0"," -9999.0","M"," "," 0"," -9999.0","M"," "," 0","     0.0"," ","S","27","    58.7"," ","S","27"," -9999.0","Z"," "," 0"," -9999.0","Z"," "," 0","     0.0"," ","S","28","     0.0"," ","S","28","     0.0"," ","S","28","     0.0"," ","S","28","     0.0"," ","S","28"," -9999.0","M"," "," 0"," -9999.0","M"," "," 0"," -9999.0","M"," "," 0"
"USC00421008","09-22"," 37.6411","-112.1703","2404.9","BRYCE CANYON NP HQRS, UT US","09","22","99","    53.7"," ","S","28","    67.9"," ","S","28","    39.5"," ","S","28","    28.4"," ","S","28","     5.8"," ","S","28","     7.3"," ","S","28","     6.0"," ","S","28","     6.8"," ","S","28","    11.3"," ","S","28","     0.1"," ","S","28","     0.3"," ","S","28","     1.1"," ","S","28","     3.0"," ","S","28","     4.1"," ","S","28","     6.6"," ","S","28","     0.0","X","S","28","    13.7"," ","S","28","     9.0"," ","S","28","     4.8"," ","S","28","     1.7"," ","S","28","     0.8"," ","S","28","     0.2"," ","S","28","     0.0"," ","S","28","     0.0"," ","S","28","     0.0","X","S","28","    13.7"," ","S","28","     9.0"," ","S","28","     4.8"," ","S","28","     1.7"," ","S","28","     0.8"," ","S","28","     0.2"," ","S","28","     0.0"," ","S","28","     0.0"," ","S","28","    10.0"," ","S","28","     9.0"," ","S","28","    20.6"," ","S","30","    11.1"," ","S","30","     6.2"," ","S","30","     3.6"," ","S","30","     1.2"," ","S","30","     0.1"," ","S","30","     0.0"," ","S","30","     0.0"," ","S","30","    0.03"," ","S","30","    0.11"," ","S","30","    0.31"," ","S","30","    1.37"," ","S","25","   11.89"," ","S","25"," -9999.0","Z"," "," 0"," -9999.0","Z"," "," 0"," -9999.0","Z"," "," 0"," -9999.0","Z"," "," 0"," -9999.0","Z"," "," 0","     0.0"," ","S","28","     0.0"," ","S","28","     0.0"," ","S","28"," -9999.0","M"," "," 0"," -9999.0","M"," "," 0"," -9999.0","M"," "," 0","     0.0"," ","S","27","    58.7"," ","S","27"," -9999.0","Z"," "," 0"," -9999.0","Z"," "," 0","     0.0"," ","S","28","     0.0"," ","S","28","     0.0"," ","S","28","     0.0"," ","S","28","     0.0"," ","S","28"," -9999.0","M"," "," 0"," -9999.0","M"," "," 0"," -9999.0","M"," "," 0"
"USC00421008","09-23"," 37.6411","-112.1703","2404.9","BRYCE CANYON NP HQRS, UT US","09","23","99","    53.3"," ","S","28","    67.5"," ","S","28","    39.1"," ","S","28","    28.4"," ","S","28","     5.8"," ","S","28","     7.4"," ","S","28","     6.0"," ","S","28","     6.8"," ","S","28","    11.7"," ","S","28","     0.1"," ","S","28","     0.4"," ","S","28","     1.3"," ","S","28","     3.2"," ","S","28","     4.4"," ","S","28","     6.9"," ","S","28","     0.0","X","S","28","    13.4"," ","S","28","     8.7"," ","S","28","     4.6"," ","S","28","     1.5"," ","S","28","     0.8"," ","S","28","     0.2"," ","S","28","     0.0"," ","S","28","     0.0"," ","S","28","     0.0","X","S","28","    13.4"," ","S","28","     8.7"," ","S","28","     4.6"," ","S","28","     1.5"," ","S","28","     0.8"," ","S","28","     0.2"," ","S","28","     0.0"," ","S","28","     0.0"," ","S","28","     9.8"," ","S","28","     8.8"," ","S","28","    20.1"," ","S","30","    10.9"," ","S","30","     6.1"," ","S","30","     3.5"," ","S","30","     1.2"," ","S","30","     0.1"," ","S","30","     0.0"," ","S","30","     0.0"," ","S","30","    0.03"," ","S","30","    0.11"," ","S","30","    0.31"," ","S","30","    1.42"," ","S","25","   11.94"," ","S","25"," -9999.0","Z"," "," 0"," -9999.0","Z"," "," 0"," -9999.0","Z"," "," 0"," -9999.0","Z"," "," 0"," -9999.0","Z"," "," 0","     0.0"," ","S","28","     0.0"," ","S","28","     0.0"," ","S","28"," -9999.0","M"," "," 0"," -9999.0","M"," "," 0"," -9999.0","M"," "," 0","     0.0"," ","S","27","    58.7"," ","S","27"," -9999.0","Z"," "," 0"," -9999.0","Z"," "," 0","     0.0"," ","S","28","     0.0"," ","S","28","     0.0"," ","S","28","     0.0"," ","S","28","     0.0"," ","S","28"," -9999.0","M"," "," 0"," -9999.0","M"," "," 0"," -9999.0","M"," "," 0"
"USC00421008","09-24"," 37.6411","-112.1703","2404.9","BRYCE CANYON NP HQRS, UT US","09","24","99","    52.9"," ","S","28","    67.1"," ","S","28","    38.8"," ","S","28","    28.3"," ","S","28","     5.9"," ","S","28","     7.4"," ","S","28","     6.1"," ","S","28","     6.8"," ","S","28","    12.1"," ","S","28","     0.1"," ","S","28","     0.5"," ","S","28","     1.4"," ","S","28","     3.5"," ","S","28","     4.7"," ","S","28","     7.2"," ","S","28","     0.0","X","S","28","    13.0"," ","S","28","     8.4"," ","S","28","     4.4"," ","S","28","     1.4"," ","S","28","     0.7"," ","S","28","     0.2"," ","S","28","     0.0"," ","S","28","     0.0"," ","S","28","     0.0","X","S","28","    13.0"," ","S","28","     8.4"," ","S","28","     4.4"," ","S","28","     1.4"," ","S","28","     0.7"," ","S","28","     0.2"," ","S","28","     0.0"," ","S","28","     0.0"," ","S","28","     9.6"," ","S","28","     8.6"," ","S","28","    19.7"," ","S","30","    10.7"," ","S","30","     6.1"," ","S","30","     3.5"," ","S","30","     1.2"," ","S","30","     0.1"," ","S","30","     0.0"," ","S","30","     0.0"," ","S","30","    0.04"," ","S","30","    0.11"," ","S","30","    0.32"," ","S","30","    1.48"," ","S","25","   12.00"," ","S","25"," -9999.0","Z"," "," 0"," -9999.0","Z"," "," 0"," -9999.0","Z"," "," 0"," -9999.0","Z"," "," 0"," -9999.0","Z"," "," 0","     0.0"," ","S","28","     0.0"," ","S","28","     0.0"," ","S","28"," -9999.0","M"," "," 0"," -9999.0","M"," "," 0"," -9999.0","M"," "," 0","     0.0"," ","S","27","    58.7"," ","S","27"," -9999.0","Z"," "," 0"," -9999.0","Z"," "," 0","     0.0"," ","S","28","     0.0"," ","S","28","     0.0"," ","S","28","     0.0"," ","S","28","     0.0"," ","S","28"," -9999.0","M"," "," 0"," -9999.0","M"," "," 0"," -9999.0","M"," "," 0"
"USC00421008","09-25"," 37.6411","-112.1703","2404.9","BRYCE CANYON NP HQRS, UT US","09","25","99","    52.6"," ","S","28","    66.7"," ","S","28","    38.5"," ","S","28","    28.2"," ","S","28","     5.9"," ","S","28","     7.5"," ","S","28","     6.1"," ","S","28","     6.9"," ","S","28","    12.4"," ","S","28","     0.1"," ","S","28","     0.5"," ","S","28","     1.6"," ","S","28","     3.7"," ","S","28","     5.0"," ","S","28","     7.6"," ","S","28","     0.0","X","S","28","    12.6"," ","S","28","     8.1"," ","S","28","     4.1"," ","S","28","     1.3"," ","S","28","     0.6"," ","S","28","     0.1"," ","S","28","     0.0"," ","S","28","     0.0"," ","S","28","     0.0","X","S","28","    12.6"," ","S","28","     8.1"," ","S","28","     4.1"," ","S","28","     1.3"," ","S","28","     0.6"," ","S","28","     0.1"," ","S","28","     0.0"," ","S","28","     0.0"," ","S","28","     9.4"," ","S","28","     8.4"," ","S","28","    19.3"," ","S","30","    10.5"," ","S","30","     6.0"," ","S","30","     3.5"," ","S","30","     1.3"," ","S","30","     0.1"," ","S","30","     0.0"," ","S","30","     0.0"," ","S","30","    0.04"," ","S","30","    0.12"," ","S","30","    0.32"," ","S","30","    1.54"," ","S","25","   12.06"," ","S","25"," -9999.0","Z"," "," 0"," -9999.0","Z"," "," 0"," -9999.0","Z"," "," 0"," -9999.0","Z"," "," 0"," -9999.0","Z"," "," 0","     0.0"," ","S","28","     0.0"," ","S","28","     0.0"," ","S","28"," -9999.0","M"," "," 0"," -9999.0","M"," "," 0"," -9999.0","M"," "," 0","     0.0"," ","S","27","    58.7"," ","S","27"," -9999.0","Z"," "," 0"," -9999.0","Z"," "," 0","     0.0"," ","S","28","     0.0"," ","S","28","     0.0"," ","S","28","     0.0"," ","S","28","     0.0"," ","S","28"," -9999.0","M"," "," 0"," -9999.0","M"," "," 0"," -9999.0","M"," "," 0"
"USC00421008","09-26"," 37.6411","-112.1703","2404.9","BRYCE CANYON NP HQRS, UT US","09","26","99","    52.2"," ","S","28","    66.3"," ","S","28","    38.1"," ","S","28","    28.2"," ","S","28","     6.0"," ","S","28","     7.6"," ","S","28","     6.1"," ","S","28","     6.9"," ","S","28","    12.8"," ","S","28","     0.1"," ","S","28","     0.5"," ","S","28","     1.7"," ","S","28","     4.0"," ","S","28","     5.3"," ","S","28","     7.9"," ","S","28","     0.0","X","S","28","    12.3"," ","S","28","     7.7"," ","S","28","     3.9"," ","S","28","     1.2"," ","S","28","     0.5"," ","S","28","     0.1"," ","S","28","     0.0"," ","S","28","     0.0"," ","S","28","     0.0","X","S","28","    12.3"," ","S","28","     7.7"," ","S","28","     3.9"," ","S","28","     1.2"," ","S","28","     0.5"," ","S","28","     0.1"," ","S","28","     0.0"," ","S","28","     0.0"," ","S","28","     9.2"," ","S","28","     8.2"," ","S","28","    19.0"," ","S","30","    10.4"," ","S","30","     6.0"," ","S","30","     3.4"," ","S","30","     1.3"," ","S","30","     0.1"," ","S","30","     0.0"," ","S","30","     0.0"," ","S","30","    0.04"," ","S","30","    0.12"," ","S","30","    0.33"," ","S","30","    1.59"," ","S","25","   12.11"," ","S","25"," -9999.0","Z"," "," 0"," -9999.0","Z"," "," 0"," -9999.0","Z"," "," 0"," -9999.0","Z"," "," 0"," -9999.0","Z"," "," 0","     0.0"," ","S","28","     0.0"," ","S","28","     0.0"," ","S","28"," -9999.0","M"," "," 0"," -9999.0","M"," "," 0"," -9999.0","M"," "," 0","     0.0"," ","S","27","    58.7"," ","S","27"," -9999.0","Z"," "," 0"," -9999.0","Z"," "," 0","     0.0"," ","S","27","     0.0"," ","S","27","     0.0"," ","S","27","     0.0"," ","S","27","     0.0"," ","S","27"," -9999.0","M"," "," 0"," -9999.0","M"," "," 0"," -9999.0","M"," "," 0"
"USC00421008","09-27"," 37.6411","-112.1703","2404.9","BRYCE CANYON NP HQRS, UT US","09","27","99","    51.8"," ","S","28","    65.9"," ","S","28","    37.8"," ","S","28","    28.1"," ","S","28","     6.0"," ","S","28","     7.7"," ","S","28","     6.1"," ","S","28","     7.0"," ","S","28","    13.2"," ","S","28","     0.1"," ","S","28","     0.6"," ","S","28","     1.8"," ","S","28","     4.2"," ","S","28","     5.6"," ","S","28","     8.3"," ","S","28","     0.0","X","S","28","    11.9"," ","S","28","     7.4"," ","S","28","     3.6"," ","S","28","     1.1"," ","S","28","     0.5"," ","S","28","     0.1"," ","S","28","     0.0"," ","S","28","     0.0"," ","S","28","     0.0","X","S","28","    11.9"," ","S","28","     7.4"," ","S","28","     3.6"," ","S","28","     1.1"," ","S","28","     0.5"," ","S","28","     0.1"," ","S","28","     0.0"," ","S","28","     0.0"," ","S","28","     9.0"," ","S","28","     8.0"," ","S","28","    18.7"," ","S","30","    10.3"," ","S","30","     6.0"," ","S","30","     3.4"," ","S","30","     1.3"," ","S","30","     0.1"," ","S","30","     0.0"," ","S","30","     0.0"," ","S","30","    0.04"," ","S","30","    0.12"," ","S","30","    0.33"," ","S","30","    1.64"," ","S","25","   12.16"," ","S","25"," -9999.0","Z"," "," 0"," -9999.0","Z"," "," 0"," -9999.0","Z"," "," 0"," -9999.0","Z"," "," 0"," -9999.0","Z"," "," 0","     0.0"," ","S","28","     0.0"," ","S","28","     0.0"," ","S","28"," -9999.0","M"," "," 0"," -9999.0","M"," "," 0"," -9999.0","M"," "," 0","     0.0"," ","S","27","    58.7"," ","S","27"," -9999.0","Z"," "," 0"," -9999.0","Z"," "," 0","     0.0"," ","S","27","     0.0"," ","S","27","     0.0"," ","S","27","     0.0"," ","S","27","     0.0"," ","S","27"," -9999.0","M"," "," 0"," -9999.0","M"," "," 0"," -9999.0","M"," "," 0"
"USC00421008","09-28"," 37.6411","-112.1703","2404.9","BRYCE CANYON NP HQRS, UT US","09","28","99","    51.5"," ","S","28","    65.5"," ","S","28","    37.5"," ","S","28","    28.0"," ","S","28","     6.1"," ","S","28","     7.8"," ","S","28","     6.1"," ","S","28","     7.0"," ","S","28","    13.5"," ","S","28","     0.1"," ","S","28","     0.7"," ","S","28","     1.9"," ","S","28","     4.5"," ","S","28","     6.0"," ","S","28","     8.6"," ","S","28","     0.0","X","S","28","    11.6"," ","S","28","     7.1"," ","S","28","     3.4"," ","S","28","     1.0"," ","S","28","     0.4"," ","S","28","     0.1"," ","S","28","     0.0"," ","S","28","     0.0"," ","S","28","     0.0","X","S","28","    11.6"," ","S","28","     7.1"," ","S","28","     3.4"," ","S","28","     1.0"," ","S","28","     0.4"," ","S","28","     0.1"," ","S","28","     0.0"," ","S","28","     0.0"," ","S","28","     8.8"," ","S","28","     7.8"," ","S","28","    18.5"," ","S","30","    10.2"," ","S","30","     6.0"," ","S","30","     3.4"," ","S","30","     1.3"," ","S","30","     0.1"," ","S","30","     0.0"," ","S","30","     0.0"," ","S","30","    0.04"," ","S","30","    0.12"," ","S","30","    0.33"," ","S","30","    1.69"," ","S","25","   12.21"," ","S","25"," -9999.0","Z"," "," 0"," -9999.0","Z"," "," 0"," -9999.0","Z"," "," 0"," -9999.0","Z"," "," 0"," -9999.0","Z"," "," 0","     0.0"," ","S","28","     0.0"," ","S","28","     0.0"," ","S","28"," -9999.0","M"," "," 0"," -9999.0","M"," "," 0"," -9999.0","M"," "," 0","     0.0"," ","S","27","    58.7"," ","S","27"," -9999.0","Z"," "," 0"," -9999.0","Z"," "," 0","     0.0"," ","S","27","     0.0"," ","S","27","     0.0"," ","S","27","     0.0"," ","S","27","     0.0"," ","S","27"," -9999.0","M"," "," 0"," -9999.0","M"," "," 0"," -9999.0","M"," "," 0"
"USC00421008","09-29"," 37.6411","-112.1703","2404.9","BRYCE CANYON NP HQRS, UT US","09","29","99","    51.1"," ","S","28","    65.1"," ","S","28","    37.1"," ","S","28","    27.9"," ","S","28","     6.1"," ","S","28","     7.8"," ","S","28","     6.1"," ","S","28","     7.1"," ","S","28","    13.9"," ","S","28","     0.1"," ","S","28","     0.7"," ","S","28","     2.1"," ","S","28","     4.8"," ","S","28","     6.3"," ","S","28","     9.0"," ","S","28","     0.0"," ","S","28","    11.2"," ","S","28","     6.8"," ","S","28","     3.2"," ","S","28","     0.9"," ","S","28","     0.4"," ","S","28","     0.1"," ","S","28","     0.0"," ","S","28","     0.0"," ","S","28","     0.0"," ","S","28","    11.2"," ","S","28","     6.8"," ","S","28","     3.2"," ","S","28","     0.9"," ","S","28","     0.4"," ","S","28","     0.1"," ","S","28","     0.0"," ","S","28","     0.0"," ","S","28","     8.6"," ","S","28","     7.6"," ","S","28","    18.3"," ","S","30","    10.1"," ","S","30","     6.0"," ","S","30","     3.4"," ","S","30","     1.3"," ","S","30","     0.0"," ","S","30","     0.0"," ","S","30","     0.0"," ","S","30","    0.04"," ","S","30","    0.12"," ","S","30","    0.34"," ","S","30","    1.73"," ","S","25","   12.25"," ","S","25"," -9999.0","Z"," "," 0"," -9999.0","Z"," "," 0"," -9999.0","Z"," "," 0"," -9999.0","Z"," "," 0"," -9999.0","Z"," "," 0","     0.0"," ","S","28","     0.0"," ","S","28","     0.0"," ","S","28"," -9999.0","M"," "," 0"," -9999.0","M"," "," 0"," -9999.0","M"," "," 0","     0.0"," ","S","27","    58.7"," ","S","27"," -9999.0","Z"," "," 0"," -9999.0","Z"," "," 0","     0.0"," ","S","27","     0.0"," ","S","27","     0.0"," ","S","27","     0.0"," ","S","27","     0.0"," ","S","27"," -9999.0","M"," "," 0"," -9999.0","M"," "," 0"," -9999.0","M"," "," 0"
"USC00421008","09-30"," 37.6411","-112.1703","2404.9","BRYCE CANYON NP HQRS, UT US","09","30","99","    50.7"," ","S","28","    64.6"," ","S","28","    36.8"," ","S","28","    27.9"," ","S","28","     6.1"," ","S","28","     7.9"," ","S","28","     6.1"," ","S","28","     7.1"," ","S","28","    14.3"," ","S","28","     0.1"," ","S","28","     0.8"," ","S","28","     2.3"," ","S","28","     5.1"," ","S","28","     6.6"," ","S","28","     9.3"," ","S","28","     0.0"," ","S","28","    10.9"," ","S","28","     6.5"," ","S","28","     3.0"," ","S","28","     0.8"," ","S","28","     0.3"," ","S","28","     0.0","X","S","28","     0.0"," ","S","28","     0.0"," ","S","28","     0.0"," ","S","28","    10.9"," ","S","28","     6.5"," ","S","28","     3.0"," ","S","28","     0.8"," ","S","28","     0.3"," ","S","28","     0.0","X","S","28","     0.0"," ","S","28","     0.0"," ","S","28","     8.4"," ","S","28","     7.4"," ","S","28","    18.1"," ","S","30","    10.1"," ","S","30","     6.1"," ","S","30","     3.4"," ","S","30","     1.4"," ","S","30","     0.0"," ","S","30","     0.0"," ","S","30","     0.0"," ","S","30","    0.04"," ","S","30","    0.12"," ","S","30","    0.35"," ","S","30","    1.78"," ","S","25","   12.30"," ","S","25"," -9999.0","Z"," "," 0"," -9999.0","Z"," "," 0"," -9999.0","Z"," "," 0"," -9999.0","Z"," "," 0"," -9999.0","Z"," "," 0","     0.0"," ","S","28","     0.0"," ","S","28","     0.0"," ","S","28"," -9999.0","M"," "," 0"," -9999.0","M"," "," 0"," -9999.0","M"," "," 0","     0.0"," ","S","27","    58.7"," ","S","27"," -9999.0","Z"," "," 0"," -9999.0","Z"," "," 0","     0.0"," ","S","27","     0.0"," ","S","27","     0.0"," ","S","27","     0.0"," ","S","27","     0.0"," ","S","27"," -9999.0","M"," "," 0"," -9999.0","M"," "," 0"," -9999.0","M"," "," 0"
"USC00421008","10-01"," 37.6411","-112.1703","2404.9","BRYCE CANYON NP HQRS, UT US","10","01","99","    50.3"," ","S","27","    64.2"," ","S","28","    36.5"," ","S","27","    27.8"," ","S","27","     6.2"," ","S","27","     8.0"," ","S","28","     6.1"," ","S","27","     7.1"," ","S","27","    14.7"," ","S","27","     0.1"," ","S","27","     0.8"," ","S","27","     2.4"," ","S","27","     5.4"," ","S","27","     7.0"," ","S","27","     9.7"," ","S","27","     0.0"," ","S","27","    10.5"," ","S","27","     6.2"," ","S","27","     2.8"," ","S","27","     0.8"," ","S","27","     0.3"," ","S","27","     0.0","X","S","27","     0.0"," ","S","27","     0.0"," ","S","27","     0.0"," ","S","27","    10.5"," ","S","27","     6.2"," ","S","27","     2.8"," ","S","27","     0.8"," ","S","27","     0.3"," ","S","27","     0.0","X","S","27","     0.0"," ","S","27","     0.0"," ","S","27","     8.1"," ","S","27","     7.2"," ","S","27","    17.9"," ","S","30","    10.0"," ","S","30","     6.1"," ","S","30","     3.4"," ","S","30","     1.4"," ","S","30","     0.0"," ","S","30","     0.0"," ","S","30","     0.0"," ","S","30","    0.04"," ","S","30","    0.12"," ","S","30","    0.35"," ","S","30","    0.06"," ","S","24","   12.36"," ","S","24","     1.2"," ","S","28","     0.9"," ","S","28","     0.6"," ","S","28","     0.4"," ","S","28","     0.3"," ","S","28","     0.1"," ","S","28","     0.0"," ","S","28","     0.0"," ","S","28"," -9999.0","Y"," "," 0"," -9999.0","Y"," "," 0"," -9999.0","Y"," "," 0","     0.0"," ","S","26","    58.7"," ","S","26","     0.6"," ","S","27","     0.5"," ","S","27","     0.3"," ","S","27","     0.2"," ","S","27","     0.1"," ","S","27","     0.0"," ","S","27","     0.0"," ","S","27"," -9999.0","Y"," "," 0"," -9999.0","Y"," "," 0"," -9999.0","Y"," "," 0"
"USC00421008","10-02"," 37.6411","-112.1703","2404.9","BRYCE CANYON NP HQRS, UT US","10","02","99","    50.0"," ","S","27","    63.8"," ","S","28","    36.1"," ","S","27","    27.7"," ","S","27","     6.2"," ","S","27","     8.0"," ","S","28","     6.1"," ","S","27","     7.2"," ","S","27","    15.0"," ","S","27","     0.2"," ","S","27","     0.9"," ","S","27","     2.6"," ","S","27","     5.7"," ","S","27","     7.3"," ","S","27","    10.1"," ","S","27","     0.0"," ","S","27","    10.1"," ","S","27","     5.9"," ","S","27","     2.6"," ","S","27","     0.7"," ","S","27","     0.3"," ","S","27","     0.0","X","S","27","     0.0"," ","S","27","     0.0"," ","S","27","     0.0"," ","S","27","    10.1"," ","S","27","     5.9"," ","S","27","     2.6"," ","S","27","     0.7"," ","S","27","     0.3"," ","S","27","     0.0","X","S","27","     0.0"," ","S","27","     0.0"," ","S","27","     7.9"," ","S","27","     7.0"," ","S","27","    17.7"," ","S","30","    10.0"," ","S","30","     6.1"," ","S","30","     3.4"," ","S","30","     1.4"," ","S","30","     0.0"," ","S","30","     0.0"," ","S","30","     0.0"," ","S","30","    0.04"," ","S","30","    0.12"," ","S","30","    0.36"," ","S","30","    0.12"," ","S","24","   12.42"," ","S","24","     1.3"," ","S","28","     1.0"," ","S","28","     0.6"," ","S","28","     0.5"," ","S","28","     0.3"," ","S","28","     0.2"," ","S","28","     0.0"," ","S","28","     0.0"," ","S","28"," -9999.0","Y"," "," 0"," -9999.0","Y"," "," 0"," -9999.0","Y"," "," 0","     0.1"," ","S","26","    58.8"," ","S","26","     0.7"," ","S","27","     0.5"," ","S","27","     0.3"," ","S","27","     0.2"," ","S","27","     0.1"," ","S","27","     0.0"," ","S","27","     0.0"," ","S","27"," -9999.0","Y"," "," 0"," -9999.0","Y"," "," 0"," -9999.0","Y"," "," 0"
"USC00421008","10-03"," 37.6411","-112.1703","2404.9","BRYCE CANYON NP HQRS, UT US","10","03","99","    49.6"," ","S","27","    63.4"," ","S","28","    35.8"," ","S","27","    27.6"," ","S","27","     6.2"," ","S","27","     8.1"," ","S","28","     6.1"," ","S","27","     7.3"," ","S","27","    15.4"," ","S","27","     0.2"," ","S","27","     1.0"," ","S","27","     2.7"," ","S","27","     6.0"," ","S","27","     7.6"," ","S","27","    10.4"," ","S","27","     0.0"," ","S","27","     9.8"," ","S","27","     5.6"," ","S","27","     2.4"," ","S","27","     0.6"," ","S","27","     0.3"," ","S","27","     0.0","X","S","27","     0.0"," ","S","27","     0.0"," ","S","27","     0.0"," ","S","27","     9.8"," ","S","27","     5.6"," ","S","27","     2.4"," ","S","27","     0.6"," ","S","27","     0.3"," ","S","27","     0.0","X","S","27","     0.0"," ","S","27","     0.0"," ","S","27","     7.7"," ","S","27","     6.8"," ","S","27","    17.5"," ","S","30","    10.0"," ","S","30","     6.2"," ","S","30","     3.4"," ","S","30","     1.4"," ","S","30","     0.0"," ","S","30","     0.0"," ","S","30","     0.0"," ","S","30","    0.04"," ","S","30","    0.12"," ","S","30","    0.36"," ","S","30","    0.17"," ","S","24","   12.47"," ","S","24","     1.5"," ","S","28","     1.1"," ","S","28","     0.7"," ","S","28","     0.6"," ","S","28","     0.4"," ","S","28","     0.2"," ","S","28","     0.0"," ","S","28","     0.0"," ","S","28"," -9999.0","Y"," "," 0"," -9999.0","Y"," "," 0"," -9999.0","Y"," "," 0","     0.1"," ","S","26","    58.8"," ","S","26","     0.9"," ","S","27","     0.6"," ","S","27","     0.4"," ","S","27","     0.3"," ","S","27","     0.2"," ","S","27","     0.0"," ","S","27","     0.0"," ","S","27"," -9999.0","Y"," "," 0"," -9999.0","Y"," "," 0"," -9999.0","Y"," "," 0"
"USC00421008","10-04"," 37.6411","-112.1703","2404.9","BRYCE CANYON NP HQRS, UT US","10","04","99","    49.2"," ","S","27","    63.0"," ","S","28","    35.5"," ","S","27","    27.5"," ","S","27","     6.3"," ","S","27","     8.2"," ","S","28","     6.1"," ","S","27","     7.3"," ","S","27","    15.8"," ","S","27","     0.2"," ","S","27","     1.1"," ","S","27","     2.9"," ","S","27","     6.3"," ","S","27","     8.0"," ","S","27","    10.8"," ","S","27","     0.0"," ","S","27","     9.5"," ","S","27","     5.3"," ","S","27","     2.2"," ","S","27","     0.5"," ","S","27","     0.2"," ","S","27","     0.0","X","S","27","     0.0"," ","S","27","     0.0"," ","S","27","     0.0"," ","S","27","     9.5"," ","S","27","     5.3"," ","S","27","     2.2"," ","S","27","     0.5"," ","S","27","     0.2"," ","S","27","     0.0","X","S","27","     0.0"," ","S","27","     0.0"," ","S","27","     7.6"," ","S","27","     6.6"," ","S","27","    17.3"," ","S","30","     9.9"," ","S","30","     6.2"," ","S","30","     3.4"," ","S","30","     1.4"," ","S","30","     0.0"," ","S","30","     0.0"," ","S","30","     0.0"," ","S","30","    0.04"," ","S","30","    0.12"," ","S","30","    0.37"," ","S","30","    0.24"," ","S","24","   12.54"," ","S","24","     1.6"," ","S","28","     1.2"," ","S","28","     0.7"," ","S","28","     0.6"," ","S","28","     0.4"," ","S","28","     0.2"," ","S","28","     0.0"," ","S","28","     0.0"," ","S","28"," -9999.0","Y"," "," 0"," -9999.0","Y"," "," 0"," -9999.0","Y"," "," 0","     0.1"," ","S","26","    58.8"," ","S","26","     1.0"," ","S","27","     0.7"," ","S","27","     0.5"," ","S","27","     0.3"," ","S","27","     0.2"," ","S","27","     0.0"," ","S","27","     0.0"," ","S","27"," -9999.0","Y"," "," 0"," -9999.0","Y"," "," 0"," -9999.0","Y"," "," 0"
"USC00421008","10-05"," 37.6411","-112.1703","2404.9","BRYCE CANYON NP HQRS, UT US","10","05","99","    48.9"," ","S","27","    62.6"," ","S","28","    35.2"," ","S","27","    27.4"," ","S","27","     6.3"," ","S","27","     8.3"," ","S","28","     6.1"," ","S","27","     7.4"," ","S","27","    16.1"," ","S","27","     0.3"," ","S","27","     1.2"," ","S","27","     3.1"," ","S","27","     6.6"," ","S","27","     8.3"," ","S","27","    11.1"," ","S","27","     0.0"," ","S","27","     9.2"," ","S","27","     5.0"," ","S","27","     2.0"," ","S","27","     0.5"," ","S","27","     0.2"," ","S","27","     0.0","X","S","27","     0.0"," ","S","27","     0.0"," ","S","27","     0.0"," ","S","27","     9.2"," ","S","27","     5.0"," ","S","27","     2.0"," ","S","27","     0.5"," ","S","27","     0.2"," ","S","27","     0.0","X","S","27","     0.0"," ","S","27","     0.0"," ","S","27","     7.4"," ","S","27","     6.4"," ","S","27","    17.1"," ","S","30","     9.8"," ","S","30","     6.1"," ","S","30","     3.4"," ","S","30","     1.5"," ","S","30","     0.0"," ","S","30","     0.0"," ","S","30","     0.0"," ","S","30","    0.04"," ","S","30","    0.12"," ","S","30","    0.37"," ","S","30","    0.30"," ","S","24","   12.60"," ","S","24","     1.7"," ","S","28","     1.3"," ","S","28","     0.8"," ","S","28","     0.7"," ","S","28","     0.5"," ","S","28","     0.2"," ","S","28","     0.0"," ","S","28","     0.0"," ","S","28"," -9999.0","Y"," "," 0"," -9999.0","Y"," "," 0"," -9999.0","Y"," "," 0","     0.2"," ","S","26","    58.9"," ","S","26","     1.1"," ","S","27","     0.8"," ","S","27","     0.5"," ","S","27","     0.4"," ","S","27","     0.2"," ","S","27","     0.0"," ","S","27","     0.0"," ","S","27"," -9999.0","Y"," "," 0"," -9999.0","Y"," "," 0"," -9999.0","Y"," "," 0"
"USC00421008","10-06"," 37.6411","-112.1703","2404.9","BRYCE CANYON NP HQRS, UT US","10","06","99","    48.5"," ","S","27","    62.2"," ","S","28","    34.9"," ","S","27","    27.3"," ","S","27","     6.3"," ","S","27","     8.3"," ","S","28","     6.1"," ","S","27","     7.5"," ","S","27","    16.5"," ","S","27","     0.3"," ","S","27","     1.3"," ","S","27","     3.3"," ","S","27","     6.9"," ","S","27","     8.6"," ","S","27","    11.5"," ","S","27","     0.0"," ","S","27","     8.8"," ","S","27","     4.8"," ","S","27","     1.8"," ","S","27","     0.4"," ","S","27","     0.2"," ","S","27","     0.0","X","S","27","     0.0"," ","S","27","     0.0"," ","S","27","     0.0"," ","S","27","     8.8"," ","S","27","     4.8"," ","S","27","     1.8"," ","S","27","     0.4"," ","S","27","     0.2"," ","S","27","     0.0","X","S","27","     0.0"," ","S","27","     0.0"," ","S","27","     7.2"," ","S","27","     6.3"," ","S","27","    16.9"," ","S","30","     9.7"," ","S","30","     6.1"," ","S","30","     3.4"," ","S","30","     1.5"," ","S","30","     0.0"," ","S","30","     0.0"," ","S","30","     0.0"," ","S","30","    0.04"," ","S","30","    0.13"," ","S","30","    0.38"," ","S","30","    0.36"," ","S","24","   12.66"," ","S","24","     1.9"," ","S","29","     1.4"," ","S","29","     0.9"," ","S","29","     0.7"," ","S","29","     0.5"," ","S","29","     0.3"," ","S","29","     0.0"," ","S","29","     0.0"," ","S","29"," -9999.0","Y"," "," 0"," -9999.0","Y"," "," 0"," -9999.0","Y"," "," 0","     0.2"," ","S","26","    58.9"," ","S","26","     1.3"," ","S","28","     0.9"," ","S","28","     0.6"," ","S","28","     0.4"," ","S","28","     0.3"," ","S","28","     0.0"," ","S","28","     0.0"," ","S","28"," -9999.0","Y"," "," 0"," -9999.0","Y"," "," 0"," -9999.0","Y"," "," 0"
"USC00421008","10-07"," 37.6411","-112.1703","2404.9","BRYCE CANYON NP HQRS, UT US","10","07","99","    48.2"," ","S","27","    61.8"," ","S","28","    34.5"," ","S","27","    27.2"," ","S","27","     6.3"," ","S","27","     8.4"," ","S","28","     6.1"," ","S","27","     7.6"," ","S","27","    16.8"," ","S","27","     0.4"," ","S","27","     1.4"," ","S","27","     3.5"," ","S","27","     7.2"," ","S","27","     9.0"," ","S","27","    11.9"," ","S","27","     0.0"," ","S","27","     8.5"," ","S","27","     4.5"," ","S","27","     1.7"," ","S","27","     0.3"," ","S","27","     0.1"," ","S","27","     0.0","X","S","27","     0.0"," ","S","27","     0.0"," ","S","27","     0.0"," ","S","27","     8.5"," ","S","27","     4.5"," ","S","27","     1.7"," ","S","27","     0.3"," ","S","27","     0.1"," ","S","27","     0.0","X","S","27","     0.0"," ","S","27","     0.0"," ","S","27","     7.0"," ","S","27","     6.1"," ","S","27","    16.7"," ","S","30","     9.6"," ","S","30","     6.1"," ","S","30","     3.3"," ","S","30","     1.5"," ","S","30","     0.0"," ","S","30","     0.0"," ","S","30","     0.0"," ","S","30","    0.04"," ","S","30","    0.13"," ","S","30","    0.38"," ","S","30","    0.42"," ","S","24","   12.72"," ","S","24","     2.0"," ","S","29","     1.5"," ","S","29","     0.9"," ","S","29","     0.8"," ","S","29","     0.5"," ","S","29","     0.3"," ","S","29","     0.0"," ","S","29","     0.0"," ","S","29"," -9999.0","Y"," "," 0"," -9999.0","Y"," "," 0"," -9999.0","Y"," "," 0","     0.3"," ","S","26","    59.0"," ","S","26","     1.5"," ","S","28","     1.1"," ","S","28","     0.7"," ","S","28","     0.5"," ","S","28","     0.3"," ","S","28","     0.0"," ","S","28","     0.0"," ","S","28"," -9999.0","Y"," "," 0"," -9999.0","Y"," "," 0"," -9999.0","Y"," "," 0"
"USC00421008","10-08"," 37.6411","-112.1703","2404.9","BRYCE CANYON NP HQRS, UT US","10","08","99","    47.8"," ","S","27","    61.4"," ","S","28","    34.2"," ","S","27","    27.1"," ","S","27","     6.3"," ","S","27","     8.5"," ","S","28","     6.2"," ","S","27","     7.7"," ","S","27","    17.2"," ","S","27","     0.4"," ","S","27","     1.5"," ","S","27","     3.7"," ","S","27","     7.5"," ","S","27","     9.3"," ","S","27","    12.2"," ","S","27","     0.0"," ","S","27","     8.2"," ","S","27","     4.3"," ","S","27","     1.5"," ","S","27","     0.3"," ","S","27","     0.1"," ","S","27","     0.0","X","S","27","     0.0"," ","S","27","     0.0"," ","S","27","     0.0"," ","S","27","     8.2"," ","S","27","     4.3"," ","S","27","     1.5"," ","S","27","     0.3"," ","S","27","     0.1"," ","S","27","     0.0","X","S","27","     0.0"," ","S","27","     0.0"," ","S","27","     6.8"," ","S","27","     5.9"," ","S","27","    16.5"," ","S","30","     9.5"," ","S","30","     6.0"," ","S","30","     3.3"," ","S","30","     1.5"," ","S","30","     0.0"," ","S","30","     0.0"," ","S","30","     0.0"," ","S","30","    0.04"," ","S","30","    0.13"," ","S","30","    0.38"," ","S","30","    0.48"," ","S","24","   12.78"," ","S","24","     2.2"," ","S","29","     1.6"," ","S","29","     1.0"," ","S","29","     0.8"," ","S","29","     0.6"," ","S","29","     0.3"," ","S","29","     0.0"," ","S","29","     0.0"," ","S","29"," -9999.0","Y"," "," 0"," -9999.0","Y"," "," 0"," -9999.0","Y"," "," 0","     0.3"," ","S","26","    59.0"," ","S","26","     1.7"," ","S","28","     1.2"," ","S","28","     0.8"," ","S","28","     0.6"," ","S","28","     0.4"," ","S","28","     0.0"," ","S","28","     0.0"," ","S","28"," -9999.0","Y"," "," 0"," -9999.0","Y"," "," 0"," -9999.0","Y"," "," 0"
"USC00421008","10-09"," 37.6411","-112.1703","2404.9","BRYCE CANYON NP HQRS, UT US","10","09","99","    47.4"," ","S","27","    61.0"," ","S","28","    33.9"," ","S","27","    27.0"," ","S","27","     6.4"," ","S","27","     8.5"," ","S","28","     6.2"," ","S","27","     7.7"," ","S","27","    17.6"," ","S","27","     0.5"," ","S","27","     1.6"," ","S","27","     4.0"," ","S","27","     7.8"," ","S","27","     9.6"," ","S","27","    12.6"," ","S","27","     0.0"," ","S","27","     7.9"," ","S","27","     4.0"," ","S","27","     1.4"," ","S","27","     0.2"," ","S","27","     0.1"," ","S","27","     0.0","X","S","27","     0.0"," ","S","27","     0.0"," ","S","27","     0.0"," ","S","27","     7.9"," ","S","27","     4.0"," ","S","27","     1.4"," ","S","27","     0.2"," ","S","27","     0.1"," ","S","27","     0.0","X","S","27","     0.0"," ","S","27","     0.0"," ","S","27","     6.7"," ","S","27","     5.8"," ","S","27","    16.3"," ","S","30","     9.5"," ","S","30","     6.0"," ","S","30","     3.2"," ","S","30","     1.5"," ","S","30","     0.0"," ","S","30","     0.0"," ","S","30","     0.0"," ","S","30","    0.04"," ","S","30","    0.13"," ","S","30","    0.38"," ","S","30","    0.54"," ","S","24","   12.84"," ","S","24","     2.3"," ","S","29","     1.7"," ","S","29","     1.1"," ","S","29","     0.9"," ","S","29","     0.6"," ","S","29","     0.3"," ","S","29","     0.0"," ","S","29","     0.0"," ","S","29"," -9999.0","Y"," "," 0"," -9999.0","Y"," "," 0"," -9999.0","Y"," "," 0","     0.4"," ","S","26","    59.1"," ","S","26","     1.9"," ","S","28","     1.4"," ","S","28","     0.9"," ","S","28","     0.6"," ","S","28","     0.4"," ","S","28","     0.0"," ","S","28","     0.0"," ","S","28"," -9999.0","Y"," "," 0"," -9999.0","Y"," "," 0"," -9999.0","Y"," "," 0"
"USC00421008","10-10"," 37.6411","-112.1703","2404.9","BRYCE CANYON NP HQRS, UT US","10","10","99","    47.1"," ","S","27","    60.6"," ","S","28","    33.6"," ","S","27","    26.9"," ","S","27","     6.4"," ","S","27","     8.6"," ","S","28","     6.2"," ","S","27","     7.8"," ","S","27","    17.9"," ","S","27","     0.6"," ","S","27","     1.7"," ","S","27","     4.2"," ","S","27","     8.1"," ","S","27","    10.0"," ","S","27","    12.9"," ","S","27","     0.0"," ","S","27","     7.7"," ","S","27","     3.8"," ","S","27","     1.3"," ","S","27","     0.2"," ","S","27","     0.0","X","S","27","     0.0","X","S","27","     0.0"," ","S","27","     0.0"," ","S","27","     0.0"," ","S","27","     7.7"," ","S","27","     3.8"," ","S","27","     1.3"," ","S","27","     0.2"," ","S","27","     0.0","X","S","27","     0.0","X","S","27","     0.0"," ","S","27","     0.0"," ","S","27","     6.5"," ","S","27","     5.6"," ","S","27","    16.1"," ","S","30","     9.4"," ","S","30","     5.9"," ","S","30","     3.2"," ","S","30","     1.4"," ","S","30","     0.0"," ","S","30","     0.0"," ","S","30","     0.0"," ","S","30","    0.04"," ","S","30","    0.13"," ","S","30","    0.38"," ","S","30","    0.61"," ","S","24","   12.91"," ","S","24","     2.4"," ","S","29","     1.8"," ","S","29","     1.1"," ","S","29","     0.9"," ","S","29","     0.6"," ","S","29","     0.4"," ","S","29","     0.0"," ","S","29","     0.0"," ","S","29"," -9999.0","Y"," "," 0"," -9999.0","Y"," "," 0"," -9999.0","Y"," "," 0","     0.4"," ","S","26","    59.1"," ","S","26","     2.1"," ","S","28","     1.5"," ","S","28","     1.0"," ","S","28","     0.7"," ","S","28","     0.4"," ","S","28","     0.0"," ","S","28","     0.0"," ","S","28"," -9999.0","Y"," "," 0"," -9999.0","Y"," "," 0"," -9999.0","Y"," "," 0"
"USC00421008","10-11"," 37.6411","-112.1703","2404.9","BRYCE CANYON NP HQRS, UT US","10","11","99","    46.7"," ","S","27","    60.1"," ","S","28","    33.3"," ","S","27","    26.8"," ","S","27","     6.4"," ","S","27","     8.6"," ","S","28","     6.2"," ","S","27","     7.9"," ","S","27","    18.3"," ","S","27","     0.6"," ","S","27","     1.8"," ","S","27","     4.4"," ","S","27","     8.4"," ","S","27","    10.3"," ","S","27","    13.3"," ","S","27","     0.0"," ","S","27","     7.4"," ","S","27","     3.6"," ","S","27","     1.1"," ","S","27","     0.1"," ","S","27","     0.0","X","S","27","     0.0"," ","S","27","     0.0"," ","S","27","     0.0"," ","S","27","     0.0"," ","S","27","     7.4"," ","S","27","     3.6"," ","S","27","     1.1"," ","S","27","     0.1"," ","S","27","     0.0","X","S","27","     0.0"," ","S","27","     0.0"," ","S","27","     0.0"," ","S","27","     6.3"," ","S","27","     5.5"," ","S","27","    15.9"," ","S","30","     9.3"," ","S","30","     5.9"," ","S","30","     3.2"," ","S","30","     1.4"," ","S","30","     0.0"," ","S","30","     0.0"," ","S","30","     0.0"," ","S","30","    0.04"," ","S","30","    0.13"," ","S","30","    0.38"," ","S","30","    0.67"," ","S","24","   12.97"," ","S","24","     2.6"," ","S","29","     1.9"," ","S","29","     1.2"," ","S","29","     0.9"," ","S","29","     0.7"," ","S","29","     0.4"," ","S","29","     0.0"," ","S","29","     0.0"," ","S","29"," -9999.0","Y"," "," 0"," -9999.0","Y"," "," 0"," -9999.0","Y"," "," 0","     0.5"," ","S","26","    59.2"," ","S","26","     2.3"," ","S","28","     1.7"," ","S","28","     1.1"," ","S","28","     0.8"," ","S","28","     0.5"," ","S","28","     0.0"," ","S","28","     0.0"," ","S","28"," -9999.0","Y"," "," 0"," -9999.0","Y"," "," 0"," -9999.0","Y"," "," 0"
"USC00421008","10-12"," 37.6411","-112.1703","2404.9","BRYCE CANYON NP HQRS, UT US","10","12","99","    46.4"," ","S","27","    59.7"," ","S","28","    33.0"," ","S","27","    26.7"," ","S","27","     6.4"," ","S","27","     8.7"," ","S","28","     6.2"," ","S","27","     7.9"," ","S","27","    18.6"," ","S","27","     0.7"," ","S","27","     2.0"," ","S","27","     4.6"," ","S","27","     8.7"," ","S","27","    10.6"," ","S","27","    13.6"," ","S","27","     0.0"," ","S","27","     7.1"," ","S","27","     3.4"," ","S","27","     1.0"," ","S","27","     0.1"," ","S","27","     0.0","X","S","27","     0.0"," ","S","27","     0.0"," ","S","27","     0.0"," ","S","27","     0.0"," ","S","27","     7.1"," ","S","27","     3.4"," ","S","27","     1.0"," ","S","27","     0.1"," ","S","27","     0.0","X","S","27","     0.0"," ","S","27","     0.0"," ","S","27","     0.0"," ","S","27","     6.1"," ","S","27","     5.3"," ","S","27","    15.8"," ","S","30","     9.3"," ","S","30","     5.8"," ","S","30","     3.2"," ","S","30","     1.4"," ","S","30","     0.0"," ","S","30","     0.0"," ","S","30","     0.0"," ","S","30","    0.05"," ","S","30","    0.13"," ","S","30","    0.39"," ","S","30","    0.73"," ","S","24","   13.03"," ","S","24","     2.7"," ","S","29","     2.0"," ","S","29","     1.2"," ","S","29","     1.0"," ","S","29","     0.7"," ","S","29","     0.4"," ","S","29","     0.0"," ","S","29","     0.0"," ","S","29"," -9999.0","Y"," "," 0"," -9999.0","Y"," "," 0"," -9999.0","Y"," "," 0","     0.5"," ","S","26","    59.2"," ","S","26","     2.5"," ","S","28","     1.8"," ","S","28","     1.2"," ","S","28","     0.8"," ","S","28","     0.5"," ","S","28","     0.0"," ","S","28","     0.0"," ","S","28"," -9999.0","Y"," "," 0"," -9999.0","Y"," "," 0"," -9999.0","Y"," "," 0"
"USC00421008","10-13"," 37.6411","-112.1703","2404.9","BRYCE CANYON NP HQRS, UT US","10","13","99","    46.0"," ","S","27","    59.3"," ","S","28","    32.7"," ","S","27","    26.6"," ","S","27","     6.5"," ","S","27","     8.7"," ","S","28","     6.2"," ","S","27","     8.0"," ","S","27","    19.0"," ","S","27","     0.7"," ","S","27","     2.1"," ","S","27","     4.9"," ","S","27","     9.0"," ","S","27","    11.0"," ","S","27","    14.0"," ","S","27","     0.0"," ","S","27","     6.8"," ","S","27","     3.2"," ","S","27","     0.9"," ","S","27","     0.1"," ","S","27","     0.0","X","S","27","     0.0"," ","S","27","     0.0"," ","S","27","     0.0"," ","S","27","     0.0"," ","S","27","     6.8"," ","S","27","     3.2"," ","S","27","     0.9"," ","S","27","     0.1"," ","S","27","     0.0","X","S","27","     0.0"," ","S","27","     0.0"," ","S","27","     0.0"," ","S","27","     6.0"," ","S","27","     5.1"," ","S","27","    15.8"," ","S","30","     9.2"," ","S","30","     5.8"," ","S","30","     3.2"," ","S","30","     1.4"," ","S","30","     0.0"," ","S","30","     0.0"," ","S","30","     0.0"," ","S","30","    0.05"," ","S","30","    0.13"," ","S","30","    0.39"," ","S","30","    0.80"," ","S","24","   13.10"," ","S","24","     2.9"," ","S","29","     2.1"," ","S","29","     1.3"," ","S","29","     1.0"," ","S","29","     0.7"," ","S","29","     0.4"," ","S","29","     0.0"," ","S","29","     0.0"," ","S","29"," -9999.0","Y"," "," 0"," -9999.0","Y"," "," 0"," -9999.0","Y"," "," 0","     0.6"," ","S","26","    59.3"," ","S","26","     2.8"," ","S","28","     2.0"," ","S","28","     1.3"," ","S","28","     0.9"," ","S","28","     0.6"," ","S","28","     0.0"," ","S","28","     0.0"," ","S","28"," -9999.0","Y"," "," 0"," -9999.0","Y"," "," 0"," -9999.0","Y"," "," 0"
"USC00421008","10-14"," 37.6411","-112.1703","2404.9","BRYCE CANYON NP HQRS, UT US","10","14","99","    45.7"," ","S","27","    59.0"," ","S","28","    32.4"," ","S","27","    26.5"," ","S","27","     6.5"," ","S","27","     8.8"," ","S","28","     6.3"," ","S","27","     8.0"," ","S","27","    19.3"," ","S","27","     0.8"," ","S","27","     2.2"," ","S","27","     5.1"," ","S","27","     9.4"," ","S","27","    11.3"," ","S","27","    14.3"," ","S","27","     0.0"," ","S","27","     6.5"," ","S","27","     2.9"," ","S","27","     0.8"," ","S","27","     0.1"," ","S","27","     0.0","X","S","27","     0.0"," ","S","27","     0.0"," ","S","27","     0.0"," ","S","27","     0.0"," ","S","27","     6.5"," ","S","27","     2.9"," ","S","27","     0.8"," ","S","27","     0.1"," ","S","27","     0.0","X","S","27","     0.0"," ","S","27","     0.0"," ","S","27","     0.0"," ","S","27","     5.8"," ","S","27","     4.9"," ","S","27","    15.7"," ","S","30","     9.2"," ","S","30","     5.8"," ","S","30","     3.2"," ","S","30","     1.4"," ","S","30","     0.0"," ","S","30","     0.0"," ","S","30","     0.0"," ","S","30","    0.05"," ","S","30","    0.13"," ","S","30","    0.39"," ","S","30","    0.86"," ","S","24","   13.16"," ","S","24","     3.1"," ","S","29","     2.2"," ","S","29","     1.4"," ","S","29","     1.1"," ","S","29","     0.8"," ","S","29","     0.4"," ","S","29","     0.0"," ","S","29","     0.0"," ","S","29"," -9999.0","Y"," "," 0"," -9999.0","Y"," "," 0"," -9999.0","Y"," "," 0","     0.7"," ","S","26","    59.4"," ","S","26","     3.0"," ","S","28","     2.2"," ","S","28","     1.5"," ","S","28","     1.0"," ","S","28","     0.6"," ","S","28","     0.0"," ","S","28","     0.0"," ","S","28"," -9999.0","Y"," "," 0"," -9999.0","Y"," "," 0"," -9999.0","Y"," "," 0"
"USC00421008","10-15"," 37.6411","-112.1703","2404.9","BRYCE CANYON NP HQRS, UT US","10","15","99","    45.3"," ","S","27","    58.6"," ","S","28","    32.1"," ","S","27","    26.4"," ","S","27","     6.5"," ","S","27","     8.8"," ","S","28","     6.3"," ","S","27","     8.0"," ","S","27","    19.7"," ","S","27","     0.9"," ","S","27","     2.4"," ","S","27","     5.4"," ","S","27","     9.7"," ","S","27","    11.7"," ","S","27","    14.7"," ","S","27","     0.0"," ","S","27","     6.2"," ","S","27","     2.7"," ","S","27","     0.7"," ","S","27","     0.1"," ","S","27","     0.0","X","S","27","     0.0"," ","S","27","     0.0"," ","S","27","     0.0"," ","S","27","     0.0"," ","S","27","     6.2"," ","S","27","     2.7"," ","S","27","     0.7"," ","S","27","     0.1"," ","S","27","     0.0","X","S","27","     0.0"," ","S","27","     0.0"," ","S","27","     0.0"," ","S","27","     5.6"," ","S","27","     4.8"," ","S","27","    15.7"," ","S","30","     9.2"," ","S","30","     5.8"," ","S","30","     3.2"," ","S","30","     1.4"," ","S","30","     0.0"," ","S","30","     0.0"," ","S","30","     0.0"," ","S","30","    0.05"," ","S","30","    0.13"," ","S","30","    0.39"," ","S","30","    0.92"," ","S","24","   13.22"," ","S","24","     3.2"," ","S","29","     2.4"," ","S","29","     1.5"," ","S","29","     1.1"," ","S","29","     0.8"," ","S","29","     0.5"," ","S","29","     0.0"," ","S","29","     0.0"," ","S","29"," -9999.0","Y"," "," 0"," -9999.0","Y"," "," 0"," -9999.0","Y"," "," 0","     0.8"," ","S","26","    59.5"," ","S","26","     3.3"," ","S","28","     2.4"," ","S","28","     1.6"," ","S","28","     1.1"," ","S","28","     0.7"," ","S","28","     0.0"," ","S","28","     0.0"," ","S","28"," -9999.0","Y"," "," 0"," -9999.0","Y"," "," 0"," -9999.0","Y"," "," 0"
"USC00421008","10-16"," 37.6411","-112.1703","2404.9","BRYCE CANYON NP HQRS, UT US","10","16","99","    45.0"," ","S","27","    58.2"," ","S","28","    31.8"," ","S","27","    26.3"," ","S","27","     6.6"," ","S","27","     8.9"," ","S","28","     6.3"," ","S","27","     8.1"," ","S","27","    20.0"," ","S","27","     1.0"," ","S","27","     2.6"," ","S","27","     5.7"," ","S","27","    10.0"," ","S","27","    12.0"," ","S","27","    15.0"," ","S","27","     0.0"," ","S","27","     6.0"," ","S","27","     2.6"," ","S","27","     0.7"," ","S","27","     0.0","X","S","27","     0.0","X","S","27","     0.0"," ","S","27","     0.0"," ","S","27","     0.0"," ","S","27","     0.0"," ","S","27","     6.0"," ","S","27","     2.6"," ","S","27","     0.7"," ","S","27","     0.0","X","S","27","     0.0","X","S","27","     0.0"," ","S","27","     0.0"," ","S","27","     0.0"," ","S","27","     5.5"," ","S","27","     4.6"," ","S","27","    15.8"," ","S","30","     9.3"," ","S","30","     5.8"," ","S","30","     3.2"," ","S","30","     1.4"," ","S","30","     0.0"," ","S","30","     0.0"," ","S","30","     0.0"," ","S","30","    0.05"," ","S","30","    0.13"," ","S","30","    0.39"," ","S","30","    0.99"," ","S","24","   13.29"," ","S","24","     3.4"," ","S","29","     2.5"," ","S","29","     1.6"," ","S","29","     1.2"," ","S","29","     0.8"," ","S","29","     0.5"," ","S","29","     0.0"," ","S","29","     0.0"," ","S","29"," -9999.0","Y"," "," 0"," -9999.0","Y"," "," 0"," -9999.0","Y"," "," 0","     1.0"," ","S","26","    59.7"," ","S","26","     3.6"," ","S","28","     2.6"," ","S","28","     1.8"," ","S","28","     1.2"," ","S","28","     0.7"," ","S","28","     0.0"," ","S","28","     0.0"," ","S","28"," -9999.0","Y"," "," 0"," -9999.0","Y"," "," 0"," -9999.0","Y"," "," 0"
"USC00421008","10-17"," 37.6411","-112.1703","2404.9","BRYCE CANYON NP HQRS, UT US","10","17","99","    44.7"," ","S","27","    57.8"," ","S","28","    31.6"," ","S","27","    26.2"," ","S","27","     6.6"," ","S","27","     8.9"," ","S","28","     6.4"," ","S","27","     8.1"," ","S","27","    20.3"," ","S","27","     1.0"," ","S","27","     2.7"," ","S","27","     5.9"," ","S","27","    10.4"," ","S","27","    12.3"," ","S","27","    15.3"," ","S","27","     0.0"," ","S","27","     5.7"," ","S","27","     2.4"," ","S","27","     0.6"," ","S","27","     0.0","X","S","27","     0.0","X","S","27","     0.0"," ","S","27","     0.0"," ","S","27","     0.0"," ","S","27","     0.0"," ","S","27","     5.7"," ","S","27","     2.4"," ","S","27","     0.6"," ","S","27","     0.0","X","S","27","     0.0","X","S","27","     0.0"," ","S","27","     0.0"," ","S","27","     0.0"," ","S","27","     5.3"," ","S","27","     4.5"," ","S","27","    15.9"," ","S","30","     9.3"," ","S","30","     5.8"," ","S","30","     3.2"," ","S","30","     1.4"," ","S","30","     0.0"," ","S","30","     0.0"," ","S","30","     0.0"," ","S","30","    0.05"," ","S","30","    0.13"," ","S","30","    0.38"," ","S","30","    1.05"," ","S","24","   13.35"," ","S","24","     3.6"," ","S","29","     2.7"," ","S","29","     1.7"," ","S","29","     1.3"," ","S","29","     0.9"," ","S","29","     0.5"," ","S","29","     0.0"," ","S","29","     0.0"," ","S","29"," -9999.0","Y"," "," 0"," -9999.0","Y"," "," 0"," -9999.0","Y"," "," 0","     1.1"," ","S","26","    59.8"," ","S","26","     4.0"," ","S","28","     2.9"," ","S","28","     2.0"," ","S","28","     1.3"," ","S","28","     0.8"," ","S","28","     0.0"," ","S","28","     0.0"," ","S","28"," -9999.0","Y"," "," 0"," -9999.0","Y"," "," 0"," -9999.0","Y"," "," 0"
"USC00421008","10-18"," 37.6411","-112.1703","2404.9","BRYCE CANYON NP HQRS, UT US","10","18","99","    44.3"," ","S","27","    57.4"," ","S","28","    31.3"," ","S","27","    26.1"," ","S","27","     6.7"," ","S","27","     9.0"," ","S","28","     6.4"," ","S","27","     8.1"," ","S","27","    20.7"," ","S","27","     1.1"," ","S","27","     2.9"," ","S","27","     6.2"," ","S","27","    10.7"," ","S","27","    12.7"," ","S","27","    15.7"," ","S","27","     0.0"," ","S","27","     5.4"," ","S","27","     2.2"," ","S","27","     0.5"," ","S","27","     0.0","X","S","27","     0.0","X","S","27","     0.0"," ","S","27","     0.0"," ","S","27","     0.0"," ","S","27","     0.0"," ","S","27","     5.4"," ","S","27","     2.2"," ","S","27","     0.5"," ","S","27","     0.0","X","S","27","     0.0","X","S","27","     0.0"," ","S","27","     0.0"," ","S","27","     0.0"," ","S","27","     5.1"," ","S","27","     4.3"," ","S","27","    15.9"," ","S","30","     9.3"," ","S","30","     5.8"," ","S","30","     3.2"," ","S","30","     1.4"," ","S","30","     0.0"," ","S","30","     0.0"," ","S","30","     0.0"," ","S","30","    0.05"," ","S","30","    0.12"," ","S","30","    0.38"," ","S","30","    1.12"," ","S","24","   13.42"," ","S","24","     3.9"," ","S","29","     2.8"," ","S","29","     1.7"," ","S","29","     1.3"," ","S","29","     0.9"," ","S","29","     0.6"," ","S","29","     0.0"," ","S","29","     0.0"," ","S","29"," -9999.0","Y"," "," 0"," -9999.0","Y"," "," 0"," -9999.0","Y"," "," 0","     1.2"," ","S","26","    59.9"," ","S","26","     4.4"," ","S","28","     3.1"," ","S","28","     2.2"," ","S","28","     1.4"," ","S","28","     0.9"," ","S","28"," -9999.0","Z"," "," 0","     0.0"," ","S","28"," -9999.0","Y"," "," 0"," -9999.0","Y"," "," 0"," -9999.0","Y"," "," 0"
"USC00421008","10-19"," 37.6411","-112.1703","2404.9","BRYCE CANYON NP HQRS, UT US","10","19","99","    44.0"," ","S","27","    57.0"," ","S","28","    31.0"," ","S","27","    26.0"," ","S","27","     6.7"," ","S","27","     9.0"," ","S","28","     6.5"," ","S","27","     8.1"," ","S","27","    21.0"," ","S","27","     1.2"," ","S","27","     3.0"," ","S","27","     6.5"," ","S","27","    11.0"," ","S","27","    13.0"," ","S","27","    16.0"," ","S","27","     0.0"," ","S","27","     5.2"," ","S","27","     2.0"," ","S","27","     0.5"," ","S","27","     0.0","X","S","27","     0.0","X","S","27","     0.0"," ","S","27","     0.0"," ","S","27","     0.0"," ","S","27","     0.0"," ","S","27","     5.2"," ","S","27","     2.0"," ","S","27","     0.5"," ","S","27","     0.0","X","S","27","     0.0","X","S","27","     0.0"," ","S","27","     0.0"," ","S","27","     0.0"," ","S","27","     5.0"," ","S","27","     4.1"," ","S","27","    16.0"," ","S","30","     9.3"," ","S","30","     5.8"," ","S","30","     3.2"," ","S","30","     1.4"," ","S","30","     0.0"," ","S","30","     0.0"," ","S","30","     0.0"," ","S","30","    0.04"," ","S","30","    0.12"," ","S","30","    0.38"," ","S","30","    1.18"," ","S","24","   13.48"," ","S","24","     4.1"," ","S","29","     3.0"," ","S","29","     1.8"," ","S","29","     1.4"," ","S","29","     1.0"," ","S","29","     0.6"," ","S","29","     0.0"," ","S","29","     0.0"," ","S","29"," -9999.0","Y"," "," 0"," -9999.0","Y"," "," 0"," -9999.0","Y"," "," 0","     1.3"," ","S","26","    60.0"," ","S","26","     4.8"," ","S","28","     3.4"," ","S","28","     2.4"," ","S","28","     1.6"," ","S","28","     1.0"," ","S","28"," -9999.0","Z"," "," 0","     0.0"," ","S","28"," -9999.0","Y"," "," 0"," -9999.0","Y"," "," 0"," -9999.0","Y"," "," 0"
"USC00421008","10-20"," 37.6411","-112.1703","2404.9","BRYCE CANYON NP HQRS, UT US","10","20","99","    43.6"," ","S","27","    56.6"," ","S","28","    30.7"," ","S","27","    25.9"," ","S","27","     6.7"," ","S","27","     9.1"," ","S","28","     6.5"," ","S","27","     8.0"," ","S","27","    21.4"," ","S","27","     1.3"," ","S","27","     3.2"," ","S","27","     6.7"," ","S","27","    11.4"," ","S","27","    13.4"," ","S","27","    16.4"," ","S","27","     0.0"," ","S","27","     4.9"," ","S","27","     1.9"," ","S","27","     0.4"," ","S","27","     0.0","X","S","27","     0.0","X","S","27","     0.0"," ","S","27","     0.0"," ","S","27","     0.0"," ","S","27","     0.0"," ","S","27","     4.9"," ","S","27","     1.9"," ","S","27","     0.4"," ","S","27","     0.0","X","S","27","     0.0","X","S","27","     0.0"," ","S","27","     0.0"," ","S","27","     0.0"," ","S","27","     4.8"," ","S","27","     4.0"," ","S","27","    16.1"," ","S","30","     9.3"," ","S","30","     5.8"," ","S","30","     3.1"," ","S","30","     1.4"," ","S","30","     0.0"," ","S","30","     0.0"," ","S","30","     0.0"," ","S","30","    0.04"," ","S","30","    0.12"," ","S","30","    0.38"," ","S","30","    1.24"," ","S","24","   13.54"," ","S","24","     4.3"," ","S","29","     3.1"," ","S","29","     1.9"," ","S","29","     1.5"," ","S","29","     1.0"," ","S","29","     0.6"," ","S","29","     0.0"," ","S","29","     0.0"," ","S","29"," -9999.0","Y"," "," 0"," -9999.0","Y"," "," 0"," -9999.0","Y"," "," 0","     1.5"," ","S","26","    60.2"," ","S","26","     5.2"," ","S","28","     3.7"," ","S","28","     2.6"," ","S","28","     1.8"," ","S","28","     1.1"," ","S","28"," -9999.0","Z"," "," 0","     0.0"," ","S","28"," -9999.0","Y"," "," 0"," -9999.0","Y"," "," 0"," -9999.0","Y"," "," 0"
"USC00421008","10-21"," 37.6411","-112.1703","2404.9","BRYCE CANYON NP HQRS, UT US","10","21","99","    43.3"," ","S","27","    56.2"," ","S","28","    30.4"," ","S","27","    25.8"," ","S","27","     6.8"," ","S","27","     9.1"," ","S","28","     6.5"," ","S","27","     8.0"," ","S","27","    21.7"," ","S","27","     1.4"," ","S","27","     3.4"," ","S","27","     7.0"," ","S","27","    11.7"," ","S","27","    13.7"," ","S","27","    16.7"," ","S","27","     0.0"," ","S","27","     4.7"," ","S","27","     1.7"," ","S","27","     0.3"," ","S","27","     0.0","X","S","27","     0.0"," ","S","27","     0.0"," ","S","27","     0.0"," ","S","27","     0.0"," ","S","27","     0.0"," ","S","27","     4.7"," ","S","27","     1.7"," ","S","27","     0.3"," ","S","27","     0.0","X","S","27","     0.0"," ","S","27","     0.0"," ","S","27","     0.0"," ","S","27","     0.0"," ","S","27","     4.6"," ","S","27","     3.9"," ","S","27","    16.1"," ","S","30","     9.2"," ","S","30","     5.7"," ","S","30","     3.1"," ","S","30","     1.3"," ","S","30","     0.0"," ","S","30","     0.0"," ","S","30","     0.0"," ","S","30","    0.04"," ","S","30","    0.12"," ","S","30","    0.37"," ","S","30","    1.28"," ","S","24","   13.58"," ","S","24","     4.5"," ","S","29","     3.3"," ","S","29","     2.0"," ","S","29","     1.6"," ","S","29","     1.1"," ","S","29","     0.7"," ","S","29","     0.0"," ","S","29","     0.0"," ","S","29"," -9999.0","Y"," "," 0"," -9999.0","Y"," "," 0"," -9999.0","Y"," "," 0","     1.6"," ","S","26","    60.3"," ","S","26","     5.7"," ","S","28","     4.1"," ","S","28","     2.9"," ","S","28","     2.0"," ","S","28","     1.3"," ","S","28"," -9999.0","Z"," "," 0","     0.0"," ","S","28"," -9999.0","Y"," "," 0"," -9999.0","Y"," "," 0"," -9999.0","Y"," "," 0"
"USC00421008","10-22"," 37.6411","-112.1703","2404.9","BRYCE CANYON NP HQRS, UT US","10","22","99","    43.0"," ","S","27","    55.8"," ","S","28","    30.1"," ","S","27","    25.7"," ","S","27","     6.8"," ","S","27","     9.1"," ","S","28","     6.6"," ","S","27","     8.0"," ","S","27","    22.0"," ","S","27","     1.5"," ","S","27","     3.6"," ","S","27","     7.3"," ","S","27","    12.0"," ","S","27","    14.0"," ","S","27","    17.0"," ","S","27","     0.0"," ","S","27","     4.5"," ","S","27","     1.6"," ","S","27","     0.3"," ","S","27","     0.0","X","S","27","     0.0"," ","S","27","     0.0"," ","S","27","     0.0"," ","S","27","     0.0"," ","S","27","     0.0"," ","S","27","     4.5"," ","S","27","     1.6"," ","S","27","     0.3"," ","S","27","     0.0","X","S","27","     0.0"," ","S","27","     0.0"," ","S","27","     0.0"," ","S","27","     0.0"," ","S","27","     4.5"," ","S","27","     3.7"," ","S","27","    16.2"," ","S","30","     9.2"," ","S","30","     5.7"," ","S","30","     3.1"," ","S","30","     1.3"," ","S","30","     0.0"," ","S","30","     0.0"," ","S","30","     0.0"," ","S","30","    0.04"," ","S","30","    0.12"," ","S","30","    0.37"," ","S","30","    1.33"," ","S","24","   13.63"," ","S","24","     4.8"," ","S","29","     3.5"," ","S","29","     2.2"," ","S","29","     1.7"," ","S","29","     1.2"," ","S","29","     0.7"," ","S","29","     0.0"," ","S","29","     0.0"," ","S","29"," -9999.0","Y"," "," 0"," -9999.0","Y"," "," 0"," -9999.0","Y"," "," 0","     1.7"," ","S","26","    60.4"," ","S","26","     6.1"," ","S","28","     4.5"," ","S","28","     3.2"," ","S","28","     2.2"," ","S","28","     1.4"," ","S","28"," -9999.0","Z"," "," 0","     0.0"," ","S","28"," -9999.0","Y"," "," 0"," -9999.0","Y"," "," 0"," -9999.0","Y"," "," 0"
"USC00421008","10-23"," 37.6411","-112.1703","2404.9","BRYCE CANYON NP HQRS, UT US","10","23","99","    42.6"," ","S","27","    55.4"," ","S","28","    29.8"," ","S","27","    25.6"," ","S","27","     6.9"," ","S","27","     9.2"," ","S","28","     6.6"," ","S","27","     8.0"," ","S","27","    22.4"," ","S","27","     1.7"," ","S","27","     3.9"," ","S","27","     7.6"," ","S","27","    12.4"," ","S","27","    14.4"," ","S","27","    17.4"," ","S","27","     0.0"," ","S","27","     4.3"," ","S","27","     1.5"," ","S","27","     0.3"," ","S","27","     0.0","X","S","27","     0.0"," ","S","27","     0.0"," ","S","27","     0.0"," ","S","27","     0.0"," ","S","27","     0.0"," ","S","27","     4.3"," ","S","27","     1.5"," ","S","27","     0.3"," ","S","27","     0.0","X","S","27","     0.0"," ","S","27","     0.0"," ","S","27","     0.0"," ","S","27","     0.0"," ","S","27","     4.4"," ","S","27","     3.6"," ","S","27","    16.2"," ","S","30","     9.1"," ","S","30","     5.7"," ","S","30","     3.1"," ","S","30","     1.3"," ","S","30","     0.0"," ","S","30","     0.0"," ","S","30","     0.0"," ","S","30","    0.04"," ","S","30","    0.12"," ","S","30","    0.36"," ","S","30","    1.38"," ","S","24","   13.68"," ","S","24","     5.0"," ","S","29","     3.6"," ","S","29","     2.3"," ","S","29","     1.7"," ","S","29","     1.2"," ","S","29","     0.8"," ","S","29","     0.0"," ","S","29","     0.0"," ","S","29"," -9999.0","Y"," "," 0"," -9999.0","Y"," "," 0"," -9999.0","Y"," "," 0","     1.9"," ","S","26","    60.6"," ","S","26","     6.7"," ","S","28","     4.9"," ","S","28","     3.5"," ","S","28","     2.4"," ","S","28","     1.6"," ","S","28"," -9999.0","Z"," "," 0","     0.0"," ","S","28"," -9999.0","Y"," "," 0"," -9999.0","Y"," "," 0"," -9999.0","Y"," "," 0"
"USC00421008","10-24"," 37.6411","-112.1703","2404.9","BRYCE CANYON NP HQRS, UT US","10","24","99","    42.3"," ","S","27","    55.0"," ","S","28","    29.6"," ","S","27","    25.5"," ","S","27","     6.9"," ","S","27","     9.2"," ","S","28","     6.7"," ","S","27","     8.0"," ","S","27","    22.7"," ","S","27","     1.8"," ","S","27","     4.1"," ","S","27","     7.9"," ","S","27","    12.7"," ","S","27","    14.7"," ","S","27","    17.7"," ","S","27","     0.0"," ","S","27","     4.1"," ","S","27","     1.4"," ","S","27","     0.2"," ","S","27","     0.0","X","S","27","     0.0"," ","S","27","     0.0"," ","S","27","     0.0"," ","S","27","     0.0"," ","S","27","     0.0"," ","S","27","     4.1"," ","S","27","     1.4"," ","S","27","     0.2"," ","S","27","     0.0","X","S","27","     0.0"," ","S","27","     0.0"," ","S","27","     0.0"," ","S","27","     0.0"," ","S","27","     4.2"," ","S","27","     3.5"," ","S","27","    16.3"," ","S","30","     9.1"," ","S","30","     5.6"," ","S","30","     3.0"," ","S","30","     1.3"," ","S","30","     0.0"," ","S","30","     0.0"," ","S","30","     0.0"," ","S","30","    0.04"," ","S","30","    0.11"," ","S","30","    0.36"," ","S","30","    1.42"," ","S","24","   13.72"," ","S","24","     5.3"," ","S","29","     3.8"," ","S","29","     2.4"," ","S","29","     1.8"," ","S","29","     1.3"," ","S","29","     0.8"," ","S","29","     0.0"," ","S","29","     0.0"," ","S","29"," -9999.0","Y"," "," 0"," -9999.0","Y"," "," 0"," -9999.0","Y"," "," 0","     2.0"," ","S","26","    60.7"," ","S","26","     7.2"," ","S","28","     5.3"," ","S","28","     3.9"," ","S","28","     2.7"," ","S","28","     1.8"," ","S","28"," -9999.0","Z"," "," 0","     0.0"," ","S","28"," -9999.0","Y"," "," 0"," -9999.0","Y"," "," 0"," -9999.0","Y"," "," 0"
"USC00421008","10-25"," 37.6411","-112.1703","2404.9","BRYCE CANYON NP HQRS, UT US","10","25","99","    42.0"," ","S","27","    54.6"," ","S","28","    29.3"," ","S","27","    25.4"," ","S","27","     7.0"," ","S","27","     9.2"," ","S","28","     6.7"," ","S","27","     7.9"," ","S","27","    23.0"," ","S","27","     2.0"," ","S","27","     4.3"," ","S","27","     8.2"," ","S","27","    13.0"," ","S","27","    15.0"," ","S","27","    18.0"," ","S","27","     0.0"," ","S","27","     3.9"," ","S","27","     1.3"," ","S","27","     0.2"," ","S","27","     0.0","X","S","27","     0.0"," ","S","27","     0.0"," ","S","27","     0.0"," ","S","27","     0.0"," ","S","27","     0.0"," ","S","27","     3.9"," ","S","27","     1.3"," ","S","27","     0.2"," ","S","27","     0.0","X","S","27","     0.0"," ","S","27","     0.0"," ","S","27","     0.0"," ","S","27","     0.0"," ","S","27","     4.1"," ","S","27","     3.3"," ","S","27","    16.3"," ","S","30","     9.0"," ","S","30","     5.5"," ","S","30","     3.0"," ","S","30","     1.2"," ","S","30","     0.0"," ","S","30","     0.0"," ","S","30","     0.0"," ","S","30","    0.04"," ","S","30","    0.11"," ","S","30","    0.35"," ","S","30","    1.46"," ","S","24","   13.76"," ","S","24","     5.5"," ","S","29","     4.0"," ","S","29","     2.5"," ","S","29","     1.9"," ","S","29","     1.3"," ","S","29","     0.9"," ","S","29","     0.0"," ","S","29","     0.0"," ","S","29"," -9999.0","Y"," "," 0"," -9999.0","Y"," "," 0"," -9999.0","Y"," "," 0","     2.1"," ","S","26","    60.8"," ","S","26","     7.9"," ","S","28","     5.8"," ","S","28","     4.3"," ","S","28","     3.1"," ","S","28","     2.0"," ","S","28"," -9999.0","Z"," "," 0","     0.0"," ","S","28"," -9999.0","Y"," "," 0"," -9999.0","Y"," "," 0"," -9999.0","Y"," "," 0"
"USC00421008","10-26"," 37.6411","-112.1703","2404.9","BRYCE CANYON NP HQRS, UT US","10","26","99","    41.6"," ","S","27","    54.3"," ","S","28","    29.0"," ","S","27","    25.3"," ","S","27","     7.0"," ","S","27","     9.2"," ","S","28","     6.8"," ","S","27","     7.9"," ","S","27","    23.4"," ","S","27","     2.1"," ","S","27","     4.6"," ","S","27","     8.5"," ","S","27","    13.4"," ","S","27","    15.4"," ","S","27","    18.4"," ","S","27","     0.0"," ","S","27","     3.7"," ","S","27","     1.2"," ","S","27","     0.2"," ","S","27","     0.0","X","S","27","     0.0"," ","S","27","     0.0"," ","S","27","     0.0"," ","S","27","     0.0"," ","S","27","     0.0"," ","S","27","     3.7"," ","S","27","     1.2"," ","S","27","     0.2"," ","S","27","     0.0","X","S","27","     0.0"," ","S","27","     0.0"," ","S","27","     0.0"," ","S","27","     0.0"," ","S","27","     3.9"," ","S","27","     3.2"," ","S","27","    16.3"," ","S","30","     8.9"," ","S","30","     5.5"," ","S","30","     3.0"," ","S","30","     1.2"," ","S","30","     0.0"," ","S","30","     0.0"," ","S","30","     0.0"," ","S","30","    0.04"," ","S","30","    0.11"," ","S","30","    0.34"," ","S","30","    1.51"," ","S","24","   13.81"," ","S","24","     5.8"," ","S","29","     4.3"," ","S","29","     2.6"," ","S","29","     2.0"," ","S","29","     1.4"," ","S","29","     0.9"," ","S","29","     0.0"," ","S","29","     0.0"," ","S","29"," -9999.0","Y"," "," 0"," -9999.0","Y"," "," 0"," -9999.0","Y"," "," 0","     2.3"," ","S","26","    61.0"," ","S","26","     8.6"," ","S","28","     6.4"," ","S","28","     4.8"," ","S","28","     3.4"," ","S","28","     2.3"," ","S","28"," -9999.0","Z"," "," 0","     0.0"," ","S","28"," -9999.0","Y"," "," 0"," -9999.0","Y"," "," 0"," -9999.0","Y"," "," 0"
"USC00421008","10-27"," 37.6411","-112.1703","2404.9","BRYCE CANYON NP HQRS, UT US","10","27","99","    41.3"," ","S","27","    53.9"," ","S","28","    28.7"," ","S","27","    25.2"," ","S","27","     7.1"," ","S","27","     9.2"," ","S","28","     6.9"," ","S","27","     7.8"," ","S","27","    23.7"," ","S","27","     2.3"," ","S","27","     4.8"," ","S","27","     8.9"," ","S","27","    13.7"," ","S","27","    15.7"," ","S","27","    18.7"," ","S","27","     0.0"," ","S","27","     3.5"," ","S","27","     1.1"," ","S","27","     0.2"," ","S","27","     0.0","X","S","27","     0.0"," ","S","27","     0.0"," ","S","27","     0.0"," ","S","27","     0.0"," ","S","27","     0.0"," ","S","27","     3.5"," ","S","27","     1.1"," ","S","27","     0.2"," ","S","27","     0.0","X","S","27","     0.0"," ","S","27","     0.0"," ","S","27","     0.0"," ","S","27","     0.0"," ","S","27","     3.8"," ","S","27","     3.1"," ","S","27","    16.3"," ","S","30","     8.8"," ","S","30","     5.4"," ","S","30","     2.9"," ","S","30","     1.2"," ","S","30","     0.0"," ","S","30","     0.0"," ","S","30","     0.0"," ","S","30","    0.04"," ","S","30","    0.11"," ","S","30","    0.34"," ","S","30","    1.55"," ","S","24","   13.85"," ","S","24","     6.1"," ","S","29","     4.5"," ","S","29","     2.8"," ","S","29","     2.1"," ","S","29","     1.5"," ","S","29","     1.0"," ","S","29","     0.0"," ","S","29","     0.0"," ","S","29"," -9999.0","Y"," "," 0"," -9999.0","Y"," "," 0"," -9999.0","Y"," "," 0","     2.4"," ","S","26","    61.1"," ","S","26","     9.3"," ","S","28","     7.0"," ","S","28","     5.3"," ","S","28","     3.8"," ","S","28","     2.6"," ","S","28"," -9999.0","Z"," "," 0","     0.0"," ","S","28"," -9999.0","Y"," "," 0"," -9999.0","Y"," "," 0"," -9999.0","Y"," "," 0"
"USC00421008","10-28"," 37.6411","-112.1703","2404.9","BRYCE CANYON NP HQRS, UT US","10","28","99","    40.9"," ","S","27","    53.5"," ","S","28","    28.4"," ","S","27","    25.1"," ","S","27","     7.1"," ","S","27","     9.2"," ","S","28","     6.9"," ","S","27","     7.8"," ","S","27","    24.1"," ","S","27","     2.5"," ","S","27","     5.1"," ","S","27","     9.2"," ","S","27","    14.1"," ","S","27","    16.1"," ","S","27","    19.1"," ","S","27","     0.0"," ","S","27","     3.4"," ","S","27","     1.0"," ","S","27","     0.1"," ","S","27","     0.0","X","S","27","     0.0"," ","S","27","     0.0"," ","S","27","     0.0"," ","S","27","     0.0"," ","S","27","     0.0"," ","S","27","     3.4"," ","S","27","     1.0"," ","S","27","     0.1"," ","S","27","     0.0","X","S","27","     0.0"," ","S","27","     0.0"," ","S","27","     0.0"," ","S","27","     0.0"," ","S","27","     3.7"," ","S","27","     3.0"," ","S","27","    16.3"," ","S","30","     8.7"," ","S","30","     5.3"," ","S","30","     2.9"," ","S","30","     1.2"," ","S","30","     0.0"," ","S","30","     0.0"," ","S","30","     0.0"," ","S","30","    0.04"," ","S","30","    0.11"," ","S","30","    0.33"," ","S","30","    1.59"," ","S","24","   13.89"," ","S","24","     6.3"," ","S","29","     4.7"," ","S","29","     2.9"," ","S","29","     2.2"," ","S","29","     1.5"," ","S","29","     1.0"," ","S","29","     0.0"," ","S","29","     0.0"," ","S","29"," -9999.0","Y"," "," 0"," -9999.0","Y"," "," 0"," -9999.0","Y"," "," 0","     2.5"," ","S","26","    61.2"," ","S","26","    10.1"," ","S","28","     7.6"," ","S","28","     5.8"," ","S","28","     4.3"," ","S","28","     2.9"," ","S","28"," -9999.0","Z"," "," 0","     0.0"," ","S","28"," -9999.0","Y"," "," 0"," -9999.0","Y"," "," 0"," -9999.0","Y"," "," 0"
"USC00421008","10-29"," 37.6411","-112.1703","2404.9","BRYCE CANYON NP HQRS, UT US","10","29","99","    40.6"," ","S","27","    53.1"," ","S","28","    28.1"," ","S","27","    25.0"," ","S","27","     7.1"," ","S","27","     9.3"," ","S","28","     7.0"," ","S","27","     7.8"," ","S","27","    24.4"," ","S","27","     2.7"," ","S","27","     5.4"," ","S","27","     9.5"," ","S","27","    14.4"," ","S","27","    16.4"," ","S","27","    19.4"," ","S","27","     0.0"," ","S","27","     3.3"," ","S","27","     1.0"," ","S","27","     0.1"," ","S","27","     0.0","X","S","27","     0.0"," ","S","27","     0.0"," ","S","27","     0.0"," ","S","27","     0.0"," ","S","27","     0.0"," ","S","27","     3.3"," ","S","27","     1.0"," ","S","27","     0.1"," ","S","27","     0.0","X","S","27","     0.0"," ","S","27","     0.0"," ","S","27","     0.0"," ","S","27","     0.0"," ","S","27","     3.5"," ","S","27","     2.8"," ","S","27","    16.2"," ","S","30","     8.5"," ","S","30","     5.2"," ","S","30","     2.8"," ","S","30","     1.1"," ","S","30","     0.0"," ","S","30","     0.0"," ","S","30","     0.0"," ","S","30","    0.04"," ","S","30","    0.10"," ","S","30","    0.32"," ","S","30","    1.64"," ","S","24","   13.94"," ","S","24","     6.5"," ","S","29","     4.8"," ","S","29","     3.0"," ","S","29","     2.2"," ","S","29","     1.6"," ","S","29","     1.1"," ","S","29","     0.0"," ","S","29","     0.0"," ","S","29"," -9999.0","Y"," "," 0"," -9999.0","Y"," "," 0"," -9999.0","Y"," "," 0","     2.7"," ","S","26","    61.4"," ","S","26","    10.9"," ","S","28","     8.3"," ","S","28","     6.4"," ","S","28","     4.7"," ","S","28","     3.2"," ","S","28"," -9999.0","Z"," "," 0","     0.0"," ","S","28"," -9999.0","Y"," "," 0"," -9999.0","Y"," "," 0"," -9999.0","Y"," "," 0"
"USC00421008","10-30"," 37.6411","-112.1703","2404.9","BRYCE CANYON NP HQRS, UT US","10","30","99","    40.2"," ","S","27","    52.7"," ","S","28","    27.8"," ","S","27","    24.9"," ","S","27","     7.2"," ","S","27","     9.3"," ","S","28","     7.0"," ","S","27","     7.7"," ","S","27","    24.8"," ","S","27","     2.9"," ","S","27","     5.7"," ","S","27","     9.9"," ","S","27","    14.8"," ","S","27","    16.8"," ","S","27","    19.8"," ","S","27","     0.0"," ","S","27","     3.1"," ","S","27","     0.9"," ","S","27","     0.1"," ","S","27","     0.0","X","S","27","     0.0"," ","S","27","     0.0"," ","S","27","     0.0"," ","S","27","     0.0"," ","S","27","     0.0"," ","S","27","     3.1"," ","S","27","     0.9"," ","S","27","     0.1"," ","S","27","     0.0","X","S","27","     0.0"," ","S","27","     0.0"," ","S","27","     0.0"," ","S","27","     0.0"," ","S","27","     3.4"," ","S","27","     2.7"," ","S","27","    16.1"," ","S","30","     8.4"," ","S","30","     5.1"," ","S","30","     2.7"," ","S","30","     1.1"," ","S","30","     0.0"," ","S","30","     0.0"," ","S","30","     0.0"," ","S","30","    0.04"," ","S","30","    0.10"," ","S","30","    0.32"," ","S","30","    1.68"," ","S","24","   13.98"," ","S","24","     6.7"," ","S","29","     5.0"," ","S","29","     3.1"," ","S","29","     2.3"," ","S","29","     1.6"," ","S","29","     1.1"," ","S","29","     0.0"," ","S","29","     0.0"," ","S","29"," -9999.0","Y"," "," 0"," -9999.0","Y"," "," 0"," -9999.0","Y"," "," 0","     2.8"," ","S","26","    61.5"," ","S","26","    11.7"," ","S","28","     8.9"," ","S","28","     7.0"," ","S","28","     5.2"," ","S","28","     3.5"," ","S","28"," -9999.0","Z"," "," 0","     0.0"," ","S","28"," -9999.0","Y"," "," 0"," -9999.0","Y"," "," 0"," -9999.0","Y"," "," 0"
"USC00421008","10-31"," 37.6411","-112.1703","2404.9","BRYCE CANYON NP HQRS, UT US","10","31","99","    39.9"," ","S","27","    52.3"," ","S","28","    27.5"," ","S","27","    24.7"," ","S","27","     7.2"," ","S","27","     9.3"," ","S","28","     7.0"," ","S","27","     7.7"," ","S","27","    25.1"," ","S","27","     3.1"," ","S","27","     6.0"," ","S","27","    10.2"," ","S","27","    15.1"," ","S","27","    17.1"," ","S","27","    20.1"," ","S","27","     0.0"," ","S","27","     3.0"," ","S","27","     0.9"," ","S","27","     0.1"," ","S","27","     0.0","X","S","27","     0.0"," ","S","27","     0.0"," ","S","27","     0.0"," ","S","27","     0.0"," ","S","27","     0.0"," ","S","27","     3.0"," ","S","27","     0.9"," ","S","27","     0.1"," ","S","27","     0.0","X","S","27","     0.0"," ","S","27","     0.0"," ","S","27","     0.0"," ","S","27","     0.0"," ","S","27","     3.3"," ","S","27","     2.6"," ","S","27","    16.0"," ","S","30","     8.3"," ","S","30","     5.0"," ","S","30","     2.7"," ","S","30","     1.1"," ","S","30","     0.0"," ","S","30","     0.0"," ","S","30","     0.0"," ","S","30","    0.04"," ","S","30","    0.10"," ","S","30","    0.31"," ","S","30","    1.73"," ","S","24","   14.03"," ","S","24","     7.0"," ","S","29","     5.2"," ","S","29","     3.2"," ","S","29","     2.4"," ","S","29","     1.6"," ","S","29","     1.1"," ","S","29","     0.0"," ","S","29","     0.0"," ","S","29"," -9999.0","Y"," "," 0"," -9999.0","Y"," "," 0"," -9999.0","Y"," "," 0","     3.0"," ","S","26","    61.7"," ","S","26","    12.6"," ","S","28","     9.6"," ","S","28","     7.6"," ","S","28","     5.7"," ","S","28","     3.9"," ","S","28"," -9999.0","Z"," "," 0","     0.0"," ","S","28","     2.0"," ","S","28","     3.0"," ","S","28","     6.0"," ","S","28"
"USC00421008","11-01"," 37.6411","-112.1703","2404.9","BRYCE CANYON NP HQRS, UT US","11","01","99","    39.5"," ","S","26","    51.9"," ","S","27","    27.2"," ","S","26","    24.6"," ","S","26","     7.2"," ","S","26","     9.3"," ","S","27","     7.1"," ","S","26","     7.7"," ","S","26","    25.5"," ","S","26","     3.3"," ","S","26","     6.3"," ","S","26","    10.5"," ","S","26","    15.5"," ","S","26","    17.5"," ","S","26","    20.5"," ","S","26","     0.0"," ","S","26","     2.8"," ","S","26","     0.8"," ","S","26","     0.1"," ","S","26","     0.0"," ","S","26","     0.0"," ","S","26","     0.0"," ","S","26","     0.0"," ","S","26","     0.0"," ","S","26","     0.0"," ","S","26","     2.8"," ","S","26","     0.8"," ","S","26","     0.1"," ","S","26","     0.0"," ","S","26","     0.0"," ","S","26","     0.0"," ","S","26","     0.0"," ","S","26","     0.0"," ","S","26","     3.1"," ","S","26","     2.5"," ","S","26","    16.0"," ","S","30","     8.2"," ","S","30","     4.9"," ","S","30","     2.6"," ","S","30","     1.1"," ","S","30","     0.0"," ","S","30","     0.0"," ","S","30","     0.0"," ","S","30","    0.04"," ","S","30","    0.10"," ","S","30","    0.31"," ","S","30","    0.04"," ","S","21","   14.07"," ","S","21","     7.2"," ","S","29","     5.4"," ","S","29","     3.3"," ","S","29","     2.4"," ","S","29","     1.6"," ","S","29","     1.1"," ","S","29","     0.3"," ","S","29","     0.0"," ","S","29"," -9999.0","Y"," "," 0"," -9999.0","Y"," "," 0"," -9999.0","Y"," "," 0","     0.2"," ","P","20","    61.9"," ","P","20","    13.5"," ","S","28","    10.4"," ","S","28","     8.2"," ","S","28","     6.2"," ","S","28","     4.3"," ","S","28","     1.1"," ","S","28","     0.1"," ","S","28","     2.0"," ","S","28","     4.0"," ","S","28","     6.0"," ","S","28"
"USC00421008","11-02"," 37.6411","-112.1703","2404.9","BRYCE CANYON NP HQRS, UT US","11","02","99","    39.2"," ","S","26","    51.5"," ","S","27","    26.9"," ","S","26","    24.5"," ","S","26","     7.3"," ","S","26","     9.3"," ","S","27","     7.1"," ","S","26","     7.7"," ","S","26","    25.8"," ","S","26","     3.5"," ","S","26","     6.5"," ","S","26","    10.9"," ","S","26","    15.8"," ","S","26","    17.8"," ","S","26","    20.8"," ","S","26","     0.0"," ","S","26","     2.6"," ","S","26","     0.7"," ","S","26","     0.1"," ","S","26","     0.0"," ","S","26","     0.0"," ","S","26","     0.0"," ","S","26","     0.0"," ","S","26","     0.0"," ","S","26","     0.0"," ","S","26","     2.6"," ","S","26","     0.7"," ","S","26","     0.1"," ","S","26","     0.0"," ","S","26","     0.0"," ","S","26","     0.0"," ","S","26","     0.0"," ","S","26","     0.0"," ","S","26","     3.0"," ","S","26","     2.4"," ","S","26","    15.9"," ","S","30","     8.1"," ","S","30","     4.8"," ","S","30","     2.6"," ","S","30","     1.1"," ","S","30","     0.0"," ","S","30","     0.0"," ","S","30","     0.0"," ","S","30","    0.04"," ","S","30","    0.10"," ","S","30","    0.30"," ","S","30","    0.08"," ","S","21","   14.11"," ","S","21","     7.5"," ","S","29","     5.6"," ","S","29","     3.4"," ","S","29","     2.5"," ","S","29","     1.7"," ","S","29","     1.2"," ","S","29","     0.3"," ","S","29","     0.0"," ","S","29"," -9999.0","Y"," "," 0"," -9999.0","Y"," "," 0"," -9999.0","Y"," "," 0","     0.4"," ","P","20","    62.1"," ","P","20","    14.4"," ","S","28","    11.1"," ","S","28","     8.9"," ","S","28","     6.7"," ","S","28","     4.7"," ","S","28","     1.2"," ","S","28","     0.1"," ","S","28","     2.0"," ","S","28","     4.0"," ","S","28","     6.0"," ","S","28"
"USC00421008","11-03"," 37.6411","-112.1703","2404.9","BRYCE CANYON NP HQRS, UT US","11","03","99","    38.8"," ","S","26","    51.0"," ","S","27","    26.6"," ","S","26","    24.4"," ","S","26","     7.3"," ","S","26","     9.3"," ","S","27","     7.2"," ","S","26","     7.6"," ","S","26","    26.2"," ","S","26","     3.7"," ","S","26","     6.8"," ","S","26","    11.2"," ","S","26","    16.2"," ","S","26","    18.2"," ","S","26","    21.2"," ","S","26","     0.0"," ","S","26","     2.5"," ","S","26","     0.7"," ","S","26","     0.1"," ","S","26","     0.0"," ","S","26","     0.0"," ","S","26","     0.0"," ","S","26","     0.0"," ","S","26","     0.0"," ","S","26","     0.0"," ","S","26","     2.5"," ","S","26","     0.7"," ","S","26","     0.1"," ","S","26","     0.0"," ","S","26","     0.0"," ","S","26","     0.0"," ","S","26","     0.0"," ","S","26","     0.0"," ","S","26","     2.9"," ","S","26","     2.3"," ","S","26","    15.9"," ","S","30","     8.0"," ","S","30","     4.8"," ","S","30","     2.6"," ","S","30","     1.0"," ","S","30","     0.0"," ","S","30","     0.0"," ","S","30","     0.0"," ","S","30","    0.04"," ","S","30","    0.10"," ","S","30","    0.30"," ","S","30","    0.12"," ","S","21","   14.15"," ","S","21","     7.8"," ","S","29","     5.8"," ","S","29","     3.6"," ","S","29","     2.6"," ","S","29","     1.7"," ","S","29","     1.2"," ","S","29","     0.3"," ","S","29","     0.0"," ","S","29"," -9999.0","Y"," "," 0"," -9999.0","Y"," "," 0"," -9999.0","Y"," "," 0","     0.6"," ","P","20","    62.3"," ","P","20","    15.4"," ","S","28","    12.0"," ","S","28","     9.6"," ","S","28","     7.3"," ","S","28","     5.1"," ","S","28","     1.4"," ","S","28","     0.1"," ","S","28","     2.0"," ","S","28","     4.0"," ","S","28","     6.0"," ","S","28"
"USC00421008","11-04"," 37.6411","-112.1703","2404.9","BRYCE CANYON NP HQRS, UT US","11","04","99","    38.5"," ","S","26","    50.6"," ","S","27","    26.3"," ","S","26","    24.3"," ","S","26","     7.3"," ","S","26","     9.3"," ","S","27","     7.2"," ","S","26","     7.6"," ","S","26","    26.5"," ","S","26","     3.9"," ","S","26","     7.1"," ","S","26","    11.6"," ","S","26","    16.5"," ","S","26","    18.5"," ","S","26","    21.5"," ","S","26","     0.0"," ","S","26","     2.4"," ","S","26","     0.6"," ","S","26","     0.1"," ","S","26","     0.0"," ","S","26","     0.0"," ","S","26","     0.0"," ","S","26","     0.0"," ","S","26","     0.0"," ","S","26","     0.0"," ","S","26","     2.4"," ","S","26","     0.6"," ","S","26","     0.1"," ","S","26","     0.0"," ","S","26","     0.0"," ","S","26","     0.0"," ","S","26","     0.0"," ","S","26","     0.0"," ","S","26","     2.8"," ","S","26","     2.2"," ","S","26","    15.9"," ","S","30","     7.9"," ","S","30","     4.7"," ","S","30","     2.5"," ","S","30","     1.0"," ","S","30","     0.0"," ","S","30","     0.0"," ","S","30","     0.0"," ","S","30","    0.03"," ","S","30","    0.09"," ","S","30","    0.29"," ","S","30","    0.16"," ","S","21","   14.19"," ","S","21","     8.0"," ","S","29","     5.9"," ","S","29","     3.7"," ","S","29","     2.7"," ","S","29","     1.8"," ","S","29","     1.3"," ","S","29","     0.3"," ","S","29","     0.0"," ","S","29"," -9999.0","Y"," "," 0"," -9999.0","Y"," "," 0"," -9999.0","Y"," "," 0","     0.8"," ","P","20","    62.5"," ","P","20","    16.4"," ","S","27","    12.8"," ","S","27","    10.4"," ","S","27","     7.9"," ","S","27","     5.5"," ","S","27","     1.6"," ","S","27","     0.1"," ","S","27","     2.0"," ","S","27","     4.0"," ","S","27","     6.0"," ","S","27"
"USC00421008","11-05"," 37.6411","-112.1703","2404.9","BRYCE CANYON NP HQRS, UT US","11","05","99","    38.1"," ","S","26","    50.2"," ","S","27","    26.0"," ","S","26","    24.2"," ","S","26","     7.4"," ","S","26","     9.3"," ","S","27","     7.3"," ","S","26","     7.6"," ","S","26","    26.9"," ","S","26","     4.1"," ","S","26","     7.4"," ","S","26","    11.9"," ","S","26","    16.9"," ","S","26","    18.9"," ","S","26","    21.9"," ","S","26","     0.0"," ","S","26","     2.2"," ","S","26","     0.6"," ","S","26","     0.1"," ","S","26","     0.0"," ","S","26","     0.0"," ","S","26","     0.0"," ","S","26","     0.0"," ","S","26","     0.0"," ","S","26","     0.0"," ","S","26","     2.2"," ","S","26","     0.6"," ","S","26","     0.1"," ","S","26","     0.0"," ","S","26","     0.0"," ","S","26","     0.0"," ","S","26","     0.0"," ","S","26","     0.0"," ","S","26","     2.7"," ","S","26","     2.1"," ","S","26","    16.0"," ","S","30","     7.9"," ","S","30","     4.7"," ","S","30","     2.5"," ","S","30","     1.0"," ","S","30","     0.0"," ","S","30","     0.0"," ","S","30","     0.0"," ","S","30","    0.03"," ","S","30","    0.09"," ","S","30","    0.29"," ","S","30","    0.19"," ","S","21","   14.22"," ","S","21","     8.3"," ","S","29","     6.2"," ","S","29","     3.8"," ","S","29","     2.8"," ","S","29","     1.8"," ","S","29","     1.3"," ","S","29","     0.4"," ","S","29","     0.0"," ","S","29"," -9999.0","Y"," "," 0"," -9999.0","Y"," "," 0"," -9999.0","Y"," "," 0","     1.0"," ","P","20","    62.7"," ","P","20","    17.5"," ","S","27","    13.8"," ","S","27","    11.2"," ","S","27","     8.6"," ","S","27","     6.0"," ","S","27","     1.7"," ","S","27","     0.1"," ","S","27","     2.0"," ","S","27","     4.0"," ","S","27","     6.0"," ","S","27"
"USC00421008","11-06"," 37.6411","-112.1703","2404.9","BRYCE CANYON NP HQRS, UT US","11","06","99","    37.8"," ","S","26","    49.8"," ","S","27","    25.7"," ","S","26","    24.1"," ","S","26","     7.4"," ","S","26","     9.3"," ","S","27","     7.3"," ","S","26","     7.5"," ","S","26","    27.2"," ","S","26","     4.3"," ","S","26","     7.7"," ","S","26","    12.3"," ","S","26","    17.2"," ","S","26","    19.2"," ","S","26","    22.2"," ","S","26","     0.0"," ","S","26","     2.0"," ","S","26","     0.5"," ","S","26","     0.0","X","S","26","     0.0"," ","S","26","     0.0"," ","S","26","     0.0"," ","S","26","     0.0"," ","S","26","     0.0"," ","S","26","     0.0"," ","S","26","     2.0"," ","S","26","     0.5"," ","S","26","     0.0","X","S","26","     0.0"," ","S","26","     0.0"," ","S","26","     0.0"," ","S","26","     0.0"," ","S","26","     0.0"," ","S","26","     2.5"," ","S","26","     1.9"," ","S","26","    16.0"," ","S","30","     7.9"," ","S","30","     4.7"," ","S","30","     2.5"," ","S","30","     1.1"," ","S","30","     0.1"," ","S","30","     0.0"," ","S","30","     0.0"," ","S","30","    0.03"," ","S","30","    0.09"," ","S","30","    0.28"," ","S","30","    0.23"," ","S","21","   14.26"," ","S","21","     8.6"," ","S","29","     6.4"," ","S","29","     4.0"," ","S","29","     2.9"," ","S","29","     1.9"," ","S","29","     1.4"," ","S","29","     0.4"," ","S","29","     0.0"," ","S","29"," -9999.0","Y"," "," 0"," -9999.0","Y"," "," 0"," -9999.0","Y"," "," 0","     1.3"," ","P","20","    63.0"," ","P","20","    18.6"," ","S","28","    14.7"," ","S","28","    12.0"," ","S","28","     9.2"," ","S","28","     6.5"," ","S","28","     1.9"," ","S","28","     0.2"," ","S","28","     2.0"," ","S","28","     4.0"," ","S","28","     6.0"," ","S","28"
"USC00421008","11-07"," 37.6411","-112.1703","2404.9","BRYCE CANYON NP HQRS, UT US","11","07","99","    37.4"," ","S","26","    49.4"," ","S","27","    25.4"," ","S","26","    24.0"," ","S","26","     7.4"," ","S","26","     9.3"," ","S","27","     7.4"," ","S","26","     7.5"," ","S","26","    27.6"," ","S","26","     4.5"," ","S","26","     8.0"," ","S","26","    12.6"," ","S","26","    17.6"," ","S","26","    19.6"," ","S","26","    22.6"," ","S","26","     0.0"," ","S","26","     1.9"," ","S","26","     0.4"," ","S","26","     0.0","X","S","26","     0.0"," ","S","26","     0.0"," ","S","26","     0.0"," ","S","26","     0.0"," ","S","26","     0.0"," ","S","26","     0.0"," ","S","26","     1.9"," ","S","26","     0.4"," ","S","26","     0.0","X","S","26","     0.0"," ","S","26","     0.0"," ","S","26","     0.0"," ","S","26","     0.0"," ","S","26","     0.0"," ","S","26","     2.4"," ","S","26","     1.8"," ","S","26","    16.0"," ","S","30","     7.9"," ","S","30","     4.7"," ","S","30","     2.5"," ","S","30","     1.1"," ","S","30","     0.1"," ","S","30","     0.0"," ","S","30","     0.0"," ","S","30","    0.03"," ","S","30","    0.09"," ","S","30","    0.28"," ","S","30","    0.27"," ","S","21","   14.30"," ","S","21","     8.9"," ","S","29","     6.6"," ","S","29","     4.1"," ","S","29","     3.0"," ","S","29","     2.0"," ","S","29","     1.4"," ","S","29","     0.4"," ","S","29","     0.0"," ","S","29"," -9999.0","Y"," "," 0"," -9999.0","Y"," "," 0"," -9999.0","Y"," "," 0","     1.5"," ","P","20","    63.2"," ","P","20","    19.8"," ","S","28","    15.8"," ","S","28","    12.8"," ","S","28","    10.0"," ","S","28","     7.0"," ","S","28","     2.2"," ","S","28","     0.2"," ","S","28","     2.0"," ","S","28","     4.0"," ","S","28","     6.0"," ","S","28"
"USC00421008","11-08"," 37.6411","-112.1703","2404.9","BRYCE CANYON NP HQRS, UT US","11","08","99","    37.0"," ","S","26","    49.0"," ","S","27","    25.1"," ","S","26","    23.9"," ","S","26","     7.5"," ","S","26","     9.3"," ","S","27","     7.4"," ","S","26","     7.5"," ","S","26","    28.0"," ","S","26","     4.7"," ","S","26","     8.3"," ","S","26","    13.0"," ","S","26","    18.0"," ","S","26","    20.0"," ","S","26","    23.0"," ","S","26","     0.0"," ","S","26","     1.7"," ","S","26","     0.3"," ","S","26","     0.0","X","S","26","     0.0"," ","S","26","     0.0"," ","S","26","     0.0"," ","S","26","     0.0"," ","S","26","     0.0"," ","S","26","     0.0"," ","S","26","     1.7"," ","S","26","     0.3"," ","S","26","     0.0","X","S","26","     0.0"," ","S","26","     0.0"," ","S","26","     0.0"," ","S","26","     0.0"," ","S","26","     0.0"," ","S","26","     2.2"," ","S","26","     1.7"," ","S","26","    16.1"," ","S","30","     7.9"," ","S","30","     4.7"," ","S","30","     2.5"," ","S","30","     1.1"," ","S","30","     0.1"," ","S","30","     0.0"," ","S","30","     0.0"," ","S","30","    0.03"," ","S","30","    0.09"," ","S","30","    0.28"," ","S","30","    0.31"," ","S","21","   14.34"," ","S","21","     9.2"," ","S","29","     6.8"," ","S","29","     4.3"," ","S","29","     3.1"," ","S","29","     2.0"," ","S","29","     1.5"," ","S","29","     0.5"," ","S","29","     0.0"," ","S","29"," -9999.0","Y"," "," 0"," -9999.0","Y"," "," 0"," -9999.0","Y"," "," 0","     1.8"," ","P","20","    63.5"," ","P","20","    21.1"," ","S","29","    16.9"," ","S","29","    13.8"," ","S","29","    10.7"," ","S","29","     7.6"," ","S","29","     2.4"," ","S","29","     0.2"," ","S","29","     2.0"," ","S","29","     4.0"," ","S","29","     6.0"," ","S","29"
"USC00421008","11-09"," 37.6411","-112.1703","2404.9","BRYCE CANYON NP HQRS, UT US","11","09","99","    36.7"," ","S","26","    48.5"," ","S","27","    24.8"," ","S","26","    23.8"," ","S","26","     7.5"," ","S","26","     9.3"," ","S","27","     7.5"," ","S","26","     7.4"," ","S","26","    28.3"," ","S","26","     4.9"," ","S","26","     8.6"," ","S","26","    13.4"," ","S","26","    18.3"," ","S","26","    20.3"," ","S","26","    23.3"," ","S","26","     0.0"," ","S","26","     1.5"," ","S","26","     0.3"," ","S","26","     0.0","X","S","26","     0.0"," ","S","26","     0.0"," ","S","26","     0.0"," ","S","26","     0.0"," ","S","26","     0.0"," ","S","26","     0.0"," ","S","26","     1.5"," ","S","26","     0.3"," ","S","26","     0.0","X","S","26","     0.0"," ","S","26","     0.0"," ","S","26","     0.0"," ","S","26","     0.0"," ","S","26","     0.0"," ","S","26","     2.1"," ","S","26","     1.6"," ","S","26","    16.2"," ","S","30","     7.8"," ","S","30","     4.6"," ","S","30","     2.5"," ","S","30","     1.1"," ","S","30","     0.1"," ","S","30","     0.0"," ","S","30","     0.0"," ","S","30","    0.03"," ","S","30","    0.09"," ","S","30","    0.27"," ","S","30","    0.36"," ","S","21","   14.39"," ","S","21","     9.5"," ","S","29","     7.1"," ","S","29","     4.4"," ","S","29","     3.2"," ","S","29","     2.1"," ","S","29","     1.5"," ","S","29","     0.5"," ","S","29","     0.0"," ","S","29"," -9999.0","Y"," "," 0"," -9999.0","Y"," "," 0"," -9999.0","Y"," "," 0","     2.1"," ","P","20","    63.8"," ","P","20","    22.4"," ","S","29","    18.0"," ","S","29","    14.7"," ","S","29","    11.6"," ","S","29","     8.3"," ","S","29","     2.6"," ","S","29","     0.3"," ","S","29","     2.0"," ","S","29","     4.0"," ","S","29","     6.0"," ","S","29"
"USC00421008","11-10"," 37.6411","-112.1703","2404.9","BRYCE CANYON NP HQRS, UT US","11","10","99","    36.3"," ","S","26","    48.1"," ","S","27","    24.4"," ","S","26","    23.7"," ","S","26","     7.6"," ","S","26","     9.3"," ","S","27","     7.6"," ","S","26","     7.4"," ","S","26","    28.7"," ","S","26","     5.1"," ","S","26","     9.0"," ","S","26","    13.7"," ","S","26","    18.7"," ","S","26","    20.7"," ","S","26","    23.7"," ","S","26","     0.0"," ","S","26","     1.4"," ","S","26","     0.2"," ","S","26","     0.0","X","S","26","     0.0"," ","S","26","     0.0"," ","S","26","     0.0"," ","S","26","     0.0"," ","S","26","     0.0"," ","S","26","     0.0"," ","S","26","     1.4"," ","S","26","     0.2"," ","S","26","     0.0","X","S","26","     0.0"," ","S","26","     0.0"," ","S","26","     0.0"," ","S","26","     0.0"," ","S","26","     0.0"," ","S","26","     2.0"," ","S","26","     1.5"," ","S","26","    16.3"," ","S","30","     7.8"," ","S","30","     4.6"," ","S","30","     2.5"," ","S","30","     1.1"," ","S","30","     0.1"," ","S","30","     0.0"," ","S","30","     0.0"," ","S","30","    0.03"," ","S","30","    0.09"," ","S","30","    0.27"," ","S","30","    0.40"," ","S","21","   14.43"," ","S","21","     9.8"," ","S","29","     7.3"," ","S","29","     4.6"," ","S","29","     3.3"," ","S","29","     2.1"," ","S","29","     1.6"," ","S","29","     0.5"," ","S","29","     0.0"," ","S","29"," -9999.0","Y"," "," 0"," -9999.0","Y"," "," 0"," -9999.0","Y"," "," 0","     2.4"," ","P","20","    64.1"," ","P","20","    23.9"," ","S","29","    19.2"," ","S","29","    15.7"," ","S","29","    12.4"," ","S","29","     8.9"," ","S","29","     2.9"," ","S","29","     0.3"," ","S","29","     2.0"," ","S","29","     4.0"," ","S","29","     6.0"," ","S","29"
"USC00421008","11-11"," 37.6411","-112.1703","2404.9","BRYCE CANYON NP HQRS, UT US","11","11","99","    35.9"," ","S","26","    47.7"," ","S","27","    24.1"," ","S","26","    23.6"," ","S","26","     7.6"," ","S","26","     9.3"," ","S","27","     7.6"," ","S","26","     7.4"," ","S","26","    29.1"," ","S","26","     5.3"," ","S","26","     9.3"," ","S","26","    14.1"," ","S","26","    19.1"," ","S","26","    21.1"," ","S","26","    24.1"," ","S","26","     0.0"," ","S","26","     1.3"," ","S","26","     0.2"," ","S","26","     0.0","X","S","26","     0.0"," ","S","26","     0.0"," ","S","26","     0.0"," ","S","26","     0.0"," ","S","26","     0.0"," ","S","26","     0.0"," ","S","26","     1.3"," ","S","26","     0.2"," ","S","26","     0.0","X","S","26","     0.0"," ","S","26","     0.0"," ","S","26","     0.0"," ","S","26","     0.0"," ","S","26","     0.0"," ","S","26","     1.9"," ","S","26","     1.4"," ","S","26","    16.4"," ","S","30","     7.8"," ","S","30","     4.6"," ","S","30","     2.5"," ","S","30","     1.1"," ","S","30","     0.1"," ","S","30","     0.0"," ","S","30","     0.0"," ","S","30","    0.03"," ","S","30","    0.09"," ","S","30","    0.27"," ","S","30","    0.44"," ","S","21","   14.47"," ","S","21","    10.2"," ","S","29","     7.5"," ","S","29","     4.7"," ","S","29","     3.4"," ","S","29","     2.2"," ","S","29","     1.7"," ","S","29","     0.6"," ","S","29","     0.0"," ","S","29"," -9999.0","Y"," "," 0"," -9999.0","Y"," "," 0"," -9999.0","Y"," "," 0","     2.7"," ","P","20","    64.4"," ","P","20","    25.3"," ","S","29","    20.5"," ","S","29","    16.8"," ","S","29","    13.3"," ","S","29","     9.6"," ","S","29","     3.2"," ","S","29","     0.3"," ","S","29","     2.0"," ","S","29","     4.0"," ","S","29","     6.0"," ","S","29"
"USC00421008","11-12"," 37.6411","-112.1703","2404.9","BRYCE CANYON NP HQRS, UT US","11","12","99","    35.5"," ","S","26","    47.3"," ","S","27","    23.8"," ","S","26","    23.4"," ","S","26","     7.7"," ","S","26","     9.3"," ","S","27","     7.7"," ","S","26","     7.4"," ","S","26","    29.5"," ","S","26","     5.6"," ","S","26","     9.6"," ","S","26","    14.5"," ","S","26","    19.5"," ","S","26","    21.5"," ","S","26","    24.5"," ","S","26","     0.0"," ","S","26","     1.1"," ","S","26","     0.1"," ","S","26","     0.0","X","S","26","     0.0"," ","S","26","     0.0"," ","S","26","     0.0"," ","S","26","     0.0"," ","S","26","     0.0"," ","S","26","     0.0"," ","S","26","     1.1"," ","S","26","     0.1"," ","S","26","     0.0","X","S","26","     0.0"," ","S","26","     0.0"," ","S","26","     0.0"," ","S","26","     0.0"," ","S","26","     0.0"," ","S","26","     1.8"," ","S","26","     1.3"," ","S","26","    16.4"," ","S","30","     7.7"," ","S","30","     4.6"," ","S","30","     2.4"," ","S","30","     1.1"," ","S","30","     0.1"," ","S","30","     0.0"," ","S","30","     0.0"," ","S","30","    0.03"," ","S","30","    0.09"," ","S","30","    0.26"," ","S","30","    0.48"," ","S","21","   14.51"," ","S","21","    10.5"," ","S","29","     7.8"," ","S","29","     4.8"," ","S","29","     3.5"," ","S","29","     2.3"," ","S","29","     1.7"," ","S","29","     0.6"," ","S","29","     0.0"," ","S","29"," -9999.0","Y"," "," 0"," -9999.0","Y"," "," 0"," -9999.0","Y"," "," 0","     3.0"," ","P","20","    64.7"," ","P","20","    26.9"," ","S","29","    21.9"," ","S","29","    17.9"," ","S","29","    14.3"," ","S","29","    10.4"," ","S","29","     3.5"," ","S","29","     0.3"," ","S","29","     2.0"," ","S","29","     4.0"," ","S","29","     6.0"," ","S","29"
"USC00421008","11-13"," 37.6411","-112.1703","2404.9","BRYCE CANYON NP HQRS, UT US","11","13","99","    35.2"," ","S","26","    46.8"," ","S","27","    23.5"," ","S","26","    23.3"," ","S","26","     7.7"," ","S","26","     9.3"," ","S","27","     7.8"," ","S","26","     7.4"," ","S","26","    29.8"," ","S","26","     5.8"," ","S","26","     9.9"," ","S","26","    14.8"," ","S","26","    19.8"," ","S","26","    21.8"," ","S","26","    24.8"," ","S","26","     0.0"," ","S","26","     1.0"," ","S","26","     0.1"," ","S","26","     0.0"," ","S","26","     0.0"," ","S","26","     0.0"," ","S","26","     0.0"," ","S","26","     0.0"," ","S","26","     0.0"," ","S","26","     0.0"," ","S","26","     1.0"," ","S","26","     0.1"," ","S","26","     0.0"," ","S","26","     0.0"," ","S","26","     0.0"," ","S","26","     0.0"," ","S","26","     0.0"," ","S","26","     0.0"," ","S","26","     1.6"," ","S","26","     1.2"," ","S","26","    16.4"," ","S","30","     7.6"," ","S","30","     4.5"," ","S","30","     2.4"," ","S","30","     1.1"," ","S","30","     0.1"," ","S","30","     0.0"," ","S","30","     0.0"," ","S","30","    0.03"," ","S","30","    0.08"," ","S","30","    0.26"," ","S","30","    0.52"," ","S","21","   14.55"," ","S","21","    10.8"," ","S","29","     8.0"," ","S","29","     4.9"," ","S","29","     3.6"," ","S","29","     2.4"," ","S","29","     1.8"," ","S","29","     0.6"," ","S","29","     0.0"," ","S","29"," -9999.0","Y"," "," 0"," -9999.0","Y"," "," 0"," -9999.0","Y"," "," 0","     3.3"," ","P","20","    65.0"," ","P","20","    28.4"," ","S","29","    23.2"," ","S","29","    19.0"," ","S","29","    15.2"," ","S","29","    11.1"," ","S","29","     3.8"," ","S","29","     0.4"," ","S","29","     2.0"," ","S","29","     4.0"," ","S","29","     6.0"," ","S","29"
"USC00421008","11-14"," 37.6411","-112.1703","2404.9","BRYCE CANYON NP HQRS, UT US","11","14","99","    34.8"," ","S","26","    46.4"," ","S","27","    23.2"," ","S","26","    23.2"," ","S","26","     7.7"," ","S","26","     9.3"," ","S","27","     7.8"," ","S","26","     7.4"," ","S","26","    30.2"," ","S","26","     6.0"," ","S","26","    10.3"," ","S","26","    15.2"," ","S","26","    20.2"," ","S","26","    22.2"," ","S","26","    25.2"," ","S","26","     0.0"," ","S","26","     0.8"," ","S","26","     0.1"," ","S","26","     0.0"," ","S","26","     0.0"," ","S","26","     0.0"," ","S","26","     0.0"," ","S","26","     0.0"," ","S","26","     0.0"," ","S","26","     0.0"," ","S","26","     0.8"," ","S","26","     0.1"," ","S","26","     0.0"," ","S","26","     0.0"," ","S","26","     0.0"," ","S","26","     0.0"," ","S","26","     0.0"," ","S","26","     0.0"," ","S","26","     1.5"," ","S","26","     1.1"," ","S","26","    16.4"," ","S","30","     7.5"," ","S","30","     4.5"," ","S","30","     2.4"," ","S","30","     1.0"," ","S","30","     0.1"," ","S","30","     0.0"," ","S","30","     0.0"," ","S","30","    0.03"," ","S","30","    0.08"," ","S","30","    0.26"," ","S","30","    0.56"," ","S","21","   14.59"," ","S","21","    11.0"," ","S","29","     8.2"," ","S","29","     5.1"," ","S","29","     3.7"," ","S","29","     2.4"," ","S","29","     1.8"," ","S","29","     0.7"," ","S","29","     0.0"," ","S","29","     0.8"," ","S","29","     1.5"," ","S","29","     3.1"," ","S","29","     3.6"," ","P","20","    65.3"," ","P","20","    30.0"," ","S","29","    24.6"," ","S","29","    20.2"," ","S","29","    16.2"," ","S","29","    11.9"," ","S","29","     4.1"," ","S","29","     0.4"," ","S","29","     2.0"," ","S","29","     4.0"," ","S","29","     6.0"," ","S","29"
"USC00421008","11-15"," 37.6411","-112.1703","2404.9","BRYCE CANYON NP HQRS, UT US","11","15","99","    34.4"," ","S","26","    46.0"," ","S","27","    22.9"," ","S","26","    23.1"," ","S","26","     7.8"," ","S","26","     9.3"," ","S","27","     7.9"," ","S","26","     7.4"," ","S","26","    30.6"," ","S","26","     6.3"," ","S","26","    10.6"," ","S","26","    15.6"," ","S","26","    20.6"," ","S","26","    22.6"," ","S","26","    25.6"," ","S","26","     0.0"," ","S","26","     0.7"," ","S","26","     0.1"," ","S","26","     0.0"," ","S","26","     0.0"," ","S","26","     0.0"," ","S","26","     0.0"," ","S","26","     0.0"," ","S","26","     0.0"," ","S","26","     0.0"," ","S","26","     0.7"," ","S","26","     0.1"," ","S","26","     0.0"," ","S","26","     0.0"," ","S","26","     0.0"," ","S","26","     0.0"," ","S","26","     0.0"," ","S","26","     0.0"," ","S","26","     1.4"," ","S","26","     1.0"," ","S","26","    16.4"," ","S","30","     7.5"," ","S","30","     4.4"," ","S","30","     2.4"," ","S","30","     1.0"," ","S","30","     0.1"," ","S","30","     0.0"," ","S","30","     0.0"," ","S","30","    0.03"," ","S","30","    0.08"," ","S","30","    0.26"," ","S","30","    0.60"," ","S","21","   14.63"," ","S","21","    11.3"," ","S","29","     8.4"," ","S","29","     5.2"," ","S","29","     3.8"," ","S","29","     2.5"," ","S","29","     1.9"," ","S","29","     0.7"," ","S","29","     0.0"," ","S","29","     0.8"," ","S","29","     1.5"," ","S","29","     3.1"," ","S","29","     3.9"," ","P","20","    65.6"," ","P","20","    31.6"," ","S","29","    26.1"," ","S","29","    21.4"," ","S","29","    17.3"," ","S","29","    12.7"," ","S","29","     4.4"," ","S","29","     0.4"," ","S","29","     2.0"," ","S","29","     4.0"," ","S","29","     7.0"," ","S","29"
"USC00421008","11-16"," 37.6411","-112.1703","2404.9","BRYCE CANYON NP HQRS, UT US","11","16","99","    34.1"," ","S","26","    45.5"," ","S","27","    22.6"," ","S","26","    23.0"," ","S","26","     7.8"," ","S","26","     9.4"," ","S","27","     8.0"," ","S","26","     7.4"," ","S","26","    30.9"," ","S","26","     6.6"," ","S","26","    11.0"," ","S","26","    15.9"," ","S","26","    20.9"," ","S","26","    22.9"," ","S","26","    25.9"," ","S","26","     0.0"," ","S","26","     0.6"," ","S","26","     0.1"," ","S","26","     0.0"," ","S","26","     0.0"," ","S","26","     0.0"," ","S","26","     0.0"," ","S","26","     0.0"," ","S","26","     0.0"," ","S","26","     0.0"," ","S","26","     0.6"," ","S","26","     0.1"," ","S","26","     0.0"," ","S","26","     0.0"," ","S","26","     0.0"," ","S","26","     0.0"," ","S","26","     0.0"," ","S","26","     0.0"," ","S","26","     1.3"," ","S","26","     0.9"," ","S","26","    16.4"," ","S","30","     7.4"," ","S","30","     4.4"," ","S","30","     2.4"," ","S","30","     1.0"," ","S","30","     0.1"," ","S","30","     0.0"," ","S","30","     0.0"," ","S","30","    0.03"," ","S","30","    0.08"," ","S","30","    0.25"," ","S","30","    0.64"," ","S","21","   14.67"," ","S","21","    11.6"," ","S","29","     8.6"," ","S","29","     5.3"," ","S","29","     3.9"," ","S","29","     2.6"," ","S","29","     2.0"," ","S","29","     0.7"," ","S","29","     0.0"," ","S","29","     0.8"," ","S","29","     1.5"," ","S","29","     3.1"," ","S","29","     4.2"," ","P","20","    65.9"," ","P","20","    33.2"," ","S","29","    27.6"," ","S","29","    22.6"," ","S","29","    18.3"," ","S","29","    13.5"," ","S","29","     4.8"," ","S","29","     0.5"," ","S","29","     2.0"," ","S","29","     4.0"," ","S","29","     7.0"," ","S","29"
"USC00421008","11-17"," 37.6411","-112.1703","2404.9","BRYCE CANYON NP HQRS, UT US","11","17","99","    33.7"," ","S","26","    45.1"," ","S","27","    22.3"," ","S","26","    22.9"," ","S","26","     7.8"," ","S","26","     9.3"," ","S","27","     8.0"," ","S","26","     7.4"," ","S","26","    31.3"," ","S","26","     6.9"," ","S","26","    11.4"," ","S","26","    16.3"," ","S","26","    21.3"," ","S","26","    23.3"," ","S","26","    26.3"," ","S","26","     0.0"," ","S","26","     0.6"," ","S","26","     0.1"," ","S","26","     0.0","X","S","26","     0.0"," ","S","26","     0.0"," ","S","26","     0.0"," ","S","26","     0.0"," ","S","26","     0.0"," ","S","26","     0.0"," ","S","26","     0.6"," ","S","26","     0.1"," ","S","26","     0.0","X","S","26","     0.0"," ","S","26","     0.0"," ","S","26","     0.0"," ","S","26","     0.0"," ","S","26","     0.0"," ","S","26","     1.2"," ","S","26","     0.9"," ","S","26","    16.4"," ","S","30","     7.4"," ","S","30","     4.4"," ","S","30","     2.4"," ","S","30","     1.0"," ","S","30","     0.1"," ","S","30","     0.0"," ","S","30","     0.0"," ","S","30","    0.03"," ","S","30","    0.08"," ","S","30","    0.25"," ","S","30","    0.69"," ","S","21","   14.72"," ","S","21","    11.9"," ","S","29","     8.8"," ","S","29","     5.5"," ","S","29","     4.0"," ","S","29","     2.7"," ","S","29","     2.0"," ","S","29","     0.7"," ","S","29","     0.0"," ","S","29","     0.8"," ","S","29","     1.5"," ","S","29","     3.1"," ","S","29","     4.5"," ","P","20","    66.2"," ","P","20","    34.9"," ","S","28","    29.1"," ","S","28","    23.8"," ","S","28","    19.3"," ","S","28","    14.3"," ","S","28","     5.1"," ","S","28","     0.5"," ","S","28","     2.0"," ","S","28","     4.0"," ","S","28","     7.0"," ","S","28"
"USC00421008","11-18"," 37.6411","-112.1703","2404.9","BRYCE CANYON NP HQRS, UT US","11","18","99","    33.3"," ","S","26","    44.7"," ","S","27","    21.9"," ","S","26","    22.7"," ","S","26","     7.9"," ","S","26","     9.3"," ","S","27","     8.1"," ","S","26","     7.4"," ","S","26","    31.7"," ","S","26","     7.2"," ","S","26","    11.7"," ","S","26","    16.7"," ","S","26","    21.7"," ","S","26","    23.7"," ","S","26","    26.7"," ","S","26","     0.0"," ","S","26","     0.5"," ","S","26","     0.1"," ","S","26","     0.0","X","S","26","     0.0"," ","S","26","     0.0"," ","S","26","     0.0"," ","S","26","     0.0"," ","S","26","     0.0"," ","S","26","     0.0"," ","S","26","     0.5"," ","S","26","     0.1"," ","S","26","     0.0","X","S","26","     0.0"," ","S","26","     0.0"," ","S","26","     0.0"," ","S","26","     0.0"," ","S","26","     0.0"," ","S","26","     1.1"," ","S","26","     0.8"," ","S","26","    16.5"," ","S","30","     7.4"," ","S","30","     4.3"," ","S","30","     2.4"," ","S","30","     1.0"," ","S","30","     0.2"," ","S","30","     0.0"," ","S","30","     0.0"," ","S","30","    0.03"," ","S","30","    0.08"," ","S","30","    0.25"," ","S","30","    0.73"," ","S","21","   14.76"," ","S","21","    12.1"," ","S","29","     9.0"," ","S","29","     5.6"," ","S","29","     4.1"," ","S","29","     2.7"," ","S","29","     2.1"," ","S","29","     0.8"," ","S","29","     0.0"," ","S","29","     0.8"," ","S","29","     1.5"," ","S","29","     3.2"," ","S","29","     4.8"," ","P","20","    66.5"," ","P","20","    36.6"," ","S","28","    30.6"," ","S","28","    25.1"," ","S","28","    20.4"," ","S","28","    15.2"," ","S","28","     5.5"," ","S","28","     0.5"," ","S","28","     2.0"," ","S","28","     4.0"," ","S","28","     7.0"," ","S","28"
"USC00421008","11-19"," 37.6411","-112.1703","2404.9","BRYCE CANYON NP HQRS, UT US","11","19","99","    33.0"," ","S","26","    44.3"," ","S","27","    21.6"," ","S","26","    22.6"," ","S","26","     7.9"," ","S","26","     9.3"," ","S","27","     8.2"," ","S","26","     7.4"," ","S","26","    32.0"," ","S","26","     7.5"," ","S","26","    12.1"," ","S","26","    17.0"," ","S","26","    22.0"," ","S","26","    24.0"," ","S","26","    27.0"," ","S","26","     0.0"," ","S","26","     0.5"," ","S","26","     0.1"," ","S","26","     0.0","X","S","26","     0.0"," ","S","26","     0.0"," ","S","26","     0.0"," ","S","26","     0.0"," ","S","26","     0.0"," ","S","26","     0.0"," ","S","26","     0.5"," ","S","26","     0.1"," ","S","26","     0.0","X","S","26","     0.0"," ","S","26","     0.0"," ","S","26","     0.0"," ","S","26","     0.0"," ","S","26","     0.0"," ","S","26","     1.0"," ","S","26","     0.7"," ","S","26","    16.5"," ","S","30","     7.4"," ","S","30","     4.3"," ","S","30","     2.4"," ","S","30","     1.1"," ","S","30","     0.2"," ","S","30","     0.0"," ","S","30","     0.0"," ","S","30","    0.03"," ","S","30","    0.08"," ","S","30","    0.25"," ","S","30","    0.78"," ","S","21","   14.81"," ","S","21","    12.4"," ","S","29","     9.2"," ","S","29","     5.7"," ","S","29","     4.2"," ","S","29","     2.8"," ","S","29","     2.1"," ","S","29","     0.8"," ","S","29","     0.0"," ","S","29","     0.8"," ","S","29","     1.5"," ","S","29","     3.2"," ","S","29","     5.2"," ","P","20","    66.9"," ","P","20","    38.4"," ","S","28","    32.2"," ","S","28","    26.4"," ","S","28","    21.6"," ","S","28","    16.1"," ","S","28","     5.9"," ","S","28","     0.5"," ","S","28","     2.0"," ","S","28","     4.0"," ","S","28","     7.0"," ","S","28"
"USC00421008","11-20"," 37.6411","-112.1703","2404.9","BRYCE CANYON NP HQRS, UT US","11","20","99","    32.6"," ","S","26","    43.8"," ","S","27","    21.3"," ","S","26","    22.5"," ","S","26","     7.9"," ","S","26","     9.3"," ","S","27","     8.2"," ","S","26","     7.4"," ","S","26","    32.4"," ","S","26","     7.8"," ","S","26","    12.5"," ","S","26","    17.4"," ","S","26","    22.4"," ","S","26","    24.4"," ","S","26","    27.4"," ","S","26","     0.0"," ","S","26","     0.4"," ","S","26","     0.1"," ","S","26","     0.0","X","S","26","     0.0"," ","S","26","     0.0"," ","S","26","     0.0"," ","S","26","     0.0"," ","S","26","     0.0"," ","S","26","     0.0"," ","S","26","     0.4"," ","S","26","     0.1"," ","S","26","     0.0","X","S","26","     0.0"," ","S","26","     0.0"," ","S","26","     0.0"," ","S","26","     0.0"," ","S","26","     0.0"," ","S","26","     0.9"," ","S","26","     0.6"," ","S","26","    16.6"," ","S","30","     7.4"," ","S","30","     4.3"," ","S","30","     2.4"," ","S","30","     1.1"," ","S","30","     0.2"," ","S","30","     0.0"," ","S","30","     0.0"," ","S","30","    0.03"," ","S","30","    0.08"," ","S","30","    0.25"," ","S","30","    0.83"," ","S","21","   14.86"," ","S","21","    12.7"," ","S","29","     9.4"," ","S","29","     5.9"," ","S","29","     4.3"," ","S","29","     2.9"," ","S","29","     2.2"," ","S","29","     0.8"," ","S","29","     0.0"," ","S","29","     0.8"," ","S","29","     1.5"," ","S","29","     3.2"," ","S","29","     5.5"," ","P","20","    67.2"," ","P","20","    40.2"," ","S","28","    33.8"," ","S","28","    27.7"," ","S","28","    22.8"," ","S","28","    17.1"," ","S","28","     6.3"," ","S","28","     0.6"," ","S","28","     2.0"," ","S","28","     4.0"," ","S","28","     7.0"," ","S","28"
"USC00421008","11-21"," 37.6411","-112.1703","2404.9","BRYCE CANYON NP HQRS, UT US","11","21","99","    32.2"," ","S","26","    43.4"," ","S","27","    21.0"," ","S","26","    22.4"," ","S","26","     7.9"," ","S","26","     9.3"," ","S","27","     8.3"," ","S","26","     7.4"," ","S","26","    32.8"," ","S","26","     8.1"," ","S","26","    12.8"," ","S","26","    17.8"," ","S","26","    22.8"," ","S","26","    24.8"," ","S","26","    27.8"," ","S","26","     0.0"," ","S","26","     0.4"," ","S","26","     0.1"," ","S","26","     0.0","X","S","26","     0.0"," ","S","26","     0.0"," ","S","26","     0.0"," ","S","26","     0.0"," ","S","26","     0.0"," ","S","26","     0.0"," ","S","26","     0.4"," ","S","26","     0.1"," ","S","26","     0.0","X","S","26","     0.0"," ","S","26","     0.0"," ","S","26","     0.0"," ","S","26","     0.0"," ","S","26","     0.0"," ","S","26","     0.9"," ","S","26","     0.6"," ","S","26","    16.7"," ","S","30","     7.5"," ","S","30","     4.3"," ","S","30","     2.4"," ","S","30","     1.1"," ","S","30","     0.2"," ","S","30","     0.0"," ","S","30","     0.0"," ","S","30","    0.03"," ","S","30","    0.08"," ","S","30","    0.25"," ","S","30","    0.87"," ","S","21","   14.90"," ","S","21","    13.0"," ","S","29","     9.6"," ","S","29","     6.0"," ","S","29","     4.5"," ","S","29","     3.0"," ","S","29","     2.2"," ","S","29","     0.8"," ","S","29","     0.0"," ","S","29","     0.8"," ","S","29","     1.5"," ","S","29","     3.2"," ","S","29","     5.9"," ","P","20","    67.6"," ","P","20","    42.0"," ","S","28","    35.5"," ","S","28","    29.1"," ","S","28","    24.0"," ","S","28","    18.1"," ","S","28","     6.8"," ","S","28","     0.6"," ","S","28","     2.0"," ","S","28","     4.0"," ","S","28","     7.0"," ","S","28"
"USC00421008","11-22"," 37.6411","-112.1703","2404.9","BRYCE CANYON NP HQRS, UT US","11","22","99","    31.9"," ","S","26","    43.0"," ","S","27","    20.8"," ","S","26","    22.2"," ","S","26","     8.0"," ","S","26","     9.3"," ","S","27","     8.3"," ","S","26","     7.4"," ","S","26","    33.1"," ","S","26","     8.5"," ","S","26","    13.2"," ","S","26","    18.1"," ","S","26","    23.1"," ","S","26","    25.1"," ","S","26","    28.1"," ","S","26","     0.0"," ","S","26","     0.3"," ","S","26","     0.1"," ","S","26","     0.0","X","S","26","     0.0"," ","S","26","     0.0"," ","S","26","     0.0"," ","S","26","     0.0"," ","S","26","     0.0"," ","S","26","     0.0"," ","S","26","     0.3"," ","S","26","     0.1"," ","S","26","     0.0","X","S","26","     0.0"," ","S","26","     0.0"," ","S","26","     0.0"," ","S","26","     0.0"," ","S","26","     0.0"," ","S","26","     0.8"," ","S","26","     0.6"," ","S","26","    16.7"," ","S","30","     7.5"," ","S","30","     4.3"," ","S","30","     2.4"," ","S","30","     1.1"," ","S","30","     0.2"," ","S","30","     0.0"," ","S","30","     0.0"," ","S","30","    0.03"," ","S","30","    0.08"," ","S","30","    0.25"," ","S","30","    0.92"," ","S","21","   14.95"," ","S","21","    13.2"," ","S","29","     9.8"," ","S","29","     6.1"," ","S","29","     4.5"," ","S","29","     3.0"," ","S","29","     2.3"," ","S","29","     0.8"," ","S","29","     0.0"," ","S","29","     0.8"," ","S","29","     1.5"," ","S","29","     3.2"," ","S","29","     6.3"," ","P","20","    68.0"," ","P","20","    43.8"," ","S","28","    37.2"," ","S","28","    30.5"," ","S","28","    25.3"," ","S","28","    19.2"," ","S","28","     7.2"," ","S","28","     0.6"," ","S","28","     2.0"," ","S","28","     4.0"," ","S","28","     7.0"," ","S","28"
"USC00421008","11-23"," 37.6411","-112.1703","2404.9","BRYCE CANYON NP HQRS, UT US","11","23","99","    31.5"," ","S","26","    42.6"," ","S","27","    20.5"," ","S","26","    22.1"," ","S","26","     8.0"," ","S","26","     9.3"," ","S","27","     8.4"," ","S","26","     7.4"," ","S","26","    33.5"," ","S","26","     8.8"," ","S","26","    13.5"," ","S","26","    18.5"," ","S","26","    23.5"," ","S","26","    25.5"," ","S","26","    28.5"," ","S","26","     0.0"," ","S","26","     0.3"," ","S","26","     0.0","X","S","26","     0.0","X","S","26","     0.0"," ","S","26","     0.0"," ","S","26","     0.0"," ","S","26","     0.0"," ","S","26","     0.0"," ","S","26","     0.0"," ","S","26","     0.3"," ","S","26","     0.0","X","S","26","     0.0","X","S","26","     0.0"," ","S","26","     0.0"," ","S","26","     0.0"," ","S","26","     0.0"," ","S","26","     0.0"," ","S","26","     0.8"," ","S","26","     0.5"," ","S","26","    16.8"," ","S","30","     7.5"," ","S","30","     4.2"," ","S","30","     2.4"," ","S","30","     1.1"," ","S","30","     0.2"," ","S","30","     0.0"," ","S","30","     0.0"," ","S","30","    0.03"," ","S","30","    0.08"," ","S","30","    0.24"," ","S","30","    0.96"," ","S","21","   14.99"," ","S","21","    13.5"," ","S","29","    10.0"," ","S","29","     6.2"," ","S","29","     4.6"," ","S","29","     3.1"," ","S","29","     2.3"," ","S","29","     0.8"," ","S","29","     0.0"," ","S","29","     0.7"," ","S","29","     1.5"," ","S","29","     3.2"," ","S","29","     6.6"," ","P","20","    68.3"," ","P","20","    45.6"," ","S","28","    38.9"," ","S","28","    31.9"," ","S","28","    26.5"," ","S","28","    20.2"," ","S","28","     7.7"," ","S","28","     0.7"," ","S","28","     2.0"," ","S","28","     4.0"," ","S","28","     8.0"," ","S","28"
"USC00421008","11-24"," 37.6411","-112.1703","2404.9","BRYCE CANYON NP HQRS, UT US","11","24","99","    31.2"," ","S","26","    42.2"," ","S","27","    20.2"," ","S","26","    22.0"," ","S","26","     8.0"," ","S","26","     9.3"," ","S","27","     8.4"," ","S","26","     7.4"," ","S","26","    33.8"," ","S","26","     9.1"," ","S","26","    13.8"," ","S","26","    18.8"," ","S","26","    23.8"," ","S","26","    25.8"," ","S","26","    28.8"," ","S","26","     0.0"," ","S","26","     0.3"," ","S","26","     0.0","X","S","26","     0.0","X","S","26","     0.0"," ","S","26","     0.0"," ","S","26","     0.0"," ","S","26","     0.0"," ","S","26","     0.0"," ","S","26","     0.0"," ","S","26","     0.3"," ","S","26","     0.0","X","S","26","     0.0","X","S","26","     0.0"," ","S","26","     0.0"," ","S","26","     0.0"," ","S","26","     0.0"," ","S","26","     0.0"," ","S","26","     0.7"," ","S","26","     0.5"," ","S","26","    16.8"," ","S","29","     7.5"," ","S","29","     4.2"," ","S","29","     2.4"," ","S","29","     1.1"," ","S","29","     0.2"," ","S","29","     0.0"," ","S","29","     0.0"," ","S","29","    0.03"," ","S","29","    0.08"," ","S","29","    0.24"," ","S","29","    1.01"," ","S","21","   15.04"," ","S","21","    13.7"," ","S","29","    10.1"," ","S","29","     6.3"," ","S","29","     4.7"," ","S","29","     3.1"," ","S","29","     2.4"," ","S","29","     0.8"," ","S","29","     0.0"," ","S","29","     0.7"," ","S","29","     1.5"," ","S","29","     3.2"," ","S","29","     7.1"," ","P","20","    68.8"," ","P","20","    47.5"," ","S","28","    40.6"," ","S","28","    33.4"," ","S","28","    27.7"," ","S","28","    21.3"," ","S","28","     8.2"," ","S","28","     0.7"," ","S","28","     2.0"," ","S","28","     4.0"," ","S","28","     8.0"," ","S","28"
"USC00421008","11-25"," 37.6411","-112.1703","2404.9","BRYCE CANYON NP HQRS, UT US","11","25","99","    30.9"," ","S","26","    41.8"," ","S","27","    19.9"," ","S","26","    21.9"," ","S","26","     8.0"," ","S","26","     9.2"," ","S","27","     8.5"," ","S","26","     7.4"," ","S","26","    34.1"," ","S","26","     9.4"," ","S","26","    14.2"," ","S","26","    19.1"," ","S","26","    24.1"," ","S","26","    26.1"," ","S","26","    29.1"," ","S","26","     0.0"," ","S","26","     0.3"," ","S","26","     0.0","X","S","26","     0.0","X","S","26","     0.0"," ","S","26","     0.0"," ","S","26","     0.0"," ","S","26","     0.0"," ","S","26","     0.0"," ","S","26","     0.0"," ","S","26","     0.3"," ","S","26","     0.0","X","S","26","     0.0","X","S","26","     0.0"," ","S","26","     0.0"," ","S","26","     0.0"," ","S","26","     0.0"," ","S","26","     0.0"," ","S","26","     0.6"," ","S","26","     0.4"," ","S","26","    16.9"," ","S","29","     7.6"," ","S","29","     4.2"," ","S","29","     2.3"," ","S","29","     1.1"," ","S","29","     0.2"," ","S","29","     0.0"," ","S","29","     0.0"," ","S","29","    0.03"," ","S","29","    0.08"," ","S","29","    0.24"," ","S","29","    1.06"," ","S","21","   15.09"," ","S","21","    14.0"," ","S","29","    10.2"," ","S","29","     6.4"," ","S","29","     4.8"," ","S","29","     3.2"," ","S","29","     2.4"," ","S","29","     0.8"," ","S","29","     0.0"," ","S","29","     0.7"," ","S","29","     1.5"," ","S","29","     3.3"," ","S","29","     7.5"," ","P","20","    69.2"," ","P","20","    49.3"," ","S","28","    42.3"," ","S","28","    34.8"," ","S","28","    29.0"," ","S","28","    22.4"," ","S","28","     8.7"," ","S","28","     0.7"," ","S","28","     2.0"," ","S","28","     4.0"," ","S","28","     8.0"," ","S","28"
"USC00421008","11-26"," 37.6411","-112.1703","2404.9","BRYCE CANYON NP HQRS, UT US","11","26","99","    30.5"," ","S","26","    41.4"," ","S","27","    19.7"," ","S","26","    21.7"," ","S","26","     8.0"," ","S","26","     9.2"," ","S","27","     8.5"," ","S","26","     7.4"," ","S","26","    34.5"," ","S","26","     9.7"," ","S","26","    14.5"," ","S","26","    19.5"," ","S","26","    24.5"," ","S","26","    26.5"," ","S","26","    29.5"," ","S","26","     0.0"," ","S","26","     0.3"," ","S","26","     0.0","X","S","26","     0.0","X","S","26","     0.0"," ","S","26","     0.0"," ","S","26","     0.0"," ","S","26","     0.0"," ","S","26","     0.0"," ","S","26","     0.0"," ","S","26","     0.3"," ","S","26","     0.0","X","S","26","     0.0","X","S","26","     0.0"," ","S","26","     0.0"," ","S","26","     0.0"," ","S","26","     0.0"," ","S","26","     0.0"," ","S","26","     0.6"," ","S","26","     0.4"," ","S","26","    17.0"," ","S","29","     7.7"," ","S","29","     4.2"," ","S","29","     2.3"," ","S","29","     1.1"," ","S","29","     0.3"," ","S","29","     0.0"," ","S","29","     0.0"," ","S","29","    0.03"," ","S","29","    0.08"," ","S","29","    0.24"," ","S","29","    1.10"," ","S","21","   15.13"," ","S","21","    14.2"," ","S","28","    10.4"," ","S","28","     6.5"," ","S","28","     4.9"," ","S","28","     3.3"," ","S","28","     2.5"," ","S","28","     0.8"," ","S","28","     0.0"," ","S","28","     0.7"," ","S","28","     1.5"," ","S","28","     3.3"," ","S","28","     7.9"," ","P","20","    69.6"," ","P","20","    51.1"," ","S","27","    44.1"," ","S","27","    36.2"," ","S","27","    30.3"," ","S","27","    23.5"," ","S","27","     9.3"," ","S","27","     0.7"," ","S","27","     2.0"," ","S","27","     4.0"," ","S","27","     8.0"," ","S","27"
"USC00421008","11-27"," 37.6411","-112.1703","2404.9","BRYCE CANYON NP HQRS, UT US","11","27","99","    30.2"," ","S","26","    41.0"," ","S","27","    19.4"," ","S","26","    21.6"," ","S","26","     8.0"," ","S","26","     9.2"," ","S","27","     8.6"," ","S","26","     7.4"," ","S","26","    34.8"," ","S","26","    10.0"," ","S","26","    14.8"," ","S","26","    19.8"," ","S","26","    24.8"," ","S","26","    26.8"," ","S","26","    29.8"," ","S","26","     0.0"," ","S","26","     0.3"," ","S","26","     0.0","X","S","26","     0.0","X","S","26","     0.0"," ","S","26","     0.0"," ","S","26","     0.0"," ","S","26","     0.0"," ","S","26","     0.0"," ","S","26","     0.0"," ","S","26","     0.3"," ","S","26","     0.0","X","S","26","     0.0","X","S","26","     0.0"," ","S","26","     0.0"," ","S","26","     0.0"," ","S","26","     0.0"," ","S","26","     0.0"," ","S","26","     0.6"," ","S","26","     0.4"," ","S","26","    17.1"," ","S","29","     7.8"," ","S","29","     4.2"," ","S","29","     2.3"," ","S","29","     1.1"," ","S","29","     0.3"," ","S","29","     0.0"," ","S","29","     0.0"," ","S","29","    0.03"," ","S","29","    0.08"," ","S","29","    0.24"," ","S","29","    1.15"," ","S","21","   15.18"," ","S","21","    14.5"," ","S","28","    10.6"," ","S","28","     6.7"," ","S","28","     5.0"," ","S","28","     3.4"," ","S","28","     2.5"," ","S","28","     0.8"," ","S","28","     0.0"," ","S","28","     0.7"," ","S","28","     1.5"," ","S","28","     3.3"," ","S","28","     8.4"," ","P","20","    70.1"," ","P","20","    52.9"," ","S","27","    45.8"," ","S","27","    37.6"," ","S","27","    31.6"," ","S","27","    24.7"," ","S","27","     9.8"," ","S","27","     0.8"," ","S","27","     2.0"," ","S","27","     4.0"," ","S","27","     8.0"," ","S","27"
"USC00421008","11-28"," 37.6411","-112.1703","2404.9","BRYCE CANYON NP HQRS, UT US","11","28","99","    29.9"," ","S","26","    40.7"," ","S","27","    19.2"," ","S","26","    21.5"," ","S","26","     8.0"," ","S","26","     9.1"," ","S","27","     8.6"," ","S","26","     7.5"," ","S","26","    35.1"," ","S","26","    10.3"," ","S","26","    15.1"," ","S","26","    20.1"," ","S","26","    25.1"," ","S","26","    27.1"," ","S","26","    30.1"," ","S","26","     0.0"," ","S","26","     0.3"," ","S","26","     0.0","X","S","26","     0.0","X","S","26","     0.0"," ","S","26","     0.0"," ","S","26","     0.0"," ","S","26","     0.0"," ","S","26","     0.0"," ","S","26","     0.0"," ","S","26","     0.3"," ","S","26","     0.0","X","S","26","     0.0","X","S","26","     0.0"," ","S","26","     0.0"," ","S","26","     0.0"," ","S","26","     0.0"," ","S","26","     0.0"," ","S","26","     0.5"," ","S","26","     0.3"," ","S","26","    17.3"," ","S","29","     7.9"," ","S","29","     4.3"," ","S","29","     2.4"," ","S","29","     1.1"," ","S","29","     0.3"," ","S","29","     0.0"," ","S","29","     0.0"," ","S","29","    0.03"," ","S","29","    0.08"," ","S","29","    0.24"," ","S","29","    1.19"," ","S","21","   15.22"," ","S","21","    14.8"," ","S","28","    10.8"," ","S","28","     6.8"," ","S","28","     5.1"," ","S","28","     3.5"," ","S","28","     2.6"," ","S","28","     0.8"," ","S","28","     0.0"," ","S","28","     0.7"," ","S","28","     1.5"," ","S","28","     3.3"," ","S","28","     8.8"," ","P","20","    70.5"," ","P","20","    54.7"," ","S","27","    47.5"," ","S","27","    39.1"," ","S","27","    32.9"," ","S","27","    25.8"," ","S","27","    10.4"," ","S","27","     0.8"," ","S","27","     2.0"," ","S","27","     4.0"," ","S","27","     8.0"," ","S","27"
"USC00421008","11-29"," 37.6411","-112.1703","2404.9","BRYCE CANYON NP HQRS, UT US","11","29","99","    29.6"," ","S","26","    40.3"," ","S","27","    18.9"," ","S","26","    21.4"," ","S","26","     8.0"," ","S","26","     9.1"," ","S","27","     8.7"," ","S","26","     7.5"," ","S","26","    35.4"," ","S","26","    10.6"," ","S","26","    15.4"," ","S","26","    20.4"," ","S","26","    25.4"," ","S","26","    27.4"," ","S","26","    30.4"," ","S","26","     0.0"," ","S","26","     0.3"," ","S","26","     0.0","X","S","26","     0.0","X","S","26","     0.0"," ","S","26","     0.0"," ","S","26","     0.0"," ","S","26","     0.0"," ","S","26","     0.0"," ","S","26","     0.0"," ","S","26","     0.3"," ","S","26","     0.0","X","S","26","     0.0","X","S","26","     0.0"," ","S","26","     0.0"," ","S","26","     0.0"," ","S","26","     0.0"," ","S","26","     0.0"," ","S","26","     0.5"," ","S","26","     0.3"," ","S","26","    17.4"," ","S","29","     8.0"," ","S","29","     4.3"," ","S","29","     2.4"," ","S","29","     1.1"," ","S","29","     0.3"," ","S","29","     0.0"," ","S","29","     0.0"," ","S","29","    0.03"," ","S","29","    0.08"," ","S","29","    0.24"," ","S","29","    1.23"," ","S","21","   15.26"," ","S","21","    15.1"," ","S","28","    10.9"," ","S","28","     6.9"," ","S","28","     5.2"," ","S","28","     3.6"," ","S","28","     2.7"," ","S","28","     0.8"," ","S","28","     0.0"," ","S","28","     0.7"," ","S","28","     1.5"," ","S","28","     3.4"," ","S","28","     9.2"," ","P","20","    70.9"," ","P","20","    56.5"," ","S","28","    49.3"," ","S","28","    40.5"," ","S","28","    34.2"," ","S","28","    27.0"," ","S","28","    11.0"," ","S","28","     0.9"," ","S","28","     2.0"," ","S","28","     4.0"," ","S","28","     8.0"," ","S","28"
"USC00421008","11-30"," 37.6411","-112.1703","2404.9","BRYCE CANYON NP HQRS, UT US","11","30","99","    29.3"," ","S","26","    40.0"," ","S","27","    18.7"," ","S","26","    21.2"," ","S","26","     8.1"," ","S","26","     9.1"," ","S","27","     8.8"," ","S","26","     7.5"," ","S","26","    35.7"," ","S","26","    10.9"," ","S","26","    15.7"," ","S","26","    20.7"," ","S","26","    25.7"," ","S","26","    27.7"," ","S","26","    30.7"," ","S","26","     0.0"," ","S","26","     0.3"," ","S","26","     0.0","X","S","26","     0.0","X","S","26","     0.0"," ","S","26","     0.0"," ","S","26","     0.0"," ","S","26","     0.0"," ","S","26","     0.0"," ","S","26","     0.0"," ","S","26","     0.3"," ","S","26","     0.0","X","S","26","     0.0","X","S","26","     0.0"," ","S","26","     0.0"," ","S","26","     0.0"," ","S","26","     0.0"," ","S","26","     0.0"," ","S","26","     0.5"," ","S","26","     0.3"," ","S","26","    17.5"," ","S","29","     8.1"," ","S","29","     4.3"," ","S","29","     2.4"," ","S","29","     1.1"," ","S","29","     0.3"," ","S","29","     0.0"," ","S","29","     0.0"," ","S","29","    0.03"," ","S","29","    0.08"," ","S","29","    0.24"," ","S","29","    1.28"," ","S","21","   15.31"," ","S","21","    15.3"," ","S","28","    11.1"," ","S","28","     7.0"," ","S","28","     5.3"," ","S","28","     3.7"," ","S","28","     2.8"," ","S","28","     0.8"," ","S","28","     0.0"," ","S","28","     0.7"," ","S","28","     1.5"," ","S","28","     3.4"," ","S","28","     9.7"," ","P","20","    71.4"," ","P","20","    58.2"," ","S","28","    51.0"," ","S","28","    41.9"," ","S","28","    35.5"," ","S","28","    28.2"," ","S","28","    11.6"," ","S","28","     0.9"," ","S","28","     2.0"," ","S","28","     4.0"," ","S","28","     8.0"," ","S","28"
"USC00421008","12-01"," 37.6411","-112.1703","2404.9","BRYCE CANYON NP HQRS, UT US","12","01","99","    29.1"," ","S","27","    39.6"," ","S","27","    18.5"," ","S","27","    21.1"," ","S","27","     8.1"," ","S","27","     9.0"," ","S","27","     8.8"," ","S","27","     7.5"," ","S","27","    35.9"," ","S","27","    11.2"," ","S","27","    16.0"," ","S","27","    20.9"," ","S","27","    25.9"," ","S","27","    27.9"," ","S","27","    30.9"," ","S","27","     0.0"," ","S","27","     0.2"," ","S","27","     0.0","X","S","27","     0.0","X","S","27","     0.0"," ","S","27","     0.0"," ","S","27","     0.0"," ","S","27","     0.0"," ","S","27","     0.0"," ","S","27","     0.0"," ","S","27","     0.2"," ","S","27","     0.0","X","S","27","     0.0","X","S","27","     0.0"," ","S","27","     0.0"," ","S","27","     0.0"," ","S","27","     0.0"," ","S","27","     0.0"," ","S","27","     0.4"," ","S","27","     0.3"," ","S","27","    17.7"," ","S","29","     8.1"," ","S","29","     4.3"," ","S","29","     2.3"," ","S","29","     1.0"," ","S","29","     0.3"," ","S","29","     0.0"," ","S","29","     0.0"," ","S","29","    0.03"," ","S","29","    0.08"," ","S","29","    0.24"," ","S","29","    0.04"," ","S","23","   15.35"," ","S","23","    15.5"," ","S","28","    11.2"," ","S","28","     7.1"," ","S","28","     5.4"," ","S","28","     3.7"," ","S","28","     2.8"," ","S","28","     0.8"," ","S","28","     0.0"," ","S","28","     0.6"," ","S","28","     1.5"," ","S","28","     3.4"," ","S","28","     0.4"," ","P","20","    71.8"," ","P","20","    60.0"," ","S","28","    52.7"," ","S","28","    43.3"," ","S","28","    36.8"," ","S","28","    29.3"," ","S","28","    12.3"," ","S","28","     1.0"," ","S","28","     2.0"," ","S","28","     4.0"," ","S","28","     8.0"," ","S","28"
"USC00421008","12-02"," 37.6411","-112.1703","2404.9","BRYCE CANYON NP HQRS, UT US","12","02","99","    28.8"," ","S","27","    39.3"," ","S","27","    18.3"," ","S","27","    21.0"," ","S","27","     8.1"," ","S","27","     9.0"," ","S","27","     8.9"," ","S","27","     7.5"," ","S","27","    36.2"," ","S","27","    11.4"," ","S","27","    16.2"," ","S","27","    21.2"," ","S","27","    26.2"," ","S","27","    28.2"," ","S","27","    31.2"," ","S","27","     0.0"," ","S","27","     0.2"," ","S","27","     0.0","X","S","27","     0.0","X","S","27","     0.0"," ","S","27","     0.0"," ","S","27","     0.0"," ","S","27","     0.0"," ","S","27","     0.0"," ","S","27","     0.0"," ","S","27","     0.2"," ","S","27","     0.0","X","S","27","     0.0","X","S","27","     0.0"," ","S","27","     0.0"," ","S","27","     0.0"," ","S","27","     0.0"," ","S","27","     0.0"," ","S","27","     0.4"," ","S","27","     0.2"," ","S","27","    17.8"," ","S","29","     8.2"," ","S","29","     4.3"," ","S","29","     2.3"," ","S","29","     1.0"," ","S","29","     0.3"," ","S","29","     0.0"," ","S","29","     0.0"," ","S","29","    0.03"," ","S","29","    0.08"," ","S","29","    0.23"," ","S","29","    0.08"," ","S","23","   15.39"," ","S","23","    15.7"," ","S","28","    11.4"," ","S","28","     7.2"," ","S","28","     5.5"," ","S","28","     3.8"," ","S","28","     2.9"," ","S","28","     0.8"," ","S","28","     0.0"," ","S","28","     0.6"," ","S","28","     1.5"," ","S","28","     3.5"," ","S","28","     0.8"," ","P","20","    72.2"," ","P","20","    61.7"," ","S","28","    54.4"," ","S","28","    44.7"," ","S","28","    38.2"," ","S","28","    30.6"," ","S","28","    13.0"," ","S","28","     1.0"," ","S","28","     2.0"," ","S","28","     4.0"," ","S","28","     8.0"," ","S","28"
"USC00421008","12-03"," 37.6411","-112.1703","2404.9","BRYCE CANYON NP HQRS, UT US","12","03","99","    28.5"," ","S","27","    39.0"," ","S","27","    18.1"," ","S","27","    20.9"," ","S","27","     8.1"," ","S","27","     9.0"," ","S","27","     8.9"," ","S","27","     7.5"," ","S","27","    36.5"," ","S","27","    11.7"," ","S","27","    16.5"," ","S","27","    21.5"," ","S","27","    26.5"," ","S","27","    28.5"," ","S","27","    31.5"," ","S","27","     0.0"," ","S","27","     0.2"," ","S","27","     0.0","X","S","27","     0.0","X","S","27","     0.0"," ","S","27","     0.0"," ","S","27","     0.0"," ","S","27","     0.0"," ","S","27","     0.0"," ","S","27","     0.0"," ","S","27","     0.2"," ","S","27","     0.0","X","S","27","     0.0","X","S","27","     0.0"," ","S","27","     0.0"," ","S","27","     0.0"," ","S","27","     0.0"," ","S","27","     0.0"," ","S","27","     0.3"," ","S","27","     0.2"," ","S","27","    18.0"," ","S","29","     8.3"," ","S","29","     4.3"," ","S","29","     2.3"," ","S","29","     1.0"," ","S","29","     0.3"," ","S","29","     0.0"," ","S","29","     0.0"," ","S","29","    0.03"," ","S","29","    0.08"," ","S","29","    0.23"," ","S","29","    0.12"," ","S","23","   15.43"," ","S","23","    16.0"," ","S","28","    11.6"," ","S","28","     7.3"," ","S","28","     5.6"," ","S","28","     3.9"," ","S","28","     2.9"," ","S","28","     0.8"," ","S","28","     0.0"," ","S","28","     0.6"," ","S","28","     1.5"," ","S","28","     3.5"," ","S","28","     1.2"," ","P","20","    72.6"," ","P","20","    63.4"," ","S","28","    56.1"," ","S","28","    46.2"," ","S","28","    39.5"," ","S","28","    31.8"," ","S","28","    13.7"," ","S","28","     1.0"," ","S","28","     2.0"," ","S","28","     4.0"," ","S","28","     9.0"," ","S","28"
"USC00421008","12-04"," 37.6411","-112.1703","2404.9","BRYCE CANYON NP HQRS, UT US","12","04","99","    28.3"," ","S","27","    38.7"," ","S","27","    17.9"," ","S","27","    20.8"," ","S","27","     8.1"," ","S","27","     8.9"," ","S","27","     9.0"," ","S","27","     7.5"," ","S","27","    36.7"," ","S","27","    11.9"," ","S","27","    16.7"," ","S","27","    21.7"," ","S","27","    26.7"," ","S","27","    28.7"," ","S","27","    31.7"," ","S","27","     0.0"," ","S","27","     0.2"," ","S","27","     0.0","X","S","27","     0.0"," ","S","27","     0.0"," ","S","27","     0.0"," ","S","27","     0.0"," ","S","27","     0.0"," ","S","27","     0.0"," ","S","27","     0.0"," ","S","27","     0.2"," ","S","27","     0.0","X","S","27","     0.0"," ","S","27","     0.0"," ","S","27","     0.0"," ","S","27","     0.0"," ","S","27","     0.0"," ","S","27","     0.0"," ","S","27","     0.3"," ","S","27","     0.2"," ","S","27","    18.2"," ","S","29","     8.4"," ","S","29","     4.3"," ","S","29","     2.3"," ","S","29","     1.0"," ","S","29","     0.3"," ","S","29","     0.0"," ","S","29","     0.0"," ","S","29","    0.03"," ","S","29","    0.08"," ","S","29","    0.23"," ","S","29","    0.16"," ","S","23","   15.47"," ","S","23","    16.2"," ","S","29","    11.7"," ","S","29","     7.5"," ","S","29","     5.7"," ","S","29","     4.0"," ","S","29","     3.0"," ","S","29","     0.8"," ","S","29","     0.0"," ","S","29","     0.6"," ","S","29","     1.5"," ","S","29","     3.5"," ","S","29","     1.7"," ","P","20","    73.1"," ","P","20","    65.0"," ","S","28","    57.7"," ","S","28","    47.6"," ","S","28","    40.8"," ","S","28","    33.1"," ","S","28","    14.4"," ","S","28","     1.1"," ","S","28","     2.0"," ","S","28","     5.0"," ","S","28","     9.0"," ","S","28"
"USC00421008","12-05"," 37.6411","-112.1703","2404.9","BRYCE CANYON NP HQRS, UT US","12","05","99","    28.1"," ","S","27","    38.4"," ","S","27","    17.7"," ","S","27","    20.6"," ","S","27","     8.1"," ","S","27","     8.9"," ","S","27","     9.0"," ","S","27","     7.5"," ","S","27","    36.9"," ","S","27","    12.1"," ","S","27","    16.9"," ","S","27","    21.9"," ","S","27","    26.9"," ","S","27","    28.9"," ","S","27","    31.9"," ","S","27","     0.0"," ","S","27","     0.1"," ","S","27","     0.0","X","S","27","     0.0"," ","S","27","     0.0"," ","S","27","     0.0"," ","S","27","     0.0"," ","S","27","     0.0"," ","S","27","     0.0"," ","S","27","     0.0"," ","S","27","     0.1"," ","S","27","     0.0","X","S","27","     0.0"," ","S","27","     0.0"," ","S","27","     0.0"," ","S","27","     0.0"," ","S","27","     0.0"," ","S","27","     0.0"," ","S","27","     0.3"," ","S","27","     0.2"," ","S","27","    18.3"," ","S","29","     8.4"," ","S","29","     4.3"," ","S","29","     2.3"," ","S","29","     1.0"," ","S","29","     0.3"," ","S","29","     0.0"," ","S","29","     0.0"," ","S","29","    0.03"," ","S","29","    0.08"," ","S","29","    0.23"," ","S","29","    0.20"," ","S","23","   15.51"," ","S","23","    16.5"," ","S","29","    11.9"," ","S","29","     7.6"," ","S","29","     5.8"," ","S","29","     4.1"," ","S","29","     3.1"," ","S","29","     0.8"," ","S","29","     0.0"," ","S","29","     0.6"," ","S","29","     1.5"," ","S","29","     3.6"," ","S","29","     2.1"," ","P","20","    73.5"," ","P","20","    66.6"," ","S","28","    59.3"," ","S","28","    49.0"," ","S","28","    42.2"," ","S","28","    34.4"," ","S","28","    15.2"," ","S","28","     1.1"," ","S","28","     2.0"," ","S","28","     5.0"," ","S","28","     9.0"," ","S","28"
"USC00421008","12-06"," 37.6411","-112.1703","2404.9","BRYCE CANYON NP HQRS, UT US","12","06","99","    27.8"," ","S","27","    38.1"," ","S","27","    17.6"," ","S","27","    20.5"," ","S","27","     8.1"," ","S","27","     8.8"," ","S","27","     9.1"," ","S","27","     7.6"," ","S","27","    37.1"," ","S","27","    12.3"," ","S","27","    17.1"," ","S","27","    22.1"," ","S","27","    27.1"," ","S","27","    29.1"," ","S","27","    32.1"," ","S","27","     0.0"," ","S","27","     0.1"," ","S","27","     0.0","X","S","27","     0.0"," ","S","27","     0.0"," ","S","27","     0.0"," ","S","27","     0.0"," ","S","27","     0.0"," ","S","27","     0.0"," ","S","27","     0.0"," ","S","27","     0.1"," ","S","27","     0.0","X","S","27","     0.0"," ","S","27","     0.0"," ","S","27","     0.0"," ","S","27","     0.0"," ","S","27","     0.0"," ","S","27","     0.0"," ","S","27","     0.2"," ","S","27","     0.1"," ","S","27","    18.5"," ","S","29","     8.5"," ","S","29","     4.3"," ","S","29","     2.3"," ","S","29","     0.9"," ","S","29","     0.3"," ","S","29","     0.0"," ","S","29","     0.0"," ","S","29","    0.03"," ","S","29","    0.08"," ","S","29","    0.23"," ","S","29","    0.24"," ","S","23","   15.55"," ","S","23","    16.7"," ","S","29","    12.1"," ","S","29","     7.7"," ","S","29","     5.9"," ","S","29","     4.1"," ","S","29","     3.1"," ","S","29","     0.8"," ","S","29","     0.0"," ","S","29","     0.6"," ","S","29","     1.5"," ","S","29","     3.6"," ","S","29","     2.5"," ","P","20","    73.9"," ","P","20","    68.2"," ","S","27","    60.8"," ","S","27","    50.5"," ","S","27","    43.5"," ","S","27","    35.7"," ","S","27","    16.1"," ","S","27","     1.2"," ","S","27","     2.0"," ","S","27","     5.0"," ","S","27","     9.0"," ","S","27"
"USC00421008","12-07"," 37.6411","-112.1703","2404.9","BRYCE CANYON NP HQRS, UT US","12","07","99","    27.6"," ","S","27","    37.9"," ","S","27","    17.4"," ","S","27","    20.4"," ","S","27","     8.1"," ","S","27","     8.8"," ","S","27","     9.1"," ","S","27","     7.6"," ","S","27","    37.4"," ","S","27","    12.4"," ","S","27","    17.4"," ","S","27","    22.4"," ","S","27","    27.4"," ","S","27","    29.3"," ","S","27","    32.3"," ","S","27","     0.0"," ","S","27","     0.1"," ","S","27","     0.0","X","S","27","     0.0"," ","S","27","     0.0"," ","S","27","     0.0"," ","S","27","     0.0"," ","S","27","     0.0"," ","S","27","     0.0"," ","S","27","     0.0"," ","S","27","     0.1"," ","S","27","     0.0","X","S","27","     0.0"," ","S","27","     0.0"," ","S","27","     0.0"," ","S","27","     0.0"," ","S","27","     0.0"," ","S","27","     0.0"," ","S","27","     0.2"," ","S","27","     0.1"," ","S","27","    18.7"," ","S","29","     8.6"," ","S","29","     4.3"," ","S","29","     2.3"," ","S","29","     0.9"," ","S","29","     0.3"," ","S","29","     0.0"," ","S","29","     0.0"," ","S","29","    0.03"," ","S","29","    0.08"," ","S","29","    0.23"," ","S","29","    0.28"," ","S","23","   15.59"," ","S","23","    16.9"," ","S","29","    12.2"," ","S","29","     7.8"," ","S","29","     6.0"," ","S","29","     4.2"," ","S","29","     3.2"," ","S","29","     0.8"," ","S","29","     0.0"," ","S","29","     0.6"," ","S","29","     1.5"," ","S","29","     3.6"," ","S","29","     2.9"," ","P","20","    74.3"," ","P","20","    69.6"," ","S","27","    62.3"," ","S","27","    51.9"," ","S","27","    44.8"," ","S","27","    37.0"," ","S","27","    16.9"," ","S","27","     1.3"," ","S","27","     2.0"," ","S","27","     5.0"," ","S","27","     9.0"," ","S","27"
"USC00421008","12-08"," 37.6411","-112.1703","2404.9","BRYCE CANYON NP HQRS, UT US","12","08","99","    27.5"," ","S","27","    37.6"," ","S","27","    17.3"," ","S","27","    20.3"," ","S","27","     8.1"," ","S","27","     8.7"," ","S","27","     9.1"," ","S","27","     7.6"," ","S","27","    37.5"," ","S","27","    12.6"," ","S","27","    17.5"," ","S","27","    22.5"," ","S","27","    27.5"," ","S","27","    29.5"," ","S","27","    32.5"," ","S","27","     0.0"," ","S","27","     0.1"," ","S","27","     0.0","X","S","27","     0.0"," ","S","27","     0.0"," ","S","27","     0.0"," ","S","27","     0.0"," ","S","27","     0.0"," ","S","27","     0.0"," ","S","27","     0.0"," ","S","27","     0.1"," ","S","27","     0.0","X","S","27","     0.0"," ","S","27","     0.0"," ","S","27","     0.0"," ","S","27","     0.0"," ","S","27","     0.0"," ","S","27","     0.0"," ","S","27","     0.2"," ","S","27","     0.1"," ","S","27","    18.9"," ","S","29","     8.7"," ","S","29","     4.4"," ","S","29","     2.4"," ","S","29","     0.9"," ","S","29","     0.3"," ","S","29","     0.0"," ","S","29","     0.0"," ","S","29","    0.03"," ","S","29","    0.08"," ","S","29","    0.23"," ","S","29","    0.32"," ","S","23","   15.63"," ","S","23","    17.1"," ","S","29","    12.4"," ","S","29","     8.0"," ","S","29","     6.1"," ","S","29","     4.3"," ","S","29","     3.2"," ","S","29","     0.8"," ","S","29","     0.0"," ","S","29","     0.6"," ","S","29","     1.5"," ","S","29","     3.7"," ","S","29","     3.3"," ","P","20","    74.7"," ","P","20","    71.1"," ","S","27","    63.8"," ","S","27","    53.3"," ","S","27","    46.2"," ","S","27","    38.3"," ","S","27","    17.8"," ","S","27","     1.3"," ","S","27","     2.0"," ","S","27","     5.0"," ","S","27","     9.0"," ","S","27"
"USC00421008","12-09"," 37.6411","-112.1703","2404.9","BRYCE CANYON NP HQRS, UT US","12","09","99","    27.3"," ","S","27","    37.4"," ","S","27","    17.2"," ","S","27","    20.2"," ","S","27","     8.0"," ","S","27","     8.7"," ","S","27","     9.1"," ","S","27","     7.6"," ","S","27","    37.7"," ","S","27","    12.8"," ","S","27","    17.7"," ","S","27","    22.7"," ","S","27","    27.7"," ","S","27","    29.7"," ","S","27","    32.7"," ","S","27","     0.0"," ","S","27","     0.1"," ","S","27","     0.0","X","S","27","     0.0"," ","S","27","     0.0"," ","S","27","     0.0"," ","S","27","     0.0"," ","S","27","     0.0"," ","S","27","     0.0"," ","S","27","     0.0"," ","S","27","     0.1"," ","S","27","     0.0","X","S","27","     0.0"," ","S","27","     0.0"," ","S","27","     0.0"," ","S","27","     0.0"," ","S","27","     0.0"," ","S","27","     0.0"," ","S","27","     0.2"," ","S","27","     0.1"," ","S","27","    19.0"," ","S","29","     8.9"," ","S","29","     4.4"," ","S","29","     2.4"," ","S","29","     0.9"," ","S","29","     0.3"," ","S","29","     0.0"," ","S","29","     0.0"," ","S","29","    0.03"," ","S","29","    0.08"," ","S","29","    0.23"," ","S","29","    0.35"," ","S","23","   15.66"," ","S","23","    17.3"," ","S","29","    12.5"," ","S","29","     8.1"," ","S","29","     6.2"," ","S","29","     4.4"," ","S","29","     3.3"," ","S","29","     0.7"," ","S","29","     0.0"," ","S","29","     0.6"," ","S","29","     1.5"," ","S","29","     3.7"," ","S","29","     3.7"," ","P","20","    75.1"," ","P","20","    72.5"," ","S","27","    65.3"," ","S","27","    54.7"," ","S","27","    47.5"," ","S","27","    39.6"," ","S","27","    18.7"," ","S","27","     1.4"," ","S","27","     2.0"," ","S","27","     5.0"," ","S","27","    10.0"," ","S","27"
"USC00421008","12-10"," 37.6411","-112.1703","2404.9","BRYCE CANYON NP HQRS, UT US","12","10","99","    27.1"," ","S","27","    37.2"," ","S","27","    17.1"," ","S","27","    20.1"," ","S","27","     8.0"," ","S","27","     8.6"," ","S","27","     9.1"," ","S","27","     7.6"," ","S","27","    37.9"," ","S","27","    12.9"," ","S","27","    17.9"," ","S","27","    22.9"," ","S","27","    27.9"," ","S","27","    29.9"," ","S","27","    32.9"," ","S","27","     0.0"," ","S","27","     0.1"," ","S","27","     0.0","X","S","27","     0.0"," ","S","27","     0.0"," ","S","27","     0.0"," ","S","27","     0.0"," ","S","27","     0.0"," ","S","27","     0.0"," ","S","27","     0.0"," ","S","27","     0.1"," ","S","27","     0.0","X","S","27","     0.0"," ","S","27","     0.0"," ","S","27","     0.0"," ","S","27","     0.0"," ","S","27","     0.0"," ","S","27","     0.0"," ","S","27","     0.1"," ","S","27","     0.1"," ","S","27","    19.1"," ","S","29","     9.0"," ","S","29","     4.5"," ","S","29","     2.4"," ","S","29","     0.9"," ","S","29","     0.2"," ","S","29","     0.0"," ","S","29","     0.0"," ","S","29","    0.03"," ","S","29","    0.08"," ","S","29","    0.23"," ","S","29","    0.39"," ","S","23","   15.70"," ","S","23","    17.5"," ","S","29","    12.7"," ","S","29","     8.3"," ","S","29","     6.4"," ","S","29","     4.5"," ","S","29","     3.3"," ","S","29","     0.7"," ","S","29","     0.0"," ","S","29","     0.7"," ","S","29","     1.5"," ","S","29","     3.7"," ","S","29","     4.1"," ","P","20","    75.5"," ","P","20","    73.8"," ","S","27","    66.7"," ","S","27","    56.1"," ","S","27","    48.8"," ","S","27","    40.9"," ","S","27","    19.7"," ","S","27","     1.5"," ","S","27","     3.0"," ","S","27","     5.0"," ","S","27","    10.0"," ","S","27"
"USC00421008","12-11"," 37.6411","-112.1703","2404.9","BRYCE CANYON NP HQRS, UT US","12","11","99","    27.0"," ","S","27","    37.0"," ","S","27","    17.0"," ","S","27","    20.0"," ","S","27","     8.0"," ","S","27","     8.6"," ","S","27","     9.1"," ","S","27","     7.6"," ","S","27","    38.0"," ","S","27","    13.1"," ","S","27","    18.0"," ","S","27","    23.0"," ","S","27","    28.0"," ","S","27","    30.0"," ","S","27","    33.0"," ","S","27","     0.0"," ","S","27","     0.0","X","S","27","     0.0","X","S","27","     0.0"," ","S","27","     0.0"," ","S","27","     0.0"," ","S","27","     0.0"," ","S","27","     0.0"," ","S","27","     0.0"," ","S","27","     0.0"," ","S","27","     0.0","X","S","27","     0.0","X","S","27","     0.0"," ","S","27","     0.0"," ","S","27","     0.0"," ","S","27","     0.0"," ","S","27","     0.0"," ","S","27","     0.0"," ","S","27","     0.1"," ","S","27","     0.0","X","S","27","    19.2"," ","S","29","     9.2"," ","S","29","     4.5"," ","S","29","     2.4"," ","S","29","     0.9"," ","S","29","     0.2"," ","S","29","     0.0"," ","S","29","     0.0"," ","S","29","    0.03"," ","S","29","    0.09"," ","S","29","    0.23"," ","S","29","    0.43"," ","S","23","   15.74"," ","S","23","    17.7"," ","S","29","    12.8"," ","S","29","     8.4"," ","S","29","     6.5"," ","S","29","     4.6"," ","S","29","     3.4"," ","S","29","     0.7"," ","S","29","     0.0"," ","S","29","     0.7"," ","S","29","     1.6"," ","S","29","     3.8"," ","S","29","     4.6"," ","P","20","    76.0"," ","P","20","    75.1"," ","S","28","    68.1"," ","S","28","    57.5"," ","S","28","    50.2"," ","S","28","    42.2"," ","S","28","    20.7"," ","S","28","     1.7"," ","S","28","     3.0"," ","S","28","     5.0"," ","S","28","    10.0"," ","S","28"
"USC00421008","12-12"," 37.6411","-112.1703","2404.9","BRYCE CANYON NP HQRS, UT US","12","12","99","    26.8"," ","S","27","    36.8"," ","S","27","    16.9"," ","S","27","    19.9"," ","S","27","     8.0"," ","S","27","     8.5"," ","S","27","     9.1"," ","S","27","     7.6"," ","S","27","    38.2"," ","S","27","    13.2"," ","S","27","    18.2"," ","S","27","    23.2"," ","S","27","    28.2"," ","S","27","    30.2"," ","S","27","    33.2"," ","S","27","     0.0"," ","S","27","     0.0","X","S","27","     0.0"," ","S","27","     0.0"," ","S","27","     0.0"," ","S","27","     0.0"," ","S","27","     0.0"," ","S","27","     0.0"," ","S","27","     0.0"," ","S","27","     0.0"," ","S","27","     0.0","X","S","27","     0.0"," ","S","27","     0.0"," ","S","27","     0.0"," ","S","27","     0.0"," ","S","27","     0.0"," ","S","27","     0.0"," ","S","27","     0.0"," ","S","27","     0.1"," ","S","27","     0.0","X","S","27","    19.4"," ","S","29","     9.4"," ","S","29","     4.6"," ","S","29","     2.4"," ","S","29","     0.9"," ","S","29","     0.2"," ","S","29","     0.0"," ","S","29","     0.0"," ","S","29","    0.03"," ","S","29","    0.09"," ","S","29","    0.23"," ","S","29","    0.47"," ","S","23","   15.78"," ","S","23","    17.9"," ","S","29","    13.0"," ","S","29","     8.6"," ","S","29","     6.6"," ","S","29","     4.7"," ","S","29","     3.4"," ","S","29","     0.7"," ","S","29","     0.0"," ","S","29","     0.7"," ","S","29","     1.6"," ","S","29","     3.8"," ","S","29","     5.0"," ","P","20","    76.4"," ","P","20","    76.3"," ","S","28","    69.4"," ","S","28","    58.9"," ","S","28","    51.5"," ","S","28","    43.5"," ","S","28","    21.7"," ","S","28","     1.8"," ","S","28","     3.0"," ","S","28","     5.0"," ","S","28","    10.0"," ","S","28"
"USC00421008","12-13"," 37.6411","-112.1703","2404.9","BRYCE CANYON NP HQRS, UT US","12","13","99","    26.7"," ","S","27","    36.6"," ","S","27","    16.8"," ","S","27","    19.8"," ","S","27","     7.9"," ","S","27","     8.5"," ","S","27","     9.1"," ","S","27","     7.6"," ","S","27","    38.3"," ","S","27","    13.3"," ","S","27","    18.3"," ","S","27","    23.3"," ","S","27","    28.3"," ","S","27","    30.3"," ","S","27","    33.3"," ","S","27","     0.0"," ","S","27","     0.0","X","S","27","     0.0"," ","S","27","     0.0"," ","S","27","     0.0"," ","S","27","     0.0"," ","S","27","     0.0"," ","S","27","     0.0"," ","S","27","     0.0"," ","S","27","     0.0"," ","S","27","     0.0","X","S","27","     0.0"," ","S","27","     0.0"," ","S","27","     0.0"," ","S","27","     0.0"," ","S","27","     0.0"," ","S","27","     0.0"," ","S","27","     0.0"," ","S","27","     0.1"," ","S","27","     0.0","X","S","27","    19.5"," ","S","29","     9.6"," ","S","29","     4.7"," ","S","29","     2.4"," ","S","29","     0.9"," ","S","29","     0.2"," ","S","29","     0.0"," ","S","29","     0.0"," ","S","29","    0.03"," ","S","29","    0.09"," ","S","29","    0.24"," ","S","29","    0.51"," ","S","23","   15.82"," ","S","23","    18.1"," ","S","29","    13.2"," ","S","29","     8.7"," ","S","29","     6.7"," ","S","29","     4.7"," ","S","29","     3.5"," ","S","29","     0.7"," ","S","29","     0.0"," ","S","29","     0.7"," ","S","29","     1.6"," ","S","29","     3.8"," ","S","29","     5.5"," ","P","20","    76.9"," ","P","20","    77.6"," ","S","28","    70.7"," ","S","28","    60.2"," ","S","28","    52.8"," ","S","28","    44.9"," ","S","28","    22.7"," ","S","28","     2.0"," ","S","28","     3.0"," ","S","28","     6.0"," ","S","28","    10.0"," ","S","28"
"USC00421008","12-14"," 37.6411","-112.1703","2404.9","BRYCE CANYON NP HQRS, UT US","12","14","99","    26.6"," ","S","27","    36.5"," ","S","27","    16.7"," ","S","27","    19.7"," ","S","27","     7.9"," ","S","27","     8.4"," ","S","27","     9.1"," ","S","27","     7.7"," ","S","27","    38.4"," ","S","27","    13.4"," ","S","27","    18.4"," ","S","27","    23.4"," ","S","27","    28.4"," ","S","27","    30.4"," ","S","27","    33.4"," ","S","27","     0.0"," ","S","27","     0.0","X","S","27","     0.0"," ","S","27","     0.0"," ","S","27","     0.0"," ","S","27","     0.0"," ","S","27","     0.0"," ","S","27","     0.0"," ","S","27","     0.0"," ","S","27","     0.0"," ","S","27","     0.0","X","S","27","     0.0"," ","S","27","     0.0"," ","S","27","     0.0"," ","S","27","     0.0"," ","S","27","     0.0"," ","S","27","     0.0"," ","S","27","     0.0"," ","S","27","     0.1"," ","S","27","     0.0","X","S","27","    19.7"," ","S","29","     9.7"," ","S","29","     4.7"," ","S","29","     2.4"," ","S","29","     0.9"," ","S","29","     0.2"," ","S","29","     0.0"," ","S","29","     0.0"," ","S","29","    0.03"," ","S","29","    0.09"," ","S","29","    0.24"," ","S","29","    0.55"," ","S","23","   15.86"," ","S","23","    18.3"," ","S","29","    13.3"," ","S","29","     8.8"," ","S","29","     6.8"," ","S","29","     4.8"," ","S","29","     3.5"," ","S","29","     0.7"," ","S","29","     0.0"," ","S","29","     0.7"," ","S","29","     1.6"," ","S","29","     3.8"," ","S","29","     6.0"," ","P","20","    77.4"," ","P","20","    78.7"," ","S","28","    72.0"," ","S","28","    61.6"," ","S","28","    54.1"," ","S","28","    46.2"," ","S","28","    23.7"," ","S","28","     2.2"," ","S","28","     3.0"," ","S","28","     6.0"," ","S","28","    10.0"," ","S","28"
"USC00421008","12-15"," 37.6411","-112.1703","2404.9","BRYCE CANYON NP HQRS, UT US","12","15","99","    26.5"," ","S","27","    36.3"," ","S","27","    16.7"," ","S","27","    19.7"," ","S","27","     7.9"," ","S","27","     8.4"," ","S","27","     9.0"," ","S","27","     7.7"," ","S","27","    38.5"," ","S","27","    13.5"," ","S","27","    18.5"," ","S","27","    23.5"," ","S","27","    28.5"," ","S","27","    30.5"," ","S","27","    33.5"," ","S","27","     0.0"," ","S","27","     0.0","X","S","27","     0.0"," ","S","27","     0.0"," ","S","27","     0.0"," ","S","27","     0.0"," ","S","27","     0.0"," ","S","27","     0.0"," ","S","27","     0.0"," ","S","27","     0.0"," ","S","27","     0.0","X","S","27","     0.0"," ","S","27","     0.0"," ","S","27","     0.0"," ","S","27","     0.0"," ","S","27","     0.0"," ","S","27","     0.0"," ","S","27","     0.0"," ","S","27","     0.1"," ","S","27","     0.0","X","S","27","    19.9"," ","S","29","     9.9"," ","S","29","     4.8"," ","S","29","     2.4"," ","S","29","     0.9"," ","S","29","     0.2"," ","S","29","     0.0"," ","S","29","     0.0"," ","S","29","    0.03"," ","S","29","    0.09"," ","S","29","    0.24"," ","S","29","    0.58"," ","S","23","   15.89"," ","S","23","    18.5"," ","S","29","    13.5"," ","S","29","     8.9"," ","S","29","     6.8"," ","S","29","     4.8"," ","S","29","     3.5"," ","S","29","     0.6"," ","S","29","     0.0"," ","S","29","     0.7"," ","S","29","     1.6"," ","S","29","     3.8"," ","S","29","     6.5"," ","P","20","    77.9"," ","P","20","    79.9"," ","S","28","    73.2"," ","S","28","    62.9"," ","S","28","    55.4"," ","S","28","    47.5"," ","S","28","    24.7"," ","S","28","     2.4"," ","S","28","     3.0"," ","S","28","     6.0"," ","S","28","    10.0"," ","S","28"
"USC00421008","12-16"," 37.6411","-112.1703","2404.9","BRYCE CANYON NP HQRS, UT US","12","16","99","    26.4"," ","S","27","    36.2"," ","S","27","    16.6"," ","S","27","    19.6"," ","S","27","     7.8"," ","S","27","     8.4"," ","S","27","     9.0"," ","S","27","     7.7"," ","S","27","    38.6"," ","S","27","    13.6"," ","S","27","    18.6"," ","S","27","    23.6"," ","S","27","    28.6"," ","S","27","    30.6"," ","S","27","    33.6"," ","S","27","     0.0"," ","S","27","     0.0","X","S","27","     0.0"," ","S","27","     0.0"," ","S","27","     0.0"," ","S","27","     0.0"," ","S","27","     0.0"," ","S","27","     0.0"," ","S","27","     0.0"," ","S","27","     0.0"," ","S","27","     0.0","X","S","27","     0.0"," ","S","27","     0.0"," ","S","27","     0.0"," ","S","27","     0.0"," ","S","27","     0.0"," ","S","27","     0.0"," ","S","27","     0.0"," ","S","27","     0.1"," ","S","27","     0.0","X","S","27","    20.0"," ","S","29","    10.0"," ","S","29","     4.8"," ","S","29","     2.4"," ","S","29","     0.9"," ","S","29","     0.2"," ","S","29","     0.0"," ","S","29","     0.0"," ","S","29","    0.03"," ","S","29","    0.10"," ","S","29","    0.24"," ","S","29","    0.62"," ","S","23","   15.93"," ","S","23","    18.7"," ","S","29","    13.6"," ","S","29","     9.0"," ","S","29","     6.9"," ","S","29","     4.9"," ","S","29","     3.5"," ","S","29","     0.6"," ","S","29","     0.0"," ","S","29","     0.7"," ","S","29","     1.6"," ","S","29","     3.8"," ","S","29","     7.0"," ","P","20","    78.4"," ","P","20","    80.9"," ","S","28","    74.4"," ","S","28","    64.2"," ","S","28","    56.7"," ","S","28","    48.8"," ","S","28","    25.8"," ","S","28","     2.6"," ","S","28","     3.0"," ","S","28","     6.0"," ","S","28","    11.0"," ","S","28"
"USC00421008","12-17"," 37.6411","-112.1703","2404.9","BRYCE CANYON NP HQRS, UT US","12","17","99","    26.4"," ","S","27","    36.1"," ","S","27","    16.6"," ","S","27","    19.5"," ","S","27","     7.8"," ","S","27","     8.4"," ","S","27","     9.0"," ","S","27","     7.7"," ","S","27","    38.6"," ","S","27","    13.7"," ","S","27","    18.6"," ","S","27","    23.6"," ","S","27","    28.6"," ","S","27","    30.6"," ","S","27","    33.6"," ","S","27","     0.0"," ","S","27","     0.0","X","S","27","     0.0"," ","S","27","     0.0"," ","S","27","     0.0"," ","S","27","     0.0"," ","S","27","     0.0"," ","S","27","     0.0"," ","S","27","     0.0"," ","S","27","     0.0"," ","S","27","     0.0","X","S","27","     0.0"," ","S","27","     0.0"," ","S","27","     0.0"," ","S","27","     0.0"," ","S","27","     0.0"," ","S","27","     0.0"," ","S","27","     0.0"," ","S","27","     0.1"," ","S","27","     0.0","X","S","27","    20.1"," ","S","29","    10.2"," ","S","29","     4.9"," ","S","29","     2.5"," ","S","29","     0.9"," ","S","29","     0.2"," ","S","29","     0.0"," ","S","29","     0.0"," ","S","29","    0.03"," ","S","29","    0.10"," ","S","29","    0.24"," ","S","29","    0.67"," ","S","23","   15.98"," ","S","23","    18.9"," ","S","29","    13.7"," ","S","29","     9.1"," ","S","29","     7.0"," ","S","29","     4.9"," ","S","29","     3.6"," ","S","29","     0.6"," ","S","29","     0.0"," ","S","29","     0.7"," ","S","29","     1.7"," ","S","29","     3.8"," ","S","29","     7.5"," ","P","20","    78.9"," ","P","20","    82.0"," ","S","28","    75.5"," ","S","28","    65.5"," ","S","28","    57.9"," ","S","28","    50.1"," ","S","28","    26.9"," ","S","28","     2.9"," ","S","28","     3.0"," ","S","28","     6.0"," ","S","28","    11.0"," ","S","28"
"USC00421008","12-18"," 37.6411","-112.1703","2404.9","BRYCE CANYON NP HQRS, UT US","12","18","99","    26.3"," ","S","27","    36.0"," ","S","27","    16.6"," ","S","27","    19.5"," ","S","27","     7.8"," ","S","27","     8.3"," ","S","27","     9.0"," ","S","27","     7.7"," ","S","27","    38.7"," ","S","27","    13.7"," ","S","27","    18.7"," ","S","27","    23.7"," ","S","27","    28.7"," ","S","27","    30.7"," ","S","27","    33.7"," ","S","27","     0.0"," ","S","27","     0.0","X","S","27","     0.0"," ","S","27","     0.0"," ","S","27","     0.0"," ","S","27","     0.0"," ","S","27","     0.0"," ","S","27","     0.0"," ","S","27","     0.0"," ","S","27","     0.0"," ","S","27","     0.0","X","S","27","     0.0"," ","S","27","     0.0"," ","S","27","     0.0"," ","S","27","     0.0"," ","S","27","     0.0"," ","S","27","     0.0"," ","S","27","     0.0"," ","S","27","     0.1"," ","S","27","     0.0","X","S","27","    20.2"," ","S","29","    10.3"," ","S","29","     5.0"," ","S","29","     2.5"," ","S","29","     0.9"," ","S","29","     0.2"," ","S","29","     0.0"," ","S","29","     0.0"," ","S","29","    0.04"," ","S","29","    0.10"," ","S","29","    0.24"," ","S","29","    0.71"," ","S","23","   16.02"," ","S","23","    19.0"," ","S","29","    13.8"," ","S","29","     9.2"," ","S","29","     7.0"," ","S","29","     5.0"," ","S","29","     3.6"," ","S","29","     0.6"," ","S","29","     0.0"," ","S","29","     0.7"," ","S","29","     1.7"," ","S","29","     3.9"," ","S","29","     8.1"," ","P","20","    79.5"," ","P","20","    82.9"," ","S","28","    76.6"," ","S","28","    66.8"," ","S","28","    59.1"," ","S","28","    51.3"," ","S","28","    28.1"," ","S","28","     3.2"," ","S","28","     3.0"," ","S","28","     6.0"," ","S","28","    11.0"," ","S","28"
"USC00421008","12-19"," 37.6411","-112.1703","2404.9","BRYCE CANYON NP HQRS, UT US","12","19","99","    26.3"," ","S","27","    36.0"," ","S","27","    16.6"," ","S","27","    19.4"," ","S","27","     7.7"," ","S","27","     8.3"," ","S","27","     8.9"," ","S","27","     7.7"," ","S","27","    38.7"," ","S","27","    13.8"," ","S","27","    18.7"," ","S","27","    23.7"," ","S","27","    28.7"," ","S","27","    30.7"," ","S","27","    33.7"," ","S","27","     0.0"," ","S","27","     0.0","X","S","27","     0.0"," ","S","27","     0.0"," ","S","27","     0.0"," ","S","27","     0.0"," ","S","27","     0.0"," ","S","27","     0.0"," ","S","27","     0.0"," ","S","27","     0.0"," ","S","27","     0.0","X","S","27","     0.0"," ","S","27","     0.0"," ","S","27","     0.0"," ","S","27","     0.0"," ","S","27","     0.0"," ","S","27","     0.0"," ","S","27","     0.0"," ","S","27","     0.1"," ","S","27","     0.0","X","S","27","    20.3"," ","S","29","    10.4"," ","S","29","     5.1"," ","S","29","     2.5"," ","S","29","     0.9"," ","S","29","     0.2"," ","S","29","     0.0"," ","S","29","     0.0"," ","S","29","    0.04"," ","S","29","    0.10"," ","S","29","    0.25"," ","S","29","    0.75"," ","S","23","   16.06"," ","S","23","    19.2"," ","S","29","    13.9"," ","S","29","     9.3"," ","S","29","     7.1"," ","S","29","     5.0"," ","S","29","     3.6"," ","S","29","     0.6"," ","S","29","     0.0"," ","S","29","     0.7"," ","S","29","     1.7"," ","S","29","     3.9"," ","S","29","     8.6"," ","P","20","    80.0"," ","P","20","    83.7"," ","S","28","    77.6"," ","S","28","    68.0"," ","S","28","    60.2"," ","S","28","    52.5"," ","S","28","    29.2"," ","S","28","     3.6"," ","S","28","     3.0"," ","S","28","     7.0"," ","S","28","    11.0"," ","S","28"
"USC00421008","12-20"," 37.6411","-112.1703","2404.9","BRYCE CANYON NP HQRS, UT US","12","20","99","    26.2"," ","S","27","    35.9"," ","S","27","    16.5"," ","S","27","    19.4"," ","S","27","     7.7"," ","S","27","     8.3"," ","S","27","     8.9"," ","S","27","     7.8"," ","S","27","    38.8"," ","S","27","    13.8"," ","S","27","    18.8"," ","S","27","    23.8"," ","S","27","    28.8"," ","S","27","    30.8"," ","S","27","    33.8"," ","S","27","     0.0"," ","S","27","     0.0","X","S","27","     0.0"," ","S","27","     0.0"," ","S","27","     0.0"," ","S","27","     0.0"," ","S","27","     0.0"," ","S","27","     0.0"," ","S","27","     0.0"," ","S","27","     0.0"," ","S","27","     0.0","X","S","27","     0.0"," ","S","27","     0.0"," ","S","27","     0.0"," ","S","27","     0.0"," ","S","27","     0.0"," ","S","27","     0.0"," ","S","27","     0.0"," ","S","27","     0.1"," ","S","27","     0.0","X","S","27","    20.4"," ","S","29","    10.6"," ","S","29","     5.1"," ","S","29","     2.5"," ","S","29","     0.9"," ","S","29","     0.2"," ","S","29","     0.0"," ","S","29","     0.0"," ","S","29","    0.04"," ","S","29","    0.10"," ","S","29","    0.25"," ","S","29","    0.79"," ","S","23","   16.10"," ","S","23","    19.3"," ","S","29","    14.0"," ","S","29","     9.4"," ","S","29","     7.2"," ","S","29","     5.1"," ","S","29","     3.7"," ","S","29","     0.6"," ","S","29","     0.0"," ","S","29","     0.7"," ","S","29","     1.7"," ","S","29","     3.9"," ","S","29","     9.1"," ","P","20","    80.5"," ","P","20","    84.5"," ","S","28","    78.6"," ","S","28","    69.1"," ","S","28","    61.3"," ","S","28","    53.7"," ","S","28","    30.4"," ","S","28","     3.9"," ","S","28","     3.0"," ","S","28","     7.0"," ","S","28","    11.0"," ","S","28"
"USC00421008","12-21"," 37.6411","-112.1703","2404.9","BRYCE CANYON NP HQRS, UT US","12","21","99","    26.2"," ","S","27","    35.9"," ","S","27","    16.5"," ","S","27","    19.3"," ","S","27","     7.7"," ","S","27","     8.3"," ","S","27","     8.9"," ","S","27","     7.8"," ","S","27","    38.8"," ","S","27","    13.8"," ","S","27","    18.8"," ","S","27","    23.8"," ","S","27","    28.8"," ","S","27","    30.8"," ","S","27","    33.8"," ","S","27","     0.0"," ","S","27","     0.0","X","S","27","     0.0"," ","S","27","     0.0"," ","S","27","     0.0"," ","S","27","     0.0"," ","S","27","     0.0"," ","S","27","     0.0"," ","S","27","     0.0"," ","S","27","     0.0"," ","S","27","     0.0","X","S","27","     0.0"," ","S","27","     0.0"," ","S","27","     0.0"," ","S","27","     0.0"," ","S","27","     0.0"," ","S","27","     0.0"," ","S","27","     0.0"," ","S","27","     0.1"," ","S","27","     0.0","X","S","27","    20.5"," ","S","29","    10.7"," ","S","29","     5.2"," ","S","29","     2.5"," ","S","29","     1.0"," ","S","29","     0.2"," ","S","29","     0.0"," ","S","29","     0.0"," ","S","29","    0.04"," ","S","29","    0.10"," ","S","29","    0.25"," ","S","29","    0.83"," ","S","23","   16.14"," ","S","23","    19.5"," ","S","29","    14.2"," ","S","29","     9.5"," ","S","29","     7.2"," ","S","29","     5.2"," ","S","29","     3.7"," ","S","29","     0.6"," ","S","29","     0.0"," ","S","29","     0.7"," ","S","29","     1.7"," ","S","29","     3.9"," ","S","29","     9.7"," ","P","20","    81.1"," ","P","20","    85.3"," ","S","28","    79.5"," ","S","28","    70.2"," ","S","28","    62.4"," ","S","28","    54.8"," ","S","28","    31.6"," ","S","28","     4.4"," ","S","28","     3.0"," ","S","28","     7.0"," ","S","28","    11.0"," ","S","28"
"USC00421008","12-22"," 37.6411","-112.1703","2404.9","BRYCE CANYON NP HQRS, UT US","12","22","99","    26.2"," ","S","27","    35.8"," ","S","27","    16.5"," ","S","27","    19.3"," ","S","27","     7.6"," ","S","27","     8.3"," ","S","27","     8.8"," ","S","27","     7.8"," ","S","27","    38.8"," ","S","27","    13.8"," ","S","27","    18.8"," ","S","27","    23.8"," ","S","27","    28.8"," ","S","27","    30.8"," ","S","27","    33.8"," ","S","27","     0.0"," ","S","27","     0.0","X","S","27","     0.0"," ","S","27","     0.0"," ","S","27","     0.0"," ","S","27","     0.0"," ","S","27","     0.0"," ","S","27","     0.0"," ","S","27","     0.0"," ","S","27","     0.0"," ","S","27","     0.0","X","S","27","     0.0"," ","S","27","     0.0"," ","S","27","     0.0"," ","S","27","     0.0"," ","S","27","     0.0"," ","S","27","     0.0"," ","S","27","     0.0"," ","S","27","     0.1"," ","S","27","     0.0","X","S","27","    20.6"," ","S","29","    10.8"," ","S","29","     5.3"," ","S","29","     2.5"," ","S","29","     1.0"," ","S","29","     0.2"," ","S","29","     0.0"," ","S","29","     0.0"," ","S","29","    0.04"," ","S","29","    0.10"," ","S","29","    0.26"," ","S","29","    0.88"," ","S","23","   16.19"," ","S","23","    19.6"," ","S","29","    14.3"," ","S","29","     9.6"," ","S","29","     7.3"," ","S","29","     5.2"," ","S","29","     3.7"," ","S","29","     0.6"," ","S","29","     0.0"," ","S","29","     0.8"," ","S","29","     1.7"," ","S","29","     3.9"," ","S","29","    10.2"," ","P","20","    81.6"," ","P","20","    85.9"," ","S","28","    80.2"," ","S","28","    71.2"," ","S","28","    63.4"," ","S","28","    55.9"," ","S","28","    32.8"," ","S","28","     4.8"," ","S","28","     3.0"," ","S","28","     7.0"," ","S","28","    11.0"," ","S","28"
"USC00421008","12-23"," 37.6411","-112.1703","2404.9","BRYCE CANYON NP HQRS, UT US","12","23","99","    26.2"," ","S","27","    35.8"," ","S","27","    16.6"," ","S","27","    19.2"," ","S","27","     7.6"," ","S","27","     8.3"," ","S","27","     8.8"," ","S","27","     7.8"," ","S","27","    38.8"," ","S","27","    13.9"," ","S","27","    18.8"," ","S","27","    23.8"," ","S","27","    28.8"," ","S","27","    30.8"," ","S","27","    33.8"," ","S","27","     0.0"," ","S","27","     0.0","X","S","27","     0.0"," ","S","27","     0.0"," ","S","27","     0.0"," ","S","27","     0.0"," ","S","27","     0.0"," ","S","27","     0.0"," ","S","27","     0.0"," ","S","27","     0.0"," ","S","27","     0.0","X","S","27","     0.0"," ","S","27","     0.0"," ","S","27","     0.0"," ","S","27","     0.0"," ","S","27","     0.0"," ","S","27","     0.0"," ","S","27","     0.0"," ","S","27","     0.1"," ","S","27","     0.0","X","S","27","    20.7"," ","S","29","    11.0"," ","S","29","     5.3"," ","S","29","     2.6"," ","S","29","     1.0"," ","S","29","     0.2"," ","S","29","     0.0"," ","S","29","     0.0"," ","S","29","    0.04"," ","S","29","    0.10"," ","S","29","    0.26"," ","S","29","    0.93"," ","S","23","   16.24"," ","S","23","    19.8"," ","S","29","    14.5"," ","S","29","     9.7"," ","S","29","     7.4"," ","S","29","     5.3"," ","S","29","     3.8"," ","S","29","     0.6"," ","S","29","     0.0"," ","S","29","     0.8"," ","S","29","     1.7"," ","S","29","     3.9"," ","S","29","    10.8"," ","P","20","    82.2"," ","P","20","    86.5"," ","S","28","    81.0"," ","S","28","    72.2"," ","S","28","    64.4"," ","S","28","    57.0"," ","S","28","    34.0"," ","S","28","     5.3"," ","S","28","     4.0"," ","S","28","     7.0"," ","S","28","    12.0"," ","S","28"
"USC00421008","12-24"," 37.6411","-112.1703","2404.9","BRYCE CANYON NP HQRS, UT US","12","24","99","    26.2"," ","S","27","    35.8"," ","S","27","    16.6"," ","S","27","    19.2"," ","S","27","     7.6"," ","S","27","     8.3"," ","S","27","     8.8"," ","S","27","     7.8"," ","S","27","    38.8"," ","S","27","    13.9"," ","S","27","    18.8"," ","S","27","    23.8"," ","S","27","    28.8"," ","S","27","    30.8"," ","S","27","    33.8"," ","S","27","     0.0"," ","S","27","     0.0","X","S","27","     0.0"," ","S","27","     0.0"," ","S","27","     0.0"," ","S","27","     0.0"," ","S","27","     0.0"," ","S","27","     0.0"," ","S","27","     0.0"," ","S","27","     0.0"," ","S","27","     0.0","X","S","27","     0.0"," ","S","27","     0.0"," ","S","27","     0.0"," ","S","27","     0.0"," ","S","27","     0.0"," ","S","27","     0.0"," ","S","27","     0.0"," ","S","27","     0.1"," ","S","27","     0.1"," ","S","27","    20.8"," ","S","29","    11.1"," ","S","29","     5.4"," ","S","29","     2.6"," ","S","29","     1.0"," ","S","29","     0.2"," ","S","29","     0.0"," ","S","29","     0.0"," ","S","29","    0.04"," ","S","29","    0.11"," ","S","29","    0.26"," ","S","29","    0.97"," ","S","23","   16.28"," ","S","23","    19.9"," ","S","29","    14.6"," ","S","29","     9.8"," ","S","29","     7.4"," ","S","29","     5.3"," ","S","29","     3.8"," ","S","29","     0.6"," ","S","29","     0.0"," ","S","29","     0.8"," ","S","29","     1.7"," ","S","29","     4.0"," ","S","29","    11.3"," ","P","20","    82.7"," ","P","20","    87.1"," ","S","28","    81.6"," ","S","28","    73.1"," ","S","28","    65.4"," ","S","28","    58.1"," ","S","28","    35.2"," ","S","28","     5.8"," ","S","28","     4.0"," ","S","28","     8.0"," ","S","28","    12.0"," ","S","28"
"USC00421008","12-25"," 37.6411","-112.1703","2404.9","BRYCE CANYON NP HQRS, UT US","12","25","99","    26.2"," ","S","27","    35.8"," ","S","27","    16.6"," ","S","27","    19.2"," ","S","27","     7.6"," ","S","27","     8.3"," ","S","27","     8.8"," ","S","27","     7.8"," ","S","27","    38.8"," ","S","27","    13.8"," ","S","27","    18.8"," ","S","27","    23.8"," ","S","27","    28.8"," ","S","27","    30.8"," ","S","27","    33.8"," ","S","27","     0.0"," ","S","27","     0.0","X","S","27","     0.0"," ","S","27","     0.0"," ","S","27","     0.0"," ","S","27","     0.0"," ","S","27","     0.0"," ","S","27","     0.0"," ","S","27","     0.0"," ","S","27","     0.0"," ","S","27","     0.0","X","S","27","     0.0"," ","S","27","     0.0"," ","S","27","     0.0"," ","S","27","     0.0"," ","S","27","     0.0"," ","S","27","     0.0"," ","S","27","     0.0"," ","S","27","     0.1"," ","S","27","     0.1"," ","S","27","    20.9"," ","S","29","    11.2"," ","S","29","     5.4"," ","S","29","     2.6"," ","S","29","     1.0"," ","S","29","     0.2"," ","S","29","     0.0"," ","S","29","     0.0"," ","S","29","    0.04"," ","S","29","    0.11"," ","S","29","    0.26"," ","S","29","    1.02"," ","S","23","   16.33"," ","S","23","    20.0"," ","S","29","    14.6"," ","S","29","     9.9"," ","S","29","     7.5"," ","S","29","     5.4"," ","S","29","     3.9"," ","S","29","     0.6"," ","S","29","     0.0"," ","S","29","     0.8"," ","S","29","     1.8"," ","S","29","     4.0"," ","S","29","    11.9"," ","P","20","    83.3"," ","P","20","    87.6"," ","S","28","    82.2"," ","S","28","    74.0"," ","S","28","    66.3"," ","S","28","    59.1"," ","S","28","    36.4"," ","S","28","     6.3"," ","S","28","     4.0"," ","S","28","     8.0"," ","S","28","    12.0"," ","S","28"
"USC00421008","12-26"," 37.6411","-112.1703","2404.9","BRYCE CANYON NP HQRS, UT US","12","26","99","    26.2"," ","S","27","    35.8"," ","S","27","    16.6"," ","S","27","    19.2"," ","S","27","     7.6"," ","S","27","     8.3"," ","S","27","     8.8"," ","S","27","     7.8"," ","S","27","    38.8"," ","S","27","    13.8"," ","S","27","    18.8"," ","S","27","    23.8"," ","S","27","    28.8"," ","S","27","    30.8"," ","S","27","    33.8"," ","S","27","     0.0"," ","S","27","     0.0","X","S","27","     0.0"," ","S","27","     0.0"," ","S","27","     0.0"," ","S","27","     0.0"," ","S","27","     0.0"," ","S","27","     0.0"," ","S","27","     0.0"," ","S","27","     0.0"," ","S","27","     0.0","X","S","27","     0.0"," ","S","27","     0.0"," ","S","27","     0.0"," ","S","27","     0.0"," ","S","27","     0.0"," ","S","27","     0.0"," ","S","27","     0.0"," ","S","27","     0.1"," ","S","27","     0.1"," ","S","27","    20.9"," ","S","29","    11.2"," ","S","29","     5.5"," ","S","29","     2.7"," ","S","29","     1.0"," ","S","29","     0.2"," ","S","29","     0.0"," ","S","29","     0.0"," ","S","29","    0.04"," ","S","29","    0.11"," ","S","29","    0.27"," ","S","29","    1.07"," ","S","23","   16.38"," ","S","23","    20.1"," ","S","29","    14.7"," ","S","29","    10.0"," ","S","29","     7.5"," ","S","29","     5.4"," ","S","29","     3.9"," ","S","29","     0.7"," ","S","29","     0.0"," ","S","29","     0.8"," ","S","29","     1.8"," ","S","29","     4.0"," ","S","29","    12.4"," ","P","20","    83.8"," ","P","20","    88.1"," ","S","28","    82.9"," ","S","28","    74.9"," ","S","28","    67.2"," ","S","28","    60.2"," ","S","28","    37.7"," ","S","28","     6.9"," ","S","28","     4.0"," ","S","28","     8.0"," ","S","28","    12.0"," ","S","28"
"USC00421008","12-27"," 37.6411","-112.1703","2404.9","BRYCE CANYON NP HQRS, UT US","12","27","99","    26.2"," ","S","27","    35.8"," ","S","27","    16.6"," ","S","27","    19.2"," ","S","27","     7.6"," ","S","27","     8.3"," ","S","27","     8.8"," ","S","27","     7.8"," ","S","27","    38.8"," ","S","27","    13.8"," ","S","27","    18.8"," ","S","27","    23.8"," ","S","27","    28.8"," ","S","27","    30.8"," ","S","27","    33.8"," ","S","27","     0.0"," ","S","27","     0.0","X","S","27","     0.0"," ","S","27","     0.0"," ","S","27","     0.0"," ","S","27","     0.0"," ","S","27","     0.0"," ","S","27","     0.0"," ","S","27","     0.0"," ","S","27","     0.0"," ","S","27","     0.0","X","S","27","     0.0"," ","S","27","     0.0"," ","S","27","     0.0"," ","S","27","     0.0"," ","S","27","     0.0"," ","S","27","     0.0"," ","S","27","     0.0"," ","S","27","     0.1"," ","S","27","     0.0","X","S","27","    21.0"," ","S","27","    11.2"," ","S","27","     5.5"," ","S","27","     2.7"," ","S","27","     1.0"," ","S","27","     0.1"," ","S","27","     0.0"," ","S","27","     0.0"," ","S","27","    0.04"," ","S","27","    0.11"," ","S","27","    0.27"," ","S","27","    1.11"," ","S","23","   16.42"," ","S","23","    20.1"," ","S","27","    14.7"," ","S","27","    10.0"," ","S","27","     7.5"," ","S","27","     5.5"," ","S","27","     3.9"," ","S","27","     0.7"," ","S","27","     0.0"," ","S","27","     0.8"," ","S","27","     1.8"," ","S","27","     4.0"," ","S","27","    13.0"," ","P","20","    84.4"," ","P","20","    88.6"," ","S","27","    83.4"," ","S","27","    75.8"," ","S","27","    68.1"," ","S","27","    61.2"," ","S","27","    38.9"," ","S","27","     7.4"," ","S","27","     4.0"," ","S","27","     8.0"," ","S","27","    13.0"," ","S","27"
"USC00421008","12-28"," 37.6411","-112.1703","2404.9","BRYCE CANYON NP HQRS, UT US","12","28","99","    26.3"," ","S","27","    35.9"," ","S","27","    16.7"," ","S","27","    19.2"," ","S","27","     7.6"," ","S","27","     8.3"," ","S","27","     8.8"," ","S","27","     7.8"," ","S","27","    38.7"," ","S","27","    13.8"," ","S","27","    18.7"," ","S","27","    23.7"," ","S","27","    28.7"," ","S","27","    30.7"," ","S","27","    33.7"," ","S","27","     0.0"," ","S","27","     0.0","X","S","27","     0.0"," ","S","27","     0.0"," ","S","27","     0.0"," ","S","27","     0.0"," ","S","27","     0.0"," ","S","27","     0.0"," ","S","27","     0.0"," ","S","27","     0.0"," ","S","27","     0.0","X","S","27","     0.0"," ","S","27","     0.0"," ","S","27","     0.0"," ","S","27","     0.0"," ","S","27","     0.0"," ","S","27","     0.0"," ","S","27","     0.0"," ","S","27","     0.1"," ","S","27","     0.0","X","S","27","    21.0"," ","S","27","    11.3"," ","S","27","     5.5"," ","S","27","     2.7"," ","S","27","     1.0"," ","S","27","     0.1"," ","S","27","     0.0"," ","S","27","     0.0"," ","S","27","    0.04"," ","S","27","    0.11"," ","S","27","    0.27"," ","S","27","    1.16"," ","S","23","   16.47"," ","S","23","    20.2"," ","S","27","    14.8"," ","S","27","    10.0"," ","S","27","     7.6"," ","S","27","     5.5"," ","S","27","     3.9"," ","S","27","     0.7"," ","S","27","     0.0"," ","S","27","     0.8"," ","S","27","     1.8"," ","S","27","     4.0"," ","S","27","    13.6"," ","P","20","    85.0"," ","P","20","    89.0"," ","S","27","    84.0"," ","S","27","    76.7"," ","S","27","    69.0"," ","S","27","    62.2"," ","S","27","    40.2"," ","S","27","     8.0"," ","S","27","     4.0"," ","S","27","     8.0"," ","S","27","    13.0"," ","S","27"
"USC00421008","12-29"," 37.6411","-112.1703","2404.9","BRYCE CANYON NP HQRS, UT US","12","29","99","    26.3"," ","S","27","    35.9"," ","S","27","    16.7"," ","S","27","    19.2"," ","S","27","     7.6"," ","S","27","     8.3"," ","S","27","     8.8"," ","S","27","     7.8"," ","S","27","    38.7"," ","S","27","    13.7"," ","S","27","    18.7"," ","S","27","    23.7"," ","S","27","    28.7"," ","S","27","    30.7"," ","S","27","    33.7"," ","S","27","     0.0"," ","S","27","     0.0","X","S","27","     0.0"," ","S","27","     0.0"," ","S","27","     0.0"," ","S","27","     0.0"," ","S","27","     0.0"," ","S","27","     0.0"," ","S","27","     0.0"," ","S","27","     0.0"," ","S","27","     0.0","X","S","27","     0.0"," ","S","27","     0.0"," ","S","27","     0.0"," ","S","27","     0.0"," ","S","27","     0.0"," ","S","27","     0.0"," ","S","27","     0.0"," ","S","27","     0.1"," ","S","27","     0.1"," ","S","27","    21.0"," ","S","27","    11.4"," ","S","27","     5.6"," ","S","27","     2.7"," ","S","27","     1.0"," ","S","27","     0.2"," ","S","27","     0.0"," ","S","27","     0.0"," ","S","27","    0.04"," ","S","27","    0.11"," ","S","27","    0.27"," ","S","27","    1.22"," ","S","23","   16.53"," ","S","23","    20.3"," ","S","27","    14.8"," ","S","27","    10.1"," ","S","27","     7.6"," ","S","27","     5.5"," ","S","27","     3.9"," ","S","27","     0.7"," ","S","27","     0.0"," ","S","27","     0.8"," ","S","27","     1.8"," ","S","27","     4.0"," ","S","27","    14.2"," ","P","20","    85.6"," ","P","20","    89.4"," ","S","27","    84.5"," ","S","27","    77.6"," ","S","27","    69.8"," ","S","27","    63.2"," ","S","27","    41.4"," ","S","27","     8.7"," ","S","27","     4.0"," ","S","27","     9.0"," ","S","27","    13.0"," ","S","27"
"USC00421008","12-30"," 37.6411","-112.1703","2404.9","BRYCE CANYON NP HQRS, UT US","12","30","99","    26.3"," ","S","27","    35.9"," ","S","27","    16.7"," ","S","27","    19.2"," ","S","27","     7.6"," ","S","27","     8.3"," ","S","27","     8.8"," ","S","27","     7.8"," ","S","27","    38.7"," ","S","27","    13.7"," ","S","27","    18.7"," ","S","27","    23.7"," ","S","27","    28.7"," ","S","27","    30.7"," ","S","27","    33.7"," ","S","27","     0.0"," ","S","27","     0.0","X","S","27","     0.0"," ","S","27","     0.0"," ","S","27","     0.0"," ","S","27","     0.0"," ","S","27","     0.0"," ","S","27","     0.0"," ","S","27","     0.0"," ","S","27","     0.0"," ","S","27","     0.0","X","S","27","     0.0"," ","S","27","     0.0"," ","S","27","     0.0"," ","S","27","     0.0"," ","S","27","     0.0"," ","S","27","     0.0"," ","S","27","     0.0"," ","S","27","     0.1"," ","S","27","     0.1"," ","S","27","    21.1"," ","S","27","    11.5"," ","S","27","     5.6"," ","S","27","     2.8"," ","S","27","     1.0"," ","S","27","     0.2"," ","S","27","     0.0"," ","S","27","     0.0"," ","S","27","    0.04"," ","S","27","    0.11"," ","S","27","    0.28"," ","S","27","    1.28"," ","S","23","   16.59"," ","S","23","    20.3"," ","S","27","    14.9"," ","S","27","    10.1"," ","S","27","     7.6"," ","S","27","     5.6"," ","S","27","     4.0"," ","S","27","     0.7"," ","S","27","     0.0"," ","S","27","     0.8"," ","S","27","     1.8"," ","S","27","     4.0"," ","S","27","    14.7"," ","P","20","    86.1"," ","P","20","    89.8"," ","S","27","    85.0"," ","S","27","    78.4"," ","S","27","    70.7"," ","S","27","    64.2"," ","S","27","    42.6"," ","S","27","     9.3"," ","S","27","     4.0"," ","S","27","     9.0"," ","S","27","    13.0"," ","S","27"
"USC00421008","12-31"," 37.6411","-112.1703","2404.9","BRYCE CANYON NP HQRS, UT US","12","31","99","    26.4"," ","S","27","    36.0"," ","S","27","    16.8"," ","S","27","    19.2"," ","S","27","     7.6"," ","S","27","     8.3"," ","S","27","     8.8"," ","S","27","     7.7"," ","S","27","    38.6"," ","S","27","    13.7"," ","S","27","    18.6"," ","S","27","    23.6"," ","S","27","    28.6"," ","S","27","    30.6"," ","S","27","    33.6"," ","S","27","     0.0"," ","S","27","     0.0","X","S","27","     0.0"," ","S","27","     0.0"," ","S","27","     0.0"," ","S","27","     0.0"," ","S","27","     0.0"," ","S","27","     0.0"," ","S","27","     0.0"," ","S","27","     0.0"," ","S","27","     0.0","X","S","27","     0.0"," ","S","27","     0.0"," ","S","27","     0.0"," ","S","27","     0.0"," ","S","27","     0.0"," ","S","27","     0.0"," ","S","27","     0.0"," ","S","27","     0.1"," ","S","27","     0.1"," ","S","27","    21.0"," ","S","27","    11.5"," ","S","27","     5.7"," ","S","27","     2.8"," ","S","27","     1.0"," ","S","27","     0.2"," ","S","27","     0.0"," ","S","27","     0.0"," ","S","27","    0.04"," ","S","27","    0.11"," ","S","27","    0.28"," ","S","27","    1.34"," ","S","23","   16.65"," ","S","23","    20.4"," ","S","27","    14.9"," ","S","27","    10.1"," ","S","27","     7.6"," ","S","27","     5.6"," ","S","27","     4.0"," ","S","27","     0.7"," ","S","27","     0.0"," ","S","27","     0.8"," ","S","27","     1.8"," ","S","27","     4.0"," ","S","27","    15.3"," ","P","20","    86.7"," ","P","20","    90.2"," ","S","27","    85.5"," ","S","27","    79.2"," ","S","27","    71.5"," ","S","27","    65.1"," ","S","27","    43.7"," ","S","27","    10.0"," ","S","27","     4.0"," ","S","27","     9.0"," ","S","27","    13.0"," ","S","27"
