"STATION","DATE","LATITUDE","LONGITUDE","ELEVATION","NAME","month","day","hour","DLY-TAVG-NORMAL","meas_flag_DLY-TAVG-NORMAL","comp_flag_DLY-TAVG-NORMAL","years_DLY-TAVG-NORMAL","DLY-TMAX-NORMAL","meas_flag_DLY-TMAX-NORMAL","comp_flag_DLY-TMAX-NORMAL","years_DLY-TMAX-NORMAL","DLY-TMIN-NORMAL","meas_flag_DLY-TMIN-NORMAL","comp_flag_DLY-TMIN-NORMAL","years_DLY-TMIN-NORMAL","DLY-DUTR-NORMAL","meas_flag_DLY-DUTR-NORMAL","comp_flag_DLY-DUTR-NORMAL","years_DLY-DUTR-NORMAL","DLY-TAVG-STDDEV","meas_flag_DLY-TAVG-STDDEV","comp_flag_DLY-TAVG-STDDEV","years_DLY-TAVG-STDDEV","DLY-TMAX-STDDEV","meas_flag_DLY-TMAX-STDDEV","comp_flag_DLY-TMAX-STDDEV","years_DLY-TMAX-STDDEV","DLY-TMIN-STDDEV","meas_flag_DLY-TMIN-STDDEV","comp_flag_DLY-TMIN-STDDEV","years_DLY-TMIN-STDDEV","DLY-DUTR-STDDEV","meas_flag_DLY-DUTR-STDDEV","comp_flag_DLY-DUTR-STDDEV","years_DLY-DUTR-STDDEV","DLY-HTDD-NORMAL","meas_flag_DLY-HTDD-NORMAL","comp_flag_DLY-HTDD-NORMAL","years_DLY-HTDD-NORMAL","DLY-HTDD-BASE40","meas_flag_DLY-HTDD-BASE40","comp_flag_DLY-HTDD-BASE40","years_DLY-HTDD-BASE40","DLY-HTDD-BASE45","meas_flag_DLY-HTDD-BASE45","comp_flag_DLY-HTDD-BASE45","years_DLY-HTDD-BASE45","DLY-HTDD-BASE50","meas_flag_DLY-HTDD-BASE50","comp_flag_DLY-HTDD-BASE50","years_DLY-HTDD-BASE50","DLY-HTDD-BASE55","meas_flag_DLY-HTDD-BASE55","comp_flag_DLY-HTDD-BASE55","years_DLY-HTDD-BASE55","DLY-HTDD-BASE57","meas_flag_DLY-HTDD-BASE57","comp_flag_DLY-HTDD-BASE57","years_DLY-HTDD-BASE57","DLY-HTDD-BASE60","meas_flag_DLY-HTDD-BASE60","comp_flag_DLY-HTDD-BASE60","years_DLY-HTDD-BASE60","DLY-CLDD-NORMAL","meas_flag_DLY-CLDD-NORMAL","comp_flag_DLY-CLDD-NORMAL","years_DLY-CLDD-NORMAL","DLY-CLDD-BASE40","meas_flag_DLY-CLDD-BASE40","comp_flag_DLY-CLDD-BASE40","years_DLY-CLDD-BASE40","DLY-CLDD-BASE45","meas_flag_DLY-CLDD-BASE45","comp_flag_DLY-CLDD-BASE45","years_DLY-CLDD-BASE45","DLY-CLDD-BASE50","meas_flag_DLY-CLDD-BASE50","comp_flag_DLY-CLDD-BASE50","years_DLY-CLDD-BASE50","DLY-CLDD-BASE55","meas_flag_DLY-CLDD-BASE55","comp_flag_DLY-CLDD-BASE55","years_DLY-CLDD-BASE55","DLY-CLDD-BASE57","meas_flag_DLY-CLDD-BASE57","comp_flag_DLY-CLDD-BASE57","years_DLY-CLDD-BASE57","DLY-CLDD-BASE60","meas_flag_DLY-CLDD-BASE60","comp_flag_DLY-CLDD-BASE60","years_DLY-CLDD-BASE60","DLY-CLDD-BASE70","meas_flag_DLY-CLDD-BASE70","comp_flag_DLY-CLDD-BASE70","years_DLY-CLDD-BASE70","DLY-CLDD-BASE72","meas_flag_DLY-CLDD-BASE72","comp_flag_DLY-CLDD-BASE72","years_DLY-CLDD-BASE72","DLY-GRDD-BASE65","meas_flag_DLY-GRDD-BASE65","comp_flag_DLY-GRDD-BASE65","years_DLY-GRDD-BASE65","DLY-GRDD-BASE40","meas_flag_DLY-GRDD-BASE40","comp_flag_DLY-GRDD-BASE40","years_DLY-GRDD-BASE40","DLY-GRDD-BASE45","meas_flag_DLY-GRDD-BASE45","comp_flag_DLY-GRDD-BASE45","years_DLY-GRDD-BASE45","DLY-GRDD-BASE50","meas_flag_DLY-GRDD-BASE50","comp_flag_DLY-GRDD-BASE50","years_DLY-GRDD-BASE50","DLY-GRDD-BASE55","meas_flag_DLY-GRDD-BASE55","comp_flag_DLY-GRDD-BASE55","years_DLY-GRDD-BASE55","DLY-GRDD-BASE57","meas_flag_DLY-GRDD-BASE57","comp_flag_DLY-GRDD-BASE57","years_DLY-GRDD-BASE57","DLY-GRDD-BASE60","meas_flag_DLY-GRDD-BASE60","comp_flag_DLY-GRDD-BASE60","years_DLY-GRDD-BASE60","DLY-GRDD-BASE70","meas_flag_DLY-GRDD-BASE70","comp_flag_DLY-GRDD-BASE70","years_DLY-GRDD-BASE70","DLY-GRDD-BASE72","meas_flag_DLY-GRDD-BASE72","comp_flag_DLY-GRDD-BASE72","years_DLY-GRDD-BASE72","DLY-GRDD-TB4886","meas_flag_DLY-GRDD-TB4886","comp_flag_DLY-GRDD-TB4886","years_DLY-GRDD-TB4886","DLY-GRDD-TB5086","meas_flag_DLY-GRDD-TB5086","comp_flag_DLY-GRDD-TB5086","years_DLY-GRDD-TB5086","DLY-PRCP-PCTALL-GE001HI","meas_flag_DLY-PRCP-PCTALL-GE001HI","comp_flag_DLY-PRCP-PCTALL-GE001HI","years_DLY-PRCP-PCTALL-GE001HI","DLY-PRCP-PCTALL-GE010HI","meas_flag_DLY-PRCP-PCTALL-GE010HI","comp_flag_DLY-PRCP-PCTALL-GE010HI","years_DLY-PRCP-PCTALL-GE010HI","DLY-PRCP-PCTALL-GE025HI","meas_flag_DLY-PRCP-PCTALL-GE025HI","comp_flag_DLY-PRCP-PCTALL-GE025HI","years_DLY-PRCP-PCTALL-GE025HI","DLY-PRCP-PCTALL-GE050HI","meas_flag_DLY-PRCP-PCTALL-GE050HI","comp_flag_DLY-PRCP-PCTALL-GE050HI","years_DLY-PRCP-PCTALL-GE050HI","DLY-PRCP-PCTALL-GE100HI","meas_flag_DLY-PRCP-PCTALL-GE100HI","comp_flag_DLY-PRCP-PCTALL-GE100HI","years_DLY-PRCP-PCTALL-GE100HI","DLY-PRCP-PCTALL-GE200HI","meas_flag_DLY-PRCP-PCTALL-GE200HI","comp_flag_DLY-PRCP-PCTALL-GE200HI","years_DLY-PRCP-PCTALL-GE200HI","DLY-PRCP-PCTALL-GE400HI","meas_flag_DLY-PRCP-PCTALL-GE400HI","comp_flag_DLY-PRCP-PCTALL-GE400HI","years_DLY-PRCP-PCTALL-GE400HI","DLY-PRCP-PCTALL-GE600HI","meas_flag_DLY-PRCP-PCTALL-GE600HI","comp_flag_DLY-PRCP-PCTALL-GE600HI","years_DLY-PRCP-PCTALL-GE600HI","DLY-PRCP-25PCTL","meas_flag_DLY-PRCP-25PCTL","comp_flag_DLY-PRCP-25PCTL","years_DLY-PRCP-25PCTL","DLY-PRCP-50PCTL","meas_flag_DLY-PRCP-50PCTL","comp_flag_DLY-PRCP-50PCTL","years_DLY-PRCP-50PCTL","DLY-PRCP-75PCTL","meas_flag_DLY-PRCP-75PCTL","comp_flag_DLY-PRCP-75PCTL","years_DLY-PRCP-75PCTL","MTD-PRCP-NORMAL","meas_flag_MTD-PRCP-NORMAL","comp_flag_MTD-PRCP-NORMAL","years_MTD-PRCP-NORMAL","YTD-PRCP-NORMAL","meas_flag_YTD-PRCP-NORMAL","comp_flag_YTD-PRCP-NORMAL","years_YTD-PRCP-NORMAL","DLY-SNOW-PCTALL-GE001TI","meas_flag_DLY-SNOW-PCTALL-GE001TI","comp_flag_DLY-SNOW-PCTALL-GE001TI","years_DLY-SNOW-PCTALL-GE001TI","DLY-SNOW-PCTALL-GE010TI","meas_flag_DLY-SNOW-PCTALL-GE010TI","comp_flag_DLY-SNOW-PCTALL-GE010TI","years_DLY-SNOW-PCTALL-GE010TI","DLY-SNOW-PCTALL-GE020TI","meas_flag_DLY-SNOW-PCTALL-GE020TI","comp_flag_DLY-SNOW-PCTALL-GE020TI","years_DLY-SNOW-PCTALL-GE020TI","DLY-SNOW-PCTALL-GE030TI","meas_flag_DLY-SNOW-PCTALL-GE030TI","comp_flag_DLY-SNOW-PCTALL-GE030TI","years_DLY-SNOW-PCTALL-GE030TI","DLY-SNOW-PCTALL-GE040TI","meas_flag_DLY-SNOW-PCTALL-GE040TI","comp_flag_DLY-SNOW-PCTALL-GE040TI","years_DLY-SNOW-PCTALL-GE040TI","DLY-SNOW-PCTALL-GE050TI","meas_flag_DLY-SNOW-PCTALL-GE050TI","comp_flag_DLY-SNOW-PCTALL-GE050TI","years_DLY-SNOW-PCTALL-GE050TI","DLY-SNOW-PCTALL-GE100TI","meas_flag_DLY-SNOW-PCTALL-GE100TI","comp_flag_DLY-SNOW-PCTALL-GE100TI","years_DLY-SNOW-PCTALL-GE100TI","DLY-SNOW-PCTALL-GE200TI","meas_flag_DLY-SNOW-PCTALL-GE200TI","comp_flag_DLY-SNOW-PCTALL-GE200TI","years_DLY-SNOW-PCTALL-GE200TI","DLY-SNOW-25PCTL","meas_flag_DLY-SNOW-25PCTL","comp_flag_DLY-SNOW-25PCTL","years_DLY-SNOW-25PCTL","DLY-SNOW-50PCTL","meas_flag_DLY-SNOW-50PCTL","comp_flag_DLY-SNOW-50PCTL","years_DLY-SNOW-50PCTL","DLY-SNOW-75PCTL","meas_flag_DLY-SNOW-75PCTL","comp_flag_DLY-SNOW-75PCTL","years_DLY-SNOW-75PCTL","MTD-SNOW-NORMAL","meas_flag_MTD-SNOW-NORMAL","comp_flag_MTD-SNOW-NORMAL","years_MTD-SNOW-NORMAL","YTD-SNOW-NORMAL","meas_flag_YTD-SNOW-NORMAL","comp_flag_YTD-SNOW-NORMAL","years_YTD-SNOW-NORMAL"
"USC00024849","01-01"," 36.8644","-111.6022"," 978.4","LEES FERRY, AZ US","01","01","99","    38.1"," ","R","15","    46.9"," ","R","15","    29.3"," ","R","16","    17.5"," ","R","15","     4.9"," ","R","15","     6.2"," ","R","15","     5.6"," ","R","16","     6.5"," ","R","15","    26.9"," ","R","15","     2.9"," ","R","15","     7.1"," ","R","15","    11.9"," ","R","15","    16.9"," ","R","15","    18.9"," ","R","15","    21.9"," ","R","15","     0.0"," ","R","15","     1.0"," ","R","15","     0.2"," ","R","15","     0.0","X","R","15","     0.0"," ","R","15","     0.0"," ","R","15","     0.0"," ","R","15","     0.0"," ","R","15","     0.0"," ","R","15","     0.0"," ","R","15","     1.0"," ","R","15","     0.2"," ","R","15","     0.0","X","R","15","     0.0"," ","R","15","     0.0"," ","R","15","     0.0"," ","R","15","     0.0"," ","R","15","     0.0"," ","R","15","     1.0"," ","R","15","     0.6"," ","R","15","    13.3"," ","P","12","     4.6"," ","P","12","     2.1"," ","P","12","     0.4"," ","P","12","     0.1"," ","P","12","     0.0"," ","P","12","     0.0"," ","P","12","     0.0"," ","P","12","    0.02"," ","P","12","    0.06"," ","P","12","    0.15"," ","P","12","    0.02"," ","R","13","    0.02"," ","R","13","     0.7"," ","P","13","     0.0"," ","P","13","     0.0"," ","P","13","     0.0"," ","P","13","     0.0"," ","P","13","     0.0"," ","P","13","     0.0"," ","P","13","     0.0"," ","P","13"," -9999.0","Y"," "," 0"," -9999.0","Y"," "," 0"," -9999.0","Y"," "," 0","     0.0"," ","P","11","     0.0"," ","P","11"
"USC00024849","01-02"," 36.8644","-111.6022"," 978.4","LEES FERRY, AZ US","01","02","99","    38.1"," ","R","15","    46.9"," ","R","15","    29.3"," ","R","16","    17.6"," ","R","15","     5.0"," ","R","15","     6.2"," ","R","15","     5.6"," ","R","16","     6.5"," ","R","15","    26.9"," ","R","15","     2.9"," ","R","15","     7.1"," ","R","15","    11.9"," ","R","15","    16.9"," ","R","15","    18.9"," ","R","15","    21.9"," ","R","15","     0.0"," ","R","15","     1.0"," ","R","15","     0.2"," ","R","15","     0.0","X","R","15","     0.0"," ","R","15","     0.0"," ","R","15","     0.0"," ","R","15","     0.0"," ","R","15","     0.0"," ","R","15","     0.0"," ","R","15","     1.0"," ","R","15","     0.2"," ","R","15","     0.0","X","R","15","     0.0"," ","R","15","     0.0"," ","R","15","     0.0"," ","R","15","     0.0"," ","R","15","     0.0"," ","R","15","     1.0"," ","R","15","     0.6"," ","R","15","    13.3"," ","P","12","     4.6"," ","P","12","     2.1"," ","P","12","     0.4"," ","P","12","     0.1"," ","P","12","     0.0"," ","P","12","     0.0"," ","P","12","     0.0"," ","P","12","    0.02"," ","P","12","    0.06"," ","P","12","    0.16"," ","P","12","    0.03"," ","R","13","    0.03"," ","R","13","     0.6"," ","P","13","     0.0"," ","P","13","     0.0"," ","P","13","     0.0"," ","P","13","     0.0"," ","P","13","     0.0"," ","P","13","     0.0"," ","P","13","     0.0"," ","P","13"," -9999.0","Y"," "," 0"," -9999.0","Y"," "," 0"," -9999.0","Y"," "," 0","     0.0"," ","P","11","     0.0"," ","P","11"
"USC00024849","01-03"," 36.8644","-111.6022"," 978.4","LEES FERRY, AZ US","01","03","99","    38.1"," ","R","15","    46.9"," ","R","15","    29.3"," ","R","16","    17.6"," ","R","15","     5.0"," ","R","15","     6.2"," ","R","15","     5.6"," ","R","16","     6.5"," ","R","15","    26.9"," ","R","15","     2.9"," ","R","15","     7.1"," ","R","15","    11.9"," ","R","15","    16.9"," ","R","15","    18.9"," ","R","15","    21.9"," ","R","15","     0.0"," ","R","15","     1.1"," ","R","15","     0.2"," ","R","15","     0.0","X","R","15","     0.0"," ","R","15","     0.0"," ","R","15","     0.0"," ","R","15","     0.0"," ","R","15","     0.0"," ","R","15","     0.0"," ","R","15","     1.1"," ","R","15","     0.2"," ","R","15","     0.0","X","R","15","     0.0"," ","R","15","     0.0"," ","R","15","     0.0"," ","R","15","     0.0"," ","R","15","     0.0"," ","R","15","     1.1"," ","R","15","     0.7"," ","R","15","    13.2"," ","P","12","     4.7"," ","P","12","     2.1"," ","P","12","     0.4"," ","P","12","     0.1"," ","P","12","     0.0"," ","P","12","     0.0"," ","P","12","     0.0"," ","P","12","    0.02"," ","P","12","    0.06"," ","P","12","    0.16"," ","P","12","    0.04"," ","R","13","    0.04"," ","R","13","     0.6"," ","P","13","     0.0"," ","P","13","     0.0"," ","P","13","     0.0"," ","P","13","     0.0"," ","P","13","     0.0"," ","P","13","     0.0"," ","P","13","     0.0"," ","P","13"," -9999.0","Y"," "," 0"," -9999.0","Y"," "," 0"," -9999.0","Y"," "," 0","     0.0"," ","P","11","     0.0"," ","P","11"
"USC00024849","01-04"," 36.8644","-111.6022"," 978.4","LEES FERRY, AZ US","01","04","99","    38.1"," ","R","15","    47.0"," ","R","15","    29.3"," ","R","16","    17.7"," ","R","15","     5.0"," ","R","15","     6.2"," ","R","15","     5.6"," ","R","16","     6.5"," ","R","15","    26.9"," ","R","15","     2.9"," ","R","15","     7.0"," ","R","15","    11.9"," ","R","15","    16.9"," ","R","15","    18.9"," ","R","15","    21.9"," ","R","15","     0.0"," ","R","15","     1.1"," ","R","15","     0.2"," ","R","15","     0.0","X","R","15","     0.0"," ","R","15","     0.0"," ","R","15","     0.0"," ","R","15","     0.0"," ","R","15","     0.0"," ","R","15","     0.0"," ","R","15","     1.1"," ","R","15","     0.2"," ","R","15","     0.0","X","R","15","     0.0"," ","R","15","     0.0"," ","R","15","     0.0"," ","R","15","     0.0"," ","R","15","     0.0"," ","R","15","     1.1"," ","R","15","     0.7"," ","R","15","    13.2"," ","P","12","     4.7"," ","P","12","     2.1"," ","P","12","     0.4"," ","P","12","     0.1"," ","P","12","     0.0"," ","P","12","     0.0"," ","P","12","     0.0"," ","P","12","    0.02"," ","P","12","    0.06"," ","P","12","    0.16"," ","P","12","    0.06"," ","R","13","    0.06"," ","R","13","     0.6"," ","P","13","     0.0"," ","P","13","     0.0"," ","P","13","     0.0"," ","P","13","     0.0"," ","P","13","     0.0"," ","P","13","     0.0"," ","P","13","     0.0"," ","P","13"," -9999.0","Y"," "," 0"," -9999.0","Y"," "," 0"," -9999.0","Y"," "," 0","     0.0"," ","P","11","     0.0"," ","P","11"
"USC00024849","01-05"," 36.8644","-111.6022"," 978.4","LEES FERRY, AZ US","01","05","99","    38.2"," ","R","15","    47.0"," ","R","15","    29.3"," ","R","16","    17.8"," ","R","15","     5.0"," ","R","15","     6.2"," ","R","15","     5.5"," ","R","16","     6.4"," ","R","15","    26.8"," ","R","15","     2.9"," ","R","15","     7.0"," ","R","15","    11.9"," ","R","15","    16.8"," ","R","15","    18.8"," ","R","15","    21.8"," ","R","15","     0.0"," ","R","15","     1.1"," ","R","15","     0.2"," ","R","15","     0.0","X","R","15","     0.0"," ","R","15","     0.0"," ","R","15","     0.0"," ","R","15","     0.0"," ","R","15","     0.0"," ","R","15","     0.0"," ","R","15","     1.1"," ","R","15","     0.2"," ","R","15","     0.0","X","R","15","     0.0"," ","R","15","     0.0"," ","R","15","     0.0"," ","R","15","     0.0"," ","R","15","     0.0"," ","R","15","     1.1"," ","R","15","     0.7"," ","R","15","    13.1"," ","P","12","     4.8"," ","P","12","     2.1"," ","P","12","     0.4"," ","P","12","     0.1"," ","P","12","     0.0"," ","P","12","     0.0"," ","P","12","     0.0"," ","P","12","    0.02"," ","P","12","    0.06"," ","P","12","    0.16"," ","P","12","    0.08"," ","R","13","    0.08"," ","R","13","     0.6"," ","P","13","     0.0"," ","P","13","     0.0"," ","P","13","     0.0"," ","P","13","     0.0"," ","P","13","     0.0"," ","P","13","     0.0"," ","P","13","     0.0"," ","P","13"," -9999.0","Y"," "," 0"," -9999.0","Y"," "," 0"," -9999.0","Y"," "," 0","     0.0"," ","P","11","     0.0"," ","P","11"
"USC00024849","01-06"," 36.8644","-111.6022"," 978.4","LEES FERRY, AZ US","01","06","99","    38.2"," ","R","15","    47.1"," ","R","15","    29.3"," ","R","16","    17.8"," ","R","15","     5.0"," ","R","15","     6.2"," ","R","15","     5.5"," ","R","16","     6.4"," ","R","15","    26.8"," ","R","15","     2.9"," ","R","15","     7.0"," ","R","15","    11.8"," ","R","15","    16.8"," ","R","15","    18.8"," ","R","15","    21.8"," ","R","15","     0.0"," ","R","15","     1.1"," ","R","15","     0.2"," ","R","15","     0.0","X","R","15","     0.0"," ","R","15","     0.0"," ","R","15","     0.0"," ","R","15","     0.0"," ","R","15","     0.0"," ","R","15","     0.0"," ","R","15","     1.1"," ","R","15","     0.2"," ","R","15","     0.0","X","R","15","     0.0"," ","R","15","     0.0"," ","R","15","     0.0"," ","R","15","     0.0"," ","R","15","     0.0"," ","R","15","     1.1"," ","R","15","     0.7"," ","R","15","    13.1"," ","P","15","     4.8"," ","P","15","     2.1"," ","P","15","     0.4"," ","P","15","     0.1"," ","P","15","     0.0"," ","P","15","     0.0"," ","P","15","     0.0"," ","P","15","    0.02"," ","P","15","    0.06"," ","P","15","    0.16"," ","P","15","    0.09"," ","R","13","    0.09"," ","R","13","     0.5"," ","P","14","     0.0"," ","P","14","     0.0"," ","P","14","     0.0"," ","P","14","     0.0"," ","P","14","     0.0"," ","P","14","     0.0"," ","P","14","     0.0"," ","P","14"," -9999.0","Y"," "," 0"," -9999.0","Y"," "," 0"," -9999.0","Y"," "," 0","     0.0"," ","P","11","     0.0"," ","P","11"
"USC00024849","01-07"," 36.8644","-111.6022"," 978.4","LEES FERRY, AZ US","01","07","99","    38.2"," ","R","15","    47.2"," ","R","15","    29.3"," ","R","16","    17.9"," ","R","15","     5.0"," ","R","15","     6.3"," ","R","15","     5.5"," ","R","16","     6.4"," ","R","15","    26.8"," ","R","15","     2.9"," ","R","15","     7.0"," ","R","15","    11.8"," ","R","15","    16.8"," ","R","15","    18.8"," ","R","15","    21.8"," ","R","15","     0.0"," ","R","15","     1.1"," ","R","15","     0.2"," ","R","15","     0.0","X","R","15","     0.0"," ","R","15","     0.0"," ","R","15","     0.0"," ","R","15","     0.0"," ","R","15","     0.0"," ","R","15","     0.0"," ","R","15","     1.1"," ","R","15","     0.2"," ","R","15","     0.0","X","R","15","     0.0"," ","R","15","     0.0"," ","R","15","     0.0"," ","R","15","     0.0"," ","R","15","     0.0"," ","R","15","     1.1"," ","R","15","     0.7"," ","R","15","    13.1"," ","P","15","     4.9"," ","P","15","     2.1"," ","P","15","     0.4"," ","P","15","     0.1"," ","P","15","     0.0"," ","P","15","     0.0"," ","P","15","     0.0"," ","P","15","    0.02"," ","P","15","    0.06"," ","P","15","    0.17"," ","P","15","    0.11"," ","R","13","    0.11"," ","R","13","     0.5"," ","P","15","     0.0"," ","P","15","     0.0"," ","P","15","     0.0"," ","P","15","     0.0"," ","P","15","     0.0"," ","P","15","     0.0"," ","P","15","     0.0"," ","P","15"," -9999.0","Y"," "," 0"," -9999.0","Y"," "," 0"," -9999.0","Y"," "," 0","     0.0"," ","P","11","     0.0"," ","P","11"
"USC00024849","01-08"," 36.8644","-111.6022"," 978.4","LEES FERRY, AZ US","01","08","99","    38.3"," ","R","15","    47.3"," ","R","15","    29.3"," ","R","16","    18.0"," ","R","15","     5.0"," ","R","15","     6.3"," ","R","15","     5.5"," ","R","16","     6.3"," ","R","15","    26.7"," ","R","15","     2.9"," ","R","15","     6.9"," ","R","15","    11.8"," ","R","15","    16.7"," ","R","15","    18.7"," ","R","15","    21.7"," ","R","15","     0.0"," ","R","15","     1.1"," ","R","15","     0.2"," ","R","15","     0.0","X","R","15","     0.0"," ","R","15","     0.0"," ","R","15","     0.0"," ","R","15","     0.0"," ","R","15","     0.0"," ","R","15","     0.0"," ","R","15","     1.1"," ","R","15","     0.2"," ","R","15","     0.0","X","R","15","     0.0"," ","R","15","     0.0"," ","R","15","     0.0"," ","R","15","     0.0"," ","R","15","     0.0"," ","R","15","     1.2"," ","R","15","     0.7"," ","R","15","    13.0"," ","P","15","     4.9"," ","P","15","     2.2"," ","P","15","     0.4"," ","P","15","     0.1"," ","P","15","     0.0"," ","P","15","     0.0"," ","P","15","     0.0"," ","P","15","    0.02"," ","P","15","    0.06"," ","P","15","    0.17"," ","P","15","    0.12"," ","R","13","    0.12"," ","R","13","     0.5"," ","P","15","     0.0"," ","P","15","     0.0"," ","P","15","     0.0"," ","P","15","     0.0"," ","P","15","     0.0"," ","P","15","     0.0"," ","P","15","     0.0"," ","P","15"," -9999.0","Y"," "," 0"," -9999.0","Y"," "," 0"," -9999.0","Y"," "," 0","     0.0"," ","P","11","     0.0"," ","P","11"
"USC00024849","01-09"," 36.8644","-111.6022"," 978.4","LEES FERRY, AZ US","01","09","99","    38.3"," ","R","15","    47.4"," ","R","15","    29.3"," ","R","16","    18.1"," ","R","15","     5.0"," ","R","15","     6.3"," ","R","15","     5.5"," ","R","16","     6.3"," ","R","15","    26.7"," ","R","15","     2.8"," ","R","15","     6.9"," ","R","15","    11.7"," ","R","15","    16.7"," ","R","15","    18.7"," ","R","15","    21.7"," ","R","15","     0.0"," ","R","15","     1.1"," ","R","15","     0.2"," ","R","15","     0.0","X","R","15","     0.0"," ","R","15","     0.0"," ","R","15","     0.0"," ","R","15","     0.0"," ","R","15","     0.0"," ","R","15","     0.0"," ","R","15","     1.1"," ","R","15","     0.2"," ","R","15","     0.0","X","R","15","     0.0"," ","R","15","     0.0"," ","R","15","     0.0"," ","R","15","     0.0"," ","R","15","     0.0"," ","R","15","     1.2"," ","R","15","     0.7"," ","R","15","    13.0"," ","P","16","     4.9"," ","P","16","     2.2"," ","P","16","     0.4"," ","P","16","     0.1"," ","P","16","     0.0"," ","P","16","     0.0"," ","P","16","     0.0"," ","P","16","    0.02"," ","P","16","    0.06"," ","P","16","    0.17"," ","P","16","    0.14"," ","R","13","    0.14"," ","R","13","     0.5"," ","P","15","     0.0"," ","P","15","     0.0"," ","P","15","     0.0"," ","P","15","     0.0"," ","P","15","     0.0"," ","P","15","     0.0"," ","P","15","     0.0"," ","P","15"," -9999.0","Y"," "," 0"," -9999.0","Y"," "," 0"," -9999.0","Y"," "," 0","     0.1"," ","P","11","     0.1"," ","P","11"
"USC00024849","01-10"," 36.8644","-111.6022"," 978.4","LEES FERRY, AZ US","01","10","99","    38.4"," ","R","15","    47.4"," ","R","15","    29.3"," ","R","16","    18.2"," ","R","15","     5.0"," ","R","15","     6.3"," ","R","15","     5.4"," ","R","16","     6.3"," ","R","15","    26.6"," ","R","15","     2.8"," ","R","15","     6.8"," ","R","15","    11.7"," ","R","15","    16.6"," ","R","15","    18.6"," ","R","15","    21.6"," ","R","15","     0.0"," ","R","15","     1.1"," ","R","15","     0.2"," ","R","15","     0.0","X","R","15","     0.0"," ","R","15","     0.0"," ","R","15","     0.0"," ","R","15","     0.0"," ","R","15","     0.0"," ","R","15","     0.0"," ","R","15","     1.1"," ","R","15","     0.2"," ","R","15","     0.0","X","R","15","     0.0"," ","R","15","     0.0"," ","R","15","     0.0"," ","R","15","     0.0"," ","R","15","     0.0"," ","R","15","     1.2"," ","R","15","     0.7"," ","R","15","    12.9"," ","P","16","     5.0"," ","P","16","     2.2"," ","P","16","     0.4"," ","P","16","     0.1"," ","P","16","     0.0"," ","P","16","     0.0"," ","P","16","     0.0"," ","P","16","    0.02"," ","P","16","    0.06"," ","P","16","    0.17"," ","P","16","    0.16"," ","R","13","    0.16"," ","R","13","     0.4"," ","P","15","     0.0"," ","P","15","     0.0"," ","P","15","     0.0"," ","P","15","     0.0"," ","P","15","     0.0"," ","P","15","     0.0"," ","P","15","     0.0"," ","P","15"," -9999.0","Y"," "," 0"," -9999.0","Y"," "," 0"," -9999.0","Y"," "," 0","     0.1"," ","P","11","     0.1"," ","P","11"
"USC00024849","01-11"," 36.8644","-111.6022"," 978.4","LEES FERRY, AZ US","01","11","99","    38.4"," ","R","15","    47.5"," ","R","15","    29.3"," ","R","16","    18.3"," ","R","15","     5.0"," ","R","15","     6.3"," ","R","15","     5.4"," ","R","16","     6.3"," ","R","15","    26.6"," ","R","15","     2.7"," ","R","15","     6.8"," ","R","15","    11.6"," ","R","15","    16.6"," ","R","15","    18.6"," ","R","15","    21.6"," ","R","15","     0.0"," ","R","15","     1.2"," ","R","15","     0.2"," ","R","15","     0.0","X","R","15","     0.0"," ","R","15","     0.0"," ","R","15","     0.0"," ","R","15","     0.0"," ","R","15","     0.0"," ","R","15","     0.0"," ","R","15","     1.2"," ","R","15","     0.2"," ","R","15","     0.0","X","R","15","     0.0"," ","R","15","     0.0"," ","R","15","     0.0"," ","R","15","     0.0"," ","R","15","     0.0"," ","R","15","     1.2"," ","R","15","     0.7"," ","R","15","    12.9"," ","P","16","     5.0"," ","P","16","     2.2"," ","P","16","     0.4"," ","P","16","     0.1"," ","P","16","     0.0"," ","P","16","     0.0"," ","P","16","     0.0"," ","P","16","    0.02"," ","P","16","    0.06"," ","P","16","    0.17"," ","P","16","    0.18"," ","R","13","    0.18"," ","R","13","     0.4"," ","P","15","     0.0"," ","P","15","     0.0"," ","P","15","     0.0"," ","P","15","     0.0"," ","P","15","     0.0"," ","P","15","     0.0"," ","P","15","     0.0"," ","P","15"," -9999.0","Y"," "," 0"," -9999.0","Y"," "," 0"," -9999.0","Y"," "," 0","     0.1"," ","P","11","     0.1"," ","P","11"
"USC00024849","01-12"," 36.8644","-111.6022"," 978.4","LEES FERRY, AZ US","01","12","99","    38.5"," ","R","15","    47.7"," ","R","15","    29.3"," ","R","16","    18.4"," ","R","15","     5.0"," ","R","15","     6.3"," ","R","15","     5.4"," ","R","16","     6.2"," ","R","15","    26.5"," ","R","15","     2.7"," ","R","15","     6.7"," ","R","15","    11.5"," ","R","15","    16.5"," ","R","15","    18.5"," ","R","15","    21.5"," ","R","15","     0.0"," ","R","15","     1.2"," ","R","15","     0.2"," ","R","15","     0.0","X","R","15","     0.0"," ","R","15","     0.0"," ","R","15","     0.0"," ","R","15","     0.0"," ","R","15","     0.0"," ","R","15","     0.0"," ","R","15","     1.2"," ","R","15","     0.2"," ","R","15","     0.0","X","R","15","     0.0"," ","R","15","     0.0"," ","R","15","     0.0"," ","R","15","     0.0"," ","R","15","     0.0"," ","R","15","     1.2"," ","R","15","     0.7"," ","R","15","    12.9"," ","P","16","     5.1"," ","P","16","     2.2"," ","P","16","     0.4"," ","P","16","     0.1"," ","P","16","     0.0"," ","P","16","     0.0"," ","P","16","     0.0"," ","P","16","    0.02"," ","P","16","    0.06"," ","P","16","    0.18"," ","P","16","    0.19"," ","R","13","    0.19"," ","R","13","     0.4"," ","P","15","     0.0"," ","P","15","     0.0"," ","P","15","     0.0"," ","P","15","     0.0"," ","P","15","     0.0"," ","P","15","     0.0"," ","P","15","     0.0"," ","P","15"," -9999.0","Y"," "," 0"," -9999.0","Y"," "," 0"," -9999.0","Y"," "," 0","     0.1"," ","P","11","     0.1"," ","P","11"
"USC00024849","01-13"," 36.8644","-111.6022"," 978.4","LEES FERRY, AZ US","01","13","99","    38.5"," ","R","15","    47.8"," ","R","15","    29.3"," ","R","16","    18.5"," ","R","15","     5.0"," ","R","15","     6.3"," ","R","15","     5.4"," ","R","16","     6.2"," ","R","15","    26.5"," ","R","15","     2.7"," ","R","15","     6.7"," ","R","15","    11.5"," ","R","15","    16.5"," ","R","15","    18.5"," ","R","15","    21.5"," ","R","15","     0.0"," ","R","15","     1.3"," ","R","15","     0.2"," ","R","15","     0.0","X","R","15","     0.0"," ","R","15","     0.0"," ","R","15","     0.0"," ","R","15","     0.0"," ","R","15","     0.0"," ","R","15","     0.0"," ","R","15","     1.3"," ","R","15","     0.2"," ","R","15","     0.0","X","R","15","     0.0"," ","R","15","     0.0"," ","R","15","     0.0"," ","R","15","     0.0"," ","R","15","     0.0"," ","R","15","     1.2"," ","R","15","     0.8"," ","R","15","    12.8"," ","P","16","     5.1"," ","P","16","     2.2"," ","P","16","     0.5"," ","P","16","     0.2"," ","P","16","     0.0"," ","P","16","     0.0"," ","P","16","     0.0"," ","P","16","    0.02"," ","P","16","    0.07"," ","P","16","    0.18"," ","P","16","    0.21"," ","R","13","    0.21"," ","R","13","     0.4"," ","P","15","     0.0"," ","P","15","     0.0"," ","P","15","     0.0"," ","P","15","     0.0"," ","P","15","     0.0"," ","P","15","     0.0"," ","P","15","     0.0"," ","P","15"," -9999.0","Y"," "," 0"," -9999.0","Y"," "," 0"," -9999.0","Y"," "," 0","     0.1"," ","P","11","     0.1"," ","P","11"
"USC00024849","01-14"," 36.8644","-111.6022"," 978.4","LEES FERRY, AZ US","01","14","99","    38.6"," ","R","15","    47.9"," ","R","15","    29.3"," ","R","16","    18.6"," ","R","15","     5.0"," ","R","15","     6.3"," ","R","15","     5.4"," ","R","16","     6.2"," ","R","15","    26.4"," ","R","15","     2.7"," ","R","15","     6.6"," ","R","15","    11.4"," ","R","15","    16.4"," ","R","15","    18.4"," ","R","15","    21.4"," ","R","15","     0.0"," ","R","15","     1.3"," ","R","15","     0.2"," ","R","15","     0.0","X","R","15","     0.0"," ","R","15","     0.0"," ","R","15","     0.0"," ","R","15","     0.0"," ","R","15","     0.0"," ","R","15","     0.0"," ","R","15","     1.3"," ","R","15","     0.2"," ","R","15","     0.0","X","R","15","     0.0"," ","R","15","     0.0"," ","R","15","     0.0"," ","R","15","     0.0"," ","R","15","     0.0"," ","R","15","     1.2"," ","R","15","     0.8"," ","R","15","    12.8"," ","P","16","     5.1"," ","P","16","     2.2"," ","P","16","     0.5"," ","P","16","     0.2"," ","P","16","     0.0"," ","P","16","     0.0"," ","P","16","     0.0"," ","P","16","    0.02"," ","P","16","    0.07"," ","P","16","    0.18"," ","P","16","    0.23"," ","R","13","    0.23"," ","R","13","     0.4"," ","P","15","     0.0"," ","P","15","     0.0"," ","P","15","     0.0"," ","P","15","     0.0"," ","P","15","     0.0"," ","P","15","     0.0"," ","P","15","     0.0"," ","P","15"," -9999.0","Y"," "," 0"," -9999.0","Y"," "," 0"," -9999.0","Y"," "," 0","     0.1"," ","P","11","     0.1"," ","P","11"
"USC00024849","01-15"," 36.8644","-111.6022"," 978.4","LEES FERRY, AZ US","01","15","99","    38.7"," ","R","15","    48.0"," ","R","15","    29.3"," ","R","16","    18.7"," ","R","15","     5.0"," ","R","15","     6.4"," ","R","15","     5.4"," ","R","16","     6.2"," ","R","15","    26.3"," ","R","15","     2.7"," ","R","15","     6.6"," ","R","15","    11.4"," ","R","15","    16.3"," ","R","15","    18.3"," ","R","15","    21.3"," ","R","15","     0.0"," ","R","15","     1.3"," ","R","15","     0.2"," ","R","15","     0.0","X","R","15","     0.0"," ","R","15","     0.0"," ","R","15","     0.0"," ","R","15","     0.0"," ","R","15","     0.0"," ","R","15","     0.0"," ","R","15","     1.3"," ","R","15","     0.2"," ","R","15","     0.0","X","R","15","     0.0"," ","R","15","     0.0"," ","R","15","     0.0"," ","R","15","     0.0"," ","R","15","     0.0"," ","R","15","     1.2"," ","R","15","     0.8"," ","R","15","    12.8"," ","P","16","     5.1"," ","P","16","     2.2"," ","P","16","     0.5"," ","P","16","     0.2"," ","P","16","     0.0"," ","P","16","     0.0"," ","P","16","     0.0"," ","P","16","    0.02"," ","P","16","    0.07"," ","P","16","    0.18"," ","P","16","    0.25"," ","R","13","    0.25"," ","R","13","     0.4"," ","P","15","     0.0"," ","P","15","     0.0"," ","P","15","     0.0"," ","P","15","     0.0"," ","P","15","     0.0"," ","P","15","     0.0"," ","P","15","     0.0"," ","P","15"," -9999.0","Y"," "," 0"," -9999.0","Y"," "," 0"," -9999.0","Y"," "," 0","     0.1"," ","P","11","     0.1"," ","P","11"
"USC00024849","01-16"," 36.8644","-111.6022"," 978.4","LEES FERRY, AZ US","01","16","99","    38.7"," ","R","15","    48.1"," ","R","15","    29.3"," ","R","16","    18.8"," ","R","15","     5.0"," ","R","15","     6.4"," ","R","15","     5.3"," ","R","16","     6.2"," ","R","15","    26.3"," ","R","15","     2.7"," ","R","15","     6.5"," ","R","15","    11.3"," ","R","15","    16.3"," ","R","15","    18.3"," ","R","15","    21.3"," ","R","15","     0.0"," ","R","15","     1.4"," ","R","15","     0.3"," ","R","15","     0.0","X","R","15","     0.0"," ","R","15","     0.0"," ","R","15","     0.0"," ","R","15","     0.0"," ","R","15","     0.0"," ","R","15","     0.0"," ","R","15","     1.4"," ","R","15","     0.3"," ","R","15","     0.0","X","R","15","     0.0"," ","R","15","     0.0"," ","R","15","     0.0"," ","R","15","     0.0"," ","R","15","     0.0"," ","R","15","     1.3"," ","R","15","     0.8"," ","R","15","    12.7"," ","P","16","     5.2"," ","P","16","     2.3"," ","P","16","     0.5"," ","P","16","     0.2"," ","P","16","     0.0"," ","P","16","     0.0"," ","P","16","     0.0"," ","P","16","    0.02"," ","P","16","    0.07"," ","P","16","    0.18"," ","P","16","    0.27"," ","R","13","    0.27"," ","R","13","     0.4"," ","P","15","     0.0"," ","P","15","     0.0"," ","P","15","     0.0"," ","P","15","     0.0"," ","P","15","     0.0"," ","P","15","     0.0"," ","P","15","     0.0"," ","P","15"," -9999.0","Y"," "," 0"," -9999.0","Y"," "," 0"," -9999.0","Y"," "," 0","     0.1"," ","P","11","     0.1"," ","P","11"
"USC00024849","01-17"," 36.8644","-111.6022"," 978.4","LEES FERRY, AZ US","01","17","99","    38.8"," ","R","15","    48.3"," ","R","15","    29.3"," ","R","16","    19.0"," ","R","15","     5.0"," ","R","15","     6.4"," ","R","15","     5.3"," ","R","16","     6.1"," ","R","15","    26.2"," ","R","15","     2.6"," ","R","15","     6.5"," ","R","15","    11.2"," ","R","15","    16.2"," ","R","15","    18.2"," ","R","15","    21.2"," ","R","15","     0.0"," ","R","15","     1.4"," ","R","15","     0.3"," ","R","15","     0.0","X","R","15","     0.0"," ","R","15","     0.0"," ","R","15","     0.0"," ","R","15","     0.0"," ","R","15","     0.0"," ","R","15","     0.0"," ","R","15","     1.4"," ","R","15","     0.3"," ","R","15","     0.0","X","R","15","     0.0"," ","R","15","     0.0"," ","R","15","     0.0"," ","R","15","     0.0"," ","R","15","     0.0"," ","R","15","     1.3"," ","R","15","     0.8"," ","R","15","    12.7"," ","P","16","     5.2"," ","P","16","     2.3"," ","P","16","     0.5"," ","P","16","     0.2"," ","P","16","     0.0"," ","P","16","     0.0"," ","P","16","     0.0"," ","P","16","    0.02"," ","P","16","    0.07"," ","P","16","    0.19"," ","P","16","    0.29"," ","R","13","    0.29"," ","R","13","     0.4"," ","P","15","     0.0"," ","P","15","     0.0"," ","P","15","     0.0"," ","P","15","     0.0"," ","P","15","     0.0"," ","P","15","     0.0"," ","P","15","     0.0"," ","P","15"," -9999.0","Y"," "," 0"," -9999.0","Y"," "," 0"," -9999.0","Y"," "," 0","     0.1"," ","P","11","     0.1"," ","P","11"
"USC00024849","01-18"," 36.8644","-111.6022"," 978.4","LEES FERRY, AZ US","01","18","99","    38.9"," ","R","15","    48.4"," ","R","15","    29.4"," ","R","16","    19.1"," ","R","15","     5.0"," ","R","15","     6.4"," ","R","15","     5.3"," ","R","16","     6.1"," ","R","15","    26.1"," ","R","15","     2.6"," ","R","15","     6.4"," ","R","15","    11.1"," ","R","15","    16.1"," ","R","15","    18.1"," ","R","15","    21.1"," ","R","15","     0.0"," ","R","15","     1.5"," ","R","15","     0.3"," ","R","15","     0.0","X","R","15","     0.0"," ","R","15","     0.0"," ","R","15","     0.0"," ","R","15","     0.0"," ","R","15","     0.0"," ","R","15","     0.0"," ","R","15","     1.5"," ","R","15","     0.3"," ","R","15","     0.0","X","R","15","     0.0"," ","R","15","     0.0"," ","R","15","     0.0"," ","R","15","     0.0"," ","R","15","     0.0"," ","R","15","     1.3"," ","R","15","     0.8"," ","R","15","    12.7"," ","P","16","     5.3"," ","P","16","     2.3"," ","P","16","     0.6"," ","P","16","     0.2"," ","P","16","     0.0"," ","P","16","     0.0"," ","P","16","     0.0"," ","P","16","    0.02"," ","P","16","    0.07"," ","P","16","    0.19"," ","P","16","    0.31"," ","R","13","    0.31"," ","R","13","     0.3"," ","P","15","     0.0"," ","P","15","     0.0"," ","P","15","     0.0"," ","P","15","     0.0"," ","P","15","     0.0"," ","P","15","     0.0"," ","P","15","     0.0"," ","P","15"," -9999.0","Y"," "," 0"," -9999.0","Y"," "," 0"," -9999.0","Y"," "," 0","     0.1"," ","P","11","     0.1"," ","P","11"
"USC00024849","01-19"," 36.8644","-111.6022"," 978.4","LEES FERRY, AZ US","01","19","99","    39.0"," ","R","15","    48.6"," ","R","15","    29.4"," ","R","16","    19.2"," ","R","15","     5.0"," ","R","15","     6.4"," ","R","15","     5.3"," ","R","16","     6.1"," ","R","15","    26.0"," ","R","15","     2.5"," ","R","15","     6.3"," ","R","15","    11.0"," ","R","15","    16.0"," ","R","15","    18.0"," ","R","15","    21.0"," ","R","15","     0.0"," ","R","15","     1.5"," ","R","15","     0.3"," ","R","15","     0.0","X","R","15","     0.0"," ","R","15","     0.0"," ","R","15","     0.0"," ","R","15","     0.0"," ","R","15","     0.0"," ","R","15","     0.0"," ","R","15","     1.5"," ","R","15","     0.3"," ","R","15","     0.0","X","R","15","     0.0"," ","R","15","     0.0"," ","R","15","     0.0"," ","R","15","     0.0"," ","R","15","     0.0"," ","R","15","     1.3"," ","R","15","     0.9"," ","R","15","    12.7"," ","P","15","     5.3"," ","P","15","     2.3"," ","P","15","     0.6"," ","P","15","     0.2"," ","P","15","     0.0"," ","P","15","     0.0"," ","P","15","     0.0"," ","P","15","    0.02"," ","P","15","    0.07"," ","P","15","    0.19"," ","P","15","    0.33"," ","R","13","    0.33"," ","R","13","     0.3"," ","P","15","     0.0"," ","P","15","     0.0"," ","P","15","     0.0"," ","P","15","     0.0"," ","P","15","     0.0"," ","P","15","     0.0"," ","P","15","     0.0"," ","P","15"," -9999.0","Y"," "," 0"," -9999.0","Y"," "," 0"," -9999.0","Y"," "," 0","     0.1"," ","P","11","     0.1"," ","P","11"
"USC00024849","01-20"," 36.8644","-111.6022"," 978.4","LEES FERRY, AZ US","01","20","99","    39.1"," ","R","15","    48.7"," ","R","15","    29.4"," ","R","16","    19.3"," ","R","15","     5.0"," ","R","15","     6.4"," ","R","15","     5.3"," ","R","16","     6.1"," ","R","15","    25.9"," ","R","15","     2.5"," ","R","15","     6.2"," ","R","15","    10.9"," ","R","15","    15.9"," ","R","15","    17.9"," ","R","15","    20.9"," ","R","15","     0.0"," ","R","15","     1.5"," ","R","15","     0.3"," ","R","15","     0.0","X","R","15","     0.0"," ","R","15","     0.0"," ","R","15","     0.0"," ","R","15","     0.0"," ","R","15","     0.0"," ","R","15","     0.0"," ","R","15","     1.5"," ","R","15","     0.3"," ","R","15","     0.0","X","R","15","     0.0"," ","R","15","     0.0"," ","R","15","     0.0"," ","R","15","     0.0"," ","R","15","     0.0"," ","R","15","     1.4"," ","R","15","     0.9"," ","R","15","    12.7"," ","P","15","     5.4"," ","P","15","     2.3"," ","P","15","     0.6"," ","P","15","     0.2"," ","P","15","     0.0"," ","P","15","     0.0"," ","P","15","     0.0"," ","P","15","    0.02"," ","P","15","    0.07"," ","P","15","    0.19"," ","P","15","    0.34"," ","R","13","    0.34"," ","R","13","     0.3"," ","P","15","     0.0"," ","P","15","     0.0"," ","P","15","     0.0"," ","P","15","     0.0"," ","P","15","     0.0"," ","P","15","     0.0"," ","P","15","     0.0"," ","P","15"," -9999.0","Y"," "," 0"," -9999.0","Y"," "," 0"," -9999.0","Y"," "," 0","     0.1"," ","P","11","     0.1"," ","P","11"
"USC00024849","01-21"," 36.8644","-111.6022"," 978.4","LEES FERRY, AZ US","01","21","99","    39.2"," ","R","15","    48.9"," ","R","15","    29.5"," ","R","16","    19.4"," ","R","15","     5.0"," ","R","15","     6.4"," ","R","15","     5.4"," ","R","16","     6.1"," ","R","15","    25.8"," ","R","15","     2.4"," ","R","15","     6.2"," ","R","15","    10.8"," ","R","15","    15.8"," ","R","15","    17.8"," ","R","15","    20.8"," ","R","15","     0.0"," ","R","15","     1.6"," ","R","15","     0.4"," ","R","15","     0.0","X","R","15","     0.0"," ","R","15","     0.0"," ","R","15","     0.0"," ","R","15","     0.0"," ","R","15","     0.0"," ","R","15","     0.0"," ","R","15","     1.6"," ","R","15","     0.4"," ","R","15","     0.0","X","R","15","     0.0"," ","R","15","     0.0"," ","R","15","     0.0"," ","R","15","     0.0"," ","R","15","     0.0"," ","R","15","     1.4"," ","R","15","     0.9"," ","R","15","    12.6"," ","P","15","     5.4"," ","P","15","     2.3"," ","P","15","     0.6"," ","P","15","     0.2"," ","P","15","     0.0"," ","P","15","     0.0"," ","P","15","     0.0"," ","P","15","    0.02"," ","P","15","    0.07"," ","P","15","    0.19"," ","P","15","    0.36"," ","R","13","    0.36"," ","R","13","     0.3"," ","P","15","     0.0"," ","P","15","     0.0"," ","P","15","     0.0"," ","P","15","     0.0"," ","P","15","     0.0"," ","P","15","     0.0"," ","P","15","     0.0"," ","P","15"," -9999.0","Y"," "," 0"," -9999.0","Y"," "," 0"," -9999.0","Y"," "," 0","     0.1"," ","P","11","     0.1"," ","P","11"
"USC00024849","01-22"," 36.8644","-111.6022"," 978.4","LEES FERRY, AZ US","01","22","99","    39.3"," ","R","15","    49.1"," ","R","15","    29.5"," ","R","16","    19.5"," ","R","15","     5.1"," ","R","15","     6.4"," ","R","15","     5.4"," ","R","16","     6.1"," ","R","15","    25.7"," ","R","15","     2.4"," ","R","15","     6.1"," ","R","15","    10.7"," ","R","15","    15.7"," ","R","15","    17.7"," ","R","15","    20.7"," ","R","15","     0.0"," ","R","15","     1.7"," ","R","15","     0.4"," ","R","15","     0.0","X","R","15","     0.0"," ","R","15","     0.0"," ","R","15","     0.0"," ","R","15","     0.0"," ","R","15","     0.0"," ","R","15","     0.0"," ","R","15","     1.7"," ","R","15","     0.4"," ","R","15","     0.0","X","R","15","     0.0"," ","R","15","     0.0"," ","R","15","     0.0"," ","R","15","     0.0"," ","R","15","     0.0"," ","R","15","     1.5"," ","R","15","     1.0"," ","R","15","    12.6"," ","P","15","     5.5"," ","P","15","     2.3"," ","P","15","     0.6"," ","P","15","     0.2"," ","P","15","     0.0"," ","P","15","     0.0"," ","P","15","     0.0"," ","P","15","    0.02"," ","P","15","    0.07"," ","P","15","    0.19"," ","P","15","    0.38"," ","R","13","    0.38"," ","R","13","     0.3"," ","P","15","     0.0"," ","P","15","     0.0"," ","P","15","     0.0"," ","P","15","     0.0"," ","P","15","     0.0"," ","P","15","     0.0"," ","P","15","     0.0"," ","P","15"," -9999.0","Y"," "," 0"," -9999.0","Y"," "," 0"," -9999.0","Y"," "," 0","     0.1"," ","P","11","     0.1"," ","P","11"
"USC00024849","01-23"," 36.8644","-111.6022"," 978.4","LEES FERRY, AZ US","01","23","99","    39.4"," ","R","15","    49.2"," ","R","15","    29.6"," ","R","16","    19.7"," ","R","15","     5.1"," ","R","15","     6.4"," ","R","15","     5.4"," ","R","16","     6.1"," ","R","15","    25.6"," ","R","15","     2.3"," ","R","15","     6.0"," ","R","15","    10.6"," ","R","15","    15.6"," ","R","15","    17.6"," ","R","15","    20.6"," ","R","15","     0.0"," ","R","15","     1.7"," ","R","15","     0.4"," ","R","15","     0.0","X","R","15","     0.0"," ","R","15","     0.0"," ","R","15","     0.0"," ","R","15","     0.0"," ","R","15","     0.0"," ","R","15","     0.0"," ","R","15","     1.7"," ","R","15","     0.4"," ","R","15","     0.0","X","R","15","     0.0"," ","R","15","     0.0"," ","R","15","     0.0"," ","R","15","     0.0"," ","R","15","     0.0"," ","R","15","     1.5"," ","R","15","     1.0"," ","R","15","    12.6"," ","P","15","     5.5"," ","P","15","     2.3"," ","P","15","     0.6"," ","P","15","     0.2"," ","P","15","     0.0"," ","P","15","     0.0"," ","P","15","     0.0"," ","P","15","    0.02"," ","P","15","    0.07"," ","P","15","    0.19"," ","P","15","    0.40"," ","R","13","    0.40"," ","R","13","     0.3"," ","P","15","     0.0"," ","P","15","     0.0"," ","P","15","     0.0"," ","P","15","     0.0"," ","P","15","     0.0"," ","P","15","     0.0"," ","P","15","     0.0"," ","P","15"," -9999.0","Y"," "," 0"," -9999.0","Y"," "," 0"," -9999.0","Y"," "," 0","     0.1"," ","P","11","     0.1"," ","P","11"
"USC00024849","01-24"," 36.8644","-111.6022"," 978.4","LEES FERRY, AZ US","01","24","99","    39.5"," ","R","15","    49.4"," ","R","15","    29.7"," ","R","16","    19.8"," ","R","15","     5.1"," ","R","15","     6.4"," ","R","15","     5.4"," ","R","16","     6.1"," ","R","15","    25.5"," ","R","15","     2.3"," ","R","15","     5.9"," ","R","15","    10.5"," ","R","15","    15.5"," ","R","15","    17.5"," ","R","15","    20.5"," ","R","15","     0.0"," ","R","15","     1.8"," ","R","15","     0.5"," ","R","15","     0.0","X","R","15","     0.0"," ","R","15","     0.0"," ","R","15","     0.0"," ","R","15","     0.0"," ","R","15","     0.0"," ","R","15","     0.0"," ","R","15","     1.8"," ","R","15","     0.5"," ","R","15","     0.0","X","R","15","     0.0"," ","R","15","     0.0"," ","R","15","     0.0"," ","R","15","     0.0"," ","R","15","     0.0"," ","R","15","     1.6"," ","R","15","     1.1"," ","R","15","    12.6"," ","P","15","     5.6"," ","P","15","     2.3"," ","P","15","     0.7"," ","P","15","     0.2"," ","P","15","     0.0"," ","P","15","     0.0"," ","P","15","     0.0"," ","P","15","    0.02"," ","P","15","    0.07"," ","P","15","    0.19"," ","P","15","    0.41"," ","R","13","    0.41"," ","R","13","     0.2"," ","P","15","     0.0"," ","P","15","     0.0"," ","P","15","     0.0"," ","P","15","     0.0"," ","P","15","     0.0"," ","P","15","     0.0"," ","P","15","     0.0"," ","P","15"," -9999.0","Y"," "," 0"," -9999.0","Y"," "," 0"," -9999.0","Y"," "," 0","     0.1"," ","P","11","     0.1"," ","P","11"
"USC00024849","01-25"," 36.8644","-111.6022"," 978.4","LEES FERRY, AZ US","01","25","99","    39.7"," ","R","15","    49.6"," ","R","15","    29.7"," ","R","16","    19.9"," ","R","15","     5.1"," ","R","15","     6.5"," ","R","15","     5.5"," ","R","16","     6.1"," ","R","15","    25.3"," ","R","15","     2.2"," ","R","15","     5.8"," ","R","15","    10.4"," ","R","15","    15.3"," ","R","15","    17.3"," ","R","15","    20.3"," ","R","15","     0.0"," ","R","15","     1.9"," ","R","15","     0.5"," ","R","15","     0.0","X","R","15","     0.0","X","R","15","     0.0"," ","R","15","     0.0"," ","R","15","     0.0"," ","R","15","     0.0"," ","R","15","     0.0"," ","R","15","     1.9"," ","R","15","     0.5"," ","R","15","     0.0","X","R","15","     0.0","X","R","15","     0.0"," ","R","15","     0.0"," ","R","15","     0.0"," ","R","15","     0.0"," ","R","15","     1.7"," ","R","15","     1.2"," ","R","15","    12.7"," ","P","15","     5.7"," ","P","15","     2.3"," ","P","15","     0.7"," ","P","15","     0.2"," ","P","15","     0.0"," ","P","15","     0.0"," ","P","15","     0.0"," ","P","15","    0.03"," ","P","15","    0.08"," ","P","15","    0.19"," ","P","15","    0.43"," ","R","13","    0.43"," ","R","13","     0.2"," ","P","16","     0.0"," ","P","16","     0.0"," ","P","16","     0.0"," ","P","16","     0.0"," ","P","16","     0.0"," ","P","16","     0.0"," ","P","16","     0.0"," ","P","16"," -9999.0","Y"," "," 0"," -9999.0","Y"," "," 0"," -9999.0","Y"," "," 0","     0.1"," ","P","11","     0.1"," ","P","11"
"USC00024849","01-26"," 36.8644","-111.6022"," 978.4","LEES FERRY, AZ US","01","26","99","    39.8"," ","R","15","    49.8"," ","R","15","    29.8"," ","R","16","    20.0"," ","R","15","     5.1"," ","R","15","     6.5"," ","R","15","     5.5"," ","R","16","     6.1"," ","R","15","    25.2"," ","R","15","     2.2"," ","R","15","     5.7"," ","R","15","    10.2"," ","R","15","    15.2"," ","R","15","    17.2"," ","R","15","    20.2"," ","R","15","     0.0"," ","R","15","     2.0"," ","R","15","     0.5"," ","R","15","     0.1"," ","R","15","     0.0","X","R","15","     0.0"," ","R","15","     0.0"," ","R","15","     0.0"," ","R","15","     0.0"," ","R","15","     0.0"," ","R","15","     2.0"," ","R","15","     0.5"," ","R","15","     0.1"," ","R","15","     0.0","X","R","15","     0.0"," ","R","15","     0.0"," ","R","15","     0.0"," ","R","15","     0.0"," ","R","15","     1.7"," ","R","15","     1.2"," ","R","15","    12.9"," ","P","15","     5.8"," ","P","15","     2.3"," ","P","15","     0.7"," ","P","15","     0.2"," ","P","15","     0.0"," ","P","15","     0.0"," ","P","15","     0.0"," ","P","15","    0.03"," ","P","15","    0.08"," ","P","15","    0.18"," ","P","15","    0.45"," ","R","13","    0.45"," ","R","13","     0.2"," ","P","16","     0.0"," ","P","16","     0.0"," ","P","16","     0.0"," ","P","16","     0.0"," ","P","16","     0.0"," ","P","16","     0.0"," ","P","16","     0.0"," ","P","16"," -9999.0","Y"," "," 0"," -9999.0","Y"," "," 0"," -9999.0","Y"," "," 0","     0.1"," ","P","11","     0.1"," ","P","11"
"USC00024849","01-27"," 36.8644","-111.6022"," 978.4","LEES FERRY, AZ US","01","27","99","    40.0"," ","R","15","    50.0"," ","R","15","    29.9"," ","R","16","    20.1"," ","R","15","     5.1"," ","R","15","     6.5"," ","R","15","     5.5"," ","R","16","     6.1"," ","R","15","    25.0"," ","R","15","     2.1"," ","R","15","     5.6"," ","R","15","    10.1"," ","R","15","    15.0"," ","R","15","    17.0"," ","R","15","    20.0"," ","R","15","     0.0"," ","R","15","     2.1"," ","R","15","     0.6"," ","R","15","     0.1"," ","R","15","     0.0","X","R","15","     0.0"," ","R","15","     0.0"," ","R","15","     0.0"," ","R","15","     0.0"," ","R","15","     0.0"," ","R","15","     2.1"," ","R","15","     0.6"," ","R","15","     0.1"," ","R","15","     0.0","X","R","15","     0.0"," ","R","15","     0.0"," ","R","15","     0.0"," ","R","15","     0.0"," ","R","15","     1.8"," ","R","15","     1.3"," ","R","15","    13.0"," ","P","15","     5.9"," ","P","15","     2.3"," ","P","15","     0.7"," ","P","15","     0.2"," ","P","15","     0.0"," ","P","15","     0.0"," ","P","15","     0.0"," ","P","15","    0.03"," ","P","15","    0.08"," ","P","15","    0.18"," ","P","15","    0.47"," ","R","13","    0.47"," ","R","13","     0.2"," ","P","16","     0.0"," ","P","16","     0.0"," ","P","16","     0.0"," ","P","16","     0.0"," ","P","16","     0.0"," ","P","16","     0.0"," ","P","16","     0.0"," ","P","16"," -9999.0","Y"," "," 0"," -9999.0","Y"," "," 0"," -9999.0","Y"," "," 0","     0.1"," ","P","11","     0.1"," ","P","11"
"USC00024849","01-28"," 36.8644","-111.6022"," 978.4","LEES FERRY, AZ US","01","28","99","    40.1"," ","R","15","    50.2"," ","R","15","    30.0"," ","R","16","    20.2"," ","R","15","     5.1"," ","R","15","     6.5"," ","R","15","     5.5"," ","R","16","     6.2"," ","R","15","    24.9"," ","R","15","     2.0"," ","R","15","     5.5"," ","R","15","    10.0"," ","R","15","    14.9"," ","R","15","    16.9"," ","R","15","    19.9"," ","R","15","     0.0"," ","R","15","     2.1"," ","R","15","     0.6"," ","R","15","     0.1"," ","R","15","     0.0","X","R","15","     0.0"," ","R","15","     0.0"," ","R","15","     0.0"," ","R","15","     0.0"," ","R","15","     0.0"," ","R","15","     2.1"," ","R","15","     0.6"," ","R","15","     0.1"," ","R","15","     0.0","X","R","15","     0.0"," ","R","15","     0.0"," ","R","15","     0.0"," ","R","15","     0.0"," ","R","15","     1.9"," ","R","15","     1.3"," ","R","15","    13.1"," ","P","15","     6.0"," ","P","15","     2.3"," ","P","15","     0.7"," ","P","15","     0.2"," ","P","15","     0.0"," ","P","15","     0.0"," ","P","15","     0.0"," ","P","15","    0.03"," ","P","15","    0.08"," ","P","15","    0.18"," ","P","15","    0.49"," ","R","13","    0.49"," ","R","13","     0.2"," ","P","16","     0.0"," ","P","16","     0.0"," ","P","16","     0.0"," ","P","16","     0.0"," ","P","16","     0.0"," ","P","16","     0.0"," ","P","16","     0.0"," ","P","16"," -9999.0","Y"," "," 0"," -9999.0","Y"," "," 0"," -9999.0","Y"," "," 0","     0.1"," ","P","11","     0.1"," ","P","11"
"USC00024849","01-29"," 36.8644","-111.6022"," 978.4","LEES FERRY, AZ US","01","29","99","    40.3"," ","R","15","    50.4"," ","R","15","    30.1"," ","R","16","    20.3"," ","R","15","     5.1"," ","R","15","     6.4"," ","R","15","     5.5"," ","R","16","     6.2"," ","R","15","    24.7"," ","R","15","     1.9"," ","R","15","     5.3"," ","R","15","     9.8"," ","R","15","    14.7"," ","R","15","    16.7"," ","R","15","    19.7"," ","R","15","     0.0"," ","R","15","     2.2"," ","R","15","     0.6"," ","R","15","     0.1"," ","R","15","     0.0","X","R","15","     0.0"," ","R","15","     0.0"," ","R","15","     0.0"," ","R","15","     0.0"," ","R","15","     0.0"," ","R","15","     2.2"," ","R","15","     0.6"," ","R","15","     0.1"," ","R","15","     0.0","X","R","15","     0.0"," ","R","15","     0.0"," ","R","15","     0.0"," ","R","15","     0.0"," ","R","15","     2.0"," ","R","15","     1.4"," ","R","15","    13.2"," ","P","15","     6.1"," ","P","15","     2.3"," ","P","15","     0.7"," ","P","15","     0.2"," ","P","15","     0.0"," ","P","15","     0.0"," ","P","15","     0.0"," ","P","15","    0.03"," ","P","15","    0.08"," ","P","15","    0.18"," ","P","15","    0.51"," ","R","13","    0.51"," ","R","13","     0.2"," ","P","16","     0.0"," ","P","16","     0.0"," ","P","16","     0.0"," ","P","16","     0.0"," ","P","16","     0.0"," ","P","16","     0.0"," ","P","16","     0.0"," ","P","16"," -9999.0","Y"," "," 0"," -9999.0","Y"," "," 0"," -9999.0","Y"," "," 0","     0.1"," ","P","11","     0.1"," ","P","11"
"USC00024849","01-30"," 36.8644","-111.6022"," 978.4","LEES FERRY, AZ US","01","30","99","    40.5"," ","R","15","    50.7"," ","R","15","    30.3"," ","R","16","    20.4"," ","R","15","     5.1"," ","R","15","     6.4"," ","R","15","     5.5"," ","R","16","     6.2"," ","R","15","    24.5"," ","R","15","     1.8"," ","R","15","     5.1"," ","R","15","     9.6"," ","R","15","    14.5"," ","R","15","    16.5"," ","R","15","    19.5"," ","R","15","     0.0"," ","R","15","     2.3"," ","R","15","     0.6"," ","R","15","     0.1"," ","R","15","     0.0","X","R","15","     0.0"," ","R","15","     0.0"," ","R","15","     0.0"," ","R","15","     0.0"," ","R","15","     0.0"," ","R","15","     2.3"," ","R","15","     0.6"," ","R","15","     0.1"," ","R","15","     0.0","X","R","15","     0.0"," ","R","15","     0.0"," ","R","15","     0.0"," ","R","15","     0.0"," ","R","15","     2.0"," ","R","15","     1.5"," ","R","15","    13.3"," ","P","15","     6.1"," ","P","15","     2.3"," ","P","15","     0.7"," ","P","15","     0.2"," ","P","15","     0.0"," ","P","15","     0.0"," ","P","15","     0.0"," ","P","15","    0.03"," ","P","15","    0.08"," ","P","15","    0.18"," ","P","15","    0.53"," ","R","13","    0.53"," ","R","13","     0.1"," ","P","16","     0.0"," ","P","16","     0.0"," ","P","16","     0.0"," ","P","16","     0.0"," ","P","16","     0.0"," ","P","16","     0.0"," ","P","16","     0.0"," ","P","16"," -9999.0","Y"," "," 0"," -9999.0","Y"," "," 0"," -9999.0","Y"," "," 0","     0.1"," ","P","11","     0.1"," ","P","11"
"USC00024849","01-31"," 36.8644","-111.6022"," 978.4","LEES FERRY, AZ US","01","31","99","    40.7"," ","R","15","    50.9"," ","R","15","    30.4"," ","R","16","    20.5"," ","R","15","     5.1"," ","R","15","     6.4"," ","R","15","     5.5"," ","R","16","     6.2"," ","R","15","    24.3"," ","R","15","     1.7"," ","R","15","     5.0"," ","R","15","     9.4"," ","R","15","    14.4"," ","R","15","    16.3"," ","R","15","    19.3"," ","R","15","     0.0"," ","R","15","     2.4"," ","R","15","     0.6"," ","R","15","     0.1"," ","R","15","     0.0","X","R","15","     0.0"," ","R","15","     0.0"," ","R","15","     0.0"," ","R","15","     0.0"," ","R","15","     0.0"," ","R","15","     2.4"," ","R","15","     0.6"," ","R","15","     0.1"," ","R","15","     0.0","X","R","15","     0.0"," ","R","15","     0.0"," ","R","15","     0.0"," ","R","15","     0.0"," ","R","15","     2.1"," ","R","15","     1.5"," ","R","15","    13.5"," ","P","15","     6.2"," ","P","15","     2.4"," ","P","15","     0.8"," ","P","15","     0.2"," ","P","15","     0.0"," ","P","15","     0.0"," ","P","15","     0.0"," ","P","15","    0.03"," ","P","15","    0.08"," ","P","15","    0.18"," ","P","15","    0.55"," ","R","13","    0.55"," ","R","13","     0.1"," ","P","16","     0.0"," ","P","16","     0.0"," ","P","16","     0.0"," ","P","16","     0.0"," ","P","16","     0.0"," ","P","16","     0.0"," ","P","16","     0.0"," ","P","16"," -9999.0","Y"," "," 0"," -9999.0","Y"," "," 0"," -9999.0","Y"," "," 0","     0.1"," ","P","11","     0.1"," ","P","11"
"USC00024849","02-01"," 36.8644","-111.6022"," 978.4","LEES FERRY, AZ US","02","01","99","    40.8"," ","R","15","    51.1"," ","R","15","    30.6"," ","R","15","    20.6"," ","R","15","     5.1"," ","R","15","     6.4"," ","R","15","     5.5"," ","R","15","     6.2"," ","R","15","    24.1"," ","R","15","     1.7"," ","R","15","     4.8"," ","R","15","     9.2"," ","R","15","    14.2"," ","R","15","    16.1"," ","R","15","    19.1"," ","R","15","     0.0"," ","R","15","     2.5"," ","R","15","     0.6"," ","R","15","     0.1"," ","R","15","     0.0","X","R","15","     0.0"," ","R","15","     0.0"," ","R","15","     0.0"," ","R","15","     0.0"," ","R","15","     0.0"," ","R","15","     2.5"," ","R","15","     0.6"," ","R","15","     0.1"," ","R","15","     0.0","X","R","15","     0.0"," ","R","15","     0.0"," ","R","15","     0.0"," ","R","15","     0.0"," ","R","15","     2.2"," ","R","15","     1.6"," ","R","15","    13.7"," ","P","15","     6.3"," ","P","15","     2.4"," ","P","15","     0.8"," ","P","15","     0.0"," ","P","15","     0.0"," ","P","15","     0.0"," ","P","15","     0.0"," ","P","15","    0.03"," ","P","15","    0.08"," ","P","15","    0.17"," ","P","15","    0.02"," ","R","15","    0.57"," ","R","15","     0.0"," ","P","16","     0.0"," ","P","16","     0.0"," ","P","16","     0.0"," ","P","16","     0.0"," ","P","16","     0.0"," ","P","16","     0.0"," ","P","16","     0.0"," ","P","16"," -9999.0","M"," "," 0"," -9999.0","M"," "," 0"," -9999.0","M"," "," 0","     0.0"," ","P","16","     0.1"," ","P","16"
"USC00024849","02-02"," 36.8644","-111.6022"," 978.4","LEES FERRY, AZ US","02","02","99","    41.1"," ","R","15","    51.4"," ","R","15","    30.7"," ","R","15","    20.7"," ","R","15","     5.1"," ","R","15","     6.4"," ","R","15","     5.5"," ","R","15","     6.3"," ","R","15","    23.9"," ","R","15","     1.6"," ","R","15","     4.6"," ","R","15","     9.0"," ","R","15","    14.0"," ","R","15","    15.9"," ","R","15","    18.9"," ","R","15","     0.0"," ","R","15","     2.6"," ","R","15","     0.7"," ","R","15","     0.1"," ","R","15","     0.0","X","R","15","     0.0"," ","R","15","     0.0"," ","R","15","     0.0"," ","R","15","     0.0"," ","R","15","     0.0"," ","R","15","     2.6"," ","R","15","     0.7"," ","R","15","     0.1"," ","R","15","     0.0","X","R","15","     0.0"," ","R","15","     0.0"," ","R","15","     0.0"," ","R","15","     0.0"," ","R","15","     2.3"," ","R","15","     1.7"," ","R","15","    13.9"," ","P","15","     6.3"," ","P","15","     2.4"," ","P","15","     0.8"," ","P","15","     0.0"," ","P","15","     0.0"," ","P","15","     0.0"," ","P","15","     0.0"," ","P","15","    0.03"," ","P","15","    0.08"," ","P","15","    0.17"," ","P","15","    0.05"," ","R","15","    0.60"," ","R","15","     0.0"," ","P","16","     0.0"," ","P","16","     0.0"," ","P","16","     0.0"," ","P","16","     0.0"," ","P","16","     0.0"," ","P","16","     0.0"," ","P","16","     0.0"," ","P","16"," -9999.0","M"," "," 0"," -9999.0","M"," "," 0"," -9999.0","M"," "," 0","     0.0"," ","P","16","     0.1"," ","P","16"
"USC00024849","02-03"," 36.8644","-111.6022"," 978.4","LEES FERRY, AZ US","02","03","99","    41.3"," ","R","15","    51.6"," ","R","15","    30.9"," ","R","15","    20.7"," ","R","15","     5.1"," ","R","15","     6.5"," ","R","15","     5.6"," ","R","15","     6.3"," ","R","15","    23.7"," ","R","15","     1.5"," ","R","15","     4.4"," ","R","15","     8.8"," ","R","15","    13.7"," ","R","15","    15.7"," ","R","15","    18.7"," ","R","15","     0.0"," ","R","15","     2.8"," ","R","15","     0.7"," ","R","15","     0.1"," ","R","15","     0.0","X","R","15","     0.0"," ","R","15","     0.0"," ","R","15","     0.0"," ","R","15","     0.0"," ","R","15","     0.0"," ","R","15","     2.8"," ","R","15","     0.7"," ","R","15","     0.1"," ","R","15","     0.0","X","R","15","     0.0"," ","R","15","     0.0"," ","R","15","     0.0"," ","R","15","     0.0"," ","R","15","     2.4"," ","R","15","     1.8"," ","R","15","    14.1"," ","P","15","     6.4"," ","P","15","     2.4"," ","P","15","     0.8"," ","P","15","     0.0"," ","P","15","     0.0"," ","P","15","     0.0"," ","P","15","     0.0"," ","P","15","    0.03"," ","P","15","    0.08"," ","P","15","    0.17"," ","P","15","    0.07"," ","R","15","    0.62"," ","R","15","     0.0"," ","P","16","     0.0"," ","P","16","     0.0"," ","P","16","     0.0"," ","P","16","     0.0"," ","P","16","     0.0"," ","P","16","     0.0"," ","P","16","     0.0"," ","P","16"," -9999.0","M"," "," 0"," -9999.0","M"," "," 0"," -9999.0","M"," "," 0","     0.0"," ","P","16","     0.1"," ","P","16"
"USC00024849","02-04"," 36.8644","-111.6022"," 978.4","LEES FERRY, AZ US","02","04","99","    41.5"," ","R","15","    51.9"," ","R","15","    31.1"," ","R","15","    20.8"," ","R","15","     5.1"," ","R","15","     6.5"," ","R","15","     5.6"," ","R","15","     6.4"," ","R","15","    23.5"," ","R","15","     1.4"," ","R","15","     4.3"," ","R","15","     8.6"," ","R","15","    13.5"," ","R","15","    15.5"," ","R","15","    18.5"," ","R","15","     0.0"," ","R","15","     2.9"," ","R","15","     0.8"," ","R","15","     0.1"," ","R","15","     0.0","X","R","15","     0.0"," ","R","15","     0.0"," ","R","15","     0.0"," ","R","15","     0.0"," ","R","15","     0.0"," ","R","15","     2.9"," ","R","15","     0.8"," ","R","15","     0.1"," ","R","15","     0.0","X","R","15","     0.0"," ","R","15","     0.0"," ","R","15","     0.0"," ","R","15","     0.0"," ","R","15","     2.5"," ","R","15","     1.9"," ","R","15","    14.4"," ","P","16","     6.5"," ","P","16","     2.4"," ","P","16","     0.8"," ","P","16","     0.0"," ","P","16","     0.0"," ","P","16","     0.0"," ","P","16","     0.0"," ","P","16","    0.03"," ","P","16","    0.08"," ","P","16","    0.17"," ","P","16","    0.10"," ","R","15","    0.65"," ","R","15","     0.0"," ","P","16","     0.0"," ","P","16","     0.0"," ","P","16","     0.0"," ","P","16","     0.0"," ","P","16","     0.0"," ","P","16","     0.0"," ","P","16","     0.0"," ","P","16"," -9999.0","M"," "," 0"," -9999.0","M"," "," 0"," -9999.0","M"," "," 0","     0.0"," ","P","16","     0.1"," ","P","16"
"USC00024849","02-05"," 36.8644","-111.6022"," 978.4","LEES FERRY, AZ US","02","05","99","    41.7"," ","R","15","    52.2"," ","R","15","    31.3"," ","R","15","    20.9"," ","R","15","     5.1"," ","R","15","     6.5"," ","R","15","     5.6"," ","R","15","     6.4"," ","R","15","    23.3"," ","R","15","     1.4"," ","R","15","     4.1"," ","R","15","     8.4"," ","R","15","    13.3"," ","R","15","    15.3"," ","R","15","    18.3"," ","R","15","     0.0"," ","R","15","     3.1"," ","R","15","     0.8"," ","R","15","     0.2"," ","R","15","     0.0","X","R","15","     0.0"," ","R","15","     0.0"," ","R","15","     0.0"," ","R","15","     0.0"," ","R","15","     0.0"," ","R","15","     3.1"," ","R","15","     0.8"," ","R","15","     0.2"," ","R","15","     0.0","X","R","15","     0.0"," ","R","15","     0.0"," ","R","15","     0.0"," ","R","15","     0.0"," ","R","15","     2.6"," ","R","15","     1.9"," ","R","15","    14.6"," ","P","16","     6.6"," ","P","16","     2.4"," ","P","16","     0.8"," ","P","16","     0.0"," ","P","16","     0.0"," ","P","16","     0.0"," ","P","16","     0.0"," ","P","16","    0.03"," ","P","16","    0.08"," ","P","16","    0.17"," ","P","16","    0.12"," ","R","15","    0.67"," ","R","15","     0.0"," ","P","16","     0.0"," ","P","16","     0.0"," ","P","16","     0.0"," ","P","16","     0.0"," ","P","16","     0.0"," ","P","16","     0.0"," ","P","16","     0.0"," ","P","16"," -9999.0","M"," "," 0"," -9999.0","M"," "," 0"," -9999.0","M"," "," 0","     0.0"," ","P","16","     0.1"," ","P","16"
"USC00024849","02-06"," 36.8644","-111.6022"," 978.4","LEES FERRY, AZ US","02","06","99","    42.0"," ","R","15","    52.4"," ","R","15","    31.5"," ","R","15","    21.0"," ","R","15","     5.1"," ","R","15","     6.5"," ","R","15","     5.6"," ","R","15","     6.4"," ","R","15","    23.0"," ","R","15","     1.3"," ","R","15","     3.9"," ","R","15","     8.2"," ","R","15","    13.0"," ","R","15","    15.0"," ","R","15","    18.0"," ","R","15","     0.0"," ","R","15","     3.3"," ","R","15","     0.9"," ","R","15","     0.2"," ","R","15","     0.0","X","R","15","     0.0"," ","R","15","     0.0"," ","R","15","     0.0"," ","R","15","     0.0"," ","R","15","     0.0"," ","R","15","     3.3"," ","R","15","     0.9"," ","R","15","     0.2"," ","R","15","     0.0","X","R","15","     0.0"," ","R","15","     0.0"," ","R","15","     0.0"," ","R","15","     0.0"," ","R","15","     2.7"," ","R","15","     2.0"," ","R","15","    14.9"," ","P","17","     6.8"," ","P","17","     2.4"," ","P","17","     0.9"," ","P","17","     0.0"," ","P","17","     0.0"," ","P","17","     0.0"," ","P","17","     0.0"," ","P","17","    0.03"," ","P","17","    0.08"," ","P","17","    0.16"," ","P","17","    0.14"," ","R","15","    0.69"," ","R","15","     0.0"," ","P","17","     0.0"," ","P","17","     0.0"," ","P","17","     0.0"," ","P","17","     0.0"," ","P","17","     0.0"," ","P","17","     0.0"," ","P","17","     0.0"," ","P","17"," -9999.0","M"," "," 0"," -9999.0","M"," "," 0"," -9999.0","M"," "," 0","     0.0"," ","P","16","     0.1"," ","P","16"
"USC00024849","02-07"," 36.8644","-111.6022"," 978.4","LEES FERRY, AZ US","02","07","99","    42.2"," ","R","15","    52.7"," ","R","15","    31.7"," ","R","15","    21.0"," ","R","15","     5.1"," ","R","15","     6.5"," ","R","15","     5.5"," ","R","15","     6.5"," ","R","15","    22.8"," ","R","15","     1.2"," ","R","15","     3.7"," ","R","15","     8.0"," ","R","15","    12.8"," ","R","15","    14.8"," ","R","15","    17.8"," ","R","15","     0.0"," ","R","15","     3.5"," ","R","15","     1.0"," ","R","15","     0.2"," ","R","15","     0.0","X","R","15","     0.0"," ","R","15","     0.0"," ","R","15","     0.0"," ","R","15","     0.0"," ","R","15","     0.0"," ","R","15","     3.5"," ","R","15","     1.0"," ","R","15","     0.2"," ","R","15","     0.0","X","R","15","     0.0"," ","R","15","     0.0"," ","R","15","     0.0"," ","R","15","     0.0"," ","R","15","     2.8"," ","R","15","     2.1"," ","R","15","    15.1"," ","P","17","     6.9"," ","P","17","     2.4"," ","P","17","     0.9"," ","P","17","     0.0"," ","P","17","     0.0"," ","P","17","     0.0"," ","P","17","     0.0"," ","P","17","    0.03"," ","P","17","    0.08"," ","P","17","    0.16"," ","P","17","    0.16"," ","R","15","    0.71"," ","R","15","     0.0"," ","P","17","     0.0"," ","P","17","     0.0"," ","P","17","     0.0"," ","P","17","     0.0"," ","P","17","     0.0"," ","P","17","     0.0"," ","P","17","     0.0"," ","P","17"," -9999.0","M"," "," 0"," -9999.0","M"," "," 0"," -9999.0","M"," "," 0","     0.0"," ","P","16","     0.1"," ","P","16"
"USC00024849","02-08"," 36.8644","-111.6022"," 978.4","LEES FERRY, AZ US","02","08","99","    42.5"," ","R","15","    53.0"," ","R","15","    31.9"," ","R","15","    21.1"," ","R","15","     5.1"," ","R","15","     6.5"," ","R","15","     5.5"," ","R","15","     6.5"," ","R","15","    22.5"," ","R","15","     1.2"," ","R","15","     3.6"," ","R","15","     7.7"," ","R","15","    12.5"," ","R","15","    14.5"," ","R","15","    17.5"," ","R","15","     0.0"," ","R","15","     3.6"," ","R","15","     1.0"," ","R","15","     0.2"," ","R","15","     0.0","X","R","15","     0.0"," ","R","15","     0.0"," ","R","15","     0.0"," ","R","15","     0.0"," ","R","15","     0.0"," ","R","15","     3.6"," ","R","15","     1.0"," ","R","15","     0.2"," ","R","15","     0.0","X","R","15","     0.0"," ","R","15","     0.0"," ","R","15","     0.0"," ","R","15","     0.0"," ","R","15","     2.9"," ","R","15","     2.2"," ","R","15","    15.4"," ","P","17","     7.0"," ","P","17","     2.4"," ","P","17","     0.9"," ","P","17","     0.0"," ","P","17","     0.0"," ","P","17","     0.0"," ","P","17","     0.0"," ","P","17","    0.03"," ","P","17","    0.08"," ","P","17","    0.16"," ","P","17","    0.19"," ","R","15","    0.74"," ","R","15","     0.0"," ","P","17","     0.0"," ","P","17","     0.0"," ","P","17","     0.0"," ","P","17","     0.0"," ","P","17","     0.0"," ","P","17","     0.0"," ","P","17","     0.0"," ","P","17"," -9999.0","M"," "," 0"," -9999.0","M"," "," 0"," -9999.0","M"," "," 0","     0.0"," ","P","16","     0.1"," ","P","16"
"USC00024849","02-09"," 36.8644","-111.6022"," 978.4","LEES FERRY, AZ US","02","09","99","    42.7"," ","R","15","    53.3"," ","R","15","    32.2"," ","R","15","    21.1"," ","R","15","     5.1"," ","R","15","     6.5"," ","R","15","     5.5"," ","R","15","     6.6"," ","R","15","    22.2"," ","R","15","     1.0"," ","R","15","     3.3"," ","R","15","     7.5"," ","R","15","    12.3"," ","R","15","    14.3"," ","R","15","    17.3"," ","R","15","     0.0"," ","R","15","     3.8"," ","R","15","     1.1"," ","R","15","     0.2"," ","R","15","     0.0","X","R","15","     0.0"," ","R","15","     0.0"," ","R","15","     0.0"," ","R","15","     0.0"," ","R","15","     0.0"," ","R","15","     3.8"," ","R","15","     1.1"," ","R","15","     0.2"," ","R","15","     0.0","X","R","15","     0.0"," ","R","15","     0.0"," ","R","15","     0.0"," ","R","15","     0.0"," ","R","15","     3.0"," ","R","15","     2.3"," ","R","15","    15.6"," ","P","17","     7.1"," ","P","17","     2.4"," ","P","17","     0.9"," ","P","17","     0.0"," ","P","17","     0.0"," ","P","17","     0.0"," ","P","17","     0.0"," ","P","17","    0.03"," ","P","17","    0.08"," ","P","17","    0.16"," ","P","17","    0.21"," ","R","15","    0.76"," ","R","15","     0.0"," ","P","17","     0.0"," ","P","17","     0.0"," ","P","17","     0.0"," ","P","17","     0.0"," ","P","17","     0.0"," ","P","17","     0.0"," ","P","17","     0.0"," ","P","17"," -9999.0","M"," "," 0"," -9999.0","M"," "," 0"," -9999.0","M"," "," 0","     0.0"," ","P","16","     0.1"," ","P","16"
"USC00024849","02-10"," 36.8644","-111.6022"," 978.4","LEES FERRY, AZ US","02","10","99","    43.0"," ","R","15","    53.6"," ","R","15","    32.4"," ","R","15","    21.2"," ","R","15","     5.1"," ","R","15","     6.5"," ","R","15","     5.5"," ","R","15","     6.6"," ","R","15","    22.0"," ","R","15","     0.9"," ","R","15","     3.1"," ","R","15","     7.2"," ","R","15","    12.0"," ","R","15","    14.0"," ","R","15","    17.0"," ","R","15","     0.0"," ","R","15","     3.9"," ","R","15","     1.1"," ","R","15","     0.2"," ","R","15","     0.0","X","R","15","     0.0"," ","R","15","     0.0"," ","R","15","     0.0"," ","R","15","     0.0"," ","R","15","     0.0"," ","R","15","     3.9"," ","R","15","     1.1"," ","R","15","     0.2"," ","R","15","     0.0","X","R","15","     0.0"," ","R","15","     0.0"," ","R","15","     0.0"," ","R","15","     0.0"," ","R","15","     3.1"," ","R","15","     2.4"," ","R","15","    15.8"," ","P","17","     7.2"," ","P","17","     2.4"," ","P","17","     0.9"," ","P","17","     0.0"," ","P","17","     0.0"," ","P","17","     0.0"," ","P","17","     0.0"," ","P","17","    0.03"," ","P","17","    0.08"," ","P","17","    0.16"," ","P","17","    0.24"," ","R","15","    0.79"," ","R","15","     0.0"," ","P","17","     0.0"," ","P","17","     0.0"," ","P","17","     0.0"," ","P","17","     0.0"," ","P","17","     0.0"," ","P","17","     0.0"," ","P","17","     0.0"," ","P","17"," -9999.0","M"," "," 0"," -9999.0","M"," "," 0"," -9999.0","M"," "," 0","     0.0"," ","P","16","     0.1"," ","P","16"
"USC00024849","02-11"," 36.8644","-111.6022"," 978.4","LEES FERRY, AZ US","02","11","99","    43.3"," ","R","15","    53.9"," ","R","15","    32.7"," ","R","15","    21.2"," ","R","15","     5.0"," ","R","15","     6.6"," ","R","15","     5.5"," ","R","15","     6.7"," ","R","15","    21.7"," ","R","15","     0.8"," ","R","15","     2.9"," ","R","15","     6.9"," ","R","15","    11.7"," ","R","15","    13.7"," ","R","15","    16.7"," ","R","15","     0.0"," ","R","15","     4.1"," ","R","15","     1.2"," ","R","15","     0.2"," ","R","15","     0.0","X","R","15","     0.0"," ","R","15","     0.0"," ","R","15","     0.0"," ","R","15","     0.0"," ","R","15","     0.0"," ","R","15","     4.1"," ","R","15","     1.2"," ","R","15","     0.2"," ","R","15","     0.0","X","R","15","     0.0"," ","R","15","     0.0"," ","R","15","     0.0"," ","R","15","     0.0"," ","R","15","     3.2"," ","R","15","     2.5"," ","R","15","    16.0"," ","P","17","     7.3"," ","P","17","     2.5"," ","P","17","     0.9"," ","P","17","     0.0"," ","P","17","     0.0"," ","P","17","     0.0"," ","P","17","     0.0"," ","P","17","    0.03"," ","P","17","    0.08"," ","P","17","    0.16"," ","P","17","    0.26"," ","R","15","    0.81"," ","R","15","     0.0"," ","P","17","     0.0"," ","P","17","     0.0"," ","P","17","     0.0"," ","P","17","     0.0"," ","P","17","     0.0"," ","P","17","     0.0"," ","P","17","     0.0"," ","P","17"," -9999.0","M"," "," 0"," -9999.0","M"," "," 0"," -9999.0","M"," "," 0","     0.0"," ","P","16","     0.1"," ","P","16"
"USC00024849","02-12"," 36.8644","-111.6022"," 978.4","LEES FERRY, AZ US","02","12","99","    43.6"," ","R","15","    54.2"," ","R","15","    33.0"," ","R","15","    21.3"," ","R","15","     5.0"," ","R","15","     6.6"," ","R","15","     5.5"," ","R","15","     6.7"," ","R","15","    21.4"," ","R","15","     0.7"," ","R","15","     2.7"," ","R","15","     6.6"," ","R","15","    11.4"," ","R","15","    13.4"," ","R","15","    16.4"," ","R","15","     0.0"," ","R","15","     4.3"," ","R","15","     1.3"," ","R","15","     0.2"," ","R","15","     0.0"," ","R","15","     0.0"," ","R","15","     0.0"," ","R","15","     0.0"," ","R","15","     0.0"," ","R","15","     0.0"," ","R","15","     4.3"," ","R","15","     1.3"," ","R","15","     0.2"," ","R","15","     0.0"," ","R","15","     0.0"," ","R","15","     0.0"," ","R","15","     0.0"," ","R","15","     0.0"," ","R","15","     3.3"," ","R","15","     2.6"," ","R","15","    16.3"," ","P","17","     7.4"," ","P","17","     2.5"," ","P","17","     0.9"," ","P","17","     0.0"," ","P","17","     0.0"," ","P","17","     0.0"," ","P","17","     0.0"," ","P","17","    0.03"," ","P","17","    0.08"," ","P","17","    0.16"," ","P","17","    0.29"," ","R","15","    0.84"," ","R","15","     0.0"," ","P","17","     0.0"," ","P","17","     0.0"," ","P","17","     0.0"," ","P","17","     0.0"," ","P","17","     0.0"," ","P","17","     0.0"," ","P","17","     0.0"," ","P","17"," -9999.0","M"," "," 0"," -9999.0","M"," "," 0"," -9999.0","M"," "," 0","     0.0"," ","P","16","     0.1"," ","P","16"
"USC00024849","02-13"," 36.8644","-111.6022"," 978.4","LEES FERRY, AZ US","02","13","99","    43.9"," ","R","15","    54.5"," ","R","15","    33.2"," ","R","15","    21.3"," ","R","15","     5.0"," ","R","15","     6.6"," ","R","15","     5.5"," ","R","15","     6.8"," ","R","15","    21.1"," ","R","15","     0.7"," ","R","15","     2.5"," ","R","15","     6.3"," ","R","15","    11.1"," ","R","15","    13.1"," ","R","15","    16.1"," ","R","15","     0.0"," ","R","15","     4.6"," ","R","15","     1.4"," ","R","15","     0.2"," ","R","15","     0.0","X","R","15","     0.0"," ","R","15","     0.0"," ","R","15","     0.0"," ","R","15","     0.0"," ","R","15","     0.0"," ","R","15","     4.6"," ","R","15","     1.4"," ","R","15","     0.2"," ","R","15","     0.0","X","R","15","     0.0"," ","R","15","     0.0"," ","R","15","     0.0"," ","R","15","     0.0"," ","R","15","     3.5"," ","R","15","     2.7"," ","R","15","    16.4"," ","P","17","     7.5"," ","P","17","     2.5"," ","P","17","     0.9"," ","P","17","     0.0"," ","P","17","     0.0"," ","P","17","     0.0"," ","P","17","     0.0"," ","P","17","    0.03"," ","P","17","    0.08"," ","P","17","    0.16"," ","P","17","    0.32"," ","R","15","    0.87"," ","R","15","     0.0"," ","P","17","     0.0"," ","P","17","     0.0"," ","P","17","     0.0"," ","P","17","     0.0"," ","P","17","     0.0"," ","P","17","     0.0"," ","P","17","     0.0"," ","P","17"," -9999.0","M"," "," 0"," -9999.0","M"," "," 0"," -9999.0","M"," "," 0","     0.0"," ","P","16","     0.1"," ","P","16"
"USC00024849","02-14"," 36.8644","-111.6022"," 978.4","LEES FERRY, AZ US","02","14","99","    44.2"," ","R","15","    54.9"," ","R","15","    33.5"," ","R","15","    21.3"," ","R","15","     5.0"," ","R","15","     6.6"," ","R","15","     5.5"," ","R","15","     6.8"," ","R","15","    20.8"," ","R","15","     0.6"," ","R","15","     2.4"," ","R","15","     6.1"," ","R","15","    10.8"," ","R","15","    12.8"," ","R","15","    15.8"," ","R","15","     0.0"," ","R","15","     4.8"," ","R","15","     1.6"," ","R","15","     0.3"," ","R","15","     0.0","X","R","15","     0.0"," ","R","15","     0.0"," ","R","15","     0.0"," ","R","15","     0.0"," ","R","15","     0.0"," ","R","15","     4.8"," ","R","15","     1.6"," ","R","15","     0.3"," ","R","15","     0.0","X","R","15","     0.0"," ","R","15","     0.0"," ","R","15","     0.0"," ","R","15","     0.0"," ","R","15","     3.6"," ","R","15","     2.8"," ","R","15","    16.6"," ","P","17","     7.6"," ","P","17","     2.5"," ","P","17","     0.9"," ","P","17","     0.0"," ","P","17","     0.0"," ","P","17","     0.0"," ","P","17","     0.0"," ","P","17","    0.03"," ","P","17","    0.08"," ","P","17","    0.16"," ","P","17","    0.34"," ","R","15","    0.89"," ","R","15","     0.0"," ","P","17","     0.0"," ","P","17","     0.0"," ","P","17","     0.0"," ","P","17","     0.0"," ","P","17","     0.0"," ","P","17","     0.0"," ","P","17","     0.0"," ","P","17"," -9999.0","M"," "," 0"," -9999.0","M"," "," 0"," -9999.0","M"," "," 0","     0.0"," ","P","16","     0.1"," ","P","16"
"USC00024849","02-15"," 36.8644","-111.6022"," 978.4","LEES FERRY, AZ US","02","15","99","    44.5"," ","R","15","    55.2"," ","R","15","    33.8"," ","R","15","    21.4"," ","R","15","     5.0"," ","R","15","     6.6"," ","R","15","     5.5"," ","R","15","     6.8"," ","R","15","    20.5"," ","R","15","     0.6"," ","R","15","     2.2"," ","R","15","     5.8"," ","R","15","    10.5"," ","R","15","    12.5"," ","R","15","    15.5"," ","R","15","     0.0"," ","R","15","     5.1"," ","R","15","     1.7"," ","R","15","     0.3"," ","R","15","     0.0","X","R","15","     0.0","X","R","15","     0.0"," ","R","15","     0.0"," ","R","15","     0.0"," ","R","15","     0.0"," ","R","15","     5.1"," ","R","15","     1.7"," ","R","15","     0.3"," ","R","15","     0.0","X","R","15","     0.0","X","R","15","     0.0"," ","R","15","     0.0"," ","R","15","     0.0"," ","R","15","     3.8"," ","R","15","     3.0"," ","R","15","    16.8"," ","P","17","     7.7"," ","P","17","     2.5"," ","P","17","     0.9"," ","P","17","     0.0"," ","P","17","     0.0"," ","P","17","     0.0"," ","P","17","     0.0"," ","P","17","    0.03"," ","P","17","    0.08"," ","P","17","    0.16"," ","P","17","    0.37"," ","R","15","    0.92"," ","R","15","     0.0"," ","P","17","     0.0"," ","P","17","     0.0"," ","P","17","     0.0"," ","P","17","     0.0"," ","P","17","     0.0"," ","P","17","     0.0"," ","P","17","     0.0"," ","P","17"," -9999.0","M"," "," 0"," -9999.0","M"," "," 0"," -9999.0","M"," "," 0","     0.0"," ","P","16","     0.1"," ","P","16"
"USC00024849","02-16"," 36.8644","-111.6022"," 978.4","LEES FERRY, AZ US","02","16","99","    44.8"," ","R","15","    55.5"," ","R","15","    34.1"," ","R","15","    21.4"," ","R","15","     5.0"," ","R","15","     6.6"," ","R","15","     5.5"," ","R","15","     6.9"," ","R","15","    20.2"," ","R","15","     0.5"," ","R","15","     2.0"," ","R","15","     5.5"," ","R","15","    10.2"," ","R","15","    12.2"," ","R","15","    15.2"," ","R","15","     0.0"," ","R","15","     5.3"," ","R","15","     1.9"," ","R","15","     0.4"," ","R","15","     0.0","X","R","15","     0.0","X","R","15","     0.0"," ","R","15","     0.0"," ","R","15","     0.0"," ","R","15","     0.0"," ","R","15","     5.3"," ","R","15","     1.9"," ","R","15","     0.4"," ","R","15","     0.0","X","R","15","     0.0","X","R","15","     0.0"," ","R","15","     0.0"," ","R","15","     0.0"," ","R","15","     3.9"," ","R","15","     3.1"," ","R","15","    16.9"," ","P","17","     7.7"," ","P","17","     2.5"," ","P","17","     0.9"," ","P","17","     0.0"," ","P","17","     0.0"," ","P","17","     0.0"," ","P","17","     0.0"," ","P","17","    0.03"," ","P","17","    0.08"," ","P","17","    0.16"," ","P","17","    0.40"," ","R","15","    0.95"," ","R","15","     0.0"," ","P","17","     0.0"," ","P","17","     0.0"," ","P","17","     0.0"," ","P","17","     0.0"," ","P","17","     0.0"," ","P","17","     0.0"," ","P","17","     0.0"," ","P","17"," -9999.0","M"," "," 0"," -9999.0","M"," "," 0"," -9999.0","M"," "," 0","     0.0"," ","P","16","     0.1"," ","P","16"
"USC00024849","02-17"," 36.8644","-111.6022"," 978.4","LEES FERRY, AZ US","02","17","99","    45.2"," ","R","15","    55.9"," ","R","15","    34.4"," ","R","15","    21.4"," ","R","15","     5.0"," ","R","15","     6.6"," ","R","15","     5.4"," ","R","15","     6.9"," ","R","15","    19.8"," ","R","15","     0.4"," ","R","15","     1.9"," ","R","15","     5.2"," ","R","15","     9.9"," ","R","15","    11.8"," ","R","15","    14.8"," ","R","15","     0.0"," ","R","15","     5.6"," ","R","15","     2.0"," ","R","15","     0.4"," ","R","15","     0.0","X","R","15","     0.0","X","R","15","     0.0"," ","R","15","     0.0"," ","R","15","     0.0"," ","R","15","     0.0"," ","R","15","     5.6"," ","R","15","     2.0"," ","R","15","     0.4"," ","R","15","     0.0","X","R","15","     0.0","X","R","15","     0.0"," ","R","15","     0.0"," ","R","15","     0.0"," ","R","15","     4.1"," ","R","15","     3.2"," ","R","15","    17.1"," ","P","17","     7.8"," ","P","17","     2.5"," ","P","17","     0.9"," ","P","17","     0.0"," ","P","17","     0.0"," ","P","17","     0.0"," ","P","17","     0.0"," ","P","17","    0.03"," ","P","17","    0.08"," ","P","17","    0.16"," ","P","17","    0.43"," ","R","15","    0.98"," ","R","15","     0.0"," ","P","17","     0.0"," ","P","17","     0.0"," ","P","17","     0.0"," ","P","17","     0.0"," ","P","17","     0.0"," ","P","17","     0.0"," ","P","17","     0.0"," ","P","17"," -9999.0","M"," "," 0"," -9999.0","M"," "," 0"," -9999.0","M"," "," 0","     0.0"," ","P","16","     0.1"," ","P","16"
"USC00024849","02-18"," 36.8644","-111.6022"," 978.4","LEES FERRY, AZ US","02","18","99","    45.5"," ","R","15","    56.2"," ","R","15","    34.8"," ","R","15","    21.5"," ","R","15","     5.0"," ","R","15","     6.6"," ","R","15","     5.4"," ","R","15","     6.9"," ","R","15","    19.5"," ","R","15","     0.4"," ","R","15","     1.7"," ","R","15","     5.0"," ","R","15","     9.5"," ","R","15","    11.5"," ","R","15","    14.5"," ","R","15","     0.0"," ","R","15","     5.9"," ","R","15","     2.2"," ","R","15","     0.5"," ","R","15","     0.0","X","R","15","     0.0","X","R","15","     0.0"," ","R","15","     0.0"," ","R","15","     0.0"," ","R","15","     0.0"," ","R","15","     5.9"," ","R","15","     2.2"," ","R","15","     0.5"," ","R","15","     0.0","X","R","15","     0.0","X","R","15","     0.0"," ","R","15","     0.0"," ","R","15","     0.0"," ","R","15","     4.2"," ","R","15","     3.4"," ","R","15","    17.2"," ","P","17","     7.8"," ","P","17","     2.5"," ","P","17","     0.9"," ","P","17","     0.0"," ","P","17","     0.0"," ","P","17","     0.0"," ","P","17","     0.0"," ","P","17","    0.03"," ","P","17","    0.08"," ","P","17","    0.16"," ","P","17","    0.45"," ","R","15","    1.00"," ","R","15","     0.0"," ","P","17","     0.0"," ","P","17","     0.0"," ","P","17","     0.0"," ","P","17","     0.0"," ","P","17","     0.0"," ","P","17","     0.0"," ","P","17","     0.0"," ","P","17"," -9999.0","M"," "," 0"," -9999.0","M"," "," 0"," -9999.0","M"," "," 0","     0.0"," ","P","16","     0.1"," ","P","16"
"USC00024849","02-19"," 36.8644","-111.6022"," 978.4","LEES FERRY, AZ US","02","19","99","    45.8"," ","R","15","    56.6"," ","R","15","    35.1"," ","R","15","    21.5"," ","R","15","     5.0"," ","R","15","     6.7"," ","R","15","     5.4"," ","R","15","     6.9"," ","R","15","    19.2"," ","R","15","     0.3"," ","R","15","     1.5"," ","R","15","     4.7"," ","R","15","     9.2"," ","R","15","    11.2"," ","R","15","    14.2"," ","R","15","     0.0"," ","R","15","     6.1"," ","R","15","     2.4"," ","R","15","     0.5"," ","R","15","     0.0","X","R","15","     0.0","X","R","15","     0.0"," ","R","15","     0.0"," ","R","15","     0.0"," ","R","15","     0.0"," ","R","15","     6.1"," ","R","15","     2.4"," ","R","15","     0.5"," ","R","15","     0.0","X","R","15","     0.0","X","R","15","     0.0"," ","R","15","     0.0"," ","R","15","     0.0"," ","R","15","     4.4"," ","R","15","     3.5"," ","R","15","    17.4"," ","P","17","     7.9"," ","P","17","     2.6"," ","P","17","     0.9"," ","P","17","     0.0"," ","P","17","     0.0"," ","P","17","     0.0"," ","P","17","     0.0"," ","P","17","    0.03"," ","P","17","    0.08"," ","P","17","    0.16"," ","P","17","    0.48"," ","R","15","    1.03"," ","R","15","     0.0"," ","P","17","     0.0"," ","P","17","     0.0"," ","P","17","     0.0"," ","P","17","     0.0"," ","P","17","     0.0"," ","P","17","     0.0"," ","P","17","     0.0"," ","P","17"," -9999.0","M"," "," 0"," -9999.0","M"," "," 0"," -9999.0","M"," "," 0","     0.0"," ","P","16","     0.1"," ","P","16"
"USC00024849","02-20"," 36.8644","-111.6022"," 978.4","LEES FERRY, AZ US","02","20","99","    46.2"," ","R","15","    56.9"," ","R","15","    35.4"," ","R","15","    21.5"," ","R","15","     5.0"," ","R","15","     6.7"," ","R","15","     5.4"," ","R","15","     6.9"," ","R","15","    18.8"," ","R","15","     0.3"," ","R","15","     1.4"," ","R","15","     4.4"," ","R","15","     8.9"," ","R","15","    10.8"," ","R","15","    13.8"," ","R","15","     0.0"," ","R","15","     6.4"," ","R","15","     2.5"," ","R","15","     0.6"," ","R","15","     0.0","X","R","15","     0.0","X","R","15","     0.0"," ","R","15","     0.0"," ","R","15","     0.0"," ","R","15","     0.0"," ","R","15","     6.4"," ","R","15","     2.5"," ","R","15","     0.6"," ","R","15","     0.0","X","R","15","     0.0","X","R","15","     0.0"," ","R","15","     0.0"," ","R","15","     0.0"," ","R","15","     4.6"," ","R","15","     3.7"," ","R","15","    17.6"," ","P","17","     8.0"," ","P","17","     2.6"," ","P","17","     0.9"," ","P","17","     0.0"," ","P","17","     0.0"," ","P","17","     0.0"," ","P","17","     0.0"," ","P","17","    0.03"," ","P","17","    0.08"," ","P","17","    0.16"," ","P","17","    0.51"," ","R","15","    1.06"," ","R","15","     0.0"," ","P","17","     0.0"," ","P","17","     0.0"," ","P","17","     0.0"," ","P","17","     0.0"," ","P","17","     0.0"," ","P","17","     0.0"," ","P","17","     0.0"," ","P","17"," -9999.0","M"," "," 0"," -9999.0","M"," "," 0"," -9999.0","M"," "," 0","     0.0"," ","P","16","     0.1"," ","P","16"
"USC00024849","02-21"," 36.8644","-111.6022"," 978.4","LEES FERRY, AZ US","02","21","99","    46.5"," ","R","15","    57.3"," ","R","15","    35.7"," ","R","15","    21.6"," ","R","15","     5.0"," ","R","15","     6.7"," ","R","15","     5.4"," ","R","15","     6.9"," ","R","15","    18.5"," ","R","15","     0.2"," ","R","15","     1.2"," ","R","15","     4.1"," ","R","15","     8.6"," ","R","15","    10.5"," ","R","15","    13.5"," ","R","15","     0.0"," ","R","15","     6.7"," ","R","15","     2.7"," ","R","15","     0.6"," ","R","15","     0.1"," ","R","15","     0.0","X","R","15","     0.0"," ","R","15","     0.0"," ","R","15","     0.0"," ","R","15","     0.0"," ","R","15","     6.7"," ","R","15","     2.7"," ","R","15","     0.6"," ","R","15","     0.1"," ","R","15","     0.0","X","R","15","     0.0"," ","R","15","     0.0"," ","R","15","     0.0"," ","R","15","     4.8"," ","R","15","     3.9"," ","R","15","    17.7"," ","P","17","     8.0"," ","P","17","     2.6"," ","P","17","     0.9"," ","P","17","     0.0"," ","P","17","     0.0"," ","P","17","     0.0"," ","P","17","     0.0"," ","P","17","    0.03"," ","P","17","    0.08"," ","P","17","    0.16"," ","P","17","    0.54"," ","R","15","    1.09"," ","R","15","     0.0"," ","P","17","     0.0"," ","P","17","     0.0"," ","P","17","     0.0"," ","P","17","     0.0"," ","P","17","     0.0"," ","P","17","     0.0"," ","P","17","     0.0"," ","P","17"," -9999.0","M"," "," 0"," -9999.0","M"," "," 0"," -9999.0","M"," "," 0","     0.0"," ","P","16","     0.1"," ","P","16"
"USC00024849","02-22"," 36.8644","-111.6022"," 978.4","LEES FERRY, AZ US","02","22","99","    46.8"," ","R","15","    57.6"," ","R","15","    36.0"," ","R","15","    21.6"," ","R","15","     5.0"," ","R","15","     6.7"," ","R","15","     5.3"," ","R","15","     6.9"," ","R","15","    18.2"," ","R","15","     0.2"," ","R","15","     1.1"," ","R","15","     3.9"," ","R","15","     8.2"," ","R","15","    10.2"," ","R","15","    13.2"," ","R","15","     0.0"," ","R","15","     7.0"," ","R","15","     2.9"," ","R","15","     0.7"," ","R","15","     0.1"," ","R","15","     0.0","X","R","15","     0.0","X","R","15","     0.0"," ","R","15","     0.0"," ","R","15","     0.0"," ","R","15","     7.0"," ","R","15","     2.9"," ","R","15","     0.7"," ","R","15","     0.1"," ","R","15","     0.0","X","R","15","     0.0","X","R","15","     0.0"," ","R","15","     0.0"," ","R","15","     4.9"," ","R","15","     4.0"," ","R","15","    17.8"," ","P","17","     7.9"," ","P","17","     2.7"," ","P","17","     0.9"," ","P","17","     0.0"," ","P","17","     0.0"," ","P","17","     0.0"," ","P","17","     0.0"," ","P","17","    0.03"," ","P","17","    0.08"," ","P","17","    0.16"," ","P","17","    0.57"," ","R","15","    1.12"," ","R","15","     0.0"," ","P","17","     0.0"," ","P","17","     0.0"," ","P","17","     0.0"," ","P","17","     0.0"," ","P","17","     0.0"," ","P","17","     0.0"," ","P","17","     0.0"," ","P","17"," -9999.0","M"," "," 0"," -9999.0","M"," "," 0"," -9999.0","M"," "," 0","     0.0"," ","P","16","     0.1"," ","P","16"
"USC00024849","02-23"," 36.8644","-111.6022"," 978.4","LEES FERRY, AZ US","02","23","99","    47.2"," ","R","15","    58.0"," ","R","15","    36.4"," ","R","15","    21.6"," ","R","15","     5.0"," ","R","15","     6.8"," ","R","15","     5.3"," ","R","15","     6.9"," ","R","15","    17.8"," ","R","15","     0.1"," ","R","15","     1.0"," ","R","15","     3.6"," ","R","15","     7.9"," ","R","15","     9.9"," ","R","15","    12.8"," ","R","15","     0.0"," ","R","15","     7.3"," ","R","15","     3.2"," ","R","15","     0.8"," ","R","15","     0.1"," ","R","15","     0.0","X","R","15","     0.0","X","R","15","     0.0"," ","R","15","     0.0"," ","R","15","     0.0"," ","R","15","     7.3"," ","R","15","     3.2"," ","R","15","     0.8"," ","R","15","     0.1"," ","R","15","     0.0","X","R","15","     0.0","X","R","15","     0.0"," ","R","15","     0.0"," ","R","15","     5.1"," ","R","15","     4.2"," ","R","15","    17.8"," ","P","17","     7.9"," ","P","17","     2.7"," ","P","17","     1.0"," ","P","17","     0.0"," ","P","17","     0.0"," ","P","17","     0.0"," ","P","17","     0.0"," ","P","17","    0.03"," ","P","17","    0.08"," ","P","17","    0.16"," ","P","17","    0.59"," ","R","15","    1.14"," ","R","15","     0.0"," ","P","17","     0.0"," ","P","17","     0.0"," ","P","17","     0.0"," ","P","17","     0.0"," ","P","17","     0.0"," ","P","17","     0.0"," ","P","17","     0.0"," ","P","17"," -9999.0","M"," "," 0"," -9999.0","M"," "," 0"," -9999.0","M"," "," 0","     0.0"," ","P","16","     0.1"," ","P","16"
"USC00024849","02-24"," 36.8644","-111.6022"," 978.4","LEES FERRY, AZ US","02","24","99","    47.5"," ","R","15","    58.4"," ","R","15","    36.7"," ","R","15","    21.7"," ","R","15","     5.0"," ","R","15","     6.8"," ","R","15","     5.3"," ","R","15","     6.9"," ","R","15","    17.5"," ","R","15","     0.1"," ","R","15","     0.9"," ","R","15","     3.4"," ","R","15","     7.6"," ","R","15","     9.5"," ","R","15","    12.5"," ","R","15","     0.0"," ","R","15","     7.7"," ","R","15","     3.4"," ","R","15","     0.9"," ","R","15","     0.1"," ","R","15","     0.0","X","R","15","     0.0","X","R","15","     0.0"," ","R","15","     0.0"," ","R","15","     0.0"," ","R","15","     7.7"," ","R","15","     3.4"," ","R","15","     0.9"," ","R","15","     0.1"," ","R","15","     0.0","X","R","15","     0.0","X","R","15","     0.0"," ","R","15","     0.0"," ","R","15","     5.3"," ","R","15","     4.4"," ","R","15","    17.8"," ","P","16","     7.9"," ","P","16","     2.7"," ","P","16","     1.0"," ","P","16","     0.0"," ","P","16","     0.0"," ","P","16","     0.0"," ","P","16","     0.0"," ","P","16","    0.03"," ","P","16","    0.07"," ","P","16","    0.16"," ","P","16","    0.62"," ","R","15","    1.17"," ","R","15","     0.0"," ","P","16","     0.0"," ","P","16","     0.0"," ","P","16","     0.0"," ","P","16","     0.0"," ","P","16","     0.0"," ","P","16","     0.0"," ","P","16","     0.0"," ","P","16"," -9999.0","M"," "," 0"," -9999.0","M"," "," 0"," -9999.0","M"," "," 0","     0.0"," ","P","16","     0.1"," ","P","16"
"USC00024849","02-25"," 36.8644","-111.6022"," 978.4","LEES FERRY, AZ US","02","25","99","    47.9"," ","R","15","    58.7"," ","R","15","    37.0"," ","R","15","    21.7"," ","R","15","     5.1"," ","R","15","     6.9"," ","R","15","     5.3"," ","R","15","     6.9"," ","R","15","    17.1"," ","R","15","     0.1"," ","R","15","     0.9"," ","R","15","     3.2"," ","R","15","     7.3"," ","R","15","     9.2"," ","R","15","    12.1"," ","R","15","     0.0"," ","R","15","     8.0"," ","R","15","     3.7"," ","R","15","     1.1"," ","R","15","     0.2"," ","R","15","     0.1"," ","R","15","     0.0","X","R","15","     0.0"," ","R","15","     0.0"," ","R","15","     0.0"," ","R","15","     8.0"," ","R","15","     3.7"," ","R","15","     1.1"," ","R","15","     0.2"," ","R","15","     0.1"," ","R","15","     0.0","X","R","15","     0.0"," ","R","15","     0.0"," ","R","15","     5.5"," ","R","15","     4.5"," ","R","15","    17.8"," ","P","16","     7.8"," ","P","16","     2.7"," ","P","16","     1.0"," ","P","16","     0.0"," ","P","16","     0.0"," ","P","16","     0.0"," ","P","16","     0.0"," ","P","16","    0.03"," ","P","16","    0.07"," ","P","16","    0.16"," ","P","16","    0.65"," ","R","15","    1.20"," ","R","15","     0.0"," ","P","16","     0.0"," ","P","16","     0.0"," ","P","16","     0.0"," ","P","16","     0.0"," ","P","16","     0.0"," ","P","16","     0.0"," ","P","16","     0.0"," ","P","16"," -9999.0","M"," "," 0"," -9999.0","M"," "," 0"," -9999.0","M"," "," 0","     0.0"," ","P","16","     0.1"," ","P","16"
"USC00024849","02-26"," 36.8644","-111.6022"," 978.4","LEES FERRY, AZ US","02","26","99","    48.2"," ","R","15","    59.1"," ","R","15","    37.3"," ","R","15","    21.8"," ","R","15","     5.1"," ","R","15","     6.9"," ","R","15","     5.3"," ","R","15","     6.9"," ","R","15","    16.8"," ","R","15","     0.1"," ","R","15","     0.8"," ","R","15","     3.0"," ","R","15","     7.0"," ","R","15","     8.9"," ","R","15","    11.8"," ","R","15","     0.0"," ","R","15","     8.3"," ","R","15","     4.0"," ","R","15","     1.2"," ","R","15","     0.2"," ","R","15","     0.1"," ","R","15","     0.0","X","R","15","     0.0"," ","R","15","     0.0"," ","R","15","     0.0"," ","R","15","     8.3"," ","R","15","     4.0"," ","R","15","     1.2"," ","R","15","     0.2"," ","R","15","     0.1"," ","R","15","     0.0","X","R","15","     0.0"," ","R","15","     0.0"," ","R","15","     5.6"," ","R","15","     4.7"," ","R","15","    17.7"," ","P","16","     7.7"," ","P","16","     2.7"," ","P","16","     1.0"," ","P","16","     0.0"," ","P","16","     0.0"," ","P","16","     0.0"," ","P","16","     0.0"," ","P","16","    0.03"," ","P","16","    0.07"," ","P","16","    0.16"," ","P","16","    0.68"," ","R","15","    1.23"," ","R","15","     0.0"," ","P","16","     0.0"," ","P","16","     0.0"," ","P","16","     0.0"," ","P","16","     0.0"," ","P","16","     0.0"," ","P","16","     0.0"," ","P","16","     0.0"," ","P","16"," -9999.0","M"," "," 0"," -9999.0","M"," "," 0"," -9999.0","M"," "," 0","     0.0"," ","P","16","     0.1"," ","P","16"
"USC00024849","02-27"," 36.8644","-111.6022"," 978.4","LEES FERRY, AZ US","02","27","99","    48.6"," ","R","15","    59.5"," ","R","15","    37.7"," ","R","15","    21.8"," ","R","15","     5.1"," ","R","15","     7.0"," ","R","15","     5.3"," ","R","15","     6.9"," ","R","15","    16.4"," ","R","15","     0.1"," ","R","15","     0.7"," ","R","15","     2.8"," ","R","15","     6.6"," ","R","15","     8.5"," ","R","15","    11.4"," ","R","15","     0.0"," ","R","15","     8.7"," ","R","15","     4.3"," ","R","15","     1.3"," ","R","15","     0.2"," ","R","15","     0.1"," ","R","15","     0.0","X","R","15","     0.0"," ","R","15","     0.0"," ","R","15","     0.0"," ","R","15","     8.7"," ","R","15","     4.3"," ","R","15","     1.3"," ","R","15","     0.2"," ","R","15","     0.1"," ","R","15","     0.0","X","R","15","     0.0"," ","R","15","     0.0"," ","R","15","     5.8"," ","R","15","     4.9"," ","R","15","    17.6"," ","P","16","     7.6"," ","P","16","     2.7"," ","P","16","     1.0"," ","P","16","     0.0"," ","P","16","     0.0"," ","P","16","     0.0"," ","P","16","     0.0"," ","P","16","    0.03"," ","P","16","    0.07"," ","P","16","    0.16"," ","P","16","    0.70"," ","R","15","    1.25"," ","R","15","     0.0"," ","P","16","     0.0"," ","P","16","     0.0"," ","P","16","     0.0"," ","P","16","     0.0"," ","P","16","     0.0"," ","P","16","     0.0"," ","P","16","     0.0"," ","P","16"," -9999.0","M"," "," 0"," -9999.0","M"," "," 0"," -9999.0","M"," "," 0","     0.0"," ","P","16","     0.1"," ","P","16"
"USC00024849","02-28"," 36.8644","-111.6022"," 978.4","LEES FERRY, AZ US","02","28","99","    48.9"," ","R","15","    59.8"," ","R","15","    38.0"," ","R","15","    21.9"," ","R","15","     5.2"," ","R","15","     7.1"," ","R","15","     5.2"," ","R","15","     6.9"," ","R","15","    16.1"," ","R","15","     0.1"," ","R","15","     0.7"," ","R","15","     2.5"," ","R","15","     6.3"," ","R","15","     8.2"," ","R","15","    11.1"," ","R","15","     0.0"," ","R","15","     9.0"," ","R","15","     4.6"," ","R","15","     1.5"," ","R","15","     0.2"," ","R","15","     0.1"," ","R","15","     0.0","X","R","15","     0.0"," ","R","15","     0.0"," ","R","15","     0.0"," ","R","15","     9.0"," ","R","15","     4.6"," ","R","15","     1.5"," ","R","15","     0.2"," ","R","15","     0.1"," ","R","15","     0.0","X","R","15","     0.0"," ","R","15","     0.0"," ","R","15","     6.0"," ","R","15","     5.1"," ","R","15","    17.5"," ","P","16","     7.5"," ","P","16","     2.7"," ","P","16","     0.9"," ","P","16","     0.0"," ","P","16","     0.0"," ","P","16","     0.0"," ","P","16","     0.0"," ","P","16","    0.03"," ","P","16","    0.07"," ","P","16","    0.16"," ","P","16","    0.73"," ","R","15","    1.28"," ","R","15","     0.0"," ","P","16","     0.0"," ","P","16","     0.0"," ","P","16","     0.0"," ","P","16","     0.0"," ","P","16","     0.0"," ","P","16","     0.0"," ","P","16","     0.0"," ","P","16"," -9999.0","M"," "," 0"," -9999.0","M"," "," 0"," -9999.0","M"," "," 0","     0.0"," ","P","16","     0.1"," ","P","16"
"USC00024849","02-29"," 36.8644","-111.6022"," 978.4","LEES FERRY, AZ US","02","29","99","    49.1"," ","R","15","    60.0"," ","R","15","    38.1"," ","R","15","    21.9"," ","R","15","     5.2"," ","R","15","     7.1"," ","R","15","     5.2"," ","R","15","     6.9"," ","R","15","    15.9"," ","R","15","     0.1"," ","R","15","     0.6"," ","R","15","     2.4"," ","R","15","     6.2"," ","R","15","     8.0"," ","R","15","    10.9"," ","R","15","     0.0"," ","R","15","     9.2"," ","R","15","     4.7"," ","R","15","     1.5"," ","R","15","     0.3"," ","R","15","     0.1"," ","R","15","     0.0","X","R","15","     0.0"," ","R","15","     0.0"," ","R","15","     0.0"," ","R","15","     9.2"," ","R","15","     4.7"," ","R","15","     1.5"," ","R","15","     0.3"," ","R","15","     0.1"," ","R","15","     0.0","X","R","15","     0.0"," ","R","15","     0.0"," ","R","15","     6.1"," ","R","15","     5.2"," ","R","15","    17.4"," ","P","16","     7.4"," ","P","16","     2.7"," ","P","16","     0.9"," ","P","16","     0.0"," ","P","16","     0.0"," ","P","16","     0.0"," ","P","16","     0.0"," ","P","16","    0.03"," ","P","16","    0.07"," ","P","16","    0.16"," ","P","16","-9999.00","M"," "," 0","-9999.00","M"," "," 0","     0.0"," ","P","16","     0.0"," ","P","16","     0.0"," ","P","16","     0.0"," ","P","16","     0.0"," ","P","16","     0.0"," ","P","16","     0.0"," ","P","16","     0.0"," ","P","16"," -9999.0","M"," "," 0"," -9999.0","M"," "," 0"," -9999.0","M"," "," 0"," -9999.0","M"," "," 0"," -9999.0","M"," "," 0"
"USC00024849","03-01"," 36.8644","-111.6022"," 978.4","LEES FERRY, AZ US","03","01","99","    49.3"," ","R","13","    60.2"," ","R","13","    38.3"," ","R","14","    21.9"," ","R","13","     5.2"," ","R","13","     7.2"," ","R","13","     5.2"," ","R","14","     6.9"," ","R","13","    15.7"," ","R","13","     0.1"," ","R","13","     0.6"," ","R","13","     2.3"," ","R","13","     6.0"," ","R","13","     7.8"," ","R","13","    10.8"," ","R","13","     0.0"," ","R","13","     9.4"," ","R","13","     4.9"," ","R","13","     1.6"," ","R","13","     0.3"," ","R","13","     0.1"," ","R","13","     0.0","X","R","13","     0.0"," ","R","13","     0.0"," ","R","13","     0.0"," ","R","13","     9.4"," ","R","13","     4.9"," ","R","13","     1.6"," ","R","13","     0.3"," ","R","13","     0.1"," ","R","13","     0.0","X","R","13","     0.0"," ","R","13","     0.0"," ","R","13","     6.2"," ","R","13","     5.2"," ","R","13","    17.3"," ","P","16","     7.2"," ","P","16","     2.6"," ","P","16","     0.9"," ","P","16","     0.1"," ","P","16","     0.0"," ","P","16","     0.0"," ","P","16","     0.0"," ","P","16","    0.03"," ","P","16","    0.07"," ","P","16","    0.16"," ","P","16","    0.02"," ","R","16","    1.30"," ","R","16","     0.0"," ","P","16","     0.0"," ","P","16","     0.0"," ","P","16","     0.0"," ","P","16","     0.0"," ","P","16","     0.0"," ","P","16","     0.0"," ","P","16","     0.0"," ","P","16"," -9999.0","M"," "," 0"," -9999.0","M"," "," 0"," -9999.0","M"," "," 0","     0.0"," ","P","17","     0.1"," ","P","17"
"USC00024849","03-02"," 36.8644","-111.6022"," 978.4","LEES FERRY, AZ US","03","02","99","    49.6"," ","R","13","    60.6"," ","R","13","    38.6"," ","R","14","    22.0"," ","R","13","     5.3"," ","R","13","     7.3"," ","R","13","     5.2"," ","R","14","     6.9"," ","R","13","    15.4"," ","R","13","     0.1"," ","R","13","     0.5"," ","R","13","     2.2"," ","R","13","     5.7"," ","R","13","     7.5"," ","R","13","    10.4"," ","R","13","     0.0"," ","R","13","     9.7"," ","R","13","     5.1"," ","R","13","     1.8"," ","R","13","     0.3"," ","R","13","     0.1"," ","R","13","     0.0","X","R","13","     0.0"," ","R","13","     0.0"," ","R","13","     0.0"," ","R","13","     9.7"," ","R","13","     5.1"," ","R","13","     1.8"," ","R","13","     0.3"," ","R","13","     0.1"," ","R","13","     0.0","X","R","13","     0.0"," ","R","13","     0.0"," ","R","13","     6.4"," ","R","13","     5.4"," ","R","13","    17.1"," ","P","16","     7.1"," ","P","16","     2.6"," ","P","16","     0.9"," ","P","16","     0.1"," ","P","16","     0.0"," ","P","16","     0.0"," ","P","16","     0.0"," ","P","16","    0.03"," ","P","16","    0.07"," ","P","16","    0.16"," ","P","16","    0.05"," ","R","16","    1.33"," ","R","16","     0.0"," ","P","16","     0.0"," ","P","16","     0.0"," ","P","16","     0.0"," ","P","16","     0.0"," ","P","16","     0.0"," ","P","16","     0.0"," ","P","16","     0.0"," ","P","16"," -9999.0","M"," "," 0"," -9999.0","M"," "," 0"," -9999.0","M"," "," 0","     0.0"," ","P","17","     0.1"," ","P","17"
"USC00024849","03-03"," 36.8644","-111.6022"," 978.4","LEES FERRY, AZ US","03","03","99","    49.9"," ","R","13","    61.0"," ","R","13","    38.9"," ","R","14","    22.1"," ","R","13","     5.3"," ","R","13","     7.3"," ","R","13","     5.2"," ","R","14","     6.9"," ","R","13","    15.1"," ","R","13","     0.1"," ","R","13","     0.5"," ","R","13","     2.0"," ","R","13","     5.4"," ","R","13","     7.2"," ","R","13","    10.1"," ","R","13","     0.0"," ","R","13","    10.0"," ","R","13","     5.4"," ","R","13","     2.0"," ","R","13","     0.4"," ","R","13","     0.2"," ","R","13","     0.0","X","R","13","     0.0"," ","R","13","     0.0"," ","R","13","     0.0"," ","R","13","    10.0"," ","R","13","     5.4"," ","R","13","     2.0"," ","R","13","     0.4"," ","R","13","     0.2"," ","R","13","     0.0","X","R","13","     0.0"," ","R","13","     0.0"," ","R","13","     6.5"," ","R","13","     5.6"," ","R","13","    16.9"," ","P","16","     7.0"," ","P","16","     2.6"," ","P","16","     0.9"," ","P","16","     0.1"," ","P","16","     0.0"," ","P","16","     0.0"," ","P","16","     0.0"," ","P","16","    0.03"," ","P","16","    0.07"," ","P","16","    0.16"," ","P","16","    0.07"," ","R","16","    1.35"," ","R","16","     0.0"," ","P","16","     0.0"," ","P","16","     0.0"," ","P","16","     0.0"," ","P","16","     0.0"," ","P","16","     0.0"," ","P","16","     0.0"," ","P","16","     0.0"," ","P","16"," -9999.0","M"," "," 0"," -9999.0","M"," "," 0"," -9999.0","M"," "," 0","     0.0"," ","P","17","     0.1"," ","P","17"
"USC00024849","03-04"," 36.8644","-111.6022"," 978.4","LEES FERRY, AZ US","03","04","99","    50.3"," ","R","13","    61.4"," ","R","13","    39.2"," ","R","14","    22.1"," ","R","13","     5.4"," ","R","13","     7.4"," ","R","13","     5.2"," ","R","14","     6.9"," ","R","13","    14.7"," ","R","13","     0.1"," ","R","13","     0.4"," ","R","13","     1.9"," ","R","13","     5.2"," ","R","13","     6.9"," ","R","13","     9.7"," ","R","13","     0.0","X","R","13","    10.3"," ","R","13","     5.7"," ","R","13","     2.2"," ","R","13","     0.4"," ","R","13","     0.2"," ","R","13","     0.0","X","R","13","     0.0"," ","R","13","     0.0"," ","R","13","     0.0","X","R","13","    10.3"," ","R","13","     5.7"," ","R","13","     2.2"," ","R","13","     0.4"," ","R","13","     0.2"," ","R","13","     0.0","X","R","13","     0.0"," ","R","13","     0.0"," ","R","13","     6.7"," ","R","13","     5.8"," ","R","13","    16.7"," ","P","17","     6.9"," ","P","17","     2.6"," ","P","17","     0.9"," ","P","17","     0.1"," ","P","17","     0.0"," ","P","17","     0.0"," ","P","17","     0.0"," ","P","17","    0.03"," ","P","17","    0.07"," ","P","17","    0.16"," ","P","17","    0.10"," ","R","16","    1.38"," ","R","16","     0.0"," ","P","16","     0.0"," ","P","16","     0.0"," ","P","16","     0.0"," ","P","16","     0.0"," ","P","16","     0.0"," ","P","16","     0.0"," ","P","16","     0.0"," ","P","16"," -9999.0","M"," "," 0"," -9999.0","M"," "," 0"," -9999.0","M"," "," 0","     0.0"," ","P","17","     0.1"," ","P","17"
"USC00024849","03-05"," 36.8644","-111.6022"," 978.4","LEES FERRY, AZ US","03","05","99","    50.6"," ","R","13","    61.7"," ","R","13","    39.5"," ","R","14","    22.2"," ","R","13","     5.4"," ","R","13","     7.5"," ","R","13","     5.3"," ","R","14","     6.9"," ","R","13","    14.4"," ","R","13","     0.1"," ","R","13","     0.4"," ","R","13","     1.7"," ","R","13","     4.9"," ","R","13","     6.6"," ","R","13","     9.4"," ","R","13","     0.0","X","R","13","    10.7"," ","R","13","     6.0"," ","R","13","     2.4"," ","R","13","     0.5"," ","R","13","     0.2"," ","R","13","     0.0","X","R","13","     0.0"," ","R","13","     0.0"," ","R","13","     0.0","X","R","13","    10.7"," ","R","13","     6.0"," ","R","13","     2.4"," ","R","13","     0.5"," ","R","13","     0.2"," ","R","13","     0.0","X","R","13","     0.0"," ","R","13","     0.0"," ","R","13","     6.9"," ","R","13","     6.0"," ","R","13","    16.5"," ","P","17","     6.7"," ","P","17","     2.6"," ","P","17","     0.8"," ","P","17","     0.1"," ","P","17","     0.0"," ","P","17","     0.0"," ","P","17","     0.0"," ","P","17","    0.03"," ","P","17","    0.06"," ","P","17","    0.16"," ","P","17","    0.12"," ","R","16","    1.40"," ","R","16","     0.0"," ","P","16","     0.0"," ","P","16","     0.0"," ","P","16","     0.0"," ","P","16","     0.0"," ","P","16","     0.0"," ","P","16","     0.0"," ","P","16","     0.0"," ","P","16"," -9999.0","M"," "," 0"," -9999.0","M"," "," 0"," -9999.0","M"," "," 0","     0.0"," ","P","17","     0.1"," ","P","17"
"USC00024849","03-06"," 36.8644","-111.6022"," 978.4","LEES FERRY, AZ US","03","06","99","    51.0"," ","R","13","    62.1"," ","R","13","    39.8"," ","R","14","    22.3"," ","R","13","     5.5"," ","R","13","     7.6"," ","R","13","     5.3"," ","R","14","     6.9"," ","R","13","    14.0"," ","R","13","     0.1"," ","R","13","     0.4"," ","R","13","     1.7"," ","R","13","     4.7"," ","R","13","     6.4"," ","R","13","     9.1"," ","R","13","     0.0","X","R","13","    11.0"," ","R","13","     6.4"," ","R","13","     2.6"," ","R","13","     0.7"," ","R","13","     0.3"," ","R","13","     0.1"," ","R","13","     0.0"," ","R","13","     0.0"," ","R","13","     0.0","X","R","13","    11.0"," ","R","13","     6.4"," ","R","13","     2.6"," ","R","13","     0.7"," ","R","13","     0.3"," ","R","13","     0.1"," ","R","13","     0.0"," ","R","13","     0.0"," ","R","13","     7.1"," ","R","13","     6.1"," ","R","13","    16.3"," ","P","17","     6.6"," ","P","17","     2.6"," ","P","17","     0.8"," ","P","17","     0.1"," ","P","17","     0.0"," ","P","17","     0.0"," ","P","17","     0.0"," ","P","17","    0.03"," ","P","17","    0.06"," ","P","17","    0.16"," ","P","17","    0.14"," ","R","16","    1.42"," ","R","16","     0.0"," ","P","17","     0.0"," ","P","17","     0.0"," ","P","17","     0.0"," ","P","17","     0.0"," ","P","17","     0.0"," ","P","17","     0.0"," ","P","17","     0.0"," ","P","17"," -9999.0","M"," "," 0"," -9999.0","M"," "," 0"," -9999.0","M"," "," 0","     0.0"," ","P","17","     0.1"," ","P","17"
"USC00024849","03-07"," 36.8644","-111.6022"," 978.4","LEES FERRY, AZ US","03","07","99","    51.3"," ","R","13","    62.5"," ","R","13","    40.1"," ","R","14","    22.4"," ","R","13","     5.6"," ","R","13","     7.7"," ","R","13","     5.3"," ","R","14","     6.9"," ","R","13","    13.7"," ","R","13","     0.1"," ","R","13","     0.4"," ","R","13","     1.6"," ","R","13","     4.5"," ","R","13","     6.1"," ","R","13","     8.8"," ","R","13","     0.0","X","R","13","    11.3"," ","R","13","     6.7"," ","R","13","     2.9"," ","R","13","     0.8"," ","R","13","     0.4"," ","R","13","     0.1"," ","R","13","     0.0"," ","R","13","     0.0"," ","R","13","     0.0","X","R","13","    11.3"," ","R","13","     6.7"," ","R","13","     2.9"," ","R","13","     0.8"," ","R","13","     0.4"," ","R","13","     0.1"," ","R","13","     0.0"," ","R","13","     0.0"," ","R","13","     7.3"," ","R","13","     6.3"," ","R","13","    16.1"," ","P","17","     6.4"," ","P","17","     2.6"," ","P","17","     0.8"," ","P","17","     0.1"," ","P","17","     0.0"," ","P","17","     0.0"," ","P","17","     0.0"," ","P","17","    0.03"," ","P","17","    0.06"," ","P","17","    0.16"," ","P","17","    0.17"," ","R","16","    1.45"," ","R","16","     0.0"," ","P","17","     0.0"," ","P","17","     0.0"," ","P","17","     0.0"," ","P","17","     0.0"," ","P","17","     0.0"," ","P","17","     0.0"," ","P","17","     0.0"," ","P","17"," -9999.0","M"," "," 0"," -9999.0","M"," "," 0"," -9999.0","M"," "," 0","     0.0"," ","P","17","     0.1"," ","P","17"
"USC00024849","03-08"," 36.8644","-111.6022"," 978.4","LEES FERRY, AZ US","03","08","99","    51.6"," ","R","13","    62.9"," ","R","13","    40.4"," ","R","14","    22.5"," ","R","13","     5.6"," ","R","13","     7.8"," ","R","13","     5.3"," ","R","14","     6.9"," ","R","13","    13.4"," ","R","13","     0.1"," ","R","13","     0.4"," ","R","13","     1.5"," ","R","13","     4.3"," ","R","13","     5.9"," ","R","13","     8.5"," ","R","13","     0.0","X","R","13","    11.7"," ","R","13","     7.0"," ","R","13","     3.1"," ","R","13","     0.9"," ","R","13","     0.5"," ","R","13","     0.1"," ","R","13","     0.0"," ","R","13","     0.0"," ","R","13","     0.0","X","R","13","    11.7"," ","R","13","     7.0"," ","R","13","     3.1"," ","R","13","     0.9"," ","R","13","     0.5"," ","R","13","     0.1"," ","R","13","     0.0"," ","R","13","     0.0"," ","R","13","     7.5"," ","R","13","     6.5"," ","R","13","    15.8"," ","P","17","     6.2"," ","P","17","     2.6"," ","P","17","     0.8"," ","P","17","     0.1"," ","P","17","     0.0"," ","P","17","     0.0"," ","P","17","     0.0"," ","P","17","    0.03"," ","P","17","    0.06"," ","P","17","    0.15"," ","P","17","    0.19"," ","R","16","    1.47"," ","R","16","     0.0"," ","P","17","     0.0"," ","P","17","     0.0"," ","P","17","     0.0"," ","P","17","     0.0"," ","P","17","     0.0"," ","P","17","     0.0"," ","P","17","     0.0"," ","P","17"," -9999.0","M"," "," 0"," -9999.0","M"," "," 0"," -9999.0","M"," "," 0","     0.0"," ","P","17","     0.1"," ","P","17"
"USC00024849","03-09"," 36.8644","-111.6022"," 978.4","LEES FERRY, AZ US","03","09","99","    51.9"," ","R","13","    63.2"," ","R","13","    40.7"," ","R","14","    22.6"," ","R","13","     5.7"," ","R","13","     7.8"," ","R","13","     5.3"," ","R","14","     6.9"," ","R","13","    13.1"," ","R","13","     0.1"," ","R","13","     0.3"," ","R","13","     1.4"," ","R","13","     4.1"," ","R","13","     5.7"," ","R","13","     8.2"," ","R","13","     0.0","X","R","13","    12.0"," ","R","13","     7.3"," ","R","13","     3.4"," ","R","13","     1.1"," ","R","13","     0.6"," ","R","13","     0.2"," ","R","13","     0.0"," ","R","13","     0.0"," ","R","13","     0.0","X","R","13","    12.0"," ","R","13","     7.3"," ","R","13","     3.4"," ","R","13","     1.1"," ","R","13","     0.6"," ","R","13","     0.2"," ","R","13","     0.0"," ","R","13","     0.0"," ","R","13","     7.7"," ","R","13","     6.7"," ","R","13","    15.6"," ","P","17","     6.1"," ","P","17","     2.6"," ","P","17","     0.8"," ","P","17","     0.1"," ","P","17","     0.0"," ","P","17","     0.0"," ","P","17","     0.0"," ","P","17","    0.03"," ","P","17","    0.06"," ","P","17","    0.15"," ","P","17","    0.22"," ","R","16","    1.50"," ","R","16","     0.0"," ","P","17","     0.0"," ","P","17","     0.0"," ","P","17","     0.0"," ","P","17","     0.0"," ","P","17","     0.0"," ","P","17","     0.0"," ","P","17","     0.0"," ","P","17"," -9999.0","M"," "," 0"," -9999.0","M"," "," 0"," -9999.0","M"," "," 0","     0.0"," ","P","17","     0.1"," ","P","17"
"USC00024849","03-10"," 36.8644","-111.6022"," 978.4","LEES FERRY, AZ US","03","10","99","    52.3"," ","R","13","    63.6"," ","R","13","    40.9"," ","R","14","    22.7"," ","R","13","     5.8"," ","R","13","     7.9"," ","R","13","     5.4"," ","R","14","     6.9"," ","R","13","    12.8"," ","R","13","     0.0","X","R","13","     0.3"," ","R","13","     1.4"," ","R","13","     4.0"," ","R","13","     5.4"," ","R","13","     8.0"," ","R","13","     0.0","X","R","13","    12.3"," ","R","13","     7.6"," ","R","13","     3.6"," ","R","13","     1.2"," ","R","13","     0.7"," ","R","13","     0.2"," ","R","13","     0.0"," ","R","13","     0.0"," ","R","13","     0.0","X","R","13","    12.3"," ","R","13","     7.6"," ","R","13","     3.6"," ","R","13","     1.2"," ","R","13","     0.7"," ","R","13","     0.2"," ","R","13","     0.0"," ","R","13","     0.0"," ","R","13","     7.9"," ","R","13","     6.9"," ","R","13","    15.4"," ","P","17","     5.9"," ","P","17","     2.5"," ","P","17","     0.8"," ","P","17","     0.1"," ","P","17","     0.0"," ","P","17","     0.0"," ","P","17","     0.0"," ","P","17","    0.03"," ","P","17","    0.06"," ","P","17","    0.15"," ","P","17","    0.24"," ","R","16","    1.52"," ","R","16","     0.0"," ","P","17","     0.0"," ","P","17","     0.0"," ","P","17","     0.0"," ","P","17","     0.0"," ","P","17","     0.0"," ","P","17","     0.0"," ","P","17","     0.0"," ","P","17"," -9999.0","M"," "," 0"," -9999.0","M"," "," 0"," -9999.0","M"," "," 0","     0.0"," ","P","17","     0.1"," ","P","17"
"USC00024849","03-11"," 36.8644","-111.6022"," 978.4","LEES FERRY, AZ US","03","11","99","    52.6"," ","R","13","    64.0"," ","R","13","    41.2"," ","R","14","    22.8"," ","R","13","     5.8"," ","R","13","     8.0"," ","R","13","     5.4"," ","R","14","     6.9"," ","R","13","    12.5"," ","R","13","     0.0","X","R","13","     0.3"," ","R","13","     1.3"," ","R","13","     3.8"," ","R","13","     5.2"," ","R","13","     7.7"," ","R","13","     0.0","X","R","13","    12.6"," ","R","13","     7.8"," ","R","13","     3.8"," ","R","13","     1.4"," ","R","13","     0.8"," ","R","13","     0.3"," ","R","13","     0.0"," ","R","13","     0.0"," ","R","13","     0.0","X","R","13","    12.6"," ","R","13","     7.8"," ","R","13","     3.8"," ","R","13","     1.4"," ","R","13","     0.8"," ","R","13","     0.3"," ","R","13","     0.0"," ","R","13","     0.0"," ","R","13","     8.1"," ","R","13","     7.1"," ","R","13","    15.2"," ","P","17","     5.7"," ","P","17","     2.5"," ","P","17","     0.8"," ","P","17","     0.1"," ","P","17","     0.0"," ","P","17","     0.0"," ","P","17","     0.0"," ","P","17","    0.03"," ","P","17","    0.06"," ","P","17","    0.15"," ","P","17","    0.26"," ","R","16","    1.54"," ","R","16","     0.0"," ","P","17","     0.0"," ","P","17","     0.0"," ","P","17","     0.0"," ","P","17","     0.0"," ","P","17","     0.0"," ","P","17","     0.0"," ","P","17","     0.0"," ","P","17"," -9999.0","M"," "," 0"," -9999.0","M"," "," 0"," -9999.0","M"," "," 0","     0.0"," ","P","17","     0.1"," ","P","17"
"USC00024849","03-12"," 36.8644","-111.6022"," 978.4","LEES FERRY, AZ US","03","12","99","    52.9"," ","R","13","    64.3"," ","R","13","    41.4"," ","R","14","    22.9"," ","R","13","     5.9"," ","R","13","     8.0"," ","R","13","     5.4"," ","R","14","     6.9"," ","R","13","    12.2"," ","R","13","     0.0","X","R","13","     0.2"," ","R","13","     1.2"," ","R","13","     3.6"," ","R","13","     5.0"," ","R","13","     7.4"," ","R","13","     0.0","X","R","13","    12.9"," ","R","13","     8.1"," ","R","13","     4.1"," ","R","13","     1.5"," ","R","13","     0.9"," ","R","13","     0.3"," ","R","13","     0.0"," ","R","13","     0.0"," ","R","13","     0.0","X","R","13","    12.9"," ","R","13","     8.1"," ","R","13","     4.1"," ","R","13","     1.5"," ","R","13","     0.9"," ","R","13","     0.3"," ","R","13","     0.0"," ","R","13","     0.0"," ","R","13","     8.3"," ","R","13","     7.3"," ","R","13","    14.9"," ","P","17","     5.6"," ","P","17","     2.4"," ","P","17","     0.7"," ","P","17","     0.1"," ","P","17","     0.0"," ","P","17","     0.0"," ","P","17","     0.0"," ","P","17","    0.03"," ","P","17","    0.06"," ","P","17","    0.15"," ","P","17","    0.28"," ","R","16","    1.56"," ","R","16","     0.0"," ","P","17","     0.0"," ","P","17","     0.0"," ","P","17","     0.0"," ","P","17","     0.0"," ","P","17","     0.0"," ","P","17","     0.0"," ","P","17","     0.0"," ","P","17"," -9999.0","M"," "," 0"," -9999.0","M"," "," 0"," -9999.0","M"," "," 0","     0.0"," ","P","17","     0.1"," ","P","17"
"USC00024849","03-13"," 36.8644","-111.6022"," 978.4","LEES FERRY, AZ US","03","13","99","    53.2"," ","R","13","    64.7"," ","R","13","    41.7"," ","R","14","    23.0"," ","R","13","     5.9"," ","R","13","     8.1"," ","R","13","     5.5"," ","R","14","     6.9"," ","R","13","    11.9"," ","R","13","     0.0","X","R","13","     0.2"," ","R","13","     1.1"," ","R","13","     3.5"," ","R","13","     4.8"," ","R","13","     7.2"," ","R","13","     0.1"," ","R","13","    13.2"," ","R","13","     8.4"," ","R","13","     4.3"," ","R","13","     1.7"," ","R","13","     1.0"," ","R","13","     0.4"," ","R","13","     0.0"," ","R","13","     0.0"," ","R","13","     0.1"," ","R","13","    13.2"," ","R","13","     8.4"," ","R","13","     4.3"," ","R","13","     1.7"," ","R","13","     1.0"," ","R","13","     0.4"," ","R","13","     0.0"," ","R","13","     0.0"," ","R","13","     8.5"," ","R","13","     7.4"," ","R","13","    14.7"," ","P","17","     5.4"," ","P","17","     2.4"," ","P","17","     0.7"," ","P","17","     0.1"," ","P","17","     0.0"," ","P","17","     0.0"," ","P","17","     0.0"," ","P","17","    0.03"," ","P","17","    0.06"," ","P","17","    0.14"," ","P","17","    0.31"," ","R","16","    1.59"," ","R","16","     0.0"," ","P","17","     0.0"," ","P","17","     0.0"," ","P","17","     0.0"," ","P","17","     0.0"," ","P","17","     0.0"," ","P","17","     0.0"," ","P","17","     0.0"," ","P","17"," -9999.0","M"," "," 0"," -9999.0","M"," "," 0"," -9999.0","M"," "," 0","     0.0"," ","P","17","     0.1"," ","P","17"
"USC00024849","03-14"," 36.8644","-111.6022"," 978.4","LEES FERRY, AZ US","03","14","99","    53.5"," ","R","13","    65.1"," ","R","13","    41.9"," ","R","14","    23.2"," ","R","13","     6.0"," ","R","13","     8.1"," ","R","13","     5.5"," ","R","14","     6.9"," ","R","13","    11.6"," ","R","13","     0.0","X","R","13","     0.2"," ","R","13","     1.1"," ","R","13","     3.4"," ","R","13","     4.7"," ","R","13","     7.0"," ","R","13","     0.1"," ","R","13","    13.5"," ","R","13","     8.7"," ","R","13","     4.6"," ","R","13","     1.9"," ","R","13","     1.2"," ","R","13","     0.5"," ","R","13","     0.0","X","R","13","     0.0"," ","R","13","     0.1"," ","R","13","    13.5"," ","R","13","     8.7"," ","R","13","     4.6"," ","R","13","     1.9"," ","R","13","     1.2"," ","R","13","     0.5"," ","R","13","     0.0","X","R","13","     0.0"," ","R","13","     8.7"," ","R","13","     7.6"," ","R","13","    14.6"," ","P","17","     5.3"," ","P","17","     2.4"," ","P","17","     0.7"," ","P","17","     0.2"," ","P","17","     0.0"," ","P","17","     0.0"," ","P","17","     0.0"," ","P","17","    0.03"," ","P","17","    0.06"," ","P","17","    0.14"," ","P","17","    0.33"," ","R","16","    1.61"," ","R","16","     0.0"," ","P","17","     0.0"," ","P","17","     0.0"," ","P","17","     0.0"," ","P","17","     0.0"," ","P","17","     0.0"," ","P","17","     0.0"," ","P","17","     0.0"," ","P","17"," -9999.0","M"," "," 0"," -9999.0","M"," "," 0"," -9999.0","M"," "," 0","     0.0"," ","P","17","     0.1"," ","P","17"
"USC00024849","03-15"," 36.8644","-111.6022"," 978.4","LEES FERRY, AZ US","03","15","99","    53.8"," ","R","13","    65.4"," ","R","13","    42.2"," ","R","14","    23.3"," ","R","13","     6.0"," ","R","13","     8.2"," ","R","13","     5.5"," ","R","14","     6.9"," ","R","13","    11.3"," ","R","13","     0.0","X","R","13","     0.2"," ","R","13","     1.1"," ","R","13","     3.3"," ","R","13","     4.5"," ","R","13","     6.8"," ","R","13","     0.1"," ","R","13","    13.8"," ","R","13","     9.0"," ","R","13","     4.9"," ","R","13","     2.1"," ","R","13","     1.3"," ","R","13","     0.6"," ","R","13","     0.0","X","R","13","     0.0"," ","R","13","     0.1"," ","R","13","    13.8"," ","R","13","     9.0"," ","R","13","     4.9"," ","R","13","     2.1"," ","R","13","     1.3"," ","R","13","     0.6"," ","R","13","     0.0","X","R","13","     0.0"," ","R","13","     8.9"," ","R","13","     7.8"," ","R","13","    14.4"," ","P","17","     5.2"," ","P","17","     2.3"," ","P","17","     0.7"," ","P","17","     0.2"," ","P","17","     0.0"," ","P","17","     0.0"," ","P","17","     0.0"," ","P","17","    0.03"," ","P","17","    0.05"," ","P","17","    0.14"," ","P","17","    0.35"," ","R","16","    1.63"," ","R","16","     0.0"," ","P","17","     0.0"," ","P","17","     0.0"," ","P","17","     0.0"," ","P","17","     0.0"," ","P","17","     0.0"," ","P","17","     0.0"," ","P","17","     0.0"," ","P","17"," -9999.0","M"," "," 0"," -9999.0","M"," "," 0"," -9999.0","M"," "," 0","     0.0"," ","P","17","     0.1"," ","P","17"
"USC00024849","03-16"," 36.8644","-111.6022"," 978.4","LEES FERRY, AZ US","03","16","99","    54.1"," ","R","13","    65.8"," ","R","13","    42.4"," ","R","14","    23.4"," ","R","13","     6.1"," ","R","13","     8.3"," ","R","13","     5.5"," ","R","14","     6.9"," ","R","13","    11.0"," ","R","13","     0.0","X","R","13","     0.2"," ","R","13","     1.0"," ","R","13","     3.1"," ","R","13","     4.3"," ","R","13","     6.5"," ","R","13","     0.1"," ","R","13","    14.1"," ","R","13","     9.3"," ","R","13","     5.1"," ","R","13","     2.2"," ","R","13","     1.4"," ","R","13","     0.6"," ","R","13","     0.0","X","R","13","     0.0"," ","R","13","     0.1"," ","R","13","    14.1"," ","R","13","     9.3"," ","R","13","     5.1"," ","R","13","     2.2"," ","R","13","     1.4"," ","R","13","     0.6"," ","R","13","     0.0","X","R","13","     0.0"," ","R","13","     9.1"," ","R","13","     8.0"," ","R","13","    14.2"," ","P","17","     5.1"," ","P","17","     2.3"," ","P","17","     0.7"," ","P","17","     0.2"," ","P","17","     0.0"," ","P","17","     0.0"," ","P","17","     0.0"," ","P","17","    0.03"," ","P","17","    0.05"," ","P","17","    0.13"," ","P","17","    0.37"," ","R","16","    1.65"," ","R","16","     0.0"," ","P","17","     0.0"," ","P","17","     0.0"," ","P","17","     0.0"," ","P","17","     0.0"," ","P","17","     0.0"," ","P","17","     0.0"," ","P","17","     0.0"," ","P","17"," -9999.0","M"," "," 0"," -9999.0","M"," "," 0"," -9999.0","M"," "," 0","     0.0"," ","P","17","     0.1"," ","P","17"
"USC00024849","03-17"," 36.8644","-111.6022"," 978.4","LEES FERRY, AZ US","03","17","99","    54.4"," ","R","13","    66.2"," ","R","13","    42.6"," ","R","14","    23.6"," ","R","13","     6.1"," ","R","13","     8.3"," ","R","13","     5.5"," ","R","14","     6.9"," ","R","13","    10.7"," ","R","13","     0.0","X","R","13","     0.2"," ","R","13","     1.0"," ","R","13","     3.0"," ","R","13","     4.2"," ","R","13","     6.3"," ","R","13","     0.1"," ","R","13","    14.4"," ","R","13","     9.6"," ","R","13","     5.3"," ","R","13","     2.4"," ","R","13","     1.6"," ","R","13","     0.7"," ","R","13","     0.0","X","R","13","     0.0"," ","R","13","     0.1"," ","R","13","    14.4"," ","R","13","     9.6"," ","R","13","     5.3"," ","R","13","     2.4"," ","R","13","     1.6"," ","R","13","     0.7"," ","R","13","     0.0","X","R","13","     0.0"," ","R","13","     9.3"," ","R","13","     8.2"," ","R","13","    14.0"," ","P","17","     4.9"," ","P","17","     2.3"," ","P","17","     0.7"," ","P","17","     0.2"," ","P","17","     0.0"," ","P","17","     0.0"," ","P","17","     0.0"," ","P","17","    0.03"," ","P","17","    0.05"," ","P","17","    0.13"," ","P","17","    0.39"," ","R","16","    1.67"," ","R","16","     0.0"," ","P","17","     0.0"," ","P","17","     0.0"," ","P","17","     0.0"," ","P","17","     0.0"," ","P","17","     0.0"," ","P","17","     0.0"," ","P","17","     0.0"," ","P","17"," -9999.0","M"," "," 0"," -9999.0","M"," "," 0"," -9999.0","M"," "," 0","     0.0"," ","P","17","     0.1"," ","P","17"
"USC00024849","03-18"," 36.8644","-111.6022"," 978.4","LEES FERRY, AZ US","03","18","99","    54.7"," ","R","13","    66.5"," ","R","13","    42.8"," ","R","14","    23.7"," ","R","13","     6.2"," ","R","13","     8.4"," ","R","13","     5.6"," ","R","14","     6.9"," ","R","13","    10.5"," ","R","13","     0.0","X","R","13","     0.2"," ","R","13","     0.9"," ","R","13","     2.9"," ","R","13","     4.0"," ","R","13","     6.1"," ","R","13","     0.2"," ","R","13","    14.7"," ","R","13","     9.8"," ","R","13","     5.6"," ","R","13","     2.5"," ","R","13","     1.7"," ","R","13","     0.8"," ","R","13","     0.0","X","R","13","     0.0"," ","R","13","     0.2"," ","R","13","    14.7"," ","R","13","     9.8"," ","R","13","     5.6"," ","R","13","     2.5"," ","R","13","     1.7"," ","R","13","     0.8"," ","R","13","     0.0","X","R","13","     0.0"," ","R","13","     9.5"," ","R","13","     8.4"," ","R","13","    13.8"," ","P","17","     4.8"," ","P","17","     2.2"," ","P","17","     0.6"," ","P","17","     0.2"," ","P","17","     0.0"," ","P","17","     0.0"," ","P","17","     0.0"," ","P","17","    0.03"," ","P","17","    0.05"," ","P","17","    0.13"," ","P","17","    0.41"," ","R","16","    1.69"," ","R","16","     0.0"," ","P","17","     0.0"," ","P","17","     0.0"," ","P","17","     0.0"," ","P","17","     0.0"," ","P","17","     0.0"," ","P","17","     0.0"," ","P","17","     0.0"," ","P","17"," -9999.0","M"," "," 0"," -9999.0","M"," "," 0"," -9999.0","M"," "," 0","     0.0"," ","P","17","     0.1"," ","P","17"
"USC00024849","03-19"," 36.8644","-111.6022"," 978.4","LEES FERRY, AZ US","03","19","99","    55.0"," ","R","13","    66.9"," ","R","13","    43.0"," ","R","14","    23.8"," ","R","13","     6.2"," ","R","13","     8.4"," ","R","13","     5.6"," ","R","14","     6.9"," ","R","13","    10.2"," ","R","13","     0.0","X","R","13","     0.1"," ","R","13","     0.9"," ","R","13","     2.7"," ","R","13","     3.9"," ","R","13","     5.9"," ","R","13","     0.2"," ","R","13","    15.0"," ","R","13","    10.1"," ","R","13","     5.8"," ","R","13","     2.7"," ","R","13","     1.8"," ","R","13","     0.9"," ","R","13","     0.0","X","R","13","     0.0"," ","R","13","     0.2"," ","R","13","    15.0"," ","R","13","    10.1"," ","R","13","     5.8"," ","R","13","     2.7"," ","R","13","     1.8"," ","R","13","     0.9"," ","R","13","     0.0","X","R","13","     0.0"," ","R","13","     9.7"," ","R","13","     8.6"," ","R","13","    13.6"," ","P","17","     4.7"," ","P","17","     2.2"," ","P","17","     0.6"," ","P","17","     0.2"," ","P","17","     0.0"," ","P","17","     0.0"," ","P","17","     0.0"," ","P","17","    0.03"," ","P","17","    0.05"," ","P","17","    0.13"," ","P","17","    0.43"," ","R","16","    1.71"," ","R","16","     0.0"," ","P","17","     0.0"," ","P","17","     0.0"," ","P","17","     0.0"," ","P","17","     0.0"," ","P","17","     0.0"," ","P","17","     0.0"," ","P","17","     0.0"," ","P","17"," -9999.0","M"," "," 0"," -9999.0","M"," "," 0"," -9999.0","M"," "," 0","     0.0"," ","P","17","     0.1"," ","P","17"
"USC00024849","03-20"," 36.8644","-111.6022"," 978.4","LEES FERRY, AZ US","03","20","99","    55.2"," ","R","13","    67.2"," ","R","13","    43.3"," ","R","14","    24.0"," ","R","13","     6.3"," ","R","13","     8.5"," ","R","13","     5.6"," ","R","14","     6.9"," ","R","13","     9.9"," ","R","13","     0.0","X","R","13","     0.1"," ","R","13","     0.8"," ","R","13","     2.6"," ","R","13","     3.7"," ","R","13","     5.7"," ","R","13","     0.2"," ","R","13","    15.2"," ","R","13","    10.4"," ","R","13","     6.0"," ","R","13","     2.9"," ","R","13","     1.9"," ","R","13","     0.9"," ","R","13","     0.0","X","R","13","     0.0"," ","R","13","     0.2"," ","R","13","    15.2"," ","R","13","    10.4"," ","R","13","     6.0"," ","R","13","     2.9"," ","R","13","     1.9"," ","R","13","     0.9"," ","R","13","     0.0","X","R","13","     0.0"," ","R","13","     9.9"," ","R","13","     8.8"," ","R","13","    13.5"," ","P","17","     4.6"," ","P","17","     2.2"," ","P","17","     0.6"," ","P","17","     0.2"," ","P","17","     0.0"," ","P","17","     0.0"," ","P","17","     0.0"," ","P","17","    0.03"," ","P","17","    0.05"," ","P","17","    0.12"," ","P","17","    0.45"," ","R","16","    1.73"," ","R","16","     0.0"," ","P","17","     0.0"," ","P","17","     0.0"," ","P","17","     0.0"," ","P","17","     0.0"," ","P","17","     0.0"," ","P","17","     0.0"," ","P","17","     0.0"," ","P","17"," -9999.0","M"," "," 0"," -9999.0","M"," "," 0"," -9999.0","M"," "," 0","     0.0"," ","P","17","     0.1"," ","P","17"
"USC00024849","03-21"," 36.8644","-111.6022"," 978.4","LEES FERRY, AZ US","03","21","99","    55.5"," ","R","13","    67.6"," ","R","13","    43.5"," ","R","14","    24.1"," ","R","13","     6.3"," ","R","13","     8.5"," ","R","13","     5.7"," ","R","14","     6.9"," ","R","13","     9.7"," ","R","13","     0.0","X","R","13","     0.1"," ","R","13","     0.7"," ","R","13","     2.5"," ","R","13","     3.5"," ","R","13","     5.5"," ","R","13","     0.2"," ","R","13","    15.5"," ","R","13","    10.6"," ","R","13","     6.3"," ","R","13","     3.0"," ","R","13","     2.1"," ","R","13","     1.0"," ","R","13","     0.0","X","R","13","     0.0","X","R","13","     0.2"," ","R","13","    15.5"," ","R","13","    10.6"," ","R","13","     6.3"," ","R","13","     3.0"," ","R","13","     2.1"," ","R","13","     1.0"," ","R","13","     0.0","X","R","13","     0.0","X","R","13","    10.1"," ","R","13","     9.0"," ","R","13","    13.3"," ","P","17","     4.5"," ","P","17","     2.2"," ","P","17","     0.6"," ","P","17","     0.2"," ","P","17","     0.0"," ","P","17","     0.0"," ","P","17","     0.0"," ","P","17","    0.03"," ","P","17","    0.05"," ","P","17","    0.12"," ","P","17","    0.47"," ","R","16","    1.75"," ","R","16","     0.0"," ","P","17","     0.0"," ","P","17","     0.0"," ","P","17","     0.0"," ","P","17","     0.0"," ","P","17","     0.0"," ","P","17","     0.0"," ","P","17","     0.0"," ","P","17"," -9999.0","M"," "," 0"," -9999.0","M"," "," 0"," -9999.0","M"," "," 0","     0.0"," ","P","17","     0.1"," ","P","17"
"USC00024849","03-22"," 36.8644","-111.6022"," 978.4","LEES FERRY, AZ US","03","22","99","    55.8"," ","R","13","    67.9"," ","R","13","    43.7"," ","R","14","    24.2"," ","R","13","     6.4"," ","R","13","     8.5"," ","R","13","     5.7"," ","R","14","     6.9"," ","R","13","     9.4"," ","R","13","     0.0","X","R","13","     0.1"," ","R","13","     0.7"," ","R","13","     2.4"," ","R","13","     3.4"," ","R","13","     5.3"," ","R","13","     0.2"," ","R","13","    15.8"," ","R","13","    10.9"," ","R","13","     6.5"," ","R","13","     3.2"," ","R","13","     2.2"," ","R","13","     1.1"," ","R","13","     0.0","X","R","13","     0.0","X","R","13","     0.2"," ","R","13","    15.8"," ","R","13","    10.9"," ","R","13","     6.5"," ","R","13","     3.2"," ","R","13","     2.2"," ","R","13","     1.1"," ","R","13","     0.0","X","R","13","     0.0","X","R","13","    10.3"," ","R","13","     9.1"," ","R","13","    13.0"," ","P","17","     4.4"," ","P","17","     2.1"," ","P","17","     0.6"," ","P","17","     0.2"," ","P","17","     0.0"," ","P","17","     0.0"," ","P","17","     0.0"," ","P","17","    0.03"," ","P","17","    0.05"," ","P","17","    0.12"," ","P","17","    0.48"," ","R","16","    1.76"," ","R","16","     0.0"," ","P","17","     0.0"," ","P","17","     0.0"," ","P","17","     0.0"," ","P","17","     0.0"," ","P","17","     0.0"," ","P","17","     0.0"," ","P","17","     0.0"," ","P","17"," -9999.0","M"," "," 0"," -9999.0","M"," "," 0"," -9999.0","M"," "," 0","     0.0"," ","P","17","     0.1"," ","P","17"
"USC00024849","03-23"," 36.8644","-111.6022"," 978.4","LEES FERRY, AZ US","03","23","99","    56.1"," ","R","13","    68.2"," ","R","13","    43.9"," ","R","14","    24.4"," ","R","13","     6.4"," ","R","13","     8.6"," ","R","13","     5.7"," ","R","14","     6.9"," ","R","13","     9.2"," ","R","13","     0.0","X","R","13","     0.1"," ","R","13","     0.6"," ","R","13","     2.2"," ","R","13","     3.2"," ","R","13","     5.1"," ","R","13","     0.2"," ","R","13","    16.1"," ","R","13","    11.1"," ","R","13","     6.7"," ","R","13","     3.3"," ","R","13","     2.3"," ","R","13","     1.1"," ","R","13","     0.0","X","R","13","     0.0","X","R","13","     0.2"," ","R","13","    16.1"," ","R","13","    11.1"," ","R","13","     6.7"," ","R","13","     3.3"," ","R","13","     2.3"," ","R","13","     1.1"," ","R","13","     0.0","X","R","13","     0.0","X","R","13","    10.5"," ","R","13","     9.3"," ","R","13","    12.8"," ","P","17","     4.3"," ","P","17","     2.1"," ","P","17","     0.5"," ","P","17","     0.2"," ","P","17","     0.0"," ","P","17","     0.0"," ","P","17","     0.0"," ","P","17","    0.03"," ","P","17","    0.05"," ","P","17","    0.12"," ","P","17","    0.50"," ","R","16","    1.78"," ","R","16","     0.0"," ","P","17","     0.0"," ","P","17","     0.0"," ","P","17","     0.0"," ","P","17","     0.0"," ","P","17","     0.0"," ","P","17","     0.0"," ","P","17","     0.0"," ","P","17"," -9999.0","M"," "," 0"," -9999.0","M"," "," 0"," -9999.0","M"," "," 0","     0.0"," ","P","17","     0.1"," ","P","17"
"USC00024849","03-24"," 36.8644","-111.6022"," 978.4","LEES FERRY, AZ US","03","24","99","    56.3"," ","R","13","    68.6"," ","R","13","    44.1"," ","R","14","    24.5"," ","R","13","     6.5"," ","R","13","     8.6"," ","R","13","     5.8"," ","R","14","     6.9"," ","R","13","     8.9"," ","R","13","     0.0"," ","R","13","     0.1"," ","R","13","     0.5"," ","R","13","     2.1"," ","R","13","     3.1"," ","R","13","     4.9"," ","R","13","     0.2"," ","R","13","    16.3"," ","R","13","    11.4"," ","R","13","     6.9"," ","R","13","     3.4"," ","R","13","     2.4"," ","R","13","     1.2"," ","R","13","     0.0","X","R","13","     0.0","X","R","13","     0.2"," ","R","13","    16.3"," ","R","13","    11.4"," ","R","13","     6.9"," ","R","13","     3.4"," ","R","13","     2.4"," ","R","13","     1.2"," ","R","13","     0.0","X","R","13","     0.0","X","R","13","    10.7"," ","R","13","     9.5"," ","R","13","    12.6"," ","P","17","     4.2"," ","P","17","     2.1"," ","P","17","     0.5"," ","P","17","     0.2"," ","P","17","     0.0"," ","P","17","     0.0"," ","P","17","     0.0"," ","P","17","    0.03"," ","P","17","    0.05"," ","P","17","    0.12"," ","P","17","    0.52"," ","R","16","    1.80"," ","R","16","     0.0"," ","P","17","     0.0"," ","P","17","     0.0"," ","P","17","     0.0"," ","P","17","     0.0"," ","P","17","     0.0"," ","P","17","     0.0"," ","P","17","     0.0"," ","P","17"," -9999.0","M"," "," 0"," -9999.0","M"," "," 0"," -9999.0","M"," "," 0","     0.0"," ","P","17","     0.1"," ","P","17"
"USC00024849","03-25"," 36.8644","-111.6022"," 978.4","LEES FERRY, AZ US","03","25","99","    56.6"," ","R","13","    68.9"," ","R","13","    44.3"," ","R","14","    24.6"," ","R","13","     6.5"," ","R","13","     8.6"," ","R","13","     5.8"," ","R","14","     6.9"," ","R","13","     8.7"," ","R","13","     0.0"," ","R","13","     0.0","X","R","13","     0.5"," ","R","13","     1.9"," ","R","13","     2.9"," ","R","13","     4.7"," ","R","13","     0.3"," ","R","13","    16.6"," ","R","13","    11.6"," ","R","13","     7.1"," ","R","13","     3.5"," ","R","13","     2.5"," ","R","13","     1.3"," ","R","13","     0.0","X","R","13","     0.0","X","R","13","     0.3"," ","R","13","    16.6"," ","R","13","    11.6"," ","R","13","     7.1"," ","R","13","     3.5"," ","R","13","     2.5"," ","R","13","     1.3"," ","R","13","     0.0","X","R","13","     0.0","X","R","13","    10.9"," ","R","13","     9.7"," ","R","13","    12.5"," ","P","17","     4.1"," ","P","17","     2.0"," ","P","17","     0.5"," ","P","17","     0.2"," ","P","17","     0.0"," ","P","17","     0.0"," ","P","17","     0.0"," ","P","17","    0.03"," ","P","17","    0.05"," ","P","17","    0.12"," ","P","17","    0.54"," ","R","16","    1.82"," ","R","16","     0.0"," ","P","17","     0.0"," ","P","17","     0.0"," ","P","17","     0.0"," ","P","17","     0.0"," ","P","17","     0.0"," ","P","17","     0.0"," ","P","17","     0.0"," ","P","17"," -9999.0","M"," "," 0"," -9999.0","M"," "," 0"," -9999.0","M"," "," 0","     0.0"," ","P","17","     0.1"," ","P","17"
"USC00024849","03-26"," 36.8644","-111.6022"," 978.4","LEES FERRY, AZ US","03","26","99","    56.9"," ","R","13","    69.2"," ","R","13","    44.5"," ","R","14","    24.8"," ","R","13","     6.5"," ","R","13","     8.6"," ","R","13","     5.8"," ","R","14","     6.9"," ","R","13","     8.5"," ","R","13","     0.0"," ","R","13","     0.0","X","R","13","     0.4"," ","R","13","     1.8"," ","R","13","     2.7"," ","R","13","     4.5"," ","R","13","     0.3"," ","R","13","    16.9"," ","R","13","    11.9"," ","R","13","     7.3"," ","R","13","     3.7"," ","R","13","     2.6"," ","R","13","     1.4"," ","R","13","     0.0","X","R","13","     0.0","X","R","13","     0.3"," ","R","13","    16.9"," ","R","13","    11.9"," ","R","13","     7.3"," ","R","13","     3.7"," ","R","13","     2.6"," ","R","13","     1.4"," ","R","13","     0.0","X","R","13","     0.0","X","R","13","    11.1"," ","R","13","     9.9"," ","R","13","    12.3"," ","P","17","     4.0"," ","P","17","     2.0"," ","P","17","     0.5"," ","P","17","     0.2"," ","P","17","     0.0"," ","P","17","     0.0"," ","P","17","     0.0"," ","P","17","    0.03"," ","P","17","    0.05"," ","P","17","    0.11"," ","P","17","    0.55"," ","R","16","    1.83"," ","R","16","     0.0"," ","P","17","     0.0"," ","P","17","     0.0"," ","P","17","     0.0"," ","P","17","     0.0"," ","P","17","     0.0"," ","P","17","     0.0"," ","P","17","     0.0"," ","P","17"," -9999.0","M"," "," 0"," -9999.0","M"," "," 0"," -9999.0","M"," "," 0","     0.0"," ","P","17","     0.1"," ","P","17"
"USC00024849","03-27"," 36.8644","-111.6022"," 978.4","LEES FERRY, AZ US","03","27","99","    57.1"," ","R","13","    69.6"," ","R","13","    44.7"," ","R","14","    24.9"," ","R","13","     6.5"," ","R","13","     8.6"," ","R","13","     5.8"," ","R","14","     6.9"," ","R","13","     8.2"," ","R","13","     0.0"," ","R","13","     0.0","X","R","13","     0.4"," ","R","13","     1.7"," ","R","13","     2.6"," ","R","13","     4.4"," ","R","13","     0.4"," ","R","13","    17.1"," ","R","13","    12.2"," ","R","13","     7.5"," ","R","13","     3.9"," ","R","13","     2.7"," ","R","13","     1.5"," ","R","13","     0.0","X","R","13","     0.0","X","R","13","     0.4"," ","R","13","    17.1"," ","R","13","    12.2"," ","R","13","     7.5"," ","R","13","     3.9"," ","R","13","     2.7"," ","R","13","     1.5"," ","R","13","     0.0","X","R","13","     0.0","X","R","13","    11.3"," ","R","13","    10.0"," ","R","13","    12.1"," ","P","17","     4.0"," ","P","17","     2.0"," ","P","17","     0.5"," ","P","17","     0.2"," ","P","17","     0.0"," ","P","17","     0.0"," ","P","17","     0.0"," ","P","17","    0.03"," ","P","17","    0.05"," ","P","17","    0.11"," ","P","17","    0.57"," ","R","16","    1.85"," ","R","16","     0.0"," ","P","16","     0.0"," ","P","16","     0.0"," ","P","16","     0.0"," ","P","16","     0.0"," ","P","16","     0.0"," ","P","16","     0.0"," ","P","16","     0.0"," ","P","16"," -9999.0","M"," "," 0"," -9999.0","M"," "," 0"," -9999.0","M"," "," 0","     0.0"," ","P","17","     0.1"," ","P","17"
"USC00024849","03-28"," 36.8644","-111.6022"," 978.4","LEES FERRY, AZ US","03","28","99","    57.4"," ","R","13","    69.9"," ","R","13","    44.9"," ","R","14","    25.0"," ","R","13","     6.5"," ","R","13","     8.7"," ","R","13","     5.9"," ","R","14","     6.9"," ","R","13","     8.0"," ","R","13","     0.0"," ","R","13","     0.0","X","R","13","     0.4"," ","R","13","     1.6"," ","R","13","     2.5"," ","R","13","     4.2"," ","R","13","     0.4"," ","R","13","    17.4"," ","R","13","    12.4"," ","R","13","     7.8"," ","R","13","     4.0"," ","R","13","     2.8"," ","R","13","     1.6"," ","R","13","     0.0","X","R","13","     0.0","X","R","13","     0.4"," ","R","13","    17.4"," ","R","13","    12.4"," ","R","13","     7.8"," ","R","13","     4.0"," ","R","13","     2.8"," ","R","13","     1.6"," ","R","13","     0.0","X","R","13","     0.0","X","R","13","    11.4"," ","R","13","    10.2"," ","R","13","    12.0"," ","P","17","     3.9"," ","P","17","     2.0"," ","P","17","     0.5"," ","P","17","     0.2"," ","P","17","     0.0"," ","P","17","     0.0"," ","P","17","     0.0"," ","P","17","    0.03"," ","P","17","    0.05"," ","P","17","    0.11"," ","P","17","    0.58"," ","R","16","    1.86"," ","R","16","     0.0"," ","P","16","     0.0"," ","P","16","     0.0"," ","P","16","     0.0"," ","P","16","     0.0"," ","P","16","     0.0"," ","P","16","     0.0"," ","P","16","     0.0"," ","P","16"," -9999.0","M"," "," 0"," -9999.0","M"," "," 0"," -9999.0","M"," "," 0","     0.0"," ","P","17","     0.1"," ","P","17"
"USC00024849","03-29"," 36.8644","-111.6022"," 978.4","LEES FERRY, AZ US","03","29","99","    57.6"," ","R","13","    70.2"," ","R","13","    45.1"," ","R","14","    25.1"," ","R","13","     6.5"," ","R","13","     8.6"," ","R","13","     5.9"," ","R","14","     6.9"," ","R","13","     7.8"," ","R","13","     0.0"," ","R","13","     0.0","X","R","13","     0.3"," ","R","13","     1.5"," ","R","13","     2.3"," ","R","13","     4.0"," ","R","13","     0.4"," ","R","13","    17.6"," ","R","13","    12.7"," ","R","13","     8.0"," ","R","13","     4.2"," ","R","13","     3.0"," ","R","13","     1.6"," ","R","13","     0.0","X","R","13","     0.0","X","R","13","     0.4"," ","R","13","    17.6"," ","R","13","    12.7"," ","R","13","     8.0"," ","R","13","     4.2"," ","R","13","     3.0"," ","R","13","     1.6"," ","R","13","     0.0","X","R","13","     0.0","X","R","13","    11.6"," ","R","13","    10.4"," ","R","13","    11.8"," ","P","17","     3.9"," ","P","17","     2.0"," ","P","17","     0.5"," ","P","17","     0.1"," ","P","17","     0.0"," ","P","17","     0.0"," ","P","17","     0.0"," ","P","17","    0.03"," ","P","17","    0.05"," ","P","17","    0.11"," ","P","17","    0.60"," ","R","16","    1.88"," ","R","16","     0.0"," ","P","16","     0.0"," ","P","16","     0.0"," ","P","16","     0.0"," ","P","16","     0.0"," ","P","16","     0.0"," ","P","16","     0.0"," ","P","16","     0.0"," ","P","16"," -9999.0","M"," "," 0"," -9999.0","M"," "," 0"," -9999.0","M"," "," 0","     0.0"," ","P","17","     0.1"," ","P","17"
"USC00024849","03-30"," 36.8644","-111.6022"," 978.4","LEES FERRY, AZ US","03","30","99","    57.9"," ","R","13","    70.5"," ","R","13","    45.3"," ","R","14","    25.2"," ","R","13","     6.5"," ","R","13","     8.6"," ","R","13","     5.9"," ","R","14","     6.9"," ","R","13","     7.6"," ","R","13","     0.0"," ","R","13","     0.0","X","R","13","     0.3"," ","R","13","     1.4"," ","R","13","     2.2"," ","R","13","     3.8"," ","R","13","     0.5"," ","R","13","    17.9"," ","R","13","    12.9"," ","R","13","     8.2"," ","R","13","     4.3"," ","R","13","     3.1"," ","R","13","     1.7"," ","R","13","     0.1"," ","R","13","     0.0","X","R","13","     0.5"," ","R","13","    17.9"," ","R","13","    12.9"," ","R","13","     8.2"," ","R","13","     4.3"," ","R","13","     3.1"," ","R","13","     1.7"," ","R","13","     0.1"," ","R","13","     0.0","X","R","13","    11.8"," ","R","13","    10.5"," ","R","13","    11.6"," ","P","17","     3.8"," ","P","17","     2.0"," ","P","17","     0.5"," ","P","17","     0.1"," ","P","17","     0.0"," ","P","17","     0.0"," ","P","17","     0.0"," ","P","17","    0.03"," ","P","17","    0.05"," ","P","17","    0.11"," ","P","17","    0.61"," ","R","16","    1.89"," ","R","16","     0.0"," ","P","16","     0.0"," ","P","16","     0.0"," ","P","16","     0.0"," ","P","16","     0.0"," ","P","16","     0.0"," ","P","16","     0.0"," ","P","16","     0.0"," ","P","16"," -9999.0","M"," "," 0"," -9999.0","M"," "," 0"," -9999.0","M"," "," 0","     0.0"," ","P","17","     0.1"," ","P","17"
"USC00024849","03-31"," 36.8644","-111.6022"," 978.4","LEES FERRY, AZ US","03","31","99","    58.2"," ","R","13","    70.8"," ","R","13","    45.5"," ","R","14","    25.3"," ","R","13","     6.5"," ","R","13","     8.6"," ","R","13","     5.9"," ","R","14","     6.9"," ","R","13","     7.4"," ","R","13","     0.0"," ","R","13","     0.0","X","R","13","     0.3"," ","R","13","     1.3"," ","R","13","     2.1"," ","R","13","     3.7"," ","R","13","     0.5"," ","R","13","    18.2"," ","R","13","    13.2"," ","R","13","     8.4"," ","R","13","     4.5"," ","R","13","     3.2"," ","R","13","     1.8"," ","R","13","     0.1"," ","R","13","     0.0","X","R","13","     0.5"," ","R","13","    18.2"," ","R","13","    13.2"," ","R","13","     8.4"," ","R","13","     4.5"," ","R","13","     3.2"," ","R","13","     1.8"," ","R","13","     0.1"," ","R","13","     0.0","X","R","13","    11.9"," ","R","13","    10.7"," ","R","13","    11.4"," ","P","17","     3.7"," ","P","17","     1.9"," ","P","17","     0.5"," ","P","17","     0.1"," ","P","17","     0.0"," ","P","17","     0.0"," ","P","17","     0.0"," ","P","17","    0.03"," ","P","17","    0.05"," ","P","17","    0.11"," ","P","17","    0.63"," ","R","16","    1.91"," ","R","16","     0.0"," ","P","16","     0.0"," ","P","16","     0.0"," ","P","16","     0.0"," ","P","16","     0.0"," ","P","16","     0.0"," ","P","16","     0.0"," ","P","16","     0.0"," ","P","16"," -9999.0","M"," "," 0"," -9999.0","M"," "," 0"," -9999.0","M"," "," 0","     0.0"," ","P","17","     0.1"," ","P","17"
"USC00024849","04-01"," 36.8644","-111.6022"," 978.4","LEES FERRY, AZ US","04","01","99","    58.4"," ","R","14","    71.1"," ","R","14","    45.7"," ","R","15","    25.4"," ","R","14","     6.5"," ","R","14","     8.6"," ","R","14","     5.9"," ","R","15","     6.9"," ","R","14","     7.1"," ","R","14","     0.0"," ","R","14","     0.0","X","R","14","     0.3"," ","R","14","     1.3"," ","R","14","     2.0"," ","R","14","     3.5"," ","R","14","     0.5"," ","R","14","    18.4"," ","R","14","    13.4"," ","R","14","     8.7"," ","R","14","     4.7"," ","R","14","     3.4"," ","R","14","     1.9"," ","R","14","     0.1"," ","R","14","     0.0","X","R","14","     0.5"," ","R","14","    18.4"," ","R","14","    13.4"," ","R","14","     8.7"," ","R","14","     4.7"," ","R","14","     3.4"," ","R","14","     1.9"," ","R","14","     0.1"," ","R","14","     0.0","X","R","14","    12.1"," ","R","14","    10.8"," ","R","14","    11.3"," ","P","17","     3.7"," ","P","17","     1.9"," ","P","17","     0.5"," ","P","17","     0.0"," ","P","17","     0.0"," ","P","17","     0.0"," ","P","17","     0.0"," ","P","17","    0.03"," ","P","17","    0.05"," ","P","17","    0.11"," ","P","17","    0.02"," ","R","16","    1.93"," ","R","16","     0.0"," ","P","16","     0.0"," ","P","16","     0.0"," ","P","16","     0.0"," ","P","16","     0.0"," ","P","16","     0.0"," ","P","16","     0.0"," ","P","16","     0.0"," ","P","16"," -9999.0","M"," "," 0"," -9999.0","M"," "," 0"," -9999.0","M"," "," 0","     0.0"," ","P","16","     0.1"," ","P","16"
"USC00024849","04-02"," 36.8644","-111.6022"," 978.4","LEES FERRY, AZ US","04","02","99","    58.7"," ","R","14","    71.4"," ","R","14","    45.9"," ","R","15","    25.5"," ","R","14","     6.5"," ","R","14","     8.6"," ","R","14","     5.9"," ","R","15","     6.9"," ","R","14","     6.9"," ","R","14","     0.0"," ","R","14","     0.0","X","R","14","     0.3"," ","R","14","     1.2"," ","R","14","     1.9"," ","R","14","     3.4"," ","R","14","     0.6"," ","R","14","    18.7"," ","R","14","    13.7"," ","R","14","     8.9"," ","R","14","     4.9"," ","R","14","     3.6"," ","R","14","     2.1"," ","R","14","     0.1"," ","R","14","     0.0","X","R","14","     0.6"," ","R","14","    18.7"," ","R","14","    13.7"," ","R","14","     8.9"," ","R","14","     4.9"," ","R","14","     3.6"," ","R","14","     2.1"," ","R","14","     0.1"," ","R","14","     0.0","X","R","14","    12.3"," ","R","14","    11.0"," ","R","14","    11.1"," ","P","17","     3.6"," ","P","17","     1.9"," ","P","17","     0.5"," ","P","17","     0.0"," ","P","17","     0.0"," ","P","17","     0.0"," ","P","17","     0.0"," ","P","17","    0.03"," ","P","17","    0.05"," ","P","17","    0.11"," ","P","17","    0.03"," ","R","16","    1.94"," ","R","16","     0.0"," ","P","16","     0.0"," ","P","16","     0.0"," ","P","16","     0.0"," ","P","16","     0.0"," ","P","16","     0.0"," ","P","16","     0.0"," ","P","16","     0.0"," ","P","16"," -9999.0","M"," "," 0"," -9999.0","M"," "," 0"," -9999.0","M"," "," 0","     0.0"," ","P","16","     0.1"," ","P","16"
"USC00024849","04-03"," 36.8644","-111.6022"," 978.4","LEES FERRY, AZ US","04","03","99","    58.9"," ","R","14","    71.7"," ","R","14","    46.1"," ","R","15","    25.6"," ","R","14","     6.5"," ","R","14","     8.6"," ","R","14","     5.9"," ","R","15","     6.9"," ","R","14","     6.7"," ","R","14","     0.0"," ","R","14","     0.0","X","R","14","     0.3"," ","R","14","     1.2"," ","R","14","     1.8"," ","R","14","     3.3"," ","R","14","     0.7"," ","R","14","    18.9"," ","R","14","    13.9"," ","R","14","     9.2"," ","R","14","     5.1"," ","R","14","     3.7"," ","R","14","     2.2"," ","R","14","     0.1"," ","R","14","     0.0","X","R","14","     0.7"," ","R","14","    18.9"," ","R","14","    13.9"," ","R","14","     9.2"," ","R","14","     5.1"," ","R","14","     3.7"," ","R","14","     2.2"," ","R","14","     0.1"," ","R","14","     0.0","X","R","14","    12.5"," ","R","14","    11.2"," ","R","14","    11.0"," ","P","17","     3.6"," ","P","17","     1.8"," ","P","17","     0.4"," ","P","17","     0.0"," ","P","17","     0.0"," ","P","17","     0.0"," ","P","17","     0.0"," ","P","17","    0.03"," ","P","17","    0.05"," ","P","17","    0.11"," ","P","17","    0.05"," ","R","16","    1.96"," ","R","16","     0.0"," ","P","16","     0.0"," ","P","16","     0.0"," ","P","16","     0.0"," ","P","16","     0.0"," ","P","16","     0.0"," ","P","16","     0.0"," ","P","16","     0.0"," ","P","16"," -9999.0","M"," "," 0"," -9999.0","M"," "," 0"," -9999.0","M"," "," 0","     0.0"," ","P","16","     0.1"," ","P","16"
"USC00024849","04-04"," 36.8644","-111.6022"," 978.4","LEES FERRY, AZ US","04","04","99","    59.2"," ","R","14","    72.0"," ","R","14","    46.4"," ","R","15","    25.6"," ","R","14","     6.5"," ","R","14","     8.5"," ","R","14","     5.9"," ","R","15","     6.9"," ","R","14","     6.6"," ","R","14","     0.0"," ","R","14","     0.0","X","R","14","     0.2"," ","R","14","     1.1"," ","R","14","     1.7"," ","R","14","     3.2"," ","R","14","     0.7"," ","R","14","    19.2"," ","R","14","    14.2"," ","R","14","     9.4"," ","R","14","     5.2"," ","R","14","     3.9"," ","R","14","     2.3"," ","R","14","     0.1"," ","R","14","     0.0","X","R","14","     0.7"," ","R","14","    19.2"," ","R","14","    14.2"," ","R","14","     9.4"," ","R","14","     5.2"," ","R","14","     3.9"," ","R","14","     2.3"," ","R","14","     0.1"," ","R","14","     0.0","X","R","14","    12.7"," ","R","14","    11.3"," ","R","14","    10.8"," ","P","17","     3.5"," ","P","17","     1.8"," ","P","17","     0.4"," ","P","17","     0.0"," ","P","17","     0.0"," ","P","17","     0.0"," ","P","17","     0.0"," ","P","17","    0.03"," ","P","17","    0.05"," ","P","17","    0.11"," ","P","17","    0.06"," ","R","16","    1.97"," ","R","16","     0.0"," ","P","16","     0.0"," ","P","16","     0.0"," ","P","16","     0.0"," ","P","16","     0.0"," ","P","16","     0.0"," ","P","16","     0.0"," ","P","16","     0.0"," ","P","16"," -9999.0","M"," "," 0"," -9999.0","M"," "," 0"," -9999.0","M"," "," 0","     0.0"," ","P","16","     0.1"," ","P","16"
"USC00024849","04-05"," 36.8644","-111.6022"," 978.4","LEES FERRY, AZ US","04","05","99","    59.4"," ","R","14","    72.3"," ","R","14","    46.6"," ","R","15","    25.7"," ","R","14","     6.5"," ","R","14","     8.5"," ","R","14","     5.9"," ","R","15","     6.9"," ","R","14","     6.4"," ","R","14","     0.0"," ","R","14","     0.0","X","R","14","     0.2"," ","R","14","     1.0"," ","R","14","     1.6"," ","R","14","     3.1"," ","R","14","     0.8"," ","R","14","    19.4"," ","R","14","    14.4"," ","R","14","     9.6"," ","R","14","     5.4"," ","R","14","     4.0"," ","R","14","     2.5"," ","R","14","     0.1"," ","R","14","     0.0","X","R","14","     0.8"," ","R","14","    19.4"," ","R","14","    14.4"," ","R","14","     9.6"," ","R","14","     5.4"," ","R","14","     4.0"," ","R","14","     2.5"," ","R","14","     0.1"," ","R","14","     0.0","X","R","14","    12.8"," ","R","14","    11.5"," ","R","14","    10.6"," ","P","17","     3.5"," ","P","17","     1.8"," ","P","17","     0.4"," ","P","17","     0.0"," ","P","17","     0.0"," ","P","17","     0.0"," ","P","17","     0.0"," ","P","17","    0.03"," ","P","17","    0.05"," ","P","17","    0.11"," ","P","17","    0.07"," ","R","16","    1.98"," ","R","16","     0.0"," ","P","16","     0.0"," ","P","16","     0.0"," ","P","16","     0.0"," ","P","16","     0.0"," ","P","16","     0.0"," ","P","16","     0.0"," ","P","16","     0.0"," ","P","16"," -9999.0","M"," "," 0"," -9999.0","M"," "," 0"," -9999.0","M"," "," 0","     0.0"," ","P","16","     0.1"," ","P","16"
"USC00024849","04-06"," 36.8644","-111.6022"," 978.4","LEES FERRY, AZ US","04","06","99","    59.7"," ","R","14","    72.5"," ","R","14","    46.8"," ","R","15","    25.7"," ","R","14","     6.5"," ","R","14","     8.5"," ","R","14","     5.9"," ","R","15","     6.9"," ","R","14","     6.2"," ","R","14","     0.0"," ","R","14","     0.0","X","R","14","     0.2"," ","R","14","     0.9"," ","R","14","     1.5"," ","R","14","     3.0"," ","R","14","     0.9"," ","R","14","    19.7"," ","R","14","    14.7"," ","R","14","     9.9"," ","R","14","     5.6"," ","R","14","     4.2"," ","R","14","     2.6"," ","R","14","     0.1"," ","R","14","     0.1"," ","R","14","     0.9"," ","R","14","    19.7"," ","R","14","    14.7"," ","R","14","     9.9"," ","R","14","     5.6"," ","R","14","     4.2"," ","R","14","     2.6"," ","R","14","     0.1"," ","R","14","     0.1"," ","R","14","    13.0"," ","R","14","    11.6"," ","R","14","    10.5"," ","P","17","     3.4"," ","P","17","     1.7"," ","P","17","     0.4"," ","P","17","     0.0"," ","P","17","     0.0"," ","P","17","     0.0"," ","P","17","     0.0"," ","P","17","    0.03"," ","P","17","    0.05"," ","P","17","    0.11"," ","P","17","    0.08"," ","R","16","    1.99"," ","R","16","     0.0"," ","P","16","     0.0"," ","P","16","     0.0"," ","P","16","     0.0"," ","P","16","     0.0"," ","P","16","     0.0"," ","P","16","     0.0"," ","P","16","     0.0"," ","P","16"," -9999.0","M"," "," 0"," -9999.0","M"," "," 0"," -9999.0","M"," "," 0","     0.0"," ","P","16","     0.1"," ","P","16"
"USC00024849","04-07"," 36.8644","-111.6022"," 978.4","LEES FERRY, AZ US","04","07","99","    59.9"," ","R","14","    72.8"," ","R","14","    47.0"," ","R","15","    25.8"," ","R","14","     6.5"," ","R","14","     8.5"," ","R","14","     5.9"," ","R","15","     6.8"," ","R","14","     6.0"," ","R","14","     0.0"," ","R","14","     0.0","X","R","14","     0.2"," ","R","14","     0.9"," ","R","14","     1.4"," ","R","14","     2.8"," ","R","14","     0.9"," ","R","14","    19.9"," ","R","14","    14.9"," ","R","14","    10.1"," ","R","14","     5.8"," ","R","14","     4.4"," ","R","14","     2.8"," ","R","14","     0.1"," ","R","14","     0.1"," ","R","14","     0.9"," ","R","14","    19.9"," ","R","14","    14.9"," ","R","14","    10.1"," ","R","14","     5.8"," ","R","14","     4.4"," ","R","14","     2.8"," ","R","14","     0.1"," ","R","14","     0.1"," ","R","14","    13.2"," ","R","14","    11.8"," ","R","14","    10.3"," ","P","17","     3.4"," ","P","17","     1.7"," ","P","17","     0.4"," ","P","17","     0.0"," ","P","17","     0.0"," ","P","17","     0.0"," ","P","17","     0.0"," ","P","17","-9999.00","Y"," "," 0","-9999.00","Y"," "," 0","-9999.00","Y"," "," 0","    0.09"," ","R","16","    2.00"," ","R","16","     0.0"," ","P","16","     0.0"," ","P","16","     0.0"," ","P","16","     0.0"," ","P","16","     0.0"," ","P","16","     0.0"," ","P","16","     0.0"," ","P","16","     0.0"," ","P","16"," -9999.0","M"," "," 0"," -9999.0","M"," "," 0"," -9999.0","M"," "," 0","     0.0"," ","P","16","     0.1"," ","P","16"
"USC00024849","04-08"," 36.8644","-111.6022"," 978.4","LEES FERRY, AZ US","04","08","99","    60.2"," ","R","14","    73.1"," ","R","14","    47.3"," ","R","15","    25.8"," ","R","14","     6.5"," ","R","14","     8.5"," ","R","14","     5.9"," ","R","15","     6.8"," ","R","14","     5.8"," ","R","14","     0.0"," ","R","14","     0.0","X","R","14","     0.2"," ","R","14","     0.8"," ","R","14","     1.3"," ","R","14","     2.7"," ","R","14","     1.0"," ","R","14","    20.2"," ","R","14","    15.2"," ","R","14","    10.3"," ","R","14","     6.0"," ","R","14","     4.5"," ","R","14","     2.9"," ","R","14","     0.1"," ","R","14","     0.1"," ","R","14","     1.0"," ","R","14","    20.2"," ","R","14","    15.2"," ","R","14","    10.3"," ","R","14","     6.0"," ","R","14","     4.5"," ","R","14","     2.9"," ","R","14","     0.1"," ","R","14","     0.1"," ","R","14","    13.3"," ","R","14","    12.0"," ","R","14","    10.1"," ","P","17","     3.3"," ","P","17","     1.7"," ","P","17","     0.4"," ","P","17","     0.0"," ","P","17","     0.0"," ","P","17","     0.0"," ","P","17","     0.0"," ","P","17","-9999.00","Y"," "," 0","-9999.00","Y"," "," 0","-9999.00","Y"," "," 0","    0.10"," ","R","16","    2.01"," ","R","16","     0.0"," ","P","16","     0.0"," ","P","16","     0.0"," ","P","16","     0.0"," ","P","16","     0.0"," ","P","16","     0.0"," ","P","16","     0.0"," ","P","16","     0.0"," ","P","16"," -9999.0","M"," "," 0"," -9999.0","M"," "," 0"," -9999.0","M"," "," 0","     0.0"," ","P","16","     0.1"," ","P","16"
"USC00024849","04-09"," 36.8644","-111.6022"," 978.4","LEES FERRY, AZ US","04","09","99","    60.4"," ","R","14","    73.4"," ","R","14","    47.5"," ","R","15","    25.8"," ","R","14","     6.5"," ","R","14","     8.5"," ","R","14","     5.9"," ","R","15","     6.8"," ","R","14","     5.5"," ","R","14","     0.0"," ","R","14","     0.0","X","R","14","     0.1"," ","R","14","     0.7"," ","R","14","     1.3"," ","R","14","     2.6"," ","R","14","     1.0"," ","R","14","    20.4"," ","R","14","    15.5"," ","R","14","    10.6"," ","R","14","     6.2"," ","R","14","     4.7"," ","R","14","     3.0"," ","R","14","     0.1"," ","R","14","     0.1"," ","R","14","     1.0"," ","R","14","    20.4"," ","R","14","    15.5"," ","R","14","    10.6"," ","R","14","     6.2"," ","R","14","     4.7"," ","R","14","     3.0"," ","R","14","     0.1"," ","R","14","     0.1"," ","R","14","    13.5"," ","R","14","    12.1"," ","R","14","    10.0"," ","P","17","     3.3"," ","P","17","     1.7"," ","P","17","     0.4"," ","P","17","     0.0"," ","P","17","     0.0"," ","P","17","     0.0"," ","P","17","     0.0"," ","P","17","-9999.00","Y"," "," 0","-9999.00","Y"," "," 0","-9999.00","Y"," "," 0","    0.12"," ","R","16","    2.03"," ","R","16","     0.0"," ","P","16","     0.0"," ","P","16","     0.0"," ","P","16","     0.0"," ","P","16","     0.0"," ","P","16","     0.0"," ","P","16","     0.0"," ","P","16","     0.0"," ","P","16"," -9999.0","M"," "," 0"," -9999.0","M"," "," 0"," -9999.0","M"," "," 0","     0.0"," ","P","16","     0.1"," ","P","16"
"USC00024849","04-10"," 36.8644","-111.6022"," 978.4","LEES FERRY, AZ US","04","10","99","    60.7"," ","R","14","    73.6"," ","R","14","    47.8"," ","R","15","    25.8"," ","R","14","     6.5"," ","R","14","     8.5"," ","R","14","     5.9"," ","R","15","     6.8"," ","R","14","     5.3"," ","R","14","     0.0"," ","R","14","     0.0","X","R","14","     0.1"," ","R","14","     0.7"," ","R","14","     1.2"," ","R","14","     2.4"," ","R","14","     1.0"," ","R","14","    20.7"," ","R","14","    15.7"," ","R","14","    10.8"," ","R","14","     6.4"," ","R","14","     4.9"," ","R","14","     3.1"," ","R","14","     0.1"," ","R","14","     0.1"," ","R","14","     1.0"," ","R","14","    20.7"," ","R","14","    15.7"," ","R","14","    10.8"," ","R","14","     6.4"," ","R","14","     4.9"," ","R","14","     3.1"," ","R","14","     0.1"," ","R","14","     0.1"," ","R","14","    13.7"," ","R","14","    12.3"," ","R","14","     9.8"," ","P","17","     3.2"," ","P","17","     1.6"," ","P","17","     0.4"," ","P","17","     0.0"," ","P","17","     0.0"," ","P","17","     0.0"," ","P","17","     0.0"," ","P","17","-9999.00","Y"," "," 0","-9999.00","Y"," "," 0","-9999.00","Y"," "," 0","    0.13"," ","R","16","    2.04"," ","R","16","     0.0"," ","P","16","     0.0"," ","P","16","     0.0"," ","P","16","     0.0"," ","P","16","     0.0"," ","P","16","     0.0"," ","P","16","     0.0"," ","P","16","     0.0"," ","P","16"," -9999.0","M"," "," 0"," -9999.0","M"," "," 0"," -9999.0","M"," "," 0","     0.0"," ","P","16","     0.1"," ","P","16"
"USC00024849","04-11"," 36.8644","-111.6022"," 978.4","LEES FERRY, AZ US","04","11","99","    61.0"," ","R","14","    73.9"," ","R","14","    48.0"," ","R","15","    25.8"," ","R","14","     6.5"," ","R","14","     8.5"," ","R","14","     6.0"," ","R","15","     6.8"," ","R","14","     5.1"," ","R","14","     0.0"," ","R","14","     0.0","X","R","14","     0.1"," ","R","14","     0.6"," ","R","14","     1.1"," ","R","14","     2.3"," ","R","14","     1.1"," ","R","14","    21.0"," ","R","14","    16.0"," ","R","14","    11.1"," ","R","14","     6.6"," ","R","14","     5.1"," ","R","14","     3.2"," ","R","14","     0.2"," ","R","14","     0.1"," ","R","14","     1.1"," ","R","14","    21.0"," ","R","14","    16.0"," ","R","14","    11.1"," ","R","14","     6.6"," ","R","14","     5.1"," ","R","14","     3.2"," ","R","14","     0.2"," ","R","14","     0.1"," ","R","14","    13.9"," ","R","14","    12.5"," ","R","14","     9.6"," ","P","17","     3.2"," ","P","17","     1.6"," ","P","17","     0.4"," ","P","17","     0.0"," ","P","17","     0.0"," ","P","17","     0.0"," ","P","17","     0.0"," ","P","17","-9999.00","Y"," "," 0","-9999.00","Y"," "," 0","-9999.00","Y"," "," 0","    0.14"," ","R","16","    2.05"," ","R","16","     0.0"," ","P","16","     0.0"," ","P","16","     0.0"," ","P","16","     0.0"," ","P","16","     0.0"," ","P","16","     0.0"," ","P","16","     0.0"," ","P","16","     0.0"," ","P","16"," -9999.0","M"," "," 0"," -9999.0","M"," "," 0"," -9999.0","M"," "," 0","     0.0"," ","P","16","     0.1"," ","P","16"
"USC00024849","04-12"," 36.8644","-111.6022"," 978.4","LEES FERRY, AZ US","04","12","99","    61.2"," ","R","14","    74.1"," ","R","14","    48.3"," ","R","15","    25.8"," ","R","14","     6.5"," ","R","14","     8.5"," ","R","14","     6.0"," ","R","15","     6.8"," ","R","14","     4.9"," ","R","14","     0.0"," ","R","14","     0.0"," ","R","14","     0.1"," ","R","14","     0.5"," ","R","14","     1.0"," ","R","14","     2.1"," ","R","14","     1.1"," ","R","14","    21.2"," ","R","14","    16.2"," ","R","14","    11.3"," ","R","14","     6.8"," ","R","14","     5.3"," ","R","14","     3.4"," ","R","14","     0.2"," ","R","14","     0.1"," ","R","14","     1.1"," ","R","14","    21.2"," ","R","14","    16.2"," ","R","14","    11.3"," ","R","14","     6.8"," ","R","14","     5.3"," ","R","14","     3.4"," ","R","14","     0.2"," ","R","14","     0.1"," ","R","14","    14.1"," ","R","14","    12.7"," ","R","14","     9.4"," ","P","17","     3.1"," ","P","17","     1.6"," ","P","17","     0.4"," ","P","17","     0.0"," ","P","17","     0.0"," ","P","17","     0.0"," ","P","17","     0.0"," ","P","17","-9999.00","Y"," "," 0","-9999.00","Y"," "," 0","-9999.00","Y"," "," 0","    0.15"," ","R","16","    2.06"," ","R","16","     0.0"," ","P","16","     0.0"," ","P","16","     0.0"," ","P","16","     0.0"," ","P","16","     0.0"," ","P","16","     0.0"," ","P","16","     0.0"," ","P","16","     0.0"," ","P","16"," -9999.0","M"," "," 0"," -9999.0","M"," "," 0"," -9999.0","M"," "," 0","     0.0"," ","P","16","     0.1"," ","P","16"
"USC00024849","04-13"," 36.8644","-111.6022"," 978.4","LEES FERRY, AZ US","04","13","99","    61.5"," ","R","14","    74.4"," ","R","14","    48.6"," ","R","15","    25.8"," ","R","14","     6.5"," ","R","14","     8.5"," ","R","14","     6.0"," ","R","15","     6.8"," ","R","14","     4.7"," ","R","14","     0.0"," ","R","14","     0.0"," ","R","14","     0.1"," ","R","14","     0.5"," ","R","14","     1.0"," ","R","14","     2.0"," ","R","14","     1.2"," ","R","14","    21.5"," ","R","14","    16.5"," ","R","14","    11.6"," ","R","14","     7.0"," ","R","14","     5.4"," ","R","14","     3.5"," ","R","14","     0.2"," ","R","14","     0.1"," ","R","14","     1.2"," ","R","14","    21.5"," ","R","14","    16.5"," ","R","14","    11.6"," ","R","14","     7.0"," ","R","14","     5.4"," ","R","14","     3.5"," ","R","14","     0.2"," ","R","14","     0.1"," ","R","14","    14.3"," ","R","14","    12.9"," ","R","14","     9.2"," ","P","17","     3.0"," ","P","17","     1.6"," ","P","17","     0.4"," ","P","17","     0.0"," ","P","17","     0.0"," ","P","17","     0.0"," ","P","17","     0.0"," ","P","17","-9999.00","Y"," "," 0","-9999.00","Y"," "," 0","-9999.00","Y"," "," 0","    0.16"," ","R","16","    2.07"," ","R","16","     0.0"," ","P","16","     0.0"," ","P","16","     0.0"," ","P","16","     0.0"," ","P","16","     0.0"," ","P","16","     0.0"," ","P","16","     0.0"," ","P","16","     0.0"," ","P","16"," -9999.0","M"," "," 0"," -9999.0","M"," "," 0"," -9999.0","M"," "," 0","     0.0"," ","P","16","     0.1"," ","P","16"
"USC00024849","04-14"," 36.8644","-111.6022"," 978.4","LEES FERRY, AZ US","04","14","99","    61.7"," ","R","14","    74.7"," ","R","14","    48.8"," ","R","15","    25.8"," ","R","14","     6.5"," ","R","14","     8.5"," ","R","14","     6.0"," ","R","15","     6.8"," ","R","14","     4.5"," ","R","14","     0.0"," ","R","14","     0.0"," ","R","14","     0.1"," ","R","14","     0.5"," ","R","14","     0.9"," ","R","14","     1.9"," ","R","14","     1.2"," ","R","14","    21.7"," ","R","14","    16.7"," ","R","14","    11.8"," ","R","14","     7.2"," ","R","14","     5.7"," ","R","14","     3.7"," ","R","14","     0.2"," ","R","14","     0.1"," ","R","14","     1.2"," ","R","14","    21.7"," ","R","14","    16.7"," ","R","14","    11.8"," ","R","14","     7.2"," ","R","14","     5.7"," ","R","14","     3.7"," ","R","14","     0.2"," ","R","14","     0.1"," ","R","14","    14.5"," ","R","14","    13.0"," ","R","14","     9.0"," ","P","17","     2.9"," ","P","17","     1.5"," ","P","17","     0.4"," ","P","17","     0.0"," ","P","17","     0.0"," ","P","17","     0.0"," ","P","17","     0.0"," ","P","17","-9999.00","Y"," "," 0","-9999.00","Y"," "," 0","-9999.00","Y"," "," 0","    0.17"," ","R","16","    2.08"," ","R","16","     0.0"," ","P","16","     0.0"," ","P","16","     0.0"," ","P","16","     0.0"," ","P","16","     0.0"," ","P","16","     0.0"," ","P","16","     0.0"," ","P","16","     0.0"," ","P","16"," -9999.0","M"," "," 0"," -9999.0","M"," "," 0"," -9999.0","M"," "," 0","     0.0"," ","P","16","     0.1"," ","P","16"
"USC00024849","04-15"," 36.8644","-111.6022"," 978.4","LEES FERRY, AZ US","04","15","99","    62.0"," ","R","14","    74.9"," ","R","14","    49.1"," ","R","15","    25.8"," ","R","14","     6.6"," ","R","14","     8.5"," ","R","14","     6.1"," ","R","15","     6.8"," ","R","14","     4.3"," ","R","14","     0.0"," ","R","14","     0.0"," ","R","14","     0.1"," ","R","14","     0.4"," ","R","14","     0.9"," ","R","14","     1.8"," ","R","14","     1.3"," ","R","14","    22.0"," ","R","14","    17.0"," ","R","14","    12.1"," ","R","14","     7.5"," ","R","14","     5.9"," ","R","14","     3.8"," ","R","14","     0.3"," ","R","14","     0.1"," ","R","14","     1.3"," ","R","14","    22.0"," ","R","14","    17.0"," ","R","14","    12.1"," ","R","14","     7.5"," ","R","14","     5.9"," ","R","14","     3.8"," ","R","14","     0.3"," ","R","14","     0.1"," ","R","14","    14.7"," ","R","14","    13.2"," ","R","14","     8.8"," ","P","17","     2.8"," ","P","17","     1.5"," ","P","17","     0.4"," ","P","17","     0.0"," ","P","17","     0.0"," ","P","17","     0.0"," ","P","17","     0.0"," ","P","17","-9999.00","Y"," "," 0","-9999.00","Y"," "," 0","-9999.00","Y"," "," 0","    0.17"," ","R","16","    2.08"," ","R","16","     0.0"," ","P","16","     0.0"," ","P","16","     0.0"," ","P","16","     0.0"," ","P","16","     0.0"," ","P","16","     0.0"," ","P","16","     0.0"," ","P","16","     0.0"," ","P","16"," -9999.0","M"," "," 0"," -9999.0","M"," "," 0"," -9999.0","M"," "," 0","     0.0"," ","P","16","     0.1"," ","P","16"
"USC00024849","04-16"," 36.8644","-111.6022"," 978.4","LEES FERRY, AZ US","04","16","99","    62.3"," ","R","14","    75.2"," ","R","14","    49.4"," ","R","15","    25.8"," ","R","14","     6.6"," ","R","14","     8.6"," ","R","14","     6.1"," ","R","15","     6.8"," ","R","14","     4.1"," ","R","14","     0.0"," ","R","14","     0.0"," ","R","14","     0.1"," ","R","14","     0.4"," ","R","14","     0.8"," ","R","14","     1.7"," ","R","14","     1.4"," ","R","14","    22.3"," ","R","14","    17.3"," ","R","14","    12.3"," ","R","14","     7.7"," ","R","14","     6.1"," ","R","14","     4.0"," ","R","14","     0.3"," ","R","14","     0.2"," ","R","14","     1.4"," ","R","14","    22.3"," ","R","14","    17.3"," ","R","14","    12.3"," ","R","14","     7.7"," ","R","14","     6.1"," ","R","14","     4.0"," ","R","14","     0.3"," ","R","14","     0.2"," ","R","14","    14.9"," ","R","14","    13.4"," ","R","14","     8.7"," ","P","17","     2.8"," ","P","17","     1.4"," ","P","17","     0.4"," ","P","17","     0.0"," ","P","17","     0.0"," ","P","17","     0.0"," ","P","17","     0.0"," ","P","17","-9999.00","Y"," "," 0","-9999.00","Y"," "," 0","-9999.00","Y"," "," 0","    0.18"," ","R","16","    2.09"," ","R","16","     0.0"," ","P","16","     0.0"," ","P","16","     0.0"," ","P","16","     0.0"," ","P","16","     0.0"," ","P","16","     0.0"," ","P","16","     0.0"," ","P","16","     0.0"," ","P","16"," -9999.0","M"," "," 0"," -9999.0","M"," "," 0"," -9999.0","M"," "," 0","     0.0"," ","P","16","     0.1"," ","P","16"
"USC00024849","04-17"," 36.8644","-111.6022"," 978.4","LEES FERRY, AZ US","04","17","99","    62.5"," ","R","14","    75.4"," ","R","14","    49.7"," ","R","15","    25.7"," ","R","14","     6.6"," ","R","14","     8.6"," ","R","14","     6.1"," ","R","15","     6.8"," ","R","14","     3.9"," ","R","14","     0.0"," ","R","14","     0.0"," ","R","14","     0.0","X","R","14","     0.3"," ","R","14","     0.7"," ","R","14","     1.6"," ","R","14","     1.5"," ","R","14","    22.5"," ","R","14","    17.5"," ","R","14","    12.6"," ","R","14","     7.9"," ","R","14","     6.3"," ","R","14","     4.2"," ","R","14","     0.4"," ","R","14","     0.2"," ","R","14","     1.5"," ","R","14","    22.5"," ","R","14","    17.5"," ","R","14","    12.6"," ","R","14","     7.9"," ","R","14","     6.3"," ","R","14","     4.2"," ","R","14","     0.4"," ","R","14","     0.2"," ","R","14","    15.1"," ","R","14","    13.5"," ","R","14","     8.5"," ","P","17","     2.7"," ","P","17","     1.4"," ","P","17","     0.4"," ","P","17","     0.0"," ","P","17","     0.0"," ","P","17","     0.0"," ","P","17","     0.0"," ","P","17","-9999.00","Y"," "," 0","-9999.00","Y"," "," 0","-9999.00","Y"," "," 0","    0.19"," ","R","16","    2.10"," ","R","16","     0.0"," ","P","16","     0.0"," ","P","16","     0.0"," ","P","16","     0.0"," ","P","16","     0.0"," ","P","16","     0.0"," ","P","16","     0.0"," ","P","16","     0.0"," ","P","16"," -9999.0","M"," "," 0"," -9999.0","M"," "," 0"," -9999.0","M"," "," 0","     0.0"," ","P","16","     0.1"," ","P","16"
"USC00024849","04-18"," 36.8644","-111.6022"," 978.4","LEES FERRY, AZ US","04","18","99","    62.8"," ","R","14","    75.7"," ","R","14","    50.0"," ","R","15","    25.7"," ","R","14","     6.6"," ","R","14","     8.6"," ","R","14","     6.1"," ","R","15","     6.8"," ","R","14","     3.7"," ","R","14","     0.0"," ","R","14","     0.0"," ","R","14","     0.0","X","R","14","     0.3"," ","R","14","     0.6"," ","R","14","     1.5"," ","R","14","     1.6"," ","R","14","    22.8"," ","R","14","    17.8"," ","R","14","    12.8"," ","R","14","     8.1"," ","R","14","     6.4"," ","R","14","     4.3"," ","R","14","     0.4"," ","R","14","     0.2"," ","R","14","     1.6"," ","R","14","    22.8"," ","R","14","    17.8"," ","R","14","    12.8"," ","R","14","     8.1"," ","R","14","     6.4"," ","R","14","     4.3"," ","R","14","     0.4"," ","R","14","     0.2"," ","R","14","    15.3"," ","R","14","    13.7"," ","R","14","     8.3"," ","P","17","     2.6"," ","P","17","     1.4"," ","P","17","     0.4"," ","P","17","     0.0"," ","P","17","     0.0"," ","P","17","     0.0"," ","P","17","     0.0"," ","P","17","-9999.00","Y"," "," 0","-9999.00","Y"," "," 0","-9999.00","Y"," "," 0","    0.20"," ","R","16","    2.11"," ","R","16","     0.0"," ","P","16","     0.0"," ","P","16","     0.0"," ","P","16","     0.0"," ","P","16","     0.0"," ","P","16","     0.0"," ","P","16","     0.0"," ","P","16","     0.0"," ","P","16"," -9999.0","M"," "," 0"," -9999.0","M"," "," 0"," -9999.0","M"," "," 0","     0.0"," ","P","16","     0.1"," ","P","16"
"USC00024849","04-19"," 36.8644","-111.6022"," 978.4","LEES FERRY, AZ US","04","19","99","    63.1"," ","R","14","    75.9"," ","R","14","    50.3"," ","R","15","    25.6"," ","R","14","     6.7"," ","R","14","     8.6"," ","R","14","     6.2"," ","R","15","     6.8"," ","R","14","     3.6"," ","R","14","     0.0"," ","R","14","     0.0"," ","R","14","     0.0","X","R","14","     0.2"," ","R","14","     0.6"," ","R","14","     1.3"," ","R","14","     1.6"," ","R","14","    23.1"," ","R","14","    18.1"," ","R","14","    13.1"," ","R","14","     8.3"," ","R","14","     6.6"," ","R","14","     4.4"," ","R","14","     0.4"," ","R","14","     0.2"," ","R","14","     1.6"," ","R","14","    23.1"," ","R","14","    18.1"," ","R","14","    13.1"," ","R","14","     8.3"," ","R","14","     6.6"," ","R","14","     4.4"," ","R","14","     0.4"," ","R","14","     0.2"," ","R","14","    15.5"," ","R","14","    13.9"," ","R","14","     8.1"," ","P","17","     2.6"," ","P","17","     1.3"," ","P","17","     0.4"," ","P","17","     0.0"," ","P","17","     0.0"," ","P","17","     0.0"," ","P","17","     0.0"," ","P","17","-9999.00","Y"," "," 0","-9999.00","Y"," "," 0","-9999.00","Y"," "," 0","    0.20"," ","R","16","    2.11"," ","R","16","     0.0"," ","P","16","     0.0"," ","P","16","     0.0"," ","P","16","     0.0"," ","P","16","     0.0"," ","P","16","     0.0"," ","P","16","     0.0"," ","P","16","     0.0"," ","P","16"," -9999.0","M"," "," 0"," -9999.0","M"," "," 0"," -9999.0","M"," "," 0","     0.0"," ","P","16","     0.1"," ","P","16"
"USC00024849","04-20"," 36.8644","-111.6022"," 978.4","LEES FERRY, AZ US","04","20","99","    63.4"," ","R","14","    76.2"," ","R","14","    50.6"," ","R","15","    25.6"," ","R","14","     6.7"," ","R","14","     8.6"," ","R","14","     6.2"," ","R","15","     6.9"," ","R","14","     3.4"," ","R","14","     0.0"," ","R","14","     0.0"," ","R","14","     0.0","X","R","14","     0.2"," ","R","14","     0.5"," ","R","14","     1.2"," ","R","14","     1.7"," ","R","14","    23.4"," ","R","14","    18.4"," ","R","14","    13.4"," ","R","14","     8.6"," ","R","14","     6.9"," ","R","14","     4.6"," ","R","14","     0.4"," ","R","14","     0.2"," ","R","14","     1.7"," ","R","14","    23.4"," ","R","14","    18.4"," ","R","14","    13.4"," ","R","14","     8.6"," ","R","14","     6.9"," ","R","14","     4.6"," ","R","14","     0.4"," ","R","14","     0.2"," ","R","14","    15.7"," ","R","14","    14.1"," ","R","14","     8.0"," ","P","17","     2.5"," ","P","17","     1.3"," ","P","17","     0.4"," ","P","17","     0.0"," ","P","17","     0.0"," ","P","17","     0.0"," ","P","17","     0.0"," ","P","17","-9999.00","Y"," "," 0","-9999.00","Y"," "," 0","-9999.00","Y"," "," 0","    0.21"," ","R","16","    2.12"," ","R","16","     0.0"," ","P","16","     0.0"," ","P","16","     0.0"," ","P","16","     0.0"," ","P","16","     0.0"," ","P","16","     0.0"," ","P","16","     0.0"," ","P","16","     0.0"," ","P","16"," -9999.0","M"," "," 0"," -9999.0","M"," "," 0"," -9999.0","M"," "," 0","     0.0"," ","P","16","     0.1"," ","P","16"
"USC00024849","04-21"," 36.8644","-111.6022"," 978.4","LEES FERRY, AZ US","04","21","99","    63.6"," ","R","14","    76.4"," ","R","14","    50.8"," ","R","15","    25.6"," ","R","14","     6.7"," ","R","14","     8.7"," ","R","14","     6.2"," ","R","15","     6.9"," ","R","14","     3.3"," ","R","14","     0.0"," ","R","14","     0.0"," ","R","14","     0.0","X","R","14","     0.2"," ","R","14","     0.5"," ","R","14","     1.2"," ","R","14","     1.9"," ","R","14","    23.6"," ","R","14","    18.6"," ","R","14","    13.6"," ","R","14","     8.8"," ","R","14","     7.1"," ","R","14","     4.8"," ","R","14","     0.5"," ","R","14","     0.3"," ","R","14","     1.9"," ","R","14","    23.6"," ","R","14","    18.6"," ","R","14","    13.6"," ","R","14","     8.8"," ","R","14","     7.1"," ","R","14","     4.8"," ","R","14","     0.5"," ","R","14","     0.3"," ","R","14","    15.9"," ","R","14","    14.3"," ","R","14","     7.9"," ","P","17","     2.5"," ","P","17","     1.3"," ","P","17","     0.4"," ","P","17","     0.0"," ","P","17","     0.0"," ","P","17","     0.0"," ","P","17","     0.0"," ","P","17","-9999.00","Y"," "," 0","-9999.00","Y"," "," 0","-9999.00","Y"," "," 0","    0.22"," ","R","16","    2.13"," ","R","16","     0.0"," ","P","16","     0.0"," ","P","16","     0.0"," ","P","16","     0.0"," ","P","16","     0.0"," ","P","16","     0.0"," ","P","16","     0.0"," ","P","16","     0.0"," ","P","16"," -9999.0","M"," "," 0"," -9999.0","M"," "," 0"," -9999.0","M"," "," 0","     0.0"," ","P","16","     0.1"," ","P","16"
"USC00024849","04-22"," 36.8644","-111.6022"," 978.4","LEES FERRY, AZ US","04","22","99","    63.9"," ","R","14","    76.7"," ","R","14","    51.1"," ","R","15","    25.5"," ","R","14","     6.7"," ","R","14","     8.7"," ","R","14","     6.2"," ","R","15","     6.9"," ","R","14","     3.2"," ","R","14","     0.0"," ","R","14","     0.0"," ","R","14","     0.0","X","R","14","     0.2"," ","R","14","     0.5"," ","R","14","     1.1"," ","R","14","     2.1"," ","R","14","    23.9"," ","R","14","    18.9"," ","R","14","    13.9"," ","R","14","     9.1"," ","R","14","     7.4"," ","R","14","     5.0"," ","R","14","     0.6"," ","R","14","     0.3"," ","R","14","     2.1"," ","R","14","    23.9"," ","R","14","    18.9"," ","R","14","    13.9"," ","R","14","     9.1"," ","R","14","     7.4"," ","R","14","     5.0"," ","R","14","     0.6"," ","R","14","     0.3"," ","R","14","    16.1"," ","R","14","    14.5"," ","R","14","     7.9"," ","P","17","     2.5"," ","P","17","     1.2"," ","P","17","     0.4"," ","P","17","     0.0"," ","P","17","     0.0"," ","P","17","     0.0"," ","P","17","     0.0"," ","P","17","-9999.00","Y"," "," 0","-9999.00","Y"," "," 0","-9999.00","Y"," "," 0","    0.23"," ","R","16","    2.14"," ","R","16","     0.0"," ","P","16","     0.0"," ","P","16","     0.0"," ","P","16","     0.0"," ","P","16","     0.0"," ","P","16","     0.0"," ","P","16","     0.0"," ","P","16","     0.0"," ","P","16"," -9999.0","M"," "," 0"," -9999.0","M"," "," 0"," -9999.0","M"," "," 0","     0.0"," ","P","16","     0.1"," ","P","16"
"USC00024849","04-23"," 36.8644","-111.6022"," 978.4","LEES FERRY, AZ US","04","23","99","    64.2"," ","R","14","    76.9"," ","R","14","    51.4"," ","R","15","    25.5"," ","R","14","     6.8"," ","R","14","     8.7"," ","R","14","     6.3"," ","R","15","     6.9"," ","R","14","     3.1"," ","R","14","     0.0"," ","R","14","     0.0"," ","R","14","     0.0","X","R","14","     0.2"," ","R","14","     0.5"," ","R","14","     1.1"," ","R","14","     2.3"," ","R","14","    24.2"," ","R","14","    19.2"," ","R","14","    14.2"," ","R","14","     9.4"," ","R","14","     7.6"," ","R","14","     5.3"," ","R","14","     0.7"," ","R","14","     0.3"," ","R","14","     2.3"," ","R","14","    24.2"," ","R","14","    19.2"," ","R","14","    14.2"," ","R","14","     9.4"," ","R","14","     7.6"," ","R","14","     5.3"," ","R","14","     0.7"," ","R","14","     0.3"," ","R","14","    16.3"," ","R","14","    14.7"," ","R","14","     7.8"," ","P","17","     2.4"," ","P","17","     1.2"," ","P","17","     0.4"," ","P","17","     0.0"," ","P","17","     0.0"," ","P","17","     0.0"," ","P","17","     0.0"," ","P","17","-9999.00","Y"," "," 0","-9999.00","Y"," "," 0","-9999.00","Y"," "," 0","    0.24"," ","R","16","    2.15"," ","R","16","     0.0"," ","P","16","     0.0"," ","P","16","     0.0"," ","P","16","     0.0"," ","P","16","     0.0"," ","P","16","     0.0"," ","P","16","     0.0"," ","P","16","     0.0"," ","P","16"," -9999.0","M"," "," 0"," -9999.0","M"," "," 0"," -9999.0","M"," "," 0","     0.0"," ","P","16","     0.1"," ","P","16"
"USC00024849","04-24"," 36.8644","-111.6022"," 978.4","LEES FERRY, AZ US","04","24","99","    64.5"," ","R","14","    77.2"," ","R","14","    51.8"," ","R","15","    25.4"," ","R","14","     6.8"," ","R","14","     8.7"," ","R","14","     6.3"," ","R","15","     6.9"," ","R","14","     3.0"," ","R","14","     0.0"," ","R","14","     0.0"," ","R","14","     0.0","X","R","14","     0.2"," ","R","14","     0.4"," ","R","14","     1.1"," ","R","14","     2.5"," ","R","14","    24.5"," ","R","14","    19.5"," ","R","14","    14.5"," ","R","14","     9.7"," ","R","14","     7.9"," ","R","14","     5.5"," ","R","14","     0.8"," ","R","14","     0.4"," ","R","14","     2.5"," ","R","14","    24.5"," ","R","14","    19.5"," ","R","14","    14.5"," ","R","14","     9.7"," ","R","14","     7.9"," ","R","14","     5.5"," ","R","14","     0.8"," ","R","14","     0.4"," ","R","14","    16.5"," ","R","14","    14.9"," ","R","14","     7.7"," ","P","17","     2.4"," ","P","17","     1.2"," ","P","17","     0.4"," ","P","17","     0.0"," ","P","17","     0.0"," ","P","17","     0.0"," ","P","17","     0.0"," ","P","17","-9999.00","Y"," "," 0","-9999.00","Y"," "," 0","-9999.00","Y"," "," 0","    0.25"," ","R","16","    2.16"," ","R","16","     0.0"," ","P","16","     0.0"," ","P","16","     0.0"," ","P","16","     0.0"," ","P","16","     0.0"," ","P","16","     0.0"," ","P","16","     0.0"," ","P","16","     0.0"," ","P","16"," -9999.0","M"," "," 0"," -9999.0","M"," "," 0"," -9999.0","M"," "," 0","     0.0"," ","P","16","     0.1"," ","P","16"
"USC00024849","04-25"," 36.8644","-111.6022"," 978.4","LEES FERRY, AZ US","04","25","99","    64.7"," ","R","14","    77.4"," ","R","14","    52.1"," ","R","15","    25.4"," ","R","14","     6.8"," ","R","14","     8.7"," ","R","14","     6.3"," ","R","15","     6.9"," ","R","14","     2.9"," ","R","14","     0.0"," ","R","14","     0.0"," ","R","14","     0.0","X","R","14","     0.2"," ","R","14","     0.4"," ","R","14","     1.0"," ","R","14","     2.7"," ","R","14","    24.7"," ","R","14","    19.7"," ","R","14","    14.7"," ","R","14","     9.9"," ","R","14","     8.2"," ","R","14","     5.8"," ","R","14","     0.9"," ","R","14","     0.5"," ","R","14","     2.7"," ","R","14","    24.7"," ","R","14","    19.7"," ","R","14","    14.7"," ","R","14","     9.9"," ","R","14","     8.2"," ","R","14","     5.8"," ","R","14","     0.9"," ","R","14","     0.5"," ","R","14","    16.7"," ","R","14","    15.1"," ","R","14","     7.7"," ","P","17","     2.4"," ","P","17","     1.1"," ","P","17","     0.4"," ","P","17","     0.0"," ","P","17","     0.0"," ","P","17","     0.0"," ","P","17","     0.0"," ","P","17","-9999.00","Y"," "," 0","-9999.00","Y"," "," 0","-9999.00","Y"," "," 0","    0.25"," ","R","16","    2.16"," ","R","16","     0.0"," ","P","16","     0.0"," ","P","16","     0.0"," ","P","16","     0.0"," ","P","16","     0.0"," ","P","16","     0.0"," ","P","16","     0.0"," ","P","16","     0.0"," ","P","16"," -9999.0","M"," "," 0"," -9999.0","M"," "," 0"," -9999.0","M"," "," 0","     0.0"," ","P","16","     0.1"," ","P","16"
"USC00024849","04-26"," 36.8644","-111.6022"," 978.4","LEES FERRY, AZ US","04","26","99","    65.0"," ","R","14","    77.7"," ","R","14","    52.4"," ","R","15","    25.3"," ","R","14","     6.8"," ","R","14","     8.8"," ","R","14","     6.3"," ","R","15","     6.9"," ","R","14","     2.8"," ","R","14","     0.0"," ","R","14","     0.0"," ","R","14","     0.0"," ","R","14","     0.2"," ","R","14","     0.4"," ","R","14","     1.0"," ","R","14","     2.8"," ","R","14","    25.0"," ","R","14","    20.0"," ","R","14","    15.0"," ","R","14","    10.2"," ","R","14","     8.4"," ","R","14","     6.0"," ","R","14","     1.0"," ","R","14","     0.5"," ","R","14","     2.8"," ","R","14","    25.0"," ","R","14","    20.0"," ","R","14","    15.0"," ","R","14","    10.2"," ","R","14","     8.4"," ","R","14","     6.0"," ","R","14","     1.0"," ","R","14","     0.5"," ","R","14","    16.9"," ","R","14","    15.3"," ","R","14","     7.6"," ","P","16","     2.4"," ","P","16","     1.1"," ","P","16","     0.4"," ","P","16","     0.0"," ","P","16","     0.0"," ","P","16","     0.0"," ","P","16","     0.0"," ","P","16","-9999.00","Y"," "," 0","-9999.00","Y"," "," 0","-9999.00","Y"," "," 0","    0.26"," ","R","16","    2.17"," ","R","16","     0.0"," ","P","15","     0.0"," ","P","15","     0.0"," ","P","15","     0.0"," ","P","15","     0.0"," ","P","15","     0.0"," ","P","15","     0.0"," ","P","15","     0.0"," ","P","15"," -9999.0","M"," "," 0"," -9999.0","M"," "," 0"," -9999.0","M"," "," 0","     0.0"," ","P","16","     0.1"," ","P","16"
"USC00024849","04-27"," 36.8644","-111.6022"," 978.4","LEES FERRY, AZ US","04","27","99","    65.3"," ","R","14","    78.0"," ","R","14","    52.7"," ","R","15","    25.3"," ","R","14","     6.8"," ","R","14","     8.8"," ","R","14","     6.4"," ","R","15","     6.9"," ","R","14","     2.7"," ","R","14","     0.0"," ","R","14","     0.0"," ","R","14","     0.0"," ","R","14","     0.2"," ","R","14","     0.4"," ","R","14","     1.0"," ","R","14","     3.0"," ","R","14","    25.3"," ","R","14","    20.3"," ","R","14","    15.3"," ","R","14","    10.5"," ","R","14","     8.7"," ","R","14","     6.3"," ","R","14","     1.1"," ","R","14","     0.6"," ","R","14","     3.0"," ","R","14","    25.3"," ","R","14","    20.3"," ","R","14","    15.3"," ","R","14","    10.5"," ","R","14","     8.7"," ","R","14","     6.3"," ","R","14","     1.1"," ","R","14","     0.6"," ","R","14","    17.2"," ","R","14","    15.5"," ","R","14","     7.5"," ","P","16","     2.4"," ","P","16","     1.1"," ","P","16","     0.4"," ","P","16","     0.0"," ","P","16","     0.0"," ","P","16","     0.0"," ","P","16","     0.0"," ","P","16","-9999.00","Y"," "," 0","-9999.00","Y"," "," 0","-9999.00","Y"," "," 0","    0.27"," ","R","16","    2.18"," ","R","16","     0.0"," ","P","15","     0.0"," ","P","15","     0.0"," ","P","15","     0.0"," ","P","15","     0.0"," ","P","15","     0.0"," ","P","15","     0.0"," ","P","15","     0.0"," ","P","15"," -9999.0","M"," "," 0"," -9999.0","M"," "," 0"," -9999.0","M"," "," 0","     0.0"," ","P","16","     0.1"," ","P","16"
"USC00024849","04-28"," 36.8644","-111.6022"," 978.4","LEES FERRY, AZ US","04","28","99","    65.6"," ","R","14","    78.2"," ","R","14","    53.0"," ","R","15","    25.3"," ","R","14","     6.9"," ","R","14","     8.8"," ","R","14","     6.4"," ","R","15","     6.9"," ","R","14","     2.6"," ","R","14","     0.0"," ","R","14","     0.0"," ","R","14","     0.0"," ","R","14","     0.2"," ","R","14","     0.4"," ","R","14","     0.9"," ","R","14","     3.2"," ","R","14","    25.6"," ","R","14","    20.6"," ","R","14","    15.6"," ","R","14","    10.8"," ","R","14","     9.0"," ","R","14","     6.5"," ","R","14","     1.2"," ","R","14","     0.6"," ","R","14","     3.2"," ","R","14","    25.6"," ","R","14","    20.6"," ","R","14","    15.6"," ","R","14","    10.8"," ","R","14","     9.0"," ","R","14","     6.5"," ","R","14","     1.2"," ","R","14","     0.6"," ","R","14","    17.4"," ","R","14","    15.7"," ","R","14","     7.5"," ","P","16","     2.4"," ","P","16","     1.1"," ","P","16","     0.4"," ","P","16","     0.0"," ","P","16","     0.0"," ","P","16","     0.0"," ","P","16","     0.0"," ","P","16","-9999.00","Y"," "," 0","-9999.00","Y"," "," 0","-9999.00","Y"," "," 0","    0.28"," ","R","16","    2.19"," ","R","16","     0.0"," ","P","15","     0.0"," ","P","15","     0.0"," ","P","15","     0.0"," ","P","15","     0.0"," ","P","15","     0.0"," ","P","15","     0.0"," ","P","15","     0.0"," ","P","15"," -9999.0","M"," "," 0"," -9999.0","M"," "," 0"," -9999.0","M"," "," 0","     0.0"," ","P","16","     0.1"," ","P","16"
"USC00024849","04-29"," 36.8644","-111.6022"," 978.4","LEES FERRY, AZ US","04","29","99","    65.9"," ","R","14","    78.5"," ","R","14","    53.3"," ","R","15","    25.3"," ","R","14","     6.9"," ","R","14","     8.8"," ","R","14","     6.4"," ","R","15","     6.9"," ","R","14","     2.5"," ","R","14","     0.0"," ","R","14","     0.0"," ","R","14","     0.0"," ","R","14","     0.1"," ","R","14","     0.4"," ","R","14","     0.9"," ","R","14","     3.4"," ","R","14","    25.9"," ","R","14","    20.9"," ","R","14","    15.9"," ","R","14","    11.0"," ","R","14","     9.3"," ","R","14","     6.8"," ","R","14","     1.3"," ","R","14","     0.7"," ","R","14","     3.4"," ","R","14","    25.9"," ","R","14","    20.9"," ","R","14","    15.9"," ","R","14","    11.0"," ","R","14","     9.3"," ","R","14","     6.8"," ","R","14","     1.3"," ","R","14","     0.7"," ","R","14","    17.6"," ","R","14","    15.9"," ","R","14","     7.5"," ","P","16","     2.5"," ","P","16","     1.1"," ","P","16","     0.4"," ","P","16","     0.0"," ","P","16","     0.0"," ","P","16","     0.0"," ","P","16","     0.0"," ","P","16","-9999.00","Y"," "," 0","-9999.00","Y"," "," 0","-9999.00","Y"," "," 0","    0.28"," ","R","16","    2.19"," ","R","16","     0.0"," ","P","15","     0.0"," ","P","15","     0.0"," ","P","15","     0.0"," ","P","15","     0.0"," ","P","15","     0.0"," ","P","15","     0.0"," ","P","15","     0.0"," ","P","15"," -9999.0","M"," "," 0"," -9999.0","M"," "," 0"," -9999.0","M"," "," 0","     0.0"," ","P","16","     0.1"," ","P","16"
"USC00024849","04-30"," 36.8644","-111.6022"," 978.4","LEES FERRY, AZ US","04","30","99","    66.2"," ","R","14","    78.8"," ","R","14","    53.6"," ","R","15","    25.2"," ","R","14","     6.9"," ","R","14","     8.8"," ","R","14","     6.4"," ","R","15","     6.9"," ","R","14","     2.5"," ","R","14","     0.0"," ","R","14","     0.0"," ","R","14","     0.0"," ","R","14","     0.1"," ","R","14","     0.4"," ","R","14","     0.9"," ","R","14","     3.6"," ","R","14","    26.2"," ","R","14","    21.2"," ","R","14","    16.2"," ","R","14","    11.3"," ","R","14","     9.5"," ","R","14","     7.1"," ","R","14","     1.4"," ","R","14","     0.8"," ","R","14","     3.6"," ","R","14","    26.2"," ","R","14","    21.2"," ","R","14","    16.2"," ","R","14","    11.3"," ","R","14","     9.5"," ","R","14","     7.1"," ","R","14","     1.4"," ","R","14","     0.8"," ","R","14","    17.9"," ","R","14","    16.2"," ","R","14","     7.5"," ","P","16","     2.5"," ","P","16","     1.1"," ","P","16","     0.4"," ","P","16","     0.0"," ","P","16","     0.0"," ","P","16","     0.0"," ","P","16","     0.0"," ","P","16","-9999.00","Y"," "," 0","-9999.00","Y"," "," 0","-9999.00","Y"," "," 0","    0.29"," ","R","16","    2.20"," ","R","16","     0.0"," ","P","15","     0.0"," ","P","15","     0.0"," ","P","15","     0.0"," ","P","15","     0.0"," ","P","15","     0.0"," ","P","15","     0.0"," ","P","15","     0.0"," ","P","15"," -9999.0","M"," "," 0"," -9999.0","M"," "," 0"," -9999.0","M"," "," 0","     0.0"," ","P","16","     0.1"," ","P","16"
"USC00024849","05-01"," 36.8644","-111.6022"," 978.4","LEES FERRY, AZ US","05","01","99","    66.5"," ","R","13","    79.1"," ","R","13","    53.9"," ","R","13","    25.2"," ","R","13","     6.9"," ","R","13","     8.8"," ","R","13","     6.4"," ","R","13","     6.9"," ","R","13","     2.3"," ","R","13","     0.0"," ","R","13","     0.0"," ","R","13","     0.0"," ","R","13","     0.1"," ","R","13","     0.3"," ","R","13","     0.8"," ","R","13","     3.8"," ","R","13","    26.5"," ","R","13","    21.5"," ","R","13","    16.5"," ","R","13","    11.6"," ","R","13","     9.8"," ","R","13","     7.3"," ","R","13","     1.5"," ","R","13","     0.8"," ","R","13","     3.8"," ","R","13","    26.5"," ","R","13","    21.5"," ","R","13","    16.5"," ","R","13","    11.6"," ","R","13","     9.8"," ","R","13","     7.3"," ","R","13","     1.5"," ","R","13","     0.8"," ","R","13","    18.2"," ","R","13","    16.4"," ","R","13","     7.4"," ","P","16","     2.6"," ","P","16","     1.1"," ","P","16","     0.4"," ","P","16","     0.1"," ","P","16","     0.0"," ","P","16","     0.0"," ","P","16","     0.0"," ","P","16","-9999.00","Y"," "," 0","-9999.00","Y"," "," 0","-9999.00","Y"," "," 0","    0.01"," ","R","14","    2.21"," ","R","14","     0.0"," ","P","15","     0.0"," ","P","15","     0.0"," ","P","15","     0.0"," ","P","15","     0.0"," ","P","15","     0.0"," ","P","15","     0.0"," ","P","15","     0.0"," ","P","15"," -9999.0","M"," "," 0"," -9999.0","M"," "," 0"," -9999.0","M"," "," 0","     0.0"," ","P","16","     0.1"," ","P","16"
"USC00024849","05-02"," 36.8644","-111.6022"," 978.4","LEES FERRY, AZ US","05","02","99","    66.8"," ","R","13","    79.4"," ","R","13","    54.2"," ","R","13","    25.2"," ","R","13","     6.9"," ","R","13","     8.8"," ","R","13","     6.5"," ","R","13","     7.0"," ","R","13","     2.3"," ","R","13","     0.0"," ","R","13","     0.0"," ","R","13","     0.0"," ","R","13","     0.1"," ","R","13","     0.3"," ","R","13","     0.8"," ","R","13","     4.0"," ","R","13","    26.8"," ","R","13","    21.8"," ","R","13","    16.8"," ","R","13","    11.9"," ","R","13","    10.1"," ","R","13","     7.6"," ","R","13","     1.6"," ","R","13","     0.9"," ","R","13","     4.0"," ","R","13","    26.8"," ","R","13","    21.8"," ","R","13","    16.8"," ","R","13","    11.9"," ","R","13","    10.1"," ","R","13","     7.6"," ","R","13","     1.6"," ","R","13","     0.9"," ","R","13","    18.4"," ","R","13","    16.7"," ","R","13","     7.4"," ","P","16","     2.6"," ","P","16","     1.1"," ","P","16","     0.4"," ","P","16","     0.1"," ","P","16","     0.0"," ","P","16","     0.0"," ","P","16","     0.0"," ","P","16","-9999.00","Y"," "," 0","-9999.00","Y"," "," 0","-9999.00","Y"," "," 0","    0.02"," ","R","14","    2.22"," ","R","14","     0.0"," ","P","15","     0.0"," ","P","15","     0.0"," ","P","15","     0.0"," ","P","15","     0.0"," ","P","15","     0.0"," ","P","15","     0.0"," ","P","15","     0.0"," ","P","15"," -9999.0","M"," "," 0"," -9999.0","M"," "," 0"," -9999.0","M"," "," 0","     0.0"," ","P","16","     0.1"," ","P","16"
"USC00024849","05-03"," 36.8644","-111.6022"," 978.4","LEES FERRY, AZ US","05","03","99","    67.1"," ","R","13","    79.7"," ","R","13","    54.5"," ","R","13","    25.2"," ","R","13","     6.9"," ","R","13","     8.9"," ","R","13","     6.5"," ","R","13","     7.0"," ","R","13","     2.2"," ","R","13","     0.0"," ","R","13","     0.0"," ","R","13","     0.0"," ","R","13","     0.1"," ","R","13","     0.3"," ","R","13","     0.8"," ","R","13","     4.3"," ","R","13","    27.1"," ","R","13","    22.1"," ","R","13","    17.1"," ","R","13","    12.2"," ","R","13","    10.4"," ","R","13","     7.9"," ","R","13","     1.7"," ","R","13","     1.0"," ","R","13","     4.3"," ","R","13","    27.1"," ","R","13","    22.1"," ","R","13","    17.1"," ","R","13","    12.2"," ","R","13","    10.4"," ","R","13","     7.9"," ","R","13","     1.7"," ","R","13","     1.0"," ","R","13","    18.7"," ","R","13","    16.9"," ","R","13","     7.5"," ","P","16","     2.6"," ","P","16","     1.1"," ","P","16","     0.4"," ","P","16","     0.1"," ","P","16","     0.0"," ","P","16","     0.0"," ","P","16","     0.0"," ","P","16","-9999.00","Y"," "," 0","-9999.00","Y"," "," 0","-9999.00","Y"," "," 0","    0.03"," ","R","14","    2.23"," ","R","14","     0.0"," ","P","15","     0.0"," ","P","15","     0.0"," ","P","15","     0.0"," ","P","15","     0.0"," ","P","15","     0.0"," ","P","15","     0.0"," ","P","15","     0.0"," ","P","15"," -9999.0","M"," "," 0"," -9999.0","M"," "," 0"," -9999.0","M"," "," 0","     0.0"," ","P","16","     0.1"," ","P","16"
"USC00024849","05-04"," 36.8644","-111.6022"," 978.4","LEES FERRY, AZ US","05","04","99","    67.4"," ","R","13","    80.0"," ","R","13","    54.8"," ","R","13","    25.3"," ","R","13","     7.0"," ","R","13","     8.9"," ","R","13","     6.5"," ","R","13","     7.0"," ","R","13","     2.1"," ","R","13","     0.0"," ","R","13","     0.0"," ","R","13","     0.0"," ","R","13","     0.1"," ","R","13","     0.3"," ","R","13","     0.8"," ","R","13","     4.5"," ","R","13","    27.4"," ","R","13","    22.4"," ","R","13","    17.4"," ","R","13","    12.5"," ","R","13","    10.7"," ","R","13","     8.2"," ","R","13","     1.8"," ","R","13","     1.1"," ","R","13","     4.5"," ","R","13","    27.4"," ","R","13","    22.4"," ","R","13","    17.4"," ","R","13","    12.5"," ","R","13","    10.7"," ","R","13","     8.2"," ","R","13","     1.8"," ","R","13","     1.1"," ","R","13","    18.9"," ","R","13","    17.1"," ","R","13","     7.5"," ","P","16","     2.7"," ","P","16","     1.0"," ","P","16","     0.4"," ","P","16","     0.1"," ","P","16","     0.0"," ","P","16","     0.0"," ","P","16","     0.0"," ","P","16","-9999.00","Y"," "," 0","-9999.00","Y"," "," 0","-9999.00","Y"," "," 0","    0.03"," ","R","14","    2.23"," ","R","14","     0.0"," ","P","15","     0.0"," ","P","15","     0.0"," ","P","15","     0.0"," ","P","15","     0.0"," ","P","15","     0.0"," ","P","15","     0.0"," ","P","15","     0.0"," ","P","15"," -9999.0","M"," "," 0"," -9999.0","M"," "," 0"," -9999.0","M"," "," 0","     0.0"," ","P","16","     0.1"," ","P","16"
"USC00024849","05-05"," 36.8644","-111.6022"," 978.4","LEES FERRY, AZ US","05","05","99","    67.7"," ","R","13","    80.4"," ","R","13","    55.1"," ","R","13","    25.3"," ","R","13","     7.0"," ","R","13","     8.9"," ","R","13","     6.5"," ","R","13","     7.0"," ","R","13","     2.0"," ","R","13","     0.0"," ","R","13","     0.0"," ","R","13","     0.0"," ","R","13","     0.1"," ","R","13","     0.3"," ","R","13","     0.8"," ","R","13","     4.7"," ","R","13","    27.7"," ","R","13","    22.7"," ","R","13","    17.7"," ","R","13","    12.8"," ","R","13","    11.0"," ","R","13","     8.5"," ","R","13","     1.9"," ","R","13","     1.2"," ","R","13","     4.7"," ","R","13","    27.7"," ","R","13","    22.7"," ","R","13","    17.7"," ","R","13","    12.8"," ","R","13","    11.0"," ","R","13","     8.5"," ","R","13","     1.9"," ","R","13","     1.2"," ","R","13","    19.2"," ","R","13","    17.4"," ","R","13","     7.5"," ","P","16","     2.7"," ","P","16","     1.0"," ","P","16","     0.3"," ","P","16","     0.1"," ","P","16","     0.0"," ","P","16","     0.0"," ","P","16","     0.0"," ","P","16","-9999.00","Y"," "," 0","-9999.00","Y"," "," 0","-9999.00","Y"," "," 0","    0.04"," ","R","14","    2.24"," ","R","14","     0.0"," ","P","15","     0.0"," ","P","15","     0.0"," ","P","15","     0.0"," ","P","15","     0.0"," ","P","15","     0.0"," ","P","15","     0.0"," ","P","15","     0.0"," ","P","15"," -9999.0","M"," "," 0"," -9999.0","M"," "," 0"," -9999.0","M"," "," 0","     0.0"," ","P","16","     0.1"," ","P","16"
"USC00024849","05-06"," 36.8644","-111.6022"," 978.4","LEES FERRY, AZ US","05","06","99","    68.0"," ","R","13","    80.7"," ","R","13","    55.4"," ","R","13","    25.3"," ","R","13","     7.0"," ","R","13","     9.0"," ","R","13","     6.5"," ","R","13","     7.0"," ","R","13","     1.9"," ","R","13","     0.0"," ","R","13","     0.0"," ","R","13","     0.0"," ","R","13","     0.1"," ","R","13","     0.3"," ","R","13","     0.7"," ","R","13","     4.9"," ","R","13","    28.0"," ","R","13","    23.0"," ","R","13","    18.0"," ","R","13","    13.1"," ","R","13","    11.3"," ","R","13","     8.7"," ","R","13","     2.1"," ","R","13","     1.3"," ","R","13","     4.9"," ","R","13","    28.0"," ","R","13","    23.0"," ","R","13","    18.0"," ","R","13","    13.1"," ","R","13","    11.3"," ","R","13","     8.7"," ","R","13","     2.1"," ","R","13","     1.3"," ","R","13","    19.5"," ","R","13","    17.7"," ","R","13","     7.5"," ","P","17","     2.8"," ","P","17","     1.0"," ","P","17","     0.3"," ","P","17","     0.1"," ","P","17","     0.0"," ","P","17","     0.0"," ","P","17","     0.0"," ","P","17","-9999.00","Y"," "," 0","-9999.00","Y"," "," 0","-9999.00","Y"," "," 0","    0.05"," ","R","14","    2.25"," ","R","14","     0.0"," ","P","16","     0.0"," ","P","16","     0.0"," ","P","16","     0.0"," ","P","16","     0.0"," ","P","16","     0.0"," ","P","16","     0.0"," ","P","16","     0.0"," ","P","16"," -9999.0","M"," "," 0"," -9999.0","M"," "," 0"," -9999.0","M"," "," 0","     0.0"," ","P","16","     0.1"," ","P","16"
"USC00024849","05-07"," 36.8644","-111.6022"," 978.4","LEES FERRY, AZ US","05","07","99","    68.3"," ","R","13","    81.0"," ","R","13","    55.6"," ","R","13","    25.4"," ","R","13","     7.0"," ","R","13","     9.0"," ","R","13","     6.5"," ","R","13","     7.0"," ","R","13","     1.8"," ","R","13","     0.0"," ","R","13","     0.0"," ","R","13","     0.0"," ","R","13","     0.1"," ","R","13","     0.2"," ","R","13","     0.6"," ","R","13","     5.1"," ","R","13","    28.3"," ","R","13","    23.3"," ","R","13","    18.3"," ","R","13","    13.4"," ","R","13","    11.6"," ","R","13","     9.0"," ","R","13","     2.2"," ","R","13","     1.3"," ","R","13","     5.1"," ","R","13","    28.3"," ","R","13","    23.3"," ","R","13","    18.3"," ","R","13","    13.4"," ","R","13","    11.6"," ","R","13","     9.0"," ","R","13","     2.2"," ","R","13","     1.3"," ","R","13","    19.7"," ","R","13","    17.9"," ","R","13","     7.5"," ","P","17","     2.8"," ","P","17","     1.0"," ","P","17","     0.3"," ","P","17","     0.1"," ","P","17","     0.0"," ","P","17","     0.0"," ","P","17","     0.0"," ","P","17","-9999.00","Y"," "," 0","-9999.00","Y"," "," 0","-9999.00","Y"," "," 0","    0.07"," ","R","14","    2.27"," ","R","14","     0.0"," ","P","16","     0.0"," ","P","16","     0.0"," ","P","16","     0.0"," ","P","16","     0.0"," ","P","16","     0.0"," ","P","16","     0.0"," ","P","16","     0.0"," ","P","16"," -9999.0","M"," "," 0"," -9999.0","M"," "," 0"," -9999.0","M"," "," 0","     0.0"," ","P","16","     0.1"," ","P","16"
"USC00024849","05-08"," 36.8644","-111.6022"," 978.4","LEES FERRY, AZ US","05","08","99","    68.7"," ","R","13","    81.4"," ","R","13","    55.9"," ","R","13","    25.4"," ","R","13","     7.0"," ","R","13","     9.0"," ","R","13","     6.5"," ","R","13","     7.0"," ","R","13","     1.6"," ","R","13","     0.0"," ","R","13","     0.0"," ","R","13","     0.0"," ","R","13","     0.1"," ","R","13","     0.2"," ","R","13","     0.6"," ","R","13","     5.3"," ","R","13","    28.7"," ","R","13","    23.7"," ","R","13","    18.7"," ","R","13","    13.7"," ","R","13","    11.8"," ","R","13","     9.2"," ","R","13","     2.3"," ","R","13","     1.4"," ","R","13","     5.3"," ","R","13","    28.7"," ","R","13","    23.7"," ","R","13","    18.7"," ","R","13","    13.7"," ","R","13","    11.8"," ","R","13","     9.2"," ","R","13","     2.3"," ","R","13","     1.4"," ","R","13","    20.0"," ","R","13","    18.2"," ","R","13","     7.5"," ","P","17","     2.8"," ","P","17","     0.9"," ","P","17","     0.3"," ","P","17","     0.1"," ","P","17","     0.0"," ","P","17","     0.0"," ","P","17","     0.0"," ","P","17","-9999.00","Y"," "," 0","-9999.00","Y"," "," 0","-9999.00","Y"," "," 0","    0.08"," ","R","14","    2.28"," ","R","14","     0.0"," ","P","16","     0.0"," ","P","16","     0.0"," ","P","16","     0.0"," ","P","16","     0.0"," ","P","16","     0.0"," ","P","16","     0.0"," ","P","16","     0.0"," ","P","16"," -9999.0","M"," "," 0"," -9999.0","M"," "," 0"," -9999.0","M"," "," 0","     0.0"," ","P","16","     0.1"," ","P","16"
"USC00024849","05-09"," 36.8644","-111.6022"," 978.4","LEES FERRY, AZ US","05","09","99","    69.0"," ","R","13","    81.7"," ","R","13","    56.2"," ","R","13","    25.5"," ","R","13","     7.1"," ","R","13","     9.0"," ","R","13","     6.5"," ","R","13","     7.1"," ","R","13","     1.5"," ","R","13","     0.0"," ","R","13","     0.0"," ","R","13","     0.0"," ","R","13","     0.1"," ","R","13","     0.2"," ","R","13","     0.5"," ","R","13","     5.5"," ","R","13","    29.0"," ","R","13","    24.0"," ","R","13","    19.0"," ","R","13","    14.0"," ","R","13","    12.1"," ","R","13","     9.5"," ","R","13","     2.4"," ","R","13","     1.5"," ","R","13","     5.5"," ","R","13","    29.0"," ","R","13","    24.0"," ","R","13","    19.0"," ","R","13","    14.0"," ","R","13","    12.1"," ","R","13","     9.5"," ","R","13","     2.4"," ","R","13","     1.5"," ","R","13","    20.3"," ","R","13","    18.5"," ","R","13","     7.5"," ","P","17","     2.8"," ","P","17","     0.9"," ","P","17","     0.3"," ","P","17","     0.1"," ","P","17","     0.0"," ","P","17","     0.0"," ","P","17","     0.0"," ","P","17","-9999.00","Y"," "," 0","-9999.00","Y"," "," 0","-9999.00","Y"," "," 0","    0.09"," ","R","14","    2.29"," ","R","14","     0.0"," ","P","16","     0.0"," ","P","16","     0.0"," ","P","16","     0.0"," ","P","16","     0.0"," ","P","16","     0.0"," ","P","16","     0.0"," ","P","16","     0.0"," ","P","16"," -9999.0","M"," "," 0"," -9999.0","M"," "," 0"," -9999.0","M"," "," 0","     0.0"," ","P","16","     0.1"," ","P","16"
"USC00024849","05-10"," 36.8644","-111.6022"," 978.4","LEES FERRY, AZ US","05","10","99","    69.3"," ","R","13","    82.1"," ","R","13","    56.5"," ","R","13","    25.6"," ","R","13","     7.1"," ","R","13","     9.0"," ","R","13","     6.5"," ","R","13","     7.0"," ","R","13","     1.4"," ","R","13","     0.0"," ","R","13","     0.0"," ","R","13","     0.0"," ","R","13","     0.0","X","R","13","     0.1"," ","R","13","     0.5"," ","R","13","     5.7"," ","R","13","    29.3"," ","R","13","    24.3"," ","R","13","    19.3"," ","R","13","    14.4"," ","R","13","    12.5"," ","R","13","     9.8"," ","R","13","     2.5"," ","R","13","     1.6"," ","R","13","     5.7"," ","R","13","    29.3"," ","R","13","    24.3"," ","R","13","    19.3"," ","R","13","    14.4"," ","R","13","    12.5"," ","R","13","     9.8"," ","R","13","     2.5"," ","R","13","     1.6"," ","R","13","    20.6"," ","R","13","    18.8"," ","R","13","     7.5"," ","P","17","     2.9"," ","P","17","     0.9"," ","P","17","     0.3"," ","P","17","     0.1"," ","P","17","     0.0"," ","P","17","     0.0"," ","P","17","     0.0"," ","P","17","-9999.00","Y"," "," 0","-9999.00","Y"," "," 0","-9999.00","Y"," "," 0","    0.10"," ","R","14","    2.30"," ","R","14","     0.0"," ","P","16","     0.0"," ","P","16","     0.0"," ","P","16","     0.0"," ","P","16","     0.0"," ","P","16","     0.0"," ","P","16","     0.0"," ","P","16","     0.0"," ","P","16"," -9999.0","M"," "," 0"," -9999.0","M"," "," 0"," -9999.0","M"," "," 0","     0.0"," ","P","16","     0.1"," ","P","16"
"USC00024849","05-11"," 36.8644","-111.6022"," 978.4","LEES FERRY, AZ US","05","11","99","    69.6"," ","R","13","    82.5"," ","R","13","    56.8"," ","R","13","    25.7"," ","R","13","     7.1"," ","R","13","     9.0"," ","R","13","     6.5"," ","R","13","     7.0"," ","R","13","     1.3"," ","R","13","     0.0"," ","R","13","     0.0"," ","R","13","     0.0"," ","R","13","     0.0","X","R","13","     0.1"," ","R","13","     0.4"," ","R","13","     5.9"," ","R","13","    29.6"," ","R","13","    24.6"," ","R","13","    19.6"," ","R","13","    14.7"," ","R","13","    12.8"," ","R","13","    10.1"," ","R","13","     2.7"," ","R","13","     1.8"," ","R","13","     5.9"," ","R","13","    29.6"," ","R","13","    24.6"," ","R","13","    19.6"," ","R","13","    14.7"," ","R","13","    12.8"," ","R","13","    10.1"," ","R","13","     2.7"," ","R","13","     1.8"," ","R","13","    20.9"," ","R","13","    19.0"," ","R","13","     7.5"," ","P","17","     3.0"," ","P","17","     0.9"," ","P","17","     0.3"," ","P","17","     0.1"," ","P","17","     0.0"," ","P","17","     0.0"," ","P","17","     0.0"," ","P","17","-9999.00","Y"," "," 0","-9999.00","Y"," "," 0","-9999.00","Y"," "," 0","    0.12"," ","R","14","    2.32"," ","R","14","     0.0"," ","P","16","     0.0"," ","P","16","     0.0"," ","P","16","     0.0"," ","P","16","     0.0"," ","P","16","     0.0"," ","P","16","     0.0"," ","P","16","     0.0"," ","P","16"," -9999.0","M"," "," 0"," -9999.0","M"," "," 0"," -9999.0","M"," "," 0","     0.0"," ","P","16","     0.1"," ","P","16"
"USC00024849","05-12"," 36.8644","-111.6022"," 978.4","LEES FERRY, AZ US","05","12","99","    70.0"," ","R","13","    82.9"," ","R","13","    57.1"," ","R","13","    25.8"," ","R","13","     7.1"," ","R","13","     9.1"," ","R","13","     6.5"," ","R","13","     7.0"," ","R","13","     1.2"," ","R","13","     0.0"," ","R","13","     0.0"," ","R","13","     0.0"," ","R","13","     0.0","X","R","13","     0.1"," ","R","13","     0.4"," ","R","13","     6.2"," ","R","13","    30.0"," ","R","13","    25.0"," ","R","13","    20.0"," ","R","13","    15.0"," ","R","13","    13.1"," ","R","13","    10.4"," ","R","13","     2.9"," ","R","13","     1.9"," ","R","13","     6.2"," ","R","13","    30.0"," ","R","13","    25.0"," ","R","13","    20.0"," ","R","13","    15.0"," ","R","13","    13.1"," ","R","13","    10.4"," ","R","13","     2.9"," ","R","13","     1.9"," ","R","13","    21.1"," ","R","13","    19.3"," ","R","13","     7.6"," ","P","17","     3.0"," ","P","17","     0.9"," ","P","17","     0.3"," ","P","17","     0.1"," ","P","17","     0.0"," ","P","17","     0.0"," ","P","17","     0.0"," ","P","17","-9999.00","Y"," "," 0","-9999.00","Y"," "," 0","-9999.00","Y"," "," 0","    0.13"," ","R","14","    2.33"," ","R","14","     0.0"," ","P","16","     0.0"," ","P","16","     0.0"," ","P","16","     0.0"," ","P","16","     0.0"," ","P","16","     0.0"," ","P","16","     0.0"," ","P","16","     0.0"," ","P","16"," -9999.0","M"," "," 0"," -9999.0","M"," "," 0"," -9999.0","M"," "," 0","     0.0"," ","P","16","     0.1"," ","P","16"
"USC00024849","05-13"," 36.8644","-111.6022"," 978.4","LEES FERRY, AZ US","05","13","99","    70.3"," ","R","13","    83.3"," ","R","13","    57.4"," ","R","13","    25.9"," ","R","13","     7.1"," ","R","13","     9.1"," ","R","13","     6.5"," ","R","13","     7.0"," ","R","13","     1.1"," ","R","13","     0.0"," ","R","13","     0.0"," ","R","13","     0.0"," ","R","13","     0.0","X","R","13","     0.1"," ","R","13","     0.4"," ","R","13","     6.4"," ","R","13","    30.3"," ","R","13","    25.3"," ","R","13","    20.3"," ","R","13","    15.4"," ","R","13","    13.4"," ","R","13","    10.7"," ","R","13","     3.0"," ","R","13","     2.0"," ","R","13","     6.4"," ","R","13","    30.3"," ","R","13","    25.3"," ","R","13","    20.3"," ","R","13","    15.4"," ","R","13","    13.4"," ","R","13","    10.7"," ","R","13","     3.0"," ","R","13","     2.0"," ","R","13","    21.4"," ","R","13","    19.5"," ","R","13","     7.6"," ","P","17","     3.1"," ","P","17","     0.9"," ","P","17","     0.3"," ","P","17","     0.1"," ","P","17","     0.0"," ","P","17","     0.0"," ","P","17","     0.0"," ","P","17","-9999.00","Y"," "," 0","-9999.00","Y"," "," 0","-9999.00","Y"," "," 0","    0.14"," ","R","14","    2.34"," ","R","14","     0.0"," ","P","16","     0.0"," ","P","16","     0.0"," ","P","16","     0.0"," ","P","16","     0.0"," ","P","16","     0.0"," ","P","16","     0.0"," ","P","16","     0.0"," ","P","16"," -9999.0","M"," "," 0"," -9999.0","M"," "," 0"," -9999.0","M"," "," 0","     0.0"," ","P","16","     0.1"," ","P","16"
"USC00024849","05-14"," 36.8644","-111.6022"," 978.4","LEES FERRY, AZ US","05","14","99","    70.7"," ","R","13","    83.7"," ","R","13","    57.6"," ","R","13","    26.1"," ","R","13","     7.1"," ","R","13","     9.1"," ","R","13","     6.5"," ","R","13","     7.0"," ","R","13","     1.0"," ","R","13","     0.0"," ","R","13","     0.0"," ","R","13","     0.0"," ","R","13","     0.0","X","R","13","     0.1"," ","R","13","     0.3"," ","R","13","     6.6"," ","R","13","    30.7"," ","R","13","    25.7"," ","R","13","    20.7"," ","R","13","    15.7"," ","R","13","    13.7"," ","R","13","    11.0"," ","R","13","     3.2"," ","R","13","     2.1"," ","R","13","     6.6"," ","R","13","    30.7"," ","R","13","    25.7"," ","R","13","    20.7"," ","R","13","    15.7"," ","R","13","    13.7"," ","R","13","    11.0"," ","R","13","     3.2"," ","R","13","     2.1"," ","R","13","    21.6"," ","R","13","    19.7"," ","R","13","     7.6"," ","P","17","     3.1"," ","P","17","     0.8"," ","P","17","     0.3"," ","P","17","     0.2"," ","P","17","     0.0"," ","P","17","     0.0"," ","P","17","     0.0"," ","P","17","-9999.00","Y"," "," 0","-9999.00","Y"," "," 0","-9999.00","Y"," "," 0","    0.16"," ","R","14","    2.36"," ","R","14","     0.0"," ","P","16","     0.0"," ","P","16","     0.0"," ","P","16","     0.0"," ","P","16","     0.0"," ","P","16","     0.0"," ","P","16","     0.0"," ","P","16","     0.0"," ","P","16"," -9999.0","M"," "," 0"," -9999.0","M"," "," 0"," -9999.0","M"," "," 0","     0.0"," ","P","16","     0.1"," ","P","16"
"USC00024849","05-15"," 36.8644","-111.6022"," 978.4","LEES FERRY, AZ US","05","15","99","    71.0"," ","R","13","    84.1"," ","R","13","    57.9"," ","R","13","    26.2"," ","R","13","     7.1"," ","R","13","     9.1"," ","R","13","     6.5"," ","R","13","     7.0"," ","R","13","     0.9"," ","R","13","     0.0"," ","R","13","     0.0"," ","R","13","     0.0"," ","R","13","     0.0","X","R","13","     0.1"," ","R","13","     0.3"," ","R","13","     6.9"," ","R","13","    31.0"," ","R","13","    26.0"," ","R","13","    21.0"," ","R","13","    16.0"," ","R","13","    14.1"," ","R","13","    11.3"," ","R","13","     3.4"," ","R","13","     2.3"," ","R","13","     6.9"," ","R","13","    31.0"," ","R","13","    26.0"," ","R","13","    21.0"," ","R","13","    16.0"," ","R","13","    14.1"," ","R","13","    11.3"," ","R","13","     3.4"," ","R","13","     2.3"," ","R","13","    21.8"," ","R","13","    19.9"," ","R","13","     7.7"," ","P","17","     3.1"," ","P","17","     0.8"," ","P","17","     0.3"," ","P","17","     0.2"," ","P","17","     0.0"," ","P","17","     0.0"," ","P","17","     0.0"," ","P","17","-9999.00","Y"," "," 0","-9999.00","Y"," "," 0","-9999.00","Y"," "," 0","    0.17"," ","R","14","    2.37"," ","R","14","     0.0"," ","P","16","     0.0"," ","P","16","     0.0"," ","P","16","     0.0"," ","P","16","     0.0"," ","P","16","     0.0"," ","P","16","     0.0"," ","P","16","     0.0"," ","P","16"," -9999.0","M"," "," 0"," -9999.0","M"," "," 0"," -9999.0","M"," "," 0","     0.0"," ","P","16","     0.1"," ","P","16"
"USC00024849","05-16"," 36.8644","-111.6022"," 978.4","LEES FERRY, AZ US","05","16","99","    71.4"," ","R","13","    84.6"," ","R","13","    58.2"," ","R","13","    26.4"," ","R","13","     7.1"," ","R","13","     9.1"," ","R","13","     6.5"," ","R","13","     7.0"," ","R","13","     0.8"," ","R","13","     0.0"," ","R","13","     0.0"," ","R","13","     0.0"," ","R","13","     0.0","X","R","13","     0.0","X","R","13","     0.2"," ","R","13","     7.2"," ","R","13","    31.4"," ","R","13","    26.4"," ","R","13","    21.4"," ","R","13","    16.4"," ","R","13","    14.4"," ","R","13","    11.6"," ","R","13","     3.6"," ","R","13","     2.5"," ","R","13","     7.2"," ","R","13","    31.4"," ","R","13","    26.4"," ","R","13","    21.4"," ","R","13","    16.4"," ","R","13","    14.4"," ","R","13","    11.6"," ","R","13","     3.6"," ","R","13","     2.5"," ","R","13","    22.0"," ","R","13","    20.1"," ","R","13","     7.7"," ","P","17","     3.2"," ","P","17","     0.8"," ","P","17","     0.3"," ","P","17","     0.2"," ","P","17","     0.0"," ","P","17","     0.0"," ","P","17","     0.0"," ","P","17","-9999.00","Y"," "," 0","-9999.00","Y"," "," 0","-9999.00","Y"," "," 0","    0.18"," ","R","14","    2.38"," ","R","14","     0.0"," ","P","16","     0.0"," ","P","16","     0.0"," ","P","16","     0.0"," ","P","16","     0.0"," ","P","16","     0.0"," ","P","16","     0.0"," ","P","16","     0.0"," ","P","16"," -9999.0","M"," "," 0"," -9999.0","M"," "," 0"," -9999.0","M"," "," 0","     0.0"," ","P","16","     0.1"," ","P","16"
"USC00024849","05-17"," 36.8644","-111.6022"," 978.4","LEES FERRY, AZ US","05","17","99","    71.7"," ","R","13","    85.0"," ","R","13","    58.5"," ","R","13","    26.5"," ","R","13","     7.1"," ","R","13","     9.1"," ","R","13","     6.5"," ","R","13","     6.9"," ","R","13","     0.8"," ","R","13","     0.0"," ","R","13","     0.0"," ","R","13","     0.0"," ","R","13","     0.0","X","R","13","     0.0","X","R","13","     0.2"," ","R","13","     7.5"," ","R","13","    31.7"," ","R","13","    26.7"," ","R","13","    21.7"," ","R","13","    16.7"," ","R","13","    14.8"," ","R","13","    11.9"," ","R","13","     3.8"," ","R","13","     2.7"," ","R","13","     7.5"," ","R","13","    31.7"," ","R","13","    26.7"," ","R","13","    21.7"," ","R","13","    16.7"," ","R","13","    14.8"," ","R","13","    11.9"," ","R","13","     3.8"," ","R","13","     2.7"," ","R","13","    22.2"," ","R","13","    20.3"," ","R","13","     7.7"," ","P","17","     3.2"," ","P","17","     0.8"," ","P","17","     0.3"," ","P","17","     0.2"," ","P","17","     0.0"," ","P","17","     0.0"," ","P","17","     0.0"," ","P","17","-9999.00","Y"," "," 0","-9999.00","Y"," "," 0","-9999.00","Y"," "," 0","    0.20"," ","R","14","    2.40"," ","R","14","     0.0"," ","P","16","     0.0"," ","P","16","     0.0"," ","P","16","     0.0"," ","P","16","     0.0"," ","P","16","     0.0"," ","P","16","     0.0"," ","P","16","     0.0"," ","P","16"," -9999.0","M"," "," 0"," -9999.0","M"," "," 0"," -9999.0","M"," "," 0","     0.0"," ","P","16","     0.1"," ","P","16"
"USC00024849","05-18"," 36.8644","-111.6022"," 978.4","LEES FERRY, AZ US","05","18","99","    72.1"," ","R","13","    85.4"," ","R","13","    58.7"," ","R","13","    26.7"," ","R","13","     7.1"," ","R","13","     9.0"," ","R","13","     6.6"," ","R","13","     6.9"," ","R","13","     0.7"," ","R","13","     0.0"," ","R","13","     0.0"," ","R","13","     0.0"," ","R","13","     0.0","X","R","13","     0.0","X","R","13","     0.2"," ","R","13","     7.8"," ","R","13","    32.1"," ","R","13","    27.1"," ","R","13","    22.1"," ","R","13","    17.1"," ","R","13","    15.1"," ","R","13","    12.3"," ","R","13","     4.1"," ","R","13","     2.9"," ","R","13","     7.8"," ","R","13","    32.1"," ","R","13","    27.1"," ","R","13","    22.1"," ","R","13","    17.1"," ","R","13","    15.1"," ","R","13","    12.3"," ","R","13","     4.1"," ","R","13","     2.9"," ","R","13","    22.5"," ","R","13","    20.5"," ","R","13","     7.7"," ","P","17","     3.2"," ","P","17","     0.8"," ","P","17","     0.2"," ","P","17","     0.2"," ","P","17","     0.0"," ","P","17","     0.0"," ","P","17","     0.0"," ","P","17","-9999.00","Y"," "," 0","-9999.00","Y"," "," 0","-9999.00","Y"," "," 0","    0.21"," ","R","14","    2.41"," ","R","14","     0.0"," ","P","16","     0.0"," ","P","16","     0.0"," ","P","16","     0.0"," ","P","16","     0.0"," ","P","16","     0.0"," ","P","16","     0.0"," ","P","16","     0.0"," ","P","16"," -9999.0","M"," "," 0"," -9999.0","M"," "," 0"," -9999.0","M"," "," 0","     0.0"," ","P","16","     0.1"," ","P","16"
"USC00024849","05-19"," 36.8644","-111.6022"," 978.4","LEES FERRY, AZ US","05","19","99","    72.5"," ","R","13","    85.9"," ","R","13","    59.0"," ","R","13","    26.9"," ","R","13","     7.1"," ","R","13","     9.0"," ","R","13","     6.6"," ","R","13","     6.9"," ","R","13","     0.6"," ","R","13","     0.0"," ","R","13","     0.0"," ","R","13","     0.0"," ","R","13","     0.0","X","R","13","     0.0","X","R","13","     0.2"," ","R","13","     8.1"," ","R","13","    32.5"," ","R","13","    27.5"," ","R","13","    22.5"," ","R","13","    17.5"," ","R","13","    15.5"," ","R","13","    12.6"," ","R","13","     4.3"," ","R","13","     3.1"," ","R","13","     8.1"," ","R","13","    32.5"," ","R","13","    27.5"," ","R","13","    22.5"," ","R","13","    17.5"," ","R","13","    15.5"," ","R","13","    12.6"," ","R","13","     4.3"," ","R","13","     3.1"," ","R","13","    22.7"," ","R","13","    20.8"," ","R","13","     7.7"," ","P","17","     3.2"," ","P","17","     0.8"," ","P","17","     0.2"," ","P","17","     0.2"," ","P","17","     0.0"," ","P","17","     0.0"," ","P","17","     0.0"," ","P","17","-9999.00","Y"," "," 0","-9999.00","Y"," "," 0","-9999.00","Y"," "," 0","    0.22"," ","R","14","    2.42"," ","R","14","     0.0"," ","P","16","     0.0"," ","P","16","     0.0"," ","P","16","     0.0"," ","P","16","     0.0"," ","P","16","     0.0"," ","P","16","     0.0"," ","P","16","     0.0"," ","P","16"," -9999.0","M"," "," 0"," -9999.0","M"," "," 0"," -9999.0","M"," "," 0","     0.0"," ","P","16","     0.1"," ","P","16"
"USC00024849","05-20"," 36.8644","-111.6022"," 978.4","LEES FERRY, AZ US","05","20","99","    72.8"," ","R","13","    86.4"," ","R","13","    59.3"," ","R","13","    27.1"," ","R","13","     7.1"," ","R","13","     9.0"," ","R","13","     6.6"," ","R","13","     6.8"," ","R","13","     0.6"," ","R","13","     0.0"," ","R","13","     0.0"," ","R","13","     0.0"," ","R","13","     0.0"," ","R","13","     0.0","X","R","13","     0.1"," ","R","13","     8.4"," ","R","13","    32.8"," ","R","13","    27.8"," ","R","13","    22.8"," ","R","13","    17.8"," ","R","13","    15.9"," ","R","13","    13.0"," ","R","13","     4.6"," ","R","13","     3.3"," ","R","13","     8.4"," ","R","13","    32.8"," ","R","13","    27.8"," ","R","13","    22.8"," ","R","13","    17.8"," ","R","13","    15.9"," ","R","13","    13.0"," ","R","13","     4.6"," ","R","13","     3.3"," ","R","13","    23.0"," ","R","13","    21.0"," ","R","13","     7.6"," ","P","17","     3.2"," ","P","17","     0.8"," ","P","17","     0.2"," ","P","17","     0.2"," ","P","17","     0.0"," ","P","17","     0.0"," ","P","17","     0.0"," ","P","17","-9999.00","Y"," "," 0","-9999.00","Y"," "," 0","-9999.00","Y"," "," 0","    0.24"," ","R","14","    2.44"," ","R","14","     0.0"," ","P","16","     0.0"," ","P","16","     0.0"," ","P","16","     0.0"," ","P","16","     0.0"," ","P","16","     0.0"," ","P","16","     0.0"," ","P","16","     0.0"," ","P","16"," -9999.0","M"," "," 0"," -9999.0","M"," "," 0"," -9999.0","M"," "," 0","     0.0"," ","P","16","     0.1"," ","P","16"
"USC00024849","05-21"," 36.8644","-111.6022"," 978.4","LEES FERRY, AZ US","05","21","99","    73.2"," ","R","13","    86.8"," ","R","13","    59.6"," ","R","13","    27.3"," ","R","13","     7.1"," ","R","13","     8.9"," ","R","13","     6.6"," ","R","13","     6.8"," ","R","13","     0.5"," ","R","13","     0.0"," ","R","13","     0.0"," ","R","13","     0.0"," ","R","13","     0.0"," ","R","13","     0.0","X","R","13","     0.1"," ","R","13","     8.7"," ","R","13","    33.2"," ","R","13","    28.2"," ","R","13","    23.2"," ","R","13","    18.2"," ","R","13","    16.2"," ","R","13","    13.3"," ","R","13","     4.8"," ","R","13","     3.5"," ","R","13","     8.7"," ","R","13","    33.2"," ","R","13","    28.2"," ","R","13","    23.2"," ","R","13","    18.2"," ","R","13","    16.2"," ","R","13","    13.3"," ","R","13","     4.8"," ","R","13","     3.5"," ","R","13","    23.2"," ","R","13","    21.3"," ","R","13","     7.6"," ","P","17","     3.2"," ","P","17","     0.8"," ","P","17","     0.2"," ","P","17","     0.2"," ","P","17","     0.0"," ","P","17","     0.0"," ","P","17","     0.0"," ","P","17","-9999.00","Y"," "," 0","-9999.00","Y"," "," 0","-9999.00","Y"," "," 0","    0.25"," ","R","14","    2.45"," ","R","14","     0.0"," ","P","16","     0.0"," ","P","16","     0.0"," ","P","16","     0.0"," ","P","16","     0.0"," ","P","16","     0.0"," ","P","16","     0.0"," ","P","16","     0.0"," ","P","16"," -9999.0","M"," "," 0"," -9999.0","M"," "," 0"," -9999.0","M"," "," 0","     0.0"," ","P","16","     0.1"," ","P","16"
"USC00024849","05-22"," 36.8644","-111.6022"," 978.4","LEES FERRY, AZ US","05","22","99","    73.6"," ","R","13","    87.3"," ","R","13","    59.9"," ","R","13","    27.5"," ","R","13","     7.1"," ","R","13","     8.9"," ","R","13","     6.6"," ","R","13","     6.8"," ","R","13","     0.4"," ","R","13","     0.0"," ","R","13","     0.0"," ","R","13","     0.0"," ","R","13","     0.0"," ","R","13","     0.0","X","R","13","     0.1"," ","R","13","     9.0"," ","R","13","    33.6"," ","R","13","    28.6"," ","R","13","    23.6"," ","R","13","    18.6"," ","R","13","    16.6"," ","R","13","    13.7"," ","R","13","     5.1"," ","R","13","     3.8"," ","R","13","     9.0"," ","R","13","    33.6"," ","R","13","    28.6"," ","R","13","    23.6"," ","R","13","    18.6"," ","R","13","    16.6"," ","R","13","    13.7"," ","R","13","     5.1"," ","R","13","     3.8"," ","R","13","    23.4"," ","R","13","    21.5"," ","R","13","     7.5"," ","P","17","     3.2"," ","P","17","     0.8"," ","P","17","     0.2"," ","P","17","     0.2"," ","P","17","     0.0"," ","P","17","     0.0"," ","P","17","     0.0"," ","P","17","-9999.00","Y"," "," 0","-9999.00","Y"," "," 0","-9999.00","Y"," "," 0","    0.26"," ","R","14","    2.46"," ","R","14","     0.0"," ","P","16","     0.0"," ","P","16","     0.0"," ","P","16","     0.0"," ","P","16","     0.0"," ","P","16","     0.0"," ","P","16","     0.0"," ","P","16","     0.0"," ","P","16"," -9999.0","M"," "," 0"," -9999.0","M"," "," 0"," -9999.0","M"," "," 0","     0.0"," ","P","16","     0.1"," ","P","16"
"USC00024849","05-23"," 36.8644","-111.6022"," 978.4","LEES FERRY, AZ US","05","23","99","    74.0"," ","R","13","    87.8"," ","R","13","    60.2"," ","R","13","    27.7"," ","R","13","     7.1"," ","R","13","     8.9"," ","R","13","     6.6"," ","R","13","     6.8"," ","R","13","     0.4"," ","R","13","     0.0"," ","R","13","     0.0"," ","R","13","     0.0"," ","R","13","     0.0"," ","R","13","     0.0","X","R","13","     0.1"," ","R","13","     9.4"," ","R","13","    34.0"," ","R","13","    29.0"," ","R","13","    24.0"," ","R","13","    19.0"," ","R","13","    17.0"," ","R","13","    14.1"," ","R","13","     5.4"," ","R","13","     4.1"," ","R","13","     9.4"," ","R","13","    34.0"," ","R","13","    29.0"," ","R","13","    24.0"," ","R","13","    19.0"," ","R","13","    17.0"," ","R","13","    14.1"," ","R","13","     5.4"," ","R","13","     4.1"," ","R","13","    23.6"," ","R","13","    21.7"," ","R","13","     7.5"," ","P","17","     3.2"," ","P","17","     0.7"," ","P","17","     0.2"," ","P","17","     0.2"," ","P","17","     0.0"," ","P","17","     0.0"," ","P","17","     0.0"," ","P","17","-9999.00","Y"," "," 0","-9999.00","Y"," "," 0","-9999.00","Y"," "," 0","    0.27"," ","R","14","    2.47"," ","R","14","     0.0"," ","P","16","     0.0"," ","P","16","     0.0"," ","P","16","     0.0"," ","P","16","     0.0"," ","P","16","     0.0"," ","P","16","     0.0"," ","P","16","     0.0"," ","P","16"," -9999.0","M"," "," 0"," -9999.0","M"," "," 0"," -9999.0","M"," "," 0","     0.0"," ","P","16","     0.1"," ","P","16"
"USC00024849","05-24"," 36.8644","-111.6022"," 978.4","LEES FERRY, AZ US","05","24","99","    74.4"," ","R","13","    88.3"," ","R","13","    60.5"," ","R","13","    27.9"," ","R","13","     7.1"," ","R","13","     8.9"," ","R","13","     6.6"," ","R","13","     6.7"," ","R","13","     0.3"," ","R","13","     0.0"," ","R","13","     0.0"," ","R","13","     0.0"," ","R","13","     0.0"," ","R","13","     0.0","X","R","13","     0.1"," ","R","13","     9.7"," ","R","13","    34.4"," ","R","13","    29.4"," ","R","13","    24.4"," ","R","13","    19.4"," ","R","13","    17.4"," ","R","13","    14.4"," ","R","13","     5.6"," ","R","13","     4.3"," ","R","13","     9.7"," ","R","13","    34.4"," ","R","13","    29.4"," ","R","13","    24.4"," ","R","13","    19.4"," ","R","13","    17.4"," ","R","13","    14.4"," ","R","13","     5.6"," ","R","13","     4.3"," ","R","13","    23.9"," ","R","13","    21.9"," ","R","13","     7.4"," ","P","17","     3.2"," ","P","17","     0.7"," ","P","17","     0.2"," ","P","17","     0.2"," ","P","17","     0.0"," ","P","17","     0.0"," ","P","17","     0.0"," ","P","17","-9999.00","Y"," "," 0","-9999.00","Y"," "," 0","-9999.00","Y"," "," 0","    0.29"," ","R","14","    2.49"," ","R","14","     0.0"," ","P","16","     0.0"," ","P","16","     0.0"," ","P","16","     0.0"," ","P","16","     0.0"," ","P","16","     0.0"," ","P","16","     0.0"," ","P","16","     0.0"," ","P","16"," -9999.0","M"," "," 0"," -9999.0","M"," "," 0"," -9999.0","M"," "," 0","     0.0"," ","P","16","     0.1"," ","P","16"
"USC00024849","05-25"," 36.8644","-111.6022"," 978.4","LEES FERRY, AZ US","05","25","99","    74.8"," ","R","13","    88.8"," ","R","13","    60.7"," ","R","13","    28.1"," ","R","13","     7.0"," ","R","13","     8.8"," ","R","13","     6.6"," ","R","13","     6.7"," ","R","13","     0.3"," ","R","13","     0.0"," ","R","13","     0.0"," ","R","13","     0.0"," ","R","13","     0.0"," ","R","13","     0.0","X","R","13","     0.0","X","R","13","    10.1"," ","R","13","    34.8"," ","R","13","    29.8"," ","R","13","    24.8"," ","R","13","    19.8"," ","R","13","    17.8"," ","R","13","    14.8"," ","R","13","     5.9"," ","R","13","     4.6"," ","R","13","    10.1"," ","R","13","    34.8"," ","R","13","    29.8"," ","R","13","    24.8"," ","R","13","    19.8"," ","R","13","    17.8"," ","R","13","    14.8"," ","R","13","     5.9"," ","R","13","     4.6"," ","R","13","    24.1"," ","R","13","    22.1"," ","R","13","     7.3"," ","P","17","     3.1"," ","P","17","     0.6"," ","P","17","     0.2"," ","P","17","     0.2"," ","P","17","     0.0"," ","P","17","     0.0"," ","P","17","     0.0"," ","P","17","-9999.00","Y"," "," 0","-9999.00","Y"," "," 0","-9999.00","Y"," "," 0","    0.30"," ","R","14","    2.50"," ","R","14","     0.0"," ","P","16","     0.0"," ","P","16","     0.0"," ","P","16","     0.0"," ","P","16","     0.0"," ","P","16","     0.0"," ","P","16","     0.0"," ","P","16","     0.0"," ","P","16"," -9999.0","M"," "," 0"," -9999.0","M"," "," 0"," -9999.0","M"," "," 0","     0.0"," ","P","16","     0.1"," ","P","16"
"USC00024849","05-26"," 36.8644","-111.6022"," 978.4","LEES FERRY, AZ US","05","26","99","    75.2"," ","R","13","    89.3"," ","R","13","    61.0"," ","R","13","    28.3"," ","R","13","     7.0"," ","R","13","     8.8"," ","R","13","     6.6"," ","R","13","     6.7"," ","R","13","     0.3"," ","R","13","     0.0"," ","R","13","     0.0"," ","R","13","     0.0"," ","R","13","     0.0"," ","R","13","     0.0","X","R","13","     0.0","X","R","13","    10.4"," ","R","13","    35.2"," ","R","13","    30.2"," ","R","13","    25.2"," ","R","13","    20.2"," ","R","13","    18.2"," ","R","13","    15.2"," ","R","13","     6.2"," ","R","13","     4.8"," ","R","13","    10.4"," ","R","13","    35.2"," ","R","13","    30.2"," ","R","13","    25.2"," ","R","13","    20.2"," ","R","13","    18.2"," ","R","13","    15.2"," ","R","13","     6.2"," ","R","13","     4.8"," ","R","13","    24.3"," ","R","13","    22.4"," ","R","13","     7.3"," ","P","17","     3.1"," ","P","17","     0.6"," ","P","17","     0.2"," ","P","17","     0.2"," ","P","17","     0.0"," ","P","17","     0.0"," ","P","17","     0.0"," ","P","17","-9999.00","Y"," "," 0","-9999.00","Y"," "," 0","-9999.00","Y"," "," 0","    0.31"," ","R","14","    2.51"," ","R","14","     0.0"," ","P","16","     0.0"," ","P","16","     0.0"," ","P","16","     0.0"," ","P","16","     0.0"," ","P","16","     0.0"," ","P","16","     0.0"," ","P","16","     0.0"," ","P","16"," -9999.0","M"," "," 0"," -9999.0","M"," "," 0"," -9999.0","M"," "," 0","     0.0"," ","P","16","     0.1"," ","P","16"
"USC00024849","05-27"," 36.8644","-111.6022"," 978.4","LEES FERRY, AZ US","05","27","99","    75.6"," ","R","13","    89.8"," ","R","13","    61.3"," ","R","13","    28.5"," ","R","13","     7.0"," ","R","13","     8.8"," ","R","13","     6.6"," ","R","13","     6.7"," ","R","13","     0.2"," ","R","13","     0.0"," ","R","13","     0.0"," ","R","13","     0.0"," ","R","13","     0.0"," ","R","13","     0.0","X","R","13","     0.0","X","R","13","    10.8"," ","R","13","    35.6"," ","R","13","    30.6"," ","R","13","    25.6"," ","R","13","    20.6"," ","R","13","    18.6"," ","R","13","    15.6"," ","R","13","     6.6"," ","R","13","     5.1"," ","R","13","    10.8"," ","R","13","    35.6"," ","R","13","    30.6"," ","R","13","    25.6"," ","R","13","    20.6"," ","R","13","    18.6"," ","R","13","    15.6"," ","R","13","     6.6"," ","R","13","     5.1"," ","R","13","    24.6"," ","R","13","    22.6"," ","R","13","     7.2"," ","P","17","     3.0"," ","P","17","     0.6"," ","P","17","     0.2"," ","P","17","     0.2"," ","P","17","     0.0"," ","P","17","     0.0"," ","P","17","     0.0"," ","P","17","-9999.00","Y"," "," 0","-9999.00","Y"," "," 0","-9999.00","Y"," "," 0","    0.32"," ","R","14","    2.52"," ","R","14","     0.0"," ","P","16","     0.0"," ","P","16","     0.0"," ","P","16","     0.0"," ","P","16","     0.0"," ","P","16","     0.0"," ","P","16","     0.0"," ","P","16","     0.0"," ","P","16"," -9999.0","M"," "," 0"," -9999.0","M"," "," 0"," -9999.0","M"," "," 0","     0.0"," ","P","16","     0.1"," ","P","16"
"USC00024849","05-28"," 36.8644","-111.6022"," 978.4","LEES FERRY, AZ US","05","28","99","    76.0"," ","R","13","    90.3"," ","R","13","    61.6"," ","R","13","    28.7"," ","R","13","     7.0"," ","R","13","     8.8"," ","R","13","     6.6"," ","R","13","     6.7"," ","R","13","     0.2"," ","R","13","     0.0"," ","R","13","     0.0"," ","R","13","     0.0"," ","R","13","     0.0"," ","R","13","     0.0","X","R","13","     0.0","X","R","13","    11.2"," ","R","13","    36.0"," ","R","13","    31.0"," ","R","13","    26.0"," ","R","13","    21.0"," ","R","13","    19.0"," ","R","13","    16.0"," ","R","13","     6.9"," ","R","13","     5.4"," ","R","13","    11.2"," ","R","13","    36.0"," ","R","13","    31.0"," ","R","13","    26.0"," ","R","13","    21.0"," ","R","13","    19.0"," ","R","13","    16.0"," ","R","13","     6.9"," ","R","13","     5.4"," ","R","13","    24.8"," ","R","13","    22.9"," ","R","13","     7.0"," ","P","17","     2.9"," ","P","17","     0.5"," ","P","17","     0.2"," ","P","17","     0.2"," ","P","17","     0.0"," ","P","17","     0.0"," ","P","17","     0.0"," ","P","17","-9999.00","Y"," "," 0","-9999.00","Y"," "," 0","-9999.00","Y"," "," 0","    0.33"," ","R","14","    2.53"," ","R","14","     0.0"," ","P","16","     0.0"," ","P","16","     0.0"," ","P","16","     0.0"," ","P","16","     0.0"," ","P","16","     0.0"," ","P","16","     0.0"," ","P","16","     0.0"," ","P","16"," -9999.0","M"," "," 0"," -9999.0","M"," "," 0"," -9999.0","M"," "," 0","     0.0"," ","P","16","     0.1"," ","P","16"
"USC00024849","05-29"," 36.8644","-111.6022"," 978.4","LEES FERRY, AZ US","05","29","99","    76.4"," ","R","13","    90.8"," ","R","13","    62.0"," ","R","13","    28.9"," ","R","13","     7.0"," ","R","13","     8.7"," ","R","13","     6.6"," ","R","13","     6.7"," ","R","13","     0.2"," ","R","13","     0.0"," ","R","13","     0.0"," ","R","13","     0.0"," ","R","13","     0.0"," ","R","13","     0.0"," ","R","13","     0.0","X","R","13","    11.5"," ","R","13","    36.4"," ","R","13","    31.4"," ","R","13","    26.4"," ","R","13","    21.4"," ","R","13","    19.4"," ","R","13","    16.4"," ","R","13","     7.2"," ","R","13","     5.8"," ","R","13","    11.5"," ","R","13","    36.4"," ","R","13","    31.4"," ","R","13","    26.4"," ","R","13","    21.4"," ","R","13","    19.4"," ","R","13","    16.4"," ","R","13","     7.2"," ","R","13","     5.8"," ","R","13","    25.1"," ","R","13","    23.1"," ","R","13","     6.9"," ","P","17","     2.8"," ","P","17","     0.5"," ","P","17","     0.1"," ","P","17","     0.1"," ","P","17","     0.0"," ","P","17","     0.0"," ","P","17","     0.0"," ","P","17","-9999.00","Y"," "," 0","-9999.00","Y"," "," 0","-9999.00","Y"," "," 0","    0.35"," ","R","14","    2.55"," ","R","14","     0.0"," ","P","16","     0.0"," ","P","16","     0.0"," ","P","16","     0.0"," ","P","16","     0.0"," ","P","16","     0.0"," ","P","16","     0.0"," ","P","16","     0.0"," ","P","16"," -9999.0","M"," "," 0"," -9999.0","M"," "," 0"," -9999.0","M"," "," 0","     0.0"," ","P","16","     0.1"," ","P","16"
"USC00024849","05-30"," 36.8644","-111.6022"," 978.4","LEES FERRY, AZ US","05","30","99","    76.8"," ","R","13","    91.3"," ","R","13","    62.3"," ","R","13","    29.1"," ","R","13","     7.0"," ","R","13","     8.7"," ","R","13","     6.6"," ","R","13","     6.7"," ","R","13","     0.1"," ","R","13","     0.0"," ","R","13","     0.0"," ","R","13","     0.0"," ","R","13","     0.0"," ","R","13","     0.0"," ","R","13","     0.0","X","R","13","    11.9"," ","R","13","    36.8"," ","R","13","    31.8"," ","R","13","    26.8"," ","R","13","    21.8"," ","R","13","    19.8"," ","R","13","    16.8"," ","R","13","     7.6"," ","R","13","     6.1"," ","R","13","    11.9"," ","R","13","    36.8"," ","R","13","    31.8"," ","R","13","    26.8"," ","R","13","    21.8"," ","R","13","    19.8"," ","R","13","    16.8"," ","R","13","     7.6"," ","R","13","     6.1"," ","R","13","    25.3"," ","R","13","    23.4"," ","R","13","     6.8"," ","P","17","     2.7"," ","P","17","     0.5"," ","P","17","     0.1"," ","P","17","     0.1"," ","P","17","     0.0"," ","P","17","     0.0"," ","P","17","     0.0"," ","P","17","-9999.00","Y"," "," 0","-9999.00","Y"," "," 0","-9999.00","Y"," "," 0","    0.36"," ","R","14","    2.56"," ","R","14","     0.0"," ","P","16","     0.0"," ","P","16","     0.0"," ","P","16","     0.0"," ","P","16","     0.0"," ","P","16","     0.0"," ","P","16","     0.0"," ","P","16","     0.0"," ","P","16"," -9999.0","M"," "," 0"," -9999.0","M"," "," 0"," -9999.0","M"," "," 0","     0.0"," ","P","16","     0.1"," ","P","16"
"USC00024849","05-31"," 36.8644","-111.6022"," 978.4","LEES FERRY, AZ US","05","31","99","    77.2"," ","R","13","    91.8"," ","R","13","    62.6"," ","R","13","    29.2"," ","R","13","     6.9"," ","R","13","     8.7"," ","R","13","     6.5"," ","R","13","     6.6"," ","R","13","     0.1"," ","R","13","     0.0"," ","R","13","     0.0"," ","R","13","     0.0"," ","R","13","     0.0"," ","R","13","     0.0"," ","R","13","     0.0","X","R","13","    12.3"," ","R","13","    37.2"," ","R","13","    32.2"," ","R","13","    27.2"," ","R","13","    22.2"," ","R","13","    20.2"," ","R","13","    17.2"," ","R","13","     7.9"," ","R","13","     6.4"," ","R","13","    12.3"," ","R","13","    37.2"," ","R","13","    32.2"," ","R","13","    27.2"," ","R","13","    22.2"," ","R","13","    20.2"," ","R","13","    17.2"," ","R","13","     7.9"," ","R","13","     6.4"," ","R","13","    25.6"," ","R","13","    23.6"," ","R","13","     6.6"," ","P","17","     2.6"," ","P","17","     0.4"," ","P","17","     0.1"," ","P","17","     0.1"," ","P","17","     0.0"," ","P","17","     0.0"," ","P","17","     0.0"," ","P","17","-9999.00","Y"," "," 0","-9999.00","Y"," "," 0","-9999.00","Y"," "," 0","    0.37"," ","R","14","    2.57"," ","R","14","     0.0"," ","P","16","     0.0"," ","P","16","     0.0"," ","P","16","     0.0"," ","P","16","     0.0"," ","P","16","     0.0"," ","P","16","     0.0"," ","P","16","     0.0"," ","P","16"," -9999.0","M"," "," 0"," -9999.0","M"," "," 0"," -9999.0","M"," "," 0","     0.0"," ","P","16","     0.1"," ","P","16"
"USC00024849","06-01"," 36.8644","-111.6022"," 978.4","LEES FERRY, AZ US","06","01","99","    77.6"," ","R","12","    92.3"," ","R","12","    62.9"," ","R","14","    29.4"," ","R","12","     6.9"," ","R","12","     8.6"," ","R","12","     6.5"," ","R","14","     6.6"," ","R","12","     0.1"," ","R","12","     0.0"," ","R","12","     0.0"," ","R","12","     0.0"," ","R","12","     0.0"," ","R","12","     0.0"," ","R","12","     0.0","X","R","12","    12.7"," ","R","12","    37.6"," ","R","12","    32.6"," ","R","12","    27.6"," ","R","12","    22.6"," ","R","12","    20.6"," ","R","12","    17.6"," ","R","12","     8.2"," ","R","12","     6.6"," ","R","12","    12.7"," ","R","12","    37.6"," ","R","12","    32.6"," ","R","12","    27.6"," ","R","12","    22.6"," ","R","12","    20.6"," ","R","12","    17.6"," ","R","12","     8.2"," ","R","12","     6.6"," ","R","12","    25.9"," ","R","12","    23.9"," ","R","12","     6.5"," ","P","17","     2.5"," ","P","17","     0.4"," ","P","17"," -9999.0","Z"," "," 0","     0.0"," ","P","17","     0.0"," ","P","17","     0.0"," ","P","17","     0.0"," ","P","17","-9999.00","Y"," "," 0","-9999.00","Y"," "," 0","-9999.00","Y"," "," 0","    0.01"," ","R","15","    2.58"," ","R","15","     0.0"," ","P","16","     0.0"," ","P","16","     0.0"," ","P","16","     0.0"," ","P","16","     0.0"," ","P","16","     0.0"," ","P","16","     0.0"," ","P","16","     0.0"," ","P","16"," -9999.0","M"," "," 0"," -9999.0","M"," "," 0"," -9999.0","M"," "," 0","     0.0"," ","P","16","     0.1"," ","P","16"
"USC00024849","06-02"," 36.8644","-111.6022"," 978.4","LEES FERRY, AZ US","06","02","99","    78.0"," ","R","12","    92.8"," ","R","12","    63.2"," ","R","14","    29.6"," ","R","12","     6.8"," ","R","12","     8.5"," ","R","12","     6.5"," ","R","14","     6.6"," ","R","12","     0.1"," ","R","12","     0.0"," ","R","12","     0.0"," ","R","12","     0.0"," ","R","12","     0.0"," ","R","12","     0.0"," ","R","12","     0.0"," ","R","12","    13.1"," ","R","12","    38.0"," ","R","12","    33.0"," ","R","12","    28.0"," ","R","12","    23.0"," ","R","12","    21.0"," ","R","12","    18.0"," ","R","12","     8.6"," ","R","12","     6.9"," ","R","12","    13.1"," ","R","12","    38.0"," ","R","12","    33.0"," ","R","12","    28.0"," ","R","12","    23.0"," ","R","12","    21.0"," ","R","12","    18.0"," ","R","12","     8.6"," ","R","12","     6.9"," ","R","12","    26.1"," ","R","12","    24.2"," ","R","12","     6.3"," ","P","17","     2.4"," ","P","17","     0.4"," ","P","17"," -9999.0","Z"," "," 0","     0.0"," ","P","17","     0.0"," ","P","17","     0.0"," ","P","17","     0.0"," ","P","17","-9999.00","Y"," "," 0","-9999.00","Y"," "," 0","-9999.00","Y"," "," 0","    0.01"," ","R","15","    2.58"," ","R","15","     0.0"," ","P","16","     0.0"," ","P","16","     0.0"," ","P","16","     0.0"," ","P","16","     0.0"," ","P","16","     0.0"," ","P","16","     0.0"," ","P","16","     0.0"," ","P","16"," -9999.0","M"," "," 0"," -9999.0","M"," "," 0"," -9999.0","M"," "," 0","     0.0"," ","P","16","     0.1"," ","P","16"
"USC00024849","06-03"," 36.8644","-111.6022"," 978.4","LEES FERRY, AZ US","06","03","99","    78.5"," ","R","12","    93.3"," ","R","12","    63.6"," ","R","14","    29.8"," ","R","12","     6.8"," ","R","12","     8.4"," ","R","12","     6.5"," ","R","14","     6.5"," ","R","12","     0.0","X","R","12","     0.0"," ","R","12","     0.0"," ","R","12","     0.0"," ","R","12","     0.0"," ","R","12","     0.0"," ","R","12","     0.0"," ","R","12","    13.5"," ","R","12","    38.5"," ","R","12","    33.5"," ","R","12","    28.5"," ","R","12","    23.5"," ","R","12","    21.5"," ","R","12","    18.5"," ","R","12","     8.9"," ","R","12","     7.2"," ","R","12","    13.5"," ","R","12","    38.5"," ","R","12","    33.5"," ","R","12","    28.5"," ","R","12","    23.5"," ","R","12","    21.5"," ","R","12","    18.5"," ","R","12","     8.9"," ","R","12","     7.2"," ","R","12","    26.4"," ","R","12","    24.4"," ","R","12","     6.2"," ","P","17","     2.3"," ","P","17","     0.4"," ","P","17"," -9999.0","Z"," "," 0","     0.0"," ","P","17","     0.0"," ","P","17","     0.0"," ","P","17","     0.0"," ","P","17","-9999.00","Y"," "," 0","-9999.00","Y"," "," 0","-9999.00","Y"," "," 0","    0.02"," ","R","15","    2.59"," ","R","15","     0.0"," ","P","16","     0.0"," ","P","16","     0.0"," ","P","16","     0.0"," ","P","16","     0.0"," ","P","16","     0.0"," ","P","16","     0.0"," ","P","16","     0.0"," ","P","16"," -9999.0","M"," "," 0"," -9999.0","M"," "," 0"," -9999.0","M"," "," 0","     0.0"," ","P","16","     0.1"," ","P","16"
"USC00024849","06-04"," 36.8644","-111.6022"," 978.4","LEES FERRY, AZ US","06","04","99","    78.9"," ","R","12","    93.8"," ","R","12","    63.9"," ","R","14","    29.9"," ","R","12","     6.7"," ","R","12","     8.3"," ","R","12","     6.5"," ","R","14","     6.5"," ","R","12","     0.0","X","R","12","     0.0"," ","R","12","     0.0"," ","R","12","     0.0"," ","R","12","     0.0"," ","R","12","     0.0"," ","R","12","     0.0"," ","R","12","    13.9"," ","R","12","    38.9"," ","R","12","    33.9"," ","R","12","    28.9"," ","R","12","    23.9"," ","R","12","    21.9"," ","R","12","    18.9"," ","R","12","     9.3"," ","R","12","     7.6"," ","R","12","    13.9"," ","R","12","    38.9"," ","R","12","    33.9"," ","R","12","    28.9"," ","R","12","    23.9"," ","R","12","    21.9"," ","R","12","    18.9"," ","R","12","     9.3"," ","R","12","     7.6"," ","R","12","    26.6"," ","R","12","    24.6"," ","R","12","     6.0"," ","P","17","     2.2"," ","P","17","     0.4"," ","P","17"," -9999.0","Z"," "," 0","     0.0"," ","P","17","     0.0"," ","P","17","     0.0"," ","P","17","     0.0"," ","P","17","-9999.00","Y"," "," 0","-9999.00","Y"," "," 0","-9999.00","Y"," "," 0","    0.02"," ","R","15","    2.59"," ","R","15","     0.0"," ","P","16","     0.0"," ","P","16","     0.0"," ","P","16","     0.0"," ","P","16","     0.0"," ","P","16","     0.0"," ","P","16","     0.0"," ","P","16","     0.0"," ","P","16"," -9999.0","M"," "," 0"," -9999.0","M"," "," 0"," -9999.0","M"," "," 0","     0.0"," ","P","16","     0.1"," ","P","16"
"USC00024849","06-05"," 36.8644","-111.6022"," 978.4","LEES FERRY, AZ US","06","05","99","    79.3"," ","R","12","    94.3"," ","R","12","    64.3"," ","R","14","    30.0"," ","R","12","     6.7"," ","R","12","     8.2"," ","R","12","     6.5"," ","R","14","     6.4"," ","R","12","     0.0","X","R","12","     0.0"," ","R","12","     0.0"," ","R","12","     0.0"," ","R","12","     0.0"," ","R","12","     0.0"," ","R","12","     0.0"," ","R","12","    14.3"," ","R","12","    39.3"," ","R","12","    34.3"," ","R","12","    29.3"," ","R","12","    24.3"," ","R","12","    22.3"," ","R","12","    19.3"," ","R","12","     9.6"," ","R","12","     7.9"," ","R","12","    14.3"," ","R","12","    39.3"," ","R","12","    34.3"," ","R","12","    29.3"," ","R","12","    24.3"," ","R","12","    22.3"," ","R","12","    19.3"," ","R","12","     9.6"," ","R","12","     7.9"," ","R","12","    26.8"," ","R","12","    24.9"," ","R","12","     5.9"," ","P","17","     2.2"," ","P","17","     0.4"," ","P","17"," -9999.0","Z"," "," 0","     0.0"," ","P","17","     0.0"," ","P","17","     0.0"," ","P","17","     0.0"," ","P","17","-9999.00","Y"," "," 0","-9999.00","Y"," "," 0","-9999.00","Y"," "," 0","    0.02"," ","R","15","    2.59"," ","R","15","     0.0"," ","P","16","     0.0"," ","P","16","     0.0"," ","P","16","     0.0"," ","P","16","     0.0"," ","P","16","     0.0"," ","P","16","     0.0"," ","P","16","     0.0"," ","P","16"," -9999.0","M"," "," 0"," -9999.0","M"," "," 0"," -9999.0","M"," "," 0","     0.0"," ","P","16","     0.1"," ","P","16"
"USC00024849","06-06"," 36.8644","-111.6022"," 978.4","LEES FERRY, AZ US","06","06","99","    79.7"," ","R","12","    94.8"," ","R","12","    64.6"," ","R","14","    30.2"," ","R","12","     6.6"," ","R","12","     8.2"," ","R","12","     6.4"," ","R","14","     6.4"," ","R","12","     0.0","X","R","12","     0.0"," ","R","12","     0.0"," ","R","12","     0.0"," ","R","12","     0.0"," ","R","12","     0.0"," ","R","12","     0.0"," ","R","12","    14.7"," ","R","12","    39.7"," ","R","12","    34.7"," ","R","12","    29.7"," ","R","12","    24.7"," ","R","12","    22.7"," ","R","12","    19.7"," ","R","12","    10.0"," ","R","12","     8.2"," ","R","12","    14.7"," ","R","12","    39.7"," ","R","12","    34.7"," ","R","12","    29.7"," ","R","12","    24.7"," ","R","12","    22.7"," ","R","12","    19.7"," ","R","12","    10.0"," ","R","12","     8.2"," ","R","12","    27.1"," ","R","12","    25.1"," ","R","12","     5.7"," ","P","17","     2.1"," ","P","17","     0.3"," ","P","17"," -9999.0","Z"," "," 0","     0.0"," ","P","17","     0.0"," ","P","17","     0.0"," ","P","17","     0.0"," ","P","17","-9999.00","Y"," "," 0","-9999.00","Y"," "," 0","-9999.00","Y"," "," 0","    0.03"," ","R","15","    2.60"," ","R","15","     0.0"," ","P","16","     0.0"," ","P","16","     0.0"," ","P","16","     0.0"," ","P","16","     0.0"," ","P","16","     0.0"," ","P","16","     0.0"," ","P","16","     0.0"," ","P","16"," -9999.0","M"," "," 0"," -9999.0","M"," "," 0"," -9999.0","M"," "," 0","     0.0"," ","P","16","     0.1"," ","P","16"
"USC00024849","06-07"," 36.8644","-111.6022"," 978.4","LEES FERRY, AZ US","06","07","99","    80.1"," ","R","12","    95.2"," ","R","12","    65.0"," ","R","14","    30.3"," ","R","12","     6.5"," ","R","12","     8.1"," ","R","12","     6.4"," ","R","14","     6.3"," ","R","12","     0.0","X","R","12","     0.0"," ","R","12","     0.0"," ","R","12","     0.0"," ","R","12","     0.0"," ","R","12","     0.0"," ","R","12","     0.0"," ","R","12","    15.1"," ","R","12","    40.1"," ","R","12","    35.1"," ","R","12","    30.1"," ","R","12","    25.1"," ","R","12","    23.1"," ","R","12","    20.1"," ","R","12","    10.4"," ","R","12","     8.6"," ","R","12","    15.1"," ","R","12","    40.1"," ","R","12","    35.1"," ","R","12","    30.1"," ","R","12","    25.1"," ","R","12","    23.1"," ","R","12","    20.1"," ","R","12","    10.4"," ","R","12","     8.6"," ","R","12","    27.3"," ","R","12","    25.3"," ","R","12","     5.6"," ","P","17","     2.0"," ","P","17","     0.3"," ","P","17"," -9999.0","Z"," "," 0","     0.0"," ","P","17","     0.0"," ","P","17","     0.0"," ","P","17","     0.0"," ","P","17","-9999.00","Y"," "," 0","-9999.00","Y"," "," 0","-9999.00","Y"," "," 0","    0.03"," ","R","15","    2.60"," ","R","15","     0.0"," ","P","16","     0.0"," ","P","16","     0.0"," ","P","16","     0.0"," ","P","16","     0.0"," ","P","16","     0.0"," ","P","16","     0.0"," ","P","16","     0.0"," ","P","16"," -9999.0","M"," "," 0"," -9999.0","M"," "," 0"," -9999.0","M"," "," 0","     0.0"," ","P","16","     0.1"," ","P","16"
"USC00024849","06-08"," 36.8644","-111.6022"," 978.4","LEES FERRY, AZ US","06","08","99","    80.5"," ","R","12","    95.7"," ","R","12","    65.3"," ","R","14","    30.4"," ","R","12","     6.5"," ","R","12","     8.0"," ","R","12","     6.4"," ","R","14","     6.3"," ","R","12","     0.0","X","R","12","     0.0"," ","R","12","     0.0"," ","R","12","     0.0"," ","R","12","     0.0"," ","R","12","     0.0"," ","R","12","     0.0"," ","R","12","    15.5"," ","R","12","    40.5"," ","R","12","    35.5"," ","R","12","    30.5"," ","R","12","    25.5"," ","R","12","    23.5"," ","R","12","    20.5"," ","R","12","    10.7"," ","R","12","     8.9"," ","R","12","    15.5"," ","R","12","    40.5"," ","R","12","    35.5"," ","R","12","    30.5"," ","R","12","    25.5"," ","R","12","    23.5"," ","R","12","    20.5"," ","R","12","    10.7"," ","R","12","     8.9"," ","R","12","    27.5"," ","R","12","    25.5"," ","R","12","     5.5"," ","P","17","     2.0"," ","P","17","     0.3"," ","P","17"," -9999.0","Z"," "," 0","     0.0"," ","P","17","     0.0"," ","P","17","     0.0"," ","P","17","     0.0"," ","P","17","-9999.00","Y"," "," 0","-9999.00","Y"," "," 0","-9999.00","Y"," "," 0","    0.03"," ","R","15","    2.60"," ","R","15","     0.0"," ","P","16","     0.0"," ","P","16","     0.0"," ","P","16","     0.0"," ","P","16","     0.0"," ","P","16","     0.0"," ","P","16","     0.0"," ","P","16","     0.0"," ","P","16"," -9999.0","M"," "," 0"," -9999.0","M"," "," 0"," -9999.0","M"," "," 0","     0.0"," ","P","16","     0.1"," ","P","16"
"USC00024849","06-09"," 36.8644","-111.6022"," 978.4","LEES FERRY, AZ US","06","09","99","    80.9"," ","R","12","    96.1"," ","R","12","    65.7"," ","R","14","    30.4"," ","R","12","     6.4"," ","R","12","     7.9"," ","R","12","     6.3"," ","R","14","     6.3"," ","R","12","     0.0","X","R","12","     0.0"," ","R","12","     0.0"," ","R","12","     0.0"," ","R","12","     0.0"," ","R","12","     0.0"," ","R","12","     0.0"," ","R","12","    15.9"," ","R","12","    40.9"," ","R","12","    35.9"," ","R","12","    30.9"," ","R","12","    25.9"," ","R","12","    23.9"," ","R","12","    20.9"," ","R","12","    11.1"," ","R","12","     9.3"," ","R","12","    15.9"," ","R","12","    40.9"," ","R","12","    35.9"," ","R","12","    30.9"," ","R","12","    25.9"," ","R","12","    23.9"," ","R","12","    20.9"," ","R","12","    11.1"," ","R","12","     9.3"," ","R","12","    27.7"," ","R","12","    25.7"," ","R","12","     5.4"," ","P","17","     1.9"," ","P","17","     0.4"," ","P","17"," -9999.0","Z"," "," 0","     0.0"," ","P","17","     0.0"," ","P","17","     0.0"," ","P","17","     0.0"," ","P","17","-9999.00","Y"," "," 0","-9999.00","Y"," "," 0","-9999.00","Y"," "," 0","    0.03"," ","R","15","    2.60"," ","R","15","     0.0"," ","P","16","     0.0"," ","P","16","     0.0"," ","P","16","     0.0"," ","P","16","     0.0"," ","P","16","     0.0"," ","P","16","     0.0"," ","P","16","     0.0"," ","P","16"," -9999.0","M"," "," 0"," -9999.0","M"," "," 0"," -9999.0","M"," "," 0","     0.0"," ","P","16","     0.1"," ","P","16"
"USC00024849","06-10"," 36.8644","-111.6022"," 978.4","LEES FERRY, AZ US","06","10","99","    81.3"," ","R","12","    96.6"," ","R","12","    66.1"," ","R","14","    30.5"," ","R","12","     6.3"," ","R","12","     7.7"," ","R","12","     6.3"," ","R","14","     6.2"," ","R","12","     0.0","X","R","12","     0.0"," ","R","12","     0.0"," ","R","12","     0.0"," ","R","12","     0.0"," ","R","12","     0.0"," ","R","12","     0.0"," ","R","12","    16.3"," ","R","12","    41.3"," ","R","12","    36.3"," ","R","12","    31.3"," ","R","12","    26.3"," ","R","12","    24.3"," ","R","12","    21.3"," ","R","12","    11.5"," ","R","12","     9.6"," ","R","12","    16.3"," ","R","12","    41.3"," ","R","12","    36.3"," ","R","12","    31.3"," ","R","12","    26.3"," ","R","12","    24.3"," ","R","12","    21.3"," ","R","12","    11.5"," ","R","12","     9.6"," ","R","12","    27.9"," ","R","12","    25.9"," ","R","12","     5.3"," ","P","17","     1.9"," ","P","17","     0.4"," ","P","17"," -9999.0","Z"," "," 0","     0.0"," ","P","17","     0.0"," ","P","17","     0.0"," ","P","17","     0.0"," ","P","17","-9999.00","Y"," "," 0","-9999.00","Y"," "," 0","-9999.00","Y"," "," 0","    0.04"," ","R","15","    2.61"," ","R","15","     0.0"," ","P","16","     0.0"," ","P","16","     0.0"," ","P","16","     0.0"," ","P","16","     0.0"," ","P","16","     0.0"," ","P","16","     0.0"," ","P","16","     0.0"," ","P","16"," -9999.0","M"," "," 0"," -9999.0","M"," "," 0"," -9999.0","M"," "," 0","     0.0"," ","P","16","     0.1"," ","P","16"
"USC00024849","06-11"," 36.8644","-111.6022"," 978.4","LEES FERRY, AZ US","06","11","99","    81.7"," ","R","12","    97.0"," ","R","12","    66.4"," ","R","14","    30.6"," ","R","12","     6.2"," ","R","12","     7.6"," ","R","12","     6.3"," ","R","14","     6.2"," ","R","12","     0.0","X","R","12","     0.0"," ","R","12","     0.0"," ","R","12","     0.0"," ","R","12","     0.0"," ","R","12","     0.0"," ","R","12","     0.0"," ","R","12","    16.7"," ","R","12","    41.7"," ","R","12","    36.7"," ","R","12","    31.7"," ","R","12","    26.7"," ","R","12","    24.7"," ","R","12","    21.7"," ","R","12","    11.9"," ","R","12","    10.0"," ","R","12","    16.7"," ","R","12","    41.7"," ","R","12","    36.7"," ","R","12","    31.7"," ","R","12","    26.7"," ","R","12","    24.7"," ","R","12","    21.7"," ","R","12","    11.9"," ","R","12","    10.0"," ","R","12","    28.1"," ","R","12","    26.1"," ","R","12","     5.3"," ","P","17","     1.9"," ","P","17","     0.4"," ","P","17"," -9999.0","Z"," "," 0","     0.0"," ","P","17","     0.0"," ","P","17","     0.0"," ","P","17","     0.0"," ","P","17","-9999.00","Y"," "," 0","-9999.00","Y"," "," 0","-9999.00","Y"," "," 0","    0.04"," ","R","15","    2.61"," ","R","15","     0.0"," ","P","16","     0.0"," ","P","16","     0.0"," ","P","16","     0.0"," ","P","16","     0.0"," ","P","16","     0.0"," ","P","16","     0.0"," ","P","16","     0.0"," ","P","16"," -9999.0","M"," "," 0"," -9999.0","M"," "," 0"," -9999.0","M"," "," 0","     0.0"," ","P","16","     0.1"," ","P","16"
"USC00024849","06-12"," 36.8644","-111.6022"," 978.4","LEES FERRY, AZ US","06","12","99","    82.1"," ","R","12","    97.4"," ","R","12","    66.8"," ","R","14","    30.6"," ","R","12","     6.1"," ","R","12","     7.5"," ","R","12","     6.2"," ","R","14","     6.2"," ","R","12","     0.0","X","R","12","     0.0"," ","R","12","     0.0"," ","R","12","     0.0"," ","R","12","     0.0"," ","R","12","     0.0"," ","R","12","     0.0"," ","R","12","    17.1"," ","R","12","    42.1"," ","R","12","    37.1"," ","R","12","    32.1"," ","R","12","    27.1"," ","R","12","    25.1"," ","R","12","    22.1"," ","R","12","    12.2"," ","R","12","    10.3"," ","R","12","    17.1"," ","R","12","    42.1"," ","R","12","    37.1"," ","R","12","    32.1"," ","R","12","    27.1"," ","R","12","    25.1"," ","R","12","    22.1"," ","R","12","    12.2"," ","R","12","    10.3"," ","R","12","    28.3"," ","R","12","    26.3"," ","R","12","     5.2"," ","P","17","     1.8"," ","P","17","     0.4"," ","P","17"," -9999.0","Z"," "," 0","     0.0"," ","P","17","     0.0"," ","P","17","     0.0"," ","P","17","     0.0"," ","P","17","-9999.00","Y"," "," 0","-9999.00","Y"," "," 0","-9999.00","Y"," "," 0","    0.04"," ","R","15","    2.61"," ","R","15","     0.0"," ","P","16","     0.0"," ","P","16","     0.0"," ","P","16","     0.0"," ","P","16","     0.0"," ","P","16","     0.0"," ","P","16","     0.0"," ","P","16","     0.0"," ","P","16"," -9999.0","M"," "," 0"," -9999.0","M"," "," 0"," -9999.0","M"," "," 0","     0.0"," ","P","16","     0.1"," ","P","16"
"USC00024849","06-13"," 36.8644","-111.6022"," 978.4","LEES FERRY, AZ US","06","13","99","    82.5"," ","R","12","    97.8"," ","R","12","    67.2"," ","R","14","    30.6"," ","R","12","     6.0"," ","R","12","     7.4"," ","R","12","     6.2"," ","R","14","     6.1"," ","R","12","     0.0","X","R","12","     0.0"," ","R","12","     0.0"," ","R","12","     0.0"," ","R","12","     0.0"," ","R","12","     0.0"," ","R","12","     0.0"," ","R","12","    17.5"," ","R","12","    42.5"," ","R","12","    37.5"," ","R","12","    32.5"," ","R","12","    27.5"," ","R","12","    25.5"," ","R","12","    22.5"," ","R","12","    12.6"," ","R","12","    10.7"," ","R","12","    17.5"," ","R","12","    42.5"," ","R","12","    37.5"," ","R","12","    32.5"," ","R","12","    27.5"," ","R","12","    25.5"," ","R","12","    22.5"," ","R","12","    12.6"," ","R","12","    10.7"," ","R","12","    28.5"," ","R","12","    26.5"," ","R","12","     5.2"," ","P","17","     1.8"," ","P","17","     0.5"," ","P","17"," -9999.0","Z"," "," 0","     0.0"," ","P","17","     0.0"," ","P","17","     0.0"," ","P","17","     0.0"," ","P","17","-9999.00","Y"," "," 0","-9999.00","Y"," "," 0","-9999.00","Y"," "," 0","    0.04"," ","R","15","    2.61"," ","R","15","     0.0"," ","P","16","     0.0"," ","P","16","     0.0"," ","P","16","     0.0"," ","P","16","     0.0"," ","P","16","     0.0"," ","P","16","     0.0"," ","P","16","     0.0"," ","P","16"," -9999.0","M"," "," 0"," -9999.0","M"," "," 0"," -9999.0","M"," "," 0","     0.0"," ","P","16","     0.1"," ","P","16"
"USC00024849","06-14"," 36.8644","-111.6022"," 978.4","LEES FERRY, AZ US","06","14","99","    82.9"," ","R","12","    98.2"," ","R","12","    67.6"," ","R","14","    30.6"," ","R","12","     5.9"," ","R","12","     7.2"," ","R","12","     6.1"," ","R","14","     6.1"," ","R","12","     0.0","X","R","12","     0.0"," ","R","12","     0.0"," ","R","12","     0.0"," ","R","12","     0.0"," ","R","12","     0.0"," ","R","12","     0.0"," ","R","12","    17.9"," ","R","12","    42.9"," ","R","12","    37.9"," ","R","12","    32.9"," ","R","12","    27.9"," ","R","12","    25.9"," ","R","12","    22.9"," ","R","12","    12.9"," ","R","12","    11.0"," ","R","12","    17.9"," ","R","12","    42.9"," ","R","12","    37.9"," ","R","12","    32.9"," ","R","12","    27.9"," ","R","12","    25.9"," ","R","12","    22.9"," ","R","12","    12.9"," ","R","12","    11.0"," ","R","12","    28.7"," ","R","12","    26.7"," ","R","12","     5.2"," ","P","17","     1.8"," ","P","17","     0.5"," ","P","17"," -9999.0","Z"," "," 0","     0.0"," ","P","17","     0.0"," ","P","17","     0.0"," ","P","17","     0.0"," ","P","17","-9999.00","Y"," "," 0","-9999.00","Y"," "," 0","-9999.00","Y"," "," 0","    0.04"," ","R","15","    2.61"," ","R","15","     0.0"," ","P","16","     0.0"," ","P","16","     0.0"," ","P","16","     0.0"," ","P","16","     0.0"," ","P","16","     0.0"," ","P","16","     0.0"," ","P","16","     0.0"," ","P","16"," -9999.0","M"," "," 0"," -9999.0","M"," "," 0"," -9999.0","M"," "," 0","     0.0"," ","P","16","     0.1"," ","P","16"
"USC00024849","06-15"," 36.8644","-111.6022"," 978.4","LEES FERRY, AZ US","06","15","99","    83.2"," ","R","12","    98.5"," ","R","12","    67.9"," ","R","14","    30.6"," ","R","12","     5.8"," ","R","12","     7.1"," ","R","12","     6.0"," ","R","14","     6.1"," ","R","12","     0.0","X","R","12","     0.0"," ","R","12","     0.0"," ","R","12","     0.0"," ","R","12","     0.0"," ","R","12","     0.0"," ","R","12","     0.0"," ","R","12","    18.2"," ","R","12","    43.2"," ","R","12","    38.2"," ","R","12","    33.2"," ","R","12","    28.2"," ","R","12","    26.2"," ","R","12","    23.2"," ","R","12","    13.3"," ","R","12","    11.3"," ","R","12","    18.2"," ","R","12","    43.2"," ","R","12","    38.2"," ","R","12","    33.2"," ","R","12","    28.2"," ","R","12","    26.2"," ","R","12","    23.2"," ","R","12","    13.3"," ","R","12","    11.3"," ","R","12","    28.9"," ","R","12","    27.0"," ","R","12","     5.2"," ","P","17","     1.8"," ","P","17","     0.5"," ","P","17"," -9999.0","Z"," "," 0","     0.0"," ","P","17","     0.0"," ","P","17","     0.0"," ","P","17","     0.0"," ","P","17","-9999.00","Y"," "," 0","-9999.00","Y"," "," 0","-9999.00","Y"," "," 0","    0.04"," ","R","15","    2.61"," ","R","15","     0.0"," ","P","16","     0.0"," ","P","16","     0.0"," ","P","16","     0.0"," ","P","16","     0.0"," ","P","16","     0.0"," ","P","16","     0.0"," ","P","16","     0.0"," ","P","16"," -9999.0","M"," "," 0"," -9999.0","M"," "," 0"," -9999.0","M"," "," 0","     0.0"," ","P","16","     0.1"," ","P","16"
"USC00024849","06-16"," 36.8644","-111.6022"," 978.4","LEES FERRY, AZ US","06","16","99","    83.6"," ","R","12","    98.9"," ","R","12","    68.3"," ","R","14","    30.6"," ","R","12","     5.7"," ","R","12","     7.0"," ","R","12","     6.0"," ","R","14","     6.1"," ","R","12","     0.0","X","R","12","     0.0"," ","R","12","     0.0"," ","R","12","     0.0"," ","R","12","     0.0"," ","R","12","     0.0"," ","R","12","     0.0"," ","R","12","    18.6"," ","R","12","    43.6"," ","R","12","    38.6"," ","R","12","    33.6"," ","R","12","    28.6"," ","R","12","    26.6"," ","R","12","    23.6"," ","R","12","    13.6"," ","R","12","    11.7"," ","R","12","    18.6"," ","R","12","    43.6"," ","R","12","    38.6"," ","R","12","    33.6"," ","R","12","    28.6"," ","R","12","    26.6"," ","R","12","    23.6"," ","R","12","    13.6"," ","R","12","    11.7"," ","R","12","    29.1"," ","R","12","    27.2"," ","R","12","     5.2"," ","P","17","     1.8"," ","P","17","     0.6"," ","P","17"," -9999.0","Z"," "," 0","     0.0"," ","P","17","     0.0"," ","P","17","     0.0"," ","P","17","     0.0"," ","P","17","-9999.00","Y"," "," 0","-9999.00","Y"," "," 0","-9999.00","Y"," "," 0","    0.04"," ","R","15","    2.61"," ","R","15","     0.0"," ","P","16","     0.0"," ","P","16","     0.0"," ","P","16","     0.0"," ","P","16","     0.0"," ","P","16","     0.0"," ","P","16","     0.0"," ","P","16","     0.0"," ","P","16"," -9999.0","M"," "," 0"," -9999.0","M"," "," 0"," -9999.0","M"," "," 0","     0.0"," ","P","16","     0.1"," ","P","16"
"USC00024849","06-17"," 36.8644","-111.6022"," 978.4","LEES FERRY, AZ US","06","17","99","    83.9"," ","R","12","    99.2"," ","R","12","    68.7"," ","R","14","    30.5"," ","R","12","     5.6"," ","R","12","     6.9"," ","R","12","     5.9"," ","R","14","     6.1"," ","R","12","     0.0","X","R","12","     0.0"," ","R","12","     0.0"," ","R","12","     0.0"," ","R","12","     0.0"," ","R","12","     0.0"," ","R","12","     0.0"," ","R","12","    18.9"," ","R","12","    43.9"," ","R","12","    38.9"," ","R","12","    33.9"," ","R","12","    28.9"," ","R","12","    26.9"," ","R","12","    23.9"," ","R","12","    14.0"," ","R","12","    12.0"," ","R","12","    18.9"," ","R","12","    43.9"," ","R","12","    38.9"," ","R","12","    33.9"," ","R","12","    28.9"," ","R","12","    26.9"," ","R","12","    23.9"," ","R","12","    14.0"," ","R","12","    12.0"," ","R","12","    29.3"," ","R","12","    27.3"," ","R","12","     5.3"," ","P","17","     1.8"," ","P","17","     0.6"," ","P","17"," -9999.0","Z"," "," 0","     0.0"," ","P","17","     0.0"," ","P","17","     0.0"," ","P","17","     0.0"," ","P","17","-9999.00","Y"," "," 0","-9999.00","Y"," "," 0","-9999.00","Y"," "," 0","    0.05"," ","R","15","    2.62"," ","R","15","     0.0"," ","P","16","     0.0"," ","P","16","     0.0"," ","P","16","     0.0"," ","P","16","     0.0"," ","P","16","     0.0"," ","P","16","     0.0"," ","P","16","     0.0"," ","P","16"," -9999.0","M"," "," 0"," -9999.0","M"," "," 0"," -9999.0","M"," "," 0","     0.0"," ","P","16","     0.1"," ","P","16"
"USC00024849","06-18"," 36.8644","-111.6022"," 978.4","LEES FERRY, AZ US","06","18","99","    84.3"," ","R","12","    99.5"," ","R","12","    69.1"," ","R","14","    30.4"," ","R","12","     5.5"," ","R","12","     6.8"," ","R","12","     5.8"," ","R","14","     6.1"," ","R","12","     0.0","X","R","12","     0.0"," ","R","12","     0.0"," ","R","12","     0.0"," ","R","12","     0.0"," ","R","12","     0.0"," ","R","12","     0.0"," ","R","12","    19.3"," ","R","12","    44.3"," ","R","12","    39.3"," ","R","12","    34.3"," ","R","12","    29.3"," ","R","12","    27.3"," ","R","12","    24.3"," ","R","12","    14.3"," ","R","12","    12.3"," ","R","12","    19.3"," ","R","12","    44.3"," ","R","12","    39.3"," ","R","12","    34.3"," ","R","12","    29.3"," ","R","12","    27.3"," ","R","12","    24.3"," ","R","12","    14.3"," ","R","12","    12.3"," ","R","12","    29.5"," ","R","12","    27.5"," ","R","12","     5.3"," ","P","17","     1.8"," ","P","17","     0.6"," ","P","17"," -9999.0","Z"," "," 0","     0.0"," ","P","17","     0.0"," ","P","17","     0.0"," ","P","17","     0.0"," ","P","17","-9999.00","Y"," "," 0","-9999.00","Y"," "," 0","-9999.00","Y"," "," 0","    0.05"," ","R","15","    2.62"," ","R","15","     0.0"," ","P","16","     0.0"," ","P","16","     0.0"," ","P","16","     0.0"," ","P","16","     0.0"," ","P","16","     0.0"," ","P","16","     0.0"," ","P","16","     0.0"," ","P","16"," -9999.0","M"," "," 0"," -9999.0","M"," "," 0"," -9999.0","M"," "," 0","     0.0"," ","P","16","     0.1"," ","P","16"
"USC00024849","06-19"," 36.8644","-111.6022"," 978.4","LEES FERRY, AZ US","06","19","99","    84.6"," ","R","12","    99.8"," ","R","12","    69.4"," ","R","14","    30.4"," ","R","12","     5.4"," ","R","12","     6.8"," ","R","12","     5.8"," ","R","14","     6.2"," ","R","12","     0.0","X","R","12","     0.0"," ","R","12","     0.0"," ","R","12","     0.0"," ","R","12","     0.0"," ","R","12","     0.0"," ","R","12","     0.0"," ","R","12","    19.6"," ","R","12","    44.6"," ","R","12","    39.6"," ","R","12","    34.6"," ","R","12","    29.6"," ","R","12","    27.6"," ","R","12","    24.6"," ","R","12","    14.7"," ","R","12","    12.7"," ","R","12","    19.6"," ","R","12","    44.6"," ","R","12","    39.6"," ","R","12","    34.6"," ","R","12","    29.6"," ","R","12","    27.6"," ","R","12","    24.6"," ","R","12","    14.7"," ","R","12","    12.7"," ","R","12","    29.7"," ","R","12","    27.7"," ","R","12","     5.3"," ","P","17","     1.8"," ","P","17","     0.7"," ","P","17"," -9999.0","Z"," "," 0","     0.0"," ","P","17","     0.0"," ","P","17","     0.0"," ","P","17","     0.0"," ","P","17","-9999.00","Y"," "," 0","-9999.00","Y"," "," 0","-9999.00","Y"," "," 0","    0.05"," ","R","15","    2.62"," ","R","15","     0.0"," ","P","16","     0.0"," ","P","16","     0.0"," ","P","16","     0.0"," ","P","16","     0.0"," ","P","16","     0.0"," ","P","16","     0.0"," ","P","16","     0.0"," ","P","16"," -9999.0","M"," "," 0"," -9999.0","M"," "," 0"," -9999.0","M"," "," 0","     0.0"," ","P","16","     0.1"," ","P","16"
"USC00024849","06-20"," 36.8644","-111.6022"," 978.4","LEES FERRY, AZ US","06","20","99","    84.9"," ","R","12","   100.1"," ","R","12","    69.8"," ","R","14","    30.3"," ","R","12","     5.4"," ","R","12","     6.7"," ","R","12","     5.7"," ","R","14","     6.2"," ","R","12","     0.0","X","R","12","     0.0"," ","R","12","     0.0"," ","R","12","     0.0"," ","R","12","     0.0"," ","R","12","     0.0"," ","R","12","     0.0"," ","R","12","    19.9"," ","R","12","    44.9"," ","R","12","    39.9"," ","R","12","    34.9"," ","R","12","    29.9"," ","R","12","    27.9"," ","R","12","    24.9"," ","R","12","    15.0"," ","R","12","    13.0"," ","R","12","    19.9"," ","R","12","    44.9"," ","R","12","    39.9"," ","R","12","    34.9"," ","R","12","    29.9"," ","R","12","    27.9"," ","R","12","    24.9"," ","R","12","    15.0"," ","R","12","    13.0"," ","R","12","    29.9"," ","R","12","    27.9"," ","R","12","     5.4"," ","P","17","     1.8"," ","P","17","     0.7"," ","P","17"," -9999.0","Z"," "," 0","     0.0"," ","P","17","     0.0"," ","P","17","     0.0"," ","P","17","     0.0"," ","P","17","-9999.00","Y"," "," 0","-9999.00","Y"," "," 0","-9999.00","Y"," "," 0","    0.05"," ","R","15","    2.62"," ","R","15","     0.0"," ","P","16","     0.0"," ","P","16","     0.0"," ","P","16","     0.0"," ","P","16","     0.0"," ","P","16","     0.0"," ","P","16","     0.0"," ","P","16","     0.0"," ","P","16"," -9999.0","M"," "," 0"," -9999.0","M"," "," 0"," -9999.0","M"," "," 0","     0.0"," ","P","16","     0.1"," ","P","16"
"USC00024849","06-21"," 36.8644","-111.6022"," 978.4","LEES FERRY, AZ US","06","21","99","    85.3"," ","R","12","   100.3"," ","R","12","    70.2"," ","R","14","    30.1"," ","R","12","     5.3"," ","R","12","     6.6"," ","R","12","     5.6"," ","R","14","     6.2"," ","R","12","     0.0","X","R","12","     0.0"," ","R","12","     0.0"," ","R","12","     0.0"," ","R","12","     0.0"," ","R","12","     0.0"," ","R","12","     0.0"," ","R","12","    20.3"," ","R","12","    45.2"," ","R","12","    40.2"," ","R","12","    35.2"," ","R","12","    30.2"," ","R","12","    28.2"," ","R","12","    25.2"," ","R","12","    15.3"," ","R","12","    13.3"," ","R","12","    20.3"," ","R","12","    45.2"," ","R","12","    40.2"," ","R","12","    35.2"," ","R","12","    30.2"," ","R","12","    28.2"," ","R","12","    25.2"," ","R","12","    15.3"," ","R","12","    13.3"," ","R","12","    30.1"," ","R","12","    28.1"," ","R","12","     5.5"," ","P","17","     1.8"," ","P","17","     0.8"," ","P","17"," -9999.0","Z"," "," 0","     0.0"," ","P","17","     0.0"," ","P","17","     0.0"," ","P","17","     0.0"," ","P","17","-9999.00","Y"," "," 0","-9999.00","Y"," "," 0","-9999.00","Y"," "," 0","    0.05"," ","R","15","    2.62"," ","R","15","     0.0"," ","P","16","     0.0"," ","P","16","     0.0"," ","P","16","     0.0"," ","P","16","     0.0"," ","P","16","     0.0"," ","P","16","     0.0"," ","P","16","     0.0"," ","P","16"," -9999.0","M"," "," 0"," -9999.0","M"," "," 0"," -9999.0","M"," "," 0","     0.0"," ","P","16","     0.1"," ","P","16"
"USC00024849","06-22"," 36.8644","-111.6022"," 978.4","LEES FERRY, AZ US","06","22","99","    85.5"," ","R","12","   100.6"," ","R","12","    70.5"," ","R","14","    30.0"," ","R","12","     5.2"," ","R","12","     6.6"," ","R","12","     5.6"," ","R","14","     6.2"," ","R","12","     0.0","X","R","12","     0.0"," ","R","12","     0.0"," ","R","12","     0.0"," ","R","12","     0.0"," ","R","12","     0.0"," ","R","12","     0.0"," ","R","12","    20.5"," ","R","12","    45.5"," ","R","12","    40.5"," ","R","12","    35.5"," ","R","12","    30.5"," ","R","12","    28.5"," ","R","12","    25.5"," ","R","12","    15.6"," ","R","12","    13.6"," ","R","12","    20.5"," ","R","12","    45.5"," ","R","12","    40.5"," ","R","12","    35.5"," ","R","12","    30.5"," ","R","12","    28.5"," ","R","12","    25.5"," ","R","12","    15.6"," ","R","12","    13.6"," ","R","12","    30.3"," ","R","12","    28.3"," ","R","12","     5.6"," ","P","17","     1.9"," ","P","17","     0.9"," ","P","17"," -9999.0","Z"," "," 0","     0.0"," ","P","17","     0.0"," ","P","17","     0.0"," ","P","17","     0.0"," ","P","17","-9999.00","Y"," "," 0","-9999.00","Y"," "," 0","-9999.00","Y"," "," 0","    0.06"," ","R","15","    2.63"," ","R","15","     0.0"," ","P","16","     0.0"," ","P","16","     0.0"," ","P","16","     0.0"," ","P","16","     0.0"," ","P","16","     0.0"," ","P","16","     0.0"," ","P","16","     0.0"," ","P","16"," -9999.0","M"," "," 0"," -9999.0","M"," "," 0"," -9999.0","M"," "," 0","     0.0"," ","P","16","     0.1"," ","P","16"
"USC00024849","06-23"," 36.8644","-111.6022"," 978.4","LEES FERRY, AZ US","06","23","99","    85.8"," ","R","12","   100.8"," ","R","12","    70.9"," ","R","14","    29.9"," ","R","12","     5.2"," ","R","12","     6.5"," ","R","12","     5.5"," ","R","14","     6.2"," ","R","12","     0.0","X","R","12","     0.0"," ","R","12","     0.0"," ","R","12","     0.0"," ","R","12","     0.0"," ","R","12","     0.0"," ","R","12","     0.0"," ","R","12","    20.8"," ","R","12","    45.8"," ","R","12","    40.8"," ","R","12","    35.8"," ","R","12","    30.8"," ","R","12","    28.8"," ","R","12","    25.8"," ","R","12","    15.9"," ","R","12","    13.9"," ","R","12","    20.8"," ","R","12","    45.8"," ","R","12","    40.8"," ","R","12","    35.8"," ","R","12","    30.8"," ","R","12","    28.8"," ","R","12","    25.8"," ","R","12","    15.9"," ","R","12","    13.9"," ","R","12","    30.5"," ","R","12","    28.5"," ","R","12","     5.7"," ","P","17","     1.9"," ","P","17","     1.0"," ","P","17"," -9999.0","Z"," "," 0","     0.0"," ","P","17","     0.0"," ","P","17","     0.0"," ","P","17","     0.0"," ","P","17","-9999.00","Y"," "," 0","-9999.00","Y"," "," 0","-9999.00","Y"," "," 0","    0.06"," ","R","15","    2.63"," ","R","15","     0.0"," ","P","16","     0.0"," ","P","16","     0.0"," ","P","16","     0.0"," ","P","16","     0.0"," ","P","16","     0.0"," ","P","16","     0.0"," ","P","16","     0.0"," ","P","16"," -9999.0","M"," "," 0"," -9999.0","M"," "," 0"," -9999.0","M"," "," 0","     0.0"," ","P","16","     0.1"," ","P","16"
"USC00024849","06-24"," 36.8644","-111.6022"," 978.4","LEES FERRY, AZ US","06","24","99","    86.1"," ","R","12","   101.0"," ","R","12","    71.2"," ","R","14","    29.7"," ","R","12","     5.1"," ","R","12","     6.5"," ","R","12","     5.5"," ","R","14","     6.2"," ","R","12","     0.0","X","R","12","     0.0"," ","R","12","     0.0"," ","R","12","     0.0"," ","R","12","     0.0"," ","R","12","     0.0"," ","R","12","     0.0"," ","R","12","    21.1"," ","R","12","    46.1"," ","R","12","    41.1"," ","R","12","    36.1"," ","R","12","    31.1"," ","R","12","    29.1"," ","R","12","    26.1"," ","R","12","    16.1"," ","R","12","    14.1"," ","R","12","    21.1"," ","R","12","    46.1"," ","R","12","    41.1"," ","R","12","    36.1"," ","R","12","    31.1"," ","R","12","    29.1"," ","R","12","    26.1"," ","R","12","    16.1"," ","R","12","    14.1"," ","R","12","    30.6"," ","R","12","    28.6"," ","R","12","     5.9"," ","P","17","     2.0"," ","P","17","     1.1"," ","P","17"," -9999.0","Z"," "," 0","     0.0"," ","P","17","     0.0"," ","P","17","     0.0"," ","P","17","     0.0"," ","P","17","-9999.00","Y"," "," 0","-9999.00","Y"," "," 0","-9999.00","Y"," "," 0","    0.06"," ","R","15","    2.63"," ","R","15","     0.0"," ","P","16","     0.0"," ","P","16","     0.0"," ","P","16","     0.0"," ","P","16","     0.0"," ","P","16","     0.0"," ","P","16","     0.0"," ","P","16","     0.0"," ","P","16"," -9999.0","M"," "," 0"," -9999.0","M"," "," 0"," -9999.0","M"," "," 0","     0.0"," ","P","16","     0.1"," ","P","16"
"USC00024849","06-25"," 36.8644","-111.6022"," 978.4","LEES FERRY, AZ US","06","25","99","    86.4"," ","R","12","   101.2"," ","R","12","    71.6"," ","R","14","    29.6"," ","R","12","     5.0"," ","R","12","     6.4"," ","R","12","     5.4"," ","R","14","     6.2"," ","R","12","     0.0","X","R","12","     0.0"," ","R","12","     0.0"," ","R","12","     0.0"," ","R","12","     0.0"," ","R","12","     0.0"," ","R","12","     0.0"," ","R","12","    21.4"," ","R","12","    46.4"," ","R","12","    41.4"," ","R","12","    36.4"," ","R","12","    31.4"," ","R","12","    29.4"," ","R","12","    26.4"," ","R","12","    16.4"," ","R","12","    14.4"," ","R","12","    21.4"," ","R","12","    46.4"," ","R","12","    41.4"," ","R","12","    36.4"," ","R","12","    31.4"," ","R","12","    29.4"," ","R","12","    26.4"," ","R","12","    16.4"," ","R","12","    14.4"," ","R","12","    30.8"," ","R","12","    28.8"," ","R","12","     6.0"," ","P","17","     2.1"," ","P","17","     1.2"," ","P","17"," -9999.0","Z"," "," 0","     0.0"," ","P","17","     0.0"," ","P","17","     0.0"," ","P","17","     0.0"," ","P","17","-9999.00","Y"," "," 0","-9999.00","Y"," "," 0","-9999.00","Y"," "," 0","    0.07"," ","R","15","    2.64"," ","R","15","     0.0"," ","P","16","     0.0"," ","P","16","     0.0"," ","P","16","     0.0"," ","P","16","     0.0"," ","P","16","     0.0"," ","P","16","     0.0"," ","P","16","     0.0"," ","P","16"," -9999.0","M"," "," 0"," -9999.0","M"," "," 0"," -9999.0","M"," "," 0","     0.0"," ","P","16","     0.1"," ","P","16"
"USC00024849","06-26"," 36.8644","-111.6022"," 978.4","LEES FERRY, AZ US","06","26","99","    86.6"," ","R","12","   101.3"," ","R","12","    71.9"," ","R","14","    29.4"," ","R","12","     5.0"," ","R","12","     6.4"," ","R","12","     5.4"," ","R","14","     6.2"," ","R","12","     0.0","X","R","12","     0.0"," ","R","12","     0.0"," ","R","12","     0.0"," ","R","12","     0.0"," ","R","12","     0.0"," ","R","12","     0.0"," ","R","12","    21.6"," ","R","12","    46.6"," ","R","12","    41.6"," ","R","12","    36.6"," ","R","12","    31.6"," ","R","12","    29.6"," ","R","12","    26.6"," ","R","12","    16.6"," ","R","12","    14.6"," ","R","12","    21.6"," ","R","12","    46.6"," ","R","12","    41.6"," ","R","12","    36.6"," ","R","12","    31.6"," ","R","12","    29.6"," ","R","12","    26.6"," ","R","12","    16.6"," ","R","12","    14.6"," ","R","12","    31.0"," ","R","12","    29.0"," ","R","12","     6.2"," ","P","16","     2.3"," ","P","16","     1.3"," ","P","16"," -9999.0","Z"," "," 0","     0.0"," ","P","16","     0.0"," ","P","16","     0.0"," ","P","16","     0.0"," ","P","16","-9999.00","Y"," "," 0","-9999.00","Y"," "," 0","-9999.00","Y"," "," 0","    0.07"," ","R","15","    2.64"," ","R","15","     0.0"," ","P","15","     0.0"," ","P","15","     0.0"," ","P","15","     0.0"," ","P","15","     0.0"," ","P","15","     0.0"," ","P","15","     0.0"," ","P","15","     0.0"," ","P","15"," -9999.0","M"," "," 0"," -9999.0","M"," "," 0"," -9999.0","M"," "," 0","     0.0"," ","P","16","     0.1"," ","P","16"
"USC00024849","06-27"," 36.8644","-111.6022"," 978.4","LEES FERRY, AZ US","06","27","99","    86.9"," ","R","12","   101.5"," ","R","12","    72.2"," ","R","14","    29.2"," ","R","12","     4.9"," ","R","12","     6.3"," ","R","12","     5.4"," ","R","14","     6.2"," ","R","12","     0.0","X","R","12","     0.0"," ","R","12","     0.0"," ","R","12","     0.0"," ","R","12","     0.0"," ","R","12","     0.0"," ","R","12","     0.0"," ","R","12","    21.8"," ","R","12","    46.8"," ","R","12","    41.8"," ","R","12","    36.8"," ","R","12","    31.8"," ","R","12","    29.8"," ","R","12","    26.8"," ","R","12","    16.8"," ","R","12","    14.8"," ","R","12","    21.8"," ","R","12","    46.8"," ","R","12","    41.8"," ","R","12","    36.8"," ","R","12","    31.8"," ","R","12","    29.8"," ","R","12","    26.8"," ","R","12","    16.8"," ","R","12","    14.8"," ","R","12","    31.1"," ","R","12","    29.1"," ","R","12","     6.4"," ","P","16","     2.4"," ","P","16","     1.4"," ","P","16"," -9999.0","Z"," "," 0","     0.0"," ","P","16","     0.0"," ","P","16","     0.0"," ","P","16","     0.0"," ","P","16","-9999.00","Y"," "," 0","-9999.00","Y"," "," 0","-9999.00","Y"," "," 0","    0.08"," ","R","15","    2.65"," ","R","15","     0.0"," ","P","15","     0.0"," ","P","15","     0.0"," ","P","15","     0.0"," ","P","15","     0.0"," ","P","15","     0.0"," ","P","15","     0.0"," ","P","15","     0.0"," ","P","15"," -9999.0","M"," "," 0"," -9999.0","M"," "," 0"," -9999.0","M"," "," 0","     0.0"," ","P","16","     0.1"," ","P","16"
"USC00024849","06-28"," 36.8644","-111.6022"," 978.4","LEES FERRY, AZ US","06","28","99","    87.1"," ","R","12","   101.6"," ","R","12","    72.6"," ","R","14","    29.0"," ","R","12","     4.9"," ","R","12","     6.3"," ","R","12","     5.3"," ","R","14","     6.2"," ","R","12","     0.0"," ","R","12","     0.0"," ","R","12","     0.0"," ","R","12","     0.0"," ","R","12","     0.0"," ","R","12","     0.0"," ","R","12","     0.0"," ","R","12","    22.1"," ","R","12","    47.1"," ","R","12","    42.1"," ","R","12","    37.1"," ","R","12","    32.1"," ","R","12","    30.1"," ","R","12","    27.1"," ","R","12","    17.1"," ","R","12","    15.1"," ","R","12","    22.1"," ","R","12","    47.1"," ","R","12","    42.1"," ","R","12","    37.1"," ","R","12","    32.1"," ","R","12","    30.1"," ","R","12","    27.1"," ","R","12","    17.1"," ","R","12","    15.1"," ","R","12","    31.3"," ","R","12","    29.3"," ","R","12","     6.6"," ","P","16","     2.5"," ","P","16","     1.6"," ","P","16"," -9999.0","Z"," "," 0","     0.0"," ","P","16","     0.0"," ","P","16","     0.0"," ","P","16","     0.0"," ","P","16","-9999.00","Y"," "," 0","-9999.00","Y"," "," 0","-9999.00","Y"," "," 0","    0.08"," ","R","15","    2.65"," ","R","15","     0.0"," ","P","15","     0.0"," ","P","15","     0.0"," ","P","15","     0.0"," ","P","15","     0.0"," ","P","15","     0.0"," ","P","15","     0.0"," ","P","15","     0.0"," ","P","15"," -9999.0","M"," "," 0"," -9999.0","M"," "," 0"," -9999.0","M"," "," 0","     0.0"," ","P","16","     0.1"," ","P","16"
"USC00024849","06-29"," 36.8644","-111.6022"," 978.4","LEES FERRY, AZ US","06","29","99","    87.3"," ","R","12","   101.7"," ","R","12","    72.9"," ","R","14","    28.8"," ","R","12","     4.9"," ","R","12","     6.2"," ","R","12","     5.3"," ","R","14","     6.2"," ","R","12","     0.0"," ","R","12","     0.0"," ","R","12","     0.0"," ","R","12","     0.0"," ","R","12","     0.0"," ","R","12","     0.0"," ","R","12","     0.0"," ","R","12","    22.3"," ","R","12","    47.3"," ","R","12","    42.3"," ","R","12","    37.3"," ","R","12","    32.3"," ","R","12","    30.3"," ","R","12","    27.3"," ","R","12","    17.3"," ","R","12","    15.3"," ","R","12","    22.3"," ","R","12","    47.3"," ","R","12","    42.3"," ","R","12","    37.3"," ","R","12","    32.3"," ","R","12","    30.3"," ","R","12","    27.3"," ","R","12","    17.3"," ","R","12","    15.3"," ","R","12","    31.5"," ","R","12","    29.5"," ","R","12","     6.8"," ","P","16","     2.7"," ","P","16","     1.7"," ","P","16"," -9999.0","Z"," "," 0","     0.0"," ","P","16","     0.0"," ","P","16","     0.0"," ","P","16","     0.0"," ","P","16","-9999.00","Y"," "," 0","-9999.00","Y"," "," 0","-9999.00","Y"," "," 0","    0.08"," ","R","15","    2.65"," ","R","15","     0.0"," ","P","15","     0.0"," ","P","15","     0.0"," ","P","15","     0.0"," ","P","15","     0.0"," ","P","15","     0.0"," ","P","15","     0.0"," ","P","15","     0.0"," ","P","15"," -9999.0","M"," "," 0"," -9999.0","M"," "," 0"," -9999.0","M"," "," 0","     0.0"," ","P","16","     0.1"," ","P","16"
"USC00024849","06-30"," 36.8644","-111.6022"," 978.4","LEES FERRY, AZ US","06","30","99","    87.5"," ","R","12","   101.8"," ","R","12","    73.2"," ","R","14","    28.6"," ","R","12","     4.8"," ","R","12","     6.2"," ","R","12","     5.3"," ","R","14","     6.2"," ","R","12","     0.0"," ","R","12","     0.0"," ","R","12","     0.0"," ","R","12","     0.0"," ","R","12","     0.0"," ","R","12","     0.0"," ","R","12","     0.0"," ","R","12","    22.5"," ","R","12","    47.5"," ","R","12","    42.5"," ","R","12","    37.5"," ","R","12","    32.5"," ","R","12","    30.5"," ","R","12","    27.5"," ","R","12","    17.5"," ","R","12","    15.5"," ","R","12","    22.5"," ","R","12","    47.5"," ","R","12","    42.5"," ","R","12","    37.5"," ","R","12","    32.5"," ","R","12","    30.5"," ","R","12","    27.5"," ","R","12","    17.5"," ","R","12","    15.5"," ","R","12","    31.6"," ","R","12","    29.6"," ","R","12","     7.1"," ","P","16","     2.8"," ","P","16","     1.8"," ","P","16"," -9999.0","Z"," "," 0","     0.0"," ","P","16","     0.0"," ","P","16","     0.0"," ","P","16","     0.0"," ","P","16","-9999.00","Y"," "," 0","-9999.00","Y"," "," 0","-9999.00","Y"," "," 0","    0.09"," ","R","15","    2.66"," ","R","15","     0.0"," ","P","15","     0.0"," ","P","15","     0.0"," ","P","15","     0.0"," ","P","15","     0.0"," ","P","15","     0.0"," ","P","15","     0.0"," ","P","15","     0.0"," ","P","15"," -9999.0","M"," "," 0"," -9999.0","M"," "," 0"," -9999.0","M"," "," 0","     0.0"," ","P","16","     0.1"," ","P","16"
"USC00024849","07-01"," 36.8644","-111.6022"," 978.4","LEES FERRY, AZ US","07","01","99","    87.7"," ","R","14","   101.9"," ","R","14","    73.4"," ","R","15","    28.4"," ","R","14","     4.8"," ","R","14","     6.2"," ","R","14","     5.2"," ","R","15","     6.2"," ","R","14","     0.0"," ","R","14","     0.0"," ","R","14","     0.0"," ","R","14","     0.0"," ","R","14","     0.0"," ","R","14","     0.0"," ","R","14","     0.0"," ","R","14","    22.6"," ","R","14","    47.6"," ","R","14","    42.6"," ","R","14","    37.6"," ","R","14","    32.7"," ","R","14","    30.6"," ","R","14","    27.6"," ","R","14","    17.6"," ","R","14","    15.6"," ","R","14","    22.6"," ","R","14","    47.6"," ","R","14","    42.6"," ","R","14","    37.6"," ","R","14","    32.7"," ","R","14","    30.6"," ","R","14","    27.6"," ","R","14","    17.6"," ","R","14","    15.6"," ","R","14","    31.8"," ","R","14","    29.8"," ","R","14","     7.4"," ","P","16","     3.0"," ","P","16","     1.9"," ","P","16","     0.7"," ","P","16","     0.2"," ","P","16","     0.0"," ","P","16","     0.0"," ","P","16","     0.0"," ","P","16","-9999.00","Y"," "," 0","-9999.00","Y"," "," 0","-9999.00","Y"," "," 0","    0.01"," ","R","15","    2.67"," ","R","15","     0.0"," ","P","15","     0.0"," ","P","15","     0.0"," ","P","15","     0.0"," ","P","15","     0.0"," ","P","15","     0.0"," ","P","15","     0.0"," ","P","15","     0.0"," ","P","15"," -9999.0","M"," "," 0"," -9999.0","M"," "," 0"," -9999.0","M"," "," 0","     0.0"," ","P","16","     0.1"," ","P","16"
"USC00024849","07-02"," 36.8644","-111.6022"," 978.4","LEES FERRY, AZ US","07","02","99","    87.8"," ","R","14","   101.9"," ","R","14","    73.7"," ","R","15","    28.2"," ","R","14","     4.8"," ","R","14","     6.2"," ","R","14","     5.2"," ","R","15","     6.2"," ","R","14","     0.0"," ","R","14","     0.0"," ","R","14","     0.0"," ","R","14","     0.0"," ","R","14","     0.0"," ","R","14","     0.0"," ","R","14","     0.0"," ","R","14","    22.8"," ","R","14","    47.8"," ","R","14","    42.8"," ","R","14","    37.8"," ","R","14","    32.8"," ","R","14","    30.8"," ","R","14","    27.8"," ","R","14","    17.8"," ","R","14","    15.8"," ","R","14","    22.8"," ","R","14","    47.8"," ","R","14","    42.8"," ","R","14","    37.8"," ","R","14","    32.8"," ","R","14","    30.8"," ","R","14","    27.8"," ","R","14","    17.8"," ","R","14","    15.8"," ","R","14","    31.9"," ","R","14","    29.9"," ","R","14","     7.7"," ","P","16","     3.2"," ","P","16","     2.0"," ","P","16","     0.8"," ","P","16","     0.2"," ","P","16","     0.0"," ","P","16","     0.0"," ","P","16","     0.0"," ","P","16","-9999.00","Y"," "," 0","-9999.00","Y"," "," 0","-9999.00","Y"," "," 0","    0.03"," ","R","15","    2.69"," ","R","15","     0.0"," ","P","15","     0.0"," ","P","15","     0.0"," ","P","15","     0.0"," ","P","15","     0.0"," ","P","15","     0.0"," ","P","15","     0.0"," ","P","15","     0.0"," ","P","15"," -9999.0","M"," "," 0"," -9999.0","M"," "," 0"," -9999.0","M"," "," 0","     0.0"," ","P","16","     0.1"," ","P","16"
"USC00024849","07-03"," 36.8644","-111.6022"," 978.4","LEES FERRY, AZ US","07","03","99","    88.0"," ","R","14","   102.0"," ","R","14","    74.0"," ","R","15","    28.0"," ","R","14","     4.8"," ","R","14","     6.1"," ","R","14","     5.2"," ","R","15","     6.2"," ","R","14","     0.0"," ","R","14","     0.0"," ","R","14","     0.0"," ","R","14","     0.0"," ","R","14","     0.0"," ","R","14","     0.0"," ","R","14","     0.0"," ","R","14","    23.0"," ","R","14","    48.0"," ","R","14","    43.0"," ","R","14","    38.0"," ","R","14","    33.0"," ","R","14","    31.0"," ","R","14","    28.0"," ","R","14","    18.0"," ","R","14","    16.0"," ","R","14","    23.0"," ","R","14","    48.0"," ","R","14","    43.0"," ","R","14","    38.0"," ","R","14","    33.0"," ","R","14","    31.0"," ","R","14","    28.0"," ","R","14","    18.0"," ","R","14","    16.0"," ","R","14","    32.0"," ","R","14","    30.0"," ","R","14","     8.0"," ","P","16","     3.3"," ","P","16","     2.1"," ","P","16","     0.9"," ","P","16","     0.2"," ","P","16","     0.0"," ","P","16","     0.0"," ","P","16","     0.0"," ","P","16","-9999.00","Y"," "," 0","-9999.00","Y"," "," 0","-9999.00","Y"," "," 0","    0.04"," ","R","15","    2.70"," ","R","15","     0.0"," ","P","15","     0.0"," ","P","15","     0.0"," ","P","15","     0.0"," ","P","15","     0.0"," ","P","15","     0.0"," ","P","15","     0.0"," ","P","15","     0.0"," ","P","15"," -9999.0","M"," "," 0"," -9999.0","M"," "," 0"," -9999.0","M"," "," 0","     0.0"," ","P","16","     0.1"," ","P","16"
"USC00024849","07-04"," 36.8644","-111.6022"," 978.4","LEES FERRY, AZ US","07","04","99","    88.1"," ","R","14","   102.0"," ","R","14","    74.2"," ","R","15","    27.8"," ","R","14","     4.7"," ","R","14","     6.1"," ","R","14","     5.2"," ","R","15","     6.2"," ","R","14","     0.0"," ","R","14","     0.0"," ","R","14","     0.0"," ","R","14","     0.0"," ","R","14","     0.0"," ","R","14","     0.0"," ","R","14","     0.0"," ","R","14","    23.1"," ","R","14","    48.1"," ","R","14","    43.1"," ","R","14","    38.1"," ","R","14","    33.1"," ","R","14","    31.1"," ","R","14","    28.1"," ","R","14","    18.1"," ","R","14","    16.1"," ","R","14","    23.1"," ","R","14","    48.1"," ","R","14","    43.1"," ","R","14","    38.1"," ","R","14","    33.1"," ","R","14","    31.1"," ","R","14","    28.1"," ","R","14","    18.1"," ","R","14","    16.1"," ","R","14","    32.1"," ","R","14","    30.1"," ","R","14","     8.3"," ","P","16","     3.5"," ","P","16","     2.3"," ","P","16","     0.9"," ","P","16","     0.2"," ","P","16","     0.0"," ","P","16","     0.0"," ","P","16","     0.0"," ","P","16","-9999.00","Y"," "," 0","-9999.00","Y"," "," 0","-9999.00","Y"," "," 0","    0.06"," ","R","15","    2.72"," ","R","15","     0.0"," ","P","15","     0.0"," ","P","15","     0.0"," ","P","15","     0.0"," ","P","15","     0.0"," ","P","15","     0.0"," ","P","15","     0.0"," ","P","15","     0.0"," ","P","15"," -9999.0","M"," "," 0"," -9999.0","M"," "," 0"," -9999.0","M"," "," 0","     0.0"," ","P","16","     0.1"," ","P","16"
"USC00024849","07-05"," 36.8644","-111.6022"," 978.4","LEES FERRY, AZ US","07","05","99","    88.2"," ","R","14","   102.0"," ","R","14","    74.4"," ","R","15","    27.6"," ","R","14","     4.7"," ","R","14","     6.1"," ","R","14","     5.2"," ","R","15","     6.2"," ","R","14","     0.0"," ","R","14","     0.0"," ","R","14","     0.0"," ","R","14","     0.0"," ","R","14","     0.0"," ","R","14","     0.0"," ","R","14","     0.0"," ","R","14","    23.2"," ","R","14","    48.2"," ","R","14","    43.2"," ","R","14","    38.2"," ","R","14","    33.2"," ","R","14","    31.2"," ","R","14","    28.2"," ","R","14","    18.2"," ","R","14","    16.2"," ","R","14","    23.2"," ","R","14","    48.2"," ","R","14","    43.2"," ","R","14","    38.2"," ","R","14","    33.2"," ","R","14","    31.2"," ","R","14","    28.2"," ","R","14","    18.2"," ","R","14","    16.2"," ","R","14","    32.3"," ","R","14","    30.3"," ","R","14","     8.7"," ","P","16","     3.7"," ","P","16","     2.4"," ","P","16","     1.0"," ","P","16","     0.3"," ","P","16","     0.0"," ","P","16","     0.0"," ","P","16","     0.0"," ","P","16","-9999.00","Y"," "," 0","-9999.00","Y"," "," 0","-9999.00","Y"," "," 0","    0.07"," ","R","15","    2.73"," ","R","15","     0.0"," ","P","15","     0.0"," ","P","15","     0.0"," ","P","15","     0.0"," ","P","15","     0.0"," ","P","15","     0.0"," ","P","15","     0.0"," ","P","15","     0.0"," ","P","15"," -9999.0","M"," "," 0"," -9999.0","M"," "," 0"," -9999.0","M"," "," 0","     0.0"," ","P","16","     0.1"," ","P","16"
"USC00024849","07-06"," 36.8644","-111.6022"," 978.4","LEES FERRY, AZ US","07","06","99","    88.4"," ","R","14","   102.1"," ","R","14","    74.7"," ","R","15","    27.4"," ","R","14","     4.7"," ","R","14","     6.1"," ","R","14","     5.2"," ","R","15","     6.2"," ","R","14","     0.0"," ","R","14","     0.0"," ","R","14","     0.0"," ","R","14","     0.0"," ","R","14","     0.0"," ","R","14","     0.0"," ","R","14","     0.0"," ","R","14","    23.3"," ","R","14","    48.3"," ","R","14","    43.4"," ","R","14","    38.4"," ","R","14","    33.4"," ","R","14","    31.4"," ","R","14","    28.4"," ","R","14","    18.4"," ","R","14","    16.3"," ","R","14","    23.3"," ","R","14","    48.3"," ","R","14","    43.4"," ","R","14","    38.4"," ","R","14","    33.4"," ","R","14","    31.4"," ","R","14","    28.4"," ","R","14","    18.4"," ","R","14","    16.3"," ","R","14","    32.4"," ","R","14","    30.4"," ","R","14","     9.0"," ","P","17","     3.9"," ","P","17","     2.5"," ","P","17","     1.1"," ","P","17","     0.3"," ","P","17","     0.0"," ","P","17","     0.0"," ","P","17","     0.0"," ","P","17","-9999.00","Y"," "," 0","-9999.00","Y"," "," 0","-9999.00","Y"," "," 0","    0.09"," ","R","15","    2.75"," ","R","15","     0.0"," ","P","16","     0.0"," ","P","16","     0.0"," ","P","16","     0.0"," ","P","16","     0.0"," ","P","16","     0.0"," ","P","16","     0.0"," ","P","16","     0.0"," ","P","16"," -9999.0","M"," "," 0"," -9999.0","M"," "," 0"," -9999.0","M"," "," 0","     0.0"," ","P","16","     0.1"," ","P","16"
"USC00024849","07-07"," 36.8644","-111.6022"," 978.4","LEES FERRY, AZ US","07","07","99","    88.5"," ","R","14","   102.1"," ","R","14","    74.9"," ","R","15","    27.2"," ","R","14","     4.7"," ","R","14","     6.0"," ","R","14","     5.2"," ","R","15","     6.1"," ","R","14","     0.0"," ","R","14","     0.0"," ","R","14","     0.0"," ","R","14","     0.0"," ","R","14","     0.0"," ","R","14","     0.0"," ","R","14","     0.0"," ","R","14","    23.5"," ","R","14","    48.5"," ","R","14","    43.5"," ","R","14","    38.5"," ","R","14","    33.5"," ","R","14","    31.5"," ","R","14","    28.5"," ","R","14","    18.5"," ","R","14","    16.5"," ","R","14","    23.5"," ","R","14","    48.5"," ","R","14","    43.5"," ","R","14","    38.5"," ","R","14","    33.5"," ","R","14","    31.5"," ","R","14","    28.5"," ","R","14","    18.5"," ","R","14","    16.5"," ","R","14","    32.5"," ","R","14","    30.5"," ","R","14","     9.3"," ","P","17","     4.1"," ","P","17","     2.6"," ","P","17","     1.1"," ","P","17","     0.3"," ","P","17","     0.0"," ","P","17","     0.0"," ","P","17","     0.0"," ","P","17","-9999.00","Y"," "," 0","-9999.00","Y"," "," 0","-9999.00","Y"," "," 0","    0.11"," ","R","15","    2.77"," ","R","15","     0.0"," ","P","16","     0.0"," ","P","16","     0.0"," ","P","16","     0.0"," ","P","16","     0.0"," ","P","16","     0.0"," ","P","16","     0.0"," ","P","16","     0.0"," ","P","16"," -9999.0","M"," "," 0"," -9999.0","M"," "," 0"," -9999.0","M"," "," 0","     0.0"," ","P","16","     0.1"," ","P","16"
"USC00024849","07-08"," 36.8644","-111.6022"," 978.4","LEES FERRY, AZ US","07","08","99","    88.5"," ","R","14","   102.0"," ","R","14","    75.1"," ","R","15","    27.0"," ","R","14","     4.7"," ","R","14","     6.0"," ","R","14","     5.2"," ","R","15","     6.1"," ","R","14","     0.0"," ","R","14","     0.0"," ","R","14","     0.0"," ","R","14","     0.0"," ","R","14","     0.0"," ","R","14","     0.0"," ","R","14","     0.0"," ","R","14","    23.5"," ","R","14","    48.5"," ","R","14","    43.5"," ","R","14","    38.5"," ","R","14","    33.5"," ","R","14","    31.5"," ","R","14","    28.5"," ","R","14","    18.5"," ","R","14","    16.5"," ","R","14","    23.5"," ","R","14","    48.5"," ","R","14","    43.5"," ","R","14","    38.5"," ","R","14","    33.5"," ","R","14","    31.5"," ","R","14","    28.5"," ","R","14","    18.5"," ","R","14","    16.5"," ","R","14","    32.5"," ","R","14","    30.5"," ","R","14","     9.7"," ","P","17","     4.3"," ","P","17","     2.7"," ","P","17","     1.2"," ","P","17","     0.3"," ","P","17","     0.0"," ","P","17","     0.0"," ","P","17","     0.0"," ","P","17","-9999.00","Y"," "," 0","-9999.00","Y"," "," 0","-9999.00","Y"," "," 0","    0.13"," ","R","15","    2.79"," ","R","15","     0.0"," ","P","16","     0.0"," ","P","16","     0.0"," ","P","16","     0.0"," ","P","16","     0.0"," ","P","16","     0.0"," ","P","16","     0.0"," ","P","16","     0.0"," ","P","16"," -9999.0","M"," "," 0"," -9999.0","M"," "," 0"," -9999.0","M"," "," 0","     0.0"," ","P","16","     0.1"," ","P","16"
"USC00024849","07-09"," 36.8644","-111.6022"," 978.4","LEES FERRY, AZ US","07","09","99","    88.6"," ","R","14","   102.0"," ","R","14","    75.2"," ","R","15","    26.8"," ","R","14","     4.7"," ","R","14","     6.0"," ","R","14","     5.2"," ","R","15","     6.1"," ","R","14","     0.0"," ","R","14","     0.0"," ","R","14","     0.0"," ","R","14","     0.0"," ","R","14","     0.0"," ","R","14","     0.0"," ","R","14","     0.0"," ","R","14","    23.6"," ","R","14","    48.6"," ","R","14","    43.6"," ","R","14","    38.6"," ","R","14","    33.6"," ","R","14","    31.6"," ","R","14","    28.6"," ","R","14","    18.6"," ","R","14","    16.6"," ","R","14","    23.6"," ","R","14","    48.6"," ","R","14","    43.6"," ","R","14","    38.6"," ","R","14","    33.6"," ","R","14","    31.6"," ","R","14","    28.6"," ","R","14","    18.6"," ","R","14","    16.6"," ","R","14","    32.6"," ","R","14","    30.6"," ","R","14","    10.0"," ","P","17","     4.5"," ","P","17","     2.8"," ","P","17","     1.3"," ","P","17","     0.3"," ","P","17","     0.0"," ","P","17","     0.0"," ","P","17","     0.0"," ","P","17","-9999.00","Y"," "," 0","-9999.00","Y"," "," 0","-9999.00","Y"," "," 0","    0.16"," ","R","15","    2.82"," ","R","15","     0.0"," ","P","16","     0.0"," ","P","16","     0.0"," ","P","16","     0.0"," ","P","16","     0.0"," ","P","16","     0.0"," ","P","16","     0.0"," ","P","16","     0.0"," ","P","16"," -9999.0","M"," "," 0"," -9999.0","M"," "," 0"," -9999.0","M"," "," 0","     0.0"," ","P","16","     0.1"," ","P","16"
"USC00024849","07-10"," 36.8644","-111.6022"," 978.4","LEES FERRY, AZ US","07","10","99","    88.7"," ","R","14","   102.0"," ","R","14","    75.4"," ","R","15","    26.6"," ","R","14","     4.7"," ","R","14","     5.9"," ","R","14","     5.2"," ","R","15","     6.1"," ","R","14","     0.0"," ","R","14","     0.0"," ","R","14","     0.0"," ","R","14","     0.0"," ","R","14","     0.0"," ","R","14","     0.0"," ","R","14","     0.0"," ","R","14","    23.7"," ","R","14","    48.7"," ","R","14","    43.7"," ","R","14","    38.7"," ","R","14","    33.7"," ","R","14","    31.7"," ","R","14","    28.7"," ","R","14","    18.7"," ","R","14","    16.7"," ","R","14","    23.7"," ","R","14","    48.7"," ","R","14","    43.7"," ","R","14","    38.7"," ","R","14","    33.7"," ","R","14","    31.7"," ","R","14","    28.7"," ","R","14","    18.7"," ","R","14","    16.7"," ","R","14","    32.7"," ","R","14","    30.7"," ","R","14","    10.2"," ","P","17","     4.7"," ","P","17","     2.9"," ","P","17","     1.3"," ","P","17","     0.3"," ","P","17","     0.0"," ","P","17","     0.0"," ","P","17","     0.0"," ","P","17","-9999.00","Y"," "," 0","-9999.00","Y"," "," 0","-9999.00","Y"," "," 0","    0.18"," ","R","15","    2.84"," ","R","15","     0.0"," ","P","16","     0.0"," ","P","16","     0.0"," ","P","16","     0.0"," ","P","16","     0.0"," ","P","16","     0.0"," ","P","16","     0.0"," ","P","16","     0.0"," ","P","16"," -9999.0","M"," "," 0"," -9999.0","M"," "," 0"," -9999.0","M"," "," 0","     0.0"," ","P","16","     0.1"," ","P","16"
"USC00024849","07-11"," 36.8644","-111.6022"," 978.4","LEES FERRY, AZ US","07","11","99","    88.7"," ","R","14","   102.0"," ","R","14","    75.5"," ","R","15","    26.4"," ","R","14","     4.7"," ","R","14","     5.9"," ","R","14","     5.2"," ","R","15","     6.1"," ","R","14","     0.0"," ","R","14","     0.0"," ","R","14","     0.0"," ","R","14","     0.0"," ","R","14","     0.0"," ","R","14","     0.0"," ","R","14","     0.0"," ","R","14","    23.7"," ","R","14","    48.7"," ","R","14","    43.7"," ","R","14","    38.7"," ","R","14","    33.7"," ","R","14","    31.7"," ","R","14","    28.7"," ","R","14","    18.7"," ","R","14","    16.7"," ","R","14","    23.7"," ","R","14","    48.7"," ","R","14","    43.7"," ","R","14","    38.7"," ","R","14","    33.7"," ","R","14","    31.7"," ","R","14","    28.7"," ","R","14","    18.7"," ","R","14","    16.7"," ","R","14","    32.8"," ","R","14","    30.8"," ","R","14","    10.5"," ","P","17","     4.9"," ","P","17","     3.0"," ","P","17","     1.4"," ","P","17","     0.4"," ","P","17","     0.0"," ","P","17","     0.0"," ","P","17","     0.0"," ","P","17","    0.03"," ","P","17","    0.10"," ","P","17","    0.32"," ","P","17","    0.21"," ","R","15","    2.87"," ","R","15","     0.0"," ","P","16","     0.0"," ","P","16","     0.0"," ","P","16","     0.0"," ","P","16","     0.0"," ","P","16","     0.0"," ","P","16","     0.0"," ","P","16","     0.0"," ","P","16"," -9999.0","M"," "," 0"," -9999.0","M"," "," 0"," -9999.0","M"," "," 0","     0.0"," ","P","16","     0.1"," ","P","16"
"USC00024849","07-12"," 36.8644","-111.6022"," 978.4","LEES FERRY, AZ US","07","12","99","    88.8"," ","R","14","   101.9"," ","R","14","    75.7"," ","R","15","    26.3"," ","R","14","     4.7"," ","R","14","     5.9"," ","R","14","     5.2"," ","R","15","     6.1"," ","R","14","     0.0"," ","R","14","     0.0"," ","R","14","     0.0"," ","R","14","     0.0"," ","R","14","     0.0"," ","R","14","     0.0"," ","R","14","     0.0"," ","R","14","    23.8"," ","R","14","    48.8"," ","R","14","    43.8"," ","R","14","    38.8"," ","R","14","    33.8"," ","R","14","    31.8"," ","R","14","    28.8"," ","R","14","    18.8"," ","R","14","    16.8"," ","R","14","    23.8"," ","R","14","    48.8"," ","R","14","    43.8"," ","R","14","    38.8"," ","R","14","    33.8"," ","R","14","    31.8"," ","R","14","    28.8"," ","R","14","    18.8"," ","R","14","    16.8"," ","R","14","    32.9"," ","R","14","    30.9"," ","R","14","    10.8"," ","P","17","     5.1"," ","P","17","     3.1"," ","P","17","     1.5"," ","P","17","     0.4"," ","P","17","     0.0"," ","P","17","     0.0"," ","P","17","     0.0"," ","P","17","    0.04"," ","P","17","    0.10"," ","P","17","    0.32"," ","P","17","    0.23"," ","R","15","    2.89"," ","R","15","     0.0"," ","P","16","     0.0"," ","P","16","     0.0"," ","P","16","     0.0"," ","P","16","     0.0"," ","P","16","     0.0"," ","P","16","     0.0"," ","P","16","     0.0"," ","P","16"," -9999.0","M"," "," 0"," -9999.0","M"," "," 0"," -9999.0","M"," "," 0","     0.0"," ","P","16","     0.1"," ","P","16"
"USC00024849","07-13"," 36.8644","-111.6022"," 978.4","LEES FERRY, AZ US","07","13","99","    88.8"," ","R","14","   101.9"," ","R","14","    75.8"," ","R","15","    26.1"," ","R","14","     4.7"," ","R","14","     5.9"," ","R","14","     5.2"," ","R","15","     6.1"," ","R","14","     0.0"," ","R","14","     0.0"," ","R","14","     0.0"," ","R","14","     0.0"," ","R","14","     0.0"," ","R","14","     0.0"," ","R","14","     0.0"," ","R","14","    23.8"," ","R","14","    48.8"," ","R","14","    43.8"," ","R","14","    38.8"," ","R","14","    33.8"," ","R","14","    31.8"," ","R","14","    28.8"," ","R","14","    18.8"," ","R","14","    16.8"," ","R","14","    23.8"," ","R","14","    48.8"," ","R","14","    43.8"," ","R","14","    38.8"," ","R","14","    33.8"," ","R","14","    31.8"," ","R","14","    28.8"," ","R","14","    18.8"," ","R","14","    16.8"," ","R","14","    32.9"," ","R","14","    30.9"," ","R","14","    11.1"," ","P","17","     5.3"," ","P","17","     3.1"," ","P","17","     1.6"," ","P","17","     0.4"," ","P","17","     0.0"," ","P","17","     0.0"," ","P","17","     0.0"," ","P","17","    0.04"," ","P","17","    0.10"," ","P","17","    0.32"," ","P","17","    0.26"," ","R","15","    2.92"," ","R","15","     0.0"," ","P","16","     0.0"," ","P","16","     0.0"," ","P","16","     0.0"," ","P","16","     0.0"," ","P","16","     0.0"," ","P","16","     0.0"," ","P","16","     0.0"," ","P","16"," -9999.0","M"," "," 0"," -9999.0","M"," "," 0"," -9999.0","M"," "," 0","     0.0"," ","P","16","     0.1"," ","P","16"
"USC00024849","07-14"," 36.8644","-111.6022"," 978.4","LEES FERRY, AZ US","07","14","99","    88.9"," ","R","14","   101.8"," ","R","14","    75.9"," ","R","15","    26.0"," ","R","14","     4.7"," ","R","14","     5.9"," ","R","14","     5.2"," ","R","15","     6.1"," ","R","14","     0.0"," ","R","14","     0.0"," ","R","14","     0.0"," ","R","14","     0.0"," ","R","14","     0.0"," ","R","14","     0.0"," ","R","14","     0.0"," ","R","14","    23.8"," ","R","14","    48.8"," ","R","14","    43.8"," ","R","14","    38.8"," ","R","14","    33.8"," ","R","14","    31.8"," ","R","14","    28.8"," ","R","14","    18.8"," ","R","14","    16.8"," ","R","14","    23.8"," ","R","14","    48.8"," ","R","14","    43.8"," ","R","14","    38.8"," ","R","14","    33.8"," ","R","14","    31.8"," ","R","14","    28.8"," ","R","14","    18.8"," ","R","14","    16.8"," ","R","14","    33.0"," ","R","14","    31.0"," ","R","14","    11.4"," ","P","17","     5.5"," ","P","17","     3.2"," ","P","17","     1.6"," ","P","17","     0.5"," ","P","17","     0.0"," ","P","17","     0.0"," ","P","17","     0.0"," ","P","17","    0.04"," ","P","17","    0.10"," ","P","17","    0.32"," ","P","17","    0.29"," ","R","15","    2.95"," ","R","15","     0.0"," ","P","16","     0.0"," ","P","16","     0.0"," ","P","16","     0.0"," ","P","16","     0.0"," ","P","16","     0.0"," ","P","16","     0.0"," ","P","16","     0.0"," ","P","16"," -9999.0","M"," "," 0"," -9999.0","M"," "," 0"," -9999.0","M"," "," 0","     0.0"," ","P","16","     0.1"," ","P","16"
"USC00024849","07-15"," 36.8644","-111.6022"," 978.4","LEES FERRY, AZ US","07","15","99","    88.9"," ","R","14","   101.8"," ","R","14","    76.0"," ","R","15","    25.8"," ","R","14","     4.7"," ","R","14","     5.9"," ","R","14","     5.2"," ","R","15","     6.0"," ","R","14","     0.0"," ","R","14","     0.0"," ","R","14","     0.0"," ","R","14","     0.0"," ","R","14","     0.0"," ","R","14","     0.0"," ","R","14","     0.0"," ","R","14","    23.9"," ","R","14","    48.9"," ","R","14","    43.9"," ","R","14","    38.9"," ","R","14","    33.9"," ","R","14","    31.9"," ","R","14","    28.9"," ","R","14","    18.9"," ","R","14","    16.9"," ","R","14","    23.9"," ","R","14","    48.9"," ","R","14","    43.9"," ","R","14","    38.9"," ","R","14","    33.9"," ","R","14","    31.9"," ","R","14","    28.9"," ","R","14","    18.9"," ","R","14","    16.9"," ","R","14","    33.0"," ","R","14","    31.0"," ","R","14","    11.6"," ","P","17","     5.7"," ","P","17","     3.3"," ","P","17","     1.7"," ","P","17","     0.5"," ","P","17","     0.0"," ","P","17","     0.0"," ","P","17","     0.0"," ","P","17","    0.04"," ","P","17","    0.10"," ","P","17","    0.32"," ","P","17","    0.32"," ","R","15","    2.98"," ","R","15","     0.0"," ","P","16","     0.0"," ","P","16","     0.0"," ","P","16","     0.0"," ","P","16","     0.0"," ","P","16","     0.0"," ","P","16","     0.0"," ","P","16","     0.0"," ","P","16"," -9999.0","M"," "," 0"," -9999.0","M"," "," 0"," -9999.0","M"," "," 0","     0.0"," ","P","16","     0.1"," ","P","16"
"USC00024849","07-16"," 36.8644","-111.6022"," 978.4","LEES FERRY, AZ US","07","16","99","    88.9"," ","R","14","   101.7"," ","R","14","    76.0"," ","R","15","    25.7"," ","R","14","     4.7"," ","R","14","     5.9"," ","R","14","     5.2"," ","R","15","     6.0"," ","R","14","     0.0"," ","R","14","     0.0"," ","R","14","     0.0"," ","R","14","     0.0"," ","R","14","     0.0"," ","R","14","     0.0"," ","R","14","     0.0"," ","R","14","    23.9"," ","R","14","    48.9"," ","R","14","    43.9"," ","R","14","    38.9"," ","R","14","    33.9"," ","R","14","    31.9"," ","R","14","    28.9"," ","R","14","    18.9"," ","R","14","    16.9"," ","R","14","    23.9"," ","R","14","    48.9"," ","R","14","    43.9"," ","R","14","    38.9"," ","R","14","    33.9"," ","R","14","    31.9"," ","R","14","    28.9"," ","R","14","    18.9"," ","R","14","    16.9"," ","R","14","    33.0"," ","R","14","    31.0"," ","R","14","    11.9"," ","P","17","     5.9"," ","P","17","     3.4"," ","P","17","     1.7"," ","P","17","     0.5"," ","P","17","     0.0"," ","P","17","     0.0"," ","P","17","     0.0"," ","P","17","    0.04"," ","P","17","    0.10"," ","P","17","    0.32"," ","P","17","    0.35"," ","R","15","    3.01"," ","R","15","     0.0"," ","P","16","     0.0"," ","P","16","     0.0"," ","P","16","     0.0"," ","P","16","     0.0"," ","P","16","     0.0"," ","P","16","     0.0"," ","P","16","     0.0"," ","P","16"," -9999.0","M"," "," 0"," -9999.0","M"," "," 0"," -9999.0","M"," "," 0","     0.0"," ","P","16","     0.1"," ","P","16"
"USC00024849","07-17"," 36.8644","-111.6022"," 978.4","LEES FERRY, AZ US","07","17","99","    88.9"," ","R","14","   101.7"," ","R","14","    76.1"," ","R","15","    25.6"," ","R","14","     4.7"," ","R","14","     5.9"," ","R","14","     5.2"," ","R","15","     6.0"," ","R","14","     0.0"," ","R","14","     0.0"," ","R","14","     0.0"," ","R","14","     0.0"," ","R","14","     0.0"," ","R","14","     0.0"," ","R","14","     0.0"," ","R","14","    23.9"," ","R","14","    48.9"," ","R","14","    43.9"," ","R","14","    38.9"," ","R","14","    33.9"," ","R","14","    31.9"," ","R","14","    28.9"," ","R","14","    18.9"," ","R","14","    16.9"," ","R","14","    23.9"," ","R","14","    48.9"," ","R","14","    43.9"," ","R","14","    38.9"," ","R","14","    33.9"," ","R","14","    31.9"," ","R","14","    28.9"," ","R","14","    18.9"," ","R","14","    16.9"," ","R","14","    33.1"," ","R","14","    31.1"," ","R","14","    12.2"," ","P","17","     6.1"," ","P","17","     3.5"," ","P","17","     1.8"," ","P","17","     0.5"," ","P","17","     0.0"," ","P","17","     0.0"," ","P","17","     0.0"," ","P","17","    0.04"," ","P","17","    0.10"," ","P","17","    0.31"," ","P","17","    0.38"," ","R","15","    3.04"," ","R","15","     0.0"," ","P","16","     0.0"," ","P","16","     0.0"," ","P","16","     0.0"," ","P","16","     0.0"," ","P","16","     0.0"," ","P","16","     0.0"," ","P","16","     0.0"," ","P","16"," -9999.0","M"," "," 0"," -9999.0","M"," "," 0"," -9999.0","M"," "," 0","     0.0"," ","P","16","     0.1"," ","P","16"
"USC00024849","07-18"," 36.8644","-111.6022"," 978.4","LEES FERRY, AZ US","07","18","99","    88.9"," ","R","14","   101.6"," ","R","14","    76.1"," ","R","15","    25.5"," ","R","14","     4.7"," ","R","14","     6.0"," ","R","14","     5.2"," ","R","15","     6.0"," ","R","14","     0.0"," ","R","14","     0.0"," ","R","14","     0.0"," ","R","14","     0.0"," ","R","14","     0.0"," ","R","14","     0.0"," ","R","14","     0.0"," ","R","14","    23.9"," ","R","14","    48.9"," ","R","14","    43.9"," ","R","14","    38.9"," ","R","14","    33.9"," ","R","14","    31.9"," ","R","14","    28.9"," ","R","14","    18.9"," ","R","14","    16.9"," ","R","14","    23.9"," ","R","14","    48.9"," ","R","14","    43.9"," ","R","14","    38.9"," ","R","14","    33.9"," ","R","14","    31.9"," ","R","14","    28.9"," ","R","14","    18.9"," ","R","14","    16.9"," ","R","14","    33.1"," ","R","14","    31.1"," ","R","14","    12.4"," ","P","17","     6.3"," ","P","17","     3.5"," ","P","17","     1.8"," ","P","17","     0.5"," ","P","17","     0.0"," ","P","17","     0.0"," ","P","17","     0.0"," ","P","17","    0.04"," ","P","17","    0.10"," ","P","17","    0.31"," ","P","17","    0.41"," ","R","15","    3.07"," ","R","15","     0.0"," ","P","16","     0.0"," ","P","16","     0.0"," ","P","16","     0.0"," ","P","16","     0.0"," ","P","16","     0.0"," ","P","16","     0.0"," ","P","16","     0.0"," ","P","16"," -9999.0","M"," "," 0"," -9999.0","M"," "," 0"," -9999.0","M"," "," 0","     0.0"," ","P","16","     0.1"," ","P","16"
"USC00024849","07-19"," 36.8644","-111.6022"," 978.4","LEES FERRY, AZ US","07","19","99","    88.9"," ","R","14","   101.5"," ","R","14","    76.2"," ","R","15","    25.4"," ","R","14","     4.7"," ","R","14","     6.0"," ","R","14","     5.2"," ","R","15","     6.0"," ","R","14","     0.0"," ","R","14","     0.0"," ","R","14","     0.0"," ","R","14","     0.0"," ","R","14","     0.0"," ","R","14","     0.0"," ","R","14","     0.0"," ","R","14","    23.8"," ","R","14","    48.8"," ","R","14","    43.8"," ","R","14","    38.8"," ","R","14","    33.8"," ","R","14","    31.8"," ","R","14","    28.8"," ","R","14","    18.8"," ","R","14","    16.8"," ","R","14","    23.8"," ","R","14","    48.8"," ","R","14","    43.8"," ","R","14","    38.8"," ","R","14","    33.8"," ","R","14","    31.8"," ","R","14","    28.8"," ","R","14","    18.8"," ","R","14","    16.8"," ","R","14","    33.1"," ","R","14","    31.1"," ","R","14","    12.7"," ","P","17","     6.5"," ","P","17","     3.6"," ","P","17","     1.9"," ","P","17","     0.5"," ","P","17","     0.0"," ","P","17","     0.0"," ","P","17","     0.0"," ","P","17","    0.04"," ","P","17","    0.10"," ","P","17","    0.30"," ","P","17","    0.44"," ","R","15","    3.10"," ","R","15","     0.0"," ","P","16","     0.0"," ","P","16","     0.0"," ","P","16","     0.0"," ","P","16","     0.0"," ","P","16","     0.0"," ","P","16","     0.0"," ","P","16","     0.0"," ","P","16"," -9999.0","M"," "," 0"," -9999.0","M"," "," 0"," -9999.0","M"," "," 0","     0.0"," ","P","16","     0.1"," ","P","16"
"USC00024849","07-20"," 36.8644","-111.6022"," 978.4","LEES FERRY, AZ US","07","20","99","    88.8"," ","R","14","   101.5"," ","R","14","    76.2"," ","R","15","    25.3"," ","R","14","     4.8"," ","R","14","     6.0"," ","R","14","     5.2"," ","R","15","     6.0"," ","R","14","     0.0"," ","R","14","     0.0"," ","R","14","     0.0"," ","R","14","     0.0"," ","R","14","     0.0"," ","R","14","     0.0"," ","R","14","     0.0"," ","R","14","    23.8"," ","R","14","    48.8"," ","R","14","    43.8"," ","R","14","    38.8"," ","R","14","    33.8"," ","R","14","    31.8"," ","R","14","    28.8"," ","R","14","    18.8"," ","R","14","    16.8"," ","R","14","    23.8"," ","R","14","    48.8"," ","R","14","    43.8"," ","R","14","    38.8"," ","R","14","    33.8"," ","R","14","    31.8"," ","R","14","    28.8"," ","R","14","    18.8"," ","R","14","    16.8"," ","R","14","    33.1"," ","R","14","    31.1"," ","R","14","    13.0"," ","P","17","     6.7"," ","P","17","     3.7"," ","P","17","     1.9"," ","P","17","     0.5"," ","P","17","     0.0"," ","P","17","     0.0"," ","P","17","     0.0"," ","P","17","    0.04"," ","P","17","    0.10"," ","P","17","    0.30"," ","P","17","    0.47"," ","R","15","    3.13"," ","R","15","     0.0"," ","P","16","     0.0"," ","P","16","     0.0"," ","P","16","     0.0"," ","P","16","     0.0"," ","P","16","     0.0"," ","P","16","     0.0"," ","P","16","     0.0"," ","P","16"," -9999.0","M"," "," 0"," -9999.0","M"," "," 0"," -9999.0","M"," "," 0","     0.0"," ","P","16","     0.1"," ","P","16"
"USC00024849","07-21"," 36.8644","-111.6022"," 978.4","LEES FERRY, AZ US","07","21","99","    88.8"," ","R","14","   101.4"," ","R","14","    76.2"," ","R","15","    25.2"," ","R","14","     4.8"," ","R","14","     6.0"," ","R","14","     5.2"," ","R","15","     6.0"," ","R","14","     0.0"," ","R","14","     0.0"," ","R","14","     0.0"," ","R","14","     0.0"," ","R","14","     0.0"," ","R","14","     0.0"," ","R","14","     0.0"," ","R","14","    23.8"," ","R","14","    48.8"," ","R","14","    43.8"," ","R","14","    38.8"," ","R","14","    33.8"," ","R","14","    31.8"," ","R","14","    28.8"," ","R","14","    18.8"," ","R","14","    16.8"," ","R","14","    23.8"," ","R","14","    48.8"," ","R","14","    43.8"," ","R","14","    38.8"," ","R","14","    33.8"," ","R","14","    31.8"," ","R","14","    28.8"," ","R","14","    18.8"," ","R","14","    16.8"," ","R","14","    33.1"," ","R","14","    31.1"," ","R","14","    13.3"," ","P","17","     6.9"," ","P","17","     3.7"," ","P","17","     2.0"," ","P","17","     0.5"," ","P","17","     0.0"," ","P","17","     0.0"," ","P","17","     0.0"," ","P","17","    0.04"," ","P","17","    0.10"," ","P","17","    0.30"," ","P","17","    0.50"," ","R","15","    3.16"," ","R","15","     0.0"," ","P","16","     0.0"," ","P","16","     0.0"," ","P","16","     0.0"," ","P","16","     0.0"," ","P","16","     0.0"," ","P","16","     0.0"," ","P","16","     0.0"," ","P","16"," -9999.0","M"," "," 0"," -9999.0","M"," "," 0"," -9999.0","M"," "," 0","     0.0"," ","P","16","     0.1"," ","P","16"
"USC00024849","07-22"," 36.8644","-111.6022"," 978.4","LEES FERRY, AZ US","07","22","99","    88.8"," ","R","14","   101.3"," ","R","14","    76.2"," ","R","15","    25.2"," ","R","14","     4.8"," ","R","14","     6.0"," ","R","14","     5.3"," ","R","15","     6.0"," ","R","14","     0.0"," ","R","14","     0.0"," ","R","14","     0.0"," ","R","14","     0.0"," ","R","14","     0.0"," ","R","14","     0.0"," ","R","14","     0.0"," ","R","14","    23.8"," ","R","14","    48.8"," ","R","14","    43.8"," ","R","14","    38.8"," ","R","14","    33.8"," ","R","14","    31.8"," ","R","14","    28.8"," ","R","14","    18.8"," ","R","14","    16.8"," ","R","14","    23.8"," ","R","14","    48.8"," ","R","14","    43.8"," ","R","14","    38.8"," ","R","14","    33.8"," ","R","14","    31.8"," ","R","14","    28.8"," ","R","14","    18.8"," ","R","14","    16.8"," ","R","14","    33.1"," ","R","14","    31.1"," ","R","14","    13.6"," ","P","17","     7.1"," ","P","17","     3.8"," ","P","17","     2.0"," ","P","17","     0.5"," ","P","17","     0.0"," ","P","17","     0.0"," ","P","17","     0.0"," ","P","17","    0.04"," ","P","17","    0.10"," ","P","17","    0.30"," ","P","17","    0.54"," ","R","15","    3.20"," ","R","15","     0.0"," ","P","16","     0.0"," ","P","16","     0.0"," ","P","16","     0.0"," ","P","16","     0.0"," ","P","16","     0.0"," ","P","16","     0.0"," ","P","16","     0.0"," ","P","16"," -9999.0","M"," "," 0"," -9999.0","M"," "," 0"," -9999.0","M"," "," 0","     0.0"," ","P","16","     0.1"," ","P","16"
"USC00024849","07-23"," 36.8644","-111.6022"," 978.4","LEES FERRY, AZ US","07","23","99","    88.7"," ","R","14","   101.3"," ","R","14","    76.2"," ","R","15","    25.1"," ","R","14","     4.8"," ","R","14","     6.0"," ","R","14","     5.3"," ","R","15","     6.0"," ","R","14","     0.0"," ","R","14","     0.0"," ","R","14","     0.0"," ","R","14","     0.0"," ","R","14","     0.0"," ","R","14","     0.0"," ","R","14","     0.0"," ","R","14","    23.7"," ","R","14","    48.7"," ","R","14","    43.7"," ","R","14","    38.7"," ","R","14","    33.7"," ","R","14","    31.7"," ","R","14","    28.7"," ","R","14","    18.7"," ","R","14","    16.7"," ","R","14","    23.7"," ","R","14","    48.7"," ","R","14","    43.7"," ","R","14","    38.7"," ","R","14","    33.7"," ","R","14","    31.7"," ","R","14","    28.7"," ","R","14","    18.7"," ","R","14","    16.7"," ","R","14","    33.1"," ","R","14","    31.1"," ","R","14","    13.9"," ","P","17","     7.2"," ","P","17","     3.8"," ","P","17","     2.0"," ","P","17","     0.5"," ","P","17","     0.0"," ","P","17","     0.0"," ","P","17","     0.0"," ","P","17","    0.04"," ","P","17","    0.10"," ","P","17","    0.29"," ","P","17","    0.57"," ","R","15","    3.23"," ","R","15","     0.0"," ","P","16","     0.0"," ","P","16","     0.0"," ","P","16","     0.0"," ","P","16","     0.0"," ","P","16","     0.0"," ","P","16","     0.0"," ","P","16","     0.0"," ","P","16"," -9999.0","M"," "," 0"," -9999.0","M"," "," 0"," -9999.0","M"," "," 0","     0.0"," ","P","16","     0.1"," ","P","16"
"USC00024849","07-24"," 36.8644","-111.6022"," 978.4","LEES FERRY, AZ US","07","24","99","    88.7"," ","R","14","   101.2"," ","R","14","    76.1"," ","R","15","    25.1"," ","R","14","     4.8"," ","R","14","     6.0"," ","R","14","     5.3"," ","R","15","     6.0"," ","R","14","     0.0"," ","R","14","     0.0"," ","R","14","     0.0"," ","R","14","     0.0"," ","R","14","     0.0"," ","R","14","     0.0"," ","R","14","     0.0"," ","R","14","    23.7"," ","R","14","    48.7"," ","R","14","    43.7"," ","R","14","    38.7"," ","R","14","    33.7"," ","R","14","    31.7"," ","R","14","    28.7"," ","R","14","    18.7"," ","R","14","    16.7"," ","R","14","    23.7"," ","R","14","    48.7"," ","R","14","    43.7"," ","R","14","    38.7"," ","R","14","    33.7"," ","R","14","    31.7"," ","R","14","    28.7"," ","R","14","    18.7"," ","R","14","    16.7"," ","R","14","    33.1"," ","R","14","    31.1"," ","R","14","    14.1"," ","P","17","     7.3"," ","P","17","     3.8"," ","P","17","     2.0"," ","P","17","     0.6"," ","P","17","     0.0"," ","P","17","     0.0"," ","P","17","     0.0"," ","P","17","    0.04"," ","P","17","    0.10"," ","P","17","    0.29"," ","P","17","    0.60"," ","R","15","    3.26"," ","R","15","     0.0"," ","P","16","     0.0"," ","P","16","     0.0"," ","P","16","     0.0"," ","P","16","     0.0"," ","P","16","     0.0"," ","P","16","     0.0"," ","P","16","     0.0"," ","P","16"," -9999.0","M"," "," 0"," -9999.0","M"," "," 0"," -9999.0","M"," "," 0","     0.0"," ","P","16","     0.1"," ","P","16"
"USC00024849","07-25"," 36.8644","-111.6022"," 978.4","LEES FERRY, AZ US","07","25","99","    88.6"," ","R","14","   101.2"," ","R","14","    76.1"," ","R","15","    25.1"," ","R","14","     4.8"," ","R","14","     6.0"," ","R","14","     5.3"," ","R","15","     6.0"," ","R","14","     0.0"," ","R","14","     0.0"," ","R","14","     0.0"," ","R","14","     0.0"," ","R","14","     0.0"," ","R","14","     0.0"," ","R","14","     0.0"," ","R","14","    23.6"," ","R","14","    48.6"," ","R","14","    43.6"," ","R","14","    38.6"," ","R","14","    33.6"," ","R","14","    31.6"," ","R","14","    28.6"," ","R","14","    18.6"," ","R","14","    16.6"," ","R","14","    23.6"," ","R","14","    48.6"," ","R","14","    43.6"," ","R","14","    38.6"," ","R","14","    33.6"," ","R","14","    31.6"," ","R","14","    28.6"," ","R","14","    18.6"," ","R","14","    16.6"," ","R","14","    33.0"," ","R","14","    31.0"," ","R","14","    14.4"," ","P","17","     7.5"," ","P","17","     3.9"," ","P","17","     2.0"," ","P","17","     0.6"," ","P","17","     0.0"," ","P","17","     0.0"," ","P","17","     0.0"," ","P","17","    0.04"," ","P","17","    0.10"," ","P","17","    0.29"," ","P","17","    0.64"," ","R","15","    3.30"," ","R","15","     0.0"," ","P","16","     0.0"," ","P","16","     0.0"," ","P","16","     0.0"," ","P","16","     0.0"," ","P","16","     0.0"," ","P","16","     0.0"," ","P","16","     0.0"," ","P","16"," -9999.0","M"," "," 0"," -9999.0","M"," "," 0"," -9999.0","M"," "," 0","     0.0"," ","P","16","     0.1"," ","P","16"
"USC00024849","07-26"," 36.8644","-111.6022"," 978.4","LEES FERRY, AZ US","07","26","99","    88.6"," ","R","14","   101.1"," ","R","14","    76.1"," ","R","15","    25.0"," ","R","14","     4.8"," ","R","14","     5.9"," ","R","14","     5.3"," ","R","15","     6.0"," ","R","14","     0.0"," ","R","14","     0.0"," ","R","14","     0.0"," ","R","14","     0.0"," ","R","14","     0.0"," ","R","14","     0.0"," ","R","14","     0.0"," ","R","14","    23.6"," ","R","14","    48.6"," ","R","14","    43.6"," ","R","14","    38.6"," ","R","14","    33.6"," ","R","14","    31.6"," ","R","14","    28.6"," ","R","14","    18.6"," ","R","14","    16.6"," ","R","14","    23.6"," ","R","14","    48.6"," ","R","14","    43.6"," ","R","14","    38.6"," ","R","14","    33.6"," ","R","14","    31.6"," ","R","14","    28.6"," ","R","14","    18.6"," ","R","14","    16.6"," ","R","14","    33.0"," ","R","14","    31.0"," ","R","14","    14.7"," ","P","17","     7.6"," ","P","17","     3.9"," ","P","17","     2.1"," ","P","17","     0.6"," ","P","17","     0.0"," ","P","17","     0.0"," ","P","17","     0.0"," ","P","17","    0.04"," ","P","17","    0.10"," ","P","17","    0.28"," ","P","17","    0.68"," ","R","15","    3.34"," ","R","15","     0.0"," ","P","16","     0.0"," ","P","16","     0.0"," ","P","16","     0.0"," ","P","16","     0.0"," ","P","16","     0.0"," ","P","16","     0.0"," ","P","16","     0.0"," ","P","16"," -9999.0","M"," "," 0"," -9999.0","M"," "," 0"," -9999.0","M"," "," 0","     0.0"," ","P","16","     0.1"," ","P","16"
"USC00024849","07-27"," 36.8644","-111.6022"," 978.4","LEES FERRY, AZ US","07","27","99","    88.5"," ","R","14","   101.0"," ","R","14","    76.0"," ","R","15","    25.0"," ","R","14","     4.8"," ","R","14","     5.9"," ","R","14","     5.4"," ","R","15","     6.0"," ","R","14","     0.0"," ","R","14","     0.0"," ","R","14","     0.0"," ","R","14","     0.0"," ","R","14","     0.0"," ","R","14","     0.0"," ","R","14","     0.0"," ","R","14","    23.5"," ","R","14","    48.5"," ","R","14","    43.5"," ","R","14","    38.5"," ","R","14","    33.5"," ","R","14","    31.5"," ","R","14","    28.5"," ","R","14","    18.5"," ","R","14","    16.5"," ","R","14","    23.5"," ","R","14","    48.5"," ","R","14","    43.5"," ","R","14","    38.5"," ","R","14","    33.5"," ","R","14","    31.5"," ","R","14","    28.5"," ","R","14","    18.5"," ","R","14","    16.5"," ","R","14","    33.0"," ","R","14","    31.0"," ","R","14","    15.0"," ","P","17","     7.7"," ","P","17","     3.9"," ","P","17","     2.1"," ","P","17","     0.6"," ","P","17","     0.0"," ","P","17","     0.0"," ","P","17","     0.0"," ","P","17","    0.04"," ","P","17","    0.10"," ","P","17","    0.28"," ","P","17","    0.72"," ","R","15","    3.38"," ","R","15","     0.0"," ","P","16","     0.0"," ","P","16","     0.0"," ","P","16","     0.0"," ","P","16","     0.0"," ","P","16","     0.0"," ","P","16","     0.0"," ","P","16","     0.0"," ","P","16"," -9999.0","M"," "," 0"," -9999.0","M"," "," 0"," -9999.0","M"," "," 0","     0.0"," ","P","16","     0.1"," ","P","16"
"USC00024849","07-28"," 36.8644","-111.6022"," 978.4","LEES FERRY, AZ US","07","28","99","    88.5"," ","R","14","   101.0"," ","R","14","    75.9"," ","R","15","    25.0"," ","R","14","     4.8"," ","R","14","     5.9"," ","R","14","     5.4"," ","R","15","     6.0"," ","R","14","     0.0"," ","R","14","     0.0"," ","R","14","     0.0"," ","R","14","     0.0"," ","R","14","     0.0"," ","R","14","     0.0"," ","R","14","     0.0"," ","R","14","    23.5"," ","R","14","    48.5"," ","R","14","    43.5"," ","R","14","    38.5"," ","R","14","    33.5"," ","R","14","    31.5"," ","R","14","    28.5"," ","R","14","    18.5"," ","R","14","    16.5"," ","R","14","    23.5"," ","R","14","    48.5"," ","R","14","    43.5"," ","R","14","    38.5"," ","R","14","    33.5"," ","R","14","    31.5"," ","R","14","    28.5"," ","R","14","    18.5"," ","R","14","    16.5"," ","R","14","    32.9"," ","R","14","    30.9"," ","R","14","    15.2"," ","P","17","     7.8"," ","P","17","     3.9"," ","P","17","     2.1"," ","P","17","     0.6"," ","P","17","     0.0"," ","P","17","     0.0"," ","P","17","     0.0"," ","P","17","    0.04"," ","P","17","    0.10"," ","P","17","    0.27"," ","P","17","    0.76"," ","R","15","    3.42"," ","R","15","     0.0"," ","P","16","     0.0"," ","P","16","     0.0"," ","P","16","     0.0"," ","P","16","     0.0"," ","P","16","     0.0"," ","P","16","     0.0"," ","P","16","     0.0"," ","P","16"," -9999.0","M"," "," 0"," -9999.0","M"," "," 0"," -9999.0","M"," "," 0","     0.0"," ","P","16","     0.1"," ","P","16"
"USC00024849","07-29"," 36.8644","-111.6022"," 978.4","LEES FERRY, AZ US","07","29","99","    88.4"," ","R","14","   100.9"," ","R","14","    75.9"," ","R","15","    25.1"," ","R","14","     4.8"," ","R","14","     5.9"," ","R","14","     5.4"," ","R","15","     6.0"," ","R","14","     0.0"," ","R","14","     0.0"," ","R","14","     0.0"," ","R","14","     0.0"," ","R","14","     0.0"," ","R","14","     0.0"," ","R","14","     0.0"," ","R","14","    23.4"," ","R","14","    48.4"," ","R","14","    43.4"," ","R","14","    38.4"," ","R","14","    33.4"," ","R","14","    31.4"," ","R","14","    28.4"," ","R","14","    18.4"," ","R","14","    16.4"," ","R","14","    23.4"," ","R","14","    48.4"," ","R","14","    43.4"," ","R","14","    38.4"," ","R","14","    33.4"," ","R","14","    31.4"," ","R","14","    28.4"," ","R","14","    18.4"," ","R","14","    16.4"," ","R","14","    32.9"," ","R","14","    30.9"," ","R","14","    15.4"," ","P","17","     7.8"," ","P","17","     4.0"," ","P","17","     2.1"," ","P","17","     0.6"," ","P","17","     0.0"," ","P","17","     0.0"," ","P","17","     0.0"," ","P","17","    0.04"," ","P","17","    0.10"," ","P","17","    0.27"," ","P","17","    0.80"," ","R","15","    3.46"," ","R","15","     0.0"," ","P","16","     0.0"," ","P","16","     0.0"," ","P","16","     0.0"," ","P","16","     0.0"," ","P","16","     0.0"," ","P","16","     0.0"," ","P","16","     0.0"," ","P","16"," -9999.0","M"," "," 0"," -9999.0","M"," "," 0"," -9999.0","M"," "," 0","     0.0"," ","P","16","     0.1"," ","P","16"
"USC00024849","07-30"," 36.8644","-111.6022"," 978.4","LEES FERRY, AZ US","07","30","99","    88.3"," ","R","14","   100.9"," ","R","14","    75.8"," ","R","15","    25.1"," ","R","14","     4.8"," ","R","14","     5.9"," ","R","14","     5.4"," ","R","15","     6.0"," ","R","14","     0.0"," ","R","14","     0.0"," ","R","14","     0.0"," ","R","14","     0.0"," ","R","14","     0.0"," ","R","14","     0.0"," ","R","14","     0.0"," ","R","14","    23.3"," ","R","14","    48.3"," ","R","14","    43.3"," ","R","14","    38.3"," ","R","14","    33.3"," ","R","14","    31.3"," ","R","14","    28.3"," ","R","14","    18.3"," ","R","14","    16.3"," ","R","14","    23.3"," ","R","14","    48.3"," ","R","14","    43.3"," ","R","14","    38.3"," ","R","14","    33.3"," ","R","14","    31.3"," ","R","14","    28.3"," ","R","14","    18.3"," ","R","14","    16.3"," ","R","14","    32.8"," ","R","14","    30.8"," ","R","14","    15.6"," ","P","17","     7.9"," ","P","17","     4.0"," ","P","17","     2.1"," ","P","17","     0.6"," ","P","17","     0.0"," ","P","17","     0.0"," ","P","17","     0.0"," ","P","17","    0.03"," ","P","17","    0.10"," ","P","17","    0.26"," ","P","17","    0.84"," ","R","15","    3.50"," ","R","15","     0.0"," ","P","16","     0.0"," ","P","16","     0.0"," ","P","16","     0.0"," ","P","16","     0.0"," ","P","16","     0.0"," ","P","16","     0.0"," ","P","16","     0.0"," ","P","16"," -9999.0","M"," "," 0"," -9999.0","M"," "," 0"," -9999.0","M"," "," 0","     0.0"," ","P","16","     0.1"," ","P","16"
"USC00024849","07-31"," 36.8644","-111.6022"," 978.4","LEES FERRY, AZ US","07","31","99","    88.3"," ","R","14","   100.8"," ","R","14","    75.7"," ","R","15","    25.1"," ","R","14","     4.8"," ","R","14","     5.9"," ","R","14","     5.4"," ","R","15","     6.0"," ","R","14","     0.0"," ","R","14","     0.0"," ","R","14","     0.0"," ","R","14","     0.0"," ","R","14","     0.0"," ","R","14","     0.0"," ","R","14","     0.0"," ","R","14","    23.3"," ","R","14","    48.3"," ","R","14","    43.3"," ","R","14","    38.3"," ","R","14","    33.3"," ","R","14","    31.3"," ","R","14","    28.3"," ","R","14","    18.3"," ","R","14","    16.3"," ","R","14","    23.3"," ","R","14","    48.3"," ","R","14","    43.3"," ","R","14","    38.3"," ","R","14","    33.3"," ","R","14","    31.3"," ","R","14","    28.3"," ","R","14","    18.3"," ","R","14","    16.3"," ","R","14","    32.8"," ","R","14","    30.8"," ","R","14","    15.8"," ","P","17","     7.9"," ","P","17","     4.0"," ","P","17","     2.1"," ","P","17","     0.6"," ","P","17","     0.0"," ","P","17","     0.0"," ","P","17","     0.0"," ","P","17","    0.04"," ","P","17","    0.10"," ","P","17","    0.26"," ","P","17","    0.88"," ","R","15","    3.54"," ","R","15","     0.0"," ","P","16","     0.0"," ","P","16","     0.0"," ","P","16","     0.0"," ","P","16","     0.0"," ","P","16","     0.0"," ","P","16","     0.0"," ","P","16","     0.0"," ","P","16"," -9999.0","M"," "," 0"," -9999.0","M"," "," 0"," -9999.0","M"," "," 0","     0.0"," ","P","16","     0.1"," ","P","16"
"USC00024849","08-01"," 36.8644","-111.6022"," 978.4","LEES FERRY, AZ US","08","01","99","    88.2"," ","R","12","   100.8"," ","R","12","    75.6"," ","R","15","    25.1"," ","R","12","     4.8"," ","R","12","     5.9"," ","R","12","     5.5"," ","R","15","     6.0"," ","R","12","     0.0"," ","R","12","     0.0"," ","R","12","     0.0"," ","R","12","     0.0"," ","R","12","     0.0"," ","R","12","     0.0"," ","R","12","     0.0"," ","R","12","    23.2"," ","R","12","    48.2"," ","R","12","    43.2"," ","R","12","    38.2"," ","R","12","    33.2"," ","R","12","    31.2"," ","R","12","    28.2"," ","R","12","    18.2"," ","R","12","    16.2"," ","R","12","    23.2"," ","R","12","    48.2"," ","R","12","    43.2"," ","R","12","    38.2"," ","R","12","    33.2"," ","R","12","    31.2"," ","R","12","    28.2"," ","R","12","    18.2"," ","R","12","    16.2"," ","R","12","    32.7"," ","R","12","    30.7"," ","R","12","    16.0"," ","P","17","     8.0"," ","P","17","     4.0"," ","P","17","     2.1"," ","P","17","     0.6"," ","P","17","     0.0"," ","P","17","     0.0"," ","P","17","     0.0"," ","P","17","    0.04"," ","P","17","    0.10"," ","P","17","    0.26"," ","P","17","    0.04"," ","R","12","    3.58"," ","R","12","     0.0"," ","P","16","     0.0"," ","P","16","     0.0"," ","P","16","     0.0"," ","P","16","     0.0"," ","P","16","     0.0"," ","P","16","     0.0"," ","P","16","     0.0"," ","P","16"," -9999.0","M"," "," 0"," -9999.0","M"," "," 0"," -9999.0","M"," "," 0","     0.0"," ","P","16","     0.1"," ","P","16"
"USC00024849","08-02"," 36.8644","-111.6022"," 978.4","LEES FERRY, AZ US","08","02","99","    88.1"," ","R","12","   100.7"," ","R","12","    75.5"," ","R","15","    25.2"," ","R","12","     4.8"," ","R","12","     5.9"," ","R","12","     5.5"," ","R","15","     6.0"," ","R","12","     0.0"," ","R","12","     0.0"," ","R","12","     0.0"," ","R","12","     0.0"," ","R","12","     0.0"," ","R","12","     0.0"," ","R","12","     0.0"," ","R","12","    23.1"," ","R","12","    48.1"," ","R","12","    43.1"," ","R","12","    38.1"," ","R","12","    33.1"," ","R","12","    31.1"," ","R","12","    28.1"," ","R","12","    18.1"," ","R","12","    16.1"," ","R","12","    23.1"," ","R","12","    48.1"," ","R","12","    43.1"," ","R","12","    38.1"," ","R","12","    33.1"," ","R","12","    31.1"," ","R","12","    28.1"," ","R","12","    18.1"," ","R","12","    16.1"," ","R","12","    32.7"," ","R","12","    30.7"," ","R","12","    16.1"," ","P","16","     8.0"," ","P","16","     4.0"," ","P","16","     2.1"," ","P","16","     0.6"," ","P","16","     0.0"," ","P","16","     0.0"," ","P","16","     0.0"," ","P","16","    0.04"," ","P","16","    0.10"," ","P","16","    0.25"," ","P","16","    0.07"," ","R","12","    3.61"," ","R","12","     0.0"," ","P","16","     0.0"," ","P","16","     0.0"," ","P","16","     0.0"," ","P","16","     0.0"," ","P","16","     0.0"," ","P","16","     0.0"," ","P","16","     0.0"," ","P","16"," -9999.0","M"," "," 0"," -9999.0","M"," "," 0"," -9999.0","M"," "," 0","     0.0"," ","P","16","     0.1"," ","P","16"
"USC00024849","08-03"," 36.8644","-111.6022"," 978.4","LEES FERRY, AZ US","08","03","99","    88.0"," ","R","12","   100.6"," ","R","12","    75.4"," ","R","15","    25.2"," ","R","12","     4.8"," ","R","12","     5.8"," ","R","12","     5.5"," ","R","15","     6.0"," ","R","12","     0.0"," ","R","12","     0.0"," ","R","12","     0.0"," ","R","12","     0.0"," ","R","12","     0.0"," ","R","12","     0.0"," ","R","12","     0.0"," ","R","12","    23.0"," ","R","12","    48.0"," ","R","12","    43.0"," ","R","12","    38.0"," ","R","12","    33.0"," ","R","12","    31.0"," ","R","12","    28.0"," ","R","12","    18.0"," ","R","12","    16.0"," ","R","12","    23.0"," ","R","12","    48.0"," ","R","12","    43.0"," ","R","12","    38.0"," ","R","12","    33.0"," ","R","12","    31.0"," ","R","12","    28.0"," ","R","12","    18.0"," ","R","12","    16.0"," ","R","12","    32.6"," ","R","12","    30.6"," ","R","12","    16.2"," ","P","16","     8.0"," ","P","16","     4.0"," ","P","16","     2.1"," ","P","16","     0.6"," ","P","16","     0.0"," ","P","16","     0.0"," ","P","16","     0.0"," ","P","16","    0.04"," ","P","16","    0.10"," ","P","16","    0.25"," ","P","16","    0.10"," ","R","12","    3.64"," ","R","12","     0.0"," ","P","16","     0.0"," ","P","16","     0.0"," ","P","16","     0.0"," ","P","16","     0.0"," ","P","16","     0.0"," ","P","16","     0.0"," ","P","16","     0.0"," ","P","16"," -9999.0","M"," "," 0"," -9999.0","M"," "," 0"," -9999.0","M"," "," 0","     0.0"," ","P","16","     0.1"," ","P","16"
"USC00024849","08-04"," 36.8644","-111.6022"," 978.4","LEES FERRY, AZ US","08","04","99","    87.9"," ","R","12","   100.6"," ","R","12","    75.3"," ","R","15","    25.3"," ","R","12","     4.8"," ","R","12","     5.8"," ","R","12","     5.5"," ","R","15","     6.0"," ","R","12","     0.0"," ","R","12","     0.0"," ","R","12","     0.0"," ","R","12","     0.0"," ","R","12","     0.0"," ","R","12","     0.0"," ","R","12","     0.0"," ","R","12","    22.9"," ","R","12","    47.9"," ","R","12","    42.9"," ","R","12","    37.9"," ","R","12","    32.9"," ","R","12","    30.9"," ","R","12","    27.9"," ","R","12","    17.9"," ","R","12","    15.9"," ","R","12","    22.9"," ","R","12","    47.9"," ","R","12","    42.9"," ","R","12","    37.9"," ","R","12","    32.9"," ","R","12","    30.9"," ","R","12","    27.9"," ","R","12","    17.9"," ","R","12","    15.9"," ","R","12","    32.5"," ","R","12","    30.5"," ","R","12","    16.3"," ","P","16","     8.0"," ","P","16","     4.1"," ","P","16","     2.1"," ","P","16","     0.7"," ","P","16","     0.0"," ","P","16","     0.0"," ","P","16","     0.0"," ","P","16","    0.04"," ","P","16","    0.10"," ","P","16","    0.25"," ","P","16","    0.14"," ","R","12","    3.68"," ","R","12","     0.0"," ","P","16","     0.0"," ","P","16","     0.0"," ","P","16","     0.0"," ","P","16","     0.0"," ","P","16","     0.0"," ","P","16","     0.0"," ","P","16","     0.0"," ","P","16"," -9999.0","M"," "," 0"," -9999.0","M"," "," 0"," -9999.0","M"," "," 0","     0.0"," ","P","16","     0.1"," ","P","16"
"USC00024849","08-05"," 36.8644","-111.6022"," 978.4","LEES FERRY, AZ US","08","05","99","    87.8"," ","R","12","   100.5"," ","R","12","    75.2"," ","R","15","    25.4"," ","R","12","     4.8"," ","R","12","     5.8"," ","R","12","     5.5"," ","R","15","     6.0"," ","R","12","     0.0"," ","R","12","     0.0"," ","R","12","     0.0"," ","R","12","     0.0"," ","R","12","     0.0"," ","R","12","     0.0"," ","R","12","     0.0"," ","R","12","    22.8"," ","R","12","    47.8"," ","R","12","    42.8"," ","R","12","    37.8"," ","R","12","    32.8"," ","R","12","    30.8"," ","R","12","    27.8"," ","R","12","    17.8"," ","R","12","    15.8"," ","R","12","    22.8"," ","R","12","    47.8"," ","R","12","    42.8"," ","R","12","    37.8"," ","R","12","    32.8"," ","R","12","    30.8"," ","R","12","    27.8"," ","R","12","    17.8"," ","R","12","    15.8"," ","R","12","    32.5"," ","R","12","    30.5"," ","R","12","    16.4"," ","P","16","     8.0"," ","P","16","     4.1"," ","P","16","     2.1"," ","P","16","     0.7"," ","P","16","     0.0"," ","P","16","     0.0"," ","P","16","     0.0"," ","P","16","    0.04"," ","P","16","    0.10"," ","P","16","    0.24"," ","P","16","    0.18"," ","R","12","    3.72"," ","R","12","     0.0"," ","P","16","     0.0"," ","P","16","     0.0"," ","P","16","     0.0"," ","P","16","     0.0"," ","P","16","     0.0"," ","P","16","     0.0"," ","P","16","     0.0"," ","P","16"," -9999.0","M"," "," 0"," -9999.0","M"," "," 0"," -9999.0","M"," "," 0","     0.0"," ","P","16","     0.1"," ","P","16"
"USC00024849","08-06"," 36.8644","-111.6022"," 978.4","LEES FERRY, AZ US","08","06","99","    87.7"," ","R","12","   100.4"," ","R","12","    75.0"," ","R","15","    25.4"," ","R","12","     4.8"," ","R","12","     5.8"," ","R","12","     5.5"," ","R","15","     6.0"," ","R","12","     0.0"," ","R","12","     0.0"," ","R","12","     0.0"," ","R","12","     0.0"," ","R","12","     0.0"," ","R","12","     0.0"," ","R","12","     0.0"," ","R","12","    22.7"," ","R","12","    47.7"," ","R","12","    42.7"," ","R","12","    37.7"," ","R","12","    32.7"," ","R","12","    30.7"," ","R","12","    27.7"," ","R","12","    17.7"," ","R","12","    15.7"," ","R","12","    22.7"," ","R","12","    47.7"," ","R","12","    42.7"," ","R","12","    37.7"," ","R","12","    32.7"," ","R","12","    30.7"," ","R","12","    27.7"," ","R","12","    17.7"," ","R","12","    15.7"," ","R","12","    32.4"," ","R","12","    30.4"," ","R","12","    16.5"," ","P","16","     8.0"," ","P","16","     4.1"," ","P","16","     2.1"," ","P","16","     0.7"," ","P","16","     0.0"," ","P","16","     0.0"," ","P","16","     0.0"," ","P","16","    0.04"," ","P","16","    0.09"," ","P","16","    0.24"," ","P","16","    0.22"," ","R","12","    3.76"," ","R","12","     0.0"," ","P","16","     0.0"," ","P","16","     0.0"," ","P","16","     0.0"," ","P","16","     0.0"," ","P","16","     0.0"," ","P","16","     0.0"," ","P","16","     0.0"," ","P","16"," -9999.0","M"," "," 0"," -9999.0","M"," "," 0"," -9999.0","M"," "," 0","     0.0"," ","P","16","     0.1"," ","P","16"
"USC00024849","08-07"," 36.8644","-111.6022"," 978.4","LEES FERRY, AZ US","08","07","99","    87.6"," ","R","12","   100.4"," ","R","12","    74.9"," ","R","15","    25.5"," ","R","12","     4.8"," ","R","12","     5.8"," ","R","12","     5.5"," ","R","15","     6.0"," ","R","12","     0.0"," ","R","12","     0.0"," ","R","12","     0.0"," ","R","12","     0.0"," ","R","12","     0.0"," ","R","12","     0.0"," ","R","12","     0.0"," ","R","12","    22.6"," ","R","12","    47.6"," ","R","12","    42.6"," ","R","12","    37.6"," ","R","12","    32.6"," ","R","12","    30.6"," ","R","12","    27.6"," ","R","12","    17.6"," ","R","12","    15.6"," ","R","12","    22.6"," ","R","12","    47.6"," ","R","12","    42.6"," ","R","12","    37.6"," ","R","12","    32.6"," ","R","12","    30.6"," ","R","12","    27.6"," ","R","12","    17.6"," ","R","12","    15.6"," ","R","12","    32.4"," ","R","12","    30.4"," ","R","12","    16.6"," ","P","16","     7.9"," ","P","16","     4.0"," ","P","16","     2.1"," ","P","16","     0.7"," ","P","16","     0.0"," ","P","16","     0.0"," ","P","16","     0.0"," ","P","16","    0.04"," ","P","16","    0.09"," ","P","16","    0.24"," ","P","16","    0.26"," ","R","12","    3.80"," ","R","12","     0.0"," ","P","16","     0.0"," ","P","16","     0.0"," ","P","16","     0.0"," ","P","16","     0.0"," ","P","16","     0.0"," ","P","16","     0.0"," ","P","16","     0.0"," ","P","16"," -9999.0","M"," "," 0"," -9999.0","M"," "," 0"," -9999.0","M"," "," 0","     0.0"," ","P","16","     0.1"," ","P","16"
"USC00024849","08-08"," 36.8644","-111.6022"," 978.4","LEES FERRY, AZ US","08","08","99","    87.5"," ","R","12","   100.3"," ","R","12","    74.7"," ","R","15","    25.5"," ","R","12","     4.8"," ","R","12","     5.8"," ","R","12","     5.5"," ","R","15","     6.0"," ","R","12","     0.0"," ","R","12","     0.0"," ","R","12","     0.0"," ","R","12","     0.0"," ","R","12","     0.0"," ","R","12","     0.0"," ","R","12","     0.0"," ","R","12","    22.5"," ","R","12","    47.5"," ","R","12","    42.5"," ","R","12","    37.5"," ","R","12","    32.5"," ","R","12","    30.5"," ","R","12","    27.5"," ","R","12","    17.5"," ","R","12","    15.5"," ","R","12","    22.5"," ","R","12","    47.5"," ","R","12","    42.5"," ","R","12","    37.5"," ","R","12","    32.5"," ","R","12","    30.5"," ","R","12","    27.5"," ","R","12","    17.5"," ","R","12","    15.5"," ","R","12","    32.3"," ","R","12","    30.3"," ","R","12","    16.6"," ","P","16","     7.9"," ","P","16","     4.0"," ","P","16","     2.0"," ","P","16","     0.7"," ","P","16","     0.0"," ","P","16","     0.0"," ","P","16","     0.0"," ","P","16","    0.03"," ","P","16","    0.09"," ","P","16","    0.24"," ","P","16","    0.30"," ","R","12","    3.84"," ","R","12","     0.0"," ","P","16","     0.0"," ","P","16","     0.0"," ","P","16","     0.0"," ","P","16","     0.0"," ","P","16","     0.0"," ","P","16","     0.0"," ","P","16","     0.0"," ","P","16"," -9999.0","M"," "," 0"," -9999.0","M"," "," 0"," -9999.0","M"," "," 0","     0.0"," ","P","16","     0.1"," ","P","16"
"USC00024849","08-09"," 36.8644","-111.6022"," 978.4","LEES FERRY, AZ US","08","09","99","    87.4"," ","R","12","   100.2"," ","R","12","    74.6"," ","R","15","    25.6"," ","R","12","     4.8"," ","R","12","     5.8"," ","R","12","     5.6"," ","R","15","     6.0"," ","R","12","     0.0"," ","R","12","     0.0"," ","R","12","     0.0"," ","R","12","     0.0"," ","R","12","     0.0"," ","R","12","     0.0"," ","R","12","     0.0"," ","R","12","    22.4"," ","R","12","    47.4"," ","R","12","    42.4"," ","R","12","    37.4"," ","R","12","    32.4"," ","R","12","    30.4"," ","R","12","    27.4"," ","R","12","    17.4"," ","R","12","    15.4"," ","R","12","    22.4"," ","R","12","    47.4"," ","R","12","    42.4"," ","R","12","    37.4"," ","R","12","    32.4"," ","R","12","    30.4"," ","R","12","    27.4"," ","R","12","    17.4"," ","R","12","    15.4"," ","R","12","    32.2"," ","R","12","    30.2"," ","R","12","    16.7"," ","P","16","     7.8"," ","P","16","     4.0"," ","P","16","     2.0"," ","P","16","     0.6"," ","P","16","     0.0"," ","P","16","     0.0"," ","P","16","     0.0"," ","P","16","    0.03"," ","P","16","    0.09"," ","P","16","    0.23"," ","P","16","    0.34"," ","R","12","    3.88"," ","R","12","     0.0"," ","P","16","     0.0"," ","P","16","     0.0"," ","P","16","     0.0"," ","P","16","     0.0"," ","P","16","     0.0"," ","P","16","     0.0"," ","P","16","     0.0"," ","P","16"," -9999.0","M"," "," 0"," -9999.0","M"," "," 0"," -9999.0","M"," "," 0","     0.0"," ","P","16","     0.1"," ","P","16"
"USC00024849","08-10"," 36.8644","-111.6022"," 978.4","LEES FERRY, AZ US","08","10","99","    87.3"," ","R","12","   100.1"," ","R","12","    74.4"," ","R","15","    25.7"," ","R","12","     4.8"," ","R","12","     5.8"," ","R","12","     5.6"," ","R","15","     6.0"," ","R","12","     0.0"," ","R","12","     0.0"," ","R","12","     0.0"," ","R","12","     0.0"," ","R","12","     0.0"," ","R","12","     0.0"," ","R","12","     0.0"," ","R","12","    22.3"," ","R","12","    47.3"," ","R","12","    42.3"," ","R","12","    37.3"," ","R","12","    32.3"," ","R","12","    30.3"," ","R","12","    27.3"," ","R","12","    17.3"," ","R","12","    15.3"," ","R","12","    22.3"," ","R","12","    47.3"," ","R","12","    42.3"," ","R","12","    37.3"," ","R","12","    32.3"," ","R","12","    30.3"," ","R","12","    27.3"," ","R","12","    17.3"," ","R","12","    15.3"," ","R","12","    32.2"," ","R","12","    30.2"," ","R","12","    16.7"," ","P","16","     7.7"," ","P","16","     4.0"," ","P","16","     2.0"," ","P","16","     0.6"," ","P","16","     0.0"," ","P","16","     0.0"," ","P","16","     0.0"," ","P","16","    0.03"," ","P","16","    0.09"," ","P","16","    0.22"," ","P","16","    0.38"," ","R","12","    3.92"," ","R","12","     0.0"," ","P","16","     0.0"," ","P","16","     0.0"," ","P","16","     0.0"," ","P","16","     0.0"," ","P","16","     0.0"," ","P","16","     0.0"," ","P","16","     0.0"," ","P","16"," -9999.0","M"," "," 0"," -9999.0","M"," "," 0"," -9999.0","M"," "," 0","     0.0"," ","P","16","     0.1"," ","P","16"
"USC00024849","08-11"," 36.8644","-111.6022"," 978.4","LEES FERRY, AZ US","08","11","99","    87.2"," ","R","12","   100.0"," ","R","12","    74.3"," ","R","15","    25.7"," ","R","12","     4.8"," ","R","12","     5.8"," ","R","12","     5.6"," ","R","15","     6.0"," ","R","12","     0.0"," ","R","12","     0.0"," ","R","12","     0.0"," ","R","12","     0.0"," ","R","12","     0.0"," ","R","12","     0.0"," ","R","12","     0.0"," ","R","12","    22.2"," ","R","12","    47.2"," ","R","12","    42.2"," ","R","12","    37.2"," ","R","12","    32.2"," ","R","12","    30.2"," ","R","12","    27.2"," ","R","12","    17.2"," ","R","12","    15.2"," ","R","12","    22.2"," ","R","12","    47.2"," ","R","12","    42.2"," ","R","12","    37.2"," ","R","12","    32.2"," ","R","12","    30.2"," ","R","12","    27.2"," ","R","12","    17.2"," ","R","12","    15.2"," ","R","12","    32.1"," ","R","12","    30.1"," ","R","12","    16.7"," ","P","16","     7.6"," ","P","16","     4.0"," ","P","16","     2.0"," ","P","16","     0.6"," ","P","16","     0.0"," ","P","16","     0.0"," ","P","16","     0.0"," ","P","16","    0.03"," ","P","16","    0.09"," ","P","16","    0.22"," ","P","16","    0.41"," ","R","12","    3.95"," ","R","12","     0.0"," ","P","16","     0.0"," ","P","16","     0.0"," ","P","16","     0.0"," ","P","16","     0.0"," ","P","16","     0.0"," ","P","16","     0.0"," ","P","16","     0.0"," ","P","16"," -9999.0","M"," "," 0"," -9999.0","M"," "," 0"," -9999.0","M"," "," 0","     0.0"," ","P","16","     0.1"," ","P","16"
"USC00024849","08-12"," 36.8644","-111.6022"," 978.4","LEES FERRY, AZ US","08","12","99","    87.0"," ","R","12","    99.9"," ","R","12","    74.1"," ","R","15","    25.8"," ","R","12","     4.8"," ","R","12","     5.8"," ","R","12","     5.6"," ","R","15","     6.0"," ","R","12","     0.0"," ","R","12","     0.0"," ","R","12","     0.0"," ","R","12","     0.0"," ","R","12","     0.0"," ","R","12","     0.0"," ","R","12","     0.0"," ","R","12","    22.0"," ","R","12","    47.0"," ","R","12","    42.0"," ","R","12","    37.0"," ","R","12","    32.0"," ","R","12","    30.0"," ","R","12","    27.0"," ","R","12","    17.0"," ","R","12","    15.0"," ","R","12","    22.0"," ","R","12","    47.0"," ","R","12","    42.0"," ","R","12","    37.0"," ","R","12","    32.0"," ","R","12","    30.0"," ","R","12","    27.0"," ","R","12","    17.0"," ","R","12","    15.0"," ","R","12","    32.0"," ","R","12","    30.0"," ","R","12","    16.6"," ","P","16","     7.5"," ","P","16","     3.9"," ","P","16","     1.9"," ","P","16","     0.6"," ","P","16","     0.0"," ","P","16","     0.0"," ","P","16","     0.0"," ","P","16","    0.03"," ","P","16","    0.08"," ","P","16","    0.22"," ","P","16","    0.45"," ","R","12","    3.99"," ","R","12","     0.0"," ","P","16","     0.0"," ","P","16","     0.0"," ","P","16","     0.0"," ","P","16","     0.0"," ","P","16","     0.0"," ","P","16","     0.0"," ","P","16","     0.0"," ","P","16"," -9999.0","M"," "," 0"," -9999.0","M"," "," 0"," -9999.0","M"," "," 0","     0.0"," ","P","16","     0.1"," ","P","16"
"USC00024849","08-13"," 36.8644","-111.6022"," 978.4","LEES FERRY, AZ US","08","13","99","    86.9"," ","R","12","    99.8"," ","R","12","    74.0"," ","R","15","    25.9"," ","R","12","     4.8"," ","R","12","     5.8"," ","R","12","     5.6"," ","R","15","     6.0"," ","R","12","     0.0"," ","R","12","     0.0"," ","R","12","     0.0"," ","R","12","     0.0"," ","R","12","     0.0"," ","R","12","     0.0"," ","R","12","     0.0"," ","R","12","    21.9"," ","R","12","    46.9"," ","R","12","    41.9"," ","R","12","    36.9"," ","R","12","    31.9"," ","R","12","    29.9"," ","R","12","    26.9"," ","R","12","    16.9"," ","R","12","    14.9"," ","R","12","    21.9"," ","R","12","    46.9"," ","R","12","    41.9"," ","R","12","    36.9"," ","R","12","    31.9"," ","R","12","    29.9"," ","R","12","    26.9"," ","R","12","    16.9"," ","R","12","    14.9"," ","R","12","    31.9"," ","R","12","    29.9"," ","R","12","    16.6"," ","P","16","     7.4"," ","P","16","     3.9"," ","P","16","     1.9"," ","P","16","     0.6"," ","P","16","     0.0"," ","P","16","     0.0"," ","P","16","     0.0"," ","P","16","    0.03"," ","P","16","    0.08"," ","P","16","    0.22"," ","P","16","    0.49"," ","R","12","    4.03"," ","R","12","     0.0"," ","P","16","     0.0"," ","P","16","     0.0"," ","P","16","     0.0"," ","P","16","     0.0"," ","P","16","     0.0"," ","P","16","     0.0"," ","P","16","     0.0"," ","P","16"," -9999.0","M"," "," 0"," -9999.0","M"," "," 0"," -9999.0","M"," "," 0","     0.0"," ","P","16","     0.1"," ","P","16"
"USC00024849","08-14"," 36.8644","-111.6022"," 978.4","LEES FERRY, AZ US","08","14","99","    86.7"," ","R","12","    99.7"," ","R","12","    73.8"," ","R","15","    25.9"," ","R","12","     4.8"," ","R","12","     5.8"," ","R","12","     5.6"," ","R","15","     6.0"," ","R","12","     0.0"," ","R","12","     0.0"," ","R","12","     0.0"," ","R","12","     0.0"," ","R","12","     0.0"," ","R","12","     0.0"," ","R","12","     0.0"," ","R","12","    21.7"," ","R","12","    46.7"," ","R","12","    41.7"," ","R","12","    36.7"," ","R","12","    31.7"," ","R","12","    29.7"," ","R","12","    26.7"," ","R","12","    16.7"," ","R","12","    14.7"," ","R","12","    21.7"," ","R","12","    46.7"," ","R","12","    41.7"," ","R","12","    36.7"," ","R","12","    31.7"," ","R","12","    29.7"," ","R","12","    26.7"," ","R","12","    16.7"," ","R","12","    14.7"," ","R","12","    31.9"," ","R","12","    29.9"," ","R","12","    16.6"," ","P","16","     7.3"," ","P","16","     3.9"," ","P","16","     1.9"," ","P","16","     0.6"," ","P","16","     0.0"," ","P","16","     0.0"," ","P","16","     0.0"," ","P","16","    0.03"," ","P","16","    0.08"," ","P","16","    0.21"," ","P","16","    0.53"," ","R","12","    4.07"," ","R","12","     0.0"," ","P","16","     0.0"," ","P","16","     0.0"," ","P","16","     0.0"," ","P","16","     0.0"," ","P","16","     0.0"," ","P","16","     0.0"," ","P","16","     0.0"," ","P","16"," -9999.0","M"," "," 0"," -9999.0","M"," "," 0"," -9999.0","M"," "," 0","     0.0"," ","P","16","     0.1"," ","P","16"
"USC00024849","08-15"," 36.8644","-111.6022"," 978.4","LEES FERRY, AZ US","08","15","99","    86.6"," ","R","12","    99.6"," ","R","12","    73.6"," ","R","15","    26.0"," ","R","12","     4.8"," ","R","12","     5.8"," ","R","12","     5.6"," ","R","15","     6.0"," ","R","12","     0.0"," ","R","12","     0.0"," ","R","12","     0.0"," ","R","12","     0.0"," ","R","12","     0.0"," ","R","12","     0.0"," ","R","12","     0.0"," ","R","12","    21.6"," ","R","12","    46.6"," ","R","12","    41.6"," ","R","12","    36.6"," ","R","12","    31.6"," ","R","12","    29.6"," ","R","12","    26.6"," ","R","12","    16.6"," ","R","12","    14.6"," ","R","12","    21.6"," ","R","12","    46.6"," ","R","12","    41.6"," ","R","12","    36.6"," ","R","12","    31.6"," ","R","12","    29.6"," ","R","12","    26.6"," ","R","12","    16.6"," ","R","12","    14.6"," ","R","12","    31.8"," ","R","12","    29.8"," ","R","12","    16.6"," ","P","16","     7.1"," ","P","16","     3.9"," ","P","16","     1.9"," ","P","16","     0.6"," ","P","16","     0.0"," ","P","16","     0.0"," ","P","16","     0.0"," ","P","16","    0.03"," ","P","16","    0.08"," ","P","16","    0.21"," ","P","16","    0.56"," ","R","12","    4.10"," ","R","12","     0.0"," ","P","16","     0.0"," ","P","16","     0.0"," ","P","16","     0.0"," ","P","16","     0.0"," ","P","16","     0.0"," ","P","16","     0.0"," ","P","16","     0.0"," ","P","16"," -9999.0","M"," "," 0"," -9999.0","M"," "," 0"," -9999.0","M"," "," 0","     0.0"," ","P","16","     0.1"," ","P","16"
"USC00024849","08-16"," 36.8644","-111.6022"," 978.4","LEES FERRY, AZ US","08","16","99","    86.4"," ","R","12","    99.4"," ","R","12","    73.4"," ","R","15","    26.0"," ","R","12","     4.8"," ","R","12","     5.7"," ","R","12","     5.5"," ","R","15","     6.0"," ","R","12","     0.0"," ","R","12","     0.0"," ","R","12","     0.0"," ","R","12","     0.0"," ","R","12","     0.0"," ","R","12","     0.0"," ","R","12","     0.0"," ","R","12","    21.4"," ","R","12","    46.4"," ","R","12","    41.4"," ","R","12","    36.4"," ","R","12","    31.4"," ","R","12","    29.4"," ","R","12","    26.4"," ","R","12","    16.4"," ","R","12","    14.4"," ","R","12","    21.4"," ","R","12","    46.4"," ","R","12","    41.4"," ","R","12","    36.4"," ","R","12","    31.4"," ","R","12","    29.4"," ","R","12","    26.4"," ","R","12","    16.4"," ","R","12","    14.4"," ","R","12","    31.7"," ","R","12","    29.7"," ","R","12","    16.5"," ","P","16","     7.0"," ","P","16","     3.9"," ","P","16","     1.9"," ","P","16","     0.6"," ","P","16","     0.0"," ","P","16","     0.0"," ","P","16","     0.0"," ","P","16","    0.03"," ","P","16","    0.08"," ","P","16","    0.21"," ","P","16","    0.60"," ","R","12","    4.14"," ","R","12","     0.0"," ","P","16","     0.0"," ","P","16","     0.0"," ","P","16","     0.0"," ","P","16","     0.0"," ","P","16","     0.0"," ","P","16","     0.0"," ","P","16","     0.0"," ","P","16"," -9999.0","M"," "," 0"," -9999.0","M"," "," 0"," -9999.0","M"," "," 0","     0.0"," ","P","16","     0.1"," ","P","16"
"USC00024849","08-17"," 36.8644","-111.6022"," 978.4","LEES FERRY, AZ US","08","17","99","    86.2"," ","R","12","    99.3"," ","R","12","    73.2"," ","R","15","    26.1"," ","R","12","     4.7"," ","R","12","     5.7"," ","R","12","     5.5"," ","R","15","     6.0"," ","R","12","     0.0"," ","R","12","     0.0"," ","R","12","     0.0"," ","R","12","     0.0"," ","R","12","     0.0"," ","R","12","     0.0"," ","R","12","     0.0"," ","R","12","    21.2"," ","R","12","    46.2"," ","R","12","    41.2"," ","R","12","    36.2"," ","R","12","    31.2"," ","R","12","    29.2"," ","R","12","    26.2"," ","R","12","    16.2"," ","R","12","    14.2"," ","R","12","    21.2"," ","R","12","    46.2"," ","R","12","    41.2"," ","R","12","    36.2"," ","R","12","    31.2"," ","R","12","    29.2"," ","R","12","    26.2"," ","R","12","    16.2"," ","R","12","    14.2"," ","R","12","    31.6"," ","R","12","    29.6"," ","R","12","    16.5"," ","P","16","     7.0"," ","P","16","     3.9"," ","P","16","     1.9"," ","P","16","     0.5"," ","P","16","     0.0"," ","P","16","     0.0"," ","P","16","     0.0"," ","P","16","    0.03"," ","P","16","    0.08"," ","P","16","    0.22"," ","P","16","    0.64"," ","R","12","    4.18"," ","R","12","     0.0"," ","P","16","     0.0"," ","P","16","     0.0"," ","P","16","     0.0"," ","P","16","     0.0"," ","P","16","     0.0"," ","P","16","     0.0"," ","P","16","     0.0"," ","P","16"," -9999.0","M"," "," 0"," -9999.0","M"," "," 0"," -9999.0","M"," "," 0","     0.0"," ","P","16","     0.1"," ","P","16"
"USC00024849","08-18"," 36.8644","-111.6022"," 978.4","LEES FERRY, AZ US","08","18","99","    86.1"," ","R","12","    99.1"," ","R","12","    73.0"," ","R","15","    26.1"," ","R","12","     4.7"," ","R","12","     5.7"," ","R","12","     5.5"," ","R","15","     5.9"," ","R","12","     0.0"," ","R","12","     0.0"," ","R","12","     0.0"," ","R","12","     0.0"," ","R","12","     0.0"," ","R","12","     0.0"," ","R","12","     0.0"," ","R","12","    21.0"," ","R","12","    46.0"," ","R","12","    41.0"," ","R","12","    36.0"," ","R","12","    31.1"," ","R","12","    29.0"," ","R","12","    26.0"," ","R","12","    16.0"," ","R","12","    14.0"," ","R","12","    21.0"," ","R","12","    46.0"," ","R","12","    41.0"," ","R","12","    36.0"," ","R","12","    31.1"," ","R","12","    29.0"," ","R","12","    26.0"," ","R","12","    16.0"," ","R","12","    14.0"," ","R","12","    31.5"," ","R","12","    29.5"," ","R","12","    16.4"," ","P","16","     6.9"," ","P","16","     3.9"," ","P","16","     1.9"," ","P","16","     0.5"," ","P","16","     0.0"," ","P","16","     0.0"," ","P","16","     0.0"," ","P","16","    0.03"," ","P","16","    0.07"," ","P","16","    0.22"," ","P","16","    0.67"," ","R","12","    4.21"," ","R","12","     0.0"," ","P","16","     0.0"," ","P","16","     0.0"," ","P","16","     0.0"," ","P","16","     0.0"," ","P","16","     0.0"," ","P","16","     0.0"," ","P","16","     0.0"," ","P","16"," -9999.0","M"," "," 0"," -9999.0","M"," "," 0"," -9999.0","M"," "," 0","     0.0"," ","P","16","     0.1"," ","P","16"
"USC00024849","08-19"," 36.8644","-111.6022"," 978.4","LEES FERRY, AZ US","08","19","99","    85.9"," ","R","12","    98.9"," ","R","12","    72.8"," ","R","15","    26.2"," ","R","12","     4.7"," ","R","12","     5.7"," ","R","12","     5.5"," ","R","15","     5.9"," ","R","12","     0.0"," ","R","12","     0.0"," ","R","12","     0.0"," ","R","12","     0.0"," ","R","12","     0.0"," ","R","12","     0.0"," ","R","12","     0.0"," ","R","12","    20.9"," ","R","12","    45.9"," ","R","12","    40.9"," ","R","12","    35.9"," ","R","12","    30.9"," ","R","12","    28.9"," ","R","12","    25.9"," ","R","12","    15.9"," ","R","12","    13.9"," ","R","12","    20.9"," ","R","12","    45.9"," ","R","12","    40.9"," ","R","12","    35.9"," ","R","12","    30.9"," ","R","12","    28.9"," ","R","12","    25.9"," ","R","12","    15.9"," ","R","12","    13.9"," ","R","12","    31.4"," ","R","12","    29.4"," ","R","12","    16.3"," ","P","16","     6.7"," ","P","16","     3.9"," ","P","16","     1.9"," ","P","16","     0.5"," ","P","16","     0.0"," ","P","16","     0.0"," ","P","16","     0.0"," ","P","16","    0.03"," ","P","16","    0.07"," ","P","16","    0.22"," ","P","16","    0.71"," ","R","12","    4.25"," ","R","12","     0.0"," ","P","16","     0.0"," ","P","16","     0.0"," ","P","16","     0.0"," ","P","16","     0.0"," ","P","16","     0.0"," ","P","16","     0.0"," ","P","16","     0.0"," ","P","16"," -9999.0","M"," "," 0"," -9999.0","M"," "," 0"," -9999.0","M"," "," 0","     0.0"," ","P","16","     0.1"," ","P","16"
"USC00024849","08-20"," 36.8644","-111.6022"," 978.4","LEES FERRY, AZ US","08","20","99","    85.7"," ","R","12","    98.7"," ","R","12","    72.6"," ","R","15","    26.2"," ","R","12","     4.7"," ","R","12","     5.7"," ","R","12","     5.5"," ","R","15","     5.9"," ","R","12","     0.0"," ","R","12","     0.0"," ","R","12","     0.0"," ","R","12","     0.0"," ","R","12","     0.0"," ","R","12","     0.0"," ","R","12","     0.0"," ","R","12","    20.6"," ","R","12","    45.6"," ","R","12","    40.6"," ","R","12","    35.6"," ","R","12","    30.7"," ","R","12","    28.6"," ","R","12","    25.6"," ","R","12","    15.6"," ","R","12","    13.6"," ","R","12","    20.6"," ","R","12","    45.6"," ","R","12","    40.6"," ","R","12","    35.6"," ","R","12","    30.7"," ","R","12","    28.6"," ","R","12","    25.6"," ","R","12","    15.6"," ","R","12","    13.6"," ","R","12","    31.3"," ","R","12","    29.3"," ","R","12","    16.2"," ","P","16","     6.6"," ","P","16","     3.9"," ","P","16","     1.9"," ","P","16","     0.5"," ","P","16","     0.0"," ","P","16","     0.0"," ","P","16","     0.0"," ","P","16","    0.03"," ","P","16","    0.07"," ","P","16","    0.22"," ","P","16","    0.74"," ","R","12","    4.28"," ","R","12","     0.0"," ","P","16","     0.0"," ","P","16","     0.0"," ","P","16","     0.0"," ","P","16","     0.0"," ","P","16","     0.0"," ","P","16","     0.0"," ","P","16","     0.0"," ","P","16"," -9999.0","M"," "," 0"," -9999.0","M"," "," 0"," -9999.0","M"," "," 0","     0.0"," ","P","16","     0.1"," ","P","16"
"USC00024849","08-21"," 36.8644","-111.6022"," 978.4","LEES FERRY, AZ US","08","21","99","    85.4"," ","R","12","    98.5"," ","R","12","    72.3"," ","R","15","    26.2"," ","R","12","     4.7"," ","R","12","     5.7"," ","R","12","     5.4"," ","R","15","     5.9"," ","R","12","     0.0"," ","R","12","     0.0"," ","R","12","     0.0"," ","R","12","     0.0"," ","R","12","     0.0"," ","R","12","     0.0"," ","R","12","     0.0"," ","R","12","    20.4"," ","R","12","    45.4"," ","R","12","    40.4"," ","R","12","    35.4"," ","R","12","    30.4"," ","R","12","    28.4"," ","R","12","    25.4"," ","R","12","    15.4"," ","R","12","    13.4"," ","R","12","    20.4"," ","R","12","    45.4"," ","R","12","    40.4"," ","R","12","    35.4"," ","R","12","    30.4"," ","R","12","    28.4"," ","R","12","    25.4"," ","R","12","    15.4"," ","R","12","    13.4"," ","R","12","    31.1"," ","R","12","    29.1"," ","R","12","    16.1"," ","P","16","     6.6"," ","P","16","     3.8"," ","P","16","     1.9"," ","P","16","     0.5"," ","P","16","     0.0"," ","P","16","     0.0"," ","P","16","     0.0"," ","P","16","    0.03"," ","P","16","    0.07"," ","P","16","    0.22"," ","P","16","    0.78"," ","R","12","    4.32"," ","R","12","     0.0"," ","P","16","     0.0"," ","P","16","     0.0"," ","P","16","     0.0"," ","P","16","     0.0"," ","P","16","     0.0"," ","P","16","     0.0"," ","P","16","     0.0"," ","P","16"," -9999.0","M"," "," 0"," -9999.0","M"," "," 0"," -9999.0","M"," "," 0","     0.0"," ","P","16","     0.1"," ","P","16"
"USC00024849","08-22"," 36.8644","-111.6022"," 978.4","LEES FERRY, AZ US","08","22","99","    85.2"," ","R","12","    98.3"," ","R","12","    72.1"," ","R","15","    26.2"," ","R","12","     4.7"," ","R","12","     5.7"," ","R","12","     5.4"," ","R","15","     5.9"," ","R","12","     0.0"," ","R","12","     0.0"," ","R","12","     0.0"," ","R","12","     0.0"," ","R","12","     0.0"," ","R","12","     0.0"," ","R","12","     0.0"," ","R","12","    20.2"," ","R","12","    45.2"," ","R","12","    40.2"," ","R","12","    35.2"," ","R","12","    30.2"," ","R","12","    28.2"," ","R","12","    25.2"," ","R","12","    15.2"," ","R","12","    13.2"," ","R","12","    20.2"," ","R","12","    45.2"," ","R","12","    40.2"," ","R","12","    35.2"," ","R","12","    30.2"," ","R","12","    28.2"," ","R","12","    25.2"," ","R","12","    15.2"," ","R","12","    13.2"," ","R","12","    31.0"," ","R","12","    29.0"," ","R","12","    15.9"," ","P","17","     6.4"," ","P","17","     3.8"," ","P","17","     1.9"," ","P","17","     0.5"," ","P","17","     0.0"," ","P","17","     0.0"," ","P","17","     0.0"," ","P","17","    0.03"," ","P","17","    0.07"," ","P","17","    0.22"," ","P","17","    0.81"," ","R","12","    4.35"," ","R","12","     0.0"," ","P","16","     0.0"," ","P","16","     0.0"," ","P","16","     0.0"," ","P","16","     0.0"," ","P","16","     0.0"," ","P","16","     0.0"," ","P","16","     0.0"," ","P","16"," -9999.0","M"," "," 0"," -9999.0","M"," "," 0"," -9999.0","M"," "," 0","     0.0"," ","P","16","     0.1"," ","P","16"
"USC00024849","08-23"," 36.8644","-111.6022"," 978.4","LEES FERRY, AZ US","08","23","99","    85.0"," ","R","12","    98.1"," ","R","12","    71.8"," ","R","15","    26.3"," ","R","12","     4.7"," ","R","12","     5.7"," ","R","12","     5.4"," ","R","15","     5.9"," ","R","12","     0.0"," ","R","12","     0.0"," ","R","12","     0.0"," ","R","12","     0.0"," ","R","12","     0.0"," ","R","12","     0.0"," ","R","12","     0.0"," ","R","12","    20.0"," ","R","12","    45.0"," ","R","12","    40.0"," ","R","12","    35.0"," ","R","12","    30.0"," ","R","12","    28.0"," ","R","12","    25.0"," ","R","12","    15.0"," ","R","12","    13.0"," ","R","12","    20.0"," ","R","12","    45.0"," ","R","12","    40.0"," ","R","12","    35.0"," ","R","12","    30.0"," ","R","12","    28.0"," ","R","12","    25.0"," ","R","12","    15.0"," ","R","12","    13.0"," ","R","12","    30.9"," ","R","12","    28.9"," ","R","12","    15.7"," ","P","17","     6.3"," ","P","17","     3.8"," ","P","17","     1.8"," ","P","17","     0.5"," ","P","17","     0.0"," ","P","17","     0.0"," ","P","17","     0.0"," ","P","17","    0.03"," ","P","17","    0.07"," ","P","17","    0.22"," ","P","17","    0.84"," ","R","12","    4.38"," ","R","12","     0.0"," ","P","16","     0.0"," ","P","16","     0.0"," ","P","16","     0.0"," ","P","16","     0.0"," ","P","16","     0.0"," ","P","16","     0.0"," ","P","16","     0.0"," ","P","16"," -9999.0","M"," "," 0"," -9999.0","M"," "," 0"," -9999.0","M"," "," 0","     0.0"," ","P","16","     0.1"," ","P","16"
"USC00024849","08-24"," 36.8644","-111.6022"," 978.4","LEES FERRY, AZ US","08","24","99","    84.7"," ","R","12","    97.9"," ","R","12","    71.6"," ","R","15","    26.3"," ","R","12","     4.6"," ","R","12","     5.7"," ","R","12","     5.3"," ","R","15","     5.9"," ","R","12","     0.0"," ","R","12","     0.0"," ","R","12","     0.0"," ","R","12","     0.0"," ","R","12","     0.0"," ","R","12","     0.0"," ","R","12","     0.0"," ","R","12","    19.7"," ","R","12","    44.7"," ","R","12","    39.7"," ","R","12","    34.7"," ","R","12","    29.7"," ","R","12","    27.7"," ","R","12","    24.7"," ","R","12","    14.7"," ","R","12","    12.7"," ","R","12","    19.7"," ","R","12","    44.7"," ","R","12","    39.7"," ","R","12","    34.7"," ","R","12","    29.7"," ","R","12","    27.7"," ","R","12","    24.7"," ","R","12","    14.7"," ","R","12","    12.7"," ","R","12","    30.7"," ","R","12","    28.7"," ","R","12","    15.4"," ","P","17","     6.2"," ","P","17","     3.7"," ","P","17","     1.8"," ","P","17","     0.5"," ","P","17","     0.0"," ","P","17","     0.0"," ","P","17","     0.0"," ","P","17","    0.03"," ","P","17","    0.07"," ","P","17","    0.22"," ","P","17","    0.87"," ","R","12","    4.41"," ","R","12","     0.0"," ","P","16","     0.0"," ","P","16","     0.0"," ","P","16","     0.0"," ","P","16","     0.0"," ","P","16","     0.0"," ","P","16","     0.0"," ","P","16","     0.0"," ","P","16"," -9999.0","M"," "," 0"," -9999.0","M"," "," 0"," -9999.0","M"," "," 0","     0.0"," ","P","16","     0.1"," ","P","16"
"USC00024849","08-25"," 36.8644","-111.6022"," 978.4","LEES FERRY, AZ US","08","25","99","    84.5"," ","R","12","    97.6"," ","R","12","    71.3"," ","R","15","    26.3"," ","R","12","     4.6"," ","R","12","     5.7"," ","R","12","     5.3"," ","R","15","     5.9"," ","R","12","     0.0"," ","R","12","     0.0"," ","R","12","     0.0"," ","R","12","     0.0"," ","R","12","     0.0"," ","R","12","     0.0"," ","R","12","     0.0"," ","R","12","    19.4"," ","R","12","    44.4"," ","R","12","    39.5"," ","R","12","    34.5"," ","R","12","    29.5"," ","R","12","    27.5"," ","R","12","    24.5"," ","R","12","    14.5"," ","R","12","    12.5"," ","R","12","    19.4"," ","R","12","    44.4"," ","R","12","    39.5"," ","R","12","    34.5"," ","R","12","    29.5"," ","R","12","    27.5"," ","R","12","    24.5"," ","R","12","    14.5"," ","R","12","    12.5"," ","R","12","    30.6"," ","R","12","    28.6"," ","R","12","    15.2"," ","P","17","     6.1"," ","P","17","     3.7"," ","P","17","     1.8"," ","P","17","     0.5"," ","P","17","     0.0"," ","P","17","     0.0"," ","P","17","     0.0"," ","P","17","    0.03"," ","P","17","    0.07"," ","P","17","    0.23"," ","P","17","    0.90"," ","R","12","    4.44"," ","R","12","     0.0"," ","P","16","     0.0"," ","P","16","     0.0"," ","P","16","     0.0"," ","P","16","     0.0"," ","P","16","     0.0"," ","P","16","     0.0"," ","P","16","     0.0"," ","P","16"," -9999.0","M"," "," 0"," -9999.0","M"," "," 0"," -9999.0","M"," "," 0","     0.0"," ","P","16","     0.1"," ","P","16"
"USC00024849","08-26"," 36.8644","-111.6022"," 978.4","LEES FERRY, AZ US","08","26","99","    84.2"," ","R","12","    97.3"," ","R","12","    71.0"," ","R","15","    26.3"," ","R","12","     4.6"," ","R","12","     5.8"," ","R","12","     5.3"," ","R","15","     5.9"," ","R","12","     0.0"," ","R","12","     0.0"," ","R","12","     0.0"," ","R","12","     0.0"," ","R","12","     0.0"," ","R","12","     0.0"," ","R","12","     0.0"," ","R","12","    19.2"," ","R","12","    44.2"," ","R","12","    39.2"," ","R","12","    34.2"," ","R","12","    29.2"," ","R","12","    27.2"," ","R","12","    24.2"," ","R","12","    14.2"," ","R","12","    12.2"," ","R","12","    19.2"," ","R","12","    44.2"," ","R","12","    39.2"," ","R","12","    34.2"," ","R","12","    29.2"," ","R","12","    27.2"," ","R","12","    24.2"," ","R","12","    14.2"," ","R","12","    12.2"," ","R","12","    30.4"," ","R","12","    28.4"," ","R","12","    15.0"," ","P","16","     6.0"," ","P","16","     3.7"," ","P","16","     1.8"," ","P","16","     0.5"," ","P","16","     0.0"," ","P","16","     0.0"," ","P","16","     0.0"," ","P","16","    0.03"," ","P","16","    0.07"," ","P","16","    0.23"," ","P","16","    0.94"," ","R","12","    4.48"," ","R","12","     0.0"," ","P","16","     0.0"," ","P","16","     0.0"," ","P","16","     0.0"," ","P","16","     0.0"," ","P","16","     0.0"," ","P","16","     0.0"," ","P","16","     0.0"," ","P","16"," -9999.0","M"," "," 0"," -9999.0","M"," "," 0"," -9999.0","M"," "," 0","     0.0"," ","P","16","     0.1"," ","P","16"
"USC00024849","08-27"," 36.8644","-111.6022"," 978.4","LEES FERRY, AZ US","08","27","99","    83.9"," ","R","12","    97.0"," ","R","12","    70.7"," ","R","15","    26.3"," ","R","12","     4.6"," ","R","12","     5.8"," ","R","12","     5.2"," ","R","15","     5.9"," ","R","12","     0.0"," ","R","12","     0.0"," ","R","12","     0.0"," ","R","12","     0.0"," ","R","12","     0.0"," ","R","12","     0.0"," ","R","12","     0.0"," ","R","12","    18.9"," ","R","12","    43.9"," ","R","12","    38.9"," ","R","12","    33.9"," ","R","12","    28.9"," ","R","12","    26.9"," ","R","12","    23.9"," ","R","12","    13.9"," ","R","12","    11.9"," ","R","12","    18.9"," ","R","12","    43.9"," ","R","12","    38.9"," ","R","12","    33.9"," ","R","12","    28.9"," ","R","12","    26.9"," ","R","12","    23.9"," ","R","12","    13.9"," ","R","12","    11.9"," ","R","12","    30.3"," ","R","12","    28.3"," ","R","12","    14.7"," ","P","15","     5.9"," ","P","15","     3.6"," ","P","15","     1.8"," ","P","15","     0.5"," ","P","15","     0.0"," ","P","15","     0.0"," ","P","15","     0.0"," ","P","15","    0.03"," ","P","15","    0.07"," ","P","15","    0.23"," ","P","15","    0.97"," ","R","12","    4.51"," ","R","12","     0.0"," ","P","15","     0.0"," ","P","15","     0.0"," ","P","15","     0.0"," ","P","15","     0.0"," ","P","15","     0.0"," ","P","15","     0.0"," ","P","15","     0.0"," ","P","15"," -9999.0","M"," "," 0"," -9999.0","M"," "," 0"," -9999.0","M"," "," 0","     0.0"," ","P","16","     0.1"," ","P","16"
"USC00024849","08-28"," 36.8644","-111.6022"," 978.4","LEES FERRY, AZ US","08","28","99","    83.6"," ","R","12","    96.7"," ","R","12","    70.4"," ","R","15","    26.3"," ","R","12","     4.6"," ","R","12","     5.8"," ","R","12","     5.2"," ","R","15","     5.9"," ","R","12","     0.0"," ","R","12","     0.0"," ","R","12","     0.0"," ","R","12","     0.0"," ","R","12","     0.0"," ","R","12","     0.0"," ","R","12","     0.0"," ","R","12","    18.6"," ","R","12","    43.6"," ","R","12","    38.6"," ","R","12","    33.6"," ","R","12","    28.6"," ","R","12","    26.6"," ","R","12","    23.6"," ","R","12","    13.6"," ","R","12","    11.6"," ","R","12","    18.6"," ","R","12","    43.6"," ","R","12","    38.6"," ","R","12","    33.6"," ","R","12","    28.6"," ","R","12","    26.6"," ","R","12","    23.6"," ","R","12","    13.6"," ","R","12","    11.6"," ","R","12","    30.1"," ","R","12","    28.1"," ","R","12","    14.5"," ","P","15","     5.8"," ","P","15","     3.6"," ","P","15","     1.7"," ","P","15","     0.5"," ","P","15","     0.0"," ","P","15","     0.0"," ","P","15","     0.0"," ","P","15","    0.03"," ","P","15","    0.07"," ","P","15","    0.23"," ","P","15","    1.00"," ","R","12","    4.54"," ","R","12","     0.0"," ","P","15","     0.0"," ","P","15","     0.0"," ","P","15","     0.0"," ","P","15","     0.0"," ","P","15","     0.0"," ","P","15","     0.0"," ","P","15","     0.0"," ","P","15"," -9999.0","M"," "," 0"," -9999.0","M"," "," 0"," -9999.0","M"," "," 0","     0.0"," ","P","16","     0.1"," ","P","16"
"USC00024849","08-29"," 36.8644","-111.6022"," 978.4","LEES FERRY, AZ US","08","29","99","    83.3"," ","R","12","    96.4"," ","R","12","    70.1"," ","R","15","    26.3"," ","R","12","     4.6"," ","R","12","     5.8"," ","R","12","     5.2"," ","R","15","     5.9"," ","R","12","     0.0"," ","R","12","     0.0"," ","R","12","     0.0"," ","R","12","     0.0"," ","R","12","     0.0"," ","R","12","     0.0"," ","R","12","     0.0"," ","R","12","    18.3"," ","R","12","    43.3"," ","R","12","    38.3"," ","R","12","    33.3"," ","R","12","    28.3"," ","R","12","    26.3"," ","R","12","    23.3"," ","R","12","    13.3"," ","R","12","    11.3"," ","R","12","    18.3"," ","R","12","    43.3"," ","R","12","    38.3"," ","R","12","    33.3"," ","R","12","    28.3"," ","R","12","    26.3"," ","R","12","    23.3"," ","R","12","    13.3"," ","R","12","    11.3"," ","R","12","    30.0"," ","R","12","    28.0"," ","R","12","    14.2"," ","P","15","     5.7"," ","P","15","     3.6"," ","P","15","     1.7"," ","P","15","     0.4"," ","P","15","     0.0"," ","P","15","     0.0"," ","P","15","     0.0"," ","P","15","    0.03"," ","P","15","    0.07"," ","P","15","    0.24"," ","P","15","    1.03"," ","R","12","    4.57"," ","R","12","     0.0"," ","P","15","     0.0"," ","P","15","     0.0"," ","P","15","     0.0"," ","P","15","     0.0"," ","P","15","     0.0"," ","P","15","     0.0"," ","P","15","     0.0"," ","P","15"," -9999.0","M"," "," 0"," -9999.0","M"," "," 0"," -9999.0","M"," "," 0","     0.0"," ","P","16","     0.1"," ","P","16"
"USC00024849","08-30"," 36.8644","-111.6022"," 978.4","LEES FERRY, AZ US","08","30","99","    83.0"," ","R","12","    96.1"," ","R","12","    69.8"," ","R","15","    26.3"," ","R","12","     4.6"," ","R","12","     5.9"," ","R","12","     5.1"," ","R","15","     6.0"," ","R","12","     0.0"," ","R","12","     0.0"," ","R","12","     0.0"," ","R","12","     0.0"," ","R","12","     0.0"," ","R","12","     0.0"," ","R","12","     0.0"," ","R","12","    18.0"," ","R","12","    43.0"," ","R","12","    38.0"," ","R","12","    33.0"," ","R","12","    28.0"," ","R","12","    26.0"," ","R","12","    23.0"," ","R","12","    13.0"," ","R","12","    11.0"," ","R","12","    18.0"," ","R","12","    43.0"," ","R","12","    38.0"," ","R","12","    33.0"," ","R","12","    28.0"," ","R","12","    26.0"," ","R","12","    23.0"," ","R","12","    13.0"," ","R","12","    11.0"," ","R","12","    29.8"," ","R","12","    27.8"," ","R","12","    14.0"," ","P","14","     5.6"," ","P","14","     3.5"," ","P","14","     1.7"," ","P","14","     0.4"," ","P","14","     0.0"," ","P","14","     0.0"," ","P","14","     0.0"," ","P","14","    0.03"," ","P","14","    0.07"," ","P","14","    0.24"," ","P","14","    1.07"," ","R","12","    4.61"," ","R","12","     0.0"," ","P","15","     0.0"," ","P","15","     0.0"," ","P","15","     0.0"," ","P","15","     0.0"," ","P","15","     0.0"," ","P","15","     0.0"," ","P","15","     0.0"," ","P","15"," -9999.0","M"," "," 0"," -9999.0","M"," "," 0"," -9999.0","M"," "," 0","     0.0"," ","P","16","     0.1"," ","P","16"
"USC00024849","08-31"," 36.8644","-111.6022"," 978.4","LEES FERRY, AZ US","08","31","99","    82.6"," ","R","12","    95.8"," ","R","12","    69.5"," ","R","15","    26.3"," ","R","12","     4.6"," ","R","12","     5.9"," ","R","12","     5.1"," ","R","15","     6.0"," ","R","12","     0.0"," ","R","12","     0.0"," ","R","12","     0.0"," ","R","12","     0.0"," ","R","12","     0.0"," ","R","12","     0.0"," ","R","12","     0.0"," ","R","12","    17.6"," ","R","12","    42.6"," ","R","12","    37.6"," ","R","12","    32.6"," ","R","12","    27.6"," ","R","12","    25.6"," ","R","12","    22.6"," ","R","12","    12.6"," ","R","12","    10.7"," ","R","12","    17.6"," ","R","12","    42.6"," ","R","12","    37.6"," ","R","12","    32.6"," ","R","12","    27.6"," ","R","12","    25.6"," ","R","12","    22.6"," ","R","12","    12.6"," ","R","12","    10.7"," ","R","12","    29.6"," ","R","12","    27.6"," ","R","12","    13.7"," ","P","14","     5.5"," ","P","14","     3.5"," ","P","14","     1.7"," ","P","14","     0.4"," ","P","14","     0.0"," ","P","14","     0.0"," ","P","14","     0.0"," ","P","14","    0.03"," ","P","14","    0.07"," ","P","14","    0.24"," ","P","14","    1.10"," ","R","12","    4.64"," ","R","12","     0.0"," ","P","15","     0.0"," ","P","15","     0.0"," ","P","15","     0.0"," ","P","15","     0.0"," ","P","15","     0.0"," ","P","15","     0.0"," ","P","15","     0.0"," ","P","15"," -9999.0","M"," "," 0"," -9999.0","M"," "," 0"," -9999.0","M"," "," 0","     0.0"," ","P","16","     0.1"," ","P","16"
"USC00024849","09-01"," 36.8644","-111.6022"," 978.4","LEES FERRY, AZ US","09","01","99","    82.3"," ","R","14","    95.4"," ","R","14","    69.2"," ","R","14","    26.3"," ","R","14","     4.7"," ","R","14","     6.0"," ","R","14","     5.1"," ","R","14","     6.0"," ","R","14","     0.0"," ","R","14","     0.0"," ","R","14","     0.0"," ","R","14","     0.0"," ","R","14","     0.0"," ","R","14","     0.0"," ","R","14","     0.0"," ","R","14","    17.3"," ","R","14","    42.3"," ","R","14","    37.3"," ","R","14","    32.3"," ","R","14","    27.3"," ","R","14","    25.3"," ","R","14","    22.3"," ","R","14","    12.3"," ","R","14","    10.3"," ","R","14","    17.3"," ","R","14","    42.3"," ","R","14","    37.3"," ","R","14","    32.3"," ","R","14","    27.3"," ","R","14","    25.3"," ","R","14","    22.3"," ","R","14","    12.3"," ","R","14","    10.3"," ","R","14","    29.4"," ","R","14","    27.4"," ","R","14","    13.4"," ","P","14","     5.4"," ","P","14","     3.4"," ","P","14","     1.6"," ","P","14","     0.4"," ","P","14","     0.0"," ","P","14","     0.0"," ","P","14","     0.0"," ","P","14","    0.03"," ","P","14","    0.07"," ","P","14","    0.24"," ","P","14","    0.05"," ","R","14","    4.69"," ","R","14","     0.0"," ","P","15","     0.0"," ","P","15","     0.0"," ","P","15","     0.0"," ","P","15","     0.0"," ","P","15","     0.0"," ","P","15","     0.0"," ","P","15","     0.0"," ","P","15"," -9999.0","M"," "," 0"," -9999.0","M"," "," 0"," -9999.0","M"," "," 0","     0.0"," ","P","16","     0.1"," ","P","16"
"USC00024849","09-02"," 36.8644","-111.6022"," 978.4","LEES FERRY, AZ US","09","02","99","    81.9"," ","R","14","    95.0"," ","R","14","    68.8"," ","R","14","    26.2"," ","R","14","     4.7"," ","R","14","     6.0"," ","R","14","     5.0"," ","R","14","     6.1"," ","R","14","     0.0"," ","R","14","     0.0"," ","R","14","     0.0"," ","R","14","     0.0"," ","R","14","     0.0"," ","R","14","     0.0"," ","R","14","     0.0"," ","R","14","    16.9"," ","R","14","    41.9"," ","R","14","    36.9"," ","R","14","    31.9"," ","R","14","    26.9"," ","R","14","    24.9"," ","R","14","    21.9"," ","R","14","    11.9"," ","R","14","    10.0"," ","R","14","    16.9"," ","R","14","    41.9"," ","R","14","    36.9"," ","R","14","    31.9"," ","R","14","    26.9"," ","R","14","    24.9"," ","R","14","    21.9"," ","R","14","    11.9"," ","R","14","    10.0"," ","R","14","    29.2"," ","R","14","    27.2"," ","R","14","    13.1"," ","P","14","     5.3"," ","P","14","     3.3"," ","P","14","     1.6"," ","P","14","     0.4"," ","P","14","     0.0"," ","P","14","     0.0"," ","P","14","     0.0"," ","P","14","    0.03"," ","P","14","    0.07"," ","P","14","    0.24"," ","P","14","    0.09"," ","R","14","    4.73"," ","R","14","     0.0"," ","P","15","     0.0"," ","P","15","     0.0"," ","P","15","     0.0"," ","P","15","     0.0"," ","P","15","     0.0"," ","P","15","     0.0"," ","P","15","     0.0"," ","P","15"," -9999.0","M"," "," 0"," -9999.0","M"," "," 0"," -9999.0","M"," "," 0","     0.0"," ","P","16","     0.1"," ","P","16"
"USC00024849","09-03"," 36.8644","-111.6022"," 978.4","LEES FERRY, AZ US","09","03","99","    81.6"," ","R","14","    94.7"," ","R","14","    68.4"," ","R","14","    26.2"," ","R","14","     4.7"," ","R","14","     6.1"," ","R","14","     5.0"," ","R","14","     6.1"," ","R","14","     0.0"," ","R","14","     0.0"," ","R","14","     0.0"," ","R","14","     0.0"," ","R","14","     0.0"," ","R","14","     0.0"," ","R","14","     0.0"," ","R","14","    16.5"," ","R","14","    41.5"," ","R","14","    36.5"," ","R","14","    31.5"," ","R","14","    26.6"," ","R","14","    24.5"," ","R","14","    21.5"," ","R","14","    11.6"," ","R","14","     9.6"," ","R","14","    16.5"," ","R","14","    41.5"," ","R","14","    36.5"," ","R","14","    31.5"," ","R","14","    26.6"," ","R","14","    24.5"," ","R","14","    21.5"," ","R","14","    11.6"," ","R","14","     9.6"," ","R","14","    29.0"," ","R","14","    27.0"," ","R","14","    12.9"," ","P","14","     5.2"," ","P","14","     3.3"," ","P","14","     1.6"," ","P","14","     0.4"," ","P","14","     0.0"," ","P","14","     0.0"," ","P","14","     0.0"," ","P","14","    0.03"," ","P","14","    0.07"," ","P","14","    0.24"," ","P","14","    0.13"," ","R","14","    4.77"," ","R","14","     0.0"," ","P","15","     0.0"," ","P","15","     0.0"," ","P","15","     0.0"," ","P","15","     0.0"," ","P","15","     0.0"," ","P","15","     0.0"," ","P","15","     0.0"," ","P","15"," -9999.0","M"," "," 0"," -9999.0","M"," "," 0"," -9999.0","M"," "," 0","     0.0"," ","P","16","     0.1"," ","P","16"
"USC00024849","09-04"," 36.8644","-111.6022"," 978.4","LEES FERRY, AZ US","09","04","99","    81.2"," ","R","14","    94.3"," ","R","14","    68.1"," ","R","14","    26.2"," ","R","14","     4.7"," ","R","14","     6.2"," ","R","14","     5.0"," ","R","14","     6.1"," ","R","14","     0.0"," ","R","14","     0.0"," ","R","14","     0.0"," ","R","14","     0.0"," ","R","14","     0.0"," ","R","14","     0.0"," ","R","14","     0.0"," ","R","14","    16.2"," ","R","14","    41.2"," ","R","14","    36.2"," ","R","14","    31.2"," ","R","14","    26.2"," ","R","14","    24.2"," ","R","14","    21.2"," ","R","14","    11.2"," ","R","14","     9.3"," ","R","14","    16.2"," ","R","14","    41.2"," ","R","14","    36.2"," ","R","14","    31.2"," ","R","14","    26.2"," ","R","14","    24.2"," ","R","14","    21.2"," ","R","14","    11.2"," ","R","14","     9.3"," ","R","14","    28.8"," ","R","14","    26.8"," ","R","14","    12.6"," ","P","14","     5.2"," ","P","14","     3.2"," ","P","14","     1.6"," ","P","14","     0.4"," ","P","14","     0.0"," ","P","14","     0.0"," ","P","14","     0.0"," ","P","14","    0.03"," ","P","14","    0.06"," ","P","14","    0.24"," ","P","14","    0.17"," ","R","14","    4.81"," ","R","14","     0.0"," ","P","15","     0.0"," ","P","15","     0.0"," ","P","15","     0.0"," ","P","15","     0.0"," ","P","15","     0.0"," ","P","15","     0.0"," ","P","15","     0.0"," ","P","15"," -9999.0","M"," "," 0"," -9999.0","M"," "," 0"," -9999.0","M"," "," 0","     0.0"," ","P","16","     0.1"," ","P","16"
"USC00024849","09-05"," 36.8644","-111.6022"," 978.4","LEES FERRY, AZ US","09","05","99","    80.8"," ","R","14","    93.9"," ","R","14","    67.7"," ","R","14","    26.2"," ","R","14","     4.7"," ","R","14","     6.3"," ","R","14","     5.0"," ","R","14","     6.1"," ","R","14","     0.0"," ","R","14","     0.0"," ","R","14","     0.0"," ","R","14","     0.0"," ","R","14","     0.0"," ","R","14","     0.0"," ","R","14","     0.0"," ","R","14","    15.8"," ","R","14","    40.8"," ","R","14","    35.8"," ","R","14","    30.8"," ","R","14","    25.8"," ","R","14","    23.8"," ","R","14","    20.8"," ","R","14","    10.8"," ","R","14","     8.9"," ","R","14","    15.8"," ","R","14","    40.8"," ","R","14","    35.8"," ","R","14","    30.8"," ","R","14","    25.8"," ","R","14","    23.8"," ","R","14","    20.8"," ","R","14","    10.8"," ","R","14","     8.9"," ","R","14","    28.6"," ","R","14","    26.6"," ","R","14","    12.4"," ","P","14","     5.1"," ","P","14","     3.2"," ","P","14","     1.6"," ","P","14","     0.4"," ","P","14","     0.0"," ","P","14","     0.0"," ","P","14","     0.0"," ","P","14","    0.03"," ","P","14","    0.07"," ","P","14","    0.24"," ","P","14","    0.21"," ","R","14","    4.85"," ","R","14","     0.0"," ","P","15","     0.0"," ","P","15","     0.0"," ","P","15","     0.0"," ","P","15","     0.0"," ","P","15","     0.0"," ","P","15","     0.0"," ","P","15","     0.0"," ","P","15"," -9999.0","M"," "," 0"," -9999.0","M"," "," 0"," -9999.0","M"," "," 0","     0.0"," ","P","16","     0.1"," ","P","16"
"USC00024849","09-06"," 36.8644","-111.6022"," 978.4","LEES FERRY, AZ US","09","06","99","    80.4"," ","R","14","    93.5"," ","R","14","    67.3"," ","R","14","    26.2"," ","R","14","     4.8"," ","R","14","     6.3"," ","R","14","     5.0"," ","R","14","     6.1"," ","R","14","     0.0","X","R","14","     0.0"," ","R","14","     0.0"," ","R","14","     0.0"," ","R","14","     0.0"," ","R","14","     0.0"," ","R","14","     0.0"," ","R","14","    15.4"," ","R","14","    40.4"," ","R","14","    35.4"," ","R","14","    30.4"," ","R","14","    25.4"," ","R","14","    23.4"," ","R","14","    20.4"," ","R","14","    10.4"," ","R","14","     8.5"," ","R","14","    15.4"," ","R","14","    40.4"," ","R","14","    35.4"," ","R","14","    30.4"," ","R","14","    25.4"," ","R","14","    23.4"," ","R","14","    20.4"," ","R","14","    10.4"," ","R","14","     8.5"," ","R","14","    28.4"," ","R","14","    26.4"," ","R","14","    12.2"," ","P","15","     5.1"," ","P","15","     3.2"," ","P","15","     1.5"," ","P","15","     0.4"," ","P","15","     0.0"," ","P","15","     0.0"," ","P","15","     0.0"," ","P","15","    0.03"," ","P","15","    0.06"," ","P","15","    0.25"," ","P","15","    0.25"," ","R","14","    4.89"," ","R","14","     0.0"," ","P","16","     0.0"," ","P","16","     0.0"," ","P","16","     0.0"," ","P","16","     0.0"," ","P","16","     0.0"," ","P","16","     0.0"," ","P","16","     0.0"," ","P","16"," -9999.0","M"," "," 0"," -9999.0","M"," "," 0"," -9999.0","M"," "," 0","     0.0"," ","P","16","     0.1"," ","P","16"
"USC00024849","09-07"," 36.8644","-111.6022"," 978.4","LEES FERRY, AZ US","09","07","99","    80.0"," ","R","14","    93.0"," ","R","14","    66.9"," ","R","14","    26.1"," ","R","14","     4.8"," ","R","14","     6.4"," ","R","14","     4.9"," ","R","14","     6.1"," ","R","14","     0.0","X","R","14","     0.0"," ","R","14","     0.0"," ","R","14","     0.0"," ","R","14","     0.0"," ","R","14","     0.0"," ","R","14","     0.0"," ","R","14","    15.0"," ","R","14","    40.0"," ","R","14","    35.0"," ","R","14","    30.0"," ","R","14","    25.0"," ","R","14","    23.0"," ","R","14","    20.0"," ","R","14","    10.0"," ","R","14","     8.1"," ","R","14","    15.0"," ","R","14","    40.0"," ","R","14","    35.0"," ","R","14","    30.0"," ","R","14","    25.0"," ","R","14","    23.0"," ","R","14","    20.0"," ","R","14","    10.0"," ","R","14","     8.1"," ","R","14","    28.1"," ","R","14","    26.1"," ","R","14","    12.0"," ","P","15","     5.1"," ","P","15","     3.1"," ","P","15","     1.5"," ","P","15","     0.4"," ","P","15","     0.0"," ","P","15","     0.0"," ","P","15","     0.0"," ","P","15","    0.03"," ","P","15","    0.07"," ","P","15","    0.25"," ","P","15","    0.28"," ","R","14","    4.92"," ","R","14","     0.0"," ","P","16","     0.0"," ","P","16","     0.0"," ","P","16","     0.0"," ","P","16","     0.0"," ","P","16","     0.0"," ","P","16","     0.0"," ","P","16","     0.0"," ","P","16"," -9999.0","M"," "," 0"," -9999.0","M"," "," 0"," -9999.0","M"," "," 0","     0.0"," ","P","16","     0.1"," ","P","16"
"USC00024849","09-08"," 36.8644","-111.6022"," 978.4","LEES FERRY, AZ US","09","08","99","    79.6"," ","R","14","    92.6"," ","R","14","    66.5"," ","R","14","    26.1"," ","R","14","     4.8"," ","R","14","     6.4"," ","R","14","     4.9"," ","R","14","     6.1"," ","R","14","     0.0","X","R","14","     0.0"," ","R","14","     0.0"," ","R","14","     0.0"," ","R","14","     0.0"," ","R","14","     0.0"," ","R","14","     0.0"," ","R","14","    14.6"," ","R","14","    39.5"," ","R","14","    34.5"," ","R","14","    29.5"," ","R","14","    24.6"," ","R","14","    22.5"," ","R","14","    19.5"," ","R","14","     9.6"," ","R","14","     7.7"," ","R","14","    14.6"," ","R","14","    39.5"," ","R","14","    34.5"," ","R","14","    29.5"," ","R","14","    24.6"," ","R","14","    22.5"," ","R","14","    19.5"," ","R","14","     9.6"," ","R","14","     7.7"," ","R","14","    27.9"," ","R","14","    25.9"," ","R","14","    11.8"," ","P","15","     5.1"," ","P","15","     3.1"," ","P","15","     1.5"," ","P","15","     0.4"," ","P","15","     0.0"," ","P","15","     0.0"," ","P","15","     0.0"," ","P","15","    0.03"," ","P","15","    0.07"," ","P","15","    0.25"," ","P","15","    0.32"," ","R","14","    4.96"," ","R","14","     0.0"," ","P","16","     0.0"," ","P","16","     0.0"," ","P","16","     0.0"," ","P","16","     0.0"," ","P","16","     0.0"," ","P","16","     0.0"," ","P","16","     0.0"," ","P","16"," -9999.0","M"," "," 0"," -9999.0","M"," "," 0"," -9999.0","M"," "," 0","     0.0"," ","P","16","     0.1"," ","P","16"
"USC00024849","09-09"," 36.8644","-111.6022"," 978.4","LEES FERRY, AZ US","09","09","99","    79.1"," ","R","14","    92.2"," ","R","14","    66.1"," ","R","14","    26.1"," ","R","14","     4.9"," ","R","14","     6.5"," ","R","14","     4.9"," ","R","14","     6.1"," ","R","14","     0.0","X","R","14","     0.0"," ","R","14","     0.0"," ","R","14","     0.0"," ","R","14","     0.0"," ","R","14","     0.0"," ","R","14","     0.0"," ","R","14","    14.1"," ","R","14","    39.1"," ","R","14","    34.1"," ","R","14","    29.1"," ","R","14","    24.1"," ","R","14","    22.1"," ","R","14","    19.1"," ","R","14","     9.2"," ","R","14","     7.3"," ","R","14","    14.1"," ","R","14","    39.1"," ","R","14","    34.1"," ","R","14","    29.1"," ","R","14","    24.1"," ","R","14","    22.1"," ","R","14","    19.1"," ","R","14","     9.2"," ","R","14","     7.3"," ","R","14","    27.6"," ","R","14","    25.6"," ","R","14","    11.7"," ","P","15","     5.1"," ","P","15","     3.1"," ","P","15","     1.5"," ","P","15","     0.4"," ","P","15","     0.0"," ","P","15","     0.0"," ","P","15","     0.0"," ","P","15","    0.03"," ","P","15","    0.07"," ","P","15","    0.25"," ","P","15","    0.36"," ","R","14","    5.00"," ","R","14","     0.0"," ","P","16","     0.0"," ","P","16","     0.0"," ","P","16","     0.0"," ","P","16","     0.0"," ","P","16","     0.0"," ","P","16","     0.0"," ","P","16","     0.0"," ","P","16"," -9999.0","M"," "," 0"," -9999.0","M"," "," 0"," -9999.0","M"," "," 0","     0.0"," ","P","16","     0.1"," ","P","16"
"USC00024849","09-10"," 36.8644","-111.6022"," 978.4","LEES FERRY, AZ US","09","10","99","    78.7"," ","R","14","    91.7"," ","R","14","    65.7"," ","R","14","    26.1"," ","R","14","     4.9"," ","R","14","     6.5"," ","R","14","     4.9"," ","R","14","     6.1"," ","R","14","     0.0","X","R","14","     0.0"," ","R","14","     0.0"," ","R","14","     0.0"," ","R","14","     0.0"," ","R","14","     0.0"," ","R","14","     0.0"," ","R","14","    13.7"," ","R","14","    38.7"," ","R","14","    33.7"," ","R","14","    28.7"," ","R","14","    23.7"," ","R","14","    21.7"," ","R","14","    18.7"," ","R","14","     8.8"," ","R","14","     7.0"," ","R","14","    13.7"," ","R","14","    38.7"," ","R","14","    33.7"," ","R","14","    28.7"," ","R","14","    23.7"," ","R","14","    21.7"," ","R","14","    18.7"," ","R","14","     8.8"," ","R","14","     7.0"," ","R","14","    27.4"," ","R","14","    25.4"," ","R","14","    11.5"," ","P","15","     5.2"," ","P","15","     3.1"," ","P","15","     1.5"," ","P","15","     0.4"," ","P","15","     0.0"," ","P","15","     0.0"," ","P","15","     0.0"," ","P","15","    0.03"," ","P","15","    0.07"," ","P","15","    0.26"," ","P","15","    0.40"," ","R","14","    5.04"," ","R","14","     0.0"," ","P","16","     0.0"," ","P","16","     0.0"," ","P","16","     0.0"," ","P","16","     0.0"," ","P","16","     0.0"," ","P","16","     0.0"," ","P","16","     0.0"," ","P","16"," -9999.0","M"," "," 0"," -9999.0","M"," "," 0"," -9999.0","M"," "," 0","     0.0"," ","P","16","     0.1"," ","P","16"
"USC00024849","09-11"," 36.8644","-111.6022"," 978.4","LEES FERRY, AZ US","09","11","99","    78.3"," ","R","14","    91.3"," ","R","14","    65.2"," ","R","14","    26.0"," ","R","14","     4.9"," ","R","14","     6.6"," ","R","14","     4.9"," ","R","14","     6.1"," ","R","14","     0.0","X","R","14","     0.0"," ","R","14","     0.0"," ","R","14","     0.0"," ","R","14","     0.0"," ","R","14","     0.0"," ","R","14","     0.0"," ","R","14","    13.3"," ","R","14","    38.2"," ","R","14","    33.2"," ","R","14","    28.2"," ","R","14","    23.3"," ","R","14","    21.2"," ","R","14","    18.2"," ","R","14","     8.4"," ","R","14","     6.6"," ","R","14","    13.3"," ","R","14","    38.2"," ","R","14","    33.2"," ","R","14","    28.2"," ","R","14","    23.3"," ","R","14","    21.2"," ","R","14","    18.2"," ","R","14","     8.4"," ","R","14","     6.6"," ","R","14","    27.1"," ","R","14","    25.1"," ","R","14","    11.4"," ","P","15","     5.2"," ","P","15","     3.1"," ","P","15","     1.5"," ","P","15","     0.4"," ","P","15","     0.0"," ","P","15","     0.0"," ","P","15","     0.0"," ","P","15","    0.03"," ","P","15","    0.08"," ","P","15","    0.26"," ","P","15","    0.44"," ","R","14","    5.08"," ","R","14","     0.0"," ","P","16","     0.0"," ","P","16","     0.0"," ","P","16","     0.0"," ","P","16","     0.0"," ","P","16","     0.0"," ","P","16","     0.0"," ","P","16","     0.0"," ","P","16"," -9999.0","M"," "," 0"," -9999.0","M"," "," 0"," -9999.0","M"," "," 0","     0.0"," ","P","16","     0.1"," ","P","16"
"USC00024849","09-12"," 36.8644","-111.6022"," 978.4","LEES FERRY, AZ US","09","12","99","    77.8"," ","R","14","    90.8"," ","R","14","    64.8"," ","R","14","    26.0"," ","R","14","     5.0"," ","R","14","     6.6"," ","R","14","     4.9"," ","R","14","     6.1"," ","R","14","     0.0","X","R","14","     0.0"," ","R","14","     0.0"," ","R","14","     0.0"," ","R","14","     0.0"," ","R","14","     0.0"," ","R","14","     0.0"," ","R","14","    12.8"," ","R","14","    37.8"," ","R","14","    32.8"," ","R","14","    27.8"," ","R","14","    22.8"," ","R","14","    20.8"," ","R","14","    17.8"," ","R","14","     8.0"," ","R","14","     6.2"," ","R","14","    12.8"," ","R","14","    37.8"," ","R","14","    32.8"," ","R","14","    27.8"," ","R","14","    22.8"," ","R","14","    20.8"," ","R","14","    17.8"," ","R","14","     8.0"," ","R","14","     6.2"," ","R","14","    26.8"," ","R","14","    24.8"," ","R","14","    11.2"," ","P","15","     5.3"," ","P","15","     3.1"," ","P","15","     1.5"," ","P","15","     0.4"," ","P","15","     0.0"," ","P","15","     0.0"," ","P","15","     0.0"," ","P","15","-9999.00","Y"," "," 0","-9999.00","Y"," "," 0","-9999.00","Y"," "," 0","    0.48"," ","R","14","    5.12"," ","R","14","     0.0"," ","P","16","     0.0"," ","P","16","     0.0"," ","P","16","     0.0"," ","P","16","     0.0"," ","P","16","     0.0"," ","P","16","     0.0"," ","P","16","     0.0"," ","P","16"," -9999.0","M"," "," 0"," -9999.0","M"," "," 0"," -9999.0","M"," "," 0","     0.0"," ","P","16","     0.1"," ","P","16"
"USC00024849","09-13"," 36.8644","-111.6022"," 978.4","LEES FERRY, AZ US","09","13","99","    77.4"," ","R","14","    90.3"," ","R","14","    64.4"," ","R","14","    26.0"," ","R","14","     5.0"," ","R","14","     6.7"," ","R","14","     5.0"," ","R","14","     6.2"," ","R","14","     0.0","X","R","14","     0.0"," ","R","14","     0.0"," ","R","14","     0.0"," ","R","14","     0.0"," ","R","14","     0.0"," ","R","14","     0.0","X","R","14","    12.4"," ","R","14","    37.3"," ","R","14","    32.4"," ","R","14","    27.4"," ","R","14","    22.4"," ","R","14","    20.4"," ","R","14","    17.4"," ","R","14","     7.5"," ","R","14","     5.8"," ","R","14","    12.4"," ","R","14","    37.3"," ","R","14","    32.4"," ","R","14","    27.4"," ","R","14","    22.4"," ","R","14","    20.4"," ","R","14","    17.4"," ","R","14","     7.5"," ","R","14","     5.8"," ","R","14","    26.6"," ","R","14","    24.6"," ","R","14","    11.0"," ","P","15","     5.3"," ","P","15","     3.1"," ","P","15","     1.5"," ","P","15","     0.4"," ","P","15","     0.0"," ","P","15","     0.0"," ","P","15","     0.0"," ","P","15","-9999.00","Y"," "," 0","-9999.00","Y"," "," 0","-9999.00","Y"," "," 0","    0.52"," ","R","14","    5.16"," ","R","14","     0.0"," ","P","16","     0.0"," ","P","16","     0.0"," ","P","16","     0.0"," ","P","16","     0.0"," ","P","16","     0.0"," ","P","16","     0.0"," ","P","16","     0.0"," ","P","16"," -9999.0","M"," "," 0"," -9999.0","M"," "," 0"," -9999.0","M"," "," 0","     0.0"," ","P","16","     0.1"," ","P","16"
"USC00024849","09-14"," 36.8644","-111.6022"," 978.4","LEES FERRY, AZ US","09","14","99","    76.9"," ","R","14","    89.9"," ","R","14","    63.9"," ","R","14","    26.0"," ","R","14","     5.0"," ","R","14","     6.8"," ","R","14","     5.0"," ","R","14","     6.2"," ","R","14","     0.0","X","R","14","     0.0"," ","R","14","     0.0"," ","R","14","     0.0"," ","R","14","     0.0"," ","R","14","     0.0"," ","R","14","     0.0","X","R","14","    11.9"," ","R","14","    36.9"," ","R","14","    31.9"," ","R","14","    26.9"," ","R","14","    21.9"," ","R","14","    19.9"," ","R","14","    16.9"," ","R","14","     7.1"," ","R","14","     5.4"," ","R","14","    11.9"," ","R","14","    36.9"," ","R","14","    31.9"," ","R","14","    26.9"," ","R","14","    21.9"," ","R","14","    19.9"," ","R","14","    16.9"," ","R","14","     7.1"," ","R","14","     5.4"," ","R","14","    26.3"," ","R","14","    24.3"," ","R","14","    10.8"," ","P","15","     5.3"," ","P","15","     3.1"," ","P","15","     1.4"," ","P","15","     0.4"," ","P","15","     0.0"," ","P","15","     0.0"," ","P","15","     0.0"," ","P","15","-9999.00","Y"," "," 0","-9999.00","Y"," "," 0","-9999.00","Y"," "," 0","    0.55"," ","R","14","    5.19"," ","R","14","     0.0"," ","P","16","     0.0"," ","P","16","     0.0"," ","P","16","     0.0"," ","P","16","     0.0"," ","P","16","     0.0"," ","P","16","     0.0"," ","P","16","     0.0"," ","P","16"," -9999.0","M"," "," 0"," -9999.0","M"," "," 0"," -9999.0","M"," "," 0","     0.0"," ","P","16","     0.1"," ","P","16"
"USC00024849","09-15"," 36.8644","-111.6022"," 978.4","LEES FERRY, AZ US","09","15","99","    76.4"," ","R","14","    89.4"," ","R","14","    63.5"," ","R","14","    26.0"," ","R","14","     5.1"," ","R","14","     6.8"," ","R","14","     5.0"," ","R","14","     6.2"," ","R","14","     0.0","X","R","14","     0.0"," ","R","14","     0.0"," ","R","14","     0.0"," ","R","14","     0.0"," ","R","14","     0.0"," ","R","14","     0.0","X","R","14","    11.5"," ","R","14","    36.4"," ","R","14","    31.4"," ","R","14","    26.4"," ","R","14","    21.4"," ","R","14","    19.4"," ","R","14","    16.4"," ","R","14","     6.7"," ","R","14","     5.0"," ","R","14","    11.5"," ","R","14","    36.4"," ","R","14","    31.4"," ","R","14","    26.4"," ","R","14","    21.4"," ","R","14","    19.4"," ","R","14","    16.4"," ","R","14","     6.7"," ","R","14","     5.0"," ","R","14","    26.0"," ","R","14","    24.0"," ","R","14","    10.6"," ","P","15","     5.3"," ","P","15","     3.0"," ","P","15","     1.4"," ","P","15","     0.4"," ","P","15","     0.0"," ","P","15","     0.0"," ","P","15","     0.0"," ","P","15","-9999.00","Y"," "," 0","-9999.00","Y"," "," 0","-9999.00","Y"," "," 0","    0.59"," ","R","14","    5.23"," ","R","14","     0.0"," ","P","16","     0.0"," ","P","16","     0.0"," ","P","16","     0.0"," ","P","16","     0.0"," ","P","16","     0.0"," ","P","16","     0.0"," ","P","16","     0.0"," ","P","16"," -9999.0","M"," "," 0"," -9999.0","M"," "," 0"," -9999.0","M"," "," 0","     0.0"," ","P","16","     0.1"," ","P","16"
"USC00024849","09-16"," 36.8644","-111.6022"," 978.4","LEES FERRY, AZ US","09","16","99","    76.0"," ","R","14","    88.9"," ","R","14","    63.0"," ","R","14","    25.9"," ","R","14","     5.1"," ","R","14","     6.9"," ","R","14","     5.0"," ","R","14","     6.2"," ","R","14","     0.1"," ","R","14","     0.0"," ","R","14","     0.0"," ","R","14","     0.0"," ","R","14","     0.0"," ","R","14","     0.0"," ","R","14","     0.0","X","R","14","    11.0"," ","R","14","    36.0"," ","R","14","    31.0"," ","R","14","    26.0"," ","R","14","    21.0"," ","R","14","    19.0"," ","R","14","    16.0"," ","R","14","     6.4"," ","R","14","     4.7"," ","R","14","    11.0"," ","R","14","    36.0"," ","R","14","    31.0"," ","R","14","    26.0"," ","R","14","    21.0"," ","R","14","    19.0"," ","R","14","    16.0"," ","R","14","     6.4"," ","R","14","     4.7"," ","R","14","    25.6"," ","R","14","    23.7"," ","R","14","    10.3"," ","P","15","     5.3"," ","P","15","     3.0"," ","P","15","     1.4"," ","P","15","     0.4"," ","P","15","     0.0"," ","P","15","     0.0"," ","P","15","     0.0"," ","P","15","-9999.00","Y"," "," 0","-9999.00","Y"," "," 0","-9999.00","Y"," "," 0","    0.62"," ","R","14","    5.26"," ","R","14","     0.0"," ","P","16","     0.0"," ","P","16","     0.0"," ","P","16","     0.0"," ","P","16","     0.0"," ","P","16","     0.0"," ","P","16","     0.0"," ","P","16","     0.0"," ","P","16"," -9999.0","M"," "," 0"," -9999.0","M"," "," 0"," -9999.0","M"," "," 0","     0.0"," ","P","16","     0.1"," ","P","16"
"USC00024849","09-17"," 36.8644","-111.6022"," 978.4","LEES FERRY, AZ US","09","17","99","    75.5"," ","R","14","    88.5"," ","R","14","    62.5"," ","R","14","    25.9"," ","R","14","     5.2"," ","R","14","     6.9"," ","R","14","     5.1"," ","R","14","     6.3"," ","R","14","     0.1"," ","R","14","     0.0"," ","R","14","     0.0"," ","R","14","     0.0"," ","R","14","     0.0"," ","R","14","     0.0"," ","R","14","     0.0","X","R","14","    10.6"," ","R","14","    35.5"," ","R","14","    30.5"," ","R","14","    25.5"," ","R","14","    20.5"," ","R","14","    18.5"," ","R","14","    15.5"," ","R","14","     6.0"," ","R","14","     4.4"," ","R","14","    10.6"," ","R","14","    35.5"," ","R","14","    30.5"," ","R","14","    25.5"," ","R","14","    20.5"," ","R","14","    18.5"," ","R","14","    15.5"," ","R","14","     6.0"," ","R","14","     4.4"," ","R","14","    25.3"," ","R","14","    23.3"," ","R","14","    10.2"," ","P","15","     5.3"," ","P","15","     3.0"," ","P","15","     1.4"," ","P","15","     0.4"," ","P","15","     0.0"," ","P","15","     0.0"," ","P","15","     0.0"," ","P","15","-9999.00","Y"," "," 0","-9999.00","Y"," "," 0","-9999.00","Y"," "," 0","    0.66"," ","R","14","    5.30"," ","R","14","     0.0"," ","P","16","     0.0"," ","P","16","     0.0"," ","P","16","     0.0"," ","P","16","     0.0"," ","P","16","     0.0"," ","P","16","     0.0"," ","P","16","     0.0"," ","P","16"," -9999.0","M"," "," 0"," -9999.0","M"," "," 0"," -9999.0","M"," "," 0","     0.0"," ","P","16","     0.1"," ","P","16"
"USC00024849","09-18"," 36.8644","-111.6022"," 978.4","LEES FERRY, AZ US","09","18","99","    75.0"," ","R","14","    88.0"," ","R","14","    62.1"," ","R","14","    25.9"," ","R","14","     5.2"," ","R","14","     7.0"," ","R","14","     5.1"," ","R","14","     6.3"," ","R","14","     0.1"," ","R","14","     0.0"," ","R","14","     0.0"," ","R","14","     0.0"," ","R","14","     0.0"," ","R","14","     0.0"," ","R","14","     0.0","X","R","14","    10.2"," ","R","14","    35.0"," ","R","14","    30.0"," ","R","14","    25.0"," ","R","14","    20.0"," ","R","14","    18.0"," ","R","14","    15.0"," ","R","14","     5.6"," ","R","14","     4.0"," ","R","14","    10.2"," ","R","14","    35.0"," ","R","14","    30.0"," ","R","14","    25.0"," ","R","14","    20.0"," ","R","14","    18.0"," ","R","14","    15.0"," ","R","14","     5.6"," ","R","14","     4.0"," ","R","14","    25.0"," ","R","14","    23.0"," ","R","14","    10.0"," ","P","15","     5.3"," ","P","15","     3.0"," ","P","15","     1.4"," ","P","15","     0.4"," ","P","15","     0.0"," ","P","15","     0.0"," ","P","15","     0.0"," ","P","15","-9999.00","Y"," "," 0","-9999.00","Y"," "," 0","-9999.00","Y"," "," 0","    0.70"," ","R","14","    5.34"," ","R","14","     0.0"," ","P","16","     0.0"," ","P","16","     0.0"," ","P","16","     0.0"," ","P","16","     0.0"," ","P","16","     0.0"," ","P","16","     0.0"," ","P","16","     0.0"," ","P","16"," -9999.0","M"," "," 0"," -9999.0","M"," "," 0"," -9999.0","M"," "," 0","     0.0"," ","P","16","     0.1"," ","P","16"
"USC00024849","09-19"," 36.8644","-111.6022"," 978.4","LEES FERRY, AZ US","09","19","99","    74.6"," ","R","14","    87.5"," ","R","14","    61.6"," ","R","14","    25.9"," ","R","14","     5.3"," ","R","14","     7.0"," ","R","14","     5.1"," ","R","14","     6.3"," ","R","14","     0.1"," ","R","14","     0.0"," ","R","14","     0.0"," ","R","14","     0.0"," ","R","14","     0.0"," ","R","14","     0.0"," ","R","14","     0.0","X","R","14","     9.7"," ","R","14","    34.6"," ","R","14","    29.6"," ","R","14","    24.6"," ","R","14","    19.6"," ","R","14","    17.6"," ","R","14","    14.6"," ","R","14","     5.2"," ","R","14","     3.7"," ","R","14","     9.7"," ","R","14","    34.6"," ","R","14","    29.6"," ","R","14","    24.6"," ","R","14","    19.6"," ","R","14","    17.6"," ","R","14","    14.6"," ","R","14","     5.2"," ","R","14","     3.7"," ","R","14","    24.7"," ","R","14","    22.7"," ","R","14","     9.8"," ","P","15","     5.3"," ","P","15","     3.0"," ","P","15","     1.4"," ","P","15","     0.4"," ","P","15","     0.0"," ","P","15","     0.0"," ","P","15","     0.0"," ","P","15","-9999.00","Y"," "," 0","-9999.00","Y"," "," 0","-9999.00","Y"," "," 0","    0.73"," ","R","14","    5.37"," ","R","14","     0.0"," ","P","16","     0.0"," ","P","16","     0.0"," ","P","16","     0.0"," ","P","16","     0.0"," ","P","16","     0.0"," ","P","16","     0.0"," ","P","16","     0.0"," ","P","16"," -9999.0","M"," "," 0"," -9999.0","M"," "," 0"," -9999.0","M"," "," 0","     0.0"," ","P","16","     0.1"," ","P","16"
"USC00024849","09-20"," 36.8644","-111.6022"," 978.4","LEES FERRY, AZ US","09","20","99","    74.1"," ","R","14","    87.1"," ","R","14","    61.2"," ","R","14","    25.9"," ","R","14","     5.3"," ","R","14","     7.1"," ","R","14","     5.1"," ","R","14","     6.4"," ","R","14","     0.2"," ","R","14","     0.0"," ","R","14","     0.0"," ","R","14","     0.0"," ","R","14","     0.0"," ","R","14","     0.0","X","R","14","     0.0","X","R","14","     9.3"," ","R","14","    34.1"," ","R","14","    29.1"," ","R","14","    24.1"," ","R","14","    19.1"," ","R","14","    17.1"," ","R","14","    14.1"," ","R","14","     4.9"," ","R","14","     3.4"," ","R","14","     9.3"," ","R","14","    34.1"," ","R","14","    29.1"," ","R","14","    24.1"," ","R","14","    19.1"," ","R","14","    17.1"," ","R","14","    14.1"," ","R","14","     4.9"," ","R","14","     3.4"," ","R","14","    24.4"," ","R","14","    22.4"," ","R","14","     9.6"," ","P","15","     5.4"," ","P","15","     3.0"," ","P","15","     1.4"," ","P","15","     0.4"," ","P","15","     0.0"," ","P","15","     0.0"," ","P","15","     0.0"," ","P","15","-9999.00","Y"," "," 0","-9999.00","Y"," "," 0","-9999.00","Y"," "," 0","    0.77"," ","R","14","    5.41"," ","R","14","     0.0"," ","P","16","     0.0"," ","P","16","     0.0"," ","P","16","     0.0"," ","P","16","     0.0"," ","P","16","     0.0"," ","P","16","     0.0"," ","P","16","     0.0"," ","P","16"," -9999.0","M"," "," 0"," -9999.0","M"," "," 0"," -9999.0","M"," "," 0","     0.0"," ","P","16","     0.1"," ","P","16"
"USC00024849","09-21"," 36.8644","-111.6022"," 978.4","LEES FERRY, AZ US","09","21","99","    73.6"," ","R","14","    86.6"," ","R","14","    60.7"," ","R","14","    25.9"," ","R","14","     5.3"," ","R","14","     7.1"," ","R","14","     5.2"," ","R","14","     6.4"," ","R","14","     0.2"," ","R","14","     0.0"," ","R","14","     0.0"," ","R","14","     0.0"," ","R","14","     0.0"," ","R","14","     0.0","X","R","14","     0.0","X","R","14","     8.8"," ","R","14","    33.6"," ","R","14","    28.6"," ","R","14","    23.6"," ","R","14","    18.6"," ","R","14","    16.6"," ","R","14","    13.7"," ","R","14","     4.5"," ","R","14","     3.1"," ","R","14","     8.8"," ","R","14","    33.6"," ","R","14","    28.6"," ","R","14","    23.6"," ","R","14","    18.6"," ","R","14","    16.6"," ","R","14","    13.7"," ","R","14","     4.5"," ","R","14","     3.1"," ","R","14","    24.1"," ","R","14","    22.1"," ","R","14","     9.5"," ","P","15","     5.4"," ","P","15","     3.0"," ","P","15","     1.3"," ","P","15","     0.3"," ","P","15","     0.0"," ","P","15","     0.0"," ","P","15","     0.0"," ","P","15","-9999.00","Y"," "," 0","-9999.00","Y"," "," 0","-9999.00","Y"," "," 0","    0.81"," ","R","14","    5.45"," ","R","14","     0.0"," ","P","16","     0.0"," ","P","16","     0.0"," ","P","16","     0.0"," ","P","16","     0.0"," ","P","16","     0.0"," ","P","16","     0.0"," ","P","16","     0.0"," ","P","16"," -9999.0","M"," "," 0"," -9999.0","M"," "," 0"," -9999.0","M"," "," 0","     0.0"," ","P","16","     0.1"," ","P","16"
"USC00024849","09-22"," 36.8644","-111.6022"," 978.4","LEES FERRY, AZ US","09","22","99","    73.2"," ","R","14","    86.1"," ","R","14","    60.2"," ","R","14","    25.9"," ","R","14","     5.4"," ","R","14","     7.2"," ","R","14","     5.2"," ","R","14","     6.4"," ","R","14","     0.3"," ","R","14","     0.0"," ","R","14","     0.0"," ","R","14","     0.0"," ","R","14","     0.0"," ","R","14","     0.0","X","R","14","     0.0","X","R","14","     8.4"," ","R","14","    33.2"," ","R","14","    28.2"," ","R","14","    23.2"," ","R","14","    18.2"," ","R","14","    16.2"," ","R","14","    13.2"," ","R","14","     4.2"," ","R","14","     2.8"," ","R","14","     8.4"," ","R","14","    33.2"," ","R","14","    28.2"," ","R","14","    23.2"," ","R","14","    18.2"," ","R","14","    16.2"," ","R","14","    13.2"," ","R","14","     4.2"," ","R","14","     2.8"," ","R","14","    23.8"," ","R","14","    21.8"," ","R","14","     9.4"," ","P","15","     5.5"," ","P","15","     3.0"," ","P","15","     1.3"," ","P","15","     0.3"," ","P","15","     0.0"," ","P","15","     0.0"," ","P","15","     0.0"," ","P","15","-9999.00","Y"," "," 0","-9999.00","Y"," "," 0","-9999.00","Y"," "," 0","    0.85"," ","R","14","    5.49"," ","R","14","     0.0"," ","P","16","     0.0"," ","P","16","     0.0"," ","P","16","     0.0"," ","P","16","     0.0"," ","P","16","     0.0"," ","P","16","     0.0"," ","P","16","     0.0"," ","P","16"," -9999.0","M"," "," 0"," -9999.0","M"," "," 0"," -9999.0","M"," "," 0","     0.0"," ","P","16","     0.1"," ","P","16"
"USC00024849","09-23"," 36.8644","-111.6022"," 978.4","LEES FERRY, AZ US","09","23","99","    72.7"," ","R","14","    85.6"," ","R","14","    59.8"," ","R","14","    25.9"," ","R","14","     5.4"," ","R","14","     7.2"," ","R","14","     5.2"," ","R","14","     6.4"," ","R","14","     0.3"," ","R","14","     0.0"," ","R","14","     0.0"," ","R","14","     0.0"," ","R","14","     0.0","X","R","14","     0.0","X","R","14","     0.1"," ","R","14","     8.0"," ","R","14","    32.7"," ","R","14","    27.7"," ","R","14","    22.7"," ","R","14","    17.7"," ","R","14","    15.7"," ","R","14","    12.8"," ","R","14","     3.9"," ","R","14","     2.5"," ","R","14","     8.0"," ","R","14","    32.7"," ","R","14","    27.7"," ","R","14","    22.7"," ","R","14","    17.7"," ","R","14","    15.7"," ","R","14","    12.8"," ","R","14","     3.9"," ","R","14","     2.5"," ","R","14","    23.4"," ","R","14","    21.5"," ","R","14","     9.4"," ","P","15","     5.5"," ","P","15","     3.0"," ","P","15","     1.3"," ","P","15","     0.3"," ","P","15","     0.0"," ","P","15","     0.0"," ","P","15","     0.0"," ","P","15","-9999.00","Y"," "," 0","-9999.00","Y"," "," 0","-9999.00","Y"," "," 0","    0.89"," ","R","14","    5.53"," ","R","14","     0.0"," ","P","16","     0.0"," ","P","16","     0.0"," ","P","16","     0.0"," ","P","16","     0.0"," ","P","16","     0.0"," ","P","16","     0.0"," ","P","16","     0.0"," ","P","16"," -9999.0","M"," "," 0"," -9999.0","M"," "," 0"," -9999.0","M"," "," 0","     0.0"," ","P","16","     0.1"," ","P","16"
"USC00024849","09-24"," 36.8644","-111.6022"," 978.4","LEES FERRY, AZ US","09","24","99","    72.2"," ","R","14","    85.2"," ","R","14","    59.3"," ","R","14","    25.9"," ","R","14","     5.4"," ","R","14","     7.2"," ","R","14","     5.3"," ","R","14","     6.4"," ","R","14","     0.4"," ","R","14","     0.0"," ","R","14","     0.0"," ","R","14","     0.0"," ","R","14","     0.0","X","R","14","     0.0","X","R","14","     0.1"," ","R","14","     7.6"," ","R","14","    32.2"," ","R","14","    27.2"," ","R","14","    22.2"," ","R","14","    17.2"," ","R","14","    15.3"," ","R","14","    12.3"," ","R","14","     3.6"," ","R","14","     2.3"," ","R","14","     7.6"," ","R","14","    32.2"," ","R","14","    27.2"," ","R","14","    22.2"," ","R","14","    17.2"," ","R","14","    15.3"," ","R","14","    12.3"," ","R","14","     3.6"," ","R","14","     2.3"," ","R","14","    23.1"," ","R","14","    21.1"," ","R","14","     9.3"," ","P","15","     5.5"," ","P","15","     3.0"," ","P","15","     1.3"," ","P","15","     0.3"," ","P","15","     0.0"," ","P","15","     0.0"," ","P","15","     0.0"," ","P","15","-9999.00","Y"," "," 0","-9999.00","Y"," "," 0","-9999.00","Y"," "," 0","    0.93"," ","R","14","    5.57"," ","R","14","     0.0"," ","P","16","     0.0"," ","P","16","     0.0"," ","P","16","     0.0"," ","P","16","     0.0"," ","P","16","     0.0"," ","P","16","     0.0"," ","P","16","     0.0"," ","P","16"," -9999.0","M"," "," 0"," -9999.0","M"," "," 0"," -9999.0","M"," "," 0","     0.0"," ","P","16","     0.1"," ","P","16"
"USC00024849","09-25"," 36.8644","-111.6022"," 978.4","LEES FERRY, AZ US","09","25","99","    71.8"," ","R","14","    84.7"," ","R","14","    58.8"," ","R","14","    25.9"," ","R","14","     5.5"," ","R","14","     7.2"," ","R","14","     5.3"," ","R","14","     6.5"," ","R","14","     0.4"," ","R","14","     0.0"," ","R","14","     0.0"," ","R","14","     0.0"," ","R","14","     0.0","X","R","14","     0.0","X","R","14","     0.1"," ","R","14","     7.2"," ","R","14","    31.8"," ","R","14","    26.8"," ","R","14","    21.8"," ","R","14","    16.8"," ","R","14","    14.8"," ","R","14","    11.9"," ","R","14","     3.3"," ","R","14","     2.1"," ","R","14","     7.2"," ","R","14","    31.8"," ","R","14","    26.8"," ","R","14","    21.8"," ","R","14","    16.8"," ","R","14","    14.8"," ","R","14","    11.9"," ","R","14","     3.3"," ","R","14","     2.1"," ","R","14","    22.8"," ","R","14","    20.8"," ","R","14","     9.2"," ","P","15","     5.6"," ","P","15","     3.0"," ","P","15","     1.3"," ","P","15","     0.3"," ","P","15","     0.0"," ","P","15","     0.0"," ","P","15","     0.0"," ","P","15","-9999.00","Y"," "," 0","-9999.00","Y"," "," 0","-9999.00","Y"," "," 0","    0.96"," ","R","14","    5.60"," ","R","14","     0.0"," ","P","16","     0.0"," ","P","16","     0.0"," ","P","16","     0.0"," ","P","16","     0.0"," ","P","16","     0.0"," ","P","16","     0.0"," ","P","16","     0.0"," ","P","16"," -9999.0","M"," "," 0"," -9999.0","M"," "," 0"," -9999.0","M"," "," 0","     0.0"," ","P","16","     0.1"," ","P","16"
"USC00024849","09-26"," 36.8644","-111.6022"," 978.4","LEES FERRY, AZ US","09","26","99","    71.3"," ","R","14","    84.3"," ","R","14","    58.4"," ","R","14","    25.9"," ","R","14","     5.5"," ","R","14","     7.3"," ","R","14","     5.3"," ","R","14","     6.5"," ","R","14","     0.5"," ","R","14","     0.0"," ","R","14","     0.0"," ","R","14","     0.0"," ","R","14","     0.0","X","R","14","     0.0","X","R","14","     0.1"," ","R","14","     6.8"," ","R","14","    31.3"," ","R","14","    26.3"," ","R","14","    21.3"," ","R","14","    16.3"," ","R","14","    14.4"," ","R","14","    11.5"," ","R","14","     3.0"," ","R","14","     1.9"," ","R","14","     6.8"," ","R","14","    31.3"," ","R","14","    26.3"," ","R","14","    21.3"," ","R","14","    16.3"," ","R","14","    14.4"," ","R","14","    11.5"," ","R","14","     3.0"," ","R","14","     1.9"," ","R","14","    22.4"," ","R","14","    20.5"," ","R","14","     9.2"," ","P","15","     5.7"," ","P","15","     3.1"," ","P","15","     1.3"," ","P","15","     0.3"," ","P","15","     0.0"," ","P","15","     0.0"," ","P","15","     0.0"," ","P","15","-9999.00","Y"," "," 0","-9999.00","Y"," "," 0","-9999.00","Y"," "," 0","    1.00"," ","R","14","    5.64"," ","R","14","     0.0"," ","P","15","     0.0"," ","P","15","     0.0"," ","P","15","     0.0"," ","P","15","     0.0"," ","P","15","     0.0"," ","P","15","     0.0"," ","P","15","     0.0"," ","P","15"," -9999.0","M"," "," 0"," -9999.0","M"," "," 0"," -9999.0","M"," "," 0","     0.0"," ","P","16","     0.1"," ","P","16"
"USC00024849","09-27"," 36.8644","-111.6022"," 978.4","LEES FERRY, AZ US","09","27","99","    70.9"," ","R","14","    83.8"," ","R","14","    57.9"," ","R","14","    25.9"," ","R","14","     5.5"," ","R","14","     7.3"," ","R","14","     5.4"," ","R","14","     6.5"," ","R","14","     0.6"," ","R","14","     0.0"," ","R","14","     0.0"," ","R","14","     0.0"," ","R","14","     0.0","X","R","14","     0.1"," ","R","14","     0.2"," ","R","14","     6.5"," ","R","14","    30.9"," ","R","14","    25.9"," ","R","14","    20.9"," ","R","14","    15.9"," ","R","14","    13.9"," ","R","14","    11.0"," ","R","14","     2.8"," ","R","14","     1.7"," ","R","14","     6.5"," ","R","14","    30.9"," ","R","14","    25.9"," ","R","14","    20.9"," ","R","14","    15.9"," ","R","14","    13.9"," ","R","14","    11.0"," ","R","14","     2.8"," ","R","14","     1.7"," ","R","14","    22.1"," ","R","14","    20.1"," ","R","14","     9.2"," ","P","15","     5.8"," ","P","15","     3.1"," ","P","15","     1.3"," ","P","15","     0.3"," ","P","15","     0.0"," ","P","15","     0.0"," ","P","15","     0.0"," ","P","15","-9999.00","Y"," "," 0","-9999.00","Y"," "," 0","-9999.00","Y"," "," 0","    1.04"," ","R","14","    5.68"," ","R","14","     0.0"," ","P","15","     0.0"," ","P","15","     0.0"," ","P","15","     0.0"," ","P","15","     0.0"," ","P","15","     0.0"," ","P","15","     0.0"," ","P","15","     0.0"," ","P","15"," -9999.0","M"," "," 0"," -9999.0","M"," "," 0"," -9999.0","M"," "," 0","     0.0"," ","P","16","     0.1"," ","P","16"
"USC00024849","09-28"," 36.8644","-111.6022"," 978.4","LEES FERRY, AZ US","09","28","99","    70.4"," ","R","14","    83.4"," ","R","14","    57.5"," ","R","14","    25.9"," ","R","14","     5.5"," ","R","14","     7.3"," ","R","14","     5.4"," ","R","14","     6.6"," ","R","14","     0.7"," ","R","14","     0.0"," ","R","14","     0.0"," ","R","14","     0.0"," ","R","14","     0.0","X","R","14","     0.1"," ","R","14","     0.2"," ","R","14","     6.1"," ","R","14","    30.4"," ","R","14","    25.4"," ","R","14","    20.4"," ","R","14","    15.4"," ","R","14","    13.5"," ","R","14","    10.6"," ","R","14","     2.6"," ","R","14","     1.5"," ","R","14","     6.1"," ","R","14","    30.4"," ","R","14","    25.4"," ","R","14","    20.4"," ","R","14","    15.4"," ","R","14","    13.5"," ","R","14","    10.6"," ","R","14","     2.6"," ","R","14","     1.5"," ","R","14","    21.7"," ","R","14","    19.8"," ","R","14","     9.2"," ","P","15","     5.9"," ","P","15","     3.2"," ","P","15","     1.3"," ","P","15","     0.3"," ","P","15","     0.0"," ","P","15","     0.0"," ","P","15","     0.0"," ","P","15","-9999.00","Y"," "," 0","-9999.00","Y"," "," 0","-9999.00","Y"," "," 0","    1.07"," ","R","14","    5.71"," ","R","14","     0.0"," ","P","15","     0.0"," ","P","15","     0.0"," ","P","15","     0.0"," ","P","15","     0.0"," ","P","15","     0.0"," ","P","15","     0.0"," ","P","15","     0.0"," ","P","15"," -9999.0","M"," "," 0"," -9999.0","M"," "," 0"," -9999.0","M"," "," 0","     0.0"," ","P","16","     0.1"," ","P","16"
"USC00024849","09-29"," 36.8644","-111.6022"," 978.4","LEES FERRY, AZ US","09","29","99","    70.0"," ","R","14","    82.9"," ","R","14","    57.0"," ","R","14","    25.9"," ","R","14","     5.6"," ","R","14","     7.3"," ","R","14","     5.4"," ","R","14","     6.6"," ","R","14","     0.8"," ","R","14","     0.0"," ","R","14","     0.0"," ","R","14","     0.0"," ","R","14","     0.0","X","R","14","     0.1"," ","R","14","     0.2"," ","R","14","     5.8"," ","R","14","    30.0"," ","R","14","    25.0"," ","R","14","    20.0"," ","R","14","    15.0"," ","R","14","    13.0"," ","R","14","    10.2"," ","R","14","     2.4"," ","R","14","     1.4"," ","R","14","     5.8"," ","R","14","    30.0"," ","R","14","    25.0"," ","R","14","    20.0"," ","R","14","    15.0"," ","R","14","    13.0"," ","R","14","    10.2"," ","R","14","     2.4"," ","R","14","     1.4"," ","R","14","    21.3"," ","R","14","    19.4"," ","R","14","     9.3"," ","P","15","     6.0"," ","P","15","     3.2"," ","P","15","     1.3"," ","P","15","     0.3"," ","P","15","     0.0"," ","P","15","     0.0"," ","P","15","     0.0"," ","P","15","-9999.00","Y"," "," 0","-9999.00","Y"," "," 0","-9999.00","Y"," "," 0","    1.11"," ","R","14","    5.75"," ","R","14","     0.0"," ","P","15","     0.0"," ","P","15","     0.0"," ","P","15","     0.0"," ","P","15","     0.0"," ","P","15","     0.0"," ","P","15","     0.0"," ","P","15","     0.0"," ","P","15"," -9999.0","M"," "," 0"," -9999.0","M"," "," 0"," -9999.0","M"," "," 0","     0.0"," ","P","16","     0.1"," ","P","16"
"USC00024849","09-30"," 36.8644","-111.6022"," 978.4","LEES FERRY, AZ US","09","30","99","    69.5"," ","R","14","    82.5"," ","R","14","    56.6"," ","R","14","    25.9"," ","R","14","     5.6"," ","R","14","     7.3"," ","R","14","     5.4"," ","R","14","     6.6"," ","R","14","     0.9"," ","R","14","     0.0"," ","R","14","     0.0"," ","R","14","     0.0"," ","R","14","     0.0","X","R","14","     0.1"," ","R","14","     0.3"," ","R","14","     5.4"," ","R","14","    29.5"," ","R","14","    24.5"," ","R","14","    19.5"," ","R","14","    14.6"," ","R","14","    12.6"," ","R","14","     9.8"," ","R","14","     2.2"," ","R","14","     1.2"," ","R","14","     5.4"," ","R","14","    29.5"," ","R","14","    24.5"," ","R","14","    19.5"," ","R","14","    14.6"," ","R","14","    12.6"," ","R","14","     9.8"," ","R","14","     2.2"," ","R","14","     1.2"," ","R","14","    21.0"," ","R","14","    19.1"," ","R","14","     9.3"," ","P","15","     6.1"," ","P","15","     3.3"," ","P","15","     1.4"," ","P","15","     0.3"," ","P","15","     0.0"," ","P","15","     0.0"," ","P","15","     0.0"," ","P","15","-9999.00","Y"," "," 0","-9999.00","Y"," "," 0","-9999.00","Y"," "," 0","    1.14"," ","R","14","    5.78"," ","R","14","     0.0"," ","P","15","     0.0"," ","P","15","     0.0"," ","P","15","     0.0"," ","P","15","     0.0"," ","P","15","     0.0"," ","P","15","     0.0"," ","P","15","     0.0"," ","P","15"," -9999.0","M"," "," 0"," -9999.0","M"," "," 0"," -9999.0","M"," "," 0","     0.0"," ","P","16","     0.1"," ","P","16"
"USC00024849","10-01"," 36.8644","-111.6022"," 978.4","LEES FERRY, AZ US","10","01","99","    69.1"," ","R","13","    82.0"," ","R","13","    56.2"," ","R","16","    25.9"," ","R","13","     5.6"," ","R","13","     7.3"," ","R","13","     5.4"," ","R","16","     6.6"," ","R","13","     1.0"," ","R","13","     0.0"," ","R","13","     0.0"," ","R","13","     0.0"," ","R","13","     0.0","X","R","13","     0.1"," ","R","13","     0.3"," ","R","13","     5.1"," ","R","13","    29.1"," ","R","13","    24.1"," ","R","13","    19.1"," ","R","13","    14.1"," ","R","13","    12.2"," ","R","13","     9.4"," ","R","13","     1.9"," ","R","13","     1.1"," ","R","13","     5.1"," ","R","13","    29.1"," ","R","13","    24.1"," ","R","13","    19.1"," ","R","13","    14.1"," ","R","13","    12.2"," ","R","13","     9.4"," ","R","13","     1.9"," ","R","13","     1.1"," ","R","13","    20.6"," ","R","13","    18.7"," ","R","13","     9.4"," ","P","15","     6.2"," ","P","15","     3.4"," ","P","15","     1.4"," ","P","15","     0.2"," ","P","15","     0.0"," ","P","15","     0.0"," ","P","15","     0.0"," ","P","15","-9999.00","Y"," "," 0","-9999.00","Y"," "," 0","-9999.00","Y"," "," 0","    0.02"," ","R","16","    5.80"," ","R","16","     0.0"," ","P","15","     0.0"," ","P","15","     0.0"," ","P","15","     0.0"," ","P","15","     0.0"," ","P","15","     0.0"," ","P","15","     0.0"," ","P","15","     0.0"," ","P","15"," -9999.0","M"," "," 0"," -9999.0","M"," "," 0"," -9999.0","M"," "," 0","     0.0"," ","P","16","     0.1"," ","P","16"
"USC00024849","10-02"," 36.8644","-111.6022"," 978.4","LEES FERRY, AZ US","10","02","99","    68.7"," ","R","13","    81.6"," ","R","13","    55.7"," ","R","16","    25.9"," ","R","13","     5.6"," ","R","13","     7.4"," ","R","13","     5.5"," ","R","16","     6.6"," ","R","13","     1.1"," ","R","13","     0.0"," ","R","13","     0.0"," ","R","13","     0.0"," ","R","13","     0.0","X","R","13","     0.1"," ","R","13","     0.3"," ","R","13","     4.7"," ","R","13","    28.7"," ","R","13","    23.7"," ","R","13","    18.7"," ","R","13","    13.7"," ","R","13","    11.7"," ","R","13","     8.9"," ","R","13","     1.7"," ","R","13","     1.0"," ","R","13","     4.7"," ","R","13","    28.7"," ","R","13","    23.7"," ","R","13","    18.7"," ","R","13","    13.7"," ","R","13","    11.7"," ","R","13","     8.9"," ","R","13","     1.7"," ","R","13","     1.0"," ","R","13","    20.2"," ","R","13","    18.4"," ","R","13","     9.5"," ","P","15","     6.3"," ","P","15","     3.4"," ","P","15","     1.4"," ","P","15","     0.2"," ","P","15","     0.0"," ","P","15","     0.0"," ","P","15","     0.0"," ","P","15","-9999.00","Y"," "," 0","-9999.00","Y"," "," 0","-9999.00","Y"," "," 0","    0.05"," ","R","16","    5.83"," ","R","16","     0.0"," ","P","15","     0.0"," ","P","15","     0.0"," ","P","15","     0.0"," ","P","15","     0.0"," ","P","15","     0.0"," ","P","15","     0.0"," ","P","15","     0.0"," ","P","15"," -9999.0","M"," "," 0"," -9999.0","M"," "," 0"," -9999.0","M"," "," 0","     0.0"," ","P","16","     0.1"," ","P","16"
"USC00024849","10-03"," 36.8644","-111.6022"," 978.4","LEES FERRY, AZ US","10","03","99","    68.3"," ","R","13","    81.2"," ","R","13","    55.3"," ","R","16","    25.9"," ","R","13","     5.6"," ","R","13","     7.4"," ","R","13","     5.5"," ","R","16","     6.7"," ","R","13","     1.1"," ","R","13","     0.0"," ","R","13","     0.0"," ","R","13","     0.0","X","R","13","     0.0","X","R","13","     0.1"," ","R","13","     0.3"," ","R","13","     4.4"," ","R","13","    28.3"," ","R","13","    23.3"," ","R","13","    18.3"," ","R","13","    13.3"," ","R","13","    11.3"," ","R","13","     8.5"," ","R","13","     1.5"," ","R","13","     0.8"," ","R","13","     4.4"," ","R","13","    28.3"," ","R","13","    23.3"," ","R","13","    18.3"," ","R","13","    13.3"," ","R","13","    11.3"," ","R","13","     8.5"," ","R","13","     1.5"," ","R","13","     0.8"," ","R","13","    19.9"," ","R","13","    18.0"," ","R","13","     9.6"," ","P","15","     6.4"," ","P","15","     3.5"," ","P","15","     1.4"," ","P","15","     0.2"," ","P","15","     0.0"," ","P","15","     0.0"," ","P","15","     0.0"," ","P","15","-9999.00","Y"," "," 0","-9999.00","Y"," "," 0","-9999.00","Y"," "," 0","    0.07"," ","R","16","    5.85"," ","R","16","     0.0"," ","P","15","     0.0"," ","P","15","     0.0"," ","P","15","     0.0"," ","P","15","     0.0"," ","P","15","     0.0"," ","P","15","     0.0"," ","P","15","     0.0"," ","P","15"," -9999.0","M"," "," 0"," -9999.0","M"," "," 0"," -9999.0","M"," "," 0","     0.0"," ","P","16","     0.1"," ","P","16"
"USC00024849","10-04"," 36.8644","-111.6022"," 978.4","LEES FERRY, AZ US","10","04","99","    67.8"," ","R","13","    80.8"," ","R","13","    54.9"," ","R","16","    25.8"," ","R","13","     5.6"," ","R","13","     7.4"," ","R","13","     5.5"," ","R","16","     6.7"," ","R","13","     1.2"," ","R","13","     0.0"," ","R","13","     0.0"," ","R","13","     0.0","X","R","13","     0.0","X","R","13","     0.1"," ","R","13","     0.3"," ","R","13","     4.1"," ","R","13","    27.8"," ","R","13","    22.8"," ","R","13","    17.8"," ","R","13","    12.9"," ","R","13","    10.9"," ","R","13","     8.1"," ","R","13","     1.4"," ","R","13","     0.8"," ","R","13","     4.1"," ","R","13","    27.8"," ","R","13","    22.8"," ","R","13","    17.8"," ","R","13","    12.9"," ","R","13","    10.9"," ","R","13","     8.1"," ","R","13","     1.4"," ","R","13","     0.8"," ","R","13","    19.5"," ","R","13","    17.7"," ","R","13","     9.7"," ","P","15","     6.4"," ","P","15","     3.6"," ","P","15","     1.4"," ","P","15","     0.2"," ","P","15","     0.0"," ","P","15","     0.0"," ","P","15","     0.0"," ","P","15","-9999.00","Y"," "," 0","-9999.00","Y"," "," 0","-9999.00","Y"," "," 0","    0.09"," ","R","16","    5.87"," ","R","16","     0.0"," ","P","15","     0.0"," ","P","15","     0.0"," ","P","15","     0.0"," ","P","15","     0.0"," ","P","15","     0.0"," ","P","15","     0.0"," ","P","15","     0.0"," ","P","15"," -9999.0","M"," "," 0"," -9999.0","M"," "," 0"," -9999.0","M"," "," 0","     0.0"," ","P","16","     0.1"," ","P","16"
"USC00024849","10-05"," 36.8644","-111.6022"," 978.4","LEES FERRY, AZ US","10","05","99","    67.4"," ","R","13","    80.3"," ","R","13","    54.5"," ","R","16","    25.8"," ","R","13","     5.6"," ","R","13","     7.4"," ","R","13","     5.5"," ","R","16","     6.7"," ","R","13","     1.3"," ","R","13","     0.0"," ","R","13","     0.0"," ","R","13","     0.0","X","R","13","     0.0","X","R","13","     0.1"," ","R","13","     0.3"," ","R","13","     3.7"," ","R","13","    27.4"," ","R","13","    22.4"," ","R","13","    17.4"," ","R","13","    12.5"," ","R","13","    10.5"," ","R","13","     7.7"," ","R","13","     1.3"," ","R","13","     0.7"," ","R","13","     3.7"," ","R","13","    27.4"," ","R","13","    22.4"," ","R","13","    17.4"," ","R","13","    12.5"," ","R","13","    10.5"," ","R","13","     7.7"," ","R","13","     1.3"," ","R","13","     0.7"," ","R","13","    19.2"," ","R","13","    17.3"," ","R","13","     9.8"," ","P","16","     6.5"," ","P","16","     3.6"," ","P","16","     1.4"," ","P","16","     0.2"," ","P","16","     0.0"," ","P","16","     0.0"," ","P","16","     0.0"," ","P","16","-9999.00","Y"," "," 0","-9999.00","Y"," "," 0","-9999.00","Y"," "," 0","    0.11"," ","R","16","    5.89"," ","R","16","     0.0"," ","P","15","     0.0"," ","P","15","     0.0"," ","P","15","     0.0"," ","P","15","     0.0"," ","P","15","     0.0"," ","P","15","     0.0"," ","P","15","     0.0"," ","P","15"," -9999.0","M"," "," 0"," -9999.0","M"," "," 0"," -9999.0","M"," "," 0","     0.0"," ","P","16","     0.1"," ","P","16"
"USC00024849","10-06"," 36.8644","-111.6022"," 978.4","LEES FERRY, AZ US","10","06","99","    67.0"," ","R","13","    79.9"," ","R","13","    54.1"," ","R","16","    25.8"," ","R","13","     5.6"," ","R","13","     7.4"," ","R","13","     5.5"," ","R","16","     6.8"," ","R","13","     1.4"," ","R","13","     0.0"," ","R","13","     0.0"," ","R","13","     0.0","X","R","13","     0.0","X","R","13","     0.1"," ","R","13","     0.4"," ","R","13","     3.5"," ","R","13","    27.0"," ","R","13","    22.0"," ","R","13","    17.0"," ","R","13","    12.0"," ","R","13","    10.1"," ","R","13","     7.4"," ","R","13","     1.1"," ","R","13","     0.6"," ","R","13","     3.5"," ","R","13","    27.0"," ","R","13","    22.0"," ","R","13","    17.0"," ","R","13","    12.0"," ","R","13","    10.1"," ","R","13","     7.4"," ","R","13","     1.1"," ","R","13","     0.6"," ","R","13","    18.8"," ","R","13","    17.0"," ","R","13","     9.8"," ","P","17","     6.5"," ","P","17","     3.7"," ","P","17","     1.4"," ","P","17","     0.2"," ","P","17","     0.0"," ","P","17","     0.0"," ","P","17","     0.0"," ","P","17","-9999.00","Y"," "," 0","-9999.00","Y"," "," 0","-9999.00","Y"," "," 0","    0.13"," ","R","16","    5.91"," ","R","16","     0.0"," ","P","16","     0.0"," ","P","16","     0.0"," ","P","16","     0.0"," ","P","16","     0.0"," ","P","16","     0.0"," ","P","16","     0.0"," ","P","16","     0.0"," ","P","16"," -9999.0","M"," "," 0"," -9999.0","M"," "," 0"," -9999.0","M"," "," 0","     0.0"," ","P","16","     0.1"," ","P","16"
"USC00024849","10-07"," 36.8644","-111.6022"," 978.4","LEES FERRY, AZ US","10","07","99","    66.6"," ","R","13","    79.5"," ","R","13","    53.7"," ","R","16","    25.8"," ","R","13","     5.6"," ","R","13","     7.4"," ","R","13","     5.5"," ","R","16","     6.8"," ","R","13","     1.6"," ","R","13","     0.0"," ","R","13","     0.0"," ","R","13","     0.0","X","R","13","     0.0","X","R","13","     0.1"," ","R","13","     0.4"," ","R","13","     3.2"," ","R","13","    26.6"," ","R","13","    21.6"," ","R","13","    16.6"," ","R","13","    11.6"," ","R","13","     9.7"," ","R","13","     7.0"," ","R","13","     1.0"," ","R","13","     0.5"," ","R","13","     3.2"," ","R","13","    26.6"," ","R","13","    21.6"," ","R","13","    16.6"," ","R","13","    11.6"," ","R","13","     9.7"," ","R","13","     7.0"," ","R","13","     1.0"," ","R","13","     0.5"," ","R","13","    18.4"," ","R","13","    16.6"," ","R","13","     9.8"," ","P","17","     6.5"," ","P","17","     3.7"," ","P","17","     1.4"," ","P","17","     0.2"," ","P","17","     0.0"," ","P","17","     0.0"," ","P","17","     0.0"," ","P","17","-9999.00","Y"," "," 0","-9999.00","Y"," "," 0","-9999.00","Y"," "," 0","    0.15"," ","R","16","    5.93"," ","R","16","     0.0"," ","P","16","     0.0"," ","P","16","     0.0"," ","P","16","     0.0"," ","P","16","     0.0"," ","P","16","     0.0"," ","P","16","     0.0"," ","P","16","     0.0"," ","P","16"," -9999.0","M"," "," 0"," -9999.0","M"," "," 0"," -9999.0","M"," "," 0","     0.0"," ","P","16","     0.1"," ","P","16"
"USC00024849","10-08"," 36.8644","-111.6022"," 978.4","LEES FERRY, AZ US","10","08","99","    66.2"," ","R","13","    79.1"," ","R","13","    53.3"," ","R","16","    25.8"," ","R","13","     5.6"," ","R","13","     7.4"," ","R","13","     5.5"," ","R","16","     6.9"," ","R","13","     1.7"," ","R","13","     0.0"," ","R","13","     0.0"," ","R","13","     0.0","X","R","13","     0.1"," ","R","13","     0.1"," ","R","13","     0.4"," ","R","13","     2.9"," ","R","13","    26.2"," ","R","13","    21.2"," ","R","13","    16.2"," ","R","13","    11.3"," ","R","13","     9.3"," ","R","13","     6.6"," ","R","13","     0.9"," ","R","13","     0.5"," ","R","13","     2.9"," ","R","13","    26.2"," ","R","13","    21.2"," ","R","13","    16.2"," ","R","13","    11.3"," ","R","13","     9.3"," ","R","13","     6.6"," ","R","13","     0.9"," ","R","13","     0.5"," ","R","13","    18.1"," ","R","13","    16.3"," ","R","13","     9.8"," ","P","17","     6.4"," ","P","17","     3.7"," ","P","17","     1.4"," ","P","17","     0.2"," ","P","17","     0.0"," ","P","17","     0.0"," ","P","17","     0.0"," ","P","17","-9999.00","Y"," "," 0","-9999.00","Y"," "," 0","-9999.00","Y"," "," 0","    0.17"," ","R","16","    5.95"," ","R","16","     0.0"," ","P","16","     0.0"," ","P","16","     0.0"," ","P","16","     0.0"," ","P","16","     0.0"," ","P","16","     0.0"," ","P","16","     0.0"," ","P","16","     0.0"," ","P","16"," -9999.0","M"," "," 0"," -9999.0","M"," "," 0"," -9999.0","M"," "," 0","     0.0"," ","P","16","     0.1"," ","P","16"
"USC00024849","10-09"," 36.8644","-111.6022"," 978.4","LEES FERRY, AZ US","10","09","99","    65.8"," ","R","13","    78.7"," ","R","13","    52.9"," ","R","16","    25.7"," ","R","13","     5.6"," ","R","13","     7.4"," ","R","13","     5.5"," ","R","16","     6.9"," ","R","13","     1.9"," ","R","13","     0.0"," ","R","13","     0.0"," ","R","13","     0.0","X","R","13","     0.1"," ","R","13","     0.2"," ","R","13","     0.5"," ","R","13","     2.7"," ","R","13","    25.8"," ","R","13","    20.8"," ","R","13","    15.8"," ","R","13","    10.9"," ","R","13","     9.0"," ","R","13","     6.3"," ","R","13","     0.8"," ","R","13","     0.4"," ","R","13","     2.7"," ","R","13","    25.8"," ","R","13","    20.8"," ","R","13","    15.8"," ","R","13","    10.9"," ","R","13","     9.0"," ","R","13","     6.3"," ","R","13","     0.8"," ","R","13","     0.4"," ","R","13","    17.7"," ","R","13","    16.0"," ","R","13","     9.8"," ","P","17","     6.4"," ","P","17","     3.7"," ","P","17","     1.4"," ","P","17","     0.2"," ","P","17","     0.0"," ","P","17","     0.0"," ","P","17","     0.0"," ","P","17","-9999.00","Y"," "," 0","-9999.00","Y"," "," 0","-9999.00","Y"," "," 0","    0.20"," ","R","16","    5.98"," ","R","16","     0.0"," ","P","16","     0.0"," ","P","16","     0.0"," ","P","16","     0.0"," ","P","16","     0.0"," ","P","16","     0.0"," ","P","16","     0.0"," ","P","16","     0.0"," ","P","16"," -9999.0","M"," "," 0"," -9999.0","M"," "," 0"," -9999.0","M"," "," 0","     0.0"," ","P","16","     0.1"," ","P","16"
"USC00024849","10-10"," 36.8644","-111.6022"," 978.4","LEES FERRY, AZ US","10","10","99","    65.4"," ","R","13","    78.3"," ","R","13","    52.6"," ","R","16","    25.7"," ","R","13","     5.6"," ","R","13","     7.4"," ","R","13","     5.5"," ","R","16","     6.9"," ","R","13","     2.0"," ","R","13","     0.0"," ","R","13","     0.0"," ","R","13","     0.0","X","R","13","     0.1"," ","R","13","     0.2"," ","R","13","     0.5"," ","R","13","     2.4"," ","R","13","    25.4"," ","R","13","    20.4"," ","R","13","    15.4"," ","R","13","    10.5"," ","R","13","     8.6"," ","R","13","     5.9"," ","R","13","     0.7"," ","R","13","     0.4"," ","R","13","     2.4"," ","R","13","    25.4"," ","R","13","    20.4"," ","R","13","    15.4"," ","R","13","    10.5"," ","R","13","     8.6"," ","R","13","     5.9"," ","R","13","     0.7"," ","R","13","     0.4"," ","R","13","    17.4"," ","R","13","    15.7"," ","R","13","     9.8"," ","P","17","     6.3"," ","P","17","     3.6"," ","P","17","     1.4"," ","P","17","     0.2"," ","P","17","     0.0"," ","P","17","     0.0"," ","P","17","     0.0"," ","P","17","-9999.00","Y"," "," 0","-9999.00","Y"," "," 0","-9999.00","Y"," "," 0","    0.22"," ","R","16","    6.00"," ","R","16","     0.0"," ","P","16","     0.0"," ","P","16","     0.0"," ","P","16","     0.0"," ","P","16","     0.0"," ","P","16","     0.0"," ","P","16","     0.0"," ","P","16","     0.0"," ","P","16"," -9999.0","M"," "," 0"," -9999.0","M"," "," 0"," -9999.0","M"," "," 0","     0.0"," ","P","16","     0.1"," ","P","16"
"USC00024849","10-11"," 36.8644","-111.6022"," 978.4","LEES FERRY, AZ US","10","11","99","    65.0"," ","R","13","    77.8"," ","R","13","    52.2"," ","R","16","    25.7"," ","R","13","     5.5"," ","R","13","     7.5"," ","R","13","     5.5"," ","R","16","     7.0"," ","R","13","     2.2"," ","R","13","     0.0"," ","R","13","     0.0"," ","R","13","     0.0","X","R","13","     0.1"," ","R","13","     0.2"," ","R","13","     0.6"," ","R","13","     2.2"," ","R","13","    25.0"," ","R","13","    20.0"," ","R","13","    15.0"," ","R","13","    10.1"," ","R","13","     8.2"," ","R","13","     5.6"," ","R","13","     0.6"," ","R","13","     0.3"," ","R","13","     2.2"," ","R","13","    25.0"," ","R","13","    20.0"," ","R","13","    15.0"," ","R","13","    10.1"," ","R","13","     8.2"," ","R","13","     5.6"," ","R","13","     0.6"," ","R","13","     0.3"," ","R","13","    17.0"," ","R","13","    15.3"," ","R","13","     9.8"," ","P","17","     6.3"," ","P","17","     3.6"," ","P","17","     1.4"," ","P","17","     0.2"," ","P","17","     0.0"," ","P","17","     0.0"," ","P","17","     0.0"," ","P","17","-9999.00","Y"," "," 0","-9999.00","Y"," "," 0","-9999.00","Y"," "," 0","    0.25"," ","R","16","    6.03"," ","R","16","     0.0"," ","P","16","     0.0"," ","P","16","     0.0"," ","P","16","     0.0"," ","P","16","     0.0"," ","P","16","     0.0"," ","P","16","     0.0"," ","P","16","     0.0"," ","P","16"," -9999.0","M"," "," 0"," -9999.0","M"," "," 0"," -9999.0","M"," "," 0","     0.0"," ","P","16","     0.1"," ","P","16"
"USC00024849","10-12"," 36.8644","-111.6022"," 978.4","LEES FERRY, AZ US","10","12","99","    64.6"," ","R","13","    77.4"," ","R","13","    51.8"," ","R","16","    25.6"," ","R","13","     5.5"," ","R","13","     7.5"," ","R","13","     5.5"," ","R","16","     7.0"," ","R","13","     2.3"," ","R","13","     0.0"," ","R","13","     0.0"," ","R","13","     0.0","X","R","13","     0.1"," ","R","13","     0.2"," ","R","13","     0.6"," ","R","13","     2.0"," ","R","13","    24.6"," ","R","13","    19.6"," ","R","13","    14.6"," ","R","13","     9.7"," ","R","13","     7.8"," ","R","13","     5.3"," ","R","13","     0.5"," ","R","13","     0.2"," ","R","13","     2.0"," ","R","13","    24.6"," ","R","13","    19.6"," ","R","13","    14.6"," ","R","13","     9.7"," ","R","13","     7.8"," ","R","13","     5.3"," ","R","13","     0.5"," ","R","13","     0.2"," ","R","13","    16.7"," ","R","13","    15.0"," ","R","13","     9.8"," ","P","17","     6.2"," ","P","17","     3.6"," ","P","17","     1.4"," ","P","17","     0.2"," ","P","17","     0.0"," ","P","17","     0.0"," ","P","17","     0.0"," ","P","17","-9999.00","Y"," "," 0","-9999.00","Y"," "," 0","-9999.00","Y"," "," 0","    0.27"," ","R","16","    6.05"," ","R","16","     0.0"," ","P","16","     0.0"," ","P","16","     0.0"," ","P","16","     0.0"," ","P","16","     0.0"," ","P","16","     0.0"," ","P","16","     0.0"," ","P","16","     0.0"," ","P","16"," -9999.0","M"," "," 0"," -9999.0","M"," "," 0"," -9999.0","M"," "," 0","     0.0"," ","P","16","     0.1"," ","P","16"
"USC00024849","10-13"," 36.8644","-111.6022"," 978.4","LEES FERRY, AZ US","10","13","99","    64.2"," ","R","13","    77.0"," ","R","13","    51.5"," ","R","16","    25.6"," ","R","13","     5.5"," ","R","13","     7.4"," ","R","13","     5.4"," ","R","16","     6.9"," ","R","13","     2.5"," ","R","13","     0.0"," ","R","13","     0.0"," ","R","13","     0.0","X","R","13","     0.1"," ","R","13","     0.2"," ","R","13","     0.7"," ","R","13","     1.7"," ","R","13","    24.2"," ","R","13","    19.2"," ","R","13","    14.2"," ","R","13","     9.3"," ","R","13","     7.5"," ","R","13","     4.9"," ","R","13","     0.4"," ","R","13","     0.2"," ","R","13","     1.7"," ","R","13","    24.2"," ","R","13","    19.2"," ","R","13","    14.2"," ","R","13","     9.3"," ","R","13","     7.5"," ","R","13","     4.9"," ","R","13","     0.4"," ","R","13","     0.2"," ","R","13","    16.4"," ","R","13","    14.7"," ","R","13","     9.9"," ","P","17","     6.2"," ","P","17","     3.6"," ","P","17","     1.4"," ","P","17","     0.2"," ","P","17","     0.0"," ","P","17","     0.0"," ","P","17","     0.0"," ","P","17","-9999.00","Y"," "," 0","-9999.00","Y"," "," 0","-9999.00","Y"," "," 0","    0.30"," ","R","16","    6.08"," ","R","16","     0.0"," ","P","16","     0.0"," ","P","16","     0.0"," ","P","16","     0.0"," ","P","16","     0.0"," ","P","16","     0.0"," ","P","16","     0.0"," ","P","16","     0.0"," ","P","16"," -9999.0","M"," "," 0"," -9999.0","M"," "," 0"," -9999.0","M"," "," 0","     0.0"," ","P","16","     0.1"," ","P","16"
"USC00024849","10-14"," 36.8644","-111.6022"," 978.4","LEES FERRY, AZ US","10","14","99","    63.8"," ","R","13","    76.6"," ","R","13","    51.1"," ","R","16","    25.5"," ","R","13","     5.5"," ","R","13","     7.4"," ","R","13","     5.4"," ","R","16","     6.9"," ","R","13","     2.7"," ","R","13","     0.0"," ","R","13","     0.0"," ","R","13","     0.0","X","R","13","     0.1"," ","R","13","     0.3"," ","R","13","     0.8"," ","R","13","     1.5"," ","R","13","    23.8"," ","R","13","    18.8"," ","R","13","    13.9"," ","R","13","     9.0"," ","R","13","     7.1"," ","R","13","     4.6"," ","R","13","     0.3"," ","R","13","     0.1"," ","R","13","     1.5"," ","R","13","    23.8"," ","R","13","    18.8"," ","R","13","    13.9"," ","R","13","     9.0"," ","R","13","     7.1"," ","R","13","     4.6"," ","R","13","     0.3"," ","R","13","     0.1"," ","R","13","    16.1"," ","R","13","    14.4"," ","R","13","    10.0"," ","P","17","     6.2"," ","P","17","     3.7"," ","P","17","     1.4"," ","P","17","     0.2"," ","P","17","     0.0"," ","P","17","     0.0"," ","P","17","     0.0"," ","P","17","-9999.00","Y"," "," 0","-9999.00","Y"," "," 0","-9999.00","Y"," "," 0","    0.33"," ","R","16","    6.11"," ","R","16","     0.0"," ","P","16","     0.0"," ","P","16","     0.0"," ","P","16","     0.0"," ","P","16","     0.0"," ","P","16","     0.0"," ","P","16","     0.0"," ","P","16","     0.0"," ","P","16"," -9999.0","M"," "," 0"," -9999.0","M"," "," 0"," -9999.0","M"," "," 0","     0.0"," ","P","16","     0.1"," ","P","16"
"USC00024849","10-15"," 36.8644","-111.6022"," 978.4","LEES FERRY, AZ US","10","15","99","    63.5"," ","R","13","    76.2"," ","R","13","    50.7"," ","R","16","    25.4"," ","R","13","     5.5"," ","R","13","     7.4"," ","R","13","     5.4"," ","R","16","     6.9"," ","R","13","     2.9"," ","R","13","     0.0"," ","R","13","     0.0"," ","R","13","     0.0","X","R","13","     0.1"," ","R","13","     0.3"," ","R","13","     0.9"," ","R","13","     1.4"," ","R","13","    23.5"," ","R","13","    18.5"," ","R","13","    13.5"," ","R","13","     8.6"," ","R","13","     6.8"," ","R","13","     4.3"," ","R","13","     0.2"," ","R","13","     0.1"," ","R","13","     1.4"," ","R","13","    23.5"," ","R","13","    18.5"," ","R","13","    13.5"," ","R","13","     8.6"," ","R","13","     6.8"," ","R","13","     4.3"," ","R","13","     0.2"," ","R","13","     0.1"," ","R","13","    15.8"," ","R","13","    14.1"," ","R","13","    10.1"," ","P","17","     6.2"," ","P","17","     3.7"," ","P","17","     1.4"," ","P","17","     0.2"," ","P","17","     0.0"," ","P","17","     0.0"," ","P","17","     0.0"," ","P","17","-9999.00","Y"," "," 0","-9999.00","Y"," "," 0","-9999.00","Y"," "," 0","    0.36"," ","R","16","    6.14"," ","R","16","     0.0"," ","P","16","     0.0"," ","P","16","     0.0"," ","P","16","     0.0"," ","P","16","     0.0"," ","P","16","     0.0"," ","P","16","     0.0"," ","P","16","     0.0"," ","P","16"," -9999.0","M"," "," 0"," -9999.0","M"," "," 0"," -9999.0","M"," "," 0","     0.0"," ","P","16","     0.1"," ","P","16"
"USC00024849","10-16"," 36.8644","-111.6022"," 978.4","LEES FERRY, AZ US","10","16","99","    63.1"," ","R","13","    75.7"," ","R","13","    50.4"," ","R","16","    25.3"," ","R","13","     5.5"," ","R","13","     7.4"," ","R","13","     5.4"," ","R","16","     6.9"," ","R","13","     3.2"," ","R","13","     0.0"," ","R","13","     0.0"," ","R","13","     0.0","X","R","13","     0.1"," ","R","13","     0.4"," ","R","13","     1.0"," ","R","13","     1.3"," ","R","13","    23.1"," ","R","13","    18.1"," ","R","13","    13.1"," ","R","13","     8.2"," ","R","13","     6.4"," ","R","13","     4.1"," ","R","13","     0.2"," ","R","13","     0.1"," ","R","13","     1.3"," ","R","13","    23.1"," ","R","13","    18.1"," ","R","13","    13.1"," ","R","13","     8.2"," ","R","13","     6.4"," ","R","13","     4.1"," ","R","13","     0.2"," ","R","13","     0.1"," ","R","13","    15.4"," ","R","13","    13.9"," ","R","13","    10.2"," ","P","17","     6.2"," ","P","17","     3.7"," ","P","17","     1.4"," ","P","17","     0.2"," ","P","17","     0.0"," ","P","17","     0.0"," ","P","17","     0.0"," ","P","17","    0.04"," ","P","17","    0.12"," ","P","17","    0.32"," ","P","17","    0.39"," ","R","16","    6.17"," ","R","16","     0.0"," ","P","16","     0.0"," ","P","16","     0.0"," ","P","16","     0.0"," ","P","16","     0.0"," ","P","16","     0.0"," ","P","16","     0.0"," ","P","16","     0.0"," ","P","16"," -9999.0","M"," "," 0"," -9999.0","M"," "," 0"," -9999.0","M"," "," 0","     0.0"," ","P","16","     0.1"," ","P","16"
"USC00024849","10-17"," 36.8644","-111.6022"," 978.4","LEES FERRY, AZ US","10","17","99","    62.7"," ","R","13","    75.3"," ","R","13","    50.0"," ","R","16","    25.3"," ","R","13","     5.5"," ","R","13","     7.4"," ","R","13","     5.4"," ","R","16","     6.9"," ","R","13","     3.5"," ","R","13","     0.0"," ","R","13","     0.0"," ","R","13","     0.0","X","R","13","     0.1"," ","R","13","     0.4"," ","R","13","     1.1"," ","R","13","     1.2"," ","R","13","    22.7"," ","R","13","    17.7"," ","R","13","    12.7"," ","R","13","     7.8"," ","R","13","     6.1"," ","R","13","     3.8"," ","R","13","     0.2"," ","R","13","     0.1"," ","R","13","     1.2"," ","R","13","    22.7"," ","R","13","    17.7"," ","R","13","    12.7"," ","R","13","     7.8"," ","R","13","     6.1"," ","R","13","     3.8"," ","R","13","     0.2"," ","R","13","     0.1"," ","R","13","    15.1"," ","R","13","    13.6"," ","R","13","    10.4"," ","P","17","     6.2"," ","P","17","     3.7"," ","P","17","     1.4"," ","P","17","     0.2"," ","P","17","     0.0"," ","P","17","     0.0"," ","P","17","     0.0"," ","P","17","    0.04"," ","P","17","    0.12"," ","P","17","    0.31"," ","P","17","    0.42"," ","R","16","    6.20"," ","R","16","     0.0"," ","P","16","     0.0"," ","P","16","     0.0"," ","P","16","     0.0"," ","P","16","     0.0"," ","P","16","     0.0"," ","P","16","     0.0"," ","P","16","     0.0"," ","P","16"," -9999.0","M"," "," 0"," -9999.0","M"," "," 0"," -9999.0","M"," "," 0","     0.0"," ","P","16","     0.1"," ","P","16"
"USC00024849","10-18"," 36.8644","-111.6022"," 978.4","LEES FERRY, AZ US","10","18","99","    62.3"," ","R","13","    74.9"," ","R","13","    49.7"," ","R","16","    25.2"," ","R","13","     5.5"," ","R","13","     7.4"," ","R","13","     5.3"," ","R","16","     6.9"," ","R","13","     3.8"," ","R","13","     0.0"," ","R","13","     0.0"," ","R","13","     0.0","X","R","13","     0.1"," ","R","13","     0.4"," ","R","13","     1.3"," ","R","13","     1.1"," ","R","13","    22.3"," ","R","13","    17.3"," ","R","13","    12.3"," ","R","13","     7.4"," ","R","13","     5.7"," ","R","13","     3.5"," ","R","13","     0.1"," ","R","13","     0.1"," ","R","13","     1.1"," ","R","13","    22.3"," ","R","13","    17.3"," ","R","13","    12.3"," ","R","13","     7.4"," ","R","13","     5.7"," ","R","13","     3.5"," ","R","13","     0.1"," ","R","13","     0.1"," ","R","13","    14.8"," ","R","13","    13.3"," ","R","13","    10.5"," ","P","17","     6.2"," ","P","17","     3.8"," ","P","17","     1.4"," ","P","17","     0.2"," ","P","17","     0.0"," ","P","17","     0.0"," ","P","17","     0.0"," ","P","17","    0.04"," ","P","17","    0.12"," ","P","17","    0.31"," ","P","17","    0.45"," ","R","16","    6.23"," ","R","16","     0.0"," ","P","16","     0.0"," ","P","16","     0.0"," ","P","16","     0.0"," ","P","16","     0.0"," ","P","16","     0.0"," ","P","16","     0.0"," ","P","16","     0.0"," ","P","16"," -9999.0","M"," "," 0"," -9999.0","M"," "," 0"," -9999.0","M"," "," 0","     0.0"," ","P","16","     0.1"," ","P","16"
"USC00024849","10-19"," 36.8644","-111.6022"," 978.4","LEES FERRY, AZ US","10","19","99","    61.9"," ","R","13","    74.4"," ","R","13","    49.4"," ","R","16","    25.1"," ","R","13","     5.5"," ","R","13","     7.4"," ","R","13","     5.3"," ","R","16","     6.8"," ","R","13","     4.1"," ","R","13","     0.0"," ","R","13","     0.0"," ","R","13","     0.0","X","R","13","     0.2"," ","R","13","     0.5"," ","R","13","     1.4"," ","R","13","     1.0"," ","R","13","    21.9"," ","R","13","    16.9"," ","R","13","    11.9"," ","R","13","     7.1"," ","R","13","     5.4"," ","R","13","     3.3"," ","R","13","     0.1"," ","R","13","     0.0","X","R","13","     1.0"," ","R","13","    21.9"," ","R","13","    16.9"," ","R","13","    11.9"," ","R","13","     7.1"," ","R","13","     5.4"," ","R","13","     3.3"," ","R","13","     0.1"," ","R","13","     0.0","X","R","13","    14.5"," ","R","13","    13.0"," ","R","13","    10.6"," ","P","17","     6.2"," ","P","17","     3.8"," ","P","17","     1.4"," ","P","17","     0.2"," ","P","17","     0.0"," ","P","17","     0.0"," ","P","17","     0.0"," ","P","17","    0.04"," ","P","17","    0.11"," ","P","17","    0.31"," ","P","17","    0.48"," ","R","16","    6.26"," ","R","16","     0.0"," ","P","16","     0.0"," ","P","16","     0.0"," ","P","16","     0.0"," ","P","16","     0.0"," ","P","16","     0.0"," ","P","16","     0.0"," ","P","16","     0.0"," ","P","16"," -9999.0","M"," "," 0"," -9999.0","M"," "," 0"," -9999.0","M"," "," 0","     0.0"," ","P","16","     0.1"," ","P","16"
"USC00024849","10-20"," 36.8644","-111.6022"," 978.4","LEES FERRY, AZ US","10","20","99","    61.5"," ","R","13","    74.0"," ","R","13","    49.0"," ","R","16","    25.0"," ","R","13","     5.5"," ","R","13","     7.4"," ","R","13","     5.3"," ","R","16","     6.8"," ","R","13","     4.4"," ","R","13","     0.0"," ","R","13","     0.0"," ","R","13","     0.0","X","R","13","     0.2"," ","R","13","     0.5"," ","R","13","     1.5"," ","R","13","     0.9"," ","R","13","    21.5"," ","R","13","    16.5"," ","R","13","    11.5"," ","R","13","     6.7"," ","R","13","     5.0"," ","R","13","     3.0"," ","R","13","     0.1"," ","R","13","     0.0","X","R","13","     0.9"," ","R","13","    21.5"," ","R","13","    16.5"," ","R","13","    11.5"," ","R","13","     6.7"," ","R","13","     5.0"," ","R","13","     3.0"," ","R","13","     0.1"," ","R","13","     0.0","X","R","13","    14.2"," ","R","13","    12.7"," ","R","13","    10.8"," ","P","17","     6.2"," ","P","17","     3.8"," ","P","17","     1.4"," ","P","17","     0.2"," ","P","17","     0.0"," ","P","17","     0.0"," ","P","17","     0.0"," ","P","17","    0.04"," ","P","17","    0.11"," ","P","17","    0.31"," ","P","17","    0.51"," ","R","16","    6.29"," ","R","16","     0.0"," ","P","16","     0.0"," ","P","16","     0.0"," ","P","16","     0.0"," ","P","16","     0.0"," ","P","16","     0.0"," ","P","16","     0.0"," ","P","16","     0.0"," ","P","16"," -9999.0","M"," "," 0"," -9999.0","M"," "," 0"," -9999.0","M"," "," 0","     0.0"," ","P","16","     0.1"," ","P","16"
"USC00024849","10-21"," 36.8644","-111.6022"," 978.4","LEES FERRY, AZ US","10","21","99","    61.1"," ","R","13","    73.6"," ","R","13","    48.7"," ","R","16","    24.9"," ","R","13","     5.5"," ","R","13","     7.5"," ","R","13","     5.3"," ","R","16","     6.8"," ","R","13","     4.6"," ","R","13","     0.0"," ","R","13","     0.0"," ","R","13","     0.0","X","R","13","     0.2"," ","R","13","     0.6"," ","R","13","     1.6"," ","R","13","     0.8"," ","R","13","    21.1"," ","R","13","    16.1"," ","R","13","    11.1"," ","R","13","     6.4"," ","R","13","     4.7"," ","R","13","     2.7"," ","R","13","     0.1"," ","R","13","     0.0","X","R","13","     0.8"," ","R","13","    21.1"," ","R","13","    16.1"," ","R","13","    11.1"," ","R","13","     6.4"," ","R","13","     4.7"," ","R","13","     2.7"," ","R","13","     0.1"," ","R","13","     0.0","X","R","13","    13.8"," ","R","13","    12.4"," ","R","13","    10.9"," ","P","17","     6.2"," ","P","17","     3.8"," ","P","17","     1.5"," ","P","17","     0.2"," ","P","17","     0.0"," ","P","17","     0.0"," ","P","17","     0.0"," ","P","17","    0.04"," ","P","17","    0.11"," ","P","17","    0.31"," ","P","17","    0.53"," ","R","16","    6.31"," ","R","16","     0.0"," ","P","16","     0.0"," ","P","16","     0.0"," ","P","16","     0.0"," ","P","16","     0.0"," ","P","16","     0.0"," ","P","16","     0.0"," ","P","16","     0.0"," ","P","16"," -9999.0","M"," "," 0"," -9999.0","M"," "," 0"," -9999.0","M"," "," 0","     0.0"," ","P","16","     0.1"," ","P","16"
"USC00024849","10-22"," 36.8644","-111.6022"," 978.4","LEES FERRY, AZ US","10","22","99","    60.7"," ","R","13","    73.1"," ","R","13","    48.3"," ","R","16","    24.8"," ","R","13","     5.5"," ","R","13","     7.5"," ","R","13","     5.3"," ","R","16","     6.8"," ","R","13","     4.9"," ","R","13","     0.0"," ","R","13","     0.0","X","R","13","     0.0","X","R","13","     0.3"," ","R","13","     0.7"," ","R","13","     1.8"," ","R","13","     0.7"," ","R","13","    20.7"," ","R","13","    15.7"," ","R","13","    10.8"," ","R","13","     6.0"," ","R","13","     4.4"," ","R","13","     2.5"," ","R","13","     0.1"," ","R","13","     0.0","X","R","13","     0.7"," ","R","13","    20.7"," ","R","13","    15.7"," ","R","13","    10.8"," ","R","13","     6.0"," ","R","13","     4.4"," ","R","13","     2.5"," ","R","13","     0.1"," ","R","13","     0.0","X","R","13","    13.5"," ","R","13","    12.1"," ","R","13","    11.0"," ","P","17","     6.2"," ","P","17","     3.8"," ","P","17","     1.5"," ","P","17","     0.2"," ","P","17","     0.0"," ","P","17","     0.0"," ","P","17","     0.0"," ","P","17","    0.04"," ","P"," 0","    0.11"," ","P"," 0","    0.30"," ","P"," 0","    0.55"," ","R","16","    6.33"," ","R","16","     0.0"," ","P","16","     0.0"," ","P","16","     0.0"," ","P","16","     0.0"," ","P","16","     0.0"," ","P","16","     0.0"," ","P","16","     0.0"," ","P","16","     0.0"," ","P","16"," -9999.0","M"," "," 0"," -9999.0","M"," "," 0"," -9999.0","M"," "," 0","     0.0"," ","P","16","     0.1"," ","P","16"
"USC00024849","10-23"," 36.8644","-111.6022"," 978.4","LEES FERRY, AZ US","10","23","99","    60.3"," ","R","13","    72.6"," ","R","13","    48.0"," ","R","16","    24.6"," ","R","13","     5.5"," ","R","13","     7.5"," ","R","13","     5.3"," ","R","16","     6.8"," ","R","13","     5.3"," ","R","13","     0.0"," ","R","13","     0.0","X","R","13","     0.1"," ","R","13","     0.4"," ","R","13","     0.9"," ","R","13","     2.0"," ","R","13","     0.6"," ","R","13","    20.3"," ","R","13","    15.3"," ","R","13","    10.4"," ","R","13","     5.7"," ","R","13","     4.2"," ","R","13","     2.3"," ","R","13","     0.0","X","R","13","     0.0","X","R","13","     0.6"," ","R","13","    20.3"," ","R","13","    15.3"," ","R","13","    10.4"," ","R","13","     5.7"," ","R","13","     4.2"," ","R","13","     2.3"," ","R","13","     0.0","X","R","13","     0.0","X","R","13","    13.2"," ","R","13","    11.8"," ","R","13","    11.2"," ","P","17","     6.1"," ","P","17","     3.8"," ","P","17","     1.5"," ","P","17","     0.2"," ","P","17","     0.0"," ","P","17","     0.0"," ","P","17","     0.0"," ","P","17","    0.04"," ","P"," 0","    0.11"," ","P"," 0","    0.30"," ","P"," 0","    0.57"," ","R","16","    6.35"," ","R","16","     0.0"," ","P","16","     0.0"," ","P","16","     0.0"," ","P","16","     0.0"," ","P","16","     0.0"," ","P","16","     0.0"," ","P","16","     0.0"," ","P","16","     0.0"," ","P","16"," -9999.0","M"," "," 0"," -9999.0","M"," "," 0"," -9999.0","M"," "," 0","     0.0"," ","P","16","     0.1"," ","P","16"
"USC00024849","10-24"," 36.8644","-111.6022"," 978.4","LEES FERRY, AZ US","10","24","99","    59.9"," ","R","13","    72.2"," ","R","13","    47.7"," ","R","16","    24.5"," ","R","13","     5.5"," ","R","13","     7.5"," ","R","13","     5.3"," ","R","16","     6.7"," ","R","13","     5.6"," ","R","13","     0.0"," ","R","13","     0.0","X","R","13","     0.1"," ","R","13","     0.5"," ","R","13","     1.0"," ","R","13","     2.2"," ","R","13","     0.5"," ","R","13","    19.9"," ","R","13","    14.9"," ","R","13","    10.0"," ","R","13","     5.4"," ","R","13","     3.9"," ","R","13","     2.1"," ","R","13","     0.0","X","R","13","     0.0","X","R","13","     0.5"," ","R","13","    19.9"," ","R","13","    14.9"," ","R","13","    10.0"," ","R","13","     5.4"," ","R","13","     3.9"," ","R","13","     2.1"," ","R","13","     0.0","X","R","13","     0.0","X","R","13","    12.9"," ","R","13","    11.6"," ","R","13","    11.3"," ","P","17","     6.1"," ","P","17","     3.7"," ","P","17","     1.4"," ","P","17","     0.2"," ","P","17","     0.0"," ","P","17","     0.0"," ","P","17","     0.0"," ","P","17","    0.03"," ","P"," 0","    0.10"," ","P"," 0","    0.30"," ","P"," 0","    0.59"," ","R","16","    6.37"," ","R","16","     0.0"," ","P","16","     0.0"," ","P","16","     0.0"," ","P","16","     0.0"," ","P","16","     0.0"," ","P","16","     0.0"," ","P","16","     0.0"," ","P","16","     0.0"," ","P","16"," -9999.0","M"," "," 0"," -9999.0","M"," "," 0"," -9999.0","M"," "," 0","     0.0"," ","P","16","     0.1"," ","P","16"
"USC00024849","10-25"," 36.8644","-111.6022"," 978.4","LEES FERRY, AZ US","10","25","99","    59.5"," ","R","13","    71.7"," ","R","13","    47.3"," ","R","16","    24.4"," ","R","13","     5.5"," ","R","13","     7.5"," ","R","13","     5.3"," ","R","16","     6.7"," ","R","13","     5.9"," ","R","13","     0.0"," ","R","13","     0.0","X","R","13","     0.1"," ","R","13","     0.6"," ","R","13","     1.1"," ","R","13","     2.4"," ","R","13","     0.4"," ","R","13","    19.5"," ","R","13","    14.5"," ","R","13","     9.6"," ","R","13","     5.1"," ","R","13","     3.6"," ","R","13","     1.9"," ","R","13","     0.0","X","R","13","     0.0","X","R","13","     0.4"," ","R","13","    19.5"," ","R","13","    14.5"," ","R","13","     9.6"," ","R","13","     5.1"," ","R","13","     3.6"," ","R","13","     1.9"," ","R","13","     0.0","X","R","13","     0.0","X","R","13","    12.6"," ","R","13","    11.3"," ","R","13","    11.4"," ","P","17","     6.0"," ","P","17","     3.7"," ","P","17","     1.4"," ","P","17","     0.2"," ","P","17","     0.0"," ","P","17","     0.0"," ","P","17","     0.0"," ","P","17","    0.03"," ","P"," 0","    0.10"," ","P"," 0","    0.29"," ","P"," 0","    0.61"," ","R","16","    6.39"," ","R","16","     0.0"," ","P","16","     0.0"," ","P","16","     0.0"," ","P","16","     0.0"," ","P","16","     0.0"," ","P","16","     0.0"," ","P","16","     0.0"," ","P","16","     0.0"," ","P","16"," -9999.0","M"," "," 0"," -9999.0","M"," "," 0"," -9999.0","M"," "," 0","     0.0"," ","P","16","     0.1"," ","P","16"
"USC00024849","10-26"," 36.8644","-111.6022"," 978.4","LEES FERRY, AZ US","10","26","99","    59.1"," ","R","13","    71.2"," ","R","13","    47.0"," ","R","16","    24.2"," ","R","13","     5.5"," ","R","13","     7.5"," ","R","13","     5.3"," ","R","16","     6.7"," ","R","13","     6.3"," ","R","13","     0.0"," ","R","13","     0.0","X","R","13","     0.1"," ","R","13","     0.7"," ","R","13","     1.2"," ","R","13","     2.7"," ","R","13","     0.4"," ","R","13","    19.1"," ","R","13","    14.1"," ","R","13","     9.2"," ","R","13","     4.7"," ","R","13","     3.3"," ","R","13","     1.7"," ","R","13","     0.0","X","R","13","     0.0","X","R","13","     0.4"," ","R","13","    19.1"," ","R","13","    14.1"," ","R","13","     9.2"," ","R","13","     4.7"," ","R","13","     3.3"," ","R","13","     1.7"," ","R","13","     0.0","X","R","13","     0.0","X","R","13","    12.3"," ","R","13","    11.0"," ","R","13","    11.5"," ","P","17","     6.0"," ","P","17","     3.7"," ","P","17","     1.4"," ","P","17","     0.2"," ","P","17","     0.0"," ","P","17","     0.0"," ","P","17","     0.0"," ","P","17","    0.03"," ","P","17","    0.10"," ","P","17","    0.29"," ","P","17","    0.64"," ","R","16","    6.42"," ","R","16","     0.0"," ","P","16","     0.0"," ","P","16","     0.0"," ","P","16","     0.0"," ","P","16","     0.0"," ","P","16","     0.0"," ","P","16","     0.0"," ","P","16","     0.0"," ","P","16"," -9999.0","M"," "," 0"," -9999.0","M"," "," 0"," -9999.0","M"," "," 0","     0.0"," ","P","16","     0.1"," ","P","16"
"USC00024849","10-27"," 36.8644","-111.6022"," 978.4","LEES FERRY, AZ US","10","27","99","    58.7"," ","R","13","    70.7"," ","R","13","    46.6"," ","R","16","    24.1"," ","R","13","     5.5"," ","R","13","     7.5"," ","R","13","     5.3"," ","R","16","     6.7"," ","R","13","     6.7"," ","R","13","     0.0"," ","R","13","     0.0","X","R","13","     0.2"," ","R","13","     0.8"," ","R","13","     1.4"," ","R","13","     2.9"," ","R","13","     0.3"," ","R","13","    18.7"," ","R","13","    13.7"," ","R","13","     8.8"," ","R","13","     4.4"," ","R","13","     3.1"," ","R","13","     1.6"," ","R","13","     0.0","X","R","13","     0.0","X","R","13","     0.3"," ","R","13","    18.7"," ","R","13","    13.7"," ","R","13","     8.8"," ","R","13","     4.4"," ","R","13","     3.1"," ","R","13","     1.6"," ","R","13","     0.0","X","R","13","     0.0","X","R","13","    12.0"," ","R","13","    10.7"," ","R","13","    11.5"," ","P","17","     5.9"," ","P","17","     3.6"," ","P","17","     1.4"," ","P","17","     0.2"," ","P","17","     0.0"," ","P","17","     0.0"," ","P","17","     0.0"," ","P","17","    0.03"," ","P","17","    0.10"," ","P","17","    0.29"," ","P","17","    0.66"," ","R","16","    6.44"," ","R","16","     0.0"," ","P","16","     0.0"," ","P","16","     0.0"," ","P","16","     0.0"," ","P","16","     0.0"," ","P","16","     0.0"," ","P","16","     0.0"," ","P","16","     0.0"," ","P","16"," -9999.0","M"," "," 0"," -9999.0","M"," "," 0"," -9999.0","M"," "," 0","     0.0"," ","P","16","     0.1"," ","P","16"
"USC00024849","10-28"," 36.8644","-111.6022"," 978.4","LEES FERRY, AZ US","10","28","99","    58.2"," ","R","13","    70.2"," ","R","13","    46.3"," ","R","16","    24.0"," ","R","13","     5.5"," ","R","13","     7.5"," ","R","13","     5.3"," ","R","16","     6.7"," ","R","13","     7.1"," ","R","13","     0.0"," ","R","13","     0.0","X","R","13","     0.2"," ","R","13","     0.9"," ","R","13","     1.6"," ","R","13","     3.1"," ","R","13","     0.3"," ","R","13","    18.2"," ","R","13","    13.2"," ","R","13","     8.4"," ","R","13","     4.2"," ","R","13","     2.8"," ","R","13","     1.4"," ","R","13","     0.0","X","R","13","     0.0","X","R","13","     0.3"," ","R","13","    18.2"," ","R","13","    13.2"," ","R","13","     8.4"," ","R","13","     4.2"," ","R","13","     2.8"," ","R","13","     1.4"," ","R","13","     0.0","X","R","13","     0.0","X","R","13","    11.7"," ","R","13","    10.4"," ","R","13","    11.5"," ","P","17","     5.8"," ","P","17","     3.6"," ","P","17","     1.4"," ","P","17","     0.2"," ","P","17","     0.0"," ","P","17","     0.0"," ","P","17","     0.0"," ","P","17","    0.03"," ","P","17","    0.09"," ","P","17","    0.29"," ","P","17","    0.68"," ","R","16","    6.46"," ","R","16","     0.0"," ","P","16","     0.0"," ","P","16","     0.0"," ","P","16","     0.0"," ","P","16","     0.0"," ","P","16","     0.0"," ","P","16","     0.0"," ","P","16","     0.0"," ","P","16"," -9999.0","M"," "," 0"," -9999.0","M"," "," 0"," -9999.0","M"," "," 0","     0.0"," ","P","16","     0.1"," ","P","16"
"USC00024849","10-29"," 36.8644","-111.6022"," 978.4","LEES FERRY, AZ US","10","29","99","    57.8"," ","R","13","    69.7"," ","R","13","    45.9"," ","R","16","    23.8"," ","R","13","     5.6"," ","R","13","     7.5"," ","R","13","     5.3"," ","R","16","     6.7"," ","R","13","     7.4"," ","R","13","     0.0"," ","R","13","     0.0","X","R","13","     0.3"," ","R","13","     1.1"," ","R","13","     1.8"," ","R","13","     3.4"," ","R","13","     0.2"," ","R","13","    17.8"," ","R","13","    12.8"," ","R","13","     8.1"," ","R","13","     3.9"," ","R","13","     2.6"," ","R","13","     1.2"," ","R","13","     0.0","X","R","13","     0.0","X","R","13","     0.2"," ","R","13","    17.8"," ","R","13","    12.8"," ","R","13","     8.1"," ","R","13","     3.9"," ","R","13","     2.6"," ","R","13","     1.2"," ","R","13","     0.0","X","R","13","     0.0","X","R","13","    11.4"," ","R","13","    10.1"," ","R","13","    11.4"," ","P","17","     5.6"," ","P","17","     3.5"," ","P","17","     1.3"," ","P","17","     0.1"," ","P","17","     0.0"," ","P","17","     0.0"," ","P","17","     0.0"," ","P","17","    0.03"," ","P","17","    0.09"," ","P","17","    0.28"," ","P","17","    0.71"," ","R","16","    6.49"," ","R","16","     0.0"," ","P","16","     0.0"," ","P","16","     0.0"," ","P","16","     0.0"," ","P","16","     0.0"," ","P","16","     0.0"," ","P","16","     0.0"," ","P","16","     0.0"," ","P","16"," -9999.0","M"," "," 0"," -9999.0","M"," "," 0"," -9999.0","M"," "," 0","     0.0"," ","P","16","     0.1"," ","P","16"
"USC00024849","10-30"," 36.8644","-111.6022"," 978.4","LEES FERRY, AZ US","10","30","99","    57.4"," ","R","13","    69.2"," ","R","13","    45.5"," ","R","16","    23.6"," ","R","13","     5.6"," ","R","13","     7.6"," ","R","13","     5.3"," ","R","16","     6.6"," ","R","13","     7.8"," ","R","13","     0.0"," ","R","13","     0.0","X","R","13","     0.3"," ","R","13","     1.3"," ","R","13","     2.0"," ","R","13","     3.7"," ","R","13","     0.2"," ","R","13","    17.4"," ","R","13","    12.4"," ","R","13","     7.7"," ","R","13","     3.6"," ","R","13","     2.4"," ","R","13","     1.1"," ","R","13","     0.0","X","R","13","     0.0","X","R","13","     0.2"," ","R","13","    17.4"," ","R","13","    12.4"," ","R","13","     7.7"," ","R","13","     3.6"," ","R","13","     2.4"," ","R","13","     1.1"," ","R","13","     0.0","X","R","13","     0.0","X","R","13","    11.1"," ","R","13","     9.8"," ","R","13","    11.3"," ","P","17","     5.5"," ","P","17","     3.5"," ","P","17","     1.3"," ","P","17","     0.1"," ","P","17","     0.0"," ","P","17","     0.0"," ","P","17","     0.0"," ","P","17","    0.03"," ","P","17","    0.09"," ","P","17","    0.28"," ","P","17","    0.73"," ","R","16","    6.51"," ","R","16","     0.0"," ","P","16","     0.0"," ","P","16","     0.0"," ","P","16","     0.0"," ","P","16","     0.0"," ","P","16","     0.0"," ","P","16","     0.0"," ","P","16","     0.0"," ","P","16"," -9999.0","M"," "," 0"," -9999.0","M"," "," 0"," -9999.0","M"," "," 0","     0.0"," ","P","16","     0.1"," ","P","16"
"USC00024849","10-31"," 36.8644","-111.6022"," 978.4","LEES FERRY, AZ US","10","31","99","    56.9"," ","R","13","    68.7"," ","R","13","    45.2"," ","R","16","    23.5"," ","R","13","     5.6"," ","R","13","     7.6"," ","R","13","     5.3"," ","R","16","     6.6"," ","R","13","     8.2"," ","R","13","     0.0"," ","R","13","     0.0","X","R","13","     0.4"," ","R","13","     1.5"," ","R","13","     2.3"," ","R","13","     4.0"," ","R","13","     0.2"," ","R","13","    16.9"," ","R","13","    11.9"," ","R","13","     7.3"," ","R","13","     3.4"," ","R","13","     2.2"," ","R","13","     1.0"," ","R","13","     0.0","X","R","13","     0.0","X","R","13","     0.2"," ","R","13","    16.9"," ","R","13","    11.9"," ","R","13","     7.3"," ","R","13","     3.4"," ","R","13","     2.2"," ","R","13","     1.0"," ","R","13","     0.0","X","R","13","     0.0","X","R","13","    10.8"," ","R","13","     9.6"," ","R","13","    11.2"," ","P","17","     5.4"," ","P","17","     3.4"," ","P","17","     1.3"," ","P","17","     0.1"," ","P","17","     0.0"," ","P","17","     0.0"," ","P","17","     0.0"," ","P","17","    0.03"," ","P","17","    0.09"," ","P","17","    0.28"," ","P","17","    0.76"," ","R","16","    6.54"," ","R","16","     0.0"," ","P","16","     0.0"," ","P","16","     0.0"," ","P","16","     0.0"," ","P","16","     0.0"," ","P","16","     0.0"," ","P","16","     0.0"," ","P","16","     0.0"," ","P","16"," -9999.0","M"," "," 0"," -9999.0","M"," "," 0"," -9999.0","M"," "," 0","     0.0"," ","P","16","     0.1"," ","P","16"
"USC00024849","11-01"," 36.8644","-111.6022"," 978.4","LEES FERRY, AZ US","11","01","99","    56.5"," ","R","13","    68.1"," ","R","13","    44.8"," ","R","15","    23.3"," ","R","13","     5.6"," ","R","13","     7.6"," ","R","13","     5.3"," ","R","15","     6.6"," ","R","13","     8.6"," ","R","13","     0.0"," ","R","13","     0.0","X","R","13","     0.4"," ","R","13","     1.7"," ","R","13","     2.5"," ","R","13","     4.4"," ","R","13","     0.1"," ","R","13","    16.5"," ","R","13","    11.5"," ","R","13","     6.9"," ","R","13","     3.2"," ","R","13","     2.0"," ","R","13","     0.8"," ","R","13","     0.0","X","R","13","     0.0","X","R","13","     0.1"," ","R","13","    16.5"," ","R","13","    11.5"," ","R","13","     6.9"," ","R","13","     3.2"," ","R","13","     2.0"," ","R","13","     0.8"," ","R","13","     0.0","X","R","13","     0.0","X","R","13","    10.5"," ","R","13","     9.3"," ","R","13","    11.1"," ","P","17","     5.2"," ","P","17","     3.3"," ","P","17","     1.2"," ","P","17","     0.0"," ","P","17","     0.0"," ","P","17","     0.0"," ","P","17","     0.0"," ","P","17","    0.03"," ","P","17","    0.09"," ","P","17","    0.28"," ","P","17","    0.02"," ","R","16","    6.56"," ","R","16","     0.2"," ","P","16","     0.1"," ","P","16","     0.0"," ","P","16","     0.0"," ","P","16","     0.0"," ","P","16","     0.0"," ","P","16","     0.0"," ","P","16","     0.0"," ","P","16"," -9999.0","Y"," "," 0"," -9999.0","Y"," "," 0"," -9999.0","Y"," "," 0","     0.0"," ","P","15","     0.1"," ","P","15"
"USC00024849","11-02"," 36.8644","-111.6022"," 978.4","LEES FERRY, AZ US","11","02","99","    56.0"," ","R","13","    67.6"," ","R","13","    44.4"," ","R","15","    23.1"," ","R","13","     5.6"," ","R","13","     7.6"," ","R","13","     5.3"," ","R","15","     6.5"," ","R","13","     9.1"," ","R","13","     0.0"," ","R","13","     0.0","X","R","13","     0.5"," ","R","13","     1.9"," ","R","13","     2.8"," ","R","13","     4.8"," ","R","13","     0.1"," ","R","13","    16.0"," ","R","13","    11.1"," ","R","13","     6.5"," ","R","13","     2.9"," ","R","13","     1.8"," ","R","13","     0.8"," ","R","13","     0.0"," ","R","13","     0.0"," ","R","13","     0.1"," ","R","13","    16.0"," ","R","13","    11.1"," ","R","13","     6.5"," ","R","13","     2.9"," ","R","13","     1.8"," ","R","13","     0.8"," ","R","13","     0.0"," ","R","13","     0.0"," ","R","13","    10.2"," ","R","13","     9.0"," ","R","13","    11.0"," ","P","17","     5.1"," ","P","17","     3.2"," ","P","17","     1.2"," ","P","17","     0.0"," ","P","17","     0.0"," ","P","17","     0.0"," ","P","17","     0.0"," ","P","17","    0.03"," ","P","17","    0.08"," ","P","17","    0.27"," ","P","17","    0.04"," ","R","16","    6.58"," ","R","16","     0.3"," ","P","16","     0.1"," ","P","16","     0.0"," ","P","16","     0.0"," ","P","16","     0.0"," ","P","16","     0.0"," ","P","16","     0.0"," ","P","16","     0.0"," ","P","16"," -9999.0","Y"," "," 0"," -9999.0","Y"," "," 0"," -9999.0","Y"," "," 0","     0.0"," ","P","15","     0.1"," ","P","15"
"USC00024849","11-03"," 36.8644","-111.6022"," 978.4","LEES FERRY, AZ US","11","03","99","    55.6"," ","R","13","    67.0"," ","R","13","    44.1"," ","R","15","    23.0"," ","R","13","     5.6"," ","R","13","     7.5"," ","R","13","     5.3"," ","R","15","     6.5"," ","R","13","     9.5"," ","R","13","     0.0","X","R","13","     0.1"," ","R","13","     0.6"," ","R","13","     2.1"," ","R","13","     3.1"," ","R","13","     5.1"," ","R","13","     0.1"," ","R","13","    15.5"," ","R","13","    10.6"," ","R","13","     6.1"," ","R","13","     2.7"," ","R","13","     1.7"," ","R","13","     0.7"," ","R","13","     0.0"," ","R","13","     0.0"," ","R","13","     0.1"," ","R","13","    15.5"," ","R","13","    10.6"," ","R","13","     6.1"," ","R","13","     2.7"," ","R","13","     1.7"," ","R","13","     0.7"," ","R","13","     0.0"," ","R","13","     0.0"," ","R","13","     9.9"," ","R","13","     8.7"," ","R","13","    10.9"," ","P","17","     5.0"," ","P","17","     3.2"," ","P","17","     1.2"," ","P","17","     0.0"," ","P","17","     0.0"," ","P","17","     0.0"," ","P","17","     0.0"," ","P","17","    0.02"," ","P","17","    0.08"," ","P","17","    0.27"," ","P","17","    0.06"," ","R","16","    6.60"," ","R","16","     0.3"," ","P","16","     0.1"," ","P","16","     0.0"," ","P","16","     0.0"," ","P","16","     0.0"," ","P","16","     0.0"," ","P","16","     0.0"," ","P","16","     0.0"," ","P","16"," -9999.0","Y"," "," 0"," -9999.0","Y"," "," 0"," -9999.0","Y"," "," 0","     0.0"," ","P","15","     0.1"," ","P","15"
"USC00024849","11-04"," 36.8644","-111.6022"," 978.4","LEES FERRY, AZ US","11","04","99","    55.1"," ","R","13","    66.5"," ","R","13","    43.7"," ","R","15","    22.8"," ","R","13","     5.6"," ","R","13","     7.5"," ","R","13","     5.4"," ","R","15","     6.5"," ","R","13","    10.0"," ","R","13","     0.0","X","R","13","     0.1"," ","R","13","     0.7"," ","R","13","     2.4"," ","R","13","     3.4"," ","R","13","     5.6"," ","R","13","     0.1"," ","R","13","    15.1"," ","R","13","    10.2"," ","R","13","     5.8"," ","R","13","     2.4"," ","R","13","     1.5"," ","R","13","     0.6"," ","R","13","     0.0"," ","R","13","     0.0"," ","R","13","     0.1"," ","R","13","    15.1"," ","R","13","    10.2"," ","R","13","     5.8"," ","R","13","     2.4"," ","R","13","     1.5"," ","R","13","     0.6"," ","R","13","     0.0"," ","R","13","     0.0"," ","R","13","     9.6"," ","R","13","     8.4"," ","R","13","    10.9"," ","P","17","     4.9"," ","P","17","     3.1"," ","P","17","     1.2"," ","P","17","     0.0"," ","P","17","     0.0"," ","P","17","     0.0"," ","P","17","     0.0"," ","P","17","    0.02"," ","P","17","    0.08"," ","P","17","    0.26"," ","P","17","    0.08"," ","R","16","    6.62"," ","R","16","     0.3"," ","P","16","     0.1"," ","P","16","     0.0"," ","P","16","     0.0"," ","P","16","     0.0"," ","P","16","     0.0"," ","P","16","     0.0"," ","P","16","     0.0"," ","P","16"," -9999.0","Y"," "," 0"," -9999.0","Y"," "," 0"," -9999.0","Y"," "," 0","     0.0"," ","P","15","     0.1"," ","P","15"
"USC00024849","11-05"," 36.8644","-111.6022"," 978.4","LEES FERRY, AZ US","11","05","99","    54.6"," ","R","13","    65.9"," ","R","13","    43.3"," ","R","15","    22.6"," ","R","13","     5.7"," ","R","13","     7.5"," ","R","13","     5.4"," ","R","15","     6.4"," ","R","13","    10.5"," ","R","13","     0.0","X","R","13","     0.1"," ","R","13","     0.8"," ","R","13","     2.6"," ","R","13","     3.7"," ","R","13","     6.0"," ","R","13","     0.1"," ","R","13","    14.6"," ","R","13","     9.7"," ","R","13","     5.4"," ","R","13","     2.2"," ","R","13","     1.3"," ","R","13","     0.6"," ","R","13","     0.0"," ","R","13","     0.0"," ","R","13","     0.1"," ","R","13","    14.6"," ","R","13","     9.7"," ","R","13","     5.4"," ","R","13","     2.2"," ","R","13","     1.3"," ","R","13","     0.6"," ","R","13","     0.0"," ","R","13","     0.0"," ","R","13","     9.3"," ","R","13","     8.1"," ","R","13","    10.9"," ","P","17","     4.9"," ","P","17","     3.1"," ","P","17","     1.2"," ","P","17","     0.0"," ","P","17","     0.0"," ","P","17","     0.0"," ","P","17","     0.0"," ","P","17","    0.02"," ","P","17","    0.08"," ","P","17","    0.26"," ","P","17","    0.10"," ","R","16","    6.64"," ","R","16","     0.3"," ","P","16","     0.1"," ","P","16","     0.0"," ","P","16","     0.0"," ","P","16","     0.0"," ","P","16","     0.0"," ","P","16","     0.0"," ","P","16","     0.0"," ","P","16"," -9999.0","Y"," "," 0"," -9999.0","Y"," "," 0"," -9999.0","Y"," "," 0","     0.0"," ","P","15","     0.1"," ","P","15"
"USC00024849","11-06"," 36.8644","-111.6022"," 978.4","LEES FERRY, AZ US","11","06","99","    54.1"," ","R","13","    65.4"," ","R","13","    42.9"," ","R","15","    22.5"," ","R","13","     5.7"," ","R","13","     7.5"," ","R","13","     5.4"," ","R","15","     6.4"," ","R","13","    10.9"," ","R","13","     0.0","X","R","13","     0.2"," ","R","13","     0.9"," ","R","13","     2.9"," ","R","13","     4.0"," ","R","13","     6.3"," ","R","13","     0.1"," ","R","13","    14.1"," ","R","13","     9.3"," ","R","13","     5.0"," ","R","13","     2.0"," ","R","13","     1.2"," ","R","13","     0.5"," ","R","13","     0.0"," ","R","13","     0.0"," ","R","13","     0.1"," ","R","13","    14.1"," ","R","13","     9.3"," ","R","13","     5.0"," ","R","13","     2.0"," ","R","13","     1.2"," ","R","13","     0.5"," ","R","13","     0.0"," ","R","13","     0.0"," ","R","13","     9.0"," ","R","13","     7.9"," ","R","13","    10.9"," ","P","17","     4.8"," ","P","17","     3.1"," ","P","17","     1.2"," ","P","17","     0.0"," ","P","17","     0.0"," ","P","17","     0.0"," ","P","17","     0.0"," ","P","17","    0.02"," ","P","17","    0.08"," ","P","17","    0.26"," ","P","17","    0.12"," ","R","16","    6.66"," ","R","16","     0.3"," ","P","16","     0.1"," ","P","16","     0.0"," ","P","16","     0.0"," ","P","16","     0.0"," ","P","16","     0.0"," ","P","16","     0.0"," ","P","16","     0.0"," ","P","16"," -9999.0","Y"," "," 0"," -9999.0","Y"," "," 0"," -9999.0","Y"," "," 0","     0.0"," ","P","15","     0.1"," ","P","15"
"USC00024849","11-07"," 36.8644","-111.6022"," 978.4","LEES FERRY, AZ US","11","07","99","    53.7"," ","R","13","    64.8"," ","R","13","    42.5"," ","R","15","    22.3"," ","R","13","     5.7"," ","R","13","     7.5"," ","R","13","     5.4"," ","R","15","     6.3"," ","R","13","    11.4"," ","R","13","     0.0","X","R","13","     0.2"," ","R","13","     1.0"," ","R","13","     3.1"," ","R","13","     4.4"," ","R","13","     6.7"," ","R","13","     0.0","X","R","13","    13.7"," ","R","13","     8.8"," ","R","13","     4.7"," ","R","13","     1.8"," ","R","13","     1.0"," ","R","13","     0.4"," ","R","13","     0.0"," ","R","13","     0.0"," ","R","13","     0.0","X","R","13","    13.7"," ","R","13","     8.8"," ","R","13","     4.7"," ","R","13","     1.8"," ","R","13","     1.0"," ","R","13","     0.4"," ","R","13","     0.0"," ","R","13","     0.0"," ","R","13","     8.7"," ","R","13","     7.6"," ","R","13","    10.9"," ","P","17","     4.8"," ","P","17","     3.1"," ","P","17","     1.1"," ","P","17","     0.0"," ","P","17","     0.0"," ","P","17","     0.0"," ","P","17","     0.0"," ","P","17","    0.02"," ","P","17","    0.08"," ","P","17","    0.26"," ","P","17","    0.13"," ","R","16","    6.67"," ","R","16","     0.4"," ","P","16","     0.1"," ","P","16","     0.0"," ","P","16","     0.0"," ","P","16","     0.0"," ","P","16","     0.0"," ","P","16","     0.0"," ","P","16","     0.0"," ","P","16"," -9999.0","Y"," "," 0"," -9999.0","Y"," "," 0"," -9999.0","Y"," "," 0","     0.0"," ","P","15","     0.1"," ","P","15"
"USC00024849","11-08"," 36.8644","-111.6022"," 978.4","LEES FERRY, AZ US","11","08","99","    53.2"," ","R","13","    64.2"," ","R","13","    42.1"," ","R","15","    22.1"," ","R","13","     5.7"," ","R","13","     7.4"," ","R","13","     5.4"," ","R","15","     6.3"," ","R","13","    11.9"," ","R","13","     0.0","X","R","13","     0.2"," ","R","13","     1.2"," ","R","13","     3.4"," ","R","13","     4.7"," ","R","13","     7.2"," ","R","13","     0.0","X","R","13","    13.2"," ","R","13","     8.4"," ","R","13","     4.3"," ","R","13","     1.6"," ","R","13","     0.9"," ","R","13","     0.3"," ","R","13","     0.0"," ","R","13","     0.0"," ","R","13","     0.0","X","R","13","    13.2"," ","R","13","     8.4"," ","R","13","     4.3"," ","R","13","     1.6"," ","R","13","     0.9"," ","R","13","     0.3"," ","R","13","     0.0"," ","R","13","     0.0"," ","R","13","     8.3"," ","R","13","     7.3"," ","R","13","    10.9"," ","P","17","     4.8"," ","P","17","     3.1"," ","P","17","     1.1"," ","P","17","     0.0"," ","P","17","     0.0"," ","P","17","     0.0"," ","P","17","     0.0"," ","P","17","    0.02"," ","P","17","    0.08"," ","P","17","    0.26"," ","P","17","    0.15"," ","R","16","    6.69"," ","R","16","     0.4"," ","P","16","     0.1"," ","P","16","     0.0"," ","P","16","     0.0"," ","P","16","     0.0"," ","P","16","     0.0"," ","P","16","     0.0"," ","P","16","     0.0"," ","P","16"," -9999.0","Y"," "," 0"," -9999.0","Y"," "," 0"," -9999.0","Y"," "," 0","     0.0"," ","P","15","     0.1"," ","P","15"
"USC00024849","11-09"," 36.8644","-111.6022"," 978.4","LEES FERRY, AZ US","11","09","99","    52.7"," ","R","13","    63.6"," ","R","13","    41.7"," ","R","15","    21.9"," ","R","13","     5.7"," ","R","13","     7.4"," ","R","13","     5.5"," ","R","15","     6.2"," ","R","13","    12.3"," ","R","13","     0.0","X","R","13","     0.3"," ","R","13","     1.3"," ","R","13","     3.7"," ","R","13","     5.1"," ","R","13","     7.6"," ","R","13","     0.0","X","R","13","    12.7"," ","R","13","     7.9"," ","R","13","     4.0"," ","R","13","     1.4"," ","R","13","     0.7"," ","R","13","     0.3"," ","R","13","     0.0"," ","R","13","     0.0"," ","R","13","     0.0","X","R","13","    12.7"," ","R","13","     7.9"," ","R","13","     4.0"," ","R","13","     1.4"," ","R","13","     0.7"," ","R","13","     0.3"," ","R","13","     0.0"," ","R","13","     0.0"," ","R","13","     8.0"," ","R","13","     7.0"," ","R","13","    10.9"," ","P","17","     4.7"," ","P","17","     3.1"," ","P","17","     1.1"," ","P","17","     0.0"," ","P","17","     0.0"," ","P","17","     0.0"," ","P","17","     0.0"," ","P","17","    0.02"," ","P","17","    0.08"," ","P","17","    0.26"," ","P","17","    0.16"," ","R","16","    6.70"," ","R","16","     0.4"," ","P","16","     0.2"," ","P","16","     0.0"," ","P","16","     0.0"," ","P","16","     0.0"," ","P","16","     0.0"," ","P","16","     0.0"," ","P","16","     0.0"," ","P","16"," -9999.0","Y"," "," 0"," -9999.0","Y"," "," 0"," -9999.0","Y"," "," 0","     0.0"," ","P","15","     0.1"," ","P","15"
"USC00024849","11-10"," 36.8644","-111.6022"," 978.4","LEES FERRY, AZ US","11","10","99","    52.2"," ","R","13","    63.1"," ","R","13","    41.3"," ","R","15","    21.8"," ","R","13","     5.7"," ","R","13","     7.4"," ","R","13","     5.5"," ","R","15","     6.2"," ","R","13","    12.8"," ","R","13","     0.0","X","R","13","     0.3"," ","R","13","     1.5"," ","R","13","     4.0"," ","R","13","     5.5"," ","R","13","     8.0"," ","R","13","     0.0","X","R","13","    12.2"," ","R","13","     7.5"," ","R","13","     3.6"," ","R","13","     1.2"," ","R","13","     0.6"," ","R","13","     0.2"," ","R","13","     0.0"," ","R","13","     0.0"," ","R","13","     0.0","X","R","13","    12.2"," ","R","13","     7.5"," ","R","13","     3.6"," ","R","13","     1.2"," ","R","13","     0.6"," ","R","13","     0.2"," ","R","13","     0.0"," ","R","13","     0.0"," ","R","13","     7.7"," ","R","13","     6.7"," ","R","13","    10.9"," ","P","17","     4.6"," ","P","17","     3.0"," ","P","17","     1.1"," ","P","17","     0.0"," ","P","17","     0.0"," ","P","17","     0.0"," ","P","17","     0.0"," ","P","17","    0.02"," ","P","17","    0.07"," ","P","17","    0.26"," ","P","17","    0.18"," ","R","16","    6.72"," ","R","16","     0.5"," ","P","16","     0.2"," ","P","16","     0.0"," ","P","16","     0.0"," ","P","16","     0.0"," ","P","16","     0.0"," ","P","16","     0.0"," ","P","16","     0.0"," ","P","16"," -9999.0","Y"," "," 0"," -9999.0","Y"," "," 0"," -9999.0","Y"," "," 0","     0.0"," ","P","15","     0.1"," ","P","15"
"USC00024849","11-11"," 36.8644","-111.6022"," 978.4","LEES FERRY, AZ US","11","11","99","    51.7"," ","R","13","    62.5"," ","R","13","    40.9"," ","R","15","    21.6"," ","R","13","     5.7"," ","R","13","     7.4"," ","R","13","     5.5"," ","R","15","     6.2"," ","R","13","    13.3"," ","R","13","     0.1"," ","R","13","     0.4"," ","R","13","     1.6"," ","R","13","     4.3"," ","R","13","     5.9"," ","R","13","     8.5"," ","R","13","     0.0","X","R","13","    11.7"," ","R","13","     7.1"," ","R","13","     3.3"," ","R","13","     1.0"," ","R","13","     0.5"," ","R","13","     0.2"," ","R","13","     0.0"," ","R","13","     0.0"," ","R","13","     0.0","X","R","13","    11.7"," ","R","13","     7.1"," ","R","13","     3.3"," ","R","13","     1.0"," ","R","13","     0.5"," ","R","13","     0.2"," ","R","13","     0.0"," ","R","13","     0.0"," ","R","13","     7.4"," ","R","13","     6.4"," ","R","13","    10.9"," ","P","17","     4.6"," ","P","17","     3.0"," ","P","17","     1.2"," ","P","17","     0.0"," ","P","17","     0.0"," ","P","17","     0.0"," ","P","17","     0.0"," ","P","17","    0.02"," ","P","17","    0.07"," ","P","17","    0.25"," ","P","17","    0.19"," ","R","16","    6.73"," ","R","16","     0.5"," ","P","16","     0.2"," ","P","16","     0.0"," ","P","16","     0.0"," ","P","16","     0.0"," ","P","16","     0.0"," ","P","16","     0.0"," ","P","16","     0.0"," ","P","16"," -9999.0","Y"," "," 0"," -9999.0","Y"," "," 0"," -9999.0","Y"," "," 0","     0.0"," ","P","15","     0.1"," ","P","15"
"USC00024849","11-12"," 36.8644","-111.6022"," 978.4","LEES FERRY, AZ US","11","12","99","    51.2"," ","R","13","    61.9"," ","R","13","    40.5"," ","R","15","    21.4"," ","R","13","     5.7"," ","R","13","     7.3"," ","R","13","     5.5"," ","R","15","     6.1"," ","R","13","    13.8"," ","R","13","     0.1"," ","R","13","     0.4"," ","R","13","     1.8"," ","R","13","     4.7"," ","R","13","     6.3"," ","R","13","     9.0"," ","R","13","     0.0","X","R","13","    11.3"," ","R","13","     6.6"," ","R","13","     3.0"," ","R","13","     0.9"," ","R","13","     0.5"," ","R","13","     0.2"," ","R","13","     0.0"," ","R","13","     0.0"," ","R","13","     0.0","X","R","13","    11.3"," ","R","13","     6.6"," ","R","13","     3.0"," ","R","13","     0.9"," ","R","13","     0.5"," ","R","13","     0.2"," ","R","13","     0.0"," ","R","13","     0.0"," ","R","13","     7.1"," ","R","13","     6.1"," ","R","13","    10.8"," ","P","17","     4.5"," ","P","17","     2.9"," ","P","17","     1.2"," ","P","17","     0.0"," ","P","17","     0.0"," ","P","17","     0.0"," ","P","17","     0.0"," ","P","17","    0.02"," ","P"," 0","    0.07"," ","P"," 0","    0.25"," ","P"," 0","    0.21"," ","R","16","    6.75"," ","R","16","     0.5"," ","P","16","     0.2"," ","P","16","     0.0"," ","P","16","     0.0"," ","P","16","     0.0"," ","P","16","     0.0"," ","P","16","     0.0"," ","P","16","     0.0"," ","P","16"," -9999.0","Y"," "," 0"," -9999.0","Y"," "," 0"," -9999.0","Y"," "," 0","     0.0"," ","P","15","     0.1"," ","P","15"
"USC00024849","11-13"," 36.8644","-111.6022"," 978.4","LEES FERRY, AZ US","11","13","99","    50.7"," ","R","13","    61.3"," ","R","13","    40.1"," ","R","15","    21.2"," ","R","13","     5.7"," ","R","13","     7.3"," ","R","13","     5.5"," ","R","15","     6.1"," ","R","13","    14.3"," ","R","13","     0.1"," ","R","13","     0.5"," ","R","13","     2.0"," ","R","13","     5.0"," ","R","13","     6.7"," ","R","13","     9.4"," ","R","13","     0.0","X","R","13","    10.8"," ","R","13","     6.2"," ","R","13","     2.7"," ","R","13","     0.7"," ","R","13","     0.4"," ","R","13","     0.1"," ","R","13","     0.0"," ","R","13","     0.0"," ","R","13","     0.0","X","R","13","    10.8"," ","R","13","     6.2"," ","R","13","     2.7"," ","R","13","     0.7"," ","R","13","     0.4"," ","R","13","     0.1"," ","R","13","     0.0"," ","R","13","     0.0"," ","R","13","     6.8"," ","R","13","     5.8"," ","R","13","    10.8"," ","P","17","     4.4"," ","P","17","     2.9"," ","P","17","     1.2"," ","P","17","     0.0"," ","P","17","     0.0"," ","P","17","     0.0"," ","P","17","     0.0"," ","P","17","    0.02"," ","P"," 0","    0.07"," ","P"," 0","    0.25"," ","P"," 0","    0.22"," ","R","16","    6.76"," ","R","16","     0.5"," ","P","16","     0.2"," ","P","16","     0.0"," ","P","16","     0.0"," ","P","16","     0.0"," ","P","16","     0.0"," ","P","16","     0.0"," ","P","16","     0.0"," ","P","16"," -9999.0","Y"," "," 0"," -9999.0","Y"," "," 0"," -9999.0","Y"," "," 0","     0.0"," ","P","15","     0.1"," ","P","15"
"USC00024849","11-14"," 36.8644","-111.6022"," 978.4","LEES FERRY, AZ US","11","14","99","    50.2"," ","R","13","    60.7"," ","R","13","    39.7"," ","R","15","    21.1"," ","R","13","     5.7"," ","R","13","     7.2"," ","R","13","     5.6"," ","R","15","     6.1"," ","R","13","    14.8"," ","R","13","     0.1"," ","R","13","     0.6"," ","R","13","     2.2"," ","R","13","     5.4"," ","R","13","     7.1"," ","R","13","     9.9"," ","R","13","     0.0","X","R","13","    10.3"," ","R","13","     5.8"," ","R","13","     2.4"," ","R","13","     0.6"," ","R","13","     0.3"," ","R","13","     0.1"," ","R","13","     0.0"," ","R","13","     0.0"," ","R","13","     0.0","X","R","13","    10.3"," ","R","13","     5.8"," ","R","13","     2.4"," ","R","13","     0.6"," ","R","13","     0.3"," ","R","13","     0.1"," ","R","13","     0.0"," ","R","13","     0.0"," ","R","13","     6.5"," ","R","13","     5.5"," ","R","13","    10.7"," ","P","17","     4.4"," ","P","17","     2.8"," ","P","17","     1.2"," ","P","17","     0.0"," ","P","17","     0.0"," ","P","17","     0.0"," ","P","17","     0.0"," ","P","17","    0.02"," ","P"," 0","    0.07"," ","P"," 0","    0.24"," ","P"," 0","    0.23"," ","R","16","    6.77"," ","R","16","     0.6"," ","P","16","     0.2"," ","P","16","     0.0"," ","P","16","     0.0"," ","P","16","     0.0"," ","P","16","     0.0"," ","P","16","     0.0"," ","P","16","     0.0"," ","P","16"," -9999.0","Y"," "," 0"," -9999.0","Y"," "," 0"," -9999.0","Y"," "," 0","     0.0"," ","P","15","     0.1"," ","P","15"
"USC00024849","11-15"," 36.8644","-111.6022"," 978.4","LEES FERRY, AZ US","11","15","99","    49.7"," ","R","13","    60.2"," ","R","13","    39.3"," ","R","15","    20.9"," ","R","13","     5.7"," ","R","13","     7.2"," ","R","13","     5.6"," ","R","15","     6.0"," ","R","13","    15.3"," ","R","13","     0.1"," ","R","13","     0.7"," ","R","13","     2.5"," ","R","13","     5.8"," ","R","13","     7.5"," ","R","13","    10.4"," ","R","13","     0.0","X","R","13","     9.8"," ","R","13","     5.4"," ","R","13","     2.2"," ","R","13","     0.5"," ","R","13","     0.2"," ","R","13","     0.1"," ","R","13","     0.0"," ","R","13","     0.0"," ","R","13","     0.0","X","R","13","     9.8"," ","R","13","     5.4"," ","R","13","     2.2"," ","R","13","     0.5"," ","R","13","     0.2"," ","R","13","     0.1"," ","R","13","     0.0"," ","R","13","     0.0"," ","R","13","     6.2"," ","R","13","     5.2"," ","R","13","    10.7"," ","P","17","     4.3"," ","P","17","     2.8"," ","P","17","     1.2"," ","P","17","     0.0"," ","P","17","     0.0"," ","P","17","     0.0"," ","P","17","     0.0"," ","P","17","    0.02"," ","P"," 0","    0.07"," ","P"," 0","    0.24"," ","P"," 0","    0.24"," ","R","16","    6.78"," ","R","16","     0.6"," ","P","16","     0.3"," ","P","16","     0.0"," ","P","16","     0.0"," ","P","16","     0.0"," ","P","16","     0.0"," ","P","16","     0.0"," ","P","16","     0.0"," ","P","16"," -9999.0","Y"," "," 0"," -9999.0","Y"," "," 0"," -9999.0","Y"," "," 0","     0.0"," ","P","15","     0.1"," ","P","15"
"USC00024849","11-16"," 36.8644","-111.6022"," 978.4","LEES FERRY, AZ US","11","16","99","    49.2"," ","R","13","    59.6"," ","R","13","    38.8"," ","R","15","    20.7"," ","R","13","     5.7"," ","R","13","     7.1"," ","R","13","     5.6"," ","R","15","     6.0"," ","R","13","    15.8"," ","R","13","     0.2"," ","R","13","     0.8"," ","R","13","     2.7"," ","R","13","     6.2"," ","R","13","     8.0"," ","R","13","    10.8"," ","R","13","     0.0","X","R","13","     9.4"," ","R","13","     5.0"," ","R","13","     1.9"," ","R","13","     0.4"," ","R","13","     0.2"," ","R","13","     0.1"," ","R","13","     0.0"," ","R","13","     0.0"," ","R","13","     0.0","X","R","13","     9.4"," ","R","13","     5.0"," ","R","13","     1.9"," ","R","13","     0.4"," ","R","13","     0.2"," ","R","13","     0.1"," ","R","13","     0.0"," ","R","13","     0.0"," ","R","13","     5.9"," ","R","13","     4.9"," ","R","13","    10.6"," ","P","17","     4.2"," ","P","17","     2.7"," ","P","17","     1.1"," ","P","17","     0.0"," ","P","17","     0.0"," ","P","17","     0.0"," ","P","17","     0.0"," ","P","17","    0.02"," ","P"," 0","    0.06"," ","P"," 0","    0.24"," ","P"," 0","    0.25"," ","R","16","    6.79"," ","R","16","     0.6"," ","P","16","     0.3"," ","P","16","     0.0"," ","P","16","     0.0"," ","P","16","     0.0"," ","P","16","     0.0"," ","P","16","     0.0"," ","P","16","     0.0"," ","P","16"," -9999.0","Y"," "," 0"," -9999.0","Y"," "," 0"," -9999.0","Y"," "," 0","     0.0"," ","P","15","     0.1"," ","P","15"
"USC00024849","11-17"," 36.8644","-111.6022"," 978.4","LEES FERRY, AZ US","11","17","99","    48.7"," ","R","13","    59.0"," ","R","13","    38.4"," ","R","15","    20.6"," ","R","13","     5.6"," ","R","13","     7.1"," ","R","13","     5.6"," ","R","15","     5.9"," ","R","13","    16.3"," ","R","13","     0.2"," ","R","13","     1.0"," ","R","13","     3.0"," ","R","13","     6.6"," ","R","13","     8.4"," ","R","13","    11.3"," ","R","13","     0.0"," ","R","13","     8.9"," ","R","13","     4.7"," ","R","13","     1.7"," ","R","13","     0.3"," ","R","13","     0.1"," ","R","13","     0.0","X","R","13","     0.0"," ","R","13","     0.0"," ","R","13","     0.0"," ","R","13","     8.9"," ","R","13","     4.7"," ","R","13","     1.7"," ","R","13","     0.3"," ","R","13","     0.1"," ","R","13","     0.0","X","R","13","     0.0"," ","R","13","     0.0"," ","R","13","     5.6"," ","R","13","     4.6"," ","R","13","    10.5"," ","P","17","     4.1"," ","P","17","     2.7"," ","P","17","     1.1"," ","P","17","     0.0"," ","P","17","     0.0"," ","P","17","     0.0"," ","P","17","     0.0"," ","P","17","    0.02"," ","P"," 0","    0.06"," ","P"," 0","    0.24"," ","P"," 0","    0.26"," ","R","16","    6.80"," ","R","16","     0.7"," ","P","16","     0.3"," ","P","16","     0.0"," ","P","16","     0.0"," ","P","16","     0.0"," ","P","16","     0.0"," ","P","16","     0.0"," ","P","16","     0.0"," ","P","16"," -9999.0","Y"," "," 0"," -9999.0","Y"," "," 0"," -9999.0","Y"," "," 0","     0.1"," ","P","15","     0.2"," ","P","15"
"USC00024849","11-18"," 36.8644","-111.6022"," 978.4","LEES FERRY, AZ US","11","18","99","    48.2"," ","R","13","    58.4"," ","R","13","    38.0"," ","R","15","    20.4"," ","R","13","     5.6"," ","R","13","     7.0"," ","R","13","     5.6"," ","R","15","     5.9"," ","R","13","    16.8"," ","R","13","     0.2"," ","R","13","     1.1"," ","R","13","     3.2"," ","R","13","     7.0"," ","R","13","     8.9"," ","R","13","    11.8"," ","R","13","     0.0"," ","R","13","     8.4"," ","R","13","     4.3"," ","R","13","     1.5"," ","R","13","     0.3"," ","R","13","     0.1"," ","R","13","     0.0","X","R","13","     0.0"," ","R","13","     0.0"," ","R","13","     0.0"," ","R","13","     8.4"," ","R","13","     4.3"," ","R","13","     1.5"," ","R","13","     0.3"," ","R","13","     0.1"," ","R","13","     0.0","X","R","13","     0.0"," ","R","13","     0.0"," ","R","13","     5.3"," ","R","13","     4.4"," ","R","13","    10.5"," ","P","17","     4.1"," ","P","17","     2.6"," ","P","17","     1.1"," ","P","17","     0.0"," ","P","17","     0.0"," ","P","17","     0.0"," ","P","17","     0.0"," ","P","17","    0.02"," ","P"," 0","    0.06"," ","P"," 0","    0.23"," ","P"," 0","    0.28"," ","R","16","    6.82"," ","R","16","     0.7"," ","P","16","     0.4"," ","P","16","     0.0"," ","P","16","     0.0"," ","P","16","     0.0"," ","P","16","     0.0"," ","P","16","     0.0"," ","P","16","     0.0"," ","P","16"," -9999.0","Y"," "," 0"," -9999.0","Y"," "," 0"," -9999.0","Y"," "," 0","     0.1"," ","P","15","     0.2"," ","P","15"
"USC00024849","11-19"," 36.8644","-111.6022"," 978.4","LEES FERRY, AZ US","11","19","99","    47.7"," ","R","13","    57.9"," ","R","13","    37.6"," ","R","15","    20.2"," ","R","13","     5.6"," ","R","13","     6.9"," ","R","13","     5.6"," ","R","15","     5.9"," ","R","13","    17.2"," ","R","13","     0.2"," ","R","13","     1.2"," ","R","13","     3.5"," ","R","13","     7.5"," ","R","13","     9.3"," ","R","13","    12.3"," ","R","13","     0.0"," ","R","13","     8.0"," ","R","13","     4.0"," ","R","13","     1.3"," ","R","13","     0.2"," ","R","13","     0.1"," ","R","13","     0.0","X","R","13","     0.0"," ","R","13","     0.0"," ","R","13","     0.0"," ","R","13","     8.0"," ","R","13","     4.0"," ","R","13","     1.3"," ","R","13","     0.2"," ","R","13","     0.1"," ","R","13","     0.0","X","R","13","     0.0"," ","R","13","     0.0"," ","R","13","     5.1"," ","R","13","     4.1"," ","R","13","    10.4"," ","P","17","     4.0"," ","P","17","     2.5"," ","P","17","     1.1"," ","P","17","     0.0"," ","P","17","     0.0"," ","P","17","     0.0"," ","P","17","     0.0"," ","P","17","    0.02"," ","P"," 0","    0.06"," ","P"," 0","    0.23"," ","P"," 0","    0.29"," ","R","16","    6.83"," ","R","16","     0.8"," ","P","16","     0.4"," ","P","16","     0.0"," ","P","16","     0.0"," ","P","16","     0.0"," ","P","16","     0.0"," ","P","16","     0.0"," ","P","16","     0.0"," ","P","16"," -9999.0","Y"," "," 0"," -9999.0","Y"," "," 0"," -9999.0","Y"," "," 0","     0.1"," ","P","15","     0.2"," ","P","15"
"USC00024849","11-20"," 36.8644","-111.6022"," 978.4","LEES FERRY, AZ US","11","20","99","    47.3"," ","R","13","    57.3"," ","R","13","    37.2"," ","R","15","    20.1"," ","R","13","     5.5"," ","R","13","     6.8"," ","R","13","     5.6"," ","R","15","     5.8"," ","R","13","    17.7"," ","R","13","     0.3"," ","R","13","     1.4"," ","R","13","     3.8"," ","R","13","     7.9"," ","R","13","     9.8"," ","R","13","    12.7"," ","R","13","     0.0"," ","R","13","     7.6"," ","R","13","     3.6"," ","R","13","     1.1"," ","R","13","     0.2"," ","R","13","     0.1"," ","R","13","     0.0","X","R","13","     0.0"," ","R","13","     0.0"," ","R","13","     0.0"," ","R","13","     7.6"," ","R","13","     3.6"," ","R","13","     1.1"," ","R","13","     0.2"," ","R","13","     0.1"," ","R","13","     0.0","X","R","13","     0.0"," ","R","13","     0.0"," ","R","13","     4.8"," ","R","13","     3.9"," ","R","13","    10.3"," ","P","17","     4.0"," ","P","17","     2.5"," ","P","17","     1.1"," ","P","17","     0.0"," ","P","17","     0.0"," ","P","17","     0.0"," ","P","17","     0.0"," ","P","17","    0.02"," ","P"," 0","    0.06"," ","P"," 0","    0.23"," ","P"," 0","    0.30"," ","R","16","    6.84"," ","R","16","     0.8"," ","P","17","     0.4"," ","P","17","     0.0"," ","P","17","     0.0"," ","P","17","     0.0"," ","P","17","     0.0"," ","P","17","     0.0"," ","P","17","     0.0"," ","P","17"," -9999.0","Y"," "," 0"," -9999.0","Y"," "," 0"," -9999.0","Y"," "," 0","     0.1"," ","P","15","     0.2"," ","P","15"
"USC00024849","11-21"," 36.8644","-111.6022"," 978.4","LEES FERRY, AZ US","11","21","99","    46.8"," ","R","13","    56.8"," ","R","13","    36.8"," ","R","15","    19.9"," ","R","13","     5.5"," ","R","13","     6.8"," ","R","13","     5.6"," ","R","15","     5.8"," ","R","13","    18.2"," ","R","13","     0.3"," ","R","13","     1.5"," ","R","13","     4.1"," ","R","13","     8.3"," ","R","13","    10.2"," ","R","13","    13.2"," ","R","13","     0.0"," ","R","13","     7.1"," ","R","13","     3.3"," ","R","13","     0.9"," ","R","13","     0.1"," ","R","13","     0.0","X","R","13","     0.0","X","R","13","     0.0"," ","R","13","     0.0"," ","R","13","     0.0"," ","R","13","     7.1"," ","R","13","     3.3"," ","R","13","     0.9"," ","R","13","     0.1"," ","R","13","     0.0","X","R","13","     0.0","X","R","13","     0.0"," ","R","13","     0.0"," ","R","13","     4.5"," ","R","13","     3.6"," ","R","13","    10.3"," ","P","17","     3.9"," ","P","17","     2.5"," ","P","17","     1.1"," ","P","17","     0.0"," ","P","17","     0.0"," ","P","17","     0.0"," ","P","17","     0.0"," ","P","17","    0.02"," ","P","17","    0.06"," ","P","17","    0.22"," ","P","17","    0.31"," ","R","16","    6.85"," ","R","16","     0.8"," ","P","17","     0.4"," ","P","17","     0.0"," ","P","17","     0.0"," ","P","17","     0.0"," ","P","17","     0.0"," ","P","17","     0.0"," ","P","17","     0.0"," ","P","17"," -9999.0","Y"," "," 0"," -9999.0","Y"," "," 0"," -9999.0","Y"," "," 0","     0.1"," ","P","15","     0.2"," ","P","15"
"USC00024849","11-22"," 36.8644","-111.6022"," 978.4","LEES FERRY, AZ US","11","22","99","    46.3"," ","R","13","    56.2"," ","R","13","    36.4"," ","R","15","    19.8"," ","R","13","     5.4"," ","R","13","     6.7"," ","R","13","     5.5"," ","R","15","     5.8"," ","R","13","    18.7"," ","R","13","     0.4"," ","R","13","     1.7"," ","R","13","     4.5"," ","R","13","     8.7"," ","R","13","    10.7"," ","R","13","    13.7"," ","R","13","     0.0"," ","R","13","     6.7"," ","R","13","     3.0"," ","R","13","     0.8"," ","R","13","     0.1"," ","R","13","     0.0","X","R","13","     0.0","X","R","13","     0.0"," ","R","13","     0.0"," ","R","13","     0.0"," ","R","13","     6.7"," ","R","13","     3.0"," ","R","13","     0.8"," ","R","13","     0.1"," ","R","13","     0.0","X","R","13","     0.0","X","R","13","     0.0"," ","R","13","     0.0"," ","R","13","     4.3"," ","R","13","     3.4"," ","R","13","    10.2"," ","P","17","     3.9"," ","P","17","     2.4"," ","P","17","     1.0"," ","P","17","     0.0"," ","P","17","     0.0"," ","P","17","     0.0"," ","P","17","     0.0"," ","P","17","    0.01"," ","P","17","    0.06"," ","P","17","    0.22"," ","P","17","    0.33"," ","R","16","    6.87"," ","R","16","     0.8"," ","P","17","     0.4"," ","P","17","     0.0"," ","P","17","     0.0"," ","P","17","     0.0"," ","P","17","     0.0"," ","P","17","     0.0"," ","P","17","     0.0"," ","P","17"," -9999.0","Y"," "," 0"," -9999.0","Y"," "," 0"," -9999.0","Y"," "," 0","     0.1"," ","P","15","     0.2"," ","P","15"
"USC00024849","11-23"," 36.8644","-111.6022"," 978.4","LEES FERRY, AZ US","11","23","99","    45.9"," ","R","13","    55.7"," ","R","13","    36.1"," ","R","15","    19.7"," ","R","13","     5.4"," ","R","13","     6.6"," ","R","13","     5.5"," ","R","15","     5.8"," ","R","13","    19.1"," ","R","13","     0.4"," ","R","13","     1.9"," ","R","13","     4.8"," ","R","13","     9.2"," ","R","13","    11.1"," ","R","13","    14.1"," ","R","13","     0.0"," ","R","13","     6.3"," ","R","13","     2.7"," ","R","13","     0.7"," ","R","13","     0.1"," ","R","13","     0.0","X","R","13","     0.0","X","R","13","     0.0"," ","R","13","     0.0"," ","R","13","     0.0"," ","R","13","     6.3"," ","R","13","     2.7"," ","R","13","     0.7"," ","R","13","     0.1"," ","R","13","     0.0","X","R","13","     0.0","X","R","13","     0.0"," ","R","13","     0.0"," ","R","13","     4.1"," ","R","13","     3.2"," ","R","13","    10.1"," ","P","17","     3.8"," ","P","17","     2.4"," ","P","17","     1.0"," ","P","17","     0.0"," ","P","17","     0.0"," ","P","17","     0.0"," ","P","17","     0.0"," ","P","17","    0.01"," ","P","17","    0.06"," ","P","17","    0.22"," ","P","17","    0.34"," ","R","16","    6.88"," ","R","16","     0.9"," ","P","17","     0.4"," ","P","17","     0.0"," ","P","17","     0.0"," ","P","17","     0.0"," ","P","17","     0.0"," ","P","17","     0.0"," ","P","17","     0.0"," ","P","17"," -9999.0","Y"," "," 0"," -9999.0","Y"," "," 0"," -9999.0","Y"," "," 0","     0.1"," ","P","15","     0.2"," ","P","15"
"USC00024849","11-24"," 36.8644","-111.6022"," 978.4","LEES FERRY, AZ US","11","24","99","    45.4"," ","R","13","    55.2"," ","R","13","    35.7"," ","R","15","    19.5"," ","R","13","     5.3"," ","R","13","     6.6"," ","R","13","     5.5"," ","R","15","     5.7"," ","R","13","    19.6"," ","R","13","     0.5"," ","R","13","     2.1"," ","R","13","     5.2"," ","R","13","     9.6"," ","R","13","    11.6"," ","R","13","    14.6"," ","R","13","     0.0"," ","R","13","     5.9"," ","R","13","     2.5"," ","R","13","     0.6"," ","R","13","     0.1"," ","R","13","     0.0","X","R","13","     0.0","X","R","13","     0.0"," ","R","13","     0.0"," ","R","13","     0.0"," ","R","13","     5.9"," ","R","13","     2.5"," ","R","13","     0.6"," ","R","13","     0.1"," ","R","13","     0.0","X","R","13","     0.0","X","R","13","     0.0"," ","R","13","     0.0"," ","R","13","     3.8"," ","R","13","     3.0"," ","R","13","    10.1"," ","P","17","     3.8"," ","P","17","     2.3"," ","P","17","     1.0"," ","P","17","     0.0"," ","P","17","     0.0"," ","P","17","     0.0"," ","P","17","     0.0"," ","P","17","    0.01"," ","P","17","    0.05"," ","P","17","    0.22"," ","P","17","    0.35"," ","R","16","    6.89"," ","R","16","     0.9"," ","P","17","     0.5"," ","P","17","     0.0"," ","P","17","     0.0"," ","P","17","     0.0"," ","P","17","     0.0"," ","P","17","     0.0"," ","P","17","     0.0"," ","P","17"," -9999.0","Y"," "," 0"," -9999.0","Y"," "," 0"," -9999.0","Y"," "," 0","     0.1"," ","P","15","     0.2"," ","P","15"
"USC00024849","11-25"," 36.8644","-111.6022"," 978.4","LEES FERRY, AZ US","11","25","99","    45.0"," ","R","13","    54.7"," ","R","13","    35.3"," ","R","15","    19.4"," ","R","13","     5.3"," ","R","13","     6.5"," ","R","13","     5.4"," ","R","15","     5.7"," ","R","13","    20.0"," ","R","13","     0.6"," ","R","13","     2.3"," ","R","13","     5.5"," ","R","13","    10.1"," ","R","13","    12.0"," ","R","13","    15.0"," ","R","13","     0.0"," ","R","13","     5.6"," ","R","13","     2.3"," ","R","13","     0.5"," ","R","13","     0.1"," ","R","13","     0.0","X","R","13","     0.0","X","R","13","     0.0"," ","R","13","     0.0"," ","R","13","     0.0"," ","R","13","     5.6"," ","R","13","     2.3"," ","R","13","     0.5"," ","R","13","     0.1"," ","R","13","     0.0","X","R","13","     0.0","X","R","13","     0.0"," ","R","13","     0.0"," ","R","13","     3.6"," ","R","13","     2.8"," ","R","13","    10.1"," ","P","17","     3.8"," ","P","17","     2.3"," ","P","17","     1.0"," ","P","17","     0.0"," ","P","17","     0.0"," ","P","17","     0.0"," ","P","17","     0.0"," ","P","17","    0.01"," ","P","17","    0.05"," ","P","17","    0.22"," ","P","17","    0.36"," ","R","16","    6.90"," ","R","16","     0.9"," ","P","17","     0.5"," ","P","17","     0.0"," ","P","17","     0.0"," ","P","17","     0.0"," ","P","17","     0.0"," ","P","17","     0.0"," ","P","17","     0.0"," ","P","17"," -9999.0","Y"," "," 0"," -9999.0","Y"," "," 0"," -9999.0","Y"," "," 0","     0.1"," ","P","15","     0.2"," ","P","15"
"USC00024849","11-26"," 36.8644","-111.6022"," 978.4","LEES FERRY, AZ US","11","26","99","    44.6"," ","R","13","    54.2"," ","R","13","    34.9"," ","R","15","    19.2"," ","R","13","     5.2"," ","R","13","     6.4"," ","R","13","     5.4"," ","R","15","     5.7"," ","R","13","    20.4"," ","R","13","     0.6"," ","R","13","     2.5"," ","R","13","     5.9"," ","R","13","    10.5"," ","R","13","    12.5"," ","R","13","    15.4"," ","R","13","     0.0"," ","R","13","     5.2"," ","R","13","     2.0"," ","R","13","     0.5"," ","R","13","     0.1"," ","R","13","     0.0","X","R","13","     0.0","X","R","13","     0.0"," ","R","13","     0.0"," ","R","13","     0.0"," ","R","13","     5.2"," ","R","13","     2.0"," ","R","13","     0.5"," ","R","13","     0.1"," ","R","13","     0.0","X","R","13","     0.0","X","R","13","     0.0"," ","R","13","     0.0"," ","R","13","     3.4"," ","R","13","     2.6"," ","R","13","    10.2"," ","P","17","     3.7"," ","P","17","     2.3"," ","P","17","     1.0"," ","P","17","     0.0"," ","P","17","     0.0"," ","P","17","     0.0"," ","P","17","     0.0"," ","P","17","    0.01"," ","P"," 0","    0.05"," ","P"," 0","    0.21"," ","P"," 0","    0.37"," ","R","16","    6.91"," ","R","16","     1.0"," ","P","17","     0.5"," ","P","17","     0.0"," ","P","17","     0.0"," ","P","17","     0.0"," ","P","17","     0.0"," ","P","17","     0.0"," ","P","17","     0.0"," ","P","17"," -9999.0","Y"," "," 0"," -9999.0","Y"," "," 0"," -9999.0","Y"," "," 0","     0.1"," ","P","15","     0.2"," ","P","15"
"USC00024849","11-27"," 36.8644","-111.6022"," 978.4","LEES FERRY, AZ US","11","27","99","    44.2"," ","R","13","    53.7"," ","R","13","    34.6"," ","R","15","    19.1"," ","R","13","     5.2"," ","R","13","     6.4"," ","R","13","     5.4"," ","R","15","     5.7"," ","R","13","    20.8"," ","R","13","     0.7"," ","R","13","     2.7"," ","R","13","     6.2"," ","R","13","    10.9"," ","R","13","    12.9"," ","R","13","    15.9"," ","R","13","     0.0"," ","R","13","     4.9"," ","R","13","     1.8"," ","R","13","     0.4"," ","R","13","     0.1"," ","R","13","     0.0","X","R","13","     0.0","X","R","13","     0.0"," ","R","13","     0.0"," ","R","13","     0.0"," ","R","13","     4.9"," ","R","13","     1.8"," ","R","13","     0.4"," ","R","13","     0.1"," ","R","13","     0.0","X","R","13","     0.0","X","R","13","     0.0"," ","R","13","     0.0"," ","R","13","     3.2"," ","R","13","     2.4"," ","R","13","    10.2"," ","P","17","     3.7"," ","P","17","     2.2"," ","P","17","     1.0"," ","P","17","     0.0"," ","P","17","     0.0"," ","P","17","     0.0"," ","P","17","     0.0"," ","P","17","    0.02"," ","P","17","    0.05"," ","P","17","    0.21"," ","P","17","    0.39"," ","R","16","    6.93"," ","R","16","     1.0"," ","P","17","     0.5"," ","P","17","     0.0"," ","P","17","     0.0"," ","P","17","     0.0"," ","P","17","     0.0"," ","P","17","     0.0"," ","P","17","     0.0"," ","P","17"," -9999.0","Y"," "," 0"," -9999.0","Y"," "," 0"," -9999.0","Y"," "," 0","     0.1"," ","P","15","     0.2"," ","P","15"
"USC00024849","11-28"," 36.8644","-111.6022"," 978.4","LEES FERRY, AZ US","11","28","99","    43.7"," ","R","13","    53.2"," ","R","13","    34.2"," ","R","15","    19.0"," ","R","13","     5.1"," ","R","13","     6.3"," ","R","13","     5.3"," ","R","15","     5.6"," ","R","13","    21.2"," ","R","13","     0.8"," ","R","13","     2.8"," ","R","13","     6.6"," ","R","13","    11.3"," ","R","13","    13.3"," ","R","13","    16.3"," ","R","13","     0.0"," ","R","13","     4.5"," ","R","13","     1.6"," ","R","13","     0.3"," ","R","13","     0.0","X","R","13","     0.0","X","R","13","     0.0","X","R","13","     0.0"," ","R","13","     0.0"," ","R","13","     0.0"," ","R","13","     4.5"," ","R","13","     1.6"," ","R","13","     0.3"," ","R","13","     0.0","X","R","13","     0.0","X","R","13","     0.0","X","R","13","     0.0"," ","R","13","     0.0"," ","R","13","     3.0"," ","R","13","     2.2"," ","R","13","    10.3"," ","P","17","     3.7"," ","P","17","     2.2"," ","P","17","     1.0"," ","P","17","     0.0"," ","P","17","     0.0"," ","P","17","     0.0"," ","P","17","     0.0"," ","P","17","    0.02"," ","P","17","    0.05"," ","P","17","    0.21"," ","P","17","    0.40"," ","R","16","    6.94"," ","R","16","     1.1"," ","P","17","     0.6"," ","P","17","     0.0"," ","P","17","     0.0"," ","P","17","     0.0"," ","P","17","     0.0"," ","P","17","     0.0"," ","P","17","     0.0"," ","P","17"," -9999.0","Y"," "," 0"," -9999.0","Y"," "," 0"," -9999.0","Y"," "," 0","     0.1"," ","P","15","     0.2"," ","P","15"
"USC00024849","11-29"," 36.8644","-111.6022"," 978.4","LEES FERRY, AZ US","11","29","99","    43.4"," ","R","13","    52.8"," ","R","13","    33.9"," ","R","15","    18.9"," ","R","13","     5.1"," ","R","13","     6.3"," ","R","13","     5.3"," ","R","15","     5.6"," ","R","13","    21.6"," ","R","13","     0.8"," ","R","13","     3.0"," ","R","13","     6.9"," ","R","13","    11.7"," ","R","13","    13.7"," ","R","13","    16.6"," ","R","13","     0.0"," ","R","13","     4.2"," ","R","13","     1.4"," ","R","13","     0.3"," ","R","13","     0.0","X","R","13","     0.0","X","R","13","     0.0","X","R","13","     0.0"," ","R","13","     0.0"," ","R","13","     0.0"," ","R","13","     4.2"," ","R","13","     1.4"," ","R","13","     0.3"," ","R","13","     0.0","X","R","13","     0.0","X","R","13","     0.0","X","R","13","     0.0"," ","R","13","     0.0"," ","R","13","     2.8"," ","R","13","     2.1"," ","R","13","    10.4"," ","P","17","     3.8"," ","P","17","     2.1"," ","P","17","     1.0"," ","P","17","     0.0"," ","P","17","     0.0"," ","P","17","     0.0"," ","P","17","     0.0"," ","P","17","    0.02"," ","P","17","    0.05"," ","P","17","    0.21"," ","P","17","    0.41"," ","R","16","    6.95"," ","R","16","     1.1"," ","P","17","     0.6"," ","P","17","     0.0"," ","P","17","     0.0"," ","P","17","     0.0"," ","P","17","     0.0"," ","P","17","     0.0"," ","P","17","     0.0"," ","P","17"," -9999.0","Y"," "," 0"," -9999.0","Y"," "," 0"," -9999.0","Y"," "," 0","     0.1"," ","P","15","     0.2"," ","P","15"
"USC00024849","11-30"," 36.8644","-111.6022"," 978.4","LEES FERRY, AZ US","11","30","99","    43.0"," ","R","13","    52.4"," ","R","13","    33.6"," ","R","15","    18.8"," ","R","13","     5.0"," ","R","13","     6.2"," ","R","13","     5.3"," ","R","15","     5.6"," ","R","13","    22.0"," ","R","13","     0.9"," ","R","13","     3.2"," ","R","13","     7.2"," ","R","13","    12.1"," ","R","13","    14.0"," ","R","13","    17.0"," ","R","13","     0.0"," ","R","13","     3.9"," ","R","13","     1.2"," ","R","13","     0.2"," ","R","13","     0.0","X","R","13","     0.0","X","R","13","     0.0","X","R","13","     0.0"," ","R","13","     0.0"," ","R","13","     0.0"," ","R","13","     3.9"," ","R","13","     1.2"," ","R","13","     0.2"," ","R","13","     0.0","X","R","13","     0.0","X","R","13","     0.0","X","R","13","     0.0"," ","R","13","     0.0"," ","R","13","     2.6"," ","R","13","     1.9"," ","R","13","    10.5"," ","P","17","     3.8"," ","P","17","     2.1"," ","P","17","     1.0"," ","P","17","     0.0"," ","P","17","     0.0"," ","P","17","     0.0"," ","P","17","     0.0"," ","P","17","    0.02"," ","P","17","    0.05"," ","P","17","    0.21"," ","P","17","    0.42"," ","R","16","    6.96"," ","R","16","     1.1"," ","P","17","     0.6"," ","P","17","     0.0"," ","P","17","     0.0"," ","P","17","     0.0"," ","P","17","     0.0"," ","P","17","     0.0"," ","P","17","     0.0"," ","P","17"," -9999.0","Y"," "," 0"," -9999.0","Y"," "," 0"," -9999.0","Y"," "," 0","     0.1"," ","P","15","     0.2"," ","P","15"
"USC00024849","12-01"," 36.8644","-111.6022"," 978.4","LEES FERRY, AZ US","12","01","99","    42.6"," ","R","13","    51.9"," ","R","13","    33.3"," ","R","14","    18.7"," ","R","13","     5.0"," ","R","13","     6.2"," ","R","13","     5.3"," ","R","14","     5.6"," ","R","13","    22.4"," ","R","13","     1.0"," ","R","13","     3.4"," ","R","13","     7.6"," ","R","13","    12.4"," ","R","13","    14.4"," ","R","13","    17.4"," ","R","13","     0.0"," ","R","13","     3.6"," ","R","13","     1.1"," ","R","13","     0.2"," ","R","13","     0.0","X","R","13","     0.0","X","R","13","     0.0","X","R","13","     0.0"," ","R","13","     0.0"," ","R","13","     0.0"," ","R","13","     3.6"," ","R","13","     1.1"," ","R","13","     0.2"," ","R","13","     0.0","X","R","13","     0.0","X","R","13","     0.0","X","R","13","     0.0"," ","R","13","     0.0"," ","R","13","     2.4"," ","R","13","     1.8"," ","R","13","    10.6"," ","P","17","     3.8"," ","P","17","     2.1"," ","P","17","     1.0"," ","P","17","     0.0"," ","P","17","     0.0"," ","P","17","     0.0"," ","P","17","     0.0"," ","P","17","    0.02"," ","P","17","    0.05"," ","P","17","    0.21"," ","P","17","    0.02"," ","R","13","    6.98"," ","R","13","     1.1"," ","P","17","     0.6"," ","P","17","     0.1"," ","P","17","     0.0"," ","P","17","     0.0"," ","P","17","     0.0"," ","P","17","     0.0"," ","P","17","     0.0"," ","P","17"," -9999.0","Y"," "," 0"," -9999.0","Y"," "," 0"," -9999.0","Y"," "," 0","     0.0"," ","P","14","     0.2"," ","P","14"
"USC00024849","12-02"," 36.8644","-111.6022"," 978.4","LEES FERRY, AZ US","12","02","99","    42.3"," ","R","13","    51.5"," ","R","13","    33.0"," ","R","14","    18.5"," ","R","13","     5.0"," ","R","13","     6.1"," ","R","13","     5.3"," ","R","14","     5.7"," ","R","13","    22.7"," ","R","13","     1.1"," ","R","13","     3.6"," ","R","13","     7.9"," ","R","13","    12.8"," ","R","13","    14.8"," ","R","13","    17.7"," ","R","13","     0.0"," ","R","13","     3.3"," ","R","13","     0.9"," ","R","13","     0.2"," ","R","13","     0.0","X","R","13","     0.0","X","R","13","     0.0","X","R","13","     0.0"," ","R","13","     0.0"," ","R","13","     0.0"," ","R","13","     3.3"," ","R","13","     0.9"," ","R","13","     0.2"," ","R","13","     0.0","X","R","13","     0.0","X","R","13","     0.0","X","R","13","     0.0"," ","R","13","     0.0"," ","R","13","     2.3"," ","R","13","     1.6"," ","R","13","    10.8"," ","P","17","     3.8"," ","P","17","     2.1"," ","P","17","     1.0"," ","P","17","     0.0"," ","P","17","     0.0"," ","P","17","     0.0"," ","P","17","     0.0"," ","P","17","    0.02"," ","P","17","    0.05"," ","P","17","    0.20"," ","P","17","    0.03"," ","R","13","    6.99"," ","R","13","     1.2"," ","P","17","     0.6"," ","P","17","     0.1"," ","P","17","     0.0"," ","P","17","     0.0"," ","P","17","     0.0"," ","P","17","     0.0"," ","P","17","     0.0"," ","P","17"," -9999.0","Y"," "," 0"," -9999.0","Y"," "," 0"," -9999.0","Y"," "," 0","     0.0"," ","P","14","     0.2"," ","P","14"
"USC00024849","12-03"," 36.8644","-111.6022"," 978.4","LEES FERRY, AZ US","12","03","99","    41.9"," ","R","13","    51.2"," ","R","13","    32.7"," ","R","14","    18.4"," ","R","13","     4.9"," ","R","13","     6.1"," ","R","13","     5.3"," ","R","14","     5.7"," ","R","13","    23.1"," ","R","13","     1.1"," ","R","13","     3.8"," ","R","13","     8.2"," ","R","13","    13.1"," ","R","13","    15.1"," ","R","13","    18.1"," ","R","13","     0.0"," ","R","13","     3.1"," ","R","13","     0.8"," ","R","13","     0.1"," ","R","13","     0.0","X","R","13","     0.0","X","R","13","     0.0","X","R","13","     0.0"," ","R","13","     0.0"," ","R","13","     0.0"," ","R","13","     3.1"," ","R","13","     0.8"," ","R","13","     0.1"," ","R","13","     0.0","X","R","13","     0.0","X","R","13","     0.0","X","R","13","     0.0"," ","R","13","     0.0"," ","R","13","     2.1"," ","R","13","     1.5"," ","R","13","    10.9"," ","P","16","     3.9"," ","P","16","     2.1"," ","P","16","     0.9"," ","P","16","     0.0"," ","P","16","     0.0"," ","P","16","     0.0"," ","P","16","     0.0"," ","P","16","    0.02"," ","P"," 0","    0.05"," ","P"," 0","    0.20"," ","P"," 0","    0.05"," ","R","13","    7.01"," ","R","13","     1.2"," ","P","16","     0.7"," ","P","16","     0.1"," ","P","16","     0.0"," ","P","16","     0.0"," ","P","16","     0.0"," ","P","16","     0.0"," ","P","16","     0.0"," ","P","16"," -9999.0","Y"," "," 0"," -9999.0","Y"," "," 0"," -9999.0","Y"," "," 0","     0.0"," ","P","14","     0.2"," ","P","14"
"USC00024849","12-04"," 36.8644","-111.6022"," 978.4","LEES FERRY, AZ US","12","04","99","    41.6"," ","R","13","    50.8"," ","R","13","    32.4"," ","R","14","    18.3"," ","R","13","     4.9"," ","R","13","     6.0"," ","R","13","     5.2"," ","R","14","     5.7"," ","R","13","    23.4"," ","R","13","     1.2"," ","R","13","     4.1"," ","R","13","     8.5"," ","R","13","    13.4"," ","R","13","    15.4"," ","R","13","    18.4"," ","R","13","     0.0"," ","R","13","     2.8"," ","R","13","     0.7"," ","R","13","     0.1"," ","R","13","     0.0","X","R","13","     0.0","X","R","13","     0.0","X","R","13","     0.0"," ","R","13","     0.0"," ","R","13","     0.0"," ","R","13","     2.8"," ","R","13","     0.7"," ","R","13","     0.1"," ","R","13","     0.0","X","R","13","     0.0","X","R","13","     0.0","X","R","13","     0.0"," ","R","13","     0.0"," ","R","13","     2.0"," ","R","13","     1.4"," ","R","13","    11.0"," ","P","16","     3.9"," ","P","16","     2.0"," ","P","16","     0.9"," ","P","16","     0.0"," ","P","16","     0.0"," ","P","16","     0.0"," ","P","16","     0.0"," ","P","16","    0.02"," ","P","16","    0.05"," ","P","16","    0.20"," ","P","16","    0.07"," ","R","13","    7.03"," ","R","13","     1.2"," ","P","16","     0.7"," ","P","16","     0.1"," ","P","16","     0.0"," ","P","16","     0.0"," ","P","16","     0.0"," ","P","16","     0.0"," ","P","16","     0.0"," ","P","16"," -9999.0","Y"," "," 0"," -9999.0","Y"," "," 0"," -9999.0","Y"," "," 0","     0.0"," ","P","14","     0.2"," ","P","14"
"USC00024849","12-05"," 36.8644","-111.6022"," 978.4","LEES FERRY, AZ US","12","05","99","    41.3"," ","R","13","    50.4"," ","R","13","    32.2"," ","R","14","    18.3"," ","R","13","     4.9"," ","R","13","     6.0"," ","R","13","     5.2"," ","R","14","     5.7"," ","R","13","    23.7"," ","R","13","     1.3"," ","R","13","     4.3"," ","R","13","     8.8"," ","R","13","    13.7"," ","R","13","    15.7"," ","R","13","    18.7"," ","R","13","     0.0"," ","R","13","     2.6"," ","R","13","     0.6"," ","R","13","     0.1"," ","R","13","     0.0","X","R","13","     0.0","X","R","13","     0.0","X","R","13","     0.0"," ","R","13","     0.0"," ","R","13","     0.0"," ","R","13","     2.6"," ","R","13","     0.6"," ","R","13","     0.1"," ","R","13","     0.0","X","R","13","     0.0","X","R","13","     0.0","X","R","13","     0.0"," ","R","13","     0.0"," ","R","13","     1.9"," ","R","13","     1.3"," ","R","13","    11.2"," ","P","16","     3.9"," ","P","16","     2.0"," ","P","16","     0.9"," ","P","16","     0.0"," ","P","16","     0.0"," ","P","16","     0.0"," ","P","16","     0.0"," ","P","16","    0.02"," ","P","16","    0.05"," ","P","16","    0.20"," ","P","16","    0.08"," ","R","13","    7.04"," ","R","13","     1.2"," ","P","16","     0.7"," ","P","16","     0.2"," ","P","16","     0.0"," ","P","16","     0.0"," ","P","16","     0.0"," ","P","16","     0.0"," ","P","16","     0.0"," ","P","16"," -9999.0","Y"," "," 0"," -9999.0","Y"," "," 0"," -9999.0","Y"," "," 0","     0.0"," ","P","14","     0.2"," ","P","14"
"USC00024849","12-06"," 36.8644","-111.6022"," 978.4","LEES FERRY, AZ US","12","06","99","    41.0"," ","R","13","    50.1"," ","R","13","    31.9"," ","R","14","    18.2"," ","R","13","     4.9"," ","R","13","     6.0"," ","R","13","     5.2"," ","R","14","     5.7"," ","R","13","    24.0"," ","R","13","     1.4"," ","R","13","     4.5"," ","R","13","     9.1"," ","R","13","    14.0"," ","R","13","    16.0"," ","R","13","    19.0"," ","R","13","     0.0"," ","R","13","     2.4"," ","R","13","     0.5"," ","R","13","     0.1"," ","R","13","     0.0","X","R","13","     0.0","X","R","13","     0.0","X","R","13","     0.0"," ","R","13","     0.0"," ","R","13","     0.0"," ","R","13","     2.4"," ","R","13","     0.5"," ","R","13","     0.1"," ","R","13","     0.0","X","R","13","     0.0","X","R","13","     0.0","X","R","13","     0.0"," ","R","13","     0.0"," ","R","13","     1.8"," ","R","13","     1.2"," ","R","13","    11.3"," ","P","16","     3.9"," ","P","16","     2.0"," ","P","16","     0.9"," ","P","16","     0.0"," ","P","16","     0.0"," ","P","16","     0.0"," ","P","16","     0.0"," ","P","16","    0.02"," ","P","16","    0.05"," ","P","16","    0.19"," ","P","16","    0.10"," ","R","13","    7.06"," ","R","13","     1.2"," ","P","16","     0.7"," ","P","16","     0.2"," ","P","16","     0.0"," ","P","16","     0.0"," ","P","16","     0.0"," ","P","16","     0.0"," ","P","16","     0.0"," ","P","16"," -9999.0","Y"," "," 0"," -9999.0","Y"," "," 0"," -9999.0","Y"," "," 0","     0.0"," ","P","14","     0.2"," ","P","14"
"USC00024849","12-07"," 36.8644","-111.6022"," 978.4","LEES FERRY, AZ US","12","07","99","    40.7"," ","R","13","    49.8"," ","R","13","    31.7"," ","R","14","    18.1"," ","R","13","     4.8"," ","R","13","     6.0"," ","R","13","     5.3"," ","R","14","     5.8"," ","R","13","    24.3"," ","R","13","     1.5"," ","R","13","     4.7"," ","R","13","     9.3"," ","R","13","    14.3"," ","R","13","    16.3"," ","R","13","    19.3"," ","R","13","     0.0"," ","R","13","     2.2"," ","R","13","     0.4"," ","R","13","     0.1"," ","R","13","     0.0","X","R","13","     0.0","X","R","13","     0.0","X","R","13","     0.0"," ","R","13","     0.0"," ","R","13","     0.0"," ","R","13","     2.2"," ","R","13","     0.4"," ","R","13","     0.1"," ","R","13","     0.0","X","R","13","     0.0","X","R","13","     0.0","X","R","13","     0.0"," ","R","13","     0.0"," ","R","13","     1.7"," ","R","13","     1.1"," ","R","13","    11.4"," ","P","16","     3.9"," ","P","16","     2.0"," ","P","16","     0.9"," ","P","16","     0.0"," ","P","16","     0.0"," ","P","16","     0.0"," ","P","16","     0.0"," ","P","16","    0.02"," ","P","16","    0.05"," ","P","16","    0.19"," ","P","16","    0.12"," ","R","13","    7.08"," ","R","13","     1.3"," ","P","16","     0.7"," ","P","16","     0.2"," ","P","16","     0.0"," ","P","16","     0.0"," ","P","16","     0.0"," ","P","16","     0.0"," ","P","16","     0.0"," ","P","16"," -9999.0","Y"," "," 0"," -9999.0","Y"," "," 0"," -9999.0","Y"," "," 0","     0.0"," ","P","14","     0.2"," ","P","14"
"USC00024849","12-08"," 36.8644","-111.6022"," 978.4","LEES FERRY, AZ US","12","08","99","    40.5"," ","R","13","    49.5"," ","R","13","    31.5"," ","R","14","    18.0"," ","R","13","     4.8"," ","R","13","     5.9"," ","R","13","     5.3"," ","R","14","     5.8"," ","R","13","    24.5"," ","R","13","     1.6"," ","R","13","     4.8"," ","R","13","     9.5"," ","R","13","    14.5"," ","R","13","    16.5"," ","R","13","    19.5"," ","R","13","     0.0"," ","R","13","     2.0"," ","R","13","     0.3"," ","R","13","     0.0","X","R","13","     0.0","X","R","13","     0.0","X","R","13","     0.0","X","R","13","     0.0"," ","R","13","     0.0"," ","R","13","     0.0"," ","R","13","     2.0"," ","R","13","     0.3"," ","R","13","     0.0","X","R","13","     0.0","X","R","13","     0.0","X","R","13","     0.0","X","R","13","     0.0"," ","R","13","     0.0"," ","R","13","     1.6"," ","R","13","     1.0"," ","R","13","    11.5"," ","P","16","     3.9"," ","P","16","     1.9"," ","P","16","     0.9"," ","P","16","     0.0"," ","P","16","     0.0"," ","P","16","     0.0"," ","P","16","     0.0"," ","P","16","    0.02"," ","P","16","    0.05"," ","P","16","    0.19"," ","P","16","    0.13"," ","R","13","    7.09"," ","R","13","     1.3"," ","P","16","     0.7"," ","P","16","     0.2"," ","P","16","     0.0"," ","P","16","     0.0"," ","P","16","     0.0"," ","P","16","     0.0"," ","P","16","     0.0"," ","P","16"," -9999.0","Y"," "," 0"," -9999.0","Y"," "," 0"," -9999.0","Y"," "," 0","     0.0"," ","P","14","     0.2"," ","P","14"
"USC00024849","12-09"," 36.8644","-111.6022"," 978.4","LEES FERRY, AZ US","12","09","99","    40.2"," ","R","13","    49.2"," ","R","13","    31.3"," ","R","14","    17.9"," ","R","13","     4.8"," ","R","13","     5.9"," ","R","13","     5.3"," ","R","14","     5.8"," ","R","13","    24.8"," ","R","13","     1.7"," ","R","13","     5.0"," ","R","13","     9.8"," ","R","13","    14.8"," ","R","13","    16.8"," ","R","13","    19.8"," ","R","13","     0.0"," ","R","13","     1.9"," ","R","13","     0.3"," ","R","13","     0.0","X","R","13","     0.0"," ","R","13","     0.0","X","R","13","     0.0","X","R","13","     0.0"," ","R","13","     0.0"," ","R","13","     0.0"," ","R","13","     1.9"," ","R","13","     0.3"," ","R","13","     0.0","X","R","13","     0.0"," ","R","13","     0.0","X","R","13","     0.0","X","R","13","     0.0"," ","R","13","     0.0"," ","R","13","     1.5"," ","R","13","     1.0"," ","R","13","    11.6"," ","P","16","     3.9"," ","P","16","     1.9"," ","P","16","     0.8"," ","P","16","     0.0"," ","P","16","     0.0"," ","P","16","     0.0"," ","P","16","     0.0"," ","P","16","    0.02"," ","P","16","    0.05"," ","P","16","    0.18"," ","P","16","    0.15"," ","R","13","    7.11"," ","R","13","     1.2"," ","P","16","     0.8"," ","P","16","     0.2"," ","P","16","     0.0"," ","P","16","     0.0"," ","P","16","     0.0"," ","P","16","     0.0"," ","P","16","     0.0"," ","P","16"," -9999.0","Y"," "," 0"," -9999.0","Y"," "," 0"," -9999.0","Y"," "," 0","     0.0"," ","P","14","     0.2"," ","P","14"
"USC00024849","12-10"," 36.8644","-111.6022"," 978.4","LEES FERRY, AZ US","12","10","99","    40.0"," ","R","13","    48.9"," ","R","13","    31.1"," ","R","14","    17.8"," ","R","13","     4.8"," ","R","13","     5.9"," ","R","13","     5.3"," ","R","14","     5.9"," ","R","13","    25.0"," ","R","13","     1.7"," ","R","13","     5.2"," ","R","13","    10.0"," ","R","13","    15.0"," ","R","13","    17.0"," ","R","13","    20.0"," ","R","13","     0.0"," ","R","13","     1.8"," ","R","13","     0.2"," ","R","13","     0.0","X","R","13","     0.0"," ","R","13","     0.0"," ","R","13","     0.0"," ","R","13","     0.0"," ","R","13","     0.0"," ","R","13","     0.0"," ","R","13","     1.8"," ","R","13","     0.2"," ","R","13","     0.0","X","R","13","     0.0"," ","R","13","     0.0"," ","R","13","     0.0"," ","R","13","     0.0"," ","R","13","     0.0"," ","R","13","     1.4"," ","R","13","     0.9"," ","R","13","    11.7"," ","P","16","     4.0"," ","P","16","     1.9"," ","P","16","     0.8"," ","P","16","     0.0"," ","P","16","     0.0"," ","P","16","     0.0"," ","P","16","     0.0"," ","P","16","    0.02"," ","P","16","    0.05"," ","P","16","    0.18"," ","P","16","    0.17"," ","R","13","    7.13"," ","R","13","     1.3"," ","P","16","     0.8"," ","P","16","     0.2"," ","P","16","     0.0"," ","P","16","     0.0"," ","P","16","     0.0"," ","P","16","     0.0"," ","P","16","     0.0"," ","P","16"," -9999.0","Y"," "," 0"," -9999.0","Y"," "," 0"," -9999.0","Y"," "," 0","     0.0"," ","P","14","     0.2"," ","P","14"
"USC00024849","12-11"," 36.8644","-111.6022"," 978.4","LEES FERRY, AZ US","12","11","99","    39.8"," ","R","13","    48.7"," ","R","13","    30.9"," ","R","14","    17.8"," ","R","13","     4.8"," ","R","13","     5.8"," ","R","13","     5.3"," ","R","14","     5.9"," ","R","13","    25.2"," ","R","13","     1.8"," ","R","13","     5.4"," ","R","13","    10.2"," ","R","13","    15.2"," ","R","13","    17.2"," ","R","13","    20.2"," ","R","13","     0.0"," ","R","13","     1.6"," ","R","13","     0.2"," ","R","13","     0.0","X","R","13","     0.0"," ","R","13","     0.0","X","R","13","     0.0"," ","R","13","     0.0"," ","R","13","     0.0"," ","R","13","     0.0"," ","R","13","     1.6"," ","R","13","     0.2"," ","R","13","     0.0","X","R","13","     0.0"," ","R","13","     0.0","X","R","13","     0.0"," ","R","13","     0.0"," ","R","13","     0.0"," ","R","13","     1.4"," ","R","13","     0.9"," ","R","13","    11.9"," ","P","16","     4.0"," ","P","16","     1.9"," ","P","16","     0.8"," ","P","16","     0.0"," ","P","16","     0.0"," ","P","16","     0.0"," ","P","16","     0.0"," ","P","16","    0.02"," ","P","16","    0.05"," ","P","16","    0.18"," ","P","16","    0.18"," ","R","13","    7.14"," ","R","13","     1.3"," ","P","16","     0.8"," ","P","16","     0.2"," ","P","16","     0.0"," ","P","16","     0.0"," ","P","16","     0.0"," ","P","16","     0.0"," ","P","16","     0.0"," ","P","16"," -9999.0","Y"," "," 0"," -9999.0","Y"," "," 0"," -9999.0","Y"," "," 0","     0.0"," ","P","14","     0.2"," ","P","14"
"USC00024849","12-12"," 36.8644","-111.6022"," 978.4","LEES FERRY, AZ US","12","12","99","    39.6"," ","R","13","    48.4"," ","R","13","    30.7"," ","R","14","    17.7"," ","R","13","     4.7"," ","R","13","     5.8"," ","R","13","     5.3"," ","R","14","     6.0"," ","R","13","    25.4"," ","R","13","     1.9"," ","R","13","     5.6"," ","R","13","    10.4"," ","R","13","    15.4"," ","R","13","    17.4"," ","R","13","    20.4"," ","R","13","     0.0"," ","R","13","     1.5"," ","R","13","     0.2"," ","R","13","     0.0","X","R","13","     0.0","X","R","13","     0.0","X","R","13","     0.0"," ","R","13","     0.0"," ","R","13","     0.0"," ","R","13","     0.0"," ","R","13","     1.5"," ","R","13","     0.2"," ","R","13","     0.0","X","R","13","     0.0","X","R","13","     0.0","X","R","13","     0.0"," ","R","13","     0.0"," ","R","13","     0.0"," ","R","13","     1.3"," ","R","13","     0.8"," ","R","13","    12.0"," ","P","16","     4.0"," ","P","16","     1.9"," ","P","16","     0.7"," ","P","16","     0.0"," ","P","16","     0.0"," ","P","16","     0.0"," ","P","16","     0.0"," ","P","16","    0.02"," ","P","16","    0.05"," ","P","16","    0.18"," ","P","16","    0.20"," ","R","13","    7.16"," ","R","13","     1.3"," ","P","16","     0.8"," ","P","16","     0.2"," ","P","16","     0.0"," ","P","16","     0.0"," ","P","16","     0.0"," ","P","16","     0.0"," ","P","16","     0.0"," ","P","16"," -9999.0","Y"," "," 0"," -9999.0","Y"," "," 0"," -9999.0","Y"," "," 0","     0.0"," ","P","14","     0.2"," ","P","14"
"USC00024849","12-13"," 36.8644","-111.6022"," 978.4","LEES FERRY, AZ US","12","13","99","    39.4"," ","R","13","    48.2"," ","R","13","    30.6"," ","R","14","    17.6"," ","R","13","     4.8"," ","R","13","     5.8"," ","R","13","     5.3"," ","R","14","     6.0"," ","R","13","    25.6"," ","R","13","     2.1"," ","R","13","     5.8"," ","R","13","    10.6"," ","R","13","    15.6"," ","R","13","    17.6"," ","R","13","    20.6"," ","R","13","     0.0"," ","R","13","     1.5"," ","R","13","     0.3"," ","R","13","     0.0","X","R","13","     0.0","X","R","13","     0.0","X","R","13","     0.0"," ","R","13","     0.0"," ","R","13","     0.0"," ","R","13","     0.0"," ","R","13","     1.5"," ","R","13","     0.3"," ","R","13","     0.0","X","R","13","     0.0","X","R","13","     0.0","X","R","13","     0.0"," ","R","13","     0.0"," ","R","13","     0.0"," ","R","13","     1.2"," ","R","13","     0.8"," ","R","13","    12.0"," ","P","16","     4.0"," ","P","16","     1.9"," ","P","16","     0.7"," ","P","16","     0.0"," ","P","16","     0.0"," ","P","16","     0.0"," ","P","16","     0.0"," ","P","16","    0.02"," ","P","16","    0.05"," ","P","16","    0.17"," ","P","16","    0.22"," ","R","13","    7.18"," ","R","13","     1.2"," ","P","16","     0.7"," ","P","16","     0.2"," ","P","16","     0.0"," ","P","16","     0.0"," ","P","16","     0.0"," ","P","16","     0.0"," ","P","16","     0.0"," ","P","16"," -9999.0","Y"," "," 0"," -9999.0","Y"," "," 0"," -9999.0","Y"," "," 0","     0.0"," ","P","14","     0.2"," ","P","14"
"USC00024849","12-14"," 36.8644","-111.6022"," 978.4","LEES FERRY, AZ US","12","14","99","    39.2"," ","R","13","    48.0"," ","R","13","    30.4"," ","R","14","    17.6"," ","R","13","     4.7"," ","R","13","     5.8"," ","R","13","     5.4"," ","R","14","     6.0"," ","R","13","    25.8"," ","R","13","     2.2"," ","R","13","     6.0"," ","R","13","    10.8"," ","R","13","    15.8"," ","R","13","    17.8"," ","R","13","    20.8"," ","R","13","     0.0"," ","R","13","     1.4"," ","R","13","     0.3"," ","R","13","     0.1"," ","R","13","     0.0","X","R","13","     0.0","X","R","13","     0.0"," ","R","13","     0.0"," ","R","13","     0.0"," ","R","13","     0.0"," ","R","13","     1.4"," ","R","13","     0.3"," ","R","13","     0.1"," ","R","13","     0.0","X","R","13","     0.0","X","R","13","     0.0"," ","R","13","     0.0"," ","R","13","     0.0"," ","R","13","     1.2"," ","R","13","     0.8"," ","R","13","    12.1"," ","P","16","     4.0"," ","P","16","     1.9"," ","P","16","     0.7"," ","P","16","     0.0"," ","P","16","     0.0"," ","P","16","     0.0"," ","P","16","     0.0"," ","P","16","    0.02"," ","P","16","    0.05"," ","P","16","    0.17"," ","P","16","    0.23"," ","R","13","    7.19"," ","R","13","     1.2"," ","P","16","     0.7"," ","P","16","     0.2"," ","P","16","     0.0"," ","P","16","     0.0"," ","P","16","     0.0"," ","P","16","     0.0"," ","P","16","     0.0"," ","P","16"," -9999.0","Y"," "," 0"," -9999.0","Y"," "," 0"," -9999.0","Y"," "," 0","     0.0"," ","P","14","     0.2"," ","P","14"
"USC00024849","12-15"," 36.8644","-111.6022"," 978.4","LEES FERRY, AZ US","12","15","99","    39.1"," ","R","13","    47.9"," ","R","13","    30.3"," ","R","14","    17.5"," ","R","13","     4.7"," ","R","13","     5.8"," ","R","13","     5.4"," ","R","14","     6.1"," ","R","13","    25.9"," ","R","13","     2.3"," ","R","13","     6.2"," ","R","13","    11.0"," ","R","13","    15.9"," ","R","13","    17.9"," ","R","13","    20.9"," ","R","13","     0.0"," ","R","13","     1.4"," ","R","13","     0.3"," ","R","13","     0.1"," ","R","13","     0.0","X","R","13","     0.0","X","R","13","     0.0"," ","R","13","     0.0"," ","R","13","     0.0"," ","R","13","     0.0"," ","R","13","     1.4"," ","R","13","     0.3"," ","R","13","     0.1"," ","R","13","     0.0","X","R","13","     0.0","X","R","13","     0.0"," ","R","13","     0.0"," ","R","13","     0.0"," ","R","13","     1.2"," ","R","13","     0.7"," ","R","13","    12.2"," ","P","16","     4.0"," ","P","16","     1.9"," ","P","16","     0.6"," ","P","16","     0.0"," ","P","16","     0.0"," ","P","16","     0.0"," ","P","16","     0.0"," ","P","16","    0.02"," ","P","16","    0.05"," ","P","16","    0.17"," ","P","16","    0.25"," ","R","13","    7.21"," ","R","13","     1.2"," ","P","16","     0.7"," ","P","16","     0.2"," ","P","16","     0.0"," ","P","16","     0.0"," ","P","16","     0.0"," ","P","16","     0.0"," ","P","16","     0.0"," ","P","16"," -9999.0","Y"," "," 0"," -9999.0","Y"," "," 0"," -9999.0","Y"," "," 0","     0.0"," ","P","14","     0.2"," ","P","14"
"USC00024849","12-16"," 36.8644","-111.6022"," 978.4","LEES FERRY, AZ US","12","16","99","    38.9"," ","R","13","    47.7"," ","R","13","    30.2"," ","R","14","    17.5"," ","R","13","     4.7"," ","R","13","     5.8"," ","R","13","     5.4"," ","R","14","     6.1"," ","R","13","    26.1"," ","R","13","     2.4"," ","R","13","     6.4"," ","R","13","    11.2"," ","R","13","    16.1"," ","R","13","    18.1"," ","R","13","    21.1"," ","R","13","     0.0"," ","R","13","     1.4"," ","R","13","     0.3"," ","R","13","     0.1"," ","R","13","     0.0","X","R","13","     0.0","X","R","13","     0.0"," ","R","13","     0.0"," ","R","13","     0.0"," ","R","13","     0.0"," ","R","13","     1.4"," ","R","13","     0.3"," ","R","13","     0.1"," ","R","13","     0.0","X","R","13","     0.0","X","R","13","     0.0"," ","R","13","     0.0"," ","R","13","     0.0"," ","R","13","     1.1"," ","R","13","     0.7"," ","R","13","    12.3"," ","P","16","     4.1"," ","P","16","     1.9"," ","P","16","     0.6"," ","P","16","     0.0"," ","P","16","     0.0"," ","P","16","     0.0"," ","P","16","     0.0"," ","P","16","    0.02"," ","P","16","    0.05"," ","P","16","    0.17"," ","P","16","    0.27"," ","R","13","    7.23"," ","R","13","     1.1"," ","P","16","     0.7"," ","P","16","     0.2"," ","P","16","     0.0"," ","P","16","     0.0"," ","P","16","     0.0"," ","P","16","     0.0"," ","P","16","     0.0"," ","P","16"," -9999.0","Y"," "," 0"," -9999.0","Y"," "," 0"," -9999.0","Y"," "," 0","     0.0"," ","P","14","     0.2"," ","P","14"
"USC00024849","12-17"," 36.8644","-111.6022"," 978.4","LEES FERRY, AZ US","12","17","99","    38.8"," ","R","13","    47.5"," ","R","13","    30.1"," ","R","14","    17.5"," ","R","13","     4.7"," ","R","13","     5.8"," ","R","13","     5.4"," ","R","14","     6.2"," ","R","13","    26.2"," ","R","13","     2.5"," ","R","13","     6.5"," ","R","13","    11.3"," ","R","13","    16.2"," ","R","13","    18.2"," ","R","13","    21.2"," ","R","13","     0.0"," ","R","13","     1.3"," ","R","13","     0.3"," ","R","13","     0.1"," ","R","13","     0.0","X","R","13","     0.0","X","R","13","     0.0"," ","R","13","     0.0"," ","R","13","     0.0"," ","R","13","     0.0"," ","R","13","     1.3"," ","R","13","     0.3"," ","R","13","     0.1"," ","R","13","     0.0","X","R","13","     0.0","X","R","13","     0.0"," ","R","13","     0.0"," ","R","13","     0.0"," ","R","13","     1.1"," ","R","13","     0.7"," ","R","13","    12.4"," ","P","16","     4.1"," ","P","16","     1.9"," ","P","16","     0.6"," ","P","16","     0.0"," ","P","16","     0.0"," ","P","16","     0.0"," ","P","16","     0.0"," ","P","16","    0.02"," ","P","16","    0.05"," ","P","16","    0.16"," ","P","16","    0.29"," ","R","13","    7.25"," ","R","13","     1.1"," ","P","16","     0.6"," ","P","16","     0.2"," ","P","16","     0.0"," ","P","16","     0.0"," ","P","16","     0.0"," ","P","16","     0.0"," ","P","16","     0.0"," ","P","16"," -9999.0","Y"," "," 0"," -9999.0","Y"," "," 0"," -9999.0","Y"," "," 0","     0.0"," ","P","14","     0.2"," ","P","14"
"USC00024849","12-18"," 36.8644","-111.6022"," 978.4","LEES FERRY, AZ US","12","18","99","    38.7"," ","R","13","    47.4"," ","R","13","    30.0"," ","R","14","    17.4"," ","R","13","     4.7"," ","R","13","     5.9"," ","R","13","     5.4"," ","R","14","     6.2"," ","R","13","    26.3"," ","R","13","     2.6"," ","R","13","     6.6"," ","R","13","    11.4"," ","R","13","    16.3"," ","R","13","    18.3"," ","R","13","    21.3"," ","R","13","     0.0"," ","R","13","     1.3"," ","R","13","     0.3"," ","R","13","     0.1"," ","R","13","     0.0","X","R","13","     0.0","X","R","13","     0.0"," ","R","13","     0.0"," ","R","13","     0.0"," ","R","13","     0.0"," ","R","13","     1.3"," ","R","13","     0.3"," ","R","13","     0.1"," ","R","13","     0.0","X","R","13","     0.0","X","R","13","     0.0"," ","R","13","     0.0"," ","R","13","     0.0"," ","R","13","     1.1"," ","R","13","     0.7"," ","R","13","    12.6"," ","P","16","     4.1"," ","P","16","     1.9"," ","P","16","     0.6"," ","P","16","     0.0"," ","P","16","     0.0"," ","P","16","     0.0"," ","P","16","     0.0"," ","P","16","    0.02"," ","P","16","    0.05"," ","P","16","    0.16"," ","P","16","    0.31"," ","R","13","    7.27"," ","R","13","     1.1"," ","P","16","     0.6"," ","P","16","     0.2"," ","P","16","     0.0"," ","P","16","     0.0"," ","P","16","     0.0"," ","P","16","     0.0"," ","P","16","     0.0"," ","P","16"," -9999.0","Y"," "," 0"," -9999.0","Y"," "," 0"," -9999.0","Y"," "," 0","     0.0"," ","P","14","     0.2"," ","P","14"
"USC00024849","12-19"," 36.8644","-111.6022"," 978.4","LEES FERRY, AZ US","12","19","99","    38.6"," ","R","13","    47.3"," ","R","13","    29.9"," ","R","14","    17.4"," ","R","13","     4.7"," ","R","13","     5.9"," ","R","13","     5.4"," ","R","14","     6.2"," ","R","13","    26.4"," ","R","13","     2.7"," ","R","13","     6.7"," ","R","13","    11.5"," ","R","13","    16.4"," ","R","13","    18.4"," ","R","13","    21.4"," ","R","13","     0.0"," ","R","13","     1.3"," ","R","13","     0.3"," ","R","13","     0.1"," ","R","13","     0.0","X","R","13","     0.0","X","R","13","     0.0"," ","R","13","     0.0"," ","R","13","     0.0"," ","R","13","     0.0"," ","R","13","     1.3"," ","R","13","     0.3"," ","R","13","     0.1"," ","R","13","     0.0","X","R","13","     0.0","X","R","13","     0.0"," ","R","13","     0.0"," ","R","13","     0.0"," ","R","13","     1.0"," ","R","13","     0.6"," ","R","13","    12.7"," ","P","16","     4.2"," ","P","16","     1.9"," ","P","16","     0.5"," ","P","16","     0.0"," ","P","16","     0.0"," ","P","16","     0.0"," ","P","16","     0.0"," ","P","16","    0.02"," ","P","16","    0.05"," ","P","16","    0.16"," ","P","16","    0.33"," ","R","13","    7.29"," ","R","13","     1.1"," ","P","16","     0.6"," ","P","16","     0.2"," ","P","16","     0.0"," ","P","16","     0.0"," ","P","16","     0.0"," ","P","16","     0.0"," ","P","16","     0.0"," ","P","16"," -9999.0","Y"," "," 0"," -9999.0","Y"," "," 0"," -9999.0","Y"," "," 0","     0.1"," ","P","14","     0.3"," ","P","14"
"USC00024849","12-20"," 36.8644","-111.6022"," 978.4","LEES FERRY, AZ US","12","20","99","    38.5"," ","R","13","    47.2"," ","R","13","    29.8"," ","R","14","    17.4"," ","R","13","     4.7"," ","R","13","     5.9"," ","R","13","     5.4"," ","R","14","     6.3"," ","R","13","    26.5"," ","R","13","     2.7"," ","R","13","     6.8"," ","R","13","    11.6"," ","R","13","    16.5"," ","R","13","    18.5"," ","R","13","    21.5"," ","R","13","     0.0"," ","R","13","     1.2"," ","R","13","     0.3"," ","R","13","     0.1"," ","R","13","     0.0","X","R","13","     0.0","X","R","13","     0.0"," ","R","13","     0.0"," ","R","13","     0.0"," ","R","13","     0.0"," ","R","13","     1.2"," ","R","13","     0.3"," ","R","13","     0.1"," ","R","13","     0.0","X","R","13","     0.0","X","R","13","     0.0"," ","R","13","     0.0"," ","R","13","     0.0"," ","R","13","     1.0"," ","R","13","     0.6"," ","R","13","    12.8"," ","P","16","     4.2"," ","P","16","     1.9"," ","P","16","     0.5"," ","P","16","     0.0"," ","P","16","     0.0"," ","P","16","     0.0"," ","P","16","     0.0"," ","P","16","    0.02"," ","P","16","    0.05"," ","P","16","    0.16"," ","P","16","    0.35"," ","R","13","    7.31"," ","R","13","     1.0"," ","P","16","     0.6"," ","P","16","     0.2"," ","P","16","     0.0"," ","P","16","     0.0"," ","P","16","     0.0"," ","P","16","     0.0"," ","P","16","     0.0"," ","P","16"," -9999.0","Y"," "," 0"," -9999.0","Y"," "," 0"," -9999.0","Y"," "," 0","     0.1"," ","P","14","     0.3"," ","P","14"
"USC00024849","12-21"," 36.8644","-111.6022"," 978.4","LEES FERRY, AZ US","12","21","99","    38.4"," ","R","13","    47.1"," ","R","13","    29.7"," ","R","14","    17.3"," ","R","13","     4.8"," ","R","13","     5.9"," ","R","13","     5.4"," ","R","14","     6.3"," ","R","13","    26.6"," ","R","13","     2.8"," ","R","13","     6.9"," ","R","13","    11.7"," ","R","13","    16.6"," ","R","13","    18.6"," ","R","13","    21.6"," ","R","13","     0.0"," ","R","13","     1.2"," ","R","13","     0.3"," ","R","13","     0.1"," ","R","13","     0.0","X","R","13","     0.0","X","R","13","     0.0"," ","R","13","     0.0"," ","R","13","     0.0"," ","R","13","     0.0"," ","R","13","     1.2"," ","R","13","     0.3"," ","R","13","     0.1"," ","R","13","     0.0","X","R","13","     0.0","X","R","13","     0.0"," ","R","13","     0.0"," ","R","13","     0.0"," ","R","13","     1.0"," ","R","13","     0.6"," ","R","13","    12.9"," ","P","15","     4.2"," ","P","15","     1.9"," ","P","15","     0.5"," ","P","15","     0.0"," ","P","15","     0.0"," ","P","15","     0.0"," ","P","15","     0.0"," ","P","15","    0.02"," ","P","15","    0.05"," ","P","15","    0.15"," ","P","15","    0.37"," ","R","13","    7.33"," ","R","13","     1.0"," ","P","16","     0.5"," ","P","16","     0.1"," ","P","16","     0.0"," ","P","16","     0.0"," ","P","16","     0.0"," ","P","16","     0.0"," ","P","16","     0.0"," ","P","16"," -9999.0","Y"," "," 0"," -9999.0","Y"," "," 0"," -9999.0","Y"," "," 0","     0.1"," ","P","14","     0.3"," ","P","14"
"USC00024849","12-22"," 36.8644","-111.6022"," 978.4","LEES FERRY, AZ US","12","22","99","    38.3"," ","R","13","    47.0"," ","R","13","    29.7"," ","R","14","    17.3"," ","R","13","     4.8"," ","R","13","     5.9"," ","R","13","     5.4"," ","R","14","     6.4"," ","R","13","    26.6"," ","R","13","     2.8"," ","R","13","     7.0"," ","R","13","    11.8"," ","R","13","    16.7"," ","R","13","    18.7"," ","R","13","    21.7"," ","R","13","     0.0"," ","R","13","     1.2"," ","R","13","     0.3"," ","R","13","     0.1"," ","R","13","     0.0","X","R","13","     0.0","X","R","13","     0.0"," ","R","13","     0.0"," ","R","13","     0.0"," ","R","13","     0.0"," ","R","13","     1.2"," ","R","13","     0.3"," ","R","13","     0.1"," ","R","13","     0.0","X","R","13","     0.0","X","R","13","     0.0"," ","R","13","     0.0"," ","R","13","     0.0"," ","R","13","     0.9"," ","R","13","     0.6"," ","R","13","    13.0"," ","P","15","     4.2"," ","P","15","     1.9"," ","P","15","     0.5"," ","P","15","     0.0"," ","P","15","     0.0"," ","P","15","     0.0"," ","P","15","     0.0"," ","P","15","    0.02"," ","P","15","    0.05"," ","P","15","    0.15"," ","P","15","    0.39"," ","R","13","    7.35"," ","R","13","     1.0"," ","P","16","     0.5"," ","P","16","     0.1"," ","P","16","     0.0"," ","P","16","     0.0"," ","P","16","     0.0"," ","P","16","     0.0"," ","P","16","     0.0"," ","P","16"," -9999.0","Y"," "," 0"," -9999.0","Y"," "," 0"," -9999.0","Y"," "," 0","     0.1"," ","P","14","     0.3"," ","P","14"
"USC00024849","12-23"," 36.8644","-111.6022"," 978.4","LEES FERRY, AZ US","12","23","99","    38.3"," ","R","13","    46.9"," ","R","13","    29.6"," ","R","14","    17.3"," ","R","13","     4.8"," ","R","13","     6.0"," ","R","13","     5.5"," ","R","14","     6.4"," ","R","13","    26.7"," ","R","13","     2.9"," ","R","13","     7.0"," ","R","13","    11.8"," ","R","13","    16.7"," ","R","13","    18.7"," ","R","13","    21.7"," ","R","13","     0.0"," ","R","13","     1.1"," ","R","13","     0.3"," ","R","13","     0.1"," ","R","13","     0.0","X","R","13","     0.0","X","R","13","     0.0"," ","R","13","     0.0"," ","R","13","     0.0"," ","R","13","     0.0"," ","R","13","     1.1"," ","R","13","     0.3"," ","R","13","     0.1"," ","R","13","     0.0","X","R","13","     0.0","X","R","13","     0.0"," ","R","13","     0.0"," ","R","13","     0.0"," ","R","13","     0.9"," ","R","13","     0.5"," ","R","13","    13.1"," ","P","15","     4.3"," ","P","15","     1.9"," ","P","15","     0.5"," ","P","15","     0.0"," ","P","15","     0.0"," ","P","15","     0.0"," ","P","15","     0.0"," ","P","15","    0.02"," ","P","15","    0.05"," ","P","15","    0.15"," ","P","15","    0.41"," ","R","13","    7.37"," ","R","13","     1.0"," ","P","16","     0.5"," ","P","16","     0.1"," ","P","16","     0.0"," ","P","16","     0.0"," ","P","16","     0.0"," ","P","16","     0.0"," ","P","16","     0.0"," ","P","16"," -9999.0","Y"," "," 0"," -9999.0","Y"," "," 0"," -9999.0","Y"," "," 0","     0.1"," ","P","14","     0.3"," ","P","14"
"USC00024849","12-24"," 36.8644","-111.6022"," 978.4","LEES FERRY, AZ US","12","24","99","    38.2"," ","R","13","    46.9"," ","R","13","    29.6"," ","R","14","    17.3"," ","R","13","     4.8"," ","R","13","     6.0"," ","R","13","     5.5"," ","R","14","     6.4"," ","R","13","    26.8"," ","R","13","     2.9"," ","R","13","     7.1"," ","R","13","    11.9"," ","R","13","    16.8"," ","R","13","    18.8"," ","R","13","    21.8"," ","R","13","     0.0"," ","R","13","     1.1"," ","R","13","     0.3"," ","R","13","     0.1"," ","R","13","     0.0","X","R","13","     0.0","X","R","13","     0.0"," ","R","13","     0.0"," ","R","13","     0.0"," ","R","13","     0.0"," ","R","13","     1.1"," ","R","13","     0.3"," ","R","13","     0.1"," ","R","13","     0.0","X","R","13","     0.0","X","R","13","     0.0"," ","R","13","     0.0"," ","R","13","     0.0"," ","R","13","     0.9"," ","R","13","     0.5"," ","R","13","    13.2"," ","P","15","     4.3"," ","P","15","     1.9"," ","P","15","     0.5"," ","P","15","     0.0"," ","P","15","     0.0"," ","P","15","     0.0"," ","P","15","     0.0"," ","P","15","    0.02"," ","P","15","    0.05"," ","P","15","    0.15"," ","P","15","    0.43"," ","R","13","    7.39"," ","R","13","     0.9"," ","P","16","     0.5"," ","P","16","     0.1"," ","P","16","     0.0"," ","P","16","     0.0"," ","P","16","     0.0"," ","P","16","     0.0"," ","P","16","     0.0"," ","P","16"," -9999.0","Y"," "," 0"," -9999.0","Y"," "," 0"," -9999.0","Y"," "," 0","     0.1"," ","P","14","     0.3"," ","P","14"
"USC00024849","12-25"," 36.8644","-111.6022"," 978.4","LEES FERRY, AZ US","12","25","99","    38.2"," ","R","13","    46.8"," ","R","13","    29.5"," ","R","14","    17.3"," ","R","13","     4.9"," ","R","13","     6.0"," ","R","13","     5.5"," ","R","14","     6.5"," ","R","13","    26.8"," ","R","13","     2.9"," ","R","13","     7.1"," ","R","13","    11.9"," ","R","13","    16.8"," ","R","13","    18.8"," ","R","13","    21.8"," ","R","13","     0.0"," ","R","13","     1.1"," ","R","13","     0.3"," ","R","13","     0.1"," ","R","13","     0.0","X","R","13","     0.0","X","R","13","     0.0"," ","R","13","     0.0"," ","R","13","     0.0"," ","R","13","     0.0"," ","R","13","     1.1"," ","R","13","     0.3"," ","R","13","     0.1"," ","R","13","     0.0","X","R","13","     0.0","X","R","13","     0.0"," ","R","13","     0.0"," ","R","13","     0.0"," ","R","13","     0.9"," ","R","13","     0.5"," ","R","13","    13.3"," ","P","15","     4.3"," ","P","15","     2.0"," ","P","15","     0.5"," ","P","15","     0.0"," ","P","15","     0.0"," ","P","15","     0.0"," ","P","15","     0.0"," ","P","15","    0.02"," ","P","15","    0.05"," ","P","15","    0.15"," ","P","15","    0.45"," ","R","13","    7.41"," ","R","13","     0.9"," ","P","16","     0.4"," ","P","16","     0.1"," ","P","16","     0.0"," ","P","16","     0.0"," ","P","16","     0.0"," ","P","16","     0.0"," ","P","16","     0.0"," ","P","16"," -9999.0","Y"," "," 0"," -9999.0","Y"," "," 0"," -9999.0","Y"," "," 0","     0.1"," ","P","14","     0.3"," ","P","14"
"USC00024849","12-26"," 36.8644","-111.6022"," 978.4","LEES FERRY, AZ US","12","26","99","    38.2"," ","R","13","    46.8"," ","R","13","    29.5"," ","R","14","    17.3"," ","R","13","     4.9"," ","R","13","     6.1"," ","R","13","     5.6"," ","R","14","     6.5"," ","R","13","    26.8"," ","R","13","     3.0"," ","R","13","     7.2"," ","R","13","    12.0"," ","R","13","    16.9"," ","R","13","    18.8"," ","R","13","    21.8"," ","R","13","     0.0"," ","R","13","     1.1"," ","R","13","     0.3"," ","R","13","     0.1"," ","R","13","     0.0","X","R","13","     0.0","X","R","13","     0.0"," ","R","13","     0.0"," ","R","13","     0.0"," ","R","13","     0.0"," ","R","13","     1.1"," ","R","13","     0.3"," ","R","13","     0.1"," ","R","13","     0.0","X","R","13","     0.0","X","R","13","     0.0"," ","R","13","     0.0"," ","R","13","     0.0"," ","R","13","     0.9"," ","R","13","     0.6"," ","R","13","    13.3"," ","P","15","     4.3"," ","P","15","     2.0"," ","P","15","     0.4"," ","P","15","     0.0"," ","P","15","     0.0"," ","P","15","     0.0"," ","P","15","     0.0"," ","P","15","    0.02"," ","P","15","    0.05"," ","P","15","    0.15"," ","P","15","    0.47"," ","R","13","    7.43"," ","R","13","     0.8"," ","P","15","     0.4"," ","P","15","     0.1"," ","P","15","     0.0"," ","P","15","     0.0"," ","P","15","     0.0"," ","P","15","     0.0"," ","P","15","     0.0"," ","P","15"," -9999.0","Y"," "," 0"," -9999.0","Y"," "," 0"," -9999.0","Y"," "," 0","     0.1"," ","P","14","     0.3"," ","P","14"
"USC00024849","12-27"," 36.8644","-111.6022"," 978.4","LEES FERRY, AZ US","12","27","99","    38.1"," ","R","13","    46.8"," ","R","13","    29.5"," ","R","14","    17.3"," ","R","13","     4.9"," ","R","13","     6.1"," ","R","13","     5.6"," ","R","14","     6.5"," ","R","13","    26.9"," ","R","13","     3.0"," ","R","13","     7.2"," ","R","13","    12.0"," ","R","13","    16.9"," ","R","13","    18.9"," ","R","13","    21.9"," ","R","13","     0.0"," ","R","13","     1.2"," ","R","13","     0.3"," ","R","13","     0.1"," ","R","13","     0.0","X","R","13","     0.0","X","R","13","     0.0"," ","R","13","     0.0"," ","R","13","     0.0"," ","R","13","     0.0"," ","R","13","     1.2"," ","R","13","     0.3"," ","R","13","     0.1"," ","R","13","     0.0","X","R","13","     0.0","X","R","13","     0.0"," ","R","13","     0.0"," ","R","13","     0.0"," ","R","13","     0.9"," ","R","13","     0.6"," ","R","13","    13.3"," ","P","12","     4.4"," ","P","12","     2.0"," ","P","12","     0.4"," ","P","12","     0.0"," ","P","12","     0.0"," ","P","12","     0.0"," ","P","12","     0.0"," ","P","12","    0.02"," ","P","12","    0.05"," ","P","12","    0.15"," ","P","12","    0.49"," ","R","13","    7.45"," ","R","13","     0.8"," ","P","13","     0.4"," ","P","13","     0.1"," ","P","13","     0.0"," ","P","13","     0.0"," ","P","13","     0.0"," ","P","13","     0.0"," ","P","13","     0.0"," ","P","13"," -9999.0","Y"," "," 0"," -9999.0","Y"," "," 0"," -9999.0","Y"," "," 0","     0.1"," ","P","14","     0.3"," ","P","14"
"USC00024849","12-28"," 36.8644","-111.6022"," 978.4","LEES FERRY, AZ US","12","28","99","    38.1"," ","R","13","    46.8"," ","R","13","    29.4"," ","R","14","    17.4"," ","R","13","     4.9"," ","R","13","     6.1"," ","R","13","     5.6"," ","R","14","     6.5"," ","R","13","    26.9"," ","R","13","     3.0"," ","R","13","     7.2"," ","R","13","    12.0"," ","R","13","    16.9"," ","R","13","    18.9"," ","R","13","    21.9"," ","R","13","     0.0"," ","R","13","     1.1"," ","R","13","     0.3"," ","R","13","     0.1"," ","R","13","     0.0","X","R","13","     0.0","X","R","13","     0.0"," ","R","13","     0.0"," ","R","13","     0.0"," ","R","13","     0.0"," ","R","13","     1.1"," ","R","13","     0.3"," ","R","13","     0.1"," ","R","13","     0.0","X","R","13","     0.0","X","R","13","     0.0"," ","R","13","     0.0"," ","R","13","     0.0"," ","R","13","     1.0"," ","R","13","     0.6"," ","R","13","    13.3"," ","P","12","     4.4"," ","P","12","     2.0"," ","P","12","     0.4"," ","P","12","     0.0"," ","P","12","     0.0"," ","P","12","     0.0"," ","P","12","     0.0"," ","P","12","    0.02"," ","P","12","    0.05"," ","P","12","    0.15"," ","P","12","    0.52"," ","R","13","    7.48"," ","R","13","     0.8"," ","P","13","     0.3"," ","P","13","     0.1"," ","P","13","     0.0"," ","P","13","     0.0"," ","P","13","     0.0"," ","P","13","     0.0"," ","P","13","     0.0"," ","P","13"," -9999.0","Y"," "," 0"," -9999.0","Y"," "," 0"," -9999.0","Y"," "," 0","     0.1"," ","P","14","     0.3"," ","P","14"
"USC00024849","12-29"," 36.8644","-111.6022"," 978.4","LEES FERRY, AZ US","12","29","99","    38.1"," ","R","13","    46.8"," ","R","13","    29.4"," ","R","14","    17.4"," ","R","13","     4.9"," ","R","13","     6.1"," ","R","13","     5.6"," ","R","14","     6.5"," ","R","13","    26.9"," ","R","13","     3.0"," ","R","13","     7.1"," ","R","13","    12.0"," ","R","13","    16.9"," ","R","13","    18.9"," ","R","13","    21.9"," ","R","13","     0.0"," ","R","13","     1.1"," ","R","13","     0.2"," ","R","13","     0.1"," ","R","13","     0.0","X","R","13","     0.0","X","R","13","     0.0"," ","R","13","     0.0"," ","R","13","     0.0"," ","R","13","     0.0"," ","R","13","     1.1"," ","R","13","     0.2"," ","R","13","     0.1"," ","R","13","     0.0","X","R","13","     0.0","X","R","13","     0.0"," ","R","13","     0.0"," ","R","13","     0.0"," ","R","13","     1.0"," ","R","13","     0.6"," ","R","13","    13.4"," ","P","12","     4.4"," ","P","12","     2.0"," ","P","12","     0.4"," ","P","12","     0.0"," ","P","12","     0.0"," ","P","12","     0.0"," ","P","12","     0.0"," ","P","12","    0.02"," ","P","12","    0.06"," ","P","12","    0.15"," ","P","12","    0.54"," ","R","13","    7.50"," ","R","13","     0.7"," ","P","13","     0.3"," ","P","13","     0.1"," ","P","13","     0.0"," ","P","13","     0.0"," ","P","13","     0.0"," ","P","13","     0.0"," ","P","13","     0.0"," ","P","13"," -9999.0","Y"," "," 0"," -9999.0","Y"," "," 0"," -9999.0","Y"," "," 0","     0.1"," ","P","14","     0.3"," ","P","14"
"USC00024849","12-30"," 36.8644","-111.6022"," 978.4","LEES FERRY, AZ US","12","30","99","    38.1"," ","R","13","    46.8"," ","R","13","    29.4"," ","R","14","    17.4"," ","R","13","     4.9"," ","R","13","     6.1"," ","R","13","     5.6"," ","R","14","     6.5"," ","R","13","    26.9"," ","R","13","     3.0"," ","R","13","     7.1"," ","R","13","    12.0"," ","R","13","    16.9"," ","R","13","    18.9"," ","R","13","    21.9"," ","R","13","     0.0"," ","R","13","     1.1"," ","R","13","     0.2"," ","R","13","     0.0","X","R","13","     0.0"," ","R","13","     0.0","X","R","13","     0.0"," ","R","13","     0.0"," ","R","13","     0.0"," ","R","13","     0.0"," ","R","13","     1.1"," ","R","13","     0.2"," ","R","13","     0.0","X","R","13","     0.0"," ","R","13","     0.0","X","R","13","     0.0"," ","R","13","     0.0"," ","R","13","     0.0"," ","R","13","     1.0"," ","R","13","     0.6"," ","R","13","    13.4"," ","P","12","     4.5"," ","P","12","     2.0"," ","P","12","     0.4"," ","P","12","     0.0"," ","P","12","     0.0"," ","P","12","     0.0"," ","P","12","     0.0"," ","P","12","    0.02"," ","P","12","    0.06"," ","P","12","    0.15"," ","P","12","    0.56"," ","R","13","    7.52"," ","R","13","     0.7"," ","P","13","     0.3"," ","P","13","     0.1"," ","P","13","     0.0"," ","P","13","     0.0"," ","P","13","     0.0"," ","P","13","     0.0"," ","P","13","     0.0"," ","P","13"," -9999.0","Y"," "," 0"," -9999.0","Y"," "," 0"," -9999.0","Y"," "," 0","     0.1"," ","P","14","     0.3"," ","P","14"
"USC00024849","12-31"," 36.8644","-111.6022"," 978.4","LEES FERRY, AZ US","12","31","99","    38.1"," ","R","13","    46.8"," ","R","13","    29.4"," ","R","14","    17.5"," ","R","13","     4.9"," ","R","13","     6.2"," ","R","13","     5.6"," ","R","14","     6.5"," ","R","13","    26.9"," ","R","13","     2.9"," ","R","13","     7.1"," ","R","13","    11.9"," ","R","13","    16.9"," ","R","13","    18.9"," ","R","13","    21.9"," ","R","13","     0.0"," ","R","13","     1.0"," ","R","13","     0.2"," ","R","13","     0.0","X","R","13","     0.0"," ","R","13","     0.0"," ","R","13","     0.0"," ","R","13","     0.0"," ","R","13","     0.0"," ","R","13","     0.0"," ","R","13","     1.0"," ","R","13","     0.2"," ","R","13","     0.0","X","R","13","     0.0"," ","R","13","     0.0"," ","R","13","     0.0"," ","R","13","     0.0"," ","R","13","     0.0"," ","R","13","     1.0"," ","R","13","     0.6"," ","R","13","    13.4"," ","P","12","     4.5"," ","P","12","     2.0"," ","P","12","     0.4"," ","P","12","     0.0"," ","P","12","     0.0"," ","P","12","     0.0"," ","P","12","     0.0"," ","P","12","    0.02"," ","P","12","    0.06"," ","P","12","    0.15"," ","P","12","    0.58"," ","R","13","    7.54"," ","R","13","     0.7"," ","P","13","     0.2"," ","P","13","     0.1"," ","P","13","     0.0"," ","P","13","     0.0"," ","P","13","     0.0"," ","P","13","     0.0"," ","P","13","     0.0"," ","P","13"," -9999.0","Y"," "," 0"," -9999.0","Y"," "," 0"," -9999.0","Y"," "," 0","     0.1"," ","P","14","     0.3"," ","P","14"
