"STATION","DATE","LATITUDE","LONGITUDE","ELEVATION","NAME","month","day","hour","DLY-TAVG-NORMAL","meas_flag_DLY-TAVG-NORMAL","comp_flag_DLY-TAVG-NORMAL","years_DLY-TAVG-NORMAL","DLY-TMAX-NORMAL","meas_flag_DLY-TMAX-NORMAL","comp_flag_DLY-TMAX-NORMAL","years_DLY-TMAX-NORMAL","DLY-TMIN-NORMAL","meas_flag_DLY-TMIN-NORMAL","comp_flag_DLY-TMIN-NORMAL","years_DLY-TMIN-NORMAL","DLY-DUTR-NORMAL","meas_flag_DLY-DUTR-NORMAL","comp_flag_DLY-DUTR-NORMAL","years_DLY-DUTR-NORMAL","DLY-TAVG-STDDEV","meas_flag_DLY-TAVG-STDDEV","comp_flag_DLY-TAVG-STDDEV","years_DLY-TAVG-STDDEV","DLY-TMAX-STDDEV","meas_flag_DLY-TMAX-STDDEV","comp_flag_DLY-TMAX-STDDEV","years_DLY-TMAX-STDDEV","DLY-TMIN-STDDEV","meas_flag_DLY-TMIN-STDDEV","comp_flag_DLY-TMIN-STDDEV","years_DLY-TMIN-STDDEV","DLY-DUTR-STDDEV","meas_flag_DLY-DUTR-STDDEV","comp_flag_DLY-DUTR-STDDEV","years_DLY-DUTR-STDDEV","DLY-HTDD-NORMAL","meas_flag_DLY-HTDD-NORMAL","comp_flag_DLY-HTDD-NORMAL","years_DLY-HTDD-NORMAL","DLY-HTDD-BASE40","meas_flag_DLY-HTDD-BASE40","comp_flag_DLY-HTDD-BASE40","years_DLY-HTDD-BASE40","DLY-HTDD-BASE45","meas_flag_DLY-HTDD-BASE45","comp_flag_DLY-HTDD-BASE45","years_DLY-HTDD-BASE45","DLY-HTDD-BASE50","meas_flag_DLY-HTDD-BASE50","comp_flag_DLY-HTDD-BASE50","years_DLY-HTDD-BASE50","DLY-HTDD-BASE55","meas_flag_DLY-HTDD-BASE55","comp_flag_DLY-HTDD-BASE55","years_DLY-HTDD-BASE55","DLY-HTDD-BASE57","meas_flag_DLY-HTDD-BASE57","comp_flag_DLY-HTDD-BASE57","years_DLY-HTDD-BASE57","DLY-HTDD-BASE60","meas_flag_DLY-HTDD-BASE60","comp_flag_DLY-HTDD-BASE60","years_DLY-HTDD-BASE60","DLY-CLDD-NORMAL","meas_flag_DLY-CLDD-NORMAL","comp_flag_DLY-CLDD-NORMAL","years_DLY-CLDD-NORMAL","DLY-CLDD-BASE40","meas_flag_DLY-CLDD-BASE40","comp_flag_DLY-CLDD-BASE40","years_DLY-CLDD-BASE40","DLY-CLDD-BASE45","meas_flag_DLY-CLDD-BASE45","comp_flag_DLY-CLDD-BASE45","years_DLY-CLDD-BASE45","DLY-CLDD-BASE50","meas_flag_DLY-CLDD-BASE50","comp_flag_DLY-CLDD-BASE50","years_DLY-CLDD-BASE50","DLY-CLDD-BASE55","meas_flag_DLY-CLDD-BASE55","comp_flag_DLY-CLDD-BASE55","years_DLY-CLDD-BASE55","DLY-CLDD-BASE57","meas_flag_DLY-CLDD-BASE57","comp_flag_DLY-CLDD-BASE57","years_DLY-CLDD-BASE57","DLY-CLDD-BASE60","meas_flag_DLY-CLDD-BASE60","comp_flag_DLY-CLDD-BASE60","years_DLY-CLDD-BASE60","DLY-CLDD-BASE70","meas_flag_DLY-CLDD-BASE70","comp_flag_DLY-CLDD-BASE70","years_DLY-CLDD-BASE70","DLY-CLDD-BASE72","meas_flag_DLY-CLDD-BASE72","comp_flag_DLY-CLDD-BASE72","years_DLY-CLDD-BASE72","DLY-GRDD-BASE65","meas_flag_DLY-GRDD-BASE65","comp_flag_DLY-GRDD-BASE65","years_DLY-GRDD-BASE65","DLY-GRDD-BASE40","meas_flag_DLY-GRDD-BASE40","comp_flag_DLY-GRDD-BASE40","years_DLY-GRDD-BASE40","DLY-GRDD-BASE45","meas_flag_DLY-GRDD-BASE45","comp_flag_DLY-GRDD-BASE45","years_DLY-GRDD-BASE45","DLY-GRDD-BASE50","meas_flag_DLY-GRDD-BASE50","comp_flag_DLY-GRDD-BASE50","years_DLY-GRDD-BASE50","DLY-GRDD-BASE55","meas_flag_DLY-GRDD-BASE55","comp_flag_DLY-GRDD-BASE55","years_DLY-GRDD-BASE55","DLY-GRDD-BASE57","meas_flag_DLY-GRDD-BASE57","comp_flag_DLY-GRDD-BASE57","years_DLY-GRDD-BASE57","DLY-GRDD-BASE60","meas_flag_DLY-GRDD-BASE60","comp_flag_DLY-GRDD-BASE60","years_DLY-GRDD-BASE60","DLY-GRDD-BASE70","meas_flag_DLY-GRDD-BASE70","comp_flag_DLY-GRDD-BASE70","years_DLY-GRDD-BASE70","DLY-GRDD-BASE72","meas_flag_DLY-GRDD-BASE72","comp_flag_DLY-GRDD-BASE72","years_DLY-GRDD-BASE72","DLY-GRDD-TB4886","meas_flag_DLY-GRDD-TB4886","comp_flag_DLY-GRDD-TB4886","years_DLY-GRDD-TB4886","DLY-GRDD-TB5086","meas_flag_DLY-GRDD-TB5086","comp_flag_DLY-GRDD-TB5086","years_DLY-GRDD-TB5086","DLY-PRCP-PCTALL-GE001HI","meas_flag_DLY-PRCP-PCTALL-GE001HI","comp_flag_DLY-PRCP-PCTALL-GE001HI","years_DLY-PRCP-PCTALL-GE001HI","DLY-PRCP-PCTALL-GE010HI","meas_flag_DLY-PRCP-PCTALL-GE010HI","comp_flag_DLY-PRCP-PCTALL-GE010HI","years_DLY-PRCP-PCTALL-GE010HI","DLY-PRCP-PCTALL-GE025HI","meas_flag_DLY-PRCP-PCTALL-GE025HI","comp_flag_DLY-PRCP-PCTALL-GE025HI","years_DLY-PRCP-PCTALL-GE025HI","DLY-PRCP-PCTALL-GE050HI","meas_flag_DLY-PRCP-PCTALL-GE050HI","comp_flag_DLY-PRCP-PCTALL-GE050HI","years_DLY-PRCP-PCTALL-GE050HI","DLY-PRCP-PCTALL-GE100HI","meas_flag_DLY-PRCP-PCTALL-GE100HI","comp_flag_DLY-PRCP-PCTALL-GE100HI","years_DLY-PRCP-PCTALL-GE100HI","DLY-PRCP-PCTALL-GE200HI","meas_flag_DLY-PRCP-PCTALL-GE200HI","comp_flag_DLY-PRCP-PCTALL-GE200HI","years_DLY-PRCP-PCTALL-GE200HI","DLY-PRCP-PCTALL-GE400HI","meas_flag_DLY-PRCP-PCTALL-GE400HI","comp_flag_DLY-PRCP-PCTALL-GE400HI","years_DLY-PRCP-PCTALL-GE400HI","DLY-PRCP-PCTALL-GE600HI","meas_flag_DLY-PRCP-PCTALL-GE600HI","comp_flag_DLY-PRCP-PCTALL-GE600HI","years_DLY-PRCP-PCTALL-GE600HI","DLY-PRCP-25PCTL","meas_flag_DLY-PRCP-25PCTL","comp_flag_DLY-PRCP-25PCTL","years_DLY-PRCP-25PCTL","DLY-PRCP-50PCTL","meas_flag_DLY-PRCP-50PCTL","comp_flag_DLY-PRCP-50PCTL","years_DLY-PRCP-50PCTL","DLY-PRCP-75PCTL","meas_flag_DLY-PRCP-75PCTL","comp_flag_DLY-PRCP-75PCTL","years_DLY-PRCP-75PCTL","MTD-PRCP-NORMAL","meas_flag_MTD-PRCP-NORMAL","comp_flag_MTD-PRCP-NORMAL","years_MTD-PRCP-NORMAL","YTD-PRCP-NORMAL","meas_flag_YTD-PRCP-NORMAL","comp_flag_YTD-PRCP-NORMAL","years_YTD-PRCP-NORMAL"
"USW00023159","01-01"," 37.7064","-112.1456","2312.2","BRYCE CANYON AP, UT US","01","01","99","    19.8"," ","R","20","    34.6"," ","R","20","     4.9"," ","R","20","    29.7"," ","R","20","     9.0"," ","R","20","     8.8"," ","R","20","    11.5"," ","R","20","     9.5"," ","R","20","    45.2"," ","R","20","    20.2"," ","R","20","    25.2"," ","R","20","    30.2"," ","R","20","    35.2"," ","R","20","    37.2"," ","R","20","    40.2"," ","R","20","     0.0"," ","R","20","     0.0","X","R","20","     0.0"," ","R","20","     0.0"," ","R","20","     0.0"," ","R","20","     0.0"," ","R","20","     0.0"," ","R","20","     0.0"," ","R","20","     0.0"," ","R","20","     0.0"," ","R","20","     0.0","X","R","20","     0.0"," ","R","20","     0.0"," ","R","20","     0.0"," ","R","20","     0.0"," ","R","20","     0.0"," ","R","20","     0.0"," ","R","20","     0.0"," ","R","20","     0.2"," ","R","20","     0.1"," ","R","20","    18.6"," ","P","20","     7.6"," ","P","20","     2.7"," ","P","20","     0.7"," ","P","20","     0.0"," ","P","20","     0.0"," ","P","20","     0.0"," ","P","20","     0.0"," ","P","20","    0.03"," ","P","20","    0.08"," ","P","20","    0.15"," ","P","20","    0.03"," ","R","19","    0.03"," ","R","19"
"USW00023159","01-02"," 37.7064","-112.1456","2312.2","BRYCE CANYON AP, UT US","01","02","99","    19.8"," ","R","20","    34.7"," ","R","20","     5.0"," ","R","20","    29.7"," ","R","20","     9.0"," ","R","20","     8.8"," ","R","20","    11.5"," ","R","20","     9.6"," ","R","20","    45.1"," ","R","20","    20.1"," ","R","20","    25.1"," ","R","20","    30.1"," ","R","20","    35.1"," ","R","20","    37.1"," ","R","20","    40.1"," ","R","20","     0.0"," ","R","20","     0.0","X","R","20","     0.0"," ","R","20","     0.0"," ","R","20","     0.0"," ","R","20","     0.0"," ","R","20","     0.0"," ","R","20","     0.0"," ","R","20","     0.0"," ","R","20","     0.0"," ","R","20","     0.0","X","R","20","     0.0"," ","R","20","     0.0"," ","R","20","     0.0"," ","R","20","     0.0"," ","R","20","     0.0"," ","R","20","     0.0"," ","R","20","     0.0"," ","R","20","     0.2"," ","R","20","     0.1"," ","R","20","    18.6"," ","P","20","     7.6"," ","P","20","     2.7"," ","P","20","     0.7"," ","P","20","     0.0"," ","P","20","     0.0"," ","P","20","     0.0"," ","P","20","     0.0"," ","P","20","    0.03"," ","P","20","    0.08"," ","P","20","    0.15"," ","P","20","    0.06"," ","R","19","    0.06"," ","R","19"
"USW00023159","01-03"," 37.7064","-112.1456","2312.2","BRYCE CANYON AP, UT US","01","03","99","    19.9"," ","R","20","    34.8"," ","R","20","     5.1"," ","R","20","    29.7"," ","R","20","     9.1"," ","R","20","     8.8"," ","R","20","    11.5"," ","R","20","     9.5"," ","R","20","    45.1"," ","R","20","    20.1"," ","R","20","    25.1"," ","R","20","    30.1"," ","R","20","    35.1"," ","R","20","    37.1"," ","R","20","    40.1"," ","R","20","     0.0"," ","R","20","     0.0","X","R","20","     0.0"," ","R","20","     0.0"," ","R","20","     0.0"," ","R","20","     0.0"," ","R","20","     0.0"," ","R","20","     0.0"," ","R","20","     0.0"," ","R","20","     0.0"," ","R","20","     0.0","X","R","20","     0.0"," ","R","20","     0.0"," ","R","20","     0.0"," ","R","20","     0.0"," ","R","20","     0.0"," ","R","20","     0.0"," ","R","20","     0.0"," ","R","20","     0.2"," ","R","20","     0.1"," ","R","20","    18.6"," ","P","20","     7.6"," ","P","20","     2.7"," ","P","20","     0.8"," ","P","20","     0.0"," ","P","20","     0.0"," ","P","20","     0.0"," ","P","20","     0.0"," ","P","20","    0.03"," ","P","20","    0.08"," ","P","20","    0.15"," ","P","20","    0.09"," ","R","19","    0.09"," ","R","19"
"USW00023159","01-04"," 37.7064","-112.1456","2312.2","BRYCE CANYON AP, UT US","01","04","99","    20.0"," ","R","20","    34.9"," ","R","20","     5.1"," ","R","20","    29.8"," ","R","20","     9.1"," ","R","20","     8.7"," ","R","20","    11.5"," ","R","20","     9.5"," ","R","20","    45.0"," ","R","20","    20.0"," ","R","20","    25.0"," ","R","20","    30.0"," ","R","20","    35.0"," ","R","20","    37.0"," ","R","20","    40.0"," ","R","20","     0.0"," ","R","20","     0.0","X","R","20","     0.0"," ","R","20","     0.0"," ","R","20","     0.0"," ","R","20","     0.0"," ","R","20","     0.0"," ","R","20","     0.0"," ","R","20","     0.0"," ","R","20","     0.0"," ","R","20","     0.0","X","R","20","     0.0"," ","R","20","     0.0"," ","R","20","     0.0"," ","R","20","     0.0"," ","R","20","     0.0"," ","R","20","     0.0"," ","R","20","     0.0"," ","R","20","     0.2"," ","R","20","     0.1"," ","R","20","    18.6"," ","P","20","     7.6"," ","P","20","     2.7"," ","P","20","     0.8"," ","P","20","     0.0"," ","P","20","     0.0"," ","P","20","     0.0"," ","P","20","     0.0"," ","P","20","    0.03"," ","P","20","    0.08"," ","P","20","    0.15"," ","P","20","    0.12"," ","R","19","    0.12"," ","R","19"
"USW00023159","01-05"," 37.7064","-112.1456","2312.2","BRYCE CANYON AP, UT US","01","05","99","    20.1"," ","R","20","    35.0"," ","R","20","     5.2"," ","R","20","    29.8"," ","R","20","     9.1"," ","R","20","     8.7"," ","R","20","    11.5"," ","R","20","     9.5"," ","R","20","    44.9"," ","R","20","    19.9"," ","R","20","    24.9"," ","R","20","    29.9"," ","R","20","    34.9"," ","R","20","    36.9"," ","R","20","    39.9"," ","R","20","     0.0"," ","R","20","     0.0","X","R","20","     0.0"," ","R","20","     0.0"," ","R","20","     0.0"," ","R","20","     0.0"," ","R","20","     0.0"," ","R","20","     0.0"," ","R","20","     0.0"," ","R","20","     0.0"," ","R","20","     0.0","X","R","20","     0.0"," ","R","20","     0.0"," ","R","20","     0.0"," ","R","20","     0.0"," ","R","20","     0.0"," ","R","20","     0.0"," ","R","20","     0.0"," ","R","20","     0.1"," ","R","20","     0.1"," ","R","20","    18.5"," ","P","20","     7.6"," ","P","20","     2.7"," ","P","20","     0.8"," ","P","20","     0.0"," ","P","20","     0.0"," ","P","20","     0.0"," ","P","20","     0.0"," ","P","20","    0.03"," ","P","20","    0.08"," ","P","20","    0.15"," ","P","20","    0.15"," ","R","19","    0.15"," ","R","19"
"USW00023159","01-06"," 37.7064","-112.1456","2312.2","BRYCE CANYON AP, UT US","01","06","99","    20.2"," ","R","20","    35.1"," ","R","20","     5.3"," ","R","20","    29.8"," ","R","20","     9.1"," ","R","20","     8.7"," ","R","20","    11.5"," ","R","20","     9.5"," ","R","20","    44.8"," ","R","20","    19.8"," ","R","20","    24.8"," ","R","20","    29.8"," ","R","20","    34.8"," ","R","20","    36.8"," ","R","20","    39.8"," ","R","20","     0.0"," ","R","20","     0.0","X","R","20","     0.0"," ","R","20","     0.0"," ","R","20","     0.0"," ","R","20","     0.0"," ","R","20","     0.0"," ","R","20","     0.0"," ","R","20","     0.0"," ","R","20","     0.0"," ","R","20","     0.0","X","R","20","     0.0"," ","R","20","     0.0"," ","R","20","     0.0"," ","R","20","     0.0"," ","R","20","     0.0"," ","R","20","     0.0"," ","R","20","     0.0"," ","R","20","     0.1"," ","R","20","     0.1"," ","R","20","    18.5"," ","P","20","     7.6"," ","P","20","     2.7"," ","P","20","     0.8"," ","P","20","     0.0"," ","P","20","     0.0"," ","P","20","     0.0"," ","P","20","     0.0"," ","P","20","    0.03"," ","P","20","    0.08"," ","P","20","    0.15"," ","P","20","    0.17"," ","R","19","    0.17"," ","R","19"
"USW00023159","01-07"," 37.7064","-112.1456","2312.2","BRYCE CANYON AP, UT US","01","07","99","    20.3"," ","R","20","    35.2"," ","R","20","     5.4"," ","R","20","    29.8"," ","R","20","     9.0"," ","R","20","     8.7"," ","R","20","    11.5"," ","R","20","     9.5"," ","R","20","    44.7"," ","R","20","    19.7"," ","R","20","    24.7"," ","R","20","    29.7"," ","R","20","    34.7"," ","R","20","    36.7"," ","R","20","    39.7"," ","R","20","     0.0"," ","R","20","     0.0","X","R","20","     0.0"," ","R","20","     0.0"," ","R","20","     0.0"," ","R","20","     0.0"," ","R","20","     0.0"," ","R","20","     0.0"," ","R","20","     0.0"," ","R","20","     0.0"," ","R","20","     0.0","X","R","20","     0.0"," ","R","20","     0.0"," ","R","20","     0.0"," ","R","20","     0.0"," ","R","20","     0.0"," ","R","20","     0.0"," ","R","20","     0.0"," ","R","20","     0.1"," ","R","20","     0.0","X","R","20","    18.4"," ","P","20","     7.6"," ","P","20","     2.7"," ","P","20","     0.8"," ","P","20","     0.0"," ","P","20","     0.0"," ","P","20","     0.0"," ","P","20","     0.0"," ","P","20","    0.03"," ","P","20","    0.08"," ","P","20","    0.15"," ","P","20","    0.19"," ","R","19","    0.19"," ","R","19"
"USW00023159","01-08"," 37.7064","-112.1456","2312.2","BRYCE CANYON AP, UT US","01","08","99","    20.4"," ","R","20","    35.3"," ","R","20","     5.5"," ","R","20","    29.8"," ","R","20","     9.0"," ","R","20","     8.6"," ","R","20","    11.5"," ","R","20","     9.5"," ","R","20","    44.6"," ","R","20","    19.6"," ","R","20","    24.6"," ","R","20","    29.6"," ","R","20","    34.6"," ","R","20","    36.6"," ","R","20","    39.6"," ","R","20","     0.0"," ","R","20","     0.0","X","R","20","     0.0"," ","R","20","     0.0"," ","R","20","     0.0"," ","R","20","     0.0"," ","R","20","     0.0"," ","R","20","     0.0"," ","R","20","     0.0"," ","R","20","     0.0"," ","R","20","     0.0","X","R","20","     0.0"," ","R","20","     0.0"," ","R","20","     0.0"," ","R","20","     0.0"," ","R","20","     0.0"," ","R","20","     0.0"," ","R","20","     0.0"," ","R","20","     0.1"," ","R","20","     0.0","X","R","20","    18.3"," ","P","20","     7.5"," ","P","20","     2.7"," ","P","20","     0.8"," ","P","20","     0.0"," ","P","20","     0.0"," ","P","20","     0.0"," ","P","20","     0.0"," ","P","20","    0.03"," ","P","20","    0.07"," ","P","20","    0.15"," ","P","20","    0.21"," ","R","19","    0.21"," ","R","19"
"USW00023159","01-09"," 37.7064","-112.1456","2312.2","BRYCE CANYON AP, UT US","01","09","99","    20.5"," ","R","20","    35.4"," ","R","20","     5.6"," ","R","20","    29.8"," ","R","20","     9.0"," ","R","20","     8.6"," ","R","20","    11.5"," ","R","20","     9.4"," ","R","20","    44.5"," ","R","20","    19.5"," ","R","20","    24.5"," ","R","20","    29.5"," ","R","20","    34.5"," ","R","20","    36.5"," ","R","20","    39.5"," ","R","20","     0.0"," ","R","20","     0.0","X","R","20","     0.0"," ","R","20","     0.0"," ","R","20","     0.0"," ","R","20","     0.0"," ","R","20","     0.0"," ","R","20","     0.0"," ","R","20","     0.0"," ","R","20","     0.0"," ","R","20","     0.0","X","R","20","     0.0"," ","R","20","     0.0"," ","R","20","     0.0"," ","R","20","     0.0"," ","R","20","     0.0"," ","R","20","     0.0"," ","R","20","     0.0"," ","R","20","     0.1"," ","R","20","     0.0","X","R","20","    18.2"," ","P","20","     7.5"," ","P","20","     2.7"," ","P","20","     0.8"," ","P","20","     0.0"," ","P","20","     0.0"," ","P","20","     0.0"," ","P","20","     0.0"," ","P","20","    0.03"," ","P","20","    0.07"," ","P","20","    0.15"," ","P","20","    0.23"," ","R","19","    0.23"," ","R","19"
"USW00023159","01-10"," 37.7064","-112.1456","2312.2","BRYCE CANYON AP, UT US","01","10","99","    20.6"," ","R","20","    35.5"," ","R","20","     5.7"," ","R","20","    29.8"," ","R","20","     9.0"," ","R","20","     8.5"," ","R","20","    11.5"," ","R","20","     9.4"," ","R","20","    44.4"," ","R","20","    19.4"," ","R","20","    24.4"," ","R","20","    29.4"," ","R","20","    34.4"," ","R","20","    36.4"," ","R","20","    39.4"," ","R","20","     0.0"," ","R","20","     0.0","X","R","20","     0.0"," ","R","20","     0.0"," ","R","20","     0.0"," ","R","20","     0.0"," ","R","20","     0.0"," ","R","20","     0.0"," ","R","20","     0.0"," ","R","20","     0.0"," ","R","20","     0.0","X","R","20","     0.0"," ","R","20","     0.0"," ","R","20","     0.0"," ","R","20","     0.0"," ","R","20","     0.0"," ","R","20","     0.0"," ","R","20","     0.0"," ","R","20","     0.1"," ","R","20","     0.0","X","R","20","    18.1"," ","P","20","     7.4"," ","P","20","     2.7"," ","P","20","     0.8"," ","P","20","     0.0"," ","P","20","     0.0"," ","P","20","     0.0"," ","P","20","     0.0"," ","P","20","    0.03"," ","P","20","    0.07"," ","P","20","    0.14"," ","P","20","    0.26"," ","R","19","    0.26"," ","R","19"
"USW00023159","01-11"," 37.7064","-112.1456","2312.2","BRYCE CANYON AP, UT US","01","11","99","    20.7"," ","R","20","    35.6"," ","R","20","     5.8"," ","R","20","    29.8"," ","R","20","     9.0"," ","R","20","     8.5"," ","R","20","    11.5"," ","R","20","     9.4"," ","R","20","    44.3"," ","R","20","    19.4"," ","R","20","    24.3"," ","R","20","    29.3"," ","R","20","    34.3"," ","R","20","    36.3"," ","R","20","    39.3"," ","R","20","     0.0"," ","R","20","     0.0","X","R","20","     0.0"," ","R","20","     0.0"," ","R","20","     0.0"," ","R","20","     0.0"," ","R","20","     0.0"," ","R","20","     0.0"," ","R","20","     0.0"," ","R","20","     0.0"," ","R","20","     0.0","X","R","20","     0.0"," ","R","20","     0.0"," ","R","20","     0.0"," ","R","20","     0.0"," ","R","20","     0.0"," ","R","20","     0.0"," ","R","20","     0.0"," ","R","20","     0.1"," ","R","20","     0.0","X","R","20","    18.0"," ","P","20","     7.3"," ","P","20","     2.7"," ","P","20","     0.8"," ","P","20","     0.0"," ","P","20","     0.0"," ","P","20","     0.0"," ","P","20","     0.0"," ","P","20","    0.03"," ","P","20","    0.07"," ","P","20","    0.14"," ","P","20","    0.28"," ","R","19","    0.28"," ","R","19"
"USW00023159","01-12"," 37.7064","-112.1456","2312.2","BRYCE CANYON AP, UT US","01","12","99","    20.7"," ","R","20","    35.6"," ","R","20","     5.8"," ","R","20","    29.8"," ","R","20","     9.0"," ","R","20","     8.5"," ","R","20","    11.5"," ","R","20","     9.3"," ","R","20","    44.3"," ","R","20","    19.3"," ","R","20","    24.3"," ","R","20","    29.3"," ","R","20","    34.3"," ","R","20","    36.3"," ","R","20","    39.3"," ","R","20","     0.0"," ","R","20","     0.0","X","R","20","     0.0"," ","R","20","     0.0"," ","R","20","     0.0"," ","R","20","     0.0"," ","R","20","     0.0"," ","R","20","     0.0"," ","R","20","     0.0"," ","R","20","     0.0"," ","R","20","     0.0","X","R","20","     0.0"," ","R","20","     0.0"," ","R","20","     0.0"," ","R","20","     0.0"," ","R","20","     0.0"," ","R","20","     0.0"," ","R","20","     0.0"," ","R","20","     0.1"," ","R","20","     0.0","X","R","20","    17.8"," ","P","20","     7.2"," ","P","20","     2.7"," ","P","20","     0.8"," ","P","20","     0.0"," ","P","20","     0.0"," ","P","20","     0.0"," ","P","20","     0.0"," ","P","20","    0.03"," ","P","20","    0.07"," ","P","20","    0.14"," ","P","20","    0.30"," ","R","19","    0.30"," ","R","19"
"USW00023159","01-13"," 37.7064","-112.1456","2312.2","BRYCE CANYON AP, UT US","01","13","99","    20.8"," ","R","20","    35.7"," ","R","20","     5.9"," ","R","20","    29.8"," ","R","20","     8.9"," ","R","20","     8.4"," ","R","20","    11.5"," ","R","20","     9.3"," ","R","20","    44.2"," ","R","20","    19.2"," ","R","20","    24.2"," ","R","20","    29.2"," ","R","20","    34.2"," ","R","20","    36.2"," ","R","20","    39.2"," ","R","20","     0.0"," ","R","20","     0.0","X","R","20","     0.0"," ","R","20","     0.0"," ","R","20","     0.0"," ","R","20","     0.0"," ","R","20","     0.0"," ","R","20","     0.0"," ","R","20","     0.0"," ","R","20","     0.0"," ","R","20","     0.0","X","R","20","     0.0"," ","R","20","     0.0"," ","R","20","     0.0"," ","R","20","     0.0"," ","R","20","     0.0"," ","R","20","     0.0"," ","R","20","     0.0"," ","R","20","     0.0","X","R","20","     0.0","X","R","20","    17.6"," ","P","20","     7.1"," ","P","20","     2.6"," ","P","20","     0.8"," ","P","20","     0.0"," ","P","20","     0.0"," ","P","20","     0.0"," ","P","20","     0.0"," ","P","20","    0.03"," ","P","20","    0.07"," ","P","20","    0.14"," ","P","20","    0.32"," ","R","19","    0.32"," ","R","19"
"USW00023159","01-14"," 37.7064","-112.1456","2312.2","BRYCE CANYON AP, UT US","01","14","99","    20.9"," ","R","20","    35.8"," ","R","20","     6.0"," ","R","20","    29.8"," ","R","20","     8.9"," ","R","20","     8.4"," ","R","20","    11.4"," ","R","20","     9.2"," ","R","20","    44.1"," ","R","20","    19.1"," ","R","20","    24.1"," ","R","20","    29.1"," ","R","20","    34.1"," ","R","20","    36.1"," ","R","20","    39.1"," ","R","20","     0.0"," ","R","20","     0.0","X","R","20","     0.0"," ","R","20","     0.0"," ","R","20","     0.0"," ","R","20","     0.0"," ","R","20","     0.0"," ","R","20","     0.0"," ","R","20","     0.0"," ","R","20","     0.0"," ","R","20","     0.0","X","R","20","     0.0"," ","R","20","     0.0"," ","R","20","     0.0"," ","R","20","     0.0"," ","R","20","     0.0"," ","R","20","     0.0"," ","R","20","     0.0"," ","R","20","     0.0","X","R","20","     0.0","X","R","20","    17.5"," ","P","20","     7.0"," ","P","20","     2.6"," ","P","20","     0.8"," ","P","20","     0.0"," ","P","20","     0.0"," ","P","20","     0.0"," ","P","20","     0.0"," ","P","20","    0.03"," ","P","20","    0.07"," ","P","20","    0.14"," ","P","20","    0.35"," ","R","19","    0.35"," ","R","19"
"USW00023159","01-15"," 37.7064","-112.1456","2312.2","BRYCE CANYON AP, UT US","01","15","99","    21.0"," ","R","20","    35.8"," ","R","20","     6.1"," ","R","20","    29.8"," ","R","20","     8.9"," ","R","20","     8.3"," ","R","20","    11.4"," ","R","20","     9.2"," ","R","20","    44.0"," ","R","20","    19.1"," ","R","20","    24.1"," ","R","20","    29.0"," ","R","20","    34.0"," ","R","20","    36.0"," ","R","20","    39.0"," ","R","20","     0.0"," ","R","20","     0.0","X","R","20","     0.0"," ","R","20","     0.0"," ","R","20","     0.0"," ","R","20","     0.0"," ","R","20","     0.0"," ","R","20","     0.0"," ","R","20","     0.0"," ","R","20","     0.0"," ","R","20","     0.0","X","R","20","     0.0"," ","R","20","     0.0"," ","R","20","     0.0"," ","R","20","     0.0"," ","R","20","     0.0"," ","R","20","     0.0"," ","R","20","     0.0"," ","R","20","     0.0","X","R","20","     0.0","X","R","20","    17.4"," ","P","20","     6.9"," ","P","20","     2.5"," ","P","20","     0.8"," ","P","20","     0.0"," ","P","20","     0.0"," ","P","20","     0.0"," ","P","20","     0.0"," ","P","20","    0.03"," ","P","20","    0.07"," ","P","20","    0.14"," ","P","20","    0.37"," ","R","19","    0.37"," ","R","19"
"USW00023159","01-16"," 37.7064","-112.1456","2312.2","BRYCE CANYON AP, UT US","01","16","99","    21.0"," ","R","20","    35.9"," ","R","20","     6.2"," ","R","20","    29.7"," ","R","20","     8.9"," ","R","20","     8.3"," ","R","20","    11.4"," ","R","20","     9.1"," ","R","20","    44.0"," ","R","20","    19.0"," ","R","20","    24.0"," ","R","20","    29.0"," ","R","20","    34.0"," ","R","20","    36.0"," ","R","20","    39.0"," ","R","20","     0.0"," ","R","20","     0.0","X","R","20","     0.0"," ","R","20","     0.0"," ","R","20","     0.0"," ","R","20","     0.0"," ","R","20","     0.0"," ","R","20","     0.0"," ","R","20","     0.0"," ","R","20","     0.0"," ","R","20","     0.0","X","R","20","     0.0"," ","R","20","     0.0"," ","R","20","     0.0"," ","R","20","     0.0"," ","R","20","     0.0"," ","R","20","     0.0"," ","R","20","     0.0"," ","R","20","     0.0","X","R","20","     0.0","X","R","20","    17.4"," ","P","20","     6.9"," ","P","20","     2.5"," ","P","20","     0.8"," ","P","20","     0.0"," ","P","20","     0.0"," ","P","20","     0.0"," ","P","20","     0.0"," ","P","20","    0.03"," ","P","20","    0.07"," ","P","20","    0.14"," ","P","20","    0.39"," ","R","19","    0.39"," ","R","19"
"USW00023159","01-17"," 37.7064","-112.1456","2312.2","BRYCE CANYON AP, UT US","01","17","99","    21.1"," ","R","20","    35.9"," ","R","20","     6.2"," ","R","20","    29.7"," ","R","20","     8.9"," ","R","20","     8.3"," ","R","20","    11.4"," ","R","20","     9.1"," ","R","20","    43.9"," ","R","20","    18.9"," ","R","20","    23.9"," ","R","20","    28.9"," ","R","20","    33.9"," ","R","20","    35.9"," ","R","20","    38.9"," ","R","20","     0.0"," ","R","20","     0.0","X","R","20","     0.0"," ","R","20","     0.0"," ","R","20","     0.0"," ","R","20","     0.0"," ","R","20","     0.0"," ","R","20","     0.0"," ","R","20","     0.0"," ","R","20","     0.0"," ","R","20","     0.0","X","R","20","     0.0"," ","R","20","     0.0"," ","R","20","     0.0"," ","R","20","     0.0"," ","R","20","     0.0"," ","R","20","     0.0"," ","R","20","     0.0"," ","R","20","     0.0","X","R","20","     0.0","X","R","20","    17.4"," ","P","20","     6.8"," ","P","20","     2.5"," ","P","20","     0.8"," ","P","20","     0.0"," ","P","20","     0.0"," ","P","20","     0.0"," ","P","20","     0.0"," ","P","20","    0.03"," ","P","20","    0.07"," ","P","20","    0.14"," ","P","20","    0.42"," ","R","19","    0.42"," ","R","19"
"USW00023159","01-18"," 37.7064","-112.1456","2312.2","BRYCE CANYON AP, UT US","01","18","99","    21.1"," ","R","20","    36.0"," ","R","20","     6.3"," ","R","20","    29.7"," ","R","20","     8.9"," ","R","20","     8.3"," ","R","20","    11.4"," ","R","20","     9.1"," ","R","20","    43.9"," ","R","20","    18.9"," ","R","20","    23.9"," ","R","20","    28.9"," ","R","20","    33.9"," ","R","20","    35.9"," ","R","20","    38.9"," ","R","20","     0.0"," ","R","20","     0.0","X","R","20","     0.0"," ","R","20","     0.0"," ","R","20","     0.0"," ","R","20","     0.0"," ","R","20","     0.0"," ","R","20","     0.0"," ","R","20","     0.0"," ","R","20","     0.0"," ","R","20","     0.0","X","R","20","     0.0"," ","R","20","     0.0"," ","R","20","     0.0"," ","R","20","     0.0"," ","R","20","     0.0"," ","R","20","     0.0"," ","R","20","     0.0"," ","R","20","     0.0","X","R","20","     0.0","X","R","20","    17.4"," ","P","20","     6.8"," ","P","20","     2.4"," ","P","20","     0.8"," ","P","20","     0.0"," ","P","20","     0.0"," ","P","20","     0.0"," ","P","20","     0.0"," ","P","20","    0.03"," ","P","20","    0.07"," ","P","20","    0.14"," ","P","20","    0.44"," ","R","19","    0.44"," ","R","19"
"USW00023159","01-19"," 37.7064","-112.1456","2312.2","BRYCE CANYON AP, UT US","01","19","99","    21.2"," ","R","20","    36.0"," ","R","20","     6.4"," ","R","20","    29.7"," ","R","20","     8.9"," ","R","20","     8.3"," ","R","20","    11.4"," ","R","20","     9.0"," ","R","20","    43.8"," ","R","20","    18.8"," ","R","20","    23.8"," ","R","20","    28.8"," ","R","20","    33.8"," ","R","20","    35.8"," ","R","20","    38.8"," ","R","20","     0.0"," ","R","20","     0.0","X","R","20","     0.0"," ","R","20","     0.0"," ","R","20","     0.0"," ","R","20","     0.0"," ","R","20","     0.0"," ","R","20","     0.0"," ","R","20","     0.0"," ","R","20","     0.0"," ","R","20","     0.0","X","R","20","     0.0"," ","R","20","     0.0"," ","R","20","     0.0"," ","R","20","     0.0"," ","R","20","     0.0"," ","R","20","     0.0"," ","R","20","     0.0"," ","R","20","     0.1"," ","R","20","     0.0","X","R","20","    17.5"," ","P","20","     6.7"," ","P","20","     2.4"," ","P","20","     0.8"," ","P","20","     0.0"," ","P","20","     0.0"," ","P","20","     0.0"," ","P","20","     0.0"," ","P","20","    0.03"," ","P","20","    0.06"," ","P","20","    0.13"," ","P","20","    0.46"," ","R","19","    0.46"," ","R","19"
"USW00023159","01-20"," 37.7064","-112.1456","2312.2","BRYCE CANYON AP, UT US","01","20","99","    21.2"," ","R","20","    36.1"," ","R","20","     6.4"," ","R","20","    29.6"," ","R","20","     8.9"," ","R","20","     8.3"," ","R","20","    11.4"," ","R","20","     9.0"," ","R","20","    43.8"," ","R","20","    18.8"," ","R","20","    23.8"," ","R","20","    28.8"," ","R","20","    33.8"," ","R","20","    35.8"," ","R","20","    38.8"," ","R","20","     0.0"," ","R","20","     0.0","X","R","20","     0.0"," ","R","20","     0.0"," ","R","20","     0.0"," ","R","20","     0.0"," ","R","20","     0.0"," ","R","20","     0.0"," ","R","20","     0.0"," ","R","20","     0.0"," ","R","20","     0.0","X","R","20","     0.0"," ","R","20","     0.0"," ","R","20","     0.0"," ","R","20","     0.0"," ","R","20","     0.0"," ","R","20","     0.0"," ","R","20","     0.0"," ","R","20","     0.1"," ","R","20","     0.0","X","R","20","    17.6"," ","P","20","     6.7"," ","P","20","     2.3"," ","P","20","     0.8"," ","P","20","     0.0"," ","P","20","     0.0"," ","P","20","     0.0"," ","P","20","     0.0"," ","P","20","    0.03"," ","P","20","    0.06"," ","P","20","    0.13"," ","P","20","    0.49"," ","R","19","    0.49"," ","R","19"
"USW00023159","01-21"," 37.7064","-112.1456","2312.2","BRYCE CANYON AP, UT US","01","21","99","    21.3"," ","R","20","    36.1"," ","R","20","     6.5"," ","R","20","    29.6"," ","R","20","     8.9"," ","R","20","     8.3"," ","R","20","    11.4"," ","R","20","     8.9"," ","R","20","    43.7"," ","R","20","    18.7"," ","R","20","    23.7"," ","R","20","    28.7"," ","R","20","    33.7"," ","R","20","    35.7"," ","R","20","    38.7"," ","R","20","     0.0"," ","R","20","     0.0","X","R","20","     0.0"," ","R","20","     0.0"," ","R","20","     0.0"," ","R","20","     0.0"," ","R","20","     0.0"," ","R","20","     0.0"," ","R","20","     0.0"," ","R","20","     0.0"," ","R","20","     0.0","X","R","20","     0.0"," ","R","20","     0.0"," ","R","20","     0.0"," ","R","20","     0.0"," ","R","20","     0.0"," ","R","20","     0.0"," ","R","20","     0.0"," ","R","20","     0.1"," ","R","20","     0.0","X","R","20","    17.7"," ","P","20","     6.7"," ","P","20","     2.3"," ","P","20","     0.8"," ","P","20","     0.0"," ","P","20","     0.0"," ","P","20","     0.0"," ","P","20","     0.0"," ","P","20","    0.03"," ","P","20","    0.06"," ","P","20","    0.13"," ","P","20","    0.51"," ","R","19","    0.51"," ","R","19"
"USW00023159","01-22"," 37.7064","-112.1456","2312.2","BRYCE CANYON AP, UT US","01","22","99","    21.3"," ","R","20","    36.1"," ","R","20","     6.6"," ","R","20","    29.5"," ","R","20","     9.0"," ","R","20","     8.3"," ","R","20","    11.4"," ","R","20","     8.9"," ","R","20","    43.7"," ","R","20","    18.7"," ","R","20","    23.7"," ","R","20","    28.7"," ","R","20","    33.7"," ","R","20","    35.7"," ","R","20","    38.7"," ","R","20","     0.0"," ","R","20","     0.0","X","R","20","     0.0"," ","R","20","     0.0"," ","R","20","     0.0"," ","R","20","     0.0"," ","R","20","     0.0"," ","R","20","     0.0"," ","R","20","     0.0"," ","R","20","     0.0"," ","R","20","     0.0","X","R","20","     0.0"," ","R","20","     0.0"," ","R","20","     0.0"," ","R","20","     0.0"," ","R","20","     0.0"," ","R","20","     0.0"," ","R","20","     0.0"," ","R","20","     0.1"," ","R","20","     0.0","X","R","20","    17.8"," ","P","20","     6.7"," ","P","20","     2.3"," ","P","20","     0.8"," ","P","20","     0.0"," ","P","20","     0.0"," ","P","20","     0.0"," ","P","20","     0.0"," ","P","20","    0.03"," ","P","20","    0.06"," ","P","20","    0.13"," ","P","20","    0.53"," ","R","19","    0.53"," ","R","19"
"USW00023159","01-23"," 37.7064","-112.1456","2312.2","BRYCE CANYON AP, UT US","01","23","99","    21.4"," ","R","20","    36.1"," ","R","20","     6.6"," ","R","20","    29.5"," ","R","20","     9.0"," ","R","20","     8.4"," ","R","20","    11.4"," ","R","20","     8.9"," ","R","20","    43.6"," ","R","20","    18.6"," ","R","20","    23.6"," ","R","20","    28.6"," ","R","20","    33.6"," ","R","20","    35.6"," ","R","20","    38.6"," ","R","20","     0.0"," ","R","20","     0.0","X","R","20","     0.0"," ","R","20","     0.0"," ","R","20","     0.0"," ","R","20","     0.0"," ","R","20","     0.0"," ","R","20","     0.0"," ","R","20","     0.0"," ","R","20","     0.0"," ","R","20","     0.0","X","R","20","     0.0"," ","R","20","     0.0"," ","R","20","     0.0"," ","R","20","     0.0"," ","R","20","     0.0"," ","R","20","     0.0"," ","R","20","     0.0"," ","R","20","     0.1"," ","R","20","     0.0","X","R","20","    18.0"," ","P","20","     6.7"," ","P","20","     2.2"," ","P","20","     0.8"," ","P","20","     0.0"," ","P","20","     0.0"," ","P","20","     0.0"," ","P","20","     0.0"," ","P","20","    0.03"," ","P","20","    0.06"," ","P","20","    0.13"," ","P","20","    0.55"," ","R","19","    0.55"," ","R","19"
"USW00023159","01-24"," 37.7064","-112.1456","2312.2","BRYCE CANYON AP, UT US","01","24","99","    21.4"," ","R","20","    36.1"," ","R","20","     6.7"," ","R","20","    29.4"," ","R","20","     9.0"," ","R","20","     8.4"," ","R","20","    11.4"," ","R","20","     8.8"," ","R","20","    43.6"," ","R","20","    18.6"," ","R","20","    23.6"," ","R","20","    28.6"," ","R","20","    33.6"," ","R","20","    35.6"," ","R","20","    38.6"," ","R","20","     0.0"," ","R","20","     0.0","X","R","20","     0.0"," ","R","20","     0.0"," ","R","20","     0.0"," ","R","20","     0.0"," ","R","20","     0.0"," ","R","20","     0.0"," ","R","20","     0.0"," ","R","20","     0.0"," ","R","20","     0.0","X","R","20","     0.0"," ","R","20","     0.0"," ","R","20","     0.0"," ","R","20","     0.0"," ","R","20","     0.0"," ","R","20","     0.0"," ","R","20","     0.0"," ","R","20","     0.1"," ","R","20","     0.1"," ","R","20","    18.1"," ","P","20","     6.7"," ","P","20","     2.2"," ","P","20","     0.8"," ","P","20","     0.0"," ","P","20","     0.0"," ","P","20","     0.0"," ","P","20","     0.0"," ","P","20","    0.03"," ","P","20","    0.06"," ","P","20","    0.13"," ","P","20","    0.57"," ","R","19","    0.57"," ","R","19"
"USW00023159","01-25"," 37.7064","-112.1456","2312.2","BRYCE CANYON AP, UT US","01","25","99","    21.5"," ","R","20","    36.2"," ","R","20","     6.8"," ","R","20","    29.4"," ","R","20","     9.0"," ","R","20","     8.4"," ","R","20","    11.4"," ","R","20","     8.8"," ","R","20","    43.5"," ","R","20","    18.6"," ","R","20","    23.5"," ","R","20","    28.5"," ","R","20","    33.5"," ","R","20","    35.5"," ","R","20","    38.5"," ","R","20","     0.0"," ","R","20","     0.0","X","R","20","     0.0"," ","R","20","     0.0"," ","R","20","     0.0"," ","R","20","     0.0"," ","R","20","     0.0"," ","R","20","     0.0"," ","R","20","     0.0"," ","R","20","     0.0"," ","R","20","     0.0","X","R","20","     0.0"," ","R","20","     0.0"," ","R","20","     0.0"," ","R","20","     0.0"," ","R","20","     0.0"," ","R","20","     0.0"," ","R","20","     0.0"," ","R","20","     0.1"," ","R","20","     0.1"," ","R","20","    18.3"," ","P","20","     6.7"," ","P","20","     2.2"," ","P","20","     0.8"," ","P","20","     0.0"," ","P","20","     0.0"," ","P","20","     0.0"," ","P","20","     0.0"," ","P","20","    0.03"," ","P","20","    0.06"," ","P","20","    0.13"," ","P","20","    0.59"," ","R","19","    0.59"," ","R","19"
"USW00023159","01-26"," 37.7064","-112.1456","2312.2","BRYCE CANYON AP, UT US","01","26","99","    21.5"," ","R","20","    36.2"," ","R","20","     6.8"," ","R","20","    29.3"," ","R","20","     9.0"," ","R","20","     8.4"," ","R","20","    11.4"," ","R","20","     8.8"," ","R","20","    43.5"," ","R","20","    18.5"," ","R","20","    23.5"," ","R","20","    28.5"," ","R","20","    33.5"," ","R","20","    35.5"," ","R","20","    38.5"," ","R","20","     0.0"," ","R","20","     0.0","X","R","20","     0.0"," ","R","20","     0.0"," ","R","20","     0.0"," ","R","20","     0.0"," ","R","20","     0.0"," ","R","20","     0.0"," ","R","20","     0.0"," ","R","20","     0.0"," ","R","20","     0.0","X","R","20","     0.0"," ","R","20","     0.0"," ","R","20","     0.0"," ","R","20","     0.0"," ","R","20","     0.0"," ","R","20","     0.0"," ","R","20","     0.0"," ","R","20","     0.1"," ","R","20","     0.1"," ","R","20","    18.5"," ","P","20","     6.8"," ","P","20","     2.2"," ","P","20","     0.8"," ","P","20","     0.0"," ","P","20","     0.0"," ","P","20","     0.0"," ","P","20","     0.0"," ","P","20","    0.03"," ","P","20","    0.06"," ","P","20","    0.13"," ","P","20","    0.60"," ","R","19","    0.60"," ","R","19"
"USW00023159","01-27"," 37.7064","-112.1456","2312.2","BRYCE CANYON AP, UT US","01","27","99","    21.5"," ","R","20","    36.2"," ","R","20","     6.9"," ","R","20","    29.3"," ","R","20","     9.0"," ","R","20","     8.4"," ","R","20","    11.4"," ","R","20","     8.8"," ","R","20","    43.5"," ","R","20","    18.5"," ","R","20","    23.5"," ","R","20","    28.5"," ","R","20","    33.5"," ","R","20","    35.5"," ","R","20","    38.5"," ","R","20","     0.0"," ","R","20","     0.0","X","R","20","     0.0"," ","R","20","     0.0"," ","R","20","     0.0"," ","R","20","     0.0"," ","R","20","     0.0"," ","R","20","     0.0"," ","R","20","     0.0"," ","R","20","     0.0"," ","R","20","     0.0","X","R","20","     0.0"," ","R","20","     0.0"," ","R","20","     0.0"," ","R","20","     0.0"," ","R","20","     0.0"," ","R","20","     0.0"," ","R","20","     0.0"," ","R","20","     0.1"," ","R","20","     0.1"," ","R","20","    18.8"," ","P","20","     6.8"," ","P","20","     2.2"," ","P","20","     0.8"," ","P","20","     0.0"," ","P","20","     0.0"," ","P","20","     0.0"," ","P","20","     0.0"," ","P","20","    0.03"," ","P","20","    0.06"," ","P","20","    0.13"," ","P","20","    0.62"," ","R","19","    0.62"," ","R","19"
"USW00023159","01-28"," 37.7064","-112.1456","2312.2","BRYCE CANYON AP, UT US","01","28","99","    21.6"," ","R","20","    36.2"," ","R","20","     7.0"," ","R","20","    29.2"," ","R","20","     9.0"," ","R","20","     8.5"," ","R","20","    11.4"," ","R","20","     8.8"," ","R","20","    43.4"," ","R","20","    18.4"," ","R","20","    23.4"," ","R","20","    28.4"," ","R","20","    33.4"," ","R","20","    35.4"," ","R","20","    38.4"," ","R","20","     0.0"," ","R","20","     0.0","X","R","20","     0.0"," ","R","20","     0.0"," ","R","20","     0.0"," ","R","20","     0.0"," ","R","20","     0.0"," ","R","20","     0.0"," ","R","20","     0.0"," ","R","20","     0.0"," ","R","20","     0.0","X","R","20","     0.0"," ","R","20","     0.0"," ","R","20","     0.0"," ","R","20","     0.0"," ","R","20","     0.0"," ","R","20","     0.0"," ","R","20","     0.0"," ","R","20","     0.1"," ","R","20","     0.1"," ","R","20","    18.9"," ","P","20","     6.8"," ","P","20","     2.1"," ","P","20","     0.7"," ","P","20","     0.0"," ","P","20","     0.0"," ","P","20","     0.0"," ","P","20","     0.0"," ","P","20","    0.03"," ","P","20","    0.05"," ","P","20","    0.13"," ","P","20","    0.64"," ","R","19","    0.64"," ","R","19"
"USW00023159","01-29"," 37.7064","-112.1456","2312.2","BRYCE CANYON AP, UT US","01","29","99","    21.6"," ","R","20","    36.2"," ","R","20","     7.0"," ","R","20","    29.2"," ","R","20","     9.1"," ","R","20","     8.5"," ","R","20","    11.5"," ","R","20","     8.8"," ","R","20","    43.4"," ","R","20","    18.4"," ","R","20","    23.4"," ","R","20","    28.4"," ","R","20","    33.4"," ","R","20","    35.4"," ","R","20","    38.4"," ","R","20","     0.0"," ","R","20","     0.0","X","R","20","     0.0"," ","R","20","     0.0"," ","R","20","     0.0"," ","R","20","     0.0"," ","R","20","     0.0"," ","R","20","     0.0"," ","R","20","     0.0"," ","R","20","     0.0"," ","R","20","     0.0","X","R","20","     0.0"," ","R","20","     0.0"," ","R","20","     0.0"," ","R","20","     0.0"," ","R","20","     0.0"," ","R","20","     0.0"," ","R","20","     0.0"," ","R","20","     0.2"," ","R","20","     0.1"," ","R","20","    19.1"," ","P","20","     6.8"," ","P","20","     2.1"," ","P","20","     0.7"," ","P","20","     0.0"," ","P","20","     0.0"," ","P","20","     0.0"," ","P","20","     0.0"," ","P","20","    0.03"," ","P","20","    0.05"," ","P","20","    0.13"," ","P","20","    0.65"," ","R","19","    0.65"," ","R","19"
"USW00023159","01-30"," 37.7064","-112.1456","2312.2","BRYCE CANYON AP, UT US","01","30","99","    21.7"," ","R","20","    36.2"," ","R","20","     7.1"," ","R","20","    29.1"," ","R","20","     9.1"," ","R","20","     8.5"," ","R","20","    11.5"," ","R","20","     8.8"," ","R","20","    43.3"," ","R","20","    18.3"," ","R","20","    23.3"," ","R","20","    28.3"," ","R","20","    33.3"," ","R","20","    35.3"," ","R","20","    38.3"," ","R","20","     0.0"," ","R","20","     0.0","X","R","20","     0.0"," ","R","20","     0.0"," ","R","20","     0.0"," ","R","20","     0.0"," ","R","20","     0.0"," ","R","20","     0.0"," ","R","20","     0.0"," ","R","20","     0.0"," ","R","20","     0.0","X","R","20","     0.0"," ","R","20","     0.0"," ","R","20","     0.0"," ","R","20","     0.0"," ","R","20","     0.0"," ","R","20","     0.0"," ","R","20","     0.0"," ","R","20","     0.2"," ","R","20","     0.1"," ","R","20","    19.3"," ","P","20","     6.9"," ","P","20","     2.1"," ","P","20","     0.7"," ","P","20","     0.0"," ","P","20","     0.0"," ","P","20","     0.0"," ","P","20","     0.0"," ","P","20","    0.03"," ","P","20","    0.05"," ","P","20","    0.13"," ","P","20","    0.67"," ","R","19","    0.67"," ","R","19"
"USW00023159","01-31"," 37.7064","-112.1456","2312.2","BRYCE CANYON AP, UT US","01","31","99","    21.7"," ","R","20","    36.2"," ","R","20","     7.2"," ","R","20","    29.0"," ","R","20","     9.1"," ","R","20","     8.5"," ","R","20","    11.5"," ","R","20","     8.9"," ","R","20","    43.3"," ","R","20","    18.3"," ","R","20","    23.3"," ","R","20","    28.3"," ","R","20","    33.3"," ","R","20","    35.3"," ","R","20","    38.3"," ","R","20","     0.0"," ","R","20","     0.0","X","R","20","     0.0"," ","R","20","     0.0"," ","R","20","     0.0"," ","R","20","     0.0"," ","R","20","     0.0"," ","R","20","     0.0"," ","R","20","     0.0"," ","R","20","     0.0"," ","R","20","     0.0","X","R","20","     0.0"," ","R","20","     0.0"," ","R","20","     0.0"," ","R","20","     0.0"," ","R","20","     0.0"," ","R","20","     0.0"," ","R","20","     0.0"," ","R","20","     0.2"," ","R","20","     0.1"," ","R","20","    19.5"," ","P","20","     6.9"," ","P","20","     2.1"," ","P","20","     0.7"," ","P","20","     0.0"," ","P","20","     0.0"," ","P","20","     0.0"," ","P","20","     0.0"," ","P","20","    0.02"," ","P","20","    0.05"," ","P","20","    0.13"," ","P","20","    0.69"," ","R","19","    0.69"," ","R","19"
"USW00023159","02-01"," 37.7064","-112.1456","2312.2","BRYCE CANYON AP, UT US","02","01","99","    21.8"," ","R","20","    36.3"," ","R","20","     7.3"," ","R","20","    28.9"," ","R","20","     9.1"," ","R","20","     8.5"," ","R","20","    11.5"," ","R","20","     8.9"," ","R","20","    43.2"," ","R","20","    18.2"," ","R","20","    23.2"," ","R","20","    28.2"," ","R","20","    33.2"," ","R","20","    35.2"," ","R","20","    38.2"," ","R","20","     0.0"," ","R","20","     0.0","X","R","20","     0.0"," ","R","20","     0.0"," ","R","20","     0.0"," ","R","20","     0.0"," ","R","20","     0.0"," ","R","20","     0.0"," ","R","20","     0.0"," ","R","20","     0.0"," ","R","20","     0.0","X","R","20","     0.0"," ","R","20","     0.0"," ","R","20","     0.0"," ","R","20","     0.0"," ","R","20","     0.0"," ","R","20","     0.0"," ","R","20","     0.0"," ","R","20","     0.2"," ","R","20","     0.1"," ","R","20","    19.6"," ","P","20","     7.0"," ","P","20","     2.1"," ","P","20","     0.7"," ","P","20","     0.0"," ","P","20","     0.0"," ","P","20","     0.0"," ","P","20","     0.0"," ","P","20","    0.02"," ","P","20","    0.05"," ","P","20","    0.13"," ","P","20","    0.02"," ","R","16","    0.71"," ","R","16"
"USW00023159","02-02"," 37.7064","-112.1456","2312.2","BRYCE CANYON AP, UT US","02","02","99","    21.8"," ","R","20","    36.3"," ","R","20","     7.4"," ","R","20","    28.9"," ","R","20","     9.1"," ","R","20","     8.6"," ","R","20","    11.5"," ","R","20","     8.9"," ","R","20","    43.2"," ","R","20","    18.2"," ","R","20","    23.2"," ","R","20","    28.2"," ","R","20","    33.2"," ","R","20","    35.2"," ","R","20","    38.2"," ","R","20","     0.0"," ","R","20","     0.0","X","R","20","     0.0"," ","R","20","     0.0"," ","R","20","     0.0"," ","R","20","     0.0"," ","R","20","     0.0"," ","R","20","     0.0"," ","R","20","     0.0"," ","R","20","     0.0"," ","R","20","     0.0","X","R","20","     0.0"," ","R","20","     0.0"," ","R","20","     0.0"," ","R","20","     0.0"," ","R","20","     0.0"," ","R","20","     0.0"," ","R","20","     0.0"," ","R","20","     0.2"," ","R","20","     0.1"," ","R","20","    19.9"," ","P","20","     7.0"," ","P","20","     2.1"," ","P","20","     0.7"," ","P","20","     0.0"," ","P","20","     0.0"," ","P","20","     0.0"," ","P","20","     0.0"," ","P","20","    0.02"," ","P","20","    0.05"," ","P","20","    0.13"," ","P","20","    0.03"," ","R","16","    0.72"," ","R","16"
"USW00023159","02-03"," 37.7064","-112.1456","2312.2","BRYCE CANYON AP, UT US","02","03","99","    21.9"," ","R","20","    36.3"," ","R","20","     7.5"," ","R","20","    28.8"," ","R","20","     9.1"," ","R","20","     8.6"," ","R","20","    11.5"," ","R","20","     8.9"," ","R","20","    43.1"," ","R","20","    18.1"," ","R","20","    23.1"," ","R","20","    28.1"," ","R","20","    33.1"," ","R","20","    35.1"," ","R","20","    38.1"," ","R","20","     0.0"," ","R","20","     0.0","X","R","20","     0.0"," ","R","20","     0.0"," ","R","20","     0.0"," ","R","20","     0.0"," ","R","20","     0.0"," ","R","20","     0.0"," ","R","20","     0.0"," ","R","20","     0.0"," ","R","20","     0.0","X","R","20","     0.0"," ","R","20","     0.0"," ","R","20","     0.0"," ","R","20","     0.0"," ","R","20","     0.0"," ","R","20","     0.0"," ","R","20","     0.0"," ","R","20","     0.2"," ","R","20","     0.1"," ","R","20","    20.1"," ","P","20","     7.1"," ","P","20","     2.1"," ","P","20","     0.6"," ","P","20","     0.0"," ","P","20","     0.0"," ","P","20","     0.0"," ","P","20","     0.0"," ","P","20","    0.02"," ","P","20","    0.05"," ","P","20","    0.13"," ","P","20","    0.05"," ","R","16","    0.74"," ","R","16"
"USW00023159","02-04"," 37.7064","-112.1456","2312.2","BRYCE CANYON AP, UT US","02","04","99","    22.0"," ","R","20","    36.3"," ","R","20","     7.6"," ","R","20","    28.7"," ","R","20","     9.1"," ","R","20","     8.6"," ","R","20","    11.5"," ","R","20","     8.9"," ","R","20","    43.0"," ","R","20","    18.0"," ","R","20","    23.0"," ","R","20","    28.0"," ","R","20","    33.0"," ","R","20","    35.0"," ","R","20","    38.0"," ","R","20","     0.0"," ","R","20","     0.0","X","R","20","     0.0"," ","R","20","     0.0"," ","R","20","     0.0"," ","R","20","     0.0"," ","R","20","     0.0"," ","R","20","     0.0"," ","R","20","     0.0"," ","R","20","     0.0"," ","R","20","     0.0","X","R","20","     0.0"," ","R","20","     0.0"," ","R","20","     0.0"," ","R","20","     0.0"," ","R","20","     0.0"," ","R","20","     0.0"," ","R","20","     0.0"," ","R","20","     0.2"," ","R","20","     0.1"," ","R","20","    20.3"," ","P","20","     7.2"," ","P","20","     2.1"," ","P","20","     0.6"," ","P","20","     0.0"," ","P","20","     0.0"," ","P","20","     0.0"," ","P","20","     0.0"," ","P","20","    0.02"," ","P","20","    0.05"," ","P","20","    0.13"," ","P","20","    0.07"," ","R","16","    0.76"," ","R","16"
"USW00023159","02-05"," 37.7064","-112.1456","2312.2","BRYCE CANYON AP, UT US","02","05","99","    22.1"," ","R","20","    36.4"," ","R","20","     7.7"," ","R","20","    28.6"," ","R","20","     9.1"," ","R","20","     8.6"," ","R","20","    11.6"," ","R","20","     9.0"," ","R","20","    42.9"," ","R","20","    18.0"," ","R","20","    22.9"," ","R","20","    27.9"," ","R","20","    32.9"," ","R","20","    34.9"," ","R","20","    37.9"," ","R","20","     0.0"," ","R","20","     0.0","X","R","20","     0.0"," ","R","20","     0.0"," ","R","20","     0.0"," ","R","20","     0.0"," ","R","20","     0.0"," ","R","20","     0.0"," ","R","20","     0.0"," ","R","20","     0.0"," ","R","20","     0.0","X","R","20","     0.0"," ","R","20","     0.0"," ","R","20","     0.0"," ","R","20","     0.0"," ","R","20","     0.0"," ","R","20","     0.0"," ","R","20","     0.0"," ","R","20","     0.2"," ","R","20","     0.1"," ","R","20","    20.6"," ","P","20","     7.3"," ","P","20","     2.1"," ","P","20","     0.6"," ","P","20","     0.0"," ","P","20","     0.0"," ","P","20","     0.0"," ","P","20","     0.0"," ","P","20","    0.02"," ","P","20","    0.05"," ","P","20","    0.13"," ","P","20","    0.09"," ","R","16","    0.78"," ","R","16"
"USW00023159","02-06"," 37.7064","-112.1456","2312.2","BRYCE CANYON AP, UT US","02","06","99","    22.1"," ","R","20","    36.4"," ","R","20","     7.9"," ","R","20","    28.6"," ","R","20","     9.1"," ","R","20","     8.6"," ","R","20","    11.6"," ","R","20","     9.0"," ","R","20","    42.9"," ","R","20","    17.9"," ","R","20","    22.8"," ","R","20","    27.8"," ","R","20","    32.8"," ","R","20","    34.8"," ","R","20","    37.9"," ","R","20","     0.0"," ","R","20","     0.0","X","R","20","     0.0"," ","R","20","     0.0"," ","R","20","     0.0"," ","R","20","     0.0"," ","R","20","     0.0"," ","R","20","     0.0"," ","R","20","     0.0"," ","R","20","     0.0"," ","R","20","     0.0","X","R","20","     0.0"," ","R","20","     0.0"," ","R","20","     0.0"," ","R","20","     0.0"," ","R","20","     0.0"," ","R","20","     0.0"," ","R","20","     0.0"," ","R","20","     0.2"," ","R","20","     0.1"," ","R","20","    20.8"," ","P","20","     7.3"," ","P","20","     2.1"," ","P","20","     0.6"," ","P","20","     0.0"," ","P","20","     0.0"," ","P","20","     0.0"," ","P","20","     0.0"," ","P","20","    0.02"," ","P","20","    0.05"," ","P","20","    0.13"," ","P","20","    0.11"," ","R","16","    0.80"," ","R","16"
"USW00023159","02-07"," 37.7064","-112.1456","2312.2","BRYCE CANYON AP, UT US","02","07","99","    22.2"," ","R","20","    36.5"," ","R","20","     8.0"," ","R","20","    28.5"," ","R","20","     9.1"," ","R","20","     8.6"," ","R","20","    11.6"," ","R","20","     9.0"," ","R","20","    42.8"," ","R","20","    17.8"," ","R","20","    22.7"," ","R","20","    27.8"," ","R","20","    32.8"," ","R","20","    34.8"," ","R","20","    37.8"," ","R","20","     0.0"," ","R","20","     0.0","X","R","20","     0.0"," ","R","20","     0.0"," ","R","20","     0.0"," ","R","20","     0.0"," ","R","20","     0.0"," ","R","20","     0.0"," ","R","20","     0.0"," ","R","20","     0.0"," ","R","20","     0.0","X","R","20","     0.0"," ","R","20","     0.0"," ","R","20","     0.0"," ","R","20","     0.0"," ","R","20","     0.0"," ","R","20","     0.0"," ","R","20","     0.0"," ","R","20","     0.2"," ","R","20","     0.1"," ","R","20","    21.1"," ","P","20","     7.4"," ","P","20","     2.1"," ","P","20","     0.6"," ","P","20","     0.0"," ","P","20","     0.0"," ","P","20","     0.0"," ","P","20","     0.0"," ","P","20","    0.02"," ","P","20","    0.05"," ","P","20","    0.13"," ","P","20","    0.13"," ","R","16","    0.82"," ","R","16"
"USW00023159","02-08"," 37.7064","-112.1456","2312.2","BRYCE CANYON AP, UT US","02","08","99","    22.4"," ","R","20","    36.5"," ","R","20","     8.2"," ","R","20","    28.4"," ","R","20","     9.1"," ","R","20","     8.6"," ","R","20","    11.6"," ","R","20","     9.1"," ","R","20","    42.6"," ","R","20","    17.7"," ","R","20","    22.6"," ","R","20","    27.6"," ","R","20","    32.6"," ","R","20","    34.6"," ","R","20","    37.6"," ","R","20","     0.0"," ","R","20","     0.0","X","R","20","     0.0"," ","R","20","     0.0"," ","R","20","     0.0"," ","R","20","     0.0"," ","R","20","     0.0"," ","R","20","     0.0"," ","R","20","     0.0"," ","R","20","     0.0"," ","R","20","     0.0","X","R","20","     0.0"," ","R","20","     0.0"," ","R","20","     0.0"," ","R","20","     0.0"," ","R","20","     0.0"," ","R","20","     0.0"," ","R","20","     0.0"," ","R","20","     0.2"," ","R","20","     0.1"," ","R","20","    21.5"," ","P","20","     7.6"," ","P","20","     2.1"," ","P","20","     0.6"," ","P","20","     0.0"," ","P","20","     0.0"," ","P","20","     0.0"," ","P","20","     0.0"," ","P","20","    0.02"," ","P","20","    0.05"," ","P","20","    0.13"," ","P","20","    0.16"," ","R","16","    0.85"," ","R","16"
"USW00023159","02-09"," 37.7064","-112.1456","2312.2","BRYCE CANYON AP, UT US","02","09","99","    22.5"," ","R","20","    36.6"," ","R","20","     8.3"," ","R","20","    28.3"," ","R","20","     9.1"," ","R","20","     8.6"," ","R","20","    11.6"," ","R","20","     9.1"," ","R","20","    42.5"," ","R","20","    17.5"," ","R","20","    22.5"," ","R","20","    27.5"," ","R","20","    32.5"," ","R","20","    34.5"," ","R","20","    37.5"," ","R","20","     0.0"," ","R","20","     0.0","X","R","20","     0.0"," ","R","20","     0.0"," ","R","20","     0.0"," ","R","20","     0.0"," ","R","20","     0.0"," ","R","20","     0.0"," ","R","20","     0.0"," ","R","20","     0.0"," ","R","20","     0.0","X","R","20","     0.0"," ","R","20","     0.0"," ","R","20","     0.0"," ","R","20","     0.0"," ","R","20","     0.0"," ","R","20","     0.0"," ","R","20","     0.0"," ","R","20","     0.2"," ","R","20","     0.1"," ","R","20","    21.8"," ","P","20","     7.7"," ","P","20","     2.1"," ","P","20","     0.6"," ","P","20","     0.0"," ","P","20","     0.0"," ","P","20","     0.0"," ","P","20","     0.0"," ","P","20","    0.02"," ","P","20","    0.05"," ","P","20","    0.13"," ","P","20","    0.18"," ","R","16","    0.87"," ","R","16"
"USW00023159","02-10"," 37.7064","-112.1456","2312.2","BRYCE CANYON AP, UT US","02","10","99","    22.6"," ","R","20","    36.7"," ","R","20","     8.5"," ","R","20","    28.2"," ","R","20","     9.1"," ","R","20","     8.6"," ","R","20","    11.6"," ","R","20","     9.1"," ","R","20","    42.4"," ","R","20","    17.4"," ","R","20","    22.4"," ","R","20","    27.4"," ","R","20","    32.4"," ","R","20","    34.4"," ","R","20","    37.4"," ","R","20","     0.0"," ","R","20","     0.0","X","R","20","     0.0"," ","R","20","     0.0"," ","R","20","     0.0"," ","R","20","     0.0"," ","R","20","     0.0"," ","R","20","     0.0"," ","R","20","     0.0"," ","R","20","     0.0"," ","R","20","     0.0","X","R","20","     0.0"," ","R","20","     0.0"," ","R","20","     0.0"," ","R","20","     0.0"," ","R","20","     0.0"," ","R","20","     0.0"," ","R","20","     0.0"," ","R","20","     0.2"," ","R","20","     0.1"," ","R","20","    22.2"," ","P","20","     7.9"," ","P","20","     2.2"," ","P","20","     0.6"," ","P","20","     0.0"," ","P","20","     0.0"," ","P","20","     0.0"," ","P","20","     0.0"," ","P","20","    0.02"," ","P","20","    0.05"," ","P","20","    0.13"," ","P","20","    0.21"," ","R","16","    0.90"," ","R","16"
"USW00023159","02-11"," 37.7064","-112.1456","2312.2","BRYCE CANYON AP, UT US","02","11","99","    22.7"," ","R","20","    36.8"," ","R","20","     8.7"," ","R","20","    28.1"," ","R","20","     9.1"," ","R","20","     8.6"," ","R","20","    11.5"," ","R","20","     9.1"," ","R","20","    42.3"," ","R","20","    17.3"," ","R","20","    22.3"," ","R","20","    27.3"," ","R","20","    32.3"," ","R","20","    34.3"," ","R","20","    37.3"," ","R","20","     0.0"," ","R","20","     0.0","X","R","20","     0.0"," ","R","20","     0.0"," ","R","20","     0.0"," ","R","20","     0.0"," ","R","20","     0.0"," ","R","20","     0.0"," ","R","20","     0.0"," ","R","20","     0.0"," ","R","20","     0.0","X","R","20","     0.0"," ","R","20","     0.0"," ","R","20","     0.0"," ","R","20","     0.0"," ","R","20","     0.0"," ","R","20","     0.0"," ","R","20","     0.0"," ","R","20","     0.2"," ","R","20","     0.1"," ","R","20","    22.6"," ","P","20","     8.1"," ","P","20","     2.2"," ","P","20","     0.6"," ","P","20","     0.0"," ","P","20","     0.0"," ","P","20","     0.0"," ","P","20","     0.0"," ","P","20","    0.02"," ","P","20","    0.05"," ","P","20","    0.13"," ","P","20","    0.23"," ","R","16","    0.92"," ","R","16"
"USW00023159","02-12"," 37.7064","-112.1456","2312.2","BRYCE CANYON AP, UT US","02","12","99","    22.9"," ","R","20","    36.9"," ","R","20","     8.9"," ","R","20","    28.1"," ","R","20","     9.1"," ","R","20","     8.6"," ","R","20","    11.5"," ","R","20","     9.1"," ","R","20","    42.1"," ","R","20","    17.1"," ","R","20","    22.1"," ","R","20","    27.1"," ","R","20","    32.1"," ","R","20","    34.1"," ","R","20","    37.1"," ","R","20","     0.0"," ","R","20","     0.0","X","R","20","     0.0"," ","R","20","     0.0"," ","R","20","     0.0"," ","R","20","     0.0"," ","R","20","     0.0"," ","R","20","     0.0"," ","R","20","     0.0"," ","R","20","     0.0"," ","R","20","     0.0","X","R","20","     0.0"," ","R","20","     0.0"," ","R","20","     0.0"," ","R","20","     0.0"," ","R","20","     0.0"," ","R","20","     0.0"," ","R","20","     0.0"," ","R","20","     0.2"," ","R","20","     0.1"," ","R","20","    23.0"," ","P","20","     8.3"," ","P","20","     2.3"," ","P","20","     0.6"," ","P","20","     0.0"," ","P","20","     0.0"," ","P","20","     0.0"," ","P","20","     0.0"," ","P","20","    0.02"," ","P","20","    0.05"," ","P","20","    0.13"," ","P","20","    0.25"," ","R","16","    0.94"," ","R","16"
"USW00023159","02-13"," 37.7064","-112.1456","2312.2","BRYCE CANYON AP, UT US","02","13","99","    23.0"," ","R","20","    37.0"," ","R","20","     9.1"," ","R","20","    28.0"," ","R","20","     9.0"," ","R","20","     8.5"," ","R","20","    11.5"," ","R","20","     9.1"," ","R","20","    42.0"," ","R","20","    17.0"," ","R","20","    21.9"," ","R","20","    27.0"," ","R","20","    32.0"," ","R","20","    34.0"," ","R","20","    37.0"," ","R","20","     0.0"," ","R","20","     0.0","X","R","20","     0.0"," ","R","20","     0.0"," ","R","20","     0.0"," ","R","20","     0.0"," ","R","20","     0.0"," ","R","20","     0.0"," ","R","20","     0.0"," ","R","20","     0.0"," ","R","20","     0.0","X","R","20","     0.0"," ","R","20","     0.0"," ","R","20","     0.0"," ","R","20","     0.0"," ","R","20","     0.0"," ","R","20","     0.0"," ","R","20","     0.0"," ","R","20","     0.2"," ","R","20","     0.1"," ","R","20","    23.3"," ","P","20","     8.5"," ","P","20","     2.3"," ","P","20","     0.6"," ","P","20","     0.0"," ","P","20","     0.0"," ","P","20","     0.0"," ","P","20","     0.0"," ","P","20","    0.02"," ","P","20","    0.05"," ","P","20","    0.13"," ","P","20","    0.28"," ","R","16","    0.97"," ","R","16"
"USW00023159","02-14"," 37.7064","-112.1456","2312.2","BRYCE CANYON AP, UT US","02","14","99","    23.2"," ","R","20","    37.2"," ","R","20","     9.3"," ","R","20","    27.9"," ","R","20","     9.0"," ","R","20","     8.5"," ","R","20","    11.5"," ","R","20","     9.1"," ","R","20","    41.8"," ","R","20","    16.8"," ","R","20","    21.8"," ","R","20","    26.8"," ","R","20","    31.8"," ","R","20","    33.8"," ","R","20","    36.8"," ","R","20","     0.0"," ","R","20","     0.0","X","R","20","     0.0"," ","R","20","     0.0"," ","R","20","     0.0"," ","R","20","     0.0"," ","R","20","     0.0"," ","R","20","     0.0"," ","R","20","     0.0"," ","R","20","     0.0"," ","R","20","     0.0","X","R","20","     0.0"," ","R","20","     0.0"," ","R","20","     0.0"," ","R","20","     0.0"," ","R","20","     0.0"," ","R","20","     0.0"," ","R","20","     0.0"," ","R","20","     0.2"," ","R","20","     0.1"," ","R","20","    23.6"," ","P","20","     8.7"," ","P","20","     2.4"," ","P","20","     0.6"," ","P","20","     0.0"," ","P","20","     0.0"," ","P","20","     0.0"," ","P","20","     0.0"," ","P","20","    0.02"," ","P","20","    0.05"," ","P","20","    0.13"," ","P","20","    0.31"," ","R","16","    1.00"," ","R","16"
"USW00023159","02-15"," 37.7064","-112.1456","2312.2","BRYCE CANYON AP, UT US","02","15","99","    23.4"," ","R","20","    37.3"," ","R","20","     9.5"," ","R","20","    27.8"," ","R","20","     9.0"," ","R","20","     8.5"," ","R","20","    11.4"," ","R","20","     9.1"," ","R","20","    41.6"," ","R","20","    16.6"," ","R","20","    21.6"," ","R","20","    26.6"," ","R","20","    31.6"," ","R","20","    33.6"," ","R","20","    36.6"," ","R","20","     0.0"," ","R","20","     0.0","X","R","20","     0.0"," ","R","20","     0.0"," ","R","20","     0.0"," ","R","20","     0.0"," ","R","20","     0.0"," ","R","20","     0.0"," ","R","20","     0.0"," ","R","20","     0.0"," ","R","20","     0.0","X","R","20","     0.0"," ","R","20","     0.0"," ","R","20","     0.0"," ","R","20","     0.0"," ","R","20","     0.0"," ","R","20","     0.0"," ","R","20","     0.0"," ","R","20","     0.2"," ","R","20","     0.1"," ","R","20","    23.8"," ","P","20","     8.8"," ","P","20","     2.4"," ","P","20","     0.6"," ","P","20","     0.0"," ","P","20","     0.0"," ","P","20","     0.0"," ","P","20","     0.0"," ","P","20","    0.02"," ","P","20","    0.05"," ","P","20","    0.14"," ","P","20","    0.34"," ","R","16","    1.03"," ","R","16"
"USW00023159","02-16"," 37.7064","-112.1456","2312.2","BRYCE CANYON AP, UT US","02","16","99","    23.6"," ","R","20","    37.5"," ","R","20","     9.7"," ","R","20","    27.7"," ","R","20","     8.9"," ","R","20","     8.4"," ","R","20","    11.4"," ","R","20","     9.1"," ","R","20","    41.4"," ","R","20","    16.4"," ","R","20","    21.4"," ","R","20","    26.4"," ","R","20","    31.4"," ","R","20","    33.4"," ","R","20","    36.4"," ","R","20","     0.0"," ","R","20","     0.0","X","R","20","     0.0"," ","R","20","     0.0"," ","R","20","     0.0"," ","R","20","     0.0"," ","R","20","     0.0"," ","R","20","     0.0"," ","R","20","     0.0"," ","R","20","     0.0"," ","R","20","     0.0","X","R","20","     0.0"," ","R","20","     0.0"," ","R","20","     0.0"," ","R","20","     0.0"," ","R","20","     0.0"," ","R","20","     0.0"," ","R","20","     0.0"," ","R","20","     0.2"," ","R","20","     0.1"," ","R","20","    24.0"," ","P","20","     9.0"," ","P","20","     2.5"," ","P","20","     0.6"," ","P","20","     0.0"," ","P","20","     0.0"," ","P","20","     0.0"," ","P","20","     0.0"," ","P","20","    0.02"," ","P","20","    0.05"," ","P","20","    0.14"," ","P","20","    0.37"," ","R","16","    1.06"," ","R","16"
"USW00023159","02-17"," 37.7064","-112.1456","2312.2","BRYCE CANYON AP, UT US","02","17","99","    23.8"," ","R","20","    37.6"," ","R","20","    10.0"," ","R","20","    27.7"," ","R","20","     8.8"," ","R","20","     8.4"," ","R","20","    11.3"," ","R","20","     9.1"," ","R","20","    41.2"," ","R","20","    16.2"," ","R","20","    21.2"," ","R","20","    26.2"," ","R","20","    31.2"," ","R","20","    33.2"," ","R","20","    36.2"," ","R","20","     0.0"," ","R","20","     0.0","X","R","20","     0.0"," ","R","20","     0.0"," ","R","20","     0.0"," ","R","20","     0.0"," ","R","20","     0.0"," ","R","20","     0.0"," ","R","20","     0.0"," ","R","20","     0.0"," ","R","20","     0.0","X","R","20","     0.0"," ","R","20","     0.0"," ","R","20","     0.0"," ","R","20","     0.0"," ","R","20","     0.0"," ","R","20","     0.0"," ","R","20","     0.0"," ","R","20","     0.2"," ","R","20","     0.1"," ","R","20","    24.2"," ","P","20","     9.1"," ","P","20","     2.5"," ","P","20","     0.6"," ","P","20","     0.0"," ","P","20","     0.0"," ","P","20","     0.0"," ","P","20","     0.0"," ","P","20","    0.02"," ","P","20","    0.05"," ","P","20","    0.14"," ","P","20","    0.40"," ","R","16","    1.09"," ","R","16"
"USW00023159","02-18"," 37.7064","-112.1456","2312.2","BRYCE CANYON AP, UT US","02","18","99","    24.0"," ","R","20","    37.8"," ","R","20","    10.2"," ","R","20","    27.6"," ","R","20","     8.8"," ","R","20","     8.3"," ","R","20","    11.2"," ","R","20","     9.1"," ","R","20","    41.0"," ","R","20","    16.0"," ","R","20","    21.0"," ","R","20","    26.0"," ","R","20","    31.0"," ","R","20","    33.0"," ","R","20","    36.0"," ","R","20","     0.0"," ","R","20","     0.0","X","R","20","     0.0","X","R","20","     0.0"," ","R","20","     0.0"," ","R","20","     0.0"," ","R","20","     0.0"," ","R","20","     0.0"," ","R","20","     0.0"," ","R","20","     0.0"," ","R","20","     0.0","X","R","20","     0.0","X","R","20","     0.0"," ","R","20","     0.0"," ","R","20","     0.0"," ","R","20","     0.0"," ","R","20","     0.0"," ","R","20","     0.0"," ","R","20","     0.2"," ","R","20","     0.1"," ","R","20","    24.4"," ","P","20","     9.2"," ","P","20","     2.6"," ","P","20","     0.6"," ","P","20","     0.0"," ","P","20","     0.0"," ","P","20","     0.0"," ","P","20","     0.0"," ","P","20","    0.02"," ","P","20","    0.05"," ","P","20","    0.14"," ","P","20","    0.42"," ","R","16","    1.11"," ","R","16"
"USW00023159","02-19"," 37.7064","-112.1456","2312.2","BRYCE CANYON AP, UT US","02","19","99","    24.2"," ","R","20","    38.0"," ","R","20","    10.5"," ","R","20","    27.5"," ","R","20","     8.7"," ","R","20","     8.3"," ","R","20","    11.1"," ","R","20","     9.2"," ","R","20","    40.8"," ","R","20","    15.8"," ","R","20","    20.8"," ","R","20","    25.8"," ","R","20","    30.8"," ","R","20","    32.8"," ","R","20","    35.8"," ","R","20","     0.0"," ","R","20","     0.0","X","R","20","     0.0","X","R","20","     0.0"," ","R","20","     0.0"," ","R","20","     0.0"," ","R","20","     0.0"," ","R","20","     0.0"," ","R","20","     0.0"," ","R","20","     0.0"," ","R","20","     0.0","X","R","20","     0.0","X","R","20","     0.0"," ","R","20","     0.0"," ","R","20","     0.0"," ","R","20","     0.0"," ","R","20","     0.0"," ","R","20","     0.0"," ","R","20","     0.3"," ","R","20","     0.2"," ","R","20","    24.6"," ","P","20","     9.4"," ","P","20","     2.6"," ","P","20","     0.6"," ","P","20","     0.0"," ","P","20","     0.0"," ","P","20","     0.0"," ","P","20","     0.0"," ","P","20","    0.02"," ","P","20","    0.06"," ","P","20","    0.14"," ","P","20","    0.45"," ","R","16","    1.14"," ","R","16"
"USW00023159","02-20"," 37.7064","-112.1456","2312.2","BRYCE CANYON AP, UT US","02","20","99","    24.5"," ","R","20","    38.2"," ","R","20","    10.8"," ","R","20","    27.4"," ","R","20","     8.6"," ","R","20","     8.2"," ","R","20","    11.0"," ","R","20","     9.1"," ","R","20","    40.5"," ","R","20","    15.5"," ","R","20","    20.5"," ","R","20","    25.5"," ","R","20","    30.5"," ","R","20","    32.5"," ","R","20","    35.5"," ","R","20","     0.0"," ","R","20","     0.0","X","R","20","     0.0","X","R","20","     0.0"," ","R","20","     0.0"," ","R","20","     0.0"," ","R","20","     0.0"," ","R","20","     0.0"," ","R","20","     0.0"," ","R","20","     0.0"," ","R","20","     0.0","X","R","20","     0.0","X","R","20","     0.0"," ","R","20","     0.0"," ","R","20","     0.0"," ","R","20","     0.0"," ","R","20","     0.0"," ","R","20","     0.0"," ","R","20","     0.3"," ","R","20","     0.2"," ","R","20","    24.8"," ","P","20","     9.5"," ","P","20","     2.7"," ","P","20","     0.6"," ","P","20","     0.0"," ","P","20","     0.0"," ","P","20","     0.0"," ","P","20","     0.0"," ","P","20","    0.02"," ","P","20","    0.06"," ","P","20","    0.14"," ","P","20","    0.49"," ","R","16","    1.18"," ","R","16"
"USW00023159","02-21"," 37.7064","-112.1456","2312.2","BRYCE CANYON AP, UT US","02","21","99","    24.7"," ","R","20","    38.4"," ","R","20","    11.0"," ","R","20","    27.4"," ","R","20","     8.5"," ","R","20","     8.2"," ","R","20","    11.0"," ","R","20","     9.1"," ","R","20","    40.3"," ","R","20","    15.3"," ","R","20","    20.3"," ","R","20","    25.3"," ","R","20","    30.3"," ","R","20","    32.3"," ","R","20","    35.3"," ","R","20","     0.0"," ","R","20","     0.0","X","R","20","     0.0","X","R","20","     0.0"," ","R","20","     0.0"," ","R","20","     0.0"," ","R","20","     0.0"," ","R","20","     0.0"," ","R","20","     0.0"," ","R","20","     0.0"," ","R","20","     0.0","X","R","20","     0.0","X","R","20","     0.0"," ","R","20","     0.0"," ","R","20","     0.0"," ","R","20","     0.0"," ","R","20","     0.0"," ","R","20","     0.0"," ","R","20","     0.3"," ","R","20","     0.2"," ","R","20","    24.9"," ","P","20","     9.6"," ","P","20","     2.7"," ","P","20","     0.6"," ","P","20","     0.0"," ","P","20","     0.0"," ","P","20","     0.0"," ","P","20","     0.0"," ","P","20","    0.02"," ","P","20","    0.06"," ","P","20","    0.15"," ","P","20","    0.52"," ","R","16","    1.21"," ","R","16"
"USW00023159","02-22"," 37.7064","-112.1456","2312.2","BRYCE CANYON AP, UT US","02","22","99","    25.0"," ","R","20","    38.6"," ","R","20","    11.3"," ","R","20","    27.3"," ","R","20","     8.5"," ","R","20","     8.2"," ","R","20","    10.9"," ","R","20","     9.1"," ","R","20","    40.0"," ","R","20","    15.1"," ","R","20","    20.0"," ","R","20","    25.0"," ","R","20","    30.0"," ","R","20","    32.0"," ","R","20","    35.0"," ","R","20","     0.0"," ","R","20","     0.0","X","R","20","     0.0","X","R","20","     0.0"," ","R","20","     0.0"," ","R","20","     0.0"," ","R","20","     0.0"," ","R","20","     0.0"," ","R","20","     0.0"," ","R","20","     0.0"," ","R","20","     0.0","X","R","20","     0.0","X","R","20","     0.0"," ","R","20","     0.0"," ","R","20","     0.0"," ","R","20","     0.0"," ","R","20","     0.0"," ","R","20","     0.0"," ","R","20","     0.3"," ","R","20","     0.2"," ","R","20","    25.0"," ","P","20","     9.8"," ","P","20","     2.8"," ","P","20","     0.6"," ","P","20","     0.0"," ","P","20","     0.0"," ","P","20","     0.0"," ","P","20","     0.0"," ","P","20","    0.02"," ","P","20","    0.06"," ","P","20","    0.15"," ","P","20","    0.55"," ","R","16","    1.24"," ","R","16"
"USW00023159","02-23"," 37.7064","-112.1456","2312.2","BRYCE CANYON AP, UT US","02","23","99","    25.2"," ","R","20","    38.9"," ","R","20","    11.6"," ","R","20","    27.3"," ","R","20","     8.4"," ","R","20","     8.2"," ","R","20","    10.8"," ","R","20","     9.1"," ","R","20","    39.8"," ","R","20","    14.8"," ","R","20","    19.7"," ","R","20","    24.8"," ","R","20","    29.8"," ","R","20","    31.8"," ","R","20","    34.8"," ","R","20","     0.0"," ","R","20","     0.1"," ","R","20","     0.0","X","R","20","     0.0"," ","R","20","     0.0"," ","R","20","     0.0"," ","R","20","     0.0"," ","R","20","     0.0"," ","R","20","     0.0"," ","R","20","     0.0"," ","R","20","     0.1"," ","R","20","     0.0","X","R","20","     0.0"," ","R","20","     0.0"," ","R","20","     0.0"," ","R","20","     0.0"," ","R","20","     0.0"," ","R","20","     0.0"," ","R","20","     0.3"," ","R","20","     0.2"," ","R","20","    25.1"," ","P","20","     9.8"," ","P","20","     2.8"," ","P","20","     0.6"," ","P","20","     0.0"," ","P","20","     0.0"," ","P","20","     0.0"," ","P","20","     0.0"," ","P","20","    0.02"," ","P","20","    0.06"," ","P","20","    0.15"," ","P","20","    0.59"," ","R","16","    1.28"," ","R","16"
"USW00023159","02-24"," 37.7064","-112.1456","2312.2","BRYCE CANYON AP, UT US","02","24","99","    25.5"," ","R","20","    39.1"," ","R","20","    11.9"," ","R","20","    27.2"," ","R","20","     8.4"," ","R","20","     8.2"," ","R","20","    10.7"," ","R","20","     9.0"," ","R","20","    39.5"," ","R","20","    14.5"," ","R","20","    19.5"," ","R","20","    24.5"," ","R","20","    29.5"," ","R","20","    31.5"," ","R","20","    34.5"," ","R","20","     0.0"," ","R","20","     0.1"," ","R","20","     0.0","X","R","20","     0.0"," ","R","20","     0.0"," ","R","20","     0.0"," ","R","20","     0.0"," ","R","20","     0.0"," ","R","20","     0.0"," ","R","20","     0.0"," ","R","20","     0.1"," ","R","20","     0.0","X","R","20","     0.0"," ","R","20","     0.0"," ","R","20","     0.0"," ","R","20","     0.0"," ","R","20","     0.0"," ","R","20","     0.0"," ","R","20","     0.3"," ","R","20","     0.2"," ","R","20","    25.2"," ","P","20","     9.9"," ","P","20","     2.8"," ","P","20","     0.6"," ","P","20","     0.0"," ","P","20","     0.0"," ","P","20","     0.0"," ","P","20","     0.0"," ","P","20","    0.02"," ","P","20","    0.06"," ","P","20","    0.15"," ","P","20","    0.62"," ","R","16","    1.31"," ","R","16"
"USW00023159","02-25"," 37.7064","-112.1456","2312.2","BRYCE CANYON AP, UT US","02","25","99","    25.8"," ","R","20","    39.4"," ","R","20","    12.2"," ","R","20","    27.2"," ","R","20","     8.3"," ","R","20","     8.2"," ","R","20","    10.5"," ","R","20","     9.0"," ","R","20","    39.2"," ","R","20","    14.3"," ","R","20","    19.2"," ","R","20","    24.2"," ","R","20","    29.2"," ","R","20","    31.2"," ","R","20","    34.2"," ","R","20","     0.0"," ","R","20","     0.1"," ","R","20","     0.0","X","R","20","     0.0"," ","R","20","     0.0"," ","R","20","     0.0"," ","R","20","     0.0"," ","R","20","     0.0"," ","R","20","     0.0"," ","R","20","     0.0"," ","R","20","     0.1"," ","R","20","     0.0","X","R","20","     0.0"," ","R","20","     0.0"," ","R","20","     0.0"," ","R","20","     0.0"," ","R","20","     0.0"," ","R","20","     0.0"," ","R","20","     0.4"," ","R","20","     0.2"," ","R","20","    25.2"," ","P","20","    10.0"," ","P","20","     2.9"," ","P","20","     0.6"," ","P","20","     0.0"," ","P","20","     0.0"," ","P","20","     0.0"," ","P","20","     0.0"," ","P","20","    0.02"," ","P","20","    0.06"," ","P","20","    0.15"," ","P","20","    0.66"," ","R","16","    1.35"," ","R","16"
"USW00023159","02-26"," 37.7064","-112.1456","2312.2","BRYCE CANYON AP, UT US","02","26","99","    26.1"," ","R","20","    39.6"," ","R","20","    12.5"," ","R","20","    27.1"," ","R","20","     8.3"," ","R","20","     8.3"," ","R","20","    10.4"," ","R","20","     9.0"," ","R","20","    38.9"," ","R","20","    14.0"," ","R","20","    18.9"," ","R","20","    23.9"," ","R","20","    28.9"," ","R","20","    30.9"," ","R","20","    33.9"," ","R","20","     0.0"," ","R","20","     0.1"," ","R","20","     0.0","X","R","20","     0.0"," ","R","20","     0.0"," ","R","20","     0.0"," ","R","20","     0.0"," ","R","20","     0.0"," ","R","20","     0.0"," ","R","20","     0.0"," ","R","20","     0.1"," ","R","20","     0.0","X","R","20","     0.0"," ","R","20","     0.0"," ","R","20","     0.0"," ","R","20","     0.0"," ","R","20","     0.0"," ","R","20","     0.0"," ","R","20","     0.4"," ","R","20","     0.2"," ","R","20","    25.2"," ","P","20","    10.0"," ","P","20","     2.9"," ","P","20","     0.6"," ","P","20","     0.0"," ","P","20","     0.0"," ","P","20","     0.0"," ","P","20","     0.0"," ","P","20","    0.02"," ","P","20","    0.06"," ","P","20","    0.15"," ","P","20","    0.70"," ","R","16","    1.39"," ","R","16"
"USW00023159","02-27"," 37.7064","-112.1456","2312.2","BRYCE CANYON AP, UT US","02","27","99","    26.4"," ","R","20","    39.9"," ","R","20","    12.9"," ","R","20","    27.1"," ","R","20","     8.2"," ","R","20","     8.3"," ","R","20","    10.3"," ","R","20","     9.0"," ","R","20","    38.6"," ","R","20","    13.7"," ","R","20","    18.6"," ","R","20","    23.6"," ","R","20","    28.6"," ","R","20","    30.6"," ","R","20","    33.6"," ","R","20","     0.0"," ","R","20","     0.1"," ","R","20","     0.0","X","R","20","     0.0"," ","R","20","     0.0"," ","R","20","     0.0"," ","R","20","     0.0"," ","R","20","     0.0"," ","R","20","     0.0"," ","R","20","     0.0"," ","R","20","     0.1"," ","R","20","     0.0","X","R","20","     0.0"," ","R","20","     0.0"," ","R","20","     0.0"," ","R","20","     0.0"," ","R","20","     0.0"," ","R","20","     0.0"," ","R","20","     0.4"," ","R","20","     0.2"," ","R","20","    25.3"," ","P","20","    10.1"," ","P","20","     2.9"," ","P","20","     0.7"," ","P","20","     0.0"," ","P","20","     0.0"," ","P","20","     0.0"," ","P","20","     0.0"," ","P","20","    0.02"," ","P","20","    0.06"," ","P","20","    0.15"," ","P","20","    0.73"," ","R","16","    1.42"," ","R","16"
"USW00023159","02-28"," 37.7064","-112.1456","2312.2","BRYCE CANYON AP, UT US","02","28","99","    26.7"," ","R","20","    40.2"," ","R","20","    13.2"," ","R","20","    27.0"," ","R","20","     8.2"," ","R","20","     8.4"," ","R","20","    10.2"," ","R","20","     9.0"," ","R","20","    38.3"," ","R","20","    13.4"," ","R","20","    18.3"," ","R","20","    23.3"," ","R","20","    28.3"," ","R","20","    30.3"," ","R","20","    33.3"," ","R","20","     0.0"," ","R","20","     0.1"," ","R","20","     0.0","X","R","20","     0.0"," ","R","20","     0.0"," ","R","20","     0.0"," ","R","20","     0.0"," ","R","20","     0.0"," ","R","20","     0.0"," ","R","20","     0.0"," ","R","20","     0.1"," ","R","20","     0.0","X","R","20","     0.0"," ","R","20","     0.0"," ","R","20","     0.0"," ","R","20","     0.0"," ","R","20","     0.0"," ","R","20","     0.0"," ","R","20","     0.4"," ","R","20","     0.2"," ","R","20","    25.3"," ","P","20","    10.1"," ","P","20","     3.0"," ","P","20","     0.7"," ","P","20","     0.0"," ","P","20","     0.0"," ","P","20","     0.0"," ","P","20","     0.0"," ","P","20","    0.02"," ","P","20","    0.06"," ","P","20","    0.15"," ","P","20","    0.77"," ","R","16","    1.46"," ","R","16"
"USW00023159","02-29"," 37.7064","-112.1456","2312.2","BRYCE CANYON AP, UT US","02","29","99","    26.9"," ","R","20","    40.4"," ","R","20","    13.3"," ","R","20","    27.0"," ","R","20","     8.2"," ","R","20","     8.4"," ","R","20","    10.1"," ","R","20","     9.0"," ","R","20","    38.1"," ","R","20","    13.2"," ","R","20","    18.1"," ","R","20","    23.1"," ","R","20","    28.1"," ","R","20","    30.1"," ","R","20","    33.1"," ","R","20","     0.0"," ","R","20","     0.1"," ","R","20","     0.0","X","R","20","     0.0"," ","R","20","     0.0"," ","R","20","     0.0"," ","R","20","     0.0"," ","R","20","     0.0"," ","R","20","     0.0"," ","R","20","     0.0"," ","R","20","     0.1"," ","R","20","     0.0","X","R","20","     0.0"," ","R","20","     0.0"," ","R","20","     0.0"," ","R","20","     0.0"," ","R","20","     0.0"," ","R","20","     0.0"," ","R","20","     0.4"," ","R","20","     0.2"," ","R","20","    25.3"," ","P","20","    10.1"," ","P","20","     3.0"," ","P","20","     0.7"," ","P","20","     0.0"," ","P","20","     0.0"," ","P","20","     0.0"," ","P","20","     0.0"," ","P","20","    0.02"," ","P","20","    0.06"," ","P","20","    0.15"," ","P","20","-9999.00","M"," "," 0","-9999.00","M"," "," 0"
"USW00023159","03-01"," 37.7064","-112.1456","2312.2","BRYCE CANYON AP, UT US","03","01","99","    27.0"," ","R","20","    40.5"," ","R","20","    13.5"," ","R","20","    27.0"," ","R","20","     8.2"," ","R","20","     8.4"," ","R","20","    10.1"," ","R","20","     8.9"," ","R","20","    38.0"," ","R","20","    13.1"," ","R","20","    18.0"," ","R","20","    23.0"," ","R","20","    28.0"," ","R","20","    30.0"," ","R","20","    33.0"," ","R","20","     0.0"," ","R","20","     0.1"," ","R","20","     0.0","X","R","20","     0.0"," ","R","20","     0.0"," ","R","20","     0.0"," ","R","20","     0.0"," ","R","20","     0.0"," ","R","20","     0.0"," ","R","20","     0.0"," ","R","20","     0.1"," ","R","20","     0.0","X","R","20","     0.0"," ","R","20","     0.0"," ","R","20","     0.0"," ","R","20","     0.0"," ","R","20","     0.0"," ","R","20","     0.0"," ","R","20","     0.4"," ","R","20","     0.2"," ","R","20","    25.3"," ","P","20","    10.1"," ","P","20","     3.0"," ","P","20","     0.7"," ","P","20","     0.0"," ","P","20","     0.0"," ","P","20","     0.0"," ","P","20","     0.0"," ","P","20","    0.02"," ","P","20","    0.06"," ","P","20","    0.15"," ","P","20","    0.03"," ","R","19","    1.49"," ","R","19"
"USW00023159","03-02"," 37.7064","-112.1456","2312.2","BRYCE CANYON AP, UT US","03","02","99","    27.3"," ","R","20","    40.8"," ","R","20","    13.8"," ","R","20","    27.0"," ","R","20","     8.1"," ","R","20","     8.5"," ","R","20","     9.9"," ","R","20","     8.9"," ","R","20","    37.7"," ","R","20","    12.8"," ","R","20","    17.7"," ","R","20","    22.7"," ","R","20","    27.7"," ","R","20","    29.7"," ","R","20","    32.7"," ","R","20","     0.0"," ","R","20","     0.1"," ","R","20","     0.0","X","R","20","     0.0"," ","R","20","     0.0"," ","R","20","     0.0"," ","R","20","     0.0"," ","R","20","     0.0"," ","R","20","     0.0"," ","R","20","     0.0"," ","R","20","     0.1"," ","R","20","     0.0","X","R","20","     0.0"," ","R","20","     0.0"," ","R","20","     0.0"," ","R","20","     0.0"," ","R","20","     0.0"," ","R","20","     0.0"," ","R","20","     0.4"," ","R","20","     0.3"," ","R","20","    25.2"," ","P","20","    10.0"," ","P","20","     3.0"," ","P","20","     0.7"," ","P","20","     0.0"," ","P","20","     0.0"," ","P","20","     0.0"," ","P","20","     0.0"," ","P","20","    0.02"," ","P","20","    0.06"," ","P","20","    0.15"," ","P","20","    0.07"," ","R","19","    1.53"," ","R","19"
"USW00023159","03-03"," 37.7064","-112.1456","2312.2","BRYCE CANYON AP, UT US","03","03","99","    27.6"," ","R","20","    41.1"," ","R","20","    14.1"," ","R","20","    27.0"," ","R","20","     8.1"," ","R","20","     8.5"," ","R","20","     9.8"," ","R","20","     8.9"," ","R","20","    37.4"," ","R","20","    12.5"," ","R","20","    17.4"," ","R","20","    22.4"," ","R","20","    27.4"," ","R","20","    29.4"," ","R","20","    32.4"," ","R","20","     0.0"," ","R","20","     0.1"," ","R","20","     0.0","X","R","20","     0.0"," ","R","20","     0.0"," ","R","20","     0.0"," ","R","20","     0.0"," ","R","20","     0.0"," ","R","20","     0.0"," ","R","20","     0.0"," ","R","20","     0.1"," ","R","20","     0.0","X","R","20","     0.0"," ","R","20","     0.0"," ","R","20","     0.0"," ","R","20","     0.0"," ","R","20","     0.0"," ","R","20","     0.0"," ","R","20","     0.4"," ","R","20","     0.3"," ","R","20","    25.1"," ","P","20","     9.9"," ","P","20","     3.0"," ","P","20","     0.7"," ","P","20","     0.0"," ","P","20","     0.0"," ","P","20","     0.0"," ","P","20","     0.0"," ","P","20","    0.02"," ","P","20","    0.06"," ","P","20","    0.15"," ","P","20","    0.10"," ","R","19","    1.56"," ","R","19"
"USW00023159","03-04"," 37.7064","-112.1456","2312.2","BRYCE CANYON AP, UT US","03","04","99","    28.0"," ","R","20","    41.4"," ","R","20","    14.5"," ","R","20","    27.0"," ","R","20","     8.0"," ","R","20","     8.6"," ","R","20","     9.7"," ","R","20","     8.8"," ","R","20","    37.0"," ","R","20","    12.1"," ","R","20","    17.0"," ","R","20","    22.0"," ","R","20","    27.0"," ","R","20","    29.0"," ","R","20","    32.0"," ","R","20","     0.0"," ","R","20","     0.1"," ","R","20","     0.0","X","R","20","     0.0"," ","R","20","     0.0"," ","R","20","     0.0"," ","R","20","     0.0"," ","R","20","     0.0"," ","R","20","     0.0"," ","R","20","     0.0"," ","R","20","     0.1"," ","R","20","     0.0","X","R","20","     0.0"," ","R","20","     0.0"," ","R","20","     0.0"," ","R","20","     0.0"," ","R","20","     0.0"," ","R","20","     0.0"," ","R","20","     0.5"," ","R","20","     0.3"," ","R","20","    25.0"," ","P","20","     9.9"," ","P","20","     3.0"," ","P","20","     0.7"," ","P","20","     0.0"," ","P","20","     0.0"," ","P","20","     0.0"," ","P","20","     0.0"," ","P","20","    0.02"," ","P","20","    0.06"," ","P","20","    0.15"," ","P","20","    0.13"," ","R","19","    1.59"," ","R","19"
"USW00023159","03-05"," 37.7064","-112.1456","2312.2","BRYCE CANYON AP, UT US","03","05","99","    28.3"," ","R","20","    41.8"," ","R","20","    14.8"," ","R","20","    27.0"," ","R","20","     8.0"," ","R","20","     8.6"," ","R","20","     9.6"," ","R","20","     8.8"," ","R","20","    36.7"," ","R","20","    11.8"," ","R","20","    16.7"," ","R","20","    21.7"," ","R","20","    26.7"," ","R","20","    28.7"," ","R","20","    31.7"," ","R","20","     0.0"," ","R","20","     0.1"," ","R","20","     0.0","X","R","20","     0.0"," ","R","20","     0.0"," ","R","20","     0.0"," ","R","20","     0.0"," ","R","20","     0.0"," ","R","20","     0.0"," ","R","20","     0.0"," ","R","20","     0.1"," ","R","20","     0.0","X","R","20","     0.0"," ","R","20","     0.0"," ","R","20","     0.0"," ","R","20","     0.0"," ","R","20","     0.0"," ","R","20","     0.0"," ","R","20","     0.5"," ","R","20","     0.3"," ","R","20","    25.0"," ","P","20","     9.8"," ","P","20","     3.0"," ","P","20","     0.8"," ","P","20","     0.0"," ","P","20","     0.0"," ","P","20","     0.0"," ","P","20","     0.0"," ","P","20","    0.02"," ","P","20","    0.06"," ","P","20","    0.15"," ","P","20","    0.17"," ","R","19","    1.63"," ","R","19"
"USW00023159","03-06"," 37.7064","-112.1456","2312.2","BRYCE CANYON AP, UT US","03","06","99","    28.6"," ","R","20","    42.1"," ","R","20","    15.1"," ","R","20","    27.0"," ","R","20","     8.0"," ","R","20","     8.7"," ","R","20","     9.4"," ","R","20","     8.8"," ","R","20","    36.4"," ","R","20","    11.5"," ","R","20","    16.4"," ","R","20","    21.4"," ","R","20","    26.4"," ","R","20","    28.4"," ","R","20","    31.4"," ","R","20","     0.0"," ","R","20","     0.1"," ","R","20","     0.0","X","R","20","     0.0"," ","R","20","     0.0"," ","R","20","     0.0"," ","R","20","     0.0"," ","R","20","     0.0"," ","R","20","     0.0"," ","R","20","     0.0"," ","R","20","     0.1"," ","R","20","     0.0","X","R","20","     0.0"," ","R","20","     0.0"," ","R","20","     0.0"," ","R","20","     0.0"," ","R","20","     0.0"," ","R","20","     0.0"," ","R","20","     0.5"," ","R","20","     0.4"," ","R","20","    24.9"," ","P","20","     9.8"," ","P","20","     3.0"," ","P","20","     0.8"," ","P","20","     0.0"," ","P","20","     0.0"," ","P","20","     0.0"," ","P","20","     0.0"," ","P","20","    0.02"," ","P","20","    0.06"," ","P","20","    0.15"," ","P","20","    0.20"," ","R","19","    1.66"," ","R","19"
"USW00023159","03-07"," 37.7064","-112.1456","2312.2","BRYCE CANYON AP, UT US","03","07","99","    28.9"," ","R","20","    42.4"," ","R","20","    15.4"," ","R","20","    27.0"," ","R","20","     7.9"," ","R","20","     8.8"," ","R","20","     9.3"," ","R","20","     8.7"," ","R","20","    36.1"," ","R","20","    11.2"," ","R","20","    16.1"," ","R","20","    21.1"," ","R","20","    26.1"," ","R","20","    28.1"," ","R","20","    31.1"," ","R","20","     0.0"," ","R","20","     0.2"," ","R","20","     0.0","X","R","20","     0.0"," ","R","20","     0.0"," ","R","20","     0.0"," ","R","20","     0.0"," ","R","20","     0.0"," ","R","20","     0.0"," ","R","20","     0.0"," ","R","20","     0.2"," ","R","20","     0.0","X","R","20","     0.0"," ","R","20","     0.0"," ","R","20","     0.0"," ","R","20","     0.0"," ","R","20","     0.0"," ","R","20","     0.0"," ","R","20","     0.6"," ","R","20","     0.4"," ","R","20","    24.8"," ","P","20","     9.7"," ","P","20","     3.0"," ","P","20","     0.8"," ","P","20","     0.0"," ","P","20","     0.0"," ","P","20","     0.0"," ","P","20","     0.0"," ","P","20","    0.02"," ","P","20","    0.06"," ","P","20","    0.15"," ","P","20","    0.23"," ","R","19","    1.69"," ","R","19"
"USW00023159","03-08"," 37.7064","-112.1456","2312.2","BRYCE CANYON AP, UT US","03","08","99","    29.2"," ","R","20","    42.7"," ","R","20","    15.7"," ","R","20","    27.0"," ","R","20","     7.9"," ","R","20","     8.8"," ","R","20","     9.2"," ","R","20","     8.7"," ","R","20","    35.8"," ","R","20","    11.0"," ","R","20","    15.8"," ","R","20","    20.8"," ","R","20","    25.8"," ","R","20","    27.8"," ","R","20","    30.8"," ","R","20","     0.0"," ","R","20","     0.2"," ","R","20","     0.0","X","R","20","     0.0"," ","R","20","     0.0"," ","R","20","     0.0"," ","R","20","     0.0"," ","R","20","     0.0"," ","R","20","     0.0"," ","R","20","     0.0"," ","R","20","     0.2"," ","R","20","     0.0","X","R","20","     0.0"," ","R","20","     0.0"," ","R","20","     0.0"," ","R","20","     0.0"," ","R","20","     0.0"," ","R","20","     0.0"," ","R","20","     0.7"," ","R","20","     0.5"," ","R","20","    24.6"," ","P","20","     9.6"," ","P","20","     2.9"," ","P","20","     0.8"," ","P","20","     0.0"," ","P","20","     0.0"," ","P","20","     0.0"," ","P","20","     0.0"," ","P","20","    0.02"," ","P","20","    0.06"," ","P","20","    0.15"," ","P","20","    0.26"," ","R","19","    1.72"," ","R","19"
"USW00023159","03-09"," 37.7064","-112.1456","2312.2","BRYCE CANYON AP, UT US","03","09","99","    29.6"," ","R","20","    43.1"," ","R","20","    16.1"," ","R","20","    27.0"," ","R","20","     7.9"," ","R","20","     8.9"," ","R","20","     9.0"," ","R","20","     8.7"," ","R","20","    35.4"," ","R","20","    10.7"," ","R","20","    15.5"," ","R","20","    20.4"," ","R","20","    25.4"," ","R","20","    27.4"," ","R","20","    30.4"," ","R","20","     0.0"," ","R","20","     0.2"," ","R","20","     0.0","X","R","20","     0.0"," ","R","20","     0.0"," ","R","20","     0.0"," ","R","20","     0.0"," ","R","20","     0.0"," ","R","20","     0.0"," ","R","20","     0.0"," ","R","20","     0.2"," ","R","20","     0.0","X","R","20","     0.0"," ","R","20","     0.0"," ","R","20","     0.0"," ","R","20","     0.0"," ","R","20","     0.0"," ","R","20","     0.0"," ","R","20","     0.8"," ","R","20","     0.5"," ","R","20","    24.3"," ","P","20","     9.5"," ","P","20","     2.9"," ","P","20","     0.8"," ","P","20","     0.0"," ","P","20","     0.0"," ","P","20","     0.0"," ","P","20","     0.0"," ","P","20","    0.02"," ","P","20","    0.06"," ","P","20","    0.15"," ","P","20","    0.30"," ","R","19","    1.76"," ","R","19"
"USW00023159","03-10"," 37.7064","-112.1456","2312.2","BRYCE CANYON AP, UT US","03","10","99","    29.9"," ","R","20","    43.4"," ","R","20","    16.4"," ","R","20","    27.0"," ","R","20","     7.8"," ","R","20","     8.9"," ","R","20","     8.9"," ","R","20","     8.6"," ","R","20","    35.1"," ","R","20","    10.4"," ","R","20","    15.1"," ","R","20","    20.1"," ","R","20","    25.1"," ","R","20","    27.1"," ","R","20","    30.1"," ","R","20","     0.0"," ","R","20","     0.3"," ","R","20","     0.0","X","R","20","     0.0"," ","R","20","     0.0"," ","R","20","     0.0"," ","R","20","     0.0"," ","R","20","     0.0"," ","R","20","     0.0"," ","R","20","     0.0"," ","R","20","     0.3"," ","R","20","     0.0","X","R","20","     0.0"," ","R","20","     0.0"," ","R","20","     0.0"," ","R","20","     0.0"," ","R","20","     0.0"," ","R","20","     0.0"," ","R","20","     0.9"," ","R","20","     0.6"," ","R","20","    24.1"," ","P","20","     9.3"," ","P","20","     2.8"," ","P","20","     0.8"," ","P","20","     0.0"," ","P","20","     0.0"," ","P","20","     0.0"," ","P","20","     0.0"," ","P","20","    0.02"," ","P","20","    0.06"," ","P","20","    0.14"," ","P","20","    0.32"," ","R","19","    1.78"," ","R","19"
"USW00023159","03-11"," 37.7064","-112.1456","2312.2","BRYCE CANYON AP, UT US","03","11","99","    30.2"," ","R","20","    43.7"," ","R","20","    16.7"," ","R","20","    27.1"," ","R","20","     7.8"," ","R","20","     9.0"," ","R","20","     8.7"," ","R","20","     8.6"," ","R","20","    34.8"," ","R","20","    10.1"," ","R","20","    14.8"," ","R","20","    19.8"," ","R","20","    24.8"," ","R","20","    26.8"," ","R","20","    29.8"," ","R","20","     0.0"," ","R","20","     0.3"," ","R","20","     0.0","X","R","20","     0.0"," ","R","20","     0.0"," ","R","20","     0.0"," ","R","20","     0.0"," ","R","20","     0.0"," ","R","20","     0.0"," ","R","20","     0.0"," ","R","20","     0.3"," ","R","20","     0.0","X","R","20","     0.0"," ","R","20","     0.0"," ","R","20","     0.0"," ","R","20","     0.0"," ","R","20","     0.0"," ","R","20","     0.0"," ","R","20","     1.0"," ","R","20","     0.7"," ","R","20","    23.9"," ","P","20","     9.2"," ","P","20","     2.8"," ","P","20","     0.8"," ","P","20","     0.0"," ","P","20","     0.0"," ","P","20","     0.0"," ","P","20","     0.0"," ","P","20","    0.02"," ","P","20","    0.06"," ","P","20","    0.14"," ","P","20","    0.35"," ","R","19","    1.81"," ","R","19"
"USW00023159","03-12"," 37.7064","-112.1456","2312.2","BRYCE CANYON AP, UT US","03","12","99","    30.5"," ","R","20","    44.1"," ","R","20","    17.0"," ","R","20","    27.1"," ","R","20","     7.7"," ","R","20","     9.0"," ","R","20","     8.6"," ","R","20","     8.6"," ","R","20","    34.5"," ","R","20","     9.8"," ","R","20","    14.5"," ","R","20","    19.5"," ","R","20","    24.5"," ","R","20","    26.5"," ","R","20","    29.5"," ","R","20","     0.0"," ","R","20","     0.3"," ","R","20","     0.0","X","R","20","     0.0"," ","R","20","     0.0"," ","R","20","     0.0"," ","R","20","     0.0"," ","R","20","     0.0"," ","R","20","     0.0"," ","R","20","     0.0"," ","R","20","     0.3"," ","R","20","     0.0","X","R","20","     0.0"," ","R","20","     0.0"," ","R","20","     0.0"," ","R","20","     0.0"," ","R","20","     0.0"," ","R","20","     0.0"," ","R","20","     1.1"," ","R","20","     0.8"," ","R","20","    23.7"," ","P","20","     9.1"," ","P","20","     2.7"," ","P","20","     0.8"," ","P","20","     0.0"," ","P","20","     0.0"," ","P","20","     0.0"," ","P","20","     0.0"," ","P","20","    0.02"," ","P","20","    0.06"," ","P","20","    0.14"," ","P","20","    0.38"," ","R","19","    1.84"," ","R","19"
"USW00023159","03-13"," 37.7064","-112.1456","2312.2","BRYCE CANYON AP, UT US","03","13","99","    30.8"," ","R","20","    44.4"," ","R","20","    17.2"," ","R","20","    27.2"," ","R","20","     7.7"," ","R","20","     9.0"," ","R","20","     8.5"," ","R","20","     8.6"," ","R","20","    34.2"," ","R","20","     9.6"," ","R","20","    14.2"," ","R","20","    19.2"," ","R","20","    24.2"," ","R","20","    26.2"," ","R","20","    29.2"," ","R","20","     0.0"," ","R","20","     0.4"," ","R","20","     0.0","X","R","20","     0.0"," ","R","20","     0.0"," ","R","20","     0.0"," ","R","20","     0.0"," ","R","20","     0.0"," ","R","20","     0.0"," ","R","20","     0.0"," ","R","20","     0.4"," ","R","20","     0.0","X","R","20","     0.0"," ","R","20","     0.0"," ","R","20","     0.0"," ","R","20","     0.0"," ","R","20","     0.0"," ","R","20","     0.0"," ","R","20","     1.2"," ","R","20","     0.9"," ","R","20","    23.5"," ","P","20","     8.9"," ","P","20","     2.7"," ","P","20","     0.8"," ","P","20","     0.0"," ","P","20","     0.0"," ","P","20","     0.0"," ","P","20","     0.0"," ","P","20","    0.02"," ","P","20","    0.06"," ","P","20","    0.14"," ","P","20","    0.41"," ","R","19","    1.87"," ","R","19"
"USW00023159","03-14"," 37.7064","-112.1456","2312.2","BRYCE CANYON AP, UT US","03","14","99","    31.1"," ","R","20","    44.7"," ","R","20","    17.5"," ","R","20","    27.2"," ","R","20","     7.6"," ","R","20","     9.1"," ","R","20","     8.3"," ","R","20","     8.5"," ","R","20","    33.9"," ","R","20","     9.3"," ","R","20","    13.9"," ","R","20","    18.9"," ","R","20","    23.9"," ","R","20","    25.9"," ","R","20","    28.9"," ","R","20","     0.0"," ","R","20","     0.4"," ","R","20","     0.1"," ","R","20","     0.0"," ","R","20","     0.0"," ","R","20","     0.0"," ","R","20","     0.0"," ","R","20","     0.0"," ","R","20","     0.0"," ","R","20","     0.0"," ","R","20","     0.4"," ","R","20","     0.1"," ","R","20","     0.0"," ","R","20","     0.0"," ","R","20","     0.0"," ","R","20","     0.0"," ","R","20","     0.0"," ","R","20","     0.0"," ","R","20","     1.3"," ","R","20","     0.9"," ","R","20","    23.4"," ","P","20","     8.8"," ","P","20","     2.6"," ","P","20","     0.8"," ","P","20","     0.0"," ","P","20","     0.0"," ","P","20","     0.0"," ","P","20","     0.0"," ","P","20","    0.02"," ","P","20","    0.06"," ","P","20","    0.14"," ","P","20","    0.44"," ","R","19","    1.90"," ","R","19"
"USW00023159","03-15"," 37.7064","-112.1456","2312.2","BRYCE CANYON AP, UT US","03","15","99","    31.4"," ","R","20","    45.1"," ","R","20","    17.8"," ","R","20","    27.3"," ","R","20","     7.5"," ","R","20","     9.1"," ","R","20","     8.2"," ","R","20","     8.5"," ","R","20","    33.6"," ","R","20","     9.0"," ","R","20","    13.6"," ","R","20","    18.6"," ","R","20","    23.6"," ","R","20","    25.6"," ","R","20","    28.6"," ","R","20","     0.0"," ","R","20","     0.5"," ","R","20","     0.1"," ","R","20","     0.0"," ","R","20","     0.0"," ","R","20","     0.0"," ","R","20","     0.0"," ","R","20","     0.0"," ","R","20","     0.0"," ","R","20","     0.0"," ","R","20","     0.5"," ","R","20","     0.1"," ","R","20","     0.0"," ","R","20","     0.0"," ","R","20","     0.0"," ","R","20","     0.0"," ","R","20","     0.0"," ","R","20","     0.0"," ","R","20","     1.4"," ","R","20","     1.0"," ","R","20","    23.3"," ","P","20","     8.7"," ","P","20","     2.6"," ","P","20","     0.8"," ","P","20","     0.0"," ","P","20","     0.0"," ","P","20","     0.0"," ","P","20","     0.0"," ","P","20","    0.02"," ","P","20","    0.06"," ","P","20","    0.14"," ","P","20","    0.46"," ","R","19","    1.92"," ","R","19"
"USW00023159","03-16"," 37.7064","-112.1456","2312.2","BRYCE CANYON AP, UT US","03","16","99","    31.7"," ","R","20","    45.4"," ","R","20","    18.1"," ","R","20","    27.3"," ","R","20","     7.5"," ","R","20","     9.1"," ","R","20","     8.1"," ","R","20","     8.5"," ","R","20","    33.3"," ","R","20","     8.8"," ","R","20","    13.3"," ","R","20","    18.3"," ","R","20","    23.3"," ","R","20","    25.3"," ","R","20","    28.3"," ","R","20","     0.0"," ","R","20","     0.5"," ","R","20","     0.1"," ","R","20","     0.0"," ","R","20","     0.0"," ","R","20","     0.0"," ","R","20","     0.0"," ","R","20","     0.0"," ","R","20","     0.0"," ","R","20","     0.0"," ","R","20","     0.5"," ","R","20","     0.1"," ","R","20","     0.0"," ","R","20","     0.0"," ","R","20","     0.0"," ","R","20","     0.0"," ","R","20","     0.0"," ","R","20","     0.0"," ","R","20","     1.5"," ","R","20","     1.1"," ","R","20","    23.2"," ","P","20","     8.6"," ","P","20","     2.5"," ","P","20","     0.8"," ","P","20","     0.0"," ","P","20","     0.0"," ","P","20","     0.0"," ","P","20","     0.0"," ","P","20","    0.02"," ","P","20","    0.06"," ","P","20","    0.14"," ","P","20","    0.49"," ","R","19","    1.95"," ","R","19"
"USW00023159","03-17"," 37.7064","-112.1456","2312.2","BRYCE CANYON AP, UT US","03","17","99","    32.0"," ","R","20","    45.7"," ","R","20","    18.3"," ","R","20","    27.4"," ","R","20","     7.5"," ","R","20","     9.2"," ","R","20","     7.9"," ","R","20","     8.5"," ","R","20","    33.0"," ","R","20","     8.5"," ","R","20","    13.1"," ","R","20","    18.0"," ","R","20","    23.0"," ","R","20","    25.0"," ","R","20","    28.0"," ","R","20","     0.0"," ","R","20","     0.5"," ","R","20","     0.1"," ","R","20","     0.0"," ","R","20","     0.0"," ","R","20","     0.0"," ","R","20","     0.0"," ","R","20","     0.0"," ","R","20","     0.0"," ","R","20","     0.0"," ","R","20","     0.5"," ","R","20","     0.1"," ","R","20","     0.0"," ","R","20","     0.0"," ","R","20","     0.0"," ","R","20","     0.0"," ","R","20","     0.0"," ","R","20","     0.0"," ","R","20","     1.5"," ","R","20","     1.1"," ","R","20","    23.1"," ","P","20","     8.5"," ","P","20","     2.5"," ","P","20","     0.8"," ","P","20","     0.0"," ","P","20","     0.0"," ","P","20","     0.0"," ","P","20","     0.0"," ","P","20","    0.02"," ","P","20","    0.06"," ","P","20","    0.14"," ","P","20","    0.51"," ","R","19","    1.97"," ","R","19"
"USW00023159","03-18"," 37.7064","-112.1456","2312.2","BRYCE CANYON AP, UT US","03","18","99","    32.3"," ","R","20","    46.0"," ","R","20","    18.6"," ","R","20","    27.5"," ","R","20","     7.4"," ","R","20","     9.2"," ","R","20","     7.8"," ","R","20","     8.5"," ","R","20","    32.7"," ","R","20","     8.2"," ","R","20","    12.8"," ","R","20","    17.7"," ","R","20","    22.7"," ","R","20","    24.7"," ","R","20","    27.7"," ","R","20","     0.0"," ","R","20","     0.5"," ","R","20","     0.1"," ","R","20","     0.0"," ","R","20","     0.0"," ","R","20","     0.0"," ","R","20","     0.0"," ","R","20","     0.0"," ","R","20","     0.0"," ","R","20","     0.0"," ","R","20","     0.5"," ","R","20","     0.1"," ","R","20","     0.0"," ","R","20","     0.0"," ","R","20","     0.0"," ","R","20","     0.0"," ","R","20","     0.0"," ","R","20","     0.0"," ","R","20","     1.5"," ","R","20","     1.2"," ","R","20","    23.0"," ","P","20","     8.4"," ","P","20","     2.4"," ","P","20","     0.8"," ","P","20","     0.0"," ","P","20","     0.0"," ","P","20","     0.0"," ","P","20","     0.0"," ","P","20","    0.02"," ","P","20","    0.06"," ","P","20","    0.14"," ","P","20","    0.54"," ","R","19","    2.00"," ","R","19"
"USW00023159","03-19"," 37.7064","-112.1456","2312.2","BRYCE CANYON AP, UT US","03","19","99","    32.6"," ","R","20","    46.4"," ","R","20","    18.8"," ","R","20","    27.5"," ","R","20","     7.4"," ","R","20","     9.2"," ","R","20","     7.7"," ","R","20","     8.5"," ","R","20","    32.4"," ","R","20","     8.0"," ","R","20","    12.5"," ","R","20","    17.4"," ","R","20","    22.4"," ","R","20","    24.4"," ","R","20","    27.4"," ","R","20","     0.0"," ","R","20","     0.5"," ","R","20","     0.1"," ","R","20","     0.0"," ","R","20","     0.0"," ","R","20","     0.0"," ","R","20","     0.0"," ","R","20","     0.0"," ","R","20","     0.0"," ","R","20","     0.0"," ","R","20","     0.5"," ","R","20","     0.1"," ","R","20","     0.0"," ","R","20","     0.0"," ","R","20","     0.0"," ","R","20","     0.0"," ","R","20","     0.0"," ","R","20","     0.0"," ","R","20","     1.6"," ","R","20","     1.2"," ","R","20","    22.9"," ","P","20","     8.2"," ","P","20","     2.4"," ","P","20","     0.8"," ","P","20","     0.0"," ","P","20","     0.0"," ","P","20","     0.0"," ","P","20","     0.0"," ","P","20","    0.02"," ","P","20","    0.05"," ","P","20","    0.13"," ","P","20","    0.56"," ","R","19","    2.02"," ","R","19"
"USW00023159","03-20"," 37.7064","-112.1456","2312.2","BRYCE CANYON AP, UT US","03","20","99","    32.9"," ","R","20","    46.7"," ","R","20","    19.1"," ","R","20","    27.6"," ","R","20","     7.4"," ","R","20","     9.3"," ","R","20","     7.6"," ","R","20","     8.5"," ","R","20","    32.1"," ","R","20","     7.7"," ","R","20","    12.2"," ","R","20","    17.1"," ","R","20","    22.1"," ","R","20","    24.1"," ","R","20","    27.1"," ","R","20","     0.0"," ","R","20","     0.6"," ","R","20","     0.1"," ","R","20","     0.0"," ","R","20","     0.0"," ","R","20","     0.0"," ","R","20","     0.0"," ","R","20","     0.0"," ","R","20","     0.0"," ","R","20","     0.0"," ","R","20","     0.6"," ","R","20","     0.1"," ","R","20","     0.0"," ","R","20","     0.0"," ","R","20","     0.0"," ","R","20","     0.0"," ","R","20","     0.0"," ","R","20","     0.0"," ","R","20","     1.7"," ","R","20","     1.3"," ","R","20","    22.8"," ","P","20","     8.1"," ","P","20","     2.3"," ","P","20","     0.8"," ","P","20","     0.0"," ","P","20","     0.0"," ","P","20","     0.0"," ","P","20","     0.0"," ","P","20","    0.02"," ","P","20","    0.05"," ","P","20","    0.13"," ","P","20","    0.59"," ","R","19","    2.05"," ","R","19"
"USW00023159","03-21"," 37.7064","-112.1456","2312.2","BRYCE CANYON AP, UT US","03","21","99","    33.1"," ","R","20","    47.0"," ","R","20","    19.3"," ","R","20","    27.7"," ","R","20","     7.3"," ","R","20","     9.3"," ","R","20","     7.5"," ","R","20","     8.5"," ","R","20","    31.9"," ","R","20","     7.4"," ","R","20","    12.0"," ","R","20","    16.9"," ","R","20","    21.9"," ","R","20","    23.9"," ","R","20","    26.9"," ","R","20","     0.0"," ","R","20","     0.6"," ","R","20","     0.1"," ","R","20","     0.0"," ","R","20","     0.0"," ","R","20","     0.0"," ","R","20","     0.0"," ","R","20","     0.0"," ","R","20","     0.0"," ","R","20","     0.0"," ","R","20","     0.6"," ","R","20","     0.1"," ","R","20","     0.0"," ","R","20","     0.0"," ","R","20","     0.0"," ","R","20","     0.0"," ","R","20","     0.0"," ","R","20","     0.0"," ","R","20","     1.7"," ","R","20","     1.3"," ","R","20","    22.7"," ","P","20","     8.0"," ","P","20","     2.3"," ","P","20","     0.8"," ","P","20","     0.0"," ","P","20","     0.0"," ","P","20","     0.0"," ","P","20","     0.0"," ","P","20","    0.02"," ","P","20","    0.05"," ","P","20","    0.13"," ","P","20","    0.62"," ","R","19","    2.08"," ","R","19"
"USW00023159","03-22"," 37.7064","-112.1456","2312.2","BRYCE CANYON AP, UT US","03","22","99","    33.4"," ","R","20","    47.3"," ","R","20","    19.5"," ","R","20","    27.8"," ","R","20","     7.3"," ","R","20","     9.4"," ","R","20","     7.4"," ","R","20","     8.5"," ","R","20","    31.6"," ","R","20","     7.2"," ","R","20","    11.7"," ","R","20","    16.6"," ","R","20","    21.6"," ","R","20","    23.6"," ","R","20","    26.6"," ","R","20","     0.0"," ","R","20","     0.6"," ","R","20","     0.1"," ","R","20","     0.0"," ","R","20","     0.0"," ","R","20","     0.0"," ","R","20","     0.0"," ","R","20","     0.0"," ","R","20","     0.0"," ","R","20","     0.0"," ","R","20","     0.6"," ","R","20","     0.1"," ","R","20","     0.0"," ","R","20","     0.0"," ","R","20","     0.0"," ","R","20","     0.0"," ","R","20","     0.0"," ","R","20","     0.0"," ","R","20","     1.8"," ","R","20","     1.4"," ","R","20","    22.6"," ","P","20","     7.9"," ","P","20","     2.2"," ","P","20","     0.8"," ","P","20","     0.0"," ","P","20","     0.0"," ","P","20","     0.0"," ","P","20","     0.0"," ","P","20","    0.02"," ","P","20","    0.05"," ","P","20","    0.13"," ","P","20","    0.64"," ","R","19","    2.10"," ","R","19"
"USW00023159","03-23"," 37.7064","-112.1456","2312.2","BRYCE CANYON AP, UT US","03","23","99","    33.6"," ","R","20","    47.6"," ","R","20","    19.7"," ","R","20","    27.9"," ","R","20","     7.3"," ","R","20","     9.4"," ","R","20","     7.3"," ","R","20","     8.6"," ","R","20","    31.4"," ","R","20","     7.0"," ","R","20","    11.4"," ","R","20","    16.4"," ","R","20","    21.4"," ","R","20","    23.4"," ","R","20","    26.4"," ","R","20","     0.0"," ","R","20","     0.6"," ","R","20","     0.1"," ","R","20","     0.0"," ","R","20","     0.0"," ","R","20","     0.0"," ","R","20","     0.0"," ","R","20","     0.0"," ","R","20","     0.0"," ","R","20","     0.0"," ","R","20","     0.6"," ","R","20","     0.1"," ","R","20","     0.0"," ","R","20","     0.0"," ","R","20","     0.0"," ","R","20","     0.0"," ","R","20","     0.0"," ","R","20","     0.0"," ","R","20","     1.8"," ","R","20","     1.4"," ","R","20","    22.5"," ","P","20","     7.8"," ","P","20","     2.2"," ","P","20","     0.8"," ","P","20","     0.0"," ","P","20","     0.0"," ","P","20","     0.0"," ","P","20","     0.0"," ","P","20","    0.02"," ","P","20","    0.05"," ","P","20","    0.13"," ","P","20","    0.66"," ","R","19","    2.12"," ","R","19"
"USW00023159","03-24"," 37.7064","-112.1456","2312.2","BRYCE CANYON AP, UT US","03","24","99","    33.9"," ","R","20","    47.9"," ","R","20","    19.9"," ","R","20","    27.9"," ","R","20","     7.2"," ","R","20","     9.4"," ","R","20","     7.2"," ","R","20","     8.6"," ","R","20","    31.1"," ","R","20","     6.7"," ","R","20","    11.2"," ","R","20","    16.1"," ","R","20","    21.1"," ","R","20","    23.1"," ","R","20","    26.1"," ","R","20","     0.0"," ","R","20","     0.6"," ","R","20","     0.1"," ","R","20","     0.0"," ","R","20","     0.0"," ","R","20","     0.0"," ","R","20","     0.0"," ","R","20","     0.0"," ","R","20","     0.0"," ","R","20","     0.0"," ","R","20","     0.6"," ","R","20","     0.1"," ","R","20","     0.0"," ","R","20","     0.0"," ","R","20","     0.0"," ","R","20","     0.0"," ","R","20","     0.0"," ","R","20","     0.0"," ","R","20","     1.9"," ","R","20","     1.5"," ","R","20","    22.4"," ","P","20","     7.7"," ","P","20","     2.1"," ","P","20","     0.8"," ","P","20","     0.0"," ","P","20","     0.0"," ","P","20","     0.0"," ","P","20","     0.0"," ","P","20","    0.02"," ","P","20","    0.05"," ","P","20","    0.13"," ","P","20","    0.69"," ","R","19","    2.15"," ","R","19"
"USW00023159","03-25"," 37.7064","-112.1456","2312.2","BRYCE CANYON AP, UT US","03","25","99","    34.1"," ","R","20","    48.2"," ","R","20","    20.1"," ","R","20","    28.0"," ","R","20","     7.2"," ","R","20","     9.4"," ","R","20","     7.1"," ","R","20","     8.6"," ","R","20","    30.9"," ","R","20","     6.5"," ","R","20","    10.9"," ","R","20","    15.9"," ","R","20","    20.9"," ","R","20","    22.9"," ","R","20","    25.9"," ","R","20","     0.0"," ","R","20","     0.7"," ","R","20","     0.1"," ","R","20","     0.0"," ","R","20","     0.0"," ","R","20","     0.0"," ","R","20","     0.0"," ","R","20","     0.0"," ","R","20","     0.0"," ","R","20","     0.0"," ","R","20","     0.7"," ","R","20","     0.1"," ","R","20","     0.0"," ","R","20","     0.0"," ","R","20","     0.0"," ","R","20","     0.0"," ","R","20","     0.0"," ","R","20","     0.0"," ","R","20","     2.0"," ","R","20","     1.5"," ","R","20","    22.3"," ","P","20","     7.7"," ","P","20","     2.1"," ","P","20","     0.7"," ","P","20","     0.0"," ","P","20","     0.0"," ","P","20","     0.0"," ","P","20","     0.0"," ","P","20","    0.02"," ","P","20","    0.05"," ","P","20","    0.13"," ","P","20","    0.71"," ","R","19","    2.17"," ","R","19"
"USW00023159","03-26"," 37.7064","-112.1456","2312.2","BRYCE CANYON AP, UT US","03","26","99","    34.4"," ","R","20","    48.5"," ","R","20","    20.3"," ","R","20","    28.1"," ","R","20","     7.1"," ","R","20","     9.4"," ","R","20","     7.1"," ","R","20","     8.6"," ","R","20","    30.6"," ","R","20","     6.3"," ","R","20","    10.7"," ","R","20","    15.6"," ","R","20","    20.6"," ","R","20","    22.6"," ","R","20","    25.6"," ","R","20","     0.0"," ","R","20","     0.7"," ","R","20","     0.1"," ","R","20","     0.0"," ","R","20","     0.0"," ","R","20","     0.0"," ","R","20","     0.0"," ","R","20","     0.0"," ","R","20","     0.0"," ","R","20","     0.0"," ","R","20","     0.7"," ","R","20","     0.1"," ","R","20","     0.0"," ","R","20","     0.0"," ","R","20","     0.0"," ","R","20","     0.0"," ","R","20","     0.0"," ","R","20","     0.0"," ","R","20","     2.0"," ","R","20","     1.5"," ","R","20","    22.3"," ","P","20","     7.6"," ","P","20","     2.1"," ","P","20","     0.7"," ","P","20","     0.0"," ","P","20","     0.0"," ","P","20","     0.0"," ","P","20","     0.0"," ","P","20","    0.02"," ","P","20","    0.05"," ","P","20","    0.13"," ","P","20","    0.73"," ","R","19","    2.19"," ","R","19"
"USW00023159","03-27"," 37.7064","-112.1456","2312.2","BRYCE CANYON AP, UT US","03","27","99","    34.6"," ","R","20","    48.7"," ","R","20","    20.5"," ","R","20","    28.2"," ","R","20","     7.1"," ","R","20","     9.4"," ","R","20","     7.0"," ","R","20","     8.6"," ","R","20","    30.4"," ","R","20","     6.1"," ","R","20","    10.5"," ","R","20","    15.4"," ","R","20","    20.4"," ","R","20","    22.4"," ","R","20","    25.4"," ","R","20","     0.0"," ","R","20","     0.7"," ","R","20","     0.1"," ","R","20","     0.0"," ","R","20","     0.0"," ","R","20","     0.0"," ","R","20","     0.0"," ","R","20","     0.0"," ","R","20","     0.0"," ","R","20","     0.0"," ","R","20","     0.7"," ","R","20","     0.1"," ","R","20","     0.0"," ","R","20","     0.0"," ","R","20","     0.0"," ","R","20","     0.0"," ","R","20","     0.0"," ","R","20","     0.0"," ","R","20","     2.1"," ","R","20","     1.6"," ","R","20","    22.1"," ","P","20","     7.6"," ","P","20","     2.1"," ","P","20","     0.7"," ","P","20","     0.0"," ","P","20","     0.0"," ","P","20","     0.0"," ","P","20","     0.0"," ","P","20","    0.02"," ","P","20","    0.05"," ","P","20","    0.13"," ","P","20","    0.75"," ","R","19","    2.21"," ","R","19"
"USW00023159","03-28"," 37.7064","-112.1456","2312.2","BRYCE CANYON AP, UT US","03","28","99","    34.9"," ","R","20","    49.0"," ","R","20","    20.7"," ","R","20","    28.3"," ","R","20","     7.0"," ","R","20","     9.4"," ","R","20","     6.9"," ","R","20","     8.6"," ","R","20","    30.1"," ","R","20","     5.9"," ","R","20","    10.2"," ","R","20","    15.1"," ","R","20","    20.1"," ","R","20","    22.1"," ","R","20","    25.1"," ","R","20","     0.0"," ","R","20","     0.7"," ","R","20","     0.1"," ","R","20","     0.0"," ","R","20","     0.0"," ","R","20","     0.0"," ","R","20","     0.0"," ","R","20","     0.0"," ","R","20","     0.0"," ","R","20","     0.0"," ","R","20","     0.7"," ","R","20","     0.1"," ","R","20","     0.0"," ","R","20","     0.0"," ","R","20","     0.0"," ","R","20","     0.0"," ","R","20","     0.0"," ","R","20","     0.0"," ","R","20","     2.1"," ","R","20","     1.6"," ","R","20","    22.1"," ","P","20","     7.6"," ","P","20","     2.1"," ","P","20","     0.7"," ","P","20","     0.0"," ","P","20","     0.0"," ","P","20","     0.0"," ","P","20","     0.0"," ","P","20","    0.02"," ","P","20","    0.05"," ","P","20","    0.13"," ","P","20","    0.78"," ","R","19","    2.24"," ","R","19"
"USW00023159","03-29"," 37.7064","-112.1456","2312.2","BRYCE CANYON AP, UT US","03","29","99","    35.1"," ","R","20","    49.3"," ","R","20","    20.9"," ","R","20","    28.4"," ","R","20","     7.0"," ","R","20","     9.4"," ","R","20","     6.8"," ","R","20","     8.6"," ","R","20","    29.9"," ","R","20","     5.7"," ","R","20","    10.0"," ","R","20","    14.9"," ","R","20","    19.9"," ","R","20","    21.9"," ","R","20","    24.9"," ","R","20","     0.0"," ","R","20","     0.8"," ","R","20","     0.1"," ","R","20","     0.0","X","R","20","     0.0"," ","R","20","     0.0"," ","R","20","     0.0"," ","R","20","     0.0"," ","R","20","     0.0"," ","R","20","     0.0"," ","R","20","     0.8"," ","R","20","     0.1"," ","R","20","     0.0","X","R","20","     0.0"," ","R","20","     0.0"," ","R","20","     0.0"," ","R","20","     0.0"," ","R","20","     0.0"," ","R","20","     2.2"," ","R","20","     1.7"," ","R","20","    22.0"," ","P","20","     7.6"," ","P","20","     2.1"," ","P","20","     0.7"," ","P","20","     0.0"," ","P","20","     0.0"," ","P","20","     0.0"," ","P","20","     0.0"," ","P","20","    0.02"," ","P","20","    0.05"," ","P","20","    0.13"," ","P","20","    0.80"," ","R","19","    2.26"," ","R","19"
"USW00023159","03-30"," 37.7064","-112.1456","2312.2","BRYCE CANYON AP, UT US","03","30","99","    35.3"," ","R","20","    49.6"," ","R","20","    21.1"," ","R","20","    28.5"," ","R","20","     6.9"," ","R","20","     9.4"," ","R","20","     6.8"," ","R","20","     8.6"," ","R","20","    29.7"," ","R","20","     5.5"," ","R","20","     9.8"," ","R","20","    14.7"," ","R","20","    19.7"," ","R","20","    21.7"," ","R","20","    24.7"," ","R","20","     0.0"," ","R","20","     0.8"," ","R","20","     0.1"," ","R","20","     0.0","X","R","20","     0.0"," ","R","20","     0.0"," ","R","20","     0.0"," ","R","20","     0.0"," ","R","20","     0.0"," ","R","20","     0.0"," ","R","20","     0.8"," ","R","20","     0.1"," ","R","20","     0.0","X","R","20","     0.0"," ","R","20","     0.0"," ","R","20","     0.0"," ","R","20","     0.0"," ","R","20","     0.0"," ","R","20","     2.2"," ","R","20","     1.7"," ","R","20","    22.0"," ","P","20","     7.7"," ","P","20","     2.1"," ","P","20","     0.7"," ","P","20","     0.0"," ","P","20","     0.0"," ","P","20","     0.0"," ","P","20","     0.0"," ","P","20","    0.02"," ","P","20","    0.05"," ","P","20","    0.13"," ","P","20","    0.83"," ","R","19","    2.29"," ","R","19"
"USW00023159","03-31"," 37.7064","-112.1456","2312.2","BRYCE CANYON AP, UT US","03","31","99","    35.5"," ","R","20","    49.8"," ","R","20","    21.2"," ","R","20","    28.6"," ","R","20","     6.9"," ","R","20","     9.3"," ","R","20","     6.7"," ","R","20","     8.6"," ","R","20","    29.5"," ","R","20","     5.4"," ","R","20","     9.6"," ","R","20","    14.5"," ","R","20","    19.5"," ","R","20","    21.5"," ","R","20","    24.5"," ","R","20","     0.0"," ","R","20","     0.9"," ","R","20","     0.1"," ","R","20","     0.0","X","R","20","     0.0"," ","R","20","     0.0"," ","R","20","     0.0"," ","R","20","     0.0"," ","R","20","     0.0"," ","R","20","     0.0"," ","R","20","     0.9"," ","R","20","     0.1"," ","R","20","     0.0","X","R","20","     0.0"," ","R","20","     0.0"," ","R","20","     0.0"," ","R","20","     0.0"," ","R","20","     0.0"," ","R","20","     2.3"," ","R","20","     1.8"," ","R","20","    21.9"," ","P","20","     7.7"," ","P","20","     2.1"," ","P","20","     0.7"," ","P","20","     0.0"," ","P","20","     0.0"," ","P","20","     0.0"," ","P","20","     0.0"," ","P","20","    0.02"," ","P","20","    0.05"," ","P","20","    0.13"," ","P","20","    0.85"," ","R","19","    2.31"," ","R","19"
"USW00023159","04-01"," 37.7064","-112.1456","2312.2","BRYCE CANYON AP, UT US","04","01","99","    35.7"," ","R","20","    50.1"," ","R","20","    21.4"," ","R","20","    28.7"," ","R","20","     6.8"," ","R","20","     9.3"," ","R","20","     6.6"," ","R","20","     8.7"," ","R","20","    29.3"," ","R","20","     5.2"," ","R","20","     9.4"," ","R","20","    14.3"," ","R","20","    19.3"," ","R","20","    21.3"," ","R","20","    24.3"," ","R","20","     0.0"," ","R","20","     1.0"," ","R","20","     0.1"," ","R","20","     0.0","X","R","20","     0.0"," ","R","20","     0.0"," ","R","20","     0.0"," ","R","20","     0.0"," ","R","20","     0.0"," ","R","20","     0.0"," ","R","20","     1.0"," ","R","20","     0.1"," ","R","20","     0.0","X","R","20","     0.0"," ","R","20","     0.0"," ","R","20","     0.0"," ","R","20","     0.0"," ","R","20","     0.0"," ","R","20","     2.4"," ","R","20","     1.9"," ","R","20","    21.9"," ","P","20","     7.8"," ","P","20","     2.1"," ","P","20","     0.6"," ","P","20","     0.0"," ","P","20","     0.0"," ","P","20","     0.0"," ","P","20","     0.0"," ","P","20","    0.02"," ","P","20","    0.05"," ","P","20","    0.13"," ","P","20","    0.02"," ","R","18","    2.33"," ","R","18"
"USW00023159","04-02"," 37.7064","-112.1456","2312.2","BRYCE CANYON AP, UT US","04","02","99","    36.0"," ","R","20","    50.3"," ","R","20","    21.6"," ","R","20","    28.8"," ","R","20","     6.8"," ","R","20","     9.3"," ","R","20","     6.6"," ","R","20","     8.7"," ","R","20","    29.0"," ","R","20","     5.1"," ","R","20","     9.2"," ","R","20","    14.1"," ","R","20","    19.0"," ","R","20","    21.0"," ","R","20","    24.0"," ","R","20","     0.0"," ","R","20","     1.1"," ","R","20","     0.1"," ","R","20","     0.0","X","R","20","     0.0"," ","R","20","     0.0"," ","R","20","     0.0"," ","R","20","     0.0"," ","R","20","     0.0"," ","R","20","     0.0"," ","R","20","     1.1"," ","R","20","     0.1"," ","R","20","     0.0","X","R","20","     0.0"," ","R","20","     0.0"," ","R","20","     0.0"," ","R","20","     0.0"," ","R","20","     0.0"," ","R","20","     2.6"," ","R","20","     2.0"," ","R","20","    21.9"," ","P","20","     7.8"," ","P","20","     2.1"," ","P","20","     0.6"," ","P","20","     0.0"," ","P","20","     0.0"," ","P","20","     0.0"," ","P","20","     0.0"," ","P","20","    0.02"," ","P","20","    0.05"," ","P","20","    0.14"," ","P","20","    0.05"," ","R","18","    2.36"," ","R","18"
"USW00023159","04-03"," 37.7064","-112.1456","2312.2","BRYCE CANYON AP, UT US","04","03","99","    36.2"," ","R","20","    50.6"," ","R","20","    21.7"," ","R","20","    28.8"," ","R","20","     6.7"," ","R","20","     9.2"," ","R","20","     6.5"," ","R","20","     8.7"," ","R","20","    28.8"," ","R","20","     5.0"," ","R","20","     9.0"," ","R","20","    13.8"," ","R","20","    18.8"," ","R","20","    20.8"," ","R","20","    23.8"," ","R","20","     0.0"," ","R","20","     1.1"," ","R","20","     0.2"," ","R","20","     0.0","X","R","20","     0.0"," ","R","20","     0.0"," ","R","20","     0.0"," ","R","20","     0.0"," ","R","20","     0.0"," ","R","20","     0.0"," ","R","20","     1.1"," ","R","20","     0.2"," ","R","20","     0.0","X","R","20","     0.0"," ","R","20","     0.0"," ","R","20","     0.0"," ","R","20","     0.0"," ","R","20","     0.0"," ","R","20","     2.7"," ","R","20","     2.1"," ","R","20","    21.8"," ","P","20","     7.9"," ","P","20","     2.1"," ","P","20","     0.6"," ","P","20","     0.0"," ","P","20","     0.0"," ","P","20","     0.0"," ","P","20","     0.0"," ","P","20","    0.02"," ","P","20","    0.05"," ","P","20","    0.14"," ","P","20","    0.07"," ","R","18","    2.38"," ","R","18"
"USW00023159","04-04"," 37.7064","-112.1456","2312.2","BRYCE CANYON AP, UT US","04","04","99","    36.4"," ","R","20","    50.8"," ","R","20","    21.9"," ","R","20","    28.9"," ","R","20","     6.7"," ","R","20","     9.2"," ","R","20","     6.5"," ","R","20","     8.7"," ","R","20","    28.6"," ","R","20","     4.8"," ","R","20","     8.8"," ","R","20","    13.6"," ","R","20","    18.6"," ","R","20","    20.6"," ","R","20","    23.6"," ","R","20","     0.0"," ","R","20","     1.2"," ","R","20","     0.2"," ","R","20","     0.0","X","R","20","     0.0"," ","R","20","     0.0"," ","R","20","     0.0"," ","R","20","     0.0"," ","R","20","     0.0"," ","R","20","     0.0"," ","R","20","     1.2"," ","R","20","     0.2"," ","R","20","     0.0","X","R","20","     0.0"," ","R","20","     0.0"," ","R","20","     0.0"," ","R","20","     0.0"," ","R","20","     0.0"," ","R","20","     2.8"," ","R","20","     2.2"," ","R","20","    21.8"," ","P","20","     7.9"," ","P","20","     2.1"," ","P","20","     0.5"," ","P","20","     0.0"," ","P","20","     0.0"," ","P","20","     0.0"," ","P","20","     0.0"," ","P","20","    0.02"," ","P","20","    0.06"," ","P","20","    0.14"," ","P","20","    0.09"," ","R","18","    2.40"," ","R","18"
"USW00023159","04-05"," 37.7064","-112.1456","2312.2","BRYCE CANYON AP, UT US","04","05","99","    36.6"," ","R","20","    51.1"," ","R","20","    22.1"," ","R","20","    29.0"," ","R","20","     6.6"," ","R","20","     9.2"," ","R","20","     6.4"," ","R","20","     8.7"," ","R","20","    28.4"," ","R","20","     4.7"," ","R","20","     8.6"," ","R","20","    13.4"," ","R","20","    18.4"," ","R","20","    20.4"," ","R","20","    23.4"," ","R","20","     0.0"," ","R","20","     1.3"," ","R","20","     0.2"," ","R","20","     0.0","X","R","20","     0.0"," ","R","20","     0.0"," ","R","20","     0.0"," ","R","20","     0.0"," ","R","20","     0.0"," ","R","20","     0.0"," ","R","20","     1.3"," ","R","20","     0.2"," ","R","20","     0.0","X","R","20","     0.0"," ","R","20","     0.0"," ","R","20","     0.0"," ","R","20","     0.0"," ","R","20","     0.0"," ","R","20","     2.9"," ","R","20","     2.3"," ","R","20","    21.7"," ","P","20","     8.0"," ","P","20","     2.1"," ","P","20","     0.5"," ","P","20","     0.0"," ","P","20","     0.0"," ","P","20","     0.0"," ","P","20","     0.0"," ","P","20","    0.02"," ","P","20","    0.06"," ","P","20","    0.14"," ","P","20","    0.12"," ","R","18","    2.43"," ","R","18"
"USW00023159","04-06"," 37.7064","-112.1456","2312.2","BRYCE CANYON AP, UT US","04","06","99","    36.8"," ","R","20","    51.4"," ","R","20","    22.3"," ","R","20","    29.1"," ","R","20","     6.6"," ","R","20","     9.2"," ","R","20","     6.4"," ","R","20","     8.7"," ","R","20","    28.2"," ","R","20","     4.5"," ","R","20","     8.4"," ","R","20","    13.2"," ","R","20","    18.2"," ","R","20","    20.2"," ","R","20","    23.2"," ","R","20","     0.0"," ","R","20","     1.3"," ","R","20","     0.2"," ","R","20","     0.0","X","R","20","     0.0"," ","R","20","     0.0"," ","R","20","     0.0"," ","R","20","     0.0"," ","R","20","     0.0"," ","R","20","     0.0"," ","R","20","     1.3"," ","R","20","     0.2"," ","R","20","     0.0","X","R","20","     0.0"," ","R","20","     0.0"," ","R","20","     0.0"," ","R","20","     0.0"," ","R","20","     0.0"," ","R","20","     2.9"," ","R","20","     2.3"," ","R","20","    21.8"," ","P","20","     8.1"," ","P","20","     2.1"," ","P","20","     0.5"," ","P","20","     0.0"," ","P","20","     0.0"," ","P","20","     0.0"," ","P","20","     0.0"," ","P","20","    0.02"," ","P","20","    0.06"," ","P","20","    0.14"," ","P","20","    0.14"," ","R","18","    2.45"," ","R","18"
"USW00023159","04-07"," 37.7064","-112.1456","2312.2","BRYCE CANYON AP, UT US","04","07","99","    37.0"," ","R","20","    51.6"," ","R","20","    22.4"," ","R","20","    29.2"," ","R","20","     6.6"," ","R","20","     9.1"," ","R","20","     6.4"," ","R","20","     8.7"," ","R","20","    28.0"," ","R","20","     4.3"," ","R","20","     8.2"," ","R","20","    13.0"," ","R","20","    18.0"," ","R","20","    20.0"," ","R","20","    23.0"," ","R","20","     0.0"," ","R","20","     1.4"," ","R","20","     0.2"," ","R","20","     0.0","X","R","20","     0.0"," ","R","20","     0.0"," ","R","20","     0.0"," ","R","20","     0.0"," ","R","20","     0.0"," ","R","20","     0.0"," ","R","20","     1.4"," ","R","20","     0.2"," ","R","20","     0.0","X","R","20","     0.0"," ","R","20","     0.0"," ","R","20","     0.0"," ","R","20","     0.0"," ","R","20","     0.0"," ","R","20","     3.0"," ","R","20","     2.4"," ","R","20","    21.8"," ","P","20","     8.1"," ","P","20","     2.1"," ","P","20","     0.5"," ","P","20","     0.0"," ","P","20","     0.0"," ","P","20","     0.0"," ","P","20","     0.0"," ","P","20","    0.02"," ","P","20","    0.06"," ","P","20","    0.14"," ","P","20","    0.16"," ","R","18","    2.47"," ","R","18"
"USW00023159","04-08"," 37.7064","-112.1456","2312.2","BRYCE CANYON AP, UT US","04","08","99","    37.2"," ","R","20","    51.9"," ","R","20","    22.6"," ","R","20","    29.2"," ","R","20","     6.5"," ","R","20","     9.1"," ","R","20","     6.3"," ","R","20","     8.7"," ","R","20","    27.8"," ","R","20","     4.2"," ","R","20","     8.0"," ","R","20","    12.8"," ","R","20","    17.8"," ","R","20","    19.8"," ","R","20","    22.8"," ","R","20","     0.0"," ","R","20","     1.4"," ","R","20","     0.2"," ","R","20","     0.0","X","R","20","     0.0"," ","R","20","     0.0"," ","R","20","     0.0"," ","R","20","     0.0"," ","R","20","     0.0"," ","R","20","     0.0"," ","R","20","     1.4"," ","R","20","     0.2"," ","R","20","     0.0","X","R","20","     0.0"," ","R","20","     0.0"," ","R","20","     0.0"," ","R","20","     0.0"," ","R","20","     0.0"," ","R","20","     3.1"," ","R","20","     2.4"," ","R","20","    21.8"," ","P","20","     8.2"," ","P","20","     2.1"," ","P","20","     0.4"," ","P","20","     0.0"," ","P","20","     0.0"," ","P","20","     0.0"," ","P","20","     0.0"," ","P","20","    0.02"," ","P","20","    0.06"," ","P","20","    0.14"," ","P","20","    0.18"," ","R","18","    2.49"," ","R","18"
"USW00023159","04-09"," 37.7064","-112.1456","2312.2","BRYCE CANYON AP, UT US","04","09","99","    37.5"," ","R","20","    52.1"," ","R","20","    22.8"," ","R","20","    29.3"," ","R","20","     6.5"," ","R","20","     9.1"," ","R","20","     6.3"," ","R","20","     8.8"," ","R","20","    27.5"," ","R","20","     4.0"," ","R","20","     7.8"," ","R","20","    12.6"," ","R","20","    17.5"," ","R","20","    19.5"," ","R","20","    22.5"," ","R","20","     0.0"," ","R","20","     1.5"," ","R","20","     0.2"," ","R","20","     0.0","X","R","20","     0.0"," ","R","20","     0.0"," ","R","20","     0.0"," ","R","20","     0.0"," ","R","20","     0.0"," ","R","20","     0.0"," ","R","20","     1.5"," ","R","20","     0.2"," ","R","20","     0.0","X","R","20","     0.0"," ","R","20","     0.0"," ","R","20","     0.0"," ","R","20","     0.0"," ","R","20","     0.0"," ","R","20","     3.1"," ","R","20","     2.5"," ","R","20","    21.8"," ","P","20","     8.3"," ","P","20","     2.2"," ","P","20","     0.4"," ","P","20","     0.0"," ","P","20","     0.0"," ","P","20","     0.0"," ","P","20","     0.0"," ","P","20","    0.02"," ","P","20","    0.06"," ","P","20","    0.14"," ","P","20","    0.21"," ","R","18","    2.52"," ","R","18"
"USW00023159","04-10"," 37.7064","-112.1456","2312.2","BRYCE CANYON AP, UT US","04","10","99","    37.7"," ","R","20","    52.4"," ","R","20","    23.0"," ","R","20","    29.4"," ","R","20","     6.5"," ","R","20","     9.1"," ","R","20","     6.3"," ","R","20","     8.8"," ","R","20","    27.3"," ","R","20","     3.9"," ","R","20","     7.6"," ","R","20","    12.4"," ","R","20","    17.3"," ","R","20","    19.3"," ","R","20","    22.3"," ","R","20","     0.0"," ","R","20","     1.6"," ","R","20","     0.3"," ","R","20","     0.0","X","R","20","     0.0"," ","R","20","     0.0"," ","R","20","     0.0"," ","R","20","     0.0"," ","R","20","     0.0"," ","R","20","     0.0"," ","R","20","     1.6"," ","R","20","     0.3"," ","R","20","     0.0","X","R","20","     0.0"," ","R","20","     0.0"," ","R","20","     0.0"," ","R","20","     0.0"," ","R","20","     0.0"," ","R","20","     3.2"," ","R","20","     2.6"," ","R","20","    21.8"," ","P","20","     8.3"," ","P","20","     2.2"," ","P","20","     0.4"," ","P","20","     0.0"," ","P","20","     0.0"," ","P","20","     0.0"," ","P","20","     0.0"," ","P","20","    0.02"," ","P","20","    0.06"," ","P","20","    0.14"," ","P","20","    0.23"," ","R","18","    2.54"," ","R","18"
"USW00023159","04-11"," 37.7064","-112.1456","2312.2","BRYCE CANYON AP, UT US","04","11","99","    37.9"," ","R","20","    52.6"," ","R","20","    23.2"," ","R","20","    29.5"," ","R","20","     6.5"," ","R","20","     9.1"," ","R","20","     6.3"," ","R","20","     8.8"," ","R","20","    27.1"," ","R","20","     3.8"," ","R","20","     7.4"," ","R","20","    12.1"," ","R","20","    17.1"," ","R","20","    19.1"," ","R","20","    22.1"," ","R","20","     0.0"," ","R","20","     1.7"," ","R","20","     0.3"," ","R","20","     0.0","X","R","20","     0.0"," ","R","20","     0.0"," ","R","20","     0.0"," ","R","20","     0.0"," ","R","20","     0.0"," ","R","20","     0.0"," ","R","20","     1.7"," ","R","20","     0.3"," ","R","20","     0.0","X","R","20","     0.0"," ","R","20","     0.0"," ","R","20","     0.0"," ","R","20","     0.0"," ","R","20","     0.0"," ","R","20","     3.3"," ","R","20","     2.7"," ","R","20","    21.8"," ","P","20","     8.4"," ","P","20","     2.2"," ","P","20","     0.4"," ","P","20","     0.0"," ","P","20","     0.0"," ","P","20","     0.0"," ","P","20","     0.0"," ","P","20","    0.02"," ","P","20","    0.06"," ","P","20","    0.14"," ","P","20","    0.26"," ","R","18","    2.57"," ","R","18"
"USW00023159","04-12"," 37.7064","-112.1456","2312.2","BRYCE CANYON AP, UT US","04","12","99","    38.1"," ","R","20","    52.9"," ","R","20","    23.4"," ","R","20","    29.5"," ","R","20","     6.5"," ","R","20","     9.2"," ","R","20","     6.3"," ","R","20","     8.8"," ","R","20","    26.9"," ","R","20","     3.6"," ","R","20","     7.2"," ","R","20","    11.9"," ","R","20","    16.9"," ","R","20","    18.9"," ","R","20","    21.9"," ","R","20","     0.0"," ","R","20","     1.8"," ","R","20","     0.3"," ","R","20","     0.0","X","R","20","     0.0"," ","R","20","     0.0"," ","R","20","     0.0"," ","R","20","     0.0"," ","R","20","     0.0"," ","R","20","     0.0"," ","R","20","     1.8"," ","R","20","     0.3"," ","R","20","     0.0","X","R","20","     0.0"," ","R","20","     0.0"," ","R","20","     0.0"," ","R","20","     0.0"," ","R","20","     0.0"," ","R","20","     3.4"," ","R","20","     2.7"," ","R","20","    21.8"," ","P","20","     8.4"," ","P","20","     2.2"," ","P","20","     0.3"," ","P","20","     0.0"," ","P","20","     0.0"," ","P","20","     0.0"," ","P","20","     0.0"," ","P","20","    0.02"," ","P","20","    0.06"," ","P","20","    0.14"," ","P","20","    0.28"," ","R","18","    2.59"," ","R","18"
"USW00023159","04-13"," 37.7064","-112.1456","2312.2","BRYCE CANYON AP, UT US","04","13","99","    38.3"," ","R","20","    53.1"," ","R","20","    23.5"," ","R","20","    29.6"," ","R","20","     6.5"," ","R","20","     9.2"," ","R","20","     6.2"," ","R","20","     8.9"," ","R","20","    26.7"," ","R","20","     3.5"," ","R","20","     7.0"," ","R","20","    11.7"," ","R","20","    16.7"," ","R","20","    18.7"," ","R","20","    21.7"," ","R","20","     0.0"," ","R","20","     1.9"," ","R","20","     0.3"," ","R","20","     0.0","X","R","20","     0.0"," ","R","20","     0.0"," ","R","20","     0.0"," ","R","20","     0.0"," ","R","20","     0.0"," ","R","20","     0.0"," ","R","20","     1.9"," ","R","20","     0.3"," ","R","20","     0.0","X","R","20","     0.0"," ","R","20","     0.0"," ","R","20","     0.0"," ","R","20","     0.0"," ","R","20","     0.0"," ","R","20","     3.5"," ","R","20","     2.8"," ","R","20","    21.8"," ","P","20","     8.5"," ","P","20","     2.3"," ","P","20","     0.3"," ","P","20","     0.0"," ","P","20","     0.0"," ","P","20","     0.0"," ","P","20","     0.0"," ","P","20","    0.02"," ","P","20","    0.06"," ","P","20","    0.14"," ","P","20","    0.30"," ","R","18","    2.61"," ","R","18"
"USW00023159","04-14"," 37.7064","-112.1456","2312.2","BRYCE CANYON AP, UT US","04","14","99","    38.6"," ","R","20","    53.4"," ","R","20","    23.7"," ","R","20","    29.6"," ","R","20","     6.5"," ","R","20","     9.2"," ","R","20","     6.2"," ","R","20","     8.9"," ","R","20","    26.4"," ","R","20","     3.4"," ","R","20","     6.8"," ","R","20","    11.5"," ","R","20","    16.4"," ","R","20","    18.4"," ","R","20","    21.4"," ","R","20","     0.0"," ","R","20","     1.9"," ","R","20","     0.4"," ","R","20","     0.0","X","R","20","     0.0"," ","R","20","     0.0"," ","R","20","     0.0"," ","R","20","     0.0"," ","R","20","     0.0"," ","R","20","     0.0"," ","R","20","     1.9"," ","R","20","     0.4"," ","R","20","     0.0","X","R","20","     0.0"," ","R","20","     0.0"," ","R","20","     0.0"," ","R","20","     0.0"," ","R","20","     0.0"," ","R","20","     3.6"," ","R","20","     2.9"," ","R","20","    21.7"," ","P","20","     8.6"," ","P","20","     2.3"," ","P","20","     0.3"," ","P","20","     0.0"," ","P","20","     0.0"," ","P","20","     0.0"," ","P","20","     0.0"," ","P","20","    0.02"," ","P","20","    0.06"," ","P","20","    0.15"," ","P","20","    0.33"," ","R","18","    2.64"," ","R","18"
"USW00023159","04-15"," 37.7064","-112.1456","2312.2","BRYCE CANYON AP, UT US","04","15","99","    38.8"," ","R","20","    53.6"," ","R","20","    23.9"," ","R","20","    29.7"," ","R","20","     6.4"," ","R","20","     9.2"," ","R","20","     6.2"," ","R","20","     8.9"," ","R","20","    26.2"," ","R","20","     3.2"," ","R","20","     6.6"," ","R","20","    11.2"," ","R","20","    16.2"," ","R","20","    18.2"," ","R","20","    21.2"," ","R","20","     0.0"," ","R","20","     2.0"," ","R","20","     0.4"," ","R","20","     0.0","X","R","20","     0.0","X","R","20","     0.0"," ","R","20","     0.0"," ","R","20","     0.0"," ","R","20","     0.0"," ","R","20","     0.0"," ","R","20","     2.0"," ","R","20","     0.4"," ","R","20","     0.0","X","R","20","     0.0","X","R","20","     0.0"," ","R","20","     0.0"," ","R","20","     0.0"," ","R","20","     0.0"," ","R","20","     3.7"," ","R","20","     3.0"," ","R","20","    21.7"," ","P","20","     8.6"," ","P","20","     2.4"," ","P","20","     0.3"," ","P","20","     0.0"," ","P","20","     0.0"," ","P","20","     0.0"," ","P","20","     0.0"," ","P","20","    0.02"," ","P","20","    0.06"," ","P","20","    0.15"," ","P","20","    0.35"," ","R","18","    2.66"," ","R","18"
"USW00023159","04-16"," 37.7064","-112.1456","2312.2","BRYCE CANYON AP, UT US","04","16","99","    39.0"," ","R","20","    53.9"," ","R","20","    24.2"," ","R","20","    29.8"," ","R","20","     6.4"," ","R","20","     9.2"," ","R","20","     6.1"," ","R","20","     8.9"," ","R","20","    26.0"," ","R","20","     3.1"," ","R","20","     6.4"," ","R","20","    11.0"," ","R","20","    16.0"," ","R","20","    18.0"," ","R","20","    21.0"," ","R","20","     0.0"," ","R","20","     2.1"," ","R","20","     0.4"," ","R","20","     0.0","X","R","20","     0.0","X","R","20","     0.0"," ","R","20","     0.0"," ","R","20","     0.0"," ","R","20","     0.0"," ","R","20","     0.0"," ","R","20","     2.1"," ","R","20","     0.4"," ","R","20","     0.0","X","R","20","     0.0","X","R","20","     0.0"," ","R","20","     0.0"," ","R","20","     0.0"," ","R","20","     0.0"," ","R","20","     3.8"," ","R","20","     3.1"," ","R","20","    21.6"," ","P","20","     8.6"," ","P","20","     2.4"," ","P","20","     0.2"," ","P","20","     0.0"," ","P","20","     0.0"," ","P","20","     0.0"," ","P","20","     0.0"," ","P","20","    0.02"," ","P","20","    0.06"," ","P","20","    0.15"," ","P","20","    0.37"," ","R","18","    2.68"," ","R","18"
"USW00023159","04-17"," 37.7064","-112.1456","2312.2","BRYCE CANYON AP, UT US","04","17","99","    39.3"," ","R","20","    54.2"," ","R","20","    24.4"," ","R","20","    29.8"," ","R","20","     6.4"," ","R","20","     9.2"," ","R","20","     6.1"," ","R","20","     8.9"," ","R","20","    25.7"," ","R","20","     2.9"," ","R","20","     6.2"," ","R","20","    10.8"," ","R","20","    15.7"," ","R","20","    17.7"," ","R","20","    20.7"," ","R","20","     0.0"," ","R","20","     2.2"," ","R","20","     0.5"," ","R","20","     0.0","X","R","20","     0.0","X","R","20","     0.0"," ","R","20","     0.0"," ","R","20","     0.0"," ","R","20","     0.0"," ","R","20","     0.0"," ","R","20","     2.2"," ","R","20","     0.5"," ","R","20","     0.0","X","R","20","     0.0","X","R","20","     0.0"," ","R","20","     0.0"," ","R","20","     0.0"," ","R","20","     0.0"," ","R","20","     3.9"," ","R","20","     3.2"," ","R","20","    21.5"," ","P","20","     8.7"," ","P","20","     2.5"," ","P","20","     0.2"," ","P","20","     0.0"," ","P","20","     0.0"," ","P","20","     0.0"," ","P","20","     0.0"," ","P","20","    0.02"," ","P","20","    0.06"," ","P","20","    0.15"," ","P","20","    0.40"," ","R","18","    2.71"," ","R","18"
"USW00023159","04-18"," 37.7064","-112.1456","2312.2","BRYCE CANYON AP, UT US","04","18","99","    39.5"," ","R","20","    54.5"," ","R","20","    24.6"," ","R","20","    29.9"," ","R","20","     6.4"," ","R","20","     9.2"," ","R","20","     6.1"," ","R","20","     8.9"," ","R","20","    25.5"," ","R","20","     2.8"," ","R","20","     6.0"," ","R","20","    10.5"," ","R","20","    15.5"," ","R","20","    17.5"," ","R","20","    20.5"," ","R","20","     0.0"," ","R","20","     2.3"," ","R","20","     0.5"," ","R","20","     0.0","X","R","20","     0.0","X","R","20","     0.0"," ","R","20","     0.0"," ","R","20","     0.0"," ","R","20","     0.0"," ","R","20","     0.0"," ","R","20","     2.3"," ","R","20","     0.5"," ","R","20","     0.0","X","R","20","     0.0","X","R","20","     0.0"," ","R","20","     0.0"," ","R","20","     0.0"," ","R","20","     0.0"," ","R","20","     3.9"," ","R","20","     3.2"," ","R","20","    21.5"," ","P","20","     8.7"," ","P","20","     2.5"," ","P","20","     0.2"," ","P","20","     0.0"," ","P","20","     0.0"," ","P","20","     0.0"," ","P","20","     0.0"," ","P","20","    0.02"," ","P","20","    0.06"," ","P","20","    0.15"," ","P","20","    0.42"," ","R","18","    2.73"," ","R","18"
"USW00023159","04-19"," 37.7064","-112.1456","2312.2","BRYCE CANYON AP, UT US","04","19","99","    39.8"," ","R","20","    54.7"," ","R","20","    24.8"," ","R","20","    29.9"," ","R","20","     6.4"," ","R","20","     9.2"," ","R","20","     6.0"," ","R","20","     8.9"," ","R","20","    25.2"," ","R","20","     2.6"," ","R","20","     5.8"," ","R","20","    10.3"," ","R","20","    15.2"," ","R","20","    17.2"," ","R","20","    20.2"," ","R","20","     0.0"," ","R","20","     2.4"," ","R","20","     0.6"," ","R","20","     0.0","X","R","20","     0.0","X","R","20","     0.0"," ","R","20","     0.0"," ","R","20","     0.0"," ","R","20","     0.0"," ","R","20","     0.0"," ","R","20","     2.4"," ","R","20","     0.6"," ","R","20","     0.0","X","R","20","     0.0","X","R","20","     0.0"," ","R","20","     0.0"," ","R","20","     0.0"," ","R","20","     0.0"," ","R","20","     4.1"," ","R","20","     3.3"," ","R","20","    21.4"," ","P","20","     8.8"," ","P","20","     2.6"," ","P","20","     0.2"," ","P","20","     0.0"," ","P","20","     0.0"," ","P","20","     0.0"," ","P","20","     0.0"," ","P","20","    0.02"," ","P","20","    0.06"," ","P","20","    0.15"," ","P","20","    0.44"," ","R","18","    2.75"," ","R","18"
"USW00023159","04-20"," 37.7064","-112.1456","2312.2","BRYCE CANYON AP, UT US","04","20","99","    40.0"," ","R","20","    55.0"," ","R","20","    25.0"," ","R","20","    30.0"," ","R","20","     6.3"," ","R","20","     9.2"," ","R","20","     6.0"," ","R","20","     8.9"," ","R","20","    25.0"," ","R","20","     2.5"," ","R","20","     5.6"," ","R","20","    10.0"," ","R","20","    15.0"," ","R","20","    17.0"," ","R","20","    20.0"," ","R","20","     0.0"," ","R","20","     2.5"," ","R","20","     0.6"," ","R","20","     0.1"," ","R","20","     0.0","X","R","20","     0.0"," ","R","20","     0.0"," ","R","20","     0.0"," ","R","20","     0.0"," ","R","20","     0.0"," ","R","20","     2.5"," ","R","20","     0.6"," ","R","20","     0.1"," ","R","20","     0.0","X","R","20","     0.0"," ","R","20","     0.0"," ","R","20","     0.0"," ","R","20","     0.0"," ","R","20","     4.2"," ","R","20","     3.4"," ","R","20","    21.4"," ","P","20","     8.9"," ","P","20","     2.7"," ","P","20","     0.2"," ","P","20","     0.0"," ","P","20","     0.0"," ","P","20","     0.0"," ","P","20","     0.0"," ","P","20","    0.02"," ","P","20","    0.06"," ","P","20","    0.15"," ","P","20","    0.46"," ","R","18","    2.77"," ","R","18"
"USW00023159","04-21"," 37.7064","-112.1456","2312.2","BRYCE CANYON AP, UT US","04","21","99","    40.3"," ","R","20","    55.3"," ","R","20","    25.3"," ","R","20","    30.0"," ","R","20","     6.3"," ","R","20","     9.2"," ","R","20","     6.0"," ","R","20","     8.9"," ","R","20","    24.7"," ","R","20","     2.4"," ","R","20","     5.4"," ","R","20","     9.8"," ","R","20","    14.7"," ","R","20","    16.7"," ","R","20","    19.7"," ","R","20","     0.0"," ","R","20","     2.7"," ","R","20","     0.7"," ","R","20","     0.1"," ","R","20","     0.0","X","R","20","     0.0","X","R","20","     0.0"," ","R","20","     0.0"," ","R","20","     0.0"," ","R","20","     0.0"," ","R","20","     2.7"," ","R","20","     0.7"," ","R","20","     0.1"," ","R","20","     0.0","X","R","20","     0.0","X","R","20","     0.0"," ","R","20","     0.0"," ","R","20","     0.0"," ","R","20","     4.3"," ","R","20","     3.5"," ","R","20","    21.4"," ","P","20","     8.9"," ","P","20","     2.7"," ","P","20","     0.2"," ","P","20","     0.0"," ","P","20","     0.0"," ","P","20","     0.0"," ","P","20","     0.0"," ","P","20","    0.02"," ","P","20","    0.06"," ","P","20","    0.15"," ","P","20","    0.49"," ","R","18","    2.80"," ","R","18"
"USW00023159","04-22"," 37.7064","-112.1456","2312.2","BRYCE CANYON AP, UT US","04","22","99","    40.5"," ","R","20","    55.6"," ","R","20","    25.5"," ","R","20","    30.1"," ","R","20","     6.3"," ","R","20","     9.2"," ","R","20","     5.9"," ","R","20","     8.9"," ","R","20","    24.5"," ","R","20","     2.3"," ","R","20","     5.3"," ","R","20","     9.5"," ","R","20","    14.5"," ","R","20","    16.5"," ","R","20","    19.5"," ","R","20","     0.0"," ","R","20","     2.9"," ","R","20","     0.8"," ","R","20","     0.1"," ","R","20","     0.0","X","R","20","     0.0","X","R","20","     0.0"," ","R","20","     0.0"," ","R","20","     0.0"," ","R","20","     0.0"," ","R","20","     2.9"," ","R","20","     0.8"," ","R","20","     0.1"," ","R","20","     0.0","X","R","20","     0.0","X","R","20","     0.0"," ","R","20","     0.0"," ","R","20","     0.0"," ","R","20","     4.4"," ","R","20","     3.7"," ","R","20","    21.4"," ","P","20","     9.0"," ","P","20","     2.8"," ","P","20","     0.2"," ","P","20","     0.0"," ","P","20","     0.0"," ","P","20","     0.0"," ","P","20","     0.0"," ","P","20","    0.02"," ","P","20","    0.06"," ","P","20","    0.15"," ","P","20","    0.51"," ","R","18","    2.82"," ","R","18"
"USW00023159","04-23"," 37.7064","-112.1456","2312.2","BRYCE CANYON AP, UT US","04","23","99","    40.8"," ","R","20","    55.9"," ","R","20","    25.7"," ","R","20","    30.2"," ","R","20","     6.3"," ","R","20","     9.2"," ","R","20","     5.9"," ","R","20","     8.9"," ","R","20","    24.2"," ","R","20","     2.2"," ","R","20","     5.1"," ","R","20","     9.3"," ","R","20","    14.2"," ","R","20","    16.2"," ","R","20","    19.2"," ","R","20","     0.0"," ","R","20","     3.0"," ","R","20","     0.9"," ","R","20","     0.1"," ","R","20","     0.0","X","R","20","     0.0","X","R","20","     0.0"," ","R","20","     0.0"," ","R","20","     0.0"," ","R","20","     0.0"," ","R","20","     3.0"," ","R","20","     0.9"," ","R","20","     0.1"," ","R","20","     0.0","X","R","20","     0.0","X","R","20","     0.0"," ","R","20","     0.0"," ","R","20","     0.0"," ","R","20","     4.5"," ","R","20","     3.8"," ","R","20","    21.4"," ","P","20","     9.0"," ","P","20","     2.8"," ","P","20","     0.2"," ","P","20","     0.0"," ","P","20","     0.0"," ","P","20","     0.0"," ","P","20","     0.0"," ","P","20","    0.02"," ","P","20","    0.06"," ","P","20","    0.16"," ","P","20","    0.53"," ","R","18","    2.84"," ","R","18"
"USW00023159","04-24"," 37.7064","-112.1456","2312.2","BRYCE CANYON AP, UT US","04","24","99","    41.1"," ","R","20","    56.2"," ","R","20","    26.0"," ","R","20","    30.2"," ","R","20","     6.3"," ","R","20","     9.2"," ","R","20","     5.9"," ","R","20","     8.9"," ","R","20","    23.9"," ","R","20","     2.1"," ","R","20","     4.9"," ","R","20","     9.1"," ","R","20","    13.9"," ","R","20","    15.9"," ","R","20","    18.9"," ","R","20","     0.0"," ","R","20","     3.2"," ","R","20","     1.0"," ","R","20","     0.2"," ","R","20","     0.0","X","R","20","     0.0","X","R","20","     0.0"," ","R","20","     0.0"," ","R","20","     0.0"," ","R","20","     0.0"," ","R","20","     3.2"," ","R","20","     1.0"," ","R","20","     0.2"," ","R","20","     0.0","X","R","20","     0.0","X","R","20","     0.0"," ","R","20","     0.0"," ","R","20","     0.0"," ","R","20","     4.7"," ","R","20","     3.9"," ","R","20","    21.3"," ","P","20","     9.0"," ","P","20","     2.8"," ","P","20","     0.2"," ","P","20","     0.0"," ","P","20","     0.0"," ","P","20","     0.0"," ","P","20","     0.0"," ","P","20","    0.02"," ","P","20","    0.06"," ","P","20","    0.16"," ","P","20","    0.55"," ","R","18","    2.86"," ","R","18"
"USW00023159","04-25"," 37.7064","-112.1456","2312.2","BRYCE CANYON AP, UT US","04","25","99","    41.4"," ","R","20","    56.5"," ","R","20","    26.2"," ","R","20","    30.3"," ","R","20","     6.3"," ","R","20","     9.1"," ","R","20","     5.8"," ","R","20","     8.9"," ","R","20","    23.6"," ","R","20","     2.0"," ","R","20","     4.8"," ","R","20","     8.8"," ","R","20","    13.6"," ","R","20","    15.6"," ","R","20","    18.6"," ","R","20","     0.0"," ","R","20","     3.4"," ","R","20","     1.1"," ","R","20","     0.2"," ","R","20","     0.0","X","R","20","     0.0","X","R","20","     0.0"," ","R","20","     0.0"," ","R","20","     0.0"," ","R","20","     0.0"," ","R","20","     3.4"," ","R","20","     1.1"," ","R","20","     0.2"," ","R","20","     0.0","X","R","20","     0.0","X","R","20","     0.0"," ","R","20","     0.0"," ","R","20","     0.0"," ","R","20","     4.8"," ","R","20","     4.0"," ","R","20","    21.3"," ","P","20","     9.0"," ","P","20","     2.8"," ","P","20","     0.2"," ","P","20","     0.0"," ","P","20","     0.0"," ","P","20","     0.0"," ","P","20","     0.0"," ","P","20","    0.02"," ","P","20","    0.06"," ","P","20","    0.15"," ","P","20","    0.58"," ","R","18","    2.89"," ","R","18"
"USW00023159","04-26"," 37.7064","-112.1456","2312.2","BRYCE CANYON AP, UT US","04","26","99","    41.6"," ","R","20","    56.8"," ","R","20","    26.5"," ","R","20","    30.4"," ","R","20","     6.2"," ","R","20","     9.1"," ","R","20","     5.8"," ","R","20","     8.9"," ","R","20","    23.4"," ","R","20","     1.9"," ","R","20","     4.6"," ","R","20","     8.6"," ","R","20","    13.4"," ","R","20","    15.4"," ","R","20","    18.4"," ","R","20","     0.0"," ","R","20","     3.5"," ","R","20","     1.2"," ","R","20","     0.2"," ","R","20","     0.0","X","R","20","     0.0","X","R","20","     0.0"," ","R","20","     0.0"," ","R","20","     0.0"," ","R","20","     0.0"," ","R","20","     3.5"," ","R","20","     1.2"," ","R","20","     0.2"," ","R","20","     0.0","X","R","20","     0.0","X","R","20","     0.0"," ","R","20","     0.0"," ","R","20","     0.0"," ","R","20","     4.9"," ","R","20","     4.1"," ","R","20","    21.3"," ","P","20","     9.0"," ","P","20","     2.8"," ","P","20","     0.2"," ","P","20","     0.0"," ","P","20","     0.0"," ","P","20","     0.0"," ","P","20","     0.0"," ","P","20","    0.02"," ","P","20","    0.06"," ","P","20","    0.15"," ","P","20","    0.60"," ","R","18","    2.91"," ","R","18"
"USW00023159","04-27"," 37.7064","-112.1456","2312.2","BRYCE CANYON AP, UT US","04","27","99","    41.9"," ","R","20","    57.1"," ","R","20","    26.7"," ","R","20","    30.4"," ","R","20","     6.2"," ","R","20","     9.1"," ","R","20","     5.7"," ","R","20","     8.9"," ","R","20","    23.1"," ","R","20","     1.7"," ","R","20","     4.4"," ","R","20","     8.3"," ","R","20","    13.1"," ","R","20","    15.1"," ","R","20","    18.1"," ","R","20","     0.0"," ","R","20","     3.7"," ","R","20","     1.3"," ","R","20","     0.2"," ","R","20","     0.0","X","R","20","     0.0","X","R","20","     0.0"," ","R","20","     0.0"," ","R","20","     0.0"," ","R","20","     0.0"," ","R","20","     3.7"," ","R","20","     1.3"," ","R","20","     0.2"," ","R","20","     0.0","X","R","20","     0.0","X","R","20","     0.0"," ","R","20","     0.0"," ","R","20","     0.0"," ","R","20","     5.0"," ","R","20","     4.3"," ","R","20","    21.3"," ","P","20","     8.9"," ","P","20","     2.9"," ","P","20","     0.2"," ","P","20","     0.0"," ","P","20","     0.0"," ","P","20","     0.0"," ","P","20","     0.0"," ","P","20","    0.02"," ","P","20","    0.06"," ","P","20","    0.15"," ","P","20","    0.63"," ","R","18","    2.94"," ","R","18"
"USW00023159","04-28"," 37.7064","-112.1456","2312.2","BRYCE CANYON AP, UT US","04","28","99","    42.2"," ","R","20","    57.5"," ","R","20","    27.0"," ","R","20","    30.5"," ","R","20","     6.2"," ","R","20","     9.1"," ","R","20","     5.7"," ","R","20","     8.9"," ","R","20","    22.8"," ","R","20","     1.6"," ","R","20","     4.2"," ","R","20","     8.0"," ","R","20","    12.8"," ","R","20","    14.8"," ","R","20","    17.8"," ","R","20","     0.0"," ","R","20","     3.8"," ","R","20","     1.4"," ","R","20","     0.2"," ","R","20","     0.0","X","R","20","     0.0","X","R","20","     0.0"," ","R","20","     0.0"," ","R","20","     0.0"," ","R","20","     0.0"," ","R","20","     3.8"," ","R","20","     1.4"," ","R","20","     0.2"," ","R","20","     0.0","X","R","20","     0.0","X","R","20","     0.0"," ","R","20","     0.0"," ","R","20","     0.0"," ","R","20","     5.2"," ","R","20","     4.4"," ","R","20","    21.2"," ","P","20","     8.9"," ","P","20","     2.9"," ","P","20","     0.2"," ","P","20","     0.0"," ","P","20","     0.0"," ","P","20","     0.0"," ","P","20","     0.0"," ","P","20","    0.02"," ","P","20","    0.06"," ","P","20","    0.15"," ","P","20","    0.65"," ","R","18","    2.96"," ","R","18"
"USW00023159","04-29"," 37.7064","-112.1456","2312.2","BRYCE CANYON AP, UT US","04","29","99","    42.5"," ","R","20","    57.8"," ","R","20","    27.2"," ","R","20","    30.6"," ","R","20","     6.2"," ","R","20","     9.1"," ","R","20","     5.6"," ","R","20","     8.9"," ","R","20","    22.5"," ","R","20","     1.5"," ","R","20","     3.9"," ","R","20","     7.8"," ","R","20","    12.5"," ","R","20","    14.5"," ","R","20","    17.5"," ","R","20","     0.0"," ","R","20","     4.0"," ","R","20","     1.4"," ","R","20","     0.3"," ","R","20","     0.0","X","R","20","     0.0","X","R","20","     0.0"," ","R","20","     0.0"," ","R","20","     0.0"," ","R","20","     0.0"," ","R","20","     4.0"," ","R","20","     1.4"," ","R","20","     0.3"," ","R","20","     0.0","X","R","20","     0.0","X","R","20","     0.0"," ","R","20","     0.0"," ","R","20","     0.0"," ","R","20","     5.3"," ","R","20","     4.5"," ","R","20","    21.2"," ","P","20","     8.8"," ","P","20","     2.9"," ","P","20","     0.2"," ","P","20","     0.0"," ","P","20","     0.0"," ","P","20","     0.0"," ","P","20","     0.0"," ","P","20","    0.02"," ","P","20","    0.06"," ","P","20","    0.15"," ","P","20","    0.68"," ","R","18","    2.99"," ","R","18"
"USW00023159","04-30"," 37.7064","-112.1456","2312.2","BRYCE CANYON AP, UT US","04","30","99","    42.8"," ","R","20","    58.1"," ","R","20","    27.5"," ","R","20","    30.7"," ","R","20","     6.1"," ","R","20","     9.1"," ","R","20","     5.6"," ","R","20","     8.9"," ","R","20","    22.2"," ","R","20","     1.4"," ","R","20","     3.7"," ","R","20","     7.5"," ","R","20","    12.2"," ","R","20","    14.2"," ","R","20","    17.2"," ","R","20","     0.0"," ","R","20","     4.1"," ","R","20","     1.5"," ","R","20","     0.3"," ","R","20","     0.0","X","R","20","     0.0","X","R","20","     0.0"," ","R","20","     0.0"," ","R","20","     0.0"," ","R","20","     0.0"," ","R","20","     4.1"," ","R","20","     1.5"," ","R","20","     0.3"," ","R","20","     0.0","X","R","20","     0.0","X","R","20","     0.0"," ","R","20","     0.0"," ","R","20","     0.0"," ","R","20","     5.4"," ","R","20","     4.6"," ","R","20","    21.2"," ","P","20","     8.8"," ","P","20","     2.9"," ","P","20","     0.2"," ","P","20","     0.0"," ","P","20","     0.0"," ","P","20","     0.0"," ","P","20","     0.0"," ","P","20","    0.02"," ","P","20","    0.06"," ","P","20","    0.15"," ","P","20","    0.70"," ","R","18","    3.01"," ","R","18"
"USW00023159","05-01"," 37.7064","-112.1456","2312.2","BRYCE CANYON AP, UT US","05","01","99","    43.1"," ","R","20","    58.5"," ","R","20","    27.7"," ","R","20","    30.8"," ","R","20","     6.1"," ","R","20","     9.1"," ","R","20","     5.6"," ","R","20","     8.8"," ","R","20","    21.9"," ","R","20","     1.3"," ","R","20","     3.6"," ","R","20","     7.2"," ","R","20","    11.9"," ","R","20","    13.9"," ","R","20","    16.9"," ","R","20","     0.0"," ","R","20","     4.3"," ","R","20","     1.6"," ","R","20","     0.3"," ","R","20","     0.0","X","R","20","     0.0","X","R","20","     0.0","X","R","20","     0.0"," ","R","20","     0.0"," ","R","20","     0.0"," ","R","20","     4.3"," ","R","20","     1.6"," ","R","20","     0.3"," ","R","20","     0.0","X","R","20","     0.0","X","R","20","     0.0","X","R","20","     0.0"," ","R","20","     0.0"," ","R","20","     5.6"," ","R","20","     4.8"," ","R","20","    21.2"," ","P","20","     8.7"," ","P","20","     2.9"," ","P","20","     0.2"," ","P","20","     0.0"," ","P","20","     0.0"," ","P","20","     0.0"," ","P","20","     0.0"," ","P","20","    0.02"," ","P","20","    0.06"," ","P","20","    0.15"," ","P","20","    0.03"," ","R","19","    3.04"," ","R","19"
"USW00023159","05-02"," 37.7064","-112.1456","2312.2","BRYCE CANYON AP, UT US","05","02","99","    43.4"," ","R","20","    58.8"," ","R","20","    28.0"," ","R","20","    30.9"," ","R","20","     6.1"," ","R","20","     9.1"," ","R","20","     5.6"," ","R","20","     8.9"," ","R","20","    21.6"," ","R","20","     1.2"," ","R","20","     3.4"," ","R","20","     7.0"," ","R","20","    11.6"," ","R","20","    13.6"," ","R","20","    16.6"," ","R","20","     0.0"," ","R","20","     4.6"," ","R","20","     1.8"," ","R","20","     0.4"," ","R","20","     0.0","X","R","20","     0.0","X","R","20","     0.0","X","R","20","     0.0"," ","R","20","     0.0"," ","R","20","     0.0"," ","R","20","     4.6"," ","R","20","     1.8"," ","R","20","     0.4"," ","R","20","     0.0","X","R","20","     0.0","X","R","20","     0.0","X","R","20","     0.0"," ","R","20","     0.0"," ","R","20","     5.7"," ","R","20","     4.9"," ","R","20","    21.2"," ","P","20","     8.6"," ","P","20","     2.9"," ","P","20","     0.3"," ","P","20","     0.0"," ","P","20","     0.0"," ","P","20","     0.0"," ","P","20","     0.0"," ","P","20","    0.02"," ","P","20","    0.06"," ","P","20","    0.15"," ","P","20","    0.06"," ","R","19","    3.07"," ","R","19"
"USW00023159","05-03"," 37.7064","-112.1456","2312.2","BRYCE CANYON AP, UT US","05","03","99","    43.7"," ","R","20","    59.2"," ","R","20","    28.2"," ","R","20","    31.0"," ","R","20","     6.1"," ","R","20","     9.1"," ","R","20","     5.6"," ","R","20","     8.9"," ","R","20","    21.3"," ","R","20","     1.1"," ","R","20","     3.2"," ","R","20","     6.7"," ","R","20","    11.4"," ","R","20","    13.3"," ","R","20","    16.3"," ","R","20","     0.0"," ","R","20","     4.8"," ","R","20","     1.9"," ","R","20","     0.4"," ","R","20","     0.0","X","R","20","     0.0","X","R","20","     0.0","X","R","20","     0.0"," ","R","20","     0.0"," ","R","20","     0.0"," ","R","20","     4.8"," ","R","20","     1.9"," ","R","20","     0.4"," ","R","20","     0.0","X","R","20","     0.0","X","R","20","     0.0","X","R","20","     0.0"," ","R","20","     0.0"," ","R","20","     5.9"," ","R","20","     5.1"," ","R","20","    21.1"," ","P","20","     8.6"," ","P","20","     3.0"," ","P","20","     0.3"," ","P","20","     0.0"," ","P","20","     0.0"," ","P","20","     0.0"," ","P","20","     0.0"," ","P","20","    0.02"," ","P","20","    0.06"," ","P","20","    0.15"," ","P","20","    0.09"," ","R","19","    3.10"," ","R","19"
"USW00023159","05-04"," 37.7064","-112.1456","2312.2","BRYCE CANYON AP, UT US","05","04","99","    44.0"," ","R","20","    59.5"," ","R","20","    28.4"," ","R","20","    31.1"," ","R","20","     6.1"," ","R","20","     9.2"," ","R","20","     5.5"," ","R","20","     8.9"," ","R","20","    21.0"," ","R","20","     1.1"," ","R","20","     3.1"," ","R","20","     6.5"," ","R","20","    11.1"," ","R","20","    13.0"," ","R","20","    16.0"," ","R","20","     0.0"," ","R","20","     5.0"," ","R","20","     2.0"," ","R","20","     0.5"," ","R","20","     0.0","X","R","20","     0.0","X","R","20","     0.0","X","R","20","     0.0"," ","R","20","     0.0"," ","R","20","     0.0"," ","R","20","     5.0"," ","R","20","     2.0"," ","R","20","     0.5"," ","R","20","     0.0","X","R","20","     0.0","X","R","20","     0.0","X","R","20","     0.0"," ","R","20","     0.0"," ","R","20","     6.1"," ","R","20","     5.2"," ","R","20","    21.0"," ","P","20","     8.4"," ","P","20","     3.0"," ","P","20","     0.3"," ","P","20","     0.0"," ","P","20","     0.0"," ","P","20","     0.0"," ","P","20","     0.0"," ","P","20","    0.02"," ","P","20","    0.06"," ","P","20","    0.15"," ","P","20","    0.12"," ","R","19","    3.13"," ","R","19"
"USW00023159","05-05"," 37.7064","-112.1456","2312.2","BRYCE CANYON AP, UT US","05","05","99","    44.3"," ","R","20","    59.9"," ","R","20","    28.7"," ","R","20","    31.2"," ","R","20","     6.1"," ","R","20","     9.2"," ","R","20","     5.5"," ","R","20","     8.9"," ","R","20","    20.7"," ","R","20","     1.0"," ","R","20","     2.9"," ","R","20","     6.2"," ","R","20","    10.8"," ","R","20","    12.7"," ","R","20","    15.7"," ","R","20","     0.0"," ","R","20","     5.3"," ","R","20","     2.2"," ","R","20","     0.5"," ","R","20","     0.0","X","R","20","     0.0","X","R","20","     0.0","X","R","20","     0.0"," ","R","20","     0.0"," ","R","20","     0.0"," ","R","20","     5.3"," ","R","20","     2.2"," ","R","20","     0.5"," ","R","20","     0.0","X","R","20","     0.0","X","R","20","     0.0","X","R","20","     0.0"," ","R","20","     0.0"," ","R","20","     6.2"," ","R","20","     5.4"," ","R","20","    20.9"," ","P","20","     8.3"," ","P","20","     3.0"," ","P","20","     0.3"," ","P","20","     0.0"," ","P","20","     0.0"," ","P","20","     0.0"," ","P","20","     0.0"," ","P","20","    0.02"," ","P","20","    0.06"," ","P","20","    0.15"," ","P","20","    0.15"," ","R","19","    3.16"," ","R","19"
"USW00023159","05-06"," 37.7064","-112.1456","2312.2","BRYCE CANYON AP, UT US","05","06","99","    44.6"," ","R","20","    60.3"," ","R","20","    28.9"," ","R","20","    31.4"," ","R","20","     6.1"," ","R","20","     9.2"," ","R","20","     5.5"," ","R","20","     8.9"," ","R","20","    20.4"," ","R","20","     0.9"," ","R","20","     2.7"," ","R","20","     6.0"," ","R","20","    10.5"," ","R","20","    12.4"," ","R","20","    15.4"," ","R","20","     0.0"," ","R","20","     5.5"," ","R","20","     2.3"," ","R","20","     0.6"," ","R","20","     0.1"," ","R","20","     0.0","X","R","20","     0.0","X","R","20","     0.0"," ","R","20","     0.0"," ","R","20","     0.0"," ","R","20","     5.5"," ","R","20","     2.3"," ","R","20","     0.6"," ","R","20","     0.1"," ","R","20","     0.0","X","R","20","     0.0","X","R","20","     0.0"," ","R","20","     0.0"," ","R","20","     6.4"," ","R","20","     5.5"," ","R","20","    20.8"," ","P","20","     8.2"," ","P","20","     3.0"," ","P","20","     0.3"," ","P","20","     0.0"," ","P","20","     0.0"," ","P","20","     0.0"," ","P","20","     0.0"," ","P","20","    0.02"," ","P","20","    0.06"," ","P","20","    0.15"," ","P","20","    0.18"," ","R","19","    3.19"," ","R","19"
"USW00023159","05-07"," 37.7064","-112.1456","2312.2","BRYCE CANYON AP, UT US","05","07","99","    44.9"," ","R","20","    60.6"," ","R","20","    29.1"," ","R","20","    31.5"," ","R","20","     6.1"," ","R","20","     9.2"," ","R","20","     5.5"," ","R","20","     8.8"," ","R","20","    20.1"," ","R","20","     0.8"," ","R","20","     2.5"," ","R","20","     5.7"," ","R","20","    10.2"," ","R","20","    12.1"," ","R","20","    15.1"," ","R","20","     0.0"," ","R","20","     5.7"," ","R","20","     2.4"," ","R","20","     0.6"," ","R","20","     0.1"," ","R","20","     0.0","X","R","20","     0.0","X","R","20","     0.0"," ","R","20","     0.0"," ","R","20","     0.0"," ","R","20","     5.7"," ","R","20","     2.4"," ","R","20","     0.6"," ","R","20","     0.1"," ","R","20","     0.0","X","R","20","     0.0","X","R","20","     0.0"," ","R","20","     0.0"," ","R","20","     6.5"," ","R","20","     5.7"," ","R","20","    20.6"," ","P","20","     8.2"," ","P","20","     3.0"," ","P","20","     0.3"," ","P","20","     0.0"," ","P","20","     0.0"," ","P","20","     0.0"," ","P","20","     0.0"," ","P","20","    0.02"," ","P","20","    0.06"," ","P","20","    0.15"," ","P","20","    0.21"," ","R","19","    3.22"," ","R","19"
"USW00023159","05-08"," 37.7064","-112.1456","2312.2","BRYCE CANYON AP, UT US","05","08","99","    45.2"," ","R","20","    61.0"," ","R","20","    29.4"," ","R","20","    31.6"," ","R","20","     6.1"," ","R","20","     9.2"," ","R","20","     5.5"," ","R","20","     8.8"," ","R","20","    19.8"," ","R","20","     0.7"," ","R","20","     2.3"," ","R","20","     5.4"," ","R","20","     9.9"," ","R","20","    11.8"," ","R","20","    14.8"," ","R","20","     0.0"," ","R","20","     5.9"," ","R","20","     2.5"," ","R","20","     0.6"," ","R","20","     0.0","X","R","20","     0.0","X","R","20","     0.0","X","R","20","     0.0"," ","R","20","     0.0"," ","R","20","     0.0"," ","R","20","     5.9"," ","R","20","     2.5"," ","R","20","     0.6"," ","R","20","     0.0","X","R","20","     0.0","X","R","20","     0.0","X","R","20","     0.0"," ","R","20","     0.0"," ","R","20","     6.7"," ","R","20","     5.8"," ","R","20","    20.5"," ","P","20","     8.0"," ","P","20","     3.0"," ","P","20","     0.4"," ","P","20","     0.0"," ","P","20","     0.0"," ","P","20","     0.0"," ","P","20","     0.0"," ","P","20","    0.02"," ","P","20","    0.06"," ","P","20","    0.15"," ","P","20","    0.24"," ","R","19","    3.25"," ","R","19"
"USW00023159","05-09"," 37.7064","-112.1456","2312.2","BRYCE CANYON AP, UT US","05","09","99","    45.5"," ","R","20","    61.4"," ","R","20","    29.6"," ","R","20","    31.8"," ","R","20","     6.1"," ","R","20","     9.1"," ","R","20","     5.5"," ","R","20","     8.8"," ","R","20","    19.5"," ","R","20","     0.6"," ","R","20","     2.1"," ","R","20","     5.1"," ","R","20","     9.5"," ","R","20","    11.5"," ","R","20","    14.5"," ","R","20","     0.0"," ","R","20","     6.1"," ","R","20","     2.6"," ","R","20","     0.6"," ","R","20","     0.0","X","R","20","     0.0","X","R","20","     0.0","X","R","20","     0.0"," ","R","20","     0.0"," ","R","20","     0.0"," ","R","20","     6.1"," ","R","20","     2.6"," ","R","20","     0.6"," ","R","20","     0.0","X","R","20","     0.0","X","R","20","     0.0","X","R","20","     0.0"," ","R","20","     0.0"," ","R","20","     6.9"," ","R","20","     6.0"," ","R","20","    20.3"," ","P","20","     8.0"," ","P","20","     3.1"," ","P","20","     0.4"," ","P","20","     0.0"," ","P","20","     0.0"," ","P","20","     0.0"," ","P","20","     0.0"," ","P","20","    0.02"," ","P","20","    0.06"," ","P","20","    0.16"," ","P","20","    0.27"," ","R","19","    3.28"," ","R","19"
"USW00023159","05-10"," 37.7064","-112.1456","2312.2","BRYCE CANYON AP, UT US","05","10","99","    45.8"," ","R","20","    61.8"," ","R","20","    29.8"," ","R","20","    32.0"," ","R","20","     6.1"," ","R","20","     9.1"," ","R","20","     5.5"," ","R","20","     8.8"," ","R","20","    19.2"," ","R","20","     0.6"," ","R","20","     2.0"," ","R","20","     4.9"," ","R","20","     9.3"," ","R","20","    11.2"," ","R","20","    14.2"," ","R","20","     0.0"," ","R","20","     6.4"," ","R","20","     2.8"," ","R","20","     0.7"," ","R","20","     0.0","X","R","20","     0.0","X","R","20","     0.0","X","R","20","     0.0"," ","R","20","     0.0"," ","R","20","     0.0"," ","R","20","     6.4"," ","R","20","     2.8"," ","R","20","     0.7"," ","R","20","     0.0","X","R","20","     0.0","X","R","20","     0.0","X","R","20","     0.0"," ","R","20","     0.0"," ","R","20","     7.1"," ","R","20","     6.2"," ","R","20","    20.1"," ","P","20","     7.9"," ","P","20","     3.1"," ","P","20","     0.4"," ","P","20","     0.0"," ","P","20","     0.0"," ","P","20","     0.0"," ","P","20","     0.0"," ","P","20","    0.02"," ","P","20","    0.06"," ","P","20","    0.16"," ","P","20","    0.29"," ","R","19","    3.30"," ","R","19"
"USW00023159","05-11"," 37.7064","-112.1456","2312.2","BRYCE CANYON AP, UT US","05","11","99","    46.1"," ","R","20","    62.2"," ","R","20","    30.0"," ","R","20","    32.2"," ","R","20","     6.1"," ","R","20","     9.1"," ","R","20","     5.5"," ","R","20","     8.7"," ","R","20","    18.9"," ","R","20","     0.5"," ","R","20","     1.9"," ","R","20","     4.7"," ","R","20","     9.0"," ","R","20","    10.9"," ","R","20","    13.9"," ","R","20","     0.0"," ","R","20","     6.6"," ","R","20","     3.0"," ","R","20","     0.8"," ","R","20","     0.1"," ","R","20","     0.0","X","R","20","     0.0","X","R","20","     0.0"," ","R","20","     0.0"," ","R","20","     0.0"," ","R","20","     6.6"," ","R","20","     3.0"," ","R","20","     0.8"," ","R","20","     0.1"," ","R","20","     0.0","X","R","20","     0.0","X","R","20","     0.0"," ","R","20","     0.0"," ","R","20","     7.2"," ","R","20","     6.3"," ","R","20","    19.9"," ","P","20","     7.7"," ","P","20","     3.0"," ","P","20","     0.4"," ","P","20","     0.0"," ","P","20","     0.0"," ","P","20","     0.0"," ","P","20","     0.0"," ","P","20","    0.02"," ","P","20","    0.06"," ","P","20","    0.16"," ","P","20","    0.32"," ","R","19","    3.33"," ","R","19"
"USW00023159","05-12"," 37.7064","-112.1456","2312.2","BRYCE CANYON AP, UT US","05","12","99","    46.4"," ","R","20","    62.6"," ","R","20","    30.2"," ","R","20","    32.3"," ","R","20","     6.1"," ","R","20","     9.1"," ","R","20","     5.5"," ","R","20","     8.7"," ","R","20","    18.6"," ","R","20","     0.5"," ","R","20","     1.8"," ","R","20","     4.5"," ","R","20","     8.7"," ","R","20","    10.6"," ","R","20","    13.6"," ","R","20","     0.0"," ","R","20","     6.9"," ","R","20","     3.2"," ","R","20","     0.9"," ","R","20","     0.1"," ","R","20","     0.0","X","R","20","     0.0","X","R","20","     0.0"," ","R","20","     0.0"," ","R","20","     0.0"," ","R","20","     6.9"," ","R","20","     3.2"," ","R","20","     0.9"," ","R","20","     0.1"," ","R","20","     0.0","X","R","20","     0.0","X","R","20","     0.0"," ","R","20","     0.0"," ","R","20","     7.4"," ","R","20","     6.5"," ","R","20","    19.6"," ","P","20","     7.6"," ","P","20","     3.0"," ","P","20","     0.4"," ","P","20","     0.0"," ","P","20","     0.0"," ","P","20","     0.0"," ","P","20","     0.0"," ","P","20","    0.02"," ","P","20","    0.06"," ","P","20","    0.16"," ","P","20","    0.35"," ","R","19","    3.36"," ","R","19"
"USW00023159","05-13"," 37.7064","-112.1456","2312.2","BRYCE CANYON AP, UT US","05","13","99","    46.7"," ","R","20","    63.0"," ","R","20","    30.4"," ","R","20","    32.5"," ","R","20","     6.1"," ","R","20","     9.1"," ","R","20","     5.5"," ","R","20","     8.7"," ","R","20","    18.3"," ","R","20","     0.5"," ","R","20","     1.7"," ","R","20","     4.3"," ","R","20","     8.4"," ","R","20","    10.3"," ","R","20","    13.3"," ","R","20","     0.0"," ","R","20","     7.2"," ","R","20","     3.4"," ","R","20","     1.0"," ","R","20","     0.1"," ","R","20","     0.1"," ","R","20","     0.0","X","R","20","     0.0"," ","R","20","     0.0"," ","R","20","     0.0"," ","R","20","     7.2"," ","R","20","     3.4"," ","R","20","     1.0"," ","R","20","     0.1"," ","R","20","     0.1"," ","R","20","     0.0","X","R","20","     0.0"," ","R","20","     0.0"," ","R","20","     7.6"," ","R","20","     6.7"," ","R","20","    19.4"," ","P","20","     7.4"," ","P","20","     3.0"," ","P","20","     0.5"," ","P","20","     0.0"," ","P","20","     0.0"," ","P","20","     0.0"," ","P","20","     0.0"," ","P","20","    0.02"," ","P","20","    0.06"," ","P","20","    0.16"," ","P","20","    0.38"," ","R","19","    3.39"," ","R","19"
"USW00023159","05-14"," 37.7064","-112.1456","2312.2","BRYCE CANYON AP, UT US","05","14","99","    47.0"," ","R","20","    63.4"," ","R","20","    30.6"," ","R","20","    32.8"," ","R","20","     6.1"," ","R","20","     9.0"," ","R","20","     5.5"," ","R","20","     8.6"," ","R","20","    18.0"," ","R","20","     0.5"," ","R","20","     1.6"," ","R","20","     4.1"," ","R","20","     8.2"," ","R","20","    10.1"," ","R","20","    13.0"," ","R","20","     0.0"," ","R","20","     7.5"," ","R","20","     3.6"," ","R","20","     1.1"," ","R","20","     0.2"," ","R","20","     0.1"," ","R","20","     0.0","X","R","20","     0.0"," ","R","20","     0.0"," ","R","20","     0.0"," ","R","20","     7.5"," ","R","20","     3.6"," ","R","20","     1.1"," ","R","20","     0.2"," ","R","20","     0.1"," ","R","20","     0.0","X","R","20","     0.0"," ","R","20","     0.0"," ","R","20","     7.8"," ","R","20","     6.9"," ","R","20","    19.2"," ","P","20","     7.3"," ","P","20","     3.0"," ","P","20","     0.5"," ","P","20","     0.0"," ","P","20","     0.0"," ","P","20","     0.0"," ","P","20","     0.0"," ","P","20","    0.02"," ","P","20","    0.06"," ","P","20","    0.16"," ","P","20","    0.41"," ","R","19","    3.42"," ","R","19"
"USW00023159","05-15"," 37.7064","-112.1456","2312.2","BRYCE CANYON AP, UT US","05","15","99","    47.3"," ","R","20","    63.8"," ","R","20","    30.8"," ","R","20","    33.0"," ","R","20","     6.1"," ","R","20","     9.0"," ","R","20","     5.5"," ","R","20","     8.6"," ","R","20","    17.7"," ","R","20","     0.4"," ","R","20","     1.5"," ","R","20","     4.0"," ","R","20","     7.9"," ","R","20","     9.8"," ","R","20","    12.7"," ","R","20","     0.0"," ","R","20","     7.7"," ","R","20","     3.8"," ","R","20","     1.3"," ","R","20","     0.2"," ","R","20","     0.1"," ","R","20","     0.0","X","R","20","     0.0"," ","R","20","     0.0"," ","R","20","     0.0"," ","R","20","     7.7"," ","R","20","     3.8"," ","R","20","     1.3"," ","R","20","     0.2"," ","R","20","     0.1"," ","R","20","     0.0","X","R","20","     0.0"," ","R","20","     0.0"," ","R","20","     8.0"," ","R","20","     7.1"," ","R","20","    19.0"," ","P","20","     7.2"," ","P","20","     3.0"," ","P","20","     0.5"," ","P","20","     0.0"," ","P","20","     0.0"," ","P","20","     0.0"," ","P","20","     0.0"," ","P","20","    0.02"," ","P","20","    0.06"," ","P","20","    0.16"," ","P","20","    0.44"," ","R","19","    3.45"," ","R","19"
"USW00023159","05-16"," 37.7064","-112.1456","2312.2","BRYCE CANYON AP, UT US","05","16","99","    47.6"," ","R","20","    64.2"," ","R","20","    31.0"," ","R","20","    33.2"," ","R","20","     6.1"," ","R","20","     9.0"," ","R","20","     5.5"," ","R","20","     8.5"," ","R","20","    17.4"," ","R","20","     0.4"," ","R","20","     1.4"," ","R","20","     3.8"," ","R","20","     7.7"," ","R","20","     9.5"," ","R","20","    12.4"," ","R","20","     0.0"," ","R","20","     8.0"," ","R","20","     4.0"," ","R","20","     1.4"," ","R","20","     0.3"," ","R","20","     0.1"," ","R","20","     0.0","X","R","20","     0.0"," ","R","20","     0.0"," ","R","20","     0.0"," ","R","20","     8.0"," ","R","20","     4.0"," ","R","20","     1.4"," ","R","20","     0.3"," ","R","20","     0.1"," ","R","20","     0.0","X","R","20","     0.0"," ","R","20","     0.0"," ","R","20","     8.2"," ","R","20","     7.3"," ","R","20","    18.9"," ","P","20","     7.1"," ","P","20","     2.9"," ","P","20","     0.5"," ","P","20","     0.0"," ","P","20","     0.0"," ","P","20","     0.0"," ","P","20","     0.0"," ","P","20","    0.02"," ","P","20","    0.06"," ","P","20","    0.16"," ","P","20","    0.46"," ","R","19","    3.47"," ","R","19"
"USW00023159","05-17"," 37.7064","-112.1456","2312.2","BRYCE CANYON AP, UT US","05","17","99","    47.9"," ","R","20","    64.6"," ","R","20","    31.2"," ","R","20","    33.4"," ","R","20","     6.1"," ","R","20","     8.9"," ","R","20","     5.5"," ","R","20","     8.4"," ","R","20","    17.1"," ","R","20","     0.4"," ","R","20","     1.3"," ","R","20","     3.7"," ","R","20","     7.4"," ","R","20","     9.3"," ","R","20","    12.1"," ","R","20","     0.0"," ","R","20","     8.3"," ","R","20","     4.2"," ","R","20","     1.5"," ","R","20","     0.3"," ","R","20","     0.1"," ","R","20","     0.0","X","R","20","     0.0"," ","R","20","     0.0"," ","R","20","     0.0"," ","R","20","     8.3"," ","R","20","     4.2"," ","R","20","     1.5"," ","R","20","     0.3"," ","R","20","     0.1"," ","R","20","     0.0","X","R","20","     0.0"," ","R","20","     0.0"," ","R","20","     8.4"," ","R","20","     7.5"," ","R","20","    18.7"," ","P","20","     6.9"," ","P","20","     2.9"," ","P","20","     0.5"," ","P","20","     0.0"," ","P","20","     0.0"," ","P","20","     0.0"," ","P","20","     0.0"," ","P","20","    0.02"," ","P","20","    0.06"," ","P","20","    0.16"," ","P","20","    0.49"," ","R","19","    3.50"," ","R","19"
"USW00023159","05-18"," 37.7064","-112.1456","2312.2","BRYCE CANYON AP, UT US","05","18","99","    48.2"," ","R","20","    65.0"," ","R","20","    31.3"," ","R","20","    33.7"," ","R","20","     6.1"," ","R","20","     8.9"," ","R","20","     5.5"," ","R","20","     8.4"," ","R","20","    16.8"," ","R","20","     0.3"," ","R","20","     1.3"," ","R","20","     3.5"," ","R","20","     7.2"," ","R","20","     9.0"," ","R","20","    11.8"," ","R","20","     0.0"," ","R","20","     8.5"," ","R","20","     4.4"," ","R","20","     1.6"," ","R","20","     0.4"," ","R","20","     0.2"," ","R","20","     0.0","X","R","20","     0.0"," ","R","20","     0.0"," ","R","20","     0.0"," ","R","20","     8.5"," ","R","20","     4.4"," ","R","20","     1.6"," ","R","20","     0.4"," ","R","20","     0.2"," ","R","20","     0.0","X","R","20","     0.0"," ","R","20","     0.0"," ","R","20","     8.6"," ","R","20","     7.7"," ","R","20","    18.5"," ","P","20","     6.8"," ","P","20","     2.8"," ","P","20","     0.5"," ","P","20","     0.0"," ","P","20","     0.0"," ","P","20","     0.0"," ","P","20","     0.0"," ","P","20","    0.02"," ","P","20","    0.06"," ","P","20","    0.16"," ","P","20","    0.52"," ","R","19","    3.53"," ","R","19"
"USW00023159","05-19"," 37.7064","-112.1456","2312.2","BRYCE CANYON AP, UT US","05","19","99","    48.5"," ","R","20","    65.4"," ","R","20","    31.5"," ","R","20","    33.9"," ","R","20","     6.0"," ","R","20","     8.8"," ","R","20","     5.5"," ","R","20","     8.3"," ","R","20","    16.5"," ","R","20","     0.3"," ","R","20","     1.2"," ","R","20","     3.3"," ","R","20","     6.9"," ","R","20","     8.7"," ","R","20","    11.6"," ","R","20","     0.0"," ","R","20","     8.8"," ","R","20","     4.6"," ","R","20","     1.7"," ","R","20","     0.4"," ","R","20","     0.2"," ","R","20","     0.0","X","R","20","     0.0"," ","R","20","     0.0"," ","R","20","     0.0"," ","R","20","     8.8"," ","R","20","     4.6"," ","R","20","     1.7"," ","R","20","     0.4"," ","R","20","     0.2"," ","R","20","     0.0","X","R","20","     0.0"," ","R","20","     0.0"," ","R","20","     8.8"," ","R","20","     7.9"," ","R","20","    18.2"," ","P","20","     6.6"," ","P","20","     2.8"," ","P","20","     0.5"," ","P","20","     0.0"," ","P","20","     0.0"," ","P","20","     0.0"," ","P","20","     0.0"," ","P","20","    0.02"," ","P","20","    0.06"," ","P","20","    0.16"," ","P","20","    0.54"," ","R","19","    3.55"," ","R","19"
"USW00023159","05-20"," 37.7064","-112.1456","2312.2","BRYCE CANYON AP, UT US","05","20","99","    48.8"," ","R","20","    65.9"," ","R","20","    31.7"," ","R","20","    34.2"," ","R","20","     6.0"," ","R","20","     8.8"," ","R","20","     5.5"," ","R","20","     8.2"," ","R","20","    16.2"," ","R","20","     0.3"," ","R","20","     1.1"," ","R","20","     3.1"," ","R","20","     6.7"," ","R","20","     8.4"," ","R","20","    11.3"," ","R","20","     0.0"," ","R","20","     9.0"," ","R","20","     4.8"," ","R","20","     1.9"," ","R","20","     0.4"," ","R","20","     0.2"," ","R","20","     0.0","X","R","20","     0.0"," ","R","20","     0.0"," ","R","20","     0.0"," ","R","20","     9.0"," ","R","20","     4.8"," ","R","20","     1.9"," ","R","20","     0.4"," ","R","20","     0.2"," ","R","20","     0.0","X","R","20","     0.0"," ","R","20","     0.0"," ","R","20","     9.0"," ","R","20","     8.1"," ","R","20","    17.9"," ","P","20","     6.5"," ","P","20","     2.7"," ","P","20","     0.5"," ","P","20","     0.0"," ","P","20","     0.0"," ","P","20","     0.0"," ","P","20","     0.0"," ","P","20","    0.02"," ","P","20","    0.05"," ","P","20","    0.16"," ","P","20","    0.57"," ","R","19","    3.58"," ","R","19"
"USW00023159","05-21"," 37.7064","-112.1456","2312.2","BRYCE CANYON AP, UT US","05","21","99","    49.1"," ","R","20","    66.3"," ","R","20","    31.8"," ","R","20","    34.4"," ","R","20","     6.0"," ","R","20","     8.7"," ","R","20","     5.5"," ","R","20","     8.2"," ","R","20","    15.9"," ","R","20","     0.2"," ","R","20","     1.0"," ","R","20","     3.0"," ","R","20","     6.4"," ","R","20","     8.2"," ","R","20","    11.0"," ","R","20","     0.0"," ","R","20","     9.3"," ","R","20","     5.1"," ","R","20","     2.0"," ","R","20","     0.5"," ","R","20","     0.2"," ","R","20","     0.1"," ","R","20","     0.0"," ","R","20","     0.0"," ","R","20","     0.0"," ","R","20","     9.3"," ","R","20","     5.1"," ","R","20","     2.0"," ","R","20","     0.5"," ","R","20","     0.2"," ","R","20","     0.1"," ","R","20","     0.0"," ","R","20","     0.0"," ","R","20","     9.2"," ","R","20","     8.3"," ","R","20","    17.7"," ","P","20","     6.3"," ","P","20","     2.7"," ","P","20","     0.5"," ","P","20","     0.0"," ","P","20","     0.0"," ","P","20","     0.0"," ","P","20","     0.0"," ","P","20","    0.02"," ","P","20","    0.05"," ","P","20","    0.15"," ","P","20","    0.59"," ","R","19","    3.60"," ","R","19"
"USW00023159","05-22"," 37.7064","-112.1456","2312.2","BRYCE CANYON AP, UT US","05","22","99","    49.3"," ","R","20","    66.7"," ","R","20","    32.0"," ","R","20","    34.7"," ","R","20","     6.0"," ","R","20","     8.6"," ","R","20","     5.5"," ","R","20","     8.1"," ","R","20","    15.7"," ","R","20","     0.2"," ","R","20","     1.0"," ","R","20","     2.8"," ","R","20","     6.2"," ","R","20","     8.0"," ","R","20","    10.7"," ","R","20","     0.0"," ","R","20","     9.6"," ","R","20","     5.3"," ","R","20","     2.2"," ","R","20","     0.6"," ","R","20","     0.3"," ","R","20","     0.1"," ","R","20","     0.0"," ","R","20","     0.0"," ","R","20","     0.0"," ","R","20","     9.6"," ","R","20","     5.3"," ","R","20","     2.2"," ","R","20","     0.6"," ","R","20","     0.3"," ","R","20","     0.1"," ","R","20","     0.0"," ","R","20","     0.0"," ","R","20","     9.4"," ","R","20","     8.5"," ","R","20","    17.4"," ","P","20","     6.2"," ","P","20","     2.6"," ","P","20","     0.5"," ","P","20","     0.0"," ","P","20","     0.0"," ","P","20","     0.0"," ","P","20","     0.0"," ","P","20","    0.02"," ","P","20","    0.05"," ","P","20","    0.15"," ","P","20","    0.62"," ","R","19","    3.63"," ","R","19"
"USW00023159","05-23"," 37.7064","-112.1456","2312.2","BRYCE CANYON AP, UT US","05","23","99","    49.6"," ","R","20","    67.1"," ","R","20","    32.1"," ","R","20","    35.0"," ","R","20","     6.0"," ","R","20","     8.6"," ","R","20","     5.5"," ","R","20","     8.1"," ","R","20","    15.4"," ","R","20","     0.2"," ","R","20","     0.9"," ","R","20","     2.7"," ","R","20","     6.0"," ","R","20","     7.7"," ","R","20","    10.5"," ","R","20","     0.0"," ","R","20","     9.8"," ","R","20","     5.5"," ","R","20","     2.3"," ","R","20","     0.6"," ","R","20","     0.3"," ","R","20","     0.1"," ","R","20","     0.0"," ","R","20","     0.0"," ","R","20","     0.0"," ","R","20","     9.8"," ","R","20","     5.5"," ","R","20","     2.3"," ","R","20","     0.6"," ","R","20","     0.3"," ","R","20","     0.1"," ","R","20","     0.0"," ","R","20","     0.0"," ","R","20","     9.6"," ","R","20","     8.7"," ","R","20","    17.1"," ","P","20","     6.1"," ","P","20","     2.6"," ","P","20","     0.5"," ","P","20","     0.0"," ","P","20","     0.0"," ","P","20","     0.0"," ","P","20","     0.0"," ","P","20","    0.02"," ","P","20","    0.05"," ","P","20","    0.15"," ","P","20","    0.64"," ","R","19","    3.65"," ","R","19"
"USW00023159","05-24"," 37.7064","-112.1456","2312.2","BRYCE CANYON AP, UT US","05","24","99","    49.9"," ","R","20","    67.5"," ","R","20","    32.3"," ","R","20","    35.3"," ","R","20","     6.0"," ","R","20","     8.6"," ","R","20","     5.5"," ","R","20","     8.0"," ","R","20","    15.1"," ","R","20","     0.2"," ","R","20","     0.8"," ","R","20","     2.6"," ","R","20","     5.8"," ","R","20","     7.5"," ","R","20","    10.2"," ","R","20","     0.0"," ","R","20","    10.1"," ","R","20","     5.7"," ","R","20","     2.5"," ","R","20","     0.7"," ","R","20","     0.4"," ","R","20","     0.1"," ","R","20","     0.0"," ","R","20","     0.0"," ","R","20","     0.0"," ","R","20","    10.1"," ","R","20","     5.7"," ","R","20","     2.5"," ","R","20","     0.7"," ","R","20","     0.4"," ","R","20","     0.1"," ","R","20","     0.0"," ","R","20","     0.0"," ","R","20","     9.8"," ","R","20","     8.9"," ","R","20","    16.8"," ","P","20","     5.9"," ","P","20","     2.5"," ","P","20","     0.5"," ","P","20","     0.0"," ","P","20","     0.0"," ","P","20","     0.0"," ","P","20","     0.0"," ","P","20","    0.02"," ","P","20","    0.05"," ","P","20","    0.15"," ","P","20","    0.66"," ","R","19","    3.67"," ","R","19"
"USW00023159","05-25"," 37.7064","-112.1456","2312.2","BRYCE CANYON AP, UT US","05","25","99","    50.2"," ","R","20","    68.0"," ","R","20","    32.4"," ","R","20","    35.5"," ","R","20","     6.0"," ","R","20","     8.5"," ","R","20","     5.5"," ","R","20","     8.0"," ","R","20","    14.8"," ","R","20","     0.2"," ","R","20","     0.8"," ","R","20","     2.4"," ","R","20","     5.5"," ","R","20","     7.2"," ","R","20","     9.9"," ","R","20","     0.0"," ","R","20","    10.4"," ","R","20","     6.0"," ","R","20","     2.6"," ","R","20","     0.7"," ","R","20","     0.4"," ","R","20","     0.1"," ","R","20","     0.0"," ","R","20","     0.0"," ","R","20","     0.0"," ","R","20","    10.4"," ","R","20","     6.0"," ","R","20","     2.6"," ","R","20","     0.7"," ","R","20","     0.4"," ","R","20","     0.1"," ","R","20","     0.0"," ","R","20","     0.0"," ","R","20","    10.0"," ","R","20","     9.1"," ","R","20","    16.4"," ","P","20","     5.7"," ","P","20","     2.5"," ","P","20","     0.4"," ","P","20","     0.0"," ","P","20","     0.0"," ","P","20","     0.0"," ","P","20","     0.0"," ","P","20","    0.02"," ","P","20","    0.05"," ","P","20","    0.15"," ","P","20","    0.68"," ","R","19","    3.69"," ","R","19"
"USW00023159","05-26"," 37.7064","-112.1456","2312.2","BRYCE CANYON AP, UT US","05","26","99","    50.5"," ","R","20","    68.4"," ","R","20","    32.6"," ","R","20","    35.8"," ","R","20","     6.0"," ","R","20","     8.5"," ","R","20","     5.5"," ","R","20","     8.0"," ","R","20","    14.5"," ","R","20","     0.1"," ","R","20","     0.7"," ","R","20","     2.2"," ","R","20","     5.3"," ","R","20","     6.9"," ","R","20","     9.6"," ","R","20","     0.0"," ","R","20","    10.6"," ","R","20","     6.2"," ","R","20","     2.7"," ","R","20","     0.8"," ","R","20","     0.4"," ","R","20","     0.1"," ","R","20","     0.0"," ","R","20","     0.0"," ","R","20","     0.0"," ","R","20","    10.6"," ","R","20","     6.2"," ","R","20","     2.7"," ","R","20","     0.8"," ","R","20","     0.4"," ","R","20","     0.1"," ","R","20","     0.0"," ","R","20","     0.0"," ","R","20","    10.2"," ","R","20","     9.3"," ","R","20","    16.1"," ","P","20","     5.6"," ","P","20","     2.4"," ","P","20","     0.4"," ","P","20","     0.0"," ","P","20","     0.0"," ","P","20","     0.0"," ","P","20","     0.0"," ","P","20","    0.02"," ","P","20","    0.05"," ","P","20","    0.15"," ","P","20","    0.70"," ","R","19","    3.71"," ","R","19"
"USW00023159","05-27"," 37.7064","-112.1456","2312.2","BRYCE CANYON AP, UT US","05","27","99","    50.8"," ","R","20","    68.8"," ","R","20","    32.7"," ","R","20","    36.1"," ","R","20","     6.0"," ","R","20","     8.5"," ","R","20","     5.5"," ","R","20","     7.9"," ","R","20","    14.2"," ","R","20","     0.1"," ","R","20","     0.6"," ","R","20","     2.1"," ","R","20","     5.0"," ","R","20","     6.7"," ","R","20","     9.4"," ","R","20","     0.0"," ","R","20","    10.9"," ","R","20","     6.4"," ","R","20","     2.8"," ","R","20","     0.8"," ","R","20","     0.4"," ","R","20","     0.1"," ","R","20","     0.0"," ","R","20","     0.0"," ","R","20","     0.0"," ","R","20","    10.9"," ","R","20","     6.4"," ","R","20","     2.8"," ","R","20","     0.8"," ","R","20","     0.4"," ","R","20","     0.1"," ","R","20","     0.0"," ","R","20","     0.0"," ","R","20","    10.4"," ","R","20","     9.5"," ","R","20","    15.8"," ","P","20","     5.4"," ","P","20","     2.4"," ","P","20","     0.4"," ","P","20","     0.0"," ","P","20","     0.0"," ","P","20","     0.0"," ","P","20","     0.0"," ","P","20","    0.02"," ","P","20","    0.05"," ","P","20","    0.15"," ","P","20","    0.72"," ","R","19","    3.73"," ","R","19"
"USW00023159","05-28"," 37.7064","-112.1456","2312.2","BRYCE CANYON AP, UT US","05","28","99","    51.0"," ","R","20","    69.2"," ","R","20","    32.8"," ","R","20","    36.4"," ","R","20","     5.9"," ","R","20","     8.4"," ","R","20","     5.6"," ","R","20","     7.9"," ","R","20","    14.0"," ","R","20","     0.1"," ","R","20","     0.5"," ","R","20","     1.9"," ","R","20","     4.8"," ","R","20","     6.4"," ","R","20","     9.1"," ","R","20","     0.0"," ","R","20","    11.1"," ","R","20","     6.6"," ","R","20","     3.0"," ","R","20","     0.9"," ","R","20","     0.4"," ","R","20","     0.1"," ","R","20","     0.0"," ","R","20","     0.0"," ","R","20","     0.0"," ","R","20","    11.1"," ","R","20","     6.6"," ","R","20","     3.0"," ","R","20","     0.9"," ","R","20","     0.4"," ","R","20","     0.1"," ","R","20","     0.0"," ","R","20","     0.0"," ","R","20","    10.6"," ","R","20","     9.7"," ","R","20","    15.5"," ","P","20","     5.3"," ","P","20","     2.3"," ","P","20","     0.4"," ","P","20","     0.0"," ","P","20","     0.0"," ","P","20","     0.0"," ","P","20","     0.0"," ","P","20","    0.02"," ","P","20","    0.05"," ","P","20","    0.14"," ","P","20","    0.74"," ","R","19","    3.75"," ","R","19"
"USW00023159","05-29"," 37.7064","-112.1456","2312.2","BRYCE CANYON AP, UT US","05","29","99","    51.3"," ","R","20","    69.7"," ","R","20","    33.0"," ","R","20","    36.7"," ","R","20","     5.9"," ","R","20","     8.4"," ","R","20","     5.6"," ","R","20","     7.9"," ","R","20","    13.7"," ","R","20","     0.1"," ","R","20","     0.5"," ","R","20","     1.8"," ","R","20","     4.6"," ","R","20","     6.2"," ","R","20","     8.8"," ","R","20","     0.0","X","R","20","    11.4"," ","R","20","     6.8"," ","R","20","     3.1"," ","R","20","     0.9"," ","R","20","     0.5"," ","R","20","     0.1"," ","R","20","     0.0"," ","R","20","     0.0"," ","R","20","     0.0","X","R","20","    11.4"," ","R","20","     6.8"," ","R","20","     3.1"," ","R","20","     0.9"," ","R","20","     0.5"," ","R","20","     0.1"," ","R","20","     0.0"," ","R","20","     0.0"," ","R","20","    10.9"," ","R","20","     9.9"," ","R","20","    15.1"," ","P","20","     5.2"," ","P","20","     2.2"," ","P","20","     0.4"," ","P","20","     0.0"," ","P","20","     0.0"," ","P","20","     0.0"," ","P","20","     0.0"," ","P","20","    0.02"," ","P","20","    0.05"," ","P","20","    0.14"," ","P","20","    0.76"," ","R","19","    3.77"," ","R","19"
"USW00023159","05-30"," 37.7064","-112.1456","2312.2","BRYCE CANYON AP, UT US","05","30","99","    51.6"," ","R","20","    70.1"," ","R","20","    33.1"," ","R","20","    36.9"," ","R","20","     5.9"," ","R","20","     8.3"," ","R","20","     5.6"," ","R","20","     7.8"," ","R","20","    13.4"," ","R","20","     0.0","X","R","20","     0.4"," ","R","20","     1.7"," ","R","20","     4.4"," ","R","20","     5.9"," ","R","20","     8.5"," ","R","20","     0.0","X","R","20","    11.7"," ","R","20","     7.0"," ","R","20","     3.3"," ","R","20","     1.0"," ","R","20","     0.5"," ","R","20","     0.2"," ","R","20","     0.0"," ","R","20","     0.0"," ","R","20","     0.0","X","R","20","    11.7"," ","R","20","     7.0"," ","R","20","     3.3"," ","R","20","     1.0"," ","R","20","     0.5"," ","R","20","     0.2"," ","R","20","     0.0"," ","R","20","     0.0"," ","R","20","    11.1"," ","R","20","    10.1"," ","R","20","    14.7"," ","P","20","     5.0"," ","P","20","     2.2"," ","P","20","     0.4"," ","P","20","     0.0"," ","P","20","     0.0"," ","P","20","     0.0"," ","P","20","     0.0"," ","P","20","    0.02"," ","P","20","    0.05"," ","P","20","    0.14"," ","P","20","    0.78"," ","R","19","    3.79"," ","R","19"
"USW00023159","05-31"," 37.7064","-112.1456","2312.2","BRYCE CANYON AP, UT US","05","31","99","    51.9"," ","R","20","    70.5"," ","R","20","    33.3"," ","R","20","    37.2"," ","R","20","     5.8"," ","R","20","     8.2"," ","R","20","     5.6"," ","R","20","     7.8"," ","R","20","    13.1"," ","R","20","     0.0","X","R","20","     0.4"," ","R","20","     1.6"," ","R","20","     4.2"," ","R","20","     5.7"," ","R","20","     8.3"," ","R","20","     0.0","X","R","20","    11.9"," ","R","20","     7.3"," ","R","20","     3.4"," ","R","20","     1.1"," ","R","20","     0.6"," ","R","20","     0.2"," ","R","20","     0.0"," ","R","20","     0.0"," ","R","20","     0.0","X","R","20","    11.9"," ","R","20","     7.3"," ","R","20","     3.4"," ","R","20","     1.1"," ","R","20","     0.6"," ","R","20","     0.2"," ","R","20","     0.0"," ","R","20","     0.0"," ","R","20","    11.3"," ","R","20","    10.3"," ","R","20","    14.4"," ","P","20","     4.9"," ","P","20","     2.1"," ","P","20","     0.4"," ","P","20","     0.0"," ","P","20","     0.0"," ","P","20","     0.0"," ","P","20","     0.0"," ","P","20","    0.02"," ","P","20","    0.05"," ","P","20","    0.14"," ","P","20","    0.80"," ","R","19","    3.81"," ","R","19"
"USW00023159","06-01"," 37.7064","-112.1456","2312.2","BRYCE CANYON AP, UT US","06","01","99","    52.2"," ","R","20","    70.9"," ","R","20","    33.4"," ","R","20","    37.5"," ","R","20","     5.8"," ","R","20","     8.2"," ","R","20","     5.6"," ","R","20","     7.8"," ","R","20","    12.8"," ","R","20","     0.0","X","R","20","     0.4"," ","R","20","     1.4"," ","R","20","     4.0"," ","R","20","     5.5"," ","R","20","     8.0"," ","R","20","     0.0","X","R","20","    12.2"," ","R","20","     7.5"," ","R","20","     3.6"," ","R","20","     1.2"," ","R","20","     0.6"," ","R","20","     0.2"," ","R","20","     0.0"," ","R","20","     0.0"," ","R","20","     0.0","X","R","20","    12.2"," ","R","20","     7.5"," ","R","20","     3.6"," ","R","20","     1.2"," ","R","20","     0.6"," ","R","20","     0.2"," ","R","20","     0.0"," ","R","20","     0.0"," ","R","20","    11.5"," ","R","20","    10.5"," ","R","20","    14.0"," ","P","20","     4.8"," ","P","20","     2.1"," ","P","20","     0.4"," ","P","20","     0.1"," ","P","20","     0.0"," ","P","20","     0.0"," ","P","20","     0.0"," ","P","20","    0.02"," ","P","20","    0.05"," ","P","20","    0.14"," ","P","20","    0.02"," ","R","16","    3.83"," ","R","16"
"USW00023159","06-02"," 37.7064","-112.1456","2312.2","BRYCE CANYON AP, UT US","06","02","99","    52.5"," ","R","20","    71.3"," ","R","20","    33.6"," ","R","20","    37.8"," ","R","20","     5.8"," ","R","20","     8.1"," ","R","20","     5.6"," ","R","20","     7.7"," ","R","20","    12.5"," ","R","20","     0.0","X","R","20","     0.3"," ","R","20","     1.4"," ","R","20","     3.8"," ","R","20","     5.2"," ","R","20","     7.8"," ","R","20","     0.0","X","R","20","    12.5"," ","R","20","     7.8"," ","R","20","     3.8"," ","R","20","     1.3"," ","R","20","     0.7"," ","R","20","     0.2"," ","R","20","     0.0"," ","R","20","     0.0"," ","R","20","     0.0","X","R","20","    12.5"," ","R","20","     7.8"," ","R","20","     3.8"," ","R","20","     1.3"," ","R","20","     0.7"," ","R","20","     0.2"," ","R","20","     0.0"," ","R","20","     0.0"," ","R","20","    11.7"," ","R","20","    10.7"," ","R","20","    13.7"," ","P","20","     4.7"," ","P","20","     2.0"," ","P","20","     0.4"," ","P","20","     0.1"," ","P","20","     0.0"," ","P","20","     0.0"," ","P","20","     0.0"," ","P","20","    0.02"," ","P","20","    0.05"," ","P","20","    0.14"," ","P","20","    0.03"," ","R","16","    3.84"," ","R","16"
"USW00023159","06-03"," 37.7064","-112.1456","2312.2","BRYCE CANYON AP, UT US","06","03","99","    52.8"," ","R","20","    71.8"," ","R","20","    33.7"," ","R","20","    38.0"," ","R","20","     5.7"," ","R","20","     8.0"," ","R","20","     5.6"," ","R","20","     7.7"," ","R","20","    12.2"," ","R","20","     0.0","X","R","20","     0.3"," ","R","20","     1.3"," ","R","20","     3.6"," ","R","20","     5.0"," ","R","20","     7.5"," ","R","20","     0.0","X","R","20","    12.8"," ","R","20","     8.0"," ","R","20","     4.0"," ","R","20","     1.4"," ","R","20","     0.7"," ","R","20","     0.2"," ","R","20","     0.0"," ","R","20","     0.0"," ","R","20","     0.0","X","R","20","    12.8"," ","R","20","     8.0"," ","R","20","     4.0"," ","R","20","     1.4"," ","R","20","     0.7"," ","R","20","     0.2"," ","R","20","     0.0"," ","R","20","     0.0"," ","R","20","    11.9"," ","R","20","    10.9"," ","R","20","    13.5"," ","P","20","     4.6"," ","P","20","     2.0"," ","P","20","     0.3"," ","P","20","     0.1"," ","P","20","     0.0"," ","P","20","     0.0"," ","P","20","     0.0"," ","P","20","    0.02"," ","P","20","    0.05"," ","P","20","    0.14"," ","P","20","    0.04"," ","R","16","    3.85"," ","R","16"
"USW00023159","06-04"," 37.7064","-112.1456","2312.2","BRYCE CANYON AP, UT US","06","04","99","    53.0"," ","R","20","    72.2"," ","R","20","    33.9"," ","R","20","    38.3"," ","R","20","     5.7"," ","R","20","     7.9"," ","R","20","     5.5"," ","R","20","     7.6"," ","R","20","    12.0"," ","R","20","     0.0","X","R","20","     0.2"," ","R","20","     1.2"," ","R","20","     3.4"," ","R","20","     4.8"," ","R","20","     7.2"," ","R","20","     0.0","X","R","20","    13.1"," ","R","20","     8.3"," ","R","20","     4.2"," ","R","20","     1.5"," ","R","20","     0.8"," ","R","20","     0.2"," ","R","20","     0.0"," ","R","20","     0.0"," ","R","20","     0.0","X","R","20","    13.1"," ","R","20","     8.3"," ","R","20","     4.2"," ","R","20","     1.5"," ","R","20","     0.8"," ","R","20","     0.2"," ","R","20","     0.0"," ","R","20","     0.0"," ","R","20","    12.1"," ","R","20","    11.1"," ","R","20","    13.2"," ","P","20","     4.5"," ","P","20","     1.9"," ","P","20","     0.3"," ","P","20","     0.1"," ","P","20","     0.0"," ","P","20","     0.0"," ","P","20","     0.0"," ","P","20","    0.02"," ","P","20","    0.05"," ","P","20","    0.14"," ","P","20","    0.06"," ","R","16","    3.87"," ","R","16"
"USW00023159","06-05"," 37.7064","-112.1456","2312.2","BRYCE CANYON AP, UT US","06","05","99","    53.3"," ","R","20","    72.6"," ","R","20","    34.1"," ","R","20","    38.5"," ","R","20","     5.6"," ","R","20","     7.9"," ","R","20","     5.5"," ","R","20","     7.6"," ","R","20","    11.7"," ","R","20","     0.0","X","R","20","     0.2"," ","R","20","     1.1"," ","R","20","     3.2"," ","R","20","     4.5"," ","R","20","     6.9"," ","R","20","     0.0","X","R","20","    13.3"," ","R","20","     8.5"," ","R","20","     4.4"," ","R","20","     1.6"," ","R","20","     0.8"," ","R","20","     0.3"," ","R","20","     0.0"," ","R","20","     0.0"," ","R","20","     0.0","X","R","20","    13.3"," ","R","20","     8.5"," ","R","20","     4.4"," ","R","20","     1.6"," ","R","20","     0.8"," ","R","20","     0.3"," ","R","20","     0.0"," ","R","20","     0.0"," ","R","20","    12.3"," ","R","20","    11.3"," ","R","20","    13.0"," ","P","20","     4.4"," ","P","20","     1.9"," ","P","20","     0.3"," ","P","20","     0.1"," ","P","20","     0.0"," ","P","20","     0.0"," ","P","20","     0.0"," ","P","20","    0.02"," ","P","20","    0.05"," ","P","20","    0.14"," ","P","20","    0.07"," ","R","16","    3.88"," ","R","16"
"USW00023159","06-06"," 37.7064","-112.1456","2312.2","BRYCE CANYON AP, UT US","06","06","99","    53.6"," ","R","20","    73.0"," ","R","20","    34.3"," ","R","20","    38.7"," ","R","20","     5.6"," ","R","20","     7.8"," ","R","20","     5.5"," ","R","20","     7.5"," ","R","20","    11.4"," ","R","20","     0.0","X","R","20","     0.2"," ","R","20","     1.0"," ","R","20","     3.0"," ","R","20","     4.3"," ","R","20","     6.7"," ","R","20","     0.0","X","R","20","    13.6"," ","R","20","     8.8"," ","R","20","     4.6"," ","R","20","     1.6"," ","R","20","     0.9"," ","R","20","     0.3"," ","R","20","     0.0"," ","R","20","     0.0"," ","R","20","     0.0","X","R","20","    13.6"," ","R","20","     8.8"," ","R","20","     4.6"," ","R","20","     1.6"," ","R","20","     0.9"," ","R","20","     0.3"," ","R","20","     0.0"," ","R","20","     0.0"," ","R","20","    12.5"," ","R","20","    11.5"," ","R","20","    12.8"," ","P","20","     4.4"," ","P","20","     1.8"," ","P","20","     0.3"," ","P","20","     0.1"," ","P","20","     0.0"," ","P","20","     0.0"," ","P","20","     0.0"," ","P","20","    0.02"," ","P","20","    0.05"," ","P","20","    0.14"," ","P","20","    0.08"," ","R","16","    3.89"," ","R","16"
"USW00023159","06-07"," 37.7064","-112.1456","2312.2","BRYCE CANYON AP, UT US","06","07","99","    53.9"," ","R","20","    73.4"," ","R","20","    34.4"," ","R","20","    39.0"," ","R","20","     5.5"," ","R","20","     7.7"," ","R","20","     5.5"," ","R","20","     7.5"," ","R","20","    11.1"," ","R","20","     0.0","X","R","20","     0.2"," ","R","20","     0.9"," ","R","20","     2.8"," ","R","20","     4.0"," ","R","20","     6.4"," ","R","20","     0.0","X","R","20","    13.9"," ","R","20","     9.1"," ","R","20","     4.8"," ","R","20","     1.7"," ","R","20","     0.9"," ","R","20","     0.3"," ","R","20","     0.0"," ","R","20","     0.0"," ","R","20","     0.0","X","R","20","    13.9"," ","R","20","     9.1"," ","R","20","     4.8"," ","R","20","     1.7"," ","R","20","     0.9"," ","R","20","     0.3"," ","R","20","     0.0"," ","R","20","     0.0"," ","R","20","    12.7"," ","R","20","    11.7"," ","R","20","    12.7"," ","P","20","     4.3"," ","P","20","     1.8"," ","P","20","     0.3"," ","P","20","     0.2"," ","P","20","     0.0"," ","P","20","     0.0"," ","P","20","     0.0"," ","P","20","    0.02"," ","P","20","    0.05"," ","P","20","    0.13"," ","P","20","    0.09"," ","R","16","    3.90"," ","R","16"
"USW00023159","06-08"," 37.7064","-112.1456","2312.2","BRYCE CANYON AP, UT US","06","08","99","    54.2"," ","R","20","    73.8"," ","R","20","    34.6"," ","R","20","    39.2"," ","R","20","     5.5"," ","R","20","     7.6"," ","R","20","     5.5"," ","R","20","     7.4"," ","R","20","    10.8"," ","R","20","     0.0","X","R","20","     0.1"," ","R","20","     0.8"," ","R","20","     2.6"," ","R","20","     3.8"," ","R","20","     6.1"," ","R","20","     0.0","X","R","20","    14.2"," ","R","20","     9.4"," ","R","20","     5.0"," ","R","20","     1.8"," ","R","20","     1.0"," ","R","20","     0.3"," ","R","20","     0.0"," ","R","20","     0.0"," ","R","20","     0.0","X","R","20","    14.2"," ","R","20","     9.4"," ","R","20","     5.0"," ","R","20","     1.8"," ","R","20","     1.0"," ","R","20","     0.3"," ","R","20","     0.0"," ","R","20","     0.0"," ","R","20","    12.9"," ","R","20","    11.9"," ","R","20","    12.5"," ","P","20","     4.2"," ","P","20","     1.8"," ","P","20","     0.3"," ","P","20","     0.2"," ","P","20","     0.0"," ","P","20","     0.0"," ","P","20","     0.0"," ","P","20","    0.02"," ","P","20","    0.05"," ","P","20","    0.13"," ","P","20","    0.10"," ","R","16","    3.91"," ","R","16"
"USW00023159","06-09"," 37.7064","-112.1456","2312.2","BRYCE CANYON AP, UT US","06","09","99","    54.5"," ","R","20","    74.2"," ","R","20","    34.8"," ","R","20","    39.4"," ","R","20","     5.4"," ","R","20","     7.5"," ","R","20","     5.5"," ","R","20","     7.4"," ","R","20","    10.5"," ","R","20","     0.0","X","R","20","     0.1"," ","R","20","     0.8"," ","R","20","     2.4"," ","R","20","     3.5"," ","R","20","     5.8"," ","R","20","     0.0","X","R","20","    14.5"," ","R","20","     9.7"," ","R","20","     5.3"," ","R","20","     2.0"," ","R","20","     1.1"," ","R","20","     0.3"," ","R","20","     0.0"," ","R","20","     0.0"," ","R","20","     0.0","X","R","20","    14.5"," ","R","20","     9.7"," ","R","20","     5.3"," ","R","20","     2.0"," ","R","20","     1.1"," ","R","20","     0.3"," ","R","20","     0.0"," ","R","20","     0.0"," ","R","20","    13.1"," ","R","20","    12.1"," ","R","20","    12.4"," ","P","20","     4.2"," ","P","20","     1.8"," ","P","20","     0.3"," ","P","20","     0.2"," ","P","20","     0.0"," ","P","20","     0.0"," ","P","20","     0.0"," ","P","20","    0.02"," ","P","20","    0.05"," ","P","20","    0.13"," ","P","20","    0.11"," ","R","16","    3.92"," ","R","16"
"USW00023159","06-10"," 37.7064","-112.1456","2312.2","BRYCE CANYON AP, UT US","06","10","99","    54.8"," ","R","20","    74.6"," ","R","20","    35.0"," ","R","20","    39.5"," ","R","20","     5.4"," ","R","20","     7.4"," ","R","20","     5.5"," ","R","20","     7.3"," ","R","20","    10.2"," ","R","20","     0.0","X","R","20","     0.1"," ","R","20","     0.7"," ","R","20","     2.3"," ","R","20","     3.3"," ","R","20","     5.5"," ","R","20","     0.0","X","R","20","    14.8"," ","R","20","     9.9"," ","R","20","     5.5"," ","R","20","     2.1"," ","R","20","     1.1"," ","R","20","     0.3"," ","R","20","     0.0"," ","R","20","     0.0"," ","R","20","     0.0","X","R","20","    14.8"," ","R","20","     9.9"," ","R","20","     5.5"," ","R","20","     2.1"," ","R","20","     1.1"," ","R","20","     0.3"," ","R","20","     0.0"," ","R","20","     0.0"," ","R","20","    13.3"," ","R","20","    12.3"," ","R","20","    12.4"," ","P","20","     4.2"," ","P","20","     1.8"," ","P","20","     0.3"," ","P","20","     0.2"," ","P","20","     0.0"," ","P","20","     0.0"," ","P","20","     0.0"," ","P","20","    0.02"," ","P","20","    0.05"," ","P","20","    0.13"," ","P","20","    0.12"," ","R","16","    3.93"," ","R","16"
"USW00023159","06-11"," 37.7064","-112.1456","2312.2","BRYCE CANYON AP, UT US","06","11","99","    55.1"," ","R","20","    75.0"," ","R","20","    35.3"," ","R","20","    39.7"," ","R","20","     5.3"," ","R","20","     7.3"," ","R","20","     5.5"," ","R","20","     7.3"," ","R","20","     9.9"," ","R","20","     0.0","X","R","20","     0.1"," ","R","20","     0.7"," ","R","20","     2.1"," ","R","20","     3.1"," ","R","20","     5.3"," ","R","20","     0.0","X","R","20","    15.1"," ","R","20","    10.2"," ","R","20","     5.8"," ","R","20","     2.2"," ","R","20","     1.2"," ","R","20","     0.4"," ","R","20","     0.0"," ","R","20","     0.0"," ","R","20","     0.0","X","R","20","    15.1"," ","R","20","    10.2"," ","R","20","     5.8"," ","R","20","     2.2"," ","R","20","     1.2"," ","R","20","     0.4"," ","R","20","     0.0"," ","R","20","     0.0"," ","R","20","    13.5"," ","R","20","    12.5"," ","R","20","    12.4"," ","P","20","     4.2"," ","P","20","     1.8"," ","P","20","     0.3"," ","P","20","     0.2"," ","P","20","     0.0"," ","P","20","     0.0"," ","P","20","     0.0"," ","P","20","    0.02"," ","P","20","    0.05"," ","P","20","    0.13"," ","P","20","    0.13"," ","R","16","    3.94"," ","R","16"
"USW00023159","06-12"," 37.7064","-112.1456","2312.2","BRYCE CANYON AP, UT US","06","12","99","    55.4"," ","R","20","    75.3"," ","R","20","    35.5"," ","R","20","    39.8"," ","R","20","     5.3"," ","R","20","     7.2"," ","R","20","     5.5"," ","R","20","     7.2"," ","R","20","     9.6"," ","R","20","     0.0","X","R","20","     0.1"," ","R","20","     0.6"," ","R","20","     1.9"," ","R","20","     2.9"," ","R","20","     5.0"," ","R","20","     0.0","X","R","20","    15.4"," ","R","20","    10.5"," ","R","20","     6.0"," ","R","20","     2.4"," ","R","20","     1.3"," ","R","20","     0.4"," ","R","20","     0.0"," ","R","20","     0.0"," ","R","20","     0.0","X","R","20","    15.4"," ","R","20","    10.5"," ","R","20","     6.0"," ","R","20","     2.4"," ","R","20","     1.3"," ","R","20","     0.4"," ","R","20","     0.0"," ","R","20","     0.0"," ","R","20","    13.6"," ","R","20","    12.6"," ","R","20","    12.4"," ","P","20","     4.2"," ","P","20","     1.8"," ","P","20","     0.3"," ","P","20","     0.2"," ","P","20","     0.0"," ","P","20","     0.0"," ","P","20","     0.0"," ","P","20","    0.02"," ","P","20","    0.05"," ","P","20","    0.13"," ","P","20","    0.14"," ","R","16","    3.95"," ","R","16"
"USW00023159","06-13"," 37.7064","-112.1456","2312.2","BRYCE CANYON AP, UT US","06","13","99","    55.7"," ","R","20","    75.7"," ","R","20","    35.7"," ","R","20","    40.0"," ","R","20","     5.3"," ","R","20","     7.2"," ","R","20","     5.5"," ","R","20","     7.2"," ","R","20","     9.3"," ","R","20","     0.0","X","R","20","     0.1"," ","R","20","     0.5"," ","R","20","     1.8"," ","R","20","     2.7"," ","R","20","     4.8"," ","R","20","     0.0","X","R","20","    15.7"," ","R","20","    10.8"," ","R","20","     6.2"," ","R","20","     2.5"," ","R","20","     1.4"," ","R","20","     0.5"," ","R","20","     0.0"," ","R","20","     0.0"," ","R","20","     0.0","X","R","20","    15.7"," ","R","20","    10.8"," ","R","20","     6.2"," ","R","20","     2.5"," ","R","20","     1.4"," ","R","20","     0.5"," ","R","20","     0.0"," ","R","20","     0.0"," ","R","20","    13.8"," ","R","20","    12.8"," ","R","20","    12.4"," ","P","20","     4.2"," ","P","20","     1.8"," ","P","20","     0.3"," ","P","20","     0.2"," ","P","20","     0.0"," ","P","20","     0.0"," ","P","20","     0.0"," ","P","20","    0.02"," ","P","20","    0.05"," ","P","20","    0.13"," ","P","20","    0.15"," ","R","16","    3.96"," ","R","16"
"USW00023159","06-14"," 37.7064","-112.1456","2312.2","BRYCE CANYON AP, UT US","06","14","99","    56.0"," ","R","20","    76.1"," ","R","20","    36.0"," ","R","20","    40.1"," ","R","20","     5.2"," ","R","20","     7.1"," ","R","20","     5.5"," ","R","20","     7.2"," ","R","20","     9.0"," ","R","20","     0.0","X","R","20","     0.1"," ","R","20","     0.4"," ","R","20","     1.6"," ","R","20","     2.5"," ","R","20","     4.5"," ","R","20","     0.0","X","R","20","    16.0"," ","R","20","    11.1"," ","R","20","     6.4"," ","R","20","     2.7"," ","R","20","     1.6"," ","R","20","     0.6"," ","R","20","     0.0"," ","R","20","     0.0"," ","R","20","     0.0","X","R","20","    16.0"," ","R","20","    11.1"," ","R","20","     6.4"," ","R","20","     2.7"," ","R","20","     1.6"," ","R","20","     0.6"," ","R","20","     0.0"," ","R","20","     0.0"," ","R","20","    14.0"," ","R","20","    13.0"," ","R","20","    12.4"," ","P","20","     4.2"," ","P","20","     1.8"," ","P","20","     0.3"," ","P","20","     0.1"," ","P","20","     0.0"," ","P","20","     0.0"," ","P","20","     0.0"," ","P","20","    0.02"," ","P"," 0","    0.05"," ","P"," 0","    0.13"," ","P"," 0","    0.16"," ","R","16","    3.97"," ","R","16"
"USW00023159","06-15"," 37.7064","-112.1456","2312.2","BRYCE CANYON AP, UT US","06","15","99","    56.3"," ","R","20","    76.4"," ","R","20","    36.2"," ","R","20","    40.2"," ","R","20","     5.2"," ","R","20","     7.0"," ","R","20","     5.5"," ","R","20","     7.2"," ","R","20","     8.7"," ","R","20","     0.0","X","R","20","     0.0","X","R","20","     0.3"," ","R","20","     1.5"," ","R","20","     2.3"," ","R","20","     4.3"," ","R","20","     0.0","X","R","20","    16.3"," ","R","20","    11.4"," ","R","20","     6.7"," ","R","20","     2.8"," ","R","20","     1.7"," ","R","20","     0.6"," ","R","20","     0.0"," ","R","20","     0.0"," ","R","20","     0.0","X","R","20","    16.3"," ","R","20","    11.4"," ","R","20","     6.7"," ","R","20","     2.8"," ","R","20","     1.7"," ","R","20","     0.6"," ","R","20","     0.0"," ","R","20","     0.0"," ","R","20","    14.2"," ","R","20","    13.2"," ","R","20","    12.5"," ","P","20","     4.2"," ","P","20","     1.8"," ","P","20","     0.3"," ","P","20","     0.1"," ","P","20","     0.0"," ","P","20","     0.0"," ","P","20","     0.0"," ","P","20","    0.02"," ","P","20","    0.04"," ","P","20","    0.13"," ","P","20","    0.17"," ","R","16","    3.98"," ","R","16"
"USW00023159","06-16"," 37.7064","-112.1456","2312.2","BRYCE CANYON AP, UT US","06","16","99","    56.6"," ","R","20","    76.8"," ","R","20","    36.5"," ","R","20","    40.3"," ","R","20","     5.1"," ","R","20","     6.9"," ","R","20","     5.5"," ","R","20","     7.2"," ","R","20","     8.4"," ","R","20","     0.0","X","R","20","     0.0","X","R","20","     0.3"," ","R","20","     1.3"," ","R","20","     2.1"," ","R","20","     4.0"," ","R","20","     0.1"," ","R","20","    16.6"," ","R","20","    11.7"," ","R","20","     6.9"," ","R","20","     3.0"," ","R","20","     1.8"," ","R","20","     0.7"," ","R","20","     0.0"," ","R","20","     0.0"," ","R","20","     0.1"," ","R","20","    16.6"," ","R","20","    11.7"," ","R","20","     6.9"," ","R","20","     3.0"," ","R","20","     1.8"," ","R","20","     0.7"," ","R","20","     0.0"," ","R","20","     0.0"," ","R","20","    14.4"," ","R","20","    13.4"," ","R","20","    12.5"," ","P","20","     4.2"," ","P","20","     1.9"," ","P","20","     0.3"," ","P","20","     0.1"," ","P","20","     0.0"," ","P","20","     0.0"," ","P","20","     0.0"," ","P","20","    0.02"," ","P","20","    0.05"," ","P","20","    0.13"," ","P","20","    0.18"," ","R","16","    3.99"," ","R","16"
"USW00023159","06-17"," 37.7064","-112.1456","2312.2","BRYCE CANYON AP, UT US","06","17","99","    57.0"," ","R","20","    77.1"," ","R","20","    36.8"," ","R","20","    40.3"," ","R","20","     5.1"," ","R","20","     6.8"," ","R","20","     5.5"," ","R","20","     7.2"," ","R","20","     8.1"," ","R","20","     0.0","X","R","20","     0.0","X","R","20","     0.2"," ","R","20","     1.2"," ","R","20","     2.0"," ","R","20","     3.8"," ","R","20","     0.1"," ","R","20","    17.0"," ","R","20","    12.0"," ","R","20","     7.2"," ","R","20","     3.1"," ","R","20","     1.9"," ","R","20","     0.7"," ","R","20","     0.0"," ","R","20","     0.0"," ","R","20","     0.1"," ","R","20","    17.0"," ","R","20","    12.0"," ","R","20","     7.2"," ","R","20","     3.1"," ","R","20","     1.9"," ","R","20","     0.7"," ","R","20","     0.0"," ","R","20","     0.0"," ","R","20","    14.5"," ","R","20","    13.5"," ","R","20","    12.6"," ","P","20","     4.3"," ","P","20","     1.9"," ","P","20","     0.3"," ","P","20","     0.1"," ","P","20","     0.0"," ","P","20","     0.0"," ","P","20","     0.0"," ","P","20","    0.02"," ","P","20","    0.05"," ","P","20","    0.13"," ","P","20","    0.20"," ","R","16","    4.01"," ","R","16"
"USW00023159","06-18"," 37.7064","-112.1456","2312.2","BRYCE CANYON AP, UT US","06","18","99","    57.3"," ","R","20","    77.5"," ","R","20","    37.1"," ","R","20","    40.4"," ","R","20","     5.0"," ","R","20","     6.8"," ","R","20","     5.5"," ","R","20","     7.2"," ","R","20","     7.8"," ","R","20","     0.0","X","R","20","     0.0","X","R","20","     0.2"," ","R","20","     1.1"," ","R","20","     1.8"," ","R","20","     3.6"," ","R","20","     0.1"," ","R","20","    17.3"," ","R","20","    12.3"," ","R","20","     7.5"," ","R","20","     3.3"," ","R","20","     2.1"," ","R","20","     0.8"," ","R","20","     0.0"," ","R","20","     0.0"," ","R","20","     0.1"," ","R","20","    17.3"," ","R","20","    12.3"," ","R","20","     7.5"," ","R","20","     3.3"," ","R","20","     2.1"," ","R","20","     0.8"," ","R","20","     0.0"," ","R","20","     0.0"," ","R","20","    14.7"," ","R","20","    13.7"," ","R","20","    12.8"," ","P","20","     4.3"," ","P","20","     2.0"," ","P","20","     0.3"," ","P","20","     0.1"," ","P","20","     0.0"," ","P","20","     0.0"," ","P","20","     0.0"," ","P","20","    0.02"," ","P","20","    0.05"," ","P","20","    0.13"," ","P","20","    0.21"," ","R","16","    4.02"," ","R","16"
"USW00023159","06-19"," 37.7064","-112.1456","2312.2","BRYCE CANYON AP, UT US","06","19","99","    57.6"," ","R","20","    77.8"," ","R","20","    37.4"," ","R","20","    40.4"," ","R","20","     5.0"," ","R","20","     6.7"," ","R","20","     5.5"," ","R","20","     7.2"," ","R","20","     7.5"," ","R","20","     0.0"," ","R","20","     0.0","X","R","20","     0.2"," ","R","20","     1.0"," ","R","20","     1.7"," ","R","20","     3.3"," ","R","20","     0.1"," ","R","20","    17.6"," ","R","20","    12.6"," ","R","20","     7.7"," ","R","20","     3.5"," ","R","20","     2.2"," ","R","20","     0.9"," ","R","20","     0.0"," ","R","20","     0.0"," ","R","20","     0.1"," ","R","20","    17.6"," ","R","20","    12.6"," ","R","20","     7.7"," ","R","20","     3.5"," ","R","20","     2.2"," ","R","20","     0.9"," ","R","20","     0.0"," ","R","20","     0.0"," ","R","20","    14.8"," ","R","20","    13.8"," ","R","20","    13.0"," ","P","20","     4.4"," ","P","20","     2.0"," ","P","20","     0.3"," ","P","20","     0.1"," ","P","20","     0.0"," ","P","20","     0.0"," ","P","20","     0.0"," ","P","20","    0.02"," ","P","20","    0.05"," ","P","20","    0.14"," ","P","20","    0.22"," ","R","16","    4.03"," ","R","16"
"USW00023159","06-20"," 37.7064","-112.1456","2312.2","BRYCE CANYON AP, UT US","06","20","99","    57.9"," ","R","20","    78.1"," ","R","20","    37.7"," ","R","20","    40.4"," ","R","20","     4.9"," ","R","20","     6.6"," ","R","20","     5.5"," ","R","20","     7.2"," ","R","20","     7.2"," ","R","20","     0.0"," ","R","20","     0.0","X","R","20","     0.1"," ","R","20","     0.8"," ","R","20","     1.5"," ","R","20","     3.1"," ","R","20","     0.1"," ","R","20","    17.9"," ","R","20","    12.9"," ","R","20","     8.0"," ","R","20","     3.7"," ","R","20","     2.4"," ","R","20","     1.0"," ","R","20","     0.0"," ","R","20","     0.0"," ","R","20","     0.1"," ","R","20","    17.9"," ","R","20","    12.9"," ","R","20","     8.0"," ","R","20","     3.7"," ","R","20","     2.4"," ","R","20","     1.0"," ","R","20","     0.0"," ","R","20","     0.0"," ","R","20","    15.0"," ","R","20","    14.0"," ","R","20","    13.2"," ","P","20","     4.6"," ","P","20","     2.1"," ","P","20","     0.4"," ","P","20","     0.1"," ","P","20","     0.0"," ","P","20","     0.0"," ","P","20","     0.0"," ","P","20","    0.02"," ","P","20","    0.05"," ","P","20","    0.14"," ","P","20","    0.23"," ","R","16","    4.04"," ","R","16"
"USW00023159","06-21"," 37.7064","-112.1456","2312.2","BRYCE CANYON AP, UT US","06","21","99","    58.2"," ","R","20","    78.4"," ","R","20","    38.0"," ","R","20","    40.4"," ","R","20","     4.9"," ","R","20","     6.5"," ","R","20","     5.6"," ","R","20","     7.2"," ","R","20","     7.0"," ","R","20","     0.0"," ","R","20","     0.0","X","R","20","     0.1"," ","R","20","     0.8"," ","R","20","     1.3"," ","R","20","     2.9"," ","R","20","     0.1"," ","R","20","    18.2"," ","R","20","    13.2"," ","R","20","     8.3"," ","R","20","     3.9"," ","R","20","     2.5"," ","R","20","     1.1"," ","R","20","     0.0","X","R","20","     0.0"," ","R","20","     0.1"," ","R","20","    18.2"," ","R","20","    13.2"," ","R","20","     8.3"," ","R","20","     3.9"," ","R","20","     2.5"," ","R","20","     1.1"," ","R","20","     0.0","X","R","20","     0.0"," ","R","20","    15.2"," ","R","20","    14.1"," ","R","20","    13.5"," ","P","20","     4.7"," ","P","20","     2.2"," ","P","20","     0.4"," ","P","20","     0.1"," ","P","20","     0.0"," ","P","20","     0.0"," ","P","20","     0.0"," ","P","20","    0.02"," ","P","20","    0.05"," ","P","20","    0.14"," ","P","20","    0.24"," ","R","16","    4.05"," ","R","16"
"USW00023159","06-22"," 37.7064","-112.1456","2312.2","BRYCE CANYON AP, UT US","06","22","99","    58.5"," ","R","20","    78.7"," ","R","20","    38.3"," ","R","20","    40.4"," ","R","20","     4.8"," ","R","20","     6.4"," ","R","20","     5.6"," ","R","20","     7.2"," ","R","20","     6.7"," ","R","20","     0.0"," ","R","20","     0.0","X","R","20","     0.1"," ","R","20","     0.7"," ","R","20","     1.2"," ","R","20","     2.7"," ","R","20","     0.2"," ","R","20","    18.5"," ","R","20","    13.5"," ","R","20","     8.6"," ","R","20","     4.2"," ","R","20","     2.7"," ","R","20","     1.2"," ","R","20","     0.0","X","R","20","     0.0"," ","R","20","     0.2"," ","R","20","    18.5"," ","R","20","    13.5"," ","R","20","     8.6"," ","R","20","     4.2"," ","R","20","     2.7"," ","R","20","     1.2"," ","R","20","     0.0","X","R","20","     0.0"," ","R","20","    15.3"," ","R","20","    14.3"," ","R","20","    13.8"," ","P","20","     4.9"," ","P","20","     2.3"," ","P","20","     0.4"," ","P","20","     0.1"," ","P","20","     0.0"," ","P","20","     0.0"," ","P","20","     0.0"," ","P","20","    0.02"," ","P","20","    0.05"," ","P","20","    0.14"," ","P","20","    0.25"," ","R","16","    4.06"," ","R","16"
"USW00023159","06-23"," 37.7064","-112.1456","2312.2","BRYCE CANYON AP, UT US","06","23","99","    58.8"," ","R","20","    79.0"," ","R","20","    38.6"," ","R","20","    40.3"," ","R","20","     4.8"," ","R","20","     6.4"," ","R","20","     5.6"," ","R","20","     7.3"," ","R","20","     6.4"," ","R","20","     0.0"," ","R","20","     0.0","X","R","20","     0.1"," ","R","20","     0.6"," ","R","20","     1.2"," ","R","20","     2.5"," ","R","20","     0.2"," ","R","20","    18.8"," ","R","20","    13.8"," ","R","20","     8.9"," ","R","20","     4.4"," ","R","20","     2.9"," ","R","20","     1.3"," ","R","20","     0.0","X","R","20","     0.0"," ","R","20","     0.2"," ","R","20","    18.8"," ","R","20","    13.8"," ","R","20","     8.9"," ","R","20","     4.4"," ","R","20","     2.9"," ","R","20","     1.3"," ","R","20","     0.0","X","R","20","     0.0"," ","R","20","    15.4"," ","R","20","    14.4"," ","R","20","    14.2"," ","P","20","     5.1"," ","P","20","     2.4"," ","P","20","     0.4"," ","P","20","     0.1"," ","P","20","     0.0"," ","P","20","     0.0"," ","P","20","     0.0"," ","P","20","    0.02"," ","P","20","    0.05"," ","P","20","    0.15"," ","P","20","    0.27"," ","R","16","    4.08"," ","R","16"
"USW00023159","06-24"," 37.7064","-112.1456","2312.2","BRYCE CANYON AP, UT US","06","24","99","    59.1"," ","R","20","    79.2"," ","R","20","    39.0"," ","R","20","    40.3"," ","R","20","     4.7"," ","R","20","     6.3"," ","R","20","     5.6"," ","R","20","     7.3"," ","R","20","     6.1"," ","R","20","     0.0"," ","R","20","     0.0","X","R","20","     0.1"," ","R","20","     0.6"," ","R","20","     1.1"," ","R","20","     2.4"," ","R","20","     0.2"," ","R","20","    19.1"," ","R","20","    14.1"," ","R","20","     9.2"," ","R","20","     4.7"," ","R","20","     3.2"," ","R","20","     1.5"," ","R","20","     0.0","X","R","20","     0.0"," ","R","20","     0.2"," ","R","20","    19.1"," ","R","20","    14.1"," ","R","20","     9.2"," ","R","20","     4.7"," ","R","20","     3.2"," ","R","20","     1.5"," ","R","20","     0.0","X","R","20","     0.0"," ","R","20","    15.6"," ","R","20","    14.5"," ","R","20","    14.6"," ","P","20","     5.3"," ","P","20","     2.6"," ","P","20","     0.5"," ","P","20","     0.1"," ","P","20","     0.0"," ","P","20","     0.0"," ","P","20","     0.0"," ","P","20","    0.02"," ","P","20","    0.05"," ","P","20","    0.15"," ","P","20","    0.28"," ","R","16","    4.09"," ","R","16"
"USW00023159","06-25"," 37.7064","-112.1456","2312.2","BRYCE CANYON AP, UT US","06","25","99","    59.4"," ","R","20","    79.5"," ","R","20","    39.3"," ","R","20","    40.2"," ","R","20","     4.7"," ","R","20","     6.2"," ","R","20","     5.6"," ","R","20","     7.3"," ","R","20","     5.9"," ","R","20","     0.0"," ","R","20","     0.0","X","R","20","     0.1"," ","R","20","     0.5"," ","R","20","     1.0"," ","R","20","     2.2"," ","R","20","     0.3"," ","R","20","    19.4"," ","R","20","    14.4"," ","R","20","     9.5"," ","R","20","     4.9"," ","R","20","     3.4"," ","R","20","     1.6"," ","R","20","     0.0","X","R","20","     0.0"," ","R","20","     0.3"," ","R","20","    19.4"," ","R","20","    14.4"," ","R","20","     9.5"," ","R","20","     4.9"," ","R","20","     3.4"," ","R","20","     1.6"," ","R","20","     0.0","X","R","20","     0.0"," ","R","20","    15.7"," ","R","20","    14.7"," ","R","20","    15.1"," ","P","20","     5.5"," ","P","20","     2.7"," ","P","20","     0.5"," ","P","20","     0.1"," ","P","20","     0.0"," ","P","20","     0.0"," ","P","20","     0.0"," ","P","20","    0.02"," ","P","20","    0.05"," ","P","20","    0.15"," ","P","20","    0.30"," ","R","16","    4.11"," ","R","16"
"USW00023159","06-26"," 37.7064","-112.1456","2312.2","BRYCE CANYON AP, UT US","06","26","99","    59.7"," ","R","20","    79.7"," ","R","20","    39.6"," ","R","20","    40.1"," ","R","20","     4.6"," ","R","20","     6.1"," ","R","20","     5.6"," ","R","20","     7.3"," ","R","20","     5.6"," ","R","20","     0.0"," ","R","20","     0.0","X","R","20","     0.1"," ","R","20","     0.5"," ","R","20","     0.9"," ","R","20","     2.0"," ","R","20","     0.3"," ","R","20","    19.7"," ","R","20","    14.7"," ","R","20","     9.8"," ","R","20","     5.2"," ","R","20","     3.6"," ","R","20","     1.7"," ","R","20","     0.0","X","R","20","     0.0"," ","R","20","     0.3"," ","R","20","    19.7"," ","R","20","    14.7"," ","R","20","     9.8"," ","R","20","     5.2"," ","R","20","     3.6"," ","R","20","     1.7"," ","R","20","     0.0","X","R","20","     0.0"," ","R","20","    15.8"," ","R","20","    14.8"," ","R","20","    15.6"," ","P","20","     5.8"," ","P","20","     2.9"," ","P","20","     0.5"," ","P","20","     0.1"," ","P","20","     0.0"," ","P","20","     0.0"," ","P","20","     0.0"," ","P","20","    0.02"," ","P","20","    0.05"," ","P","20","    0.16"," ","P","20","    0.31"," ","R","16","    4.12"," ","R","16"
"USW00023159","06-27"," 37.7064","-112.1456","2312.2","BRYCE CANYON AP, UT US","06","27","99","    60.0"," ","R","20","    80.0"," ","R","20","    40.0"," ","R","20","    40.0"," ","R","20","     4.6"," ","R","20","     6.0"," ","R","20","     5.6"," ","R","20","     7.3"," ","R","20","     5.3"," ","R","20","     0.0"," ","R","20","     0.0","X","R","20","     0.1"," ","R","20","     0.4"," ","R","20","     0.8"," ","R","20","     1.9"," ","R","20","     0.3"," ","R","20","    20.0"," ","R","20","    15.0"," ","R","20","    10.1"," ","R","20","     5.4"," ","R","20","     3.8"," ","R","20","     1.8"," ","R","20","     0.0","X","R","20","     0.0"," ","R","20","     0.3"," ","R","20","    20.0"," ","R","20","    15.0"," ","R","20","    10.1"," ","R","20","     5.4"," ","R","20","     3.8"," ","R","20","     1.8"," ","R","20","     0.0","X","R","20","     0.0"," ","R","20","    16.0"," ","R","20","    14.9"," ","R","20","    16.2"," ","P","20","     6.1"," ","P","20","     3.0"," ","P","20","     0.6"," ","P","20","     0.1"," ","P","20","     0.0"," ","P","20","     0.0"," ","P","20","     0.0"," ","P","20","    0.02"," ","P","20","    0.05"," ","P","20","    0.16"," ","P","20","    0.33"," ","R","16","    4.14"," ","R","16"
"USW00023159","06-28"," 37.7064","-112.1456","2312.2","BRYCE CANYON AP, UT US","06","28","99","    60.3"," ","R","20","    80.2"," ","R","20","    40.3"," ","R","20","    39.8"," ","R","20","     4.5"," ","R","20","     6.0"," ","R","20","     5.6"," ","R","20","     7.3"," ","R","20","     5.1"," ","R","20","     0.0"," ","R","20","     0.0","X","R","20","     0.1"," ","R","20","     0.4"," ","R","20","     0.7"," ","R","20","     1.7"," ","R","20","     0.3"," ","R","20","    20.3"," ","R","20","    15.3"," ","R","20","    10.3"," ","R","20","     5.6"," ","R","20","     4.0"," ","R","20","     2.0"," ","R","20","     0.0","X","R","20","     0.0"," ","R","20","     0.3"," ","R","20","    20.3"," ","R","20","    15.3"," ","R","20","    10.3"," ","R","20","     5.6"," ","R","20","     4.0"," ","R","20","     2.0"," ","R","20","     0.0","X","R","20","     0.0"," ","R","20","    16.1"," ","R","20","    15.0"," ","R","20","    16.9"," ","P","20","     6.4"," ","P","20","     3.2"," ","P","20","     0.6"," ","P","20","     0.1"," ","P","20","     0.0"," ","P","20","     0.0"," ","P","20","     0.0"," ","P","20","    0.02"," ","P","20","    0.05"," ","P","20","    0.16"," ","P","20","    0.35"," ","R","16","    4.16"," ","R","16"
"USW00023159","06-29"," 37.7064","-112.1456","2312.2","BRYCE CANYON AP, UT US","06","29","99","    60.5"," ","R","20","    80.4"," ","R","20","    40.7"," ","R","20","    39.7"," ","R","20","     4.5"," ","R","20","     5.9"," ","R","20","     5.6"," ","R","20","     7.3"," ","R","20","     4.8"," ","R","20","     0.0"," ","R","20","     0.0","X","R","20","     0.1"," ","R","20","     0.3"," ","R","20","     0.6"," ","R","20","     1.5"," ","R","20","     0.3"," ","R","20","    20.5"," ","R","20","    15.5"," ","R","20","    10.6"," ","R","20","     5.8"," ","R","20","     4.1"," ","R","20","     2.1"," ","R","20","     0.0","X","R","20","     0.0"," ","R","20","     0.3"," ","R","20","    20.5"," ","R","20","    15.5"," ","R","20","    10.6"," ","R","20","     5.8"," ","R","20","     4.1"," ","R","20","     2.1"," ","R","20","     0.0","X","R","20","     0.0"," ","R","20","    16.2"," ","R","20","    15.1"," ","R","20","    17.6"," ","P","20","     6.7"," ","P","20","     3.4"," ","P","20","     0.7"," ","P","20","     0.1"," ","P","20","     0.0"," ","P","20","     0.0"," ","P","20","     0.0"," ","P","20","    0.02"," ","P","20","    0.05"," ","P","20","    0.16"," ","P","20","    0.37"," ","R","16","    4.18"," ","R","16"
"USW00023159","06-30"," 37.7064","-112.1456","2312.2","BRYCE CANYON AP, UT US","06","30","99","    60.8"," ","R","20","    80.6"," ","R","20","    41.0"," ","R","20","    39.5"," ","R","20","     4.4"," ","R","20","     5.8"," ","R","20","     5.6"," ","R","20","     7.3"," ","R","20","     4.6"," ","R","20","     0.0"," ","R","20","     0.0","X","R","20","     0.1"," ","R","20","     0.3"," ","R","20","     0.5"," ","R","20","     1.4"," ","R","20","     0.4"," ","R","20","    20.8"," ","R","20","    15.8"," ","R","20","    10.9"," ","R","20","     6.1"," ","R","20","     4.3"," ","R","20","     2.2"," ","R","20","     0.0","X","R","20","     0.0"," ","R","20","     0.4"," ","R","20","    20.8"," ","R","20","    15.8"," ","R","20","    10.9"," ","R","20","     6.1"," ","R","20","     4.3"," ","R","20","     2.2"," ","R","20","     0.0","X","R","20","     0.0"," ","R","20","    16.3"," ","R","20","    15.2"," ","R","20","    18.4"," ","P","20","     7.1"," ","P","20","     3.6"," ","P","20","     0.7"," ","P","20","     0.1"," ","P","20","     0.0"," ","P","20","     0.0"," ","P","20","     0.0"," ","P","20","    0.02"," ","P","20","    0.05"," ","P","20","    0.17"," ","P","20","    0.39"," ","R","16","    4.20"," ","R","16"
"USW00023159","07-01"," 37.7064","-112.1456","2312.2","BRYCE CANYON AP, UT US","07","01","99","    61.1"," ","R","20","    80.7"," ","R","20","    41.4"," ","R","20","    39.3"," ","R","20","     4.4"," ","R","20","     5.8"," ","R","20","     5.6"," ","R","20","     7.3"," ","R","20","     4.4"," ","R","20","     0.0"," ","R","20","     0.0","X","R","20","     0.0","X","R","20","     0.2"," ","R","20","     0.4"," ","R","20","     1.3"," ","R","20","     0.4"," ","R","20","    21.1"," ","R","20","    16.1"," ","R","20","    11.1"," ","R","20","     6.3"," ","R","20","     4.5"," ","R","20","     2.3"," ","R","20","     0.0","X","R","20","     0.0"," ","R","20","     0.4"," ","R","20","    21.1"," ","R","20","    16.1"," ","R","20","    11.1"," ","R","20","     6.3"," ","R","20","     4.5"," ","R","20","     2.3"," ","R","20","     0.0","X","R","20","     0.0"," ","R","20","    16.4"," ","R","20","    15.3"," ","R","20","    19.1"," ","P","20","     7.4"," ","P","20","     3.8"," ","P","20","     0.8"," ","P","20","     0.1"," ","P","20","     0.0"," ","P","20","     0.0"," ","P","20","     0.0"," ","P","20","    0.02"," ","P","20","    0.05"," ","P","20","    0.17"," ","P","20","    0.02"," ","R","18","    4.22"," ","R","18"
"USW00023159","07-02"," 37.7064","-112.1456","2312.2","BRYCE CANYON AP, UT US","07","02","99","    61.3"," ","R","20","    80.9"," ","R","20","    41.7"," ","R","20","    39.2"," ","R","20","     4.4"," ","R","20","     5.7"," ","R","20","     5.6"," ","R","20","     7.3"," ","R","20","     4.2"," ","R","20","     0.0"," ","R","20","     0.0","X","R","20","     0.0","X","R","20","     0.2"," ","R","20","     0.4"," ","R","20","     1.2"," ","R","20","     0.5"," ","R","20","    21.3"," ","R","20","    16.3"," ","R","20","    11.3"," ","R","20","     6.5"," ","R","20","     4.7"," ","R","20","     2.5"," ","R","20","     0.0","X","R","20","     0.0"," ","R","20","     0.5"," ","R","20","    21.3"," ","R","20","    16.3"," ","R","20","    11.3"," ","R","20","     6.5"," ","R","20","     4.7"," ","R","20","     2.5"," ","R","20","     0.0","X","R","20","     0.0"," ","R","20","    16.5"," ","R","20","    15.3"," ","R","20","    19.9"," ","P","20","     7.8"," ","P","20","     4.0"," ","P","20","     0.9"," ","P","20","     0.1"," ","P","20","     0.0"," ","P","20","     0.0"," ","P","20","     0.0"," ","P","20","    0.02"," ","P","20","    0.05"," ","P","20","    0.17"," ","P","20","    0.04"," ","R","18","    4.24"," ","R","18"
"USW00023159","07-03"," 37.7064","-112.1456","2312.2","BRYCE CANYON AP, UT US","07","03","99","    61.6"," ","R","20","    81.1"," ","R","20","    42.1"," ","R","20","    39.0"," ","R","20","     4.3"," ","R","20","     5.7"," ","R","20","     5.6"," ","R","20","     7.3"," ","R","20","     4.0"," ","R","20","     0.0"," ","R","20","     0.0","X","R","20","     0.0","X","R","20","     0.2"," ","R","20","     0.3"," ","R","20","     1.0"," ","R","20","     0.5"," ","R","20","    21.6"," ","R","20","    16.6"," ","R","20","    11.6"," ","R","20","     6.7"," ","R","20","     4.9"," ","R","20","     2.6"," ","R","20","     0.0","X","R","20","     0.0"," ","R","20","     0.5"," ","R","20","    21.6"," ","R","20","    16.6"," ","R","20","    11.6"," ","R","20","     6.7"," ","R","20","     4.9"," ","R","20","     2.6"," ","R","20","     0.0","X","R","20","     0.0"," ","R","20","    16.5"," ","R","20","    15.4"," ","R","20","    20.8"," ","P","20","     8.1"," ","P","20","     4.2"," ","P","20","     0.9"," ","P","20","     0.1"," ","P","20","     0.0"," ","P","20","     0.0"," ","P","20","     0.0"," ","P","20","    0.02"," ","P","20","    0.06"," ","P","20","    0.17"," ","P","20","    0.07"," ","R","18","    4.27"," ","R","18"
"USW00023159","07-04"," 37.7064","-112.1456","2312.2","BRYCE CANYON AP, UT US","07","04","99","    61.8"," ","R","20","    81.2"," ","R","20","    42.4"," ","R","20","    38.8"," ","R","20","     4.3"," ","R","20","     5.6"," ","R","20","     5.6"," ","R","20","     7.3"," ","R","20","     3.7"," ","R","20","     0.0"," ","R","20","     0.0","X","R","20","     0.0","X","R","20","     0.1"," ","R","20","     0.3"," ","R","20","     0.9"," ","R","20","     0.6"," ","R","20","    21.8"," ","R","20","    16.8"," ","R","20","    11.8"," ","R","20","     6.9"," ","R","20","     5.1"," ","R","20","     2.7"," ","R","20","     0.0","X","R","20","     0.0"," ","R","20","     0.6"," ","R","20","    21.8"," ","R","20","    16.8"," ","R","20","    11.8"," ","R","20","     6.9"," ","R","20","     5.1"," ","R","20","     2.7"," ","R","20","     0.0","X","R","20","     0.0"," ","R","20","    16.6"," ","R","20","    15.5"," ","R","20","    21.6"," ","P","20","     8.5"," ","P","20","     4.4"," ","P","20","     1.0"," ","P","20","     0.1"," ","P","20","     0.0"," ","P","20","     0.0"," ","P","20","     0.0"," ","P","20","    0.02"," ","P","20","    0.06"," ","P","20","    0.17"," ","P","20","    0.09"," ","R","18","    4.29"," ","R","18"
"USW00023159","07-05"," 37.7064","-112.1456","2312.2","BRYCE CANYON AP, UT US","07","05","99","    62.0"," ","R","20","    81.3"," ","R","20","    42.8"," ","R","20","    38.6"," ","R","20","     4.2"," ","R","20","     5.6"," ","R","20","     5.6"," ","R","20","     7.3"," ","R","20","     3.5"," ","R","20","     0.0"," ","R","20","     0.0","X","R","20","     0.0","X","R","20","     0.1"," ","R","20","     0.3"," ","R","20","     0.8"," ","R","20","     0.6"," ","R","20","    22.0"," ","R","20","    17.0"," ","R","20","    12.0"," ","R","20","     7.1"," ","R","20","     5.3"," ","R","20","     2.9"," ","R","20","     0.0","X","R","20","     0.0"," ","R","20","     0.6"," ","R","20","    22.0"," ","R","20","    17.0"," ","R","20","    12.0"," ","R","20","     7.1"," ","R","20","     5.3"," ","R","20","     2.9"," ","R","20","     0.0","X","R","20","     0.0"," ","R","20","    16.7"," ","R","20","    15.5"," ","R","20","    22.5"," ","P","20","     8.9"," ","P","20","     4.6"," ","P","20","     1.1"," ","P","20","     0.1"," ","P","20","     0.0"," ","P","20","     0.0"," ","P","20","     0.0"," ","P","20","    0.02"," ","P","20","    0.06"," ","P","20","    0.17"," ","P","20","    0.12"," ","R","18","    4.32"," ","R","18"
"USW00023159","07-06"," 37.7064","-112.1456","2312.2","BRYCE CANYON AP, UT US","07","06","99","    62.3"," ","R","20","    81.4"," ","R","20","    43.1"," ","R","20","    38.3"," ","R","20","     4.2"," ","R","20","     5.5"," ","R","20","     5.6"," ","R","20","     7.3"," ","R","20","     3.3"," ","R","20","     0.0"," ","R","20","     0.0"," ","R","20","     0.0","X","R","20","     0.1"," ","R","20","     0.2"," ","R","20","     0.7"," ","R","20","     0.6"," ","R","20","    22.2"," ","R","20","    17.2"," ","R","20","    12.3"," ","R","20","     7.3"," ","R","20","     5.5"," ","R","20","     3.0"," ","R","20","     0.0","X","R","20","     0.0"," ","R","20","     0.6"," ","R","20","    22.2"," ","R","20","    17.2"," ","R","20","    12.3"," ","R","20","     7.3"," ","R","20","     5.5"," ","R","20","     3.0"," ","R","20","     0.0","X","R","20","     0.0"," ","R","20","    16.7"," ","R","20","    15.6"," ","R","20","    23.3"," ","P","20","     9.3"," ","P","20","     4.8"," ","P","20","     1.1"," ","P","20","     0.1"," ","P","20","     0.0"," ","P","20","     0.0"," ","P","20","     0.0"," ","P","20","    0.02"," ","P","20","    0.06"," ","P","20","    0.18"," ","P","20","    0.14"," ","R","18","    4.34"," ","R","18"
"USW00023159","07-07"," 37.7064","-112.1456","2312.2","BRYCE CANYON AP, UT US","07","07","99","    62.5"," ","R","20","    81.5"," ","R","20","    43.4"," ","R","20","    38.1"," ","R","20","     4.2"," ","R","20","     5.5"," ","R","20","     5.6"," ","R","20","     7.3"," ","R","20","     3.2"," ","R","20","     0.0"," ","R","20","     0.0"," ","R","20","     0.0","X","R","20","     0.1"," ","R","20","     0.2"," ","R","20","     0.7"," ","R","20","     0.6"," ","R","20","    22.5"," ","R","20","    17.4"," ","R","20","    12.5"," ","R","20","     7.5"," ","R","20","     5.6"," ","R","20","     3.1"," ","R","20","     0.0","X","R","20","     0.0"," ","R","20","     0.6"," ","R","20","    22.5"," ","R","20","    17.4"," ","R","20","    12.5"," ","R","20","     7.5"," ","R","20","     5.6"," ","R","20","     3.1"," ","R","20","     0.0","X","R","20","     0.0"," ","R","20","    16.8"," ","R","20","    15.6"," ","R","20","    24.2"," ","P","20","     9.7"," ","P","20","     5.0"," ","P","20","     1.2"," ","P","20","     0.2"," ","P","20","     0.0"," ","P","20","     0.0"," ","P","20","     0.0"," ","P","20","    0.02"," ","P","20","    0.06"," ","P","20","    0.18"," ","P","20","    0.18"," ","R","18","    4.38"," ","R","18"
"USW00023159","07-08"," 37.7064","-112.1456","2312.2","BRYCE CANYON AP, UT US","07","08","99","    62.7"," ","R","20","    81.6"," ","R","20","    43.7"," ","R","20","    37.9"," ","R","20","     4.1"," ","R","20","     5.4"," ","R","20","     5.6"," ","R","20","     7.3"," ","R","20","     3.0"," ","R","20","     0.0"," ","R","20","     0.0"," ","R","20","     0.0","X","R","20","     0.1"," ","R","20","     0.2"," ","R","20","     0.6"," ","R","20","     0.6"," ","R","20","    22.7"," ","R","20","    17.6"," ","R","20","    12.7"," ","R","20","     7.7"," ","R","20","     5.8"," ","R","20","     3.3"," ","R","20","     0.0","X","R","20","     0.0"," ","R","20","     0.6"," ","R","20","    22.7"," ","R","20","    17.6"," ","R","20","    12.7"," ","R","20","     7.7"," ","R","20","     5.8"," ","R","20","     3.3"," ","R","20","     0.0","X","R","20","     0.0"," ","R","20","    16.8"," ","R","20","    15.6"," ","R","20","    25.0"," ","P","20","    10.1"," ","P","20","     5.2"," ","P","20","     1.2"," ","P","20","     0.2"," ","P","20","     0.0"," ","P","20","     0.0"," ","P","20","     0.0"," ","P","20","    0.02"," ","P","20","    0.06"," ","P","20","    0.18"," ","P","20","    0.21"," ","R","18","    4.41"," ","R","18"
"USW00023159","07-09"," 37.7064","-112.1456","2312.2","BRYCE CANYON AP, UT US","07","09","99","    62.8"," ","R","20","    81.7"," ","R","20","    44.0"," ","R","20","    37.6"," ","R","20","     4.1"," ","R","20","     5.4"," ","R","20","     5.6"," ","R","20","     7.3"," ","R","20","     2.9"," ","R","20","     0.0"," ","R","20","     0.0"," ","R","20","     0.0","X","R","20","     0.0","X","R","20","     0.1"," ","R","20","     0.6"," ","R","20","     0.7"," ","R","20","    22.8"," ","R","20","    17.8"," ","R","20","    12.8"," ","R","20","     7.9"," ","R","20","     6.0"," ","R","20","     3.4"," ","R","20","     0.0","X","R","20","     0.0"," ","R","20","     0.7"," ","R","20","    22.8"," ","R","20","    17.8"," ","R","20","    12.8"," ","R","20","     7.9"," ","R","20","     6.0"," ","R","20","     3.4"," ","R","20","     0.0","X","R","20","     0.0"," ","R","20","    16.9"," ","R","20","    15.7"," ","R","20","    25.8"," ","P","20","    10.5"," ","P","20","     5.3"," ","P","20","     1.3"," ","P","20","     0.2"," ","P","20","     0.0"," ","P","20","     0.0"," ","P","20","     0.0"," ","P","20","    0.02"," ","P","20","    0.06"," ","P","20","    0.18"," ","P","20","    0.24"," ","R","18","    4.44"," ","R","18"
"USW00023159","07-10"," 37.7064","-112.1456","2312.2","BRYCE CANYON AP, UT US","07","10","99","    63.0"," ","R","20","    81.7"," ","R","20","    44.3"," ","R","20","    37.4"," ","R","20","     4.0"," ","R","20","     5.3"," ","R","20","     5.6"," ","R","20","     7.3"," ","R","20","     2.7"," ","R","20","     0.0"," ","R","20","     0.0"," ","R","20","     0.0"," ","R","20","     0.0","X","R","20","     0.1"," ","R","20","     0.5"," ","R","20","     0.7"," ","R","20","    23.0"," ","R","20","    18.0"," ","R","20","    13.0"," ","R","20","     8.1"," ","R","20","     6.1"," ","R","20","     3.6"," ","R","20","     0.0","X","R","20","     0.0"," ","R","20","     0.7"," ","R","20","    23.0"," ","R","20","    18.0"," ","R","20","    13.0"," ","R","20","     8.1"," ","R","20","     6.1"," ","R","20","     3.6"," ","R","20","     0.0","X","R","20","     0.0"," ","R","20","    16.9"," ","R","20","    15.7"," ","R","20","    26.6"," ","P","20","    10.9"," ","P","20","     5.5"," ","P","20","     1.3"," ","P","20","     0.2"," ","P","20","     0.0"," ","P","20","     0.0"," ","P","20","     0.0"," ","P","20","    0.02"," ","P","20","    0.06"," ","P","20","    0.18"," ","P","20","    0.28"," ","R","18","    4.48"," ","R","18"
"USW00023159","07-11"," 37.7064","-112.1456","2312.2","BRYCE CANYON AP, UT US","07","11","99","    63.2"," ","R","20","    81.8"," ","R","20","    44.6"," ","R","20","    37.2"," ","R","20","     4.0"," ","R","20","     5.3"," ","R","20","     5.5"," ","R","20","     7.3"," ","R","20","     2.6"," ","R","20","     0.0"," ","R","20","     0.0"," ","R","20","     0.0"," ","R","20","     0.0","X","R","20","     0.1"," ","R","20","     0.5"," ","R","20","     0.8"," ","R","20","    23.2"," ","R","20","    18.2"," ","R","20","    13.2"," ","R","20","     8.2"," ","R","20","     6.3"," ","R","20","     3.7"," ","R","20","     0.0","X","R","20","     0.0"," ","R","20","     0.8"," ","R","20","    23.2"," ","R","20","    18.2"," ","R","20","    13.2"," ","R","20","     8.2"," ","R","20","     6.3"," ","R","20","     3.7"," ","R","20","     0.0","X","R","20","     0.0"," ","R","20","    17.0"," ","R","20","    15.7"," ","R","20","    27.4"," ","P","20","    11.3"," ","P","20","     5.6"," ","P","20","     1.4"," ","P","20","     0.2"," ","P","20","     0.0"," ","P","20","     0.0"," ","P","20","     0.0"," ","P","20","    0.02"," ","P","20","    0.06"," ","P","20","    0.18"," ","P","20","    0.32"," ","R","18","    4.52"," ","R","18"
"USW00023159","07-12"," 37.7064","-112.1456","2312.2","BRYCE CANYON AP, UT US","07","12","99","    63.3"," ","R","20","    81.8"," ","R","20","    44.9"," ","R","20","    36.9"," ","R","20","     3.9"," ","R","20","     5.3"," ","R","20","     5.5"," ","R","20","     7.4"," ","R","20","     2.5"," ","R","20","     0.0"," ","R","20","     0.0"," ","R","20","     0.0"," ","R","20","     0.0","X","R","20","     0.1"," ","R","20","     0.5"," ","R","20","     0.8"," ","R","20","    23.3"," ","R","20","    18.3"," ","R","20","    13.3"," ","R","20","     8.4"," ","R","20","     6.4"," ","R","20","     3.8"," ","R","20","     0.0","X","R","20","     0.0"," ","R","20","     0.8"," ","R","20","    23.3"," ","R","20","    18.3"," ","R","20","    13.3"," ","R","20","     8.4"," ","R","20","     6.4"," ","R","20","     3.8"," ","R","20","     0.0","X","R","20","     0.0"," ","R","20","    17.0"," ","R","20","    15.8"," ","R","20","    28.1"," ","P","20","    11.6"," ","P","20","     5.7"," ","P","20","     1.4"," ","P","20","     0.2"," ","P","20","     0.0"," ","P","20","     0.0"," ","P","20","     0.0"," ","P","20","    0.02"," ","P","20","    0.06"," ","P","20","    0.19"," ","P","20","    0.36"," ","R","18","    4.56"," ","R","18"
"USW00023159","07-13"," 37.7064","-112.1456","2312.2","BRYCE CANYON AP, UT US","07","13","99","    63.5"," ","R","20","    81.8"," ","R","20","    45.1"," ","R","20","    36.7"," ","R","20","     3.9"," ","R","20","     5.2"," ","R","20","     5.5"," ","R","20","     7.4"," ","R","20","     2.4"," ","R","20","     0.0"," ","R","20","     0.0"," ","R","20","     0.0"," ","R","20","     0.0","X","R","20","     0.1"," ","R","20","     0.5"," ","R","20","     0.9"," ","R","20","    23.5"," ","R","20","    18.4"," ","R","20","    13.5"," ","R","20","     8.5"," ","R","20","     6.6"," ","R","20","     3.9"," ","R","20","     0.0","X","R","20","     0.0"," ","R","20","     0.9"," ","R","20","    23.5"," ","R","20","    18.4"," ","R","20","    13.5"," ","R","20","     8.5"," ","R","20","     6.6"," ","R","20","     3.9"," ","R","20","     0.0","X","R","20","     0.0"," ","R","20","    17.0"," ","R","20","    15.8"," ","R","20","    28.8"," ","P","20","    12.0"," ","P","20","     5.9"," ","P","20","     1.5"," ","P","20","     0.2"," ","P","20","     0.0"," ","P","20","     0.0"," ","P","20","     0.0"," ","P","20","    0.02"," ","P","20","    0.06"," ","P","20","    0.19"," ","P","20","    0.40"," ","R","18","    4.60"," ","R","18"
"USW00023159","07-14"," 37.7064","-112.1456","2312.2","BRYCE CANYON AP, UT US","07","14","99","    63.6"," ","R","20","    81.8"," ","R","20","    45.4"," ","R","20","    36.5"," ","R","20","     3.8"," ","R","20","     5.2"," ","R","20","     5.4"," ","R","20","     7.4"," ","R","20","     2.3"," ","R","20","     0.0"," ","R","20","     0.0"," ","R","20","     0.0"," ","R","20","     0.0","X","R","20","     0.1"," ","R","20","     0.4"," ","R","20","     0.9"," ","R","20","    23.6"," ","R","20","    18.6"," ","R","20","    13.6"," ","R","20","     8.6"," ","R","20","     6.7"," ","R","20","     4.0"," ","R","20","     0.0","X","R","20","     0.0"," ","R","20","     0.9"," ","R","20","    23.6"," ","R","20","    18.6"," ","R","20","    13.6"," ","R","20","     8.6"," ","R","20","     6.7"," ","R","20","     4.0"," ","R","20","     0.0","X","R","20","     0.0"," ","R","20","    17.1"," ","R","20","    15.8"," ","R","20","    29.6"," ","P","20","    12.3"," ","P","20","     6.0"," ","P","20","     1.5"," ","P","20","     0.2"," ","P","20","     0.0"," ","P","20","     0.0"," ","P","20","     0.0"," ","P","20","    0.02"," ","P","20","    0.06"," ","P","20","    0.19"," ","P","20","    0.45"," ","R","18","    4.65"," ","R","18"
"USW00023159","07-15"," 37.7064","-112.1456","2312.2","BRYCE CANYON AP, UT US","07","15","99","    63.7"," ","R","20","    81.8"," ","R","20","    45.6"," ","R","20","    36.2"," ","R","20","     3.8"," ","R","20","     5.2"," ","R","20","     5.4"," ","R","20","     7.4"," ","R","20","     2.2"," ","R","20","     0.0"," ","R","20","     0.0"," ","R","20","     0.0"," ","R","20","     0.0","X","R","20","     0.1"," ","R","20","     0.4"," ","R","20","     0.9"," ","R","20","    23.7"," ","R","20","    18.7"," ","R","20","    13.7"," ","R","20","     8.7"," ","R","20","     6.8"," ","R","20","     4.1"," ","R","20","     0.0","X","R","20","     0.0"," ","R","20","     0.9"," ","R","20","    23.7"," ","R","20","    18.7"," ","R","20","    13.7"," ","R","20","     8.7"," ","R","20","     6.8"," ","R","20","     4.1"," ","R","20","     0.0","X","R","20","     0.0"," ","R","20","    17.1"," ","R","20","    15.8"," ","R","20","    30.3"," ","P","20","    12.7"," ","P","20","     6.1"," ","P","20","     1.6"," ","P","20","     0.2"," ","P","20","     0.0"," ","P","20","     0.0"," ","P","20","     0.0"," ","P","20","    0.02"," ","P","20","    0.07"," ","P","20","    0.19"," ","P","20","    0.50"," ","R","18","    4.70"," ","R","18"
"USW00023159","07-16"," 37.7064","-112.1456","2312.2","BRYCE CANYON AP, UT US","07","16","99","    63.8"," ","R","20","    81.8"," ","R","20","    45.8"," ","R","20","    36.0"," ","R","20","     3.7"," ","R","20","     5.1"," ","R","20","     5.3"," ","R","20","     7.4"," ","R","20","     2.1"," ","R","20","     0.0"," ","R","20","     0.0"," ","R","20","     0.0"," ","R","20","     0.0","X","R","20","     0.1"," ","R","20","     0.4"," ","R","20","     0.9"," ","R","20","    23.8"," ","R","20","    18.8"," ","R","20","    13.8"," ","R","20","     8.8"," ","R","20","     6.9"," ","R","20","     4.2"," ","R","20","     0.0","X","R","20","     0.0"," ","R","20","     0.9"," ","R","20","    23.8"," ","R","20","    18.8"," ","R","20","    13.8"," ","R","20","     8.8"," ","R","20","     6.9"," ","R","20","     4.2"," ","R","20","     0.0","X","R","20","     0.0"," ","R","20","    17.1"," ","R","20","    15.9"," ","R","20","    31.1"," ","P","20","    13.0"," ","P","20","     6.2"," ","P","20","     1.7"," ","P","20","     0.3"," ","P","20","     0.0"," ","P","20","     0.0"," ","P","20","     0.0"," ","P","20","    0.02"," ","P","20","    0.07"," ","P","20","    0.19"," ","P","20","    0.55"," ","R","18","    4.75"," ","R","18"
"USW00023159","07-17"," 37.7064","-112.1456","2312.2","BRYCE CANYON AP, UT US","07","17","99","    63.9"," ","R","20","    81.8"," ","R","20","    46.0"," ","R","20","    35.8"," ","R","20","     3.7"," ","R","20","     5.1"," ","R","20","     5.3"," ","R","20","     7.4"," ","R","20","     2.0"," ","R","20","     0.0"," ","R","20","     0.0"," ","R","20","     0.0"," ","R","20","     0.0","X","R","20","     0.1"," ","R","20","     0.4"," ","R","20","     0.9"," ","R","20","    23.9"," ","R","20","    18.9"," ","R","20","    13.9"," ","R","20","     8.9"," ","R","20","     7.0"," ","R","20","     4.3"," ","R","20","     0.0","X","R","20","     0.0"," ","R","20","     0.9"," ","R","20","    23.9"," ","R","20","    18.9"," ","R","20","    13.9"," ","R","20","     8.9"," ","R","20","     7.0"," ","R","20","     4.3"," ","R","20","     0.0","X","R","20","     0.0"," ","R","20","    17.2"," ","R","20","    15.9"," ","R","20","    31.8"," ","P","20","    13.3"," ","P","20","     6.4"," ","P","20","     1.7"," ","P","20","     0.3"," ","P","20","     0.0"," ","P","20","     0.0"," ","P","20","     0.0"," ","P","20","    0.02"," ","P","20","    0.07"," ","P","20","    0.19"," ","P","20","    0.60"," ","R","18","    4.80"," ","R","18"
"USW00023159","07-18"," 37.7064","-112.1456","2312.2","BRYCE CANYON AP, UT US","07","18","99","    64.0"," ","R","20","    81.7"," ","R","20","    46.2"," ","R","20","    35.6"," ","R","20","     3.6"," ","R","20","     5.1"," ","R","20","     5.2"," ","R","20","     7.4"," ","R","20","     2.0"," ","R","20","     0.0"," ","R","20","     0.0"," ","R","20","     0.0"," ","R","20","     0.0","X","R","20","     0.1"," ","R","20","     0.4"," ","R","20","     0.9"," ","R","20","    23.9"," ","R","20","    18.9"," ","R","20","    13.9"," ","R","20","     9.0"," ","R","20","     7.0"," ","R","20","     4.3"," ","R","20","     0.0","X","R","20","     0.0"," ","R","20","     0.9"," ","R","20","    23.9"," ","R","20","    18.9"," ","R","20","    13.9"," ","R","20","     9.0"," ","R","20","     7.0"," ","R","20","     4.3"," ","R","20","     0.0","X","R","20","     0.0"," ","R","20","    17.2"," ","R","20","    15.9"," ","R","20","    32.5"," ","P","20","    13.6"," ","P","20","     6.5"," ","P","20","     1.8"," ","P","20","     0.3"," ","P","20","     0.0"," ","P","20","     0.0"," ","P","20","     0.0"," ","P","20","    0.02"," ","P","20","    0.07"," ","P","20","    0.19"," ","P","20","    0.65"," ","R","18","    4.85"," ","R","18"
"USW00023159","07-19"," 37.7064","-112.1456","2312.2","BRYCE CANYON AP, UT US","07","19","99","    64.0"," ","R","20","    81.7"," ","R","20","    46.3"," ","R","20","    35.4"," ","R","20","     3.6"," ","R","20","     5.1"," ","R","20","     5.2"," ","R","20","     7.4"," ","R","20","     1.9"," ","R","20","     0.0"," ","R","20","     0.0"," ","R","20","     0.0"," ","R","20","     0.0","X","R","20","     0.1"," ","R","20","     0.4"," ","R","20","     0.9"," ","R","20","    24.0"," ","R","20","    19.0"," ","R","20","    14.0"," ","R","20","     9.0"," ","R","20","     7.1"," ","R","20","     4.4"," ","R","20","     0.0","X","R","20","     0.0"," ","R","20","     0.9"," ","R","20","    24.0"," ","R","20","    19.0"," ","R","20","    14.0"," ","R","20","     9.0"," ","R","20","     7.1"," ","R","20","     4.4"," ","R","20","     0.0","X","R","20","     0.0"," ","R","20","    17.2"," ","R","20","    15.9"," ","R","20","    33.2"," ","P","20","    13.9"," ","P","20","     6.6"," ","P","20","     1.9"," ","P","20","     0.3"," ","P","20","     0.0"," ","P","20","     0.0"," ","P","20","     0.0"," ","P","20","    0.02"," ","P","20","    0.07"," ","P","20","    0.19"," ","P","20","    0.70"," ","R","18","    4.90"," ","R","18"
"USW00023159","07-20"," 37.7064","-112.1456","2312.2","BRYCE CANYON AP, UT US","07","20","99","    64.1"," ","R","20","    81.6"," ","R","20","    46.5"," ","R","20","    35.2"," ","R","20","     3.5"," ","R","20","     5.1"," ","R","20","     5.1"," ","R","20","     7.4"," ","R","20","     1.9"," ","R","20","     0.0"," ","R","20","     0.0"," ","R","20","     0.0"," ","R","20","     0.0","X","R","20","     0.1"," ","R","20","     0.4"," ","R","20","     0.9"," ","R","20","    24.1"," ","R","20","    19.0"," ","R","20","    14.1"," ","R","20","     9.1"," ","R","20","     7.1"," ","R","20","     4.4"," ","R","20","     0.0","X","R","20","     0.0"," ","R","20","     0.9"," ","R","20","    24.1"," ","R","20","    19.0"," ","R","20","    14.1"," ","R","20","     9.1"," ","R","20","     7.1"," ","R","20","     4.4"," ","R","20","     0.0","X","R","20","     0.0"," ","R","20","    17.2"," ","R","20","    15.9"," ","R","20","    33.8"," ","P","20","    14.1"," ","P","20","     6.7"," ","P","20","     1.9"," ","P","20","     0.3"," ","P","20","     0.0"," ","P","20","     0.0"," ","P","20","     0.0"," ","P","20","    0.02"," ","P","20","    0.07"," ","P","20","    0.19"," ","P","20","    0.76"," ","R","18","    4.96"," ","R","18"
"USW00023159","07-21"," 37.7064","-112.1456","2312.2","BRYCE CANYON AP, UT US","07","21","99","    64.1"," ","R","20","    81.6"," ","R","20","    46.6"," ","R","20","    35.0"," ","R","20","     3.5"," ","R","20","     5.1"," ","R","20","     5.1"," ","R","20","     7.4"," ","R","20","     1.9"," ","R","20","     0.0"," ","R","20","     0.0"," ","R","20","     0.0"," ","R","20","     0.0","X","R","20","     0.1"," ","R","20","     0.3"," ","R","20","     0.9"," ","R","20","    24.1"," ","R","20","    19.1"," ","R","20","    14.1"," ","R","20","     9.1"," ","R","20","     7.2"," ","R","20","     4.4"," ","R","20","     0.0","X","R","20","     0.0"," ","R","20","     0.9"," ","R","20","    24.1"," ","R","20","    19.1"," ","R","20","    14.1"," ","R","20","     9.1"," ","R","20","     7.2"," ","R","20","     4.4"," ","R","20","     0.0","X","R","20","     0.0"," ","R","20","    17.2"," ","R","20","    15.9"," ","R","20","    34.4"," ","P","20","    14.3"," ","P","20","     6.8"," ","P","20","     2.0"," ","P","20","     0.3"," ","P","20","     0.0"," ","P","20","     0.0"," ","P","20","     0.0"," ","P","20","    0.02"," ","P","20","    0.07"," ","P","20","    0.19"," ","P","20","    0.81"," ","R","18","    5.01"," ","R","18"
"USW00023159","07-22"," 37.7064","-112.1456","2312.2","BRYCE CANYON AP, UT US","07","22","99","    64.1"," ","R","20","    81.5"," ","R","20","    46.7"," ","R","20","    34.8"," ","R","20","     3.5"," ","R","20","     5.1"," ","R","20","     5.1"," ","R","20","     7.4"," ","R","20","     1.8"," ","R","20","     0.0"," ","R","20","     0.0"," ","R","20","     0.0"," ","R","20","     0.0","X","R","20","     0.1"," ","R","20","     0.3"," ","R","20","     0.9"," ","R","20","    24.1"," ","R","20","    19.1"," ","R","20","    14.1"," ","R","20","     9.1"," ","R","20","     7.2"," ","R","20","     4.4"," ","R","20","     0.0","X","R","20","     0.0"," ","R","20","     0.9"," ","R","20","    24.1"," ","R","20","    19.1"," ","R","20","    14.1"," ","R","20","     9.1"," ","R","20","     7.2"," ","R","20","     4.4"," ","R","20","     0.0","X","R","20","     0.0"," ","R","20","    17.2"," ","R","20","    15.9"," ","R","20","    35.0"," ","P","20","    14.5"," ","P","20","     6.9"," ","P","20","     2.0"," ","P","20","     0.3"," ","P","20","     0.0"," ","P","20","     0.0"," ","P","20","     0.0"," ","P","20","    0.02"," ","P","20","    0.07"," ","P","20","    0.19"," ","P","20","    0.86"," ","R","18","    5.06"," ","R","18"
"USW00023159","07-23"," 37.7064","-112.1456","2312.2","BRYCE CANYON AP, UT US","07","23","99","    64.1"," ","R","20","    81.4"," ","R","20","    46.8"," ","R","20","    34.6"," ","R","20","     3.5"," ","R","20","     5.0"," ","R","20","     5.1"," ","R","20","     7.3"," ","R","20","     1.8"," ","R","20","     0.0"," ","R","20","     0.0"," ","R","20","     0.0"," ","R","20","     0.0","X","R","20","     0.1"," ","R","20","     0.3"," ","R","20","     0.9"," ","R","20","    24.1"," ","R","20","    19.1"," ","R","20","    14.1"," ","R","20","     9.1"," ","R","20","     7.2"," ","R","20","     4.4"," ","R","20","     0.0","X","R","20","     0.0"," ","R","20","     0.9"," ","R","20","    24.1"," ","R","20","    19.1"," ","R","20","    14.1"," ","R","20","     9.1"," ","R","20","     7.2"," ","R","20","     4.4"," ","R","20","     0.0","X","R","20","     0.0"," ","R","20","    17.2"," ","R","20","    15.8"," ","R","20","    35.5"," ","P","20","    14.8"," ","P","20","     7.0"," ","P","20","     2.1"," ","P","20","     0.3"," ","P","20","     0.0"," ","P","20","     0.0"," ","P","20","     0.0"," ","P","20","    0.02"," ","P","20","    0.07"," ","P","20","    0.19"," ","P","20","    0.92"," ","R","18","    5.12"," ","R","18"
"USW00023159","07-24"," 37.7064","-112.1456","2312.2","BRYCE CANYON AP, UT US","07","24","99","    64.1"," ","R","20","    81.4"," ","R","20","    46.9"," ","R","20","    34.5"," ","R","20","     3.4"," ","R","20","     5.0"," ","R","20","     5.0"," ","R","20","     7.4"," ","R","20","     1.8"," ","R","20","     0.0"," ","R","20","     0.0"," ","R","20","     0.0"," ","R","20","     0.0","X","R","20","     0.0","X","R","20","     0.2"," ","R","20","     0.9"," ","R","20","    24.1"," ","R","20","    19.1"," ","R","20","    14.1"," ","R","20","     9.1"," ","R","20","     7.2"," ","R","20","     4.4"," ","R","20","     0.0","X","R","20","     0.0"," ","R","20","     0.9"," ","R","20","    24.1"," ","R","20","    19.1"," ","R","20","    14.1"," ","R","20","     9.1"," ","R","20","     7.2"," ","R","20","     4.4"," ","R","20","     0.0","X","R","20","     0.0"," ","R","20","    17.2"," ","R","20","    15.8"," ","R","20","    36.0"," ","P","20","    15.0"," ","P","20","     7.0"," ","P","20","     2.1"," ","P","20","     0.3"," ","P","20","     0.0"," ","P","20","     0.0"," ","P","20","     0.0"," ","P","20","    0.02"," ","P","20","    0.07"," ","P","20","    0.19"," ","P","20","    0.97"," ","R","18","    5.17"," ","R","18"
"USW00023159","07-25"," 37.7064","-112.1456","2312.2","BRYCE CANYON AP, UT US","07","25","99","    64.1"," ","R","20","    81.3"," ","R","20","    46.9"," ","R","20","    34.3"," ","R","20","     3.4"," ","R","20","     5.0"," ","R","20","     5.0"," ","R","20","     7.4"," ","R","20","     1.7"," ","R","20","     0.0"," ","R","20","     0.0"," ","R","20","     0.0"," ","R","20","     0.0","X","R","20","     0.0","X","R","20","     0.2"," ","R","20","     0.8"," ","R","20","    24.1"," ","R","20","    19.1"," ","R","20","    14.1"," ","R","20","     9.1"," ","R","20","     7.1"," ","R","20","     4.3"," ","R","20","     0.0","X","R","20","     0.0"," ","R","20","     0.8"," ","R","20","    24.1"," ","R","20","    19.1"," ","R","20","    14.1"," ","R","20","     9.1"," ","R","20","     7.1"," ","R","20","     4.3"," ","R","20","     0.0","X","R","20","     0.0"," ","R","20","    17.1"," ","R","20","    15.8"," ","R","20","    36.4"," ","P","20","    15.1"," ","P","20","     7.0"," ","P","20","     2.2"," ","P","20","     0.3"," ","P","20","     0.0"," ","P","20","     0.0"," ","P","20","     0.0"," ","P","20","    0.02"," ","P","20","    0.07"," ","P","20","    0.19"," ","P","20","    1.03"," ","R","18","    5.23"," ","R","18"
"USW00023159","07-26"," 37.7064","-112.1456","2312.2","BRYCE CANYON AP, UT US","07","26","99","    64.1"," ","R","20","    81.2"," ","R","20","    47.0"," ","R","20","    34.2"," ","R","20","     3.4"," ","R","20","     5.0"," ","R","20","     5.0"," ","R","20","     7.4"," ","R","20","     1.7"," ","R","20","     0.0"," ","R","20","     0.0"," ","R","20","     0.0"," ","R","20","     0.0","X","R","20","     0.0","X","R","20","     0.2"," ","R","20","     0.8"," ","R","20","    24.1"," ","R","20","    19.1"," ","R","20","    14.1"," ","R","20","     9.1"," ","R","20","     7.1"," ","R","20","     4.3"," ","R","20","     0.0","X","R","20","     0.0"," ","R","20","     0.8"," ","R","20","    24.1"," ","R","20","    19.1"," ","R","20","    14.1"," ","R","20","     9.1"," ","R","20","     7.1"," ","R","20","     4.3"," ","R","20","     0.0","X","R","20","     0.0"," ","R","20","    17.1"," ","R","20","    15.7"," ","R","20","    36.8"," ","P","20","    15.2"," ","P","20","     7.1"," ","P","20","     2.2"," ","P","20","     0.3"," ","P","20","     0.0"," ","P","20","     0.0"," ","P","20","     0.0"," ","P","20","    0.02"," ","P","20","    0.07"," ","P","20","    0.19"," ","P","20","    1.08"," ","R","18","    5.28"," ","R","18"
"USW00023159","07-27"," 37.7064","-112.1456","2312.2","BRYCE CANYON AP, UT US","07","27","99","    64.0"," ","R","20","    81.1"," ","R","20","    47.0"," ","R","20","    34.1"," ","R","20","     3.4"," ","R","20","     5.0"," ","R","20","     5.0"," ","R","20","     7.4"," ","R","20","     1.7"," ","R","20","     0.0"," ","R","20","     0.0"," ","R","20","     0.0"," ","R","20","     0.0","X","R","20","     0.0","X","R","20","     0.2"," ","R","20","     0.8"," ","R","20","    24.0"," ","R","20","    19.0"," ","R","20","    14.0"," ","R","20","     9.0"," ","R","20","     7.1"," ","R","20","     4.2"," ","R","20","     0.0","X","R","20","     0.0"," ","R","20","     0.8"," ","R","20","    24.0"," ","R","20","    19.0"," ","R","20","    14.0"," ","R","20","     9.0"," ","R","20","     7.1"," ","R","20","     4.2"," ","R","20","     0.0","X","R","20","     0.0"," ","R","20","    17.1"," ","R","20","    15.7"," ","R","20","    37.0"," ","P","20","    15.3"," ","P","20","     7.1"," ","P","20","     2.2"," ","P","20","     0.3"," ","P","20","     0.0"," ","P","20","     0.0"," ","P","20","     0.0"," ","P","20","    0.02"," ","P","20","    0.07"," ","P","20","    0.19"," ","P","20","    1.13"," ","R","18","    5.33"," ","R","18"
"USW00023159","07-28"," 37.7064","-112.1456","2312.2","BRYCE CANYON AP, UT US","07","28","99","    64.0"," ","R","20","    81.0"," ","R","20","    47.0"," ","R","20","    34.0"," ","R","20","     3.3"," ","R","20","     5.0"," ","R","20","     4.9"," ","R","20","     7.4"," ","R","20","     1.7"," ","R","20","     0.0"," ","R","20","     0.0"," ","R","20","     0.0"," ","R","20","     0.0","X","R","20","     0.0","X","R","20","     0.2"," ","R","20","     0.7"," ","R","20","    24.0"," ","R","20","    19.0"," ","R","20","    14.0"," ","R","20","     9.0"," ","R","20","     7.0"," ","R","20","     4.2"," ","R","20","     0.0","X","R","20","     0.0"," ","R","20","     0.7"," ","R","20","    24.0"," ","R","20","    19.0"," ","R","20","    14.0"," ","R","20","     9.0"," ","R","20","     7.0"," ","R","20","     4.2"," ","R","20","     0.0","X","R","20","     0.0"," ","R","20","    17.0"," ","R","20","    15.6"," ","R","20","    37.2"," ","P","20","    15.4"," ","P","20","     7.0"," ","P","20","     2.2"," ","P","20","     0.3"," ","P","20","     0.0"," ","P","20","     0.0"," ","P","20","     0.0"," ","P","20","    0.02"," ","P","20","    0.07"," ","P","20","    0.19"," ","P","20","    1.18"," ","R","18","    5.38"," ","R","18"
"USW00023159","07-29"," 37.7064","-112.1456","2312.2","BRYCE CANYON AP, UT US","07","29","99","    64.0"," ","R","20","    80.9"," ","R","20","    47.0"," ","R","20","    33.9"," ","R","20","     3.3"," ","R","20","     5.0"," ","R","20","     4.9"," ","R","20","     7.4"," ","R","20","     1.8"," ","R","20","     0.0"," ","R","20","     0.0"," ","R","20","     0.0"," ","R","20","     0.0","X","R","20","     0.0","X","R","20","     0.2"," ","R","20","     0.7"," ","R","20","    23.9"," ","R","20","    18.9"," ","R","20","    13.9"," ","R","20","     8.9"," ","R","20","     7.0"," ","R","20","     4.1"," ","R","20","     0.0","X","R","20","     0.0"," ","R","20","     0.7"," ","R","20","    23.9"," ","R","20","    18.9"," ","R","20","    13.9"," ","R","20","     8.9"," ","R","20","     7.0"," ","R","20","     4.1"," ","R","20","     0.0","X","R","20","     0.0"," ","R","20","    17.0"," ","R","20","    15.6"," ","R","20","    37.4"," ","P","20","    15.4"," ","P","20","     7.0"," ","P","20","     2.3"," ","P","20","     0.3"," ","P","20","     0.0"," ","P","20","     0.0"," ","P","20","     0.0"," ","P","20","    0.02"," ","P","20","    0.07"," ","P","20","    0.19"," ","P","20","    1.24"," ","R","18","    5.44"," ","R","18"
"USW00023159","07-30"," 37.7064","-112.1456","2312.2","BRYCE CANYON AP, UT US","07","30","99","    63.9"," ","R","20","    80.8"," ","R","20","    47.0"," ","R","20","    33.8"," ","R","20","     3.3"," ","R","20","     5.0"," ","R","20","     4.9"," ","R","20","     7.4"," ","R","20","     1.8"," ","R","20","     0.0"," ","R","20","     0.0"," ","R","20","     0.0"," ","R","20","     0.0","X","R","20","     0.0","X","R","20","     0.2"," ","R","20","     0.7"," ","R","20","    23.9"," ","R","20","    18.9"," ","R","20","    13.9"," ","R","20","     8.9"," ","R","20","     6.9"," ","R","20","     4.0"," ","R","20","     0.0","X","R","20","     0.0"," ","R","20","     0.7"," ","R","20","    23.9"," ","R","20","    18.9"," ","R","20","    13.9"," ","R","20","     8.9"," ","R","20","     6.9"," ","R","20","     4.0"," ","R","20","     0.0","X","R","20","     0.0"," ","R","20","    16.9"," ","R","20","    15.6"," ","R","20","    37.5"," ","P","20","    15.5"," ","P","20","     7.0"," ","P","20","     2.3"," ","P","20","     0.3"," ","P","20","     0.0"," ","P","20","     0.0"," ","P","20","     0.0"," ","P","20","    0.02"," ","P","20","    0.07"," ","P","20","    0.18"," ","P","20","    1.29"," ","R","18","    5.49"," ","R","18"
"USW00023159","07-31"," 37.7064","-112.1456","2312.2","BRYCE CANYON AP, UT US","07","31","99","    63.8"," ","R","20","    80.7"," ","R","20","    47.0"," ","R","20","    33.7"," ","R","20","     3.3"," ","R","20","     5.0"," ","R","20","     4.9"," ","R","20","     7.4"," ","R","20","     1.9"," ","R","20","     0.0"," ","R","20","     0.0"," ","R","20","     0.0"," ","R","20","     0.0","X","R","20","     0.0","X","R","20","     0.2"," ","R","20","     0.7"," ","R","20","    23.8"," ","R","20","    18.8"," ","R","20","    13.8"," ","R","20","     8.8"," ","R","20","     6.8"," ","R","20","     4.0"," ","R","20","     0.0","X","R","20","     0.0"," ","R","20","     0.7"," ","R","20","    23.8"," ","R","20","    18.8"," ","R","20","    13.8"," ","R","20","     8.8"," ","R","20","     6.8"," ","R","20","     4.0"," ","R","20","     0.0","X","R","20","     0.0"," ","R","20","    16.9"," ","R","20","    15.5"," ","R","20","    37.5"," ","P","20","    15.4"," ","P","20","     6.9"," ","P","20","     2.3"," ","P","20","     0.3"," ","P","20","     0.0"," ","P","20","     0.0"," ","P","20","     0.0"," ","P","20","    0.02"," ","P","20","    0.07"," ","P","20","    0.18"," ","P","20","    1.35"," ","R","18","    5.55"," ","R","18"
"USW00023159","08-01"," 37.7064","-112.1456","2312.2","BRYCE CANYON AP, UT US","08","01","99","    63.7"," ","R","20","    80.6"," ","R","20","    46.9"," ","R","20","    33.6"," ","R","20","     3.3"," ","R","20","     5.0"," ","R","20","     4.9"," ","R","20","     7.4"," ","R","20","     1.9"," ","R","20","     0.0"," ","R","20","     0.0"," ","R","20","     0.0"," ","R","20","     0.0","X","R","20","     0.0","X","R","20","     0.2"," ","R","20","     0.7"," ","R","20","    23.7"," ","R","20","    18.7"," ","R","20","    13.7"," ","R","20","     8.7"," ","R","20","     6.8"," ","R","20","     3.9"," ","R","20","     0.0","X","R","20","     0.0"," ","R","20","     0.7"," ","R","20","    23.7"," ","R","20","    18.7"," ","R","20","    13.7"," ","R","20","     8.7"," ","R","20","     6.8"," ","R","20","     3.9"," ","R","20","     0.0","X","R","20","     0.0"," ","R","20","    16.8"," ","R","20","    15.5"," ","R","20","    37.5"," ","P","20","    15.4"," ","P","20","     6.9"," ","P","20","     2.4"," ","P","20","     0.3"," ","P","20","     0.0"," ","P","20","     0.0"," ","P","20","     0.0"," ","P","20","    0.02"," ","P","20","    0.07"," ","P","20","    0.18"," ","P","20","    0.05"," ","R","20","    5.60"," ","R","20"
"USW00023159","08-02"," 37.7064","-112.1456","2312.2","BRYCE CANYON AP, UT US","08","02","99","    63.6"," ","R","20","    80.4"," ","R","20","    46.9"," ","R","20","    33.6"," ","R","20","     3.3"," ","R","20","     5.0"," ","R","20","     4.9"," ","R","20","     7.4"," ","R","20","     2.0"," ","R","20","     0.0"," ","R","20","     0.0"," ","R","20","     0.0"," ","R","20","     0.0","X","R","20","     0.0","X","R","20","     0.2"," ","R","20","     0.6"," ","R","20","    23.6"," ","R","20","    18.6"," ","R","20","    13.6"," ","R","20","     8.7"," ","R","20","     6.7"," ","R","20","     3.9"," ","R","20","     0.0","X","R","20","     0.0"," ","R","20","     0.6"," ","R","20","    23.6"," ","R","20","    18.6"," ","R","20","    13.6"," ","R","20","     8.7"," ","R","20","     6.7"," ","R","20","     3.9"," ","R","20","     0.0","X","R","20","     0.0"," ","R","20","    16.8"," ","R","20","    15.4"," ","R","20","    37.4"," ","P","20","    15.3"," ","P","20","     6.8"," ","P","20","     2.4"," ","P","20","     0.3"," ","P","20","     0.0"," ","P","20","     0.0"," ","P","20","     0.0"," ","P","20","    0.02"," ","P","20","    0.07"," ","P","20","    0.18"," ","P","20","    0.10"," ","R","20","    5.65"," ","R","20"
"USW00023159","08-03"," 37.7064","-112.1456","2312.2","BRYCE CANYON AP, UT US","08","03","99","    63.6"," ","R","20","    80.3"," ","R","20","    46.8"," ","R","20","    33.5"," ","R","20","     3.3"," ","R","20","     5.1"," ","R","20","     4.9"," ","R","20","     7.5"," ","R","20","     2.1"," ","R","20","     0.0"," ","R","20","     0.0"," ","R","20","     0.0"," ","R","20","     0.0","X","R","20","     0.0","X","R","20","     0.2"," ","R","20","     0.6"," ","R","20","    23.5"," ","R","20","    18.5"," ","R","20","    13.5"," ","R","20","     8.6"," ","R","20","     6.6"," ","R","20","     3.8"," ","R","20","     0.0","X","R","20","     0.0"," ","R","20","     0.6"," ","R","20","    23.5"," ","R","20","    18.5"," ","R","20","    13.5"," ","R","20","     8.6"," ","R","20","     6.6"," ","R","20","     3.8"," ","R","20","     0.0","X","R","20","     0.0"," ","R","20","    16.7"," ","R","20","    15.4"," ","R","20","    37.3"," ","P","20","    15.2"," ","P","20","     6.7"," ","P","20","     2.4"," ","P","20","     0.3"," ","P","20","     0.0"," ","P","20","     0.0"," ","P","20","     0.0"," ","P","20","    0.02"," ","P","20","    0.07"," ","P","20","    0.18"," ","P","20","    0.15"," ","R","20","    5.70"," ","R","20"
"USW00023159","08-04"," 37.7064","-112.1456","2312.2","BRYCE CANYON AP, UT US","08","04","99","    63.4"," ","R","20","    80.2"," ","R","20","    46.7"," ","R","20","    33.5"," ","R","20","     3.3"," ","R","20","     5.1"," ","R","20","     4.9"," ","R","20","     7.5"," ","R","20","     2.1"," ","R","20","     0.0"," ","R","20","     0.0"," ","R","20","     0.0"," ","R","20","     0.0","X","R","20","     0.0","X","R","20","     0.2"," ","R","20","     0.6"," ","R","20","    23.4"," ","R","20","    18.4"," ","R","20","    13.4"," ","R","20","     8.5"," ","R","20","     6.5"," ","R","20","     3.7"," ","R","20","     0.0","X","R","20","     0.0"," ","R","20","     0.6"," ","R","20","    23.4"," ","R","20","    18.4"," ","R","20","    13.4"," ","R","20","     8.5"," ","R","20","     6.5"," ","R","20","     3.7"," ","R","20","     0.0","X","R","20","     0.0"," ","R","20","    16.7"," ","R","20","    15.3"," ","R","20","    37.1"," ","P","20","    15.1"," ","P","20","     6.6"," ","P","20","     2.4"," ","P","20","     0.3"," ","P","20","     0.0"," ","P","20","     0.0"," ","P","20","     0.0"," ","P","20","    0.02"," ","P","20","    0.07"," ","P","20","    0.18"," ","P","20","    0.20"," ","R","20","    5.75"," ","R","20"
"USW00023159","08-05"," 37.7064","-112.1456","2312.2","BRYCE CANYON AP, UT US","08","05","99","    63.3"," ","R","20","    80.1"," ","R","20","    46.6"," ","R","20","    33.5"," ","R","20","     3.3"," ","R","20","     5.1"," ","R","20","     4.8"," ","R","20","     7.5"," ","R","20","     2.2"," ","R","20","     0.0"," ","R","20","     0.0"," ","R","20","     0.0"," ","R","20","     0.0","X","R","20","     0.0","X","R","20","     0.3"," ","R","20","     0.6"," ","R","20","    23.3"," ","R","20","    18.3"," ","R","20","    13.3"," ","R","20","     8.4"," ","R","20","     6.4"," ","R","20","     3.6"," ","R","20","     0.0","X","R","20","     0.0"," ","R","20","     0.6"," ","R","20","    23.3"," ","R","20","    18.3"," ","R","20","    13.3"," ","R","20","     8.4"," ","R","20","     6.4"," ","R","20","     3.6"," ","R","20","     0.0","X","R","20","     0.0"," ","R","20","    16.6"," ","R","20","    15.3"," ","R","20","    36.9"," ","P","20","    14.9"," ","P","20","     6.5"," ","P","20","     2.4"," ","P","20","     0.3"," ","P","20","     0.0"," ","P","20","     0.0"," ","P","20","     0.0"," ","P","20","    0.02"," ","P","20","    0.07"," ","P","20","    0.18"," ","P","20","    0.25"," ","R","20","    5.80"," ","R","20"
"USW00023159","08-06"," 37.7064","-112.1456","2312.2","BRYCE CANYON AP, UT US","08","06","99","    63.2"," ","R","20","    80.0"," ","R","20","    46.5"," ","R","20","    33.5"," ","R","20","     3.3"," ","R","20","     5.1"," ","R","20","     4.8"," ","R","20","     7.5"," ","R","20","     2.3"," ","R","20","     0.0"," ","R","20","     0.0"," ","R","20","     0.0"," ","R","20","     0.0","X","R","20","     0.1"," ","R","20","     0.3"," ","R","20","     0.5"," ","R","20","    23.2"," ","R","20","    18.2"," ","R","20","    13.2"," ","R","20","     8.2"," ","R","20","     6.3"," ","R","20","     3.5"," ","R","20","     0.0","X","R","20","     0.0"," ","R","20","     0.5"," ","R","20","    23.2"," ","R","20","    18.2"," ","R","20","    13.2"," ","R","20","     8.2"," ","R","20","     6.3"," ","R","20","     3.5"," ","R","20","     0.0","X","R","20","     0.0"," ","R","20","    16.5"," ","R","20","    15.2"," ","R","20","    36.7"," ","P","20","    14.8"," ","P","20","     6.5"," ","P","20","     2.4"," ","P","20","     0.3"," ","P","20","     0.0"," ","P","20","     0.0"," ","P","20","     0.0"," ","P","20","    0.02"," ","P","20","    0.07"," ","P","20","    0.18"," ","P","20","    0.30"," ","R","20","    5.85"," ","R","20"
"USW00023159","08-07"," 37.7064","-112.1456","2312.2","BRYCE CANYON AP, UT US","08","07","99","    63.1"," ","R","20","    79.9"," ","R","20","    46.4"," ","R","20","    33.5"," ","R","20","     3.3"," ","R","20","     5.2"," ","R","20","     4.8"," ","R","20","     7.5"," ","R","20","     2.4"," ","R","20","     0.0"," ","R","20","     0.0"," ","R","20","     0.0"," ","R","20","     0.0","X","R","20","     0.1"," ","R","20","     0.3"," ","R","20","     0.5"," ","R","20","    23.1"," ","R","20","    18.1"," ","R","20","    13.1"," ","R","20","     8.1"," ","R","20","     6.2"," ","R","20","     3.4"," ","R","20","     0.0","X","R","20","     0.0"," ","R","20","     0.5"," ","R","20","    23.1"," ","R","20","    18.1"," ","R","20","    13.1"," ","R","20","     8.1"," ","R","20","     6.2"," ","R","20","     3.4"," ","R","20","     0.0","X","R","20","     0.0"," ","R","20","    16.5"," ","R","20","    15.2"," ","R","20","    36.6"," ","P","20","    14.7"," ","P","20","     6.4"," ","P","20","     2.5"," ","P","20","     0.3"," ","P","20","     0.0"," ","P","20","     0.0"," ","P","20","     0.0"," ","P","20","    0.02"," ","P","20","    0.06"," ","P","20","    0.18"," ","P","20","    0.35"," ","R","20","    5.90"," ","R","20"
"USW00023159","08-08"," 37.7064","-112.1456","2312.2","BRYCE CANYON AP, UT US","08","08","99","    63.0"," ","R","20","    79.7"," ","R","20","    46.2"," ","R","20","    33.5"," ","R","20","     3.3"," ","R","20","     5.2"," ","R","20","     4.8"," ","R","20","     7.5"," ","R","20","     2.5"," ","R","20","     0.0"," ","R","20","     0.0"," ","R","20","     0.0"," ","R","20","     0.0","X","R","20","     0.1"," ","R","20","     0.3"," ","R","20","     0.5"," ","R","20","    23.0"," ","R","20","    18.0"," ","R","20","    13.0"," ","R","20","     8.0"," ","R","20","     6.0"," ","R","20","     3.3"," ","R","20","     0.0","X","R","20","     0.0"," ","R","20","     0.5"," ","R","20","    23.0"," ","R","20","    18.0"," ","R","20","    13.0"," ","R","20","     8.0"," ","R","20","     6.0"," ","R","20","     3.3"," ","R","20","     0.0","X","R","20","     0.0"," ","R","20","    16.4"," ","R","20","    15.1"," ","R","20","    36.4"," ","P","20","    14.6"," ","P","20","     6.4"," ","P","20","     2.5"," ","P","20","     0.3"," ","P","20","     0.0"," ","P","20","     0.0"," ","P","20","     0.0"," ","P","20","    0.02"," ","P","20","    0.06"," ","P","20","    0.18"," ","P","20","    0.39"," ","R","20","    5.94"," ","R","20"
"USW00023159","08-09"," 37.7064","-112.1456","2312.2","BRYCE CANYON AP, UT US","08","09","99","    62.8"," ","R","20","    79.6"," ","R","20","    46.1"," ","R","20","    33.5"," ","R","20","     3.3"," ","R","20","     5.3"," ","R","20","     4.8"," ","R","20","     7.5"," ","R","20","     2.6"," ","R","20","     0.0"," ","R","20","     0.0"," ","R","20","     0.0"," ","R","20","     0.0","X","R","20","     0.1"," ","R","20","     0.4"," ","R","20","     0.4"," ","R","20","    22.8"," ","R","20","    17.8"," ","R","20","    12.8"," ","R","20","     7.9"," ","R","20","     5.9"," ","R","20","     3.2"," ","R","20","     0.0","X","R","20","     0.0"," ","R","20","     0.4"," ","R","20","    22.8"," ","R","20","    17.8"," ","R","20","    12.8"," ","R","20","     7.9"," ","R","20","     5.9"," ","R","20","     3.2"," ","R","20","     0.0","X","R","20","     0.0"," ","R","20","    16.3"," ","R","20","    15.0"," ","R","20","    36.2"," ","P","20","    14.5"," ","P","20","     6.3"," ","P","20","     2.5"," ","P","20","     0.3"," ","P","20","     0.0"," ","P","20","     0.0"," ","P","20","     0.0"," ","P","20","    0.02"," ","P","20","    0.06"," ","P","20","    0.18"," ","P","20","    0.44"," ","R","20","    5.99"," ","R","20"
"USW00023159","08-10"," 37.7064","-112.1456","2312.2","BRYCE CANYON AP, UT US","08","10","99","    62.7"," ","R","20","    79.5"," ","R","20","    45.9"," ","R","20","    33.6"," ","R","20","     3.4"," ","R","20","     5.3"," ","R","20","     4.8"," ","R","20","     7.6"," ","R","20","     2.7"," ","R","20","     0.0"," ","R","20","     0.0"," ","R","20","     0.0"," ","R","20","     0.0","X","R","20","     0.1"," ","R","20","     0.4"," ","R","20","     0.4"," ","R","20","    22.7"," ","R","20","    17.7"," ","R","20","    12.7"," ","R","20","     7.7"," ","R","20","     5.8"," ","R","20","     3.1"," ","R","20","     0.0"," ","R","20","     0.0"," ","R","20","     0.4"," ","R","20","    22.7"," ","R","20","    17.7"," ","R","20","    12.7"," ","R","20","     7.7"," ","R","20","     5.8"," ","R","20","     3.1"," ","R","20","     0.0"," ","R","20","     0.0"," ","R","20","    16.2"," ","R","20","    15.0"," ","R","20","    36.1"," ","P","20","    14.4"," ","P","20","     6.3"," ","P","20","     2.5"," ","P","20","     0.3"," ","P","20","     0.0"," ","P","20","     0.0"," ","P","20","     0.0"," ","P","20","    0.02"," ","P","20","    0.06"," ","P","20","    0.18"," ","P","20","    0.49"," ","R","20","    6.04"," ","R","20"
"USW00023159","08-11"," 37.7064","-112.1456","2312.2","BRYCE CANYON AP, UT US","08","11","99","    62.6"," ","R","20","    79.4"," ","R","20","    45.8"," ","R","20","    33.6"," ","R","20","     3.4"," ","R","20","     5.3"," ","R","20","     4.8"," ","R","20","     7.6"," ","R","20","     2.9"," ","R","20","     0.0"," ","R","20","     0.0"," ","R","20","     0.0"," ","R","20","     0.0","X","R","20","     0.1"," ","R","20","     0.5"," ","R","20","     0.4"," ","R","20","    22.6"," ","R","20","    17.6"," ","R","20","    12.6"," ","R","20","     7.6"," ","R","20","     5.7"," ","R","20","     3.0"," ","R","20","     0.0","X","R","20","     0.0"," ","R","20","     0.4"," ","R","20","    22.6"," ","R","20","    17.6"," ","R","20","    12.6"," ","R","20","     7.6"," ","R","20","     5.7"," ","R","20","     3.0"," ","R","20","     0.0","X","R","20","     0.0"," ","R","20","    16.2"," ","R","20","    14.9"," ","R","20","    35.9"," ","P","20","    14.4"," ","P","20","     6.3"," ","P","20","     2.6"," ","P","20","     0.3"," ","P","20","     0.0"," ","P","20","     0.0"," ","P","20","     0.0"," ","P","20","    0.02"," ","P","20","    0.06"," ","P","20","    0.17"," ","P","20","    0.53"," ","R","20","    6.08"," ","R","20"
"USW00023159","08-12"," 37.7064","-112.1456","2312.2","BRYCE CANYON AP, UT US","08","12","99","    62.4"," ","R","20","    79.2"," ","R","20","    45.6"," ","R","20","    33.7"," ","R","20","     3.4"," ","R","20","     5.3"," ","R","20","     4.8"," ","R","20","     7.6"," ","R","20","     3.0"," ","R","20","     0.0"," ","R","20","     0.0"," ","R","20","     0.0"," ","R","20","     0.0","X","R","20","     0.1"," ","R","20","     0.5"," ","R","20","     0.4"," ","R","20","    22.4"," ","R","20","    17.4"," ","R","20","    12.4"," ","R","20","     7.4"," ","R","20","     5.5"," ","R","20","     3.0"," ","R","20","     0.0","X","R","20","     0.0"," ","R","20","     0.4"," ","R","20","    22.4"," ","R","20","    17.4"," ","R","20","    12.4"," ","R","20","     7.4"," ","R","20","     5.5"," ","R","20","     3.0"," ","R","20","     0.0","X","R","20","     0.0"," ","R","20","    16.1"," ","R","20","    14.8"," ","R","20","    35.7"," ","P","20","    14.3"," ","P","20","     6.3"," ","P","20","     2.6"," ","P","20","     0.3"," ","P","20","     0.0"," ","P","20","     0.0"," ","P","20","     0.0"," ","P","20","    0.02"," ","P","20","    0.06"," ","P","20","    0.17"," ","P","20","    0.58"," ","R","20","    6.13"," ","R","20"
"USW00023159","08-13"," 37.7064","-112.1456","2312.2","BRYCE CANYON AP, UT US","08","13","99","    62.3"," ","R","20","    79.1"," ","R","20","    45.4"," ","R","20","    33.7"," ","R","20","     3.4"," ","R","20","     5.4"," ","R","20","     4.9"," ","R","20","     7.6"," ","R","20","     3.1"," ","R","20","     0.0"," ","R","20","     0.0"," ","R","20","     0.0"," ","R","20","     0.0","X","R","20","     0.1"," ","R","20","     0.6"," ","R","20","     0.4"," ","R","20","    22.3"," ","R","20","    17.3"," ","R","20","    12.3"," ","R","20","     7.3"," ","R","20","     5.4"," ","R","20","     2.9"," ","R","20","     0.0","X","R","20","     0.0"," ","R","20","     0.4"," ","R","20","    22.3"," ","R","20","    17.3"," ","R","20","    12.3"," ","R","20","     7.3"," ","R","20","     5.4"," ","R","20","     2.9"," ","R","20","     0.0","X","R","20","     0.0"," ","R","20","    16.0"," ","R","20","    14.7"," ","R","20","    35.4"," ","P","20","    14.2"," ","P","20","     6.2"," ","P","20","     2.6"," ","P","20","     0.3"," ","P","20","     0.0"," ","P","20","     0.0"," ","P","20","     0.0"," ","P","20","    0.02"," ","P","20","    0.06"," ","P","20","    0.17"," ","P","20","    0.63"," ","R","20","    6.18"," ","R","20"
"USW00023159","08-14"," 37.7064","-112.1456","2312.2","BRYCE CANYON AP, UT US","08","14","99","    62.1"," ","R","20","    79.0"," ","R","20","    45.2"," ","R","20","    33.8"," ","R","20","     3.5"," ","R","20","     5.4"," ","R","20","     4.9"," ","R","20","     7.6"," ","R","20","     3.3"," ","R","20","     0.0"," ","R","20","     0.0"," ","R","20","     0.0"," ","R","20","     0.0","X","R","20","     0.1"," ","R","20","     0.7"," ","R","20","     0.4"," ","R","20","    22.1"," ","R","20","    17.1"," ","R","20","    12.1"," ","R","20","     7.1"," ","R","20","     5.3"," ","R","20","     2.8"," ","R","20","     0.0","X","R","20","     0.0"," ","R","20","     0.4"," ","R","20","    22.1"," ","R","20","    17.1"," ","R","20","    12.1"," ","R","20","     7.1"," ","R","20","     5.3"," ","R","20","     2.8"," ","R","20","     0.0","X","R","20","     0.0"," ","R","20","    15.9"," ","R","20","    14.6"," ","R","20","    35.2"," ","P","20","    14.2"," ","P","20","     6.2"," ","P","20","     2.6"," ","P","20","     0.3"," ","P","20","     0.0"," ","P","20","     0.0"," ","P","20","     0.0"," ","P","20","    0.02"," ","P","20","    0.06"," ","P","20","    0.17"," ","P","20","    0.67"," ","R","20","    6.22"," ","R","20"
"USW00023159","08-15"," 37.7064","-112.1456","2312.2","BRYCE CANYON AP, UT US","08","15","99","    61.9"," ","R","20","    78.9"," ","R","20","    45.0"," ","R","20","    33.8"," ","R","20","     3.5"," ","R","20","     5.4"," ","R","20","     4.9"," ","R","20","     7.6"," ","R","20","     3.4"," ","R","20","     0.0"," ","R","20","     0.0"," ","R","20","     0.0"," ","R","20","     0.0","X","R","20","     0.2"," ","R","20","     0.7"," ","R","20","     0.3"," ","R","20","    21.9"," ","R","20","    16.9"," ","R","20","    11.9"," ","R","20","     7.0"," ","R","20","     5.1"," ","R","20","     2.7"," ","R","20","     0.0","X","R","20","     0.0"," ","R","20","     0.3"," ","R","20","    21.9"," ","R","20","    16.9"," ","R","20","    11.9"," ","R","20","     7.0"," ","R","20","     5.1"," ","R","20","     2.7"," ","R","20","     0.0","X","R","20","     0.0"," ","R","20","    15.8"," ","R","20","    14.5"," ","R","20","    34.9"," ","P","20","    14.1"," ","P","20","     6.2"," ","P","20","     2.7"," ","P","20","     0.3"," ","P","20","     0.0"," ","P","20","     0.0"," ","P","20","     0.0"," ","P","20","    0.02"," ","P","20","    0.06"," ","P","20","    0.17"," ","P","20","    0.72"," ","R","20","    6.27"," ","R","20"
"USW00023159","08-16"," 37.7064","-112.1456","2312.2","BRYCE CANYON AP, UT US","08","16","99","    61.8"," ","R","20","    78.7"," ","R","20","    44.8"," ","R","20","    33.9"," ","R","20","     3.5"," ","R","20","     5.4"," ","R","20","     4.9"," ","R","20","     7.5"," ","R","20","     3.5"," ","R","20","     0.0"," ","R","20","     0.0"," ","R","20","     0.0"," ","R","20","     0.0","X","R","20","     0.2"," ","R","20","     0.7"," ","R","20","     0.3"," ","R","20","    21.8"," ","R","20","    16.8"," ","R","20","    11.8"," ","R","20","     6.8"," ","R","20","     4.9"," ","R","20","     2.5"," ","R","20","     0.0","X","R","20","     0.0"," ","R","20","     0.3"," ","R","20","    21.8"," ","R","20","    16.8"," ","R","20","    11.8"," ","R","20","     6.8"," ","R","20","     4.9"," ","R","20","     2.5"," ","R","20","     0.0","X","R","20","     0.0"," ","R","20","    15.7"," ","R","20","    14.5"," ","R","20","    34.6"," ","P","20","    14.0"," ","P","20","     6.2"," ","P","20","     2.7"," ","P","20","     0.3"," ","P","20","     0.0"," ","P","20","     0.0"," ","P","20","     0.0"," ","P","20","    0.02"," ","P","20","    0.06"," ","P","20","    0.17"," ","P","20","    0.76"," ","R","20","    6.31"," ","R","20"
"USW00023159","08-17"," 37.7064","-112.1456","2312.2","BRYCE CANYON AP, UT US","08","17","99","    61.6"," ","R","20","    78.6"," ","R","20","    44.6"," ","R","20","    33.9"," ","R","20","     3.6"," ","R","20","     5.4"," ","R","20","     4.9"," ","R","20","     7.5"," ","R","20","     3.7"," ","R","20","     0.0"," ","R","20","     0.0"," ","R","20","     0.0"," ","R","20","     0.0","X","R","20","     0.2"," ","R","20","     0.8"," ","R","20","     0.3"," ","R","20","    21.6"," ","R","20","    16.6"," ","R","20","    11.6"," ","R","20","     6.6"," ","R","20","     4.8"," ","R","20","     2.4"," ","R","20","     0.0","X","R","20","     0.0"," ","R","20","     0.3"," ","R","20","    21.6"," ","R","20","    16.6"," ","R","20","    11.6"," ","R","20","     6.6"," ","R","20","     4.8"," ","R","20","     2.4"," ","R","20","     0.0","X","R","20","     0.0"," ","R","20","    15.6"," ","R","20","    14.4"," ","R","20","    34.4"," ","P","20","    14.0"," ","P","20","     6.1"," ","P","20","     2.7"," ","P","20","     0.3"," ","P","20","     0.0"," ","P","20","     0.0"," ","P","20","     0.0"," ","P","20","    0.02"," ","P","20","    0.06"," ","P","20","    0.18"," ","P","20","    0.80"," ","R","20","    6.35"," ","R","20"
"USW00023159","08-18"," 37.7064","-112.1456","2312.2","BRYCE CANYON AP, UT US","08","18","99","    61.4"," ","R","20","    78.5"," ","R","20","    44.4"," ","R","20","    34.0"," ","R","20","     3.6"," ","R","20","     5.5"," ","R","20","     4.9"," ","R","20","     7.5"," ","R","20","     3.8"," ","R","20","     0.0"," ","R","20","     0.0"," ","R","20","     0.0"," ","R","20","     0.0","X","R","20","     0.2"," ","R","20","     0.9"," ","R","20","     0.3"," ","R","20","    21.4"," ","R","20","    16.4"," ","R","20","    11.4"," ","R","20","     6.5"," ","R","20","     4.6"," ","R","20","     2.3"," ","R","20","     0.0","X","R","20","     0.0"," ","R","20","     0.3"," ","R","20","    21.4"," ","R","20","    16.4"," ","R","20","    11.4"," ","R","20","     6.5"," ","R","20","     4.6"," ","R","20","     2.3"," ","R","20","     0.0","X","R","20","     0.0"," ","R","20","    15.5"," ","R","20","    14.3"," ","R","20","    34.1"," ","P","20","    13.9"," ","P","20","     6.1"," ","P","20","     2.7"," ","P","20","     0.3"," ","P","20","     0.0"," ","P","20","     0.0"," ","P","20","     0.0"," ","P","20","    0.02"," ","P","20","    0.06"," ","P","20","    0.18"," ","P","20","    0.84"," ","R","20","    6.39"," ","R","20"
"USW00023159","08-19"," 37.7064","-112.1456","2312.2","BRYCE CANYON AP, UT US","08","19","99","    61.3"," ","R","20","    78.3"," ","R","20","    44.2"," ","R","20","    34.1"," ","R","20","     3.6"," ","R","20","     5.5"," ","R","20","     5.0"," ","R","20","     7.5"," ","R","20","     4.0"," ","R","20","     0.0"," ","R","20","     0.0"," ","R","20","     0.0"," ","R","20","     0.1"," ","R","20","     0.2"," ","R","20","     1.0"," ","R","20","     0.2"," ","R","20","    21.3"," ","R","20","    16.3"," ","R","20","    11.3"," ","R","20","     6.3"," ","R","20","     4.5"," ","R","20","     2.3"," ","R","20","     0.0","X","R","20","     0.0"," ","R","20","     0.2"," ","R","20","    21.3"," ","R","20","    16.3"," ","R","20","    11.3"," ","R","20","     6.3"," ","R","20","     4.5"," ","R","20","     2.3"," ","R","20","     0.0","X","R","20","     0.0"," ","R","20","    15.4"," ","R","20","    14.2"," ","R","20","    33.8"," ","P","20","    13.9"," ","P","20","     6.1"," ","P","20","     2.8"," ","P","20","     0.3"," ","P","20","     0.0"," ","P","20","     0.0"," ","P","20","     0.0"," ","P","20","    0.02"," ","P","20","    0.06"," ","P","20","    0.18"," ","P","20","    0.88"," ","R","20","    6.43"," ","R","20"
"USW00023159","08-20"," 37.7064","-112.1456","2312.2","BRYCE CANYON AP, UT US","08","20","99","    61.1"," ","R","20","    78.2"," ","R","20","    44.0"," ","R","20","    34.2"," ","R","20","     3.7"," ","R","20","     5.5"," ","R","20","     5.0"," ","R","20","     7.5"," ","R","20","     4.1"," ","R","20","     0.0"," ","R","20","     0.0"," ","R","20","     0.0"," ","R","20","     0.1"," ","R","20","     0.3"," ","R","20","     1.1"," ","R","20","     0.2"," ","R","20","    21.1"," ","R","20","    16.1"," ","R","20","    11.1"," ","R","20","     6.2"," ","R","20","     4.4"," ","R","20","     2.2"," ","R","20","     0.0","X","R","20","     0.0"," ","R","20","     0.2"," ","R","20","    21.1"," ","R","20","    16.1"," ","R","20","    11.1"," ","R","20","     6.2"," ","R","20","     4.4"," ","R","20","     2.2"," ","R","20","     0.0","X","R","20","     0.0"," ","R","20","    15.3"," ","R","20","    14.1"," ","R","20","    33.5"," ","P","20","    13.8"," ","P","20","     6.1"," ","P","20","     2.8"," ","P","20","     0.4"," ","P","20","     0.0"," ","P","20","     0.0"," ","P","20","     0.0"," ","P","20","    0.02"," ","P","20","    0.06"," ","P","20","    0.18"," ","P","20","    0.93"," ","R","20","    6.48"," ","R","20"
"USW00023159","08-21"," 37.7064","-112.1456","2312.2","BRYCE CANYON AP, UT US","08","21","99","    60.9"," ","R","20","    78.0"," ","R","20","    43.8"," ","R","20","    34.2"," ","R","20","     3.7"," ","R","20","     5.5"," ","R","20","     5.0"," ","R","20","     7.5"," ","R","20","     4.3"," ","R","20","     0.0"," ","R","20","     0.0"," ","R","20","     0.0","X","R","20","     0.1"," ","R","20","     0.3"," ","R","20","     1.2"," ","R","20","     0.2"," ","R","20","    20.9"," ","R","20","    15.9"," ","R","20","    10.9"," ","R","20","     6.0"," ","R","20","     4.2"," ","R","20","     2.1"," ","R","20","     0.0","X","R","20","     0.0"," ","R","20","     0.2"," ","R","20","    20.9"," ","R","20","    15.9"," ","R","20","    10.9"," ","R","20","     6.0"," ","R","20","     4.2"," ","R","20","     2.1"," ","R","20","     0.0","X","R","20","     0.0"," ","R","20","    15.2"," ","R","20","    14.0"," ","R","20","    33.2"," ","P","20","    13.6"," ","P","20","     6.1"," ","P","20","     2.8"," ","P","20","     0.4"," ","P","20","     0.0"," ","P","20","     0.0"," ","P","20","     0.0"," ","P","20","    0.02"," ","P","20","    0.06"," ","P","20","    0.18"," ","P","20","    0.97"," ","R","20","    6.52"," ","R","20"
"USW00023159","08-22"," 37.7064","-112.1456","2312.2","BRYCE CANYON AP, UT US","08","22","99","    60.7"," ","R","20","    77.9"," ","R","20","    43.6"," ","R","20","    34.3"," ","R","20","     3.7"," ","R","20","     5.6"," ","R","20","     5.0"," ","R","20","     7.5"," ","R","20","     4.5"," ","R","20","     0.0"," ","R","20","     0.0"," ","R","20","     0.0","X","R","20","     0.1"," ","R","20","     0.4"," ","R","20","     1.3"," ","R","20","     0.2"," ","R","20","    20.7"," ","R","20","    15.7"," ","R","20","    10.7"," ","R","20","     5.8"," ","R","20","     4.1"," ","R","20","     2.0"," ","R","20","     0.0","X","R","20","     0.0"," ","R","20","     0.2"," ","R","20","    20.7"," ","R","20","    15.7"," ","R","20","    10.7"," ","R","20","     5.8"," ","R","20","     4.1"," ","R","20","     2.0"," ","R","20","     0.0","X","R","20","     0.0"," ","R","20","    15.1"," ","R","20","    13.9"," ","R","20","    32.8"," ","P","20","    13.5"," ","P","20","     6.1"," ","P","20","     2.8"," ","P","20","     0.4"," ","P","20","     0.0"," ","P","20","     0.0"," ","P","20","     0.0"," ","P","20","    0.02"," ","P","20","    0.06"," ","P","20","    0.18"," ","P","20","    1.01"," ","R","20","    6.56"," ","R","20"
"USW00023159","08-23"," 37.7064","-112.1456","2312.2","BRYCE CANYON AP, UT US","08","23","99","    60.5"," ","R","20","    77.7"," ","R","20","    43.3"," ","R","20","    34.4"," ","R","20","     3.8"," ","R","20","     5.6"," ","R","20","     5.1"," ","R","20","     7.5"," ","R","20","     4.7"," ","R","20","     0.0"," ","R","20","     0.0"," ","R","20","     0.0","X","R","20","     0.1"," ","R","20","     0.4"," ","R","20","     1.3"," ","R","20","     0.2"," ","R","20","    20.5"," ","R","20","    15.5"," ","R","20","    10.5"," ","R","20","     5.6"," ","R","20","     3.9"," ","R","20","     1.9"," ","R","20","     0.0","X","R","20","     0.0"," ","R","20","     0.2"," ","R","20","    20.5"," ","R","20","    15.5"," ","R","20","    10.5"," ","R","20","     5.6"," ","R","20","     3.9"," ","R","20","     1.9"," ","R","20","     0.0","X","R","20","     0.0"," ","R","20","    15.0"," ","R","20","    13.9"," ","R","20","    32.4"," ","P","20","    13.4"," ","P","20","     6.1"," ","P","20","     2.9"," ","P","20","     0.4"," ","P","20","     0.0"," ","P","20","     0.0"," ","P","20","     0.0"," ","P","20","    0.02"," ","P","20","    0.06"," ","P","20","    0.18"," ","P","20","    1.06"," ","R","20","    6.61"," ","R","20"
"USW00023159","08-24"," 37.7064","-112.1456","2312.2","BRYCE CANYON AP, UT US","08","24","99","    60.3"," ","R","20","    77.5"," ","R","20","    43.1"," ","R","20","    34.4"," ","R","20","     3.8"," ","R","20","     5.6"," ","R","20","     5.1"," ","R","20","     7.6"," ","R","20","     4.9"," ","R","20","     0.0"," ","R","20","     0.0","X","R","20","     0.0","X","R","20","     0.2"," ","R","20","     0.4"," ","R","20","     1.4"," ","R","20","     0.2"," ","R","20","    20.3"," ","R","20","    15.3"," ","R","20","    10.3"," ","R","20","     5.5"," ","R","20","     3.7"," ","R","20","     1.7"," ","R","20","     0.0","X","R","20","     0.0"," ","R","20","     0.2"," ","R","20","    20.3"," ","R","20","    15.3"," ","R","20","    10.3"," ","R","20","     5.5"," ","R","20","     3.7"," ","R","20","     1.7"," ","R","20","     0.0","X","R","20","     0.0"," ","R","20","    14.9"," ","R","20","    13.8"," ","R","20","    32.0"," ","P","20","    13.3"," ","P","20","     6.1"," ","P","20","     2.9"," ","P","20","     0.4"," ","P","20","     0.0"," ","P","20","     0.0"," ","P","20","     0.0"," ","P","20","    0.02"," ","P","20","    0.06"," ","P","20","    0.18"," ","P","20","    1.10"," ","R","20","    6.65"," ","R","20"
"USW00023159","08-25"," 37.7064","-112.1456","2312.2","BRYCE CANYON AP, UT US","08","25","99","    60.1"," ","R","20","    77.4"," ","R","20","    42.9"," ","R","20","    34.5"," ","R","20","     3.8"," ","R","20","     5.6"," ","R","20","     5.1"," ","R","20","     7.6"," ","R","20","     5.0"," ","R","20","     0.0"," ","R","20","     0.0","X","R","20","     0.0","X","R","20","     0.2"," ","R","20","     0.5"," ","R","20","     1.5"," ","R","20","     0.1"," ","R","20","    20.1"," ","R","20","    15.1"," ","R","20","    10.1"," ","R","20","     5.3"," ","R","20","     3.6"," ","R","20","     1.6"," ","R","20","     0.0","X","R","20","     0.0"," ","R","20","     0.1"," ","R","20","    20.1"," ","R","20","    15.1"," ","R","20","    10.1"," ","R","20","     5.3"," ","R","20","     3.6"," ","R","20","     1.6"," ","R","20","     0.0","X","R","20","     0.0"," ","R","20","    14.8"," ","R","20","    13.7"," ","R","20","    31.6"," ","P","20","    13.1"," ","P","20","     6.1"," ","P","20","     2.9"," ","P","20","     0.4"," ","P","20","     0.0"," ","P","20","     0.0"," ","P","20","     0.0"," ","P","20","    0.02"," ","P","20","    0.07"," ","P","20","    0.19"," ","P","20","    1.15"," ","R","20","    6.70"," ","R","20"
"USW00023159","08-26"," 37.7064","-112.1456","2312.2","BRYCE CANYON AP, UT US","08","26","99","    59.9"," ","R","20","    77.2"," ","R","20","    42.6"," ","R","20","    34.6"," ","R","20","     3.9"," ","R","20","     5.7"," ","R","20","     5.1"," ","R","20","     7.6"," ","R","20","     5.2"," ","R","20","     0.0"," ","R","20","     0.0","X","R","20","     0.0","X","R","20","     0.2"," ","R","20","     0.5"," ","R","20","     1.6"," ","R","20","     0.1"," ","R","20","    19.9"," ","R","20","    14.9"," ","R","20","     9.9"," ","R","20","     5.1"," ","R","20","     3.4"," ","R","20","     1.5"," ","R","20","     0.0","X","R","20","     0.0"," ","R","20","     0.1"," ","R","20","    19.9"," ","R","20","    14.9"," ","R","20","     9.9"," ","R","20","     5.1"," ","R","20","     3.4"," ","R","20","     1.5"," ","R","20","     0.0","X","R","20","     0.0"," ","R","20","    14.7"," ","R","20","    13.6"," ","R","20","    31.2"," ","P","20","    13.0"," ","P","20","     6.1"," ","P","20","     3.0"," ","P","20","     0.5"," ","P","20","     0.0"," ","P","20","     0.0"," ","P","20","     0.0"," ","P","20","    0.02"," ","P","20","    0.07"," ","P","20","    0.19"," ","P","20","    1.20"," ","R","20","    6.75"," ","R","20"
"USW00023159","08-27"," 37.7064","-112.1456","2312.2","BRYCE CANYON AP, UT US","08","27","99","    59.7"," ","R","20","    77.0"," ","R","20","    42.4"," ","R","20","    34.6"," ","R","20","     3.9"," ","R","20","     5.7"," ","R","20","     5.2"," ","R","20","     7.6"," ","R","20","     5.4"," ","R","20","     0.0"," ","R","20","     0.0","X","R","20","     0.0","X","R","20","     0.2"," ","R","20","     0.5"," ","R","20","     1.7"," ","R","20","     0.1"," ","R","20","    19.7"," ","R","20","    14.7"," ","R","20","     9.7"," ","R","20","     4.9"," ","R","20","     3.2"," ","R","20","     1.4"," ","R","20","     0.0","X","R","20","     0.0"," ","R","20","     0.1"," ","R","20","    19.7"," ","R","20","    14.7"," ","R","20","     9.7"," ","R","20","     4.9"," ","R","20","     3.2"," ","R","20","     1.4"," ","R","20","     0.0","X","R","20","     0.0"," ","R","20","    14.6"," ","R","20","    13.5"," ","R","20","    30.8"," ","P","20","    12.8"," ","P","20","     6.1"," ","P","20","     3.0"," ","P","20","     0.5"," ","P","20","     0.0"," ","P","20","     0.0"," ","P","20","     0.0"," ","P","20","    0.02"," ","P","20","    0.07"," ","P","20","    0.19"," ","P","20","    1.25"," ","R","20","    6.80"," ","R","20"
"USW00023159","08-28"," 37.7064","-112.1456","2312.2","BRYCE CANYON AP, UT US","08","28","99","    59.5"," ","R","20","    76.8"," ","R","20","    42.1"," ","R","20","    34.7"," ","R","20","     3.9"," ","R","20","     5.8"," ","R","20","     5.2"," ","R","20","     7.6"," ","R","20","     5.6"," ","R","20","     0.0"," ","R","20","     0.0","X","R","20","     0.0","X","R","20","     0.3"," ","R","20","     0.6"," ","R","20","     1.8"," ","R","20","     0.1"," ","R","20","    19.5"," ","R","20","    14.5"," ","R","20","     9.5"," ","R","20","     4.7"," ","R","20","     3.1"," ","R","20","     1.3"," ","R","20","     0.0","X","R","20","     0.0"," ","R","20","     0.1"," ","R","20","    19.5"," ","R","20","    14.5"," ","R","20","     9.5"," ","R","20","     4.7"," ","R","20","     3.1"," ","R","20","     1.3"," ","R","20","     0.0","X","R","20","     0.0"," ","R","20","    14.5"," ","R","20","    13.4"," ","R","20","    30.4"," ","P","20","    12.7"," ","P","20","     6.1"," ","P","20","     3.0"," ","P","20","     0.5"," ","P","20","     0.0"," ","P","20","     0.0"," ","P","20","     0.0"," ","P","20","    0.02"," ","P","20","    0.07"," ","P","20","    0.19"," ","P","20","    1.30"," ","R","20","    6.85"," ","R","20"
"USW00023159","08-29"," 37.7064","-112.1456","2312.2","BRYCE CANYON AP, UT US","08","29","99","    59.2"," ","R","20","    76.6"," ","R","20","    41.9"," ","R","20","    34.7"," ","R","20","     4.0"," ","R","20","     5.8"," ","R","20","     5.2"," ","R","20","     7.6"," ","R","20","     5.9"," ","R","20","     0.0"," ","R","20","     0.0","X","R","20","     0.0","X","R","20","     0.3"," ","R","20","     0.7"," ","R","20","     2.0"," ","R","20","     0.1"," ","R","20","    19.2"," ","R","20","    14.2"," ","R","20","     9.3"," ","R","20","     4.5"," ","R","20","     2.9"," ","R","20","     1.2"," ","R","20","     0.0","X","R","20","     0.0"," ","R","20","     0.1"," ","R","20","    19.2"," ","R","20","    14.2"," ","R","20","     9.3"," ","R","20","     4.5"," ","R","20","     2.9"," ","R","20","     1.2"," ","R","20","     0.0","X","R","20","     0.0"," ","R","20","    14.4"," ","R","20","    13.3"," ","R","20","    29.9"," ","P","20","    12.5"," ","P","20","     6.1"," ","P","20","     3.0"," ","P","20","     0.5"," ","P","20","     0.0"," ","P","20","     0.0"," ","P","20","     0.0"," ","P","20","    0.02"," ","P","20","    0.07"," ","P","20","    0.19"," ","P","20","    1.35"," ","R","20","    6.90"," ","R","20"
"USW00023159","08-30"," 37.7064","-112.1456","2312.2","BRYCE CANYON AP, UT US","08","30","99","    59.0"," ","R","20","    76.4"," ","R","20","    41.6"," ","R","20","    34.8"," ","R","20","     4.0"," ","R","20","     5.8"," ","R","20","     5.2"," ","R","20","     7.7"," ","R","20","     6.1"," ","R","20","     0.0"," ","R","20","     0.0","X","R","20","     0.1"," ","R","20","     0.3"," ","R","20","     0.8"," ","R","20","     2.1"," ","R","20","     0.1"," ","R","20","    19.0"," ","R","20","    14.0"," ","R","20","     9.0"," ","R","20","     4.3"," ","R","20","     2.8"," ","R","20","     1.1"," ","R","20","     0.0","X","R","20","     0.0"," ","R","20","     0.1"," ","R","20","    19.0"," ","R","20","    14.0"," ","R","20","     9.0"," ","R","20","     4.3"," ","R","20","     2.8"," ","R","20","     1.1"," ","R","20","     0.0","X","R","20","     0.0"," ","R","20","    14.3"," ","R","20","    13.2"," ","R","20","    29.5"," ","P","20","    12.4"," ","P","20","     6.1"," ","P","20","     3.0"," ","P","20","     0.6"," ","P","20","     0.0"," ","P","20","     0.0"," ","P","20","     0.0"," ","P","20","    0.02"," ","P","20","    0.07"," ","P","20","    0.20"," ","P","20","    1.41"," ","R","20","    6.96"," ","R","20"
"USW00023159","08-31"," 37.7064","-112.1456","2312.2","BRYCE CANYON AP, UT US","08","31","99","    58.7"," ","R","20","    76.1"," ","R","20","    41.3"," ","R","20","    34.8"," ","R","20","     4.0"," ","R","20","     5.9"," ","R","20","     5.3"," ","R","20","     7.7"," ","R","20","     6.3"," ","R","20","     0.0"," ","R","20","     0.0","X","R","20","     0.1"," ","R","20","     0.4"," ","R","20","     0.8"," ","R","20","     2.3"," ","R","20","     0.1"," ","R","20","    18.7"," ","R","20","    13.7"," ","R","20","     8.8"," ","R","20","     4.1"," ","R","20","     2.6"," ","R","20","     1.0"," ","R","20","     0.0","X","R","20","     0.0"," ","R","20","     0.1"," ","R","20","    18.7"," ","R","20","    13.7"," ","R","20","     8.8"," ","R","20","     4.1"," ","R","20","     2.6"," ","R","20","     1.0"," ","R","20","     0.0","X","R","20","     0.0"," ","R","20","    14.1"," ","R","20","    13.1"," ","R","20","    29.1"," ","P","20","    12.3"," ","P","20","     6.1"," ","P","20","     3.1"," ","P","20","     0.6"," ","P","20","     0.0"," ","P","20","     0.0"," ","P","20","     0.0"," ","P","20","    0.02"," ","P","20","    0.07"," ","P","20","    0.20"," ","P","20","    1.46"," ","R","20","    7.01"," ","R","20"
"USW00023159","09-01"," 37.7064","-112.1456","2312.2","BRYCE CANYON AP, UT US","09","01","99","    58.5"," ","R","20","    75.9"," ","R","20","    41.1"," ","R","20","    34.8"," ","R","20","     4.1"," ","R","20","     5.9"," ","R","20","     5.3"," ","R","20","     7.7"," ","R","20","     6.5"," ","R","20","     0.0"," ","R","20","     0.0","X","R","20","     0.1"," ","R","20","     0.5"," ","R","20","     0.9"," ","R","20","     2.4"," ","R","20","     0.0","X","R","20","    18.5"," ","R","20","    13.5"," ","R","20","     8.6"," ","R","20","     3.9"," ","R","20","     2.4"," ","R","20","     0.9"," ","R","20","     0.0"," ","R","20","     0.0"," ","R","20","     0.0","X","R","20","    18.5"," ","R","20","    13.5"," ","R","20","     8.6"," ","R","20","     3.9"," ","R","20","     2.4"," ","R","20","     0.9"," ","R","20","     0.0"," ","R","20","     0.0"," ","R","20","    14.0"," ","R","20","    13.0"," ","R","20","    28.8"," ","P","20","    12.3"," ","P","20","     6.1"," ","P","20","     3.1"," ","P","20","     0.6"," ","P","20","     0.0"," ","P","20","     0.0"," ","P","20","     0.0"," ","P","20","    0.02"," ","P","20","    0.07"," ","P","20","    0.20"," ","P","20","    0.07"," ","R","18","    7.08"," ","R","18"
"USW00023159","09-02"," 37.7064","-112.1456","2312.2","BRYCE CANYON AP, UT US","09","02","99","    58.2"," ","R","20","    75.7"," ","R","20","    40.8"," ","R","20","    34.9"," ","R","20","     4.1"," ","R","20","     5.9"," ","R","20","     5.4"," ","R","20","     7.8"," ","R","20","     6.8"," ","R","20","     0.0"," ","R","20","     0.0","X","R","20","     0.1"," ","R","20","     0.5"," ","R","20","     1.0"," ","R","20","     2.6"," ","R","20","     0.0","X","R","20","    18.2"," ","R","20","    13.2"," ","R","20","     8.3"," ","R","20","     3.8"," ","R","20","     2.3"," ","R","20","     0.8"," ","R","20","     0.0"," ","R","20","     0.0"," ","R","20","     0.0","X","R","20","    18.2"," ","R","20","    13.2"," ","R","20","     8.3"," ","R","20","     3.8"," ","R","20","     2.3"," ","R","20","     0.8"," ","R","20","     0.0"," ","R","20","     0.0"," ","R","20","    13.9"," ","R","20","    12.8"," ","R","20","    28.4"," ","P","20","    12.2"," ","P","20","     6.2"," ","P","20","     3.1"," ","P","20","     0.6"," ","P","20","     0.0"," ","P","20","     0.0"," ","P","20","     0.0"," ","P","20","    0.02"," ","P","20","    0.07"," ","P","20","    0.21"," ","P","20","    0.13"," ","R","18","    7.14"," ","R","18"
"USW00023159","09-03"," 37.7064","-112.1456","2312.2","BRYCE CANYON AP, UT US","09","03","99","    58.0"," ","R","20","    75.4"," ","R","20","    40.5"," ","R","20","    34.9"," ","R","20","     4.2"," ","R","20","     6.0"," ","R","20","     5.4"," ","R","20","     7.8"," ","R","20","     7.1"," ","R","20","     0.0"," ","R","20","     0.0","X","R","20","     0.1"," ","R","20","     0.6"," ","R","20","     1.2"," ","R","20","     2.8"," ","R","20","     0.0","X","R","20","    18.0"," ","R","20","    13.0"," ","R","20","     8.1"," ","R","20","     3.6"," ","R","20","     2.1"," ","R","20","     0.8"," ","R","20","     0.0"," ","R","20","     0.0"," ","R","20","     0.0","X","R","20","    18.0"," ","R","20","    13.0"," ","R","20","     8.1"," ","R","20","     3.6"," ","R","20","     2.1"," ","R","20","     0.8"," ","R","20","     0.0"," ","R","20","     0.0"," ","R","20","    13.8"," ","R","20","    12.7"," ","R","20","    28.1"," ","P","20","    12.1"," ","P","20","     6.2"," ","P","20","     3.2"," ","P","20","     0.7"," ","P","20","     0.0"," ","P","20","     0.0"," ","P","20","     0.0"," ","P","20","    0.02"," ","P","20","    0.07"," ","P","20","    0.21"," ","P","20","    0.20"," ","R","18","    7.21"," ","R","18"
"USW00023159","09-04"," 37.7064","-112.1456","2312.2","BRYCE CANYON AP, UT US","09","04","99","    57.7"," ","R","20","    75.2"," ","R","20","    40.2"," ","R","20","    34.9"," ","R","20","     4.2"," ","R","20","     6.0"," ","R","20","     5.4"," ","R","20","     7.8"," ","R","20","     7.3"," ","R","20","     0.0"," ","R","20","     0.0","X","R","20","     0.1"," ","R","20","     0.7"," ","R","20","     1.3"," ","R","20","     3.0"," ","R","20","     0.0","X","R","20","    17.7"," ","R","20","    12.7"," ","R","20","     7.8"," ","R","20","     3.4"," ","R","20","     2.0"," ","R","20","     0.7"," ","R","20","     0.0"," ","R","20","     0.0"," ","R","20","     0.0","X","R","20","    17.7"," ","R","20","    12.7"," ","R","20","     7.8"," ","R","20","     3.4"," ","R","20","     2.0"," ","R","20","     0.7"," ","R","20","     0.0"," ","R","20","     0.0"," ","R","20","    13.6"," ","R","20","    12.6"," ","R","20","    27.7"," ","P","20","    12.0"," ","P","20","     6.2"," ","P","20","     3.2"," ","P","20","     0.7"," ","P","20","     0.0"," ","P","20","     0.0"," ","P","20","     0.0"," ","P","20","    0.03"," ","P","20","    0.07"," ","P","20","    0.22"," ","P","20","    0.26"," ","R","18","    7.27"," ","R","18"
"USW00023159","09-05"," 37.7064","-112.1456","2312.2","BRYCE CANYON AP, UT US","09","05","99","    57.4"," ","R","20","    74.9"," ","R","20","    39.9"," ","R","20","    34.9"," ","R","20","     4.3"," ","R","20","     6.1"," ","R","20","     5.5"," ","R","20","     7.8"," ","R","20","     7.6"," ","R","20","     0.0"," ","R","20","     0.0","X","R","20","     0.1"," ","R","20","     0.7"," ","R","20","     1.4"," ","R","20","     3.2"," ","R","20","     0.0","X","R","20","    17.4"," ","R","20","    12.4"," ","R","20","     7.5"," ","R","20","     3.2"," ","R","20","     1.8"," ","R","20","     0.6"," ","R","20","     0.0"," ","R","20","     0.0"," ","R","20","     0.0","X","R","20","    17.4"," ","R","20","    12.4"," ","R","20","     7.5"," ","R","20","     3.2"," ","R","20","     1.8"," ","R","20","     0.6"," ","R","20","     0.0"," ","R","20","     0.0"," ","R","20","    13.5"," ","R","20","    12.5"," ","R","20","    27.3"," ","P","20","    11.9"," ","P","20","     6.2"," ","P","20","     3.2"," ","P","20","     0.7"," ","P","20","     0.0"," ","P","20","     0.0"," ","P","20","     0.0"," ","P","20","    0.03"," ","P","20","    0.07"," ","P","20","    0.22"," ","P","20","    0.32"," ","R","18","    7.33"," ","R","18"
"USW00023159","09-06"," 37.7064","-112.1456","2312.2","BRYCE CANYON AP, UT US","09","06","99","    57.1"," ","R","20","    74.6"," ","R","20","    39.7"," ","R","20","    35.0"," ","R","20","     4.3"," ","R","20","     6.1"," ","R","20","     5.5"," ","R","20","     7.8"," ","R","20","     7.9"," ","R","20","     0.0"," ","R","20","     0.0","X","R","20","     0.1"," ","R","20","     0.8"," ","R","20","     1.5"," ","R","20","     3.4"," ","R","20","     0.0","X","R","20","    17.1"," ","R","20","    12.1"," ","R","20","     7.3"," ","R","20","     3.0"," ","R","20","     1.7"," ","R","20","     0.5"," ","R","20","     0.0"," ","R","20","     0.0"," ","R","20","     0.0","X","R","20","    17.1"," ","R","20","    12.1"," ","R","20","     7.3"," ","R","20","     3.0"," ","R","20","     1.7"," ","R","20","     0.5"," ","R","20","     0.0"," ","R","20","     0.0"," ","R","20","    13.4"," ","R","20","    12.3"," ","R","20","    26.9"," ","P","20","    11.8"," ","P","20","     6.2"," ","P","20","     3.2"," ","P","20","     0.7"," ","P","20","     0.0"," ","P","20","     0.0"," ","P","20","     0.0"," ","P","20","    0.03"," ","P","20","    0.07"," ","P","20","    0.23"," ","P","20","    0.38"," ","R","18","    7.39"," ","R","18"
"USW00023159","09-07"," 37.7064","-112.1456","2312.2","BRYCE CANYON AP, UT US","09","07","99","    56.8"," ","R","20","    74.3"," ","R","20","    39.4"," ","R","20","    35.0"," ","R","20","     4.4"," ","R","20","     6.2"," ","R","20","     5.5"," ","R","20","     7.8"," ","R","20","     8.2"," ","R","20","     0.0","X","R","20","     0.0","X","R","20","     0.2"," ","R","20","     0.9"," ","R","20","     1.7"," ","R","20","     3.6"," ","R","20","     0.0","X","R","20","    16.8"," ","R","20","    11.9"," ","R","20","     7.0"," ","R","20","     2.8"," ","R","20","     1.5"," ","R","20","     0.5"," ","R","20","     0.0"," ","R","20","     0.0"," ","R","20","     0.0","X","R","20","    16.8"," ","R","20","    11.9"," ","R","20","     7.0"," ","R","20","     2.8"," ","R","20","     1.5"," ","R","20","     0.5"," ","R","20","     0.0"," ","R","20","     0.0"," ","R","20","    13.2"," ","R","20","    12.2"," ","R","20","    26.5"," ","P","20","    11.8"," ","P","20","     6.3"," ","P","20","     3.3"," ","P","20","     0.7"," ","P","20","     0.0"," ","P","20","     0.0"," ","P","20","     0.0"," ","P","20","    0.03"," ","P","20","    0.07"," ","P","20","    0.23"," ","P","20","    0.44"," ","R","18","    7.45"," ","R","18"
"USW00023159","09-08"," 37.7064","-112.1456","2312.2","BRYCE CANYON AP, UT US","09","08","99","    56.5"," ","R","20","    74.0"," ","R","20","    39.1"," ","R","20","    35.0"," ","R","20","     4.4"," ","R","20","     6.3"," ","R","20","     5.5"," ","R","20","     7.9"," ","R","20","     8.5"," ","R","20","     0.0","X","R","20","     0.0","X","R","20","     0.2"," ","R","20","     1.0"," ","R","20","     1.9"," ","R","20","     3.9"," ","R","20","     0.0","X","R","20","    16.5"," ","R","20","    11.6"," ","R","20","     6.7"," ","R","20","     2.6"," ","R","20","     1.4"," ","R","20","     0.4"," ","R","20","     0.0"," ","R","20","     0.0"," ","R","20","     0.0","X","R","20","    16.5"," ","R","20","    11.6"," ","R","20","     6.7"," ","R","20","     2.6"," ","R","20","     1.4"," ","R","20","     0.4"," ","R","20","     0.0"," ","R","20","     0.0"," ","R","20","    13.0"," ","R","20","    12.0"," ","R","20","    26.1"," ","P","20","    11.6"," ","P","20","     6.3"," ","P","20","     3.3"," ","P","20","     0.8"," ","P","20","     0.0"," ","P","20","     0.0"," ","P","20","     0.0"," ","P","20","    0.03"," ","P","20","    0.07"," ","P","20","    0.24"," ","P","20","    0.50"," ","R","18","    7.51"," ","R","18"
"USW00023159","09-09"," 37.7064","-112.1456","2312.2","BRYCE CANYON AP, UT US","09","09","99","    56.2"," ","R","20","    73.7"," ","R","20","    38.8"," ","R","20","    35.0"," ","R","20","     4.5"," ","R","20","     6.3"," ","R","20","     5.6"," ","R","20","     7.9"," ","R","20","     8.8"," ","R","20","     0.0","X","R","20","     0.0","X","R","20","     0.2"," ","R","20","     1.2"," ","R","20","     2.1"," ","R","20","     4.2"," ","R","20","     0.0","X","R","20","    16.2"," ","R","20","    11.3"," ","R","20","     6.4"," ","R","20","     2.4"," ","R","20","     1.3"," ","R","20","     0.4"," ","R","20","     0.0"," ","R","20","     0.0"," ","R","20","     0.0","X","R","20","    16.2"," ","R","20","    11.3"," ","R","20","     6.4"," ","R","20","     2.4"," ","R","20","     1.3"," ","R","20","     0.4"," ","R","20","     0.0"," ","R","20","     0.0"," ","R","20","    12.9"," ","R","20","    11.8"," ","R","20","    25.7"," ","P","20","    11.5"," ","P","20","     6.3"," ","P","20","     3.3"," ","P","20","     0.8"," ","P","20","     0.0"," ","P","20","     0.0"," ","P","20","     0.0"," ","P","20","    0.03"," ","P","20","    0.08"," ","P","20","    0.24"," ","P","20","    0.55"," ","R","18","    7.56"," ","R","18"
"USW00023159","09-10"," 37.7064","-112.1456","2312.2","BRYCE CANYON AP, UT US","09","10","99","    55.9"," ","R","20","    73.4"," ","R","20","    38.4"," ","R","20","    34.9"," ","R","20","     4.5"," ","R","20","     6.4"," ","R","20","     5.6"," ","R","20","     7.9"," ","R","20","     9.1"," ","R","20","     0.0","X","R","20","     0.1"," ","R","20","     0.3"," ","R","20","     1.3"," ","R","20","     2.3"," ","R","20","     4.5"," ","R","20","     0.0","X","R","20","    15.9"," ","R","20","    11.0"," ","R","20","     6.2"," ","R","20","     2.2"," ","R","20","     1.2"," ","R","20","     0.4"," ","R","20","     0.0"," ","R","20","     0.0"," ","R","20","     0.0","X","R","20","    15.9"," ","R","20","    11.0"," ","R","20","     6.2"," ","R","20","     2.2"," ","R","20","     1.2"," ","R","20","     0.4"," ","R","20","     0.0"," ","R","20","     0.0"," ","R","20","    12.7"," ","R","20","    11.7"," ","R","20","    25.3"," ","P","20","    11.3"," ","P","20","     6.3"," ","P","20","     3.3"," ","P","20","     0.8"," ","P","20","     0.0"," ","P","20","     0.0"," ","P","20","     0.0"," ","P","20","    0.03"," ","P","20","    0.08"," ","P","20","    0.25"," ","P","20","    0.60"," ","R","18","    7.61"," ","R","18"
"USW00023159","09-11"," 37.7064","-112.1456","2312.2","BRYCE CANYON AP, UT US","09","11","99","    55.6"," ","R","20","    73.1"," ","R","20","    38.1"," ","R","20","    34.9"," ","R","20","     4.6"," ","R","20","     6.5"," ","R","20","     5.6"," ","R","20","     7.9"," ","R","20","     9.4"," ","R","20","     0.0","X","R","20","     0.1"," ","R","20","     0.3"," ","R","20","     1.5"," ","R","20","     2.5"," ","R","20","     4.7"," ","R","20","     0.0","X","R","20","    15.6"," ","R","20","    10.6"," ","R","20","     5.9"," ","R","20","     2.0"," ","R","20","     1.1"," ","R","20","     0.3"," ","R","20","     0.0"," ","R","20","     0.0"," ","R","20","     0.0","X","R","20","    15.6"," ","R","20","    10.6"," ","R","20","     5.9"," ","R","20","     2.0"," ","R","20","     1.1"," ","R","20","     0.3"," ","R","20","     0.0"," ","R","20","     0.0"," ","R","20","    12.5"," ","R","20","    11.5"," ","R","20","    24.8"," ","P","20","    11.2"," ","P","20","     6.2"," ","P","20","     3.3"," ","P","20","     0.9"," ","P","20","     0.0"," ","P","20","     0.0"," ","P","20","     0.0"," ","P","20","    0.03"," ","P","20","    0.08"," ","P","20","    0.25"," ","P","20","    0.66"," ","R","18","    7.67"," ","R","18"
"USW00023159","09-12"," 37.7064","-112.1456","2312.2","BRYCE CANYON AP, UT US","09","12","99","    55.3"," ","R","20","    72.7"," ","R","20","    37.8"," ","R","20","    34.9"," ","R","20","     4.7"," ","R","20","     6.6"," ","R","20","     5.7"," ","R","20","     8.0"," ","R","20","     9.8"," ","R","20","     0.0","X","R","20","     0.1"," ","R","20","     0.3"," ","R","20","     1.6"," ","R","20","     2.7"," ","R","20","     5.0"," ","R","20","     0.0","X","R","20","    15.3"," ","R","20","    10.3"," ","R","20","     5.6"," ","R","20","     1.9"," ","R","20","     1.0"," ","R","20","     0.3"," ","R","20","     0.0"," ","R","20","     0.0"," ","R","20","     0.0","X","R","20","    15.3"," ","R","20","    10.3"," ","R","20","     5.6"," ","R","20","     1.9"," ","R","20","     1.0"," ","R","20","     0.3"," ","R","20","     0.0"," ","R","20","     0.0"," ","R","20","    12.4"," ","R","20","    11.4"," ","R","20","    24.4"," ","P","20","    11.0"," ","P","20","     6.2"," ","P","20","     3.3"," ","P","20","     0.9"," ","P","20","     0.0"," ","P","20","     0.0"," ","P","20","     0.0"," ","P","20","    0.03"," ","P","20","    0.08"," ","P","20","    0.26"," ","P","20","    0.71"," ","R","18","    7.72"," ","R","18"
"USW00023159","09-13"," 37.7064","-112.1456","2312.2","BRYCE CANYON AP, UT US","09","13","99","    54.9"," ","R","20","    72.4"," ","R","20","    37.5"," ","R","20","    34.9"," ","R","20","     4.8"," ","R","20","     6.7"," ","R","20","     5.7"," ","R","20","     8.0"," ","R","20","    10.1"," ","R","20","     0.0","X","R","20","     0.1"," ","R","20","     0.4"," ","R","20","     1.8"," ","R","20","     2.9"," ","R","20","     5.3"," ","R","20","     0.0","X","R","20","    14.9"," ","R","20","    10.0"," ","R","20","     5.3"," ","R","20","     1.7"," ","R","20","     0.8"," ","R","20","     0.2"," ","R","20","     0.0"," ","R","20","     0.0"," ","R","20","     0.0","X","R","20","    14.9"," ","R","20","    10.0"," ","R","20","     5.3"," ","R","20","     1.7"," ","R","20","     0.8"," ","R","20","     0.2"," ","R","20","     0.0"," ","R","20","     0.0"," ","R","20","    12.2"," ","R","20","    11.2"," ","R","20","    23.9"," ","P","20","    10.8"," ","P","20","     6.2"," ","P","20","     3.3"," ","P","20","     0.9"," ","P","20","     0.0"," ","P","20","     0.0"," ","P","20","     0.0"," ","P","20","    0.03"," ","P","20","    0.08"," ","P","20","    0.26"," ","P","20","    0.76"," ","R","18","    7.77"," ","R","18"
"USW00023159","09-14"," 37.7064","-112.1456","2312.2","BRYCE CANYON AP, UT US","09","14","99","    54.6"," ","R","20","    72.0"," ","R","20","    37.1"," ","R","20","    34.9"," ","R","20","     4.8"," ","R","20","     6.8"," ","R","20","     5.7"," ","R","20","     8.1"," ","R","20","    10.4"," ","R","20","     0.0","X","R","20","     0.1"," ","R","20","     0.5"," ","R","20","     2.0"," ","R","20","     3.2"," ","R","20","     5.6"," ","R","20","     0.0","X","R","20","    14.6"," ","R","20","     9.7"," ","R","20","     5.1"," ","R","20","     1.5"," ","R","20","     0.7"," ","R","20","     0.2"," ","R","20","     0.0"," ","R","20","     0.0"," ","R","20","     0.0","X","R","20","    14.6"," ","R","20","     9.7"," ","R","20","     5.1"," ","R","20","     1.5"," ","R","20","     0.7"," ","R","20","     0.2"," ","R","20","     0.0"," ","R","20","     0.0"," ","R","20","    12.0"," ","R","20","    11.0"," ","R","20","    23.4"," ","P","20","    10.7"," ","P","20","     6.1"," ","P","20","     3.3"," ","P","20","     0.9"," ","P","20","     0.0"," ","P","20","     0.0"," ","P","20","     0.0"," ","P","20","    0.03"," ","P","20","    0.08"," ","P","20","    0.27"," ","P","20","    0.82"," ","R","18","    7.83"," ","R","18"
"USW00023159","09-15"," 37.7064","-112.1456","2312.2","BRYCE CANYON AP, UT US","09","15","99","    54.2"," ","R","20","    71.6"," ","R","20","    36.8"," ","R","20","    34.8"," ","R","20","     4.9"," ","R","20","     6.9"," ","R","20","     5.8"," ","R","20","     8.1"," ","R","20","    10.8"," ","R","20","     0.0","X","R","20","     0.2"," ","R","20","     0.6"," ","R","20","     2.2"," ","R","20","     3.4"," ","R","20","     5.9"," ","R","20","     0.0"," ","R","20","    14.2"," ","R","20","     9.4"," ","R","20","     4.8"," ","R","20","     1.4"," ","R","20","     0.7"," ","R","20","     0.1"," ","R","20","     0.0"," ","R","20","     0.0"," ","R","20","     0.0"," ","R","20","    14.2"," ","R","20","     9.4"," ","R","20","     4.8"," ","R","20","     1.4"," ","R","20","     0.7"," ","R","20","     0.1"," ","R","20","     0.0"," ","R","20","     0.0"," ","R","20","    11.8"," ","R","20","    10.8"," ","R","20","    22.9"," ","P","20","    10.5"," ","P","20","     6.0"," ","P","20","     3.3"," ","P","20","     1.0"," ","P","20","     0.0"," ","P","20","     0.0"," ","P","20","     0.0"," ","P","20","    0.03"," ","P","20","    0.08"," ","P","20","    0.27"," ","P","20","    0.87"," ","R","18","    7.88"," ","R","18"
"USW00023159","09-16"," 37.7064","-112.1456","2312.2","BRYCE CANYON AP, UT US","09","16","99","    53.9"," ","R","20","    71.3"," ","R","20","    36.5"," ","R","20","    34.8"," ","R","20","     5.0"," ","R","20","     7.1"," ","R","20","     5.8"," ","R","20","     8.2"," ","R","20","    11.1"," ","R","20","     0.0","X","R","20","     0.2"," ","R","20","     0.7"," ","R","20","     2.4"," ","R","20","     3.7"," ","R","20","     6.2"," ","R","20","     0.0"," ","R","20","    13.9"," ","R","20","     9.1"," ","R","20","     4.6"," ","R","20","     1.3"," ","R","20","     0.6"," ","R","20","     0.1"," ","R","20","     0.0"," ","R","20","     0.0"," ","R","20","     0.0"," ","R","20","    13.9"," ","R","20","     9.1"," ","R","20","     4.6"," ","R","20","     1.3"," ","R","20","     0.6"," ","R","20","     0.1"," ","R","20","     0.0"," ","R","20","     0.0"," ","R","20","    11.7"," ","R","20","    10.6"," ","R","20","    22.4"," ","P","20","    10.2"," ","P","20","     5.9"," ","P","20","     3.3"," ","P","20","     1.0"," ","P","20","     0.0"," ","P","20","     0.0"," ","P","20","     0.0"," ","P","20","    0.03"," ","P","20","    0.08"," ","P","20","    0.27"," ","P","20","    0.93"," ","R","18","    7.94"," ","R","18"
"USW00023159","09-17"," 37.7064","-112.1456","2312.2","BRYCE CANYON AP, UT US","09","17","99","    53.5"," ","R","20","    70.9"," ","R","20","    36.1"," ","R","20","    34.8"," ","R","20","     5.1"," ","R","20","     7.2"," ","R","20","     5.8"," ","R","20","     8.2"," ","R","20","    11.5"," ","R","20","     0.0","X","R","20","     0.3"," ","R","20","     0.8"," ","R","20","     2.6"," ","R","20","     4.0"," ","R","20","     6.6"," ","R","20","     0.0"," ","R","20","    13.5"," ","R","20","     8.8"," ","R","20","     4.3"," ","R","20","     1.2"," ","R","20","     0.5"," ","R","20","     0.1"," ","R","20","     0.0"," ","R","20","     0.0"," ","R","20","     0.0"," ","R","20","    13.5"," ","R","20","     8.8"," ","R","20","     4.3"," ","R","20","     1.2"," ","R","20","     0.5"," ","R","20","     0.1"," ","R","20","     0.0"," ","R","20","     0.0"," ","R","20","    11.5"," ","R","20","    10.5"," ","R","20","    21.9"," ","P","20","    10.1"," ","P","20","     5.9"," ","P","20","     3.3"," ","P","20","     1.0"," ","P","20","     0.0"," ","P","20","     0.0"," ","P","20","     0.0"," ","P","20","    0.03"," ","P","20","    0.08"," ","P","20","    0.27"," ","P","20","    0.98"," ","R","18","    7.99"," ","R","18"
"USW00023159","09-18"," 37.7064","-112.1456","2312.2","BRYCE CANYON AP, UT US","09","18","99","    53.1"," ","R","20","    70.5"," ","R","20","    35.8"," ","R","20","    34.7"," ","R","20","     5.1"," ","R","20","     7.3"," ","R","20","     5.9"," ","R","20","     8.3"," ","R","20","    11.9"," ","R","20","     0.0","X","R","20","     0.3"," ","R","20","     1.0"," ","R","20","     2.9"," ","R","20","     4.3"," ","R","20","     6.9"," ","R","20","     0.0"," ","R","20","    13.2"," ","R","20","     8.4"," ","R","20","     4.1"," ","R","20","     1.0"," ","R","20","     0.4"," ","R","20","     0.1"," ","R","20","     0.0"," ","R","20","     0.0"," ","R","20","     0.0"," ","R","20","    13.2"," ","R","20","     8.4"," ","R","20","     4.1"," ","R","20","     1.0"," ","R","20","     0.4"," ","R","20","     0.1"," ","R","20","     0.0"," ","R","20","     0.0"," ","R","20","    11.3"," ","R","20","    10.3"," ","R","20","    21.4"," ","P","20","     9.9"," ","P","20","     5.8"," ","P","20","     3.3"," ","P","20","     1.0"," ","P","20","     0.0"," ","P","20","     0.0"," ","P","20","     0.0"," ","P","20","    0.03"," ","P","20","    0.08"," ","P","20","    0.28"," ","P","20","    1.03"," ","R","18","    8.04"," ","R","18"
"USW00023159","09-19"," 37.7064","-112.1456","2312.2","BRYCE CANYON AP, UT US","09","19","99","    52.8"," ","R","20","    70.1"," ","R","20","    35.4"," ","R","20","    34.7"," ","R","20","     5.2"," ","R","20","     7.4"," ","R","20","     5.9"," ","R","20","     8.3"," ","R","20","    12.2"," ","R","20","     0.1"," ","R","20","     0.4"," ","R","20","     1.1"," ","R","20","     3.1"," ","R","20","     4.6"," ","R","20","     7.3"," ","R","20","     0.0"," ","R","20","    12.8"," ","R","20","     8.1"," ","R","20","     3.8"," ","R","20","     0.9"," ","R","20","     0.3"," ","R","20","     0.0","X","R","20","     0.0"," ","R","20","     0.0"," ","R","20","     0.0"," ","R","20","    12.8"," ","R","20","     8.1"," ","R","20","     3.8"," ","R","20","     0.9"," ","R","20","     0.3"," ","R","20","     0.0","X","R","20","     0.0"," ","R","20","     0.0"," ","R","20","    11.1"," ","R","20","    10.1"," ","R","20","    21.0"," ","P","20","     9.8"," ","P","20","     5.8"," ","P","20","     3.2"," ","P","20","     1.0"," ","P","20","     0.0"," ","P","20","     0.0"," ","P","20","     0.0"," ","P","20","    0.03"," ","P","20","    0.08"," ","P","20","    0.28"," ","P","20","    1.08"," ","R","18","    8.09"," ","R","18"
"USW00023159","09-20"," 37.7064","-112.1456","2312.2","BRYCE CANYON AP, UT US","09","20","99","    52.4"," ","R","20","    69.7"," ","R","20","    35.1"," ","R","20","    34.6"," ","R","20","     5.3"," ","R","20","     7.5"," ","R","20","     5.9"," ","R","20","     8.4"," ","R","20","    12.6"," ","R","20","     0.1"," ","R","20","     0.4"," ","R","20","     1.2"," ","R","20","     3.4"," ","R","20","     4.9"," ","R","20","     7.6"," ","R","20","     0.0"," ","R","20","    12.5"," ","R","20","     7.8"," ","R","20","     3.6"," ","R","20","     0.8"," ","R","20","     0.3"," ","R","20","     0.0","X","R","20","     0.0"," ","R","20","     0.0"," ","R","20","     0.0"," ","R","20","    12.5"," ","R","20","     7.8"," ","R","20","     3.6"," ","R","20","     0.8"," ","R","20","     0.3"," ","R","20","     0.0","X","R","20","     0.0"," ","R","20","     0.0"," ","R","20","    10.9"," ","R","20","     9.9"," ","R","20","    20.6"," ","P","20","     9.6"," ","P","20","     5.7"," ","P","20","     3.2"," ","P","20","     1.0"," ","P","20","     0.0"," ","P","20","     0.0"," ","P","20","     0.0"," ","P","20","    0.04"," ","P","20","    0.08"," ","P","20","    0.29"," ","P","20","    1.13"," ","R","18","    8.14"," ","R","18"
"USW00023159","09-21"," 37.7064","-112.1456","2312.2","BRYCE CANYON AP, UT US","09","21","99","    52.0"," ","R","20","    69.3"," ","R","20","    34.7"," ","R","20","    34.6"," ","R","20","     5.3"," ","R","20","     7.6"," ","R","20","     5.9"," ","R","20","     8.4"," ","R","20","    13.0"," ","R","20","     0.1"," ","R","20","     0.5"," ","R","20","     1.4"," ","R","20","     3.7"," ","R","20","     5.2"," ","R","20","     8.0"," ","R","20","     0.0"," ","R","20","    12.1"," ","R","20","     7.5"," ","R","20","     3.4"," ","R","20","     0.7"," ","R","20","     0.2"," ","R","20","     0.0","X","R","20","     0.0"," ","R","20","     0.0"," ","R","20","     0.0"," ","R","20","    12.1"," ","R","20","     7.5"," ","R","20","     3.4"," ","R","20","     0.7"," ","R","20","     0.2"," ","R","20","     0.0","X","R","20","     0.0"," ","R","20","     0.0"," ","R","20","    10.7"," ","R","20","     9.7"," ","R","20","    20.3"," ","P","20","     9.6"," ","P","20","     5.7"," ","P","20","     3.2"," ","P","20","     1.1"," ","P","20","     0.0"," ","P","20","     0.0"," ","P","20","     0.0"," ","P","20","    0.04"," ","P","20","    0.08"," ","P","20","    0.29"," ","P","20","    1.19"," ","R","18","    8.20"," ","R","18"
"USW00023159","09-22"," 37.7064","-112.1456","2312.2","BRYCE CANYON AP, UT US","09","22","99","    51.6"," ","R","20","    68.9"," ","R","20","    34.4"," ","R","20","    34.5"," ","R","20","     5.4"," ","R","20","     7.6"," ","R","20","     6.0"," ","R","20","     8.4"," ","R","20","    13.4"," ","R","20","     0.1"," ","R","20","     0.6"," ","R","20","     1.6"," ","R","20","     4.0"," ","R","20","     5.6"," ","R","20","     8.4"," ","R","20","     0.0"," ","R","20","    11.7"," ","R","20","     7.2"," ","R","20","     3.2"," ","R","20","     0.6"," ","R","20","     0.2"," ","R","20","     0.0","X","R","20","     0.0"," ","R","20","     0.0"," ","R","20","     0.0"," ","R","20","    11.7"," ","R","20","     7.2"," ","R","20","     3.2"," ","R","20","     0.6"," ","R","20","     0.2"," ","R","20","     0.0","X","R","20","     0.0"," ","R","20","     0.0"," ","R","20","    10.5"," ","R","20","     9.5"," ","R","20","    20.0"," ","P","20","     9.5"," ","P","20","     5.7"," ","P","20","     3.2"," ","P","20","     1.1"," ","P","20","     0.0"," ","P","20","     0.0"," ","P","20","     0.0"," ","P","20","    0.04"," ","P","20","    0.09"," ","P","20","    0.29"," ","P","20","    1.25"," ","R","18","    8.26"," ","R","18"
"USW00023159","09-23"," 37.7064","-112.1456","2312.2","BRYCE CANYON AP, UT US","09","23","99","    51.3"," ","R","20","    68.5"," ","R","20","    34.0"," ","R","20","    34.5"," ","R","20","     5.5"," ","R","20","     7.7"," ","R","20","     6.0"," ","R","20","     8.5"," ","R","20","    13.7"," ","R","20","     0.1"," ","R","20","     0.6"," ","R","20","     1.8"," ","R","20","     4.3"," ","R","20","     5.9"," ","R","20","     8.8"," ","R","20","     0.0"," ","R","20","    11.4"," ","R","20","     6.9"," ","R","20","     3.0"," ","R","20","     0.6"," ","R","20","     0.2"," ","R","20","     0.0","X","R","20","     0.0"," ","R","20","     0.0"," ","R","20","     0.0"," ","R","20","    11.4"," ","R","20","     6.9"," ","R","20","     3.0"," ","R","20","     0.6"," ","R","20","     0.2"," ","R","20","     0.0","X","R","20","     0.0"," ","R","20","     0.0"," ","R","20","    10.3"," ","R","20","     9.3"," ","R","20","    19.7"," ","P","20","     9.4"," ","P","20","     5.7"," ","P","20","     3.2"," ","P","20","     1.1"," ","P","20","     0.0"," ","P","20","     0.0"," ","P","20","     0.0"," ","P","20","    0.04"," ","P","20","    0.09"," ","P","20","    0.30"," ","P","20","    1.31"," ","R","18","    8.32"," ","R","18"
"USW00023159","09-24"," 37.7064","-112.1456","2312.2","BRYCE CANYON AP, UT US","09","24","99","    50.9"," ","R","20","    68.1"," ","R","20","    33.6"," ","R","20","    34.4"," ","R","20","     5.5"," ","R","20","     7.8"," ","R","20","     6.0"," ","R","20","     8.5"," ","R","20","    14.1"," ","R","20","     0.1"," ","R","20","     0.7"," ","R","20","     2.0"," ","R","20","     4.7"," ","R","20","     6.3"," ","R","20","     9.1"," ","R","20","     0.0"," ","R","20","    11.0"," ","R","20","     6.6"," ","R","20","     2.8"," ","R","20","     0.5"," ","R","20","     0.2"," ","R","20","     0.0","X","R","20","     0.0"," ","R","20","     0.0"," ","R","20","     0.0"," ","R","20","    11.0"," ","R","20","     6.6"," ","R","20","     2.8"," ","R","20","     0.5"," ","R","20","     0.2"," ","R","20","     0.0","X","R","20","     0.0"," ","R","20","     0.0"," ","R","20","    10.1"," ","R","20","     9.1"," ","R","20","    19.4"," ","P","20","     9.4"," ","P","20","     5.7"," ","P","20","     3.2"," ","P","20","     1.1"," ","P","20","     0.0"," ","P","20","     0.0"," ","P","20","     0.0"," ","P","20","    0.04"," ","P","20","    0.09"," ","P","20","    0.30"," ","P","20","    1.37"," ","R","18","    8.38"," ","R","18"
"USW00023159","09-25"," 37.7064","-112.1456","2312.2","BRYCE CANYON AP, UT US","09","25","99","    50.5"," ","R","20","    67.7"," ","R","20","    33.3"," ","R","20","    34.4"," ","R","20","     5.6"," ","R","20","     7.9"," ","R","20","     6.1"," ","R","20","     8.5"," ","R","20","    14.5"," ","R","20","     0.2"," ","R","20","     0.8"," ","R","20","     2.2"," ","R","20","     5.0"," ","R","20","     6.7"," ","R","20","     9.5"," ","R","20","     0.0"," ","R","20","    10.7"," ","R","20","     6.3"," ","R","20","     2.6"," ","R","20","     0.5"," ","R","20","     0.1"," ","R","20","     0.0","X","R","20","     0.0"," ","R","20","     0.0"," ","R","20","     0.0"," ","R","20","    10.7"," ","R","20","     6.3"," ","R","20","     2.6"," ","R","20","     0.5"," ","R","20","     0.1"," ","R","20","     0.0","X","R","20","     0.0"," ","R","20","     0.0"," ","R","20","     9.9"," ","R","20","     8.9"," ","R","20","    19.2"," ","P","20","     9.4"," ","P","20","     5.7"," ","P","20","     3.2"," ","P","20","     1.2"," ","P","20","     0.0"," ","P","20","     0.0"," ","P","20","     0.0"," ","P","20","    0.04"," ","P","20","    0.09"," ","P","20","    0.30"," ","P","20","    1.42"," ","R","18","    8.43"," ","R","18"
"USW00023159","09-26"," 37.7064","-112.1456","2312.2","BRYCE CANYON AP, UT US","09","26","99","    50.1"," ","R","20","    67.3"," ","R","20","    32.9"," ","R","20","    34.3"," ","R","20","     5.6"," ","R","20","     7.9"," ","R","20","     6.1"," ","R","20","     8.5"," ","R","20","    14.9"," ","R","20","     0.2"," ","R","20","     0.9"," ","R","20","     2.4"," ","R","20","     5.3"," ","R","20","     7.0"," ","R","20","     9.9"," ","R","20","     0.0"," ","R","20","    10.3"," ","R","20","     6.0"," ","R","20","     2.4"," ","R","20","     0.4"," ","R","20","     0.1"," ","R","20","     0.0","X","R","20","     0.0"," ","R","20","     0.0"," ","R","20","     0.0"," ","R","20","    10.3"," ","R","20","     6.0"," ","R","20","     2.4"," ","R","20","     0.4"," ","R","20","     0.1"," ","R","20","     0.0","X","R","20","     0.0"," ","R","20","     0.0"," ","R","20","     9.7"," ","R","20","     8.7"," ","R","20","    19.0"," ","P","20","     9.4"," ","P","20","     5.7"," ","P","20","     3.2"," ","P","20","     1.2"," ","P","20","     0.0"," ","P","20","     0.0"," ","P","20","     0.0"," ","P","20","    0.04"," ","P","20","    0.09"," ","P","20","    0.31"," ","P","20","    1.47"," ","R","18","    8.48"," ","R","18"
"USW00023159","09-27"," 37.7064","-112.1456","2312.2","BRYCE CANYON AP, UT US","09","27","99","    49.7"," ","R","20","    66.8"," ","R","20","    32.6"," ","R","20","    34.3"," ","R","20","     5.7"," ","R","20","     8.0"," ","R","20","     6.1"," ","R","20","     8.6"," ","R","20","    15.3"," ","R","20","     0.3"," ","R","20","     1.0"," ","R","20","     2.6"," ","R","20","     5.7"," ","R","20","     7.4"," ","R","20","    10.3"," ","R","20","     0.0"," ","R","20","    10.0"," ","R","20","     5.7"," ","R","20","     2.3"," ","R","20","     0.4"," ","R","20","     0.1"," ","R","20","     0.0","X","R","20","     0.0"," ","R","20","     0.0"," ","R","20","     0.0"," ","R","20","    10.0"," ","R","20","     5.7"," ","R","20","     2.3"," ","R","20","     0.4"," ","R","20","     0.1"," ","R","20","     0.0","X","R","20","     0.0"," ","R","20","     0.0"," ","R","20","     9.5"," ","R","20","     8.5"," ","R","20","    18.9"," ","P","20","     9.5"," ","P","20","     5.7"," ","P","20","     3.2"," ","P","20","     1.2"," ","P","20","     0.0"," ","P","20","     0.0"," ","P","20","     0.0"," ","P","20","    0.04"," ","P","20","    0.09"," ","P","20","    0.31"," ","P","20","    1.52"," ","R","18","    8.53"," ","R","18"
"USW00023159","09-28"," 37.7064","-112.1456","2312.2","BRYCE CANYON AP, UT US","09","28","99","    49.3"," ","R","20","    66.4"," ","R","20","    32.2"," ","R","20","    34.2"," ","R","20","     5.7"," ","R","20","     8.0"," ","R","20","     6.2"," ","R","20","     8.6"," ","R","20","    15.7"," ","R","20","     0.3"," ","R","20","     1.1"," ","R","20","     2.8"," ","R","20","     6.0"," ","R","20","     7.8"," ","R","20","    10.7"," ","R","20","     0.0"," ","R","20","     9.6"," ","R","20","     5.4"," ","R","20","     2.1"," ","R","20","     0.3"," ","R","20","     0.1"," ","R","20","     0.0","X","R","20","     0.0"," ","R","20","     0.0"," ","R","20","     0.0"," ","R","20","     9.6"," ","R","20","     5.4"," ","R","20","     2.1"," ","R","20","     0.3"," ","R","20","     0.1"," ","R","20","     0.0","X","R","20","     0.0"," ","R","20","     0.0"," ","R","20","     9.3"," ","R","20","     8.3"," ","R","20","    18.8"," ","P","20","     9.5"," ","P","20","     5.7"," ","P","20","     3.2"," ","P","20","     1.2"," ","P","20","     0.0"," ","P","20","     0.0"," ","P","20","     0.0"," ","P","20","    0.04"," ","P","20","    0.10"," ","P","20","    0.31"," ","P","20","    1.57"," ","R","18","    8.58"," ","R","18"
"USW00023159","09-29"," 37.7064","-112.1456","2312.2","BRYCE CANYON AP, UT US","09","29","99","    48.9"," ","R","20","    66.0"," ","R","20","    31.8"," ","R","20","    34.2"," ","R","20","     5.8"," ","R","20","     8.1"," ","R","20","     6.2"," ","R","20","     8.6"," ","R","20","    16.1"," ","R","20","     0.3"," ","R","20","     1.2"," ","R","20","     3.0"," ","R","20","     6.4"," ","R","20","     8.2"," ","R","20","    11.1"," ","R","20","     0.0"," ","R","20","     9.3"," ","R","20","     5.1"," ","R","20","     1.9"," ","R","20","     0.3"," ","R","20","     0.1"," ","R","20","     0.0","X","R","20","     0.0"," ","R","20","     0.0"," ","R","20","     0.0"," ","R","20","     9.3"," ","R","20","     5.1"," ","R","20","     1.9"," ","R","20","     0.3"," ","R","20","     0.1"," ","R","20","     0.0","X","R","20","     0.0"," ","R","20","     0.0"," ","R","20","     9.1"," ","R","20","     8.1"," ","R","20","    18.6"," ","P","20","     9.4"," ","P","20","     5.7"," ","P","20","     3.2"," ","P","20","     1.2"," ","P","20","     0.0"," ","P","20","     0.0"," ","P","20","     0.0"," ","P","20","    0.04"," ","P","20","    0.10"," ","P","20","    0.31"," ","P","20","    1.61"," ","R","18","    8.62"," ","R","18"
"USW00023159","09-30"," 37.7064","-112.1456","2312.2","BRYCE CANYON AP, UT US","09","30","99","    48.5"," ","R","20","    65.6"," ","R","20","    31.5"," ","R","20","    34.1"," ","R","20","     5.8"," ","R","20","     8.1"," ","R","20","     6.2"," ","R","20","     8.6"," ","R","20","    16.5"," ","R","20","     0.4"," ","R","20","     1.3"," ","R","20","     3.2"," ","R","20","     6.7"," ","R","20","     8.5"," ","R","20","    11.5"," ","R","20","     0.0"," ","R","20","     8.9"," ","R","20","     4.8"," ","R","20","     1.7"," ","R","20","     0.3"," ","R","20","     0.1"," ","R","20","     0.0","X","R","20","     0.0"," ","R","20","     0.0"," ","R","20","     0.0"," ","R","20","     8.9"," ","R","20","     4.8"," ","R","20","     1.7"," ","R","20","     0.3"," ","R","20","     0.1"," ","R","20","     0.0","X","R","20","     0.0"," ","R","20","     0.0"," ","R","20","     8.9"," ","R","20","     7.9"," ","R","20","    18.5"," ","P","20","     9.4"," ","P","20","     5.7"," ","P","20","     3.2"," ","P","20","     1.2"," ","P","20","     0.0"," ","P","20","     0.0"," ","P","20","     0.0"," ","P","20","    0.04"," ","P","20","    0.10"," ","P","20","    0.31"," ","P","20","    1.66"," ","R","18","    8.67"," ","R","18"
"USW00023159","10-01"," 37.7064","-112.1456","2312.2","BRYCE CANYON AP, UT US","10","01","99","    48.1"," ","R","20","    65.2"," ","R","20","    31.1"," ","R","20","    34.1"," ","R","20","     5.8"," ","R","20","     8.2"," ","R","20","     6.2"," ","R","20","     8.6"," ","R","20","    16.9"," ","R","20","     0.4"," ","R","20","     1.4"," ","R","20","     3.4"," ","R","20","     7.1"," ","R","20","     8.9"," ","R","20","    11.9"," ","R","20","     0.0"," ","R","20","     8.5"," ","R","20","     4.5"," ","R","20","     1.6"," ","R","20","     0.2"," ","R","20","     0.0","X","R","20","     0.0","X","R","20","     0.0"," ","R","20","     0.0"," ","R","20","     0.0"," ","R","20","     8.5"," ","R","20","     4.5"," ","R","20","     1.6"," ","R","20","     0.2"," ","R","20","     0.0","X","R","20","     0.0","X","R","20","     0.0"," ","R","20","     0.0"," ","R","20","     8.7"," ","R","20","     7.7"," ","R","20","    18.4"," ","P","20","     9.4"," ","P","20","     5.7"," ","P","20","     3.2"," ","P","20","     1.2"," ","P","20","     0.0"," ","P","20","     0.0"," ","P","20","     0.0"," ","P","20","    0.04"," ","P","20","    0.10"," ","P","20","    0.31"," ","P","20","    0.05"," ","R","19","    8.72"," ","R","19"
"USW00023159","10-02"," 37.7064","-112.1456","2312.2","BRYCE CANYON AP, UT US","10","02","99","    47.8"," ","R","20","    64.8"," ","R","20","    30.7"," ","R","20","    34.0"," ","R","20","     5.9"," ","R","20","     8.2"," ","R","20","     6.2"," ","R","20","     8.7"," ","R","20","    17.2"," ","R","20","     0.4"," ","R","20","     1.5"," ","R","20","     3.6"," ","R","20","     7.4"," ","R","20","     9.3"," ","R","20","    12.2"," ","R","20","     0.0"," ","R","20","     8.2"," ","R","20","     4.2"," ","R","20","     1.4"," ","R","20","     0.2"," ","R","20","     0.0","X","R","20","     0.0"," ","R","20","     0.0"," ","R","20","     0.0"," ","R","20","     0.0"," ","R","20","     8.2"," ","R","20","     4.2"," ","R","20","     1.4"," ","R","20","     0.2"," ","R","20","     0.0","X","R","20","     0.0"," ","R","20","     0.0"," ","R","20","     0.0"," ","R","20","     8.5"," ","R","20","     7.5"," ","R","20","    18.3"," ","P","20","     9.4"," ","P","20","     5.7"," ","P","20","     3.2"," ","P","20","     1.2"," ","P","20","     0.0"," ","P","20","     0.0"," ","P","20","     0.0"," ","P","20","    0.04"," ","P","20","    0.10"," ","P","20","    0.31"," ","P","20","    0.09"," ","R","19","    8.76"," ","R","19"
"USW00023159","10-03"," 37.7064","-112.1456","2312.2","BRYCE CANYON AP, UT US","10","03","99","    47.4"," ","R","20","    64.3"," ","R","20","    30.4"," ","R","20","    34.0"," ","R","20","     5.9"," ","R","20","     8.2"," ","R","20","     6.2"," ","R","20","     8.7"," ","R","20","    17.6"," ","R","20","     0.5"," ","R","20","     1.6"," ","R","20","     3.9"," ","R","20","     7.8"," ","R","20","     9.7"," ","R","20","    12.6"," ","R","20","     0.0"," ","R","20","     7.8"," ","R","20","     3.9"," ","R","20","     1.3"," ","R","20","     0.2"," ","R","20","     0.0","X","R","20","     0.0"," ","R","20","     0.0"," ","R","20","     0.0"," ","R","20","     0.0"," ","R","20","     7.8"," ","R","20","     3.9"," ","R","20","     1.3"," ","R","20","     0.2"," ","R","20","     0.0","X","R","20","     0.0"," ","R","20","     0.0"," ","R","20","     0.0"," ","R","20","     8.3"," ","R","20","     7.3"," ","R","20","    18.2"," ","P","20","     9.4"," ","P","20","     5.7"," ","P","20","     3.2"," ","P","20","     1.2"," ","P","20","     0.0"," ","P","20","     0.0"," ","P","20","     0.0"," ","P","20","    0.04"," ","P","20","    0.10"," ","P","20","    0.31"," ","P","20","    0.14"," ","R","19","    8.81"," ","R","19"
"USW00023159","10-04"," 37.7064","-112.1456","2312.2","BRYCE CANYON AP, UT US","10","04","99","    47.0"," ","R","20","    63.9"," ","R","20","    30.0"," ","R","20","    33.9"," ","R","20","     5.9"," ","R","20","     8.3"," ","R","20","     6.3"," ","R","20","     8.8"," ","R","20","    18.0"," ","R","20","     0.5"," ","R","20","     1.7"," ","R","20","     4.2"," ","R","20","     8.2"," ","R","20","    10.0"," ","R","20","    13.0"," ","R","20","     0.0"," ","R","20","     7.5"," ","R","20","     3.7"," ","R","20","     1.2"," ","R","20","     0.1"," ","R","20","     0.0","X","R","20","     0.0"," ","R","20","     0.0"," ","R","20","     0.0"," ","R","20","     0.0"," ","R","20","     7.5"," ","R","20","     3.7"," ","R","20","     1.2"," ","R","20","     0.1"," ","R","20","     0.0","X","R","20","     0.0"," ","R","20","     0.0"," ","R","20","     0.0"," ","R","20","     8.1"," ","R","20","     7.1"," ","R","20","    18.0"," ","P","20","     9.3"," ","P","20","     5.7"," ","P","20","     3.2"," ","P","20","     1.3"," ","P","20","     0.0"," ","P","20","     0.0"," ","P","20","     0.0"," ","P","20","    0.04"," ","P","20","    0.10"," ","P","20","    0.31"," ","P","20","    0.19"," ","R","19","    8.86"," ","R","19"
"USW00023159","10-05"," 37.7064","-112.1456","2312.2","BRYCE CANYON AP, UT US","10","05","99","    46.6"," ","R","20","    63.5"," ","R","20","    29.7"," ","R","20","    33.8"," ","R","20","     5.9"," ","R","20","     8.3"," ","R","20","     6.3"," ","R","20","     8.8"," ","R","20","    18.4"," ","R","20","     0.6"," ","R","20","     1.8"," ","R","20","     4.4"," ","R","20","     8.5"," ","R","20","    10.4"," ","R","20","    13.4"," ","R","20","     0.0"," ","R","20","     7.2"," ","R","20","     3.4"," ","R","20","     1.0"," ","R","20","     0.1"," ","R","20","     0.0","X","R","20","     0.0"," ","R","20","     0.0"," ","R","20","     0.0"," ","R","20","     0.0"," ","R","20","     7.2"," ","R","20","     3.4"," ","R","20","     1.0"," ","R","20","     0.1"," ","R","20","     0.0","X","R","20","     0.0"," ","R","20","     0.0"," ","R","20","     0.0"," ","R","20","     7.9"," ","R","20","     6.9"," ","R","20","    17.9"," ","P","20","     9.3"," ","P","20","     5.6"," ","P","20","     3.2"," ","P","20","     1.3"," ","P","20","     0.0"," ","P","20","     0.0"," ","P","20","     0.0"," ","P","20","    0.04"," ","P","20","    0.10"," ","P","20","    0.31"," ","P","20","    0.25"," ","R","19","    8.92"," ","R","19"
"USW00023159","10-06"," 37.7064","-112.1456","2312.2","BRYCE CANYON AP, UT US","10","06","99","    46.2"," ","R","20","    63.1"," ","R","20","    29.3"," ","R","20","    33.8"," ","R","20","     5.9"," ","R","20","     8.3"," ","R","20","     6.3"," ","R","20","     8.9"," ","R","20","    18.8"," ","R","20","     0.6"," ","R","20","     2.0"," ","R","20","     4.7"," ","R","20","     8.9"," ","R","20","    10.8"," ","R","20","    13.8"," ","R","20","     0.0"," ","R","20","     6.9"," ","R","20","     3.2"," ","R","20","     0.9"," ","R","20","     0.1"," ","R","20","     0.0","X","R","20","     0.0"," ","R","20","     0.0"," ","R","20","     0.0"," ","R","20","     0.0"," ","R","20","     6.9"," ","R","20","     3.2"," ","R","20","     0.9"," ","R","20","     0.1"," ","R","20","     0.0","X","R","20","     0.0"," ","R","20","     0.0"," ","R","20","     0.0"," ","R","20","     7.7"," ","R","20","     6.7"," ","R","20","    17.7"," ","P","20","     9.2"," ","P","20","     5.6"," ","P","20","     3.1"," ","P","20","     1.3"," ","P","20","     0.0"," ","P","20","     0.0"," ","P","20","     0.0"," ","P","20","    0.04"," ","P","20","    0.10"," ","P","20","    0.31"," ","P","20","    0.30"," ","R","19","    8.97"," ","R","19"
"USW00023159","10-07"," 37.7064","-112.1456","2312.2","BRYCE CANYON AP, UT US","10","07","99","    45.9"," ","R","20","    62.7"," ","R","20","    29.0"," ","R","20","    33.7"," ","R","20","     5.9"," ","R","20","     8.3"," ","R","20","     6.3"," ","R","20","     8.9"," ","R","20","    19.1"," ","R","20","     0.7"," ","R","20","     2.1"," ","R","20","     5.0"," ","R","20","     9.2"," ","R","20","    11.2"," ","R","20","    14.1"," ","R","20","     0.0"," ","R","20","     6.5"," ","R","20","     3.0"," ","R","20","     0.8"," ","R","20","     0.1"," ","R","20","     0.0","X","R","20","     0.0"," ","R","20","     0.0"," ","R","20","     0.0"," ","R","20","     0.0"," ","R","20","     6.5"," ","R","20","     3.0"," ","R","20","     0.8"," ","R","20","     0.1"," ","R","20","     0.0","X","R","20","     0.0"," ","R","20","     0.0"," ","R","20","     0.0"," ","R","20","     7.5"," ","R","20","     6.6"," ","R","20","    17.5"," ","P","20","     9.1"," ","P","20","     5.5"," ","P","20","     3.1"," ","P","20","     1.2"," ","P","20","     0.0"," ","P","20","     0.0"," ","P","20","     0.0"," ","P","20","    0.03"," ","P","20","    0.10"," ","P","20","    0.31"," ","P","20","    0.36"," ","R","19","    9.03"," ","R","19"
"USW00023159","10-08"," 37.7064","-112.1456","2312.2","BRYCE CANYON AP, UT US","10","08","99","    45.5"," ","R","20","    62.3"," ","R","20","    28.7"," ","R","20","    33.7"," ","R","20","     5.9"," ","R","20","     8.4"," ","R","20","     6.4"," ","R","20","     9.0"," ","R","20","    19.5"," ","R","20","     0.7"," ","R","20","     2.2"," ","R","20","     5.3"," ","R","20","     9.6"," ","R","20","    11.5"," ","R","20","    14.5"," ","R","20","     0.0"," ","R","20","     6.2"," ","R","20","     2.7"," ","R","20","     0.8"," ","R","20","     0.1"," ","R","20","     0.0","X","R","20","     0.0"," ","R","20","     0.0"," ","R","20","     0.0"," ","R","20","     0.0"," ","R","20","     6.2"," ","R","20","     2.7"," ","R","20","     0.8"," ","R","20","     0.1"," ","R","20","     0.0","X","R","20","     0.0"," ","R","20","     0.0"," ","R","20","     0.0"," ","R","20","     7.3"," ","R","20","     6.4"," ","R","20","    17.3"," ","P","20","     8.9"," ","P","20","     5.4"," ","P","20","     3.0"," ","P","20","     1.2"," ","P","20","     0.0"," ","P","20","     0.0"," ","P","20","     0.0"," ","P","20","    0.03"," ","P","20","    0.10"," ","P","20","    0.30"," ","P","20","    0.42"," ","R","19","    9.09"," ","R","19"
"USW00023159","10-09"," 37.7064","-112.1456","2312.2","BRYCE CANYON AP, UT US","10","09","99","    45.1"," ","R","20","    61.9"," ","R","20","    28.3"," ","R","20","    33.6"," ","R","20","     5.9"," ","R","20","     8.4"," ","R","20","     6.4"," ","R","20","     9.0"," ","R","20","    19.9"," ","R","20","     0.8"," ","R","20","     2.4"," ","R","20","     5.5"," ","R","20","     9.9"," ","R","20","    11.9"," ","R","20","    14.9"," ","R","20","     0.0"," ","R","20","     5.9"," ","R","20","     2.5"," ","R","20","     0.7"," ","R","20","     0.0","X","R","20","     0.0","X","R","20","     0.0"," ","R","20","     0.0"," ","R","20","     0.0"," ","R","20","     0.0"," ","R","20","     5.9"," ","R","20","     2.5"," ","R","20","     0.7"," ","R","20","     0.0","X","R","20","     0.0","X","R","20","     0.0"," ","R","20","     0.0"," ","R","20","     0.0"," ","R","20","     7.1"," ","R","20","     6.2"," ","R","20","    17.2"," ","P","20","     8.8"," ","P","20","     5.3"," ","P","20","     2.9"," ","P","20","     1.2"," ","P","20","     0.0"," ","P","20","     0.0"," ","P","20","     0.0"," ","P","20","    0.03"," ","P","20","    0.10"," ","P","20","    0.30"," ","P","20","    0.48"," ","R","19","    9.15"," ","R","19"
"USW00023159","10-10"," 37.7064","-112.1456","2312.2","BRYCE CANYON AP, UT US","10","10","99","    44.8"," ","R","20","    61.5"," ","R","20","    28.0"," ","R","20","    33.5"," ","R","20","     5.9"," ","R","20","     8.4"," ","R","20","     6.4"," ","R","20","     9.1"," ","R","20","    20.2"," ","R","20","     0.8"," ","R","20","     2.5"," ","R","20","     5.8"," ","R","20","    10.3"," ","R","20","    12.2"," ","R","20","    15.2"," ","R","20","     0.0"," ","R","20","     5.6"," ","R","20","     2.2"," ","R","20","     0.6"," ","R","20","     0.0","X","R","20","     0.0","X","R","20","     0.0"," ","R","20","     0.0"," ","R","20","     0.0"," ","R","20","     0.0"," ","R","20","     5.6"," ","R","20","     2.2"," ","R","20","     0.6"," ","R","20","     0.0","X","R","20","     0.0","X","R","20","     0.0"," ","R","20","     0.0"," ","R","20","     0.0"," ","R","20","     6.9"," ","R","20","     6.0"," ","R","20","    17.0"," ","P","20","     8.8"," ","P","20","     5.2"," ","P","20","     2.9"," ","P","20","     1.2"," ","P","20","     0.0"," ","P","20","     0.0"," ","P","20","     0.0"," ","P","20","    0.03"," ","P","20","    0.10"," ","P","20","    0.29"," ","P","20","    0.53"," ","R","19","    9.20"," ","R","19"
"USW00023159","10-11"," 37.7064","-112.1456","2312.2","BRYCE CANYON AP, UT US","10","11","99","    44.4"," ","R","20","    61.1"," ","R","20","    27.7"," ","R","20","    33.5"," ","R","20","     5.9"," ","R","20","     8.4"," ","R","20","     6.4"," ","R","20","     9.1"," ","R","20","    20.6"," ","R","20","     0.9"," ","R","20","     2.6"," ","R","20","     6.1"," ","R","20","    10.6"," ","R","20","    12.6"," ","R","20","    15.6"," ","R","20","     0.0"," ","R","20","     5.3"," ","R","20","     2.0"," ","R","20","     0.5"," ","R","20","     0.0","X","R","20","     0.0","X","R","20","     0.0"," ","R","20","     0.0"," ","R","20","     0.0"," ","R","20","     0.0"," ","R","20","     5.3"," ","R","20","     2.0"," ","R","20","     0.5"," ","R","20","     0.0","X","R","20","     0.0","X","R","20","     0.0"," ","R","20","     0.0"," ","R","20","     0.0"," ","R","20","     6.7"," ","R","20","     5.8"," ","R","20","    16.9"," ","P","20","     8.7"," ","P","20","     5.1"," ","P","20","     2.9"," ","P","20","     1.2"," ","P","20","     0.0"," ","P","20","     0.0"," ","P","20","     0.0"," ","P","20","    0.03"," ","P","20","    0.10"," ","P","20","    0.29"," ","P","20","    0.59"," ","R","19","    9.26"," ","R","19"
"USW00023159","10-12"," 37.7064","-112.1456","2312.2","BRYCE CANYON AP, UT US","10","12","99","    44.0"," ","R","20","    60.7"," ","R","20","    27.3"," ","R","20","    33.4"," ","R","20","     6.0"," ","R","20","     8.4"," ","R","20","     6.4"," ","R","20","     9.1"," ","R","20","    21.0"," ","R","20","     0.9"," ","R","20","     2.8"," ","R","20","     6.4"," ","R","20","    11.0"," ","R","20","    13.0"," ","R","20","    16.0"," ","R","20","     0.0"," ","R","20","     4.9"," ","R","20","     1.8"," ","R","20","     0.4"," ","R","20","     0.0","X","R","20","     0.0","X","R","20","     0.0"," ","R","20","     0.0"," ","R","20","     0.0"," ","R","20","     0.0"," ","R","20","     4.9"," ","R","20","     1.8"," ","R","20","     0.4"," ","R","20","     0.0","X","R","20","     0.0","X","R","20","     0.0"," ","R","20","     0.0"," ","R","20","     0.0"," ","R","20","     6.5"," ","R","20","     5.6"," ","R","20","    16.8"," ","P","20","     8.6"," ","P","20","     5.1"," ","P","20","     2.8"," ","P","20","     1.2"," ","P","20","     0.0"," ","P","20","     0.0"," ","P","20","     0.0"," ","P","20","    0.03"," ","P","20","    0.10"," ","P","20","    0.29"," ","P","20","    0.65"," ","R","19","    9.32"," ","R","19"
"USW00023159","10-13"," 37.7064","-112.1456","2312.2","BRYCE CANYON AP, UT US","10","13","99","    43.7"," ","R","20","    60.3"," ","R","20","    27.0"," ","R","20","    33.4"," ","R","20","     6.0"," ","R","20","     8.5"," ","R","20","     6.4"," ","R","20","     9.1"," ","R","20","    21.3"," ","R","20","     1.0"," ","R","20","     3.0"," ","R","20","     6.7"," ","R","20","    11.3"," ","R","20","    13.3"," ","R","20","    16.3"," ","R","20","     0.0"," ","R","20","     4.6"," ","R","20","     1.6"," ","R","20","     0.4"," ","R","20","     0.0","X","R","20","     0.0","X","R","20","     0.0"," ","R","20","     0.0"," ","R","20","     0.0"," ","R","20","     0.0"," ","R","20","     4.6"," ","R","20","     1.6"," ","R","20","     0.4"," ","R","20","     0.0","X","R","20","     0.0","X","R","20","     0.0"," ","R","20","     0.0"," ","R","20","     0.0"," ","R","20","     6.4"," ","R","20","     5.5"," ","R","20","    16.8"," ","P","20","     8.6"," ","P","20","     5.1"," ","P","20","     2.8"," ","P","20","     1.1"," ","P","20","     0.0"," ","P","20","     0.0"," ","P","20","     0.0"," ","P","20","    0.03"," ","P","20","    0.10"," ","P","20","    0.29"," ","P","20","    0.70"," ","R","19","    9.37"," ","R","19"
"USW00023159","10-14"," 37.7064","-112.1456","2312.2","BRYCE CANYON AP, UT US","10","14","99","    43.3"," ","R","20","    60.0"," ","R","20","    26.7"," ","R","20","    33.3"," ","R","20","     6.0"," ","R","20","     8.5"," ","R","20","     6.5"," ","R","20","     9.1"," ","R","20","    21.7"," ","R","20","     1.0"," ","R","20","     3.1"," ","R","20","     7.0"," ","R","20","    11.7"," ","R","20","    13.7"," ","R","20","    16.7"," ","R","20","     0.0"," ","R","20","     4.3"," ","R","20","     1.5"," ","R","20","     0.3"," ","R","20","     0.0","X","R","20","     0.0","X","R","20","     0.0"," ","R","20","     0.0"," ","R","20","     0.0"," ","R","20","     0.0"," ","R","20","     4.3"," ","R","20","     1.5"," ","R","20","     0.3"," ","R","20","     0.0","X","R","20","     0.0","X","R","20","     0.0"," ","R","20","     0.0"," ","R","20","     0.0"," ","R","20","     6.2"," ","R","20","     5.3"," ","R","20","    16.7"," ","P","20","     8.5"," ","P","20","     5.0"," ","P","20","     2.8"," ","P","20","     1.1"," ","P","20","     0.0"," ","P","20","     0.0"," ","P","20","     0.0"," ","P","20","    0.03"," ","P","20","    0.10"," ","P","20","    0.28"," ","P","20","    0.76"," ","R","19","    9.43"," ","R","19"
"USW00023159","10-15"," 37.7064","-112.1456","2312.2","BRYCE CANYON AP, UT US","10","15","99","    43.0"," ","R","20","    59.6"," ","R","20","    26.4"," ","R","20","    33.2"," ","R","20","     6.0"," ","R","20","     8.5"," ","R","20","     6.5"," ","R","20","     9.1"," ","R","20","    22.0"," ","R","20","     1.1"," ","R","20","     3.3"," ","R","20","     7.3"," ","R","20","    12.0"," ","R","20","    14.0"," ","R","20","    17.0"," ","R","20","     0.0"," ","R","20","     4.1"," ","R","20","     1.3"," ","R","20","     0.3"," ","R","20","     0.0","X","R","20","     0.0"," ","R","20","     0.0"," ","R","20","     0.0"," ","R","20","     0.0"," ","R","20","     0.0"," ","R","20","     4.1"," ","R","20","     1.3"," ","R","20","     0.3"," ","R","20","     0.0","X","R","20","     0.0"," ","R","20","     0.0"," ","R","20","     0.0"," ","R","20","     0.0"," ","R","20","     6.0"," ","R","20","     5.1"," ","R","20","    16.7"," ","P","20","     8.5"," ","P","20","     5.0"," ","P","20","     2.7"," ","P","20","     1.1"," ","P","20","     0.0"," ","P","20","     0.0"," ","P","20","     0.0"," ","P","20","    0.03"," ","P","20","    0.10"," ","P","20","    0.28"," ","P","20","    0.82"," ","R","19","    9.49"," ","R","19"
"USW00023159","10-16"," 37.7064","-112.1456","2312.2","BRYCE CANYON AP, UT US","10","16","99","    42.6"," ","R","20","    59.2"," ","R","20","    26.0"," ","R","20","    33.2"," ","R","20","     6.0"," ","R","20","     8.5"," ","R","20","     6.5"," ","R","20","     9.1"," ","R","20","    22.4"," ","R","20","     1.2"," ","R","20","     3.5"," ","R","20","     7.6"," ","R","20","    12.4"," ","R","20","    14.4"," ","R","20","    17.4"," ","R","20","     0.0"," ","R","20","     3.8"," ","R","20","     1.2"," ","R","20","     0.2"," ","R","20","     0.0","X","R","20","     0.0"," ","R","20","     0.0"," ","R","20","     0.0"," ","R","20","     0.0"," ","R","20","     0.0"," ","R","20","     3.8"," ","R","20","     1.2"," ","R","20","     0.2"," ","R","20","     0.0","X","R","20","     0.0"," ","R","20","     0.0"," ","R","20","     0.0"," ","R","20","     0.0"," ","R","20","     5.8"," ","R","20","     4.9"," ","R","20","    16.7"," ","P","20","     8.5"," ","P","20","     5.0"," ","P","20","     2.7"," ","P","20","     1.1"," ","P","20","     0.0"," ","P","20","     0.0"," ","P","20","     0.0"," ","P","20","    0.03"," ","P","20","    0.10"," ","P","20","    0.28"," ","P","20","    0.87"," ","R","19","    9.54"," ","R","19"
"USW00023159","10-17"," 37.7064","-112.1456","2312.2","BRYCE CANYON AP, UT US","10","17","99","    42.3"," ","R","20","    58.8"," ","R","20","    25.7"," ","R","20","    33.1"," ","R","20","     6.1"," ","R","20","     8.5"," ","R","20","     6.5"," ","R","20","     9.1"," ","R","20","    22.7"," ","R","20","     1.3"," ","R","20","     3.7"," ","R","20","     7.9"," ","R","20","    12.7"," ","R","20","    14.7"," ","R","20","    17.7"," ","R","20","     0.0"," ","R","20","     3.5"," ","R","20","     1.0"," ","R","20","     0.2"," ","R","20","     0.0","X","R","20","     0.0"," ","R","20","     0.0"," ","R","20","     0.0"," ","R","20","     0.0"," ","R","20","     0.0"," ","R","20","     3.5"," ","R","20","     1.0"," ","R","20","     0.2"," ","R","20","     0.0","X","R","20","     0.0"," ","R","20","     0.0"," ","R","20","     0.0"," ","R","20","     0.0"," ","R","20","     5.6"," ","R","20","     4.8"," ","R","20","    16.8"," ","P","20","     8.4"," ","P","20","     4.9"," ","P","20","     2.7"," ","P","20","     1.1"," ","P","20","     0.0"," ","P","20","     0.0"," ","P","20","     0.0"," ","P","20","    0.03"," ","P","20","    0.10"," ","P","20","    0.27"," ","P","20","    0.93"," ","R","19","    9.60"," ","R","19"
"USW00023159","10-18"," 37.7064","-112.1456","2312.2","BRYCE CANYON AP, UT US","10","18","99","    41.9"," ","R","20","    58.4"," ","R","20","    25.4"," ","R","20","    33.0"," ","R","20","     6.1"," ","R","20","     8.6"," ","R","20","     6.5"," ","R","20","     9.1"," ","R","20","    23.1"," ","R","20","     1.4"," ","R","20","     4.0"," ","R","20","     8.2"," ","R","20","    13.1"," ","R","20","    15.1"," ","R","20","    18.1"," ","R","20","     0.0"," ","R","20","     3.3"," ","R","20","     0.9"," ","R","20","     0.2"," ","R","20","     0.0","X","R","20","     0.0"," ","R","20","     0.0"," ","R","20","     0.0"," ","R","20","     0.0"," ","R","20","     0.0"," ","R","20","     3.3"," ","R","20","     0.9"," ","R","20","     0.2"," ","R","20","     0.0","X","R","20","     0.0"," ","R","20","     0.0"," ","R","20","     0.0"," ","R","20","     0.0"," ","R","20","     5.5"," ","R","20","     4.6"," ","R","20","    16.8"," ","P","20","     8.4"," ","P","20","     4.8"," ","P","20","     2.6"," ","P","20","     1.1"," ","P","20","     0.0"," ","P","20","     0.0"," ","P","20","     0.0"," ","P","20","    0.03"," ","P","20","    0.10"," ","P","20","    0.27"," ","P","20","    0.98"," ","R","19","    9.65"," ","R","19"
"USW00023159","10-19"," 37.7064","-112.1456","2312.2","BRYCE CANYON AP, UT US","10","19","99","    41.6"," ","R","20","    58.0"," ","R","20","    25.1"," ","R","20","    32.9"," ","R","20","     6.1"," ","R","20","     8.6"," ","R","20","     6.6"," ","R","20","     9.1"," ","R","20","    23.4"," ","R","20","     1.5"," ","R","20","     4.2"," ","R","20","     8.6"," ","R","20","    13.4"," ","R","20","    15.4"," ","R","20","    18.4"," ","R","20","     0.0"," ","R","20","     3.1"," ","R","20","     0.8"," ","R","20","     0.1"," ","R","20","     0.0","X","R","20","     0.0"," ","R","20","     0.0"," ","R","20","     0.0"," ","R","20","     0.0"," ","R","20","     0.0"," ","R","20","     3.1"," ","R","20","     0.8"," ","R","20","     0.1"," ","R","20","     0.0","X","R","20","     0.0"," ","R","20","     0.0"," ","R","20","     0.0"," ","R","20","     0.0"," ","R","20","     5.3"," ","R","20","     4.5"," ","R","20","    16.7"," ","P","20","     8.3"," ","P","20","     4.8"," ","P","20","     2.5"," ","P","20","     1.0"," ","P","20","     0.0"," ","P","20","     0.0"," ","P","20","     0.0"," ","P","20","    0.03"," ","P","20","    0.09"," ","P","20","    0.26"," ","P","20","    1.03"," ","R","19","    9.70"," ","R","19"
"USW00023159","10-20"," 37.7064","-112.1456","2312.2","BRYCE CANYON AP, UT US","10","20","99","    41.2"," ","R","20","    57.7"," ","R","20","    24.8"," ","R","20","    32.9"," ","R","20","     6.2"," ","R","20","     8.6"," ","R","20","     6.6"," ","R","20","     9.0"," ","R","20","    23.8"," ","R","20","     1.7"," ","R","20","     4.4"," ","R","20","     8.9"," ","R","20","    13.8"," ","R","20","    15.8"," ","R","20","    18.8"," ","R","20","     0.0"," ","R","20","     2.9"," ","R","20","     0.7"," ","R","20","     0.1"," ","R","20","     0.0","X","R","20","     0.0"," ","R","20","     0.0"," ","R","20","     0.0"," ","R","20","     0.0"," ","R","20","     0.0"," ","R","20","     2.9"," ","R","20","     0.7"," ","R","20","     0.1"," ","R","20","     0.0","X","R","20","     0.0"," ","R","20","     0.0"," ","R","20","     0.0"," ","R","20","     0.0"," ","R","20","     5.2"," ","R","20","     4.3"," ","R","20","    16.7"," ","P","20","     8.2"," ","P","20","     4.7"," ","P","20","     2.5"," ","P","20","     1.0"," ","P","20","     0.0"," ","P","20","     0.0"," ","P","20","     0.0"," ","P","20","    0.03"," ","P","20","    0.09"," ","P","20","    0.26"," ","P","20","    1.07"," ","R","19","    9.74"," ","R","19"
"USW00023159","10-21"," 37.7064","-112.1456","2312.2","BRYCE CANYON AP, UT US","10","21","99","    40.9"," ","R","20","    57.3"," ","R","20","    24.5"," ","R","20","    32.8"," ","R","20","     6.2"," ","R","20","     8.7"," ","R","20","     6.6"," ","R","20","     9.0"," ","R","20","    24.1"," ","R","20","     1.9"," ","R","20","     4.7"," ","R","20","     9.2"," ","R","20","    14.1"," ","R","20","    16.1"," ","R","20","    19.1"," ","R","20","     0.0"," ","R","20","     2.7"," ","R","20","     0.6"," ","R","20","     0.1"," ","R","20","     0.0","X","R","20","     0.0"," ","R","20","     0.0"," ","R","20","     0.0"," ","R","20","     0.0"," ","R","20","     0.0"," ","R","20","     2.7"," ","R","20","     0.6"," ","R","20","     0.1"," ","R","20","     0.0","X","R","20","     0.0"," ","R","20","     0.0"," ","R","20","     0.0"," ","R","20","     0.0"," ","R","20","     5.0"," ","R","20","     4.2"," ","R","20","    16.6"," ","P","20","     8.1"," ","P","20","     4.5"," ","P","20","     2.4"," ","P","20","     1.0"," ","P","20","     0.0"," ","P","20","     0.0"," ","P","20","     0.0"," ","P","20","    0.03"," ","P","20","    0.09"," ","P","20","    0.25"," ","P","20","    1.11"," ","R","19","    9.78"," ","R","19"
"USW00023159","10-22"," 37.7064","-112.1456","2312.2","BRYCE CANYON AP, UT US","10","22","99","    40.5"," ","R","20","    56.9"," ","R","20","    24.2"," ","R","20","    32.7"," ","R","20","     6.3"," ","R","20","     8.7"," ","R","20","     6.6"," ","R","20","     9.0"," ","R","20","    24.5"," ","R","20","     2.1"," ","R","20","     5.0"," ","R","20","     9.5"," ","R","20","    14.5"," ","R","20","    16.5"," ","R","20","    19.5"," ","R","20","     0.0"," ","R","20","     2.6"," ","R","20","     0.5"," ","R","20","     0.1"," ","R","20","     0.0","X","R","20","     0.0"," ","R","20","     0.0"," ","R","20","     0.0"," ","R","20","     0.0"," ","R","20","     0.0"," ","R","20","     2.6"," ","R","20","     0.5"," ","R","20","     0.1"," ","R","20","     0.0","X","R","20","     0.0"," ","R","20","     0.0"," ","R","20","     0.0"," ","R","20","     0.0"," ","R","20","     4.9"," ","R","20","     4.1"," ","R","20","    16.5"," ","P","20","     7.9"," ","P","20","     4.4"," ","P","20","     2.3"," ","P","20","     0.9"," ","P","20","     0.0"," ","P","20","     0.0"," ","P","20","     0.0"," ","P","20","    0.03"," ","P","20","    0.09"," ","P","20","    0.24"," ","P","20","    1.14"," ","R","19","    9.81"," ","R","19"
"USW00023159","10-23"," 37.7064","-112.1456","2312.2","BRYCE CANYON AP, UT US","10","23","99","    40.2"," ","R","20","    56.5"," ","R","20","    23.8"," ","R","20","    32.6"," ","R","20","     6.3"," ","R","20","     8.8"," ","R","20","     6.7"," ","R","20","     9.0"," ","R","20","    24.8"," ","R","20","     2.3"," ","R","20","     5.3"," ","R","20","     9.9"," ","R","20","    14.8"," ","R","20","    16.8"," ","R","20","    19.8"," ","R","20","     0.0"," ","R","20","     2.4"," ","R","20","     0.4"," ","R","20","     0.0","X","R","20","     0.0","X","R","20","     0.0"," ","R","20","     0.0"," ","R","20","     0.0"," ","R","20","     0.0"," ","R","20","     0.0"," ","R","20","     2.4"," ","R","20","     0.4"," ","R","20","     0.0","X","R","20","     0.0","X","R","20","     0.0"," ","R","20","     0.0"," ","R","20","     0.0"," ","R","20","     0.0"," ","R","20","     4.8"," ","R","20","     4.0"," ","R","20","    16.4"," ","P","20","     7.7"," ","P","20","     4.2"," ","P","20","     2.2"," ","P","20","     0.9"," ","P","20","     0.0"," ","P","20","     0.0"," ","P","20","     0.0"," ","P","20","    0.03"," ","P","20","    0.09"," ","P","20","    0.24"," ","P","20","    1.18"," ","R","19","    9.85"," ","R","19"
"USW00023159","10-24"," 37.7064","-112.1456","2312.2","BRYCE CANYON AP, UT US","10","24","99","    39.8"," ","R","20","    56.1"," ","R","20","    23.5"," ","R","20","    32.6"," ","R","20","     6.4"," ","R","20","     8.8"," ","R","20","     6.7"," ","R","20","     8.9"," ","R","20","    25.2"," ","R","20","     2.5"," ","R","20","     5.6"," ","R","20","    10.2"," ","R","20","    15.2"," ","R","20","    17.2"," ","R","20","    20.2"," ","R","20","     0.0"," ","R","20","     2.3"," ","R","20","     0.4"," ","R","20","     0.0","X","R","20","     0.0","X","R","20","     0.0"," ","R","20","     0.0"," ","R","20","     0.0"," ","R","20","     0.0"," ","R","20","     0.0"," ","R","20","     2.3"," ","R","20","     0.4"," ","R","20","     0.0","X","R","20","     0.0","X","R","20","     0.0"," ","R","20","     0.0"," ","R","20","     0.0"," ","R","20","     0.0"," ","R","20","     4.6"," ","R","20","     3.8"," ","R","20","    16.3"," ","P","20","     7.6"," ","P","20","     4.1"," ","P","20","     2.1"," ","P","20","     0.9"," ","P","20","     0.0"," ","P","20","     0.0"," ","P","20","     0.0"," ","P","20","    0.03"," ","P","20","    0.08"," ","P","20","    0.23"," ","P","20","    1.21"," ","R","19","    9.88"," ","R","19"
"USW00023159","10-25"," 37.7064","-112.1456","2312.2","BRYCE CANYON AP, UT US","10","25","99","    39.5"," ","R","20","    55.7"," ","R","20","    23.2"," ","R","20","    32.5"," ","R","20","     6.4"," ","R","20","     8.8"," ","R","20","     6.7"," ","R","20","     8.9"," ","R","20","    25.5"," ","R","20","     2.7"," ","R","20","     5.9"," ","R","20","    10.6"," ","R","20","    15.5"," ","R","20","    17.5"," ","R","20","    20.5"," ","R","20","     0.0"," ","R","20","     2.1"," ","R","20","     0.3"," ","R","20","     0.0","X","R","20","     0.0"," ","R","20","     0.0"," ","R","20","     0.0"," ","R","20","     0.0"," ","R","20","     0.0"," ","R","20","     0.0"," ","R","20","     2.1"," ","R","20","     0.3"," ","R","20","     0.0","X","R","20","     0.0"," ","R","20","     0.0"," ","R","20","     0.0"," ","R","20","     0.0"," ","R","20","     0.0"," ","R","20","     4.4"," ","R","20","     3.7"," ","R","20","    16.2"," ","P","20","     7.4"," ","P","20","     4.0"," ","P","20","     2.0"," ","P","20","     0.8"," ","P","20","     0.0"," ","P","20","     0.0"," ","P","20","     0.0"," ","P","20","    0.03"," ","P","20","    0.08"," ","P","20","    0.23"," ","P","20","    1.25"," ","R","19","    9.92"," ","R","19"
"USW00023159","10-26"," 37.7064","-112.1456","2312.2","BRYCE CANYON AP, UT US","10","26","99","    39.1"," ","R","20","    55.3"," ","R","20","    22.9"," ","R","20","    32.4"," ","R","20","     6.5"," ","R","20","     8.9"," ","R","20","     6.8"," ","R","20","     8.9"," ","R","20","    25.9"," ","R","20","     2.9"," ","R","20","     6.2"," ","R","20","    10.9"," ","R","20","    15.9"," ","R","20","    17.9"," ","R","20","    20.9"," ","R","20","     0.0"," ","R","20","     2.0"," ","R","20","     0.3"," ","R","20","     0.0","X","R","20","     0.0"," ","R","20","     0.0"," ","R","20","     0.0"," ","R","20","     0.0"," ","R","20","     0.0"," ","R","20","     0.0"," ","R","20","     2.0"," ","R","20","     0.3"," ","R","20","     0.0","X","R","20","     0.0"," ","R","20","     0.0"," ","R","20","     0.0"," ","R","20","     0.0"," ","R","20","     0.0"," ","R","20","     4.3"," ","R","20","     3.5"," ","R","20","    16.0"," ","P","20","     7.3"," ","P","20","     3.9"," ","P","20","     1.9"," ","P","20","     0.8"," ","P","20","     0.0"," ","P","20","     0.0"," ","P","20","     0.0"," ","P","20","    0.03"," ","P","20","    0.08"," ","P","20","    0.22"," ","P","20","    1.29"," ","R","19","    9.96"," ","R","19"
"USW00023159","10-27"," 37.7064","-112.1456","2312.2","BRYCE CANYON AP, UT US","10","27","99","    38.7"," ","R","20","    54.9"," ","R","20","    22.6"," ","R","20","    32.3"," ","R","20","     6.6"," ","R","20","     9.0"," ","R","20","     6.8"," ","R","20","     8.9"," ","R","20","    26.3"," ","R","20","     3.1"," ","R","20","     6.5"," ","R","20","    11.3"," ","R","20","    16.3"," ","R","20","    18.3"," ","R","20","    21.3"," ","R","20","     0.0"," ","R","20","     1.8"," ","R","20","     0.3"," ","R","20","     0.0","X","R","20","     0.0"," ","R","20","     0.0"," ","R","20","     0.0"," ","R","20","     0.0"," ","R","20","     0.0"," ","R","20","     0.0"," ","R","20","     1.8"," ","R","20","     0.3"," ","R","20","     0.0","X","R","20","     0.0"," ","R","20","     0.0"," ","R","20","     0.0"," ","R","20","     0.0"," ","R","20","     0.0"," ","R","20","     4.2"," ","R","20","     3.4"," ","R","20","    15.9"," ","P","20","     7.1"," ","P","20","     3.8"," ","P","20","     1.9"," ","P","20","     0.7"," ","P","20","     0.0"," ","P","20","     0.0"," ","P","20","     0.0"," ","P","20","    0.03"," ","P","20","    0.08"," ","P","20","    0.22"," ","P","20","    1.33"," ","R","19","   10.00"," ","R","19"
"USW00023159","10-28"," 37.7064","-112.1456","2312.2","BRYCE CANYON AP, UT US","10","28","99","    38.4"," ","R","20","    54.5"," ","R","20","    22.3"," ","R","20","    32.2"," ","R","20","     6.7"," ","R","20","     9.0"," ","R","20","     6.8"," ","R","20","     8.8"," ","R","20","    26.6"," ","R","20","     3.4"," ","R","20","     6.9"," ","R","20","    11.7"," ","R","20","    16.6"," ","R","20","    18.6"," ","R","20","    21.6"," ","R","20","     0.0"," ","R","20","     1.7"," ","R","20","     0.2"," ","R","20","     0.0","X","R","20","     0.0"," ","R","20","     0.0"," ","R","20","     0.0"," ","R","20","     0.0"," ","R","20","     0.0"," ","R","20","     0.0"," ","R","20","     1.7"," ","R","20","     0.2"," ","R","20","     0.0","X","R","20","     0.0"," ","R","20","     0.0"," ","R","20","     0.0"," ","R","20","     0.0"," ","R","20","     0.0"," ","R","20","     4.0"," ","R","20","     3.3"," ","R","20","    15.7"," ","P","20","     7.0"," ","P","20","     3.6"," ","P","20","     1.8"," ","P","20","     0.7"," ","P","20","     0.0"," ","P","20","     0.0"," ","P","20","     0.0"," ","P","20","    0.03"," ","P","20","    0.08"," ","P","20","    0.21"," ","P","20","    1.37"," ","R","19","   10.04"," ","R","19"
"USW00023159","10-29"," 37.7064","-112.1456","2312.2","BRYCE CANYON AP, UT US","10","29","99","    38.0"," ","R","20","    54.1"," ","R","20","    21.9"," ","R","20","    32.1"," ","R","20","     6.7"," ","R","20","     9.1"," ","R","20","     6.9"," ","R","20","     8.8"," ","R","20","    27.0"," ","R","20","     3.7"," ","R","20","     7.2"," ","R","20","    12.0"," ","R","20","    17.0"," ","R","20","    19.0"," ","R","20","    22.0"," ","R","20","     0.0"," ","R","20","     1.6"," ","R","20","     0.2"," ","R","20","     0.0","X","R","20","     0.0"," ","R","20","     0.0"," ","R","20","     0.0"," ","R","20","     0.0"," ","R","20","     0.0"," ","R","20","     0.0"," ","R","20","     1.6"," ","R","20","     0.2"," ","R","20","     0.0","X","R","20","     0.0"," ","R","20","     0.0"," ","R","20","     0.0"," ","R","20","     0.0"," ","R","20","     0.0"," ","R","20","     3.9"," ","R","20","     3.1"," ","R","20","    15.6"," ","P","20","     6.8"," ","P","20","     3.5"," ","P","20","     1.7"," ","P","20","     0.7"," ","P","20","     0.0"," ","P","20","     0.0"," ","P","20","     0.0"," ","P","20","    0.03"," ","P","20","    0.07"," ","P","20","    0.21"," ","P","20","    1.41"," ","R","19","   10.08"," ","R","19"
"USW00023159","10-30"," 37.7064","-112.1456","2312.2","BRYCE CANYON AP, UT US","10","30","99","    37.6"," ","R","20","    53.6"," ","R","20","    21.6"," ","R","20","    32.0"," ","R","20","     6.8"," ","R","20","     9.1"," ","R","20","     7.0"," ","R","20","     8.8"," ","R","20","    27.4"," ","R","20","     3.9"," ","R","20","     7.6"," ","R","20","    12.4"," ","R","20","    17.4"," ","R","20","    19.4"," ","R","20","    22.4"," ","R","20","     0.0"," ","R","20","     1.6"," ","R","20","     0.2"," ","R","20","     0.0","X","R","20","     0.0"," ","R","20","     0.0"," ","R","20","     0.0"," ","R","20","     0.0"," ","R","20","     0.0"," ","R","20","     0.0"," ","R","20","     1.6"," ","R","20","     0.2"," ","R","20","     0.0","X","R","20","     0.0"," ","R","20","     0.0"," ","R","20","     0.0"," ","R","20","     0.0"," ","R","20","     0.0"," ","R","20","     3.8"," ","R","20","     3.0"," ","R","20","    15.4"," ","P","20","     6.6"," ","P","20","     3.4"," ","P","20","     1.6"," ","P","20","     0.7"," ","P","20","     0.0"," ","P","20","     0.0"," ","P","20","     0.0"," ","P","20","    0.03"," ","P","20","    0.07"," ","P","20","    0.21"," ","P","20","    1.45"," ","R","19","   10.12"," ","R","19"
"USW00023159","10-31"," 37.7064","-112.1456","2312.2","BRYCE CANYON AP, UT US","10","31","99","    37.2"," ","R","20","    53.2"," ","R","20","    21.3"," ","R","20","    31.9"," ","R","20","     6.9"," ","R","20","     9.1"," ","R","20","     7.0"," ","R","20","     8.8"," ","R","20","    27.8"," ","R","20","     4.2"," ","R","20","     7.9"," ","R","20","    12.8"," ","R","20","    17.8"," ","R","20","    19.8"," ","R","20","    22.8"," ","R","20","     0.0"," ","R","20","     1.5"," ","R","20","     0.2"," ","R","20","     0.0","X","R","20","     0.0"," ","R","20","     0.0"," ","R","20","     0.0"," ","R","20","     0.0"," ","R","20","     0.0"," ","R","20","     0.0"," ","R","20","     1.5"," ","R","20","     0.2"," ","R","20","     0.0","X","R","20","     0.0"," ","R","20","     0.0"," ","R","20","     0.0"," ","R","20","     0.0"," ","R","20","     0.0"," ","R","20","     3.6"," ","R","20","     2.9"," ","R","20","    15.3"," ","P","20","     6.5"," ","P","20","     3.3"," ","P","20","     1.5"," ","P","20","     0.6"," ","P","20","     0.0"," ","P","20","     0.0"," ","P","20","     0.0"," ","P","20","    0.03"," ","P","20","    0.07"," ","P","20","    0.20"," ","P","20","    1.49"," ","R","19","   10.16"," ","R","19"
"USW00023159","11-01"," 37.7064","-112.1456","2312.2","BRYCE CANYON AP, UT US","11","01","99","    36.8"," ","R","21","    52.8"," ","R","21","    20.9"," ","R","21","    31.8"," ","R","21","     6.9"," ","R","21","     9.2"," ","R","21","     7.1"," ","R","21","     8.7"," ","R","21","    28.2"," ","R","21","     4.5"," ","R","21","     8.3"," ","R","21","    13.2"," ","R","21","    18.2"," ","R","21","    20.2"," ","R","21","    23.2"," ","R","21","     0.0"," ","R","21","     1.4"," ","R","21","     0.2"," ","R","21","     0.0","X","R","21","     0.0"," ","R","21","     0.0"," ","R","21","     0.0"," ","R","21","     0.0"," ","R","21","     0.0"," ","R","21","     0.0"," ","R","21","     1.4"," ","R","21","     0.2"," ","R","21","     0.0","X","R","21","     0.0"," ","R","21","     0.0"," ","R","21","     0.0"," ","R","21","     0.0"," ","R","21","     0.0"," ","R","21","     3.5"," ","R","21","     2.8"," ","R","21","    15.2"," ","P","20","     6.3"," ","P","20","     3.2"," ","P","20","     1.4"," ","P","20","     0.6"," ","P","20","     0.0"," ","P","20","     0.0"," ","P","20","     0.0"," ","P","20","    0.03"," ","P","20","    0.07"," ","P","20","    0.20"," ","P","20","    0.04"," ","R","17","   10.20"," ","R","17"
"USW00023159","11-02"," 37.7064","-112.1456","2312.2","BRYCE CANYON AP, UT US","11","02","99","    36.5"," ","R","21","    52.3"," ","R","21","    20.6"," ","R","21","    31.7"," ","R","21","     7.0"," ","R","21","     9.2"," ","R","21","     7.2"," ","R","21","     8.7"," ","R","21","    28.5"," ","R","21","     4.8"," ","R","21","     8.7"," ","R","21","    13.6"," ","R","21","    18.6"," ","R","21","    20.6"," ","R","21","    23.5"," ","R","21","     0.0"," ","R","21","     1.3"," ","R","21","     0.1"," ","R","21","     0.0","X","R","21","     0.0"," ","R","21","     0.0"," ","R","21","     0.0"," ","R","21","     0.0"," ","R","21","     0.0"," ","R","21","     0.0"," ","R","21","     1.3"," ","R","21","     0.1"," ","R","21","     0.0","X","R","21","     0.0"," ","R","21","     0.0"," ","R","21","     0.0"," ","R","21","     0.0"," ","R","21","     0.0"," ","R","21","     3.4"," ","R","21","     2.7"," ","R","21","    15.2"," ","P","20","     6.3"," ","P","20","     3.1"," ","P","20","     1.4"," ","P","20","     0.6"," ","P","20","     0.0"," ","P","20","     0.0"," ","P","20","     0.0"," ","P","20","    0.03"," ","P","20","    0.07"," ","P","20","    0.19"," ","P","20","    0.08"," ","R","17","   10.24"," ","R","17"
"USW00023159","11-03"," 37.7064","-112.1456","2312.2","BRYCE CANYON AP, UT US","11","03","99","    36.1"," ","R","21","    51.9"," ","R","21","    20.2"," ","R","21","    31.7"," ","R","21","     7.1"," ","R","21","     9.3"," ","R","21","     7.2"," ","R","21","     8.7"," ","R","21","    29.0"," ","R","21","     5.1"," ","R","21","     9.1"," ","R","21","    14.0"," ","R","21","    19.0"," ","R","21","    21.0"," ","R","21","    24.0"," ","R","21","     0.0"," ","R","21","     1.2"," ","R","21","     0.1"," ","R","21","     0.0","X","R","21","     0.0"," ","R","21","     0.0"," ","R","21","     0.0"," ","R","21","     0.0"," ","R","21","     0.0"," ","R","21","     0.0"," ","R","21","     1.2"," ","R","21","     0.1"," ","R","21","     0.0","X","R","21","     0.0"," ","R","21","     0.0"," ","R","21","     0.0"," ","R","21","     0.0"," ","R","21","     0.0"," ","R","21","     3.2"," ","R","21","     2.6"," ","R","21","    15.2"," ","P","20","     6.2"," ","P","20","     3.0"," ","P","20","     1.3"," ","P","20","     0.5"," ","P","20","     0.0"," ","P","20","     0.0"," ","P","20","     0.0"," ","P","20","    0.02"," ","P","20","    0.07"," ","P","20","    0.19"," ","P","20","    0.12"," ","R","17","   10.28"," ","R","17"
"USW00023159","11-04"," 37.7064","-112.1456","2312.2","BRYCE CANYON AP, UT US","11","04","99","    35.6"," ","R","21","    51.4"," ","R","21","    19.9"," ","R","21","    31.6"," ","R","21","     7.1"," ","R","21","     9.3"," ","R","21","     7.3"," ","R","21","     8.7"," ","R","21","    29.4"," ","R","21","     5.4"," ","R","21","     9.5"," ","R","21","    14.4"," ","R","21","    19.4"," ","R","21","    21.4"," ","R","21","    24.4"," ","R","21","     0.0"," ","R","21","     1.1"," ","R","21","     0.1"," ","R","21","     0.0","X","R","21","     0.0"," ","R","21","     0.0"," ","R","21","     0.0"," ","R","21","     0.0"," ","R","21","     0.0"," ","R","21","     0.0"," ","R","21","     1.1"," ","R","21","     0.1"," ","R","21","     0.0","X","R","21","     0.0"," ","R","21","     0.0"," ","R","21","     0.0"," ","R","21","     0.0"," ","R","21","     0.0"," ","R","21","     3.1"," ","R","21","     2.5"," ","R","21","    15.2"," ","P","20","     6.1"," ","P","20","     3.0"," ","P","20","     1.3"," ","P","20","     0.5"," ","P","20","     0.0"," ","P","20","     0.0"," ","P","20","     0.0"," ","P","20","    0.02"," ","P","20","    0.07"," ","P","20","    0.19"," ","P","20","    0.15"," ","R","17","   10.31"," ","R","17"
"USW00023159","11-05"," 37.7064","-112.1456","2312.2","BRYCE CANYON AP, UT US","11","05","99","    35.2"," ","R","21","    51.0"," ","R","21","    19.5"," ","R","21","    31.5"," ","R","21","     7.2"," ","R","21","     9.3"," ","R","21","     7.4"," ","R","21","     8.6"," ","R","21","    29.8"," ","R","21","     5.7"," ","R","21","     9.9"," ","R","21","    14.8"," ","R","21","    19.8"," ","R","21","    21.8"," ","R","21","    24.8"," ","R","21","     0.0"," ","R","21","     0.9"," ","R","21","     0.1"," ","R","21","     0.0","X","R","21","     0.0"," ","R","21","     0.0"," ","R","21","     0.0"," ","R","21","     0.0"," ","R","21","     0.0"," ","R","21","     0.0"," ","R","21","     0.9"," ","R","21","     0.1"," ","R","21","     0.0","X","R","21","     0.0"," ","R","21","     0.0"," ","R","21","     0.0"," ","R","21","     0.0"," ","R","21","     0.0"," ","R","21","     2.9"," ","R","21","     2.3"," ","R","21","    15.3"," ","P","20","     6.1"," ","P","20","     3.0"," ","P","20","     1.2"," ","P","20","     0.5"," ","P","20","     0.0"," ","P","20","     0.0"," ","P","20","     0.0"," ","P","20","    0.03"," ","P","20","    0.07"," ","P","20","    0.19"," ","P","20","    0.17"," ","R","17","   10.33"," ","R","17"
"USW00023159","11-06"," 37.7064","-112.1456","2312.2","BRYCE CANYON AP, UT US","11","06","99","    34.8"," ","R","21","    50.5"," ","R","21","    19.1"," ","R","21","    31.4"," ","R","21","     7.3"," ","R","21","     9.3"," ","R","21","     7.4"," ","R","21","     8.6"," ","R","21","    30.2"," ","R","21","     6.0"," ","R","21","    10.3"," ","R","21","    15.2"," ","R","21","    20.2"," ","R","21","    22.2"," ","R","21","    25.2"," ","R","21","     0.0"," ","R","21","     0.8"," ","R","21","     0.1"," ","R","21","     0.0","X","R","21","     0.0"," ","R","21","     0.0"," ","R","21","     0.0"," ","R","21","     0.0"," ","R","21","     0.0"," ","R","21","     0.0"," ","R","21","     0.8"," ","R","21","     0.1"," ","R","21","     0.0","X","R","21","     0.0"," ","R","21","     0.0"," ","R","21","     0.0"," ","R","21","     0.0"," ","R","21","     0.0"," ","R","21","     2.8"," ","R","21","     2.1"," ","R","21","    15.3"," ","P","21","     6.1"," ","P","21","     3.0"," ","P","21","     1.2"," ","P","21","     0.5"," ","P","21","     0.0"," ","P","21","     0.0"," ","P","21","     0.0"," ","P","21","    0.03"," ","P","21","    0.06"," ","P","21","    0.18"," ","P","21","    0.20"," ","R","17","   10.36"," ","R","17"
"USW00023159","11-07"," 37.7064","-112.1456","2312.2","BRYCE CANYON AP, UT US","11","07","99","    34.4"," ","R","21","    50.0"," ","R","21","    18.8"," ","R","21","    31.3"," ","R","21","     7.3"," ","R","21","     9.3"," ","R","21","     7.5"," ","R","21","     8.6"," ","R","21","    30.6"," ","R","21","     6.3"," ","R","21","    10.7"," ","R","21","    15.6"," ","R","21","    20.6"," ","R","21","    22.6"," ","R","21","    25.6"," ","R","21","     0.0"," ","R","21","     0.7"," ","R","21","     0.0","X","R","21","     0.0","X","R","21","     0.0"," ","R","21","     0.0"," ","R","21","     0.0"," ","R","21","     0.0"," ","R","21","     0.0"," ","R","21","     0.0"," ","R","21","     0.7"," ","R","21","     0.0","X","R","21","     0.0","X","R","21","     0.0"," ","R","21","     0.0"," ","R","21","     0.0"," ","R","21","     0.0"," ","R","21","     0.0"," ","R","21","     2.6"," ","R","21","     2.0"," ","R","21","    15.4"," ","P","21","     6.1"," ","P","21","     3.0"," ","P","21","     1.2"," ","P","21","     0.5"," ","P","21","     0.0"," ","P","21","     0.0"," ","P","21","     0.0"," ","P","21","    0.03"," ","P","21","    0.06"," ","P","21","    0.18"," ","P","21","    0.23"," ","R","17","   10.39"," ","R","17"
"USW00023159","11-08"," 37.7064","-112.1456","2312.2","BRYCE CANYON AP, UT US","11","08","99","    33.9"," ","R","21","    49.5"," ","R","21","    18.4"," ","R","21","    31.2"," ","R","21","     7.4"," ","R","21","     9.4"," ","R","21","     7.6"," ","R","21","     8.6"," ","R","21","    31.1"," ","R","21","     6.7"," ","R","21","    11.1"," ","R","21","    16.1"," ","R","21","    21.1"," ","R","21","    23.1"," ","R","21","    26.1"," ","R","21","     0.0"," ","R","21","     0.6"," ","R","21","     0.0","X","R","21","     0.0","X","R","21","     0.0"," ","R","21","     0.0"," ","R","21","     0.0"," ","R","21","     0.0"," ","R","21","     0.0"," ","R","21","     0.0"," ","R","21","     0.6"," ","R","21","     0.0","X","R","21","     0.0","X","R","21","     0.0"," ","R","21","     0.0"," ","R","21","     0.0"," ","R","21","     0.0"," ","R","21","     0.0"," ","R","21","     2.4"," ","R","21","     1.9"," ","R","21","    15.4"," ","P","21","     6.1"," ","P","21","     3.0"," ","P","21","     1.1"," ","P","21","     0.5"," ","P","21","     0.0"," ","P","21","     0.0"," ","P","21","     0.0"," ","P","21","    0.03"," ","P","21","    0.06"," ","P","21","    0.18"," ","P","21","    0.25"," ","R","17","   10.41"," ","R","17"
"USW00023159","11-09"," 37.7064","-112.1456","2312.2","BRYCE CANYON AP, UT US","11","09","99","    33.5"," ","R","21","    49.0"," ","R","21","    18.0"," ","R","21","    31.1"," ","R","21","     7.4"," ","R","21","     9.4"," ","R","21","     7.7"," ","R","21","     8.5"," ","R","21","    31.5"," ","R","21","     7.0"," ","R","21","    11.5"," ","R","21","    16.5"," ","R","21","    21.5"," ","R","21","    23.5"," ","R","21","    26.5"," ","R","21","     0.0"," ","R","21","     0.5"," ","R","21","     0.0","X","R","21","     0.0"," ","R","21","     0.0"," ","R","21","     0.0"," ","R","21","     0.0"," ","R","21","     0.0"," ","R","21","     0.0"," ","R","21","     0.0"," ","R","21","     0.5"," ","R","21","     0.0","X","R","21","     0.0"," ","R","21","     0.0"," ","R","21","     0.0"," ","R","21","     0.0"," ","R","21","     0.0"," ","R","21","     0.0"," ","R","21","     2.3"," ","R","21","     1.8"," ","R","21","    15.5"," ","P","21","     6.1"," ","P","21","     2.9"," ","P","21","     1.1"," ","P","21","     0.4"," ","P","21","     0.0"," ","P","21","     0.0"," ","P","21","     0.0"," ","P","21","    0.03"," ","P","21","    0.06"," ","P","21","    0.18"," ","P","21","    0.28"," ","R","17","   10.44"," ","R","17"
"USW00023159","11-10"," 37.7064","-112.1456","2312.2","BRYCE CANYON AP, UT US","11","10","99","    33.1"," ","R","21","    48.5"," ","R","21","    17.6"," ","R","21","    31.0"," ","R","21","     7.5"," ","R","21","     9.4"," ","R","21","     7.8"," ","R","21","     8.5"," ","R","21","    31.9"," ","R","21","     7.4"," ","R","21","    12.0"," ","R","21","    16.9"," ","R","21","    21.9"," ","R","21","    23.9"," ","R","21","    26.9"," ","R","21","     0.0"," ","R","21","     0.5"," ","R","21","     0.0","X","R","21","     0.0"," ","R","21","     0.0"," ","R","21","     0.0"," ","R","21","     0.0"," ","R","21","     0.0"," ","R","21","     0.0"," ","R","21","     0.0"," ","R","21","     0.5"," ","R","21","     0.0","X","R","21","     0.0"," ","R","21","     0.0"," ","R","21","     0.0"," ","R","21","     0.0"," ","R","21","     0.0"," ","R","21","     0.0"," ","R","21","     2.2"," ","R","21","     1.7"," ","R","21","    15.5"," ","P","21","     6.1"," ","P","21","     2.9"," ","P","21","     1.1"," ","P","21","     0.4"," ","P","21","     0.0"," ","P","21","     0.0"," ","P","21","     0.0"," ","P","21","    0.03"," ","P","21","    0.06"," ","P","21","    0.18"," ","P","21","    0.31"," ","R","17","   10.47"," ","R","17"
"USW00023159","11-11"," 37.7064","-112.1456","2312.2","BRYCE CANYON AP, UT US","11","11","99","    32.6"," ","R","21","    48.0"," ","R","21","    17.2"," ","R","21","    30.9"," ","R","21","     7.6"," ","R","21","     9.4"," ","R","21","     7.9"," ","R","21","     8.5"," ","R","21","    32.4"," ","R","21","     7.8"," ","R","21","    12.4"," ","R","21","    17.4"," ","R","21","    22.4"," ","R","21","    24.4"," ","R","21","    27.4"," ","R","21","     0.0"," ","R","21","     0.4"," ","R","21","     0.0","X","R","21","     0.0"," ","R","21","     0.0"," ","R","21","     0.0"," ","R","21","     0.0"," ","R","21","     0.0"," ","R","21","     0.0"," ","R","21","     0.0"," ","R","21","     0.4"," ","R","21","     0.0","X","R","21","     0.0"," ","R","21","     0.0"," ","R","21","     0.0"," ","R","21","     0.0"," ","R","21","     0.0"," ","R","21","     0.0"," ","R","21","     2.0"," ","R","21","     1.5"," ","R","21","    15.5"," ","P","21","     6.0"," ","P","21","     2.9"," ","P","21","     1.0"," ","P","21","     0.4"," ","P","21","     0.0"," ","P","21","     0.0"," ","P","21","     0.0"," ","P","21","    0.03"," ","P","21","    0.06"," ","P","21","    0.18"," ","P","21","    0.33"," ","R","17","   10.49"," ","R","17"
"USW00023159","11-12"," 37.7064","-112.1456","2312.2","BRYCE CANYON AP, UT US","11","12","99","    32.1"," ","R","21","    47.5"," ","R","21","    16.8"," ","R","21","    30.8"," ","R","21","     7.6"," ","R","21","     9.4"," ","R","21","     8.0"," ","R","21","     8.6"," ","R","21","    32.9"," ","R","21","     8.2"," ","R","21","    12.9"," ","R","21","    17.9"," ","R","21","    22.9"," ","R","21","    24.9"," ","R","21","    27.9"," ","R","21","     0.0"," ","R","21","     0.4"," ","R","21","     0.0","X","R","21","     0.0"," ","R","21","     0.0"," ","R","21","     0.0"," ","R","21","     0.0"," ","R","21","     0.0"," ","R","21","     0.0"," ","R","21","     0.0"," ","R","21","     0.4"," ","R","21","     0.0","X","R","21","     0.0"," ","R","21","     0.0"," ","R","21","     0.0"," ","R","21","     0.0"," ","R","21","     0.0"," ","R","21","     0.0"," ","R","21","     1.8"," ","R","21","     1.4"," ","R","21","    15.5"," ","P","21","     6.0"," ","P","21","     2.8"," ","P","21","     1.0"," ","P","21","     0.4"," ","P","21","     0.0"," ","P","21","     0.0"," ","P","21","     0.0"," ","P","21","    0.03"," ","P","21","    0.06"," ","P","21","    0.18"," ","P","21","    0.35"," ","R","17","   10.51"," ","R","17"
"USW00023159","11-13"," 37.7064","-112.1456","2312.2","BRYCE CANYON AP, UT US","11","13","99","    31.7"," ","R","21","    47.0"," ","R","21","    16.4"," ","R","21","    30.7"," ","R","21","     7.7"," ","R","21","     9.4"," ","R","21","     8.1"," ","R","21","     8.6"," ","R","21","    33.3"," ","R","21","     8.6"," ","R","21","    13.3"," ","R","21","    18.3"," ","R","21","    23.3"," ","R","21","    25.3"," ","R","21","    28.3"," ","R","21","     0.0"," ","R","21","     0.3"," ","R","21","     0.0","X","R","21","     0.0"," ","R","21","     0.0"," ","R","21","     0.0"," ","R","21","     0.0"," ","R","21","     0.0"," ","R","21","     0.0"," ","R","21","     0.0"," ","R","21","     0.3"," ","R","21","     0.0","X","R","21","     0.0"," ","R","21","     0.0"," ","R","21","     0.0"," ","R","21","     0.0"," ","R","21","     0.0"," ","R","21","     0.0"," ","R","21","     1.7"," ","R","21","     1.2"," ","R","21","    15.5"," ","P","21","     6.0"," ","P","21","     2.8"," ","P","21","     1.0"," ","P","21","     0.3"," ","P","21","     0.0"," ","P","21","     0.0"," ","P","21","     0.0"," ","P","21","    0.03"," ","P","21","    0.06"," ","P","21","    0.18"," ","P","21","    0.38"," ","R","17","   10.54"," ","R","17"
"USW00023159","11-14"," 37.7064","-112.1456","2312.2","BRYCE CANYON AP, UT US","11","14","99","    31.2"," ","R","21","    46.5"," ","R","21","    15.9"," ","R","21","    30.6"," ","R","21","     7.8"," ","R","21","     9.5"," ","R","21","     8.2"," ","R","21","     8.6"," ","R","21","    33.8"," ","R","21","     9.1"," ","R","21","    13.8"," ","R","21","    18.8"," ","R","21","    23.8"," ","R","21","    25.8"," ","R","21","    28.8"," ","R","21","     0.0"," ","R","21","     0.3"," ","R","21","     0.0","X","R","21","     0.0"," ","R","21","     0.0"," ","R","21","     0.0"," ","R","21","     0.0"," ","R","21","     0.0"," ","R","21","     0.0"," ","R","21","     0.0"," ","R","21","     0.3"," ","R","21","     0.0","X","R","21","     0.0"," ","R","21","     0.0"," ","R","21","     0.0"," ","R","21","     0.0"," ","R","21","     0.0"," ","R","21","     0.0"," ","R","21","     1.5"," ","R","21","     1.1"," ","R","21","    15.4"," ","P","21","     5.9"," ","P","21","     2.8"," ","P","21","     0.9"," ","P","21","     0.3"," ","P","21","     0.0"," ","P","21","     0.0"," ","P","21","     0.0"," ","P","21","    0.02"," ","P","21","    0.06"," ","P","21","    0.18"," ","P","21","    0.40"," ","R","17","   10.56"," ","R","17"
"USW00023159","11-15"," 37.7064","-112.1456","2312.2","BRYCE CANYON AP, UT US","11","15","99","    30.7"," ","R","21","    46.0"," ","R","21","    15.5"," ","R","21","    30.5"," ","R","21","     7.8"," ","R","21","     9.5"," ","R","21","     8.3"," ","R","21","     8.6"," ","R","21","    34.3"," ","R","21","     9.5"," ","R","21","    14.3"," ","R","21","    19.3"," ","R","21","    24.3"," ","R","21","    26.3"," ","R","21","    29.3"," ","R","21","     0.0"," ","R","21","     0.2"," ","R","21","     0.0","X","R","21","     0.0"," ","R","21","     0.0"," ","R","21","     0.0"," ","R","21","     0.0"," ","R","21","     0.0"," ","R","21","     0.0"," ","R","21","     0.0"," ","R","21","     0.2"," ","R","21","     0.0","X","R","21","     0.0"," ","R","21","     0.0"," ","R","21","     0.0"," ","R","21","     0.0"," ","R","21","     0.0"," ","R","21","     0.0"," ","R","21","     1.4"," ","R","21","     1.0"," ","R","21","    15.3"," ","P","21","     5.9"," ","P","21","     2.7"," ","P","21","     0.9"," ","P","21","     0.3"," ","P","21","     0.0"," ","P","21","     0.0"," ","P","21","     0.0"," ","P","21","    0.02"," ","P","21","    0.06"," ","P","21","    0.18"," ","P","21","    0.42"," ","R","17","   10.58"," ","R","17"
"USW00023159","11-16"," 37.7064","-112.1456","2312.2","BRYCE CANYON AP, UT US","11","16","99","    30.3"," ","R","21","    45.5"," ","R","21","    15.1"," ","R","21","    30.4"," ","R","21","     7.9"," ","R","21","     9.5"," ","R","21","     8.5"," ","R","21","     8.6"," ","R","21","    34.7"," ","R","21","     9.9"," ","R","21","    14.7"," ","R","21","    19.7"," ","R","21","    24.7"," ","R","21","    26.7"," ","R","21","    29.7"," ","R","21","     0.0"," ","R","21","     0.2"," ","R","21","     0.0","X","R","21","     0.0"," ","R","21","     0.0"," ","R","21","     0.0"," ","R","21","     0.0"," ","R","21","     0.0"," ","R","21","     0.0"," ","R","21","     0.0"," ","R","21","     0.2"," ","R","21","     0.0","X","R","21","     0.0"," ","R","21","     0.0"," ","R","21","     0.0"," ","R","21","     0.0"," ","R","21","     0.0"," ","R","21","     0.0"," ","R","21","     1.3"," ","R","21","     0.9"," ","R","21","    15.3"," ","P","21","     5.8"," ","P","21","     2.7"," ","P","21","     0.9"," ","P","21","     0.3"," ","P","21","     0.0"," ","P","21","     0.0"," ","P","21","     0.0"," ","P","21","    0.02"," ","P","21","    0.06"," ","P","21","    0.18"," ","P","21","    0.45"," ","R","17","   10.61"," ","R","17"
"USW00023159","11-17"," 37.7064","-112.1456","2312.2","BRYCE CANYON AP, UT US","11","17","99","    29.8"," ","R","21","    44.9"," ","R","21","    14.7"," ","R","21","    30.3"," ","R","21","     8.0"," ","R","21","     9.5"," ","R","21","     8.6"," ","R","21","     8.6"," ","R","21","    35.2"," ","R","21","    10.4"," ","R","21","    15.2"," ","R","21","    20.2"," ","R","21","    25.2"," ","R","21","    27.2"," ","R","21","    30.2"," ","R","21","     0.0"," ","R","21","     0.2"," ","R","21","     0.0","X","R","21","     0.0"," ","R","21","     0.0"," ","R","21","     0.0"," ","R","21","     0.0"," ","R","21","     0.0"," ","R","21","     0.0"," ","R","21","     0.0"," ","R","21","     0.2"," ","R","21","     0.0","X","R","21","     0.0"," ","R","21","     0.0"," ","R","21","     0.0"," ","R","21","     0.0"," ","R","21","     0.0"," ","R","21","     0.0"," ","R","21","     1.2"," ","R","21","     0.8"," ","R","21","    15.3"," ","P","21","     5.8"," ","P","21","     2.7"," ","P","21","     0.9"," ","P","21","     0.3"," ","P","21","     0.0"," ","P","21","     0.0"," ","P","21","     0.0"," ","P","21","    0.02"," ","P","21","    0.06"," ","P","21","    0.18"," ","P","21","    0.48"," ","R","17","   10.64"," ","R","17"
"USW00023159","11-18"," 37.7064","-112.1456","2312.2","BRYCE CANYON AP, UT US","11","18","99","    29.3"," ","R","21","    44.4"," ","R","21","    14.2"," ","R","21","    30.2"," ","R","21","     8.1"," ","R","21","     9.5"," ","R","21","     8.7"," ","R","21","     8.6"," ","R","21","    35.7"," ","R","21","    10.8"," ","R","21","    15.7"," ","R","21","    20.7"," ","R","21","    25.7"," ","R","21","    27.7"," ","R","21","    30.7"," ","R","21","     0.0"," ","R","21","     0.2"," ","R","21","     0.0","X","R","21","     0.0"," ","R","21","     0.0"," ","R","21","     0.0"," ","R","21","     0.0"," ","R","21","     0.0"," ","R","21","     0.0"," ","R","21","     0.0"," ","R","21","     0.2"," ","R","21","     0.0","X","R","21","     0.0"," ","R","21","     0.0"," ","R","21","     0.0"," ","R","21","     0.0"," ","R","21","     0.0"," ","R","21","     0.0"," ","R","21","     1.0"," ","R","21","     0.7"," ","R","21","    15.3"," ","P","21","     5.9"," ","P","21","     2.7"," ","P","21","     0.9"," ","P","21","     0.3"," ","P","21","     0.0"," ","P","21","     0.0"," ","P","21","     0.0"," ","P","21","    0.02"," ","P","21","    0.06"," ","P","21","    0.18"," ","P","21","    0.50"," ","R","17","   10.66"," ","R","17"
"USW00023159","11-19"," 37.7064","-112.1456","2312.2","BRYCE CANYON AP, UT US","11","19","99","    28.8"," ","R","21","    43.9"," ","R","21","    13.8"," ","R","21","    30.1"," ","R","21","     8.1"," ","R","21","     9.5"," ","R","21","     8.9"," ","R","21","     8.6"," ","R","21","    36.2"," ","R","21","    11.3"," ","R","21","    16.2"," ","R","21","    21.2"," ","R","21","    26.2"," ","R","21","    28.2"," ","R","21","    31.2"," ","R","21","     0.0"," ","R","21","     0.1"," ","R","21","     0.0","X","R","21","     0.0"," ","R","21","     0.0"," ","R","21","     0.0"," ","R","21","     0.0"," ","R","21","     0.0"," ","R","21","     0.0"," ","R","21","     0.0"," ","R","21","     0.1"," ","R","21","     0.0","X","R","21","     0.0"," ","R","21","     0.0"," ","R","21","     0.0"," ","R","21","     0.0"," ","R","21","     0.0"," ","R","21","     0.0"," ","R","21","     0.9"," ","R","21","     0.6"," ","R","21","    15.4"," ","P","21","     5.9"," ","P","21","     2.8"," ","P","21","     0.9"," ","P","21","     0.3"," ","P","21","     0.0"," ","P","21","     0.0"," ","P","21","     0.0"," ","P","21","    0.02"," ","P","21","    0.06"," ","P","21","    0.18"," ","P","21","    0.53"," ","R","17","   10.69"," ","R","17"
"USW00023159","11-20"," 37.7064","-112.1456","2312.2","BRYCE CANYON AP, UT US","11","20","99","    28.4"," ","R","21","    43.4"," ","R","21","    13.4"," ","R","21","    30.0"," ","R","21","     8.2"," ","R","21","     9.5"," ","R","21","     9.0"," ","R","21","     8.6"," ","R","21","    36.6"," ","R","21","    11.7"," ","R","21","    16.6"," ","R","21","    21.6"," ","R","21","    26.6"," ","R","21","    28.6"," ","R","21","    31.6"," ","R","21","     0.0"," ","R","21","     0.1"," ","R","21","     0.0","X","R","21","     0.0"," ","R","21","     0.0"," ","R","21","     0.0"," ","R","21","     0.0"," ","R","21","     0.0"," ","R","21","     0.0"," ","R","21","     0.0"," ","R","21","     0.1"," ","R","21","     0.0","X","R","21","     0.0"," ","R","21","     0.0"," ","R","21","     0.0"," ","R","21","     0.0"," ","R","21","     0.0"," ","R","21","     0.0"," ","R","21","     0.9"," ","R","21","     0.6"," ","R","21","    15.5"," ","P","21","     6.0"," ","P","21","     2.8"," ","P","21","     0.9"," ","P","21","     0.3"," ","P","21","     0.0"," ","P","21","     0.0"," ","P","21","     0.0"," ","P","21","    0.02"," ","P","21","    0.06"," ","P","21","    0.18"," ","P","21","    0.56"," ","R","17","   10.72"," ","R","17"
"USW00023159","11-21"," 37.7064","-112.1456","2312.2","BRYCE CANYON AP, UT US","11","21","99","    27.9"," ","R","21","    42.9"," ","R","21","    12.9"," ","R","21","    30.0"," ","R","21","     8.2"," ","R","21","     9.4"," ","R","21","     9.1"," ","R","21","     8.6"," ","R","21","    37.1"," ","R","21","    12.2"," ","R","21","    17.1"," ","R","21","    22.1"," ","R","21","    27.1"," ","R","21","    29.1"," ","R","21","    32.1"," ","R","21","     0.0"," ","R","21","     0.1"," ","R","21","     0.0","X","R","21","     0.0"," ","R","21","     0.0"," ","R","21","     0.0"," ","R","21","     0.0"," ","R","21","     0.0"," ","R","21","     0.0"," ","R","21","     0.0"," ","R","21","     0.1"," ","R","21","     0.0","X","R","21","     0.0"," ","R","21","     0.0"," ","R","21","     0.0"," ","R","21","     0.0"," ","R","21","     0.0"," ","R","21","     0.0"," ","R","21","     0.8"," ","R","21","     0.5"," ","R","21","    15.7"," ","P","21","     6.0"," ","P","21","     2.9"," ","P","21","     0.9"," ","P","21","     0.3"," ","P","21","     0.0"," ","P","21","     0.0"," ","P","21","     0.0"," ","P","21","    0.02"," ","P","21","    0.06"," ","P","21","    0.18"," ","P","21","    0.59"," ","R","17","   10.75"," ","R","17"
"USW00023159","11-22"," 37.7064","-112.1456","2312.2","BRYCE CANYON AP, UT US","11","22","99","    27.4"," ","R","21","    42.4"," ","R","21","    12.5"," ","R","21","    29.9"," ","R","21","     8.3"," ","R","21","     9.4"," ","R","21","     9.3"," ","R","21","     8.6"," ","R","21","    37.6"," ","R","21","    12.7"," ","R","21","    17.6"," ","R","21","    22.6"," ","R","21","    27.6"," ","R","21","    29.6"," ","R","21","    32.6"," ","R","21","     0.0"," ","R","21","     0.1"," ","R","21","     0.0","X","R","21","     0.0"," ","R","21","     0.0"," ","R","21","     0.0"," ","R","21","     0.0"," ","R","21","     0.0"," ","R","21","     0.0"," ","R","21","     0.0"," ","R","21","     0.1"," ","R","21","     0.0","X","R","21","     0.0"," ","R","21","     0.0"," ","R","21","     0.0"," ","R","21","     0.0"," ","R","21","     0.0"," ","R","21","     0.0"," ","R","21","     0.7"," ","R","21","     0.5"," ","R","21","    15.8"," ","P","21","     6.1"," ","P","21","     2.9"," ","P","21","     0.9"," ","P","21","     0.2"," ","P","21","     0.0"," ","P","21","     0.0"," ","P","21","     0.0"," ","P","21","    0.02"," ","P","21","    0.06"," ","P","21","    0.18"," ","P","21","    0.61"," ","R","17","   10.77"," ","R","17"
"USW00023159","11-23"," 37.7064","-112.1456","2312.2","BRYCE CANYON AP, UT US","11","23","99","    27.0"," ","R","21","    41.9"," ","R","21","    12.1"," ","R","21","    29.8"," ","R","21","     8.4"," ","R","21","     9.4"," ","R","21","     9.4"," ","R","21","     8.6"," ","R","21","    38.0"," ","R","21","    13.1"," ","R","21","    18.0"," ","R","21","    23.0"," ","R","21","    28.0"," ","R","21","    30.0"," ","R","21","    33.0"," ","R","21","     0.0"," ","R","21","     0.1"," ","R","21","     0.0","X","R","21","     0.0"," ","R","21","     0.0"," ","R","21","     0.0"," ","R","21","     0.0"," ","R","21","     0.0"," ","R","21","     0.0"," ","R","21","     0.0"," ","R","21","     0.1"," ","R","21","     0.0","X","R","21","     0.0"," ","R","21","     0.0"," ","R","21","     0.0"," ","R","21","     0.0"," ","R","21","     0.0"," ","R","21","     0.0"," ","R","21","     0.7"," ","R","21","     0.4"," ","R","21","    15.9"," ","P","21","     6.1"," ","P","21","     2.9"," ","P","21","     0.9"," ","P","21","     0.2"," ","P","21","     0.0"," ","P","21","     0.0"," ","P","21","     0.0"," ","P","21","    0.02"," ","P","21","    0.06"," ","P","21","    0.18"," ","P","21","    0.64"," ","R","17","   10.80"," ","R","17"
"USW00023159","11-24"," 37.7064","-112.1456","2312.2","BRYCE CANYON AP, UT US","11","24","99","    26.5"," ","R","21","    41.4"," ","R","21","    11.6"," ","R","21","    29.7"," ","R","21","     8.4"," ","R","21","     9.4"," ","R","21","     9.5"," ","R","21","     8.6"," ","R","21","    38.5"," ","R","21","    13.6"," ","R","21","    18.5"," ","R","21","    23.5"," ","R","21","    28.5"," ","R","21","    30.5"," ","R","21","    33.5"," ","R","21","     0.0"," ","R","21","     0.1"," ","R","21","     0.0","X","R","21","     0.0"," ","R","21","     0.0"," ","R","21","     0.0"," ","R","21","     0.0"," ","R","21","     0.0"," ","R","21","     0.0"," ","R","21","     0.0"," ","R","21","     0.1"," ","R","21","     0.0","X","R","21","     0.0"," ","R","21","     0.0"," ","R","21","     0.0"," ","R","21","     0.0"," ","R","21","     0.0"," ","R","21","     0.0"," ","R","21","     0.6"," ","R","21","     0.4"," ","R","21","    16.0"," ","P","21","     6.1"," ","P","21","     2.9"," ","P","21","     0.9"," ","P","21","     0.2"," ","P","21","     0.0"," ","P","21","     0.0"," ","P","21","     0.0"," ","P","21","    0.02"," ","P","21","    0.06"," ","P","21","    0.18"," ","P","21","    0.66"," ","R","17","   10.82"," ","R","17"
"USW00023159","11-25"," 37.7064","-112.1456","2312.2","BRYCE CANYON AP, UT US","11","25","99","    26.1"," ","R","21","    40.9"," ","R","21","    11.2"," ","R","21","    29.7"," ","R","21","     8.5"," ","R","21","     9.3"," ","R","21","     9.7"," ","R","21","     8.6"," ","R","21","    38.9"," ","R","21","    14.0"," ","R","21","    18.9"," ","R","21","    23.9"," ","R","21","    28.9"," ","R","21","    30.9"," ","R","21","    33.9"," ","R","21","     0.0"," ","R","21","     0.1"," ","R","21","     0.0","X","R","21","     0.0"," ","R","21","     0.0"," ","R","21","     0.0"," ","R","21","     0.0"," ","R","21","     0.0"," ","R","21","     0.0"," ","R","21","     0.0"," ","R","21","     0.1"," ","R","21","     0.0","X","R","21","     0.0"," ","R","21","     0.0"," ","R","21","     0.0"," ","R","21","     0.0"," ","R","21","     0.0"," ","R","21","     0.0"," ","R","21","     0.6"," ","R","21","     0.4"," ","R","21","    16.2"," ","P","21","     6.2"," ","P","21","     2.9"," ","P","21","     0.9"," ","P","21","     0.2"," ","P","21","     0.0"," ","P","21","     0.0"," ","P","21","     0.0"," ","P","21","    0.02"," ","P","21","    0.06"," ","P","21","    0.18"," ","P","21","    0.68"," ","R","17","   10.84"," ","R","17"
"USW00023159","11-26"," 37.7064","-112.1456","2312.2","BRYCE CANYON AP, UT US","11","26","99","    25.6"," ","R","21","    40.4"," ","R","21","    10.8"," ","R","21","    29.6"," ","R","21","     8.5"," ","R","21","     9.3"," ","R","21","     9.8"," ","R","21","     8.6"," ","R","21","    39.4"," ","R","21","    14.5"," ","R","21","    19.4"," ","R","21","    24.4"," ","R","21","    29.4"," ","R","21","    31.4"," ","R","21","    34.4"," ","R","21","     0.0"," ","R","21","     0.1"," ","R","21","     0.0","X","R","21","     0.0"," ","R","21","     0.0"," ","R","21","     0.0"," ","R","21","     0.0"," ","R","21","     0.0"," ","R","21","     0.0"," ","R","21","     0.0"," ","R","21","     0.1"," ","R","21","     0.0","X","R","21","     0.0"," ","R","21","     0.0"," ","R","21","     0.0"," ","R","21","     0.0"," ","R","21","     0.0"," ","R","21","     0.0"," ","R","21","     0.5"," ","R","21","     0.3"," ","R","21","    16.4"," ","P","21","     6.3"," ","P","21","     2.9"," ","P","21","     0.9"," ","P","21","     0.2"," ","P","21","     0.0"," ","P","21","     0.0"," ","P","21","     0.0"," ","P","21","    0.02"," ","P","21","    0.06"," ","P","21","    0.18"," ","P","21","    0.70"," ","R","17","   10.86"," ","R","17"
"USW00023159","11-27"," 37.7064","-112.1456","2312.2","BRYCE CANYON AP, UT US","11","27","99","    25.2"," ","R","21","    40.0"," ","R","21","    10.4"," ","R","21","    29.6"," ","R","21","     8.6"," ","R","21","     9.3"," ","R","21","     9.9"," ","R","21","     8.6"," ","R","21","    39.8"," ","R","21","    14.9"," ","R","21","    19.8"," ","R","21","    24.8"," ","R","21","    29.8"," ","R","21","    31.8"," ","R","21","    34.8"," ","R","21","     0.0"," ","R","21","     0.1"," ","R","21","     0.0","X","R","21","     0.0"," ","R","21","     0.0"," ","R","21","     0.0"," ","R","21","     0.0"," ","R","21","     0.0"," ","R","21","     0.0"," ","R","21","     0.0"," ","R","21","     0.1"," ","R","21","     0.0","X","R","21","     0.0"," ","R","21","     0.0"," ","R","21","     0.0"," ","R","21","     0.0"," ","R","21","     0.0"," ","R","21","     0.0"," ","R","21","     0.5"," ","R","21","     0.3"," ","R","21","    16.6"," ","P","21","     6.4"," ","P","21","     2.9"," ","P","21","     0.9"," ","P","21","     0.2"," ","P","21","     0.0"," ","P","21","     0.0"," ","P","21","     0.0"," ","P","21","    0.02"," ","P","21","    0.06"," ","P","21","    0.18"," ","P","21","    0.72"," ","R","17","   10.88"," ","R","17"
"USW00023159","11-28"," 37.7064","-112.1456","2312.2","BRYCE CANYON AP, UT US","11","28","99","    24.7"," ","R","21","    39.5"," ","R","21","    10.0"," ","R","21","    29.5"," ","R","21","     8.6"," ","R","21","     9.3"," ","R","21","    10.0"," ","R","21","     8.6"," ","R","21","    40.3"," ","R","21","    15.3"," ","R","21","    20.2"," ","R","21","    25.3"," ","R","21","    30.3"," ","R","21","    32.3"," ","R","21","    35.3"," ","R","21","     0.0"," ","R","21","     0.1"," ","R","21","     0.0","X","R","21","     0.0"," ","R","21","     0.0"," ","R","21","     0.0"," ","R","21","     0.0"," ","R","21","     0.0"," ","R","21","     0.0"," ","R","21","     0.0"," ","R","21","     0.1"," ","R","21","     0.0","X","R","21","     0.0"," ","R","21","     0.0"," ","R","21","     0.0"," ","R","21","     0.0"," ","R","21","     0.0"," ","R","21","     0.0"," ","R","21","     0.5"," ","R","21","     0.3"," ","R","21","    16.7"," ","P","21","     6.5"," ","P","21","     2.9"," ","P","21","     0.9"," ","P","21","     0.2"," ","P","21","     0.0"," ","P","21","     0.0"," ","P","21","     0.0"," ","P","21","    0.02"," ","P","21","    0.06"," ","P","21","    0.18"," ","P","21","    0.74"," ","R","17","   10.90"," ","R","17"
"USW00023159","11-29"," 37.7064","-112.1456","2312.2","BRYCE CANYON AP, UT US","11","29","99","    24.3"," ","R","21","    39.1"," ","R","21","     9.6"," ","R","21","    29.5"," ","R","21","     8.7"," ","R","21","     9.2"," ","R","21","    10.1"," ","R","21","     8.6"," ","R","21","    40.7"," ","R","21","    15.7"," ","R","21","    20.7"," ","R","21","    25.7"," ","R","21","    30.7"," ","R","21","    32.7"," ","R","21","    35.7"," ","R","21","     0.0"," ","R","21","     0.1"," ","R","21","     0.0","X","R","21","     0.0"," ","R","21","     0.0"," ","R","21","     0.0"," ","R","21","     0.0"," ","R","21","     0.0"," ","R","21","     0.0"," ","R","21","     0.0"," ","R","21","     0.1"," ","R","21","     0.0","X","R","21","     0.0"," ","R","21","     0.0"," ","R","21","     0.0"," ","R","21","     0.0"," ","R","21","     0.0"," ","R","21","     0.0"," ","R","21","     0.4"," ","R","21","     0.3"," ","R","21","    16.9"," ","P","21","     6.6"," ","P","21","     2.9"," ","P","21","     0.9"," ","P","21","     0.2"," ","P","21","     0.0"," ","P","21","     0.0"," ","P","21","     0.0"," ","P","21","    0.02"," ","P","21","    0.06"," ","P","21","    0.18"," ","P","21","    0.76"," ","R","17","   10.92"," ","R","17"
"USW00023159","11-30"," 37.7064","-112.1456","2312.2","BRYCE CANYON AP, UT US","11","30","99","    23.9"," ","R","21","    38.6"," ","R","21","     9.2"," ","R","21","    29.4"," ","R","21","     8.7"," ","R","21","     9.2"," ","R","21","    10.2"," ","R","21","     8.6"," ","R","21","    41.1"," ","R","21","    16.1"," ","R","21","    21.1"," ","R","21","    26.1"," ","R","21","    31.1"," ","R","21","    33.1"," ","R","21","    36.1"," ","R","21","     0.0"," ","R","21","     0.0","X","R","21","     0.0"," ","R","21","     0.0"," ","R","21","     0.0"," ","R","21","     0.0"," ","R","21","     0.0"," ","R","21","     0.0"," ","R","21","     0.0"," ","R","21","     0.0"," ","R","21","     0.0","X","R","21","     0.0"," ","R","21","     0.0"," ","R","21","     0.0"," ","R","21","     0.0"," ","R","21","     0.0"," ","R","21","     0.0"," ","R","21","     0.0"," ","R","21","     0.4"," ","R","21","     0.3"," ","R","21","    17.0"," ","P","21","     6.6"," ","P","21","     2.9"," ","P","21","     0.9"," ","P","21","     0.2"," ","P","21","     0.0"," ","P","21","     0.0"," ","P","21","     0.0"," ","P","21","    0.02"," ","P","21","    0.06"," ","P","21","    0.18"," ","P","21","    0.78"," ","R","17","   10.94"," ","R","17"
"USW00023159","12-01"," 37.7064","-112.1456","2312.2","BRYCE CANYON AP, UT US","12","01","99","    23.5"," ","R","21","    38.2"," ","R","21","     8.8"," ","R","21","    29.4"," ","R","21","     8.8"," ","R","21","     9.2"," ","R","21","    10.3"," ","R","21","     8.6"," ","R","21","    41.5"," ","R","21","    16.5"," ","R","21","    21.5"," ","R","21","    26.5"," ","R","21","    31.5"," ","R","21","    33.5"," ","R","21","    36.5"," ","R","21","     0.0"," ","R","21","     0.0","X","R","21","     0.0"," ","R","21","     0.0"," ","R","21","     0.0"," ","R","21","     0.0"," ","R","21","     0.0"," ","R","21","     0.0"," ","R","21","     0.0"," ","R","21","     0.0"," ","R","21","     0.0","X","R","21","     0.0"," ","R","21","     0.0"," ","R","21","     0.0"," ","R","21","     0.0"," ","R","21","     0.0"," ","R","21","     0.0"," ","R","21","     0.0"," ","R","21","     0.3"," ","R","21","     0.2"," ","R","21","    17.1"," ","P","21","     6.7"," ","P","21","     2.9"," ","P","21","     0.9"," ","P","21","     0.2"," ","P","21","     0.0"," ","P","21","     0.0"," ","P","21","     0.0"," ","P","21","    0.02"," ","P","21","    0.06"," ","P","21","    0.18"," ","P","21","    0.01"," ","R","17","   10.95"," ","R","17"
"USW00023159","12-02"," 37.7064","-112.1456","2312.2","BRYCE CANYON AP, UT US","12","02","99","    23.2"," ","R","21","    37.8"," ","R","21","     8.5"," ","R","21","    29.4"," ","R","21","     8.8"," ","R","21","     9.1"," ","R","21","    10.4"," ","R","21","     8.6"," ","R","21","    41.8"," ","R","21","    16.9"," ","R","21","    21.8"," ","R","21","    26.8"," ","R","21","    31.8"," ","R","21","    33.8"," ","R","21","    36.8"," ","R","21","     0.0"," ","R","21","     0.0","X","R","21","     0.0"," ","R","21","     0.0"," ","R","21","     0.0"," ","R","21","     0.0"," ","R","21","     0.0"," ","R","21","     0.0"," ","R","21","     0.0"," ","R","21","     0.0"," ","R","21","     0.0","X","R","21","     0.0"," ","R","21","     0.0"," ","R","21","     0.0"," ","R","21","     0.0"," ","R","21","     0.0"," ","R","21","     0.0"," ","R","21","     0.0"," ","R","21","     0.3"," ","R","21","     0.2"," ","R","21","    17.3"," ","P","21","     6.8"," ","P","21","     2.9"," ","P","21","     0.9"," ","P","21","     0.2"," ","P","21","     0.0"," ","P","21","     0.0"," ","P","21","     0.0"," ","P","21","    0.02"," ","P","21","    0.06"," ","P","21","    0.18"," ","P","21","    0.03"," ","R","17","   10.97"," ","R","17"
"USW00023159","12-03"," 37.7064","-112.1456","2312.2","BRYCE CANYON AP, UT US","12","03","99","    22.8"," ","R","21","    37.5"," ","R","21","     8.1"," ","R","21","    29.3"," ","R","21","     8.8"," ","R","21","     9.1"," ","R","21","    10.5"," ","R","21","     8.7"," ","R","21","    42.2"," ","R","21","    17.2"," ","R","21","    22.2"," ","R","21","    27.2"," ","R","21","    32.2"," ","R","21","    34.2"," ","R","21","    37.2"," ","R","21","     0.0"," ","R","21","     0.0","X","R","21","     0.0"," ","R","21","     0.0"," ","R","21","     0.0"," ","R","21","     0.0"," ","R","21","     0.0"," ","R","21","     0.0"," ","R","21","     0.0"," ","R","21","     0.0"," ","R","21","     0.0","X","R","21","     0.0"," ","R","21","     0.0"," ","R","21","     0.0"," ","R","21","     0.0"," ","R","21","     0.0"," ","R","21","     0.0"," ","R","21","     0.0"," ","R","21","     0.3"," ","R","21","     0.2"," ","R","21","    17.3"," ","P","21","     6.8"," ","P","21","     2.8"," ","P","21","     0.9"," ","P","21","     0.2"," ","P","21","     0.0"," ","P","21","     0.0"," ","P","21","     0.0"," ","P","21","    0.02"," ","P","21","    0.06"," ","P","21","    0.18"," ","P","21","    0.04"," ","R","17","   10.98"," ","R","17"
"USW00023159","12-04"," 37.7064","-112.1456","2312.2","BRYCE CANYON AP, UT US","12","04","99","    22.4"," ","R","21","    37.1"," ","R","21","     7.8"," ","R","21","    29.3"," ","R","21","     8.8"," ","R","21","     9.1"," ","R","21","    10.6"," ","R","21","     8.7"," ","R","21","    42.6"," ","R","21","    17.6"," ","R","21","    22.5"," ","R","21","    27.5"," ","R","21","    32.5"," ","R","21","    34.5"," ","R","21","    37.6"," ","R","21","     0.0"," ","R","21","     0.0","X","R","21","     0.0"," ","R","21","     0.0"," ","R","21","     0.0"," ","R","21","     0.0"," ","R","21","     0.0"," ","R","21","     0.0"," ","R","21","     0.0"," ","R","21","     0.0"," ","R","21","     0.0","X","R","21","     0.0"," ","R","21","     0.0"," ","R","21","     0.0"," ","R","21","     0.0"," ","R","21","     0.0"," ","R","21","     0.0"," ","R","21","     0.0"," ","R","21","     0.2"," ","R","21","     0.1"," ","R","21","    17.4"," ","P","21","     6.8"," ","P","21","     2.8"," ","P","21","     0.9"," ","P","21","     0.2"," ","P","21","     0.0"," ","P","21","     0.0"," ","P","21","     0.0"," ","P","21","    0.02"," ","P","21","    0.06"," ","P","21","    0.18"," ","P","21","    0.06"," ","R","17","   11.00"," ","R","17"
"USW00023159","12-05"," 37.7064","-112.1456","2312.2","BRYCE CANYON AP, UT US","12","05","99","    22.1"," ","R","21","    36.8"," ","R","21","     7.5"," ","R","21","    29.3"," ","R","21","     8.9"," ","R","21","     9.0"," ","R","21","    10.6"," ","R","21","     8.7"," ","R","21","    42.9"," ","R","21","    17.9"," ","R","21","    22.9"," ","R","21","    27.9"," ","R","21","    32.9"," ","R","21","    34.9"," ","R","21","    37.9"," ","R","21","     0.0"," ","R","21","     0.0","X","R","21","     0.0"," ","R","21","     0.0"," ","R","21","     0.0"," ","R","21","     0.0"," ","R","21","     0.0"," ","R","21","     0.0"," ","R","21","     0.0"," ","R","21","     0.0"," ","R","21","     0.0","X","R","21","     0.0"," ","R","21","     0.0"," ","R","21","     0.0"," ","R","21","     0.0"," ","R","21","     0.0"," ","R","21","     0.0"," ","R","21","     0.0"," ","R","21","     0.2"," ","R","21","     0.1"," ","R","21","    17.5"," ","P","21","     6.9"," ","P","21","     2.7"," ","P","21","     0.8"," ","P","21","     0.2"," ","P","21","     0.0"," ","P","21","     0.0"," ","P","21","     0.0"," ","P","21","    0.02"," ","P","21","    0.06"," ","P","21","    0.18"," ","P","21","    0.08"," ","R","17","   11.02"," ","R","17"
"USW00023159","12-06"," 37.7064","-112.1456","2312.2","BRYCE CANYON AP, UT US","12","06","99","    21.8"," ","R","21","    36.4"," ","R","21","     7.2"," ","R","21","    29.3"," ","R","21","     8.9"," ","R","21","     9.0"," ","R","21","    10.7"," ","R","21","     8.7"," ","R","21","    43.2"," ","R","21","    18.2"," ","R","21","    23.2"," ","R","21","    28.2"," ","R","21","    33.2"," ","R","21","    35.2"," ","R","21","    38.2"," ","R","21","     0.0"," ","R","21","     0.0","X","R","21","     0.0"," ","R","21","     0.0"," ","R","21","     0.0"," ","R","21","     0.0"," ","R","21","     0.0"," ","R","21","     0.0"," ","R","21","     0.0"," ","R","21","     0.0"," ","R","21","     0.0","X","R","21","     0.0"," ","R","21","     0.0"," ","R","21","     0.0"," ","R","21","     0.0"," ","R","21","     0.0"," ","R","21","     0.0"," ","R","21","     0.0"," ","R","21","     0.2"," ","R","21","     0.1"," ","R","21","    17.6"," ","P","21","     6.9"," ","P","21","     2.7"," ","P","21","     0.8"," ","P","21","     0.2"," ","P","21","     0.0"," ","P","21","     0.0"," ","P","21","     0.0"," ","P","21","    0.02"," ","P","21","    0.06"," ","P","21","    0.18"," ","P","21","    0.10"," ","R","17","   11.04"," ","R","17"
"USW00023159","12-07"," 37.7064","-112.1456","2312.2","BRYCE CANYON AP, UT US","12","07","99","    21.5"," ","R","21","    36.1"," ","R","21","     6.9"," ","R","21","    29.3"," ","R","21","     8.9"," ","R","21","     9.0"," ","R","21","    10.8"," ","R","21","     8.7"," ","R","21","    43.5"," ","R","21","    18.5"," ","R","21","    23.5"," ","R","21","    28.5"," ","R","21","    33.5"," ","R","21","    35.5"," ","R","21","    38.5"," ","R","21","     0.0"," ","R","21","     0.0","X","R","21","     0.0"," ","R","21","     0.0"," ","R","21","     0.0"," ","R","21","     0.0"," ","R","21","     0.0"," ","R","21","     0.0"," ","R","21","     0.0"," ","R","21","     0.0"," ","R","21","     0.0","X","R","21","     0.0"," ","R","21","     0.0"," ","R","21","     0.0"," ","R","21","     0.0"," ","R","21","     0.0"," ","R","21","     0.0"," ","R","21","     0.0"," ","R","21","     0.1"," ","R","21","     0.1"," ","R","21","    17.7"," ","P","21","     6.9"," ","P","21","     2.7"," ","P","21","     0.8"," ","P","21","     0.1"," ","P","21","     0.0"," ","P","21","     0.0"," ","P","21","     0.0"," ","P","21","    0.02"," ","P","21","    0.06"," ","P","21","    0.17"," ","P","21","    0.11"," ","R","17","   11.05"," ","R","17"
"USW00023159","12-08"," 37.7064","-112.1456","2312.2","BRYCE CANYON AP, UT US","12","08","99","    21.2"," ","R","21","    35.9"," ","R","21","     6.6"," ","R","21","    29.3"," ","R","21","     9.0"," ","R","21","     9.0"," ","R","21","    10.9"," ","R","21","     8.7"," ","R","21","    43.8"," ","R","21","    18.8"," ","R","21","    23.8"," ","R","21","    28.8"," ","R","21","    33.8"," ","R","21","    35.8"," ","R","21","    38.8"," ","R","21","     0.0"," ","R","21","     0.0","X","R","21","     0.0"," ","R","21","     0.0"," ","R","21","     0.0"," ","R","21","     0.0"," ","R","21","     0.0"," ","R","21","     0.0"," ","R","21","     0.0"," ","R","21","     0.0"," ","R","21","     0.0","X","R","21","     0.0"," ","R","21","     0.0"," ","R","21","     0.0"," ","R","21","     0.0"," ","R","21","     0.0"," ","R","21","     0.0"," ","R","21","     0.0"," ","R","21","     0.1"," ","R","21","     0.1"," ","R","21","    17.8"," ","P","21","     7.0"," ","P","21","     2.7"," ","P","21","     0.8"," ","P","21","     0.1"," ","P","21","     0.0"," ","P","21","     0.0"," ","P","21","     0.0"," ","P","21","    0.02"," ","P","21","    0.06"," ","P","21","    0.17"," ","P","21","    0.13"," ","R","17","   11.07"," ","R","17"
"USW00023159","12-09"," 37.7064","-112.1456","2312.2","BRYCE CANYON AP, UT US","12","09","99","    21.0"," ","R","21","    35.6"," ","R","21","     6.3"," ","R","21","    29.3"," ","R","21","     9.0"," ","R","21","     9.0"," ","R","21","    10.9"," ","R","21","     8.8"," ","R","21","    44.0"," ","R","21","    19.0"," ","R","21","    24.0"," ","R","21","    29.0"," ","R","21","    34.0"," ","R","21","    36.0"," ","R","21","    39.0"," ","R","21","     0.0"," ","R","21","     0.0","X","R","21","     0.0"," ","R","21","     0.0"," ","R","21","     0.0"," ","R","21","     0.0"," ","R","21","     0.0"," ","R","21","     0.0"," ","R","21","     0.0"," ","R","21","     0.0"," ","R","21","     0.0","X","R","21","     0.0"," ","R","21","     0.0"," ","R","21","     0.0"," ","R","21","     0.0"," ","R","21","     0.0"," ","R","21","     0.0"," ","R","21","     0.0"," ","R","21","     0.1"," ","R","21","     0.0","X","R","21","    17.9"," ","P","21","     7.0"," ","P","21","     2.6"," ","P","21","     0.8"," ","P","21","     0.1"," ","P","21","     0.0"," ","P","21","     0.0"," ","P","21","     0.0"," ","P","21","    0.02"," ","P","21","    0.06"," ","P","21","    0.17"," ","P","21","    0.16"," ","R","17","   11.10"," ","R","17"
"USW00023159","12-10"," 37.7064","-112.1456","2312.2","BRYCE CANYON AP, UT US","12","10","99","    20.7"," ","R","21","    35.4"," ","R","21","     6.1"," ","R","21","    29.3"," ","R","21","     9.0"," ","R","21","     8.9"," ","R","21","    11.0"," ","R","21","     8.8"," ","R","21","    44.3"," ","R","21","    19.3"," ","R","21","    24.3"," ","R","21","    29.3"," ","R","21","    34.3"," ","R","21","    36.3"," ","R","21","    39.3"," ","R","21","     0.0"," ","R","21","     0.0","X","R","21","     0.0"," ","R","21","     0.0"," ","R","21","     0.0"," ","R","21","     0.0"," ","R","21","     0.0"," ","R","21","     0.0"," ","R","21","     0.0"," ","R","21","     0.0"," ","R","21","     0.0","X","R","21","     0.0"," ","R","21","     0.0"," ","R","21","     0.0"," ","R","21","     0.0"," ","R","21","     0.0"," ","R","21","     0.0"," ","R","21","     0.0"," ","R","21","     0.1"," ","R","21","     0.0","X","R","21","    18.0"," ","P","21","     7.1"," ","P","21","     2.6"," ","P","21","     0.8"," ","P","21","     0.1"," ","P","21","     0.0"," ","P","21","     0.0"," ","P","21","     0.0"," ","P","21","    0.02"," ","P","21","    0.06"," ","P","21","    0.17"," ","P","21","    0.18"," ","R","17","   11.12"," ","R","17"
"USW00023159","12-11"," 37.7064","-112.1456","2312.2","BRYCE CANYON AP, UT US","12","11","99","    20.5"," ","R","21","    35.1"," ","R","21","     5.9"," ","R","21","    29.3"," ","R","21","     9.0"," ","R","21","     8.9"," ","R","21","    11.0"," ","R","21","     8.8"," ","R","21","    44.5"," ","R","21","    19.5"," ","R","21","    24.5"," ","R","21","    29.5"," ","R","21","    34.5"," ","R","21","    36.5"," ","R","21","    39.5"," ","R","21","     0.0"," ","R","21","     0.0","X","R","21","     0.0"," ","R","21","     0.0"," ","R","21","     0.0"," ","R","21","     0.0"," ","R","21","     0.0"," ","R","21","     0.0"," ","R","21","     0.0"," ","R","21","     0.0"," ","R","21","     0.0","X","R","21","     0.0"," ","R","21","     0.0"," ","R","21","     0.0"," ","R","21","     0.0"," ","R","21","     0.0"," ","R","21","     0.0"," ","R","21","     0.0"," ","R","21","     0.1"," ","R","21","     0.0","X","R","21","    18.2"," ","P","21","     7.2"," ","P","21","     2.6"," ","P","21","     0.8"," ","P","21","     0.1"," ","P","21","     0.0"," ","P","21","     0.0"," ","P","21","     0.0"," ","P","21","    0.02"," ","P","21","    0.06"," ","P","21","    0.17"," ","P","21","    0.20"," ","R","17","   11.14"," ","R","17"
"USW00023159","12-12"," 37.7064","-112.1456","2312.2","BRYCE CANYON AP, UT US","12","12","99","    20.3"," ","R","21","    34.9"," ","R","21","     5.7"," ","R","21","    29.3"," ","R","21","     9.0"," ","R","21","     8.9"," ","R","21","    11.0"," ","R","21","     8.8"," ","R","21","    44.7"," ","R","21","    19.7"," ","R","21","    24.7"," ","R","21","    29.7"," ","R","21","    34.7"," ","R","21","    36.7"," ","R","21","    39.7"," ","R","21","     0.0"," ","R","21","     0.0","X","R","21","     0.0"," ","R","21","     0.0"," ","R","21","     0.0"," ","R","21","     0.0"," ","R","21","     0.0"," ","R","21","     0.0"," ","R","21","     0.0"," ","R","21","     0.0"," ","R","21","     0.0","X","R","21","     0.0"," ","R","21","     0.0"," ","R","21","     0.0"," ","R","21","     0.0"," ","R","21","     0.0"," ","R","21","     0.0"," ","R","21","     0.0"," ","R","21","     0.1"," ","R","21","     0.0","X","R","21","    18.4"," ","P","21","     7.2"," ","P","21","     2.6"," ","P","21","     0.8"," ","P","21","     0.1"," ","P","21","     0.0"," ","P","21","     0.0"," ","P","21","     0.0"," ","P","21","    0.02"," ","P","21","    0.06"," ","P","21","    0.17"," ","P","21","    0.22"," ","R","17","   11.16"," ","R","17"
"USW00023159","12-13"," 37.7064","-112.1456","2312.2","BRYCE CANYON AP, UT US","12","13","99","    20.1"," ","R","21","    34.8"," ","R","21","     5.5"," ","R","21","    29.3"," ","R","21","     9.0"," ","R","21","     8.9"," ","R","21","    11.1"," ","R","21","     8.8"," ","R","21","    44.9"," ","R","21","    19.9"," ","R","21","    24.9"," ","R","21","    29.9"," ","R","21","    34.9"," ","R","21","    36.9"," ","R","21","    39.9"," ","R","21","     0.0"," ","R","21","     0.0","X","R","21","     0.0"," ","R","21","     0.0"," ","R","21","     0.0"," ","R","21","     0.0"," ","R","21","     0.0"," ","R","21","     0.0"," ","R","21","     0.0"," ","R","21","     0.0"," ","R","21","     0.0","X","R","21","     0.0"," ","R","21","     0.0"," ","R","21","     0.0"," ","R","21","     0.0"," ","R","21","     0.0"," ","R","21","     0.0"," ","R","21","     0.0"," ","R","21","     0.1"," ","R","21","     0.0","X","R","21","    18.6"," ","P","21","     7.3"," ","P","21","     2.6"," ","P","21","     0.8"," ","P","21","     0.1"," ","P","21","     0.0"," ","P","21","     0.0"," ","P","21","     0.0"," ","P","21","    0.02"," ","P","21","    0.07"," ","P","21","    0.17"," ","P","21","    0.24"," ","R","17","   11.18"," ","R","17"
"USW00023159","12-14"," 37.7064","-112.1456","2312.2","BRYCE CANYON AP, UT US","12","14","99","    20.0"," ","R","21","    34.6"," ","R","21","     5.3"," ","R","21","    29.3"," ","R","21","     9.0"," ","R","21","     8.9"," ","R","21","    11.1"," ","R","21","     8.9"," ","R","21","    45.0"," ","R","21","    20.0"," ","R","21","    25.0"," ","R","21","    30.0"," ","R","21","    35.0"," ","R","21","    37.0"," ","R","21","    40.0"," ","R","21","     0.0"," ","R","21","     0.0","X","R","21","     0.0"," ","R","21","     0.0"," ","R","21","     0.0"," ","R","21","     0.0"," ","R","21","     0.0"," ","R","21","     0.0"," ","R","21","     0.0"," ","R","21","     0.0"," ","R","21","     0.0","X","R","21","     0.0"," ","R","21","     0.0"," ","R","21","     0.0"," ","R","21","     0.0"," ","R","21","     0.0"," ","R","21","     0.0"," ","R","21","     0.0"," ","R","21","     0.1"," ","R","21","     0.0","X","R","21","    18.8"," ","P","21","     7.4"," ","P","21","     2.6"," ","P","21","     0.8"," ","P","21","     0.1"," ","P","21","     0.0"," ","P","21","     0.0"," ","P","21","     0.0"," ","P","21","    0.02"," ","P","21","    0.07"," ","P","21","    0.17"," ","P","21","    0.26"," ","R","17","   11.20"," ","R","17"
"USW00023159","12-15"," 37.7064","-112.1456","2312.2","BRYCE CANYON AP, UT US","12","15","99","    19.8"," ","R","21","    34.5"," ","R","21","     5.2"," ","R","21","    29.3"," ","R","21","     9.0"," ","R","21","     8.9"," ","R","21","    11.1"," ","R","21","     8.9"," ","R","21","    45.2"," ","R","21","    20.2"," ","R","21","    25.2"," ","R","21","    30.2"," ","R","21","    35.2"," ","R","21","    37.2"," ","R","21","    40.2"," ","R","21","     0.0"," ","R","21","     0.0","X","R","21","     0.0"," ","R","21","     0.0"," ","R","21","     0.0"," ","R","21","     0.0"," ","R","21","     0.0"," ","R","21","     0.0"," ","R","21","     0.0"," ","R","21","     0.0"," ","R","21","     0.0","X","R","21","     0.0"," ","R","21","     0.0"," ","R","21","     0.0"," ","R","21","     0.0"," ","R","21","     0.0"," ","R","21","     0.0"," ","R","21","     0.0"," ","R","21","     0.1"," ","R","21","     0.0","X","R","21","    19.0"," ","P","21","     7.5"," ","P","21","     2.6"," ","P","21","     0.8"," ","P","21","     0.2"," ","P","21","     0.0"," ","P","21","     0.0"," ","P","21","     0.0"," ","P","21","    0.02"," ","P","21","    0.07"," ","P","21","    0.16"," ","P","21","    0.29"," ","R","17","   11.23"," ","R","17"
"USW00023159","12-16"," 37.7064","-112.1456","2312.2","BRYCE CANYON AP, UT US","12","16","99","    19.7"," ","R","21","    34.4"," ","R","21","     5.0"," ","R","21","    29.3"," ","R","21","     9.0"," ","R","21","     8.9"," ","R","21","    11.2"," ","R","21","     9.0"," ","R","21","    45.3"," ","R","21","    20.3"," ","R","21","    25.3"," ","R","21","    30.3"," ","R","21","    35.3"," ","R","21","    37.3"," ","R","21","    40.3"," ","R","21","     0.0"," ","R","21","     0.0","X","R","21","     0.0"," ","R","21","     0.0"," ","R","21","     0.0"," ","R","21","     0.0"," ","R","21","     0.0"," ","R","21","     0.0"," ","R","21","     0.0"," ","R","21","     0.0"," ","R","21","     0.0","X","R","21","     0.0"," ","R","21","     0.0"," ","R","21","     0.0"," ","R","21","     0.0"," ","R","21","     0.0"," ","R","21","     0.0"," ","R","21","     0.0"," ","R","21","     0.1"," ","R","21","     0.0","X","R","21","    19.1"," ","P","21","     7.6"," ","P","21","     2.6"," ","P","21","     0.8"," ","P","21","     0.2"," ","P","21","     0.0"," ","P","21","     0.0"," ","P","21","     0.0"," ","P","21","    0.02"," ","P","21","    0.07"," ","P","21","    0.16"," ","P","21","    0.31"," ","R","17","   11.25"," ","R","17"
"USW00023159","12-17"," 37.7064","-112.1456","2312.2","BRYCE CANYON AP, UT US","12","17","99","    19.6"," ","R","21","    34.3"," ","R","21","     4.9"," ","R","21","    29.3"," ","R","21","     9.0"," ","R","21","     8.9"," ","R","21","    11.2"," ","R","21","     9.0"," ","R","21","    45.4"," ","R","21","    20.4"," ","R","21","    25.4"," ","R","21","    30.4"," ","R","21","    35.4"," ","R","21","    37.4"," ","R","21","    40.4"," ","R","21","     0.0"," ","R","21","     0.0","X","R","21","     0.0"," ","R","21","     0.0"," ","R","21","     0.0"," ","R","21","     0.0"," ","R","21","     0.0"," ","R","21","     0.0"," ","R","21","     0.0"," ","R","21","     0.0"," ","R","21","     0.0","X","R","21","     0.0"," ","R","21","     0.0"," ","R","21","     0.0"," ","R","21","     0.0"," ","R","21","     0.0"," ","R","21","     0.0"," ","R","21","     0.0"," ","R","21","     0.1"," ","R","21","     0.0","X","R","21","    19.2"," ","P","21","     7.7"," ","P","21","     2.6"," ","P","21","     0.8"," ","P","21","     0.2"," ","P","21","     0.0"," ","P","21","     0.0"," ","P","21","     0.0"," ","P","21","    0.02"," ","P","21","    0.07"," ","P","21","    0.16"," ","P","21","    0.33"," ","R","17","   11.27"," ","R","17"
"USW00023159","12-18"," 37.7064","-112.1456","2312.2","BRYCE CANYON AP, UT US","12","18","99","    19.5"," ","R","21","    34.2"," ","R","21","     4.8"," ","R","21","    29.4"," ","R","21","     9.0"," ","R","21","     8.9"," ","R","21","    11.2"," ","R","21","     9.1"," ","R","21","    45.5"," ","R","21","    20.5"," ","R","21","    25.5"," ","R","21","    30.5"," ","R","21","    35.5"," ","R","21","    37.5"," ","R","21","    40.5"," ","R","21","     0.0"," ","R","21","     0.0","X","R","21","     0.0"," ","R","21","     0.0"," ","R","21","     0.0"," ","R","21","     0.0"," ","R","21","     0.0"," ","R","21","     0.0"," ","R","21","     0.0"," ","R","21","     0.0"," ","R","21","     0.0","X","R","21","     0.0"," ","R","21","     0.0"," ","R","21","     0.0"," ","R","21","     0.0"," ","R","21","     0.0"," ","R","21","     0.0"," ","R","21","     0.0"," ","R","21","     0.1"," ","R","21","     0.0","X","R","21","    19.3"," ","P","21","     7.7"," ","P","21","     2.6"," ","P","21","     0.8"," ","P","21","     0.2"," ","P","21","     0.0"," ","P","21","     0.0"," ","P","21","     0.0"," ","P","21","    0.02"," ","P","21","    0.07"," ","P","21","    0.16"," ","P","21","    0.35"," ","R","17","   11.29"," ","R","17"
"USW00023159","12-19"," 37.7064","-112.1456","2312.2","BRYCE CANYON AP, UT US","12","19","99","    19.4"," ","R","21","    34.1"," ","R","21","     4.7"," ","R","21","    29.4"," ","R","21","     9.0"," ","R","21","     8.9"," ","R","21","    11.2"," ","R","21","     9.1"," ","R","21","    45.6"," ","R","21","    20.6"," ","R","21","    25.5"," ","R","21","    30.6"," ","R","21","    35.6"," ","R","21","    37.6"," ","R","21","    40.6"," ","R","21","     0.0"," ","R","21","     0.0","X","R","21","     0.0"," ","R","21","     0.0"," ","R","21","     0.0"," ","R","21","     0.0"," ","R","21","     0.0"," ","R","21","     0.0"," ","R","21","     0.0"," ","R","21","     0.0"," ","R","21","     0.0","X","R","21","     0.0"," ","R","21","     0.0"," ","R","21","     0.0"," ","R","21","     0.0"," ","R","21","     0.0"," ","R","21","     0.0"," ","R","21","     0.0"," ","R","21","     0.1"," ","R","21","     0.0","X","R","21","    19.4"," ","P","21","     7.8"," ","P","21","     2.6"," ","P","21","     0.7"," ","P","21","     0.2"," ","P","21","     0.0"," ","P","21","     0.0"," ","P","21","     0.0"," ","P","21","    0.02"," ","P","21","    0.07"," ","P","21","    0.16"," ","P","21","    0.37"," ","R","17","   11.31"," ","R","17"
"USW00023159","12-20"," 37.7064","-112.1456","2312.2","BRYCE CANYON AP, UT US","12","20","99","    19.4"," ","R","21","    34.1"," ","R","21","     4.7"," ","R","21","    29.4"," ","R","21","     9.0"," ","R","21","     8.9"," ","R","21","    11.2"," ","R","21","     9.2"," ","R","21","    45.6"," ","R","21","    20.6"," ","R","21","    25.6"," ","R","21","    30.6"," ","R","21","    35.6"," ","R","21","    37.6"," ","R","21","    40.6"," ","R","21","     0.0"," ","R","21","     0.0","X","R","21","     0.0"," ","R","21","     0.0"," ","R","21","     0.0"," ","R","21","     0.0"," ","R","21","     0.0"," ","R","21","     0.0"," ","R","21","     0.0"," ","R","21","     0.0"," ","R","21","     0.0","X","R","21","     0.0"," ","R","21","     0.0"," ","R","21","     0.0"," ","R","21","     0.0"," ","R","21","     0.0"," ","R","21","     0.0"," ","R","21","     0.0"," ","R","21","     0.1"," ","R","21","     0.0","X","R","21","    19.4"," ","P","21","     7.8"," ","P","21","     2.6"," ","P","21","     0.8"," ","P","21","     0.2"," ","P","21","     0.0"," ","P","21","     0.0"," ","P","21","     0.0"," ","P","21","    0.02"," ","P","21","    0.07"," ","P","21","    0.16"," ","P","21","    0.39"," ","R","17","   11.33"," ","R","17"
"USW00023159","12-21"," 37.7064","-112.1456","2312.2","BRYCE CANYON AP, UT US","12","21","99","    19.4"," ","R","21","    34.1"," ","R","21","     4.6"," ","R","21","    29.4"," ","R","21","     9.0"," ","R","21","     8.9"," ","R","21","    11.2"," ","R","21","     9.2"," ","R","21","    45.6"," ","R","21","    20.6"," ","R","21","    25.6"," ","R","21","    30.6"," ","R","21","    35.6"," ","R","21","    37.6"," ","R","21","    40.6"," ","R","21","     0.0"," ","R","21","     0.0","X","R","21","     0.0"," ","R","21","     0.0"," ","R","21","     0.0"," ","R","21","     0.0"," ","R","21","     0.0"," ","R","21","     0.0"," ","R","21","     0.0"," ","R","21","     0.0"," ","R","21","     0.0","X","R","21","     0.0"," ","R","21","     0.0"," ","R","21","     0.0"," ","R","21","     0.0"," ","R","21","     0.0"," ","R","21","     0.0"," ","R","21","     0.0"," ","R","21","     0.1"," ","R","21","     0.0","X","R","21","    19.4"," ","P","21","     7.8"," ","P","21","     2.6"," ","P","21","     0.7"," ","P","21","     0.2"," ","P","21","     0.0"," ","P","21","     0.0"," ","P","21","     0.0"," ","P","21","    0.02"," ","P","21","    0.07"," ","P","21","    0.16"," ","P","21","    0.41"," ","R","17","   11.35"," ","R","17"
"USW00023159","12-22"," 37.7064","-112.1456","2312.2","BRYCE CANYON AP, UT US","12","22","99","    19.3"," ","R","21","    34.1"," ","R","21","     4.6"," ","R","21","    29.5"," ","R","21","     9.0"," ","R","21","     8.9"," ","R","21","    11.2"," ","R","21","     9.3"," ","R","21","    45.7"," ","R","21","    20.7"," ","R","21","    25.7"," ","R","21","    30.7"," ","R","21","    35.7"," ","R","21","    37.7"," ","R","21","    40.7"," ","R","21","     0.0"," ","R","21","     0.0","X","R","21","     0.0"," ","R","21","     0.0"," ","R","21","     0.0"," ","R","21","     0.0"," ","R","21","     0.0"," ","R","21","     0.0"," ","R","21","     0.0"," ","R","21","     0.0"," ","R","21","     0.0","X","R","21","     0.0"," ","R","21","     0.0"," ","R","21","     0.0"," ","R","21","     0.0"," ","R","21","     0.0"," ","R","21","     0.0"," ","R","21","     0.0"," ","R","21","     0.1"," ","R","21","     0.1"," ","R","21","    19.4"," ","P","21","     7.9"," ","P","21","     2.6"," ","P","21","     0.7"," ","P","21","     0.2"," ","P","21","     0.0"," ","P","21","     0.0"," ","P","21","     0.0"," ","P","21","    0.02"," ","P","21","    0.07"," ","P","21","    0.16"," ","P","21","    0.43"," ","R","17","   11.37"," ","R","17"
"USW00023159","12-23"," 37.7064","-112.1456","2312.2","BRYCE CANYON AP, UT US","12","23","99","    19.3"," ","R","21","    34.1"," ","R","21","     4.6"," ","R","21","    29.5"," ","R","21","     9.0"," ","R","21","     8.8"," ","R","21","    11.2"," ","R","21","     9.3"," ","R","21","    45.7"," ","R","21","    20.7"," ","R","21","    25.7"," ","R","21","    30.7"," ","R","21","    35.7"," ","R","21","    37.7"," ","R","21","    40.7"," ","R","21","     0.0"," ","R","21","     0.0","X","R","21","     0.0"," ","R","21","     0.0"," ","R","21","     0.0"," ","R","21","     0.0"," ","R","21","     0.0"," ","R","21","     0.0"," ","R","21","     0.0"," ","R","21","     0.0"," ","R","21","     0.0","X","R","21","     0.0"," ","R","21","     0.0"," ","R","21","     0.0"," ","R","21","     0.0"," ","R","21","     0.0"," ","R","21","     0.0"," ","R","21","     0.0"," ","R","21","     0.1"," ","R","21","     0.1"," ","R","21","    19.3"," ","P","21","     7.9"," ","P","21","     2.6"," ","P","21","     0.7"," ","P","21","     0.2"," ","P","21","     0.0"," ","P","21","     0.0"," ","P","21","     0.0"," ","P","21","    0.02"," ","P","21","    0.07"," ","P","21","    0.16"," ","P","21","    0.46"," ","R","17","   11.40"," ","R","17"
"USW00023159","12-24"," 37.7064","-112.1456","2312.2","BRYCE CANYON AP, UT US","12","24","99","    19.3"," ","R","21","    34.1"," ","R","21","     4.6"," ","R","21","    29.5"," ","R","21","     9.0"," ","R","21","     8.8"," ","R","21","    11.2"," ","R","21","     9.4"," ","R","21","    45.7"," ","R","21","    20.7"," ","R","21","    25.7"," ","R","21","    30.7"," ","R","21","    35.7"," ","R","21","    37.7"," ","R","21","    40.7"," ","R","21","     0.0"," ","R","21","     0.0","X","R","21","     0.0"," ","R","21","     0.0"," ","R","21","     0.0"," ","R","21","     0.0"," ","R","21","     0.0"," ","R","21","     0.0"," ","R","21","     0.0"," ","R","21","     0.0"," ","R","21","     0.0","X","R","21","     0.0"," ","R","21","     0.0"," ","R","21","     0.0"," ","R","21","     0.0"," ","R","21","     0.0"," ","R","21","     0.0"," ","R","21","     0.0"," ","R","21","     0.2"," ","R","21","     0.1"," ","R","21","    19.3"," ","P","21","     7.9"," ","P","21","     2.6"," ","P","21","     0.7"," ","P","21","     0.2"," ","P","21","     0.0"," ","P","21","     0.0"," ","P","21","     0.0"," ","P","21","    0.02"," ","P","21","    0.07"," ","P","21","    0.15"," ","P","21","    0.48"," ","R","17","   11.42"," ","R","17"
"USW00023159","12-25"," 37.7064","-112.1456","2312.2","BRYCE CANYON AP, UT US","12","25","99","    19.4"," ","R","21","    34.1"," ","R","21","     4.6"," ","R","21","    29.5"," ","R","21","     9.0"," ","R","21","     8.8"," ","R","21","    11.3"," ","R","21","     9.4"," ","R","21","    45.6"," ","R","21","    20.6"," ","R","21","    25.6"," ","R","21","    30.6"," ","R","21","    35.6"," ","R","21","    37.6"," ","R","21","    40.6"," ","R","21","     0.0"," ","R","21","     0.0","X","R","21","     0.0"," ","R","21","     0.0"," ","R","21","     0.0"," ","R","21","     0.0"," ","R","21","     0.0"," ","R","21","     0.0"," ","R","21","     0.0"," ","R","21","     0.0"," ","R","21","     0.0","X","R","21","     0.0"," ","R","21","     0.0"," ","R","21","     0.0"," ","R","21","     0.0"," ","R","21","     0.0"," ","R","21","     0.0"," ","R","21","     0.0"," ","R","21","     0.2"," ","R","21","     0.1"," ","R","21","    19.2"," ","P","21","     7.8"," ","P","21","     2.6"," ","P","21","     0.7"," ","P","21","     0.2"," ","P","21","     0.0"," ","P","21","     0.0"," ","P","21","     0.0"," ","P","21","    0.02"," ","P","21","    0.07"," ","P","21","    0.15"," ","P","21","    0.50"," ","R","17","   11.44"," ","R","17"
"USW00023159","12-26"," 37.7064","-112.1456","2312.2","BRYCE CANYON AP, UT US","12","26","99","    19.4"," ","R","21","    34.2"," ","R","21","     4.6"," ","R","21","    29.6"," ","R","21","     9.0"," ","R","21","     8.8"," ","R","21","    11.3"," ","R","21","     9.5"," ","R","21","    45.6"," ","R","21","    20.6"," ","R","21","    25.6"," ","R","21","    30.6"," ","R","21","    35.6"," ","R","21","    37.6"," ","R","21","    40.6"," ","R","21","     0.0"," ","R","21","     0.0","X","R","21","     0.0"," ","R","21","     0.0"," ","R","21","     0.0"," ","R","21","     0.0"," ","R","21","     0.0"," ","R","21","     0.0"," ","R","21","     0.0"," ","R","21","     0.0"," ","R","21","     0.0","X","R","21","     0.0"," ","R","21","     0.0"," ","R","21","     0.0"," ","R","21","     0.0"," ","R","21","     0.0"," ","R","21","     0.0"," ","R","21","     0.0"," ","R","21","     0.2"," ","R","21","     0.1"," ","R","21","    19.1"," ","P","21","     7.8"," ","P","21","     2.6"," ","P","21","     0.7"," ","P","21","     0.1"," ","P","21","     0.0"," ","P","21","     0.0"," ","P","21","     0.0"," ","P","21","    0.03"," ","P","21","    0.08"," ","P","21","    0.15"," ","P","21","    0.52"," ","R","17","   11.46"," ","R","17"
"USW00023159","12-27"," 37.7064","-112.1456","2312.2","BRYCE CANYON AP, UT US","12","27","99","    19.4"," ","R","21","    34.2"," ","R","21","     4.6"," ","R","21","    29.6"," ","R","21","     9.0"," ","R","21","     8.8"," ","R","21","    11.3"," ","R","21","     9.5"," ","R","21","    45.6"," ","R","21","    20.6"," ","R","21","    25.6"," ","R","21","    30.6"," ","R","21","    35.6"," ","R","21","    37.6"," ","R","21","    40.6"," ","R","21","     0.0"," ","R","21","     0.0","X","R","21","     0.0"," ","R","21","     0.0"," ","R","21","     0.0"," ","R","21","     0.0"," ","R","21","     0.0"," ","R","21","     0.0"," ","R","21","     0.0"," ","R","21","     0.0"," ","R","21","     0.0","X","R","21","     0.0"," ","R","21","     0.0"," ","R","21","     0.0"," ","R","21","     0.0"," ","R","21","     0.0"," ","R","21","     0.0"," ","R","21","     0.0"," ","R","21","     0.2"," ","R","21","     0.1"," ","R","21","    19.0"," ","P","20","     7.7"," ","P","20","     2.6"," ","P","20","     0.7"," ","P","20","     0.1"," ","P","20","     0.0"," ","P","20","     0.0"," ","P","20","     0.0"," ","P","20","    0.03"," ","P","20","    0.08"," ","P","20","    0.15"," ","P","20","    0.55"," ","R","17","   11.49"," ","R","17"
"USW00023159","12-28"," 37.7064","-112.1456","2312.2","BRYCE CANYON AP, UT US","12","28","99","    19.5"," ","R","21","    34.3"," ","R","21","     4.7"," ","R","21","    29.6"," ","R","21","     9.0"," ","R","21","     8.8"," ","R","21","    11.4"," ","R","21","     9.5"," ","R","21","    45.5"," ","R","21","    20.5"," ","R","21","    25.5"," ","R","21","    30.5"," ","R","21","    35.5"," ","R","21","    37.5"," ","R","21","    40.5"," ","R","21","     0.0"," ","R","21","     0.0","X","R","21","     0.0"," ","R","21","     0.0"," ","R","21","     0.0"," ","R","21","     0.0"," ","R","21","     0.0"," ","R","21","     0.0"," ","R","21","     0.0"," ","R","21","     0.0"," ","R","21","     0.0","X","R","21","     0.0"," ","R","21","     0.0"," ","R","21","     0.0"," ","R","21","     0.0"," ","R","21","     0.0"," ","R","21","     0.0"," ","R","21","     0.0"," ","R","21","     0.2"," ","R","21","     0.1"," ","R","21","    18.9"," ","P","20","     7.7"," ","P","20","     2.6"," ","P","20","     0.7"," ","P","20","     0.1"," ","P","20","     0.0"," ","P","20","     0.0"," ","P","20","     0.0"," ","P","20","    0.03"," ","P","20","    0.08"," ","P","20","    0.15"," ","P","20","    0.57"," ","R","17","   11.51"," ","R","17"
"USW00023159","12-29"," 37.7064","-112.1456","2312.2","BRYCE CANYON AP, UT US","12","29","99","    19.5"," ","R","21","    34.4"," ","R","21","     4.7"," ","R","21","    29.6"," ","R","21","     9.0"," ","R","21","     8.8"," ","R","21","    11.4"," ","R","21","     9.5"," ","R","21","    45.5"," ","R","21","    20.5"," ","R","21","    25.5"," ","R","21","    30.5"," ","R","21","    35.5"," ","R","21","    37.5"," ","R","21","    40.5"," ","R","21","     0.0"," ","R","21","     0.0","X","R","21","     0.0"," ","R","21","     0.0"," ","R","21","     0.0"," ","R","21","     0.0"," ","R","21","     0.0"," ","R","21","     0.0"," ","R","21","     0.0"," ","R","21","     0.0"," ","R","21","     0.0","X","R","21","     0.0"," ","R","21","     0.0"," ","R","21","     0.0"," ","R","21","     0.0"," ","R","21","     0.0"," ","R","21","     0.0"," ","R","21","     0.0"," ","R","21","     0.2"," ","R","21","     0.1"," ","R","21","    18.8"," ","P","20","     7.7"," ","P","20","     2.6"," ","P","20","     0.7"," ","P","20","     0.1"," ","P","20","     0.0"," ","P","20","     0.0"," ","P","20","     0.0"," ","P","20","    0.03"," ","P","20","    0.08"," ","P","20","    0.15"," ","P","20","    0.59"," ","R","17","   11.53"," ","R","17"
"USW00023159","12-30"," 37.7064","-112.1456","2312.2","BRYCE CANYON AP, UT US","12","30","99","    19.6"," ","R","21","    34.4"," ","R","21","     4.8"," ","R","21","    29.7"," ","R","21","     9.0"," ","R","21","     8.8"," ","R","21","    11.4"," ","R","21","     9.5"," ","R","21","    45.4"," ","R","21","    20.4"," ","R","21","    25.4"," ","R","21","    30.4"," ","R","21","    35.4"," ","R","21","    37.4"," ","R","21","    40.4"," ","R","21","     0.0"," ","R","21","     0.0","X","R","21","     0.0"," ","R","21","     0.0"," ","R","21","     0.0"," ","R","21","     0.0"," ","R","21","     0.0"," ","R","21","     0.0"," ","R","21","     0.0"," ","R","21","     0.0"," ","R","21","     0.0","X","R","21","     0.0"," ","R","21","     0.0"," ","R","21","     0.0"," ","R","21","     0.0"," ","R","21","     0.0"," ","R","21","     0.0"," ","R","21","     0.0"," ","R","21","     0.2"," ","R","21","     0.1"," ","R","21","    18.7"," ","P","20","     7.7"," ","P","20","     2.6"," ","P","20","     0.7"," ","P","20","     0.1"," ","P","20","     0.0"," ","P","20","     0.0"," ","P","20","     0.0"," ","P","20","    0.03"," ","P","20","    0.08"," ","P","20","    0.15"," ","P","20","    0.62"," ","R","17","   11.56"," ","R","17"
"USW00023159","12-31"," 37.7064","-112.1456","2312.2","BRYCE CANYON AP, UT US","12","31","99","    19.7"," ","R","21","    34.5"," ","R","21","     4.8"," ","R","21","    29.7"," ","R","21","     9.0"," ","R","21","     8.8"," ","R","21","    11.4"," ","R","21","     9.5"," ","R","21","    45.3"," ","R","21","    20.3"," ","R","21","    25.3"," ","R","21","    30.3"," ","R","21","    35.3"," ","R","21","    37.3"," ","R","21","    40.3"," ","R","21","     0.0"," ","R","21","     0.0","X","R","21","     0.0"," ","R","21","     0.0"," ","R","21","     0.0"," ","R","21","     0.0"," ","R","21","     0.0"," ","R","21","     0.0"," ","R","21","     0.0"," ","R","21","     0.0"," ","R","21","     0.0","X","R","21","     0.0"," ","R","21","     0.0"," ","R","21","     0.0"," ","R","21","     0.0"," ","R","21","     0.0"," ","R","21","     0.0"," ","R","21","     0.0"," ","R","21","     0.2"," ","R","21","     0.1"," ","R","21","    18.7"," ","P","20","     7.6"," ","P","20","     2.6"," ","P","20","     0.7"," ","P","20","     0.1"," ","P","20","     0.0"," ","P","20","     0.0"," ","P","20","     0.0"," ","P","20","    0.03"," ","P","20","    0.08"," ","P","20","    0.15"," ","P","20","    0.64"," ","R","17","   11.58"," ","R","17"
