"STATION","DATE","LATITUDE","LONGITUDE","ELEVATION","NAME","month","day","hour","DLY-TAVG-NORMAL","meas_flag_DLY-TAVG-NORMAL","comp_flag_DLY-TAVG-NORMAL","years_DLY-TAVG-NORMAL","DLY-TMAX-NORMAL","meas_flag_DLY-TMAX-NORMAL","comp_flag_DLY-TMAX-NORMAL","years_DLY-TMAX-NORMAL","DLY-TMIN-NORMAL","meas_flag_DLY-TMIN-NORMAL","comp_flag_DLY-TMIN-NORMAL","years_DLY-TMIN-NORMAL","DLY-DUTR-NORMAL","meas_flag_DLY-DUTR-NORMAL","comp_flag_DLY-DUTR-NORMAL","years_DLY-DUTR-NORMAL","DLY-TAVG-STDDEV","meas_flag_DLY-TAVG-STDDEV","comp_flag_DLY-TAVG-STDDEV","years_DLY-TAVG-STDDEV","DLY-TMAX-STDDEV","meas_flag_DLY-TMAX-STDDEV","comp_flag_DLY-TMAX-STDDEV","years_DLY-TMAX-STDDEV","DLY-TMIN-STDDEV","meas_flag_DLY-TMIN-STDDEV","comp_flag_DLY-TMIN-STDDEV","years_DLY-TMIN-STDDEV","DLY-DUTR-STDDEV","meas_flag_DLY-DUTR-STDDEV","comp_flag_DLY-DUTR-STDDEV","years_DLY-DUTR-STDDEV","DLY-HTDD-NORMAL","meas_flag_DLY-HTDD-NORMAL","comp_flag_DLY-HTDD-NORMAL","years_DLY-HTDD-NORMAL","DLY-HTDD-BASE40","meas_flag_DLY-HTDD-BASE40","comp_flag_DLY-HTDD-BASE40","years_DLY-HTDD-BASE40","DLY-HTDD-BASE45","meas_flag_DLY-HTDD-BASE45","comp_flag_DLY-HTDD-BASE45","years_DLY-HTDD-BASE45","DLY-HTDD-BASE50","meas_flag_DLY-HTDD-BASE50","comp_flag_DLY-HTDD-BASE50","years_DLY-HTDD-BASE50","DLY-HTDD-BASE55","meas_flag_DLY-HTDD-BASE55","comp_flag_DLY-HTDD-BASE55","years_DLY-HTDD-BASE55","DLY-HTDD-BASE57","meas_flag_DLY-HTDD-BASE57","comp_flag_DLY-HTDD-BASE57","years_DLY-HTDD-BASE57","DLY-HTDD-BASE60","meas_flag_DLY-HTDD-BASE60","comp_flag_DLY-HTDD-BASE60","years_DLY-HTDD-BASE60","DLY-CLDD-NORMAL","meas_flag_DLY-CLDD-NORMAL","comp_flag_DLY-CLDD-NORMAL","years_DLY-CLDD-NORMAL","DLY-CLDD-BASE40","meas_flag_DLY-CLDD-BASE40","comp_flag_DLY-CLDD-BASE40","years_DLY-CLDD-BASE40","DLY-CLDD-BASE45","meas_flag_DLY-CLDD-BASE45","comp_flag_DLY-CLDD-BASE45","years_DLY-CLDD-BASE45","DLY-CLDD-BASE50","meas_flag_DLY-CLDD-BASE50","comp_flag_DLY-CLDD-BASE50","years_DLY-CLDD-BASE50","DLY-CLDD-BASE55","meas_flag_DLY-CLDD-BASE55","comp_flag_DLY-CLDD-BASE55","years_DLY-CLDD-BASE55","DLY-CLDD-BASE57","meas_flag_DLY-CLDD-BASE57","comp_flag_DLY-CLDD-BASE57","years_DLY-CLDD-BASE57","DLY-CLDD-BASE60","meas_flag_DLY-CLDD-BASE60","comp_flag_DLY-CLDD-BASE60","years_DLY-CLDD-BASE60","DLY-CLDD-BASE70","meas_flag_DLY-CLDD-BASE70","comp_flag_DLY-CLDD-BASE70","years_DLY-CLDD-BASE70","DLY-CLDD-BASE72","meas_flag_DLY-CLDD-BASE72","comp_flag_DLY-CLDD-BASE72","years_DLY-CLDD-BASE72","DLY-GRDD-BASE65","meas_flag_DLY-GRDD-BASE65","comp_flag_DLY-GRDD-BASE65","years_DLY-GRDD-BASE65","DLY-GRDD-BASE40","meas_flag_DLY-GRDD-BASE40","comp_flag_DLY-GRDD-BASE40","years_DLY-GRDD-BASE40","DLY-GRDD-BASE45","meas_flag_DLY-GRDD-BASE45","comp_flag_DLY-GRDD-BASE45","years_DLY-GRDD-BASE45","DLY-GRDD-BASE50","meas_flag_DLY-GRDD-BASE50","comp_flag_DLY-GRDD-BASE50","years_DLY-GRDD-BASE50","DLY-GRDD-BASE55","meas_flag_DLY-GRDD-BASE55","comp_flag_DLY-GRDD-BASE55","years_DLY-GRDD-BASE55","DLY-GRDD-BASE57","meas_flag_DLY-GRDD-BASE57","comp_flag_DLY-GRDD-BASE57","years_DLY-GRDD-BASE57","DLY-GRDD-BASE60","meas_flag_DLY-GRDD-BASE60","comp_flag_DLY-GRDD-BASE60","years_DLY-GRDD-BASE60","DLY-GRDD-BASE70","meas_flag_DLY-GRDD-BASE70","comp_flag_DLY-GRDD-BASE70","years_DLY-GRDD-BASE70","DLY-GRDD-BASE72","meas_flag_DLY-GRDD-BASE72","comp_flag_DLY-GRDD-BASE72","years_DLY-GRDD-BASE72","DLY-GRDD-TB4886","meas_flag_DLY-GRDD-TB4886","comp_flag_DLY-GRDD-TB4886","years_DLY-GRDD-TB4886","DLY-GRDD-TB5086","meas_flag_DLY-GRDD-TB5086","comp_flag_DLY-GRDD-TB5086","years_DLY-GRDD-TB5086","DLY-PRCP-PCTALL-GE001HI","meas_flag_DLY-PRCP-PCTALL-GE001HI","comp_flag_DLY-PRCP-PCTALL-GE001HI","years_DLY-PRCP-PCTALL-GE001HI","DLY-PRCP-PCTALL-GE010HI","meas_flag_DLY-PRCP-PCTALL-GE010HI","comp_flag_DLY-PRCP-PCTALL-GE010HI","years_DLY-PRCP-PCTALL-GE010HI","DLY-PRCP-PCTALL-GE025HI","meas_flag_DLY-PRCP-PCTALL-GE025HI","comp_flag_DLY-PRCP-PCTALL-GE025HI","years_DLY-PRCP-PCTALL-GE025HI","DLY-PRCP-PCTALL-GE050HI","meas_flag_DLY-PRCP-PCTALL-GE050HI","comp_flag_DLY-PRCP-PCTALL-GE050HI","years_DLY-PRCP-PCTALL-GE050HI","DLY-PRCP-PCTALL-GE100HI","meas_flag_DLY-PRCP-PCTALL-GE100HI","comp_flag_DLY-PRCP-PCTALL-GE100HI","years_DLY-PRCP-PCTALL-GE100HI","DLY-PRCP-PCTALL-GE200HI","meas_flag_DLY-PRCP-PCTALL-GE200HI","comp_flag_DLY-PRCP-PCTALL-GE200HI","years_DLY-PRCP-PCTALL-GE200HI","DLY-PRCP-PCTALL-GE400HI","meas_flag_DLY-PRCP-PCTALL-GE400HI","comp_flag_DLY-PRCP-PCTALL-GE400HI","years_DLY-PRCP-PCTALL-GE400HI","DLY-PRCP-PCTALL-GE600HI","meas_flag_DLY-PRCP-PCTALL-GE600HI","comp_flag_DLY-PRCP-PCTALL-GE600HI","years_DLY-PRCP-PCTALL-GE600HI","DLY-PRCP-25PCTL","meas_flag_DLY-PRCP-25PCTL","comp_flag_DLY-PRCP-25PCTL","years_DLY-PRCP-25PCTL","DLY-PRCP-50PCTL","meas_flag_DLY-PRCP-50PCTL","comp_flag_DLY-PRCP-50PCTL","years_DLY-PRCP-50PCTL","DLY-PRCP-75PCTL","meas_flag_DLY-PRCP-75PCTL","comp_flag_DLY-PRCP-75PCTL","years_DLY-PRCP-75PCTL","MTD-PRCP-NORMAL","meas_flag_MTD-PRCP-NORMAL","comp_flag_MTD-PRCP-NORMAL","years_MTD-PRCP-NORMAL","YTD-PRCP-NORMAL","meas_flag_YTD-PRCP-NORMAL","comp_flag_YTD-PRCP-NORMAL","years_YTD-PRCP-NORMAL","DLY-SNOW-PCTALL-GE001TI","meas_flag_DLY-SNOW-PCTALL-GE001TI","comp_flag_DLY-SNOW-PCTALL-GE001TI","years_DLY-SNOW-PCTALL-GE001TI","DLY-SNOW-PCTALL-GE010TI","meas_flag_DLY-SNOW-PCTALL-GE010TI","comp_flag_DLY-SNOW-PCTALL-GE010TI","years_DLY-SNOW-PCTALL-GE010TI","DLY-SNOW-PCTALL-GE020TI","meas_flag_DLY-SNOW-PCTALL-GE020TI","comp_flag_DLY-SNOW-PCTALL-GE020TI","years_DLY-SNOW-PCTALL-GE020TI","DLY-SNOW-PCTALL-GE030TI","meas_flag_DLY-SNOW-PCTALL-GE030TI","comp_flag_DLY-SNOW-PCTALL-GE030TI","years_DLY-SNOW-PCTALL-GE030TI","DLY-SNOW-PCTALL-GE040TI","meas_flag_DLY-SNOW-PCTALL-GE040TI","comp_flag_DLY-SNOW-PCTALL-GE040TI","years_DLY-SNOW-PCTALL-GE040TI","DLY-SNOW-PCTALL-GE050TI","meas_flag_DLY-SNOW-PCTALL-GE050TI","comp_flag_DLY-SNOW-PCTALL-GE050TI","years_DLY-SNOW-PCTALL-GE050TI","DLY-SNOW-PCTALL-GE100TI","meas_flag_DLY-SNOW-PCTALL-GE100TI","comp_flag_DLY-SNOW-PCTALL-GE100TI","years_DLY-SNOW-PCTALL-GE100TI","DLY-SNOW-PCTALL-GE200TI","meas_flag_DLY-SNOW-PCTALL-GE200TI","comp_flag_DLY-SNOW-PCTALL-GE200TI","years_DLY-SNOW-PCTALL-GE200TI","DLY-SNOW-25PCTL","meas_flag_DLY-SNOW-25PCTL","comp_flag_DLY-SNOW-25PCTL","years_DLY-SNOW-25PCTL","DLY-SNOW-50PCTL","meas_flag_DLY-SNOW-50PCTL","comp_flag_DLY-SNOW-50PCTL","years_DLY-SNOW-50PCTL","DLY-SNOW-75PCTL","meas_flag_DLY-SNOW-75PCTL","comp_flag_DLY-SNOW-75PCTL","years_DLY-SNOW-75PCTL","MTD-SNOW-NORMAL","meas_flag_MTD-SNOW-NORMAL","comp_flag_MTD-SNOW-NORMAL","years_MTD-SNOW-NORMAL","YTD-SNOW-NORMAL","meas_flag_YTD-SNOW-NORMAL","comp_flag_YTD-SNOW-NORMAL","years_YTD-SNOW-NORMAL","DLY-SNWD-PCTALL-GE001WI","meas_flag_DLY-SNWD-PCTALL-GE001WI","comp_flag_DLY-SNWD-PCTALL-GE001WI","years_DLY-SNWD-PCTALL-GE001WI","DLY-SNWD-PCTALL-GE002WI","meas_flag_DLY-SNWD-PCTALL-GE002WI","comp_flag_DLY-SNWD-PCTALL-GE002WI","years_DLY-SNWD-PCTALL-GE002WI","DLY-SNWD-PCTALL-GE003WI","meas_flag_DLY-SNWD-PCTALL-GE003WI","comp_flag_DLY-SNWD-PCTALL-GE003WI","years_DLY-SNWD-PCTALL-GE003WI","DLY-SNWD-PCTALL-GE004WI","meas_flag_DLY-SNWD-PCTALL-GE004WI","comp_flag_DLY-SNWD-PCTALL-GE004WI","years_DLY-SNWD-PCTALL-GE004WI","DLY-SNWD-PCTALL-GE005WI","meas_flag_DLY-SNWD-PCTALL-GE005WI","comp_flag_DLY-SNWD-PCTALL-GE005WI","years_DLY-SNWD-PCTALL-GE005WI","DLY-SNWD-PCTALL-GE010WI","meas_flag_DLY-SNWD-PCTALL-GE010WI","comp_flag_DLY-SNWD-PCTALL-GE010WI","years_DLY-SNWD-PCTALL-GE010WI","DLY-SNWD-PCTALL-GE020WI","meas_flag_DLY-SNWD-PCTALL-GE020WI","comp_flag_DLY-SNWD-PCTALL-GE020WI","years_DLY-SNWD-PCTALL-GE020WI","DLY-SNWD-25PCTL","meas_flag_DLY-SNWD-25PCTL","comp_flag_DLY-SNWD-25PCTL","years_DLY-SNWD-25PCTL","DLY-SNWD-50PCTL","meas_flag_DLY-SNWD-50PCTL","comp_flag_DLY-SNWD-50PCTL","years_DLY-SNWD-50PCTL","DLY-SNWD-75PCTL","meas_flag_DLY-SNWD-75PCTL","comp_flag_DLY-SNWD-75PCTL","years_DLY-SNWD-75PCTL"
"USC00424508","01-01"," 37.0286","-112.5361","1493.5","KANAB, UT US","01","01","99","    35.7"," ","S","26","    47.4"," ","S","30","    24.0"," ","S","26","    23.4"," ","S","26","     6.3"," ","S","26","     7.9"," ","S","30","     7.5"," ","S","26","     8.9"," ","S","26","    29.3"," ","S","26","     5.1"," ","S","26","     9.3"," ","S","26","    14.3"," ","S","26","    19.3"," ","S","26","    21.3"," ","S","26","    24.3"," ","S","26","     0.0"," ","S","26","     0.9"," ","S","26","     0.1"," ","S","26","     0.0"," ","S","26","     0.0"," ","S","26","     0.0"," ","S","26","     0.0"," ","S","26","     0.0"," ","S","26","     0.0"," ","S","26","     0.0"," ","S","26","     0.9"," ","S","26","     0.1"," ","S","26","     0.0"," ","S","26","     0.0"," ","S","26","     0.0"," ","S","26","     0.0"," ","S","26","     0.0"," ","S","26","     0.0"," ","S","26","     1.6"," ","S","26","     1.2"," ","S","26","    19.3"," ","S","30","    13.2"," ","S","30","     7.0"," ","S","30","     3.0"," ","S","30","     0.7"," ","S","30","     0.0"," ","S","30","     0.0"," ","S","30","     0.0"," ","S","30","    0.06"," ","S","30","    0.17"," ","S","30","    0.36"," ","S","30","    0.05"," ","S","27","    0.05"," ","S","27","     7.6"," ","S","27","     6.4"," ","S","27","     4.2"," ","S","27","     2.5"," ","S","27","     1.7"," ","S","27","     1.3"," ","S","27","     0.0"," ","S","27","     0.0"," ","S","27"," -9999.0","Y"," "," 0"," -9999.0","Y"," "," 0"," -9999.0","Y"," "," 0","     0.2"," ","P","22","     0.2"," ","P","22","    14.6"," ","S","27","    10.2"," ","S","27","     6.7"," ","S","27","     5.7"," ","S","27","     4.4"," ","S","27","     0.0"," ","S","27","     0.0"," ","S","27","     1.0"," ","S","27","     2.0"," ","S","27","     5.0"," ","S","27"
"USC00424508","01-02"," 37.0286","-112.5361","1493.5","KANAB, UT US","01","02","99","    35.8"," ","S","26","    47.5"," ","S","30","    24.1"," ","S","26","    23.4"," ","S","26","     6.3"," ","S","26","     7.9"," ","S","30","     7.5"," ","S","26","     8.9"," ","S","26","    29.2"," ","S","26","     5.0"," ","S","26","     9.3"," ","S","26","    14.2"," ","S","26","    19.2"," ","S","26","    21.2"," ","S","26","    24.2"," ","S","26","     0.0"," ","S","26","     0.8"," ","S","26","     0.1"," ","S","26","     0.0"," ","S","26","     0.0"," ","S","26","     0.0"," ","S","26","     0.0"," ","S","26","     0.0"," ","S","26","     0.0"," ","S","26","     0.0"," ","S","26","     0.8"," ","S","26","     0.1"," ","S","26","     0.0"," ","S","26","     0.0"," ","S","26","     0.0"," ","S","26","     0.0"," ","S","26","     0.0"," ","S","26","     0.0"," ","S","26","     1.6"," ","S","26","     1.2"," ","S","26","    19.3"," ","S","30","    13.2"," ","S","30","     7.1"," ","S","30","     3.0"," ","S","30","     0.7"," ","S","30","     0.0"," ","S","30","     0.0"," ","S","30","     0.0"," ","S","30","    0.06"," ","S","30","    0.17"," ","S","30","    0.36"," ","S","30","    0.11"," ","S","27","    0.11"," ","S","27","     7.5"," ","S","27","     6.4"," ","S","27","     4.2"," ","S","27","     2.5"," ","S","27","     1.7"," ","S","27","     1.3"," ","S","27","     0.0"," ","S","27","     0.0"," ","S","27"," -9999.0","Y"," "," 0"," -9999.0","Y"," "," 0"," -9999.0","Y"," "," 0","     0.4"," ","P","22","     0.4"," ","P","22","    14.8"," ","S","27","    10.4"," ","S","27","     6.8"," ","S","27","     5.7"," ","S","27","     4.5"," ","S","27","     0.0"," ","S","27","     0.0"," ","S","27","     1.0"," ","S","27","     2.0"," ","S","27","     5.0"," ","S","27"
"USC00424508","01-03"," 37.0286","-112.5361","1493.5","KANAB, UT US","01","03","99","    35.9"," ","S","26","    47.6"," ","S","30","    24.1"," ","S","26","    23.5"," ","S","26","     6.3"," ","S","26","     7.9"," ","S","30","     7.5"," ","S","26","     8.9"," ","S","26","    29.1"," ","S","26","     5.0"," ","S","26","     9.2"," ","S","26","    14.1"," ","S","26","    19.1"," ","S","26","    21.1"," ","S","26","    24.1"," ","S","26","     0.0"," ","S","26","     0.8"," ","S","26","     0.1"," ","S","26","     0.0"," ","S","26","     0.0"," ","S","26","     0.0"," ","S","26","     0.0"," ","S","26","     0.0"," ","S","26","     0.0"," ","S","26","     0.0"," ","S","26","     0.8"," ","S","26","     0.1"," ","S","26","     0.0"," ","S","26","     0.0"," ","S","26","     0.0"," ","S","26","     0.0"," ","S","26","     0.0"," ","S","26","     0.0"," ","S","26","     1.6"," ","S","26","     1.2"," ","S","26","    19.4"," ","S","30","    13.3"," ","S","30","     7.2"," ","S","30","     3.0"," ","S","30","     0.7"," ","S","30","     0.0"," ","S","30","     0.0"," ","S","30","     0.0"," ","S","30","    0.06"," ","S","30","    0.17"," ","S","30","    0.37"," ","S","30","    0.16"," ","S","27","    0.16"," ","S","27","     7.5"," ","S","27","     6.4"," ","S","27","     4.2"," ","S","27","     2.5"," ","S","27","     1.7"," ","S","27","     1.3"," ","S","27","     0.0"," ","S","27","     0.0"," ","S","27"," -9999.0","Y"," "," 0"," -9999.0","Y"," "," 0"," -9999.0","Y"," "," 0","     0.6"," ","P","22","     0.6"," ","P","22","    14.9"," ","S","27","    10.5"," ","S","27","     6.9"," ","S","27","     5.8"," ","S","27","     4.5"," ","S","27","     0.0"," ","S","27","     0.0"," ","S","27","     1.0"," ","S","27","     2.0"," ","S","27","     5.0"," ","S","27"
"USC00424508","01-04"," 37.0286","-112.5361","1493.5","KANAB, UT US","01","04","99","    36.0"," ","S","26","    47.7"," ","S","30","    24.2"," ","S","26","    23.5"," ","S","26","     6.3"," ","S","26","     7.9"," ","S","30","     7.5"," ","S","26","     8.9"," ","S","26","    29.0"," ","S","26","     4.9"," ","S","26","     9.1"," ","S","26","    14.0"," ","S","26","    19.0"," ","S","26","    21.0"," ","S","26","    24.0"," ","S","26","     0.0"," ","S","26","     0.8"," ","S","26","     0.1"," ","S","26","     0.0"," ","S","26","     0.0"," ","S","26","     0.0"," ","S","26","     0.0"," ","S","26","     0.0"," ","S","26","     0.0"," ","S","26","     0.0"," ","S","26","     0.8"," ","S","26","     0.1"," ","S","26","     0.0"," ","S","26","     0.0"," ","S","26","     0.0"," ","S","26","     0.0"," ","S","26","     0.0"," ","S","26","     0.0"," ","S","26","     1.6"," ","S","26","     1.2"," ","S","26","    19.4"," ","S","30","    13.3"," ","S","30","     7.3"," ","S","30","     3.1"," ","S","30","     0.7"," ","S","30","     0.0"," ","S","30","     0.0"," ","S","30","     0.0"," ","S","30","    0.06"," ","S","30","    0.17"," ","S","30","    0.37"," ","S","30","    0.22"," ","S","27","    0.22"," ","S","27","     7.4"," ","S","27","     6.5"," ","S","27","     4.2"," ","S","27","     2.5"," ","S","27","     1.7"," ","S","27","     1.3"," ","S","27","     0.0"," ","S","27","     0.0"," ","S","27"," -9999.0","Y"," "," 0"," -9999.0","Y"," "," 0"," -9999.0","Y"," "," 0","     0.8"," ","P","22","     0.8"," ","P","22","    15.1"," ","S","27","    10.6"," ","S","27","     7.0"," ","S","27","     5.8"," ","S","27","     4.5"," ","S","27","     0.0"," ","S","27","     0.0"," ","S","27","     1.0"," ","S","27","     2.0"," ","S","27","     5.0"," ","S","27"
"USC00424508","01-05"," 37.0286","-112.5361","1493.5","KANAB, UT US","01","05","99","    36.0"," ","S","26","    47.8"," ","S","30","    24.2"," ","S","26","    23.6"," ","S","26","     6.3"," ","S","26","     7.9"," ","S","30","     7.5"," ","S","26","     8.9"," ","S","26","    29.0"," ","S","26","     4.8"," ","S","26","     9.0"," ","S","26","    13.9"," ","S","26","    18.9"," ","S","26","    21.0"," ","S","26","    24.0"," ","S","26","     0.0"," ","S","26","     0.8"," ","S","26","     0.1"," ","S","26","     0.0"," ","S","26","     0.0"," ","S","26","     0.0"," ","S","26","     0.0"," ","S","26","     0.0"," ","S","26","     0.0"," ","S","26","     0.0"," ","S","26","     0.8"," ","S","26","     0.1"," ","S","26","     0.0"," ","S","26","     0.0"," ","S","26","     0.0"," ","S","26","     0.0"," ","S","26","     0.0"," ","S","26","     0.0"," ","S","26","     1.6"," ","S","26","     1.2"," ","S","26","    19.4"," ","S","30","    13.4"," ","S","30","     7.4"," ","S","30","     3.1"," ","S","30","     0.7"," ","S","30","     0.0"," ","S","30","     0.0"," ","S","30","     0.0"," ","S","30","    0.06"," ","S","30","    0.17"," ","S","30","    0.37"," ","S","30","    0.27"," ","S","27","    0.27"," ","S","27","     7.4"," ","S","27","     6.4"," ","S","27","     4.2"," ","S","27","     2.5"," ","S","27","     1.7"," ","S","27","     1.3"," ","S","27","     0.0"," ","S","27","     0.0"," ","S","27"," -9999.0","Y"," "," 0"," -9999.0","Y"," "," 0"," -9999.0","Y"," "," 0","     1.0"," ","P","22","     1.0"," ","P","22","    15.2"," ","S","27","    10.7"," ","S","27","     7.0"," ","S","27","     5.8"," ","S","27","     4.5"," ","S","27","     0.0"," ","S","27","     0.0"," ","S","27","     1.0"," ","S","27","     2.0"," ","S","27","     5.0"," ","S","27"
"USC00424508","01-06"," 37.0286","-112.5361","1493.5","KANAB, UT US","01","06","99","    36.1"," ","S","26","    48.0"," ","S","30","    24.3"," ","S","26","    23.7"," ","S","26","     6.3"," ","S","26","     7.9"," ","S","30","     7.5"," ","S","26","     8.9"," ","S","26","    28.9"," ","S","26","     4.7"," ","S","26","     8.9"," ","S","26","    13.9"," ","S","26","    18.9"," ","S","26","    20.9"," ","S","26","    23.9"," ","S","26","     0.0"," ","S","26","     0.8"," ","S","26","     0.1"," ","S","26","     0.0"," ","S","26","     0.0"," ","S","26","     0.0"," ","S","26","     0.0"," ","S","26","     0.0"," ","S","26","     0.0"," ","S","26","     0.0"," ","S","26","     0.8"," ","S","26","     0.1"," ","S","26","     0.0"," ","S","26","     0.0"," ","S","26","     0.0"," ","S","26","     0.0"," ","S","26","     0.0"," ","S","26","     0.0"," ","S","26","     1.6"," ","S","26","     1.2"," ","S","26","    19.4"," ","S","30","    13.3"," ","S","30","     7.4"," ","S","30","     3.1"," ","S","30","     0.7"," ","S","30","     0.0"," ","S","30","     0.0"," ","S","30","     0.0"," ","S","30","    0.06"," ","S","30","    0.17"," ","S","30","    0.38"," ","S","30","    0.32"," ","S","27","    0.32"," ","S","27","     7.3"," ","S","27","     6.4"," ","S","27","     4.1"," ","S","27","     2.5"," ","S","27","     1.7"," ","S","27","     1.3"," ","S","27","     0.0"," ","S","27","     0.0"," ","S","27"," -9999.0","Y"," "," 0"," -9999.0","Y"," "," 0"," -9999.0","Y"," "," 0","     1.2"," ","P","22","     1.2"," ","P","22","    15.2"," ","S","27","    10.7"," ","S","27","     7.0"," ","S","27","     5.8"," ","S","27","     4.5"," ","S","27","     0.0"," ","S","27","     0.0"," ","S","27","     1.0"," ","S","27","     2.0"," ","S","27","     5.0"," ","S","27"
"USC00424508","01-07"," 37.0286","-112.5361","1493.5","KANAB, UT US","01","07","99","    36.2"," ","S","26","    48.1"," ","S","30","    24.4"," ","S","26","    23.7"," ","S","26","     6.3"," ","S","26","     8.0"," ","S","30","     7.5"," ","S","26","     8.8"," ","S","26","    28.8"," ","S","26","     4.6"," ","S","26","     8.8"," ","S","26","    13.8"," ","S","26","    18.8"," ","S","26","    20.8"," ","S","26","    23.8"," ","S","26","     0.0"," ","S","26","     0.9"," ","S","26","     0.1"," ","S","26","     0.0"," ","S","26","     0.0"," ","S","26","     0.0"," ","S","26","     0.0"," ","S","26","     0.0"," ","S","26","     0.0"," ","S","26","     0.0"," ","S","26","     0.9"," ","S","26","     0.1"," ","S","26","     0.0"," ","S","26","     0.0"," ","S","26","     0.0"," ","S","26","     0.0"," ","S","26","     0.0"," ","S","26","     0.0"," ","S","26","     1.7"," ","S","26","     1.2"," ","S","26","    19.3"," ","S","30","    13.3"," ","S","30","     7.5"," ","S","30","     3.1"," ","S","30","     0.7"," ","S","30","     0.0"," ","S","30","     0.0"," ","S","30","     0.0"," ","S","30","    0.06"," ","S","30","    0.17"," ","S","30","    0.38"," ","S","30","    0.38"," ","S","27","    0.38"," ","S","27","     7.2"," ","S","27","     6.4"," ","S","27","     4.1"," ","S","27","     2.4"," ","S","27","     1.7"," ","S","27","     1.3"," ","S","27","     0.0"," ","S","27","     0.0"," ","S","27"," -9999.0","Y"," "," 0"," -9999.0","Y"," "," 0"," -9999.0","Y"," "," 0","     1.4"," ","P","22","     1.4"," ","P","22","    15.3"," ","S","27","    10.7"," ","S","27","     7.0"," ","S","27","     5.8"," ","S","27","     4.5"," ","S","27","     0.0"," ","S","27","     0.0"," ","S","27","     1.0"," ","S","27","     2.0"," ","S","27","     5.0"," ","S","27"
"USC00424508","01-08"," 37.0286","-112.5361","1493.5","KANAB, UT US","01","08","99","    36.3"," ","S","26","    48.2"," ","S","30","    24.4"," ","S","26","    23.8"," ","S","26","     6.3"," ","S","26","     8.0"," ","S","30","     7.5"," ","S","26","     8.8"," ","S","26","    28.7"," ","S","26","     4.5"," ","S","26","     8.7"," ","S","26","    13.7"," ","S","26","    18.7"," ","S","26","    20.7"," ","S","26","    23.7"," ","S","26","     0.0"," ","S","26","     0.9"," ","S","26","     0.1"," ","S","26","     0.0"," ","S","26","     0.0"," ","S","26","     0.0"," ","S","26","     0.0"," ","S","26","     0.0"," ","S","26","     0.0"," ","S","26","     0.0"," ","S","26","     0.9"," ","S","26","     0.1"," ","S","26","     0.0"," ","S","26","     0.0"," ","S","26","     0.0"," ","S","26","     0.0"," ","S","26","     0.0"," ","S","26","     0.0"," ","S","26","     1.7"," ","S","26","     1.2"," ","S","26","    19.2"," ","S","30","    13.3"," ","S","30","     7.5"," ","S","30","     3.1"," ","S","30","     0.7"," ","S","30","     0.0"," ","S","30","     0.0"," ","S","30","     0.0"," ","S","30","    0.06"," ","S","30","    0.17"," ","S","30","    0.39"," ","S","30","    0.43"," ","S","27","    0.43"," ","S","27","     7.1"," ","S","27","     6.3"," ","S","27","     4.1"," ","S","27","     2.4"," ","S","27","     1.7"," ","S","27","     1.3"," ","S","27","     0.0"," ","S","27","     0.0"," ","S","27"," -9999.0","Y"," "," 0"," -9999.0","Y"," "," 0"," -9999.0","Y"," "," 0","     1.6"," ","P","22","     1.6"," ","P","22","    15.2"," ","S","27","    10.7"," ","S","27","     7.0"," ","S","27","     5.8"," ","S","27","     4.5"," ","S","27","     0.0"," ","S","27","     0.0"," ","S","27","     1.0"," ","S","27","     2.0"," ","S","27","     5.0"," ","S","27"
"USC00424508","01-09"," 37.0286","-112.5361","1493.5","KANAB, UT US","01","09","99","    36.4"," ","S","26","    48.4"," ","S","30","    24.5"," ","S","26","    23.9"," ","S","26","     6.3"," ","S","26","     8.0"," ","S","30","     7.5"," ","S","26","     8.8"," ","S","26","    28.6"," ","S","26","     4.4"," ","S","26","     8.6"," ","S","26","    13.6"," ","S","26","    18.6"," ","S","26","    20.6"," ","S","26","    23.6"," ","S","26","     0.0"," ","S","26","     0.9"," ","S","26","     0.1"," ","S","26","     0.0","X","S","26","     0.0"," ","S","26","     0.0"," ","S","26","     0.0"," ","S","26","     0.0"," ","S","26","     0.0"," ","S","26","     0.0"," ","S","26","     0.9"," ","S","26","     0.1"," ","S","26","     0.0","X","S","26","     0.0"," ","S","26","     0.0"," ","S","26","     0.0"," ","S","26","     0.0"," ","S","26","     0.0"," ","S","26","     1.7"," ","S","26","     1.3"," ","S","26","    19.2"," ","S","30","    13.2"," ","S","30","     7.6"," ","S","30","     3.1"," ","S","30","     0.7"," ","S","30","     0.0"," ","S","30","     0.0"," ","S","30","     0.0"," ","S","30","    0.06"," ","S","30","    0.18"," ","S","30","    0.39"," ","S","30","    0.49"," ","S","27","    0.49"," ","S","27","     7.0"," ","S","27","     6.2"," ","S","27","     4.0"," ","S","27","     2.4"," ","S","27","     1.7"," ","S","27","     1.3"," ","S","27","     0.0"," ","S","27","     0.0"," ","S","27"," -9999.0","Y"," "," 0"," -9999.0","Y"," "," 0"," -9999.0","Y"," "," 0","     1.8"," ","P","22","     1.8"," ","P","22","    15.2"," ","S","27","    10.6"," ","S","27","     6.9"," ","S","27","     5.8"," ","S","27","     4.4"," ","S","27","     0.0"," ","S","27","     0.0"," ","S","27","     1.0"," ","S","27","     2.0"," ","S","27","     5.0"," ","S","27"
"USC00424508","01-10"," 37.0286","-112.5361","1493.5","KANAB, UT US","01","10","99","    36.5"," ","S","26","    48.5"," ","S","30","    24.5"," ","S","26","    24.0"," ","S","26","     6.3"," ","S","26","     7.9"," ","S","30","     7.5"," ","S","26","     8.8"," ","S","26","    28.5"," ","S","26","     4.4"," ","S","26","     8.5"," ","S","26","    13.5"," ","S","26","    18.5"," ","S","26","    20.5"," ","S","26","    23.5"," ","S","26","     0.0"," ","S","26","     0.9"," ","S","26","     0.1"," ","S","26","     0.0","X","S","26","     0.0"," ","S","26","     0.0"," ","S","26","     0.0"," ","S","26","     0.0"," ","S","26","     0.0"," ","S","26","     0.0"," ","S","26","     0.9"," ","S","26","     0.1"," ","S","26","     0.0","X","S","26","     0.0"," ","S","26","     0.0"," ","S","26","     0.0"," ","S","26","     0.0"," ","S","26","     0.0"," ","S","26","     1.8"," ","S","26","     1.3"," ","S","26","    19.1"," ","S","30","    13.1"," ","S","30","     7.6"," ","S","30","     3.1"," ","S","30","     0.7"," ","S","30","     0.0"," ","S","30","     0.0"," ","S","30","     0.0"," ","S","30","    0.06"," ","S","30","    0.18"," ","S","30","    0.40"," ","S","30","    0.54"," ","S","27","    0.54"," ","S","27","     6.9"," ","S","27","     6.2"," ","S","27","     4.0"," ","S","27","     2.3"," ","S","27","     1.7"," ","S","27","     1.3"," ","S","27","     0.0"," ","S","27","     0.0"," ","S","27"," -9999.0","Y"," "," 0"," -9999.0","Y"," "," 0"," -9999.0","Y"," "," 0","     2.0"," ","P","22","     2.0"," ","P","22","    15.1"," ","S","27","    10.6"," ","S","27","     6.9"," ","S","27","     5.8"," ","S","27","     4.4"," ","S","27","     0.0"," ","S","27","     0.0"," ","S","27","     1.0"," ","S","27","     2.0"," ","S","27","     5.0"," ","S","27"
"USC00424508","01-11"," 37.0286","-112.5361","1493.5","KANAB, UT US","01","11","99","    36.6"," ","S","26","    48.7"," ","S","30","    24.6"," ","S","26","    24.1"," ","S","26","     6.3"," ","S","26","     7.9"," ","S","30","     7.4"," ","S","26","     8.8"," ","S","26","    28.4"," ","S","26","     4.3"," ","S","26","     8.5"," ","S","26","    13.4"," ","S","26","    18.4"," ","S","26","    20.4"," ","S","26","    23.4"," ","S","26","     0.0"," ","S","26","     0.9"," ","S","26","     0.1"," ","S","26","     0.0","X","S","26","     0.0"," ","S","26","     0.0"," ","S","26","     0.0"," ","S","26","     0.0"," ","S","26","     0.0"," ","S","26","     0.0"," ","S","26","     0.9"," ","S","26","     0.1"," ","S","26","     0.0","X","S","26","     0.0"," ","S","26","     0.0"," ","S","26","     0.0"," ","S","26","     0.0"," ","S","26","     0.0"," ","S","26","     1.8"," ","S","26","     1.3"," ","S","26","    19.0"," ","S","30","    13.1"," ","S","30","     7.7"," ","S","30","     3.1"," ","S","30","     0.7"," ","S","30","     0.0"," ","S","30","     0.0"," ","S","30","     0.0"," ","S","30","    0.06"," ","S","30","    0.18"," ","S","30","    0.40"," ","S","30","    0.60"," ","S","27","    0.60"," ","S","27","     6.8"," ","S","27","     6.1"," ","S","27","     3.9"," ","S","27","     2.3"," ","S","27","     1.7"," ","S","27","     1.3"," ","S","27","     0.0"," ","S","27","     0.0"," ","S","27"," -9999.0","Y"," "," 0"," -9999.0","Y"," "," 0"," -9999.0","Y"," "," 0","     2.1"," ","P","22","     2.1"," ","P","22","    15.1"," ","S","27","    10.5"," ","S","27","     6.9"," ","S","27","     5.8"," ","S","27","     4.4"," ","S","27","     0.0"," ","S","27","     0.0"," ","S","27","     1.0"," ","S","27","     2.0"," ","S","27","     5.0"," ","S","27"
"USC00424508","01-12"," 37.0286","-112.5361","1493.5","KANAB, UT US","01","12","99","    36.7"," ","S","26","    48.8"," ","S","30","    24.7"," ","S","26","    24.2"," ","S","26","     6.3"," ","S","26","     7.9"," ","S","30","     7.4"," ","S","26","     8.7"," ","S","26","    28.3"," ","S","26","     4.2"," ","S","26","     8.4"," ","S","26","    13.3"," ","S","26","    18.3"," ","S","26","    20.3"," ","S","26","    23.3"," ","S","26","     0.0"," ","S","26","     1.0"," ","S","26","     0.1"," ","S","26","     0.0","X","S","26","     0.0"," ","S","26","     0.0"," ","S","26","     0.0"," ","S","26","     0.0"," ","S","26","     0.0"," ","S","26","     0.0"," ","S","26","     1.0"," ","S","26","     0.1"," ","S","26","     0.0","X","S","26","     0.0"," ","S","26","     0.0"," ","S","26","     0.0"," ","S","26","     0.0"," ","S","26","     0.0"," ","S","26","     1.8"," ","S","26","     1.3"," ","S","26","    19.0"," ","S","30","    13.1"," ","S","30","     7.7"," ","S","30","     3.1"," ","S","30","     0.6"," ","S","30","     0.0"," ","S","30","     0.0"," ","S","30","     0.0"," ","S","30","    0.06"," ","S","30","    0.18"," ","S","30","    0.40"," ","S","30","    0.66"," ","S","27","    0.66"," ","S","27","     6.7"," ","S","27","     6.1"," ","S","27","     3.9"," ","S","27","     2.3"," ","S","27","     1.7"," ","S","27","     1.3"," ","S","27","     0.0"," ","S","27","     0.0"," ","S","27"," -9999.0","Y"," "," 0"," -9999.0","Y"," "," 0"," -9999.0","Y"," "," 0","     2.3"," ","P","22","     2.3"," ","P","22","    15.0"," ","S","27","    10.5"," ","S","27","     6.9"," ","S","27","     5.8"," ","S","27","     4.4"," ","S","27","     0.0"," ","S","27","     0.0"," ","S","27","     1.0"," ","S","27","     2.0"," ","S","27","     5.0"," ","S","27"
"USC00424508","01-13"," 37.0286","-112.5361","1493.5","KANAB, UT US","01","13","99","    36.8"," ","S","26","    49.0"," ","S","30","    24.7"," ","S","26","    24.3"," ","S","26","     6.3"," ","S","26","     7.9"," ","S","30","     7.4"," ","S","26","     8.7"," ","S","26","    28.2"," ","S","26","     4.2"," ","S","26","     8.3"," ","S","26","    13.2"," ","S","26","    18.2"," ","S","26","    20.2"," ","S","26","    23.2"," ","S","26","     0.0"," ","S","26","     1.0"," ","S","26","     0.1"," ","S","26","     0.0","X","S","26","     0.0"," ","S","26","     0.0"," ","S","26","     0.0"," ","S","26","     0.0"," ","S","26","     0.0"," ","S","26","     0.0"," ","S","26","     1.0"," ","S","26","     0.1"," ","S","26","     0.0","X","S","26","     0.0"," ","S","26","     0.0"," ","S","26","     0.0"," ","S","26","     0.0"," ","S","26","     0.0"," ","S","26","     1.9"," ","S","26","     1.3"," ","S","26","    18.9"," ","S","30","    13.0"," ","S","30","     7.7"," ","S","30","     3.1"," ","S","30","     0.6"," ","S","30","     0.0"," ","S","30","     0.0"," ","S","30","     0.0"," ","S","30","    0.06"," ","S","30","    0.18"," ","S","30","    0.40"," ","S","30","    0.72"," ","S","27","    0.72"," ","S","27","     6.6"," ","S","27","     6.0"," ","S","27","     3.9"," ","S","27","     2.2"," ","S","27","     1.6"," ","S","27","     1.3"," ","S","27","     0.0"," ","S","27","     0.0"," ","S","27"," -9999.0","Y"," "," 0"," -9999.0","Y"," "," 0"," -9999.0","Y"," "," 0","     2.5"," ","P","22","     2.5"," ","P","22","    14.9"," ","S","27","    10.5"," ","S","27","     6.9"," ","S","27","     5.7"," ","S","27","     4.3"," ","S","27","     0.0"," ","S","27","     0.0"," ","S","27","     1.0"," ","S","27","     2.0"," ","S","27","     5.0"," ","S","27"
"USC00424508","01-14"," 37.0286","-112.5361","1493.5","KANAB, UT US","01","14","99","    36.9"," ","S","26","    49.1"," ","S","30","    24.8"," ","S","26","    24.4"," ","S","26","     6.3"," ","S","26","     7.9"," ","S","30","     7.4"," ","S","26","     8.7"," ","S","26","    28.1"," ","S","26","     4.1"," ","S","26","     8.2"," ","S","26","    13.1"," ","S","26","    18.1"," ","S","26","    20.1"," ","S","26","    23.1"," ","S","26","     0.0"," ","S","26","     1.0"," ","S","26","     0.1"," ","S","26","     0.0","X","S","26","     0.0"," ","S","26","     0.0"," ","S","26","     0.0"," ","S","26","     0.0"," ","S","26","     0.0"," ","S","26","     0.0"," ","S","26","     1.0"," ","S","26","     0.1"," ","S","26","     0.0","X","S","26","     0.0"," ","S","26","     0.0"," ","S","26","     0.0"," ","S","26","     0.0"," ","S","26","     0.0"," ","S","26","     1.9"," ","S","26","     1.4"," ","S","26","    18.8"," ","S","30","    12.9"," ","S","30","     7.7"," ","S","30","     3.1"," ","S","30","     0.6"," ","S","30","     0.0"," ","S","30","     0.0"," ","S","30","     0.0"," ","S","30","    0.06"," ","S","30","    0.18"," ","S","30","    0.41"," ","S","30","    0.78"," ","S","27","    0.78"," ","S","27","     6.5"," ","S","27","     6.0"," ","S","27","     3.8"," ","S","27","     2.2"," ","S","27","     1.6"," ","S","27","     1.3"," ","S","27","     0.0"," ","S","27","     0.0"," ","S","27"," -9999.0","Y"," "," 0"," -9999.0","Y"," "," 0"," -9999.0","Y"," "," 0","     2.7"," ","P","22","     2.7"," ","P","22","    14.8"," ","S","27","    10.4"," ","S","27","     6.9"," ","S","27","     5.7"," ","S","27","     4.2"," ","S","27","     0.0"," ","S","27","     0.0"," ","S","27","     1.0"," ","S","27","     2.0"," ","S","27","     5.0"," ","S","27"
"USC00424508","01-15"," 37.0286","-112.5361","1493.5","KANAB, UT US","01","15","99","    37.0"," ","S","26","    49.3"," ","S","30","    24.8"," ","S","26","    24.4"," ","S","26","     6.3"," ","S","26","     7.9"," ","S","30","     7.4"," ","S","26","     8.6"," ","S","26","    28.0"," ","S","26","     4.0"," ","S","26","     8.1"," ","S","26","    13.0"," ","S","26","    18.0"," ","S","26","    20.0"," ","S","26","    23.0"," ","S","26","     0.0"," ","S","26","     1.1"," ","S","26","     0.1"," ","S","26","     0.0","X","S","26","     0.0"," ","S","26","     0.0"," ","S","26","     0.0"," ","S","26","     0.0"," ","S","26","     0.0"," ","S","26","     0.0"," ","S","26","     1.1"," ","S","26","     0.1"," ","S","26","     0.0","X","S","26","     0.0"," ","S","26","     0.0"," ","S","26","     0.0"," ","S","26","     0.0"," ","S","26","     0.0"," ","S","26","     1.9"," ","S","26","     1.4"," ","S","26","    18.8"," ","S","30","    12.9"," ","S","30","     7.7"," ","S","30","     3.1"," ","S","30","     0.6"," ","S","30","     0.0"," ","S","30","     0.0"," ","S","30","     0.0"," ","S","30","    0.06"," ","S","30","    0.18"," ","S","30","    0.41"," ","S","30","    0.84"," ","S","27","    0.84"," ","S","27","     6.5"," ","S","27","     6.0"," ","S","27","     3.8"," ","S","27","     2.1"," ","S","27","     1.6"," ","S","27","     1.3"," ","S","27","     0.0"," ","S","27","     0.0"," ","S","27"," -9999.0","Y"," "," 0"," -9999.0","Y"," "," 0"," -9999.0","Y"," "," 0","     2.9"," ","P","22","     2.9"," ","P","22","    14.7"," ","S","27","    10.3"," ","S","27","     6.8"," ","S","27","     5.7"," ","S","27","     4.2"," ","S","27","     0.0"," ","S","27","     0.0"," ","S","27","     1.0"," ","S","27","     2.0"," ","S","27","     5.0"," ","S","27"
"USC00424508","01-16"," 37.0286","-112.5361","1493.5","KANAB, UT US","01","16","99","    37.2"," ","S","26","    49.4"," ","S","30","    24.9"," ","S","26","    24.5"," ","S","26","     6.3"," ","S","26","     7.9"," ","S","30","     7.3"," ","S","26","     8.6"," ","S","26","    27.8"," ","S","26","     4.0"," ","S","26","     8.0"," ","S","26","    12.9"," ","S","26","    17.8"," ","S","26","    19.8"," ","S","26","    22.8"," ","S","26","     0.0"," ","S","26","     1.1"," ","S","26","     0.2"," ","S","26","     0.0","X","S","26","     0.0"," ","S","26","     0.0"," ","S","26","     0.0"," ","S","26","     0.0"," ","S","26","     0.0"," ","S","26","     0.0"," ","S","26","     1.1"," ","S","26","     0.2"," ","S","26","     0.0","X","S","26","     0.0"," ","S","26","     0.0"," ","S","26","     0.0"," ","S","26","     0.0"," ","S","26","     0.0"," ","S","26","     2.0"," ","S","26","     1.4"," ","S","26","    18.8"," ","S","30","    12.8"," ","S","30","     7.7"," ","S","30","     3.1"," ","S","30","     0.5"," ","S","30","     0.0"," ","S","30","     0.0"," ","S","30","     0.0"," ","S","30","    0.06"," ","S","30","    0.18"," ","S","30","    0.41"," ","S","30","    0.90"," ","S","27","    0.90"," ","S","27","     6.4"," ","S","27","     5.9"," ","S","27","     3.8"," ","S","27","     2.1"," ","S","27","     1.6"," ","S","27","     1.3"," ","S","27","     0.0"," ","S","27","     0.0"," ","S","27"," -9999.0","Y"," "," 0"," -9999.0","Y"," "," 0"," -9999.0","Y"," "," 0","     3.1"," ","P","22","     3.1"," ","P","22","    14.6"," ","S","27","    10.2"," ","S","27","     6.8"," ","S","27","     5.6"," ","S","27","     4.1"," ","S","27","     0.0"," ","S","27","     0.0"," ","S","27","     1.0"," ","S","27","     2.0"," ","S","27","     5.0"," ","S","27"
"USC00424508","01-17"," 37.0286","-112.5361","1493.5","KANAB, UT US","01","17","99","    37.3"," ","S","26","    49.6"," ","S","30","    24.9"," ","S","26","    24.6"," ","S","26","     6.3"," ","S","26","     7.9"," ","S","30","     7.3"," ","S","26","     8.5"," ","S","26","    27.7"," ","S","26","     3.9"," ","S","26","     7.9"," ","S","26","    12.8"," ","S","26","    17.7"," ","S","26","    19.7"," ","S","26","    22.7"," ","S","26","     0.0"," ","S","26","     1.2"," ","S","26","     0.2"," ","S","26","     0.0","X","S","26","     0.0"," ","S","26","     0.0"," ","S","26","     0.0"," ","S","26","     0.0"," ","S","26","     0.0"," ","S","26","     0.0"," ","S","26","     1.2"," ","S","26","     0.2"," ","S","26","     0.0","X","S","26","     0.0"," ","S","26","     0.0"," ","S","26","     0.0"," ","S","26","     0.0"," ","S","26","     0.0"," ","S","26","     2.0"," ","S","26","     1.5"," ","S","26","    18.8"," ","S","30","    12.8"," ","S","30","     7.8"," ","S","30","     3.1"," ","S","30","     0.5"," ","S","30","     0.0"," ","S","30","     0.0"," ","S","30","     0.0"," ","S","30","    0.06"," ","S","30","    0.18"," ","S","30","    0.41"," ","S","30","    0.96"," ","S","27","    0.96"," ","S","27","     6.3"," ","S","27","     5.9"," ","S","27","     3.7"," ","S","27","     2.1"," ","S","27","     1.6"," ","S","27","     1.3"," ","S","27","     0.0"," ","S","27","     0.0"," ","S","27"," -9999.0","Y"," "," 0"," -9999.0","Y"," "," 0"," -9999.0","Y"," "," 0","     3.2"," ","P","22","     3.2"," ","P","22","    14.5"," ","S","27","    10.1"," ","S","27","     6.7"," ","S","27","     5.5"," ","S","27","     4.0"," ","S","27","     0.0"," ","S","27","     0.0"," ","S","27","     1.0"," ","S","27","     2.0"," ","S","27","     5.0"," ","S","27"
"USC00424508","01-18"," 37.0286","-112.5361","1493.5","KANAB, UT US","01","18","99","    37.4"," ","S","26","    49.7"," ","S","30","    25.0"," ","S","26","    24.7"," ","S","26","     6.3"," ","S","26","     7.9"," ","S","30","     7.3"," ","S","26","     8.5"," ","S","26","    27.6"," ","S","26","     3.9"," ","S","26","     7.8"," ","S","26","    12.7"," ","S","26","    17.6"," ","S","26","    19.6"," ","S","26","    22.6"," ","S","26","     0.0"," ","S","26","     1.2"," ","S","26","     0.2"," ","S","26","     0.0","X","S","26","     0.0"," ","S","26","     0.0"," ","S","26","     0.0"," ","S","26","     0.0"," ","S","26","     0.0"," ","S","26","     0.0"," ","S","26","     1.2"," ","S","26","     0.2"," ","S","26","     0.0","X","S","26","     0.0"," ","S","26","     0.0"," ","S","26","     0.0"," ","S","26","     0.0"," ","S","26","     0.0"," ","S","26","     2.1"," ","S","26","     1.5"," ","S","26","    18.8"," ","S","30","    12.8"," ","S","30","     7.8"," ","S","30","     3.1"," ","S","30","     0.5"," ","S","30","     0.0"," ","S","30","     0.0"," ","S","30","     0.0"," ","S","30","    0.06"," ","S","30","    0.18"," ","S","30","    0.41"," ","S","30","    1.02"," ","S","27","    1.02"," ","S","27","     6.3"," ","S","27","     5.9"," ","S","27","     3.7"," ","S","27","     2.0"," ","S","27","     1.6"," ","S","27","     1.3"," ","S","27","     0.0"," ","S","27","     0.0"," ","S","27"," -9999.0","Y"," "," 0"," -9999.0","Y"," "," 0"," -9999.0","Y"," "," 0","     3.4"," ","P","22","     3.4"," ","P","22","    14.4"," ","S","27","    10.0"," ","S","27","     6.6"," ","S","27","     5.4"," ","S","27","     3.8"," ","S","27","     0.0"," ","S","27","     0.0"," ","S","27","     1.0"," ","S","27","     2.0"," ","S","27","     5.0"," ","S","27"
"USC00424508","01-19"," 37.0286","-112.5361","1493.5","KANAB, UT US","01","19","99","    37.5"," ","S","26","    49.8"," ","S","30","    25.1"," ","S","26","    24.8"," ","S","26","     6.3"," ","S","26","     7.9"," ","S","30","     7.3"," ","S","26","     8.5"," ","S","26","    27.5"," ","S","26","     3.9"," ","S","26","     7.8"," ","S","26","    12.6"," ","S","26","    17.5"," ","S","26","    19.5"," ","S","26","    22.5"," ","S","26","     0.0"," ","S","26","     1.3"," ","S","26","     0.2"," ","S","26","     0.0","X","S","26","     0.0"," ","S","26","     0.0"," ","S","26","     0.0"," ","S","26","     0.0"," ","S","26","     0.0"," ","S","26","     0.0"," ","S","26","     1.3"," ","S","26","     0.2"," ","S","26","     0.0","X","S","26","     0.0"," ","S","26","     0.0"," ","S","26","     0.0"," ","S","26","     0.0"," ","S","26","     0.0"," ","S","26","     2.2"," ","S","26","     1.6"," ","S","26","    18.9"," ","S","30","    12.8"," ","S","30","     7.8"," ","S","30","     3.1"," ","S","30","     0.5"," ","S","30","     0.0"," ","S","30","     0.0"," ","S","30","     0.0"," ","S","30","    0.06"," ","S","30","    0.18"," ","S","30","    0.41"," ","S","30","    1.08"," ","S","27","    1.08"," ","S","27","     6.2"," ","S","27","     5.9"," ","S","27","     3.7"," ","S","27","     2.0"," ","S","27","     1.5"," ","S","27","     1.3"," ","S","27","     0.0"," ","S","27","     0.0"," ","S","27"," -9999.0","Y"," "," 0"," -9999.0","Y"," "," 0"," -9999.0","Y"," "," 0","     3.6"," ","P","22","     3.6"," ","P","22","    14.3"," ","S","27","     9.9"," ","S","27","     6.5"," ","S","27","     5.3"," ","S","27","     3.7"," ","S","27","     0.0"," ","S","27","     0.0"," ","S","27","     1.0"," ","S","27","     2.0"," ","S","27","     4.0"," ","S","27"
"USC00424508","01-20"," 37.0286","-112.5361","1493.5","KANAB, UT US","01","20","99","    37.6"," ","S","26","    50.0"," ","S","30","    25.1"," ","S","26","    24.9"," ","S","26","     6.3"," ","S","26","     7.9"," ","S","30","     7.3"," ","S","26","     8.5"," ","S","26","    27.4"," ","S","26","     3.8"," ","S","26","     7.7"," ","S","26","    12.5"," ","S","26","    17.4"," ","S","26","    19.4"," ","S","26","    22.4"," ","S","26","     0.0"," ","S","26","     1.4"," ","S","26","     0.2"," ","S","26","     0.0","X","S","26","     0.0"," ","S","26","     0.0"," ","S","26","     0.0"," ","S","26","     0.0"," ","S","26","     0.0"," ","S","26","     0.0"," ","S","26","     1.4"," ","S","26","     0.2"," ","S","26","     0.0","X","S","26","     0.0"," ","S","26","     0.0"," ","S","26","     0.0"," ","S","26","     0.0"," ","S","26","     0.0"," ","S","26","     2.2"," ","S","26","     1.6"," ","S","26","    18.9"," ","S","30","    12.8"," ","S","30","     7.8"," ","S","30","     3.1"," ","S","30","     0.5"," ","S","30","     0.0"," ","S","30","     0.0"," ","S","30","     0.0"," ","S","30","    0.06"," ","S","30","    0.18"," ","S","30","    0.41"," ","S","30","    1.14"," ","S","27","    1.14"," ","S","27","     6.2"," ","S","27","     5.9"," ","S","27","     3.7"," ","S","27","     2.0"," ","S","27","     1.5"," ","S","27","     1.3"," ","S","27","     0.0"," ","S","27","     0.0"," ","S","27"," -9999.0","Y"," "," 0"," -9999.0","Y"," "," 0"," -9999.0","Y"," "," 0","     3.8"," ","P","22","     3.8"," ","P","22","    14.1"," ","S","27","     9.7"," ","S","27","     6.4"," ","S","27","     5.2"," ","S","27","     3.6"," ","S","27","     0.0"," ","S","27","     0.0"," ","S","27","     1.0"," ","S","27","     2.0"," ","S","27","     4.0"," ","S","27"
"USC00424508","01-21"," 37.0286","-112.5361","1493.5","KANAB, UT US","01","21","99","    37.7"," ","S","26","    50.1"," ","S","30","    25.2"," ","S","26","    25.0"," ","S","26","     6.3"," ","S","26","     7.9"," ","S","30","     7.3"," ","S","26","     8.4"," ","S","26","    27.3"," ","S","26","     3.7"," ","S","26","     7.6"," ","S","26","    12.4"," ","S","26","    17.3"," ","S","26","    19.3"," ","S","26","    22.3"," ","S","26","     0.0"," ","S","26","     1.4"," ","S","26","     0.2"," ","S","26","     0.0","X","S","26","     0.0"," ","S","26","     0.0"," ","S","26","     0.0"," ","S","26","     0.0"," ","S","26","     0.0"," ","S","26","     0.0"," ","S","26","     1.4"," ","S","26","     0.2"," ","S","26","     0.0","X","S","26","     0.0"," ","S","26","     0.0"," ","S","26","     0.0"," ","S","26","     0.0"," ","S","26","     0.0"," ","S","26","     2.2"," ","S","26","     1.7"," ","S","26","    19.0"," ","S","30","    12.8"," ","S","30","     7.8"," ","S","30","     3.1"," ","S","30","     0.5"," ","S","30","     0.0"," ","S","30","     0.0"," ","S","30","     0.0"," ","S","30","    0.06"," ","S","30","    0.17"," ","S","30","    0.41"," ","S","30","    1.19"," ","S","27","    1.19"," ","S","27","     6.2"," ","S","27","     5.9"," ","S","27","     3.7"," ","S","27","     2.0"," ","S","27","     1.5"," ","S","27","     1.3"," ","S","27","     0.0"," ","S","27","     0.0"," ","S","27"," -9999.0","Y"," "," 0"," -9999.0","Y"," "," 0"," -9999.0","Y"," "," 0","     3.9"," ","P","22","     3.9"," ","P","22","    13.9"," ","S","27","     9.5"," ","S","27","     6.2"," ","S","27","     5.0"," ","S","27","     3.4"," ","S","27","     0.0"," ","S","27","     0.0"," ","S","27","     1.0"," ","S","27","     2.0"," ","S","27","     4.0"," ","S","27"
"USC00424508","01-22"," 37.0286","-112.5361","1493.5","KANAB, UT US","01","22","99","    37.7"," ","S","26","    50.3"," ","S","30","    25.2"," ","S","26","    25.0"," ","S","26","     6.4"," ","S","26","     8.0"," ","S","30","     7.3"," ","S","26","     8.4"," ","S","26","    27.3"," ","S","26","     3.7"," ","S","26","     7.5"," ","S","26","    12.3"," ","S","26","    17.3"," ","S","26","    19.3"," ","S","26","    22.3"," ","S","26","     0.0"," ","S","26","     1.4"," ","S","26","     0.2"," ","S","26","     0.0","X","S","26","     0.0"," ","S","26","     0.0"," ","S","26","     0.0"," ","S","26","     0.0"," ","S","26","     0.0"," ","S","26","     0.0"," ","S","26","     1.4"," ","S","26","     0.2"," ","S","26","     0.0","X","S","26","     0.0"," ","S","26","     0.0"," ","S","26","     0.0"," ","S","26","     0.0"," ","S","26","     0.0"," ","S","26","     2.2"," ","S","26","     1.7"," ","S","26","    19.0"," ","S","30","    12.8"," ","S","30","     7.9"," ","S","30","     3.1"," ","S","30","     0.5"," ","S","30","     0.0"," ","S","30","     0.0"," ","S","30","     0.0"," ","S","30","    0.05"," ","S","30","    0.17"," ","S","30","    0.41"," ","S","30","    1.25"," ","S","27","    1.25"," ","S","27","     6.2"," ","S","27","     5.9"," ","S","27","     3.7"," ","S","27","     1.9"," ","S","27","     1.5"," ","S","27","     1.3"," ","S","27","     0.0"," ","S","27","     0.0"," ","S","27"," -9999.0","Y"," "," 0"," -9999.0","Y"," "," 0"," -9999.0","Y"," "," 0","     4.1"," ","P","22","     4.1"," ","P","22","    13.8"," ","S","27","     9.3"," ","S","27","     6.0"," ","S","27","     4.9"," ","S","27","     3.3"," ","S","27","     0.0"," ","S","27","     0.0"," ","S","27","     1.0"," ","S","27","     2.0"," ","S","27","     4.0"," ","S","27"
"USC00424508","01-23"," 37.0286","-112.5361","1493.5","KANAB, UT US","01","23","99","    37.8"," ","S","26","    50.4"," ","S","30","    25.3"," ","S","26","    25.1"," ","S","26","     6.4"," ","S","26","     8.0"," ","S","30","     7.2"," ","S","26","     8.4"," ","S","26","    27.2"," ","S","26","     3.6"," ","S","26","     7.4"," ","S","26","    12.2"," ","S","26","    17.2"," ","S","26","    19.2"," ","S","26","    22.2"," ","S","26","     0.0"," ","S","26","     1.4"," ","S","26","     0.2"," ","S","26","     0.0","X","S","26","     0.0"," ","S","26","     0.0"," ","S","26","     0.0"," ","S","26","     0.0"," ","S","26","     0.0"," ","S","26","     0.0"," ","S","26","     1.4"," ","S","26","     0.2"," ","S","26","     0.0","X","S","26","     0.0"," ","S","26","     0.0"," ","S","26","     0.0"," ","S","26","     0.0"," ","S","26","     0.0"," ","S","26","     2.3"," ","S","26","     1.7"," ","S","26","    19.1"," ","S","30","    12.8"," ","S","30","     7.9"," ","S","30","     3.2"," ","S","30","     0.5"," ","S","30","     0.0"," ","S","30","     0.0"," ","S","30","     0.0"," ","S","30","    0.05"," ","S","30","    0.17"," ","S","30","    0.41"," ","S","30","    1.30"," ","S","27","    1.30"," ","S","27","     6.2"," ","S","27","     5.9"," ","S","27","     3.7"," ","S","27","     1.9"," ","S","27","     1.5"," ","S","27","     1.3"," ","S","27","     0.0"," ","S","27","     0.0"," ","S","27"," -9999.0","Y"," "," 0"," -9999.0","Y"," "," 0"," -9999.0","Y"," "," 0","     4.2"," ","P","22","     4.2"," ","P","22","    13.6"," ","S","27","     9.1"," ","S","27","     5.9"," ","S","27","     4.7"," ","S","27","     3.2"," ","S","27","     0.0"," ","S","27","     0.0"," ","S","27","     1.0"," ","S","27","     2.0"," ","S","27","     4.0"," ","S","27"
"USC00424508","01-24"," 37.0286","-112.5361","1493.5","KANAB, UT US","01","24","99","    37.9"," ","S","26","    50.5"," ","S","30","    25.4"," ","S","26","    25.2"," ","S","26","     6.4"," ","S","26","     8.0"," ","S","30","     7.2"," ","S","26","     8.4"," ","S","26","    27.1"," ","S","26","     3.5"," ","S","26","     7.3"," ","S","26","    12.1"," ","S","26","    17.1"," ","S","26","    19.1"," ","S","26","    22.1"," ","S","26","     0.0"," ","S","26","     1.5"," ","S","26","     0.2"," ","S","26","     0.0","X","S","26","     0.0"," ","S","26","     0.0"," ","S","26","     0.0"," ","S","26","     0.0"," ","S","26","     0.0"," ","S","26","     0.0"," ","S","26","     1.5"," ","S","26","     0.2"," ","S","26","     0.0","X","S","26","     0.0"," ","S","26","     0.0"," ","S","26","     0.0"," ","S","26","     0.0"," ","S","26","     0.0"," ","S","26","     2.3"," ","S","26","     1.7"," ","S","26","    19.2"," ","S","30","    12.8"," ","S","30","     7.9"," ","S","30","     3.2"," ","S","30","     0.4"," ","S","30","     0.0"," ","S","30","     0.0"," ","S","30","     0.0"," ","S","30","    0.05"," ","S","30","    0.17"," ","S","30","    0.41"," ","S","30","    1.35"," ","S","27","    1.35"," ","S","27","     6.2"," ","S","27","     5.9"," ","S","27","     3.7"," ","S","27","     1.9"," ","S","27","     1.4"," ","S","27","     1.3"," ","S","27","     0.0"," ","S","27","     0.0"," ","S","27"," -9999.0","Y"," "," 0"," -9999.0","Y"," "," 0"," -9999.0","Y"," "," 0","     4.4"," ","P","22","     4.4"," ","P","22","    13.4"," ","S","27","     8.8"," ","S","27","     5.7"," ","S","27","     4.5"," ","S","27","     3.0"," ","S","27","     0.0"," ","S","27","     0.0"," ","S","27","     1.0"," ","S","27","     2.0"," ","S","27","     4.0"," ","S","27"
"USC00424508","01-25"," 37.0286","-112.5361","1493.5","KANAB, UT US","01","25","99","    38.0"," ","S","26","    50.7"," ","S","30","    25.4"," ","S","26","    25.2"," ","S","26","     6.4"," ","S","26","     8.0"," ","S","30","     7.2"," ","S","26","     8.3"," ","S","26","    27.0"," ","S","26","     3.5"," ","S","26","     7.2"," ","S","26","    12.0"," ","S","26","    17.0"," ","S","26","    19.0"," ","S","26","    22.0"," ","S","26","     0.0"," ","S","26","     1.5"," ","S","26","     0.3"," ","S","26","     0.0","X","S","26","     0.0"," ","S","26","     0.0"," ","S","26","     0.0"," ","S","26","     0.0"," ","S","26","     0.0"," ","S","26","     0.0"," ","S","26","     1.5"," ","S","26","     0.3"," ","S","26","     0.0","X","S","26","     0.0"," ","S","26","     0.0"," ","S","26","     0.0"," ","S","26","     0.0"," ","S","26","     0.0"," ","S","26","     2.4"," ","S","26","     1.8"," ","S","26","    19.3"," ","S","30","    12.9"," ","S","30","     7.9"," ","S","30","     3.2"," ","S","30","     0.4"," ","S","30","     0.0"," ","S","30","     0.0"," ","S","30","     0.0"," ","S","30","    0.05"," ","S","30","    0.17"," ","S","30","    0.41"," ","S","30","    1.41"," ","S","27","    1.41"," ","S","27","     6.2"," ","S","27","     5.9"," ","S","27","     3.7"," ","S","27","     1.9"," ","S","27","     1.4"," ","S","27","     1.3"," ","S","27","     0.0"," ","S","27","     0.0"," ","S","27"," -9999.0","Y"," "," 0"," -9999.0","Y"," "," 0"," -9999.0","Y"," "," 0","     4.5"," ","P","22","     4.5"," ","P","22","    13.1"," ","S","27","     8.6"," ","S","27","     5.5"," ","S","27","     4.4"," ","S","27","     2.9"," ","S","27","     0.0"," ","S","27","     0.0"," ","S","27","     1.0"," ","S","27","     2.0"," ","S","27","     4.0"," ","S","27"
"USC00424508","01-26"," 37.0286","-112.5361","1493.5","KANAB, UT US","01","26","99","    38.1"," ","S","26","    50.8"," ","S","30","    25.5"," ","S","26","    25.3"," ","S","26","     6.4"," ","S","26","     8.0"," ","S","30","     7.2"," ","S","26","     8.3"," ","S","26","    26.9"," ","S","26","     3.4"," ","S","26","     7.1"," ","S","26","    11.9"," ","S","26","    16.9"," ","S","26","    18.9"," ","S","26","    21.9"," ","S","26","     0.0"," ","S","26","     1.6"," ","S","26","     0.3"," ","S","26","     0.0","X","S","26","     0.0"," ","S","26","     0.0"," ","S","26","     0.0"," ","S","26","     0.0"," ","S","26","     0.0"," ","S","26","     0.0"," ","S","26","     1.6"," ","S","26","     0.3"," ","S","26","     0.0","X","S","26","     0.0"," ","S","26","     0.0"," ","S","26","     0.0"," ","S","26","     0.0"," ","S","26","     0.0"," ","S","26","     2.4"," ","S","26","     1.8"," ","S","26","    19.4"," ","S","30","    12.9"," ","S","30","     8.0"," ","S","30","     3.2"," ","S","30","     0.4"," ","S","30","     0.0"," ","S","30","     0.0"," ","S","30","     0.0"," ","S","30","    0.05"," ","S","30","    0.17"," ","S","30","    0.41"," ","S","30","    1.46"," ","S","27","    1.46"," ","S","27","     6.2"," ","S","27","     6.0"," ","S","27","     3.7"," ","S","27","     1.9"," ","S","27","     1.4"," ","S","27","     1.3"," ","S","27","     0.0"," ","S","27","     0.0"," ","S","27"," -9999.0","Y"," "," 0"," -9999.0","Y"," "," 0"," -9999.0","Y"," "," 0","     4.7"," ","P","22","     4.7"," ","P","22","    12.9"," ","S","27","     8.3"," ","S","27","     5.3"," ","S","27","     4.2"," ","S","27","     2.8"," ","S","27","     0.0"," ","S","27","     0.0"," ","S","27","     1.0"," ","S","27","     2.0"," ","S","27","     4.0"," ","S","27"
"USC00424508","01-27"," 37.0286","-112.5361","1493.5","KANAB, UT US","01","27","99","    38.2"," ","S","26","    50.9"," ","S","30","    25.6"," ","S","26","    25.4"," ","S","26","     6.4"," ","S","26","     8.1"," ","S","30","     7.2"," ","S","26","     8.3"," ","S","26","    26.8"," ","S","26","     3.4"," ","S","26","     7.1"," ","S","26","    11.8"," ","S","26","    16.8"," ","S","26","    18.8"," ","S","26","    21.8"," ","S","26","     0.0"," ","S","26","     1.6"," ","S","26","     0.3"," ","S","26","     0.0","X","S","26","     0.0"," ","S","26","     0.0"," ","S","26","     0.0"," ","S","26","     0.0"," ","S","26","     0.0"," ","S","26","     0.0"," ","S","26","     1.6"," ","S","26","     0.3"," ","S","26","     0.0","X","S","26","     0.0"," ","S","26","     0.0"," ","S","26","     0.0"," ","S","26","     0.0"," ","S","26","     0.0"," ","S","26","     2.5"," ","S","26","     1.9"," ","S","26","    19.5"," ","S","30","    12.9"," ","S","30","     8.0"," ","S","30","     3.3"," ","S","30","     0.4"," ","S","30","     0.0"," ","S","30","     0.0"," ","S","30","     0.0"," ","S","30","    0.05"," ","S","30","    0.17"," ","S","30","    0.41"," ","S","30","    1.51"," ","S","27","    1.51"," ","S","27","     6.2"," ","S","27","     6.0"," ","S","27","     3.7"," ","S","27","     1.9"," ","S","27","     1.4"," ","S","27","     1.3"," ","S","27","     0.0"," ","S","27","     0.0"," ","S","27"," -9999.0","Y"," "," 0"," -9999.0","Y"," "," 0"," -9999.0","Y"," "," 0","     4.9"," ","P","22","     4.9"," ","P","22","    12.6"," ","S","27","     8.1"," ","S","27","     5.2"," ","S","27","     4.0"," ","S","27","     2.6"," ","S","27","     0.0"," ","S","27","     0.0"," ","S","27","     1.0"," ","S","27","     2.0"," ","S","27","     4.0"," ","S","27"
"USC00424508","01-28"," 37.0286","-112.5361","1493.5","KANAB, UT US","01","28","99","    38.3"," ","S","26","    51.0"," ","S","30","    25.6"," ","S","26","    25.4"," ","S","26","     6.4"," ","S","26","     8.1"," ","S","30","     7.1"," ","S","26","     8.3"," ","S","26","    26.7"," ","S","26","     3.3"," ","S","26","     7.0"," ","S","26","    11.7"," ","S","26","    16.7"," ","S","26","    18.7"," ","S","26","    21.7"," ","S","26","     0.0"," ","S","26","     1.7"," ","S","26","     0.3"," ","S","26","     0.0","X","S","26","     0.0"," ","S","26","     0.0"," ","S","26","     0.0"," ","S","26","     0.0"," ","S","26","     0.0"," ","S","26","     0.0"," ","S","26","     1.7"," ","S","26","     0.3"," ","S","26","     0.0","X","S","26","     0.0"," ","S","26","     0.0"," ","S","26","     0.0"," ","S","26","     0.0"," ","S","26","     0.0"," ","S","26","     2.5"," ","S","26","     1.9"," ","S","26","    19.6"," ","S","30","    12.9"," ","S","30","     8.0"," ","S","30","     3.3"," ","S","30","     0.4"," ","S","30","     0.0"," ","S","30","     0.0"," ","S","30","     0.0"," ","S","30","    0.05"," ","S","30","    0.17"," ","S","30","    0.41"," ","S","30","    1.55"," ","S","27","    1.55"," ","S","27","     6.2"," ","S","27","     6.0"," ","S","27","     3.6"," ","S","27","     1.9"," ","S","27","     1.4"," ","S","27","     1.3"," ","S","27","     0.0"," ","S","27","     0.0"," ","S","27"," -9999.0","Y"," "," 0"," -9999.0","Y"," "," 0"," -9999.0","Y"," "," 0","     5.0"," ","P","22","     5.0"," ","P","22","    12.3"," ","S","27","     7.8"," ","S","27","     5.0"," ","S","27","     3.9"," ","S","27","     2.5"," ","S","27","     0.0"," ","S","27","     0.0"," ","S","27","     1.0"," ","S","27","     2.0"," ","S","27","     4.0"," ","S","27"
"USC00424508","01-29"," 37.0286","-112.5361","1493.5","KANAB, UT US","01","29","99","    38.4"," ","S","26","    51.2"," ","S","30","    25.7"," ","S","26","    25.5"," ","S","26","     6.4"," ","S","26","     8.1"," ","S","30","     7.1"," ","S","26","     8.4"," ","S","26","    26.6"," ","S","26","     3.3"," ","S","26","     6.9"," ","S","26","    11.6"," ","S","26","    16.6"," ","S","26","    18.6"," ","S","26","    21.6"," ","S","26","     0.0"," ","S","26","     1.7"," ","S","26","     0.3"," ","S","26","     0.0","X","S","26","     0.0"," ","S","26","     0.0"," ","S","26","     0.0"," ","S","26","     0.0"," ","S","26","     0.0"," ","S","26","     0.0"," ","S","26","     1.7"," ","S","26","     0.3"," ","S","26","     0.0","X","S","26","     0.0"," ","S","26","     0.0"," ","S","26","     0.0"," ","S","26","     0.0"," ","S","26","     0.0"," ","S","26","     2.6"," ","S","26","     2.0"," ","S","26","    19.6"," ","S","30","    12.9"," ","S","30","     8.0"," ","S","30","     3.3"," ","S","30","     0.4"," ","S","30","     0.0"," ","S","30","     0.0"," ","S","30","     0.0"," ","S","30","    0.05"," ","S","30","    0.17"," ","S","30","    0.41"," ","S","30","    1.60"," ","S","27","    1.60"," ","S","27","     6.2"," ","S","27","     6.0"," ","S","27","     3.6"," ","S","27","     1.9"," ","S","27","     1.4"," ","S","27","     1.3"," ","S","27","     0.0"," ","S","27","     0.0"," ","S","27"," -9999.0","Y"," "," 0"," -9999.0","Y"," "," 0"," -9999.0","Y"," "," 0","     5.1"," ","P","22","     5.1"," ","P","22","    12.0"," ","S","27","     7.5"," ","S","27","     4.8"," ","S","27","     3.7"," ","S","27","     2.4"," ","S","27","     0.0"," ","S","27","     0.0"," ","S","27","     1.0"," ","S","27","     2.0"," ","S","27","     4.0"," ","S","27"
"USC00424508","01-30"," 37.0286","-112.5361","1493.5","KANAB, UT US","01","30","99","    38.5"," ","S","26","    51.3"," ","S","30","    25.8"," ","S","26","    25.5"," ","S","26","     6.4"," ","S","26","     8.1"," ","S","30","     7.1"," ","S","26","     8.4"," ","S","26","    26.5"," ","S","26","     3.2"," ","S","26","     6.8"," ","S","26","    11.5"," ","S","26","    16.5"," ","S","26","    18.5"," ","S","26","    21.5"," ","S","26","     0.0"," ","S","26","     1.8"," ","S","26","     0.3"," ","S","26","     0.0","X","S","26","     0.0"," ","S","26","     0.0"," ","S","26","     0.0"," ","S","26","     0.0"," ","S","26","     0.0"," ","S","26","     0.0"," ","S","26","     1.8"," ","S","26","     0.3"," ","S","26","     0.0","X","S","26","     0.0"," ","S","26","     0.0"," ","S","26","     0.0"," ","S","26","     0.0"," ","S","26","     0.0"," ","S","26","     2.6"," ","S","26","     2.0"," ","S","26","    19.7"," ","S","30","    12.9"," ","S","30","     8.0"," ","S","30","     3.4"," ","S","30","     0.4"," ","S","30","     0.0"," ","S","30","     0.0"," ","S","30","     0.0"," ","S","30","    0.05"," ","S","30","    0.17"," ","S","30","    0.41"," ","S","30","    1.66"," ","S","27","    1.66"," ","S","27","     6.2"," ","S","27","     6.0"," ","S","27","     3.6"," ","S","27","     1.9"," ","S","27","     1.5"," ","S","27","     1.4"," ","S","27","     0.0"," ","S","27","     0.0"," ","S","27"," -9999.0","Y"," "," 0"," -9999.0","Y"," "," 0"," -9999.0","Y"," "," 0","     5.3"," ","P","22","     5.3"," ","P","22","    11.7"," ","S","27","     7.3"," ","S","27","     4.6"," ","S","27","     3.5"," ","S","27","     2.3"," ","S","27","     0.0"," ","S","27","     0.0"," ","S","27","     1.0"," ","S","27","     2.0"," ","S","27","     4.0"," ","S","27"
"USC00424508","01-31"," 37.0286","-112.5361","1493.5","KANAB, UT US","01","31","99","    38.7"," ","S","26","    51.4"," ","S","30","    25.9"," ","S","26","    25.6"," ","S","26","     6.4"," ","S","26","     8.2"," ","S","30","     7.0"," ","S","26","     8.4"," ","S","26","    26.3"," ","S","26","     3.2"," ","S","26","     6.7"," ","S","26","    11.4"," ","S","26","    16.3"," ","S","26","    18.3"," ","S","26","    21.3"," ","S","26","     0.0"," ","S","26","     1.8"," ","S","26","     0.4"," ","S","26","     0.0","X","S","26","     0.0"," ","S","26","     0.0"," ","S","26","     0.0"," ","S","26","     0.0"," ","S","26","     0.0"," ","S","26","     0.0"," ","S","26","     1.8"," ","S","26","     0.4"," ","S","26","     0.0","X","S","26","     0.0"," ","S","26","     0.0"," ","S","26","     0.0"," ","S","26","     0.0"," ","S","26","     0.0"," ","S","26","     2.7"," ","S","26","     2.1"," ","S","26","    19.9"," ","S","30","    13.0"," ","S","30","     8.0"," ","S","30","     3.4"," ","S","30","     0.4"," ","S","30","     0.0"," ","S","30","     0.0"," ","S","30","     0.0"," ","S","30","    0.05"," ","S","30","    0.17"," ","S","30","    0.41"," ","S","30","    1.71"," ","S","27","    1.71"," ","S","27","     6.3"," ","S","27","     6.0"," ","S","27","     3.6"," ","S","27","     1.9"," ","S","27","     1.5"," ","S","27","     1.4"," ","S","27","     0.0"," ","S","27","     0.0"," ","S","27"," -9999.0","Y"," "," 0"," -9999.0","Y"," "," 0"," -9999.0","Y"," "," 0","     5.4"," ","P","22","     5.4"," ","P","22","    11.4"," ","S","27","     7.0"," ","S","27","     4.5"," ","S","27","     3.4"," ","S","27","     2.2"," ","S","27","     0.0"," ","S","27","     0.0"," ","S","27","     1.0"," ","S","27","     2.0"," ","S","27","     4.0"," ","S","27"
"USC00424508","02-01"," 37.0286","-112.5361","1493.5","KANAB, UT US","02","01","99","    38.8"," ","S","26","    51.6"," ","S","30","    26.0"," ","S","26","    25.6"," ","S","26","     6.4"," ","S","26","     8.2"," ","S","30","     7.0"," ","S","26","     8.4"," ","S","26","    26.2"," ","S","26","     3.2"," ","S","26","     6.6"," ","S","26","    11.3"," ","S","26","    16.2"," ","S","26","    18.2"," ","S","26","    21.2"," ","S","26","     0.0"," ","S","26","     1.9"," ","S","26","     0.4"," ","S","26","     0.0","X","S","26","     0.0"," ","S","26","     0.0"," ","S","26","     0.0"," ","S","26","     0.0"," ","S","26","     0.0"," ","S","26","     0.0"," ","S","26","     1.9"," ","S","26","     0.4"," ","S","26","     0.0","X","S","26","     0.0"," ","S","26","     0.0"," ","S","26","     0.0"," ","S","26","     0.0"," ","S","26","     0.0"," ","S","26","     2.8"," ","S","26","     2.1"," ","S","26","    20.0"," ","S","30","    13.0"," ","S","30","     8.1"," ","S","30","     3.5"," ","S","30","     0.4"," ","S","30","     0.0"," ","S","30","     0.0"," ","S","30","     0.0"," ","S","30","    0.05"," ","S","30","    0.17"," ","S","30","    0.41"," ","S","30","    0.06"," ","S","27","    1.77"," ","S","27","     6.3"," ","S","27","     6.0"," ","S","27","     3.7"," ","S","27","     2.0"," ","S","27","     1.5"," ","S","27","     1.4"," ","S","27","     0.0"," ","S","27","     0.0"," ","S","27"," -9999.0","Y"," "," 0"," -9999.0","Y"," "," 0"," -9999.0","Y"," "," 0","     0.2"," ","S","24","     5.6"," ","S","24","    11.1"," ","S","27","     6.8"," ","S","27","     4.4"," ","S","27","     3.3"," ","S","27","     2.1"," ","S","27","     0.0"," ","S","27","     0.0"," ","S","27","     1.0"," ","S","27","     2.0"," ","S","27","     4.0"," ","S","27"
"USC00424508","02-02"," 37.0286","-112.5361","1493.5","KANAB, UT US","02","02","99","    38.9"," ","S","26","    51.7"," ","S","30","    26.1"," ","S","26","    25.6"," ","S","26","     6.4"," ","S","26","     8.2"," ","S","30","     7.0"," ","S","26","     8.4"," ","S","26","    26.1"," ","S","26","     3.1"," ","S","26","     6.5"," ","S","26","    11.2"," ","S","26","    16.1"," ","S","26","    18.1"," ","S","26","    21.1"," ","S","26","     0.0"," ","S","26","     2.0"," ","S","26","     0.4"," ","S","26","     0.0","X","S","26","     0.0"," ","S","26","     0.0"," ","S","26","     0.0"," ","S","26","     0.0"," ","S","26","     0.0"," ","S","26","     0.0"," ","S","26","     2.0"," ","S","26","     0.4"," ","S","26","     0.0","X","S","26","     0.0"," ","S","26","     0.0"," ","S","26","     0.0"," ","S","26","     0.0"," ","S","26","     0.0"," ","S","26","     2.8"," ","S","26","     2.2"," ","S","26","    20.2"," ","S","30","    13.1"," ","S","30","     8.1"," ","S","30","     3.6"," ","S","30","     0.4"," ","S","30","     0.0"," ","S","30","     0.0"," ","S","30","     0.0"," ","S","30","    0.05"," ","S","30","    0.17"," ","S","30","    0.41"," ","S","30","    0.11"," ","S","27","    1.82"," ","S","27","     6.3"," ","S","27","     6.1"," ","S","27","     3.7"," ","S","27","     2.0"," ","S","27","     1.5"," ","S","27","     1.4"," ","S","27","     0.0"," ","S","27","     0.0"," ","S","27"," -9999.0","Y"," "," 0"," -9999.0","Y"," "," 0"," -9999.0","Y"," "," 0","     0.3"," ","S","24","     5.7"," ","S","24","    10.8"," ","S","27","     6.6"," ","S","27","     4.2"," ","S","27","     3.2"," ","S","27","     2.0"," ","S","27","     0.0"," ","S","27","     0.0"," ","S","27","     1.0"," ","S","27","     2.0"," ","S","27","     4.0"," ","S","27"
"USC00424508","02-03"," 37.0286","-112.5361","1493.5","KANAB, UT US","02","03","99","    39.0"," ","S","26","    51.8"," ","S","30","    26.1"," ","S","26","    25.7"," ","S","26","     6.3"," ","S","26","     8.2"," ","S","30","     7.0"," ","S","26","     8.4"," ","S","26","    26.0"," ","S","26","     3.1"," ","S","26","     6.5"," ","S","26","    11.0"," ","S","26","    16.0"," ","S","26","    18.0"," ","S","26","    21.0"," ","S","26","     0.0"," ","S","26","     2.1"," ","S","26","     0.5"," ","S","26","     0.0","X","S","26","     0.0"," ","S","26","     0.0"," ","S","26","     0.0"," ","S","26","     0.0"," ","S","26","     0.0"," ","S","26","     0.0"," ","S","26","     2.1"," ","S","26","     0.5"," ","S","26","     0.0","X","S","26","     0.0"," ","S","26","     0.0"," ","S","26","     0.0"," ","S","26","     0.0"," ","S","26","     0.0"," ","S","26","     2.9"," ","S","26","     2.3"," ","S","26","    20.4"," ","S","30","    13.2"," ","S","30","     8.2"," ","S","30","     3.6"," ","S","30","     0.4"," ","S","30","     0.0"," ","S","30","     0.0"," ","S","30","     0.0"," ","S","30","    0.05"," ","S","30","    0.17"," ","S","30","    0.41"," ","S","30","    0.17"," ","S","27","    1.88"," ","S","27","     6.4"," ","S","27","     6.1"," ","S","27","     3.7"," ","S","27","     2.0"," ","S","27","     1.5"," ","S","27","     1.4"," ","S","27","     0.0"," ","S","27","     0.0"," ","S","27"," -9999.0","Y"," "," 0"," -9999.0","Y"," "," 0"," -9999.0","Y"," "," 0","     0.5"," ","S","24","     5.9"," ","S","24","    10.5"," ","S","27","     6.4"," ","S","27","     4.1"," ","S","27","     3.1"," ","S","27","     1.9"," ","S","27","     0.0"," ","S","27","     0.0"," ","S","27","     1.0"," ","S","27","     2.0"," ","S","27","     4.0"," ","S","27"
"USC00424508","02-04"," 37.0286","-112.5361","1493.5","KANAB, UT US","02","04","99","    39.1"," ","S","26","    52.0"," ","S","30","    26.2"," ","S","26","    25.7"," ","S","26","     6.3"," ","S","26","     8.2"," ","S","30","     6.9"," ","S","26","     8.4"," ","S","26","    25.9"," ","S","26","     3.1"," ","S","26","     6.4"," ","S","26","    10.9"," ","S","26","    15.9"," ","S","26","    17.9"," ","S","26","    20.9"," ","S","26","     0.0"," ","S","26","     2.2"," ","S","26","     0.5"," ","S","26","     0.0","X","S","26","     0.0"," ","S","26","     0.0"," ","S","26","     0.0"," ","S","26","     0.0"," ","S","26","     0.0"," ","S","26","     0.0"," ","S","26","     2.2"," ","S","26","     0.5"," ","S","26","     0.0","X","S","26","     0.0"," ","S","26","     0.0"," ","S","26","     0.0"," ","S","26","     0.0"," ","S","26","     0.0"," ","S","26","     2.9"," ","S","26","     2.3"," ","S","26","    20.6"," ","S","30","    13.3"," ","S","30","     8.3"," ","S","30","     3.7"," ","S","30","     0.4"," ","S","30","     0.0"," ","S","30","     0.0"," ","S","30","     0.0"," ","S","30","    0.05"," ","S","30","    0.16"," ","S","30","    0.40"," ","S","30","    0.23"," ","S","27","    1.94"," ","S","27","     6.4"," ","S","27","     6.1"," ","S","27","     3.7"," ","S","27","     2.1"," ","S","27","     1.6"," ","S","27","     1.4"," ","S","27","     0.0"," ","S","27","     0.0"," ","S","27"," -9999.0","Y"," "," 0"," -9999.0","Y"," "," 0"," -9999.0","Y"," "," 0","     0.6"," ","S","24","     6.0"," ","S","24","    10.2"," ","S","27","     6.2"," ","S","27","     4.0"," ","S","27","     3.0"," ","S","27","     1.8"," ","S","27","     0.0"," ","S","27","     0.0"," ","S","27","     1.0"," ","S","27","     2.0"," ","S","27","     4.0"," ","S","27"
"USC00424508","02-05"," 37.0286","-112.5361","1493.5","KANAB, UT US","02","05","99","    39.2"," ","S","26","    52.1"," ","S","30","    26.4"," ","S","26","    25.8"," ","S","26","     6.3"," ","S","26","     8.2"," ","S","30","     6.9"," ","S","26","     8.4"," ","S","26","    25.8"," ","S","26","     3.0"," ","S","26","     6.3"," ","S","26","    10.8"," ","S","26","    15.8"," ","S","26","    17.8"," ","S","26","    20.8"," ","S","26","     0.0"," ","S","26","     2.3"," ","S","26","     0.6"," ","S","26","     0.1"," ","S","26","     0.0"," ","S","26","     0.0"," ","S","26","     0.0"," ","S","26","     0.0"," ","S","26","     0.0"," ","S","26","     0.0"," ","S","26","     2.3"," ","S","26","     0.6"," ","S","26","     0.1"," ","S","26","     0.0"," ","S","26","     0.0"," ","S","26","     0.0"," ","S","26","     0.0"," ","S","26","     0.0"," ","S","26","     3.0"," ","S","26","     2.4"," ","S","26","    20.8"," ","S","30","    13.4"," ","S","30","     8.3"," ","S","30","     3.8"," ","S","30","     0.5"," ","S","30","     0.1"," ","S","30","     0.0"," ","S","30","     0.0"," ","S","30","    0.05"," ","S","30","    0.16"," ","S","30","    0.40"," ","S","30","    0.29"," ","S","27","    2.00"," ","S","27","     6.4"," ","S","27","     6.2"," ","S","27","     3.7"," ","S","27","     2.1"," ","S","27","     1.6"," ","S","27","     1.5"," ","S","27","     0.0"," ","S","27","     0.0"," ","S","27"," -9999.0","Y"," "," 0"," -9999.0","Y"," "," 0"," -9999.0","Y"," "," 0","     0.8"," ","S","24","     6.2"," ","S","24","     9.9"," ","S","27","     6.0"," ","S","27","     3.9"," ","S","27","     2.9"," ","S","27","     1.8"," ","S","27","     0.0"," ","S","27","     0.0"," ","S","27"," -9999.0","Y"," "," 0"," -9999.0","Y"," "," 0"," -9999.0","Y"," "," 0"
"USC00424508","02-06"," 37.0286","-112.5361","1493.5","KANAB, UT US","02","06","99","    39.4"," ","S","26","    52.3"," ","S","30","    26.5"," ","S","26","    25.8"," ","S","26","     6.3"," ","S","26","     8.3"," ","S","30","     6.9"," ","S","26","     8.5"," ","S","26","    25.6"," ","S","26","     3.0"," ","S","26","     6.2"," ","S","26","    10.7"," ","S","26","    15.6"," ","S","26","    17.6"," ","S","26","    20.6"," ","S","26","     0.0"," ","S","26","     2.3"," ","S","26","     0.6"," ","S","26","     0.1"," ","S","26","     0.0"," ","S","26","     0.0"," ","S","26","     0.0"," ","S","26","     0.0"," ","S","26","     0.0"," ","S","26","     0.0"," ","S","26","     2.3"," ","S","26","     0.6"," ","S","26","     0.1"," ","S","26","     0.0"," ","S","26","     0.0"," ","S","26","     0.0"," ","S","26","     0.0"," ","S","26","     0.0"," ","S","26","     3.0"," ","S","26","     2.4"," ","S","26","    21.1"," ","S","30","    13.6"," ","S","30","     8.4"," ","S","30","     3.8"," ","S","30","     0.5"," ","S","30","     0.1"," ","S","30","     0.0"," ","S","30","     0.0"," ","S","30","    0.06"," ","S","30","    0.16"," ","S","30","    0.40"," ","S","30","    0.35"," ","S","27","    2.06"," ","S","27","     6.5"," ","S","27","     6.2"," ","S","27","     3.8"," ","S","27","     2.1"," ","S","27","     1.6"," ","S","27","     1.5"," ","S","27","     0.0"," ","S","27","     0.0"," ","S","27"," -9999.0","Y"," "," 0"," -9999.0","Y"," "," 0"," -9999.0","Y"," "," 0","     1.0"," ","S","24","     6.4"," ","S","24","     9.7"," ","S","27","     5.8"," ","S","27","     3.8"," ","S","27","     2.8"," ","S","27","     1.7"," ","S","27","     0.0"," ","S","27","     0.0"," ","S","27"," -9999.0","Y"," "," 0"," -9999.0","Y"," "," 0"," -9999.0","Y"," "," 0"
"USC00424508","02-07"," 37.0286","-112.5361","1493.5","KANAB, UT US","02","07","99","    39.5"," ","S","26","    52.4"," ","S","30","    26.6"," ","S","26","    25.8"," ","S","26","     6.3"," ","S","26","     8.3"," ","S","30","     6.9"," ","S","26","     8.5"," ","S","26","    25.5"," ","S","26","     2.9"," ","S","26","     6.1"," ","S","26","    10.6"," ","S","26","    15.5"," ","S","26","    17.5"," ","S","26","    20.5"," ","S","26","     0.0"," ","S","26","     2.4"," ","S","26","     0.6"," ","S","26","     0.1"," ","S","26","     0.0"," ","S","26","     0.0"," ","S","26","     0.0"," ","S","26","     0.0"," ","S","26","     0.0"," ","S","26","     0.0"," ","S","26","     2.4"," ","S","26","     0.6"," ","S","26","     0.1"," ","S","26","     0.0"," ","S","26","     0.0"," ","S","26","     0.0"," ","S","26","     0.0"," ","S","26","     0.0"," ","S","26","     3.1"," ","S","26","     2.5"," ","S","26","    21.4"," ","S","30","    13.8"," ","S","30","     8.5"," ","S","30","     3.9"," ","S","30","     0.5"," ","S","30","     0.1"," ","S","30","     0.0"," ","S","30","     0.0"," ","S","30","    0.06"," ","S","30","    0.16"," ","S","30","    0.40"," ","S","30","    0.41"," ","S","27","    2.12"," ","S","27","     6.5"," ","S","27","     6.2"," ","S","27","     3.8"," ","S","27","     2.2"," ","S","27","     1.6"," ","S","27","     1.5"," ","S","27","     0.0"," ","S","27","     0.0"," ","S","27"," -9999.0","Y"," "," 0"," -9999.0","Y"," "," 0"," -9999.0","Y"," "," 0","     1.2"," ","S","24","     6.6"," ","S","24","     9.5"," ","S","27","     5.6"," ","S","27","     3.7"," ","S","27","     2.7"," ","S","27","     1.6"," ","S","27","     0.0"," ","S","27","     0.0"," ","S","27"," -9999.0","Y"," "," 0"," -9999.0","Y"," "," 0"," -9999.0","Y"," "," 0"
"USC00424508","02-08"," 37.0286","-112.5361","1493.5","KANAB, UT US","02","08","99","    39.6"," ","S","26","    52.6"," ","S","30","    26.7"," ","S","26","    25.9"," ","S","26","     6.3"," ","S","26","     8.3"," ","S","30","     6.9"," ","S","26","     8.5"," ","S","26","    25.4"," ","S","26","     2.8"," ","S","26","     6.0"," ","S","26","    10.4"," ","S","26","    15.4"," ","S","26","    17.4"," ","S","26","    20.4"," ","S","26","     0.0"," ","S","26","     2.4"," ","S","26","     0.6"," ","S","26","     0.1"," ","S","26","     0.0"," ","S","26","     0.0"," ","S","26","     0.0"," ","S","26","     0.0"," ","S","26","     0.0"," ","S","26","     0.0"," ","S","26","     2.4"," ","S","26","     0.6"," ","S","26","     0.1"," ","S","26","     0.0"," ","S","26","     0.0"," ","S","26","     0.0"," ","S","26","     0.0"," ","S","26","     0.0"," ","S","26","     3.2"," ","S","26","     2.5"," ","S","26","    21.7"," ","S","30","    13.9"," ","S","30","     8.6"," ","S","30","     4.0"," ","S","30","     0.5"," ","S","30","     0.1"," ","S","30","     0.0"," ","S","30","     0.0"," ","S","30","    0.06"," ","S","30","    0.16"," ","S","30","    0.40"," ","S","30","    0.47"," ","S","27","    2.18"," ","S","27","     6.5"," ","S","27","     6.2"," ","S","27","     3.8"," ","S","27","     2.2"," ","S","27","     1.6"," ","S","27","     1.5"," ","S","27","     0.0"," ","S","27","     0.0"," ","S","27"," -9999.0","Y"," "," 0"," -9999.0","Y"," "," 0"," -9999.0","Y"," "," 0","     1.4"," ","S","24","     6.8"," ","S","24","     9.2"," ","S","27","     5.4"," ","S","27","     3.6"," ","S","27","     2.5"," ","S","27","     1.5"," ","S","27","     0.0"," ","S","27","     0.0"," ","S","27"," -9999.0","Y"," "," 0"," -9999.0","Y"," "," 0"," -9999.0","Y"," "," 0"
"USC00424508","02-09"," 37.0286","-112.5361","1493.5","KANAB, UT US","02","09","99","    39.8"," ","S","26","    52.7"," ","S","30","    26.8"," ","S","26","    25.9"," ","S","26","     6.3"," ","S","26","     8.4"," ","S","30","     6.8"," ","S","26","     8.5"," ","S","26","    25.2"," ","S","26","     2.7"," ","S","26","     5.9"," ","S","26","    10.3"," ","S","26","    15.2"," ","S","26","    17.2"," ","S","26","    20.2"," ","S","26","     0.0"," ","S","26","     2.5"," ","S","26","     0.6"," ","S","26","     0.1"," ","S","26","     0.0"," ","S","26","     0.0"," ","S","26","     0.0"," ","S","26","     0.0"," ","S","26","     0.0"," ","S","26","     0.0"," ","S","26","     2.5"," ","S","26","     0.6"," ","S","26","     0.1"," ","S","26","     0.0"," ","S","26","     0.0"," ","S","26","     0.0"," ","S","26","     0.0"," ","S","26","     0.0"," ","S","26","     3.2"," ","S","26","     2.6"," ","S","26","    22.0"," ","S","30","    14.0"," ","S","30","     8.7"," ","S","30","     4.0"," ","S","30","     0.6"," ","S","30","     0.1"," ","S","30","     0.0"," ","S","30","     0.0"," ","S","30","    0.05"," ","S","30","    0.16"," ","S","30","    0.39"," ","S","30","    0.53"," ","S","27","    2.24"," ","S","27","     6.6"," ","S","27","     6.2"," ","S","27","     3.8"," ","S","27","     2.2"," ","S","27","     1.6"," ","S","27","     1.5"," ","S","27","     0.0"," ","S","27","     0.0"," ","S","27"," -9999.0","Y"," "," 0"," -9999.0","Y"," "," 0"," -9999.0","Y"," "," 0","     1.6"," ","S","24","     7.0"," ","S","24","     9.0"," ","S","27","     5.2"," ","S","27","     3.4"," ","S","27","     2.4"," ","S","27","     1.4"," ","S","27","     0.1"," ","S","27","     0.0"," ","S","27"," -9999.0","Y"," "," 0"," -9999.0","Y"," "," 0"," -9999.0","Y"," "," 0"
"USC00424508","02-10"," 37.0286","-112.5361","1493.5","KANAB, UT US","02","10","99","    39.9"," ","S","26","    52.9"," ","S","30","    27.0"," ","S","26","    25.9"," ","S","26","     6.3"," ","S","26","     8.4"," ","S","30","     6.8"," ","S","26","     8.6"," ","S","26","    25.1"," ","S","26","     2.6"," ","S","26","     5.7"," ","S","26","    10.1"," ","S","26","    15.1"," ","S","26","    17.1"," ","S","26","    20.1"," ","S","26","     0.0"," ","S","26","     2.5"," ","S","26","     0.6"," ","S","26","     0.1"," ","S","26","     0.0"," ","S","26","     0.0"," ","S","26","     0.0"," ","S","26","     0.0"," ","S","26","     0.0"," ","S","26","     0.0"," ","S","26","     2.5"," ","S","26","     0.6"," ","S","26","     0.1"," ","S","26","     0.0"," ","S","26","     0.0"," ","S","26","     0.0"," ","S","26","     0.0"," ","S","26","     0.0"," ","S","26","     3.3"," ","S","26","     2.6"," ","S","26","    22.3"," ","S","30","    14.2"," ","S","30","     8.8"," ","S","30","     4.1"," ","S","30","     0.6"," ","S","30","     0.1"," ","S","30","     0.0"," ","S","30","     0.0"," ","S","30","    0.05"," ","S","30","    0.16"," ","S","30","    0.39"," ","S","30","    0.60"," ","S","27","    2.31"," ","S","27","     6.6"," ","S","27","     6.2"," ","S","27","     3.8"," ","S","27","     2.3"," ","S","27","     1.6"," ","S","27","     1.5"," ","S","27","     0.1"," ","S","27","     0.0"," ","S","27"," -9999.0","Y"," "," 0"," -9999.0","Y"," "," 0"," -9999.0","Y"," "," 0","     1.8"," ","S","24","     7.2"," ","S","24","     8.7"," ","S","27","     5.0"," ","S","27","     3.3"," ","S","27","     2.3"," ","S","27","     1.4"," ","S","27","     0.1"," ","S","27","     0.0"," ","S","27"," -9999.0","Y"," "," 0"," -9999.0","Y"," "," 0"," -9999.0","Y"," "," 0"
"USC00424508","02-11"," 37.0286","-112.5361","1493.5","KANAB, UT US","02","11","99","    40.1"," ","S","26","    53.1"," ","S","30","    27.1"," ","S","26","    26.0"," ","S","26","     6.3"," ","S","26","     8.4"," ","S","30","     6.8"," ","S","26","     8.6"," ","S","26","    24.9"," ","S","26","     2.4"," ","S","26","     5.6"," ","S","26","    10.0"," ","S","26","    14.9"," ","S","26","    16.9"," ","S","26","    19.9"," ","S","26","     0.0"," ","S","26","     2.5"," ","S","26","     0.7"," ","S","26","     0.1"," ","S","26","     0.0"," ","S","26","     0.0"," ","S","26","     0.0"," ","S","26","     0.0"," ","S","26","     0.0"," ","S","26","     0.0"," ","S","26","     2.5"," ","S","26","     0.7"," ","S","26","     0.1"," ","S","26","     0.0"," ","S","26","     0.0"," ","S","26","     0.0"," ","S","26","     0.0"," ","S","26","     0.0"," ","S","26","     3.3"," ","S","26","     2.6"," ","S","26","    22.6"," ","S","30","    14.3"," ","S","30","     8.9"," ","S","30","     4.2"," ","S","30","     0.6"," ","S","30","     0.1"," ","S","30","     0.0"," ","S","30","     0.0"," ","S","30","    0.05"," ","S","30","    0.16"," ","S","30","    0.39"," ","S","30","    0.66"," ","S","27","    2.37"," ","S","27","     6.6"," ","S","27","     6.2"," ","S","27","     3.8"," ","S","27","     2.3"," ","S","27","     1.6"," ","S","27","     1.5"," ","S","27","     0.1"," ","S","27","     0.0"," ","S","27"," -9999.0","Y"," "," 0"," -9999.0","Y"," "," 0"," -9999.0","Y"," "," 0","     2.0"," ","S","24","     7.4"," ","S","24","     8.5"," ","S","27","     4.8"," ","S","27","     3.2"," ","S","27","     2.2"," ","S","27","     1.3"," ","S","27","     0.1"," ","S","27","     0.0"," ","S","27"," -9999.0","Y"," "," 0"," -9999.0","Y"," "," 0"," -9999.0","Y"," "," 0"
"USC00424508","02-12"," 37.0286","-112.5361","1493.5","KANAB, UT US","02","12","99","    40.3"," ","S","26","    53.3"," ","S","30","    27.3"," ","S","26","    26.0"," ","S","26","     6.3"," ","S","26","     8.4"," ","S","30","     6.8"," ","S","26","     8.6"," ","S","26","    24.7"," ","S","26","     2.3"," ","S","26","     5.4"," ","S","26","     9.8"," ","S","26","    14.7"," ","S","26","    16.7"," ","S","26","    19.7"," ","S","26","     0.0"," ","S","26","     2.6"," ","S","26","     0.7"," ","S","26","     0.1"," ","S","26","     0.0","X","S","26","     0.0"," ","S","26","     0.0"," ","S","26","     0.0"," ","S","26","     0.0"," ","S","26","     0.0"," ","S","26","     2.6"," ","S","26","     0.7"," ","S","26","     0.1"," ","S","26","     0.0","X","S","26","     0.0"," ","S","26","     0.0"," ","S","26","     0.0"," ","S","26","     0.0"," ","S","26","     3.4"," ","S","26","     2.7"," ","S","26","    22.9"," ","S","30","    14.5"," ","S","30","     9.0"," ","S","30","     4.3"," ","S","30","     0.7"," ","S","30","     0.1"," ","S","30","     0.0"," ","S","30","     0.0"," ","S","30","    0.05"," ","S","30","    0.16"," ","S","30","    0.39"," ","S","30","    0.72"," ","S","27","    2.43"," ","S","27","     6.6"," ","S","27","     6.2"," ","S","27","     3.8"," ","S","27","     2.3"," ","S","27","     1.6"," ","S","27","     1.5"," ","S","27","     0.1"," ","S","27","     0.0"," ","S","27"," -9999.0","Y"," "," 0"," -9999.0","Y"," "," 0"," -9999.0","Y"," "," 0","     2.2"," ","S","24","     7.6"," ","S","24","     8.2"," ","S","27","     4.7"," ","S","27","     3.1"," ","S","27","     2.1"," ","S","27","     1.2"," ","S","27","     0.1"," ","S","27","     0.0"," ","S","27"," -9999.0","Y"," "," 0"," -9999.0","Y"," "," 0"," -9999.0","Y"," "," 0"
"USC00424508","02-13"," 37.0286","-112.5361","1493.5","KANAB, UT US","02","13","99","    40.4"," ","S","26","    53.4"," ","S","30","    27.4"," ","S","26","    26.0"," ","S","26","     6.3"," ","S","26","     8.4"," ","S","30","     6.8"," ","S","26","     8.6"," ","S","26","    24.6"," ","S","26","     2.3"," ","S","26","     5.3"," ","S","26","     9.6"," ","S","26","    14.6"," ","S","26","    16.6"," ","S","26","    19.6"," ","S","26","     0.0"," ","S","26","     2.7"," ","S","26","     0.7"," ","S","26","     0.1"," ","S","26","     0.0","X","S","26","     0.0"," ","S","26","     0.0"," ","S","26","     0.0"," ","S","26","     0.0"," ","S","26","     0.0"," ","S","26","     2.7"," ","S","26","     0.7"," ","S","26","     0.1"," ","S","26","     0.0","X","S","26","     0.0"," ","S","26","     0.0"," ","S","26","     0.0"," ","S","26","     0.0"," ","S","26","     3.4"," ","S","26","     2.8"," ","S","26","    23.1"," ","S","30","    14.6"," ","S","30","     9.1"," ","S","30","     4.3"," ","S","30","     0.7"," ","S","30","     0.1"," ","S","30","     0.0"," ","S","30","     0.0"," ","S","30","    0.05"," ","S","30","    0.16"," ","S","30","    0.39"," ","S","30","    0.78"," ","S","27","    2.49"," ","S","27","     6.6"," ","S","27","     6.2"," ","S","27","     3.8"," ","S","27","     2.4"," ","S","27","     1.7"," ","S","27","     1.5"," ","S","27","     0.1"," ","S","27","     0.0"," ","S","27"," -9999.0","Y"," "," 0"," -9999.0","Y"," "," 0"," -9999.0","Y"," "," 0","     2.5"," ","S","24","     7.9"," ","S","24","     8.0"," ","S","27","     4.5"," ","S","27","     3.0"," ","S","27","     2.0"," ","S","27","     1.2"," ","S","27","     0.1"," ","S","27","     0.0"," ","S","27"," -9999.0","Y"," "," 0"," -9999.0","Y"," "," 0"," -9999.0","Y"," "," 0"
"USC00424508","02-14"," 37.0286","-112.5361","1493.5","KANAB, UT US","02","14","99","    40.6"," ","S","26","    53.6"," ","S","30","    27.6"," ","S","26","    26.1"," ","S","26","     6.3"," ","S","26","     8.4"," ","S","30","     6.8"," ","S","26","     8.6"," ","S","26","    24.4"," ","S","26","     2.2"," ","S","26","     5.2"," ","S","26","     9.5"," ","S","26","    14.4"," ","S","26","    16.4"," ","S","26","    19.4"," ","S","26","     0.0"," ","S","26","     2.8"," ","S","26","     0.8"," ","S","26","     0.1"," ","S","26","     0.0","X","S","26","     0.0"," ","S","26","     0.0"," ","S","26","     0.0"," ","S","26","     0.0"," ","S","26","     0.0"," ","S","26","     2.8"," ","S","26","     0.8"," ","S","26","     0.1"," ","S","26","     0.0","X","S","26","     0.0"," ","S","26","     0.0"," ","S","26","     0.0"," ","S","26","     0.0"," ","S","26","     3.5"," ","S","26","     2.8"," ","S","26","    23.3"," ","S","30","    14.8"," ","S","30","     9.2"," ","S","30","     4.4"," ","S","30","     0.8"," ","S","30","     0.1"," ","S","30","     0.0"," ","S","30","     0.0"," ","S","30","    0.05"," ","S","30","    0.16"," ","S","30","    0.38"," ","S","30","    0.85"," ","S","27","    2.56"," ","S","27","     6.7"," ","S","27","     6.2"," ","S","27","     3.8"," ","S","27","     2.4"," ","S","27","     1.7"," ","S","27","     1.5"," ","S","27","     0.1"," ","S","27","     0.0"," ","S","27"," -9999.0","Y"," "," 0"," -9999.0","Y"," "," 0"," -9999.0","Y"," "," 0","     2.7"," ","S","24","     8.1"," ","S","24","     7.8"," ","S","27","     4.4"," ","S","27","     2.9"," ","S","27","     2.0"," ","S","27","     1.1"," ","S","27","     0.1"," ","S","27","     0.0"," ","S","27"," -9999.0","Y"," "," 0"," -9999.0","Y"," "," 0"," -9999.0","Y"," "," 0"
"USC00424508","02-15"," 37.0286","-112.5361","1493.5","KANAB, UT US","02","15","99","    40.8"," ","S","26","    53.9"," ","S","30","    27.7"," ","S","26","    26.1"," ","S","26","     6.3"," ","S","26","     8.4"," ","S","30","     6.8"," ","S","26","     8.7"," ","S","26","    24.2"," ","S","26","     2.1"," ","S","26","     5.1"," ","S","26","     9.3"," ","S","26","    14.2"," ","S","26","    16.2"," ","S","26","    19.2"," ","S","26","     0.0"," ","S","26","     2.9"," ","S","26","     0.9"," ","S","26","     0.1"," ","S","26","     0.0","X","S","26","     0.0"," ","S","26","     0.0"," ","S","26","     0.0"," ","S","26","     0.0"," ","S","26","     0.0"," ","S","26","     2.9"," ","S","26","     0.9"," ","S","26","     0.1"," ","S","26","     0.0","X","S","26","     0.0"," ","S","26","     0.0"," ","S","26","     0.0"," ","S","26","     0.0"," ","S","26","     3.6"," ","S","26","     2.9"," ","S","26","    23.5"," ","S","30","    14.9"," ","S","30","     9.3"," ","S","30","     4.4"," ","S","30","     0.8"," ","S","30","     0.1"," ","S","30","     0.0"," ","S","30","     0.0"," ","S","30","    0.05"," ","S","30","    0.16"," ","S","30","    0.39"," ","S","30","    0.92"," ","S","27","    2.63"," ","S","27","     6.7"," ","S","27","     6.2"," ","S","27","     3.9"," ","S","27","     2.4"," ","S","27","     1.7"," ","S","27","     1.5"," ","S","27","     0.1"," ","S","27","     0.0"," ","S","27"," -9999.0","Y"," "," 0"," -9999.0","Y"," "," 0"," -9999.0","Y"," "," 0","     3.0"," ","S","24","     8.4"," ","S","24","     7.6"," ","S","27","     4.3"," ","S","27","     2.9"," ","S","27","     1.9"," ","S","27","     1.1"," ","S","27","     0.1"," ","S","27","     0.0"," ","S","27"," -9999.0","Y"," "," 0"," -9999.0","Y"," "," 0"," -9999.0","Y"," "," 0"
"USC00424508","02-16"," 37.0286","-112.5361","1493.5","KANAB, UT US","02","16","99","    41.0"," ","S","26","    54.1"," ","S","30","    27.9"," ","S","26","    26.2"," ","S","26","     6.3"," ","S","26","     8.4"," ","S","30","     6.8"," ","S","26","     8.7"," ","S","26","    24.0"," ","S","26","     2.1"," ","S","26","     4.9"," ","S","26","     9.1"," ","S","26","    14.0"," ","S","26","    16.0"," ","S","26","    19.0"," ","S","26","     0.0"," ","S","26","     3.0"," ","S","26","     0.9"," ","S","26","     0.1"," ","S","26","     0.0","X","S","26","     0.0"," ","S","26","     0.0"," ","S","26","     0.0"," ","S","26","     0.0"," ","S","26","     0.0"," ","S","26","     3.0"," ","S","26","     0.9"," ","S","26","     0.1"," ","S","26","     0.0","X","S","26","     0.0"," ","S","26","     0.0"," ","S","26","     0.0"," ","S","26","     0.0"," ","S","26","     3.7"," ","S","26","     2.9"," ","S","26","    23.7"," ","S","30","    14.9"," ","S","30","     9.3"," ","S","30","     4.5"," ","S","30","     0.8"," ","S","30","     0.1"," ","S","30","     0.0"," ","S","30","     0.0"," ","S","30","    0.05"," ","S","30","    0.16"," ","S","30","    0.39"," ","S","30","    1.00"," ","S","27","    2.71"," ","S","27","     6.7"," ","S","27","     6.2"," ","S","27","     3.8"," ","S","27","     2.5"," ","S","27","     1.7"," ","S","27","     1.6"," ","S","27","     0.1"," ","S","27","     0.0"," ","S","27"," -9999.0","Y"," "," 0"," -9999.0","Y"," "," 0"," -9999.0","Y"," "," 0","     3.2"," ","S","24","     8.6"," ","S","24","     7.4"," ","S","27","     4.1"," ","S","27","     2.8"," ","S","27","     1.9"," ","S","27","     1.1"," ","S","27","     0.1"," ","S","27","     0.0"," ","S","27"," -9999.0","Y"," "," 0"," -9999.0","Y"," "," 0"," -9999.0","Y"," "," 0"
"USC00424508","02-17"," 37.0286","-112.5361","1493.5","KANAB, UT US","02","17","99","    41.2"," ","S","26","    54.3"," ","S","30","    28.1"," ","S","26","    26.2"," ","S","26","     6.3"," ","S","26","     8.4"," ","S","30","     6.8"," ","S","26","     8.7"," ","S","26","    23.8"," ","S","26","     2.0"," ","S","26","     4.8"," ","S","26","     8.9"," ","S","26","    13.8"," ","S","26","    15.8"," ","S","26","    18.8"," ","S","26","     0.0"," ","S","26","     3.1"," ","S","26","     1.0"," ","S","26","     0.1"," ","S","26","     0.0","X","S","26","     0.0"," ","S","26","     0.0"," ","S","26","     0.0"," ","S","26","     0.0"," ","S","26","     0.0"," ","S","26","     3.1"," ","S","26","     1.0"," ","S","26","     0.1"," ","S","26","     0.0","X","S","26","     0.0"," ","S","26","     0.0"," ","S","26","     0.0"," ","S","26","     0.0"," ","S","26","     3.7"," ","S","26","     3.0"," ","S","26","    23.8"," ","S","30","    15.0"," ","S","30","     9.4"," ","S","30","     4.5"," ","S","30","     0.9"," ","S","30","     0.1"," ","S","30","     0.0"," ","S","30","     0.0"," ","S","30","    0.05"," ","S","30","    0.16"," ","S","30","    0.38"," ","S","30","    1.08"," ","S","27","    2.79"," ","S","27","     6.7"," ","S","27","     6.2"," ","S","27","     3.8"," ","S","27","     2.5"," ","S","27","     1.7"," ","S","27","     1.6"," ","S","27","     0.1"," ","S","27","     0.0"," ","S","27"," -9999.0","Y"," "," 0"," -9999.0","Y"," "," 0"," -9999.0","Y"," "," 0","     3.4"," ","S","24","     8.8"," ","S","24","     7.2"," ","S","27","     4.0"," ","S","27","     2.8"," ","S","27","     1.8"," ","S","27","     1.1"," ","S","27","     0.1"," ","S","27","     0.0"," ","S","27"," -9999.0","Y"," "," 0"," -9999.0","Y"," "," 0"," -9999.0","Y"," "," 0"
"USC00424508","02-18"," 37.0286","-112.5361","1493.5","KANAB, UT US","02","18","99","    41.4"," ","S","26","    54.5"," ","S","30","    28.3"," ","S","26","    26.3"," ","S","26","     6.2"," ","S","26","     8.4"," ","S","30","     6.8"," ","S","26","     8.7"," ","S","26","    23.6"," ","S","26","     1.9"," ","S","26","     4.6"," ","S","26","     8.8"," ","S","26","    13.6"," ","S","26","    15.6"," ","S","26","    18.6"," ","S","26","     0.0"," ","S","26","     3.2"," ","S","26","     1.0"," ","S","26","     0.1"," ","S","26","     0.0","X","S","26","     0.0"," ","S","26","     0.0"," ","S","26","     0.0"," ","S","26","     0.0"," ","S","26","     0.0"," ","S","26","     3.2"," ","S","26","     1.0"," ","S","26","     0.1"," ","S","26","     0.0","X","S","26","     0.0"," ","S","26","     0.0"," ","S","26","     0.0"," ","S","26","     0.0"," ","S","26","     3.8"," ","S","26","     3.1"," ","S","26","    23.9"," ","S","30","    15.1"," ","S","30","     9.4"," ","S","30","     4.5"," ","S","30","     0.9"," ","S","30","     0.1"," ","S","30","     0.0"," ","S","30","     0.0"," ","S","30","    0.05"," ","S","30","    0.16"," ","S","30","    0.38"," ","S","30","    1.15"," ","S","27","    2.86"," ","S","27","     6.6"," ","S","27","     6.2"," ","S","27","     3.8"," ","S","27","     2.5"," ","S","27","     1.7"," ","S","27","     1.6"," ","S","27","     0.1"," ","S","27","     0.0"," ","S","27"," -9999.0","Y"," "," 0"," -9999.0","Y"," "," 0"," -9999.0","Y"," "," 0","     3.7"," ","S","24","     9.1"," ","S","24","     7.0"," ","S","27","     3.9"," ","S","27","     2.7"," ","S","27","     1.8"," ","S","27","     1.1"," ","S","27","     0.1"," ","S","27","     0.0"," ","S","27"," -9999.0","Y"," "," 0"," -9999.0","Y"," "," 0"," -9999.0","Y"," "," 0"
"USC00424508","02-19"," 37.0286","-112.5361","1493.5","KANAB, UT US","02","19","99","    41.6"," ","S","26","    54.8"," ","S","30","    28.4"," ","S","26","    26.3"," ","S","26","     6.2"," ","S","26","     8.4"," ","S","30","     6.7"," ","S","26","     8.7"," ","S","26","    23.4"," ","S","26","     1.7"," ","S","26","     4.4"," ","S","26","     8.6"," ","S","26","    13.4"," ","S","26","    15.4"," ","S","26","    18.4"," ","S","26","     0.0"," ","S","26","     3.3"," ","S","26","     1.0"," ","S","26","     0.2"," ","S","26","     0.0","X","S","26","     0.0"," ","S","26","     0.0"," ","S","26","     0.0"," ","S","26","     0.0"," ","S","26","     0.0"," ","S","26","     3.3"," ","S","26","     1.0"," ","S","26","     0.2"," ","S","26","     0.0","X","S","26","     0.0"," ","S","26","     0.0"," ","S","26","     0.0"," ","S","26","     0.0"," ","S","26","     3.9"," ","S","26","     3.2"," ","S","26","    24.0"," ","S","30","    15.1"," ","S","30","     9.5"," ","S","30","     4.5"," ","S","30","     0.9"," ","S","30","     0.1"," ","S","30","     0.0"," ","S","30","     0.0"," ","S","30","    0.05"," ","S","30","    0.16"," ","S","30","    0.38"," ","S","30","    1.23"," ","S","27","    2.94"," ","S","27","     6.6"," ","S","27","     6.1"," ","S","27","     3.8"," ","S","27","     2.6"," ","S","27","     1.7"," ","S","27","     1.6"," ","S","27","     0.1"," ","S","27","     0.0"," ","S","27"," -9999.0","Y"," "," 0"," -9999.0","Y"," "," 0"," -9999.0","Y"," "," 0","     3.9"," ","S","24","     9.3"," ","S","24","     6.8"," ","S","27","     3.8"," ","S","27","     2.7"," ","S","27","     1.8"," ","S","27","     1.1"," ","S","27","     0.1"," ","S","27","     0.0"," ","S","27"," -9999.0","Y"," "," 0"," -9999.0","Y"," "," 0"," -9999.0","Y"," "," 0"
"USC00424508","02-20"," 37.0286","-112.5361","1493.5","KANAB, UT US","02","20","99","    41.8"," ","S","26","    55.0"," ","S","30","    28.6"," ","S","26","    26.4"," ","S","26","     6.2"," ","S","26","     8.3"," ","S","30","     6.7"," ","S","26","     8.7"," ","S","26","    23.2"," ","S","26","     1.7"," ","S","26","     4.3"," ","S","26","     8.4"," ","S","26","    13.2"," ","S","26","    15.2"," ","S","26","    18.2"," ","S","26","     0.0"," ","S","26","     3.5"," ","S","26","     1.1"," ","S","26","     0.2"," ","S","26","     0.0","X","S","26","     0.0"," ","S","26","     0.0"," ","S","26","     0.0"," ","S","26","     0.0"," ","S","26","     0.0"," ","S","26","     3.5"," ","S","26","     1.1"," ","S","26","     0.2"," ","S","26","     0.0","X","S","26","     0.0"," ","S","26","     0.0"," ","S","26","     0.0"," ","S","26","     0.0"," ","S","26","     4.0"," ","S","26","     3.3"," ","S","26","    24.1"," ","S","30","    15.2"," ","S","30","     9.5"," ","S","30","     4.5"," ","S","30","     0.9"," ","S","30","     0.1"," ","S","30","     0.0"," ","S","30","     0.0"," ","S","30","    0.05"," ","S","30","    0.16"," ","S","30","    0.38"," ","S","30","    1.31"," ","S","27","    3.02"," ","S","27","     6.6"," ","S","27","     6.1"," ","S","27","     3.8"," ","S","27","     2.6"," ","S","27","     1.8"," ","S","27","     1.6"," ","S","27","     0.1"," ","S","27","     0.0"," ","S","27"," -9999.0","Y"," "," 0"," -9999.0","Y"," "," 0"," -9999.0","Y"," "," 0","     4.1"," ","S","24","     9.5"," ","S","24","     6.6"," ","S","26","     3.7"," ","S","26","     2.7"," ","S","26","     1.8"," ","S","26","     1.0"," ","S","26","     0.1"," ","S","26","     0.0"," ","S","26"," -9999.0","Y"," "," 0"," -9999.0","Y"," "," 0"," -9999.0","Y"," "," 0"
"USC00424508","02-21"," 37.0286","-112.5361","1493.5","KANAB, UT US","02","21","99","    42.0"," ","S","26","    55.3"," ","S","30","    28.8"," ","S","26","    26.5"," ","S","26","     6.1"," ","S","26","     8.3"," ","S","30","     6.7"," ","S","26","     8.7"," ","S","26","    23.0"," ","S","26","     1.6"," ","S","26","     4.1"," ","S","26","     8.2"," ","S","26","    13.0"," ","S","26","    15.0"," ","S","26","    18.0"," ","S","26","     0.0"," ","S","26","     3.6"," ","S","26","     1.2"," ","S","26","     0.2"," ","S","26","     0.0","X","S","26","     0.0"," ","S","26","     0.0"," ","S","26","     0.0"," ","S","26","     0.0"," ","S","26","     0.0"," ","S","26","     3.6"," ","S","26","     1.2"," ","S","26","     0.2"," ","S","26","     0.0","X","S","26","     0.0"," ","S","26","     0.0"," ","S","26","     0.0"," ","S","26","     0.0"," ","S","26","     4.1"," ","S","26","     3.4"," ","S","26","    24.2"," ","S","30","    15.2"," ","S","30","     9.5"," ","S","30","     4.6"," ","S","30","     1.0"," ","S","30","     0.1"," ","S","30","     0.0"," ","S","30","     0.0"," ","S","30","    0.05"," ","S","30","    0.16"," ","S","30","    0.38"," ","S","30","    1.39"," ","S","27","    3.10"," ","S","27","     6.6"," ","S","27","     6.1"," ","S","27","     3.8"," ","S","27","     2.6"," ","S","27","     1.8"," ","S","27","     1.6"," ","S","27","     0.1"," ","S","27","     0.0"," ","S","27"," -9999.0","Y"," "," 0"," -9999.0","Y"," "," 0"," -9999.0","Y"," "," 0","     4.3"," ","S","24","     9.7"," ","S","24","     6.5"," ","S","27","     3.7"," ","S","27","     2.6"," ","S","27","     1.8"," ","S","27","     1.0"," ","S","27","     0.1"," ","S","27","     0.0"," ","S","27"," -9999.0","Y"," "," 0"," -9999.0","Y"," "," 0"," -9999.0","Y"," "," 0"
"USC00424508","02-22"," 37.0286","-112.5361","1493.5","KANAB, UT US","02","22","99","    42.3"," ","S","26","    55.5"," ","S","30","    29.0"," ","S","26","    26.6"," ","S","26","     6.1"," ","S","26","     8.3"," ","S","30","     6.6"," ","S","26","     8.7"," ","S","26","    22.7"," ","S","26","     1.5"," ","S","26","     4.0"," ","S","26","     8.0"," ","S","26","    12.7"," ","S","26","    14.7"," ","S","26","    17.7"," ","S","26","     0.0"," ","S","26","     3.8"," ","S","26","     1.3"," ","S","26","     0.2"," ","S","26","     0.0","X","S","26","     0.0"," ","S","26","     0.0"," ","S","26","     0.0"," ","S","26","     0.0"," ","S","26","     0.0"," ","S","26","     3.8"," ","S","26","     1.3"," ","S","26","     0.2"," ","S","26","     0.0","X","S","26","     0.0"," ","S","26","     0.0"," ","S","26","     0.0"," ","S","26","     0.0"," ","S","26","     4.2"," ","S","26","     3.5"," ","S","26","    24.2"," ","S","30","    15.2"," ","S","30","     9.5"," ","S","30","     4.6"," ","S","30","     1.0"," ","S","30","     0.1"," ","S","30","     0.0"," ","S","30","     0.0"," ","S","30","    0.05"," ","S","30","    0.16"," ","S","30","    0.38"," ","S","30","    1.46"," ","S","27","    3.17"," ","S","27","     6.6"," ","S","27","     6.0"," ","S","27","     3.8"," ","S","27","     2.6"," ","S","27","     1.8"," ","S","27","     1.6"," ","S","27","     0.1"," ","S","27","     0.0"," ","S","27"," -9999.0","Y"," "," 0"," -9999.0","Y"," "," 0"," -9999.0","Y"," "," 0","     4.6"," ","S","24","    10.0"," ","S","24","     6.3"," ","S","27","     3.6"," ","S","27","     2.6"," ","S","27","     1.8"," ","S","27","     1.0"," ","S","27","     0.1"," ","S","27","     0.0"," ","S","27"," -9999.0","Y"," "," 0"," -9999.0","Y"," "," 0"," -9999.0","Y"," "," 0"
"USC00424508","02-23"," 37.0286","-112.5361","1493.5","KANAB, UT US","02","23","99","    42.5"," ","S","26","    55.8"," ","S","30","    29.2"," ","S","26","    26.6"," ","S","26","     6.1"," ","S","26","     8.3"," ","S","30","     6.6"," ","S","26","     8.7"," ","S","26","    22.5"," ","S","26","     1.5"," ","S","26","     3.9"," ","S","26","     7.8"," ","S","26","    12.5"," ","S","26","    14.5"," ","S","26","    17.5"," ","S","26","     0.0"," ","S","26","     4.0"," ","S","26","     1.4"," ","S","26","     0.3"," ","S","26","     0.0","X","S","26","     0.0"," ","S","26","     0.0"," ","S","26","     0.0"," ","S","26","     0.0"," ","S","26","     0.0"," ","S","26","     4.0"," ","S","26","     1.4"," ","S","26","     0.3"," ","S","26","     0.0","X","S","26","     0.0"," ","S","26","     0.0"," ","S","26","     0.0"," ","S","26","     0.0"," ","S","26","     4.3"," ","S","26","     3.6"," ","S","26","    24.2"," ","S","30","    15.2"," ","S","30","     9.5"," ","S","30","     4.5"," ","S","30","     1.0"," ","S","30","     0.1"," ","S","30","     0.0"," ","S","30","     0.0"," ","S","30","    0.05"," ","S","30","    0.16"," ","S","30","    0.38"," ","S","30","    1.54"," ","S","27","    3.25"," ","S","27","     6.6"," ","S","27","     6.0"," ","S","27","     3.7"," ","S","27","     2.6"," ","S","27","     1.8"," ","S","27","     1.6"," ","S","27","     0.1"," ","S","27","     0.0"," ","S","27"," -9999.0","Y"," "," 0"," -9999.0","Y"," "," 0"," -9999.0","Y"," "," 0","     4.8"," ","S","24","    10.2"," ","S","24","     6.1"," ","S","27","     3.6"," ","S","27","     2.6"," ","S","27","     1.8"," ","S","27","     1.0"," ","S","27","     0.1"," ","S","27","     0.0"," ","S","27"," -9999.0","Y"," "," 0"," -9999.0","Y"," "," 0"," -9999.0","Y"," "," 0"
"USC00424508","02-24"," 37.0286","-112.5361","1493.5","KANAB, UT US","02","24","99","    42.7"," ","S","26","    56.1"," ","S","30","    29.4"," ","S","26","    26.7"," ","S","26","     6.1"," ","S","26","     8.3"," ","S","30","     6.6"," ","S","26","     8.7"," ","S","26","    22.3"," ","S","26","     1.4"," ","S","26","     3.7"," ","S","26","     7.6"," ","S","26","    12.3"," ","S","26","    14.3"," ","S","26","    17.3"," ","S","26","     0.0"," ","S","26","     4.2"," ","S","26","     1.5"," ","S","26","     0.3"," ","S","26","     0.0","X","S","26","     0.0"," ","S","26","     0.0"," ","S","26","     0.0"," ","S","26","     0.0"," ","S","26","     0.0"," ","S","26","     4.2"," ","S","26","     1.5"," ","S","26","     0.3"," ","S","26","     0.0","X","S","26","     0.0"," ","S","26","     0.0"," ","S","26","     0.0"," ","S","26","     0.0"," ","S","26","     4.4"," ","S","26","     3.7"," ","S","26","    24.2"," ","S","30","    15.1"," ","S","30","     9.4"," ","S","30","     4.5"," ","S","30","     1.0"," ","S","30","     0.1"," ","S","30","     0.0"," ","S","30","     0.0"," ","S","30","    0.05"," ","S","30","    0.16"," ","S","30","    0.37"," ","S","30","    1.61"," ","S","27","    3.32"," ","S","27","     6.5"," ","S","27","     5.9"," ","S","27","     3.7"," ","S","27","     2.6"," ","S","27","     1.7"," ","S","27","     1.5"," ","S","27","     0.1"," ","S","27","     0.0"," ","S","27"," -9999.0","Y"," "," 0"," -9999.0","Y"," "," 0"," -9999.0","Y"," "," 0","     5.0"," ","S","24","    10.4"," ","S","24","     6.0"," ","S","27","     3.5"," ","S","27","     2.6"," ","S","27","     1.8"," ","S","27","     1.0"," ","S","27","     0.1"," ","S","27","     0.0"," ","S","27"," -9999.0","Y"," "," 0"," -9999.0","Y"," "," 0"," -9999.0","Y"," "," 0"
"USC00424508","02-25"," 37.0286","-112.5361","1493.5","KANAB, UT US","02","25","99","    43.0"," ","S","26","    56.4"," ","S","30","    29.5"," ","S","26","    26.8"," ","S","26","     6.0"," ","S","26","     8.3"," ","S","30","     6.5"," ","S","26","     8.6"," ","S","26","    22.0"," ","S","26","     1.4"," ","S","26","     3.6"," ","S","26","     7.3"," ","S","26","    12.1"," ","S","26","    14.0"," ","S","26","    17.0"," ","S","26","     0.0"," ","S","26","     4.3"," ","S","26","     1.6"," ","S","26","     0.3"," ","S","26","     0.0","X","S","26","     0.0"," ","S","26","     0.0"," ","S","26","     0.0"," ","S","26","     0.0"," ","S","26","     0.0"," ","S","26","     4.3"," ","S","26","     1.6"," ","S","26","     0.3"," ","S","26","     0.0","X","S","26","     0.0"," ","S","26","     0.0"," ","S","26","     0.0"," ","S","26","     0.0"," ","S","26","     4.6"," ","S","26","     3.8"," ","S","26","    24.2"," ","S","30","    15.1"," ","S","30","     9.4"," ","S","30","     4.5"," ","S","30","     1.0"," ","S","30","     0.1"," ","S","30","     0.0"," ","S","30","     0.0"," ","S","30","    0.05"," ","S","30","    0.16"," ","S","30","    0.37"," ","S","30","    1.69"," ","S","27","    3.40"," ","S","27","     6.4"," ","S","27","     5.8"," ","S","27","     3.7"," ","S","27","     2.6"," ","S","27","     1.7"," ","S","27","     1.5"," ","S","27","     0.1"," ","S","27","     0.0"," ","S","27"," -9999.0","Y"," "," 0"," -9999.0","Y"," "," 0"," -9999.0","Y"," "," 0","     5.2"," ","S","24","    10.6"," ","S","24","     5.8"," ","S","27","     3.4"," ","S","27","     2.5"," ","S","27","     1.7"," ","S","27","     1.0"," ","S","27","     0.1"," ","S","27","     0.0"," ","S","27"," -9999.0","Y"," "," 0"," -9999.0","Y"," "," 0"," -9999.0","Y"," "," 0"
"USC00424508","02-26"," 37.0286","-112.5361","1493.5","KANAB, UT US","02","26","99","    43.2"," ","S","26","    56.7"," ","S","30","    29.7"," ","S","26","    26.9"," ","S","26","     6.0"," ","S","26","     8.3"," ","S","30","     6.5"," ","S","26","     8.6"," ","S","26","    21.8"," ","S","26","     1.3"," ","S","26","     3.4"," ","S","26","     7.1"," ","S","26","    11.8"," ","S","26","    13.8"," ","S","26","    16.8"," ","S","26","     0.0"," ","S","26","     4.5"," ","S","26","     1.7"," ","S","26","     0.3"," ","S","26","     0.0","X","S","26","     0.0"," ","S","26","     0.0"," ","S","26","     0.0"," ","S","26","     0.0"," ","S","26","     0.0"," ","S","26","     4.5"," ","S","26","     1.7"," ","S","26","     0.3"," ","S","26","     0.0","X","S","26","     0.0"," ","S","26","     0.0"," ","S","26","     0.0"," ","S","26","     0.0"," ","S","26","     4.7"," ","S","26","     3.9"," ","S","26","    24.2"," ","S","30","    15.1"," ","S","30","     9.3"," ","S","30","     4.5"," ","S","30","     1.0"," ","S","30","     0.1"," ","S","30","     0.0"," ","S","30","     0.0"," ","S","30","    0.05"," ","S","30","    0.15"," ","S","30","    0.37"," ","S","30","    1.77"," ","S","27","    3.48"," ","S","27","     6.4"," ","S","27","     5.7"," ","S","27","     3.6"," ","S","27","     2.6"," ","S","27","     1.7"," ","S","27","     1.5"," ","S","27","     0.1"," ","S","27","     0.0"," ","S","27"," -9999.0","Y"," "," 0"," -9999.0","Y"," "," 0"," -9999.0","Y"," "," 0","     5.4"," ","S","24","    10.8"," ","S","24","     5.6"," ","S","27","     3.4"," ","S","27","     2.5"," ","S","27","     1.7"," ","S","27","     1.0"," ","S","27","     0.1"," ","S","27","     0.0"," ","S","27"," -9999.0","Y"," "," 0"," -9999.0","Y"," "," 0"," -9999.0","Y"," "," 0"
"USC00424508","02-27"," 37.0286","-112.5361","1493.5","KANAB, UT US","02","27","99","    43.5"," ","S","26","    57.0"," ","S","30","    29.9"," ","S","26","    27.0"," ","S","26","     6.0"," ","S","26","     8.3"," ","S","30","     6.4"," ","S","26","     8.6"," ","S","26","    21.5"," ","S","26","     1.2"," ","S","26","     3.3"," ","S","26","     6.9"," ","S","26","    11.6"," ","S","26","    13.5"," ","S","26","    16.5"," ","S","26","     0.0"," ","S","26","     4.7"," ","S","26","     1.7"," ","S","26","     0.3"," ","S","26","     0.0","X","S","26","     0.0"," ","S","26","     0.0"," ","S","26","     0.0"," ","S","26","     0.0"," ","S","26","     0.0"," ","S","26","     4.7"," ","S","26","     1.7"," ","S","26","     0.3"," ","S","26","     0.0","X","S","26","     0.0"," ","S","26","     0.0"," ","S","26","     0.0"," ","S","26","     0.0"," ","S","26","     4.8"," ","S","26","     4.0"," ","S","26","    24.2"," ","S","30","    15.1"," ","S","30","     9.3"," ","S","30","     4.4"," ","S","30","     1.1"," ","S","30","     0.1"," ","S","30","     0.0"," ","S","30","     0.0"," ","S","30","    0.05"," ","S","30","    0.15"," ","S","30","    0.37"," ","S","30","    1.85"," ","S","27","    3.56"," ","S","27","     6.3"," ","S","27","     5.7"," ","S","27","     3.6"," ","S","27","     2.6"," ","S","27","     1.7"," ","S","27","     1.4"," ","S","27","     0.1"," ","S","27","     0.0"," ","S","27"," -9999.0","Y"," "," 0"," -9999.0","Y"," "," 0"," -9999.0","Y"," "," 0","     5.6"," ","S","24","    11.0"," ","S","24","     5.5"," ","S","27","     3.3"," ","S","27","     2.4"," ","S","27","     1.7"," ","S","27","     1.0"," ","S","27","     0.1"," ","S","27","     0.0"," ","S","27"," -9999.0","Y"," "," 0"," -9999.0","Y"," "," 0"," -9999.0","Y"," "," 0"
"USC00424508","02-28"," 37.0286","-112.5361","1493.5","KANAB, UT US","02","28","99","    43.7"," ","S","26","    57.3"," ","S","30","    30.1"," ","S","26","    27.2"," ","S","26","     6.0"," ","S","26","     8.3"," ","S","30","     6.4"," ","S","26","     8.6"," ","S","26","    21.3"," ","S","26","     1.1"," ","S","26","     3.1"," ","S","26","     6.7"," ","S","26","    11.3"," ","S","26","    13.3"," ","S","26","    16.3"," ","S","26","     0.0"," ","S","26","     4.8"," ","S","26","     1.8"," ","S","26","     0.4"," ","S","26","     0.0","X","S","26","     0.0"," ","S","26","     0.0"," ","S","26","     0.0"," ","S","26","     0.0"," ","S","26","     0.0"," ","S","26","     4.8"," ","S","26","     1.8"," ","S","26","     0.4"," ","S","26","     0.0","X","S","26","     0.0"," ","S","26","     0.0"," ","S","26","     0.0"," ","S","26","     0.0"," ","S","26","     4.9"," ","S","26","     4.1"," ","S","26","    24.1"," ","S","30","    15.0"," ","S","30","     9.2"," ","S","30","     4.4"," ","S","30","     1.1"," ","S","30","     0.1"," ","S","30","     0.0"," ","S","30","     0.0"," ","S","30","    0.05"," ","S","30","    0.15"," ","S","30","    0.36"," ","S","30","    1.92"," ","S","27","    3.63"," ","S","27","     6.2"," ","S","27","     5.6"," ","S","27","     3.6"," ","S","27","     2.5"," ","S","27","     1.6"," ","S","27","     1.4"," ","S","27","     0.1"," ","S","27","     0.0"," ","S","27"," -9999.0","Y"," "," 0"," -9999.0","Y"," "," 0"," -9999.0","Y"," "," 0","     5.8"," ","S","24","    11.2"," ","S","24","     5.4"," ","S","27","     3.2"," ","S","27","     2.4"," ","S","27","     1.7"," ","S","27","     1.0"," ","S","27","     0.1"," ","S","27","     0.0"," ","S","27"," -9999.0","Y"," "," 0"," -9999.0","Y"," "," 0"," -9999.0","Y"," "," 0"
"USC00424508","02-29"," 37.0286","-112.5361","1493.5","KANAB, UT US","02","29","99","    43.8"," ","S","26","    57.4"," ","S","30","    30.2"," ","S","26","    27.2"," ","S","26","     6.0"," ","S","26","     8.3"," ","S","30","     6.4"," ","S","26","     8.5"," ","S","26","    21.2"," ","S","26","     1.1"," ","S","26","     3.0"," ","S","26","     6.5"," ","S","26","    11.2"," ","S","26","    13.2"," ","S","26","    16.2"," ","S","26","     0.0"," ","S","26","     4.9"," ","S","26","     1.9"," ","S","26","     0.4"," ","S","26","     0.0","X","S","26","     0.0","X","S","26","     0.0"," ","S","26","     0.0"," ","S","26","     0.0"," ","S","26","     0.0"," ","S","26","     4.9"," ","S","26","     1.9"," ","S","26","     0.4"," ","S","26","     0.0","X","S","26","     0.0","X","S","26","     0.0"," ","S","26","     0.0"," ","S","26","     0.0"," ","S","26","     5.0"," ","S","26","     4.1"," ","S","26","    23.9"," ","S","30","    15.0"," ","S","30","     9.1"," ","S","30","     4.3"," ","S","30","     1.1"," ","S","30","     0.1"," ","S","30","     0.0"," ","S","30","     0.0"," ","S","30","    0.05"," ","S","30","    0.15"," ","S","30","    0.36"," ","S","30","-9999.00","M"," "," 0","-9999.00","M"," "," 0","     6.1"," ","S","27","     5.5"," ","S","27","     3.5"," ","S","27","     2.5"," ","S","27","     1.6"," ","S","27","     1.3"," ","S","27","     0.1"," ","S","27","     0.0"," ","S","27"," -9999.0","Y"," "," 0"," -9999.0","Y"," "," 0"," -9999.0","Y"," "," 0"," -9999.0","M"," "," 0"," -9999.0","M"," "," 0","     5.2"," ","S","27","     3.2"," ","S","27","     2.3"," ","S","27","     1.7"," ","S","27","     0.9"," ","S","27","     0.1"," ","S","27","     0.0"," ","S","27"," -9999.0","Y"," "," 0"," -9999.0","Y"," "," 0"," -9999.0","Y"," "," 0"
"USC00424508","03-01"," 37.0286","-112.5361","1493.5","KANAB, UT US","03","01","99","    43.9"," ","S","26","    57.6"," ","S","30","    30.3"," ","S","26","    27.3"," ","S","26","     6.0"," ","S","26","     8.3"," ","S","30","     6.4"," ","S","26","     8.5"," ","S","26","    21.1"," ","S","26","     1.0"," ","S","26","     2.9"," ","S","26","     6.4"," ","S","26","    11.1"," ","S","26","    13.1"," ","S","26","    16.1"," ","S","26","     0.0"," ","S","26","     4.9"," ","S","26","     1.9"," ","S","26","     0.4"," ","S","26","     0.0","X","S","26","     0.0","X","S","26","     0.0"," ","S","26","     0.0"," ","S","26","     0.0"," ","S","26","     0.0"," ","S","26","     4.9"," ","S","26","     1.9"," ","S","26","     0.4"," ","S","26","     0.0","X","S","26","     0.0","X","S","26","     0.0"," ","S","26","     0.0"," ","S","26","     0.0"," ","S","26","     5.0"," ","S","26","     4.2"," ","S","26","    23.8"," ","S","30","    14.9"," ","S","30","     9.0"," ","S","30","     4.2"," ","S","30","     1.1"," ","S","30","     0.0"," ","S","30","     0.0"," ","S","30","     0.0"," ","S","30","    0.05"," ","S","30","    0.15"," ","S","30","    0.36"," ","S","30","    0.06"," ","S","28","    3.69"," ","S","28","     5.9"," ","S","27","     5.4"," ","S","27","     3.4"," ","S","27","     2.4"," ","S","27","     1.5"," ","S","27","     1.3"," ","S","27","     0.0"," ","S","27","     0.0"," ","S","27"," -9999.0","Y"," "," 0"," -9999.0","Y"," "," 0"," -9999.0","Y"," "," 0","     0.1"," ","P","23","    11.3"," ","P","23","     5.0"," ","S","27","     3.1"," ","S","27","     2.3"," ","S","27","     1.6"," ","S","27","     0.9"," ","S","27","     0.0"," ","S","27","     0.0"," ","S","27"," -9999.0","Y"," "," 0"," -9999.0","Y"," "," 0"," -9999.0","Y"," "," 0"
"USC00424508","03-02"," 37.0286","-112.5361","1493.5","KANAB, UT US","03","02","99","    44.2"," ","S","26","    57.9"," ","S","30","    30.5"," ","S","26","    27.4"," ","S","26","     6.0"," ","S","26","     8.3"," ","S","30","     6.3"," ","S","26","     8.5"," ","S","26","    20.8"," ","S","26","     0.9"," ","S","26","     2.8"," ","S","26","     6.2"," ","S","26","    10.8"," ","S","26","    12.8"," ","S","26","    15.8"," ","S","26","     0.0"," ","S","26","     5.1"," ","S","26","     2.0"," ","S","26","     0.4"," ","S","26","     0.0","X","S","26","     0.0","X","S","26","     0.0"," ","S","26","     0.0"," ","S","26","     0.0"," ","S","26","     0.0"," ","S","26","     5.1"," ","S","26","     2.0"," ","S","26","     0.4"," ","S","26","     0.0","X","S","26","     0.0","X","S","26","     0.0"," ","S","26","     0.0"," ","S","26","     0.0"," ","S","26","     5.2"," ","S","26","     4.3"," ","S","26","    23.6"," ","S","30","    14.7"," ","S","30","     8.8"," ","S","30","     4.1"," ","S","30","     1.1"," ","S","30","     0.0"," ","S","30","     0.0"," ","S","30","     0.0"," ","S","30","    0.05"," ","S","30","    0.15"," ","S","30","    0.35"," ","S","30","    0.12"," ","S","28","    3.75"," ","S","28","     5.8"," ","S","27","     5.2"," ","S","27","     3.3"," ","S","27","     2.3"," ","S","27","     1.4"," ","S","27","     1.2"," ","S","27","     0.0"," ","S","27","     0.0"," ","S","27"," -9999.0","Y"," "," 0"," -9999.0","Y"," "," 0"," -9999.0","Y"," "," 0","     0.2"," ","P","23","    11.4"," ","P","23","     4.9"," ","S","27","     3.0"," ","S","27","     2.2"," ","S","27","     1.5"," ","S","27","     0.9"," ","S","27","     0.0"," ","S","27","     0.0"," ","S","27"," -9999.0","Y"," "," 0"," -9999.0","Y"," "," 0"," -9999.0","Y"," "," 0"
"USC00424508","03-03"," 37.0286","-112.5361","1493.5","KANAB, UT US","03","03","99","    44.5"," ","S","26","    58.2"," ","S","30","    30.7"," ","S","26","    27.6"," ","S","26","     6.0"," ","S","26","     8.3"," ","S","30","     6.3"," ","S","26","     8.5"," ","S","26","    20.5"," ","S","26","     0.8"," ","S","26","     2.6"," ","S","26","     6.0"," ","S","26","    10.6"," ","S","26","    12.5"," ","S","26","    15.5"," ","S","26","     0.0"," ","S","26","     5.2"," ","S","26","     2.1"," ","S","26","     0.4"," ","S","26","     0.0","X","S","26","     0.0","X","S","26","     0.0"," ","S","26","     0.0"," ","S","26","     0.0"," ","S","26","     0.0"," ","S","26","     5.2"," ","S","26","     2.1"," ","S","26","     0.4"," ","S","26","     0.0","X","S","26","     0.0","X","S","26","     0.0"," ","S","26","     0.0"," ","S","26","     0.0"," ","S","26","     5.3"," ","S","26","     4.4"," ","S","26","    23.3"," ","S","30","    14.6"," ","S","30","     8.7"," ","S","30","     4.0"," ","S","30","     1.0"," ","S","30","     0.0"," ","S","30","     0.0"," ","S","30","     0.0"," ","S","30","    0.05"," ","S","30","    0.15"," ","S","30","    0.35"," ","S","30","    0.19"," ","S","28","    3.82"," ","S","28","     5.7"," ","S","27","     5.1"," ","S","27","     3.2"," ","S","27","     2.2"," ","S","27","     1.4"," ","S","27","     1.1"," ","S","27","     0.0"," ","S","27","     0.0"," ","S","27"," -9999.0","Y"," "," 0"," -9999.0","Y"," "," 0"," -9999.0","Y"," "," 0","     0.3"," ","P","23","    11.5"," ","P","23","     4.7"," ","S","27","     2.8"," ","S","27","     2.1"," ","S","27","     1.5"," ","S","27","     0.8"," ","S","27","     0.0"," ","S","27","     0.0"," ","S","27"," -9999.0","Y"," "," 0"," -9999.0","Y"," "," 0"," -9999.0","Y"," "," 0"
"USC00424508","03-04"," 37.0286","-112.5361","1493.5","KANAB, UT US","03","04","99","    44.7"," ","S","26","    58.6"," ","S","30","    30.9"," ","S","26","    27.7"," ","S","26","     6.0"," ","S","26","     8.3"," ","S","30","     6.2"," ","S","26","     8.4"," ","S","26","    20.3"," ","S","26","     0.7"," ","S","26","     2.5"," ","S","26","     5.7"," ","S","26","    10.3"," ","S","26","    12.3"," ","S","26","    15.3"," ","S","26","     0.0"," ","S","26","     5.4"," ","S","26","     2.2"," ","S","26","     0.4"," ","S","26","     0.0","X","S","26","     0.0","X","S","26","     0.0"," ","S","26","     0.0"," ","S","26","     0.0"," ","S","26","     0.0"," ","S","26","     5.4"," ","S","26","     2.2"," ","S","26","     0.4"," ","S","26","     0.0","X","S","26","     0.0","X","S","26","     0.0"," ","S","26","     0.0"," ","S","26","     0.0"," ","S","26","     5.5"," ","S","26","     4.6"," ","S","26","    23.1"," ","S","30","    14.4"," ","S","30","     8.5"," ","S","30","     3.9"," ","S","30","     1.0"," ","S","30","     0.0"," ","S","30","     0.0"," ","S","30","     0.0"," ","S","30","    0.05"," ","S","30","    0.15"," ","S","30","    0.35"," ","S","30","    0.25"," ","S","28","    3.88"," ","S","28","     5.5"," ","S","27","     4.9"," ","S","27","     3.1"," ","S","27","     2.2"," ","S","27","     1.3"," ","S","27","     1.1"," ","S","27","     0.0"," ","S","27","     0.0"," ","S","27"," -9999.0","Y"," "," 0"," -9999.0","Y"," "," 0"," -9999.0","Y"," "," 0","     0.4"," ","P","23","    11.6"," ","P","23","     4.5"," ","S","27","     2.7"," ","S","27","     2.0"," ","S","27","     1.4"," ","S","27","     0.8"," ","S","27","     0.0"," ","S","27","     0.0"," ","S","27"," -9999.0","Y"," "," 0"," -9999.0","Y"," "," 0"," -9999.0","Y"," "," 0"
"USC00424508","03-05"," 37.0286","-112.5361","1493.5","KANAB, UT US","03","05","99","    45.0"," ","S","26","    58.9"," ","S","30","    31.0"," ","S","26","    27.8"," ","S","26","     6.0"," ","S","26","     8.3"," ","S","30","     6.2"," ","S","26","     8.4"," ","S","26","    20.0"," ","S","26","     0.7"," ","S","26","     2.3"," ","S","26","     5.5"," ","S","26","    10.1"," ","S","26","    12.0"," ","S","26","    15.0"," ","S","26","     0.0"," ","S","26","     5.6"," ","S","26","     2.3"," ","S","26","     0.5"," ","S","26","     0.0","X","S","26","     0.0","X","S","26","     0.0"," ","S","26","     0.0"," ","S","26","     0.0"," ","S","26","     0.0"," ","S","26","     5.6"," ","S","26","     2.3"," ","S","26","     0.5"," ","S","26","     0.0","X","S","26","     0.0","X","S","26","     0.0"," ","S","26","     0.0"," ","S","26","     0.0"," ","S","26","     5.6"," ","S","26","     4.7"," ","S","26","    22.9"," ","S","30","    14.2"," ","S","30","     8.3"," ","S","30","     3.8"," ","S","30","     1.0"," ","S","30","     0.0"," ","S","30","     0.0"," ","S","30","     0.0"," ","S","30","    0.05"," ","S","30","    0.15"," ","S","30","    0.34"," ","S","30","    0.31"," ","S","28","    3.94"," ","S","28","     5.4"," ","S","27","     4.8"," ","S","27","     3.1"," ","S","27","     2.1"," ","S","27","     1.3"," ","S","27","     1.1"," ","S","27","     0.0"," ","S","27","     0.0"," ","S","27"," -9999.0","Y"," "," 0"," -9999.0","Y"," "," 0"," -9999.0","Y"," "," 0","     0.5"," ","P","23","    11.7"," ","P","23","     4.3"," ","S","27","     2.6"," ","S","27","     1.9"," ","S","27","     1.3"," ","S","27","     0.7"," ","S","27","     0.0"," ","S","27","     0.0"," ","S","27"," -9999.0","Y"," "," 0"," -9999.0","Y"," "," 0"," -9999.0","Y"," "," 0"
"USC00424508","03-06"," 37.0286","-112.5361","1493.5","KANAB, UT US","03","06","99","    45.2"," ","S","26","    59.2"," ","S","30","    31.2"," ","S","26","    28.0"," ","S","26","     6.0"," ","S","26","     8.3"," ","S","30","     6.1"," ","S","26","     8.4"," ","S","26","    19.8"," ","S","26","     0.6"," ","S","26","     2.2"," ","S","26","     5.3"," ","S","26","     9.8"," ","S","26","    11.8"," ","S","26","    14.8"," ","S","26","     0.0"," ","S","26","     5.8"," ","S","26","     2.4"," ","S","26","     0.5"," ","S","26","     0.0","X","S","26","     0.0","X","S","26","     0.0"," ","S","26","     0.0"," ","S","26","     0.0"," ","S","26","     0.0"," ","S","26","     5.8"," ","S","26","     2.4"," ","S","26","     0.5"," ","S","26","     0.0","X","S","26","     0.0","X","S","26","     0.0"," ","S","26","     0.0"," ","S","26","     0.0"," ","S","26","     5.8"," ","S","26","     4.9"," ","S","26","    22.6"," ","S","30","    14.0"," ","S","30","     8.2"," ","S","30","     3.7"," ","S","30","     1.0"," ","S","30","     0.0"," ","S","30","     0.0"," ","S","30","     0.0"," ","S","30","    0.05"," ","S","30","    0.15"," ","S","30","    0.34"," ","S","30","    0.37"," ","S","28","    4.00"," ","S","28","     5.3"," ","S","27","     4.7"," ","S","27","     3.0"," ","S","27","     2.0"," ","S","27","     1.2"," ","S","27","     1.0"," ","S","27","     0.0"," ","S","27","     0.0"," ","S","27"," -9999.0","Y"," "," 0"," -9999.0","Y"," "," 0"," -9999.0","Y"," "," 0","     0.6"," ","P","23","    11.8"," ","P","23","     4.1"," ","S","26","     2.5"," ","S","26","     1.8"," ","S","26","     1.3"," ","S","26","     0.7"," ","S","26","     0.0"," ","S","26","     0.0"," ","S","26"," -9999.0","Y"," "," 0"," -9999.0","Y"," "," 0"," -9999.0","Y"," "," 0"
"USC00424508","03-07"," 37.0286","-112.5361","1493.5","KANAB, UT US","03","07","99","    45.5"," ","S","26","    59.5"," ","S","30","    31.4"," ","S","26","    28.2"," ","S","26","     6.0"," ","S","26","     8.3"," ","S","30","     6.1"," ","S","26","     8.3"," ","S","26","    19.5"," ","S","26","     0.6"," ","S","26","     2.1"," ","S","26","     5.1"," ","S","26","     9.6"," ","S","26","    11.5"," ","S","26","    14.5"," ","S","26","     0.0"," ","S","26","     6.1"," ","S","26","     2.6"," ","S","26","     0.6"," ","S","26","     0.0","X","S","26","     0.0","X","S","26","     0.0"," ","S","26","     0.0"," ","S","26","     0.0"," ","S","26","     0.0"," ","S","26","     6.1"," ","S","26","     2.6"," ","S","26","     0.6"," ","S","26","     0.0","X","S","26","     0.0","X","S","26","     0.0"," ","S","26","     0.0"," ","S","26","     0.0"," ","S","26","     6.0"," ","S","26","     5.0"," ","S","26","    22.3"," ","S","30","    13.8"," ","S","30","     8.0"," ","S","30","     3.6"," ","S","30","     0.9"," ","S","30","     0.0"," ","S","30","     0.0"," ","S","30","     0.0"," ","S","30","    0.05"," ","S","30","    0.15"," ","S","30","    0.34"," ","S","30","    0.42"," ","S","28","    4.05"," ","S","28","     5.1"," ","S","27","     4.6"," ","S","27","     2.9"," ","S","27","     1.9"," ","S","27","     1.2"," ","S","27","     1.0"," ","S","27","     0.0"," ","S","27","     0.0"," ","S","27"," -9999.0","Y"," "," 0"," -9999.0","Y"," "," 0"," -9999.0","Y"," "," 0","     0.7"," ","P","23","    11.9"," ","P","23","     3.9"," ","S","26","     2.4"," ","S","26","     1.7"," ","S","26","     1.2"," ","S","26","     0.7"," ","S","26","     0.0"," ","S","26","     0.0"," ","S","26"," -9999.0","Y"," "," 0"," -9999.0","Y"," "," 0"," -9999.0","Y"," "," 0"
"USC00424508","03-08"," 37.0286","-112.5361","1493.5","KANAB, UT US","03","08","99","    45.7"," ","S","26","    59.9"," ","S","30","    31.5"," ","S","26","    28.3"," ","S","26","     6.0"," ","S","26","     8.3"," ","S","30","     6.1"," ","S","26","     8.3"," ","S","26","    19.3"," ","S","26","     0.6"," ","S","26","     2.0"," ","S","26","     4.9"," ","S","26","     9.4"," ","S","26","    11.3"," ","S","26","    14.3"," ","S","26","     0.0"," ","S","26","     6.3"," ","S","26","     2.7"," ","S","26","     0.6"," ","S","26","     0.1"," ","S","26","     0.0","X","S","26","     0.0","X","S","26","     0.0"," ","S","26","     0.0"," ","S","26","     0.0"," ","S","26","     6.3"," ","S","26","     2.7"," ","S","26","     0.6"," ","S","26","     0.1"," ","S","26","     0.0","X","S","26","     0.0","X","S","26","     0.0"," ","S","26","     0.0"," ","S","26","     6.1"," ","S","26","     5.2"," ","S","26","    22.1"," ","S","30","    13.6"," ","S","30","     7.8"," ","S","30","     3.5"," ","S","30","     0.9"," ","S","30","     0.0"," ","S","30","     0.0"," ","S","30","     0.0"," ","S","30","    0.05"," ","S","30","    0.14"," ","S","30","    0.34"," ","S","30","    0.48"," ","S","28","    4.11"," ","S","28","     5.0"," ","S","27","     4.5"," ","S","27","     2.9"," ","S","27","     1.9"," ","S","27","     1.1"," ","S","27","     0.9"," ","S","27","     0.0"," ","S","27","     0.0"," ","S","27"," -9999.0","Y"," "," 0"," -9999.0","Y"," "," 0"," -9999.0","Y"," "," 0","     0.8"," ","P","23","    12.0"," ","P","23","     3.7"," ","S","27","     2.3"," ","S","27","     1.6"," ","S","27","     1.2"," ","S","27","     0.6"," ","S","27","     0.0"," ","S","27","     0.0"," ","S","27"," -9999.0","Y"," "," 0"," -9999.0","Y"," "," 0"," -9999.0","Y"," "," 0"
"USC00424508","03-09"," 37.0286","-112.5361","1493.5","KANAB, UT US","03","09","99","    45.9"," ","S","26","    60.2"," ","S","30","    31.7"," ","S","26","    28.5"," ","S","26","     6.0"," ","S","26","     8.3"," ","S","30","     6.0"," ","S","26","     8.3"," ","S","26","    19.1"," ","S","26","     0.5"," ","S","26","     1.9"," ","S","26","     4.8"," ","S","26","     9.1"," ","S","26","    11.1"," ","S","26","    14.1"," ","S","26","     0.0"," ","S","26","     6.5"," ","S","26","     2.9"," ","S","26","     0.7"," ","S","26","     0.1"," ","S","26","     0.0","X","S","26","     0.0","X","S","26","     0.0"," ","S","26","     0.0"," ","S","26","     0.0"," ","S","26","     6.5"," ","S","26","     2.9"," ","S","26","     0.7"," ","S","26","     0.1"," ","S","26","     0.0","X","S","26","     0.0","X","S","26","     0.0"," ","S","26","     0.0"," ","S","26","     6.3"," ","S","26","     5.3"," ","S","26","    21.7"," ","S","30","    13.4"," ","S","30","     7.6"," ","S","30","     3.4"," ","S","30","     0.9"," ","S","30","     0.0"," ","S","30","     0.0"," ","S","30","     0.0"," ","S","30","    0.05"," ","S","30","    0.14"," ","S","30","    0.33"," ","S","30","    0.53"," ","S","28","    4.16"," ","S","28","     4.9"," ","S","27","     4.4"," ","S","27","     2.8"," ","S","27","     1.8"," ","S","27","     1.1"," ","S","27","     0.9"," ","S","27","     0.0"," ","S","27","     0.0"," ","S","27"," -9999.0","Y"," "," 0"," -9999.0","Y"," "," 0"," -9999.0","Y"," "," 0","     0.8"," ","P","23","    12.0"," ","P","23","     3.6"," ","S","27","     2.2"," ","S","27","     1.5"," ","S","27","     1.1"," ","S","27","     0.6"," ","S","27","     0.0"," ","S","27","     0.0"," ","S","27"," -9999.0","Y"," "," 0"," -9999.0","Y"," "," 0"," -9999.0","Y"," "," 0"
"USC00424508","03-10"," 37.0286","-112.5361","1493.5","KANAB, UT US","03","10","99","    46.2"," ","S","26","    60.5"," ","S","30","    31.9"," ","S","26","    28.6"," ","S","26","     6.0"," ","S","26","     8.3"," ","S","30","     6.0"," ","S","26","     8.2"," ","S","26","    18.8"," ","S","26","     0.5"," ","S","26","     1.8"," ","S","26","     4.6"," ","S","26","     8.9"," ","S","26","    10.8"," ","S","26","    13.8"," ","S","26","     0.0"," ","S","26","     6.7"," ","S","26","     3.0"," ","S","26","     0.8"," ","S","26","     0.1"," ","S","26","     0.0","X","S","26","     0.0","X","S","26","     0.0"," ","S","26","     0.0"," ","S","26","     0.0"," ","S","26","     6.7"," ","S","26","     3.0"," ","S","26","     0.8"," ","S","26","     0.1"," ","S","26","     0.0","X","S","26","     0.0","X","S","26","     0.0"," ","S","26","     0.0"," ","S","26","     6.4"," ","S","26","     5.5"," ","S","26","    21.4"," ","S","30","    13.2"," ","S","30","     7.4"," ","S","30","     3.3"," ","S","30","     0.8"," ","S","30","     0.0"," ","S","30","     0.0"," ","S","30","     0.0"," ","S","30","    0.05"," ","S","30","    0.14"," ","S","30","    0.33"," ","S","30","    0.58"," ","S","28","    4.21"," ","S","28","     4.8"," ","S","27","     4.3"," ","S","27","     2.8"," ","S","27","     1.7"," ","S","27","     1.0"," ","S","27","     0.8"," ","S","27","     0.0"," ","S","27","     0.0"," ","S","27"," -9999.0","Y"," "," 0"," -9999.0","Y"," "," 0"," -9999.0","Y"," "," 0","     0.9"," ","P","23","    12.1"," ","P","23","     3.4"," ","S","27","     2.1"," ","S","27","     1.5"," ","S","27","     1.1"," ","S","27","     0.6"," ","S","27","     0.0"," ","S","27","     0.0"," ","S","27"," -9999.0","Y"," "," 0"," -9999.0","Y"," "," 0"," -9999.0","Y"," "," 0"
"USC00424508","03-11"," 37.0286","-112.5361","1493.5","KANAB, UT US","03","11","99","    46.4"," ","S","26","    60.8"," ","S","30","    32.0"," ","S","26","    28.8"," ","S","26","     6.0"," ","S","26","     8.3"," ","S","30","     5.9"," ","S","26","     8.2"," ","S","26","    18.6"," ","S","26","     0.5"," ","S","26","     1.7"," ","S","26","     4.4"," ","S","26","     8.7"," ","S","26","    10.6"," ","S","26","    13.6"," ","S","26","     0.0"," ","S","26","     6.9"," ","S","26","     3.1"," ","S","26","     0.9"," ","S","26","     0.1"," ","S","26","     0.0","X","S","26","     0.0","X","S","26","     0.0"," ","S","26","     0.0"," ","S","26","     0.0"," ","S","26","     6.9"," ","S","26","     3.1"," ","S","26","     0.9"," ","S","26","     0.1"," ","S","26","     0.0","X","S","26","     0.0","X","S","26","     0.0"," ","S","26","     0.0"," ","S","26","     6.6"," ","S","26","     5.6"," ","S","26","    21.1"," ","S","30","    13.1"," ","S","30","     7.2"," ","S","30","     3.1"," ","S","30","     0.8"," ","S","30","     0.0"," ","S","30","     0.0"," ","S","30","     0.0"," ","S","30","    0.05"," ","S","30","    0.14"," ","S","30","    0.33"," ","S","30","    0.64"," ","S","28","    4.27"," ","S","28","     4.7"," ","S","27","     4.2"," ","S","27","     2.7"," ","S","27","     1.7"," ","S","27","     1.0"," ","S","27","     0.8"," ","S","27","     0.0"," ","S","27","     0.0"," ","S","27"," -9999.0","Y"," "," 0"," -9999.0","Y"," "," 0"," -9999.0","Y"," "," 0","     1.0"," ","P","23","    12.2"," ","P","23","     3.2"," ","S","27","     2.0"," ","S","27","     1.4"," ","S","27","     1.0"," ","S","27","     0.5"," ","S","27","     0.0"," ","S","27","     0.0"," ","S","27"," -9999.0","Y"," "," 0"," -9999.0","Y"," "," 0"," -9999.0","Y"," "," 0"
"USC00424508","03-12"," 37.0286","-112.5361","1493.5","KANAB, UT US","03","12","99","    46.7"," ","S","26","    61.2"," ","S","30","    32.2"," ","S","26","    29.0"," ","S","26","     6.0"," ","S","26","     8.3"," ","S","30","     5.9"," ","S","26","     8.2"," ","S","26","    18.3"," ","S","26","     0.4"," ","S","26","     1.6"," ","S","26","     4.3"," ","S","26","     8.5"," ","S","26","    10.4"," ","S","26","    13.3"," ","S","26","     0.0"," ","S","26","     7.1"," ","S","26","     3.3"," ","S","26","     0.9"," ","S","26","     0.2"," ","S","26","     0.1"," ","S","26","     0.0","X","S","26","     0.0"," ","S","26","     0.0"," ","S","26","     0.0"," ","S","26","     7.1"," ","S","26","     3.3"," ","S","26","     0.9"," ","S","26","     0.2"," ","S","26","     0.1"," ","S","26","     0.0","X","S","26","     0.0"," ","S","26","     0.0"," ","S","26","     6.7"," ","S","26","     5.8"," ","S","26","    20.8"," ","S","30","    12.9"," ","S","30","     7.0"," ","S","30","     3.0"," ","S","30","     0.8"," ","S","30","     0.0"," ","S","30","     0.0"," ","S","30","     0.0"," ","S","30","    0.05"," ","S","30","    0.14"," ","S","30","    0.32"," ","S","30","    0.69"," ","S","28","    4.32"," ","S","28","     4.6"," ","S","27","     4.1"," ","S","27","     2.7"," ","S","27","     1.6"," ","S","27","     0.9"," ","S","27","     0.7"," ","S","27","     0.0"," ","S","27","     0.0"," ","S","27"," -9999.0","Y"," "," 0"," -9999.0","Y"," "," 0"," -9999.0","Y"," "," 0","     1.1"," ","P","23","    12.3"," ","P","23","     3.1"," ","S","27","     1.9"," ","S","27","     1.3"," ","S","27","     1.0"," ","S","27","     0.5"," ","S","27","     0.0"," ","S","27","     0.0"," ","S","27"," -9999.0","Y"," "," 0"," -9999.0","Y"," "," 0"," -9999.0","Y"," "," 0"
"USC00424508","03-13"," 37.0286","-112.5361","1493.5","KANAB, UT US","03","13","99","    46.9"," ","S","26","    61.5"," ","S","30","    32.3"," ","S","26","    29.2"," ","S","26","     6.0"," ","S","26","     8.3"," ","S","30","     5.9"," ","S","26","     8.1"," ","S","26","    18.1"," ","S","26","     0.4"," ","S","26","     1.6"," ","S","26","     4.2"," ","S","26","     8.3"," ","S","26","    10.2"," ","S","26","    13.1"," ","S","26","     0.0","X","S","26","     7.3"," ","S","26","     3.5"," ","S","26","     1.1"," ","S","26","     0.2"," ","S","26","     0.1"," ","S","26","     0.0","X","S","26","     0.0"," ","S","26","     0.0"," ","S","26","     0.0","X","S","26","     7.3"," ","S","26","     3.5"," ","S","26","     1.1"," ","S","26","     0.2"," ","S","26","     0.1"," ","S","26","     0.0","X","S","26","     0.0"," ","S","26","     0.0"," ","S","26","     6.9"," ","S","26","     6.0"," ","S","26","    20.6"," ","S","30","    12.7"," ","S","30","     6.8"," ","S","30","     2.9"," ","S","30","     0.7"," ","S","30","     0.0"," ","S","30","     0.0"," ","S","30","     0.0"," ","S","30","    0.05"," ","S","30","    0.14"," ","S","30","    0.32"," ","S","30","    0.74"," ","S","28","    4.37"," ","S","28","     4.5"," ","S","27","     4.0"," ","S","27","     2.6"," ","S","27","     1.5"," ","S","27","     0.9"," ","S","27","     0.7"," ","S","27","     0.0"," ","S","27","     0.0"," ","S","27"," -9999.0","Y"," "," 0"," -9999.0","Y"," "," 0"," -9999.0","Y"," "," 0","     1.1"," ","P","23","    12.3"," ","P","23","     2.9"," ","S","27","     1.8"," ","S","27","     1.2"," ","S","27","     0.9"," ","S","27","     0.5"," ","S","27","     0.0"," ","S","27","     0.0"," ","S","27"," -9999.0","Y"," "," 0"," -9999.0","Y"," "," 0"," -9999.0","Y"," "," 0"
"USC00424508","03-14"," 37.0286","-112.5361","1493.5","KANAB, UT US","03","14","99","    47.1"," ","S","26","    61.8"," ","S","30","    32.5"," ","S","26","    29.3"," ","S","26","     5.9"," ","S","26","     8.3"," ","S","30","     5.8"," ","S","26","     8.1"," ","S","26","    17.9"," ","S","26","     0.4"," ","S","26","     1.5"," ","S","26","     4.0"," ","S","26","     8.1"," ","S","26","    10.0"," ","S","26","    12.9"," ","S","26","     0.0","X","S","26","     7.5"," ","S","26","     3.7"," ","S","26","     1.2"," ","S","26","     0.2"," ","S","26","     0.1"," ","S","26","     0.0","X","S","26","     0.0"," ","S","26","     0.0"," ","S","26","     0.0","X","S","26","     7.5"," ","S","26","     3.7"," ","S","26","     1.2"," ","S","26","     0.2"," ","S","26","     0.1"," ","S","26","     0.0","X","S","26","     0.0"," ","S","26","     0.0"," ","S","26","     7.1"," ","S","26","     6.2"," ","S","26","    20.3"," ","S","30","    12.5"," ","S","30","     6.6"," ","S","30","     2.8"," ","S","30","     0.7"," ","S","30","     0.0"," ","S","30","     0.0"," ","S","30","     0.0"," ","S","30","    0.05"," ","S","30","    0.14"," ","S","30","    0.32"," ","S","30","    0.79"," ","S","28","    4.42"," ","S","28","     4.4"," ","S","27","     3.9"," ","S","27","     2.6"," ","S","27","     1.5"," ","S","27","     0.8"," ","S","27","     0.6"," ","S","27","     0.0"," ","S","27","     0.0"," ","S","27"," -9999.0","Y"," "," 0"," -9999.0","Y"," "," 0"," -9999.0","Y"," "," 0","     1.2"," ","P","23","    12.4"," ","P","23","     2.7"," ","S","27","     1.7"," ","S","27","     1.2"," ","S","27","     0.8"," ","S","27","     0.4"," ","S","27","     0.0"," ","S","27","     0.0"," ","S","27"," -9999.0","Y"," "," 0"," -9999.0","Y"," "," 0"," -9999.0","Y"," "," 0"
"USC00424508","03-15"," 37.0286","-112.5361","1493.5","KANAB, UT US","03","15","99","    47.3"," ","S","26","    62.1"," ","S","30","    32.6"," ","S","26","    29.5"," ","S","26","     5.9"," ","S","26","     8.3"," ","S","30","     5.8"," ","S","26","     8.1"," ","S","26","    17.7"," ","S","26","     0.4"," ","S","26","     1.5"," ","S","26","     3.9"," ","S","26","     7.9"," ","S","26","     9.8"," ","S","26","    12.7"," ","S","26","     0.0","X","S","26","     7.8"," ","S","26","     3.8"," ","S","26","     1.3"," ","S","26","     0.2"," ","S","26","     0.1"," ","S","26","     0.0","X","S","26","     0.0"," ","S","26","     0.0"," ","S","26","     0.0","X","S","26","     7.8"," ","S","26","     3.8"," ","S","26","     1.3"," ","S","26","     0.2"," ","S","26","     0.1"," ","S","26","     0.0","X","S","26","     0.0"," ","S","26","     0.0"," ","S","26","     7.2"," ","S","26","     6.3"," ","S","26","    20.0"," ","S","30","    12.3"," ","S","30","     6.5"," ","S","30","     2.7"," ","S","30","     0.6"," ","S","30","     0.0"," ","S","30","     0.0"," ","S","30","     0.0"," ","S","30","    0.05"," ","S","30","    0.14"," ","S","30","    0.31"," ","S","30","    0.84"," ","S","28","    4.47"," ","S","28","     4.3"," ","S","27","     3.9"," ","S","27","     2.5"," ","S","27","     1.4"," ","S","27","     0.8"," ","S","27","     0.6"," ","S","27","     0.0"," ","S","27","     0.0"," ","S","27"," -9999.0","Y"," "," 0"," -9999.0","Y"," "," 0"," -9999.0","Y"," "," 0","     1.2"," ","P","23","    12.4"," ","P","23","     2.6"," ","S","27","     1.6"," ","S","27","     1.1"," ","S","27","     0.8"," ","S","27","     0.4"," ","S","27","     0.0"," ","S","27","     0.0"," ","S","27"," -9999.0","Y"," "," 0"," -9999.0","Y"," "," 0"," -9999.0","Y"," "," 0"
"USC00424508","03-16"," 37.0286","-112.5361","1493.5","KANAB, UT US","03","16","99","    47.6"," ","S","26","    62.4"," ","S","30","    32.7"," ","S","26","    29.7"," ","S","26","     5.9"," ","S","26","     8.4"," ","S","30","     5.7"," ","S","26","     8.0"," ","S","26","    17.4"," ","S","26","     0.4"," ","S","26","     1.4"," ","S","26","     3.8"," ","S","26","     7.7"," ","S","26","     9.5"," ","S","26","    12.5"," ","S","26","     0.0","X","S","26","     8.0"," ","S","26","     4.0"," ","S","26","     1.4"," ","S","26","     0.3"," ","S","26","     0.1"," ","S","26","     0.0","X","S","26","     0.0"," ","S","26","     0.0"," ","S","26","     0.0","X","S","26","     8.0"," ","S","26","     4.0"," ","S","26","     1.4"," ","S","26","     0.3"," ","S","26","     0.1"," ","S","26","     0.0","X","S","26","     0.0"," ","S","26","     0.0"," ","S","26","     7.4"," ","S","26","     6.5"," ","S","26","    19.8"," ","S","30","    12.2"," ","S","30","     6.3"," ","S","30","     2.6"," ","S","30","     0.6"," ","S","30","     0.0"," ","S","30","     0.0"," ","S","30","     0.0"," ","S","30","    0.05"," ","S","30","    0.13"," ","S","30","    0.30"," ","S","30","    0.88"," ","S","28","    4.51"," ","S","28","     4.2"," ","S","27","     3.8"," ","S","27","     2.5"," ","S","27","     1.3"," ","S","27","     0.7"," ","S","27","     0.5"," ","S","27","     0.0"," ","S","27","     0.0"," ","S","27"," -9999.0","Y"," "," 0"," -9999.0","Y"," "," 0"," -9999.0","Y"," "," 0","     1.2"," ","P","23","    12.4"," ","P","23","     2.4"," ","S","27","     1.6"," ","S","27","     1.0"," ","S","27","     0.7"," ","S","27","     0.4"," ","S","27","     0.0"," ","S","27","     0.0"," ","S","27"," -9999.0","Y"," "," 0"," -9999.0","Y"," "," 0"," -9999.0","Y"," "," 0"
"USC00424508","03-17"," 37.0286","-112.5361","1493.5","KANAB, UT US","03","17","99","    47.8"," ","S","26","    62.7"," ","S","30","    32.9"," ","S","26","    29.8"," ","S","26","     5.9"," ","S","26","     8.4"," ","S","30","     5.7"," ","S","26","     8.0"," ","S","26","    17.2"," ","S","26","     0.4"," ","S","26","     1.3"," ","S","26","     3.7"," ","S","26","     7.5"," ","S","26","     9.3"," ","S","26","    12.2"," ","S","26","     0.0","X","S","26","     8.2"," ","S","26","     4.1"," ","S","26","     1.4"," ","S","26","     0.3"," ","S","26","     0.1"," ","S","26","     0.0","X","S","26","     0.0"," ","S","26","     0.0"," ","S","26","     0.0","X","S","26","     8.2"," ","S","26","     4.1"," ","S","26","     1.4"," ","S","26","     0.3"," ","S","26","     0.1"," ","S","26","     0.0","X","S","26","     0.0"," ","S","26","     0.0"," ","S","26","     7.5"," ","S","26","     6.6"," ","S","26","    19.6"," ","S","30","    12.0"," ","S","30","     6.1"," ","S","30","     2.5"," ","S","30","     0.5"," ","S","30","     0.0"," ","S","30","     0.0"," ","S","30","     0.0"," ","S","30","    0.05"," ","S","30","    0.13"," ","S","30","    0.30"," ","S","30","    0.92"," ","S","28","    4.55"," ","S","28","     4.1"," ","S","27","     3.7"," ","S","27","     2.5"," ","S","27","     1.3"," ","S","27","     0.7"," ","S","27","     0.5"," ","S","27","     0.0"," ","S","27","     0.0"," ","S","27"," -9999.0","Y"," "," 0"," -9999.0","Y"," "," 0"," -9999.0","Y"," "," 0","     1.3"," ","P","23","    12.5"," ","P","23","     2.3"," ","S","27","     1.5"," ","S","27","     0.9"," ","S","27","     0.7"," ","S","27","     0.3"," ","S","27","     0.0"," ","S","27","     0.0"," ","S","27"," -9999.0","Y"," "," 0"," -9999.0","Y"," "," 0"," -9999.0","Y"," "," 0"
"USC00424508","03-18"," 37.0286","-112.5361","1493.5","KANAB, UT US","03","18","99","    48.0"," ","S","26","    63.0"," ","S","30","    33.0"," ","S","26","    30.0"," ","S","26","     5.9"," ","S","26","     8.4"," ","S","30","     5.7"," ","S","26","     8.0"," ","S","26","    17.0"," ","S","26","     0.4"," ","S","26","     1.3"," ","S","26","     3.5"," ","S","26","     7.3"," ","S","26","     9.1"," ","S","26","    12.0"," ","S","26","     0.0","X","S","26","     8.3"," ","S","26","     4.2"," ","S","26","     1.5"," ","S","26","     0.3"," ","S","26","     0.1"," ","S","26","     0.0","X","S","26","     0.0"," ","S","26","     0.0"," ","S","26","     0.0","X","S","26","     8.3"," ","S","26","     4.2"," ","S","26","     1.5"," ","S","26","     0.3"," ","S","26","     0.1"," ","S","26","     0.0","X","S","26","     0.0"," ","S","26","     0.0"," ","S","26","     7.7"," ","S","26","     6.7"," ","S","26","    19.3"," ","S","30","    11.9"," ","S","30","     6.0"," ","S","30","     2.4"," ","S","30","     0.5"," ","S","30","     0.0"," ","S","30","     0.0"," ","S","30","     0.0"," ","S","30","    0.05"," ","S","30","    0.13"," ","S","30","    0.30"," ","S","30","    0.96"," ","S","28","    4.59"," ","S","28","     4.0"," ","S","27","     3.6"," ","S","27","     2.4"," ","S","27","     1.2"," ","S","27","     0.6"," ","S","27","     0.5"," ","S","27","     0.0"," ","S","27","     0.0"," ","S","27"," -9999.0","Y"," "," 0"," -9999.0","Y"," "," 0"," -9999.0","Y"," "," 0","     1.3"," ","P","23","    12.5"," ","P","23","     2.1"," ","S","27","     1.4"," ","S","27","     0.8"," ","S","27","     0.6"," ","S","27","     0.3"," ","S","27","     0.0"," ","S","27","     0.0"," ","S","27"," -9999.0","Y"," "," 0"," -9999.0","Y"," "," 0"," -9999.0","Y"," "," 0"
"USC00424508","03-19"," 37.0286","-112.5361","1493.5","KANAB, UT US","03","19","99","    48.2"," ","S","26","    63.3"," ","S","30","    33.1"," ","S","26","    30.2"," ","S","26","     6.0"," ","S","26","     8.4"," ","S","30","     5.7"," ","S","26","     8.0"," ","S","26","    16.8"," ","S","26","     0.3"," ","S","26","     1.2"," ","S","26","     3.4"," ","S","26","     7.1"," ","S","26","     8.9"," ","S","26","    11.8"," ","S","26","     0.0","X","S","26","     8.5"," ","S","26","     4.4"," ","S","26","     1.6"," ","S","26","     0.3"," ","S","26","     0.1"," ","S","26","     0.0","X","S","26","     0.0"," ","S","26","     0.0"," ","S","26","     0.0","X","S","26","     8.5"," ","S","26","     4.4"," ","S","26","     1.6"," ","S","26","     0.3"," ","S","26","     0.1"," ","S","26","     0.0","X","S","26","     0.0"," ","S","26","     0.0"," ","S","26","     7.8"," ","S","26","     6.8"," ","S","26","    19.1"," ","S","30","    11.7"," ","S","30","     5.8"," ","S","30","     2.3"," ","S","30","     0.5"," ","S","30","     0.0"," ","S","30","     0.0"," ","S","30","     0.0"," ","S","30","    0.05"," ","S","30","    0.13"," ","S","30","    0.29"," ","S","30","    0.99"," ","S","28","    4.62"," ","S","28","     3.8"," ","S","27","     3.5"," ","S","27","     2.4"," ","S","27","     1.2"," ","S","27","     0.6"," ","S","27","     0.4"," ","S","27","     0.0"," ","S","27","     0.0"," ","S","27"," -9999.0","Y"," "," 0"," -9999.0","Y"," "," 0"," -9999.0","Y"," "," 0","     1.3"," ","P","23","    12.5"," ","P","23","     2.0"," ","S","27","     1.3"," ","S","27","     0.8"," ","S","27","     0.5"," ","S","27","     0.3"," ","S","27","     0.0"," ","S","27","     0.0"," ","S","27"," -9999.0","Y"," "," 0"," -9999.0","Y"," "," 0"," -9999.0","Y"," "," 0"
"USC00424508","03-20"," 37.0286","-112.5361","1493.5","KANAB, UT US","03","20","99","    48.4"," ","S","26","    63.6"," ","S","30","    33.2"," ","S","26","    30.3"," ","S","26","     6.0"," ","S","26","     8.4"," ","S","30","     5.7"," ","S","26","     7.9"," ","S","26","    16.6"," ","S","26","     0.3"," ","S","26","     1.1"," ","S","26","     3.3"," ","S","26","     6.9"," ","S","26","     8.7"," ","S","26","    11.6"," ","S","26","     0.0","X","S","26","     8.7"," ","S","26","     4.5"," ","S","26","     1.7"," ","S","26","     0.3"," ","S","26","     0.1"," ","S","26","     0.0","X","S","26","     0.0"," ","S","26","     0.0"," ","S","26","     0.0","X","S","26","     8.7"," ","S","26","     4.5"," ","S","26","     1.7"," ","S","26","     0.3"," ","S","26","     0.1"," ","S","26","     0.0","X","S","26","     0.0"," ","S","26","     0.0"," ","S","26","     7.9"," ","S","26","     7.0"," ","S","26","    18.9"," ","S","30","    11.6"," ","S","30","     5.6"," ","S","30","     2.2"," ","S","30","     0.4"," ","S","30","     0.0"," ","S","30","     0.0"," ","S","30","     0.0"," ","S","30","    0.05"," ","S","30","    0.13"," ","S","30","    0.29"," ","S","30","    1.03"," ","S","28","    4.66"," ","S","28","     3.7"," ","S","27","     3.4"," ","S","27","     2.4"," ","S","27","     1.1"," ","S","27","     0.6"," ","S","27","     0.4"," ","S","27","     0.0"," ","S","27","     0.0"," ","S","27"," -9999.0","Y"," "," 0"," -9999.0","Y"," "," 0"," -9999.0","Y"," "," 0","     1.4"," ","P","23","    12.6"," ","P","23","     1.8"," ","S","27","     1.2"," ","S","27","     0.7"," ","S","27","     0.5"," ","S","27","     0.2"," ","S","27","     0.0"," ","S","27","     0.0"," ","S","27"," -9999.0","Y"," "," 0"," -9999.0","Y"," "," 0"," -9999.0","Y"," "," 0"
"USC00424508","03-21"," 37.0286","-112.5361","1493.5","KANAB, UT US","03","21","99","    48.6"," ","S","26","    63.8"," ","S","30","    33.3"," ","S","26","    30.5"," ","S","26","     6.0"," ","S","26","     8.4"," ","S","30","     5.7"," ","S","26","     7.9"," ","S","26","    16.4"," ","S","26","     0.3"," ","S","26","     1.1"," ","S","26","     3.2"," ","S","26","     6.7"," ","S","26","     8.6"," ","S","26","    11.4"," ","S","26","     0.0","X","S","26","     8.9"," ","S","26","     4.7"," ","S","26","     1.8"," ","S","26","     0.3"," ","S","26","     0.1"," ","S","26","     0.0","X","S","26","     0.0"," ","S","26","     0.0"," ","S","26","     0.0","X","S","26","     8.9"," ","S","26","     4.7"," ","S","26","     1.8"," ","S","26","     0.3"," ","S","26","     0.1"," ","S","26","     0.0","X","S","26","     0.0"," ","S","26","     0.0"," ","S","26","     8.0"," ","S","26","     7.1"," ","S","26","    18.7"," ","S","30","    11.5"," ","S","30","     5.5"," ","S","30","     2.1"," ","S","30","     0.4"," ","S","30","     0.0"," ","S","30","     0.0"," ","S","30","     0.0"," ","S","30","    0.05"," ","S","30","    0.13"," ","S","30","    0.29"," ","S","30","    1.07"," ","S","28","    4.70"," ","S","28","     3.6"," ","S","27","     3.3"," ","S","27","     2.3"," ","S","27","     1.1"," ","S","27","     0.5"," ","S","27","     0.3"," ","S","27","     0.0"," ","S","27","     0.0"," ","S","27"," -9999.0","Y"," "," 0"," -9999.0","Y"," "," 0"," -9999.0","Y"," "," 0","     1.4"," ","P","23","    12.6"," ","P","23","     1.7"," ","S","27","     1.2"," ","S","27","     0.6"," ","S","27","     0.4"," ","S","27","     0.2"," ","S","27","     0.0"," ","S","27","     0.0"," ","S","27"," -9999.0","Y"," "," 0"," -9999.0","Y"," "," 0"," -9999.0","Y"," "," 0"
"USC00424508","03-22"," 37.0286","-112.5361","1493.5","KANAB, UT US","03","22","99","    48.8"," ","S","26","    64.1"," ","S","30","    33.5"," ","S","26","    30.6"," ","S","26","     6.0"," ","S","26","     8.5"," ","S","30","     5.7"," ","S","26","     7.8"," ","S","26","    16.2"," ","S","26","     0.3"," ","S","26","     1.0"," ","S","26","     3.1"," ","S","26","     6.6"," ","S","26","     8.4"," ","S","26","    11.3"," ","S","26","     0.0","X","S","26","     9.0"," ","S","26","     4.8"," ","S","26","     1.9"," ","S","26","     0.4"," ","S","26","     0.2"," ","S","26","     0.0","X","S","26","     0.0"," ","S","26","     0.0"," ","S","26","     0.0","X","S","26","     9.0"," ","S","26","     4.8"," ","S","26","     1.9"," ","S","26","     0.4"," ","S","26","     0.2"," ","S","26","     0.0","X","S","26","     0.0"," ","S","26","     0.0"," ","S","26","     8.2"," ","S","26","     7.2"," ","S","26","    18.5"," ","S","30","    11.3"," ","S","30","     5.4"," ","S","30","     2.0"," ","S","30","     0.4"," ","S","30","     0.0"," ","S","30","     0.0"," ","S","30","     0.0"," ","S","30","    0.05"," ","S","30","    0.13"," ","S","30","    0.28"," ","S","30","    1.10"," ","S","28","    4.73"," ","S","28","     3.5"," ","S","27","     3.2"," ","S","27","     2.3"," ","S","27","     1.0"," ","S","27","     0.5"," ","S","27","     0.3"," ","S","27","     0.0"," ","S","27","     0.0"," ","S","27"," -9999.0","Y"," "," 0"," -9999.0","Y"," "," 0"," -9999.0","Y"," "," 0","     1.4"," ","P","23","    12.6"," ","P","23","     1.6"," ","S","27","     1.1"," ","S","27","     0.5"," ","S","27","     0.4"," ","S","27","     0.2"," ","S","27","     0.0"," ","S","27","     0.0"," ","S","27"," -9999.0","Y"," "," 0"," -9999.0","Y"," "," 0"," -9999.0","Y"," "," 0"
"USC00424508","03-23"," 37.0286","-112.5361","1493.5","KANAB, UT US","03","23","99","    49.0"," ","S","26","    64.3"," ","S","30","    33.6"," ","S","26","    30.8"," ","S","26","     6.1"," ","S","26","     8.5"," ","S","30","     5.7"," ","S","26","     7.8"," ","S","26","    16.0"," ","S","26","     0.2"," ","S","26","     1.0"," ","S","26","     3.0"," ","S","26","     6.4"," ","S","26","     8.2"," ","S","26","    11.1"," ","S","26","     0.0","X","S","26","     9.2"," ","S","26","     4.9"," ","S","26","     1.9"," ","S","26","     0.4"," ","S","26","     0.2"," ","S","26","     0.0","X","S","26","     0.0"," ","S","26","     0.0"," ","S","26","     0.0","X","S","26","     9.2"," ","S","26","     4.9"," ","S","26","     1.9"," ","S","26","     0.4"," ","S","26","     0.2"," ","S","26","     0.0","X","S","26","     0.0"," ","S","26","     0.0"," ","S","26","     8.3"," ","S","26","     7.3"," ","S","26","    18.3"," ","S","30","    11.2"," ","S","30","     5.2"," ","S","30","     1.9"," ","S","30","     0.3"," ","S","30","     0.0"," ","S","30","     0.0"," ","S","30","     0.0"," ","S","30","    0.05"," ","S","30","    0.13"," ","S","30","    0.28"," ","S","30","    1.14"," ","S","28","    4.77"," ","S","28","     3.4"," ","S","27","     3.2"," ","S","27","     2.2"," ","S","27","     0.9"," ","S","27","     0.5"," ","S","27","     0.3"," ","S","27","     0.0"," ","S","27","     0.0"," ","S","27"," -9999.0","Y"," "," 0"," -9999.0","Y"," "," 0"," -9999.0","Y"," "," 0","     1.5"," ","P","23","    12.7"," ","P","23","     1.5"," ","S","27","     1.0"," ","S","27","     0.5"," ","S","27","     0.3"," ","S","27","     0.1"," ","S","27","     0.0"," ","S","27","     0.0"," ","S","27"," -9999.0","Y"," "," 0"," -9999.0","Y"," "," 0"," -9999.0","Y"," "," 0"
"USC00424508","03-24"," 37.0286","-112.5361","1493.5","KANAB, UT US","03","24","99","    49.1"," ","S","26","    64.6"," ","S","30","    33.7"," ","S","26","    30.9"," ","S","26","     6.1"," ","S","26","     8.5"," ","S","30","     5.7"," ","S","26","     7.8"," ","S","26","    15.9"," ","S","26","     0.2"," ","S","26","     0.9"," ","S","26","     2.9"," ","S","26","     6.3"," ","S","26","     8.1"," ","S","26","    10.9"," ","S","26","     0.0","X","S","26","     9.3"," ","S","26","     5.1"," ","S","26","     2.0"," ","S","26","     0.4"," ","S","26","     0.2"," ","S","26","     0.0","X","S","26","     0.0"," ","S","26","     0.0"," ","S","26","     0.0","X","S","26","     9.3"," ","S","26","     5.1"," ","S","26","     2.0"," ","S","26","     0.4"," ","S","26","     0.2"," ","S","26","     0.0","X","S","26","     0.0"," ","S","26","     0.0"," ","S","26","     8.4"," ","S","26","     7.4"," ","S","26","    18.2"," ","S","30","    11.1"," ","S","30","     5.1"," ","S","30","     1.8"," ","S","30","     0.3"," ","S","30","     0.0"," ","S","30","     0.0"," ","S","30","     0.0"," ","S","30","    0.05"," ","S","30","    0.13"," ","S","30","    0.28"," ","S","30","    1.17"," ","S","28","    4.80"," ","S","28","     3.3"," ","S","27","     3.1"," ","S","27","     2.2"," ","S","27","     0.9"," ","S","27","     0.4"," ","S","27","     0.3"," ","S","27","     0.0"," ","S","27","     0.0"," ","S","27"," -9999.0","Y"," "," 0"," -9999.0","Y"," "," 0"," -9999.0","Y"," "," 0","     1.5"," ","P","23","    12.7"," ","P","23","     1.4"," ","S","27","     1.0"," ","S","27","     0.4"," ","S","27","     0.3"," ","S","27","     0.1"," ","S","27","     0.0"," ","S","27","     0.0"," ","S","27"," -9999.0","Y"," "," 0"," -9999.0","Y"," "," 0"," -9999.0","Y"," "," 0"
"USC00424508","03-25"," 37.0286","-112.5361","1493.5","KANAB, UT US","03","25","99","    49.3"," ","S","26","    64.8"," ","S","30","    33.8"," ","S","26","    31.0"," ","S","26","     6.1"," ","S","26","     8.5"," ","S","30","     5.7"," ","S","26","     7.8"," ","S","26","    15.7"," ","S","26","     0.2"," ","S","26","     0.9"," ","S","26","     2.8"," ","S","26","     6.1"," ","S","26","     7.9"," ","S","26","    10.7"," ","S","26","     0.0","X","S","26","     9.5"," ","S","26","     5.2"," ","S","26","     2.1"," ","S","26","     0.4"," ","S","26","     0.2"," ","S","26","     0.0","X","S","26","     0.0"," ","S","26","     0.0"," ","S","26","     0.0","X","S","26","     9.5"," ","S","26","     5.2"," ","S","26","     2.1"," ","S","26","     0.4"," ","S","26","     0.2"," ","S","26","     0.0","X","S","26","     0.0"," ","S","26","     0.0"," ","S","26","     8.5"," ","S","26","     7.6"," ","S","26","    18.0"," ","S","30","    11.0"," ","S","30","     5.0"," ","S","30","     1.8"," ","S","30","     0.3"," ","S","30","     0.0"," ","S","30","     0.0"," ","S","30","     0.0"," ","S","30","    0.05"," ","S","30","    0.13"," ","S","30","    0.27"," ","S","30","    1.21"," ","S","28","    4.84"," ","S","28","     3.2"," ","S","27","     3.0"," ","S","27","     2.2"," ","S","27","     0.9"," ","S","27","     0.4"," ","S","27","     0.2"," ","S","27","     0.0"," ","S","27","     0.0"," ","S","27"," -9999.0","Y"," "," 0"," -9999.0","Y"," "," 0"," -9999.0","Y"," "," 0","     1.6"," ","P","23","    12.8"," ","P","23","     1.3"," ","S","27","     0.9"," ","S","27","     0.3"," ","S","27","     0.2"," ","S","27","     0.1"," ","S","27","     0.0"," ","S","27","     0.0"," ","S","27"," -9999.0","Y"," "," 0"," -9999.0","Y"," "," 0"," -9999.0","Y"," "," 0"
"USC00424508","03-26"," 37.0286","-112.5361","1493.5","KANAB, UT US","03","26","99","    49.5"," ","S","26","    65.1"," ","S","30","    33.9"," ","S","26","    31.2"," ","S","26","     6.1"," ","S","26","     8.5"," ","S","30","     5.7"," ","S","26","     7.7"," ","S","26","    15.5"," ","S","26","     0.2"," ","S","26","     0.9"," ","S","26","     2.7"," ","S","26","     6.0"," ","S","26","     7.7"," ","S","26","    10.6"," ","S","26","     0.0","X","S","26","     9.7"," ","S","26","     5.3"," ","S","26","     2.1"," ","S","26","     0.5"," ","S","26","     0.2"," ","S","26","     0.1"," ","S","26","     0.0"," ","S","26","     0.0"," ","S","26","     0.0","X","S","26","     9.7"," ","S","26","     5.3"," ","S","26","     2.1"," ","S","26","     0.5"," ","S","26","     0.2"," ","S","26","     0.1"," ","S","26","     0.0"," ","S","26","     0.0"," ","S","26","     8.6"," ","S","26","     7.7"," ","S","26","    17.8"," ","S","30","    10.9"," ","S","30","     4.9"," ","S","30","     1.7"," ","S","30","     0.2"," ","S","30","     0.0"," ","S","30","     0.0"," ","S","30","     0.0"," ","S","30","    0.05"," ","S","30","    0.13"," ","S","30","    0.27"," ","S","30","    1.24"," ","S","28","    4.87"," ","S","28","     3.2"," ","S","27","     3.0"," ","S","27","     2.2"," ","S","27","     0.9"," ","S","27","     0.4"," ","S","27","     0.2"," ","S","27","     0.0"," ","S","27","     0.0"," ","S","27"," -9999.0","Y"," "," 0"," -9999.0","Y"," "," 0"," -9999.0","Y"," "," 0","     1.6"," ","P","23","    12.8"," ","P","23","     1.2"," ","S","27","     0.9"," ","S","27","     0.3"," ","S","27","     0.2"," ","S","27","     0.1"," ","S","27","     0.0"," ","S","27","     0.0"," ","S","27"," -9999.0","Y"," "," 0"," -9999.0","Y"," "," 0"," -9999.0","Y"," "," 0"
"USC00424508","03-27"," 37.0286","-112.5361","1493.5","KANAB, UT US","03","27","99","    49.7"," ","S","26","    65.3"," ","S","30","    34.0"," ","S","26","    31.3"," ","S","26","     6.2"," ","S","26","     8.5"," ","S","30","     5.8"," ","S","26","     7.7"," ","S","26","    15.3"," ","S","26","     0.2"," ","S","26","     0.8"," ","S","26","     2.6"," ","S","26","     5.8"," ","S","26","     7.6"," ","S","26","    10.4"," ","S","26","     0.0","X","S","26","     9.8"," ","S","26","     5.5"," ","S","26","     2.2"," ","S","26","     0.5"," ","S","26","     0.2"," ","S","26","     0.1"," ","S","26","     0.0"," ","S","26","     0.0"," ","S","26","     0.0","X","S","26","     9.8"," ","S","26","     5.5"," ","S","26","     2.2"," ","S","26","     0.5"," ","S","26","     0.2"," ","S","26","     0.1"," ","S","26","     0.0"," ","S","26","     0.0"," ","S","26","     8.7"," ","S","26","     7.8"," ","S","26","    17.7"," ","S","30","    10.7"," ","S","30","     4.8"," ","S","30","     1.6"," ","S","30","     0.2"," ","S","30","     0.0"," ","S","30","     0.0"," ","S","30","     0.0"," ","S","30","    0.05"," ","S","30","    0.13"," ","S","30","    0.27"," ","S","30","    1.27"," ","S","28","    4.90"," ","S","28","     3.1"," ","S","27","     2.9"," ","S","27","     2.1"," ","S","27","     0.8"," ","S","27","     0.4"," ","S","27","     0.2"," ","S","27","     0.0"," ","S","27","     0.0"," ","S","27"," -9999.0","Y"," "," 0"," -9999.0","Y"," "," 0"," -9999.0","Y"," "," 0","     1.6"," ","P","23","    12.8"," ","P","23","     1.1"," ","S","27","     0.8"," ","S","27","     0.2"," ","S","27","     0.2"," ","S","27","     0.0"," ","S","27","     0.0"," ","S","27","     0.0"," ","S","27"," -9999.0","Y"," "," 0"," -9999.0","Y"," "," 0"," -9999.0","Y"," "," 0"
"USC00424508","03-28"," 37.0286","-112.5361","1493.5","KANAB, UT US","03","28","99","    49.8"," ","S","26","    65.5"," ","S","30","    34.1"," ","S","26","    31.4"," ","S","26","     6.2"," ","S","26","     8.5"," ","S","30","     5.8"," ","S","26","     7.7"," ","S","26","    15.2"," ","S","26","     0.2"," ","S","26","     0.8"," ","S","26","     2.5"," ","S","26","     5.7"," ","S","26","     7.4"," ","S","26","    10.2"," ","S","26","     0.0","X","S","26","    10.0"," ","S","26","     5.6"," ","S","26","     2.3"," ","S","26","     0.5"," ","S","26","     0.2"," ","S","26","     0.1"," ","S","26","     0.0"," ","S","26","     0.0"," ","S","26","     0.0","X","S","26","    10.0"," ","S","26","     5.6"," ","S","26","     2.3"," ","S","26","     0.5"," ","S","26","     0.2"," ","S","26","     0.1"," ","S","26","     0.0"," ","S","26","     0.0"," ","S","26","     8.8"," ","S","26","     7.9"," ","S","26","    17.5"," ","S","30","    10.6"," ","S","30","     4.8"," ","S","30","     1.6"," ","S","30","     0.2"," ","S","30","     0.0"," ","S","30","     0.0"," ","S","30","     0.0"," ","S","30","    0.05"," ","S","30","    0.13"," ","S","30","    0.27"," ","S","30","    1.31"," ","S","28","    4.94"," ","S","28","     3.0"," ","S","27","     2.9"," ","S","27","     2.1"," ","S","27","     0.8"," ","S","27","     0.4"," ","S","27","     0.2"," ","S","27","     0.0"," ","S","27","     0.0"," ","S","27"," -9999.0","Y"," "," 0"," -9999.0","Y"," "," 0"," -9999.0","Y"," "," 0","     1.7"," ","P","23","    12.9"," ","P","23","     1.1"," ","S","27","     0.8"," ","S","27","     0.2"," ","S","27","     0.1"," ","S","27","     0.0"," ","S","27","     0.0"," ","S","27","     0.0"," ","S","27"," -9999.0","Y"," "," 0"," -9999.0","Y"," "," 0"," -9999.0","Y"," "," 0"
"USC00424508","03-29"," 37.0286","-112.5361","1493.5","KANAB, UT US","03","29","99","    50.0"," ","S","26","    65.7"," ","S","30","    34.3"," ","S","26","    31.5"," ","S","26","     6.2"," ","S","26","     8.5"," ","S","30","     5.8"," ","S","26","     7.6"," ","S","26","    15.0"," ","S","26","     0.2"," ","S","26","     0.8"," ","S","26","     2.4"," ","S","26","     5.5"," ","S","26","     7.3"," ","S","26","    10.1"," ","S","26","     0.0","X","S","26","    10.2"," ","S","26","     5.8"," ","S","26","     2.4"," ","S","26","     0.5"," ","S","26","     0.3"," ","S","26","     0.1"," ","S","26","     0.0"," ","S","26","     0.0"," ","S","26","     0.0","X","S","26","    10.2"," ","S","26","     5.8"," ","S","26","     2.4"," ","S","26","     0.5"," ","S","26","     0.3"," ","S","26","     0.1"," ","S","26","     0.0"," ","S","26","     0.0"," ","S","26","     8.9"," ","S","26","     8.0"," ","S","26","    17.4"," ","S","30","    10.5"," ","S","30","     4.7"," ","S","30","     1.5"," ","S","30","     0.2"," ","S","30","     0.0"," ","S","30","     0.0"," ","S","30","     0.0"," ","S","30","    0.05"," ","S","30","    0.12"," ","S","30","    0.26"," ","S","30","    1.34"," ","S","28","    4.97"," ","S","28","     3.0"," ","S","27","     2.9"," ","S","27","     2.1"," ","S","27","     0.8"," ","S","27","     0.4"," ","S","27","     0.2"," ","S","27","     0.0"," ","S","27","     0.0"," ","S","27"," -9999.0","Y"," "," 0"," -9999.0","Y"," "," 0"," -9999.0","Y"," "," 0","     1.7"," ","P","23","    12.9"," ","P","23","     1.0"," ","S","27","     0.7"," ","S","27","     0.2"," ","S","27","     0.1"," ","S","27","     0.0"," ","S","27","     0.0"," ","S","27","     0.0"," ","S","27"," -9999.0","Y"," "," 0"," -9999.0","Y"," "," 0"," -9999.0","Y"," "," 0"
"USC00424508","03-30"," 37.0286","-112.5361","1493.5","KANAB, UT US","03","30","99","    50.2"," ","S","26","    65.9"," ","S","30","    34.4"," ","S","26","    31.6"," ","S","26","     6.2"," ","S","26","     8.5"," ","S","30","     5.8"," ","S","26","     7.6"," ","S","26","    14.8"," ","S","26","     0.1"," ","S","26","     0.7"," ","S","26","     2.3"," ","S","26","     5.4"," ","S","26","     7.1"," ","S","26","     9.9"," ","S","26","     0.0","X","S","26","    10.3"," ","S","26","     5.9"," ","S","26","     2.5"," ","S","26","     0.6"," ","S","26","     0.3"," ","S","26","     0.1"," ","S","26","     0.0"," ","S","26","     0.0"," ","S","26","     0.0","X","S","26","    10.3"," ","S","26","     5.9"," ","S","26","     2.5"," ","S","26","     0.6"," ","S","26","     0.3"," ","S","26","     0.1"," ","S","26","     0.0"," ","S","26","     0.0"," ","S","26","     9.0"," ","S","26","     8.1"," ","S","26","    17.3"," ","S","30","    10.4"," ","S","30","     4.6"," ","S","30","     1.5"," ","S","30","     0.1"," ","S","30","     0.0"," ","S","30","     0.0"," ","S","30","     0.0"," ","S","30","    0.05"," ","S","30","    0.12"," ","S","30","    0.26"," ","S","30","    1.37"," ","S","28","    5.00"," ","S","28","     2.9"," ","S","27","     2.8"," ","S","27","     2.1"," ","S","27","     0.8"," ","S","27","     0.4"," ","S","27","     0.2"," ","S","27","     0.0"," ","S","27","     0.0"," ","S","27"," -9999.0","Y"," "," 0"," -9999.0","Y"," "," 0"," -9999.0","Y"," "," 0","     1.8"," ","P","23","    13.0"," ","P","23","     0.9"," ","S","27","     0.7"," ","S","27","     0.1"," ","S","27","     0.1"," ","S","27","     0.0"," ","S","27","     0.0"," ","S","27","     0.0"," ","S","27"," -9999.0","Y"," "," 0"," -9999.0","Y"," "," 0"," -9999.0","Y"," "," 0"
"USC00424508","03-31"," 37.0286","-112.5361","1493.5","KANAB, UT US","03","31","99","    50.3"," ","S","26","    66.1"," ","S","30","    34.5"," ","S","26","    31.6"," ","S","26","     6.2"," ","S","26","     8.5"," ","S","30","     5.9"," ","S","26","     7.6"," ","S","26","    14.7"," ","S","26","     0.1"," ","S","26","     0.7"," ","S","26","     2.3"," ","S","26","     5.3"," ","S","26","     7.0"," ","S","26","     9.8"," ","S","26","     0.0","X","S","26","    10.5"," ","S","26","     6.1"," ","S","26","     2.6"," ","S","26","     0.6"," ","S","26","     0.3"," ","S","26","     0.1"," ","S","26","     0.0"," ","S","26","     0.0"," ","S","26","     0.0","X","S","26","    10.5"," ","S","26","     6.1"," ","S","26","     2.6"," ","S","26","     0.6"," ","S","26","     0.3"," ","S","26","     0.1"," ","S","26","     0.0"," ","S","26","     0.0"," ","S","26","     9.2"," ","S","26","     8.2"," ","S","26","    17.2"," ","S","30","    10.3"," ","S","30","     4.5"," ","S","30","     1.4"," ","S","30","     0.1"," ","S","30","     0.0"," ","S","30","     0.0"," ","S","30","     0.0"," ","S","30","    0.05"," ","S","30","    0.12"," ","S","30","    0.26"," ","S","30","    1.40"," ","S","28","    5.03"," ","S","28","     2.9"," ","S","26","     2.8"," ","S","26","     2.1"," ","S","26","     0.8"," ","S","26","     0.4"," ","S","26","     0.2"," ","S","26","     0.0"," ","S","26","     0.0"," ","S","26"," -9999.0","Y"," "," 0"," -9999.0","Y"," "," 0"," -9999.0","Y"," "," 0","     1.8"," ","P","23","    13.0"," ","P","23","     0.9"," ","S","27","     0.7"," ","S","27","     0.1"," ","S","27","     0.0"," ","S","27","     0.0"," ","S","27","     0.0"," ","S","27","     0.0"," ","S","27"," -9999.0","Y"," "," 0"," -9999.0","Y"," "," 0"," -9999.0","Y"," "," 0"
"USC00424508","04-01"," 37.0286","-112.5361","1493.5","KANAB, UT US","04","01","99","    50.5"," ","S","25","    66.3"," ","S","29","    34.6"," ","S","25","    31.7"," ","S","25","     6.2"," ","S","25","     8.5"," ","S","29","     5.9"," ","S","25","     7.5"," ","S","25","    14.5"," ","S","25","     0.1"," ","S","25","     0.7"," ","S","25","     2.2"," ","S","25","     5.2"," ","S","25","     6.9"," ","S","25","     9.6"," ","S","25","     0.0","X","S","25","    10.6"," ","S","25","     6.2"," ","S","25","     2.7"," ","S","25","     0.7"," ","S","25","     0.4"," ","S","25","     0.1"," ","S","25","     0.0"," ","S","25","     0.0"," ","S","25","     0.0","X","S","25","    10.6"," ","S","25","     6.2"," ","S","25","     2.7"," ","S","25","     0.7"," ","S","25","     0.4"," ","S","25","     0.1"," ","S","25","     0.0"," ","S","25","     0.0"," ","S","25","     9.2"," ","S","25","     8.3"," ","S","25","    17.2"," ","S","30","    10.2"," ","S","30","     4.5"," ","S","30","     1.4"," ","S","30","     0.1"," ","S","30","     0.0"," ","S","30","     0.0"," ","S","30","     0.0"," ","S","30","    0.04"," ","S","30","    0.12"," ","S","30","    0.26"," ","S","30","    0.03"," ","S","29","    5.06"," ","S","29","     2.9"," ","S","26","     2.8"," ","S","26","     2.1"," ","S","26","     0.8"," ","S","26","     0.4"," ","S","26","     0.2"," ","S","26","     0.0"," ","S","26","     0.0"," ","S","26"," -9999.0","Y"," "," 0"," -9999.0","Y"," "," 0"," -9999.0","Y"," "," 0","     0.1"," ","S","24","    13.1"," ","S","24","     0.9"," ","S","26","     0.7"," ","S","26","     0.0"," ","S","26","     0.0"," ","S","26","     0.0"," ","S","26","     0.0"," ","S","26","     0.0"," ","S","26"," -9999.0","Y"," "," 0"," -9999.0","Y"," "," 0"," -9999.0","Y"," "," 0"
"USC00424508","04-02"," 37.0286","-112.5361","1493.5","KANAB, UT US","04","02","99","    50.6"," ","S","25","    66.5"," ","S","29","    34.8"," ","S","25","    31.8"," ","S","25","     6.3"," ","S","25","     8.5"," ","S","29","     5.9"," ","S","25","     7.5"," ","S","25","    14.4"," ","S","25","     0.1"," ","S","25","     0.7"," ","S","25","     2.2"," ","S","25","     5.1"," ","S","25","     6.8"," ","S","25","     9.5"," ","S","25","     0.0","X","S","25","    10.8"," ","S","25","     6.4"," ","S","25","     2.9"," ","S","25","     0.8"," ","S","25","     0.4"," ","S","25","     0.1"," ","S","25","     0.0"," ","S","25","     0.0"," ","S","25","     0.0","X","S","25","    10.8"," ","S","25","     6.4"," ","S","25","     2.9"," ","S","25","     0.8"," ","S","25","     0.4"," ","S","25","     0.1"," ","S","25","     0.0"," ","S","25","     0.0"," ","S","25","     9.3"," ","S","25","     8.3"," ","S","25","    17.2"," ","S","30","    10.2"," ","S","30","     4.5"," ","S","30","     1.4"," ","S","30","     0.1"," ","S","30","     0.0"," ","S","30","     0.0"," ","S","30","     0.0"," ","S","30","    0.04"," ","S","30","    0.12"," ","S","30","    0.25"," ","S","30","    0.07"," ","S","29","    5.10"," ","S","29","     2.9"," ","S","26","     2.8"," ","S","26","     2.0"," ","S","26","     0.8"," ","S","26","     0.4"," ","S","26","     0.2"," ","S","26","     0.0"," ","S","26","     0.0"," ","S","26"," -9999.0","Y"," "," 0"," -9999.0","Y"," "," 0"," -9999.0","Y"," "," 0","     0.2"," ","S","24","    13.2"," ","S","24","     0.8"," ","S","26","     0.6"," ","S","26","     0.0"," ","S","26","     0.0"," ","S","26","     0.0"," ","S","26","     0.0"," ","S","26","     0.0"," ","S","26"," -9999.0","Y"," "," 0"," -9999.0","Y"," "," 0"," -9999.0","Y"," "," 0"
"USC00424508","04-03"," 37.0286","-112.5361","1493.5","KANAB, UT US","04","03","99","    50.8"," ","S","25","    66.7"," ","S","29","    34.9"," ","S","25","    31.8"," ","S","25","     6.3"," ","S","25","     8.5"," ","S","29","     5.9"," ","S","25","     7.5"," ","S","25","    14.2"," ","S","25","     0.1"," ","S","25","     0.7"," ","S","25","     2.2"," ","S","25","     5.1"," ","S","25","     6.6"," ","S","25","     9.3"," ","S","25","     0.0","X","S","25","    10.9"," ","S","25","     6.5"," ","S","25","     3.0"," ","S","25","     0.9"," ","S","25","     0.5"," ","S","25","     0.1"," ","S","25","     0.0"," ","S","25","     0.0"," ","S","25","     0.0","X","S","25","    10.9"," ","S","25","     6.5"," ","S","25","     3.0"," ","S","25","     0.9"," ","S","25","     0.5"," ","S","25","     0.1"," ","S","25","     0.0"," ","S","25","     0.0"," ","S","25","     9.4"," ","S","25","     8.4"," ","S","25","    17.1"," ","S","30","    10.1"," ","S","30","     4.4"," ","S","30","     1.3"," ","S","30","     0.1"," ","S","30","     0.0"," ","S","30","     0.0"," ","S","30","     0.0"," ","S","30","    0.04"," ","S","30","    0.12"," ","S","30","    0.25"," ","S","30","    0.10"," ","S","29","    5.13"," ","S","29","     2.8"," ","S","26","     2.7"," ","S","26","     2.0"," ","S","26","     0.8"," ","S","26","     0.4"," ","S","26","     0.2"," ","S","26","     0.0"," ","S","26","     0.0"," ","S","26"," -9999.0","Y"," "," 0"," -9999.0","Y"," "," 0"," -9999.0","Y"," "," 0","     0.2"," ","S","24","    13.2"," ","S","24","     0.8"," ","S","26","     0.6"," ","S","26","     0.0"," ","S","26","     0.0"," ","S","26","     0.0"," ","S","26","     0.0"," ","S","26","     0.0"," ","S","26"," -9999.0","Y"," "," 0"," -9999.0","Y"," "," 0"," -9999.0","Y"," "," 0"
"USC00424508","04-04"," 37.0286","-112.5361","1493.5","KANAB, UT US","04","04","99","    51.0"," ","S","25","    66.9"," ","S","29","    35.0"," ","S","25","    31.9"," ","S","25","     6.3"," ","S","25","     8.5"," ","S","29","     6.0"," ","S","25","     7.5"," ","S","25","    14.0"," ","S","25","     0.1"," ","S","25","     0.7"," ","S","25","     2.2"," ","S","25","     5.0"," ","S","25","     6.5"," ","S","25","     9.2"," ","S","25","     0.0","X","S","25","    11.1"," ","S","25","     6.7"," ","S","25","     3.1"," ","S","25","     0.9"," ","S","25","     0.5"," ","S","25","     0.2"," ","S","25","     0.0"," ","S","25","     0.0"," ","S","25","     0.0","X","S","25","    11.1"," ","S","25","     6.7"," ","S","25","     3.1"," ","S","25","     0.9"," ","S","25","     0.5"," ","S","25","     0.2"," ","S","25","     0.0"," ","S","25","     0.0"," ","S","25","     9.5"," ","S","25","     8.5"," ","S","25","    17.0"," ","S","30","    10.0"," ","S","30","     4.4"," ","S","30","     1.3"," ","S","30","     0.1"," ","S","30","     0.0"," ","S","30","     0.0"," ","S","30","     0.0"," ","S","30","    0.04"," ","S","30","    0.12"," ","S","30","    0.25"," ","S","30","    0.13"," ","S","29","    5.16"," ","S","29","     2.7"," ","S","26","     2.7"," ","S","26","     2.0"," ","S","26","     0.8"," ","S","26","     0.4"," ","S","26","     0.1"," ","S","26","     0.0"," ","S","26","     0.0"," ","S","26"," -9999.0","Y"," "," 0"," -9999.0","Y"," "," 0"," -9999.0","Y"," "," 0","     0.3"," ","S","24","    13.3"," ","S","24","     0.8"," ","S","26","     0.6"," ","S","26","     0.0"," ","S","26","     0.0"," ","S","26","     0.0"," ","S","26","     0.0"," ","S","26","     0.0"," ","S","26"," -9999.0","Y"," "," 0"," -9999.0","Y"," "," 0"," -9999.0","Y"," "," 0"
"USC00424508","04-05"," 37.0286","-112.5361","1493.5","KANAB, UT US","04","05","99","    51.1"," ","S","25","    67.1"," ","S","29","    35.2"," ","S","25","    31.9"," ","S","25","     6.3"," ","S","25","     8.5"," ","S","29","     6.0"," ","S","25","     7.4"," ","S","25","    13.9"," ","S","25","     0.1"," ","S","25","     0.7"," ","S","25","     2.1"," ","S","25","     4.9"," ","S","25","     6.4"," ","S","25","     9.1"," ","S","25","     0.0","X","S","25","    11.3"," ","S","25","     6.9"," ","S","25","     3.2"," ","S","25","     1.0"," ","S","25","     0.6"," ","S","25","     0.2"," ","S","25","     0.0"," ","S","25","     0.0"," ","S","25","     0.0","X","S","25","    11.3"," ","S","25","     6.9"," ","S","25","     3.2"," ","S","25","     1.0"," ","S","25","     0.6"," ","S","25","     0.2"," ","S","25","     0.0"," ","S","25","     0.0"," ","S","25","     9.6"," ","S","25","     8.6"," ","S","25","    17.0"," ","S","30","    10.0"," ","S","30","     4.3"," ","S","30","     1.3"," ","S","30","     0.1"," ","S","30","     0.0"," ","S","30","     0.0"," ","S","30","     0.0"," ","S","30","    0.04"," ","S","30","    0.12"," ","S","30","    0.25"," ","S","30","    0.16"," ","S","29","    5.19"," ","S","29","     2.7"," ","S","26","     2.6"," ","S","26","     1.9"," ","S","26","     0.8"," ","S","26","     0.4"," ","S","26","     0.1"," ","S","26","     0.0"," ","S","26","     0.0"," ","S","26"," -9999.0","Y"," "," 0"," -9999.0","Y"," "," 0"," -9999.0","Y"," "," 0","     0.4"," ","S","24","    13.4"," ","S","24","     0.7"," ","S","26","     0.6"," ","S","26","     0.0"," ","S","26","     0.0"," ","S","26","     0.0"," ","S","26","     0.0"," ","S","26","     0.0"," ","S","26"," -9999.0","Y"," "," 0"," -9999.0","Y"," "," 0"," -9999.0","Y"," "," 0"
"USC00424508","04-06"," 37.0286","-112.5361","1493.5","KANAB, UT US","04","06","99","    51.3"," ","S","25","    67.3"," ","S","29","    35.3"," ","S","25","    32.0"," ","S","25","     6.3"," ","S","25","     8.5"," ","S","29","     6.0"," ","S","25","     7.4"," ","S","25","    13.7"," ","S","25","     0.1"," ","S","25","     0.7"," ","S","25","     2.0"," ","S","25","     4.8"," ","S","25","     6.3"," ","S","25","     8.9"," ","S","25","     0.0","X","S","25","    11.4"," ","S","25","     7.0"," ","S","25","     3.3"," ","S","25","     1.1"," ","S","25","     0.6"," ","S","25","     0.2"," ","S","25","     0.0"," ","S","25","     0.0"," ","S","25","     0.0","X","S","25","    11.4"," ","S","25","     7.0"," ","S","25","     3.3"," ","S","25","     1.1"," ","S","25","     0.6"," ","S","25","     0.2"," ","S","25","     0.0"," ","S","25","     0.0"," ","S","25","     9.7"," ","S","25","     8.7"," ","S","25","    16.9"," ","S","30","     9.9"," ","S","30","     4.3"," ","S","30","     1.3"," ","S","30","     0.1"," ","S","30","     0.0"," ","S","30","     0.0"," ","S","30","     0.0"," ","S","30","    0.04"," ","S","30","    0.12"," ","S","30","    0.24"," ","S","30","    0.19"," ","S","29","    5.22"," ","S","29","     2.6"," ","S","26","     2.6"," ","S","26","     1.9"," ","S","26","     0.8"," ","S","26","     0.4"," ","S","26","     0.1"," ","S","26","     0.0"," ","S","26","     0.0"," ","S","26"," -9999.0","Y"," "," 0"," -9999.0","Y"," "," 0"," -9999.0","Y"," "," 0","     0.5"," ","S","24","    13.5"," ","S","24","     0.7"," ","S","26","     0.6"," ","S","26","     0.0"," ","S","26","     0.0"," ","S","26","     0.0"," ","S","26","     0.0"," ","S","26","     0.0"," ","S","26"," -9999.0","Y"," "," 0"," -9999.0","Y"," "," 0"," -9999.0","Y"," "," 0"
"USC00424508","04-07"," 37.0286","-112.5361","1493.5","KANAB, UT US","04","07","99","    51.5"," ","S","25","    67.5"," ","S","29","    35.5"," ","S","25","    32.0"," ","S","25","     6.3"," ","S","25","     8.5"," ","S","29","     6.0"," ","S","25","     7.4"," ","S","25","    13.6"," ","S","25","     0.1"," ","S","25","     0.6"," ","S","25","     2.0"," ","S","25","     4.6"," ","S","25","     6.1"," ","S","25","     8.7"," ","S","25","     0.0","X","S","25","    11.6"," ","S","25","     7.1"," ","S","25","     3.4"," ","S","25","     1.1"," ","S","25","     0.6"," ","S","25","     0.2"," ","S","25","     0.0"," ","S","25","     0.0"," ","S","25","     0.0","X","S","25","    11.6"," ","S","25","     7.1"," ","S","25","     3.4"," ","S","25","     1.1"," ","S","25","     0.6"," ","S","25","     0.2"," ","S","25","     0.0"," ","S","25","     0.0"," ","S","25","     9.8"," ","S","25","     8.8"," ","S","25","    16.9"," ","S","30","     9.8"," ","S","30","     4.2"," ","S","30","     1.3"," ","S","30","     0.1"," ","S","30","     0.0"," ","S","30","     0.0"," ","S","30","     0.0"," ","S","30","    0.04"," ","S","30","    0.12"," ","S","30","    0.24"," ","S","30","    0.22"," ","S","29","    5.25"," ","S","29","     2.6"," ","S","26","     2.5"," ","S","26","     1.8"," ","S","26","     0.8"," ","S","26","     0.4"," ","S","26","     0.1"," ","S","26","     0.0"," ","S","26","     0.0"," ","S","26"," -9999.0","Y"," "," 0"," -9999.0","Y"," "," 0"," -9999.0","Y"," "," 0","     0.5"," ","S","24","    13.5"," ","S","24","     0.7"," ","S","26","     0.5"," ","S","26","     0.0"," ","S","26","     0.0"," ","S","26","     0.0"," ","S","26","     0.0"," ","S","26","     0.0"," ","S","26"," -9999.0","Y"," "," 0"," -9999.0","Y"," "," 0"," -9999.0","Y"," "," 0"
"USC00424508","04-08"," 37.0286","-112.5361","1493.5","KANAB, UT US","04","08","99","    51.6"," ","S","25","    67.6"," ","S","29","    35.6"," ","S","25","    32.0"," ","S","25","     6.4"," ","S","25","     8.5"," ","S","29","     6.0"," ","S","25","     7.4"," ","S","25","    13.4"," ","S","25","     0.1"," ","S","25","     0.6"," ","S","25","     1.9"," ","S","25","     4.5"," ","S","25","     6.0"," ","S","25","     8.6"," ","S","25","     0.0","X","S","25","    11.7"," ","S","25","     7.3"," ","S","25","     3.5"," ","S","25","     1.1"," ","S","25","     0.6"," ","S","25","     0.2"," ","S","25","     0.0"," ","S","25","     0.0"," ","S","25","     0.0","X","S","25","    11.7"," ","S","25","     7.3"," ","S","25","     3.5"," ","S","25","     1.1"," ","S","25","     0.6"," ","S","25","     0.2"," ","S","25","     0.0"," ","S","25","     0.0"," ","S","25","     9.9"," ","S","25","     8.9"," ","S","25","    16.8"," ","S","30","     9.8"," ","S","30","     4.2"," ","S","30","     1.3"," ","S","30","     0.1"," ","S","30","     0.0"," ","S","30","     0.0"," ","S","30","     0.0"," ","S","30","    0.04"," ","S","30","    0.12"," ","S","30","    0.24"," ","S","30","    0.25"," ","S","29","    5.28"," ","S","29","     2.5"," ","S","26","     2.5"," ","S","26","     1.8"," ","S","26","     0.8"," ","S","26","     0.4"," ","S","26","     0.1"," ","S","26","     0.0"," ","S","26","     0.0"," ","S","26"," -9999.0","Y"," "," 0"," -9999.0","Y"," "," 0"," -9999.0","Y"," "," 0","     0.6"," ","S","24","    13.6"," ","S","24","     0.6"," ","S","26","     0.5"," ","S","26","     0.0"," ","S","26","     0.0"," ","S","26","     0.0"," ","S","26","     0.0"," ","S","26","     0.0"," ","S","26"," -9999.0","Y"," "," 0"," -9999.0","Y"," "," 0"," -9999.0","Y"," "," 0"
"USC00424508","04-09"," 37.0286","-112.5361","1493.5","KANAB, UT US","04","09","99","    51.8"," ","S","25","    67.8"," ","S","29","    35.8"," ","S","25","    32.0"," ","S","25","     6.4"," ","S","25","     8.5"," ","S","29","     6.1"," ","S","25","     7.4"," ","S","25","    13.2"," ","S","25","     0.1"," ","S","25","     0.6"," ","S","25","     1.9"," ","S","25","     4.4"," ","S","25","     5.9"," ","S","25","     8.4"," ","S","25","     0.0","X","S","25","    11.9"," ","S","25","     7.4"," ","S","25","     3.7"," ","S","25","     1.2"," ","S","25","     0.7"," ","S","25","     0.2"," ","S","25","     0.0"," ","S","25","     0.0"," ","S","25","     0.0","X","S","25","    11.9"," ","S","25","     7.4"," ","S","25","     3.7"," ","S","25","     1.2"," ","S","25","     0.7"," ","S","25","     0.2"," ","S","25","     0.0"," ","S","25","     0.0"," ","S","25","    10.0"," ","S","25","     9.0"," ","S","25","    16.8"," ","S","30","     9.7"," ","S","30","     4.2"," ","S","30","     1.2"," ","S","30","     0.1"," ","S","30","     0.0"," ","S","30","     0.0"," ","S","30","     0.0"," ","S","30","    0.04"," ","S","30","    0.12"," ","S","30","    0.24"," ","S","30","    0.28"," ","S","29","    5.31"," ","S","29","     2.4"," ","S","26","     2.4"," ","S","26","     1.7"," ","S","26","     0.8"," ","S","26","     0.5"," ","S","26","     0.1"," ","S","26","     0.0"," ","S","26","     0.0"," ","S","26"," -9999.0","Y"," "," 0"," -9999.0","Y"," "," 0"," -9999.0","Y"," "," 0","     0.7"," ","S","24","    13.7"," ","S","24","     0.6"," ","S","26","     0.5"," ","S","26","     0.0"," ","S","26","     0.0"," ","S","26","     0.0"," ","S","26","     0.0"," ","S","26","     0.0"," ","S","26"," -9999.0","Y"," "," 0"," -9999.0","Y"," "," 0"," -9999.0","Y"," "," 0"
"USC00424508","04-10"," 37.0286","-112.5361","1493.5","KANAB, UT US","04","10","99","    52.0"," ","S","25","    68.0"," ","S","29","    36.0"," ","S","25","    32.0"," ","S","25","     6.4"," ","S","25","     8.5"," ","S","29","     6.1"," ","S","25","     7.3"," ","S","25","    13.0"," ","S","25","     0.1"," ","S","25","     0.6"," ","S","25","     1.8"," ","S","25","     4.3"," ","S","25","     5.7"," ","S","25","     8.3"," ","S","25","     0.0","X","S","25","    12.1"," ","S","25","     7.6"," ","S","25","     3.8"," ","S","25","     1.3"," ","S","25","     0.7"," ","S","25","     0.2"," ","S","25","     0.0"," ","S","25","     0.0"," ","S","25","     0.0","X","S","25","    12.1"," ","S","25","     7.6"," ","S","25","     3.8"," ","S","25","     1.3"," ","S","25","     0.7"," ","S","25","     0.2"," ","S","25","     0.0"," ","S","25","     0.0"," ","S","25","    10.1"," ","S","25","     9.0"," ","S","25","    16.8"," ","S","30","     9.6"," ","S","30","     4.2"," ","S","30","     1.2"," ","S","30","     0.1"," ","S","30","     0.0"," ","S","30","     0.0"," ","S","30","     0.0"," ","S","30","    0.04"," ","S","30","    0.12"," ","S","30","    0.24"," ","S","30","    0.31"," ","S","29","    5.34"," ","S","29","     2.4"," ","S","26","     2.3"," ","S","26","     1.7"," ","S","26","     0.8"," ","S","26","     0.5"," ","S","26","     0.1"," ","S","26","     0.0"," ","S","26","     0.0"," ","S","26"," -9999.0","Y"," "," 0"," -9999.0","Y"," "," 0"," -9999.0","Y"," "," 0","     0.8"," ","S","24","    13.8"," ","S","24","     0.6"," ","S","26","     0.5"," ","S","26","     0.0"," ","S","26","     0.0"," ","S","26","     0.0"," ","S","26","     0.0"," ","S","26","     0.0"," ","S","26"," -9999.0","Y"," "," 0"," -9999.0","Y"," "," 0"," -9999.0","Y"," "," 0"
"USC00424508","04-11"," 37.0286","-112.5361","1493.5","KANAB, UT US","04","11","99","    52.2"," ","S","25","    68.2"," ","S","29","    36.2"," ","S","25","    32.0"," ","S","25","     6.4"," ","S","25","     8.5"," ","S","29","     6.1"," ","S","25","     7.3"," ","S","25","    12.9"," ","S","25","     0.1"," ","S","25","     0.6"," ","S","25","     1.8"," ","S","25","     4.2"," ","S","25","     5.6"," ","S","25","     8.1"," ","S","25","     0.0","X","S","25","    12.2"," ","S","25","     7.7"," ","S","25","     4.0"," ","S","25","     1.4"," ","S","25","     0.8"," ","S","25","     0.3"," ","S","25","     0.0"," ","S","25","     0.0"," ","S","25","     0.0","X","S","25","    12.2"," ","S","25","     7.7"," ","S","25","     4.0"," ","S","25","     1.4"," ","S","25","     0.8"," ","S","25","     0.3"," ","S","25","     0.0"," ","S","25","     0.0"," ","S","25","    10.1"," ","S","25","     9.1"," ","S","25","    16.7"," ","S","30","     9.6"," ","S","30","     4.1"," ","S","30","     1.2"," ","S","30","     0.1"," ","S","30","     0.0"," ","S","30","     0.0"," ","S","30","     0.0"," ","S","30","    0.04"," ","S","30","    0.11"," ","S","30","    0.24"," ","S","30","    0.34"," ","S","29","    5.37"," ","S","29","     2.3"," ","S","26","     2.3"," ","S","26","     1.6"," ","S","26","     0.8"," ","S","26","     0.5"," ","S","26","     0.1"," ","S","26","     0.0"," ","S","26","     0.0"," ","S","26"," -9999.0","Y"," "," 0"," -9999.0","Y"," "," 0"," -9999.0","Y"," "," 0","     0.8"," ","S","24","    13.8"," ","S","24","     0.6"," ","S","26","     0.5"," ","S","26","     0.0"," ","S","26","     0.0"," ","S","26","     0.0"," ","S","26","     0.0"," ","S","26","     0.0"," ","S","26"," -9999.0","Y"," "," 0"," -9999.0","Y"," "," 0"," -9999.0","Y"," "," 0"
"USC00424508","04-12"," 37.0286","-112.5361","1493.5","KANAB, UT US","04","12","99","    52.4"," ","S","25","    68.4"," ","S","29","    36.4"," ","S","25","    32.0"," ","S","25","     6.5"," ","S","25","     8.6"," ","S","29","     6.1"," ","S","25","     7.3"," ","S","25","    12.7"," ","S","25","     0.1"," ","S","25","     0.5"," ","S","25","     1.7"," ","S","25","     4.1"," ","S","25","     5.5"," ","S","25","     7.9"," ","S","25","     0.0","X","S","25","    12.4"," ","S","25","     7.9"," ","S","25","     4.1"," ","S","25","     1.4"," ","S","25","     0.8"," ","S","25","     0.3"," ","S","25","     0.0"," ","S","25","     0.0"," ","S","25","     0.0","X","S","25","    12.4"," ","S","25","     7.9"," ","S","25","     4.1"," ","S","25","     1.4"," ","S","25","     0.8"," ","S","25","     0.3"," ","S","25","     0.0"," ","S","25","     0.0"," ","S","25","    10.2"," ","S","25","     9.2"," ","S","25","    16.7"," ","S","30","     9.5"," ","S","30","     4.1"," ","S","30","     1.2"," ","S","30","     0.1"," ","S","30","     0.0"," ","S","30","     0.0"," ","S","30","     0.0"," ","S","30","    0.04"," ","S","30","    0.11"," ","S","30","    0.24"," ","S","30","    0.37"," ","S","29","    5.40"," ","S","29","     2.2"," ","S","26","     2.2"," ","S","26","     1.6"," ","S","26","     0.8"," ","S","26","     0.4"," ","S","26","     0.1"," ","S","26","     0.0"," ","S","26","     0.0"," ","S","26"," -9999.0","Y"," "," 0"," -9999.0","Y"," "," 0"," -9999.0","Y"," "," 0","     0.9"," ","S","24","    13.9"," ","S","24","     0.5"," ","S","26","     0.4"," ","S","26","     0.0"," ","S","26","     0.0"," ","S","26","     0.0"," ","S","26","     0.0"," ","S","26","     0.0"," ","S","26"," -9999.0","Y"," "," 0"," -9999.0","Y"," "," 0"," -9999.0","Y"," "," 0"
"USC00424508","04-13"," 37.0286","-112.5361","1493.5","KANAB, UT US","04","13","99","    52.5"," ","S","25","    68.5"," ","S","29","    36.6"," ","S","25","    32.0"," ","S","25","     6.5"," ","S","25","     8.6"," ","S","29","     6.1"," ","S","25","     7.3"," ","S","25","    12.5"," ","S","25","     0.1"," ","S","25","     0.5"," ","S","25","     1.7"," ","S","25","     4.0"," ","S","25","     5.3"," ","S","25","     7.8"," ","S","25","     0.0","X","S","25","    12.6"," ","S","25","     8.0"," ","S","25","     4.2"," ","S","25","     1.5"," ","S","25","     0.9"," ","S","25","     0.3"," ","S","25","     0.0"," ","S","25","     0.0"," ","S","25","     0.0","X","S","25","    12.6"," ","S","25","     8.0"," ","S","25","     4.2"," ","S","25","     1.5"," ","S","25","     0.9"," ","S","25","     0.3"," ","S","25","     0.0"," ","S","25","     0.0"," ","S","25","    10.3"," ","S","25","     9.3"," ","S","25","    16.6"," ","S","30","     9.4"," ","S","30","     4.1"," ","S","30","     1.2"," ","S","30","     0.1"," ","S","30","     0.0"," ","S","30","     0.0"," ","S","30","     0.0"," ","S","30","    0.04"," ","S","30","    0.11"," ","S","30","    0.24"," ","S","30","    0.40"," ","S","29","    5.43"," ","S","29","     2.2"," ","S","26","     2.1"," ","S","26","     1.5"," ","S","26","     0.8"," ","S","26","     0.4"," ","S","26","     0.1"," ","S","26","     0.0"," ","S","26","     0.0"," ","S","26"," -9999.0","Y"," "," 0"," -9999.0","Y"," "," 0"," -9999.0","Y"," "," 0","     1.0"," ","S","24","    14.0"," ","S","24","     0.5"," ","S","26","     0.4"," ","S","26","     0.0"," ","S","26","     0.0"," ","S","26","     0.0"," ","S","26","     0.0"," ","S","26","     0.0"," ","S","26"," -9999.0","Y"," "," 0"," -9999.0","Y"," "," 0"," -9999.0","Y"," "," 0"
"USC00424508","04-14"," 37.0286","-112.5361","1493.5","KANAB, UT US","04","14","99","    52.7"," ","S","25","    68.7"," ","S","29","    36.8"," ","S","25","    32.0"," ","S","25","     6.5"," ","S","25","     8.6"," ","S","29","     6.1"," ","S","25","     7.3"," ","S","25","    12.3"," ","S","25","     0.1"," ","S","25","     0.5"," ","S","25","     1.6"," ","S","25","     3.8"," ","S","25","     5.2"," ","S","25","     7.6"," ","S","25","     0.0","X","S","25","    12.8"," ","S","25","     8.2"," ","S","25","     4.3"," ","S","25","     1.6"," ","S","25","     0.9"," ","S","25","     0.3"," ","S","25","     0.0"," ","S","25","     0.0"," ","S","25","     0.0","X","S","25","    12.8"," ","S","25","     8.2"," ","S","25","     4.3"," ","S","25","     1.6"," ","S","25","     0.9"," ","S","25","     0.3"," ","S","25","     0.0"," ","S","25","     0.0"," ","S","25","    10.4"," ","S","25","     9.4"," ","S","25","    16.6"," ","S","30","     9.3"," ","S","30","     4.1"," ","S","30","     1.2"," ","S","30","     0.1"," ","S","30","     0.0"," ","S","30","     0.0"," ","S","30","     0.0"," ","S","30","    0.04"," ","S","30","    0.11"," ","S","30","    0.24"," ","S","30","    0.43"," ","S","29","    5.46"," ","S","29","     2.1"," ","S","26","     2.1"," ","S","26","     1.5"," ","S","26","     0.8"," ","S","26","     0.4"," ","S","26","     0.1"," ","S","26","     0.0"," ","S","26","     0.0"," ","S","26"," -9999.0","Y"," "," 0"," -9999.0","Y"," "," 0"," -9999.0","Y"," "," 0","     1.1"," ","S","24","    14.1"," ","S","24","     0.5"," ","S","26","     0.4"," ","S","26","     0.0"," ","S","26","     0.0"," ","S","26","     0.0"," ","S","26","     0.0"," ","S","26","     0.0"," ","S","26"," -9999.0","Y"," "," 0"," -9999.0","Y"," "," 0"," -9999.0","Y"," "," 0"
"USC00424508","04-15"," 37.0286","-112.5361","1493.5","KANAB, UT US","04","15","99","    52.9"," ","S","25","    68.9"," ","S","29","    37.0"," ","S","25","    32.0"," ","S","25","     6.5"," ","S","25","     8.6"," ","S","29","     6.1"," ","S","25","     7.3"," ","S","25","    12.1"," ","S","25","     0.1"," ","S","25","     0.5"," ","S","25","     1.5"," ","S","25","     3.7"," ","S","25","     5.0"," ","S","25","     7.4"," ","S","25","     0.0","X","S","25","    13.0"," ","S","25","     8.4"," ","S","25","     4.5"," ","S","25","     1.7"," ","S","25","     1.0"," ","S","25","     0.4"," ","S","25","     0.0"," ","S","25","     0.0"," ","S","25","     0.0","X","S","25","    13.0"," ","S","25","     8.4"," ","S","25","     4.5"," ","S","25","     1.7"," ","S","25","     1.0"," ","S","25","     0.4"," ","S","25","     0.0"," ","S","25","     0.0"," ","S","25","    10.5"," ","S","25","     9.5"," ","S","25","    16.5"," ","S","30","     9.3"," ","S","30","     4.1"," ","S","30","     1.2"," ","S","30","     0.1"," ","S","30","     0.0"," ","S","30","     0.0"," ","S","30","     0.0"," ","S","30","    0.04"," ","S","30","    0.11"," ","S","30","    0.24"," ","S","30","    0.46"," ","S","29","    5.49"," ","S","29","     2.0"," ","S","26","     2.0"," ","S","26","     1.4"," ","S","26","     0.7"," ","S","26","     0.4"," ","S","26","     0.1"," ","S","26","     0.0"," ","S","26","     0.0"," ","S","26"," -9999.0","Y"," "," 0"," -9999.0","Y"," "," 0"," -9999.0","Y"," "," 0","     1.1"," ","S","24","    14.1"," ","S","24","     0.5"," ","S","26","     0.4"," ","S","26","     0.0"," ","S","26","     0.0"," ","S","26","     0.0"," ","S","26","     0.0"," ","S","26","     0.0"," ","S","26"," -9999.0","Y"," "," 0"," -9999.0","Y"," "," 0"," -9999.0","Y"," "," 0"
"USC00424508","04-16"," 37.0286","-112.5361","1493.5","KANAB, UT US","04","16","99","    53.2"," ","S","25","    69.1"," ","S","29","    37.2"," ","S","25","    31.9"," ","S","25","     6.5"," ","S","25","     8.6"," ","S","29","     6.2"," ","S","25","     7.2"," ","S","25","    11.9"," ","S","25","     0.1"," ","S","25","     0.4"," ","S","25","     1.5"," ","S","25","     3.6"," ","S","25","     4.9"," ","S","25","     7.2"," ","S","25","     0.1"," ","S","25","    13.2"," ","S","25","     8.6"," ","S","25","     4.6"," ","S","25","     1.7"," ","S","25","     1.0"," ","S","25","     0.4"," ","S","25","     0.0"," ","S","25","     0.0"," ","S","25","     0.1"," ","S","25","    13.2"," ","S","25","     8.6"," ","S","25","     4.6"," ","S","25","     1.7"," ","S","25","     1.0"," ","S","25","     0.4"," ","S","25","     0.0"," ","S","25","     0.0"," ","S","25","    10.6"," ","S","25","     9.6"," ","S","25","    16.4"," ","S","30","     9.2"," ","S","30","     4.0"," ","S","30","     1.2"," ","S","30","     0.1"," ","S","30","     0.0"," ","S","30","     0.0"," ","S","30","     0.0"," ","S","30","    0.04"," ","S","30","    0.11"," ","S","30","    0.23"," ","S","30","    0.49"," ","S","29","    5.52"," ","S","29","     1.9"," ","S","26","     1.9"," ","S","26","     1.4"," ","S","26","     0.7"," ","S","26","     0.4"," ","S","26","     0.1"," ","S","26","     0.0"," ","S","26","     0.0"," ","S","26"," -9999.0","Y"," "," 0"," -9999.0","Y"," "," 0"," -9999.0","Y"," "," 0","     1.2"," ","S","24","    14.2"," ","S","24","     0.5"," ","S","26","     0.4"," ","S","26","     0.0"," ","S","26","     0.0"," ","S","26","     0.0"," ","S","26","     0.0"," ","S","26","     0.0"," ","S","26"," -9999.0","Y"," "," 0"," -9999.0","Y"," "," 0"," -9999.0","Y"," "," 0"
"USC00424508","04-17"," 37.0286","-112.5361","1493.5","KANAB, UT US","04","17","99","    53.4"," ","S","25","    69.3"," ","S","29","    37.4"," ","S","25","    31.9"," ","S","25","     6.6"," ","S","25","     8.6"," ","S","29","     6.2"," ","S","25","     7.2"," ","S","25","    11.7"," ","S","25","     0.1"," ","S","25","     0.4"," ","S","25","     1.4"," ","S","25","     3.4"," ","S","25","     4.7"," ","S","25","     7.1"," ","S","25","     0.1"," ","S","25","    13.4"," ","S","25","     8.8"," ","S","25","     4.8"," ","S","25","     1.8"," ","S","25","     1.1"," ","S","25","     0.4"," ","S","25","     0.0"," ","S","25","     0.0"," ","S","25","     0.1"," ","S","25","    13.4"," ","S","25","     8.8"," ","S","25","     4.8"," ","S","25","     1.8"," ","S","25","     1.1"," ","S","25","     0.4"," ","S","25","     0.0"," ","S","25","     0.0"," ","S","25","    10.7"," ","S","25","     9.7"," ","S","25","    16.3"," ","S","30","     9.1"," ","S","30","     4.0"," ","S","30","     1.2"," ","S","30","     0.1"," ","S","30","     0.0"," ","S","30","     0.0"," ","S","30","     0.0"," ","S","30","    0.04"," ","S","30","    0.11"," ","S","30","    0.23"," ","S","30","    0.52"," ","S","29","    5.55"," ","S","29","     1.8"," ","S","26","     1.8"," ","S","26","     1.3"," ","S","26","     0.7"," ","S","26","     0.4"," ","S","26","     0.1"," ","S","26","     0.0"," ","S","26","     0.0"," ","S","26"," -9999.0","Y"," "," 0"," -9999.0","Y"," "," 0"," -9999.0","Y"," "," 0","     1.3"," ","S","24","    14.3"," ","S","24","     0.4"," ","S","26","     0.3"," ","S","26","     0.0"," ","S","26","     0.0"," ","S","26","     0.0"," ","S","26","     0.0"," ","S","26","     0.0"," ","S","26"," -9999.0","Y"," "," 0"," -9999.0","Y"," "," 0"," -9999.0","Y"," "," 0"
"USC00424508","04-18"," 37.0286","-112.5361","1493.5","KANAB, UT US","04","18","99","    53.6"," ","S","25","    69.5"," ","S","29","    37.6"," ","S","25","    31.9"," ","S","25","     6.6"," ","S","25","     8.6"," ","S","29","     6.2"," ","S","25","     7.2"," ","S","25","    11.5"," ","S","25","     0.1"," ","S","25","     0.4"," ","S","25","     1.3"," ","S","25","     3.3"," ","S","25","     4.6"," ","S","25","     6.9"," ","S","25","     0.1"," ","S","25","    13.6"," ","S","25","     9.0"," ","S","25","     4.9"," ","S","25","     1.9"," ","S","25","     1.2"," ","S","25","     0.5"," ","S","25","     0.0"," ","S","25","     0.0"," ","S","25","     0.1"," ","S","25","    13.6"," ","S","25","     9.0"," ","S","25","     4.9"," ","S","25","     1.9"," ","S","25","     1.2"," ","S","25","     0.5"," ","S","25","     0.0"," ","S","25","     0.0"," ","S","25","    10.8"," ","S","25","     9.8"," ","S","25","    16.3"," ","S","30","     9.0"," ","S","30","     3.9"," ","S","30","     1.2"," ","S","30","     0.1"," ","S","30","     0.0"," ","S","30","     0.0"," ","S","30","     0.0"," ","S","30","    0.04"," ","S","30","    0.11"," ","S","30","    0.23"," ","S","30","    0.55"," ","S","29","    5.58"," ","S","29","     1.7"," ","S","26","     1.7"," ","S","26","     1.2"," ","S","26","     0.7"," ","S","26","     0.4"," ","S","26","     0.1"," ","S","26","     0.0"," ","S","26","     0.0"," ","S","26"," -9999.0","Y"," "," 0"," -9999.0","Y"," "," 0"," -9999.0","Y"," "," 0","     1.3"," ","S","24","    14.3"," ","S","24","     0.4"," ","S","26","     0.3"," ","S","26","     0.0"," ","S","26","     0.0"," ","S","26","     0.0"," ","S","26","     0.0"," ","S","26","     0.0"," ","S","26"," -9999.0","Y"," "," 0"," -9999.0","Y"," "," 0"," -9999.0","Y"," "," 0"
"USC00424508","04-19"," 37.0286","-112.5361","1493.5","KANAB, UT US","04","19","99","    53.8"," ","S","25","    69.7"," ","S","29","    37.9"," ","S","25","    31.9"," ","S","25","     6.6"," ","S","25","     8.6"," ","S","29","     6.1"," ","S","25","     7.2"," ","S","25","    11.3"," ","S","25","     0.0","X","S","25","     0.4"," ","S","25","     1.3"," ","S","25","     3.2"," ","S","25","     4.4"," ","S","25","     6.7"," ","S","25","     0.1"," ","S","25","    13.9"," ","S","25","     9.2"," ","S","25","     5.1"," ","S","25","     2.0"," ","S","25","     1.2"," ","S","25","     0.5"," ","S","25","     0.0"," ","S","25","     0.0"," ","S","25","     0.1"," ","S","25","    13.9"," ","S","25","     9.2"," ","S","25","     5.1"," ","S","25","     2.0"," ","S","25","     1.2"," ","S","25","     0.5"," ","S","25","     0.0"," ","S","25","     0.0"," ","S","25","    10.9"," ","S","25","     9.9"," ","S","25","    16.2"," ","S","30","     8.9"," ","S","30","     3.9"," ","S","30","     1.2"," ","S","30","     0.1"," ","S","30","     0.0"," ","S","30","     0.0"," ","S","30","     0.0"," ","S","30","    0.04"," ","S","30","    0.11"," ","S","30","    0.23"," ","S","30","    0.58"," ","S","29","    5.61"," ","S","29","     1.7"," ","S","26","     1.7"," ","S","26","     1.2"," ","S","26","     0.7"," ","S","26","     0.4"," ","S","26","     0.1"," ","S","26","     0.0"," ","S","26","     0.0"," ","S","26"," -9999.0","Y"," "," 0"," -9999.0","Y"," "," 0"," -9999.0","Y"," "," 0","     1.4"," ","S","24","    14.4"," ","S","24","     0.4"," ","S","26","     0.3"," ","S","26","     0.0"," ","S","26","     0.0"," ","S","26","     0.0"," ","S","26","     0.0"," ","S","26","     0.0"," ","S","26"," -9999.0","Y"," "," 0"," -9999.0","Y"," "," 0"," -9999.0","Y"," "," 0"
"USC00424508","04-20"," 37.0286","-112.5361","1493.5","KANAB, UT US","04","20","99","    54.0"," ","S","25","    70.0"," ","S","29","    38.1"," ","S","25","    31.9"," ","S","25","     6.6"," ","S","25","     8.6"," ","S","29","     6.1"," ","S","25","     7.2"," ","S","25","    11.0"," ","S","25","     0.0","X","S","25","     0.3"," ","S","25","     1.2"," ","S","25","     3.1"," ","S","25","     4.3"," ","S","25","     6.5"," ","S","25","     0.1"," ","S","25","    14.1"," ","S","25","     9.4"," ","S","25","     5.2"," ","S","25","     2.1"," ","S","25","     1.3"," ","S","25","     0.6"," ","S","25","     0.0"," ","S","25","     0.0"," ","S","25","     0.1"," ","S","25","    14.1"," ","S","25","     9.4"," ","S","25","     5.2"," ","S","25","     2.1"," ","S","25","     1.3"," ","S","25","     0.6"," ","S","25","     0.0"," ","S","25","     0.0"," ","S","25","    11.1"," ","S","25","    10.0"," ","S","25","    16.1"," ","S","30","     8.8"," ","S","30","     3.8"," ","S","30","     1.2"," ","S","30","     0.1"," ","S","30","     0.0"," ","S","30","     0.0"," ","S","30","     0.0"," ","S","30","    0.04"," ","S","30","    0.11"," ","S","30","    0.23"," ","S","30","    0.61"," ","S","29","    5.64"," ","S","29","     1.6"," ","S","26","     1.6"," ","S","26","     1.1"," ","S","26","     0.6"," ","S","26","     0.4"," ","S","26","     0.1"," ","S","26","     0.0"," ","S","26","     0.0"," ","S","26"," -9999.0","Y"," "," 0"," -9999.0","Y"," "," 0"," -9999.0","Y"," "," 0","     1.4"," ","S","24","    14.4"," ","S","24","     0.4"," ","S","26","     0.3"," ","S","26","     0.0"," ","S","26","     0.0"," ","S","26","     0.0"," ","S","26","     0.0"," ","S","26","     0.0"," ","S","26"," -9999.0","Y"," "," 0"," -9999.0","Y"," "," 0"," -9999.0","Y"," "," 0"
"USC00424508","04-21"," 37.0286","-112.5361","1493.5","KANAB, UT US","04","21","99","    54.3"," ","S","25","    70.2"," ","S","29","    38.4"," ","S","25","    31.8"," ","S","25","     6.6"," ","S","25","     8.6"," ","S","29","     6.1"," ","S","25","     7.2"," ","S","25","    10.8"," ","S","25","     0.0","X","S","25","     0.3"," ","S","25","     1.2"," ","S","25","     3.0"," ","S","25","     4.1"," ","S","25","     6.3"," ","S","25","     0.1"," ","S","25","    14.3"," ","S","25","     9.6"," ","S","25","     5.4"," ","S","25","     2.3"," ","S","25","     1.4"," ","S","25","     0.6"," ","S","25","     0.0"," ","S","25","     0.0"," ","S","25","     0.1"," ","S","25","    14.3"," ","S","25","     9.6"," ","S","25","     5.4"," ","S","25","     2.3"," ","S","25","     1.4"," ","S","25","     0.6"," ","S","25","     0.0"," ","S","25","     0.0"," ","S","25","    11.2"," ","S","25","    10.2"," ","S","25","    16.0"," ","S","30","     8.8"," ","S","30","     3.8"," ","S","30","     1.2"," ","S","30","     0.1"," ","S","30","     0.0"," ","S","30","     0.0"," ","S","30","     0.0"," ","S","30","    0.04"," ","S","30","    0.11"," ","S","30","    0.23"," ","S","30","    0.63"," ","S","29","    5.66"," ","S","29","     1.5"," ","S","26","     1.5"," ","S","26","     1.0"," ","S","26","     0.6"," ","S","26","     0.4"," ","S","26","     0.1"," ","S","26","     0.0"," ","S","26","     0.0"," ","S","26"," -9999.0","Y"," "," 0"," -9999.0","Y"," "," 0"," -9999.0","Y"," "," 0","     1.5"," ","S","24","    14.5"," ","S","24","     0.4"," ","S","26","     0.2"," ","S","26","     0.0"," ","S","26","     0.0"," ","S","26","     0.0"," ","S","26","     0.0"," ","S","26","     0.0"," ","S","26"," -9999.0","Y"," "," 0"," -9999.0","Y"," "," 0"," -9999.0","Y"," "," 0"
"USC00424508","04-22"," 37.0286","-112.5361","1493.5","KANAB, UT US","04","22","99","    54.5"," ","S","25","    70.4"," ","S","29","    38.6"," ","S","25","    31.8"," ","S","25","     6.6"," ","S","25","     8.6"," ","S","29","     6.1"," ","S","25","     7.2"," ","S","25","    10.5"," ","S","25","     0.0","X","S","25","     0.3"," ","S","25","     1.1"," ","S","25","     2.9"," ","S","25","     4.0"," ","S","25","     6.1"," ","S","25","     0.1"," ","S","25","    14.6"," ","S","25","     9.9"," ","S","25","     5.7"," ","S","25","     2.4"," ","S","25","     1.5"," ","S","25","     0.7"," ","S","25","     0.0","X","S","25","     0.0"," ","S","25","     0.1"," ","S","25","    14.6"," ","S","25","     9.9"," ","S","25","     5.7"," ","S","25","     2.4"," ","S","25","     1.5"," ","S","25","     0.7"," ","S","25","     0.0","X","S","25","     0.0"," ","S","25","    11.3"," ","S","25","    10.3"," ","S","25","    15.9"," ","S","30","     8.7"," ","S","30","     3.8"," ","S","30","     1.2"," ","S","30","     0.1"," ","S","30","     0.0"," ","S","30","     0.0"," ","S","30","     0.0"," ","S","30","    0.04"," ","S","30","    0.11"," ","S","30","    0.23"," ","S","30","    0.66"," ","S","29","    5.69"," ","S","29","     1.4"," ","S","26","     1.4"," ","S","26","     0.9"," ","S","26","     0.6"," ","S","26","     0.4"," ","S","26","     0.1"," ","S","26","     0.0"," ","S","26","     0.0"," ","S","26"," -9999.0","Y"," "," 0"," -9999.0","Y"," "," 0"," -9999.0","Y"," "," 0","     1.5"," ","S","24","    14.5"," ","S","24","     0.3"," ","S","26","     0.2"," ","S","26","     0.0"," ","S","26","     0.0"," ","S","26","     0.0"," ","S","26","     0.0"," ","S","26","     0.0"," ","S","26"," -9999.0","Y"," "," 0"," -9999.0","Y"," "," 0"," -9999.0","Y"," "," 0"
"USC00424508","04-23"," 37.0286","-112.5361","1493.5","KANAB, UT US","04","23","99","    54.8"," ","S","25","    70.7"," ","S","29","    38.9"," ","S","25","    31.8"," ","S","25","     6.6"," ","S","25","     8.6"," ","S","29","     6.1"," ","S","25","     7.2"," ","S","25","    10.3"," ","S","25","     0.0","X","S","25","     0.3"," ","S","25","     1.1"," ","S","25","     2.8"," ","S","25","     3.9"," ","S","25","     6.0"," ","S","25","     0.1"," ","S","25","    14.8"," ","S","25","    10.1"," ","S","25","     5.9"," ","S","25","     2.6"," ","S","25","     1.7"," ","S","25","     0.7"," ","S","25","     0.0","X","S","25","     0.0"," ","S","25","     0.1"," ","S","25","    14.8"," ","S","25","    10.1"," ","S","25","     5.9"," ","S","25","     2.6"," ","S","25","     1.7"," ","S","25","     0.7"," ","S","25","     0.0","X","S","25","     0.0"," ","S","25","    11.4"," ","S","25","    10.4"," ","S","25","    15.9"," ","S","30","     8.6"," ","S","30","     3.7"," ","S","30","     1.2"," ","S","30","     0.1"," ","S","30","     0.0"," ","S","30","     0.0"," ","S","30","     0.0"," ","S","30","    0.04"," ","S","30","    0.11"," ","S","30","    0.23"," ","S","30","    0.69"," ","S","29","    5.72"," ","S","29","     1.4"," ","S","26","     1.4"," ","S","26","     0.9"," ","S","26","     0.5"," ","S","26","     0.3"," ","S","26","     0.1"," ","S","26","     0.0"," ","S","26","     0.0"," ","S","26"," -9999.0","Y"," "," 0"," -9999.0","Y"," "," 0"," -9999.0","Y"," "," 0","     1.6"," ","S","24","    14.6"," ","S","24","     0.3"," ","S","26","     0.2"," ","S","26","     0.0"," ","S","26","     0.0"," ","S","26","     0.0"," ","S","26","     0.0"," ","S","26","     0.0"," ","S","26"," -9999.0","Y"," "," 0"," -9999.0","Y"," "," 0"," -9999.0","Y"," "," 0"
"USC00424508","04-24"," 37.0286","-112.5361","1493.5","KANAB, UT US","04","24","99","    55.0"," ","S","25","    70.9"," ","S","29","    39.1"," ","S","25","    31.8"," ","S","25","     6.5"," ","S","25","     8.6"," ","S","29","     6.1"," ","S","25","     7.2"," ","S","25","    10.1"," ","S","25","     0.0","X","S","25","     0.3"," ","S","25","     1.0"," ","S","25","     2.7"," ","S","25","     3.7"," ","S","25","     5.8"," ","S","25","     0.1"," ","S","25","    15.1"," ","S","25","    10.3"," ","S","25","     6.1"," ","S","25","     2.7"," ","S","25","     1.8"," ","S","25","     0.8"," ","S","25","     0.0","X","S","25","     0.0"," ","S","25","     0.1"," ","S","25","    15.1"," ","S","25","    10.3"," ","S","25","     6.1"," ","S","25","     2.7"," ","S","25","     1.8"," ","S","25","     0.8"," ","S","25","     0.0","X","S","25","     0.0"," ","S","25","    11.6"," ","S","25","    10.5"," ","S","25","    15.8"," ","S","30","     8.6"," ","S","30","     3.7"," ","S","30","     1.2"," ","S","30","     0.1"," ","S","30","     0.0"," ","S","30","     0.0"," ","S","30","     0.0"," ","S","30","    0.04"," ","S","30","    0.11"," ","S","30","    0.22"," ","S","30","    0.72"," ","S","29","    5.75"," ","S","29","     1.3"," ","S","26","     1.3"," ","S","26","     0.8"," ","S","26","     0.5"," ","S","26","     0.3"," ","S","26","     0.1"," ","S","26","     0.0"," ","S","26","     0.0"," ","S","26"," -9999.0","Y"," "," 0"," -9999.0","Y"," "," 0"," -9999.0","Y"," "," 0","     1.6"," ","S","24","    14.6"," ","S","24","     0.3"," ","S","26","     0.2"," ","S","26","     0.0"," ","S","26","     0.0"," ","S","26","     0.0"," ","S","26","     0.0"," ","S","26","     0.0"," ","S","26"," -9999.0","Y"," "," 0"," -9999.0","Y"," "," 0"," -9999.0","Y"," "," 0"
"USC00424508","04-25"," 37.0286","-112.5361","1493.5","KANAB, UT US","04","25","99","    55.3"," ","S","25","    71.2"," ","S","29","    39.4"," ","S","25","    31.8"," ","S","25","     6.5"," ","S","25","     8.6"," ","S","29","     6.1"," ","S","25","     7.2"," ","S","25","     9.8"," ","S","25","     0.0","X","S","25","     0.2"," ","S","25","     0.9"," ","S","25","     2.6"," ","S","25","     3.6"," ","S","25","     5.6"," ","S","25","     0.1"," ","S","25","    15.3"," ","S","25","    10.5"," ","S","25","     6.2"," ","S","25","     2.9"," ","S","25","     1.9"," ","S","25","     0.9"," ","S","25","     0.0","X","S","25","     0.0"," ","S","25","     0.1"," ","S","25","    15.3"," ","S","25","    10.5"," ","S","25","     6.2"," ","S","25","     2.9"," ","S","25","     1.9"," ","S","25","     0.9"," ","S","25","     0.0","X","S","25","     0.0"," ","S","25","    11.7"," ","S","25","    10.7"," ","S","25","    15.7"," ","S","30","     8.5"," ","S","30","     3.6"," ","S","30","     1.2"," ","S","30","     0.1"," ","S","30","     0.0"," ","S","30","     0.0"," ","S","30","     0.0"," ","S","30","    0.04"," ","S","30","    0.11"," ","S","30","    0.22"," ","S","30","    0.75"," ","S","29","    5.78"," ","S","29","     1.2"," ","S","26","     1.2"," ","S","26","     0.7"," ","S","26","     0.5"," ","S","26","     0.3"," ","S","26","     0.1"," ","S","26","     0.0"," ","S","26","     0.0"," ","S","26"," -9999.0","Y"," "," 0"," -9999.0","Y"," "," 0"," -9999.0","Y"," "," 0","     1.7"," ","S","24","    14.7"," ","S","24","     0.3"," ","S","26","     0.1"," ","S","26","     0.0"," ","S","26","     0.0"," ","S","26","     0.0"," ","S","26","     0.0"," ","S","26","     0.0"," ","S","26"," -9999.0","Y"," "," 0"," -9999.0","Y"," "," 0"," -9999.0","Y"," "," 0"
"USC00424508","04-26"," 37.0286","-112.5361","1493.5","KANAB, UT US","04","26","99","    55.6"," ","S","25","    71.5"," ","S","29","    39.7"," ","S","25","    31.8"," ","S","25","     6.5"," ","S","25","     8.6"," ","S","29","     6.1"," ","S","25","     7.2"," ","S","25","     9.5"," ","S","25","     0.0","X","S","25","     0.2"," ","S","25","     0.9"," ","S","25","     2.4"," ","S","25","     3.4"," ","S","25","     5.4"," ","S","25","     0.1"," ","S","25","    15.6"," ","S","25","    10.8"," ","S","25","     6.5"," ","S","25","     3.0"," ","S","25","     2.0"," ","S","25","     0.9"," ","S","25","     0.0","X","S","25","     0.0"," ","S","25","     0.1"," ","S","25","    15.6"," ","S","25","    10.8"," ","S","25","     6.5"," ","S","25","     3.0"," ","S","25","     2.0"," ","S","25","     0.9"," ","S","25","     0.0","X","S","25","     0.0"," ","S","25","    11.9"," ","S","25","    10.8"," ","S","25","    15.6"," ","S","30","     8.5"," ","S","30","     3.6"," ","S","30","     1.2"," ","S","30","     0.1"," ","S","30","     0.0"," ","S","30","     0.0"," ","S","30","     0.0"," ","S","30","    0.04"," ","S","30","    0.11"," ","S","30","    0.22"," ","S","30","    0.77"," ","S","29","    5.80"," ","S","29","     1.1"," ","S","26","     1.1"," ","S","26","     0.7"," ","S","26","     0.4"," ","S","26","     0.3"," ","S","26","     0.1"," ","S","26","     0.0"," ","S","26","     0.0"," ","S","26"," -9999.0","Y"," "," 0"," -9999.0","Y"," "," 0"," -9999.0","Y"," "," 0","     1.7"," ","S","24","    14.7"," ","S","24","     0.2"," ","S","26","     0.1"," ","S","26","     0.0"," ","S","26","     0.0"," ","S","26","     0.0"," ","S","26","     0.0"," ","S","26","     0.0"," ","S","26"," -9999.0","Y"," "," 0"," -9999.0","Y"," "," 0"," -9999.0","Y"," "," 0"
"USC00424508","04-27"," 37.0286","-112.5361","1493.5","KANAB, UT US","04","27","99","    55.8"," ","S","25","    71.8"," ","S","29","    39.9"," ","S","25","    31.8"," ","S","25","     6.5"," ","S","25","     8.6"," ","S","29","     6.1"," ","S","25","     7.2"," ","S","25","     9.3"," ","S","25","     0.0","X","S","25","     0.2"," ","S","25","     0.8"," ","S","25","     2.3"," ","S","25","     3.3"," ","S","25","     5.2"," ","S","25","     0.1"," ","S","25","    15.9"," ","S","25","    11.1"," ","S","25","     6.7"," ","S","25","     3.2"," ","S","25","     2.1"," ","S","25","     1.0"," ","S","25","     0.0","X","S","25","     0.0"," ","S","25","     0.1"," ","S","25","    15.9"," ","S","25","    11.1"," ","S","25","     6.7"," ","S","25","     3.2"," ","S","25","     2.1"," ","S","25","     1.0"," ","S","25","     0.0","X","S","25","     0.0"," ","S","25","    12.0"," ","S","25","    11.0"," ","S","25","    15.5"," ","S","30","     8.4"," ","S","30","     3.5"," ","S","30","     1.2"," ","S","30","     0.1"," ","S","30","     0.0"," ","S","30","     0.0"," ","S","30","     0.0"," ","S","30","    0.04"," ","S","30","    0.11"," ","S","30","    0.22"," ","S","30","    0.80"," ","S","29","    5.83"," ","S","29","     1.0"," ","S","26","     1.0"," ","S","26","     0.6"," ","S","26","     0.4"," ","S","26","     0.3"," ","S","26","     0.1"," ","S","26","     0.0"," ","S","26","     0.0"," ","S","26"," -9999.0","Y"," "," 0"," -9999.0","Y"," "," 0"," -9999.0","Y"," "," 0","     1.7"," ","S","24","    14.7"," ","S","24","     0.2"," ","S","26","     0.1"," ","S","26","     0.0"," ","S","26","     0.0"," ","S","26","     0.0"," ","S","26","     0.0"," ","S","26","     0.0"," ","S","26"," -9999.0","Y"," "," 0"," -9999.0","Y"," "," 0"," -9999.0","Y"," "," 0"
"USC00424508","04-28"," 37.0286","-112.5361","1493.5","KANAB, UT US","04","28","99","    56.1"," ","S","25","    72.1"," ","S","29","    40.2"," ","S","25","    31.9"," ","S","25","     6.5"," ","S","25","     8.6"," ","S","29","     6.1"," ","S","25","     7.2"," ","S","25","     9.0"," ","S","25","     0.0","X","S","25","     0.2"," ","S","25","     0.8"," ","S","25","     2.2"," ","S","25","     3.1"," ","S","25","     4.9"," ","S","25","     0.1"," ","S","25","    16.2"," ","S","25","    11.3"," ","S","25","     6.9"," ","S","25","     3.3"," ","S","25","     2.3"," ","S","25","     1.1"," ","S","25","     0.0","X","S","25","     0.0"," ","S","25","     0.1"," ","S","25","    16.2"," ","S","25","    11.3"," ","S","25","     6.9"," ","S","25","     3.3"," ","S","25","     2.3"," ","S","25","     1.1"," ","S","25","     0.0","X","S","25","     0.0"," ","S","25","    12.2"," ","S","25","    11.1"," ","S","25","    15.4"," ","S","30","     8.3"," ","S","30","     3.5"," ","S","30","     1.1"," ","S","30","     0.1"," ","S","30","     0.0"," ","S","30","     0.0"," ","S","30","     0.0"," ","S","30","    0.04"," ","S","30","    0.11"," ","S","30","    0.22"," ","S","30","    0.83"," ","S","29","    5.86"," ","S","29","     0.9"," ","S","26","     0.9"," ","S","26","     0.6"," ","S","26","     0.4"," ","S","26","     0.2"," ","S","26","     0.1"," ","S","26","     0.0"," ","S","26","     0.0"," ","S","26"," -9999.0","Y"," "," 0"," -9999.0","Y"," "," 0"," -9999.0","Y"," "," 0","     1.7"," ","S","24","    14.7"," ","S","24","     0.2"," ","S","26","     0.1"," ","S","26","     0.0"," ","S","26","     0.0"," ","S","26","     0.0"," ","S","26","     0.0"," ","S","26","     0.0"," ","S","26"," -9999.0","Y"," "," 0"," -9999.0","Y"," "," 0"," -9999.0","Y"," "," 0"
"USC00424508","04-29"," 37.0286","-112.5361","1493.5","KANAB, UT US","04","29","99","    56.4"," ","S","25","    72.4"," ","S","29","    40.5"," ","S","25","    31.9"," ","S","25","     6.5"," ","S","25","     8.6"," ","S","29","     6.0"," ","S","25","     7.2"," ","S","25","     8.7"," ","S","25","     0.0","X","S","25","     0.2"," ","S","25","     0.7"," ","S","25","     2.1"," ","S","25","     3.0"," ","S","25","     4.7"," ","S","25","     0.1"," ","S","25","    16.4"," ","S","25","    11.6"," ","S","25","     7.1"," ","S","25","     3.5"," ","S","25","     2.4"," ","S","25","     1.1"," ","S","25","     0.0","X","S","25","     0.0","X","S","25","     0.1"," ","S","25","    16.4"," ","S","25","    11.6"," ","S","25","     7.1"," ","S","25","     3.5"," ","S","25","     2.4"," ","S","25","     1.1"," ","S","25","     0.0","X","S","25","     0.0","X","S","25","    12.3"," ","S","25","    11.3"," ","S","25","    15.3"," ","S","30","     8.2"," ","S","30","     3.4"," ","S","30","     1.1"," ","S","30","     0.1"," ","S","30","     0.0"," ","S","30","     0.0"," ","S","30","     0.0"," ","S","30","    0.04"," ","S","30","    0.11"," ","S","30","    0.22"," ","S","30","    0.85"," ","S","29","    5.88"," ","S","29","     0.9"," ","S","26","     0.9"," ","S","26","     0.5"," ","S","26","     0.4"," ","S","26","     0.2"," ","S","26","     0.1"," ","S","26","     0.0"," ","S","26","     0.0"," ","S","26"," -9999.0","Y"," "," 0"," -9999.0","Y"," "," 0"," -9999.0","Y"," "," 0","     1.8"," ","S","24","    14.8"," ","S","24","     0.2"," ","S","26","     0.1"," ","S","26","     0.0"," ","S","26","     0.0"," ","S","26","     0.0"," ","S","26","     0.0"," ","S","26","     0.0"," ","S","26"," -9999.0","Y"," "," 0"," -9999.0","Y"," "," 0"," -9999.0","Y"," "," 0"
"USC00424508","04-30"," 37.0286","-112.5361","1493.5","KANAB, UT US","04","30","99","    56.7"," ","S","25","    72.7"," ","S","29","    40.7"," ","S","25","    31.9"," ","S","25","     6.5"," ","S","25","     8.6"," ","S","29","     6.0"," ","S","25","     7.1"," ","S","25","     8.4"," ","S","25","     0.0","X","S","25","     0.2"," ","S","25","     0.7"," ","S","25","     2.0"," ","S","25","     2.8"," ","S","25","     4.5"," ","S","25","     0.2"," ","S","25","    16.7"," ","S","25","    11.9"," ","S","25","     7.4"," ","S","25","     3.7"," ","S","25","     2.5"," ","S","25","     1.2"," ","S","25","     0.0","X","S","25","     0.0","X","S","25","     0.2"," ","S","25","    16.7"," ","S","25","    11.9"," ","S","25","     7.4"," ","S","25","     3.7"," ","S","25","     2.5"," ","S","25","     1.2"," ","S","25","     0.0","X","S","25","     0.0","X","S","25","    12.5"," ","S","25","    11.4"," ","S","25","    15.2"," ","S","30","     8.1"," ","S","30","     3.4"," ","S","30","     1.1"," ","S","30","     0.1"," ","S","30","     0.0"," ","S","30","     0.0"," ","S","30","     0.0"," ","S","30","    0.04"," ","S","30","    0.11"," ","S","30","    0.22"," ","S","30","    0.88"," ","S","29","    5.91"," ","S","29","     0.8"," ","S","26","     0.8"," ","S","26","     0.5"," ","S","26","     0.3"," ","S","26","     0.2"," ","S","26","     0.1"," ","S","26","     0.0"," ","S","26","     0.0"," ","S","26"," -9999.0","Y"," "," 0"," -9999.0","Y"," "," 0"," -9999.0","Y"," "," 0","     1.8"," ","S","24","    14.8"," ","S","24","     0.2"," ","S","26","     0.1"," ","S","26","     0.0"," ","S","26","     0.0"," ","S","26","     0.0"," ","S","26","     0.0"," ","S","26","     0.0"," ","S","26"," -9999.0","Y"," "," 0"," -9999.0","Y"," "," 0"," -9999.0","Y"," "," 0"
"USC00424508","05-01"," 37.0286","-112.5361","1493.5","KANAB, UT US","05","01","99","    57.0"," ","S","26","    73.0"," ","S","30","    41.0"," ","S","26","    32.0"," ","S","26","     6.5"," ","S","26","     8.6"," ","S","30","     6.0"," ","S","26","     7.1"," ","S","26","     8.2"," ","S","26","     0.0","X","S","26","     0.1"," ","S","26","     0.6"," ","S","26","     1.8"," ","S","26","     2.7"," ","S","26","     4.3"," ","S","26","     0.2"," ","S","26","    17.0"," ","S","26","    12.1"," ","S","26","     7.6"," ","S","26","     3.8"," ","S","26","     2.7"," ","S","26","     1.3"," ","S","26","     0.0","X","S","26","     0.0","X","S","26","     0.2"," ","S","26","    17.0"," ","S","26","    12.1"," ","S","26","     7.6"," ","S","26","     3.8"," ","S","26","     2.7"," ","S","26","     1.3"," ","S","26","     0.0","X","S","26","     0.0","X","S","26","    12.7"," ","S","26","    11.6"," ","S","26","    15.1"," ","S","30","     8.0"," ","S","30","     3.3"," ","S","30","     1.1"," ","S","30","     0.1"," ","S","30","     0.0"," ","S","30","     0.0"," ","S","30","     0.0"," ","S","30","    0.04"," ","S","30","    0.10"," ","S","30","    0.21"," ","S","30","    0.02"," ","S","30","    5.93"," ","S","30"," -9999.0","Z"," "," 0"," -9999.0","Z"," "," 0"," -9999.0","Z"," "," 0"," -9999.0","Z"," "," 0","     0.0"," ","S","26","     0.0"," ","S","26","     0.0"," ","S","26","     0.0"," ","S","26"," -9999.0","M"," "," 0"," -9999.0","M"," "," 0"," -9999.0","M"," "," 0","     0.0"," ","S","26","    14.8"," ","S","26","     0.0"," ","S","26","     0.0"," ","S","26","     0.0"," ","S","26","     0.0"," ","S","26","     0.0"," ","S","26","     0.0"," ","S","26","     0.0"," ","S","26"," -9999.0","M"," "," 0"," -9999.0","M"," "," 0"," -9999.0","M"," "," 0"
"USC00424508","05-02"," 37.0286","-112.5361","1493.5","KANAB, UT US","05","02","99","    57.3"," ","S","26","    73.3"," ","S","30","    41.3"," ","S","26","    32.0"," ","S","26","     6.5"," ","S","26","     8.6"," ","S","30","     6.0"," ","S","26","     7.1"," ","S","26","     7.9"," ","S","26","     0.0","X","S","26","     0.1"," ","S","26","     0.6"," ","S","26","     1.7"," ","S","26","     2.5"," ","S","26","     4.1"," ","S","26","     0.2"," ","S","26","    17.3"," ","S","26","    12.4"," ","S","26","     7.8"," ","S","26","     4.0"," ","S","26","     2.8"," ","S","26","     1.4"," ","S","26","     0.0","X","S","26","     0.0","X","S","26","     0.2"," ","S","26","    17.3"," ","S","26","    12.4"," ","S","26","     7.8"," ","S","26","     4.0"," ","S","26","     2.8"," ","S","26","     1.4"," ","S","26","     0.0","X","S","26","     0.0","X","S","26","    12.8"," ","S","26","    11.7"," ","S","26","    15.0"," ","S","30","     7.9"," ","S","30","     3.3"," ","S","30","     1.1"," ","S","30","     0.1"," ","S","30","     0.0"," ","S","30","     0.0"," ","S","30","     0.0"," ","S","30","    0.04"," ","S","30","    0.10"," ","S","30","    0.21"," ","S","30","    0.05"," ","S","30","    5.96"," ","S","30"," -9999.0","Z"," "," 0"," -9999.0","Z"," "," 0"," -9999.0","Z"," "," 0"," -9999.0","Z"," "," 0","     0.0"," ","S","26","     0.0"," ","S","26","     0.0"," ","S","26","     0.0"," ","S","26"," -9999.0","M"," "," 0"," -9999.0","M"," "," 0"," -9999.0","M"," "," 0","     0.0"," ","S","26","    14.8"," ","S","26","     0.0"," ","S","26","     0.0"," ","S","26","     0.0"," ","S","26","     0.0"," ","S","26","     0.0"," ","S","26","     0.0"," ","S","26","     0.0"," ","S","26"," -9999.0","M"," "," 0"," -9999.0","M"," "," 0"," -9999.0","M"," "," 0"
"USC00424508","05-03"," 37.0286","-112.5361","1493.5","KANAB, UT US","05","03","99","    57.6"," ","S","26","    73.7"," ","S","30","    41.5"," ","S","26","    32.1"," ","S","26","     6.5"," ","S","26","     8.6"," ","S","30","     6.0"," ","S","26","     7.1"," ","S","26","     7.6"," ","S","26","     0.0","X","S","26","     0.1"," ","S","26","     0.5"," ","S","26","     1.6"," ","S","26","     2.4"," ","S","26","     3.9"," ","S","26","     0.2"," ","S","26","    17.6"," ","S","26","    12.7"," ","S","26","     8.1"," ","S","26","     4.2"," ","S","26","     3.0"," ","S","26","     1.5"," ","S","26","     0.0","X","S","26","     0.0","X","S","26","     0.2"," ","S","26","    17.6"," ","S","26","    12.7"," ","S","26","     8.1"," ","S","26","     4.2"," ","S","26","     3.0"," ","S","26","     1.5"," ","S","26","     0.0","X","S","26","     0.0","X","S","26","    13.0"," ","S","26","    11.9"," ","S","26","    14.8"," ","S","30","     7.8"," ","S","30","     3.3"," ","S","30","     1.1"," ","S","30","     0.1"," ","S","30","     0.0"," ","S","30","     0.0"," ","S","30","     0.0"," ","S","30","    0.04"," ","S","30","    0.10"," ","S","30","    0.21"," ","S","30","    0.07"," ","S","30","    5.98"," ","S","30"," -9999.0","Z"," "," 0"," -9999.0","Z"," "," 0"," -9999.0","Z"," "," 0"," -9999.0","Z"," "," 0","     0.0"," ","S","26","     0.0"," ","S","26","     0.0"," ","S","26","     0.0"," ","S","26"," -9999.0","M"," "," 0"," -9999.0","M"," "," 0"," -9999.0","M"," "," 0","     0.0"," ","S","26","    14.8"," ","S","26","     0.0"," ","S","26","     0.0"," ","S","26","     0.0"," ","S","26","     0.0"," ","S","26","     0.0"," ","S","26","     0.0"," ","S","26","     0.0"," ","S","26"," -9999.0","M"," "," 0"," -9999.0","M"," "," 0"," -9999.0","M"," "," 0"
"USC00424508","05-04"," 37.0286","-112.5361","1493.5","KANAB, UT US","05","04","99","    57.9"," ","S","26","    74.0"," ","S","30","    41.8"," ","S","26","    32.2"," ","S","26","     6.5"," ","S","26","     8.6"," ","S","30","     6.0"," ","S","26","     7.1"," ","S","26","     7.4"," ","S","26","     0.0","X","S","26","     0.1"," ","S","26","     0.5"," ","S","26","     1.5"," ","S","26","     2.2"," ","S","26","     3.7"," ","S","26","     0.3"," ","S","26","    17.9"," ","S","26","    13.0"," ","S","26","     8.4"," ","S","26","     4.4"," ","S","26","     3.1"," ","S","26","     1.6"," ","S","26","     0.0","X","S","26","     0.0","X","S","26","     0.3"," ","S","26","    17.9"," ","S","26","    13.0"," ","S","26","     8.4"," ","S","26","     4.4"," ","S","26","     3.1"," ","S","26","     1.6"," ","S","26","     0.0","X","S","26","     0.0","X","S","26","    13.2"," ","S","26","    12.1"," ","S","26","    14.7"," ","S","30","     7.8"," ","S","30","     3.2"," ","S","30","     1.1"," ","S","30","     0.1"," ","S","30","     0.0"," ","S","30","     0.0"," ","S","30","     0.0"," ","S","30","    0.04"," ","S","30","    0.10"," ","S","30","    0.21"," ","S","30","    0.09"," ","S","30","    6.00"," ","S","30"," -9999.0","Z"," "," 0"," -9999.0","Z"," "," 0"," -9999.0","Z"," "," 0"," -9999.0","Z"," "," 0","     0.0"," ","S","26","     0.0"," ","S","26","     0.0"," ","S","26","     0.0"," ","S","26"," -9999.0","M"," "," 0"," -9999.0","M"," "," 0"," -9999.0","M"," "," 0","     0.0"," ","S","26","    14.8"," ","S","26","     0.0"," ","S","26","     0.0"," ","S","26","     0.0"," ","S","26","     0.0"," ","S","26","     0.0"," ","S","26","     0.0"," ","S","26","     0.0"," ","S","26"," -9999.0","M"," "," 0"," -9999.0","M"," "," 0"," -9999.0","M"," "," 0"
"USC00424508","05-05"," 37.0286","-112.5361","1493.5","KANAB, UT US","05","05","99","    58.2"," ","S","26","    74.3"," ","S","30","    42.1"," ","S","26","    32.3"," ","S","26","     6.5"," ","S","26","     8.6"," ","S","30","     6.0"," ","S","26","     7.1"," ","S","26","     7.1"," ","S","26","     0.0","X","S","26","     0.1"," ","S","26","     0.4"," ","S","26","     1.4"," ","S","26","     2.1"," ","S","26","     3.5"," ","S","26","     0.3"," ","S","26","    18.2"," ","S","26","    13.3"," ","S","26","     8.6"," ","S","26","     4.6"," ","S","26","     3.3"," ","S","26","     1.7"," ","S","26","     0.0","X","S","26","     0.0","X","S","26","     0.3"," ","S","26","    18.2"," ","S","26","    13.3"," ","S","26","     8.6"," ","S","26","     4.6"," ","S","26","     3.3"," ","S","26","     1.7"," ","S","26","     0.0","X","S","26","     0.0","X","S","26","    13.4"," ","S","26","    12.2"," ","S","26","    14.6"," ","S","30","     7.7"," ","S","30","     3.2"," ","S","30","     1.0"," ","S","30","     0.1"," ","S","30","     0.0"," ","S","30","     0.0"," ","S","30","     0.0"," ","S","30","    0.03"," ","S","30","    0.10"," ","S","30","    0.21"," ","S","30","    0.11"," ","S","30","    6.02"," ","S","30"," -9999.0","Z"," "," 0"," -9999.0","Z"," "," 0"," -9999.0","Z"," "," 0"," -9999.0","Z"," "," 0","     0.0"," ","S","26","     0.0"," ","S","26","     0.0"," ","S","26","     0.0"," ","S","26"," -9999.0","M"," "," 0"," -9999.0","M"," "," 0"," -9999.0","M"," "," 0","     0.0"," ","S","26","    14.8"," ","S","26","     0.0"," ","S","26","     0.0"," ","S","26","     0.0"," ","S","26","     0.0"," ","S","26","     0.0"," ","S","26","     0.0"," ","S","26","     0.0"," ","S","26"," -9999.0","M"," "," 0"," -9999.0","M"," "," 0"," -9999.0","M"," "," 0"
"USC00424508","05-06"," 37.0286","-112.5361","1493.5","KANAB, UT US","05","06","99","    58.5"," ","S","26","    74.7"," ","S","30","    42.3"," ","S","26","    32.4"," ","S","26","     6.5"," ","S","26","     8.5"," ","S","30","     6.0"," ","S","26","     7.1"," ","S","26","     6.8"," ","S","26","     0.0","X","S","26","     0.1"," ","S","26","     0.4"," ","S","26","     1.3"," ","S","26","     2.0"," ","S","26","     3.3"," ","S","26","     0.4"," ","S","26","    18.5"," ","S","26","    13.6"," ","S","26","     8.9"," ","S","26","     4.8"," ","S","26","     3.5"," ","S","26","     1.9"," ","S","26","     0.0","X","S","26","     0.0","X","S","26","     0.4"," ","S","26","    18.5"," ","S","26","    13.6"," ","S","26","     8.9"," ","S","26","     4.8"," ","S","26","     3.5"," ","S","26","     1.9"," ","S","26","     0.0","X","S","26","     0.0","X","S","26","    13.5"," ","S","26","    12.4"," ","S","26","    14.4"," ","S","30","     7.6"," ","S","30","     3.1"," ","S","30","     1.0"," ","S","30","     0.1"," ","S","30","     0.0"," ","S","30","     0.0"," ","S","30","     0.0"," ","S","30","    0.03"," ","S","30","    0.10"," ","S","30","    0.21"," ","S","30","    0.13"," ","S","30","    6.04"," ","S","30"," -9999.0","Z"," "," 0"," -9999.0","Z"," "," 0"," -9999.0","Z"," "," 0"," -9999.0","Z"," "," 0","     0.0"," ","S","27","     0.0"," ","S","27","     0.0"," ","S","27","     0.0"," ","S","27"," -9999.0","M"," "," 0"," -9999.0","M"," "," 0"," -9999.0","M"," "," 0","     0.0"," ","S","26","    14.8"," ","S","26","     0.0"," ","S","27","     0.0"," ","S","27","     0.0"," ","S","27","     0.0"," ","S","27","     0.0"," ","S","27","     0.0"," ","S","27","     0.0"," ","S","27"," -9999.0","M"," "," 0"," -9999.0","M"," "," 0"," -9999.0","M"," "," 0"
"USC00424508","05-07"," 37.0286","-112.5361","1493.5","KANAB, UT US","05","07","99","    58.8"," ","S","26","    75.1"," ","S","30","    42.6"," ","S","26","    32.5"," ","S","26","     6.5"," ","S","26","     8.5"," ","S","30","     6.0"," ","S","26","     7.1"," ","S","26","     6.5"," ","S","26","     0.0"," ","S","26","     0.0","X","S","26","     0.3"," ","S","26","     1.2"," ","S","26","     1.8"," ","S","26","     3.1"," ","S","26","     0.4"," ","S","26","    18.8"," ","S","26","    13.9"," ","S","26","     9.2"," ","S","26","     5.1"," ","S","26","     3.7"," ","S","26","     2.0"," ","S","26","     0.0","X","S","26","     0.0","X","S","26","     0.4"," ","S","26","    18.8"," ","S","26","    13.9"," ","S","26","     9.2"," ","S","26","     5.1"," ","S","26","     3.7"," ","S","26","     2.0"," ","S","26","     0.0","X","S","26","     0.0","X","S","26","    13.7"," ","S","26","    12.6"," ","S","26","    14.3"," ","S","30","     7.5"," ","S","30","     3.1"," ","S","30","     1.0"," ","S","30","     0.1"," ","S","30","     0.0"," ","S","30","     0.0"," ","S","30","     0.0"," ","S","30","    0.03"," ","S","30","    0.10"," ","S","30","    0.21"," ","S","30","    0.16"," ","S","30","    6.07"," ","S","30"," -9999.0","Z"," "," 0"," -9999.0","Z"," "," 0"," -9999.0","Z"," "," 0"," -9999.0","Z"," "," 0","     0.0"," ","S","27","     0.0"," ","S","27","     0.0"," ","S","27","     0.0"," ","S","27"," -9999.0","M"," "," 0"," -9999.0","M"," "," 0"," -9999.0","M"," "," 0","     0.0"," ","S","26","    14.8"," ","S","26","     0.0"," ","S","27","     0.0"," ","S","27","     0.0"," ","S","27","     0.0"," ","S","27","     0.0"," ","S","27","     0.0"," ","S","27","     0.0"," ","S","27"," -9999.0","M"," "," 0"," -9999.0","M"," "," 0"," -9999.0","M"," "," 0"
"USC00424508","05-08"," 37.0286","-112.5361","1493.5","KANAB, UT US","05","08","99","    59.2"," ","S","26","    75.4"," ","S","30","    42.9"," ","S","26","    32.6"," ","S","26","     6.5"," ","S","26","     8.5"," ","S","30","     6.0"," ","S","26","     7.1"," ","S","26","     6.3"," ","S","26","     0.0"," ","S","26","     0.0","X","S","26","     0.3"," ","S","26","     1.1"," ","S","26","     1.7"," ","S","26","     2.9"," ","S","26","     0.4"," ","S","26","    19.2"," ","S","26","    14.2"," ","S","26","     9.5"," ","S","26","     5.3"," ","S","26","     3.8"," ","S","26","     2.1"," ","S","26","     0.0","X","S","26","     0.0","X","S","26","     0.4"," ","S","26","    19.2"," ","S","26","    14.2"," ","S","26","     9.5"," ","S","26","     5.3"," ","S","26","     3.8"," ","S","26","     2.1"," ","S","26","     0.0","X","S","26","     0.0","X","S","26","    13.9"," ","S","26","    12.8"," ","S","26","    14.1"," ","S","30","     7.4"," ","S","30","     3.1"," ","S","30","     1.0"," ","S","30","     0.1"," ","S","30","     0.0"," ","S","30","     0.0"," ","S","30","     0.0"," ","S","30","    0.03"," ","S","30","    0.10"," ","S","30","    0.21"," ","S","30","    0.18"," ","S","30","    6.09"," ","S","30"," -9999.0","Z"," "," 0"," -9999.0","Z"," "," 0"," -9999.0","Z"," "," 0"," -9999.0","Z"," "," 0","     0.0"," ","S","27","     0.0"," ","S","27","     0.0"," ","S","27","     0.0"," ","S","27"," -9999.0","M"," "," 0"," -9999.0","M"," "," 0"," -9999.0","M"," "," 0","     0.0"," ","S","26","    14.8"," ","S","26","     0.0"," ","S","27","     0.0"," ","S","27","     0.0"," ","S","27","     0.0"," ","S","27","     0.0"," ","S","27","     0.0"," ","S","27","     0.0"," ","S","27"," -9999.0","M"," "," 0"," -9999.0","M"," "," 0"," -9999.0","M"," "," 0"
"USC00424508","05-09"," 37.0286","-112.5361","1493.5","KANAB, UT US","05","09","99","    59.5"," ","S","26","    75.8"," ","S","30","    43.1"," ","S","26","    32.7"," ","S","26","     6.5"," ","S","26","     8.5"," ","S","30","     6.0"," ","S","26","     7.1"," ","S","26","     6.0"," ","S","26","     0.0"," ","S","26","     0.0","X","S","26","     0.3"," ","S","26","     1.0"," ","S","26","     1.6"," ","S","26","     2.7"," ","S","26","     0.5"," ","S","26","    19.5"," ","S","26","    14.5"," ","S","26","     9.7"," ","S","26","     5.5"," ","S","26","     4.0"," ","S","26","     2.2"," ","S","26","     0.0","X","S","26","     0.0","X","S","26","     0.5"," ","S","26","    19.5"," ","S","26","    14.5"," ","S","26","     9.7"," ","S","26","     5.5"," ","S","26","     4.0"," ","S","26","     2.2"," ","S","26","     0.0","X","S","26","     0.0","X","S","26","    14.1"," ","S","26","    13.0"," ","S","26","    13.9"," ","S","30","     7.3"," ","S","30","     3.0"," ","S","30","     1.0"," ","S","30","     0.1"," ","S","30","     0.0"," ","S","30","     0.0"," ","S","30","     0.0"," ","S","30","    0.03"," ","S","30","    0.10"," ","S","30","    0.21"," ","S","30","    0.20"," ","S","30","    6.11"," ","S","30"," -9999.0","Z"," "," 0"," -9999.0","Z"," "," 0"," -9999.0","Z"," "," 0"," -9999.0","Z"," "," 0","     0.0"," ","S","27","     0.0"," ","S","27","     0.0"," ","S","27","     0.0"," ","S","27"," -9999.0","M"," "," 0"," -9999.0","M"," "," 0"," -9999.0","M"," "," 0","     0.0"," ","S","26","    14.8"," ","S","26","     0.0"," ","S","27","     0.0"," ","S","27","     0.0"," ","S","27","     0.0"," ","S","27","     0.0"," ","S","27","     0.0"," ","S","27","     0.0"," ","S","27"," -9999.0","M"," "," 0"," -9999.0","M"," "," 0"," -9999.0","M"," "," 0"
"USC00424508","05-10"," 37.0286","-112.5361","1493.5","KANAB, UT US","05","10","99","    59.8"," ","S","26","    76.2"," ","S","30","    43.4"," ","S","26","    32.9"," ","S","26","     6.4"," ","S","26","     8.5"," ","S","30","     6.0"," ","S","26","     7.1"," ","S","26","     5.8"," ","S","26","     0.0"," ","S","26","     0.0","X","S","26","     0.3"," ","S","26","     0.9"," ","S","26","     1.4"," ","S","26","     2.6"," ","S","26","     0.5"," ","S","26","    19.8"," ","S","26","    14.8"," ","S","26","    10.0"," ","S","26","     5.7"," ","S","26","     4.2"," ","S","26","     2.4"," ","S","26","     0.0","X","S","26","     0.0","X","S","26","     0.5"," ","S","26","    19.8"," ","S","26","    14.8"," ","S","26","    10.0"," ","S","26","     5.7"," ","S","26","     4.2"," ","S","26","     2.4"," ","S","26","     0.0","X","S","26","     0.0","X","S","26","    14.3"," ","S","26","    13.1"," ","S","26","    13.8"," ","S","30","     7.2"," ","S","30","     3.0"," ","S","30","     1.0"," ","S","30","     0.1"," ","S","30","     0.0"," ","S","30","     0.0"," ","S","30","     0.0"," ","S","30","    0.03"," ","S","30","    0.10"," ","S","30","    0.21"," ","S","30","    0.22"," ","S","30","    6.13"," ","S","30"," -9999.0","Z"," "," 0"," -9999.0","Z"," "," 0"," -9999.0","Z"," "," 0"," -9999.0","Z"," "," 0","     0.0"," ","S","27","     0.0"," ","S","27","     0.0"," ","S","27","     0.0"," ","S","27"," -9999.0","M"," "," 0"," -9999.0","M"," "," 0"," -9999.0","M"," "," 0","     0.0"," ","S","26","    14.8"," ","S","26","     0.0"," ","S","27","     0.0"," ","S","27","     0.0"," ","S","27","     0.0"," ","S","27","     0.0"," ","S","27","     0.0"," ","S","27","     0.0"," ","S","27"," -9999.0","M"," "," 0"," -9999.0","M"," "," 0"," -9999.0","M"," "," 0"
"USC00424508","05-11"," 37.0286","-112.5361","1493.5","KANAB, UT US","05","11","99","    60.1"," ","S","26","    76.6"," ","S","30","    43.6"," ","S","26","    33.0"," ","S","26","     6.4"," ","S","26","     8.4"," ","S","30","     6.0"," ","S","26","     7.0"," ","S","26","     5.5"," ","S","26","     0.0"," ","S","26","     0.0","X","S","26","     0.2"," ","S","26","     0.9"," ","S","26","     1.4"," ","S","26","     2.5"," ","S","26","     0.6"," ","S","26","    20.1"," ","S","26","    15.1"," ","S","26","    10.3"," ","S","26","     6.0"," ","S","26","     4.5"," ","S","26","     2.6"," ","S","26","     0.1"," ","S","26","     0.0","X","S","26","     0.6"," ","S","26","    20.1"," ","S","26","    15.1"," ","S","26","    10.3"," ","S","26","     6.0"," ","S","26","     4.5"," ","S","26","     2.6"," ","S","26","     0.1"," ","S","26","     0.0","X","S","26","    14.5"," ","S","26","    13.3"," ","S","26","    13.6"," ","S","30","     7.1"," ","S","30","     2.9"," ","S","30","     1.0"," ","S","30","     0.1"," ","S","30","     0.0"," ","S","30","     0.0"," ","S","30","     0.0"," ","S","30","    0.03"," ","S","30","    0.10"," ","S","30","    0.21"," ","S","30","    0.24"," ","S","30","    6.15"," ","S","30"," -9999.0","Z"," "," 0"," -9999.0","Z"," "," 0"," -9999.0","Z"," "," 0"," -9999.0","Z"," "," 0","     0.0"," ","S","27","     0.0"," ","S","27","     0.0"," ","S","27","     0.0"," ","S","27"," -9999.0","M"," "," 0"," -9999.0","M"," "," 0"," -9999.0","M"," "," 0","     0.0"," ","S","26","    14.8"," ","S","26","     0.0"," ","S","27","     0.0"," ","S","27","     0.0"," ","S","27","     0.0"," ","S","27","     0.0"," ","S","27","     0.0"," ","S","27","     0.0"," ","S","27"," -9999.0","M"," "," 0"," -9999.0","M"," "," 0"," -9999.0","M"," "," 0"
"USC00424508","05-12"," 37.0286","-112.5361","1493.5","KANAB, UT US","05","12","99","    60.4"," ","S","26","    77.0"," ","S","30","    43.9"," ","S","26","    33.1"," ","S","26","     6.4"," ","S","26","     8.4"," ","S","30","     6.0"," ","S","26","     7.0"," ","S","26","     5.3"," ","S","26","     0.0"," ","S","26","     0.0","X","S","26","     0.2"," ","S","26","     0.8"," ","S","26","     1.3"," ","S","26","     2.3"," ","S","26","     0.7"," ","S","26","    20.4"," ","S","26","    15.5"," ","S","26","    10.6"," ","S","26","     6.3"," ","S","26","     4.7"," ","S","26","     2.8"," ","S","26","     0.1"," ","S","26","     0.0","X","S","26","     0.7"," ","S","26","    20.4"," ","S","26","    15.5"," ","S","26","    10.6"," ","S","26","     6.3"," ","S","26","     4.7"," ","S","26","     2.8"," ","S","26","     0.1"," ","S","26","     0.0","X","S","26","    14.7"," ","S","26","    13.5"," ","S","26","    13.4"," ","S","30","     7.0"," ","S","30","     2.9"," ","S","30","     0.9"," ","S","30","     0.1"," ","S","30","     0.0"," ","S","30","     0.0"," ","S","30","     0.0"," ","S","30","    0.03"," ","S","30","    0.10"," ","S","30","    0.21"," ","S","30","    0.26"," ","S","30","    6.17"," ","S","30"," -9999.0","Z"," "," 0"," -9999.0","Z"," "," 0"," -9999.0","Z"," "," 0"," -9999.0","Z"," "," 0","     0.0"," ","S","27","     0.0"," ","S","27","     0.0"," ","S","27","     0.0"," ","S","27"," -9999.0","M"," "," 0"," -9999.0","M"," "," 0"," -9999.0","M"," "," 0","     0.0"," ","S","26","    14.8"," ","S","26","     0.0"," ","S","27","     0.0"," ","S","27","     0.0"," ","S","27","     0.0"," ","S","27","     0.0"," ","S","27","     0.0"," ","S","27","     0.0"," ","S","27"," -9999.0","M"," "," 0"," -9999.0","M"," "," 0"," -9999.0","M"," "," 0"
"USC00424508","05-13"," 37.0286","-112.5361","1493.5","KANAB, UT US","05","13","99","    60.7"," ","S","26","    77.4"," ","S","30","    44.1"," ","S","26","    33.3"," ","S","26","     6.4"," ","S","26","     8.4"," ","S","30","     6.0"," ","S","26","     7.0"," ","S","26","     5.1"," ","S","26","     0.0"," ","S","26","     0.0","X","S","26","     0.2"," ","S","26","     0.8"," ","S","26","     1.2"," ","S","26","     2.2"," ","S","26","     0.8"," ","S","26","    20.7"," ","S","26","    15.8"," ","S","26","    10.9"," ","S","26","     6.5"," ","S","26","     5.0"," ","S","26","     3.0"," ","S","26","     0.1"," ","S","26","     0.0","X","S","26","     0.8"," ","S","26","    20.7"," ","S","26","    15.8"," ","S","26","    10.9"," ","S","26","     6.5"," ","S","26","     5.0"," ","S","26","     3.0"," ","S","26","     0.1"," ","S","26","     0.0","X","S","26","    14.9"," ","S","26","    13.7"," ","S","26","    13.2"," ","S","30","     6.9"," ","S","30","     2.8"," ","S","30","     0.9"," ","S","30","     0.1"," ","S","30","     0.0"," ","S","30","     0.0"," ","S","30","     0.0"," ","S","30","    0.03"," ","S","30","    0.10"," ","S","30","    0.21"," ","S","30","    0.28"," ","S","30","    6.19"," ","S","30"," -9999.0","Z"," "," 0"," -9999.0","Z"," "," 0"," -9999.0","Z"," "," 0"," -9999.0","Z"," "," 0","     0.0"," ","S","27","     0.0"," ","S","27","     0.0"," ","S","27","     0.0"," ","S","27"," -9999.0","M"," "," 0"," -9999.0","M"," "," 0"," -9999.0","M"," "," 0","     0.0"," ","S","26","    14.8"," ","S","26","     0.0"," ","S","27","     0.0"," ","S","27","     0.0"," ","S","27","     0.0"," ","S","27","     0.0"," ","S","27","     0.0"," ","S","27","     0.0"," ","S","27"," -9999.0","M"," "," 0"," -9999.0","M"," "," 0"," -9999.0","M"," "," 0"
"USC00424508","05-14"," 37.0286","-112.5361","1493.5","KANAB, UT US","05","14","99","    61.1"," ","S","26","    77.8"," ","S","30","    44.3"," ","S","26","    33.5"," ","S","26","     6.4"," ","S","26","     8.3"," ","S","30","     6.0"," ","S","26","     7.0"," ","S","26","     4.9"," ","S","26","     0.0"," ","S","26","     0.0","X","S","26","     0.2"," ","S","26","     0.7"," ","S","26","     1.1"," ","S","26","     2.1"," ","S","26","     0.9"," ","S","26","    21.1"," ","S","26","    16.1"," ","S","26","    11.2"," ","S","26","     6.8"," ","S","26","     5.2"," ","S","26","     3.2"," ","S","26","     0.1"," ","S","26","     0.0","X","S","26","     0.9"," ","S","26","    21.1"," ","S","26","    16.1"," ","S","26","    11.2"," ","S","26","     6.8"," ","S","26","     5.2"," ","S","26","     3.2"," ","S","26","     0.1"," ","S","26","     0.0","X","S","26","    15.2"," ","S","26","    13.9"," ","S","26","    13.0"," ","S","30","     6.8"," ","S","30","     2.8"," ","S","30","     0.9"," ","S","30","     0.1"," ","S","30","     0.0"," ","S","30","     0.0"," ","S","30","     0.0"," ","S","30","    0.03"," ","S","30","    0.10"," ","S","30","    0.21"," ","S","30","    0.30"," ","S","30","    6.21"," ","S","30"," -9999.0","Z"," "," 0"," -9999.0","Z"," "," 0","     0.0"," ","S","27","     0.0"," ","S","27","     0.0"," ","S","27","     0.0"," ","S","27","     0.0"," ","S","27","     0.0"," ","S","27"," -9999.0","M"," "," 0"," -9999.0","M"," "," 0"," -9999.0","M"," "," 0","     0.0"," ","S","26","    14.8"," ","S","26","     0.0"," ","S","27","     0.0"," ","S","27","     0.0"," ","S","27","     0.0"," ","S","27","     0.0"," ","S","27","     0.0"," ","S","27","     0.0"," ","S","27"," -9999.0","M"," "," 0"," -9999.0","M"," "," 0"," -9999.0","M"," "," 0"
"USC00424508","05-15"," 37.0286","-112.5361","1493.5","KANAB, UT US","05","15","99","    61.4"," ","S","26","    78.2"," ","S","30","    44.6"," ","S","26","    33.6"," ","S","26","     6.4"," ","S","26","     8.3"," ","S","30","     6.0"," ","S","26","     6.9"," ","S","26","     4.6"," ","S","26","     0.0"," ","S","26","     0.0","X","S","26","     0.2"," ","S","26","     0.7"," ","S","26","     1.1"," ","S","26","     2.0"," ","S","26","     1.0"," ","S","26","    21.4"," ","S","26","    16.4"," ","S","26","    11.6"," ","S","26","     7.1"," ","S","26","     5.5"," ","S","26","     3.4"," ","S","26","     0.1"," ","S","26","     0.0","X","S","26","     1.0"," ","S","26","    21.4"," ","S","26","    16.4"," ","S","26","    11.6"," ","S","26","     7.1"," ","S","26","     5.5"," ","S","26","     3.4"," ","S","26","     0.1"," ","S","26","     0.0","X","S","26","    15.4"," ","S","26","    14.1"," ","S","26","    12.9"," ","S","30","     6.7"," ","S","30","     2.8"," ","S","30","     0.9"," ","S","30","     0.1"," ","S","30","     0.0"," ","S","30","     0.0"," ","S","30","     0.0"," ","S","30","    0.03"," ","S","30","    0.10"," ","S","30","    0.21"," ","S","30","    0.32"," ","S","30","    6.23"," ","S","30"," -9999.0","Z"," "," 0"," -9999.0","Z"," "," 0","     0.0"," ","S","27","     0.0"," ","S","27","     0.0"," ","S","27","     0.0"," ","S","27","     0.0"," ","S","27","     0.0"," ","S","27"," -9999.0","M"," "," 0"," -9999.0","M"," "," 0"," -9999.0","M"," "," 0","     0.0"," ","S","26","    14.8"," ","S","26","     0.0"," ","S","27","     0.0"," ","S","27","     0.0"," ","S","27","     0.0"," ","S","27","     0.0"," ","S","27","     0.0"," ","S","27","     0.0"," ","S","27"," -9999.0","M"," "," 0"," -9999.0","M"," "," 0"," -9999.0","M"," "," 0"
"USC00424508","05-16"," 37.0286","-112.5361","1493.5","KANAB, UT US","05","16","99","    61.7"," ","S","26","    78.6"," ","S","30","    44.8"," ","S","26","    33.8"," ","S","26","     6.3"," ","S","26","     8.3"," ","S","30","     6.0"," ","S","26","     6.9"," ","S","26","     4.4"," ","S","26","     0.0"," ","S","26","     0.0","X","S","26","     0.2"," ","S","26","     0.7"," ","S","26","     1.0"," ","S","26","     1.9"," ","S","26","     1.2"," ","S","26","    21.7"," ","S","26","    16.7"," ","S","26","    11.9"," ","S","26","     7.4"," ","S","26","     5.7"," ","S","26","     3.6"," ","S","26","     0.2"," ","S","26","     0.1"," ","S","26","     1.2"," ","S","26","    21.7"," ","S","26","    16.7"," ","S","26","    11.9"," ","S","26","     7.4"," ","S","26","     5.7"," ","S","26","     3.6"," ","S","26","     0.2"," ","S","26","     0.1"," ","S","26","    15.5"," ","S","26","    14.3"," ","S","26","    12.7"," ","S","30","     6.6"," ","S","30","     2.8"," ","S","30","     0.9"," ","S","30","     0.1"," ","S","30","     0.0"," ","S","30","     0.0"," ","S","30","     0.0"," ","S","30","    0.03"," ","S","30","    0.10"," ","S","30","    0.21"," ","S","30","    0.34"," ","S","30","    6.25"," ","S","30"," -9999.0","Z"," "," 0"," -9999.0","Z"," "," 0","     0.0"," ","S","27","     0.0"," ","S","27","     0.0"," ","S","27","     0.0"," ","S","27","     0.0"," ","S","27","     0.0"," ","S","27"," -9999.0","M"," "," 0"," -9999.0","M"," "," 0"," -9999.0","M"," "," 0","     0.0"," ","S","26","    14.8"," ","S","26","     0.0"," ","S","27","     0.0"," ","S","27","     0.0"," ","S","27","     0.0"," ","S","27","     0.0"," ","S","27","     0.0"," ","S","27","     0.0"," ","S","27"," -9999.0","M"," "," 0"," -9999.0","M"," "," 0"," -9999.0","M"," "," 0"
"USC00424508","05-17"," 37.0286","-112.5361","1493.5","KANAB, UT US","05","17","99","    62.0"," ","S","26","    79.0"," ","S","30","    45.0"," ","S","26","    34.0"," ","S","26","     6.3"," ","S","26","     8.2"," ","S","30","     5.9"," ","S","26","     6.8"," ","S","26","     4.2"," ","S","26","     0.0"," ","S","26","     0.0","X","S","26","     0.1"," ","S","26","     0.6"," ","S","26","     1.0"," ","S","26","     1.8"," ","S","26","     1.3"," ","S","26","    22.0"," ","S","26","    17.0"," ","S","26","    12.2"," ","S","26","     7.6"," ","S","26","     6.0"," ","S","26","     3.8"," ","S","26","     0.2"," ","S","26","     0.1"," ","S","26","     1.3"," ","S","26","    22.0"," ","S","26","    17.0"," ","S","26","    12.2"," ","S","26","     7.6"," ","S","26","     6.0"," ","S","26","     3.8"," ","S","26","     0.2"," ","S","26","     0.1"," ","S","26","    15.7"," ","S","26","    14.4"," ","S","26","    12.5"," ","S","30","     6.5"," ","S","30","     2.7"," ","S","30","     0.9"," ","S","30","     0.1"," ","S","30","     0.0"," ","S","30","     0.0"," ","S","30","     0.0"," ","S","30","    0.03"," ","S","30","    0.10"," ","S","30","    0.22"," ","S","30","    0.35"," ","S","30","    6.26"," ","S","30"," -9999.0","Z"," "," 0"," -9999.0","Z"," "," 0","     0.0"," ","S","27","     0.0"," ","S","27","     0.0"," ","S","27","     0.0"," ","S","27","     0.0"," ","S","27","     0.0"," ","S","27"," -9999.0","M"," "," 0"," -9999.0","M"," "," 0"," -9999.0","M"," "," 0","     0.0"," ","S","26","    14.8"," ","S","26","     0.0"," ","S","27","     0.0"," ","S","27","     0.0"," ","S","27","     0.0"," ","S","27","     0.0"," ","S","27","     0.0"," ","S","27","     0.0"," ","S","27"," -9999.0","M"," "," 0"," -9999.0","M"," "," 0"," -9999.0","M"," "," 0"
"USC00424508","05-18"," 37.0286","-112.5361","1493.5","KANAB, UT US","05","18","99","    62.3"," ","S","26","    79.4"," ","S","30","    45.3"," ","S","26","    34.2"," ","S","26","     6.3"," ","S","26","     8.2"," ","S","30","     5.9"," ","S","26","     6.8"," ","S","26","     4.0"," ","S","26","     0.0"," ","S","26","     0.0","X","S","26","     0.1"," ","S","26","     0.6"," ","S","26","     0.9"," ","S","26","     1.7"," ","S","26","     1.4"," ","S","26","    22.3"," ","S","26","    17.4"," ","S","26","    12.5"," ","S","26","     7.9"," ","S","26","     6.2"," ","S","26","     4.0"," ","S","26","     0.3"," ","S","26","     0.1"," ","S","26","     1.4"," ","S","26","    22.3"," ","S","26","    17.4"," ","S","26","    12.5"," ","S","26","     7.9"," ","S","26","     6.2"," ","S","26","     4.0"," ","S","26","     0.3"," ","S","26","     0.1"," ","S","26","    15.9"," ","S","26","    14.6"," ","S","26","    12.4"," ","S","30","     6.4"," ","S","30","     2.7"," ","S","30","     0.9"," ","S","30","     0.1"," ","S","30","     0.0"," ","S","30","     0.0"," ","S","30","     0.0"," ","S","30","    0.03"," ","S","30","    0.10"," ","S","30","    0.22"," ","S","30","    0.37"," ","S","30","    6.28"," ","S","30","     0.0"," ","S","27","     0.0"," ","S","27","     0.0"," ","S","27","     0.0"," ","S","27","     0.0"," ","S","27","     0.0"," ","S","27","     0.0"," ","S","27","     0.0"," ","S","27"," -9999.0","M"," "," 0"," -9999.0","M"," "," 0"," -9999.0","M"," "," 0","     0.0"," ","S","26","    14.8"," ","S","26","     0.0"," ","S","27","     0.0"," ","S","27","     0.0"," ","S","27","     0.0"," ","S","27","     0.0"," ","S","27","     0.0"," ","S","27","     0.0"," ","S","27"," -9999.0","M"," "," 0"," -9999.0","M"," "," 0"," -9999.0","M"," "," 0"
"USC00424508","05-19"," 37.0286","-112.5361","1493.5","KANAB, UT US","05","19","99","    62.7"," ","S","26","    79.9"," ","S","30","    45.5"," ","S","26","    34.4"," ","S","26","     6.3"," ","S","26","     8.2"," ","S","30","     5.9"," ","S","26","     6.7"," ","S","26","     3.8"," ","S","26","     0.0"," ","S","26","     0.0","X","S","26","     0.1"," ","S","26","     0.5"," ","S","26","     0.8"," ","S","26","     1.6"," ","S","26","     1.5"," ","S","26","    22.7"," ","S","26","    17.7"," ","S","26","    12.8"," ","S","26","     8.2"," ","S","26","     6.5"," ","S","26","     4.2"," ","S","26","     0.3"," ","S","26","     0.1"," ","S","26","     1.5"," ","S","26","    22.7"," ","S","26","    17.7"," ","S","26","    12.8"," ","S","26","     8.2"," ","S","26","     6.5"," ","S","26","     4.2"," ","S","26","     0.3"," ","S","26","     0.1"," ","S","26","    16.1"," ","S","26","    14.8"," ","S","26","    12.3"," ","S","30","     6.3"," ","S","30","     2.7"," ","S","30","     0.9"," ","S","30","     0.1"," ","S","30","     0.0"," ","S","30","     0.0"," ","S","30","     0.0"," ","S","30","    0.03"," ","S","30","    0.10"," ","S","30","    0.22"," ","S","30","    0.39"," ","S","30","    6.30"," ","S","30","     0.0"," ","S","27","     0.0"," ","S","27","     0.0"," ","S","27","     0.0"," ","S","27","     0.0"," ","S","27","     0.0"," ","S","27","     0.0"," ","S","27","     0.0"," ","S","27"," -9999.0","M"," "," 0"," -9999.0","M"," "," 0"," -9999.0","M"," "," 0","     0.0"," ","S","26","    14.8"," ","S","26","     0.0"," ","S","27","     0.0"," ","S","27","     0.0"," ","S","27","     0.0"," ","S","27","     0.0"," ","S","27","     0.0"," ","S","27","     0.0"," ","S","27"," -9999.0","M"," "," 0"," -9999.0","M"," "," 0"," -9999.0","M"," "," 0"
"USC00424508","05-20"," 37.0286","-112.5361","1493.5","KANAB, UT US","05","20","99","    63.0"," ","S","26","    80.3"," ","S","30","    45.7"," ","S","26","    34.6"," ","S","26","     6.3"," ","S","26","     8.1"," ","S","30","     5.9"," ","S","26","     6.7"," ","S","26","     3.6"," ","S","26","     0.0"," ","S","26","     0.0","X","S","26","     0.1"," ","S","26","     0.4"," ","S","26","     0.7"," ","S","26","     1.4"," ","S","26","     1.6"," ","S","26","    23.0"," ","S","26","    18.0"," ","S","26","    13.1"," ","S","26","     8.4"," ","S","26","     6.7"," ","S","26","     4.4"," ","S","26","     0.3"," ","S","26","     0.1"," ","S","26","     1.6"," ","S","26","    23.0"," ","S","26","    18.0"," ","S","26","    13.1"," ","S","26","     8.4"," ","S","26","     6.7"," ","S","26","     4.4"," ","S","26","     0.3"," ","S","26","     0.1"," ","S","26","    16.3"," ","S","26","    15.0"," ","S","26","    12.1"," ","S","30","     6.2"," ","S","30","     2.7"," ","S","30","     0.8"," ","S","30","     0.1"," ","S","30","     0.0"," ","S","30","     0.0"," ","S","30","     0.0"," ","S","30","    0.03"," ","S","30","    0.10"," ","S","30","    0.22"," ","S","30","    0.41"," ","S","30","    6.32"," ","S","30","     0.0"," ","S","27","     0.0"," ","S","27","     0.0"," ","S","27","     0.0"," ","S","27","     0.0"," ","S","27","     0.0"," ","S","27","     0.0"," ","S","27","     0.0"," ","S","27"," -9999.0","M"," "," 0"," -9999.0","M"," "," 0"," -9999.0","M"," "," 0","     0.0"," ","S","26","    14.8"," ","S","26","     0.0"," ","S","27","     0.0"," ","S","27","     0.0"," ","S","27","     0.0"," ","S","27","     0.0"," ","S","27","     0.0"," ","S","27","     0.0"," ","S","27"," -9999.0","M"," "," 0"," -9999.0","M"," "," 0"," -9999.0","M"," "," 0"
"USC00424508","05-21"," 37.0286","-112.5361","1493.5","KANAB, UT US","05","21","99","    63.3"," ","S","26","    80.7"," ","S","30","    45.9"," ","S","26","    34.8"," ","S","26","     6.3"," ","S","26","     8.1"," ","S","30","     5.9"," ","S","26","     6.6"," ","S","26","     3.4"," ","S","26","     0.0"," ","S","26","     0.0","X","S","26","     0.1"," ","S","26","     0.4"," ","S","26","     0.7"," ","S","26","     1.3"," ","S","26","     1.7"," ","S","26","    23.3"," ","S","26","    18.3"," ","S","26","    13.4"," ","S","26","     8.7"," ","S","26","     7.0"," ","S","26","     4.6"," ","S","26","     0.4"," ","S","26","     0.2"," ","S","26","     1.7"," ","S","26","    23.3"," ","S","26","    18.3"," ","S","26","    13.4"," ","S","26","     8.7"," ","S","26","     7.0"," ","S","26","     4.6"," ","S","26","     0.4"," ","S","26","     0.2"," ","S","26","    16.5"," ","S","26","    15.2"," ","S","26","    11.9"," ","S","30","     6.1"," ","S","30","     2.7"," ","S","30","     0.8"," ","S","30","     0.1"," ","S","30","     0.0"," ","S","30","     0.0"," ","S","30","     0.0"," ","S","30","    0.03"," ","S","30","    0.10"," ","S","30","    0.22"," ","S","30","    0.43"," ","S","30","    6.34"," ","S","30","     0.0"," ","S","27","     0.0"," ","S","27","     0.0"," ","S","27","     0.0"," ","S","27","     0.0"," ","S","27","     0.0"," ","S","27","     0.0"," ","S","27","     0.0"," ","S","27"," -9999.0","M"," "," 0"," -9999.0","M"," "," 0"," -9999.0","M"," "," 0","     0.0"," ","S","26","    14.8"," ","S","26","     0.0"," ","S","27","     0.0"," ","S","27","     0.0"," ","S","27","     0.0"," ","S","27","     0.0"," ","S","27","     0.0"," ","S","27","     0.0"," ","S","27"," -9999.0","M"," "," 0"," -9999.0","M"," "," 0"," -9999.0","M"," "," 0"
"USC00424508","05-22"," 37.0286","-112.5361","1493.5","KANAB, UT US","05","22","99","    63.6"," ","S","26","    81.1"," ","S","30","    46.1"," ","S","26","    35.0"," ","S","26","     6.3"," ","S","26","     8.1"," ","S","30","     5.9"," ","S","26","     6.6"," ","S","26","     3.3"," ","S","26","     0.0"," ","S","26","     0.0","X","S","26","     0.1"," ","S","26","     0.4"," ","S","26","     0.6"," ","S","26","     1.2"," ","S","26","     1.9"," ","S","26","    23.6"," ","S","26","    18.6"," ","S","26","    13.7"," ","S","26","     9.0"," ","S","26","     7.2"," ","S","26","     4.9"," ","S","26","     0.4"," ","S","26","     0.2"," ","S","26","     1.9"," ","S","26","    23.6"," ","S","26","    18.6"," ","S","26","    13.7"," ","S","26","     9.0"," ","S","26","     7.2"," ","S","26","     4.9"," ","S","26","     0.4"," ","S","26","     0.2"," ","S","26","    16.7"," ","S","26","    15.4"," ","S","26","    11.8"," ","S","30","     5.9"," ","S","30","     2.7"," ","S","30","     0.8"," ","S","30","     0.1"," ","S","30","     0.0"," ","S","30","     0.0"," ","S","30","     0.0"," ","S","30","    0.03"," ","S","30","    0.10"," ","S","30","    0.22"," ","S","30","    0.44"," ","S","30","    6.35"," ","S","30","     0.0"," ","S","27","     0.0"," ","S","27","     0.0"," ","S","27","     0.0"," ","S","27","     0.0"," ","S","27","     0.0"," ","S","27","     0.0"," ","S","27","     0.0"," ","S","27"," -9999.0","M"," "," 0"," -9999.0","M"," "," 0"," -9999.0","M"," "," 0","     0.0"," ","S","26","    14.8"," ","S","26","     0.0"," ","S","27","     0.0"," ","S","27","     0.0"," ","S","27","     0.0"," ","S","27","     0.0"," ","S","27","     0.0"," ","S","27","     0.0"," ","S","27"," -9999.0","M"," "," 0"," -9999.0","M"," "," 0"," -9999.0","M"," "," 0"
"USC00424508","05-23"," 37.0286","-112.5361","1493.5","KANAB, UT US","05","23","99","    63.9"," ","S","26","    81.5"," ","S","30","    46.3"," ","S","26","    35.2"," ","S","26","     6.2"," ","S","26","     8.1"," ","S","30","     5.9"," ","S","26","     6.6"," ","S","26","     3.1"," ","S","26","     0.0"," ","S","26","     0.0","X","S","26","     0.1"," ","S","26","     0.3"," ","S","26","     0.6"," ","S","26","     1.2"," ","S","26","     2.0"," ","S","26","    23.9"," ","S","26","    18.9"," ","S","26","    14.0"," ","S","26","     9.2"," ","S","26","     7.5"," ","S","26","     5.1"," ","S","26","     0.5"," ","S","26","     0.2"," ","S","26","     2.0"," ","S","26","    23.9"," ","S","26","    18.9"," ","S","26","    14.0"," ","S","26","     9.2"," ","S","26","     7.5"," ","S","26","     5.1"," ","S","26","     0.5"," ","S","26","     0.2"," ","S","26","    16.9"," ","S","26","    15.6"," ","S","26","    11.6"," ","S","30","     5.8"," ","S","30","     2.7"," ","S","30","     0.8"," ","S","30","     0.1"," ","S","30","     0.0"," ","S","30","     0.0"," ","S","30","     0.0"," ","S","30","    0.03"," ","S","30","    0.10"," ","S","30","    0.22"," ","S","30","    0.46"," ","S","30","    6.37"," ","S","30","     0.0"," ","S","27","     0.0"," ","S","27","     0.0"," ","S","27","     0.0"," ","S","27","     0.0"," ","S","27","     0.0"," ","S","27","     0.0"," ","S","27","     0.0"," ","S","27"," -9999.0","M"," "," 0"," -9999.0","M"," "," 0"," -9999.0","M"," "," 0","     0.0"," ","S","26","    14.8"," ","S","26","     0.0"," ","S","27","     0.0"," ","S","27","     0.0"," ","S","27","     0.0"," ","S","27","     0.0"," ","S","27","     0.0"," ","S","27","     0.0"," ","S","27"," -9999.0","M"," "," 0"," -9999.0","M"," "," 0"," -9999.0","M"," "," 0"
"USC00424508","05-24"," 37.0286","-112.5361","1493.5","KANAB, UT US","05","24","99","    64.2"," ","S","26","    81.9"," ","S","30","    46.6"," ","S","26","    35.4"," ","S","26","     6.2"," ","S","26","     8.0"," ","S","30","     5.9"," ","S","26","     6.5"," ","S","26","     2.9"," ","S","26","     0.0"," ","S","26","     0.0","X","S","26","     0.1"," ","S","26","     0.3"," ","S","26","     0.5"," ","S","26","     1.1"," ","S","26","     2.2"," ","S","26","    24.2"," ","S","26","    19.2"," ","S","26","    14.3"," ","S","26","     9.5"," ","S","26","     7.8"," ","S","26","     5.3"," ","S","26","     0.5"," ","S","26","     0.2"," ","S","26","     2.2"," ","S","26","    24.2"," ","S","26","    19.2"," ","S","26","    14.3"," ","S","26","     9.5"," ","S","26","     7.8"," ","S","26","     5.3"," ","S","26","     0.5"," ","S","26","     0.2"," ","S","26","    17.1"," ","S","26","    15.8"," ","S","26","    11.4"," ","S","30","     5.7"," ","S","30","     2.6"," ","S","30","     0.7"," ","S","30","     0.1"," ","S","30","     0.0"," ","S","30","     0.0"," ","S","30","     0.0"," ","S","30","    0.03"," ","S","30","    0.10"," ","S","30","    0.22"," ","S","30","    0.48"," ","S","30","    6.39"," ","S","30","     0.0"," ","S","27","     0.0"," ","S","27","     0.0"," ","S","27","     0.0"," ","S","27","     0.0"," ","S","27","     0.0"," ","S","27","     0.0"," ","S","27","     0.0"," ","S","27"," -9999.0","M"," "," 0"," -9999.0","M"," "," 0"," -9999.0","M"," "," 0","     0.0"," ","S","26","    14.8"," ","S","26","     0.0"," ","S","27","     0.0"," ","S","27","     0.0"," ","S","27","     0.0"," ","S","27","     0.0"," ","S","27","     0.0"," ","S","27","     0.0"," ","S","27"," -9999.0","M"," "," 0"," -9999.0","M"," "," 0"," -9999.0","M"," "," 0"
"USC00424508","05-25"," 37.0286","-112.5361","1493.5","KANAB, UT US","05","25","99","    64.6"," ","S","26","    82.3"," ","S","30","    46.8"," ","S","26","    35.5"," ","S","26","     6.2"," ","S","26","     8.0"," ","S","30","     5.9"," ","S","26","     6.5"," ","S","26","     2.7"," ","S","26","     0.0"," ","S","26","     0.0","X","S","26","     0.0","X","S","26","     0.3"," ","S","26","     0.5"," ","S","26","     1.0"," ","S","26","     2.3"," ","S","26","    24.6"," ","S","26","    19.6"," ","S","26","    14.6"," ","S","26","     9.8"," ","S","26","     8.0"," ","S","26","     5.5"," ","S","26","     0.6"," ","S","26","     0.2"," ","S","26","     2.3"," ","S","26","    24.6"," ","S","26","    19.6"," ","S","26","    14.6"," ","S","26","     9.8"," ","S","26","     8.0"," ","S","26","     5.5"," ","S","26","     0.6"," ","S","26","     0.2"," ","S","26","    17.3"," ","S","26","    16.0"," ","S","26","    11.2"," ","S","30","     5.6"," ","S","30","     2.6"," ","S","30","     0.7"," ","S","30","     0.1"," ","S","30","     0.0"," ","S","30","     0.0"," ","S","30","     0.0"," ","S","30","    0.03"," ","S","30","    0.10"," ","S","30","    0.22"," ","S","30","    0.49"," ","S","30","    6.40"," ","S","30","     0.0"," ","S","27","     0.0"," ","S","27","     0.0"," ","S","27","     0.0"," ","S","27","     0.0"," ","S","27","     0.0"," ","S","27","     0.0"," ","S","27","     0.0"," ","S","27"," -9999.0","M"," "," 0"," -9999.0","M"," "," 0"," -9999.0","M"," "," 0","     0.0"," ","S","26","    14.8"," ","S","26","     0.0"," ","S","27","     0.0"," ","S","27","     0.0"," ","S","27","     0.0"," ","S","27","     0.0"," ","S","27","     0.0"," ","S","27","     0.0"," ","S","27"," -9999.0","M"," "," 0"," -9999.0","M"," "," 0"," -9999.0","M"," "," 0"
"USC00424508","05-26"," 37.0286","-112.5361","1493.5","KANAB, UT US","05","26","99","    64.9"," ","S","26","    82.7"," ","S","30","    47.0"," ","S","26","    35.7"," ","S","26","     6.2"," ","S","26","     8.0"," ","S","30","     5.8"," ","S","26","     6.5"," ","S","26","     2.5"," ","S","26","     0.0"," ","S","26","     0.0","X","S","26","     0.0","X","S","26","     0.2"," ","S","26","     0.4"," ","S","26","     0.9"," ","S","26","     2.4"," ","S","26","    24.9"," ","S","26","    19.9"," ","S","26","    14.9"," ","S","26","    10.1"," ","S","26","     8.3"," ","S","26","     5.7"," ","S","26","     0.6"," ","S","26","     0.3"," ","S","26","     2.4"," ","S","26","    24.9"," ","S","26","    19.9"," ","S","26","    14.9"," ","S","26","    10.1"," ","S","26","     8.3"," ","S","26","     5.7"," ","S","26","     0.6"," ","S","26","     0.3"," ","S","26","    17.5"," ","S","26","    16.1"," ","S","26","    11.0"," ","S","30","     5.4"," ","S","30","     2.5"," ","S","30","     0.7"," ","S","30","     0.1"," ","S","30","     0.0"," ","S","30","     0.0"," ","S","30","     0.0"," ","S","30","    0.03"," ","S","30","    0.10"," ","S","30","    0.22"," ","S","30","    0.51"," ","S","30","    6.42"," ","S","30","     0.0"," ","S","27","     0.0"," ","S","27","     0.0"," ","S","27","     0.0"," ","S","27","     0.0"," ","S","27","     0.0"," ","S","27","     0.0"," ","S","27","     0.0"," ","S","27"," -9999.0","M"," "," 0"," -9999.0","M"," "," 0"," -9999.0","M"," "," 0","     0.0"," ","S","26","    14.8"," ","S","26","     0.0"," ","S","27","     0.0"," ","S","27","     0.0"," ","S","27","     0.0"," ","S","27","     0.0"," ","S","27","     0.0"," ","S","27","     0.0"," ","S","27"," -9999.0","M"," "," 0"," -9999.0","M"," "," 0"," -9999.0","M"," "," 0"
"USC00424508","05-27"," 37.0286","-112.5361","1493.5","KANAB, UT US","05","27","99","    65.2"," ","S","26","    83.1"," ","S","30","    47.2"," ","S","26","    35.9"," ","S","26","     6.2"," ","S","26","     7.9"," ","S","30","     5.8"," ","S","26","     6.5"," ","S","26","     2.4"," ","S","26","     0.0"," ","S","26","     0.0","X","S","26","     0.0","X","S","26","     0.2"," ","S","26","     0.4"," ","S","26","     0.8"," ","S","26","     2.5"," ","S","26","    25.2"," ","S","26","    20.2"," ","S","26","    15.2"," ","S","26","    10.4"," ","S","26","     8.5"," ","S","26","     6.0"," ","S","26","     0.6"," ","S","26","     0.3"," ","S","26","     2.5"," ","S","26","    25.2"," ","S","26","    20.2"," ","S","26","    15.2"," ","S","26","    10.4"," ","S","26","     8.5"," ","S","26","     6.0"," ","S","26","     0.6"," ","S","26","     0.3"," ","S","26","    17.7"," ","S","26","    16.3"," ","S","26","    10.8"," ","S","30","     5.3"," ","S","30","     2.5"," ","S","30","     0.7"," ","S","30","     0.1"," ","S","30","     0.0"," ","S","30","     0.0"," ","S","30","     0.0"," ","S","30","    0.03"," ","S","30","    0.10"," ","S","30","    0.23"," ","S","30","    0.52"," ","S","30","    6.43"," ","S","30","     0.0"," ","S","27","     0.0"," ","S","27","     0.0"," ","S","27","     0.0"," ","S","27","     0.0"," ","S","27","     0.0"," ","S","27","     0.0"," ","S","27","     0.0"," ","S","27"," -9999.0","M"," "," 0"," -9999.0","M"," "," 0"," -9999.0","M"," "," 0","     0.0"," ","S","26","    14.8"," ","S","26","     0.0"," ","S","27","     0.0"," ","S","27","     0.0"," ","S","27","     0.0"," ","S","27","     0.0"," ","S","27","     0.0"," ","S","27","     0.0"," ","S","27"," -9999.0","M"," "," 0"," -9999.0","M"," "," 0"," -9999.0","M"," "," 0"
"USC00424508","05-28"," 37.0286","-112.5361","1493.5","KANAB, UT US","05","28","99","    65.5"," ","S","26","    83.5"," ","S","30","    47.4"," ","S","26","    36.1"," ","S","26","     6.2"," ","S","26","     7.9"," ","S","30","     5.8"," ","S","26","     6.4"," ","S","26","     2.2"," ","S","26","     0.0"," ","S","26","     0.0","X","S","26","     0.0","X","S","26","     0.2"," ","S","26","     0.3"," ","S","26","     0.7"," ","S","26","     2.7"," ","S","26","    25.5"," ","S","26","    20.5"," ","S","26","    15.5"," ","S","26","    10.6"," ","S","26","     8.8"," ","S","26","     6.2"," ","S","26","     0.7"," ","S","26","     0.3"," ","S","26","     2.7"," ","S","26","    25.5"," ","S","26","    20.5"," ","S","26","    15.5"," ","S","26","    10.6"," ","S","26","     8.8"," ","S","26","     6.2"," ","S","26","     0.7"," ","S","26","     0.3"," ","S","26","    17.8"," ","S","26","    16.4"," ","S","26","    10.6"," ","S","30","     5.2"," ","S","30","     2.5"," ","S","30","     0.7"," ","S","30","     0.1"," ","S","30","     0.0"," ","S","30","     0.0"," ","S","30","     0.0"," ","S","30","    0.03"," ","S","30","    0.10"," ","S","30","    0.23"," ","S","30","    0.54"," ","S","30","    6.45"," ","S","30","     0.0"," ","S","27","     0.0"," ","S","27","     0.0"," ","S","27","     0.0"," ","S","27","     0.0"," ","S","27","     0.0"," ","S","27","     0.0"," ","S","27","     0.0"," ","S","27"," -9999.0","M"," "," 0"," -9999.0","M"," "," 0"," -9999.0","M"," "," 0","     0.0"," ","S","26","    14.8"," ","S","26","     0.0"," ","S","27","     0.0"," ","S","27","     0.0"," ","S","27","     0.0"," ","S","27","     0.0"," ","S","27","     0.0"," ","S","27","     0.0"," ","S","27"," -9999.0","M"," "," 0"," -9999.0","M"," "," 0"," -9999.0","M"," "," 0"
"USC00424508","05-29"," 37.0286","-112.5361","1493.5","KANAB, UT US","05","29","99","    65.8"," ","S","26","    83.9"," ","S","30","    47.7"," ","S","26","    36.3"," ","S","26","     6.1"," ","S","26","     7.9"," ","S","30","     5.8"," ","S","26","     6.4"," ","S","26","     2.1"," ","S","26","     0.0"," ","S","26","     0.0"," ","S","26","     0.0","X","S","26","     0.1"," ","S","26","     0.3"," ","S","26","     0.7"," ","S","26","     2.9"," ","S","26","    25.8"," ","S","26","    20.8"," ","S","26","    15.8"," ","S","26","    10.9"," ","S","26","     9.1"," ","S","26","     6.5"," ","S","26","     0.8"," ","S","26","     0.3"," ","S","26","     2.9"," ","S","26","    25.8"," ","S","26","    20.8"," ","S","26","    15.8"," ","S","26","    10.9"," ","S","26","     9.1"," ","S","26","     6.5"," ","S","26","     0.8"," ","S","26","     0.3"," ","S","26","    18.0"," ","S","26","    16.5"," ","S","26","    10.4"," ","S","30","     5.1"," ","S","30","     2.4"," ","S","30","     0.6"," ","S","30","     0.1"," ","S","30","     0.0"," ","S","30","     0.0"," ","S","30","     0.0"," ","S","30","    0.03"," ","S","30","    0.10"," ","S","30","    0.23"," ","S","30","    0.56"," ","S","30","    6.47"," ","S","30","     0.0"," ","S","27","     0.0"," ","S","27","     0.0"," ","S","27","     0.0"," ","S","27","     0.0"," ","S","27","     0.0"," ","S","27","     0.0"," ","S","27","     0.0"," ","S","27"," -9999.0","M"," "," 0"," -9999.0","M"," "," 0"," -9999.0","M"," "," 0","     0.0"," ","S","26","    14.8"," ","S","26","     0.0"," ","S","27","     0.0"," ","S","27","     0.0"," ","S","27","     0.0"," ","S","27","     0.0"," ","S","27","     0.0"," ","S","27","     0.0"," ","S","27"," -9999.0","M"," "," 0"," -9999.0","M"," "," 0"," -9999.0","M"," "," 0"
"USC00424508","05-30"," 37.0286","-112.5361","1493.5","KANAB, UT US","05","30","99","    66.1"," ","S","26","    84.3"," ","S","30","    47.9"," ","S","26","    36.4"," ","S","26","     6.1"," ","S","26","     7.8"," ","S","30","     5.8"," ","S","26","     6.4"," ","S","26","     1.9"," ","S","26","     0.0"," ","S","26","     0.0"," ","S","26","     0.0","X","S","26","     0.1"," ","S","26","     0.2"," ","S","26","     0.6"," ","S","26","     3.0"," ","S","26","    26.1"," ","S","26","    21.1"," ","S","26","    16.1"," ","S","26","    11.2"," ","S","26","     9.3"," ","S","26","     6.7"," ","S","26","     0.8"," ","S","26","     0.4"," ","S","26","     3.0"," ","S","26","    26.1"," ","S","26","    21.1"," ","S","26","    16.1"," ","S","26","    11.2"," ","S","26","     9.3"," ","S","26","     6.7"," ","S","26","     0.8"," ","S","26","     0.4"," ","S","26","    18.1"," ","S","26","    16.7"," ","S","26","    10.2"," ","S","30","     5.0"," ","S","30","     2.4"," ","S","30","     0.6"," ","S","30","     0.1"," ","S","30","     0.0"," ","S","30","     0.0"," ","S","30","     0.0"," ","S","30","    0.03"," ","S","30","    0.10"," ","S","30","    0.23"," ","S","30","    0.57"," ","S","30","    6.48"," ","S","30","     0.0"," ","S","27","     0.0"," ","S","27","     0.0"," ","S","27","     0.0"," ","S","27","     0.0"," ","S","27","     0.0"," ","S","27","     0.0"," ","S","27","     0.0"," ","S","27"," -9999.0","M"," "," 0"," -9999.0","M"," "," 0"," -9999.0","M"," "," 0","     0.0"," ","S","26","    14.8"," ","S","26","     0.0"," ","S","27","     0.0"," ","S","27","     0.0"," ","S","27","     0.0"," ","S","27","     0.0"," ","S","27","     0.0"," ","S","27","     0.0"," ","S","27"," -9999.0","M"," "," 0"," -9999.0","M"," "," 0"," -9999.0","M"," "," 0"
"USC00424508","05-31"," 37.0286","-112.5361","1493.5","KANAB, UT US","05","31","99","    66.4"," ","S","26","    84.7"," ","S","30","    48.1"," ","S","26","    36.6"," ","S","26","     6.1"," ","S","26","     7.8"," ","S","30","     5.8"," ","S","26","     6.4"," ","S","26","     1.8"," ","S","26","     0.0"," ","S","26","     0.0"," ","S","26","     0.0","X","S","26","     0.1"," ","S","26","     0.2"," ","S","26","     0.6"," ","S","26","     3.2"," ","S","26","    26.4"," ","S","26","    21.4"," ","S","26","    16.4"," ","S","26","    11.5"," ","S","26","     9.6"," ","S","26","     7.0"," ","S","26","     0.9"," ","S","26","     0.5"," ","S","26","     3.2"," ","S","26","    26.4"," ","S","26","    21.4"," ","S","26","    16.4"," ","S","26","    11.5"," ","S","26","     9.6"," ","S","26","     7.0"," ","S","26","     0.9"," ","S","26","     0.5"," ","S","26","    18.3"," ","S","26","    16.8"," ","S","26","    10.0"," ","S","30","     4.9"," ","S","30","     2.3"," ","S","30","     0.6"," ","S","30","     0.1"," ","S","30","     0.0"," ","S","30","     0.0"," ","S","30","     0.0"," ","S","30","    0.03"," ","S","30","    0.10"," ","S","30","    0.23"," ","S","30","    0.59"," ","S","30","    6.50"," ","S","30","     0.0"," ","S","27","     0.0"," ","S","27","     0.0"," ","S","27","     0.0"," ","S","27","     0.0"," ","S","27","     0.0"," ","S","27","     0.0"," ","S","27","     0.0"," ","S","27"," -9999.0","M"," "," 0"," -9999.0","M"," "," 0"," -9999.0","M"," "," 0","     0.0"," ","S","26","    14.8"," ","S","26","     0.0"," ","S","27","     0.0"," ","S","27","     0.0"," ","S","27","     0.0"," ","S","27","     0.0"," ","S","27","     0.0"," ","S","27","     0.0"," ","S","27"," -9999.0","M"," "," 0"," -9999.0","M"," "," 0"," -9999.0","M"," "," 0"
"USC00424508","06-01"," 37.0286","-112.5361","1493.5","KANAB, UT US","06","01","99","    66.7"," ","S","26","    85.1"," ","S","30","    48.3"," ","S","26","    36.8"," ","S","26","     6.0"," ","S","26","     7.7"," ","S","30","     5.8"," ","S","26","     6.3"," ","S","26","     1.7"," ","S","26","     0.0"," ","S","26","     0.0"," ","S","26","     0.0","X","S","26","     0.1"," ","S","26","     0.2"," ","S","26","     0.5"," ","S","26","     3.4"," ","S","26","    26.7"," ","S","26","    21.7"," ","S","26","    16.7"," ","S","26","    11.8"," ","S","26","     9.9"," ","S","26","     7.2"," ","S","26","     1.1"," ","S","26","     0.5"," ","S","26","     3.4"," ","S","26","    26.7"," ","S","26","    21.7"," ","S","26","    16.7"," ","S","26","    11.8"," ","S","26","     9.9"," ","S","26","     7.2"," ","S","26","     1.1"," ","S","26","     0.5"," ","S","26","    18.5"," ","S","26","    17.0"," ","S","26","     9.8"," ","S","30","     4.8"," ","S","30","     2.3"," ","S","30","     0.6"," ","S","30"," -9999.0","Z"," "," 0","     0.0"," ","S","30","     0.0"," ","S","30","     0.0"," ","S","30","    0.03"," ","S","30","    0.10"," ","S","30","    0.23"," ","S","30","    0.01"," ","S","28","    6.51"," ","S","28","     0.0"," ","S","27","     0.0"," ","S","27","     0.0"," ","S","27","     0.0"," ","S","27","     0.0"," ","S","27","     0.0"," ","S","27","     0.0"," ","S","27","     0.0"," ","S","27"," -9999.0","M"," "," 0"," -9999.0","M"," "," 0"," -9999.0","M"," "," 0","     0.0"," ","S","26","    14.8"," ","S","26","     0.0"," ","S","27","     0.0"," ","S","27","     0.0"," ","S","27","     0.0"," ","S","27","     0.0"," ","S","27","     0.0"," ","S","27","     0.0"," ","S","27"," -9999.0","M"," "," 0"," -9999.0","M"," "," 0"," -9999.0","M"," "," 0"
"USC00424508","06-02"," 37.0286","-112.5361","1493.5","KANAB, UT US","06","02","99","    67.0"," ","S","26","    85.5"," ","S","30","    48.6"," ","S","26","    36.9"," ","S","26","     6.0"," ","S","26","     7.7"," ","S","30","     5.8"," ","S","26","     6.3"," ","S","26","     1.6"," ","S","26","     0.0"," ","S","26","     0.0"," ","S","26","     0.0","X","S","26","     0.1"," ","S","26","     0.2"," ","S","26","     0.5"," ","S","26","     3.6"," ","S","26","    27.0"," ","S","26","    22.0"," ","S","26","    17.0"," ","S","26","    12.1"," ","S","26","    10.2"," ","S","26","     7.5"," ","S","26","     1.2"," ","S","26","     0.6"," ","S","26","     3.6"," ","S","26","    27.0"," ","S","26","    22.0"," ","S","26","    17.0"," ","S","26","    12.1"," ","S","26","    10.2"," ","S","26","     7.5"," ","S","26","     1.2"," ","S","26","     0.6"," ","S","26","    18.7"," ","S","26","    17.2"," ","S","26","     9.6"," ","S","30","     4.7"," ","S","30","     2.2"," ","S","30","     0.5"," ","S","30"," -9999.0","Z"," "," 0","     0.0"," ","S","30","     0.0"," ","S","30","     0.0"," ","S","30","    0.03"," ","S","30","    0.10"," ","S","30","    0.23"," ","S","30","    0.02"," ","S","28","    6.52"," ","S","28","     0.0"," ","S","27","     0.0"," ","S","27","     0.0"," ","S","27","     0.0"," ","S","27","     0.0"," ","S","27","     0.0"," ","S","27","     0.0"," ","S","27","     0.0"," ","S","27"," -9999.0","M"," "," 0"," -9999.0","M"," "," 0"," -9999.0","M"," "," 0","     0.0"," ","S","26","    14.8"," ","S","26","     0.0"," ","S","27","     0.0"," ","S","27","     0.0"," ","S","27","     0.0"," ","S","27","     0.0"," ","S","27","     0.0"," ","S","27","     0.0"," ","S","27"," -9999.0","M"," "," 0"," -9999.0","M"," "," 0"," -9999.0","M"," "," 0"
"USC00424508","06-03"," 37.0286","-112.5361","1493.5","KANAB, UT US","06","03","99","    67.3"," ","S","26","    85.8"," ","S","30","    48.8"," ","S","26","    37.0"," ","S","26","     6.0"," ","S","26","     7.6"," ","S","30","     5.7"," ","S","26","     6.3"," ","S","26","     1.5"," ","S","26","     0.0"," ","S","26","     0.0"," ","S","26","     0.0","X","S","26","     0.1"," ","S","26","     0.2"," ","S","26","     0.4"," ","S","26","     3.8"," ","S","26","    27.3"," ","S","26","    22.3"," ","S","26","    17.3"," ","S","26","    12.4"," ","S","26","    10.5"," ","S","26","     7.7"," ","S","26","     1.3"," ","S","26","     0.7"," ","S","26","     3.8"," ","S","26","    27.3"," ","S","26","    22.3"," ","S","26","    17.3"," ","S","26","    12.4"," ","S","26","    10.5"," ","S","26","     7.7"," ","S","26","     1.3"," ","S","26","     0.7"," ","S","26","    18.8"," ","S","26","    17.3"," ","S","26","     9.5"," ","S","30","     4.6"," ","S","30","     2.2"," ","S","30","     0.5"," ","S","30"," -9999.0","Z"," "," 0","     0.0"," ","S","30","     0.0"," ","S","30","     0.0"," ","S","30","    0.03"," ","S","30","    0.10"," ","S","30","    0.23"," ","S","30","    0.04"," ","S","28","    6.54"," ","S","28","     0.0"," ","S","27","     0.0"," ","S","27","     0.0"," ","S","27","     0.0"," ","S","27","     0.0"," ","S","27","     0.0"," ","S","27","     0.0"," ","S","27","     0.0"," ","S","27"," -9999.0","M"," "," 0"," -9999.0","M"," "," 0"," -9999.0","M"," "," 0","     0.0"," ","S","26","    14.8"," ","S","26","     0.0"," ","S","27","     0.0"," ","S","27","     0.0"," ","S","27","     0.0"," ","S","27","     0.0"," ","S","27","     0.0"," ","S","27","     0.0"," ","S","27"," -9999.0","M"," "," 0"," -9999.0","M"," "," 0"," -9999.0","M"," "," 0"
"USC00424508","06-04"," 37.0286","-112.5361","1493.5","KANAB, UT US","06","04","99","    67.6"," ","S","26","    86.2"," ","S","30","    49.1"," ","S","26","    37.1"," ","S","26","     5.9"," ","S","26","     7.5"," ","S","30","     5.7"," ","S","26","     6.2"," ","S","26","     1.4"," ","S","26","     0.0"," ","S","26","     0.0"," ","S","26","     0.0","X","S","26","     0.1"," ","S","26","     0.2"," ","S","26","     0.4"," ","S","26","     4.0"," ","S","26","    27.6"," ","S","26","    22.6"," ","S","26","    17.6"," ","S","26","    12.7"," ","S","26","    10.8"," ","S","26","     8.0"," ","S","26","     1.3"," ","S","26","     0.7"," ","S","26","     4.0"," ","S","26","    27.6"," ","S","26","    22.6"," ","S","26","    17.6"," ","S","26","    12.7"," ","S","26","    10.8"," ","S","26","     8.0"," ","S","26","     1.3"," ","S","26","     0.7"," ","S","26","    19.0"," ","S","26","    17.5"," ","S","26","     9.3"," ","S","30","     4.5"," ","S","30","     2.1"," ","S","30","     0.5"," ","S","30"," -9999.0","Z"," "," 0","     0.0"," ","S","30","     0.0"," ","S","30","     0.0"," ","S","30","-9999.00","Y"," "," 0","-9999.00","Y"," "," 0","-9999.00","Y"," "," 0","    0.05"," ","S","28","    6.55"," ","S","28","     0.0"," ","S","27","     0.0"," ","S","27","     0.0"," ","S","27","     0.0"," ","S","27","     0.0"," ","S","27","     0.0"," ","S","27","     0.0"," ","S","27","     0.0"," ","S","27"," -9999.0","M"," "," 0"," -9999.0","M"," "," 0"," -9999.0","M"," "," 0","     0.0"," ","S","26","    14.8"," ","S","26","     0.0"," ","S","27","     0.0"," ","S","27","     0.0"," ","S","27","     0.0"," ","S","27","     0.0"," ","S","27","     0.0"," ","S","27","     0.0"," ","S","27"," -9999.0","M"," "," 0"," -9999.0","M"," "," 0"," -9999.0","M"," "," 0"
"USC00424508","06-05"," 37.0286","-112.5361","1493.5","KANAB, UT US","06","05","99","    67.9"," ","S","26","    86.6"," ","S","30","    49.3"," ","S","26","    37.3"," ","S","26","     5.9"," ","S","26","     7.4"," ","S","30","     5.7"," ","S","26","     6.2"," ","S","26","     1.3"," ","S","26","     0.0"," ","S","26","     0.0"," ","S","26","     0.0","X","S","26","     0.1"," ","S","26","     0.1"," ","S","26","     0.3"," ","S","26","     4.2"," ","S","26","    27.9"," ","S","26","    22.9"," ","S","26","    18.0"," ","S","26","    13.0"," ","S","26","    11.1"," ","S","26","     8.3"," ","S","26","     1.4"," ","S","26","     0.7"," ","S","26","     4.2"," ","S","26","    27.9"," ","S","26","    22.9"," ","S","26","    18.0"," ","S","26","    13.0"," ","S","26","    11.1"," ","S","26","     8.3"," ","S","26","     1.4"," ","S","26","     0.7"," ","S","26","    19.1"," ","S","26","    17.6"," ","S","26","     9.2"," ","S","30","     4.4"," ","S","30","     2.1"," ","S","30","     0.5"," ","S","30"," -9999.0","Z"," "," 0","     0.0"," ","S","30","     0.0"," ","S","30","     0.0"," ","S","30","-9999.00","Y"," "," 0","-9999.00","Y"," "," 0","-9999.00","Y"," "," 0","    0.06"," ","S","28","    6.56"," ","S","28","     0.0"," ","S","27","     0.0"," ","S","27","     0.0"," ","S","27","     0.0"," ","S","27","     0.0"," ","S","27","     0.0"," ","S","27","     0.0"," ","S","27","     0.0"," ","S","27"," -9999.0","M"," "," 0"," -9999.0","M"," "," 0"," -9999.0","M"," "," 0","     0.0"," ","S","26","    14.8"," ","S","26","     0.0"," ","S","27","     0.0"," ","S","27","     0.0"," ","S","27","     0.0"," ","S","27","     0.0"," ","S","27","     0.0"," ","S","27","     0.0"," ","S","27"," -9999.0","M"," "," 0"," -9999.0","M"," "," 0"," -9999.0","M"," "," 0"
"USC00424508","06-06"," 37.0286","-112.5361","1493.5","KANAB, UT US","06","06","99","    68.2"," ","S","26","    86.9"," ","S","30","    49.6"," ","S","26","    37.4"," ","S","26","     5.8"," ","S","26","     7.4"," ","S","30","     5.7"," ","S","26","     6.1"," ","S","26","     1.2"," ","S","26","     0.0"," ","S","26","     0.0"," ","S","26","     0.0","X","S","26","     0.1"," ","S","26","     0.1"," ","S","26","     0.3"," ","S","26","     4.4"," ","S","26","    28.2"," ","S","26","    23.2"," ","S","26","    18.3"," ","S","26","    13.3"," ","S","26","    11.4"," ","S","26","     8.5"," ","S","26","     1.5"," ","S","26","     0.8"," ","S","26","     4.4"," ","S","26","    28.2"," ","S","26","    23.2"," ","S","26","    18.3"," ","S","26","    13.3"," ","S","26","    11.4"," ","S","26","     8.5"," ","S","26","     1.5"," ","S","26","     0.8"," ","S","26","    19.3"," ","S","26","    17.7"," ","S","26","     9.0"," ","S","30","     4.3"," ","S","30","     2.0"," ","S","30","     0.4"," ","S","30"," -9999.0","Z"," "," 0","     0.0"," ","S","30","     0.0"," ","S","30","     0.0"," ","S","30","-9999.00","Y"," "," 0","-9999.00","Y"," "," 0","-9999.00","Y"," "," 0","    0.07"," ","S","28","    6.57"," ","S","28","     0.0"," ","S","27","     0.0"," ","S","27","     0.0"," ","S","27","     0.0"," ","S","27","     0.0"," ","S","27","     0.0"," ","S","27","     0.0"," ","S","27","     0.0"," ","S","27"," -9999.0","M"," "," 0"," -9999.0","M"," "," 0"," -9999.0","M"," "," 0","     0.0"," ","S","26","    14.8"," ","S","26","     0.0"," ","S","27","     0.0"," ","S","27","     0.0"," ","S","27","     0.0"," ","S","27","     0.0"," ","S","27","     0.0"," ","S","27","     0.0"," ","S","27"," -9999.0","M"," "," 0"," -9999.0","M"," "," 0"," -9999.0","M"," "," 0"
"USC00424508","06-07"," 37.0286","-112.5361","1493.5","KANAB, UT US","06","07","99","    68.6"," ","S","26","    87.3"," ","S","30","    49.8"," ","S","26","    37.4"," ","S","26","     5.8"," ","S","26","     7.3"," ","S","30","     5.7"," ","S","26","     6.1"," ","S","26","     1.1"," ","S","26","     0.0"," ","S","26","     0.0"," ","S","26","     0.0","X","S","26","     0.1"," ","S","26","     0.1"," ","S","26","     0.3"," ","S","26","     4.6"," ","S","26","    28.6"," ","S","26","    23.6"," ","S","26","    18.6"," ","S","26","    13.6"," ","S","26","    11.7"," ","S","26","     8.8"," ","S","26","     1.6"," ","S","26","     0.8"," ","S","26","     4.6"," ","S","26","    28.6"," ","S","26","    23.6"," ","S","26","    18.6"," ","S","26","    13.6"," ","S","26","    11.7"," ","S","26","     8.8"," ","S","26","     1.6"," ","S","26","     0.8"," ","S","26","    19.4"," ","S","26","    17.9"," ","S","26","     8.9"," ","S","30","     4.2"," ","S","30","     2.0"," ","S","30","     0.4"," ","S","30"," -9999.0","Z"," "," 0","     0.0"," ","S","30","     0.0"," ","S","30","     0.0"," ","S","30","-9999.00","Y"," "," 0","-9999.00","Y"," "," 0","-9999.00","Y"," "," 0","    0.08"," ","S","28","    6.58"," ","S","28","     0.0"," ","S","27","     0.0"," ","S","27","     0.0"," ","S","27","     0.0"," ","S","27","     0.0"," ","S","27","     0.0"," ","S","27","     0.0"," ","S","27","     0.0"," ","S","27"," -9999.0","M"," "," 0"," -9999.0","M"," "," 0"," -9999.0","M"," "," 0","     0.0"," ","S","26","    14.8"," ","S","26","     0.0"," ","S","27","     0.0"," ","S","27","     0.0"," ","S","27","     0.0"," ","S","27","     0.0"," ","S","27","     0.0"," ","S","27","     0.0"," ","S","27"," -9999.0","M"," "," 0"," -9999.0","M"," "," 0"," -9999.0","M"," "," 0"
"USC00424508","06-08"," 37.0286","-112.5361","1493.5","KANAB, UT US","06","08","99","    68.9"," ","S","26","    87.6"," ","S","30","    50.1"," ","S","26","    37.5"," ","S","26","     5.7"," ","S","26","     7.2"," ","S","30","     5.7"," ","S","26","     6.1"," ","S","26","     1.0"," ","S","26","     0.0"," ","S","26","     0.0"," ","S","26","     0.0","X","S","26","     0.1"," ","S","26","     0.1"," ","S","26","     0.3"," ","S","26","     4.9"," ","S","26","    28.9"," ","S","26","    23.9"," ","S","26","    18.9"," ","S","26","    13.9"," ","S","26","    12.0"," ","S","26","     9.1"," ","S","26","     1.7"," ","S","26","     0.9"," ","S","26","     4.9"," ","S","26","    28.9"," ","S","26","    23.9"," ","S","26","    18.9"," ","S","26","    13.9"," ","S","26","    12.0"," ","S","26","     9.1"," ","S","26","     1.7"," ","S","26","     0.9"," ","S","26","    19.6"," ","S","26","    18.0"," ","S","26","     8.8"," ","S","30","     4.1"," ","S","30","     2.0"," ","S","30","     0.4"," ","S","30"," -9999.0","Z"," "," 0","     0.0"," ","S","30","     0.0"," ","S","30","     0.0"," ","S","30","-9999.00","Y"," "," 0","-9999.00","Y"," "," 0","-9999.00","Y"," "," 0","    0.08"," ","S","28","    6.58"," ","S","28","     0.0"," ","S","27","     0.0"," ","S","27","     0.0"," ","S","27","     0.0"," ","S","27","     0.0"," ","S","27","     0.0"," ","S","27","     0.0"," ","S","27","     0.0"," ","S","27"," -9999.0","M"," "," 0"," -9999.0","M"," "," 0"," -9999.0","M"," "," 0","     0.0"," ","S","26","    14.8"," ","S","26","     0.0"," ","S","27","     0.0"," ","S","27","     0.0"," ","S","27","     0.0"," ","S","27","     0.0"," ","S","27","     0.0"," ","S","27","     0.0"," ","S","27"," -9999.0","M"," "," 0"," -9999.0","M"," "," 0"," -9999.0","M"," "," 0"
"USC00424508","06-09"," 37.0286","-112.5361","1493.5","KANAB, UT US","06","09","99","    69.2"," ","S","26","    88.0"," ","S","30","    50.4"," ","S","26","    37.6"," ","S","26","     5.7"," ","S","26","     7.1"," ","S","30","     5.6"," ","S","26","     6.0"," ","S","26","     1.0"," ","S","26","     0.0"," ","S","26","     0.0"," ","S","26","     0.0","X","S","26","     0.1"," ","S","26","     0.1"," ","S","26","     0.3"," ","S","26","     5.1"," ","S","26","    29.2"," ","S","26","    24.2"," ","S","26","    19.2"," ","S","26","    14.2"," ","S","26","    12.3"," ","S","26","     9.4"," ","S","26","     1.9"," ","S","26","     1.0"," ","S","26","     5.1"," ","S","26","    29.2"," ","S","26","    24.2"," ","S","26","    19.2"," ","S","26","    14.2"," ","S","26","    12.3"," ","S","26","     9.4"," ","S","26","     1.9"," ","S","26","     1.0"," ","S","26","    19.7"," ","S","26","    18.1"," ","S","26","     8.8"," ","S","30","     4.1"," ","S","30","     1.9"," ","S","30","     0.4"," ","S","30"," -9999.0","Z"," "," 0","     0.0"," ","S","30","     0.0"," ","S","30","     0.0"," ","S","30","-9999.00","Y"," "," 0","-9999.00","Y"," "," 0","-9999.00","Y"," "," 0","    0.09"," ","S","28","    6.59"," ","S","28","     0.0"," ","S","27","     0.0"," ","S","27","     0.0"," ","S","27","     0.0"," ","S","27","     0.0"," ","S","27","     0.0"," ","S","27","     0.0"," ","S","27","     0.0"," ","S","27"," -9999.0","M"," "," 0"," -9999.0","M"," "," 0"," -9999.0","M"," "," 0","     0.0"," ","S","26","    14.8"," ","S","26","     0.0"," ","S","27","     0.0"," ","S","27","     0.0"," ","S","27","     0.0"," ","S","27","     0.0"," ","S","27","     0.0"," ","S","27","     0.0"," ","S","27"," -9999.0","M"," "," 0"," -9999.0","M"," "," 0"," -9999.0","M"," "," 0"
"USC00424508","06-10"," 37.0286","-112.5361","1493.5","KANAB, UT US","06","10","99","    69.5"," ","S","26","    88.3"," ","S","30","    50.7"," ","S","26","    37.6"," ","S","26","     5.6"," ","S","26","     7.1"," ","S","30","     5.6"," ","S","26","     6.0"," ","S","26","     0.9"," ","S","26","     0.0"," ","S","26","     0.0"," ","S","26","     0.0","X","S","26","     0.1"," ","S","26","     0.1"," ","S","26","     0.3"," ","S","26","     5.4"," ","S","26","    29.5"," ","S","26","    24.5"," ","S","26","    19.5"," ","S","26","    14.5"," ","S","26","    12.6"," ","S","26","     9.7"," ","S","26","     2.0"," ","S","26","     1.1"," ","S","26","     5.4"," ","S","26","    29.5"," ","S","26","    24.5"," ","S","26","    19.5"," ","S","26","    14.5"," ","S","26","    12.6"," ","S","26","     9.7"," ","S","26","     2.0"," ","S","26","     1.1"," ","S","26","    19.9"," ","S","26","    18.2"," ","S","26","     8.7"," ","S","30","     4.1"," ","S","30","     1.9"," ","S","30","     0.4"," ","S","30"," -9999.0","Z"," "," 0","     0.0"," ","S","30","     0.0"," ","S","30","     0.0"," ","S","30","-9999.00","Y"," "," 0","-9999.00","Y"," "," 0","-9999.00","Y"," "," 0","    0.10"," ","S","28","    6.60"," ","S","28","     0.0"," ","S","27","     0.0"," ","S","27","     0.0"," ","S","27","     0.0"," ","S","27","     0.0"," ","S","27","     0.0"," ","S","27","     0.0"," ","S","27","     0.0"," ","S","27"," -9999.0","M"," "," 0"," -9999.0","M"," "," 0"," -9999.0","M"," "," 0","     0.0"," ","S","26","    14.8"," ","S","26","     0.0"," ","S","27","     0.0"," ","S","27","     0.0"," ","S","27","     0.0"," ","S","27","     0.0"," ","S","27","     0.0"," ","S","27","     0.0"," ","S","27"," -9999.0","M"," "," 0"," -9999.0","M"," "," 0"," -9999.0","M"," "," 0"
"USC00424508","06-11"," 37.0286","-112.5361","1493.5","KANAB, UT US","06","11","99","    69.8"," ","S","26","    88.6"," ","S","30","    50.9"," ","S","26","    37.7"," ","S","26","     5.6"," ","S","26","     7.0"," ","S","30","     5.6"," ","S","26","     5.9"," ","S","26","     0.9"," ","S","26","     0.0"," ","S","26","     0.0"," ","S","26","     0.0","X","S","26","     0.1"," ","S","26","     0.1"," ","S","26","     0.2"," ","S","26","     5.6"," ","S","26","    29.8"," ","S","26","    24.8"," ","S","26","    19.8"," ","S","26","    14.8"," ","S","26","    12.9"," ","S","26","    10.0"," ","S","26","     2.2"," ","S","26","     1.2"," ","S","26","     5.6"," ","S","26","    29.8"," ","S","26","    24.8"," ","S","26","    19.8"," ","S","26","    14.8"," ","S","26","    12.9"," ","S","26","    10.0"," ","S","26","     2.2"," ","S","26","     1.2"," ","S","26","    20.1"," ","S","26","    18.4"," ","S","26","     8.7"," ","S","30","     4.0"," ","S","30","     1.9"," ","S","30","     0.4"," ","S","30"," -9999.0","Z"," "," 0","     0.0"," ","S","30","     0.0"," ","S","30","     0.0"," ","S","30","-9999.00","Y"," "," 0","-9999.00","Y"," "," 0","-9999.00","Y"," "," 0","    0.11"," ","S","28","    6.61"," ","S","28","     0.0"," ","S","27","     0.0"," ","S","27","     0.0"," ","S","27","     0.0"," ","S","27","     0.0"," ","S","27","     0.0"," ","S","27","     0.0"," ","S","27","     0.0"," ","S","27"," -9999.0","M"," "," 0"," -9999.0","M"," "," 0"," -9999.0","M"," "," 0","     0.0"," ","S","26","    14.8"," ","S","26","     0.0"," ","S","27","     0.0"," ","S","27","     0.0"," ","S","27","     0.0"," ","S","27","     0.0"," ","S","27","     0.0"," ","S","27","     0.0"," ","S","27"," -9999.0","M"," "," 0"," -9999.0","M"," "," 0"," -9999.0","M"," "," 0"
"USC00424508","06-12"," 37.0286","-112.5361","1493.5","KANAB, UT US","06","12","99","    70.1"," ","S","26","    88.9"," ","S","30","    51.2"," ","S","26","    37.7"," ","S","26","     5.6"," ","S","26","     6.9"," ","S","30","     5.6"," ","S","26","     5.9"," ","S","26","     0.8"," ","S","26","     0.0"," ","S","26","     0.0"," ","S","26","     0.0","X","S","26","     0.1"," ","S","26","     0.1"," ","S","26","     0.2"," ","S","26","     5.9"," ","S","26","    30.1"," ","S","26","    25.1"," ","S","26","    20.1"," ","S","26","    15.1"," ","S","26","    13.2"," ","S","26","    10.3"," ","S","26","     2.3"," ","S","26","     1.3"," ","S","26","     5.9"," ","S","26","    30.1"," ","S","26","    25.1"," ","S","26","    20.1"," ","S","26","    15.1"," ","S","26","    13.2"," ","S","26","    10.3"," ","S","26","     2.3"," ","S","26","     1.3"," ","S","26","    20.2"," ","S","26","    18.5"," ","S","26","     8.7"," ","S","30","     4.0"," ","S","30","     1.9"," ","S","30","     0.4"," ","S","30"," -9999.0","Z"," "," 0","     0.0"," ","S","30","     0.0"," ","S","30","     0.0"," ","S","30","-9999.00","Y"," "," 0","-9999.00","Y"," "," 0","-9999.00","Y"," "," 0","    0.11"," ","S","28","    6.61"," ","S","28","     0.0"," ","S","27","     0.0"," ","S","27","     0.0"," ","S","27","     0.0"," ","S","27","     0.0"," ","S","27","     0.0"," ","S","27","     0.0"," ","S","27","     0.0"," ","S","27"," -9999.0","M"," "," 0"," -9999.0","M"," "," 0"," -9999.0","M"," "," 0","     0.0"," ","S","26","    14.8"," ","S","26","     0.0"," ","S","27","     0.0"," ","S","27","     0.0"," ","S","27","     0.0"," ","S","27","     0.0"," ","S","27","     0.0"," ","S","27","     0.0"," ","S","27"," -9999.0","M"," "," 0"," -9999.0","M"," "," 0"," -9999.0","M"," "," 0"
"USC00424508","06-13"," 37.0286","-112.5361","1493.5","KANAB, UT US","06","13","99","    70.4"," ","S","26","    89.2"," ","S","30","    51.5"," ","S","26","    37.7"," ","S","26","     5.5"," ","S","26","     6.8"," ","S","30","     5.6"," ","S","26","     5.9"," ","S","26","     0.7"," ","S","26","     0.0"," ","S","26","     0.0"," ","S","26","     0.0","X","S","26","     0.0","X","S","26","     0.1"," ","S","26","     0.2"," ","S","26","     6.1"," ","S","26","    30.4"," ","S","26","    25.4"," ","S","26","    20.4"," ","S","26","    15.4"," ","S","26","    13.5"," ","S","26","    10.6"," ","S","26","     2.4"," ","S","26","     1.4"," ","S","26","     6.1"," ","S","26","    30.4"," ","S","26","    25.4"," ","S","26","    20.4"," ","S","26","    15.4"," ","S","26","    13.5"," ","S","26","    10.6"," ","S","26","     2.4"," ","S","26","     1.4"," ","S","26","    20.4"," ","S","26","    18.7"," ","S","26","     8.7"," ","S","30","     4.0"," ","S","30","     1.9"," ","S","30","     0.3"," ","S","30"," -9999.0","Z"," "," 0","     0.0"," ","S","30","     0.0"," ","S","30","     0.0"," ","S","30","-9999.00","Y"," "," 0","-9999.00","Y"," "," 0","-9999.00","Y"," "," 0","    0.12"," ","S","28","    6.62"," ","S","28","     0.0"," ","S","27","     0.0"," ","S","27","     0.0"," ","S","27","     0.0"," ","S","27","     0.0"," ","S","27","     0.0"," ","S","27","     0.0"," ","S","27","     0.0"," ","S","27"," -9999.0","M"," "," 0"," -9999.0","M"," "," 0"," -9999.0","M"," "," 0","     0.0"," ","S","26","    14.8"," ","S","26","     0.0"," ","S","27","     0.0"," ","S","27","     0.0"," ","S","27","     0.0"," ","S","27","     0.0"," ","S","27","     0.0"," ","S","27","     0.0"," ","S","27"," -9999.0","M"," "," 0"," -9999.0","M"," "," 0"," -9999.0","M"," "," 0"
"USC00424508","06-14"," 37.0286","-112.5361","1493.5","KANAB, UT US","06","14","99","    70.7"," ","S","26","    89.5"," ","S","30","    51.9"," ","S","26","    37.7"," ","S","26","     5.5"," ","S","26","     6.8"," ","S","30","     5.7"," ","S","26","     5.9"," ","S","26","     0.6"," ","S","26","     0.0"," ","S","26","     0.0"," ","S","26","     0.0","X","S","26","     0.0","X","S","26","     0.1"," ","S","26","     0.1"," ","S","26","     6.3"," ","S","26","    30.7"," ","S","26","    25.7"," ","S","26","    20.7"," ","S","26","    15.7"," ","S","26","    13.8"," ","S","26","    10.8"," ","S","26","     2.5"," ","S","26","     1.5"," ","S","26","     6.3"," ","S","26","    30.7"," ","S","26","    25.7"," ","S","26","    20.7"," ","S","26","    15.7"," ","S","26","    13.8"," ","S","26","    10.8"," ","S","26","     2.5"," ","S","26","     1.5"," ","S","26","    20.6"," ","S","26","    18.9"," ","S","26","     8.7"," ","S","30","     4.0"," ","S","30","     1.9"," ","S","30","     0.3"," ","S","30"," -9999.0","Z"," "," 0","     0.0"," ","S","30","     0.0"," ","S","30","     0.0"," ","S","30","-9999.00","Y"," "," 0","-9999.00","Y"," "," 0","-9999.00","Y"," "," 0","    0.13"," ","S","28","    6.63"," ","S","28","     0.0"," ","S","27","     0.0"," ","S","27","     0.0"," ","S","27","     0.0"," ","S","27","     0.0"," ","S","27","     0.0"," ","S","27","     0.0"," ","S","27","     0.0"," ","S","27"," -9999.0","M"," "," 0"," -9999.0","M"," "," 0"," -9999.0","M"," "," 0","     0.0"," ","S","26","    14.8"," ","S","26","     0.0"," ","S","27","     0.0"," ","S","27","     0.0"," ","S","27","     0.0"," ","S","27","     0.0"," ","S","27","     0.0"," ","S","27","     0.0"," ","S","27"," -9999.0","M"," "," 0"," -9999.0","M"," "," 0"," -9999.0","M"," "," 0"
"USC00424508","06-15"," 37.0286","-112.5361","1493.5","KANAB, UT US","06","15","99","    71.0"," ","S","26","    89.8"," ","S","30","    52.2"," ","S","26","    37.7"," ","S","26","     5.5"," ","S","26","     6.7"," ","S","30","     5.7"," ","S","26","     5.9"," ","S","26","     0.5"," ","S","26","     0.0"," ","S","26","     0.0"," ","S","26","     0.0","X","S","26","     0.0","X","S","26","     0.1"," ","S","26","     0.1"," ","S","26","     6.5"," ","S","26","    31.0"," ","S","26","    26.0"," ","S","26","    21.0"," ","S","26","    16.0"," ","S","26","    14.1"," ","S","26","    11.1"," ","S","26","     2.7"," ","S","26","     1.6"," ","S","26","     6.5"," ","S","26","    31.0"," ","S","26","    26.0"," ","S","26","    21.0"," ","S","26","    16.0"," ","S","26","    14.1"," ","S","26","    11.1"," ","S","26","     2.7"," ","S","26","     1.6"," ","S","26","    20.8"," ","S","26","    19.1"," ","S","26","     8.6"," ","S","30","     4.0"," ","S","30","     1.9"," ","S","30","     0.3"," ","S","30"," -9999.0","Z"," "," 0","     0.0"," ","S","30","     0.0"," ","S","30","     0.0"," ","S","30","-9999.00","Y"," "," 0","-9999.00","Y"," "," 0","-9999.00","Y"," "," 0","    0.13"," ","S","28","    6.63"," ","S","28","     0.0"," ","S","27","     0.0"," ","S","27","     0.0"," ","S","27","     0.0"," ","S","27","     0.0"," ","S","27","     0.0"," ","S","27","     0.0"," ","S","27","     0.0"," ","S","27"," -9999.0","M"," "," 0"," -9999.0","M"," "," 0"," -9999.0","M"," "," 0","     0.0"," ","S","26","    14.8"," ","S","26","     0.0"," ","S","27","     0.0"," ","S","27","     0.0"," ","S","27","     0.0"," ","S","27","     0.0"," ","S","27","     0.0"," ","S","27","     0.0"," ","S","27"," -9999.0","M"," "," 0"," -9999.0","M"," "," 0"," -9999.0","M"," "," 0"
"USC00424508","06-16"," 37.0286","-112.5361","1493.5","KANAB, UT US","06","16","99","    71.3"," ","S","26","    90.1"," ","S","30","    52.5"," ","S","26","    37.6"," ","S","26","     5.4"," ","S","26","     6.6"," ","S","30","     5.7"," ","S","26","     5.9"," ","S","26","     0.4"," ","S","26","     0.0"," ","S","26","     0.0"," ","S","26","     0.0","X","S","26","     0.0","X","S","26","     0.0","X","S","26","     0.1"," ","S","26","     6.7"," ","S","26","    31.3"," ","S","26","    26.3"," ","S","26","    21.3"," ","S","26","    16.3"," ","S","26","    14.3"," ","S","26","    11.4"," ","S","26","     2.8"," ","S","26","     1.7"," ","S","26","     6.7"," ","S","26","    31.3"," ","S","26","    26.3"," ","S","26","    21.3"," ","S","26","    16.3"," ","S","26","    14.3"," ","S","26","    11.4"," ","S","26","     2.8"," ","S","26","     1.7"," ","S","26","    21.0"," ","S","26","    19.3"," ","S","26","     8.7"," ","S","30","     4.0"," ","S","30","     1.9"," ","S","30","     0.3"," ","S","30"," -9999.0","Z"," "," 0","     0.0"," ","S","30","     0.0"," ","S","30","     0.0"," ","S","30","-9999.00","Y"," "," 0","-9999.00","Y"," "," 0","-9999.00","Y"," "," 0","    0.14"," ","S","28","    6.64"," ","S","28","     0.0"," ","S","27","     0.0"," ","S","27","     0.0"," ","S","27","     0.0"," ","S","27","     0.0"," ","S","27","     0.0"," ","S","27","     0.0"," ","S","27","     0.0"," ","S","27"," -9999.0","M"," "," 0"," -9999.0","M"," "," 0"," -9999.0","M"," "," 0","     0.0"," ","S","26","    14.8"," ","S","26","     0.0"," ","S","27","     0.0"," ","S","27","     0.0"," ","S","27","     0.0"," ","S","27","     0.0"," ","S","27","     0.0"," ","S","27","     0.0"," ","S","27"," -9999.0","M"," "," 0"," -9999.0","M"," "," 0"," -9999.0","M"," "," 0"
"USC00424508","06-17"," 37.0286","-112.5361","1493.5","KANAB, UT US","06","17","99","    71.6"," ","S","26","    90.4"," ","S","30","    52.8"," ","S","26","    37.6"," ","S","26","     5.4"," ","S","26","     6.5"," ","S","30","     5.7"," ","S","26","     5.9"," ","S","26","     0.3"," ","S","26","     0.0"," ","S","26","     0.0"," ","S","26","     0.0","X","S","26","     0.0","X","S","26","     0.0","X","S","26","     0.1"," ","S","26","     7.0"," ","S","26","    31.6"," ","S","26","    26.6"," ","S","26","    21.6"," ","S","26","    16.6"," ","S","26","    14.6"," ","S","26","    11.7"," ","S","26","     2.9"," ","S","26","     1.8"," ","S","26","     7.0"," ","S","26","    31.6"," ","S","26","    26.6"," ","S","26","    21.6"," ","S","26","    16.6"," ","S","26","    14.6"," ","S","26","    11.7"," ","S","26","     2.9"," ","S","26","     1.8"," ","S","26","    21.2"," ","S","26","    19.4"," ","S","26","     8.7"," ","S","30","     4.0"," ","S","30","     1.9"," ","S","30","     0.4"," ","S","30"," -9999.0","Z"," "," 0","     0.0"," ","S","30","     0.0"," ","S","30","     0.0"," ","S","30","-9999.00","Y"," "," 0","-9999.00","Y"," "," 0","-9999.00","Y"," "," 0","    0.15"," ","S","28","    6.65"," ","S","28","     0.0"," ","S","27","     0.0"," ","S","27","     0.0"," ","S","27","     0.0"," ","S","27","     0.0"," ","S","27","     0.0"," ","S","27","     0.0"," ","S","27","     0.0"," ","S","27"," -9999.0","M"," "," 0"," -9999.0","M"," "," 0"," -9999.0","M"," "," 0","     0.0"," ","S","26","    14.8"," ","S","26","     0.0"," ","S","27","     0.0"," ","S","27","     0.0"," ","S","27","     0.0"," ","S","27","     0.0"," ","S","27","     0.0"," ","S","27","     0.0"," ","S","27"," -9999.0","M"," "," 0"," -9999.0","M"," "," 0"," -9999.0","M"," "," 0"
"USC00424508","06-18"," 37.0286","-112.5361","1493.5","KANAB, UT US","06","18","99","    71.9"," ","S","26","    90.7"," ","S","30","    53.1"," ","S","26","    37.5"," ","S","26","     5.3"," ","S","26","     6.4"," ","S","30","     5.7"," ","S","26","     5.9"," ","S","26","     0.3"," ","S","26","     0.0"," ","S","26","     0.0"," ","S","26","     0.0","X","S","26","     0.0","X","S","26","     0.0","X","S","26","     0.1"," ","S","26","     7.2"," ","S","26","    31.9"," ","S","26","    26.9"," ","S","26","    21.9"," ","S","26","    16.9"," ","S","26","    14.9"," ","S","26","    12.0"," ","S","26","     3.1"," ","S","26","     1.9"," ","S","26","     7.2"," ","S","26","    31.9"," ","S","26","    26.9"," ","S","26","    21.9"," ","S","26","    16.9"," ","S","26","    14.9"," ","S","26","    12.0"," ","S","26","     3.1"," ","S","26","     1.9"," ","S","26","    21.4"," ","S","26","    19.6"," ","S","26","     8.7"," ","S","30","     4.1"," ","S","30","     1.9"," ","S","30","     0.4"," ","S","30"," -9999.0","Z"," "," 0","     0.0"," ","S","30","     0.0"," ","S","30","     0.0"," ","S","30","-9999.00","Y"," "," 0","-9999.00","Y"," "," 0","-9999.00","Y"," "," 0","    0.16"," ","S","28","    6.66"," ","S","28","     0.0"," ","S","27","     0.0"," ","S","27","     0.0"," ","S","27","     0.0"," ","S","27","     0.0"," ","S","27","     0.0"," ","S","27","     0.0"," ","S","27","     0.0"," ","S","27"," -9999.0","M"," "," 0"," -9999.0","M"," "," 0"," -9999.0","M"," "," 0","     0.0"," ","S","26","    14.8"," ","S","26","     0.0"," ","S","27","     0.0"," ","S","27","     0.0"," ","S","27","     0.0"," ","S","27","     0.0"," ","S","27","     0.0"," ","S","27","     0.0"," ","S","27"," -9999.0","M"," "," 0"," -9999.0","M"," "," 0"," -9999.0","M"," "," 0"
"USC00424508","06-19"," 37.0286","-112.5361","1493.5","KANAB, UT US","06","19","99","    72.2"," ","S","26","    90.9"," ","S","30","    53.5"," ","S","26","    37.5"," ","S","26","     5.3"," ","S","26","     6.4"," ","S","30","     5.7"," ","S","26","     5.9"," ","S","26","     0.3"," ","S","26","     0.0"," ","S","26","     0.0"," ","S","26","     0.0","X","S","26","     0.0","X","S","26","     0.0","X","S","26","     0.1"," ","S","26","     7.5"," ","S","26","    32.2"," ","S","26","    27.2"," ","S","26","    22.2"," ","S","26","    17.2"," ","S","26","    15.2"," ","S","26","    12.3"," ","S","26","     3.3"," ","S","26","     2.1"," ","S","26","     7.5"," ","S","26","    32.2"," ","S","26","    27.2"," ","S","26","    22.2"," ","S","26","    17.2"," ","S","26","    15.2"," ","S","26","    12.3"," ","S","26","     3.3"," ","S","26","     2.1"," ","S","26","    21.5"," ","S","26","    19.8"," ","S","26","     8.8"," ","S","30","     4.1"," ","S","30","     2.0"," ","S","30","     0.4"," ","S","30"," -9999.0","Z"," "," 0","     0.0"," ","S","30","     0.0"," ","S","30","     0.0"," ","S","30","-9999.00","Y"," "," 0","-9999.00","Y"," "," 0","-9999.00","Y"," "," 0","    0.16"," ","S","28","    6.66"," ","S","28","     0.0"," ","S","27","     0.0"," ","S","27","     0.0"," ","S","27","     0.0"," ","S","27","     0.0"," ","S","27","     0.0"," ","S","27","     0.0"," ","S","27","     0.0"," ","S","27"," -9999.0","M"," "," 0"," -9999.0","M"," "," 0"," -9999.0","M"," "," 0","     0.0"," ","S","26","    14.8"," ","S","26","     0.0"," ","S","27","     0.0"," ","S","27","     0.0"," ","S","27","     0.0"," ","S","27","     0.0"," ","S","27","     0.0"," ","S","27","     0.0"," ","S","27"," -9999.0","M"," "," 0"," -9999.0","M"," "," 0"," -9999.0","M"," "," 0"
"USC00424508","06-20"," 37.0286","-112.5361","1493.5","KANAB, UT US","06","20","99","    72.5"," ","S","26","    91.2"," ","S","30","    53.8"," ","S","26","    37.4"," ","S","26","     5.2"," ","S","26","     6.3"," ","S","30","     5.7"," ","S","26","     5.9"," ","S","26","     0.3"," ","S","26","     0.0"," ","S","26","     0.0"," ","S","26","     0.0","X","S","26","     0.0","X","S","26","     0.0","X","S","26","     0.1"," ","S","26","     7.8"," ","S","26","    32.5"," ","S","26","    27.5"," ","S","26","    22.5"," ","S","26","    17.5"," ","S","26","    15.5"," ","S","26","    12.6"," ","S","26","     3.5"," ","S","26","     2.3"," ","S","26","     7.8"," ","S","26","    32.5"," ","S","26","    27.5"," ","S","26","    22.5"," ","S","26","    17.5"," ","S","26","    15.5"," ","S","26","    12.6"," ","S","26","     3.5"," ","S","26","     2.3"," ","S","26","    21.7"," ","S","26","    19.9"," ","S","26","     8.9"," ","S","30","     4.2"," ","S","30","     2.0"," ","S","30","     0.4"," ","S","30"," -9999.0","Z"," "," 0","     0.0"," ","S","30","     0.0"," ","S","30","     0.0"," ","S","30","-9999.00","Y"," "," 0","-9999.00","Y"," "," 0","-9999.00","Y"," "," 0","    0.17"," ","S","28","    6.67"," ","S","28","     0.0"," ","S","27","     0.0"," ","S","27","     0.0"," ","S","27","     0.0"," ","S","27","     0.0"," ","S","27","     0.0"," ","S","27","     0.0"," ","S","27","     0.0"," ","S","27"," -9999.0","M"," "," 0"," -9999.0","M"," "," 0"," -9999.0","M"," "," 0","     0.0"," ","S","26","    14.8"," ","S","26","     0.0"," ","S","27","     0.0"," ","S","27","     0.0"," ","S","27","     0.0"," ","S","27","     0.0"," ","S","27","     0.0"," ","S","27","     0.0"," ","S","27"," -9999.0","M"," "," 0"," -9999.0","M"," "," 0"," -9999.0","M"," "," 0"
"USC00424508","06-21"," 37.0286","-112.5361","1493.5","KANAB, UT US","06","21","99","    72.8"," ","S","26","    91.4"," ","S","30","    54.2"," ","S","26","    37.3"," ","S","26","     5.2"," ","S","26","     6.2"," ","S","30","     5.7"," ","S","26","     6.0"," ","S","26","     0.2"," ","S","26","     0.0"," ","S","26","     0.0"," ","S","26","     0.0","X","S","26","     0.0","X","S","26","     0.0","X","S","26","     0.1"," ","S","26","     8.0"," ","S","26","    32.8"," ","S","26","    27.8"," ","S","26","    22.8"," ","S","26","    17.8"," ","S","26","    15.8"," ","S","26","    12.9"," ","S","26","     3.7"," ","S","26","     2.4"," ","S","26","     8.0"," ","S","26","    32.8"," ","S","26","    27.8"," ","S","26","    22.8"," ","S","26","    17.8"," ","S","26","    15.8"," ","S","26","    12.9"," ","S","26","     3.7"," ","S","26","     2.4"," ","S","26","    21.9"," ","S","26","    20.1"," ","S","26","     9.0"," ","S","30","     4.3"," ","S","30","     2.1"," ","S","30","     0.5"," ","S","30"," -9999.0","Z"," "," 0","     0.0"," ","S","30","     0.0"," ","S","30","     0.0"," ","S","30","-9999.00","Y"," "," 0","-9999.00","Y"," "," 0","-9999.00","Y"," "," 0","    0.18"," ","S","28","    6.68"," ","S","28","     0.0"," ","S","27","     0.0"," ","S","27","     0.0"," ","S","27","     0.0"," ","S","27","     0.0"," ","S","27","     0.0"," ","S","27","     0.0"," ","S","27","     0.0"," ","S","27"," -9999.0","M"," "," 0"," -9999.0","M"," "," 0"," -9999.0","M"," "," 0","     0.0"," ","S","26","    14.8"," ","S","26","     0.0"," ","S","27","     0.0"," ","S","27","     0.0"," ","S","27","     0.0"," ","S","27","     0.0"," ","S","27","     0.0"," ","S","27","     0.0"," ","S","27"," -9999.0","M"," "," 0"," -9999.0","M"," "," 0"," -9999.0","M"," "," 0"
"USC00424508","06-22"," 37.0286","-112.5361","1493.5","KANAB, UT US","06","22","99","    73.1"," ","S","26","    91.7"," ","S","30","    54.5"," ","S","26","    37.2"," ","S","26","     5.1"," ","S","26","     6.2"," ","S","30","     5.7"," ","S","26","     6.0"," ","S","26","     0.2"," ","S","26","     0.0"," ","S","26","     0.0"," ","S","26","     0.0","X","S","26","     0.0","X","S","26","     0.0","X","S","26","     0.0","X","S","26","     8.3"," ","S","26","    33.1"," ","S","26","    28.1"," ","S","26","    23.1"," ","S","26","    18.1"," ","S","26","    16.1"," ","S","26","    13.1"," ","S","26","     3.9"," ","S","26","     2.6"," ","S","26","     8.3"," ","S","26","    33.1"," ","S","26","    28.1"," ","S","26","    23.1"," ","S","26","    18.1"," ","S","26","    16.1"," ","S","26","    13.1"," ","S","26","     3.9"," ","S","26","     2.6"," ","S","26","    22.1"," ","S","26","    20.3"," ","S","26","     9.2"," ","S","30","     4.3"," ","S","30","     2.1"," ","S","30","     0.5"," ","S","30"," -9999.0","Z"," "," 0","     0.0"," ","S","30","     0.0"," ","S","30","     0.0"," ","S","30","-9999.00","Y"," "," 0","-9999.00","Y"," "," 0","-9999.00","Y"," "," 0","    0.19"," ","S","28","    6.69"," ","S","28","     0.0"," ","S","27","     0.0"," ","S","27","     0.0"," ","S","27","     0.0"," ","S","27","     0.0"," ","S","27","     0.0"," ","S","27","     0.0"," ","S","27","     0.0"," ","S","27"," -9999.0","M"," "," 0"," -9999.0","M"," "," 0"," -9999.0","M"," "," 0","     0.0"," ","S","26","    14.8"," ","S","26","     0.0"," ","S","27","     0.0"," ","S","27","     0.0"," ","S","27","     0.0"," ","S","27","     0.0"," ","S","27","     0.0"," ","S","27","     0.0"," ","S","27"," -9999.0","M"," "," 0"," -9999.0","M"," "," 0"," -9999.0","M"," "," 0"
"USC00424508","06-23"," 37.0286","-112.5361","1493.5","KANAB, UT US","06","23","99","    73.4"," ","S","26","    91.9"," ","S","30","    54.8"," ","S","26","    37.1"," ","S","26","     5.1"," ","S","26","     6.1"," ","S","30","     5.7"," ","S","26","     6.0"," ","S","26","     0.1"," ","S","26","     0.0"," ","S","26","     0.0"," ","S","26","     0.0","X","S","26","     0.0","X","S","26","     0.0","X","S","26","     0.0","X","S","26","     8.5"," ","S","26","    33.4"," ","S","26","    28.4"," ","S","26","    23.4"," ","S","26","    18.4"," ","S","26","    16.4"," ","S","26","    13.4"," ","S","26","     4.2"," ","S","26","     2.8"," ","S","26","     8.5"," ","S","26","    33.4"," ","S","26","    28.4"," ","S","26","    23.4"," ","S","26","    18.4"," ","S","26","    16.4"," ","S","26","    13.4"," ","S","26","     4.2"," ","S","26","     2.8"," ","S","26","    22.3"," ","S","26","    20.5"," ","S","26","     9.4"," ","S","30","     4.5"," ","S","30","     2.2"," ","S","30","     0.5"," ","S","30"," -9999.0","Z"," "," 0","     0.0"," ","S","30","     0.0"," ","S","30","     0.0"," ","S","30","-9999.00","Y"," "," 0","-9999.00","Y"," "," 0","-9999.00","Y"," "," 0","    0.20"," ","S","28","    6.70"," ","S","28","     0.0"," ","S","27","     0.0"," ","S","27","     0.0"," ","S","27","     0.0"," ","S","27","     0.0"," ","S","27","     0.0"," ","S","27","     0.0"," ","S","27","     0.0"," ","S","27"," -9999.0","M"," "," 0"," -9999.0","M"," "," 0"," -9999.0","M"," "," 0","     0.0"," ","S","26","    14.8"," ","S","26","     0.0"," ","S","27","     0.0"," ","S","27","     0.0"," ","S","27","     0.0"," ","S","27","     0.0"," ","S","27","     0.0"," ","S","27","     0.0"," ","S","27"," -9999.0","M"," "," 0"," -9999.0","M"," "," 0"," -9999.0","M"," "," 0"
"USC00424508","06-24"," 37.0286","-112.5361","1493.5","KANAB, UT US","06","24","99","    73.7"," ","S","26","    92.1"," ","S","30","    55.2"," ","S","26","    37.0"," ","S","26","     5.0"," ","S","26","     6.0"," ","S","30","     5.7"," ","S","26","     6.0"," ","S","26","     0.1"," ","S","26","     0.0"," ","S","26","     0.0"," ","S","26","     0.0","X","S","26","     0.0","X","S","26","     0.0","X","S","26","     0.0","X","S","26","     8.8"," ","S","26","    33.7"," ","S","26","    28.7"," ","S","26","    23.7"," ","S","26","    18.7"," ","S","26","    16.7"," ","S","26","    13.7"," ","S","26","     4.4"," ","S","26","     3.0"," ","S","26","     8.8"," ","S","26","    33.7"," ","S","26","    28.7"," ","S","26","    23.7"," ","S","26","    18.7"," ","S","26","    16.7"," ","S","26","    13.7"," ","S","26","     4.4"," ","S","26","     3.0"," ","S","26","    22.5"," ","S","26","    20.6"," ","S","26","     9.5"," ","S","30","     4.6"," ","S","30","     2.3"," ","S","30","     0.6"," ","S","30"," -9999.0","Z"," "," 0","     0.0"," ","S","30","     0.0"," ","S","30","     0.0"," ","S","30","-9999.00","Y"," "," 0","-9999.00","Y"," "," 0","-9999.00","Y"," "," 0","    0.21"," ","S","28","    6.71"," ","S","28","     0.0"," ","S","27","     0.0"," ","S","27","     0.0"," ","S","27","     0.0"," ","S","27","     0.0"," ","S","27","     0.0"," ","S","27","     0.0"," ","S","27","     0.0"," ","S","27"," -9999.0","M"," "," 0"," -9999.0","M"," "," 0"," -9999.0","M"," "," 0","     0.0"," ","S","26","    14.8"," ","S","26","     0.0"," ","S","27","     0.0"," ","S","27","     0.0"," ","S","27","     0.0"," ","S","27","     0.0"," ","S","27","     0.0"," ","S","27","     0.0"," ","S","27"," -9999.0","M"," "," 0"," -9999.0","M"," "," 0"," -9999.0","M"," "," 0"
"USC00424508","06-25"," 37.0286","-112.5361","1493.5","KANAB, UT US","06","25","99","    73.9"," ","S","26","    92.4"," ","S","30","    55.5"," ","S","26","    36.8"," ","S","26","     5.0"," ","S","26","     6.0"," ","S","30","     5.7"," ","S","26","     6.0"," ","S","26","     0.1"," ","S","26","     0.0"," ","S","26","     0.0"," ","S","26","     0.0","X","S","26","     0.0","X","S","26","     0.0","X","S","26","     0.0","X","S","26","     9.0"," ","S","26","    33.9"," ","S","26","    28.9"," ","S","26","    23.9"," ","S","26","    18.9"," ","S","26","    16.9"," ","S","26","    14.0"," ","S","26","     4.6"," ","S","26","     3.2"," ","S","26","     9.0"," ","S","26","    33.9"," ","S","26","    28.9"," ","S","26","    23.9"," ","S","26","    18.9"," ","S","26","    16.9"," ","S","26","    14.0"," ","S","26","     4.6"," ","S","26","     3.2"," ","S","26","    22.7"," ","S","26","    20.8"," ","S","26","     9.7"," ","S","30","     4.7"," ","S","30","     2.3"," ","S","30","     0.6"," ","S","30"," -9999.0","Z"," "," 0","     0.0"," ","S","30","     0.0"," ","S","30","     0.0"," ","S","30","-9999.00","Y"," "," 0","-9999.00","Y"," "," 0","-9999.00","Y"," "," 0","    0.22"," ","S","28","    6.72"," ","S","28","     0.0"," ","S","27","     0.0"," ","S","27","     0.0"," ","S","27","     0.0"," ","S","27","     0.0"," ","S","27","     0.0"," ","S","27","     0.0"," ","S","27","     0.0"," ","S","27"," -9999.0","M"," "," 0"," -9999.0","M"," "," 0"," -9999.0","M"," "," 0","     0.0"," ","S","26","    14.8"," ","S","26","     0.0"," ","S","27","     0.0"," ","S","27","     0.0"," ","S","27","     0.0"," ","S","27","     0.0"," ","S","27","     0.0"," ","S","27","     0.0"," ","S","27"," -9999.0","M"," "," 0"," -9999.0","M"," "," 0"," -9999.0","M"," "," 0"
"USC00424508","06-26"," 37.0286","-112.5361","1493.5","KANAB, UT US","06","26","99","    74.2"," ","S","26","    92.6"," ","S","30","    55.9"," ","S","26","    36.7"," ","S","26","     4.9"," ","S","26","     5.9"," ","S","30","     5.7"," ","S","26","     6.1"," ","S","26","     0.1"," ","S","26","     0.0"," ","S","26","     0.0"," ","S","26","     0.0","X","S","26","     0.0","X","S","26","     0.0","X","S","26","     0.0","X","S","26","     9.3"," ","S","26","    34.2"," ","S","26","    29.2"," ","S","26","    24.2"," ","S","26","    19.2"," ","S","26","    17.2"," ","S","26","    14.2"," ","S","26","     4.8"," ","S","26","     3.3"," ","S","26","     9.3"," ","S","26","    34.2"," ","S","26","    29.2"," ","S","26","    24.2"," ","S","26","    19.2"," ","S","26","    17.2"," ","S","26","    14.2"," ","S","26","     4.8"," ","S","26","     3.3"," ","S","26","    22.9"," ","S","26","    21.0"," ","S","26","    10.0"," ","S","30","     4.8"," ","S","30","     2.4"," ","S","30","     0.6"," ","S","30"," -9999.0","Z"," "," 0","     0.0"," ","S","30","     0.0"," ","S","30","     0.0"," ","S","30","-9999.00","Y"," "," 0","-9999.00","Y"," "," 0","-9999.00","Y"," "," 0","    0.23"," ","S","28","    6.73"," ","S","28","     0.0"," ","S","27","     0.0"," ","S","27","     0.0"," ","S","27","     0.0"," ","S","27","     0.0"," ","S","27","     0.0"," ","S","27","     0.0"," ","S","27","     0.0"," ","S","27"," -9999.0","M"," "," 0"," -9999.0","M"," "," 0"," -9999.0","M"," "," 0","     0.0"," ","S","26","    14.8"," ","S","26","     0.0"," ","S","27","     0.0"," ","S","27","     0.0"," ","S","27","     0.0"," ","S","27","     0.0"," ","S","27","     0.0"," ","S","27","     0.0"," ","S","27"," -9999.0","M"," "," 0"," -9999.0","M"," "," 0"," -9999.0","M"," "," 0"
"USC00424508","06-27"," 37.0286","-112.5361","1493.5","KANAB, UT US","06","27","99","    74.5"," ","S","26","    92.8"," ","S","30","    56.2"," ","S","26","    36.6"," ","S","26","     4.9"," ","S","26","     5.8"," ","S","30","     5.7"," ","S","26","     6.1"," ","S","26","     0.1"," ","S","26","     0.0"," ","S","26","     0.0"," ","S","26","     0.0"," ","S","26","     0.0"," ","S","26","     0.0"," ","S","26","     0.0"," ","S","26","     9.5"," ","S","26","    34.5"," ","S","26","    29.5"," ","S","26","    24.5"," ","S","26","    19.5"," ","S","26","    17.5"," ","S","26","    14.5"," ","S","26","     5.1"," ","S","26","     3.5"," ","S","26","     9.5"," ","S","26","    34.5"," ","S","26","    29.5"," ","S","26","    24.5"," ","S","26","    19.5"," ","S","26","    17.5"," ","S","26","    14.5"," ","S","26","     5.1"," ","S","26","     3.5"," ","S","26","    23.0"," ","S","26","    21.2"," ","S","26","    10.2"," ","S","30","     4.9"," ","S","30","     2.5"," ","S","30","     0.7"," ","S","30"," -9999.0","Z"," "," 0","     0.0"," ","S","30","     0.0"," ","S","30","     0.0"," ","S","30","    0.04"," ","S","30","    0.09"," ","S","30","    0.25"," ","S","30","    0.25"," ","S","28","    6.75"," ","S","28","     0.0"," ","S","27","     0.0"," ","S","27","     0.0"," ","S","27","     0.0"," ","S","27","     0.0"," ","S","27","     0.0"," ","S","27","     0.0"," ","S","27","     0.0"," ","S","27"," -9999.0","M"," "," 0"," -9999.0","M"," "," 0"," -9999.0","M"," "," 0","     0.0"," ","S","26","    14.8"," ","S","26","     0.0"," ","S","27","     0.0"," ","S","27","     0.0"," ","S","27","     0.0"," ","S","27","     0.0"," ","S","27","     0.0"," ","S","27","     0.0"," ","S","27"," -9999.0","M"," "," 0"," -9999.0","M"," "," 0"," -9999.0","M"," "," 0"
"USC00424508","06-28"," 37.0286","-112.5361","1493.5","KANAB, UT US","06","28","99","    74.7"," ","S","26","    92.9"," ","S","30","    56.5"," ","S","26","    36.4"," ","S","26","     4.8"," ","S","26","     5.8"," ","S","30","     5.6"," ","S","26","     6.1"," ","S","26","     0.0","X","S","26","     0.0"," ","S","26","     0.0"," ","S","26","     0.0"," ","S","26","     0.0"," ","S","26","     0.0"," ","S","26","     0.0"," ","S","26","     9.8"," ","S","26","    34.7"," ","S","26","    29.7"," ","S","26","    24.7"," ","S","26","    19.7"," ","S","26","    17.7"," ","S","26","    14.7"," ","S","26","     5.3"," ","S","26","     3.7"," ","S","26","     9.8"," ","S","26","    34.7"," ","S","26","    29.7"," ","S","26","    24.7"," ","S","26","    19.7"," ","S","26","    17.7"," ","S","26","    14.7"," ","S","26","     5.3"," ","S","26","     3.7"," ","S","26","    23.2"," ","S","26","    21.3"," ","S","26","    10.5"," ","S","30","     5.0"," ","S","30","     2.6"," ","S","30","     0.7"," ","S","30"," -9999.0","Z"," "," 0","     0.0"," ","S","30","     0.0"," ","S","30","     0.0"," ","S","30","    0.04"," ","S","30","    0.09"," ","S","30","    0.25"," ","S","30","    0.26"," ","S","28","    6.76"," ","S","28","     0.0"," ","S","27","     0.0"," ","S","27","     0.0"," ","S","27","     0.0"," ","S","27","     0.0"," ","S","27","     0.0"," ","S","27","     0.0"," ","S","27","     0.0"," ","S","27"," -9999.0","M"," "," 0"," -9999.0","M"," "," 0"," -9999.0","M"," "," 0","     0.0"," ","S","26","    14.8"," ","S","26","     0.0"," ","S","27","     0.0"," ","S","27","     0.0"," ","S","27","     0.0"," ","S","27","     0.0"," ","S","27","     0.0"," ","S","27","     0.0"," ","S","27"," -9999.0","M"," "," 0"," -9999.0","M"," "," 0"," -9999.0","M"," "," 0"
"USC00424508","06-29"," 37.0286","-112.5361","1493.5","KANAB, UT US","06","29","99","    75.0"," ","S","26","    93.1"," ","S","30","    56.9"," ","S","26","    36.2"," ","S","26","     4.8"," ","S","26","     5.7"," ","S","30","     5.6"," ","S","26","     6.1"," ","S","26","     0.0","X","S","26","     0.0"," ","S","26","     0.0"," ","S","26","     0.0"," ","S","26","     0.0"," ","S","26","     0.0"," ","S","26","     0.0"," ","S","26","    10.0"," ","S","26","    35.0"," ","S","26","    30.0"," ","S","26","    25.0"," ","S","26","    20.0"," ","S","26","    18.0"," ","S","26","    15.0"," ","S","26","     5.5"," ","S","26","     3.9"," ","S","26","    10.0"," ","S","26","    35.0"," ","S","26","    30.0"," ","S","26","    25.0"," ","S","26","    20.0"," ","S","26","    18.0"," ","S","26","    15.0"," ","S","26","     5.5"," ","S","26","     3.9"," ","S","26","    23.4"," ","S","26","    21.5"," ","S","26","    10.8"," ","S","30","     5.2"," ","S","30","     2.7"," ","S","30","     0.8"," ","S","30"," -9999.0","Z"," "," 0","     0.0"," ","S","30","     0.0"," ","S","30","     0.0"," ","S","30","    0.04"," ","S","30","    0.09"," ","S","30","    0.25"," ","S","30","    0.27"," ","S","28","    6.77"," ","S","28","     0.0"," ","S","27","     0.0"," ","S","27","     0.0"," ","S","27","     0.0"," ","S","27","     0.0"," ","S","27","     0.0"," ","S","27","     0.0"," ","S","27","     0.0"," ","S","27"," -9999.0","M"," "," 0"," -9999.0","M"," "," 0"," -9999.0","M"," "," 0","     0.0"," ","S","26","    14.8"," ","S","26","     0.0"," ","S","27","     0.0"," ","S","27","     0.0"," ","S","27","     0.0"," ","S","27","     0.0"," ","S","27","     0.0"," ","S","27","     0.0"," ","S","27"," -9999.0","M"," "," 0"," -9999.0","M"," "," 0"," -9999.0","M"," "," 0"
"USC00424508","06-30"," 37.0286","-112.5361","1493.5","KANAB, UT US","06","30","99","    75.2"," ","S","26","    93.3"," ","S","30","    57.2"," ","S","26","    36.1"," ","S","26","     4.7"," ","S","26","     5.7"," ","S","30","     5.6"," ","S","26","     6.1"," ","S","26","     0.0","X","S","26","     0.0"," ","S","26","     0.0"," ","S","26","     0.0"," ","S","26","     0.0"," ","S","26","     0.0"," ","S","26","     0.0"," ","S","26","    10.3"," ","S","26","    35.2"," ","S","26","    30.2"," ","S","26","    25.2"," ","S","26","    20.2"," ","S","26","    18.2"," ","S","26","    15.2"," ","S","26","     5.7"," ","S","26","     4.0"," ","S","26","    10.3"," ","S","26","    35.2"," ","S","26","    30.2"," ","S","26","    25.2"," ","S","26","    20.2"," ","S","26","    18.2"," ","S","26","    15.2"," ","S","26","     5.7"," ","S","26","     4.0"," ","S","26","    23.5"," ","S","26","    21.6"," ","S","26","    11.1"," ","S","30","     5.4"," ","S","30","     2.8"," ","S","30","     0.9"," ","S","30"," -9999.0","Z"," "," 0","     0.0"," ","S","30","     0.0"," ","S","30","     0.0"," ","S","30","    0.04"," ","S","30","    0.09"," ","S","30","    0.25"," ","S","30","    0.29"," ","S","28","    6.79"," ","S","28","     0.0"," ","S","27","     0.0"," ","S","27","     0.0"," ","S","27","     0.0"," ","S","27","     0.0"," ","S","27","     0.0"," ","S","27","     0.0"," ","S","27","     0.0"," ","S","27"," -9999.0","M"," "," 0"," -9999.0","M"," "," 0"," -9999.0","M"," "," 0","     0.0"," ","S","26","    14.8"," ","S","26","     0.0"," ","S","27","     0.0"," ","S","27","     0.0"," ","S","27","     0.0"," ","S","27","     0.0"," ","S","27","     0.0"," ","S","27","     0.0"," ","S","27"," -9999.0","M"," "," 0"," -9999.0","M"," "," 0"," -9999.0","M"," "," 0"
"USC00424508","07-01"," 37.0286","-112.5361","1493.5","KANAB, UT US","07","01","99","    75.5"," ","S","26","    93.4"," ","S","30","    57.5"," ","S","26","    35.9"," ","S","26","     4.7"," ","S","26","     5.7"," ","S","30","     5.6"," ","S","26","     6.1"," ","S","26","     0.0","X","S","26","     0.0"," ","S","26","     0.0"," ","S","26","     0.0"," ","S","26","     0.0"," ","S","26","     0.0"," ","S","26","     0.0"," ","S","26","    10.5"," ","S","26","    35.5"," ","S","26","    30.5"," ","S","26","    25.5"," ","S","26","    20.5"," ","S","26","    18.5"," ","S","26","    15.5"," ","S","26","     5.9"," ","S","26","     4.2"," ","S","26","    10.5"," ","S","26","    35.5"," ","S","26","    30.5"," ","S","26","    25.5"," ","S","26","    20.5"," ","S","26","    18.5"," ","S","26","    15.5"," ","S","26","     5.9"," ","S","26","     4.2"," ","S","26","    23.7"," ","S","26","    21.8"," ","S","26","    11.4"," ","S","30","     5.5"," ","S","30","     3.0"," ","S","30","     0.9"," ","S","30","     0.5"," ","S","30","     0.1"," ","S","30","     0.0"," ","S","30","     0.0"," ","S","30","    0.04"," ","S","30","    0.09"," ","S","30","    0.25"," ","S","30","    0.03"," ","S","29","    6.82"," ","S","29","     0.0"," ","S","27","     0.0"," ","S","27","     0.0"," ","S","27","     0.0"," ","S","27","     0.0"," ","S","27","     0.0"," ","S","27","     0.0"," ","S","27","     0.0"," ","S","27"," -9999.0","M"," "," 0"," -9999.0","M"," "," 0"," -9999.0","M"," "," 0","     0.0"," ","S","27","    14.8"," ","S","27","     0.0"," ","S","27","     0.0"," ","S","27","     0.0"," ","S","27","     0.0"," ","S","27","     0.0"," ","S","27","     0.0"," ","S","27","     0.0"," ","S","27"," -9999.0","M"," "," 0"," -9999.0","M"," "," 0"," -9999.0","M"," "," 0"
"USC00424508","07-02"," 37.0286","-112.5361","1493.5","KANAB, UT US","07","02","99","    75.7"," ","S","26","    93.6"," ","S","30","    57.8"," ","S","26","    35.7"," ","S","26","     4.7"," ","S","26","     5.7"," ","S","30","     5.6"," ","S","26","     6.1"," ","S","26","     0.0","X","S","26","     0.0"," ","S","26","     0.0"," ","S","26","     0.0"," ","S","26","     0.0"," ","S","26","     0.0"," ","S","26","     0.0"," ","S","26","    10.7"," ","S","26","    35.7"," ","S","26","    30.7"," ","S","26","    25.7"," ","S","26","    20.7"," ","S","26","    18.7"," ","S","26","    15.7"," ","S","26","     6.0"," ","S","26","     4.3"," ","S","26","    10.7"," ","S","26","    35.7"," ","S","26","    30.7"," ","S","26","    25.7"," ","S","26","    20.7"," ","S","26","    18.7"," ","S","26","    15.7"," ","S","26","     6.0"," ","S","26","     4.3"," ","S","26","    23.8"," ","S","26","    21.9"," ","S","26","    11.8"," ","S","30","     5.7"," ","S","30","     3.1"," ","S","30","     1.0"," ","S","30","     0.5"," ","S","30","     0.1"," ","S","30","     0.0"," ","S","30","     0.0"," ","S","30","    0.04"," ","S","30","    0.09"," ","S","30","    0.25"," ","S","30","    0.06"," ","S","29","    6.85"," ","S","29","     0.0"," ","S","27","     0.0"," ","S","27","     0.0"," ","S","27","     0.0"," ","S","27","     0.0"," ","S","27","     0.0"," ","S","27","     0.0"," ","S","27","     0.0"," ","S","27"," -9999.0","M"," "," 0"," -9999.0","M"," "," 0"," -9999.0","M"," "," 0","     0.0"," ","S","27","    14.8"," ","S","27","     0.0"," ","S","27","     0.0"," ","S","27","     0.0"," ","S","27","     0.0"," ","S","27","     0.0"," ","S","27","     0.0"," ","S","27","     0.0"," ","S","27"," -9999.0","M"," "," 0"," -9999.0","M"," "," 0"," -9999.0","M"," "," 0"
"USC00424508","07-03"," 37.0286","-112.5361","1493.5","KANAB, UT US","07","03","99","    75.9"," ","S","26","    93.7"," ","S","30","    58.2"," ","S","26","    35.6"," ","S","26","     4.6"," ","S","26","     5.6"," ","S","30","     5.5"," ","S","26","     6.1"," ","S","26","     0.0","X","S","26","     0.0"," ","S","26","     0.0"," ","S","26","     0.0"," ","S","26","     0.0"," ","S","26","     0.0"," ","S","26","     0.0"," ","S","26","    11.0"," ","S","26","    35.9"," ","S","26","    30.9"," ","S","26","    25.9"," ","S","26","    20.9"," ","S","26","    18.9"," ","S","26","    15.9"," ","S","26","     6.2"," ","S","26","     4.5"," ","S","26","    11.0"," ","S","26","    35.9"," ","S","26","    30.9"," ","S","26","    25.9"," ","S","26","    20.9"," ","S","26","    18.9"," ","S","26","    15.9"," ","S","26","     6.2"," ","S","26","     4.5"," ","S","26","    24.0"," ","S","26","    22.0"," ","S","26","    12.1"," ","S","30","     5.9"," ","S","30","     3.2"," ","S","30","     1.1"," ","S","30","     0.5"," ","S","30","     0.1"," ","S","30","     0.0"," ","S","30","     0.0"," ","S","30","    0.04"," ","S","30","    0.09"," ","S","30","    0.25"," ","S","30","    0.08"," ","S","29","    6.87"," ","S","29","     0.0"," ","S","27","     0.0"," ","S","27","     0.0"," ","S","27","     0.0"," ","S","27","     0.0"," ","S","27","     0.0"," ","S","27","     0.0"," ","S","27","     0.0"," ","S","27"," -9999.0","M"," "," 0"," -9999.0","M"," "," 0"," -9999.0","M"," "," 0","     0.0"," ","S","27","    14.8"," ","S","27","     0.0"," ","S","27","     0.0"," ","S","27","     0.0"," ","S","27","     0.0"," ","S","27","     0.0"," ","S","27","     0.0"," ","S","27","     0.0"," ","S","27"," -9999.0","M"," "," 0"," -9999.0","M"," "," 0"," -9999.0","M"," "," 0"
"USC00424508","07-04"," 37.0286","-112.5361","1493.5","KANAB, UT US","07","04","99","    76.2"," ","S","26","    93.9"," ","S","30","    58.5"," ","S","26","    35.4"," ","S","26","     4.6"," ","S","26","     5.6"," ","S","30","     5.5"," ","S","26","     6.1"," ","S","26","     0.0","X","S","26","     0.0"," ","S","26","     0.0"," ","S","26","     0.0"," ","S","26","     0.0"," ","S","26","     0.0"," ","S","26","     0.0"," ","S","26","    11.2"," ","S","26","    36.2"," ","S","26","    31.2"," ","S","26","    26.2"," ","S","26","    21.2"," ","S","26","    19.2"," ","S","26","    16.2"," ","S","26","     6.4"," ","S","26","     4.6"," ","S","26","    11.2"," ","S","26","    36.2"," ","S","26","    31.2"," ","S","26","    26.2"," ","S","26","    21.2"," ","S","26","    19.2"," ","S","26","    16.2"," ","S","26","     6.4"," ","S","26","     4.6"," ","S","26","    24.1"," ","S","26","    22.2"," ","S","26","    12.5"," ","S","30","     6.1"," ","S","30","     3.4"," ","S","30","     1.1"," ","S","30","     0.5"," ","S","30","     0.1"," ","S","30","     0.0"," ","S","30","     0.0"," ","S","30","    0.04"," ","S","30","    0.09"," ","S","30","    0.25"," ","S","30","    0.11"," ","S","29","    6.90"," ","S","29","     0.0"," ","S","27","     0.0"," ","S","27","     0.0"," ","S","27","     0.0"," ","S","27","     0.0"," ","S","27","     0.0"," ","S","27","     0.0"," ","S","27","     0.0"," ","S","27"," -9999.0","M"," "," 0"," -9999.0","M"," "," 0"," -9999.0","M"," "," 0","     0.0"," ","S","27","    14.8"," ","S","27","     0.0"," ","S","27","     0.0"," ","S","27","     0.0"," ","S","27","     0.0"," ","S","27","     0.0"," ","S","27","     0.0"," ","S","27","     0.0"," ","S","27"," -9999.0","M"," "," 0"," -9999.0","M"," "," 0"," -9999.0","M"," "," 0"
"USC00424508","07-05"," 37.0286","-112.5361","1493.5","KANAB, UT US","07","05","99","    76.4"," ","S","26","    94.0"," ","S","30","    58.8"," ","S","26","    35.2"," ","S","26","     4.6"," ","S","26","     5.6"," ","S","30","     5.5"," ","S","26","     6.1"," ","S","26","     0.0","X","S","26","     0.0"," ","S","26","     0.0"," ","S","26","     0.0"," ","S","26","     0.0"," ","S","26","     0.0"," ","S","26","     0.0"," ","S","26","    11.4"," ","S","26","    36.4"," ","S","26","    31.4"," ","S","26","    26.4"," ","S","26","    21.4"," ","S","26","    19.4"," ","S","26","    16.4"," ","S","26","     6.6"," ","S","26","     4.8"," ","S","26","    11.4"," ","S","26","    36.4"," ","S","26","    31.4"," ","S","26","    26.4"," ","S","26","    21.4"," ","S","26","    19.4"," ","S","26","    16.4"," ","S","26","     6.6"," ","S","26","     4.8"," ","S","26","    24.3"," ","S","26","    22.3"," ","S","26","    12.9"," ","S","30","     6.3"," ","S","30","     3.5"," ","S","30","     1.2"," ","S","30","     0.6"," ","S","30","     0.1"," ","S","30","     0.0"," ","S","30","     0.0"," ","S","30","    0.04"," ","S","30","    0.09"," ","S","30","    0.25"," ","S","30","    0.14"," ","S","29","    6.93"," ","S","29","     0.0"," ","S","27","     0.0"," ","S","27","     0.0"," ","S","27","     0.0"," ","S","27","     0.0"," ","S","27","     0.0"," ","S","27","     0.0"," ","S","27","     0.0"," ","S","27"," -9999.0","M"," "," 0"," -9999.0","M"," "," 0"," -9999.0","M"," "," 0","     0.0"," ","S","27","    14.8"," ","S","27","     0.0"," ","S","27","     0.0"," ","S","27","     0.0"," ","S","27","     0.0"," ","S","27","     0.0"," ","S","27","     0.0"," ","S","27","     0.0"," ","S","27"," -9999.0","M"," "," 0"," -9999.0","M"," "," 0"," -9999.0","M"," "," 0"
"USC00424508","07-06"," 37.0286","-112.5361","1493.5","KANAB, UT US","07","06","99","    76.6"," ","S","26","    94.1"," ","S","30","    59.0"," ","S","26","    35.0"," ","S","26","     4.5"," ","S","26","     5.5"," ","S","30","     5.5"," ","S","26","     6.2"," ","S","26","     0.0","X","S","26","     0.0"," ","S","26","     0.0"," ","S","26","     0.0"," ","S","26","     0.0"," ","S","26","     0.0"," ","S","26","     0.0"," ","S","26","    11.6"," ","S","26","    36.6"," ","S","26","    31.6"," ","S","26","    26.6"," ","S","26","    21.6"," ","S","26","    19.6"," ","S","26","    16.6"," ","S","26","     6.8"," ","S","26","     4.9"," ","S","26","    11.6"," ","S","26","    36.6"," ","S","26","    31.6"," ","S","26","    26.6"," ","S","26","    21.6"," ","S","26","    19.6"," ","S","26","    16.6"," ","S","26","     6.8"," ","S","26","     4.9"," ","S","26","    24.4"," ","S","26","    22.4"," ","S","26","    13.3"," ","S","30","     6.5"," ","S","30","     3.7"," ","S","30","     1.3"," ","S","30","     0.6"," ","S","30","     0.1"," ","S","30","     0.0"," ","S","30","     0.0"," ","S","30","    0.04"," ","S","30","    0.09"," ","S","30","    0.26"," ","S","30","    0.18"," ","S","29","    6.97"," ","S","29","     0.0"," ","S","27","     0.0"," ","S","27","     0.0"," ","S","27","     0.0"," ","S","27","     0.0"," ","S","27","     0.0"," ","S","27","     0.0"," ","S","27","     0.0"," ","S","27"," -9999.0","M"," "," 0"," -9999.0","M"," "," 0"," -9999.0","M"," "," 0","     0.0"," ","S","27","    14.8"," ","S","27","     0.0"," ","S","27","     0.0"," ","S","27","     0.0"," ","S","27","     0.0"," ","S","27","     0.0"," ","S","27","     0.0"," ","S","27","     0.0"," ","S","27"," -9999.0","M"," "," 0"," -9999.0","M"," "," 0"," -9999.0","M"," "," 0"
"USC00424508","07-07"," 37.0286","-112.5361","1493.5","KANAB, UT US","07","07","99","    76.7"," ","S","26","    94.2"," ","S","30","    59.3"," ","S","26","    34.9"," ","S","26","     4.5"," ","S","26","     5.5"," ","S","30","     5.5"," ","S","26","     6.2"," ","S","26","     0.0","X","S","26","     0.0"," ","S","26","     0.0"," ","S","26","     0.0"," ","S","26","     0.0"," ","S","26","     0.0"," ","S","26","     0.0"," ","S","26","    11.8"," ","S","26","    36.7"," ","S","26","    31.7"," ","S","26","    26.7"," ","S","26","    21.7"," ","S","26","    19.7"," ","S","26","    16.7"," ","S","26","     6.9"," ","S","26","     5.1"," ","S","26","    11.8"," ","S","26","    36.7"," ","S","26","    31.7"," ","S","26","    26.7"," ","S","26","    21.7"," ","S","26","    19.7"," ","S","26","    16.7"," ","S","26","     6.9"," ","S","26","     5.1"," ","S","26","    24.5"," ","S","26","    22.5"," ","S","26","    13.7"," ","S","30","     6.7"," ","S","30","     3.8"," ","S","30","     1.3"," ","S","30","     0.6"," ","S","30","     0.1"," ","S","30","     0.0"," ","S","30","     0.0"," ","S","30","    0.04"," ","S","30","    0.09"," ","S","30","    0.26"," ","S","30","    0.21"," ","S","29","    7.00"," ","S","29","     0.0"," ","S","27","     0.0"," ","S","27","     0.0"," ","S","27","     0.0"," ","S","27","     0.0"," ","S","27","     0.0"," ","S","27","     0.0"," ","S","27","     0.0"," ","S","27"," -9999.0","M"," "," 0"," -9999.0","M"," "," 0"," -9999.0","M"," "," 0","     0.0"," ","S","27","    14.8"," ","S","27","     0.0"," ","S","27","     0.0"," ","S","27","     0.0"," ","S","27","     0.0"," ","S","27","     0.0"," ","S","27","     0.0"," ","S","27","     0.0"," ","S","27"," -9999.0","M"," "," 0"," -9999.0","M"," "," 0"," -9999.0","M"," "," 0"
"USC00424508","07-08"," 37.0286","-112.5361","1493.5","KANAB, UT US","07","08","99","    76.9"," ","S","26","    94.3"," ","S","30","    59.6"," ","S","26","    34.7"," ","S","26","     4.5"," ","S","26","     5.4"," ","S","30","     5.4"," ","S","26","     6.2"," ","S","26","     0.0","X","S","26","     0.0"," ","S","26","     0.0"," ","S","26","     0.0"," ","S","26","     0.0"," ","S","26","     0.0"," ","S","26","     0.0"," ","S","26","    11.9"," ","S","26","    36.9"," ","S","26","    31.9"," ","S","26","    26.9"," ","S","26","    21.9"," ","S","26","    19.9"," ","S","26","    16.9"," ","S","26","     7.1"," ","S","26","     5.2"," ","S","26","    11.9"," ","S","26","    36.9"," ","S","26","    31.9"," ","S","26","    26.9"," ","S","26","    21.9"," ","S","26","    19.9"," ","S","26","    16.9"," ","S","26","     7.1"," ","S","26","     5.2"," ","S","26","    24.6"," ","S","26","    22.7"," ","S","26","    14.1"," ","S","30","     7.0"," ","S","30","     4.0"," ","S","30","     1.4"," ","S","30","     0.6"," ","S","30","     0.1"," ","S","30","     0.0"," ","S","30","     0.0"," ","S","30","    0.04"," ","S","30","    0.09"," ","S","30","    0.25"," ","S","30","    0.24"," ","S","29","    7.03"," ","S","29","     0.0"," ","S","27","     0.0"," ","S","27","     0.0"," ","S","27","     0.0"," ","S","27","     0.0"," ","S","27","     0.0"," ","S","27","     0.0"," ","S","27","     0.0"," ","S","27"," -9999.0","M"," "," 0"," -9999.0","M"," "," 0"," -9999.0","M"," "," 0","     0.0"," ","S","27","    14.8"," ","S","27","     0.0"," ","S","27","     0.0"," ","S","27","     0.0"," ","S","27","     0.0"," ","S","27","     0.0"," ","S","27","     0.0"," ","S","27","     0.0"," ","S","27"," -9999.0","M"," "," 0"," -9999.0","M"," "," 0"," -9999.0","M"," "," 0"
"USC00424508","07-09"," 37.0286","-112.5361","1493.5","KANAB, UT US","07","09","99","    77.1"," ","S","26","    94.3"," ","S","30","    59.8"," ","S","26","    34.5"," ","S","26","     4.4"," ","S","26","     5.4"," ","S","30","     5.4"," ","S","26","     6.2"," ","S","26","     0.0","X","S","26","     0.0"," ","S","26","     0.0"," ","S","26","     0.0"," ","S","26","     0.0"," ","S","26","     0.0"," ","S","26","     0.0"," ","S","26","    12.1"," ","S","26","    37.1"," ","S","26","    32.1"," ","S","26","    27.1"," ","S","26","    22.1"," ","S","26","    20.1"," ","S","26","    17.1"," ","S","26","     7.2"," ","S","26","     5.3"," ","S","26","    12.1"," ","S","26","    37.1"," ","S","26","    32.1"," ","S","26","    27.1"," ","S","26","    22.1"," ","S","26","    20.1"," ","S","26","    17.1"," ","S","26","     7.2"," ","S","26","     5.3"," ","S","26","    24.8"," ","S","26","    22.8"," ","S","26","    14.4"," ","S","30","     7.2"," ","S","30","     4.1"," ","S","30","     1.5"," ","S","30","     0.7"," ","S","30","     0.1"," ","S","30","     0.0"," ","S","30","     0.0"," ","S","30","    0.04"," ","S","30","    0.09"," ","S","30","    0.25"," ","S","30","    0.27"," ","S","29","    7.06"," ","S","29","     0.0"," ","S","27","     0.0"," ","S","27","     0.0"," ","S","27","     0.0"," ","S","27","     0.0"," ","S","27","     0.0"," ","S","27","     0.0"," ","S","27","     0.0"," ","S","27"," -9999.0","M"," "," 0"," -9999.0","M"," "," 0"," -9999.0","M"," "," 0","     0.0"," ","S","27","    14.8"," ","S","27","     0.0"," ","S","27","     0.0"," ","S","27","     0.0"," ","S","27","     0.0"," ","S","27","     0.0"," ","S","27","     0.0"," ","S","27","     0.0"," ","S","27"," -9999.0","M"," "," 0"," -9999.0","M"," "," 0"," -9999.0","M"," "," 0"
"USC00424508","07-10"," 37.0286","-112.5361","1493.5","KANAB, UT US","07","10","99","    77.2"," ","S","26","    94.4"," ","S","30","    60.0"," ","S","26","    34.4"," ","S","26","     4.4"," ","S","26","     5.4"," ","S","30","     5.4"," ","S","26","     6.2"," ","S","26","     0.0","X","S","26","     0.0"," ","S","26","     0.0"," ","S","26","     0.0"," ","S","26","     0.0"," ","S","26","     0.0"," ","S","26","     0.0"," ","S","26","    12.2"," ","S","26","    37.2"," ","S","26","    32.2"," ","S","26","    27.2"," ","S","26","    22.2"," ","S","26","    20.2"," ","S","26","    17.2"," ","S","26","     7.3"," ","S","26","     5.5"," ","S","26","    12.2"," ","S","26","    37.2"," ","S","26","    32.2"," ","S","26","    27.2"," ","S","26","    22.2"," ","S","26","    20.2"," ","S","26","    17.2"," ","S","26","     7.3"," ","S","26","     5.5"," ","S","26","    24.9"," ","S","26","    22.9"," ","S","26","    14.8"," ","S","30","     7.4"," ","S","30","     4.2"," ","S","30","     1.6"," ","S","30","     0.7"," ","S","30","     0.1"," ","S","30","     0.0"," ","S","30","     0.0"," ","S","30","    0.04"," ","S","30","    0.09"," ","S","30","    0.25"," ","S","30","    0.31"," ","S","29","    7.10"," ","S","29","     0.0"," ","S","27","     0.0"," ","S","27","     0.0"," ","S","27","     0.0"," ","S","27","     0.0"," ","S","27","     0.0"," ","S","27","     0.0"," ","S","27","     0.0"," ","S","27"," -9999.0","M"," "," 0"," -9999.0","M"," "," 0"," -9999.0","M"," "," 0","     0.0"," ","S","27","    14.8"," ","S","27","     0.0"," ","S","27","     0.0"," ","S","27","     0.0"," ","S","27","     0.0"," ","S","27","     0.0"," ","S","27","     0.0"," ","S","27","     0.0"," ","S","27"," -9999.0","M"," "," 0"," -9999.0","M"," "," 0"," -9999.0","M"," "," 0"
"USC00424508","07-11"," 37.0286","-112.5361","1493.5","KANAB, UT US","07","11","99","    77.4"," ","S","26","    94.5"," ","S","30","    60.3"," ","S","26","    34.2"," ","S","26","     4.3"," ","S","26","     5.3"," ","S","30","     5.3"," ","S","26","     6.2"," ","S","26","     0.0"," ","S","26","     0.0"," ","S","26","     0.0"," ","S","26","     0.0"," ","S","26","     0.0"," ","S","26","     0.0"," ","S","26","     0.0"," ","S","26","    12.4"," ","S","26","    37.4"," ","S","26","    32.4"," ","S","26","    27.4"," ","S","26","    22.4"," ","S","26","    20.4"," ","S","26","    17.4"," ","S","26","     7.4"," ","S","26","     5.6"," ","S","26","    12.4"," ","S","26","    37.4"," ","S","26","    32.4"," ","S","26","    27.4"," ","S","26","    22.4"," ","S","26","    20.4"," ","S","26","    17.4"," ","S","26","     7.4"," ","S","26","     5.6"," ","S","26","    25.0"," ","S","26","    23.0"," ","S","26","    15.2"," ","S","30","     7.6"," ","S","30","     4.3"," ","S","30","     1.6"," ","S","30","     0.7"," ","S","30","     0.1"," ","S","30","     0.0"," ","S","30","     0.0"," ","S","30","    0.04"," ","S","30","    0.09"," ","S","30","    0.25"," ","S","30","    0.34"," ","S","29","    7.13"," ","S","29","     0.0"," ","S","27","     0.0"," ","S","27","     0.0"," ","S","27","     0.0"," ","S","27","     0.0"," ","S","27","     0.0"," ","S","27","     0.0"," ","S","27","     0.0"," ","S","27"," -9999.0","M"," "," 0"," -9999.0","M"," "," 0"," -9999.0","M"," "," 0","     0.0"," ","S","27","    14.8"," ","S","27","     0.0"," ","S","27","     0.0"," ","S","27","     0.0"," ","S","27","     0.0"," ","S","27","     0.0"," ","S","27","     0.0"," ","S","27","     0.0"," ","S","27"," -9999.0","M"," "," 0"," -9999.0","M"," "," 0"," -9999.0","M"," "," 0"
"USC00424508","07-12"," 37.0286","-112.5361","1493.5","KANAB, UT US","07","12","99","    77.5"," ","S","26","    94.5"," ","S","30","    60.5"," ","S","26","    34.0"," ","S","26","     4.3"," ","S","26","     5.3"," ","S","30","     5.3"," ","S","26","     6.2"," ","S","26","     0.0"," ","S","26","     0.0"," ","S","26","     0.0"," ","S","26","     0.0"," ","S","26","     0.0"," ","S","26","     0.0"," ","S","26","     0.0"," ","S","26","    12.5"," ","S","26","    37.5"," ","S","26","    32.5"," ","S","26","    27.5"," ","S","26","    22.5"," ","S","26","    20.5"," ","S","26","    17.5"," ","S","26","     7.6"," ","S","26","     5.7"," ","S","26","    12.5"," ","S","26","    37.5"," ","S","26","    32.5"," ","S","26","    27.5"," ","S","26","    22.5"," ","S","26","    20.5"," ","S","26","    17.5"," ","S","26","     7.6"," ","S","26","     5.7"," ","S","26","    25.1"," ","S","26","    23.1"," ","S","26","    15.5"," ","S","30","     7.8"," ","S","30","     4.4"," ","S","30","     1.7"," ","S","30","     0.7"," ","S","30","     0.1"," ","S","30","     0.0"," ","S","30","     0.0"," ","S","30","    0.04"," ","S","30","    0.09"," ","S","30","    0.25"," ","S","30","    0.38"," ","S","29","    7.17"," ","S","29","     0.0"," ","S","27","     0.0"," ","S","27","     0.0"," ","S","27","     0.0"," ","S","27","     0.0"," ","S","27","     0.0"," ","S","27","     0.0"," ","S","27","     0.0"," ","S","27"," -9999.0","M"," "," 0"," -9999.0","M"," "," 0"," -9999.0","M"," "," 0","     0.0"," ","S","27","    14.8"," ","S","27","     0.0"," ","S","27","     0.0"," ","S","27","     0.0"," ","S","27","     0.0"," ","S","27","     0.0"," ","S","27","     0.0"," ","S","27","     0.0"," ","S","27"," -9999.0","M"," "," 0"," -9999.0","M"," "," 0"," -9999.0","M"," "," 0"
"USC00424508","07-13"," 37.0286","-112.5361","1493.5","KANAB, UT US","07","13","99","    77.6"," ","S","26","    94.5"," ","S","30","    60.7"," ","S","26","    33.9"," ","S","26","     4.3"," ","S","26","     5.3"," ","S","30","     5.2"," ","S","26","     6.2"," ","S","26","     0.0"," ","S","26","     0.0"," ","S","26","     0.0"," ","S","26","     0.0"," ","S","26","     0.0"," ","S","26","     0.0"," ","S","26","     0.0"," ","S","26","    12.6"," ","S","26","    37.6"," ","S","26","    32.6"," ","S","26","    27.6"," ","S","26","    22.6"," ","S","26","    20.6"," ","S","26","    17.6"," ","S","26","     7.7"," ","S","26","     5.8"," ","S","26","    12.6"," ","S","26","    37.6"," ","S","26","    32.6"," ","S","26","    27.6"," ","S","26","    22.6"," ","S","26","    20.6"," ","S","26","    17.6"," ","S","26","     7.7"," ","S","26","     5.8"," ","S","26","    25.2"," ","S","26","    23.2"," ","S","26","    15.9"," ","S","30","     7.9"," ","S","30","     4.5"," ","S","30","     1.8"," ","S","30","     0.8"," ","S","30","     0.1"," ","S","30","     0.0"," ","S","30","     0.0"," ","S","30","    0.04"," ","S","30","    0.09"," ","S","30","    0.25"," ","S","30","    0.42"," ","S","29","    7.21"," ","S","29","     0.0"," ","S","27","     0.0"," ","S","27","     0.0"," ","S","27","     0.0"," ","S","27","     0.0"," ","S","27","     0.0"," ","S","27","     0.0"," ","S","27","     0.0"," ","S","27"," -9999.0","M"," "," 0"," -9999.0","M"," "," 0"," -9999.0","M"," "," 0","     0.0"," ","S","27","    14.8"," ","S","27","     0.0"," ","S","27","     0.0"," ","S","27","     0.0"," ","S","27","     0.0"," ","S","27","     0.0"," ","S","27","     0.0"," ","S","27","     0.0"," ","S","27"," -9999.0","M"," "," 0"," -9999.0","M"," "," 0"," -9999.0","M"," "," 0"
"USC00424508","07-14"," 37.0286","-112.5361","1493.5","KANAB, UT US","07","14","99","    77.7"," ","S","26","    94.6"," ","S","30","    60.9"," ","S","26","    33.7"," ","S","26","     4.2"," ","S","26","     5.3"," ","S","30","     5.2"," ","S","26","     6.2"," ","S","26","     0.0"," ","S","26","     0.0"," ","S","26","     0.0"," ","S","26","     0.0"," ","S","26","     0.0"," ","S","26","     0.0"," ","S","26","     0.0"," ","S","26","    12.7"," ","S","26","    37.7"," ","S","26","    32.7"," ","S","26","    27.7"," ","S","26","    22.7"," ","S","26","    20.7"," ","S","26","    17.7"," ","S","26","     7.8"," ","S","26","     5.9"," ","S","26","    12.7"," ","S","26","    37.7"," ","S","26","    32.7"," ","S","26","    27.7"," ","S","26","    22.7"," ","S","26","    20.7"," ","S","26","    17.7"," ","S","26","     7.8"," ","S","26","     5.9"," ","S","26","    25.3"," ","S","26","    23.3"," ","S","26","    16.2"," ","S","30","     8.1"," ","S","30","     4.6"," ","S","30","     1.8"," ","S","30","     0.8"," ","S","30","     0.1"," ","S","30","     0.0"," ","S","30","     0.0"," ","S","30","    0.04"," ","S","30","    0.09"," ","S","30","    0.26"," ","S","30","    0.46"," ","S","29","    7.25"," ","S","29","     0.0"," ","S","27","     0.0"," ","S","27","     0.0"," ","S","27","     0.0"," ","S","27","     0.0"," ","S","27","     0.0"," ","S","27","     0.0"," ","S","27","     0.0"," ","S","27"," -9999.0","M"," "," 0"," -9999.0","M"," "," 0"," -9999.0","M"," "," 0","     0.0"," ","S","27","    14.8"," ","S","27","     0.0"," ","S","27","     0.0"," ","S","27","     0.0"," ","S","27","     0.0"," ","S","27","     0.0"," ","S","27","     0.0"," ","S","27","     0.0"," ","S","27"," -9999.0","M"," "," 0"," -9999.0","M"," "," 0"," -9999.0","M"," "," 0"
"USC00424508","07-15"," 37.0286","-112.5361","1493.5","KANAB, UT US","07","15","99","    77.8"," ","S","26","    94.6"," ","S","30","    61.0"," ","S","26","    33.5"," ","S","26","     4.2"," ","S","26","     5.3"," ","S","30","     5.1"," ","S","26","     6.2"," ","S","26","     0.0"," ","S","26","     0.0"," ","S","26","     0.0"," ","S","26","     0.0"," ","S","26","     0.0"," ","S","26","     0.0"," ","S","26","     0.0"," ","S","26","    12.8"," ","S","26","    37.8"," ","S","26","    32.8"," ","S","26","    27.8"," ","S","26","    22.8"," ","S","26","    20.8"," ","S","26","    17.8"," ","S","26","     7.9"," ","S","26","     6.0"," ","S","26","    12.8"," ","S","26","    37.8"," ","S","26","    32.8"," ","S","26","    27.8"," ","S","26","    22.8"," ","S","26","    20.8"," ","S","26","    17.8"," ","S","26","     7.9"," ","S","26","     6.0"," ","S","26","    25.4"," ","S","26","    23.4"," ","S","26","    16.5"," ","S","30","     8.3"," ","S","30","     4.7"," ","S","30","     1.9"," ","S","30","     0.8"," ","S","30","     0.1"," ","S","30","     0.0"," ","S","30","     0.0"," ","S","30","    0.04"," ","S","30","    0.09"," ","S","30","    0.26"," ","S","30","    0.50"," ","S","29","    7.29"," ","S","29","     0.0"," ","S","27","     0.0"," ","S","27","     0.0"," ","S","27","     0.0"," ","S","27","     0.0"," ","S","27","     0.0"," ","S","27","     0.0"," ","S","27","     0.0"," ","S","27"," -9999.0","M"," "," 0"," -9999.0","M"," "," 0"," -9999.0","M"," "," 0","     0.0"," ","S","27","    14.8"," ","S","27","     0.0"," ","S","27","     0.0"," ","S","27","     0.0"," ","S","27","     0.0"," ","S","27","     0.0"," ","S","27","     0.0"," ","S","27","     0.0"," ","S","27"," -9999.0","M"," "," 0"," -9999.0","M"," "," 0"," -9999.0","M"," "," 0"
"USC00424508","07-16"," 37.0286","-112.5361","1493.5","KANAB, UT US","07","16","99","    77.9"," ","S","26","    94.6"," ","S","30","    61.2"," ","S","26","    33.4"," ","S","26","     4.1"," ","S","26","     5.2"," ","S","30","     5.1"," ","S","26","     6.2"," ","S","26","     0.0"," ","S","26","     0.0"," ","S","26","     0.0"," ","S","26","     0.0"," ","S","26","     0.0"," ","S","26","     0.0"," ","S","26","     0.0"," ","S","26","    12.9"," ","S","26","    37.9"," ","S","26","    32.9"," ","S","26","    27.9"," ","S","26","    22.9"," ","S","26","    20.9"," ","S","26","    17.9"," ","S","26","     7.9"," ","S","26","     6.0"," ","S","26","    12.9"," ","S","26","    37.9"," ","S","26","    32.9"," ","S","26","    27.9"," ","S","26","    22.9"," ","S","26","    20.9"," ","S","26","    17.9"," ","S","26","     7.9"," ","S","26","     6.0"," ","S","26","    25.5"," ","S","26","    23.5"," ","S","26","    16.9"," ","S","30","     8.5"," ","S","30","     4.8"," ","S","30","     2.0"," ","S","30","     0.8"," ","S","30","     0.1"," ","S","30","     0.0"," ","S","30","     0.0"," ","S","30","    0.04"," ","S","30","    0.09"," ","S","30","    0.26"," ","S","30","    0.54"," ","S","29","    7.33"," ","S","29","     0.0"," ","S","27","     0.0"," ","S","27","     0.0"," ","S","27","     0.0"," ","S","27","     0.0"," ","S","27","     0.0"," ","S","27","     0.0"," ","S","27","     0.0"," ","S","27"," -9999.0","M"," "," 0"," -9999.0","M"," "," 0"," -9999.0","M"," "," 0","     0.0"," ","S","27","    14.8"," ","S","27","     0.0"," ","S","27","     0.0"," ","S","27","     0.0"," ","S","27","     0.0"," ","S","27","     0.0"," ","S","27","     0.0"," ","S","27","     0.0"," ","S","27"," -9999.0","M"," "," 0"," -9999.0","M"," "," 0"," -9999.0","M"," "," 0"
"USC00424508","07-17"," 37.0286","-112.5361","1493.5","KANAB, UT US","07","17","99","    77.9"," ","S","26","    94.6"," ","S","30","    61.3"," ","S","26","    33.3"," ","S","26","     4.1"," ","S","26","     5.2"," ","S","30","     5.0"," ","S","26","     6.1"," ","S","26","     0.0"," ","S","26","     0.0"," ","S","26","     0.0"," ","S","26","     0.0"," ","S","26","     0.0"," ","S","26","     0.0"," ","S","26","     0.0"," ","S","26","    12.9"," ","S","26","    37.9"," ","S","26","    32.9"," ","S","26","    27.9"," ","S","26","    22.9"," ","S","26","    20.9"," ","S","26","    17.9"," ","S","26","     8.0"," ","S","26","     6.1"," ","S","26","    12.9"," ","S","26","    37.9"," ","S","26","    32.9"," ","S","26","    27.9"," ","S","26","    22.9"," ","S","26","    20.9"," ","S","26","    17.9"," ","S","26","     8.0"," ","S","26","     6.1"," ","S","26","    25.5"," ","S","26","    23.5"," ","S","26","    17.2"," ","S","30","     8.7"," ","S","30","     4.9"," ","S","30","     2.0"," ","S","30","     0.8"," ","S","30","     0.1"," ","S","30","     0.0"," ","S","30","     0.0"," ","S","30","    0.04"," ","S","30","    0.09"," ","S","30","    0.26"," ","S","30","    0.59"," ","S","29","    7.38"," ","S","29","     0.0"," ","S","27","     0.0"," ","S","27","     0.0"," ","S","27","     0.0"," ","S","27","     0.0"," ","S","27","     0.0"," ","S","27","     0.0"," ","S","27","     0.0"," ","S","27"," -9999.0","M"," "," 0"," -9999.0","M"," "," 0"," -9999.0","M"," "," 0","     0.0"," ","S","27","    14.8"," ","S","27","     0.0"," ","S","27","     0.0"," ","S","27","     0.0"," ","S","27","     0.0"," ","S","27","     0.0"," ","S","27","     0.0"," ","S","27","     0.0"," ","S","27"," -9999.0","M"," "," 0"," -9999.0","M"," "," 0"," -9999.0","M"," "," 0"
"USC00424508","07-18"," 37.0286","-112.5361","1493.5","KANAB, UT US","07","18","99","    78.0"," ","S","26","    94.5"," ","S","30","    61.4"," ","S","26","    33.1"," ","S","26","     4.1"," ","S","26","     5.2"," ","S","30","     5.0"," ","S","26","     6.1"," ","S","26","     0.0"," ","S","26","     0.0"," ","S","26","     0.0"," ","S","26","     0.0"," ","S","26","     0.0"," ","S","26","     0.0"," ","S","26","     0.0"," ","S","26","    13.0"," ","S","26","    38.0"," ","S","26","    33.0"," ","S","26","    28.0"," ","S","26","    23.0"," ","S","26","    21.0"," ","S","26","    18.0"," ","S","26","     8.0"," ","S","26","     6.2"," ","S","26","    13.0"," ","S","26","    38.0"," ","S","26","    33.0"," ","S","26","    28.0"," ","S","26","    23.0"," ","S","26","    21.0"," ","S","26","    18.0"," ","S","26","     8.0"," ","S","26","     6.2"," ","S","26","    25.6"," ","S","26","    23.6"," ","S","26","    17.5"," ","S","30","     8.9"," ","S","30","     5.0"," ","S","30","     2.0"," ","S","30","     0.8"," ","S","30","     0.1"," ","S","30","     0.0"," ","S","30","     0.0"," ","S","30","    0.04"," ","S","30","    0.10"," ","S","30","    0.26"," ","S","30","    0.64"," ","S","29","    7.43"," ","S","29","     0.0"," ","S","27","     0.0"," ","S","27","     0.0"," ","S","27","     0.0"," ","S","27","     0.0"," ","S","27","     0.0"," ","S","27","     0.0"," ","S","27","     0.0"," ","S","27"," -9999.0","M"," "," 0"," -9999.0","M"," "," 0"," -9999.0","M"," "," 0","     0.0"," ","S","27","    14.8"," ","S","27","     0.0"," ","S","27","     0.0"," ","S","27","     0.0"," ","S","27","     0.0"," ","S","27","     0.0"," ","S","27","     0.0"," ","S","27","     0.0"," ","S","27"," -9999.0","M"," "," 0"," -9999.0","M"," "," 0"," -9999.0","M"," "," 0"
"USC00424508","07-19"," 37.0286","-112.5361","1493.5","KANAB, UT US","07","19","99","    78.0"," ","S","26","    94.5"," ","S","30","    61.5"," ","S","26","    33.0"," ","S","26","     4.0"," ","S","26","     5.2"," ","S","30","     4.9"," ","S","26","     6.1"," ","S","26","     0.0"," ","S","26","     0.0"," ","S","26","     0.0"," ","S","26","     0.0"," ","S","26","     0.0"," ","S","26","     0.0"," ","S","26","     0.0"," ","S","26","    13.0"," ","S","26","    38.0"," ","S","26","    33.0"," ","S","26","    28.0"," ","S","26","    23.0"," ","S","26","    21.0"," ","S","26","    18.0"," ","S","26","     8.1"," ","S","26","     6.2"," ","S","26","    13.0"," ","S","26","    38.0"," ","S","26","    33.0"," ","S","26","    28.0"," ","S","26","    23.0"," ","S","26","    21.0"," ","S","26","    18.0"," ","S","26","     8.1"," ","S","26","     6.2"," ","S","26","    25.7"," ","S","26","    23.7"," ","S","26","    17.9"," ","S","30","     9.0"," ","S","30","     5.1"," ","S","30","     2.1"," ","S","30","     0.8"," ","S","30","     0.1"," ","S","30","     0.0"," ","S","30","     0.0"," ","S","30","    0.04"," ","S","30","    0.10"," ","S","30","    0.26"," ","S","30","    0.68"," ","S","29","    7.47"," ","S","29","     0.0"," ","S","27","     0.0"," ","S","27","     0.0"," ","S","27","     0.0"," ","S","27","     0.0"," ","S","27","     0.0"," ","S","27","     0.0"," ","S","27","     0.0"," ","S","27"," -9999.0","M"," "," 0"," -9999.0","M"," "," 0"," -9999.0","M"," "," 0","     0.0"," ","S","27","    14.8"," ","S","27","     0.0"," ","S","27","     0.0"," ","S","27","     0.0"," ","S","27","     0.0"," ","S","27","     0.0"," ","S","27","     0.0"," ","S","27","     0.0"," ","S","27"," -9999.0","M"," "," 0"," -9999.0","M"," "," 0"," -9999.0","M"," "," 0"
"USC00424508","07-20"," 37.0286","-112.5361","1493.5","KANAB, UT US","07","20","99","    78.1"," ","S","26","    94.5"," ","S","30","    61.6"," ","S","26","    32.9"," ","S","26","     4.0"," ","S","26","     5.2"," ","S","30","     4.8"," ","S","26","     6.1"," ","S","26","     0.0"," ","S","26","     0.0"," ","S","26","     0.0"," ","S","26","     0.0"," ","S","26","     0.0"," ","S","26","     0.0"," ","S","26","     0.0"," ","S","26","    13.1"," ","S","26","    38.1"," ","S","26","    33.1"," ","S","26","    28.1"," ","S","26","    23.1"," ","S","26","    21.1"," ","S","26","    18.1"," ","S","26","     8.1"," ","S","26","     6.2"," ","S","26","    13.1"," ","S","26","    38.1"," ","S","26","    33.1"," ","S","26","    28.1"," ","S","26","    23.1"," ","S","26","    21.1"," ","S","26","    18.1"," ","S","26","     8.1"," ","S","26","     6.2"," ","S","26","    25.7"," ","S","26","    23.7"," ","S","26","    18.2"," ","S","30","     9.2"," ","S","30","     5.2"," ","S","30","     2.1"," ","S","30","     0.8"," ","S","30","     0.1"," ","S","30","     0.0"," ","S","30","     0.0"," ","S","30","    0.04"," ","S","30","    0.10"," ","S","30","    0.26"," ","S","30","    0.73"," ","S","29","    7.52"," ","S","29","     0.0"," ","S","27","     0.0"," ","S","27","     0.0"," ","S","27","     0.0"," ","S","27","     0.0"," ","S","27","     0.0"," ","S","27","     0.0"," ","S","27","     0.0"," ","S","27"," -9999.0","M"," "," 0"," -9999.0","M"," "," 0"," -9999.0","M"," "," 0","     0.0"," ","S","27","    14.8"," ","S","27","     0.0"," ","S","27","     0.0"," ","S","27","     0.0"," ","S","27","     0.0"," ","S","27","     0.0"," ","S","27","     0.0"," ","S","27","     0.0"," ","S","27"," -9999.0","M"," "," 0"," -9999.0","M"," "," 0"," -9999.0","M"," "," 0"
"USC00424508","07-21"," 37.0286","-112.5361","1493.5","KANAB, UT US","07","21","99","    78.1"," ","S","26","    94.4"," ","S","30","    61.7"," ","S","26","    32.8"," ","S","26","     3.9"," ","S","26","     5.1"," ","S","30","     4.8"," ","S","26","     6.0"," ","S","26","     0.0"," ","S","26","     0.0"," ","S","26","     0.0"," ","S","26","     0.0"," ","S","26","     0.0"," ","S","26","     0.0"," ","S","26","     0.0"," ","S","26","    13.1"," ","S","26","    38.1"," ","S","26","    33.1"," ","S","26","    28.1"," ","S","26","    23.1"," ","S","26","    21.1"," ","S","26","    18.1"," ","S","26","     8.1"," ","S","26","     6.2"," ","S","26","    13.1"," ","S","26","    38.1"," ","S","26","    33.1"," ","S","26","    28.1"," ","S","26","    23.1"," ","S","26","    21.1"," ","S","26","    18.1"," ","S","26","     8.1"," ","S","26","     6.2"," ","S","26","    25.8"," ","S","26","    23.8"," ","S","26","    18.6"," ","S","30","     9.4"," ","S","30","     5.2"," ","S","30","     2.2"," ","S","30","     0.8"," ","S","30","     0.1"," ","S","30","     0.0"," ","S","30","     0.0"," ","S","30","    0.04"," ","S","30","    0.10"," ","S","30","    0.26"," ","S","30","    0.78"," ","S","29","    7.57"," ","S","29","     0.0"," ","S","27","     0.0"," ","S","27","     0.0"," ","S","27","     0.0"," ","S","27","     0.0"," ","S","27","     0.0"," ","S","27","     0.0"," ","S","27","     0.0"," ","S","27"," -9999.0","M"," "," 0"," -9999.0","M"," "," 0"," -9999.0","M"," "," 0","     0.0"," ","S","27","    14.8"," ","S","27","     0.0"," ","S","27","     0.0"," ","S","27","     0.0"," ","S","27","     0.0"," ","S","27","     0.0"," ","S","27","     0.0"," ","S","27","     0.0"," ","S","27"," -9999.0","M"," "," 0"," -9999.0","M"," "," 0"," -9999.0","M"," "," 0"
"USC00424508","07-22"," 37.0286","-112.5361","1493.5","KANAB, UT US","07","22","99","    78.1"," ","S","26","    94.4"," ","S","30","    61.8"," ","S","26","    32.6"," ","S","26","     3.9"," ","S","26","     5.1"," ","S","30","     4.7"," ","S","26","     6.0"," ","S","26","     0.0"," ","S","26","     0.0"," ","S","26","     0.0"," ","S","26","     0.0"," ","S","26","     0.0"," ","S","26","     0.0"," ","S","26","     0.0"," ","S","26","    13.1"," ","S","26","    38.1"," ","S","26","    33.1"," ","S","26","    28.1"," ","S","26","    23.1"," ","S","26","    21.1"," ","S","26","    18.1"," ","S","26","     8.1"," ","S","26","     6.2"," ","S","26","    13.1"," ","S","26","    38.1"," ","S","26","    33.1"," ","S","26","    28.1"," ","S","26","    23.1"," ","S","26","    21.1"," ","S","26","    18.1"," ","S","26","     8.1"," ","S","26","     6.2"," ","S","26","    25.8"," ","S","26","    23.8"," ","S","26","    18.9"," ","S","30","     9.6"," ","S","30","     5.3"," ","S","30","     2.2"," ","S","30","     0.8"," ","S","30","     0.1"," ","S","30","     0.0"," ","S","30","     0.0"," ","S","30","    0.03"," ","S","30","    0.10"," ","S","30","    0.26"," ","S","30","    0.83"," ","S","29","    7.62"," ","S","29","     0.0"," ","S","27","     0.0"," ","S","27","     0.0"," ","S","27","     0.0"," ","S","27","     0.0"," ","S","27","     0.0"," ","S","27","     0.0"," ","S","27","     0.0"," ","S","27"," -9999.0","M"," "," 0"," -9999.0","M"," "," 0"," -9999.0","M"," "," 0","     0.0"," ","S","27","    14.8"," ","S","27","     0.0"," ","S","27","     0.0"," ","S","27","     0.0"," ","S","27","     0.0"," ","S","27","     0.0"," ","S","27","     0.0"," ","S","27","     0.0"," ","S","27"," -9999.0","M"," "," 0"," -9999.0","M"," "," 0"," -9999.0","M"," "," 0"
"USC00424508","07-23"," 37.0286","-112.5361","1493.5","KANAB, UT US","07","23","99","    78.1"," ","S","26","    94.3"," ","S","30","    61.8"," ","S","26","    32.5"," ","S","26","     3.9"," ","S","26","     5.1"," ","S","30","     4.7"," ","S","26","     6.0"," ","S","26","     0.0"," ","S","26","     0.0"," ","S","26","     0.0"," ","S","26","     0.0"," ","S","26","     0.0"," ","S","26","     0.0"," ","S","26","     0.0"," ","S","26","    13.1"," ","S","26","    38.1"," ","S","26","    33.1"," ","S","26","    28.1"," ","S","26","    23.1"," ","S","26","    21.1"," ","S","26","    18.1"," ","S","26","     8.1"," ","S","26","     6.2"," ","S","26","    13.1"," ","S","26","    38.1"," ","S","26","    33.1"," ","S","26","    28.1"," ","S","26","    23.1"," ","S","26","    21.1"," ","S","26","    18.1"," ","S","26","     8.1"," ","S","26","     6.2"," ","S","26","    25.8"," ","S","26","    23.8"," ","S","26","    19.2"," ","S","30","     9.7"," ","S","30","     5.4"," ","S","30","     2.3"," ","S","30","     0.8"," ","S","30","     0.1"," ","S","30","     0.0"," ","S","30","     0.0"," ","S","30","    0.03"," ","S","30","    0.10"," ","S","30","    0.26"," ","S","30","    0.87"," ","S","29","    7.66"," ","S","29","     0.0"," ","S","27","     0.0"," ","S","27","     0.0"," ","S","27","     0.0"," ","S","27","     0.0"," ","S","27","     0.0"," ","S","27","     0.0"," ","S","27","     0.0"," ","S","27"," -9999.0","M"," "," 0"," -9999.0","M"," "," 0"," -9999.0","M"," "," 0","     0.0"," ","S","27","    14.8"," ","S","27","     0.0"," ","S","27","     0.0"," ","S","27","     0.0"," ","S","27","     0.0"," ","S","27","     0.0"," ","S","27","     0.0"," ","S","27","     0.0"," ","S","27"," -9999.0","M"," "," 0"," -9999.0","M"," "," 0"," -9999.0","M"," "," 0"
"USC00424508","07-24"," 37.0286","-112.5361","1493.5","KANAB, UT US","07","24","99","    78.1"," ","S","26","    94.3"," ","S","30","    61.8"," ","S","26","    32.4"," ","S","26","     3.8"," ","S","26","     5.1"," ","S","30","     4.6"," ","S","26","     6.0"," ","S","26","     0.0"," ","S","26","     0.0"," ","S","26","     0.0"," ","S","26","     0.0"," ","S","26","     0.0"," ","S","26","     0.0"," ","S","26","     0.0"," ","S","26","    13.1"," ","S","26","    38.1"," ","S","26","    33.1"," ","S","26","    28.1"," ","S","26","    23.1"," ","S","26","    21.1"," ","S","26","    18.1"," ","S","26","     8.1"," ","S","26","     6.2"," ","S","26","    13.1"," ","S","26","    38.1"," ","S","26","    33.1"," ","S","26","    28.1"," ","S","26","    23.1"," ","S","26","    21.1"," ","S","26","    18.1"," ","S","26","     8.1"," ","S","26","     6.2"," ","S","26","    25.8"," ","S","26","    23.9"," ","S","26","    19.5"," ","S","30","     9.9"," ","S","30","     5.5"," ","S","30","     2.3"," ","S","30","     0.8"," ","S","30","     0.1"," ","S","30","     0.0"," ","S","30","     0.0"," ","S","30","    0.03"," ","S","30","    0.10"," ","S","30","    0.26"," ","S","30","    0.92"," ","S","29","    7.71"," ","S","29","     0.0"," ","S","27","     0.0"," ","S","27","     0.0"," ","S","27","     0.0"," ","S","27","     0.0"," ","S","27","     0.0"," ","S","27","     0.0"," ","S","27","     0.0"," ","S","27"," -9999.0","M"," "," 0"," -9999.0","M"," "," 0"," -9999.0","M"," "," 0","     0.0"," ","S","27","    14.8"," ","S","27","     0.0"," ","S","27","     0.0"," ","S","27","     0.0"," ","S","27","     0.0"," ","S","27","     0.0"," ","S","27","     0.0"," ","S","27","     0.0"," ","S","27"," -9999.0","M"," "," 0"," -9999.0","M"," "," 0"," -9999.0","M"," "," 0"
"USC00424508","07-25"," 37.0286","-112.5361","1493.5","KANAB, UT US","07","25","99","    78.0"," ","S","26","    94.2"," ","S","30","    61.9"," ","S","26","    32.3"," ","S","26","     3.8"," ","S","26","     5.1"," ","S","30","     4.6"," ","S","26","     6.0"," ","S","26","     0.0"," ","S","26","     0.0"," ","S","26","     0.0"," ","S","26","     0.0"," ","S","26","     0.0"," ","S","26","     0.0"," ","S","26","     0.0"," ","S","26","    13.0"," ","S","26","    38.0"," ","S","26","    33.0"," ","S","26","    28.0"," ","S","26","    23.0"," ","S","26","    21.0"," ","S","26","    18.0"," ","S","26","     8.0"," ","S","26","     6.1"," ","S","26","    13.0"," ","S","26","    38.0"," ","S","26","    33.0"," ","S","26","    28.0"," ","S","26","    23.0"," ","S","26","    21.0"," ","S","26","    18.0"," ","S","26","     8.0"," ","S","26","     6.1"," ","S","26","    25.9"," ","S","26","    23.9"," ","S","26","    19.8"," ","S","30","    10.1"," ","S","30","     5.5"," ","S","30","     2.4"," ","S","30","     0.8"," ","S","30","     0.1"," ","S","30","     0.0"," ","S","30","     0.0"," ","S","30","    0.03"," ","S","30","    0.10"," ","S","30","    0.26"," ","S","30","    0.97"," ","S","29","    7.76"," ","S","29","     0.0"," ","S","27","     0.0"," ","S","27","     0.0"," ","S","27","     0.0"," ","S","27","     0.0"," ","S","27","     0.0"," ","S","27","     0.0"," ","S","27","     0.0"," ","S","27"," -9999.0","M"," "," 0"," -9999.0","M"," "," 0"," -9999.0","M"," "," 0","     0.0"," ","S","27","    14.8"," ","S","27","     0.0"," ","S","27","     0.0"," ","S","27","     0.0"," ","S","27","     0.0"," ","S","27","     0.0"," ","S","27","     0.0"," ","S","27","     0.0"," ","S","27"," -9999.0","M"," "," 0"," -9999.0","M"," "," 0"," -9999.0","M"," "," 0"
"USC00424508","07-26"," 37.0286","-112.5361","1493.5","KANAB, UT US","07","26","99","    78.0"," ","S","26","    94.1"," ","S","30","    61.9"," ","S","26","    32.3"," ","S","26","     3.8"," ","S","26","     5.1"," ","S","30","     4.6"," ","S","26","     5.9"," ","S","26","     0.0"," ","S","26","     0.0"," ","S","26","     0.0"," ","S","26","     0.0"," ","S","26","     0.0"," ","S","26","     0.0"," ","S","26","     0.0"," ","S","26","    13.0"," ","S","26","    38.0"," ","S","26","    33.0"," ","S","26","    28.0"," ","S","26","    23.0"," ","S","26","    21.0"," ","S","26","    18.0"," ","S","26","     8.0"," ","S","26","     6.1"," ","S","26","    13.0"," ","S","26","    38.0"," ","S","26","    33.0"," ","S","26","    28.0"," ","S","26","    23.0"," ","S","26","    21.0"," ","S","26","    18.0"," ","S","26","     8.0"," ","S","26","     6.1"," ","S","26","    25.9"," ","S","26","    23.9"," ","S","26","    20.1"," ","S","30","    10.3"," ","S","30","     5.6"," ","S","30","     2.5"," ","S","30","     0.8"," ","S","30","     0.1"," ","S","30","     0.0"," ","S","30","     0.0"," ","S","30","    0.03"," ","S","30","    0.10"," ","S","30","    0.26"," ","S","30","    1.01"," ","S","29","    7.80"," ","S","29","     0.0"," ","S","27","     0.0"," ","S","27","     0.0"," ","S","27","     0.0"," ","S","27","     0.0"," ","S","27","     0.0"," ","S","27","     0.0"," ","S","27","     0.0"," ","S","27"," -9999.0","M"," "," 0"," -9999.0","M"," "," 0"," -9999.0","M"," "," 0","     0.0"," ","S","27","    14.8"," ","S","27","     0.0"," ","S","27","     0.0"," ","S","27","     0.0"," ","S","27","     0.0"," ","S","27","     0.0"," ","S","27","     0.0"," ","S","27","     0.0"," ","S","27"," -9999.0","M"," "," 0"," -9999.0","M"," "," 0"," -9999.0","M"," "," 0"
"USC00424508","07-27"," 37.0286","-112.5361","1493.5","KANAB, UT US","07","27","99","    77.9"," ","S","26","    94.0"," ","S","30","    61.8"," ","S","26","    32.2"," ","S","26","     3.8"," ","S","26","     5.0"," ","S","30","     4.5"," ","S","26","     5.9"," ","S","26","     0.0"," ","S","26","     0.0"," ","S","26","     0.0"," ","S","26","     0.0"," ","S","26","     0.0"," ","S","26","     0.0"," ","S","26","     0.0"," ","S","26","    12.9"," ","S","26","    37.9"," ","S","26","    32.9"," ","S","26","    27.9"," ","S","26","    22.9"," ","S","26","    20.9"," ","S","26","    17.9"," ","S","26","     8.0"," ","S","26","     6.0"," ","S","26","    12.9"," ","S","26","    37.9"," ","S","26","    32.9"," ","S","26","    27.9"," ","S","26","    22.9"," ","S","26","    20.9"," ","S","26","    17.9"," ","S","26","     8.0"," ","S","26","     6.0"," ","S","26","    25.8"," ","S","26","    23.8"," ","S","26","    20.3"," ","S","30","    10.4"," ","S","30","     5.6"," ","S","30","     2.5"," ","S","30","     0.8"," ","S","30","     0.1"," ","S","30","     0.0"," ","S","30","     0.0"," ","S","30","    0.03"," ","S","30","    0.10"," ","S","30","    0.26"," ","S","30","    1.06"," ","S","29","    7.85"," ","S","29","     0.0"," ","S","27","     0.0"," ","S","27","     0.0"," ","S","27","     0.0"," ","S","27","     0.0"," ","S","27","     0.0"," ","S","27","     0.0"," ","S","27","     0.0"," ","S","27"," -9999.0","M"," "," 0"," -9999.0","M"," "," 0"," -9999.0","M"," "," 0","     0.0"," ","S","27","    14.8"," ","S","27","     0.0"," ","S","27","     0.0"," ","S","27","     0.0"," ","S","27","     0.0"," ","S","27","     0.0"," ","S","27","     0.0"," ","S","27","     0.0"," ","S","27"," -9999.0","M"," "," 0"," -9999.0","M"," "," 0"," -9999.0","M"," "," 0"
"USC00424508","07-28"," 37.0286","-112.5361","1493.5","KANAB, UT US","07","28","99","    77.9"," ","S","26","    94.0"," ","S","30","    61.8"," ","S","26","    32.1"," ","S","26","     3.8"," ","S","26","     5.0"," ","S","30","     4.5"," ","S","26","     5.9"," ","S","26","     0.0"," ","S","26","     0.0"," ","S","26","     0.0"," ","S","26","     0.0"," ","S","26","     0.0"," ","S","26","     0.0"," ","S","26","     0.0"," ","S","26","    12.9"," ","S","26","    37.9"," ","S","26","    32.9"," ","S","26","    27.9"," ","S","26","    22.9"," ","S","26","    20.9"," ","S","26","    17.9"," ","S","26","     7.9"," ","S","26","     6.0"," ","S","26","    12.9"," ","S","26","    37.9"," ","S","26","    32.9"," ","S","26","    27.9"," ","S","26","    22.9"," ","S","26","    20.9"," ","S","26","    17.9"," ","S","26","     7.9"," ","S","26","     6.0"," ","S","26","    25.8"," ","S","26","    23.8"," ","S","26","    20.5"," ","S","30","    10.6"," ","S","30","     5.6"," ","S","30","     2.5"," ","S","30","     0.8"," ","S","30","     0.1"," ","S","30","     0.0"," ","S","30","     0.0"," ","S","30","    0.03"," ","S","30","    0.10"," ","S","30","    0.25"," ","S","30","    1.11"," ","S","29","    7.90"," ","S","29","     0.0"," ","S","27","     0.0"," ","S","27","     0.0"," ","S","27","     0.0"," ","S","27","     0.0"," ","S","27","     0.0"," ","S","27","     0.0"," ","S","27","     0.0"," ","S","27"," -9999.0","M"," "," 0"," -9999.0","M"," "," 0"," -9999.0","M"," "," 0","     0.0"," ","S","27","    14.8"," ","S","27","     0.0"," ","S","27","     0.0"," ","S","27","     0.0"," ","S","27","     0.0"," ","S","27","     0.0"," ","S","27","     0.0"," ","S","27","     0.0"," ","S","27"," -9999.0","M"," "," 0"," -9999.0","M"," "," 0"," -9999.0","M"," "," 0"
"USC00424508","07-29"," 37.0286","-112.5361","1493.5","KANAB, UT US","07","29","99","    77.8"," ","S","26","    93.9"," ","S","30","    61.8"," ","S","26","    32.1"," ","S","26","     3.7"," ","S","26","     5.0"," ","S","30","     4.5"," ","S","26","     5.9"," ","S","26","     0.0"," ","S","26","     0.0"," ","S","26","     0.0"," ","S","26","     0.0"," ","S","26","     0.0"," ","S","26","     0.0"," ","S","26","     0.0"," ","S","26","    12.8"," ","S","26","    37.8"," ","S","26","    32.8"," ","S","26","    27.8"," ","S","26","    22.8"," ","S","26","    20.8"," ","S","26","    17.8"," ","S","26","     7.8"," ","S","26","     5.9"," ","S","26","    12.8"," ","S","26","    37.8"," ","S","26","    32.8"," ","S","26","    27.8"," ","S","26","    22.8"," ","S","26","    20.8"," ","S","26","    17.8"," ","S","26","     7.8"," ","S","26","     5.9"," ","S","26","    25.8"," ","S","26","    23.8"," ","S","26","    20.8"," ","S","30","    10.7"," ","S","30","     5.7"," ","S","30","     2.5"," ","S","30","     0.8"," ","S","30","     0.1"," ","S","30","     0.0"," ","S","30","     0.0"," ","S","30","    0.03"," ","S","30","    0.10"," ","S","30","    0.25"," ","S","30","    1.16"," ","S","29","    7.95"," ","S","29","     0.0"," ","S","27","     0.0"," ","S","27","     0.0"," ","S","27","     0.0"," ","S","27","     0.0"," ","S","27","     0.0"," ","S","27","     0.0"," ","S","27","     0.0"," ","S","27"," -9999.0","M"," "," 0"," -9999.0","M"," "," 0"," -9999.0","M"," "," 0","     0.0"," ","S","27","    14.8"," ","S","27","     0.0"," ","S","27","     0.0"," ","S","27","     0.0"," ","S","27","     0.0"," ","S","27","     0.0"," ","S","27","     0.0"," ","S","27","     0.0"," ","S","27"," -9999.0","M"," "," 0"," -9999.0","M"," "," 0"," -9999.0","M"," "," 0"
"USC00424508","07-30"," 37.0286","-112.5361","1493.5","KANAB, UT US","07","30","99","    77.8"," ","S","26","    93.8"," ","S","30","    61.7"," ","S","26","    32.0"," ","S","26","     3.7"," ","S","26","     5.0"," ","S","30","     4.5"," ","S","26","     5.9"," ","S","26","     0.0"," ","S","26","     0.0"," ","S","26","     0.0"," ","S","26","     0.0"," ","S","26","     0.0"," ","S","26","     0.0"," ","S","26","     0.0"," ","S","26","    12.7"," ","S","26","    37.7"," ","S","26","    32.7"," ","S","26","    27.7"," ","S","26","    22.7"," ","S","26","    20.7"," ","S","26","    17.7"," ","S","26","     7.8"," ","S","26","     5.8"," ","S","26","    12.7"," ","S","26","    37.7"," ","S","26","    32.7"," ","S","26","    27.7"," ","S","26","    22.7"," ","S","26","    20.7"," ","S","26","    17.7"," ","S","26","     7.8"," ","S","26","     5.8"," ","S","26","    25.8"," ","S","26","    23.8"," ","S","26","    21.0"," ","S","30","    10.8"," ","S","30","     5.7"," ","S","30","     2.5"," ","S","30","     0.8"," ","S","30","     0.1"," ","S","30","     0.0"," ","S","30","     0.0"," ","S","30","    0.03"," ","S","30","    0.10"," ","S","30","    0.25"," ","S","30","    1.20"," ","S","29","    7.99"," ","S","29","     0.0"," ","S","27","     0.0"," ","S","27","     0.0"," ","S","27","     0.0"," ","S","27","     0.0"," ","S","27","     0.0"," ","S","27","     0.0"," ","S","27","     0.0"," ","S","27"," -9999.0","M"," "," 0"," -9999.0","M"," "," 0"," -9999.0","M"," "," 0","     0.0"," ","S","27","    14.8"," ","S","27","     0.0"," ","S","27","     0.0"," ","S","27","     0.0"," ","S","27","     0.0"," ","S","27","     0.0"," ","S","27","     0.0"," ","S","27","     0.0"," ","S","27"," -9999.0","M"," "," 0"," -9999.0","M"," "," 0"," -9999.0","M"," "," 0"
"USC00424508","07-31"," 37.0286","-112.5361","1493.5","KANAB, UT US","07","31","99","    77.7"," ","S","26","    93.6"," ","S","30","    61.7"," ","S","26","    32.0"," ","S","26","     3.7"," ","S","26","     5.0"," ","S","30","     4.5"," ","S","26","     5.9"," ","S","26","     0.0"," ","S","26","     0.0"," ","S","26","     0.0"," ","S","26","     0.0"," ","S","26","     0.0"," ","S","26","     0.0"," ","S","26","     0.0"," ","S","26","    12.7"," ","S","26","    37.7"," ","S","26","    32.7"," ","S","26","    27.7"," ","S","26","    22.7"," ","S","26","    20.7"," ","S","26","    17.7"," ","S","26","     7.7"," ","S","26","     5.8"," ","S","26","    12.7"," ","S","26","    37.7"," ","S","26","    32.7"," ","S","26","    27.7"," ","S","26","    22.7"," ","S","26","    20.7"," ","S","26","    17.7"," ","S","26","     7.7"," ","S","26","     5.8"," ","S","26","    25.7"," ","S","26","    23.8"," ","S","26","    21.2"," ","S","30","    10.9"," ","S","30","     5.7"," ","S","30","     2.6"," ","S","30","     0.8"," ","S","30","     0.1"," ","S","30","     0.0"," ","S","30","     0.0"," ","S","30","    0.03"," ","S","30","    0.10"," ","S","30","    0.25"," ","S","30","    1.25"," ","S","29","    8.04"," ","S","29","     0.0"," ","S","27","     0.0"," ","S","27","     0.0"," ","S","27","     0.0"," ","S","27","     0.0"," ","S","27","     0.0"," ","S","27","     0.0"," ","S","27","     0.0"," ","S","27"," -9999.0","M"," "," 0"," -9999.0","M"," "," 0"," -9999.0","M"," "," 0","     0.0"," ","S","27","    14.8"," ","S","27","     0.0"," ","S","27","     0.0"," ","S","27","     0.0"," ","S","27","     0.0"," ","S","27","     0.0"," ","S","27","     0.0"," ","S","27","     0.0"," ","S","27"," -9999.0","M"," "," 0"," -9999.0","M"," "," 0"," -9999.0","M"," "," 0"
"USC00424508","08-01"," 37.0286","-112.5361","1493.5","KANAB, UT US","08","01","99","    77.6"," ","S","26","    93.5"," ","S","28","    61.6"," ","S","26","    31.9"," ","S","26","     3.7"," ","S","26","     5.0"," ","S","28","     4.4"," ","S","26","     5.9"," ","S","26","     0.0"," ","S","26","     0.0"," ","S","26","     0.0"," ","S","26","     0.0"," ","S","26","     0.0"," ","S","26","     0.0"," ","S","26","     0.0"," ","S","26","    12.6"," ","S","26","    37.6"," ","S","26","    32.6"," ","S","26","    27.6"," ","S","26","    22.6"," ","S","26","    20.6"," ","S","26","    17.6"," ","S","26","     7.6"," ","S","26","     5.7"," ","S","26","    12.6"," ","S","26","    37.6"," ","S","26","    32.6"," ","S","26","    27.6"," ","S","26","    22.6"," ","S","26","    20.6"," ","S","26","    17.6"," ","S","26","     7.6"," ","S","26","     5.7"," ","S","26","    25.7"," ","S","26","    23.7"," ","S","26","    21.3"," ","S","30","    11.0"," ","S","30","     5.7"," ","S","30","     2.6"," ","S","30","     0.8"," ","S","30","     0.1"," ","S","30","     0.0"," ","S","30","     0.0"," ","S","30","    0.03"," ","S","30","    0.10"," ","S","30","    0.25"," ","S","30","    0.04"," ","S","27","    8.08"," ","S","27","     0.0"," ","S","27","     0.0"," ","S","27","     0.0"," ","S","27","     0.0"," ","S","27","     0.0"," ","S","27","     0.0"," ","S","27","     0.0"," ","S","27","     0.0"," ","S","27"," -9999.0","M"," "," 0"," -9999.0","M"," "," 0"," -9999.0","M"," "," 0","     0.0"," ","S","27","    14.8"," ","S","27","     0.0"," ","S","27","     0.0"," ","S","27","     0.0"," ","S","27","     0.0"," ","S","27","     0.0"," ","S","27","     0.0"," ","S","27","     0.0"," ","S","27"," -9999.0","M"," "," 0"," -9999.0","M"," "," 0"," -9999.0","M"," "," 0"
"USC00424508","08-02"," 37.0286","-112.5361","1493.5","KANAB, UT US","08","02","99","    77.5"," ","S","26","    93.4"," ","S","28","    61.5"," ","S","26","    31.9"," ","S","26","     3.7"," ","S","26","     5.0"," ","S","28","     4.4"," ","S","26","     5.9"," ","S","26","     0.0"," ","S","26","     0.0"," ","S","26","     0.0"," ","S","26","     0.0"," ","S","26","     0.0"," ","S","26","     0.0"," ","S","26","     0.0"," ","S","26","    12.5"," ","S","26","    37.5"," ","S","26","    32.5"," ","S","26","    27.5"," ","S","26","    22.5"," ","S","26","    20.5"," ","S","26","    17.5"," ","S","26","     7.5"," ","S","26","     5.6"," ","S","26","    12.5"," ","S","26","    37.5"," ","S","26","    32.5"," ","S","26","    27.5"," ","S","26","    22.5"," ","S","26","    20.5"," ","S","26","    17.5"," ","S","26","     7.5"," ","S","26","     5.6"," ","S","26","    25.7"," ","S","26","    23.7"," ","S","26","    21.4"," ","S","30","    11.1"," ","S","30","     5.6"," ","S","30","     2.6"," ","S","30","     0.7"," ","S","30","     0.1"," ","S","30","     0.0"," ","S","30","     0.0"," ","S","30","    0.03"," ","S","30","    0.10"," ","S","30","    0.25"," ","S","30","    0.08"," ","S","27","    8.12"," ","S","27","     0.0"," ","S","27","     0.0"," ","S","27","     0.0"," ","S","27","     0.0"," ","S","27","     0.0"," ","S","27","     0.0"," ","S","27","     0.0"," ","S","27","     0.0"," ","S","27"," -9999.0","M"," "," 0"," -9999.0","M"," "," 0"," -9999.0","M"," "," 0","     0.0"," ","S","27","    14.8"," ","S","27","     0.0"," ","S","27","     0.0"," ","S","27","     0.0"," ","S","27","     0.0"," ","S","27","     0.0"," ","S","27","     0.0"," ","S","27","     0.0"," ","S","27"," -9999.0","M"," "," 0"," -9999.0","M"," "," 0"," -9999.0","M"," "," 0"
"USC00424508","08-03"," 37.0286","-112.5361","1493.5","KANAB, UT US","08","03","99","    77.4"," ","S","26","    93.3"," ","S","28","    61.5"," ","S","26","    31.8"," ","S","26","     3.7"," ","S","26","     5.0"," ","S","28","     4.4"," ","S","26","     5.9"," ","S","26","     0.0"," ","S","26","     0.0"," ","S","26","     0.0"," ","S","26","     0.0"," ","S","26","     0.0"," ","S","26","     0.0"," ","S","26","     0.0"," ","S","26","    12.4"," ","S","26","    37.4"," ","S","26","    32.4"," ","S","26","    27.4"," ","S","26","    22.4"," ","S","26","    20.4"," ","S","26","    17.4"," ","S","26","     7.4"," ","S","26","     5.5"," ","S","26","    12.4"," ","S","26","    37.4"," ","S","26","    32.4"," ","S","26","    27.4"," ","S","26","    22.4"," ","S","26","    20.4"," ","S","26","    17.4"," ","S","26","     7.4"," ","S","26","     5.5"," ","S","26","    25.6"," ","S","26","    23.6"," ","S","26","    21.6"," ","S","30","    11.2"," ","S","30","     5.6"," ","S","30","     2.6"," ","S","30","     0.7"," ","S","30","     0.1"," ","S","30","     0.0"," ","S","30","     0.0"," ","S","30","    0.03"," ","S","30","    0.10"," ","S","30","    0.25"," ","S","30","    0.12"," ","S","27","    8.16"," ","S","27","     0.0"," ","S","27","     0.0"," ","S","27","     0.0"," ","S","27","     0.0"," ","S","27","     0.0"," ","S","27","     0.0"," ","S","27","     0.0"," ","S","27","     0.0"," ","S","27"," -9999.0","M"," "," 0"," -9999.0","M"," "," 0"," -9999.0","M"," "," 0","     0.0"," ","S","27","    14.8"," ","S","27","     0.0"," ","S","27","     0.0"," ","S","27","     0.0"," ","S","27","     0.0"," ","S","27","     0.0"," ","S","27","     0.0"," ","S","27","     0.0"," ","S","27"," -9999.0","M"," "," 0"," -9999.0","M"," "," 0"," -9999.0","M"," "," 0"
"USC00424508","08-04"," 37.0286","-112.5361","1493.5","KANAB, UT US","08","04","99","    77.3"," ","S","26","    93.2"," ","S","28","    61.4"," ","S","26","    31.8"," ","S","26","     3.7"," ","S","26","     5.0"," ","S","28","     4.3"," ","S","26","     5.9"," ","S","26","     0.0"," ","S","26","     0.0"," ","S","26","     0.0"," ","S","26","     0.0"," ","S","26","     0.0"," ","S","26","     0.0"," ","S","26","     0.0"," ","S","26","    12.3"," ","S","26","    37.3"," ","S","26","    32.3"," ","S","26","    27.3"," ","S","26","    22.3"," ","S","26","    20.3"," ","S","26","    17.3"," ","S","26","     7.3"," ","S","26","     5.4"," ","S","26","    12.3"," ","S","26","    37.3"," ","S","26","    32.3"," ","S","26","    27.3"," ","S","26","    22.3"," ","S","26","    20.3"," ","S","26","    17.3"," ","S","26","     7.3"," ","S","26","     5.4"," ","S","26","    25.5"," ","S","26","    23.5"," ","S","26","    21.7"," ","S","30","    11.2"," ","S","30","     5.6"," ","S","30","     2.6"," ","S","30","     0.7"," ","S","30","     0.1"," ","S","30","     0.0"," ","S","30","     0.0"," ","S","30","    0.03"," ","S","30","    0.10"," ","S","30","    0.25"," ","S","30","    0.17"," ","S","27","    8.21"," ","S","27","     0.0"," ","S","27","     0.0"," ","S","27","     0.0"," ","S","27","     0.0"," ","S","27","     0.0"," ","S","27","     0.0"," ","S","27","     0.0"," ","S","27","     0.0"," ","S","27"," -9999.0","M"," "," 0"," -9999.0","M"," "," 0"," -9999.0","M"," "," 0","     0.0"," ","S","27","    14.8"," ","S","27","     0.0"," ","S","27","     0.0"," ","S","27","     0.0"," ","S","27","     0.0"," ","S","27","     0.0"," ","S","27","     0.0"," ","S","27","     0.0"," ","S","27"," -9999.0","M"," "," 0"," -9999.0","M"," "," 0"," -9999.0","M"," "," 0"
"USC00424508","08-05"," 37.0286","-112.5361","1493.5","KANAB, UT US","08","05","99","    77.2"," ","S","26","    93.1"," ","S","28","    61.3"," ","S","26","    31.8"," ","S","26","     3.7"," ","S","26","     5.0"," ","S","28","     4.3"," ","S","26","     5.9"," ","S","26","     0.0"," ","S","26","     0.0"," ","S","26","     0.0"," ","S","26","     0.0"," ","S","26","     0.0"," ","S","26","     0.0"," ","S","26","     0.0"," ","S","26","    12.2"," ","S","26","    37.2"," ","S","26","    32.2"," ","S","26","    27.2"," ","S","26","    22.2"," ","S","26","    20.2"," ","S","26","    17.2"," ","S","26","     7.2"," ","S","26","     5.3"," ","S","26","    12.2"," ","S","26","    37.2"," ","S","26","    32.2"," ","S","26","    27.2"," ","S","26","    22.2"," ","S","26","    20.2"," ","S","26","    17.2"," ","S","26","     7.2"," ","S","26","     5.3"," ","S","26","    25.5"," ","S","26","    23.5"," ","S","26","    21.8"," ","S","30","    11.3"," ","S","30","     5.6"," ","S","30","     2.6"," ","S","30","     0.7"," ","S","30","     0.1"," ","S","30","     0.0"," ","S","30","     0.0"," ","S","30","    0.03"," ","S","30","    0.10"," ","S","30","    0.24"," ","S","30","    0.21"," ","S","27","    8.25"," ","S","27","     0.0"," ","S","27","     0.0"," ","S","27","     0.0"," ","S","27","     0.0"," ","S","27","     0.0"," ","S","27","     0.0"," ","S","27","     0.0"," ","S","27","     0.0"," ","S","27"," -9999.0","M"," "," 0"," -9999.0","M"," "," 0"," -9999.0","M"," "," 0","     0.0"," ","S","27","    14.8"," ","S","27","     0.0"," ","S","27","     0.0"," ","S","27","     0.0"," ","S","27","     0.0"," ","S","27","     0.0"," ","S","27","     0.0"," ","S","27","     0.0"," ","S","27"," -9999.0","M"," "," 0"," -9999.0","M"," "," 0"," -9999.0","M"," "," 0"
"USC00424508","08-06"," 37.0286","-112.5361","1493.5","KANAB, UT US","08","06","99","    77.0"," ","S","26","    92.9"," ","S","28","    61.1"," ","S","26","    31.8"," ","S","26","     3.7"," ","S","26","     5.1"," ","S","28","     4.3"," ","S","26","     5.9"," ","S","26","     0.0","X","S","26","     0.0"," ","S","26","     0.0"," ","S","26","     0.0"," ","S","26","     0.0"," ","S","26","     0.0"," ","S","26","     0.0"," ","S","26","    12.0"," ","S","26","    37.0"," ","S","26","    32.0"," ","S","26","    27.0"," ","S","26","    22.0"," ","S","26","    20.0"," ","S","26","    17.0"," ","S","26","     7.1"," ","S","26","     5.2"," ","S","26","    12.0"," ","S","26","    37.0"," ","S","26","    32.0"," ","S","26","    27.0"," ","S","26","    22.0"," ","S","26","    20.0"," ","S","26","    17.0"," ","S","26","     7.1"," ","S","26","     5.2"," ","S","26","    25.4"," ","S","26","    23.4"," ","S","26","    21.8"," ","S","30","    11.3"," ","S","30","     5.6"," ","S","30","     2.6"," ","S","30","     0.7"," ","S","30","     0.1"," ","S","30","     0.0"," ","S","30","     0.0"," ","S","30","    0.03"," ","S","30","    0.10"," ","S","30","    0.24"," ","S","30","    0.25"," ","S","27","    8.29"," ","S","27","     0.0"," ","S","27","     0.0"," ","S","27","     0.0"," ","S","27","     0.0"," ","S","27","     0.0"," ","S","27","     0.0"," ","S","27","     0.0"," ","S","27","     0.0"," ","S","27"," -9999.0","M"," "," 0"," -9999.0","M"," "," 0"," -9999.0","M"," "," 0","     0.0"," ","S","27","    14.8"," ","S","27","     0.0"," ","S","27","     0.0"," ","S","27","     0.0"," ","S","27","     0.0"," ","S","27","     0.0"," ","S","27","     0.0"," ","S","27","     0.0"," ","S","27"," -9999.0","M"," "," 0"," -9999.0","M"," "," 0"," -9999.0","M"," "," 0"
"USC00424508","08-07"," 37.0286","-112.5361","1493.5","KANAB, UT US","08","07","99","    76.9"," ","S","26","    92.8"," ","S","28","    61.0"," ","S","26","    31.8"," ","S","26","     3.7"," ","S","26","     5.1"," ","S","28","     4.3"," ","S","26","     5.9"," ","S","26","     0.0","X","S","26","     0.0"," ","S","26","     0.0"," ","S","26","     0.0"," ","S","26","     0.0"," ","S","26","     0.0"," ","S","26","     0.0"," ","S","26","    11.9"," ","S","26","    36.9"," ","S","26","    31.9"," ","S","26","    26.9"," ","S","26","    21.9"," ","S","26","    19.9"," ","S","26","    16.9"," ","S","26","     7.0"," ","S","26","     5.1"," ","S","26","    11.9"," ","S","26","    36.9"," ","S","26","    31.9"," ","S","26","    26.9"," ","S","26","    21.9"," ","S","26","    19.9"," ","S","26","    16.9"," ","S","26","     7.0"," ","S","26","     5.1"," ","S","26","    25.3"," ","S","26","    23.3"," ","S","26","    21.9"," ","S","30","    11.3"," ","S","30","     5.5"," ","S","30","     2.6"," ","S","30","     0.7"," ","S","30","     0.1"," ","S","30","     0.0"," ","S","30","     0.0"," ","S","30","    0.03"," ","S","30","    0.10"," ","S","30","    0.24"," ","S","30","    0.30"," ","S","27","    8.34"," ","S","27","     0.0"," ","S","27","     0.0"," ","S","27","     0.0"," ","S","27","     0.0"," ","S","27","     0.0"," ","S","27","     0.0"," ","S","27","     0.0"," ","S","27","     0.0"," ","S","27"," -9999.0","M"," "," 0"," -9999.0","M"," "," 0"," -9999.0","M"," "," 0","     0.0"," ","S","27","    14.8"," ","S","27","     0.0"," ","S","27","     0.0"," ","S","27","     0.0"," ","S","27","     0.0"," ","S","27","     0.0"," ","S","27","     0.0"," ","S","27","     0.0"," ","S","27"," -9999.0","M"," "," 0"," -9999.0","M"," "," 0"," -9999.0","M"," "," 0"
"USC00424508","08-08"," 37.0286","-112.5361","1493.5","KANAB, UT US","08","08","99","    76.8"," ","S","26","    92.7"," ","S","28","    60.9"," ","S","26","    31.8"," ","S","26","     3.7"," ","S","26","     5.1"," ","S","28","     4.3"," ","S","26","     6.0"," ","S","26","     0.0","X","S","26","     0.0"," ","S","26","     0.0"," ","S","26","     0.0"," ","S","26","     0.0"," ","S","26","     0.0"," ","S","26","     0.0"," ","S","26","    11.8"," ","S","26","    36.8"," ","S","26","    31.8"," ","S","26","    26.8"," ","S","26","    21.8"," ","S","26","    19.8"," ","S","26","    16.8"," ","S","26","     6.9"," ","S","26","     5.0"," ","S","26","    11.8"," ","S","26","    36.8"," ","S","26","    31.8"," ","S","26","    26.8"," ","S","26","    21.8"," ","S","26","    19.8"," ","S","26","    16.8"," ","S","26","     6.9"," ","S","26","     5.0"," ","S","26","    25.2"," ","S","26","    23.3"," ","S","26","    22.0"," ","S","30","    11.3"," ","S","30","     5.5"," ","S","30","     2.6"," ","S","30","     0.7"," ","S","30","     0.1"," ","S","30","     0.0"," ","S","30","     0.0"," ","S","30","    0.03"," ","S","30","    0.10"," ","S","30","    0.24"," ","S","30","    0.35"," ","S","27","    8.39"," ","S","27","     0.0"," ","S","27","     0.0"," ","S","27","     0.0"," ","S","27","     0.0"," ","S","27","     0.0"," ","S","27","     0.0"," ","S","27","     0.0"," ","S","27","     0.0"," ","S","27"," -9999.0","M"," "," 0"," -9999.0","M"," "," 0"," -9999.0","M"," "," 0","     0.0"," ","S","27","    14.8"," ","S","27","     0.0"," ","S","27","     0.0"," ","S","27","     0.0"," ","S","27","     0.0"," ","S","27","     0.0"," ","S","27","     0.0"," ","S","27","     0.0"," ","S","27"," -9999.0","M"," "," 0"," -9999.0","M"," "," 0"," -9999.0","M"," "," 0"
"USC00424508","08-09"," 37.0286","-112.5361","1493.5","KANAB, UT US","08","09","99","    76.7"," ","S","26","    92.5"," ","S","28","    60.8"," ","S","26","    31.8"," ","S","26","     3.7"," ","S","26","     5.2"," ","S","28","     4.3"," ","S","26","     6.0"," ","S","26","     0.0","X","S","26","     0.0"," ","S","26","     0.0"," ","S","26","     0.0"," ","S","26","     0.0"," ","S","26","     0.0"," ","S","26","     0.0"," ","S","26","    11.7"," ","S","26","    36.7"," ","S","26","    31.7"," ","S","26","    26.7"," ","S","26","    21.7"," ","S","26","    19.7"," ","S","26","    16.7"," ","S","26","     6.7"," ","S","26","     4.9"," ","S","26","    11.7"," ","S","26","    36.7"," ","S","26","    31.7"," ","S","26","    26.7"," ","S","26","    21.7"," ","S","26","    19.7"," ","S","26","    16.7"," ","S","26","     6.7"," ","S","26","     4.9"," ","S","26","    25.2"," ","S","26","    23.2"," ","S","26","    22.0"," ","S","30","    11.4"," ","S","30","     5.5"," ","S","30","     2.6"," ","S","30","     0.7"," ","S","30","     0.1"," ","S","30","     0.0"," ","S","30","     0.0"," ","S","30","    0.03"," ","S","30","    0.10"," ","S","30","    0.24"," ","S","30","    0.40"," ","S","27","    8.44"," ","S","27","     0.0"," ","S","27","     0.0"," ","S","27","     0.0"," ","S","27","     0.0"," ","S","27","     0.0"," ","S","27","     0.0"," ","S","27","     0.0"," ","S","27","     0.0"," ","S","27"," -9999.0","M"," "," 0"," -9999.0","M"," "," 0"," -9999.0","M"," "," 0","     0.0"," ","S","27","    14.8"," ","S","27","     0.0"," ","S","27","     0.0"," ","S","27","     0.0"," ","S","27","     0.0"," ","S","27","     0.0"," ","S","27","     0.0"," ","S","27","     0.0"," ","S","27"," -9999.0","M"," "," 0"," -9999.0","M"," "," 0"," -9999.0","M"," "," 0"
"USC00424508","08-10"," 37.0286","-112.5361","1493.5","KANAB, UT US","08","10","99","    76.5"," ","S","26","    92.4"," ","S","28","    60.6"," ","S","26","    31.8"," ","S","26","     3.7"," ","S","26","     5.2"," ","S","28","     4.3"," ","S","26","     6.0"," ","S","26","     0.0","X","S","26","     0.0"," ","S","26","     0.0"," ","S","26","     0.0"," ","S","26","     0.0"," ","S","26","     0.0"," ","S","26","     0.0"," ","S","26","    11.5"," ","S","26","    36.5"," ","S","26","    31.5"," ","S","26","    26.5"," ","S","26","    21.5"," ","S","26","    19.5"," ","S","26","    16.5"," ","S","26","     6.6"," ","S","26","     4.7"," ","S","26","    11.5"," ","S","26","    36.5"," ","S","26","    31.5"," ","S","26","    26.5"," ","S","26","    21.5"," ","S","26","    19.5"," ","S","26","    16.5"," ","S","26","     6.6"," ","S","26","     4.7"," ","S","26","    25.1"," ","S","26","    23.1"," ","S","26","    22.1"," ","S","29","    11.5"," ","S","29","     5.5"," ","S","29","     2.6"," ","S","29","     0.7"," ","S","29","     0.1"," ","S","29","     0.0"," ","S","29","     0.0"," ","S","29","    0.03"," ","S","29","    0.10"," ","S","29","    0.24"," ","S","29","    0.44"," ","S","27","    8.48"," ","S","27","     0.0"," ","S","27","     0.0"," ","S","27","     0.0"," ","S","27","     0.0"," ","S","27","     0.0"," ","S","27","     0.0"," ","S","27","     0.0"," ","S","27","     0.0"," ","S","27"," -9999.0","M"," "," 0"," -9999.0","M"," "," 0"," -9999.0","M"," "," 0","     0.0"," ","S","27","    14.8"," ","S","27","     0.0"," ","S","27","     0.0"," ","S","27","     0.0"," ","S","27","     0.0"," ","S","27","     0.0"," ","S","27","     0.0"," ","S","27","     0.0"," ","S","27"," -9999.0","M"," "," 0"," -9999.0","M"," "," 0"," -9999.0","M"," "," 0"
"USC00424508","08-11"," 37.0286","-112.5361","1493.5","KANAB, UT US","08","11","99","    76.4"," ","S","26","    92.3"," ","S","28","    60.5"," ","S","26","    31.8"," ","S","26","     3.7"," ","S","26","     5.2"," ","S","28","     4.3"," ","S","26","     6.0"," ","S","26","     0.0","X","S","26","     0.0"," ","S","26","     0.0"," ","S","26","     0.0"," ","S","26","     0.0"," ","S","26","     0.0"," ","S","26","     0.0"," ","S","26","    11.4"," ","S","26","    36.4"," ","S","26","    31.4"," ","S","26","    26.4"," ","S","26","    21.4"," ","S","26","    19.4"," ","S","26","    16.4"," ","S","26","     6.5"," ","S","26","     4.6"," ","S","26","    11.4"," ","S","26","    36.4"," ","S","26","    31.4"," ","S","26","    26.4"," ","S","26","    21.4"," ","S","26","    19.4"," ","S","26","    16.4"," ","S","26","     6.5"," ","S","26","     4.6"," ","S","26","    25.0"," ","S","26","    23.0"," ","S","26","    22.2"," ","S","29","    11.5"," ","S","29","     5.5"," ","S","29","     2.6"," ","S","29","     0.7"," ","S","29","     0.1"," ","S","29","     0.0"," ","S","29","     0.0"," ","S","29","    0.03"," ","S","29","    0.10"," ","S","29","    0.24"," ","S","29","    0.48"," ","S","27","    8.52"," ","S","27","     0.0"," ","S","27","     0.0"," ","S","27","     0.0"," ","S","27","     0.0"," ","S","27","     0.0"," ","S","27","     0.0"," ","S","27","     0.0"," ","S","27","     0.0"," ","S","27"," -9999.0","M"," "," 0"," -9999.0","M"," "," 0"," -9999.0","M"," "," 0","     0.0"," ","S","27","    14.8"," ","S","27","     0.0"," ","S","27","     0.0"," ","S","27","     0.0"," ","S","27","     0.0"," ","S","27","     0.0"," ","S","27","     0.0"," ","S","27","     0.0"," ","S","27"," -9999.0","M"," "," 0"," -9999.0","M"," "," 0"," -9999.0","M"," "," 0"
"USC00424508","08-12"," 37.0286","-112.5361","1493.5","KANAB, UT US","08","12","99","    76.2"," ","S","26","    92.1"," ","S","28","    60.3"," ","S","26","    31.8"," ","S","26","     3.7"," ","S","26","     5.2"," ","S","28","     4.3"," ","S","26","     6.0"," ","S","26","     0.0","X","S","26","     0.0"," ","S","26","     0.0"," ","S","26","     0.0"," ","S","26","     0.0"," ","S","26","     0.0"," ","S","26","     0.0"," ","S","26","    11.2"," ","S","26","    36.2"," ","S","26","    31.2"," ","S","26","    26.2"," ","S","26","    21.2"," ","S","26","    19.2"," ","S","26","    16.2"," ","S","26","     6.3"," ","S","26","     4.5"," ","S","26","    11.2"," ","S","26","    36.2"," ","S","26","    31.2"," ","S","26","    26.2"," ","S","26","    21.2"," ","S","26","    19.2"," ","S","26","    16.2"," ","S","26","     6.3"," ","S","26","     4.5"," ","S","26","    24.9"," ","S","26","    22.9"," ","S","26","    22.2"," ","S","29","    11.6"," ","S","29","     5.5"," ","S","29","     2.6"," ","S","29","     0.7"," ","S","29","     0.1"," ","S","29","     0.0"," ","S","29","     0.0"," ","S","29","    0.03"," ","S","29","    0.10"," ","S","29","    0.24"," ","S","29","    0.53"," ","S","27","    8.57"," ","S","27","     0.0"," ","S","27","     0.0"," ","S","27","     0.0"," ","S","27","     0.0"," ","S","27","     0.0"," ","S","27","     0.0"," ","S","27","     0.0"," ","S","27","     0.0"," ","S","27"," -9999.0","M"," "," 0"," -9999.0","M"," "," 0"," -9999.0","M"," "," 0","     0.0"," ","S","27","    14.8"," ","S","27","     0.0"," ","S","27","     0.0"," ","S","27","     0.0"," ","S","27","     0.0"," ","S","27","     0.0"," ","S","27","     0.0"," ","S","27","     0.0"," ","S","27"," -9999.0","M"," "," 0"," -9999.0","M"," "," 0"," -9999.0","M"," "," 0"
"USC00424508","08-13"," 37.0286","-112.5361","1493.5","KANAB, UT US","08","13","99","    76.1"," ","S","26","    92.0"," ","S","28","    60.2"," ","S","26","    31.8"," ","S","26","     3.7"," ","S","26","     5.3"," ","S","28","     4.3"," ","S","26","     6.0"," ","S","26","     0.0","X","S","26","     0.0"," ","S","26","     0.0"," ","S","26","     0.0"," ","S","26","     0.0"," ","S","26","     0.0"," ","S","26","     0.0"," ","S","26","    11.1"," ","S","26","    36.1"," ","S","26","    31.1"," ","S","26","    26.1"," ","S","26","    21.1"," ","S","26","    19.1"," ","S","26","    16.1"," ","S","26","     6.2"," ","S","26","     4.4"," ","S","26","    11.1"," ","S","26","    36.1"," ","S","26","    31.1"," ","S","26","    26.1"," ","S","26","    21.1"," ","S","26","    19.1"," ","S","26","    16.1"," ","S","26","     6.2"," ","S","26","     4.4"," ","S","26","    24.8"," ","S","26","    22.8"," ","S","26","    22.3"," ","S","29","    11.6"," ","S","29","     5.5"," ","S","29","     2.6"," ","S","29","     0.7"," ","S","29","     0.1"," ","S","29","     0.0"," ","S","29","     0.0"," ","S","29","    0.03"," ","S","29","    0.10"," ","S","29","    0.25"," ","S","29","    0.57"," ","S","27","    8.61"," ","S","27","     0.0"," ","S","27","     0.0"," ","S","27","     0.0"," ","S","27","     0.0"," ","S","27","     0.0"," ","S","27","     0.0"," ","S","27","     0.0"," ","S","27","     0.0"," ","S","27"," -9999.0","M"," "," 0"," -9999.0","M"," "," 0"," -9999.0","M"," "," 0","     0.0"," ","S","27","    14.8"," ","S","27","     0.0"," ","S","27","     0.0"," ","S","27","     0.0"," ","S","27","     0.0"," ","S","27","     0.0"," ","S","27","     0.0"," ","S","27","     0.0"," ","S","27"," -9999.0","M"," "," 0"," -9999.0","M"," "," 0"," -9999.0","M"," "," 0"
"USC00424508","08-14"," 37.0286","-112.5361","1493.5","KANAB, UT US","08","14","99","    75.9"," ","S","26","    91.9"," ","S","28","    60.0"," ","S","26","    31.8"," ","S","26","     3.7"," ","S","26","     5.3"," ","S","28","     4.3"," ","S","26","     6.1"," ","S","26","     0.0","X","S","26","     0.0"," ","S","26","     0.0"," ","S","26","     0.0"," ","S","26","     0.0"," ","S","26","     0.0"," ","S","26","     0.0"," ","S","26","    10.9"," ","S","26","    35.9"," ","S","26","    30.9"," ","S","26","    25.9"," ","S","26","    20.9"," ","S","26","    18.9"," ","S","26","    15.9"," ","S","26","     6.0"," ","S","26","     4.3"," ","S","26","    10.9"," ","S","26","    35.9"," ","S","26","    30.9"," ","S","26","    25.9"," ","S","26","    20.9"," ","S","26","    18.9"," ","S","26","    15.9"," ","S","26","     6.0"," ","S","26","     4.3"," ","S","26","    24.7"," ","S","26","    22.8"," ","S","26","    22.3"," ","S","29","    11.6"," ","S","29","     5.5"," ","S","29","     2.6"," ","S","29","     0.7"," ","S","29","     0.1"," ","S","29","     0.0"," ","S","29","     0.0"," ","S","29","    0.03"," ","S","29","    0.10"," ","S","29","    0.25"," ","S","29","    0.62"," ","S","27","    8.66"," ","S","27","     0.0"," ","S","27","     0.0"," ","S","27","     0.0"," ","S","27","     0.0"," ","S","27","     0.0"," ","S","27","     0.0"," ","S","27","     0.0"," ","S","27","     0.0"," ","S","27"," -9999.0","M"," "," 0"," -9999.0","M"," "," 0"," -9999.0","M"," "," 0","     0.0"," ","S","27","    14.8"," ","S","27","     0.0"," ","S","27","     0.0"," ","S","27","     0.0"," ","S","27","     0.0"," ","S","27","     0.0"," ","S","27","     0.0"," ","S","27","     0.0"," ","S","27"," -9999.0","M"," "," 0"," -9999.0","M"," "," 0"," -9999.0","M"," "," 0"
"USC00424508","08-15"," 37.0286","-112.5361","1493.5","KANAB, UT US","08","15","99","    75.8"," ","S","26","    91.7"," ","S","28","    59.9"," ","S","26","    31.9"," ","S","26","     3.8"," ","S","26","     5.3"," ","S","28","     4.3"," ","S","26","     6.1"," ","S","26","     0.0","X","S","26","     0.0"," ","S","26","     0.0"," ","S","26","     0.0"," ","S","26","     0.0"," ","S","26","     0.0"," ","S","26","     0.0"," ","S","26","    10.8"," ","S","26","    35.8"," ","S","26","    30.8"," ","S","26","    25.8"," ","S","26","    20.8"," ","S","26","    18.8"," ","S","26","    15.8"," ","S","26","     5.9"," ","S","26","     4.1"," ","S","26","    10.8"," ","S","26","    35.8"," ","S","26","    30.8"," ","S","26","    25.8"," ","S","26","    20.8"," ","S","26","    18.8"," ","S","26","    15.8"," ","S","26","     5.9"," ","S","26","     4.1"," ","S","26","    24.6"," ","S","26","    22.7"," ","S","26","    22.4"," ","S","29","    11.7"," ","S","29","     5.5"," ","S","29","     2.6"," ","S","29","     0.7"," ","S","29","     0.1"," ","S","29","     0.0"," ","S","29","     0.0"," ","S","29","    0.03"," ","S","29","    0.10"," ","S","29","    0.25"," ","S","29","    0.66"," ","S","27","    8.70"," ","S","27","     0.0"," ","S","27","     0.0"," ","S","27","     0.0"," ","S","27","     0.0"," ","S","27","     0.0"," ","S","27","     0.0"," ","S","27","     0.0"," ","S","27","     0.0"," ","S","27"," -9999.0","M"," "," 0"," -9999.0","M"," "," 0"," -9999.0","M"," "," 0","     0.0"," ","S","27","    14.8"," ","S","27","     0.0"," ","S","27","     0.0"," ","S","27","     0.0"," ","S","27","     0.0"," ","S","27","     0.0"," ","S","27","     0.0"," ","S","27","     0.0"," ","S","27"," -9999.0","M"," "," 0"," -9999.0","M"," "," 0"," -9999.0","M"," "," 0"
"USC00424508","08-16"," 37.0286","-112.5361","1493.5","KANAB, UT US","08","16","99","    75.6"," ","S","26","    91.6"," ","S","28","    59.7"," ","S","26","    31.9"," ","S","26","     3.8"," ","S","26","     5.4"," ","S","28","     4.3"," ","S","26","     6.1"," ","S","26","     0.0","X","S","26","     0.0"," ","S","26","     0.0"," ","S","26","     0.0"," ","S","26","     0.0"," ","S","26","     0.0"," ","S","26","     0.0"," ","S","26","    10.6"," ","S","26","    35.6"," ","S","26","    30.6"," ","S","26","    25.6"," ","S","26","    20.6"," ","S","26","    18.6"," ","S","26","    15.6"," ","S","26","     5.8"," ","S","26","     4.0"," ","S","26","    10.6"," ","S","26","    35.6"," ","S","26","    30.6"," ","S","26","    25.6"," ","S","26","    20.6"," ","S","26","    18.6"," ","S","26","    15.6"," ","S","26","     5.8"," ","S","26","     4.0"," ","S","26","    24.5"," ","S","26","    22.6"," ","S","26","    22.3"," ","S","29","    11.7"," ","S","29","     5.6"," ","S","29","     2.7"," ","S","29","     0.7"," ","S","29","     0.1"," ","S","29","     0.0"," ","S","29","     0.0"," ","S","29","    0.03"," ","S","29","    0.10"," ","S","29","    0.25"," ","S","29","    0.70"," ","S","27","    8.74"," ","S","27","     0.0"," ","S","27","     0.0"," ","S","27","     0.0"," ","S","27","     0.0"," ","S","27","     0.0"," ","S","27","     0.0"," ","S","27","     0.0"," ","S","27","     0.0"," ","S","27"," -9999.0","M"," "," 0"," -9999.0","M"," "," 0"," -9999.0","M"," "," 0","     0.0"," ","S","27","    14.8"," ","S","27","     0.0"," ","S","27","     0.0"," ","S","27","     0.0"," ","S","27","     0.0"," ","S","27","     0.0"," ","S","27","     0.0"," ","S","27","     0.0"," ","S","27"," -9999.0","M"," "," 0"," -9999.0","M"," "," 0"," -9999.0","M"," "," 0"
"USC00424508","08-17"," 37.0286","-112.5361","1493.5","KANAB, UT US","08","17","99","    75.5"," ","S","26","    91.4"," ","S","28","    59.5"," ","S","26","    31.9"," ","S","26","     3.8"," ","S","26","     5.4"," ","S","28","     4.3"," ","S","26","     6.1"," ","S","26","     0.0","X","S","26","     0.0"," ","S","26","     0.0"," ","S","26","     0.0"," ","S","26","     0.0"," ","S","26","     0.0"," ","S","26","     0.0"," ","S","26","    10.5"," ","S","26","    35.5"," ","S","26","    30.5"," ","S","26","    25.5"," ","S","26","    20.5"," ","S","26","    18.5"," ","S","26","    15.5"," ","S","26","     5.6"," ","S","26","     3.9"," ","S","26","    10.5"," ","S","26","    35.5"," ","S","26","    30.5"," ","S","26","    25.5"," ","S","26","    20.5"," ","S","26","    18.5"," ","S","26","    15.5"," ","S","26","     5.6"," ","S","26","     3.9"," ","S","26","    24.5"," ","S","26","    22.5"," ","S","26","    22.3"," ","S","29","    11.7"," ","S","29","     5.6"," ","S","29","     2.7"," ","S","29","     0.7"," ","S","29","     0.1"," ","S","29","     0.0"," ","S","29","     0.0"," ","S","29","    0.03"," ","S","29","    0.10"," ","S","29","    0.25"," ","S","29","    0.75"," ","S","27","    8.79"," ","S","27","     0.0"," ","S","27","     0.0"," ","S","27","     0.0"," ","S","27","     0.0"," ","S","27","     0.0"," ","S","27","     0.0"," ","S","27","     0.0"," ","S","27","     0.0"," ","S","27"," -9999.0","M"," "," 0"," -9999.0","M"," "," 0"," -9999.0","M"," "," 0","     0.0"," ","S","27","    14.8"," ","S","27","     0.0"," ","S","27","     0.0"," ","S","27","     0.0"," ","S","27","     0.0"," ","S","27","     0.0"," ","S","27","     0.0"," ","S","27","     0.0"," ","S","27"," -9999.0","M"," "," 0"," -9999.0","M"," "," 0"," -9999.0","M"," "," 0"
"USC00424508","08-18"," 37.0286","-112.5361","1493.5","KANAB, UT US","08","18","99","    75.3"," ","S","26","    91.3"," ","S","28","    59.3"," ","S","26","    32.0"," ","S","26","     3.8"," ","S","26","     5.4"," ","S","28","     4.4"," ","S","26","     6.2"," ","S","26","     0.0","X","S","26","     0.0"," ","S","26","     0.0"," ","S","26","     0.0"," ","S","26","     0.0"," ","S","26","     0.0"," ","S","26","     0.0"," ","S","26","    10.3"," ","S","26","    35.3"," ","S","26","    30.3"," ","S","26","    25.3"," ","S","26","    20.3"," ","S","26","    18.3"," ","S","26","    15.3"," ","S","26","     5.5"," ","S","26","     3.8"," ","S","26","    10.3"," ","S","26","    35.3"," ","S","26","    30.3"," ","S","26","    25.3"," ","S","26","    20.3"," ","S","26","    18.3"," ","S","26","    15.3"," ","S","26","     5.5"," ","S","26","     3.8"," ","S","26","    24.4"," ","S","26","    22.4"," ","S","26","    22.3"," ","S","29","    11.8"," ","S","29","     5.6"," ","S","29","     2.7"," ","S","29","     0.7"," ","S","29","     0.1"," ","S","29","     0.0"," ","S","29","     0.0"," ","S","29","    0.03"," ","S","29","    0.10"," ","S","29","    0.26"," ","S","29","    0.79"," ","S","27","    8.83"," ","S","27","     0.0"," ","S","27","     0.0"," ","S","27","     0.0"," ","S","27","     0.0"," ","S","27","     0.0"," ","S","27","     0.0"," ","S","27","     0.0"," ","S","27","     0.0"," ","S","27"," -9999.0","M"," "," 0"," -9999.0","M"," "," 0"," -9999.0","M"," "," 0","     0.0"," ","S","27","    14.8"," ","S","27","     0.0"," ","S","27","     0.0"," ","S","27","     0.0"," ","S","27","     0.0"," ","S","27","     0.0"," ","S","27","     0.0"," ","S","27","     0.0"," ","S","27"," -9999.0","M"," "," 0"," -9999.0","M"," "," 0"," -9999.0","M"," "," 0"
"USC00424508","08-19"," 37.0286","-112.5361","1493.5","KANAB, UT US","08","19","99","    75.1"," ","S","26","    91.1"," ","S","28","    59.2"," ","S","26","    32.0"," ","S","26","     3.9"," ","S","26","     5.5"," ","S","28","     4.4"," ","S","26","     6.2"," ","S","26","     0.0","X","S","26","     0.0"," ","S","26","     0.0"," ","S","26","     0.0"," ","S","26","     0.0"," ","S","26","     0.0"," ","S","26","     0.0"," ","S","26","    10.2"," ","S","26","    35.1"," ","S","26","    30.1"," ","S","26","    25.1"," ","S","26","    20.1"," ","S","26","    18.1"," ","S","26","    15.1"," ","S","26","     5.3"," ","S","26","     3.7"," ","S","26","    10.2"," ","S","26","    35.1"," ","S","26","    30.1"," ","S","26","    25.1"," ","S","26","    20.1"," ","S","26","    18.1"," ","S","26","    15.1"," ","S","26","     5.3"," ","S","26","     3.7"," ","S","26","    24.3"," ","S","26","    22.3"," ","S","26","    22.2"," ","S","29","    11.8"," ","S","29","     5.6"," ","S","29","     2.8"," ","S","29","     0.7"," ","S","29","     0.1"," ","S","29","     0.0"," ","S","29","     0.0"," ","S","29","    0.03"," ","S","29","    0.10"," ","S","29","    0.26"," ","S","29","    0.83"," ","S","27","    8.87"," ","S","27","     0.0"," ","S","27","     0.0"," ","S","27","     0.0"," ","S","27","     0.0"," ","S","27","     0.0"," ","S","27","     0.0"," ","S","27","     0.0"," ","S","27","     0.0"," ","S","27"," -9999.0","M"," "," 0"," -9999.0","M"," "," 0"," -9999.0","M"," "," 0","     0.0"," ","S","27","    14.8"," ","S","27","     0.0"," ","S","27","     0.0"," ","S","27","     0.0"," ","S","27","     0.0"," ","S","27","     0.0"," ","S","27","     0.0"," ","S","27","     0.0"," ","S","27"," -9999.0","M"," "," 0"," -9999.0","M"," "," 0"," -9999.0","M"," "," 0"
"USC00424508","08-20"," 37.0286","-112.5361","1493.5","KANAB, UT US","08","20","99","    75.0"," ","S","26","    91.0"," ","S","28","    59.0"," ","S","26","    32.0"," ","S","26","     3.9"," ","S","26","     5.5"," ","S","28","     4.4"," ","S","26","     6.2"," ","S","26","     0.0","X","S","26","     0.0"," ","S","26","     0.0"," ","S","26","     0.0"," ","S","26","     0.0"," ","S","26","     0.0"," ","S","26","     0.0"," ","S","26","    10.0"," ","S","26","    35.0"," ","S","26","    30.0"," ","S","26","    25.0"," ","S","26","    20.0"," ","S","26","    18.0"," ","S","26","    15.0"," ","S","26","     5.2"," ","S","26","     3.5"," ","S","26","    10.0"," ","S","26","    35.0"," ","S","26","    30.0"," ","S","26","    25.0"," ","S","26","    20.0"," ","S","26","    18.0"," ","S","26","    15.0"," ","S","26","     5.2"," ","S","26","     3.5"," ","S","26","    24.2"," ","S","26","    22.2"," ","S","26","    22.1"," ","S","29","    11.8"," ","S","29","     5.7"," ","S","29","     2.8"," ","S","29","     0.8"," ","S","29","     0.1"," ","S","29","     0.0"," ","S","29","     0.0"," ","S","29","    0.03"," ","S","29","    0.10"," ","S","29","    0.26"," ","S","29","    0.87"," ","S","27","    8.91"," ","S","27","     0.0"," ","S","27","     0.0"," ","S","27","     0.0"," ","S","27","     0.0"," ","S","27","     0.0"," ","S","27","     0.0"," ","S","27","     0.0"," ","S","27","     0.0"," ","S","27"," -9999.0","M"," "," 0"," -9999.0","M"," "," 0"," -9999.0","M"," "," 0","     0.0"," ","S","27","    14.8"," ","S","27","     0.0"," ","S","27","     0.0"," ","S","27","     0.0"," ","S","27","     0.0"," ","S","27","     0.0"," ","S","27","     0.0"," ","S","27","     0.0"," ","S","27"," -9999.0","M"," "," 0"," -9999.0","M"," "," 0"," -9999.0","M"," "," 0"
"USC00424508","08-21"," 37.0286","-112.5361","1493.5","KANAB, UT US","08","21","99","    74.8"," ","S","26","    90.8"," ","S","28","    58.8"," ","S","26","    32.1"," ","S","26","     3.9"," ","S","26","     5.5"," ","S","28","     4.4"," ","S","26","     6.2"," ","S","26","     0.0","X","S","26","     0.0"," ","S","26","     0.0"," ","S","26","     0.0"," ","S","26","     0.0"," ","S","26","     0.0"," ","S","26","     0.0"," ","S","26","     9.8"," ","S","26","    34.8"," ","S","26","    29.8"," ","S","26","    24.8"," ","S","26","    19.8"," ","S","26","    17.8"," ","S","26","    14.8"," ","S","26","     5.0"," ","S","26","     3.4"," ","S","26","     9.8"," ","S","26","    34.8"," ","S","26","    29.8"," ","S","26","    24.8"," ","S","26","    19.8"," ","S","26","    17.8"," ","S","26","    14.8"," ","S","26","     5.0"," ","S","26","     3.4"," ","S","26","    24.1"," ","S","26","    22.1"," ","S","26","    22.0"," ","S","29","    11.8"," ","S","29","     5.7"," ","S","29","     2.8"," ","S","29","     0.8"," ","S","29","     0.2"," ","S","29","     0.0"," ","S","29","     0.0"," ","S","29","    0.03"," ","S","29","    0.10"," ","S","29","    0.27"," ","S","29","    0.92"," ","S","27","    8.96"," ","S","27","     0.0"," ","S","27","     0.0"," ","S","27","     0.0"," ","S","27","     0.0"," ","S","27","     0.0"," ","S","27","     0.0"," ","S","27","     0.0"," ","S","27","     0.0"," ","S","27"," -9999.0","M"," "," 0"," -9999.0","M"," "," 0"," -9999.0","M"," "," 0","     0.0"," ","S","27","    14.8"," ","S","27","     0.0"," ","S","27","     0.0"," ","S","27","     0.0"," ","S","27","     0.0"," ","S","27","     0.0"," ","S","27","     0.0"," ","S","27","     0.0"," ","S","27"," -9999.0","M"," "," 0"," -9999.0","M"," "," 0"," -9999.0","M"," "," 0"
"USC00424508","08-22"," 37.0286","-112.5361","1493.5","KANAB, UT US","08","22","99","    74.6"," ","S","26","    90.7"," ","S","28","    58.6"," ","S","26","    32.1"," ","S","26","     4.0"," ","S","26","     5.5"," ","S","28","     4.5"," ","S","26","     6.2"," ","S","26","     0.0","X","S","26","     0.0"," ","S","26","     0.0"," ","S","26","     0.0"," ","S","26","     0.0"," ","S","26","     0.0"," ","S","26","     0.0"," ","S","26","     9.6"," ","S","26","    34.6"," ","S","26","    29.6"," ","S","26","    24.6"," ","S","26","    19.6"," ","S","26","    17.6"," ","S","26","    14.6"," ","S","26","     4.9"," ","S","26","     3.3"," ","S","26","     9.6"," ","S","26","    34.6"," ","S","26","    29.6"," ","S","26","    24.6"," ","S","26","    19.6"," ","S","26","    17.6"," ","S","26","    14.6"," ","S","26","     4.9"," ","S","26","     3.3"," ","S","26","    24.0"," ","S","26","    22.0"," ","S","26","    22.0"," ","S","29","    11.8"," ","S","29","     5.7"," ","S","29","     2.8"," ","S","29","     0.8"," ","S","29","     0.2"," ","S","29","     0.0"," ","S","29","     0.0"," ","S","29","    0.04"," ","S","29","    0.11"," ","S","29","    0.27"," ","S","29","    0.96"," ","S","27","    9.00"," ","S","27","     0.0"," ","S","27","     0.0"," ","S","27","     0.0"," ","S","27","     0.0"," ","S","27","     0.0"," ","S","27","     0.0"," ","S","27","     0.0"," ","S","27","     0.0"," ","S","27"," -9999.0","M"," "," 0"," -9999.0","M"," "," 0"," -9999.0","M"," "," 0","     0.0"," ","S","27","    14.8"," ","S","27","     0.0"," ","S","27","     0.0"," ","S","27","     0.0"," ","S","27","     0.0"," ","S","27","     0.0"," ","S","27","     0.0"," ","S","27","     0.0"," ","S","27"," -9999.0","M"," "," 0"," -9999.0","M"," "," 0"," -9999.0","M"," "," 0"
"USC00424508","08-23"," 37.0286","-112.5361","1493.5","KANAB, UT US","08","23","99","    74.5"," ","S","26","    90.5"," ","S","28","    58.4"," ","S","26","    32.1"," ","S","26","     4.0"," ","S","26","     5.6"," ","S","28","     4.5"," ","S","26","     6.3"," ","S","26","     0.0","X","S","26","     0.0"," ","S","26","     0.0"," ","S","26","     0.0"," ","S","26","     0.0"," ","S","26","     0.0"," ","S","26","     0.0"," ","S","26","     9.5"," ","S","26","    34.5"," ","S","26","    29.5"," ","S","26","    24.5"," ","S","26","    19.5"," ","S","26","    17.5"," ","S","26","    14.5"," ","S","26","     4.7"," ","S","26","     3.1"," ","S","26","     9.5"," ","S","26","    34.5"," ","S","26","    29.5"," ","S","26","    24.5"," ","S","26","    19.5"," ","S","26","    17.5"," ","S","26","    14.5"," ","S","26","     4.7"," ","S","26","     3.1"," ","S","26","    23.9"," ","S","26","    21.9"," ","S","26","    21.8"," ","S","29","    11.8"," ","S","29","     5.7"," ","S","29","     2.8"," ","S","29","     0.8"," ","S","29","     0.2"," ","S","29","     0.0"," ","S","29","     0.0"," ","S","29","    0.04"," ","S","29","    0.11"," ","S","29","    0.27"," ","S","29","    1.01"," ","S","27","    9.05"," ","S","27","     0.0"," ","S","27","     0.0"," ","S","27","     0.0"," ","S","27","     0.0"," ","S","27","     0.0"," ","S","27","     0.0"," ","S","27","     0.0"," ","S","27","     0.0"," ","S","27"," -9999.0","M"," "," 0"," -9999.0","M"," "," 0"," -9999.0","M"," "," 0","     0.0"," ","S","27","    14.8"," ","S","27","     0.0"," ","S","27","     0.0"," ","S","27","     0.0"," ","S","27","     0.0"," ","S","27","     0.0"," ","S","27","     0.0"," ","S","27","     0.0"," ","S","27"," -9999.0","M"," "," 0"," -9999.0","M"," "," 0"," -9999.0","M"," "," 0"
"USC00424508","08-24"," 37.0286","-112.5361","1493.5","KANAB, UT US","08","24","99","    74.3"," ","S","26","    90.4"," ","S","28","    58.2"," ","S","26","    32.2"," ","S","26","     4.0"," ","S","26","     5.6"," ","S","28","     4.5"," ","S","26","     6.3"," ","S","26","     0.0","X","S","26","     0.0"," ","S","26","     0.0"," ","S","26","     0.0"," ","S","26","     0.0"," ","S","26","     0.0"," ","S","26","     0.0"," ","S","26","     9.3"," ","S","26","    34.3"," ","S","26","    29.3"," ","S","26","    24.3"," ","S","26","    19.3"," ","S","26","    17.3"," ","S","26","    14.3"," ","S","26","     4.6"," ","S","26","     3.0"," ","S","26","     9.3"," ","S","26","    34.3"," ","S","26","    29.3"," ","S","26","    24.3"," ","S","26","    19.3"," ","S","26","    17.3"," ","S","26","    14.3"," ","S","26","     4.6"," ","S","26","     3.0"," ","S","26","    23.8"," ","S","26","    21.8"," ","S","26","    21.7"," ","S","29","    11.7"," ","S","29","     5.8"," ","S","29","     2.9"," ","S","29","     0.8"," ","S","29","     0.2"," ","S","29","     0.0"," ","S","29","     0.0"," ","S","29","    0.04"," ","S","29","    0.11"," ","S","29","    0.27"," ","S","29","    1.06"," ","S","27","    9.10"," ","S","27","     0.0"," ","S","27","     0.0"," ","S","27","     0.0"," ","S","27","     0.0"," ","S","27","     0.0"," ","S","27","     0.0"," ","S","27","     0.0"," ","S","27","     0.0"," ","S","27"," -9999.0","M"," "," 0"," -9999.0","M"," "," 0"," -9999.0","M"," "," 0","     0.0"," ","S","27","    14.8"," ","S","27","     0.0"," ","S","27","     0.0"," ","S","27","     0.0"," ","S","27","     0.0"," ","S","27","     0.0"," ","S","27","     0.0"," ","S","27","     0.0"," ","S","27"," -9999.0","M"," "," 0"," -9999.0","M"," "," 0"," -9999.0","M"," "," 0"
"USC00424508","08-25"," 37.0286","-112.5361","1493.5","KANAB, UT US","08","25","99","    74.1"," ","S","26","    90.2"," ","S","28","    58.0"," ","S","26","    32.2"," ","S","26","     4.0"," ","S","26","     5.6"," ","S","28","     4.5"," ","S","26","     6.3"," ","S","26","     0.0","X","S","26","     0.0"," ","S","26","     0.0"," ","S","26","     0.0"," ","S","26","     0.0"," ","S","26","     0.0"," ","S","26","     0.0"," ","S","26","     9.1"," ","S","26","    34.1"," ","S","26","    29.1"," ","S","26","    24.1"," ","S","26","    19.1"," ","S","26","    17.1"," ","S","26","    14.1"," ","S","26","     4.4"," ","S","26","     2.9"," ","S","26","     9.1"," ","S","26","    34.1"," ","S","26","    29.1"," ","S","26","    24.1"," ","S","26","    19.1"," ","S","26","    17.1"," ","S","26","    14.1"," ","S","26","     4.4"," ","S","26","     2.9"," ","S","26","    23.6"," ","S","26","    21.7"," ","S","26","    21.6"," ","S","29","    11.7"," ","S","29","     5.8"," ","S","29","     2.9"," ","S","29","     0.8"," ","S","29","     0.2"," ","S","29","     0.0"," ","S","29","     0.0"," ","S","29","    0.04"," ","S","29","    0.11"," ","S","29","    0.28"," ","S","29","    1.10"," ","S","27","    9.14"," ","S","27","     0.0"," ","S","27","     0.0"," ","S","27","     0.0"," ","S","27","     0.0"," ","S","27","     0.0"," ","S","27","     0.0"," ","S","27","     0.0"," ","S","27","     0.0"," ","S","27"," -9999.0","M"," "," 0"," -9999.0","M"," "," 0"," -9999.0","M"," "," 0","     0.0"," ","S","27","    14.8"," ","S","27","     0.0"," ","S","27","     0.0"," ","S","27","     0.0"," ","S","27","     0.0"," ","S","27","     0.0"," ","S","27","     0.0"," ","S","27","     0.0"," ","S","27"," -9999.0","M"," "," 0"," -9999.0","M"," "," 0"," -9999.0","M"," "," 0"
"USC00424508","08-26"," 37.0286","-112.5361","1493.5","KANAB, UT US","08","26","99","    73.9"," ","S","26","    90.0"," ","S","28","    57.8"," ","S","26","    32.3"," ","S","26","     4.0"," ","S","26","     5.7"," ","S","28","     4.5"," ","S","26","     6.4"," ","S","26","     0.0","X","S","26","     0.0"," ","S","26","     0.0"," ","S","26","     0.0"," ","S","26","     0.0"," ","S","26","     0.0"," ","S","26","     0.0"," ","S","26","     8.9"," ","S","26","    33.9"," ","S","26","    28.9"," ","S","26","    23.9"," ","S","26","    18.9"," ","S","26","    16.9"," ","S","26","    13.9"," ","S","26","     4.3"," ","S","26","     2.8"," ","S","26","     8.9"," ","S","26","    33.9"," ","S","26","    28.9"," ","S","26","    23.9"," ","S","26","    18.9"," ","S","26","    16.9"," ","S","26","    13.9"," ","S","26","     4.3"," ","S","26","     2.8"," ","S","26","    23.5"," ","S","26","    21.5"," ","S","26","    21.5"," ","S","29","    11.7"," ","S","29","     5.9"," ","S","29","     2.9"," ","S","29","     0.8"," ","S","29","     0.2"," ","S","29","     0.0"," ","S","29","     0.0"," ","S","29","    0.04"," ","S","29","    0.11"," ","S","29","    0.28"," ","S","29","    1.15"," ","S","27","    9.19"," ","S","27","     0.0"," ","S","27","     0.0"," ","S","27","     0.0"," ","S","27","     0.0"," ","S","27","     0.0"," ","S","27","     0.0"," ","S","27","     0.0"," ","S","27","     0.0"," ","S","27"," -9999.0","M"," "," 0"," -9999.0","M"," "," 0"," -9999.0","M"," "," 0","     0.0"," ","S","27","    14.8"," ","S","27","     0.0"," ","S","27","     0.0"," ","S","27","     0.0"," ","S","27","     0.0"," ","S","27","     0.0"," ","S","27","     0.0"," ","S","27","     0.0"," ","S","27"," -9999.0","M"," "," 0"," -9999.0","M"," "," 0"," -9999.0","M"," "," 0"
"USC00424508","08-27"," 37.0286","-112.5361","1493.5","KANAB, UT US","08","27","99","    73.7"," ","S","26","    89.9"," ","S","28","    57.6"," ","S","26","    32.3"," ","S","26","     4.1"," ","S","26","     5.7"," ","S","28","     4.6"," ","S","26","     6.4"," ","S","26","     0.0","X","S","26","     0.0"," ","S","26","     0.0"," ","S","26","     0.0"," ","S","26","     0.0"," ","S","26","     0.0"," ","S","26","     0.0"," ","S","26","     8.8"," ","S","26","    33.7"," ","S","26","    28.7"," ","S","26","    23.7"," ","S","26","    18.7"," ","S","26","    16.7"," ","S","26","    13.7"," ","S","26","     4.1"," ","S","26","     2.6"," ","S","26","     8.8"," ","S","26","    33.7"," ","S","26","    28.7"," ","S","26","    23.7"," ","S","26","    18.7"," ","S","26","    16.7"," ","S","26","    13.7"," ","S","26","     4.1"," ","S","26","     2.6"," ","S","26","    23.4"," ","S","26","    21.4"," ","S","26","    21.3"," ","S","29","    11.7"," ","S","29","     5.9"," ","S","29","     3.0"," ","S","29","     0.9"," ","S","29","     0.2"," ","S","29","     0.0"," ","S","29","     0.0"," ","S","29","    0.04"," ","S","29","    0.11"," ","S","29","    0.29"," ","S","29","    1.20"," ","S","27","    9.24"," ","S","27","     0.0"," ","S","27","     0.0"," ","S","27","     0.0"," ","S","27","     0.0"," ","S","27","     0.0"," ","S","27","     0.0"," ","S","27","     0.0"," ","S","27","     0.0"," ","S","27"," -9999.0","M"," "," 0"," -9999.0","M"," "," 0"," -9999.0","M"," "," 0","     0.0"," ","S","27","    14.8"," ","S","27","     0.0"," ","S","27","     0.0"," ","S","27","     0.0"," ","S","27","     0.0"," ","S","27","     0.0"," ","S","27","     0.0"," ","S","27","     0.0"," ","S","27"," -9999.0","M"," "," 0"," -9999.0","M"," "," 0"," -9999.0","M"," "," 0"
"USC00424508","08-28"," 37.0286","-112.5361","1493.5","KANAB, UT US","08","28","99","    73.5"," ","S","26","    89.7"," ","S","28","    57.3"," ","S","26","    32.3"," ","S","26","     4.1"," ","S","26","     5.7"," ","S","28","     4.6"," ","S","26","     6.4"," ","S","26","     0.1"," ","S","26","     0.0"," ","S","26","     0.0"," ","S","26","     0.0"," ","S","26","     0.0"," ","S","26","     0.0"," ","S","26","     0.0","X","S","26","     8.6"," ","S","26","    33.5"," ","S","26","    28.5"," ","S","26","    23.5"," ","S","26","    18.5"," ","S","26","    16.5"," ","S","26","    13.5"," ","S","26","     4.0"," ","S","26","     2.5"," ","S","26","     8.6"," ","S","26","    33.5"," ","S","26","    28.5"," ","S","26","    23.5"," ","S","26","    18.5"," ","S","26","    16.5"," ","S","26","    13.5"," ","S","26","     4.0"," ","S","26","     2.5"," ","S","26","    23.2"," ","S","26","    21.3"," ","S","26","    21.1"," ","S","29","    11.6"," ","S","29","     6.0"," ","S","29","     3.0"," ","S","29","     0.9"," ","S","29","     0.2"," ","S","29","     0.0"," ","S","29","     0.0"," ","S","29","    0.04"," ","S","29","    0.11"," ","S","29","    0.29"," ","S","29","    1.25"," ","S","27","    9.29"," ","S","27","     0.0"," ","S","27","     0.0"," ","S","27","     0.0"," ","S","27","     0.0"," ","S","27","     0.0"," ","S","27","     0.0"," ","S","27","     0.0"," ","S","27","     0.0"," ","S","27"," -9999.0","M"," "," 0"," -9999.0","M"," "," 0"," -9999.0","M"," "," 0","     0.0"," ","S","27","    14.8"," ","S","27","     0.0"," ","S","27","     0.0"," ","S","27","     0.0"," ","S","27","     0.0"," ","S","27","     0.0"," ","S","27","     0.0"," ","S","27","     0.0"," ","S","27"," -9999.0","M"," "," 0"," -9999.0","M"," "," 0"," -9999.0","M"," "," 0"
"USC00424508","08-29"," 37.0286","-112.5361","1493.5","KANAB, UT US","08","29","99","    73.3"," ","S","26","    89.5"," ","S","28","    57.1"," ","S","26","    32.4"," ","S","26","     4.1"," ","S","26","     5.7"," ","S","28","     4.6"," ","S","26","     6.4"," ","S","26","     0.1"," ","S","26","     0.0"," ","S","26","     0.0"," ","S","26","     0.0"," ","S","26","     0.0"," ","S","26","     0.0"," ","S","26","     0.0","X","S","26","     8.4"," ","S","26","    33.3"," ","S","26","    28.3"," ","S","26","    23.3"," ","S","26","    18.3"," ","S","26","    16.3"," ","S","26","    13.3"," ","S","26","     3.8"," ","S","26","     2.4"," ","S","26","     8.4"," ","S","26","    33.3"," ","S","26","    28.3"," ","S","26","    23.3"," ","S","26","    18.3"," ","S","26","    16.3"," ","S","26","    13.3"," ","S","26","     3.8"," ","S","26","     2.4"," ","S","26","    23.1"," ","S","26","    21.2"," ","S","26","    20.9"," ","S","29","    11.5"," ","S","29","     6.0"," ","S","29","     3.0"," ","S","29","     0.9"," ","S","29","     0.2"," ","S","29","     0.0"," ","S","29","     0.0"," ","S","29","    0.04"," ","S","29","    0.12"," ","S","29","    0.30"," ","S","29","    1.31"," ","S","27","    9.35"," ","S","27","     0.0"," ","S","27","     0.0"," ","S","27","     0.0"," ","S","27","     0.0"," ","S","27","     0.0"," ","S","27","     0.0"," ","S","27","     0.0"," ","S","27","     0.0"," ","S","27"," -9999.0","M"," "," 0"," -9999.0","M"," "," 0"," -9999.0","M"," "," 0","     0.0"," ","S","27","    14.8"," ","S","27","     0.0"," ","S","27","     0.0"," ","S","27","     0.0"," ","S","27","     0.0"," ","S","27","     0.0"," ","S","27","     0.0"," ","S","27","     0.0"," ","S","27"," -9999.0","M"," "," 0"," -9999.0","M"," "," 0"," -9999.0","M"," "," 0"
"USC00424508","08-30"," 37.0286","-112.5361","1493.5","KANAB, UT US","08","30","99","    73.1"," ","S","26","    89.3"," ","S","28","    56.9"," ","S","26","    32.4"," ","S","26","     4.1"," ","S","26","     5.7"," ","S","28","     4.6"," ","S","26","     6.4"," ","S","26","     0.1"," ","S","26","     0.0"," ","S","26","     0.0"," ","S","26","     0.0"," ","S","26","     0.0"," ","S","26","     0.0"," ","S","26","     0.0","X","S","26","     8.2"," ","S","26","    33.1"," ","S","26","    28.1"," ","S","26","    23.1"," ","S","26","    18.1"," ","S","26","    16.1"," ","S","26","    13.1"," ","S","26","     3.7"," ","S","26","     2.3"," ","S","26","     8.2"," ","S","26","    33.1"," ","S","26","    28.1"," ","S","26","    23.1"," ","S","26","    18.1"," ","S","26","    16.1"," ","S","26","    13.1"," ","S","26","     3.7"," ","S","26","     2.3"," ","S","26","    23.0"," ","S","26","    21.0"," ","S","26","    20.7"," ","S","29","    11.5"," ","S","29","     6.0"," ","S","29","     3.0"," ","S","29","     0.9"," ","S","29","     0.2"," ","S","29","     0.0"," ","S","29","     0.0"," ","S","29","    0.04"," ","S","29","    0.12"," ","S","29","    0.30"," ","S","29","    1.36"," ","S","27","    9.40"," ","S","27","     0.0"," ","S","27","     0.0"," ","S","27","     0.0"," ","S","27","     0.0"," ","S","27","     0.0"," ","S","27","     0.0"," ","S","27","     0.0"," ","S","27","     0.0"," ","S","27"," -9999.0","M"," "," 0"," -9999.0","M"," "," 0"," -9999.0","M"," "," 0","     0.0"," ","S","27","    14.8"," ","S","27","     0.0"," ","S","27","     0.0"," ","S","27","     0.0"," ","S","27","     0.0"," ","S","27","     0.0"," ","S","27","     0.0"," ","S","27","     0.0"," ","S","27"," -9999.0","M"," "," 0"," -9999.0","M"," "," 0"," -9999.0","M"," "," 0"
"USC00424508","08-31"," 37.0286","-112.5361","1493.5","KANAB, UT US","08","31","99","    72.9"," ","S","26","    89.1"," ","S","28","    56.7"," ","S","26","    32.5"," ","S","26","     4.1"," ","S","26","     5.8"," ","S","28","     4.7"," ","S","26","     6.5"," ","S","26","     0.1"," ","S","26","     0.0"," ","S","26","     0.0"," ","S","26","     0.0"," ","S","26","     0.0","X","S","26","     0.0"," ","S","26","     0.0","X","S","26","     8.0"," ","S","26","    32.9"," ","S","26","    27.9"," ","S","26","    22.9"," ","S","26","    17.9"," ","S","26","    15.9"," ","S","26","    12.9"," ","S","26","     3.5"," ","S","26","     2.1"," ","S","26","     8.0"," ","S","26","    32.9"," ","S","26","    27.9"," ","S","26","    22.9"," ","S","26","    17.9"," ","S","26","    15.9"," ","S","26","    12.9"," ","S","26","     3.5"," ","S","26","     2.1"," ","S","26","    22.8"," ","S","26","    20.9"," ","S","26","    20.5"," ","S","29","    11.4"," ","S","29","     6.1"," ","S","29","     3.0"," ","S","29","     1.0"," ","S","29","     0.2"," ","S","29","     0.0"," ","S","29","     0.0"," ","S","29","    0.04"," ","S","29","    0.12"," ","S","29","    0.31"," ","S","29","    1.42"," ","S","27","    9.46"," ","S","27","     0.0"," ","S","27","     0.0"," ","S","27","     0.0"," ","S","27","     0.0"," ","S","27","     0.0"," ","S","27","     0.0"," ","S","27","     0.0"," ","S","27","     0.0"," ","S","27"," -9999.0","M"," "," 0"," -9999.0","M"," "," 0"," -9999.0","M"," "," 0","     0.0"," ","S","27","    14.8"," ","S","27","     0.0"," ","S","27","     0.0"," ","S","27","     0.0"," ","S","27","     0.0"," ","S","27","     0.0"," ","S","27","     0.0"," ","S","27","     0.0"," ","S","27"," -9999.0","M"," "," 0"," -9999.0","M"," "," 0"," -9999.0","M"," "," 0"
"USC00424508","09-01"," 37.0286","-112.5361","1493.5","KANAB, UT US","09","01","99","    72.7"," ","S","27","    88.9"," ","S","30","    56.4"," ","S","27","    32.5"," ","S","27","     4.1"," ","S","27","     5.8"," ","S","30","     4.7"," ","S","27","     6.5"," ","S","27","     0.1"," ","S","27","     0.0"," ","S","27","     0.0"," ","S","27","     0.0"," ","S","27","     0.0","X","S","27","     0.0","X","S","27","     0.0","X","S","27","     7.8"," ","S","27","    32.7"," ","S","27","    27.7"," ","S","27","    22.7"," ","S","27","    17.7"," ","S","27","    15.7"," ","S","27","    12.7"," ","S","27","     3.4"," ","S","27","     2.0"," ","S","27","     7.8"," ","S","27","    32.7"," ","S","27","    27.7"," ","S","27","    22.7"," ","S","27","    17.7"," ","S","27","    15.7"," ","S","27","    12.7"," ","S","27","     3.4"," ","S","27","     2.0"," ","S","27","    22.7"," ","S","27","    20.8"," ","S","27","    20.3"," ","S","29","    11.3"," ","S","29","     6.1"," ","S","29","     3.1"," ","S","29","     1.0"," ","S","29","     0.2"," ","S","29","     0.0"," ","S","29","     0.0"," ","S","29","    0.04"," ","S","29","    0.12"," ","S","29","    0.31"," ","S","29","    0.06"," ","S","27","    9.52"," ","S","27","     0.0"," ","S","27","     0.0"," ","S","27","     0.0"," ","S","27","     0.0"," ","S","27","     0.0"," ","S","27","     0.0"," ","S","27","     0.0"," ","S","27","     0.0"," ","S","27"," -9999.0","M"," "," 0"," -9999.0","M"," "," 0"," -9999.0","M"," "," 0","     0.0"," ","S","26","    14.8"," ","S","26","     0.0"," ","S","27","     0.0"," ","S","27","     0.0"," ","S","27","     0.0"," ","S","27","     0.0"," ","S","27","     0.0"," ","S","27","     0.0"," ","S","27"," -9999.0","M"," "," 0"," -9999.0","M"," "," 0"," -9999.0","M"," "," 0"
"USC00424508","09-02"," 37.0286","-112.5361","1493.5","KANAB, UT US","09","02","99","    72.4"," ","S","27","    88.7"," ","S","30","    56.2"," ","S","27","    32.6"," ","S","27","     4.2"," ","S","27","     5.8"," ","S","30","     4.7"," ","S","27","     6.5"," ","S","27","     0.1"," ","S","27","     0.0"," ","S","27","     0.0"," ","S","27","     0.0"," ","S","27","     0.0","X","S","27","     0.0","X","S","27","     0.0","X","S","27","     7.6"," ","S","27","    32.4"," ","S","27","    27.4"," ","S","27","    22.4"," ","S","27","    17.4"," ","S","27","    15.4"," ","S","27","    12.5"," ","S","27","     3.2"," ","S","27","     1.9"," ","S","27","     7.6"," ","S","27","    32.4"," ","S","27","    27.4"," ","S","27","    22.4"," ","S","27","    17.4"," ","S","27","    15.4"," ","S","27","    12.5"," ","S","27","     3.2"," ","S","27","     1.9"," ","S","27","    22.5"," ","S","27","    20.6"," ","S","27","    20.0"," ","S","29","    11.2"," ","S","29","     6.1"," ","S","29","     3.1"," ","S","29","     1.0"," ","S","29","     0.2"," ","S","29","     0.0"," ","S","29","     0.0"," ","S","29","    0.04"," ","S","29","    0.12"," ","S","29","    0.32"," ","S","29","    0.12"," ","S","27","    9.58"," ","S","27","     0.0"," ","S","27","     0.0"," ","S","27","     0.0"," ","S","27","     0.0"," ","S","27","     0.0"," ","S","27","     0.0"," ","S","27","     0.0"," ","S","27","     0.0"," ","S","27"," -9999.0","M"," "," 0"," -9999.0","M"," "," 0"," -9999.0","M"," "," 0","     0.0"," ","S","26","    14.8"," ","S","26","     0.0"," ","S","27","     0.0"," ","S","27","     0.0"," ","S","27","     0.0"," ","S","27","     0.0"," ","S","27","     0.0"," ","S","27","     0.0"," ","S","27"," -9999.0","M"," "," 0"," -9999.0","M"," "," 0"," -9999.0","M"," "," 0"
"USC00424508","09-03"," 37.0286","-112.5361","1493.5","KANAB, UT US","09","03","99","    72.2"," ","S","27","    88.5"," ","S","30","    55.9"," ","S","27","    32.6"," ","S","27","     4.2"," ","S","27","     5.8"," ","S","30","     4.8"," ","S","27","     6.5"," ","S","27","     0.1"," ","S","27","     0.0"," ","S","27","     0.0"," ","S","27","     0.0"," ","S","27","     0.0","X","S","27","     0.0","X","S","27","     0.0","X","S","27","     7.3"," ","S","27","    32.2"," ","S","27","    27.2"," ","S","27","    22.2"," ","S","27","    17.2"," ","S","27","    15.2"," ","S","27","    12.2"," ","S","27","     3.0"," ","S","27","     1.8"," ","S","27","     7.3"," ","S","27","    32.2"," ","S","27","    27.2"," ","S","27","    22.2"," ","S","27","    17.2"," ","S","27","    15.2"," ","S","27","    12.2"," ","S","27","     3.0"," ","S","27","     1.8"," ","S","27","    22.4"," ","S","27","    20.4"," ","S","27","    19.8"," ","S","29","    11.2"," ","S","29","     6.2"," ","S","29","     3.1"," ","S","29","     1.1"," ","S","29","     0.2"," ","S","29","     0.0"," ","S","29","     0.0"," ","S","29","    0.04"," ","S","29","    0.13"," ","S","29","    0.33"," ","S","29","    0.17"," ","S","27","    9.63"," ","S","27","     0.0"," ","S","27","     0.0"," ","S","27","     0.0"," ","S","27","     0.0"," ","S","27","     0.0"," ","S","27","     0.0"," ","S","27","     0.0"," ","S","27","     0.0"," ","S","27"," -9999.0","M"," "," 0"," -9999.0","M"," "," 0"," -9999.0","M"," "," 0","     0.0"," ","S","26","    14.8"," ","S","26","     0.0"," ","S","27","     0.0"," ","S","27","     0.0"," ","S","27","     0.0"," ","S","27","     0.0"," ","S","27","     0.0"," ","S","27","     0.0"," ","S","27"," -9999.0","M"," "," 0"," -9999.0","M"," "," 0"," -9999.0","M"," "," 0"
"USC00424508","09-04"," 37.0286","-112.5361","1493.5","KANAB, UT US","09","04","99","    72.0"," ","S","27","    88.3"," ","S","30","    55.7"," ","S","27","    32.6"," ","S","27","     4.2"," ","S","27","     5.8"," ","S","30","     4.8"," ","S","27","     6.5"," ","S","27","     0.1"," ","S","27","     0.0"," ","S","27","     0.0"," ","S","27","     0.0"," ","S","27","     0.0","X","S","27","     0.0","X","S","27","     0.0","X","S","27","     7.1"," ","S","27","    32.0"," ","S","27","    27.0"," ","S","27","    22.0"," ","S","27","    17.0"," ","S","27","    15.0"," ","S","27","    12.0"," ","S","27","     2.9"," ","S","27","     1.7"," ","S","27","     7.1"," ","S","27","    32.0"," ","S","27","    27.0"," ","S","27","    22.0"," ","S","27","    17.0"," ","S","27","    15.0"," ","S","27","    12.0"," ","S","27","     2.9"," ","S","27","     1.7"," ","S","27","    22.2"," ","S","27","    20.3"," ","S","27","    19.6"," ","S","29","    11.1"," ","S","29","     6.2"," ","S","29","     3.2"," ","S","29","     1.1"," ","S","29","     0.2"," ","S","29","     0.0"," ","S","29","     0.0"," ","S","29","    0.04"," ","S","29","    0.13"," ","S","29","    0.33"," ","S","29","    0.23"," ","S","27","    9.69"," ","S","27","     0.0"," ","S","27","     0.0"," ","S","27","     0.0"," ","S","27","     0.0"," ","S","27","     0.0"," ","S","27","     0.0"," ","S","27","     0.0"," ","S","27","     0.0"," ","S","27"," -9999.0","M"," "," 0"," -9999.0","M"," "," 0"," -9999.0","M"," "," 0","     0.0"," ","S","26","    14.8"," ","S","26","     0.0"," ","S","27","     0.0"," ","S","27","     0.0"," ","S","27","     0.0"," ","S","27","     0.0"," ","S","27","     0.0"," ","S","27","     0.0"," ","S","27"," -9999.0","M"," "," 0"," -9999.0","M"," "," 0"," -9999.0","M"," "," 0"
"USC00424508","09-05"," 37.0286","-112.5361","1493.5","KANAB, UT US","09","05","99","    71.7"," ","S","27","    88.1"," ","S","30","    55.4"," ","S","27","    32.7"," ","S","27","     4.2"," ","S","27","     5.8"," ","S","30","     4.8"," ","S","27","     6.5"," ","S","27","     0.1"," ","S","27","     0.0"," ","S","27","     0.0"," ","S","27","     0.0"," ","S","27","     0.0","X","S","27","     0.0","X","S","27","     0.0","X","S","27","     6.9"," ","S","27","    31.7"," ","S","27","    26.7"," ","S","27","    21.7"," ","S","27","    16.7"," ","S","27","    14.7"," ","S","27","    11.7"," ","S","27","     2.7"," ","S","27","     1.5"," ","S","27","     6.9"," ","S","27","    31.7"," ","S","27","    26.7"," ","S","27","    21.7"," ","S","27","    16.7"," ","S","27","    14.7"," ","S","27","    11.7"," ","S","27","     2.7"," ","S","27","     1.5"," ","S","27","    22.0"," ","S","27","    20.1"," ","S","27","    19.3"," ","S","29","    11.1"," ","S","29","     6.3"," ","S","29","     3.2"," ","S","29","     1.1"," ","S","29","     0.2"," ","S","29","     0.0"," ","S","29","     0.0"," ","S","29","    0.04"," ","S","29","    0.13"," ","S","29","    0.34"," ","S","29","    0.28"," ","S","27","    9.74"," ","S","27","     0.0"," ","S","27","     0.0"," ","S","27","     0.0"," ","S","27","     0.0"," ","S","27","     0.0"," ","S","27","     0.0"," ","S","27","     0.0"," ","S","27","     0.0"," ","S","27"," -9999.0","M"," "," 0"," -9999.0","M"," "," 0"," -9999.0","M"," "," 0","     0.0"," ","S","26","    14.8"," ","S","26","     0.0"," ","S","27","     0.0"," ","S","27","     0.0"," ","S","27","     0.0"," ","S","27","     0.0"," ","S","27","     0.0"," ","S","27","     0.0"," ","S","27"," -9999.0","M"," "," 0"," -9999.0","M"," "," 0"," -9999.0","M"," "," 0"
"USC00424508","09-06"," 37.0286","-112.5361","1493.5","KANAB, UT US","09","06","99","    71.5"," ","S","27","    87.8"," ","S","30","    55.1"," ","S","27","    32.7"," ","S","27","     4.3"," ","S","27","     5.8"," ","S","30","     4.9"," ","S","27","     6.5"," ","S","27","     0.2"," ","S","27","     0.0"," ","S","27","     0.0"," ","S","27","     0.0"," ","S","27","     0.0","X","S","27","     0.0","X","S","27","     0.0","X","S","27","     6.6"," ","S","27","    31.5"," ","S","27","    26.5"," ","S","27","    21.5"," ","S","27","    16.5"," ","S","27","    14.5"," ","S","27","    11.5"," ","S","27","     2.5"," ","S","27","     1.4"," ","S","27","     6.6"," ","S","27","    31.5"," ","S","27","    26.5"," ","S","27","    21.5"," ","S","27","    16.5"," ","S","27","    14.5"," ","S","27","    11.5"," ","S","27","     2.5"," ","S","27","     1.4"," ","S","27","    21.8"," ","S","27","    20.0"," ","S","27","    19.1"," ","S","30","    11.0"," ","S","30","     6.3"," ","S","30","     3.3"," ","S","30","     1.1"," ","S","30","     0.2"," ","S","30","     0.0"," ","S","30","     0.0"," ","S","30","    0.04"," ","S","30","    0.13"," ","S","30","    0.35"," ","S","30","    0.33"," ","S","27","    9.79"," ","S","27","     0.0"," ","S","27","     0.0"," ","S","27","     0.0"," ","S","27","     0.0"," ","S","27","     0.0"," ","S","27","     0.0"," ","S","27","     0.0"," ","S","27","     0.0"," ","S","27"," -9999.0","M"," "," 0"," -9999.0","M"," "," 0"," -9999.0","M"," "," 0","     0.0"," ","S","26","    14.8"," ","S","26","     0.0"," ","S","27","     0.0"," ","S","27","     0.0"," ","S","27","     0.0"," ","S","27","     0.0"," ","S","27","     0.0"," ","S","27","     0.0"," ","S","27"," -9999.0","M"," "," 0"," -9999.0","M"," "," 0"," -9999.0","M"," "," 0"
"USC00424508","09-07"," 37.0286","-112.5361","1493.5","KANAB, UT US","09","07","99","    71.2"," ","S","27","    87.6"," ","S","30","    54.8"," ","S","27","    32.7"," ","S","27","     4.3"," ","S","27","     5.8"," ","S","30","     4.9"," ","S","27","     6.5"," ","S","27","     0.2"," ","S","27","     0.0"," ","S","27","     0.0"," ","S","27","     0.0"," ","S","27","     0.0","X","S","27","     0.0","X","S","27","     0.0","X","S","27","     6.4"," ","S","27","    31.2"," ","S","27","    26.2"," ","S","27","    21.2"," ","S","27","    16.2"," ","S","27","    14.2"," ","S","27","    11.2"," ","S","27","     2.4"," ","S","27","     1.3"," ","S","27","     6.4"," ","S","27","    31.2"," ","S","27","    26.2"," ","S","27","    21.2"," ","S","27","    16.2"," ","S","27","    14.2"," ","S","27","    11.2"," ","S","27","     2.4"," ","S","27","     1.3"," ","S","27","    21.7"," ","S","27","    19.8"," ","S","27","    18.9"," ","S","30","    10.9"," ","S","30","     6.4"," ","S","30","     3.3"," ","S","30","     1.1"," ","S","30","     0.2"," ","S","30","     0.0"," ","S","30","     0.0"," ","S","30","    0.04"," ","S","30","    0.14"," ","S","30","    0.36"," ","S","30","    0.39"," ","S","27","    9.85"," ","S","27","     0.0"," ","S","27","     0.0"," ","S","27","     0.0"," ","S","27","     0.0"," ","S","27","     0.0"," ","S","27","     0.0"," ","S","27","     0.0"," ","S","27","     0.0"," ","S","27"," -9999.0","M"," "," 0"," -9999.0","M"," "," 0"," -9999.0","M"," "," 0","     0.0"," ","S","26","    14.8"," ","S","26","     0.0"," ","S","27","     0.0"," ","S","27","     0.0"," ","S","27","     0.0"," ","S","27","     0.0"," ","S","27","     0.0"," ","S","27","     0.0"," ","S","27"," -9999.0","M"," "," 0"," -9999.0","M"," "," 0"," -9999.0","M"," "," 0"
"USC00424508","09-08"," 37.0286","-112.5361","1493.5","KANAB, UT US","09","08","99","    70.9"," ","S","27","    87.3"," ","S","30","    54.6"," ","S","27","    32.8"," ","S","27","     4.3"," ","S","27","     5.9"," ","S","30","     4.9"," ","S","27","     6.5"," ","S","27","     0.2"," ","S","27","     0.0"," ","S","27","     0.0"," ","S","27","     0.0"," ","S","27","     0.0","X","S","27","     0.0","X","S","27","     0.0","X","S","27","     6.1"," ","S","27","    30.9"," ","S","27","    25.9"," ","S","27","    20.9"," ","S","27","    15.9"," ","S","27","    13.9"," ","S","27","    11.0"," ","S","27","     2.2"," ","S","27","     1.2"," ","S","27","     6.1"," ","S","27","    30.9"," ","S","27","    25.9"," ","S","27","    20.9"," ","S","27","    15.9"," ","S","27","    13.9"," ","S","27","    11.0"," ","S","27","     2.2"," ","S","27","     1.2"," ","S","27","    21.5"," ","S","27","    19.6"," ","S","27","    18.6"," ","S","30","    10.8"," ","S","30","     6.4"," ","S","30","     3.3"," ","S","30","     1.2"," ","S","30","     0.2"," ","S","30","     0.0"," ","S","30","     0.0"," ","S","30","    0.05"," ","S","30","    0.14"," ","S","30","    0.37"," ","S","30","    0.44"," ","S","27","    9.90"," ","S","27","     0.0"," ","S","27","     0.0"," ","S","27","     0.0"," ","S","27","     0.0"," ","S","27","     0.0"," ","S","27","     0.0"," ","S","27","     0.0"," ","S","27","     0.0"," ","S","27"," -9999.0","M"," "," 0"," -9999.0","M"," "," 0"," -9999.0","M"," "," 0","     0.0"," ","S","26","    14.8"," ","S","26","     0.0"," ","S","27","     0.0"," ","S","27","     0.0"," ","S","27","     0.0"," ","S","27","     0.0"," ","S","27","     0.0"," ","S","27","     0.0"," ","S","27"," -9999.0","M"," "," 0"," -9999.0","M"," "," 0"," -9999.0","M"," "," 0"
"USC00424508","09-09"," 37.0286","-112.5361","1493.5","KANAB, UT US","09","09","99","    70.7"," ","S","27","    87.1"," ","S","30","    54.3"," ","S","27","    32.8"," ","S","27","     4.4"," ","S","27","     5.9"," ","S","30","     5.0"," ","S","27","     6.5"," ","S","27","     0.2"," ","S","27","     0.0"," ","S","27","     0.0"," ","S","27","     0.0"," ","S","27","     0.0","X","S","27","     0.0","X","S","27","     0.0","X","S","27","     5.9"," ","S","27","    30.7"," ","S","27","    25.7"," ","S","27","    20.7"," ","S","27","    15.7"," ","S","27","    13.7"," ","S","27","    10.7"," ","S","27","     2.0"," ","S","27","     1.1"," ","S","27","     5.9"," ","S","27","    30.7"," ","S","27","    25.7"," ","S","27","    20.7"," ","S","27","    15.7"," ","S","27","    13.7"," ","S","27","    10.7"," ","S","27","     2.0"," ","S","27","     1.1"," ","S","27","    21.3"," ","S","27","    19.5"," ","S","27","    18.4"," ","S","30","    10.7"," ","S","30","     6.4"," ","S","30","     3.4"," ","S","30","     1.2"," ","S","30","     0.2"," ","S","30","     0.0"," ","S","30","     0.0"," ","S","30","    0.05"," ","S","30","    0.14"," ","S","30","    0.37"," ","S","30","    0.50"," ","S","27","    9.96"," ","S","27","     0.0"," ","S","27","     0.0"," ","S","27","     0.0"," ","S","27","     0.0"," ","S","27","     0.0"," ","S","27","     0.0"," ","S","27","     0.0"," ","S","27","     0.0"," ","S","27"," -9999.0","M"," "," 0"," -9999.0","M"," "," 0"," -9999.0","M"," "," 0","     0.0"," ","S","26","    14.8"," ","S","26","     0.0"," ","S","27","     0.0"," ","S","27","     0.0"," ","S","27","     0.0"," ","S","27","     0.0"," ","S","27","     0.0"," ","S","27","     0.0"," ","S","27"," -9999.0","M"," "," 0"," -9999.0","M"," "," 0"," -9999.0","M"," "," 0"
"USC00424508","09-10"," 37.0286","-112.5361","1493.5","KANAB, UT US","09","10","99","    70.4"," ","S","27","    86.8"," ","S","30","    54.0"," ","S","27","    32.8"," ","S","27","     4.4"," ","S","27","     5.9"," ","S","30","     5.0"," ","S","27","     6.5"," ","S","27","     0.3"," ","S","27","     0.0"," ","S","27","     0.0"," ","S","27","     0.0"," ","S","27","     0.0","X","S","27","     0.0","X","S","27","     0.0","X","S","27","     5.6"," ","S","27","    30.4"," ","S","27","    25.4"," ","S","27","    20.4"," ","S","27","    15.4"," ","S","27","    13.4"," ","S","27","    10.4"," ","S","27","     1.9"," ","S","27","     1.0"," ","S","27","     5.6"," ","S","27","    30.4"," ","S","27","    25.4"," ","S","27","    20.4"," ","S","27","    15.4"," ","S","27","    13.4"," ","S","27","    10.4"," ","S","27","     1.9"," ","S","27","     1.0"," ","S","27","    21.1"," ","S","27","    19.3"," ","S","27","    18.1"," ","S","30","    10.6"," ","S","30","     6.4"," ","S","30","     3.4"," ","S","30","     1.2"," ","S","30","     0.2"," ","S","30","     0.0"," ","S","30","     0.0"," ","S","30","    0.05"," ","S","30","    0.15"," ","S","30","    0.38"," ","S","30","    0.56"," ","S","27","   10.02"," ","S","27","     0.0"," ","S","27","     0.0"," ","S","27","     0.0"," ","S","27","     0.0"," ","S","27","     0.0"," ","S","27","     0.0"," ","S","27","     0.0"," ","S","27","     0.0"," ","S","27"," -9999.0","M"," "," 0"," -9999.0","M"," "," 0"," -9999.0","M"," "," 0","     0.0"," ","S","26","    14.8"," ","S","26","     0.0"," ","S","27","     0.0"," ","S","27","     0.0"," ","S","27","     0.0"," ","S","27","     0.0"," ","S","27","     0.0"," ","S","27","     0.0"," ","S","27"," -9999.0","M"," "," 0"," -9999.0","M"," "," 0"," -9999.0","M"," "," 0"
"USC00424508","09-11"," 37.0286","-112.5361","1493.5","KANAB, UT US","09","11","99","    70.1"," ","S","27","    86.5"," ","S","30","    53.7"," ","S","27","    32.8"," ","S","27","     4.4"," ","S","27","     6.0"," ","S","30","     5.1"," ","S","27","     6.5"," ","S","27","     0.3"," ","S","27","     0.0"," ","S","27","     0.0"," ","S","27","     0.0"," ","S","27","     0.0","X","S","27","     0.0","X","S","27","     0.1"," ","S","27","     5.4"," ","S","27","    30.1"," ","S","27","    25.1"," ","S","27","    20.1"," ","S","27","    15.1"," ","S","27","    13.1"," ","S","27","    10.1"," ","S","27","     1.7"," ","S","27","     0.9"," ","S","27","     5.4"," ","S","27","    30.1"," ","S","27","    25.1"," ","S","27","    20.1"," ","S","27","    15.1"," ","S","27","    13.1"," ","S","27","    10.1"," ","S","27","     1.7"," ","S","27","     0.9"," ","S","27","    21.0"," ","S","27","    19.1"," ","S","27","    17.8"," ","S","30","    10.6"," ","S","30","     6.5"," ","S","30","     3.4"," ","S","30","     1.2"," ","S","30","     0.2"," ","S","30","     0.0"," ","S","30","     0.0"," ","S","30","    0.05"," ","S","30","    0.15"," ","S","30","    0.39"," ","S","30","    0.61"," ","S","27","   10.07"," ","S","27","     0.0"," ","S","27","     0.0"," ","S","27","     0.0"," ","S","27","     0.0"," ","S","27","     0.0"," ","S","27","     0.0"," ","S","27","     0.0"," ","S","27","     0.0"," ","S","27"," -9999.0","M"," "," 0"," -9999.0","M"," "," 0"," -9999.0","M"," "," 0","     0.0"," ","S","26","    14.8"," ","S","26","     0.0"," ","S","27","     0.0"," ","S","27","     0.0"," ","S","27","     0.0"," ","S","27","     0.0"," ","S","27","     0.0"," ","S","27","     0.0"," ","S","27"," -9999.0","M"," "," 0"," -9999.0","M"," "," 0"," -9999.0","M"," "," 0"
"USC00424508","09-12"," 37.0286","-112.5361","1493.5","KANAB, UT US","09","12","99","    69.8"," ","S","27","    86.2"," ","S","30","    53.3"," ","S","27","    32.9"," ","S","27","     4.5"," ","S","27","     6.0"," ","S","30","     5.1"," ","S","27","     6.6"," ","S","27","     0.4"," ","S","27","     0.0"," ","S","27","     0.0"," ","S","27","     0.0"," ","S","27","     0.0","X","S","27","     0.0","X","S","27","     0.1"," ","S","27","     5.1"," ","S","27","    29.8"," ","S","27","    24.8"," ","S","27","    19.8"," ","S","27","    14.8"," ","S","27","    12.8"," ","S","27","     9.8"," ","S","27","     1.6"," ","S","27","     0.8"," ","S","27","     5.1"," ","S","27","    29.8"," ","S","27","    24.8"," ","S","27","    19.8"," ","S","27","    14.8"," ","S","27","    12.8"," ","S","27","     9.8"," ","S","27","     1.6"," ","S","27","     0.8"," ","S","27","    20.8"," ","S","27","    19.0"," ","S","27","    17.5"," ","S","30","    10.4"," ","S","30","     6.4"," ","S","30","     3.4"," ","S","30","     1.2"," ","S","30","     0.2"," ","S","30","     0.0"," ","S","30","     0.0"," ","S","30","    0.05"," ","S","30","    0.15"," ","S","30","    0.40"," ","S","30","    0.66"," ","S","27","   10.12"," ","S","27","     0.0"," ","S","27","     0.0"," ","S","27","     0.0"," ","S","27","     0.0"," ","S","27","     0.0"," ","S","27","     0.0"," ","S","27","     0.0"," ","S","27","     0.0"," ","S","27"," -9999.0","M"," "," 0"," -9999.0","M"," "," 0"," -9999.0","M"," "," 0","     0.0"," ","S","26","    14.8"," ","S","26","     0.0"," ","S","27","     0.0"," ","S","27","     0.0"," ","S","27","     0.0"," ","S","27","     0.0"," ","S","27","     0.0"," ","S","27","     0.0"," ","S","27"," -9999.0","M"," "," 0"," -9999.0","M"," "," 0"," -9999.0","M"," "," 0"
"USC00424508","09-13"," 37.0286","-112.5361","1493.5","KANAB, UT US","09","13","99","    69.5"," ","S","27","    85.9"," ","S","30","    53.0"," ","S","27","    32.9"," ","S","27","     4.5"," ","S","27","     6.0"," ","S","30","     5.1"," ","S","27","     6.6"," ","S","27","     0.4"," ","S","27","     0.0"," ","S","27","     0.0"," ","S","27","     0.0"," ","S","27","     0.0","X","S","27","     0.0","X","S","27","     0.1"," ","S","27","     4.9"," ","S","27","    29.5"," ","S","27","    24.5"," ","S","27","    19.5"," ","S","27","    14.5"," ","S","27","    12.5"," ","S","27","     9.5"," ","S","27","     1.4"," ","S","27","     0.7"," ","S","27","     4.9"," ","S","27","    29.5"," ","S","27","    24.5"," ","S","27","    19.5"," ","S","27","    14.5"," ","S","27","    12.5"," ","S","27","     9.5"," ","S","27","     1.4"," ","S","27","     0.7"," ","S","27","    20.6"," ","S","27","    18.8"," ","S","27","    17.2"," ","S","30","    10.3"," ","S","30","     6.4"," ","S","30","     3.5"," ","S","30","     1.2"," ","S","30","     0.2"," ","S","30","     0.0"," ","S","30","     0.0"," ","S","30","    0.05"," ","S","30","    0.15"," ","S","30","    0.41"," ","S","30","    0.72"," ","S","27","   10.18"," ","S","27","     0.0"," ","S","27","     0.0"," ","S","27","     0.0"," ","S","27","     0.0"," ","S","27","     0.0"," ","S","27","     0.0"," ","S","27","     0.0"," ","S","27","     0.0"," ","S","27"," -9999.0","M"," "," 0"," -9999.0","M"," "," 0"," -9999.0","M"," "," 0","     0.0"," ","S","26","    14.8"," ","S","26","     0.0"," ","S","27","     0.0"," ","S","27","     0.0"," ","S","27","     0.0"," ","S","27","     0.0"," ","S","27","     0.0"," ","S","27","     0.0"," ","S","27"," -9999.0","M"," "," 0"," -9999.0","M"," "," 0"," -9999.0","M"," "," 0"
"USC00424508","09-14"," 37.0286","-112.5361","1493.5","KANAB, UT US","09","14","99","    69.2"," ","S","27","    85.6"," ","S","30","    52.7"," ","S","27","    32.9"," ","S","27","     4.6"," ","S","27","     6.1"," ","S","30","     5.2"," ","S","27","     6.6"," ","S","27","     0.5"," ","S","27","     0.0"," ","S","27","     0.0"," ","S","27","     0.0"," ","S","27","     0.0","X","S","27","     0.0","X","S","27","     0.1"," ","S","27","     4.6"," ","S","27","    29.1"," ","S","27","    24.2"," ","S","27","    19.1"," ","S","27","    14.2"," ","S","27","    12.2"," ","S","27","     9.2"," ","S","27","     1.3"," ","S","27","     0.6"," ","S","27","     4.6"," ","S","27","    29.1"," ","S","27","    24.2"," ","S","27","    19.1"," ","S","27","    14.2"," ","S","27","    12.2"," ","S","27","     9.2"," ","S","27","     1.3"," ","S","27","     0.6"," ","S","27","    20.4"," ","S","27","    18.6"," ","S","27","    16.9"," ","S","30","    10.2"," ","S","30","     6.4"," ","S","30","     3.5"," ","S","30","     1.2"," ","S","30","     0.2"," ","S","30","     0.0"," ","S","30","     0.0"," ","S","30","    0.05"," ","S","30","    0.16"," ","S","30","    0.41"," ","S","30","    0.78"," ","S","27","   10.24"," ","S","27","     0.0"," ","S","27","     0.0"," ","S","27","     0.0"," ","S","27","     0.0"," ","S","27","     0.0"," ","S","27","     0.0"," ","S","27","     0.0"," ","S","27","     0.0"," ","S","27"," -9999.0","M"," "," 0"," -9999.0","M"," "," 0"," -9999.0","M"," "," 0","     0.0"," ","S","26","    14.8"," ","S","26","     0.0"," ","S","27","     0.0"," ","S","27","     0.0"," ","S","27","     0.0"," ","S","27","     0.0"," ","S","27","     0.0"," ","S","27","     0.0"," ","S","27"," -9999.0","M"," "," 0"," -9999.0","M"," "," 0"," -9999.0","M"," "," 0"
"USC00424508","09-15"," 37.0286","-112.5361","1493.5","KANAB, UT US","09","15","99","    68.8"," ","S","27","    85.3"," ","S","30","    52.4"," ","S","27","    32.9"," ","S","27","     4.6"," ","S","27","     6.1"," ","S","30","     5.2"," ","S","27","     6.6"," ","S","27","     0.6"," ","S","27","     0.0"," ","S","27","     0.0"," ","S","27","     0.0","X","S","27","     0.0","X","S","27","     0.0","X","S","27","     0.1"," ","S","27","     4.4"," ","S","27","    28.8"," ","S","27","    23.8"," ","S","27","    18.8"," ","S","27","    13.8"," ","S","27","    11.9"," ","S","27","     8.9"," ","S","27","     1.2"," ","S","27","     0.5"," ","S","27","     4.4"," ","S","27","    28.8"," ","S","27","    23.8"," ","S","27","    18.8"," ","S","27","    13.8"," ","S","27","    11.9"," ","S","27","     8.9"," ","S","27","     1.2"," ","S","27","     0.5"," ","S","27","    20.2"," ","S","27","    18.5"," ","S","27","    16.6"," ","S","30","    10.1"," ","S","30","     6.4"," ","S","30","     3.5"," ","S","30","     1.2"," ","S","30","     0.2"," ","S","30","     0.0"," ","S","30","     0.0"," ","S","30","    0.05"," ","S","30","    0.16"," ","S","30","    0.42"," ","S","30","    0.83"," ","S","27","   10.29"," ","S","27","     0.0"," ","S","27","     0.0"," ","S","27","     0.0"," ","S","27","     0.0"," ","S","27","     0.0"," ","S","27","     0.0"," ","S","27","     0.0"," ","S","27","     0.0"," ","S","27"," -9999.0","M"," "," 0"," -9999.0","M"," "," 0"," -9999.0","M"," "," 0","     0.0"," ","S","26","    14.8"," ","S","26","     0.0"," ","S","27","     0.0"," ","S","27","     0.0"," ","S","27","     0.0"," ","S","27","     0.0"," ","S","27","     0.0"," ","S","27","     0.0"," ","S","27"," -9999.0","M"," "," 0"," -9999.0","M"," "," 0"," -9999.0","M"," "," 0"
"USC00424508","09-16"," 37.0286","-112.5361","1493.5","KANAB, UT US","09","16","99","    68.5"," ","S","27","    85.0"," ","S","30","    52.0"," ","S","27","    32.9"," ","S","27","     4.7"," ","S","27","     6.2"," ","S","30","     5.2"," ","S","27","     6.6"," ","S","27","     0.6"," ","S","27","     0.0"," ","S","27","     0.0"," ","S","27","     0.0","X","S","27","     0.0","X","S","27","     0.0","X","S","27","     0.1"," ","S","27","     4.1"," ","S","27","    28.5"," ","S","27","    23.5"," ","S","27","    18.5"," ","S","27","    13.5"," ","S","27","    11.5"," ","S","27","     8.6"," ","S","27","     1.0"," ","S","27","     0.4"," ","S","27","     4.1"," ","S","27","    28.5"," ","S","27","    23.5"," ","S","27","    18.5"," ","S","27","    13.5"," ","S","27","    11.5"," ","S","27","     8.6"," ","S","27","     1.0"," ","S","27","     0.4"," ","S","27","    20.0"," ","S","27","    18.3"," ","S","27","    16.3"," ","S","30","     9.9"," ","S","30","     6.4"," ","S","30","     3.4"," ","S","30","     1.2"," ","S","30","     0.2"," ","S","30","     0.0"," ","S","30","     0.0"," ","S","30","    0.05"," ","S","30","    0.16"," ","S","30","    0.42"," ","S","30","    0.89"," ","S","27","   10.35"," ","S","27","     0.0"," ","S","27","     0.0"," ","S","27","     0.0"," ","S","27","     0.0"," ","S","27","     0.0"," ","S","27","     0.0"," ","S","27","     0.0"," ","S","27","     0.0"," ","S","27"," -9999.0","M"," "," 0"," -9999.0","M"," "," 0"," -9999.0","M"," "," 0","     0.0"," ","S","26","    14.8"," ","S","26","     0.0"," ","S","27","     0.0"," ","S","27","     0.0"," ","S","27","     0.0"," ","S","27","     0.0"," ","S","27","     0.0"," ","S","27","     0.0"," ","S","27"," -9999.0","M"," "," 0"," -9999.0","M"," "," 0"," -9999.0","M"," "," 0"
"USC00424508","09-17"," 37.0286","-112.5361","1493.5","KANAB, UT US","09","17","99","    68.2"," ","S","27","    84.6"," ","S","30","    51.7"," ","S","27","    32.9"," ","S","27","     4.7"," ","S","27","     6.2"," ","S","30","     5.3"," ","S","27","     6.6"," ","S","27","     0.8"," ","S","27","     0.0"," ","S","27","     0.0"," ","S","27","     0.0","X","S","27","     0.0","X","S","27","     0.1"," ","S","27","     0.2"," ","S","27","     3.9"," ","S","27","    28.2"," ","S","27","    23.2"," ","S","27","    18.2"," ","S","27","    13.2"," ","S","27","    11.2"," ","S","27","     8.3"," ","S","27","     0.9"," ","S","27","     0.4"," ","S","27","     3.9"," ","S","27","    28.2"," ","S","27","    23.2"," ","S","27","    18.2"," ","S","27","    13.2"," ","S","27","    11.2"," ","S","27","     8.3"," ","S","27","     0.9"," ","S","27","     0.4"," ","S","27","    19.8"," ","S","27","    18.1"," ","S","27","    16.0"," ","S","30","     9.7"," ","S","30","     6.3"," ","S","30","     3.4"," ","S","30","     1.2"," ","S","30","     0.2"," ","S","30","     0.0"," ","S","30","     0.0"," ","S","30","    0.05"," ","S","30","    0.16"," ","S","30","    0.43"," ","S","30","    0.94"," ","S","27","   10.40"," ","S","27","     0.0"," ","S","27","     0.0"," ","S","27","     0.0"," ","S","27","     0.0"," ","S","27","     0.0"," ","S","27","     0.0"," ","S","27","     0.0"," ","S","27","     0.0"," ","S","27"," -9999.0","M"," "," 0"," -9999.0","M"," "," 0"," -9999.0","M"," "," 0","     0.0"," ","S","26","    14.8"," ","S","26","     0.0"," ","S","27","     0.0"," ","S","27","     0.0"," ","S","27","     0.0"," ","S","27","     0.0"," ","S","27","     0.0"," ","S","27","     0.0"," ","S","27"," -9999.0","M"," "," 0"," -9999.0","M"," "," 0"," -9999.0","M"," "," 0"
"USC00424508","09-18"," 37.0286","-112.5361","1493.5","KANAB, UT US","09","18","99","    67.8"," ","S","27","    84.3"," ","S","30","    51.3"," ","S","27","    32.9"," ","S","27","     4.7"," ","S","27","     6.3"," ","S","30","     5.3"," ","S","27","     6.7"," ","S","27","     0.9"," ","S","27","     0.0"," ","S","27","     0.0"," ","S","27","     0.0","X","S","27","     0.0","X","S","27","     0.1"," ","S","27","     0.2"," ","S","27","     3.7"," ","S","27","    27.8"," ","S","27","    22.8"," ","S","27","    17.8"," ","S","27","    12.8"," ","S","27","    10.9"," ","S","27","     8.0"," ","S","27","     0.8"," ","S","27","     0.3"," ","S","27","     3.7"," ","S","27","    27.8"," ","S","27","    22.8"," ","S","27","    17.8"," ","S","27","    12.8"," ","S","27","    10.9"," ","S","27","     8.0"," ","S","27","     0.8"," ","S","27","     0.3"," ","S","27","    19.5"," ","S","27","    17.9"," ","S","27","    15.7"," ","S","30","     9.6"," ","S","30","     6.3"," ","S","30","     3.4"," ","S","30","     1.2"," ","S","30","     0.2"," ","S","30","     0.0"," ","S","30","     0.0"," ","S","30","    0.05"," ","S","30","    0.17"," ","S","30","    0.44"," ","S","30","    0.99"," ","S","27","   10.45"," ","S","27","     0.0"," ","S","27","     0.0"," ","S","27","     0.0"," ","S","27","     0.0"," ","S","27","     0.0"," ","S","27","     0.0"," ","S","27","     0.0"," ","S","27","     0.0"," ","S","27"," -9999.0","M"," "," 0"," -9999.0","M"," "," 0"," -9999.0","M"," "," 0","     0.0"," ","S","26","    14.8"," ","S","26","     0.0"," ","S","27","     0.0"," ","S","27","     0.0"," ","S","27","     0.0"," ","S","27","     0.0"," ","S","27","     0.0"," ","S","27","     0.0"," ","S","27"," -9999.0","M"," "," 0"," -9999.0","M"," "," 0"," -9999.0","M"," "," 0"
"USC00424508","09-19"," 37.0286","-112.5361","1493.5","KANAB, UT US","09","19","99","    67.5"," ","S","27","    83.9"," ","S","30","    51.0"," ","S","27","    32.9"," ","S","27","     4.8"," ","S","27","     6.3"," ","S","30","     5.3"," ","S","27","     6.7"," ","S","27","     1.0"," ","S","27","     0.0"," ","S","27","     0.0"," ","S","27","     0.0","X","S","27","     0.0","X","S","27","     0.1"," ","S","27","     0.2"," ","S","27","     3.4"," ","S","27","    27.5"," ","S","27","    22.5"," ","S","27","    17.5"," ","S","27","    12.5"," ","S","27","    10.6"," ","S","27","     7.7"," ","S","27","     0.7"," ","S","27","     0.3"," ","S","27","     3.4"," ","S","27","    27.5"," ","S","27","    22.5"," ","S","27","    17.5"," ","S","27","    12.5"," ","S","27","    10.6"," ","S","27","     7.7"," ","S","27","     0.7"," ","S","27","     0.3"," ","S","27","    19.3"," ","S","27","    17.7"," ","S","27","    15.4"," ","S","30","     9.4"," ","S","30","     6.2"," ","S","30","     3.4"," ","S","30","     1.2"," ","S","30","     0.2"," ","S","30","     0.0"," ","S","30","     0.0"," ","S","30","    0.05"," ","S","30","    0.17"," ","S","30","    0.44"," ","S","30","    1.05"," ","S","27","   10.51"," ","S","27","     0.0"," ","S","27","     0.0"," ","S","27","     0.0"," ","S","27","     0.0"," ","S","27","     0.0"," ","S","27","     0.0"," ","S","27","     0.0"," ","S","27","     0.0"," ","S","27"," -9999.0","M"," "," 0"," -9999.0","M"," "," 0"," -9999.0","M"," "," 0","     0.0"," ","S","26","    14.8"," ","S","26","     0.0"," ","S","27","     0.0"," ","S","27","     0.0"," ","S","27","     0.0"," ","S","27","     0.0"," ","S","27","     0.0"," ","S","27","     0.0"," ","S","27"," -9999.0","M"," "," 0"," -9999.0","M"," "," 0"," -9999.0","M"," "," 0"
"USC00424508","09-20"," 37.0286","-112.5361","1493.5","KANAB, UT US","09","20","99","    67.1"," ","S","27","    83.6"," ","S","30","    50.6"," ","S","27","    32.9"," ","S","27","     4.8"," ","S","27","     6.3"," ","S","30","     5.4"," ","S","27","     6.7"," ","S","27","     1.1"," ","S","27","     0.0"," ","S","27","     0.0"," ","S","27","     0.0","X","S","27","     0.1"," ","S","27","     0.1"," ","S","27","     0.3"," ","S","27","     3.2"," ","S","27","    27.1"," ","S","27","    22.1"," ","S","27","    17.1"," ","S","27","    12.2"," ","S","27","    10.2"," ","S","27","     7.4"," ","S","27","     0.6"," ","S","27","     0.2"," ","S","27","     3.2"," ","S","27","    27.1"," ","S","27","    22.1"," ","S","27","    17.1"," ","S","27","    12.2"," ","S","27","    10.2"," ","S","27","     7.4"," ","S","27","     0.6"," ","S","27","     0.2"," ","S","27","    19.1"," ","S","27","    17.4"," ","S","27","    15.0"," ","S","30","     9.3"," ","S","30","     6.2"," ","S","30","     3.4"," ","S","30","     1.2"," ","S","30","     0.2"," ","S","30","     0.0"," ","S","30","     0.0"," ","S","30","    0.06"," ","S","30","    0.17"," ","S","30","    0.45"," ","S","30","    1.11"," ","S","27","   10.57"," ","S","27","     0.0"," ","S","27","     0.0"," ","S","27","     0.0"," ","S","27","     0.0"," ","S","27","     0.0"," ","S","27","     0.0"," ","S","27","     0.0"," ","S","27","     0.0"," ","S","27"," -9999.0","M"," "," 0"," -9999.0","M"," "," 0"," -9999.0","M"," "," 0","     0.0"," ","S","26","    14.8"," ","S","26","     0.0"," ","S","27","     0.0"," ","S","27","     0.0"," ","S","27","     0.0"," ","S","27","     0.0"," ","S","27","     0.0"," ","S","27","     0.0"," ","S","27"," -9999.0","M"," "," 0"," -9999.0","M"," "," 0"," -9999.0","M"," "," 0"
"USC00424508","09-21"," 37.0286","-112.5361","1493.5","KANAB, UT US","09","21","99","    66.7"," ","S","27","    83.2"," ","S","30","    50.3"," ","S","27","    32.9"," ","S","27","     4.9"," ","S","27","     6.4"," ","S","30","     5.4"," ","S","27","     6.7"," ","S","27","     1.3"," ","S","27","     0.0"," ","S","27","     0.0"," ","S","27","     0.0","X","S","27","     0.1"," ","S","27","     0.1"," ","S","27","     0.3"," ","S","27","     3.0"," ","S","27","    26.7"," ","S","27","    21.7"," ","S","27","    16.7"," ","S","27","    11.8"," ","S","27","     9.9"," ","S","27","     7.1"," ","S","27","     0.6"," ","S","27","     0.2"," ","S","27","     3.0"," ","S","27","    26.7"," ","S","27","    21.7"," ","S","27","    16.7"," ","S","27","    11.8"," ","S","27","     9.9"," ","S","27","     7.1"," ","S","27","     0.6"," ","S","27","     0.2"," ","S","27","    18.8"," ","S","27","    17.2"," ","S","27","    14.7"," ","S","30","     9.1"," ","S","30","     6.1"," ","S","30","     3.4"," ","S","30","     1.2"," ","S","30","     0.2"," ","S","30","     0.0"," ","S","30","     0.0"," ","S","30","    0.06"," ","S","30","    0.18"," ","S","30","    0.46"," ","S","30","    1.16"," ","S","27","   10.62"," ","S","27","     0.0"," ","S","27","     0.0"," ","S","27","     0.0"," ","S","27","     0.0"," ","S","27","     0.0"," ","S","27","     0.0"," ","S","27","     0.0"," ","S","27","     0.0"," ","S","27"," -9999.0","M"," "," 0"," -9999.0","M"," "," 0"," -9999.0","M"," "," 0","     0.0"," ","S","26","    14.8"," ","S","26","     0.0"," ","S","27","     0.0"," ","S","27","     0.0"," ","S","27","     0.0"," ","S","27","     0.0"," ","S","27","     0.0"," ","S","27","     0.0"," ","S","27"," -9999.0","M"," "," 0"," -9999.0","M"," "," 0"," -9999.0","M"," "," 0"
"USC00424508","09-22"," 37.0286","-112.5361","1493.5","KANAB, UT US","09","22","99","    66.4"," ","S","27","    82.8"," ","S","30","    49.9"," ","S","27","    32.9"," ","S","27","     4.9"," ","S","27","     6.5"," ","S","30","     5.5"," ","S","27","     6.8"," ","S","27","     1.4"," ","S","27","     0.0"," ","S","27","     0.0"," ","S","27","     0.0","X","S","27","     0.1"," ","S","27","     0.2"," ","S","27","     0.4"," ","S","27","     2.8"," ","S","27","    26.4"," ","S","27","    21.4"," ","S","27","    16.4"," ","S","27","    11.4"," ","S","27","     9.5"," ","S","27","     6.7"," ","S","27","     0.5"," ","S","27","     0.2"," ","S","27","     2.8"," ","S","27","    26.4"," ","S","27","    21.4"," ","S","27","    16.4"," ","S","27","    11.4"," ","S","27","     9.5"," ","S","27","     6.7"," ","S","27","     0.5"," ","S","27","     0.2"," ","S","27","    18.6"," ","S","27","    17.0"," ","S","27","    14.5"," ","S","30","     9.0"," ","S","30","     6.1"," ","S","30","     3.4"," ","S","30","     1.2"," ","S","30","     0.2"," ","S","30","     0.0"," ","S","30","     0.0"," ","S","30","    0.06"," ","S","30","    0.18"," ","S","30","    0.46"," ","S","30","    1.22"," ","S","27","   10.68"," ","S","27","     0.0"," ","S","27","     0.0"," ","S","27","     0.0"," ","S","27","     0.0"," ","S","27","     0.0"," ","S","27","     0.0"," ","S","27","     0.0"," ","S","27","     0.0"," ","S","27"," -9999.0","M"," "," 0"," -9999.0","M"," "," 0"," -9999.0","M"," "," 0","     0.0"," ","S","26","    14.8"," ","S","26","     0.0"," ","S","27","     0.0"," ","S","27","     0.0"," ","S","27","     0.0"," ","S","27","     0.0"," ","S","27","     0.0"," ","S","27","     0.0"," ","S","27"," -9999.0","M"," "," 0"," -9999.0","M"," "," 0"," -9999.0","M"," "," 0"
"USC00424508","09-23"," 37.0286","-112.5361","1493.5","KANAB, UT US","09","23","99","    66.0"," ","S","27","    82.4"," ","S","30","    49.5"," ","S","27","    32.9"," ","S","27","     5.0"," ","S","27","     6.5"," ","S","30","     5.5"," ","S","27","     6.8"," ","S","27","     1.6"," ","S","27","     0.0"," ","S","27","     0.0"," ","S","27","     0.0","X","S","27","     0.1"," ","S","27","     0.2"," ","S","27","     0.4"," ","S","27","     2.6"," ","S","27","    26.0"," ","S","27","    21.0"," ","S","27","    16.0"," ","S","27","    11.1"," ","S","27","     9.2"," ","S","27","     6.4"," ","S","27","     0.4"," ","S","27","     0.1"," ","S","27","     2.6"," ","S","27","    26.0"," ","S","27","    21.0"," ","S","27","    16.0"," ","S","27","    11.1"," ","S","27","     9.2"," ","S","27","     6.4"," ","S","27","     0.4"," ","S","27","     0.1"," ","S","27","    18.3"," ","S","27","    16.8"," ","S","27","    14.2"," ","S","30","     8.9"," ","S","30","     6.0"," ","S","30","     3.4"," ","S","30","     1.2"," ","S","30","     0.2"," ","S","30","     0.0"," ","S","30","     0.0"," ","S","30","    0.06"," ","S","30","    0.18"," ","S","30","    0.47"," ","S","30","    1.28"," ","S","27","   10.74"," ","S","27","     0.0"," ","S","27","     0.0"," ","S","27","     0.0"," ","S","27","     0.0"," ","S","27","     0.0"," ","S","27","     0.0"," ","S","27","     0.0"," ","S","27","     0.0"," ","S","27"," -9999.0","M"," "," 0"," -9999.0","M"," "," 0"," -9999.0","M"," "," 0","     0.0"," ","S","26","    14.8"," ","S","26","     0.0"," ","S","27","     0.0"," ","S","27","     0.0"," ","S","27","     0.0"," ","S","27","     0.0"," ","S","27","     0.0"," ","S","27","     0.0"," ","S","27"," -9999.0","M"," "," 0"," -9999.0","M"," "," 0"," -9999.0","M"," "," 0"
"USC00424508","09-24"," 37.0286","-112.5361","1493.5","KANAB, UT US","09","24","99","    65.6"," ","S","27","    82.0"," ","S","30","    49.2"," ","S","27","    32.9"," ","S","27","     5.0"," ","S","27","     6.6"," ","S","30","     5.5"," ","S","27","     6.8"," ","S","27","     1.8"," ","S","27","     0.0"," ","S","27","     0.0"," ","S","27","     0.0","X","S","27","     0.1"," ","S","27","     0.2"," ","S","27","     0.5"," ","S","27","     2.4"," ","S","27","    25.6"," ","S","27","    20.6"," ","S","27","    15.6"," ","S","27","    10.7"," ","S","27","     8.8"," ","S","27","     6.1"," ","S","27","     0.4"," ","S","27","     0.1"," ","S","27","     2.4"," ","S","27","    25.6"," ","S","27","    20.6"," ","S","27","    15.6"," ","S","27","    10.7"," ","S","27","     8.8"," ","S","27","     6.1"," ","S","27","     0.4"," ","S","27","     0.1"," ","S","27","    18.1"," ","S","27","    16.6"," ","S","27","    14.0"," ","S","30","     8.8"," ","S","30","     6.0"," ","S","30","     3.4"," ","S","30","     1.2"," ","S","30","     0.2"," ","S","30","     0.0"," ","S","30","     0.0"," ","S","30","    0.06"," ","S","30","    0.18"," ","S","30","    0.47"," ","S","30","    1.33"," ","S","27","   10.79"," ","S","27","     0.0"," ","S","27","     0.0"," ","S","27","     0.0"," ","S","27","     0.0"," ","S","27","     0.0"," ","S","27","     0.0"," ","S","27","     0.0"," ","S","27","     0.0"," ","S","27"," -9999.0","M"," "," 0"," -9999.0","M"," "," 0"," -9999.0","M"," "," 0","     0.0"," ","S","26","    14.8"," ","S","26","     0.0"," ","S","27","     0.0"," ","S","27","     0.0"," ","S","27","     0.0"," ","S","27","     0.0"," ","S","27","     0.0"," ","S","27","     0.0"," ","S","27"," -9999.0","M"," "," 0"," -9999.0","M"," "," 0"," -9999.0","M"," "," 0"
"USC00424508","09-25"," 37.0286","-112.5361","1493.5","KANAB, UT US","09","25","99","    65.2"," ","S","27","    81.6"," ","S","30","    48.8"," ","S","27","    32.9"," ","S","27","     5.1"," ","S","27","     6.6"," ","S","30","     5.6"," ","S","27","     6.9"," ","S","27","     2.0"," ","S","27","     0.0"," ","S","27","     0.0"," ","S","27","     0.0","X","S","27","     0.1"," ","S","27","     0.3"," ","S","27","     0.6"," ","S","27","     2.2"," ","S","27","    25.2"," ","S","27","    20.2"," ","S","27","    15.2"," ","S","27","    10.3"," ","S","27","     8.5"," ","S","27","     5.8"," ","S","27","     0.3"," ","S","27","     0.1"," ","S","27","     2.2"," ","S","27","    25.2"," ","S","27","    20.2"," ","S","27","    15.2"," ","S","27","    10.3"," ","S","27","     8.5"," ","S","27","     5.8"," ","S","27","     0.3"," ","S","27","     0.1"," ","S","27","    17.8"," ","S","27","    16.4"," ","S","27","    13.8"," ","S","30","     8.7"," ","S","30","     6.0"," ","S","30","     3.3"," ","S","30","     1.2"," ","S","30","     0.2"," ","S","30","     0.0"," ","S","30","     0.0"," ","S","30","    0.06"," ","S","30","    0.19"," ","S","30","    0.48"," ","S","30","    1.39"," ","S","27","   10.85"," ","S","27","     0.0"," ","S","27","     0.0"," ","S","27","     0.0"," ","S","27","     0.0"," ","S","27","     0.0"," ","S","27","     0.0"," ","S","27","     0.0"," ","S","27","     0.0"," ","S","27"," -9999.0","M"," "," 0"," -9999.0","M"," "," 0"," -9999.0","M"," "," 0","     0.0"," ","S","26","    14.8"," ","S","26","     0.0"," ","S","27","     0.0"," ","S","27","     0.0"," ","S","27","     0.0"," ","S","27","     0.0"," ","S","27","     0.0"," ","S","27","     0.0"," ","S","27"," -9999.0","M"," "," 0"," -9999.0","M"," "," 0"," -9999.0","M"," "," 0"
"USC00424508","09-26"," 37.0286","-112.5361","1493.5","KANAB, UT US","09","26","99","    64.8"," ","S","27","    81.2"," ","S","30","    48.4"," ","S","27","    32.8"," ","S","27","     5.1"," ","S","27","     6.7"," ","S","30","     5.6"," ","S","27","     6.9"," ","S","27","     2.2"," ","S","27","     0.0"," ","S","27","     0.0"," ","S","27","     0.0","X","S","27","     0.1"," ","S","27","     0.3"," ","S","27","     0.7"," ","S","27","     2.0"," ","S","27","    24.8"," ","S","27","    19.8"," ","S","27","    14.8"," ","S","27","    10.0"," ","S","27","     8.1"," ","S","27","     5.5"," ","S","27","     0.2"," ","S","27","     0.1"," ","S","27","     2.0"," ","S","27","    24.8"," ","S","27","    19.8"," ","S","27","    14.8"," ","S","27","    10.0"," ","S","27","     8.1"," ","S","27","     5.5"," ","S","27","     0.2"," ","S","27","     0.1"," ","S","27","    17.6"," ","S","27","    16.1"," ","S","27","    13.6"," ","S","30","     8.7"," ","S","30","     6.0"," ","S","30","     3.4"," ","S","30","     1.2"," ","S","30","     0.2"," ","S","30","     0.0"," ","S","30","     0.0"," ","S","30","    0.06"," ","S","30","    0.19"," ","S","30","    0.48"," ","S","30","    1.43"," ","S","27","   10.89"," ","S","27","     0.0"," ","S","27","     0.0"," ","S","27","     0.0"," ","S","27","     0.0"," ","S","27","     0.0"," ","S","27","     0.0"," ","S","27","     0.0"," ","S","27","     0.0"," ","S","27"," -9999.0","M"," "," 0"," -9999.0","M"," "," 0"," -9999.0","M"," "," 0","     0.0"," ","S","26","    14.8"," ","S","26","     0.0"," ","S","26","     0.0"," ","S","26","     0.0"," ","S","26","     0.0"," ","S","26","     0.0"," ","S","26","     0.0"," ","S","26","     0.0"," ","S","26"," -9999.0","M"," "," 0"," -9999.0","M"," "," 0"," -9999.0","M"," "," 0"
"USC00424508","09-27"," 37.0286","-112.5361","1493.5","KANAB, UT US","09","27","99","    64.4"," ","S","27","    80.8"," ","S","30","    48.0"," ","S","27","    32.8"," ","S","27","     5.2"," ","S","27","     6.8"," ","S","30","     5.6"," ","S","27","     6.9"," ","S","27","     2.4"," ","S","27","     0.0"," ","S","27","     0.0"," ","S","27","     0.0","X","S","27","     0.2"," ","S","27","     0.3"," ","S","27","     0.7"," ","S","27","     1.8"," ","S","27","    24.4"," ","S","27","    19.4"," ","S","27","    14.4"," ","S","27","     9.6"," ","S","27","     7.8"," ","S","27","     5.2"," ","S","27","     0.2"," ","S","27","     0.0","X","S","27","     1.8"," ","S","27","    24.4"," ","S","27","    19.4"," ","S","27","    14.4"," ","S","27","     9.6"," ","S","27","     7.8"," ","S","27","     5.2"," ","S","27","     0.2"," ","S","27","     0.0","X","S","27","    17.3"," ","S","27","    15.8"," ","S","27","    13.5"," ","S","30","     8.6"," ","S","30","     6.0"," ","S","30","     3.4"," ","S","30","     1.1"," ","S","30","     0.2"," ","S","30","     0.0"," ","S","30","     0.0"," ","S","30","    0.06"," ","S","30","    0.19"," ","S","30","    0.49"," ","S","30","    1.48"," ","S","27","   10.94"," ","S","27","     0.0"," ","S","27","     0.0"," ","S","27","     0.0"," ","S","27","     0.0"," ","S","27","     0.0"," ","S","27","     0.0"," ","S","27","     0.0"," ","S","27","     0.0"," ","S","27"," -9999.0","M"," "," 0"," -9999.0","M"," "," 0"," -9999.0","M"," "," 0","     0.0"," ","S","26","    14.8"," ","S","26","     0.0"," ","S","26","     0.0"," ","S","26","     0.0"," ","S","26","     0.0"," ","S","26","     0.0"," ","S","26","     0.0"," ","S","26","     0.0"," ","S","26"," -9999.0","M"," "," 0"," -9999.0","M"," "," 0"," -9999.0","M"," "," 0"
"USC00424508","09-28"," 37.0286","-112.5361","1493.5","KANAB, UT US","09","28","99","    64.0"," ","S","27","    80.4"," ","S","30","    47.6"," ","S","27","    32.8"," ","S","27","     5.2"," ","S","27","     6.8"," ","S","30","     5.7"," ","S","27","     7.0"," ","S","27","     2.6"," ","S","27","     0.0"," ","S","27","     0.0"," ","S","27","     0.0","X","S","27","     0.2"," ","S","27","     0.4"," ","S","27","     0.8"," ","S","27","     1.6"," ","S","27","    24.0"," ","S","27","    19.0"," ","S","27","    14.0"," ","S","27","     9.2"," ","S","27","     7.4"," ","S","27","     4.9"," ","S","27","     0.2"," ","S","27","     0.0","X","S","27","     1.6"," ","S","27","    24.0"," ","S","27","    19.0"," ","S","27","    14.0"," ","S","27","     9.2"," ","S","27","     7.4"," ","S","27","     4.9"," ","S","27","     0.2"," ","S","27","     0.0","X","S","27","    17.0"," ","S","27","    15.6"," ","S","27","    13.4"," ","S","30","     8.6"," ","S","30","     6.0"," ","S","30","     3.4"," ","S","30","     1.1"," ","S","30","     0.2"," ","S","30","     0.0"," ","S","30","     0.0"," ","S","30","    0.06"," ","S","30","    0.19"," ","S","30","    0.49"," ","S","30","    1.53"," ","S","27","   10.99"," ","S","27","     0.0"," ","S","27","     0.0"," ","S","27","     0.0"," ","S","27","     0.0"," ","S","27","     0.0"," ","S","27","     0.0"," ","S","27","     0.0"," ","S","27","     0.0"," ","S","27"," -9999.0","M"," "," 0"," -9999.0","M"," "," 0"," -9999.0","M"," "," 0","     0.0"," ","S","26","    14.8"," ","S","26","     0.0"," ","S","26","     0.0"," ","S","26","     0.0"," ","S","26","     0.0"," ","S","26","     0.0"," ","S","26","     0.0"," ","S","26","     0.0"," ","S","26"," -9999.0","M"," "," 0"," -9999.0","M"," "," 0"," -9999.0","M"," "," 0"
"USC00424508","09-29"," 37.0286","-112.5361","1493.5","KANAB, UT US","09","29","99","    63.6"," ","S","27","    80.0"," ","S","30","    47.3"," ","S","27","    32.7"," ","S","27","     5.3"," ","S","27","     6.9"," ","S","30","     5.7"," ","S","27","     7.0"," ","S","27","     2.8"," ","S","27","     0.0"," ","S","27","     0.0","X","S","27","     0.0","X","S","27","     0.2"," ","S","27","     0.4"," ","S","27","     1.0"," ","S","27","     1.5"," ","S","27","    23.6"," ","S","27","    18.6"," ","S","27","    13.7"," ","S","27","     8.9"," ","S","27","     7.1"," ","S","27","     4.6"," ","S","27","     0.1"," ","S","27","     0.0","X","S","27","     1.5"," ","S","27","    23.6"," ","S","27","    18.6"," ","S","27","    13.7"," ","S","27","     8.9"," ","S","27","     7.1"," ","S","27","     4.6"," ","S","27","     0.1"," ","S","27","     0.0","X","S","27","    16.7"," ","S","27","    15.3"," ","S","27","    13.3"," ","S","30","     8.6"," ","S","30","     6.0"," ","S","30","     3.4"," ","S","30","     1.1"," ","S","30","     0.2"," ","S","30","     0.0"," ","S","30","     0.0"," ","S","30","    0.07"," ","S","30","    0.20"," ","S","30","    0.49"," ","S","30","    1.58"," ","S","27","   11.04"," ","S","27","     0.0"," ","S","27","     0.0"," ","S","27","     0.0"," ","S","27","     0.0"," ","S","27","     0.0"," ","S","27","     0.0"," ","S","27","     0.0"," ","S","27","     0.0"," ","S","27"," -9999.0","M"," "," 0"," -9999.0","M"," "," 0"," -9999.0","M"," "," 0","     0.0"," ","S","26","    14.8"," ","S","26","     0.0"," ","S","26","     0.0"," ","S","26","     0.0"," ","S","26","     0.0"," ","S","26","     0.0"," ","S","26","     0.0"," ","S","26","     0.0"," ","S","26"," -9999.0","M"," "," 0"," -9999.0","M"," "," 0"," -9999.0","M"," "," 0"
"USC00424508","09-30"," 37.0286","-112.5361","1493.5","KANAB, UT US","09","30","99","    63.2"," ","S","27","    79.6"," ","S","30","    46.9"," ","S","27","    32.7"," ","S","27","     5.3"," ","S","27","     7.0"," ","S","30","     5.7"," ","S","27","     7.1"," ","S","27","     3.1"," ","S","27","     0.0"," ","S","27","     0.0","X","S","27","     0.0","X","S","27","     0.3"," ","S","27","     0.5"," ","S","27","     1.1"," ","S","27","     1.3"," ","S","27","    23.2"," ","S","27","    18.2"," ","S","27","    13.3"," ","S","27","     8.5"," ","S","27","     6.7"," ","S","27","     4.3"," ","S","27","     0.1"," ","S","27","     0.0","X","S","27","     1.3"," ","S","27","    23.2"," ","S","27","    18.2"," ","S","27","    13.3"," ","S","27","     8.5"," ","S","27","     6.7"," ","S","27","     4.3"," ","S","27","     0.1"," ","S","27","     0.0","X","S","27","    16.4"," ","S","27","    15.0"," ","S","27","    13.2"," ","S","30","     8.6"," ","S","30","     6.0"," ","S","30","     3.4"," ","S","30","     1.0"," ","S","30","     0.2"," ","S","30","     0.0"," ","S","30","     0.0"," ","S","30","    0.07"," ","S","30","    0.20"," ","S","30","    0.49"," ","S","30","    1.62"," ","S","27","   11.08"," ","S","27","     0.0"," ","S","27","     0.0"," ","S","27","     0.0"," ","S","27","     0.0"," ","S","27","     0.0"," ","S","27","     0.0"," ","S","27","     0.0"," ","S","27","     0.0"," ","S","27"," -9999.0","M"," "," 0"," -9999.0","M"," "," 0"," -9999.0","M"," "," 0","     0.0"," ","S","26","    14.8"," ","S","26","     0.0"," ","S","26","     0.0"," ","S","26","     0.0"," ","S","26","     0.0"," ","S","26","     0.0"," ","S","26","     0.0"," ","S","26","     0.0"," ","S","26"," -9999.0","M"," "," 0"," -9999.0","M"," "," 0"," -9999.0","M"," "," 0"
"USC00424508","10-01"," 37.0286","-112.5361","1493.5","KANAB, UT US","10","01","99","    62.8"," ","S","27","    79.1"," ","S","30","    46.5"," ","S","27","    32.6"," ","S","27","     5.3"," ","S","27","     7.1"," ","S","30","     5.7"," ","S","27","     7.1"," ","S","27","     3.3"," ","S","27","     0.0"," ","S","27","     0.0","X","S","27","     0.0","X","S","27","     0.3"," ","S","27","     0.5"," ","S","27","     1.2"," ","S","27","     1.2"," ","S","27","    22.8"," ","S","27","    17.8"," ","S","27","    12.9"," ","S","27","     8.1"," ","S","27","     6.4"," ","S","27","     4.0"," ","S","27","     0.1"," ","S","27","     0.0","X","S","27","     1.2"," ","S","27","    22.8"," ","S","27","    17.8"," ","S","27","    12.9"," ","S","27","     8.1"," ","S","27","     6.4"," ","S","27","     4.0"," ","S","27","     0.1"," ","S","27","     0.0","X","S","27","    16.1"," ","S","27","    14.8"," ","S","27","    13.2"," ","S","30","     8.7"," ","S","30","     6.1"," ","S","30","     3.4"," ","S","30","     1.0"," ","S","30","     0.2"," ","S","30","     0.0"," ","S","30","     0.0"," ","S","30","    0.07"," ","S","30","    0.20"," ","S","30","    0.49"," ","S","30","    0.05"," ","S","28","   11.13"," ","S","28","     0.0"," ","S","27","     0.0"," ","S","27","     0.0"," ","S","27","     0.0"," ","S","27","     0.0"," ","S","27","     0.0"," ","S","27","     0.0"," ","S","27","     0.0"," ","S","27"," -9999.0","M"," "," 0"," -9999.0","M"," "," 0"," -9999.0","M"," "," 0","     0.0"," ","S","28","    14.8"," ","S","28","     0.0"," ","S","26","     0.0"," ","S","26","     0.0"," ","S","26","     0.0"," ","S","26","     0.0"," ","S","26","     0.0"," ","S","26","     0.0"," ","S","26"," -9999.0","M"," "," 0"," -9999.0","M"," "," 0"," -9999.0","M"," "," 0"
"USC00424508","10-02"," 37.0286","-112.5361","1493.5","KANAB, UT US","10","02","99","    62.4"," ","S","27","    78.7"," ","S","30","    46.1"," ","S","27","    32.6"," ","S","27","     5.4"," ","S","27","     7.1"," ","S","30","     5.8"," ","S","27","     7.2"," ","S","27","     3.6"," ","S","27","     0.0"," ","S","27","     0.0","X","S","27","     0.0","X","S","27","     0.3"," ","S","27","     0.6"," ","S","27","     1.3"," ","S","27","     1.0"," ","S","27","    22.4"," ","S","27","    17.4"," ","S","27","    12.5"," ","S","27","     7.7"," ","S","27","     6.0"," ","S","27","     3.7"," ","S","27","     0.1"," ","S","27","     0.0","X","S","27","     1.0"," ","S","27","    22.4"," ","S","27","    17.4"," ","S","27","    12.5"," ","S","27","     7.7"," ","S","27","     6.0"," ","S","27","     3.7"," ","S","27","     0.1"," ","S","27","     0.0","X","S","27","    15.9"," ","S","27","    14.6"," ","S","27","    13.1"," ","S","30","     8.7"," ","S","30","     6.1"," ","S","30","     3.4"," ","S","30","     1.0"," ","S","30","     0.2"," ","S","30","     0.0"," ","S","30","     0.0"," ","S","30","    0.07"," ","S","30","    0.20"," ","S","30","    0.50"," ","S","30","    0.10"," ","S","28","   11.18"," ","S","28","     0.0"," ","S","27","     0.0"," ","S","27","     0.0"," ","S","27","     0.0"," ","S","27","     0.0"," ","S","27","     0.0"," ","S","27","     0.0"," ","S","27","     0.0"," ","S","27"," -9999.0","M"," "," 0"," -9999.0","M"," "," 0"," -9999.0","M"," "," 0","     0.0"," ","S","28","    14.8"," ","S","28","     0.0"," ","S","26","     0.0"," ","S","26","     0.0"," ","S","26","     0.0"," ","S","26","     0.0"," ","S","26","     0.0"," ","S","26","     0.0"," ","S","26"," -9999.0","M"," "," 0"," -9999.0","M"," "," 0"," -9999.0","M"," "," 0"
"USC00424508","10-03"," 37.0286","-112.5361","1493.5","KANAB, UT US","10","03","99","    62.0"," ","S","27","    78.3"," ","S","30","    45.7"," ","S","27","    32.5"," ","S","27","     5.4"," ","S","27","     7.2"," ","S","30","     5.8"," ","S","27","     7.3"," ","S","27","     3.9"," ","S","27","     0.0","X","S","27","     0.0","X","S","27","     0.0","X","S","27","     0.3"," ","S","27","     0.6"," ","S","27","     1.4"," ","S","27","     0.9"," ","S","27","    22.0"," ","S","27","    17.0"," ","S","27","    12.1"," ","S","27","     7.4"," ","S","27","     5.7"," ","S","27","     3.4"," ","S","27","     0.1"," ","S","27","     0.0","X","S","27","     0.9"," ","S","27","    22.0"," ","S","27","    17.0"," ","S","27","    12.1"," ","S","27","     7.4"," ","S","27","     5.7"," ","S","27","     3.4"," ","S","27","     0.1"," ","S","27","     0.0","X","S","27","    15.6"," ","S","27","    14.3"," ","S","27","    13.1"," ","S","30","     8.7"," ","S","30","     6.1"," ","S","30","     3.3"," ","S","30","     1.0"," ","S","30","     0.2"," ","S","30","     0.0"," ","S","30","     0.0"," ","S","30","    0.07"," ","S","30","    0.20"," ","S","30","    0.50"," ","S","30","    0.15"," ","S","28","   11.23"," ","S","28","     0.0"," ","S","27","     0.0"," ","S","27","     0.0"," ","S","27","     0.0"," ","S","27","     0.0"," ","S","27","     0.0"," ","S","27","     0.0"," ","S","27","     0.0"," ","S","27"," -9999.0","M"," "," 0"," -9999.0","M"," "," 0"," -9999.0","M"," "," 0","     0.0"," ","S","28","    14.8"," ","S","28","     0.0"," ","S","26","     0.0"," ","S","26","     0.0"," ","S","26","     0.0"," ","S","26","     0.0"," ","S","26","     0.0"," ","S","26","     0.0"," ","S","26"," -9999.0","M"," "," 0"," -9999.0","M"," "," 0"," -9999.0","M"," "," 0"
"USC00424508","10-04"," 37.0286","-112.5361","1493.5","KANAB, UT US","10","04","99","    61.6"," ","S","27","    77.9"," ","S","30","    45.4"," ","S","27","    32.5"," ","S","27","     5.5"," ","S","27","     7.3"," ","S","30","     5.8"," ","S","27","     7.3"," ","S","27","     4.2"," ","S","27","     0.0","X","S","27","     0.0","X","S","27","     0.1"," ","S","27","     0.4"," ","S","27","     0.7"," ","S","27","     1.5"," ","S","27","     0.8"," ","S","27","    21.6"," ","S","27","    16.6"," ","S","27","    11.7"," ","S","27","     7.0"," ","S","27","     5.3"," ","S","27","     3.2"," ","S","27","     0.0","X","S","27","     0.0","X","S","27","     0.8"," ","S","27","    21.6"," ","S","27","    16.6"," ","S","27","    11.7"," ","S","27","     7.0"," ","S","27","     5.3"," ","S","27","     3.2"," ","S","27","     0.0","X","S","27","     0.0","X","S","27","    15.4"," ","S","27","    14.1"," ","S","27","    13.1"," ","S","30","     8.8"," ","S","30","     6.1"," ","S","30","     3.3"," ","S","30","     1.0"," ","S","30","     0.2"," ","S","30","     0.0"," ","S","30","     0.0"," ","S","30","    0.07"," ","S","30","    0.21"," ","S","30","    0.50"," ","S","30","    0.19"," ","S","28","   11.27"," ","S","28","     0.1"," ","S","27","     0.1"," ","S","27","     0.0"," ","S","27","     0.0"," ","S","27","     0.0"," ","S","27","     0.0"," ","S","27","     0.0"," ","S","27","     0.0"," ","S","27"," -9999.0","Y"," "," 0"," -9999.0","Y"," "," 0"," -9999.0","Y"," "," 0","     0.0"," ","S","28","    14.8"," ","S","28","     0.0"," ","S","26","     0.0"," ","S","26","     0.0"," ","S","26","     0.0"," ","S","26","     0.0"," ","S","26","     0.0"," ","S","26","     0.0"," ","S","26"," -9999.0","M"," "," 0"," -9999.0","M"," "," 0"," -9999.0","M"," "," 0"
"USC00424508","10-05"," 37.0286","-112.5361","1493.5","KANAB, UT US","10","05","99","    61.2"," ","S","27","    77.4"," ","S","30","    45.0"," ","S","27","    32.4"," ","S","27","     5.5"," ","S","27","     7.4"," ","S","30","     5.8"," ","S","27","     7.4"," ","S","27","     4.5"," ","S","27","     0.0","X","S","27","     0.0","X","S","27","     0.1"," ","S","27","     0.5"," ","S","27","     0.8"," ","S","27","     1.7"," ","S","27","     0.7"," ","S","27","    21.2"," ","S","27","    16.2"," ","S","27","    11.3"," ","S","27","     6.7"," ","S","27","     5.0"," ","S","27","     2.9"," ","S","27","     0.0","X","S","27","     0.0","X","S","27","     0.7"," ","S","27","    21.2"," ","S","27","    16.2"," ","S","27","    11.3"," ","S","27","     6.7"," ","S","27","     5.0"," ","S","27","     2.9"," ","S","27","     0.0","X","S","27","     0.0","X","S","27","    15.1"," ","S","27","    13.9"," ","S","27","    13.0"," ","S","30","     8.8"," ","S","30","     6.1"," ","S","30","     3.3"," ","S","30","     1.0"," ","S","30","     0.2"," ","S","30","     0.0"," ","S","30","     0.0"," ","S","30","    0.07"," ","S","30","    0.21"," ","S","30","    0.50"," ","S","30","    0.24"," ","S","28","   11.32"," ","S","28","     0.1"," ","S","27","     0.1"," ","S","27","     0.0"," ","S","27","     0.0"," ","S","27","     0.0"," ","S","27","     0.0"," ","S","27","     0.0"," ","S","27","     0.0"," ","S","27"," -9999.0","Y"," "," 0"," -9999.0","Y"," "," 0"," -9999.0","Y"," "," 0","     0.0"," ","S","28","    14.8"," ","S","28","     0.0"," ","S","26","     0.0"," ","S","26","     0.0"," ","S","26","     0.0"," ","S","26","     0.0"," ","S","26","     0.0"," ","S","26","     0.0"," ","S","26"," -9999.0","M"," "," 0"," -9999.0","M"," "," 0"," -9999.0","M"," "," 0"
"USC00424508","10-06"," 37.0286","-112.5361","1493.5","KANAB, UT US","10","06","99","    60.8"," ","S","27","    77.0"," ","S","30","    44.6"," ","S","27","    32.4"," ","S","27","     5.5"," ","S","27","     7.4"," ","S","30","     5.8"," ","S","27","     7.5"," ","S","27","     4.8"," ","S","27","     0.0","X","S","27","     0.0","X","S","27","     0.1"," ","S","27","     0.5"," ","S","27","     0.9"," ","S","27","     1.9"," ","S","27","     0.6"," ","S","27","    20.8"," ","S","27","    15.8"," ","S","27","    10.9"," ","S","27","     6.3"," ","S","27","     4.7"," ","S","27","     2.7"," ","S","27","     0.0","X","S","27","     0.0","X","S","27","     0.6"," ","S","27","    20.8"," ","S","27","    15.8"," ","S","27","    10.9"," ","S","27","     6.3"," ","S","27","     4.7"," ","S","27","     2.7"," ","S","27","     0.0","X","S","27","     0.0","X","S","27","    14.9"," ","S","27","    13.6"," ","S","27","    12.9"," ","S","30","     8.8"," ","S","30","     6.1"," ","S","30","     3.2"," ","S","30","     1.0"," ","S","30","     0.2"," ","S","30","     0.0"," ","S","30","     0.0"," ","S","30","    0.07"," ","S","30","    0.21"," ","S","30","    0.49"," ","S","30","    0.29"," ","S","28","   11.37"," ","S","28","     0.1"," ","S","28","     0.1"," ","S","28","     0.0"," ","S","28","     0.0"," ","S","28","     0.0"," ","S","28","     0.0"," ","S","28","     0.0"," ","S","28","     0.0"," ","S","28"," -9999.0","Y"," "," 0"," -9999.0","Y"," "," 0"," -9999.0","Y"," "," 0","     0.0"," ","S","28","    14.8"," ","S","28","     0.0"," ","S","27","     0.0"," ","S","27","     0.0"," ","S","27","     0.0"," ","S","27","     0.0"," ","S","27","     0.0"," ","S","27","     0.0"," ","S","27"," -9999.0","M"," "," 0"," -9999.0","M"," "," 0"," -9999.0","M"," "," 0"
"USC00424508","10-07"," 37.0286","-112.5361","1493.5","KANAB, UT US","10","07","99","    60.4"," ","S","27","    76.6"," ","S","30","    44.3"," ","S","27","    32.3"," ","S","27","     5.6"," ","S","27","     7.5"," ","S","30","     5.9"," ","S","27","     7.5"," ","S","27","     5.1"," ","S","27","     0.0","X","S","27","     0.0","X","S","27","     0.1"," ","S","27","     0.6"," ","S","27","     1.0"," ","S","27","     2.1"," ","S","27","     0.5"," ","S","27","    20.4"," ","S","27","    15.4"," ","S","27","    10.5"," ","S","27","     6.0"," ","S","27","     4.4"," ","S","27","     2.5"," ","S","27","     0.0","X","S","27","     0.0","X","S","27","     0.5"," ","S","27","    20.4"," ","S","27","    15.4"," ","S","27","    10.5"," ","S","27","     6.0"," ","S","27","     4.4"," ","S","27","     2.5"," ","S","27","     0.0","X","S","27","     0.0","X","S","27","    14.6"," ","S","27","    13.4"," ","S","27","    12.8"," ","S","30","     8.7"," ","S","30","     6.0"," ","S","30","     3.2"," ","S","30","     1.0"," ","S","30","     0.1"," ","S","30","     0.0"," ","S","30","     0.0"," ","S","30","    0.07"," ","S","30","    0.20"," ","S","30","    0.49"," ","S","30","    0.34"," ","S","28","   11.42"," ","S","28","     0.1"," ","S","28","     0.1"," ","S","28","     0.1"," ","S","28","     0.0"," ","S","28","     0.0"," ","S","28","     0.0"," ","S","28","     0.0"," ","S","28","     0.0"," ","S","28"," -9999.0","Y"," "," 0"," -9999.0","Y"," "," 0"," -9999.0","Y"," "," 0","     0.0"," ","S","28","    14.8"," ","S","28","     0.0"," ","S","27","     0.0"," ","S","27","     0.0"," ","S","27","     0.0"," ","S","27","     0.0"," ","S","27","     0.0"," ","S","27","     0.0"," ","S","27"," -9999.0","M"," "," 0"," -9999.0","M"," "," 0"," -9999.0","M"," "," 0"
"USC00424508","10-08"," 37.0286","-112.5361","1493.5","KANAB, UT US","10","08","99","    60.0"," ","S","27","    76.1"," ","S","30","    43.9"," ","S","27","    32.2"," ","S","27","     5.6"," ","S","27","     7.6"," ","S","30","     5.9"," ","S","27","     7.6"," ","S","27","     5.4"," ","S","27","     0.0","X","S","27","     0.0","X","S","27","     0.2"," ","S","27","     0.7"," ","S","27","     1.1"," ","S","27","     2.2"," ","S","27","     0.4"," ","S","27","    20.0"," ","S","27","    15.0"," ","S","27","    10.2"," ","S","27","     5.7"," ","S","27","     4.1"," ","S","27","     2.2"," ","S","27","     0.0","X","S","27","     0.0","X","S","27","     0.4"," ","S","27","    20.0"," ","S","27","    15.0"," ","S","27","    10.2"," ","S","27","     5.7"," ","S","27","     4.1"," ","S","27","     2.2"," ","S","27","     0.0","X","S","27","     0.0","X","S","27","    14.3"," ","S","27","    13.2"," ","S","27","    12.7"," ","S","30","     8.7"," ","S","30","     5.9"," ","S","30","     3.1"," ","S","30","     0.9"," ","S","30","     0.1"," ","S","30","     0.0"," ","S","30","     0.0"," ","S","30","    0.07"," ","S","30","    0.20"," ","S","30","    0.48"," ","S","30","    0.39"," ","S","28","   11.47"," ","S","28","     0.1"," ","S","28","     0.1"," ","S","28","     0.1"," ","S","28","     0.0"," ","S","28","     0.0"," ","S","28","     0.0"," ","S","28","     0.0"," ","S","28","     0.0"," ","S","28"," -9999.0","Y"," "," 0"," -9999.0","Y"," "," 0"," -9999.0","Y"," "," 0","     0.0"," ","S","28","    14.8"," ","S","28","     0.0"," ","S","27","     0.0"," ","S","27","     0.0"," ","S","27","     0.0"," ","S","27","     0.0"," ","S","27","     0.0"," ","S","27","     0.0"," ","S","27"," -9999.0","M"," "," 0"," -9999.0","M"," "," 0"," -9999.0","M"," "," 0"
"USC00424508","10-09"," 37.0286","-112.5361","1493.5","KANAB, UT US","10","09","99","    59.6"," ","S","27","    75.7"," ","S","30","    43.5"," ","S","27","    32.2"," ","S","27","     5.6"," ","S","27","     7.6"," ","S","30","     5.9"," ","S","27","     7.7"," ","S","27","     5.8"," ","S","27","     0.0","X","S","27","     0.0","X","S","27","     0.2"," ","S","27","     0.8"," ","S","27","     1.3"," ","S","27","     2.4"," ","S","27","     0.4"," ","S","27","    19.6"," ","S","27","    14.6"," ","S","27","     9.8"," ","S","27","     5.4"," ","S","27","     3.9"," ","S","27","     2.0"," ","S","27","     0.0","X","S","27","     0.0","X","S","27","     0.4"," ","S","27","    19.6"," ","S","27","    14.6"," ","S","27","     9.8"," ","S","27","     5.4"," ","S","27","     3.9"," ","S","27","     2.0"," ","S","27","     0.0","X","S","27","     0.0","X","S","27","    14.1"," ","S","27","    12.9"," ","S","27","    12.7"," ","S","30","     8.6"," ","S","30","     5.9"," ","S","30","     3.1"," ","S","30","     0.9"," ","S","30","     0.1"," ","S","30","     0.0"," ","S","30","     0.0"," ","S","30","    0.07"," ","S","30","    0.20"," ","S","30","    0.48"," ","S","30","    0.44"," ","S","28","   11.52"," ","S","28","     0.1"," ","S","28","     0.1"," ","S","28","     0.1"," ","S","28","     0.0"," ","S","28","     0.0"," ","S","28","     0.0"," ","S","28","     0.0"," ","S","28","     0.0"," ","S","28"," -9999.0","Y"," "," 0"," -9999.0","Y"," "," 0"," -9999.0","Y"," "," 0","     0.0"," ","S","28","    14.8"," ","S","28","     0.0"," ","S","27","     0.0"," ","S","27","     0.0"," ","S","27","     0.0"," ","S","27","     0.0"," ","S","27","     0.0"," ","S","27","     0.0"," ","S","27"," -9999.0","M"," "," 0"," -9999.0","M"," "," 0"," -9999.0","M"," "," 0"
"USC00424508","10-10"," 37.0286","-112.5361","1493.5","KANAB, UT US","10","10","99","    59.2"," ","S","27","    75.2"," ","S","30","    43.2"," ","S","27","    32.1"," ","S","27","     5.7"," ","S","27","     7.7"," ","S","30","     5.9"," ","S","27","     7.8"," ","S","27","     6.1"," ","S","27","     0.0","X","S","27","     0.1"," ","S","27","     0.2"," ","S","27","     0.9"," ","S","27","     1.4"," ","S","27","     2.6"," ","S","27","     0.3"," ","S","27","    19.2"," ","S","27","    14.3"," ","S","27","     9.5"," ","S","27","     5.1"," ","S","27","     3.6"," ","S","27","     1.8"," ","S","27","     0.0","X","S","27","     0.0","X","S","27","     0.3"," ","S","27","    19.2"," ","S","27","    14.3"," ","S","27","     9.5"," ","S","27","     5.1"," ","S","27","     3.6"," ","S","27","     1.8"," ","S","27","     0.0","X","S","27","     0.0","X","S","27","    13.8"," ","S","27","    12.7"," ","S","27","    12.6"," ","S","30","     8.6"," ","S","30","     5.8"," ","S","30","     3.0"," ","S","30","     0.9"," ","S","30","     0.1"," ","S","30","     0.0"," ","S","30","     0.0"," ","S","30","    0.07"," ","S","30","    0.20"," ","S","30","    0.47"," ","S","30","    0.50"," ","S","28","   11.58"," ","S","28","     0.1"," ","S","28","     0.1"," ","S","28","     0.1"," ","S","28","     0.0"," ","S","28","     0.0"," ","S","28","     0.0"," ","S","28","     0.0"," ","S","28","     0.0"," ","S","28"," -9999.0","Y"," "," 0"," -9999.0","Y"," "," 0"," -9999.0","Y"," "," 0","     0.0"," ","S","28","    14.8"," ","S","28","     0.0"," ","S","27","     0.0"," ","S","27","     0.0"," ","S","27","     0.0"," ","S","27","     0.0"," ","S","27","     0.0"," ","S","27","     0.0"," ","S","27"," -9999.0","M"," "," 0"," -9999.0","M"," "," 0"," -9999.0","M"," "," 0"
"USC00424508","10-11"," 37.0286","-112.5361","1493.5","KANAB, UT US","10","11","99","    58.8"," ","S","27","    74.8"," ","S","30","    42.8"," ","S","27","    32.0"," ","S","27","     5.7"," ","S","27","     7.8"," ","S","30","     6.0"," ","S","27","     7.8"," ","S","27","     6.4"," ","S","27","     0.0","X","S","27","     0.1"," ","S","27","     0.3"," ","S","27","     1.0"," ","S","27","     1.6"," ","S","27","     2.9"," ","S","27","     0.3"," ","S","27","    18.8"," ","S","27","    13.9"," ","S","27","     9.1"," ","S","27","     4.8"," ","S","27","     3.4"," ","S","27","     1.7"," ","S","27","     0.0","X","S","27","     0.0"," ","S","27","     0.3"," ","S","27","    18.8"," ","S","27","    13.9"," ","S","27","     9.1"," ","S","27","     4.8"," ","S","27","     3.4"," ","S","27","     1.7"," ","S","27","     0.0","X","S","27","     0.0"," ","S","27","    13.6"," ","S","27","    12.5"," ","S","27","    12.6"," ","S","30","     8.6"," ","S","30","     5.8"," ","S","30","     3.0"," ","S","30","     0.9"," ","S","30","     0.1"," ","S","30","     0.0"," ","S","30","     0.0"," ","S","30","    0.07"," ","S","30","    0.20"," ","S","30","    0.46"," ","S","30","    0.55"," ","S","28","   11.63"," ","S","28","     0.2"," ","S","28","     0.2"," ","S","28","     0.1"," ","S","28","     0.0"," ","S","28","     0.0"," ","S","28","     0.0"," ","S","28","     0.0"," ","S","28","     0.0"," ","S","28"," -9999.0","Y"," "," 0"," -9999.0","Y"," "," 0"," -9999.0","Y"," "," 0","     0.0"," ","S","28","    14.8"," ","S","28","     0.0"," ","S","27","     0.0"," ","S","27","     0.0"," ","S","27","     0.0"," ","S","27","     0.0"," ","S","27","     0.0"," ","S","27","     0.0"," ","S","27"," -9999.0","M"," "," 0"," -9999.0","M"," "," 0"," -9999.0","M"," "," 0"
"USC00424508","10-12"," 37.0286","-112.5361","1493.5","KANAB, UT US","10","12","99","    58.4"," ","S","27","    74.4"," ","S","30","    42.4"," ","S","27","    31.9"," ","S","27","     5.8"," ","S","27","     7.9"," ","S","30","     6.0"," ","S","27","     7.9"," ","S","27","     6.8"," ","S","27","     0.0","X","S","27","     0.1"," ","S","27","     0.3"," ","S","27","     1.1"," ","S","27","     1.7"," ","S","27","     3.1"," ","S","27","     0.2"," ","S","27","    18.4"," ","S","27","    13.5"," ","S","27","     8.7"," ","S","27","     4.5"," ","S","27","     3.1"," ","S","27","     1.5"," ","S","27","     0.0","X","S","27","     0.0"," ","S","27","     0.2"," ","S","27","    18.4"," ","S","27","    13.5"," ","S","27","     8.7"," ","S","27","     4.5"," ","S","27","     3.1"," ","S","27","     1.5"," ","S","27","     0.0","X","S","27","     0.0"," ","S","27","    13.4"," ","S","27","    12.3"," ","S","27","    12.6"," ","S","30","     8.6"," ","S","30","     5.8"," ","S","30","     2.9"," ","S","30","     0.9"," ","S","30","     0.1"," ","S","30","     0.0"," ","S","30","     0.0"," ","S","30","    0.07"," ","S","30","    0.20"," ","S","30","    0.46"," ","S","30","    0.60"," ","S","28","   11.68"," ","S","28","     0.2"," ","S","28","     0.2"," ","S","28","     0.1"," ","S","28","     0.0"," ","S","28","     0.0"," ","S","28","     0.0"," ","S","28","     0.0"," ","S","28","     0.0"," ","S","28"," -9999.0","Y"," "," 0"," -9999.0","Y"," "," 0"," -9999.0","Y"," "," 0","     0.0"," ","S","28","    14.8"," ","S","28","     0.1"," ","S","27","     0.1"," ","S","27","     0.0"," ","S","27","     0.0"," ","S","27","     0.0"," ","S","27","     0.0"," ","S","27","     0.0"," ","S","27"," -9999.0","Y"," "," 0"," -9999.0","Y"," "," 0"," -9999.0","Y"," "," 0"
"USC00424508","10-13"," 37.0286","-112.5361","1493.5","KANAB, UT US","10","13","99","    58.0"," ","S","27","    73.9"," ","S","30","    42.1"," ","S","27","    31.8"," ","S","27","     5.8"," ","S","27","     7.9"," ","S","30","     6.0"," ","S","27","     7.9"," ","S","27","     7.2"," ","S","27","     0.0","X","S","27","     0.1"," ","S","27","     0.3"," ","S","27","     1.2"," ","S","27","     1.9"," ","S","27","     3.3"," ","S","27","     0.2"," ","S","27","    18.0"," ","S","27","    13.1"," ","S","27","     8.4"," ","S","27","     4.2"," ","S","27","     2.9"," ","S","27","     1.3"," ","S","27","     0.0","X","S","27","     0.0"," ","S","27","     0.2"," ","S","27","    18.0"," ","S","27","    13.1"," ","S","27","     8.4"," ","S","27","     4.2"," ","S","27","     2.9"," ","S","27","     1.3"," ","S","27","     0.0","X","S","27","     0.0"," ","S","27","    13.1"," ","S","27","    12.0"," ","S","27","    12.6"," ","S","30","     8.6"," ","S","30","     5.7"," ","S","30","     2.9"," ","S","30","     0.9"," ","S","30","     0.1"," ","S","30","     0.0"," ","S","30","     0.0"," ","S","30","    0.07"," ","S","30","    0.20"," ","S","30","    0.45"," ","S","30","    0.65"," ","S","28","   11.73"," ","S","28","     0.2"," ","S","28","     0.2"," ","S","28","     0.1"," ","S","28","     0.0"," ","S","28","     0.0"," ","S","28","     0.0"," ","S","28","     0.0"," ","S","28","     0.0"," ","S","28"," -9999.0","Y"," "," 0"," -9999.0","Y"," "," 0"," -9999.0","Y"," "," 0","     0.0"," ","S","28","    14.8"," ","S","28","     0.1"," ","S","27","     0.1"," ","S","27","     0.0"," ","S","27","     0.0"," ","S","27","     0.0"," ","S","27","     0.0"," ","S","27","     0.0"," ","S","27"," -9999.0","Y"," "," 0"," -9999.0","Y"," "," 0"," -9999.0","Y"," "," 0"
"USC00424508","10-14"," 37.0286","-112.5361","1493.5","KANAB, UT US","10","14","99","    57.6"," ","S","27","    73.5"," ","S","30","    41.8"," ","S","27","    31.8"," ","S","27","     5.8"," ","S","27","     8.0"," ","S","30","     6.0"," ","S","27","     8.0"," ","S","27","     7.5"," ","S","27","     0.0","X","S","27","     0.1"," ","S","27","     0.4"," ","S","27","     1.3"," ","S","27","     2.0"," ","S","27","     3.6"," ","S","27","     0.1"," ","S","27","    17.7"," ","S","27","    12.7"," ","S","27","     8.0"," ","S","27","     3.9"," ","S","27","     2.6"," ","S","27","     1.2"," ","S","27","     0.0","X","S","27","     0.0"," ","S","27","     0.1"," ","S","27","    17.7"," ","S","27","    12.7"," ","S","27","     8.0"," ","S","27","     3.9"," ","S","27","     2.6"," ","S","27","     1.2"," ","S","27","     0.0","X","S","27","     0.0"," ","S","27","    12.9"," ","S","27","    11.8"," ","S","27","    12.7"," ","S","30","     8.6"," ","S","30","     5.7"," ","S","30","     2.8"," ","S","30","     0.9"," ","S","30","     0.1"," ","S","30","     0.0"," ","S","30","     0.0"," ","S","30","    0.07"," ","S","30","    0.20"," ","S","30","    0.45"," ","S","30","    0.71"," ","S","28","   11.79"," ","S","28","     0.3"," ","S","28","     0.3"," ","S","28","     0.1"," ","S","28","     0.0"," ","S","28","     0.0"," ","S","28","     0.0"," ","S","28","     0.0"," ","S","28","     0.0"," ","S","28"," -9999.0","Y"," "," 0"," -9999.0","Y"," "," 0"," -9999.0","Y"," "," 0","     0.0"," ","S","28","    14.8"," ","S","28","     0.1"," ","S","27","     0.1"," ","S","27","     0.0"," ","S","27","     0.0"," ","S","27","     0.0"," ","S","27","     0.0"," ","S","27","     0.0"," ","S","27"," -9999.0","Y"," "," 0"," -9999.0","Y"," "," 0"," -9999.0","Y"," "," 0"
"USC00424508","10-15"," 37.0286","-112.5361","1493.5","KANAB, UT US","10","15","99","    57.3"," ","S","27","    73.1"," ","S","30","    41.4"," ","S","27","    31.7"," ","S","27","     5.9"," ","S","27","     8.0"," ","S","30","     6.1"," ","S","27","     8.0"," ","S","27","     7.9"," ","S","27","     0.0","X","S","27","     0.1"," ","S","27","     0.4"," ","S","27","     1.4"," ","S","27","     2.2"," ","S","27","     3.8"," ","S","27","     0.1"," ","S","27","    17.3"," ","S","27","    12.3"," ","S","27","     7.6"," ","S","27","     3.7"," ","S","27","     2.4"," ","S","27","     1.1"," ","S","27","     0.0","X","S","27","     0.0"," ","S","27","     0.1"," ","S","27","    17.3"," ","S","27","    12.3"," ","S","27","     7.6"," ","S","27","     3.7"," ","S","27","     2.4"," ","S","27","     1.1"," ","S","27","     0.0","X","S","27","     0.0"," ","S","27","    12.7"," ","S","27","    11.6"," ","S","27","    12.8"," ","S","30","     8.7"," ","S","30","     5.7"," ","S","30","     2.8"," ","S","30","     0.9"," ","S","30","     0.2"," ","S","30","     0.0"," ","S","30","     0.0"," ","S","30","    0.07"," ","S","30","    0.20"," ","S","30","    0.44"," ","S","30","    0.76"," ","S","28","   11.84"," ","S","28","     0.3"," ","S","28","     0.3"," ","S","28","     0.2"," ","S","28","     0.0"," ","S","28","     0.0"," ","S","28","     0.0"," ","S","28","     0.0"," ","S","28","     0.0"," ","S","28"," -9999.0","Y"," "," 0"," -9999.0","Y"," "," 0"," -9999.0","Y"," "," 0","     0.0"," ","S","28","    14.8"," ","S","28","     0.1"," ","S","27","     0.1"," ","S","27","     0.0"," ","S","27","     0.0"," ","S","27","     0.0"," ","S","27","     0.0"," ","S","27","     0.0"," ","S","27"," -9999.0","Y"," "," 0"," -9999.0","Y"," "," 0"," -9999.0","Y"," "," 0"
"USC00424508","10-16"," 37.0286","-112.5361","1493.5","KANAB, UT US","10","16","99","    56.9"," ","S","27","    72.7"," ","S","30","    41.1"," ","S","27","    31.6"," ","S","27","     5.9"," ","S","27","     8.1"," ","S","30","     6.1"," ","S","27","     8.1"," ","S","27","     8.2"," ","S","27","     0.0","X","S","27","     0.1"," ","S","27","     0.4"," ","S","27","     1.5"," ","S","27","     2.3"," ","S","27","     4.1"," ","S","27","     0.1"," ","S","27","    16.9"," ","S","27","    12.0"," ","S","27","     7.3"," ","S","27","     3.4"," ","S","27","     2.2"," ","S","27","     0.9"," ","S","27","     0.0","X","S","27","     0.0"," ","S","27","     0.1"," ","S","27","    16.9"," ","S","27","    12.0"," ","S","27","     7.3"," ","S","27","     3.4"," ","S","27","     2.2"," ","S","27","     0.9"," ","S","27","     0.0","X","S","27","     0.0"," ","S","27","    12.5"," ","S","27","    11.4"," ","S","27","    12.9"," ","S","30","     8.7"," ","S","30","     5.7"," ","S","30","     2.8"," ","S","30","     0.9"," ","S","30","     0.2"," ","S","30","     0.0"," ","S","30","     0.0"," ","S","30","    0.07"," ","S","30","    0.19"," ","S","30","    0.43"," ","S","30","    0.82"," ","S","28","   11.90"," ","S","28","     0.3"," ","S","28","     0.3"," ","S","28","     0.2"," ","S","28","     0.0"," ","S","28","     0.0"," ","S","28","     0.0"," ","S","28","     0.0"," ","S","28","     0.0"," ","S","28"," -9999.0","Y"," "," 0"," -9999.0","Y"," "," 0"," -9999.0","Y"," "," 0","     0.0"," ","S","28","    14.8"," ","S","28","     0.1"," ","S","27","     0.1"," ","S","27","     0.0"," ","S","27","     0.0"," ","S","27","     0.0"," ","S","27","     0.0"," ","S","27","     0.0"," ","S","27"," -9999.0","Y"," "," 0"," -9999.0","Y"," "," 0"," -9999.0","Y"," "," 0"
"USC00424508","10-17"," 37.0286","-112.5361","1493.5","KANAB, UT US","10","17","99","    56.5"," ","S","27","    72.2"," ","S","30","    40.7"," ","S","27","    31.5"," ","S","27","     6.0"," ","S","27","     8.1"," ","S","30","     6.2"," ","S","27","     8.1"," ","S","27","     8.6"," ","S","27","     0.0","X","S","27","     0.1"," ","S","27","     0.5"," ","S","27","     1.7"," ","S","27","     2.5"," ","S","27","     4.3"," ","S","27","     0.1"," ","S","27","    16.5"," ","S","27","    11.6"," ","S","27","     7.0"," ","S","27","     3.2"," ","S","27","     2.0"," ","S","27","     0.8"," ","S","27","     0.0","X","S","27","     0.0"," ","S","27","     0.1"," ","S","27","    16.5"," ","S","27","    11.6"," ","S","27","     7.0"," ","S","27","     3.2"," ","S","27","     2.0"," ","S","27","     0.8"," ","S","27","     0.0","X","S","27","     0.0"," ","S","27","    12.2"," ","S","27","    11.2"," ","S","27","    13.1"," ","S","30","     8.8"," ","S","30","     5.7"," ","S","30","     2.7"," ","S","30","     0.9"," ","S","30","     0.2"," ","S","30","     0.0"," ","S","30","     0.0"," ","S","30","    0.07"," ","S","30","    0.19"," ","S","30","    0.43"," ","S","30","    0.87"," ","S","28","   11.95"," ","S","28","     0.4"," ","S","28","     0.4"," ","S","28","     0.2"," ","S","28","     0.0"," ","S","28","     0.0"," ","S","28","     0.0"," ","S","28","     0.0"," ","S","28","     0.0"," ","S","28"," -9999.0","Y"," "," 0"," -9999.0","Y"," "," 0"," -9999.0","Y"," "," 0","     0.0"," ","S","28","    14.8"," ","S","28","     0.1"," ","S","27","     0.1"," ","S","27","     0.0"," ","S","27","     0.0"," ","S","27","     0.0"," ","S","27","     0.0"," ","S","27","     0.0"," ","S","27"," -9999.0","Y"," "," 0"," -9999.0","Y"," "," 0"," -9999.0","Y"," "," 0"
"USC00424508","10-18"," 37.0286","-112.5361","1493.5","KANAB, UT US","10","18","99","    56.1"," ","S","27","    71.8"," ","S","30","    40.4"," ","S","27","    31.4"," ","S","27","     6.0"," ","S","27","     8.2"," ","S","30","     6.2"," ","S","27","     8.1"," ","S","27","     8.9"," ","S","27","     0.0","X","S","27","     0.1"," ","S","27","     0.6"," ","S","27","     1.8"," ","S","27","     2.8"," ","S","27","     4.6"," ","S","27","     0.1"," ","S","27","    16.1"," ","S","27","    11.2"," ","S","27","     6.7"," ","S","27","     3.0"," ","S","27","     1.9"," ","S","27","     0.7"," ","S","27","     0.0"," ","S","27","     0.0"," ","S","27","     0.1"," ","S","27","    16.1"," ","S","27","    11.2"," ","S","27","     6.7"," ","S","27","     3.0"," ","S","27","     1.9"," ","S","27","     0.7"," ","S","27","     0.0"," ","S","27","     0.0"," ","S","27","    12.0"," ","S","27","    11.0"," ","S","27","    13.2"," ","S","30","     8.9"," ","S","30","     5.6"," ","S","30","     2.7"," ","S","30","     0.9"," ","S","30","     0.2"," ","S","30","     0.0"," ","S","30","     0.0"," ","S","30","    0.07"," ","S","30","    0.19"," ","S","30","    0.42"," ","S","30","    0.93"," ","S","28","   12.01"," ","S","28","     0.4"," ","S","28","     0.4"," ","S","28","     0.2"," ","S","28","     0.0"," ","S","28","     0.0"," ","S","28","     0.0"," ","S","28","     0.0"," ","S","28","     0.0"," ","S","28"," -9999.0","Y"," "," 0"," -9999.0","Y"," "," 0"," -9999.0","Y"," "," 0","     0.0"," ","S","28","    14.8"," ","S","28","     0.1"," ","S","27","     0.1"," ","S","27","     0.0"," ","S","27","     0.0"," ","S","27","     0.0"," ","S","27","     0.0"," ","S","27","     0.0"," ","S","27"," -9999.0","Y"," "," 0"," -9999.0","Y"," "," 0"," -9999.0","Y"," "," 0"
"USC00424508","10-19"," 37.0286","-112.5361","1493.5","KANAB, UT US","10","19","99","    55.7"," ","S","27","    71.4"," ","S","30","    40.1"," ","S","27","    31.3"," ","S","27","     6.1"," ","S","27","     8.2"," ","S","30","     6.2"," ","S","27","     8.1"," ","S","27","     9.3"," ","S","27","     0.0","X","S","27","     0.1"," ","S","27","     0.6"," ","S","27","     2.0"," ","S","27","     3.0"," ","S","27","     4.9"," ","S","27","     0.0","X","S","27","    15.8"," ","S","27","    10.9"," ","S","27","     6.4"," ","S","27","     2.8"," ","S","27","     1.7"," ","S","27","     0.7"," ","S","27","     0.0"," ","S","27","     0.0"," ","S","27","     0.0","X","S","27","    15.8"," ","S","27","    10.9"," ","S","27","     6.4"," ","S","27","     2.8"," ","S","27","     1.7"," ","S","27","     0.7"," ","S","27","     0.0"," ","S","27","     0.0"," ","S","27","    11.8"," ","S","27","    10.7"," ","S","27","    13.4"," ","S","30","     8.9"," ","S","30","     5.6"," ","S","30","     2.7"," ","S","30","     0.9"," ","S","30","     0.2"," ","S","30","     0.0"," ","S","30","     0.0"," ","S","30","    0.07"," ","S","30","    0.19"," ","S","30","    0.41"," ","S","30","    0.98"," ","S","28","   12.06"," ","S","28","     0.5"," ","S","28","     0.4"," ","S","28","     0.3"," ","S","28"," -9999.0","Z"," "," 0","     0.0"," ","S","28","     0.0"," ","S","28","     0.0"," ","S","28","     0.0"," ","S","28"," -9999.0","Y"," "," 0"," -9999.0","Y"," "," 0"," -9999.0","Y"," "," 0","     0.0"," ","S","28","    14.8"," ","S","28","     0.1"," ","S","27","     0.1"," ","S","27","     0.0"," ","S","27","     0.0"," ","S","27","     0.0"," ","S","27","     0.0"," ","S","27","     0.0"," ","S","27"," -9999.0","Y"," "," 0"," -9999.0","Y"," "," 0"," -9999.0","Y"," "," 0"
"USC00424508","10-20"," 37.0286","-112.5361","1493.5","KANAB, UT US","10","20","99","    55.4"," ","S","27","    71.0"," ","S","30","    39.8"," ","S","27","    31.2"," ","S","27","     6.1"," ","S","27","     8.3"," ","S","30","     6.3"," ","S","27","     8.2"," ","S","27","     9.7"," ","S","27","     0.0","X","S","27","     0.2"," ","S","27","     0.7"," ","S","27","     2.2"," ","S","27","     3.2"," ","S","27","     5.2"," ","S","27","     0.0","X","S","27","    15.4"," ","S","27","    10.5"," ","S","27","     6.1"," ","S","27","     2.6"," ","S","27","     1.6"," ","S","27","     0.6"," ","S","27","     0.0"," ","S","27","     0.0"," ","S","27","     0.0","X","S","27","    15.4"," ","S","27","    10.5"," ","S","27","     6.1"," ","S","27","     2.6"," ","S","27","     1.6"," ","S","27","     0.6"," ","S","27","     0.0"," ","S","27","     0.0"," ","S","27","    11.6"," ","S","27","    10.5"," ","S","27","    13.5"," ","S","30","     9.0"," ","S","30","     5.6"," ","S","30","     2.6"," ","S","30","     0.9"," ","S","30","     0.2"," ","S","30","     0.0"," ","S","30","     0.0"," ","S","30","    0.07"," ","S","30","    0.18"," ","S","30","    0.40"," ","S","30","    1.03"," ","S","28","   12.11"," ","S","28","     0.5"," ","S","28","     0.5"," ","S","28","     0.3"," ","S","28"," -9999.0","Z"," "," 0","     0.0"," ","S","28","     0.0"," ","S","28","     0.0"," ","S","28","     0.0"," ","S","28"," -9999.0","Y"," "," 0"," -9999.0","Y"," "," 0"," -9999.0","Y"," "," 0","     0.0"," ","S","28","    14.8"," ","S","28","     0.1"," ","S","27","     0.1"," ","S","27","     0.0"," ","S","27","     0.0"," ","S","27","     0.0"," ","S","27","     0.0"," ","S","27","     0.0"," ","S","27"," -9999.0","Y"," "," 0"," -9999.0","Y"," "," 0"," -9999.0","Y"," "," 0"
"USC00424508","10-21"," 37.0286","-112.5361","1493.5","KANAB, UT US","10","21","99","    55.0"," ","S","27","    70.5"," ","S","30","    39.4"," ","S","27","    31.1"," ","S","27","     6.2"," ","S","27","     8.3"," ","S","30","     6.3"," ","S","27","     8.2"," ","S","27","    10.0"," ","S","27","     0.1"," ","S","27","     0.2"," ","S","27","     0.8"," ","S","27","     2.4"," ","S","27","     3.4"," ","S","27","     5.5"," ","S","27","     0.0","X","S","27","    15.0"," ","S","27","    10.2"," ","S","27","     5.8"," ","S","27","     2.4"," ","S","27","     1.4"," ","S","27","     0.5"," ","S","27","     0.0"," ","S","27","     0.0"," ","S","27","     0.0","X","S","27","    15.0"," ","S","27","    10.2"," ","S","27","     5.8"," ","S","27","     2.4"," ","S","27","     1.4"," ","S","27","     0.5"," ","S","27","     0.0"," ","S","27","     0.0"," ","S","27","    11.4"," ","S","27","    10.3"," ","S","27","    13.6"," ","S","30","     9.0"," ","S","30","     5.6"," ","S","30","     2.6"," ","S","30","     0.9"," ","S","30","     0.2"," ","S","30","     0.0"," ","S","30","     0.0"," ","S","30","    0.06"," ","S","30","    0.18"," ","S","30","    0.40"," ","S","30","    1.07"," ","S","28","   12.15"," ","S","28","     0.5"," ","S","28","     0.5"," ","S","28","     0.3"," ","S","28"," -9999.0","Z"," "," 0","     0.0"," ","S","28","     0.0"," ","S","28","     0.0"," ","S","28","     0.0"," ","S","28"," -9999.0","Y"," "," 0"," -9999.0","Y"," "," 0"," -9999.0","Y"," "," 0","     0.0"," ","S","28","    14.8"," ","S","28","     0.1"," ","S","27","     0.1"," ","S","27","     0.0"," ","S","27","     0.0"," ","S","27","     0.0"," ","S","27","     0.0"," ","S","27","     0.0"," ","S","27"," -9999.0","Y"," "," 0"," -9999.0","Y"," "," 0"," -9999.0","Y"," "," 0"
"USC00424508","10-22"," 37.0286","-112.5361","1493.5","KANAB, UT US","10","22","99","    54.6"," ","S","27","    70.1"," ","S","30","    39.1"," ","S","27","    31.0"," ","S","27","     6.2"," ","S","27","     8.4"," ","S","30","     6.3"," ","S","27","     8.2"," ","S","27","    10.4"," ","S","27","     0.1"," ","S","27","     0.3"," ","S","27","     1.0"," ","S","27","     2.6"," ","S","27","     3.7"," ","S","27","     5.8"," ","S","27","     0.0","X","S","27","    14.7"," ","S","27","     9.9"," ","S","27","     5.6"," ","S","27","     2.2"," ","S","27","     1.3"," ","S","27","     0.5"," ","S","27","     0.0"," ","S","27","     0.0"," ","S","27","     0.0","X","S","27","    14.7"," ","S","27","     9.9"," ","S","27","     5.6"," ","S","27","     2.2"," ","S","27","     1.3"," ","S","27","     0.5"," ","S","27","     0.0"," ","S","27","     0.0"," ","S","27","    11.2"," ","S","27","    10.1"," ","S","27","    13.7"," ","S","30","     9.1"," ","S","30","     5.5"," ","S","30","     2.6"," ","S","30","     0.9"," ","S","30","     0.2"," ","S","30","     0.0"," ","S","30","     0.0"," ","S","30","    0.06"," ","S","30","    0.18"," ","S","30","    0.39"," ","S","30","    1.11"," ","S","28","   12.19"," ","S","28","     0.6"," ","S","28","     0.6"," ","S","28","     0.4"," ","S","28"," -9999.0","Z"," "," 0","     0.0"," ","S","28","     0.0"," ","S","28","     0.0"," ","S","28","     0.0"," ","S","28"," -9999.0","Y"," "," 0"," -9999.0","Y"," "," 0"," -9999.0","Y"," "," 0","     0.0"," ","S","28","    14.8"," ","S","28","     0.2"," ","S","27","     0.1"," ","S","27","     0.0"," ","S","27","     0.0"," ","S","27","     0.0"," ","S","27","     0.0"," ","S","27","     0.0"," ","S","27"," -9999.0","Y"," "," 0"," -9999.0","Y"," "," 0"," -9999.0","Y"," "," 0"
"USC00424508","10-23"," 37.0286","-112.5361","1493.5","KANAB, UT US","10","23","99","    54.2"," ","S","27","    69.7"," ","S","30","    38.8"," ","S","27","    30.9"," ","S","27","     6.2"," ","S","27","     8.4"," ","S","30","     6.4"," ","S","27","     8.2"," ","S","27","    10.8"," ","S","27","     0.1"," ","S","27","     0.4"," ","S","27","     1.1"," ","S","27","     2.8"," ","S","27","     4.0"," ","S","27","     6.1"," ","S","27","     0.0","X","S","27","    14.3"," ","S","27","     9.6"," ","S","27","     5.3"," ","S","27","     2.1"," ","S","27","     1.2"," ","S","27","     0.4"," ","S","27","     0.0"," ","S","27","     0.0"," ","S","27","     0.0","X","S","27","    14.3"," ","S","27","     9.6"," ","S","27","     5.3"," ","S","27","     2.1"," ","S","27","     1.2"," ","S","27","     0.4"," ","S","27","     0.0"," ","S","27","     0.0"," ","S","27","    10.9"," ","S","27","     9.9"," ","S","27","    13.8"," ","S","30","     9.1"," ","S","30","     5.5"," ","S","30","     2.5"," ","S","30","     0.9"," ","S","30","     0.2"," ","S","30","     0.0"," ","S","30","     0.0"," ","S","30","    0.06"," ","S","30","    0.17"," ","S","30","    0.38"," ","S","30","    1.15"," ","S","28","   12.23"," ","S","28","     0.7"," ","S","28","     0.6"," ","S","28","     0.4"," ","S","28"," -9999.0","Z"," "," 0","     0.0"," ","S","28","     0.0"," ","S","28","     0.0"," ","S","28","     0.0"," ","S","28"," -9999.0","Y"," "," 0"," -9999.0","Y"," "," 0"," -9999.0","Y"," "," 0","     0.1"," ","S","28","    14.9"," ","S","28","     0.2"," ","S","27","     0.1"," ","S","27","     0.0"," ","S","27","     0.0"," ","S","27","     0.0"," ","S","27","     0.0"," ","S","27","     0.0"," ","S","27"," -9999.0","Y"," "," 0"," -9999.0","Y"," "," 0"," -9999.0","Y"," "," 0"
"USC00424508","10-24"," 37.0286","-112.5361","1493.5","KANAB, UT US","10","24","99","    53.9"," ","S","27","    69.3"," ","S","30","    38.5"," ","S","27","    30.8"," ","S","27","     6.3"," ","S","27","     8.5"," ","S","30","     6.4"," ","S","27","     8.2"," ","S","27","    11.1"," ","S","27","     0.1"," ","S","27","     0.4"," ","S","27","     1.2"," ","S","27","     3.0"," ","S","27","     4.2"," ","S","27","     6.5"," ","S","27","     0.0","X","S","27","    14.0"," ","S","27","     9.3"," ","S","27","     5.1"," ","S","27","     1.9"," ","S","27","     1.1"," ","S","27","     0.3"," ","S","27","     0.0"," ","S","27","     0.0"," ","S","27","     0.0","X","S","27","    14.0"," ","S","27","     9.3"," ","S","27","     5.1"," ","S","27","     1.9"," ","S","27","     1.1"," ","S","27","     0.3"," ","S","27","     0.0"," ","S","27","     0.0"," ","S","27","    10.7"," ","S","27","     9.7"," ","S","27","    13.9"," ","S","30","     9.1"," ","S","30","     5.4"," ","S","30","     2.5"," ","S","30","     0.9"," ","S","30","     0.2"," ","S","30","     0.0"," ","S","30","     0.0"," ","S","30","    0.06"," ","S","30","    0.17"," ","S","30","    0.38"," ","S","30","    1.19"," ","S","28","   12.27"," ","S","28","     0.7"," ","S","28","     0.7"," ","S","28","     0.4"," ","S","28"," -9999.0","Z"," "," 0","     0.0"," ","S","28","     0.0"," ","S","28","     0.0"," ","S","28","     0.0"," ","S","28"," -9999.0","Y"," "," 0"," -9999.0","Y"," "," 0"," -9999.0","Y"," "," 0","     0.1"," ","S","28","    14.9"," ","S","28","     0.2"," ","S","27","     0.2"," ","S","27","     0.0"," ","S","27","     0.0"," ","S","27","     0.0"," ","S","27","     0.0"," ","S","27","     0.0"," ","S","27"," -9999.0","Y"," "," 0"," -9999.0","Y"," "," 0"," -9999.0","Y"," "," 0"
"USC00424508","10-25"," 37.0286","-112.5361","1493.5","KANAB, UT US","10","25","99","    53.5"," ","S","27","    68.9"," ","S","30","    38.2"," ","S","27","    30.7"," ","S","27","     6.3"," ","S","27","     8.5"," ","S","30","     6.4"," ","S","27","     8.2"," ","S","27","    11.5"," ","S","27","     0.1"," ","S","27","     0.4"," ","S","27","     1.3"," ","S","27","     3.2"," ","S","27","     4.5"," ","S","27","     6.8"," ","S","27","     0.0","X","S","27","    13.6"," ","S","27","     9.0"," ","S","27","     4.8"," ","S","27","     1.7"," ","S","27","     1.0"," ","S","27","     0.3"," ","S","27","     0.0"," ","S","27","     0.0"," ","S","27","     0.0","X","S","27","    13.6"," ","S","27","     9.0"," ","S","27","     4.8"," ","S","27","     1.7"," ","S","27","     1.0"," ","S","27","     0.3"," ","S","27","     0.0"," ","S","27","     0.0"," ","S","27","    10.5"," ","S","27","     9.5"," ","S","27","    13.9"," ","S","30","     9.0"," ","S","30","     5.4"," ","S","30","     2.4"," ","S","30","     0.9"," ","S","30","     0.2"," ","S","30","     0.0"," ","S","30","     0.0"," ","S","30","    0.06"," ","S","30","    0.17"," ","S","30","    0.37"," ","S","30","    1.23"," ","S","28","   12.31"," ","S","28","     0.8"," ","S","28","     0.7"," ","S","28","     0.5"," ","S","28"," -9999.0","Z"," "," 0","     0.0"," ","S","28","     0.0"," ","S","28","     0.0"," ","S","28","     0.0"," ","S","28"," -9999.0","Y"," "," 0"," -9999.0","Y"," "," 0"," -9999.0","Y"," "," 0","     0.1"," ","S","28","    14.9"," ","S","28","     0.3"," ","S","27","     0.2"," ","S","27","     0.0"," ","S","27","     0.0"," ","S","27","     0.0"," ","S","27","     0.0"," ","S","27","     0.0"," ","S","27"," -9999.0","Y"," "," 0"," -9999.0","Y"," "," 0"," -9999.0","Y"," "," 0"
"USC00424508","10-26"," 37.0286","-112.5361","1493.5","KANAB, UT US","10","26","99","    53.1"," ","S","27","    68.4"," ","S","30","    37.9"," ","S","27","    30.6"," ","S","27","     6.3"," ","S","27","     8.5"," ","S","30","     6.4"," ","S","27","     8.2"," ","S","27","    11.9"," ","S","27","     0.1"," ","S","27","     0.5"," ","S","27","     1.4"," ","S","27","     3.4"," ","S","27","     4.7"," ","S","27","     7.1"," ","S","27","     0.0","X","S","27","    13.3"," ","S","27","     8.6"," ","S","27","     4.6"," ","S","27","     1.6"," ","S","27","     0.9"," ","S","27","     0.3"," ","S","27","     0.0"," ","S","27","     0.0"," ","S","27","     0.0","X","S","27","    13.3"," ","S","27","     8.6"," ","S","27","     4.6"," ","S","27","     1.6"," ","S","27","     0.9"," ","S","27","     0.3"," ","S","27","     0.0"," ","S","27","     0.0"," ","S","27","    10.3"," ","S","27","     9.3"," ","S","27","    14.0"," ","S","30","     9.0"," ","S","30","     5.3"," ","S","30","     2.4"," ","S","30","     0.9"," ","S","30","     0.2"," ","S","30","     0.0"," ","S","30","     0.0"," ","S","30","    0.06"," ","S","30","    0.16"," ","S","30","    0.36"," ","S","30","    1.28"," ","S","28","   12.36"," ","S","28","     0.8"," ","S","28","     0.8"," ","S","28","     0.5"," ","S","28"," -9999.0","Z"," "," 0","     0.0"," ","S","28","     0.0"," ","S","28","     0.0"," ","S","28","     0.0"," ","S","28"," -9999.0","Y"," "," 0"," -9999.0","Y"," "," 0"," -9999.0","Y"," "," 0","     0.1"," ","S","28","    14.9"," ","S","28","     0.3"," ","S","27","     0.2"," ","S","27","     0.0"," ","S","27","     0.0"," ","S","27","     0.0"," ","S","27","     0.0"," ","S","27","     0.0"," ","S","27"," -9999.0","Y"," "," 0"," -9999.0","Y"," "," 0"," -9999.0","Y"," "," 0"
"USC00424508","10-27"," 37.0286","-112.5361","1493.5","KANAB, UT US","10","27","99","    52.8"," ","S","27","    68.0"," ","S","30","    37.5"," ","S","27","    30.5"," ","S","27","     6.4"," ","S","27","     8.6"," ","S","30","     6.4"," ","S","27","     8.2"," ","S","27","    12.2"," ","S","27","     0.1"," ","S","27","     0.5"," ","S","27","     1.5"," ","S","27","     3.7"," ","S","27","     5.0"," ","S","27","     7.4"," ","S","27","     0.0","X","S","27","    12.9"," ","S","27","     8.3"," ","S","27","     4.3"," ","S","27","     1.5"," ","S","27","     0.8"," ","S","27","     0.2"," ","S","27","     0.0"," ","S","27","     0.0"," ","S","27","     0.0","X","S","27","    12.9"," ","S","27","     8.3"," ","S","27","     4.3"," ","S","27","     1.5"," ","S","27","     0.8"," ","S","27","     0.2"," ","S","27","     0.0"," ","S","27","     0.0"," ","S","27","    10.1"," ","S","27","     9.1"," ","S","27","    14.0"," ","S","30","     8.9"," ","S","30","     5.2"," ","S","30","     2.3"," ","S","30","     0.9"," ","S","30","     0.2"," ","S","30","     0.0"," ","S","30","     0.0"," ","S","30","    0.05"," ","S","30","    0.16"," ","S","30","    0.36"," ","S","30","    1.32"," ","S","28","   12.40"," ","S","28","     0.9"," ","S","28","     0.9"," ","S","28","     0.5"," ","S","28"," -9999.0","Z"," "," 0","     0.0"," ","S","28","     0.0"," ","S","28","     0.0"," ","S","28","     0.0"," ","S","28"," -9999.0","Y"," "," 0"," -9999.0","Y"," "," 0"," -9999.0","Y"," "," 0","     0.1"," ","S","28","    14.9"," ","S","28","     0.3"," ","S","27","     0.3"," ","S","27","     0.0"," ","S","27","     0.0"," ","S","27","     0.0"," ","S","27","     0.0"," ","S","27","     0.0"," ","S","27"," -9999.0","Y"," "," 0"," -9999.0","Y"," "," 0"," -9999.0","Y"," "," 0"
"USC00424508","10-28"," 37.0286","-112.5361","1493.5","KANAB, UT US","10","28","99","    52.4"," ","S","27","    67.6"," ","S","30","    37.2"," ","S","27","    30.4"," ","S","27","     6.4"," ","S","27","     8.6"," ","S","30","     6.4"," ","S","27","     8.2"," ","S","27","    12.6"," ","S","27","     0.1"," ","S","27","     0.6"," ","S","27","     1.7"," ","S","27","     4.0"," ","S","27","     5.3"," ","S","27","     7.8"," ","S","27","     0.0","X","S","27","    12.5"," ","S","27","     8.0"," ","S","27","     4.1"," ","S","27","     1.4"," ","S","27","     0.7"," ","S","27","     0.2"," ","S","27","     0.0"," ","S","27","     0.0"," ","S","27","     0.0","X","S","27","    12.5"," ","S","27","     8.0"," ","S","27","     4.1"," ","S","27","     1.4"," ","S","27","     0.7"," ","S","27","     0.2"," ","S","27","     0.0"," ","S","27","     0.0"," ","S","27","     9.9"," ","S","27","     8.9"," ","S","27","    14.0"," ","S","30","     8.9"," ","S","30","     5.1"," ","S","30","     2.3"," ","S","30","     0.9"," ","S","30","     0.2"," ","S","30","     0.0"," ","S","30","     0.0"," ","S","30","    0.05"," ","S","30","    0.16"," ","S","30","    0.35"," ","S","30","    1.37"," ","S","28","   12.45"," ","S","28","     1.0"," ","S","28","     0.9"," ","S","28","     0.6"," ","S","28"," -9999.0","Z"," "," 0","     0.0"," ","S","28","     0.0"," ","S","28","     0.0"," ","S","28","     0.0"," ","S","28"," -9999.0","Y"," "," 0"," -9999.0","Y"," "," 0"," -9999.0","Y"," "," 0","     0.1"," ","S","28","    14.9"," ","S","28","     0.4"," ","S","27","     0.3"," ","S","27","     0.0"," ","S","27","     0.0"," ","S","27","     0.0"," ","S","27","     0.0"," ","S","27","     0.0"," ","S","27"," -9999.0","Y"," "," 0"," -9999.0","Y"," "," 0"," -9999.0","Y"," "," 0"
"USC00424508","10-29"," 37.0286","-112.5361","1493.5","KANAB, UT US","10","29","99","    52.1"," ","S","27","    67.2"," ","S","30","    36.9"," ","S","27","    30.3"," ","S","27","     6.4"," ","S","27","     8.6"," ","S","30","     6.5"," ","S","27","     8.2"," ","S","27","    13.0"," ","S","27","     0.1"," ","S","27","     0.6"," ","S","27","     1.9"," ","S","27","     4.2"," ","S","27","     5.6"," ","S","27","     8.1"," ","S","27","     0.0","X","S","27","    12.2"," ","S","27","     7.7"," ","S","27","     3.9"," ","S","27","     1.3"," ","S","27","     0.7"," ","S","27","     0.2"," ","S","27","     0.0"," ","S","27","     0.0"," ","S","27","     0.0","X","S","27","    12.2"," ","S","27","     7.7"," ","S","27","     3.9"," ","S","27","     1.3"," ","S","27","     0.7"," ","S","27","     0.2"," ","S","27","     0.0"," ","S","27","     0.0"," ","S","27","     9.7"," ","S","27","     8.7"," ","S","27","    13.9"," ","S","30","     8.8"," ","S","30","     5.0"," ","S","30","     2.3"," ","S","30","     0.9"," ","S","30","     0.2"," ","S","30","     0.0"," ","S","30","     0.0"," ","S","30","    0.05"," ","S","30","    0.15"," ","S","30","    0.35"," ","S","30","    1.41"," ","S","28","   12.49"," ","S","28","     1.0"," ","S","28","     1.0"," ","S","28","     0.6"," ","S","28"," -9999.0","Z"," "," 0","     0.0"," ","S","28","     0.0"," ","S","28","     0.0"," ","S","28","     0.0"," ","S","28"," -9999.0","Y"," "," 0"," -9999.0","Y"," "," 0"," -9999.0","Y"," "," 0","     0.1"," ","S","28","    14.9"," ","S","28","     0.4"," ","S","27","     0.3"," ","S","27","     0.0"," ","S","27","     0.0"," ","S","27","     0.0"," ","S","27","     0.0"," ","S","27","     0.0"," ","S","27"," -9999.0","Y"," "," 0"," -9999.0","Y"," "," 0"," -9999.0","Y"," "," 0"
"USC00424508","10-30"," 37.0286","-112.5361","1493.5","KANAB, UT US","10","30","99","    51.7"," ","S","27","    66.8"," ","S","30","    36.6"," ","S","27","    30.1"," ","S","27","     6.4"," ","S","27","     8.6"," ","S","30","     6.5"," ","S","27","     8.2"," ","S","27","    13.3"," ","S","27","     0.2"," ","S","27","     0.7"," ","S","27","     2.1"," ","S","27","     4.5"," ","S","27","     6.0"," ","S","27","     8.5"," ","S","27","     0.0","X","S","27","    11.8"," ","S","27","     7.4"," ","S","27","     3.7"," ","S","27","     1.2"," ","S","27","     0.7"," ","S","27","     0.2"," ","S","27","     0.0"," ","S","27","     0.0"," ","S","27","     0.0","X","S","27","    11.8"," ","S","27","     7.4"," ","S","27","     3.7"," ","S","27","     1.2"," ","S","27","     0.7"," ","S","27","     0.2"," ","S","27","     0.0"," ","S","27","     0.0"," ","S","27","     9.5"," ","S","27","     8.5"," ","S","27","    13.9"," ","S","30","     8.6"," ","S","30","     4.9"," ","S","30","     2.2"," ","S","30","     0.9"," ","S","30","     0.2"," ","S","30","     0.0"," ","S","30","     0.0"," ","S","30","    0.05"," ","S","30","    0.15"," ","S","30","    0.34"," ","S","30","    1.46"," ","S","28","   12.54"," ","S","28","     1.1"," ","S","28","     1.0"," ","S","28","     0.7"," ","S","28"," -9999.0","Z"," "," 0","     0.0"," ","S","28","     0.0"," ","S","28","     0.0"," ","S","28","     0.0"," ","S","28"," -9999.0","Y"," "," 0"," -9999.0","Y"," "," 0"," -9999.0","Y"," "," 0","     0.2"," ","S","28","    15.0"," ","S","28","     0.5"," ","S","27","     0.4"," ","S","27","     0.0"," ","S","27","     0.0"," ","S","27","     0.0"," ","S","27","     0.0"," ","S","27","     0.0"," ","S","27"," -9999.0","Y"," "," 0"," -9999.0","Y"," "," 0"," -9999.0","Y"," "," 0"
"USC00424508","10-31"," 37.0286","-112.5361","1493.5","KANAB, UT US","10","31","99","    51.3"," ","S","27","    66.3"," ","S","30","    36.3"," ","S","27","    30.0"," ","S","27","     6.5"," ","S","27","     8.7"," ","S","30","     6.5"," ","S","27","     8.2"," ","S","27","    13.7"," ","S","27","     0.2"," ","S","27","     0.8"," ","S","27","     2.2"," ","S","27","     4.8"," ","S","27","     6.3"," ","S","27","     8.8"," ","S","27","     0.0","X","S","27","    11.5"," ","S","27","     7.1"," ","S","27","     3.5"," ","S","27","     1.1"," ","S","27","     0.6"," ","S","27","     0.2"," ","S","27","     0.0"," ","S","27","     0.0"," ","S","27","     0.0","X","S","27","    11.5"," ","S","27","     7.1"," ","S","27","     3.5"," ","S","27","     1.1"," ","S","27","     0.6"," ","S","27","     0.2"," ","S","27","     0.0"," ","S","27","     0.0"," ","S","27","     9.3"," ","S","27","     8.3"," ","S","27","    13.8"," ","S","30","     8.5"," ","S","30","     4.8"," ","S","30","     2.2"," ","S","30","     0.9"," ","S","30","     0.2"," ","S","30","     0.0"," ","S","30","     0.0"," ","S","30","    0.05"," ","S","30","    0.14"," ","S","30","    0.33"," ","S","30","    1.51"," ","S","28","   12.59"," ","S","28","     1.1"," ","S","28","     1.1"," ","S","28","     0.7"," ","S","28"," -9999.0","Z"," "," 0","     0.0"," ","S","28","     0.0"," ","S","28","     0.0"," ","S","28","     0.0"," ","S","28"," -9999.0","Y"," "," 0"," -9999.0","Y"," "," 0"," -9999.0","Y"," "," 0","     0.2"," ","S","28","    15.0"," ","S","28","     0.5"," ","S","27","     0.4"," ","S","27","     0.0"," ","S","27","     0.0"," ","S","27","     0.0"," ","S","27","     0.0"," ","S","27","     0.0"," ","S","27"," -9999.0","Y"," "," 0"," -9999.0","Y"," "," 0"," -9999.0","Y"," "," 0"
"USC00424508","11-01"," 37.0286","-112.5361","1493.5","KANAB, UT US","11","01","99","    50.9"," ","S","26","    65.9"," ","S","30","    36.0"," ","S","26","    29.9"," ","S","26","     6.5"," ","S","26","     8.7"," ","S","30","     6.5"," ","S","26","     8.2"," ","S","26","    14.1"," ","S","26","     0.2"," ","S","26","     0.9"," ","S","26","     2.4"," ","S","26","     5.1"," ","S","26","     6.6"," ","S","26","     9.2"," ","S","26","     0.0","X","S","26","    11.1"," ","S","26","     6.8"," ","S","26","     3.3"," ","S","26","     1.1"," ","S","26","     0.5"," ","S","26","     0.1"," ","S","26","     0.0"," ","S","26","     0.0"," ","S","26","     0.0","X","S","26","    11.1"," ","S","26","     6.8"," ","S","26","     3.3"," ","S","26","     1.1"," ","S","26","     0.5"," ","S","26","     0.1"," ","S","26","     0.0"," ","S","26","     0.0"," ","S","26","     9.0"," ","S","26","     8.0"," ","S","26","    13.7"," ","S","30","     8.4"," ","S","30","     4.7"," ","S","30","     2.1"," ","S","30","     0.9"," ","S","30","     0.2"," ","S","30","     0.0"," ","S","30","     0.0"," ","S","30","    0.05"," ","S","30","    0.14"," ","S","30","    0.33"," ","S","30","    0.04"," ","S","30","   12.63"," ","S","30","     1.2"," ","S","28","     1.1"," ","S","28","     0.7"," ","S","28","     0.3"," ","S","28","     0.2"," ","S","28","     0.2"," ","S","28","     0.0"," ","S","28","     0.0"," ","S","28"," -9999.0","Y"," "," 0"," -9999.0","Y"," "," 0"," -9999.0","Y"," "," 0","     0.0"," ","S","27","    15.0"," ","S","27","     0.6"," ","S","27","     0.4"," ","S","27","     0.2"," ","S","27","     0.2"," ","S","27","     0.1"," ","S","27","     0.0"," ","S","27","     0.0"," ","S","27"," -9999.0","Y"," "," 0"," -9999.0","Y"," "," 0"," -9999.0","Y"," "," 0"
"USC00424508","11-02"," 37.0286","-112.5361","1493.5","KANAB, UT US","11","02","99","    50.6"," ","S","26","    65.5"," ","S","30","    35.7"," ","S","26","    29.8"," ","S","26","     6.5"," ","S","26","     8.7"," ","S","30","     6.5"," ","S","26","     8.2"," ","S","26","    14.4"," ","S","26","     0.2"," ","S","26","     1.0"," ","S","26","     2.6"," ","S","26","     5.4"," ","S","26","     6.9"," ","S","26","     9.5"," ","S","26","     0.0","X","S","26","    10.8"," ","S","26","     6.5"," ","S","26","     3.1"," ","S","26","     1.0"," ","S","26","     0.5"," ","S","26","     0.1"," ","S","26","     0.0"," ","S","26","     0.0"," ","S","26","     0.0","X","S","26","    10.8"," ","S","26","     6.5"," ","S","26","     3.1"," ","S","26","     1.0"," ","S","26","     0.5"," ","S","26","     0.1"," ","S","26","     0.0"," ","S","26","     0.0"," ","S","26","     8.8"," ","S","26","     7.8"," ","S","26","    13.7"," ","S","30","     8.3"," ","S","30","     4.6"," ","S","30","     2.1"," ","S","30","     0.9"," ","S","30","     0.2"," ","S","30","     0.0"," ","S","30","     0.0"," ","S","30","    0.04"," ","S","30","    0.14"," ","S","30","    0.32"," ","S","30","    0.08"," ","S","30","   12.67"," ","S","30","     1.2"," ","S","28","     1.2"," ","S","28","     0.8"," ","S","28","     0.3"," ","S","28","     0.2"," ","S","28","     0.2"," ","S","28","     0.0"," ","S","28","     0.0"," ","S","28"," -9999.0","Y"," "," 0"," -9999.0","Y"," "," 0"," -9999.0","Y"," "," 0","     0.1"," ","S","27","    15.1"," ","S","27","     0.7"," ","S","27","     0.4"," ","S","27","     0.2"," ","S","27","     0.2"," ","S","27","     0.2"," ","S","27","     0.0"," ","S","27","     0.0"," ","S","27"," -9999.0","Y"," "," 0"," -9999.0","Y"," "," 0"," -9999.0","Y"," "," 0"
"USC00424508","11-03"," 37.0286","-112.5361","1493.5","KANAB, UT US","11","03","99","    50.2"," ","S","26","    65.0"," ","S","30","    35.4"," ","S","26","    29.7"," ","S","26","     6.5"," ","S","26","     8.7"," ","S","30","     6.5"," ","S","26","     8.2"," ","S","26","    14.8"," ","S","26","     0.3"," ","S","26","     1.0"," ","S","26","     2.7"," ","S","26","     5.7"," ","S","26","     7.2"," ","S","26","     9.9"," ","S","26","     0.0","X","S","26","    10.5"," ","S","26","     6.2"," ","S","26","     2.9"," ","S","26","     0.9"," ","S","26","     0.4"," ","S","26","     0.1"," ","S","26","     0.0"," ","S","26","     0.0"," ","S","26","     0.0","X","S","26","    10.5"," ","S","26","     6.2"," ","S","26","     2.9"," ","S","26","     0.9"," ","S","26","     0.4"," ","S","26","     0.1"," ","S","26","     0.0"," ","S","26","     0.0"," ","S","26","     8.6"," ","S","26","     7.6"," ","S","26","    13.6"," ","S","30","     8.2"," ","S","30","     4.5"," ","S","30","     2.0"," ","S","30","     0.9"," ","S","30","     0.2"," ","S","30","     0.0"," ","S","30","     0.0"," ","S","30","    0.04"," ","S","30","    0.14"," ","S","30","    0.32"," ","S","30","    0.12"," ","S","30","   12.71"," ","S","30","     1.3"," ","S","28","     1.2"," ","S","28","     0.8"," ","S","28","     0.4"," ","S","28","     0.3"," ","S","28","     0.2"," ","S","28","     0.0"," ","S","28","     0.0"," ","S","28"," -9999.0","Y"," "," 0"," -9999.0","Y"," "," 0"," -9999.0","Y"," "," 0","     0.1"," ","S","27","    15.1"," ","S","27","     0.7"," ","S","27","     0.5"," ","S","27","     0.3"," ","S","27","     0.2"," ","S","27","     0.2"," ","S","27","     0.0"," ","S","27","     0.0"," ","S","27"," -9999.0","Y"," "," 0"," -9999.0","Y"," "," 0"," -9999.0","Y"," "," 0"
"USC00424508","11-04"," 37.0286","-112.5361","1493.5","KANAB, UT US","11","04","99","    49.8"," ","S","26","    64.6"," ","S","30","    35.1"," ","S","26","    29.5"," ","S","26","     6.5"," ","S","26","     8.7"," ","S","30","     6.5"," ","S","26","     8.1"," ","S","26","    15.2"," ","S","26","     0.3"," ","S","26","     1.1"," ","S","26","     2.9"," ","S","26","     6.0"," ","S","26","     7.6"," ","S","26","    10.3"," ","S","26","     0.0","X","S","26","    10.1"," ","S","26","     6.0"," ","S","26","     2.7"," ","S","26","     0.8"," ","S","26","     0.4"," ","S","26","     0.1"," ","S","26","     0.0"," ","S","26","     0.0"," ","S","26","     0.0","X","S","26","    10.1"," ","S","26","     6.0"," ","S","26","     2.7"," ","S","26","     0.8"," ","S","26","     0.4"," ","S","26","     0.1"," ","S","26","     0.0"," ","S","26","     0.0"," ","S","26","     8.4"," ","S","26","     7.4"," ","S","26","    13.6"," ","S","30","     8.1"," ","S","30","     4.5"," ","S","30","     2.0"," ","S","30","     0.9"," ","S","30","     0.2"," ","S","30","     0.0"," ","S","30","     0.0"," ","S","30","    0.04"," ","S","30","    0.14"," ","S","30","    0.32"," ","S","30","    0.15"," ","S","30","   12.74"," ","S","30","     1.4"," ","S","28","     1.3"," ","S","28","     0.9"," ","S","28","     0.4"," ","S","28","     0.3"," ","S","28","     0.2"," ","S","28","     0.0"," ","S","28","     0.0"," ","S","28"," -9999.0","Y"," "," 0"," -9999.0","Y"," "," 0"," -9999.0","Y"," "," 0","     0.1"," ","S","27","    15.1"," ","S","27","     0.8"," ","S","27","     0.5"," ","S","27","     0.3"," ","S","27","     0.3"," ","S","27","     0.2"," ","S","27","     0.0"," ","S","27","     0.0"," ","S","27"," -9999.0","Y"," "," 0"," -9999.0","Y"," "," 0"," -9999.0","Y"," "," 0"
"USC00424508","11-05"," 37.0286","-112.5361","1493.5","KANAB, UT US","11","05","99","    49.4"," ","S","26","    64.2"," ","S","30","    34.7"," ","S","26","    29.4"," ","S","26","     6.6"," ","S","26","     8.7"," ","S","30","     6.5"," ","S","26","     8.1"," ","S","26","    15.6"," ","S","26","     0.3"," ","S","26","     1.2"," ","S","26","     3.1"," ","S","26","     6.2"," ","S","26","     7.9"," ","S","26","    10.6"," ","S","26","     0.0"," ","S","26","     9.8"," ","S","26","     5.7"," ","S","26","     2.5"," ","S","26","     0.7"," ","S","26","     0.3"," ","S","26","     0.1"," ","S","26","     0.0"," ","S","26","     0.0"," ","S","26","     0.0"," ","S","26","     9.8"," ","S","26","     5.7"," ","S","26","     2.5"," ","S","26","     0.7"," ","S","26","     0.3"," ","S","26","     0.1"," ","S","26","     0.0"," ","S","26","     0.0"," ","S","26","     8.2"," ","S","26","     7.2"," ","S","26","    13.5"," ","S","30","     8.1"," ","S","30","     4.4"," ","S","30","     2.0"," ","S","30","     0.9"," ","S","30","     0.2"," ","S","30","     0.0"," ","S","30","     0.0"," ","S","30","    0.04"," ","S","30","    0.14"," ","S","30","    0.32"," ","S","30","    0.19"," ","S","30","   12.78"," ","S","30","     1.4"," ","S","28","     1.3"," ","S","28","     0.9"," ","S","28","     0.4"," ","S","28","     0.3"," ","S","28","     0.2"," ","S","28","     0.0"," ","S","28","     0.0"," ","S","28"," -9999.0","Y"," "," 0"," -9999.0","Y"," "," 0"," -9999.0","Y"," "," 0","     0.2"," ","S","27","    15.2"," ","S","27","     0.9"," ","S","27","     0.6"," ","S","27","     0.4"," ","S","27","     0.3"," ","S","27","     0.2"," ","S","27","     0.0"," ","S","27","     0.0"," ","S","27"," -9999.0","Y"," "," 0"," -9999.0","Y"," "," 0"," -9999.0","Y"," "," 0"
"USC00424508","11-06"," 37.0286","-112.5361","1493.5","KANAB, UT US","11","06","99","    49.1"," ","S","26","    63.7"," ","S","30","    34.4"," ","S","26","    29.3"," ","S","26","     6.6"," ","S","26","     8.7"," ","S","30","     6.5"," ","S","26","     8.1"," ","S","26","    15.9"," ","S","26","     0.3"," ","S","26","     1.2"," ","S","26","     3.2"," ","S","26","     6.5"," ","S","26","     8.2"," ","S","26","    11.0"," ","S","26","     0.0"," ","S","26","     9.4"," ","S","26","     5.3"," ","S","26","     2.3"," ","S","26","     0.6"," ","S","26","     0.3"," ","S","26","     0.1"," ","S","26","     0.0"," ","S","26","     0.0"," ","S","26","     0.0"," ","S","26","     9.4"," ","S","26","     5.3"," ","S","26","     2.3"," ","S","26","     0.6"," ","S","26","     0.3"," ","S","26","     0.1"," ","S","26","     0.0"," ","S","26","     0.0"," ","S","26","     8.0"," ","S","26","     7.0"," ","S","26","    13.5"," ","S","30","     8.1"," ","S","30","     4.4"," ","S","30","     2.0"," ","S","30","     0.9"," ","S","30","     0.2"," ","S","30","     0.0"," ","S","30","     0.0"," ","S","30","    0.04"," ","S","30","    0.14"," ","S","30","    0.32"," ","S","30","    0.22"," ","S","30","   12.81"," ","S","30","     1.5"," ","S","28","     1.4"," ","S","28","     0.9"," ","S","28","     0.4"," ","S","28","     0.3"," ","S","28","     0.3"," ","S","28","     0.0"," ","S","28","     0.0"," ","S","28"," -9999.0","Y"," "," 0"," -9999.0","Y"," "," 0"," -9999.0","Y"," "," 0","     0.2"," ","S","27","    15.2"," ","S","27","     1.0"," ","S","28","     0.6"," ","S","28","     0.4"," ","S","28","     0.3"," ","S","28","     0.3"," ","S","28","     0.0"," ","S","28","     0.0"," ","S","28"," -9999.0","Y"," "," 0"," -9999.0","Y"," "," 0"," -9999.0","Y"," "," 0"
"USC00424508","11-07"," 37.0286","-112.5361","1493.5","KANAB, UT US","11","07","99","    48.7"," ","S","26","    63.3"," ","S","30","    34.1"," ","S","26","    29.2"," ","S","26","     6.6"," ","S","26","     8.7"," ","S","30","     6.5"," ","S","26","     8.1"," ","S","26","    16.3"," ","S","26","     0.3"," ","S","26","     1.3"," ","S","26","     3.4"," ","S","26","     6.8"," ","S","26","     8.5"," ","S","26","    11.4"," ","S","26","     0.0"," ","S","26","     9.0"," ","S","26","     5.0"," ","S","26","     2.1"," ","S","26","     0.5"," ","S","26","     0.2"," ","S","26","     0.0","X","S","26","     0.0"," ","S","26","     0.0"," ","S","26","     0.0"," ","S","26","     9.0"," ","S","26","     5.0"," ","S","26","     2.1"," ","S","26","     0.5"," ","S","26","     0.2"," ","S","26","     0.0","X","S","26","     0.0"," ","S","26","     0.0"," ","S","26","     7.7"," ","S","26","     6.8"," ","S","26","    13.5"," ","S","30","     8.0"," ","S","30","     4.4"," ","S","30","     2.0"," ","S","30","     0.9"," ","S","30","     0.2"," ","S","30","     0.0"," ","S","30","     0.0"," ","S","30","    0.04"," ","S","30","    0.14"," ","S","30","    0.32"," ","S","30","    0.25"," ","S","30","   12.84"," ","S","30","     1.6"," ","S","28","     1.5"," ","S","28","     1.0"," ","S","28","     0.5"," ","S","28","     0.3"," ","S","28","     0.3"," ","S","28","     0.0"," ","S","28","     0.0"," ","S","28"," -9999.0","Y"," "," 0"," -9999.0","Y"," "," 0"," -9999.0","Y"," "," 0","     0.3"," ","S","27","    15.3"," ","S","27","     1.0"," ","S","28","     0.6"," ","S","28","     0.4"," ","S","28","     0.3"," ","S","28","     0.3"," ","S","28","     0.0"," ","S","28","     0.0"," ","S","28"," -9999.0","Y"," "," 0"," -9999.0","Y"," "," 0"," -9999.0","Y"," "," 0"
"USC00424508","11-08"," 37.0286","-112.5361","1493.5","KANAB, UT US","11","08","99","    48.3"," ","S","26","    62.8"," ","S","30","    33.8"," ","S","26","    29.0"," ","S","26","     6.6"," ","S","26","     8.7"," ","S","30","     6.5"," ","S","26","     8.0"," ","S","26","    16.7"," ","S","26","     0.4"," ","S","26","     1.4"," ","S","26","     3.6"," ","S","26","     7.1"," ","S","26","     8.9"," ","S","26","    11.7"," ","S","26","     0.0"," ","S","26","     8.7"," ","S","26","     4.7"," ","S","26","     1.9"," ","S","26","     0.4"," ","S","26","     0.2"," ","S","26","     0.0","X","S","26","     0.0"," ","S","26","     0.0"," ","S","26","     0.0"," ","S","26","     8.7"," ","S","26","     4.7"," ","S","26","     1.9"," ","S","26","     0.4"," ","S","26","     0.2"," ","S","26","     0.0","X","S","26","     0.0"," ","S","26","     0.0"," ","S","26","     7.5"," ","S","26","     6.6"," ","S","26","    13.5"," ","S","30","     8.0"," ","S","30","     4.4"," ","S","30","     2.0"," ","S","30","     0.9"," ","S","30","     0.2"," ","S","30","     0.0"," ","S","30","     0.0"," ","S","30","    0.04"," ","S","30","    0.14"," ","S","30","    0.32"," ","S","30","    0.29"," ","S","30","   12.88"," ","S","30","     1.6"," ","S","28","     1.5"," ","S","28","     1.0"," ","S","28","     0.5"," ","S","28","     0.4"," ","S","28","     0.3"," ","S","28","     0.0"," ","S","28","     0.0"," ","S","28"," -9999.0","Y"," "," 0"," -9999.0","Y"," "," 0"," -9999.0","Y"," "," 0","     0.3"," ","S","27","    15.3"," ","S","27","     1.1"," ","S","28","     0.7"," ","S","28","     0.5"," ","S","28","     0.4"," ","S","28","     0.3"," ","S","28","     0.0"," ","S","28","     0.0"," ","S","28"," -9999.0","Y"," "," 0"," -9999.0","Y"," "," 0"," -9999.0","Y"," "," 0"
"USC00424508","11-09"," 37.0286","-112.5361","1493.5","KANAB, UT US","11","09","99","    47.9"," ","S","26","    62.4"," ","S","30","    33.5"," ","S","26","    28.9"," ","S","26","     6.6"," ","S","26","     8.7"," ","S","30","     6.5"," ","S","26","     8.0"," ","S","26","    17.1"," ","S","26","     0.4"," ","S","26","     1.5"," ","S","26","     3.8"," ","S","26","     7.5"," ","S","26","     9.2"," ","S","26","    12.1"," ","S","26","     0.0"," ","S","26","     8.3"," ","S","26","     4.4"," ","S","26","     1.8"," ","S","26","     0.4"," ","S","26","     0.2"," ","S","26","     0.0","X","S","26","     0.0"," ","S","26","     0.0"," ","S","26","     0.0"," ","S","26","     8.3"," ","S","26","     4.4"," ","S","26","     1.8"," ","S","26","     0.4"," ","S","26","     0.2"," ","S","26","     0.0","X","S","26","     0.0"," ","S","26","     0.0"," ","S","26","     7.3"," ","S","26","     6.4"," ","S","26","    13.5"," ","S","30","     8.0"," ","S","30","     4.3"," ","S","30","     2.0"," ","S","30","     0.9"," ","S","30","     0.2"," ","S","30","     0.0"," ","S","30","     0.0"," ","S","30","    0.04"," ","S","30","    0.14"," ","S","30","    0.32"," ","S","30","    0.32"," ","S","30","   12.91"," ","S","30","     1.7"," ","S","28","     1.6"," ","S","28","     1.1"," ","S","28","     0.5"," ","S","28","     0.4"," ","S","28","     0.3"," ","S","28","     0.0"," ","S","28","     0.0"," ","S","28"," -9999.0","Y"," "," 0"," -9999.0","Y"," "," 0"," -9999.0","Y"," "," 0","     0.4"," ","S","27","    15.4"," ","S","27","     1.2"," ","S","28","     0.7"," ","S","28","     0.5"," ","S","28","     0.4"," ","S","28","     0.3"," ","S","28","     0.0"," ","S","28","     0.0"," ","S","28"," -9999.0","Y"," "," 0"," -9999.0","Y"," "," 0"," -9999.0","Y"," "," 0"
"USC00424508","11-10"," 37.0286","-112.5361","1493.5","KANAB, UT US","11","10","99","    47.5"," ","S","26","    61.9"," ","S","30","    33.1"," ","S","26","    28.8"," ","S","26","     6.6"," ","S","26","     8.7"," ","S","30","     6.5"," ","S","26","     8.0"," ","S","26","    17.5"," ","S","26","     0.5"," ","S","26","     1.6"," ","S","26","     4.1"," ","S","26","     7.8"," ","S","26","     9.6"," ","S","26","    12.5"," ","S","26","     0.0"," ","S","26","     8.0"," ","S","26","     4.2"," ","S","26","     1.6"," ","S","26","     0.3"," ","S","26","     0.1"," ","S","26","     0.0","X","S","26","     0.0"," ","S","26","     0.0"," ","S","26","     0.0"," ","S","26","     8.0"," ","S","26","     4.2"," ","S","26","     1.6"," ","S","26","     0.3"," ","S","26","     0.1"," ","S","26","     0.0","X","S","26","     0.0"," ","S","26","     0.0"," ","S","26","     7.1"," ","S","26","     6.2"," ","S","26","    13.5"," ","S","30","     8.0"," ","S","30","     4.3"," ","S","30","     2.0"," ","S","30","     0.9"," ","S","30","     0.1"," ","S","30","     0.0"," ","S","30","     0.0"," ","S","30","    0.04"," ","S","30","    0.14"," ","S","30","    0.32"," ","S","30","    0.35"," ","S","30","   12.94"," ","S","30","     1.8"," ","S","28","     1.7"," ","S","28","     1.1"," ","S","28","     0.5"," ","S","28","     0.4"," ","S","28","     0.3"," ","S","28","     0.0"," ","S","28","     0.0"," ","S","28"," -9999.0","Y"," "," 0"," -9999.0","Y"," "," 0"," -9999.0","Y"," "," 0","     0.4"," ","S","27","    15.4"," ","S","27","     1.3"," ","S","28","     0.8"," ","S","28","     0.5"," ","S","28","     0.4"," ","S","28","     0.3"," ","S","28","     0.0"," ","S","28","     0.0"," ","S","28"," -9999.0","Y"," "," 0"," -9999.0","Y"," "," 0"," -9999.0","Y"," "," 0"
"USC00424508","11-11"," 37.0286","-112.5361","1493.5","KANAB, UT US","11","11","99","    47.1"," ","S","26","    61.4"," ","S","30","    32.8"," ","S","26","    28.6"," ","S","26","     6.6"," ","S","26","     8.7"," ","S","30","     6.5"," ","S","26","     8.0"," ","S","26","    17.9"," ","S","26","     0.5"," ","S","26","     1.8"," ","S","26","     4.3"," ","S","26","     8.2"," ","S","26","    10.0"," ","S","26","    12.9"," ","S","26","     0.0"," ","S","26","     7.7"," ","S","26","     3.9"," ","S","26","     1.5"," ","S","26","     0.3"," ","S","26","     0.1"," ","S","26","     0.0","X","S","26","     0.0"," ","S","26","     0.0"," ","S","26","     0.0"," ","S","26","     7.7"," ","S","26","     3.9"," ","S","26","     1.5"," ","S","26","     0.3"," ","S","26","     0.1"," ","S","26","     0.0","X","S","26","     0.0"," ","S","26","     0.0"," ","S","26","     6.9"," ","S","26","     6.0"," ","S","26","    13.5"," ","S","30","     7.9"," ","S","30","     4.3"," ","S","30","     2.0"," ","S","30","     0.9"," ","S","30","     0.1"," ","S","30","     0.0"," ","S","30","     0.0"," ","S","30","    0.04"," ","S","30","    0.14"," ","S","30","    0.32"," ","S","30","    0.39"," ","S","30","   12.98"," ","S","30","     1.9"," ","S","28","     1.7"," ","S","28","     1.2"," ","S","28","     0.6"," ","S","28","     0.5"," ","S","28","     0.4"," ","S","28","     0.0"," ","S","28","     0.0"," ","S","28"," -9999.0","Y"," "," 0"," -9999.0","Y"," "," 0"," -9999.0","Y"," "," 0","     0.5"," ","S","27","    15.5"," ","S","27","     1.4"," ","S","28","     0.8"," ","S","28","     0.6"," ","S","28","     0.5"," ","S","28","     0.4"," ","S","28","     0.0"," ","S","28","     0.0"," ","S","28"," -9999.0","Y"," "," 0"," -9999.0","Y"," "," 0"," -9999.0","Y"," "," 0"
"USC00424508","11-12"," 37.0286","-112.5361","1493.5","KANAB, UT US","11","12","99","    46.7"," ","S","26","    61.0"," ","S","30","    32.5"," ","S","26","    28.5"," ","S","26","     6.6"," ","S","26","     8.7"," ","S","30","     6.5"," ","S","26","     8.0"," ","S","26","    18.3"," ","S","26","     0.6"," ","S","26","     1.9"," ","S","26","     4.6"," ","S","26","     8.5"," ","S","26","    10.3"," ","S","26","    13.3"," ","S","26","     0.0"," ","S","26","     7.3"," ","S","26","     3.6"," ","S","26","     1.3"," ","S","26","     0.2"," ","S","26","     0.1"," ","S","26","     0.0","X","S","26","     0.0"," ","S","26","     0.0"," ","S","26","     0.0"," ","S","26","     7.3"," ","S","26","     3.6"," ","S","26","     1.3"," ","S","26","     0.2"," ","S","26","     0.1"," ","S","26","     0.0","X","S","26","     0.0"," ","S","26","     0.0"," ","S","26","     6.7"," ","S","26","     5.7"," ","S","26","    13.5"," ","S","30","     7.9"," ","S","30","     4.3"," ","S","30","     2.0"," ","S","30","     0.8"," ","S","30","     0.1"," ","S","30","     0.0"," ","S","30","     0.0"," ","S","30","    0.04"," ","S","30","    0.14"," ","S","30","    0.32"," ","S","30","    0.41"," ","S","30","   13.00"," ","S","30","     1.9"," ","S","28","     1.8"," ","S","28","     1.2"," ","S","28","     0.6"," ","S","28","     0.5"," ","S","28","     0.4"," ","S","28","     0.0"," ","S","28","     0.0"," ","S","28"," -9999.0","Y"," "," 0"," -9999.0","Y"," "," 0"," -9999.0","Y"," "," 0","     0.5"," ","S","27","    15.5"," ","S","27","     1.4"," ","S","28","     0.8"," ","S","28","     0.6"," ","S","28","     0.5"," ","S","28","     0.4"," ","S","28","     0.0"," ","S","28","     0.0"," ","S","28"," -9999.0","Y"," "," 0"," -9999.0","Y"," "," 0"," -9999.0","Y"," "," 0"
"USC00424508","11-13"," 37.0286","-112.5361","1493.5","KANAB, UT US","11","13","99","    46.3"," ","S","26","    60.5"," ","S","30","    32.2"," ","S","26","    28.3"," ","S","26","     6.6"," ","S","26","     8.7"," ","S","30","     6.5"," ","S","26","     8.0"," ","S","26","    18.7"," ","S","26","     0.6"," ","S","26","     2.0"," ","S","26","     4.8"," ","S","26","     8.8"," ","S","26","    10.7"," ","S","26","    13.7"," ","S","26","     0.0"," ","S","26","     7.0"," ","S","26","     3.3"," ","S","26","     1.1"," ","S","26","     0.2"," ","S","26","     0.1"," ","S","26","     0.0","X","S","26","     0.0"," ","S","26","     0.0"," ","S","26","     0.0"," ","S","26","     7.0"," ","S","26","     3.3"," ","S","26","     1.1"," ","S","26","     0.2"," ","S","26","     0.1"," ","S","26","     0.0","X","S","26","     0.0"," ","S","26","     0.0"," ","S","26","     6.4"," ","S","26","     5.5"," ","S","26","    13.4"," ","S","30","     7.8"," ","S","30","     4.3"," ","S","30","     2.0"," ","S","30","     0.8"," ","S","30","     0.1"," ","S","30","     0.0"," ","S","30","     0.0"," ","S","30","    0.04"," ","S","30","    0.14"," ","S","30","    0.32"," ","S","30","    0.44"," ","S","30","   13.03"," ","S","30","     2.0"," ","S","28","     1.8"," ","S","28","     1.2"," ","S","28","     0.6"," ","S","28","     0.5"," ","S","28","     0.4"," ","S","28","     0.0"," ","S","28","     0.0"," ","S","28"," -9999.0","Y"," "," 0"," -9999.0","Y"," "," 0"," -9999.0","Y"," "," 0","     0.6"," ","S","27","    15.6"," ","S","27","     1.5"," ","S","28","     0.9"," ","S","28","     0.7"," ","S","28","     0.5"," ","S","28","     0.4"," ","S","28","     0.0"," ","S","28","     0.0"," ","S","28"," -9999.0","Y"," "," 0"," -9999.0","Y"," "," 0"," -9999.0","Y"," "," 0"
"USC00424508","11-14"," 37.0286","-112.5361","1493.5","KANAB, UT US","11","14","99","    46.0"," ","S","26","    60.0"," ","S","30","    31.9"," ","S","26","    28.2"," ","S","26","     6.6"," ","S","26","     8.7"," ","S","30","     6.5"," ","S","26","     8.0"," ","S","26","    19.0"," ","S","26","     0.7"," ","S","26","     2.1"," ","S","26","     5.0"," ","S","26","     9.2"," ","S","26","    11.1"," ","S","26","    14.1"," ","S","26","     0.0"," ","S","26","     6.6"," ","S","26","     3.1"," ","S","26","     1.0"," ","S","26","     0.2"," ","S","26","     0.0","X","S","26","     0.0","X","S","26","     0.0"," ","S","26","     0.0"," ","S","26","     0.0"," ","S","26","     6.6"," ","S","26","     3.1"," ","S","26","     1.0"," ","S","26","     0.2"," ","S","26","     0.0","X","S","26","     0.0","X","S","26","     0.0"," ","S","26","     0.0"," ","S","26","     6.2"," ","S","26","     5.3"," ","S","26","    13.3"," ","S","30","     7.8"," ","S","30","     4.3"," ","S","30","     1.9"," ","S","30","     0.8"," ","S","30","     0.1"," ","S","30","     0.0"," ","S","30","     0.0"," ","S","30","    0.04"," ","S","30","    0.14"," ","S","30","    0.32"," ","S","30","    0.47"," ","S","30","   13.06"," ","S","30","     2.1"," ","S","28","     1.9"," ","S","28","     1.3"," ","S","28","     0.6"," ","S","28","     0.5"," ","S","28","     0.4"," ","S","28","     0.0"," ","S","28","     0.0"," ","S","28"," -9999.0","Y"," "," 0"," -9999.0","Y"," "," 0"," -9999.0","Y"," "," 0","     0.6"," ","S","27","    15.6"," ","S","27","     1.7"," ","S","28","     1.0"," ","S","28","     0.7"," ","S","28","     0.6"," ","S","28","     0.5"," ","S","28","     0.0"," ","S","28","     0.0"," ","S","28"," -9999.0","Y"," "," 0"," -9999.0","Y"," "," 0"," -9999.0","Y"," "," 0"
"USC00424508","11-15"," 37.0286","-112.5361","1493.5","KANAB, UT US","11","15","99","    45.6"," ","S","26","    59.6"," ","S","30","    31.5"," ","S","26","    28.0"," ","S","26","     6.5"," ","S","26","     8.7"," ","S","30","     6.5"," ","S","26","     8.0"," ","S","26","    19.4"," ","S","26","     0.7"," ","S","26","     2.3"," ","S","26","     5.3"," ","S","26","     9.6"," ","S","26","    11.5"," ","S","26","    14.5"," ","S","26","     0.0"," ","S","26","     6.3"," ","S","26","     2.8"," ","S","26","     0.9"," ","S","26","     0.1"," ","S","26","     0.0","X","S","26","     0.0","X","S","26","     0.0"," ","S","26","     0.0"," ","S","26","     0.0"," ","S","26","     6.3"," ","S","26","     2.8"," ","S","26","     0.9"," ","S","26","     0.1"," ","S","26","     0.0","X","S","26","     0.0","X","S","26","     0.0"," ","S","26","     0.0"," ","S","26","     6.0"," ","S","26","     5.1"," ","S","26","    13.2"," ","S","30","     7.7"," ","S","30","     4.3"," ","S","30","     1.9"," ","S","30","     0.8"," ","S","30","     0.1"," ","S","30","     0.0"," ","S","30","     0.0"," ","S","30","    0.04"," ","S","30","    0.14"," ","S","30","    0.32"," ","S","30","    0.50"," ","S","30","   13.09"," ","S","30","     2.2"," ","S","28","     1.9"," ","S","28","     1.3"," ","S","28","     0.7"," ","S","28","     0.5"," ","S","28","     0.4"," ","S","28","     0.0"," ","S","28","     0.0"," ","S","28"," -9999.0","Y"," "," 0"," -9999.0","Y"," "," 0"," -9999.0","Y"," "," 0","     0.7"," ","S","27","    15.7"," ","S","27","     1.8"," ","S","28","     1.0"," ","S","28","     0.8"," ","S","28","     0.7"," ","S","28","     0.5"," ","S","28","     0.0"," ","S","28","     0.0"," ","S","28"," -9999.0","Y"," "," 0"," -9999.0","Y"," "," 0"," -9999.0","Y"," "," 0"
"USC00424508","11-16"," 37.0286","-112.5361","1493.5","KANAB, UT US","11","16","99","    45.2"," ","S","26","    59.1"," ","S","30","    31.2"," ","S","26","    27.9"," ","S","26","     6.5"," ","S","26","     8.6"," ","S","30","     6.5"," ","S","26","     8.0"," ","S","26","    19.8"," ","S","26","     0.8"," ","S","26","     2.4"," ","S","26","     5.6"," ","S","26","    10.0"," ","S","26","    11.9"," ","S","26","    14.9"," ","S","26","     0.0"," ","S","26","     5.9"," ","S","26","     2.6"," ","S","26","     0.8"," ","S","26","     0.1"," ","S","26","     0.0","X","S","26","     0.0","X","S","26","     0.0"," ","S","26","     0.0"," ","S","26","     0.0"," ","S","26","     5.9"," ","S","26","     2.6"," ","S","26","     0.8"," ","S","26","     0.1"," ","S","26","     0.0","X","S","26","     0.0","X","S","26","     0.0"," ","S","26","     0.0"," ","S","26","     5.8"," ","S","26","     4.9"," ","S","26","    13.1"," ","S","30","     7.7"," ","S","30","     4.3"," ","S","30","     1.9"," ","S","30","     0.8"," ","S","30","     0.1"," ","S","30","     0.0"," ","S","30","     0.0"," ","S","30","    0.04"," ","S","30","    0.14"," ","S","30","    0.32"," ","S","30","    0.53"," ","S","30","   13.12"," ","S","30","     2.3"," ","S","28","     2.0"," ","S","28","     1.4"," ","S","28","     0.7"," ","S","28","     0.6"," ","S","28","     0.5"," ","S","28","     0.0"," ","S","28","     0.0"," ","S","28"," -9999.0","Y"," "," 0"," -9999.0","Y"," "," 0"," -9999.0","Y"," "," 0","     0.7"," ","S","27","    15.7"," ","S","27","     1.9"," ","S","28","     1.1"," ","S","28","     0.9"," ","S","28","     0.7"," ","S","28","     0.6"," ","S","28","     0.0"," ","S","28","     0.0"," ","S","28"," -9999.0","Y"," "," 0"," -9999.0","Y"," "," 0"," -9999.0","Y"," "," 0"
"USC00424508","11-17"," 37.0286","-112.5361","1493.5","KANAB, UT US","11","17","99","    44.8"," ","S","26","    58.6"," ","S","30","    30.9"," ","S","26","    27.7"," ","S","26","     6.5"," ","S","26","     8.6"," ","S","30","     6.5"," ","S","26","     8.0"," ","S","26","    20.2"," ","S","26","     0.9"," ","S","26","     2.6"," ","S","26","     5.9"," ","S","26","    10.3"," ","S","26","    12.3"," ","S","26","    15.3"," ","S","26","     0.0"," ","S","26","     5.6"," ","S","26","     2.4"," ","S","26","     0.7"," ","S","26","     0.1"," ","S","26","     0.0","X","S","26","     0.0","X","S","26","     0.0"," ","S","26","     0.0"," ","S","26","     0.0"," ","S","26","     5.6"," ","S","26","     2.4"," ","S","26","     0.7"," ","S","26","     0.1"," ","S","26","     0.0","X","S","26","     0.0","X","S","26","     0.0"," ","S","26","     0.0"," ","S","26","     5.6"," ","S","26","     4.7"," ","S","26","    13.1"," ","S","30","     7.7"," ","S","30","     4.3"," ","S","30","     1.9"," ","S","30","     0.8"," ","S","30","     0.1"," ","S","30","     0.0"," ","S","30","     0.0"," ","S","30","    0.04"," ","S","30","    0.14"," ","S","30","    0.32"," ","S","30","    0.56"," ","S","30","   13.15"," ","S","30","     2.4"," ","S","28","     2.1"," ","S","28","     1.4"," ","S","28","     0.7"," ","S","28","     0.6"," ","S","28","     0.5"," ","S","28","     0.0"," ","S","28","     0.0"," ","S","28"," -9999.0","Y"," "," 0"," -9999.0","Y"," "," 0"," -9999.0","Y"," "," 0","     0.8"," ","S","27","    15.8"," ","S","27","     2.1"," ","S","28","     1.2"," ","S","28","     1.0"," ","S","28","     0.8"," ","S","28","     0.6"," ","S","28","     0.0"," ","S","28","     0.0"," ","S","28"," -9999.0","Y"," "," 0"," -9999.0","Y"," "," 0"," -9999.0","Y"," "," 0"
"USC00424508","11-18"," 37.0286","-112.5361","1493.5","KANAB, UT US","11","18","99","    44.4"," ","S","26","    58.1"," ","S","30","    30.6"," ","S","26","    27.6"," ","S","26","     6.5"," ","S","26","     8.6"," ","S","30","     6.5"," ","S","26","     8.0"," ","S","26","    20.6"," ","S","26","     0.9"," ","S","26","     2.8"," ","S","26","     6.3"," ","S","26","    10.7"," ","S","26","    12.7"," ","S","26","    15.6"," ","S","26","     0.0"," ","S","26","     5.3"," ","S","26","     2.2"," ","S","26","     0.6"," ","S","26","     0.1"," ","S","26","     0.0","X","S","26","     0.0","X","S","26","     0.0"," ","S","26","     0.0"," ","S","26","     0.0"," ","S","26","     5.3"," ","S","26","     2.2"," ","S","26","     0.6"," ","S","26","     0.1"," ","S","26","     0.0","X","S","26","     0.0","X","S","26","     0.0"," ","S","26","     0.0"," ","S","26","     5.4"," ","S","26","     4.5"," ","S","26","    13.0"," ","S","30","     7.7"," ","S","30","     4.3"," ","S","30","     1.9"," ","S","30","     0.8"," ","S","30","     0.1"," ","S","30","     0.0"," ","S","30","     0.0"," ","S","30","    0.04"," ","S","30","    0.14"," ","S","30","    0.33"," ","S","30","    0.59"," ","S","30","   13.18"," ","S","30","     2.5"," ","S","28","     2.2"," ","S","28","     1.5"," ","S","28","     0.8"," ","S","28","     0.6"," ","S","28","     0.5"," ","S","28","     0.0"," ","S","28","     0.0"," ","S","28"," -9999.0","Y"," "," 0"," -9999.0","Y"," "," 0"," -9999.0","Y"," "," 0","     0.9"," ","S","27","    15.9"," ","S","27","     2.3"," ","S","28","     1.4"," ","S","28","     1.1"," ","S","28","     0.9"," ","S","28","     0.7"," ","S","28","     0.0"," ","S","28","     0.0"," ","S","28"," -9999.0","Y"," "," 0"," -9999.0","Y"," "," 0"," -9999.0","Y"," "," 0"
"USC00424508","11-19"," 37.0286","-112.5361","1493.5","KANAB, UT US","11","19","99","    44.0"," ","S","26","    57.7"," ","S","30","    30.2"," ","S","26","    27.4"," ","S","26","     6.5"," ","S","26","     8.6"," ","S","30","     6.5"," ","S","26","     8.0"," ","S","26","    21.0"," ","S","26","     1.0"," ","S","26","     3.0"," ","S","26","     6.6"," ","S","26","    11.1"," ","S","26","    13.1"," ","S","26","    16.0"," ","S","26","     0.0"," ","S","26","     5.0"," ","S","26","     2.0"," ","S","26","     0.5"," ","S","26","     0.1"," ","S","26","     0.0","X","S","26","     0.0","X","S","26","     0.0"," ","S","26","     0.0"," ","S","26","     0.0"," ","S","26","     5.0"," ","S","26","     2.0"," ","S","26","     0.5"," ","S","26","     0.1"," ","S","26","     0.0","X","S","26","     0.0","X","S","26","     0.0"," ","S","26","     0.0"," ","S","26","     5.2"," ","S","26","     4.3"," ","S","26","    13.0"," ","S","30","     7.7"," ","S","30","     4.4"," ","S","30","     2.0"," ","S","30","     0.7"," ","S","30","     0.1"," ","S","30","     0.0"," ","S","30","     0.0"," ","S","30","    0.04"," ","S","30","    0.14"," ","S","30","    0.33"," ","S","30","    0.62"," ","S","30","   13.21"," ","S","30","     2.6"," ","S","28","     2.3"," ","S","28","     1.6"," ","S","28","     0.8"," ","S","28","     0.7"," ","S","28","     0.5"," ","S","28","     0.0"," ","S","28","     0.0"," ","S","28"," -9999.0","Y"," "," 0"," -9999.0","Y"," "," 0"," -9999.0","Y"," "," 0","     0.9"," ","S","27","    15.9"," ","S","27","     2.4"," ","S","28","     1.5"," ","S","28","     1.2"," ","S","28","     1.0"," ","S","28","     0.8"," ","S","28","     0.0"," ","S","28","     0.0"," ","S","28"," -9999.0","Y"," "," 0"," -9999.0","Y"," "," 0"," -9999.0","Y"," "," 0"
"USC00424508","11-20"," 37.0286","-112.5361","1493.5","KANAB, UT US","11","20","99","    43.6"," ","S","26","    57.2"," ","S","30","    29.9"," ","S","26","    27.3"," ","S","26","     6.5"," ","S","26","     8.5"," ","S","30","     6.6"," ","S","26","     8.0"," ","S","26","    21.4"," ","S","26","     1.1"," ","S","26","     3.2"," ","S","26","     6.9"," ","S","26","    11.5"," ","S","26","    13.5"," ","S","26","    16.4"," ","S","26","     0.0"," ","S","26","     4.7"," ","S","26","     1.8"," ","S","26","     0.5"," ","S","26","     0.1"," ","S","26","     0.0","X","S","26","     0.0","X","S","26","     0.0"," ","S","26","     0.0"," ","S","26","     0.0"," ","S","26","     4.7"," ","S","26","     1.8"," ","S","26","     0.5"," ","S","26","     0.1"," ","S","26","     0.0","X","S","26","     0.0","X","S","26","     0.0"," ","S","26","     0.0"," ","S","26","     4.9"," ","S","26","     4.1"," ","S","26","    13.0"," ","S","30","     7.7"," ","S","30","     4.4"," ","S","30","     2.0"," ","S","30","     0.7"," ","S","30","     0.1"," ","S","30","     0.0"," ","S","30","     0.0"," ","S","30","    0.04"," ","S","30","    0.14"," ","S","30","    0.33"," ","S","30","    0.65"," ","S","30","   13.24"," ","S","30","     2.7"," ","S","28","     2.4"," ","S","28","     1.6"," ","S","28","     0.8"," ","S","28","     0.7"," ","S","28","     0.5"," ","S","28","     0.0"," ","S","28","     0.0"," ","S","28"," -9999.0","Y"," "," 0"," -9999.0","Y"," "," 0"," -9999.0","Y"," "," 0","     1.0"," ","S","27","    16.0"," ","S","27","     2.6"," ","S","28","     1.6"," ","S","28","     1.3"," ","S","28","     1.0"," ","S","28","     0.8"," ","S","28","     0.0"," ","S","28","     0.0"," ","S","28"," -9999.0","Y"," "," 0"," -9999.0","Y"," "," 0"," -9999.0","Y"," "," 0"
"USC00424508","11-21"," 37.0286","-112.5361","1493.5","KANAB, UT US","11","21","99","    43.2"," ","S","26","    56.7"," ","S","30","    29.6"," ","S","26","    27.1"," ","S","26","     6.5"," ","S","26","     8.5"," ","S","30","     6.6"," ","S","26","     8.0"," ","S","26","    21.8"," ","S","26","     1.3"," ","S","26","     3.5"," ","S","26","     7.2"," ","S","26","    11.9"," ","S","26","    13.9"," ","S","26","    16.8"," ","S","26","     0.0"," ","S","26","     4.4"," ","S","26","     1.6"," ","S","26","     0.4"," ","S","26","     0.1"," ","S","26","     0.0","X","S","26","     0.0","X","S","26","     0.0"," ","S","26","     0.0"," ","S","26","     0.0"," ","S","26","     4.4"," ","S","26","     1.6"," ","S","26","     0.4"," ","S","26","     0.1"," ","S","26","     0.0","X","S","26","     0.0","X","S","26","     0.0"," ","S","26","     0.0"," ","S","26","     4.8"," ","S","26","     3.9"," ","S","26","    13.0"," ","S","30","     7.8"," ","S","30","     4.5"," ","S","30","     2.0"," ","S","30","     0.7"," ","S","30","     0.1"," ","S","30","     0.0"," ","S","30","     0.0"," ","S","30","    0.04"," ","S","30","    0.15"," ","S","30","    0.33"," ","S","30","    0.68"," ","S","30","   13.27"," ","S","30","     2.9"," ","S","28","     2.5"," ","S","28","     1.7"," ","S","28","     0.9"," ","S","28","     0.7"," ","S","28","     0.6"," ","S","28","     0.0"," ","S","28","     0.0"," ","S","28"," -9999.0","Y"," "," 0"," -9999.0","Y"," "," 0"," -9999.0","Y"," "," 0","     1.1"," ","S","27","    16.1"," ","S","27","     2.8"," ","S","28","     1.8"," ","S","28","     1.3"," ","S","28","     1.1"," ","S","28","     0.8"," ","S","28","     0.0"," ","S","28","     0.0"," ","S","28"," -9999.0","Y"," "," 0"," -9999.0","Y"," "," 0"," -9999.0","Y"," "," 0"
"USC00424508","11-22"," 37.0286","-112.5361","1493.5","KANAB, UT US","11","22","99","    42.8"," ","S","26","    56.2"," ","S","30","    29.3"," ","S","26","    27.0"," ","S","26","     6.5"," ","S","26","     8.5"," ","S","30","     6.6"," ","S","26","     8.0"," ","S","26","    22.2"," ","S","26","     1.4"," ","S","26","     3.7"," ","S","26","     7.6"," ","S","26","    12.3"," ","S","26","    14.2"," ","S","26","    17.2"," ","S","26","     0.0"," ","S","26","     4.2"," ","S","26","     1.5"," ","S","26","     0.4"," ","S","26","     0.0","X","S","26","     0.0","X","S","26","     0.0","X","S","26","     0.0"," ","S","26","     0.0"," ","S","26","     0.0"," ","S","26","     4.2"," ","S","26","     1.5"," ","S","26","     0.4"," ","S","26","     0.0","X","S","26","     0.0","X","S","26","     0.0","X","S","26","     0.0"," ","S","26","     0.0"," ","S","26","     4.6"," ","S","26","     3.8"," ","S","26","    13.1"," ","S","30","     7.9"," ","S","30","     4.5"," ","S","30","     2.0"," ","S","30","     0.7"," ","S","30","     0.1"," ","S","30","     0.0"," ","S","30","     0.0"," ","S","30","    0.05"," ","S","30","    0.15"," ","S","30","    0.33"," ","S","30","    0.72"," ","S","30","   13.31"," ","S","30","     3.0"," ","S","28","     2.6"," ","S","28","     1.8"," ","S","28","     0.9"," ","S","28","     0.7"," ","S","28","     0.6"," ","S","28","     0.0"," ","S","28","     0.0"," ","S","28"," -9999.0","Y"," "," 0"," -9999.0","Y"," "," 0"," -9999.0","Y"," "," 0","     1.1"," ","S","27","    16.1"," ","S","27","     3.0"," ","S","28","     1.9"," ","S","28","     1.4"," ","S","28","     1.1"," ","S","28","     0.9"," ","S","28","     0.0"," ","S","28","     0.0"," ","S","28"," -9999.0","Y"," "," 0"," -9999.0","Y"," "," 0"," -9999.0","Y"," "," 0"
"USC00424508","11-23"," 37.0286","-112.5361","1493.5","KANAB, UT US","11","23","99","    42.4"," ","S","26","    55.8"," ","S","30","    29.0"," ","S","26","    26.8"," ","S","26","     6.5"," ","S","26","     8.5"," ","S","30","     6.7"," ","S","26","     8.0"," ","S","26","    22.6"," ","S","26","     1.6"," ","S","26","     4.0"," ","S","26","     7.9"," ","S","26","    12.7"," ","S","26","    14.6"," ","S","26","    17.6"," ","S","26","     0.0"," ","S","26","     4.0"," ","S","26","     1.4"," ","S","26","     0.3"," ","S","26","     0.0","X","S","26","     0.0","X","S","26","     0.0","X","S","26","     0.0"," ","S","26","     0.0"," ","S","26","     0.0"," ","S","26","     4.0"," ","S","26","     1.4"," ","S","26","     0.3"," ","S","26","     0.0","X","S","26","     0.0","X","S","26","     0.0","X","S","26","     0.0"," ","S","26","     0.0"," ","S","26","     4.4"," ","S","26","     3.6"," ","S","26","    13.1"," ","S","30","     7.9"," ","S","30","     4.6"," ","S","30","     2.0"," ","S","30","     0.7"," ","S","30","     0.1"," ","S","30","     0.0"," ","S","30","     0.0"," ","S","30","    0.05"," ","S","30","    0.15"," ","S","30","    0.33"," ","S","30","    0.75"," ","S","30","   13.34"," ","S","30","     3.1"," ","S","28","     2.7"," ","S","28","     1.8"," ","S","28","     0.9"," ","S","28","     0.7"," ","S","28","     0.6"," ","S","28","     0.0"," ","S","28","     0.0"," ","S","28"," -9999.0","Y"," "," 0"," -9999.0","Y"," "," 0"," -9999.0","Y"," "," 0","     1.2"," ","S","27","    16.2"," ","S","27","     3.2"," ","S","28","     2.0"," ","S","28","     1.5"," ","S","28","     1.2"," ","S","28","     0.9"," ","S","28","     0.0"," ","S","28","     0.0"," ","S","28"," -9999.0","Y"," "," 0"," -9999.0","Y"," "," 0"," -9999.0","Y"," "," 0"
"USC00424508","11-24"," 37.0286","-112.5361","1493.5","KANAB, UT US","11","24","99","    42.0"," ","S","26","    55.3"," ","S","30","    28.7"," ","S","26","    26.6"," ","S","26","     6.5"," ","S","26","     8.5"," ","S","30","     6.7"," ","S","26","     8.0"," ","S","26","    23.0"," ","S","26","     1.7"," ","S","26","     4.2"," ","S","26","     8.3"," ","S","26","    13.0"," ","S","26","    15.0"," ","S","26","    18.0"," ","S","26","     0.0"," ","S","26","     3.7"," ","S","26","     1.2"," ","S","26","     0.3"," ","S","26","     0.0","X","S","26","     0.0","X","S","26","     0.0"," ","S","26","     0.0"," ","S","26","     0.0"," ","S","26","     0.0"," ","S","26","     3.7"," ","S","26","     1.2"," ","S","26","     0.3"," ","S","26","     0.0","X","S","26","     0.0","X","S","26","     0.0"," ","S","26","     0.0"," ","S","26","     0.0"," ","S","26","     4.2"," ","S","26","     3.4"," ","S","26","    13.1"," ","S","30","     8.0"," ","S","30","     4.6"," ","S","30","     2.1"," ","S","30","     0.7"," ","S","30","     0.1"," ","S","30","     0.0"," ","S","30","     0.0"," ","S","30","    0.05"," ","S","30","    0.15"," ","S","30","    0.34"," ","S","30","    0.78"," ","S","30","   13.37"," ","S","30","     3.3"," ","S","28","     2.8"," ","S","28","     1.9"," ","S","28","     0.9"," ","S","28","     0.7"," ","S","28","     0.6"," ","S","28","     0.0"," ","S","28","     0.0"," ","S","28"," -9999.0","Y"," "," 0"," -9999.0","Y"," "," 0"," -9999.0","Y"," "," 0","     1.3"," ","S","27","    16.3"," ","S","27","     3.4"," ","S","28","     2.1"," ","S","28","     1.5"," ","S","28","     1.3"," ","S","28","     1.0"," ","S","28","     0.0"," ","S","28","     0.0"," ","S","28"," -9999.0","Y"," "," 0"," -9999.0","Y"," "," 0"," -9999.0","Y"," "," 0"
"USC00424508","11-25"," 37.0286","-112.5361","1493.5","KANAB, UT US","11","25","99","    41.6"," ","S","26","    54.9"," ","S","30","    28.4"," ","S","26","    26.5"," ","S","26","     6.5"," ","S","26","     8.4"," ","S","30","     6.8"," ","S","26","     8.1"," ","S","26","    23.4"," ","S","26","     1.8"," ","S","26","     4.5"," ","S","26","     8.6"," ","S","26","    13.4"," ","S","26","    15.4"," ","S","26","    18.4"," ","S","26","     0.0"," ","S","26","     3.5"," ","S","26","     1.1"," ","S","26","     0.2"," ","S","26","     0.0","X","S","26","     0.0","X","S","26","     0.0"," ","S","26","     0.0"," ","S","26","     0.0"," ","S","26","     0.0"," ","S","26","     3.5"," ","S","26","     1.1"," ","S","26","     0.2"," ","S","26","     0.0","X","S","26","     0.0","X","S","26","     0.0"," ","S","26","     0.0"," ","S","26","     0.0"," ","S","26","     4.0"," ","S","26","     3.2"," ","S","26","    13.2"," ","S","30","     8.1"," ","S","30","     4.7"," ","S","30","     2.1"," ","S","30","     0.7"," ","S","30","     0.1"," ","S","30","     0.0"," ","S","30","     0.0"," ","S","30","    0.05"," ","S","30","    0.15"," ","S","30","    0.34"," ","S","30","    0.81"," ","S","30","   13.40"," ","S","30","     3.4"," ","S","28","     3.0"," ","S","28","     2.0"," ","S","28","     1.0"," ","S","28","     0.7"," ","S","28","     0.6"," ","S","28","     0.0"," ","S","28","     0.0"," ","S","28"," -9999.0","Y"," "," 0"," -9999.0","Y"," "," 0"," -9999.0","Y"," "," 0","     1.4"," ","S","27","    16.4"," ","S","27","     3.6"," ","S","28","     2.2"," ","S","28","     1.6"," ","S","28","     1.3"," ","S","28","     1.0"," ","S","28","     0.0"," ","S","28","     0.0"," ","S","28"," -9999.0","Y"," "," 0"," -9999.0","Y"," "," 0"," -9999.0","Y"," "," 0"
"USC00424508","11-26"," 37.0286","-112.5361","1493.5","KANAB, UT US","11","26","99","    41.2"," ","S","26","    54.4"," ","S","30","    28.1"," ","S","26","    26.3"," ","S","26","     6.5"," ","S","26","     8.4"," ","S","30","     6.8"," ","S","26","     8.1"," ","S","26","    23.8"," ","S","26","     2.0"," ","S","26","     4.7"," ","S","26","     8.9"," ","S","26","    13.8"," ","S","26","    15.8"," ","S","26","    18.8"," ","S","26","     0.0"," ","S","26","     3.2"," ","S","26","     1.0"," ","S","26","     0.2"," ","S","26","     0.0","X","S","26","     0.0","X","S","26","     0.0"," ","S","26","     0.0"," ","S","26","     0.0"," ","S","26","     0.0"," ","S","26","     3.2"," ","S","26","     1.0"," ","S","26","     0.2"," ","S","26","     0.0","X","S","26","     0.0","X","S","26","     0.0"," ","S","26","     0.0"," ","S","26","     0.0"," ","S","26","     3.8"," ","S","26","     3.1"," ","S","26","    13.3"," ","S","30","     8.2"," ","S","30","     4.8"," ","S","30","     2.1"," ","S","30","     0.7"," ","S","30","     0.0"," ","S","30","     0.0"," ","S","30","     0.0"," ","S","30","    0.05"," ","S","30","    0.15"," ","S","30","    0.34"," ","S","30","    0.84"," ","S","30","   13.43"," ","S","30","     3.6"," ","S","28","     3.1"," ","S","28","     2.1"," ","S","28","     1.0"," ","S","28","     0.8"," ","S","28","     0.6"," ","S","28","     0.0"," ","S","28","     0.0"," ","S","28"," -9999.0","Y"," "," 0"," -9999.0","Y"," "," 0"," -9999.0","Y"," "," 0","     1.5"," ","S","27","    16.5"," ","S","27","     3.8"," ","S","28","     2.3"," ","S","28","     1.7"," ","S","28","     1.4"," ","S","28","     1.1"," ","S","28","     0.0"," ","S","28","     0.0"," ","S","28"," -9999.0","Y"," "," 0"," -9999.0","Y"," "," 0"," -9999.0","Y"," "," 0"
"USC00424508","11-27"," 37.0286","-112.5361","1493.5","KANAB, UT US","11","27","99","    40.9"," ","S","26","    53.9"," ","S","30","    27.8"," ","S","26","    26.1"," ","S","26","     6.5"," ","S","26","     8.4"," ","S","30","     6.8"," ","S","26","     8.1"," ","S","26","    24.1"," ","S","26","     2.1"," ","S","26","     5.0"," ","S","26","     9.3"," ","S","26","    14.1"," ","S","26","    16.1"," ","S","26","    19.1"," ","S","26","     0.0"," ","S","26","     3.0"," ","S","26","     0.9"," ","S","26","     0.2"," ","S","26","     0.0","X","S","26","     0.0","X","S","26","     0.0"," ","S","26","     0.0"," ","S","26","     0.0"," ","S","26","     0.0"," ","S","26","     3.0"," ","S","26","     0.9"," ","S","26","     0.2"," ","S","26","     0.0","X","S","26","     0.0","X","S","26","     0.0"," ","S","26","     0.0"," ","S","26","     0.0"," ","S","26","     3.6"," ","S","26","     2.9"," ","S","26","    13.5"," ","S","30","     8.4"," ","S","30","     4.8"," ","S","30","     2.1"," ","S","30","     0.7"," ","S","30","     0.0"," ","S","30","     0.0"," ","S","30","     0.0"," ","S","30","    0.05"," ","S","30","    0.16"," ","S","30","    0.34"," ","S","30","    0.87"," ","S","30","   13.46"," ","S","30","     3.8"," ","S","28","     3.2"," ","S","28","     2.1"," ","S","28","     1.0"," ","S","28","     0.8"," ","S","28","     0.6"," ","S","28","     0.0"," ","S","28","     0.0"," ","S","28"," -9999.0","Y"," "," 0"," -9999.0","Y"," "," 0"," -9999.0","Y"," "," 0","     1.5"," ","S","27","    16.5"," ","S","27","     4.1"," ","S","28","     2.4"," ","S","28","     1.8"," ","S","28","     1.4"," ","S","28","     1.1"," ","S","28","     0.0"," ","S","28","     0.0"," ","S","28"," -9999.0","Y"," "," 0"," -9999.0","Y"," "," 0"," -9999.0","Y"," "," 0"
"USC00424508","11-28"," 37.0286","-112.5361","1493.5","KANAB, UT US","11","28","99","    40.5"," ","S","26","    53.5"," ","S","30","    27.5"," ","S","26","    26.0"," ","S","26","     6.5"," ","S","26","     8.3"," ","S","30","     6.9"," ","S","26","     8.1"," ","S","26","    24.5"," ","S","26","     2.3"," ","S","26","     5.3"," ","S","26","     9.6"," ","S","26","    14.5"," ","S","26","    16.5"," ","S","26","    19.5"," ","S","26","     0.0"," ","S","26","     2.8"," ","S","26","     0.8"," ","S","26","     0.1"," ","S","26","     0.0","X","S","26","     0.0","X","S","26","     0.0"," ","S","26","     0.0"," ","S","26","     0.0"," ","S","26","     0.0"," ","S","26","     2.8"," ","S","26","     0.8"," ","S","26","     0.1"," ","S","26","     0.0","X","S","26","     0.0","X","S","26","     0.0"," ","S","26","     0.0"," ","S","26","     0.0"," ","S","26","     3.4"," ","S","26","     2.7"," ","S","26","    13.7"," ","S","30","     8.6"," ","S","30","     4.9"," ","S","30","     2.1"," ","S","30","     0.7"," ","S","30","     0.0"," ","S","30","     0.0"," ","S","30","     0.0"," ","S","30","    0.05"," ","S","30","    0.16"," ","S","30","    0.34"," ","S","30","    0.90"," ","S","30","   13.49"," ","S","30","     4.0"," ","S","28","     3.3"," ","S","28","     2.2"," ","S","28","     1.1"," ","S","28","     0.8"," ","S","28","     0.7"," ","S","28","     0.0"," ","S","28","     0.0"," ","S","28"," -9999.0","Y"," "," 0"," -9999.0","Y"," "," 0"," -9999.0","Y"," "," 0","     1.6"," ","S","27","    16.6"," ","S","27","     4.3"," ","S","28","     2.6"," ","S","28","     1.8"," ","S","28","     1.5"," ","S","28","     1.2"," ","S","28","     0.0"," ","S","28","     0.0"," ","S","28"," -9999.0","Y"," "," 0"," -9999.0","Y"," "," 0"," -9999.0","Y"," "," 0"
"USC00424508","11-29"," 37.0286","-112.5361","1493.5","KANAB, UT US","11","29","99","    40.2"," ","S","26","    53.1"," ","S","30","    27.2"," ","S","26","    25.8"," ","S","26","     6.5"," ","S","26","     8.3"," ","S","30","     6.9"," ","S","26","     8.1"," ","S","26","    24.8"," ","S","26","     2.5"," ","S","26","     5.6"," ","S","26","    10.0"," ","S","26","    14.9"," ","S","26","    16.8"," ","S","26","    19.8"," ","S","26","     0.0"," ","S","26","     2.6"," ","S","26","     0.7"," ","S","26","     0.1"," ","S","26","     0.0","X","S","26","     0.0","X","S","26","     0.0"," ","S","26","     0.0"," ","S","26","     0.0"," ","S","26","     0.0"," ","S","26","     2.6"," ","S","26","     0.7"," ","S","26","     0.1"," ","S","26","     0.0","X","S","26","     0.0","X","S","26","     0.0"," ","S","26","     0.0"," ","S","26","     0.0"," ","S","26","     3.3"," ","S","26","     2.6"," ","S","26","    13.8"," ","S","30","     8.8"," ","S","30","     5.0"," ","S","30","     2.2"," ","S","30","     0.6"," ","S","30","     0.0"," ","S","30","     0.0"," ","S","30","     0.0"," ","S","30","    0.05"," ","S","30","    0.16"," ","S","30","    0.34"," ","S","30","    0.94"," ","S","30","   13.53"," ","S","30","     4.1"," ","S","28","     3.5"," ","S","28","     2.3"," ","S","28","     1.1"," ","S","28","     0.8"," ","S","28","     0.7"," ","S","28","     0.0"," ","S","28","     0.0"," ","S","28"," -9999.0","Y"," "," 0"," -9999.0","Y"," "," 0"," -9999.0","Y"," "," 0","     1.7"," ","S","27","    16.7"," ","S","27","     4.6"," ","S","28","     2.7"," ","S","28","     1.9"," ","S","28","     1.6"," ","S","28","     1.2"," ","S","28","     0.0"," ","S","28","     0.0"," ","S","28"," -9999.0","Y"," "," 0"," -9999.0","Y"," "," 0"," -9999.0","Y"," "," 0"
"USC00424508","11-30"," 37.0286","-112.5361","1493.5","KANAB, UT US","11","30","99","    39.8"," ","S","26","    52.6"," ","S","30","    27.0"," ","S","26","    25.7"," ","S","26","     6.5"," ","S","26","     8.3"," ","S","30","     7.0"," ","S","26","     8.1"," ","S","26","    25.2"," ","S","26","     2.6"," ","S","26","     5.9"," ","S","26","    10.3"," ","S","26","    15.2"," ","S","26","    17.2"," ","S","26","    20.2"," ","S","26","     0.0"," ","S","26","     2.4"," ","S","26","     0.7"," ","S","26","     0.1"," ","S","26","     0.0","X","S","26","     0.0","X","S","26","     0.0"," ","S","26","     0.0"," ","S","26","     0.0"," ","S","26","     0.0"," ","S","26","     2.4"," ","S","26","     0.7"," ","S","26","     0.1"," ","S","26","     0.0","X","S","26","     0.0","X","S","26","     0.0"," ","S","26","     0.0"," ","S","26","     0.0"," ","S","26","     3.1"," ","S","26","     2.5"," ","S","26","    14.0"," ","S","30","     8.9"," ","S","30","     5.1"," ","S","30","     2.2"," ","S","30","     0.6"," ","S","30","     0.0"," ","S","30","     0.0"," ","S","30","     0.0"," ","S","30","    0.06"," ","S","30","    0.16"," ","S","30","    0.34"," ","S","30","    0.97"," ","S","30","   13.56"," ","S","30","     4.3"," ","S","28","     3.6"," ","S","28","     2.4"," ","S","28","     1.2"," ","S","28","     0.8"," ","S","28","     0.7"," ","S","28","     0.0"," ","S","28","     0.0"," ","S","28"," -9999.0","Y"," "," 0"," -9999.0","Y"," "," 0"," -9999.0","Y"," "," 0","     1.8"," ","S","27","    16.8"," ","S","27","     4.8"," ","S","28","     2.9"," ","S","28","     2.0"," ","S","28","     1.7"," ","S","28","     1.3"," ","S","28","     0.0"," ","S","28","     0.0"," ","S","28"," -9999.0","Y"," "," 0"," -9999.0","Y"," "," 0"," -9999.0","Y"," "," 0"
"USC00424508","12-01"," 37.0286","-112.5361","1493.5","KANAB, UT US","12","01","99","    39.5"," ","S","26","    52.2"," ","S","29","    26.7"," ","S","26","    25.5"," ","S","26","     6.5"," ","S","26","     8.2"," ","S","29","     7.1"," ","S","26","     8.1"," ","S","26","    25.5"," ","S","26","     2.8"," ","S","26","     6.1"," ","S","26","    10.6"," ","S","26","    15.5"," ","S","26","    17.5"," ","S","26","    20.5"," ","S","26","     0.0"," ","S","26","     2.3"," ","S","26","     0.6"," ","S","26","     0.1"," ","S","26","     0.0","X","S","26","     0.0","X","S","26","     0.0"," ","S","26","     0.0"," ","S","26","     0.0"," ","S","26","     0.0"," ","S","26","     2.3"," ","S","26","     0.6"," ","S","26","     0.1"," ","S","26","     0.0","X","S","26","     0.0","X","S","26","     0.0"," ","S","26","     0.0"," ","S","26","     0.0"," ","S","26","     3.0"," ","S","26","     2.3"," ","S","26","    14.2"," ","S","30","     9.1"," ","S","30","     5.2"," ","S","30","     2.2"," ","S","30","     0.6"," ","S","30","     0.0"," ","S","30","     0.0"," ","S","30","     0.0"," ","S","30","    0.06"," ","S","30","    0.16"," ","S","30","    0.34"," ","S","30","    0.04"," ","S","27","   13.60"," ","S","27","     4.5"," ","S","28","     3.7"," ","S","28","     2.5"," ","S","28","     1.2"," ","S","28","     0.9"," ","S","28","     0.7"," ","S","28","     0.0"," ","S","28","     0.0"," ","S","28"," -9999.0","Y"," "," 0"," -9999.0","Y"," "," 0"," -9999.0","Y"," "," 0","     0.1"," ","S","26","    16.9"," ","S","26","     5.1"," ","S","28","     3.0"," ","S","28","     2.1"," ","S","28","     1.8"," ","S","28","     1.4"," ","S","28","     0.0"," ","S","28","     0.0"," ","S","28"," -9999.0","Y"," "," 0"," -9999.0","Y"," "," 0"," -9999.0","Y"," "," 0"
"USC00424508","12-02"," 37.0286","-112.5361","1493.5","KANAB, UT US","12","02","99","    39.1"," ","S","26","    51.8"," ","S","29","    26.5"," ","S","26","    25.4"," ","S","26","     6.5"," ","S","26","     8.2"," ","S","29","     7.1"," ","S","26","     8.1"," ","S","26","    25.9"," ","S","26","     3.0"," ","S","26","     6.4"," ","S","26","    10.9"," ","S","26","    15.9"," ","S","26","    17.9"," ","S","26","    20.9"," ","S","26","     0.0"," ","S","26","     2.1"," ","S","26","     0.5"," ","S","26","     0.1"," ","S","26","     0.0","X","S","26","     0.0","X","S","26","     0.0"," ","S","26","     0.0"," ","S","26","     0.0"," ","S","26","     0.0"," ","S","26","     2.1"," ","S","26","     0.5"," ","S","26","     0.1"," ","S","26","     0.0","X","S","26","     0.0","X","S","26","     0.0"," ","S","26","     0.0"," ","S","26","     0.0"," ","S","26","     2.9"," ","S","26","     2.2"," ","S","26","    14.4"," ","S","30","     9.2"," ","S","30","     5.2"," ","S","30","     2.2"," ","S","30","     0.6"," ","S","30","     0.0"," ","S","30","     0.0"," ","S","30","     0.0"," ","S","30","    0.06"," ","S","30","    0.16"," ","S","30","    0.34"," ","S","30","    0.08"," ","S","27","   13.64"," ","S","27","     4.7"," ","S","28","     3.8"," ","S","28","     2.6"," ","S","28","     1.2"," ","S","28","     0.9"," ","S","28","     0.7"," ","S","28","     0.0"," ","S","28","     0.0"," ","S","28"," -9999.0","Y"," "," 0"," -9999.0","Y"," "," 0"," -9999.0","Y"," "," 0","     0.2"," ","S","26","    17.0"," ","S","26","     5.3"," ","S","28","     3.2"," ","S","28","     2.2"," ","S","28","     1.9"," ","S","28","     1.4"," ","S","28","     0.0"," ","S","28","     0.0"," ","S","28"," -9999.0","Y"," "," 0"," -9999.0","Y"," "," 0"," -9999.0","Y"," "," 0"
"USC00424508","12-03"," 37.0286","-112.5361","1493.5","KANAB, UT US","12","03","99","    38.8"," ","S","26","    51.4"," ","S","29","    26.2"," ","S","26","    25.2"," ","S","26","     6.5"," ","S","26","     8.2"," ","S","29","     7.2"," ","S","26","     8.2"," ","S","26","    26.2"," ","S","26","     3.1"," ","S","26","     6.6"," ","S","26","    11.2"," ","S","26","    16.2"," ","S","26","    18.2"," ","S","26","    21.2"," ","S","26","     0.0"," ","S","26","     2.0"," ","S","26","     0.5"," ","S","26","     0.1"," ","S","26","     0.0","X","S","26","     0.0","X","S","26","     0.0"," ","S","26","     0.0"," ","S","26","     0.0"," ","S","26","     0.0"," ","S","26","     2.0"," ","S","26","     0.5"," ","S","26","     0.1"," ","S","26","     0.0","X","S","26","     0.0","X","S","26","     0.0"," ","S","26","     0.0"," ","S","26","     0.0"," ","S","26","     2.7"," ","S","26","     2.1"," ","S","26","    14.6"," ","S","30","     9.4"," ","S","30","     5.3"," ","S","30","     2.2"," ","S","30","     0.6"," ","S","30","     0.0"," ","S","30","     0.0"," ","S","30","     0.0"," ","S","30","    0.06"," ","S","30","    0.16"," ","S","30","    0.33"," ","S","30","    0.11"," ","S","27","   13.67"," ","S","27","     4.8"," ","S","28","     4.0"," ","S","28","     2.6"," ","S","28","     1.3"," ","S","28","     0.9"," ","S","28","     0.8"," ","S","28","     0.0"," ","S","28","     0.0"," ","S","28"," -9999.0","Y"," "," 0"," -9999.0","Y"," "," 0"," -9999.0","Y"," "," 0","     0.3"," ","S","26","    17.1"," ","S","26","     5.6"," ","S","28","     3.4"," ","S","28","     2.3"," ","S","28","     2.0"," ","S","28","     1.5"," ","S","28","     0.0"," ","S","28","     0.0"," ","S","28"," -9999.0","Y"," "," 0"," -9999.0","Y"," "," 0"," -9999.0","Y"," "," 0"
"USC00424508","12-04"," 37.0286","-112.5361","1493.5","KANAB, UT US","12","04","99","    38.5"," ","S","26","    51.0"," ","S","29","    26.0"," ","S","26","    25.0"," ","S","26","     6.5"," ","S","26","     8.1"," ","S","29","     7.2"," ","S","26","     8.2"," ","S","26","    26.5"," ","S","26","     3.3"," ","S","26","     6.9"," ","S","26","    11.5"," ","S","26","    16.5"," ","S","26","    18.5"," ","S","26","    21.5"," ","S","26","     0.0"," ","S","26","     1.9"," ","S","26","     0.4"," ","S","26","     0.0","X","S","26","     0.0","X","S","26","     0.0","X","S","26","     0.0"," ","S","26","     0.0"," ","S","26","     0.0"," ","S","26","     0.0"," ","S","26","     1.9"," ","S","26","     0.4"," ","S","26","     0.0","X","S","26","     0.0","X","S","26","     0.0","X","S","26","     0.0"," ","S","26","     0.0"," ","S","26","     0.0"," ","S","26","     2.6"," ","S","26","     2.0"," ","S","26","    14.9"," ","S","30","     9.6"," ","S","30","     5.4"," ","S","30","     2.2"," ","S","30","     0.6"," ","S","30","     0.0"," ","S","30","     0.0"," ","S","30","     0.0"," ","S","30","    0.06"," ","S","30","    0.16"," ","S","30","    0.33"," ","S","30","    0.16"," ","S","27","   13.72"," ","S","27","     5.0"," ","S","28","     4.1"," ","S","28","     2.7"," ","S","28","     1.4"," ","S","28","     1.0"," ","S","28","     0.8"," ","S","28","     0.0"," ","S","28","     0.0"," ","S","28"," -9999.0","Y"," "," 0"," -9999.0","Y"," "," 0"," -9999.0","Y"," "," 0","     0.5"," ","S","26","    17.3"," ","S","26","     5.9"," ","S","28","     3.6"," ","S","28","     2.4"," ","S","28","     2.1"," ","S","28","     1.6"," ","S","28","     0.0"," ","S","28","     0.0"," ","S","28"," -9999.0","Y"," "," 0"," -9999.0","Y"," "," 0"," -9999.0","Y"," "," 0"
"USC00424508","12-05"," 37.0286","-112.5361","1493.5","KANAB, UT US","12","05","99","    38.2"," ","S","26","    50.7"," ","S","29","    25.8"," ","S","26","    24.9"," ","S","26","     6.5"," ","S","26","     8.1"," ","S","29","     7.3"," ","S","26","     8.2"," ","S","26","    26.8"," ","S","26","     3.5"," ","S","26","     7.1"," ","S","26","    11.8"," ","S","26","    16.8"," ","S","26","    18.8"," ","S","26","    21.8"," ","S","26","     0.0"," ","S","26","     1.7"," ","S","26","     0.3"," ","S","26","     0.0","X","S","26","     0.0","X","S","26","     0.0"," ","S","26","     0.0"," ","S","26","     0.0"," ","S","26","     0.0"," ","S","26","     0.0"," ","S","26","     1.7"," ","S","26","     0.3"," ","S","26","     0.0","X","S","26","     0.0","X","S","26","     0.0"," ","S","26","     0.0"," ","S","26","     0.0"," ","S","26","     0.0"," ","S","26","     2.5"," ","S","26","     1.9"," ","S","26","    15.1"," ","S","30","     9.8"," ","S","30","     5.5"," ","S","30","     2.3"," ","S","30","     0.6"," ","S","30","     0.0"," ","S","30","     0.0"," ","S","30","     0.0"," ","S","30","    0.06"," ","S","30","    0.16"," ","S","30","    0.33"," ","S","30","    0.20"," ","S","27","   13.76"," ","S","27","     5.2"," ","S","28","     4.2"," ","S","28","     2.8"," ","S","28","     1.4"," ","S","28","     1.0"," ","S","28","     0.8"," ","S","28","     0.0"," ","S","28","     0.0"," ","S","28"," -9999.0","Y"," "," 0"," -9999.0","Y"," "," 0"," -9999.0","Y"," "," 0","     0.6"," ","S","26","    17.4"," ","S","26","     6.2"," ","S","28","     3.8"," ","S","28","     2.6"," ","S","28","     2.2"," ","S","28","     1.7"," ","S","28","     0.0"," ","S","28","     0.0"," ","S","28"," -9999.0","Y"," "," 0"," -9999.0","Y"," "," 0"," -9999.0","Y"," "," 0"
"USC00424508","12-06"," 37.0286","-112.5361","1493.5","KANAB, UT US","12","06","99","    38.0"," ","S","26","    50.3"," ","S","29","    25.6"," ","S","26","    24.8"," ","S","26","     6.5"," ","S","26","     8.1"," ","S","29","     7.3"," ","S","26","     8.3"," ","S","26","    27.0"," ","S","26","     3.6"," ","S","26","     7.3"," ","S","26","    12.1"," ","S","26","    17.0"," ","S","26","    19.0"," ","S","26","    22.0"," ","S","26","     0.0"," ","S","26","     1.6"," ","S","26","     0.3"," ","S","26","     0.0","X","S","26","     0.0","X","S","26","     0.0"," ","S","26","     0.0"," ","S","26","     0.0"," ","S","26","     0.0"," ","S","26","     0.0"," ","S","26","     1.6"," ","S","26","     0.3"," ","S","26","     0.0","X","S","26","     0.0","X","S","26","     0.0"," ","S","26","     0.0"," ","S","26","     0.0"," ","S","26","     0.0"," ","S","26","     2.4"," ","S","26","     1.8"," ","S","26","    15.3"," ","S","30","    10.0"," ","S","30","     5.5"," ","S","30","     2.3"," ","S","30","     0.6"," ","S","30","     0.0"," ","S","30","     0.0"," ","S","30","     0.0"," ","S","30","    0.06"," ","S","30","    0.16"," ","S","30","    0.33"," ","S","30","    0.24"," ","S","27","   13.80"," ","S","27","     5.4"," ","S","28","     4.4"," ","S","28","     2.9"," ","S","28","     1.5"," ","S","28","     1.0"," ","S","28","     0.8"," ","S","28","     0.0"," ","S","28","     0.0"," ","S","28"," -9999.0","Y"," "," 0"," -9999.0","Y"," "," 0"," -9999.0","Y"," "," 0","     0.7"," ","S","26","    17.5"," ","S","26","     6.5"," ","S","27","     4.0"," ","S","27","     2.7"," ","S","27","     2.3"," ","S","27","     1.8"," ","S","27","     0.0"," ","S","27","     0.0"," ","S","27"," -9999.0","Y"," "," 0"," -9999.0","Y"," "," 0"," -9999.0","Y"," "," 0"
"USC00424508","12-07"," 37.0286","-112.5361","1493.5","KANAB, UT US","12","07","99","    37.7"," ","S","26","    50.0"," ","S","29","    25.4"," ","S","26","    24.6"," ","S","26","     6.5"," ","S","26","     8.0"," ","S","29","     7.4"," ","S","26","     8.3"," ","S","26","    27.3"," ","S","26","     3.8"," ","S","26","     7.6"," ","S","26","    12.3"," ","S","26","    17.3"," ","S","26","    19.3"," ","S","26","    22.3"," ","S","26","     0.0"," ","S","26","     1.5"," ","S","26","     0.2"," ","S","26","     0.0","X","S","26","     0.0"," ","S","26","     0.0"," ","S","26","     0.0"," ","S","26","     0.0"," ","S","26","     0.0"," ","S","26","     0.0"," ","S","26","     1.5"," ","S","26","     0.2"," ","S","26","     0.0","X","S","26","     0.0"," ","S","26","     0.0"," ","S","26","     0.0"," ","S","26","     0.0"," ","S","26","     0.0"," ","S","26","     2.2"," ","S","26","     1.7"," ","S","26","    15.5"," ","S","30","    10.1"," ","S","30","     5.6"," ","S","30","     2.3"," ","S","30","     0.6"," ","S","30","     0.0"," ","S","30","     0.0"," ","S","30","     0.0"," ","S","30","    0.06"," ","S","30","    0.16"," ","S","30","    0.33"," ","S","30","    0.28"," ","S","27","   13.84"," ","S","27","     5.6"," ","S","28","     4.5"," ","S","28","     3.0"," ","S","28","     1.5"," ","S","28","     1.1"," ","S","28","     0.9"," ","S","28","     0.0"," ","S","28","     0.0"," ","S","28"," -9999.0","Y"," "," 0"," -9999.0","Y"," "," 0"," -9999.0","Y"," "," 0","     0.8"," ","S","26","    17.6"," ","S","26","     6.9"," ","S","27","     4.3"," ","S","27","     2.9"," ","S","27","     2.4"," ","S","27","     1.9"," ","S","27","     0.0"," ","S","27","     0.0"," ","S","27"," -9999.0","Y"," "," 0"," -9999.0","Y"," "," 0"," -9999.0","Y"," "," 0"
"USC00424508","12-08"," 37.0286","-112.5361","1493.5","KANAB, UT US","12","08","99","    37.4"," ","S","26","    49.7"," ","S","29","    25.2"," ","S","26","    24.5"," ","S","26","     6.5"," ","S","26","     8.0"," ","S","29","     7.4"," ","S","26","     8.3"," ","S","26","    27.6"," ","S","26","     3.9"," ","S","26","     7.8"," ","S","26","    12.6"," ","S","26","    17.6"," ","S","26","    19.6"," ","S","26","    22.6"," ","S","26","     0.0"," ","S","26","     1.4"," ","S","26","     0.2"," ","S","26","     0.0","X","S","26","     0.0"," ","S","26","     0.0"," ","S","26","     0.0"," ","S","26","     0.0"," ","S","26","     0.0"," ","S","26","     0.0"," ","S","26","     1.4"," ","S","26","     0.2"," ","S","26","     0.0","X","S","26","     0.0"," ","S","26","     0.0"," ","S","26","     0.0"," ","S","26","     0.0"," ","S","26","     0.0"," ","S","26","     2.1"," ","S","26","     1.6"," ","S","26","    15.8"," ","S","30","    10.3"," ","S","30","     5.7"," ","S","30","     2.3"," ","S","30","     0.6"," ","S","30","     0.0"," ","S","30","     0.0"," ","S","30","     0.0"," ","S","30","    0.06"," ","S","30","    0.16"," ","S","30","    0.33"," ","S","30","    0.32"," ","S","27","   13.88"," ","S","27","     5.8"," ","S","28","     4.7"," ","S","28","     3.1"," ","S","28","     1.6"," ","S","28","     1.1"," ","S","28","     0.9"," ","S","28","     0.0"," ","S","28","     0.0"," ","S","28"," -9999.0","Y"," "," 0"," -9999.0","Y"," "," 0"," -9999.0","Y"," "," 0","     1.0"," ","S","26","    17.8"," ","S","26","     7.2"," ","S","27","     4.5"," ","S","27","     3.0"," ","S","27","     2.6"," ","S","27","     2.0"," ","S","27","     0.0"," ","S","27","     0.0"," ","S","27"," -9999.0","Y"," "," 0"," -9999.0","Y"," "," 0"," -9999.0","Y"," "," 0"
"USC00424508","12-09"," 37.0286","-112.5361","1493.5","KANAB, UT US","12","09","99","    37.2"," ","S","26","    49.4"," ","S","29","    25.0"," ","S","26","    24.3"," ","S","26","     6.5"," ","S","26","     7.9"," ","S","29","     7.4"," ","S","26","     8.3"," ","S","26","    27.8"," ","S","26","     4.1"," ","S","26","     8.0"," ","S","26","    12.8"," ","S","26","    17.8"," ","S","26","    19.8"," ","S","26","    22.8"," ","S","26","     0.0"," ","S","26","     1.3"," ","S","26","     0.2"," ","S","26","     0.0","X","S","26","     0.0"," ","S","26","     0.0"," ","S","26","     0.0"," ","S","26","     0.0"," ","S","26","     0.0"," ","S","26","     0.0"," ","S","26","     1.3"," ","S","26","     0.2"," ","S","26","     0.0","X","S","26","     0.0"," ","S","26","     0.0"," ","S","26","     0.0"," ","S","26","     0.0"," ","S","26","     0.0"," ","S","26","     2.0"," ","S","26","     1.5"," ","S","26","    16.0"," ","S","30","    10.5"," ","S","30","     5.7"," ","S","30","     2.4"," ","S","30","     0.6"," ","S","30","     0.0"," ","S","30","     0.0"," ","S","30","     0.0"," ","S","30","    0.06"," ","S","30","    0.16"," ","S","30","    0.33"," ","S","30","    0.36"," ","S","27","   13.92"," ","S","27","     6.0"," ","S","28","     4.8"," ","S","28","     3.2"," ","S","28","     1.7"," ","S","28","     1.1"," ","S","28","     0.9"," ","S","28","     0.0"," ","S","28","     0.0"," ","S","28"," -9999.0","Y"," "," 0"," -9999.0","Y"," "," 0"," -9999.0","Y"," "," 0","     1.1"," ","S","26","    17.9"," ","S","26","     7.6"," ","S","27","     4.8"," ","S","27","     3.2"," ","S","27","     2.7"," ","S","27","     2.1"," ","S","27","     0.0"," ","S","27","     0.0"," ","S","27"," -9999.0","Y"," "," 0"," -9999.0","Y"," "," 0"," -9999.0","Y"," "," 0"
"USC00424508","12-10"," 37.0286","-112.5361","1493.5","KANAB, UT US","12","10","99","    37.0"," ","S","26","    49.1"," ","S","29","    24.9"," ","S","26","    24.2"," ","S","26","     6.4"," ","S","26","     7.9"," ","S","29","     7.4"," ","S","26","     8.4"," ","S","26","    28.0"," ","S","26","     4.2"," ","S","26","     8.2"," ","S","26","    13.0"," ","S","26","    18.0"," ","S","26","    20.0"," ","S","26","    23.0"," ","S","26","     0.0"," ","S","26","     1.2"," ","S","26","     0.2"," ","S","26","     0.0"," ","S","26","     0.0"," ","S","26","     0.0"," ","S","26","     0.0"," ","S","26","     0.0"," ","S","26","     0.0"," ","S","26","     0.0"," ","S","26","     1.2"," ","S","26","     0.2"," ","S","26","     0.0"," ","S","26","     0.0"," ","S","26","     0.0"," ","S","26","     0.0"," ","S","26","     0.0"," ","S","26","     0.0"," ","S","26","     1.9"," ","S","26","     1.4"," ","S","26","    16.2"," ","S","30","    10.7"," ","S","30","     5.8"," ","S","30","     2.4"," ","S","30","     0.6"," ","S","30","     0.0"," ","S","30","     0.0"," ","S","30","     0.0"," ","S","30","    0.06"," ","S","30","    0.16"," ","S","30","    0.32"," ","S","30","    0.40"," ","S","27","   13.96"," ","S","27","     6.2"," ","S","28","     5.0"," ","S","28","     3.3"," ","S","28","     1.7"," ","S","28","     1.2"," ","S","28","     0.9"," ","S","28","     0.0"," ","S","28","     0.0"," ","S","28"," -9999.0","Y"," "," 0"," -9999.0","Y"," "," 0"," -9999.0","Y"," "," 0","     1.2"," ","S","26","    18.0"," ","S","26","     8.0"," ","S","27","     5.1"," ","S","27","     3.4"," ","S","27","     2.9"," ","S","27","     2.2"," ","S","27","     0.0"," ","S","27","     0.0"," ","S","27"," -9999.0","Y"," "," 0"," -9999.0","Y"," "," 0"," -9999.0","Y"," "," 0"
"USC00424508","12-11"," 37.0286","-112.5361","1493.5","KANAB, UT US","12","11","99","    36.8"," ","S","26","    48.8"," ","S","29","    24.7"," ","S","26","    24.1"," ","S","26","     6.4"," ","S","26","     7.9"," ","S","29","     7.5"," ","S","26","     8.4"," ","S","26","    28.2"," ","S","26","     4.3"," ","S","26","     8.4"," ","S","26","    13.2"," ","S","26","    18.2"," ","S","26","    20.2"," ","S","26","    23.2"," ","S","26","     0.0"," ","S","26","     1.1"," ","S","26","     0.1"," ","S","26","     0.0"," ","S","26","     0.0"," ","S","26","     0.0"," ","S","26","     0.0"," ","S","26","     0.0"," ","S","26","     0.0"," ","S","26","     0.0"," ","S","26","     1.1"," ","S","26","     0.1"," ","S","26","     0.0"," ","S","26","     0.0"," ","S","26","     0.0"," ","S","26","     0.0"," ","S","26","     0.0"," ","S","26","     0.0"," ","S","26","     1.9"," ","S","26","     1.3"," ","S","26","    16.5"," ","S","30","    10.9"," ","S","30","     5.8"," ","S","30","     2.4"," ","S","30","     0.6"," ","S","30","     0.0"," ","S","30","     0.0"," ","S","30","     0.0"," ","S","30","    0.06"," ","S","30","    0.16"," ","S","30","    0.32"," ","S","30","    0.45"," ","S","27","   14.01"," ","S","27","     6.4"," ","S","28","     5.2"," ","S","28","     3.4"," ","S","28","     1.8"," ","S","28","     1.2"," ","S","28","     0.9"," ","S","28","     0.0"," ","S","28","     0.0"," ","S","28"," -9999.0","Y"," "," 0"," -9999.0","Y"," "," 0"," -9999.0","Y"," "," 0","     1.4"," ","S","26","    18.2"," ","S","26","     8.5"," ","S","27","     5.4"," ","S","27","     3.6"," ","S","27","     3.0"," ","S","27","     2.3"," ","S","27","     0.0"," ","S","27","     0.0"," ","S","27"," -9999.0","Y"," "," 0"," -9999.0","Y"," "," 0"," -9999.0","Y"," "," 0"
"USC00424508","12-12"," 37.0286","-112.5361","1493.5","KANAB, UT US","12","12","99","    36.6"," ","S","26","    48.6"," ","S","29","    24.6"," ","S","26","    24.0"," ","S","26","     6.4"," ","S","26","     7.9"," ","S","29","     7.5"," ","S","26","     8.4"," ","S","26","    28.4"," ","S","26","     4.5"," ","S","26","     8.6"," ","S","26","    13.4"," ","S","26","    18.4"," ","S","26","    20.4"," ","S","26","    23.4"," ","S","26","     0.0"," ","S","26","     1.1"," ","S","26","     0.1"," ","S","26","     0.0"," ","S","26","     0.0"," ","S","26","     0.0"," ","S","26","     0.0"," ","S","26","     0.0"," ","S","26","     0.0"," ","S","26","     0.0"," ","S","26","     1.1"," ","S","26","     0.1"," ","S","26","     0.0"," ","S","26","     0.0"," ","S","26","     0.0"," ","S","26","     0.0"," ","S","26","     0.0"," ","S","26","     0.0"," ","S","26","     1.8"," ","S","26","     1.3"," ","S","26","    16.7"," ","S","30","    11.1"," ","S","30","     5.9"," ","S","30","     2.5"," ","S","30","     0.6"," ","S","30","     0.0"," ","S","30","     0.0"," ","S","30","     0.0"," ","S","30","    0.06"," ","S","30","    0.16"," ","S","30","    0.32"," ","S","30","    0.49"," ","S","27","   14.05"," ","S","27","     6.5"," ","S","28","     5.3"," ","S","28","     3.5"," ","S","28","     1.9"," ","S","28","     1.2"," ","S","28","     1.0"," ","S","28","     0.0"," ","S","28","     0.0"," ","S","28"," -9999.0","Y"," "," 0"," -9999.0","Y"," "," 0"," -9999.0","Y"," "," 0","     1.5"," ","S","26","    18.3"," ","S","26","     8.9"," ","S","27","     5.7"," ","S","27","     3.7"," ","S","27","     3.2"," ","S","27","     2.4"," ","S","27","     0.0"," ","S","27","     0.0"," ","S","27"," -9999.0","Y"," "," 0"," -9999.0","Y"," "," 0"," -9999.0","Y"," "," 0"
"USC00424508","12-13"," 37.0286","-112.5361","1493.5","KANAB, UT US","12","13","99","    36.4"," ","S","26","    48.3"," ","S","29","    24.5"," ","S","26","    23.9"," ","S","26","     6.4"," ","S","26","     7.9"," ","S","29","     7.5"," ","S","26","     8.5"," ","S","26","    28.6"," ","S","26","     4.6"," ","S","26","     8.7"," ","S","26","    13.6"," ","S","26","    18.6"," ","S","26","    20.6"," ","S","26","    23.6"," ","S","26","     0.0"," ","S","26","     1.0"," ","S","26","     0.1"," ","S","26","     0.0"," ","S","26","     0.0"," ","S","26","     0.0"," ","S","26","     0.0"," ","S","26","     0.0"," ","S","26","     0.0"," ","S","26","     0.0"," ","S","26","     1.0"," ","S","26","     0.1"," ","S","26","     0.0"," ","S","26","     0.0"," ","S","26","     0.0"," ","S","26","     0.0"," ","S","26","     0.0"," ","S","26","     0.0"," ","S","26","     1.7"," ","S","26","     1.2"," ","S","26","    17.0"," ","S","30","    11.3"," ","S","30","     6.0"," ","S","30","     2.5"," ","S","30","     0.6"," ","S","30","     0.0"," ","S","30","     0.0"," ","S","30","     0.0"," ","S","30","    0.06"," ","S","30","    0.16"," ","S","30","    0.32"," ","S","30","    0.54"," ","S","27","   14.10"," ","S","27","     6.7"," ","S","28","     5.5"," ","S","28","     3.6"," ","S","28","     1.9"," ","S","28","     1.3"," ","S","28","     1.0"," ","S","28","     0.0"," ","S","28","     0.0"," ","S","28"," -9999.0","Y"," "," 0"," -9999.0","Y"," "," 0"," -9999.0","Y"," "," 0","     1.7"," ","S","26","    18.5"," ","S","26","     9.3"," ","S","27","     6.0"," ","S","27","     3.9"," ","S","27","     3.3"," ","S","27","     2.5"," ","S","27","     0.0"," ","S","27","     0.0"," ","S","27"," -9999.0","Y"," "," 0"," -9999.0","Y"," "," 0"," -9999.0","Y"," "," 0"
"USC00424508","12-14"," 37.0286","-112.5361","1493.5","KANAB, UT US","12","14","99","    36.2"," ","S","26","    48.1"," ","S","29","    24.3"," ","S","26","    23.8"," ","S","26","     6.4"," ","S","26","     7.9"," ","S","29","     7.6"," ","S","26","     8.5"," ","S","26","    28.8"," ","S","26","     4.7"," ","S","26","     8.9"," ","S","26","    13.8"," ","S","26","    18.8"," ","S","26","    20.8"," ","S","26","    23.8"," ","S","26","     0.0"," ","S","26","     1.0"," ","S","26","     0.1"," ","S","26","     0.0"," ","S","26","     0.0"," ","S","26","     0.0"," ","S","26","     0.0"," ","S","26","     0.0"," ","S","26","     0.0"," ","S","26","     0.0"," ","S","26","     1.0"," ","S","26","     0.1"," ","S","26","     0.0"," ","S","26","     0.0"," ","S","26","     0.0"," ","S","26","     0.0"," ","S","26","     0.0"," ","S","26","     0.0"," ","S","26","     1.6"," ","S","26","     1.2"," ","S","26","    17.2"," ","S","30","    11.5"," ","S","30","     6.1"," ","S","30","     2.5"," ","S","30","     0.6"," ","S","30","     0.0"," ","S","30","     0.0"," ","S","30","     0.0"," ","S","30","    0.06"," ","S","30","    0.16"," ","S","30","    0.32"," ","S","30","    0.58"," ","S","27","   14.14"," ","S","27","     6.9"," ","S","28","     5.6"," ","S","28","     3.7"," ","S","28","     2.0"," ","S","28","     1.3"," ","S","28","     1.0"," ","S","28","     0.0"," ","S","28","     0.0"," ","S","28"," -9999.0","Y"," "," 0"," -9999.0","Y"," "," 0"," -9999.0","Y"," "," 0","     1.9"," ","S","26","    18.7"," ","S","26","     9.7"," ","S","27","     6.3"," ","S","27","     4.0"," ","S","27","     3.4"," ","S","27","     2.6"," ","S","27","     0.0"," ","S","27","     0.0"," ","S","27"," -9999.0","Y"," "," 0"," -9999.0","Y"," "," 0"," -9999.0","Y"," "," 0"
"USC00424508","12-15"," 37.0286","-112.5361","1493.5","KANAB, UT US","12","15","99","    36.1"," ","S","26","    47.9"," ","S","29","    24.2"," ","S","26","    23.7"," ","S","26","     6.4"," ","S","26","     7.9"," ","S","29","     7.6"," ","S","26","     8.5"," ","S","26","    28.9"," ","S","26","     4.9"," ","S","26","     9.0"," ","S","26","    13.9"," ","S","26","    18.9"," ","S","26","    20.9"," ","S","26","    23.9"," ","S","26","     0.0"," ","S","26","     1.0"," ","S","26","     0.1"," ","S","26","     0.0"," ","S","26","     0.0"," ","S","26","     0.0"," ","S","26","     0.0"," ","S","26","     0.0"," ","S","26","     0.0"," ","S","26","     0.0"," ","S","26","     1.0"," ","S","26","     0.1"," ","S","26","     0.0"," ","S","26","     0.0"," ","S","26","     0.0"," ","S","26","     0.0"," ","S","26","     0.0"," ","S","26","     0.0"," ","S","26","     1.6"," ","S","26","     1.1"," ","S","26","    17.4"," ","S","30","    11.7"," ","S","30","     6.1"," ","S","30","     2.6"," ","S","30","     0.6"," ","S","30","     0.0"," ","S","30","     0.0"," ","S","30","     0.0"," ","S","30","    0.06"," ","S","30","    0.16"," ","S","30","    0.32"," ","S","30","    0.62"," ","S","27","   14.18"," ","S","27","     7.0"," ","S","28","     5.7"," ","S","28","     3.8"," ","S","28","     2.1"," ","S","28","     1.3"," ","S","28","     1.0"," ","S","28","     0.0"," ","S","28","     0.0"," ","S","28"," -9999.0","Y"," "," 0"," -9999.0","Y"," "," 0"," -9999.0","Y"," "," 0","     2.0"," ","S","26","    18.8"," ","S","26","    10.0"," ","S","27","     6.5"," ","S","27","     4.2"," ","S","27","     3.5"," ","S","27","     2.7"," ","S","27","     0.0"," ","S","27","     0.0"," ","S","27"," -9999.0","Y"," "," 0"," -9999.0","Y"," "," 0"," -9999.0","Y"," "," 0"
"USC00424508","12-16"," 37.0286","-112.5361","1493.5","KANAB, UT US","12","16","99","    36.0"," ","S","26","    47.8"," ","S","29","    24.2"," ","S","26","    23.6"," ","S","26","     6.4"," ","S","26","     7.9"," ","S","29","     7.6"," ","S","26","     8.6"," ","S","26","    29.0"," ","S","26","     5.0"," ","S","26","     9.2"," ","S","26","    14.0"," ","S","26","    19.0"," ","S","26","    21.0"," ","S","26","    24.0"," ","S","26","     0.0"," ","S","26","     0.9"," ","S","26","     0.1"," ","S","26","     0.0"," ","S","26","     0.0"," ","S","26","     0.0"," ","S","26","     0.0"," ","S","26","     0.0"," ","S","26","     0.0"," ","S","26","     0.0"," ","S","26","     0.9"," ","S","26","     0.1"," ","S","26","     0.0"," ","S","26","     0.0"," ","S","26","     0.0"," ","S","26","     0.0"," ","S","26","     0.0"," ","S","26","     0.0"," ","S","26","     1.5"," ","S","26","     1.1"," ","S","26","    17.6"," ","S","30","    11.9"," ","S","30","     6.2"," ","S","30","     2.6"," ","S","30","     0.6"," ","S","30","     0.0"," ","S","30","     0.0"," ","S","30","     0.0"," ","S","30","    0.06"," ","S","30","    0.16"," ","S","30","    0.32"," ","S","30","    0.67"," ","S","27","   14.23"," ","S","27","     7.1"," ","S","28","     5.8"," ","S","28","     3.8"," ","S","28","     2.1"," ","S","28","     1.4"," ","S","28","     1.0"," ","S","28","     0.0"," ","S","28","     0.0"," ","S","28"," -9999.0","Y"," "," 0"," -9999.0","Y"," "," 0"," -9999.0","Y"," "," 0","     2.2"," ","S","26","    19.0"," ","S","26","    10.4"," ","S","27","     6.8"," ","S","27","     4.3"," ","S","27","     3.7"," ","S","27","     2.8"," ","S","27","     0.0"," ","S","27","     0.0"," ","S","27"," -9999.0","Y"," "," 0"," -9999.0","Y"," "," 0"," -9999.0","Y"," "," 0"
"USC00424508","12-17"," 37.0286","-112.5361","1493.5","KANAB, UT US","12","17","99","    35.8"," ","S","26","    47.6"," ","S","29","    24.1"," ","S","26","    23.5"," ","S","26","     6.4"," ","S","26","     7.9"," ","S","29","     7.6"," ","S","26","     8.6"," ","S","26","    29.1"," ","S","26","     5.0"," ","S","26","     9.3"," ","S","26","    14.1"," ","S","26","    19.1"," ","S","26","    21.1"," ","S","26","    24.1"," ","S","26","     0.0"," ","S","26","     0.9"," ","S","26","     0.1"," ","S","26","     0.0"," ","S","26","     0.0"," ","S","26","     0.0"," ","S","26","     0.0"," ","S","26","     0.0"," ","S","26","     0.0"," ","S","26","     0.0"," ","S","26","     0.9"," ","S","26","     0.1"," ","S","26","     0.0"," ","S","26","     0.0"," ","S","26","     0.0"," ","S","26","     0.0"," ","S","26","     0.0"," ","S","26","     0.0"," ","S","26","     1.4"," ","S","26","     1.0"," ","S","26","    17.8"," ","S","30","    12.0"," ","S","30","     6.2"," ","S","30","     2.6"," ","S","30","     0.7"," ","S","30","     0.0"," ","S","30","     0.0"," ","S","30","     0.0"," ","S","30","    0.06"," ","S","30","    0.16"," ","S","30","    0.32"," ","S","30","    0.71"," ","S","27","   14.27"," ","S","27","     7.3"," ","S","28","     5.9"," ","S","28","     3.9"," ","S","28","     2.2"," ","S","28","     1.4"," ","S","28","     1.1"," ","S","28","     0.0"," ","S","28","     0.0"," ","S","28"," -9999.0","Y"," "," 0"," -9999.0","Y"," "," 0"," -9999.0","Y"," "," 0","     2.4"," ","S","26","    19.2"," ","S","26","    10.7"," ","S","27","     7.0"," ","S","27","     4.4"," ","S","27","     3.8"," ","S","27","     2.9"," ","S","27","     0.0"," ","S","27","     0.0"," ","S","27","     1.0"," ","S","27","     2.0"," ","S","27","     5.0"," ","S","27"
"USC00424508","12-18"," 37.0286","-112.5361","1493.5","KANAB, UT US","12","18","99","    35.7"," ","S","26","    47.5"," ","S","29","    24.0"," ","S","26","    23.5"," ","S","26","     6.4"," ","S","26","     7.8"," ","S","29","     7.6"," ","S","26","     8.6"," ","S","26","    29.2"," ","S","26","     5.1"," ","S","26","     9.4"," ","S","26","    14.2"," ","S","26","    19.2"," ","S","26","    21.2"," ","S","26","    24.2"," ","S","26","     0.0"," ","S","26","     0.8"," ","S","26","     0.1"," ","S","26","     0.0"," ","S","26","     0.0"," ","S","26","     0.0"," ","S","26","     0.0"," ","S","26","     0.0"," ","S","26","     0.0"," ","S","26","     0.0"," ","S","26","     0.8"," ","S","26","     0.1"," ","S","26","     0.0"," ","S","26","     0.0"," ","S","26","     0.0"," ","S","26","     0.0"," ","S","26","     0.0"," ","S","26","     0.0"," ","S","26","     1.4"," ","S","26","     1.0"," ","S","26","    18.0"," ","S","30","    12.1"," ","S","30","     6.2"," ","S","30","     2.7"," ","S","30","     0.7"," ","S","30","     0.0"," ","S","30","     0.0"," ","S","30","     0.0"," ","S","30","    0.06"," ","S","30","    0.16"," ","S","30","    0.32"," ","S","30","    0.75"," ","S","27","   14.31"," ","S","27","     7.4"," ","S","28","     6.0"," ","S","28","     3.9"," ","S","28","     2.2"," ","S","28","     1.4"," ","S","28","     1.1"," ","S","28","     0.0"," ","S","28","     0.0"," ","S","28"," -9999.0","Y"," "," 0"," -9999.0","Y"," "," 0"," -9999.0","Y"," "," 0","     2.6"," ","S","26","    19.4"," ","S","26","    11.0"," ","S","27","     7.2"," ","S","27","     4.5"," ","S","27","     3.9"," ","S","27","     3.0"," ","S","27","     0.0"," ","S","27","     0.0"," ","S","27","     1.0"," ","S","27","     2.0"," ","S","27","     5.0"," ","S","27"
"USC00424508","12-19"," 37.0286","-112.5361","1493.5","KANAB, UT US","12","19","99","    35.7"," ","S","26","    47.4"," ","S","29","    24.0"," ","S","26","    23.4"," ","S","26","     6.4"," ","S","26","     7.8"," ","S","29","     7.6"," ","S","26","     8.6"," ","S","26","    29.3"," ","S","26","     5.1"," ","S","26","     9.4"," ","S","26","    14.3"," ","S","26","    19.3"," ","S","26","    21.3"," ","S","26","    24.3"," ","S","26","     0.0"," ","S","26","     0.8"," ","S","26","     0.1"," ","S","26","     0.0"," ","S","26","     0.0"," ","S","26","     0.0"," ","S","26","     0.0"," ","S","26","     0.0"," ","S","26","     0.0"," ","S","26","     0.0"," ","S","26","     0.8"," ","S","26","     0.1"," ","S","26","     0.0"," ","S","26","     0.0"," ","S","26","     0.0"," ","S","26","     0.0"," ","S","26","     0.0"," ","S","26","     0.0"," ","S","26","     1.4"," ","S","26","     0.9"," ","S","26","    18.1"," ","S","30","    12.2"," ","S","30","     6.3"," ","S","30","     2.7"," ","S","30","     0.7"," ","S","30","     0.0"," ","S","30","     0.0"," ","S","30","     0.0"," ","S","30","    0.06"," ","S","30","    0.16"," ","S","30","    0.32"," ","S","30","    0.80"," ","S","27","   14.36"," ","S","27","     7.5"," ","S","28","     6.1"," ","S","28","     4.0"," ","S","28","     2.3"," ","S","28","     1.4"," ","S","28","     1.1"," ","S","28","     0.0"," ","S","28","     0.0"," ","S","28"," -9999.0","Y"," "," 0"," -9999.0","Y"," "," 0"," -9999.0","Y"," "," 0","     2.8"," ","S","26","    19.6"," ","S","26","    11.3"," ","S","27","     7.4"," ","S","27","     4.7"," ","S","27","     4.0"," ","S","27","     3.1"," ","S","27","     0.0"," ","S","27","     0.0"," ","S","27","     1.0"," ","S","27","     2.0"," ","S","27","     5.0"," ","S","27"
"USC00424508","12-20"," 37.0286","-112.5361","1493.5","KANAB, UT US","12","20","99","    35.6"," ","S","26","    47.3"," ","S","29","    23.9"," ","S","26","    23.3"," ","S","26","     6.4"," ","S","26","     7.8"," ","S","29","     7.6"," ","S","26","     8.7"," ","S","26","    29.4"," ","S","26","     5.2"," ","S","26","     9.5"," ","S","26","    14.4"," ","S","26","    19.4"," ","S","26","    21.4"," ","S","26","    24.4"," ","S","26","     0.0"," ","S","26","     0.8"," ","S","26","     0.1"," ","S","26","     0.0"," ","S","26","     0.0"," ","S","26","     0.0"," ","S","26","     0.0"," ","S","26","     0.0"," ","S","26","     0.0"," ","S","26","     0.0"," ","S","26","     0.8"," ","S","26","     0.1"," ","S","26","     0.0"," ","S","26","     0.0"," ","S","26","     0.0"," ","S","26","     0.0"," ","S","26","     0.0"," ","S","26","     0.0"," ","S","26","     1.3"," ","S","26","     0.9"," ","S","26","    18.3"," ","S","30","    12.3"," ","S","30","     6.3"," ","S","30","     2.7"," ","S","30","     0.7"," ","S","30","     0.0"," ","S","30","     0.0"," ","S","30","     0.0"," ","S","30","    0.06"," ","S","30","    0.16"," ","S","30","    0.32"," ","S","30","    0.84"," ","S","27","   14.40"," ","S","27","     7.6"," ","S","28","     6.1"," ","S","28","     4.0"," ","S","28","     2.3"," ","S","28","     1.5"," ","S","28","     1.1"," ","S","28","     0.0"," ","S","28","     0.0"," ","S","28"," -9999.0","Y"," "," 0"," -9999.0","Y"," "," 0"," -9999.0","Y"," "," 0","     2.9"," ","S","26","    19.7"," ","S","26","    11.6"," ","S","27","     7.6"," ","S","27","     4.8"," ","S","27","     4.1"," ","S","27","     3.3"," ","S","27","     0.0"," ","S","27","     0.0"," ","S","27","     1.0"," ","S","27","     2.0"," ","S","27","     5.0"," ","S","27"
"USC00424508","12-21"," 37.0286","-112.5361","1493.5","KANAB, UT US","12","21","99","    35.5"," ","S","26","    47.2"," ","S","29","    23.9"," ","S","26","    23.3"," ","S","26","     6.3"," ","S","26","     7.8"," ","S","29","     7.6"," ","S","26","     8.7"," ","S","26","    29.5"," ","S","26","     5.2"," ","S","26","     9.6"," ","S","26","    14.5"," ","S","26","    19.5"," ","S","26","    21.5"," ","S","26","    24.5"," ","S","26","     0.0"," ","S","26","     0.7"," ","S","26","     0.1"," ","S","26","     0.0"," ","S","26","     0.0"," ","S","26","     0.0"," ","S","26","     0.0"," ","S","26","     0.0"," ","S","26","     0.0"," ","S","26","     0.0"," ","S","26","     0.7"," ","S","26","     0.1"," ","S","26","     0.0"," ","S","26","     0.0"," ","S","26","     0.0"," ","S","26","     0.0"," ","S","26","     0.0"," ","S","26","     0.0"," ","S","26","     1.3"," ","S","26","     0.9"," ","S","26","    18.4"," ","S","30","    12.5"," ","S","30","     6.3"," ","S","30","     2.7"," ","S","30","     0.7"," ","S","30","     0.0"," ","S","30","     0.0"," ","S","30","     0.0"," ","S","30","    0.06"," ","S","30","    0.16"," ","S","30","    0.32"," ","S","30","    0.89"," ","S","27","   14.45"," ","S","27","     7.6"," ","S","28","     6.2"," ","S","28","     4.0"," ","S","28","     2.3"," ","S","28","     1.5"," ","S","28","     1.1"," ","S","28","     0.0"," ","S","28","     0.0"," ","S","28"," -9999.0","Y"," "," 0"," -9999.0","Y"," "," 0"," -9999.0","Y"," "," 0","     3.1"," ","S","26","    19.9"," ","S","26","    11.9"," ","S","28","     7.8"," ","S","28","     5.0"," ","S","28","     4.2"," ","S","28","     3.4"," ","S","28","     0.0"," ","S","28","     0.0"," ","S","28","     1.0"," ","S","28","     2.0"," ","S","28","     5.0"," ","S","28"
"USC00424508","12-22"," 37.0286","-112.5361","1493.5","KANAB, UT US","12","22","99","    35.5"," ","S","26","    47.1"," ","S","29","    23.9"," ","S","26","    23.3"," ","S","26","     6.3"," ","S","26","     7.8"," ","S","29","     7.6"," ","S","26","     8.7"," ","S","26","    29.5"," ","S","26","     5.2"," ","S","26","     9.6"," ","S","26","    14.5"," ","S","26","    19.5"," ","S","26","    21.5"," ","S","26","    24.5"," ","S","26","     0.0"," ","S","26","     0.7"," ","S","26","     0.1"," ","S","26","     0.0"," ","S","26","     0.0"," ","S","26","     0.0"," ","S","26","     0.0"," ","S","26","     0.0"," ","S","26","     0.0"," ","S","26","     0.0"," ","S","26","     0.7"," ","S","26","     0.1"," ","S","26","     0.0"," ","S","26","     0.0"," ","S","26","     0.0"," ","S","26","     0.0"," ","S","26","     0.0"," ","S","26","     0.0"," ","S","26","     1.3"," ","S","26","     0.9"," ","S","26","    18.5"," ","S","30","    12.6"," ","S","30","     6.4"," ","S","30","     2.7"," ","S","30","     0.7"," ","S","30","     0.0"," ","S","30","     0.0"," ","S","30","     0.0"," ","S","30","    0.06"," ","S","30","    0.16"," ","S","30","    0.32"," ","S","30","    0.93"," ","S","27","   14.49"," ","S","27","     7.7"," ","S","28","     6.2"," ","S","28","     4.1"," ","S","28","     2.4"," ","S","28","     1.5"," ","S","28","     1.2"," ","S","28","     0.0"," ","S","28","     0.0"," ","S","28"," -9999.0","Y"," "," 0"," -9999.0","Y"," "," 0"," -9999.0","Y"," "," 0","     3.4"," ","S","26","    20.2"," ","S","26","    12.2"," ","S","28","     8.1"," ","S","28","     5.1"," ","S","28","     4.4"," ","S","28","     3.5"," ","S","28","     0.0"," ","S","28","     0.0"," ","S","28","     1.0"," ","S","28","     2.0"," ","S","28","     5.0"," ","S","28"
"USC00424508","12-23"," 37.0286","-112.5361","1493.5","KANAB, UT US","12","23","99","    35.5"," ","S","26","    47.1"," ","S","29","    23.9"," ","S","26","    23.2"," ","S","26","     6.3"," ","S","26","     7.8"," ","S","29","     7.6"," ","S","26","     8.7"," ","S","26","    29.5"," ","S","26","     5.2"," ","S","26","     9.6"," ","S","26","    14.5"," ","S","26","    19.5"," ","S","26","    21.5"," ","S","26","    24.5"," ","S","26","     0.0"," ","S","26","     0.7"," ","S","26","     0.1"," ","S","26","     0.0"," ","S","26","     0.0"," ","S","26","     0.0"," ","S","26","     0.0"," ","S","26","     0.0"," ","S","26","     0.0"," ","S","26","     0.0"," ","S","26","     0.7"," ","S","26","     0.1"," ","S","26","     0.0"," ","S","26","     0.0"," ","S","26","     0.0"," ","S","26","     0.0"," ","S","26","     0.0"," ","S","26","     0.0"," ","S","26","     1.3"," ","S","26","     0.9"," ","S","26","    18.7"," ","S","30","    12.7"," ","S","30","     6.5"," ","S","30","     2.7"," ","S","30","     0.7"," ","S","30","     0.0"," ","S","30","     0.0"," ","S","30","     0.0"," ","S","30","    0.06"," ","S","30","    0.16"," ","S","30","    0.33"," ","S","30","    0.98"," ","S","27","   14.54"," ","S","27","     7.7"," ","S","28","     6.3"," ","S","28","     4.1"," ","S","28","     2.4"," ","S","28","     1.6"," ","S","28","     1.2"," ","S","28","     0.0"," ","S","28","     0.0"," ","S","28"," -9999.0","Y"," "," 0"," -9999.0","Y"," "," 0"," -9999.0","Y"," "," 0","     3.6"," ","S","26","    20.4"," ","S","26","    12.5"," ","S","28","     8.3"," ","S","28","     5.3"," ","S","28","     4.6"," ","S","28","     3.6"," ","S","28","     0.0"," ","S","28","     0.0"," ","S","28","     1.0"," ","S","28","     2.0"," ","S","28","     5.0"," ","S","28"
"USC00424508","12-24"," 37.0286","-112.5361","1493.5","KANAB, UT US","12","24","99","    35.5"," ","S","26","    47.1"," ","S","29","    23.8"," ","S","26","    23.2"," ","S","26","     6.3"," ","S","26","     7.8"," ","S","29","     7.6"," ","S","26","     8.8"," ","S","26","    29.5"," ","S","26","     5.3"," ","S","26","     9.6"," ","S","26","    14.5"," ","S","26","    19.5"," ","S","26","    21.5"," ","S","26","    24.5"," ","S","26","     0.0"," ","S","26","     0.7"," ","S","26","     0.1"," ","S","26","     0.0"," ","S","26","     0.0"," ","S","26","     0.0"," ","S","26","     0.0"," ","S","26","     0.0"," ","S","26","     0.0"," ","S","26","     0.0"," ","S","26","     0.7"," ","S","26","     0.1"," ","S","26","     0.0"," ","S","26","     0.0"," ","S","26","     0.0"," ","S","26","     0.0"," ","S","26","     0.0"," ","S","26","     0.0"," ","S","26","     1.3"," ","S","26","     1.0"," ","S","26","    18.7"," ","S","30","    12.8"," ","S","30","     6.5"," ","S","30","     2.8"," ","S","30","     0.7"," ","S","30","     0.0"," ","S","30","     0.0"," ","S","30","     0.0"," ","S","30","    0.06"," ","S","30","    0.16"," ","S","30","    0.33"," ","S","30","    1.02"," ","S","27","   14.58"," ","S","27","     7.7"," ","S","27","     6.3"," ","S","27","     4.1"," ","S","27","     2.4"," ","S","27","     1.6"," ","S","27","     1.2"," ","S","27","     0.0"," ","S","27","     0.0"," ","S","27"," -9999.0","Y"," "," 0"," -9999.0","Y"," "," 0"," -9999.0","Y"," "," 0","     3.8"," ","S","26","    20.6"," ","S","26","    12.7"," ","S","28","     8.5"," ","S","28","     5.5"," ","S","28","     4.7"," ","S","28","     3.7"," ","S","28","     0.0"," ","S","28","     0.0"," ","S","28","     1.0"," ","S","28","     2.0"," ","S","28","     5.0"," ","S","28"
"USC00424508","12-25"," 37.0286","-112.5361","1493.5","KANAB, UT US","12","25","99","    35.5"," ","S","26","    47.1"," ","S","29","    23.8"," ","S","26","    23.2"," ","S","26","     6.3"," ","S","26","     7.8"," ","S","29","     7.6"," ","S","26","     8.8"," ","S","26","    29.5"," ","S","26","     5.3"," ","S","26","     9.6"," ","S","26","    14.5"," ","S","26","    19.5"," ","S","26","    21.5"," ","S","26","    24.5"," ","S","26","     0.0"," ","S","26","     0.7"," ","S","26","     0.1"," ","S","26","     0.0"," ","S","26","     0.0"," ","S","26","     0.0"," ","S","26","     0.0"," ","S","26","     0.0"," ","S","26","     0.0"," ","S","26","     0.0"," ","S","26","     0.7"," ","S","26","     0.1"," ","S","26","     0.0"," ","S","26","     0.0"," ","S","26","     0.0"," ","S","26","     0.0"," ","S","26","     0.0"," ","S","26","     0.0"," ","S","26","     1.4"," ","S","26","     1.0"," ","S","26","    18.8"," ","S","30","    12.8"," ","S","30","     6.6"," ","S","30","     2.8"," ","S","30","     0.7"," ","S","30","     0.0"," ","S","30","     0.0"," ","S","30","     0.0"," ","S","30","    0.06"," ","S","30","    0.16"," ","S","30","    0.33"," ","S","30","    1.07"," ","S","27","   14.63"," ","S","27","     7.7"," ","S","27","     6.3"," ","S","27","     4.1"," ","S","27","     2.5"," ","S","27","     1.6"," ","S","27","     1.2"," ","S","27","     0.0"," ","S","27","     0.0"," ","S","27"," -9999.0","Y"," "," 0"," -9999.0","Y"," "," 0"," -9999.0","Y"," "," 0","     4.0"," ","S","26","    20.8"," ","S","26","    13.0"," ","S","28","     8.8"," ","S","28","     5.7"," ","S","28","     4.8"," ","S","28","     3.8"," ","S","28","     0.0"," ","S","28","     0.0"," ","S","28","     1.0"," ","S","28","     2.0"," ","S","28","     5.0"," ","S","28"
"USC00424508","12-26"," 37.0286","-112.5361","1493.5","KANAB, UT US","12","26","99","    35.5"," ","S","26","    47.1"," ","S","29","    23.9"," ","S","26","    23.2"," ","S","26","     6.3"," ","S","26","     7.8"," ","S","29","     7.6"," ","S","26","     8.8"," ","S","26","    29.5"," ","S","26","     5.3"," ","S","26","     9.6"," ","S","26","    14.5"," ","S","26","    19.5"," ","S","26","    21.5"," ","S","26","    24.5"," ","S","26","     0.0"," ","S","26","     0.8"," ","S","26","     0.1"," ","S","26","     0.0"," ","S","26","     0.0"," ","S","26","     0.0"," ","S","26","     0.0"," ","S","26","     0.0"," ","S","26","     0.0"," ","S","26","     0.0"," ","S","26","     0.8"," ","S","26","     0.1"," ","S","26","     0.0"," ","S","26","     0.0"," ","S","26","     0.0"," ","S","26","     0.0"," ","S","26","     0.0"," ","S","26","     0.0"," ","S","26","     1.4"," ","S","26","     1.0"," ","S","26","    18.9"," ","S","30","    12.9"," ","S","30","     6.6"," ","S","30","     2.8"," ","S","30","     0.7"," ","S","30","     0.0"," ","S","30","     0.0"," ","S","30","     0.0"," ","S","30","    0.06"," ","S","30","    0.16"," ","S","30","    0.34"," ","S","30","    1.12"," ","S","27","   14.68"," ","S","27","     7.7"," ","S","27","     6.3"," ","S","27","     4.2"," ","S","27","     2.5"," ","S","27","     1.7"," ","S","27","     1.2"," ","S","27","     0.0"," ","S","27","     0.0"," ","S","27"," -9999.0","Y"," "," 0"," -9999.0","Y"," "," 0"," -9999.0","Y"," "," 0","     4.2"," ","S","26","    21.0"," ","S","26","    13.2"," ","S","28","     9.0"," ","S","28","     5.8"," ","S","28","     5.0"," ","S","28","     4.0"," ","S","28","     0.0"," ","S","28","     0.0"," ","S","28","     1.0"," ","S","28","     2.0"," ","S","28","     5.0"," ","S","28"
"USC00424508","12-27"," 37.0286","-112.5361","1493.5","KANAB, UT US","12","27","99","    35.5"," ","S","26","    47.1"," ","S","29","    23.9"," ","S","26","    23.2"," ","S","26","     6.3"," ","S","26","     7.8"," ","S","29","     7.5"," ","S","26","     8.8"," ","S","26","    29.5"," ","S","26","     5.3"," ","S","26","     9.6"," ","S","26","    14.5"," ","S","26","    19.5"," ","S","26","    21.5"," ","S","26","    24.5"," ","S","26","     0.0"," ","S","26","     0.8"," ","S","26","     0.1"," ","S","26","     0.0"," ","S","26","     0.0"," ","S","26","     0.0"," ","S","26","     0.0"," ","S","26","     0.0"," ","S","26","     0.0"," ","S","26","     0.0"," ","S","26","     0.8"," ","S","26","     0.1"," ","S","26","     0.0"," ","S","26","     0.0"," ","S","26","     0.0"," ","S","26","     0.0"," ","S","26","     0.0"," ","S","26","     0.0"," ","S","26","     1.4"," ","S","26","     1.0"," ","S","26","    18.9"," ","S","30","    12.9"," ","S","30","     6.7"," ","S","30","     2.8"," ","S","30","     0.7"," ","S","30","     0.0"," ","S","30","     0.0"," ","S","30","     0.0"," ","S","30","    0.06"," ","S","30","    0.16"," ","S","30","    0.34"," ","S","30","    1.17"," ","S","27","   14.73"," ","S","27","     7.7"," ","S","27","     6.4"," ","S","27","     4.2"," ","S","27","     2.5"," ","S","27","     1.7"," ","S","27","     1.3"," ","S","27","     0.0"," ","S","27","     0.0"," ","S","27"," -9999.0","Y"," "," 0"," -9999.0","Y"," "," 0"," -9999.0","Y"," "," 0","     4.4"," ","S","26","    21.2"," ","S","26","    13.4"," ","S","27","     9.2"," ","S","27","     6.0"," ","S","27","     5.1"," ","S","27","     4.1"," ","S","27","     0.0"," ","S","27","     0.0"," ","S","27","     1.0"," ","S","27","     2.0"," ","S","27","     5.0"," ","S","27"
"USC00424508","12-28"," 37.0286","-112.5361","1493.5","KANAB, UT US","12","28","99","    35.5"," ","S","26","    47.1"," ","S","29","    23.9"," ","S","26","    23.2"," ","S","26","     6.3"," ","S","26","     7.8"," ","S","29","     7.5"," ","S","26","     8.8"," ","S","26","    29.5"," ","S","26","     5.3"," ","S","26","     9.6"," ","S","26","    14.5"," ","S","26","    19.5"," ","S","26","    21.5"," ","S","26","    24.5"," ","S","26","     0.0"," ","S","26","     0.8"," ","S","26","     0.1"," ","S","26","     0.0"," ","S","26","     0.0"," ","S","26","     0.0"," ","S","26","     0.0"," ","S","26","     0.0"," ","S","26","     0.0"," ","S","26","     0.0"," ","S","26","     0.8"," ","S","26","     0.1"," ","S","26","     0.0"," ","S","26","     0.0"," ","S","26","     0.0"," ","S","26","     0.0"," ","S","26","     0.0"," ","S","26","     0.0"," ","S","26","     1.5"," ","S","26","     1.1"," ","S","26","    19.0"," ","S","30","    12.9"," ","S","30","     6.7"," ","S","30","     2.9"," ","S","30","     0.7"," ","S","30","     0.0"," ","S","30","     0.0"," ","S","30","     0.0"," ","S","30","    0.06"," ","S","30","    0.16"," ","S","30","    0.34"," ","S","30","    1.22"," ","S","27","   14.78"," ","S","27","     7.7"," ","S","27","     6.4"," ","S","27","     4.2"," ","S","27","     2.5"," ","S","27","     1.7"," ","S","27","     1.3"," ","S","27","     0.0"," ","S","27","     0.0"," ","S","27"," -9999.0","Y"," "," 0"," -9999.0","Y"," "," 0"," -9999.0","Y"," "," 0","     4.7"," ","S","26","    21.5"," ","S","26","    13.7"," ","S","27","     9.5"," ","S","27","     6.2"," ","S","27","     5.2"," ","S","27","     4.2"," ","S","27","     0.0"," ","S","27","     0.0"," ","S","27","     1.0"," ","S","27","     2.0"," ","S","27","     5.0"," ","S","27"
"USC00424508","12-29"," 37.0286","-112.5361","1493.5","KANAB, UT US","12","29","99","    35.6"," ","S","26","    47.2"," ","S","29","    23.9"," ","S","26","    23.2"," ","S","26","     6.3"," ","S","26","     7.8"," ","S","29","     7.5"," ","S","26","     8.9"," ","S","26","    29.4"," ","S","26","     5.3"," ","S","26","     9.5"," ","S","26","    14.4"," ","S","26","    19.4"," ","S","26","    21.4"," ","S","26","    24.4"," ","S","26","     0.0"," ","S","26","     0.8"," ","S","26","     0.1"," ","S","26","     0.0"," ","S","26","     0.0"," ","S","26","     0.0"," ","S","26","     0.0"," ","S","26","     0.0"," ","S","26","     0.0"," ","S","26","     0.0"," ","S","26","     0.8"," ","S","26","     0.1"," ","S","26","     0.0"," ","S","26","     0.0"," ","S","26","     0.0"," ","S","26","     0.0"," ","S","26","     0.0"," ","S","26","     0.0"," ","S","26","     1.5"," ","S","26","     1.1"," ","S","26","    19.1"," ","S","30","    13.0"," ","S","30","     6.8"," ","S","30","     2.9"," ","S","30","     0.7"," ","S","30","     0.0"," ","S","30","     0.0"," ","S","30","     0.0"," ","S","30","    0.06"," ","S","30","    0.17"," ","S","30","    0.35"," ","S","30","    1.27"," ","S","27","   14.83"," ","S","27","     7.7"," ","S","27","     6.4"," ","S","27","     4.2"," ","S","27","     2.6"," ","S","27","     1.7"," ","S","27","     1.3"," ","S","27","     0.0"," ","S","27","     0.0"," ","S","27"," -9999.0","Y"," "," 0"," -9999.0","Y"," "," 0"," -9999.0","Y"," "," 0","     4.9"," ","S","26","    21.7"," ","S","26","    13.9"," ","S","27","     9.7"," ","S","27","     6.3"," ","S","27","     5.4"," ","S","27","     4.2"," ","S","27","     0.0"," ","S","27","     0.0"," ","S","27","     1.0"," ","S","27","     2.0"," ","S","27","     5.0"," ","S","27"
"USC00424508","12-30"," 37.0286","-112.5361","1493.5","KANAB, UT US","12","30","99","    35.6"," ","S","26","    47.2"," ","S","29","    24.0"," ","S","26","    23.3"," ","S","26","     6.3"," ","S","26","     7.8"," ","S","29","     7.5"," ","S","26","     8.9"," ","S","26","    29.4"," ","S","26","     5.2"," ","S","26","     9.5"," ","S","26","    14.4"," ","S","26","    19.4"," ","S","26","    21.4"," ","S","26","    24.4"," ","S","26","     0.0"," ","S","26","     0.8"," ","S","26","     0.1"," ","S","26","     0.0"," ","S","26","     0.0"," ","S","26","     0.0"," ","S","26","     0.0"," ","S","26","     0.0"," ","S","26","     0.0"," ","S","26","     0.0"," ","S","26","     0.8"," ","S","26","     0.1"," ","S","26","     0.0"," ","S","26","     0.0"," ","S","26","     0.0"," ","S","26","     0.0"," ","S","26","     0.0"," ","S","26","     0.0"," ","S","26","     1.5"," ","S","26","     1.1"," ","S","26","    19.2"," ","S","30","    13.1"," ","S","30","     6.9"," ","S","30","     2.9"," ","S","30","     0.7"," ","S","30","     0.0"," ","S","30","     0.0"," ","S","30","     0.0"," ","S","30","    0.06"," ","S","30","    0.17"," ","S","30","    0.35"," ","S","30","    1.32"," ","S","27","   14.88"," ","S","27","     7.6"," ","S","27","     6.4"," ","S","27","     4.2"," ","S","27","     2.6"," ","S","27","     1.7"," ","S","27","     1.3"," ","S","27","     0.0"," ","S","27","     0.0"," ","S","27"," -9999.0","Y"," "," 0"," -9999.0","Y"," "," 0"," -9999.0","Y"," "," 0","     5.1"," ","S","26","    21.9"," ","S","26","    14.2"," ","S","27","     9.9"," ","S","27","     6.5"," ","S","27","     5.5"," ","S","27","     4.3"," ","S","27","     0.0"," ","S","27","     0.0"," ","S","27","     1.0"," ","S","27","     2.0"," ","S","27","     5.0"," ","S","27"
"USC00424508","12-31"," 37.0286","-112.5361","1493.5","KANAB, UT US","12","31","99","    35.7"," ","S","26","    47.3"," ","S","29","    24.0"," ","S","26","    23.3"," ","S","26","     6.3"," ","S","26","     7.8"," ","S","29","     7.5"," ","S","26","     8.9"," ","S","26","    29.3"," ","S","26","     5.2"," ","S","26","     9.4"," ","S","26","    14.3"," ","S","26","    19.3"," ","S","26","    21.3"," ","S","26","    24.3"," ","S","26","     0.0"," ","S","26","     0.8"," ","S","26","     0.1"," ","S","26","     0.0"," ","S","26","     0.0"," ","S","26","     0.0"," ","S","26","     0.0"," ","S","26","     0.0"," ","S","26","     0.0"," ","S","26","     0.0"," ","S","26","     0.8"," ","S","26","     0.1"," ","S","26","     0.0"," ","S","26","     0.0"," ","S","26","     0.0"," ","S","26","     0.0"," ","S","26","     0.0"," ","S","26","     0.0"," ","S","26","     1.6"," ","S","26","     1.2"," ","S","26","    19.2"," ","S","30","    13.1"," ","S","30","     6.9"," ","S","30","     3.0"," ","S","30","     0.7"," ","S","30","     0.0"," ","S","30","     0.0"," ","S","30","     0.0"," ","S","30","    0.06"," ","S","30","    0.17"," ","S","30","    0.35"," ","S","30","    1.37"," ","S","27","   14.93"," ","S","27","     7.6"," ","S","27","     6.4"," ","S","27","     4.2"," ","S","27","     2.6"," ","S","27","     1.7"," ","S","27","     1.3"," ","S","27","     0.0"," ","S","27","     0.0"," ","S","27"," -9999.0","Y"," "," 0"," -9999.0","Y"," "," 0"," -9999.0","Y"," "," 0","     5.3"," ","S","26","    22.1"," ","S","26","    14.4"," ","S","27","    10.1"," ","S","27","     6.6"," ","S","27","     5.6"," ","S","27","     4.4"," ","S","27","     0.0"," ","S","27","     0.0"," ","S","27","     1.0"," ","S","27","     2.0"," ","S","27","     5.0"," ","S","27"
