"STATION","DATE","LATITUDE","LONGITUDE","ELEVATION","NAME","month","day","hour","DLY-TAVG-NORMAL","meas_flag_DLY-TAVG-NORMAL","comp_flag_DLY-TAVG-NORMAL","years_DLY-TAVG-NORMAL","DLY-TMAX-NORMAL","meas_flag_DLY-TMAX-NORMAL","comp_flag_DLY-TMAX-NORMAL","years_DLY-TMAX-NORMAL","DLY-TMIN-NORMAL","meas_flag_DLY-TMIN-NORMAL","comp_flag_DLY-TMIN-NORMAL","years_DLY-TMIN-NORMAL","DLY-DUTR-NORMAL","meas_flag_DLY-DUTR-NORMAL","comp_flag_DLY-DUTR-NORMAL","years_DLY-DUTR-NORMAL","DLY-TAVG-STDDEV","meas_flag_DLY-TAVG-STDDEV","comp_flag_DLY-TAVG-STDDEV","years_DLY-TAVG-STDDEV","DLY-TMAX-STDDEV","meas_flag_DLY-TMAX-STDDEV","comp_flag_DLY-TMAX-STDDEV","years_DLY-TMAX-STDDEV","DLY-TMIN-STDDEV","meas_flag_DLY-TMIN-STDDEV","comp_flag_DLY-TMIN-STDDEV","years_DLY-TMIN-STDDEV","DLY-DUTR-STDDEV","meas_flag_DLY-DUTR-STDDEV","comp_flag_DLY-DUTR-STDDEV","years_DLY-DUTR-STDDEV","DLY-HTDD-NORMAL","meas_flag_DLY-HTDD-NORMAL","comp_flag_DLY-HTDD-NORMAL","years_DLY-HTDD-NORMAL","DLY-HTDD-BASE40","meas_flag_DLY-HTDD-BASE40","comp_flag_DLY-HTDD-BASE40","years_DLY-HTDD-BASE40","DLY-HTDD-BASE45","meas_flag_DLY-HTDD-BASE45","comp_flag_DLY-HTDD-BASE45","years_DLY-HTDD-BASE45","DLY-HTDD-BASE50","meas_flag_DLY-HTDD-BASE50","comp_flag_DLY-HTDD-BASE50","years_DLY-HTDD-BASE50","DLY-HTDD-BASE55","meas_flag_DLY-HTDD-BASE55","comp_flag_DLY-HTDD-BASE55","years_DLY-HTDD-BASE55","DLY-HTDD-BASE57","meas_flag_DLY-HTDD-BASE57","comp_flag_DLY-HTDD-BASE57","years_DLY-HTDD-BASE57","DLY-HTDD-BASE60","meas_flag_DLY-HTDD-BASE60","comp_flag_DLY-HTDD-BASE60","years_DLY-HTDD-BASE60","DLY-CLDD-NORMAL","meas_flag_DLY-CLDD-NORMAL","comp_flag_DLY-CLDD-NORMAL","years_DLY-CLDD-NORMAL","DLY-CLDD-BASE40","meas_flag_DLY-CLDD-BASE40","comp_flag_DLY-CLDD-BASE40","years_DLY-CLDD-BASE40","DLY-CLDD-BASE45","meas_flag_DLY-CLDD-BASE45","comp_flag_DLY-CLDD-BASE45","years_DLY-CLDD-BASE45","DLY-CLDD-BASE50","meas_flag_DLY-CLDD-BASE50","comp_flag_DLY-CLDD-BASE50","years_DLY-CLDD-BASE50","DLY-CLDD-BASE55","meas_flag_DLY-CLDD-BASE55","comp_flag_DLY-CLDD-BASE55","years_DLY-CLDD-BASE55","DLY-CLDD-BASE57","meas_flag_DLY-CLDD-BASE57","comp_flag_DLY-CLDD-BASE57","years_DLY-CLDD-BASE57","DLY-CLDD-BASE60","meas_flag_DLY-CLDD-BASE60","comp_flag_DLY-CLDD-BASE60","years_DLY-CLDD-BASE60","DLY-CLDD-BASE70","meas_flag_DLY-CLDD-BASE70","comp_flag_DLY-CLDD-BASE70","years_DLY-CLDD-BASE70","DLY-CLDD-BASE72","meas_flag_DLY-CLDD-BASE72","comp_flag_DLY-CLDD-BASE72","years_DLY-CLDD-BASE72","DLY-GRDD-BASE65","meas_flag_DLY-GRDD-BASE65","comp_flag_DLY-GRDD-BASE65","years_DLY-GRDD-BASE65","DLY-GRDD-BASE40","meas_flag_DLY-GRDD-BASE40","comp_flag_DLY-GRDD-BASE40","years_DLY-GRDD-BASE40","DLY-GRDD-BASE45","meas_flag_DLY-GRDD-BASE45","comp_flag_DLY-GRDD-BASE45","years_DLY-GRDD-BASE45","DLY-GRDD-BASE50","meas_flag_DLY-GRDD-BASE50","comp_flag_DLY-GRDD-BASE50","years_DLY-GRDD-BASE50","DLY-GRDD-BASE55","meas_flag_DLY-GRDD-BASE55","comp_flag_DLY-GRDD-BASE55","years_DLY-GRDD-BASE55","DLY-GRDD-BASE57","meas_flag_DLY-GRDD-BASE57","comp_flag_DLY-GRDD-BASE57","years_DLY-GRDD-BASE57","DLY-GRDD-BASE60","meas_flag_DLY-GRDD-BASE60","comp_flag_DLY-GRDD-BASE60","years_DLY-GRDD-BASE60","DLY-GRDD-BASE70","meas_flag_DLY-GRDD-BASE70","comp_flag_DLY-GRDD-BASE70","years_DLY-GRDD-BASE70","DLY-GRDD-BASE72","meas_flag_DLY-GRDD-BASE72","comp_flag_DLY-GRDD-BASE72","years_DLY-GRDD-BASE72","DLY-GRDD-TB4886","meas_flag_DLY-GRDD-TB4886","comp_flag_DLY-GRDD-TB4886","years_DLY-GRDD-TB4886","DLY-GRDD-TB5086","meas_flag_DLY-GRDD-TB5086","comp_flag_DLY-GRDD-TB5086","years_DLY-GRDD-TB5086","DLY-PRCP-PCTALL-GE001HI","meas_flag_DLY-PRCP-PCTALL-GE001HI","comp_flag_DLY-PRCP-PCTALL-GE001HI","years_DLY-PRCP-PCTALL-GE001HI","DLY-PRCP-PCTALL-GE010HI","meas_flag_DLY-PRCP-PCTALL-GE010HI","comp_flag_DLY-PRCP-PCTALL-GE010HI","years_DLY-PRCP-PCTALL-GE010HI","DLY-PRCP-PCTALL-GE025HI","meas_flag_DLY-PRCP-PCTALL-GE025HI","comp_flag_DLY-PRCP-PCTALL-GE025HI","years_DLY-PRCP-PCTALL-GE025HI","DLY-PRCP-PCTALL-GE050HI","meas_flag_DLY-PRCP-PCTALL-GE050HI","comp_flag_DLY-PRCP-PCTALL-GE050HI","years_DLY-PRCP-PCTALL-GE050HI","DLY-PRCP-PCTALL-GE100HI","meas_flag_DLY-PRCP-PCTALL-GE100HI","comp_flag_DLY-PRCP-PCTALL-GE100HI","years_DLY-PRCP-PCTALL-GE100HI","DLY-PRCP-PCTALL-GE200HI","meas_flag_DLY-PRCP-PCTALL-GE200HI","comp_flag_DLY-PRCP-PCTALL-GE200HI","years_DLY-PRCP-PCTALL-GE200HI","DLY-PRCP-PCTALL-GE400HI","meas_flag_DLY-PRCP-PCTALL-GE400HI","comp_flag_DLY-PRCP-PCTALL-GE400HI","years_DLY-PRCP-PCTALL-GE400HI","DLY-PRCP-PCTALL-GE600HI","meas_flag_DLY-PRCP-PCTALL-GE600HI","comp_flag_DLY-PRCP-PCTALL-GE600HI","years_DLY-PRCP-PCTALL-GE600HI","DLY-PRCP-25PCTL","meas_flag_DLY-PRCP-25PCTL","comp_flag_DLY-PRCP-25PCTL","years_DLY-PRCP-25PCTL","DLY-PRCP-50PCTL","meas_flag_DLY-PRCP-50PCTL","comp_flag_DLY-PRCP-50PCTL","years_DLY-PRCP-50PCTL","DLY-PRCP-75PCTL","meas_flag_DLY-PRCP-75PCTL","comp_flag_DLY-PRCP-75PCTL","years_DLY-PRCP-75PCTL","MTD-PRCP-NORMAL","meas_flag_MTD-PRCP-NORMAL","comp_flag_MTD-PRCP-NORMAL","years_MTD-PRCP-NORMAL","YTD-PRCP-NORMAL","meas_flag_YTD-PRCP-NORMAL","comp_flag_YTD-PRCP-NORMAL","years_YTD-PRCP-NORMAL","DLY-SNOW-PCTALL-GE001TI","meas_flag_DLY-SNOW-PCTALL-GE001TI","comp_flag_DLY-SNOW-PCTALL-GE001TI","years_DLY-SNOW-PCTALL-GE001TI","DLY-SNOW-PCTALL-GE010TI","meas_flag_DLY-SNOW-PCTALL-GE010TI","comp_flag_DLY-SNOW-PCTALL-GE010TI","years_DLY-SNOW-PCTALL-GE010TI","DLY-SNOW-PCTALL-GE020TI","meas_flag_DLY-SNOW-PCTALL-GE020TI","comp_flag_DLY-SNOW-PCTALL-GE020TI","years_DLY-SNOW-PCTALL-GE020TI","DLY-SNOW-PCTALL-GE030TI","meas_flag_DLY-SNOW-PCTALL-GE030TI","comp_flag_DLY-SNOW-PCTALL-GE030TI","years_DLY-SNOW-PCTALL-GE030TI","DLY-SNOW-PCTALL-GE040TI","meas_flag_DLY-SNOW-PCTALL-GE040TI","comp_flag_DLY-SNOW-PCTALL-GE040TI","years_DLY-SNOW-PCTALL-GE040TI","DLY-SNOW-PCTALL-GE050TI","meas_flag_DLY-SNOW-PCTALL-GE050TI","comp_flag_DLY-SNOW-PCTALL-GE050TI","years_DLY-SNOW-PCTALL-GE050TI","DLY-SNOW-PCTALL-GE100TI","meas_flag_DLY-SNOW-PCTALL-GE100TI","comp_flag_DLY-SNOW-PCTALL-GE100TI","years_DLY-SNOW-PCTALL-GE100TI","DLY-SNOW-PCTALL-GE200TI","meas_flag_DLY-SNOW-PCTALL-GE200TI","comp_flag_DLY-SNOW-PCTALL-GE200TI","years_DLY-SNOW-PCTALL-GE200TI","DLY-SNOW-25PCTL","meas_flag_DLY-SNOW-25PCTL","comp_flag_DLY-SNOW-25PCTL","years_DLY-SNOW-25PCTL","DLY-SNOW-50PCTL","meas_flag_DLY-SNOW-50PCTL","comp_flag_DLY-SNOW-50PCTL","years_DLY-SNOW-50PCTL","DLY-SNOW-75PCTL","meas_flag_DLY-SNOW-75PCTL","comp_flag_DLY-SNOW-75PCTL","years_DLY-SNOW-75PCTL","MTD-SNOW-NORMAL","meas_flag_MTD-SNOW-NORMAL","comp_flag_MTD-SNOW-NORMAL","years_MTD-SNOW-NORMAL","YTD-SNOW-NORMAL","meas_flag_YTD-SNOW-NORMAL","comp_flag_YTD-SNOW-NORMAL","years_YTD-SNOW-NORMAL"
"USC00426601","01-01"," 37.8156","-112.4389","2026.0","PANGUITCH, UT US","01","01","99","    22.2"," ","R","20","    37.5"," ","R","20","     7.0"," ","R","23","    30.4"," ","R","20","     8.5"," ","R","20","     8.4"," ","R","20","    11.0"," ","R","23","     9.6"," ","R","20","    42.8"," ","R","20","    17.8"," ","R","20","    22.8"," ","R","20","    27.8"," ","R","20","    32.8"," ","R","20","    34.8"," ","R","20","    37.8"," ","R","20","     0.0"," ","R","20","     0.0","X","R","20","     0.0"," ","R","20","     0.0"," ","R","20","     0.0"," ","R","20","     0.0"," ","R","20","     0.0"," ","R","20","     0.0"," ","R","20","     0.0"," ","R","20","     0.0"," ","R","20","     0.0","X","R","20","     0.0"," ","R","20","     0.0"," ","R","20","     0.0"," ","R","20","     0.0"," ","R","20","     0.0"," ","R","20","     0.0"," ","R","20","     0.0"," ","R","20","     0.2"," ","R","20","     0.1"," ","R","20","    15.5"," ","P","21","     6.1"," ","P","21","     1.8"," ","P","21","     0.3"," ","P","21","     0.0"," ","P","21","     0.0"," ","P","21","     0.0"," ","P","21","     0.0"," ","P","21","    0.02"," ","P","21","    0.06"," ","P","21","    0.14"," ","P","21","    0.01"," ","R","18","    0.01"," ","R","18","    11.1"," ","P","20","     7.3"," ","P","20","     3.5"," ","P","20","     1.9"," ","P","20","     0.8"," ","P","20","     0.3"," ","P","20","     0.0"," ","P","20","     0.0"," ","P","20","     0.5"," ","P","20","     1.0"," ","P","20","     2.0"," ","P","20","     0.2"," ","P","14","     0.2"," ","P","14"
"USC00426601","01-02"," 37.8156","-112.4389","2026.0","PANGUITCH, UT US","01","02","99","    22.3"," ","R","20","    37.5"," ","R","20","     7.1"," ","R","23","    30.4"," ","R","20","     8.5"," ","R","20","     8.4"," ","R","20","    11.0"," ","R","23","     9.6"," ","R","20","    42.7"," ","R","20","    17.7"," ","R","20","    22.7"," ","R","20","    27.7"," ","R","20","    32.7"," ","R","20","    34.7"," ","R","20","    37.7"," ","R","20","     0.0"," ","R","20","     0.0","X","R","20","     0.0"," ","R","20","     0.0"," ","R","20","     0.0"," ","R","20","     0.0"," ","R","20","     0.0"," ","R","20","     0.0"," ","R","20","     0.0"," ","R","20","     0.0"," ","R","20","     0.0","X","R","20","     0.0"," ","R","20","     0.0"," ","R","20","     0.0"," ","R","20","     0.0"," ","R","20","     0.0"," ","R","20","     0.0"," ","R","20","     0.0"," ","R","20","     0.2"," ","R","20","     0.1"," ","R","20","    15.6"," ","P","21","     6.2"," ","P","21","     1.9"," ","P","21","     0.3"," ","P","21","     0.0"," ","P","21","     0.0"," ","P","21","     0.0"," ","P","21","     0.0"," ","P","21","    0.02"," ","P","21","    0.06"," ","P","21","    0.14"," ","P","21","    0.03"," ","R","18","    0.03"," ","R","18","    11.2"," ","P","20","     7.4"," ","P","20","     3.6"," ","P","20","     1.9"," ","P","20","     0.8"," ","P","20","     0.3"," ","P","20","     0.0"," ","P","20","     0.0"," ","P","20","     0.5"," ","P","20","     1.0"," ","P","20","     2.0"," ","P","20","     0.5"," ","P","14","     0.5"," ","P","14"
"USC00426601","01-03"," 37.8156","-112.4389","2026.0","PANGUITCH, UT US","01","03","99","    22.4"," ","R","20","    37.6"," ","R","20","     7.2"," ","R","23","    30.4"," ","R","20","     8.5"," ","R","20","     8.4"," ","R","20","    11.0"," ","R","23","     9.7"," ","R","20","    42.6"," ","R","20","    17.6"," ","R","20","    22.6"," ","R","20","    27.6"," ","R","20","    32.6"," ","R","20","    34.6"," ","R","20","    37.6"," ","R","20","     0.0"," ","R","20","     0.0","X","R","20","     0.0"," ","R","20","     0.0"," ","R","20","     0.0"," ","R","20","     0.0"," ","R","20","     0.0"," ","R","20","     0.0"," ","R","20","     0.0"," ","R","20","     0.0"," ","R","20","     0.0","X","R","20","     0.0"," ","R","20","     0.0"," ","R","20","     0.0"," ","R","20","     0.0"," ","R","20","     0.0"," ","R","20","     0.0"," ","R","20","     0.0"," ","R","20","     0.2"," ","R","20","     0.1"," ","R","20","    15.7"," ","P","21","     6.3"," ","P","21","     1.9"," ","P","21","     0.4"," ","P","21","     0.0"," ","P","21","     0.0"," ","P","21","     0.0"," ","P","21","     0.0"," ","P","21","    0.02"," ","P","21","    0.06"," ","P","21","    0.14"," ","P","21","    0.04"," ","R","18","    0.04"," ","R","18","    11.2"," ","P","20","     7.4"," ","P","20","     3.7"," ","P","20","     1.9"," ","P","20","     0.8"," ","P","20","     0.3"," ","P","20","     0.0"," ","P","20","     0.0"," ","P","20","     0.5"," ","P","20","     1.0"," ","P","20","     2.1"," ","P","20","     0.7"," ","P","14","     0.7"," ","P","14"
"USC00426601","01-04"," 37.8156","-112.4389","2026.0","PANGUITCH, UT US","01","04","99","    22.5"," ","R","20","    37.7"," ","R","20","     7.3"," ","R","23","    30.4"," ","R","20","     8.6"," ","R","20","     8.4"," ","R","20","    11.1"," ","R","23","     9.7"," ","R","20","    42.5"," ","R","20","    17.5"," ","R","20","    22.5"," ","R","20","    27.5"," ","R","20","    32.5"," ","R","20","    34.5"," ","R","20","    37.5"," ","R","20","     0.0"," ","R","20","     0.0","X","R","20","     0.0"," ","R","20","     0.0"," ","R","20","     0.0"," ","R","20","     0.0"," ","R","20","     0.0"," ","R","20","     0.0"," ","R","20","     0.0"," ","R","20","     0.0"," ","R","20","     0.0","X","R","20","     0.0"," ","R","20","     0.0"," ","R","20","     0.0"," ","R","20","     0.0"," ","R","20","     0.0"," ","R","20","     0.0"," ","R","20","     0.0"," ","R","20","     0.2"," ","R","20","     0.1"," ","R","20","    15.8"," ","P","21","     6.4"," ","P","21","     2.0"," ","P","21","     0.4"," ","P","21","     0.0"," ","P","21","     0.0"," ","P","21","     0.0"," ","P","21","     0.0"," ","P","21","    0.02"," ","P","21","    0.06"," ","P","21","    0.14"," ","P","21","    0.06"," ","R","18","    0.06"," ","R","18","    11.3"," ","P","20","     7.5"," ","P","20","     3.7"," ","P","20","     2.0"," ","P","20","     0.9"," ","P","20","     0.4"," ","P","20","     0.0"," ","P","20","     0.0"," ","P","20","     0.5"," ","P","20","     1.0"," ","P","20","     2.1"," ","P","20","     0.9"," ","P","14","     0.9"," ","P","14"
"USC00426601","01-05"," 37.8156","-112.4389","2026.0","PANGUITCH, UT US","01","05","99","    22.6"," ","R","20","    37.8"," ","R","20","     7.4"," ","R","23","    30.4"," ","R","20","     8.6"," ","R","20","     8.5"," ","R","20","    11.1"," ","R","23","     9.7"," ","R","20","    42.4"," ","R","20","    17.4"," ","R","20","    22.4"," ","R","20","    27.4"," ","R","20","    32.4"," ","R","20","    34.4"," ","R","20","    37.4"," ","R","20","     0.0"," ","R","20","     0.0","X","R","20","     0.0"," ","R","20","     0.0"," ","R","20","     0.0"," ","R","20","     0.0"," ","R","20","     0.0"," ","R","20","     0.0"," ","R","20","     0.0"," ","R","20","     0.0"," ","R","20","     0.0","X","R","20","     0.0"," ","R","20","     0.0"," ","R","20","     0.0"," ","R","20","     0.0"," ","R","20","     0.0"," ","R","20","     0.0"," ","R","20","     0.0"," ","R","20","     0.2"," ","R","20","     0.1"," ","R","20","    16.0"," ","P","21","     6.5"," ","P","21","     2.0"," ","P","21","     0.4"," ","P","21","     0.0"," ","P","21","     0.0"," ","P","21","     0.0"," ","P","21","     0.0"," ","P","21","    0.02"," ","P","21","    0.07"," ","P","21","    0.15"," ","P","21","    0.08"," ","R","18","    0.08"," ","R","18","    11.3"," ","P","20","     7.5"," ","P","20","     3.8"," ","P","20","     2.0"," ","P","20","     0.9"," ","P","20","     0.4"," ","P","20","     0.0"," ","P","20","     0.0"," ","P","20","     0.5"," ","P","20","     1.0"," ","P","20","     2.1"," ","P","20","     1.2"," ","P","14","     1.2"," ","P","14"
"USC00426601","01-06"," 37.8156","-112.4389","2026.0","PANGUITCH, UT US","01","06","99","    22.7"," ","R","20","    37.9"," ","R","20","     7.5"," ","R","23","    30.4"," ","R","20","     8.6"," ","R","20","     8.5"," ","R","20","    11.1"," ","R","23","     9.7"," ","R","20","    42.3"," ","R","20","    17.3"," ","R","20","    22.3"," ","R","20","    27.3"," ","R","20","    32.3"," ","R","20","    34.3"," ","R","20","    37.3"," ","R","20","     0.0"," ","R","20","     0.0","X","R","20","     0.0"," ","R","20","     0.0"," ","R","20","     0.0"," ","R","20","     0.0"," ","R","20","     0.0"," ","R","20","     0.0"," ","R","20","     0.0"," ","R","20","     0.0"," ","R","20","     0.0","X","R","20","     0.0"," ","R","20","     0.0"," ","R","20","     0.0"," ","R","20","     0.0"," ","R","20","     0.0"," ","R","20","     0.0"," ","R","20","     0.0"," ","R","20","     0.2"," ","R","20","     0.1"," ","R","20","    16.1"," ","P","21","     6.6"," ","P","21","     2.1"," ","P","21","     0.4"," ","P","21","     0.0"," ","P","21","     0.0"," ","P","21","     0.0"," ","P","21","     0.0"," ","P","21","    0.02"," ","P","21","    0.07"," ","P","21","    0.15"," ","P","21","    0.09"," ","R","18","    0.09"," ","R","18","    11.3"," ","P","21","     7.5"," ","P","21","     3.8"," ","P","21","     2.1"," ","P","21","     0.9"," ","P","21","     0.4"," ","P","21","     0.0"," ","P","21","     0.0"," ","P","21","     0.5"," ","P","21","     1.0"," ","P","21","     2.1"," ","P","21","     1.4"," ","P","14","     1.4"," ","P","14"
"USC00426601","01-07"," 37.8156","-112.4389","2026.0","PANGUITCH, UT US","01","07","99","    22.8"," ","R","20","    38.0"," ","R","20","     7.6"," ","R","23","    30.4"," ","R","20","     8.6"," ","R","20","     8.5"," ","R","20","    11.1"," ","R","23","     9.7"," ","R","20","    42.2"," ","R","20","    17.2"," ","R","20","    22.2"," ","R","20","    27.2"," ","R","20","    32.2"," ","R","20","    34.2"," ","R","20","    37.2"," ","R","20","     0.0"," ","R","20","     0.0","X","R","20","     0.0"," ","R","20","     0.0"," ","R","20","     0.0"," ","R","20","     0.0"," ","R","20","     0.0"," ","R","20","     0.0"," ","R","20","     0.0"," ","R","20","     0.0"," ","R","20","     0.0","X","R","20","     0.0"," ","R","20","     0.0"," ","R","20","     0.0"," ","R","20","     0.0"," ","R","20","     0.0"," ","R","20","     0.0"," ","R","20","     0.0"," ","R","20","     0.2"," ","R","20","     0.1"," ","R","20","    16.2"," ","P","23","     6.6"," ","P","23","     2.1"," ","P","23","     0.4"," ","P","23","     0.0"," ","P","23","     0.0"," ","P","23","     0.0"," ","P","23","     0.0"," ","P","23","    0.02"," ","P","23","    0.07"," ","P","23","    0.15"," ","P","23","    0.11"," ","R","18","    0.11"," ","R","18","    11.3"," ","P","21","     7.5"," ","P","21","     3.9"," ","P","21","     2.1"," ","P","21","     1.0"," ","P","21","     0.4"," ","P","21","     0.0"," ","P","21","     0.0"," ","P","21","     0.5"," ","P","21","     1.0"," ","P","21","     2.2"," ","P","21","     1.7"," ","P","14","     1.7"," ","P","14"
"USC00426601","01-08"," 37.8156","-112.4389","2026.0","PANGUITCH, UT US","01","08","99","    22.9"," ","R","20","    38.1"," ","R","20","     7.7"," ","R","23","    30.5"," ","R","20","     8.6"," ","R","20","     8.4"," ","R","20","    11.2"," ","R","23","     9.7"," ","R","20","    42.1"," ","R","20","    17.1"," ","R","20","    22.1"," ","R","20","    27.1"," ","R","20","    32.1"," ","R","20","    34.1"," ","R","20","    37.1"," ","R","20","     0.0"," ","R","20","     0.0","X","R","20","     0.0"," ","R","20","     0.0"," ","R","20","     0.0"," ","R","20","     0.0"," ","R","20","     0.0"," ","R","20","     0.0"," ","R","20","     0.0"," ","R","20","     0.0"," ","R","20","     0.0","X","R","20","     0.0"," ","R","20","     0.0"," ","R","20","     0.0"," ","R","20","     0.0"," ","R","20","     0.0"," ","R","20","     0.0"," ","R","20","     0.0"," ","R","20","     0.2"," ","R","20","     0.1"," ","R","20","    16.3"," ","P","23","     6.7"," ","P","23","     2.2"," ","P","23","     0.4"," ","P","23","     0.0"," ","P","23","     0.0"," ","P","23","     0.0"," ","P","23","     0.0"," ","P","23","    0.02"," ","P","23","    0.07"," ","P","23","    0.15"," ","P","23","    0.13"," ","R","18","    0.13"," ","R","18","    11.3"," ","P","22","     7.5"," ","P","22","     3.9"," ","P","22","     2.2"," ","P","22","     1.0"," ","P","22","     0.4"," ","P","22","     0.0"," ","P","22","     0.0"," ","P","22","     0.5"," ","P","22","     1.0"," ","P","22","     2.2"," ","P","22","     1.9"," ","P","14","     1.9"," ","P","14"
"USC00426601","01-09"," 37.8156","-112.4389","2026.0","PANGUITCH, UT US","01","09","99","    23.0"," ","R","20","    38.2"," ","R","20","     7.7"," ","R","23","    30.5"," ","R","20","     8.6"," ","R","20","     8.4"," ","R","20","    11.2"," ","R","23","     9.8"," ","R","20","    42.0"," ","R","20","    17.0"," ","R","20","    22.0"," ","R","20","    27.0"," ","R","20","    32.0"," ","R","20","    34.0"," ","R","20","    37.0"," ","R","20","     0.0"," ","R","20","     0.0","X","R","20","     0.0","X","R","20","     0.0"," ","R","20","     0.0"," ","R","20","     0.0"," ","R","20","     0.0"," ","R","20","     0.0"," ","R","20","     0.0"," ","R","20","     0.0"," ","R","20","     0.0","X","R","20","     0.0","X","R","20","     0.0"," ","R","20","     0.0"," ","R","20","     0.0"," ","R","20","     0.0"," ","R","20","     0.0"," ","R","20","     0.0"," ","R","20","     0.2"," ","R","20","     0.1"," ","R","20","    16.4"," ","P","23","     6.8"," ","P","23","     2.3"," ","P","23","     0.4"," ","P","23","     0.0"," ","P","23","     0.0"," ","P","23","     0.0"," ","P","23","     0.0"," ","P","23","    0.02"," ","P","23","    0.07"," ","P","23","    0.15"," ","P","23","    0.14"," ","R","18","    0.14"," ","R","18","    11.2"," ","P","23","     7.5"," ","P","23","     4.0"," ","P","23","     2.2"," ","P","23","     1.0"," ","P","23","     0.4"," ","P","23","     0.0"," ","P","23","     0.0"," ","P","23","     0.5"," ","P","23","     1.0"," ","P","23","     2.2"," ","P","23","     2.2"," ","P","14","     2.2"," ","P","14"
"USC00426601","01-10"," 37.8156","-112.4389","2026.0","PANGUITCH, UT US","01","10","99","    23.1"," ","R","20","    38.4"," ","R","20","     7.8"," ","R","23","    30.5"," ","R","20","     8.6"," ","R","20","     8.4"," ","R","20","    11.2"," ","R","23","     9.8"," ","R","20","    41.9"," ","R","20","    16.9"," ","R","20","    21.9"," ","R","20","    26.9"," ","R","20","    31.9"," ","R","20","    33.9"," ","R","20","    36.9"," ","R","20","     0.0"," ","R","20","     0.0","X","R","20","     0.0","X","R","20","     0.0"," ","R","20","     0.0"," ","R","20","     0.0"," ","R","20","     0.0"," ","R","20","     0.0"," ","R","20","     0.0"," ","R","20","     0.0"," ","R","20","     0.0","X","R","20","     0.0","X","R","20","     0.0"," ","R","20","     0.0"," ","R","20","     0.0"," ","R","20","     0.0"," ","R","20","     0.0"," ","R","20","     0.0"," ","R","20","     0.2"," ","R","20","     0.1"," ","R","20","    16.5"," ","P","23","     6.9"," ","P","23","     2.3"," ","P","23","     0.5"," ","P","23","     0.0"," ","P","23","     0.0"," ","P","23","     0.0"," ","P","23","     0.0"," ","P","23","    0.02"," ","P","23","    0.07"," ","P","23","    0.15"," ","P","23","    0.16"," ","R","18","    0.16"," ","R","18","    11.2"," ","P","23","     7.5"," ","P","23","     4.0"," ","P","23","     2.3"," ","P","23","     1.0"," ","P","23","     0.4"," ","P","23","     0.0"," ","P","23","     0.0"," ","P","23","     0.5"," ","P","23","     1.0"," ","P","23","     2.3"," ","P","23","     2.4"," ","P","14","     2.4"," ","P","14"
"USC00426601","01-11"," 37.8156","-112.4389","2026.0","PANGUITCH, UT US","01","11","99","    23.2"," ","R","20","    38.5"," ","R","20","     7.9"," ","R","23","    30.6"," ","R","20","     8.5"," ","R","20","     8.3"," ","R","20","    11.2"," ","R","23","     9.8"," ","R","20","    41.8"," ","R","20","    16.8"," ","R","20","    21.8"," ","R","20","    26.8"," ","R","20","    31.8"," ","R","20","    33.8"," ","R","20","    36.8"," ","R","20","     0.0"," ","R","20","     0.0","X","R","20","     0.0","X","R","20","     0.0"," ","R","20","     0.0"," ","R","20","     0.0"," ","R","20","     0.0"," ","R","20","     0.0"," ","R","20","     0.0"," ","R","20","     0.0"," ","R","20","     0.0","X","R","20","     0.0","X","R","20","     0.0"," ","R","20","     0.0"," ","R","20","     0.0"," ","R","20","     0.0"," ","R","20","     0.0"," ","R","20","     0.0"," ","R","20","     0.2"," ","R","20","     0.1"," ","R","20","    16.6"," ","P","23","     7.0"," ","P","23","     2.4"," ","P","23","     0.5"," ","P","23","     0.0"," ","P","23","     0.0"," ","P","23","     0.0"," ","P","23","     0.0"," ","P","23","    0.02"," ","P","23","    0.07"," ","P","23","    0.15"," ","P","23","    0.18"," ","R","18","    0.18"," ","R","18","    11.3"," ","P","23","     7.6"," ","P","23","     4.1"," ","P","23","     2.3"," ","P","23","     1.1"," ","P","23","     0.4"," ","P","23","     0.1"," ","P","23","     0.0"," ","P","23","     0.5"," ","P","23","     1.0"," ","P","23","     2.3"," ","P","23","     2.7"," ","P","14","     2.7"," ","P","14"
"USC00426601","01-12"," 37.8156","-112.4389","2026.0","PANGUITCH, UT US","01","12","99","    23.3"," ","R","20","    38.6"," ","R","20","     8.0"," ","R","23","    30.7"," ","R","20","     8.5"," ","R","20","     8.3"," ","R","20","    11.1"," ","R","23","     9.8"," ","R","20","    41.7"," ","R","20","    16.7"," ","R","20","    21.7"," ","R","20","    26.7"," ","R","20","    31.7"," ","R","20","    33.7"," ","R","20","    36.7"," ","R","20","     0.0"," ","R","20","     0.0","X","R","20","     0.0","X","R","20","     0.0"," ","R","20","     0.0"," ","R","20","     0.0"," ","R","20","     0.0"," ","R","20","     0.0"," ","R","20","     0.0"," ","R","20","     0.0"," ","R","20","     0.0","X","R","20","     0.0","X","R","20","     0.0"," ","R","20","     0.0"," ","R","20","     0.0"," ","R","20","     0.0"," ","R","20","     0.0"," ","R","20","     0.0"," ","R","20","     0.2"," ","R","20","     0.1"," ","R","20","    16.7"," ","P","23","     7.0"," ","P","23","     2.4"," ","P","23","     0.5"," ","P","23","     0.0"," ","P","23","     0.0"," ","P","23","     0.0"," ","P","23","     0.0"," ","P","23","    0.02"," ","P","23","    0.07"," ","P","23","    0.15"," ","P","23","    0.19"," ","R","18","    0.19"," ","R","18","    11.3"," ","P","23","     7.6"," ","P","23","     4.2"," ","P","23","     2.4"," ","P","23","     1.1"," ","P","23","     0.4"," ","P","23","     0.1"," ","P","23","     0.0"," ","P","23","     0.5"," ","P","23","     1.0"," ","P","23","     2.3"," ","P","23","     2.9"," ","P","14","     2.9"," ","P","14"
"USC00426601","01-13"," 37.8156","-112.4389","2026.0","PANGUITCH, UT US","01","13","99","    23.4"," ","R","20","    38.8"," ","R","20","     8.0"," ","R","23","    30.7"," ","R","20","     8.5"," ","R","20","     8.3"," ","R","20","    11.1"," ","R","23","     9.7"," ","R","20","    41.6"," ","R","20","    16.6"," ","R","20","    21.6"," ","R","20","    26.6"," ","R","20","    31.6"," ","R","20","    33.6"," ","R","20","    36.6"," ","R","20","     0.0"," ","R","20","     0.0","X","R","20","     0.0","X","R","20","     0.0"," ","R","20","     0.0"," ","R","20","     0.0"," ","R","20","     0.0"," ","R","20","     0.0"," ","R","20","     0.0"," ","R","20","     0.0"," ","R","20","     0.0","X","R","20","     0.0","X","R","20","     0.0"," ","R","20","     0.0"," ","R","20","     0.0"," ","R","20","     0.0"," ","R","20","     0.0"," ","R","20","     0.0"," ","R","20","     0.2"," ","R","20","     0.1"," ","R","20","    16.8"," ","P","23","     7.1"," ","P","23","     2.5"," ","P","23","     0.5"," ","P","23","     0.0"," ","P","23","     0.0"," ","P","23","     0.0"," ","P","23","     0.0"," ","P","23","    0.02"," ","P","23","    0.07"," ","P","23","    0.15"," ","P","23","    0.21"," ","R","18","    0.21"," ","R","18","    11.3"," ","P","23","     7.6"," ","P","23","     4.2"," ","P","23","     2.4"," ","P","23","     1.1"," ","P","23","     0.4"," ","P","23","     0.1"," ","P","23","     0.0"," ","P","23","     0.5"," ","P","23","     1.0"," ","P","23","     2.4"," ","P","23","     3.1"," ","P","14","     3.1"," ","P","14"
"USC00426601","01-14"," 37.8156","-112.4389","2026.0","PANGUITCH, UT US","01","14","99","    23.5"," ","R","20","    38.9"," ","R","20","     8.1"," ","R","23","    30.8"," ","R","20","     8.4"," ","R","20","     8.2"," ","R","20","    11.1"," ","R","23","     9.7"," ","R","20","    41.5"," ","R","20","    16.5"," ","R","20","    21.5"," ","R","20","    26.5"," ","R","20","    31.5"," ","R","20","    33.5"," ","R","20","    36.5"," ","R","20","     0.0"," ","R","20","     0.0","X","R","20","     0.0","X","R","20","     0.0"," ","R","20","     0.0"," ","R","20","     0.0"," ","R","20","     0.0"," ","R","20","     0.0"," ","R","20","     0.0"," ","R","20","     0.0"," ","R","20","     0.0","X","R","20","     0.0","X","R","20","     0.0"," ","R","20","     0.0"," ","R","20","     0.0"," ","R","20","     0.0"," ","R","20","     0.0"," ","R","20","     0.0"," ","R","20","     0.2"," ","R","20","     0.1"," ","R","20","    16.8"," ","P","23","     7.1"," ","P","23","     2.5"," ","P","23","     0.5"," ","P","23","     0.0"," ","P","23","     0.0"," ","P","23","     0.0"," ","P","23","     0.0"," ","P","23","    0.02"," ","P","23","    0.07"," ","P","23","    0.15"," ","P","23","    0.23"," ","R","18","    0.23"," ","R","18","    11.2"," ","P","23","     7.6"," ","P","23","     4.3"," ","P","23","     2.5"," ","P","23","     1.1"," ","P","23","     0.4"," ","P","23","     0.1"," ","P","23","     0.0"," ","P","23","     0.5"," ","P","23","     1.0"," ","P","23","     2.4"," ","P","23","     3.4"," ","P","14","     3.4"," ","P","14"
"USC00426601","01-15"," 37.8156","-112.4389","2026.0","PANGUITCH, UT US","01","15","99","    23.6"," ","R","20","    39.0"," ","R","20","     8.2"," ","R","23","    30.9"," ","R","20","     8.4"," ","R","20","     8.2"," ","R","20","    11.1"," ","R","23","     9.7"," ","R","20","    41.4"," ","R","20","    16.4"," ","R","20","    21.4"," ","R","20","    26.4"," ","R","20","    31.4"," ","R","20","    33.4"," ","R","20","    36.4"," ","R","20","     0.0"," ","R","20","     0.0","X","R","20","     0.0","X","R","20","     0.0"," ","R","20","     0.0"," ","R","20","     0.0"," ","R","20","     0.0"," ","R","20","     0.0"," ","R","20","     0.0"," ","R","20","     0.0"," ","R","20","     0.0","X","R","20","     0.0","X","R","20","     0.0"," ","R","20","     0.0"," ","R","20","     0.0"," ","R","20","     0.0"," ","R","20","     0.0"," ","R","20","     0.0"," ","R","20","     0.2"," ","R","20","     0.1"," ","R","20","    16.9"," ","P","23","     7.2"," ","P","23","     2.5"," ","P","23","     0.5"," ","P","23","     0.0"," ","P","23","     0.0"," ","P","23","     0.0"," ","P","23","     0.0"," ","P","23","    0.02"," ","P","23","    0.07"," ","P","23","    0.15"," ","P","23","    0.24"," ","R","18","    0.24"," ","R","18","    11.2"," ","P","23","     7.6"," ","P","23","     4.3"," ","P","23","     2.5"," ","P","23","     1.1"," ","P","23","     0.4"," ","P","23","     0.1"," ","P","23","     0.0"," ","P","23","     0.5"," ","P","23","     1.0"," ","P","23","     2.4"," ","P","23","     3.6"," ","P","14","     3.6"," ","P","14"
"USC00426601","01-16"," 37.8156","-112.4389","2026.0","PANGUITCH, UT US","01","16","99","    23.7"," ","R","20","    39.2"," ","R","20","     8.2"," ","R","23","    31.0"," ","R","20","     8.4"," ","R","20","     8.2"," ","R","20","    11.0"," ","R","23","     9.6"," ","R","20","    41.3"," ","R","20","    16.3"," ","R","20","    21.3"," ","R","20","    26.3"," ","R","20","    31.3"," ","R","20","    33.3"," ","R","20","    36.3"," ","R","20","     0.0"," ","R","20","     0.0","X","R","20","     0.0","X","R","20","     0.0"," ","R","20","     0.0"," ","R","20","     0.0"," ","R","20","     0.0"," ","R","20","     0.0"," ","R","20","     0.0"," ","R","20","     0.0"," ","R","20","     0.0","X","R","20","     0.0","X","R","20","     0.0"," ","R","20","     0.0"," ","R","20","     0.0"," ","R","20","     0.0"," ","R","20","     0.0"," ","R","20","     0.0"," ","R","20","     0.2"," ","R","20","     0.1"," ","R","20","    16.9"," ","P","23","     7.2"," ","P","23","     2.5"," ","P","23","     0.5"," ","P","23","     0.0"," ","P","23","     0.0"," ","P","23","     0.0"," ","P","23","     0.0"," ","P","23","    0.02"," ","P","23","    0.07"," ","P","23","    0.15"," ","P","23","    0.26"," ","R","18","    0.26"," ","R","18","    11.1"," ","P","23","     7.6"," ","P","23","     4.3"," ","P","23","     2.5"," ","P","23","     1.1"," ","P","23","     0.4"," ","P","23","     0.1"," ","P","23","     0.0"," ","P","23","     0.5"," ","P","23","     1.0"," ","P","23","     2.4"," ","P","23","     3.9"," ","P","14","     3.9"," ","P","14"
"USC00426601","01-17"," 37.8156","-112.4389","2026.0","PANGUITCH, UT US","01","17","99","    23.8"," ","R","20","    39.3"," ","R","20","     8.3"," ","R","23","    31.0"," ","R","20","     8.4"," ","R","20","     8.1"," ","R","20","    11.0"," ","R","23","     9.6"," ","R","20","    41.2"," ","R","20","    16.2"," ","R","20","    21.2"," ","R","20","    26.2"," ","R","20","    31.2"," ","R","20","    33.2"," ","R","20","    36.2"," ","R","20","     0.0"," ","R","20","     0.0","X","R","20","     0.0","X","R","20","     0.0"," ","R","20","     0.0"," ","R","20","     0.0"," ","R","20","     0.0"," ","R","20","     0.0"," ","R","20","     0.0"," ","R","20","     0.0"," ","R","20","     0.0","X","R","20","     0.0","X","R","20","     0.0"," ","R","20","     0.0"," ","R","20","     0.0"," ","R","20","     0.0"," ","R","20","     0.0"," ","R","20","     0.0"," ","R","20","     0.2"," ","R","20","     0.1"," ","R","20","    16.9"," ","P","23","     7.3"," ","P","23","     2.5"," ","P","23","     0.5"," ","P","23","     0.0"," ","P","23","     0.0"," ","P","23","     0.0"," ","P","23","     0.0"," ","P","23","    0.02"," ","P","23","    0.07"," ","P","23","    0.15"," ","P","23","    0.28"," ","R","18","    0.28"," ","R","18","    11.1"," ","P","23","     7.6"," ","P","23","     4.4"," ","P","23","     2.5"," ","P","23","     1.2"," ","P","23","     0.5"," ","P","23","     0.1"," ","P","23","     0.0"," ","P","23","     0.5"," ","P","23","     1.0"," ","P","23","     2.5"," ","P","23","     4.2"," ","P","14","     4.2"," ","P","14"
"USC00426601","01-18"," 37.8156","-112.4389","2026.0","PANGUITCH, UT US","01","18","99","    23.9"," ","R","20","    39.4"," ","R","20","     8.3"," ","R","23","    31.1"," ","R","20","     8.3"," ","R","20","     8.1"," ","R","20","    11.0"," ","R","23","     9.6"," ","R","20","    41.1"," ","R","20","    16.1"," ","R","20","    21.1"," ","R","20","    26.1"," ","R","20","    31.1"," ","R","20","    33.1"," ","R","20","    36.1"," ","R","20","     0.0"," ","R","20","     0.0","X","R","20","     0.0","X","R","20","     0.0"," ","R","20","     0.0"," ","R","20","     0.0"," ","R","20","     0.0"," ","R","20","     0.0"," ","R","20","     0.0"," ","R","20","     0.0"," ","R","20","     0.0","X","R","20","     0.0","X","R","20","     0.0"," ","R","20","     0.0"," ","R","20","     0.0"," ","R","20","     0.0"," ","R","20","     0.0"," ","R","20","     0.0"," ","R","20","     0.2"," ","R","20","     0.1"," ","R","20","    17.0"," ","P","23","     7.3"," ","P","23","     2.5"," ","P","23","     0.5"," ","P","23","     0.0"," ","P","23","     0.0"," ","P","23","     0.0"," ","P","23","     0.0"," ","P","23","    0.03"," ","P","23","    0.07"," ","P","23","    0.15"," ","P","23","    0.31"," ","R","18","    0.31"," ","R","18","    11.1"," ","P","23","     7.6"," ","P","23","     4.4"," ","P","23","     2.6"," ","P","23","     1.2"," ","P","23","     0.5"," ","P","23","     0.1"," ","P","23","     0.0"," ","P","23","     0.5"," ","P","23","     1.0"," ","P","23","     2.5"," ","P","23","     4.4"," ","P","14","     4.4"," ","P","14"
"USC00426601","01-19"," 37.8156","-112.4389","2026.0","PANGUITCH, UT US","01","19","99","    24.0"," ","R","20","    39.6"," ","R","20","     8.4"," ","R","23","    31.2"," ","R","20","     8.3"," ","R","20","     8.1"," ","R","20","    11.0"," ","R","23","     9.6"," ","R","20","    41.0"," ","R","20","    16.1"," ","R","20","    21.0"," ","R","20","    26.0"," ","R","20","    31.0"," ","R","20","    33.0"," ","R","20","    36.0"," ","R","20","     0.0"," ","R","20","     0.0","X","R","20","     0.0","X","R","20","     0.0"," ","R","20","     0.0"," ","R","20","     0.0"," ","R","20","     0.0"," ","R","20","     0.0"," ","R","20","     0.0"," ","R","20","     0.0"," ","R","20","     0.0","X","R","20","     0.0","X","R","20","     0.0"," ","R","20","     0.0"," ","R","20","     0.0"," ","R","20","     0.0"," ","R","20","     0.0"," ","R","20","     0.0"," ","R","20","     0.2"," ","R","20","     0.1"," ","R","20","    17.0"," ","P","23","     7.3"," ","P","23","     2.6"," ","P","23","     0.5"," ","P","23","     0.0"," ","P","23","     0.0"," ","P","23","     0.0"," ","P","23","     0.0"," ","P","23","    0.03"," ","P","23","    0.07"," ","P","23","    0.16"," ","P","23","    0.33"," ","R","18","    0.33"," ","R","18","    11.0"," ","P","23","     7.6"," ","P","23","     4.4"," ","P","23","     2.6"," ","P","23","     1.2"," ","P","23","     0.5"," ","P","23","     0.1"," ","P","23","     0.0"," ","P","23","     0.5"," ","P","23","     1.0"," ","P","23","     2.5"," ","P","23","     4.7"," ","P","14","     4.7"," ","P","14"
"USC00426601","01-20"," 37.8156","-112.4389","2026.0","PANGUITCH, UT US","01","20","99","    24.1"," ","R","20","    39.7"," ","R","20","     8.4"," ","R","23","    31.3"," ","R","20","     8.3"," ","R","20","     8.1"," ","R","20","    11.0"," ","R","23","     9.6"," ","R","20","    40.9"," ","R","20","    16.0"," ","R","20","    20.9"," ","R","20","    25.9"," ","R","20","    30.9"," ","R","20","    32.9"," ","R","20","    35.9"," ","R","20","     0.0"," ","R","20","     0.0","X","R","20","     0.0","X","R","20","     0.0"," ","R","20","     0.0"," ","R","20","     0.0"," ","R","20","     0.0"," ","R","20","     0.0"," ","R","20","     0.0"," ","R","20","     0.0"," ","R","20","     0.0","X","R","20","     0.0","X","R","20","     0.0"," ","R","20","     0.0"," ","R","20","     0.0"," ","R","20","     0.0"," ","R","20","     0.0"," ","R","20","     0.0"," ","R","20","     0.3"," ","R","20","     0.1"," ","R","20","    17.0"," ","P","23","     7.4"," ","P","23","     2.6"," ","P","23","     0.5"," ","P","23","     0.0"," ","P","23","     0.0"," ","P","23","     0.0"," ","P","23","     0.0"," ","P","23","    0.03"," ","P","23","    0.07"," ","P","23","    0.16"," ","P","23","    0.35"," ","R","18","    0.35"," ","R","18","    11.0"," ","P","23","     7.6"," ","P","23","     4.5"," ","P","23","     2.6"," ","P","23","     1.2"," ","P","23","     0.5"," ","P","23","     0.1"," ","P","23","     0.0"," ","P","23","     0.5"," ","P","23","     1.0"," ","P","23","     2.5"," ","P","23","     5.0"," ","P","14","     5.0"," ","P","14"
"USC00426601","01-21"," 37.8156","-112.4389","2026.0","PANGUITCH, UT US","01","21","99","    24.1"," ","R","20","    39.8"," ","R","20","     8.4"," ","R","23","    31.4"," ","R","20","     8.3"," ","R","20","     8.1"," ","R","20","    10.9"," ","R","23","     9.5"," ","R","20","    40.9"," ","R","20","    15.9"," ","R","20","    20.9"," ","R","20","    25.9"," ","R","20","    30.9"," ","R","20","    32.9"," ","R","20","    35.9"," ","R","20","     0.0"," ","R","20","     0.0","X","R","20","     0.0","X","R","20","     0.0"," ","R","20","     0.0"," ","R","20","     0.0"," ","R","20","     0.0"," ","R","20","     0.0"," ","R","20","     0.0"," ","R","20","     0.0"," ","R","20","     0.0","X","R","20","     0.0","X","R","20","     0.0"," ","R","20","     0.0"," ","R","20","     0.0"," ","R","20","     0.0"," ","R","20","     0.0"," ","R","20","     0.0"," ","R","20","     0.3"," ","R","20","     0.1"," ","R","20","    17.1"," ","P","23","     7.4"," ","P","23","     2.6"," ","P","23","     0.5"," ","P","23","     0.0"," ","P","23","     0.0"," ","P","23","     0.0"," ","P","23","     0.0"," ","P","23","    0.03"," ","P","23","    0.07"," ","P","23","    0.16"," ","P","23","    0.37"," ","R","18","    0.37"," ","R","18","    10.9"," ","P","23","     7.6"," ","P","23","     4.5"," ","P","23","     2.6"," ","P","23","     1.2"," ","P","23","     0.5"," ","P","23","     0.1"," ","P","23","     0.0"," ","P","23","     0.5"," ","P","23","     1.0"," ","P","23","     2.6"," ","P","23","     5.2"," ","P","14","     5.2"," ","P","14"
"USC00426601","01-22"," 37.8156","-112.4389","2026.0","PANGUITCH, UT US","01","22","99","    24.2"," ","R","20","    40.0"," ","R","20","     8.5"," ","R","23","    31.5"," ","R","20","     8.3"," ","R","20","     8.1"," ","R","20","    10.9"," ","R","23","     9.5"," ","R","20","    40.8"," ","R","20","    15.8"," ","R","20","    20.8"," ","R","20","    25.8"," ","R","20","    30.8"," ","R","20","    32.8"," ","R","20","    35.8"," ","R","20","     0.0"," ","R","20","     0.0","X","R","20","     0.0","X","R","20","     0.0"," ","R","20","     0.0"," ","R","20","     0.0"," ","R","20","     0.0"," ","R","20","     0.0"," ","R","20","     0.0"," ","R","20","     0.0"," ","R","20","     0.0","X","R","20","     0.0","X","R","20","     0.0"," ","R","20","     0.0"," ","R","20","     0.0"," ","R","20","     0.0"," ","R","20","     0.0"," ","R","20","     0.0"," ","R","20","     0.2"," ","R","20","     0.1"," ","R","20","    17.1"," ","P","23","     7.5"," ","P","23","     2.6"," ","P","23","     0.5"," ","P","23","     0.0"," ","P","23","     0.0"," ","P","23","     0.0"," ","P","23","     0.0"," ","P","23","    0.03"," ","P","23","    0.07"," ","P","23","    0.16"," ","P","23","    0.39"," ","R","18","    0.39"," ","R","18","    10.9"," ","P","23","     7.6"," ","P","23","     4.5"," ","P","23","     2.6"," ","P","23","     1.2"," ","P","23","     0.5"," ","P","23","     0.1"," ","P","23","     0.0"," ","P","23","     0.5"," ","P","23","     1.0"," ","P","23","     2.6"," ","P","23","     5.5"," ","P","14","     5.5"," ","P","14"
"USC00426601","01-23"," 37.8156","-112.4389","2026.0","PANGUITCH, UT US","01","23","99","    24.3"," ","R","20","    40.1"," ","R","20","     8.5"," ","R","23","    31.6"," ","R","20","     8.2"," ","R","20","     8.1"," ","R","20","    10.8"," ","R","23","     9.5"," ","R","20","    40.7"," ","R","20","    15.7"," ","R","20","    20.7"," ","R","20","    25.7"," ","R","20","    30.7"," ","R","20","    32.7"," ","R","20","    35.7"," ","R","20","     0.0"," ","R","20","     0.0","X","R","20","     0.0","X","R","20","     0.0"," ","R","20","     0.0"," ","R","20","     0.0"," ","R","20","     0.0"," ","R","20","     0.0"," ","R","20","     0.0"," ","R","20","     0.0"," ","R","20","     0.0","X","R","20","     0.0","X","R","20","     0.0"," ","R","20","     0.0"," ","R","20","     0.0"," ","R","20","     0.0"," ","R","20","     0.0"," ","R","20","     0.0"," ","R","20","     0.2"," ","R","20","     0.1"," ","R","20","    17.1"," ","P","23","     7.5"," ","P","23","     2.7"," ","P","23","     0.5"," ","P","23","     0.0"," ","P","23","     0.0"," ","P","23","     0.0"," ","P","23","     0.0"," ","P","23","    0.03"," ","P","23","    0.08"," ","P","23","    0.16"," ","P","23","    0.41"," ","R","18","    0.41"," ","R","18","    10.8"," ","P","23","     7.5"," ","P","23","     4.5"," ","P","23","     2.7"," ","P","23","     1.2"," ","P","23","     0.5"," ","P","23","     0.1"," ","P","23","     0.0"," ","P","23","     0.5"," ","P","23","     1.0"," ","P","23","     2.6"," ","P","23","     5.8"," ","P","14","     5.8"," ","P","14"
"USC00426601","01-24"," 37.8156","-112.4389","2026.0","PANGUITCH, UT US","01","24","99","    24.4"," ","R","20","    40.2"," ","R","20","     8.5"," ","R","23","    31.7"," ","R","20","     8.2"," ","R","20","     8.1"," ","R","20","    10.8"," ","R","23","     9.5"," ","R","20","    40.6"," ","R","20","    15.6"," ","R","20","    20.6"," ","R","20","    25.6"," ","R","20","    30.6"," ","R","20","    32.6"," ","R","20","    35.6"," ","R","20","     0.0"," ","R","20","     0.0","X","R","20","     0.0","X","R","20","     0.0"," ","R","20","     0.0"," ","R","20","     0.0"," ","R","20","     0.0"," ","R","20","     0.0"," ","R","20","     0.0"," ","R","20","     0.0"," ","R","20","     0.0","X","R","20","     0.0","X","R","20","     0.0"," ","R","20","     0.0"," ","R","20","     0.0"," ","R","20","     0.0"," ","R","20","     0.0"," ","R","20","     0.0"," ","R","20","     0.3"," ","R","20","     0.1"," ","R","20","    17.2"," ","P","23","     7.6"," ","P","23","     2.7"," ","P","23","     0.5"," ","P","23","     0.0"," ","P","23","     0.0"," ","P","23","     0.0"," ","P","23","     0.0"," ","P","23","    0.03"," ","P","23","    0.08"," ","P","23","    0.16"," ","P","23","    0.43"," ","R","18","    0.43"," ","R","18","    10.7"," ","P","23","     7.5"," ","P","23","     4.5"," ","P","23","     2.7"," ","P","23","     1.2"," ","P","23","     0.5"," ","P","23","     0.1"," ","P","23","     0.0"," ","P","23","     0.5"," ","P","23","     1.0"," ","P","23","     2.7"," ","P","23","     6.0"," ","P","14","     6.0"," ","P","14"
"USC00426601","01-25"," 37.8156","-112.4389","2026.0","PANGUITCH, UT US","01","25","99","    24.5"," ","R","20","    40.4"," ","R","20","     8.6"," ","R","23","    31.8"," ","R","20","     8.2"," ","R","20","     8.1"," ","R","20","    10.7"," ","R","23","     9.4"," ","R","20","    40.5"," ","R","20","    15.5"," ","R","20","    20.5"," ","R","20","    25.5"," ","R","20","    30.5"," ","R","20","    32.5"," ","R","20","    35.5"," ","R","20","     0.0"," ","R","20","     0.0","X","R","20","     0.0","X","R","20","     0.0"," ","R","20","     0.0"," ","R","20","     0.0"," ","R","20","     0.0"," ","R","20","     0.0"," ","R","20","     0.0"," ","R","20","     0.0"," ","R","20","     0.0","X","R","20","     0.0","X","R","20","     0.0"," ","R","20","     0.0"," ","R","20","     0.0"," ","R","20","     0.0"," ","R","20","     0.0"," ","R","20","     0.0"," ","R","20","     0.3"," ","R","20","     0.1"," ","R","20","    17.3"," ","P","23","     7.7"," ","P","23","     2.7"," ","P","23","     0.5"," ","P","23","     0.0"," ","P","23","     0.0"," ","P","23","     0.0"," ","P","23","     0.0"," ","P","23","    0.03"," ","P","23","    0.08"," ","P","23","    0.16"," ","P","23","    0.45"," ","R","18","    0.45"," ","R","18","    10.7"," ","P","23","     7.6"," ","P","23","     4.6"," ","P","23","     2.7"," ","P","23","     1.3"," ","P","23","     0.6"," ","P","23","     0.1"," ","P","23","     0.0"," ","P","23","     0.5"," ","P","23","     1.1"," ","P","23","     2.7"," ","P","23","     6.3"," ","P","14","     6.3"," ","P","14"
"USC00426601","01-26"," 37.8156","-112.4389","2026.0","PANGUITCH, UT US","01","26","99","    24.6"," ","R","20","    40.5"," ","R","20","     8.6"," ","R","23","    31.9"," ","R","20","     8.2"," ","R","20","     8.1"," ","R","20","    10.7"," ","R","23","     9.4"," ","R","20","    40.4"," ","R","20","    15.5"," ","R","20","    20.4"," ","R","20","    25.4"," ","R","20","    30.4"," ","R","20","    32.4"," ","R","20","    35.4"," ","R","20","     0.0"," ","R","20","     0.0","X","R","20","     0.0","X","R","20","     0.0"," ","R","20","     0.0"," ","R","20","     0.0"," ","R","20","     0.0"," ","R","20","     0.0"," ","R","20","     0.0"," ","R","20","     0.0"," ","R","20","     0.0","X","R","20","     0.0","X","R","20","     0.0"," ","R","20","     0.0"," ","R","20","     0.0"," ","R","20","     0.0"," ","R","20","     0.0"," ","R","20","     0.0"," ","R","20","     0.3"," ","R","20","     0.2"," ","R","20","    17.4"," ","P","23","     7.7"," ","P","23","     2.8"," ","P","23","     0.5"," ","P","23","     0.0"," ","P","23","     0.0"," ","P","23","     0.0"," ","P","23","     0.0"," ","P","23","    0.03"," ","P","23","    0.08"," ","P","23","    0.17"," ","P","23","    0.47"," ","R","18","    0.47"," ","R","18","    10.7"," ","P","23","     7.6"," ","P","23","     4.6"," ","P","23","     2.7"," ","P","23","     1.3"," ","P","23","     0.6"," ","P","23","     0.1"," ","P","23","     0.0"," ","P","23","     0.5"," ","P","23","     1.1"," ","P","23","     2.8"," ","P","23","     6.5"," ","P","14","     6.5"," ","P","14"
"USC00426601","01-27"," 37.8156","-112.4389","2026.0","PANGUITCH, UT US","01","27","99","    24.6"," ","R","20","    40.6"," ","R","20","     8.7"," ","R","23","    32.0"," ","R","20","     8.1"," ","R","20","     8.2"," ","R","20","    10.6"," ","R","23","     9.4"," ","R","20","    40.4"," ","R","20","    15.4"," ","R","20","    20.4"," ","R","20","    25.4"," ","R","20","    30.4"," ","R","20","    32.4"," ","R","20","    35.4"," ","R","20","     0.0"," ","R","20","     0.0","X","R","20","     0.0","X","R","20","     0.0"," ","R","20","     0.0"," ","R","20","     0.0"," ","R","20","     0.0"," ","R","20","     0.0"," ","R","20","     0.0"," ","R","20","     0.0"," ","R","20","     0.0","X","R","20","     0.0","X","R","20","     0.0"," ","R","20","     0.0"," ","R","20","     0.0"," ","R","20","     0.0"," ","R","20","     0.0"," ","R","20","     0.0"," ","R","20","     0.3"," ","R","20","     0.2"," ","R","20","    17.4"," ","P","23","     7.8"," ","P","23","     2.9"," ","P","23","     0.5"," ","P","23","     0.0"," ","P","23","     0.0"," ","P","23","     0.0"," ","P","23","     0.0"," ","P","23","    0.03"," ","P","23","    0.08"," ","P","23","    0.17"," ","P","23","    0.49"," ","R","18","    0.49"," ","R","18","    10.7"," ","P","23","     7.6"," ","P","23","     4.6"," ","P","23","     2.8"," ","P","23","     1.3"," ","P","23","     0.6"," ","P","23","     0.1"," ","P","23","     0.0"," ","P","23","     0.5"," ","P","23","     1.1"," ","P","23","     2.8"," ","P","23","     6.8"," ","P","14","     6.8"," ","P","14"
"USC00426601","01-28"," 37.8156","-112.4389","2026.0","PANGUITCH, UT US","01","28","99","    24.7"," ","R","20","    40.7"," ","R","20","     8.7"," ","R","23","    32.0"," ","R","20","     8.1"," ","R","20","     8.2"," ","R","20","    10.6"," ","R","23","     9.4"," ","R","20","    40.3"," ","R","20","    15.3"," ","R","20","    20.3"," ","R","20","    25.3"," ","R","20","    30.3"," ","R","20","    32.3"," ","R","20","    35.3"," ","R","20","     0.0"," ","R","20","     0.0","X","R","20","     0.0"," ","R","20","     0.0"," ","R","20","     0.0"," ","R","20","     0.0"," ","R","20","     0.0"," ","R","20","     0.0"," ","R","20","     0.0"," ","R","20","     0.0"," ","R","20","     0.0","X","R","20","     0.0"," ","R","20","     0.0"," ","R","20","     0.0"," ","R","20","     0.0"," ","R","20","     0.0"," ","R","20","     0.0"," ","R","20","     0.0"," ","R","20","     0.3"," ","R","20","     0.2"," ","R","20","    17.5"," ","P","23","     7.8"," ","P","23","     2.9"," ","P","23","     0.6"," ","P","23","     0.0"," ","P","23","     0.0"," ","P","23","     0.0"," ","P","23","     0.0"," ","P","23","    0.03"," ","P","23","    0.08"," ","P","23","    0.17"," ","P","23","    0.51"," ","R","18","    0.51"," ","R","18","    10.7"," ","P","23","     7.6"," ","P","23","     4.7"," ","P","23","     2.8"," ","P","23","     1.4"," ","P","23","     0.6"," ","P","23","     0.1"," ","P","23","     0.0"," ","P","23","     0.5"," ","P","23","     1.1"," ","P","23","     2.9"," ","P","23","     7.0"," ","P","14","     7.0"," ","P","14"
"USC00426601","01-29"," 37.8156","-112.4389","2026.0","PANGUITCH, UT US","01","29","99","    24.8"," ","R","20","    40.9"," ","R","20","     8.8"," ","R","23","    32.1"," ","R","20","     8.1"," ","R","20","     8.2"," ","R","20","    10.6"," ","R","23","     9.4"," ","R","20","    40.2"," ","R","20","    15.2"," ","R","20","    20.2"," ","R","20","    25.2"," ","R","20","    30.2"," ","R","20","    32.2"," ","R","20","    35.2"," ","R","20","     0.0"," ","R","20","     0.0","X","R","20","     0.0"," ","R","20","     0.0"," ","R","20","     0.0"," ","R","20","     0.0"," ","R","20","     0.0"," ","R","20","     0.0"," ","R","20","     0.0"," ","R","20","     0.0"," ","R","20","     0.0","X","R","20","     0.0"," ","R","20","     0.0"," ","R","20","     0.0"," ","R","20","     0.0"," ","R","20","     0.0"," ","R","20","     0.0"," ","R","20","     0.0"," ","R","20","     0.3"," ","R","20","     0.2"," ","R","20","    17.5"," ","P","23","     7.9"," ","P","23","     3.0"," ","P","23","     0.6"," ","P","23","     0.0"," ","P","23","     0.0"," ","P","23","     0.0"," ","P","23","     0.0"," ","P","23","    0.03"," ","P","23","    0.08"," ","P","23","    0.17"," ","P","23","    0.53"," ","R","18","    0.53"," ","R","18","    10.7"," ","P","23","     7.6"," ","P","23","     4.7"," ","P","23","     2.8"," ","P","23","     1.4"," ","P","23","     0.6"," ","P","23","     0.1"," ","P","23","     0.0"," ","P","23","     0.6"," ","P"," 0","     1.1"," ","P"," 0","     2.9"," ","P"," 0","     7.3"," ","P","14","     7.3"," ","P","14"
"USC00426601","01-30"," 37.8156","-112.4389","2026.0","PANGUITCH, UT US","01","30","99","    24.9"," ","R","20","    41.0"," ","R","20","     8.8"," ","R","23","    32.2"," ","R","20","     8.0"," ","R","20","     8.2"," ","R","20","    10.5"," ","R","23","     9.4"," ","R","20","    40.1"," ","R","20","    15.1"," ","R","20","    20.1"," ","R","20","    25.1"," ","R","20","    30.1"," ","R","20","    32.1"," ","R","20","    35.1"," ","R","20","     0.0"," ","R","20","     0.0","X","R","20","     0.0"," ","R","20","     0.0"," ","R","20","     0.0"," ","R","20","     0.0"," ","R","20","     0.0"," ","R","20","     0.0"," ","R","20","     0.0"," ","R","20","     0.0"," ","R","20","     0.0","X","R","20","     0.0"," ","R","20","     0.0"," ","R","20","     0.0"," ","R","20","     0.0"," ","R","20","     0.0"," ","R","20","     0.0"," ","R","20","     0.0"," ","R","20","     0.3"," ","R","20","     0.2"," ","R","20","    17.6"," ","P","23","     7.9"," ","P","23","     3.1"," ","P","23","     0.6"," ","P","23","     0.0"," ","P","23","     0.0"," ","P","23","     0.0"," ","P","23","     0.0"," ","P","23","    0.03"," ","P","23","    0.08"," ","P","23","    0.18"," ","P","23","    0.55"," ","R","18","    0.55"," ","R","18","    10.7"," ","P","23","     7.6"," ","P","23","     4.7"," ","P","23","     2.8"," ","P","23","     1.4"," ","P","23","     0.6"," ","P","23","     0.2"," ","P","23","     0.0"," ","P","23","     0.6"," ","P"," 0","     1.2"," ","P"," 0","     2.9"," ","P"," 0","     7.5"," ","P","14","     7.5"," ","P","14"
"USC00426601","01-31"," 37.8156","-112.4389","2026.0","PANGUITCH, UT US","01","31","99","    25.0"," ","R","20","    41.1"," ","R","20","     8.9"," ","R","23","    32.3"," ","R","20","     8.0"," ","R","20","     8.2"," ","R","20","    10.5"," ","R","23","     9.4"," ","R","20","    40.0"," ","R","20","    15.0"," ","R","20","    20.0"," ","R","20","    25.0"," ","R","20","    30.0"," ","R","20","    32.0"," ","R","20","    35.0"," ","R","20","     0.0"," ","R","20","     0.0","X","R","20","     0.0"," ","R","20","     0.0"," ","R","20","     0.0"," ","R","20","     0.0"," ","R","20","     0.0"," ","R","20","     0.0"," ","R","20","     0.0"," ","R","20","     0.0"," ","R","20","     0.0","X","R","20","     0.0"," ","R","20","     0.0"," ","R","20","     0.0"," ","R","20","     0.0"," ","R","20","     0.0"," ","R","20","     0.0"," ","R","20","     0.0"," ","R","20","     0.4"," ","R","20","     0.2"," ","R","20","    17.6"," ","P","23","     8.0"," ","P","23","     3.1"," ","P","23","     0.6"," ","P","23","     0.0"," ","P","23","     0.0"," ","P","23","     0.0"," ","P","23","     0.0"," ","P","23","    0.03"," ","P","23","    0.08"," ","P","23","    0.18"," ","P","23","    0.57"," ","R","18","    0.57"," ","R","18","    10.7"," ","P","23","     7.6"," ","P","23","     4.7"," ","P","23","     2.9"," ","P","23","     1.4"," ","P","23","     0.7"," ","P","23","     0.1"," ","P","23","     0.0"," ","P","23","     0.6"," ","P"," 0","     1.2"," ","P"," 0","     2.9"," ","P"," 0","     7.8"," ","P","14","     7.8"," ","P","14"
"USC00426601","02-01"," 37.8156","-112.4389","2026.0","PANGUITCH, UT US","02","01","99","    25.1"," ","R","20","    41.3"," ","R","20","     8.9"," ","R","22","    32.3"," ","R","20","     8.0"," ","R","20","     8.2"," ","R","20","    10.4"," ","R","22","     9.4"," ","R","20","    39.9"," ","R","20","    14.9"," ","R","20","    19.9"," ","R","20","    24.9"," ","R","20","    29.9"," ","R","20","    31.9"," ","R","20","    34.9"," ","R","20","     0.0"," ","R","20","     0.0","X","R","20","     0.0"," ","R","20","     0.0"," ","R","20","     0.0"," ","R","20","     0.0"," ","R","20","     0.0"," ","R","20","     0.0"," ","R","20","     0.0"," ","R","20","     0.0"," ","R","20","     0.0","X","R","20","     0.0"," ","R","20","     0.0"," ","R","20","     0.0"," ","R","20","     0.0"," ","R","20","     0.0"," ","R","20","     0.0"," ","R","20","     0.0"," ","R","20","     0.4"," ","R","20","     0.2"," ","R","20","    17.7"," ","P","23","     8.0"," ","P","23","     3.2"," ","P","23","     0.7"," ","P","23","     0.0"," ","P","23","     0.0"," ","P","23","     0.0"," ","P","23","     0.0"," ","P","23","    0.03"," ","P","23","    0.08"," ","P","23","    0.18"," ","P","23","    0.02"," ","R","19","    0.59"," ","R","19","    10.6"," ","P","23","     7.6"," ","P","23","     4.7"," ","P","23","     2.9"," ","P","23","     1.5"," ","P","23","     0.7"," ","P","23","     0.0"," ","P","23","     0.0"," ","P","23","     0.6"," ","P"," 0","     1.2"," ","P"," 0","     3.0"," ","P"," 0","     0.2"," ","P","15","     8.0"," ","P","15"
"USC00426601","02-02"," 37.8156","-112.4389","2026.0","PANGUITCH, UT US","02","02","99","    25.2"," ","R","20","    41.4"," ","R","20","     9.0"," ","R","22","    32.4"," ","R","20","     8.0"," ","R","20","     8.3"," ","R","20","    10.4"," ","R","22","     9.4"," ","R","20","    39.8"," ","R","20","    14.8"," ","R","20","    19.8"," ","R","20","    24.8"," ","R","20","    29.8"," ","R","20","    31.8"," ","R","20","    34.8"," ","R","20","     0.0"," ","R","20","     0.0","X","R","20","     0.0","X","R","20","     0.0"," ","R","20","     0.0"," ","R","20","     0.0"," ","R","20","     0.0"," ","R","20","     0.0"," ","R","20","     0.0"," ","R","20","     0.0"," ","R","20","     0.0","X","R","20","     0.0","X","R","20","     0.0"," ","R","20","     0.0"," ","R","20","     0.0"," ","R","20","     0.0"," ","R","20","     0.0"," ","R","20","     0.0"," ","R","20","     0.4"," ","R","20","     0.2"," ","R","20","    17.7"," ","P","23","     8.0"," ","P","23","     3.2"," ","P","23","     0.7"," ","P","23","     0.0"," ","P","23","     0.0"," ","P","23","     0.0"," ","P","23","     0.0"," ","P","23","    0.03"," ","P","23","    0.08"," ","P","23","    0.18"," ","P","23","    0.04"," ","R","19","    0.61"," ","R","19","    10.6"," ","P","23","     7.6"," ","P","23","     4.6"," ","P","23","     2.9"," ","P","23","     1.5"," ","P","23","     0.7"," ","P","23","     0.0"," ","P","23","     0.0"," ","P","23","     0.6"," ","P","23","     1.2"," ","P","23","     3.0"," ","P","23","     0.4"," ","P","15","     8.2"," ","P","15"
"USC00426601","02-03"," 37.8156","-112.4389","2026.0","PANGUITCH, UT US","02","03","99","    25.3"," ","R","20","    41.5"," ","R","20","     9.1"," ","R","22","    32.4"," ","R","20","     7.9"," ","R","20","     8.3"," ","R","20","    10.3"," ","R","22","     9.4"," ","R","20","    39.7"," ","R","20","    14.7"," ","R","20","    19.7"," ","R","20","    24.7"," ","R","20","    29.7"," ","R","20","    31.7"," ","R","20","    34.7"," ","R","20","     0.0"," ","R","20","     0.0","X","R","20","     0.0","X","R","20","     0.0"," ","R","20","     0.0"," ","R","20","     0.0"," ","R","20","     0.0"," ","R","20","     0.0"," ","R","20","     0.0"," ","R","20","     0.0"," ","R","20","     0.0","X","R","20","     0.0","X","R","20","     0.0"," ","R","20","     0.0"," ","R","20","     0.0"," ","R","20","     0.0"," ","R","20","     0.0"," ","R","20","     0.0"," ","R","20","     0.5"," ","R","20","     0.3"," ","R","20","    17.7"," ","P","23","     8.1"," ","P","23","     3.3"," ","P","23","     0.7"," ","P","23","     0.0"," ","P","23","     0.0"," ","P","23","     0.0"," ","P","23","     0.0"," ","P","23","    0.03"," ","P","23","    0.08"," ","P","23","    0.19"," ","P","23","    0.07"," ","R","19","    0.64"," ","R","19","    10.6"," ","P","23","     7.6"," ","P","23","     4.6"," ","P","23","     2.9"," ","P","23","     1.5"," ","P","23","     0.8"," ","P","23","     0.0"," ","P","23","     0.0"," ","P","23","     0.6"," ","P"," 0","     1.2"," ","P"," 0","     3.0"," ","P"," 0","     0.6"," ","P","15","     8.4"," ","P","15"
"USC00426601","02-04"," 37.8156","-112.4389","2026.0","PANGUITCH, UT US","02","04","99","    25.4"," ","R","20","    41.7"," ","R","20","     9.2"," ","R","22","    32.5"," ","R","20","     7.9"," ","R","20","     8.3"," ","R","20","    10.3"," ","R","22","     9.4"," ","R","20","    39.6"," ","R","20","    14.6"," ","R","20","    19.6"," ","R","20","    24.6"," ","R","20","    29.6"," ","R","20","    31.6"," ","R","20","    34.6"," ","R","20","     0.0"," ","R","20","     0.0","X","R","20","     0.0","X","R","20","     0.0"," ","R","20","     0.0"," ","R","20","     0.0"," ","R","20","     0.0"," ","R","20","     0.0"," ","R","20","     0.0"," ","R","20","     0.0"," ","R","20","     0.0","X","R","20","     0.0","X","R","20","     0.0"," ","R","20","     0.0"," ","R","20","     0.0"," ","R","20","     0.0"," ","R","20","     0.0"," ","R","20","     0.0"," ","R","20","     0.5"," ","R","20","     0.3"," ","R","20","    17.8"," ","P","23","     8.1"," ","P","23","     3.4"," ","P","23","     0.8"," ","P","23","     0.0"," ","P","23","     0.0"," ","P","23","     0.0"," ","P","23","     0.0"," ","P","23","    0.03"," ","P","23","    0.08"," ","P","23","    0.19"," ","P","23","    0.09"," ","R","19","    0.66"," ","R","19","    10.6"," ","P","23","     7.6"," ","P","23","     4.6"," ","P","23","     2.9"," ","P","23","     1.6"," ","P","23","     0.8"," ","P","23","     0.0"," ","P","23","     0.0"," ","P","23","     0.6"," ","P","23","     1.3"," ","P","23","     3.0"," ","P","23","     0.9"," ","P","15","     8.7"," ","P","15"
"USC00426601","02-05"," 37.8156","-112.4389","2026.0","PANGUITCH, UT US","02","05","99","    25.6"," ","R","20","    41.8"," ","R","20","     9.3"," ","R","22","    32.5"," ","R","20","     7.9"," ","R","20","     8.3"," ","R","20","    10.3"," ","R","22","     9.4"," ","R","20","    39.4"," ","R","20","    14.5"," ","R","20","    19.4"," ","R","20","    24.4"," ","R","20","    29.4"," ","R","20","    31.4"," ","R","20","    34.4"," ","R","20","     0.0"," ","R","20","     0.0","X","R","20","     0.0","X","R","20","     0.0"," ","R","20","     0.0"," ","R","20","     0.0"," ","R","20","     0.0"," ","R","20","     0.0"," ","R","20","     0.0"," ","R","20","     0.0"," ","R","20","     0.0","X","R","20","     0.0","X","R","20","     0.0"," ","R","20","     0.0"," ","R","20","     0.0"," ","R","20","     0.0"," ","R","20","     0.0"," ","R","20","     0.0"," ","R","20","     0.5"," ","R","20","     0.3"," ","R","20","    17.8"," ","P","23","     8.1"," ","P","23","     3.4"," ","P","23","     0.8"," ","P","23","     0.0"," ","P","23","     0.0"," ","P","23","     0.0"," ","P","23","     0.0"," ","P","23","    0.03"," ","P","23","    0.08"," ","P","23","    0.19"," ","P","23","    0.11"," ","R","19","    0.68"," ","R","19","    10.6"," ","P","23","     7.6"," ","P","23","     4.6"," ","P","23","     2.9"," ","P","23","     1.6"," ","P","23","     0.8"," ","P","23","     0.0"," ","P","23","     0.0"," ","P","23","     0.6"," ","P"," 0","     1.3"," ","P"," 0","     3.0"," ","P"," 0","     1.1"," ","P","15","     8.9"," ","P","15"
"USC00426601","02-06"," 37.8156","-112.4389","2026.0","PANGUITCH, UT US","02","06","99","    25.7"," ","R","20","    42.0"," ","R","20","     9.4"," ","R","22","    32.5"," ","R","20","     7.9"," ","R","20","     8.4"," ","R","20","    10.2"," ","R","22","     9.3"," ","R","20","    39.3"," ","R","20","    14.3"," ","R","20","    19.3"," ","R","20","    24.3"," ","R","20","    29.3"," ","R","20","    31.3"," ","R","20","    34.3"," ","R","20","     0.0"," ","R","20","     0.0","X","R","20","     0.0","X","R","20","     0.0"," ","R","20","     0.0"," ","R","20","     0.0"," ","R","20","     0.0"," ","R","20","     0.0"," ","R","20","     0.0"," ","R","20","     0.0"," ","R","20","     0.0","X","R","20","     0.0","X","R","20","     0.0"," ","R","20","     0.0"," ","R","20","     0.0"," ","R","20","     0.0"," ","R","20","     0.0"," ","R","20","     0.0"," ","R","20","     0.5"," ","R","20","     0.3"," ","R","20","    17.8"," ","P","23","     8.2"," ","P","23","     3.5"," ","P","23","     0.8"," ","P","23","     0.0"," ","P","23","     0.0"," ","P","23","     0.0"," ","P","23","     0.0"," ","P","23","    0.03"," ","P","23","    0.08"," ","P","23","    0.19"," ","P","23","    0.13"," ","R","19","    0.70"," ","R","19","    10.6"," ","P","23","     7.6"," ","P","23","     4.6"," ","P","23","     2.9"," ","P","23","     1.6"," ","P","23","     0.9"," ","P","23","     0.0"," ","P","23","     0.0"," ","P","23","     0.6"," ","P","23","     1.3"," ","P","23","     3.0"," ","P","23","     1.3"," ","P","15","     9.1"," ","P","15"
"USC00426601","02-07"," 37.8156","-112.4389","2026.0","PANGUITCH, UT US","02","07","99","    25.8"," ","R","20","    42.1"," ","R","20","     9.6"," ","R","22","    32.5"," ","R","20","     7.9"," ","R","20","     8.4"," ","R","20","    10.2"," ","R","22","     9.3"," ","R","20","    39.2"," ","R","20","    14.2"," ","R","20","    19.2"," ","R","20","    24.2"," ","R","20","    29.2"," ","R","20","    31.2"," ","R","20","    34.2"," ","R","20","     0.0"," ","R","20","     0.0","X","R","20","     0.0","X","R","20","     0.0"," ","R","20","     0.0"," ","R","20","     0.0"," ","R","20","     0.0"," ","R","20","     0.0"," ","R","20","     0.0"," ","R","20","     0.0"," ","R","20","     0.0","X","R","20","     0.0","X","R","20","     0.0"," ","R","20","     0.0"," ","R","20","     0.0"," ","R","20","     0.0"," ","R","20","     0.0"," ","R","20","     0.0"," ","R","20","     0.5"," ","R","20","     0.3"," ","R","20","    17.9"," ","P","23","     8.2"," ","P","23","     3.5"," ","P","23","     0.8"," ","P","23","     0.0"," ","P","23","     0.0"," ","P","23","     0.0"," ","P","23","     0.0"," ","P","23","    0.03"," ","P","23","    0.08"," ","P","23","    0.20"," ","P","23","    0.16"," ","R","19","    0.73"," ","R","19","    10.6"," ","P","23","     7.6"," ","P","23","     4.6"," ","P","23","     2.9"," ","P","23","     1.6"," ","P","23","     0.9"," ","P","23","     0.0"," ","P","23","     0.0"," ","P","23","     0.6"," ","P","23","     1.3"," ","P","23","     3.0"," ","P","23","     1.5"," ","P","15","     9.3"," ","P","15"
"USC00426601","02-08"," 37.8156","-112.4389","2026.0","PANGUITCH, UT US","02","08","99","    26.0"," ","R","20","    42.3"," ","R","20","     9.7"," ","R","22","    32.6"," ","R","20","     7.9"," ","R","20","     8.5"," ","R","20","    10.2"," ","R","22","     9.3"," ","R","20","    39.0"," ","R","20","    14.0"," ","R","20","    19.0"," ","R","20","    24.0"," ","R","20","    29.0"," ","R","20","    31.0"," ","R","20","    34.0"," ","R","20","     0.0"," ","R","20","     0.0","X","R","20","     0.0","X","R","20","     0.0"," ","R","20","     0.0"," ","R","20","     0.0"," ","R","20","     0.0"," ","R","20","     0.0"," ","R","20","     0.0"," ","R","20","     0.0"," ","R","20","     0.0","X","R","20","     0.0","X","R","20","     0.0"," ","R","20","     0.0"," ","R","20","     0.0"," ","R","20","     0.0"," ","R","20","     0.0"," ","R","20","     0.0"," ","R","20","     0.5"," ","R","20","     0.3"," ","R","20","    18.0"," ","P","23","     8.3"," ","P","23","     3.6"," ","P","23","     0.9"," ","P","23","     0.0"," ","P","23","     0.0"," ","P","23","     0.0"," ","P","23","     0.0"," ","P","23","    0.03"," ","P","23","    0.08"," ","P","23","    0.20"," ","P","23","    0.18"," ","R","19","    0.75"," ","R","19","    10.6"," ","P","23","     7.6"," ","P","23","     4.7"," ","P","23","     2.9"," ","P","23","     1.7"," ","P","23","     0.9"," ","P","23","     0.0"," ","P","23","     0.0"," ","P","23","     0.6"," ","P","23","     1.3"," ","P","23","     3.0"," ","P","23","     1.7"," ","P","15","     9.5"," ","P","15"
"USC00426601","02-09"," 37.8156","-112.4389","2026.0","PANGUITCH, UT US","02","09","99","    26.1"," ","R","20","    42.4"," ","R","20","     9.8"," ","R","22","    32.6"," ","R","20","     8.0"," ","R","20","     8.6"," ","R","20","    10.1"," ","R","22","     9.3"," ","R","20","    38.9"," ","R","20","    13.9"," ","R","20","    18.9"," ","R","20","    23.9"," ","R","20","    28.9"," ","R","20","    30.9"," ","R","20","    33.9"," ","R","20","     0.0"," ","R","20","     0.0","X","R","20","     0.0","X","R","20","     0.0"," ","R","20","     0.0"," ","R","20","     0.0"," ","R","20","     0.0"," ","R","20","     0.0"," ","R","20","     0.0"," ","R","20","     0.0"," ","R","20","     0.0","X","R","20","     0.0","X","R","20","     0.0"," ","R","20","     0.0"," ","R","20","     0.0"," ","R","20","     0.0"," ","R","20","     0.0"," ","R","20","     0.0"," ","R","20","     0.5"," ","R","20","     0.3"," ","R","20","    18.0"," ","P","23","     8.4"," ","P","23","     3.7"," ","P","23","     0.9"," ","P","23","     0.0"," ","P","23","     0.0"," ","P","23","     0.0"," ","P","23","     0.0"," ","P","23","    0.03"," ","P","23","    0.08"," ","P","23","    0.20"," ","P","23","    0.20"," ","R","19","    0.77"," ","R","19","    10.6"," ","P","23","     7.6"," ","P","23","     4.7"," ","P","23","     2.9"," ","P","23","     1.7"," ","P","23","     0.9"," ","P","23","     0.0"," ","P","23","     0.0"," ","P","23","     0.6"," ","P","23","     1.4"," ","P","23","     3.0"," ","P","23","     1.9"," ","P","15","     9.7"," ","P","15"
"USC00426601","02-10"," 37.8156","-112.4389","2026.0","PANGUITCH, UT US","02","10","99","    26.3"," ","R","20","    42.6"," ","R","20","    10.0"," ","R","22","    32.6"," ","R","20","     8.0"," ","R","20","     8.6"," ","R","20","    10.1"," ","R","22","     9.3"," ","R","20","    38.7"," ","R","20","    13.7"," ","R","20","    18.7"," ","R","20","    23.7"," ","R","20","    28.7"," ","R","20","    30.7"," ","R","20","    33.7"," ","R","20","     0.0"," ","R","20","     0.0","X","R","20","     0.0","X","R","20","     0.0"," ","R","20","     0.0"," ","R","20","     0.0"," ","R","20","     0.0"," ","R","20","     0.0"," ","R","20","     0.0"," ","R","20","     0.0"," ","R","20","     0.0","X","R","20","     0.0","X","R","20","     0.0"," ","R","20","     0.0"," ","R","20","     0.0"," ","R","20","     0.0"," ","R","20","     0.0"," ","R","20","     0.0"," ","R","20","     0.5"," ","R","20","     0.3"," ","R","20","    18.1"," ","P","23","     8.5"," ","P","23","     3.7"," ","P","23","     0.9"," ","P","23","     0.0"," ","P","23","     0.0"," ","P","23","     0.0"," ","P","23","     0.0"," ","P","23","    0.03"," ","P","23","    0.08"," ","P","23","    0.21"," ","P","23","    0.23"," ","R","19","    0.80"," ","R","19","    10.6"," ","P","23","     7.7"," ","P","23","     4.7"," ","P","23","     2.9"," ","P","23","     1.7"," ","P","23","     1.0"," ","P","23","     0.0"," ","P","23","     0.0"," ","P","23","     0.6"," ","P","23","     1.4"," ","P","23","     3.0"," ","P","23","     2.1"," ","P","15","     9.9"," ","P","15"
"USC00426601","02-11"," 37.8156","-112.4389","2026.0","PANGUITCH, UT US","02","11","99","    26.5"," ","R","20","    42.8"," ","R","20","    10.2"," ","R","22","    32.6"," ","R","20","     8.0"," ","R","20","     8.7"," ","R","20","    10.1"," ","R","22","     9.3"," ","R","20","    38.5"," ","R","20","    13.5"," ","R","20","    18.5"," ","R","20","    23.5"," ","R","20","    28.5"," ","R","20","    30.5"," ","R","20","    33.5"," ","R","20","     0.0"," ","R","20","     0.0","X","R","20","     0.0","X","R","20","     0.0"," ","R","20","     0.0"," ","R","20","     0.0"," ","R","20","     0.0"," ","R","20","     0.0"," ","R","20","     0.0"," ","R","20","     0.0"," ","R","20","     0.0","X","R","20","     0.0","X","R","20","     0.0"," ","R","20","     0.0"," ","R","20","     0.0"," ","R","20","     0.0"," ","R","20","     0.0"," ","R","20","     0.0"," ","R","20","     0.5"," ","R","20","     0.3"," ","R","20","    18.2"," ","P","23","     8.5"," ","P","23","     3.8"," ","P","23","     1.0"," ","P","23","     0.0"," ","P","23","     0.0"," ","P","23","     0.0"," ","P","23","     0.0"," ","P","23","    0.03"," ","P","23","    0.08"," ","P","23","    0.21"," ","P","23","    0.25"," ","R","19","    0.82"," ","R","19","    10.7"," ","P","23","     7.7"," ","P","23","     4.7"," ","P","23","     2.9"," ","P","23","     1.8"," ","P","23","     1.0"," ","P","23","     0.0"," ","P","23","     0.0"," ","P","23","     0.6"," ","P","23","     1.4"," ","P","23","     3.0"," ","P","23","     2.4"," ","P","15","    10.2"," ","P","15"
"USC00426601","02-12"," 37.8156","-112.4389","2026.0","PANGUITCH, UT US","02","12","99","    26.7"," ","R","20","    42.9"," ","R","20","    10.4"," ","R","22","    32.6"," ","R","20","     8.0"," ","R","20","     8.7"," ","R","20","    10.1"," ","R","22","     9.3"," ","R","20","    38.3"," ","R","20","    13.4"," ","R","20","    18.3"," ","R","20","    23.3"," ","R","20","    28.3"," ","R","20","    30.3"," ","R","20","    33.3"," ","R","20","     0.0"," ","R","20","     0.0","X","R","20","     0.0","X","R","20","     0.0"," ","R","20","     0.0"," ","R","20","     0.0"," ","R","20","     0.0"," ","R","20","     0.0"," ","R","20","     0.0"," ","R","20","     0.0"," ","R","20","     0.0","X","R","20","     0.0","X","R","20","     0.0"," ","R","20","     0.0"," ","R","20","     0.0"," ","R","20","     0.0"," ","R","20","     0.0"," ","R","20","     0.0"," ","R","20","     0.5"," ","R","20","     0.3"," ","R","20","    18.3"," ","P","23","     8.6"," ","P","23","     3.9"," ","P","23","     1.0"," ","P","23","     0.0"," ","P","23","     0.0"," ","P","23","     0.0"," ","P","23","     0.0"," ","P","23","    0.03"," ","P","23","    0.08"," ","P","23","    0.21"," ","P","23","    0.27"," ","R","19","    0.84"," ","R","19","    10.7"," ","P","23","     7.7"," ","P","23","     4.7"," ","P","23","     2.9"," ","P","23","     1.8"," ","P","23","     1.0"," ","P","23","     0.0"," ","P","23","     0.0"," ","P","23","     0.6"," ","P","23","     1.4"," ","P","23","     3.0"," ","P","23","     2.6"," ","P","15","    10.4"," ","P","15"
"USC00426601","02-13"," 37.8156","-112.4389","2026.0","PANGUITCH, UT US","02","13","99","    26.9"," ","R","20","    43.1"," ","R","20","    10.6"," ","R","22","    32.5"," ","R","20","     8.0"," ","R","20","     8.7"," ","R","20","    10.1"," ","R","22","     9.3"," ","R","20","    38.1"," ","R","20","    13.2"," ","R","20","    18.1"," ","R","20","    23.1"," ","R","20","    28.1"," ","R","20","    30.1"," ","R","20","    33.1"," ","R","20","     0.0"," ","R","20","     0.0","X","R","20","     0.0","X","R","20","     0.0"," ","R","20","     0.0"," ","R","20","     0.0"," ","R","20","     0.0"," ","R","20","     0.0"," ","R","20","     0.0"," ","R","20","     0.0"," ","R","20","     0.0","X","R","20","     0.0","X","R","20","     0.0"," ","R","20","     0.0"," ","R","20","     0.0"," ","R","20","     0.0"," ","R","20","     0.0"," ","R","20","     0.0"," ","R","20","     0.6"," ","R","20","     0.3"," ","R","20","    18.3"," ","P","23","     8.7"," ","P","23","     4.0"," ","P","23","     1.1"," ","P","23","     0.0"," ","P","23","     0.0"," ","P","23","     0.0"," ","P","23","     0.0"," ","P","23","    0.03"," ","P","23","    0.08"," ","P","23","    0.22"," ","P","23","    0.30"," ","R","19","    0.87"," ","R","19","    10.8"," ","P","23","     7.7"," ","P","23","     4.7"," ","P","23","     2.9"," ","P","23","     1.9"," ","P","23","     1.0"," ","P","23","     0.0"," ","P","23","     0.0"," ","P","23","     0.6"," ","P","23","     1.4"," ","P","23","     3.0"," ","P","23","     2.8"," ","P","15","    10.6"," ","P","15"
"USC00426601","02-14"," 37.8156","-112.4389","2026.0","PANGUITCH, UT US","02","14","99","    27.1"," ","R","20","    43.3"," ","R","20","    10.8"," ","R","22","    32.5"," ","R","20","     8.0"," ","R","20","     8.8"," ","R","20","    10.1"," ","R","22","     9.3"," ","R","20","    37.9"," ","R","20","    13.0"," ","R","20","    17.9"," ","R","20","    22.9"," ","R","20","    27.9"," ","R","20","    29.9"," ","R","20","    32.9"," ","R","20","     0.0"," ","R","20","     0.0","X","R","20","     0.0","X","R","20","     0.0"," ","R","20","     0.0"," ","R","20","     0.0"," ","R","20","     0.0"," ","R","20","     0.0"," ","R","20","     0.0"," ","R","20","     0.0"," ","R","20","     0.0","X","R","20","     0.0","X","R","20","     0.0"," ","R","20","     0.0"," ","R","20","     0.0"," ","R","20","     0.0"," ","R","20","     0.0"," ","R","20","     0.0"," ","R","20","     0.6"," ","R","20","     0.4"," ","R","20","    18.4"," ","P","23","     8.8"," ","P","23","     4.0"," ","P","23","     1.1"," ","P","23","     0.0"," ","P","23","     0.0"," ","P","23","     0.0"," ","P","23","     0.0"," ","P","23","    0.03"," ","P","23","    0.08"," ","P","23","    0.22"," ","P","23","    0.32"," ","R","19","    0.89"," ","R","19","    10.8"," ","P","23","     7.7"," ","P","23","     4.7"," ","P","23","     2.9"," ","P","23","     1.9"," ","P","23","     1.1"," ","P","23","     0.0"," ","P","23","     0.0"," ","P","23","     0.6"," ","P","23","     1.4"," ","P","23","     3.0"," ","P","23","     3.0"," ","P","15","    10.8"," ","P","15"
"USC00426601","02-15"," 37.8156","-112.4389","2026.0","PANGUITCH, UT US","02","15","99","    27.3"," ","R","20","    43.5"," ","R","20","    11.0"," ","R","22","    32.5"," ","R","20","     8.0"," ","R","20","     8.8"," ","R","20","    10.0"," ","R","22","     9.3"," ","R","20","    37.7"," ","R","20","    12.7"," ","R","20","    17.7"," ","R","20","    22.7"," ","R","20","    27.7"," ","R","20","    29.7"," ","R","20","    32.7"," ","R","20","     0.0"," ","R","20","     0.0","X","R","20","     0.0","X","R","20","     0.0"," ","R","20","     0.0"," ","R","20","     0.0"," ","R","20","     0.0"," ","R","20","     0.0"," ","R","20","     0.0"," ","R","20","     0.0"," ","R","20","     0.0","X","R","20","     0.0","X","R","20","     0.0"," ","R","20","     0.0"," ","R","20","     0.0"," ","R","20","     0.0"," ","R","20","     0.0"," ","R","20","     0.0"," ","R","20","     0.7"," ","R","20","     0.4"," ","R","20","    18.5"," ","P","23","     8.8"," ","P","23","     4.1"," ","P","23","     1.2"," ","P","23","     0.0"," ","P","23","     0.0"," ","P","23","     0.0"," ","P","23","     0.0"," ","P","23","    0.04"," ","P","23","    0.09"," ","P","23","    0.22"," ","P","23","    0.35"," ","R","19","    0.92"," ","R","19","    10.8"," ","P","23","     7.7"," ","P","23","     4.7"," ","P","23","     2.9"," ","P","23","     1.9"," ","P","23","     1.1"," ","P","23","     0.0"," ","P","23","     0.0"," ","P","23","     0.6"," ","P","23","     1.5"," ","P","23","     3.0"," ","P","23","     3.2"," ","P","15","    11.0"," ","P","15"
"USC00426601","02-16"," 37.8156","-112.4389","2026.0","PANGUITCH, UT US","02","16","99","    27.5"," ","R","20","    43.8"," ","R","20","    11.3"," ","R","22","    32.5"," ","R","20","     8.0"," ","R","20","     8.8"," ","R","20","    10.0"," ","R","22","     9.3"," ","R","20","    37.5"," ","R","20","    12.5"," ","R","20","    17.5"," ","R","20","    22.5"," ","R","20","    27.5"," ","R","20","    29.5"," ","R","20","    32.5"," ","R","20","     0.0"," ","R","20","     0.1"," ","R","20","     0.0","X","R","20","     0.0"," ","R","20","     0.0"," ","R","20","     0.0"," ","R","20","     0.0"," ","R","20","     0.0"," ","R","20","     0.0"," ","R","20","     0.0"," ","R","20","     0.1"," ","R","20","     0.0","X","R","20","     0.0"," ","R","20","     0.0"," ","R","20","     0.0"," ","R","20","     0.0"," ","R","20","     0.0"," ","R","20","     0.0"," ","R","20","     0.7"," ","R","20","     0.5"," ","R","20","    18.6"," ","P","23","     8.9"," ","P","23","     4.1"," ","P","23","     1.2"," ","P","23","     0.0"," ","P","23","     0.0"," ","P","23","     0.0"," ","P","23","     0.0"," ","P","23","    0.04"," ","P","23","    0.09"," ","P","23","    0.23"," ","P","23","    0.37"," ","R","19","    0.94"," ","R","19","    10.9"," ","P","23","     7.7"," ","P","23","     4.7"," ","P","23","     2.9"," ","P","23","     2.0"," ","P","23","     1.1"," ","P","23","     0.0"," ","P","23","     0.0"," ","P","23","     0.6"," ","P","23","     1.5"," ","P","23","     3.0"," ","P","23","     3.4"," ","P","15","    11.2"," ","P","15"
"USC00426601","02-17"," 37.8156","-112.4389","2026.0","PANGUITCH, UT US","02","17","99","    27.8"," ","R","20","    44.0"," ","R","20","    11.5"," ","R","22","    32.4"," ","R","20","     8.0"," ","R","20","     8.8"," ","R","20","     9.9"," ","R","22","     9.3"," ","R","20","    37.2"," ","R","20","    12.3"," ","R","20","    17.2"," ","R","20","    22.2"," ","R","20","    27.2"," ","R","20","    29.2"," ","R","20","    32.2"," ","R","20","     0.0"," ","R","20","     0.1"," ","R","20","     0.0","X","R","20","     0.0"," ","R","20","     0.0"," ","R","20","     0.0"," ","R","20","     0.0"," ","R","20","     0.0"," ","R","20","     0.0"," ","R","20","     0.0"," ","R","20","     0.1"," ","R","20","     0.0","X","R","20","     0.0"," ","R","20","     0.0"," ","R","20","     0.0"," ","R","20","     0.0"," ","R","20","     0.0"," ","R","20","     0.0"," ","R","20","     0.8"," ","R","20","     0.5"," ","R","20","    18.7"," ","P","23","     8.9"," ","P","23","     4.2"," ","P","23","     1.2"," ","P","23","     0.0"," ","P","23","     0.0"," ","P","23","     0.0"," ","P","23","     0.0"," ","P","23","    0.04"," ","P","23","    0.09"," ","P","23","    0.23"," ","P","23","    0.40"," ","R","19","    0.97"," ","R","19","    10.9"," ","P","23","     7.7"," ","P","23","     4.7"," ","P","23","     2.9"," ","P","23","     2.0"," ","P","23","     1.1"," ","P","23","     0.0"," ","P","23","     0.0"," ","P","23","     0.6"," ","P","23","     1.5"," ","P","23","     3.0"," ","P","23","     3.7"," ","P","15","    11.5"," ","P","15"
"USC00426601","02-18"," 37.8156","-112.4389","2026.0","PANGUITCH, UT US","02","18","99","    28.0"," ","R","20","    44.2"," ","R","20","    11.8"," ","R","22","    32.4"," ","R","20","     8.0"," ","R","20","     8.8"," ","R","20","     9.9"," ","R","22","     9.4"," ","R","20","    37.0"," ","R","20","    12.1"," ","R","20","    17.0"," ","R","20","    22.0"," ","R","20","    27.0"," ","R","20","    29.0"," ","R","20","    32.0"," ","R","20","     0.0"," ","R","20","     0.1"," ","R","20","     0.0","X","R","20","     0.0"," ","R","20","     0.0"," ","R","20","     0.0"," ","R","20","     0.0"," ","R","20","     0.0"," ","R","20","     0.0"," ","R","20","     0.0"," ","R","20","     0.1"," ","R","20","     0.0","X","R","20","     0.0"," ","R","20","     0.0"," ","R","20","     0.0"," ","R","20","     0.0"," ","R","20","     0.0"," ","R","20","     0.0"," ","R","20","     0.8"," ","R","20","     0.5"," ","R","20","    18.8"," ","P","23","     8.9"," ","P","23","     4.2"," ","P","23","     1.3"," ","P","23","     0.0"," ","P","23","     0.0"," ","P","23","     0.0"," ","P","23","     0.0"," ","P","23","    0.04"," ","P","23","    0.09"," ","P","23","    0.23"," ","P","23","    0.42"," ","R","19","    0.99"," ","R","19","    10.9"," ","P","23","     7.7"," ","P","23","     4.7"," ","P","23","     2.9"," ","P","23","     2.1"," ","P","23","     1.2"," ","P","23","     0.0"," ","P","23","     0.0"," ","P","23","     0.6"," ","P","23","     1.5"," ","P","23","     3.0"," ","P","23","     3.9"," ","P","15","    11.7"," ","P","15"
"USC00426601","02-19"," 37.8156","-112.4389","2026.0","PANGUITCH, UT US","02","19","99","    28.3"," ","R","20","    44.5"," ","R","20","    12.1"," ","R","22","    32.4"," ","R","20","     7.9"," ","R","20","     8.8"," ","R","20","     9.8"," ","R","22","     9.4"," ","R","20","    36.7"," ","R","20","    11.8"," ","R","20","    16.7"," ","R","20","    21.7"," ","R","20","    26.7"," ","R","20","    28.7"," ","R","20","    31.7"," ","R","20","     0.0"," ","R","20","     0.1"," ","R","20","     0.0","X","R","20","     0.0"," ","R","20","     0.0"," ","R","20","     0.0"," ","R","20","     0.0"," ","R","20","     0.0"," ","R","20","     0.0"," ","R","20","     0.0"," ","R","20","     0.1"," ","R","20","     0.0","X","R","20","     0.0"," ","R","20","     0.0"," ","R","20","     0.0"," ","R","20","     0.0"," ","R","20","     0.0"," ","R","20","     0.0"," ","R","20","     0.9"," ","R","20","     0.6"," ","R","20","    18.9"," ","P","23","     9.0"," ","P","23","     4.2"," ","P","23","     1.3"," ","P","23","     0.0"," ","P","23","     0.0"," ","P","23","     0.0"," ","P","23","     0.0"," ","P","23","    0.04"," ","P","23","    0.09"," ","P","23","    0.23"," ","P","23","    0.45"," ","R","19","    1.02"," ","R","19","    10.9"," ","P","23","     7.6"," ","P","23","     4.7"," ","P","23","     2.9"," ","P","23","     2.1"," ","P","23","     1.2"," ","P","23","     0.0"," ","P","23","     0.0"," ","P","23","     0.6"," ","P","23","     1.5"," ","P","23","     3.0"," ","P","23","     4.1"," ","P","15","    11.9"," ","P","15"
"USC00426601","02-20"," 37.8156","-112.4389","2026.0","PANGUITCH, UT US","02","20","99","    28.5"," ","R","20","    44.7"," ","R","20","    12.4"," ","R","22","    32.3"," ","R","20","     7.9"," ","R","20","     8.8"," ","R","20","     9.8"," ","R","22","     9.4"," ","R","20","    36.5"," ","R","20","    11.6"," ","R","20","    16.5"," ","R","20","    21.5"," ","R","20","    26.5"," ","R","20","    28.5"," ","R","20","    31.5"," ","R","20","     0.0"," ","R","20","     0.1"," ","R","20","     0.0","X","R","20","     0.0"," ","R","20","     0.0"," ","R","20","     0.0"," ","R","20","     0.0"," ","R","20","     0.0"," ","R","20","     0.0"," ","R","20","     0.0"," ","R","20","     0.1"," ","R","20","     0.0","X","R","20","     0.0"," ","R","20","     0.0"," ","R","20","     0.0"," ","R","20","     0.0"," ","R","20","     0.0"," ","R","20","     0.0"," ","R","20","     1.0"," ","R","20","     0.7"," ","R","20","    18.9"," ","P","23","     9.0"," ","P","23","     4.3"," ","P","23","     1.3"," ","P","23","     0.0"," ","P","23","     0.0"," ","P","23","     0.0"," ","P","23","     0.0"," ","P","23","    0.04"," ","P","23","    0.09"," ","P","23","    0.23"," ","P","23","    0.47"," ","R","19","    1.04"," ","R","19","    10.9"," ","P","23","     7.6"," ","P","23","     4.7"," ","P","23","     2.9"," ","P","23","     2.1"," ","P","23","     1.2"," ","P","23","     0.0"," ","P","23","     0.0"," ","P","23","     0.6"," ","P","23","     1.5"," ","P","23","     3.0"," ","P","23","     4.4"," ","P","15","    12.2"," ","P","15"
"USC00426601","02-21"," 37.8156","-112.4389","2026.0","PANGUITCH, UT US","02","21","99","    28.8"," ","R","20","    45.0"," ","R","20","    12.7"," ","R","22","    32.3"," ","R","20","     7.8"," ","R","20","     8.8"," ","R","20","     9.7"," ","R","22","     9.4"," ","R","20","    36.2"," ","R","20","    11.3"," ","R","20","    16.2"," ","R","20","    21.2"," ","R","20","    26.2"," ","R","20","    28.2"," ","R","20","    31.2"," ","R","20","     0.0"," ","R","20","     0.1"," ","R","20","     0.0"," ","R","20","     0.0"," ","R","20","     0.0"," ","R","20","     0.0"," ","R","20","     0.0"," ","R","20","     0.0"," ","R","20","     0.0"," ","R","20","     0.0"," ","R","20","     0.1"," ","R","20","     0.0"," ","R","20","     0.0"," ","R","20","     0.0"," ","R","20","     0.0"," ","R","20","     0.0"," ","R","20","     0.0"," ","R","20","     0.0"," ","R","20","     1.0"," ","R","20","     0.7"," ","R","20","    19.0"," ","P","23","     9.0"," ","P","23","     4.3"," ","P","23","     1.4"," ","P","23","     0.0"," ","P","23","     0.0"," ","P","23","     0.0"," ","P","23","     0.0"," ","P","23","    0.04"," ","P","23","    0.09"," ","P","23","    0.23"," ","P","23","    0.50"," ","R","19","    1.07"," ","R","19","    10.8"," ","P","23","     7.6"," ","P","23","     4.7"," ","P","23","     2.9"," ","P","23","     2.2"," ","P","23","     1.2"," ","P","23","     0.0"," ","P","23","     0.0"," ","P","23","     0.6"," ","P","23","     1.5"," ","P","23","     3.0"," ","P","23","     4.6"," ","P","15","    12.4"," ","P","15"
"USC00426601","02-22"," 37.8156","-112.4389","2026.0","PANGUITCH, UT US","02","22","99","    29.1"," ","R","20","    45.2"," ","R","20","    13.0"," ","R","22","    32.3"," ","R","20","     7.8"," ","R","20","     8.8"," ","R","20","     9.6"," ","R","22","     9.4"," ","R","20","    35.9"," ","R","20","    11.0"," ","R","20","    15.9"," ","R","20","    20.9"," ","R","20","    25.9"," ","R","20","    27.9"," ","R","20","    30.9"," ","R","20","     0.0"," ","R","20","     0.1"," ","R","20","     0.0"," ","R","20","     0.0"," ","R","20","     0.0"," ","R","20","     0.0"," ","R","20","     0.0"," ","R","20","     0.0"," ","R","20","     0.0"," ","R","20","     0.0"," ","R","20","     0.1"," ","R","20","     0.0"," ","R","20","     0.0"," ","R","20","     0.0"," ","R","20","     0.0"," ","R","20","     0.0"," ","R","20","     0.0"," ","R","20","     0.0"," ","R","20","     1.1"," ","R","20","     0.8"," ","R","20","    19.0"," ","P","23","     9.0"," ","P","23","     4.3"," ","P","23","     1.4"," ","P","23","     0.0"," ","P","23","     0.0"," ","P","23","     0.0"," ","P","23","     0.0"," ","P","23","    0.04"," ","P","23","    0.09"," ","P","23","    0.23"," ","P","23","    0.53"," ","R","19","    1.10"," ","R","19","    10.8"," ","P","23","     7.5"," ","P","23","     4.6"," ","P","23","     2.9"," ","P","23","     2.2"," ","P","23","     1.2"," ","P","23","     0.0"," ","P","23","     0.0"," ","P","23","     0.6"," ","P","23","     1.5"," ","P","23","     3.0"," ","P","23","     4.8"," ","P","15","    12.6"," ","P","15"
"USC00426601","02-23"," 37.8156","-112.4389","2026.0","PANGUITCH, UT US","02","23","99","    29.4"," ","R","20","    45.5"," ","R","20","    13.3"," ","R","22","    32.2"," ","R","20","     7.7"," ","R","20","     8.8"," ","R","20","     9.5"," ","R","22","     9.4"," ","R","20","    35.6"," ","R","20","    10.7"," ","R","20","    15.6"," ","R","20","    20.6"," ","R","20","    25.6"," ","R","20","    27.6"," ","R","20","    30.6"," ","R","20","     0.0"," ","R","20","     0.1"," ","R","20","     0.0"," ","R","20","     0.0"," ","R","20","     0.0"," ","R","20","     0.0"," ","R","20","     0.0"," ","R","20","     0.0"," ","R","20","     0.0"," ","R","20","     0.0"," ","R","20","     0.1"," ","R","20","     0.0"," ","R","20","     0.0"," ","R","20","     0.0"," ","R","20","     0.0"," ","R","20","     0.0"," ","R","20","     0.0"," ","R","20","     0.0"," ","R","20","     1.2"," ","R","20","     0.9"," ","R","20","    18.9"," ","P","23","     9.0"," ","P","23","     4.3"," ","P","23","     1.4"," ","P","23","     0.0"," ","P","23","     0.0"," ","P","23","     0.0"," ","P","23","     0.0"," ","P","23","    0.04"," ","P","23","    0.09"," ","P","23","    0.23"," ","P","23","    0.56"," ","R","19","    1.13"," ","R","19","    10.7"," ","P","23","     7.5"," ","P","23","     4.6"," ","P","23","     2.9"," ","P","23","     2.2"," ","P","23","     1.3"," ","P","23","     0.0"," ","P","23","     0.0"," ","P","23","     0.6"," ","P","23","     1.5"," ","P","23","     3.0"," ","P","23","     5.0"," ","P","15","    12.8"," ","P","15"
"USC00426601","02-24"," 37.8156","-112.4389","2026.0","PANGUITCH, UT US","02","24","99","    29.7"," ","R","20","    45.8"," ","R","20","    13.6"," ","R","22","    32.2"," ","R","20","     7.7"," ","R","20","     8.8"," ","R","20","     9.4"," ","R","22","     9.5"," ","R","20","    35.3"," ","R","20","    10.4"," ","R","20","    15.3"," ","R","20","    20.3"," ","R","20","    25.3"," ","R","20","    27.3"," ","R","20","    30.3"," ","R","20","     0.0"," ","R","20","     0.1"," ","R","20","     0.0","X","R","20","     0.0"," ","R","20","     0.0"," ","R","20","     0.0"," ","R","20","     0.0"," ","R","20","     0.0"," ","R","20","     0.0"," ","R","20","     0.0"," ","R","20","     0.1"," ","R","20","     0.0","X","R","20","     0.0"," ","R","20","     0.0"," ","R","20","     0.0"," ","R","20","     0.0"," ","R","20","     0.0"," ","R","20","     0.0"," ","R","20","     1.3"," ","R","20","     0.9"," ","R","20","    18.9"," ","P","23","     9.0"," ","P","23","     4.2"," ","P","23","     1.4"," ","P","23","     0.0"," ","P","23","     0.0"," ","P","23","     0.0"," ","P","23","     0.0"," ","P","23","    0.04"," ","P","23","    0.09"," ","P","23","    0.23"," ","P","23","    0.58"," ","R","19","    1.15"," ","R","19","    10.6"," ","P","23","     7.4"," ","P","23","     4.6"," ","P","23","     2.8"," ","P","23","     2.2"," ","P","23","     1.3"," ","P","23","     0.0"," ","P","23","     0.0"," ","P","23","     0.6"," ","P","23","     1.5"," ","P","23","     3.0"," ","P","23","     5.3"," ","P","15","    13.1"," ","P","15"
"USC00426601","02-25"," 37.8156","-112.4389","2026.0","PANGUITCH, UT US","02","25","99","    30.0"," ","R","20","    46.1"," ","R","20","    13.9"," ","R","22","    32.2"," ","R","20","     7.6"," ","R","20","     8.8"," ","R","20","     9.4"," ","R","22","     9.5"," ","R","20","    35.0"," ","R","20","    10.1"," ","R","20","    15.0"," ","R","20","    20.0"," ","R","20","    25.0"," ","R","20","    27.0"," ","R","20","    30.0"," ","R","20","     0.0"," ","R","20","     0.2"," ","R","20","     0.0","X","R","20","     0.0"," ","R","20","     0.0"," ","R","20","     0.0"," ","R","20","     0.0"," ","R","20","     0.0"," ","R","20","     0.0"," ","R","20","     0.0"," ","R","20","     0.2"," ","R","20","     0.0","X","R","20","     0.0"," ","R","20","     0.0"," ","R","20","     0.0"," ","R","20","     0.0"," ","R","20","     0.0"," ","R","20","     0.0"," ","R","20","     1.4"," ","R","20","     1.0"," ","R","20","    18.8"," ","P","23","     8.9"," ","P","23","     4.2"," ","P","23","     1.4"," ","P","23","     0.0"," ","P","23","     0.0"," ","P","23","     0.0"," ","P","23","     0.0"," ","P","23","    0.04"," ","P","23","    0.09"," ","P","23","    0.23"," ","P","23","    0.61"," ","R","19","    1.18"," ","R","19","    10.4"," ","P","23","     7.3"," ","P","23","     4.5"," ","P","23","     2.8"," ","P","23","     2.1"," ","P","23","     1.3"," ","P","23","     0.0"," ","P","23","     0.0"," ","P","23","     0.6"," ","P","23","     1.5"," ","P","23","     3.0"," ","P","23","     5.5"," ","P","15","    13.3"," ","P","15"
"USC00426601","02-26"," 37.8156","-112.4389","2026.0","PANGUITCH, UT US","02","26","99","    30.3"," ","R","20","    46.4"," ","R","20","    14.2"," ","R","22","    32.2"," ","R","20","     7.6"," ","R","20","     8.8"," ","R","20","     9.3"," ","R","22","     9.5"," ","R","20","    34.7"," ","R","20","     9.9"," ","R","20","    14.7"," ","R","20","    19.7"," ","R","20","    24.7"," ","R","20","    26.7"," ","R","20","    29.7"," ","R","20","     0.0"," ","R","20","     0.2"," ","R","20","     0.0","X","R","20","     0.0"," ","R","20","     0.0"," ","R","20","     0.0"," ","R","20","     0.0"," ","R","20","     0.0"," ","R","20","     0.0"," ","R","20","     0.0"," ","R","20","     0.2"," ","R","20","     0.0","X","R","20","     0.0"," ","R","20","     0.0"," ","R","20","     0.0"," ","R","20","     0.0"," ","R","20","     0.0"," ","R","20","     0.0"," ","R","20","     1.4"," ","R","20","     1.1"," ","R","20","    18.8"," ","P","23","     8.9"," ","P","23","     4.1"," ","P","23","     1.4"," ","P","23","     0.0"," ","P","23","     0.0"," ","P","23","     0.0"," ","P","23","     0.0"," ","P","23","    0.04"," ","P","23","    0.09"," ","P","23","    0.22"," ","P","23","    0.64"," ","R","19","    1.21"," ","R","19","    10.3"," ","P","23","     7.1"," ","P","23","     4.4"," ","P","23","     2.7"," ","P","23","     2.1"," ","P","23","     1.3"," ","P","23","     0.0"," ","P","23","     0.0"," ","P","23","     0.6"," ","P","23","     1.5"," ","P","23","     3.0"," ","P","23","     5.7"," ","P","15","    13.5"," ","P","15"
"USC00426601","02-27"," 37.8156","-112.4389","2026.0","PANGUITCH, UT US","02","27","99","    30.6"," ","R","20","    46.7"," ","R","20","    14.6"," ","R","22","    32.1"," ","R","20","     7.5"," ","R","20","     8.8"," ","R","20","     9.2"," ","R","22","     9.5"," ","R","20","    34.4"," ","R","20","     9.6"," ","R","20","    14.4"," ","R","20","    19.4"," ","R","20","    24.4"," ","R","20","    26.4"," ","R","20","    29.4"," ","R","20","     0.0"," ","R","20","     0.2"," ","R","20","     0.0","X","R","20","     0.0"," ","R","20","     0.0"," ","R","20","     0.0"," ","R","20","     0.0"," ","R","20","     0.0"," ","R","20","     0.0"," ","R","20","     0.0"," ","R","20","     0.2"," ","R","20","     0.0","X","R","20","     0.0"," ","R","20","     0.0"," ","R","20","     0.0"," ","R","20","     0.0"," ","R","20","     0.0"," ","R","20","     0.0"," ","R","20","     1.5"," ","R","20","     1.1"," ","R","20","    18.7"," ","P","23","     8.8"," ","P","23","     4.1"," ","P","23","     1.4"," ","P","23","     0.0"," ","P","23","     0.0"," ","P","23","     0.0"," ","P","23","     0.0"," ","P","23","    0.04"," ","P","23","    0.09"," ","P","23","    0.22"," ","P","23","    0.67"," ","R","19","    1.24"," ","R","19","    10.1"," ","P","23","     7.0"," ","P","23","     4.4"," ","P","23","     2.7"," ","P","23","     2.1"," ","P","23","     1.3"," ","P","23","     0.0"," ","P","23","     0.0"," ","P","23","     0.6"," ","P","23","     1.5"," ","P","23","     3.0"," ","P","23","     5.9"," ","P","15","    13.7"," ","P","15"
"USC00426601","02-28"," 37.8156","-112.4389","2026.0","PANGUITCH, UT US","02","28","99","    31.0"," ","R","20","    47.0"," ","R","20","    14.9"," ","R","22","    32.1"," ","R","20","     7.5"," ","R","20","     8.8"," ","R","20","     9.1"," ","R","22","     9.5"," ","R","20","    34.0"," ","R","20","     9.2"," ","R","20","    14.0"," ","R","20","    19.0"," ","R","20","    24.0"," ","R","20","    26.0"," ","R","20","    29.0"," ","R","20","     0.0"," ","R","20","     0.2"," ","R","20","     0.0","X","R","20","     0.0"," ","R","20","     0.0"," ","R","20","     0.0"," ","R","20","     0.0"," ","R","20","     0.0"," ","R","20","     0.0"," ","R","20","     0.0"," ","R","20","     0.2"," ","R","20","     0.0","X","R","20","     0.0"," ","R","20","     0.0"," ","R","20","     0.0"," ","R","20","     0.0"," ","R","20","     0.0"," ","R","20","     0.0"," ","R","20","     1.6"," ","R","20","     1.2"," ","R","20","    18.6"," ","P","23","     8.8"," ","P","23","     4.1"," ","P","23","     1.4"," ","P","23","     0.0"," ","P","23","     0.0"," ","P","23","     0.0"," ","P","23","     0.0"," ","P","23","    0.04"," ","P","23","    0.08"," ","P","23","    0.22"," ","P","23","    0.70"," ","R","19","    1.27"," ","R","19","    10.0"," ","P","23","     6.9"," ","P","23","     4.3"," ","P","23","     2.6"," ","P","23","     2.0"," ","P","23","     1.3"," ","P","23","     0.0"," ","P","23","     0.0"," ","P","23","     0.6"," ","P","23","     1.5"," ","P","23","     3.0"," ","P","23","     6.1"," ","P","15","    13.9"," ","P","15"
"USC00426601","02-29"," 37.8156","-112.4389","2026.0","PANGUITCH, UT US","02","29","99","    31.1"," ","R","20","    47.2"," ","R","20","    15.1"," ","R","22","    32.1"," ","R","20","     7.5"," ","R","20","     8.8"," ","R","20","     9.0"," ","R","22","     9.5"," ","R","20","    33.9"," ","R","20","     9.1"," ","R","20","    13.9"," ","R","20","    18.9"," ","R","20","    23.9"," ","R","20","    25.9"," ","R","20","    28.9"," ","R","20","     0.0"," ","R","20","     0.2"," ","R","20","     0.0","X","R","20","     0.0"," ","R","20","     0.0"," ","R","20","     0.0"," ","R","20","     0.0"," ","R","20","     0.0"," ","R","20","     0.0"," ","R","20","     0.0"," ","R","20","     0.2"," ","R","20","     0.0","X","R","20","     0.0"," ","R","20","     0.0"," ","R","20","     0.0"," ","R","20","     0.0"," ","R","20","     0.0"," ","R","20","     0.0"," ","R","20","     1.6"," ","R","20","     1.2"," ","R","20","    18.5"," ","P","23","     8.7"," ","P","23","     4.0"," ","P","23","     1.4"," ","P","23","     0.0"," ","P","23","     0.0"," ","P","23","     0.0"," ","P","23","     0.0"," ","P","23","    0.04"," ","P","23","    0.08"," ","P","23","    0.22"," ","P","23","-9999.00","M"," "," 0","-9999.00","M"," "," 0","     9.8"," ","P","23","     6.8"," ","P","23","     4.2"," ","P","23","     2.5"," ","P","23","     2.0"," ","P","23","     1.3"," ","P","23","     0.0"," ","P","23","     0.0"," ","P","23","     0.6"," ","P","23","     1.5"," ","P","23","     3.0"," ","P","23"," -9999.0","M"," "," 0"," -9999.0","M"," "," 0"
"USC00426601","03-01"," 37.8156","-112.4389","2026.0","PANGUITCH, UT US","03","01","99","    31.3"," ","R","20","    47.4"," ","R","20","    15.2"," ","R","22","    32.1"," ","R","20","     7.4"," ","R","20","     8.8"," ","R","20","     8.9"," ","R","22","     9.5"," ","R","20","    33.7"," ","R","20","     8.9"," ","R","20","    13.7"," ","R","20","    18.7"," ","R","20","    23.7"," ","R","20","    25.7"," ","R","20","    28.7"," ","R","20","     0.0"," ","R","20","     0.2"," ","R","20","     0.0","X","R","20","     0.0"," ","R","20","     0.0"," ","R","20","     0.0"," ","R","20","     0.0"," ","R","20","     0.0"," ","R","20","     0.0"," ","R","20","     0.0"," ","R","20","     0.2"," ","R","20","     0.0","X","R","20","     0.0"," ","R","20","     0.0"," ","R","20","     0.0"," ","R","20","     0.0"," ","R","20","     0.0"," ","R","20","     0.0"," ","R","20","     1.6"," ","R","20","     1.2"," ","R","20","    18.4"," ","P","23","     8.7"," ","P","23","     3.9"," ","P","23","     1.4"," ","P","23","     0.1"," ","P","23","     0.0"," ","P","23","     0.0"," ","P","23","     0.0"," ","P","23","    0.04"," ","P","23","    0.08"," ","P","23","    0.21"," ","P","23","    0.03"," ","R","23","    1.30"," ","R","23","     9.7"," ","P","23","     6.7"," ","P","23","     4.2"," ","P","23","     2.5"," ","P","23","     1.9"," ","P","23","     1.2"," ","P","23","     0.0"," ","P","23","     0.0"," ","P","23","     0.6"," ","P","23","     1.5"," ","P","23","     3.0"," ","P","23","     0.2"," ","P","21","    14.1"," ","P","21"
"USC00426601","03-02"," 37.8156","-112.4389","2026.0","PANGUITCH, UT US","03","02","99","    31.6"," ","R","20","    47.7"," ","R","20","    15.5"," ","R","22","    32.1"," ","R","20","     7.4"," ","R","20","     8.8"," ","R","20","     8.8"," ","R","22","     9.5"," ","R","20","    33.4"," ","R","20","     8.6"," ","R","20","    13.4"," ","R","20","    18.4"," ","R","20","    23.4"," ","R","20","    25.4"," ","R","20","    28.4"," ","R","20","     0.0"," ","R","20","     0.2"," ","R","20","     0.0","X","R","20","     0.0"," ","R","20","     0.0"," ","R","20","     0.0"," ","R","20","     0.0"," ","R","20","     0.0"," ","R","20","     0.0"," ","R","20","     0.0"," ","R","20","     0.2"," ","R","20","     0.0","X","R","20","     0.0"," ","R","20","     0.0"," ","R","20","     0.0"," ","R","20","     0.0"," ","R","20","     0.0"," ","R","20","     0.0"," ","R","20","     1.7"," ","R","20","     1.3"," ","R","20","    18.3"," ","P","23","     8.6"," ","P","23","     3.8"," ","P","23","     1.3"," ","P","23","     0.1"," ","P","23","     0.0"," ","P","23","     0.0"," ","P","23","     0.0"," ","P","23","    0.04"," ","P","23","    0.08"," ","P","23","    0.21"," ","P","23","    0.06"," ","R","23","    1.33"," ","R","23","     9.5"," ","P","23","     6.5"," ","P","23","     4.1"," ","P","23","     2.4"," ","P","23","     1.8"," ","P","23","     1.2"," ","P","23","     0.0"," ","P","23","     0.0"," ","P","23","     0.6"," ","P","23","     1.5"," ","P","23","     3.0"," ","P","23","     0.4"," ","P","21","    14.3"," ","P","21"
"USC00426601","03-03"," 37.8156","-112.4389","2026.0","PANGUITCH, UT US","03","03","99","    31.9"," ","R","20","    48.0"," ","R","20","    15.9"," ","R","22","    32.2"," ","R","20","     7.3"," ","R","20","     8.8"," ","R","20","     8.7"," ","R","22","     9.5"," ","R","20","    33.1"," ","R","20","     8.3"," ","R","20","    13.1"," ","R","20","    18.1"," ","R","20","    23.1"," ","R","20","    25.1"," ","R","20","    28.1"," ","R","20","     0.0"," ","R","20","     0.2"," ","R","20","     0.0","X","R","20","     0.0"," ","R","20","     0.0"," ","R","20","     0.0"," ","R","20","     0.0"," ","R","20","     0.0"," ","R","20","     0.0"," ","R","20","     0.0"," ","R","20","     0.2"," ","R","20","     0.0","X","R","20","     0.0"," ","R","20","     0.0"," ","R","20","     0.0"," ","R","20","     0.0"," ","R","20","     0.0"," ","R","20","     0.0"," ","R","20","     1.8"," ","R","20","     1.3"," ","R","20","    18.2"," ","P","23","     8.5"," ","P","23","     3.7"," ","P","23","     1.3"," ","P","23","     0.1"," ","P","23","     0.0"," ","P","23","     0.0"," ","P","23","     0.0"," ","P","23","    0.04"," ","P","23","    0.08"," ","P","23","    0.21"," ","P","23","    0.08"," ","R","23","    1.35"," ","R","23","     9.3"," ","P","23","     6.4"," ","P","23","     4.0"," ","P","23","     2.3"," ","P","23","     1.8"," ","P","23","     1.1"," ","P","23","     0.0"," ","P","23","     0.0"," ","P","23"," -9999.0","Y"," "," 0"," -9999.0","Y"," "," 0"," -9999.0","Y"," "," 0","     0.6"," ","P","21","    14.5"," ","P","21"
"USC00426601","03-04"," 37.8156","-112.4389","2026.0","PANGUITCH, UT US","03","04","99","    32.3"," ","R","20","    48.4"," ","R","20","    16.2"," ","R","22","    32.2"," ","R","20","     7.3"," ","R","20","     8.9"," ","R","20","     8.5"," ","R","22","     9.5"," ","R","20","    32.7"," ","R","20","     8.0"," ","R","20","    12.7"," ","R","20","    17.7"," ","R","20","    22.7"," ","R","20","    24.7"," ","R","20","    27.7"," ","R","20","     0.0"," ","R","20","     0.2"," ","R","20","     0.0","X","R","20","     0.0"," ","R","20","     0.0"," ","R","20","     0.0"," ","R","20","     0.0"," ","R","20","     0.0"," ","R","20","     0.0"," ","R","20","     0.0"," ","R","20","     0.2"," ","R","20","     0.0","X","R","20","     0.0"," ","R","20","     0.0"," ","R","20","     0.0"," ","R","20","     0.0"," ","R","20","     0.0"," ","R","20","     0.0"," ","R","20","     1.8"," ","R","20","     1.4"," ","R","20","    18.1"," ","P","23","     8.4"," ","P","23","     3.6"," ","P","23","     1.3"," ","P","23","     0.1"," ","P","23","     0.0"," ","P","23","     0.0"," ","P","23","     0.0"," ","P","23","    0.04"," ","P","23","    0.08"," ","P","23","    0.20"," ","P","23","    0.11"," ","R","23","    1.38"," ","R","23","     9.1"," ","P","23","     6.2"," ","P","23","     3.9"," ","P","23","     2.3"," ","P","23","     1.7"," ","P","23","     1.1"," ","P","23","     0.0"," ","P","23","     0.0"," ","P","23"," -9999.0","Y"," "," 0"," -9999.0","Y"," "," 0"," -9999.0","Y"," "," 0","     0.7"," ","P","21","    14.6"," ","P","21"
"USC00426601","03-05"," 37.8156","-112.4389","2026.0","PANGUITCH, UT US","03","05","99","    32.6"," ","R","20","    48.7"," ","R","20","    16.5"," ","R","22","    32.2"," ","R","20","     7.2"," ","R","20","     8.9"," ","R","20","     8.4"," ","R","22","     9.5"," ","R","20","    32.4"," ","R","20","     7.6"," ","R","20","    12.4"," ","R","20","    17.4"," ","R","20","    22.4"," ","R","20","    24.4"," ","R","20","    27.4"," ","R","20","     0.0"," ","R","20","     0.2"," ","R","20","     0.0","X","R","20","     0.0"," ","R","20","     0.0"," ","R","20","     0.0"," ","R","20","     0.0"," ","R","20","     0.0"," ","R","20","     0.0"," ","R","20","     0.0"," ","R","20","     0.2"," ","R","20","     0.0","X","R","20","     0.0"," ","R","20","     0.0"," ","R","20","     0.0"," ","R","20","     0.0"," ","R","20","     0.0"," ","R","20","     0.0"," ","R","20","     1.9"," ","R","20","     1.4"," ","R","20","    17.9"," ","P","23","     8.3"," ","P","23","     3.6"," ","P","23","     1.2"," ","P","23","     0.1"," ","P","23","     0.0"," ","P","23","     0.0"," ","P","23","     0.0"," ","P","23","    0.04"," ","P","23","    0.08"," ","P","23","    0.20"," ","P","23","    0.14"," ","R","23","    1.41"," ","R","23","     8.9"," ","P","23","     6.1"," ","P","23","     3.8"," ","P","23","     2.2"," ","P","23","     1.6"," ","P","23","     1.0"," ","P","23","     0.0"," ","P","23","     0.0"," ","P","23"," -9999.0","Y"," "," 0"," -9999.0","Y"," "," 0"," -9999.0","Y"," "," 0","     0.9"," ","P","21","    14.8"," ","P","21"
"USC00426601","03-06"," 37.8156","-112.4389","2026.0","PANGUITCH, UT US","03","06","99","    32.9"," ","R","20","    49.0"," ","R","20","    16.8"," ","R","22","    32.2"," ","R","20","     7.1"," ","R","20","     8.9"," ","R","20","     8.3"," ","R","22","     9.5"," ","R","20","    32.1"," ","R","20","     7.3"," ","R","20","    12.1"," ","R","20","    17.1"," ","R","20","    22.1"," ","R","20","    24.1"," ","R","20","    27.1"," ","R","20","     0.0"," ","R","20","     0.3"," ","R","20","     0.0","X","R","20","     0.0"," ","R","20","     0.0"," ","R","20","     0.0"," ","R","20","     0.0"," ","R","20","     0.0"," ","R","20","     0.0"," ","R","20","     0.0"," ","R","20","     0.3"," ","R","20","     0.0","X","R","20","     0.0"," ","R","20","     0.0"," ","R","20","     0.0"," ","R","20","     0.0"," ","R","20","     0.0"," ","R","20","     0.0"," ","R","20","     2.0"," ","R","20","     1.5"," ","R","20","    17.8"," ","P","23","     8.2"," ","P","23","     3.5"," ","P","23","     1.2"," ","P","23","     0.1"," ","P","23","     0.0"," ","P","23","     0.0"," ","P","23","     0.0"," ","P","23","    0.04"," ","P","23","    0.08"," ","P","23","    0.20"," ","P","23","    0.16"," ","R","23","    1.43"," ","R","23","     8.7"," ","S","24","     5.9"," ","S","24","     3.7"," ","S","24","     2.1"," ","S","24","     1.6"," ","S","24","     1.0"," ","S","24","     0.0"," ","S","24","     0.0"," ","S","24"," -9999.0","Y"," "," 0"," -9999.0","Y"," "," 0"," -9999.0","Y"," "," 0","     1.1"," ","P","21","    15.0"," ","P","21"
"USC00426601","03-07"," 37.8156","-112.4389","2026.0","PANGUITCH, UT US","03","07","99","    33.2"," ","R","20","    49.4"," ","R","20","    17.1"," ","R","22","    32.3"," ","R","20","     7.1"," ","R","20","     8.9"," ","R","20","     8.1"," ","R","22","     9.5"," ","R","20","    31.8"," ","R","20","     7.0"," ","R","20","    11.8"," ","R","20","    16.8"," ","R","20","    21.8"," ","R","20","    23.8"," ","R","20","    26.8"," ","R","20","     0.0"," ","R","20","     0.3"," ","R","20","     0.0","X","R","20","     0.0","X","R","20","     0.0"," ","R","20","     0.0"," ","R","20","     0.0"," ","R","20","     0.0"," ","R","20","     0.0"," ","R","20","     0.0"," ","R","20","     0.3"," ","R","20","     0.0","X","R","20","     0.0","X","R","20","     0.0"," ","R","20","     0.0"," ","R","20","     0.0"," ","R","20","     0.0"," ","R","20","     0.0"," ","R","20","     2.1"," ","R","20","     1.6"," ","R","20","    17.7"," ","P","23","     8.1"," ","P","23","     3.4"," ","P","23","     1.2"," ","P","23","     0.1"," ","P","23","     0.0"," ","P","23","     0.0"," ","P","23","     0.0"," ","P","23","    0.04"," ","P","23","    0.08"," ","P","23","    0.20"," ","P","23","    0.19"," ","R","23","    1.46"," ","R","23","     8.4"," ","S","24","     5.7"," ","S","24","     3.6"," ","S","24","     2.1"," ","S","24","     1.5"," ","S","24","     1.0"," ","S","24","     0.0"," ","S","24","     0.0"," ","S","24"," -9999.0","Y"," "," 0"," -9999.0","Y"," "," 0"," -9999.0","Y"," "," 0","     1.3"," ","P","21","    15.2"," ","P","21"
"USC00426601","03-08"," 37.8156","-112.4389","2026.0","PANGUITCH, UT US","03","08","99","    33.6"," ","R","20","    49.7"," ","R","20","    17.4"," ","R","22","    32.3"," ","R","20","     7.0"," ","R","20","     8.9"," ","R","20","     8.0"," ","R","22","     9.6"," ","R","20","    31.4"," ","R","20","     6.7"," ","R","20","    11.5"," ","R","20","    16.4"," ","R","20","    21.4"," ","R","20","    23.4"," ","R","20","    26.4"," ","R","20","     0.0"," ","R","20","     0.3"," ","R","20","     0.0","X","R","20","     0.0","X","R","20","     0.0"," ","R","20","     0.0"," ","R","20","     0.0"," ","R","20","     0.0"," ","R","20","     0.0"," ","R","20","     0.0"," ","R","20","     0.3"," ","R","20","     0.0","X","R","20","     0.0","X","R","20","     0.0"," ","R","20","     0.0"," ","R","20","     0.0"," ","R","20","     0.0"," ","R","20","     0.0"," ","R","20","     2.2"," ","R","20","     1.7"," ","R","20","    17.5"," ","P","23","     8.0"," ","P","23","     3.3"," ","P","23","     1.1"," ","P","23","     0.1"," ","P","23","     0.0"," ","P","23","     0.0"," ","P","23","     0.0"," ","P","23","    0.04"," ","P","23","    0.08"," ","P","23","    0.19"," ","P","23","    0.22"," ","R","23","    1.49"," ","R","23","     8.2"," ","S","24","     5.5"," ","S","24","     3.5"," ","S","24","     2.0"," ","S","24","     1.4"," ","S","24","     0.9"," ","S","24","     0.0"," ","S","24","     0.0"," ","S","24"," -9999.0","Y"," "," 0"," -9999.0","Y"," "," 0"," -9999.0","Y"," "," 0","     1.4"," ","P","21","    15.3"," ","P","21"
"USC00426601","03-09"," 37.8156","-112.4389","2026.0","PANGUITCH, UT US","03","09","99","    33.9"," ","R","20","    50.1"," ","R","20","    17.7"," ","R","22","    32.4"," ","R","20","     7.0"," ","R","20","     8.9"," ","R","20","     7.9"," ","R","22","     9.5"," ","R","20","    31.1"," ","R","20","     6.5"," ","R","20","    11.1"," ","R","20","    16.1"," ","R","20","    21.1"," ","R","20","    23.1"," ","R","20","    26.1"," ","R","20","     0.0"," ","R","20","     0.4"," ","R","20","     0.0","X","R","20","     0.0","X","R","20","     0.0"," ","R","20","     0.0"," ","R","20","     0.0"," ","R","20","     0.0"," ","R","20","     0.0"," ","R","20","     0.0"," ","R","20","     0.4"," ","R","20","     0.0","X","R","20","     0.0","X","R","20","     0.0"," ","R","20","     0.0"," ","R","20","     0.0"," ","R","20","     0.0"," ","R","20","     0.0"," ","R","20","     2.3"," ","R","20","     1.8"," ","R","20","    17.3"," ","P","23","     7.9"," ","P","23","     3.1"," ","P","23","     1.1"," ","P","23","     0.1"," ","P","23","     0.0"," ","P","23","     0.0"," ","P","23","     0.0"," ","P","23","    0.04"," ","P","23","    0.08"," ","P","23","    0.19"," ","P","23","    0.24"," ","R","23","    1.51"," ","R","23","     8.0"," ","S","24","     5.3"," ","S","24","     3.4"," ","S","24","     1.9"," ","S","24","     1.4"," ","S","24","     0.9"," ","S","24","     0.0"," ","S","24","     0.0"," ","S","24"," -9999.0","Y"," "," 0"," -9999.0","Y"," "," 0"," -9999.0","Y"," "," 0","     1.6"," ","P","21","    15.5"," ","P","21"
"USC00426601","03-10"," 37.8156","-112.4389","2026.0","PANGUITCH, UT US","03","10","99","    34.2"," ","R","20","    50.4"," ","R","20","    18.0"," ","R","22","    32.5"," ","R","20","     6.9"," ","R","20","     8.9"," ","R","20","     7.7"," ","R","22","     9.5"," ","R","20","    30.8"," ","R","20","     6.2"," ","R","20","    10.8"," ","R","20","    15.8"," ","R","20","    20.8"," ","R","20","    22.8"," ","R","20","    25.8"," ","R","20","     0.0"," ","R","20","     0.4"," ","R","20","     0.0","X","R","20","     0.0","X","R","20","     0.0"," ","R","20","     0.0"," ","R","20","     0.0"," ","R","20","     0.0"," ","R","20","     0.0"," ","R","20","     0.0"," ","R","20","     0.4"," ","R","20","     0.0","X","R","20","     0.0","X","R","20","     0.0"," ","R","20","     0.0"," ","R","20","     0.0"," ","R","20","     0.0"," ","R","20","     0.0"," ","R","20","     2.4"," ","R","20","     1.8"," ","R","20","    17.1"," ","P","23","     7.7"," ","P","23","     3.0"," ","P","23","     1.1"," ","P","23","     0.2"," ","P","23","     0.0"," ","P","23","     0.0"," ","P","23","     0.0"," ","P","23","    0.04"," ","P","23","    0.08"," ","P","23","    0.19"," ","P","23","    0.27"," ","R","23","    1.54"," ","R","23","     7.7"," ","S","24","     5.1"," ","S","24","     3.2"," ","S","24","     1.8"," ","S","24","     1.3"," ","S","24","     0.8"," ","S","24","     0.0"," ","S","24","     0.0"," ","S","24"," -9999.0","Y"," "," 0"," -9999.0","Y"," "," 0"," -9999.0","Y"," "," 0","     1.7"," ","P","21","    15.6"," ","P","21"
"USC00426601","03-11"," 37.8156","-112.4389","2026.0","PANGUITCH, UT US","03","11","99","    34.5"," ","R","20","    50.8"," ","R","20","    18.2"," ","R","22","    32.6"," ","R","20","     6.8"," ","R","20","     8.9"," ","R","20","     7.6"," ","R","22","     9.5"," ","R","20","    30.5"," ","R","20","     6.0"," ","R","20","    10.5"," ","R","20","    15.5"," ","R","20","    20.5"," ","R","20","    22.5"," ","R","20","    25.5"," ","R","20","     0.0"," ","R","20","     0.5"," ","R","20","     0.0","X","R","20","     0.0","X","R","20","     0.0"," ","R","20","     0.0"," ","R","20","     0.0"," ","R","20","     0.0"," ","R","20","     0.0"," ","R","20","     0.0"," ","R","20","     0.5"," ","R","20","     0.0","X","R","20","     0.0","X","R","20","     0.0"," ","R","20","     0.0"," ","R","20","     0.0"," ","R","20","     0.0"," ","R","20","     0.0"," ","R","20","     2.5"," ","R","20","     1.9"," ","R","20","    16.9"," ","P","23","     7.6"," ","P","23","     2.9"," ","P","23","     1.0"," ","P","23","     0.2"," ","P","23","     0.0"," ","P","23","     0.0"," ","P","23","     0.0"," ","P","23","    0.04"," ","P","23","    0.08"," ","P","23","    0.18"," ","P","23","    0.29"," ","R","23","    1.56"," ","R","23","     7.4"," ","S","24","     4.9"," ","S","24","     3.1"," ","S","24","     1.7"," ","S","24","     1.2"," ","S","24","     0.8"," ","S","24","     0.0"," ","S","24","     0.0"," ","S","24"," -9999.0","Y"," "," 0"," -9999.0","Y"," "," 0"," -9999.0","Y"," "," 0","     1.9"," ","P","21","    15.8"," ","P","21"
"USC00426601","03-12"," 37.8156","-112.4389","2026.0","PANGUITCH, UT US","03","12","99","    34.8"," ","R","20","    51.1"," ","R","20","    18.5"," ","R","22","    32.7"," ","R","20","     6.7"," ","R","20","     8.9"," ","R","20","     7.5"," ","R","22","     9.5"," ","R","20","    30.2"," ","R","20","     5.8"," ","R","20","    10.3"," ","R","20","    15.2"," ","R","20","    20.2"," ","R","20","    22.2"," ","R","20","    25.2"," ","R","20","     0.0"," ","R","20","     0.6"," ","R","20","     0.1"," ","R","20","     0.0","X","R","20","     0.0"," ","R","20","     0.0"," ","R","20","     0.0"," ","R","20","     0.0"," ","R","20","     0.0"," ","R","20","     0.0"," ","R","20","     0.6"," ","R","20","     0.1"," ","R","20","     0.0","X","R","20","     0.0"," ","R","20","     0.0"," ","R","20","     0.0"," ","R","20","     0.0"," ","R","20","     0.0"," ","R","20","     2.7"," ","R","20","     2.0"," ","R","20","    16.7"," ","P","23","     7.4"," ","P","23","     2.8"," ","P","23","     1.0"," ","P","23","     0.1"," ","P","23","     0.0"," ","P","23","     0.0"," ","P","23","     0.0"," ","P","23","    0.04"," ","P","23","    0.08"," ","P","23","    0.18"," ","P","23","    0.32"," ","R","23","    1.59"," ","R","23","     7.2"," ","S","24","     4.7"," ","S","24","     3.0"," ","S","24","     1.6"," ","S","24","     1.1"," ","S","24","     0.7"," ","S","24","     0.0"," ","S","24","     0.0"," ","S","24"," -9999.0","Y"," "," 0"," -9999.0","Y"," "," 0"," -9999.0","Y"," "," 0","     2.0"," ","P","21","    15.9"," ","P","21"
"USC00426601","03-13"," 37.8156","-112.4389","2026.0","PANGUITCH, UT US","03","13","99","    35.1"," ","R","20","    51.5"," ","R","20","    18.7"," ","R","22","    32.8"," ","R","20","     6.6"," ","R","20","     8.9"," ","R","20","     7.3"," ","R","22","     9.5"," ","R","20","    29.9"," ","R","20","     5.5"," ","R","20","    10.0"," ","R","20","    14.9"," ","R","20","    19.9"," ","R","20","    21.9"," ","R","20","    24.9"," ","R","20","     0.0"," ","R","20","     0.6"," ","R","20","     0.1"," ","R","20","     0.0","X","R","20","     0.0"," ","R","20","     0.0"," ","R","20","     0.0"," ","R","20","     0.0"," ","R","20","     0.0"," ","R","20","     0.0"," ","R","20","     0.6"," ","R","20","     0.1"," ","R","20","     0.0","X","R","20","     0.0"," ","R","20","     0.0"," ","R","20","     0.0"," ","R","20","     0.0"," ","R","20","     0.0"," ","R","20","     2.8"," ","R","20","     2.2"," ","R","20","    16.5"," ","P","23","     7.3"," ","P","23","     2.7"," ","P","23","     0.9"," ","P","23","     0.1"," ","P","23","     0.0"," ","P","23","     0.0"," ","P","23","     0.0"," ","P","23","    0.04"," ","P","23","    0.08"," ","P","23","    0.18"," ","P","23","    0.34"," ","R","23","    1.61"," ","R","23","     6.9"," ","S","24","     4.5"," ","S","24","     2.8"," ","S","24","     1.5"," ","S","24","     1.1"," ","S","24","     0.7"," ","S","24","     0.0"," ","S","24","     0.0"," ","S","24"," -9999.0","Y"," "," 0"," -9999.0","Y"," "," 0"," -9999.0","Y"," "," 0","     2.1"," ","P","21","    16.0"," ","P","21"
"USC00426601","03-14"," 37.8156","-112.4389","2026.0","PANGUITCH, UT US","03","14","99","    35.4"," ","R","20","    51.8"," ","R","20","    18.9"," ","R","22","    32.9"," ","R","20","     6.6"," ","R","20","     8.9"," ","R","20","     7.2"," ","R","22","     9.5"," ","R","20","    29.6"," ","R","20","     5.3"," ","R","20","     9.7"," ","R","20","    14.6"," ","R","20","    19.6"," ","R","20","    21.6"," ","R","20","    24.6"," ","R","20","     0.0"," ","R","20","     0.7"," ","R","20","     0.1"," ","R","20","     0.0","X","R","20","     0.0"," ","R","20","     0.0"," ","R","20","     0.0"," ","R","20","     0.0"," ","R","20","     0.0"," ","R","20","     0.0"," ","R","20","     0.7"," ","R","20","     0.1"," ","R","20","     0.0","X","R","20","     0.0"," ","R","20","     0.0"," ","R","20","     0.0"," ","R","20","     0.0"," ","R","20","     0.0"," ","R","20","     2.9"," ","R","20","     2.3"," ","R","20","    16.2"," ","P","23","     7.2"," ","P","23","     2.6"," ","P","23","     0.9"," ","P","23","     0.1"," ","P","23","     0.0"," ","P","23","     0.0"," ","P","23","     0.0"," ","P","23","    0.04"," ","P","23","    0.08"," ","P","23","    0.17"," ","P","23","    0.36"," ","R","23","    1.63"," ","R","23","     6.6"," ","S","24","     4.3"," ","S","24","     2.7"," ","S","24","     1.5"," ","S","24","     1.0"," ","S","24","     0.7"," ","S","24","     0.0"," ","S","24","     0.0"," ","S","24"," -9999.0","Y"," "," 0"," -9999.0","Y"," "," 0"," -9999.0","Y"," "," 0","     2.2"," ","P","21","    16.1"," ","P","21"
"USC00426601","03-15"," 37.8156","-112.4389","2026.0","PANGUITCH, UT US","03","15","99","    35.6"," ","R","20","    52.2"," ","R","20","    19.1"," ","R","22","    33.0"," ","R","20","     6.5"," ","R","20","     8.9"," ","R","20","     7.0"," ","R","22","     9.5"," ","R","20","    29.4"," ","R","20","     5.1"," ","R","20","     9.5"," ","R","20","    14.4"," ","R","20","    19.4"," ","R","20","    21.4"," ","R","20","    24.4"," ","R","20","     0.0"," ","R","20","     0.8"," ","R","20","     0.1"," ","R","20","     0.0","X","R","20","     0.0"," ","R","20","     0.0"," ","R","20","     0.0"," ","R","20","     0.0"," ","R","20","     0.0"," ","R","20","     0.0"," ","R","20","     0.8"," ","R","20","     0.1"," ","R","20","     0.0","X","R","20","     0.0"," ","R","20","     0.0"," ","R","20","     0.0"," ","R","20","     0.0"," ","R","20","     0.0"," ","R","20","     3.1"," ","R","20","     2.4"," ","R","20","    16.0"," ","P","23","     7.0"," ","P","23","     2.5"," ","P","23","     0.8"," ","P","23","     0.1"," ","P","23","     0.0"," ","P","23","     0.0"," ","P","23","     0.0"," ","P","23","    0.04"," ","P","23","    0.08"," ","P","23","    0.17"," ","P","23","    0.39"," ","R","23","    1.66"," ","R","23","     6.4"," ","S","24","     4.1"," ","S","24","     2.6"," ","S","24","     1.4"," ","S","24","     0.9"," ","S","24","     0.6"," ","S","24","     0.0"," ","S","24","     0.0"," ","S","24"," -9999.0","Y"," "," 0"," -9999.0","Y"," "," 0"," -9999.0","Y"," "," 0","     2.4"," ","P","21","    16.3"," ","P","21"
"USC00426601","03-16"," 37.8156","-112.4389","2026.0","PANGUITCH, UT US","03","16","99","    35.9"," ","R","20","    52.5"," ","R","20","    19.3"," ","R","22","    33.1"," ","R","20","     6.4"," ","R","20","     8.9"," ","R","20","     6.9"," ","R","22","     9.4"," ","R","20","    29.1"," ","R","20","     5.0"," ","R","20","     9.2"," ","R","20","    14.1"," ","R","20","    19.1"," ","R","20","    21.1"," ","R","20","    24.1"," ","R","20","     0.0"," ","R","20","     0.9"," ","R","20","     0.1"," ","R","20","     0.0","X","R","20","     0.0"," ","R","20","     0.0"," ","R","20","     0.0"," ","R","20","     0.0"," ","R","20","     0.0"," ","R","20","     0.0"," ","R","20","     0.9"," ","R","20","     0.1"," ","R","20","     0.0","X","R","20","     0.0"," ","R","20","     0.0"," ","R","20","     0.0"," ","R","20","     0.0"," ","R","20","     0.0"," ","R","20","     3.2"," ","R","20","     2.6"," ","R","20","    15.7"," ","P","23","     6.9"," ","P","23","     2.4"," ","P","23","     0.8"," ","P","23","     0.1"," ","P","23","     0.0"," ","P","23","     0.0"," ","P","23","     0.0"," ","P","23","    0.04"," ","P","23","    0.08"," ","P","23","    0.16"," ","P","23","    0.41"," ","R","23","    1.68"," ","R","23","     6.1"," ","S","24","     3.9"," ","S","24","     2.5"," ","S","24","     1.3"," ","S","24","     0.8"," ","S","24","     0.6"," ","S","24","     0.0"," ","S","24","     0.0"," ","S","24"," -9999.0","Y"," "," 0"," -9999.0","Y"," "," 0"," -9999.0","Y"," "," 0","     2.4"," ","P","21","    16.3"," ","P","21"
"USC00426601","03-17"," 37.8156","-112.4389","2026.0","PANGUITCH, UT US","03","17","99","    36.2"," ","R","20","    52.8"," ","R","20","    19.5"," ","R","22","    33.3"," ","R","20","     6.4"," ","R","20","     8.9"," ","R","20","     6.8"," ","R","22","     9.4"," ","R","20","    28.8"," ","R","20","     4.8"," ","R","20","     9.0"," ","R","20","    13.8"," ","R","20","    18.8"," ","R","20","    20.8"," ","R","20","    23.8"," ","R","20","     0.0"," ","R","20","     1.0"," ","R","20","     0.1"," ","R","20","     0.0","X","R","20","     0.0"," ","R","20","     0.0"," ","R","20","     0.0"," ","R","20","     0.0"," ","R","20","     0.0"," ","R","20","     0.0"," ","R","20","     1.0"," ","R","20","     0.1"," ","R","20","     0.0","X","R","20","     0.0"," ","R","20","     0.0"," ","R","20","     0.0"," ","R","20","     0.0"," ","R","20","     0.0"," ","R","20","     3.3"," ","R","20","     2.7"," ","R","20","    15.5"," ","P","23","     6.8"," ","P","23","     2.3"," ","P","23","     0.8"," ","P","23","     0.1"," ","P","23","     0.0"," ","P","23","     0.0"," ","P","23","     0.0"," ","P","23","    0.04"," ","P","23","    0.07"," ","P","23","    0.16"," ","P","23","    0.43"," ","R","23","    1.70"," ","R","23","     5.9"," ","S","24","     3.8"," ","S","24","     2.4"," ","S","24","     1.3"," ","S","24","     0.8"," ","S","24","     0.5"," ","S","24","     0.0"," ","S","24","     0.0"," ","S","24"," -9999.0","Y"," "," 0"," -9999.0","Y"," "," 0"," -9999.0","Y"," "," 0","     2.5"," ","P","21","    16.4"," ","P","21"
"USC00426601","03-18"," 37.8156","-112.4389","2026.0","PANGUITCH, UT US","03","18","99","    36.4"," ","R","20","    53.1"," ","R","20","    19.7"," ","R","22","    33.4"," ","R","20","     6.4"," ","R","20","     8.9"," ","R","20","     6.7"," ","R","22","     9.4"," ","R","20","    28.6"," ","R","20","     4.6"," ","R","20","     8.7"," ","R","20","    13.6"," ","R","20","    18.6"," ","R","20","    20.6"," ","R","20","    23.6"," ","R","20","     0.0"," ","R","20","     1.0"," ","R","20","     0.2"," ","R","20","     0.0","X","R","20","     0.0"," ","R","20","     0.0"," ","R","20","     0.0"," ","R","20","     0.0"," ","R","20","     0.0"," ","R","20","     0.0"," ","R","20","     1.0"," ","R","20","     0.2"," ","R","20","     0.0","X","R","20","     0.0"," ","R","20","     0.0"," ","R","20","     0.0"," ","R","20","     0.0"," ","R","20","     0.0"," ","R","20","     3.4"," ","R","20","     2.8"," ","R","20","    15.3"," ","P","23","     6.6"," ","P","23","     2.2"," ","P","23","     0.7"," ","P","23","     0.1"," ","P","23","     0.0"," ","P","23","     0.0"," ","P","23","     0.0"," ","P","23","    0.04"," ","P","23","    0.07"," ","P","23","    0.16"," ","P","23","    0.45"," ","R","23","    1.72"," ","R","23","     5.7"," ","S","24","     3.6"," ","S","24","     2.3"," ","S","24","     1.2"," ","S","24","     0.7"," ","S","24","     0.5"," ","S","24","     0.0"," ","S","24","     0.0"," ","S","24"," -9999.0","Y"," "," 0"," -9999.0","Y"," "," 0"," -9999.0","Y"," "," 0","     2.6"," ","P","21","    16.5"," ","P","21"
"USC00426601","03-19"," 37.8156","-112.4389","2026.0","PANGUITCH, UT US","03","19","99","    36.7"," ","R","20","    53.4"," ","R","20","    19.9"," ","R","22","    33.6"," ","R","20","     6.3"," ","R","20","     8.9"," ","R","20","     6.6"," ","R","22","     9.3"," ","R","20","    28.3"," ","R","20","     4.5"," ","R","20","     8.5"," ","R","20","    13.4"," ","R","20","    18.3"," ","R","20","    20.3"," ","R","20","    23.3"," ","R","20","     0.0"," ","R","20","     1.1"," ","R","20","     0.2"," ","R","20","     0.0","X","R","20","     0.0"," ","R","20","     0.0"," ","R","20","     0.0"," ","R","20","     0.0"," ","R","20","     0.0"," ","R","20","     0.0"," ","R","20","     1.1"," ","R","20","     0.2"," ","R","20","     0.0","X","R","20","     0.0"," ","R","20","     0.0"," ","R","20","     0.0"," ","R","20","     0.0"," ","R","20","     0.0"," ","R","20","     3.5"," ","R","20","     2.8"," ","R","20","    15.0"," ","P","23","     6.5"," ","P","23","     2.1"," ","P","23","     0.7"," ","P","23","     0.1"," ","P","23","     0.0"," ","P","23","     0.0"," ","P","23","     0.0"," ","P","23","    0.04"," ","P","23","    0.07"," ","P","23","    0.16"," ","P","23","    0.47"," ","R","23","    1.74"," ","R","23","     5.4"," ","S","24","     3.4"," ","S","24","     2.2"," ","S","24","     1.1"," ","S","24","     0.6"," ","S","24","     0.4"," ","S","24","     0.0"," ","S","24","     0.0"," ","S","24"," -9999.0","Y"," "," 0"," -9999.0","Y"," "," 0"," -9999.0","Y"," "," 0","     2.6"," ","P","21","    16.5"," ","P","21"
"USC00426601","03-20"," 37.8156","-112.4389","2026.0","PANGUITCH, UT US","03","20","99","    36.9"," ","R","20","    53.8"," ","R","20","    20.0"," ","R","22","    33.7"," ","R","20","     6.3"," ","R","20","     8.9"," ","R","20","     6.5"," ","R","22","     9.3"," ","R","20","    28.1"," ","R","20","     4.3"," ","R","20","     8.3"," ","R","20","    13.1"," ","R","20","    18.1"," ","R","20","    20.1"," ","R","20","    23.1"," ","R","20","     0.0"," ","R","20","     1.2"," ","R","20","     0.2"," ","R","20","     0.0","X","R","20","     0.0"," ","R","20","     0.0"," ","R","20","     0.0"," ","R","20","     0.0"," ","R","20","     0.0"," ","R","20","     0.0"," ","R","20","     1.2"," ","R","20","     0.2"," ","R","20","     0.0","X","R","20","     0.0"," ","R","20","     0.0"," ","R","20","     0.0"," ","R","20","     0.0"," ","R","20","     0.0"," ","R","20","     3.6"," ","R","20","     2.9"," ","R","20","    14.8"," ","P","23","     6.4"," ","P","23","     2.0"," ","P","23","     0.7"," ","P","23","     0.1"," ","P","23","     0.0"," ","P","23","     0.0"," ","P","23","     0.0"," ","P","23","    0.04"," ","P","23","    0.07"," ","P","23","    0.15"," ","P","23","    0.49"," ","R","23","    1.76"," ","R","23","     5.2"," ","S","24","     3.2"," ","S","24","     2.0"," ","S","24","     1.0"," ","S","24","     0.6"," ","S","24","     0.4"," ","S","24","     0.0"," ","S","24","     0.0"," ","S","24"," -9999.0","Y"," "," 0"," -9999.0","Y"," "," 0"," -9999.0","Y"," "," 0","     2.7"," ","P","21","    16.6"," ","P","21"
"USC00426601","03-21"," 37.8156","-112.4389","2026.0","PANGUITCH, UT US","03","21","99","    37.1"," ","R","20","    54.1"," ","R","20","    20.2"," ","R","22","    33.9"," ","R","20","     6.3"," ","R","20","     9.0"," ","R","20","     6.5"," ","R","22","     9.3"," ","R","20","    27.9"," ","R","20","     4.2"," ","R","20","     8.1"," ","R","20","    12.9"," ","R","20","    17.9"," ","R","20","    19.9"," ","R","20","    22.9"," ","R","20","     0.0"," ","R","20","     1.3"," ","R","20","     0.2"," ","R","20","     0.0","X","R","20","     0.0"," ","R","20","     0.0"," ","R","20","     0.0"," ","R","20","     0.0"," ","R","20","     0.0"," ","R","20","     0.0"," ","R","20","     1.3"," ","R","20","     0.2"," ","R","20","     0.0","X","R","20","     0.0"," ","R","20","     0.0"," ","R","20","     0.0"," ","R","20","     0.0"," ","R","20","     0.0"," ","R","20","     3.7"," ","R","20","     3.0"," ","R","20","    14.7"," ","P","23","     6.3"," ","P","23","     1.9"," ","P","23","     0.6"," ","P","23","     0.1"," ","P","23","     0.0"," ","P","23","     0.0"," ","P","23","     0.0"," ","P","23","    0.04"," ","P","23","    0.07"," ","P","23","    0.15"," ","P","23","    0.51"," ","R","23","    1.78"," ","R","23","     5.0"," ","S","24","     3.1"," ","S","24","     1.9"," ","S","24","     1.0"," ","S","24","     0.5"," ","S","24","     0.4"," ","S","24","     0.0"," ","S","24","     0.0"," ","S","24"," -9999.0","Y"," "," 0"," -9999.0","Y"," "," 0"," -9999.0","Y"," "," 0","     2.8"," ","P","21","    16.7"," ","P","21"
"USC00426601","03-22"," 37.8156","-112.4389","2026.0","PANGUITCH, UT US","03","22","99","    37.3"," ","R","20","    54.4"," ","R","20","    20.3"," ","R","22","    34.0"," ","R","20","     6.3"," ","R","20","     9.0"," ","R","20","     6.4"," ","R","22","     9.3"," ","R","20","    27.7"," ","R","20","     4.1"," ","R","20","     7.9"," ","R","20","    12.7"," ","R","20","    17.7"," ","R","20","    19.7"," ","R","20","    22.7"," ","R","20","     0.0"," ","R","20","     1.4"," ","R","20","     0.2"," ","R","20","     0.0","X","R","20","     0.0"," ","R","20","     0.0"," ","R","20","     0.0"," ","R","20","     0.0"," ","R","20","     0.0"," ","R","20","     0.0"," ","R","20","     1.4"," ","R","20","     0.2"," ","R","20","     0.0","X","R","20","     0.0"," ","R","20","     0.0"," ","R","20","     0.0"," ","R","20","     0.0"," ","R","20","     0.0"," ","R","20","     3.8"," ","R","20","     3.1"," ","R","20","    14.5"," ","P","23","     6.2"," ","P","23","     1.9"," ","P","23","     0.6"," ","P","23","     0.1"," ","P","23","     0.0"," ","P","23","     0.0"," ","P","23","     0.0"," ","P","23","    0.04"," ","P","23","    0.07"," ","P","23","    0.15"," ","P","23","    0.52"," ","R","23","    1.79"," ","R","23","     4.8"," ","S","24","     2.9"," ","S","24","     1.8"," ","S","24","     0.9"," ","S","24","     0.4"," ","S","24","     0.3"," ","S","24","     0.0"," ","S","24","     0.0"," ","S","24"," -9999.0","Y"," "," 0"," -9999.0","Y"," "," 0"," -9999.0","Y"," "," 0","     2.9"," ","P","21","    16.8"," ","P","21"
"USC00426601","03-23"," 37.8156","-112.4389","2026.0","PANGUITCH, UT US","03","23","99","    37.5"," ","R","20","    54.6"," ","R","20","    20.4"," ","R","22","    34.2"," ","R","20","     6.3"," ","R","20","     9.1"," ","R","20","     6.4"," ","R","22","     9.2"," ","R","20","    27.5"," ","R","20","     3.9"," ","R","20","     7.7"," ","R","20","    12.5"," ","R","20","    17.5"," ","R","20","    19.5"," ","R","20","    22.5"," ","R","20","     0.0"," ","R","20","     1.4"," ","R","20","     0.2"," ","R","20","     0.0","X","R","20","     0.0"," ","R","20","     0.0"," ","R","20","     0.0"," ","R","20","     0.0"," ","R","20","     0.0"," ","R","20","     0.0"," ","R","20","     1.4"," ","R","20","     0.2"," ","R","20","     0.0","X","R","20","     0.0"," ","R","20","     0.0"," ","R","20","     0.0"," ","R","20","     0.0"," ","R","20","     0.0"," ","R","20","     3.9"," ","R","20","     3.2"," ","R","20","    14.4"," ","P","23","     6.1"," ","P","23","     1.8"," ","P","23","     0.6"," ","P","23","     0.1"," ","P","23","     0.0"," ","P","23","     0.0"," ","P","23","     0.0"," ","P","23","    0.04"," ","P","23","    0.07"," ","P","23","    0.15"," ","P","23","    0.54"," ","R","23","    1.81"," ","R","23","     4.6"," ","S","24","     2.8"," ","S","24","     1.7"," ","S","24","     0.8"," ","S","24","     0.4"," ","S","24","     0.3"," ","S","24","     0.0"," ","S","24","     0.0"," ","S","24"," -9999.0","Y"," "," 0"," -9999.0","Y"," "," 0"," -9999.0","Y"," "," 0","     2.9"," ","P","21","    16.8"," ","P","21"
"USC00426601","03-24"," 37.8156","-112.4389","2026.0","PANGUITCH, UT US","03","24","99","    37.7"," ","R","20","    54.9"," ","R","20","    20.5"," ","R","22","    34.4"," ","R","20","     6.3"," ","R","20","     9.1"," ","R","20","     6.3"," ","R","22","     9.2"," ","R","20","    27.3"," ","R","20","     3.8"," ","R","20","     7.5"," ","R","20","    12.3"," ","R","20","    17.3"," ","R","20","    19.3"," ","R","20","    22.3"," ","R","20","     0.0"," ","R","20","     1.5"," ","R","20","     0.3"," ","R","20","     0.0","X","R","20","     0.0"," ","R","20","     0.0"," ","R","20","     0.0"," ","R","20","     0.0"," ","R","20","     0.0"," ","R","20","     0.0"," ","R","20","     1.5"," ","R","20","     0.3"," ","R","20","     0.0","X","R","20","     0.0"," ","R","20","     0.0"," ","R","20","     0.0"," ","R","20","     0.0"," ","R","20","     0.0"," ","R","20","     4.0"," ","R","20","     3.3"," ","R","20","    14.2"," ","P","23","     5.9"," ","P","23","     1.7"," ","P","23","     0.5"," ","P","23","     0.1"," ","P","23","     0.0"," ","P","23","     0.0"," ","P","23","     0.0"," ","P","23","    0.04"," ","P","23","    0.07"," ","P","23","    0.15"," ","P","23","    0.56"," ","R","23","    1.83"," ","R","23","     4.4"," ","S","24","     2.7"," ","S","24","     1.7"," ","S","24","     0.8"," ","S","24","     0.3"," ","S","24","     0.3"," ","S","24","     0.0"," ","S","24","     0.0"," ","S","24"," -9999.0","Y"," "," 0"," -9999.0","Y"," "," 0"," -9999.0","Y"," "," 0","     3.0"," ","P","21","    16.9"," ","P","21"
"USC00426601","03-25"," 37.8156","-112.4389","2026.0","PANGUITCH, UT US","03","25","99","    37.9"," ","R","20","    55.2"," ","R","20","    20.6"," ","R","22","    34.5"," ","R","20","     6.4"," ","R","20","     9.2"," ","R","20","     6.3"," ","R","22","     9.2"," ","R","20","    27.1"," ","R","20","     3.6"," ","R","20","     7.4"," ","R","20","    12.1"," ","R","20","    17.1"," ","R","20","    19.1"," ","R","20","    22.1"," ","R","20","     0.0"," ","R","20","     1.6"," ","R","20","     0.3"," ","R","20","     0.0","X","R","20","     0.0"," ","R","20","     0.0"," ","R","20","     0.0"," ","R","20","     0.0"," ","R","20","     0.0"," ","R","20","     0.0"," ","R","20","     1.6"," ","R","20","     0.3"," ","R","20","     0.0","X","R","20","     0.0"," ","R","20","     0.0"," ","R","20","     0.0"," ","R","20","     0.0"," ","R","20","     0.0"," ","R","20","     4.1"," ","R","20","     3.4"," ","R","20","    14.1"," ","P","23","     5.9"," ","P","23","     1.7"," ","P","23","     0.5"," ","P","23","     0.1"," ","P","23","     0.0"," ","P","23","     0.0"," ","P","23","     0.0"," ","P","23","    0.04"," ","P","23","    0.07"," ","P","23","    0.15"," ","P","23","    0.57"," ","R","23","    1.84"," ","R","23","     4.3"," ","S","24","     2.5"," ","S","24","     1.6"," ","S","24","     0.8"," ","S","24","     0.3"," ","S","24","     0.2"," ","S","24","     0.0"," ","S","24","     0.0"," ","S","24"," -9999.0","Y"," "," 0"," -9999.0","Y"," "," 0"," -9999.0","Y"," "," 0","     3.0"," ","P","21","    16.9"," ","P","21"
"USC00426601","03-26"," 37.8156","-112.4389","2026.0","PANGUITCH, UT US","03","26","99","    38.1"," ","R","20","    55.4"," ","R","20","    20.7"," ","R","22","    34.7"," ","R","20","     6.4"," ","R","20","     9.2"," ","R","20","     6.3"," ","R","22","     9.2"," ","R","20","    26.9"," ","R","20","     3.5"," ","R","20","     7.2"," ","R","20","    11.9"," ","R","20","    16.9"," ","R","20","    18.9"," ","R","20","    21.9"," ","R","20","     0.0"," ","R","20","     1.6"," ","R","20","     0.3"," ","R","20","     0.0","X","R","20","     0.0"," ","R","20","     0.0"," ","R","20","     0.0"," ","R","20","     0.0"," ","R","20","     0.0"," ","R","20","     0.0"," ","R","20","     1.6"," ","R","20","     0.3"," ","R","20","     0.0","X","R","20","     0.0"," ","R","20","     0.0"," ","R","20","     0.0"," ","R","20","     0.0"," ","R","20","     0.0"," ","R","20","     4.3"," ","R","20","     3.5"," ","R","20","    14.0"," ","P","23","     5.8"," ","P","23","     1.6"," ","P","23","     0.5"," ","P","23","     0.1"," ","P","23","     0.0"," ","P","23","     0.0"," ","P","23","     0.0"," ","P","23","    0.04"," ","P","23","    0.07"," ","P","23","    0.15"," ","P","23","    0.59"," ","R","23","    1.86"," ","R","23","     4.2"," ","S","24","     2.4"," ","S","24","     1.5"," ","S","24","     0.7"," ","S","24","     0.3"," ","S","24","     0.2"," ","S","24","     0.0"," ","S","24","     0.0"," ","S","24"," -9999.0","Y"," "," 0"," -9999.0","Y"," "," 0"," -9999.0","Y"," "," 0","     3.1"," ","P","21","    17.0"," ","P","21"
"USC00426601","03-27"," 37.8156","-112.4389","2026.0","PANGUITCH, UT US","03","27","99","    38.3"," ","R","20","    55.7"," ","R","20","    20.8"," ","R","22","    34.9"," ","R","20","     6.4"," ","R","20","     9.2"," ","R","20","     6.3"," ","R","22","     9.2"," ","R","20","    26.7"," ","R","20","     3.4"," ","R","20","     7.0"," ","R","20","    11.8"," ","R","20","    16.7"," ","R","20","    18.7"," ","R","20","    21.7"," ","R","20","     0.0"," ","R","20","     1.7"," ","R","20","     0.3"," ","R","20","     0.0","X","R","20","     0.0"," ","R","20","     0.0"," ","R","20","     0.0"," ","R","20","     0.0"," ","R","20","     0.0"," ","R","20","     0.0"," ","R","20","     1.7"," ","R","20","     0.3"," ","R","20","     0.0","X","R","20","     0.0"," ","R","20","     0.0"," ","R","20","     0.0"," ","R","20","     0.0"," ","R","20","     0.0"," ","R","20","     4.4"," ","R","20","     3.6"," ","R","20","    13.9"," ","P","23","     5.8"," ","P","23","     1.6"," ","P","23","     0.5"," ","P","23","     0.1"," ","P","23","     0.0"," ","P","23","     0.0"," ","P","23","     0.0"," ","P","23","    0.04"," ","P","23","    0.07"," ","P","23","    0.15"," ","P","23","    0.60"," ","R","23","    1.87"," ","R","23","     4.0"," ","S","24","     2.3"," ","S","24","     1.4"," ","S","24","     0.7"," ","S","24","     0.2"," ","S","24","     0.2"," ","S","24","     0.0"," ","S","24","     0.0"," ","S","24"," -9999.0","Y"," "," 0"," -9999.0","Y"," "," 0"," -9999.0","Y"," "," 0","     3.1"," ","P","21","    17.0"," ","P","21"
"USC00426601","03-28"," 37.8156","-112.4389","2026.0","PANGUITCH, UT US","03","28","99","    38.4"," ","R","20","    55.9"," ","R","20","    20.9"," ","R","22","    35.0"," ","R","20","     6.4"," ","R","20","     9.3"," ","R","20","     6.3"," ","R","22","     9.1"," ","R","20","    26.6"," ","R","20","     3.4"," ","R","20","     6.9"," ","R","20","    11.6"," ","R","20","    16.6"," ","R","20","    18.6"," ","R","20","    21.6"," ","R","20","     0.0"," ","R","20","     1.8"," ","R","20","     0.3"," ","R","20","     0.0","X","R","20","     0.0"," ","R","20","     0.0"," ","R","20","     0.0"," ","R","20","     0.0"," ","R","20","     0.0"," ","R","20","     0.0"," ","R","20","     1.8"," ","R","20","     0.3"," ","R","20","     0.0","X","R","20","     0.0"," ","R","20","     0.0"," ","R","20","     0.0"," ","R","20","     0.0"," ","R","20","     0.0"," ","R","20","     4.5"," ","R","20","     3.7"," ","R","20","    13.8"," ","P","23","     5.7"," ","P","23","     1.6"," ","P","23","     0.4"," ","P","23","     0.1"," ","P","23","     0.0"," ","P","23","     0.0"," ","P","23","     0.0"," ","P","23","    0.04"," ","P","23","    0.07"," ","P","23","    0.15"," ","P","23","    0.62"," ","R","23","    1.89"," ","R","23","     3.9"," ","S","24","     2.2"," ","S","24","     1.4"," ","S","24","     0.7"," ","S","24","     0.2"," ","S","24","     0.2"," ","S","24","     0.0"," ","S","24","     0.0"," ","S","24"," -9999.0","Y"," "," 0"," -9999.0","Y"," "," 0"," -9999.0","Y"," "," 0","     3.2"," ","P","21","    17.1"," ","P","21"
"USC00426601","03-29"," 37.8156","-112.4389","2026.0","PANGUITCH, UT US","03","29","99","    38.6"," ","R","20","    56.2"," ","R","20","    21.0"," ","R","22","    35.2"," ","R","20","     6.4"," ","R","20","     9.3"," ","R","20","     6.3"," ","R","22","     9.1"," ","R","20","    26.4"," ","R","20","     3.3"," ","R","20","     6.8"," ","R","20","    11.5"," ","R","20","    16.4"," ","R","20","    18.4"," ","R","20","    21.4"," ","R","20","     0.0"," ","R","20","     1.8"," ","R","20","     0.4"," ","R","20","     0.0","X","R","20","     0.0"," ","R","20","     0.0"," ","R","20","     0.0"," ","R","20","     0.0"," ","R","20","     0.0"," ","R","20","     0.0"," ","R","20","     1.8"," ","R","20","     0.4"," ","R","20","     0.0","X","R","20","     0.0"," ","R","20","     0.0"," ","R","20","     0.0"," ","R","20","     0.0"," ","R","20","     0.0"," ","R","20","     4.6"," ","R","20","     3.8"," ","R","20","    13.7"," ","P","23","     5.6"," ","P","23","     1.5"," ","P","23","     0.4"," ","P","23","     0.1"," ","P","23","     0.0"," ","P","23","     0.0"," ","P","23","     0.0"," ","P","23","    0.04"," ","P","23","    0.07"," ","P","23","    0.15"," ","P","23","    0.63"," ","R","23","    1.90"," ","R","23","     3.8"," ","S","24","     2.1"," ","S","24","     1.3"," ","S","24","     0.6"," ","S","24","     0.2"," ","S","24","     0.2"," ","S","24","     0.0"," ","S","24","     0.0"," ","S","24"," -9999.0","Y"," "," 0"," -9999.0","Y"," "," 0"," -9999.0","Y"," "," 0","     3.2"," ","P","21","    17.1"," ","P","21"
"USC00426601","03-30"," 37.8156","-112.4389","2026.0","PANGUITCH, UT US","03","30","99","    38.7"," ","R","20","    56.4"," ","R","20","    21.1"," ","R","22","    35.4"," ","R","20","     6.5"," ","R","20","     9.3"," ","R","20","     6.3"," ","R","22","     9.1"," ","R","20","    26.3"," ","R","20","     3.2"," ","R","20","     6.7"," ","R","20","    11.3"," ","R","20","    16.3"," ","R","20","    18.3"," ","R","20","    21.3"," ","R","20","     0.0"," ","R","20","     1.9"," ","R","20","     0.4"," ","R","20","     0.0","X","R","20","     0.0"," ","R","20","     0.0"," ","R","20","     0.0"," ","R","20","     0.0"," ","R","20","     0.0"," ","R","20","     0.0"," ","R","20","     1.9"," ","R","20","     0.4"," ","R","20","     0.0","X","R","20","     0.0"," ","R","20","     0.0"," ","R","20","     0.0"," ","R","20","     0.0"," ","R","20","     0.0"," ","R","20","     4.7"," ","R","20","     3.9"," ","R","20","    13.7"," ","P","23","     5.6"," ","P","23","     1.5"," ","P","23","     0.4"," ","P","23","     0.1"," ","P","23","     0.0"," ","P","23","     0.0"," ","P","23","     0.0"," ","P","23","    0.04"," ","P","23","    0.07"," ","P","23","    0.15"," ","P","23","    0.65"," ","R","23","    1.92"," ","R","23","     3.7"," ","S","24","     2.1"," ","S","24","     1.2"," ","S","24","     0.6"," ","S","24","     0.2"," ","S","24","     0.1"," ","S","24","     0.0"," ","S","24","     0.0"," ","S","24"," -9999.0","Y"," "," 0"," -9999.0","Y"," "," 0"," -9999.0","Y"," "," 0","     3.3"," ","P","21","    17.2"," ","P","21"
"USC00426601","03-31"," 37.8156","-112.4389","2026.0","PANGUITCH, UT US","03","31","99","    38.9"," ","R","20","    56.6"," ","R","20","    21.1"," ","R","22","    35.5"," ","R","20","     6.5"," ","R","20","     9.3"," ","R","20","     6.3"," ","R","22","     9.1"," ","R","20","    26.1"," ","R","20","     3.1"," ","R","20","     6.5"," ","R","20","    11.2"," ","R","20","    16.1"," ","R","20","    18.1"," ","R","20","    21.1"," ","R","20","     0.0"," ","R","20","     2.0"," ","R","20","     0.4"," ","R","20","     0.0","X","R","20","     0.0"," ","R","20","     0.0"," ","R","20","     0.0"," ","R","20","     0.0"," ","R","20","     0.0"," ","R","20","     0.0"," ","R","20","     2.0"," ","R","20","     0.4"," ","R","20","     0.0","X","R","20","     0.0"," ","R","20","     0.0"," ","R","20","     0.0"," ","R","20","     0.0"," ","R","20","     0.0"," ","R","20","     4.8"," ","R","20","     4.0"," ","R","20","    13.6"," ","P","23","     5.6"," ","P","23","     1.5"," ","P","23","     0.4"," ","P","23","     0.0"," ","P","23","     0.0"," ","P","23","     0.0"," ","P","23","     0.0"," ","P","23","    0.04"," ","P","23","    0.07"," ","P","23","    0.15"," ","P","23","    0.66"," ","R","23","    1.93"," ","R","23","     3.6"," ","S","24","     2.0"," ","S","24","     1.2"," ","S","24","     0.6"," ","S","24","     0.2"," ","S","24","     0.1"," ","S","24","     0.0"," ","S","24","     0.0"," ","S","24"," -9999.0","Y"," "," 0"," -9999.0","Y"," "," 0"," -9999.0","Y"," "," 0","     3.3"," ","P","21","    17.2"," ","P","21"
"USC00426601","04-01"," 37.8156","-112.4389","2026.0","PANGUITCH, UT US","04","01","99","    39.0"," ","R","20","    56.9"," ","R","20","    21.2"," ","R","22","    35.7"," ","R","20","     6.5"," ","R","20","     9.3"," ","R","20","     6.4"," ","R","22","     9.1"," ","R","20","    26.0"," ","R","20","     3.0"," ","R","20","     6.4"," ","R","20","    11.0"," ","R","20","    16.0"," ","R","20","    18.0"," ","R","20","    21.0"," ","R","20","     0.0"," ","R","20","     2.1"," ","R","20","     0.4"," ","R","20","     0.0","X","R","20","     0.0"," ","R","20","     0.0"," ","R","20","     0.0"," ","R","20","     0.0"," ","R","20","     0.0"," ","R","20","     0.0"," ","R","20","     2.1"," ","R","20","     0.4"," ","R","20","     0.0","X","R","20","     0.0"," ","R","20","     0.0"," ","R","20","     0.0"," ","R","20","     0.0"," ","R","20","     0.0"," ","R","20","     4.9"," ","R","20","     4.1"," ","R","20","    13.6"," ","P","23","     5.6"," ","P","23","     1.5"," ","P","23","     0.4"," ","P","23","     0.0"," ","P","23","     0.0"," ","P","23","     0.0"," ","P","23","     0.0"," ","P","23","    0.04"," ","P","23","    0.07"," ","P","23","    0.15"," ","P","23","    0.02"," ","R","21","    1.95"," ","R","21","     3.5"," ","S","24","     1.9"," ","S","24","     1.1"," ","S","24","     0.5"," ","S","24","     0.2"," ","S","24","     0.1"," ","S","24","     0.0"," ","S","24","     0.0"," ","S","24"," -9999.0","Y"," "," 0"," -9999.0","Y"," "," 0"," -9999.0","Y"," "," 0","     0.1"," ","P","23","    17.3"," ","P","23"
"USC00426601","04-02"," 37.8156","-112.4389","2026.0","PANGUITCH, UT US","04","02","99","    39.2"," ","R","20","    57.1"," ","R","20","    21.3"," ","R","22","    35.8"," ","R","20","     6.5"," ","R","20","     9.3"," ","R","20","     6.4"," ","R","22","     9.1"," ","R","20","    25.8"," ","R","20","     3.0"," ","R","20","     6.3"," ","R","20","    10.9"," ","R","20","    15.8"," ","R","20","    17.8"," ","R","20","    20.8"," ","R","20","     0.0"," ","R","20","     2.1"," ","R","20","     0.5"," ","R","20","     0.0","X","R","20","     0.0"," ","R","20","     0.0"," ","R","20","     0.0"," ","R","20","     0.0"," ","R","20","     0.0"," ","R","20","     0.0"," ","R","20","     2.1"," ","R","20","     0.5"," ","R","20","     0.0","X","R","20","     0.0"," ","R","20","     0.0"," ","R","20","     0.0"," ","R","20","     0.0"," ","R","20","     0.0"," ","R","20","     5.0"," ","R","20","     4.2"," ","R","20","    13.5"," ","P","23","     5.5"," ","P","23","     1.5"," ","P","23","     0.4"," ","P","23","     0.0"," ","P","23","     0.0"," ","P","23","     0.0"," ","P","23","     0.0"," ","P","23","    0.04"," ","P","23","    0.07"," ","P","23","    0.16"," ","P","23","    0.03"," ","R","21","    1.96"," ","R","21","     3.4"," ","S","24","     1.9"," ","S","24","     1.1"," ","S","24","     0.5"," ","S","24","     0.2"," ","S","24","     0.1"," ","S","24","     0.0"," ","S","24","     0.0"," ","S","24"," -9999.0","Y"," "," 0"," -9999.0","Y"," "," 0"," -9999.0","Y"," "," 0","     0.1"," ","P","23","    17.3"," ","P","23"
"USC00426601","04-03"," 37.8156","-112.4389","2026.0","PANGUITCH, UT US","04","03","99","    39.3"," ","R","20","    57.3"," ","R","20","    21.3"," ","R","22","    35.9"," ","R","20","     6.5"," ","R","20","     9.3"," ","R","20","     6.4"," ","R","22","     9.1"," ","R","20","    25.7"," ","R","20","     2.9"," ","R","20","     6.2"," ","R","20","    10.7"," ","R","20","    15.7"," ","R","20","    17.7"," ","R","20","    20.7"," ","R","20","     0.0"," ","R","20","     2.2"," ","R","20","     0.5"," ","R","20","     0.0","X","R","20","     0.0","X","R","20","     0.0"," ","R","20","     0.0"," ","R","20","     0.0"," ","R","20","     0.0"," ","R","20","     0.0"," ","R","20","     2.2"," ","R","20","     0.5"," ","R","20","     0.0","X","R","20","     0.0","X","R","20","     0.0"," ","R","20","     0.0"," ","R","20","     0.0"," ","R","20","     0.0"," ","R","20","     5.1"," ","R","20","     4.3"," ","R","20","    13.5"," ","P","23","     5.5"," ","P","23","     1.5"," ","P","23","     0.4"," ","P","23","     0.0"," ","P","23","     0.0"," ","P","23","     0.0"," ","P","23","     0.0"," ","P","23","    0.04"," ","P","23","    0.07"," ","P","23","    0.16"," ","P","23","    0.05"," ","R","21","    1.98"," ","R","21","     3.3"," ","S","24","     1.8"," ","S","24","     1.0"," ","S","24","     0.5"," ","S","24","     0.2"," ","S","24","     0.1"," ","S","24","     0.0"," ","S","24","     0.0"," ","S","24"," -9999.0","Y"," "," 0"," -9999.0","Y"," "," 0"," -9999.0","Y"," "," 0","     0.2"," ","P","23","    17.4"," ","P","23"
"USC00426601","04-04"," 37.8156","-112.4389","2026.0","PANGUITCH, UT US","04","04","99","    39.4"," ","R","20","    57.5"," ","R","20","    21.4"," ","R","22","    36.0"," ","R","20","     6.5"," ","R","20","     9.4"," ","R","20","     6.4"," ","R","22","     9.1"," ","R","20","    25.6"," ","R","20","     2.9"," ","R","20","     6.1"," ","R","20","    10.6"," ","R","20","    15.6"," ","R","20","    17.6"," ","R","20","    20.6"," ","R","20","     0.0"," ","R","20","     2.3"," ","R","20","     0.6"," ","R","20","     0.0","X","R","20","     0.0","X","R","20","     0.0"," ","R","20","     0.0"," ","R","20","     0.0"," ","R","20","     0.0"," ","R","20","     0.0"," ","R","20","     2.3"," ","R","20","     0.6"," ","R","20","     0.0","X","R","20","     0.0","X","R","20","     0.0"," ","R","20","     0.0"," ","R","20","     0.0"," ","R","20","     0.0"," ","R","20","     5.2"," ","R","20","     4.4"," ","R","20","    13.4"," ","P","23","     5.5"," ","P","23","     1.5"," ","P","23","     0.4"," ","P","23","     0.0"," ","P","23","     0.0"," ","P","23","     0.0"," ","P","23","     0.0"," ","P","23","    0.04"," ","P","23","    0.07"," ","P","23","    0.16"," ","P","23","    0.06"," ","R","21","    1.99"," ","R","21","     3.2"," ","S","24","     1.7"," ","S","24","     1.0"," ","S","24","     0.5"," ","S","24","     0.1"," ","S","24","     0.1"," ","S","24","     0.0"," ","S","24","     0.0"," ","S","24"," -9999.0","Y"," "," 0"," -9999.0","Y"," "," 0"," -9999.0","Y"," "," 0","     0.2"," ","P","23","    17.4"," ","P","23"
"USC00426601","04-05"," 37.8156","-112.4389","2026.0","PANGUITCH, UT US","04","05","99","    39.6"," ","R","20","    57.7"," ","R","20","    21.5"," ","R","22","    36.2"," ","R","20","     6.5"," ","R","20","     9.4"," ","R","20","     6.4"," ","R","22","     9.0"," ","R","20","    25.4"," ","R","20","     2.9"," ","R","20","     6.1"," ","R","20","    10.5"," ","R","20","    15.4"," ","R","20","    17.4"," ","R","20","    20.4"," ","R","20","     0.0"," ","R","20","     2.4"," ","R","20","     0.6"," ","R","20","     0.1"," ","R","20","     0.0","X","R","20","     0.0"," ","R","20","     0.0"," ","R","20","     0.0"," ","R","20","     0.0"," ","R","20","     0.0"," ","R","20","     2.4"," ","R","20","     0.6"," ","R","20","     0.1"," ","R","20","     0.0","X","R","20","     0.0"," ","R","20","     0.0"," ","R","20","     0.0"," ","R","20","     0.0"," ","R","20","     5.3"," ","R","20","     4.5"," ","R","20","    13.4"," ","P","23","     5.5"," ","P","23","     1.5"," ","P","23","     0.4"," ","P","23","     0.0"," ","P","23","     0.0"," ","P","23","     0.0"," ","P","23","     0.0"," ","P","23","    0.04"," ","P","23","    0.07"," ","P","23","    0.16"," ","P","23","    0.08"," ","R","21","    2.01"," ","R","21","     3.1"," ","S","24","     1.6"," ","S","24","     0.9"," ","S","24","     0.4"," ","S","24","     0.1"," ","S","24","     0.1"," ","S","24","     0.0"," ","S","24","     0.0"," ","S","24"," -9999.0","Y"," "," 0"," -9999.0","Y"," "," 0"," -9999.0","Y"," "," 0","     0.3"," ","P","23","    17.5"," ","P","23"
"USC00426601","04-06"," 37.8156","-112.4389","2026.0","PANGUITCH, UT US","04","06","99","    39.7"," ","R","20","    57.8"," ","R","20","    21.6"," ","R","22","    36.3"," ","R","20","     6.5"," ","R","20","     9.4"," ","R","20","     6.4"," ","R","22","     9.0"," ","R","20","    25.3"," ","R","20","     2.8"," ","R","20","     6.0"," ","R","20","    10.4"," ","R","20","    15.3"," ","R","20","    17.3"," ","R","20","    20.3"," ","R","20","     0.0"," ","R","20","     2.5"," ","R","20","     0.7"," ","R","20","     0.1"," ","R","20","     0.0","X","R","20","     0.0"," ","R","20","     0.0"," ","R","20","     0.0"," ","R","20","     0.0"," ","R","20","     0.0"," ","R","20","     2.5"," ","R","20","     0.7"," ","R","20","     0.1"," ","R","20","     0.0","X","R","20","     0.0"," ","R","20","     0.0"," ","R","20","     0.0"," ","R","20","     0.0"," ","R","20","     5.4"," ","R","20","     4.6"," ","R","20","    13.4"," ","S","24","     5.5"," ","S","24","     1.5"," ","S","24","     0.4"," ","S","24","     0.0"," ","S","24","     0.0"," ","S","24","     0.0"," ","S","24","     0.0"," ","S","24","    0.04"," ","S","24","    0.07"," ","S","24","    0.16"," ","S","24","    0.10"," ","R","21","    2.03"," ","R","21","     3.1"," ","S","24","     1.6"," ","S","24","     0.9"," ","S","24","     0.4"," ","S","24","     0.1"," ","S","24","     0.1"," ","S","24","     0.0"," ","S","24","     0.0"," ","S","24"," -9999.0","Y"," "," 0"," -9999.0","Y"," "," 0"," -9999.0","Y"," "," 0","     0.3"," ","P","23","    17.5"," ","P","23"
"USC00426601","04-07"," 37.8156","-112.4389","2026.0","PANGUITCH, UT US","04","07","99","    39.8"," ","R","20","    58.0"," ","R","20","    21.7"," ","R","22","    36.4"," ","R","20","     6.5"," ","R","20","     9.4"," ","R","20","     6.4"," ","R","22","     9.0"," ","R","20","    25.2"," ","R","20","     2.8"," ","R","20","     5.9"," ","R","20","    10.3"," ","R","20","    15.2"," ","R","20","    17.2"," ","R","20","    20.2"," ","R","20","     0.0"," ","R","20","     2.7"," ","R","20","     0.8"," ","R","20","     0.1"," ","R","20","     0.0","X","R","20","     0.0"," ","R","20","     0.0"," ","R","20","     0.0"," ","R","20","     0.0"," ","R","20","     0.0"," ","R","20","     2.7"," ","R","20","     0.8"," ","R","20","     0.1"," ","R","20","     0.0","X","R","20","     0.0"," ","R","20","     0.0"," ","R","20","     0.0"," ","R","20","     0.0"," ","R","20","     5.5"," ","R","20","     4.7"," ","R","20","    13.5"," ","S","24","     5.6"," ","S","24","     1.5"," ","S","24","     0.4"," ","S","24","     0.0"," ","S","24","     0.0"," ","S","24","     0.0"," ","S","24","     0.0"," ","S","24","    0.04"," ","S","24","    0.07"," ","S","24","    0.16"," ","S","24","    0.11"," ","R","21","    2.04"," ","R","21","     3.0"," ","S","24","     1.5"," ","S","24","     0.9"," ","S","24","     0.4"," ","S","24","     0.1"," ","S","24","     0.1"," ","S","24","     0.0"," ","S","24","     0.0"," ","S","24"," -9999.0","Y"," "," 0"," -9999.0","Y"," "," 0"," -9999.0","Y"," "," 0","     0.4"," ","P","23","    17.6"," ","P","23"
"USC00426601","04-08"," 37.8156","-112.4389","2026.0","PANGUITCH, UT US","04","08","99","    40.0"," ","R","20","    58.2"," ","R","20","    21.8"," ","R","22","    36.4"," ","R","20","     6.6"," ","R","20","     9.4"," ","R","20","     6.4"," ","R","22","     9.0"," ","R","20","    25.0"," ","R","20","     2.8"," ","R","20","     5.8"," ","R","20","    10.1"," ","R","20","    15.0"," ","R","20","    17.0"," ","R","20","    20.0"," ","R","20","     0.0"," ","R","20","     2.8"," ","R","20","     0.8"," ","R","20","     0.1"," ","R","20","     0.0","X","R","20","     0.0"," ","R","20","     0.0"," ","R","20","     0.0"," ","R","20","     0.0"," ","R","20","     0.0"," ","R","20","     2.8"," ","R","20","     0.8"," ","R","20","     0.1"," ","R","20","     0.0","X","R","20","     0.0"," ","R","20","     0.0"," ","R","20","     0.0"," ","R","20","     0.0"," ","R","20","     5.6"," ","R","20","     4.8"," ","R","20","    13.5"," ","S","24","     5.6"," ","S","24","     1.5"," ","S","24","     0.4"," ","S","24","     0.0"," ","S","24","     0.0"," ","S","24","     0.0"," ","S","24","     0.0"," ","S","24","    0.04"," ","S","24","    0.07"," ","S","24","    0.16"," ","S","24","    0.13"," ","R","21","    2.06"," ","R","21","     2.9"," ","S","24","     1.5"," ","S","24","     0.8"," ","S","24","     0.4"," ","S","24","     0.1"," ","S","24","     0.1"," ","S","24","     0.0"," ","S","24","     0.0"," ","S","24"," -9999.0","Y"," "," 0"," -9999.0","Y"," "," 0"," -9999.0","Y"," "," 0","     0.4"," ","P","23","    17.6"," ","P","23"
"USC00426601","04-09"," 37.8156","-112.4389","2026.0","PANGUITCH, UT US","04","09","99","    40.1"," ","R","20","    58.4"," ","R","20","    21.9"," ","R","22","    36.5"," ","R","20","     6.6"," ","R","20","     9.4"," ","R","20","     6.4"," ","R","22","     9.1"," ","R","20","    24.9"," ","R","20","     2.7"," ","R","20","     5.7"," ","R","20","    10.0"," ","R","20","    14.9"," ","R","20","    16.9"," ","R","20","    19.9"," ","R","20","     0.0"," ","R","20","     2.8"," ","R","20","     0.8"," ","R","20","     0.1"," ","R","20","     0.0","X","R","20","     0.0"," ","R","20","     0.0"," ","R","20","     0.0"," ","R","20","     0.0"," ","R","20","     0.0"," ","R","20","     2.8"," ","R","20","     0.8"," ","R","20","     0.1"," ","R","20","     0.0","X","R","20","     0.0"," ","R","20","     0.0"," ","R","20","     0.0"," ","R","20","     0.0"," ","R","20","     5.7"," ","R","20","     4.9"," ","R","20","    13.5"," ","S","24","     5.6"," ","S","24","     1.6"," ","S","24","     0.4"," ","S","24","     0.0"," ","S","24","     0.0"," ","S","24","     0.0"," ","S","24","     0.0"," ","S","24","    0.04"," ","S","24","    0.07"," ","S","24","    0.17"," ","S","24","    0.14"," ","R","21","    2.07"," ","R","21","     2.9"," ","S","24","     1.5"," ","S","24","     0.8"," ","S","24","     0.4"," ","S","24","     0.1"," ","S","24","     0.1"," ","S","24","     0.0"," ","S","24","     0.0"," ","S","24"," -9999.0","Y"," "," 0"," -9999.0","Y"," "," 0"," -9999.0","Y"," "," 0","     0.5"," ","P","23","    17.7"," ","P","23"
"USC00426601","04-10"," 37.8156","-112.4389","2026.0","PANGUITCH, UT US","04","10","99","    40.3"," ","R","20","    58.6"," ","R","20","    22.0"," ","R","22","    36.6"," ","R","20","     6.6"," ","R","20","     9.5"," ","R","20","     6.4"," ","R","22","     9.1"," ","R","20","    24.7"," ","R","20","     2.6"," ","R","20","     5.6"," ","R","20","     9.8"," ","R","20","    14.7"," ","R","20","    16.7"," ","R","20","    19.7"," ","R","20","     0.0"," ","R","20","     2.9"," ","R","20","     0.9"," ","R","20","     0.1"," ","R","20","     0.0","X","R","20","     0.0"," ","R","20","     0.0"," ","R","20","     0.0"," ","R","20","     0.0"," ","R","20","     0.0"," ","R","20","     2.9"," ","R","20","     0.9"," ","R","20","     0.1"," ","R","20","     0.0","X","R","20","     0.0"," ","R","20","     0.0"," ","R","20","     0.0"," ","R","20","     0.0"," ","R","20","     5.8"," ","R","20","     5.0"," ","R","20","    13.6"," ","S","24","     5.7"," ","S","24","     1.6"," ","S","24","     0.4"," ","S","24","     0.0"," ","S","24","     0.0"," ","S","24","     0.0"," ","S","24","     0.0"," ","S","24","    0.04"," ","S","24","    0.07"," ","S","24","    0.17"," ","S","24","    0.16"," ","R","21","    2.09"," ","R","21","     2.8"," ","S","24","     1.4"," ","S","24","     0.8"," ","S","24","     0.3"," ","S","24","     0.1"," ","S","24","     0.1"," ","S","24","     0.0"," ","S","24","     0.0"," ","S","24"," -9999.0","Y"," "," 0"," -9999.0","Y"," "," 0"," -9999.0","Y"," "," 0","     0.5"," ","P","23","    17.7"," ","P","23"
"USC00426601","04-11"," 37.8156","-112.4389","2026.0","PANGUITCH, UT US","04","11","99","    40.4"," ","R","20","    58.7"," ","R","20","    22.1"," ","R","22","    36.6"," ","R","20","     6.6"," ","R","20","     9.5"," ","R","20","     6.4"," ","R","22","     9.1"," ","R","20","    24.6"," ","R","20","     2.6"," ","R","20","     5.5"," ","R","20","     9.7"," ","R","20","    14.6"," ","R","20","    16.6"," ","R","20","    19.6"," ","R","20","     0.0"," ","R","20","     3.0"," ","R","20","     0.9"," ","R","20","     0.1"," ","R","20","     0.0","X","R","20","     0.0"," ","R","20","     0.0"," ","R","20","     0.0"," ","R","20","     0.0"," ","R","20","     0.0"," ","R","20","     3.0"," ","R","20","     0.9"," ","R","20","     0.1"," ","R","20","     0.0","X","R","20","     0.0"," ","R","20","     0.0"," ","R","20","     0.0"," ","R","20","     0.0"," ","R","20","     5.8"," ","R","20","     5.0"," ","R","20","    13.6"," ","S","24","     5.7"," ","S","24","     1.6"," ","S","24","     0.4"," ","S","24","     0.0"," ","S","24","     0.0"," ","S","24","     0.0"," ","S","24","     0.0"," ","S","24","    0.04"," ","S","24","    0.07"," ","S","24","    0.17"," ","S","24","    0.18"," ","R","21","    2.11"," ","R","21","     2.7"," ","S","24","     1.4"," ","S","24","     0.8"," ","S","24","     0.3"," ","S","24","     0.1"," ","S","24","     0.1"," ","S","24","     0.0"," ","S","24","     0.0"," ","S","24"," -9999.0","Y"," "," 0"," -9999.0","Y"," "," 0"," -9999.0","Y"," "," 0","     0.6"," ","P","23","    17.8"," ","P","23"
"USC00426601","04-12"," 37.8156","-112.4389","2026.0","PANGUITCH, UT US","04","12","99","    40.6"," ","R","20","    58.9"," ","R","20","    22.2"," ","R","22","    36.7"," ","R","20","     6.6"," ","R","20","     9.5"," ","R","20","     6.4"," ","R","22","     9.1"," ","R","20","    24.4"," ","R","20","     2.5"," ","R","20","     5.4"," ","R","20","     9.6"," ","R","20","    14.4"," ","R","20","    16.4"," ","R","20","    19.4"," ","R","20","     0.0"," ","R","20","     3.1"," ","R","20","     1.0"," ","R","20","     0.1"," ","R","20","     0.0","X","R","20","     0.0"," ","R","20","     0.0"," ","R","20","     0.0"," ","R","20","     0.0"," ","R","20","     0.0"," ","R","20","     3.1"," ","R","20","     1.0"," ","R","20","     0.1"," ","R","20","     0.0","X","R","20","     0.0"," ","R","20","     0.0"," ","R","20","     0.0"," ","R","20","     0.0"," ","R","20","     5.9"," ","R","20","     5.0"," ","R","20","    13.7"," ","S","24","     5.8"," ","S","24","     1.6"," ","S","24","     0.4"," ","S","24","     0.0"," ","S","24","     0.0"," ","S","24","     0.0"," ","S","24","     0.0"," ","S","24","    0.04"," ","S","24","    0.07"," ","S","24","    0.17"," ","S","24","    0.20"," ","R","21","    2.13"," ","R","21","     2.7"," ","S","24","     1.4"," ","S","24","     0.8"," ","S","24","     0.3"," ","S","24","     0.1"," ","S","24","     0.1"," ","S","24","     0.0"," ","S","24","     0.0"," ","S","24"," -9999.0","Y"," "," 0"," -9999.0","Y"," "," 0"," -9999.0","Y"," "," 0","     0.6"," ","P","23","    17.8"," ","P","23"
"USC00426601","04-13"," 37.8156","-112.4389","2026.0","PANGUITCH, UT US","04","13","99","    40.7"," ","R","20","    59.1"," ","R","20","    22.4"," ","R","22","    36.7"," ","R","20","     6.6"," ","R","20","     9.6"," ","R","20","     6.4"," ","R","22","     9.1"," ","R","20","    24.3"," ","R","20","     2.4"," ","R","20","     5.3"," ","R","20","     9.4"," ","R","20","    14.3"," ","R","20","    16.3"," ","R","20","    19.3"," ","R","20","     0.0"," ","R","20","     3.2"," ","R","20","     1.0"," ","R","20","     0.1"," ","R","20","     0.0","X","R","20","     0.0"," ","R","20","     0.0"," ","R","20","     0.0"," ","R","20","     0.0"," ","R","20","     0.0"," ","R","20","     3.2"," ","R","20","     1.0"," ","R","20","     0.1"," ","R","20","     0.0","X","R","20","     0.0"," ","R","20","     0.0"," ","R","20","     0.0"," ","R","20","     0.0"," ","R","20","     5.9"," ","R","20","     5.1"," ","R","20","    13.8"," ","S","24","     5.9"," ","S","24","     1.7"," ","S","24","     0.4"," ","S","24","     0.0"," ","S","24","     0.0"," ","S","24","     0.0"," ","S","24","     0.0"," ","S","24","    0.04"," ","S","24","    0.07"," ","S","24","    0.17"," ","S","24","    0.21"," ","R","21","    2.14"," ","R","21","     2.6"," ","S","24","     1.4"," ","S","24","     0.7"," ","S","24","     0.3"," ","S","24","     0.1"," ","S","24","     0.1"," ","S","24","     0.0"," ","S","24","     0.0"," ","S","24"," -9999.0","Y"," "," 0"," -9999.0","Y"," "," 0"," -9999.0","Y"," "," 0","     0.7"," ","P","23","    17.9"," ","P","23"
"USC00426601","04-14"," 37.8156","-112.4389","2026.0","PANGUITCH, UT US","04","14","99","    40.9"," ","R","20","    59.3"," ","R","20","    22.5"," ","R","22","    36.8"," ","R","20","     6.7"," ","R","20","     9.6"," ","R","20","     6.3"," ","R","22","     9.1"," ","R","20","    24.1"," ","R","20","     2.3"," ","R","20","     5.1"," ","R","20","     9.2"," ","R","20","    14.1"," ","R","20","    16.1"," ","R","20","    19.1"," ","R","20","     0.0"," ","R","20","     3.2"," ","R","20","     1.0"," ","R","20","     0.2"," ","R","20","     0.0","X","R","20","     0.0"," ","R","20","     0.0"," ","R","20","     0.0"," ","R","20","     0.0"," ","R","20","     0.0"," ","R","20","     3.2"," ","R","20","     1.0"," ","R","20","     0.2"," ","R","20","     0.0","X","R","20","     0.0"," ","R","20","     0.0"," ","R","20","     0.0"," ","R","20","     0.0"," ","R","20","     6.0"," ","R","20","     5.2"," ","R","20","    14.0"," ","S","24","     6.0"," ","S","24","     1.7"," ","S","24","     0.4"," ","S","24","     0.0"," ","S","24","     0.0"," ","S","24","     0.0"," ","S","24","     0.0"," ","S","24","    0.04"," ","S","24","    0.07"," ","S","24","    0.17"," ","S","24","    0.23"," ","R","21","    2.16"," ","R","21","     2.5"," ","S","24","     1.4"," ","S","24","     0.7"," ","S","24","     0.3"," ","S","24","     0.1"," ","S","24","     0.1"," ","S","24","     0.0"," ","S","24","     0.0"," ","S","24"," -9999.0","Y"," "," 0"," -9999.0","Y"," "," 0"," -9999.0","Y"," "," 0","     0.7"," ","P","23","    17.9"," ","P","23"
"USC00426601","04-15"," 37.8156","-112.4389","2026.0","PANGUITCH, UT US","04","15","99","    41.1"," ","R","20","    59.5"," ","R","20","    22.7"," ","R","22","    36.8"," ","R","20","     6.7"," ","R","20","     9.7"," ","R","20","     6.3"," ","R","22","     9.2"," ","R","20","    23.9"," ","R","20","     2.2"," ","R","20","     5.0"," ","R","20","     9.1"," ","R","20","    13.9"," ","R","20","    15.9"," ","R","20","    18.9"," ","R","20","     0.0"," ","R","20","     3.3"," ","R","20","     1.1"," ","R","20","     0.2"," ","R","20","     0.0","X","R","20","     0.0"," ","R","20","     0.0"," ","R","20","     0.0"," ","R","20","     0.0"," ","R","20","     0.0"," ","R","20","     3.3"," ","R","20","     1.1"," ","R","20","     0.2"," ","R","20","     0.0","X","R","20","     0.0"," ","R","20","     0.0"," ","R","20","     0.0"," ","R","20","     0.0"," ","R","20","     6.1"," ","R","20","     5.3"," ","R","20","    14.1"," ","S","24","     6.0"," ","S","24","     1.7"," ","S","24","     0.4"," ","S","24","     0.0"," ","S","24","     0.0"," ","S","24","     0.0"," ","S","24","     0.0"," ","S","24","    0.04"," ","S","24","    0.07"," ","S","24","    0.17"," ","S","24","    0.25"," ","R","21","    2.18"," ","R","21","     2.5"," ","S","24","     1.4"," ","S","24","     0.7"," ","S","24","     0.2"," ","S","24","     0.1"," ","S","24","     0.1"," ","S","24","     0.0"," ","S","24","     0.0"," ","S","24"," -9999.0","Y"," "," 0"," -9999.0","Y"," "," 0"," -9999.0","Y"," "," 0","     0.8"," ","P","23","    18.0"," ","P","23"
"USC00426601","04-16"," 37.8156","-112.4389","2026.0","PANGUITCH, UT US","04","16","99","    41.3"," ","R","20","    59.7"," ","R","20","    22.9"," ","R","22","    36.8"," ","R","20","     6.7"," ","R","20","     9.7"," ","R","20","     6.3"," ","R","22","     9.2"," ","R","20","    23.7"," ","R","20","     2.1"," ","R","20","     4.9"," ","R","20","     8.9"," ","R","20","    13.7"," ","R","20","    15.7"," ","R","20","    18.7"," ","R","20","     0.0"," ","R","20","     3.4"," ","R","20","     1.1"," ","R","20","     0.2"," ","R","20","     0.0","X","R","20","     0.0"," ","R","20","     0.0"," ","R","20","     0.0"," ","R","20","     0.0"," ","R","20","     0.0"," ","R","20","     3.4"," ","R","20","     1.1"," ","R","20","     0.2"," ","R","20","     0.0","X","R","20","     0.0"," ","R","20","     0.0"," ","R","20","     0.0"," ","R","20","     0.0"," ","R","20","     6.2"," ","R","20","     5.3"," ","R","20","    14.2"," ","S","24","     6.1"," ","S","24","     1.8"," ","S","24","     0.4"," ","S","24","     0.0"," ","S","24","     0.0"," ","S","24","     0.0"," ","S","24","     0.0"," ","S","24","    0.04"," ","S","24","    0.07"," ","S","24","    0.17"," ","S","24","    0.27"," ","R","21","    2.20"," ","R","21","     2.4"," ","S","24","     1.3"," ","S","24","     0.7"," ","S","24","     0.2"," ","S","24","     0.1"," ","S","24","     0.1"," ","S","24","     0.0"," ","S","24","     0.0"," ","S","24"," -9999.0","Y"," "," 0"," -9999.0","Y"," "," 0"," -9999.0","Y"," "," 0","     0.8"," ","P","23","    18.0"," ","P","23"
"USC00426601","04-17"," 37.8156","-112.4389","2026.0","PANGUITCH, UT US","04","17","99","    41.5"," ","R","20","    59.8"," ","R","20","    23.1"," ","R","22","    36.8"," ","R","20","     6.7"," ","R","20","     9.8"," ","R","20","     6.3"," ","R","22","     9.2"," ","R","20","    23.5"," ","R","20","     2.0"," ","R","20","     4.7"," ","R","20","     8.7"," ","R","20","    13.5"," ","R","20","    15.5"," ","R","20","    18.5"," ","R","20","     0.0"," ","R","20","     3.5"," ","R","20","     1.2"," ","R","20","     0.2"," ","R","20","     0.0","X","R","20","     0.0"," ","R","20","     0.0"," ","R","20","     0.0"," ","R","20","     0.0"," ","R","20","     0.0"," ","R","20","     3.5"," ","R","20","     1.2"," ","R","20","     0.2"," ","R","20","     0.0","X","R","20","     0.0"," ","R","20","     0.0"," ","R","20","     0.0"," ","R","20","     0.0"," ","R","20","     6.3"," ","R","20","     5.4"," ","R","20","    14.4"," ","S","24","     6.2"," ","S","24","     1.8"," ","S","24","     0.4"," ","S","24","     0.0"," ","S","24","     0.0"," ","S","24","     0.0"," ","S","24","     0.0"," ","S","24","    0.04"," ","S","24","    0.07"," ","S","24","    0.17"," ","S","24","    0.29"," ","R","21","    2.22"," ","R","21","     2.3"," ","S","24","     1.3"," ","S","24","     0.7"," ","S","24","     0.2"," ","S","24","     0.1"," ","S","24","     0.1"," ","S","24","     0.0"," ","S","24","     0.0"," ","S","24"," -9999.0","Y"," "," 0"," -9999.0","Y"," "," 0"," -9999.0","Y"," "," 0","     0.8"," ","P","23","    18.0"," ","P","23"
"USC00426601","04-18"," 37.8156","-112.4389","2026.0","PANGUITCH, UT US","04","18","99","    41.7"," ","R","20","    60.0"," ","R","20","    23.3"," ","R","22","    36.8"," ","R","20","     6.7"," ","R","20","     9.8"," ","R","20","     6.3"," ","R","22","     9.2"," ","R","20","    23.3"," ","R","20","     2.0"," ","R","20","     4.6"," ","R","20","     8.6"," ","R","20","    13.3"," ","R","20","    15.3"," ","R","20","    18.3"," ","R","20","     0.0"," ","R","20","     3.6"," ","R","20","     1.2"," ","R","20","     0.2"," ","R","20","     0.0","X","R","20","     0.0","X","R","20","     0.0"," ","R","20","     0.0"," ","R","20","     0.0"," ","R","20","     0.0"," ","R","20","     3.6"," ","R","20","     1.2"," ","R","20","     0.2"," ","R","20","     0.0","X","R","20","     0.0","X","R","20","     0.0"," ","R","20","     0.0"," ","R","20","     0.0"," ","R","20","     6.4"," ","R","20","     5.5"," ","R","20","    14.4"," ","S","24","     6.3"," ","S","24","     1.9"," ","S","24","     0.4"," ","S","24","     0.0"," ","S","24","     0.0"," ","S","24","     0.0"," ","S","24","     0.0"," ","S","24","    0.04"," ","S","24","    0.07"," ","S","24","    0.17"," ","S","24","    0.31"," ","R","21","    2.24"," ","R","21","     2.3"," ","S","24","     1.3"," ","S","24","     0.6"," ","S","24","     0.2"," ","S","24","     0.1"," ","S","24","     0.1"," ","S","24","     0.0"," ","S","24","     0.0"," ","S","24"," -9999.0","Y"," "," 0"," -9999.0","Y"," "," 0"," -9999.0","Y"," "," 0","     0.9"," ","P","23","    18.1"," ","P","23"
"USC00426601","04-19"," 37.8156","-112.4389","2026.0","PANGUITCH, UT US","04","19","99","    41.9"," ","R","20","    60.2"," ","R","20","    23.5"," ","R","22","    36.8"," ","R","20","     6.7"," ","R","20","     9.8"," ","R","20","     6.3"," ","R","22","     9.2"," ","R","20","    23.1"," ","R","20","     1.9"," ","R","20","     4.4"," ","R","20","     8.4"," ","R","20","    13.1"," ","R","20","    15.1"," ","R","20","    18.1"," ","R","20","     0.0"," ","R","20","     3.7"," ","R","20","     1.3"," ","R","20","     0.3"," ","R","20","     0.0","X","R","20","     0.0","X","R","20","     0.0"," ","R","20","     0.0"," ","R","20","     0.0"," ","R","20","     0.0"," ","R","20","     3.7"," ","R","20","     1.3"," ","R","20","     0.3"," ","R","20","     0.0","X","R","20","     0.0","X","R","20","     0.0"," ","R","20","     0.0"," ","R","20","     0.0"," ","R","20","     6.5"," ","R","20","     5.6"," ","R","20","    14.5"," ","S","24","     6.4"," ","S","24","     1.9"," ","S","24","     0.4"," ","S","24","     0.0"," ","S","24","     0.0"," ","S","24","     0.0"," ","S","24","     0.0"," ","S","24","    0.04"," ","S","24","    0.07"," ","S","24","    0.17"," ","S","24","    0.33"," ","R","21","    2.26"," ","R","21","     2.2"," ","S","24","     1.3"," ","S","24","     0.6"," ","S","24","     0.2"," ","S","24","     0.1"," ","S","24","     0.1"," ","S","24","     0.0"," ","S","24","     0.0"," ","S","24"," -9999.0","Y"," "," 0"," -9999.0","Y"," "," 0"," -9999.0","Y"," "," 0","     0.9"," ","P","23","    18.1"," ","P","23"
"USC00426601","04-20"," 37.8156","-112.4389","2026.0","PANGUITCH, UT US","04","20","99","    42.1"," ","R","20","    60.5"," ","R","20","    23.7"," ","R","22","    36.7"," ","R","20","     6.7"," ","R","20","     9.8"," ","R","20","     6.2"," ","R","22","     9.2"," ","R","20","    22.9"," ","R","20","     1.8"," ","R","20","     4.3"," ","R","20","     8.2"," ","R","20","    12.9"," ","R","20","    14.9"," ","R","20","    17.9"," ","R","20","     0.0"," ","R","20","     3.9"," ","R","20","     1.4"," ","R","20","     0.3"," ","R","20","     0.0","X","R","20","     0.0","X","R","20","     0.0"," ","R","20","     0.0"," ","R","20","     0.0"," ","R","20","     0.0"," ","R","20","     3.9"," ","R","20","     1.4"," ","R","20","     0.3"," ","R","20","     0.0","X","R","20","     0.0","X","R","20","     0.0"," ","R","20","     0.0"," ","R","20","     0.0"," ","R","20","     6.6"," ","R","20","     5.7"," ","R","20","    14.6"," ","S","24","     6.5"," ","S","24","     2.0"," ","S","24","     0.4"," ","S","24","     0.0"," ","S","24","     0.0"," ","S","24","     0.0"," ","S","24","     0.0"," ","S","24","    0.04"," ","S","24","    0.07"," ","S","24","    0.17"," ","S","24","    0.35"," ","R","21","    2.28"," ","R","21","     2.1"," ","S","24","     1.2"," ","S","24","     0.6"," ","S","24","     0.2"," ","S","24","     0.1"," ","S","24","     0.1"," ","S","24","     0.0"," ","S","24","     0.0"," ","S","24"," -9999.0","Y"," "," 0"," -9999.0","Y"," "," 0"," -9999.0","Y"," "," 0","     0.9"," ","P","23","    18.1"," ","P","23"
"USC00426601","04-21"," 37.8156","-112.4389","2026.0","PANGUITCH, UT US","04","21","99","    42.3"," ","R","20","    60.7"," ","R","20","    24.0"," ","R","22","    36.7"," ","R","20","     6.7"," ","R","20","     9.9"," ","R","20","     6.2"," ","R","22","     9.2"," ","R","20","    22.7"," ","R","20","     1.7"," ","R","20","     4.2"," ","R","20","     8.0"," ","R","20","    12.7"," ","R","20","    14.7"," ","R","20","    17.7"," ","R","20","     0.0"," ","R","20","     4.0"," ","R","20","     1.5"," ","R","20","     0.3"," ","R","20","     0.0","X","R","20","     0.0","X","R","20","     0.0"," ","R","20","     0.0"," ","R","20","     0.0"," ","R","20","     0.0"," ","R","20","     4.0"," ","R","20","     1.5"," ","R","20","     0.3"," ","R","20","     0.0","X","R","20","     0.0","X","R","20","     0.0"," ","R","20","     0.0"," ","R","20","     0.0"," ","R","20","     6.7"," ","R","20","     5.9"," ","R","20","    14.7"," ","S","24","     6.6"," ","S","24","     2.0"," ","S","24","     0.4"," ","S","24","     0.0"," ","S","24","     0.0"," ","S","24","     0.0"," ","S","24","     0.0"," ","S","24","    0.04"," ","S","24","    0.07"," ","S","24","    0.17"," ","S","24","    0.38"," ","R","21","    2.31"," ","R","21","     2.1"," ","S","24","     1.2"," ","S","24","     0.6"," ","S","24","     0.2"," ","S","24","     0.1"," ","S","24","     0.0"," ","S","24","     0.0"," ","S","24","     0.0"," ","S","24"," -9999.0","Y"," "," 0"," -9999.0","Y"," "," 0"," -9999.0","Y"," "," 0","     0.9"," ","P","23","    18.1"," ","P","23"
"USC00426601","04-22"," 37.8156","-112.4389","2026.0","PANGUITCH, UT US","04","22","99","    42.6"," ","R","20","    60.9"," ","R","20","    24.2"," ","R","22","    36.7"," ","R","20","     6.7"," ","R","20","     9.9"," ","R","20","     6.2"," ","R","22","     9.2"," ","R","20","    22.4"," ","R","20","     1.6"," ","R","20","     4.0"," ","R","20","     7.8"," ","R","20","    12.5"," ","R","20","    14.4"," ","R","20","    17.4"," ","R","20","     0.0"," ","R","20","     4.2"," ","R","20","     1.6"," ","R","20","     0.4"," ","R","20","     0.0","X","R","20","     0.0","X","R","20","     0.0"," ","R","20","     0.0"," ","R","20","     0.0"," ","R","20","     0.0"," ","R","20","     4.2"," ","R","20","     1.6"," ","R","20","     0.4"," ","R","20","     0.0","X","R","20","     0.0","X","R","20","     0.0"," ","R","20","     0.0"," ","R","20","     0.0"," ","R","20","     6.8"," ","R","20","     6.0"," ","R","20","    14.8"," ","S","24","     6.8"," ","S","24","     2.1"," ","S","24","     0.4"," ","S","24","     0.0"," ","S","24","     0.0"," ","S","24","     0.0"," ","S","24","     0.0"," ","S","24","    0.04"," ","S","24","    0.07"," ","S","24","    0.18"," ","S","24","    0.40"," ","R","21","    2.33"," ","R","21","     2.0"," ","S","24","     1.2"," ","S","24","     0.6"," ","S","24","     0.2"," ","S","24","     0.1"," ","S","24","     0.0"," ","S","24","     0.0"," ","S","24","     0.0"," ","S","24"," -9999.0","Y"," "," 0"," -9999.0","Y"," "," 0"," -9999.0","Y"," "," 0","     1.0"," ","P","23","    18.2"," ","P","23"
"USC00426601","04-23"," 37.8156","-112.4389","2026.0","PANGUITCH, UT US","04","23","99","    42.8"," ","R","20","    61.1"," ","R","20","    24.5"," ","R","22","    36.7"," ","R","20","     6.7"," ","R","20","     9.9"," ","R","20","     6.2"," ","R","22","     9.2"," ","R","20","    22.2"," ","R","20","     1.5"," ","R","20","     3.9"," ","R","20","     7.6"," ","R","20","    12.2"," ","R","20","    14.2"," ","R","20","    17.2"," ","R","20","     0.0"," ","R","20","     4.3"," ","R","20","     1.7"," ","R","20","     0.4"," ","R","20","     0.0","X","R","20","     0.0","X","R","20","     0.0"," ","R","20","     0.0"," ","R","20","     0.0"," ","R","20","     0.0"," ","R","20","     4.3"," ","R","20","     1.7"," ","R","20","     0.4"," ","R","20","     0.0","X","R","20","     0.0","X","R","20","     0.0"," ","R","20","     0.0"," ","R","20","     0.0"," ","R","20","     6.9"," ","R","20","     6.1"," ","R","20","    14.9"," ","S","24","     6.9"," ","S","24","     2.1"," ","S","24","     0.4"," ","S","24","     0.0"," ","S","24","     0.0"," ","S","24","     0.0"," ","S","24","     0.0"," ","S","24","    0.04"," ","S","24","    0.08"," ","S","24","    0.18"," ","S","24","    0.42"," ","R","21","    2.35"," ","R","21","     1.9"," ","S","24","     1.2"," ","S","24","     0.5"," ","S","24","     0.2"," ","S","24","     0.1"," ","S","24","     0.0"," ","S","24","     0.0"," ","S","24","     0.0"," ","S","24"," -9999.0","Y"," "," 0"," -9999.0","Y"," "," 0"," -9999.0","Y"," "," 0","     1.0"," ","P","23","    18.2"," ","P","23"
"USC00426601","04-24"," 37.8156","-112.4389","2026.0","PANGUITCH, UT US","04","24","99","    43.1"," ","R","20","    61.4"," ","R","20","    24.7"," ","R","22","    36.6"," ","R","20","     6.7"," ","R","20","     9.9"," ","R","20","     6.1"," ","R","22","     9.2"," ","R","20","    21.9"," ","R","20","     1.5"," ","R","20","     3.8"," ","R","20","     7.4"," ","R","20","    12.0"," ","R","20","    14.0"," ","R","20","    16.9"," ","R","20","     0.0"," ","R","20","     4.5"," ","R","20","     1.9"," ","R","20","     0.5"," ","R","20","     0.1"," ","R","20","     0.0","X","R","20","     0.0"," ","R","20","     0.0"," ","R","20","     0.0"," ","R","20","     0.0"," ","R","20","     4.5"," ","R","20","     1.9"," ","R","20","     0.5"," ","R","20","     0.1"," ","R","20","     0.0","X","R","20","     0.0"," ","R","20","     0.0"," ","R","20","     0.0"," ","R","20","     7.0"," ","R","20","     6.1"," ","R","20","    15.0"," ","S","24","     7.0"," ","S","24","     2.2"," ","S","24","     0.5"," ","S","24","     0.0"," ","S","24","     0.0"," ","S","24","     0.0"," ","S","24","     0.0"," ","S","24","    0.04"," ","S","24","    0.08"," ","S","24","    0.18"," ","S","24","    0.44"," ","R","21","    2.37"," ","R","21","     1.8"," ","S","24","     1.1"," ","S","24","     0.5"," ","S","24","     0.1"," ","S","24","     0.1"," ","S","24","     0.0"," ","S","24","     0.0"," ","S","24","     0.0"," ","S","24"," -9999.0","Y"," "," 0"," -9999.0","Y"," "," 0"," -9999.0","Y"," "," 0","     1.0"," ","P","23","    18.2"," ","P","23"
"USC00426601","04-25"," 37.8156","-112.4389","2026.0","PANGUITCH, UT US","04","25","99","    43.3"," ","R","20","    61.6"," ","R","20","    25.0"," ","R","22","    36.6"," ","R","20","     6.7"," ","R","20","     9.9"," ","R","20","     6.1"," ","R","22","     9.2"," ","R","20","    21.7"," ","R","20","     1.4"," ","R","20","     3.7"," ","R","20","     7.2"," ","R","20","    11.7"," ","R","20","    13.7"," ","R","20","    16.7"," ","R","20","     0.0"," ","R","20","     4.8"," ","R","20","     2.0"," ","R","20","     0.6"," ","R","20","     0.1"," ","R","20","     0.0","X","R","20","     0.0"," ","R","20","     0.0"," ","R","20","     0.0"," ","R","20","     0.0"," ","R","20","     4.8"," ","R","20","     2.0"," ","R","20","     0.6"," ","R","20","     0.1"," ","R","20","     0.0","X","R","20","     0.0"," ","R","20","     0.0"," ","R","20","     0.0"," ","R","20","     7.1"," ","R","20","     6.2"," ","R","20","    15.1"," ","P","23","     7.1"," ","P","23","     2.3"," ","P","23","     0.5"," ","P","23","     0.0"," ","P","23","     0.0"," ","P","23","     0.0"," ","P","23","     0.0"," ","P","23","    0.04"," ","P","23","    0.08"," ","P","23","    0.18"," ","P","23","    0.46"," ","R","21","    2.39"," ","R","21","     1.8"," ","S","24","     1.1"," ","S","24","     0.5"," ","S","24","     0.1"," ","S","24","     0.1"," ","S","24","     0.0"," ","S","24","     0.0"," ","S","24","     0.0"," ","S","24"," -9999.0","Y"," "," 0"," -9999.0","Y"," "," 0"," -9999.0","Y"," "," 0","     1.0"," ","P","23","    18.2"," ","P","23"
"USC00426601","04-26"," 37.8156","-112.4389","2026.0","PANGUITCH, UT US","04","26","99","    43.6"," ","R","20","    61.9"," ","R","20","    25.3"," ","R","22","    36.6"," ","R","20","     6.7"," ","R","20","     9.9"," ","R","20","     6.0"," ","R","22","     9.2"," ","R","20","    21.4"," ","R","20","     1.4"," ","R","20","     3.6"," ","R","20","     7.0"," ","R","20","    11.5"," ","R","20","    13.4"," ","R","20","    16.4"," ","R","20","     0.0"," ","R","20","     5.0"," ","R","20","     2.2"," ","R","20","     0.6"," ","R","20","     0.1"," ","R","20","     0.0","X","R","20","     0.0","X","R","20","     0.0"," ","R","20","     0.0"," ","R","20","     0.0"," ","R","20","     5.0"," ","R","20","     2.2"," ","R","20","     0.6"," ","R","20","     0.1"," ","R","20","     0.0","X","R","20","     0.0","X","R","20","     0.0"," ","R","20","     0.0"," ","R","20","     7.2"," ","R","20","     6.3"," ","R","20","    15.2"," ","P","23","     7.2"," ","P","23","     2.3"," ","P","23","     0.5"," ","P","23","     0.0"," ","P","23","     0.0"," ","P","23","     0.0"," ","P","23","     0.0"," ","P","23","    0.04"," ","P","23","    0.08"," ","P","23","    0.18"," ","P","23","    0.48"," ","R","21","    2.41"," ","R","21","     1.7"," ","P","23","     1.1"," ","P","23","     0.5"," ","P","23","     0.1"," ","P","23","     0.1"," ","P","23","     0.0"," ","P","23","     0.0"," ","P","23","     0.0"," ","P","23"," -9999.0","Y"," "," 0"," -9999.0","Y"," "," 0"," -9999.0","Y"," "," 0","     1.0"," ","P","23","    18.2"," ","P","23"
"USC00426601","04-27"," 37.8156","-112.4389","2026.0","PANGUITCH, UT US","04","27","99","    43.9"," ","R","20","    62.1"," ","R","20","    25.6"," ","R","22","    36.5"," ","R","20","     6.7"," ","R","20","     9.9"," ","R","20","     6.0"," ","R","22","     9.2"," ","R","20","    21.1"," ","R","20","     1.3"," ","R","20","     3.4"," ","R","20","     6.8"," ","R","20","    11.2"," ","R","20","    13.1"," ","R","20","    16.1"," ","R","20","     0.0"," ","R","20","     5.2"," ","R","20","     2.3"," ","R","20","     0.7"," ","R","20","     0.1"," ","R","20","     0.0","X","R","20","     0.0","X","R","20","     0.0"," ","R","20","     0.0"," ","R","20","     0.0"," ","R","20","     5.2"," ","R","20","     2.3"," ","R","20","     0.7"," ","R","20","     0.1"," ","R","20","     0.0","X","R","20","     0.0","X","R","20","     0.0"," ","R","20","     0.0"," ","R","20","     7.3"," ","R","20","     6.5"," ","R","20","    15.4"," ","P","23","     7.3"," ","P","23","     2.4"," ","P","23","     0.5"," ","P","23","     0.0"," ","P","23","     0.0"," ","P","23","     0.0"," ","P","23","     0.0"," ","P","23","    0.04"," ","P","23","    0.08"," ","P","23","    0.18"," ","P","23","    0.50"," ","R","21","    2.43"," ","R","21","     1.6"," ","P","22","     1.1"," ","P","22","     0.5"," ","P","22","     0.1"," ","P","22","     0.1"," ","P","22","     0.0"," ","P","22","     0.0"," ","P","22","     0.0"," ","P","22"," -9999.0","Y"," "," 0"," -9999.0","Y"," "," 0"," -9999.0","Y"," "," 0","     1.0"," ","P","23","    18.2"," ","P","23"
"USC00426601","04-28"," 37.8156","-112.4389","2026.0","PANGUITCH, UT US","04","28","99","    44.2"," ","R","20","    62.4"," ","R","20","    25.9"," ","R","22","    36.5"," ","R","20","     6.7"," ","R","20","     9.9"," ","R","20","     6.0"," ","R","22","     9.1"," ","R","20","    20.8"," ","R","20","     1.2"," ","R","20","     3.3"," ","R","20","     6.6"," ","R","20","    10.9"," ","R","20","    12.9"," ","R","20","    15.8"," ","R","20","     0.0"," ","R","20","     5.4"," ","R","20","     2.5"," ","R","20","     0.7"," ","R","20","     0.1"," ","R","20","     0.0","X","R","20","     0.0","X","R","20","     0.0"," ","R","20","     0.0"," ","R","20","     0.0"," ","R","20","     5.4"," ","R","20","     2.5"," ","R","20","     0.7"," ","R","20","     0.1"," ","R","20","     0.0","X","R","20","     0.0","X","R","20","     0.0"," ","R","20","     0.0"," ","R","20","     7.5"," ","R","20","     6.6"," ","R","20","    15.5"," ","P","23","     7.4"," ","P","23","     2.5"," ","P","23","     0.5"," ","P","23","     0.0"," ","P","23","     0.0"," ","P","23","     0.0"," ","P","23","     0.0"," ","P","23","    0.04"," ","P","23","    0.08"," ","P","23","    0.18"," ","P","23","    0.52"," ","R","21","    2.45"," ","R","21","     1.6"," ","P","22","     1.0"," ","P","22","     0.4"," ","P","22","     0.1"," ","P","22","     0.1"," ","P","22","     0.0"," ","P","22","     0.0"," ","P","22","     0.0"," ","P","22"," -9999.0","Y"," "," 0"," -9999.0","Y"," "," 0"," -9999.0","Y"," "," 0","     1.1"," ","P","23","    18.3"," ","P","23"
"USC00426601","04-29"," 37.8156","-112.4389","2026.0","PANGUITCH, UT US","04","29","99","    44.5"," ","R","20","    62.7"," ","R","20","    26.2"," ","R","22","    36.5"," ","R","20","     6.7"," ","R","20","     9.8"," ","R","20","     5.9"," ","R","22","     9.1"," ","R","20","    20.5"," ","R","20","     1.1"," ","R","20","     3.1"," ","R","20","     6.3"," ","R","20","    10.6"," ","R","20","    12.6"," ","R","20","    15.5"," ","R","20","     0.0"," ","R","20","     5.6"," ","R","20","     2.6"," ","R","20","     0.8"," ","R","20","     0.1"," ","R","20","     0.0","X","R","20","     0.0","X","R","20","     0.0"," ","R","20","     0.0"," ","R","20","     0.0"," ","R","20","     5.6"," ","R","20","     2.6"," ","R","20","     0.8"," ","R","20","     0.1"," ","R","20","     0.0","X","R","20","     0.0","X","R","20","     0.0"," ","R","20","     0.0"," ","R","20","     7.6"," ","R","20","     6.7"," ","R","20","    15.6"," ","P","23","     7.5"," ","P","23","     2.5"," ","P","23","     0.5"," ","P","23","     0.0"," ","P","23","     0.0"," ","P","23","     0.0"," ","P","23","     0.0"," ","P","23","    0.04"," ","P","23","    0.08"," ","P","23","    0.18"," ","P","23","    0.55"," ","R","21","    2.48"," ","R","21","     1.5"," ","P","22","     1.0"," ","P","22","     0.4"," ","P","22","     0.1"," ","P","22","     0.1"," ","P","22","     0.0"," ","P","22","     0.0"," ","P","22","     0.0"," ","P","22"," -9999.0","Y"," "," 0"," -9999.0","Y"," "," 0"," -9999.0","Y"," "," 0","     1.1"," ","P","23","    18.3"," ","P","23"
"USC00426601","04-30"," 37.8156","-112.4389","2026.0","PANGUITCH, UT US","04","30","99","    44.8"," ","R","20","    63.0"," ","R","20","    26.6"," ","R","22","    36.5"," ","R","20","     6.7"," ","R","20","     9.8"," ","R","20","     5.9"," ","R","22","     9.1"," ","R","20","    20.2"," ","R","20","     1.1"," ","R","20","     3.0"," ","R","20","     6.1"," ","R","20","    10.3"," ","R","20","    12.2"," ","R","20","    15.2"," ","R","20","     0.0"," ","R","20","     5.9"," ","R","20","     2.8"," ","R","20","     0.9"," ","R","20","     0.1"," ","R","20","     0.0","X","R","20","     0.0","X","R","20","     0.0"," ","R","20","     0.0"," ","R","20","     0.0"," ","R","20","     5.9"," ","R","20","     2.8"," ","R","20","     0.9"," ","R","20","     0.1"," ","R","20","     0.0","X","R","20","     0.0","X","R","20","     0.0"," ","R","20","     0.0"," ","R","20","     7.7"," ","R","20","     6.9"," ","R","20","    15.7"," ","P","23","     7.6"," ","P","23","     2.6"," ","P","23","     0.5"," ","P","23","     0.0"," ","P","23","     0.0"," ","P","23","     0.0"," ","P","23","     0.0"," ","P","23","    0.04"," ","P","23","    0.08"," ","P","23","    0.18"," ","P","23","    0.57"," ","R","21","    2.50"," ","R","21","     1.4"," ","P","22","     1.0"," ","P","22","     0.4"," ","P","22","     0.1"," ","P","22","     0.1"," ","P","22","     0.0"," ","P","22","     0.0"," ","P","22","     0.0"," ","P","22"," -9999.0","Y"," "," 0"," -9999.0","Y"," "," 0"," -9999.0","Y"," "," 0","     1.1"," ","P","23","    18.3"," ","P","23"
"USC00426601","05-01"," 37.8156","-112.4389","2026.0","PANGUITCH, UT US","05","01","99","    45.1"," ","R","19","    63.3"," ","R","19","    26.9"," ","R","22","    36.4"," ","R","19","     6.7"," ","R","19","     9.8"," ","R","19","     5.9"," ","R","22","     9.1"," ","R","19","    19.9"," ","R","19","     1.0"," ","R","19","     2.8"," ","R","19","     5.8"," ","R","19","    10.0"," ","R","19","    11.9"," ","R","19","    14.9"," ","R","19","     0.0"," ","R","19","     6.1"," ","R","19","     2.9"," ","R","19","     0.9"," ","R","19","     0.1"," ","R","19","     0.0","X","R","19","     0.0","X","R","19","     0.0"," ","R","19","     0.0"," ","R","19","     0.0"," ","R","19","     6.1"," ","R","19","     2.9"," ","R","19","     0.9"," ","R","19","     0.1"," ","R","19","     0.0","X","R","19","     0.0","X","R","19","     0.0"," ","R","19","     0.0"," ","R","19","     7.9"," ","R","19","     7.0"," ","R","19","    15.9"," ","P","23","     7.7"," ","P","23","     2.6"," ","P","23","     0.5"," ","P","23","     0.1"," ","P","23","     0.0"," ","P","23","     0.0"," ","P","23","     0.0"," ","P","23","    0.04"," ","P","23","    0.08"," ","P","23","    0.18"," ","P","23","    0.02"," ","R","19","    2.52"," ","R","19","     1.4"," ","P","22","     1.0"," ","P","22","     0.4"," ","P","22","     0.1"," ","P","22","     0.1"," ","P","22","     0.0"," ","P","22","     0.0"," ","P","22","     0.0"," ","P","22"," -9999.0","Y"," "," 0"," -9999.0","Y"," "," 0"," -9999.0","Y"," "," 0","     0.0"," ","P","21","    18.3"," ","P","21"
"USC00426601","05-02"," 37.8156","-112.4389","2026.0","PANGUITCH, UT US","05","02","99","    45.4"," ","R","19","    63.6"," ","R","19","    27.2"," ","R","22","    36.4"," ","R","19","     6.7"," ","R","19","     9.8"," ","R","19","     5.9"," ","R","22","     9.1"," ","R","19","    19.6"," ","R","19","     0.9"," ","R","19","     2.7"," ","R","19","     5.6"," ","R","19","     9.7"," ","R","19","    11.6"," ","R","19","    14.6"," ","R","19","     0.0"," ","R","19","     6.4"," ","R","19","     3.1"," ","R","19","     1.0"," ","R","19","     0.2"," ","R","19","     0.1"," ","R","19","     0.0","X","R","19","     0.0"," ","R","19","     0.0"," ","R","19","     0.0"," ","R","19","     6.4"," ","R","19","     3.1"," ","R","19","     1.0"," ","R","19","     0.2"," ","R","19","     0.1"," ","R","19","     0.0","X","R","19","     0.0"," ","R","19","     0.0"," ","R","19","     8.0"," ","R","19","     7.2"," ","R","19","    16.0"," ","P","23","     7.8"," ","P","23","     2.6"," ","P","23","     0.5"," ","P","23","     0.1"," ","P","23","     0.0"," ","P","23","     0.0"," ","P","23","     0.0"," ","P","23","    0.04"," ","P","23","    0.09"," ","P","23","    0.18"," ","P","23","    0.04"," ","R","19","    2.54"," ","R","19","     1.3"," ","P","22","     1.0"," ","P","22","     0.4"," ","P","22","     0.1"," ","P","22","     0.1"," ","P","22","     0.0"," ","P","22","     0.0"," ","P","22","     0.0"," ","P","22"," -9999.0","Y"," "," 0"," -9999.0","Y"," "," 0"," -9999.0","Y"," "," 0","     0.0"," ","P","21","    18.3"," ","P","21"
"USC00426601","05-03"," 37.8156","-112.4389","2026.0","PANGUITCH, UT US","05","03","99","    45.8"," ","R","19","    64.0"," ","R","19","    27.5"," ","R","22","    36.4"," ","R","19","     6.6"," ","R","19","     9.8"," ","R","19","     5.9"," ","R","22","     9.0"," ","R","19","    19.2"," ","R","19","     0.8"," ","R","19","     2.5"," ","R","19","     5.3"," ","R","19","     9.4"," ","R","19","    11.3"," ","R","19","    14.3"," ","R","19","     0.0"," ","R","19","     6.6"," ","R","19","     3.3"," ","R","19","     1.1"," ","R","19","     0.2"," ","R","19","     0.1"," ","R","19","     0.0","X","R","19","     0.0"," ","R","19","     0.0"," ","R","19","     0.0"," ","R","19","     6.6"," ","R","19","     3.3"," ","R","19","     1.1"," ","R","19","     0.2"," ","R","19","     0.1"," ","R","19","     0.0","X","R","19","     0.0"," ","R","19","     0.0"," ","R","19","     8.2"," ","R","19","     7.3"," ","R","19","    16.1"," ","P","23","     7.9"," ","P","23","     2.7"," ","P","23","     0.5"," ","P","23","     0.1"," ","P","23","     0.0"," ","P","23","     0.0"," ","P","23","     0.0"," ","P","23","    0.04"," ","P","23","    0.09"," ","P","23","    0.18"," ","P","23","    0.06"," ","R","19","    2.56"," ","R","19","     1.3"," ","P","22","     0.9"," ","P","22","     0.3"," ","P","22","     0.1"," ","P","22","     0.1"," ","P","22","     0.0"," ","P","22","     0.0"," ","P","22","     0.0"," ","P","22"," -9999.0","Y"," "," 0"," -9999.0","Y"," "," 0"," -9999.0","Y"," "," 0","     0.0"," ","P","21","    18.3"," ","P","21"
"USC00426601","05-04"," 37.8156","-112.4389","2026.0","PANGUITCH, UT US","05","04","99","    46.1"," ","R","19","    64.3"," ","R","19","    27.9"," ","R","22","    36.4"," ","R","19","     6.6"," ","R","19","     9.8"," ","R","19","     5.8"," ","R","22","     9.0"," ","R","19","    18.9"," ","R","19","     0.8"," ","R","19","     2.3"," ","R","19","     5.1"," ","R","19","     9.1"," ","R","19","    11.0"," ","R","19","    13.9"," ","R","19","     0.0","X","R","19","     6.9"," ","R","19","     3.4"," ","R","19","     1.2"," ","R","19","     0.2"," ","R","19","     0.1"," ","R","19","     0.0","X","R","19","     0.0"," ","R","19","     0.0"," ","R","19","     0.0","X","R","19","     6.9"," ","R","19","     3.4"," ","R","19","     1.2"," ","R","19","     0.2"," ","R","19","     0.1"," ","R","19","     0.0","X","R","19","     0.0"," ","R","19","     0.0"," ","R","19","     8.4"," ","R","19","     7.5"," ","R","19","    16.2"," ","S","24","     7.9"," ","S","24","     2.7"," ","S","24","     0.5"," ","S","24","     0.1"," ","S","24","     0.0"," ","S","24","     0.0"," ","S","24","     0.0"," ","S","24","    0.04"," ","S","24","    0.09"," ","S","24","    0.18"," ","S","24","    0.08"," ","R","19","    2.58"," ","R","19","     1.2"," ","P","22","     0.9"," ","P","22","     0.3"," ","P","22","     0.1"," ","P","22","     0.1"," ","P","22","     0.0"," ","P","22","     0.0"," ","P","22","     0.0"," ","P","22"," -9999.0","Y"," "," 0"," -9999.0","Y"," "," 0"," -9999.0","Y"," "," 0","     0.0"," ","P","21","    18.3"," ","P","21"
"USC00426601","05-05"," 37.8156","-112.4389","2026.0","PANGUITCH, UT US","05","05","99","    46.4"," ","R","19","    64.7"," ","R","19","    28.2"," ","R","22","    36.5"," ","R","19","     6.6"," ","R","19","     9.8"," ","R","19","     5.8"," ","R","22","     9.0"," ","R","19","    18.6"," ","R","19","     0.7"," ","R","19","     2.2"," ","R","19","     4.8"," ","R","19","     8.8"," ","R","19","    10.7"," ","R","19","    13.6"," ","R","19","     0.0","X","R","19","     7.2"," ","R","19","     3.6"," ","R","19","     1.3"," ","R","19","     0.2"," ","R","19","     0.1"," ","R","19","     0.0","X","R","19","     0.0"," ","R","19","     0.0"," ","R","19","     0.0","X","R","19","     7.2"," ","R","19","     3.6"," ","R","19","     1.3"," ","R","19","     0.2"," ","R","19","     0.1"," ","R","19","     0.0","X","R","19","     0.0"," ","R","19","     0.0"," ","R","19","     8.5"," ","R","19","     7.6"," ","R","19","    16.3"," ","S","24","     8.0"," ","S","24","     2.7"," ","S","24","     0.5"," ","S","24","     0.1"," ","S","24","     0.0"," ","S","24","     0.0"," ","S","24","     0.0"," ","S","24","    0.04"," ","S","24","    0.09"," ","S","24","    0.18"," ","S","24","    0.10"," ","R","19","    2.60"," ","R","19","     1.2"," ","P","22","     0.9"," ","P","22","     0.3"," ","P","22","     0.1"," ","P","22","     0.1"," ","P","22","     0.0"," ","P","22","     0.0"," ","P","22","     0.0"," ","P","22"," -9999.0","Y"," "," 0"," -9999.0","Y"," "," 0"," -9999.0","Y"," "," 0","     0.0"," ","P","21","    18.3"," ","P","21"
"USC00426601","05-06"," 37.8156","-112.4389","2026.0","PANGUITCH, UT US","05","06","99","    46.8"," ","R","19","    65.0"," ","R","19","    28.5"," ","R","22","    36.5"," ","R","19","     6.6"," ","R","19","     9.8"," ","R","19","     5.8"," ","R","22","     9.0"," ","R","19","    18.2"," ","R","19","     0.6"," ","R","19","     2.1"," ","R","19","     4.6"," ","R","19","     8.5"," ","R","19","    10.3"," ","R","19","    13.2"," ","R","19","     0.0","X","R","19","     7.4"," ","R","19","     3.8"," ","R","19","     1.4"," ","R","19","     0.3"," ","R","19","     0.1"," ","R","19","     0.0","X","R","19","     0.0"," ","R","19","     0.0"," ","R","19","     0.0","X","R","19","     7.4"," ","R","19","     3.8"," ","R","19","     1.4"," ","R","19","     0.3"," ","R","19","     0.1"," ","R","19","     0.0","X","R","19","     0.0"," ","R","19","     0.0"," ","R","19","     8.7"," ","R","19","     7.8"," ","R","19","    16.4"," ","S","24","     8.1"," ","S","24","     2.7"," ","S","24","     0.5"," ","S","24","     0.1"," ","S","24","     0.0"," ","S","24","     0.0"," ","S","24","     0.0"," ","S","24","    0.04"," ","S","24","    0.09"," ","S","24","    0.18"," ","S","24","    0.12"," ","R","19","    2.62"," ","R","19","     1.1"," ","P","23","     0.9"," ","P","23","     0.3"," ","P","23","     0.1"," ","P","23","     0.1"," ","P","23","     0.0"," ","P","23","     0.0"," ","P","23","     0.0"," ","P","23"," -9999.0","Y"," "," 0"," -9999.0","Y"," "," 0"," -9999.0","Y"," "," 0","     0.0"," ","P","21","    18.3"," ","P","21"
"USC00426601","05-07"," 37.8156","-112.4389","2026.0","PANGUITCH, UT US","05","07","99","    47.1"," ","R","19","    65.4"," ","R","19","    28.9"," ","R","22","    36.5"," ","R","19","     6.6"," ","R","19","     9.8"," ","R","19","     5.8"," ","R","22","     8.9"," ","R","19","    17.9"," ","R","19","     0.6"," ","R","19","     1.9"," ","R","19","     4.3"," ","R","19","     8.1"," ","R","19","    10.0"," ","R","19","    12.9"," ","R","19","     0.0"," ","R","19","     7.7"," ","R","19","     4.0"," ","R","19","     1.5"," ","R","19","     0.3"," ","R","19","     0.1"," ","R","19","     0.0","X","R","19","     0.0"," ","R","19","     0.0"," ","R","19","     0.0"," ","R","19","     7.7"," ","R","19","     4.0"," ","R","19","     1.5"," ","R","19","     0.3"," ","R","19","     0.1"," ","R","19","     0.0","X","R","19","     0.0"," ","R","19","     0.0"," ","R","19","     8.9"," ","R","19","     8.0"," ","R","19","    16.5"," ","S","24","     8.2"," ","S","24","     2.8"," ","S","24","     0.5"," ","S","24","     0.1"," ","S","24","     0.0"," ","S","24","     0.0"," ","S","24","     0.0"," ","S","24","    0.04"," ","S","24","    0.09"," ","S","24","    0.18"," ","S","24","    0.14"," ","R","19","    2.64"," ","R","19","     1.1"," ","P","23","     0.9"," ","P","23","     0.3"," ","P","23","     0.1"," ","P","23","     0.1"," ","P","23","     0.0"," ","P","23","     0.0"," ","P","23","     0.0"," ","P","23"," -9999.0","Y"," "," 0"," -9999.0","Y"," "," 0"," -9999.0","Y"," "," 0","     0.0"," ","P","21","    18.3"," ","P","21"
"USC00426601","05-08"," 37.8156","-112.4389","2026.0","PANGUITCH, UT US","05","08","99","    47.5"," ","R","19","    65.8"," ","R","19","    29.2"," ","R","22","    36.6"," ","R","19","     6.6"," ","R","19","     9.7"," ","R","19","     5.8"," ","R","22","     8.9"," ","R","19","    17.5"," ","R","19","     0.5"," ","R","19","     1.7"," ","R","19","     4.1"," ","R","19","     7.8"," ","R","19","     9.6"," ","R","19","    12.5"," ","R","19","     0.0","X","R","19","     8.0"," ","R","19","     4.2"," ","R","19","     1.5"," ","R","19","     0.3"," ","R","19","     0.1"," ","R","19","     0.0","X","R","19","     0.0"," ","R","19","     0.0"," ","R","19","     0.0","X","R","19","     8.0"," ","R","19","     4.2"," ","R","19","     1.5"," ","R","19","     0.3"," ","R","19","     0.1"," ","R","19","     0.0","X","R","19","     0.0"," ","R","19","     0.0"," ","R","19","     9.1"," ","R","19","     8.2"," ","R","19","    16.6"," ","S","24","     8.3"," ","S","24","     2.8"," ","S","24","     0.6"," ","S","24","     0.1"," ","S","24","     0.0"," ","S","24","     0.0"," ","S","24","     0.0"," ","S","24","    0.04"," ","S","24","    0.09"," ","S","24","    0.18"," ","S","24","    0.17"," ","R","19","    2.67"," ","R","19","     1.0"," ","P","23","     0.9"," ","P","23","     0.3"," ","P","23","     0.1"," ","P","23","     0.1"," ","P","23","     0.0"," ","P","23","     0.0"," ","P","23","     0.0"," ","P","23"," -9999.0","Y"," "," 0"," -9999.0","Y"," "," 0"," -9999.0","Y"," "," 0","     0.0"," ","P","21","    18.3"," ","P","21"
"USC00426601","05-09"," 37.8156","-112.4389","2026.0","PANGUITCH, UT US","05","09","99","    47.8"," ","R","19","    66.2"," ","R","19","    29.5"," ","R","22","    36.7"," ","R","19","     6.6"," ","R","19","     9.7"," ","R","19","     5.8"," ","R","22","     8.8"," ","R","19","    17.2"," ","R","19","     0.4"," ","R","19","     1.5"," ","R","19","     3.8"," ","R","19","     7.5"," ","R","19","     9.3"," ","R","19","    12.2"," ","R","19","     0.0","X","R","19","     8.3"," ","R","19","     4.4"," ","R","19","     1.6"," ","R","19","     0.3"," ","R","19","     0.2"," ","R","19","     0.0","X","R","19","     0.0"," ","R","19","     0.0"," ","R","19","     0.0","X","R","19","     8.3"," ","R","19","     4.4"," ","R","19","     1.6"," ","R","19","     0.3"," ","R","19","     0.2"," ","R","19","     0.0","X","R","19","     0.0"," ","R","19","     0.0"," ","R","19","     9.3"," ","R","19","     8.4"," ","R","19","    16.7"," ","S","24","     8.3"," ","S","24","     2.8"," ","S","24","     0.6"," ","S","24","     0.1"," ","S","24","     0.0"," ","S","24","     0.0"," ","S","24","     0.0"," ","S","24","    0.04"," ","S","24","    0.09"," ","S","24","    0.18"," ","S","24","    0.19"," ","R","19","    2.69"," ","R","19","     1.0"," ","P","23","     0.8"," ","P","23","     0.3"," ","P","23","     0.1"," ","P","23","     0.1"," ","P","23","     0.0"," ","P","23","     0.0"," ","P","23","     0.0"," ","P","23"," -9999.0","Y"," "," 0"," -9999.0","Y"," "," 0"," -9999.0","Y"," "," 0","     0.0"," ","P","21","    18.3"," ","P","21"
"USC00426601","05-10"," 37.8156","-112.4389","2026.0","PANGUITCH, UT US","05","10","99","    48.2"," ","R","19","    66.6"," ","R","19","    29.8"," ","R","22","    36.7"," ","R","19","     6.6"," ","R","19","     9.7"," ","R","19","     5.8"," ","R","22","     8.8"," ","R","19","    16.8"," ","R","19","     0.4"," ","R","19","     1.4"," ","R","19","     3.5"," ","R","19","     7.2"," ","R","19","     9.0"," ","R","19","    11.8"," ","R","19","     0.0","X","R","19","     8.6"," ","R","19","     4.6"," ","R","19","     1.7"," ","R","19","     0.4"," ","R","19","     0.2"," ","R","19","     0.1"," ","R","19","     0.0"," ","R","19","     0.0"," ","R","19","     0.0","X","R","19","     8.6"," ","R","19","     4.6"," ","R","19","     1.7"," ","R","19","     0.4"," ","R","19","     0.2"," ","R","19","     0.1"," ","R","19","     0.0"," ","R","19","     0.0"," ","R","19","     9.5"," ","R","19","     8.6"," ","R","19","    16.8"," ","S","24","     8.4"," ","S","24","     2.9"," ","S","24","     0.6"," ","S","24","     0.1"," ","S","24","     0.0"," ","S","24","     0.0"," ","S","24","     0.0"," ","S","24","    0.04"," ","S","24","    0.09"," ","S","24","    0.18"," ","S","24","    0.21"," ","R","19","    2.71"," ","R","19","     1.0"," ","P","23","     0.8"," ","P","23","     0.3"," ","P","23","     0.1"," ","P","23","     0.1"," ","P","23","     0.0"," ","P","23","     0.0"," ","P","23","     0.0"," ","P","23"," -9999.0","Y"," "," 0"," -9999.0","Y"," "," 0"," -9999.0","Y"," "," 0","     0.1"," ","P","21","    18.4"," ","P","21"
"USC00426601","05-11"," 37.8156","-112.4389","2026.0","PANGUITCH, UT US","05","11","99","    48.6"," ","R","19","    67.0"," ","R","19","    30.2"," ","R","22","    36.8"," ","R","19","     6.6"," ","R","19","     9.6"," ","R","19","     5.9"," ","R","22","     8.7"," ","R","19","    16.4"," ","R","19","     0.3"," ","R","19","     1.3"," ","R","19","     3.3"," ","R","19","     6.8"," ","R","19","     8.6"," ","R","19","    11.5"," ","R","19","     0.0","X","R","19","     8.9"," ","R","19","     4.8"," ","R","19","     1.9"," ","R","19","     0.4"," ","R","19","     0.2"," ","R","19","     0.1"," ","R","19","     0.0"," ","R","19","     0.0"," ","R","19","     0.0","X","R","19","     8.9"," ","R","19","     4.8"," ","R","19","     1.9"," ","R","19","     0.4"," ","R","19","     0.2"," ","R","19","     0.1"," ","R","19","     0.0"," ","R","19","     0.0"," ","R","19","     9.7"," ","R","19","     8.8"," ","R","19","    16.8"," ","S","24","     8.4"," ","S","24","     2.9"," ","S","24","     0.6"," ","S","24","     0.1"," ","S","24","     0.0"," ","S","24","     0.0"," ","S","24","     0.0"," ","S","24","    0.04"," ","S","24","    0.09"," ","S","24","    0.18"," ","S","24","    0.23"," ","R","19","    2.73"," ","R","19","     0.9"," ","P","23","     0.8"," ","P","23","     0.3"," ","P","23","     0.2"," ","P","23","     0.2"," ","P","23","     0.0"," ","P","23","     0.0"," ","P","23","     0.0"," ","P","23"," -9999.0","Y"," "," 0"," -9999.0","Y"," "," 0"," -9999.0","Y"," "," 0","     0.1"," ","P","21","    18.4"," ","P","21"
"USC00426601","05-12"," 37.8156","-112.4389","2026.0","PANGUITCH, UT US","05","12","99","    48.9"," ","R","19","    67.4"," ","R","19","    30.5"," ","R","22","    36.9"," ","R","19","     6.6"," ","R","19","     9.6"," ","R","19","     5.9"," ","R","22","     8.7"," ","R","19","    16.1"," ","R","19","     0.3"," ","R","19","     1.2"," ","R","19","     3.1"," ","R","19","     6.5"," ","R","19","     8.3"," ","R","19","    11.1"," ","R","19","     0.0","X","R","19","     9.2"," ","R","19","     5.1"," ","R","19","     2.1"," ","R","19","     0.5"," ","R","19","     0.2"," ","R","19","     0.1"," ","R","19","     0.0"," ","R","19","     0.0"," ","R","19","     0.0","X","R","19","     9.2"," ","R","19","     5.1"," ","R","19","     2.1"," ","R","19","     0.5"," ","R","19","     0.2"," ","R","19","     0.1"," ","R","19","     0.0"," ","R","19","     0.0"," ","R","19","     9.9"," ","R","19","     9.0"," ","R","19","    16.8"," ","S","24","     8.4"," ","S","24","     2.9"," ","S","24","     0.7"," ","S","24","     0.1"," ","S","24","     0.0"," ","S","24","     0.0"," ","S","24","     0.0"," ","S","24","    0.04"," ","S","24","    0.09"," ","S","24","    0.18"," ","S","24","    0.26"," ","R","19","    2.76"," ","R","19","     0.9"," ","P","23","     0.8"," ","P","23","     0.2"," ","P","23","     0.1"," ","P","23","     0.1"," ","P","23","     0.0"," ","P","23","     0.0"," ","P","23","     0.0"," ","P","23"," -9999.0","Y"," "," 0"," -9999.0","Y"," "," 0"," -9999.0","Y"," "," 0","     0.1"," ","P","21","    18.4"," ","P","21"
"USC00426601","05-13"," 37.8156","-112.4389","2026.0","PANGUITCH, UT US","05","13","99","    49.3"," ","R","19","    67.8"," ","R","19","    30.8"," ","R","22","    37.0"," ","R","19","     6.6"," ","R","19","     9.5"," ","R","19","     5.9"," ","R","22","     8.6"," ","R","19","    15.7"," ","R","19","     0.3"," ","R","19","     1.1"," ","R","19","     2.9"," ","R","19","     6.2"," ","R","19","     7.9"," ","R","19","    10.8"," ","R","19","     0.0","X","R","19","     9.6"," ","R","19","     5.4"," ","R","19","     2.2"," ","R","19","     0.5"," ","R","19","     0.2"," ","R","19","     0.1"," ","R","19","     0.0"," ","R","19","     0.0"," ","R","19","     0.0","X","R","19","     9.6"," ","R","19","     5.4"," ","R","19","     2.2"," ","R","19","     0.5"," ","R","19","     0.2"," ","R","19","     0.1"," ","R","19","     0.0"," ","R","19","     0.0"," ","R","19","    10.2"," ","R","19","     9.2"," ","R","19","    16.8"," ","S","24","     8.4"," ","S","24","     2.9"," ","S","24","     0.7"," ","S","24","     0.1"," ","S","24","     0.0"," ","S","24","     0.0"," ","S","24","     0.0"," ","S","24","    0.04"," ","S","24","    0.09"," ","S","24","    0.18"," ","S","24","    0.28"," ","R","19","    2.78"," ","R","19","     0.8"," ","P","23","     0.7"," ","P","23","     0.2"," ","P","23","     0.1"," ","P","23","     0.1"," ","P","23","     0.0"," ","P","23","     0.0"," ","P","23","     0.0"," ","P","23"," -9999.0","Y"," "," 0"," -9999.0","Y"," "," 0"," -9999.0","Y"," "," 0","     0.1"," ","P","21","    18.4"," ","P","21"
"USC00426601","05-14"," 37.8156","-112.4389","2026.0","PANGUITCH, UT US","05","14","99","    49.7"," ","R","19","    68.2"," ","R","19","    31.1"," ","R","22","    37.2"," ","R","19","     6.6"," ","R","19","     9.5"," ","R","19","     5.9"," ","R","22","     8.5"," ","R","19","    15.3"," ","R","19","     0.2"," ","R","19","     1.0"," ","R","19","     2.8"," ","R","19","     5.9"," ","R","19","     7.6"," ","R","19","    10.4"," ","R","19","     0.0","X","R","19","     9.9"," ","R","19","     5.7"," ","R","19","     2.4"," ","R","19","     0.6"," ","R","19","     0.3"," ","R","19","     0.1"," ","R","19","     0.0"," ","R","19","     0.0"," ","R","19","     0.0","X","R","19","     9.9"," ","R","19","     5.7"," ","R","19","     2.4"," ","R","19","     0.6"," ","R","19","     0.3"," ","R","19","     0.1"," ","R","19","     0.0"," ","R","19","     0.0"," ","R","19","    10.4"," ","R","19","     9.4"," ","R","19","    16.8"," ","S","24","     8.4"," ","S","24","     2.9"," ","S","24","     0.7"," ","S","24","     0.1"," ","S","24","     0.0"," ","S","24","     0.0"," ","S","24","     0.0"," ","S","24","    0.04"," ","S","24","    0.10"," ","S","24","    0.18"," ","S","24","    0.30"," ","R","19","    2.80"," ","R","19","     0.8"," ","P","23","     0.7"," ","P","23","     0.2"," ","P","23","     0.1"," ","P","23","     0.1"," ","P","23","     0.0"," ","P","23","     0.0"," ","P","23","     0.0"," ","P","23"," -9999.0","Y"," "," 0"," -9999.0","Y"," "," 0"," -9999.0","Y"," "," 0","     0.1"," ","P","21","    18.4"," ","P","21"
"USC00426601","05-15"," 37.8156","-112.4389","2026.0","PANGUITCH, UT US","05","15","99","    50.0"," ","R","19","    68.7"," ","R","19","    31.4"," ","R","22","    37.3"," ","R","19","     6.5"," ","R","19","     9.4"," ","R","19","     5.9"," ","R","22","     8.5"," ","R","19","    15.0"," ","R","19","     0.2"," ","R","19","     0.9"," ","R","19","     2.6"," ","R","19","     5.7"," ","R","19","     7.3"," ","R","19","    10.1"," ","R","19","     0.0","X","R","19","    10.2"," ","R","19","     5.9"," ","R","19","     2.6"," ","R","19","     0.7"," ","R","19","     0.3"," ","R","19","     0.1"," ","R","19","     0.0"," ","R","19","     0.0"," ","R","19","     0.0","X","R","19","    10.2"," ","R","19","     5.9"," ","R","19","     2.6"," ","R","19","     0.7"," ","R","19","     0.3"," ","R","19","     0.1"," ","R","19","     0.0"," ","R","19","     0.0"," ","R","19","    10.6"," ","R","19","     9.6"," ","R","19","    16.8"," ","S","24","     8.4"," ","S","24","     2.9"," ","S","24","     0.7"," ","S","24","     0.1"," ","S","24","     0.0"," ","S","24","     0.0"," ","S","24","     0.0"," ","S","24","    0.04"," ","S","24","    0.10"," ","S","24","    0.18"," ","S","24","    0.32"," ","R","19","    2.82"," ","R","19","     0.8"," ","P","23","     0.7"," ","P","23","     0.2"," ","P","23","     0.1"," ","P","23","     0.1"," ","P","23","     0.0"," ","P","23","     0.0"," ","P","23","     0.0"," ","P","23"," -9999.0","Y"," "," 0"," -9999.0","Y"," "," 0"," -9999.0","Y"," "," 0","     0.1"," ","P","21","    18.4"," ","P","21"
"USC00426601","05-16"," 37.8156","-112.4389","2026.0","PANGUITCH, UT US","05","16","99","    50.4"," ","R","19","    69.1"," ","R","19","    31.7"," ","R","22","    37.5"," ","R","19","     6.5"," ","R","19","     9.4"," ","R","19","     5.9"," ","R","22","     8.4"," ","R","19","    14.6"," ","R","19","     0.2"," ","R","19","     0.8"," ","R","19","     2.4"," ","R","19","     5.4"," ","R","19","     7.0"," ","R","19","     9.7"," ","R","19","     0.0","X","R","19","    10.6"," ","R","19","     6.2"," ","R","19","     2.8"," ","R","19","     0.8"," ","R","19","     0.4"," ","R","19","     0.1"," ","R","19","     0.0"," ","R","19","     0.0"," ","R","19","     0.0","X","R","19","    10.6"," ","R","19","     6.2"," ","R","19","     2.8"," ","R","19","     0.8"," ","R","19","     0.4"," ","R","19","     0.1"," ","R","19","     0.0"," ","R","19","     0.0"," ","R","19","    10.8"," ","R","19","     9.8"," ","R","19","    16.8"," ","S","24","     8.4"," ","S","24","     2.8"," ","S","24","     0.7"," ","S","24","     0.1"," ","S","24","     0.0"," ","S","24","     0.0"," ","S","24","     0.0"," ","S","24","    0.04"," ","S","24","    0.10"," ","S","24","    0.17"," ","S","24","    0.35"," ","R","19","    2.85"," ","R","19","     0.7"," ","P","23","     0.6"," ","P","23","     0.2"," ","P","23","     0.1"," ","P","23","     0.1"," ","P","23","     0.0"," ","P","23","     0.0"," ","P","23","     0.0"," ","P","23"," -9999.0","Y"," "," 0"," -9999.0","Y"," "," 0"," -9999.0","Y"," "," 0","     0.1"," ","P","21","    18.4"," ","P","21"
"USC00426601","05-17"," 37.8156","-112.4389","2026.0","PANGUITCH, UT US","05","17","99","    50.7"," ","R","19","    69.6"," ","R","19","    31.9"," ","R","22","    37.6"," ","R","19","     6.5"," ","R","19","     9.3"," ","R","19","     5.9"," ","R","22","     8.3"," ","R","19","    14.3"," ","R","19","     0.2"," ","R","19","     0.8"," ","R","19","     2.3"," ","R","19","     5.1"," ","R","19","     6.7"," ","R","19","     9.4"," ","R","19","     0.0","X","R","19","    10.9"," ","R","19","     6.5"," ","R","19","     3.0"," ","R","19","     0.9"," ","R","19","     0.4"," ","R","19","     0.2"," ","R","19","     0.0"," ","R","19","     0.0"," ","R","19","     0.0","X","R","19","    10.9"," ","R","19","     6.5"," ","R","19","     3.0"," ","R","19","     0.9"," ","R","19","     0.4"," ","R","19","     0.2"," ","R","19","     0.0"," ","R","19","     0.0"," ","R","19","    11.0"," ","R","19","    10.0"," ","R","19","    16.8"," ","S","24","     8.4"," ","S","24","     2.8"," ","S","24","     0.7"," ","S","24","     0.1"," ","S","24","     0.0"," ","S","24","     0.0"," ","S","24","     0.0"," ","S","24","    0.04"," ","S","24","    0.10"," ","S","24","    0.17"," ","S","24","    0.37"," ","R","19","    2.87"," ","R","19","     0.7"," ","P","23","     0.6"," ","P","23","     0.2"," ","P","23","     0.1"," ","P","23","     0.1"," ","P","23","     0.0"," ","P","23","     0.0"," ","P","23","     0.0"," ","P","23"," -9999.0","Y"," "," 0"," -9999.0","Y"," "," 0"," -9999.0","Y"," "," 0","     0.1"," ","P","21","    18.4"," ","P","21"
"USC00426601","05-18"," 37.8156","-112.4389","2026.0","PANGUITCH, UT US","05","18","99","    51.1"," ","R","19","    70.0"," ","R","19","    32.2"," ","R","22","    37.8"," ","R","19","     6.5"," ","R","19","     9.3"," ","R","19","     5.8"," ","R","22","     8.2"," ","R","19","    13.9"," ","R","19","     0.2"," ","R","19","     0.7"," ","R","19","     2.1"," ","R","19","     4.9"," ","R","19","     6.4"," ","R","19","     9.1"," ","R","19","     0.0","X","R","19","    11.3"," ","R","19","     6.8"," ","R","19","     3.2"," ","R","19","     1.0"," ","R","19","     0.5"," ","R","19","     0.2"," ","R","19","     0.0"," ","R","19","     0.0"," ","R","19","     0.0","X","R","19","    11.3"," ","R","19","     6.8"," ","R","19","     3.2"," ","R","19","     1.0"," ","R","19","     0.5"," ","R","19","     0.2"," ","R","19","     0.0"," ","R","19","     0.0"," ","R","19","    11.2"," ","R","19","    10.2"," ","R","19","    16.8"," ","S","24","     8.4"," ","S","24","     2.8"," ","S","24","     0.7"," ","S","24","     0.1"," ","S","24","     0.0"," ","S","24","     0.0"," ","S","24","     0.0"," ","S","24","    0.04"," ","S","24","    0.10"," ","S","24","    0.17"," ","S","24","    0.39"," ","R","19","    2.89"," ","R","19","     0.7"," ","P","23","     0.6"," ","P","23","     0.1"," ","P","23","     0.1"," ","P","23","     0.1"," ","P","23","     0.0"," ","P","23","     0.0"," ","P","23","     0.0"," ","P","23"," -9999.0","Y"," "," 0"," -9999.0","Y"," "," 0"," -9999.0","Y"," "," 0","     0.1"," ","P","21","    18.4"," ","P","21"
"USC00426601","05-19"," 37.8156","-112.4389","2026.0","PANGUITCH, UT US","05","19","99","    51.5"," ","R","19","    70.5"," ","R","19","    32.5"," ","R","22","    38.0"," ","R","19","     6.4"," ","R","19","     9.2"," ","R","19","     5.8"," ","R","22","     8.2"," ","R","19","    13.6"," ","R","19","     0.1"," ","R","19","     0.6"," ","R","19","     2.0"," ","R","19","     4.6"," ","R","19","     6.1"," ","R","19","     8.8"," ","R","19","     0.0","X","R","19","    11.6"," ","R","19","     7.1"," ","R","19","     3.4"," ","R","19","     1.1"," ","R","19","     0.6"," ","R","19","     0.2"," ","R","19","     0.0"," ","R","19","     0.0"," ","R","19","     0.0","X","R","19","    11.6"," ","R","19","     7.1"," ","R","19","     3.4"," ","R","19","     1.1"," ","R","19","     0.6"," ","R","19","     0.2"," ","R","19","     0.0"," ","R","19","     0.0"," ","R","19","    11.4"," ","R","19","    10.4"," ","R","19","    16.7"," ","S","24","     8.4"," ","S","24","     2.8"," ","S","24","     0.7"," ","S","24","     0.1"," ","S","24","     0.0"," ","S","24","     0.0"," ","S","24","     0.0"," ","S","24","    0.04"," ","S","24","    0.10"," ","S","24","    0.17"," ","S","24","    0.41"," ","R","19","    2.91"," ","R","19","     0.7"," ","P","23","     0.6"," ","P","23","     0.1"," ","P","23","     0.1"," ","P","23","     0.1"," ","P","23","     0.0"," ","P","23","     0.0"," ","P","23","     0.0"," ","P","23"," -9999.0","Y"," "," 0"," -9999.0","Y"," "," 0"," -9999.0","Y"," "," 0","     0.1"," ","P","21","    18.4"," ","P","21"
"USC00426601","05-20"," 37.8156","-112.4389","2026.0","PANGUITCH, UT US","05","20","99","    51.8"," ","R","19","    70.9"," ","R","19","    32.7"," ","R","22","    38.2"," ","R","19","     6.4"," ","R","19","     9.2"," ","R","19","     5.8"," ","R","22","     8.1"," ","R","19","    13.2"," ","R","19","     0.1"," ","R","19","     0.5"," ","R","19","     1.8"," ","R","19","     4.4"," ","R","19","     5.8"," ","R","19","     8.4"," ","R","19","     0.0","X","R","19","    11.9"," ","R","19","     7.4"," ","R","19","     3.6"," ","R","19","     1.2"," ","R","19","     0.7"," ","R","19","     0.3"," ","R","19","     0.0"," ","R","19","     0.0"," ","R","19","     0.0","X","R","19","    11.9"," ","R","19","     7.4"," ","R","19","     3.6"," ","R","19","     1.2"," ","R","19","     0.7"," ","R","19","     0.3"," ","R","19","     0.0"," ","R","19","     0.0"," ","R","19","    11.6"," ","R","19","    10.6"," ","R","19","    16.6"," ","S","24","     8.4"," ","S","24","     2.7"," ","S","24","     0.7"," ","S","24","     0.1"," ","S","24","     0.0"," ","S","24","     0.0"," ","S","24","     0.0"," ","S","24","    0.04"," ","S","24","    0.10"," ","S","24","    0.17"," ","S","24","    0.43"," ","R","19","    2.93"," ","R","19","     0.6"," ","P","23","     0.6"," ","P","23","     0.1"," ","P","23","     0.1"," ","P","23","     0.1"," ","P","23","     0.0"," ","P","23","     0.0"," ","P","23","     0.0"," ","P","23"," -9999.0","Y"," "," 0"," -9999.0","Y"," "," 0"," -9999.0","Y"," "," 0","     0.1"," ","P","21","    18.4"," ","P","21"
"USC00426601","05-21"," 37.8156","-112.4389","2026.0","PANGUITCH, UT US","05","21","99","    52.2"," ","R","19","    71.4"," ","R","19","    33.0"," ","R","22","    38.4"," ","R","19","     6.4"," ","R","19","     9.1"," ","R","19","     5.8"," ","R","22","     8.0"," ","R","19","    12.9"," ","R","19","     0.1"," ","R","19","     0.5"," ","R","19","     1.7"," ","R","19","     4.2"," ","R","19","     5.6"," ","R","19","     8.1"," ","R","19","     0.1"," ","R","19","    12.3"," ","R","19","     7.6"," ","R","19","     3.8"," ","R","19","     1.3"," ","R","19","     0.8"," ","R","19","     0.3"," ","R","19","     0.0","X","R","19","     0.0"," ","R","19","     0.1"," ","R","19","    12.3"," ","R","19","     7.6"," ","R","19","     3.8"," ","R","19","     1.3"," ","R","19","     0.8"," ","R","19","     0.3"," ","R","19","     0.0","X","R","19","     0.0"," ","R","19","    11.8"," ","R","19","    10.8"," ","R","19","    16.5"," ","S","24","     8.3"," ","S","24","     2.7"," ","S","24","     0.7"," ","S","24","     0.1"," ","S","24","     0.0"," ","S","24","     0.0"," ","S","24","     0.0"," ","S","24","    0.04"," ","S","24","    0.10"," ","S","24","    0.17"," ","S","24","    0.45"," ","R","19","    2.95"," ","R","19","     0.6"," ","P","23","     0.5"," ","P","23","     0.1"," ","P","23","     0.1"," ","P","23","     0.1"," ","P","23","     0.0"," ","P","23","     0.0"," ","P","23","     0.0"," ","P","23"," -9999.0","Y"," "," 0"," -9999.0","Y"," "," 0"," -9999.0","Y"," "," 0","     0.1"," ","P","21","    18.4"," ","P","21"
"USC00426601","05-22"," 37.8156","-112.4389","2026.0","PANGUITCH, UT US","05","22","99","    52.5"," ","R","19","    71.8"," ","R","19","    33.2"," ","R","22","    38.6"," ","R","19","     6.4"," ","R","19","     9.0"," ","R","19","     5.8"," ","R","22","     7.9"," ","R","19","    12.6"," ","R","19","     0.1"," ","R","19","     0.4"," ","R","19","     1.6"," ","R","19","     4.0"," ","R","19","     5.3"," ","R","19","     7.9"," ","R","19","     0.1"," ","R","19","    12.6"," ","R","19","     7.9"," ","R","19","     4.1"," ","R","19","     1.5"," ","R","19","     0.9"," ","R","19","     0.4"," ","R","19","     0.0","X","R","19","     0.0"," ","R","19","     0.1"," ","R","19","    12.6"," ","R","19","     7.9"," ","R","19","     4.1"," ","R","19","     1.5"," ","R","19","     0.9"," ","R","19","     0.4"," ","R","19","     0.0","X","R","19","     0.0"," ","R","19","    12.0"," ","R","19","    11.0"," ","R","19","    16.5"," ","S","24","     8.3"," ","S","24","     2.7"," ","S","24","     0.7"," ","S","24","     0.1"," ","S","24","     0.0"," ","S","24","     0.0"," ","S","24","     0.0"," ","S","24","    0.04"," ","S","24","    0.10"," ","S","24","    0.17"," ","S","24","    0.48"," ","R","19","    2.98"," ","R","19","     0.6"," ","P","23","     0.5"," ","P","23","     0.1"," ","P","23","     0.1"," ","P","23","     0.1"," ","P","23","     0.0"," ","P","23","     0.0"," ","P","23","     0.0"," ","P","23"," -9999.0","Y"," "," 0"," -9999.0","Y"," "," 0"," -9999.0","Y"," "," 0","     0.1"," ","P","21","    18.4"," ","P","21"
"USC00426601","05-23"," 37.8156","-112.4389","2026.0","PANGUITCH, UT US","05","23","99","    52.9"," ","R","19","    72.3"," ","R","19","    33.4"," ","R","22","    38.9"," ","R","19","     6.3"," ","R","19","     9.0"," ","R","19","     5.8"," ","R","22","     7.9"," ","R","19","    12.2"," ","R","19","     0.1"," ","R","19","     0.4"," ","R","19","     1.5"," ","R","19","     3.8"," ","R","19","     5.1"," ","R","19","     7.6"," ","R","19","     0.1"," ","R","19","    12.9"," ","R","19","     8.3"," ","R","19","     4.3"," ","R","19","     1.6"," ","R","19","     1.0"," ","R","19","     0.4"," ","R","19","     0.0","X","R","19","     0.0"," ","R","19","     0.1"," ","R","19","    12.9"," ","R","19","     8.3"," ","R","19","     4.3"," ","R","19","     1.6"," ","R","19","     1.0"," ","R","19","     0.4"," ","R","19","     0.0","X","R","19","     0.0"," ","R","19","    12.2"," ","R","19","    11.2"," ","R","19","    16.4"," ","S","24","     8.2"," ","S","24","     2.6"," ","S","24","     0.7"," ","S","24","     0.1"," ","S","24","     0.0"," ","S","24","     0.0"," ","S","24","     0.0"," ","S","24","    0.04"," ","S","24","    0.10"," ","S","24","    0.17"," ","S","24","    0.50"," ","R","19","    3.00"," ","R","19","     0.6"," ","P","23","     0.5"," ","P","23","     0.1"," ","P","23","     0.1"," ","P","23","     0.1"," ","P","23","     0.0"," ","P","23","     0.0"," ","P","23","     0.0"," ","P","23"," -9999.0","Y"," "," 0"," -9999.0","Y"," "," 0"," -9999.0","Y"," "," 0","     0.1"," ","P","21","    18.4"," ","P","21"
"USC00426601","05-24"," 37.8156","-112.4389","2026.0","PANGUITCH, UT US","05","24","99","    53.2"," ","R","19","    72.7"," ","R","19","    33.7"," ","R","22","    39.1"," ","R","19","     6.3"," ","R","19","     8.9"," ","R","19","     5.8"," ","R","22","     7.8"," ","R","19","    11.9"," ","R","19","     0.1"," ","R","19","     0.4"," ","R","19","     1.4"," ","R","19","     3.6"," ","R","19","     4.9"," ","R","19","     7.3"," ","R","19","     0.1"," ","R","19","    13.3"," ","R","19","     8.6"," ","R","19","     4.6"," ","R","19","     1.8"," ","R","19","     1.1"," ","R","19","     0.5"," ","R","19","     0.0","X","R","19","     0.0"," ","R","19","     0.1"," ","R","19","    13.3"," ","R","19","     8.6"," ","R","19","     4.6"," ","R","19","     1.8"," ","R","19","     1.1"," ","R","19","     0.5"," ","R","19","     0.0","X","R","19","     0.0"," ","R","19","    12.4"," ","R","19","    11.4"," ","R","19","    16.3"," ","S","24","     8.1"," ","S","24","     2.6"," ","S","24","     0.8"," ","S","24","     0.1"," ","S","24","     0.0"," ","S","24","     0.0"," ","S","24","     0.0"," ","S","24","    0.04"," ","S","24","    0.10"," ","S","24","    0.17"," ","S","24","    0.52"," ","R","19","    3.02"," ","R","19","     0.5"," ","P","23","     0.5"," ","P","23","     0.1"," ","P","23","     0.1"," ","P","23","     0.1"," ","P","23","     0.0"," ","P","23","     0.0"," ","P","23","     0.0"," ","P","23"," -9999.0","Y"," "," 0"," -9999.0","Y"," "," 0"," -9999.0","Y"," "," 0","     0.1"," ","P","21","    18.4"," ","P","21"
"USC00426601","05-25"," 37.8156","-112.4389","2026.0","PANGUITCH, UT US","05","25","99","    53.5"," ","R","19","    73.2"," ","R","19","    33.9"," ","R","22","    39.3"," ","R","19","     6.3"," ","R","19","     8.9"," ","R","19","     5.7"," ","R","22","     7.8"," ","R","19","    11.6"," ","R","19","     0.1"," ","R","19","     0.3"," ","R","19","     1.3"," ","R","19","     3.4"," ","R","19","     4.6"," ","R","19","     7.0"," ","R","19","     0.1"," ","R","19","    13.6"," ","R","19","     8.9"," ","R","19","     4.8"," ","R","19","     1.9"," ","R","19","     1.2"," ","R","19","     0.5"," ","R","19","     0.0","X","R","19","     0.0"," ","R","19","     0.1"," ","R","19","    13.6"," ","R","19","     8.9"," ","R","19","     4.8"," ","R","19","     1.9"," ","R","19","     1.2"," ","R","19","     0.5"," ","R","19","     0.0","X","R","19","     0.0"," ","R","19","    12.6"," ","R","19","    11.6"," ","R","19","    16.1"," ","S","24","     8.0"," ","S","24","     2.5"," ","S","24","     0.8"," ","S","24","     0.1"," ","S","24","     0.0"," ","S","24","     0.0"," ","S","24","     0.0"," ","S","24","    0.04"," ","S","24","    0.10"," ","S","24","    0.17"," ","S","24","    0.54"," ","R","19","    3.04"," ","R","19","     0.5"," ","P","23","     0.4"," ","P","23","     0.1"," ","P","23","     0.1"," ","P","23","     0.1"," ","P","23","     0.0"," ","P","23","     0.0"," ","P","23","     0.0"," ","P","23"," -9999.0","Y"," "," 0"," -9999.0","Y"," "," 0"," -9999.0","Y"," "," 0","     0.1"," ","P","21","    18.4"," ","P","21"
"USC00426601","05-26"," 37.8156","-112.4389","2026.0","PANGUITCH, UT US","05","26","99","    53.9"," ","R","19","    73.7"," ","R","19","    34.1"," ","R","22","    39.6"," ","R","19","     6.2"," ","R","19","     8.9"," ","R","19","     5.7"," ","R","22","     7.7"," ","R","19","    11.2"," ","R","19","     0.0","X","R","19","     0.3"," ","R","19","     1.1"," ","R","19","     3.2"," ","R","19","     4.4"," ","R","19","     6.7"," ","R","19","     0.1"," ","R","19","    13.9"," ","R","19","     9.2"," ","R","19","     5.0"," ","R","19","     2.0"," ","R","19","     1.2"," ","R","19","     0.6"," ","R","19","     0.0","X","R","19","     0.0"," ","R","19","     0.1"," ","R","19","    13.9"," ","R","19","     9.2"," ","R","19","     5.0"," ","R","19","     2.0"," ","R","19","     1.2"," ","R","19","     0.6"," ","R","19","     0.0","X","R","19","     0.0"," ","R","19","    12.8"," ","R","19","    11.8"," ","R","19","    15.9"," ","S","24","     7.9"," ","S","24","     2.4"," ","S","24","     0.8"," ","S","24","     0.1"," ","S","24","     0.0"," ","S","24","     0.0"," ","S","24","     0.0"," ","S","24","    0.04"," ","S","24","    0.09"," ","S","24","    0.17"," ","S","24","    0.57"," ","R","19","    3.07"," ","R","19","     0.5"," ","P","23","     0.4"," ","P","23","     0.1"," ","P","23","     0.1"," ","P","23","     0.1"," ","P","23","     0.0"," ","P","23","     0.0"," ","P","23","     0.0"," ","P","23"," -9999.0","Y"," "," 0"," -9999.0","Y"," "," 0"," -9999.0","Y"," "," 0","     0.1"," ","P","21","    18.4"," ","P","21"
"USC00426601","05-27"," 37.8156","-112.4389","2026.0","PANGUITCH, UT US","05","27","99","    54.2"," ","R","19","    74.1"," ","R","19","    34.3"," ","R","22","    39.8"," ","R","19","     6.2"," ","R","19","     8.8"," ","R","19","     5.7"," ","R","22","     7.7"," ","R","19","    10.9"," ","R","19","     0.0","X","R","19","     0.2"," ","R","19","     1.0"," ","R","19","     2.9"," ","R","19","     4.1"," ","R","19","     6.4"," ","R","19","     0.1"," ","R","19","    14.2"," ","R","19","     9.4"," ","R","19","     5.2"," ","R","19","     2.1"," ","R","19","     1.3"," ","R","19","     0.6"," ","R","19","     0.0","X","R","19","     0.0"," ","R","19","     0.1"," ","R","19","    14.2"," ","R","19","     9.4"," ","R","19","     5.2"," ","R","19","     2.1"," ","R","19","     1.3"," ","R","19","     0.6"," ","R","19","     0.0","X","R","19","     0.0"," ","R","19","    13.0"," ","R","19","    12.0"," ","R","19","    15.6"," ","P","23","     7.8"," ","P","23","     2.4"," ","P","23","     0.8"," ","P","23","     0.1"," ","P","23","     0.0"," ","P","23","     0.0"," ","P","23","     0.0"," ","P","23","    0.04"," ","P","23","    0.09"," ","P","23","    0.17"," ","P","23","    0.59"," ","R","19","    3.09"," ","R","19","     0.5"," ","P","22","     0.4"," ","P","22","     0.1"," ","P","22","     0.1"," ","P","22","     0.1"," ","P","22","     0.0"," ","P","22","     0.0"," ","P","22","     0.0"," ","P","22"," -9999.0","Y"," "," 0"," -9999.0","Y"," "," 0"," -9999.0","Y"," "," 0","     0.1"," ","P","21","    18.4"," ","P","21"
"USC00426601","05-28"," 37.8156","-112.4389","2026.0","PANGUITCH, UT US","05","28","99","    54.5"," ","R","19","    74.6"," ","R","19","    34.5"," ","R","22","    40.1"," ","R","19","     6.2"," ","R","19","     8.8"," ","R","19","     5.7"," ","R","22","     7.7"," ","R","19","    10.6"," ","R","19","     0.0","X","R","19","     0.2"," ","R","19","     0.9"," ","R","19","     2.7"," ","R","19","     3.9"," ","R","19","     6.1"," ","R","19","     0.1"," ","R","19","    14.6"," ","R","19","     9.7"," ","R","19","     5.4"," ","R","19","     2.3"," ","R","19","     1.4"," ","R","19","     0.6"," ","R","19","     0.0","X","R","19","     0.0"," ","R","19","     0.1"," ","R","19","    14.6"," ","R","19","     9.7"," ","R","19","     5.4"," ","R","19","     2.3"," ","R","19","     1.4"," ","R","19","     0.6"," ","R","19","     0.0","X","R","19","     0.0"," ","R","19","    13.3"," ","R","19","    12.3"," ","R","19","    15.4"," ","P","23","     7.6"," ","P","23","     2.3"," ","P","23","     0.8"," ","P","23","     0.1"," ","P","23","     0.0"," ","P","23","     0.0"," ","P","23","     0.0"," ","P","23","    0.04"," ","P","23","    0.09"," ","P","23","    0.17"," ","P","23","    0.61"," ","R","19","    3.11"," ","R","19","     0.4"," ","P","22","     0.4"," ","P","22","     0.1"," ","P","22","     0.1"," ","P","22","     0.1"," ","P","22","     0.0"," ","P","22","     0.0"," ","P","22","     0.0"," ","P","22"," -9999.0","Y"," "," 0"," -9999.0","Y"," "," 0"," -9999.0","Y"," "," 0","     0.1"," ","P","21","    18.4"," ","P","21"
"USC00426601","05-29"," 37.8156","-112.4389","2026.0","PANGUITCH, UT US","05","29","99","    54.9"," ","R","19","    75.0"," ","R","19","    34.7"," ","R","22","    40.3"," ","R","19","     6.2"," ","R","19","     8.7"," ","R","19","     5.7"," ","R","22","     7.6"," ","R","19","    10.3"," ","R","19","     0.0","X","R","19","     0.2"," ","R","19","     0.8"," ","R","19","     2.6"," ","R","19","     3.7"," ","R","19","     5.8"," ","R","19","     0.1"," ","R","19","    14.9"," ","R","19","    10.0"," ","R","19","     5.7"," ","R","19","     2.4"," ","R","19","     1.5"," ","R","19","     0.7"," ","R","19","     0.0","X","R","19","     0.0"," ","R","19","     0.1"," ","R","19","    14.9"," ","R","19","    10.0"," ","R","19","     5.7"," ","R","19","     2.4"," ","R","19","     1.5"," ","R","19","     0.7"," ","R","19","     0.0","X","R","19","     0.0"," ","R","19","    13.5"," ","R","19","    12.5"," ","R","19","    15.1"," ","P","23","     7.5"," ","P","23","     2.3"," ","P","23","     0.8"," ","P","23","     0.1"," ","P","23","     0.0"," ","P","23","     0.0"," ","P","23","     0.0"," ","P","23","    0.04"," ","P","23","    0.09"," ","P","23","    0.17"," ","P","23","    0.63"," ","R","19","    3.13"," ","R","19","     0.4"," ","P","22","     0.3"," ","P","22","     0.1"," ","P","22","     0.1"," ","P","22","     0.1"," ","P","22","     0.0"," ","P","22","     0.0"," ","P","22","     0.0"," ","P","22"," -9999.0","Y"," "," 0"," -9999.0","Y"," "," 0"," -9999.0","Y"," "," 0","     0.1"," ","P","21","    18.4"," ","P","21"
"USC00426601","05-30"," 37.8156","-112.4389","2026.0","PANGUITCH, UT US","05","30","99","    55.2"," ","R","19","    75.5"," ","R","19","    34.9"," ","R","22","    40.5"," ","R","19","     6.1"," ","R","19","     8.7"," ","R","19","     5.6"," ","R","22","     7.6"," ","R","19","     9.9"," ","R","19","     0.0","X","R","19","     0.1"," ","R","19","     0.7"," ","R","19","     2.4"," ","R","19","     3.4"," ","R","19","     5.5"," ","R","19","     0.1"," ","R","19","    15.2"," ","R","19","    10.3"," ","R","19","     5.9"," ","R","19","     2.6"," ","R","19","     1.6"," ","R","19","     0.7"," ","R","19","     0.0","X","R","19","     0.0"," ","R","19","     0.1"," ","R","19","    15.2"," ","R","19","    10.3"," ","R","19","     5.9"," ","R","19","     2.6"," ","R","19","     1.6"," ","R","19","     0.7"," ","R","19","     0.0","X","R","19","     0.0"," ","R","19","    13.7"," ","R","19","    12.7"," ","R","19","    14.9"," ","P","23","     7.3"," ","P","23","     2.2"," ","P","23","     0.8"," ","P","23","     0.1"," ","P","23","     0.0"," ","P","23","     0.0"," ","P","23","     0.0"," ","P","23","    0.04"," ","P","23","    0.09"," ","P","23","    0.17"," ","P","23","    0.66"," ","R","19","    3.16"," ","R","19","     0.4"," ","P","22","     0.3"," ","P","22","     0.1"," ","P","22","     0.1"," ","P","22","     0.1"," ","P","22","     0.0"," ","P","22","     0.0"," ","P","22","     0.0"," ","P","22"," -9999.0","Y"," "," 0"," -9999.0","Y"," "," 0"," -9999.0","Y"," "," 0","     0.1"," ","P","21","    18.4"," ","P","21"
"USC00426601","05-31"," 37.8156","-112.4389","2026.0","PANGUITCH, UT US","05","31","99","    55.5"," ","R","19","    75.9"," ","R","19","    35.1"," ","R","22","    40.8"," ","R","19","     6.1"," ","R","19","     8.6"," ","R","19","     5.6"," ","R","22","     7.5"," ","R","19","     9.6"," ","R","19","     0.0","X","R","19","     0.1"," ","R","19","     0.7"," ","R","19","     2.3"," ","R","19","     3.3"," ","R","19","     5.3"," ","R","19","     0.1"," ","R","19","    15.5"," ","R","19","    10.6"," ","R","19","     6.2"," ","R","19","     2.8"," ","R","19","     1.8"," ","R","19","     0.8"," ","R","19","     0.0","X","R","19","     0.0"," ","R","19","     0.1"," ","R","19","    15.5"," ","R","19","    10.6"," ","R","19","     6.2"," ","R","19","     2.8"," ","R","19","     1.8"," ","R","19","     0.8"," ","R","19","     0.0","X","R","19","     0.0"," ","R","19","    13.9"," ","R","19","    12.9"," ","R","19","    14.6"," ","P","23","     7.2"," ","P","23","     2.2"," ","P","23","     0.9"," ","P","23","     0.0"," ","P","23","     0.0"," ","P","23","     0.0"," ","P","23","     0.0"," ","P","23","    0.04"," ","P","23","    0.09"," ","P","23","    0.17"," ","P","23","    0.68"," ","R","19","    3.18"," ","R","19","     0.4"," ","P","22","     0.3"," ","P","22","     0.0"," ","P","22","     0.0"," ","P","22","     0.0"," ","P","22","     0.0"," ","P","22","     0.0"," ","P","22","     0.0"," ","P","22"," -9999.0","Y"," "," 0"," -9999.0","Y"," "," 0"," -9999.0","Y"," "," 0","     0.1"," ","P","21","    18.4"," ","P","21"
"USC00426601","06-01"," 37.8156","-112.4389","2026.0","PANGUITCH, UT US","06","01","99","    55.8"," ","R","19","    76.3"," ","R","19","    35.3"," ","R","22","    41.0"," ","R","19","     6.1"," ","R","19","     8.5"," ","R","19","     5.6"," ","R","22","     7.5"," ","R","19","     9.3"," ","R","19","     0.0","X","R","19","     0.1"," ","R","19","     0.6"," ","R","19","     2.1"," ","R","19","     3.1"," ","R","19","     5.0"," ","R","19","     0.1"," ","R","19","    15.8"," ","R","19","    10.9"," ","R","19","     6.5"," ","R","19","     2.9"," ","R","19","     1.9"," ","R","19","     0.9"," ","R","19","     0.0","X","R","19","     0.0"," ","R","19","     0.1"," ","R","19","    15.8"," ","R","19","    10.9"," ","R","19","     6.5"," ","R","19","     2.9"," ","R","19","     1.9"," ","R","19","     0.9"," ","R","19","     0.0","X","R","19","     0.0"," ","R","19","    14.1"," ","R","19","    13.0"," ","R","19","    14.3"," ","P","23","     7.0"," ","P","23","     2.1"," ","P","23","     0.9"," ","P","23","     0.0"," ","P","23","     0.0"," ","P","23","     0.0"," ","P","23","     0.0"," ","P","23","    0.04"," ","P","23","    0.09"," ","P","23","    0.17"," ","P","23","    0.02"," ","R","21","    3.20"," ","R","21","     0.4"," ","P","22"," -9999.0","Z"," "," 0","     0.0"," ","P","22","     0.0"," ","P","22","     0.0"," ","P","22","     0.0"," ","P","22","     0.0"," ","P","22","     0.0"," ","P","22"," -9999.0","Y"," "," 0"," -9999.0","Y"," "," 0"," -9999.0","Y"," "," 0","     0.0"," ","P","20","    18.4"," ","P","20"
"USC00426601","06-02"," 37.8156","-112.4389","2026.0","PANGUITCH, UT US","06","02","99","    56.1"," ","R","19","    76.8"," ","R","19","    35.5"," ","R","22","    41.3"," ","R","19","     6.1"," ","R","19","     8.5"," ","R","19","     5.6"," ","R","22","     7.4"," ","R","19","     9.0"," ","R","19","     0.0","X","R","19","     0.1"," ","R","19","     0.6"," ","R","19","     2.0"," ","R","19","     2.9"," ","R","19","     4.8"," ","R","19","     0.2"," ","R","19","    16.1"," ","R","19","    11.2"," ","R","19","     6.7"," ","R","19","     3.1"," ","R","19","     2.1"," ","R","19","     0.9"," ","R","19","     0.0","X","R","19","     0.0"," ","R","19","     0.2"," ","R","19","    16.1"," ","R","19","    11.2"," ","R","19","     6.7"," ","R","19","     3.1"," ","R","19","     2.1"," ","R","19","     0.9"," ","R","19","     0.0","X","R","19","     0.0"," ","R","19","    14.2"," ","R","19","    13.2"," ","R","19","    14.0"," ","P","23","     6.9"," ","P","23","     2.1"," ","P","23","     0.9"," ","P","23","     0.0"," ","P","23","     0.0"," ","P","23","     0.0"," ","P","23","     0.0"," ","P","23","    0.04"," ","P","23","    0.09"," ","P","23","    0.17"," ","P","23","    0.04"," ","R","21","    3.22"," ","R","21","     0.3"," ","P","22"," -9999.0","Z"," "," 0","     0.0"," ","P","22","     0.0"," ","P","22","     0.0"," ","P","22","     0.0"," ","P","22","     0.0"," ","P","22","     0.0"," ","P","22"," -9999.0","Y"," "," 0"," -9999.0","Y"," "," 0"," -9999.0","Y"," "," 0","     0.0"," ","P","20","    18.4"," ","P","20"
"USC00426601","06-03"," 37.8156","-112.4389","2026.0","PANGUITCH, UT US","06","03","99","    56.5"," ","R","19","    77.2"," ","R","19","    35.7"," ","R","22","    41.5"," ","R","19","     6.0"," ","R","19","     8.4"," ","R","19","     5.6"," ","R","22","     7.4"," ","R","19","     8.7"," ","R","19","     0.0","X","R","19","     0.1"," ","R","19","     0.5"," ","R","19","     1.9"," ","R","19","     2.7"," ","R","19","     4.6"," ","R","19","     0.2"," ","R","19","    16.5"," ","R","19","    11.6"," ","R","19","     7.0"," ","R","19","     3.3"," ","R","19","     2.2"," ","R","19","     1.0"," ","R","19","     0.0","X","R","19","     0.0"," ","R","19","     0.2"," ","R","19","    16.5"," ","R","19","    11.6"," ","R","19","     7.0"," ","R","19","     3.3"," ","R","19","     2.2"," ","R","19","     1.0"," ","R","19","     0.0","X","R","19","     0.0"," ","R","19","    14.4"," ","R","19","    13.4"," ","R","19","    13.7"," ","P","23","     6.8"," ","P","23","     2.0"," ","P","23","     0.9"," ","P","23","     0.0"," ","P","23","     0.0"," ","P","23","     0.0"," ","P","23","     0.0"," ","P","23","    0.04"," ","P","23","    0.09"," ","P","23","    0.16"," ","P","23","    0.05"," ","R","21","    3.23"," ","R","21","     0.3"," ","P","22"," -9999.0","Z"," "," 0","     0.0"," ","P","22","     0.0"," ","P","22","     0.0"," ","P","22","     0.0"," ","P","22","     0.0"," ","P","22","     0.0"," ","P","22"," -9999.0","Y"," "," 0"," -9999.0","Y"," "," 0"," -9999.0","Y"," "," 0","     0.0"," ","P","20","    18.4"," ","P","20"
"USC00426601","06-04"," 37.8156","-112.4389","2026.0","PANGUITCH, UT US","06","04","99","    56.8"," ","R","19","    77.6"," ","R","19","    35.9"," ","R","22","    41.7"," ","R","19","     6.0"," ","R","19","     8.3"," ","R","19","     5.6"," ","R","22","     7.3"," ","R","19","     8.4"," ","R","19","     0.0","X","R","19","     0.1"," ","R","19","     0.5"," ","R","19","     1.7"," ","R","19","     2.6"," ","R","19","     4.3"," ","R","19","     0.2"," ","R","19","    16.8"," ","R","19","    11.9"," ","R","19","     7.2"," ","R","19","     3.5"," ","R","19","     2.3"," ","R","19","     1.1"," ","R","19","     0.0","X","R","19","     0.0"," ","R","19","     0.2"," ","R","19","    16.8"," ","R","19","    11.9"," ","R","19","     7.2"," ","R","19","     3.5"," ","R","19","     2.3"," ","R","19","     1.1"," ","R","19","     0.0","X","R","19","     0.0"," ","R","19","    14.6"," ","R","19","    13.6"," ","R","19","    13.4"," ","P","23","     6.6"," ","P","23","     2.0"," ","P","23","     0.9"," ","P","23","     0.0"," ","P","23","     0.0"," ","P","23","     0.0"," ","P","23","     0.0"," ","P","23","    0.04"," ","P","23","    0.09"," ","P","23","    0.16"," ","P","23","    0.07"," ","R","21","    3.25"," ","R","21","     0.3"," ","P","22"," -9999.0","Z"," "," 0","     0.0"," ","P","22","     0.0"," ","P","22","     0.0"," ","P","22","     0.0"," ","P","22","     0.0"," ","P","22","     0.0"," ","P","22"," -9999.0","Y"," "," 0"," -9999.0","Y"," "," 0"," -9999.0","Y"," "," 0","     0.0"," ","P","20","    18.4"," ","P","20"
"USC00426601","06-05"," 37.8156","-112.4389","2026.0","PANGUITCH, UT US","06","05","99","    57.1"," ","R","19","    78.0"," ","R","19","    36.1"," ","R","22","    41.9"," ","R","19","     5.9"," ","R","19","     8.2"," ","R","19","     5.6"," ","R","22","     7.2"," ","R","19","     8.1"," ","R","19","     0.0","X","R","19","     0.1"," ","R","19","     0.4"," ","R","19","     1.6"," ","R","19","     2.4"," ","R","19","     4.0"," ","R","19","     0.1"," ","R","19","    17.1"," ","R","19","    12.2"," ","R","19","     7.5"," ","R","19","     3.6"," ","R","19","     2.4"," ","R","19","     1.1"," ","R","19","     0.0","X","R","19","     0.0"," ","R","19","     0.1"," ","R","19","    17.1"," ","R","19","    12.2"," ","R","19","     7.5"," ","R","19","     3.6"," ","R","19","     2.4"," ","R","19","     1.1"," ","R","19","     0.0","X","R","19","     0.0"," ","R","19","    14.8"," ","R","19","    13.8"," ","R","19","    13.1"," ","P","23","     6.4"," ","P","23","     1.9"," ","P","23","     0.9"," ","P","23","     0.0"," ","P","23","     0.0"," ","P","23","     0.0"," ","P","23","     0.0"," ","P","23","    0.04"," ","P","23","    0.09"," ","P","23","    0.16"," ","P","23","    0.09"," ","R","21","    3.27"," ","R","21","     0.3"," ","P","22"," -9999.0","Z"," "," 0","     0.0"," ","P","22","     0.0"," ","P","22","     0.0"," ","P","22","     0.0"," ","P","22","     0.0"," ","P","22","     0.0"," ","P","22"," -9999.0","Y"," "," 0"," -9999.0","Y"," "," 0"," -9999.0","Y"," "," 0","     0.0"," ","P","20","    18.4"," ","P","20"
"USC00426601","06-06"," 37.8156","-112.4389","2026.0","PANGUITCH, UT US","06","06","99","    57.4"," ","R","19","    78.4"," ","R","19","    36.3"," ","R","22","    42.1"," ","R","19","     5.9"," ","R","19","     8.1"," ","R","19","     5.6"," ","R","22","     7.2"," ","R","19","     7.8"," ","R","19","     0.0","X","R","19","     0.1"," ","R","19","     0.4"," ","R","19","     1.4"," ","R","19","     2.2"," ","R","19","     3.8"," ","R","19","     0.1"," ","R","19","    17.4"," ","R","19","    12.5"," ","R","19","     7.7"," ","R","19","     3.8"," ","R","19","     2.5"," ","R","19","     1.2"," ","R","19","     0.0","X","R","19","     0.0"," ","R","19","     0.1"," ","R","19","    17.4"," ","R","19","    12.5"," ","R","19","     7.7"," ","R","19","     3.8"," ","R","19","     2.5"," ","R","19","     1.2"," ","R","19","     0.0","X","R","19","     0.0"," ","R","19","    15.0"," ","R","19","    14.0"," ","R","19","    12.8"," ","P","23","     6.3"," ","P","23","     1.9"," ","P","23","     0.9"," ","P","23","     0.0"," ","P","23","     0.0"," ","P","23","     0.0"," ","P","23","     0.0"," ","P","23","    0.04"," ","P","23","    0.09"," ","P","23","    0.16"," ","P","23","    0.11"," ","R","21","    3.29"," ","R","21","     0.3"," ","P","22"," -9999.0","Z"," "," 0","     0.0"," ","P","22","     0.0"," ","P","22","     0.0"," ","P","22","     0.0"," ","P","22","     0.0"," ","P","22","     0.0"," ","P","22"," -9999.0","Y"," "," 0"," -9999.0","Y"," "," 0"," -9999.0","Y"," "," 0","     0.0"," ","P","20","    18.4"," ","P","20"
"USC00426601","06-07"," 37.8156","-112.4389","2026.0","PANGUITCH, UT US","06","07","99","    57.7"," ","R","19","    78.8"," ","R","19","    36.5"," ","R","22","    42.3"," ","R","19","     5.8"," ","R","19","     8.1"," ","R","19","     5.6"," ","R","22","     7.1"," ","R","19","     7.5"," ","R","19","     0.0","X","R","19","     0.1"," ","R","19","     0.3"," ","R","19","     1.3"," ","R","19","     2.0"," ","R","19","     3.6"," ","R","19","     0.1"," ","R","19","    17.7"," ","R","19","    12.7"," ","R","19","     8.0"," ","R","19","     4.0"," ","R","19","     2.7"," ","R","19","     1.2"," ","R","19","     0.0","X","R","19","     0.0"," ","R","19","     0.1"," ","R","19","    17.7"," ","R","19","    12.7"," ","R","19","     8.0"," ","R","19","     4.0"," ","R","19","     2.7"," ","R","19","     1.2"," ","R","19","     0.0","X","R","19","     0.0"," ","R","19","    15.1"," ","R","19","    14.1"," ","R","19","    12.6"," ","P","23","     6.1"," ","P","23","     1.9"," ","P","23","     0.9"," ","P","23","     0.0"," ","P","23","     0.0"," ","P","23","     0.0"," ","P","23","     0.0"," ","P","23","    0.04"," ","P","23","    0.09"," ","P","23","    0.16"," ","P","23","    0.12"," ","R","21","    3.30"," ","R","21","     0.3"," ","P","22"," -9999.0","Z"," "," 0","     0.0"," ","P","22","     0.0"," ","P","22","     0.0"," ","P","22","     0.0"," ","P","22","     0.0"," ","P","22","     0.0"," ","P","22"," -9999.0","Y"," "," 0"," -9999.0","Y"," "," 0"," -9999.0","Y"," "," 0","     0.0"," ","P","20","    18.4"," ","P","20"
"USC00426601","06-08"," 37.8156","-112.4389","2026.0","PANGUITCH, UT US","06","08","99","    58.0"," ","R","19","    79.2"," ","R","19","    36.7"," ","R","22","    42.5"," ","R","19","     5.8"," ","R","19","     8.0"," ","R","19","     5.6"," ","R","22","     7.1"," ","R","19","     7.2"," ","R","19","     0.0","X","R","19","     0.1"," ","R","19","     0.3"," ","R","19","     1.2"," ","R","19","     1.8"," ","R","19","     3.3"," ","R","19","     0.2"," ","R","19","    18.0"," ","R","19","    13.0"," ","R","19","     8.3"," ","R","19","     4.2"," ","R","19","     2.8"," ","R","19","     1.3"," ","R","19","     0.0","X","R","19","     0.0"," ","R","19","     0.2"," ","R","19","    18.0"," ","R","19","    13.0"," ","R","19","     8.3"," ","R","19","     4.2"," ","R","19","     2.8"," ","R","19","     1.3"," ","R","19","     0.0","X","R","19","     0.0"," ","R","19","    15.3"," ","R","19","    14.3"," ","R","19","    12.3"," ","P","23","     6.0"," ","P","23","     1.9"," ","P","23","     0.9"," ","P","23","     0.0"," ","P","23","     0.0"," ","P","23","     0.0"," ","P","23","     0.0"," ","P","23","    0.04"," ","P","23","    0.09"," ","P","23","    0.16"," ","P","23","    0.13"," ","R","21","    3.31"," ","R","21","     0.2"," ","P","22"," -9999.0","Z"," "," 0","     0.0"," ","P","22","     0.0"," ","P","22","     0.0"," ","P","22","     0.0"," ","P","22","     0.0"," ","P","22","     0.0"," ","P","22"," -9999.0","Y"," "," 0"," -9999.0","Y"," "," 0"," -9999.0","Y"," "," 0","     0.0"," ","P","20","    18.4"," ","P","20"
"USC00426601","06-09"," 37.8156","-112.4389","2026.0","PANGUITCH, UT US","06","09","99","    58.3"," ","R","19","    79.6"," ","R","19","    37.0"," ","R","22","    42.6"," ","R","19","     5.7"," ","R","19","     7.9"," ","R","19","     5.6"," ","R","22","     7.0"," ","R","19","     6.9"," ","R","19","     0.0","X","R","19","     0.1"," ","R","19","     0.3"," ","R","19","     1.1"," ","R","19","     1.7"," ","R","19","     3.1"," ","R","19","     0.2"," ","R","19","    18.3"," ","R","19","    13.3"," ","R","19","     8.6"," ","R","19","     4.4"," ","R","19","     3.0"," ","R","19","     1.4"," ","R","19","     0.0","X","R","19","     0.0"," ","R","19","     0.2"," ","R","19","    18.3"," ","R","19","    13.3"," ","R","19","     8.6"," ","R","19","     4.4"," ","R","19","     3.0"," ","R","19","     1.4"," ","R","19","     0.0","X","R","19","     0.0"," ","R","19","    15.5"," ","R","19","    14.5"," ","R","19","    12.1"," ","P","23","     5.8"," ","P","23","     1.8"," ","P","23","     0.9"," ","P","23","     0.0"," ","P","23","     0.0"," ","P","23","     0.0"," ","P","23","     0.0"," ","P","23","    0.04"," ","P","23","    0.09"," ","P","23","    0.16"," ","P","23","    0.15"," ","R","21","    3.33"," ","R","21","     0.2"," ","P","22"," -9999.0","Z"," "," 0","     0.0"," ","P","22","     0.0"," ","P","22","     0.0"," ","P","22","     0.0"," ","P","22","     0.0"," ","P","22","     0.0"," ","P","22"," -9999.0","Y"," "," 0"," -9999.0","Y"," "," 0"," -9999.0","Y"," "," 0","     0.0"," ","P","20","    18.4"," ","P","20"
"USC00426601","06-10"," 37.8156","-112.4389","2026.0","PANGUITCH, UT US","06","10","99","    58.6"," ","R","19","    80.0"," ","R","19","    37.2"," ","R","22","    42.8"," ","R","19","     5.7"," ","R","19","     7.8"," ","R","19","     5.5"," ","R","22","     7.0"," ","R","19","     6.6"," ","R","19","     0.0","X","R","19","     0.1"," ","R","19","     0.3"," ","R","19","     1.0"," ","R","19","     1.6"," ","R","19","     3.0"," ","R","19","     0.2"," ","R","19","    18.6"," ","R","19","    13.6"," ","R","19","     8.8"," ","R","19","     4.6"," ","R","19","     3.2"," ","R","19","     1.5"," ","R","19","     0.0","X","R","19","     0.0"," ","R","19","     0.2"," ","R","19","    18.6"," ","R","19","    13.6"," ","R","19","     8.8"," ","R","19","     4.6"," ","R","19","     3.2"," ","R","19","     1.5"," ","R","19","     0.0","X","R","19","     0.0"," ","R","19","    15.7"," ","R","19","    14.6"," ","R","19","    11.9"," ","P","23","     5.7"," ","P","23","     1.8"," ","P","23","     0.9"," ","P","23","     0.0"," ","P","23","     0.0"," ","P","23","     0.0"," ","P","23","     0.0"," ","P","23","    0.04"," ","P","23","    0.09"," ","P","23","    0.17"," ","P","23","    0.16"," ","R","21","    3.34"," ","R","21","     0.2"," ","P","22"," -9999.0","Z"," "," 0","     0.0"," ","P","22","     0.0"," ","P","22","     0.0"," ","P","22","     0.0"," ","P","22","     0.0"," ","P","22","     0.0"," ","P","22"," -9999.0","Y"," "," 0"," -9999.0","Y"," "," 0"," -9999.0","Y"," "," 0","     0.0"," ","P","20","    18.4"," ","P","20"
"USC00426601","06-11"," 37.8156","-112.4389","2026.0","PANGUITCH, UT US","06","11","99","    58.9"," ","R","19","    80.3"," ","R","19","    37.4"," ","R","22","    42.9"," ","R","19","     5.7"," ","R","19","     7.7"," ","R","19","     5.5"," ","R","22","     6.9"," ","R","19","     6.3"," ","R","19","     0.0","X","R","19","     0.1"," ","R","19","     0.3"," ","R","19","     1.0"," ","R","19","     1.5"," ","R","19","     2.8"," ","R","19","     0.2"," ","R","19","    18.9"," ","R","19","    13.9"," ","R","19","     9.1"," ","R","19","     4.9"," ","R","19","     3.4"," ","R","19","     1.7"," ","R","19","     0.0","X","R","19","     0.0"," ","R","19","     0.2"," ","R","19","    18.9"," ","R","19","    13.9"," ","R","19","     9.1"," ","R","19","     4.9"," ","R","19","     3.4"," ","R","19","     1.7"," ","R","19","     0.0","X","R","19","     0.0"," ","R","19","    15.8"," ","R","19","    14.8"," ","R","19","    11.7"," ","P","23","     5.6"," ","P","23","     1.8"," ","P","23","     0.9"," ","P","23","     0.0"," ","P","23","     0.0"," ","P","23","     0.0"," ","P","23","     0.0"," ","P","23","    0.04"," ","P","23","    0.09"," ","P","23","    0.17"," ","P","23","    0.18"," ","R","21","    3.36"," ","R","21","     0.2"," ","P","22"," -9999.0","Z"," "," 0","     0.0"," ","P","22","     0.0"," ","P","22","     0.0"," ","P","22","     0.0"," ","P","22","     0.0"," ","P","22","     0.0"," ","P","22"," -9999.0","Y"," "," 0"," -9999.0","Y"," "," 0"," -9999.0","Y"," "," 0","     0.0"," ","P","20","    18.4"," ","P","20"
"USC00426601","06-12"," 37.8156","-112.4389","2026.0","PANGUITCH, UT US","06","12","99","    59.2"," ","R","19","    80.7"," ","R","19","    37.7"," ","R","22","    43.0"," ","R","19","     5.6"," ","R","19","     7.6"," ","R","19","     5.6"," ","R","22","     6.9"," ","R","19","     6.1"," ","R","19","     0.0","X","R","19","     0.1"," ","R","19","     0.2"," ","R","19","     0.9"," ","R","19","     1.4"," ","R","19","     2.7"," ","R","19","     0.3"," ","R","19","    19.2"," ","R","19","    14.2"," ","R","19","     9.4"," ","R","19","     5.1"," ","R","19","     3.6"," ","R","19","     1.9"," ","R","19","     0.0","X","R","19","     0.0"," ","R","19","     0.3"," ","R","19","    19.2"," ","R","19","    14.2"," ","R","19","     9.4"," ","R","19","     5.1"," ","R","19","     3.6"," ","R","19","     1.9"," ","R","19","     0.0","X","R","19","     0.0"," ","R","19","    16.0"," ","R","19","    14.9"," ","R","19","    11.5"," ","P","23","     5.5"," ","P","23","     1.8"," ","P","23","     0.9"," ","P","23","     0.0"," ","P","23","     0.0"," ","P","23","     0.0"," ","P","23","     0.0"," ","P","23","    0.04"," ","P","23","    0.09"," ","P","23","    0.17"," ","P","23","    0.19"," ","R","21","    3.37"," ","R","21","     0.2"," ","P","22"," -9999.0","Z"," "," 0","     0.0"," ","P","22","     0.0"," ","P","22","     0.0"," ","P","22","     0.0"," ","P","22","     0.0"," ","P","22","     0.0"," ","P","22"," -9999.0","Y"," "," 0"," -9999.0","Y"," "," 0"," -9999.0","Y"," "," 0","     0.0"," ","P","20","    18.4"," ","P","20"
"USC00426601","06-13"," 37.8156","-112.4389","2026.0","PANGUITCH, UT US","06","13","99","    59.5"," ","R","19","    81.0"," ","R","19","    37.9"," ","R","22","    43.1"," ","R","19","     5.6"," ","R","19","     7.5"," ","R","19","     5.6"," ","R","22","     6.9"," ","R","19","     5.9"," ","R","19","     0.0","X","R","19","     0.1"," ","R","19","     0.2"," ","R","19","     0.8"," ","R","19","     1.3"," ","R","19","     2.5"," ","R","19","     0.3"," ","R","19","    19.5"," ","R","19","    14.5"," ","R","19","     9.7"," ","R","19","     5.3"," ","R","19","     3.8"," ","R","19","     2.0"," ","R","19","     0.0","X","R","19","     0.0"," ","R","19","     0.3"," ","R","19","    19.5"," ","R","19","    14.5"," ","R","19","     9.7"," ","R","19","     5.3"," ","R","19","     3.8"," ","R","19","     2.0"," ","R","19","     0.0","X","R","19","     0.0"," ","R","19","    16.1"," ","R","19","    15.1"," ","R","19","    11.4"," ","P","23","     5.4"," ","P","23","     1.9"," ","P","23","     0.9"," ","P","23","     0.0"," ","P","23","     0.0"," ","P","23","     0.0"," ","P","23","     0.0"," ","P","23","    0.04"," ","P"," 0","    0.09"," ","P"," 0","    0.17"," ","P"," 0","    0.20"," ","R","21","    3.38"," ","R","21","     0.2"," ","P","22"," -9999.0","Z"," "," 0","     0.0"," ","P","22","     0.0"," ","P","22","     0.0"," ","P","22","     0.0"," ","P","22","     0.0"," ","P","22","     0.0"," ","P","22"," -9999.0","Y"," "," 0"," -9999.0","Y"," "," 0"," -9999.0","Y"," "," 0","     0.0"," ","P","20","    18.4"," ","P","20"
"USC00426601","06-14"," 37.8156","-112.4389","2026.0","PANGUITCH, UT US","06","14","99","    59.8"," ","R","19","    81.4"," ","R","19","    38.2"," ","R","22","    43.2"," ","R","19","     5.6"," ","R","19","     7.4"," ","R","19","     5.6"," ","R","22","     6.8"," ","R","19","     5.6"," ","R","19","     0.0","X","R","19","     0.0","X","R","19","     0.2"," ","R","19","     0.7"," ","R","19","     1.2"," ","R","19","     2.4"," ","R","19","     0.4"," ","R","19","    19.8"," ","R","19","    14.8"," ","R","19","    10.0"," ","R","19","     5.5"," ","R","19","     4.0"," ","R","19","     2.1"," ","R","19","     0.0","X","R","19","     0.0"," ","R","19","     0.4"," ","R","19","    19.8"," ","R","19","    14.8"," ","R","19","    10.0"," ","R","19","     5.5"," ","R","19","     4.0"," ","R","19","     2.1"," ","R","19","     0.0","X","R","19","     0.0"," ","R","19","    16.3"," ","R","19","    15.2"," ","R","19","    11.3"," ","P","23","     5.2"," ","P","23","     1.9"," ","P","23","     0.9"," ","P","23","     0.0"," ","P","23","     0.0"," ","P","23","     0.0"," ","P","23","     0.0"," ","P","23","    0.04"," ","P"," 0","    0.08"," ","P"," 0","    0.17"," ","P"," 0","    0.21"," ","R","21","    3.39"," ","R","21","     0.2"," ","P","22","     0.0"," ","P","22","     0.0"," ","P","22","     0.0"," ","P","22","     0.0"," ","P","22","     0.0"," ","P","22","     0.0"," ","P","22","     0.0"," ","P","22"," -9999.0","Y"," "," 0"," -9999.0","Y"," "," 0"," -9999.0","Y"," "," 0","     0.0"," ","P","20","    18.4"," ","P","20"
"USC00426601","06-15"," 37.8156","-112.4389","2026.0","PANGUITCH, UT US","06","15","99","    60.1"," ","R","19","    81.7"," ","R","19","    38.4"," ","R","22","    43.3"," ","R","19","     5.5"," ","R","19","     7.4"," ","R","19","     5.6"," ","R","22","     6.8"," ","R","19","     5.4"," ","R","19","     0.0","X","R","19","     0.0","X","R","19","     0.2"," ","R","19","     0.7"," ","R","19","     1.1"," ","R","19","     2.2"," ","R","19","     0.4"," ","R","19","    20.1"," ","R","19","    15.1"," ","R","19","    10.2"," ","R","19","     5.7"," ","R","19","     4.2"," ","R","19","     2.3"," ","R","19","     0.0","X","R","19","     0.0"," ","R","19","     0.4"," ","R","19","    20.1"," ","R","19","    15.1"," ","R","19","    10.2"," ","R","19","     5.7"," ","R","19","     4.2"," ","R","19","     2.3"," ","R","19","     0.0","X","R","19","     0.0"," ","R","19","    16.4"," ","R","19","    15.4"," ","R","19","    11.2"," ","P","23","     5.1"," ","P","23","     1.9"," ","P","23","     0.9"," ","P","23","     0.0"," ","P","23","     0.0"," ","P","23","     0.0"," ","P","23","     0.0"," ","P","23","    0.04"," ","P"," 0","    0.08"," ","P"," 0","    0.17"," ","P"," 0","    0.23"," ","R","21","    3.41"," ","R","21","     0.2"," ","P","22","     0.0"," ","P","22","     0.0"," ","P","22","     0.0"," ","P","22","     0.0"," ","P","22","     0.0"," ","P","22","     0.0"," ","P","22","     0.0"," ","P","22"," -9999.0","Y"," "," 0"," -9999.0","Y"," "," 0"," -9999.0","Y"," "," 0","     0.0"," ","P","20","    18.4"," ","P","20"
"USC00426601","06-16"," 37.8156","-112.4389","2026.0","PANGUITCH, UT US","06","16","99","    60.4"," ","R","19","    82.0"," ","R","19","    38.7"," ","R","22","    43.3"," ","R","19","     5.5"," ","R","19","     7.3"," ","R","19","     5.6"," ","R","22","     6.8"," ","R","19","     5.1"," ","R","19","     0.0","X","R","19","     0.0","X","R","19","     0.1"," ","R","19","     0.6"," ","R","19","     1.0"," ","R","19","     2.0"," ","R","19","     0.5"," ","R","19","    20.4"," ","R","19","    15.4"," ","R","19","    10.5"," ","R","19","     5.9"," ","R","19","     4.3"," ","R","19","     2.4"," ","R","19","     0.0","X","R","19","     0.0"," ","R","19","     0.5"," ","R","19","    20.4"," ","R","19","    15.4"," ","R","19","    10.5"," ","R","19","     5.9"," ","R","19","     4.3"," ","R","19","     2.4"," ","R","19","     0.0","X","R","19","     0.0"," ","R","19","    16.6"," ","R","19","    15.5"," ","R","19","    11.2"," ","P","23","     5.1"," ","P","23","     1.9"," ","P","23","     0.9"," ","P","23","     0.0"," ","P","23","     0.0"," ","P","23","     0.0"," ","P","23","     0.0"," ","P","23","    0.04"," ","P"," 0","    0.08"," ","P"," 0","    0.17"," ","P"," 0","    0.24"," ","R","21","    3.42"," ","R","21","     0.2"," ","P","22","     0.0"," ","P","22","     0.0"," ","P","22","     0.0"," ","P","22","     0.0"," ","P","22","     0.0"," ","P","22","     0.0"," ","P","22","     0.0"," ","P","22"," -9999.0","Y"," "," 0"," -9999.0","Y"," "," 0"," -9999.0","Y"," "," 0","     0.0"," ","P","20","    18.4"," ","P","20"
"USC00426601","06-17"," 37.8156","-112.4389","2026.0","PANGUITCH, UT US","06","17","99","    60.6"," ","R","19","    82.3"," ","R","19","    39.0"," ","R","22","    43.4"," ","R","19","     5.5"," ","R","19","     7.2"," ","R","19","     5.6"," ","R","22","     6.7"," ","R","19","     4.8"," ","R","19","     0.0","X","R","19","     0.0","X","R","19","     0.1"," ","R","19","     0.5"," ","R","19","     0.9"," ","R","19","     1.9"," ","R","19","     0.5"," ","R","19","    20.7"," ","R","19","    15.7"," ","R","19","    10.8"," ","R","19","     6.1"," ","R","19","     4.5"," ","R","19","     2.5"," ","R","19","     0.0","X","R","19","     0.0"," ","R","19","     0.5"," ","R","19","    20.7"," ","R","19","    15.7"," ","R","19","    10.8"," ","R","19","     6.1"," ","R","19","     4.5"," ","R","19","     2.5"," ","R","19","     0.0","X","R","19","     0.0"," ","R","19","    16.7"," ","R","19","    15.6"," ","R","19","    11.3"," ","P","23","     5.0"," ","P","23","     1.9"," ","P","23","     0.9"," ","P","23","     0.0"," ","P","23","     0.0"," ","P","23","     0.0"," ","P","23","     0.0"," ","P","23","    0.04"," ","P"," 0","    0.08"," ","P"," 0","    0.16"," ","P"," 0","    0.25"," ","R","21","    3.43"," ","R","21","     0.2"," ","P","22","     0.0"," ","P","22","     0.0"," ","P","22","     0.0"," ","P","22","     0.0"," ","P","22","     0.0"," ","P","22","     0.0"," ","P","22","     0.0"," ","P","22"," -9999.0","Y"," "," 0"," -9999.0","Y"," "," 0"," -9999.0","Y"," "," 0","     0.0"," ","P","20","    18.4"," ","P","20"
"USC00426601","06-18"," 37.8156","-112.4389","2026.0","PANGUITCH, UT US","06","18","99","    60.9"," ","R","19","    82.6"," ","R","19","    39.2"," ","R","22","    43.4"," ","R","19","     5.4"," ","R","19","     7.1"," ","R","19","     5.6"," ","R","22","     6.7"," ","R","19","     4.6"," ","R","19","     0.0","X","R","19","     0.0","X","R","19","     0.1"," ","R","19","     0.4"," ","R","19","     0.8"," ","R","19","     1.7"," ","R","19","     0.5"," ","R","19","    20.9"," ","R","19","    16.0"," ","R","19","    11.0"," ","R","19","     6.4"," ","R","19","     4.7"," ","R","19","     2.6"," ","R","19","     0.0","X","R","19","     0.0"," ","R","19","     0.5"," ","R","19","    20.9"," ","R","19","    16.0"," ","R","19","    11.0"," ","R","19","     6.4"," ","R","19","     4.7"," ","R","19","     2.6"," ","R","19","     0.0","X","R","19","     0.0"," ","R","19","    16.8"," ","R","19","    15.8"," ","R","19","    11.3"," ","P","23","     5.0"," ","P","23","     2.0"," ","P","23","     0.9"," ","P","23","     0.0"," ","P","23","     0.0"," ","P","23","     0.0"," ","P","23","     0.0"," ","P","23","    0.03"," ","P"," 0","    0.08"," ","P"," 0","    0.16"," ","P"," 0","    0.26"," ","R","21","    3.44"," ","R","21","     0.1"," ","P","22","     0.0"," ","P","22","     0.0"," ","P","22","     0.0"," ","P","22","     0.0"," ","P","22","     0.0"," ","P","22","     0.0"," ","P","22","     0.0"," ","P","22"," -9999.0","Y"," "," 0"," -9999.0","Y"," "," 0"," -9999.0","Y"," "," 0","     0.0"," ","P","20","    18.4"," ","P","20"
"USC00426601","06-19"," 37.8156","-112.4389","2026.0","PANGUITCH, UT US","06","19","99","    61.2"," ","R","19","    82.9"," ","R","19","    39.5"," ","R","22","    43.4"," ","R","19","     5.4"," ","R","19","     7.0"," ","R","19","     5.6"," ","R","22","     6.7"," ","R","19","     4.4"," ","R","19","     0.0","X","R","19","     0.0","X","R","19","     0.1"," ","R","19","     0.4"," ","R","19","     0.7"," ","R","19","     1.6"," ","R","19","     0.6"," ","R","19","    21.2"," ","R","19","    16.2"," ","R","19","    11.3"," ","R","19","     6.6"," ","R","19","     4.9"," ","R","19","     2.8"," ","R","19","     0.0","X","R","19","     0.0"," ","R","19","     0.6"," ","R","19","    21.2"," ","R","19","    16.2"," ","R","19","    11.3"," ","R","19","     6.6"," ","R","19","     4.9"," ","R","19","     2.8"," ","R","19","     0.0","X","R","19","     0.0"," ","R","19","    16.9"," ","R","19","    15.9"," ","R","19","    11.3"," ","P","23","     4.9"," ","P","23","     2.0"," ","P","23","     0.9"," ","P","23","     0.0"," ","P","23","     0.0"," ","P","23","     0.0"," ","P","23","     0.0"," ","P","23","    0.03"," ","P"," 0","    0.08"," ","P"," 0","    0.16"," ","P"," 0","    0.28"," ","R","21","    3.46"," ","R","21","     0.1"," ","P","22","     0.0"," ","P","22","     0.0"," ","P","22","     0.0"," ","P","22","     0.0"," ","P","22","     0.0"," ","P","22","     0.0"," ","P","22","     0.0"," ","P","22"," -9999.0","Y"," "," 0"," -9999.0","Y"," "," 0"," -9999.0","Y"," "," 0","     0.0"," ","P","20","    18.4"," ","P","20"
"USC00426601","06-20"," 37.8156","-112.4389","2026.0","PANGUITCH, UT US","06","20","99","    61.5"," ","R","19","    83.2"," ","R","19","    39.8"," ","R","22","    43.4"," ","R","19","     5.3"," ","R","19","     6.9"," ","R","19","     5.7"," ","R","22","     6.7"," ","R","19","     4.2"," ","R","19","     0.0","X","R","19","     0.0","X","R","19","     0.1"," ","R","19","     0.3"," ","R","19","     0.7"," ","R","19","     1.5"," ","R","19","     0.7"," ","R","19","    21.5"," ","R","19","    16.5"," ","R","19","    11.6"," ","R","19","     6.9"," ","R","19","     5.2"," ","R","19","     3.0"," ","R","19","     0.0","X","R","19","     0.0"," ","R","19","     0.7"," ","R","19","    21.5"," ","R","19","    16.5"," ","R","19","    11.6"," ","R","19","     6.9"," ","R","19","     5.2"," ","R","19","     3.0"," ","R","19","     0.0","X","R","19","     0.0"," ","R","19","    17.0"," ","R","19","    16.0"," ","R","19","    11.4"," ","P","23","     4.9"," ","P","23","     2.0"," ","P","23","     1.0"," ","P","23","     0.0"," ","P","23","     0.0"," ","P","23","     0.0"," ","P","23","     0.0"," ","P","23","    0.03"," ","P"," 0","    0.07"," ","P"," 0","    0.16"," ","P"," 0","    0.29"," ","R","21","    3.47"," ","R","21","     0.1"," ","P","22","     0.0"," ","P","22","     0.0"," ","P","22","     0.0"," ","P","22","     0.0"," ","P","22","     0.0"," ","P","22","     0.0"," ","P","22","     0.0"," ","P","22"," -9999.0","Y"," "," 0"," -9999.0","Y"," "," 0"," -9999.0","Y"," "," 0","     0.0"," ","P","20","    18.4"," ","P","20"
"USC00426601","06-21"," 37.8156","-112.4389","2026.0","PANGUITCH, UT US","06","21","99","    61.8"," ","R","19","    83.5"," ","R","19","    40.1"," ","R","22","    43.3"," ","R","19","     5.3"," ","R","19","     6.8"," ","R","19","     5.7"," ","R","22","     6.7"," ","R","19","     3.9"," ","R","19","     0.0","X","R","19","     0.0","X","R","19","     0.1"," ","R","19","     0.3"," ","R","19","     0.6"," ","R","19","     1.4"," ","R","19","     0.7"," ","R","19","    21.8"," ","R","19","    16.8"," ","R","19","    11.9"," ","R","19","     7.1"," ","R","19","     5.4"," ","R","19","     3.2"," ","R","19","     0.0","X","R","19","     0.0"," ","R","19","     0.7"," ","R","19","    21.8"," ","R","19","    16.8"," ","R","19","    11.9"," ","R","19","     7.1"," ","R","19","     5.4"," ","R","19","     3.2"," ","R","19","     0.0","X","R","19","     0.0"," ","R","19","    17.1"," ","R","19","    16.1"," ","R","19","    11.5"," ","P","23","     4.9"," ","P","23","     2.1"," ","P","23","     1.0"," ","P","23","     0.0"," ","P","23","     0.0"," ","P","23","     0.0"," ","P","23","     0.0"," ","P","23","    0.03"," ","P"," 0","    0.07"," ","P"," 0","    0.16"," ","P"," 0","    0.30"," ","R","21","    3.48"," ","R","21","     0.1"," ","P","22","     0.0"," ","P","22","     0.0"," ","P","22","     0.0"," ","P","22","     0.0"," ","P","22","     0.0"," ","P","22","     0.0"," ","P","22","     0.0"," ","P","22"," -9999.0","Y"," "," 0"," -9999.0","Y"," "," 0"," -9999.0","Y"," "," 0","     0.0"," ","P","20","    18.4"," ","P","20"
"USC00426601","06-22"," 37.8156","-112.4389","2026.0","PANGUITCH, UT US","06","22","99","    62.1"," ","R","19","    83.7"," ","R","19","    40.5"," ","R","22","    43.3"," ","R","19","     5.2"," ","R","19","     6.8"," ","R","19","     5.7"," ","R","22","     6.7"," ","R","19","     3.7"," ","R","19","     0.0","X","R","19","     0.0","X","R","19","     0.1"," ","R","19","     0.3"," ","R","19","     0.6"," ","R","19","     1.3"," ","R","19","     0.8"," ","R","19","    22.1"," ","R","19","    17.1"," ","R","19","    12.2"," ","R","19","     7.4"," ","R","19","     5.6"," ","R","19","     3.4"," ","R","19","     0.0","X","R","19","     0.0"," ","R","19","     0.8"," ","R","19","    22.1"," ","R","19","    17.1"," ","R","19","    12.2"," ","R","19","     7.4"," ","R","19","     5.6"," ","R","19","     3.4"," ","R","19","     0.0","X","R","19","     0.0"," ","R","19","    17.2"," ","R","19","    16.1"," ","R","19","    11.6"," ","P","23","     5.0"," ","P","23","     2.1"," ","P","23","     1.0"," ","P","23","     0.0"," ","P","23","     0.0"," ","P","23","     0.0"," ","P","23","     0.0"," ","P","23","    0.03"," ","P"," 0","    0.07"," ","P"," 0","    0.16"," ","P"," 0","    0.31"," ","R","21","    3.49"," ","R","21","     0.1"," ","P","22","     0.0"," ","P","22","     0.0"," ","P","22","     0.0"," ","P","22","     0.0"," ","P","22","     0.0"," ","P","22","     0.0"," ","P","22","     0.0"," ","P","22"," -9999.0","Y"," "," 0"," -9999.0","Y"," "," 0"," -9999.0","Y"," "," 0","     0.0"," ","P","20","    18.4"," ","P","20"
"USC00426601","06-23"," 37.8156","-112.4389","2026.0","PANGUITCH, UT US","06","23","99","    62.4"," ","R","19","    84.0"," ","R","19","    40.8"," ","R","22","    43.2"," ","R","19","     5.2"," ","R","19","     6.7"," ","R","19","     5.7"," ","R","22","     6.7"," ","R","19","     3.6"," ","R","19","     0.0","X","R","19","     0.0","X","R","19","     0.1"," ","R","19","     0.3"," ","R","19","     0.5"," ","R","19","     1.2"," ","R","19","     0.9"," ","R","19","    22.4"," ","R","19","    17.4"," ","R","19","    12.4"," ","R","19","     7.6"," ","R","19","     5.9"," ","R","19","     3.6"," ","R","19","     0.0","X","R","19","     0.0","X","R","19","     0.9"," ","R","19","    22.4"," ","R","19","    17.4"," ","R","19","    12.4"," ","R","19","     7.6"," ","R","19","     5.9"," ","R","19","     3.6"," ","R","19","     0.0","X","R","19","     0.0","X","R","19","    17.3"," ","R","19","    16.2"," ","R","19","    11.8"," ","P","23","     5.0"," ","P","23","     2.2"," ","P","23","     1.0"," ","P","23","     0.0"," ","P","23","     0.0"," ","P","23","     0.0"," ","P","23","     0.0"," ","P","23","    0.03"," ","P"," 0","    0.07"," ","P"," 0","    0.16"," ","P"," 0","    0.32"," ","R","21","    3.50"," ","R","21","     0.1"," ","P","22","     0.0"," ","P","22","     0.0"," ","P","22","     0.0"," ","P","22","     0.0"," ","P","22","     0.0"," ","P","22","     0.0"," ","P","22","     0.0"," ","P","22"," -9999.0","Y"," "," 0"," -9999.0","Y"," "," 0"," -9999.0","Y"," "," 0","     0.0"," ","P","20","    18.4"," ","P","20"
"USC00426601","06-24"," 37.8156","-112.4389","2026.0","PANGUITCH, UT US","06","24","99","    62.6"," ","R","19","    84.2"," ","R","19","    41.1"," ","R","22","    43.1"," ","R","19","     5.2"," ","R","19","     6.6"," ","R","19","     5.7"," ","R","22","     6.7"," ","R","19","     3.4"," ","R","19","     0.0","X","R","19","     0.0","X","R","19","     0.1"," ","R","19","     0.2"," ","R","19","     0.5"," ","R","19","     1.1"," ","R","19","     1.0"," ","R","19","    22.6"," ","R","19","    17.6"," ","R","19","    12.7"," ","R","19","     7.9"," ","R","19","     6.1"," ","R","19","     3.8"," ","R","19","     0.1"," ","R","19","     0.0","X","R","19","     1.0"," ","R","19","    22.6"," ","R","19","    17.6"," ","R","19","    12.7"," ","R","19","     7.9"," ","R","19","     6.1"," ","R","19","     3.8"," ","R","19","     0.1"," ","R","19","     0.0","X","R","19","    17.4"," ","R","19","    16.3"," ","R","19","    12.1"," ","P","23","     5.1"," ","P","23","     2.3"," ","P","23","     1.0"," ","P","23","     0.0"," ","P","23","     0.0"," ","P","23","     0.0"," ","P","23","     0.0"," ","P","23","    0.03"," ","P","23","    0.07"," ","P","23","    0.16"," ","P","23","    0.34"," ","R","21","    3.52"," ","R","21","     0.1"," ","P","22","     0.0"," ","P","22","     0.0"," ","P","22","     0.0"," ","P","22","     0.0"," ","P","22","     0.0"," ","P","22","     0.0"," ","P","22","     0.0"," ","P","22"," -9999.0","Y"," "," 0"," -9999.0","Y"," "," 0"," -9999.0","Y"," "," 0","     0.0"," ","P","20","    18.4"," ","P","20"
"USC00426601","06-25"," 37.8156","-112.4389","2026.0","PANGUITCH, UT US","06","25","99","    62.9"," ","R","19","    84.4"," ","R","19","    41.4"," ","R","22","    43.0"," ","R","19","     5.1"," ","R","19","     6.5"," ","R","19","     5.8"," ","R","22","     6.7"," ","R","19","     3.2"," ","R","19","     0.0","X","R","19","     0.0","X","R","19","     0.0","X","R","19","     0.2"," ","R","19","     0.4"," ","R","19","     1.1"," ","R","19","     1.2"," ","R","19","    22.9"," ","R","19","    17.9"," ","R","19","    12.9"," ","R","19","     8.1"," ","R","19","     6.3"," ","R","19","     4.0"," ","R","19","     0.1"," ","R","19","     0.0","X","R","19","     1.2"," ","R","19","    22.9"," ","R","19","    17.9"," ","R","19","    12.9"," ","R","19","     8.1"," ","R","19","     6.3"," ","R","19","     4.0"," ","R","19","     0.1"," ","R","19","     0.0","X","R","19","    17.5"," ","R","19","    16.4"," ","R","19","    12.4"," ","P","23","     5.2"," ","P","23","     2.3"," ","P","23","     1.0"," ","P","23","     0.0"," ","P","23","     0.0"," ","P","23","     0.0"," ","P","23","     0.0"," ","P","23","    0.03"," ","P","23","    0.07"," ","P","23","    0.16"," ","P","23","    0.35"," ","R","21","    3.53"," ","R","21","     0.1"," ","P","22","     0.0"," ","P","22","     0.0"," ","P","22","     0.0"," ","P","22","     0.0"," ","P","22","     0.0"," ","P","22","     0.0"," ","P","22","     0.0"," ","P","22"," -9999.0","Y"," "," 0"," -9999.0","Y"," "," 0"," -9999.0","Y"," "," 0","     0.0"," ","P","20","    18.4"," ","P","20"
"USC00426601","06-26"," 37.8156","-112.4389","2026.0","PANGUITCH, UT US","06","26","99","    63.2"," ","R","19","    84.6"," ","R","19","    41.7"," ","R","22","    42.9"," ","R","19","     5.1"," ","R","19","     6.5"," ","R","19","     5.8"," ","R","22","     6.7"," ","R","19","     3.1"," ","R","19","     0.0","X","R","19","     0.0","X","R","19","     0.0","X","R","19","     0.2"," ","R","19","     0.4"," ","R","19","     1.0"," ","R","19","     1.2"," ","R","19","    23.2"," ","R","19","    18.2"," ","R","19","    13.2"," ","R","19","     8.3"," ","R","19","     6.6"," ","R","19","     4.1"," ","R","19","     0.1"," ","R","19","     0.0","X","R","19","     1.2"," ","R","19","    23.2"," ","R","19","    18.2"," ","R","19","    13.2"," ","R","19","     8.3"," ","R","19","     6.6"," ","R","19","     4.1"," ","R","19","     0.1"," ","R","19","     0.0","X","R","19","    17.6"," ","R","19","    16.5"," ","R","19","    12.7"," ","P","23","     5.3"," ","P","23","     2.4"," ","P","23","     1.0"," ","P","23","     0.0"," ","P","23","     0.0"," ","P","23","     0.0"," ","P","23","     0.0"," ","P","23","    0.03"," ","P","23","    0.07"," ","P","23","    0.16"," ","P","23","    0.36"," ","R","21","    3.54"," ","R","21","     0.1"," ","P","22","     0.0"," ","P","22","     0.0"," ","P","22","     0.0"," ","P","22","     0.0"," ","P","22","     0.0"," ","P","22","     0.0"," ","P","22","     0.0"," ","P","22"," -9999.0","Y"," "," 0"," -9999.0","Y"," "," 0"," -9999.0","Y"," "," 0","     0.0"," ","P","20","    18.4"," ","P","20"
"USC00426601","06-27"," 37.8156","-112.4389","2026.0","PANGUITCH, UT US","06","27","99","    63.4"," ","R","19","    84.8"," ","R","19","    42.1"," ","R","22","    42.7"," ","R","19","     5.0"," ","R","19","     6.4"," ","R","19","     5.8"," ","R","22","     6.7"," ","R","19","     2.9"," ","R","19","     0.0"," ","R","19","     0.0"," ","R","19","     0.0","X","R","19","     0.2"," ","R","19","     0.3"," ","R","19","     0.9"," ","R","19","     1.3"," ","R","19","    23.4"," ","R","19","    18.4"," ","R","19","    13.5"," ","R","19","     8.6"," ","R","19","     6.8"," ","R","19","     4.3"," ","R","19","     0.2"," ","R","19","     0.0","X","R","19","     1.3"," ","R","19","    23.4"," ","R","19","    18.4"," ","R","19","    13.5"," ","R","19","     8.6"," ","R","19","     6.8"," ","R","19","     4.3"," ","R","19","     0.2"," ","R","19","     0.0","X","R","19","    17.7"," ","R","19","    16.6"," ","R","19","    13.1"," ","P","23","     5.5"," ","P","23","     2.6"," ","P","23","     1.0"," ","P","23","     0.0"," ","P","23","     0.0"," ","P","23","     0.0"," ","P","23","     0.0"," ","P","23","    0.03"," ","P","23","    0.07"," ","P","23","    0.16"," ","P","23","    0.38"," ","R","21","    3.56"," ","R","21","     0.1"," ","P","22","     0.0"," ","P","22","     0.0"," ","P","22","     0.0"," ","P","22","     0.0"," ","P","22","     0.0"," ","P","22","     0.0"," ","P","22","     0.0"," ","P","22"," -9999.0","Y"," "," 0"," -9999.0","Y"," "," 0"," -9999.0","Y"," "," 0","     0.0"," ","P","20","    18.4"," ","P","20"
"USC00426601","06-28"," 37.8156","-112.4389","2026.0","PANGUITCH, UT US","06","28","99","    63.7"," ","R","19","    85.0"," ","R","19","    42.4"," ","R","22","    42.6"," ","R","19","     4.9"," ","R","19","     6.3"," ","R","19","     5.8"," ","R","22","     6.7"," ","R","19","     2.7"," ","R","19","     0.0"," ","R","19","     0.0"," ","R","19","     0.0","X","R","19","     0.1"," ","R","19","     0.3"," ","R","19","     0.8"," ","R","19","     1.4"," ","R","19","    23.7"," ","R","19","    18.7"," ","R","19","    13.7"," ","R","19","     8.8"," ","R","19","     7.0"," ","R","19","     4.5"," ","R","19","     0.2"," ","R","19","     0.0","X","R","19","     1.4"," ","R","19","    23.7"," ","R","19","    18.7"," ","R","19","    13.7"," ","R","19","     8.8"," ","R","19","     7.0"," ","R","19","     4.5"," ","R","19","     0.2"," ","R","19","     0.0","X","R","19","    17.8"," ","R","19","    16.6"," ","R","19","    13.5"," ","P","23","     5.7"," ","P","23","     2.7"," ","P","23","     1.0"," ","P","23","     0.0"," ","P","23","     0.0"," ","P","23","     0.0"," ","P","23","     0.0"," ","P","23","    0.03"," ","P","23","    0.07"," ","P","23","    0.16"," ","P","23","    0.39"," ","R","21","    3.57"," ","R","21","     0.1"," ","P","22","     0.0"," ","P","22","     0.0"," ","P","22","     0.0"," ","P","22","     0.0"," ","P","22","     0.0"," ","P","22","     0.0"," ","P","22","     0.0"," ","P","22"," -9999.0","Y"," "," 0"," -9999.0","Y"," "," 0"," -9999.0","Y"," "," 0","     0.0"," ","P","20","    18.4"," ","P","20"
"USC00426601","06-29"," 37.8156","-112.4389","2026.0","PANGUITCH, UT US","06","29","99","    64.0"," ","R","19","    85.2"," ","R","19","    42.7"," ","R","22","    42.4"," ","R","19","     4.9"," ","R","19","     6.2"," ","R","19","     5.8"," ","R","22","     6.7"," ","R","19","     2.6"," ","R","19","     0.0"," ","R","19","     0.0"," ","R","19","     0.0","X","R","19","     0.1"," ","R","19","     0.3"," ","R","19","     0.7"," ","R","19","     1.5"," ","R","19","    23.9"," ","R","19","    18.9"," ","R","19","    14.0"," ","R","19","     9.1"," ","R","19","     7.2"," ","R","19","     4.7"," ","R","19","     0.2"," ","R","19","     0.0","X","R","19","     1.5"," ","R","19","    23.9"," ","R","19","    18.9"," ","R","19","    14.0"," ","R","19","     9.1"," ","R","19","     7.2"," ","R","19","     4.7"," ","R","19","     0.2"," ","R","19","     0.0","X","R","19","    17.9"," ","R","19","    16.7"," ","R","19","    13.9"," ","P","23","     5.9"," ","P","23","     2.8"," ","P","23","     1.0"," ","P","23","     0.0"," ","P","23","     0.0"," ","P","23","     0.0"," ","P","23","     0.0"," ","P","23","    0.03"," ","P","23","    0.07"," ","P","23","    0.17"," ","P","23","    0.41"," ","R","21","    3.59"," ","R","21","     0.1"," ","P","22","     0.0"," ","P","22","     0.0"," ","P","22","     0.0"," ","P","22","     0.0"," ","P","22","     0.0"," ","P","22","     0.0"," ","P","22","     0.0"," ","P","22"," -9999.0","Y"," "," 0"," -9999.0","Y"," "," 0"," -9999.0","Y"," "," 0","     0.0"," ","P","20","    18.4"," ","P","20"
"USC00426601","06-30"," 37.8156","-112.4389","2026.0","PANGUITCH, UT US","06","30","99","    64.2"," ","R","19","    85.3"," ","R","19","    43.1"," ","R","22","    42.3"," ","R","19","     4.8"," ","R","19","     6.2"," ","R","19","     5.8"," ","R","22","     6.7"," ","R","19","     2.4"," ","R","19","     0.0"," ","R","19","     0.0"," ","R","19","     0.0","X","R","19","     0.1"," ","R","19","     0.2"," ","R","19","     0.7"," ","R","19","     1.6"," ","R","19","    24.2"," ","R","19","    19.2"," ","R","19","    14.2"," ","R","19","     9.3"," ","R","19","     7.4"," ","R","19","     4.8"," ","R","19","     0.2"," ","R","19","     0.1"," ","R","19","     1.6"," ","R","19","    24.2"," ","R","19","    19.2"," ","R","19","    14.2"," ","R","19","     9.3"," ","R","19","     7.4"," ","R","19","     4.8"," ","R","19","     0.2"," ","R","19","     0.1"," ","R","19","    18.0"," ","R","19","    16.8"," ","R","19","    14.4"," ","P","23","     6.2"," ","P","23","     2.9"," ","P","23","     1.0"," ","P","23","     0.0"," ","P","23","     0.0"," ","P","23","     0.0"," ","P","23","     0.0"," ","P","23","    0.03"," ","P","23","    0.07"," ","P","23","    0.17"," ","P","23","    0.42"," ","R","21","    3.60"," ","R","21","     0.1"," ","P","22","     0.0"," ","P","22","     0.0"," ","P","22","     0.0"," ","P","22","     0.0"," ","P","22","     0.0"," ","P","22","     0.0"," ","P","22","     0.0"," ","P","22"," -9999.0","Y"," "," 0"," -9999.0","Y"," "," 0"," -9999.0","Y"," "," 0","     0.0"," ","P","20","    18.4"," ","P","20"
"USC00426601","07-01"," 37.8156","-112.4389","2026.0","PANGUITCH, UT US","07","01","99","    64.4"," ","R","20","    85.5"," ","R","20","    43.4"," ","S","24","    42.1"," ","R","20","     4.8"," ","R","20","     6.1"," ","R","20","     5.7"," ","S","24","     6.8"," ","R","20","     2.3"," ","R","20","     0.0"," ","R","20","     0.0"," ","R","20","     0.0","X","R","20","     0.1"," ","R","20","     0.2"," ","R","20","     0.6"," ","R","20","     1.7"," ","R","20","    24.4"," ","R","20","    19.4"," ","R","20","    14.5"," ","R","20","     9.5"," ","R","20","     7.6"," ","R","20","     5.0"," ","R","20","     0.2"," ","R","20","     0.1"," ","R","20","     1.7"," ","R","20","    24.4"," ","R","20","    19.4"," ","R","20","    14.5"," ","R","20","     9.5"," ","R","20","     7.6"," ","R","20","     5.0"," ","R","20","     0.2"," ","R","20","     0.1"," ","R","20","    18.1"," ","R","20","    16.9"," ","R","20","    14.9"," ","P","23","     6.4"," ","P","23","     3.1"," ","P","23","     1.1"," ","P","23","     0.0"," ","P","23","     0.0"," ","P","23","     0.0"," ","P","23","     0.0"," ","P","23","    0.03"," ","P","23","    0.07"," ","P","23","    0.17"," ","P","23","    0.02"," ","R","20","    3.62"," ","R","20","     0.0"," ","P","22","     0.0"," ","P","22","     0.0"," ","P","22","     0.0"," ","P","22","     0.0"," ","P","22","     0.0"," ","P","22","     0.0"," ","P","22","     0.0"," ","P","22"," -9999.0","M"," "," 0"," -9999.0","M"," "," 0"," -9999.0","M"," "," 0","     0.0"," ","P","23","    18.4"," ","P","23"
"USC00426601","07-02"," 37.8156","-112.4389","2026.0","PANGUITCH, UT US","07","02","99","    64.7"," ","R","20","    85.6"," ","R","20","    43.7"," ","S","24","    41.9"," ","R","20","     4.7"," ","R","20","     6.1"," ","R","20","     5.7"," ","S","24","     6.8"," ","R","20","     2.1"," ","R","20","     0.0"," ","R","20","     0.0"," ","R","20","     0.0","X","R","20","     0.1"," ","R","20","     0.2"," ","R","20","     0.5"," ","R","20","     1.8"," ","R","20","    24.7"," ","R","20","    19.7"," ","R","20","    14.7"," ","R","20","     9.8"," ","R","20","     7.9"," ","R","20","     5.2"," ","R","20","     0.3"," ","R","20","     0.1"," ","R","20","     1.8"," ","R","20","    24.7"," ","R","20","    19.7"," ","R","20","    14.7"," ","R","20","     9.8"," ","R","20","     7.9"," ","R","20","     5.2"," ","R","20","     0.3"," ","R","20","     0.1"," ","R","20","    18.2"," ","R","20","    17.0"," ","R","20","    15.6"," ","P","22","     6.8"," ","P","22","     3.3"," ","P","22","     1.1"," ","P","22","     0.0"," ","P","22","     0.0"," ","P","22","     0.0"," ","P","22","     0.0"," ","P","22","    0.03"," ","P","22","    0.07"," ","P","22","    0.18"," ","P","22","    0.05"," ","R","20","    3.65"," ","R","20","     0.0"," ","P","22","     0.0"," ","P","22","     0.0"," ","P","22","     0.0"," ","P","22","     0.0"," ","P","22","     0.0"," ","P","22","     0.0"," ","P","22","     0.0"," ","P","22"," -9999.0","M"," "," 0"," -9999.0","M"," "," 0"," -9999.0","M"," "," 0","     0.0"," ","P","23","    18.4"," ","P","23"
"USC00426601","07-03"," 37.8156","-112.4389","2026.0","PANGUITCH, UT US","07","03","99","    64.9"," ","R","20","    85.8"," ","R","20","    44.0"," ","S","24","    41.7"," ","R","20","     4.7"," ","R","20","     6.0"," ","R","20","     5.7"," ","S","24","     6.9"," ","R","20","     2.0"," ","R","20","     0.0"," ","R","20","     0.0"," ","R","20","     0.0","X","R","20","     0.1"," ","R","20","     0.2"," ","R","20","     0.5"," ","R","20","     1.8"," ","R","20","    24.9"," ","R","20","    19.9"," ","R","20","    14.9"," ","R","20","    10.0"," ","R","20","     8.1"," ","R","20","     5.4"," ","R","20","     0.3"," ","R","20","     0.1"," ","R","20","     1.8"," ","R","20","    24.9"," ","R","20","    19.9"," ","R","20","    14.9"," ","R","20","    10.0"," ","R","20","     8.1"," ","R","20","     5.4"," ","R","20","     0.3"," ","R","20","     0.1"," ","R","20","    18.3"," ","R","20","    17.1"," ","R","20","    16.2"," ","P","22","     7.1"," ","P","22","     3.5"," ","P","22","     1.2"," ","P","22","     0.0"," ","P","22","     0.0"," ","P","22","     0.0"," ","P","22","     0.0"," ","P","22","    0.03"," ","P","22","    0.07"," ","P","22","    0.18"," ","P","22","    0.08"," ","R","20","    3.68"," ","R","20","     0.0"," ","P","22","     0.0"," ","P","22","     0.0"," ","P","22","     0.0"," ","P","22","     0.0"," ","P","22","     0.0"," ","P","22","     0.0"," ","P","22","     0.0"," ","P","22"," -9999.0","M"," "," 0"," -9999.0","M"," "," 0"," -9999.0","M"," "," 0","     0.0"," ","P","23","    18.4"," ","P","23"
"USC00426601","07-04"," 37.8156","-112.4389","2026.0","PANGUITCH, UT US","07","04","99","    65.1"," ","R","20","    85.9"," ","R","20","    44.3"," ","S","24","    41.5"," ","R","20","     4.6"," ","R","20","     6.0"," ","R","20","     5.7"," ","S","24","     6.9"," ","R","20","     1.8"," ","R","20","     0.0"," ","R","20","     0.0"," ","R","20","     0.0","X","R","20","     0.1"," ","R","20","     0.1"," ","R","20","     0.4"," ","R","20","     1.9"," ","R","20","    25.1"," ","R","20","    20.1"," ","R","20","    15.1"," ","R","20","    10.2"," ","R","20","     8.2"," ","R","20","     5.5"," ","R","20","     0.3"," ","R","20","     0.1"," ","R","20","     1.9"," ","R","20","    25.1"," ","R","20","    20.1"," ","R","20","    15.1"," ","R","20","    10.2"," ","R","20","     8.2"," ","R","20","     5.5"," ","R","20","     0.3"," ","R","20","     0.1"," ","R","20","    18.4"," ","R","20","    17.1"," ","R","20","    16.8"," ","P","22","     7.5"," ","P","22","     3.7"," ","P","22","     1.2"," ","P","22","     0.0"," ","P","22","     0.0"," ","P","22","     0.0"," ","P","22","     0.0"," ","P","22","    0.03"," ","P","22","    0.08"," ","P","22","    0.18"," ","P","22","    0.10"," ","R","20","    3.70"," ","R","20","     0.0"," ","P","22","     0.0"," ","P","22","     0.0"," ","P","22","     0.0"," ","P","22","     0.0"," ","P","22","     0.0"," ","P","22","     0.0"," ","P","22","     0.0"," ","P","22"," -9999.0","M"," "," 0"," -9999.0","M"," "," 0"," -9999.0","M"," "," 0","     0.0"," ","P","23","    18.4"," ","P","23"
"USC00426601","07-05"," 37.8156","-112.4389","2026.0","PANGUITCH, UT US","07","05","99","    65.3"," ","R","20","    86.0"," ","R","20","    44.6"," ","S","24","    41.3"," ","R","20","     4.6"," ","R","20","     6.0"," ","R","20","     5.7"," ","S","24","     7.0"," ","R","20","     1.7"," ","R","20","     0.0"," ","R","20","     0.0"," ","R","20","     0.0","X","R","20","     0.1"," ","R","20","     0.1"," ","R","20","     0.4"," ","R","20","     2.0"," ","R","20","    25.3"," ","R","20","    20.3"," ","R","20","    15.3"," ","R","20","    10.4"," ","R","20","     8.4"," ","R","20","     5.7"," ","R","20","     0.3"," ","R","20","     0.1"," ","R","20","     2.0"," ","R","20","    25.3"," ","R","20","    20.3"," ","R","20","    15.3"," ","R","20","    10.4"," ","R","20","     8.4"," ","R","20","     5.7"," ","R","20","     0.3"," ","R","20","     0.1"," ","R","20","    18.4"," ","R","20","    17.2"," ","R","20","    17.5"," ","P","22","     7.9"," ","P","22","     3.8"," ","P","22","     1.3"," ","P","22","     0.1"," ","P","22","     0.0"," ","P","22","     0.0"," ","P","22","     0.0"," ","P","22","    0.03"," ","P","22","    0.08"," ","P","22","    0.18"," ","P","22","    0.13"," ","R","20","    3.73"," ","R","20","     0.0"," ","P","22","     0.0"," ","P","22","     0.0"," ","P","22","     0.0"," ","P","22","     0.0"," ","P","22","     0.0"," ","P","22","     0.0"," ","P","22","     0.0"," ","P","22"," -9999.0","M"," "," 0"," -9999.0","M"," "," 0"," -9999.0","M"," "," 0","     0.0"," ","P","23","    18.4"," ","P","23"
"USC00426601","07-06"," 37.8156","-112.4389","2026.0","PANGUITCH, UT US","07","06","99","    65.5"," ","R","20","    86.1"," ","R","20","    44.9"," ","S","24","    41.1"," ","R","20","     4.5"," ","R","20","     5.9"," ","R","20","     5.7"," ","S","24","     7.0"," ","R","20","     1.6"," ","R","20","     0.0"," ","R","20","     0.0"," ","R","20","     0.0","X","R","20","     0.1"," ","R","20","     0.1"," ","R","20","     0.3"," ","R","20","     2.1"," ","R","20","    25.5"," ","R","20","    20.5"," ","R","20","    15.5"," ","R","20","    10.6"," ","R","20","     8.6"," ","R","20","     5.8"," ","R","20","     0.3"," ","R","20","     0.1"," ","R","20","     2.1"," ","R","20","    25.5"," ","R","20","    20.5"," ","R","20","    15.5"," ","R","20","    10.6"," ","R","20","     8.6"," ","R","20","     5.8"," ","R","20","     0.3"," ","R","20","     0.1"," ","R","20","    18.5"," ","R","20","    17.2"," ","R","20","    18.1"," ","P","22","     8.3"," ","P","22","     4.0"," ","P","22","     1.3"," ","P","22","     0.1"," ","P","22","     0.0"," ","P","22","     0.0"," ","P","22","     0.0"," ","P","22","    0.03"," ","P","22","    0.08"," ","P","22","    0.19"," ","P","22","    0.15"," ","R","20","    3.75"," ","R","20","     0.0"," ","P","23","     0.0"," ","P","23","     0.0"," ","P","23","     0.0"," ","P","23","     0.0"," ","P","23","     0.0"," ","P","23","     0.0"," ","P","23","     0.0"," ","P","23"," -9999.0","M"," "," 0"," -9999.0","M"," "," 0"," -9999.0","M"," "," 0","     0.0"," ","P","23","    18.4"," ","P","23"
"USC00426601","07-07"," 37.8156","-112.4389","2026.0","PANGUITCH, UT US","07","07","99","    65.7"," ","R","20","    86.2"," ","R","20","    45.2"," ","S","24","    40.9"," ","R","20","     4.5"," ","R","20","     5.9"," ","R","20","     5.7"," ","S","24","     7.0"," ","R","20","     1.5"," ","R","20","     0.0"," ","R","20","     0.0"," ","R","20","     0.0","X","R","20","     0.0","X","R","20","     0.1"," ","R","20","     0.3"," ","R","20","     2.1"," ","R","20","    25.7"," ","R","20","    20.7"," ","R","20","    15.7"," ","R","20","    10.7"," ","R","20","     8.8"," ","R","20","     6.0"," ","R","20","     0.3"," ","R","20","     0.1"," ","R","20","     2.1"," ","R","20","    25.7"," ","R","20","    20.7"," ","R","20","    15.7"," ","R","20","    10.7"," ","R","20","     8.8"," ","R","20","     6.0"," ","R","20","     0.3"," ","R","20","     0.1"," ","R","20","    18.5"," ","R","20","    17.3"," ","R","20","    18.8"," ","P","22","     8.7"," ","P","22","     4.3"," ","P","22","     1.4"," ","P","22","     0.1"," ","P","22","     0.0"," ","P","22","     0.0"," ","P","22","     0.0"," ","P","22","    0.03"," ","P","22","    0.08"," ","P","22","    0.19"," ","P","22","    0.18"," ","R","20","    3.78"," ","R","20","     0.0"," ","P","23","     0.0"," ","P","23","     0.0"," ","P","23","     0.0"," ","P","23","     0.0"," ","P","23","     0.0"," ","P","23","     0.0"," ","P","23","     0.0"," ","P","23"," -9999.0","M"," "," 0"," -9999.0","M"," "," 0"," -9999.0","M"," "," 0","     0.0"," ","P","23","    18.4"," ","P","23"
"USC00426601","07-08"," 37.8156","-112.4389","2026.0","PANGUITCH, UT US","07","08","99","    65.9"," ","R","20","    86.2"," ","R","20","    45.5"," ","S","24","    40.7"," ","R","20","     4.4"," ","R","20","     5.8"," ","R","20","     5.6"," ","S","24","     7.1"," ","R","20","     1.3"," ","R","20","     0.0"," ","R","20","     0.0"," ","R","20","     0.0","X","R","20","     0.0","X","R","20","     0.1"," ","R","20","     0.2"," ","R","20","     2.2"," ","R","20","    25.9"," ","R","20","    20.9"," ","R","20","    15.9"," ","R","20","    10.9"," ","R","20","     8.9"," ","R","20","     6.1"," ","R","20","     0.4"," ","R","20","     0.1"," ","R","20","     2.2"," ","R","20","    25.9"," ","R","20","    20.9"," ","R","20","    15.9"," ","R","20","    10.9"," ","R","20","     8.9"," ","R","20","     6.1"," ","R","20","     0.4"," ","R","20","     0.1"," ","R","20","    18.6"," ","R","20","    17.4"," ","R","20","    19.4"," ","P","22","     9.1"," ","P","22","     4.5"," ","P","22","     1.4"," ","P","22","     0.1"," ","P","22","     0.0"," ","P","22","     0.0"," ","P","22","     0.0"," ","P","22","    0.03"," ","P","22","    0.08"," ","P","22","    0.19"," ","P","22","    0.21"," ","R","20","    3.81"," ","R","20","     0.0"," ","P","23","     0.0"," ","P","23","     0.0"," ","P","23","     0.0"," ","P","23","     0.0"," ","P","23","     0.0"," ","P","23","     0.0"," ","P","23","     0.0"," ","P","23"," -9999.0","M"," "," 0"," -9999.0","M"," "," 0"," -9999.0","M"," "," 0","     0.0"," ","P","23","    18.4"," ","P","23"
"USC00426601","07-09"," 37.8156","-112.4389","2026.0","PANGUITCH, UT US","07","09","99","    66.0"," ","R","20","    86.3"," ","R","20","    45.8"," ","S","24","    40.5"," ","R","20","     4.4"," ","R","20","     5.8"," ","R","20","     5.6"," ","S","24","     7.1"," ","R","20","     1.2"," ","R","20","     0.0"," ","R","20","     0.0"," ","R","20","     0.0","X","R","20","     0.0","X","R","20","     0.0","X","R","20","     0.2"," ","R","20","     2.2"," ","R","20","    26.0"," ","R","20","    21.0"," ","R","20","    16.0"," ","R","20","    11.0"," ","R","20","     9.1"," ","R","20","     6.2"," ","R","20","     0.4"," ","R","20","     0.1"," ","R","20","     2.2"," ","R","20","    26.0"," ","R","20","    21.0"," ","R","20","    16.0"," ","R","20","    11.0"," ","R","20","     9.1"," ","R","20","     6.2"," ","R","20","     0.4"," ","R","20","     0.1"," ","R","20","    18.7"," ","R","20","    17.4"," ","R","20","    20.1"," ","P","22","     9.5"," ","P","22","     4.7"," ","P","22","     1.5"," ","P","22","     0.1"," ","P","22","     0.0"," ","P","22","     0.0"," ","P","22","     0.0"," ","P","22","    0.03"," ","P","22","    0.08"," ","P","22","    0.20"," ","P","22","    0.24"," ","R","20","    3.84"," ","R","20","     0.0"," ","P","23","     0.0"," ","P","23","     0.0"," ","P","23","     0.0"," ","P","23","     0.0"," ","P","23","     0.0"," ","P","23","     0.0"," ","P","23","     0.0"," ","P","23"," -9999.0","M"," "," 0"," -9999.0","M"," "," 0"," -9999.0","M"," "," 0","     0.0"," ","P","23","    18.4"," ","P","23"
"USC00426601","07-10"," 37.8156","-112.4389","2026.0","PANGUITCH, UT US","07","10","99","    66.2"," ","R","20","    86.4"," ","R","20","    46.0"," ","S","24","    40.3"," ","R","20","     4.3"," ","R","20","     5.8"," ","R","20","     5.6"," ","S","24","     7.2"," ","R","20","     1.1"," ","R","20","     0.0"," ","R","20","     0.0"," ","R","20","     0.0"," ","R","20","     0.0","X","R","20","     0.0","X","R","20","     0.1"," ","R","20","     2.3"," ","R","20","    26.2"," ","R","20","    21.2"," ","R","20","    16.2"," ","R","20","    11.2"," ","R","20","     9.2"," ","R","20","     6.3"," ","R","20","     0.4"," ","R","20","     0.1"," ","R","20","     2.3"," ","R","20","    26.2"," ","R","20","    21.2"," ","R","20","    16.2"," ","R","20","    11.2"," ","R","20","     9.2"," ","R","20","     6.3"," ","R","20","     0.4"," ","R","20","     0.1"," ","R","20","    18.8"," ","R","20","    17.5"," ","R","20","    20.7"," ","P","22","     9.9"," ","P","22","     4.9"," ","P","22","     1.5"," ","P","22","     0.1"," ","P","22","     0.0"," ","P","22","     0.0"," ","P","22","     0.0"," ","P","22","    0.03"," ","P","22","    0.08"," ","P","22","    0.20"," ","P","22","    0.27"," ","R","20","    3.87"," ","R","20","     0.0"," ","P","23","     0.0"," ","P","23","     0.0"," ","P","23","     0.0"," ","P","23","     0.0"," ","P","23","     0.0"," ","P","23","     0.0"," ","P","23","     0.0"," ","P","23"," -9999.0","M"," "," 0"," -9999.0","M"," "," 0"," -9999.0","M"," "," 0","     0.0"," ","P","23","    18.4"," ","P","23"
"USC00426601","07-11"," 37.8156","-112.4389","2026.0","PANGUITCH, UT US","07","11","99","    66.3"," ","R","20","    86.4"," ","R","20","    46.3"," ","S","24","    40.1"," ","R","20","     4.2"," ","R","20","     5.8"," ","R","20","     5.6"," ","S","24","     7.2"," ","R","20","     1.0"," ","R","20","     0.0"," ","R","20","     0.0"," ","R","20","     0.0"," ","R","20","     0.0","X","R","20","     0.0","X","R","20","     0.1"," ","R","20","     2.3"," ","R","20","    26.3"," ","R","20","    21.3"," ","R","20","    16.3"," ","R","20","    11.3"," ","R","20","     9.3"," ","R","20","     6.4"," ","R","20","     0.4"," ","R","20","     0.1"," ","R","20","     2.3"," ","R","20","    26.3"," ","R","20","    21.3"," ","R","20","    16.3"," ","R","20","    11.3"," ","R","20","     9.3"," ","R","20","     6.4"," ","R","20","     0.4"," ","R","20","     0.1"," ","R","20","    18.8"," ","R","20","    17.5"," ","R","20","    21.3"," ","P","22","    10.3"," ","P","22","     5.1"," ","P","22","     1.6"," ","P","22","     0.1"," ","P","22","     0.0"," ","P","22","     0.0"," ","P","22","     0.0"," ","P","22","    0.03"," ","P","22","    0.08"," ","P","22","    0.20"," ","P","22","    0.31"," ","R","20","    3.91"," ","R","20","     0.0"," ","P","23","     0.0"," ","P","23","     0.0"," ","P","23","     0.0"," ","P","23","     0.0"," ","P","23","     0.0"," ","P","23","     0.0"," ","P","23","     0.0"," ","P","23"," -9999.0","M"," "," 0"," -9999.0","M"," "," 0"," -9999.0","M"," "," 0","     0.0"," ","P","23","    18.4"," ","P","23"
"USC00426601","07-12"," 37.8156","-112.4389","2026.0","PANGUITCH, UT US","07","12","99","    66.5"," ","R","20","    86.4"," ","R","20","    46.5"," ","S","24","    39.9"," ","R","20","     4.2"," ","R","20","     5.7"," ","R","20","     5.5"," ","S","24","     7.3"," ","R","20","     0.9"," ","R","20","     0.0"," ","R","20","     0.0"," ","R","20","     0.0"," ","R","20","     0.0","X","R","20","     0.0","X","R","20","     0.1"," ","R","20","     2.4"," ","R","20","    26.5"," ","R","20","    21.5"," ","R","20","    16.5"," ","R","20","    11.5"," ","R","20","     9.5"," ","R","20","     6.6"," ","R","20","     0.4"," ","R","20","     0.2"," ","R","20","     2.4"," ","R","20","    26.5"," ","R","20","    21.5"," ","R","20","    16.5"," ","R","20","    11.5"," ","R","20","     9.5"," ","R","20","     6.6"," ","R","20","     0.4"," ","R","20","     0.2"," ","R","20","    18.9"," ","R","20","    17.5"," ","R","20","    21.9"," ","P","22","    10.8"," ","P","22","     5.3"," ","P","22","     1.6"," ","P","22","     0.2"," ","P","22","     0.0"," ","P","22","     0.0"," ","P","22","     0.0"," ","P","22","    0.04"," ","P","22","    0.09"," ","P","22","    0.20"," ","P","22","    0.34"," ","R","20","    3.94"," ","R","20","     0.0"," ","P","23","     0.0"," ","P","23","     0.0"," ","P","23","     0.0"," ","P","23","     0.0"," ","P","23","     0.0"," ","P","23","     0.0"," ","P","23","     0.0"," ","P","23"," -9999.0","M"," "," 0"," -9999.0","M"," "," 0"," -9999.0","M"," "," 0","     0.0"," ","P","23","    18.4"," ","P","23"
"USC00426601","07-13"," 37.8156","-112.4389","2026.0","PANGUITCH, UT US","07","13","99","    66.6"," ","R","20","    86.5"," ","R","20","    46.7"," ","S","24","    39.7"," ","R","20","     4.1"," ","R","20","     5.7"," ","R","20","     5.5"," ","S","24","     7.3"," ","R","20","     0.9"," ","R","20","     0.0"," ","R","20","     0.0"," ","R","20","     0.0"," ","R","20","     0.0","X","R","20","     0.0","X","R","20","     0.1"," ","R","20","     2.5"," ","R","20","    26.6"," ","R","20","    21.6"," ","R","20","    16.6"," ","R","20","    11.6"," ","R","20","     9.6"," ","R","20","     6.7"," ","R","20","     0.4"," ","R","20","     0.2"," ","R","20","     2.5"," ","R","20","    26.6"," ","R","20","    21.6"," ","R","20","    16.6"," ","R","20","    11.6"," ","R","20","     9.6"," ","R","20","     6.7"," ","R","20","     0.4"," ","R","20","     0.2"," ","R","20","    18.9"," ","R","20","    17.5"," ","R","20","    22.4"," ","P","22","    11.2"," ","P","22","     5.4"," ","P","22","     1.7"," ","P","22","     0.2"," ","P","22","     0.0"," ","P","22","     0.0"," ","P","22","     0.0"," ","P","22","    0.04"," ","P","22","    0.09"," ","P","22","    0.21"," ","P","22","    0.38"," ","R","20","    3.98"," ","R","20","     0.0"," ","P","23","     0.0"," ","P","23","     0.0"," ","P","23","     0.0"," ","P","23","     0.0"," ","P","23","     0.0"," ","P","23","     0.0"," ","P","23","     0.0"," ","P","23"," -9999.0","M"," "," 0"," -9999.0","M"," "," 0"," -9999.0","M"," "," 0","     0.0"," ","P","23","    18.4"," ","P","23"
"USC00426601","07-14"," 37.8156","-112.4389","2026.0","PANGUITCH, UT US","07","14","99","    66.7"," ","R","20","    86.5"," ","R","20","    46.9"," ","S","24","    39.6"," ","R","20","     4.1"," ","R","20","     5.7"," ","R","20","     5.4"," ","S","24","     7.4"," ","R","20","     0.8"," ","R","20","     0.0"," ","R","20","     0.0"," ","R","20","     0.0"," ","R","20","     0.0","X","R","20","     0.0","X","R","20","     0.1"," ","R","20","     2.5"," ","R","20","    26.7"," ","R","20","    21.7"," ","R","20","    16.7"," ","R","20","    11.7"," ","R","20","     9.7"," ","R","20","     6.8"," ","R","20","     0.4"," ","R","20","     0.2"," ","R","20","     2.5"," ","R","20","    26.7"," ","R","20","    21.7"," ","R","20","    16.7"," ","R","20","    11.7"," ","R","20","     9.7"," ","R","20","     6.8"," ","R","20","     0.4"," ","R","20","     0.2"," ","R","20","    18.9"," ","R","20","    17.6"," ","R","20","    22.9"," ","P","22","    11.7"," ","P","22","     5.7"," ","P","22","     1.8"," ","P","22","     0.2"," ","P","22","     0.0"," ","P","22","     0.0"," ","P","22","     0.0"," ","P","22","    0.04"," ","P","22","    0.09"," ","P","22","    0.21"," ","P","22","    0.43"," ","R","20","    4.03"," ","R","20","     0.0"," ","P","23","     0.0"," ","P","23","     0.0"," ","P","23","     0.0"," ","P","23","     0.0"," ","P","23","     0.0"," ","P","23","     0.0"," ","P","23","     0.0"," ","P","23"," -9999.0","M"," "," 0"," -9999.0","M"," "," 0"," -9999.0","M"," "," 0","     0.0"," ","P","23","    18.4"," ","P","23"
"USC00426601","07-15"," 37.8156","-112.4389","2026.0","PANGUITCH, UT US","07","15","99","    66.8"," ","R","20","    86.5"," ","R","20","    47.1"," ","S","24","    39.4"," ","R","20","     4.0"," ","R","20","     5.7"," ","R","20","     5.4"," ","S","24","     7.4"," ","R","20","     0.8"," ","R","20","     0.0"," ","R","20","     0.0"," ","R","20","     0.0"," ","R","20","     0.0","X","R","20","     0.0","X","R","20","     0.1"," ","R","20","     2.6"," ","R","20","    26.8"," ","R","20","    21.8"," ","R","20","    16.8"," ","R","20","    11.8"," ","R","20","     9.8"," ","R","20","     6.8"," ","R","20","     0.4"," ","R","20","     0.2"," ","R","20","     2.6"," ","R","20","    26.8"," ","R","20","    21.8"," ","R","20","    16.8"," ","R","20","    11.8"," ","R","20","     9.8"," ","R","20","     6.8"," ","R","20","     0.4"," ","R","20","     0.2"," ","R","20","    18.9"," ","R","20","    17.6"," ","R","20","    23.5"," ","P","22","    12.1"," ","P","22","     5.9"," ","P","22","     1.8"," ","P","22","     0.2"," ","P","22","     0.0"," ","P","22","     0.0"," ","P","22","     0.0"," ","P","22","    0.04"," ","P","22","    0.09"," ","P","22","    0.22"," ","P","22","    0.47"," ","R","20","    4.07"," ","R","20","     0.0"," ","P","23","     0.0"," ","P","23","     0.0"," ","P","23","     0.0"," ","P","23","     0.0"," ","P","23","     0.0"," ","P","23","     0.0"," ","P","23","     0.0"," ","P","23"," -9999.0","M"," "," 0"," -9999.0","M"," "," 0"," -9999.0","M"," "," 0","     0.0"," ","P","23","    18.4"," ","P","23"
"USC00426601","07-16"," 37.8156","-112.4389","2026.0","PANGUITCH, UT US","07","16","99","    66.9"," ","R","20","    86.5"," ","R","20","    47.3"," ","S","24","    39.2"," ","R","20","     4.0"," ","R","20","     5.7"," ","R","20","     5.3"," ","S","24","     7.5"," ","R","20","     0.7"," ","R","20","     0.0"," ","R","20","     0.0"," ","R","20","     0.0"," ","R","20","     0.0"," ","R","20","     0.0","X","R","20","     0.0","X","R","20","     2.6"," ","R","20","    26.9"," ","R","20","    21.9"," ","R","20","    16.9"," ","R","20","    11.9"," ","R","20","     9.9"," ","R","20","     6.9"," ","R","20","     0.4"," ","R","20","     0.2"," ","R","20","     2.6"," ","R","20","    26.9"," ","R","20","    21.9"," ","R","20","    16.9"," ","R","20","    11.9"," ","R","20","     9.9"," ","R","20","     6.9"," ","R","20","     0.4"," ","R","20","     0.2"," ","R","20","    19.0"," ","R","20","    17.6"," ","R","20","    24.0"," ","P","23","    12.5"," ","P","23","     6.0"," ","P","23","     1.9"," ","P","23","     0.3"," ","P","23","     0.0"," ","P","23","     0.0"," ","P","23","     0.0"," ","P","23","    0.04"," ","P","23","    0.09"," ","P","23","    0.22"," ","P","23","    0.52"," ","R","20","    4.12"," ","R","20","     0.0"," ","P","23","     0.0"," ","P","23","     0.0"," ","P","23","     0.0"," ","P","23","     0.0"," ","P","23","     0.0"," ","P","23","     0.0"," ","P","23","     0.0"," ","P","23"," -9999.0","M"," "," 0"," -9999.0","M"," "," 0"," -9999.0","M"," "," 0","     0.0"," ","P","23","    18.4"," ","P","23"
"USC00426601","07-17"," 37.8156","-112.4389","2026.0","PANGUITCH, UT US","07","17","99","    66.9"," ","R","20","    86.4"," ","R","20","    47.4"," ","S","24","    39.0"," ","R","20","     3.9"," ","R","20","     5.7"," ","R","20","     5.3"," ","S","24","     7.5"," ","R","20","     0.7"," ","R","20","     0.0"," ","R","20","     0.0"," ","R","20","     0.0"," ","R","20","     0.0"," ","R","20","     0.0","X","R","20","     0.0","X","R","20","     2.6"," ","R","20","    26.9"," ","R","20","    21.9"," ","R","20","    16.9"," ","R","20","    11.9"," ","R","20","     9.9"," ","R","20","     7.0"," ","R","20","     0.4"," ","R","20","     0.2"," ","R","20","     2.6"," ","R","20","    26.9"," ","R","20","    21.9"," ","R","20","    16.9"," ","R","20","    11.9"," ","R","20","     9.9"," ","R","20","     7.0"," ","R","20","     0.4"," ","R","20","     0.2"," ","R","20","    19.0"," ","R","20","    17.6"," ","R","20","    24.5"," ","P","23","    12.9"," ","P","23","     6.2"," ","P","23","     2.0"," ","P","23","     0.3"," ","P","23","     0.0"," ","P","23","     0.0"," ","P","23","     0.0"," ","P","23","    0.04"," ","P","23","    0.10"," ","P","23","    0.23"," ","P","23","    0.57"," ","R","20","    4.17"," ","R","20","     0.0"," ","P","23","     0.0"," ","P","23","     0.0"," ","P","23","     0.0"," ","P","23","     0.0"," ","P","23","     0.0"," ","P","23","     0.0"," ","P","23","     0.0"," ","P","23"," -9999.0","M"," "," 0"," -9999.0","M"," "," 0"," -9999.0","M"," "," 0","     0.0"," ","P","23","    18.4"," ","P","23"
"USC00426601","07-18"," 37.8156","-112.4389","2026.0","PANGUITCH, UT US","07","18","99","    67.0"," ","R","20","    86.4"," ","R","20","    47.5"," ","S","24","    38.9"," ","R","20","     3.9"," ","R","20","     5.7"," ","R","20","     5.2"," ","S","24","     7.6"," ","R","20","     0.7"," ","R","20","     0.0"," ","R","20","     0.0"," ","R","20","     0.0"," ","R","20","     0.0"," ","R","20","     0.0","X","R","20","     0.0","X","R","20","     2.7"," ","R","20","    27.0"," ","R","20","    22.0"," ","R","20","    17.0"," ","R","20","    12.0"," ","R","20","    10.0"," ","R","20","     7.0"," ","R","20","     0.4"," ","R","20","     0.2"," ","R","20","     2.7"," ","R","20","    27.0"," ","R","20","    22.0"," ","R","20","    17.0"," ","R","20","    12.0"," ","R","20","    10.0"," ","R","20","     7.0"," ","R","20","     0.4"," ","R","20","     0.2"," ","R","20","    19.0"," ","R","20","    17.6"," ","R","20","    25.0"," ","P","23","    13.3"," ","P","23","     6.4"," ","P","23","     2.0"," ","P","23","     0.3"," ","P","23","     0.0"," ","P","23","     0.0"," ","P","23","     0.0"," ","P","23","    0.04"," ","P","23","    0.10"," ","P","23","    0.23"," ","P","23","    0.62"," ","R","20","    4.22"," ","R","20","     0.0"," ","P","23","     0.0"," ","P","23","     0.0"," ","P","23","     0.0"," ","P","23","     0.0"," ","P","23","     0.0"," ","P","23","     0.0"," ","P","23","     0.0"," ","P","23"," -9999.0","M"," "," 0"," -9999.0","M"," "," 0"," -9999.0","M"," "," 0","     0.0"," ","P","23","    18.4"," ","P","23"
"USC00426601","07-19"," 37.8156","-112.4389","2026.0","PANGUITCH, UT US","07","19","99","    67.0"," ","R","20","    86.4"," ","R","20","    47.6"," ","S","24","    38.7"," ","R","20","     3.8"," ","R","20","     5.7"," ","R","20","     5.2"," ","S","24","     7.6"," ","R","20","     0.7"," ","R","20","     0.0"," ","R","20","     0.0"," ","R","20","     0.0"," ","R","20","     0.0"," ","R","20","     0.0","X","R","20","     0.0","X","R","20","     2.7"," ","R","20","    27.0"," ","R","20","    22.0"," ","R","20","    17.0"," ","R","20","    12.0"," ","R","20","    10.0"," ","R","20","     7.0"," ","R","20","     0.5"," ","R","20","     0.2"," ","R","20","     2.7"," ","R","20","    27.0"," ","R","20","    22.0"," ","R","20","    17.0"," ","R","20","    12.0"," ","R","20","    10.0"," ","R","20","     7.0"," ","R","20","     0.5"," ","R","20","     0.2"," ","R","20","    19.0"," ","R","20","    17.6"," ","R","20","    25.5"," ","P","23","    13.7"," ","P","23","     6.6"," ","P","23","     2.1"," ","P","23","     0.3"," ","P","23","     0.0"," ","P","23","     0.0"," ","P","23","     0.0"," ","P","23","    0.04"," ","P","23","    0.10"," ","P","23","    0.23"," ","P","23","    0.67"," ","R","20","    4.27"," ","R","20","     0.0"," ","P","23","     0.0"," ","P","23","     0.0"," ","P","23","     0.0"," ","P","23","     0.0"," ","P","23","     0.0"," ","P","23","     0.0"," ","P","23","     0.0"," ","P","23"," -9999.0","M"," "," 0"," -9999.0","M"," "," 0"," -9999.0","M"," "," 0","     0.0"," ","P","23","    18.4"," ","P","23"
"USC00426601","07-20"," 37.8156","-112.4389","2026.0","PANGUITCH, UT US","07","20","99","    67.0"," ","R","20","    86.3"," ","R","20","    47.7"," ","S","24","    38.6"," ","R","20","     3.8"," ","R","20","     5.7"," ","R","20","     5.2"," ","S","24","     7.6"," ","R","20","     0.7"," ","R","20","     0.0"," ","R","20","     0.0"," ","R","20","     0.0"," ","R","20","     0.0"," ","R","20","     0.0","X","R","20","     0.0","X","R","20","     2.7"," ","R","20","    27.0"," ","R","20","    22.0"," ","R","20","    17.0"," ","R","20","    12.0"," ","R","20","    10.0"," ","R","20","     7.1"," ","R","20","     0.5"," ","R","20","     0.2"," ","R","20","     2.7"," ","R","20","    27.0"," ","R","20","    22.0"," ","R","20","    17.0"," ","R","20","    12.0"," ","R","20","    10.0"," ","R","20","     7.1"," ","R","20","     0.5"," ","R","20","     0.2"," ","R","20","    19.0"," ","R","20","    17.6"," ","R","20","    25.9"," ","P","23","    14.1"," ","P","23","     6.8"," ","P","23","     2.1"," ","P","23","     0.3"," ","P","23","     0.0"," ","P","23","     0.0"," ","P","23","     0.0"," ","P","23","    0.04"," ","P","23","    0.10"," ","P","23","    0.24"," ","P","23","    0.72"," ","R","20","    4.32"," ","R","20","     0.0"," ","P","23","     0.0"," ","P","23","     0.0"," ","P","23","     0.0"," ","P","23","     0.0"," ","P","23","     0.0"," ","P","23","     0.0"," ","P","23","     0.0"," ","P","23"," -9999.0","M"," "," 0"," -9999.0","M"," "," 0"," -9999.0","M"," "," 0","     0.0"," ","P","23","    18.4"," ","P","23"
"USC00426601","07-21"," 37.8156","-112.4389","2026.0","PANGUITCH, UT US","07","21","99","    67.0"," ","R","20","    86.3"," ","R","20","    47.8"," ","S","24","    38.5"," ","R","20","     3.8"," ","R","20","     5.7"," ","R","20","     5.1"," ","S","24","     7.7"," ","R","20","     0.7"," ","R","20","     0.0"," ","R","20","     0.0"," ","R","20","     0.0"," ","R","20","     0.0"," ","R","20","     0.0","X","R","20","     0.0","X","R","20","     2.7"," ","R","20","    27.0"," ","R","20","    22.0"," ","R","20","    17.0"," ","R","20","    12.0"," ","R","20","    10.0"," ","R","20","     7.1"," ","R","20","     0.5"," ","R","20","     0.2"," ","R","20","     2.7"," ","R","20","    27.0"," ","R","20","    22.0"," ","R","20","    17.0"," ","R","20","    12.0"," ","R","20","    10.0"," ","R","20","     7.1"," ","R","20","     0.5"," ","R","20","     0.2"," ","R","20","    19.0"," ","R","20","    17.6"," ","R","20","    26.3"," ","P","23","    14.5"," ","P","23","     7.0"," ","P","23","     2.1"," ","P","23","     0.4"," ","P","23","     0.0"," ","P","23","     0.0"," ","P","23","     0.0"," ","P","23","    0.04"," ","P","23","    0.10"," ","P","23","    0.24"," ","P","23","    0.78"," ","R","20","    4.38"," ","R","20","     0.0"," ","P","23","     0.0"," ","P","23","     0.0"," ","P","23","     0.0"," ","P","23","     0.0"," ","P","23","     0.0"," ","P","23","     0.0"," ","P","23","     0.0"," ","P","23"," -9999.0","M"," "," 0"," -9999.0","M"," "," 0"," -9999.0","M"," "," 0","     0.0"," ","P","23","    18.4"," ","P","23"
"USC00426601","07-22"," 37.8156","-112.4389","2026.0","PANGUITCH, UT US","07","22","99","    67.0"," ","R","20","    86.2"," ","R","20","    47.9"," ","S","24","    38.4"," ","R","20","     3.7"," ","R","20","     5.7"," ","R","20","     5.1"," ","S","24","     7.7"," ","R","20","     0.7"," ","R","20","     0.0"," ","R","20","     0.0"," ","R","20","     0.0"," ","R","20","     0.0"," ","R","20","     0.0","X","R","20","     0.0","X","R","20","     2.7"," ","R","20","    27.0"," ","R","20","    22.0"," ","R","20","    17.0"," ","R","20","    12.0"," ","R","20","    10.0"," ","R","20","     7.1"," ","R","20","     0.5"," ","R","20","     0.2"," ","R","20","     2.7"," ","R","20","    27.0"," ","R","20","    22.0"," ","R","20","    17.0"," ","R","20","    12.0"," ","R","20","    10.0"," ","R","20","     7.1"," ","R","20","     0.5"," ","R","20","     0.2"," ","R","20","    19.0"," ","R","20","    17.5"," ","R","20","    26.7"," ","P","23","    14.8"," ","P","23","     7.1"," ","P","23","     2.2"," ","P","23","     0.4"," ","P","23","     0.0"," ","P","23","     0.0"," ","P","23","     0.0"," ","P","23","    0.05"," ","P","23","    0.10"," ","P","23","    0.25"," ","P","23","    0.84"," ","R","20","    4.44"," ","R","20","     0.0"," ","P","23","     0.0"," ","P","23","     0.0"," ","P","23","     0.0"," ","P","23","     0.0"," ","P","23","     0.0"," ","P","23","     0.0"," ","P","23","     0.0"," ","P","23"," -9999.0","M"," "," 0"," -9999.0","M"," "," 0"," -9999.0","M"," "," 0","     0.0"," ","P","23","    18.4"," ","P","23"
"USC00426601","07-23"," 37.8156","-112.4389","2026.0","PANGUITCH, UT US","07","23","99","    67.0"," ","R","20","    86.2"," ","R","20","    47.9"," ","S","24","    38.3"," ","R","20","     3.7"," ","R","20","     5.7"," ","R","20","     5.0"," ","S","24","     7.7"," ","R","20","     0.7"," ","R","20","     0.0"," ","R","20","     0.0"," ","R","20","     0.0"," ","R","20","     0.0"," ","R","20","     0.0","X","R","20","     0.0","X","R","20","     2.7"," ","R","20","    27.0"," ","R","20","    22.0"," ","R","20","    17.0"," ","R","20","    12.0"," ","R","20","    10.0"," ","R","20","     7.1"," ","R","20","     0.4"," ","R","20","     0.2"," ","R","20","     2.7"," ","R","20","    27.0"," ","R","20","    22.0"," ","R","20","    17.0"," ","R","20","    12.0"," ","R","20","    10.0"," ","R","20","     7.1"," ","R","20","     0.4"," ","R","20","     0.2"," ","R","20","    18.9"," ","R","20","    17.5"," ","R","20","    27.1"," ","P","23","    15.2"," ","P","23","     7.3"," ","P","23","     2.2"," ","P","23","     0.4"," ","P","23","     0.0"," ","P","23","     0.0"," ","P","23","     0.0"," ","P","23","    0.05"," ","P","23","    0.10"," ","P","23","    0.25"," ","P","23","    0.89"," ","R","20","    4.49"," ","R","20","     0.0"," ","P","23","     0.0"," ","P","23","     0.0"," ","P","23","     0.0"," ","P","23","     0.0"," ","P","23","     0.0"," ","P","23","     0.0"," ","P","23","     0.0"," ","P","23"," -9999.0","M"," "," 0"," -9999.0","M"," "," 0"," -9999.0","M"," "," 0","     0.0"," ","P","23","    18.4"," ","P","23"
"USC00426601","07-24"," 37.8156","-112.4389","2026.0","PANGUITCH, UT US","07","24","99","    67.0"," ","R","20","    86.1"," ","R","20","    47.9"," ","S","24","    38.2"," ","R","20","     3.7"," ","R","20","     5.7"," ","R","20","     5.0"," ","S","24","     7.7"," ","R","20","     0.7"," ","R","20","     0.0"," ","R","20","     0.0"," ","R","20","     0.0"," ","R","20","     0.0"," ","R","20","     0.0","X","R","20","     0.0","X","R","20","     2.7"," ","R","20","    27.0"," ","R","20","    22.0"," ","R","20","    17.0"," ","R","20","    12.0"," ","R","20","    10.0"," ","R","20","     7.0"," ","R","20","     0.4"," ","R","20","     0.1"," ","R","20","     2.7"," ","R","20","    27.0"," ","R","20","    22.0"," ","R","20","    17.0"," ","R","20","    12.0"," ","R","20","    10.0"," ","R","20","     7.0"," ","R","20","     0.4"," ","R","20","     0.1"," ","R","20","    18.9"," ","R","20","    17.5"," ","R","20","    27.4"," ","S","24","    15.5"," ","S","24","     7.5"," ","S","24","     2.3"," ","S","24","     0.4"," ","S","24","     0.0"," ","S","24","     0.0"," ","S","24","     0.0"," ","S","24","    0.05"," ","S","24","    0.11"," ","S","24","    0.25"," ","S","24","    0.95"," ","R","20","    4.55"," ","R","20","     0.0"," ","P","23","     0.0"," ","P","23","     0.0"," ","P","23","     0.0"," ","P","23","     0.0"," ","P","23","     0.0"," ","P","23","     0.0"," ","P","23","     0.0"," ","P","23"," -9999.0","M"," "," 0"," -9999.0","M"," "," 0"," -9999.0","M"," "," 0","     0.0"," ","P","23","    18.4"," ","P","23"
"USC00426601","07-25"," 37.8156","-112.4389","2026.0","PANGUITCH, UT US","07","25","99","    67.0"," ","R","20","    86.0"," ","R","20","    47.9"," ","S","24","    38.1"," ","R","20","     3.7"," ","R","20","     5.7"," ","R","20","     5.0"," ","S","24","     7.7"," ","R","20","     0.7"," ","R","20","     0.0"," ","R","20","     0.0"," ","R","20","     0.0"," ","R","20","     0.0"," ","R","20","     0.0","X","R","20","     0.0","X","R","20","     2.6"," ","R","20","    27.0"," ","R","20","    22.0"," ","R","20","    17.0"," ","R","20","    12.0"," ","R","20","    10.0"," ","R","20","     7.0"," ","R","20","     0.4"," ","R","20","     0.1"," ","R","20","     2.6"," ","R","20","    27.0"," ","R","20","    22.0"," ","R","20","    17.0"," ","R","20","    12.0"," ","R","20","    10.0"," ","R","20","     7.0"," ","R","20","     0.4"," ","R","20","     0.1"," ","R","20","    18.8"," ","R","20","    17.4"," ","R","20","    27.7"," ","S","24","    15.8"," ","S","24","     7.7"," ","S","24","     2.3"," ","S","24","     0.5"," ","S","24","     0.0"," ","S","24","     0.0"," ","S","24","     0.0"," ","S","24","    0.05"," ","S","24","    0.11"," ","S","24","    0.26"," ","S","24","    1.01"," ","R","20","    4.61"," ","R","20","     0.0"," ","P","23","     0.0"," ","P","23","     0.0"," ","P","23","     0.0"," ","P","23","     0.0"," ","P","23","     0.0"," ","P","23","     0.0"," ","P","23","     0.0"," ","P","23"," -9999.0","M"," "," 0"," -9999.0","M"," "," 0"," -9999.0","M"," "," 0","     0.0"," ","P","23","    18.4"," ","P","23"
"USC00426601","07-26"," 37.8156","-112.4389","2026.0","PANGUITCH, UT US","07","26","99","    66.9"," ","R","20","    85.9"," ","R","20","    47.9"," ","S","24","    38.0"," ","R","20","     3.7"," ","R","20","     5.7"," ","R","20","     5.0"," ","S","24","     7.7"," ","R","20","     0.7"," ","R","20","     0.0"," ","R","20","     0.0"," ","R","20","     0.0"," ","R","20","     0.0"," ","R","20","     0.0","X","R","20","     0.0","X","R","20","     2.6"," ","R","20","    26.9"," ","R","20","    21.9"," ","R","20","    16.9"," ","R","20","    11.9"," ","R","20","     9.9"," ","R","20","     7.0"," ","R","20","     0.4"," ","R","20","     0.1"," ","R","20","     2.6"," ","R","20","    26.9"," ","R","20","    21.9"," ","R","20","    16.9"," ","R","20","    11.9"," ","R","20","     9.9"," ","R","20","     7.0"," ","R","20","     0.4"," ","R","20","     0.1"," ","R","20","    18.8"," ","R","20","    17.4"," ","R","20","    28.0"," ","S","24","    16.1"," ","S","24","     7.8"," ","S","24","     2.4"," ","S","24","     0.5"," ","S","24","     0.0"," ","S","24","     0.0"," ","S","24","     0.0"," ","S","24","    0.05"," ","S","24","    0.11"," ","S","24","    0.26"," ","S","24","    1.07"," ","R","20","    4.67"," ","R","20","     0.0"," ","P","23","     0.0"," ","P","23","     0.0"," ","P","23","     0.0"," ","P","23","     0.0"," ","P","23","     0.0"," ","P","23","     0.0"," ","P","23","     0.0"," ","P","23"," -9999.0","M"," "," 0"," -9999.0","M"," "," 0"," -9999.0","M"," "," 0","     0.0"," ","P","23","    18.4"," ","P","23"
"USC00426601","07-27"," 37.8156","-112.4389","2026.0","PANGUITCH, UT US","07","27","99","    66.9"," ","R","20","    85.8"," ","R","20","    47.9"," ","S","24","    38.0"," ","R","20","     3.6"," ","R","20","     5.7"," ","R","20","     4.9"," ","S","24","     7.7"," ","R","20","     0.7"," ","R","20","     0.0"," ","R","20","     0.0"," ","R","20","     0.0"," ","R","20","     0.0"," ","R","20","     0.0","X","R","20","     0.0","X","R","20","     2.5"," ","R","20","    26.8"," ","R","20","    21.8"," ","R","20","    16.8"," ","R","20","    11.8"," ","R","20","     9.9"," ","R","20","     6.9"," ","R","20","     0.4"," ","R","20","     0.1"," ","R","20","     2.5"," ","R","20","    26.8"," ","R","20","    21.8"," ","R","20","    16.8"," ","R","20","    11.8"," ","R","20","     9.9"," ","R","20","     6.9"," ","R","20","     0.4"," ","R","20","     0.1"," ","R","20","    18.7"," ","R","20","    17.3"," ","R","20","    28.3"," ","P","23","    16.4"," ","P","23","     7.9"," ","P","23","     2.4"," ","P","23","     0.5"," ","P","23","     0.0"," ","P","23","     0.0"," ","P","23","     0.0"," ","P","23","    0.05"," ","P","23","    0.11"," ","P","23","    0.26"," ","P","23","    1.13"," ","R","20","    4.73"," ","R","20","     0.0"," ","P","22","     0.0"," ","P","22","     0.0"," ","P","22","     0.0"," ","P","22","     0.0"," ","P","22","     0.0"," ","P","22","     0.0"," ","P","22","     0.0"," ","P","22"," -9999.0","M"," "," 0"," -9999.0","M"," "," 0"," -9999.0","M"," "," 0","     0.0"," ","P","23","    18.4"," ","P","23"
"USC00426601","07-28"," 37.8156","-112.4389","2026.0","PANGUITCH, UT US","07","28","99","    66.8"," ","R","20","    85.7"," ","R","20","    47.8"," ","S","24","    37.9"," ","R","20","     3.6"," ","R","20","     5.7"," ","R","20","     4.9"," ","S","24","     7.7"," ","R","20","     0.7"," ","R","20","     0.0"," ","R","20","     0.0"," ","R","20","     0.0"," ","R","20","     0.0"," ","R","20","     0.0","X","R","20","     0.0","X","R","20","     2.5"," ","R","20","    26.8"," ","R","20","    21.8"," ","R","20","    16.8"," ","R","20","    11.8"," ","R","20","     9.8"," ","R","20","     6.8"," ","R","20","     0.3"," ","R","20","     0.1"," ","R","20","     2.5"," ","R","20","    26.8"," ","R","20","    21.8"," ","R","20","    16.8"," ","R","20","    11.8"," ","R","20","     9.8"," ","R","20","     6.8"," ","R","20","     0.3"," ","R","20","     0.1"," ","R","20","    18.7"," ","R","20","    17.3"," ","R","20","    28.5"," ","P","23","    16.6"," ","P","23","     8.0"," ","P","23","     2.5"," ","P","23","     0.5"," ","P","23","     0.0"," ","P","23","     0.0"," ","P","23","     0.0"," ","P","23","    0.05"," ","P","23","    0.11"," ","P","23","    0.26"," ","P","23","    1.20"," ","R","20","    4.80"," ","R","20","     0.0"," ","P","22","     0.0"," ","P","22","     0.0"," ","P","22","     0.0"," ","P","22","     0.0"," ","P","22","     0.0"," ","P","22","     0.0"," ","P","22","     0.0"," ","P","22"," -9999.0","M"," "," 0"," -9999.0","M"," "," 0"," -9999.0","M"," "," 0","     0.0"," ","P","23","    18.4"," ","P","23"
"USC00426601","07-29"," 37.8156","-112.4389","2026.0","PANGUITCH, UT US","07","29","99","    66.7"," ","R","20","    85.6"," ","R","20","    47.8"," ","S","24","    37.9"," ","R","20","     3.6"," ","R","20","     5.7"," ","R","20","     4.9"," ","S","24","     7.7"," ","R","20","     0.7"," ","R","20","     0.0"," ","R","20","     0.0"," ","R","20","     0.0"," ","R","20","     0.0"," ","R","20","     0.0","X","R","20","     0.1"," ","R","20","     2.4"," ","R","20","    26.7"," ","R","20","    21.7"," ","R","20","    16.7"," ","R","20","    11.7"," ","R","20","     9.7"," ","R","20","     6.7"," ","R","20","     0.3"," ","R","20","     0.1"," ","R","20","     2.4"," ","R","20","    26.7"," ","R","20","    21.7"," ","R","20","    16.7"," ","R","20","    11.7"," ","R","20","     9.7"," ","R","20","     6.7"," ","R","20","     0.3"," ","R","20","     0.1"," ","R","20","    18.6"," ","R","20","    17.2"," ","R","20","    28.7"," ","P","22","    16.9"," ","P","22","     8.1"," ","P","22","     2.5"," ","P","22","     0.6"," ","P","22","     0.0"," ","P","22","     0.0"," ","P","22","     0.0"," ","P","22","    0.06"," ","P","22","    0.11"," ","P","22","    0.27"," ","P","22","    1.27"," ","R","20","    4.87"," ","R","20","     0.0"," ","P","22","     0.0"," ","P","22","     0.0"," ","P","22","     0.0"," ","P","22","     0.0"," ","P","22","     0.0"," ","P","22","     0.0"," ","P","22","     0.0"," ","P","22"," -9999.0","M"," "," 0"," -9999.0","M"," "," 0"," -9999.0","M"," "," 0","     0.0"," ","P","23","    18.4"," ","P","23"
"USC00426601","07-30"," 37.8156","-112.4389","2026.0","PANGUITCH, UT US","07","30","99","    66.6"," ","R","20","    85.5"," ","R","20","    47.7"," ","S","24","    37.9"," ","R","20","     3.6"," ","R","20","     5.7"," ","R","20","     4.9"," ","S","24","     7.7"," ","R","20","     0.7"," ","R","20","     0.0"," ","R","20","     0.0"," ","R","20","     0.0"," ","R","20","     0.0"," ","R","20","     0.0","X","R","20","     0.1"," ","R","20","     2.3"," ","R","20","    26.6"," ","R","20","    21.6"," ","R","20","    16.6"," ","R","20","    11.6"," ","R","20","     9.6"," ","R","20","     6.6"," ","R","20","     0.3"," ","R","20","     0.1"," ","R","20","     2.3"," ","R","20","    26.6"," ","R","20","    21.6"," ","R","20","    16.6"," ","R","20","    11.6"," ","R","20","     9.6"," ","R","20","     6.6"," ","R","20","     0.3"," ","R","20","     0.1"," ","R","20","    18.5"," ","R","20","    17.1"," ","R","20","    28.8"," ","P","22","    17.1"," ","P","22","     8.2"," ","P","22","     2.6"," ","P","22","     0.6"," ","P","22","     0.0"," ","P","22","     0.0"," ","P","22","     0.0"," ","P","22","    0.06"," ","P","22","    0.11"," ","P","22","    0.27"," ","P","22","    1.33"," ","R","20","    4.93"," ","R","20","     0.0"," ","P","22","     0.0"," ","P","22","     0.0"," ","P","22","     0.0"," ","P","22","     0.0"," ","P","22","     0.0"," ","P","22","     0.0"," ","P","22","     0.0"," ","P","22"," -9999.0","M"," "," 0"," -9999.0","M"," "," 0"," -9999.0","M"," "," 0","     0.0"," ","P","23","    18.4"," ","P","23"
"USC00426601","07-31"," 37.8156","-112.4389","2026.0","PANGUITCH, UT US","07","31","99","    66.5"," ","R","20","    85.4"," ","R","20","    47.6"," ","S","24","    37.8"," ","R","20","     3.6"," ","R","20","     5.7"," ","R","20","     4.9"," ","S","24","     7.7"," ","R","20","     0.8"," ","R","20","     0.0"," ","R","20","     0.0"," ","R","20","     0.0"," ","R","20","     0.0"," ","R","20","     0.0","X","R","20","     0.1"," ","R","20","     2.2"," ","R","20","    26.5"," ","R","20","    21.5"," ","R","20","    16.5"," ","R","20","    11.5"," ","R","20","     9.5"," ","R","20","     6.5"," ","R","20","     0.3"," ","R","20","     0.1"," ","R","20","     2.2"," ","R","20","    26.5"," ","R","20","    21.5"," ","R","20","    16.5"," ","R","20","    11.5"," ","R","20","     9.5"," ","R","20","     6.5"," ","R","20","     0.3"," ","R","20","     0.1"," ","R","20","    18.4"," ","R","20","    17.1"," ","R","20","    28.9"," ","P","22","    17.2"," ","P","22","     8.3"," ","P","22","     2.6"," ","P","22","     0.6"," ","P","22","     0.0"," ","P","22","     0.0"," ","P","22","     0.0"," ","P","22","    0.06"," ","P","22","    0.11"," ","P","22","    0.27"," ","P","22","    1.40"," ","R","20","    5.00"," ","R","20","     0.0"," ","P","22","     0.0"," ","P","22","     0.0"," ","P","22","     0.0"," ","P","22","     0.0"," ","P","22","     0.0"," ","P","22","     0.0"," ","P","22","     0.0"," ","P","22"," -9999.0","M"," "," 0"," -9999.0","M"," "," 0"," -9999.0","M"," "," 0","     0.0"," ","P","23","    18.4"," ","P","23"
"USC00426601","08-01"," 37.8156","-112.4389","2026.0","PANGUITCH, UT US","08","01","99","    66.4"," ","R","20","    85.3"," ","R","20","    47.5"," ","R","23","    37.8"," ","R","20","     3.7"," ","R","20","     5.7"," ","R","20","     4.9"," ","R","23","     7.6"," ","R","20","     0.8"," ","R","20","     0.0"," ","R","20","     0.0"," ","R","20","     0.0"," ","R","20","     0.0"," ","R","20","     0.0","X","R","20","     0.1"," ","R","20","     2.2"," ","R","20","    26.4"," ","R","20","    21.4"," ","R","20","    16.4"," ","R","20","    11.4"," ","R","20","     9.4"," ","R","20","     6.4"," ","R","20","     0.3"," ","R","20","     0.1"," ","R","20","     2.2"," ","R","20","    26.4"," ","R","20","    21.4"," ","R","20","    16.4"," ","R","20","    11.4"," ","R","20","     9.4"," ","R","20","     6.4"," ","R","20","     0.3"," ","R","20","     0.1"," ","R","20","    18.4"," ","R","20","    17.0"," ","R","20","    28.9"," ","P","22","    17.3"," ","P","22","     8.3"," ","P","22","     2.6"," ","P","22","     0.6"," ","P","22","     0.0"," ","P","22","     0.0"," ","P","22","     0.0"," ","P","22","    0.06"," ","P","22","    0.12"," ","P","22","    0.27"," ","P","22","    0.05"," ","R","19","    5.05"," ","R","19","     0.0"," ","P","22","     0.0"," ","P","22","     0.0"," ","P","22","     0.0"," ","P","22","     0.0"," ","P","22","     0.0"," ","P","22","     0.0"," ","P","22","     0.0"," ","P","22"," -9999.0","M"," "," 0"," -9999.0","M"," "," 0"," -9999.0","M"," "," 0","     0.0"," ","P","22","    18.4"," ","P","22"
"USC00426601","08-02"," 37.8156","-112.4389","2026.0","PANGUITCH, UT US","08","02","99","    66.3"," ","R","20","    85.2"," ","R","20","    47.3"," ","R","23","    37.8"," ","R","20","     3.7"," ","R","20","     5.7"," ","R","20","     4.9"," ","R","23","     7.6"," ","R","20","     0.8"," ","R","20","     0.0"," ","R","20","     0.0"," ","R","20","     0.0"," ","R","20","     0.0"," ","R","20","     0.0","X","R","20","     0.1"," ","R","20","     2.1"," ","R","20","    26.3"," ","R","20","    21.3"," ","R","20","    16.3"," ","R","20","    11.3"," ","R","20","     9.3"," ","R","20","     6.3"," ","R","20","     0.3"," ","R","20","     0.1"," ","R","20","     2.1"," ","R","20","    26.3"," ","R","20","    21.3"," ","R","20","    16.3"," ","R","20","    11.3"," ","R","20","     9.3"," ","R","20","     6.3"," ","R","20","     0.3"," ","R","20","     0.1"," ","R","20","    18.3"," ","R","20","    17.0"," ","R","20","    29.0"," ","P","22","    17.4"," ","P","22","     8.3"," ","P","22","     2.7"," ","P","22","     0.6"," ","P","22","     0.0"," ","P","22","     0.0"," ","P","22","     0.0"," ","P","22","    0.06"," ","P","22","    0.12"," ","P","22","    0.27"," ","P","22","    0.10"," ","R","19","    5.10"," ","R","19","     0.0"," ","P","22","     0.0"," ","P","22","     0.0"," ","P","22","     0.0"," ","P","22","     0.0"," ","P","22","     0.0"," ","P","22","     0.0"," ","P","22","     0.0"," ","P","22"," -9999.0","M"," "," 0"," -9999.0","M"," "," 0"," -9999.0","M"," "," 0","     0.0"," ","P","22","    18.4"," ","P","22"
"USC00426601","08-03"," 37.8156","-112.4389","2026.0","PANGUITCH, UT US","08","03","99","    66.1"," ","R","20","    85.1"," ","R","20","    47.2"," ","R","23","    37.9"," ","R","20","     3.7"," ","R","20","     5.7"," ","R","20","     4.8"," ","R","23","     7.6"," ","R","20","     0.9"," ","R","20","     0.0"," ","R","20","     0.0"," ","R","20","     0.0"," ","R","20","     0.0"," ","R","20","     0.0","X","R","20","     0.1"," ","R","20","     2.0"," ","R","20","    26.1"," ","R","20","    21.1"," ","R","20","    16.1"," ","R","20","    11.1"," ","R","20","     9.1"," ","R","20","     6.2"," ","R","20","     0.2"," ","R","20","     0.1"," ","R","20","     2.0"," ","R","20","    26.1"," ","R","20","    21.1"," ","R","20","    16.1"," ","R","20","    11.1"," ","R","20","     9.1"," ","R","20","     6.2"," ","R","20","     0.2"," ","R","20","     0.1"," ","R","20","    18.3"," ","R","20","    17.0"," ","R","20","    29.0"," ","P","22","    17.5"," ","P","22","     8.4"," ","P","22","     2.7"," ","P","22","     0.6"," ","P","22","     0.0"," ","P","22","     0.0"," ","P","22","     0.0"," ","P","22","    0.06"," ","P","22","    0.12"," ","P","22","    0.27"," ","P","22","    0.15"," ","R","19","    5.15"," ","R","19","     0.0"," ","P","22","     0.0"," ","P","22","     0.0"," ","P","22","     0.0"," ","P","22","     0.0"," ","P","22","     0.0"," ","P","22","     0.0"," ","P","22","     0.0"," ","P","22"," -9999.0","M"," "," 0"," -9999.0","M"," "," 0"," -9999.0","M"," "," 0","     0.0"," ","P","22","    18.4"," ","P","22"
"USC00426601","08-04"," 37.8156","-112.4389","2026.0","PANGUITCH, UT US","08","04","99","    66.0"," ","R","20","    84.9"," ","R","20","    47.1"," ","R","23","    37.9"," ","R","20","     3.7"," ","R","20","     5.7"," ","R","20","     4.8"," ","R","23","     7.6"," ","R","20","     1.0"," ","R","20","     0.0"," ","R","20","     0.0"," ","R","20","     0.0"," ","R","20","     0.0"," ","R","20","     0.0","X","R","20","     0.1"," ","R","20","     1.9"," ","R","20","    26.0"," ","R","20","    21.0"," ","R","20","    16.0"," ","R","20","    11.0"," ","R","20","     9.0"," ","R","20","     6.1"," ","R","20","     0.2"," ","R","20","     0.1"," ","R","20","     1.9"," ","R","20","    26.0"," ","R","20","    21.0"," ","R","20","    16.0"," ","R","20","    11.0"," ","R","20","     9.0"," ","R","20","     6.1"," ","R","20","     0.2"," ","R","20","     0.1"," ","R","20","    18.2"," ","R","20","    16.9"," ","R","20","    28.9"," ","P","22","    17.5"," ","P","22","     8.4"," ","P","22","     2.7"," ","P","22","     0.6"," ","P","22","     0.0"," ","P","22","     0.0"," ","P","22","     0.0"," ","P","22","    0.06"," ","P","22","    0.12"," ","P","22","    0.27"," ","P","22","    0.21"," ","R","19","    5.21"," ","R","19","     0.0"," ","P","22","     0.0"," ","P","22","     0.0"," ","P","22","     0.0"," ","P","22","     0.0"," ","P","22","     0.0"," ","P","22","     0.0"," ","P","22","     0.0"," ","P","22"," -9999.0","M"," "," 0"," -9999.0","M"," "," 0"," -9999.0","M"," "," 0","     0.0"," ","P","22","    18.4"," ","P","22"
"USC00426601","08-05"," 37.8156","-112.4389","2026.0","PANGUITCH, UT US","08","05","99","    65.9"," ","R","20","    84.8"," ","R","20","    46.9"," ","R","23","    37.9"," ","R","20","     3.7"," ","R","20","     5.7"," ","R","20","     4.8"," ","R","23","     7.6"," ","R","20","     1.0"," ","R","20","     0.0"," ","R","20","     0.0"," ","R","20","     0.0"," ","R","20","     0.0"," ","R","20","     0.0","X","R","20","     0.1"," ","R","20","     1.9"," ","R","20","    25.8"," ","R","20","    20.8"," ","R","20","    15.8"," ","R","20","    10.8"," ","R","20","     8.9"," ","R","20","     5.9"," ","R","20","     0.2"," ","R","20","     0.0","X","R","20","     1.9"," ","R","20","    25.8"," ","R","20","    20.8"," ","R","20","    15.8"," ","R","20","    10.8"," ","R","20","     8.9"," ","R","20","     5.9"," ","R","20","     0.2"," ","R","20","     0.0","X","R","20","    18.2"," ","R","20","    16.8"," ","R","20","    28.9"," ","P","22","    17.6"," ","P","22","     8.4"," ","P","22","     2.7"," ","P","22","     0.6"," ","P","22","     0.0"," ","P","22","     0.0"," ","P","22","     0.0"," ","P","22","    0.06"," ","P","22","    0.12"," ","P","22","    0.27"," ","P","22","    0.26"," ","R","19","    5.26"," ","R","19","     0.0"," ","P","22","     0.0"," ","P","22","     0.0"," ","P","22","     0.0"," ","P","22","     0.0"," ","P","22","     0.0"," ","P","22","     0.0"," ","P","22","     0.0"," ","P","22"," -9999.0","M"," "," 0"," -9999.0","M"," "," 0"," -9999.0","M"," "," 0","     0.0"," ","P","22","    18.4"," ","P","22"
"USC00426601","08-06"," 37.8156","-112.4389","2026.0","PANGUITCH, UT US","08","06","99","    65.7"," ","R","20","    84.7"," ","R","20","    46.7"," ","R","23","    38.0"," ","R","20","     3.7"," ","R","20","     5.7"," ","R","20","     4.8"," ","R","23","     7.6"," ","R","20","     1.1"," ","R","20","     0.0"," ","R","20","     0.0"," ","R","20","     0.0"," ","R","20","     0.0"," ","R","20","     0.0","X","R","20","     0.1"," ","R","20","     1.8"," ","R","20","    25.7"," ","R","20","    20.7"," ","R","20","    15.7"," ","R","20","    10.7"," ","R","20","     8.7"," ","R","20","     5.8"," ","R","20","     0.2"," ","R","20","     0.0","X","R","20","     1.8"," ","R","20","    25.7"," ","R","20","    20.7"," ","R","20","    15.7"," ","R","20","    10.7"," ","R","20","     8.7"," ","R","20","     5.8"," ","R","20","     0.2"," ","R","20","     0.0","X","R","20","    18.1"," ","R","20","    16.8"," ","R","20","    28.8"," ","P","23","    17.6"," ","P","23","     8.3"," ","P","23","     2.7"," ","P","23","     0.6"," ","P","23","     0.0"," ","P","23","     0.0"," ","P","23","     0.0"," ","P","23","    0.06"," ","P","23","    0.12"," ","P","23","    0.27"," ","P","23","    0.32"," ","R","19","    5.32"," ","R","19","     0.0"," ","P","22","     0.0"," ","P","22","     0.0"," ","P","22","     0.0"," ","P","22","     0.0"," ","P","22","     0.0"," ","P","22","     0.0"," ","P","22","     0.0"," ","P","22"," -9999.0","M"," "," 0"," -9999.0","M"," "," 0"," -9999.0","M"," "," 0","     0.0"," ","P","22","    18.4"," ","P","22"
"USC00426601","08-07"," 37.8156","-112.4389","2026.0","PANGUITCH, UT US","08","07","99","    65.5"," ","R","20","    84.5"," ","R","20","    46.5"," ","R","23","    38.0"," ","R","20","     3.7"," ","R","20","     5.8"," ","R","20","     4.8"," ","R","23","     7.6"," ","R","20","     1.2"," ","R","20","     0.0"," ","R","20","     0.0"," ","R","20","     0.0"," ","R","20","     0.0","X","R","20","     0.0","X","R","20","     0.1"," ","R","20","     1.7"," ","R","20","    25.5"," ","R","20","    20.5"," ","R","20","    15.5"," ","R","20","    10.5"," ","R","20","     8.5"," ","R","20","     5.7"," ","R","20","     0.2"," ","R","20","     0.0","X","R","20","     1.7"," ","R","20","    25.5"," ","R","20","    20.5"," ","R","20","    15.5"," ","R","20","    10.5"," ","R","20","     8.5"," ","R","20","     5.7"," ","R","20","     0.2"," ","R","20","     0.0","X","R","20","    18.1"," ","R","20","    16.8"," ","R","20","    28.7"," ","P","22","    17.6"," ","P","22","     8.3"," ","P","22","     2.7"," ","P","22","     0.6"," ","P","22","     0.0"," ","P","22","     0.0"," ","P","22","     0.0"," ","P","22","    0.06"," ","P","22","    0.12"," ","P","22","    0.27"," ","P","22","    0.37"," ","R","19","    5.37"," ","R","19","     0.0"," ","P","22","     0.0"," ","P","22","     0.0"," ","P","22","     0.0"," ","P","22","     0.0"," ","P","22","     0.0"," ","P","22","     0.0"," ","P","22","     0.0"," ","P","22"," -9999.0","M"," "," 0"," -9999.0","M"," "," 0"," -9999.0","M"," "," 0","     0.0"," ","P","22","    18.4"," ","P","22"
"USC00426601","08-08"," 37.8156","-112.4389","2026.0","PANGUITCH, UT US","08","08","99","    65.4"," ","R","20","    84.4"," ","R","20","    46.4"," ","R","23","    38.1"," ","R","20","     3.7"," ","R","20","     5.8"," ","R","20","     4.8"," ","R","23","     7.6"," ","R","20","     1.2"," ","R","20","     0.0"," ","R","20","     0.0"," ","R","20","     0.0"," ","R","20","     0.0","X","R","20","     0.0","X","R","20","     0.1"," ","R","20","     1.6"," ","R","20","    25.4"," ","R","20","    20.4"," ","R","20","    15.4"," ","R","20","    10.4"," ","R","20","     8.4"," ","R","20","     5.5"," ","R","20","     0.2"," ","R","20","     0.0","X","R","20","     1.6"," ","R","20","    25.4"," ","R","20","    20.4"," ","R","20","    15.4"," ","R","20","    10.4"," ","R","20","     8.4"," ","R","20","     5.5"," ","R","20","     0.2"," ","R","20","     0.0","X","R","20","    18.0"," ","R","20","    16.8"," ","R","20","    28.7"," ","P","22","    17.7"," ","P","22","     8.3"," ","P","22","     2.7"," ","P","22","     0.6"," ","P","22","     0.0"," ","P","22","     0.0"," ","P","22","     0.0"," ","P","22","    0.06"," ","P","22","    0.12"," ","P","22","    0.27"," ","P","22","    0.43"," ","R","19","    5.43"," ","R","19","     0.0"," ","P","22","     0.0"," ","P","22","     0.0"," ","P","22","     0.0"," ","P","22","     0.0"," ","P","22","     0.0"," ","P","22","     0.0"," ","P","22","     0.0"," ","P","22"," -9999.0","M"," "," 0"," -9999.0","M"," "," 0"," -9999.0","M"," "," 0","     0.0"," ","P","22","    18.4"," ","P","22"
"USC00426601","08-09"," 37.8156","-112.4389","2026.0","PANGUITCH, UT US","08","09","99","    65.2"," ","R","20","    84.3"," ","R","20","    46.2"," ","R","23","    38.1"," ","R","20","     3.7"," ","R","20","     5.8"," ","R","20","     4.8"," ","R","23","     7.5"," ","R","20","     1.3"," ","R","20","     0.0"," ","R","20","     0.0"," ","R","20","     0.0"," ","R","20","     0.0","X","R","20","     0.0","X","R","20","     0.1"," ","R","20","     1.5"," ","R","20","    25.2"," ","R","20","    20.2"," ","R","20","    15.2"," ","R","20","    10.2"," ","R","20","     8.2"," ","R","20","     5.4"," ","R","20","     0.2"," ","R","20","     0.0","X","R","20","     1.5"," ","R","20","    25.2"," ","R","20","    20.2"," ","R","20","    15.2"," ","R","20","    10.2"," ","R","20","     8.2"," ","R","20","     5.4"," ","R","20","     0.2"," ","R","20","     0.0","X","R","20","    18.0"," ","R","20","    16.7"," ","R","20","    28.6"," ","P","22","    17.7"," ","P","22","     8.3"," ","P","22","     2.8"," ","P","22","     0.6"," ","P","22","     0.0"," ","P","22","     0.0"," ","P","22","     0.0"," ","P","22","    0.06"," ","P","22","    0.12"," ","P","22","    0.27"," ","P","22","    0.49"," ","R","19","    5.49"," ","R","19","     0.0"," ","P","22","     0.0"," ","P","22","     0.0"," ","P","22","     0.0"," ","P","22","     0.0"," ","P","22","     0.0"," ","P","22","     0.0"," ","P","22","     0.0"," ","P","22"," -9999.0","M"," "," 0"," -9999.0","M"," "," 0"," -9999.0","M"," "," 0","     0.0"," ","P","22","    18.4"," ","P","22"
"USC00426601","08-10"," 37.8156","-112.4389","2026.0","PANGUITCH, UT US","08","10","99","    65.0"," ","R","20","    84.1"," ","R","20","    45.9"," ","R","23","    38.2"," ","R","20","     3.8"," ","R","20","     5.8"," ","R","20","     4.8"," ","R","23","     7.5"," ","R","20","     1.4"," ","R","20","     0.0"," ","R","20","     0.0"," ","R","20","     0.0"," ","R","20","     0.0","X","R","20","     0.0","X","R","20","     0.2"," ","R","20","     1.5"," ","R","20","    25.0"," ","R","20","    20.0"," ","R","20","    15.0"," ","R","20","    10.0"," ","R","20","     8.1"," ","R","20","     5.2"," ","R","20","     0.1"," ","R","20","     0.0","X","R","20","     1.5"," ","R","20","    25.0"," ","R","20","    20.0"," ","R","20","    15.0"," ","R","20","    10.0"," ","R","20","     8.1"," ","R","20","     5.2"," ","R","20","     0.1"," ","R","20","     0.0","X","R","20","    17.9"," ","R","20","    16.7"," ","R","20","    28.6"," ","P","21","    17.6"," ","P","21","     8.3"," ","P","21","     2.8"," ","P","21","     0.6"," ","P","21","     0.0"," ","P","21","     0.0"," ","P","21","     0.0"," ","P","21","    0.06"," ","P","21","    0.12"," ","P","21","    0.27"," ","P","21","    0.55"," ","R","19","    5.55"," ","R","19","     0.0"," ","P","22","     0.0"," ","P","22","     0.0"," ","P","22","     0.0"," ","P","22","     0.0"," ","P","22","     0.0"," ","P","22","     0.0"," ","P","22","     0.0"," ","P","22"," -9999.0","M"," "," 0"," -9999.0","M"," "," 0"," -9999.0","M"," "," 0","     0.0"," ","P","22","    18.4"," ","P","22"
"USC00426601","08-11"," 37.8156","-112.4389","2026.0","PANGUITCH, UT US","08","11","99","    64.9"," ","R","20","    84.0"," ","R","20","    45.7"," ","R","23","    38.3"," ","R","20","     3.8"," ","R","20","     5.8"," ","R","20","     4.9"," ","R","23","     7.5"," ","R","20","     1.5"," ","R","20","     0.0"," ","R","20","     0.0"," ","R","20","     0.0"," ","R","20","     0.0","X","R","20","     0.0","X","R","20","     0.2"," ","R","20","     1.4"," ","R","20","    24.9"," ","R","20","    19.9"," ","R","20","    14.9"," ","R","20","     9.9"," ","R","20","     7.9"," ","R","20","     5.1"," ","R","20","     0.1"," ","R","20","     0.0","X","R","20","     1.4"," ","R","20","    24.9"," ","R","20","    19.9"," ","R","20","    14.9"," ","R","20","     9.9"," ","R","20","     7.9"," ","R","20","     5.1"," ","R","20","     0.1"," ","R","20","     0.0","X","R","20","    17.8"," ","R","20","    16.6"," ","R","20","    28.6"," ","P","21","    17.6"," ","P","21","     8.3"," ","P","21","     2.8"," ","P","21","     0.5"," ","P","21","     0.0"," ","P","21","     0.0"," ","P","21","     0.0"," ","P","21","    0.06"," ","P","21","    0.12"," ","P","21","    0.27"," ","P","21","    0.61"," ","R","19","    5.61"," ","R","19","     0.0"," ","P","22","     0.0"," ","P","22","     0.0"," ","P","22","     0.0"," ","P","22","     0.0"," ","P","22","     0.0"," ","P","22","     0.0"," ","P","22","     0.0"," ","P","22"," -9999.0","M"," "," 0"," -9999.0","M"," "," 0"," -9999.0","M"," "," 0","     0.0"," ","P","22","    18.4"," ","P","22"
"USC00426601","08-12"," 37.8156","-112.4389","2026.0","PANGUITCH, UT US","08","12","99","    64.7"," ","R","20","    83.9"," ","R","20","    45.5"," ","R","23","    38.3"," ","R","20","     3.8"," ","R","20","     5.8"," ","R","20","     4.9"," ","R","23","     7.5"," ","R","20","     1.7"," ","R","20","     0.0"," ","R","20","     0.0"," ","R","20","     0.0"," ","R","20","     0.0","X","R","20","     0.0","X","R","20","     0.2"," ","R","20","     1.3"," ","R","20","    24.7"," ","R","20","    19.7"," ","R","20","    14.7"," ","R","20","     9.7"," ","R","20","     7.7"," ","R","20","     4.9"," ","R","20","     0.1"," ","R","20","     0.0","X","R","20","     1.3"," ","R","20","    24.7"," ","R","20","    19.7"," ","R","20","    14.7"," ","R","20","     9.7"," ","R","20","     7.7"," ","R","20","     4.9"," ","R","20","     0.1"," ","R","20","     0.0","X","R","20","    17.8"," ","R","20","    16.6"," ","R","20","    28.5"," ","P","21","    17.6"," ","P","21","     8.3"," ","P","21","     2.7"," ","P","21","     0.5"," ","P","21","     0.0"," ","P","21","     0.0"," ","P","21","     0.0"," ","P","21","    0.06"," ","P","21","    0.12"," ","P","21","    0.27"," ","P","21","    0.67"," ","R","19","    5.67"," ","R","19","     0.0"," ","P","22","     0.0"," ","P","22","     0.0"," ","P","22","     0.0"," ","P","22","     0.0"," ","P","22","     0.0"," ","P","22","     0.0"," ","P","22","     0.0"," ","P","22"," -9999.0","M"," "," 0"," -9999.0","M"," "," 0"," -9999.0","M"," "," 0","     0.0"," ","P","22","    18.4"," ","P","22"
"USC00426601","08-13"," 37.8156","-112.4389","2026.0","PANGUITCH, UT US","08","13","99","    64.5"," ","R","20","    83.7"," ","R","20","    45.3"," ","R","23","    38.4"," ","R","20","     3.8"," ","R","20","     5.8"," ","R","20","     4.9"," ","R","23","     7.5"," ","R","20","     1.8"," ","R","20","     0.0"," ","R","20","     0.0"," ","R","20","     0.0"," ","R","20","     0.0","X","R","20","     0.0","X","R","20","     0.2"," ","R","20","     1.3"," ","R","20","    24.5"," ","R","20","    19.5"," ","R","20","    14.5"," ","R","20","     9.5"," ","R","20","     7.5"," ","R","20","     4.7"," ","R","20","     0.1"," ","R","20","     0.0","X","R","20","     1.3"," ","R","20","    24.5"," ","R","20","    19.5"," ","R","20","    14.5"," ","R","20","     9.5"," ","R","20","     7.5"," ","R","20","     4.7"," ","R","20","     0.1"," ","R","20","     0.0","X","R","20","    17.8"," ","R","20","    16.5"," ","R","20","    28.4"," ","P","21","    17.6"," ","P","21","     8.3"," ","P","21","     2.7"," ","P","21","     0.5"," ","P","21","     0.0"," ","P","21","     0.0"," ","P","21","     0.0"," ","P","21","    0.06"," ","P","21","    0.12"," ","P","21","    0.27"," ","P","21","    0.73"," ","R","19","    5.73"," ","R","19","     0.0"," ","P","22","     0.0"," ","P","22","     0.0"," ","P","22","     0.0"," ","P","22","     0.0"," ","P","22","     0.0"," ","P","22","     0.0"," ","P","22","     0.0"," ","P","22"," -9999.0","M"," "," 0"," -9999.0","M"," "," 0"," -9999.0","M"," "," 0","     0.0"," ","P","22","    18.4"," ","P","22"
"USC00426601","08-14"," 37.8156","-112.4389","2026.0","PANGUITCH, UT US","08","14","99","    64.3"," ","R","20","    83.6"," ","R","20","    45.1"," ","R","23","    38.5"," ","R","20","     3.8"," ","R","20","     5.8"," ","R","20","     5.0"," ","R","23","     7.5"," ","R","20","     1.9"," ","R","20","     0.0"," ","R","20","     0.0"," ","R","20","     0.0"," ","R","20","     0.0","X","R","20","     0.1"," ","R","20","     0.3"," ","R","20","     1.2"," ","R","20","    24.3"," ","R","20","    19.3"," ","R","20","    14.3"," ","R","20","     9.3"," ","R","20","     7.4"," ","R","20","     4.6"," ","R","20","     0.1"," ","R","20","     0.0","X","R","20","     1.2"," ","R","20","    24.3"," ","R","20","    19.3"," ","R","20","    14.3"," ","R","20","     9.3"," ","R","20","     7.4"," ","R","20","     4.6"," ","R","20","     0.1"," ","R","20","     0.0","X","R","20","    17.7"," ","R","20","    16.5"," ","R","20","    28.4"," ","P","21","    17.6"," ","P","21","     8.3"," ","P","21","     2.7"," ","P","21","     0.5"," ","P","21","     0.0"," ","P","21","     0.0"," ","P","21","     0.0"," ","P","21","    0.06"," ","P","21","    0.12"," ","P","21","    0.28"," ","P","21","    0.79"," ","R","19","    5.79"," ","R","19","     0.0"," ","P","22","     0.0"," ","P","22","     0.0"," ","P","22","     0.0"," ","P","22","     0.0"," ","P","22","     0.0"," ","P","22","     0.0"," ","P","22","     0.0"," ","P","22"," -9999.0","M"," "," 0"," -9999.0","M"," "," 0"," -9999.0","M"," "," 0","     0.0"," ","P","22","    18.4"," ","P","22"
"USC00426601","08-15"," 37.8156","-112.4389","2026.0","PANGUITCH, UT US","08","15","99","    64.1"," ","R","20","    83.4"," ","R","20","    44.8"," ","R","23","    38.6"," ","R","20","     3.9"," ","R","20","     5.8"," ","R","20","     5.0"," ","R","23","     7.5"," ","R","20","     2.0"," ","R","20","     0.0"," ","R","20","     0.0"," ","R","20","     0.0"," ","R","20","     0.0","X","R","20","     0.1"," ","R","20","     0.3"," ","R","20","     1.1"," ","R","20","    24.1"," ","R","20","    19.1"," ","R","20","    14.1"," ","R","20","     9.2"," ","R","20","     7.2"," ","R","20","     4.4"," ","R","20","     0.1"," ","R","20","     0.0","X","R","20","     1.1"," ","R","20","    24.1"," ","R","20","    19.1"," ","R","20","    14.1"," ","R","20","     9.2"," ","R","20","     7.2"," ","R","20","     4.4"," ","R","20","     0.1"," ","R","20","     0.0","X","R","20","    17.6"," ","R","20","    16.4"," ","R","20","    28.4"," ","P","21","    17.6"," ","P","21","     8.3"," ","P","21","     2.7"," ","P","21","     0.5"," ","P","21","     0.0"," ","P","21","     0.0"," ","P","21","     0.0"," ","P","21","    0.06"," ","P","21","    0.12"," ","P","21","    0.28"," ","P","21","    0.84"," ","R","19","    5.84"," ","R","19","     0.0"," ","P","22","     0.0"," ","P","22","     0.0"," ","P","22","     0.0"," ","P","22","     0.0"," ","P","22","     0.0"," ","P","22","     0.0"," ","P","22","     0.0"," ","P","22"," -9999.0","M"," "," 0"," -9999.0","M"," "," 0"," -9999.0","M"," "," 0","     0.0"," ","P","22","    18.4"," ","P","22"
"USC00426601","08-16"," 37.8156","-112.4389","2026.0","PANGUITCH, UT US","08","16","99","    63.9"," ","R","20","    83.3"," ","R","20","    44.6"," ","R","23","    38.7"," ","R","20","     3.9"," ","R","20","     5.8"," ","R","20","     5.0"," ","R","23","     7.5"," ","R","20","     2.1"," ","R","20","     0.0"," ","R","20","     0.0"," ","R","20","     0.0"," ","R","20","     0.0","X","R","20","     0.1"," ","R","20","     0.4"," ","R","20","     1.1"," ","R","20","    23.9"," ","R","20","    18.9"," ","R","20","    13.9"," ","R","20","     9.0"," ","R","20","     7.0"," ","R","20","     4.3"," ","R","20","     0.1"," ","R","20","     0.0","X","R","20","     1.1"," ","R","20","    23.9"," ","R","20","    18.9"," ","R","20","    13.9"," ","R","20","     9.0"," ","R","20","     7.0"," ","R","20","     4.3"," ","R","20","     0.1"," ","R","20","     0.0","X","R","20","    17.5"," ","R","20","    16.4"," ","R","20","    28.4"," ","P","21","    17.7"," ","P","21","     8.4"," ","P","21","     2.8"," ","P","21","     0.5"," ","P","21","     0.0"," ","P","21","     0.0"," ","P","21","     0.0"," ","P","21","    0.06"," ","P","21","    0.12"," ","P","21","    0.28"," ","P","21","    0.90"," ","R","19","    5.90"," ","R","19","     0.0"," ","P","22","     0.0"," ","P","22","     0.0"," ","P","22","     0.0"," ","P","22","     0.0"," ","P","22","     0.0"," ","P","22","     0.0"," ","P","22","     0.0"," ","P","22"," -9999.0","M"," "," 0"," -9999.0","M"," "," 0"," -9999.0","M"," "," 0","     0.0"," ","P","22","    18.4"," ","P","22"
"USC00426601","08-17"," 37.8156","-112.4389","2026.0","PANGUITCH, UT US","08","17","99","    63.7"," ","R","20","    83.1"," ","R","20","    44.3"," ","R","23","    38.8"," ","R","20","     3.9"," ","R","20","     5.8"," ","R","20","     5.1"," ","R","23","     7.5"," ","R","20","     2.3"," ","R","20","     0.0"," ","R","20","     0.0"," ","R","20","     0.0"," ","R","20","     0.0","X","R","20","     0.1"," ","R","20","     0.4"," ","R","20","     1.0"," ","R","20","    23.7"," ","R","20","    18.7"," ","R","20","    13.7"," ","R","20","     8.8"," ","R","20","     6.8"," ","R","20","     4.1"," ","R","20","     0.1"," ","R","20","     0.0","X","R","20","     1.0"," ","R","20","    23.7"," ","R","20","    18.7"," ","R","20","    13.7"," ","R","20","     8.8"," ","R","20","     6.8"," ","R","20","     4.1"," ","R","20","     0.1"," ","R","20","     0.0","X","R","20","    17.4"," ","R","20","    16.3"," ","R","20","    28.4"," ","P","21","    17.8"," ","P","21","     8.4"," ","P","21","     2.8"," ","P","21","     0.5"," ","P","21","     0.0"," ","P","21","     0.0"," ","P","21","     0.0"," ","P","21","    0.06"," ","P","21","    0.12"," ","P","21","    0.28"," ","P","21","    0.96"," ","R","19","    5.96"," ","R","19","     0.0"," ","P","22","     0.0"," ","P","22","     0.0"," ","P","22","     0.0"," ","P","22","     0.0"," ","P","22","     0.0"," ","P","22","     0.0"," ","P","22","     0.0"," ","P","22"," -9999.0","M"," "," 0"," -9999.0","M"," "," 0"," -9999.0","M"," "," 0","     0.0"," ","P","22","    18.4"," ","P","22"
"USC00426601","08-18"," 37.8156","-112.4389","2026.0","PANGUITCH, UT US","08","18","99","    63.5"," ","R","20","    83.0"," ","R","20","    44.1"," ","R","23","    38.9"," ","R","20","     3.9"," ","R","20","     5.8"," ","R","20","     5.1"," ","R","23","     7.5"," ","R","20","     2.4"," ","R","20","     0.0"," ","R","20","     0.0"," ","R","20","     0.0"," ","R","20","     0.0","X","R","20","     0.1"," ","R","20","     0.4"," ","R","20","     0.9"," ","R","20","    23.5"," ","R","20","    18.5"," ","R","20","    13.5"," ","R","20","     8.6"," ","R","20","     6.6"," ","R","20","     4.0"," ","R","20","     0.1"," ","R","20","     0.0","X","R","20","     0.9"," ","R","20","    23.5"," ","R","20","    18.5"," ","R","20","    13.5"," ","R","20","     8.6"," ","R","20","     6.6"," ","R","20","     4.0"," ","R","20","     0.1"," ","R","20","     0.0","X","R","20","    17.3"," ","R","20","    16.2"," ","R","20","    28.4"," ","P","21","    17.8"," ","P","21","     8.5"," ","P","21","     2.9"," ","P","21","     0.5"," ","P","21","     0.0"," ","P","21","     0.0"," ","P","21","     0.0"," ","P","21","    0.06"," ","P","21","    0.13"," ","P","21","    0.28"," ","P","21","    1.02"," ","R","19","    6.02"," ","R","19","     0.0"," ","P","22","     0.0"," ","P","22","     0.0"," ","P","22","     0.0"," ","P","22","     0.0"," ","P","22","     0.0"," ","P","22","     0.0"," ","P","22","     0.0"," ","P","22"," -9999.0","M"," "," 0"," -9999.0","M"," "," 0"," -9999.0","M"," "," 0","     0.0"," ","P","22","    18.4"," ","P","22"
"USC00426601","08-19"," 37.8156","-112.4389","2026.0","PANGUITCH, UT US","08","19","99","    63.3"," ","R","20","    82.8"," ","R","20","    43.8"," ","R","23","    39.0"," ","R","20","     3.9"," ","R","20","     5.8"," ","R","20","     5.2"," ","R","23","     7.6"," ","R","20","     2.5"," ","R","20","     0.0"," ","R","20","     0.0"," ","R","20","     0.0"," ","R","20","     0.0","X","R","20","     0.1"," ","R","20","     0.5"," ","R","20","     0.9"," ","R","20","    23.3"," ","R","20","    18.3"," ","R","20","    13.3"," ","R","20","     8.4"," ","R","20","     6.5"," ","R","20","     3.8"," ","R","20","     0.1"," ","R","20","     0.0","X","R","20","     0.9"," ","R","20","    23.3"," ","R","20","    18.3"," ","R","20","    13.3"," ","R","20","     8.4"," ","R","20","     6.5"," ","R","20","     3.8"," ","R","20","     0.1"," ","R","20","     0.0","X","R","20","    17.2"," ","R","20","    16.1"," ","R","20","    28.4"," ","P","21","    17.9"," ","P","21","     8.5"," ","P","21","     2.9"," ","P","21","     0.5"," ","P","21","     0.0"," ","P","21","     0.0"," ","P","21","     0.0"," ","P","21","    0.06"," ","P","21","    0.13"," ","P","21","    0.28"," ","P","21","    1.07"," ","R","19","    6.07"," ","R","19","     0.0"," ","P","22","     0.0"," ","P","22","     0.0"," ","P","22","     0.0"," ","P","22","     0.0"," ","P","22","     0.0"," ","P","22","     0.0"," ","P","22","     0.0"," ","P","22"," -9999.0","M"," "," 0"," -9999.0","M"," "," 0"," -9999.0","M"," "," 0","     0.0"," ","P","22","    18.4"," ","P","22"
"USC00426601","08-20"," 37.8156","-112.4389","2026.0","PANGUITCH, UT US","08","20","99","    63.1"," ","R","20","    82.7"," ","R","20","    43.6"," ","R","23","    39.1"," ","R","20","     4.0"," ","R","20","     5.8"," ","R","20","     5.2"," ","R","23","     7.6"," ","R","20","     2.7"," ","R","20","     0.0"," ","R","20","     0.0"," ","R","20","     0.0"," ","R","20","     0.1"," ","R","20","     0.2"," ","R","20","     0.6"," ","R","20","     0.8"," ","R","20","    23.1"," ","R","20","    18.1"," ","R","20","    13.1"," ","R","20","     8.2"," ","R","20","     6.3"," ","R","20","     3.7"," ","R","20","     0.1"," ","R","20","     0.0","X","R","20","     0.8"," ","R","20","    23.1"," ","R","20","    18.1"," ","R","20","    13.1"," ","R","20","     8.2"," ","R","20","     6.3"," ","R","20","     3.7"," ","R","20","     0.1"," ","R","20","     0.0","X","R","20","    17.2"," ","R","20","    16.0"," ","R","20","    28.4"," ","P","21","    17.9"," ","P","21","     8.5"," ","P","21","     2.9"," ","P","21","     0.5"," ","P","21","     0.0"," ","P","21","     0.0"," ","P","21","     0.0"," ","P","21","    0.06"," ","P","21","    0.13"," ","P","21","    0.28"," ","P","21","    1.12"," ","R","19","    6.12"," ","R","19","     0.0"," ","P","22","     0.0"," ","P","22","     0.0"," ","P","22","     0.0"," ","P","22","     0.0"," ","P","22","     0.0"," ","P","22","     0.0"," ","P","22","     0.0"," ","P","22"," -9999.0","M"," "," 0"," -9999.0","M"," "," 0"," -9999.0","M"," "," 0","     0.0"," ","P","22","    18.4"," ","P","22"
"USC00426601","08-21"," 37.8156","-112.4389","2026.0","PANGUITCH, UT US","08","21","99","    62.9"," ","R","20","    82.5"," ","R","20","    43.3"," ","R","23","    39.2"," ","R","20","     4.0"," ","R","20","     5.8"," ","R","20","     5.3"," ","R","23","     7.6"," ","R","20","     2.8"," ","R","20","     0.0"," ","R","20","     0.0"," ","R","20","     0.0"," ","R","20","     0.1"," ","R","20","     0.2"," ","R","20","     0.6"," ","R","20","     0.7"," ","R","20","    22.9"," ","R","20","    17.9"," ","R","20","    12.9"," ","R","20","     8.0"," ","R","20","     6.1"," ","R","20","     3.5"," ","R","20","     0.1"," ","R","20","     0.0","X","R","20","     0.7"," ","R","20","    22.9"," ","R","20","    17.9"," ","R","20","    12.9"," ","R","20","     8.0"," ","R","20","     6.1"," ","R","20","     3.5"," ","R","20","     0.1"," ","R","20","     0.0","X","R","20","    17.1"," ","R","20","    15.9"," ","R","20","    28.3"," ","P","21","    18.0"," ","P","21","     8.5"," ","P","21","     2.9"," ","P","21","     0.5"," ","P","21","     0.0"," ","P","21","     0.0"," ","P","21","     0.0"," ","P","21","    0.06"," ","P","21","    0.13"," ","P","21","    0.28"," ","P","21","    1.17"," ","R","19","    6.17"," ","R","19","     0.0"," ","P","22","     0.0"," ","P","22","     0.0"," ","P","22","     0.0"," ","P","22","     0.0"," ","P","22","     0.0"," ","P","22","     0.0"," ","P","22","     0.0"," ","P","22"," -9999.0","M"," "," 0"," -9999.0","M"," "," 0"," -9999.0","M"," "," 0","     0.0"," ","P","22","    18.4"," ","P","22"
"USC00426601","08-22"," 37.8156","-112.4389","2026.0","PANGUITCH, UT US","08","22","99","    62.7"," ","R","20","    82.4"," ","R","20","    43.1"," ","R","23","    39.3"," ","R","20","     4.0"," ","R","20","     5.8"," ","R","20","     5.3"," ","R","23","     7.7"," ","R","20","     3.0"," ","R","20","     0.0"," ","R","20","     0.0"," ","R","20","     0.0"," ","R","20","     0.1"," ","R","20","     0.2"," ","R","20","     0.7"," ","R","20","     0.7"," ","R","20","    22.7"," ","R","20","    17.7"," ","R","20","    12.7"," ","R","20","     7.8"," ","R","20","     5.9"," ","R","20","     3.4"," ","R","20","     0.0","X","R","20","     0.0","X","R","20","     0.7"," ","R","20","    22.7"," ","R","20","    17.7"," ","R","20","    12.7"," ","R","20","     7.8"," ","R","20","     5.9"," ","R","20","     3.4"," ","R","20","     0.0","X","R","20","     0.0","X","R","20","    17.0"," ","R","20","    15.9"," ","R","20","    28.3"," ","P","21","    18.0"," ","P","21","     8.5"," ","P","21","     3.0"," ","P","21","     0.5"," ","P","21","     0.0"," ","P","21","     0.0"," ","P","21","     0.0"," ","P","21","    0.06"," ","P","21","    0.13"," ","P","21","    0.28"," ","P","21","    1.23"," ","R","19","    6.23"," ","R","19","     0.0"," ","P","22","     0.0"," ","P","22","     0.0"," ","P","22","     0.0"," ","P","22","     0.0"," ","P","22","     0.0"," ","P","22","     0.0"," ","P","22","     0.0"," ","P","22"," -9999.0","M"," "," 0"," -9999.0","M"," "," 0"," -9999.0","M"," "," 0","     0.0"," ","P","22","    18.4"," ","P","22"
"USC00426601","08-23"," 37.8156","-112.4389","2026.0","PANGUITCH, UT US","08","23","99","    62.5"," ","R","20","    82.2"," ","R","20","    42.8"," ","R","23","    39.4"," ","R","20","     4.0"," ","R","20","     5.8"," ","R","20","     5.4"," ","R","23","     7.7"," ","R","20","     3.1"," ","R","20","     0.0"," ","R","20","     0.0"," ","R","20","     0.0"," ","R","20","     0.1"," ","R","20","     0.2"," ","R","20","     0.7"," ","R","20","     0.6"," ","R","20","    22.5"," ","R","20","    17.5"," ","R","20","    12.5"," ","R","20","     7.6"," ","R","20","     5.7"," ","R","20","     3.2"," ","R","20","     0.0","X","R","20","     0.0","X","R","20","     0.6"," ","R","20","    22.5"," ","R","20","    17.5"," ","R","20","    12.5"," ","R","20","     7.6"," ","R","20","     5.7"," ","R","20","     3.2"," ","R","20","     0.0","X","R","20","     0.0","X","R","20","    16.9"," ","R","20","    15.8"," ","R","20","    28.2"," ","P","21","    18.0"," ","P","21","     8.5"," ","P","21","     3.0"," ","P","21","     0.5"," ","P","21","     0.0"," ","P","21","     0.0"," ","P","21","     0.0"," ","P","21","    0.06"," ","P","21","    0.13"," ","P","21","    0.28"," ","P","21","    1.28"," ","R","19","    6.28"," ","R","19","     0.0"," ","P","22","     0.0"," ","P","22","     0.0"," ","P","22","     0.0"," ","P","22","     0.0"," ","P","22","     0.0"," ","P","22","     0.0"," ","P","22","     0.0"," ","P","22"," -9999.0","M"," "," 0"," -9999.0","M"," "," 0"," -9999.0","M"," "," 0","     0.0"," ","P","22","    18.4"," ","P","22"
"USC00426601","08-24"," 37.8156","-112.4389","2026.0","PANGUITCH, UT US","08","24","99","    62.3"," ","R","20","    82.0"," ","R","20","    42.5"," ","R","23","    39.5"," ","R","20","     4.1"," ","R","20","     5.9"," ","R","20","     5.4"," ","R","23","     7.7"," ","R","20","     3.3"," ","R","20","     0.0"," ","R","20","     0.0"," ","R","20","     0.0"," ","R","20","     0.1"," ","R","20","     0.3"," ","R","20","     0.8"," ","R","20","     0.6"," ","R","20","    22.3"," ","R","20","    17.3"," ","R","20","    12.3"," ","R","20","     7.4"," ","R","20","     5.6"," ","R","20","     3.1"," ","R","20","     0.0","X","R","20","     0.0","X","R","20","     0.6"," ","R","20","    22.3"," ","R","20","    17.3"," ","R","20","    12.3"," ","R","20","     7.4"," ","R","20","     5.6"," ","R","20","     3.1"," ","R","20","     0.0","X","R","20","     0.0","X","R","20","    16.8"," ","R","20","    15.7"," ","R","20","    28.0"," ","P","21","    17.9"," ","P","21","     8.5"," ","P","21","     3.0"," ","P","21","     0.5"," ","P","21","     0.0"," ","P","21","     0.0"," ","P","21","     0.0"," ","P","21","    0.06"," ","P","21","    0.13"," ","P","21","    0.29"," ","P","21","    1.34"," ","R","19","    6.34"," ","R","19","     0.0"," ","P","22","     0.0"," ","P","22","     0.0"," ","P","22","     0.0"," ","P","22","     0.0"," ","P","22","     0.0"," ","P","22","     0.0"," ","P","22","     0.0"," ","P","22"," -9999.0","M"," "," 0"," -9999.0","M"," "," 0"," -9999.0","M"," "," 0","     0.0"," ","P","22","    18.4"," ","P","22"
"USC00426601","08-25"," 37.8156","-112.4389","2026.0","PANGUITCH, UT US","08","25","99","    62.1"," ","R","20","    81.9"," ","R","20","    42.3"," ","R","23","    39.6"," ","R","20","     4.1"," ","R","20","     5.9"," ","R","20","     5.4"," ","R","23","     7.8"," ","R","20","     3.4"," ","R","20","     0.0"," ","R","20","     0.0"," ","R","20","     0.0"," ","R","20","     0.1"," ","R","20","     0.3"," ","R","20","     0.8"," ","R","20","     0.5"," ","R","20","    22.1"," ","R","20","    17.1"," ","R","20","    12.1"," ","R","20","     7.2"," ","R","20","     5.4"," ","R","20","     2.9"," ","R","20","     0.0","X","R","20","     0.0","X","R","20","     0.5"," ","R","20","    22.1"," ","R","20","    17.1"," ","R","20","    12.1"," ","R","20","     7.2"," ","R","20","     5.4"," ","R","20","     2.9"," ","R","20","     0.0","X","R","20","     0.0","X","R","20","    16.8"," ","R","20","    15.7"," ","R","20","    27.8"," ","P","21","    17.8"," ","P","21","     8.5"," ","P","21","     3.0"," ","P","21","     0.5"," ","P","21","     0.0"," ","P","21","     0.0"," ","P","21","     0.0"," ","P","21","    0.06"," ","P","21","    0.13"," ","P","21","    0.29"," ","P","21","    1.39"," ","R","19","    6.39"," ","R","19","     0.0"," ","P","22","     0.0"," ","P","22","     0.0"," ","P","22","     0.0"," ","P","22","     0.0"," ","P","22","     0.0"," ","P","22","     0.0"," ","P","22","     0.0"," ","P","22"," -9999.0","M"," "," 0"," -9999.0","M"," "," 0"," -9999.0","M"," "," 0","     0.0"," ","P","22","    18.4"," ","P","22"
"USC00426601","08-26"," 37.8156","-112.4389","2026.0","PANGUITCH, UT US","08","26","99","    61.8"," ","R","20","    81.7"," ","R","20","    42.0"," ","R","23","    39.7"," ","R","20","     4.1"," ","R","20","     5.9"," ","R","20","     5.5"," ","R","23","     7.9"," ","R","20","     3.6"," ","R","20","     0.0"," ","R","20","     0.0"," ","R","20","     0.0"," ","R","20","     0.1"," ","R","20","     0.3"," ","R","20","     0.9"," ","R","20","     0.5"," ","R","20","    21.8"," ","R","20","    16.8"," ","R","20","    11.8"," ","R","20","     7.0"," ","R","20","     5.2"," ","R","20","     2.7"," ","R","20","     0.0","X","R","20","     0.0","X","R","20","     0.5"," ","R","20","    21.8"," ","R","20","    16.8"," ","R","20","    11.8"," ","R","20","     7.0"," ","R","20","     5.2"," ","R","20","     2.7"," ","R","20","     0.0","X","R","20","     0.0","X","R","20","    16.7"," ","R","20","    15.6"," ","R","20","    27.6"," ","P","21","    17.6"," ","P","21","     8.5"," ","P","21","     3.0"," ","P","21","     0.5"," ","P","21","     0.0"," ","P","21","     0.0"," ","P","21","     0.0"," ","P","21","    0.06"," ","P","21","    0.13"," ","P","21","    0.29"," ","P","21","    1.44"," ","R","19","    6.44"," ","R","19","     0.0"," ","P","22","     0.0"," ","P","22","     0.0"," ","P","22","     0.0"," ","P","22","     0.0"," ","P","22","     0.0"," ","P","22","     0.0"," ","P","22","     0.0"," ","P","22"," -9999.0","M"," "," 0"," -9999.0","M"," "," 0"," -9999.0","M"," "," 0","     0.0"," ","P","22","    18.4"," ","P","22"
"USC00426601","08-27"," 37.8156","-112.4389","2026.0","PANGUITCH, UT US","08","27","99","    61.6"," ","R","20","    81.5"," ","R","20","    41.7"," ","R","23","    39.8"," ","R","20","     4.1"," ","R","20","     6.0"," ","R","20","     5.5"," ","R","23","     7.9"," ","R","20","     3.8"," ","R","20","     0.0"," ","R","20","     0.0","X","R","20","     0.0","X","R","20","     0.1"," ","R","20","     0.3"," ","R","20","     1.0"," ","R","20","     0.4"," ","R","20","    21.6"," ","R","20","    16.6"," ","R","20","    11.6"," ","R","20","     6.8"," ","R","20","     5.0"," ","R","20","     2.6"," ","R","20","     0.0","X","R","20","     0.0","X","R","20","     0.4"," ","R","20","    21.6"," ","R","20","    16.6"," ","R","20","    11.6"," ","R","20","     6.8"," ","R","20","     5.0"," ","R","20","     2.6"," ","R","20","     0.0","X","R","20","     0.0","X","R","20","    16.6"," ","R","20","    15.5"," ","R","20","    27.4"," ","P","20","    17.5"," ","P","20","     8.4"," ","P","20","     3.0"," ","P","20","     0.5"," ","P","20","     0.0"," ","P","20","     0.0"," ","P","20","     0.0"," ","P","20","    0.06"," ","P","20","    0.13"," ","P","20","    0.29"," ","P","20","    1.49"," ","R","19","    6.49"," ","R","19","     0.0"," ","P","21","     0.0"," ","P","21","     0.0"," ","P","21","     0.0"," ","P","21","     0.0"," ","P","21","     0.0"," ","P","21","     0.0"," ","P","21","     0.0"," ","P","21"," -9999.0","M"," "," 0"," -9999.0","M"," "," 0"," -9999.0","M"," "," 0","     0.0"," ","P","22","    18.4"," ","P","22"
"USC00426601","08-28"," 37.8156","-112.4389","2026.0","PANGUITCH, UT US","08","28","99","    61.4"," ","R","20","    81.3"," ","R","20","    41.5"," ","R","23","    39.9"," ","R","20","     4.2"," ","R","20","     6.0"," ","R","20","     5.6"," ","R","23","     8.0"," ","R","20","     4.0"," ","R","20","     0.0"," ","R","20","     0.0","X","R","20","     0.0","X","R","20","     0.2"," ","R","20","     0.4"," ","R","20","     1.1"," ","R","20","     0.4"," ","R","20","    21.4"," ","R","20","    16.4"," ","R","20","    11.4"," ","R","20","     6.5"," ","R","20","     4.8"," ","R","20","     2.4"," ","R","20","     0.0","X","R","20","     0.0","X","R","20","     0.4"," ","R","20","    21.4"," ","R","20","    16.4"," ","R","20","    11.4"," ","R","20","     6.5"," ","R","20","     4.8"," ","R","20","     2.4"," ","R","20","     0.0","X","R","20","     0.0","X","R","20","    16.5"," ","R","20","    15.4"," ","R","20","    27.1"," ","P","21","    17.3"," ","P","21","     8.3"," ","P","21","     3.0"," ","P","21","     0.5"," ","P","21","     0.0"," ","P","21","     0.0"," ","P","21","     0.0"," ","P","21","    0.06"," ","P","21","    0.13"," ","P","21","    0.29"," ","P","21","    1.55"," ","R","19","    6.55"," ","R","19","     0.0"," ","P","21","     0.0"," ","P","21","     0.0"," ","P","21","     0.0"," ","P","21","     0.0"," ","P","21","     0.0"," ","P","21","     0.0"," ","P","21","     0.0"," ","P","21"," -9999.0","M"," "," 0"," -9999.0","M"," "," 0"," -9999.0","M"," "," 0","     0.0"," ","P","22","    18.4"," ","P","22"
"USC00426601","08-29"," 37.8156","-112.4389","2026.0","PANGUITCH, UT US","08","29","99","    61.2"," ","R","20","    81.1"," ","R","20","    41.2"," ","R","23","    40.0"," ","R","20","     4.2"," ","R","20","     6.0"," ","R","20","     5.6"," ","R","23","     8.1"," ","R","20","     4.2"," ","R","20","     0.0"," ","R","20","     0.0","X","R","20","     0.0","X","R","20","     0.2"," ","R","20","     0.4"," ","R","20","     1.1"," ","R","20","     0.3"," ","R","20","    21.2"," ","R","20","    16.2"," ","R","20","    11.2"," ","R","20","     6.3"," ","R","20","     4.6"," ","R","20","     2.3"," ","R","20","     0.0","X","R","20","     0.0","X","R","20","     0.3"," ","R","20","    21.2"," ","R","20","    16.2"," ","R","20","    11.2"," ","R","20","     6.3"," ","R","20","     4.6"," ","R","20","     2.3"," ","R","20","     0.0","X","R","20","     0.0","X","R","20","    16.4"," ","R","20","    15.3"," ","R","20","    26.8"," ","P","21","    17.1"," ","P","21","     8.3"," ","P","21","     2.9"," ","P","21","     0.5"," ","P","21","     0.0"," ","P","21","     0.0"," ","P","21","     0.0"," ","P","21","    0.06"," ","P","21","    0.13"," ","P","21","    0.29"," ","P","21","    1.61"," ","R","19","    6.61"," ","R","19","     0.0"," ","P","21","     0.0"," ","P","21","     0.0"," ","P","21","     0.0"," ","P","21","     0.0"," ","P","21","     0.0"," ","P","21","     0.0"," ","P","21","     0.0"," ","P","21"," -9999.0","M"," "," 0"," -9999.0","M"," "," 0"," -9999.0","M"," "," 0","     0.0"," ","P","22","    18.4"," ","P","22"
"USC00426601","08-30"," 37.8156","-112.4389","2026.0","PANGUITCH, UT US","08","30","99","    60.9"," ","R","20","    81.0"," ","R","20","    40.9"," ","R","23","    40.1"," ","R","20","     4.2"," ","R","20","     6.1"," ","R","20","     5.6"," ","R","23","     8.1"," ","R","20","     4.4"," ","R","20","     0.0"," ","R","20","     0.0","X","R","20","     0.0","X","R","20","     0.2"," ","R","20","     0.5"," ","R","20","     1.2"," ","R","20","     0.3"," ","R","20","    20.9"," ","R","20","    15.9"," ","R","20","    10.9"," ","R","20","     6.1"," ","R","20","     4.4"," ","R","20","     2.2"," ","R","20","     0.0","X","R","20","     0.0","X","R","20","     0.3"," ","R","20","    20.9"," ","R","20","    15.9"," ","R","20","    10.9"," ","R","20","     6.1"," ","R","20","     4.4"," ","R","20","     2.2"," ","R","20","     0.0","X","R","20","     0.0","X","R","20","    16.3"," ","R","20","    15.2"," ","R","20","    26.6"," ","P","21","    17.0"," ","P","21","     8.2"," ","P","21","     2.9"," ","P","21","     0.5"," ","P","21","     0.0"," ","P","21","     0.0"," ","P","21","     0.0"," ","P","21","    0.06"," ","P","21","    0.14"," ","P","21","    0.29"," ","P","21","    1.66"," ","R","19","    6.66"," ","R","19","     0.0"," ","P","21","     0.0"," ","P","21","     0.0"," ","P","21","     0.0"," ","P","21","     0.0"," ","P","21","     0.0"," ","P","21","     0.0"," ","P","21","     0.0"," ","P","21"," -9999.0","M"," "," 0"," -9999.0","M"," "," 0"," -9999.0","M"," "," 0","     0.0"," ","P","22","    18.4"," ","P","22"
"USC00426601","08-31"," 37.8156","-112.4389","2026.0","PANGUITCH, UT US","08","31","99","    60.7"," ","R","20","    80.8"," ","R","20","    40.6"," ","R","23","    40.2"," ","R","20","     4.2"," ","R","20","     6.1"," ","R","20","     5.6"," ","R","23","     8.2"," ","R","20","     4.6"," ","R","20","     0.0","X","R","20","     0.0","X","R","20","     0.0","X","R","20","     0.2"," ","R","20","     0.5"," ","R","20","     1.3"," ","R","20","     0.2"," ","R","20","    20.7"," ","R","20","    15.7"," ","R","20","    10.7"," ","R","20","     5.9"," ","R","20","     4.2"," ","R","20","     2.0"," ","R","20","     0.0","X","R","20","     0.0","X","R","20","     0.2"," ","R","20","    20.7"," ","R","20","    15.7"," ","R","20","    10.7"," ","R","20","     5.9"," ","R","20","     4.2"," ","R","20","     2.0"," ","R","20","     0.0","X","R","20","     0.0","X","R","20","    16.2"," ","R","20","    15.2"," ","R","20","    26.3"," ","P","21","    16.8"," ","P","21","     8.2"," ","P","21","     2.9"," ","P","21","     0.5"," ","P","21","     0.0"," ","P","21","     0.0"," ","P","21","     0.0"," ","P","21","    0.06"," ","P","21","    0.14"," ","P","21","    0.29"," ","P","21","    1.72"," ","R","19","    6.72"," ","R","19","     0.0"," ","P","21","     0.0"," ","P","21","     0.0"," ","P","21","     0.0"," ","P","21","     0.0"," ","P","21","     0.0"," ","P","21","     0.0"," ","P","21","     0.0"," ","P","21"," -9999.0","M"," "," 0"," -9999.0","M"," "," 0"," -9999.0","M"," "," 0","     0.0"," ","P","22","    18.4"," ","P","22"
"USC00426601","09-01"," 37.8156","-112.4389","2026.0","PANGUITCH, UT US","09","01","99","    60.4"," ","R","20","    80.6"," ","R","20","    40.3"," ","R","22","    40.3"," ","R","20","     4.3"," ","R","20","     6.2"," ","R","20","     5.7"," ","R","22","     8.2"," ","R","20","     4.8"," ","R","20","     0.0","X","R","20","     0.0","X","R","20","     0.0","X","R","20","     0.3"," ","R","20","     0.6"," ","R","20","     1.4"," ","R","20","     0.2"," ","R","20","    20.4"," ","R","20","    15.4"," ","R","20","    10.5"," ","R","20","     5.7"," ","R","20","     4.0"," ","R","20","     1.9"," ","R","20","     0.0","X","R","20","     0.0","X","R","20","     0.2"," ","R","20","    20.4"," ","R","20","    15.4"," ","R","20","    10.5"," ","R","20","     5.7"," ","R","20","     4.0"," ","R","20","     1.9"," ","R","20","     0.0","X","R","20","     0.0","X","R","20","    16.1"," ","R","20","    15.1"," ","R","20","    26.1"," ","P","21","    16.6"," ","P","21","     8.1"," ","P","21","     2.9"," ","P","21","     0.5"," ","P","21","     0.0"," ","P","21","     0.0"," ","P","21","     0.0"," ","P","21","    0.06"," ","P","21","    0.14"," ","P","21","    0.30"," ","P","21","    0.07"," ","R","20","    6.79"," ","R","20","     0.0"," ","P","21","     0.0"," ","P","21","     0.0"," ","P","21","     0.0"," ","P","21","     0.0"," ","P","21","     0.0"," ","P","21","     0.0"," ","P","21","     0.0"," ","P","21"," -9999.0","M"," "," 0"," -9999.0","M"," "," 0"," -9999.0","M"," "," 0","     0.0"," ","P","20","    18.4"," ","P","20"
"USC00426601","09-02"," 37.8156","-112.4389","2026.0","PANGUITCH, UT US","09","02","99","    60.2"," ","R","20","    80.4"," ","R","20","    40.0"," ","R","22","    40.3"," ","R","20","     4.3"," ","R","20","     6.2"," ","R","20","     5.7"," ","R","22","     8.3"," ","R","20","     5.0"," ","R","20","     0.0","X","R","20","     0.0","X","R","20","     0.1"," ","R","20","     0.3"," ","R","20","     0.6"," ","R","20","     1.5"," ","R","20","     0.2"," ","R","20","    20.2"," ","R","20","    15.2"," ","R","20","    10.2"," ","R","20","     5.5"," ","R","20","     3.8"," ","R","20","     1.7"," ","R","20","     0.0","X","R","20","     0.0"," ","R","20","     0.2"," ","R","20","    20.2"," ","R","20","    15.2"," ","R","20","    10.2"," ","R","20","     5.5"," ","R","20","     3.8"," ","R","20","     1.7"," ","R","20","     0.0","X","R","20","     0.0"," ","R","20","    16.1"," ","R","20","    15.0"," ","R","20","    25.8"," ","P","21","    16.5"," ","P","21","     8.1"," ","P","21","     2.9"," ","P","21","     0.5"," ","P","21","     0.0"," ","P","21","     0.0"," ","P","21","     0.0"," ","P","21","    0.06"," ","P","21","    0.14"," ","P","21","    0.30"," ","P","21","    0.13"," ","R","20","    6.85"," ","R","20","     0.0"," ","P","21","     0.0"," ","P","21","     0.0"," ","P","21","     0.0"," ","P","21","     0.0"," ","P","21","     0.0"," ","P","21","     0.0"," ","P","21","     0.0"," ","P","21"," -9999.0","M"," "," 0"," -9999.0","M"," "," 0"," -9999.0","M"," "," 0","     0.0"," ","P","20","    18.4"," ","P","20"
"USC00426601","09-03"," 37.8156","-112.4389","2026.0","PANGUITCH, UT US","09","03","99","    59.9"," ","R","20","    80.1"," ","R","20","    39.7"," ","R","22","    40.4"," ","R","20","     4.3"," ","R","20","     6.2"," ","R","20","     5.7"," ","R","22","     8.3"," ","R","20","     5.2"," ","R","20","     0.0","X","R","20","     0.0","X","R","20","     0.1"," ","R","20","     0.3"," ","R","20","     0.7"," ","R","20","     1.6"," ","R","20","     0.1"," ","R","20","    19.9"," ","R","20","    15.0"," ","R","20","    10.0"," ","R","20","     5.3"," ","R","20","     3.6"," ","R","20","     1.5"," ","R","20","     0.0","X","R","20","     0.0"," ","R","20","     0.1"," ","R","20","    19.9"," ","R","20","    15.0"," ","R","20","    10.0"," ","R","20","     5.3"," ","R","20","     3.6"," ","R","20","     1.5"," ","R","20","     0.0","X","R","20","     0.0"," ","R","20","    16.0"," ","R","20","    14.9"," ","R","20","    25.5"," ","P","21","    16.3"," ","P","21","     8.1"," ","P","21","     2.9"," ","P","21","     0.5"," ","P","21","     0.0"," ","P","21","     0.0"," ","P","21","     0.0"," ","P","21","    0.06"," ","P","21","    0.14"," ","P","21","    0.30"," ","P","21","    0.19"," ","R","20","    6.91"," ","R","20","     0.0"," ","P","21","     0.0"," ","P","21","     0.0"," ","P","21","     0.0"," ","P","21","     0.0"," ","P","21","     0.0"," ","P","21","     0.0"," ","P","21","     0.0"," ","P","21"," -9999.0","M"," "," 0"," -9999.0","M"," "," 0"," -9999.0","M"," "," 0","     0.0"," ","P","20","    18.4"," ","P","20"
"USC00426601","09-04"," 37.8156","-112.4389","2026.0","PANGUITCH, UT US","09","04","99","    59.7"," ","R","20","    79.9"," ","R","20","    39.4"," ","R","22","    40.5"," ","R","20","     4.3"," ","R","20","     6.3"," ","R","20","     5.8"," ","R","22","     8.4"," ","R","20","     5.5"," ","R","20","     0.0","X","R","20","     0.0","X","R","20","     0.1"," ","R","20","     0.4"," ","R","20","     0.7"," ","R","20","     1.7"," ","R","20","     0.1"," ","R","20","    19.7"," ","R","20","    14.7"," ","R","20","     9.8"," ","R","20","     5.0"," ","R","20","     3.4"," ","R","20","     1.4"," ","R","20","     0.0","X","R","20","     0.0"," ","R","20","     0.1"," ","R","20","    19.7"," ","R","20","    14.7"," ","R","20","     9.8"," ","R","20","     5.0"," ","R","20","     3.4"," ","R","20","     1.4"," ","R","20","     0.0","X","R","20","     0.0"," ","R","20","    15.9"," ","R","20","    14.8"," ","R","20","    25.3"," ","P","21","    16.2"," ","P","21","     8.1"," ","P","21","     2.9"," ","P","21","     0.5"," ","P","21","     0.0"," ","P","21","     0.0"," ","P","21","     0.0"," ","P","21","    0.05"," ","P","21","    0.14"," ","P","21","    0.30"," ","P","21","    0.25"," ","R","20","    6.97"," ","R","20","     0.0"," ","P","21","     0.0"," ","P","21","     0.0"," ","P","21","     0.0"," ","P","21","     0.0"," ","P","21","     0.0"," ","P","21","     0.0"," ","P","21","     0.0"," ","P","21"," -9999.0","M"," "," 0"," -9999.0","M"," "," 0"," -9999.0","M"," "," 0","     0.0"," ","P","20","    18.4"," ","P","20"
"USC00426601","09-05"," 37.8156","-112.4389","2026.0","PANGUITCH, UT US","09","05","99","    59.4"," ","R","20","    79.7"," ","R","20","    39.1"," ","R","22","    40.6"," ","R","20","     4.4"," ","R","20","     6.3"," ","R","20","     5.8"," ","R","22","     8.4"," ","R","20","     5.7"," ","R","20","     0.0","X","R","20","     0.0","X","R","20","     0.1"," ","R","20","     0.4"," ","R","20","     0.8"," ","R","20","     1.9"," ","R","20","     0.1"," ","R","20","    19.4"," ","R","20","    14.4"," ","R","20","     9.5"," ","R","20","     4.8"," ","R","20","     3.2"," ","R","20","     1.3"," ","R","20","     0.0"," ","R","20","     0.0"," ","R","20","     0.1"," ","R","20","    19.4"," ","R","20","    14.4"," ","R","20","     9.5"," ","R","20","     4.8"," ","R","20","     3.2"," ","R","20","     1.3"," ","R","20","     0.0"," ","R","20","     0.0"," ","R","20","    15.8"," ","R","20","    14.7"," ","R","20","    25.1"," ","P","21","    16.0"," ","P","21","     8.0"," ","P","21","     2.9"," ","P","21","     0.5"," ","P","21","     0.0"," ","P","21","     0.0"," ","P","21","     0.0"," ","P","21","    0.05"," ","P","21","    0.14"," ","P","21","    0.30"," ","P","21","    0.31"," ","R","20","    7.03"," ","R","20","     0.0"," ","P","21","     0.0"," ","P","21","     0.0"," ","P","21","     0.0"," ","P","21","     0.0"," ","P","21","     0.0"," ","P","21","     0.0"," ","P","21","     0.0"," ","P","21"," -9999.0","M"," "," 0"," -9999.0","M"," "," 0"," -9999.0","M"," "," 0","     0.0"," ","P","20","    18.4"," ","P","20"
"USC00426601","09-06"," 37.8156","-112.4389","2026.0","PANGUITCH, UT US","09","06","99","    59.1"," ","R","20","    79.5"," ","R","20","    38.8"," ","R","22","    40.7"," ","R","20","     4.4"," ","R","20","     6.3"," ","R","20","     5.8"," ","R","22","     8.4"," ","R","20","     6.0"," ","R","20","     0.0","X","R","20","     0.0","X","R","20","     0.1"," ","R","20","     0.5"," ","R","20","     0.9"," ","R","20","     2.0"," ","R","20","     0.1"," ","R","20","    19.1"," ","R","20","    14.2"," ","R","20","     9.2"," ","R","20","     4.6"," ","R","20","     3.0"," ","R","20","     1.1"," ","R","20","     0.0"," ","R","20","     0.0"," ","R","20","     0.1"," ","R","20","    19.1"," ","R","20","    14.2"," ","R","20","     9.2"," ","R","20","     4.6"," ","R","20","     3.0"," ","R","20","     1.1"," ","R","20","     0.0"," ","R","20","     0.0"," ","R","20","    15.7"," ","R","20","    14.6"," ","R","20","    24.8"," ","P","23","    15.8"," ","P","23","     8.0"," ","P","23","     2.9"," ","P","23","     0.5"," ","P","23","     0.0"," ","P","23","     0.0"," ","P","23","     0.0"," ","P","23","    0.05"," ","P","23","    0.14"," ","P","23","    0.31"," ","P","23","    0.36"," ","R","20","    7.08"," ","R","20","     0.0"," ","P","21","     0.0"," ","P","21","     0.0"," ","P","21","     0.0"," ","P","21","     0.0"," ","P","21","     0.0"," ","P","21","     0.0"," ","P","21","     0.0"," ","P","21"," -9999.0","M"," "," 0"," -9999.0","M"," "," 0"," -9999.0","M"," "," 0","     0.0"," ","P","20","    18.4"," ","P","20"
"USC00426601","09-07"," 37.8156","-112.4389","2026.0","PANGUITCH, UT US","09","07","99","    58.8"," ","R","20","    79.2"," ","R","20","    38.5"," ","R","22","    40.8"," ","R","20","     4.4"," ","R","20","     6.4"," ","R","20","     5.9"," ","R","22","     8.4"," ","R","20","     6.2"," ","R","20","     0.0","X","R","20","     0.0","X","R","20","     0.1"," ","R","20","     0.5"," ","R","20","     0.9"," ","R","20","     2.2"," ","R","20","     0.1"," ","R","20","    18.8"," ","R","20","    13.9"," ","R","20","     9.0"," ","R","20","     4.4"," ","R","20","     2.8"," ","R","20","     1.0"," ","R","20","     0.0"," ","R","20","     0.0"," ","R","20","     0.1"," ","R","20","    18.8"," ","R","20","    13.9"," ","R","20","     9.0"," ","R","20","     4.4"," ","R","20","     2.8"," ","R","20","     1.0"," ","R","20","     0.0"," ","R","20","     0.0"," ","R","20","    15.5"," ","R","20","    14.5"," ","R","20","    24.5"," ","P","23","    15.6"," ","P","23","     8.0"," ","P","23","     2.8"," ","P","23","     0.5"," ","P","23","     0.0"," ","P","23","     0.0"," ","P","23","     0.0"," ","P","23","    0.05"," ","P","23","    0.14"," ","P","23","    0.31"," ","P","23","    0.41"," ","R","20","    7.13"," ","R","20","     0.0"," ","P","21","     0.0"," ","P","21","     0.0"," ","P","21","     0.0"," ","P","21","     0.0"," ","P","21","     0.0"," ","P","21","     0.0"," ","P","21","     0.0"," ","P","21"," -9999.0","M"," "," 0"," -9999.0","M"," "," 0"," -9999.0","M"," "," 0","     0.0"," ","P","20","    18.4"," ","P","20"
"USC00426601","09-08"," 37.8156","-112.4389","2026.0","PANGUITCH, UT US","09","08","99","    58.6"," ","R","20","    79.0"," ","R","20","    38.1"," ","R","22","    40.8"," ","R","20","     4.5"," ","R","20","     6.4"," ","R","20","     5.9"," ","R","22","     8.4"," ","R","20","     6.5"," ","R","20","     0.0","X","R","20","     0.0","X","R","20","     0.1"," ","R","20","     0.6"," ","R","20","     1.1"," ","R","20","     2.4"," ","R","20","     0.1"," ","R","20","    18.6"," ","R","20","    13.6"," ","R","20","     8.7"," ","R","20","     4.1"," ","R","20","     2.6"," ","R","20","     0.9"," ","R","20","     0.0"," ","R","20","     0.0"," ","R","20","     0.1"," ","R","20","    18.6"," ","R","20","    13.6"," ","R","20","     8.7"," ","R","20","     4.1"," ","R","20","     2.6"," ","R","20","     0.9"," ","R","20","     0.0"," ","R","20","     0.0"," ","R","20","    15.4"," ","R","20","    14.4"," ","R","20","    24.2"," ","P","23","    15.4"," ","P","23","     7.9"," ","P","23","     2.8"," ","P","23","     0.6"," ","P","23","     0.0"," ","P","23","     0.0"," ","P","23","     0.0"," ","P","23","    0.05"," ","P","23","    0.14"," ","P","23","    0.31"," ","P","23","    0.46"," ","R","20","    7.18"," ","R","20","     0.0"," ","P","21","     0.0"," ","P","21","     0.0"," ","P","21","     0.0"," ","P","21","     0.0"," ","P","21","     0.0"," ","P","21","     0.0"," ","P","21","     0.0"," ","P","21"," -9999.0","M"," "," 0"," -9999.0","M"," "," 0"," -9999.0","M"," "," 0","     0.0"," ","P","20","    18.4"," ","P","20"
"USC00426601","09-09"," 37.8156","-112.4389","2026.0","PANGUITCH, UT US","09","09","99","    58.3"," ","R","20","    78.7"," ","R","20","    37.8"," ","R","22","    40.9"," ","R","20","     4.5"," ","R","20","     6.4"," ","R","20","     5.9"," ","R","22","     8.4"," ","R","20","     6.8"," ","R","20","     0.0","X","R","20","     0.1"," ","R","20","     0.2"," ","R","20","     0.7"," ","R","20","     1.2"," ","R","20","     2.6"," ","R","20","     0.0","X","R","20","    18.3"," ","R","20","    13.3"," ","R","20","     8.4"," ","R","20","     3.9"," ","R","20","     2.4"," ","R","20","     0.8"," ","R","20","     0.0"," ","R","20","     0.0"," ","R","20","     0.0","X","R","20","    18.3"," ","R","20","    13.3"," ","R","20","     8.4"," ","R","20","     3.9"," ","R","20","     2.4"," ","R","20","     0.8"," ","R","20","     0.0"," ","R","20","     0.0"," ","R","20","    15.3"," ","R","20","    14.3"," ","R","20","    23.8"," ","P","23","    15.1"," ","P","23","     7.9"," ","P","23","     2.9"," ","P","23","     0.6"," ","P","23","     0.0"," ","P","23","     0.0"," ","P","23","     0.0"," ","P","23","    0.05"," ","P","23","    0.14"," ","P","23","    0.31"," ","P","23","    0.51"," ","R","20","    7.23"," ","R","20","     0.0"," ","P","21","     0.0"," ","P","21","     0.0"," ","P","21","     0.0"," ","P","21","     0.0"," ","P","21","     0.0"," ","P","21","     0.0"," ","P","21","     0.0"," ","P","21"," -9999.0","M"," "," 0"," -9999.0","M"," "," 0"," -9999.0","M"," "," 0","     0.0"," ","P","20","    18.4"," ","P","20"
"USC00426601","09-10"," 37.8156","-112.4389","2026.0","PANGUITCH, UT US","09","10","99","    58.0"," ","R","20","    78.4"," ","R","20","    37.5"," ","R","22","    41.0"," ","R","20","     4.6"," ","R","20","     6.5"," ","R","20","     6.0"," ","R","22","     8.5"," ","R","20","     7.1"," ","R","20","     0.0","X","R","20","     0.1"," ","R","20","     0.2"," ","R","20","     0.8"," ","R","20","     1.3"," ","R","20","     2.8"," ","R","20","     0.0","X","R","20","    18.0"," ","R","20","    13.0"," ","R","20","     8.1"," ","R","20","     3.7"," ","R","20","     2.3"," ","R","20","     0.7"," ","R","20","     0.0"," ","R","20","     0.0"," ","R","20","     0.0","X","R","20","    18.0"," ","R","20","    13.0"," ","R","20","     8.1"," ","R","20","     3.7"," ","R","20","     2.3"," ","R","20","     0.7"," ","R","20","     0.0"," ","R","20","     0.0"," ","R","20","    15.2"," ","R","20","    14.1"," ","R","20","    23.4"," ","P","23","    14.9"," ","P","23","     7.8"," ","P","23","     2.9"," ","P","23","     0.6"," ","P","23","     0.0"," ","P","23","     0.0"," ","P","23","     0.0"," ","P","23","    0.05"," ","P","23","    0.14"," ","P","23","    0.32"," ","P","23","    0.56"," ","R","20","    7.28"," ","R","20","     0.0"," ","P","21","     0.0"," ","P","21","     0.0"," ","P","21","     0.0"," ","P","21","     0.0"," ","P","21","     0.0"," ","P","21","     0.0"," ","P","21","     0.0"," ","P","21"," -9999.0","M"," "," 0"," -9999.0","M"," "," 0"," -9999.0","M"," "," 0","     0.0"," ","P","20","    18.4"," ","P","20"
"USC00426601","09-11"," 37.8156","-112.4389","2026.0","PANGUITCH, UT US","09","11","99","    57.6"," ","R","20","    78.2"," ","R","20","    37.1"," ","R","22","    41.0"," ","R","20","     4.6"," ","R","20","     6.5"," ","R","20","     6.0"," ","R","22","     8.5"," ","R","20","     7.4"," ","R","20","     0.0","X","R","20","     0.1"," ","R","20","     0.2"," ","R","20","     0.9"," ","R","20","     1.5"," ","R","20","     3.0"," ","R","20","     0.0","X","R","20","    17.7"," ","R","20","    12.7"," ","R","20","     7.9"," ","R","20","     3.5"," ","R","20","     2.1"," ","R","20","     0.7"," ","R","20","     0.0"," ","R","20","     0.0"," ","R","20","     0.0","X","R","20","    17.7"," ","R","20","    12.7"," ","R","20","     7.9"," ","R","20","     3.5"," ","R","20","     2.1"," ","R","20","     0.7"," ","R","20","     0.0"," ","R","20","     0.0"," ","R","20","    15.0"," ","R","20","    14.0"," ","R","20","    23.0"," ","P","23","    14.6"," ","P","23","     7.7"," ","P","23","     2.9"," ","P","23","     0.6"," ","P","23","     0.0"," ","P","23","     0.0"," ","P","23","     0.0"," ","P","23","    0.05"," ","P","23","    0.14"," ","P","23","    0.32"," ","P","23","    0.60"," ","R","20","    7.32"," ","R","20","     0.0"," ","P","21","     0.0"," ","P","21","     0.0"," ","P","21","     0.0"," ","P","21","     0.0"," ","P","21","     0.0"," ","P","21","     0.0"," ","P","21","     0.0"," ","P","21"," -9999.0","M"," "," 0"," -9999.0","M"," "," 0"," -9999.0","M"," "," 0","     0.0"," ","P","20","    18.4"," ","P","20"
"USC00426601","09-12"," 37.8156","-112.4389","2026.0","PANGUITCH, UT US","09","12","99","    57.3"," ","R","20","    77.9"," ","R","20","    36.8"," ","R","22","    41.1"," ","R","20","     4.7"," ","R","20","     6.6"," ","R","20","     6.0"," ","R","22","     8.5"," ","R","20","     7.7"," ","R","20","     0.0","X","R","20","     0.1"," ","R","20","     0.2"," ","R","20","     1.0"," ","R","20","     1.6"," ","R","20","     3.3"," ","R","20","     0.0","X","R","20","    17.3"," ","R","20","    12.4"," ","R","20","     7.6"," ","R","20","     3.3"," ","R","20","     1.9"," ","R","20","     0.6"," ","R","20","     0.0"," ","R","20","     0.0"," ","R","20","     0.0","X","R","20","    17.3"," ","R","20","    12.4"," ","R","20","     7.6"," ","R","20","     3.3"," ","R","20","     1.9"," ","R","20","     0.6"," ","R","20","     0.0"," ","R","20","     0.0"," ","R","20","    14.9"," ","R","20","    13.9"," ","R","20","    22.5"," ","P","23","    14.2"," ","P","23","     7.6"," ","P","23","     2.9"," ","P","23","     0.6"," ","P","23","     0.0"," ","P","23","     0.0"," ","P","23","     0.0"," ","P","23","    0.05"," ","P","23","    0.14"," ","P","23","    0.32"," ","P","23","    0.64"," ","R","20","    7.36"," ","R","20","     0.0"," ","P","21","     0.0"," ","P","21","     0.0"," ","P","21","     0.0"," ","P","21","     0.0"," ","P","21","     0.0"," ","P","21","     0.0"," ","P","21","     0.0"," ","P","21"," -9999.0","M"," "," 0"," -9999.0","M"," "," 0"," -9999.0","M"," "," 0","     0.0"," ","P","20","    18.4"," ","P","20"
"USC00426601","09-13"," 37.8156","-112.4389","2026.0","PANGUITCH, UT US","09","13","99","    57.0"," ","R","20","    77.6"," ","R","20","    36.4"," ","R","22","    41.2"," ","R","20","     4.7"," ","R","20","     6.6"," ","R","20","     6.0"," ","R","22","     8.5"," ","R","20","     8.0"," ","R","20","     0.0","X","R","20","     0.1"," ","R","20","     0.3"," ","R","20","     1.0"," ","R","20","     1.7"," ","R","20","     3.5"," ","R","20","     0.0","X","R","20","    17.0"," ","R","20","    12.1"," ","R","20","     7.3"," ","R","20","     3.0"," ","R","20","     1.7"," ","R","20","     0.5"," ","R","20","     0.0"," ","R","20","     0.0"," ","R","20","     0.0","X","R","20","    17.0"," ","R","20","    12.1"," ","R","20","     7.3"," ","R","20","     3.0"," ","R","20","     1.7"," ","R","20","     0.5"," ","R","20","     0.0"," ","R","20","     0.0"," ","R","20","    14.7"," ","R","20","    13.7"," ","R","20","    22.0"," ","P","23","    13.8"," ","P","23","     7.4"," ","P","23","     2.8"," ","P","23","     0.6"," ","P","23","     0.0"," ","P","23","     0.0"," ","P","23","     0.0"," ","P","23","    0.05"," ","P","23","    0.14"," ","P","23","    0.32"," ","P","23","    0.68"," ","R","20","    7.40"," ","R","20","     0.0"," ","P","21","     0.0"," ","P","21","     0.0"," ","P","21","     0.0"," ","P","21","     0.0"," ","P","21","     0.0"," ","P","21","     0.0"," ","P","21","     0.0"," ","P","21"," -9999.0","M"," "," 0"," -9999.0","M"," "," 0"," -9999.0","M"," "," 0","     0.0"," ","P","20","    18.4"," ","P","20"
"USC00426601","09-14"," 37.8156","-112.4389","2026.0","PANGUITCH, UT US","09","14","99","    56.7"," ","R","20","    77.3"," ","R","20","    36.1"," ","R","22","    41.2"," ","R","20","     4.7"," ","R","20","     6.7"," ","R","20","     6.1"," ","R","22","     8.5"," ","R","20","     8.3"," ","R","20","     0.0","X","R","20","     0.1"," ","R","20","     0.3"," ","R","20","     1.1"," ","R","20","     1.9"," ","R","20","     3.7"," ","R","20","     0.0","X","R","20","    16.7"," ","R","20","    11.8"," ","R","20","     7.0"," ","R","20","     2.8"," ","R","20","     1.6"," ","R","20","     0.4"," ","R","20","     0.0"," ","R","20","     0.0"," ","R","20","     0.0","X","R","20","    16.7"," ","R","20","    11.8"," ","R","20","     7.0"," ","R","20","     2.8"," ","R","20","     1.6"," ","R","20","     0.4"," ","R","20","     0.0"," ","R","20","     0.0"," ","R","20","    14.6"," ","R","20","    13.6"," ","R","20","    21.6"," ","P","23","    13.5"," ","P","23","     7.3"," ","P","23","     2.8"," ","P","23","     0.6"," ","P","23","     0.0"," ","P","23","     0.0"," ","P","23","     0.0"," ","P","23","    0.05"," ","P","23","    0.14"," ","P","23","    0.32"," ","P","23","    0.72"," ","R","20","    7.44"," ","R","20","     0.0"," ","P","21","     0.0"," ","P","21","     0.0"," ","P","21","     0.0"," ","P","21","     0.0"," ","P","21","     0.0"," ","P","21","     0.0"," ","P","21","     0.0"," ","P","21"," -9999.0","M"," "," 0"," -9999.0","M"," "," 0"," -9999.0","M"," "," 0","     0.0"," ","P","20","    18.4"," ","P","20"
"USC00426601","09-15"," 37.8156","-112.4389","2026.0","PANGUITCH, UT US","09","15","99","    56.3"," ","R","20","    77.0"," ","R","20","    35.7"," ","R","22","    41.3"," ","R","20","     4.8"," ","R","20","     6.7"," ","R","20","     6.1"," ","R","22","     8.6"," ","R","20","     8.7"," ","R","20","     0.0","X","R","20","     0.1"," ","R","20","     0.3"," ","R","20","     1.3"," ","R","20","     2.1"," ","R","20","     4.0"," ","R","20","     0.0","X","R","20","    16.4"," ","R","20","    11.4"," ","R","20","     6.7"," ","R","20","     2.6"," ","R","20","     1.4"," ","R","20","     0.4"," ","R","20","     0.0"," ","R","20","     0.0"," ","R","20","     0.0","X","R","20","    16.4"," ","R","20","    11.4"," ","R","20","     6.7"," ","R","20","     2.6"," ","R","20","     1.4"," ","R","20","     0.4"," ","R","20","     0.0"," ","R","20","     0.0"," ","R","20","    14.5"," ","R","20","    13.4"," ","R","20","    21.0"," ","P","23","    13.1"," ","P","23","     7.1"," ","P","23","     2.7"," ","P","23","     0.6"," ","P","23","     0.0"," ","P","23","     0.0"," ","P","23","     0.0"," ","P","23","    0.05"," ","P","23","    0.13"," ","P","23","    0.32"," ","P","23","    0.76"," ","R","20","    7.48"," ","R","20","     0.0"," ","P","21","     0.0"," ","P","21","     0.0"," ","P","21","     0.0"," ","P","21","     0.0"," ","P","21","     0.0"," ","P","21","     0.0"," ","P","21","     0.0"," ","P","21"," -9999.0","M"," "," 0"," -9999.0","M"," "," 0"," -9999.0","M"," "," 0","     0.0"," ","P","20","    18.4"," ","P","20"
"USC00426601","09-16"," 37.8156","-112.4389","2026.0","PANGUITCH, UT US","09","16","99","    56.0"," ","R","20","    76.7"," ","R","20","    35.4"," ","R","22","    41.3"," ","R","20","     4.8"," ","R","20","     6.8"," ","R","20","     6.1"," ","R","22","     8.6"," ","R","20","     9.0"," ","R","20","     0.0","X","R","20","     0.1"," ","R","20","     0.4"," ","R","20","     1.4"," ","R","20","     2.3"," ","R","20","     4.3"," ","R","20","     0.0","X","R","20","    16.0"," ","R","20","    11.1"," ","R","20","     6.4"," ","R","20","     2.4"," ","R","20","     1.3"," ","R","20","     0.3"," ","R","20","     0.0"," ","R","20","     0.0"," ","R","20","     0.0","X","R","20","    16.0"," ","R","20","    11.1"," ","R","20","     6.4"," ","R","20","     2.4"," ","R","20","     1.3"," ","R","20","     0.3"," ","R","20","     0.0"," ","R","20","     0.0"," ","R","20","    14.3"," ","R","20","    13.3"," ","R","20","    20.5"," ","P","23","    12.6"," ","P","23","     6.9"," ","P","23","     2.7"," ","P","23","     0.6"," ","P","23","     0.0"," ","P","23","     0.0"," ","P","23","     0.0"," ","P","23","    0.05"," ","P","23","    0.13"," ","P","23","    0.32"," ","P","23","    0.80"," ","R","20","    7.52"," ","R","20","     0.0"," ","P","21","     0.0"," ","P","21","     0.0"," ","P","21","     0.0"," ","P","21","     0.0"," ","P","21","     0.0"," ","P","21","     0.0"," ","P","21","     0.0"," ","P","21"," -9999.0","M"," "," 0"," -9999.0","M"," "," 0"," -9999.0","M"," "," 0","     0.0"," ","P","20","    18.4"," ","P","20"
"USC00426601","09-17"," 37.8156","-112.4389","2026.0","PANGUITCH, UT US","09","17","99","    55.7"," ","R","20","    76.3"," ","R","20","    35.0"," ","R","22","    41.3"," ","R","20","     4.9"," ","R","20","     6.9"," ","R","20","     6.1"," ","R","22","     8.6"," ","R","20","     9.4"," ","R","20","     0.0","X","R","20","     0.1"," ","R","20","     0.5"," ","R","20","     1.6"," ","R","20","     2.6"," ","R","20","     4.7"," ","R","20","     0.0","X","R","20","    15.7"," ","R","20","    10.8"," ","R","20","     6.1"," ","R","20","     2.3"," ","R","20","     1.2"," ","R","20","     0.3"," ","R","20","     0.0"," ","R","20","     0.0"," ","R","20","     0.0","X","R","20","    15.7"," ","R","20","    10.8"," ","R","20","     6.1"," ","R","20","     2.3"," ","R","20","     1.2"," ","R","20","     0.3"," ","R","20","     0.0"," ","R","20","     0.0"," ","R","20","    14.1"," ","R","20","    13.1"," ","R","20","    20.0"," ","P","23","    12.2"," ","P","23","     6.7"," ","P","23","     2.6"," ","P","23","     0.6"," ","P","23","     0.0"," ","P","23","     0.0"," ","P","23","     0.0"," ","P","23","    0.05"," ","P","23","    0.13"," ","P","23","    0.32"," ","P","23","    0.85"," ","R","20","    7.57"," ","R","20","     0.0"," ","P","21","     0.0"," ","P","21","     0.0"," ","P","21","     0.0"," ","P","21","     0.0"," ","P","21","     0.0"," ","P","21","     0.0"," ","P","21","     0.0"," ","P","21"," -9999.0","M"," "," 0"," -9999.0","M"," "," 0"," -9999.0","M"," "," 0","     0.0"," ","P","20","    18.4"," ","P","20"
"USC00426601","09-18"," 37.8156","-112.4389","2026.0","PANGUITCH, UT US","09","18","99","    55.3"," ","R","20","    76.0"," ","R","20","    34.6"," ","R","22","    41.4"," ","R","20","     4.9"," ","R","20","     7.0"," ","R","20","     6.2"," ","R","22","     8.7"," ","R","20","     9.7"," ","R","20","     0.0","X","R","20","     0.1"," ","R","20","     0.5"," ","R","20","     1.8"," ","R","20","     2.8"," ","R","20","     5.0"," ","R","20","     0.0","X","R","20","    15.3"," ","R","20","    10.4"," ","R","20","     5.8"," ","R","20","     2.1"," ","R","20","     1.1"," ","R","20","     0.3"," ","R","20","     0.0"," ","R","20","     0.0"," ","R","20","     0.0","X","R","20","    15.3"," ","R","20","    10.4"," ","R","20","     5.8"," ","R","20","     2.1"," ","R","20","     1.1"," ","R","20","     0.3"," ","R","20","     0.0"," ","R","20","     0.0"," ","R","20","    14.0"," ","R","20","    13.0"," ","R","20","    19.4"," ","P","23","    11.8"," ","P","23","     6.6"," ","P","23","     2.6"," ","P","23","     0.6"," ","P","23","     0.0"," ","P","23","     0.0"," ","P","23","     0.0"," ","P","23","    0.05"," ","P","23","    0.13"," ","P","23","    0.32"," ","P","23","    0.89"," ","R","20","    7.61"," ","R","20","     0.0"," ","P","21","     0.0"," ","P","21","     0.0"," ","P","21","     0.0"," ","P","21","     0.0"," ","P","21","     0.0"," ","P","21","     0.0"," ","P","21","     0.0"," ","P","21"," -9999.0","M"," "," 0"," -9999.0","M"," "," 0"," -9999.0","M"," "," 0","     0.0"," ","P","20","    18.4"," ","P","20"
"USC00426601","09-19"," 37.8156","-112.4389","2026.0","PANGUITCH, UT US","09","19","99","    54.9"," ","R","20","    75.6"," ","R","20","    34.2"," ","R","22","    41.4"," ","R","20","     5.0"," ","R","20","     7.0"," ","R","20","     6.2"," ","R","22","     8.7"," ","R","20","    10.1"," ","R","20","     0.0","X","R","20","     0.2"," ","R","20","     0.6"," ","R","20","     2.0"," ","R","20","     3.0"," ","R","20","     5.3"," ","R","20","     0.0","X","R","20","    15.0"," ","R","20","    10.1"," ","R","20","     5.5"," ","R","20","     1.9"," ","R","20","     1.0"," ","R","20","     0.2"," ","R","20","     0.0"," ","R","20","     0.0"," ","R","20","     0.0","X","R","20","    15.0"," ","R","20","    10.1"," ","R","20","     5.5"," ","R","20","     1.9"," ","R","20","     1.0"," ","R","20","     0.2"," ","R","20","     0.0"," ","R","20","     0.0"," ","R","20","    13.8"," ","R","20","    12.8"," ","R","20","    18.9"," ","P","23","    11.4"," ","P","23","     6.4"," ","P","23","     2.5"," ","P","23","     0.6"," ","P","23","     0.0"," ","P","23","     0.0"," ","P","23","     0.0"," ","P","23","    0.04"," ","P","23","    0.13"," ","P","23","    0.32"," ","P","23","    0.93"," ","R","20","    7.65"," ","R","20","     0.0"," ","P","21","     0.0"," ","P","21","     0.0"," ","P","21","     0.0"," ","P","21","     0.0"," ","P","21","     0.0"," ","P","21","     0.0"," ","P","21","     0.0"," ","P","21"," -9999.0","M"," "," 0"," -9999.0","M"," "," 0"," -9999.0","M"," "," 0","     0.0"," ","P","20","    18.4"," ","P","20"
"USC00426601","09-20"," 37.8156","-112.4389","2026.0","PANGUITCH, UT US","09","20","99","    54.6"," ","R","20","    75.3"," ","R","20","    33.9"," ","R","22","    41.4"," ","R","20","     5.0"," ","R","20","     7.1"," ","R","20","     6.2"," ","R","22","     8.7"," ","R","20","    10.4"," ","R","20","     0.0","X","R","20","     0.2"," ","R","20","     0.6"," ","R","20","     2.2"," ","R","20","     3.3"," ","R","20","     5.6"," ","R","20","     0.0","X","R","20","    14.6"," ","R","20","     9.7"," ","R","20","     5.2"," ","R","20","     1.7"," ","R","20","     0.9"," ","R","20","     0.2"," ","R","20","     0.0"," ","R","20","     0.0"," ","R","20","     0.0","X","R","20","    14.6"," ","R","20","     9.7"," ","R","20","     5.2"," ","R","20","     1.7"," ","R","20","     0.9"," ","R","20","     0.2"," ","R","20","     0.0"," ","R","20","     0.0"," ","R","20","    13.6"," ","R","20","    12.6"," ","R","20","    18.5"," ","P","23","    11.0"," ","P","23","     6.3"," ","P","23","     2.5"," ","P","23","     0.6"," ","P","23","     0.0"," ","P","23","     0.0"," ","P","23","     0.0"," ","P","23","    0.04"," ","P","23","    0.13"," ","P","23","    0.32"," ","P","23","    0.97"," ","R","20","    7.69"," ","R","20","     0.0"," ","P","21","     0.0"," ","P","21","     0.0"," ","P","21","     0.0"," ","P","21","     0.0"," ","P","21","     0.0"," ","P","21","     0.0"," ","P","21","     0.0"," ","P","21"," -9999.0","M"," "," 0"," -9999.0","M"," "," 0"," -9999.0","M"," "," 0","     0.0"," ","P","20","    18.4"," ","P","20"
"USC00426601","09-21"," 37.8156","-112.4389","2026.0","PANGUITCH, UT US","09","21","99","    54.2"," ","R","20","    74.9"," ","R","20","    33.5"," ","R","22","    41.4"," ","R","20","     5.1"," ","R","20","     7.2"," ","R","20","     6.2"," ","R","22","     8.7"," ","R","20","    10.8"," ","R","20","     0.0","X","R","20","     0.2"," ","R","20","     0.7"," ","R","20","     2.4"," ","R","20","     3.6"," ","R","20","     6.0"," ","R","20","     0.0","X","R","20","    14.2"," ","R","20","     9.4"," ","R","20","     4.9"," ","R","20","     1.6"," ","R","20","     0.8"," ","R","20","     0.2"," ","R","20","     0.0"," ","R","20","     0.0"," ","R","20","     0.0","X","R","20","    14.2"," ","R","20","     9.4"," ","R","20","     4.9"," ","R","20","     1.6"," ","R","20","     0.8"," ","R","20","     0.2"," ","R","20","     0.0"," ","R","20","     0.0"," ","R","20","    13.5"," ","R","20","    12.4"," ","R","20","    18.1"," ","P","23","    10.7"," ","P","23","     6.1"," ","P","23","     2.4"," ","P","23","     0.6"," ","P","23","     0.0"," ","P","23","     0.0"," ","P","23","     0.0"," ","P","23","    0.04"," ","P","23","    0.12"," ","P","23","    0.32"," ","P","23","    1.01"," ","R","20","    7.73"," ","R","20","     0.0"," ","P","21","     0.0"," ","P","21","     0.0"," ","P","21","     0.0"," ","P","21","     0.0"," ","P","21","     0.0"," ","P","21","     0.0"," ","P","21","     0.0"," ","P","21"," -9999.0","M"," "," 0"," -9999.0","M"," "," 0"," -9999.0","M"," "," 0","     0.0"," ","P","20","    18.4"," ","P","20"
"USC00426601","09-22"," 37.8156","-112.4389","2026.0","PANGUITCH, UT US","09","22","99","    53.8"," ","R","20","    74.6"," ","R","20","    33.1"," ","R","22","    41.5"," ","R","20","     5.1"," ","R","20","     7.3"," ","R","20","     6.2"," ","R","22","     8.8"," ","R","20","    11.2"," ","R","20","     0.0","X","R","20","     0.2"," ","R","20","     0.8"," ","R","20","     2.6"," ","R","20","     3.9"," ","R","20","     6.3"," ","R","20","     0.0","X","R","20","    13.9"," ","R","20","     9.0"," ","R","20","     4.6"," ","R","20","     1.4"," ","R","20","     0.7"," ","R","20","     0.2"," ","R","20","     0.0"," ","R","20","     0.0"," ","R","20","     0.0","X","R","20","    13.9"," ","R","20","     9.0"," ","R","20","     4.6"," ","R","20","     1.4"," ","R","20","     0.7"," ","R","20","     0.2"," ","R","20","     0.0"," ","R","20","     0.0"," ","R","20","    13.3"," ","R","20","    12.3"," ","R","20","    17.7"," ","P","23","    10.4"," ","P","23","     6.0"," ","P","23","     2.4"," ","P","23","     0.6"," ","P","23","     0.0"," ","P","23","     0.0"," ","P","23","     0.0"," ","P","23","    0.04"," ","P","23","    0.12"," ","P","23","    0.32"," ","P","23","    1.04"," ","R","20","    7.76"," ","R","20","     0.0"," ","P","21","     0.0"," ","P","21","     0.0"," ","P","21","     0.0"," ","P","21","     0.0"," ","P","21","     0.0"," ","P","21","     0.0"," ","P","21","     0.0"," ","P","21"," -9999.0","M"," "," 0"," -9999.0","M"," "," 0"," -9999.0","M"," "," 0","     0.0"," ","P","20","    18.4"," ","P","20"
"USC00426601","09-23"," 37.8156","-112.4389","2026.0","PANGUITCH, UT US","09","23","99","    53.4"," ","R","20","    74.2"," ","R","20","    32.7"," ","R","22","    41.5"," ","R","20","     5.2"," ","R","20","     7.4"," ","R","20","     6.2"," ","R","22","     8.8"," ","R","20","    11.6"," ","R","20","     0.0","X","R","20","     0.2"," ","R","20","     0.9"," ","R","20","     2.8"," ","R","20","     4.2"," ","R","20","     6.7"," ","R","20","     0.0","X","R","20","    13.5"," ","R","20","     8.7"," ","R","20","     4.4"," ","R","20","     1.3"," ","R","20","     0.6"," ","R","20","     0.1"," ","R","20","     0.0"," ","R","20","     0.0"," ","R","20","     0.0","X","R","20","    13.5"," ","R","20","     8.7"," ","R","20","     4.4"," ","R","20","     1.3"," ","R","20","     0.6"," ","R","20","     0.1"," ","R","20","     0.0"," ","R","20","     0.0"," ","R","20","    13.1"," ","R","20","    12.1"," ","R","20","    17.4"," ","P","23","    10.1"," ","P","23","     5.9"," ","P","23","     2.4"," ","P","23","     0.6"," ","P","23","     0.0"," ","P","23","     0.0"," ","P","23","     0.0"," ","P","23","    0.04"," ","P","23","    0.12"," ","P","23","    0.33"," ","P","23","    1.08"," ","R","20","    7.80"," ","R","20","     0.0"," ","P","21","     0.0"," ","P","21","     0.0"," ","P","21","     0.0"," ","P","21","     0.0"," ","P","21","     0.0"," ","P","21","     0.0"," ","P","21","     0.0"," ","P","21"," -9999.0","M"," "," 0"," -9999.0","M"," "," 0"," -9999.0","M"," "," 0","     0.0"," ","P","20","    18.4"," ","P","20"
"USC00426601","09-24"," 37.8156","-112.4389","2026.0","PANGUITCH, UT US","09","24","99","    53.1"," ","R","20","    73.8"," ","R","20","    32.3"," ","R","22","    41.5"," ","R","20","     5.2"," ","R","20","     7.4"," ","R","20","     6.2"," ","R","22","     8.8"," ","R","20","    11.9"," ","R","20","     0.0","X","R","20","     0.3"," ","R","20","     1.0"," ","R","20","     3.1"," ","R","20","     4.5"," ","R","20","     7.0"," ","R","20","     0.0","X","R","20","    13.1"," ","R","20","     8.3"," ","R","20","     4.1"," ","R","20","     1.2"," ","R","20","     0.5"," ","R","20","     0.1"," ","R","20","     0.0"," ","R","20","     0.0"," ","R","20","     0.0","X","R","20","    13.1"," ","R","20","     8.3"," ","R","20","     4.1"," ","R","20","     1.2"," ","R","20","     0.5"," ","R","20","     0.1"," ","R","20","     0.0"," ","R","20","     0.0"," ","R","20","    12.9"," ","R","20","    11.9"," ","R","20","    17.1"," ","P","23","     9.9"," ","P","23","     5.8"," ","P","23","     2.4"," ","P","23","     0.6"," ","P","23","     0.0"," ","P","23","     0.0"," ","P","23","     0.0"," ","P","23","    0.04"," ","P","23","    0.12"," ","P","23","    0.33"," ","P","23","    1.11"," ","R","20","    7.83"," ","R","20","     0.0"," ","P","21","     0.0"," ","P","21","     0.0"," ","P","21","     0.0"," ","P","21","     0.0"," ","P","21","     0.0"," ","P","21","     0.0"," ","P","21","     0.0"," ","P","21"," -9999.0","M"," "," 0"," -9999.0","M"," "," 0"," -9999.0","M"," "," 0","     0.0"," ","P","20","    18.4"," ","P","20"
"USC00426601","09-25"," 37.8156","-112.4389","2026.0","PANGUITCH, UT US","09","25","99","    52.7"," ","R","20","    73.4"," ","R","20","    32.0"," ","R","22","    41.5"," ","R","20","     5.3"," ","R","20","     7.5"," ","R","20","     6.2"," ","R","22","     8.8"," ","R","20","    12.3"," ","R","20","     0.0","X","R","20","     0.3"," ","R","20","     1.1"," ","R","20","     3.4"," ","R","20","     4.8"," ","R","20","     7.4"," ","R","20","     0.0","X","R","20","    12.7"," ","R","20","     8.0"," ","R","20","     3.8"," ","R","20","     1.0"," ","R","20","     0.5"," ","R","20","     0.1"," ","R","20","     0.0"," ","R","20","     0.0"," ","R","20","     0.0","X","R","20","    12.7"," ","R","20","     8.0"," ","R","20","     3.8"," ","R","20","     1.0"," ","R","20","     0.5"," ","R","20","     0.1"," ","R","20","     0.0"," ","R","20","     0.0"," ","R","20","    12.7"," ","R","20","    11.7"," ","R","20","    16.8"," ","P","23","     9.7"," ","P","23","     5.8"," ","P","23","     2.4"," ","P","23","     0.6"," ","P","23","     0.0"," ","P","23","     0.0"," ","P","23","     0.0"," ","P","23","    0.04"," ","P","23","    0.12"," ","P","23","    0.33"," ","P","23","    1.14"," ","R","20","    7.86"," ","R","20","     0.0"," ","P","21","     0.0"," ","P","21","     0.0"," ","P","21","     0.0"," ","P","21","     0.0"," ","P","21","     0.0"," ","P","21","     0.0"," ","P","21","     0.0"," ","P","21"," -9999.0","M"," "," 0"," -9999.0","M"," "," 0"," -9999.0","M"," "," 0","     0.0"," ","P","20","    18.4"," ","P","20"
"USC00426601","09-26"," 37.8156","-112.4389","2026.0","PANGUITCH, UT US","09","26","99","    52.3"," ","R","20","    73.0"," ","R","20","    31.6"," ","R","22","    41.4"," ","R","20","     5.3"," ","R","20","     7.6"," ","R","20","     6.2"," ","R","22","     8.9"," ","R","20","    12.7"," ","R","20","     0.1"," ","R","20","     0.4"," ","R","20","     1.3"," ","R","20","     3.6"," ","R","20","     5.1"," ","R","20","     7.8"," ","R","20","     0.0","X","R","20","    12.3"," ","R","20","     7.7"," ","R","20","     3.6"," ","R","20","     0.9"," ","R","20","     0.4"," ","R","20","     0.1"," ","R","20","     0.0"," ","R","20","     0.0"," ","R","20","     0.0","X","R","20","    12.3"," ","R","20","     7.7"," ","R","20","     3.6"," ","R","20","     0.9"," ","R","20","     0.4"," ","R","20","     0.1"," ","R","20","     0.0"," ","R","20","     0.0"," ","R","20","    12.5"," ","R","20","    11.5"," ","R","20","    16.6"," ","P","23","     9.5"," ","P","23","     5.7"," ","P","23","     2.4"," ","P","23","     0.6"," ","P","23","     0.0"," ","P","23","     0.0"," ","P","23","     0.0"," ","P","23","    0.04"," ","P","23","    0.12"," ","P","23","    0.33"," ","P","23","    1.17"," ","R","20","    7.89"," ","R","20","     0.0"," ","P","21","     0.0"," ","P","21","     0.0"," ","P","21","     0.0"," ","P","21","     0.0"," ","P","21","     0.0"," ","P","21","     0.0"," ","P","21","     0.0"," ","P","21"," -9999.0","M"," "," 0"," -9999.0","M"," "," 0"," -9999.0","M"," "," 0","     0.0"," ","P","20","    18.4"," ","P","20"
"USC00426601","09-27"," 37.8156","-112.4389","2026.0","PANGUITCH, UT US","09","27","99","    51.9"," ","R","20","    72.6"," ","R","20","    31.2"," ","R","22","    41.4"," ","R","20","     5.4"," ","R","20","     7.7"," ","R","20","     6.2"," ","R","22","     8.9"," ","R","20","    13.1"," ","R","20","     0.1"," ","R","20","     0.4"," ","R","20","     1.4"," ","R","20","     3.9"," ","R","20","     5.4"," ","R","20","     8.2"," ","R","20","     0.0","X","R","20","    12.0"," ","R","20","     7.3"," ","R","20","     3.3"," ","R","20","     0.8"," ","R","20","     0.3"," ","R","20","     0.1"," ","R","20","     0.0"," ","R","20","     0.0"," ","R","20","     0.0","X","R","20","    12.0"," ","R","20","     7.3"," ","R","20","     3.3"," ","R","20","     0.8"," ","R","20","     0.3"," ","R","20","     0.1"," ","R","20","     0.0"," ","R","20","     0.0"," ","R","20","    12.3"," ","R","20","    11.3"," ","R","20","    16.4"," ","P","23","     9.4"," ","P","23","     5.7"," ","P","23","     2.4"," ","P","23","     0.6"," ","P","23","     0.0"," ","P","23","     0.0"," ","P","23","     0.0"," ","P","23","    0.04"," ","P","23","    0.12"," ","P","23","    0.33"," ","P","23","    1.20"," ","R","20","    7.92"," ","R","20","     0.0"," ","P","21","     0.0"," ","P","21","     0.0"," ","P","21","     0.0"," ","P","21","     0.0"," ","P","21","     0.0"," ","P","21","     0.0"," ","P","21","     0.0"," ","P","21"," -9999.0","M"," "," 0"," -9999.0","M"," "," 0"," -9999.0","M"," "," 0","     0.0"," ","P","20","    18.4"," ","P","20"
"USC00426601","09-28"," 37.8156","-112.4389","2026.0","PANGUITCH, UT US","09","28","99","    51.5"," ","R","20","    72.2"," ","R","20","    30.8"," ","R","22","    41.4"," ","R","20","     5.4"," ","R","20","     7.8"," ","R","20","     6.2"," ","R","22","     9.0"," ","R","20","    13.5"," ","R","20","     0.1"," ","R","20","     0.5"," ","R","20","     1.6"," ","R","20","     4.2"," ","R","20","     5.8"," ","R","20","     8.6"," ","R","20","     0.0","X","R","20","    11.6"," ","R","20","     7.0"," ","R","20","     3.1"," ","R","20","     0.7"," ","R","20","     0.3"," ","R","20","     0.1"," ","R","20","     0.0"," ","R","20","     0.0"," ","R","20","     0.0","X","R","20","    11.6"," ","R","20","     7.0"," ","R","20","     3.1"," ","R","20","     0.7"," ","R","20","     0.3"," ","R","20","     0.1"," ","R","20","     0.0"," ","R","20","     0.0"," ","R","20","    12.1"," ","R","20","    11.1"," ","R","20","    16.3"," ","P","23","     9.2"," ","P","23","     5.7"," ","P","23","     2.4"," ","P","23","     0.6"," ","P","23","     0.0"," ","P","23","     0.0"," ","P","23","     0.0"," ","P","23","    0.04"," ","P","23","    0.12"," ","P","23","    0.33"," ","P","23","    1.22"," ","R","20","    7.94"," ","R","20","     0.0"," ","P","21","     0.0"," ","P","21","     0.0"," ","P","21","     0.0"," ","P","21","     0.0"," ","P","21","     0.0"," ","P","21","     0.0"," ","P","21","     0.0"," ","P","21"," -9999.0","M"," "," 0"," -9999.0","M"," "," 0"," -9999.0","M"," "," 0","     0.0"," ","P","20","    18.4"," ","P","20"
"USC00426601","09-29"," 37.8156","-112.4389","2026.0","PANGUITCH, UT US","09","29","99","    51.1"," ","R","20","    71.8"," ","R","20","    30.4"," ","R","22","    41.4"," ","R","20","     5.5"," ","R","20","     7.8"," ","R","20","     6.2"," ","R","22","     9.0"," ","R","20","    13.9"," ","R","20","     0.1"," ","R","20","     0.5"," ","R","20","     1.8"," ","R","20","     4.5"," ","R","20","     6.2"," ","R","20","     9.0"," ","R","20","     0.0","X","R","20","    11.2"," ","R","20","     6.6"," ","R","20","     2.9"," ","R","20","     0.6"," ","R","20","     0.3"," ","R","20","     0.1"," ","R","20","     0.0"," ","R","20","     0.0"," ","R","20","     0.0","X","R","20","    11.2"," ","R","20","     6.6"," ","R","20","     2.9"," ","R","20","     0.6"," ","R","20","     0.3"," ","R","20","     0.1"," ","R","20","     0.0"," ","R","20","     0.0"," ","R","20","    11.9"," ","R","20","    10.9"," ","R","20","    16.1"," ","P","23","     9.1"," ","P","23","     5.6"," ","P","23","     2.4"," ","P","23","     0.6"," ","P","23","     0.0"," ","P","23","     0.0"," ","P","23","     0.0"," ","P","23","    0.04"," ","P","23","    0.12"," ","P","23","    0.33"," ","P","23","    1.25"," ","R","20","    7.97"," ","R","20","     0.0"," ","P","21","     0.0"," ","P","21","     0.0"," ","P","21","     0.0"," ","P","21","     0.0"," ","P","21","     0.0"," ","P","21","     0.0"," ","P","21","     0.0"," ","P","21"," -9999.0","M"," "," 0"," -9999.0","M"," "," 0"," -9999.0","M"," "," 0","     0.0"," ","P","20","    18.4"," ","P","20"
"USC00426601","09-30"," 37.8156","-112.4389","2026.0","PANGUITCH, UT US","09","30","99","    50.7"," ","R","20","    71.4"," ","R","20","    30.0"," ","R","22","    41.3"," ","R","20","     5.5"," ","R","20","     7.9"," ","R","20","     6.2"," ","R","22","     9.1"," ","R","20","    14.3"," ","R","20","     0.1"," ","R","20","     0.6"," ","R","20","     1.9"," ","R","20","     4.9"," ","R","20","     6.5"," ","R","20","     9.3"," ","R","20","     0.0","X","R","20","    10.8"," ","R","20","     6.3"," ","R","20","     2.6"," ","R","20","     0.6"," ","R","20","     0.2"," ","R","20","     0.0","X","R","20","     0.0"," ","R","20","     0.0"," ","R","20","     0.0","X","R","20","    10.8"," ","R","20","     6.3"," ","R","20","     2.6"," ","R","20","     0.6"," ","R","20","     0.2"," ","R","20","     0.0","X","R","20","     0.0"," ","R","20","     0.0"," ","R","20","    11.7"," ","R","20","    10.7"," ","R","20","    16.0"," ","P","23","     9.0"," ","P","23","     5.6"," ","P","23","     2.4"," ","P","23","     0.6"," ","P","23","     0.0"," ","P","23","     0.0"," ","P","23","     0.0"," ","P","23","    0.04"," ","P","23","    0.12"," ","P","23","    0.34"," ","P","23","    1.27"," ","R","20","    7.99"," ","R","20","     0.0"," ","P","21","     0.0"," ","P","21","     0.0"," ","P","21","     0.0"," ","P","21","     0.0"," ","P","21","     0.0"," ","P","21","     0.0"," ","P","21","     0.0"," ","P","21"," -9999.0","M"," "," 0"," -9999.0","M"," "," 0"," -9999.0","M"," "," 0","     0.0"," ","P","20","    18.4"," ","P","20"
"USC00426601","10-01"," 37.8156","-112.4389","2026.0","PANGUITCH, UT US","10","01","99","    50.3"," ","R","19","    70.9"," ","R","19","    29.7"," ","S","24","    41.3"," ","R","19","     5.5"," ","R","19","     8.0"," ","R","19","     6.3"," ","S","24","     9.1"," ","R","19","    14.7"," ","R","19","     0.1"," ","R","19","     0.6"," ","R","19","     2.1"," ","R","19","     5.2"," ","R","19","     6.9"," ","R","19","     9.7"," ","R","19","     0.0"," ","R","19","    10.4"," ","R","19","     5.9"," ","R","19","     2.4"," ","R","19","     0.5"," ","R","19","     0.2"," ","R","19","     0.0","X","R","19","     0.0"," ","R","19","     0.0"," ","R","19","     0.0"," ","R","19","    10.4"," ","R","19","     5.9"," ","R","19","     2.4"," ","R","19","     0.5"," ","R","19","     0.2"," ","R","19","     0.0","X","R","19","     0.0"," ","R","19","     0.0"," ","R","19","    11.5"," ","R","19","    10.5"," ","R","19","    15.8"," ","P","23","     8.9"," ","P","23","     5.6"," ","P","23","     2.4"," ","P","23","     0.6"," ","P","23","     0.1"," ","P","23","     0.0"," ","P","23","     0.0"," ","P","23","    0.04"," ","P","23","    0.12"," ","P","23","    0.34"," ","P","23","    0.03"," ","R","20","    8.02"," ","R","20","     0.1"," ","P","21","     0.1"," ","P","21","     0.1"," ","P","21","     0.1"," ","P","21","     0.1"," ","P","21","     0.0"," ","P","21","     0.0"," ","P","21","     0.0"," ","P","21"," -9999.0","Y"," "," 0"," -9999.0","Y"," "," 0"," -9999.0","Y"," "," 0","     0.0"," ","P","19","    18.4"," ","P","19"
"USC00426601","10-02"," 37.8156","-112.4389","2026.0","PANGUITCH, UT US","10","02","99","    49.9"," ","R","19","    70.5"," ","R","19","    29.3"," ","S","24","    41.2"," ","R","19","     5.6"," ","R","19","     8.1"," ","R","19","     6.3"," ","S","24","     9.2"," ","R","19","    15.1"," ","R","19","     0.2"," ","R","19","     0.7"," ","R","19","     2.3"," ","R","19","     5.5"," ","R","19","     7.2"," ","R","19","    10.1"," ","R","19","     0.0"," ","R","19","    10.1"," ","R","19","     5.6"," ","R","19","     2.2"," ","R","19","     0.4"," ","R","19","     0.1"," ","R","19","     0.0","X","R","19","     0.0"," ","R","19","     0.0"," ","R","19","     0.0"," ","R","19","    10.1"," ","R","19","     5.6"," ","R","19","     2.2"," ","R","19","     0.4"," ","R","19","     0.1"," ","R","19","     0.0","X","R","19","     0.0"," ","R","19","     0.0"," ","R","19","    11.3"," ","R","19","    10.3"," ","R","19","    15.7"," ","P","23","     8.8"," ","P","23","     5.5"," ","P","23","     2.4"," ","P","23","     0.6"," ","P","23","     0.1"," ","P","23","     0.0"," ","P","23","     0.0"," ","P","23","    0.04"," ","P","23","    0.12"," ","P","23","    0.34"," ","P","23","    0.06"," ","R","20","    8.05"," ","R","20","     0.1"," ","P","21","     0.1"," ","P","21","     0.1"," ","P","21","     0.1"," ","P","21","     0.1"," ","P","21","     0.0"," ","P","21","     0.0"," ","P","21","     0.0"," ","P","21"," -9999.0","Y"," "," 0"," -9999.0","Y"," "," 0"," -9999.0","Y"," "," 0","     0.0"," ","P","19","    18.4"," ","P","19"
"USC00426601","10-03"," 37.8156","-112.4389","2026.0","PANGUITCH, UT US","10","03","99","    49.5"," ","R","19","    70.1"," ","R","19","    28.9"," ","S","24","    41.1"," ","R","19","     5.6"," ","R","19","     8.1"," ","R","19","     6.3"," ","S","24","     9.3"," ","R","19","    15.5"," ","R","19","     0.2"," ","R","19","     0.8"," ","R","19","     2.5"," ","R","19","     5.8"," ","R","19","     7.6"," ","R","19","    10.5"," ","R","19","     0.0"," ","R","19","     9.7"," ","R","19","     5.3"," ","R","19","     2.0"," ","R","19","     0.3"," ","R","19","     0.1"," ","R","19","     0.0","X","R","19","     0.0"," ","R","19","     0.0"," ","R","19","     0.0"," ","R","19","     9.7"," ","R","19","     5.3"," ","R","19","     2.0"," ","R","19","     0.3"," ","R","19","     0.1"," ","R","19","     0.0","X","R","19","     0.0"," ","R","19","     0.0"," ","R","19","    11.1"," ","R","19","    10.1"," ","R","19","    15.5"," ","P","23","     8.7"," ","P","23","     5.5"," ","P","23","     2.4"," ","P","23","     0.6"," ","P","23","     0.1"," ","P","23","     0.0"," ","P","23","     0.0"," ","P","23","    0.04"," ","P","23","    0.12"," ","P","23","    0.34"," ","P","23","    0.09"," ","R","20","    8.08"," ","R","20","     0.1"," ","P","21","     0.1"," ","P","21","     0.1"," ","P","21","     0.1"," ","P","21","     0.1"," ","P","21","     0.0"," ","P","21","     0.0"," ","P","21","     0.0"," ","P","21"," -9999.0","Y"," "," 0"," -9999.0","Y"," "," 0"," -9999.0","Y"," "," 0","     0.0"," ","P","19","    18.4"," ","P","19"
"USC00426601","10-04"," 37.8156","-112.4389","2026.0","PANGUITCH, UT US","10","04","99","    49.1"," ","R","19","    69.6"," ","R","19","    28.6"," ","S","24","    41.1"," ","R","19","     5.6"," ","R","19","     8.2"," ","R","19","     6.3"," ","S","24","     9.3"," ","R","19","    15.9"," ","R","19","     0.2"," ","R","19","     0.9"," ","R","19","     2.7"," ","R","19","     6.2"," ","R","19","     8.0"," ","R","19","    10.9"," ","R","19","     0.0"," ","R","19","     9.4"," ","R","19","     5.0"," ","R","19","     1.8"," ","R","19","     0.3"," ","R","19","     0.1"," ","R","19","     0.0","X","R","19","     0.0"," ","R","19","     0.0"," ","R","19","     0.0"," ","R","19","     9.4"," ","R","19","     5.0"," ","R","19","     1.8"," ","R","19","     0.3"," ","R","19","     0.1"," ","R","19","     0.0","X","R","19","     0.0"," ","R","19","     0.0"," ","R","19","    10.9"," ","R","19","     9.9"," ","R","19","    15.4"," ","P","23","     8.7"," ","P","23","     5.5"," ","P","23","     2.4"," ","P","23","     0.6"," ","P","23","     0.1"," ","P","23","     0.0"," ","P","23","     0.0"," ","P","23","    0.04"," ","P","23","    0.12"," ","P","23","    0.34"," ","P","23","    0.11"," ","R","20","    8.10"," ","R","20","     0.2"," ","P","21","     0.2"," ","P","21","     0.1"," ","P","21","     0.1"," ","P","21","     0.1"," ","P","21","     0.0"," ","P","21","     0.0"," ","P","21","     0.0"," ","P","21"," -9999.0","Y"," "," 0"," -9999.0","Y"," "," 0"," -9999.0","Y"," "," 0","     0.0"," ","P","19","    18.4"," ","P","19"
"USC00426601","10-05"," 37.8156","-112.4389","2026.0","PANGUITCH, UT US","10","05","99","    48.7"," ","R","19","    69.2"," ","R","19","    28.2"," ","S","24","    41.0"," ","R","19","     5.7"," ","R","19","     8.3"," ","R","19","     6.4"," ","S","24","     9.4"," ","R","19","    16.3"," ","R","19","     0.3"," ","R","19","     1.0"," ","R","19","     2.9"," ","R","19","     6.5"," ","R","19","     8.4"," ","R","19","    11.3"," ","R","19","     0.0"," ","R","19","     9.0"," ","R","19","     4.7"," ","R","19","     1.6"," ","R","19","     0.2"," ","R","19","     0.1"," ","R","19","     0.0","X","R","19","     0.0"," ","R","19","     0.0"," ","R","19","     0.0"," ","R","19","     9.0"," ","R","19","     4.7"," ","R","19","     1.6"," ","R","19","     0.2"," ","R","19","     0.1"," ","R","19","     0.0","X","R","19","     0.0"," ","R","19","     0.0"," ","R","19","    10.7"," ","R","19","     9.7"," ","R","19","    15.2"," ","P","23","     8.6"," ","P","23","     5.4"," ","P","23","     2.4"," ","P","23","     0.6"," ","P","23","     0.1"," ","P","23","     0.0"," ","P","23","     0.0"," ","P","23","    0.04"," ","P","23","    0.12"," ","P","23","    0.34"," ","P","23","    0.14"," ","R","20","    8.13"," ","R","20","     0.2"," ","P","21","     0.2"," ","P","21","     0.1"," ","P","21","     0.1"," ","P","21","     0.1"," ","P","21","     0.0"," ","P","21","     0.0"," ","P","21","     0.0"," ","P","21"," -9999.0","Y"," "," 0"," -9999.0","Y"," "," 0"," -9999.0","Y"," "," 0","     0.0"," ","P","19","    18.4"," ","P","19"
"USC00426601","10-06"," 37.8156","-112.4389","2026.0","PANGUITCH, UT US","10","06","99","    48.3"," ","R","19","    68.8"," ","R","19","    27.9"," ","S","24","    40.9"," ","R","19","     5.7"," ","R","19","     8.4"," ","R","19","     6.4"," ","S","24","     9.5"," ","R","19","    16.7"," ","R","19","     0.3"," ","R","19","     1.1"," ","R","19","     3.2"," ","R","19","     6.9"," ","R","19","     8.7"," ","R","19","    11.7"," ","R","19","     0.0"," ","R","19","     8.6"," ","R","19","     4.4"," ","R","19","     1.5"," ","R","19","     0.2"," ","R","19","     0.1"," ","R","19","     0.0","X","R","19","     0.0"," ","R","19","     0.0"," ","R","19","     0.0"," ","R","19","     8.6"," ","R","19","     4.4"," ","R","19","     1.5"," ","R","19","     0.2"," ","R","19","     0.1"," ","R","19","     0.0","X","R","19","     0.0"," ","R","19","     0.0"," ","R","19","    10.5"," ","R","19","     9.5"," ","R","19","    15.1"," ","P","23","     8.5"," ","P","23","     5.4"," ","P","23","     2.4"," ","P","23","     0.6"," ","P","23","     0.2"," ","P","23","     0.0"," ","P","23","     0.0"," ","P","23","    0.04"," ","P","23","    0.12"," ","P","23","    0.34"," ","P","23","    0.17"," ","R","20","    8.16"," ","R","20","     0.2"," ","P","22","     0.2"," ","P","22","     0.1"," ","P","22","     0.1"," ","P","22","     0.1"," ","P","22","     0.0"," ","P","22","     0.0"," ","P","22","     0.0"," ","P","22"," -9999.0","Y"," "," 0"," -9999.0","Y"," "," 0"," -9999.0","Y"," "," 0","     0.0"," ","P","19","    18.4"," ","P","19"
"USC00426601","10-07"," 37.8156","-112.4389","2026.0","PANGUITCH, UT US","10","07","99","    47.9"," ","R","19","    68.3"," ","R","19","    27.5"," ","S","24","    40.8"," ","R","19","     5.7"," ","R","19","     8.4"," ","R","19","     6.4"," ","S","24","     9.6"," ","R","19","    17.1"," ","R","19","     0.4"," ","R","19","     1.2"," ","R","19","     3.4"," ","R","19","     7.2"," ","R","19","     9.1"," ","R","19","    12.1"," ","R","19","     0.0"," ","R","19","     8.3"," ","R","19","     4.1"," ","R","19","     1.3"," ","R","19","     0.2"," ","R","19","     0.1"," ","R","19","     0.0","X","R","19","     0.0"," ","R","19","     0.0"," ","R","19","     0.0"," ","R","19","     8.3"," ","R","19","     4.1"," ","R","19","     1.3"," ","R","19","     0.2"," ","R","19","     0.1"," ","R","19","     0.0","X","R","19","     0.0"," ","R","19","     0.0"," ","R","19","    10.2"," ","R","19","     9.3"," ","R","19","    15.0"," ","P","23","     8.5"," ","P","23","     5.3"," ","P","23","     2.3"," ","P","23","     0.6"," ","P","23","     0.1"," ","P","23","     0.0"," ","P","23","     0.0"," ","P","23","    0.04"," ","P","23","    0.12"," ","P","23","    0.34"," ","P","23","    0.20"," ","R","20","    8.19"," ","R","20","     0.2"," ","P","22","     0.2"," ","P","22","     0.1"," ","P","22","     0.1"," ","P","22","     0.1"," ","P","22","     0.0"," ","P","22","     0.0"," ","P","22","     0.0"," ","P","22"," -9999.0","Y"," "," 0"," -9999.0","Y"," "," 0"," -9999.0","Y"," "," 0","     0.0"," ","P","19","    18.4"," ","P","19"
"USC00426601","10-08"," 37.8156","-112.4389","2026.0","PANGUITCH, UT US","10","08","99","    47.5"," ","R","19","    67.9"," ","R","19","    27.2"," ","S","24","    40.7"," ","R","19","     5.8"," ","R","19","     8.5"," ","R","19","     6.5"," ","S","24","     9.7"," ","R","19","    17.5"," ","R","19","     0.4"," ","R","19","     1.3"," ","R","19","     3.7"," ","R","19","     7.6"," ","R","19","     9.5"," ","R","19","    12.5"," ","R","19","     0.0"," ","R","19","     7.9"," ","R","19","     3.9"," ","R","19","     1.2"," ","R","19","     0.1"," ","R","19","     0.0","X","R","19","     0.0","X","R","19","     0.0"," ","R","19","     0.0"," ","R","19","     0.0"," ","R","19","     7.9"," ","R","19","     3.9"," ","R","19","     1.2"," ","R","19","     0.1"," ","R","19","     0.0","X","R","19","     0.0","X","R","19","     0.0"," ","R","19","     0.0"," ","R","19","    10.0"," ","R","19","     9.1"," ","R","19","    14.9"," ","P","23","     8.4"," ","P","23","     5.3"," ","P","23","     2.3"," ","P","23","     0.5"," ","P","23","     0.1"," ","P","23","     0.0"," ","P","23","     0.0"," ","P","23","    0.04"," ","P","23","    0.12"," ","P","23","    0.34"," ","P","23","    0.24"," ","R","20","    8.23"," ","R","20","     0.3"," ","P","22","     0.3"," ","P","22","     0.2"," ","P","22","     0.1"," ","P","22","     0.1"," ","P","22","     0.0"," ","P","22","     0.0"," ","P","22","     0.0"," ","P","22"," -9999.0","Y"," "," 0"," -9999.0","Y"," "," 0"," -9999.0","Y"," "," 0","     0.0"," ","P","19","    18.4"," ","P","19"
"USC00426601","10-09"," 37.8156","-112.4389","2026.0","PANGUITCH, UT US","10","09","99","    47.1"," ","R","19","    67.4"," ","R","19","    26.9"," ","S","24","    40.6"," ","R","19","     5.8"," ","R","19","     8.6"," ","R","19","     6.5"," ","S","24","     9.8"," ","R","19","    17.8"," ","R","19","     0.5"," ","R","19","     1.5"," ","R","19","     3.9"," ","R","19","     8.0"," ","R","19","     9.9"," ","R","19","    12.9"," ","R","19","     0.0"," ","R","19","     7.6"," ","R","19","     3.6"," ","R","19","     1.1"," ","R","19","     0.1"," ","R","19","     0.0","X","R","19","     0.0","X","R","19","     0.0"," ","R","19","     0.0"," ","R","19","     0.0"," ","R","19","     7.6"," ","R","19","     3.6"," ","R","19","     1.1"," ","R","19","     0.1"," ","R","19","     0.0","X","R","19","     0.0","X","R","19","     0.0"," ","R","19","     0.0"," ","R","19","     9.8"," ","R","19","     8.9"," ","R","19","    14.8"," ","P","23","     8.4"," ","P","23","     5.2"," ","P","23","     2.2"," ","P","23","     0.5"," ","P","23","     0.1"," ","P","23","     0.0"," ","P","23","     0.0"," ","P","23","    0.04"," ","P","23","    0.12"," ","P","23","    0.33"," ","P","23","    0.27"," ","R","20","    8.26"," ","R","20","     0.3"," ","P","22","     0.3"," ","P","22","     0.2"," ","P","22","     0.1"," ","P","22","     0.1"," ","P","22","     0.0"," ","P","22","     0.0"," ","P","22","     0.0"," ","P","22"," -9999.0","Y"," "," 0"," -9999.0","Y"," "," 0"," -9999.0","Y"," "," 0","     0.0"," ","P","19","    18.4"," ","P","19"
"USC00426601","10-10"," 37.8156","-112.4389","2026.0","PANGUITCH, UT US","10","10","99","    46.8"," ","R","19","    67.0"," ","R","19","    26.5"," ","S","24","    40.4"," ","R","19","     5.9"," ","R","19","     8.7"," ","R","19","     6.5"," ","S","24","     9.9"," ","R","19","    18.2"," ","R","19","     0.5"," ","R","19","     1.6"," ","R","19","     4.2"," ","R","19","     8.3"," ","R","19","    10.3"," ","R","19","    13.2"," ","R","19","     0.0"," ","R","19","     7.3"," ","R","19","     3.4"," ","R","19","     1.0"," ","R","19","     0.1"," ","R","19","     0.0","X","R","19","     0.0","X","R","19","     0.0"," ","R","19","     0.0"," ","R","19","     0.0"," ","R","19","     7.3"," ","R","19","     3.4"," ","R","19","     1.0"," ","R","19","     0.1"," ","R","19","     0.0","X","R","19","     0.0","X","R","19","     0.0"," ","R","19","     0.0"," ","R","19","     9.6"," ","R","19","     8.7"," ","R","19","    14.8"," ","P","23","     8.4"," ","P","23","     5.2"," ","P","23","     2.2"," ","P","23","     0.5"," ","P","23","     0.1"," ","P","23","     0.0"," ","P","23","     0.0"," ","P","23","    0.04"," ","P","23","    0.12"," ","P","23","    0.33"," ","P","23","    0.30"," ","R","20","    8.29"," ","R","20","     0.3"," ","P","22","     0.3"," ","P","22","     0.2"," ","P","22","     0.1"," ","P","22","     0.1"," ","P","22","     0.0"," ","P","22","     0.0"," ","P","22","     0.0"," ","P","22"," -9999.0","Y"," "," 0"," -9999.0","Y"," "," 0"," -9999.0","Y"," "," 0","     0.0"," ","P","19","    18.4"," ","P","19"
"USC00426601","10-11"," 37.8156","-112.4389","2026.0","PANGUITCH, UT US","10","11","99","    46.4"," ","R","19","    66.5"," ","R","19","    26.2"," ","S","24","    40.3"," ","R","19","     5.9"," ","R","19","     8.8"," ","R","19","     6.6"," ","S","24","    10.0"," ","R","19","    18.6"," ","R","19","     0.6"," ","R","19","     1.8"," ","R","19","     4.5"," ","R","19","     8.7"," ","R","19","    10.6"," ","R","19","    13.6"," ","R","19","     0.0"," ","R","19","     7.0"," ","R","19","     3.1"," ","R","19","     0.9"," ","R","19","     0.1"," ","R","19","     0.0","X","R","19","     0.0","X","R","19","     0.0"," ","R","19","     0.0"," ","R","19","     0.0"," ","R","19","     7.0"," ","R","19","     3.1"," ","R","19","     0.9"," ","R","19","     0.1"," ","R","19","     0.0","X","R","19","     0.0","X","R","19","     0.0"," ","R","19","     0.0"," ","R","19","     9.4"," ","R","19","     8.4"," ","R","19","    14.8"," ","P","23","     8.4"," ","P","23","     5.1"," ","P","23","     2.2"," ","P","23","     0.5"," ","P","23","     0.1"," ","P","23","     0.0"," ","P","23","     0.0"," ","P","23","    0.04"," ","P","23","    0.12"," ","P","23","    0.33"," ","P","23","    0.34"," ","R","20","    8.33"," ","R","20","     0.4"," ","P","22","     0.4"," ","P","22","     0.2"," ","P","22","     0.1"," ","P","22","     0.1"," ","P","22","     0.0"," ","P","22","     0.0"," ","P","22","     0.0"," ","P","22"," -9999.0","Y"," "," 0"," -9999.0","Y"," "," 0"," -9999.0","Y"," "," 0","     0.0"," ","P","19","    18.4"," ","P","19"
"USC00426601","10-12"," 37.8156","-112.4389","2026.0","PANGUITCH, UT US","10","12","99","    46.0"," ","R","19","    66.1"," ","R","19","    25.9"," ","S","24","    40.2"," ","R","19","     5.9"," ","R","19","     8.9"," ","R","19","     6.7"," ","S","24","    10.1"," ","R","19","    19.0"," ","R","19","     0.6"," ","R","19","     1.9"," ","R","19","     4.8"," ","R","19","     9.1"," ","R","19","    11.0"," ","R","19","    14.0"," ","R","19","     0.0"," ","R","19","     6.6"," ","R","19","     2.9"," ","R","19","     0.8"," ","R","19","     0.1"," ","R","19","     0.0","X","R","19","     0.0","X","R","19","     0.0"," ","R","19","     0.0"," ","R","19","     0.0"," ","R","19","     6.6"," ","R","19","     2.9"," ","R","19","     0.8"," ","R","19","     0.1"," ","R","19","     0.0","X","R","19","     0.0","X","R","19","     0.0"," ","R","19","     0.0"," ","R","19","     9.2"," ","R","19","     8.2"," ","R","19","    14.8"," ","P","23","     8.4"," ","P","23","     5.1"," ","P","23","     2.1"," ","P","23","     0.5"," ","P","23","     0.1"," ","P","23","     0.0"," ","P","23","     0.0"," ","P","23","    0.04"," ","P","23","    0.12"," ","P","23","    0.33"," ","P","23","    0.38"," ","R","20","    8.37"," ","R","20","     0.4"," ","P","22","     0.4"," ","P","22","     0.2"," ","P","22","     0.1"," ","P","22","     0.1"," ","P","22","     0.0"," ","P","22","     0.0"," ","P","22","     0.0"," ","P","22"," -9999.0","Y"," "," 0"," -9999.0","Y"," "," 0"," -9999.0","Y"," "," 0","     0.0"," ","P","19","    18.4"," ","P","19"
"USC00426601","10-13"," 37.8156","-112.4389","2026.0","PANGUITCH, UT US","10","13","99","    45.6"," ","R","19","    65.6"," ","R","19","    25.6"," ","S","24","    40.0"," ","R","19","     6.0"," ","R","19","     8.9"," ","R","19","     6.7"," ","S","24","    10.2"," ","R","19","    19.4"," ","R","19","     0.7"," ","R","19","     2.0"," ","R","19","     5.0"," ","R","19","     9.4"," ","R","19","    11.4"," ","R","19","    14.4"," ","R","19","     0.0"," ","R","19","     6.3"," ","R","19","     2.6"," ","R","19","     0.7"," ","R","19","     0.1"," ","R","19","     0.0","X","R","19","     0.0","X","R","19","     0.0"," ","R","19","     0.0"," ","R","19","     0.0"," ","R","19","     6.3"," ","R","19","     2.6"," ","R","19","     0.7"," ","R","19","     0.1"," ","R","19","     0.0","X","R","19","     0.0","X","R","19","     0.0"," ","R","19","     0.0"," ","R","19","     9.0"," ","R","19","     8.0"," ","R","19","    14.7"," ","P","23","     8.4"," ","P","23","     5.1"," ","P","23","     2.1"," ","P","23","     0.5"," ","P","23","     0.1"," ","P","23","     0.0"," ","P","23","     0.0"," ","P","23","    0.04"," ","P","23","    0.12"," ","P","23","    0.33"," ","P","23","    0.43"," ","R","20","    8.42"," ","R","20","     0.5"," ","P","22","     0.5"," ","P","22","     0.2"," ","P","22","     0.2"," ","P","22","     0.1"," ","P","22","     0.0"," ","P","22","     0.0"," ","P","22","     0.0"," ","P","22"," -9999.0","Y"," "," 0"," -9999.0","Y"," "," 0"," -9999.0","Y"," "," 0","     0.0"," ","P","19","    18.4"," ","P","19"
"USC00426601","10-14"," 37.8156","-112.4389","2026.0","PANGUITCH, UT US","10","14","99","    45.3"," ","R","19","    65.2"," ","R","19","    25.3"," ","S","24","    39.9"," ","R","19","     6.0"," ","R","19","     9.0"," ","R","19","     6.7"," ","S","24","    10.3"," ","R","19","    19.7"," ","R","19","     0.7"," ","R","19","     2.2"," ","R","19","     5.3"," ","R","19","     9.8"," ","R","19","    11.8"," ","R","19","    14.8"," ","R","19","     0.0"," ","R","19","     6.0"," ","R","19","     2.4"," ","R","19","     0.6"," ","R","19","     0.1"," ","R","19","     0.0","X","R","19","     0.0","X","R","19","     0.0"," ","R","19","     0.0"," ","R","19","     0.0"," ","R","19","     6.0"," ","R","19","     2.4"," ","R","19","     0.6"," ","R","19","     0.1"," ","R","19","     0.0","X","R","19","     0.0","X","R","19","     0.0"," ","R","19","     0.0"," ","R","19","     8.7"," ","R","19","     7.8"," ","R","19","    14.8"," ","P","23","     8.4"," ","P","23","     5.1"," ","P","23","     2.1"," ","P","23","     0.5"," ","P","23","     0.1"," ","P","23","     0.0"," ","P","23","     0.0"," ","P","23","    0.05"," ","P","23","    0.12"," ","P","23","    0.33"," ","P","23","    0.47"," ","R","20","    8.46"," ","R","20","     0.6"," ","P","22","     0.5"," ","P","22","     0.3"," ","P","22","     0.2"," ","P","22","     0.1"," ","P","22","     0.0"," ","P","22","     0.0"," ","P","22","     0.0"," ","P","22"," -9999.0","Y"," "," 0"," -9999.0","Y"," "," 0"," -9999.0","Y"," "," 0","     0.0"," ","P","19","    18.4"," ","P","19"
"USC00426601","10-15"," 37.8156","-112.4389","2026.0","PANGUITCH, UT US","10","15","99","    44.9"," ","R","19","    64.8"," ","R","19","    25.0"," ","S","24","    39.7"," ","R","19","     6.1"," ","R","19","     9.0"," ","R","19","     6.8"," ","S","24","    10.4"," ","R","19","    20.1"," ","R","19","     0.8"," ","R","19","     2.3"," ","R","19","     5.6"," ","R","19","    10.2"," ","R","19","    12.1"," ","R","19","    15.1"," ","R","19","     0.0"," ","R","19","     5.7"," ","R","19","     2.2"," ","R","19","     0.5"," ","R","19","     0.0","X","R","19","     0.0","X","R","19","     0.0","X","R","19","     0.0"," ","R","19","     0.0"," ","R","19","     0.0"," ","R","19","     5.7"," ","R","19","     2.2"," ","R","19","     0.5"," ","R","19","     0.0","X","R","19","     0.0","X","R","19","     0.0","X","R","19","     0.0"," ","R","19","     0.0"," ","R","19","     8.5"," ","R","19","     7.6"," ","R","19","    14.8"," ","P","23","     8.4"," ","P","23","     5.1"," ","P","23","     2.1"," ","P","23","     0.5"," ","P","23","     0.1"," ","P","23","     0.0"," ","P","23","     0.0"," ","P","23","    0.05"," ","P","23","    0.12"," ","P","23","    0.33"," ","P","23","    0.51"," ","R","20","    8.50"," ","R","20","     0.7"," ","P","22","     0.6"," ","P","22","     0.3"," ","P","22","     0.2"," ","P","22","     0.2"," ","P","22","     0.0"," ","P","22","     0.0"," ","P","22","     0.0"," ","P","22"," -9999.0","Y"," "," 0"," -9999.0","Y"," "," 0"," -9999.0","Y"," "," 0","     0.0"," ","P","19","    18.4"," ","P","19"
"USC00426601","10-16"," 37.8156","-112.4389","2026.0","PANGUITCH, UT US","10","16","99","    44.5"," ","R","19","    64.3"," ","R","19","    24.7"," ","S","24","    39.6"," ","R","19","     6.1"," ","R","19","     9.1"," ","R","19","     6.8"," ","S","24","    10.4"," ","R","19","    20.5"," ","R","19","     0.9"," ","R","19","     2.5"," ","R","19","     5.9"," ","R","19","    10.5"," ","R","19","    12.5"," ","R","19","    15.5"," ","R","19","     0.0"," ","R","19","     5.4"," ","R","19","     2.0"," ","R","19","     0.4"," ","R","19","     0.0","X","R","19","     0.0","X","R","19","     0.0","X","R","19","     0.0"," ","R","19","     0.0"," ","R","19","     0.0"," ","R","19","     5.4"," ","R","19","     2.0"," ","R","19","     0.4"," ","R","19","     0.0","X","R","19","     0.0","X","R","19","     0.0","X","R","19","     0.0"," ","R","19","     0.0"," ","R","19","     8.3"," ","R","19","     7.4"," ","R","19","    14.8"," ","P","23","     8.5"," ","P","23","     5.1"," ","P","23","     2.1"," ","P","23","     0.5"," ","P","23","     0.1"," ","P","23","     0.0"," ","P","23","     0.0"," ","P","23","    0.05"," ","P","23","    0.12"," ","P","23","    0.33"," ","P","23","    0.56"," ","R","20","    8.55"," ","R","20","     0.8"," ","P","22","     0.6"," ","P","22","     0.3"," ","P","22","     0.2"," ","P","22","     0.2"," ","P","22","     0.0"," ","P","22","     0.0"," ","P","22","     0.0"," ","P","22"," -9999.0","Y"," "," 0"," -9999.0","Y"," "," 0"," -9999.0","Y"," "," 0","     0.0"," ","P","19","    18.4"," ","P","19"
"USC00426601","10-17"," 37.8156","-112.4389","2026.0","PANGUITCH, UT US","10","17","99","    44.1"," ","R","19","    63.9"," ","R","19","    24.4"," ","S","24","    39.4"," ","R","19","     6.2"," ","R","19","     9.1"," ","R","19","     6.9"," ","S","24","    10.4"," ","R","19","    20.9"," ","R","19","     1.0"," ","R","19","     2.7"," ","R","19","     6.2"," ","R","19","    10.9"," ","R","19","    12.9"," ","R","19","    15.9"," ","R","19","     0.0"," ","R","19","     5.1"," ","R","19","     1.9"," ","R","19","     0.4"," ","R","19","     0.0","X","R","19","     0.0","X","R","19","     0.0"," ","R","19","     0.0"," ","R","19","     0.0"," ","R","19","     0.0"," ","R","19","     5.1"," ","R","19","     1.9"," ","R","19","     0.4"," ","R","19","     0.0","X","R","19","     0.0","X","R","19","     0.0"," ","R","19","     0.0"," ","R","19","     0.0"," ","R","19","     8.1"," ","R","19","     7.1"," ","R","19","    14.9"," ","P","23","     8.5"," ","P","23","     5.1"," ","P","23","     2.1"," ","P","23","     0.5"," ","P","23","     0.1"," ","P","23","     0.0"," ","P","23","     0.0"," ","P","23","    0.05"," ","P","23","    0.12"," ","P","23","    0.33"," ","P","23","    0.60"," ","R","20","    8.59"," ","R","20","     0.8"," ","P","22","     0.7"," ","P","22","     0.3"," ","P","22","     0.2"," ","P","22","     0.2"," ","P","22","     0.0"," ","P","22","     0.0"," ","P","22","     0.0"," ","P","22"," -9999.0","Y"," "," 0"," -9999.0","Y"," "," 0"," -9999.0","Y"," "," 0","     0.0"," ","P","19","    18.4"," ","P","19"
"USC00426601","10-18"," 37.8156","-112.4389","2026.0","PANGUITCH, UT US","10","18","99","    43.8"," ","R","19","    63.4"," ","R","19","    24.2"," ","S","24","    39.3"," ","R","19","     6.2"," ","R","19","     9.2"," ","R","19","     7.0"," ","S","24","    10.5"," ","R","19","    21.2"," ","R","19","     1.0"," ","R","19","     2.9"," ","R","19","     6.5"," ","R","19","    11.3"," ","R","19","    13.2"," ","R","19","    16.2"," ","R","19","     0.0"," ","R","19","     4.8"," ","R","19","     1.7"," ","R","19","     0.3"," ","R","19","     0.0","X","R","19","     0.0","X","R","19","     0.0"," ","R","19","     0.0"," ","R","19","     0.0"," ","R","19","     0.0"," ","R","19","     4.8"," ","R","19","     1.7"," ","R","19","     0.3"," ","R","19","     0.0","X","R","19","     0.0","X","R","19","     0.0"," ","R","19","     0.0"," ","R","19","     0.0"," ","R","19","     7.8"," ","R","19","     6.9"," ","R","19","    14.9"," ","P","23","     8.6"," ","P","23","     5.1"," ","P","23","     2.0"," ","P","23","     0.5"," ","P","23","     0.1"," ","P","23","     0.0"," ","P","23","     0.0"," ","P","23","    0.05"," ","P","23","    0.12"," ","P","23","    0.33"," ","P","23","    0.64"," ","R","20","    8.63"," ","R","20","     0.9"," ","P","22","     0.7"," ","P","22","     0.4"," ","P","22","     0.2"," ","P","22","     0.2"," ","P","22","     0.0"," ","P","22","     0.0"," ","P","22","     0.0"," ","P","22"," -9999.0","Y"," "," 0"," -9999.0","Y"," "," 0"," -9999.0","Y"," "," 0","     0.0"," ","P","19","    18.4"," ","P","19"
"USC00426601","10-19"," 37.8156","-112.4389","2026.0","PANGUITCH, UT US","10","19","99","    43.4"," ","R","19","    63.0"," ","R","19","    23.9"," ","S","24","    39.1"," ","R","19","     6.3"," ","R","19","     9.2"," ","R","19","     7.0"," ","S","24","    10.5"," ","R","19","    21.6"," ","R","19","     1.1"," ","R","19","     3.1"," ","R","19","     6.8"," ","R","19","    11.6"," ","R","19","    13.6"," ","R","19","    16.6"," ","R","19","     0.0"," ","R","19","     4.6"," ","R","19","     1.5"," ","R","19","     0.3"," ","R","19","     0.0","X","R","19","     0.0","X","R","19","     0.0"," ","R","19","     0.0"," ","R","19","     0.0"," ","R","19","     0.0"," ","R","19","     4.6"," ","R","19","     1.5"," ","R","19","     0.3"," ","R","19","     0.0","X","R","19","     0.0","X","R","19","     0.0"," ","R","19","     0.0"," ","R","19","     0.0"," ","R","19","     7.6"," ","R","19","     6.7"," ","R","19","    15.0"," ","P","23","     8.6"," ","P","23","     5.1"," ","P","23","     2.0"," ","P","23","     0.5"," ","P","23","     0.1"," ","P","23","     0.0"," ","P","23","     0.0"," ","P","23","    0.05"," ","P","23","    0.13"," ","P","23","    0.33"," ","P","23","    0.68"," ","R","20","    8.67"," ","R","20","     1.0"," ","P","22","     0.8"," ","P","22","     0.4"," ","P","22","     0.2"," ","P","22","     0.2"," ","P","22","     0.0"," ","P","22","     0.0"," ","P","22","     0.0"," ","P","22"," -9999.0","Y"," "," 0"," -9999.0","Y"," "," 0"," -9999.0","Y"," "," 0","     0.0"," ","P","19","    18.4"," ","P","19"
"USC00426601","10-20"," 37.8156","-112.4389","2026.0","PANGUITCH, UT US","10","20","99","    43.1"," ","R","19","    62.5"," ","R","19","    23.6"," ","S","24","    38.9"," ","R","19","     6.3"," ","R","19","     9.3"," ","R","19","     7.1"," ","S","24","    10.5"," ","R","19","    21.9"," ","R","19","     1.3"," ","R","19","     3.3"," ","R","19","     7.2"," ","R","19","    12.0"," ","R","19","    13.9"," ","R","19","    16.9"," ","R","19","     0.0"," ","R","19","     4.3"," ","R","19","     1.4"," ","R","19","     0.2"," ","R","19","     0.0","X","R","19","     0.0","X","R","19","     0.0"," ","R","19","     0.0"," ","R","19","     0.0"," ","R","19","     0.0"," ","R","19","     4.3"," ","R","19","     1.4"," ","R","19","     0.2"," ","R","19","     0.0","X","R","19","     0.0","X","R","19","     0.0"," ","R","19","     0.0"," ","R","19","     0.0"," ","R","19","     7.4"," ","R","19","     6.5"," ","R","19","    15.0"," ","P","23","     8.7"," ","P","23","     5.1"," ","P","23","     2.0"," ","P","23","     0.5"," ","P","23","     0.1"," ","P","23","     0.0"," ","P","23","     0.0"," ","P","23","    0.05"," ","P","23","    0.13"," ","P","23","    0.33"," ","P","23","    0.72"," ","R","20","    8.71"," ","R","20","     1.1"," ","P","22","     0.9"," ","P","22","     0.4"," ","P","22","     0.2"," ","P","22","     0.2"," ","P","22","     0.0"," ","P","22","     0.0"," ","P","22","     0.0"," ","P","22"," -9999.0","Y"," "," 0"," -9999.0","Y"," "," 0"," -9999.0","Y"," "," 0","     0.0"," ","P","19","    18.4"," ","P","19"
"USC00426601","10-21"," 37.8156","-112.4389","2026.0","PANGUITCH, UT US","10","21","99","    42.7"," ","R","19","    62.1"," ","R","19","    23.3"," ","S","24","    38.7"," ","R","19","     6.4"," ","R","19","     9.3"," ","R","19","     7.1"," ","S","24","    10.5"," ","R","19","    22.3"," ","R","19","     1.4"," ","R","19","     3.6"," ","R","19","     7.5"," ","R","19","    12.3"," ","R","19","    14.3"," ","R","19","    17.3"," ","R","19","     0.0"," ","R","19","     4.1"," ","R","19","     1.3"," ","R","19","     0.2"," ","R","19","     0.0","X","R","19","     0.0","X","R","19","     0.0"," ","R","19","     0.0"," ","R","19","     0.0"," ","R","19","     0.0"," ","R","19","     4.1"," ","R","19","     1.3"," ","R","19","     0.2"," ","R","19","     0.0","X","R","19","     0.0","X","R","19","     0.0"," ","R","19","     0.0"," ","R","19","     0.0"," ","R","19","     7.2"," ","R","19","     6.3"," ","R","19","    15.0"," ","P","23","     8.7"," ","P","23","     5.0"," ","P","23","     2.0"," ","P","23","     0.5"," ","P","23","     0.1"," ","P","23","     0.0"," ","P","23","     0.0"," ","P","23","    0.05"," ","P","23","    0.13"," ","P","23","    0.32"," ","P","23","    0.76"," ","R","20","    8.75"," ","R","20","     1.2"," ","P","22","     0.9"," ","P","22","     0.5"," ","P","22","     0.3"," ","P","22","     0.2"," ","P","22","     0.0"," ","P","22","     0.0"," ","P","22","     0.0"," ","P","22"," -9999.0","Y"," "," 0"," -9999.0","Y"," "," 0"," -9999.0","Y"," "," 0","     0.0"," ","P","19","    18.4"," ","P","19"
"USC00426601","10-22"," 37.8156","-112.4389","2026.0","PANGUITCH, UT US","10","22","99","    42.4"," ","R","19","    61.6"," ","R","19","    23.1"," ","S","24","    38.6"," ","R","19","     6.5"," ","R","19","     9.3"," ","R","19","     7.2"," ","S","24","    10.5"," ","R","19","    22.6"," ","R","19","     1.6"," ","R","19","     3.8"," ","R","19","     7.8"," ","R","19","    12.7"," ","R","19","    14.7"," ","R","19","    17.6"," ","R","19","     0.0"," ","R","19","     3.9"," ","R","19","     1.2"," ","R","19","     0.2"," ","R","19","     0.0","X","R","19","     0.0","X","R","19","     0.0"," ","R","19","     0.0"," ","R","19","     0.0"," ","R","19","     0.0"," ","R","19","     3.9"," ","R","19","     1.2"," ","R","19","     0.2"," ","R","19","     0.0","X","R","19","     0.0","X","R","19","     0.0"," ","R","19","     0.0"," ","R","19","     0.0"," ","R","19","     7.0"," ","R","19","     6.1"," ","R","19","    15.0"," ","P","23","     8.8"," ","P","23","     5.0"," ","P","23","     2.0"," ","P","23","     0.5"," ","P","23","     0.1"," ","P","23","     0.0"," ","P","23","     0.0"," ","P","23","    0.05"," ","P","23","    0.13"," ","P","23","    0.32"," ","P","23","    0.80"," ","R","20","    8.79"," ","R","20","     1.3"," ","P","22","     1.0"," ","P","22","     0.5"," ","P","22","     0.3"," ","P","22","     0.2"," ","P","22","     0.0"," ","P","22","     0.0"," ","P","22","     0.0"," ","P","22"," -9999.0","Y"," "," 0"," -9999.0","Y"," "," 0"," -9999.0","Y"," "," 0","     0.0"," ","P","19","    18.4"," ","P","19"
"USC00426601","10-23"," 37.8156","-112.4389","2026.0","PANGUITCH, UT US","10","23","99","    42.0"," ","R","19","    61.2"," ","R","19","    22.8"," ","S","24","    38.4"," ","R","19","     6.5"," ","R","19","     9.4"," ","R","19","     7.3"," ","S","24","    10.5"," ","R","19","    23.0"," ","R","19","     1.7"," ","R","19","     4.1"," ","R","19","     8.2"," ","R","19","    13.0"," ","R","19","    15.0"," ","R","19","    18.0"," ","R","19","     0.0"," ","R","19","     3.7"," ","R","19","     1.1"," ","R","19","     0.2"," ","R","19","     0.0","X","R","19","     0.0","X","R","19","     0.0"," ","R","19","     0.0"," ","R","19","     0.0"," ","R","19","     0.0"," ","R","19","     3.7"," ","R","19","     1.1"," ","R","19","     0.2"," ","R","19","     0.0","X","R","19","     0.0","X","R","19","     0.0"," ","R","19","     0.0"," ","R","19","     0.0"," ","R","19","     6.8"," ","R","19","     5.9"," ","R","19","    15.0"," ","P","23","     8.8"," ","P","23","     4.9"," ","P","23","     1.9"," ","P","23","     0.5"," ","P","23","     0.1"," ","P","23","     0.0"," ","P","23","     0.0"," ","P","23","    0.05"," ","P","23","    0.13"," ","P","23","    0.32"," ","P","23","    0.84"," ","R","20","    8.83"," ","R","20","     1.4"," ","P","22","     1.1"," ","P","22","     0.5"," ","P","22","     0.3"," ","P","22","     0.2"," ","P","22","     0.0"," ","P","22","     0.0"," ","P","22","     0.0"," ","P","22"," -9999.0","Y"," "," 0"," -9999.0","Y"," "," 0"," -9999.0","Y"," "," 0","     0.0"," ","P","19","    18.4"," ","P","19"
"USC00426601","10-24"," 37.8156","-112.4389","2026.0","PANGUITCH, UT US","10","24","99","    41.6"," ","R","19","    60.7"," ","R","19","    22.6"," ","S","24","    38.2"," ","R","19","     6.5"," ","R","19","     9.4"," ","R","19","     7.4"," ","S","24","    10.6"," ","R","19","    23.4"," ","R","19","     1.9"," ","R","19","     4.4"," ","R","19","     8.5"," ","R","19","    13.4"," ","R","19","    15.4"," ","R","19","    18.4"," ","R","19","     0.0"," ","R","19","     3.5"," ","R","19","     1.0"," ","R","19","     0.2"," ","R","19","     0.0","X","R","19","     0.0","X","R","19","     0.0"," ","R","19","     0.0"," ","R","19","     0.0"," ","R","19","     0.0"," ","R","19","     3.5"," ","R","19","     1.0"," ","R","19","     0.2"," ","R","19","     0.0","X","R","19","     0.0","X","R","19","     0.0"," ","R","19","     0.0"," ","R","19","     0.0"," ","R","19","     6.6"," ","R","19","     5.7"," ","R","19","    15.0"," ","P","23","     8.8"," ","P","23","     4.9"," ","P","23","     1.9"," ","P","23","     0.5"," ","P","23","     0.1"," ","P","23","     0.0"," ","P","23","     0.0"," ","P","23","    0.05"," ","P","23","    0.13"," ","P","23","    0.32"," ","P","23","    0.88"," ","R","20","    8.87"," ","R","20","     1.5"," ","P","22","     1.2"," ","P","22","     0.6"," ","P","22","     0.3"," ","P","22","     0.2"," ","P","22","     0.0"," ","P","22","     0.0"," ","P","22","     0.0"," ","P","22"," -9999.0","Y"," "," 0"," -9999.0","Y"," "," 0"," -9999.0","Y"," "," 0","     0.1"," ","P","19","    18.5"," ","P","19"
"USC00426601","10-25"," 37.8156","-112.4389","2026.0","PANGUITCH, UT US","10","25","99","    41.3"," ","R","19","    60.3"," ","R","19","    22.3"," ","S","24","    38.0"," ","R","19","     6.6"," ","R","19","     9.4"," ","R","19","     7.4"," ","S","24","    10.6"," ","R","19","    23.7"," ","R","19","     2.0"," ","R","19","     4.6"," ","R","19","     8.9"," ","R","19","    13.7"," ","R","19","    15.7"," ","R","19","    18.7"," ","R","19","     0.0"," ","R","19","     3.3"," ","R","19","     0.9"," ","R","19","     0.2"," ","R","19","     0.0","X","R","19","     0.0","X","R","19","     0.0"," ","R","19","     0.0"," ","R","19","     0.0"," ","R","19","     0.0"," ","R","19","     3.3"," ","R","19","     0.9"," ","R","19","     0.2"," ","R","19","     0.0","X","R","19","     0.0","X","R","19","     0.0"," ","R","19","     0.0"," ","R","19","     0.0"," ","R","19","     6.4"," ","R","19","     5.5"," ","R","19","    14.9"," ","P","23","     8.8"," ","P","23","     4.8"," ","P","23","     1.8"," ","P","23","     0.5"," ","P","23","     0.1"," ","P","23","     0.0"," ","P","23","     0.0"," ","P","23","    0.05"," ","P","23","    0.13"," ","P","23","    0.32"," ","P","23","    0.92"," ","R","20","    8.91"," ","R","20","     1.6"," ","P","22","     1.2"," ","P","22","     0.6"," ","P","22","     0.3"," ","P","22","     0.2"," ","P","22","     0.0"," ","P","22","     0.0"," ","P","22","     0.0"," ","P","22"," -9999.0","Y"," "," 0"," -9999.0","Y"," "," 0"," -9999.0","Y"," "," 0","     0.1"," ","P","19","    18.5"," ","P","19"
"USC00426601","10-26"," 37.8156","-112.4389","2026.0","PANGUITCH, UT US","10","26","99","    40.9"," ","R","19","    59.8"," ","R","19","    22.0"," ","S","24","    37.8"," ","R","19","     6.6"," ","R","19","     9.4"," ","R","19","     7.4"," ","S","24","    10.6"," ","R","19","    24.1"," ","R","19","     2.2"," ","R","19","     4.9"," ","R","19","     9.2"," ","R","19","    14.1"," ","R","19","    16.1"," ","R","19","    19.1"," ","R","19","     0.0"," ","R","19","     3.1"," ","R","19","     0.8"," ","R","19","     0.1"," ","R","19","     0.0","X","R","19","     0.0","X","R","19","     0.0"," ","R","19","     0.0"," ","R","19","     0.0"," ","R","19","     0.0"," ","R","19","     3.1"," ","R","19","     0.8"," ","R","19","     0.1"," ","R","19","     0.0","X","R","19","     0.0","X","R","19","     0.0"," ","R","19","     0.0"," ","R","19","     0.0"," ","R","19","     6.1"," ","R","19","     5.3"," ","R","19","    14.8"," ","P","23","     8.7"," ","P","23","     4.8"," ","P","23","     1.8"," ","P","23","     0.4"," ","P","23","     0.0"," ","P","23","     0.0"," ","P","23","     0.0"," ","P","23","    0.05"," ","P","23","    0.13"," ","P","23","    0.32"," ","P","23","    0.96"," ","R","20","    8.95"," ","R","20","     1.8"," ","P","22","     1.3"," ","P","22","     0.7"," ","P","22","     0.3"," ","P","22","     0.2"," ","P","22","     0.0"," ","P","22","     0.0"," ","P","22","     0.0"," ","P","22"," -9999.0","Y"," "," 0"," -9999.0","Y"," "," 0"," -9999.0","Y"," "," 0","     0.1"," ","P","19","    18.5"," ","P","19"
"USC00426601","10-27"," 37.8156","-112.4389","2026.0","PANGUITCH, UT US","10","27","99","    40.6"," ","R","19","    59.4"," ","R","19","    21.8"," ","S","24","    37.6"," ","R","19","     6.7"," ","R","19","     9.5"," ","R","19","     7.5"," ","S","24","    10.6"," ","R","19","    24.4"," ","R","19","     2.4"," ","R","19","     5.2"," ","R","19","     9.6"," ","R","19","    14.4"," ","R","19","    16.4"," ","R","19","    19.4"," ","R","19","     0.0"," ","R","19","     3.0"," ","R","19","     0.8"," ","R","19","     0.1"," ","R","19","     0.0","X","R","19","     0.0","X","R","19","     0.0"," ","R","19","     0.0"," ","R","19","     0.0"," ","R","19","     0.0"," ","R","19","     3.0"," ","R","19","     0.8"," ","R","19","     0.1"," ","R","19","     0.0","X","R","19","     0.0","X","R","19","     0.0"," ","R","19","     0.0"," ","R","19","     0.0"," ","R","19","     5.9"," ","R","19","     5.1"," ","R","19","    14.7"," ","P","22","     8.7"," ","P","22","     4.7"," ","P","22","     1.7"," ","P","22","     0.4"," ","P","22","     0.0"," ","P","22","     0.0"," ","P","22","     0.0"," ","P","22","    0.05"," ","P","22","    0.13"," ","P","22","    0.31"," ","P","22","    1.01"," ","R","20","    9.00"," ","R","20","     1.9"," ","P","22","     1.4"," ","P","22","     0.7"," ","P","22","     0.4"," ","P","22","     0.2"," ","P","22","     0.0"," ","P","22","     0.0"," ","P","22","     0.0"," ","P","22"," -9999.0","Y"," "," 0"," -9999.0","Y"," "," 0"," -9999.0","Y"," "," 0","     0.1"," ","P","19","    18.5"," ","P","19"
"USC00426601","10-28"," 37.8156","-112.4389","2026.0","PANGUITCH, UT US","10","28","99","    40.2"," ","R","19","    59.0"," ","R","19","    21.5"," ","S","24","    37.5"," ","R","19","     6.7"," ","R","19","     9.5"," ","R","19","     7.5"," ","S","24","    10.5"," ","R","19","    24.8"," ","R","19","     2.6"," ","R","19","     5.5"," ","R","19","     9.9"," ","R","19","    14.8"," ","R","19","    16.8"," ","R","19","    19.8"," ","R","19","     0.0"," ","R","19","     2.8"," ","R","19","     0.7"," ","R","19","     0.1"," ","R","19","     0.0","X","R","19","     0.0","X","R","19","     0.0"," ","R","19","     0.0"," ","R","19","     0.0"," ","R","19","     0.0"," ","R","19","     2.8"," ","R","19","     0.7"," ","R","19","     0.1"," ","R","19","     0.0","X","R","19","     0.0","X","R","19","     0.0"," ","R","19","     0.0"," ","R","19","     0.0"," ","R","19","     5.7"," ","R","19","     4.9"," ","R","19","    14.5"," ","P","22","     8.6"," ","P","22","     4.6"," ","P","22","     1.7"," ","P","22","     0.4"," ","P","22","     0.0"," ","P","22","     0.0"," ","P","22","     0.0"," ","P","22","    0.05"," ","P","22","    0.13"," ","P","22","    0.31"," ","P","22","    1.05"," ","R","20","    9.04"," ","R","20","     2.1"," ","P","22","     1.6"," ","P","22","     0.8"," ","P","22","     0.4"," ","P","22","     0.2"," ","P","22","     0.0"," ","P","22","     0.0"," ","P","22","     0.0"," ","P","22"," -9999.0","Y"," "," 0"," -9999.0","Y"," "," 0"," -9999.0","Y"," "," 0","     0.1"," ","P","19","    18.5"," ","P","19"
"USC00426601","10-29"," 37.8156","-112.4389","2026.0","PANGUITCH, UT US","10","29","99","    39.9"," ","R","19","    58.5"," ","R","19","    21.2"," ","S","24","    37.3"," ","R","19","     6.8"," ","R","19","     9.5"," ","R","19","     7.6"," ","S","24","    10.5"," ","R","19","    25.1"," ","R","19","     2.8"," ","R","19","     5.8"," ","R","19","    10.3"," ","R","19","    15.2"," ","R","19","    17.1"," ","R","19","    20.1"," ","R","19","     0.0"," ","R","19","     2.7"," ","R","19","     0.7"," ","R","19","     0.1"," ","R","19","     0.0","X","R","19","     0.0","X","R","19","     0.0"," ","R","19","     0.0"," ","R","19","     0.0"," ","R","19","     0.0"," ","R","19","     2.7"," ","R","19","     0.7"," ","R","19","     0.1"," ","R","19","     0.0","X","R","19","     0.0","X","R","19","     0.0"," ","R","19","     0.0"," ","R","19","     0.0"," ","R","19","     5.5"," ","R","19","     4.7"," ","R","19","    14.4"," ","P","22","     8.6"," ","P","22","     4.5"," ","P","22","     1.6"," ","P","22","     0.4"," ","P","22","     0.0"," ","P","22","     0.0"," ","P","22","     0.0"," ","P","22","    0.05"," ","P","22","    0.13"," ","P","22","    0.31"," ","P","22","    1.09"," ","R","20","    9.08"," ","R","20","     2.3"," ","P","22","     1.7"," ","P","22","     0.9"," ","P","22","     0.5"," ","P","22","     0.2"," ","P","22","     0.0"," ","P","22","     0.0"," ","P","22","     0.0"," ","P","22"," -9999.0","Y"," "," 0"," -9999.0","Y"," "," 0"," -9999.0","Y"," "," 0","     0.2"," ","P","19","    18.6"," ","P","19"
"USC00426601","10-30"," 37.8156","-112.4389","2026.0","PANGUITCH, UT US","10","30","99","    39.5"," ","R","19","    58.1"," ","R","19","    21.0"," ","S","24","    37.1"," ","R","19","     6.8"," ","R","19","     9.5"," ","R","19","     7.6"," ","S","24","    10.5"," ","R","19","    25.5"," ","R","19","     3.0"," ","R","19","     6.2"," ","R","19","    10.6"," ","R","19","    15.5"," ","R","19","    17.5"," ","R","19","    20.5"," ","R","19","     0.0"," ","R","19","     2.5"," ","R","19","     0.7"," ","R","19","     0.1"," ","R","19","     0.0","X","R","19","     0.0","X","R","19","     0.0"," ","R","19","     0.0"," ","R","19","     0.0"," ","R","19","     0.0"," ","R","19","     2.5"," ","R","19","     0.7"," ","R","19","     0.1"," ","R","19","     0.0","X","R","19","     0.0","X","R","19","     0.0"," ","R","19","     0.0"," ","R","19","     0.0"," ","R","19","     5.3"," ","R","19","     4.5"," ","R","19","    14.3"," ","P","22","     8.5"," ","P","22","     4.4"," ","P","22","     1.6"," ","P","22","     0.4"," ","P","22","     0.0"," ","P","22","     0.0"," ","P","22","     0.0"," ","P","22","    0.05"," ","P","22","    0.13"," ","P","22","    0.30"," ","P","22","    1.14"," ","R","20","    9.13"," ","R","20","     2.4"," ","P","22","     1.8"," ","P","22","     1.0"," ","P","22","     0.5"," ","P","22","     0.3"," ","P","22","     0.0"," ","P","22","     0.0"," ","P","22","     0.0"," ","P","22"," -9999.0","Y"," "," 0"," -9999.0","Y"," "," 0"," -9999.0","Y"," "," 0","     0.2"," ","P","19","    18.6"," ","P","19"
"USC00426601","10-31"," 37.8156","-112.4389","2026.0","PANGUITCH, UT US","10","31","99","    39.1"," ","R","19","    57.6"," ","R","19","    20.7"," ","S","24","    36.9"," ","R","19","     6.9"," ","R","19","     9.6"," ","R","19","     7.7"," ","S","24","    10.5"," ","R","19","    25.9"," ","R","19","     3.2"," ","R","19","     6.5"," ","R","19","    11.0"," ","R","19","    15.9"," ","R","19","    17.9"," ","R","19","    20.9"," ","R","19","     0.0"," ","R","19","     2.4"," ","R","19","     0.6"," ","R","19","     0.1"," ","R","19","     0.0","X","R","19","     0.0","X","R","19","     0.0"," ","R","19","     0.0"," ","R","19","     0.0"," ","R","19","     0.0"," ","R","19","     2.4"," ","R","19","     0.6"," ","R","19","     0.1"," ","R","19","     0.0","X","R","19","     0.0","X","R","19","     0.0"," ","R","19","     0.0"," ","R","19","     0.0"," ","R","19","     5.1"," ","R","19","     4.3"," ","R","19","    14.1"," ","P","22","     8.4"," ","P","22","     4.3"," ","P","22","     1.5"," ","P","22","     0.4"," ","P","22","     0.0"," ","P","22","     0.0"," ","P","22","     0.0"," ","P","22","    0.05"," ","P","22","    0.13"," ","P","22","    0.30"," ","P","22","    1.18"," ","R","20","    9.17"," ","R","20","     2.5"," ","P","22","     1.9"," ","P","22","     1.0"," ","P","22","     0.5"," ","P","22","     0.3"," ","P","22","     0.0"," ","P","22","     0.0"," ","P","22","     0.0"," ","P","22"," -9999.0","Y"," "," 0"," -9999.0","Y"," "," 0"," -9999.0","Y"," "," 0","     0.2"," ","P","19","    18.6"," ","P","19"
"USC00426601","11-01"," 37.8156","-112.4389","2026.0","PANGUITCH, UT US","11","01","99","    38.8"," ","R","19","    57.1"," ","R","19","    20.4"," ","R","22","    36.7"," ","R","19","     6.9"," ","R","19","     9.6"," ","R","19","     7.7"," ","R","22","    10.5"," ","R","19","    26.2"," ","R","19","     3.5"," ","R","19","     6.8"," ","R","19","    11.4"," ","R","19","    16.3"," ","R","19","    18.2"," ","R","19","    21.2"," ","R","19","     0.0"," ","R","19","     2.2"," ","R","19","     0.6"," ","R","19","     0.1"," ","R","19","     0.0","X","R","19","     0.0","X","R","19","     0.0"," ","R","19","     0.0"," ","R","19","     0.0"," ","R","19","     0.0"," ","R","19","     2.2"," ","R","19","     0.6"," ","R","19","     0.1"," ","R","19","     0.0","X","R","19","     0.0","X","R","19","     0.0"," ","R","19","     0.0"," ","R","19","     0.0"," ","R","19","     5.0"," ","R","19","     4.2"," ","R","19","    14.0"," ","P","22","     8.2"," ","P","22","     4.2"," ","P","22","     1.5"," ","P","22","     0.4"," ","P","22","     0.0"," ","P","22","     0.0"," ","P","22","     0.0"," ","P","22","    0.05"," ","P","22","    0.13"," ","P","22","    0.29"," ","P","22","    0.03"," ","R","17","    9.20"," ","R","17","     2.7"," ","P","22","     2.0"," ","P","22","     1.1"," ","P","22","     0.6"," ","P","22","     0.3"," ","P","22","     0.1"," ","P","22","     0.0"," ","P","22","     0.0"," ","P","22"," -9999.0","Y"," "," 0"," -9999.0","Y"," "," 0"," -9999.0","Y"," "," 0","     0.0"," ","P","12","    18.6"," ","P","12"
"USC00426601","11-02"," 37.8156","-112.4389","2026.0","PANGUITCH, UT US","11","02","99","    38.4"," ","R","19","    56.7"," ","R","19","    20.1"," ","R","22","    36.6"," ","R","19","     7.0"," ","R","19","     9.6"," ","R","19","     7.7"," ","R","22","    10.5"," ","R","19","    26.6"," ","R","19","     3.7"," ","R","19","     7.2"," ","R","19","    11.7"," ","R","19","    16.6"," ","R","19","    18.6"," ","R","19","    21.6"," ","R","19","     0.0"," ","R","19","     2.1"," ","R","19","     0.6"," ","R","19","     0.1"," ","R","19","     0.0","X","R","19","     0.0","X","R","19","     0.0"," ","R","19","     0.0"," ","R","19","     0.0"," ","R","19","     0.0"," ","R","19","     2.1"," ","R","19","     0.6"," ","R","19","     0.1"," ","R","19","     0.0","X","R","19","     0.0","X","R","19","     0.0"," ","R","19","     0.0"," ","R","19","     0.0"," ","R","19","     4.8"," ","R","19","     4.0"," ","R","19","    13.8"," ","P","22","     8.1"," ","P","22","     4.0"," ","P","22","     1.4"," ","P","22","     0.3"," ","P","22","     0.0"," ","P","22","     0.0"," ","P","22","     0.0"," ","P","22","    0.05"," ","P","22","    0.13"," ","P","22","    0.29"," ","P","22","    0.06"," ","R","17","    9.23"," ","R","17","     2.9"," ","P","22","     2.1"," ","P","22","     1.2"," ","P","22","     0.6"," ","P","22","     0.3"," ","P","22","     0.1"," ","P","22","     0.0"," ","P","22","     0.0"," ","P","22"," -9999.0","Y"," "," 0"," -9999.0","Y"," "," 0"," -9999.0","Y"," "," 0","     0.1"," ","P","12","    18.7"," ","P","12"
"USC00426601","11-03"," 37.8156","-112.4389","2026.0","PANGUITCH, UT US","11","03","99","    38.0"," ","R","19","    56.2"," ","R","19","    19.8"," ","R","22","    36.4"," ","R","19","     7.0"," ","R","19","     9.7"," ","R","19","     7.8"," ","R","22","    10.5"," ","R","19","    27.0"," ","R","19","     3.9"," ","R","19","     7.5"," ","R","19","    12.1"," ","R","19","    17.0"," ","R","19","    19.0"," ","R","19","    22.0"," ","R","19","     0.0"," ","R","19","     2.0"," ","R","19","     0.5"," ","R","19","     0.1"," ","R","19","     0.0","X","R","19","     0.0","X","R","19","     0.0"," ","R","19","     0.0"," ","R","19","     0.0"," ","R","19","     0.0"," ","R","19","     2.0"," ","R","19","     0.5"," ","R","19","     0.1"," ","R","19","     0.0","X","R","19","     0.0","X","R","19","     0.0"," ","R","19","     0.0"," ","R","19","     0.0"," ","R","19","     4.7"," ","R","19","     3.9"," ","R","19","    13.7"," ","P","22","     8.0"," ","P","22","     3.9"," ","P","22","     1.4"," ","P","22","     0.3"," ","P","22","     0.0"," ","P","22","     0.0"," ","P","22","     0.0"," ","P","22","    0.05"," ","P","22","    0.13"," ","P","22","    0.29"," ","P","22","    0.09"," ","R","17","    9.26"," ","R","17","     3.1"," ","P","22","     2.2"," ","P","22","     1.3"," ","P","22","     0.7"," ","P","22","     0.4"," ","P","22","     0.1"," ","P","22","     0.0"," ","P","22","     0.0"," ","P","22"," -9999.0","Y"," "," 0"," -9999.0","Y"," "," 0"," -9999.0","Y"," "," 0","     0.1"," ","P","12","    18.7"," ","P","12"
"USC00426601","11-04"," 37.8156","-112.4389","2026.0","PANGUITCH, UT US","11","04","99","    37.7"," ","R","19","    55.8"," ","R","19","    19.5"," ","R","22","    36.2"," ","R","19","     7.1"," ","R","19","     9.7"," ","R","19","     7.8"," ","R","22","    10.5"," ","R","19","    27.3"," ","R","19","     4.2"," ","R","19","     7.8"," ","R","19","    12.5"," ","R","19","    17.4"," ","R","19","    19.4"," ","R","19","    22.3"," ","R","19","     0.0"," ","R","19","     1.8"," ","R","19","     0.5"," ","R","19","     0.1"," ","R","19","     0.0","X","R","19","     0.0","X","R","19","     0.0"," ","R","19","     0.0"," ","R","19","     0.0"," ","R","19","     0.0"," ","R","19","     1.8"," ","R","19","     0.5"," ","R","19","     0.1"," ","R","19","     0.0","X","R","19","     0.0","X","R","19","     0.0"," ","R","19","     0.0"," ","R","19","     0.0"," ","R","19","     4.5"," ","R","19","     3.7"," ","R","19","    13.6"," ","P","22","     7.9"," ","P","22","     3.8"," ","P","22","     1.3"," ","P","22","     0.3"," ","P","22","     0.0"," ","P","22","     0.0"," ","P","22","     0.0"," ","P","22","    0.05"," ","P","22","    0.12"," ","P","22","    0.28"," ","P","22","    0.12"," ","R","17","    9.29"," ","R","17","     3.2"," ","P","22","     2.3"," ","P","22","     1.3"," ","P","22","     0.7"," ","P","22","     0.4"," ","P","22","     0.2"," ","P","22","     0.0"," ","P","22","     0.0"," ","P","22"," -9999.0","Y"," "," 0"," -9999.0","Y"," "," 0"," -9999.0","Y"," "," 0","     0.1"," ","P","12","    18.7"," ","P","12"
"USC00426601","11-05"," 37.8156","-112.4389","2026.0","PANGUITCH, UT US","11","05","99","    37.3"," ","R","19","    55.3"," ","R","19","    19.2"," ","R","22","    36.1"," ","R","19","     7.1"," ","R","19","     9.7"," ","R","19","     7.9"," ","R","22","    10.4"," ","R","19","    27.7"," ","R","19","     4.4"," ","R","19","     8.2"," ","R","19","    12.8"," ","R","19","    17.8"," ","R","19","    19.7"," ","R","19","    22.7"," ","R","19","     0.0"," ","R","19","     1.6"," ","R","19","     0.4"," ","R","19","     0.1"," ","R","19","     0.0","X","R","19","     0.0","X","R","19","     0.0"," ","R","19","     0.0"," ","R","19","     0.0"," ","R","19","     0.0"," ","R","19","     1.6"," ","R","19","     0.4"," ","R","19","     0.1"," ","R","19","     0.0","X","R","19","     0.0","X","R","19","     0.0"," ","R","19","     0.0"," ","R","19","     0.0"," ","R","19","     4.3"," ","R","19","     3.6"," ","R","19","    13.4"," ","P","22","     7.9"," ","P","22","     3.7"," ","P","22","     1.3"," ","P","22","     0.3"," ","P","22","     0.0"," ","P","22","     0.0"," ","P","22","     0.0"," ","P","22","    0.05"," ","P","22","    0.12"," ","P","22","    0.28"," ","P","22","    0.15"," ","R","17","    9.32"," ","R","17","     3.4"," ","P","22","     2.5"," ","P","22","     1.4"," ","P","22","     0.8"," ","P","22","     0.4"," ","P","22","     0.2"," ","P","22","     0.0"," ","P","22","     0.0"," ","P","22"," -9999.0","Y"," "," 0"," -9999.0","Y"," "," 0"," -9999.0","Y"," "," 0","     0.2"," ","P","12","    18.8"," ","P","12"
"USC00426601","11-06"," 37.8156","-112.4389","2026.0","PANGUITCH, UT US","11","06","99","    36.9"," ","R","19","    54.8"," ","R","19","    18.9"," ","R","22","    35.9"," ","R","19","     7.2"," ","R","19","     9.8"," ","R","19","     7.9"," ","R","22","    10.4"," ","R","19","    28.1"," ","R","19","     4.6"," ","R","19","     8.5"," ","R","19","    13.2"," ","R","19","    18.1"," ","R","19","    20.1"," ","R","19","    23.1"," ","R","19","     0.0"," ","R","19","     1.5"," ","R","19","     0.4"," ","R","19","     0.1"," ","R","19","     0.0","X","R","19","     0.0","X","R","19","     0.0"," ","R","19","     0.0"," ","R","19","     0.0"," ","R","19","     0.0"," ","R","19","     1.5"," ","R","19","     0.4"," ","R","19","     0.1"," ","R","19","     0.0","X","R","19","     0.0","X","R","19","     0.0"," ","R","19","     0.0"," ","R","19","     0.0"," ","R","19","     4.2"," ","R","19","     3.4"," ","R","19","    13.3"," ","P","22","     7.8"," ","P","22","     3.7"," ","P","22","     1.3"," ","P","22","     0.3"," ","P","22","     0.0"," ","P","22","     0.0"," ","P","22","     0.0"," ","P","22","    0.05"," ","P","22","    0.12"," ","P","22","    0.28"," ","P","22","    0.18"," ","R","17","    9.35"," ","R","17","     3.6"," ","P","22","     2.6"," ","P","22","     1.5"," ","P","22","     0.8"," ","P","22","     0.4"," ","P","22","     0.2"," ","P","22","     0.0"," ","P","22","     0.0"," ","P","22"," -9999.0","Y"," "," 0"," -9999.0","Y"," "," 0"," -9999.0","Y"," "," 0","     0.2"," ","P","12","    18.8"," ","P","12"
"USC00426601","11-07"," 37.8156","-112.4389","2026.0","PANGUITCH, UT US","11","07","99","    36.5"," ","R","19","    54.4"," ","R","19","    18.6"," ","R","22","    35.8"," ","R","19","     7.2"," ","R","19","     9.8"," ","R","19","     7.9"," ","R","22","    10.4"," ","R","19","    28.5"," ","R","19","     4.8"," ","R","19","     8.8"," ","R","19","    13.6"," ","R","19","    18.5"," ","R","19","    20.5"," ","R","19","    23.5"," ","R","19","     0.0"," ","R","19","     1.3"," ","R","19","     0.3"," ","R","19","     0.0","X","R","19","     0.0","X","R","19","     0.0","X","R","19","     0.0"," ","R","19","     0.0"," ","R","19","     0.0"," ","R","19","     0.0"," ","R","19","     1.3"," ","R","19","     0.3"," ","R","19","     0.0","X","R","19","     0.0","X","R","19","     0.0","X","R","19","     0.0"," ","R","19","     0.0"," ","R","19","     0.0"," ","R","19","     4.0"," ","R","19","     3.3"," ","R","19","    13.2"," ","P","22","     7.7"," ","P","22","     3.6"," ","P","22","     1.3"," ","P","22","     0.3"," ","P","22","     0.0"," ","P","22","     0.0"," ","P","22","     0.0"," ","P","22","    0.05"," ","P","22","    0.12"," ","P","22","    0.27"," ","P","22","    0.20"," ","R","17","    9.37"," ","R","17","     3.7"," ","P","22","     2.7"," ","P","22","     1.6"," ","P","22","     0.9"," ","P","22","     0.5"," ","P","22","     0.2"," ","P","22","     0.0"," ","P","22","     0.0"," ","P","22"," -9999.0","Y"," "," 0"," -9999.0","Y"," "," 0"," -9999.0","Y"," "," 0","     0.3"," ","P","12","    18.9"," ","P","12"
"USC00426601","11-08"," 37.8156","-112.4389","2026.0","PANGUITCH, UT US","11","08","99","    36.1"," ","R","19","    53.9"," ","R","19","    18.3"," ","R","22","    35.6"," ","R","19","     7.3"," ","R","19","     9.8"," ","R","19","     7.9"," ","R","22","    10.3"," ","R","19","    28.9"," ","R","19","     5.0"," ","R","19","     9.1"," ","R","19","    13.9"," ","R","19","    18.9"," ","R","19","    20.9"," ","R","19","    23.9"," ","R","19","     0.0"," ","R","19","     1.1"," ","R","19","     0.2"," ","R","19","     0.0","X","R","19","     0.0","X","R","19","     0.0","X","R","19","     0.0"," ","R","19","     0.0"," ","R","19","     0.0"," ","R","19","     0.0"," ","R","19","     1.1"," ","R","19","     0.2"," ","R","19","     0.0","X","R","19","     0.0","X","R","19","     0.0","X","R","19","     0.0"," ","R","19","     0.0"," ","R","19","     0.0"," ","R","19","     3.8"," ","R","19","     3.1"," ","R","19","    13.1"," ","P","22","     7.7"," ","P","22","     3.6"," ","P","22","     1.3"," ","P","22","     0.3"," ","P","22","     0.0"," ","P","22","     0.0"," ","P","22","     0.0"," ","P","22","    0.05"," ","P","22","    0.13"," ","P","22","    0.27"," ","P","22","    0.23"," ","R","17","    9.40"," ","R","17","     3.9"," ","P","22","     2.8"," ","P","22","     1.7"," ","P","22","     0.9"," ","P","22","     0.5"," ","P","22","     0.2"," ","P","22","     0.0"," ","P","22","     0.0"," ","P","22"," -9999.0","Y"," "," 0"," -9999.0","Y"," "," 0"," -9999.0","Y"," "," 0","     0.3"," ","P","12","    18.9"," ","P","12"
"USC00426601","11-09"," 37.8156","-112.4389","2026.0","PANGUITCH, UT US","11","09","99","    35.7"," ","R","19","    53.4"," ","R","19","    18.0"," ","R","22","    35.5"," ","R","19","     7.3"," ","R","19","     9.8"," ","R","19","     8.0"," ","R","22","    10.3"," ","R","19","    29.3"," ","R","19","     5.3"," ","R","19","     9.5"," ","R","19","    14.3"," ","R","19","    19.3"," ","R","19","    21.3"," ","R","19","    24.3"," ","R","19","     0.0"," ","R","19","     1.0"," ","R","19","     0.2"," ","R","19","     0.0","X","R","19","     0.0","X","R","19","     0.0","X","R","19","     0.0"," ","R","19","     0.0"," ","R","19","     0.0"," ","R","19","     0.0"," ","R","19","     1.0"," ","R","19","     0.2"," ","R","19","     0.0","X","R","19","     0.0","X","R","19","     0.0","X","R","19","     0.0"," ","R","19","     0.0"," ","R","19","     0.0"," ","R","19","     3.7"," ","R","19","     3.0"," ","R","19","    13.0"," ","P","22","     7.6"," ","P","22","     3.5"," ","P","22","     1.2"," ","P","22","     0.3"," ","P","22","     0.0"," ","P","22","     0.0"," ","P","22","     0.0"," ","P","22","    0.05"," ","P","22","    0.13"," ","P","22","    0.27"," ","P","22","    0.26"," ","R","17","    9.43"," ","R","17","     4.0"," ","P","22","     2.9"," ","P","22","     1.8"," ","P","22","     1.0"," ","P","22","     0.5"," ","P","22","     0.2"," ","P","22","     0.0"," ","P","22","     0.0"," ","P","22"," -9999.0","Y"," "," 0"," -9999.0","Y"," "," 0"," -9999.0","Y"," "," 0","     0.4"," ","P","12","    19.0"," ","P","12"
"USC00426601","11-10"," 37.8156","-112.4389","2026.0","PANGUITCH, UT US","11","10","99","    35.3"," ","R","19","    53.0"," ","R","19","    17.6"," ","R","22","    35.3"," ","R","19","     7.4"," ","R","19","     9.9"," ","R","19","     8.0"," ","R","22","    10.2"," ","R","19","    29.7"," ","R","19","     5.6"," ","R","19","     9.9"," ","R","19","    14.7"," ","R","19","    19.7"," ","R","19","    21.7"," ","R","19","    24.7"," ","R","19","     0.0"," ","R","19","     0.9"," ","R","19","     0.2"," ","R","19","     0.0","X","R","19","     0.0"," ","R","19","     0.0"," ","R","19","     0.0"," ","R","19","     0.0"," ","R","19","     0.0"," ","R","19","     0.0"," ","R","19","     0.9"," ","R","19","     0.2"," ","R","19","     0.0","X","R","19","     0.0"," ","R","19","     0.0"," ","R","19","     0.0"," ","R","19","     0.0"," ","R","19","     0.0"," ","R","19","     3.5"," ","R","19","     2.9"," ","R","19","    12.9"," ","P","22","     7.6"," ","P","22","     3.4"," ","P","22","     1.2"," ","P","22","     0.3"," ","P","22","     0.0"," ","P","22","     0.0"," ","P","22","     0.0"," ","P","22","    0.05"," ","P","22","    0.13"," ","P","22","    0.27"," ","P","22","    0.28"," ","R","17","    9.45"," ","R","17","     4.2"," ","P","22","     3.0"," ","P","22","     1.9"," ","P","22","     1.1"," ","P","22","     0.5"," ","P","22","     0.3"," ","P","22","     0.0"," ","P","22","     0.0"," ","P","22"," -9999.0","Y"," "," 0"," -9999.0","Y"," "," 0"," -9999.0","Y"," "," 0","     0.5"," ","P","12","    19.1"," ","P","12"
"USC00426601","11-11"," 37.8156","-112.4389","2026.0","PANGUITCH, UT US","11","11","99","    34.9"," ","R","19","    52.5"," ","R","19","    17.3"," ","R","22","    35.2"," ","R","19","     7.4"," ","R","19","     9.9"," ","R","19","     8.1"," ","R","22","    10.2"," ","R","19","    30.1"," ","R","19","     5.9"," ","R","19","    10.3"," ","R","19","    15.1"," ","R","19","    20.1"," ","R","19","    22.1"," ","R","19","    25.1"," ","R","19","     0.0"," ","R","19","     0.8"," ","R","19","     0.1"," ","R","19","     0.0","X","R","19","     0.0"," ","R","19","     0.0"," ","R","19","     0.0"," ","R","19","     0.0"," ","R","19","     0.0"," ","R","19","     0.0"," ","R","19","     0.8"," ","R","19","     0.1"," ","R","19","     0.0","X","R","19","     0.0"," ","R","19","     0.0"," ","R","19","     0.0"," ","R","19","     0.0"," ","R","19","     0.0"," ","R","19","     3.4"," ","R","19","     2.7"," ","R","19","    12.8"," ","P","22","     7.5"," ","P","22","     3.3"," ","P","22","     1.2"," ","P","22","     0.3"," ","P","22","     0.0"," ","P","22","     0.0"," ","P","22","     0.0"," ","P","22","    0.05"," ","P","22","    0.13"," ","P","22","    0.26"," ","P","22","    0.30"," ","R","17","    9.47"," ","R","17","     4.3"," ","P","22","     3.1"," ","P","22","     1.9"," ","P","22","     1.1"," ","P","22","     0.6"," ","P","22","     0.3"," ","P","22","     0.0"," ","P","22","     0.0"," ","P","22"," -9999.0","Y"," "," 0"," -9999.0","Y"," "," 0"," -9999.0","Y"," "," 0","     0.5"," ","P","12","    19.1"," ","P","12"
"USC00426601","11-12"," 37.8156","-112.4389","2026.0","PANGUITCH, UT US","11","12","99","    34.5"," ","R","19","    52.0"," ","R","19","    16.9"," ","R","22","    35.1"," ","R","19","     7.5"," ","R","19","     9.9"," ","R","19","     8.1"," ","R","22","    10.1"," ","R","19","    30.5"," ","R","19","     6.3"," ","R","19","    10.6"," ","R","19","    15.6"," ","R","19","    20.5"," ","R","19","    22.5"," ","R","19","    25.5"," ","R","19","     0.0"," ","R","19","     0.7"," ","R","19","     0.1"," ","R","19","     0.0","X","R","19","     0.0"," ","R","19","     0.0"," ","R","19","     0.0"," ","R","19","     0.0"," ","R","19","     0.0"," ","R","19","     0.0"," ","R","19","     0.7"," ","R","19","     0.1"," ","R","19","     0.0","X","R","19","     0.0"," ","R","19","     0.0"," ","R","19","     0.0"," ","R","19","     0.0"," ","R","19","     0.0"," ","R","19","     3.2"," ","R","19","     2.6"," ","R","19","    12.7"," ","P","22","     7.4"," ","P","22","     3.2"," ","P","22","     1.2"," ","P","22","     0.2"," ","P","22","     0.0"," ","P","22","     0.0"," ","P","22","     0.0"," ","P","22","    0.05"," ","P","22","    0.13"," ","P","22","    0.26"," ","P","22","    0.33"," ","R","17","    9.50"," ","R","17","     4.4"," ","P","22","     3.2"," ","P","22","     2.0"," ","P","22","     1.1"," ","P","22","     0.6"," ","P","22","     0.3"," ","P","22","     0.0"," ","P","22","     0.0"," ","P","22"," -9999.0","Y"," "," 0"," -9999.0","Y"," "," 0"," -9999.0","Y"," "," 0","     0.6"," ","P","12","    19.2"," ","P","12"
"USC00426601","11-13"," 37.8156","-112.4389","2026.0","PANGUITCH, UT US","11","13","99","    34.0"," ","R","19","    51.5"," ","R","19","    16.6"," ","R","22","    35.0"," ","R","19","     7.5"," ","R","19","     9.9"," ","R","19","     8.2"," ","R","22","    10.1"," ","R","19","    31.0"," ","R","19","     6.6"," ","R","19","    11.0"," ","R","19","    16.0"," ","R","19","    21.0"," ","R","19","    23.0"," ","R","19","    26.0"," ","R","19","     0.0"," ","R","19","     0.6"," ","R","19","     0.1"," ","R","19","     0.0","X","R","19","     0.0"," ","R","19","     0.0"," ","R","19","     0.0"," ","R","19","     0.0"," ","R","19","     0.0"," ","R","19","     0.0"," ","R","19","     0.6"," ","R","19","     0.1"," ","R","19","     0.0","X","R","19","     0.0"," ","R","19","     0.0"," ","R","19","     0.0"," ","R","19","     0.0"," ","R","19","     0.0"," ","R","19","     3.1"," ","R","19","     2.5"," ","R","19","    12.6"," ","P","22","     7.4"," ","P","22","     3.2"," ","P","22","     1.2"," ","P","22","     0.2"," ","P","22","     0.0"," ","P","22","     0.0"," ","P","22","     0.0"," ","P","22","    0.05"," ","P","22","    0.13"," ","P","22","    0.26"," ","P","22","    0.35"," ","R","17","    9.52"," ","R","17","     4.6"," ","P","22","     3.2"," ","P","22","     2.1"," ","P","22","     1.2"," ","P","22","     0.6"," ","P","22","     0.3"," ","P","22","     0.0"," ","P","22","     0.0"," ","P","22"," -9999.0","Y"," "," 0"," -9999.0","Y"," "," 0"," -9999.0","Y"," "," 0","     0.7"," ","P","12","    19.3"," ","P","12"
"USC00426601","11-14"," 37.8156","-112.4389","2026.0","PANGUITCH, UT US","11","14","99","    33.6"," ","R","19","    51.0"," ","R","19","    16.2"," ","R","22","    34.8"," ","R","19","     7.6"," ","R","19","     9.9"," ","R","19","     8.2"," ","R","22","    10.1"," ","R","19","    31.4"," ","R","19","     6.9"," ","R","19","    11.4"," ","R","19","    16.4"," ","R","19","    21.4"," ","R","19","    23.4"," ","R","19","    26.4"," ","R","19","     0.0"," ","R","19","     0.5"," ","R","19","     0.1"," ","R","19","     0.0","X","R","19","     0.0"," ","R","19","     0.0"," ","R","19","     0.0"," ","R","19","     0.0"," ","R","19","     0.0"," ","R","19","     0.0"," ","R","19","     0.5"," ","R","19","     0.1"," ","R","19","     0.0","X","R","19","     0.0"," ","R","19","     0.0"," ","R","19","     0.0"," ","R","19","     0.0"," ","R","19","     0.0"," ","R","19","     2.9"," ","R","19","     2.3"," ","R","19","    12.5"," ","P","22","     7.3"," ","P","22","     3.1"," ","P","22","     1.1"," ","P","22","     0.2"," ","P","22","     0.0"," ","P","22","     0.0"," ","P","22","     0.0"," ","P","22","    0.05"," ","P","22","    0.12"," ","P","22","    0.25"," ","P","22","    0.37"," ","R","17","    9.54"," ","R","17","     4.7"," ","P","22","     3.3"," ","P","22","     2.2"," ","P","22","     1.2"," ","P","22","     0.7"," ","P","22","     0.3"," ","P","22","     0.0"," ","P","22","     0.0"," ","P","22"," -9999.0","Y"," "," 0"," -9999.0","Y"," "," 0"," -9999.0","Y"," "," 0","     0.7"," ","P","12","    19.3"," ","P","12"
"USC00426601","11-15"," 37.8156","-112.4389","2026.0","PANGUITCH, UT US","11","15","99","    33.2"," ","R","19","    50.6"," ","R","19","    15.8"," ","R","22","    34.7"," ","R","19","     7.6"," ","R","19","     9.9"," ","R","19","     8.3"," ","R","22","    10.1"," ","R","19","    31.8"," ","R","19","     7.3"," ","R","19","    11.9"," ","R","19","    16.8"," ","R","19","    21.8"," ","R","19","    23.8"," ","R","19","    26.8"," ","R","19","     0.0"," ","R","19","     0.5"," ","R","19","     0.0","X","R","19","     0.0","X","R","19","     0.0"," ","R","19","     0.0"," ","R","19","     0.0"," ","R","19","     0.0"," ","R","19","     0.0"," ","R","19","     0.0"," ","R","19","     0.5"," ","R","19","     0.0","X","R","19","     0.0","X","R","19","     0.0"," ","R","19","     0.0"," ","R","19","     0.0"," ","R","19","     0.0"," ","R","19","     0.0"," ","R","19","     2.7"," ","R","19","     2.2"," ","R","19","    12.3"," ","P","22","     7.2"," ","P","22","     3.0"," ","P","22","     1.1"," ","P","22","     0.2"," ","P","22","     0.0"," ","P","22","     0.0"," ","P","22","     0.0"," ","P","22","    0.05"," ","P","22","    0.12"," ","P","22","    0.25"," ","P","22","    0.39"," ","R","17","    9.56"," ","R","17","     4.8"," ","P","22","     3.4"," ","P","22","     2.2"," ","P","22","     1.3"," ","P","22","     0.7"," ","P","22","     0.3"," ","P","22","     0.0"," ","P","22","     0.0"," ","P","22"," -9999.0","Y"," "," 0"," -9999.0","Y"," "," 0"," -9999.0","Y"," "," 0","     0.8"," ","P","12","    19.4"," ","P","12"
"USC00426601","11-16"," 37.8156","-112.4389","2026.0","PANGUITCH, UT US","11","16","99","    32.8"," ","R","19","    50.1"," ","R","19","    15.5"," ","R","22","    34.6"," ","R","19","     7.7"," ","R","19","     9.9"," ","R","19","     8.4"," ","R","22","    10.0"," ","R","19","    32.2"," ","R","19","     7.6"," ","R","19","    12.3"," ","R","19","    17.2"," ","R","19","    22.2"," ","R","19","    24.2"," ","R","19","    27.2"," ","R","19","     0.0"," ","R","19","     0.4"," ","R","19","     0.0","X","R","19","     0.0","X","R","19","     0.0"," ","R","19","     0.0"," ","R","19","     0.0"," ","R","19","     0.0"," ","R","19","     0.0"," ","R","19","     0.0"," ","R","19","     0.4"," ","R","19","     0.0","X","R","19","     0.0","X","R","19","     0.0"," ","R","19","     0.0"," ","R","19","     0.0"," ","R","19","     0.0"," ","R","19","     0.0"," ","R","19","     2.6"," ","R","19","     2.0"," ","R","19","    12.2"," ","P","22","     7.1"," ","P","22","     2.9"," ","P","22","     1.1"," ","P","22","     0.2"," ","P","22","     0.0"," ","P","22","     0.0"," ","P","22","     0.0"," ","P","22","    0.05"," ","P","22","    0.12"," ","P","22","    0.25"," ","P","22","    0.41"," ","R","17","    9.58"," ","R","17","     5.0"," ","P","22","     3.5"," ","P","22","     2.3"," ","P","22","     1.3"," ","P","22","     0.7"," ","P","22","     0.4"," ","P","22","     0.0"," ","P","22","     0.0"," ","P","22"," -9999.0","Y"," "," 0"," -9999.0","Y"," "," 0"," -9999.0","Y"," "," 0","     0.9"," ","P","12","    19.5"," ","P","12"
"USC00426601","11-17"," 37.8156","-112.4389","2026.0","PANGUITCH, UT US","11","17","99","    32.3"," ","R","19","    49.6"," ","R","19","    15.1"," ","R","22","    34.5"," ","R","19","     7.8"," ","R","19","     9.9"," ","R","19","     8.4"," ","R","22","    10.0"," ","R","19","    32.7"," ","R","19","     8.0"," ","R","19","    12.7"," ","R","19","    17.7"," ","R","19","    22.7"," ","R","19","    24.7"," ","R","19","    27.7"," ","R","19","     0.0"," ","R","19","     0.3"," ","R","19","     0.0","X","R","19","     0.0"," ","R","19","     0.0"," ","R","19","     0.0"," ","R","19","     0.0"," ","R","19","     0.0"," ","R","19","     0.0"," ","R","19","     0.0"," ","R","19","     0.3"," ","R","19","     0.0","X","R","19","     0.0"," ","R","19","     0.0"," ","R","19","     0.0"," ","R","19","     0.0"," ","R","19","     0.0"," ","R","19","     0.0"," ","R","19","     2.5"," ","R","19","     1.9"," ","R","19","    12.2"," ","P","22","     7.0"," ","P","22","     2.8"," ","P","22","     1.0"," ","P","22","     0.2"," ","P","22","     0.0"," ","P","22","     0.0"," ","P","22","     0.0"," ","P","22","    0.05"," ","P","22","    0.12"," ","P","22","    0.24"," ","P","22","    0.43"," ","R","17","    9.60"," ","R","17","     5.1"," ","P","22","     3.6"," ","P","22","     2.4"," ","P","22","     1.4"," ","P","22","     0.8"," ","P","22","     0.4"," ","P","22","     0.0"," ","P","22","     0.0"," ","P","22"," -9999.0","Y"," "," 0"," -9999.0","Y"," "," 0"," -9999.0","Y"," "," 0","     1.0"," ","P","12","    19.6"," ","P","12"
"USC00426601","11-18"," 37.8156","-112.4389","2026.0","PANGUITCH, UT US","11","18","99","    31.9"," ","R","19","    49.1"," ","R","19","    14.7"," ","R","22","    34.4"," ","R","19","     7.8"," ","R","19","    10.0"," ","R","19","     8.5"," ","R","22","    10.0"," ","R","19","    33.1"," ","R","19","     8.4"," ","R","19","    13.1"," ","R","19","    18.1"," ","R","19","    23.1"," ","R","19","    25.1"," ","R","19","    28.1"," ","R","19","     0.0"," ","R","19","     0.3"," ","R","19","     0.0","X","R","19","     0.0"," ","R","19","     0.0"," ","R","19","     0.0"," ","R","19","     0.0"," ","R","19","     0.0"," ","R","19","     0.0"," ","R","19","     0.0"," ","R","19","     0.3"," ","R","19","     0.0","X","R","19","     0.0"," ","R","19","     0.0"," ","R","19","     0.0"," ","R","19","     0.0"," ","R","19","     0.0"," ","R","19","     0.0"," ","R","19","     2.4"," ","R","19","     1.8"," ","R","19","    12.1"," ","P","22","     6.9"," ","P","22","     2.8"," ","P","22","     1.0"," ","P","22","     0.1"," ","P","22","     0.0"," ","P","22","     0.0"," ","P","22","     0.0"," ","P","22","    0.05"," ","P","22","    0.12"," ","P","22","    0.24"," ","P","22","    0.45"," ","R","17","    9.62"," ","R","17","     5.3"," ","P","22","     3.7"," ","P","22","     2.4"," ","P","22","     1.5"," ","P","22","     0.8"," ","P","22","     0.4"," ","P","22","     0.0"," ","P","22","     0.0"," ","P","22"," -9999.0","Y"," "," 0"," -9999.0","Y"," "," 0"," -9999.0","Y"," "," 0","     1.1"," ","P","12","    19.7"," ","P","12"
"USC00426601","11-19"," 37.8156","-112.4389","2026.0","PANGUITCH, UT US","11","19","99","    31.5"," ","R","19","    48.6"," ","R","19","    14.3"," ","R","22","    34.3"," ","R","19","     7.9"," ","R","19","    10.0"," ","R","19","     8.6"," ","R","22","     9.9"," ","R","19","    33.5"," ","R","19","     8.8"," ","R","19","    13.6"," ","R","19","    18.5"," ","R","19","    23.5"," ","R","19","    25.5"," ","R","19","    28.5"," ","R","19","     0.0"," ","R","19","     0.3"," ","R","19","     0.0","X","R","19","     0.0"," ","R","19","     0.0"," ","R","19","     0.0"," ","R","19","     0.0"," ","R","19","     0.0"," ","R","19","     0.0"," ","R","19","     0.0"," ","R","19","     0.3"," ","R","19","     0.0","X","R","19","     0.0"," ","R","19","     0.0"," ","R","19","     0.0"," ","R","19","     0.0"," ","R","19","     0.0"," ","R","19","     0.0"," ","R","19","     2.2"," ","R","19","     1.7"," ","R","19","    12.0"," ","P","22","     6.9"," ","P","22","     2.7"," ","P","22","     1.0"," ","P","22","     0.1"," ","P","22","     0.0"," ","P","22","     0.0"," ","P","22","     0.0"," ","P","22","    0.05"," ","P","22","    0.12"," ","P","22","    0.23"," ","P","22","    0.47"," ","R","17","    9.64"," ","R","17","     5.4"," ","P","22","     3.8"," ","P","22","     2.5"," ","P","22","     1.5"," ","P","22","     0.8"," ","P","22","     0.4"," ","P","22","     0.0"," ","P","22","     0.0"," ","P","22"," -9999.0","Y"," "," 0"," -9999.0","Y"," "," 0"," -9999.0","Y"," "," 0","     1.2"," ","P","12","    19.8"," ","P","12"
"USC00426601","11-20"," 37.8156","-112.4389","2026.0","PANGUITCH, UT US","11","20","99","    31.0"," ","R","19","    48.1"," ","R","19","    13.9"," ","R","22","    34.2"," ","R","19","     7.9"," ","R","19","    10.0"," ","R","19","     8.7"," ","R","22","     9.9"," ","R","19","    34.0"," ","R","19","     9.2"," ","R","19","    14.0"," ","R","19","    19.0"," ","R","19","    24.0"," ","R","19","    26.0"," ","R","19","    29.0"," ","R","19","     0.0"," ","R","19","     0.3"," ","R","19","     0.0","X","R","19","     0.0"," ","R","19","     0.0"," ","R","19","     0.0"," ","R","19","     0.0"," ","R","19","     0.0"," ","R","19","     0.0"," ","R","19","     0.0"," ","R","19","     0.3"," ","R","19","     0.0","X","R","19","     0.0"," ","R","19","     0.0"," ","R","19","     0.0"," ","R","19","     0.0"," ","R","19","     0.0"," ","R","19","     0.0"," ","R","19","     2.1"," ","R","19","     1.6"," ","R","19","    12.0"," ","P","22","     6.8"," ","P","22","     2.6"," ","P","22","     1.0"," ","P","22","     0.1"," ","P","22","     0.0"," ","P","22","     0.0"," ","P","22","     0.0"," ","P","22","    0.05"," ","P","22","    0.12"," ","P","22","    0.23"," ","P","22","    0.49"," ","R","17","    9.66"," ","R","17","     5.6"," ","P","22","     3.9"," ","P","22","     2.5"," ","P","22","     1.6"," ","P","22","     0.8"," ","P","22","     0.4"," ","P","22","     0.0"," ","P","22","     0.0"," ","P","22"," -9999.0","Y"," "," 0"," -9999.0","Y"," "," 0"," -9999.0","Y"," "," 0","     1.3"," ","P","12","    19.9"," ","P","12"
"USC00426601","11-21"," 37.8156","-112.4389","2026.0","PANGUITCH, UT US","11","21","99","    30.6"," ","R","19","    47.6"," ","R","19","    13.5"," ","R","22","    34.1"," ","R","19","     8.0"," ","R","19","    10.0"," ","R","19","     8.8"," ","R","22","     9.9"," ","R","19","    34.4"," ","R","19","     9.7"," ","R","19","    14.4"," ","R","19","    19.4"," ","R","19","    24.4"," ","R","19","    26.4"," ","R","19","    29.4"," ","R","19","     0.0"," ","R","19","     0.2"," ","R","19","     0.0","X","R","19","     0.0"," ","R","19","     0.0"," ","R","19","     0.0"," ","R","19","     0.0"," ","R","19","     0.0"," ","R","19","     0.0"," ","R","19","     0.0"," ","R","19","     0.2"," ","R","19","     0.0","X","R","19","     0.0"," ","R","19","     0.0"," ","R","19","     0.0"," ","R","19","     0.0"," ","R","19","     0.0"," ","R","19","     0.0"," ","R","19","     2.0"," ","R","19","     1.5"," ","R","19","    11.9"," ","P","22","     6.7"," ","P","22","     2.6"," ","P","22","     0.9"," ","P","22","     0.1"," ","P","22","     0.0"," ","P","22","     0.0"," ","P","22","     0.0"," ","P","22","    0.05"," ","P","22","    0.11"," ","P","22","    0.23"," ","P","22","    0.52"," ","R","17","    9.69"," ","R","17","     5.7"," ","P","22","     3.9"," ","P","22","     2.6"," ","P","22","     1.6"," ","P","22","     0.9"," ","P","22","     0.4"," ","P","22","     0.0"," ","P","22","     0.0"," ","P","22"," -9999.0","Y"," "," 0"," -9999.0","Y"," "," 0"," -9999.0","Y"," "," 0","     1.3"," ","P","12","    19.9"," ","P","12"
"USC00426601","11-22"," 37.8156","-112.4389","2026.0","PANGUITCH, UT US","11","22","99","    30.2"," ","R","19","    47.2"," ","R","19","    13.1"," ","R","22","    34.0"," ","R","19","     8.1"," ","R","19","    10.0"," ","R","19","     8.9"," ","R","22","     9.8"," ","R","19","    34.8"," ","R","19","    10.1"," ","R","19","    14.9"," ","R","19","    19.8"," ","R","19","    24.8"," ","R","19","    26.8"," ","R","19","    29.8"," ","R","19","     0.0"," ","R","19","     0.2"," ","R","19","     0.0","X","R","19","     0.0"," ","R","19","     0.0"," ","R","19","     0.0"," ","R","19","     0.0"," ","R","19","     0.0"," ","R","19","     0.0"," ","R","19","     0.0"," ","R","19","     0.2"," ","R","19","     0.0","X","R","19","     0.0"," ","R","19","     0.0"," ","R","19","     0.0"," ","R","19","     0.0"," ","R","19","     0.0"," ","R","19","     0.0"," ","R","19","     1.9"," ","R","19","     1.4"," ","R","19","    11.9"," ","P","22","     6.6"," ","P","22","     2.5"," ","P","22","     0.9"," ","P","22","     0.1"," ","P","22","     0.0"," ","P","22","     0.0"," ","P","22","     0.0"," ","P","22","    0.05"," ","P","22","    0.11"," ","P","22","    0.22"," ","P","22","    0.54"," ","R","17","    9.71"," ","R","17","     5.8"," ","P","22","     4.0"," ","P","22","     2.6"," ","P","22","     1.6"," ","P","22","     0.9"," ","P","22","     0.4"," ","P","22","     0.0"," ","P","22","     0.0"," ","P","22"," -9999.0","Y"," "," 0"," -9999.0","Y"," "," 0"," -9999.0","Y"," "," 0","     1.4"," ","P","12","    20.0"," ","P","12"
"USC00426601","11-23"," 37.8156","-112.4389","2026.0","PANGUITCH, UT US","11","23","99","    29.7"," ","R","19","    46.7"," ","R","19","    12.8"," ","R","22","    33.9"," ","R","19","     8.1"," ","R","19","    10.0"," ","R","19","     9.0"," ","R","22","     9.8"," ","R","19","    35.3"," ","R","19","    10.5"," ","R","19","    15.3"," ","R","19","    20.3"," ","R","19","    25.3"," ","R","19","    27.3"," ","R","19","    30.3"," ","R","19","     0.0"," ","R","19","     0.2"," ","R","19","     0.0","X","R","19","     0.0"," ","R","19","     0.0"," ","R","19","     0.0"," ","R","19","     0.0"," ","R","19","     0.0"," ","R","19","     0.0"," ","R","19","     0.0"," ","R","19","     0.2"," ","R","19","     0.0","X","R","19","     0.0"," ","R","19","     0.0"," ","R","19","     0.0"," ","R","19","     0.0"," ","R","19","     0.0"," ","R","19","     0.0"," ","R","19","     1.8"," ","R","19","     1.3"," ","R","19","    11.9"," ","P","22","     6.5"," ","P","22","     2.4"," ","P","22","     0.8"," ","P","22","     0.1"," ","P","22","     0.0"," ","P","22","     0.0"," ","P","22","     0.0"," ","P","22","    0.05"," ","P","22","    0.11"," ","P","22","    0.21"," ","P","22","    0.56"," ","R","17","    9.73"," ","R","17","     6.0"," ","P","22","     4.1"," ","P","22","     2.6"," ","P","22","     1.7"," ","P","22","     0.9"," ","P","22","     0.4"," ","P","22","     0.0"," ","P","22","     0.0"," ","P","22"," -9999.0","Y"," "," 0"," -9999.0","Y"," "," 0"," -9999.0","Y"," "," 0","     1.5"," ","P","12","    20.1"," ","P","12"
"USC00426601","11-24"," 37.8156","-112.4389","2026.0","PANGUITCH, UT US","11","24","99","    29.3"," ","R","19","    46.2"," ","R","19","    12.4"," ","R","22","    33.8"," ","R","19","     8.2"," ","R","19","    10.0"," ","R","19","     9.1"," ","R","22","     9.8"," ","R","19","    35.7"," ","R","19","    10.9"," ","R","19","    15.7"," ","R","19","    20.7"," ","R","19","    25.7"," ","R","19","    27.7"," ","R","19","    30.7"," ","R","19","     0.0"," ","R","19","     0.2"," ","R","19","     0.0","X","R","19","     0.0"," ","R","19","     0.0"," ","R","19","     0.0"," ","R","19","     0.0"," ","R","19","     0.0"," ","R","19","     0.0"," ","R","19","     0.0"," ","R","19","     0.2"," ","R","19","     0.0","X","R","19","     0.0"," ","R","19","     0.0"," ","R","19","     0.0"," ","R","19","     0.0"," ","R","19","     0.0"," ","R","19","     0.0"," ","R","19","     1.6"," ","R","19","     1.2"," ","R","19","    11.8"," ","P","22","     6.4"," ","P","22","     2.3"," ","P","22","     0.8"," ","P","22","     0.1"," ","P","22","     0.0"," ","P","22","     0.0"," ","P","22","     0.0"," ","P","22","    0.05"," ","P","22","    0.11"," ","P","22","    0.21"," ","P","22","    0.57"," ","R","17","    9.74"," ","R","17","     6.1"," ","P","22","     4.1"," ","P","22","     2.7"," ","P","22","     1.7"," ","P","22","     0.9"," ","P","22","     0.4"," ","P","22","     0.0"," ","P","22","     0.0"," ","P","22"," -9999.0","Y"," "," 0"," -9999.0","Y"," "," 0"," -9999.0","Y"," "," 0","     1.6"," ","P","12","    20.2"," ","P","12"
"USC00426601","11-25"," 37.8156","-112.4389","2026.0","PANGUITCH, UT US","11","25","99","    28.9"," ","R","19","    45.7"," ","R","19","    12.0"," ","R","22","    33.7"," ","R","19","     8.3"," ","R","19","    10.0"," ","R","19","     9.2"," ","R","22","     9.7"," ","R","19","    36.1"," ","R","19","    11.3"," ","R","19","    16.1"," ","R","19","    21.1"," ","R","19","    26.1"," ","R","19","    28.1"," ","R","19","    31.1"," ","R","19","     0.0"," ","R","19","     0.2"," ","R","19","     0.0","X","R","19","     0.0"," ","R","19","     0.0"," ","R","19","     0.0"," ","R","19","     0.0"," ","R","19","     0.0"," ","R","19","     0.0"," ","R","19","     0.0"," ","R","19","     0.2"," ","R","19","     0.0","X","R","19","     0.0"," ","R","19","     0.0"," ","R","19","     0.0"," ","R","19","     0.0"," ","R","19","     0.0"," ","R","19","     0.0"," ","R","19","     1.5"," ","R","19","     1.1"," ","R","19","    11.8"," ","P","22","     6.2"," ","P","22","     2.2"," ","P","22","     0.8"," ","P","22","     0.1"," ","P","22","     0.0"," ","P","22","     0.0"," ","P","22","     0.0"," ","P","22","    0.05"," ","P","22","    0.10"," ","P","22","    0.20"," ","P","22","    0.59"," ","R","17","    9.76"," ","R","17","     6.2"," ","P","21","     4.2"," ","P","21","     2.7"," ","P","21","     1.7"," ","P","21","     0.9"," ","P","21","     0.4"," ","P","21","     0.0"," ","P","21","     0.0"," ","P","21"," -9999.0","Y"," "," 0"," -9999.0","Y"," "," 0"," -9999.0","Y"," "," 0","     1.7"," ","P","12","    20.3"," ","P","12"
"USC00426601","11-26"," 37.8156","-112.4389","2026.0","PANGUITCH, UT US","11","26","99","    28.4"," ","R","19","    45.3"," ","R","19","    11.6"," ","R","22","    33.6"," ","R","19","     8.3"," ","R","19","     9.9"," ","R","19","     9.3"," ","R","22","     9.7"," ","R","19","    36.6"," ","R","19","    11.7"," ","R","19","    16.6"," ","R","19","    21.6"," ","R","19","    26.5"," ","R","19","    28.5"," ","R","19","    31.6"," ","R","19","     0.0"," ","R","19","     0.2"," ","R","19","     0.0","X","R","19","     0.0"," ","R","19","     0.0"," ","R","19","     0.0"," ","R","19","     0.0"," ","R","19","     0.0"," ","R","19","     0.0"," ","R","19","     0.0"," ","R","19","     0.2"," ","R","19","     0.0","X","R","19","     0.0"," ","R","19","     0.0"," ","R","19","     0.0"," ","R","19","     0.0"," ","R","19","     0.0"," ","R","19","     0.0"," ","R","19","     1.4"," ","R","19","     1.0"," ","R","19","    11.8"," ","P","21","     6.2"," ","P","21","     2.1"," ","P","21","     0.7"," ","P","21","     0.1"," ","P","21","     0.0"," ","P","21","     0.0"," ","P","21","     0.0"," ","P","21","    0.04"," ","P","21","    0.10"," ","P","21","    0.20"," ","P","21","    0.61"," ","R","17","    9.78"," ","R","17","     6.3"," ","P","20","     4.2"," ","P","20","     2.7"," ","P","20","     1.7"," ","P","20","     0.8"," ","P","20","     0.4"," ","P","20","     0.0"," ","P","20","     0.0"," ","P","20"," -9999.0","Y"," "," 0"," -9999.0","Y"," "," 0"," -9999.0","Y"," "," 0","     1.8"," ","P","12","    20.4"," ","P","12"
"USC00426601","11-27"," 37.8156","-112.4389","2026.0","PANGUITCH, UT US","11","27","99","    28.0"," ","R","19","    44.8"," ","R","19","    11.3"," ","R","22","    33.5"," ","R","19","     8.4"," ","R","19","     9.9"," ","R","19","     9.4"," ","R","22","     9.7"," ","R","19","    37.0"," ","R","19","    12.1"," ","R","19","    17.0"," ","R","19","    22.0"," ","R","19","    27.0"," ","R","19","    29.0"," ","R","19","    32.0"," ","R","19","     0.0"," ","R","19","     0.1"," ","R","19","     0.0"," ","R","19","     0.0"," ","R","19","     0.0"," ","R","19","     0.0"," ","R","19","     0.0"," ","R","19","     0.0"," ","R","19","     0.0"," ","R","19","     0.0"," ","R","19","     0.1"," ","R","19","     0.0"," ","R","19","     0.0"," ","R","19","     0.0"," ","R","19","     0.0"," ","R","19","     0.0"," ","R","19","     0.0"," ","R","19","     0.0"," ","R","19","     1.3"," ","R","19","     0.9"," ","R","19","    11.8"," ","P","21","     6.1"," ","P","21","     2.0"," ","P","21","     0.7"," ","P","21","     0.1"," ","P","21","     0.0"," ","P","21","     0.0"," ","P","21","     0.0"," ","P","21","    0.04"," ","P","21","    0.10"," ","P","21","    0.20"," ","P","21","    0.62"," ","R","17","    9.79"," ","R","17","     6.4"," ","P","20","     4.3"," ","P","20","     2.7"," ","P","20","     1.7"," ","P","20","     0.8"," ","P","20","     0.4"," ","P","20","     0.0"," ","P","20","     0.0"," ","P","20"," -9999.0","Y"," "," 0"," -9999.0","Y"," "," 0"," -9999.0","Y"," "," 0","     1.8"," ","P","12","    20.4"," ","P","12"
"USC00426601","11-28"," 37.8156","-112.4389","2026.0","PANGUITCH, UT US","11","28","99","    27.6"," ","R","19","    44.4"," ","R","19","    10.9"," ","R","22","    33.5"," ","R","19","     8.4"," ","R","19","     9.9"," ","R","19","     9.5"," ","R","22","     9.6"," ","R","19","    37.4"," ","R","19","    12.5"," ","R","19","    17.4"," ","R","19","    22.4"," ","R","19","    27.4"," ","R","19","    29.4"," ","R","19","    32.4"," ","R","19","     0.0"," ","R","19","     0.1"," ","R","19","     0.0"," ","R","19","     0.0"," ","R","19","     0.0"," ","R","19","     0.0"," ","R","19","     0.0"," ","R","19","     0.0"," ","R","19","     0.0"," ","R","19","     0.0"," ","R","19","     0.1"," ","R","19","     0.0"," ","R","19","     0.0"," ","R","19","     0.0"," ","R","19","     0.0"," ","R","19","     0.0"," ","R","19","     0.0"," ","R","19","     0.0"," ","R","19","     1.2"," ","R","19","     0.9"," ","R","19","    11.8"," ","P","21","     6.0"," ","P","21","     2.0"," ","P","21","     0.7"," ","P","21","     0.0"," ","P","21","     0.0"," ","P","21","     0.0"," ","P","21","     0.0"," ","P","21","    0.04"," ","P","21","    0.10"," ","P","21","    0.19"," ","P","21","    0.64"," ","R","17","    9.81"," ","R","17","     6.5"," ","P","20","     4.3"," ","P","20","     2.7"," ","P","20","     1.8"," ","P","20","     0.8"," ","P","20","     0.4"," ","P","20","     0.0"," ","P","20","     0.0"," ","P","20"," -9999.0","Y"," "," 0"," -9999.0","Y"," "," 0"," -9999.0","Y"," "," 0","     1.9"," ","P","12","    20.5"," ","P","12"
"USC00426601","11-29"," 37.8156","-112.4389","2026.0","PANGUITCH, UT US","11","29","99","    27.2"," ","R","19","    43.9"," ","R","19","    10.5"," ","R","22","    33.4"," ","R","19","     8.5"," ","R","19","     9.8"," ","R","19","     9.6"," ","R","22","     9.6"," ","R","19","    37.8"," ","R","19","    12.9"," ","R","19","    17.8"," ","R","19","    22.8"," ","R","19","    27.8"," ","R","19","    29.8"," ","R","19","    32.8"," ","R","19","     0.0"," ","R","19","     0.1"," ","R","19","     0.0"," ","R","19","     0.0"," ","R","19","     0.0"," ","R","19","     0.0"," ","R","19","     0.0"," ","R","19","     0.0"," ","R","19","     0.0"," ","R","19","     0.0"," ","R","19","     0.1"," ","R","19","     0.0"," ","R","19","     0.0"," ","R","19","     0.0"," ","R","19","     0.0"," ","R","19","     0.0"," ","R","19","     0.0"," ","R","19","     0.0"," ","R","19","     1.1"," ","R","19","     0.8"," ","R","19","    11.8"," ","P","21","     6.0"," ","P","21","     1.9"," ","P","21","     0.7"," ","P","21","     0.0"," ","P","21","     0.0"," ","P","21","     0.0"," ","P","21","     0.0"," ","P","21","    0.04"," ","P","21","    0.09"," ","P","21","    0.19"," ","P","21","    0.65"," ","R","17","    9.82"," ","R","17","     6.6"," ","P","20","     4.4"," ","P","20","     2.7"," ","P","20","     1.8"," ","P","20","     0.8"," ","P","20","     0.4"," ","P","20","     0.0"," ","P","20","     0.0"," ","P","20"," -9999.0","Y"," "," 0"," -9999.0","Y"," "," 0"," -9999.0","Y"," "," 0","     2.0"," ","P","12","    20.6"," ","P","12"
"USC00426601","11-30"," 37.8156","-112.4389","2026.0","PANGUITCH, UT US","11","30","99","    26.8"," ","R","19","    43.5"," ","R","19","    10.2"," ","R","22","    33.3"," ","R","19","     8.5"," ","R","19","     9.8"," ","R","19","     9.7"," ","R","22","     9.5"," ","R","19","    38.2"," ","R","19","    13.3"," ","R","19","    18.2"," ","R","19","    23.2"," ","R","19","    28.2"," ","R","19","    30.2"," ","R","19","    33.2"," ","R","19","     0.0"," ","R","19","     0.1"," ","R","19","     0.0"," ","R","19","     0.0"," ","R","19","     0.0"," ","R","19","     0.0"," ","R","19","     0.0"," ","R","19","     0.0"," ","R","19","     0.0"," ","R","19","     0.0"," ","R","19","     0.1"," ","R","19","     0.0"," ","R","19","     0.0"," ","R","19","     0.0"," ","R","19","     0.0"," ","R","19","     0.0"," ","R","19","     0.0"," ","R","19","     0.0"," ","R","19","     1.0"," ","R","19","     0.8"," ","R","19","    11.9"," ","P","21","     6.0"," ","P","21","     1.9"," ","P","21","     0.6"," ","P","21","     0.0"," ","P","21","     0.0"," ","P","21","     0.0"," ","P","21","     0.0"," ","P","21","    0.04"," ","P","21","    0.09"," ","P","21","    0.19"," ","P","21","    0.67"," ","R","17","    9.84"," ","R","17","     6.8"," ","P","20","     4.5"," ","P","20","     2.7"," ","P","20","     1.8"," ","P","20","     0.8"," ","P","20","     0.4"," ","P","20","     0.0"," ","P","20","     0.0"," ","P","20"," -9999.0","Y"," "," 0"," -9999.0","Y"," "," 0"," -9999.0","Y"," "," 0","     2.1"," ","P","12","    20.7"," ","P","12"
"USC00426601","12-01"," 37.8156","-112.4389","2026.0","PANGUITCH, UT US","12","01","99","    26.5"," ","R","20","    43.0"," ","R","20","     9.9"," ","S","24","    33.2"," ","R","20","     8.5"," ","R","20","     9.7"," ","R","20","     9.8"," ","S","24","     9.5"," ","R","20","    38.5"," ","R","20","    13.7"," ","R","20","    18.5"," ","R","20","    23.5"," ","R","20","    28.5"," ","R","20","    30.5"," ","R","20","    33.5"," ","R","20","     0.0"," ","R","20","     0.1"," ","R","20","     0.0"," ","R","20","     0.0"," ","R","20","     0.0"," ","R","20","     0.0"," ","R","20","     0.0"," ","R","20","     0.0"," ","R","20","     0.0"," ","R","20","     0.0"," ","R","20","     0.1"," ","R","20","     0.0"," ","R","20","     0.0"," ","R","20","     0.0"," ","R","20","     0.0"," ","R","20","     0.0"," ","R","20","     0.0"," ","R","20","     0.0"," ","R","20","     0.9"," ","R","20","     0.7"," ","R","20","    11.9"," ","P","21","     5.9"," ","P","21","     1.8"," ","P","21","     0.6"," ","P","21","     0.0"," ","P","21","     0.0"," ","P","21","     0.0"," ","P","21","     0.0"," ","P","21","    0.04"," ","P","21","    0.09"," ","P","21","    0.19"," ","P","21","    0.02"," ","R","17","    9.86"," ","R","17","     6.9"," ","P","20","     4.6"," ","P","20","     2.7"," ","P","20","     1.8"," ","P","20","     0.8"," ","P","20","     0.4"," ","P","20","     0.0"," ","P","20","     0.0"," ","P","20"," -9999.0","Y"," "," 0"," -9999.0","Y"," "," 0"," -9999.0","Y"," "," 0","     0.1"," ","P","13","    20.8"," ","P","13"
"USC00426601","12-02"," 37.8156","-112.4389","2026.0","PANGUITCH, UT US","12","02","99","    26.1"," ","R","20","    42.6"," ","R","20","     9.5"," ","S","24","    33.1"," ","R","20","     8.6"," ","R","20","     9.7"," ","R","20","     9.9"," ","S","24","     9.4"," ","R","20","    38.9"," ","R","20","    14.0"," ","R","20","    18.9"," ","R","20","    23.9"," ","R","20","    28.9"," ","R","20","    30.9"," ","R","20","    33.9"," ","R","20","     0.0"," ","R","20","     0.1"," ","R","20","     0.0"," ","R","20","     0.0"," ","R","20","     0.0"," ","R","20","     0.0"," ","R","20","     0.0"," ","R","20","     0.0"," ","R","20","     0.0"," ","R","20","     0.0"," ","R","20","     0.1"," ","R","20","     0.0"," ","R","20","     0.0"," ","R","20","     0.0"," ","R","20","     0.0"," ","R","20","     0.0"," ","R","20","     0.0"," ","R","20","     0.0"," ","R","20","     0.8"," ","R","20","     0.6"," ","R","20","    12.0"," ","P","21","     5.9"," ","P","21","     1.8"," ","P","21","     0.6"," ","P","21","     0.0"," ","P","21","     0.0"," ","P","21","     0.0"," ","P","21","     0.0"," ","P","21","    0.04"," ","P","21","    0.09"," ","P","21","    0.18"," ","P","21","    0.04"," ","R","17","    9.88"," ","R","17","     7.0"," ","P","20","     4.6"," ","P","20","     2.7"," ","P","20","     1.8"," ","P","20","     0.8"," ","P","20","     0.4"," ","P","20","     0.0"," ","P","20","     0.0"," ","P","20"," -9999.0","Y"," "," 0"," -9999.0","Y"," "," 0"," -9999.0","Y"," "," 0","     0.2"," ","P","13","    20.9"," ","P","13"
"USC00426601","12-03"," 37.8156","-112.4389","2026.0","PANGUITCH, UT US","12","03","99","    25.7"," ","R","20","    42.2"," ","R","20","     9.2"," ","S","24","    33.0"," ","R","20","     8.6"," ","R","20","     9.6"," ","R","20","    10.0"," ","S","24","     9.4"," ","R","20","    39.3"," ","R","20","    14.3"," ","R","20","    19.3"," ","R","20","    24.3"," ","R","20","    29.3"," ","R","20","    31.3"," ","R","20","    34.3"," ","R","20","     0.0"," ","R","20","     0.1"," ","R","20","     0.0"," ","R","20","     0.0"," ","R","20","     0.0"," ","R","20","     0.0"," ","R","20","     0.0"," ","R","20","     0.0"," ","R","20","     0.0"," ","R","20","     0.0"," ","R","20","     0.1"," ","R","20","     0.0"," ","R","20","     0.0"," ","R","20","     0.0"," ","R","20","     0.0"," ","R","20","     0.0"," ","R","20","     0.0"," ","R","20","     0.0"," ","R","20","     0.8"," ","R","20","     0.5"," ","R","20","    12.1"," ","P","21","     5.8"," ","P","21","     1.7"," ","P","21","     0.6"," ","P","21","     0.0"," ","P","21","     0.0"," ","P","21","     0.0"," ","P","21","     0.0"," ","P","21","    0.04"," ","P","21","    0.09"," ","P","21","    0.18"," ","P","21","    0.06"," ","R","17","    9.90"," ","R","17","     7.2"," ","P","20","     4.7"," ","P","20","     2.7"," ","P","20","     1.8"," ","P","20","     0.8"," ","P","20","     0.4"," ","P","20","     0.0"," ","P","20","     0.0"," ","P","20"," -9999.0","Y"," "," 0"," -9999.0","Y"," "," 0"," -9999.0","Y"," "," 0","     0.3"," ","P","13","    21.0"," ","P","13"
"USC00426601","12-04"," 37.8156","-112.4389","2026.0","PANGUITCH, UT US","12","04","99","    25.4"," ","R","20","    41.8"," ","R","20","     8.9"," ","S","24","    32.9"," ","R","20","     8.6"," ","R","20","     9.5"," ","R","20","    10.1"," ","S","24","     9.3"," ","R","20","    39.6"," ","R","20","    14.7"," ","R","20","    19.6"," ","R","20","    24.6"," ","R","20","    29.6"," ","R","20","    31.6"," ","R","20","    34.6"," ","R","20","     0.0"," ","R","20","     0.0","X","R","20","     0.0"," ","R","20","     0.0"," ","R","20","     0.0"," ","R","20","     0.0"," ","R","20","     0.0"," ","R","20","     0.0"," ","R","20","     0.0"," ","R","20","     0.0"," ","R","20","     0.0","X","R","20","     0.0"," ","R","20","     0.0"," ","R","20","     0.0"," ","R","20","     0.0"," ","R","20","     0.0"," ","R","20","     0.0"," ","R","20","     0.0"," ","R","20","     0.7"," ","R","20","     0.5"," ","R","20","    12.2"," ","P","21","     5.8"," ","P","21","     1.7"," ","P","21","     0.5"," ","P","21","     0.0"," ","P","21","     0.0"," ","P","21","     0.0"," ","P","21","     0.0"," ","P","21","    0.04"," ","P","21","    0.09"," ","P","21","    0.18"," ","P","21","    0.08"," ","R","17","    9.92"," ","R","17","     7.3"," ","P","20","     4.8"," ","P","20","     2.7"," ","P","20","     1.8"," ","P","20","     0.7"," ","P","20","     0.4"," ","P","20","     0.0"," ","P","20","     0.0"," ","P","20"," -9999.0","Y"," "," 0"," -9999.0","Y"," "," 0"," -9999.0","Y"," "," 0","     0.3"," ","P","13","    21.0"," ","P","13"
"USC00426601","12-05"," 37.8156","-112.4389","2026.0","PANGUITCH, UT US","12","05","99","    25.1"," ","R","20","    41.4"," ","R","20","     8.7"," ","S","24","    32.8"," ","R","20","     8.6"," ","R","20","     9.4"," ","R","20","    10.1"," ","S","24","     9.3"," ","R","20","    39.9"," ","R","20","    15.0"," ","R","20","    19.9"," ","R","20","    24.9"," ","R","20","    29.9"," ","R","20","    31.9"," ","R","20","    34.9"," ","R","20","     0.0"," ","R","20","     0.0","X","R","20","     0.0"," ","R","20","     0.0"," ","R","20","     0.0"," ","R","20","     0.0"," ","R","20","     0.0"," ","R","20","     0.0"," ","R","20","     0.0"," ","R","20","     0.0"," ","R","20","     0.0","X","R","20","     0.0"," ","R","20","     0.0"," ","R","20","     0.0"," ","R","20","     0.0"," ","R","20","     0.0"," ","R","20","     0.0"," ","R","20","     0.0"," ","R","20","     0.6"," ","R","20","     0.4"," ","R","20","    12.2"," ","P","21","     5.7"," ","P","21","     1.6"," ","P","21","     0.5"," ","P","21","     0.0"," ","P","21","     0.0"," ","P","21","     0.0"," ","P","21","     0.0"," ","P","21","    0.04"," ","P","21","    0.08"," ","P","21","    0.18"," ","P","21","    0.10"," ","R","17","    9.94"," ","R","17","     7.4"," ","P","20","     4.9"," ","P","20","     2.7"," ","P","20","     1.8"," ","P","20","     0.7"," ","P","20","     0.4"," ","P","20","     0.0"," ","P","20","     0.0"," ","P","20"," -9999.0","Y"," "," 0"," -9999.0","Y"," "," 0"," -9999.0","Y"," "," 0","     0.4"," ","P","13","    21.1"," ","P","13"
"USC00426601","12-06"," 37.8156","-112.4389","2026.0","PANGUITCH, UT US","12","06","99","    24.7"," ","R","20","    41.1"," ","R","20","     8.4"," ","S","24","    32.7"," ","R","20","     8.6"," ","R","20","     9.4"," ","R","20","    10.2"," ","S","24","     9.3"," ","R","20","    40.3"," ","R","20","    15.3"," ","R","20","    20.3"," ","R","20","    25.3"," ","R","20","    30.3"," ","R","20","    32.3"," ","R","20","    35.3"," ","R","20","     0.0"," ","R","20","     0.0","X","R","20","     0.0"," ","R","20","     0.0"," ","R","20","     0.0"," ","R","20","     0.0"," ","R","20","     0.0"," ","R","20","     0.0"," ","R","20","     0.0"," ","R","20","     0.0"," ","R","20","     0.0","X","R","20","     0.0"," ","R","20","     0.0"," ","R","20","     0.0"," ","R","20","     0.0"," ","R","20","     0.0"," ","R","20","     0.0"," ","R","20","     0.0"," ","R","20","     0.5"," ","R","20","     0.3"," ","R","20","    12.3"," ","P","21","     5.7"," ","P","21","     1.6"," ","P","21","     0.5"," ","P","21","     0.0"," ","P","21","     0.0"," ","P","21","     0.0"," ","P","21","     0.0"," ","P","21","    0.04"," ","P","21","    0.08"," ","P","21","    0.17"," ","P","21","    0.12"," ","R","17","    9.96"," ","R","17","     7.6"," ","P","20","     5.0"," ","P","20","     2.7"," ","P","20","     1.8"," ","P","20","     0.7"," ","P","20","     0.4"," ","P","20","     0.0"," ","P","20","     0.0"," ","P","20"," -9999.0","Y"," "," 0"," -9999.0","Y"," "," 0"," -9999.0","Y"," "," 0","     0.5"," ","P","13","    21.2"," ","P","13"
"USC00426601","12-07"," 37.8156","-112.4389","2026.0","PANGUITCH, UT US","12","07","99","    24.4"," ","R","20","    40.7"," ","R","20","     8.1"," ","S","24","    32.6"," ","R","20","     8.6"," ","R","20","     9.3"," ","R","20","    10.2"," ","S","24","     9.2"," ","R","20","    40.6"," ","R","20","    15.6"," ","R","20","    20.6"," ","R","20","    25.6"," ","R","20","    30.6"," ","R","20","    32.6"," ","R","20","    35.6"," ","R","20","     0.0"," ","R","20","     0.0","X","R","20","     0.0"," ","R","20","     0.0"," ","R","20","     0.0"," ","R","20","     0.0"," ","R","20","     0.0"," ","R","20","     0.0"," ","R","20","     0.0"," ","R","20","     0.0"," ","R","20","     0.0","X","R","20","     0.0"," ","R","20","     0.0"," ","R","20","     0.0"," ","R","20","     0.0"," ","R","20","     0.0"," ","R","20","     0.0"," ","R","20","     0.0"," ","R","20","     0.5"," ","R","20","     0.3"," ","R","20","    12.4"," ","P","22","     5.6"," ","P","22","     1.5"," ","P","22","     0.4"," ","P","22","     0.0"," ","P","22","     0.0"," ","P","22","     0.0"," ","P","22","     0.0"," ","P","22","    0.04"," ","P","22","    0.08"," ","P","22","    0.17"," ","P","22","    0.13"," ","R","17","    9.97"," ","R","17","     7.7"," ","P","21","     5.1"," ","P","21","     2.7"," ","P","21","     1.8"," ","P","21","     0.7"," ","P","21","     0.4"," ","P","21","     0.0"," ","P","21","     0.0"," ","P","21"," -9999.0","Y"," "," 0"," -9999.0","Y"," "," 0"," -9999.0","Y"," "," 0","     0.6"," ","P","13","    21.3"," ","P","13"
"USC00426601","12-08"," 37.8156","-112.4389","2026.0","PANGUITCH, UT US","12","08","99","    24.1"," ","R","20","    40.4"," ","R","20","     7.9"," ","S","24","    32.5"," ","R","20","     8.6"," ","R","20","     9.2"," ","R","20","    10.3"," ","S","24","     9.2"," ","R","20","    40.9"," ","R","20","    15.9"," ","R","20","    20.8"," ","R","20","    25.8"," ","R","20","    30.8"," ","R","20","    32.8"," ","R","20","    35.8"," ","R","20","     0.0"," ","R","20","     0.0","X","R","20","     0.0"," ","R","20","     0.0"," ","R","20","     0.0"," ","R","20","     0.0"," ","R","20","     0.0"," ","R","20","     0.0"," ","R","20","     0.0"," ","R","20","     0.0"," ","R","20","     0.0","X","R","20","     0.0"," ","R","20","     0.0"," ","R","20","     0.0"," ","R","20","     0.0"," ","R","20","     0.0"," ","R","20","     0.0"," ","R","20","     0.0"," ","R","20","     0.4"," ","R","20","     0.2"," ","R","20","    12.5"," ","P","23","     5.6"," ","P","23","     1.5"," ","P","23","     0.4"," ","P","23","     0.0"," ","P","23","     0.0"," ","P","23","     0.0"," ","P","23","     0.0"," ","P","23","    0.03"," ","P","23","    0.08"," ","P","23","    0.16"," ","P","23","    0.15"," ","R","17","    9.99"," ","R","17","     7.9"," ","P","22","     5.2"," ","P","22","     2.7"," ","P","22","     1.8"," ","P","22","     0.7"," ","P","22","     0.4"," ","P","22","     0.0"," ","P","22","     0.0"," ","P","22"," -9999.0","Y"," "," 0"," -9999.0","Y"," "," 0"," -9999.0","Y"," "," 0","     0.7"," ","P","13","    21.4"," ","P","13"
"USC00426601","12-09"," 37.8156","-112.4389","2026.0","PANGUITCH, UT US","12","09","99","    23.9"," ","R","20","    40.1"," ","R","20","     7.7"," ","S","24","    32.4"," ","R","20","     8.6"," ","R","20","     9.1"," ","R","20","    10.3"," ","S","24","     9.2"," ","R","20","    41.1"," ","R","20","    16.1"," ","R","20","    21.1"," ","R","20","    26.1"," ","R","20","    31.1"," ","R","20","    33.1"," ","R","20","    36.1"," ","R","20","     0.0"," ","R","20","     0.0","X","R","20","     0.0"," ","R","20","     0.0"," ","R","20","     0.0"," ","R","20","     0.0"," ","R","20","     0.0"," ","R","20","     0.0"," ","R","20","     0.0"," ","R","20","     0.0"," ","R","20","     0.0","X","R","20","     0.0"," ","R","20","     0.0"," ","R","20","     0.0"," ","R","20","     0.0"," ","R","20","     0.0"," ","R","20","     0.0"," ","R","20","     0.0"," ","R","20","     0.4"," ","R","20","     0.2"," ","R","20","    12.6"," ","P","23","     5.5"," ","P","23","     1.4"," ","P","23","     0.4"," ","P","23","     0.0"," ","P","23","     0.0"," ","P","23","     0.0"," ","P","23","     0.0"," ","P","23","    0.03"," ","P","23","    0.07"," ","P","23","    0.16"," ","P","23","    0.16"," ","R","17","   10.00"," ","R","17","     8.1"," ","P","22","     5.3"," ","P","22","     2.7"," ","P","22","     1.8"," ","P","22","     0.6"," ","P","22","     0.4"," ","P","22","     0.0"," ","P","22","     0.0"," ","P","22"," -9999.0","Y"," "," 0"," -9999.0","Y"," "," 0"," -9999.0","Y"," "," 0","     0.7"," ","P","13","    21.4"," ","P","13"
"USC00426601","12-10"," 37.8156","-112.4389","2026.0","PANGUITCH, UT US","12","10","99","    23.6"," ","R","20","    39.8"," ","R","20","     7.5"," ","S","24","    32.3"," ","R","20","     8.6"," ","R","20","     9.0"," ","R","20","    10.4"," ","S","24","     9.1"," ","R","20","    41.4"," ","R","20","    16.4"," ","R","20","    21.4"," ","R","20","    26.4"," ","R","20","    31.4"," ","R","20","    33.4"," ","R","20","    36.4"," ","R","20","     0.0"," ","R","20","     0.0","X","R","20","     0.0"," ","R","20","     0.0"," ","R","20","     0.0"," ","R","20","     0.0"," ","R","20","     0.0"," ","R","20","     0.0"," ","R","20","     0.0"," ","R","20","     0.0"," ","R","20","     0.0","X","R","20","     0.0"," ","R","20","     0.0"," ","R","20","     0.0"," ","R","20","     0.0"," ","R","20","     0.0"," ","R","20","     0.0"," ","R","20","     0.0"," ","R","20","     0.3"," ","R","20","     0.2"," ","R","20","    12.7"," ","P","23","     5.5"," ","P","23","     1.4"," ","P","23","     0.4"," ","P","23","     0.0"," ","P","23","     0.0"," ","P","23","     0.0"," ","P","23","     0.0"," ","P","23","    0.03"," ","P","23","    0.07"," ","P","23","    0.16"," ","P","23","    0.18"," ","R","17","   10.02"," ","R","17","     8.3"," ","P","22","     5.4"," ","P","22","     2.8"," ","P","22","     1.8"," ","P","22","     0.6"," ","P","22","     0.4"," ","P","22","     0.0"," ","P","22","     0.0"," ","P","22"," -9999.0","Y"," "," 0"," -9999.0","Y"," "," 0"," -9999.0","Y"," "," 0","     0.8"," ","P","13","    21.5"," ","P","13"
"USC00426601","12-11"," 37.8156","-112.4389","2026.0","PANGUITCH, UT US","12","11","99","    23.4"," ","R","20","    39.5"," ","R","20","     7.3"," ","S","24","    32.2"," ","R","20","     8.6"," ","R","20","     9.0"," ","R","20","    10.4"," ","S","24","     9.1"," ","R","20","    41.6"," ","R","20","    16.6"," ","R","20","    21.6"," ","R","20","    26.6"," ","R","20","    31.6"," ","R","20","    33.6"," ","R","20","    36.6"," ","R","20","     0.0"," ","R","20","     0.0","X","R","20","     0.0"," ","R","20","     0.0"," ","R","20","     0.0"," ","R","20","     0.0"," ","R","20","     0.0"," ","R","20","     0.0"," ","R","20","     0.0"," ","R","20","     0.0"," ","R","20","     0.0","X","R","20","     0.0"," ","R","20","     0.0"," ","R","20","     0.0"," ","R","20","     0.0"," ","R","20","     0.0"," ","R","20","     0.0"," ","R","20","     0.0"," ","R","20","     0.3"," ","R","20","     0.2"," ","R","20","    12.8"," ","P","23","     5.5"," ","P","23","     1.3"," ","P","23","     0.3"," ","P","23","     0.0"," ","P","23","     0.0"," ","P","23","     0.0"," ","P","23","     0.0"," ","P","23","    0.03"," ","P","23","    0.07"," ","P","23","    0.16"," ","P","23","    0.19"," ","R","17","   10.03"," ","R","17","     8.5"," ","P","22","     5.5"," ","P","22","     2.8"," ","P","22","     1.8"," ","P","22","     0.6"," ","P","22","     0.4"," ","P","22","     0.0"," ","P","22","     0.0"," ","P","22"," -9999.0","Y"," "," 0"," -9999.0","Y"," "," 0"," -9999.0","Y"," "," 0","     0.9"," ","P","13","    21.6"," ","P","13"
"USC00426601","12-12"," 37.8156","-112.4389","2026.0","PANGUITCH, UT US","12","12","99","    23.2"," ","R","20","    39.2"," ","R","20","     7.1"," ","S","24","    32.1"," ","R","20","     8.6"," ","R","20","     8.9"," ","R","20","    10.5"," ","S","24","     9.1"," ","R","20","    41.8"," ","R","20","    16.8"," ","R","20","    21.8"," ","R","20","    26.8"," ","R","20","    31.8"," ","R","20","    33.8"," ","R","20","    36.8"," ","R","20","     0.0"," ","R","20","     0.0","X","R","20","     0.0"," ","R","20","     0.0"," ","R","20","     0.0"," ","R","20","     0.0"," ","R","20","     0.0"," ","R","20","     0.0"," ","R","20","     0.0"," ","R","20","     0.0"," ","R","20","     0.0","X","R","20","     0.0"," ","R","20","     0.0"," ","R","20","     0.0"," ","R","20","     0.0"," ","R","20","     0.0"," ","R","20","     0.0"," ","R","20","     0.0"," ","R","20","     0.3"," ","R","20","     0.1"," ","R","20","    12.9"," ","P","23","     5.5"," ","P","23","     1.3"," ","P","23","     0.3"," ","P","23","     0.0"," ","P","23","     0.0"," ","P","23","     0.0"," ","P","23","     0.0"," ","P","23","    0.03"," ","P","23","    0.07"," ","P","23","    0.15"," ","P","23","    0.21"," ","R","17","   10.05"," ","R","17","     8.7"," ","P","22","     5.7"," ","P","22","     2.8"," ","P","22","     1.8"," ","P","22","     0.6"," ","P","22","     0.4"," ","P","22","     0.0"," ","P","22","     0.0"," ","P","22"," -9999.0","Y"," "," 0"," -9999.0","Y"," "," 0"," -9999.0","Y"," "," 0","     1.0"," ","P","13","    21.7"," ","P","13"
"USC00426601","12-13"," 37.8156","-112.4389","2026.0","PANGUITCH, UT US","12","13","99","    23.0"," ","R","20","    38.9"," ","R","20","     7.0"," ","S","24","    32.0"," ","R","20","     8.6"," ","R","20","     8.9"," ","R","20","    10.5"," ","S","24","     9.1"," ","R","20","    42.0"," ","R","20","    17.0"," ","R","20","    22.0"," ","R","20","    27.0"," ","R","20","    32.0"," ","R","20","    34.0"," ","R","20","    37.0"," ","R","20","     0.0"," ","R","20","     0.0","X","R","20","     0.0"," ","R","20","     0.0"," ","R","20","     0.0"," ","R","20","     0.0"," ","R","20","     0.0"," ","R","20","     0.0"," ","R","20","     0.0"," ","R","20","     0.0"," ","R","20","     0.0","X","R","20","     0.0"," ","R","20","     0.0"," ","R","20","     0.0"," ","R","20","     0.0"," ","R","20","     0.0"," ","R","20","     0.0"," ","R","20","     0.0"," ","R","20","     0.2"," ","R","20","     0.1"," ","R","20","    13.0"," ","P","23","     5.4"," ","P","23","     1.3"," ","P","23","     0.3"," ","P","23","     0.0"," ","P","23","     0.0"," ","P","23","     0.0"," ","P","23","     0.0"," ","P","23","    0.03"," ","P","23","    0.07"," ","P","23","    0.15"," ","P","23","    0.22"," ","R","17","   10.06"," ","R","17","     8.8"," ","P","22","     5.7"," ","P","22","     2.8"," ","P","22","     1.8"," ","P","22","     0.6"," ","P","22","     0.4"," ","P","22","     0.0"," ","P","22","     0.0"," ","P","22"," -9999.0","Y"," "," 0"," -9999.0","Y"," "," 0"," -9999.0","Y"," "," 0","     1.1"," ","P","13","    21.8"," ","P","13"
"USC00426601","12-14"," 37.8156","-112.4389","2026.0","PANGUITCH, UT US","12","14","99","    22.8"," ","R","20","    38.7"," ","R","20","     6.9"," ","S","24","    31.9"," ","R","20","     8.6"," ","R","20","     8.9"," ","R","20","    10.6"," ","S","24","     9.1"," ","R","20","    42.2"," ","R","20","    17.2"," ","R","20","    22.2"," ","R","20","    27.2"," ","R","20","    32.2"," ","R","20","    34.2"," ","R","20","    37.2"," ","R","20","     0.0"," ","R","20","     0.0","X","R","20","     0.0"," ","R","20","     0.0"," ","R","20","     0.0"," ","R","20","     0.0"," ","R","20","     0.0"," ","R","20","     0.0"," ","R","20","     0.0"," ","R","20","     0.0"," ","R","20","     0.0","X","R","20","     0.0"," ","R","20","     0.0"," ","R","20","     0.0"," ","R","20","     0.0"," ","R","20","     0.0"," ","R","20","     0.0"," ","R","20","     0.0"," ","R","20","     0.2"," ","R","20","     0.1"," ","R","20","    13.2"," ","P","23","     5.4"," ","P","23","     1.3"," ","P","23","     0.3"," ","P","23","     0.0"," ","P","23","     0.0"," ","P","23","     0.0"," ","P","23","     0.0"," ","P","23","    0.03"," ","P","23","    0.06"," ","P","23","    0.15"," ","P","23","    0.24"," ","R","17","   10.08"," ","R","17","     9.0"," ","P","22","     5.8"," ","P","22","     2.7"," ","P","22","     1.7"," ","P","22","     0.6"," ","P","22","     0.4"," ","P","22","     0.0"," ","P","22","     0.0"," ","P","22"," -9999.0","Y"," "," 0"," -9999.0","Y"," "," 0"," -9999.0","Y"," "," 0","     1.2"," ","P","13","    21.9"," ","P","13"
"USC00426601","12-15"," 37.8156","-112.4389","2026.0","PANGUITCH, UT US","12","15","99","    22.6"," ","R","20","    38.5"," ","R","20","     6.7"," ","S","24","    31.7"," ","R","20","     8.6"," ","R","20","     8.8"," ","R","20","    10.6"," ","S","24","     9.1"," ","R","20","    42.4"," ","R","20","    17.4"," ","R","20","    22.4"," ","R","20","    27.4"," ","R","20","    32.4"," ","R","20","    34.4"," ","R","20","    37.4"," ","R","20","     0.0"," ","R","20","     0.0","X","R","20","     0.0"," ","R","20","     0.0"," ","R","20","     0.0"," ","R","20","     0.0"," ","R","20","     0.0"," ","R","20","     0.0"," ","R","20","     0.0"," ","R","20","     0.0"," ","R","20","     0.0","X","R","20","     0.0"," ","R","20","     0.0"," ","R","20","     0.0"," ","R","20","     0.0"," ","R","20","     0.0"," ","R","20","     0.0"," ","R","20","     0.0"," ","R","20","     0.2"," ","R","20","     0.1"," ","R","20","    13.3"," ","P","23","     5.3"," ","P","23","     1.2"," ","P","23","     0.3"," ","P","23","     0.0"," ","P","23","     0.0"," ","P","23","     0.0"," ","P","23","     0.0"," ","P","23","    0.03"," ","P","23","    0.06"," ","P","23","    0.15"," ","P","23","    0.26"," ","R","17","   10.10"," ","R","17","     9.1"," ","P","22","     5.9"," ","P","22","     2.7"," ","P","22","     1.7"," ","P","22","     0.6"," ","P","22","     0.4"," ","P","22","     0.0"," ","P","22","     0.0"," ","P","22"," -9999.0","Y"," "," 0"," -9999.0","Y"," "," 0"," -9999.0","Y"," "," 0","     1.3"," ","P","13","    22.0"," ","P","13"
"USC00426601","12-16"," 37.8156","-112.4389","2026.0","PANGUITCH, UT US","12","16","99","    22.5"," ","R","20","    38.3"," ","R","20","     6.7"," ","S","24","    31.6"," ","R","20","     8.6"," ","R","20","     8.8"," ","R","20","    10.7"," ","S","24","     9.2"," ","R","20","    42.5"," ","R","20","    17.5"," ","R","20","    22.5"," ","R","20","    27.5"," ","R","20","    32.5"," ","R","20","    34.5"," ","R","20","    37.5"," ","R","20","     0.0"," ","R","20","     0.0","X","R","20","     0.0"," ","R","20","     0.0"," ","R","20","     0.0"," ","R","20","     0.0"," ","R","20","     0.0"," ","R","20","     0.0"," ","R","20","     0.0"," ","R","20","     0.0"," ","R","20","     0.0","X","R","20","     0.0"," ","R","20","     0.0"," ","R","20","     0.0"," ","R","20","     0.0"," ","R","20","     0.0"," ","R","20","     0.0"," ","R","20","     0.0"," ","R","20","     0.2"," ","R","20","     0.1"," ","R","20","    13.4"," ","P","23","     5.3"," ","P","23","     1.2"," ","P","23","     0.3"," ","P","23","     0.0"," ","P","23","     0.0"," ","P","23","     0.0"," ","P","23","     0.0"," ","P","23","    0.03"," ","P","23","    0.06"," ","P","23","    0.15"," ","P","23","    0.27"," ","R","17","   10.11"," ","R","17","     9.2"," ","P","22","     6.0"," ","P","22","     2.8"," ","P","22","     1.7"," ","P","22","     0.5"," ","P","22","     0.4"," ","P","22","     0.0"," ","P","22","     0.0"," ","P","22"," -9999.0","Y"," "," 0"," -9999.0","Y"," "," 0"," -9999.0","Y"," "," 0","     1.5"," ","P","13","    22.2"," ","P","13"
"USC00426601","12-17"," 37.8156","-112.4389","2026.0","PANGUITCH, UT US","12","17","99","    22.3"," ","R","20","    38.1"," ","R","20","     6.6"," ","S","24","    31.5"," ","R","20","     8.6"," ","R","20","     8.7"," ","R","20","    10.7"," ","S","24","     9.2"," ","R","20","    42.6"," ","R","20","    17.7"," ","R","20","    22.6"," ","R","20","    27.6"," ","R","20","    32.6"," ","R","20","    34.6"," ","R","20","    37.6"," ","R","20","     0.0"," ","R","20","     0.0","X","R","20","     0.0"," ","R","20","     0.0"," ","R","20","     0.0"," ","R","20","     0.0"," ","R","20","     0.0"," ","R","20","     0.0"," ","R","20","     0.0"," ","R","20","     0.0"," ","R","20","     0.0","X","R","20","     0.0"," ","R","20","     0.0"," ","R","20","     0.0"," ","R","20","     0.0"," ","R","20","     0.0"," ","R","20","     0.0"," ","R","20","     0.0"," ","R","20","     0.2"," ","R","20","     0.1"," ","R","20","    13.5"," ","P","23","     5.3"," ","P","23","     1.2"," ","P","23","     0.3"," ","P","23","     0.0"," ","P","23","     0.0"," ","P","23","     0.0"," ","P","23","     0.0"," ","P","23","    0.03"," ","P","23","    0.06"," ","P","23","    0.14"," ","P","23","    0.29"," ","R","17","   10.13"," ","R","17","     9.4"," ","P","22","     6.1"," ","P","22","     2.8"," ","P","22","     1.7"," ","P","22","     0.5"," ","P","22","     0.4"," ","P","22","     0.0"," ","P","22","     0.0"," ","P","22"," -9999.0","Y"," "," 0"," -9999.0","Y"," "," 0"," -9999.0","Y"," "," 0","     1.6"," ","P","13","    22.3"," ","P","13"
"USC00426601","12-18"," 37.8156","-112.4389","2026.0","PANGUITCH, UT US","12","18","99","    22.2"," ","R","20","    38.0"," ","R","20","     6.5"," ","S","24","    31.4"," ","R","20","     8.6"," ","R","20","     8.7"," ","R","20","    10.7"," ","S","24","     9.2"," ","R","20","    42.8"," ","R","20","    17.8"," ","R","20","    22.8"," ","R","20","    27.8"," ","R","20","    32.8"," ","R","20","    34.8"," ","R","20","    37.8"," ","R","20","     0.0"," ","R","20","     0.0","X","R","20","     0.0"," ","R","20","     0.0"," ","R","20","     0.0"," ","R","20","     0.0"," ","R","20","     0.0"," ","R","20","     0.0"," ","R","20","     0.0"," ","R","20","     0.0"," ","R","20","     0.0","X","R","20","     0.0"," ","R","20","     0.0"," ","R","20","     0.0"," ","R","20","     0.0"," ","R","20","     0.0"," ","R","20","     0.0"," ","R","20","     0.0"," ","R","20","     0.1"," ","R","20","     0.0","X","R","20","    13.6"," ","P","23","     5.3"," ","P","23","     1.3"," ","P","23","     0.3"," ","P","23","     0.0"," ","P","23","     0.0"," ","P","23","     0.0"," ","P","23","     0.0"," ","P","23","    0.03"," ","P","23","    0.06"," ","P","23","    0.14"," ","P","23","    0.30"," ","R","17","   10.14"," ","R","17","     9.6"," ","P","22","     6.2"," ","P","22","     2.8"," ","P","22","     1.7"," ","P","22","     0.5"," ","P","22","     0.4"," ","P","22","     0.0"," ","P","22","     0.0"," ","P","22"," -9999.0","Y"," "," 0"," -9999.0","Y"," "," 0"," -9999.0","Y"," "," 0","     1.8"," ","P","13","    22.4"," ","P","13"
"USC00426601","12-19"," 37.8156","-112.4389","2026.0","PANGUITCH, UT US","12","19","99","    22.1"," ","R","20","    37.8"," ","R","20","     6.5"," ","S","24","    31.3"," ","R","20","     8.6"," ","R","20","     8.7"," ","R","20","    10.7"," ","S","24","     9.2"," ","R","20","    42.9"," ","R","20","    17.9"," ","R","20","    22.8"," ","R","20","    27.8"," ","R","20","    32.8"," ","R","20","    34.8"," ","R","20","    37.8"," ","R","20","     0.0"," ","R","20","     0.0","X","R","20","     0.0"," ","R","20","     0.0"," ","R","20","     0.0"," ","R","20","     0.0"," ","R","20","     0.0"," ","R","20","     0.0"," ","R","20","     0.0"," ","R","20","     0.0"," ","R","20","     0.0","X","R","20","     0.0"," ","R","20","     0.0"," ","R","20","     0.0"," ","R","20","     0.0"," ","R","20","     0.0"," ","R","20","     0.0"," ","R","20","     0.0"," ","R","20","     0.1"," ","R","20","     0.0","X","R","20","    13.7"," ","P","23","     5.4"," ","P","23","     1.3"," ","P","23","     0.3"," ","P","23","     0.0"," ","P","23","     0.0"," ","P","23","     0.0"," ","P","23","     0.0"," ","P","23","    0.03"," ","P","23","    0.06"," ","P","23","    0.14"," ","P","23","    0.32"," ","R","17","   10.16"," ","R","17","     9.7"," ","P","22","     6.3"," ","P","22","     2.8"," ","P","22","     1.7"," ","P","22","     0.5"," ","P","22","     0.4"," ","P","22","     0.0"," ","P","22","     0.0"," ","P","22","     0.5"," ","P","22","     1.0"," ","P","22","     2.0"," ","P","22","     1.9"," ","P","13","    22.6"," ","P","13"
"USC00426601","12-20"," 37.8156","-112.4389","2026.0","PANGUITCH, UT US","12","20","99","    22.1"," ","R","20","    37.7"," ","R","20","     6.5"," ","S","24","    31.2"," ","R","20","     8.6"," ","R","20","     8.6"," ","R","20","    10.7"," ","S","24","     9.3"," ","R","20","    42.9"," ","R","20","    17.9"," ","R","20","    22.9"," ","R","20","    27.9"," ","R","20","    32.9"," ","R","20","    34.9"," ","R","20","    37.9"," ","R","20","     0.0"," ","R","20","     0.0","X","R","20","     0.0"," ","R","20","     0.0"," ","R","20","     0.0"," ","R","20","     0.0"," ","R","20","     0.0"," ","R","20","     0.0"," ","R","20","     0.0"," ","R","20","     0.0"," ","R","20","     0.0","X","R","20","     0.0"," ","R","20","     0.0"," ","R","20","     0.0"," ","R","20","     0.0"," ","R","20","     0.0"," ","R","20","     0.0"," ","R","20","     0.0"," ","R","20","     0.1"," ","R","20","     0.0","X","R","20","    13.9"," ","P","23","     5.4"," ","P","23","     1.3"," ","P","23","     0.3"," ","P","23","     0.0"," ","P","23","     0.0"," ","P","23","     0.0"," ","P","23","     0.0"," ","P","23","    0.02"," ","P","23","    0.06"," ","P","23","    0.14"," ","P","23","    0.33"," ","R","17","   10.17"," ","R","17","     9.8"," ","P","22","     6.4"," ","P","22","     2.9"," ","P","22","     1.7"," ","P","22","     0.5"," ","P","22","     0.4"," ","P","22","     0.0"," ","P","22","     0.0"," ","P","22","     0.5"," ","P","22","     1.0"," ","P","22","     2.0"," ","P","22","     2.0"," ","P","13","    22.7"," ","P","13"
"USC00426601","12-21"," 37.8156","-112.4389","2026.0","PANGUITCH, UT US","12","21","99","    22.0"," ","R","20","    37.6"," ","R","20","     6.4"," ","S","24","    31.1"," ","R","20","     8.6"," ","R","20","     8.6"," ","R","20","    10.7"," ","S","24","     9.3"," ","R","20","    43.0"," ","R","20","    18.0"," ","R","20","    23.0"," ","R","20","    28.0"," ","R","20","    33.0"," ","R","20","    35.0"," ","R","20","    38.0"," ","R","20","     0.0"," ","R","20","     0.0","X","R","20","     0.0"," ","R","20","     0.0"," ","R","20","     0.0"," ","R","20","     0.0"," ","R","20","     0.0"," ","R","20","     0.0"," ","R","20","     0.0"," ","R","20","     0.0"," ","R","20","     0.0","X","R","20","     0.0"," ","R","20","     0.0"," ","R","20","     0.0"," ","R","20","     0.0"," ","R","20","     0.0"," ","R","20","     0.0"," ","R","20","     0.0"," ","R","20","     0.1"," ","R","20","     0.0","X","R","20","    14.0"," ","P","23","     5.5"," ","P","23","     1.3"," ","P","23","     0.3"," ","P","23","     0.0"," ","P","23","     0.0"," ","P","23","     0.0"," ","P","23","     0.0"," ","P","23","    0.02"," ","P","23","    0.06"," ","P","23","    0.14"," ","P","23","    0.35"," ","R","17","   10.19"," ","R","17","     9.9"," ","P","22","     6.5"," ","P","22","     2.9"," ","P","22","     1.7"," ","P","22","     0.6"," ","P","22","     0.4"," ","P","22","     0.0"," ","P","22","     0.0"," ","P","22","     0.5"," ","P","22","     1.0"," ","P","22","     2.0"," ","P","22","     2.2"," ","P","13","    22.9"," ","P","13"
"USC00426601","12-22"," 37.8156","-112.4389","2026.0","PANGUITCH, UT US","12","22","99","    22.0"," ","R","20","    37.5"," ","R","20","     6.4"," ","S","24","    31.0"," ","R","20","     8.5"," ","R","20","     8.6"," ","R","20","    10.7"," ","S","24","     9.3"," ","R","20","    43.0"," ","R","20","    18.0"," ","R","20","    23.0"," ","R","20","    28.0"," ","R","20","    33.0"," ","R","20","    35.0"," ","R","20","    38.0"," ","R","20","     0.0"," ","R","20","     0.0","X","R","20","     0.0"," ","R","20","     0.0"," ","R","20","     0.0"," ","R","20","     0.0"," ","R","20","     0.0"," ","R","20","     0.0"," ","R","20","     0.0"," ","R","20","     0.0"," ","R","20","     0.0","X","R","20","     0.0"," ","R","20","     0.0"," ","R","20","     0.0"," ","R","20","     0.0"," ","R","20","     0.0"," ","R","20","     0.0"," ","R","20","     0.0"," ","R","20","     0.1"," ","R","20","     0.1"," ","R","20","    14.1"," ","P","23","     5.5"," ","P","23","     1.4"," ","P","23","     0.3"," ","P","23","     0.0"," ","P","23","     0.0"," ","P","23","     0.0"," ","P","23","     0.0"," ","P","23","    0.02"," ","P","23","    0.06"," ","P","23","    0.14"," ","P","23","    0.37"," ","R","17","   10.21"," ","R","17","    10.0"," ","P","22","     6.6"," ","P","22","     3.0"," ","P","22","     1.7"," ","P","22","     0.6"," ","P","22","     0.4"," ","P","22","     0.0"," ","P","22","     0.0"," ","P","22","     0.5"," ","P","22","     1.0"," ","P","22","     2.0"," ","P","22","     2.3"," ","P","13","    23.0"," ","P","13"
"USC00426601","12-23"," 37.8156","-112.4389","2026.0","PANGUITCH, UT US","12","23","99","    21.9"," ","R","20","    37.4"," ","R","20","     6.5"," ","S","24","    31.0"," ","R","20","     8.5"," ","R","20","     8.5"," ","R","20","    10.8"," ","S","24","     9.3"," ","R","20","    43.1"," ","R","20","    18.1"," ","R","20","    23.1"," ","R","20","    28.1"," ","R","20","    33.1"," ","R","20","    35.1"," ","R","20","    38.1"," ","R","20","     0.0"," ","R","20","     0.0","X","R","20","     0.0"," ","R","20","     0.0"," ","R","20","     0.0"," ","R","20","     0.0"," ","R","20","     0.0"," ","R","20","     0.0"," ","R","20","     0.0"," ","R","20","     0.0"," ","R","20","     0.0","X","R","20","     0.0"," ","R","20","     0.0"," ","R","20","     0.0"," ","R","20","     0.0"," ","R","20","     0.0"," ","R","20","     0.0"," ","R","20","     0.0"," ","R","20","     0.1"," ","R","20","     0.1"," ","R","20","    14.3"," ","P","23","     5.6"," ","P","23","     1.4"," ","P","23","     0.3"," ","P","23","     0.0"," ","P","23","     0.0"," ","P","23","     0.0"," ","P","23","     0.0"," ","P","23","    0.02"," ","P","23","    0.06"," ","P","23","    0.14"," ","P","23","    0.38"," ","R","17","   10.22"," ","R","17","    10.2"," ","P","22","     6.7"," ","P","22","     3.1"," ","P","22","     1.7"," ","P","22","     0.6"," ","P","22","     0.4"," ","P","22","     0.0"," ","P","22","     0.0"," ","P","22","     0.5"," ","P","22","     1.0"," ","P","22","     2.0"," ","P","22","     2.5"," ","P","13","    23.2"," ","P","13"
"USC00426601","12-24"," 37.8156","-112.4389","2026.0","PANGUITCH, UT US","12","24","99","    21.9"," ","R","20","    37.4"," ","R","20","     6.5"," ","S","24","    30.9"," ","R","20","     8.5"," ","R","20","     8.5"," ","R","20","    10.8"," ","S","24","     9.4"," ","R","20","    43.1"," ","R","20","    18.1"," ","R","20","    23.1"," ","R","20","    28.1"," ","R","20","    33.1"," ","R","20","    35.1"," ","R","20","    38.1"," ","R","20","     0.0"," ","R","20","     0.0","X","R","20","     0.0"," ","R","20","     0.0"," ","R","20","     0.0"," ","R","20","     0.0"," ","R","20","     0.0"," ","R","20","     0.0"," ","R","20","     0.0"," ","R","20","     0.0"," ","R","20","     0.0","X","R","20","     0.0"," ","R","20","     0.0"," ","R","20","     0.0"," ","R","20","     0.0"," ","R","20","     0.0"," ","R","20","     0.0"," ","R","20","     0.0"," ","R","20","     0.2"," ","R","20","     0.1"," ","R","20","    14.4"," ","P","22","     5.7"," ","P","22","     1.5"," ","P","22","     0.3"," ","P","22","     0.0"," ","P","22","     0.0"," ","P","22","     0.0"," ","P","22","     0.0"," ","P","22","    0.02"," ","P","22","    0.06"," ","P","22","    0.14"," ","P","22","    0.40"," ","R","17","   10.24"," ","R","17","    10.3"," ","P","21","     6.8"," ","P","21","     3.1"," ","P","21","     1.7"," ","P","21","     0.6"," ","P","21","     0.4"," ","P","21","     0.0"," ","P","21","     0.0"," ","P","21","     0.5"," ","P","21","     1.0"," ","P","21","     2.0"," ","P","21","     2.7"," ","P","13","    23.4"," ","P","13"
"USC00426601","12-25"," 37.8156","-112.4389","2026.0","PANGUITCH, UT US","12","25","99","    21.9"," ","R","20","    37.3"," ","R","20","     6.5"," ","S","24","    30.8"," ","R","20","     8.5"," ","R","20","     8.5"," ","R","20","    10.8"," ","S","24","     9.4"," ","R","20","    43.1"," ","R","20","    18.1"," ","R","20","    23.1"," ","R","20","    28.1"," ","R","20","    33.1"," ","R","20","    35.1"," ","R","20","    38.1"," ","R","20","     0.0"," ","R","20","     0.0","X","R","20","     0.0"," ","R","20","     0.0"," ","R","20","     0.0"," ","R","20","     0.0"," ","R","20","     0.0"," ","R","20","     0.0"," ","R","20","     0.0"," ","R","20","     0.0"," ","R","20","     0.0","X","R","20","     0.0"," ","R","20","     0.0"," ","R","20","     0.0"," ","R","20","     0.0"," ","R","20","     0.0"," ","R","20","     0.0"," ","R","20","     0.0"," ","R","20","     0.2"," ","R","20","     0.1"," ","R","20","    14.6"," ","P","22","     5.7"," ","P","22","     1.5"," ","P","22","     0.3"," ","P","22","     0.0"," ","P","22","     0.0"," ","P","22","     0.0"," ","P","22","     0.0"," ","P","22","    0.02"," ","P","22","    0.06"," ","P","22","    0.14"," ","P","22","    0.41"," ","R","17","   10.25"," ","R","17","    10.5"," ","P","21","     6.9"," ","P","21","     3.2"," ","P","21","     1.8"," ","P","21","     0.6"," ","P","21","     0.4"," ","P","21","     0.0"," ","P","21","     0.0"," ","P","21","     0.5"," ","P","21","     1.0"," ","P","21","     2.0"," ","P","21","     2.9"," ","P","13","    23.6"," ","P","13"
"USC00426601","12-26"," 37.8156","-112.4389","2026.0","PANGUITCH, UT US","12","26","99","    21.9"," ","R","20","    37.3"," ","R","20","     6.6"," ","S","24","    30.7"," ","R","20","     8.5"," ","R","20","     8.5"," ","R","20","    10.8"," ","S","24","     9.4"," ","R","20","    43.1"," ","R","20","    18.1"," ","R","20","    23.1"," ","R","20","    28.1"," ","R","20","    33.1"," ","R","20","    35.1"," ","R","20","    38.1"," ","R","20","     0.0"," ","R","20","     0.0","X","R","20","     0.0"," ","R","20","     0.0"," ","R","20","     0.0"," ","R","20","     0.0"," ","R","20","     0.0"," ","R","20","     0.0"," ","R","20","     0.0"," ","R","20","     0.0"," ","R","20","     0.0","X","R","20","     0.0"," ","R","20","     0.0"," ","R","20","     0.0"," ","R","20","     0.0"," ","R","20","     0.0"," ","R","20","     0.0"," ","R","20","     0.0"," ","R","20","     0.2"," ","R","20","     0.1"," ","R","20","    14.7"," ","P","22","     5.8"," ","P","22","     1.6"," ","P","22","     0.3"," ","P","22","     0.0"," ","P","22","     0.0"," ","P","22","     0.0"," ","P","22","     0.0"," ","P","22","    0.02"," ","P","22","    0.06"," ","P","22","    0.14"," ","P","22","    0.43"," ","R","17","   10.27"," ","R","17","    10.6"," ","P","20","     7.0"," ","P","20","     3.2"," ","P","20","     1.8"," ","P","20","     0.6"," ","P","20","     0.4"," ","P","20","     0.0"," ","P","20","     0.0"," ","P","20","     0.5"," ","P","20","     1.0"," ","P","20","     2.0"," ","P","20","     3.0"," ","P","13","    23.7"," ","P","13"
"USC00426601","12-27"," 37.8156","-112.4389","2026.0","PANGUITCH, UT US","12","27","99","    22.0"," ","R","20","    37.3"," ","R","20","     6.6"," ","S","24","    30.7"," ","R","20","     8.5"," ","R","20","     8.5"," ","R","20","    10.9"," ","S","24","     9.5"," ","R","20","    43.0"," ","R","20","    18.0"," ","R","20","    23.0"," ","R","20","    28.0"," ","R","20","    33.0"," ","R","20","    35.0"," ","R","20","    38.0"," ","R","20","     0.0"," ","R","20","     0.0","X","R","20","     0.0"," ","R","20","     0.0"," ","R","20","     0.0"," ","R","20","     0.0"," ","R","20","     0.0"," ","R","20","     0.0"," ","R","20","     0.0"," ","R","20","     0.0"," ","R","20","     0.0","X","R","20","     0.0"," ","R","20","     0.0"," ","R","20","     0.0"," ","R","20","     0.0"," ","R","20","     0.0"," ","R","20","     0.0"," ","R","20","     0.0"," ","R","20","     0.2"," ","R","20","     0.1"," ","R","20","    14.9"," ","P","21","     5.8"," ","P","21","     1.6"," ","P","21","     0.3"," ","P","21","     0.0"," ","P","21","     0.0"," ","P","21","     0.0"," ","P","21","     0.0"," ","P","21","    0.02"," ","P","21","    0.06"," ","P","21","    0.14"," ","P","21","    0.45"," ","R","17","   10.29"," ","R","17","    10.8"," ","P","20","     7.1"," ","P","20","     3.2"," ","P","20","     1.8"," ","P","20","     0.7"," ","P","20","     0.4"," ","P","20","     0.0"," ","P","20","     0.0"," ","P","20","     0.5"," ","P","20","     1.0"," ","P","20","     2.0"," ","P","20","     3.2"," ","P","13","    23.9"," ","P","13"
"USC00426601","12-28"," 37.8156","-112.4389","2026.0","PANGUITCH, UT US","12","28","99","    22.0"," ","R","20","    37.3"," ","R","20","     6.7"," ","S","24","    30.6"," ","R","20","     8.5"," ","R","20","     8.4"," ","R","20","    10.9"," ","S","24","     9.5"," ","R","20","    43.0"," ","R","20","    18.0"," ","R","20","    23.0"," ","R","20","    28.0"," ","R","20","    33.0"," ","R","20","    35.0"," ","R","20","    38.0"," ","R","20","     0.0"," ","R","20","     0.0","X","R","20","     0.0"," ","R","20","     0.0"," ","R","20","     0.0"," ","R","20","     0.0"," ","R","20","     0.0"," ","R","20","     0.0"," ","R","20","     0.0"," ","R","20","     0.0"," ","R","20","     0.0","X","R","20","     0.0"," ","R","20","     0.0"," ","R","20","     0.0"," ","R","20","     0.0"," ","R","20","     0.0"," ","R","20","     0.0"," ","R","20","     0.0"," ","R","20","     0.2"," ","R","20","     0.1"," ","R","20","    15.0"," ","P","21","     5.9"," ","P","21","     1.7"," ","P","21","     0.3"," ","P","21","     0.0"," ","P","21","     0.0"," ","P","21","     0.0"," ","P","21","     0.0"," ","P","21","    0.02"," ","P","21","    0.06"," ","P","21","    0.14"," ","P","21","    0.46"," ","R","17","   10.30"," ","R","17","    10.8"," ","P","20","     7.1"," ","P","20","     3.3"," ","P","20","     1.8"," ","P","20","     0.7"," ","P","20","     0.4"," ","P","20","     0.0"," ","P","20","     0.0"," ","P","20","     0.5"," ","P","20","     1.0"," ","P","20","     2.0"," ","P","20","     3.4"," ","P","13","    24.1"," ","P","13"
"USC00426601","12-29"," 37.8156","-112.4389","2026.0","PANGUITCH, UT US","12","29","99","    22.0"," ","R","20","    37.3"," ","R","20","     6.8"," ","S","24","    30.5"," ","R","20","     8.5"," ","R","20","     8.4"," ","R","20","    10.9"," ","S","24","     9.6"," ","R","20","    43.0"," ","R","20","    18.0"," ","R","20","    23.0"," ","R","20","    28.0"," ","R","20","    32.9"," ","R","20","    34.9"," ","R","20","    38.0"," ","R","20","     0.0"," ","R","20","     0.0","X","R","20","     0.0"," ","R","20","     0.0"," ","R","20","     0.0"," ","R","20","     0.0"," ","R","20","     0.0"," ","R","20","     0.0"," ","R","20","     0.0"," ","R","20","     0.0"," ","R","20","     0.0","X","R","20","     0.0"," ","R","20","     0.0"," ","R","20","     0.0"," ","R","20","     0.0"," ","R","20","     0.0"," ","R","20","     0.0"," ","R","20","     0.0"," ","R","20","     0.2"," ","R","20","     0.1"," ","R","20","    15.1"," ","P","21","     5.9"," ","P","21","     1.7"," ","P","21","     0.3"," ","P","21","     0.0"," ","P","21","     0.0"," ","P","21","     0.0"," ","P","21","     0.0"," ","P","21","    0.02"," ","P","21","    0.06"," ","P","21","    0.14"," ","P","21","    0.48"," ","R","17","   10.32"," ","R","17","    10.9"," ","P","20","     7.2"," ","P","20","     3.3"," ","P","20","     1.8"," ","P","20","     0.7"," ","P","20","     0.4"," ","P","20","     0.0"," ","P","20","     0.0"," ","P","20","     0.5"," ","P","20","     1.0"," ","P","20","     2.0"," ","P","20","     3.6"," ","P","13","    24.3"," ","P","13"
"USC00426601","12-30"," 37.8156","-112.4389","2026.0","PANGUITCH, UT US","12","30","99","    22.1"," ","R","20","    37.4"," ","R","20","     6.9"," ","S","24","    30.5"," ","R","20","     8.5"," ","R","20","     8.4"," ","R","20","    10.9"," ","S","24","     9.6"," ","R","20","    42.9"," ","R","20","    17.9"," ","R","20","    22.9"," ","R","20","    27.9"," ","R","20","    32.9"," ","R","20","    34.9"," ","R","20","    37.9"," ","R","20","     0.0"," ","R","20","     0.0","X","R","20","     0.0"," ","R","20","     0.0"," ","R","20","     0.0"," ","R","20","     0.0"," ","R","20","     0.0"," ","R","20","     0.0"," ","R","20","     0.0"," ","R","20","     0.0"," ","R","20","     0.0","X","R","20","     0.0"," ","R","20","     0.0"," ","R","20","     0.0"," ","R","20","     0.0"," ","R","20","     0.0"," ","R","20","     0.0"," ","R","20","     0.0"," ","R","20","     0.2"," ","R","20","     0.1"," ","R","20","    15.2"," ","P","21","     6.0"," ","P","21","     1.7"," ","P","21","     0.3"," ","P","21","     0.0"," ","P","21","     0.0"," ","P","21","     0.0"," ","P","21","     0.0"," ","P","21","    0.02"," ","P","21","    0.06"," ","P","21","    0.14"," ","P","21","    0.50"," ","R","17","   10.34"," ","R","17","    11.0"," ","P","20","     7.2"," ","P","20","     3.4"," ","P","20","     1.8"," ","P","20","     0.7"," ","P","20","     0.4"," ","P","20","     0.0"," ","P","20","     0.0"," ","P","20","     0.5"," ","P","20","     1.0"," ","P","20","     2.0"," ","P","20","     3.8"," ","P","13","    24.5"," ","P","13"
"USC00426601","12-31"," 37.8156","-112.4389","2026.0","PANGUITCH, UT US","12","31","99","    22.2"," ","R","20","    37.4"," ","R","20","     6.9"," ","S","24","    30.5"," ","R","20","     8.5"," ","R","20","     8.4"," ","R","20","    11.0"," ","S","24","     9.6"," ","R","20","    42.8"," ","R","20","    17.8"," ","R","20","    22.8"," ","R","20","    27.8"," ","R","20","    32.8"," ","R","20","    34.8"," ","R","20","    37.8"," ","R","20","     0.0"," ","R","20","     0.0","X","R","20","     0.0"," ","R","20","     0.0"," ","R","20","     0.0"," ","R","20","     0.0"," ","R","20","     0.0"," ","R","20","     0.0"," ","R","20","     0.0"," ","R","20","     0.0"," ","R","20","     0.0","X","R","20","     0.0"," ","R","20","     0.0"," ","R","20","     0.0"," ","R","20","     0.0"," ","R","20","     0.0"," ","R","20","     0.0"," ","R","20","     0.0"," ","R","20","     0.2"," ","R","20","     0.1"," ","R","20","    15.4"," ","P","21","     6.1"," ","P","21","     1.8"," ","P","21","     0.3"," ","P","21","     0.0"," ","P","21","     0.0"," ","P","21","     0.0"," ","P","21","     0.0"," ","P","21","    0.02"," ","P","21","    0.06"," ","P","21","    0.14"," ","P","21","    0.52"," ","R","17","   10.36"," ","R","17","    11.1"," ","P","20","     7.3"," ","P","20","     3.5"," ","P","20","     1.9"," ","P","20","     0.7"," ","P","20","     0.3"," ","P","20","     0.0"," ","P","20","     0.0"," ","P","20","     0.5"," ","P","20","     1.0"," ","P","20","     2.0"," ","P","20","     4.0"," ","P","13","    24.7"," ","P","13"
