"STATION","DATE","LATITUDE","LONGITUDE","ELEVATION","NAME","month","day","hour","DLY-TAVG-NORMAL","meas_flag_DLY-TAVG-NORMAL","comp_flag_DLY-TAVG-NORMAL","years_DLY-TAVG-NORMAL","DLY-TMAX-NORMAL","meas_flag_DLY-TMAX-NORMAL","comp_flag_DLY-TMAX-NORMAL","years_DLY-TMAX-NORMAL","DLY-TMIN-NORMAL","meas_flag_DLY-TMIN-NORMAL","comp_flag_DLY-TMIN-NORMAL","years_DLY-TMIN-NORMAL","DLY-DUTR-NORMAL","meas_flag_DLY-DUTR-NORMAL","comp_flag_DLY-DUTR-NORMAL","years_DLY-DUTR-NORMAL","DLY-TAVG-STDDEV","meas_flag_DLY-TAVG-STDDEV","comp_flag_DLY-TAVG-STDDEV","years_DLY-TAVG-STDDEV","DLY-TMAX-STDDEV","meas_flag_DLY-TMAX-STDDEV","comp_flag_DLY-TMAX-STDDEV","years_DLY-TMAX-STDDEV","DLY-TMIN-STDDEV","meas_flag_DLY-TMIN-STDDEV","comp_flag_DLY-TMIN-STDDEV","years_DLY-TMIN-STDDEV","DLY-DUTR-STDDEV","meas_flag_DLY-DUTR-STDDEV","comp_flag_DLY-DUTR-STDDEV","years_DLY-DUTR-STDDEV","DLY-HTDD-NORMAL","meas_flag_DLY-HTDD-NORMAL","comp_flag_DLY-HTDD-NORMAL","years_DLY-HTDD-NORMAL","DLY-HTDD-BASE40","meas_flag_DLY-HTDD-BASE40","comp_flag_DLY-HTDD-BASE40","years_DLY-HTDD-BASE40","DLY-HTDD-BASE45","meas_flag_DLY-HTDD-BASE45","comp_flag_DLY-HTDD-BASE45","years_DLY-HTDD-BASE45","DLY-HTDD-BASE50","meas_flag_DLY-HTDD-BASE50","comp_flag_DLY-HTDD-BASE50","years_DLY-HTDD-BASE50","DLY-HTDD-BASE55","meas_flag_DLY-HTDD-BASE55","comp_flag_DLY-HTDD-BASE55","years_DLY-HTDD-BASE55","DLY-HTDD-BASE57","meas_flag_DLY-HTDD-BASE57","comp_flag_DLY-HTDD-BASE57","years_DLY-HTDD-BASE57","DLY-HTDD-BASE60","meas_flag_DLY-HTDD-BASE60","comp_flag_DLY-HTDD-BASE60","years_DLY-HTDD-BASE60","DLY-CLDD-NORMAL","meas_flag_DLY-CLDD-NORMAL","comp_flag_DLY-CLDD-NORMAL","years_DLY-CLDD-NORMAL","DLY-CLDD-BASE40","meas_flag_DLY-CLDD-BASE40","comp_flag_DLY-CLDD-BASE40","years_DLY-CLDD-BASE40","DLY-CLDD-BASE45","meas_flag_DLY-CLDD-BASE45","comp_flag_DLY-CLDD-BASE45","years_DLY-CLDD-BASE45","DLY-CLDD-BASE50","meas_flag_DLY-CLDD-BASE50","comp_flag_DLY-CLDD-BASE50","years_DLY-CLDD-BASE50","DLY-CLDD-BASE55","meas_flag_DLY-CLDD-BASE55","comp_flag_DLY-CLDD-BASE55","years_DLY-CLDD-BASE55","DLY-CLDD-BASE57","meas_flag_DLY-CLDD-BASE57","comp_flag_DLY-CLDD-BASE57","years_DLY-CLDD-BASE57","DLY-CLDD-BASE60","meas_flag_DLY-CLDD-BASE60","comp_flag_DLY-CLDD-BASE60","years_DLY-CLDD-BASE60","DLY-CLDD-BASE70","meas_flag_DLY-CLDD-BASE70","comp_flag_DLY-CLDD-BASE70","years_DLY-CLDD-BASE70","DLY-CLDD-BASE72","meas_flag_DLY-CLDD-BASE72","comp_flag_DLY-CLDD-BASE72","years_DLY-CLDD-BASE72","DLY-GRDD-BASE65","meas_flag_DLY-GRDD-BASE65","comp_flag_DLY-GRDD-BASE65","years_DLY-GRDD-BASE65","DLY-GRDD-BASE40","meas_flag_DLY-GRDD-BASE40","comp_flag_DLY-GRDD-BASE40","years_DLY-GRDD-BASE40","DLY-GRDD-BASE45","meas_flag_DLY-GRDD-BASE45","comp_flag_DLY-GRDD-BASE45","years_DLY-GRDD-BASE45","DLY-GRDD-BASE50","meas_flag_DLY-GRDD-BASE50","comp_flag_DLY-GRDD-BASE50","years_DLY-GRDD-BASE50","DLY-GRDD-BASE55","meas_flag_DLY-GRDD-BASE55","comp_flag_DLY-GRDD-BASE55","years_DLY-GRDD-BASE55","DLY-GRDD-BASE57","meas_flag_DLY-GRDD-BASE57","comp_flag_DLY-GRDD-BASE57","years_DLY-GRDD-BASE57","DLY-GRDD-BASE60","meas_flag_DLY-GRDD-BASE60","comp_flag_DLY-GRDD-BASE60","years_DLY-GRDD-BASE60","DLY-GRDD-BASE70","meas_flag_DLY-GRDD-BASE70","comp_flag_DLY-GRDD-BASE70","years_DLY-GRDD-BASE70","DLY-GRDD-BASE72","meas_flag_DLY-GRDD-BASE72","comp_flag_DLY-GRDD-BASE72","years_DLY-GRDD-BASE72","DLY-GRDD-TB4886","meas_flag_DLY-GRDD-TB4886","comp_flag_DLY-GRDD-TB4886","years_DLY-GRDD-TB4886","DLY-GRDD-TB5086","meas_flag_DLY-GRDD-TB5086","comp_flag_DLY-GRDD-TB5086","years_DLY-GRDD-TB5086","DLY-PRCP-PCTALL-GE001HI","meas_flag_DLY-PRCP-PCTALL-GE001HI","comp_flag_DLY-PRCP-PCTALL-GE001HI","years_DLY-PRCP-PCTALL-GE001HI","DLY-PRCP-PCTALL-GE010HI","meas_flag_DLY-PRCP-PCTALL-GE010HI","comp_flag_DLY-PRCP-PCTALL-GE010HI","years_DLY-PRCP-PCTALL-GE010HI","DLY-PRCP-PCTALL-GE025HI","meas_flag_DLY-PRCP-PCTALL-GE025HI","comp_flag_DLY-PRCP-PCTALL-GE025HI","years_DLY-PRCP-PCTALL-GE025HI","DLY-PRCP-PCTALL-GE050HI","meas_flag_DLY-PRCP-PCTALL-GE050HI","comp_flag_DLY-PRCP-PCTALL-GE050HI","years_DLY-PRCP-PCTALL-GE050HI","DLY-PRCP-PCTALL-GE100HI","meas_flag_DLY-PRCP-PCTALL-GE100HI","comp_flag_DLY-PRCP-PCTALL-GE100HI","years_DLY-PRCP-PCTALL-GE100HI","DLY-PRCP-PCTALL-GE200HI","meas_flag_DLY-PRCP-PCTALL-GE200HI","comp_flag_DLY-PRCP-PCTALL-GE200HI","years_DLY-PRCP-PCTALL-GE200HI","DLY-PRCP-PCTALL-GE400HI","meas_flag_DLY-PRCP-PCTALL-GE400HI","comp_flag_DLY-PRCP-PCTALL-GE400HI","years_DLY-PRCP-PCTALL-GE400HI","DLY-PRCP-PCTALL-GE600HI","meas_flag_DLY-PRCP-PCTALL-GE600HI","comp_flag_DLY-PRCP-PCTALL-GE600HI","years_DLY-PRCP-PCTALL-GE600HI","DLY-PRCP-25PCTL","meas_flag_DLY-PRCP-25PCTL","comp_flag_DLY-PRCP-25PCTL","years_DLY-PRCP-25PCTL","DLY-PRCP-50PCTL","meas_flag_DLY-PRCP-50PCTL","comp_flag_DLY-PRCP-50PCTL","years_DLY-PRCP-50PCTL","DLY-PRCP-75PCTL","meas_flag_DLY-PRCP-75PCTL","comp_flag_DLY-PRCP-75PCTL","years_DLY-PRCP-75PCTL","MTD-PRCP-NORMAL","meas_flag_MTD-PRCP-NORMAL","comp_flag_MTD-PRCP-NORMAL","years_MTD-PRCP-NORMAL","YTD-PRCP-NORMAL","meas_flag_YTD-PRCP-NORMAL","comp_flag_YTD-PRCP-NORMAL","years_YTD-PRCP-NORMAL","DLY-SNOW-PCTALL-GE001TI","meas_flag_DLY-SNOW-PCTALL-GE001TI","comp_flag_DLY-SNOW-PCTALL-GE001TI","years_DLY-SNOW-PCTALL-GE001TI","DLY-SNOW-PCTALL-GE010TI","meas_flag_DLY-SNOW-PCTALL-GE010TI","comp_flag_DLY-SNOW-PCTALL-GE010TI","years_DLY-SNOW-PCTALL-GE010TI","DLY-SNOW-PCTALL-GE020TI","meas_flag_DLY-SNOW-PCTALL-GE020TI","comp_flag_DLY-SNOW-PCTALL-GE020TI","years_DLY-SNOW-PCTALL-GE020TI","DLY-SNOW-PCTALL-GE030TI","meas_flag_DLY-SNOW-PCTALL-GE030TI","comp_flag_DLY-SNOW-PCTALL-GE030TI","years_DLY-SNOW-PCTALL-GE030TI","DLY-SNOW-PCTALL-GE040TI","meas_flag_DLY-SNOW-PCTALL-GE040TI","comp_flag_DLY-SNOW-PCTALL-GE040TI","years_DLY-SNOW-PCTALL-GE040TI","DLY-SNOW-PCTALL-GE050TI","meas_flag_DLY-SNOW-PCTALL-GE050TI","comp_flag_DLY-SNOW-PCTALL-GE050TI","years_DLY-SNOW-PCTALL-GE050TI","DLY-SNOW-PCTALL-GE100TI","meas_flag_DLY-SNOW-PCTALL-GE100TI","comp_flag_DLY-SNOW-PCTALL-GE100TI","years_DLY-SNOW-PCTALL-GE100TI","DLY-SNOW-PCTALL-GE200TI","meas_flag_DLY-SNOW-PCTALL-GE200TI","comp_flag_DLY-SNOW-PCTALL-GE200TI","years_DLY-SNOW-PCTALL-GE200TI","DLY-SNOW-25PCTL","meas_flag_DLY-SNOW-25PCTL","comp_flag_DLY-SNOW-25PCTL","years_DLY-SNOW-25PCTL","DLY-SNOW-50PCTL","meas_flag_DLY-SNOW-50PCTL","comp_flag_DLY-SNOW-50PCTL","years_DLY-SNOW-50PCTL","DLY-SNOW-75PCTL","meas_flag_DLY-SNOW-75PCTL","comp_flag_DLY-SNOW-75PCTL","years_DLY-SNOW-75PCTL","MTD-SNOW-NORMAL","meas_flag_MTD-SNOW-NORMAL","comp_flag_MTD-SNOW-NORMAL","years_MTD-SNOW-NORMAL","YTD-SNOW-NORMAL","meas_flag_YTD-SNOW-NORMAL","comp_flag_YTD-SNOW-NORMAL","years_YTD-SNOW-NORMAL","DLY-SNWD-PCTALL-GE001WI","meas_flag_DLY-SNWD-PCTALL-GE001WI","comp_flag_DLY-SNWD-PCTALL-GE001WI","years_DLY-SNWD-PCTALL-GE001WI","DLY-SNWD-PCTALL-GE002WI","meas_flag_DLY-SNWD-PCTALL-GE002WI","comp_flag_DLY-SNWD-PCTALL-GE002WI","years_DLY-SNWD-PCTALL-GE002WI","DLY-SNWD-PCTALL-GE003WI","meas_flag_DLY-SNWD-PCTALL-GE003WI","comp_flag_DLY-SNWD-PCTALL-GE003WI","years_DLY-SNWD-PCTALL-GE003WI","DLY-SNWD-PCTALL-GE004WI","meas_flag_DLY-SNWD-PCTALL-GE004WI","comp_flag_DLY-SNWD-PCTALL-GE004WI","years_DLY-SNWD-PCTALL-GE004WI","DLY-SNWD-PCTALL-GE005WI","meas_flag_DLY-SNWD-PCTALL-GE005WI","comp_flag_DLY-SNWD-PCTALL-GE005WI","years_DLY-SNWD-PCTALL-GE005WI","DLY-SNWD-PCTALL-GE010WI","meas_flag_DLY-SNWD-PCTALL-GE010WI","comp_flag_DLY-SNWD-PCTALL-GE010WI","years_DLY-SNWD-PCTALL-GE010WI","DLY-SNWD-PCTALL-GE020WI","meas_flag_DLY-SNWD-PCTALL-GE020WI","comp_flag_DLY-SNWD-PCTALL-GE020WI","years_DLY-SNWD-PCTALL-GE020WI","DLY-SNWD-25PCTL","meas_flag_DLY-SNWD-25PCTL","comp_flag_DLY-SNWD-25PCTL","years_DLY-SNWD-25PCTL","DLY-SNWD-50PCTL","meas_flag_DLY-SNWD-50PCTL","comp_flag_DLY-SNWD-50PCTL","years_DLY-SNWD-50PCTL","DLY-SNWD-75PCTL","meas_flag_DLY-SNWD-75PCTL","comp_flag_DLY-SNWD-75PCTL","years_DLY-SNWD-75PCTL"
"USC00422592","01-01"," 37.7686","-111.5978","1770.9","ESCALANTE, UT US","01","01","99","    29.8"," ","S","29","    41.7"," ","S","29","    17.8"," ","S","30","    24.0"," ","S","29","     6.9"," ","S","29","     7.4"," ","S","29","     8.1"," ","S","30","     7.4"," ","S","29","    35.2"," ","S","29","    10.4"," ","S","29","    15.2"," ","S","29","    20.2"," ","S","29","    25.2"," ","S","29","    27.2"," ","S","29","    30.2"," ","S","29","     0.0"," ","S","29","     0.1"," ","S","29","     0.0","X","S","29","     0.0"," ","S","29","     0.0"," ","S","29","     0.0"," ","S","29","     0.0"," ","S","29","     0.0"," ","S","29","     0.0"," ","S","29","     0.0"," ","S","29","     0.1"," ","S","29","     0.0","X","S","29","     0.0"," ","S","29","     0.0"," ","S","29","     0.0"," ","S","29","     0.0"," ","S","29","     0.0"," ","S","29","     0.0"," ","S","29","     0.5"," ","S","29","     0.3"," ","S","29","    13.7"," ","S","30","     7.2"," ","S","30","     3.5"," ","S","30","     1.5"," ","S","30","     0.5"," ","S","30","     0.0"," ","S","30","     0.0"," ","S","30","     0.0"," ","S","30","    0.03"," ","S","30","    0.10"," ","S","30","    0.27"," ","S","30","    0.03"," ","S","29","    0.03"," ","S","29","     8.2"," ","S","30","     6.7"," ","S","30","     4.9"," ","S","30","     3.1"," ","S","30","     2.0"," ","S","30","     1.4"," ","S","30","     0.3"," ","S","30","     0.0"," ","S","30"," -9999.0","Y"," "," 0"," -9999.0","Y"," "," 0"," -9999.0","Y"," "," 0","     0.3"," ","S","29","     0.3"," ","S","29","    32.6"," ","S","29","    27.5"," ","S","29","    22.1"," ","S","29","    18.4"," ","S","29","    15.5"," ","S","29","     3.0"," ","S","29","     0.1"," ","S","29","     2.0"," ","S","29","     4.0"," ","S","29","     6.0"," ","S","29"
"USC00422592","01-02"," 37.7686","-111.5978","1770.9","ESCALANTE, UT US","01","02","99","    29.8"," ","S","29","    41.8"," ","S","29","    17.8"," ","S","30","    24.0"," ","S","29","     6.9"," ","S","29","     7.4"," ","S","29","     8.2"," ","S","30","     7.4"," ","S","29","    35.2"," ","S","29","    10.3"," ","S","29","    15.2"," ","S","29","    20.2"," ","S","29","    25.2"," ","S","29","    27.2"," ","S","29","    30.2"," ","S","29","     0.0"," ","S","29","     0.1"," ","S","29","     0.0","X","S","29","     0.0"," ","S","29","     0.0"," ","S","29","     0.0"," ","S","29","     0.0"," ","S","29","     0.0"," ","S","29","     0.0"," ","S","29","     0.0"," ","S","29","     0.1"," ","S","29","     0.0","X","S","29","     0.0"," ","S","29","     0.0"," ","S","29","     0.0"," ","S","29","     0.0"," ","S","29","     0.0"," ","S","29","     0.0"," ","S","29","     0.5"," ","S","29","     0.3"," ","S","29","    13.8"," ","S","30","     7.2"," ","S","30","     3.6"," ","S","30","     1.5"," ","S","30","     0.5"," ","S","30","     0.0"," ","S","30","     0.0"," ","S","30","     0.0"," ","S","30","    0.03"," ","S","30","    0.10"," ","S","30","    0.28"," ","S","30","    0.06"," ","S","29","    0.06"," ","S","29","     8.2"," ","S","30","     6.8"," ","S","30","     5.0"," ","S","30","     3.1"," ","S","30","     2.0"," ","S","30","     1.4"," ","S","30","     0.3"," ","S","30","     0.0"," ","S","30"," -9999.0","Y"," "," 0"," -9999.0","Y"," "," 0"," -9999.0","Y"," "," 0","     0.5"," ","S","29","     0.5"," ","S","29","    33.3"," ","S","29","    28.1"," ","S","29","    22.5"," ","S","29","    18.8"," ","S","29","    15.8"," ","S","29","     3.2"," ","S","29","     0.2"," ","S","29","     2.0"," ","S","29","     4.0"," ","S","29","     6.0"," ","S","29"
"USC00422592","01-03"," 37.7686","-111.5978","1770.9","ESCALANTE, UT US","01","03","99","    29.9"," ","S","29","    41.9"," ","S","29","    17.8"," ","S","30","    24.0"," ","S","29","     6.9"," ","S","29","     7.5"," ","S","29","     8.2"," ","S","30","     7.4"," ","S","29","    35.1"," ","S","29","    10.3"," ","S","29","    15.1"," ","S","29","    20.1"," ","S","29","    25.1"," ","S","29","    27.1"," ","S","29","    30.1"," ","S","29","     0.0"," ","S","29","     0.1"," ","S","29","     0.0","X","S","29","     0.0"," ","S","29","     0.0"," ","S","29","     0.0"," ","S","29","     0.0"," ","S","29","     0.0"," ","S","29","     0.0"," ","S","29","     0.0"," ","S","29","     0.1"," ","S","29","     0.0","X","S","29","     0.0"," ","S","29","     0.0"," ","S","29","     0.0"," ","S","29","     0.0"," ","S","29","     0.0"," ","S","29","     0.0"," ","S","29","     0.5"," ","S","29","     0.3"," ","S","29","    13.8"," ","S","30","     7.3"," ","S","30","     3.6"," ","S","30","     1.5"," ","S","30","     0.6"," ","S","30","     0.0"," ","S","30","     0.0"," ","S","30","     0.0"," ","S","30","    0.03"," ","S","30","    0.10"," ","S","30","    0.28"," ","S","30","    0.10"," ","S","29","    0.10"," ","S","29","     8.2"," ","S","30","     6.8"," ","S","30","     5.0"," ","S","30","     3.2"," ","S","30","     2.1"," ","S","30","     1.4"," ","S","30","     0.3"," ","S","30","     0.0"," ","S","30"," -9999.0","Y"," "," 0"," -9999.0","Y"," "," 0"," -9999.0","Y"," "," 0","     0.8"," ","S","29","     0.8"," ","S","29","    33.9"," ","S","29","    28.5"," ","S","29","    23.0"," ","S","29","    19.2"," ","S","29","    16.1"," ","S","29","     3.4"," ","S","29","     0.2"," ","S","29","     2.0"," ","S","29","     4.0"," ","S","29","     7.0"," ","S","29"
"USC00422592","01-04"," 37.7686","-111.5978","1770.9","ESCALANTE, UT US","01","04","99","    29.9"," ","S","29","    41.9"," ","S","29","    17.9"," ","S","30","    24.1"," ","S","29","     7.0"," ","S","29","     7.5"," ","S","29","     8.2"," ","S","30","     7.3"," ","S","29","    35.1"," ","S","29","    10.2"," ","S","29","    15.1"," ","S","29","    20.1"," ","S","29","    25.1"," ","S","29","    27.1"," ","S","29","    30.1"," ","S","29","     0.0"," ","S","29","     0.1"," ","S","29","     0.0","X","S","29","     0.0"," ","S","29","     0.0"," ","S","29","     0.0"," ","S","29","     0.0"," ","S","29","     0.0"," ","S","29","     0.0"," ","S","29","     0.0"," ","S","29","     0.1"," ","S","29","     0.0","X","S","29","     0.0"," ","S","29","     0.0"," ","S","29","     0.0"," ","S","29","     0.0"," ","S","29","     0.0"," ","S","29","     0.0"," ","S","29","     0.5"," ","S","29","     0.3"," ","S","29","    13.9"," ","S","30","     7.3"," ","S","30","     3.7"," ","S","30","     1.6"," ","S","30","     0.6"," ","S","30","     0.0"," ","S","30","     0.0"," ","S","30","     0.0"," ","S","30","    0.03"," ","S","30","    0.11"," ","S","30","    0.29"," ","S","30","    0.13"," ","S","29","    0.13"," ","S","29","     8.3"," ","S","30","     6.9"," ","S","30","     5.1"," ","S","30","     3.2"," ","S","30","     2.1"," ","S","30","     1.5"," ","S","30","     0.3"," ","S","30","     0.0"," ","S","30"," -9999.0","Y"," "," 0"," -9999.0","Y"," "," 0"," -9999.0","Y"," "," 0","     1.0"," ","S","29","     1.0"," ","S","29","    34.4"," ","S","30","    29.0"," ","S","30","    23.5"," ","S","30","    19.6"," ","S","30","    16.4"," ","S","30","     3.6"," ","S","30","     0.3"," ","S","30","     2.0"," ","S","30","     4.0"," ","S","30","     7.0"," ","S","30"
"USC00422592","01-05"," 37.7686","-111.5978","1770.9","ESCALANTE, UT US","01","05","99","    30.0"," ","S","29","    42.0"," ","S","29","    17.9"," ","S","30","    24.1"," ","S","29","     7.0"," ","S","29","     7.5"," ","S","29","     8.2"," ","S","30","     7.3"," ","S","29","    35.0"," ","S","29","    10.1"," ","S","29","    15.0"," ","S","29","    20.0"," ","S","29","    25.0"," ","S","29","    27.0"," ","S","29","    30.0"," ","S","29","     0.0"," ","S","29","     0.1"," ","S","29","     0.0","X","S","29","     0.0"," ","S","29","     0.0"," ","S","29","     0.0"," ","S","29","     0.0"," ","S","29","     0.0"," ","S","29","     0.0"," ","S","29","     0.0"," ","S","29","     0.1"," ","S","29","     0.0","X","S","29","     0.0"," ","S","29","     0.0"," ","S","29","     0.0"," ","S","29","     0.0"," ","S","29","     0.0"," ","S","29","     0.0"," ","S","29","     0.5"," ","S","29","     0.3"," ","S","29","    13.9"," ","S","30","     7.4"," ","S","30","     3.8"," ","S","30","     1.6"," ","S","30","     0.6"," ","S","30","     0.0"," ","S","30","     0.0"," ","S","30","     0.0"," ","S","30","    0.03"," ","S","30","    0.11"," ","S","30","    0.29"," ","S","30","    0.16"," ","S","29","    0.16"," ","S","29","     8.3"," ","S","30","     6.9"," ","S","30","     5.2"," ","S","30","     3.3"," ","S","30","     2.2"," ","S","30","     1.5"," ","S","30","     0.3"," ","S","30","     0.0"," ","S","30"," -9999.0","Y"," "," 0"," -9999.0","Y"," "," 0"," -9999.0","Y"," "," 0","     1.3"," ","S","29","     1.3"," ","S","29","    34.9"," ","S","30","    29.4"," ","S","30","    23.9"," ","S","30","    19.9"," ","S","30","    16.7"," ","S","30","     3.8"," ","S","30","     0.3"," ","S","30","     2.0"," ","S","30","     4.0"," ","S","30","     7.0"," ","S","30"
"USC00422592","01-06"," 37.7686","-111.5978","1770.9","ESCALANTE, UT US","01","06","99","    30.0"," ","S","29","    42.1"," ","S","29","    18.0"," ","S","30","    24.2"," ","S","29","     7.0"," ","S","29","     7.5"," ","S","29","     8.3"," ","S","30","     7.3"," ","S","29","    35.0"," ","S","29","    10.1"," ","S","29","    15.0"," ","S","29","    20.0"," ","S","29","    25.0"," ","S","29","    27.0"," ","S","29","    30.0"," ","S","29","     0.0"," ","S","29","     0.1"," ","S","29","     0.0","X","S","29","     0.0"," ","S","29","     0.0"," ","S","29","     0.0"," ","S","29","     0.0"," ","S","29","     0.0"," ","S","29","     0.0"," ","S","29","     0.0"," ","S","29","     0.1"," ","S","29","     0.0","X","S","29","     0.0"," ","S","29","     0.0"," ","S","29","     0.0"," ","S","29","     0.0"," ","S","29","     0.0"," ","S","29","     0.0"," ","S","29","     0.5"," ","S","29","     0.3"," ","S","29","    13.9"," ","S","30","     7.4"," ","S","30","     3.9"," ","S","30","     1.6"," ","S","30","     0.6"," ","S","30","     0.0"," ","S","30","     0.0"," ","S","30","     0.0"," ","S","30","    0.03"," ","S","30","    0.11"," ","S","30","    0.30"," ","S","30","    0.19"," ","S","29","    0.19"," ","S","29","     8.3"," ","S","30","     6.9"," ","S","30","     5.2"," ","S","30","     3.3"," ","S","30","     2.2"," ","S","30","     1.6"," ","S","30","     0.3"," ","S","30","     0.0"," ","S","30"," -9999.0","Y"," "," 0"," -9999.0","Y"," "," 0"," -9999.0","Y"," "," 0","     1.5"," ","S","29","     1.5"," ","S","29","    35.4"," ","S","30","    29.8"," ","S","30","    24.3"," ","S","30","    20.2"," ","S","30","    16.9"," ","S","30","     4.0"," ","S","30","     0.4"," ","S","30","     2.0"," ","S","30","     4.0"," ","S","30","     7.0"," ","S","30"
"USC00422592","01-07"," 37.7686","-111.5978","1770.9","ESCALANTE, UT US","01","07","99","    30.1"," ","S","29","    42.2"," ","S","29","    18.0"," ","S","30","    24.2"," ","S","29","     7.0"," ","S","29","     7.5"," ","S","29","     8.3"," ","S","30","     7.3"," ","S","29","    34.9"," ","S","29","    10.0"," ","S","29","    14.9"," ","S","29","    19.9"," ","S","29","    24.9"," ","S","29","    26.9"," ","S","29","    29.9"," ","S","29","     0.0"," ","S","29","     0.1"," ","S","29","     0.0","X","S","29","     0.0"," ","S","29","     0.0"," ","S","29","     0.0"," ","S","29","     0.0"," ","S","29","     0.0"," ","S","29","     0.0"," ","S","29","     0.0"," ","S","29","     0.1"," ","S","29","     0.0","X","S","29","     0.0"," ","S","29","     0.0"," ","S","29","     0.0"," ","S","29","     0.0"," ","S","29","     0.0"," ","S","29","     0.0"," ","S","29","     0.5"," ","S","29","     0.3"," ","S","29","    13.9"," ","S","30","     7.5"," ","S","30","     3.9"," ","S","30","     1.6"," ","S","30","     0.6"," ","S","30","     0.0"," ","S","30","     0.0"," ","S","30","     0.0"," ","S","30","    0.04"," ","S","30","    0.11"," ","S","30","    0.30"," ","S","30","    0.22"," ","S","29","    0.22"," ","S","29","     8.3"," ","S","30","     6.9"," ","S","30","     5.2"," ","S","30","     3.3"," ","S","30","     2.2"," ","S","30","     1.6"," ","S","30","     0.3"," ","S","30","     0.0"," ","S","30"," -9999.0","Y"," "," 0"," -9999.0","Y"," "," 0"," -9999.0","Y"," "," 0","     1.8"," ","S","29","     1.8"," ","S","29","    35.7"," ","S","30","    30.1"," ","S","30","    24.6"," ","S","30","    20.5"," ","S","30","    17.1"," ","S","30","     4.3"," ","S","30","     0.4"," ","S","30","     2.0"," ","S","30","     4.0"," ","S","30","     7.0"," ","S","30"
"USC00422592","01-08"," 37.7686","-111.5978","1770.9","ESCALANTE, UT US","01","08","99","    30.2"," ","S","29","    42.3"," ","S","29","    18.1"," ","S","30","    24.2"," ","S","29","     7.0"," ","S","29","     7.5"," ","S","29","     8.3"," ","S","30","     7.3"," ","S","29","    34.8"," ","S","29","     9.9"," ","S","29","    14.8"," ","S","29","    19.8"," ","S","29","    24.8"," ","S","29","    26.8"," ","S","29","    29.8"," ","S","29","     0.0"," ","S","29","     0.1"," ","S","29","     0.0","X","S","29","     0.0"," ","S","29","     0.0"," ","S","29","     0.0"," ","S","29","     0.0"," ","S","29","     0.0"," ","S","29","     0.0"," ","S","29","     0.0"," ","S","29","     0.1"," ","S","29","     0.0","X","S","29","     0.0"," ","S","29","     0.0"," ","S","29","     0.0"," ","S","29","     0.0"," ","S","29","     0.0"," ","S","29","     0.0"," ","S","29","     0.5"," ","S","29","     0.3"," ","S","29","    13.9"," ","S","30","     7.5"," ","S","30","     3.9"," ","S","30","     1.7"," ","S","30","     0.6"," ","S","30","     0.0"," ","S","30","     0.0"," ","S","30","     0.0"," ","S","30","    0.04"," ","S","30","    0.11"," ","S","30","    0.31"," ","S","30","    0.25"," ","S","29","    0.25"," ","S","29","     8.3"," ","S","30","     6.9"," ","S","30","     5.2"," ","S","30","     3.3"," ","S","30","     2.3"," ","S","30","     1.6"," ","S","30","     0.4"," ","S","30","     0.0"," ","S","30"," -9999.0","Y"," "," 0"," -9999.0","Y"," "," 0"," -9999.0","Y"," "," 0","     2.1"," ","S","29","     2.1"," ","S","29","    36.1"," ","S","30","    30.4"," ","S","30","    24.9"," ","S","30","    20.7"," ","S","30","    17.3"," ","S","30","     4.5"," ","S","30","     0.5"," ","S","30","     2.0"," ","S","30","     4.0"," ","S","30","     7.0"," ","S","30"
"USC00422592","01-09"," 37.7686","-111.5978","1770.9","ESCALANTE, UT US","01","09","99","    30.2"," ","S","29","    42.4"," ","S","29","    18.1"," ","S","30","    24.3"," ","S","29","     7.0"," ","S","29","     7.5"," ","S","29","     8.3"," ","S","30","     7.3"," ","S","29","    34.7"," ","S","29","     9.8"," ","S","29","    14.8"," ","S","29","    19.7"," ","S","29","    24.7"," ","S","29","    26.7"," ","S","29","    29.7"," ","S","29","     0.0"," ","S","29","     0.1"," ","S","29","     0.0","X","S","29","     0.0"," ","S","29","     0.0"," ","S","29","     0.0"," ","S","29","     0.0"," ","S","29","     0.0"," ","S","29","     0.0"," ","S","29","     0.0"," ","S","29","     0.1"," ","S","29","     0.0","X","S","29","     0.0"," ","S","29","     0.0"," ","S","29","     0.0"," ","S","29","     0.0"," ","S","29","     0.0"," ","S","29","     0.0"," ","S","29","     0.5"," ","S","29","     0.3"," ","S","29","    13.9"," ","S","30","     7.5"," ","S","30","     4.0"," ","S","30","     1.7"," ","S","30","     0.6"," ","S","30","     0.0"," ","S","30","     0.0"," ","S","30","     0.0"," ","S","30","    0.04"," ","S","30","    0.11"," ","S","30","    0.31"," ","S","30","    0.29"," ","S","29","    0.29"," ","S","29","     8.2"," ","S","30","     6.9"," ","S","30","     5.2"," ","S","30","     3.4"," ","S","30","     2.3"," ","S","30","     1.6"," ","S","30","     0.4"," ","S","30","     0.0"," ","S","30"," -9999.0","Y"," "," 0"," -9999.0","Y"," "," 0"," -9999.0","Y"," "," 0","     2.4"," ","S","29","     2.4"," ","S","29","    36.3"," ","S","30","    30.6"," ","S","30","    25.2"," ","S","30","    20.9"," ","S","30","    17.5"," ","S","30","     4.8"," ","S","30","     0.5"," ","S","30","     2.0"," ","S","30","     4.0"," ","S","30","     7.0"," ","S","30"
"USC00422592","01-10"," 37.7686","-111.5978","1770.9","ESCALANTE, UT US","01","10","99","    30.3"," ","S","29","    42.5"," ","S","29","    18.2"," ","S","30","    24.3"," ","S","29","     7.0"," ","S","29","     7.4"," ","S","29","     8.3"," ","S","30","     7.2"," ","S","29","    34.7"," ","S","29","     9.8"," ","S","29","    14.7"," ","S","29","    19.7"," ","S","29","    24.7"," ","S","29","    26.7"," ","S","29","    29.7"," ","S","29","     0.0"," ","S","29","     0.1"," ","S","29","     0.0","X","S","29","     0.0"," ","S","29","     0.0"," ","S","29","     0.0"," ","S","29","     0.0"," ","S","29","     0.0"," ","S","29","     0.0"," ","S","29","     0.0"," ","S","29","     0.1"," ","S","29","     0.0","X","S","29","     0.0"," ","S","29","     0.0"," ","S","29","     0.0"," ","S","29","     0.0"," ","S","29","     0.0"," ","S","29","     0.0"," ","S","29","     0.5"," ","S","29","     0.3"," ","S","29","    13.9"," ","S","30","     7.5"," ","S","30","     4.0"," ","S","30","     1.7"," ","S","30","     0.6"," ","S","30","     0.0"," ","S","30","     0.0"," ","S","30","     0.0"," ","S","30","    0.04"," ","S","30","    0.11"," ","S","30","    0.32"," ","S","30","    0.32"," ","S","29","    0.32"," ","S","29","     8.2"," ","S","30","     6.9"," ","S","30","     5.2"," ","S","30","     3.4"," ","S","30","     2.3"," ","S","30","     1.7"," ","S","30","     0.4"," ","S","30","     0.0"," ","S","30"," -9999.0","Y"," "," 0"," -9999.0","Y"," "," 0"," -9999.0","Y"," "," 0","     2.7"," ","S","29","     2.7"," ","S","29","    36.5"," ","S","30","    30.8"," ","S","30","    25.4"," ","S","30","    21.1"," ","S","30","    17.6"," ","S","30","     5.0"," ","S","30","     0.6"," ","S","30","     2.0"," ","S","30","     4.0"," ","S","30","     7.0"," ","S","30"
"USC00422592","01-11"," 37.7686","-111.5978","1770.9","ESCALANTE, UT US","01","11","99","    30.4"," ","S","29","    42.6"," ","S","29","    18.2"," ","S","30","    24.3"," ","S","29","     7.0"," ","S","29","     7.4"," ","S","29","     8.3"," ","S","30","     7.2"," ","S","29","    34.6"," ","S","29","     9.7"," ","S","29","    14.6"," ","S","29","    19.6"," ","S","29","    24.6"," ","S","29","    26.6"," ","S","29","    29.6"," ","S","29","     0.0"," ","S","29","     0.1"," ","S","29","     0.0","X","S","29","     0.0"," ","S","29","     0.0"," ","S","29","     0.0"," ","S","29","     0.0"," ","S","29","     0.0"," ","S","29","     0.0"," ","S","29","     0.0"," ","S","29","     0.1"," ","S","29","     0.0","X","S","29","     0.0"," ","S","29","     0.0"," ","S","29","     0.0"," ","S","29","     0.0"," ","S","29","     0.0"," ","S","29","     0.0"," ","S","29","     0.5"," ","S","29","     0.3"," ","S","29","    13.9"," ","S","30","     7.5"," ","S","30","     4.0"," ","S","30","     1.8"," ","S","30","     0.6"," ","S","30","     0.0"," ","S","30","     0.0"," ","S","30","     0.0"," ","S","30","    0.04"," ","S","30","    0.11"," ","S","30","    0.32"," ","S","30","    0.35"," ","S","29","    0.35"," ","S","29","     8.2"," ","S","30","     6.9"," ","S","30","     5.3"," ","S","30","     3.4"," ","S","30","     2.3"," ","S","30","     1.7"," ","S","30","     0.4"," ","S","30","     0.0"," ","S","30"," -9999.0","Y"," "," 0"," -9999.0","Y"," "," 0"," -9999.0","Y"," "," 0","     3.0"," ","S","29","     3.0"," ","S","29","    36.6"," ","S","30","    30.9"," ","S","30","    25.6"," ","S","30","    21.2"," ","S","30","    17.8"," ","S","30","     5.3"," ","S","30","     0.7"," ","S","30","     2.0"," ","S","30","     4.0"," ","S","30","     7.0"," ","S","30"
"USC00422592","01-12"," 37.7686","-111.5978","1770.9","ESCALANTE, UT US","01","12","99","    30.5"," ","S","29","    42.7"," ","S","29","    18.3"," ","S","30","    24.3"," ","S","29","     7.0"," ","S","29","     7.4"," ","S","29","     8.2"," ","S","30","     7.2"," ","S","29","    34.5"," ","S","29","     9.6"," ","S","29","    14.5"," ","S","29","    19.5"," ","S","29","    24.5"," ","S","29","    26.5"," ","S","29","    29.5"," ","S","29","     0.0"," ","S","29","     0.1"," ","S","29","     0.0","X","S","29","     0.0"," ","S","29","     0.0"," ","S","29","     0.0"," ","S","29","     0.0"," ","S","29","     0.0"," ","S","29","     0.0"," ","S","29","     0.0"," ","S","29","     0.1"," ","S","29","     0.0","X","S","29","     0.0"," ","S","29","     0.0"," ","S","29","     0.0"," ","S","29","     0.0"," ","S","29","     0.0"," ","S","29","     0.0"," ","S","29","     0.5"," ","S","29","     0.3"," ","S","29","    13.8"," ","S","30","     7.6"," ","S","30","     4.1"," ","S","30","     1.8"," ","S","30","     0.6"," ","S","30","     0.0"," ","S","30","     0.0"," ","S","30","     0.0"," ","S","30","    0.04"," ","S","30","    0.11"," ","S","30","    0.33"," ","S","30","    0.38"," ","S","29","    0.38"," ","S","29","     8.2"," ","S","30","     6.9"," ","S","30","     5.3"," ","S","30","     3.4"," ","S","30","     2.4"," ","S","30","     1.7"," ","S","30","     0.4"," ","S","30","     0.0"," ","S","30"," -9999.0","Y"," "," 0"," -9999.0","Y"," "," 0"," -9999.0","Y"," "," 0","     3.3"," ","S","29","     3.3"," ","S","29","    36.7"," ","S","30","    31.0"," ","S","30","    25.8"," ","S","30","    21.3"," ","S","30","    18.0"," ","S","30","     5.5"," ","S","30","     0.7"," ","S","30","     2.0"," ","S","30","     4.0"," ","S","30","     7.0"," ","S","30"
"USC00422592","01-13"," 37.7686","-111.5978","1770.9","ESCALANTE, UT US","01","13","99","    30.6"," ","S","29","    42.8"," ","S","29","    18.4"," ","S","30","    24.4"," ","S","29","     6.9"," ","S","29","     7.3"," ","S","29","     8.2"," ","S","30","     7.1"," ","S","29","    34.4"," ","S","29","     9.5"," ","S","29","    14.4"," ","S","29","    19.4"," ","S","29","    24.4"," ","S","29","    26.4"," ","S","29","    29.4"," ","S","29","     0.0"," ","S","29","     0.1"," ","S","29","     0.0","X","S","29","     0.0"," ","S","29","     0.0"," ","S","29","     0.0"," ","S","29","     0.0"," ","S","29","     0.0"," ","S","29","     0.0"," ","S","29","     0.0"," ","S","29","     0.1"," ","S","29","     0.0","X","S","29","     0.0"," ","S","29","     0.0"," ","S","29","     0.0"," ","S","29","     0.0"," ","S","29","     0.0"," ","S","29","     0.0"," ","S","29","     0.5"," ","S","29","     0.3"," ","S","29","    13.8"," ","S","30","     7.5"," ","S","30","     4.1"," ","S","30","     1.8"," ","S","30","     0.6"," ","S","30","     0.0"," ","S","30","     0.0"," ","S","30","     0.0"," ","S","30","    0.04"," ","S","30","    0.11"," ","S","30","    0.33"," ","S","30","    0.41"," ","S","29","    0.41"," ","S","29","     8.2"," ","S","30","     6.9"," ","S","30","     5.3"," ","S","30","     3.3"," ","S","30","     2.4"," ","S","30","     1.7"," ","S","30","     0.4"," ","S","30","     0.0"," ","S","30"," -9999.0","Y"," "," 0"," -9999.0","Y"," "," 0"," -9999.0","Y"," "," 0","     3.6"," ","S","29","     3.6"," ","S","29","    36.8"," ","S","30","    31.1"," ","S","30","    25.9"," ","S","30","    21.4"," ","S","30","    18.1"," ","S","30","     5.8"," ","S","30","     0.8"," ","S","30","     2.0"," ","S","30","     4.0"," ","S","30","     7.0"," ","S","30"
"USC00422592","01-14"," 37.7686","-111.5978","1770.9","ESCALANTE, UT US","01","14","99","    30.7"," ","S","29","    42.9"," ","S","29","    18.5"," ","S","30","    24.4"," ","S","29","     6.9"," ","S","29","     7.3"," ","S","29","     8.2"," ","S","30","     7.1"," ","S","29","    34.3"," ","S","29","     9.5"," ","S","29","    14.3"," ","S","29","    19.3"," ","S","29","    24.3"," ","S","29","    26.3"," ","S","29","    29.3"," ","S","29","     0.0"," ","S","29","     0.1"," ","S","29","     0.0","X","S","29","     0.0"," ","S","29","     0.0"," ","S","29","     0.0"," ","S","29","     0.0"," ","S","29","     0.0"," ","S","29","     0.0"," ","S","29","     0.0"," ","S","29","     0.1"," ","S","29","     0.0","X","S","29","     0.0"," ","S","29","     0.0"," ","S","29","     0.0"," ","S","29","     0.0"," ","S","29","     0.0"," ","S","29","     0.0"," ","S","29","     0.5"," ","S","29","     0.3"," ","S","29","    13.8"," ","S","30","     7.5"," ","S","30","     4.1"," ","S","30","     1.8"," ","S","30","     0.6"," ","S","30","     0.0"," ","S","30","     0.0"," ","S","30","     0.0"," ","S","30","    0.04"," ","S","30","    0.11"," ","S","30","    0.33"," ","S","30","    0.45"," ","S","29","    0.45"," ","S","29","     8.2"," ","S","30","     6.9"," ","S","30","     5.3"," ","S","30","     3.3"," ","S","30","     2.4"," ","S","30","     1.7"," ","S","30","     0.4"," ","S","30","     0.0"," ","S","30"," -9999.0","Y"," "," 0"," -9999.0","Y"," "," 0"," -9999.0","Y"," "," 0","     3.9"," ","S","29","     3.9"," ","S","29","    36.8"," ","S","30","    31.1"," ","S","30","    26.0"," ","S","30","    21.5"," ","S","30","    18.2"," ","S","30","     6.0"," ","S","30","     0.9"," ","S","30","     2.0"," ","S","30","     4.0"," ","S","30","     8.0"," ","S","30"
"USC00422592","01-15"," 37.7686","-111.5978","1770.9","ESCALANTE, UT US","01","15","99","    30.8"," ","S","29","    43.0"," ","S","29","    18.6"," ","S","30","    24.4"," ","S","29","     6.9"," ","S","29","     7.3"," ","S","29","     8.2"," ","S","30","     7.1"," ","S","29","    34.2"," ","S","29","     9.4"," ","S","29","    14.3"," ","S","29","    19.2"," ","S","29","    24.2"," ","S","29","    26.2"," ","S","29","    29.2"," ","S","29","     0.0"," ","S","29","     0.1"," ","S","29","     0.0","X","S","29","     0.0"," ","S","29","     0.0"," ","S","29","     0.0"," ","S","29","     0.0"," ","S","29","     0.0"," ","S","29","     0.0"," ","S","29","     0.0"," ","S","29","     0.1"," ","S","29","     0.0","X","S","29","     0.0"," ","S","29","     0.0"," ","S","29","     0.0"," ","S","29","     0.0"," ","S","29","     0.0"," ","S","29","     0.0"," ","S","29","     0.5"," ","S","29","     0.3"," ","S","29","    13.7"," ","S","30","     7.5"," ","S","30","     4.1"," ","S","30","     1.9"," ","S","30","     0.6"," ","S","30","     0.0"," ","S","30","     0.0"," ","S","30","     0.0"," ","S","30","    0.04"," ","S","30","    0.11"," ","S","30","    0.33"," ","S","30","    0.48"," ","S","29","    0.48"," ","S","29","     8.2"," ","S","30","     6.9"," ","S","30","     5.2"," ","S","30","     3.3"," ","S","30","     2.4"," ","S","30","     1.8"," ","S","30","     0.4"," ","S","30","     0.0"," ","S","30"," -9999.0","Y"," "," 0"," -9999.0","Y"," "," 0"," -9999.0","Y"," "," 0","     4.2"," ","S","29","     4.2"," ","S","29","    36.7"," ","S","30","    31.2"," ","S","30","    26.0"," ","S","30","    21.6"," ","S","30","    18.3"," ","S","30","     6.2"," ","S","30","     1.0"," ","S","30","     2.0"," ","S","30","     5.0"," ","S","30","     8.0"," ","S","30"
"USC00422592","01-16"," 37.7686","-111.5978","1770.9","ESCALANTE, UT US","01","16","99","    30.8"," ","S","29","    43.1"," ","S","29","    18.6"," ","S","30","    24.4"," ","S","29","     6.9"," ","S","29","     7.3"," ","S","29","     8.2"," ","S","30","     7.0"," ","S","29","    34.2"," ","S","29","     9.3"," ","S","29","    14.2"," ","S","29","    19.2"," ","S","29","    24.2"," ","S","29","    26.2"," ","S","29","    29.2"," ","S","29","     0.0"," ","S","29","     0.2"," ","S","29","     0.0","X","S","29","     0.0"," ","S","29","     0.0"," ","S","29","     0.0"," ","S","29","     0.0"," ","S","29","     0.0"," ","S","29","     0.0"," ","S","29","     0.0"," ","S","29","     0.2"," ","S","29","     0.0","X","S","29","     0.0"," ","S","29","     0.0"," ","S","29","     0.0"," ","S","29","     0.0"," ","S","29","     0.0"," ","S","29","     0.0"," ","S","29","     0.5"," ","S","29","     0.3"," ","S","29","    13.7"," ","S","30","     7.6"," ","S","30","     4.1"," ","S","30","     1.9"," ","S","30","     0.6"," ","S","30","     0.0"," ","S","30","     0.0"," ","S","30","     0.0"," ","S","30","    0.04"," ","S","30","    0.11"," ","S","30","    0.34"," ","S","30","    0.51"," ","S","29","    0.51"," ","S","29","     8.2"," ","S","30","     6.9"," ","S","30","     5.2"," ","S","30","     3.3"," ","S","30","     2.4"," ","S","30","     1.8"," ","S","30","     0.4"," ","S","30","     0.0"," ","S","30"," -9999.0","Y"," "," 0"," -9999.0","Y"," "," 0"," -9999.0","Y"," "," 0","     4.5"," ","S","29","     4.5"," ","S","29","    36.7"," ","S","30","    31.1"," ","S","30","    26.0"," ","S","30","    21.6"," ","S","30","    18.4"," ","S","30","     6.3"," ","S","30","     1.0"," ","S","30","     2.0"," ","S","30","     5.0"," ","S","30","     8.0"," ","S","30"
"USC00422592","01-17"," 37.7686","-111.5978","1770.9","ESCALANTE, UT US","01","17","99","    30.9"," ","S","29","    43.2"," ","S","29","    18.7"," ","S","30","    24.4"," ","S","29","     6.9"," ","S","29","     7.3"," ","S","29","     8.2"," ","S","30","     7.0"," ","S","29","    34.1"," ","S","29","     9.2"," ","S","29","    14.1"," ","S","29","    19.1"," ","S","29","    24.1"," ","S","29","    26.1"," ","S","29","    29.1"," ","S","29","     0.0"," ","S","29","     0.2"," ","S","29","     0.0","X","S","29","     0.0"," ","S","29","     0.0"," ","S","29","     0.0"," ","S","29","     0.0"," ","S","29","     0.0"," ","S","29","     0.0"," ","S","29","     0.0"," ","S","29","     0.2"," ","S","29","     0.0","X","S","29","     0.0"," ","S","29","     0.0"," ","S","29","     0.0"," ","S","29","     0.0"," ","S","29","     0.0"," ","S","29","     0.0"," ","S","29","     0.6"," ","S","29","     0.3"," ","S","29","    13.7"," ","S","30","     7.6"," ","S","30","     4.2"," ","S","30","     1.9"," ","S","30","     0.6"," ","S","30","     0.0"," ","S","30","     0.0"," ","S","30","     0.0"," ","S","30","    0.04"," ","S","30","    0.11"," ","S","30","    0.34"," ","S","30","    0.55"," ","S","29","    0.55"," ","S","29","     8.2"," ","S","30","     7.0"," ","S","30","     5.2"," ","S","30","     3.3"," ","S","30","     2.4"," ","S","30","     1.8"," ","S","30","     0.4"," ","S","30","     0.0"," ","S","30"," -9999.0","Y"," "," 0"," -9999.0","Y"," "," 0"," -9999.0","Y"," "," 0","     4.8"," ","S","29","     4.8"," ","S","29","    36.6"," ","S","30","    31.0"," ","S","30","    26.0"," ","S","30","    21.6"," ","S","30","    18.5"," ","S","30","     6.5"," ","S","30","     1.1"," ","S","30","     2.0"," ","S","30","     5.0"," ","S","30","     8.0"," ","S","30"
"USC00422592","01-18"," 37.7686","-111.5978","1770.9","ESCALANTE, UT US","01","18","99","    31.0"," ","S","29","    43.3"," ","S","29","    18.8"," ","S","30","    24.4"," ","S","29","     6.9"," ","S","29","     7.2"," ","S","29","     8.2"," ","S","30","     7.0"," ","S","29","    34.0"," ","S","29","     9.2"," ","S","29","    14.0"," ","S","29","    19.0"," ","S","29","    24.0"," ","S","29","    26.0"," ","S","29","    29.0"," ","S","29","     0.0"," ","S","29","     0.2"," ","S","29","     0.0","X","S","29","     0.0"," ","S","29","     0.0"," ","S","29","     0.0"," ","S","29","     0.0"," ","S","29","     0.0"," ","S","29","     0.0"," ","S","29","     0.0"," ","S","29","     0.2"," ","S","29","     0.0","X","S","29","     0.0"," ","S","29","     0.0"," ","S","29","     0.0"," ","S","29","     0.0"," ","S","29","     0.0"," ","S","29","     0.0"," ","S","29","     0.6"," ","S","29","     0.3"," ","S","29","    13.7"," ","S","30","     7.6"," ","S","30","     4.2"," ","S","30","     2.0"," ","S","30","     0.6"," ","S","30","     0.0"," ","S","30","     0.0"," ","S","30","     0.0"," ","S","30","    0.04"," ","S","30","    0.11"," ","S","30","    0.34"," ","S","30","    0.59"," ","S","29","    0.59"," ","S","29","     8.3"," ","S","30","     7.0"," ","S","30","     5.2"," ","S","30","     3.2"," ","S","30","     2.4"," ","S","30","     1.8"," ","S","30","     0.4"," ","S","30","     0.0"," ","S","30"," -9999.0","Y"," "," 0"," -9999.0","Y"," "," 0"," -9999.0","Y"," "," 0","     5.2"," ","S","29","     5.2"," ","S","29","    36.4"," ","S","30","    30.9"," ","S","30","    25.9"," ","S","30","    21.6"," ","S","30","    18.5"," ","S","30","     6.6"," ","S","30","     1.2"," ","S","30","     2.0"," ","S","30","     5.0"," ","S","30","     8.0"," ","S","30"
"USC00422592","01-19"," 37.7686","-111.5978","1770.9","ESCALANTE, UT US","01","19","99","    31.1"," ","S","29","    43.4"," ","S","29","    18.9"," ","S","30","    24.4"," ","S","29","     6.9"," ","S","29","     7.2"," ","S","29","     8.1"," ","S","30","     7.0"," ","S","29","    33.9"," ","S","29","     9.1"," ","S","29","    13.9"," ","S","29","    18.9"," ","S","29","    23.9"," ","S","29","    25.9"," ","S","29","    28.9"," ","S","29","     0.0"," ","S","29","     0.2"," ","S","29","     0.0","X","S","29","     0.0"," ","S","29","     0.0"," ","S","29","     0.0"," ","S","29","     0.0"," ","S","29","     0.0"," ","S","29","     0.0"," ","S","29","     0.0"," ","S","29","     0.2"," ","S","29","     0.0","X","S","29","     0.0"," ","S","29","     0.0"," ","S","29","     0.0"," ","S","29","     0.0"," ","S","29","     0.0"," ","S","29","     0.0"," ","S","29","     0.6"," ","S","29","     0.3"," ","S","29","    13.7"," ","S","30","     7.6"," ","S","30","     4.3"," ","S","30","     2.0"," ","S","30","     0.5"," ","S","30","     0.0"," ","S","30","     0.0"," ","S","30","     0.0"," ","S","30","    0.04"," ","S","30","    0.11"," ","S","30","    0.34"," ","S","30","    0.63"," ","S","29","    0.63"," ","S","29","     8.3"," ","S","30","     7.1"," ","S","30","     5.2"," ","S","30","     3.2"," ","S","30","     2.4"," ","S","30","     1.8"," ","S","30","     0.4"," ","S","30","     0.0"," ","S","30"," -9999.0","Y"," "," 0"," -9999.0","Y"," "," 0"," -9999.0","Y"," "," 0","     5.5"," ","S","29","     5.5"," ","S","29","    36.3"," ","S","30","    30.8"," ","S","30","    25.8"," ","S","30","    21.6"," ","S","30","    18.6"," ","S","30","     6.7"," ","S","30","     1.2"," ","S","30","     2.0"," ","S","30","     5.0"," ","S","30","     8.0"," ","S","30"
"USC00422592","01-20"," 37.7686","-111.5978","1770.9","ESCALANTE, UT US","01","20","99","    31.2"," ","S","29","    43.5"," ","S","29","    19.0"," ","S","30","    24.4"," ","S","29","     6.9"," ","S","29","     7.3"," ","S","29","     8.1"," ","S","30","     7.0"," ","S","29","    33.8"," ","S","29","     9.0"," ","S","29","    13.8"," ","S","29","    18.8"," ","S","29","    23.8"," ","S","29","    25.8"," ","S","29","    28.8"," ","S","29","     0.0"," ","S","29","     0.2"," ","S","29","     0.0","X","S","29","     0.0"," ","S","29","     0.0"," ","S","29","     0.0"," ","S","29","     0.0"," ","S","29","     0.0"," ","S","29","     0.0"," ","S","29","     0.0"," ","S","29","     0.2"," ","S","29","     0.0","X","S","29","     0.0"," ","S","29","     0.0"," ","S","29","     0.0"," ","S","29","     0.0"," ","S","29","     0.0"," ","S","29","     0.0"," ","S","29","     0.6"," ","S","29","     0.3"," ","S","29","    13.7"," ","S","30","     7.7"," ","S","30","     4.3"," ","S","30","     2.0"," ","S","30","     0.5"," ","S","30","     0.0"," ","S","30","     0.0"," ","S","30","     0.0"," ","S","30","    0.04"," ","S","30","    0.11"," ","S","30","    0.35"," ","S","30","    0.66"," ","S","29","    0.66"," ","S","29","     8.4"," ","S","30","     7.1"," ","S","30","     5.2"," ","S","30","     3.2"," ","S","30","     2.5"," ","S","30","     1.8"," ","S","30","     0.4"," ","S","30","     0.0"," ","S","30"," -9999.0","Y"," "," 0"," -9999.0","Y"," "," 0"," -9999.0","Y"," "," 0","     5.8"," ","S","29","     5.8"," ","S","29","    36.1"," ","S","30","    30.7"," ","S","30","    25.7"," ","S","30","    21.5"," ","S","30","    18.6"," ","S","30","     6.9"," ","S","30","     1.3"," ","S","30","     2.0"," ","S","30","     5.0"," ","S","30","     8.0"," ","S","30"
"USC00422592","01-21"," 37.7686","-111.5978","1770.9","ESCALANTE, UT US","01","21","99","    31.3"," ","S","29","    43.6"," ","S","29","    19.1"," ","S","30","    24.4"," ","S","29","     6.8"," ","S","29","     7.3"," ","S","29","     8.1"," ","S","30","     7.0"," ","S","29","    33.7"," ","S","29","     8.9"," ","S","29","    13.7"," ","S","29","    18.7"," ","S","29","    23.7"," ","S","29","    25.7"," ","S","29","    28.7"," ","S","29","     0.0"," ","S","29","     0.2"," ","S","29","     0.0","X","S","29","     0.0"," ","S","29","     0.0"," ","S","29","     0.0"," ","S","29","     0.0"," ","S","29","     0.0"," ","S","29","     0.0"," ","S","29","     0.0"," ","S","29","     0.2"," ","S","29","     0.0","X","S","29","     0.0"," ","S","29","     0.0"," ","S","29","     0.0"," ","S","29","     0.0"," ","S","29","     0.0"," ","S","29","     0.0"," ","S","29","     0.6"," ","S","29","     0.3"," ","S","29","    13.8"," ","S","30","     7.7"," ","S","30","     4.4"," ","S","30","     2.0"," ","S","30","     0.5"," ","S","30","     0.0"," ","S","30","     0.0"," ","S","30","     0.0"," ","S","30","    0.04"," ","S","30","    0.11"," ","S","30","    0.35"," ","S","30","    0.70"," ","S","29","    0.70"," ","S","29","     8.5"," ","S","30","     7.2"," ","S","30","     5.2"," ","S","30","     3.2"," ","S","30","     2.5"," ","S","30","     1.8"," ","S","30","     0.4"," ","S","30","     0.0"," ","S","30"," -9999.0","Y"," "," 0"," -9999.0","Y"," "," 0"," -9999.0","Y"," "," 0","     6.1"," ","S","29","     6.1"," ","S","29","    35.8"," ","S","30","    30.5"," ","S","30","    25.6"," ","S","30","    21.5"," ","S","30","    18.6"," ","S","30","     7.0"," ","S","30","     1.4"," ","S","30","     2.0"," ","S","30","     5.0"," ","S","30","     8.0"," ","S","30"
"USC00422592","01-22"," 37.7686","-111.5978","1770.9","ESCALANTE, UT US","01","22","99","    31.4"," ","S","29","    43.7"," ","S","29","    19.2"," ","S","30","    24.4"," ","S","29","     6.8"," ","S","29","     7.3"," ","S","29","     8.0"," ","S","30","     6.9"," ","S","29","    33.6"," ","S","29","     8.8"," ","S","29","    13.6"," ","S","29","    18.6"," ","S","29","    23.6"," ","S","29","    25.6"," ","S","29","    28.6"," ","S","29","     0.0"," ","S","29","     0.2"," ","S","29","     0.0","X","S","29","     0.0"," ","S","29","     0.0"," ","S","29","     0.0"," ","S","29","     0.0"," ","S","29","     0.0"," ","S","29","     0.0"," ","S","29","     0.0"," ","S","29","     0.2"," ","S","29","     0.0","X","S","29","     0.0"," ","S","29","     0.0"," ","S","29","     0.0"," ","S","29","     0.0"," ","S","29","     0.0"," ","S","29","     0.0"," ","S","29","     0.6"," ","S","29","     0.3"," ","S","29","    13.8"," ","S","30","     7.8"," ","S","30","     4.4"," ","S","30","     2.1"," ","S","30","     0.5"," ","S","30","     0.0"," ","S","30","     0.0"," ","S","30","     0.0"," ","S","30","    0.04"," ","S","30","    0.11"," ","S","30","    0.35"," ","S","30","    0.73"," ","S","29","    0.73"," ","S","29","     8.5"," ","S","30","     7.2"," ","S","30","     5.1"," ","S","30","     3.2"," ","S","30","     2.5"," ","S","30","     1.8"," ","S","30","     0.4"," ","S","30","     0.0"," ","S","30"," -9999.0","Y"," "," 0"," -9999.0","Y"," "," 0"," -9999.0","Y"," "," 0","     6.4"," ","S","29","     6.4"," ","S","29","    35.5"," ","S","30","    30.3"," ","S","30","    25.4"," ","S","30","    21.4"," ","S","30","    18.6"," ","S","30","     7.1"," ","S","30","     1.5"," ","S","30","     2.0"," ","S","30","     5.0"," ","S","30","     8.0"," ","S","30"
"USC00422592","01-23"," 37.7686","-111.5978","1770.9","ESCALANTE, UT US","01","23","99","    31.6"," ","S","29","    43.8"," ","S","29","    19.3"," ","S","30","    24.4"," ","S","29","     6.8"," ","S","29","     7.3"," ","S","29","     8.0"," ","S","30","     6.9"," ","S","29","    33.4"," ","S","29","     8.7"," ","S","29","    13.5"," ","S","29","    18.4"," ","S","29","    23.4"," ","S","29","    25.4"," ","S","29","    28.4"," ","S","29","     0.0"," ","S","29","     0.2"," ","S","29","     0.0","X","S","29","     0.0"," ","S","29","     0.0"," ","S","29","     0.0"," ","S","29","     0.0"," ","S","29","     0.0"," ","S","29","     0.0"," ","S","29","     0.0"," ","S","29","     0.2"," ","S","29","     0.0","X","S","29","     0.0"," ","S","29","     0.0"," ","S","29","     0.0"," ","S","29","     0.0"," ","S","29","     0.0"," ","S","29","     0.0"," ","S","29","     0.6"," ","S","29","     0.4"," ","S","29","    13.8"," ","S","30","     7.8"," ","S","30","     4.5"," ","S","30","     2.1"," ","S","30","     0.5"," ","S","30","     0.0"," ","S","30","     0.0"," ","S","30","     0.0"," ","S","30","    0.04"," ","S","30","    0.11"," ","S","30","    0.35"," ","S","30","    0.76"," ","S","29","    0.76"," ","S","29","     8.6"," ","S","30","     7.2"," ","S","30","     5.1"," ","S","30","     3.2"," ","S","30","     2.5"," ","S","30","     1.8"," ","S","30","     0.4"," ","S","30","     0.0"," ","S","30"," -9999.0","Y"," "," 0"," -9999.0","Y"," "," 0"," -9999.0","Y"," "," 0","     6.7"," ","S","29","     6.7"," ","S","29","    35.2"," ","S","30","    30.0"," ","S","30","    25.2"," ","S","30","    21.3"," ","S","30","    18.6"," ","S","30","     7.2"," ","S","30","     1.5"," ","S","30","     2.0"," ","S","30","     5.0"," ","S","30","     9.0"," ","S","30"
"USC00422592","01-24"," 37.7686","-111.5978","1770.9","ESCALANTE, UT US","01","24","99","    31.7"," ","S","29","    43.9"," ","S","29","    19.5"," ","S","30","    24.4"," ","S","29","     6.8"," ","S","29","     7.3"," ","S","29","     8.0"," ","S","30","     6.9"," ","S","29","    33.3"," ","S","29","     8.6"," ","S","29","    13.4"," ","S","29","    18.3"," ","S","29","    23.3"," ","S","29","    25.3"," ","S","29","    28.3"," ","S","29","     0.0"," ","S","29","     0.2"," ","S","29","     0.0","X","S","29","     0.0"," ","S","29","     0.0"," ","S","29","     0.0"," ","S","29","     0.0"," ","S","29","     0.0"," ","S","29","     0.0"," ","S","29","     0.0"," ","S","29","     0.2"," ","S","29","     0.0","X","S","29","     0.0"," ","S","29","     0.0"," ","S","29","     0.0"," ","S","29","     0.0"," ","S","29","     0.0"," ","S","29","     0.0"," ","S","29","     0.6"," ","S","29","     0.4"," ","S","29","    13.9"," ","S","30","     7.9"," ","S","30","     4.5"," ","S","30","     2.1"," ","S","30","     0.5"," ","S","30","     0.0"," ","S","30","     0.0"," ","S","30","     0.0"," ","S","30","    0.04"," ","S","30","    0.11"," ","S","30","    0.35"," ","S","30","    0.80"," ","S","29","    0.80"," ","S","29","     8.6"," ","S","30","     7.3"," ","S","30","     5.1"," ","S","30","     3.1"," ","S","30","     2.5"," ","S","30","     1.8"," ","S","30","     0.4"," ","S","30","     0.0"," ","S","30"," -9999.0","Y"," "," 0"," -9999.0","Y"," "," 0"," -9999.0","Y"," "," 0","     7.0"," ","S","29","     7.0"," ","S","29","    34.8"," ","S","30","    29.7"," ","S","30","    25.0"," ","S","30","    21.2"," ","S","30","    18.5"," ","S","30","     7.3"," ","S","30","     1.6"," ","S","30","     2.0"," ","S","30","     5.0"," ","S","30","     9.0"," ","S","30"
"USC00422592","01-25"," 37.7686","-111.5978","1770.9","ESCALANTE, UT US","01","25","99","    31.8"," ","S","29","    44.0"," ","S","29","    19.6"," ","S","30","    24.4"," ","S","29","     6.8"," ","S","29","     7.3"," ","S","29","     8.0"," ","S","30","     6.9"," ","S","29","    33.2"," ","S","29","     8.5"," ","S","29","    13.2"," ","S","29","    18.2"," ","S","29","    23.2"," ","S","29","    25.2"," ","S","29","    28.2"," ","S","29","     0.0"," ","S","29","     0.3"," ","S","29","     0.0","X","S","29","     0.0"," ","S","29","     0.0"," ","S","29","     0.0"," ","S","29","     0.0"," ","S","29","     0.0"," ","S","29","     0.0"," ","S","29","     0.0"," ","S","29","     0.3"," ","S","29","     0.0","X","S","29","     0.0"," ","S","29","     0.0"," ","S","29","     0.0"," ","S","29","     0.0"," ","S","29","     0.0"," ","S","29","     0.0"," ","S","29","     0.6"," ","S","29","     0.4"," ","S","29","    14.0"," ","S","30","     8.0"," ","S","30","     4.6"," ","S","30","     2.2"," ","S","30","     0.5"," ","S","30","     0.0"," ","S","30","     0.0"," ","S","30","     0.0"," ","S","30","    0.04"," ","S","30","    0.12"," ","S","30","    0.35"," ","S","30","    0.83"," ","S","29","    0.83"," ","S","29","     8.6"," ","S","30","     7.3"," ","S","30","     5.0"," ","S","30","     3.1"," ","S","30","     2.4"," ","S","30","     1.8"," ","S","30","     0.4"," ","S","30","     0.0"," ","S","30"," -9999.0","Y"," "," 0"," -9999.0","Y"," "," 0"," -9999.0","Y"," "," 0","     7.3"," ","S","29","     7.3"," ","S","29","    34.4"," ","S","30","    29.4"," ","S","30","    24.8"," ","S","30","    21.1"," ","S","30","    18.4"," ","S","30","     7.4"," ","S","30","     1.6"," ","S","30","     2.0"," ","S","30","     5.0"," ","S","30","     9.0"," ","S","30"
"USC00422592","01-26"," 37.7686","-111.5978","1770.9","ESCALANTE, UT US","01","26","99","    31.9"," ","S","29","    44.1"," ","S","29","    19.7"," ","S","30","    24.4"," ","S","29","     6.8"," ","S","29","     7.4"," ","S","29","     7.9"," ","S","30","     6.9"," ","S","29","    33.1"," ","S","29","     8.4"," ","S","29","    13.1"," ","S","29","    18.1"," ","S","29","    23.1"," ","S","29","    25.1"," ","S","29","    28.1"," ","S","29","     0.0"," ","S","29","     0.3"," ","S","29","     0.0","X","S","29","     0.0"," ","S","29","     0.0"," ","S","29","     0.0"," ","S","29","     0.0"," ","S","29","     0.0"," ","S","29","     0.0"," ","S","29","     0.0"," ","S","29","     0.3"," ","S","29","     0.0","X","S","29","     0.0"," ","S","29","     0.0"," ","S","29","     0.0"," ","S","29","     0.0"," ","S","29","     0.0"," ","S","29","     0.0"," ","S","29","     0.6"," ","S","29","     0.4"," ","S","29","    14.1"," ","S","30","     8.1"," ","S","30","     4.6"," ","S","30","     2.2"," ","S","30","     0.5"," ","S","30","     0.0"," ","S","30","     0.0"," ","S","30","     0.0"," ","S","30","    0.04"," ","S","30","    0.12"," ","S","30","    0.36"," ","S","30","    0.87"," ","S","29","    0.87"," ","S","29","     8.6"," ","S","30","     7.2"," ","S","30","     5.0"," ","S","30","     3.1"," ","S","30","     2.4"," ","S","30","     1.8"," ","S","30","     0.4"," ","S","30","     0.0"," ","S","30"," -9999.0","Y"," "," 0"," -9999.0","Y"," "," 0"," -9999.0","Y"," "," 0","     7.5"," ","S","29","     7.5"," ","S","29","    33.9"," ","S","30","    29.0"," ","S","30","    24.6"," ","S","30","    20.9"," ","S","30","    18.3"," ","S","30","     7.5"," ","S","30","     1.7"," ","S","30","     2.0"," ","S","30","     5.0"," ","S","30","     9.0"," ","S","30"
"USC00422592","01-27"," 37.7686","-111.5978","1770.9","ESCALANTE, UT US","01","27","99","    32.0"," ","S","29","    44.2"," ","S","29","    19.9"," ","S","30","    24.4"," ","S","29","     6.8"," ","S","29","     7.4"," ","S","29","     7.9"," ","S","30","     6.9"," ","S","29","    33.0"," ","S","29","     8.3"," ","S","29","    13.0"," ","S","29","    18.0"," ","S","29","    23.0"," ","S","29","    25.0"," ","S","29","    28.0"," ","S","29","     0.0"," ","S","29","     0.3"," ","S","29","     0.0","X","S","29","     0.0","X","S","29","     0.0"," ","S","29","     0.0"," ","S","29","     0.0"," ","S","29","     0.0"," ","S","29","     0.0"," ","S","29","     0.0"," ","S","29","     0.3"," ","S","29","     0.0","X","S","29","     0.0","X","S","29","     0.0"," ","S","29","     0.0"," ","S","29","     0.0"," ","S","29","     0.0"," ","S","29","     0.0"," ","S","29","     0.7"," ","S","29","     0.4"," ","S","29","    14.2"," ","S","29","     8.2"," ","S","29","     4.7"," ","S","29","     2.2"," ","S","29","     0.5"," ","S","29","     0.0"," ","S","29","     0.0"," ","S","29","     0.0"," ","S","29","    0.04"," ","S","29","    0.12"," ","S","29","    0.36"," ","S","29","    0.90"," ","S","29","    0.90"," ","S","29","     8.7"," ","S","29","     7.2"," ","S","29","     4.9"," ","S","29","     3.0"," ","S","29","     2.4"," ","S","29","     1.8"," ","S","29","     0.4"," ","S","29","     0.0"," ","S","29"," -9999.0","Y"," "," 0"," -9999.0","Y"," "," 0"," -9999.0","Y"," "," 0","     7.8"," ","S","29","     7.8"," ","S","29","    33.4"," ","S","29","    28.5"," ","S","29","    24.3"," ","S","29","    20.7"," ","S","29","    18.2"," ","S","29","     7.6"," ","S","29","     1.7"," ","S","29","     2.0"," ","S","29","     5.0"," ","S","29","     9.0"," ","S","29"
"USC00422592","01-28"," 37.7686","-111.5978","1770.9","ESCALANTE, UT US","01","28","99","    32.2"," ","S","29","    44.3"," ","S","29","    20.0"," ","S","30","    24.3"," ","S","29","     6.8"," ","S","29","     7.4"," ","S","29","     7.8"," ","S","30","     6.9"," ","S","29","    32.8"," ","S","29","     8.2"," ","S","29","    12.9"," ","S","29","    17.8"," ","S","29","    22.8"," ","S","29","    24.8"," ","S","29","    27.8"," ","S","29","     0.0"," ","S","29","     0.3"," ","S","29","     0.0","X","S","29","     0.0","X","S","29","     0.0"," ","S","29","     0.0"," ","S","29","     0.0"," ","S","29","     0.0"," ","S","29","     0.0"," ","S","29","     0.0"," ","S","29","     0.3"," ","S","29","     0.0","X","S","29","     0.0","X","S","29","     0.0"," ","S","29","     0.0"," ","S","29","     0.0"," ","S","29","     0.0"," ","S","29","     0.0"," ","S","29","     0.7"," ","S","29","     0.4"," ","S","29","    14.2"," ","S","29","     8.2"," ","S","29","     4.7"," ","S","29","     2.2"," ","S","29","     0.5"," ","S","29","     0.0"," ","S","29","     0.0"," ","S","29","     0.0"," ","S","29","    0.05"," ","S","29","    0.12"," ","S","29","    0.35"," ","S","29","    0.93"," ","S","29","    0.93"," ","S","29","     8.7"," ","S","29","     7.2"," ","S","29","     4.9"," ","S","29","     3.0"," ","S","29","     2.4"," ","S","29","     1.7"," ","S","29","     0.4"," ","S","29","     0.0"," ","S","29"," -9999.0","Y"," "," 0"," -9999.0","Y"," "," 0"," -9999.0","Y"," "," 0","     8.1"," ","S","29","     8.1"," ","S","29","    32.8"," ","S","29","    28.1"," ","S","29","    23.9"," ","S","29","    20.5"," ","S","29","    18.0"," ","S","29","     7.7"," ","S","29","     1.7"," ","S","29","     2.0"," ","S","29","     5.0"," ","S","29","     9.0"," ","S","29"
"USC00422592","01-29"," 37.7686","-111.5978","1770.9","ESCALANTE, UT US","01","29","99","    32.3"," ","S","29","    44.4"," ","S","29","    20.1"," ","S","30","    24.3"," ","S","29","     6.8"," ","S","29","     7.4"," ","S","29","     7.8"," ","S","30","     6.9"," ","S","29","    32.7"," ","S","29","     8.1"," ","S","29","    12.8"," ","S","29","    17.7"," ","S","29","    22.7"," ","S","29","    24.7"," ","S","29","    27.7"," ","S","29","     0.0"," ","S","29","     0.4"," ","S","29","     0.1"," ","S","29","     0.0","X","S","29","     0.0"," ","S","29","     0.0"," ","S","29","     0.0"," ","S","29","     0.0"," ","S","29","     0.0"," ","S","29","     0.0"," ","S","29","     0.4"," ","S","29","     0.1"," ","S","29","     0.0","X","S","29","     0.0"," ","S","29","     0.0"," ","S","29","     0.0"," ","S","29","     0.0"," ","S","29","     0.0"," ","S","29","     0.7"," ","S","29","     0.5"," ","S","29","    14.3"," ","S","29","     8.3"," ","S","29","     4.7"," ","S","29","     2.2"," ","S","29","     0.5"," ","S","29","     0.0"," ","S","29","     0.0"," ","S","29","     0.0"," ","S","29","    0.05"," ","S","29","    0.12"," ","S","29","    0.35"," ","S","29","    0.96"," ","S","29","    0.96"," ","S","29","     8.7"," ","S","29","     7.2"," ","S","29","     4.8"," ","S","29","     3.0"," ","S","29","     2.3"," ","S","29","     1.7"," ","S","29","     0.4"," ","S","29","     0.0"," ","S","29"," -9999.0","Y"," "," 0"," -9999.0","Y"," "," 0"," -9999.0","Y"," "," 0","     8.4"," ","S","29","     8.4"," ","S","29","    32.2"," ","S","29","    27.6"," ","S","29","    23.6"," ","S","29","    20.2"," ","S","29","    17.8"," ","S","29","     7.8"," ","S","29","     1.7"," ","S","29","     2.0"," ","S","29","     6.0"," ","S","29","     9.0"," ","S","29"
"USC00422592","01-30"," 37.7686","-111.5978","1770.9","ESCALANTE, UT US","01","30","99","    32.4"," ","S","29","    44.6"," ","S","29","    20.3"," ","S","30","    24.3"," ","S","29","     6.8"," ","S","29","     7.4"," ","S","29","     7.7"," ","S","30","     6.9"," ","S","29","    32.6"," ","S","29","     7.9"," ","S","29","    12.6"," ","S","29","    17.6"," ","S","29","    22.6"," ","S","29","    24.6"," ","S","29","    27.6"," ","S","29","     0.0"," ","S","29","     0.4"," ","S","29","     0.1"," ","S","29","     0.0","X","S","29","     0.0"," ","S","29","     0.0"," ","S","29","     0.0"," ","S","29","     0.0"," ","S","29","     0.0"," ","S","29","     0.0"," ","S","29","     0.4"," ","S","29","     0.1"," ","S","29","     0.0","X","S","29","     0.0"," ","S","29","     0.0"," ","S","29","     0.0"," ","S","29","     0.0"," ","S","29","     0.0"," ","S","29","     0.7"," ","S","29","     0.5"," ","S","29","    14.4"," ","S","29","     8.3"," ","S","29","     4.7"," ","S","29","     2.2"," ","S","29","     0.5"," ","S","29","     0.0"," ","S","29","     0.0"," ","S","29","     0.0"," ","S","29","    0.05"," ","S","29","    0.12"," ","S","29","    0.35"," ","S","29","    1.00"," ","S","29","    1.00"," ","S","29","     8.7"," ","S","29","     7.2"," ","S","29","     4.8"," ","S","29","     2.9"," ","S","29","     2.3"," ","S","29","     1.7"," ","S","29","     0.4"," ","S","29","     0.0"," ","S","29"," -9999.0","Y"," "," 0"," -9999.0","Y"," "," 0"," -9999.0","Y"," "," 0","     8.6"," ","S","29","     8.6"," ","S","29","    31.6"," ","S","29","    27.1"," ","S","29","    23.2"," ","S","29","    20.0"," ","S","29","    17.6"," ","S","29","     7.9"," ","S","29","     1.7"," ","S","29","     2.0"," ","S","29","     6.0"," ","S","29","    10.0"," ","S","29"
"USC00422592","01-31"," 37.7686","-111.5978","1770.9","ESCALANTE, UT US","01","31","99","    32.6"," ","S","29","    44.7"," ","S","29","    20.4"," ","S","30","    24.3"," ","S","29","     6.7"," ","S","29","     7.5"," ","S","29","     7.7"," ","S","30","     7.0"," ","S","29","    32.4"," ","S","29","     7.8"," ","S","29","    12.5"," ","S","29","    17.4"," ","S","29","    22.4"," ","S","29","    24.4"," ","S","29","    27.4"," ","S","29","     0.0"," ","S","29","     0.4"," ","S","29","     0.1"," ","S","29","     0.0","X","S","29","     0.0"," ","S","29","     0.0"," ","S","29","     0.0"," ","S","29","     0.0"," ","S","29","     0.0"," ","S","29","     0.0"," ","S","29","     0.4"," ","S","29","     0.1"," ","S","29","     0.0","X","S","29","     0.0"," ","S","29","     0.0"," ","S","29","     0.0"," ","S","29","     0.0"," ","S","29","     0.0"," ","S","29","     0.8"," ","S","29","     0.5"," ","S","29","    14.5"," ","S","29","     8.4"," ","S","29","     4.8"," ","S","29","     2.2"," ","S","29","     0.5"," ","S","29","     0.0"," ","S","29","     0.0"," ","S","29","     0.0"," ","S","29","    0.05"," ","S","29","    0.12"," ","S","29","    0.34"," ","S","29","    1.03"," ","S","29","    1.03"," ","S","29","     8.7"," ","S","29","     7.2"," ","S","29","     4.8"," ","S","29","     2.9"," ","S","29","     2.3"," ","S","29","     1.6"," ","S","29","     0.4"," ","S","29","     0.0"," ","S","29"," -9999.0","Y"," "," 0"," -9999.0","Y"," "," 0"," -9999.0","Y"," "," 0","     8.9"," ","S","29","     8.9"," ","S","29","    31.0"," ","S","29","    26.7"," ","S","29","    22.9"," ","S","29","    19.7"," ","S","29","    17.4"," ","S","29","     7.9"," ","S","29","     1.7"," ","S","29","     2.0"," ","S","29","     6.0"," ","S","29","    10.0"," ","S","29"
"USC00422592","02-01"," 37.7686","-111.5978","1770.9","ESCALANTE, UT US","02","01","99","    32.7"," ","S","28","    44.9"," ","S","28","    20.6"," ","S","29","    24.3"," ","S","28","     6.7"," ","S","28","     7.5"," ","S","28","     7.7"," ","S","29","     7.0"," ","S","28","    32.3"," ","S","28","     7.7"," ","S","28","    12.3"," ","S","28","    17.3"," ","S","28","    22.3"," ","S","28","    24.3"," ","S","28","    27.3"," ","S","28","     0.0"," ","S","28","     0.4"," ","S","28","     0.1"," ","S","28","     0.0","X","S","28","     0.0"," ","S","28","     0.0"," ","S","28","     0.0"," ","S","28","     0.0"," ","S","28","     0.0"," ","S","28","     0.0"," ","S","28","     0.4"," ","S","28","     0.1"," ","S","28","     0.0","X","S","28","     0.0"," ","S","28","     0.0"," ","S","28","     0.0"," ","S","28","     0.0"," ","S","28","     0.0"," ","S","28","     0.9"," ","S","28","     0.6"," ","S","28","    14.6"," ","S","29","     8.5"," ","S","29","     4.8"," ","S","29","     2.2"," ","S","29","     0.5"," ","S","29","     0.0"," ","S","29","     0.0"," ","S","29","     0.0"," ","S","29","    0.05"," ","S","29","    0.12"," ","S","29","    0.34"," ","S","29","    0.03"," ","S","29","    1.06"," ","S","29","     8.7"," ","S","29","     7.2"," ","S","29","     4.7"," ","S","29","     2.9"," ","S","29","     2.2"," ","S","29","     1.6"," ","S","29","     0.4"," ","S","29","     0.0"," ","S","29"," -9999.0","Y"," "," 0"," -9999.0","Y"," "," 0"," -9999.0","Y"," "," 0","     0.2"," ","S","29","     9.1"," ","S","29","    30.4"," ","S","29","    26.2"," ","S","29","    22.5"," ","S","29","    19.4"," ","S","29","    17.1"," ","S","29","     7.9"," ","S","29","     1.7"," ","S","29","     2.0"," ","S","29","     6.0"," ","S","29","    10.0"," ","S","29"
"USC00422592","02-02"," 37.7686","-111.5978","1770.9","ESCALANTE, UT US","02","02","99","    32.9"," ","S","28","    45.0"," ","S","28","    20.8"," ","S","29","    24.2"," ","S","28","     6.7"," ","S","28","     7.5"," ","S","28","     7.6"," ","S","29","     7.0"," ","S","28","    32.1"," ","S","28","     7.6"," ","S","28","    12.2"," ","S","28","    17.1"," ","S","28","    22.1"," ","S","28","    24.1"," ","S","28","    27.1"," ","S","28","     0.0"," ","S","28","     0.5"," ","S","28","     0.1"," ","S","28","     0.0","X","S","28","     0.0"," ","S","28","     0.0"," ","S","28","     0.0"," ","S","28","     0.0"," ","S","28","     0.0"," ","S","28","     0.0"," ","S","28","     0.5"," ","S","28","     0.1"," ","S","28","     0.0","X","S","28","     0.0"," ","S","28","     0.0"," ","S","28","     0.0"," ","S","28","     0.0"," ","S","28","     0.0"," ","S","28","     0.9"," ","S","28","     0.6"," ","S","28","    14.7"," ","S","29","     8.5"," ","S","29","     4.8"," ","S","29","     2.2"," ","S","29","     0.5"," ","S","29","     0.0"," ","S","29","     0.0"," ","S","29","     0.0"," ","S","29","    0.05"," ","S","29","    0.12"," ","S","29","    0.34"," ","S","29","    0.07"," ","S","29","    1.10"," ","S","29","     8.7"," ","S","29","     7.2"," ","S","29","     4.7"," ","S","29","     2.8"," ","S","29","     2.2"," ","S","29","     1.6"," ","S","29","     0.4"," ","S","29","     0.0"," ","S","29"," -9999.0","Y"," "," 0"," -9999.0","Y"," "," 0"," -9999.0","Y"," "," 0","     0.5"," ","S","29","     9.4"," ","S","29","    29.7"," ","S","29","    25.6"," ","S","29","    22.1"," ","S","29","    19.0"," ","S","29","    16.8"," ","S","29","     7.9"," ","S","29","     1.7"," ","S","29","     2.0"," ","S","29","     6.0"," ","S","29","    10.0"," ","S","29"
"USC00422592","02-03"," 37.7686","-111.5978","1770.9","ESCALANTE, UT US","02","03","99","    33.0"," ","S","28","    45.2"," ","S","28","    20.9"," ","S","29","    24.2"," ","S","28","     6.7"," ","S","28","     7.5"," ","S","28","     7.6"," ","S","29","     7.0"," ","S","28","    32.0"," ","S","28","     7.5"," ","S","28","    12.0"," ","S","28","    17.0"," ","S","28","    22.0"," ","S","28","    24.0"," ","S","28","    27.0"," ","S","28","     0.0"," ","S","28","     0.5"," ","S","28","     0.1"," ","S","28","     0.0","X","S","28","     0.0"," ","S","28","     0.0"," ","S","28","     0.0"," ","S","28","     0.0"," ","S","28","     0.0"," ","S","28","     0.0"," ","S","28","     0.5"," ","S","28","     0.1"," ","S","28","     0.0","X","S","28","     0.0"," ","S","28","     0.0"," ","S","28","     0.0"," ","S","28","     0.0"," ","S","28","     0.0"," ","S","28","     1.0"," ","S","28","     0.7"," ","S","28","    14.8"," ","S","29","     8.6"," ","S","29","     4.8"," ","S","29","     2.2"," ","S","29","     0.5"," ","S","29","     0.0"," ","S","29","     0.0"," ","S","29","     0.0"," ","S","29","    0.04"," ","S","29","    0.12"," ","S","29","    0.33"," ","S","29","    0.10"," ","S","29","    1.13"," ","S","29","     8.7"," ","S","29","     7.2"," ","S","29","     4.6"," ","S","29","     2.8"," ","S","29","     2.1"," ","S","29","     1.5"," ","S","29","     0.4"," ","S","29","     0.0"," ","S","29"," -9999.0","Y"," "," 0"," -9999.0","Y"," "," 0"," -9999.0","Y"," "," 0","     0.7"," ","S","29","     9.6"," ","S","29","    29.1"," ","S","29","    25.1"," ","S","29","    21.6"," ","S","29","    18.6"," ","S","29","    16.5"," ","S","29","     7.9"," ","S","29","     1.7"," ","S","29","     2.0"," ","S","29","     6.0"," ","S","29","    10.0"," ","S","29"
"USC00422592","02-04"," 37.7686","-111.5978","1770.9","ESCALANTE, UT US","02","04","99","    33.2"," ","S","28","    45.3"," ","S","28","    21.1"," ","S","29","    24.2"," ","S","28","     6.7"," ","S","28","     7.5"," ","S","28","     7.5"," ","S","29","     7.0"," ","S","28","    31.8"," ","S","28","     7.3"," ","S","28","    11.9"," ","S","28","    16.8"," ","S","28","    21.8"," ","S","28","    23.8"," ","S","28","    26.8"," ","S","28","     0.0"," ","S","28","     0.6"," ","S","28","     0.1"," ","S","28","     0.0","X","S","28","     0.0"," ","S","28","     0.0"," ","S","28","     0.0"," ","S","28","     0.0"," ","S","28","     0.0"," ","S","28","     0.0"," ","S","28","     0.6"," ","S","28","     0.1"," ","S","28","     0.0","X","S","28","     0.0"," ","S","28","     0.0"," ","S","28","     0.0"," ","S","28","     0.0"," ","S","28","     0.0"," ","S","28","     1.0"," ","S","28","     0.7"," ","S","28","    15.0"," ","S","29","     8.7"," ","S","29","     4.8"," ","S","29","     2.2"," ","S","29","     0.5"," ","S","29","     0.0"," ","S","29","     0.0"," ","S","29","     0.0"," ","S","29","    0.04"," ","S","29","    0.12"," ","S","29","    0.33"," ","S","29","    0.13"," ","S","29","    1.16"," ","S","29","     8.8"," ","S","29","     7.2"," ","S","29","     4.6"," ","S","29","     2.7"," ","S","29","     2.1"," ","S","29","     1.5"," ","S","29","     0.4"," ","S","29","     0.0"," ","S","29"," -9999.0","Y"," "," 0"," -9999.0","Y"," "," 0"," -9999.0","Y"," "," 0","     1.0"," ","S","29","     9.9"," ","S","29","    28.4"," ","S","29","    24.5"," ","S","29","    21.2"," ","S","29","    18.2"," ","S","29","    16.2"," ","S","29","     7.8"," ","S","29","     1.6"," ","S","29","     2.0"," ","S","29","     6.0"," ","S","29","    10.0"," ","S","29"
"USC00422592","02-05"," 37.7686","-111.5978","1770.9","ESCALANTE, UT US","02","05","99","    33.4"," ","S","28","    45.5"," ","S","28","    21.3"," ","S","29","    24.2"," ","S","28","     6.7"," ","S","28","     7.6"," ","S","28","     7.5"," ","S","29","     7.1"," ","S","28","    31.6"," ","S","28","     7.2"," ","S","28","    11.7"," ","S","28","    16.6"," ","S","28","    21.6"," ","S","28","    23.6"," ","S","28","    26.6"," ","S","28","     0.0"," ","S","28","     0.6"," ","S","28","     0.1"," ","S","28","     0.0","X","S","28","     0.0"," ","S","28","     0.0"," ","S","28","     0.0"," ","S","28","     0.0"," ","S","28","     0.0"," ","S","28","     0.0"," ","S","28","     0.6"," ","S","28","     0.1"," ","S","28","     0.0","X","S","28","     0.0"," ","S","28","     0.0"," ","S","28","     0.0"," ","S","28","     0.0"," ","S","28","     0.0"," ","S","28","     1.1"," ","S","28","     0.8"," ","S","28","    15.1"," ","S","29","     8.7"," ","S","29","     4.8"," ","S","29","     2.2"," ","S","29","     0.5"," ","S","29","     0.0"," ","S","29","     0.0"," ","S","29","     0.0"," ","S","29","    0.04"," ","S","29","    0.12"," ","S","29","    0.32"," ","S","29","    0.17"," ","S","29","    1.20"," ","S","29","     8.8"," ","S","29","     7.2"," ","S","29","     4.5"," ","S","29","     2.7"," ","S","29","     2.1"," ","S","29","     1.4"," ","S","29","     0.4"," ","S","29","     0.0"," ","S","29"," -9999.0","Y"," "," 0"," -9999.0","Y"," "," 0"," -9999.0","Y"," "," 0","     1.2"," ","S","29","    10.1"," ","S","29","    27.7"," ","S","29","    24.0"," ","S","29","    20.7"," ","S","29","    17.9"," ","S","29","    15.9"," ","S","29","     7.7"," ","S","29","     1.6"," ","S","29","     2.0"," ","S","29","     6.0"," ","S","29","    10.0"," ","S","29"
"USC00422592","02-06"," 37.7686","-111.5978","1770.9","ESCALANTE, UT US","02","06","99","    33.6"," ","S","28","    45.7"," ","S","28","    21.5"," ","S","29","    24.2"," ","S","28","     6.7"," ","S","28","     7.6"," ","S","28","     7.4"," ","S","29","     7.1"," ","S","28","    31.4"," ","S","28","     7.1"," ","S","28","    11.5"," ","S","28","    16.4"," ","S","28","    21.4"," ","S","28","    23.4"," ","S","28","    26.4"," ","S","28","     0.0"," ","S","28","     0.6"," ","S","28","     0.1"," ","S","28","     0.0","X","S","28","     0.0"," ","S","28","     0.0"," ","S","28","     0.0"," ","S","28","     0.0"," ","S","28","     0.0"," ","S","28","     0.0"," ","S","28","     0.6"," ","S","28","     0.1"," ","S","28","     0.0","X","S","28","     0.0"," ","S","28","     0.0"," ","S","28","     0.0"," ","S","28","     0.0"," ","S","28","     0.0"," ","S","28","     1.1"," ","S","28","     0.8"," ","S","28","    15.3"," ","S","29","     8.8"," ","S","29","     4.8"," ","S","29","     2.1"," ","S","29","     0.5"," ","S","29","     0.0"," ","S","29","     0.0"," ","S","29","     0.0"," ","S","29","    0.04"," ","S","29","    0.12"," ","S","29","    0.32"," ","S","29","    0.20"," ","S","29","    1.23"," ","S","29","     8.8"," ","S","29","     7.2"," ","S","29","     4.5"," ","S","29","     2.7"," ","S","29","     2.0"," ","S","29","     1.4"," ","S","29","     0.3"," ","S","29","     0.0"," ","S","29"," -9999.0","Y"," "," 0"," -9999.0","Y"," "," 0"," -9999.0","Y"," "," 0","     1.5"," ","S","29","    10.4"," ","S","29","    27.1"," ","S","29","    23.4"," ","S","29","    20.3"," ","S","29","    17.4"," ","S","29","    15.5"," ","S","29","     7.6"," ","S","29","     1.5"," ","S","29","     3.0"," ","S","29","     6.0"," ","S","29","    10.0"," ","S","29"
"USC00422592","02-07"," 37.7686","-111.5978","1770.9","ESCALANTE, UT US","02","07","99","    33.8"," ","S","28","    45.9"," ","S","28","    21.7"," ","S","29","    24.2"," ","S","28","     6.7"," ","S","28","     7.7"," ","S","28","     7.4"," ","S","29","     7.1"," ","S","28","    31.2"," ","S","28","     6.9"," ","S","28","    11.4"," ","S","28","    16.2"," ","S","28","    21.2"," ","S","28","    23.2"," ","S","28","    26.2"," ","S","28","     0.0"," ","S","28","     0.7"," ","S","28","     0.1"," ","S","28","     0.0","X","S","28","     0.0"," ","S","28","     0.0"," ","S","28","     0.0"," ","S","28","     0.0"," ","S","28","     0.0"," ","S","28","     0.0"," ","S","28","     0.7"," ","S","28","     0.1"," ","S","28","     0.0","X","S","28","     0.0"," ","S","28","     0.0"," ","S","28","     0.0"," ","S","28","     0.0"," ","S","28","     0.0"," ","S","28","     1.2"," ","S","28","     0.9"," ","S","28","    15.5"," ","S","29","     8.9"," ","S","29","     4.9"," ","S","29","     2.1"," ","S","29","     0.5"," ","S","29","     0.0"," ","S","29","     0.0"," ","S","29","     0.0"," ","S","29","    0.04"," ","S","29","    0.11"," ","S","29","    0.32"," ","S","29","    0.23"," ","S","29","    1.26"," ","S","29","     8.8"," ","S","29","     7.3"," ","S","29","     4.5"," ","S","29","     2.6"," ","S","29","     2.0"," ","S","29","     1.4"," ","S","29","     0.3"," ","S","29","     0.0"," ","S","29"," -9999.0","Y"," "," 0"," -9999.0","Y"," "," 0"," -9999.0","Y"," "," 0","     1.7"," ","S","29","    10.6"," ","S","29","    26.4"," ","S","29","    22.9"," ","S","29","    19.8"," ","S","29","    17.0"," ","S","29","    15.2"," ","S","29","     7.5"," ","S","29","     1.5"," ","S","29","     3.0"," ","S","29","     6.0"," ","S","29","    10.0"," ","S","29"
"USC00422592","02-08"," 37.7686","-111.5978","1770.9","ESCALANTE, UT US","02","08","99","    34.0"," ","S","28","    46.1"," ","S","28","    21.9"," ","S","29","    24.2"," ","S","28","     6.6"," ","S","28","     7.7"," ","S","28","     7.3"," ","S","29","     7.1"," ","S","28","    31.0"," ","S","28","     6.8"," ","S","28","    11.2"," ","S","28","    16.0"," ","S","28","    21.0"," ","S","28","    23.0"," ","S","28","    26.0"," ","S","28","     0.0"," ","S","28","     0.7"," ","S","28","     0.1"," ","S","28","     0.0","X","S","28","     0.0"," ","S","28","     0.0"," ","S","28","     0.0"," ","S","28","     0.0"," ","S","28","     0.0"," ","S","28","     0.0"," ","S","28","     0.7"," ","S","28","     0.1"," ","S","28","     0.0","X","S","28","     0.0"," ","S","28","     0.0"," ","S","28","     0.0"," ","S","28","     0.0"," ","S","28","     0.0"," ","S","28","     1.3"," ","S","28","     0.9"," ","S","28","    15.7"," ","S","29","     9.0"," ","S","29","     4.9"," ","S","29","     2.1"," ","S","29","     0.5"," ","S","29","     0.0"," ","S","29","     0.0"," ","S","29","     0.0"," ","S","29","    0.04"," ","S","29","    0.11"," ","S","29","    0.31"," ","S","29","    0.27"," ","S","29","    1.30"," ","S","29","     8.9"," ","S","29","     7.3"," ","S","29","     4.4"," ","S","29","     2.6"," ","S","29","     2.0"," ","S","29","     1.4"," ","S","29","     0.3"," ","S","29","     0.0"," ","S","29"," -9999.0","Y"," "," 0"," -9999.0","Y"," "," 0"," -9999.0","Y"," "," 0","     1.9"," ","S","29","    10.8"," ","S","29","    25.8"," ","S","29","    22.3"," ","S","29","    19.3"," ","S","29","    16.6"," ","S","29","    14.8"," ","S","29","     7.4"," ","S","29","     1.4"," ","S","29","     3.0"," ","S","29","     6.0"," ","S","29","    10.0"," ","S","29"
"USC00422592","02-09"," 37.7686","-111.5978","1770.9","ESCALANTE, UT US","02","09","99","    34.2"," ","S","28","    46.3"," ","S","28","    22.1"," ","S","29","    24.2"," ","S","28","     6.6"," ","S","28","     7.8"," ","S","28","     7.3"," ","S","29","     7.2"," ","S","28","    30.8"," ","S","28","     6.6"," ","S","28","    11.0"," ","S","28","    15.8"," ","S","28","    20.8"," ","S","28","    22.8"," ","S","28","    25.8"," ","S","28","     0.0"," ","S","28","     0.8"," ","S","28","     0.1"," ","S","28","     0.0","X","S","28","     0.0"," ","S","28","     0.0"," ","S","28","     0.0"," ","S","28","     0.0"," ","S","28","     0.0"," ","S","28","     0.0"," ","S","28","     0.8"," ","S","28","     0.1"," ","S","28","     0.0","X","S","28","     0.0"," ","S","28","     0.0"," ","S","28","     0.0"," ","S","28","     0.0"," ","S","28","     0.0"," ","S","28","     1.3"," ","S","28","     0.9"," ","S","28","    15.8"," ","S","29","     9.0"," ","S","29","     5.0"," ","S","29","     2.1"," ","S","29","     0.4"," ","S","29","     0.0"," ","S","29","     0.0"," ","S","29","     0.0"," ","S","29","    0.04"," ","S","29","    0.11"," ","S","29","    0.31"," ","S","29","    0.30"," ","S","29","    1.33"," ","S","29","     8.9"," ","S","29","     7.3"," ","S","29","     4.4"," ","S","29","     2.6"," ","S","29","     1.9"," ","S","29","     1.3"," ","S","29","     0.3"," ","S","29","     0.0"," ","S","29"," -9999.0","Y"," "," 0"," -9999.0","Y"," "," 0"," -9999.0","Y"," "," 0","     2.1"," ","S","29","    11.0"," ","S","29","    25.1"," ","S","29","    21.7"," ","S","29","    18.8"," ","S","29","    16.2"," ","S","29","    14.4"," ","S","29","     7.2"," ","S","29","     1.4"," ","S","29","     3.0"," ","S","29","     6.0"," ","S","29","    10.0"," ","S","29"
"USC00422592","02-10"," 37.7686","-111.5978","1770.9","ESCALANTE, UT US","02","10","99","    34.4"," ","S","28","    46.5"," ","S","28","    22.3"," ","S","29","    24.3"," ","S","28","     6.6"," ","S","28","     7.8"," ","S","28","     7.3"," ","S","29","     7.2"," ","S","28","    30.6"," ","S","28","     6.4"," ","S","28","    10.8"," ","S","28","    15.6"," ","S","28","    20.6"," ","S","28","    22.6"," ","S","28","    25.6"," ","S","28","     0.0"," ","S","28","     0.8"," ","S","28","     0.1"," ","S","28","     0.0","X","S","28","     0.0"," ","S","28","     0.0"," ","S","28","     0.0"," ","S","28","     0.0"," ","S","28","     0.0"," ","S","28","     0.0"," ","S","28","     0.8"," ","S","28","     0.1"," ","S","28","     0.0","X","S","28","     0.0"," ","S","28","     0.0"," ","S","28","     0.0"," ","S","28","     0.0"," ","S","28","     0.0"," ","S","28","     1.3"," ","S","28","     1.0"," ","S","28","    16.0"," ","S","29","     9.1"," ","S","29","     5.0"," ","S","29","     2.1"," ","S","29","     0.4"," ","S","29","     0.0"," ","S","29","     0.0"," ","S","29","     0.0"," ","S","29","    0.04"," ","S","29","    0.11"," ","S","29","    0.30"," ","S","29","    0.34"," ","S","29","    1.37"," ","S","29","     8.9"," ","S","29","     7.3"," ","S","29","     4.3"," ","S","29","     2.6"," ","S","29","     1.9"," ","S","29","     1.3"," ","S","29","     0.3"," ","S","29","     0.0"," ","S","29"," -9999.0","Y"," "," 0"," -9999.0","Y"," "," 0"," -9999.0","Y"," "," 0","     2.3"," ","S","29","    11.2"," ","S","29","    24.4"," ","S","29","    21.1"," ","S","29","    18.3"," ","S","29","    15.7"," ","S","29","    13.9"," ","S","29","     7.1"," ","S","29","     1.3"," ","S","29","     3.0"," ","S","29","     6.0"," ","S","29","    10.0"," ","S","29"
"USC00422592","02-11"," 37.7686","-111.5978","1770.9","ESCALANTE, UT US","02","11","99","    34.6"," ","S","28","    46.7"," ","S","28","    22.5"," ","S","29","    24.3"," ","S","28","     6.6"," ","S","28","     7.8"," ","S","28","     7.2"," ","S","29","     7.2"," ","S","28","    30.4"," ","S","28","     6.2"," ","S","28","    10.5"," ","S","28","    15.4"," ","S","28","    20.4"," ","S","28","    22.4"," ","S","28","    25.4"," ","S","28","     0.0"," ","S","28","     0.8"," ","S","28","     0.1"," ","S","28","     0.0","X","S","28","     0.0"," ","S","28","     0.0"," ","S","28","     0.0"," ","S","28","     0.0"," ","S","28","     0.0"," ","S","28","     0.0"," ","S","28","     0.8"," ","S","28","     0.1"," ","S","28","     0.0","X","S","28","     0.0"," ","S","28","     0.0"," ","S","28","     0.0"," ","S","28","     0.0"," ","S","28","     0.0"," ","S","28","     1.4"," ","S","28","     1.0"," ","S","28","    16.2"," ","S","29","     9.2"," ","S","29","     5.1"," ","S","29","     2.1"," ","S","29","     0.4"," ","S","29","     0.0"," ","S","29","     0.0"," ","S","29","     0.0"," ","S","29","    0.04"," ","S","29","    0.11"," ","S","29","    0.30"," ","S","29","    0.37"," ","S","29","    1.40"," ","S","29","     8.9"," ","S","29","     7.3"," ","S","29","     4.3"," ","S","29","     2.6"," ","S","29","     1.9"," ","S","29","     1.3"," ","S","29","     0.3"," ","S","29","     0.0"," ","S","29"," -9999.0","Y"," "," 0"," -9999.0","Y"," "," 0"," -9999.0","Y"," "," 0","     2.5"," ","S","29","    11.4"," ","S","29","    23.8"," ","S","29","    20.5"," ","S","29","    17.8"," ","S","29","    15.2"," ","S","29","    13.5"," ","S","29","     6.9"," ","S","29","     1.2"," ","S","29","     3.0"," ","S","29","     6.0"," ","S","29","    10.0"," ","S","29"
"USC00422592","02-12"," 37.7686","-111.5978","1770.9","ESCALANTE, UT US","02","12","99","    34.8"," ","S","28","    47.0"," ","S","28","    22.7"," ","S","29","    24.3"," ","S","28","     6.6"," ","S","28","     7.9"," ","S","28","     7.2"," ","S","29","     7.3"," ","S","28","    30.2"," ","S","28","     6.0"," ","S","28","    10.3"," ","S","28","    15.2"," ","S","28","    20.2"," ","S","28","    22.2"," ","S","28","    25.2"," ","S","28","     0.0"," ","S","28","     0.8"," ","S","28","     0.1"," ","S","28","     0.0","X","S","28","     0.0"," ","S","28","     0.0"," ","S","28","     0.0"," ","S","28","     0.0"," ","S","28","     0.0"," ","S","28","     0.0"," ","S","28","     0.8"," ","S","28","     0.1"," ","S","28","     0.0","X","S","28","     0.0"," ","S","28","     0.0"," ","S","28","     0.0"," ","S","28","     0.0"," ","S","28","     0.0"," ","S","28","     1.4"," ","S","28","     1.0"," ","S","28","    16.3"," ","S","29","     9.3"," ","S","29","     5.1"," ","S","29","     2.1"," ","S","29","     0.4"," ","S","29","     0.0"," ","S","29","     0.0"," ","S","29","     0.0"," ","S","29","    0.04"," ","S","29","    0.11"," ","S","29","    0.30"," ","S","29","    0.40"," ","S","29","    1.43"," ","S","29","     8.9"," ","S","29","     7.3"," ","S","29","     4.3"," ","S","29","     2.6"," ","S","29","     1.9"," ","S","29","     1.2"," ","S","29","     0.3"," ","S","29","     0.0"," ","S","29"," -9999.0","Y"," "," 0"," -9999.0","Y"," "," 0"," -9999.0","Y"," "," 0","     2.7"," ","S","29","    11.6"," ","S","29","    23.1"," ","S","29","    19.9"," ","S","29","    17.3"," ","S","29","    14.8"," ","S","29","    13.1"," ","S","29","     6.8"," ","S","29","     1.2"," ","S","29","     3.0"," ","S","29","     6.0"," ","S","29","    11.0"," ","S","29"
"USC00422592","02-13"," 37.7686","-111.5978","1770.9","ESCALANTE, UT US","02","13","99","    35.1"," ","S","28","    47.3"," ","S","28","    22.9"," ","S","29","    24.4"," ","S","28","     6.6"," ","S","28","     7.9"," ","S","28","     7.2"," ","S","29","     7.3"," ","S","28","    29.9"," ","S","28","     5.8"," ","S","28","    10.1"," ","S","28","    14.9"," ","S","28","    19.9"," ","S","28","    21.9"," ","S","28","    24.9"," ","S","28","     0.0"," ","S","28","     0.9"," ","S","28","     0.1"," ","S","28","     0.0","X","S","28","     0.0"," ","S","28","     0.0"," ","S","28","     0.0"," ","S","28","     0.0"," ","S","28","     0.0"," ","S","28","     0.0"," ","S","28","     0.9"," ","S","28","     0.1"," ","S","28","     0.0","X","S","28","     0.0"," ","S","28","     0.0"," ","S","28","     0.0"," ","S","28","     0.0"," ","S","28","     0.0"," ","S","28","     1.5"," ","S","28","     1.1"," ","S","28","    16.5"," ","S","29","     9.4"," ","S","29","     5.1"," ","S","29","     2.0"," ","S","29","     0.4"," ","S","29","     0.0"," ","S","29","     0.0"," ","S","29","     0.0"," ","S","29","    0.04"," ","S","29","    0.11"," ","S","29","    0.30"," ","S","29","    0.44"," ","S","29","    1.47"," ","S","29","     8.8"," ","S","29","     7.2"," ","S","29","     4.2"," ","S","29","     2.5"," ","S","29","     1.8"," ","S","29","     1.2"," ","S","29","     0.3"," ","S","29","     0.0"," ","S","29"," -9999.0","Y"," "," 0"," -9999.0","Y"," "," 0"," -9999.0","Y"," "," 0","     2.9"," ","S","29","    11.8"," ","S","29","    22.4"," ","S","29","    19.3"," ","S","29","    16.8"," ","S","29","    14.3"," ","S","29","    12.6"," ","S","29","     6.6"," ","S","29","     1.1"," ","S","29","     3.0"," ","S","29","     5.0"," ","S","29","    11.0"," ","S","29"
"USC00422592","02-14"," 37.7686","-111.5978","1770.9","ESCALANTE, UT US","02","14","99","    35.3"," ","S","28","    47.5"," ","S","28","    23.1"," ","S","29","    24.4"," ","S","28","     6.6"," ","S","28","     7.9"," ","S","28","     7.1"," ","S","29","     7.3"," ","S","28","    29.7"," ","S","28","     5.6"," ","S","28","     9.8"," ","S","28","    14.7"," ","S","28","    19.7"," ","S","28","    21.7"," ","S","28","    24.7"," ","S","28","     0.0"," ","S","28","     0.9"," ","S","28","     0.2"," ","S","28","     0.0","X","S","28","     0.0"," ","S","28","     0.0"," ","S","28","     0.0"," ","S","28","     0.0"," ","S","28","     0.0"," ","S","28","     0.0"," ","S","28","     0.9"," ","S","28","     0.2"," ","S","28","     0.0","X","S","28","     0.0"," ","S","28","     0.0"," ","S","28","     0.0"," ","S","28","     0.0"," ","S","28","     0.0"," ","S","28","     1.5"," ","S","28","     1.1"," ","S","28","    16.6"," ","S","29","     9.5"," ","S","29","     5.2"," ","S","29","     2.0"," ","S","29","     0.4"," ","S","29","     0.0"," ","S","29","     0.0"," ","S","29","     0.0"," ","S","29","    0.04"," ","S","29","    0.12"," ","S","29","    0.29"," ","S","29","    0.47"," ","S","29","    1.50"," ","S","29","     8.8"," ","S","29","     7.2"," ","S","29","     4.2"," ","S","29","     2.5"," ","S","29","     1.8"," ","S","29","     1.2"," ","S","29","     0.3"," ","S","29","     0.0"," ","S","29"," -9999.0","Y"," "," 0"," -9999.0","Y"," "," 0"," -9999.0","Y"," "," 0","     3.2"," ","S","29","    12.1"," ","S","29","    21.7"," ","S","29","    18.7"," ","S","29","    16.3"," ","S","29","    13.8"," ","S","29","    12.2"," ","S","29","     6.4"," ","S","29","     1.0"," ","S","29","     3.0"," ","S","29","     5.0"," ","S","29","    11.0"," ","S","29"
"USC00422592","02-15"," 37.7686","-111.5978","1770.9","ESCALANTE, UT US","02","15","99","    35.6"," ","S","28","    47.8"," ","S","28","    23.3"," ","S","29","    24.5"," ","S","28","     6.6"," ","S","28","     8.0"," ","S","28","     7.1"," ","S","29","     7.4"," ","S","28","    29.4"," ","S","28","     5.4"," ","S","28","     9.6"," ","S","28","    14.4"," ","S","28","    19.4"," ","S","28","    21.4"," ","S","28","    24.4"," ","S","28","     0.0"," ","S","28","     1.0"," ","S","28","     0.2"," ","S","28","     0.0","X","S","28","     0.0"," ","S","28","     0.0"," ","S","28","     0.0"," ","S","28","     0.0"," ","S","28","     0.0"," ","S","28","     0.0"," ","S","28","     1.0"," ","S","28","     0.2"," ","S","28","     0.0","X","S","28","     0.0"," ","S","28","     0.0"," ","S","28","     0.0"," ","S","28","     0.0"," ","S","28","     0.0"," ","S","28","     1.6"," ","S","28","     1.2"," ","S","28","    16.7"," ","S","29","     9.5"," ","S","29","     5.2"," ","S","29","     2.0"," ","S","29","     0.4"," ","S","29","     0.0"," ","S","29","     0.0"," ","S","29","     0.0"," ","S","29","    0.04"," ","S","29","    0.12"," ","S","29","    0.29"," ","S","29","    0.50"," ","S","29","    1.53"," ","S","29","     8.7"," ","S","29","     7.1"," ","S","29","     4.2"," ","S","29","     2.5"," ","S","29","     1.8"," ","S","29","     1.2"," ","S","29","     0.3"," ","S","29","     0.0"," ","S","29"," -9999.0","Y"," "," 0"," -9999.0","Y"," "," 0"," -9999.0","Y"," "," 0","     3.4"," ","S","29","    12.3"," ","S","29","    21.1"," ","S","29","    18.1"," ","S","29","    15.8"," ","S","29","    13.4"," ","S","29","    11.8"," ","S","29","     6.3"," ","S","29","     0.9"," ","S","29","     3.0"," ","S","29","     5.0"," ","S","29","    11.0"," ","S","29"
"USC00422592","02-16"," 37.7686","-111.5978","1770.9","ESCALANTE, UT US","02","16","99","    35.8"," ","S","28","    48.1"," ","S","28","    23.6"," ","S","29","    24.5"," ","S","28","     6.5"," ","S","28","     8.0"," ","S","28","     7.0"," ","S","29","     7.4"," ","S","28","    29.2"," ","S","28","     5.2"," ","S","28","     9.4"," ","S","28","    14.2"," ","S","28","    19.2"," ","S","28","    21.2"," ","S","28","    24.2"," ","S","28","     0.0"," ","S","28","     1.0"," ","S","28","     0.2"," ","S","28","     0.0","X","S","28","     0.0"," ","S","28","     0.0"," ","S","28","     0.0"," ","S","28","     0.0"," ","S","28","     0.0"," ","S","28","     0.0"," ","S","28","     1.0"," ","S","28","     0.2"," ","S","28","     0.0","X","S","28","     0.0"," ","S","28","     0.0"," ","S","28","     0.0"," ","S","28","     0.0"," ","S","28","     0.0"," ","S","28","     1.6"," ","S","28","     1.2"," ","S","28","    16.9"," ","S","29","     9.6"," ","S","29","     5.1"," ","S","29","     1.9"," ","S","29","     0.4"," ","S","29","     0.0"," ","S","29","     0.0"," ","S","29","     0.0"," ","S","29","    0.04"," ","S","29","    0.12"," ","S","29","    0.29"," ","S","29","    0.54"," ","S","29","    1.57"," ","S","29","     8.7"," ","S","29","     7.1"," ","S","29","     4.1"," ","S","29","     2.5"," ","S","29","     1.8"," ","S","29","     1.1"," ","S","29","     0.3"," ","S","29","     0.0"," ","S","29"," -9999.0","Y"," "," 0"," -9999.0","Y"," "," 0"," -9999.0","Y"," "," 0","     3.5"," ","S","29","    12.4"," ","S","29","    20.4"," ","S","29","    17.5"," ","S","29","    15.3"," ","S","29","    12.9"," ","S","29","    11.3"," ","S","29","     6.1"," ","S","29","     0.9"," ","S","29","     3.0"," ","S","29","     5.0"," ","S","29","    11.0"," ","S","29"
"USC00422592","02-17"," 37.7686","-111.5978","1770.9","ESCALANTE, UT US","02","17","99","    36.1"," ","S","28","    48.4"," ","S","28","    23.8"," ","S","29","    24.6"," ","S","28","     6.5"," ","S","28","     8.0"," ","S","28","     7.0"," ","S","29","     7.4"," ","S","28","    28.9"," ","S","28","     5.0"," ","S","28","     9.1"," ","S","28","    13.9"," ","S","28","    18.9"," ","S","28","    20.9"," ","S","28","    23.9"," ","S","28","     0.0"," ","S","28","     1.1"," ","S","28","     0.2"," ","S","28","     0.0","X","S","28","     0.0"," ","S","28","     0.0"," ","S","28","     0.0"," ","S","28","     0.0"," ","S","28","     0.0"," ","S","28","     0.0"," ","S","28","     1.1"," ","S","28","     0.2"," ","S","28","     0.0","X","S","28","     0.0"," ","S","28","     0.0"," ","S","28","     0.0"," ","S","28","     0.0"," ","S","28","     0.0"," ","S","28","     1.7"," ","S","28","     1.3"," ","S","28","    17.0"," ","S","29","     9.6"," ","S","29","     5.1"," ","S","29","     1.9"," ","S","29","     0.4"," ","S","29","     0.0"," ","S","29","     0.0"," ","S","29","     0.0"," ","S","29","    0.04"," ","S","29","    0.12"," ","S","29","    0.29"," ","S","29","    0.57"," ","S","29","    1.60"," ","S","29","     8.6"," ","S","29","     7.0"," ","S","29","     4.1"," ","S","29","     2.5"," ","S","29","     1.8"," ","S","29","     1.1"," ","S","29","     0.3"," ","S","29","     0.0"," ","S","29"," -9999.0","Y"," "," 0"," -9999.0","Y"," "," 0"," -9999.0","Y"," "," 0","     3.7"," ","S","29","    12.6"," ","S","29","    19.7"," ","S","29","    16.9"," ","S","29","    14.8"," ","S","29","    12.4"," ","S","29","    10.9"," ","S","29","     5.9"," ","S","29","     0.8"," ","S","29","     3.0"," ","S","29","     5.0"," ","S","29","    11.0"," ","S","29"
"USC00422592","02-18"," 37.7686","-111.5978","1770.9","ESCALANTE, UT US","02","18","99","    36.4"," ","S","28","    48.7"," ","S","28","    24.0"," ","S","29","    24.7"," ","S","28","     6.5"," ","S","28","     8.0"," ","S","28","     6.9"," ","S","29","     7.4"," ","S","28","    28.6"," ","S","28","     4.8"," ","S","28","     8.9"," ","S","28","    13.7"," ","S","28","    18.6"," ","S","28","    20.6"," ","S","28","    23.6"," ","S","28","     0.0"," ","S","28","     1.1"," ","S","28","     0.2"," ","S","28","     0.0","X","S","28","     0.0"," ","S","28","     0.0"," ","S","28","     0.0"," ","S","28","     0.0"," ","S","28","     0.0"," ","S","28","     0.0"," ","S","28","     1.1"," ","S","28","     0.2"," ","S","28","     0.0","X","S","28","     0.0"," ","S","28","     0.0"," ","S","28","     0.0"," ","S","28","     0.0"," ","S","28","     0.0"," ","S","28","     1.8"," ","S","28","     1.3"," ","S","28","    17.0"," ","S","29","     9.6"," ","S","29","     5.1"," ","S","29","     1.9"," ","S","29","     0.4"," ","S","29","     0.0"," ","S","29","     0.0"," ","S","29","     0.0"," ","S","29","    0.04"," ","S","29","    0.12"," ","S","29","    0.28"," ","S","29","    0.60"," ","S","29","    1.63"," ","S","29","     8.5"," ","S","29","     6.9"," ","S","29","     4.0"," ","S","29","     2.5"," ","S","29","     1.7"," ","S","29","     1.1"," ","S","29","     0.3"," ","S","29","     0.0"," ","S","29"," -9999.0","Y"," "," 0"," -9999.0","Y"," "," 0"," -9999.0","Y"," "," 0","     3.9"," ","S","29","    12.8"," ","S","29","    19.1"," ","S","29","    16.3"," ","S","29","    14.3"," ","S","29","    12.0"," ","S","29","    10.5"," ","S","29","     5.7"," ","S","29","     0.7"," ","S","29","     3.0"," ","S","29","     5.0"," ","S","29","    11.0"," ","S","29"
"USC00422592","02-19"," 37.7686","-111.5978","1770.9","ESCALANTE, UT US","02","19","99","    36.6"," ","S","28","    49.0"," ","S","28","    24.2"," ","S","29","    24.8"," ","S","28","     6.4"," ","S","28","     7.9"," ","S","28","     6.9"," ","S","29","     7.5"," ","S","28","    28.4"," ","S","28","     4.6"," ","S","28","     8.6"," ","S","28","    13.4"," ","S","28","    18.4"," ","S","28","    20.4"," ","S","28","    23.4"," ","S","28","     0.0"," ","S","28","     1.2"," ","S","28","     0.2"," ","S","28","     0.0","X","S","28","     0.0"," ","S","28","     0.0"," ","S","28","     0.0"," ","S","28","     0.0"," ","S","28","     0.0"," ","S","28","     0.0"," ","S","28","     1.2"," ","S","28","     0.2"," ","S","28","     0.0","X","S","28","     0.0"," ","S","28","     0.0"," ","S","28","     0.0"," ","S","28","     0.0"," ","S","28","     0.0"," ","S","28","     1.9"," ","S","28","     1.4"," ","S","28","    17.1"," ","S","29","     9.6"," ","S","29","     5.1"," ","S","29","     1.8"," ","S","29","     0.3"," ","S","29","     0.0"," ","S","29","     0.0"," ","S","29","     0.0"," ","S","29","    0.04"," ","S","29","    0.12"," ","S","29","    0.28"," ","S","29","    0.64"," ","S","29","    1.67"," ","S","29","     8.4"," ","S","29","     6.8"," ","S","29","     4.0"," ","S","29","     2.4"," ","S","29","     1.7"," ","S","29","     1.0"," ","S","29","     0.3"," ","S","29","     0.0"," ","S","29"," -9999.0","Y"," "," 0"," -9999.0","Y"," "," 0"," -9999.0","Y"," "," 0","     4.1"," ","S","29","    13.0"," ","S","29","    18.4"," ","S","29","    15.7"," ","S","29","    13.9"," ","S","29","    11.5"," ","S","29","    10.0"," ","S","29","     5.6"," ","S","29","     0.7"," ","S","29","     3.0"," ","S","29","     5.0"," ","S","29","    11.0"," ","S","29"
"USC00422592","02-20"," 37.7686","-111.5978","1770.9","ESCALANTE, UT US","02","20","99","    36.9"," ","S","28","    49.4"," ","S","28","    24.5"," ","S","29","    24.9"," ","S","28","     6.4"," ","S","28","     7.9"," ","S","28","     6.8"," ","S","29","     7.5"," ","S","28","    28.1"," ","S","28","     4.4"," ","S","28","     8.3"," ","S","28","    13.1"," ","S","28","    18.1"," ","S","28","    20.1"," ","S","28","    23.1"," ","S","28","     0.0"," ","S","28","     1.3"," ","S","28","     0.3"," ","S","28","     0.0","X","S","28","     0.0"," ","S","28","     0.0"," ","S","28","     0.0"," ","S","28","     0.0"," ","S","28","     0.0"," ","S","28","     0.0"," ","S","28","     1.3"," ","S","28","     0.3"," ","S","28","     0.0","X","S","28","     0.0"," ","S","28","     0.0"," ","S","28","     0.0"," ","S","28","     0.0"," ","S","28","     0.0"," ","S","28","     2.0"," ","S","28","     1.5"," ","S","28","    17.2"," ","S","29","     9.7"," ","S","29","     5.1"," ","S","29","     1.8"," ","S","29","     0.3"," ","S","29","     0.0"," ","S","29","     0.0"," ","S","29","     0.0"," ","S","29","    0.04"," ","S","29","    0.12"," ","S","29","    0.28"," ","S","29","    0.67"," ","S","29","    1.70"," ","S","29","     8.3"," ","S","29","     6.7"," ","S","29","     3.9"," ","S","29","     2.4"," ","S","29","     1.7"," ","S","29","     1.0"," ","S","29","     0.3"," ","S","29","     0.0"," ","S","29"," -9999.0","Y"," "," 0"," -9999.0","Y"," "," 0"," -9999.0","Y"," "," 0","     4.3"," ","S","29","    13.2"," ","S","29","    17.8"," ","S","29","    15.2"," ","S","29","    13.4"," ","S","29","    11.1"," ","S","29","     9.6"," ","S","29","     5.4"," ","S","29","     0.6"," ","S","29","     3.0"," ","S","29","     5.0"," ","S","29","    11.0"," ","S","29"
"USC00422592","02-21"," 37.7686","-111.5978","1770.9","ESCALANTE, UT US","02","21","99","    37.2"," ","S","28","    49.7"," ","S","28","    24.7"," ","S","29","    25.0"," ","S","28","     6.3"," ","S","28","     7.9"," ","S","28","     6.7"," ","S","29","     7.5"," ","S","28","    27.8"," ","S","28","     4.2"," ","S","28","     8.1"," ","S","28","    12.8"," ","S","28","    17.8"," ","S","28","    19.8"," ","S","28","    22.8"," ","S","28","     0.0"," ","S","28","     1.4"," ","S","28","     0.3"," ","S","28","     0.0","X","S","28","     0.0"," ","S","28","     0.0"," ","S","28","     0.0"," ","S","28","     0.0"," ","S","28","     0.0"," ","S","28","     0.0"," ","S","28","     1.4"," ","S","28","     0.3"," ","S","28","     0.0","X","S","28","     0.0"," ","S","28","     0.0"," ","S","28","     0.0"," ","S","28","     0.0"," ","S","28","     0.0"," ","S","28","     2.1"," ","S","28","     1.6"," ","S","28","    17.2"," ","S","29","     9.7"," ","S","29","     5.0"," ","S","29","     1.7"," ","S","29","     0.3"," ","S","29","     0.0"," ","S","29","     0.0"," ","S","29","     0.0"," ","S","29","    0.03"," ","S","29","    0.11"," ","S","29","    0.27"," ","S","29","    0.70"," ","S","29","    1.73"," ","S","29","     8.1"," ","S","29","     6.7"," ","S","29","     3.9"," ","S","29","     2.4"," ","S","29","     1.7"," ","S","29","     1.0"," ","S","29","     0.3"," ","S","29","     0.0"," ","S","29"," -9999.0","Y"," "," 0"," -9999.0","Y"," "," 0"," -9999.0","Y"," "," 0","     4.5"," ","S","29","    13.4"," ","S","29","    17.1"," ","S","29","    14.6"," ","S","29","    12.9"," ","S","29","    10.6"," ","S","29","     9.2"," ","S","29","     5.1"," ","S","29","     0.5"," ","S","29","     3.0"," ","S","29","     5.0"," ","S","29","    11.0"," ","S","29"
"USC00422592","02-22"," 37.7686","-111.5978","1770.9","ESCALANTE, UT US","02","22","99","    37.5"," ","S","28","    50.1"," ","S","28","    24.9"," ","S","29","    25.1"," ","S","28","     6.3"," ","S","28","     7.9"," ","S","28","     6.7"," ","S","29","     7.5"," ","S","28","    27.5"," ","S","28","     3.9"," ","S","28","     7.8"," ","S","28","    12.5"," ","S","28","    17.5"," ","S","28","    19.5"," ","S","28","    22.5"," ","S","28","     0.0"," ","S","28","     1.4"," ","S","28","     0.3"," ","S","28","     0.0","X","S","28","     0.0"," ","S","28","     0.0"," ","S","28","     0.0"," ","S","28","     0.0"," ","S","28","     0.0"," ","S","28","     0.0"," ","S","28","     1.4"," ","S","28","     0.3"," ","S","28","     0.0","X","S","28","     0.0"," ","S","28","     0.0"," ","S","28","     0.0"," ","S","28","     0.0"," ","S","28","     0.0"," ","S","28","     2.2"," ","S","28","     1.7"," ","S","28","    17.2"," ","S","29","     9.7"," ","S","29","     5.0"," ","S","29","     1.7"," ","S","29","     0.3"," ","S","29","     0.0"," ","S","29","     0.0"," ","S","29","     0.0"," ","S","29","    0.03"," ","S","29","    0.11"," ","S","29","    0.27"," ","S","29","    0.74"," ","S","29","    1.77"," ","S","29","     8.0"," ","S","29","     6.6"," ","S","29","     3.8"," ","S","29","     2.4"," ","S","29","     1.6"," ","S","29","     1.0"," ","S","29","     0.3"," ","S","29","     0.0"," ","S","29"," -9999.0","Y"," "," 0"," -9999.0","Y"," "," 0"," -9999.0","Y"," "," 0","     4.7"," ","S","29","    13.6"," ","S","29","    16.5"," ","S","29","    14.0"," ","S","29","    12.4"," ","S","29","    10.1"," ","S","29","     8.8"," ","S","29","     4.9"," ","S","29","     0.5"," ","S","29","     3.0"," ","S","29","     5.0"," ","S","29","    11.0"," ","S","29"
"USC00422592","02-23"," 37.7686","-111.5978","1770.9","ESCALANTE, UT US","02","23","99","    37.8"," ","S","28","    50.4"," ","S","28","    25.2"," ","S","29","    25.3"," ","S","28","     6.3"," ","S","28","     7.9"," ","S","28","     6.6"," ","S","29","     7.5"," ","S","28","    27.2"," ","S","28","     3.7"," ","S","28","     7.5"," ","S","28","    12.2"," ","S","28","    17.2"," ","S","28","    19.2"," ","S","28","    22.2"," ","S","28","     0.0"," ","S","28","     1.5"," ","S","28","     0.3"," ","S","28","     0.0","X","S","28","     0.0"," ","S","28","     0.0"," ","S","28","     0.0"," ","S","28","     0.0"," ","S","28","     0.0"," ","S","28","     0.0"," ","S","28","     1.5"," ","S","28","     0.3"," ","S","28","     0.0","X","S","28","     0.0"," ","S","28","     0.0"," ","S","28","     0.0"," ","S","28","     0.0"," ","S","28","     0.0"," ","S","28","     2.3"," ","S","28","     1.8"," ","S","28","    17.2"," ","S","29","     9.6"," ","S","29","     5.0"," ","S","29","     1.7"," ","S","29","     0.3"," ","S","29","     0.0"," ","S","29","     0.0"," ","S","29","     0.0"," ","S","29","    0.03"," ","S","29","    0.11"," ","S","29","    0.27"," ","S","29","    0.77"," ","S","29","    1.80"," ","S","29","     7.9"," ","S","29","     6.5"," ","S","29","     3.8"," ","S","29","     2.3"," ","S","29","     1.6"," ","S","29","     0.9"," ","S","29","     0.3"," ","S","29","     0.0"," ","S","29"," -9999.0","Y"," "," 0"," -9999.0","Y"," "," 0"," -9999.0","Y"," "," 0","     4.9"," ","S","29","    13.8"," ","S","29","    15.9"," ","S","29","    13.5"," ","S","29","    11.9"," ","S","29","     9.7"," ","S","29","     8.4"," ","S","29","     4.7"," ","S","29","     0.4"," ","S","29","     3.0"," ","S","29","     5.0"," ","S","29","    11.0"," ","S","29"
"USC00422592","02-24"," 37.7686","-111.5978","1770.9","ESCALANTE, UT US","02","24","99","    38.1"," ","S","28","    50.8"," ","S","28","    25.4"," ","S","29","    25.4"," ","S","28","     6.2"," ","S","28","     7.9"," ","S","28","     6.6"," ","S","29","     7.5"," ","S","28","    26.9"," ","S","28","     3.5"," ","S","28","     7.3"," ","S","28","    11.9"," ","S","28","    16.9"," ","S","28","    18.9"," ","S","28","    21.9"," ","S","28","     0.0"," ","S","28","     1.6"," ","S","28","     0.4"," ","S","28","     0.0","X","S","28","     0.0"," ","S","28","     0.0"," ","S","28","     0.0"," ","S","28","     0.0"," ","S","28","     0.0"," ","S","28","     0.0"," ","S","28","     1.6"," ","S","28","     0.4"," ","S","28","     0.0","X","S","28","     0.0"," ","S","28","     0.0"," ","S","28","     0.0"," ","S","28","     0.0"," ","S","28","     0.0"," ","S","28","     2.4"," ","S","28","     1.8"," ","S","28","    17.1"," ","S","29","     9.6"," ","S","29","     4.9"," ","S","29","     1.6"," ","S","29","     0.3"," ","S","29","     0.0"," ","S","29","     0.0"," ","S","29","     0.0"," ","S","29","    0.03"," ","S","29","    0.11"," ","S","29","    0.27"," ","S","29","    0.80"," ","S","29","    1.83"," ","S","29","     7.8"," ","S","29","     6.4"," ","S","29","     3.7"," ","S","29","     2.3"," ","S","29","     1.6"," ","S","29","     0.9"," ","S","29","     0.2"," ","S","29","     0.0"," ","S","29"," -9999.0","Y"," "," 0"," -9999.0","Y"," "," 0"," -9999.0","Y"," "," 0","     5.1"," ","S","29","    14.0"," ","S","29","    15.3"," ","S","29","    12.9"," ","S","29","    11.4"," ","S","29","     9.2"," ","S","29","     8.0"," ","S","29","     4.4"," ","S","29","     0.3"," ","S","29","     2.0"," ","S","29","     5.0"," ","S","29","    11.0"," ","S","29"
"USC00422592","02-25"," 37.7686","-111.5978","1770.9","ESCALANTE, UT US","02","25","99","    38.4"," ","S","28","    51.1"," ","S","28","    25.6"," ","S","29","    25.5"," ","S","28","     6.2"," ","S","28","     7.9"," ","S","28","     6.5"," ","S","29","     7.5"," ","S","28","    26.6"," ","S","28","     3.4"," ","S","28","     7.0"," ","S","28","    11.6"," ","S","28","    16.6"," ","S","28","    18.6"," ","S","28","    21.6"," ","S","28","     0.0"," ","S","28","     1.7"," ","S","28","     0.4"," ","S","28","     0.0","X","S","28","     0.0"," ","S","28","     0.0"," ","S","28","     0.0"," ","S","28","     0.0"," ","S","28","     0.0"," ","S","28","     0.0"," ","S","28","     1.7"," ","S","28","     0.4"," ","S","28","     0.0","X","S","28","     0.0"," ","S","28","     0.0"," ","S","28","     0.0"," ","S","28","     0.0"," ","S","28","     0.0"," ","S","28","     2.5"," ","S","28","     1.9"," ","S","28","    17.1"," ","S","29","     9.5"," ","S","29","     4.9"," ","S","29","     1.6"," ","S","29","     0.3"," ","S","29","     0.0"," ","S","29","     0.0"," ","S","29","     0.0"," ","S","29","    0.03"," ","S","29","    0.11"," ","S","29","    0.26"," ","S","29","    0.84"," ","S","29","    1.87"," ","S","29","     7.6"," ","S","29","     6.3"," ","S","29","     3.6"," ","S","29","     2.3"," ","S","29","     1.5"," ","S","29","     0.9"," ","S","29","     0.2"," ","S","29","     0.0"," ","S","29"," -9999.0","Y"," "," 0"," -9999.0","Y"," "," 0"," -9999.0","Y"," "," 0","     5.3"," ","S","29","    14.2"," ","S","29","    14.8"," ","S","29","    12.4"," ","S","29","    10.8"," ","S","29","     8.8"," ","S","29","     7.6"," ","S","29","     4.1"," ","S","29","     0.3"," ","S","29","     2.0"," ","S","29","     5.0"," ","S","29","    11.0"," ","S","29"
"USC00422592","02-26"," 37.7686","-111.5978","1770.9","ESCALANTE, UT US","02","26","99","    38.7"," ","S","28","    51.5"," ","S","28","    25.8"," ","S","29","    25.7"," ","S","28","     6.2"," ","S","28","     7.9"," ","S","28","     6.5"," ","S","29","     7.5"," ","S","28","    26.3"," ","S","28","     3.2"," ","S","28","     6.7"," ","S","28","    11.3"," ","S","28","    16.3"," ","S","28","    18.3"," ","S","28","    21.3"," ","S","28","     0.0"," ","S","28","     1.9"," ","S","28","     0.4"," ","S","28","     0.0","X","S","28","     0.0"," ","S","28","     0.0"," ","S","28","     0.0"," ","S","28","     0.0"," ","S","28","     0.0"," ","S","28","     0.0"," ","S","28","     1.9"," ","S","28","     0.4"," ","S","28","     0.0","X","S","28","     0.0"," ","S","28","     0.0"," ","S","28","     0.0"," ","S","28","     0.0"," ","S","28","     0.0"," ","S","28","     2.6"," ","S","28","     2.0"," ","S","28","    17.0"," ","S","29","     9.5"," ","S","29","     4.8"," ","S","29","     1.5"," ","S","29","     0.3"," ","S","29","     0.0"," ","S","29","     0.0"," ","S","29","     0.0"," ","S","29","    0.03"," ","S","29","    0.11"," ","S","29","    0.26"," ","S","29","    0.87"," ","S","29","    1.90"," ","S","29","     7.5"," ","S","29","     6.2"," ","S","29","     3.6"," ","S","29","     2.2"," ","S","29","     1.5"," ","S","29","     0.9"," ","S","29","     0.2"," ","S","29","     0.0"," ","S","29"," -9999.0","Y"," "," 0"," -9999.0","Y"," "," 0"," -9999.0","Y"," "," 0","     5.4"," ","S","29","    14.3"," ","S","29","    14.2"," ","S","29","    11.8"," ","S","29","    10.3"," ","S","29","     8.3"," ","S","29","     7.1"," ","S","29","     3.9"," ","S","29","     0.2"," ","S","29","     2.0"," ","S","29","     5.0"," ","S","29","    10.0"," ","S","29"
"USC00422592","02-27"," 37.7686","-111.5978","1770.9","ESCALANTE, UT US","02","27","99","    39.0"," ","S","28","    51.9"," ","S","28","    26.1"," ","S","29","    25.8"," ","S","28","     6.2"," ","S","28","     7.9"," ","S","28","     6.5"," ","S","29","     7.6"," ","S","28","    26.0"," ","S","28","     3.0"," ","S","28","     6.5"," ","S","28","    11.0"," ","S","28","    16.0"," ","S","28","    18.0"," ","S","28","    21.0"," ","S","28","     0.0"," ","S","28","     2.0"," ","S","28","     0.5"," ","S","28","     0.0","X","S","28","     0.0"," ","S","28","     0.0"," ","S","28","     0.0"," ","S","28","     0.0"," ","S","28","     0.0"," ","S","28","     0.0"," ","S","28","     2.0"," ","S","28","     0.5"," ","S","28","     0.0","X","S","28","     0.0"," ","S","28","     0.0"," ","S","28","     0.0"," ","S","28","     0.0"," ","S","28","     0.0"," ","S","28","     2.8"," ","S","28","     2.1"," ","S","28","    16.9"," ","S","29","     9.4"," ","S","29","     4.8"," ","S","29","     1.5"," ","S","29","     0.2"," ","S","29","     0.0"," ","S","29","     0.0"," ","S","29","     0.0"," ","S","29","    0.03"," ","S","29","    0.11"," ","S","29","    0.26"," ","S","29","    0.91"," ","S","29","    1.94"," ","S","29","     7.4"," ","S","29","     6.1"," ","S","29","     3.5"," ","S","29","     2.2"," ","S","29","     1.5"," ","S","29","     0.9"," ","S","29","     0.2"," ","S","29","     0.0"," ","S","29"," -9999.0","Y"," "," 0"," -9999.0","Y"," "," 0"," -9999.0","Y"," "," 0","     5.6"," ","S","29","    14.5"," ","S","29","    13.6"," ","S","29","    11.3"," ","S","29","     9.9"," ","S","29","     7.9"," ","S","29","     6.7"," ","S","29","     3.6"," ","S","29","     0.2"," ","S","29","     2.0"," ","S","29","     5.0"," ","S","29","    10.0"," ","S","29"
"USC00422592","02-28"," 37.7686","-111.5978","1770.9","ESCALANTE, UT US","02","28","99","    39.3"," ","S","28","    52.3"," ","S","28","    26.3"," ","S","29","    26.0"," ","S","28","     6.2"," ","S","28","     8.0"," ","S","28","     6.4"," ","S","29","     7.6"," ","S","28","    25.7"," ","S","28","     2.8"," ","S","28","     6.2"," ","S","28","    10.7"," ","S","28","    15.7"," ","S","28","    17.7"," ","S","28","    20.7"," ","S","28","     0.0"," ","S","28","     2.1"," ","S","28","     0.5"," ","S","28","     0.0","X","S","28","     0.0"," ","S","28","     0.0"," ","S","28","     0.0"," ","S","28","     0.0"," ","S","28","     0.0"," ","S","28","     0.0"," ","S","28","     2.1"," ","S","28","     0.5"," ","S","28","     0.0","X","S","28","     0.0"," ","S","28","     0.0"," ","S","28","     0.0"," ","S","28","     0.0"," ","S","28","     0.0"," ","S","28","     2.9"," ","S","28","     2.3"," ","S","28","    16.9"," ","S","29","     9.3"," ","S","29","     4.7"," ","S","29","     1.5"," ","S","29","     0.2"," ","S","29","     0.0"," ","S","29","     0.0"," ","S","29","     0.0"," ","S","29","    0.03"," ","S","29","    0.11"," ","S","29","    0.26"," ","S","29","    0.94"," ","S","29","    1.97"," ","S","29","     7.2"," ","S","29","     6.0"," ","S","29","     3.5"," ","S","29","     2.2"," ","S","29","     1.4"," ","S","29","     0.9"," ","S","29","     0.2"," ","S","29","     0.0"," ","S","29"," -9999.0","Y"," "," 0"," -9999.0","Y"," "," 0"," -9999.0","Y"," "," 0","     5.8"," ","S","29","    14.7"," ","S","29","    13.1"," ","S","29","    10.8"," ","S","29","     9.4"," ","S","29","     7.4"," ","S","29","     6.3"," ","S","29","     3.4"," ","S","29","     0.2"," ","S","29","     2.0"," ","S","29","     5.0"," ","S","29","    10.0"," ","S","29"
"USC00422592","02-29"," 37.7686","-111.5978","1770.9","ESCALANTE, UT US","02","29","99","    39.4"," ","S","28","    52.5"," ","S","28","    26.4"," ","S","29","    26.1"," ","S","28","     6.2"," ","S","28","     8.0"," ","S","28","     6.4"," ","S","29","     7.6"," ","S","28","    25.6"," ","S","28","     2.7"," ","S","28","     6.0"," ","S","28","    10.6"," ","S","28","    15.6"," ","S","28","    17.6"," ","S","28","    20.6"," ","S","28","     0.0"," ","S","28","     2.1"," ","S","28","     0.5"," ","S","28","     0.0","X","S","28","     0.0"," ","S","28","     0.0"," ","S","28","     0.0"," ","S","28","     0.0"," ","S","28","     0.0"," ","S","28","     0.0"," ","S","28","     2.1"," ","S","28","     0.5"," ","S","28","     0.0","X","S","28","     0.0"," ","S","28","     0.0"," ","S","28","     0.0"," ","S","28","     0.0"," ","S","28","     0.0"," ","S","28","     3.0"," ","S","28","     2.3"," ","S","28","    16.7"," ","S","29","     9.3"," ","S","29","     4.7"," ","S","29","     1.5"," ","S","29","     0.2"," ","S","29","     0.0"," ","S","29","     0.0"," ","S","29","     0.0"," ","S","29","    0.03"," ","S","29","    0.11"," ","S","29","    0.26"," ","S","29","-9999.00","M"," "," 0","-9999.00","M"," "," 0","     7.0"," ","S","29","     5.8"," ","S","29","     3.4"," ","S","29","     2.1"," ","S","29","     1.4"," ","S","29","     0.8"," ","S","29","     0.2"," ","S","29","     0.0"," ","S","29"," -9999.0","Y"," "," 0"," -9999.0","Y"," "," 0"," -9999.0","Y"," "," 0"," -9999.0","M"," "," 0"," -9999.0","M"," "," 0","    12.5"," ","S","29","    10.2"," ","S","29","     8.9"," ","S","29","     7.0"," ","S","29","     6.0"," ","S","29","     3.1"," ","S","29","     0.1"," ","S","29","     2.0"," ","S","29","     5.0"," ","S","29","    10.0"," ","S","29"
"USC00422592","03-01"," 37.7686","-111.5978","1770.9","ESCALANTE, UT US","03","01","99","    39.6"," ","S","29","    52.7"," ","S","29","    26.5"," ","S","30","    26.2"," ","S","29","     6.2"," ","S","29","     8.0"," ","S","29","     6.4"," ","S","30","     7.6"," ","S","29","    25.4"," ","S","29","     2.6"," ","S","29","     5.9"," ","S","29","    10.4"," ","S","29","    15.4"," ","S","29","    17.4"," ","S","29","    20.4"," ","S","29","     0.0"," ","S","29","     2.2"," ","S","29","     0.5"," ","S","29","     0.0","X","S","29","     0.0"," ","S","29","     0.0"," ","S","29","     0.0"," ","S","29","     0.0"," ","S","29","     0.0"," ","S","29","     0.0"," ","S","29","     2.2"," ","S","29","     0.5"," ","S","29","     0.0","X","S","29","     0.0"," ","S","29","     0.0"," ","S","29","     0.0"," ","S","29","     0.0"," ","S","29","     0.0"," ","S","29","     3.0"," ","S","29","     2.4"," ","S","29","    16.6"," ","S","29","     9.2"," ","S","29","     4.6"," ","S","29","     1.5"," ","S","29","     0.2"," ","S","29","     0.0"," ","S","29","     0.0"," ","S","29","     0.0"," ","S","29","    0.03"," ","S","29","    0.11"," ","S","29","    0.26"," ","S","29","    0.03"," ","S","30","    2.00"," ","S","30","     6.8"," ","S","29","     5.7"," ","S","29","     3.3"," ","S","29","     2.1"," ","S","29","     1.4"," ","S","29","     0.8"," ","S","29","     0.2"," ","S","29","     0.0"," ","S","29"," -9999.0","Y"," "," 0"," -9999.0","Y"," "," 0"," -9999.0","Y"," "," 0","     0.1"," ","S","30","    14.8"," ","S","30","    11.9"," ","S","29","     9.7"," ","S","29","     8.4"," ","S","29","     6.6"," ","S","29","     5.6"," ","S","29"," -9999.0","Z"," "," 0","     0.0"," ","S","29","     2.0"," ","S","29","     4.0"," ","S","29","    10.0"," ","S","29"
"USC00422592","03-02"," 37.7686","-111.5978","1770.9","ESCALANTE, UT US","03","02","99","    39.9"," ","S","29","    53.1"," ","S","29","    26.7"," ","S","30","    26.3"," ","S","29","     6.2"," ","S","29","     8.0"," ","S","29","     6.3"," ","S","30","     7.6"," ","S","29","    25.1"," ","S","29","     2.4"," ","S","29","     5.6"," ","S","29","    10.1"," ","S","29","    15.1"," ","S","29","    17.1"," ","S","29","    20.1"," ","S","29","     0.0"," ","S","29","     2.3"," ","S","29","     0.5"," ","S","29","     0.0","X","S","29","     0.0"," ","S","29","     0.0"," ","S","29","     0.0"," ","S","29","     0.0"," ","S","29","     0.0"," ","S","29","     0.0"," ","S","29","     2.3"," ","S","29","     0.5"," ","S","29","     0.0","X","S","29","     0.0"," ","S","29","     0.0"," ","S","29","     0.0"," ","S","29","     0.0"," ","S","29","     0.0"," ","S","29","     3.2"," ","S","29","     2.5"," ","S","29","    16.4"," ","S","29","     9.1"," ","S","29","     4.5"," ","S","29","     1.4"," ","S","29","     0.2"," ","S","29","     0.0"," ","S","29","     0.0"," ","S","29","     0.0"," ","S","29","    0.03"," ","S","29","    0.11"," ","S","29","    0.26"," ","S","29","    0.06"," ","S","30","    2.03"," ","S","30","     6.6"," ","S","29","     5.5"," ","S","29","     3.2"," ","S","29","     2.0"," ","S","29","     1.3"," ","S","29","     0.8"," ","S","29","     0.2"," ","S","29","     0.0"," ","S","29"," -9999.0","Y"," "," 0"," -9999.0","Y"," "," 0"," -9999.0","Y"," "," 0","     0.2"," ","S","30","    14.9"," ","S","30","    11.3"," ","S","29","     9.2"," ","S","29","     7.9"," ","S","29","     6.2"," ","S","29","     5.2"," ","S","29"," -9999.0","Z"," "," 0","     0.0"," ","S","29","     2.0"," ","S","29","     4.0"," ","S","29","    10.0"," ","S","29"
"USC00422592","03-03"," 37.7686","-111.5978","1770.9","ESCALANTE, UT US","03","03","99","    40.2"," ","S","29","    53.5"," ","S","29","    26.9"," ","S","30","    26.5"," ","S","29","     6.2"," ","S","29","     8.0"," ","S","29","     6.3"," ","S","30","     7.6"," ","S","29","    24.8"," ","S","29","     2.2"," ","S","29","     5.4"," ","S","29","     9.8"," ","S","29","    14.8"," ","S","29","    16.8"," ","S","29","    19.8"," ","S","29","     0.0"," ","S","29","     2.4"," ","S","29","     0.6"," ","S","29","     0.0","X","S","29","     0.0"," ","S","29","     0.0"," ","S","29","     0.0"," ","S","29","     0.0"," ","S","29","     0.0"," ","S","29","     0.0"," ","S","29","     2.4"," ","S","29","     0.6"," ","S","29","     0.0","X","S","29","     0.0"," ","S","29","     0.0"," ","S","29","     0.0"," ","S","29","     0.0"," ","S","29","     0.0"," ","S","29","     3.3"," ","S","29","     2.6"," ","S","29","    16.2"," ","S","29","     9.0"," ","S","29","     4.5"," ","S","29","     1.4"," ","S","29","     0.2"," ","S","29","     0.0"," ","S","29","     0.0"," ","S","29","     0.0"," ","S","29","    0.03"," ","S","29","    0.11"," ","S","29","    0.26"," ","S","29","    0.09"," ","S","30","    2.06"," ","S","30","     6.4"," ","S","29","     5.4"," ","S","29","     3.1"," ","S","29","     2.0"," ","S","29","     1.3"," ","S","29","     0.8"," ","S","29","     0.2"," ","S","29","     0.0"," ","S","29"," -9999.0","Y"," "," 0"," -9999.0","Y"," "," 0"," -9999.0","Y"," "," 0","     0.4"," ","S","30","    15.1"," ","S","30","    10.7"," ","S","29","     8.7"," ","S","29","     7.5"," ","S","29","     5.8"," ","S","29","     4.9"," ","S","29"," -9999.0","Z"," "," 0","     0.0"," ","S","29","     2.0"," ","S","29","     4.0"," ","S","29","    10.0"," ","S","29"
"USC00422592","03-04"," 37.7686","-111.5978","1770.9","ESCALANTE, UT US","03","04","99","    40.5"," ","S","29","    53.9"," ","S","29","    27.2"," ","S","30","    26.7"," ","S","29","     6.2"," ","S","29","     8.1"," ","S","29","     6.2"," ","S","30","     7.6"," ","S","29","    24.5"," ","S","29","     2.1"," ","S","29","     5.1"," ","S","29","     9.5"," ","S","29","    14.5"," ","S","29","    16.5"," ","S","29","    19.5"," ","S","29","     0.0"," ","S","29","     2.6"," ","S","29","     0.6"," ","S","29","     0.1"," ","S","29","     0.0"," ","S","29","     0.0"," ","S","29","     0.0"," ","S","29","     0.0"," ","S","29","     0.0"," ","S","29","     0.0"," ","S","29","     2.6"," ","S","29","     0.6"," ","S","29","     0.1"," ","S","29","     0.0"," ","S","29","     0.0"," ","S","29","     0.0"," ","S","29","     0.0"," ","S","29","     0.0"," ","S","29","     3.5"," ","S","29","     2.7"," ","S","29","    16.1"," ","S","29","     8.9"," ","S","29","     4.4"," ","S","29","     1.4"," ","S","29","     0.2"," ","S","29","     0.0"," ","S","29","     0.0"," ","S","29","     0.0"," ","S","29","    0.03"," ","S","29","    0.11"," ","S","29","    0.26"," ","S","29","    0.12"," ","S","30","    2.09"," ","S","30","     6.2"," ","S","29","     5.2"," ","S","29","     3.0"," ","S","29","     1.9"," ","S","29","     1.2"," ","S","29","     0.7"," ","S","29","     0.2"," ","S","29","     0.0"," ","S","29"," -9999.0","Y"," "," 0"," -9999.0","Y"," "," 0"," -9999.0","Y"," "," 0","     0.5"," ","S","30","    15.2"," ","S","30","    10.2"," ","S","29","     8.2"," ","S","29","     7.0"," ","S","29","     5.4"," ","S","29","     4.5"," ","S","29"," -9999.0","Z"," "," 0","     0.0"," ","S","29","     2.0"," ","S","29","     4.0"," ","S","29","    10.0"," ","S","29"
"USC00422592","03-05"," 37.7686","-111.5978","1770.9","ESCALANTE, UT US","03","05","99","    40.8"," ","S","29","    54.3"," ","S","29","    27.4"," ","S","30","    26.9"," ","S","29","     6.2"," ","S","29","     8.1"," ","S","29","     6.2"," ","S","30","     7.6"," ","S","29","    24.2"," ","S","29","     1.9"," ","S","29","     4.9"," ","S","29","     9.3"," ","S","29","    14.2"," ","S","29","    16.2"," ","S","29","    19.2"," ","S","29","     0.0"," ","S","29","     2.7"," ","S","29","     0.7"," ","S","29","     0.1"," ","S","29","     0.0"," ","S","29","     0.0"," ","S","29","     0.0"," ","S","29","     0.0"," ","S","29","     0.0"," ","S","29","     0.0"," ","S","29","     2.7"," ","S","29","     0.7"," ","S","29","     0.1"," ","S","29","     0.0"," ","S","29","     0.0"," ","S","29","     0.0"," ","S","29","     0.0"," ","S","29","     0.0"," ","S","29","     3.6"," ","S","29","     2.9"," ","S","29","    15.9"," ","S","29","     8.8"," ","S","29","     4.4"," ","S","29","     1.3"," ","S","29","     0.2"," ","S","29","     0.0"," ","S","29","     0.0"," ","S","29","     0.0"," ","S","29","    0.03"," ","S","29","    0.11"," ","S","29","    0.26"," ","S","29","    0.15"," ","S","30","    2.12"," ","S","30","     6.0"," ","S","29","     5.1"," ","S","29","     3.0"," ","S","29","     1.9"," ","S","29","     1.2"," ","S","29","     0.7"," ","S","29","     0.2"," ","S","29","     0.0"," ","S","29"," -9999.0","Y"," "," 0"," -9999.0","Y"," "," 0"," -9999.0","Y"," "," 0","     0.6"," ","S","30","    15.3"," ","S","30","     9.6"," ","S","29","     7.7"," ","S","29","     6.5"," ","S","29","     5.0"," ","S","29","     4.2"," ","S","29"," -9999.0","Z"," "," 0","     0.0"," ","S","29"," -9999.0","Y"," "," 0"," -9999.0","Y"," "," 0"," -9999.0","Y"," "," 0"
"USC00422592","03-06"," 37.7686","-111.5978","1770.9","ESCALANTE, UT US","03","06","99","    41.1"," ","S","29","    54.6"," ","S","29","    27.6"," ","S","30","    27.1"," ","S","29","     6.2"," ","S","29","     8.1"," ","S","29","     6.2"," ","S","30","     7.5"," ","S","29","    23.9"," ","S","29","     1.8"," ","S","29","     4.6"," ","S","29","     9.0"," ","S","29","    13.9"," ","S","29","    15.9"," ","S","29","    18.9"," ","S","29","     0.0"," ","S","29","     2.9"," ","S","29","     0.7"," ","S","29","     0.1"," ","S","29","     0.0","X","S","29","     0.0"," ","S","29","     0.0"," ","S","29","     0.0"," ","S","29","     0.0"," ","S","29","     0.0"," ","S","29","     2.9"," ","S","29","     0.7"," ","S","29","     0.1"," ","S","29","     0.0","X","S","29","     0.0"," ","S","29","     0.0"," ","S","29","     0.0"," ","S","29","     0.0"," ","S","29","     3.8"," ","S","29","     3.0"," ","S","29","    15.7"," ","S","30","     8.8"," ","S","30","     4.3"," ","S","30","     1.3"," ","S","30","     0.2"," ","S","30","     0.0"," ","S","30","     0.0"," ","S","30","     0.0"," ","S","30","    0.03"," ","S","30","    0.11"," ","S","30","    0.26"," ","S","30","    0.18"," ","S","30","    2.15"," ","S","30","     5.9"," ","S","30","     5.0"," ","S","30","     2.9"," ","S","30","     1.8"," ","S","30","     1.2"," ","S","30","     0.7"," ","S","30","     0.2"," ","S","30","     0.0"," ","S","30"," -9999.0","Y"," "," 0"," -9999.0","Y"," "," 0"," -9999.0","Y"," "," 0","     0.7"," ","S","30","    15.4"," ","S","30","     9.1"," ","S","29","     7.2"," ","S","29","     6.1"," ","S","29","     4.7"," ","S","29","     3.9"," ","S","29"," -9999.0","Z"," "," 0","     0.0"," ","S","29"," -9999.0","Y"," "," 0"," -9999.0","Y"," "," 0"," -9999.0","Y"," "," 0"
"USC00422592","03-07"," 37.7686","-111.5978","1770.9","ESCALANTE, UT US","03","07","99","    41.4"," ","S","29","    55.0"," ","S","29","    27.8"," ","S","30","    27.3"," ","S","29","     6.2"," ","S","29","     8.2"," ","S","29","     6.1"," ","S","30","     7.5"," ","S","29","    23.6"," ","S","29","     1.7"," ","S","29","     4.4"," ","S","29","     8.7"," ","S","29","    13.6"," ","S","29","    15.6"," ","S","29","    18.6"," ","S","29","     0.0"," ","S","29","     3.1"," ","S","29","     0.8"," ","S","29","     0.1"," ","S","29","     0.0","X","S","29","     0.0"," ","S","29","     0.0"," ","S","29","     0.0"," ","S","29","     0.0"," ","S","29","     0.0"," ","S","29","     3.1"," ","S","29","     0.8"," ","S","29","     0.1"," ","S","29","     0.0","X","S","29","     0.0"," ","S","29","     0.0"," ","S","29","     0.0"," ","S","29","     0.0"," ","S","29","     3.9"," ","S","29","     3.2"," ","S","29","    15.5"," ","S","30","     8.7"," ","S","30","     4.3"," ","S","30","     1.3"," ","S","30","     0.2"," ","S","30","     0.0"," ","S","30","     0.0"," ","S","30","     0.0"," ","S","30","    0.03"," ","S","30","    0.12"," ","S","30","    0.26"," ","S","30","    0.21"," ","S","30","    2.18"," ","S","30","     5.7"," ","S","30","     4.8"," ","S","30","     2.8"," ","S","30","     1.8"," ","S","30","     1.1"," ","S","30","     0.7"," ","S","30","     0.2"," ","S","30","     0.0"," ","S","30"," -9999.0","Y"," "," 0"," -9999.0","Y"," "," 0"," -9999.0","Y"," "," 0","     0.8"," ","S","30","    15.5"," ","S","30","     8.5"," ","S","29","     6.7"," ","S","29","     5.7"," ","S","29","     4.3"," ","S","29","     3.6"," ","S","29"," -9999.0","Z"," "," 0","     0.0"," ","S","29"," -9999.0","Y"," "," 0"," -9999.0","Y"," "," 0"," -9999.0","Y"," "," 0"
"USC00422592","03-08"," 37.7686","-111.5978","1770.9","ESCALANTE, UT US","03","08","99","    41.7"," ","S","29","    55.4"," ","S","29","    28.0"," ","S","30","    27.5"," ","S","29","     6.1"," ","S","29","     8.2"," ","S","29","     6.1"," ","S","30","     7.5"," ","S","29","    23.3"," ","S","29","     1.6"," ","S","29","     4.3"," ","S","29","     8.4"," ","S","29","    13.3"," ","S","29","    15.3"," ","S","29","    18.3"," ","S","29","     0.0"," ","S","29","     3.3"," ","S","29","     1.0"," ","S","29","     0.1"," ","S","29","     0.0","X","S","29","     0.0","X","S","29","     0.0"," ","S","29","     0.0"," ","S","29","     0.0"," ","S","29","     0.0"," ","S","29","     3.3"," ","S","29","     1.0"," ","S","29","     0.1"," ","S","29","     0.0","X","S","29","     0.0","X","S","29","     0.0"," ","S","29","     0.0"," ","S","29","     0.0"," ","S","29","     4.1"," ","S","29","     3.3"," ","S","29","    15.3"," ","S","30","     8.6"," ","S","30","     4.2"," ","S","30","     1.3"," ","S","30","     0.1"," ","S","30","     0.0"," ","S","30","     0.0"," ","S","30","     0.0"," ","S","30","    0.03"," ","S","30","    0.12"," ","S","30","    0.26"," ","S","30","    0.23"," ","S","30","    2.20"," ","S","30","     5.5"," ","S","30","     4.7"," ","S","30","     2.7"," ","S","30","     1.7"," ","S","30","     1.1"," ","S","30","     0.6"," ","S","30","     0.2"," ","S","30","     0.0"," ","S","30"," -9999.0","Y"," "," 0"," -9999.0","Y"," "," 0"," -9999.0","Y"," "," 0","     0.9"," ","S","30","    15.6"," ","S","30","     8.0"," ","S","30","     6.3"," ","S","30","     5.3"," ","S","30","     4.0"," ","S","30","     3.3"," ","S","30"," -9999.0","Z"," "," 0","     0.0"," ","S","30"," -9999.0","Y"," "," 0"," -9999.0","Y"," "," 0"," -9999.0","Y"," "," 0"
"USC00422592","03-09"," 37.7686","-111.5978","1770.9","ESCALANTE, UT US","03","09","99","    42.0"," ","S","29","    55.8"," ","S","29","    28.2"," ","S","30","    27.6"," ","S","29","     6.1"," ","S","29","     8.2"," ","S","29","     6.1"," ","S","30","     7.5"," ","S","29","    23.0"," ","S","29","     1.6"," ","S","29","     4.1"," ","S","29","     8.2"," ","S","29","    13.0"," ","S","29","    15.0"," ","S","29","    18.0"," ","S","29","     0.0"," ","S","29","     3.5"," ","S","29","     1.1"," ","S","29","     0.2"," ","S","29","     0.0","X","S","29","     0.0","X","S","29","     0.0"," ","S","29","     0.0"," ","S","29","     0.0"," ","S","29","     0.0"," ","S","29","     3.5"," ","S","29","     1.1"," ","S","29","     0.2"," ","S","29","     0.0","X","S","29","     0.0","X","S","29","     0.0"," ","S","29","     0.0"," ","S","29","     0.0"," ","S","29","     4.3"," ","S","29","     3.5"," ","S","29","    15.1"," ","S","30","     8.5"," ","S","30","     4.1"," ","S","30","     1.2"," ","S","30","     0.1"," ","S","30","     0.0"," ","S","30","     0.0"," ","S","30","     0.0"," ","S","30","    0.04"," ","S","30","    0.12"," ","S","30","    0.26"," ","S","30","    0.26"," ","S","30","    2.23"," ","S","30","     5.3"," ","S","30","     4.5"," ","S","30","     2.7"," ","S","30","     1.7"," ","S","30","     1.1"," ","S","30","     0.6"," ","S","30","     0.2"," ","S","30","     0.0"," ","S","30"," -9999.0","Y"," "," 0"," -9999.0","Y"," "," 0"," -9999.0","Y"," "," 0","     1.0"," ","S","30","    15.7"," ","S","30","     7.5"," ","S","30","     5.8"," ","S","30","     4.9"," ","S","30","     3.7"," ","S","30","     3.1"," ","S","30"," -9999.0","Z"," "," 0","     0.0"," ","S","30"," -9999.0","Y"," "," 0"," -9999.0","Y"," "," 0"," -9999.0","Y"," "," 0"
"USC00422592","03-10"," 37.7686","-111.5978","1770.9","ESCALANTE, UT US","03","10","99","    42.3"," ","S","29","    56.2"," ","S","29","    28.3"," ","S","30","    27.8"," ","S","29","     6.1"," ","S","29","     8.2"," ","S","29","     6.0"," ","S","30","     7.5"," ","S","29","    22.7"," ","S","29","     1.5"," ","S","29","     3.9"," ","S","29","     7.9"," ","S","29","    12.8"," ","S","29","    14.7"," ","S","29","    17.7"," ","S","29","     0.0"," ","S","29","     3.7"," ","S","29","     1.2"," ","S","29","     0.2"," ","S","29","     0.0","X","S","29","     0.0","X","S","29","     0.0"," ","S","29","     0.0"," ","S","29","     0.0"," ","S","29","     0.0"," ","S","29","     3.7"," ","S","29","     1.2"," ","S","29","     0.2"," ","S","29","     0.0","X","S","29","     0.0","X","S","29","     0.0"," ","S","29","     0.0"," ","S","29","     0.0"," ","S","29","     4.4"," ","S","29","     3.6"," ","S","29","    14.9"," ","S","30","     8.4"," ","S","30","     4.1"," ","S","30","     1.2"," ","S","30","     0.1"," ","S","30","     0.0"," ","S","30","     0.0"," ","S","30","     0.0"," ","S","30","    0.04"," ","S","30","    0.12"," ","S","30","    0.26"," ","S","30","    0.28"," ","S","30","    2.25"," ","S","30","     5.1"," ","S","30","     4.4"," ","S","30","     2.6"," ","S","30","     1.6"," ","S","30","     1.0"," ","S","30","     0.6"," ","S","30","     0.1"," ","S","30","     0.0"," ","S","30"," -9999.0","Y"," "," 0"," -9999.0","Y"," "," 0"," -9999.0","Y"," "," 0","     1.0"," ","S","30","    15.7"," ","S","30","     7.0"," ","S","30","     5.4"," ","S","30","     4.5"," ","S","30","     3.4"," ","S","30","     2.8"," ","S","30"," -9999.0","Z"," "," 0","     0.0"," ","S","30"," -9999.0","Y"," "," 0"," -9999.0","Y"," "," 0"," -9999.0","Y"," "," 0"
"USC00422592","03-11"," 37.7686","-111.5978","1770.9","ESCALANTE, UT US","03","11","99","    42.5"," ","S","29","    56.6"," ","S","29","    28.5"," ","S","30","    28.0"," ","S","29","     6.1"," ","S","29","     8.2"," ","S","29","     6.0"," ","S","30","     7.5"," ","S","29","    22.5"," ","S","29","     1.4"," ","S","29","     3.8"," ","S","29","     7.7"," ","S","29","    12.5"," ","S","29","    14.5"," ","S","29","    17.5"," ","S","29","     0.0"," ","S","29","     3.9"," ","S","29","     1.3"," ","S","29","     0.3"," ","S","29","     0.0","X","S","29","     0.0","X","S","29","     0.0"," ","S","29","     0.0"," ","S","29","     0.0"," ","S","29","     0.0"," ","S","29","     3.9"," ","S","29","     1.3"," ","S","29","     0.3"," ","S","29","     0.0","X","S","29","     0.0","X","S","29","     0.0"," ","S","29","     0.0"," ","S","29","     0.0"," ","S","29","     4.6"," ","S","29","     3.8"," ","S","29","    14.8"," ","S","30","     8.2"," ","S","30","     4.0"," ","S","30","     1.2"," ","S","30","     0.1"," ","S","30","     0.0"," ","S","30","     0.0"," ","S","30","     0.0"," ","S","30","    0.04"," ","S","30","    0.11"," ","S","30","    0.26"," ","S","30","    0.31"," ","S","30","    2.28"," ","S","30","     4.9"," ","S","30","     4.2"," ","S","30","     2.5"," ","S","30","     1.6"," ","S","30","     1.0"," ","S","30","     0.6"," ","S","30","     0.1"," ","S","30","     0.0"," ","S","30"," -9999.0","Y"," "," 0"," -9999.0","Y"," "," 0"," -9999.0","Y"," "," 0","     1.1"," ","S","30","    15.8"," ","S","30","     6.5"," ","S","30","     5.0"," ","S","30","     4.2"," ","S","30","     3.2"," ","S","30","     2.6"," ","S","30"," -9999.0","Z"," "," 0","     0.0"," ","S","30"," -9999.0","Y"," "," 0"," -9999.0","Y"," "," 0"," -9999.0","Y"," "," 0"
"USC00422592","03-12"," 37.7686","-111.5978","1770.9","ESCALANTE, UT US","03","12","99","    42.8"," ","S","29","    56.9"," ","S","29","    28.7"," ","S","30","    28.2"," ","S","29","     6.1"," ","S","29","     8.2"," ","S","29","     5.9"," ","S","30","     7.5"," ","S","29","    22.2"," ","S","29","     1.3"," ","S","29","     3.6"," ","S","29","     7.5"," ","S","29","    12.2"," ","S","29","    14.2"," ","S","29","    17.2"," ","S","29","     0.0"," ","S","29","     4.1"," ","S","29","     1.4"," ","S","29","     0.3"," ","S","29","     0.0","X","S","29","     0.0","X","S","29","     0.0"," ","S","29","     0.0"," ","S","29","     0.0"," ","S","29","     0.0"," ","S","29","     4.1"," ","S","29","     1.4"," ","S","29","     0.3"," ","S","29","     0.0","X","S","29","     0.0","X","S","29","     0.0"," ","S","29","     0.0"," ","S","29","     0.0"," ","S","29","     4.8"," ","S","29","     4.0"," ","S","29","    14.6"," ","S","30","     8.1"," ","S","30","     3.9"," ","S","30","     1.2"," ","S","30","     0.1"," ","S","30","     0.0"," ","S","30","     0.0"," ","S","30","     0.0"," ","S","30","    0.04"," ","S","30","    0.11"," ","S","30","    0.26"," ","S","30","    0.33"," ","S","30","    2.30"," ","S","30","     4.7"," ","S","30","     4.1"," ","S","30","     2.4"," ","S","30","     1.5"," ","S","30","     1.0"," ","S","30","     0.5"," ","S","30","     0.1"," ","S","30","     0.0"," ","S","30"," -9999.0","Y"," "," 0"," -9999.0","Y"," "," 0"," -9999.0","Y"," "," 0","     1.2"," ","S","30","    15.9"," ","S","30","     6.1"," ","S","30","     4.7"," ","S","30","     3.9"," ","S","30","     2.9"," ","S","30","     2.4"," ","S","30"," -9999.0","Z"," "," 0","     0.0"," ","S","30"," -9999.0","Y"," "," 0"," -9999.0","Y"," "," 0"," -9999.0","Y"," "," 0"
"USC00422592","03-13"," 37.7686","-111.5978","1770.9","ESCALANTE, UT US","03","13","99","    43.1"," ","S","29","    57.3"," ","S","29","    28.9"," ","S","30","    28.4"," ","S","29","     6.1"," ","S","29","     8.3"," ","S","29","     5.9"," ","S","30","     7.5"," ","S","29","    21.9"," ","S","29","     1.3"," ","S","29","     3.5"," ","S","29","     7.3"," ","S","29","    12.0"," ","S","29","    13.9"," ","S","29","    16.9"," ","S","29","     0.0"," ","S","29","     4.3"," ","S","29","     1.6"," ","S","29","     0.4"," ","S","29","     0.1"," ","S","29","     0.0","X","S","29","     0.0"," ","S","29","     0.0"," ","S","29","     0.0"," ","S","29","     0.0"," ","S","29","     4.3"," ","S","29","     1.6"," ","S","29","     0.4"," ","S","29","     0.1"," ","S","29","     0.0","X","S","29","     0.0"," ","S","29","     0.0"," ","S","29","     0.0"," ","S","29","     5.0"," ","S","29","     4.1"," ","S","29","    14.5"," ","S","30","     8.0"," ","S","30","     3.8"," ","S","30","     1.1"," ","S","30","     0.1"," ","S","30","     0.0"," ","S","30","     0.0"," ","S","30","     0.0"," ","S","30","    0.04"," ","S","30","    0.11"," ","S","30","    0.25"," ","S","30","    0.36"," ","S","30","    2.33"," ","S","30","     4.5"," ","S","30","     3.9"," ","S","30","     2.3"," ","S","30","     1.5"," ","S","30","     0.9"," ","S","30","     0.5"," ","S","30","     0.1"," ","S","30","     0.0"," ","S","30"," -9999.0","Y"," "," 0"," -9999.0","Y"," "," 0"," -9999.0","Y"," "," 0","     1.3"," ","S","30","    16.0"," ","S","30","     5.7"," ","S","30","     4.3"," ","S","30","     3.6"," ","S","30","     2.7"," ","S","30","     2.2"," ","S","30"," -9999.0","Z"," "," 0","     0.0"," ","S","30"," -9999.0","Y"," "," 0"," -9999.0","Y"," "," 0"," -9999.0","Y"," "," 0"
"USC00422592","03-14"," 37.7686","-111.5978","1770.9","ESCALANTE, UT US","03","14","99","    43.3"," ","S","29","    57.6"," ","S","29","    29.1"," ","S","30","    28.6"," ","S","29","     6.1"," ","S","29","     8.3"," ","S","29","     5.8"," ","S","30","     7.5"," ","S","29","    21.7"," ","S","29","     1.2"," ","S","29","     3.4"," ","S","29","     7.1"," ","S","29","    11.7"," ","S","29","    13.7"," ","S","29","    16.7"," ","S","29","     0.0"," ","S","29","     4.6"," ","S","29","     1.7"," ","S","29","     0.4"," ","S","29","     0.1"," ","S","29","     0.0","X","S","29","     0.0"," ","S","29","     0.0"," ","S","29","     0.0"," ","S","29","     0.0"," ","S","29","     4.6"," ","S","29","     1.7"," ","S","29","     0.4"," ","S","29","     0.1"," ","S","29","     0.0","X","S","29","     0.0"," ","S","29","     0.0"," ","S","29","     0.0"," ","S","29","     5.1"," ","S","29","     4.3"," ","S","29","    14.3"," ","S","30","     7.8"," ","S","30","     3.7"," ","S","30","     1.1"," ","S","30","     0.1"," ","S","30","     0.0"," ","S","30","     0.0"," ","S","30","     0.0"," ","S","30","    0.04"," ","S","30","    0.11"," ","S","30","    0.25"," ","S","30","    0.38"," ","S","30","    2.35"," ","S","30","     4.3"," ","S","30","     3.8"," ","S","30","     2.2"," ","S","30","     1.4"," ","S","30","     0.9"," ","S","30","     0.5"," ","S","30","     0.1"," ","S","30","     0.0"," ","S","30"," -9999.0","Y"," "," 0"," -9999.0","Y"," "," 0"," -9999.0","Y"," "," 0","     1.4"," ","S","30","    16.1"," ","S","30","     5.2"," ","S","30","     4.0"," ","S","30","     3.3"," ","S","30","     2.5"," ","S","30","     2.0"," ","S","30"," -9999.0","Z"," "," 0","     0.0"," ","S","30"," -9999.0","Y"," "," 0"," -9999.0","Y"," "," 0"," -9999.0","Y"," "," 0"
"USC00422592","03-15"," 37.7686","-111.5978","1770.9","ESCALANTE, UT US","03","15","99","    43.6"," ","S","29","    58.0"," ","S","29","    29.2"," ","S","30","    28.7"," ","S","29","     6.1"," ","S","29","     8.3"," ","S","29","     5.8"," ","S","30","     7.5"," ","S","29","    21.4"," ","S","29","     1.2"," ","S","29","     3.2"," ","S","29","     6.8"," ","S","29","    11.5"," ","S","29","    13.4"," ","S","29","    16.4"," ","S","29","     0.0"," ","S","29","     4.8"," ","S","29","     1.8"," ","S","29","     0.5"," ","S","29","     0.1"," ","S","29","     0.0","X","S","29","     0.0","X","S","29","     0.0"," ","S","29","     0.0"," ","S","29","     0.0"," ","S","29","     4.8"," ","S","29","     1.8"," ","S","29","     0.5"," ","S","29","     0.1"," ","S","29","     0.0","X","S","29","     0.0","X","S","29","     0.0"," ","S","29","     0.0"," ","S","29","     5.3"," ","S","29","     4.5"," ","S","29","    14.2"," ","S","30","     7.7"," ","S","30","     3.6"," ","S","30","     1.1"," ","S","30","     0.1"," ","S","30","     0.0"," ","S","30","     0.0"," ","S","30","     0.0"," ","S","30","    0.04"," ","S","30","    0.11"," ","S","30","    0.25"," ","S","30","    0.41"," ","S","30","    2.38"," ","S","30","     4.1"," ","S","30","     3.6"," ","S","30","     2.1"," ","S","30","     1.3"," ","S","30","     0.9"," ","S","30","     0.5"," ","S","30","     0.1"," ","S","30","     0.0"," ","S","30"," -9999.0","Y"," "," 0"," -9999.0","Y"," "," 0"," -9999.0","Y"," "," 0","     1.4"," ","S","30","    16.1"," ","S","30","     4.8"," ","S","30","     3.6"," ","S","30","     3.0"," ","S","30","     2.2"," ","S","30","     1.8"," ","S","30"," -9999.0","Z"," "," 0","     0.0"," ","S","30"," -9999.0","Y"," "," 0"," -9999.0","Y"," "," 0"," -9999.0","Y"," "," 0"
"USC00422592","03-16"," 37.7686","-111.5978","1770.9","ESCALANTE, UT US","03","16","99","    43.9"," ","S","29","    58.3"," ","S","29","    29.4"," ","S","30","    28.9"," ","S","29","     6.1"," ","S","29","     8.3"," ","S","29","     5.8"," ","S","30","     7.4"," ","S","29","    21.1"," ","S","29","     1.1"," ","S","29","     3.1"," ","S","29","     6.6"," ","S","29","    11.2"," ","S","29","    13.2"," ","S","29","    16.1"," ","S","29","     0.0"," ","S","29","     5.0"," ","S","29","     2.0"," ","S","29","     0.5"," ","S","29","     0.1"," ","S","29","     0.0","X","S","29","     0.0","X","S","29","     0.0"," ","S","29","     0.0"," ","S","29","     0.0"," ","S","29","     5.0"," ","S","29","     2.0"," ","S","29","     0.5"," ","S","29","     0.1"," ","S","29","     0.0","X","S","29","     0.0","X","S","29","     0.0"," ","S","29","     0.0"," ","S","29","     5.5"," ","S","29","     4.6"," ","S","29","    14.0"," ","S","30","     7.6"," ","S","30","     3.5"," ","S","30","     1.1"," ","S","30","     0.1"," ","S","30","     0.0"," ","S","30","     0.0"," ","S","30","     0.0"," ","S","30","    0.04"," ","S","30","    0.11"," ","S","30","    0.24"," ","S","30","    0.43"," ","S","30","    2.40"," ","S","30","     3.9"," ","S","30","     3.5"," ","S","30","     2.0"," ","S","30","     1.3"," ","S","30","     0.8"," ","S","30","     0.5"," ","S","30","     0.1"," ","S","30","     0.0"," ","S","30"," -9999.0","Y"," "," 0"," -9999.0","Y"," "," 0"," -9999.0","Y"," "," 0","     1.5"," ","S","30","    16.2"," ","S","30","     4.5"," ","S","30","     3.3"," ","S","30","     2.7"," ","S","30","     2.0"," ","S","30","     1.6"," ","S","30"," -9999.0","Z"," "," 0","     0.0"," ","S","30"," -9999.0","Y"," "," 0"," -9999.0","Y"," "," 0"," -9999.0","Y"," "," 0"
"USC00422592","03-17"," 37.7686","-111.5978","1770.9","ESCALANTE, UT US","03","17","99","    44.1"," ","S","29","    58.6"," ","S","29","    29.6"," ","S","30","    29.1"," ","S","29","     6.1"," ","S","29","     8.3"," ","S","29","     5.8"," ","S","30","     7.4"," ","S","29","    20.9"," ","S","29","     1.1"," ","S","29","     3.0"," ","S","29","     6.4"," ","S","29","    11.0"," ","S","29","    12.9"," ","S","29","    15.9"," ","S","29","     0.0"," ","S","29","     5.2"," ","S","29","     2.1"," ","S","29","     0.6"," ","S","29","     0.1"," ","S","29","     0.0","X","S","29","     0.0","X","S","29","     0.0"," ","S","29","     0.0"," ","S","29","     0.0"," ","S","29","     5.2"," ","S","29","     2.1"," ","S","29","     0.6"," ","S","29","     0.1"," ","S","29","     0.0","X","S","29","     0.0","X","S","29","     0.0"," ","S","29","     0.0"," ","S","29","     5.6"," ","S","29","     4.7"," ","S","29","    13.9"," ","S","30","     7.4"," ","S","30","     3.5"," ","S","30","     1.1"," ","S","30","     0.1"," ","S","30","     0.0"," ","S","30","     0.0"," ","S","30","     0.0"," ","S","30","    0.04"," ","S","30","    0.10"," ","S","30","    0.24"," ","S","30","    0.45"," ","S","30","    2.42"," ","S","30","     3.8"," ","S","30","     3.4"," ","S","30","     1.9"," ","S","30","     1.2"," ","S","30","     0.8"," ","S","30","     0.4"," ","S","30","     0.1"," ","S","30","     0.0"," ","S","30"," -9999.0","Y"," "," 0"," -9999.0","Y"," "," 0"," -9999.0","Y"," "," 0","     1.5"," ","S","30","    16.2"," ","S","30","     4.1"," ","S","30","     3.0"," ","S","30","     2.4"," ","S","30","     1.8"," ","S","30","     1.4"," ","S","30"," -9999.0","Z"," "," 0","     0.0"," ","S","30"," -9999.0","Y"," "," 0"," -9999.0","Y"," "," 0"," -9999.0","Y"," "," 0"
"USC00422592","03-18"," 37.7686","-111.5978","1770.9","ESCALANTE, UT US","03","18","99","    44.3"," ","S","29","    59.0"," ","S","29","    29.7"," ","S","30","    29.2"," ","S","29","     6.1"," ","S","29","     8.4"," ","S","29","     5.7"," ","S","30","     7.4"," ","S","29","    20.7"," ","S","29","     1.0"," ","S","29","     2.9"," ","S","29","     6.2"," ","S","29","    10.8"," ","S","29","    12.7"," ","S","29","    15.7"," ","S","29","     0.0"," ","S","29","     5.3"," ","S","29","     2.2"," ","S","29","     0.6"," ","S","29","     0.1"," ","S","29","     0.0","X","S","29","     0.0","X","S","29","     0.0"," ","S","29","     0.0"," ","S","29","     0.0"," ","S","29","     5.3"," ","S","29","     2.2"," ","S","29","     0.6"," ","S","29","     0.1"," ","S","29","     0.0","X","S","29","     0.0","X","S","29","     0.0"," ","S","29","     0.0"," ","S","29","     5.7"," ","S","29","     4.9"," ","S","29","    13.8"," ","S","30","     7.3"," ","S","30","     3.4"," ","S","30","     1.0"," ","S","30","     0.1"," ","S","30","     0.0"," ","S","30","     0.0"," ","S","30","     0.0"," ","S","30","    0.04"," ","S","30","    0.10"," ","S","30","    0.24"," ","S","30","    0.48"," ","S","30","    2.45"," ","S","30","     3.6"," ","S","30","     3.3"," ","S","30","     1.8"," ","S","30","     1.2"," ","S","30","     0.8"," ","S","30","     0.4"," ","S","30","     0.1"," ","S","30","     0.0"," ","S","30"," -9999.0","Y"," "," 0"," -9999.0","Y"," "," 0"," -9999.0","Y"," "," 0","     1.6"," ","S","30","    16.3"," ","S","30","     3.7"," ","S","30","     2.8"," ","S","30","     2.2"," ","S","30","     1.6"," ","S","30","     1.3"," ","S","30"," -9999.0","Z"," "," 0","     0.0"," ","S","30"," -9999.0","Y"," "," 0"," -9999.0","Y"," "," 0"," -9999.0","Y"," "," 0"
"USC00422592","03-19"," 37.7686","-111.5978","1770.9","ESCALANTE, UT US","03","19","99","    44.6"," ","S","29","    59.3"," ","S","29","    29.9"," ","S","30","    29.4"," ","S","29","     6.1"," ","S","29","     8.4"," ","S","29","     5.7"," ","S","30","     7.4"," ","S","29","    20.4"," ","S","29","     0.9"," ","S","29","     2.8"," ","S","29","     6.0"," ","S","29","    10.5"," ","S","29","    12.4"," ","S","29","    15.4"," ","S","29","     0.0"," ","S","29","     5.5"," ","S","29","     2.3"," ","S","29","     0.6"," ","S","29","     0.1"," ","S","29","     0.0","X","S","29","     0.0","X","S","29","     0.0"," ","S","29","     0.0"," ","S","29","     0.0"," ","S","29","     5.5"," ","S","29","     2.3"," ","S","29","     0.6"," ","S","29","     0.1"," ","S","29","     0.0","X","S","29","     0.0","X","S","29","     0.0"," ","S","29","     0.0"," ","S","29","     5.9"," ","S","29","     5.0"," ","S","29","    13.7"," ","S","30","     7.2"," ","S","30","     3.3"," ","S","30","     1.0"," ","S","30","     0.1"," ","S","30","     0.0"," ","S","30","     0.0"," ","S","30","     0.0"," ","S","30","    0.04"," ","S","30","    0.10"," ","S","30","    0.24"," ","S","30","    0.50"," ","S","30","    2.47"," ","S","30","     3.5"," ","S","30","     3.2"," ","S","30","     1.7"," ","S","30","     1.1"," ","S","30","     0.7"," ","S","30","     0.4"," ","S","30","     0.1"," ","S","30","     0.0"," ","S","30"," -9999.0","Y"," "," 0"," -9999.0","Y"," "," 0"," -9999.0","Y"," "," 0","     1.6"," ","S","30","    16.3"," ","S","30","     3.4"," ","S","30","     2.5"," ","S","30","     2.0"," ","S","30","     1.4"," ","S","30","     1.1"," ","S","30"," -9999.0","Z"," "," 0","     0.0"," ","S","30"," -9999.0","Y"," "," 0"," -9999.0","Y"," "," 0"," -9999.0","Y"," "," 0"
"USC00422592","03-20"," 37.7686","-111.5978","1770.9","ESCALANTE, UT US","03","20","99","    44.8"," ","S","29","    59.6"," ","S","29","    30.0"," ","S","30","    29.5"," ","S","29","     6.2"," ","S","29","     8.4"," ","S","29","     5.7"," ","S","30","     7.4"," ","S","29","    20.2"," ","S","29","     0.9"," ","S","29","     2.7"," ","S","29","     5.9"," ","S","29","    10.3"," ","S","29","    12.2"," ","S","29","    15.2"," ","S","29","     0.0"," ","S","29","     5.7"," ","S","29","     2.5"," ","S","29","     0.7"," ","S","29","     0.1"," ","S","29","     0.0","X","S","29","     0.0","X","S","29","     0.0"," ","S","29","     0.0"," ","S","29","     0.0"," ","S","29","     5.7"," ","S","29","     2.5"," ","S","29","     0.7"," ","S","29","     0.1"," ","S","29","     0.0","X","S","29","     0.0","X","S","29","     0.0"," ","S","29","     0.0"," ","S","29","     6.0"," ","S","29","     5.1"," ","S","29","    13.6"," ","S","30","     7.1"," ","S","30","     3.2"," ","S","30","     1.0"," ","S","30","     0.0"," ","S","30","     0.0"," ","S","30","     0.0"," ","S","30","     0.0"," ","S","30","    0.04"," ","S","30","    0.10"," ","S","30","    0.23"," ","S","30","    0.52"," ","S","30","    2.49"," ","S","30","     3.3"," ","S","30","     3.0"," ","S","30","     1.7"," ","S","30","     1.1"," ","S","30","     0.7"," ","S","30","     0.4"," ","S","30","     0.1"," ","S","30","     0.0"," ","S","30"," -9999.0","Y"," "," 0"," -9999.0","Y"," "," 0"," -9999.0","Y"," "," 0","     1.7"," ","S","30","    16.4"," ","S","30","     3.1"," ","S","30","     2.3"," ","S","30","     1.7"," ","S","30","     1.2"," ","S","30","     0.9"," ","S","30"," -9999.0","Z"," "," 0","     0.0"," ","S","30"," -9999.0","Y"," "," 0"," -9999.0","Y"," "," 0"," -9999.0","Y"," "," 0"
"USC00422592","03-21"," 37.7686","-111.5978","1770.9","ESCALANTE, UT US","03","21","99","    45.0"," ","S","29","    59.9"," ","S","29","    30.2"," ","S","30","    29.7"," ","S","29","     6.2"," ","S","29","     8.5"," ","S","29","     5.7"," ","S","30","     7.4"," ","S","29","    20.0"," ","S","29","     0.8"," ","S","29","     2.5"," ","S","29","     5.7"," ","S","29","    10.1"," ","S","29","    12.0"," ","S","29","    15.0"," ","S","29","     0.0"," ","S","29","     5.9"," ","S","29","     2.6"," ","S","29","     0.7"," ","S","29","     0.1"," ","S","29","     0.0","X","S","29","     0.0","X","S","29","     0.0"," ","S","29","     0.0"," ","S","29","     0.0"," ","S","29","     5.9"," ","S","29","     2.6"," ","S","29","     0.7"," ","S","29","     0.1"," ","S","29","     0.0","X","S","29","     0.0","X","S","29","     0.0"," ","S","29","     0.0"," ","S","29","     6.1"," ","S","29","     5.3"," ","S","29","    13.4"," ","S","30","     6.9"," ","S","30","     3.2"," ","S","30","     1.0"," ","S","30","     0.0"," ","S","30","     0.0"," ","S","30","     0.0"," ","S","30","     0.0"," ","S","30","    0.04"," ","S","30","    0.10"," ","S","30","    0.23"," ","S","30","    0.55"," ","S","30","    2.52"," ","S","30","     3.2"," ","S","30","     2.9"," ","S","30","     1.6"," ","S","30","     1.0"," ","S","30","     0.7"," ","S","30","     0.4"," ","S","30","     0.1"," ","S","30","     0.0"," ","S","30"," -9999.0","Y"," "," 0"," -9999.0","Y"," "," 0"," -9999.0","Y"," "," 0","     1.7"," ","S","30","    16.4"," ","S","30","     2.8"," ","S","30","     2.0"," ","S","30","     1.5"," ","S","30","     1.1"," ","S","30","     0.8"," ","S","30"," -9999.0","Z"," "," 0","     0.0"," ","S","30"," -9999.0","Y"," "," 0"," -9999.0","Y"," "," 0"," -9999.0","Y"," "," 0"
"USC00422592","03-22"," 37.7686","-111.5978","1770.9","ESCALANTE, UT US","03","22","99","    45.2"," ","S","29","    60.1"," ","S","29","    30.4"," ","S","30","    29.8"," ","S","29","     6.2"," ","S","29","     8.5"," ","S","29","     5.7"," ","S","30","     7.4"," ","S","29","    19.8"," ","S","29","     0.8"," ","S","29","     2.4"," ","S","29","     5.5"," ","S","29","     9.9"," ","S","29","    11.8"," ","S","29","    14.8"," ","S","29","     0.0"," ","S","29","     6.0"," ","S","29","     2.7"," ","S","29","     0.8"," ","S","29","     0.1"," ","S","29","     0.0","X","S","29","     0.0","X","S","29","     0.0"," ","S","29","     0.0"," ","S","29","     0.0"," ","S","29","     6.0"," ","S","29","     2.7"," ","S","29","     0.8"," ","S","29","     0.1"," ","S","29","     0.0","X","S","29","     0.0","X","S","29","     0.0"," ","S","29","     0.0"," ","S","29","     6.2"," ","S","29","     5.4"," ","S","29","    13.4"," ","S","30","     6.8"," ","S","30","     3.1"," ","S","30","     1.0"," ","S","30","     0.0"," ","S","30","     0.0"," ","S","30","     0.0"," ","S","30","     0.0"," ","S","30","    0.04"," ","S","30","    0.10"," ","S","30","    0.23"," ","S","30","    0.57"," ","S","30","    2.54"," ","S","30","     3.0"," ","S","30","     2.8"," ","S","30","     1.5"," ","S","30","     1.0"," ","S","30","     0.6"," ","S","30","     0.4"," ","S","30","     0.1"," ","S","30","     0.0"," ","S","30"," -9999.0","Y"," "," 0"," -9999.0","Y"," "," 0"," -9999.0","Y"," "," 0","     1.8"," ","S","30","    16.5"," ","S","30","     2.6"," ","S","30","     1.8"," ","S","30","     1.3"," ","S","30","     0.9"," ","S","30","     0.7"," ","S","30"," -9999.0","Z"," "," 0","     0.0"," ","S","30"," -9999.0","Y"," "," 0"," -9999.0","Y"," "," 0"," -9999.0","Y"," "," 0"
"USC00422592","03-23"," 37.7686","-111.5978","1770.9","ESCALANTE, UT US","03","23","99","    45.5"," ","S","29","    60.4"," ","S","29","    30.5"," ","S","30","    29.9"," ","S","29","     6.2"," ","S","29","     8.5"," ","S","29","     5.7"," ","S","30","     7.4"," ","S","29","    19.5"," ","S","29","     0.7"," ","S","29","     2.3"," ","S","29","     5.4"," ","S","29","     9.7"," ","S","29","    11.6"," ","S","29","    14.5"," ","S","29","     0.0"," ","S","29","     6.1"," ","S","29","     2.8"," ","S","29","     0.8"," ","S","29","     0.1"," ","S","29","     0.1"," ","S","29","     0.0","X","S","29","     0.0"," ","S","29","     0.0"," ","S","29","     0.0"," ","S","29","     6.1"," ","S","29","     2.8"," ","S","29","     0.8"," ","S","29","     0.1"," ","S","29","     0.1"," ","S","29","     0.0","X","S","29","     0.0"," ","S","29","     0.0"," ","S","29","     6.4"," ","S","29","     5.5"," ","S","29","    13.3"," ","S","30","     6.7"," ","S","30","     3.0"," ","S","30","     1.0"," ","S","30","     0.0"," ","S","30","     0.0"," ","S","30","     0.0"," ","S","30","     0.0"," ","S","30","    0.04"," ","S","30","    0.10"," ","S","30","    0.23"," ","S","30","    0.59"," ","S","30","    2.56"," ","S","30","     2.9"," ","S","30","     2.7"," ","S","30","     1.4"," ","S","30","     1.0"," ","S","30","     0.6"," ","S","30","     0.4"," ","S","30","     0.1"," ","S","30","     0.0"," ","S","30"," -9999.0","Y"," "," 0"," -9999.0","Y"," "," 0"," -9999.0","Y"," "," 0","     1.8"," ","S","30","    16.5"," ","S","30","     2.3"," ","S","30","     1.6"," ","S","30","     1.2"," ","S","30","     0.8"," ","S","30","     0.5"," ","S","30"," -9999.0","Z"," "," 0","     0.0"," ","S","30"," -9999.0","Y"," "," 0"," -9999.0","Y"," "," 0"," -9999.0","Y"," "," 0"
"USC00422592","03-24"," 37.7686","-111.5978","1770.9","ESCALANTE, UT US","03","24","99","    45.7"," ","S","29","    60.7"," ","S","29","    30.7"," ","S","30","    30.0"," ","S","29","     6.2"," ","S","29","     8.5"," ","S","29","     5.7"," ","S","30","     7.4"," ","S","29","    19.3"," ","S","29","     0.6"," ","S","29","     2.2"," ","S","29","     5.2"," ","S","29","     9.5"," ","S","29","    11.4"," ","S","29","    14.3"," ","S","29","     0.0"," ","S","29","     6.3"," ","S","29","     2.9"," ","S","29","     0.9"," ","S","29","     0.2"," ","S","29","     0.1"," ","S","29","     0.0","X","S","29","     0.0"," ","S","29","     0.0"," ","S","29","     0.0"," ","S","29","     6.3"," ","S","29","     2.9"," ","S","29","     0.9"," ","S","29","     0.2"," ","S","29","     0.1"," ","S","29","     0.0","X","S","29","     0.0"," ","S","29","     0.0"," ","S","29","     6.5"," ","S","29","     5.6"," ","S","29","    13.2"," ","S","30","     6.5"," ","S","30","     3.0"," ","S","30","     0.9"," ","S","30","     0.0"," ","S","30","     0.0"," ","S","30","     0.0"," ","S","30","     0.0"," ","S","30","    0.04"," ","S","30","    0.10"," ","S","30","    0.22"," ","S","30","    0.61"," ","S","30","    2.58"," ","S","30","     2.7"," ","S","30","     2.6"," ","S","30","     1.4"," ","S","30","     0.9"," ","S","30","     0.6"," ","S","30","     0.4"," ","S","30","     0.1"," ","S","30","     0.0"," ","S","30"," -9999.0","Y"," "," 0"," -9999.0","Y"," "," 0"," -9999.0","Y"," "," 0","     1.9"," ","S","30","    16.6"," ","S","30","     2.1"," ","S","30","     1.5"," ","S","30","     1.0"," ","S","30","     0.7"," ","S","30","     0.4"," ","S","30","     0.0"," ","S","30","     0.0"," ","S","30"," -9999.0","Y"," "," 0"," -9999.0","Y"," "," 0"," -9999.0","Y"," "," 0"
"USC00422592","03-25"," 37.7686","-111.5978","1770.9","ESCALANTE, UT US","03","25","99","    45.9"," ","S","29","    60.9"," ","S","29","    30.8"," ","S","30","    30.1"," ","S","29","     6.2"," ","S","29","     8.6"," ","S","29","     5.7"," ","S","30","     7.4"," ","S","29","    19.1"," ","S","29","     0.6"," ","S","29","     2.1"," ","S","29","     5.1"," ","S","29","     9.3"," ","S","29","    11.2"," ","S","29","    14.1"," ","S","29","     0.0"," ","S","29","     6.4"," ","S","29","     3.0"," ","S","29","     0.9"," ","S","29","     0.2"," ","S","29","     0.1"," ","S","29","     0.0","X","S","29","     0.0"," ","S","29","     0.0"," ","S","29","     0.0"," ","S","29","     6.4"," ","S","29","     3.0"," ","S","29","     0.9"," ","S","29","     0.2"," ","S","29","     0.1"," ","S","29","     0.0","X","S","29","     0.0"," ","S","29","     0.0"," ","S","29","     6.6"," ","S","29","     5.7"," ","S","29","    13.1"," ","S","30","     6.4"," ","S","30","     2.9"," ","S","30","     0.9"," ","S","30","     0.0"," ","S","30","     0.0"," ","S","30","     0.0"," ","S","30","     0.0"," ","S","30","    0.04"," ","S","30","    0.09"," ","S","30","    0.22"," ","S","30","    0.63"," ","S","30","    2.60"," ","S","30","     2.6"," ","S","30","     2.5"," ","S","30","     1.3"," ","S","30","     0.9"," ","S","30","     0.6"," ","S","30","     0.3"," ","S","30","     0.1"," ","S","30","     0.0"," ","S","30"," -9999.0","Y"," "," 0"," -9999.0","Y"," "," 0"," -9999.0","Y"," "," 0","     1.9"," ","S","30","    16.6"," ","S","30","     1.9"," ","S","30","     1.3"," ","S","30","     0.9"," ","S","30","     0.6"," ","S","30","     0.3"," ","S","30","     0.0"," ","S","30","     0.0"," ","S","30"," -9999.0","Y"," "," 0"," -9999.0","Y"," "," 0"," -9999.0","Y"," "," 0"
"USC00422592","03-26"," 37.7686","-111.5978","1770.9","ESCALANTE, UT US","03","26","99","    46.1"," ","S","29","    61.2"," ","S","29","    31.0"," ","S","30","    30.2"," ","S","29","     6.3"," ","S","29","     8.6"," ","S","29","     5.7"," ","S","30","     7.4"," ","S","29","    18.9"," ","S","29","     0.5"," ","S","29","     2.0"," ","S","29","     4.9"," ","S","29","     9.1"," ","S","29","    11.0"," ","S","29","    13.9"," ","S","29","     0.0"," ","S","29","     6.6"," ","S","29","     3.1"," ","S","29","     1.0"," ","S","29","     0.2"," ","S","29","     0.1"," ","S","29","     0.0","X","S","29","     0.0"," ","S","29","     0.0"," ","S","29","     0.0"," ","S","29","     6.6"," ","S","29","     3.1"," ","S","29","     1.0"," ","S","29","     0.2"," ","S","29","     0.1"," ","S","29","     0.0","X","S","29","     0.0"," ","S","29","     0.0"," ","S","29","     6.7"," ","S","29","     5.8"," ","S","29","    13.1"," ","S","30","     6.3"," ","S","30","     2.9"," ","S","30","     0.9"," ","S","30","     0.0"," ","S","30","     0.0"," ","S","30","     0.0"," ","S","30","     0.0"," ","S","30","    0.03"," ","S","30","    0.09"," ","S","30","    0.22"," ","S","30","    0.65"," ","S","30","    2.62"," ","S","30","     2.5"," ","S","30","     2.4"," ","S","30","     1.2"," ","S","30","     0.9"," ","S","30","     0.6"," ","S","30","     0.3"," ","S","30","     0.1"," ","S","30","     0.0"," ","S","30"," -9999.0","Y"," "," 0"," -9999.0","Y"," "," 0"," -9999.0","Y"," "," 0","     2.0"," ","S","30","    16.7"," ","S","30","     1.7"," ","S","30","     1.2"," ","S","30","     0.8"," ","S","30","     0.5"," ","S","30","     0.3"," ","S","30","     0.0"," ","S","30","     0.0"," ","S","30"," -9999.0","Y"," "," 0"," -9999.0","Y"," "," 0"," -9999.0","Y"," "," 0"
"USC00422592","03-27"," 37.7686","-111.5978","1770.9","ESCALANTE, UT US","03","27","99","    46.3"," ","S","29","    61.4"," ","S","29","    31.1"," ","S","30","    30.3"," ","S","29","     6.3"," ","S","29","     8.6"," ","S","29","     5.7"," ","S","30","     7.4"," ","S","29","    18.7"," ","S","29","     0.5"," ","S","29","     1.9"," ","S","29","     4.7"," ","S","29","     8.9"," ","S","29","    10.8"," ","S","29","    13.7"," ","S","29","     0.0"," ","S","29","     6.8"," ","S","29","     3.2"," ","S","29","     1.0"," ","S","29","     0.2"," ","S","29","     0.1"," ","S","29","     0.0","X","S","29","     0.0"," ","S","29","     0.0"," ","S","29","     0.0"," ","S","29","     6.8"," ","S","29","     3.2"," ","S","29","     1.0"," ","S","29","     0.2"," ","S","29","     0.1"," ","S","29","     0.0","X","S","29","     0.0"," ","S","29","     0.0"," ","S","29","     6.8"," ","S","29","     5.9"," ","S","29","    13.1"," ","S","30","     6.2"," ","S","30","     2.8"," ","S","30","     0.9"," ","S","30","     0.0"," ","S","30","     0.0"," ","S","30","     0.0"," ","S","30","     0.0"," ","S","30","    0.03"," ","S","30","    0.09"," ","S","30","    0.22"," ","S","30","    0.67"," ","S","30","    2.64"," ","S","30","     2.4"," ","S","30","     2.3"," ","S","30","     1.2"," ","S","30","     0.8"," ","S","30","     0.6"," ","S","30","     0.3"," ","S","30","     0.1"," ","S","30","     0.0"," ","S","30"," -9999.0","Y"," "," 0"," -9999.0","Y"," "," 0"," -9999.0","Y"," "," 0","     2.0"," ","S","30","    16.7"," ","S","30","     1.5"," ","S","30","     1.1"," ","S","30","     0.7"," ","S","30","     0.4"," ","S","30","     0.2"," ","S","30","     0.0"," ","S","30","     0.0"," ","S","30"," -9999.0","Y"," "," 0"," -9999.0","Y"," "," 0"," -9999.0","Y"," "," 0"
"USC00422592","03-28"," 37.7686","-111.5978","1770.9","ESCALANTE, UT US","03","28","99","    46.5"," ","S","29","    61.6"," ","S","29","    31.3"," ","S","30","    30.4"," ","S","29","     6.3"," ","S","29","     8.6"," ","S","29","     5.7"," ","S","30","     7.4"," ","S","29","    18.5"," ","S","29","     0.5"," ","S","29","     1.8"," ","S","29","     4.6"," ","S","29","     8.7"," ","S","29","    10.6"," ","S","29","    13.6"," ","S","29","     0.0"," ","S","29","     6.9"," ","S","29","     3.3"," ","S","29","     1.0"," ","S","29","     0.2"," ","S","29","     0.1"," ","S","29","     0.0","X","S","29","     0.0"," ","S","29","     0.0"," ","S","29","     0.0"," ","S","29","     6.9"," ","S","29","     3.3"," ","S","29","     1.0"," ","S","29","     0.2"," ","S","29","     0.1"," ","S","29","     0.0","X","S","29","     0.0"," ","S","29","     0.0"," ","S","29","     6.9"," ","S","29","     6.0"," ","S","29","    13.0"," ","S","30","     6.1"," ","S","30","     2.8"," ","S","30","     0.9"," ","S","30","     0.0"," ","S","30","     0.0"," ","S","30","     0.0"," ","S","30","     0.0"," ","S","30","    0.03"," ","S","30","    0.09"," ","S","30","    0.22"," ","S","30","    0.69"," ","S","30","    2.66"," ","S","30","     2.3"," ","S","30","     2.2"," ","S","30","     1.1"," ","S","30","     0.8"," ","S","30","     0.6"," ","S","30","     0.3"," ","S","30","     0.1"," ","S","30","     0.0"," ","S","30"," -9999.0","Y"," "," 0"," -9999.0","Y"," "," 0"," -9999.0","Y"," "," 0","     2.1"," ","S","30","    16.8"," ","S","30","     1.3"," ","S","30","     0.9"," ","S","30","     0.6"," ","S","30","     0.3"," ","S","30","     0.1"," ","S","30","     0.0"," ","S","30","     0.0"," ","S","30"," -9999.0","Y"," "," 0"," -9999.0","Y"," "," 0"," -9999.0","Y"," "," 0"
"USC00422592","03-29"," 37.7686","-111.5978","1770.9","ESCALANTE, UT US","03","29","99","    46.6"," ","S","29","    61.9"," ","S","29","    31.4"," ","S","30","    30.4"," ","S","29","     6.3"," ","S","29","     8.6"," ","S","29","     5.7"," ","S","30","     7.4"," ","S","29","    18.4"," ","S","29","     0.4"," ","S","29","     1.7"," ","S","29","     4.4"," ","S","29","     8.5"," ","S","29","    10.4"," ","S","29","    13.4"," ","S","29","     0.0"," ","S","29","     7.1"," ","S","29","     3.4"," ","S","29","     1.1"," ","S","29","     0.2"," ","S","29","     0.1"," ","S","29","     0.0","X","S","29","     0.0"," ","S","29","     0.0"," ","S","29","     0.0"," ","S","29","     7.1"," ","S","29","     3.4"," ","S","29","     1.1"," ","S","29","     0.2"," ","S","29","     0.1"," ","S","29","     0.0","X","S","29","     0.0"," ","S","29","     0.0"," ","S","29","     7.0"," ","S","29","     6.1"," ","S","29","    13.0"," ","S","30","     6.0"," ","S","30","     2.7"," ","S","30","     0.9"," ","S","30","     0.0"," ","S","30","     0.0"," ","S","30","     0.0"," ","S","30","     0.0"," ","S","30","    0.03"," ","S","30","    0.09"," ","S","30","    0.21"," ","S","30","    0.71"," ","S","30","    2.68"," ","S","30","     2.2"," ","S","30","     2.1"," ","S","30","     1.1"," ","S","30","     0.8"," ","S","30","     0.6"," ","S","30","     0.3"," ","S","30","     0.1"," ","S","30","     0.0"," ","S","30"," -9999.0","Y"," "," 0"," -9999.0","Y"," "," 0"," -9999.0","Y"," "," 0","     2.1"," ","S","30","    16.8"," ","S","30","     1.2"," ","S","30","     0.8"," ","S","30","     0.5"," ","S","30","     0.3"," ","S","30","     0.1"," ","S","30","     0.0"," ","S","30","     0.0"," ","S","30"," -9999.0","Y"," "," 0"," -9999.0","Y"," "," 0"," -9999.0","Y"," "," 0"
"USC00422592","03-30"," 37.7686","-111.5978","1770.9","ESCALANTE, UT US","03","30","99","    46.8"," ","S","29","    62.1"," ","S","29","    31.6"," ","S","30","    30.5"," ","S","29","     6.3"," ","S","29","     8.6"," ","S","29","     5.7"," ","S","30","     7.4"," ","S","29","    18.2"," ","S","29","     0.4"," ","S","29","     1.7"," ","S","29","     4.3"," ","S","29","     8.4"," ","S","29","    10.2"," ","S","29","    13.2"," ","S","29","     0.0","X","S","29","     7.3"," ","S","29","     3.5"," ","S","29","     1.2"," ","S","29","     0.2"," ","S","29","     0.1"," ","S","29","     0.0","X","S","29","     0.0"," ","S","29","     0.0"," ","S","29","     0.0","X","S","29","     7.3"," ","S","29","     3.5"," ","S","29","     1.2"," ","S","29","     0.2"," ","S","29","     0.1"," ","S","29","     0.0","X","S","29","     0.0"," ","S","29","     0.0"," ","S","29","     7.1"," ","S","29","     6.2"," ","S","29","    12.9"," ","S","30","     5.9"," ","S","30","     2.6"," ","S","30","     0.8"," ","S","30","     0.0"," ","S","30","     0.0"," ","S","30","     0.0"," ","S","30","     0.0"," ","S","30","    0.03"," ","S","30","    0.08"," ","S","30","    0.21"," ","S","30","    0.73"," ","S","30","    2.70"," ","S","30","     2.1"," ","S","30","     2.1"," ","S","30","     1.0"," ","S","30","     0.8"," ","S","30","     0.6"," ","S","30","     0.3"," ","S","30","     0.1"," ","S","30","     0.0"," ","S","30"," -9999.0","Y"," "," 0"," -9999.0","Y"," "," 0"," -9999.0","Y"," "," 0","     2.2"," ","S","30","    16.9"," ","S","30","     1.1"," ","S","30","     0.8"," ","S","30","     0.5"," ","S","30","     0.2"," ","S","30","     0.0"," ","S","30","     0.0"," ","S","30","     0.0"," ","S","30"," -9999.0","Y"," "," 0"," -9999.0","Y"," "," 0"," -9999.0","Y"," "," 0"
"USC00422592","03-31"," 37.7686","-111.5978","1770.9","ESCALANTE, UT US","03","31","99","    47.0"," ","S","29","    62.3"," ","S","29","    31.8"," ","S","30","    30.5"," ","S","29","     6.2"," ","S","29","     8.5"," ","S","29","     5.7"," ","S","30","     7.4"," ","S","29","    18.0"," ","S","29","     0.4"," ","S","29","     1.6"," ","S","29","     4.2"," ","S","29","     8.2"," ","S","29","    10.1"," ","S","29","    13.0"," ","S","29","     0.0","X","S","29","     7.4"," ","S","29","     3.6"," ","S","29","     1.2"," ","S","29","     0.2"," ","S","29","     0.1"," ","S","29","     0.0","X","S","29","     0.0"," ","S","29","     0.0"," ","S","29","     0.0","X","S","29","     7.4"," ","S","29","     3.6"," ","S","29","     1.2"," ","S","29","     0.2"," ","S","29","     0.1"," ","S","29","     0.0","X","S","29","     0.0"," ","S","29","     0.0"," ","S","29","     7.2"," ","S","29","     6.3"," ","S","29","    12.9"," ","S","30","     5.8"," ","S","30","     2.6"," ","S","30","     0.8"," ","S","30","     0.0"," ","S","30","     0.0"," ","S","30","     0.0"," ","S","30","     0.0"," ","S","30","    0.03"," ","S","30","    0.08"," ","S","30","    0.21"," ","S","30","    0.75"," ","S","30","    2.72"," ","S","30","     2.0"," ","S","30","     2.0"," ","S","30","     1.0"," ","S","30","     0.7"," ","S","30","     0.6"," ","S","30","     0.3"," ","S","30","     0.1"," ","S","30","     0.0"," ","S","30"," -9999.0","Y"," "," 0"," -9999.0","Y"," "," 0"," -9999.0","Y"," "," 0","     2.2"," ","S","30","    16.9"," ","S","30","     1.0"," ","S","30","     0.7"," ","S","30","     0.4"," ","S","30","     0.2"," ","S","30","     0.0"," ","S","30","     0.0"," ","S","30","     0.0"," ","S","30"," -9999.0","Y"," "," 0"," -9999.0","Y"," "," 0"," -9999.0","Y"," "," 0"
"USC00422592","04-01"," 37.7686","-111.5978","1770.9","ESCALANTE, UT US","04","01","99","    47.2"," ","S","29","    62.5"," ","S","29","    31.9"," ","S","30","    30.6"," ","S","29","     6.2"," ","S","29","     8.5"," ","S","29","     5.7"," ","S","30","     7.4"," ","S","29","    17.8"," ","S","29","     0.4"," ","S","29","     1.6"," ","S","29","     4.1"," ","S","29","     8.0"," ","S","29","     9.9"," ","S","29","    12.8"," ","S","29","     0.0","X","S","29","     7.6"," ","S","29","     3.8"," ","S","29","     1.3"," ","S","29","     0.2"," ","S","29","     0.1"," ","S","29","     0.0","X","S","29","     0.0"," ","S","29","     0.0"," ","S","29","     0.0","X","S","29","     7.6"," ","S","29","     3.8"," ","S","29","     1.3"," ","S","29","     0.2"," ","S","29","     0.1"," ","S","29","     0.0","X","S","29","     0.0"," ","S","29","     0.0"," ","S","29","     7.3"," ","S","29","     6.4"," ","S","29","    13.0"," ","S","30","     5.7"," ","S","30","     2.5"," ","S","30","     0.8"," ","S","30","     0.0"," ","S","30","     0.0"," ","S","30","     0.0"," ","S","30","     0.0"," ","S","30","    0.03"," ","S","30","    0.08"," ","S","30","    0.20"," ","S","30","    0.02"," ","S","30","    2.74"," ","S","30","     2.0"," ","S","30","     1.9"," ","S","30","     1.0"," ","S","30","     0.7"," ","S","30","     0.6"," ","S","30","     0.4"," ","S","30","     0.1"," ","S","30","     0.0"," ","S","30"," -9999.0","Y"," "," 0"," -9999.0","Y"," "," 0"," -9999.0","Y"," "," 0","     0.1"," ","S","30","    17.0"," ","S","30","     0.9"," ","S","30","     0.6"," ","S","30","     0.4"," ","S","30","     0.2"," ","S","30","     0.0"," ","S","30","     0.0"," ","S","30","     0.0"," ","S","30"," -9999.0","Y"," "," 0"," -9999.0","Y"," "," 0"," -9999.0","Y"," "," 0"
"USC00422592","04-02"," 37.7686","-111.5978","1770.9","ESCALANTE, UT US","04","02","99","    47.4"," ","S","29","    62.7"," ","S","29","    32.1"," ","S","30","    30.6"," ","S","29","     6.2"," ","S","29","     8.5"," ","S","29","     5.7"," ","S","30","     7.3"," ","S","29","    17.6"," ","S","29","     0.4"," ","S","29","     1.5"," ","S","29","     4.0"," ","S","29","     7.9"," ","S","29","     9.7"," ","S","29","    12.6"," ","S","29","     0.0","X","S","29","     7.7"," ","S","29","     3.9"," ","S","29","     1.4"," ","S","29","     0.3"," ","S","29","     0.1"," ","S","29","     0.0","X","S","29","     0.0"," ","S","29","     0.0"," ","S","29","     0.0","X","S","29","     7.7"," ","S","29","     3.9"," ","S","29","     1.4"," ","S","29","     0.3"," ","S","29","     0.1"," ","S","29","     0.0","X","S","29","     0.0"," ","S","29","     0.0"," ","S","29","     7.4"," ","S","29","     6.5"," ","S","29","    13.0"," ","S","30","     5.5"," ","S","30","     2.4"," ","S","30","     0.8"," ","S","30","     0.0"," ","S","30","     0.0"," ","S","30","     0.0"," ","S","30","     0.0"," ","S","30","    0.03"," ","S","30","    0.08"," ","S","30","    0.20"," ","S","30","    0.04"," ","S","30","    2.76"," ","S","30","     1.9"," ","S","30","     1.9"," ","S","30","     0.9"," ","S","30","     0.7"," ","S","30","     0.6"," ","S","30","     0.4"," ","S","30","     0.1"," ","S","30","     0.0"," ","S","30"," -9999.0","Y"," "," 0"," -9999.0","Y"," "," 0"," -9999.0","Y"," "," 0","     0.2"," ","S","30","    17.1"," ","S","30","     0.8"," ","S","30","     0.6"," ","S","30","     0.3"," ","S","30","     0.1"," ","S","30","     0.0"," ","S","30","     0.0"," ","S","30","     0.0"," ","S","30"," -9999.0","Y"," "," 0"," -9999.0","Y"," "," 0"," -9999.0","Y"," "," 0"
"USC00422592","04-03"," 37.7686","-111.5978","1770.9","ESCALANTE, UT US","04","03","99","    47.6"," ","S","29","    62.9"," ","S","29","    32.3"," ","S","30","    30.6"," ","S","29","     6.2"," ","S","29","     8.5"," ","S","29","     5.7"," ","S","30","     7.3"," ","S","29","    17.4"," ","S","29","     0.3"," ","S","29","     1.5"," ","S","29","     3.9"," ","S","29","     7.7"," ","S","29","     9.6"," ","S","29","    12.5"," ","S","29","     0.0","X","S","29","     7.9"," ","S","29","     4.1"," ","S","29","     1.5"," ","S","29","     0.3"," ","S","29","     0.1"," ","S","29","     0.0","X","S","29","     0.0"," ","S","29","     0.0"," ","S","29","     0.0","X","S","29","     7.9"," ","S","29","     4.1"," ","S","29","     1.5"," ","S","29","     0.3"," ","S","29","     0.1"," ","S","29","     0.0","X","S","29","     0.0"," ","S","29","     0.0"," ","S","29","     7.5"," ","S","29","     6.6"," ","S","29","    13.0"," ","S","30","     5.4"," ","S","30","     2.3"," ","S","30","     0.8"," ","S","30","     0.0"," ","S","30","     0.0"," ","S","30","     0.0"," ","S","30","     0.0"," ","S","30","    0.03"," ","S","30","    0.08"," ","S","30","    0.19"," ","S","30","    0.06"," ","S","30","    2.78"," ","S","30","     1.8"," ","S","30","     1.8"," ","S","30","     0.9"," ","S","30","     0.7"," ","S","30","     0.6"," ","S","30","     0.4"," ","S","30","     0.1"," ","S","30","     0.0"," ","S","30"," -9999.0","Y"," "," 0"," -9999.0","Y"," "," 0"," -9999.0","Y"," "," 0","     0.2"," ","S","30","    17.1"," ","S","30","     0.8"," ","S","30","     0.6"," ","S","30","     0.3"," ","S","30","     0.1"," ","S","30","     0.0"," ","S","30","     0.0"," ","S","30","     0.0"," ","S","30"," -9999.0","Y"," "," 0"," -9999.0","Y"," "," 0"," -9999.0","Y"," "," 0"
"USC00422592","04-04"," 37.7686","-111.5978","1770.9","ESCALANTE, UT US","04","04","99","    47.7"," ","S","29","    63.1"," ","S","29","    32.4"," ","S","30","    30.6"," ","S","29","     6.2"," ","S","29","     8.5"," ","S","29","     5.7"," ","S","30","     7.3"," ","S","29","    17.3"," ","S","29","     0.3"," ","S","29","     1.5"," ","S","29","     3.8"," ","S","29","     7.6"," ","S","29","     9.4"," ","S","29","    12.3"," ","S","29","     0.0","X","S","29","     8.1"," ","S","29","     4.2"," ","S","29","     1.6"," ","S","29","     0.3"," ","S","29","     0.1"," ","S","29","     0.0","X","S","29","     0.0"," ","S","29","     0.0"," ","S","29","     0.0","X","S","29","     8.1"," ","S","29","     4.2"," ","S","29","     1.6"," ","S","29","     0.3"," ","S","29","     0.1"," ","S","29","     0.0","X","S","29","     0.0"," ","S","29","     0.0"," ","S","29","     7.6"," ","S","29","     6.7"," ","S","29","    13.0"," ","S","30","     5.3"," ","S","30","     2.2"," ","S","30","     0.7"," ","S","30","     0.0"," ","S","30","     0.0"," ","S","30","     0.0"," ","S","30","     0.0"," ","S","30","    0.03"," ","S","30","    0.07"," ","S","30","    0.18"," ","S","30","    0.08"," ","S","30","    2.80"," ","S","30","     1.7"," ","S","30","     1.7"," ","S","30","     0.8"," ","S","30","     0.7"," ","S","30","     0.6"," ","S","30","     0.4"," ","S","30","     0.1"," ","S","30","     0.0"," ","S","30"," -9999.0","Y"," "," 0"," -9999.0","Y"," "," 0"," -9999.0","Y"," "," 0","     0.3"," ","S","30","    17.2"," ","S","30","     0.7"," ","S","30","     0.5"," ","S","30","     0.3"," ","S","30","     0.1"," ","S","30","     0.0"," ","S","30","     0.0"," ","S","30","     0.0"," ","S","30"," -9999.0","Y"," "," 0"," -9999.0","Y"," "," 0"," -9999.0","Y"," "," 0"
"USC00422592","04-05"," 37.7686","-111.5978","1770.9","ESCALANTE, UT US","04","05","99","    47.9"," ","S","29","    63.3"," ","S","29","    32.6"," ","S","30","    30.7"," ","S","29","     6.2"," ","S","29","     8.5"," ","S","29","     5.7"," ","S","30","     7.3"," ","S","29","    17.1"," ","S","29","     0.3"," ","S","29","     1.4"," ","S","29","     3.7"," ","S","29","     7.4"," ","S","29","     9.2"," ","S","29","    12.1"," ","S","29","     0.0","X","S","29","     8.3"," ","S","29","     4.4"," ","S","29","     1.7"," ","S","29","     0.4"," ","S","29","     0.1"," ","S","29","     0.0","X","S","29","     0.0"," ","S","29","     0.0"," ","S","29","     0.0","X","S","29","     8.3"," ","S","29","     4.4"," ","S","29","     1.7"," ","S","29","     0.4"," ","S","29","     0.1"," ","S","29","     0.0","X","S","29","     0.0"," ","S","29","     0.0"," ","S","29","     7.7"," ","S","29","     6.8"," ","S","29","    13.0"," ","S","30","     5.1"," ","S","30","     2.1"," ","S","30","     0.7"," ","S","30","     0.0"," ","S","30","     0.0"," ","S","30","     0.0"," ","S","30","     0.0"," ","S","30","    0.03"," ","S","30","    0.07"," ","S","30","    0.18"," ","S","30","    0.09"," ","S","30","    2.81"," ","S","30","     1.6"," ","S","30","     1.6"," ","S","30","     0.8"," ","S","30","     0.6"," ","S","30","     0.6"," ","S","30","     0.4"," ","S","30","     0.1"," ","S","30","     0.0"," ","S","30"," -9999.0","Y"," "," 0"," -9999.0","Y"," "," 0"," -9999.0","Y"," "," 0","     0.4"," ","S","30","    17.3"," ","S","30","     0.7"," ","S","30","     0.5"," ","S","30","     0.3"," ","S","30","     0.1"," ","S","30","     0.0"," ","S","30","     0.0"," ","S","30","     0.0"," ","S","30"," -9999.0","Y"," "," 0"," -9999.0","Y"," "," 0"," -9999.0","Y"," "," 0"
"USC00422592","04-06"," 37.7686","-111.5978","1770.9","ESCALANTE, UT US","04","06","99","    48.1"," ","S","29","    63.4"," ","S","29","    32.8"," ","S","30","    30.7"," ","S","29","     6.2"," ","S","29","     8.4"," ","S","29","     5.7"," ","S","30","     7.3"," ","S","29","    16.9"," ","S","29","     0.3"," ","S","29","     1.4"," ","S","29","     3.6"," ","S","29","     7.2"," ","S","29","     9.0"," ","S","29","    11.9"," ","S","29","     0.0","X","S","29","     8.4"," ","S","29","     4.5"," ","S","29","     1.8"," ","S","29","     0.4"," ","S","29","     0.1"," ","S","29","     0.0","X","S","29","     0.0"," ","S","29","     0.0"," ","S","29","     0.0","X","S","29","     8.4"," ","S","29","     4.5"," ","S","29","     1.8"," ","S","29","     0.4"," ","S","29","     0.1"," ","S","29","     0.0","X","S","29","     0.0"," ","S","29","     0.0"," ","S","29","     7.8"," ","S","29","     6.8"," ","S","29","    13.0"," ","S","30","     5.0"," ","S","30","     2.0"," ","S","30","     0.7"," ","S","30","     0.0"," ","S","30","     0.0"," ","S","30","     0.0"," ","S","30","     0.0"," ","S","30","    0.03"," ","S","30","    0.07"," ","S","30","    0.17"," ","S","30","    0.11"," ","S","30","    2.83"," ","S","30","     1.5"," ","S","30","     1.5"," ","S","30","     0.7"," ","S","30","     0.6"," ","S","30","     0.5"," ","S","30","     0.4"," ","S","30","     0.1"," ","S","30","     0.0"," ","S","30"," -9999.0","Y"," "," 0"," -9999.0","Y"," "," 0"," -9999.0","Y"," "," 0","     0.5"," ","S","30","    17.4"," ","S","30","     0.6"," ","S","30","     0.5"," ","S","30","     0.3"," ","S","30","     0.1"," ","S","30","     0.0"," ","S","30","     0.0"," ","S","30","     0.0"," ","S","30"," -9999.0","Y"," "," 0"," -9999.0","Y"," "," 0"," -9999.0","Y"," "," 0"
"USC00422592","04-07"," 37.7686","-111.5978","1770.9","ESCALANTE, UT US","04","07","99","    48.3"," ","S","29","    63.6"," ","S","29","    33.0"," ","S","30","    30.7"," ","S","29","     6.2"," ","S","29","     8.4"," ","S","29","     5.7"," ","S","30","     7.3"," ","S","29","    16.7"," ","S","29","     0.3"," ","S","29","     1.4"," ","S","29","     3.5"," ","S","29","     7.1"," ","S","29","     8.8"," ","S","29","    11.7"," ","S","29","     0.0","X","S","29","     8.6"," ","S","29","     4.6"," ","S","29","     1.8"," ","S","29","     0.4"," ","S","29","     0.1"," ","S","29","     0.0","X","S","29","     0.0"," ","S","29","     0.0"," ","S","29","     0.0","X","S","29","     8.6"," ","S","29","     4.6"," ","S","29","     1.8"," ","S","29","     0.4"," ","S","29","     0.1"," ","S","29","     0.0","X","S","29","     0.0"," ","S","29","     0.0"," ","S","29","     7.9"," ","S","29","     6.9"," ","S","29","    13.0"," ","S","30","     4.9"," ","S","30","     1.9"," ","S","30","     0.7"," ","S","30","     0.0"," ","S","30","     0.0"," ","S","30","     0.0"," ","S","30","     0.0"," ","S","30","    0.03"," ","S","30","    0.07"," ","S","30","    0.17"," ","S","30","    0.13"," ","S","30","    2.85"," ","S","30","     1.4"," ","S","30","     1.4"," ","S","30","     0.7"," ","S","30","     0.6"," ","S","30","     0.5"," ","S","30","     0.3"," ","S","30","     0.1"," ","S","30","     0.0"," ","S","30"," -9999.0","Y"," "," 0"," -9999.0","Y"," "," 0"," -9999.0","Y"," "," 0","     0.5"," ","S","30","    17.4"," ","S","30","     0.6"," ","S","30","     0.4"," ","S","30","     0.3"," ","S","30","     0.1"," ","S","30","     0.0"," ","S","30","     0.0"," ","S","30","     0.0"," ","S","30"," -9999.0","Y"," "," 0"," -9999.0","Y"," "," 0"," -9999.0","Y"," "," 0"
"USC00422592","04-08"," 37.7686","-111.5978","1770.9","ESCALANTE, UT US","04","08","99","    48.5"," ","S","29","    63.8"," ","S","29","    33.1"," ","S","30","    30.7"," ","S","29","     6.2"," ","S","29","     8.4"," ","S","29","     5.7"," ","S","30","     7.3"," ","S","29","    16.5"," ","S","29","     0.3"," ","S","29","     1.3"," ","S","29","     3.4"," ","S","29","     6.9"," ","S","29","     8.6"," ","S","29","    11.5"," ","S","29","     0.0","X","S","29","     8.8"," ","S","29","     4.8"," ","S","29","     1.9"," ","S","29","     0.4"," ","S","29","     0.1"," ","S","29","     0.0","X","S","29","     0.0"," ","S","29","     0.0"," ","S","29","     0.0","X","S","29","     8.8"," ","S","29","     4.8"," ","S","29","     1.9"," ","S","29","     0.4"," ","S","29","     0.1"," ","S","29","     0.0","X","S","29","     0.0"," ","S","29","     0.0"," ","S","29","     8.0"," ","S","29","     7.0"," ","S","29","    13.1"," ","S","30","     4.8"," ","S","30","     1.8"," ","S","30","     0.7"," ","S","30","     0.0"," ","S","30","     0.0"," ","S","30","     0.0"," ","S","30","     0.0"," ","S","30","    0.03"," ","S","30","    0.06"," ","S","30","    0.16"," ","S","30","    0.14"," ","S","30","    2.86"," ","S","30","     1.4"," ","S","30","     1.4"," ","S","30","     0.6"," ","S","30","     0.6"," ","S","30","     0.5"," ","S","30","     0.3"," ","S","30","     0.1"," ","S","30","     0.0"," ","S","30"," -9999.0","Y"," "," 0"," -9999.0","Y"," "," 0"," -9999.0","Y"," "," 0","     0.6"," ","S","30","    17.5"," ","S","30","     0.5"," ","S","30","     0.4"," ","S","30","     0.3"," ","S","30","     0.1"," ","S","30","     0.0"," ","S","30","     0.0"," ","S","30","     0.0"," ","S","30"," -9999.0","Y"," "," 0"," -9999.0","Y"," "," 0"," -9999.0","Y"," "," 0"
"USC00422592","04-09"," 37.7686","-111.5978","1770.9","ESCALANTE, UT US","04","09","99","    48.7"," ","S","29","    64.0"," ","S","29","    33.3"," ","S","30","    30.7"," ","S","29","     6.2"," ","S","29","     8.4"," ","S","29","     5.7"," ","S","30","     7.3"," ","S","29","    16.3"," ","S","29","     0.3"," ","S","29","     1.2"," ","S","29","     3.2"," ","S","29","     6.7"," ","S","29","     8.5"," ","S","29","    11.4"," ","S","29","     0.0","X","S","29","     9.0"," ","S","29","     4.9"," ","S","29","     1.9"," ","S","29","     0.4"," ","S","29","     0.1"," ","S","29","     0.0","X","S","29","     0.0"," ","S","29","     0.0"," ","S","29","     0.0","X","S","29","     9.0"," ","S","29","     4.9"," ","S","29","     1.9"," ","S","29","     0.4"," ","S","29","     0.1"," ","S","29","     0.0","X","S","29","     0.0"," ","S","29","     0.0"," ","S","29","     8.1"," ","S","29","     7.1"," ","S","29","    13.1"," ","S","30","     4.7"," ","S","30","     1.7"," ","S","30","     0.6"," ","S","30","     0.0"," ","S","30","     0.0"," ","S","30","     0.0"," ","S","30","     0.0"," ","S","30","    0.03"," ","S","30","    0.06"," ","S","30","    0.16"," ","S","30","    0.16"," ","S","30","    2.88"," ","S","30","     1.3"," ","S","30","     1.3"," ","S","30","     0.6"," ","S","30","     0.5"," ","S","30","     0.5"," ","S","30","     0.3"," ","S","30","     0.1"," ","S","30","     0.0"," ","S","30"," -9999.0","Y"," "," 0"," -9999.0","Y"," "," 0"," -9999.0","Y"," "," 0","     0.7"," ","S","30","    17.6"," ","S","30","     0.5"," ","S","30","     0.4"," ","S","30","     0.2"," ","S","30","     0.1"," ","S","30","     0.0"," ","S","30","     0.0"," ","S","30","     0.0"," ","S","30"," -9999.0","Y"," "," 0"," -9999.0","Y"," "," 0"," -9999.0","Y"," "," 0"
"USC00422592","04-10"," 37.7686","-111.5978","1770.9","ESCALANTE, UT US","04","10","99","    48.9"," ","S","29","    64.2"," ","S","29","    33.5"," ","S","30","    30.7"," ","S","29","     6.2"," ","S","29","     8.4"," ","S","29","     5.7"," ","S","30","     7.2"," ","S","29","    16.1"," ","S","29","     0.3"," ","S","29","     1.1"," ","S","29","     3.1"," ","S","29","     6.5"," ","S","29","     8.3"," ","S","29","    11.2"," ","S","29","     0.0","X","S","29","     9.1"," ","S","29","     5.0"," ","S","29","     2.0"," ","S","29","     0.4"," ","S","29","     0.1"," ","S","29","     0.0","X","S","29","     0.0"," ","S","29","     0.0"," ","S","29","     0.0","X","S","29","     9.1"," ","S","29","     5.0"," ","S","29","     2.0"," ","S","29","     0.4"," ","S","29","     0.1"," ","S","29","     0.0","X","S","29","     0.0"," ","S","29","     0.0"," ","S","29","     8.2"," ","S","29","     7.2"," ","S","29","    13.1"," ","S","30","     4.6"," ","S","30","     1.6"," ","S","30","     0.6"," ","S","30","     0.0"," ","S","30","     0.0"," ","S","30","     0.0"," ","S","30","     0.0"," ","S","30","    0.03"," ","S","30","    0.06"," ","S","30","    0.16"," ","S","30","    0.18"," ","S","30","    2.90"," ","S","30","     1.3"," ","S","30","     1.3"," ","S","30","     0.6"," ","S","30","     0.5"," ","S","30","     0.5"," ","S","30","     0.3"," ","S","30","     0.1"," ","S","30","     0.0"," ","S","30"," -9999.0","Y"," "," 0"," -9999.0","Y"," "," 0"," -9999.0","Y"," "," 0","     0.8"," ","S","30","    17.7"," ","S","30","     0.4"," ","S","30","     0.4"," ","S","30","     0.2"," ","S","30","     0.1"," ","S","30","     0.0"," ","S","30","     0.0"," ","S","30","     0.0"," ","S","30"," -9999.0","Y"," "," 0"," -9999.0","Y"," "," 0"," -9999.0","Y"," "," 0"
"USC00422592","04-11"," 37.7686","-111.5978","1770.9","ESCALANTE, UT US","04","11","99","    49.1"," ","S","29","    64.4"," ","S","29","    33.7"," ","S","30","    30.6"," ","S","29","     6.2"," ","S","29","     8.4"," ","S","29","     5.7"," ","S","30","     7.2"," ","S","29","    15.9"," ","S","29","     0.2"," ","S","29","     1.1"," ","S","29","     3.0"," ","S","29","     6.4"," ","S","29","     8.1"," ","S","29","    11.0"," ","S","29","     0.0","X","S","29","     9.3"," ","S","29","     5.2"," ","S","29","     2.1"," ","S","29","     0.4"," ","S","29","     0.2"," ","S","29","     0.0","X","S","29","     0.0"," ","S","29","     0.0"," ","S","29","     0.0","X","S","29","     9.3"," ","S","29","     5.2"," ","S","29","     2.1"," ","S","29","     0.4"," ","S","29","     0.2"," ","S","29","     0.0","X","S","29","     0.0"," ","S","29","     0.0"," ","S","29","     8.3"," ","S","29","     7.3"," ","S","29","    13.0"," ","S","30","     4.5"," ","S","30","     1.6"," ","S","30","     0.6"," ","S","30","     0.0"," ","S","30","     0.0"," ","S","30","     0.0"," ","S","30","     0.0"," ","S","30","    0.03"," ","S","30","    0.06"," ","S","30","    0.15"," ","S","30","    0.20"," ","S","30","    2.92"," ","S","30","     1.2"," ","S","30","     1.2"," ","S","30","     0.5"," ","S","30","     0.5"," ","S","30","     0.4"," ","S","30","     0.3"," ","S","30","     0.1"," ","S","30","     0.0"," ","S","30"," -9999.0","Y"," "," 0"," -9999.0","Y"," "," 0"," -9999.0","Y"," "," 0","     0.8"," ","S","30","    17.7"," ","S","30","     0.4"," ","S","30","     0.3"," ","S","30","     0.2"," ","S","30","     0.1"," ","S","30","     0.0"," ","S","30","     0.0"," ","S","30","     0.0"," ","S","30"," -9999.0","Y"," "," 0"," -9999.0","Y"," "," 0"," -9999.0","Y"," "," 0"
"USC00422592","04-12"," 37.7686","-111.5978","1770.9","ESCALANTE, UT US","04","12","99","    49.3"," ","S","29","    64.6"," ","S","29","    33.9"," ","S","30","    30.6"," ","S","29","     6.2"," ","S","29","     8.4"," ","S","29","     5.7"," ","S","30","     7.2"," ","S","29","    15.7"," ","S","29","     0.2"," ","S","29","     1.0"," ","S","29","     2.9"," ","S","29","     6.2"," ","S","29","     7.9"," ","S","29","    10.8"," ","S","29","     0.0","X","S","29","     9.5"," ","S","29","     5.3"," ","S","29","     2.2"," ","S","29","     0.5"," ","S","29","     0.2"," ","S","29","     0.0","X","S","29","     0.0"," ","S","29","     0.0"," ","S","29","     0.0","X","S","29","     9.5"," ","S","29","     5.3"," ","S","29","     2.2"," ","S","29","     0.5"," ","S","29","     0.2"," ","S","29","     0.0","X","S","29","     0.0"," ","S","29","     0.0"," ","S","29","     8.3"," ","S","29","     7.4"," ","S","29","    13.0"," ","S","30","     4.5"," ","S","30","     1.5"," ","S","30","     0.6"," ","S","30","     0.0"," ","S","30","     0.0"," ","S","30","     0.0"," ","S","30","     0.0"," ","S","30","    0.03"," ","S","30","    0.06"," ","S","30","    0.15"," ","S","30","    0.21"," ","S","30","    2.93"," ","S","30","     1.2"," ","S","30","     1.2"," ","S","30","     0.5"," ","S","30","     0.5"," ","S","30","     0.4"," ","S","30","     0.3"," ","S","30","     0.1"," ","S","30","     0.0"," ","S","30"," -9999.0","Y"," "," 0"," -9999.0","Y"," "," 0"," -9999.0","Y"," "," 0","     0.9"," ","S","30","    17.8"," ","S","30","     0.4"," ","S","30","     0.3"," ","S","30","     0.2"," ","S","30","     0.1"," ","S","30","     0.0"," ","S","30","     0.0"," ","S","30","     0.0"," ","S","30"," -9999.0","Y"," "," 0"," -9999.0","Y"," "," 0"," -9999.0","Y"," "," 0"
"USC00422592","04-13"," 37.7686","-111.5978","1770.9","ESCALANTE, UT US","04","13","99","    49.5"," ","S","29","    64.8"," ","S","29","    34.1"," ","S","30","    30.6"," ","S","29","     6.2"," ","S","29","     8.4"," ","S","29","     5.7"," ","S","30","     7.2"," ","S","29","    15.5"," ","S","29","     0.2"," ","S","29","     1.0"," ","S","29","     2.8"," ","S","29","     6.1"," ","S","29","     7.8"," ","S","29","    10.6"," ","S","29","     0.0","X","S","29","     9.6"," ","S","29","     5.4"," ","S","29","     2.3"," ","S","29","     0.5"," ","S","29","     0.2"," ","S","29","     0.1"," ","S","29","     0.0"," ","S","29","     0.0"," ","S","29","     0.0","X","S","29","     9.6"," ","S","29","     5.4"," ","S","29","     2.3"," ","S","29","     0.5"," ","S","29","     0.2"," ","S","29","     0.1"," ","S","29","     0.0"," ","S","29","     0.0"," ","S","29","     8.4"," ","S","29","     7.5"," ","S","29","    13.0"," ","S","30","     4.4"," ","S","30","     1.5"," ","S","30","     0.6"," ","S","30","     0.0"," ","S","30","     0.0"," ","S","30","     0.0"," ","S","30","     0.0"," ","S","30","    0.03"," ","S","30","    0.06"," ","S","30","    0.15"," ","S","30","    0.23"," ","S","30","    2.95"," ","S","30","     1.1"," ","S","30","     1.1"," ","S","30","     0.5"," ","S","30","     0.5"," ","S","30","     0.4"," ","S","30","     0.3"," ","S","30","     0.1"," ","S","30","     0.0"," ","S","30"," -9999.0","Y"," "," 0"," -9999.0","Y"," "," 0"," -9999.0","Y"," "," 0","     1.0"," ","S","30","    17.9"," ","S","30","     0.4"," ","S","30","     0.3"," ","S","30","     0.2"," ","S","30","     0.1"," ","S","30","     0.0"," ","S","30","     0.0"," ","S","30","     0.0"," ","S","30"," -9999.0","Y"," "," 0"," -9999.0","Y"," "," 0"," -9999.0","Y"," "," 0"
"USC00422592","04-14"," 37.7686","-111.5978","1770.9","ESCALANTE, UT US","04","14","99","    49.7"," ","S","29","    65.0"," ","S","29","    34.4"," ","S","30","    30.6"," ","S","29","     6.2"," ","S","29","     8.4"," ","S","29","     5.7"," ","S","30","     7.2"," ","S","29","    15.3"," ","S","29","     0.2"," ","S","29","     0.9"," ","S","29","     2.7"," ","S","29","     5.9"," ","S","29","     7.6"," ","S","29","    10.4"," ","S","29","     0.0","X","S","29","     9.8"," ","S","29","     5.6"," ","S","29","     2.4"," ","S","29","     0.6"," ","S","29","     0.2"," ","S","29","     0.1"," ","S","29","     0.0"," ","S","29","     0.0"," ","S","29","     0.0","X","S","29","     9.8"," ","S","29","     5.6"," ","S","29","     2.4"," ","S","29","     0.6"," ","S","29","     0.2"," ","S","29","     0.1"," ","S","29","     0.0"," ","S","29","     0.0"," ","S","29","     8.5"," ","S","29","     7.6"," ","S","29","    13.0"," ","S","30","     4.3"," ","S","30","     1.4"," ","S","30","     0.6"," ","S","30","     0.0"," ","S","30","     0.0"," ","S","30","     0.0"," ","S","30","     0.0"," ","S","30","    0.03"," ","S","30","    0.06"," ","S","30","    0.15"," ","S","30","    0.24"," ","S","30","    2.96"," ","S","30","     1.0"," ","S","30","     1.0"," ","S","30","     0.4"," ","S","30","     0.4"," ","S","30","     0.4"," ","S","30","     0.3"," ","S","30","     0.1"," ","S","30","     0.0"," ","S","30"," -9999.0","Y"," "," 0"," -9999.0","Y"," "," 0"," -9999.0","Y"," "," 0","     1.0"," ","S","30","    17.9"," ","S","30","     0.3"," ","S","30","     0.3"," ","S","30","     0.2"," ","S","30","     0.1"," ","S","30","     0.0"," ","S","30","     0.0"," ","S","30","     0.0"," ","S","30"," -9999.0","Y"," "," 0"," -9999.0","Y"," "," 0"," -9999.0","Y"," "," 0"
"USC00422592","04-15"," 37.7686","-111.5978","1770.9","ESCALANTE, UT US","04","15","99","    49.9"," ","S","29","    65.2"," ","S","29","    34.6"," ","S","30","    30.6"," ","S","29","     6.3"," ","S","29","     8.5"," ","S","29","     5.7"," ","S","30","     7.2"," ","S","29","    15.1"," ","S","29","     0.2"," ","S","29","     0.9"," ","S","29","     2.6"," ","S","29","     5.7"," ","S","29","     7.4"," ","S","29","    10.2"," ","S","29","     0.0","X","S","29","    10.0"," ","S","29","     5.7"," ","S","29","     2.5"," ","S","29","     0.6"," ","S","29","     0.3"," ","S","29","     0.1"," ","S","29","     0.0"," ","S","29","     0.0"," ","S","29","     0.0","X","S","29","    10.0"," ","S","29","     5.7"," ","S","29","     2.5"," ","S","29","     0.6"," ","S","29","     0.3"," ","S","29","     0.1"," ","S","29","     0.0"," ","S","29","     0.0"," ","S","29","     8.6"," ","S","29","     7.7"," ","S","29","    12.9"," ","S","30","     4.3"," ","S","30","     1.3"," ","S","30","     0.5"," ","S","30","     0.0"," ","S","30","     0.0"," ","S","30","     0.0"," ","S","30","     0.0"," ","S","30","    0.03"," ","S","30","    0.06"," ","S","30","    0.15"," ","S","30","    0.26"," ","S","30","    2.98"," ","S","30","     1.0"," ","S","30","     1.0"," ","S","30","     0.4"," ","S","30","     0.4"," ","S","30","     0.4"," ","S","30","     0.3"," ","S","30","     0.1"," ","S","30","     0.0"," ","S","30"," -9999.0","Y"," "," 0"," -9999.0","Y"," "," 0"," -9999.0","Y"," "," 0","     1.1"," ","S","30","    18.0"," ","S","30","     0.3"," ","S","30","     0.3"," ","S","30","     0.2"," ","S","30","     0.1"," ","S","30","     0.0"," ","S","30","     0.0"," ","S","30","     0.0"," ","S","30"," -9999.0","Y"," "," 0"," -9999.0","Y"," "," 0"," -9999.0","Y"," "," 0"
"USC00422592","04-16"," 37.7686","-111.5978","1770.9","ESCALANTE, UT US","04","16","99","    50.1"," ","S","29","    65.4"," ","S","29","    34.8"," ","S","30","    30.6"," ","S","29","     6.3"," ","S","29","     8.5"," ","S","29","     5.7"," ","S","30","     7.2"," ","S","29","    14.9"," ","S","29","     0.2"," ","S","29","     0.8"," ","S","29","     2.5"," ","S","29","     5.5"," ","S","29","     7.2"," ","S","29","    10.0"," ","S","29","     0.0","X","S","29","    10.2"," ","S","29","     5.9"," ","S","29","     2.6"," ","S","29","     0.6"," ","S","29","     0.3"," ","S","29","     0.1"," ","S","29","     0.0"," ","S","29","     0.0"," ","S","29","     0.0","X","S","29","    10.2"," ","S","29","     5.9"," ","S","29","     2.6"," ","S","29","     0.6"," ","S","29","     0.3"," ","S","29","     0.1"," ","S","29","     0.0"," ","S","29","     0.0"," ","S","29","     8.7"," ","S","29","     7.8"," ","S","29","    12.9"," ","S","30","     4.2"," ","S","30","     1.3"," ","S","30","     0.5"," ","S","30","     0.0"," ","S","30","     0.0"," ","S","30","     0.0"," ","S","30","     0.0"," ","S","30","    0.03"," ","S","30","    0.06"," ","S","30","    0.15"," ","S","30","    0.27"," ","S","30","    2.99"," ","S","30","     0.9"," ","S","30","     0.9"," ","S","30","     0.4"," ","S","30","     0.4"," ","S","30","     0.4"," ","S","30","     0.3"," ","S","30","     0.1"," ","S","30","     0.0"," ","S","30"," -9999.0","Y"," "," 0"," -9999.0","Y"," "," 0"," -9999.0","Y"," "," 0","     1.2"," ","S","30","    18.1"," ","S","30","     0.3"," ","S","30","     0.2"," ","S","30","     0.2"," ","S","30","     0.1"," ","S","30","     0.0"," ","S","30","     0.0"," ","S","30","     0.0"," ","S","30"," -9999.0","Y"," "," 0"," -9999.0","Y"," "," 0"," -9999.0","Y"," "," 0"
"USC00422592","04-17"," 37.7686","-111.5978","1770.9","ESCALANTE, UT US","04","17","99","    50.3"," ","S","29","    65.6"," ","S","29","    35.0"," ","S","30","    30.6"," ","S","29","     6.3"," ","S","29","     8.5"," ","S","29","     5.7"," ","S","30","     7.2"," ","S","29","    14.7"," ","S","29","     0.1"," ","S","29","     0.8"," ","S","29","     2.4"," ","S","29","     5.4"," ","S","29","     7.0"," ","S","29","     9.8"," ","S","29","     0.0","X","S","29","    10.5"," ","S","29","     6.1"," ","S","29","     2.7"," ","S","29","     0.7"," ","S","29","     0.3"," ","S","29","     0.1"," ","S","29","     0.0"," ","S","29","     0.0"," ","S","29","     0.0","X","S","29","    10.5"," ","S","29","     6.1"," ","S","29","     2.7"," ","S","29","     0.7"," ","S","29","     0.3"," ","S","29","     0.1"," ","S","29","     0.0"," ","S","29","     0.0"," ","S","29","     8.9"," ","S","29","     7.9"," ","S","29","    12.9"," ","S","30","     4.2"," ","S","30","     1.2"," ","S","30","     0.5"," ","S","30","     0.0"," ","S","30","     0.0"," ","S","30","     0.0"," ","S","30","     0.0"," ","S","30","    0.03"," ","S","30","    0.06"," ","S","30","    0.15"," ","S","30","    0.29"," ","S","30","    3.01"," ","S","30","     0.9"," ","S","30","     0.9"," ","S","30","     0.4"," ","S","30","     0.4"," ","S","30","     0.3"," ","S","30","     0.3"," ","S","30","     0.1"," ","S","30","     0.0"," ","S","30"," -9999.0","Y"," "," 0"," -9999.0","Y"," "," 0"," -9999.0","Y"," "," 0","     1.2"," ","S","30","    18.1"," ","S","30","     0.3"," ","S","30","     0.2"," ","S","30","     0.1"," ","S","30","     0.1"," ","S","30","     0.0"," ","S","30","     0.0"," ","S","30","     0.0"," ","S","30"," -9999.0","Y"," "," 0"," -9999.0","Y"," "," 0"," -9999.0","Y"," "," 0"
"USC00422592","04-18"," 37.7686","-111.5978","1770.9","ESCALANTE, UT US","04","18","99","    50.5"," ","S","29","    65.8"," ","S","29","    35.2"," ","S","30","    30.6"," ","S","29","     6.3"," ","S","29","     8.5"," ","S","29","     5.7"," ","S","30","     7.1"," ","S","29","    14.5"," ","S","29","     0.1"," ","S","29","     0.7"," ","S","29","     2.2"," ","S","29","     5.2"," ","S","29","     6.8"," ","S","29","     9.5"," ","S","29","     0.0","X","S","29","    10.7"," ","S","29","     6.2"," ","S","29","     2.8"," ","S","29","     0.7"," ","S","29","     0.3"," ","S","29","     0.1"," ","S","29","     0.0"," ","S","29","     0.0"," ","S","29","     0.0","X","S","29","    10.7"," ","S","29","     6.2"," ","S","29","     2.8"," ","S","29","     0.7"," ","S","29","     0.3"," ","S","29","     0.1"," ","S","29","     0.0"," ","S","29","     0.0"," ","S","29","     9.0"," ","S","29","     8.0"," ","S","29","    12.9"," ","S","30","     4.2"," ","S","30","     1.2"," ","S","30","     0.5"," ","S","30","     0.0"," ","S","30","     0.0"," ","S","30","     0.0"," ","S","30","     0.0"," ","S","30","    0.03"," ","S","30","    0.06"," ","S","30","    0.14"," ","S","30","    0.30"," ","S","30","    3.02"," ","S","30","     0.8"," ","S","30","     0.8"," ","S","30","     0.4"," ","S","30","     0.4"," ","S","30","     0.3"," ","S","30","     0.3"," ","S","30","     0.1"," ","S","30","     0.0"," ","S","30"," -9999.0","Y"," "," 0"," -9999.0","Y"," "," 0"," -9999.0","Y"," "," 0","     1.2"," ","S","30","    18.1"," ","S","30","     0.2"," ","S","30","     0.2"," ","S","30","     0.1"," ","S","30","     0.1"," ","S","30","     0.0"," ","S","30","     0.0"," ","S","30","     0.0"," ","S","30"," -9999.0","Y"," "," 0"," -9999.0","Y"," "," 0"," -9999.0","Y"," "," 0"
"USC00422592","04-19"," 37.7686","-111.5978","1770.9","ESCALANTE, UT US","04","19","99","    50.8"," ","S","29","    66.1"," ","S","29","    35.5"," ","S","30","    30.6"," ","S","29","     6.3"," ","S","29","     8.5"," ","S","29","     5.7"," ","S","30","     7.1"," ","S","29","    14.2"," ","S","29","     0.1"," ","S","29","     0.7"," ","S","29","     2.1"," ","S","29","     5.0"," ","S","29","     6.6"," ","S","29","     9.3"," ","S","29","     0.0","X","S","29","    10.9"," ","S","29","     6.4"," ","S","29","     2.9"," ","S","29","     0.7"," ","S","29","     0.4"," ","S","29","     0.1"," ","S","29","     0.0"," ","S","29","     0.0"," ","S","29","     0.0","X","S","29","    10.9"," ","S","29","     6.4"," ","S","29","     2.9"," ","S","29","     0.7"," ","S","29","     0.4"," ","S","29","     0.1"," ","S","29","     0.0"," ","S","29","     0.0"," ","S","29","     9.1"," ","S","29","     8.1"," ","S","29","    12.9"," ","S","30","     4.2"," ","S","30","     1.2"," ","S","30","     0.5"," ","S","30","     0.0"," ","S","30","     0.0"," ","S","30","     0.0"," ","S","30","     0.0"," ","S","30","    0.03"," ","S","30","    0.06"," ","S","30","    0.14"," ","S","30","    0.31"," ","S","30","    3.03"," ","S","30","     0.8"," ","S","30","     0.8"," ","S","30","     0.3"," ","S","30","     0.3"," ","S","30","     0.3"," ","S","30","     0.3"," ","S","30","     0.1"," ","S","30","     0.0"," ","S","30"," -9999.0","Y"," "," 0"," -9999.0","Y"," "," 0"," -9999.0","Y"," "," 0","     1.3"," ","S","30","    18.2"," ","S","30","     0.2"," ","S","30","     0.2"," ","S","30","     0.1"," ","S","30","     0.0"," ","S","30","     0.0"," ","S","30","     0.0"," ","S","30","     0.0"," ","S","30"," -9999.0","Y"," "," 0"," -9999.0","Y"," "," 0"," -9999.0","Y"," "," 0"
"USC00422592","04-20"," 37.7686","-111.5978","1770.9","ESCALANTE, UT US","04","20","99","    51.0"," ","S","29","    66.3"," ","S","29","    35.7"," ","S","30","    30.6"," ","S","29","     6.3"," ","S","29","     8.5"," ","S","29","     5.7"," ","S","30","     7.1"," ","S","29","    14.0"," ","S","29","     0.1"," ","S","29","     0.6"," ","S","29","     2.0"," ","S","29","     4.8"," ","S","29","     6.4"," ","S","29","     9.1"," ","S","29","     0.0","X","S","29","    11.1"," ","S","29","     6.6"," ","S","29","     3.0"," ","S","29","     0.8"," ","S","29","     0.4"," ","S","29","     0.1"," ","S","29","     0.0"," ","S","29","     0.0"," ","S","29","     0.0","X","S","29","    11.1"," ","S","29","     6.6"," ","S","29","     3.0"," ","S","29","     0.8"," ","S","29","     0.4"," ","S","29","     0.1"," ","S","29","     0.0"," ","S","29","     0.0"," ","S","29","     9.2"," ","S","29","     8.2"," ","S","29","    12.9"," ","S","30","     4.2"," ","S","30","     1.1"," ","S","30","     0.5"," ","S","30","     0.0"," ","S","30","     0.0"," ","S","30","     0.0"," ","S","30","     0.0"," ","S","30","    0.03"," ","S","30","    0.06"," ","S","30","    0.14"," ","S","30","    0.32"," ","S","30","    3.04"," ","S","30","     0.7"," ","S","30","     0.7"," ","S","30","     0.3"," ","S","30","     0.3"," ","S","30","     0.3"," ","S","30","     0.2"," ","S","30","     0.1"," ","S","30","     0.0"," ","S","30"," -9999.0","Y"," "," 0"," -9999.0","Y"," "," 0"," -9999.0","Y"," "," 0","     1.3"," ","S","30","    18.2"," ","S","30","     0.2"," ","S","30","     0.2"," ","S","30","     0.1"," ","S","30","     0.0"," ","S","30","     0.0"," ","S","30","     0.0"," ","S","30","     0.0"," ","S","30"," -9999.0","Y"," "," 0"," -9999.0","Y"," "," 0"," -9999.0","Y"," "," 0"
"USC00422592","04-21"," 37.7686","-111.5978","1770.9","ESCALANTE, UT US","04","21","99","    51.2"," ","S","29","    66.6"," ","S","29","    35.9"," ","S","30","    30.6"," ","S","29","     6.3"," ","S","29","     8.5"," ","S","29","     5.7"," ","S","30","     7.1"," ","S","29","    13.8"," ","S","29","     0.1"," ","S","29","     0.6"," ","S","29","     1.9"," ","S","29","     4.7"," ","S","29","     6.2"," ","S","29","     8.9"," ","S","29","     0.0","X","S","29","    11.3"," ","S","29","     6.8"," ","S","29","     3.2"," ","S","29","     0.9"," ","S","29","     0.5"," ","S","29","     0.1"," ","S","29","     0.0"," ","S","29","     0.0"," ","S","29","     0.0","X","S","29","    11.3"," ","S","29","     6.8"," ","S","29","     3.2"," ","S","29","     0.9"," ","S","29","     0.5"," ","S","29","     0.1"," ","S","29","     0.0"," ","S","29","     0.0"," ","S","29","     9.3"," ","S","29","     8.3"," ","S","29","    12.9"," ","S","30","     4.2"," ","S","30","     1.1"," ","S","30","     0.5"," ","S","30","     0.0"," ","S","30","     0.0"," ","S","30","     0.0"," ","S","30","     0.0"," ","S","30","    0.03"," ","S","30","    0.06"," ","S","30","    0.14"," ","S","30","    0.33"," ","S","30","    3.05"," ","S","30","     0.7"," ","S","30","     0.7"," ","S","30","     0.3"," ","S","30","     0.3"," ","S","30","     0.3"," ","S","30","     0.2"," ","S","30","     0.0"," ","S","30","     0.0"," ","S","30"," -9999.0","Y"," "," 0"," -9999.0","Y"," "," 0"," -9999.0","Y"," "," 0","     1.3"," ","S","30","    18.2"," ","S","30","     0.2"," ","S","30","     0.2"," ","S","30","     0.1"," ","S","30","     0.0"," ","S","30","     0.0"," ","S","30","     0.0"," ","S","30","     0.0"," ","S","30"," -9999.0","Y"," "," 0"," -9999.0","Y"," "," 0"," -9999.0","Y"," "," 0"
"USC00422592","04-22"," 37.7686","-111.5978","1770.9","ESCALANTE, UT US","04","22","99","    51.5"," ","S","29","    66.8"," ","S","29","    36.2"," ","S","30","    30.7"," ","S","29","     6.3"," ","S","29","     8.5"," ","S","29","     5.7"," ","S","30","     7.1"," ","S","29","    13.5"," ","S","29","     0.1"," ","S","29","     0.5"," ","S","29","     1.9"," ","S","29","     4.5"," ","S","29","     6.1"," ","S","29","     8.7"," ","S","29","     0.0","X","S","29","    11.6"," ","S","29","     7.0"," ","S","29","     3.4"," ","S","29","     1.0"," ","S","29","     0.6"," ","S","29","     0.2"," ","S","29","     0.0"," ","S","29","     0.0"," ","S","29","     0.0","X","S","29","    11.6"," ","S","29","     7.0"," ","S","29","     3.4"," ","S","29","     1.0"," ","S","29","     0.6"," ","S","29","     0.2"," ","S","29","     0.0"," ","S","29","     0.0"," ","S","29","     9.5"," ","S","29","     8.5"," ","S","29","    12.9"," ","S","30","     4.2"," ","S","30","     1.1"," ","S","30","     0.5"," ","S","30","     0.0"," ","S","30","     0.0"," ","S","30","     0.0"," ","S","30","     0.0"," ","S","30","    0.03"," ","S","30","    0.06"," ","S","30","    0.14"," ","S","30","    0.35"," ","S","30","    3.07"," ","S","30","     0.6"," ","S","30","     0.6"," ","S","30","     0.3"," ","S","30","     0.3"," ","S","30","     0.3"," ","S","30","     0.2"," ","S","30","     0.0"," ","S","30","     0.0"," ","S","30"," -9999.0","Y"," "," 0"," -9999.0","Y"," "," 0"," -9999.0","Y"," "," 0","     1.3"," ","S","30","    18.2"," ","S","30","     0.1"," ","S","30","     0.1"," ","S","30","     0.1"," ","S","30","     0.0"," ","S","30","     0.0"," ","S","30","     0.0"," ","S","30","     0.0"," ","S","30"," -9999.0","Y"," "," 0"," -9999.0","Y"," "," 0"," -9999.0","Y"," "," 0"
"USC00422592","04-23"," 37.7686","-111.5978","1770.9","ESCALANTE, UT US","04","23","99","    51.7"," ","S","29","    67.1"," ","S","29","    36.4"," ","S","30","    30.7"," ","S","29","     6.3"," ","S","29","     8.5"," ","S","29","     5.7"," ","S","30","     7.1"," ","S","29","    13.3"," ","S","29","     0.1"," ","S","29","     0.5"," ","S","29","     1.8"," ","S","29","     4.4"," ","S","29","     5.9"," ","S","29","     8.5"," ","S","29","     0.0","X","S","29","    11.8"," ","S","29","     7.3"," ","S","29","     3.6"," ","S","29","     1.2"," ","S","29","     0.6"," ","S","29","     0.2"," ","S","29","     0.0"," ","S","29","     0.0"," ","S","29","     0.0","X","S","29","    11.8"," ","S","29","     7.3"," ","S","29","     3.6"," ","S","29","     1.2"," ","S","29","     0.6"," ","S","29","     0.2"," ","S","29","     0.0"," ","S","29","     0.0"," ","S","29","     9.6"," ","S","29","     8.6"," ","S","29","    13.0"," ","S","30","     4.2"," ","S","30","     1.1"," ","S","30","     0.5"," ","S","30","     0.0"," ","S","30","     0.0"," ","S","30","     0.0"," ","S","30","     0.0"," ","S","30","    0.03"," ","S","30","    0.06"," ","S","30","    0.14"," ","S","30","    0.36"," ","S","30","    3.08"," ","S","30","     0.6"," ","S","30","     0.6"," ","S","30","     0.3"," ","S","30","     0.3"," ","S","30","     0.3"," ","S","30","     0.2"," ","S","30","     0.0"," ","S","30","     0.0"," ","S","30"," -9999.0","Y"," "," 0"," -9999.0","Y"," "," 0"," -9999.0","Y"," "," 0","     1.3"," ","S","30","    18.2"," ","S","30","     0.1"," ","S","30","     0.1"," ","S","30","     0.1"," ","S","30","     0.0"," ","S","30","     0.0"," ","S","30","     0.0"," ","S","30","     0.0"," ","S","30"," -9999.0","Y"," "," 0"," -9999.0","Y"," "," 0"," -9999.0","Y"," "," 0"
"USC00422592","04-24"," 37.7686","-111.5978","1770.9","ESCALANTE, UT US","04","24","99","    52.0"," ","S","29","    67.4"," ","S","29","    36.6"," ","S","30","    30.7"," ","S","29","     6.3"," ","S","29","     8.5"," ","S","29","     5.7"," ","S","30","     7.1"," ","S","29","    13.0"," ","S","29","     0.1"," ","S","29","     0.5"," ","S","29","     1.8"," ","S","29","     4.3"," ","S","29","     5.7"," ","S","29","     8.2"," ","S","29","     0.0","X","S","29","    12.1"," ","S","29","     7.5"," ","S","29","     3.8"," ","S","29","     1.3"," ","S","29","     0.7"," ","S","29","     0.2"," ","S","29","     0.0"," ","S","29","     0.0"," ","S","29","     0.0","X","S","29","    12.1"," ","S","29","     7.5"," ","S","29","     3.8"," ","S","29","     1.3"," ","S","29","     0.7"," ","S","29","     0.2"," ","S","29","     0.0"," ","S","29","     0.0"," ","S","29","     9.7"," ","S","29","     8.7"," ","S","29","    13.0"," ","S","30","     4.2"," ","S","30","     1.1"," ","S","30","     0.5"," ","S","30","     0.0"," ","S","30","     0.0"," ","S","30","     0.0"," ","S","30","     0.0"," ","S","30","    0.03"," ","S","30","    0.06"," ","S","30","    0.14"," ","S","30","    0.37"," ","S","30","    3.09"," ","S","30","     0.6"," ","S","30","     0.6"," ","S","30","     0.2"," ","S","30","     0.2"," ","S","30","     0.2"," ","S","30","     0.2"," ","S","30","     0.0"," ","S","30","     0.0"," ","S","30"," -9999.0","Y"," "," 0"," -9999.0","Y"," "," 0"," -9999.0","Y"," "," 0","     1.3"," ","S","30","    18.2"," ","S","30","     0.1"," ","S","30","     0.1"," ","S","30","     0.1"," ","S","30","     0.0"," ","S","30","     0.0"," ","S","30","     0.0"," ","S","30","     0.0"," ","S","30"," -9999.0","Y"," "," 0"," -9999.0","Y"," "," 0"," -9999.0","Y"," "," 0"
"USC00422592","04-25"," 37.7686","-111.5978","1770.9","ESCALANTE, UT US","04","25","99","    52.3"," ","S","29","    67.7"," ","S","29","    36.9"," ","S","30","    30.8"," ","S","29","     6.3"," ","S","29","     8.5"," ","S","29","     5.7"," ","S","30","     7.1"," ","S","29","    12.7"," ","S","29","     0.0","X","S","29","     0.4"," ","S","29","     1.7"," ","S","29","     4.2"," ","S","29","     5.6"," ","S","29","     8.0"," ","S","29","     0.0","X","S","29","    12.3"," ","S","29","     7.7"," ","S","29","     4.0"," ","S","29","     1.4"," ","S","29","     0.8"," ","S","29","     0.3"," ","S","29","     0.0"," ","S","29","     0.0"," ","S","29","     0.0","X","S","29","    12.3"," ","S","29","     7.7"," ","S","29","     4.0"," ","S","29","     1.4"," ","S","29","     0.8"," ","S","29","     0.3"," ","S","29","     0.0"," ","S","29","     0.0"," ","S","29","     9.9"," ","S","29","     8.9"," ","S","29","    13.0"," ","S","30","     4.3"," ","S","30","     1.1"," ","S","30","     0.5"," ","S","30","     0.0"," ","S","30","     0.0"," ","S","30","     0.0"," ","S","30","     0.0"," ","S","30","    0.03"," ","S","30","    0.06"," ","S","30","    0.14"," ","S","30","    0.38"," ","S","30","    3.10"," ","S","30","     0.5"," ","S","30","     0.5"," ","S","30","     0.2"," ","S","30","     0.2"," ","S","30","     0.2"," ","S","30","     0.2"," ","S","30","     0.0"," ","S","30","     0.0"," ","S","30"," -9999.0","Y"," "," 0"," -9999.0","Y"," "," 0"," -9999.0","Y"," "," 0","     1.3"," ","S","30","    18.2"," ","S","30","     0.1"," ","S","30","     0.1"," ","S","30","     0.1"," ","S","30","     0.0"," ","S","30","     0.0"," ","S","30","     0.0"," ","S","30","     0.0"," ","S","30"," -9999.0","Y"," "," 0"," -9999.0","Y"," "," 0"," -9999.0","Y"," "," 0"
"USC00422592","04-26"," 37.7686","-111.5978","1770.9","ESCALANTE, UT US","04","26","99","    52.5"," ","S","29","    68.0"," ","S","29","    37.1"," ","S","30","    30.8"," ","S","29","     6.3"," ","S","29","     8.5"," ","S","29","     5.7"," ","S","30","     7.1"," ","S","29","    12.5"," ","S","29","     0.0","X","S","29","     0.4"," ","S","29","     1.6"," ","S","29","     4.0"," ","S","29","     5.4"," ","S","29","     7.8"," ","S","29","     0.0","X","S","29","    12.6"," ","S","29","     8.0"," ","S","29","     4.1"," ","S","29","     1.5"," ","S","29","     0.9"," ","S","29","     0.3"," ","S","29","     0.0"," ","S","29","     0.0"," ","S","29","     0.0","X","S","29","    12.6"," ","S","29","     8.0"," ","S","29","     4.1"," ","S","29","     1.5"," ","S","29","     0.9"," ","S","29","     0.3"," ","S","29","     0.0"," ","S","29","     0.0"," ","S","29","    10.0"," ","S","29","     9.0"," ","S","29","    13.0"," ","S","30","     4.3"," ","S","30","     1.1"," ","S","30","     0.5"," ","S","30","     0.0"," ","S","30","     0.0"," ","S","30","     0.0"," ","S","30","     0.0"," ","S","30","    0.03"," ","S","30","    0.06"," ","S","30","    0.14"," ","S","30","    0.40"," ","S","30","    3.12"," ","S","30","     0.5"," ","S","30","     0.5"," ","S","30","     0.2"," ","S","30","     0.2"," ","S","30","     0.2"," ","S","30","     0.2"," ","S","30","     0.0"," ","S","30","     0.0"," ","S","30"," -9999.0","Y"," "," 0"," -9999.0","Y"," "," 0"," -9999.0","Y"," "," 0","     1.4"," ","S","30","    18.3"," ","S","30","     0.1"," ","S","30","     0.1"," ","S","30","     0.0"," ","S","30","     0.0"," ","S","30","     0.0"," ","S","30","     0.0"," ","S","30","     0.0"," ","S","30"," -9999.0","Y"," "," 0"," -9999.0","Y"," "," 0"," -9999.0","Y"," "," 0"
"USC00422592","04-27"," 37.7686","-111.5978","1770.9","ESCALANTE, UT US","04","27","99","    52.8"," ","S","29","    68.3"," ","S","29","    37.4"," ","S","30","    30.9"," ","S","29","     6.3"," ","S","29","     8.5"," ","S","29","     5.7"," ","S","30","     7.0"," ","S","29","    12.2"," ","S","29","     0.0","X","S","29","     0.4"," ","S","29","     1.5"," ","S","29","     3.8"," ","S","29","     5.2"," ","S","29","     7.5"," ","S","29","     0.0","X","S","29","    12.9"," ","S","29","     8.2"," ","S","29","     4.3"," ","S","29","     1.6"," ","S","29","     1.0"," ","S","29","     0.3"," ","S","29","     0.0"," ","S","29","     0.0"," ","S","29","     0.0","X","S","29","    12.9"," ","S","29","     8.2"," ","S","29","     4.3"," ","S","29","     1.6"," ","S","29","     1.0"," ","S","29","     0.3"," ","S","29","     0.0"," ","S","29","     0.0"," ","S","29","    10.2"," ","S","29","     9.2"," ","S","29","    13.0"," ","S","30","     4.3"," ","S","30","     1.1"," ","S","30","     0.5"," ","S","30","     0.0"," ","S","30","     0.0"," ","S","30","     0.0"," ","S","30","     0.0"," ","S","30","    0.03"," ","S","30","    0.06"," ","S","30","    0.14"," ","S","30","    0.41"," ","S","30","    3.13"," ","S","30","     0.4"," ","S","30","     0.4"," ","S","30","     0.2"," ","S","30","     0.2"," ","S","30","     0.2"," ","S","30","     0.2"," ","S","30","     0.0"," ","S","30","     0.0"," ","S","30"," -9999.0","Y"," "," 0"," -9999.0","Y"," "," 0"," -9999.0","Y"," "," 0","     1.4"," ","S","30","    18.3"," ","S","30","     0.1"," ","S","30","     0.1"," ","S","30","     0.0"," ","S","30","     0.0"," ","S","30","     0.0"," ","S","30","     0.0"," ","S","30","     0.0"," ","S","30"," -9999.0","Y"," "," 0"," -9999.0","Y"," "," 0"," -9999.0","Y"," "," 0"
"USC00422592","04-28"," 37.7686","-111.5978","1770.9","ESCALANTE, UT US","04","28","99","    53.1"," ","S","29","    68.6"," ","S","29","    37.6"," ","S","30","    31.0"," ","S","29","     6.3"," ","S","29","     8.5"," ","S","29","     5.7"," ","S","30","     7.0"," ","S","29","    11.9"," ","S","29","     0.0","X","S","29","     0.4"," ","S","29","     1.4"," ","S","29","     3.7"," ","S","29","     4.9"," ","S","29","     7.3"," ","S","29","     0.0","X","S","29","    13.1"," ","S","29","     8.5"," ","S","29","     4.5"," ","S","29","     1.7"," ","S","29","     1.0"," ","S","29","     0.3"," ","S","29","     0.0"," ","S","29","     0.0"," ","S","29","     0.0","X","S","29","    13.1"," ","S","29","     8.5"," ","S","29","     4.5"," ","S","29","     1.7"," ","S","29","     1.0"," ","S","29","     0.3"," ","S","29","     0.0"," ","S","29","     0.0"," ","S","29","    10.3"," ","S","29","     9.3"," ","S","29","    13.1"," ","S","30","     4.3"," ","S","30","     1.1"," ","S","30","     0.5"," ","S","30","     0.0"," ","S","30","     0.0"," ","S","30","     0.0"," ","S","30","     0.0"," ","S","30","    0.03"," ","S","30","    0.06"," ","S","30","    0.14"," ","S","30","    0.42"," ","S","30","    3.14"," ","S","30","     0.4"," ","S","30","     0.4"," ","S","30","     0.2"," ","S","30","     0.2"," ","S","30","     0.2"," ","S","30","     0.1"," ","S","30","     0.0"," ","S","30","     0.0"," ","S","30"," -9999.0","Y"," "," 0"," -9999.0","Y"," "," 0"," -9999.0","Y"," "," 0","     1.4"," ","S","30","    18.3"," ","S","30","     0.0"," ","S","30","     0.0"," ","S","30","     0.0"," ","S","30","     0.0"," ","S","30","     0.0"," ","S","30","     0.0"," ","S","30","     0.0"," ","S","30"," -9999.0","M"," "," 0"," -9999.0","M"," "," 0"," -9999.0","M"," "," 0"
"USC00422592","04-29"," 37.7686","-111.5978","1770.9","ESCALANTE, UT US","04","29","99","    53.4"," ","S","29","    68.9"," ","S","29","    37.9"," ","S","30","    31.0"," ","S","29","     6.3"," ","S","29","     8.5"," ","S","29","     5.7"," ","S","30","     7.0"," ","S","29","    11.6"," ","S","29","     0.0","X","S","29","     0.4"," ","S","29","     1.4"," ","S","29","     3.5"," ","S","29","     4.7"," ","S","29","     7.0"," ","S","29","     0.0","X","S","29","    13.4"," ","S","29","     8.7"," ","S","29","     4.7"," ","S","29","     1.9"," ","S","29","     1.1"," ","S","29","     0.4"," ","S","29","     0.0"," ","S","29","     0.0"," ","S","29","     0.0","X","S","29","    13.4"," ","S","29","     8.7"," ","S","29","     4.7"," ","S","29","     1.9"," ","S","29","     1.1"," ","S","29","     0.4"," ","S","29","     0.0"," ","S","29","     0.0"," ","S","29","    10.5"," ","S","29","     9.5"," ","S","29","    13.1"," ","S","30","     4.4"," ","S","30","     1.1"," ","S","30","     0.5"," ","S","30","     0.0"," ","S","30","     0.0"," ","S","30","     0.0"," ","S","30","     0.0"," ","S","30","    0.03"," ","S","30","    0.06"," ","S","30","    0.14"," ","S","30","    0.44"," ","S","30","    3.16"," ","S","30","     0.4"," ","S","30","     0.4"," ","S","30","     0.1"," ","S","30","     0.1"," ","S","30","     0.1"," ","S","30","     0.1"," ","S","30","     0.0"," ","S","30","     0.0"," ","S","30"," -9999.0","Y"," "," 0"," -9999.0","Y"," "," 0"," -9999.0","Y"," "," 0","     1.4"," ","S","30","    18.3"," ","S","30","     0.0"," ","S","30","     0.0"," ","S","30","     0.0"," ","S","30","     0.0"," ","S","30","     0.0"," ","S","30","     0.0"," ","S","30","     0.0"," ","S","30"," -9999.0","M"," "," 0"," -9999.0","M"," "," 0"," -9999.0","M"," "," 0"
"USC00422592","04-30"," 37.7686","-111.5978","1770.9","ESCALANTE, UT US","04","30","99","    53.7"," ","S","29","    69.2"," ","S","29","    38.1"," ","S","30","    31.1"," ","S","29","     6.3"," ","S","29","     8.5"," ","S","29","     5.7"," ","S","30","     7.0"," ","S","29","    11.3"," ","S","29","     0.0","X","S","29","     0.3"," ","S","29","     1.3"," ","S","29","     3.4"," ","S","29","     4.6"," ","S","29","     6.8"," ","S","29","     0.0","X","S","29","    13.7"," ","S","29","     9.0"," ","S","29","     5.0"," ","S","29","     2.0"," ","S","29","     1.2"," ","S","29","     0.4"," ","S","29","     0.0"," ","S","29","     0.0"," ","S","29","     0.0","X","S","29","    13.7"," ","S","29","     9.0"," ","S","29","     5.0"," ","S","29","     2.0"," ","S","29","     1.2"," ","S","29","     0.4"," ","S","29","     0.0"," ","S","29","     0.0"," ","S","29","    10.7"," ","S","29","     9.6"," ","S","29","    13.1"," ","S","30","     4.4"," ","S","30","     1.2"," ","S","30","     0.5"," ","S","30","     0.0"," ","S","30","     0.0"," ","S","30","     0.0"," ","S","30","     0.0"," ","S","30","    0.03"," ","S","30","    0.06"," ","S","30","    0.14"," ","S","30","    0.45"," ","S","30","    3.17"," ","S","30","     0.3"," ","S","30","     0.3"," ","S","30","     0.1"," ","S","30","     0.1"," ","S","30","     0.1"," ","S","30","     0.1"," ","S","30","     0.0"," ","S","30","     0.0"," ","S","30"," -9999.0","Y"," "," 0"," -9999.0","Y"," "," 0"," -9999.0","Y"," "," 0","     1.4"," ","S","30","    18.3"," ","S","30","     0.0"," ","S","30","     0.0"," ","S","30","     0.0"," ","S","30","     0.0"," ","S","30","     0.0"," ","S","30","     0.0"," ","S","30","     0.0"," ","S","30"," -9999.0","M"," "," 0"," -9999.0","M"," "," 0"," -9999.0","M"," "," 0"
"USC00422592","05-01"," 37.7686","-111.5978","1770.9","ESCALANTE, UT US","05","01","99","    54.0"," ","S","29","    69.6"," ","S","29","    38.3"," ","S","30","    31.2"," ","S","29","     6.3"," ","S","29","     8.5"," ","S","29","     5.7"," ","S","30","     7.0"," ","S","29","    11.1"," ","S","29","     0.0","X","S","29","     0.3"," ","S","29","     1.2"," ","S","29","     3.2"," ","S","29","     4.4"," ","S","29","     6.5"," ","S","29","     0.0","X","S","29","    14.0"," ","S","29","     9.3"," ","S","29","     5.2"," ","S","29","     2.2"," ","S","29","     1.3"," ","S","29","     0.5"," ","S","29","     0.0","X","S","29","     0.0"," ","S","29","     0.0","X","S","29","    14.0"," ","S","29","     9.3"," ","S","29","     5.2"," ","S","29","     2.2"," ","S","29","     1.3"," ","S","29","     0.5"," ","S","29","     0.0","X","S","29","     0.0"," ","S","29","    10.8"," ","S","29","     9.8"," ","S","29","    13.1"," ","S","30","     4.5"," ","S","30","     1.2"," ","S","30","     0.5"," ","S","30","     0.0"," ","S","30","     0.0"," ","S","30","     0.0"," ","S","30","     0.0"," ","S","30","    0.03"," ","S","30","    0.06"," ","S","30","    0.14"," ","S","30","    0.02"," ","S","29","    3.19"," ","S","29"," -9999.0","Z"," "," 0"," -9999.0","Z"," "," 0","     0.0"," ","S","30","     0.0"," ","S","30","     0.0"," ","S","30","     0.0"," ","S","30","     0.0"," ","S","30","     0.0"," ","S","30"," -9999.0","M"," "," 0"," -9999.0","M"," "," 0"," -9999.0","M"," "," 0","     0.0"," ","S","30","    18.3"," ","S","30","     0.0"," ","S","30","     0.0"," ","S","30","     0.0"," ","S","30","     0.0"," ","S","30","     0.0"," ","S","30","     0.0"," ","S","30","     0.0"," ","S","30"," -9999.0","M"," "," 0"," -9999.0","M"," "," 0"," -9999.0","M"," "," 0"
"USC00422592","05-02"," 37.7686","-111.5978","1770.9","ESCALANTE, UT US","05","02","99","    54.3"," ","S","29","    69.9"," ","S","29","    38.6"," ","S","30","    31.3"," ","S","29","     6.3"," ","S","29","     8.5"," ","S","29","     5.7"," ","S","30","     7.0"," ","S","29","    10.8"," ","S","29","     0.0","X","S","29","     0.3"," ","S","29","     1.1"," ","S","29","     3.0"," ","S","29","     4.1"," ","S","29","     6.2"," ","S","29","     0.0","X","S","29","    14.3"," ","S","29","     9.5"," ","S","29","     5.4"," ","S","29","     2.3"," ","S","29","     1.4"," ","S","29","     0.5"," ","S","29","     0.0","X","S","29","     0.0"," ","S","29","     0.0","X","S","29","    14.3"," ","S","29","     9.5"," ","S","29","     5.4"," ","S","29","     2.3"," ","S","29","     1.4"," ","S","29","     0.5"," ","S","29","     0.0","X","S","29","     0.0"," ","S","29","    11.0"," ","S","29","    10.0"," ","S","29","    13.2"," ","S","30","     4.6"," ","S","30","     1.3"," ","S","30","     0.5"," ","S","30","     0.0"," ","S","30","     0.0"," ","S","30","     0.0"," ","S","30","     0.0"," ","S","30","    0.03"," ","S","30","    0.06"," ","S","30","    0.15"," ","S","30","    0.03"," ","S","29","    3.20"," ","S","29"," -9999.0","Z"," "," 0"," -9999.0","Z"," "," 0","     0.0"," ","S","30","     0.0"," ","S","30","     0.0"," ","S","30","     0.0"," ","S","30","     0.0"," ","S","30","     0.0"," ","S","30"," -9999.0","M"," "," 0"," -9999.0","M"," "," 0"," -9999.0","M"," "," 0","     0.0"," ","S","30","    18.3"," ","S","30","     0.0"," ","S","30","     0.0"," ","S","30","     0.0"," ","S","30","     0.0"," ","S","30","     0.0"," ","S","30","     0.0"," ","S","30","     0.0"," ","S","30"," -9999.0","M"," "," 0"," -9999.0","M"," "," 0"," -9999.0","M"," "," 0"
"USC00422592","05-03"," 37.7686","-111.5978","1770.9","ESCALANTE, UT US","05","03","99","    54.6"," ","S","29","    70.3"," ","S","29","    38.8"," ","S","30","    31.4"," ","S","29","     6.3"," ","S","29","     8.5"," ","S","29","     5.7"," ","S","30","     7.0"," ","S","29","    10.5"," ","S","29","     0.0","X","S","29","     0.3"," ","S","29","     1.1"," ","S","29","     2.9"," ","S","29","     3.9"," ","S","29","     6.0"," ","S","29","     0.0","X","S","29","    14.6"," ","S","29","     9.8"," ","S","29","     5.6"," ","S","29","     2.4"," ","S","29","     1.5"," ","S","29","     0.6"," ","S","29","     0.0","X","S","29","     0.0"," ","S","29","     0.0","X","S","29","    14.6"," ","S","29","     9.8"," ","S","29","     5.6"," ","S","29","     2.4"," ","S","29","     1.5"," ","S","29","     0.6"," ","S","29","     0.0","X","S","29","     0.0"," ","S","29","    11.2"," ","S","29","    10.2"," ","S","29","    13.2"," ","S","30","     4.6"," ","S","30","     1.4"," ","S","30","     0.5"," ","S","30","     0.0"," ","S","30","     0.0"," ","S","30","     0.0"," ","S","30","     0.0"," ","S","30","    0.03"," ","S","30","    0.06"," ","S","30","    0.15"," ","S","30","    0.05"," ","S","29","    3.22"," ","S","29"," -9999.0","Z"," "," 0"," -9999.0","Z"," "," 0","     0.0"," ","S","30","     0.0"," ","S","30","     0.0"," ","S","30","     0.0"," ","S","30","     0.0"," ","S","30","     0.0"," ","S","30"," -9999.0","M"," "," 0"," -9999.0","M"," "," 0"," -9999.0","M"," "," 0","     0.0"," ","S","30","    18.3"," ","S","30","     0.0"," ","S","30","     0.0"," ","S","30","     0.0"," ","S","30","     0.0"," ","S","30","     0.0"," ","S","30","     0.0"," ","S","30","     0.0"," ","S","30"," -9999.0","M"," "," 0"," -9999.0","M"," "," 0"," -9999.0","M"," "," 0"
"USC00422592","05-04"," 37.7686","-111.5978","1770.9","ESCALANTE, UT US","05","04","99","    54.9"," ","S","29","    70.6"," ","S","29","    39.1"," ","S","30","    31.6"," ","S","29","     6.3"," ","S","29","     8.5"," ","S","29","     5.7"," ","S","30","     7.0"," ","S","29","    10.2"," ","S","29","     0.0","X","S","29","     0.2"," ","S","29","     1.0"," ","S","29","     2.7"," ","S","29","     3.8"," ","S","29","     5.8"," ","S","29","     0.0","X","S","29","    14.9"," ","S","29","    10.1"," ","S","29","     5.9"," ","S","29","     2.6"," ","S","29","     1.6"," ","S","29","     0.6"," ","S","29","     0.0","X","S","29","     0.0"," ","S","29","     0.0","X","S","29","    14.9"," ","S","29","    10.1"," ","S","29","     5.9"," ","S","29","     2.6"," ","S","29","     1.6"," ","S","29","     0.6"," ","S","29","     0.0","X","S","29","     0.0"," ","S","29","    11.4"," ","S","29","    10.3"," ","S","29","    13.2"," ","S","30","     4.7"," ","S","30","     1.5"," ","S","30","     0.6"," ","S","30","     0.0"," ","S","30","     0.0"," ","S","30","     0.0"," ","S","30","     0.0"," ","S","30","    0.03"," ","S","30","    0.07"," ","S","30","    0.15"," ","S","30","    0.06"," ","S","29","    3.23"," ","S","29"," -9999.0","Z"," "," 0"," -9999.0","Z"," "," 0","     0.0"," ","S","30","     0.0"," ","S","30","     0.0"," ","S","30","     0.0"," ","S","30","     0.0"," ","S","30","     0.0"," ","S","30"," -9999.0","M"," "," 0"," -9999.0","M"," "," 0"," -9999.0","M"," "," 0","     0.0"," ","S","30","    18.3"," ","S","30","     0.0"," ","S","30","     0.0"," ","S","30","     0.0"," ","S","30","     0.0"," ","S","30","     0.0"," ","S","30","     0.0"," ","S","30","     0.0"," ","S","30"," -9999.0","M"," "," 0"," -9999.0","M"," "," 0"," -9999.0","M"," "," 0"
"USC00422592","05-05"," 37.7686","-111.5978","1770.9","ESCALANTE, UT US","05","05","99","    55.2"," ","S","29","    71.0"," ","S","29","    39.3"," ","S","30","    31.7"," ","S","29","     6.4"," ","S","29","     8.5"," ","S","29","     5.7"," ","S","30","     7.0"," ","S","29","     9.9"," ","S","29","     0.0","X","S","29","     0.2"," ","S","29","     0.9"," ","S","29","     2.6"," ","S","29","     3.6"," ","S","29","     5.6"," ","S","29","     0.1"," ","S","29","    15.2"," ","S","29","    10.4"," ","S","29","     6.1"," ","S","29","     2.8"," ","S","29","     1.8"," ","S","29","     0.7"," ","S","29","     0.0","X","S","29","     0.0"," ","S","29","     0.1"," ","S","29","    15.2"," ","S","29","    10.4"," ","S","29","     6.1"," ","S","29","     2.8"," ","S","29","     1.8"," ","S","29","     0.7"," ","S","29","     0.0","X","S","29","     0.0"," ","S","29","    11.6"," ","S","29","    10.5"," ","S","29","    13.2"," ","S","30","     4.7"," ","S","30","     1.6"," ","S","30","     0.6"," ","S","30","     0.0"," ","S","30","     0.0"," ","S","30","     0.0"," ","S","30","     0.0"," ","S","30","    0.03"," ","S","30","    0.07"," ","S","30","    0.16"," ","S","30","    0.08"," ","S","29","    3.25"," ","S","29"," -9999.0","Z"," "," 0"," -9999.0","Z"," "," 0","     0.0"," ","S","30","     0.0"," ","S","30","     0.0"," ","S","30","     0.0"," ","S","30","     0.0"," ","S","30","     0.0"," ","S","30"," -9999.0","M"," "," 0"," -9999.0","M"," "," 0"," -9999.0","M"," "," 0","     0.0"," ","S","30","    18.3"," ","S","30","     0.0"," ","S","30","     0.0"," ","S","30","     0.0"," ","S","30","     0.0"," ","S","30","     0.0"," ","S","30","     0.0"," ","S","30","     0.0"," ","S","30"," -9999.0","M"," "," 0"," -9999.0","M"," "," 0"," -9999.0","M"," "," 0"
"USC00422592","05-06"," 37.7686","-111.5978","1770.9","ESCALANTE, UT US","05","06","99","    55.5"," ","S","29","    71.4"," ","S","29","    39.6"," ","S","30","    31.8"," ","S","29","     6.4"," ","S","29","     8.6"," ","S","29","     5.7"," ","S","30","     7.0"," ","S","29","     9.6"," ","S","29","     0.0","X","S","29","     0.2"," ","S","29","     0.9"," ","S","29","     2.5"," ","S","29","     3.4"," ","S","29","     5.3"," ","S","29","     0.1"," ","S","29","    15.5"," ","S","29","    10.7"," ","S","29","     6.3"," ","S","29","     2.9"," ","S","29","     1.9"," ","S","29","     0.8"," ","S","29","     0.0","X","S","29","     0.0"," ","S","29","     0.1"," ","S","29","    15.5"," ","S","29","    10.7"," ","S","29","     6.3"," ","S","29","     2.9"," ","S","29","     1.9"," ","S","29","     0.8"," ","S","29","     0.0","X","S","29","     0.0"," ","S","29","    11.8"," ","S","29","    10.7"," ","S","29","    13.2"," ","S","30","     4.8"," ","S","30","     1.6"," ","S","30","     0.6"," ","S","30","     0.0"," ","S","30","     0.0"," ","S","30","     0.0"," ","S","30","     0.0"," ","S","30","    0.03"," ","S","30","    0.07"," ","S","30","    0.16"," ","S","30","    0.10"," ","S","29","    3.27"," ","S","29"," -9999.0","Z"," "," 0"," -9999.0","Z"," "," 0","     0.0"," ","S","30","     0.0"," ","S","30","     0.0"," ","S","30","     0.0"," ","S","30","     0.0"," ","S","30","     0.0"," ","S","30"," -9999.0","M"," "," 0"," -9999.0","M"," "," 0"," -9999.0","M"," "," 0","     0.0"," ","S","30","    18.3"," ","S","30","     0.0"," ","S","30","     0.0"," ","S","30","     0.0"," ","S","30","     0.0"," ","S","30","     0.0"," ","S","30","     0.0"," ","S","30","     0.0"," ","S","30"," -9999.0","M"," "," 0"," -9999.0","M"," "," 0"," -9999.0","M"," "," 0"
"USC00422592","05-07"," 37.7686","-111.5978","1770.9","ESCALANTE, UT US","05","07","99","    55.8"," ","S","29","    71.8"," ","S","29","    39.8"," ","S","30","    32.0"," ","S","29","     6.4"," ","S","29","     8.6"," ","S","29","     5.7"," ","S","30","     6.9"," ","S","29","     9.3"," ","S","29","     0.0","X","S","29","     0.2"," ","S","29","     0.8"," ","S","29","     2.3"," ","S","29","     3.2"," ","S","29","     5.1"," ","S","29","     0.1"," ","S","29","    15.8"," ","S","29","    11.0"," ","S","29","     6.6"," ","S","29","     3.1"," ","S","29","     2.0"," ","S","29","     0.9"," ","S","29","     0.0","X","S","29","     0.0"," ","S","29","     0.1"," ","S","29","    15.8"," ","S","29","    11.0"," ","S","29","     6.6"," ","S","29","     3.1"," ","S","29","     2.0"," ","S","29","     0.9"," ","S","29","     0.0","X","S","29","     0.0"," ","S","29","    12.0"," ","S","29","    10.9"," ","S","29","    13.2"," ","S","30","     4.9"," ","S","30","     1.7"," ","S","30","     0.6"," ","S","30","     0.0"," ","S","30","     0.0"," ","S","30","     0.0"," ","S","30","     0.0"," ","S","30","    0.03"," ","S","30","    0.07"," ","S","30","    0.17"," ","S","30","    0.11"," ","S","29","    3.28"," ","S","29"," -9999.0","Z"," "," 0"," -9999.0","Z"," "," 0","     0.0"," ","S","30","     0.0"," ","S","30","     0.0"," ","S","30","     0.0"," ","S","30","     0.0"," ","S","30","     0.0"," ","S","30"," -9999.0","M"," "," 0"," -9999.0","M"," "," 0"," -9999.0","M"," "," 0","     0.0"," ","S","30","    18.3"," ","S","30","     0.0"," ","S","30","     0.0"," ","S","30","     0.0"," ","S","30","     0.0"," ","S","30","     0.0"," ","S","30","     0.0"," ","S","30","     0.0"," ","S","30"," -9999.0","M"," "," 0"," -9999.0","M"," "," 0"," -9999.0","M"," "," 0"
"USC00422592","05-08"," 37.7686","-111.5978","1770.9","ESCALANTE, UT US","05","08","99","    56.1"," ","S","29","    72.2"," ","S","29","    40.0"," ","S","30","    32.1"," ","S","29","     6.4"," ","S","29","     8.5"," ","S","29","     5.7"," ","S","30","     6.9"," ","S","29","     9.0"," ","S","29","     0.0","X","S","29","     0.1"," ","S","29","     0.7"," ","S","29","     2.1"," ","S","29","     3.0"," ","S","29","     4.8"," ","S","29","     0.1"," ","S","29","    16.1"," ","S","29","    11.2"," ","S","29","     6.8"," ","S","29","     3.2"," ","S","29","     2.1"," ","S","29","     0.9"," ","S","29","     0.0","X","S","29","     0.0"," ","S","29","     0.1"," ","S","29","    16.1"," ","S","29","    11.2"," ","S","29","     6.8"," ","S","29","     3.2"," ","S","29","     2.1"," ","S","29","     0.9"," ","S","29","     0.0","X","S","29","     0.0"," ","S","29","    12.2"," ","S","29","    11.1"," ","S","29","    13.2"," ","S","30","     4.9"," ","S","30","     1.8"," ","S","30","     0.7"," ","S","30","     0.0"," ","S","30","     0.0"," ","S","30","     0.0"," ","S","30","     0.0"," ","S","30","    0.03"," ","S","30","    0.07"," ","S","30","    0.17"," ","S","30","    0.13"," ","S","29","    3.30"," ","S","29"," -9999.0","Z"," "," 0"," -9999.0","Z"," "," 0","     0.0"," ","S","30","     0.0"," ","S","30","     0.0"," ","S","30","     0.0"," ","S","30","     0.0"," ","S","30","     0.0"," ","S","30"," -9999.0","M"," "," 0"," -9999.0","M"," "," 0"," -9999.0","M"," "," 0","     0.0"," ","S","30","    18.3"," ","S","30","     0.0"," ","S","30","     0.0"," ","S","30","     0.0"," ","S","30","     0.0"," ","S","30","     0.0"," ","S","30","     0.0"," ","S","30","     0.0"," ","S","30"," -9999.0","M"," "," 0"," -9999.0","M"," "," 0"," -9999.0","M"," "," 0"
"USC00422592","05-09"," 37.7686","-111.5978","1770.9","ESCALANTE, UT US","05","09","99","    56.4"," ","S","29","    72.5"," ","S","29","    40.3"," ","S","30","    32.3"," ","S","29","     6.4"," ","S","29","     8.5"," ","S","29","     5.7"," ","S","30","     6.9"," ","S","29","     8.7"," ","S","29","     0.0","X","S","29","     0.1"," ","S","29","     0.6"," ","S","29","     2.0"," ","S","29","     2.8"," ","S","29","     4.6"," ","S","29","     0.1"," ","S","29","    16.4"," ","S","29","    11.5"," ","S","29","     7.0"," ","S","29","     3.4"," ","S","29","     2.2"," ","S","29","     1.0"," ","S","29","     0.0","X","S","29","     0.0"," ","S","29","     0.1"," ","S","29","    16.4"," ","S","29","    11.5"," ","S","29","     7.0"," ","S","29","     3.4"," ","S","29","     2.2"," ","S","29","     1.0"," ","S","29","     0.0","X","S","29","     0.0"," ","S","29","    12.4"," ","S","29","    11.3"," ","S","29","    13.2"," ","S","30","     5.0"," ","S","30","     1.9"," ","S","30","     0.7"," ","S","30","     0.0"," ","S","30","     0.0"," ","S","30","     0.0"," ","S","30","     0.0"," ","S","30","    0.03"," ","S","30","    0.07"," ","S","30","    0.18"," ","S","30","    0.15"," ","S","29","    3.32"," ","S","29"," -9999.0","Z"," "," 0"," -9999.0","Z"," "," 0","     0.0"," ","S","30","     0.0"," ","S","30","     0.0"," ","S","30","     0.0"," ","S","30","     0.0"," ","S","30","     0.0"," ","S","30"," -9999.0","M"," "," 0"," -9999.0","M"," "," 0"," -9999.0","M"," "," 0","     0.0"," ","S","30","    18.3"," ","S","30","     0.0"," ","S","30","     0.0"," ","S","30","     0.0"," ","S","30","     0.0"," ","S","30","     0.0"," ","S","30","     0.0"," ","S","30","     0.0"," ","S","30"," -9999.0","M"," "," 0"," -9999.0","M"," "," 0"," -9999.0","M"," "," 0"
"USC00422592","05-10"," 37.7686","-111.5978","1770.9","ESCALANTE, UT US","05","10","99","    56.7"," ","S","29","    72.9"," ","S","29","    40.5"," ","S","30","    32.4"," ","S","29","     6.4"," ","S","29","     8.5"," ","S","29","     5.7"," ","S","30","     6.9"," ","S","29","     8.4"," ","S","29","     0.0","X","S","29","     0.1"," ","S","29","     0.5"," ","S","29","     1.8"," ","S","29","     2.6"," ","S","29","     4.3"," ","S","29","     0.1"," ","S","29","    16.7"," ","S","29","    11.8"," ","S","29","     7.3"," ","S","29","     3.5"," ","S","29","     2.4"," ","S","29","     1.1"," ","S","29","     0.0","X","S","29","     0.0"," ","S","29","     0.1"," ","S","29","    16.7"," ","S","29","    11.8"," ","S","29","     7.3"," ","S","29","     3.5"," ","S","29","     2.4"," ","S","29","     1.1"," ","S","29","     0.0","X","S","29","     0.0"," ","S","29","    12.6"," ","S","29","    11.5"," ","S","29","    13.2"," ","S","30","     5.0"," ","S","30","     2.0"," ","S","30","     0.7"," ","S","30","     0.0"," ","S","30","     0.0"," ","S","30","     0.0"," ","S","30","     0.0"," ","S","30","    0.03"," ","S","30","    0.07"," ","S","30","    0.18"," ","S","30","    0.16"," ","S","29","    3.33"," ","S","29"," -9999.0","Z"," "," 0"," -9999.0","Z"," "," 0","     0.0"," ","S","30","     0.0"," ","S","30","     0.0"," ","S","30","     0.0"," ","S","30","     0.0"," ","S","30","     0.0"," ","S","30"," -9999.0","M"," "," 0"," -9999.0","M"," "," 0"," -9999.0","M"," "," 0","     0.0"," ","S","30","    18.3"," ","S","30","     0.0"," ","S","30","     0.0"," ","S","30","     0.0"," ","S","30","     0.0"," ","S","30","     0.0"," ","S","30","     0.0"," ","S","30","     0.0"," ","S","30"," -9999.0","M"," "," 0"," -9999.0","M"," "," 0"," -9999.0","M"," "," 0"
"USC00422592","05-11"," 37.7686","-111.5978","1770.9","ESCALANTE, UT US","05","11","99","    57.0"," ","S","29","    73.4"," ","S","29","    40.7"," ","S","30","    32.6"," ","S","29","     6.4"," ","S","29","     8.5"," ","S","29","     5.7"," ","S","30","     6.9"," ","S","29","     8.1"," ","S","29","     0.0","X","S","29","     0.1"," ","S","29","     0.5"," ","S","29","     1.7"," ","S","29","     2.5"," ","S","29","     4.1"," ","S","29","     0.2"," ","S","29","    17.1"," ","S","29","    12.2"," ","S","29","     7.5"," ","S","29","     3.7"," ","S","29","     2.5"," ","S","29","     1.2"," ","S","29","     0.0","X","S","29","     0.0"," ","S","29","     0.2"," ","S","29","    17.1"," ","S","29","    12.2"," ","S","29","     7.5"," ","S","29","     3.7"," ","S","29","     2.5"," ","S","29","     1.2"," ","S","29","     0.0","X","S","29","     0.0"," ","S","29","    12.8"," ","S","29","    11.7"," ","S","29","    13.2"," ","S","30","     5.1"," ","S","30","     2.1"," ","S","30","     0.7"," ","S","30","     0.0"," ","S","30","     0.0"," ","S","30","     0.0"," ","S","30","     0.0"," ","S","30","    0.03"," ","S","30","    0.07"," ","S","30","    0.18"," ","S","30","    0.18"," ","S","29","    3.35"," ","S","29"," -9999.0","Z"," "," 0"," -9999.0","Z"," "," 0","     0.0"," ","S","30","     0.0"," ","S","30","     0.0"," ","S","30","     0.0"," ","S","30","     0.0"," ","S","30","     0.0"," ","S","30"," -9999.0","M"," "," 0"," -9999.0","M"," "," 0"," -9999.0","M"," "," 0","     0.0"," ","S","30","    18.3"," ","S","30","     0.0"," ","S","30","     0.0"," ","S","30","     0.0"," ","S","30","     0.0"," ","S","30","     0.0"," ","S","30","     0.0"," ","S","30","     0.0"," ","S","30"," -9999.0","M"," "," 0"," -9999.0","M"," "," 0"," -9999.0","M"," "," 0"
"USC00422592","05-12"," 37.7686","-111.5978","1770.9","ESCALANTE, UT US","05","12","99","    57.4"," ","S","29","    73.8"," ","S","29","    41.0"," ","S","30","    32.8"," ","S","29","     6.4"," ","S","29","     8.5"," ","S","29","     5.7"," ","S","30","     6.9"," ","S","29","     7.8"," ","S","29","     0.0","X","S","29","     0.1"," ","S","29","     0.4"," ","S","29","     1.6"," ","S","29","     2.3"," ","S","29","     4.0"," ","S","29","     0.2"," ","S","29","    17.4"," ","S","29","    12.5"," ","S","29","     7.8"," ","S","29","     3.9"," ","S","29","     2.7"," ","S","29","     1.3"," ","S","29","     0.0","X","S","29","     0.0","X","S","29","     0.2"," ","S","29","    17.4"," ","S","29","    12.5"," ","S","29","     7.8"," ","S","29","     3.9"," ","S","29","     2.7"," ","S","29","     1.3"," ","S","29","     0.0","X","S","29","     0.0","X","S","29","    13.0"," ","S","29","    11.9"," ","S","29","    13.2"," ","S","30","     5.1"," ","S","30","     2.2"," ","S","30","     0.8"," ","S","30","     0.0"," ","S","30","     0.0"," ","S","30","     0.0"," ","S","30","     0.0"," ","S","30","    0.03"," ","S","30","    0.07"," ","S","30","    0.19"," ","S","30","    0.20"," ","S","29","    3.37"," ","S","29"," -9999.0","Z"," "," 0"," -9999.0","Z"," "," 0","     0.0"," ","S","30","     0.0"," ","S","30","     0.0"," ","S","30","     0.0"," ","S","30","     0.0"," ","S","30","     0.0"," ","S","30"," -9999.0","M"," "," 0"," -9999.0","M"," "," 0"," -9999.0","M"," "," 0","     0.0"," ","S","30","    18.3"," ","S","30","     0.0"," ","S","30","     0.0"," ","S","30","     0.0"," ","S","30","     0.0"," ","S","30","     0.0"," ","S","30","     0.0"," ","S","30","     0.0"," ","S","30"," -9999.0","M"," "," 0"," -9999.0","M"," "," 0"," -9999.0","M"," "," 0"
"USC00422592","05-13"," 37.7686","-111.5978","1770.9","ESCALANTE, UT US","05","13","99","    57.7"," ","S","29","    74.2"," ","S","29","    41.2"," ","S","30","    33.0"," ","S","29","     6.4"," ","S","29","     8.5"," ","S","29","     5.7"," ","S","30","     6.9"," ","S","29","     7.6"," ","S","29","     0.0","X","S","29","     0.1"," ","S","29","     0.4"," ","S","29","     1.5"," ","S","29","     2.2"," ","S","29","     3.8"," ","S","29","     0.3"," ","S","29","    17.7"," ","S","29","    12.8"," ","S","29","     8.1"," ","S","29","     4.2"," ","S","29","     2.9"," ","S","29","     1.5"," ","S","29","     0.0","X","S","29","     0.0","X","S","29","     0.3"," ","S","29","    17.7"," ","S","29","    12.8"," ","S","29","     8.1"," ","S","29","     4.2"," ","S","29","     2.9"," ","S","29","     1.5"," ","S","29","     0.0","X","S","29","     0.0","X","S","29","    13.2"," ","S","29","    12.1"," ","S","29","    13.2"," ","S","30","     5.1"," ","S","30","     2.3"," ","S","30","     0.8"," ","S","30","     0.0"," ","S","30","     0.0"," ","S","30","     0.0"," ","S","30","     0.0"," ","S","30","    0.03"," ","S","30","    0.07"," ","S","30","    0.19"," ","S","30","    0.22"," ","S","29","    3.39"," ","S","29"," -9999.0","Z"," "," 0"," -9999.0","Z"," "," 0","     0.0"," ","S","30","     0.0"," ","S","30","     0.0"," ","S","30","     0.0"," ","S","30","     0.0"," ","S","30","     0.0"," ","S","30"," -9999.0","M"," "," 0"," -9999.0","M"," "," 0"," -9999.0","M"," "," 0","     0.0"," ","S","30","    18.3"," ","S","30","     0.0"," ","S","30","     0.0"," ","S","30","     0.0"," ","S","30","     0.0"," ","S","30","     0.0"," ","S","30","     0.0"," ","S","30","     0.0"," ","S","30"," -9999.0","M"," "," 0"," -9999.0","M"," "," 0"," -9999.0","M"," "," 0"
"USC00422592","05-14"," 37.7686","-111.5978","1770.9","ESCALANTE, UT US","05","14","99","    58.0"," ","S","29","    74.6"," ","S","29","    41.4"," ","S","30","    33.2"," ","S","29","     6.3"," ","S","29","     8.5"," ","S","29","     5.7"," ","S","30","     6.8"," ","S","29","     7.3"," ","S","29","     0.0","X","S","29","     0.1"," ","S","29","     0.4"," ","S","29","     1.4"," ","S","29","     2.1"," ","S","29","     3.6"," ","S","29","     0.3"," ","S","29","    18.0"," ","S","29","    13.1"," ","S","29","     8.4"," ","S","29","     4.4"," ","S","29","     3.1"," ","S","29","     1.6"," ","S","29","     0.0","X","S","29","     0.0","X","S","29","     0.3"," ","S","29","    18.0"," ","S","29","    13.1"," ","S","29","     8.4"," ","S","29","     4.4"," ","S","29","     3.1"," ","S","29","     1.6"," ","S","29","     0.0","X","S","29","     0.0","X","S","29","    13.4"," ","S","29","    12.3"," ","S","29","    13.2"," ","S","30","     5.2"," ","S","30","     2.3"," ","S","30","     0.8"," ","S","30","     0.0"," ","S","30","     0.0"," ","S","30","     0.0"," ","S","30","     0.0"," ","S","30","    0.03"," ","S","30","    0.07"," ","S","30","    0.19"," ","S","30","    0.24"," ","S","29","    3.41"," ","S","29"," -9999.0","Z"," "," 0"," -9999.0","Z"," "," 0","     0.0"," ","S","30","     0.0"," ","S","30","     0.0"," ","S","30","     0.0"," ","S","30","     0.0"," ","S","30","     0.0"," ","S","30"," -9999.0","M"," "," 0"," -9999.0","M"," "," 0"," -9999.0","M"," "," 0","     0.0"," ","S","30","    18.3"," ","S","30","     0.0"," ","S","30","     0.0"," ","S","30","     0.0"," ","S","30","     0.0"," ","S","30","     0.0"," ","S","30","     0.0"," ","S","30","     0.0"," ","S","30"," -9999.0","M"," "," 0"," -9999.0","M"," "," 0"," -9999.0","M"," "," 0"
"USC00422592","05-15"," 37.7686","-111.5978","1770.9","ESCALANTE, UT US","05","15","99","    58.3"," ","S","29","    75.0"," ","S","29","    41.7"," ","S","30","    33.3"," ","S","29","     6.3"," ","S","29","     8.4"," ","S","29","     5.7"," ","S","30","     6.8"," ","S","29","     7.0"," ","S","29","     0.0"," ","S","29","     0.1"," ","S","29","     0.3"," ","S","29","     1.3"," ","S","29","     2.0"," ","S","29","     3.4"," ","S","29","     0.4"," ","S","29","    18.3"," ","S","29","    13.4"," ","S","29","     8.7"," ","S","29","     4.6"," ","S","29","     3.3"," ","S","29","     1.7"," ","S","29","     0.0","X","S","29","     0.0","X","S","29","     0.4"," ","S","29","    18.3"," ","S","29","    13.4"," ","S","29","     8.7"," ","S","29","     4.6"," ","S","29","     3.3"," ","S","29","     1.7"," ","S","29","     0.0","X","S","29","     0.0","X","S","29","    13.6"," ","S","29","    12.5"," ","S","29","    13.2"," ","S","30","     5.2"," ","S","30","     2.4"," ","S","30","     0.8"," ","S","30","     0.0"," ","S","30","     0.0"," ","S","30","     0.0"," ","S","30","     0.0"," ","S","30","    0.03"," ","S","30","    0.07"," ","S","30","    0.20"," ","S","30","    0.26"," ","S","29","    3.43"," ","S","29"," -9999.0","Z"," "," 0"," -9999.0","Z"," "," 0","     0.0"," ","S","30","     0.0"," ","S","30","     0.0"," ","S","30","     0.0"," ","S","30","     0.0"," ","S","30","     0.0"," ","S","30"," -9999.0","M"," "," 0"," -9999.0","M"," "," 0"," -9999.0","M"," "," 0","     0.0"," ","S","30","    18.3"," ","S","30","     0.0"," ","S","30","     0.0"," ","S","30","     0.0"," ","S","30","     0.0"," ","S","30","     0.0"," ","S","30","     0.0"," ","S","30","     0.0"," ","S","30"," -9999.0","M"," "," 0"," -9999.0","M"," "," 0"," -9999.0","M"," "," 0"
"USC00422592","05-16"," 37.7686","-111.5978","1770.9","ESCALANTE, UT US","05","16","99","    58.7"," ","S","29","    75.4"," ","S","29","    41.9"," ","S","30","    33.5"," ","S","29","     6.3"," ","S","29","     8.4"," ","S","29","     5.7"," ","S","30","     6.8"," ","S","29","     6.8"," ","S","29","     0.0"," ","S","29","     0.1"," ","S","29","     0.3"," ","S","29","     1.2"," ","S","29","     1.9"," ","S","29","     3.2"," ","S","29","     0.4"," ","S","29","    18.7"," ","S","29","    13.7"," ","S","29","     9.0"," ","S","29","     4.9"," ","S","29","     3.5"," ","S","29","     1.9"," ","S","29","     0.1"," ","S","29","     0.0","X","S","29","     0.4"," ","S","29","    18.7"," ","S","29","    13.7"," ","S","29","     9.0"," ","S","29","     4.9"," ","S","29","     3.5"," ","S","29","     1.9"," ","S","29","     0.1"," ","S","29","     0.0","X","S","29","    13.8"," ","S","29","    12.7"," ","S","29","    13.3"," ","S","30","     5.2"," ","S","30","     2.5"," ","S","30","     0.8"," ","S","30","     0.0"," ","S","30","     0.0"," ","S","30","     0.0"," ","S","30","     0.0"," ","S","30","    0.03"," ","S","30","    0.07"," ","S","30","    0.20"," ","S","30","    0.28"," ","S","29","    3.45"," ","S","29"," -9999.0","Z"," "," 0"," -9999.0","Z"," "," 0","     0.0"," ","S","30","     0.0"," ","S","30","     0.0"," ","S","30","     0.0"," ","S","30","     0.0"," ","S","30","     0.0"," ","S","30"," -9999.0","M"," "," 0"," -9999.0","M"," "," 0"," -9999.0","M"," "," 0","     0.0"," ","S","30","    18.3"," ","S","30","     0.0"," ","S","30","     0.0"," ","S","30","     0.0"," ","S","30","     0.0"," ","S","30","     0.0"," ","S","30","     0.0"," ","S","30","     0.0"," ","S","30"," -9999.0","M"," "," 0"," -9999.0","M"," "," 0"," -9999.0","M"," "," 0"
"USC00422592","05-17"," 37.7686","-111.5978","1770.9","ESCALANTE, UT US","05","17","99","    59.0"," ","S","29","    75.9"," ","S","29","    42.1"," ","S","30","    33.7"," ","S","29","     6.3"," ","S","29","     8.4"," ","S","29","     5.7"," ","S","30","     6.7"," ","S","29","     6.5"," ","S","29","     0.0"," ","S","29","     0.1"," ","S","29","     0.3"," ","S","29","     1.1"," ","S","29","     1.8"," ","S","29","     3.1"," ","S","29","     0.5"," ","S","29","    19.0"," ","S","29","    14.1"," ","S","29","     9.3"," ","S","29","     5.1"," ","S","29","     3.8"," ","S","29","     2.1"," ","S","29","     0.1"," ","S","29","     0.0","X","S","29","     0.5"," ","S","29","    19.0"," ","S","29","    14.1"," ","S","29","     9.3"," ","S","29","     5.1"," ","S","29","     3.8"," ","S","29","     2.1"," ","S","29","     0.1"," ","S","29","     0.0","X","S","29","    14.0"," ","S","29","    12.9"," ","S","29","    13.2"," ","S","30","     5.2"," ","S","30","     2.5"," ","S","30","     0.8"," ","S","30","     0.0"," ","S","30","     0.0"," ","S","30","     0.0"," ","S","30","     0.0"," ","S","30","    0.03"," ","S","30","    0.08"," ","S","30","    0.20"," ","S","30","    0.30"," ","S","29","    3.47"," ","S","29"," -9999.0","Z"," "," 0"," -9999.0","Z"," "," 0","     0.0"," ","S","30","     0.0"," ","S","30","     0.0"," ","S","30","     0.0"," ","S","30","     0.0"," ","S","30","     0.0"," ","S","30"," -9999.0","M"," "," 0"," -9999.0","M"," "," 0"," -9999.0","M"," "," 0","     0.0"," ","S","30","    18.3"," ","S","30","     0.0"," ","S","30","     0.0"," ","S","30","     0.0"," ","S","30","     0.0"," ","S","30","     0.0"," ","S","30","     0.0"," ","S","30","     0.0"," ","S","30"," -9999.0","M"," "," 0"," -9999.0","M"," "," 0"," -9999.0","M"," "," 0"
"USC00422592","05-18"," 37.7686","-111.5978","1770.9","ESCALANTE, UT US","05","18","99","    59.3"," ","S","29","    76.3"," ","S","29","    42.4"," ","S","30","    33.9"," ","S","29","     6.3"," ","S","29","     8.3"," ","S","29","     5.7"," ","S","30","     6.7"," ","S","29","     6.2"," ","S","29","     0.0"," ","S","29","     0.1"," ","S","29","     0.3"," ","S","29","     1.1"," ","S","29","     1.7"," ","S","29","     2.9"," ","S","29","     0.6"," ","S","29","    19.3"," ","S","29","    14.4"," ","S","29","     9.6"," ","S","29","     5.4"," ","S","29","     4.0"," ","S","29","     2.2"," ","S","29","     0.1"," ","S","29","     0.0","X","S","29","     0.6"," ","S","29","    19.3"," ","S","29","    14.4"," ","S","29","     9.6"," ","S","29","     5.4"," ","S","29","     4.0"," ","S","29","     2.2"," ","S","29","     0.1"," ","S","29","     0.0","X","S","29","    14.2"," ","S","29","    13.1"," ","S","29","    13.2"," ","S","30","     5.2"," ","S","30","     2.6"," ","S","30","     0.8"," ","S","30","     0.0"," ","S","30","     0.0"," ","S","30","     0.0"," ","S","30","     0.0"," ","S","30","    0.03"," ","S","30","    0.08"," ","S","30","    0.21"," ","S","30","    0.32"," ","S","29","    3.49"," ","S","29"," -9999.0","Z"," "," 0"," -9999.0","Z"," "," 0","     0.0"," ","S","30","     0.0"," ","S","30","     0.0"," ","S","30","     0.0"," ","S","30","     0.0"," ","S","30","     0.0"," ","S","30"," -9999.0","M"," "," 0"," -9999.0","M"," "," 0"," -9999.0","M"," "," 0","     0.0"," ","S","30","    18.3"," ","S","30","     0.0"," ","S","30","     0.0"," ","S","30","     0.0"," ","S","30","     0.0"," ","S","30","     0.0"," ","S","30","     0.0"," ","S","30","     0.0"," ","S","30"," -9999.0","M"," "," 0"," -9999.0","M"," "," 0"," -9999.0","M"," "," 0"
"USC00422592","05-19"," 37.7686","-111.5978","1770.9","ESCALANTE, UT US","05","19","99","    59.6"," ","S","29","    76.7"," ","S","29","    42.6"," ","S","30","    34.1"," ","S","29","     6.3"," ","S","29","     8.3"," ","S","29","     5.7"," ","S","30","     6.6"," ","S","29","     6.0"," ","S","29","     0.0"," ","S","29","     0.0","X","S","29","     0.2"," ","S","29","     1.0"," ","S","29","     1.5"," ","S","29","     2.7"," ","S","29","     0.6"," ","S","29","    19.6"," ","S","29","    14.7"," ","S","29","     9.9"," ","S","29","     5.6"," ","S","29","     4.2"," ","S","29","     2.4"," ","S","29","     0.1"," ","S","29","     0.0","X","S","29","     0.6"," ","S","29","    19.6"," ","S","29","    14.7"," ","S","29","     9.9"," ","S","29","     5.6"," ","S","29","     4.2"," ","S","29","     2.4"," ","S","29","     0.1"," ","S","29","     0.0","X","S","29","    14.4"," ","S","29","    13.3"," ","S","29","    13.2"," ","S","30","     5.3"," ","S","30","     2.6"," ","S","30","     0.9"," ","S","30","     0.0"," ","S","30","     0.0"," ","S","30","     0.0"," ","S","30","     0.0"," ","S","30","    0.03"," ","S","30","    0.08"," ","S","30","    0.21"," ","S","30","    0.34"," ","S","29","    3.51"," ","S","29","     0.0"," ","S","30","     0.0"," ","S","30","     0.0"," ","S","30","     0.0"," ","S","30","     0.0"," ","S","30","     0.0"," ","S","30","     0.0"," ","S","30","     0.0"," ","S","30"," -9999.0","M"," "," 0"," -9999.0","M"," "," 0"," -9999.0","M"," "," 0","     0.0"," ","S","30","    18.3"," ","S","30","     0.0"," ","S","30","     0.0"," ","S","30","     0.0"," ","S","30","     0.0"," ","S","30","     0.0"," ","S","30","     0.0"," ","S","30","     0.0"," ","S","30"," -9999.0","M"," "," 0"," -9999.0","M"," "," 0"," -9999.0","M"," "," 0"
"USC00422592","05-20"," 37.7686","-111.5978","1770.9","ESCALANTE, UT US","05","20","99","    60.0"," ","S","29","    77.1"," ","S","29","    42.8"," ","S","30","    34.3"," ","S","29","     6.3"," ","S","29","     8.3"," ","S","29","     5.7"," ","S","30","     6.6"," ","S","29","     5.7"," ","S","29","     0.0"," ","S","29","     0.0","X","S","29","     0.2"," ","S","29","     0.9"," ","S","29","     1.4"," ","S","29","     2.5"," ","S","29","     0.7"," ","S","29","    20.0"," ","S","29","    15.0"," ","S","29","    10.2"," ","S","29","     5.8"," ","S","29","     4.4"," ","S","29","     2.5"," ","S","29","     0.1"," ","S","29","     0.1"," ","S","29","     0.7"," ","S","29","    20.0"," ","S","29","    15.0"," ","S","29","    10.2"," ","S","29","     5.8"," ","S","29","     4.4"," ","S","29","     2.5"," ","S","29","     0.1"," ","S","29","     0.1"," ","S","29","    14.6"," ","S","29","    13.5"," ","S","29","    13.1"," ","S","30","     5.3"," ","S","30","     2.7"," ","S","30","     0.9"," ","S","30","     0.0"," ","S","30","     0.0"," ","S","30","     0.0"," ","S","30","     0.0"," ","S","30","    0.03"," ","S","30","    0.08"," ","S","30","    0.21"," ","S","30","    0.36"," ","S","29","    3.53"," ","S","29","     0.0"," ","S","30","     0.0"," ","S","30","     0.0"," ","S","30","     0.0"," ","S","30","     0.0"," ","S","30","     0.0"," ","S","30","     0.0"," ","S","30","     0.0"," ","S","30"," -9999.0","M"," "," 0"," -9999.0","M"," "," 0"," -9999.0","M"," "," 0","     0.0"," ","S","30","    18.3"," ","S","30","     0.0"," ","S","30","     0.0"," ","S","30","     0.0"," ","S","30","     0.0"," ","S","30","     0.0"," ","S","30","     0.0"," ","S","30","     0.0"," ","S","30"," -9999.0","M"," "," 0"," -9999.0","M"," "," 0"," -9999.0","M"," "," 0"
"USC00422592","05-21"," 37.7686","-111.5978","1770.9","ESCALANTE, UT US","05","21","99","    60.3"," ","S","29","    77.5"," ","S","29","    43.1"," ","S","30","    34.5"," ","S","29","     6.3"," ","S","29","     8.2"," ","S","29","     5.7"," ","S","30","     6.6"," ","S","29","     5.5"," ","S","29","     0.0"," ","S","29","     0.0","X","S","29","     0.2"," ","S","29","     0.8"," ","S","29","     1.3"," ","S","29","     2.4"," ","S","29","     0.8"," ","S","29","    20.3"," ","S","29","    15.3"," ","S","29","    10.5"," ","S","29","     6.1"," ","S","29","     4.6"," ","S","29","     2.7"," ","S","29","     0.1"," ","S","29","     0.1"," ","S","29","     0.8"," ","S","29","    20.3"," ","S","29","    15.3"," ","S","29","    10.5"," ","S","29","     6.1"," ","S","29","     4.6"," ","S","29","     2.7"," ","S","29","     0.1"," ","S","29","     0.1"," ","S","29","    14.8"," ","S","29","    13.7"," ","S","29","    13.1"," ","S","30","     5.2"," ","S","30","     2.7"," ","S","30","     0.9"," ","S","30","     0.0"," ","S","30","     0.0"," ","S","30","     0.0"," ","S","30","     0.0"," ","S","30","    0.03"," ","S","30","    0.08"," ","S","30","    0.21"," ","S","30","    0.38"," ","S","29","    3.55"," ","S","29","     0.0"," ","S","30","     0.0"," ","S","30","     0.0"," ","S","30","     0.0"," ","S","30","     0.0"," ","S","30","     0.0"," ","S","30","     0.0"," ","S","30","     0.0"," ","S","30"," -9999.0","M"," "," 0"," -9999.0","M"," "," 0"," -9999.0","M"," "," 0","     0.0"," ","S","30","    18.3"," ","S","30","     0.0"," ","S","30","     0.0"," ","S","30","     0.0"," ","S","30","     0.0"," ","S","30","     0.0"," ","S","30","     0.0"," ","S","30","     0.0"," ","S","30"," -9999.0","M"," "," 0"," -9999.0","M"," "," 0"," -9999.0","M"," "," 0"
"USC00422592","05-22"," 37.7686","-111.5978","1770.9","ESCALANTE, UT US","05","22","99","    60.6"," ","S","29","    78.0"," ","S","29","    43.3"," ","S","30","    34.7"," ","S","29","     6.3"," ","S","29","     8.2"," ","S","29","     5.7"," ","S","30","     6.5"," ","S","29","     5.2"," ","S","29","     0.0"," ","S","29","     0.0","X","S","29","     0.1"," ","S","29","     0.7"," ","S","29","     1.2"," ","S","29","     2.2"," ","S","29","     0.9"," ","S","29","    20.6"," ","S","29","    15.7"," ","S","29","    10.8"," ","S","29","     6.3"," ","S","29","     4.8"," ","S","29","     2.8"," ","S","29","     0.2"," ","S","29","     0.1"," ","S","29","     0.9"," ","S","29","    20.6"," ","S","29","    15.7"," ","S","29","    10.8"," ","S","29","     6.3"," ","S","29","     4.8"," ","S","29","     2.8"," ","S","29","     0.2"," ","S","29","     0.1"," ","S","29","    15.0"," ","S","29","    13.9"," ","S","29","    13.0"," ","S","30","     5.2"," ","S","30","     2.8"," ","S","30","     0.8"," ","S","30","     0.0"," ","S","30","     0.0"," ","S","30","     0.0"," ","S","30","     0.0"," ","S","30","    0.03"," ","S","30","    0.08"," ","S","30","    0.22"," ","S","30","    0.40"," ","S","29","    3.57"," ","S","29","     0.0"," ","S","30","     0.0"," ","S","30","     0.0"," ","S","30","     0.0"," ","S","30","     0.0"," ","S","30","     0.0"," ","S","30","     0.0"," ","S","30","     0.0"," ","S","30"," -9999.0","M"," "," 0"," -9999.0","M"," "," 0"," -9999.0","M"," "," 0","     0.0"," ","S","30","    18.3"," ","S","30","     0.0"," ","S","30","     0.0"," ","S","30","     0.0"," ","S","30","     0.0"," ","S","30","     0.0"," ","S","30","     0.0"," ","S","30","     0.0"," ","S","30"," -9999.0","M"," "," 0"," -9999.0","M"," "," 0"," -9999.0","M"," "," 0"
"USC00422592","05-23"," 37.7686","-111.5978","1770.9","ESCALANTE, UT US","05","23","99","    61.0"," ","S","29","    78.4"," ","S","29","    43.5"," ","S","30","    34.9"," ","S","29","     6.3"," ","S","29","     8.2"," ","S","29","     5.7"," ","S","30","     6.5"," ","S","29","     5.0"," ","S","29","     0.0"," ","S","29","     0.0","X","S","29","     0.1"," ","S","29","     0.7"," ","S","29","     1.1"," ","S","29","     2.1"," ","S","29","     0.9"," ","S","29","    21.0"," ","S","29","    16.0"," ","S","29","    11.1"," ","S","29","     6.6"," ","S","29","     5.1"," ","S","29","     3.0"," ","S","29","     0.2"," ","S","29","     0.1"," ","S","29","     0.9"," ","S","29","    21.0"," ","S","29","    16.0"," ","S","29","    11.1"," ","S","29","     6.6"," ","S","29","     5.1"," ","S","29","     3.0"," ","S","29","     0.2"," ","S","29","     0.1"," ","S","29","    15.2"," ","S","29","    14.1"," ","S","29","    12.9"," ","S","30","     5.2"," ","S","30","     2.8"," ","S","30","     0.8"," ","S","30","     0.0"," ","S","30","     0.0"," ","S","30","     0.0"," ","S","30","     0.0"," ","S","30","    0.03"," ","S","30","    0.08"," ","S","30","    0.22"," ","S","30","    0.42"," ","S","29","    3.59"," ","S","29","     0.0"," ","S","30","     0.0"," ","S","30","     0.0"," ","S","30","     0.0"," ","S","30","     0.0"," ","S","30","     0.0"," ","S","30","     0.0"," ","S","30","     0.0"," ","S","30"," -9999.0","M"," "," 0"," -9999.0","M"," "," 0"," -9999.0","M"," "," 0","     0.0"," ","S","30","    18.3"," ","S","30","     0.0"," ","S","30","     0.0"," ","S","30","     0.0"," ","S","30","     0.0"," ","S","30","     0.0"," ","S","30","     0.0"," ","S","30","     0.0"," ","S","30"," -9999.0","M"," "," 0"," -9999.0","M"," "," 0"," -9999.0","M"," "," 0"
"USC00422592","05-24"," 37.7686","-111.5978","1770.9","ESCALANTE, UT US","05","24","99","    61.3"," ","S","29","    78.8"," ","S","29","    43.8"," ","S","30","    35.1"," ","S","29","     6.2"," ","S","29","     8.1"," ","S","29","     5.7"," ","S","30","     6.5"," ","S","29","     4.8"," ","S","29","     0.0"," ","S","29","     0.0","X","S","29","     0.1"," ","S","29","     0.6"," ","S","29","     1.0"," ","S","29","     1.9"," ","S","29","     1.0"," ","S","29","    21.3"," ","S","29","    16.3"," ","S","29","    11.4"," ","S","29","     6.9"," ","S","29","     5.3"," ","S","29","     3.2"," ","S","29","     0.2"," ","S","29","     0.1"," ","S","29","     1.0"," ","S","29","    21.3"," ","S","29","    16.3"," ","S","29","    11.4"," ","S","29","     6.9"," ","S","29","     5.3"," ","S","29","     3.2"," ","S","29","     0.2"," ","S","29","     0.1"," ","S","29","    15.4"," ","S","29","    14.3"," ","S","29","    12.9"," ","S","30","     5.2"," ","S","30","     2.8"," ","S","30","     0.8"," ","S","30","     0.0"," ","S","30","     0.0"," ","S","30","     0.0"," ","S","30","     0.0"," ","S","30","    0.03"," ","S","30","    0.08"," ","S","30","    0.22"," ","S","30","    0.45"," ","S","29","    3.62"," ","S","29","     0.0"," ","S","30","     0.0"," ","S","30","     0.0"," ","S","30","     0.0"," ","S","30","     0.0"," ","S","30","     0.0"," ","S","30","     0.0"," ","S","30","     0.0"," ","S","30"," -9999.0","M"," "," 0"," -9999.0","M"," "," 0"," -9999.0","M"," "," 0","     0.0"," ","S","30","    18.3"," ","S","30","     0.0"," ","S","30","     0.0"," ","S","30","     0.0"," ","S","30","     0.0"," ","S","30","     0.0"," ","S","30","     0.0"," ","S","30","     0.0"," ","S","30"," -9999.0","M"," "," 0"," -9999.0","M"," "," 0"," -9999.0","M"," "," 0"
"USC00422592","05-25"," 37.7686","-111.5978","1770.9","ESCALANTE, UT US","05","25","99","    61.6"," ","S","29","    79.2"," ","S","29","    44.0"," ","S","30","    35.2"," ","S","29","     6.2"," ","S","29","     8.1"," ","S","29","     5.7"," ","S","30","     6.5"," ","S","29","     4.5"," ","S","29","     0.0"," ","S","29","     0.0","X","S","29","     0.1"," ","S","29","     0.6"," ","S","29","     0.9"," ","S","29","     1.8"," ","S","29","     1.1"," ","S","29","    21.6"," ","S","29","    16.6"," ","S","29","    11.7"," ","S","29","     7.2"," ","S","29","     5.5"," ","S","29","     3.4"," ","S","29","     0.2"," ","S","29","     0.1"," ","S","29","     1.1"," ","S","29","    21.6"," ","S","29","    16.6"," ","S","29","    11.7"," ","S","29","     7.2"," ","S","29","     5.5"," ","S","29","     3.4"," ","S","29","     0.2"," ","S","29","     0.1"," ","S","29","    15.7"," ","S","29","    14.5"," ","S","29","    12.8"," ","S","30","     5.1"," ","S","30","     2.8"," ","S","30","     0.8"," ","S","30","     0.0"," ","S","30","     0.0"," ","S","30","     0.0"," ","S","30","     0.0"," ","S","30","    0.03"," ","S","30","    0.08"," ","S","30","    0.22"," ","S","30","    0.47"," ","S","29","    3.64"," ","S","29","     0.0"," ","S","30","     0.0"," ","S","30","     0.0"," ","S","30","     0.0"," ","S","30","     0.0"," ","S","30","     0.0"," ","S","30","     0.0"," ","S","30","     0.0"," ","S","30"," -9999.0","M"," "," 0"," -9999.0","M"," "," 0"," -9999.0","M"," "," 0","     0.0"," ","S","30","    18.3"," ","S","30","     0.0"," ","S","30","     0.0"," ","S","30","     0.0"," ","S","30","     0.0"," ","S","30","     0.0"," ","S","30","     0.0"," ","S","30","     0.0"," ","S","30"," -9999.0","M"," "," 0"," -9999.0","M"," "," 0"," -9999.0","M"," "," 0"
"USC00422592","05-26"," 37.7686","-111.5978","1770.9","ESCALANTE, UT US","05","26","99","    61.9"," ","S","29","    79.7"," ","S","29","    44.2"," ","S","30","    35.4"," ","S","29","     6.2"," ","S","29","     8.1"," ","S","29","     5.7"," ","S","30","     6.4"," ","S","29","     4.2"," ","S","29","     0.0"," ","S","29","     0.0","X","S","29","     0.1"," ","S","29","     0.5"," ","S","29","     0.8"," ","S","29","     1.6"," ","S","29","     1.2"," ","S","29","    21.9"," ","S","29","    17.0"," ","S","29","    12.0"," ","S","29","     7.4"," ","S","29","     5.8"," ","S","29","     3.6"," ","S","29","     0.3"," ","S","29","     0.1"," ","S","29","     1.2"," ","S","29","    21.9"," ","S","29","    17.0"," ","S","29","    12.0"," ","S","29","     7.4"," ","S","29","     5.8"," ","S","29","     3.6"," ","S","29","     0.3"," ","S","29","     0.1"," ","S","29","    15.9"," ","S","29","    14.7"," ","S","29","    12.6"," ","S","30","     5.1"," ","S","30","     2.8"," ","S","30","     0.8"," ","S","30","     0.0"," ","S","30","     0.0"," ","S","30","     0.0"," ","S","30","     0.0"," ","S","30","    0.03"," ","S","30","    0.08"," ","S","30","    0.23"," ","S","30","    0.49"," ","S","29","    3.66"," ","S","29","     0.0"," ","S","30","     0.0"," ","S","30","     0.0"," ","S","30","     0.0"," ","S","30","     0.0"," ","S","30","     0.0"," ","S","30","     0.0"," ","S","30","     0.0"," ","S","30"," -9999.0","M"," "," 0"," -9999.0","M"," "," 0"," -9999.0","M"," "," 0","     0.0"," ","S","30","    18.3"," ","S","30","     0.0"," ","S","30","     0.0"," ","S","30","     0.0"," ","S","30","     0.0"," ","S","30","     0.0"," ","S","30","     0.0"," ","S","30","     0.0"," ","S","30"," -9999.0","M"," "," 0"," -9999.0","M"," "," 0"," -9999.0","M"," "," 0"
"USC00422592","05-27"," 37.7686","-111.5978","1770.9","ESCALANTE, UT US","05","27","99","    62.3"," ","S","29","    80.1"," ","S","29","    44.5"," ","S","30","    35.6"," ","S","29","     6.2"," ","S","29","     8.1"," ","S","29","     5.7"," ","S","30","     6.4"," ","S","29","     4.0"," ","S","29","     0.0"," ","S","29","     0.0","X","S","29","     0.1"," ","S","29","     0.4"," ","S","29","     0.8"," ","S","29","     1.5"," ","S","29","     1.3"," ","S","29","    22.3"," ","S","29","    17.3"," ","S","29","    12.4"," ","S","29","     7.7"," ","S","29","     6.0"," ","S","29","     3.8"," ","S","29","     0.3"," ","S","29","     0.1"," ","S","29","     1.3"," ","S","29","    22.3"," ","S","29","    17.3"," ","S","29","    12.4"," ","S","29","     7.7"," ","S","29","     6.0"," ","S","29","     3.8"," ","S","29","     0.3"," ","S","29","     0.1"," ","S","29","    16.0"," ","S","29","    14.8"," ","S","29","    12.5"," ","S","30","     5.0"," ","S","30","     2.8"," ","S","30","     0.8"," ","S","30","     0.0"," ","S","30","     0.0"," ","S","30","     0.0"," ","S","30","     0.0"," ","S","30","    0.03"," ","S","30","    0.08"," ","S","30","    0.23"," ","S","30","    0.51"," ","S","29","    3.68"," ","S","29","     0.0"," ","S","30","     0.0"," ","S","30","     0.0"," ","S","30","     0.0"," ","S","30","     0.0"," ","S","30","     0.0"," ","S","30","     0.0"," ","S","30","     0.0"," ","S","30"," -9999.0","M"," "," 0"," -9999.0","M"," "," 0"," -9999.0","M"," "," 0","     0.0"," ","S","30","    18.3"," ","S","30","     0.0"," ","S","30","     0.0"," ","S","30","     0.0"," ","S","30","     0.0"," ","S","30","     0.0"," ","S","30","     0.0"," ","S","30","     0.0"," ","S","30"," -9999.0","M"," "," 0"," -9999.0","M"," "," 0"," -9999.0","M"," "," 0"
"USC00422592","05-28"," 37.7686","-111.5978","1770.9","ESCALANTE, UT US","05","28","99","    62.6"," ","S","29","    80.5"," ","S","29","    44.7"," ","S","30","    35.8"," ","S","29","     6.2"," ","S","29","     8.0"," ","S","29","     5.7"," ","S","30","     6.4"," ","S","29","     3.8"," ","S","29","     0.0"," ","S","29","     0.0","X","S","29","     0.1"," ","S","29","     0.4"," ","S","29","     0.7"," ","S","29","     1.4"," ","S","29","     1.4"," ","S","29","    22.6"," ","S","29","    17.6"," ","S","29","    12.7"," ","S","29","     8.0"," ","S","29","     6.3"," ","S","29","     4.0"," ","S","29","     0.3"," ","S","29","     0.1"," ","S","29","     1.4"," ","S","29","    22.6"," ","S","29","    17.6"," ","S","29","    12.7"," ","S","29","     8.0"," ","S","29","     6.3"," ","S","29","     4.0"," ","S","29","     0.3"," ","S","29","     0.1"," ","S","29","    16.2"," ","S","29","    15.0"," ","S","29","    12.3"," ","S","30","     4.9"," ","S","30","     2.7"," ","S","30","     0.8"," ","S","30","     0.0"," ","S","30","     0.0"," ","S","30","     0.0"," ","S","30","     0.0"," ","S","30","    0.03"," ","S","30","    0.07"," ","S","30","    0.23"," ","S","30","    0.53"," ","S","29","    3.70"," ","S","29","     0.0"," ","S","30","     0.0"," ","S","30","     0.0"," ","S","30","     0.0"," ","S","30","     0.0"," ","S","30","     0.0"," ","S","30","     0.0"," ","S","30","     0.0"," ","S","30"," -9999.0","M"," "," 0"," -9999.0","M"," "," 0"," -9999.0","M"," "," 0","     0.0"," ","S","30","    18.3"," ","S","30","     0.0"," ","S","30","     0.0"," ","S","30","     0.0"," ","S","30","     0.0"," ","S","30","     0.0"," ","S","30","     0.0"," ","S","30","     0.0"," ","S","30"," -9999.0","M"," "," 0"," -9999.0","M"," "," 0"," -9999.0","M"," "," 0"
"USC00422592","05-29"," 37.7686","-111.5978","1770.9","ESCALANTE, UT US","05","29","99","    62.9"," ","S","29","    80.9"," ","S","29","    45.0"," ","S","30","    35.9"," ","S","29","     6.2"," ","S","29","     8.0"," ","S","29","     5.7"," ","S","30","     6.4"," ","S","29","     3.6"," ","S","29","     0.0"," ","S","29","     0.0","X","S","29","     0.1"," ","S","29","     0.4"," ","S","29","     0.6"," ","S","29","     1.3"," ","S","29","     1.5"," ","S","29","    22.9"," ","S","29","    17.9"," ","S","29","    13.0"," ","S","29","     8.3"," ","S","29","     6.6"," ","S","29","     4.2"," ","S","29","     0.3"," ","S","29","     0.1"," ","S","29","     1.5"," ","S","29","    22.9"," ","S","29","    17.9"," ","S","29","    13.0"," ","S","29","     8.3"," ","S","29","     6.6"," ","S","29","     4.2"," ","S","29","     0.3"," ","S","29","     0.1"," ","S","29","    16.4"," ","S","29","    15.2"," ","S","29","    12.1"," ","S","30","     4.9"," ","S","30","     2.7"," ","S","30","     0.8"," ","S","30","     0.0"," ","S","30","     0.0"," ","S","30","     0.0"," ","S","30","     0.0"," ","S","30","    0.03"," ","S","30","    0.07"," ","S","30","    0.23"," ","S","30","    0.55"," ","S","29","    3.72"," ","S","29","     0.0"," ","S","30","     0.0"," ","S","30","     0.0"," ","S","30","     0.0"," ","S","30","     0.0"," ","S","30","     0.0"," ","S","30","     0.0"," ","S","30","     0.0"," ","S","30"," -9999.0","M"," "," 0"," -9999.0","M"," "," 0"," -9999.0","M"," "," 0","     0.0"," ","S","30","    18.3"," ","S","30","     0.0"," ","S","30","     0.0"," ","S","30","     0.0"," ","S","30","     0.0"," ","S","30","     0.0"," ","S","30","     0.0"," ","S","30","     0.0"," ","S","30"," -9999.0","M"," "," 0"," -9999.0","M"," "," 0"," -9999.0","M"," "," 0"
"USC00422592","05-30"," 37.7686","-111.5978","1770.9","ESCALANTE, UT US","05","30","99","    63.3"," ","S","29","    81.3"," ","S","29","    45.2"," ","S","30","    36.1"," ","S","29","     6.2"," ","S","29","     8.0"," ","S","29","     5.7"," ","S","30","     6.4"," ","S","29","     3.4"," ","S","29","     0.0"," ","S","29","     0.0","X","S","29","     0.0","X","S","29","     0.3"," ","S","29","     0.6"," ","S","29","     1.2"," ","S","29","     1.7"," ","S","29","    23.3"," ","S","29","    18.3"," ","S","29","    13.3"," ","S","29","     8.6"," ","S","29","     6.8"," ","S","29","     4.4"," ","S","29","     0.4"," ","S","29","     0.2"," ","S","29","     1.7"," ","S","29","    23.3"," ","S","29","    18.3"," ","S","29","    13.3"," ","S","29","     8.6"," ","S","29","     6.8"," ","S","29","     4.4"," ","S","29","     0.4"," ","S","29","     0.2"," ","S","29","    16.6"," ","S","29","    15.3"," ","S","29","    12.0"," ","S","30","     4.8"," ","S","30","     2.6"," ","S","30","     0.8"," ","S","30","     0.0"," ","S","30","     0.0"," ","S","30","     0.0"," ","S","30","     0.0"," ","S","30","    0.03"," ","S","30","    0.07"," ","S","30","    0.23"," ","S","30","    0.57"," ","S","29","    3.74"," ","S","29","     0.0"," ","S","30","     0.0"," ","S","30","     0.0"," ","S","30","     0.0"," ","S","30","     0.0"," ","S","30","     0.0"," ","S","30","     0.0"," ","S","30","     0.0"," ","S","30"," -9999.0","M"," "," 0"," -9999.0","M"," "," 0"," -9999.0","M"," "," 0","     0.0"," ","S","30","    18.3"," ","S","30","     0.0"," ","S","30","     0.0"," ","S","30","     0.0"," ","S","30","     0.0"," ","S","30","     0.0"," ","S","30","     0.0"," ","S","30","     0.0"," ","S","30"," -9999.0","M"," "," 0"," -9999.0","M"," "," 0"," -9999.0","M"," "," 0"
"USC00422592","05-31"," 37.7686","-111.5978","1770.9","ESCALANTE, UT US","05","31","99","    63.6"," ","S","29","    81.7"," ","S","29","    45.5"," ","S","30","    36.2"," ","S","29","     6.1"," ","S","29","     7.9"," ","S","29","     5.7"," ","S","30","     6.3"," ","S","29","     3.2"," ","S","29","     0.0"," ","S","29","     0.0","X","S","29","     0.0","X","S","29","     0.3"," ","S","29","     0.5"," ","S","29","     1.1"," ","S","29","     1.8"," ","S","29","    23.6"," ","S","29","    18.6"," ","S","29","    13.6"," ","S","29","     8.9"," ","S","29","     7.1"," ","S","29","     4.7"," ","S","29","     0.4"," ","S","29","     0.2"," ","S","29","     1.8"," ","S","29","    23.6"," ","S","29","    18.6"," ","S","29","    13.6"," ","S","29","     8.9"," ","S","29","     7.1"," ","S","29","     4.7"," ","S","29","     0.4"," ","S","29","     0.2"," ","S","29","    16.8"," ","S","29","    15.5"," ","S","29","    11.8"," ","S","30","     4.7"," ","S","30","     2.6"," ","S","30","     0.8"," ","S","30","     0.0"," ","S","30","     0.0"," ","S","30","     0.0"," ","S","30","     0.0"," ","S","30","    0.03"," ","S","30","    0.07"," ","S","30","    0.23"," ","S","30","    0.59"," ","S","29","    3.76"," ","S","29","     0.0"," ","S","30","     0.0"," ","S","30","     0.0"," ","S","30","     0.0"," ","S","30","     0.0"," ","S","30","     0.0"," ","S","30","     0.0"," ","S","30","     0.0"," ","S","30"," -9999.0","M"," "," 0"," -9999.0","M"," "," 0"," -9999.0","M"," "," 0","     0.0"," ","S","30","    18.3"," ","S","30","     0.0"," ","S","30","     0.0"," ","S","30","     0.0"," ","S","30","     0.0"," ","S","30","     0.0"," ","S","30","     0.0"," ","S","30","     0.0"," ","S","30"," -9999.0","M"," "," 0"," -9999.0","M"," "," 0"," -9999.0","M"," "," 0"
"USC00422592","06-01"," 37.7686","-111.5978","1770.9","ESCALANTE, UT US","06","01","99","    63.9"," ","S","29","    82.1"," ","S","29","    45.7"," ","S","30","    36.4"," ","S","29","     6.1"," ","S","29","     7.8"," ","S","29","     5.7"," ","S","30","     6.3"," ","S","29","     3.1"," ","S","29","     0.0"," ","S","29","     0.0","X","S","29","     0.0","X","S","29","     0.3"," ","S","29","     0.5"," ","S","29","     1.0"," ","S","29","     2.0"," ","S","29","    23.9"," ","S","29","    18.9"," ","S","29","    13.9"," ","S","29","     9.2"," ","S","29","     7.4"," ","S","29","     4.9"," ","S","29","     0.5"," ","S","29","     0.2"," ","S","29","     2.0"," ","S","29","    23.9"," ","S","29","    18.9"," ","S","29","    13.9"," ","S","29","     9.2"," ","S","29","     7.4"," ","S","29","     4.9"," ","S","29","     0.5"," ","S","29","     0.2"," ","S","29","    17.0"," ","S","29","    15.7"," ","S","29","    11.7"," ","S","30","     4.7"," ","S","30","     2.5"," ","S","30","     0.8"," ","S","30","     0.0"," ","S","30","     0.0"," ","S","30","     0.0"," ","S","30","     0.0"," ","S","30","    0.03"," ","S","30","    0.07"," ","S","30","    0.24"," ","S","30","    0.02"," ","S","30","    3.78"," ","S","30","     0.0"," ","S","30","     0.0"," ","S","30","     0.0"," ","S","30","     0.0"," ","S","30","     0.0"," ","S","30","     0.0"," ","S","30","     0.0"," ","S","30","     0.0"," ","S","30"," -9999.0","M"," "," 0"," -9999.0","M"," "," 0"," -9999.0","M"," "," 0","     0.0"," ","S","30","    18.3"," ","S","30","     0.0"," ","S","30","     0.0"," ","S","30","     0.0"," ","S","30","     0.0"," ","S","30","     0.0"," ","S","30","     0.0"," ","S","30","     0.0"," ","S","30"," -9999.0","M"," "," 0"," -9999.0","M"," "," 0"," -9999.0","M"," "," 0"
"USC00422592","06-02"," 37.7686","-111.5978","1770.9","ESCALANTE, UT US","06","02","99","    64.2"," ","S","29","    82.5"," ","S","29","    46.0"," ","S","30","    36.5"," ","S","29","     6.1"," ","S","29","     7.8"," ","S","29","     5.7"," ","S","30","     6.3"," ","S","29","     2.9"," ","S","29","     0.0"," ","S","29","     0.0"," ","S","29","     0.0","X","S","29","     0.2"," ","S","29","     0.4"," ","S","29","     0.9"," ","S","29","     2.1"," ","S","29","    24.2"," ","S","29","    19.2"," ","S","29","    14.3"," ","S","29","     9.5"," ","S","29","     7.7"," ","S","29","     5.2"," ","S","29","     0.6"," ","S","29","     0.3"," ","S","29","     2.1"," ","S","29","    24.2"," ","S","29","    19.2"," ","S","29","    14.3"," ","S","29","     9.5"," ","S","29","     7.7"," ","S","29","     5.2"," ","S","29","     0.6"," ","S","29","     0.3"," ","S","29","    17.2"," ","S","29","    15.9"," ","S","29","    11.5"," ","S","30","     4.6"," ","S","30","     2.5"," ","S","30","     0.7"," ","S","30","     0.0"," ","S","30","     0.0"," ","S","30","     0.0"," ","S","30","     0.0"," ","S","30","    0.03"," ","S","30","    0.08"," ","S","30","    0.24"," ","S","30","    0.03"," ","S","30","    3.79"," ","S","30","     0.0"," ","S","30","     0.0"," ","S","30","     0.0"," ","S","30","     0.0"," ","S","30","     0.0"," ","S","30","     0.0"," ","S","30","     0.0"," ","S","30","     0.0"," ","S","30"," -9999.0","M"," "," 0"," -9999.0","M"," "," 0"," -9999.0","M"," "," 0","     0.0"," ","S","30","    18.3"," ","S","30","     0.0"," ","S","30","     0.0"," ","S","30","     0.0"," ","S","30","     0.0"," ","S","30","     0.0"," ","S","30","     0.0"," ","S","30","     0.0"," ","S","30"," -9999.0","M"," "," 0"," -9999.0","M"," "," 0"," -9999.0","M"," "," 0"
"USC00422592","06-03"," 37.7686","-111.5978","1770.9","ESCALANTE, UT US","06","03","99","    64.6"," ","S","29","    82.9"," ","S","29","    46.3"," ","S","30","    36.6"," ","S","29","     6.0"," ","S","29","     7.7"," ","S","29","     5.7"," ","S","30","     6.3"," ","S","29","     2.7"," ","S","29","     0.0"," ","S","29","     0.0"," ","S","29","     0.0","X","S","29","     0.2"," ","S","29","     0.4"," ","S","29","     0.9"," ","S","29","     2.3"," ","S","29","    24.6"," ","S","29","    19.6"," ","S","29","    14.6"," ","S","29","     9.8"," ","S","29","     8.0"," ","S","29","     5.4"," ","S","29","     0.6"," ","S","29","     0.3"," ","S","29","     2.3"," ","S","29","    24.6"," ","S","29","    19.6"," ","S","29","    14.6"," ","S","29","     9.8"," ","S","29","     8.0"," ","S","29","     5.4"," ","S","29","     0.6"," ","S","29","     0.3"," ","S","29","    17.4"," ","S","29","    16.1"," ","S","29","    11.4"," ","S","30","     4.5"," ","S","30","     2.4"," ","S","30","     0.7"," ","S","30","     0.0"," ","S","30","     0.0"," ","S","30","     0.0"," ","S","30","     0.0"," ","S","30","    0.03"," ","S","30","    0.08"," ","S","30","    0.24"," ","S","30","    0.05"," ","S","30","    3.81"," ","S","30","     0.0"," ","S","30","     0.0"," ","S","30","     0.0"," ","S","30","     0.0"," ","S","30","     0.0"," ","S","30","     0.0"," ","S","30","     0.0"," ","S","30","     0.0"," ","S","30"," -9999.0","M"," "," 0"," -9999.0","M"," "," 0"," -9999.0","M"," "," 0","     0.0"," ","S","30","    18.3"," ","S","30","     0.0"," ","S","30","     0.0"," ","S","30","     0.0"," ","S","30","     0.0"," ","S","30","     0.0"," ","S","30","     0.0"," ","S","30","     0.0"," ","S","30"," -9999.0","M"," "," 0"," -9999.0","M"," "," 0"," -9999.0","M"," "," 0"
"USC00422592","06-04"," 37.7686","-111.5978","1770.9","ESCALANTE, UT US","06","04","99","    64.9"," ","S","29","    83.3"," ","S","29","    46.5"," ","S","30","    36.7"," ","S","29","     6.0"," ","S","29","     7.6"," ","S","29","     5.7"," ","S","30","     6.2"," ","S","29","     2.5"," ","S","29","     0.0"," ","S","29","     0.0"," ","S","29","     0.0","X","S","29","     0.2"," ","S","29","     0.4"," ","S","29","     0.8"," ","S","29","     2.4"," ","S","29","    24.9"," ","S","29","    19.9"," ","S","29","    14.9"," ","S","29","    10.1"," ","S","29","     8.3"," ","S","29","     5.7"," ","S","29","     0.7"," ","S","29","     0.3"," ","S","29","     2.4"," ","S","29","    24.9"," ","S","29","    19.9"," ","S","29","    14.9"," ","S","29","    10.1"," ","S","29","     8.3"," ","S","29","     5.7"," ","S","29","     0.7"," ","S","29","     0.3"," ","S","29","    17.6"," ","S","29","    16.3"," ","S","29","    11.3"," ","S","30","     4.5"," ","S","30","     2.3"," ","S","30","     0.7"," ","S","30","     0.0"," ","S","30","     0.0"," ","S","30","     0.0"," ","S","30","     0.0"," ","S","30","    0.03"," ","S","30","    0.08"," ","S","30","    0.24"," ","S","30","    0.06"," ","S","30","    3.82"," ","S","30","     0.0"," ","S","30","     0.0"," ","S","30","     0.0"," ","S","30","     0.0"," ","S","30","     0.0"," ","S","30","     0.0"," ","S","30","     0.0"," ","S","30","     0.0"," ","S","30"," -9999.0","M"," "," 0"," -9999.0","M"," "," 0"," -9999.0","M"," "," 0","     0.0"," ","S","30","    18.3"," ","S","30","     0.0"," ","S","30","     0.0"," ","S","30","     0.0"," ","S","30","     0.0"," ","S","30","     0.0"," ","S","30","     0.0"," ","S","30","     0.0"," ","S","30"," -9999.0","M"," "," 0"," -9999.0","M"," "," 0"," -9999.0","M"," "," 0"
"USC00422592","06-05"," 37.7686","-111.5978","1770.9","ESCALANTE, UT US","06","05","99","    65.2"," ","S","29","    83.7"," ","S","29","    46.8"," ","S","30","    36.8"," ","S","29","     5.9"," ","S","29","     7.5"," ","S","29","     5.7"," ","S","30","     6.2"," ","S","29","     2.4"," ","S","29","     0.0"," ","S","29","     0.0"," ","S","29","     0.0","X","S","29","     0.2"," ","S","29","     0.3"," ","S","29","     0.7"," ","S","29","     2.6"," ","S","29","    25.2"," ","S","29","    20.2"," ","S","29","    15.2"," ","S","29","    10.4"," ","S","29","     8.5"," ","S","29","     5.9"," ","S","29","     0.7"," ","S","29","     0.4"," ","S","29","     2.6"," ","S","29","    25.2"," ","S","29","    20.2"," ","S","29","    15.2"," ","S","29","    10.4"," ","S","29","     8.5"," ","S","29","     5.9"," ","S","29","     0.7"," ","S","29","     0.4"," ","S","29","    17.8"," ","S","29","    16.4"," ","S","29","    11.1"," ","S","30","     4.4"," ","S","30","     2.3"," ","S","30","     0.7"," ","S","30","     0.0"," ","S","30","     0.0"," ","S","30","     0.0"," ","S","30","     0.0"," ","S","30","    0.03"," ","S","30","    0.08"," ","S","30","    0.24"," ","S","30","    0.08"," ","S","30","    3.84"," ","S","30","     0.0"," ","S","30","     0.0"," ","S","30","     0.0"," ","S","30","     0.0"," ","S","30","     0.0"," ","S","30","     0.0"," ","S","30","     0.0"," ","S","30","     0.0"," ","S","30"," -9999.0","M"," "," 0"," -9999.0","M"," "," 0"," -9999.0","M"," "," 0","     0.0"," ","S","30","    18.3"," ","S","30","     0.0"," ","S","30","     0.0"," ","S","30","     0.0"," ","S","30","     0.0"," ","S","30","     0.0"," ","S","30","     0.0"," ","S","30","     0.0"," ","S","30"," -9999.0","M"," "," 0"," -9999.0","M"," "," 0"," -9999.0","M"," "," 0"
"USC00422592","06-06"," 37.7686","-111.5978","1770.9","ESCALANTE, UT US","06","06","99","    65.6"," ","S","29","    84.0"," ","S","29","    47.1"," ","S","30","    36.9"," ","S","29","     5.8"," ","S","29","     7.5"," ","S","29","     5.6"," ","S","30","     6.2"," ","S","29","     2.2"," ","S","29","     0.0"," ","S","29","     0.0"," ","S","29","     0.0","X","S","29","     0.1"," ","S","29","     0.3"," ","S","29","     0.6"," ","S","29","     2.7"," ","S","29","    25.6"," ","S","29","    20.6"," ","S","29","    15.6"," ","S","29","    10.7"," ","S","29","     8.8"," ","S","29","     6.2"," ","S","29","     0.8"," ","S","29","     0.4"," ","S","29","     2.7"," ","S","29","    25.6"," ","S","29","    20.6"," ","S","29","    15.6"," ","S","29","    10.7"," ","S","29","     8.8"," ","S","29","     6.2"," ","S","29","     0.8"," ","S","29","     0.4"," ","S","29","    17.9"," ","S","29","    16.6"," ","S","29","    11.0"," ","S","30","     4.4"," ","S","30","     2.2"," ","S","30","     0.6"," ","S","30","     0.0"," ","S","30","     0.0"," ","S","30","     0.0"," ","S","30","     0.0"," ","S","30","    0.03"," ","S","30","    0.08"," ","S","30","    0.24"," ","S","30","    0.09"," ","S","30","    3.85"," ","S","30","     0.0"," ","S","30","     0.0"," ","S","30","     0.0"," ","S","30","     0.0"," ","S","30","     0.0"," ","S","30","     0.0"," ","S","30","     0.0"," ","S","30","     0.0"," ","S","30"," -9999.0","M"," "," 0"," -9999.0","M"," "," 0"," -9999.0","M"," "," 0","     0.0"," ","S","30","    18.3"," ","S","30","     0.0"," ","S","30","     0.0"," ","S","30","     0.0"," ","S","30","     0.0"," ","S","30","     0.0"," ","S","30","     0.0"," ","S","30","     0.0"," ","S","30"," -9999.0","M"," "," 0"," -9999.0","M"," "," 0"," -9999.0","M"," "," 0"
"USC00422592","06-07"," 37.7686","-111.5978","1770.9","ESCALANTE, UT US","06","07","99","    65.9"," ","S","29","    84.4"," ","S","29","    47.4"," ","S","30","    37.0"," ","S","29","     5.8"," ","S","29","     7.4"," ","S","29","     5.6"," ","S","30","     6.1"," ","S","29","     2.0"," ","S","29","     0.0"," ","S","29","     0.0"," ","S","29","     0.0","X","S","29","     0.1"," ","S","29","     0.2"," ","S","29","     0.6"," ","S","29","     2.9"," ","S","29","    25.9"," ","S","29","    20.9"," ","S","29","    15.9"," ","S","29","    11.0"," ","S","29","     9.1"," ","S","29","     6.5"," ","S","29","     0.8"," ","S","29","     0.4"," ","S","29","     2.9"," ","S","29","    25.9"," ","S","29","    20.9"," ","S","29","    15.9"," ","S","29","    11.0"," ","S","29","     9.1"," ","S","29","     6.5"," ","S","29","     0.8"," ","S","29","     0.4"," ","S","29","    18.1"," ","S","29","    16.7"," ","S","29","    10.9"," ","S","30","     4.3"," ","S","30","     2.1"," ","S","30","     0.6"," ","S","30","     0.0"," ","S","30","     0.0"," ","S","30","     0.0"," ","S","30","     0.0"," ","S","30","    0.03"," ","S","30","    0.07"," ","S","30","    0.24"," ","S","30","    0.11"," ","S","30","    3.87"," ","S","30","     0.0"," ","S","30","     0.0"," ","S","30","     0.0"," ","S","30","     0.0"," ","S","30","     0.0"," ","S","30","     0.0"," ","S","30","     0.0"," ","S","30","     0.0"," ","S","30"," -9999.0","M"," "," 0"," -9999.0","M"," "," 0"," -9999.0","M"," "," 0","     0.0"," ","S","30","    18.3"," ","S","30","     0.0"," ","S","30","     0.0"," ","S","30","     0.0"," ","S","30","     0.0"," ","S","30","     0.0"," ","S","30","     0.0"," ","S","30","     0.0"," ","S","30"," -9999.0","M"," "," 0"," -9999.0","M"," "," 0"," -9999.0","M"," "," 0"
"USC00422592","06-08"," 37.7686","-111.5978","1770.9","ESCALANTE, UT US","06","08","99","    66.2"," ","S","29","    84.8"," ","S","29","    47.7"," ","S","30","    37.1"," ","S","29","     5.7"," ","S","29","     7.3"," ","S","29","     5.6"," ","S","30","     6.1"," ","S","29","     1.9"," ","S","29","     0.0"," ","S","29","     0.0"," ","S","29","     0.0","X","S","29","     0.1"," ","S","29","     0.2"," ","S","29","     0.5"," ","S","29","     3.1"," ","S","29","    26.2"," ","S","29","    21.2"," ","S","29","    16.2"," ","S","29","    11.3"," ","S","29","     9.4"," ","S","29","     6.7"," ","S","29","     0.9"," ","S","29","     0.4"," ","S","29","     3.1"," ","S","29","    26.2"," ","S","29","    21.2"," ","S","29","    16.2"," ","S","29","    11.3"," ","S","29","     9.4"," ","S","29","     6.7"," ","S","29","     0.9"," ","S","29","     0.4"," ","S","29","    18.3"," ","S","29","    16.9"," ","S","29","    10.8"," ","S","30","     4.3"," ","S","30","     2.1"," ","S","30","     0.6"," ","S","30","     0.0"," ","S","30","     0.0"," ","S","30","     0.0"," ","S","30","     0.0"," ","S","30","    0.03"," ","S","30","    0.07"," ","S","30","    0.23"," ","S","30","    0.12"," ","S","30","    3.88"," ","S","30","     0.0"," ","S","30","     0.0"," ","S","30","     0.0"," ","S","30","     0.0"," ","S","30","     0.0"," ","S","30","     0.0"," ","S","30","     0.0"," ","S","30","     0.0"," ","S","30"," -9999.0","M"," "," 0"," -9999.0","M"," "," 0"," -9999.0","M"," "," 0","     0.0"," ","S","30","    18.3"," ","S","30","     0.0"," ","S","30","     0.0"," ","S","30","     0.0"," ","S","30","     0.0"," ","S","30","     0.0"," ","S","30","     0.0"," ","S","30","     0.0"," ","S","30"," -9999.0","M"," "," 0"," -9999.0","M"," "," 0"," -9999.0","M"," "," 0"
"USC00422592","06-09"," 37.7686","-111.5978","1770.9","ESCALANTE, UT US","06","09","99","    66.5"," ","S","29","    85.1"," ","S","29","    48.0"," ","S","30","    37.2"," ","S","29","     5.7"," ","S","29","     7.2"," ","S","29","     5.6"," ","S","30","     6.1"," ","S","29","     1.7"," ","S","29","     0.0"," ","S","29","     0.0"," ","S","29","     0.0","X","S","29","     0.1"," ","S","29","     0.2"," ","S","29","     0.5"," ","S","29","     3.3"," ","S","29","    26.5"," ","S","29","    21.5"," ","S","29","    16.6"," ","S","29","    11.6"," ","S","29","     9.7"," ","S","29","     7.0"," ","S","29","     0.9"," ","S","29","     0.4"," ","S","29","     3.3"," ","S","29","    26.5"," ","S","29","    21.5"," ","S","29","    16.6"," ","S","29","    11.6"," ","S","29","     9.7"," ","S","29","     7.0"," ","S","29","     0.9"," ","S","29","     0.4"," ","S","29","    18.4"," ","S","29","    17.0"," ","S","29","    10.7"," ","S","30","     4.2"," ","S","30","     2.0"," ","S","30","     0.6"," ","S","30","     0.0"," ","S","30","     0.0"," ","S","30","     0.0"," ","S","30","     0.0"," ","S","30","    0.03"," ","P"," 0","    0.07"," ","P"," 0","    0.22"," ","P"," 0","    0.13"," ","S","30","    3.89"," ","S","30","     0.0"," ","S","30","     0.0"," ","S","30","     0.0"," ","S","30","     0.0"," ","S","30","     0.0"," ","S","30","     0.0"," ","S","30","     0.0"," ","S","30","     0.0"," ","S","30"," -9999.0","M"," "," 0"," -9999.0","M"," "," 0"," -9999.0","M"," "," 0","     0.0"," ","S","30","    18.3"," ","S","30","     0.0"," ","S","30","     0.0"," ","S","30","     0.0"," ","S","30","     0.0"," ","S","30","     0.0"," ","S","30","     0.0"," ","S","30","     0.0"," ","S","30"," -9999.0","M"," "," 0"," -9999.0","M"," "," 0"," -9999.0","M"," "," 0"
"USC00422592","06-10"," 37.7686","-111.5978","1770.9","ESCALANTE, UT US","06","10","99","    66.9"," ","S","29","    85.5"," ","S","29","    48.3"," ","S","30","    37.2"," ","S","29","     5.6"," ","S","29","     7.1"," ","S","29","     5.5"," ","S","30","     6.0"," ","S","29","     1.6"," ","S","29","     0.0"," ","S","29","     0.0"," ","S","29","     0.0","X","S","29","     0.1"," ","S","29","     0.2"," ","S","29","     0.4"," ","S","29","     3.5"," ","S","29","    26.9"," ","S","29","    21.9"," ","S","29","    16.9"," ","S","29","    12.0"," ","S","29","    10.1"," ","S","29","     7.3"," ","S","29","     1.0"," ","S","29","     0.5"," ","S","29","     3.5"," ","S","29","    26.9"," ","S","29","    21.9"," ","S","29","    16.9"," ","S","29","    12.0"," ","S","29","    10.1"," ","S","29","     7.3"," ","S","29","     1.0"," ","S","29","     0.5"," ","S","29","    18.6"," ","S","29","    17.1"," ","S","29","    10.6"," ","S","30","     4.2"," ","S","30","     1.9"," ","S","30","     0.6"," ","S","30","     0.0"," ","S","30","     0.0"," ","S","30","     0.0"," ","S","30","     0.0"," ","S","30","    0.03"," ","P"," 0","    0.07"," ","P"," 0","    0.22"," ","P"," 0","    0.14"," ","S","30","    3.90"," ","S","30","     0.0"," ","S","30","     0.0"," ","S","30","     0.0"," ","S","30","     0.0"," ","S","30","     0.0"," ","S","30","     0.0"," ","S","30","     0.0"," ","S","30","     0.0"," ","S","30"," -9999.0","M"," "," 0"," -9999.0","M"," "," 0"," -9999.0","M"," "," 0","     0.0"," ","S","30","    18.3"," ","S","30","     0.0"," ","S","30","     0.0"," ","S","30","     0.0"," ","S","30","     0.0"," ","S","30","     0.0"," ","S","30","     0.0"," ","S","30","     0.0"," ","S","30"," -9999.0","M"," "," 0"," -9999.0","M"," "," 0"," -9999.0","M"," "," 0"
"USC00422592","06-11"," 37.7686","-111.5978","1770.9","ESCALANTE, UT US","06","11","99","    67.2"," ","S","29","    85.8"," ","S","29","    48.6"," ","S","30","    37.3"," ","S","29","     5.6"," ","S","29","     7.1"," ","S","29","     5.5"," ","S","30","     6.0"," ","S","29","     1.5"," ","S","29","     0.0"," ","S","29","     0.0"," ","S","29","     0.0","X","S","29","     0.1"," ","S","29","     0.2"," ","S","29","     0.4"," ","S","29","     3.7"," ","S","29","    27.2"," ","S","29","    22.2"," ","S","29","    17.2"," ","S","29","    12.3"," ","S","29","    10.4"," ","S","29","     7.6"," ","S","29","     1.1"," ","S","29","     0.6"," ","S","29","     3.7"," ","S","29","    27.2"," ","S","29","    22.2"," ","S","29","    17.2"," ","S","29","    12.3"," ","S","29","    10.4"," ","S","29","     7.6"," ","S","29","     1.1"," ","S","29","     0.6"," ","S","29","    18.8"," ","S","29","    17.3"," ","S","29","    10.6"," ","S","30","     4.2"," ","S","30","     1.8"," ","S","30","     0.5"," ","S","30","     0.0"," ","S","30","     0.0"," ","S","30","     0.0"," ","S","30","     0.0"," ","S","30","    0.03"," ","P"," 0","    0.07"," ","P"," 0","    0.21"," ","P"," 0","    0.15"," ","S","30","    3.91"," ","S","30","     0.0"," ","S","30","     0.0"," ","S","30","     0.0"," ","S","30","     0.0"," ","S","30","     0.0"," ","S","30","     0.0"," ","S","30","     0.0"," ","S","30","     0.0"," ","S","30"," -9999.0","M"," "," 0"," -9999.0","M"," "," 0"," -9999.0","M"," "," 0","     0.0"," ","S","30","    18.3"," ","S","30","     0.0"," ","S","30","     0.0"," ","S","30","     0.0"," ","S","30","     0.0"," ","S","30","     0.0"," ","S","30","     0.0"," ","S","30","     0.0"," ","S","30"," -9999.0","M"," "," 0"," -9999.0","M"," "," 0"," -9999.0","M"," "," 0"
"USC00422592","06-12"," 37.7686","-111.5978","1770.9","ESCALANTE, UT US","06","12","99","    67.5"," ","S","29","    86.2"," ","S","29","    48.9"," ","S","30","    37.3"," ","S","29","     5.5"," ","S","29","     7.0"," ","S","29","     5.5"," ","S","30","     6.0"," ","S","29","     1.4"," ","S","29","     0.0"," ","S","29","     0.0"," ","S","29","     0.0","X","S","29","     0.1"," ","S","29","     0.1"," ","S","29","     0.4"," ","S","29","     3.9"," ","S","29","    27.5"," ","S","29","    22.5"," ","S","29","    17.5"," ","S","29","    12.6"," ","S","29","    10.7"," ","S","29","     7.9"," ","S","29","     1.2"," ","S","29","     0.6"," ","S","29","     3.9"," ","S","29","    27.5"," ","S","29","    22.5"," ","S","29","    17.5"," ","S","29","    12.6"," ","S","29","    10.7"," ","S","29","     7.9"," ","S","29","     1.2"," ","S","29","     0.6"," ","S","29","    19.0"," ","S","29","    17.5"," ","S","29","    10.5"," ","S","30","     4.2"," ","S","30","     1.8"," ","S","30","     0.5"," ","S","30","     0.0"," ","S","30","     0.0"," ","S","30","     0.0"," ","S","30","     0.0"," ","S","30","    0.03"," ","P"," 0","    0.07"," ","P"," 0","    0.21"," ","P"," 0","    0.16"," ","S","30","    3.92"," ","S","30","     0.0"," ","S","30","     0.0"," ","S","30","     0.0"," ","S","30","     0.0"," ","S","30","     0.0"," ","S","30","     0.0"," ","S","30","     0.0"," ","S","30","     0.0"," ","S","30"," -9999.0","M"," "," 0"," -9999.0","M"," "," 0"," -9999.0","M"," "," 0","     0.0"," ","S","30","    18.3"," ","S","30","     0.0"," ","S","30","     0.0"," ","S","30","     0.0"," ","S","30","     0.0"," ","S","30","     0.0"," ","S","30","     0.0"," ","S","30","     0.0"," ","S","30"," -9999.0","M"," "," 0"," -9999.0","M"," "," 0"," -9999.0","M"," "," 0"
"USC00422592","06-13"," 37.7686","-111.5978","1770.9","ESCALANTE, UT US","06","13","99","    67.9"," ","S","29","    86.5"," ","S","29","    49.2"," ","S","30","    37.4"," ","S","29","     5.5"," ","S","29","     6.9"," ","S","29","     5.5"," ","S","30","     5.9"," ","S","29","     1.2"," ","S","29","     0.0"," ","S","29","     0.0"," ","S","29","     0.0","X","S","29","     0.0","X","S","29","     0.1"," ","S","29","     0.3"," ","S","29","     4.1"," ","S","29","    27.9"," ","S","29","    22.9"," ","S","29","    17.9"," ","S","29","    12.9"," ","S","29","    10.9"," ","S","29","     8.1"," ","S","29","     1.3"," ","S","29","     0.7"," ","S","29","     4.1"," ","S","29","    27.9"," ","S","29","    22.9"," ","S","29","    17.9"," ","S","29","    12.9"," ","S","29","    10.9"," ","S","29","     8.1"," ","S","29","     1.3"," ","S","29","     0.7"," ","S","29","    19.2"," ","S","29","    17.6"," ","S","29","    10.5"," ","S","30","     4.2"," ","S","30","     1.7"," ","S","30","     0.5"," ","S","30","     0.0"," ","S","30","     0.0"," ","S","30","     0.0"," ","S","30","     0.0"," ","S","30","    0.03"," ","P"," 0","    0.07"," ","P"," 0","    0.20"," ","P"," 0","    0.17"," ","S","30","    3.93"," ","S","30","     0.0"," ","S","30","     0.0"," ","S","30","     0.0"," ","S","30","     0.0"," ","S","30","     0.0"," ","S","30","     0.0"," ","S","30","     0.0"," ","S","30","     0.0"," ","S","30"," -9999.0","M"," "," 0"," -9999.0","M"," "," 0"," -9999.0","M"," "," 0","     0.0"," ","S","30","    18.3"," ","S","30","     0.0"," ","S","30","     0.0"," ","S","30","     0.0"," ","S","30","     0.0"," ","S","30","     0.0"," ","S","30","     0.0"," ","S","30","     0.0"," ","S","30"," -9999.0","M"," "," 0"," -9999.0","M"," "," 0"," -9999.0","M"," "," 0"
"USC00422592","06-14"," 37.7686","-111.5978","1770.9","ESCALANTE, UT US","06","14","99","    68.2"," ","S","29","    86.9"," ","S","29","    49.5"," ","S","30","    37.4"," ","S","29","     5.5"," ","S","29","     6.8"," ","S","29","     5.5"," ","S","30","     5.9"," ","S","29","     1.1"," ","S","29","     0.0"," ","S","29","     0.0"," ","S","29","     0.0","X","S","29","     0.0","X","S","29","     0.1"," ","S","29","     0.2"," ","S","29","     4.2"," ","S","29","    28.2"," ","S","29","    23.2"," ","S","29","    18.2"," ","S","29","    13.2"," ","S","29","    11.2"," ","S","29","     8.4"," ","S","29","     1.4"," ","S","29","     0.7"," ","S","29","     4.2"," ","S","29","    28.2"," ","S","29","    23.2"," ","S","29","    18.2"," ","S","29","    13.2"," ","S","29","    11.2"," ","S","29","     8.4"," ","S","29","     1.4"," ","S","29","     0.7"," ","S","29","    19.4"," ","S","29","    17.8"," ","S","29","    10.5"," ","S","30","     4.2"," ","S","30","     1.6"," ","S","30","     0.5"," ","S","30","     0.0"," ","S","30","     0.0"," ","S","30","     0.0"," ","S","30","     0.0"," ","S","30","    0.03"," ","P"," 0","    0.07"," ","P"," 0","    0.19"," ","P"," 0","    0.18"," ","S","30","    3.94"," ","S","30","     0.0"," ","S","30","     0.0"," ","S","30","     0.0"," ","S","30","     0.0"," ","S","30","     0.0"," ","S","30","     0.0"," ","S","30","     0.0"," ","S","30","     0.0"," ","S","30"," -9999.0","M"," "," 0"," -9999.0","M"," "," 0"," -9999.0","M"," "," 0","     0.0"," ","S","30","    18.3"," ","S","30","     0.0"," ","S","30","     0.0"," ","S","30","     0.0"," ","S","30","     0.0"," ","S","30","     0.0"," ","S","30","     0.0"," ","S","30","     0.0"," ","S","30"," -9999.0","M"," "," 0"," -9999.0","M"," "," 0"," -9999.0","M"," "," 0"
"USC00422592","06-15"," 37.7686","-111.5978","1770.9","ESCALANTE, UT US","06","15","99","    68.5"," ","S","29","    87.2"," ","S","29","    49.8"," ","S","30","    37.4"," ","S","29","     5.4"," ","S","29","     6.7"," ","S","29","     5.5"," ","S","30","     5.9"," ","S","29","     0.9"," ","S","29","     0.0"," ","S","29","     0.0"," ","S","29","     0.0","X","S","29","     0.0","X","S","29","     0.0","X","S","29","     0.2"," ","S","29","     4.4"," ","S","29","    28.5"," ","S","29","    23.5"," ","S","29","    18.5"," ","S","29","    13.5"," ","S","29","    11.5"," ","S","29","     8.7"," ","S","29","     1.4"," ","S","29","     0.7"," ","S","29","     4.4"," ","S","29","    28.5"," ","S","29","    23.5"," ","S","29","    18.5"," ","S","29","    13.5"," ","S","29","    11.5"," ","S","29","     8.7"," ","S","29","     1.4"," ","S","29","     0.7"," ","S","29","    19.6"," ","S","29","    18.0"," ","S","29","    10.5"," ","S","30","     4.2"," ","S","30","     1.6"," ","S","30","     0.5"," ","S","30","     0.0"," ","S","30","     0.0"," ","S","30","     0.0"," ","S","30","     0.0"," ","S","30","    0.02"," ","P"," 0","    0.07"," ","P"," 0","    0.19"," ","P"," 0","    0.19"," ","S","30","    3.95"," ","S","30","     0.0"," ","S","30","     0.0"," ","S","30","     0.0"," ","S","30","     0.0"," ","S","30","     0.0"," ","S","30","     0.0"," ","S","30","     0.0"," ","S","30","     0.0"," ","S","30"," -9999.0","M"," "," 0"," -9999.0","M"," "," 0"," -9999.0","M"," "," 0","     0.0"," ","S","30","    18.3"," ","S","30","     0.0"," ","S","30","     0.0"," ","S","30","     0.0"," ","S","30","     0.0"," ","S","30","     0.0"," ","S","30","     0.0"," ","S","30","     0.0"," ","S","30"," -9999.0","M"," "," 0"," -9999.0","M"," "," 0"," -9999.0","M"," "," 0"
"USC00422592","06-16"," 37.7686","-111.5978","1770.9","ESCALANTE, UT US","06","16","99","    68.8"," ","S","29","    87.5"," ","S","29","    50.1"," ","S","30","    37.4"," ","S","29","     5.3"," ","S","29","     6.7"," ","S","29","     5.5"," ","S","30","     5.9"," ","S","29","     0.8"," ","S","29","     0.0"," ","S","29","     0.0"," ","S","29","     0.0","X","S","29","     0.0","X","S","29","     0.0","X","S","29","     0.1"," ","S","29","     4.6"," ","S","29","    28.8"," ","S","29","    23.8"," ","S","29","    18.8"," ","S","29","    13.8"," ","S","29","    11.8"," ","S","29","     8.9"," ","S","29","     1.5"," ","S","29","     0.8"," ","S","29","     4.6"," ","S","29","    28.8"," ","S","29","    23.8"," ","S","29","    18.8"," ","S","29","    13.8"," ","S","29","    11.8"," ","S","29","     8.9"," ","S","29","     1.5"," ","S","29","     0.8"," ","S","29","    19.7"," ","S","29","    18.2"," ","S","29","    10.6"," ","S","30","     4.2"," ","S","30","     1.5"," ","S","30","     0.5"," ","S","30","     0.0"," ","S","30","     0.0"," ","S","30","     0.0"," ","S","30","     0.0"," ","S","30","    0.02"," ","P"," 0","    0.06"," ","P"," 0","    0.18"," ","P"," 0","    0.21"," ","S","30","    3.97"," ","S","30","     0.0"," ","S","30","     0.0"," ","S","30","     0.0"," ","S","30","     0.0"," ","S","30","     0.0"," ","S","30","     0.0"," ","S","30","     0.0"," ","S","30","     0.0"," ","S","30"," -9999.0","M"," "," 0"," -9999.0","M"," "," 0"," -9999.0","M"," "," 0","     0.0"," ","S","30","    18.3"," ","S","30","     0.0"," ","S","30","     0.0"," ","S","30","     0.0"," ","S","30","     0.0"," ","S","30","     0.0"," ","S","30","     0.0"," ","S","30","     0.0"," ","S","30"," -9999.0","M"," "," 0"," -9999.0","M"," "," 0"," -9999.0","M"," "," 0"
"USC00422592","06-17"," 37.7686","-111.5978","1770.9","ESCALANTE, UT US","06","17","99","    69.1"," ","S","29","    87.8"," ","S","29","    50.4"," ","S","30","    37.4"," ","S","29","     5.3"," ","S","29","     6.6"," ","S","29","     5.5"," ","S","30","     5.9"," ","S","29","     0.6"," ","S","29","     0.0"," ","S","29","     0.0"," ","S","29","     0.0"," ","S","29","     0.0","X","S","29","     0.0","X","S","29","     0.1"," ","S","29","     4.8"," ","S","29","    29.1"," ","S","29","    24.1"," ","S","29","    19.1"," ","S","29","    14.1"," ","S","29","    12.1"," ","S","29","     9.2"," ","S","29","     1.6"," ","S","29","     0.8"," ","S","29","     4.8"," ","S","29","    29.1"," ","S","29","    24.1"," ","S","29","    19.1"," ","S","29","    14.1"," ","S","29","    12.1"," ","S","29","     9.2"," ","S","29","     1.6"," ","S","29","     0.8"," ","S","29","    19.9"," ","S","29","    18.3"," ","S","29","    10.7"," ","S","30","     4.3"," ","S","30","     1.5"," ","S","30","     0.5"," ","S","30","     0.0"," ","S","30","     0.0"," ","S","30","     0.0"," ","S","30","     0.0"," ","S","30","    0.02"," ","P"," 0","    0.06"," ","P"," 0","    0.18"," ","P"," 0","    0.22"," ","S","30","    3.98"," ","S","30","     0.0"," ","S","30","     0.0"," ","S","30","     0.0"," ","S","30","     0.0"," ","S","30","     0.0"," ","S","30","     0.0"," ","S","30","     0.0"," ","S","30","     0.0"," ","S","30"," -9999.0","M"," "," 0"," -9999.0","M"," "," 0"," -9999.0","M"," "," 0","     0.0"," ","S","30","    18.3"," ","S","30","     0.0"," ","S","30","     0.0"," ","S","30","     0.0"," ","S","30","     0.0"," ","S","30","     0.0"," ","S","30","     0.0"," ","S","30","     0.0"," ","S","30"," -9999.0","M"," "," 0"," -9999.0","M"," "," 0"," -9999.0","M"," "," 0"
"USC00422592","06-18"," 37.7686","-111.5978","1770.9","ESCALANTE, UT US","06","18","99","    69.4"," ","S","29","    88.1"," ","S","29","    50.7"," ","S","30","    37.4"," ","S","29","     5.2"," ","S","29","     6.5"," ","S","29","     5.4"," ","S","30","     5.9"," ","S","29","     0.6"," ","S","29","     0.0"," ","S","29","     0.0"," ","S","29","     0.0"," ","S","29","     0.0"," ","S","29","     0.0","X","S","29","     0.1"," ","S","29","     5.0"," ","S","29","    29.4"," ","S","29","    24.4"," ","S","29","    19.4"," ","S","29","    14.4"," ","S","29","    12.4"," ","S","29","     9.5"," ","S","29","     1.7"," ","S","29","     0.9"," ","S","29","     5.0"," ","S","29","    29.4"," ","S","29","    24.4"," ","S","29","    19.4"," ","S","29","    14.4"," ","S","29","    12.4"," ","S","29","     9.5"," ","S","29","     1.7"," ","S","29","     0.9"," ","S","29","    20.1"," ","S","29","    18.4"," ","S","29","    10.7"," ","S","30","     4.3"," ","S","30","     1.4"," ","S","30","     0.5"," ","S","30","     0.0"," ","S","30","     0.0"," ","S","30","     0.0"," ","S","30","     0.0"," ","S","30","    0.02"," ","P"," 0","    0.06"," ","P"," 0","    0.17"," ","P"," 0","    0.23"," ","S","30","    3.99"," ","S","30","     0.0"," ","S","30","     0.0"," ","S","30","     0.0"," ","S","30","     0.0"," ","S","30","     0.0"," ","S","30","     0.0"," ","S","30","     0.0"," ","S","30","     0.0"," ","S","30"," -9999.0","M"," "," 0"," -9999.0","M"," "," 0"," -9999.0","M"," "," 0","     0.0"," ","S","30","    18.3"," ","S","30","     0.0"," ","S","30","     0.0"," ","S","30","     0.0"," ","S","30","     0.0"," ","S","30","     0.0"," ","S","30","     0.0"," ","S","30","     0.0"," ","S","30"," -9999.0","M"," "," 0"," -9999.0","M"," "," 0"," -9999.0","M"," "," 0"
"USC00422592","06-19"," 37.7686","-111.5978","1770.9","ESCALANTE, UT US","06","19","99","    69.7"," ","S","29","    88.4"," ","S","29","    51.1"," ","S","30","    37.4"," ","S","29","     5.2"," ","S","29","     6.4"," ","S","29","     5.4"," ","S","30","     5.9"," ","S","29","     0.5"," ","S","29","     0.0"," ","S","29","     0.0"," ","S","29","     0.0"," ","S","29","     0.0"," ","S","29","     0.0","X","S","29","     0.1"," ","S","29","     5.2"," ","S","29","    29.7"," ","S","29","    24.7"," ","S","29","    19.7"," ","S","29","    14.7"," ","S","29","    12.8"," ","S","29","     9.8"," ","S","29","     1.8"," ","S","29","     0.9"," ","S","29","     5.2"," ","S","29","    29.7"," ","S","29","    24.7"," ","S","29","    19.7"," ","S","29","    14.7"," ","S","29","    12.8"," ","S","29","     9.8"," ","S","29","     1.8"," ","S","29","     0.9"," ","S","29","    20.2"," ","S","29","    18.6"," ","S","29","    10.8"," ","S","30","     4.3"," ","S","30","     1.4"," ","S","30","     0.5"," ","S","30","     0.0"," ","S","30","     0.0"," ","S","30","     0.0"," ","S","30","     0.0"," ","S","30","    0.02"," ","P"," 0","    0.06"," ","P"," 0","    0.16"," ","P"," 0","    0.24"," ","S","30","    4.00"," ","S","30","     0.0"," ","S","30","     0.0"," ","S","30","     0.0"," ","S","30","     0.0"," ","S","30","     0.0"," ","S","30","     0.0"," ","S","30","     0.0"," ","S","30","     0.0"," ","S","30"," -9999.0","M"," "," 0"," -9999.0","M"," "," 0"," -9999.0","M"," "," 0","     0.0"," ","S","30","    18.3"," ","S","30","     0.0"," ","S","30","     0.0"," ","S","30","     0.0"," ","S","30","     0.0"," ","S","30","     0.0"," ","S","30","     0.0"," ","S","30","     0.0"," ","S","30"," -9999.0","M"," "," 0"," -9999.0","M"," "," 0"," -9999.0","M"," "," 0"
"USC00422592","06-20"," 37.7686","-111.5978","1770.9","ESCALANTE, UT US","06","20","99","    70.1"," ","S","29","    88.7"," ","S","29","    51.4"," ","S","30","    37.4"," ","S","29","     5.1"," ","S","29","     6.4"," ","S","29","     5.4"," ","S","30","     5.9"," ","S","29","     0.4"," ","S","29","     0.0"," ","S","29","     0.0"," ","S","29","     0.0"," ","S","29","     0.0"," ","S","29","     0.0","X","S","29","     0.1"," ","S","29","     5.5"," ","S","29","    30.1"," ","S","29","    25.1"," ","S","29","    20.1"," ","S","29","    15.1"," ","S","29","    13.1"," ","S","29","    10.1"," ","S","29","     2.0"," ","S","29","     1.0"," ","S","29","     5.5"," ","S","29","    30.1"," ","S","29","    25.1"," ","S","29","    20.1"," ","S","29","    15.1"," ","S","29","    13.1"," ","S","29","    10.1"," ","S","29","     2.0"," ","S","29","     1.0"," ","S","29","    20.4"," ","S","29","    18.7"," ","S","29","    11.0"," ","S","30","     4.4"," ","S","30","     1.4"," ","S","30","     0.5"," ","S","30","     0.0"," ","S","30","     0.0"," ","S","30","     0.0"," ","S","30","     0.0"," ","S","30","    0.02"," ","P"," 0","    0.06"," ","P"," 0","    0.16"," ","P"," 0","    0.25"," ","S","30","    4.01"," ","S","30","     0.0"," ","S","30","     0.0"," ","S","30","     0.0"," ","S","30","     0.0"," ","S","30","     0.0"," ","S","30","     0.0"," ","S","30","     0.0"," ","S","30","     0.0"," ","S","30"," -9999.0","M"," "," 0"," -9999.0","M"," "," 0"," -9999.0","M"," "," 0","     0.0"," ","S","30","    18.3"," ","S","30","     0.0"," ","S","30","     0.0"," ","S","30","     0.0"," ","S","30","     0.0"," ","S","30","     0.0"," ","S","30","     0.0"," ","S","30","     0.0"," ","S","30"," -9999.0","M"," "," 0"," -9999.0","M"," "," 0"," -9999.0","M"," "," 0"
"USC00422592","06-21"," 37.7686","-111.5978","1770.9","ESCALANTE, UT US","06","21","99","    70.4"," ","S","29","    89.0"," ","S","29","    51.7"," ","S","30","    37.3"," ","S","29","     5.1"," ","S","29","     6.3"," ","S","29","     5.4"," ","S","30","     5.9"," ","S","29","     0.4"," ","S","29","     0.0"," ","S","29","     0.0"," ","S","29","     0.0"," ","S","29","     0.0"," ","S","29","     0.0","X","S","29","     0.1"," ","S","29","     5.7"," ","S","29","    30.4"," ","S","29","    25.4"," ","S","29","    20.4"," ","S","29","    15.4"," ","S","29","    13.4"," ","S","29","    10.4"," ","S","29","     2.1"," ","S","29","     1.1"," ","S","29","     5.7"," ","S","29","    30.4"," ","S","29","    25.4"," ","S","29","    20.4"," ","S","29","    15.4"," ","S","29","    13.4"," ","S","29","    10.4"," ","S","29","     2.1"," ","S","29","     1.1"," ","S","29","    20.6"," ","S","29","    18.9"," ","S","29","    11.1"," ","S","30","     4.5"," ","S","30","     1.3"," ","S","30","     0.5"," ","S","30","     0.0"," ","S","30","     0.0"," ","S","30","     0.0"," ","S","30","     0.0"," ","S","30","    0.02"," ","P"," 0","    0.06"," ","P"," 0","    0.15"," ","P"," 0","    0.26"," ","S","30","    4.02"," ","S","30","     0.0"," ","S","30","     0.0"," ","S","30","     0.0"," ","S","30","     0.0"," ","S","30","     0.0"," ","S","30","     0.0"," ","S","30","     0.0"," ","S","30","     0.0"," ","S","30"," -9999.0","M"," "," 0"," -9999.0","M"," "," 0"," -9999.0","M"," "," 0","     0.0"," ","S","30","    18.3"," ","S","30","     0.0"," ","S","30","     0.0"," ","S","30","     0.0"," ","S","30","     0.0"," ","S","30","     0.0"," ","S","30","     0.0"," ","S","30","     0.0"," ","S","30"," -9999.0","M"," "," 0"," -9999.0","M"," "," 0"," -9999.0","M"," "," 0"
"USC00422592","06-22"," 37.7686","-111.5978","1770.9","ESCALANTE, UT US","06","22","99","    70.6"," ","S","29","    89.3"," ","S","29","    52.0"," ","S","30","    37.3"," ","S","29","     5.0"," ","S","29","     6.2"," ","S","29","     5.3"," ","S","30","     5.9"," ","S","29","     0.3"," ","S","29","     0.0"," ","S","29","     0.0"," ","S","29","     0.0"," ","S","29","     0.0"," ","S","29","     0.0","X","S","29","     0.0","X","S","29","     6.0"," ","S","29","    30.6"," ","S","29","    25.6"," ","S","29","    20.6"," ","S","29","    15.6"," ","S","29","    13.7"," ","S","29","    10.7"," ","S","29","     2.3"," ","S","29","     1.3"," ","S","29","     6.0"," ","S","29","    30.6"," ","S","29","    25.6"," ","S","29","    20.6"," ","S","29","    15.6"," ","S","29","    13.7"," ","S","29","    10.7"," ","S","29","     2.3"," ","S","29","     1.3"," ","S","29","    20.8"," ","S","29","    19.0"," ","S","29","    11.3"," ","S","30","     4.6"," ","S","30","     1.3"," ","S","30","     0.5"," ","S","30","     0.0"," ","S","30","     0.0"," ","S","30","     0.0"," ","S","30","     0.0"," ","S","30","    0.02"," ","S","30","    0.06"," ","S","30","    0.15"," ","S","30","    0.28"," ","S","30","    4.04"," ","S","30","     0.0"," ","S","30","     0.0"," ","S","30","     0.0"," ","S","30","     0.0"," ","S","30","     0.0"," ","S","30","     0.0"," ","S","30","     0.0"," ","S","30","     0.0"," ","S","30"," -9999.0","M"," "," 0"," -9999.0","M"," "," 0"," -9999.0","M"," "," 0","     0.0"," ","S","30","    18.3"," ","S","30","     0.0"," ","S","30","     0.0"," ","S","30","     0.0"," ","S","30","     0.0"," ","S","30","     0.0"," ","S","30","     0.0"," ","S","30","     0.0"," ","S","30"," -9999.0","M"," "," 0"," -9999.0","M"," "," 0"," -9999.0","M"," "," 0"
"USC00422592","06-23"," 37.7686","-111.5978","1770.9","ESCALANTE, UT US","06","23","99","    70.9"," ","S","29","    89.6"," ","S","29","    52.3"," ","S","30","    37.2"," ","S","29","     4.9"," ","S","29","     6.1"," ","S","29","     5.3"," ","S","30","     5.9"," ","S","29","     0.3"," ","S","29","     0.0"," ","S","29","     0.0"," ","S","29","     0.0"," ","S","29","     0.0"," ","S","29","     0.0","X","S","29","     0.0","X","S","29","     6.2"," ","S","29","    30.9"," ","S","29","    25.9"," ","S","29","    20.9"," ","S","29","    15.9"," ","S","29","    13.9"," ","S","29","    11.0"," ","S","29","     2.5"," ","S","29","     1.4"," ","S","29","     6.2"," ","S","29","    30.9"," ","S","29","    25.9"," ","S","29","    20.9"," ","S","29","    15.9"," ","S","29","    13.9"," ","S","29","    11.0"," ","S","29","     2.5"," ","S","29","     1.4"," ","S","29","    20.9"," ","S","29","    19.2"," ","S","29","    11.6"," ","S","30","     4.7"," ","S","30","     1.3"," ","S","30","     0.5"," ","S","30","     0.0"," ","S","30","     0.0"," ","S","30","     0.0"," ","S","30","     0.0"," ","S","30","    0.02"," ","S","30","    0.06"," ","S","30","    0.14"," ","S","30","    0.29"," ","S","30","    4.05"," ","S","30","     0.0"," ","S","30","     0.0"," ","S","30","     0.0"," ","S","30","     0.0"," ","S","30","     0.0"," ","S","30","     0.0"," ","S","30","     0.0"," ","S","30","     0.0"," ","S","30"," -9999.0","M"," "," 0"," -9999.0","M"," "," 0"," -9999.0","M"," "," 0","     0.0"," ","S","30","    18.3"," ","S","30","     0.0"," ","S","30","     0.0"," ","S","30","     0.0"," ","S","30","     0.0"," ","S","30","     0.0"," ","S","30","     0.0"," ","S","30","     0.0"," ","S","30"," -9999.0","M"," "," 0"," -9999.0","M"," "," 0"," -9999.0","M"," "," 0"
"USC00422592","06-24"," 37.7686","-111.5978","1770.9","ESCALANTE, UT US","06","24","99","    71.2"," ","S","29","    89.8"," ","S","29","    52.6"," ","S","30","    37.2"," ","S","29","     4.9"," ","S","29","     6.1"," ","S","29","     5.3"," ","S","30","     5.9"," ","S","29","     0.3"," ","S","29","     0.0"," ","S","29","     0.0"," ","S","29","     0.0"," ","S","29","     0.0"," ","S","29","     0.0","X","S","29","     0.0","X","S","29","     6.5"," ","S","29","    31.2"," ","S","29","    26.2"," ","S","29","    21.2"," ","S","29","    16.2"," ","S","29","    14.2"," ","S","29","    11.2"," ","S","29","     2.7"," ","S","29","     1.5"," ","S","29","     6.5"," ","S","29","    31.2"," ","S","29","    26.2"," ","S","29","    21.2"," ","S","29","    16.2"," ","S","29","    14.2"," ","S","29","    11.2"," ","S","29","     2.7"," ","S","29","     1.5"," ","S","29","    21.1"," ","S","29","    19.3"," ","S","29","    11.8"," ","S","30","     4.8"," ","S","30","     1.3"," ","S","30","     0.5"," ","S","30","     0.0"," ","S","30","     0.0"," ","S","30","     0.0"," ","S","30","     0.0"," ","S","30","    0.02"," ","S","30","    0.06"," ","S","30","    0.14"," ","S","30","    0.30"," ","S","30","    4.06"," ","S","30","     0.0"," ","S","30","     0.0"," ","S","30","     0.0"," ","S","30","     0.0"," ","S","30","     0.0"," ","S","30","     0.0"," ","S","30","     0.0"," ","S","30","     0.0"," ","S","30"," -9999.0","M"," "," 0"," -9999.0","M"," "," 0"," -9999.0","M"," "," 0","     0.0"," ","S","30","    18.3"," ","S","30","     0.0"," ","S","30","     0.0"," ","S","30","     0.0"," ","S","30","     0.0"," ","S","30","     0.0"," ","S","30","     0.0"," ","S","30","     0.0"," ","S","30"," -9999.0","M"," "," 0"," -9999.0","M"," "," 0"," -9999.0","M"," "," 0"
"USC00422592","06-25"," 37.7686","-111.5978","1770.9","ESCALANTE, UT US","06","25","99","    71.5"," ","S","29","    90.1"," ","S","29","    52.9"," ","S","30","    37.1"," ","S","29","     4.8"," ","S","29","     6.0"," ","S","29","     5.3"," ","S","30","     5.9"," ","S","29","     0.2"," ","S","29","     0.0"," ","S","29","     0.0"," ","S","29","     0.0"," ","S","29","     0.0"," ","S","29","     0.0","X","S","29","     0.0","X","S","29","     6.7"," ","S","29","    31.5"," ","S","29","    26.5"," ","S","29","    21.5"," ","S","29","    16.5"," ","S","29","    14.5"," ","S","29","    11.5"," ","S","29","     2.9"," ","S","29","     1.7"," ","S","29","     6.7"," ","S","29","    31.5"," ","S","29","    26.5"," ","S","29","    21.5"," ","S","29","    16.5"," ","S","29","    14.5"," ","S","29","    11.5"," ","S","29","     2.9"," ","S","29","     1.7"," ","S","29","    21.3"," ","S","29","    19.5"," ","S","29","    12.2"," ","S","30","     4.9"," ","S","30","     1.3"," ","S","30","     0.5"," ","S","30","     0.0"," ","S","30","     0.0"," ","S","30","     0.0"," ","S","30","     0.0"," ","S","30","    0.02"," ","S","30","    0.06"," ","S","30","    0.14"," ","S","30","    0.32"," ","S","30","    4.08"," ","S","30","     0.0"," ","S","30","     0.0"," ","S","30","     0.0"," ","S","30","     0.0"," ","S","30","     0.0"," ","S","30","     0.0"," ","S","30","     0.0"," ","S","30","     0.0"," ","S","30"," -9999.0","M"," "," 0"," -9999.0","M"," "," 0"," -9999.0","M"," "," 0","     0.0"," ","S","30","    18.3"," ","S","30","     0.0"," ","S","30","     0.0"," ","S","30","     0.0"," ","S","30","     0.0"," ","S","30","     0.0"," ","S","30","     0.0"," ","S","30","     0.0"," ","S","30"," -9999.0","M"," "," 0"," -9999.0","M"," "," 0"," -9999.0","M"," "," 0"
"USC00422592","06-26"," 37.7686","-111.5978","1770.9","ESCALANTE, UT US","06","26","99","    71.8"," ","S","29","    90.3"," ","S","29","    53.2"," ","S","30","    37.1"," ","S","29","     4.8"," ","S","29","     5.9"," ","S","29","     5.2"," ","S","30","     5.9"," ","S","29","     0.2"," ","S","29","     0.0"," ","S","29","     0.0"," ","S","29","     0.0"," ","S","29","     0.0"," ","S","29","     0.0","X","S","29","     0.0","X","S","29","     7.0"," ","S","29","    31.8"," ","S","29","    26.8"," ","S","29","    21.8"," ","S","29","    16.8"," ","S","29","    14.8"," ","S","29","    11.8"," ","S","29","     3.0"," ","S","29","     1.8"," ","S","29","     7.0"," ","S","29","    31.8"," ","S","29","    26.8"," ","S","29","    21.8"," ","S","29","    16.8"," ","S","29","    14.8"," ","S","29","    11.8"," ","S","29","     3.0"," ","S","29","     1.8"," ","S","29","    21.4"," ","S","29","    19.6"," ","S","29","    12.5"," ","S","29","     5.1"," ","S","29","     1.3"," ","S","29","     0.6"," ","S","29","     0.0"," ","S","29","     0.0"," ","S","29","     0.0"," ","S","29","     0.0"," ","S","29","    0.02"," ","S","29","    0.06"," ","S","29","    0.15"," ","S","29","    0.33"," ","S","30","    4.09"," ","S","30","     0.0"," ","S","29","     0.0"," ","S","29","     0.0"," ","S","29","     0.0"," ","S","29","     0.0"," ","S","29","     0.0"," ","S","29","     0.0"," ","S","29","     0.0"," ","S","29"," -9999.0","M"," "," 0"," -9999.0","M"," "," 0"," -9999.0","M"," "," 0","     0.0"," ","S","30","    18.3"," ","S","30","     0.0"," ","S","29","     0.0"," ","S","29","     0.0"," ","S","29","     0.0"," ","S","29","     0.0"," ","S","29","     0.0"," ","S","29","     0.0"," ","S","29"," -9999.0","M"," "," 0"," -9999.0","M"," "," 0"," -9999.0","M"," "," 0"
"USC00422592","06-27"," 37.7686","-111.5978","1770.9","ESCALANTE, UT US","06","27","99","    72.0"," ","S","29","    90.5"," ","S","29","    53.5"," ","S","30","    37.0"," ","S","29","     4.7"," ","S","29","     5.9"," ","S","29","     5.2"," ","S","30","     5.9"," ","S","29","     0.2"," ","S","29","     0.0"," ","S","29","     0.0"," ","S","29","     0.0"," ","S","29","     0.0"," ","S","29","     0.0"," ","S","29","     0.0","X","S","29","     7.2"," ","S","29","    32.0"," ","S","29","    27.0"," ","S","29","    22.0"," ","S","29","    17.0"," ","S","29","    15.0"," ","S","29","    12.0"," ","S","29","     3.2"," ","S","29","     1.9"," ","S","29","     7.2"," ","S","29","    32.0"," ","S","29","    27.0"," ","S","29","    22.0"," ","S","29","    17.0"," ","S","29","    15.0"," ","S","29","    12.0"," ","S","29","     3.2"," ","S","29","     1.9"," ","S","29","    21.6"," ","S","29","    19.8"," ","S","29","    12.8"," ","S","29","     5.3"," ","S","29","     1.4"," ","S","29","     0.6"," ","S","29","     0.1"," ","S","29","     0.0"," ","S","29","     0.0"," ","S","29","     0.0"," ","S","29","    0.02"," ","S","29","    0.06"," ","S","29","    0.15"," ","S","29","    0.35"," ","S","30","    4.11"," ","S","30","     0.0"," ","S","29","     0.0"," ","S","29","     0.0"," ","S","29","     0.0"," ","S","29","     0.0"," ","S","29","     0.0"," ","S","29","     0.0"," ","S","29","     0.0"," ","S","29"," -9999.0","M"," "," 0"," -9999.0","M"," "," 0"," -9999.0","M"," "," 0","     0.0"," ","S","30","    18.3"," ","S","30","     0.0"," ","S","29","     0.0"," ","S","29","     0.0"," ","S","29","     0.0"," ","S","29","     0.0"," ","S","29","     0.0"," ","S","29","     0.0"," ","S","29"," -9999.0","M"," "," 0"," -9999.0","M"," "," 0"," -9999.0","M"," "," 0"
"USC00422592","06-28"," 37.7686","-111.5978","1770.9","ESCALANTE, UT US","06","28","99","    72.3"," ","S","29","    90.8"," ","S","29","    53.8"," ","S","30","    36.9"," ","S","29","     4.6"," ","S","29","     5.8"," ","S","29","     5.2"," ","S","30","     5.9"," ","S","29","     0.2"," ","S","29","     0.0"," ","S","29","     0.0"," ","S","29","     0.0"," ","S","29","     0.0"," ","S","29","     0.0"," ","S","29","     0.0","X","S","29","     7.4"," ","S","29","    32.3"," ","S","29","    27.3"," ","S","29","    22.3"," ","S","29","    17.3"," ","S","29","    15.3"," ","S","29","    12.3"," ","S","29","     3.3"," ","S","29","     2.0"," ","S","29","     7.4"," ","S","29","    32.3"," ","S","29","    27.3"," ","S","29","    22.3"," ","S","29","    17.3"," ","S","29","    15.3"," ","S","29","    12.3"," ","S","29","     3.3"," ","S","29","     2.0"," ","S","29","    21.7"," ","S","29","    19.9"," ","S","29","    13.2"," ","S","29","     5.5"," ","S","29","     1.4"," ","S","29","     0.6"," ","S","29","     0.1"," ","S","29","     0.0"," ","S","29","     0.0"," ","S","29","     0.0"," ","S","29","    0.02"," ","S","29","    0.06"," ","S","29","    0.15"," ","S","29","    0.37"," ","S","30","    4.13"," ","S","30","     0.0"," ","S","29","     0.0"," ","S","29","     0.0"," ","S","29","     0.0"," ","S","29","     0.0"," ","S","29","     0.0"," ","S","29","     0.0"," ","S","29","     0.0"," ","S","29"," -9999.0","M"," "," 0"," -9999.0","M"," "," 0"," -9999.0","M"," "," 0","     0.0"," ","S","30","    18.3"," ","S","30","     0.0"," ","S","29","     0.0"," ","S","29","     0.0"," ","S","29","     0.0"," ","S","29","     0.0"," ","S","29","     0.0"," ","S","29","     0.0"," ","S","29"," -9999.0","M"," "," 0"," -9999.0","M"," "," 0"," -9999.0","M"," "," 0"
"USC00422592","06-29"," 37.7686","-111.5978","1770.9","ESCALANTE, UT US","06","29","99","    72.5"," ","S","29","    91.0"," ","S","29","    54.1"," ","S","30","    36.8"," ","S","29","     4.6"," ","S","29","     5.7"," ","S","29","     5.1"," ","S","30","     5.9"," ","S","29","     0.1"," ","S","29","     0.0"," ","S","29","     0.0"," ","S","29","     0.0"," ","S","29","     0.0"," ","S","29","     0.0"," ","S","29","     0.0","X","S","29","     7.7"," ","S","29","    32.5"," ","S","29","    27.5"," ","S","29","    22.5"," ","S","29","    17.5"," ","S","29","    15.5"," ","S","29","    12.6"," ","S","29","     3.5"," ","S","29","     2.1"," ","S","29","     7.7"," ","S","29","    32.5"," ","S","29","    27.5"," ","S","29","    22.5"," ","S","29","    17.5"," ","S","29","    15.5"," ","S","29","    12.6"," ","S","29","     3.5"," ","S","29","     2.1"," ","S","29","    21.9"," ","S","29","    20.1"," ","S","29","    13.6"," ","S","29","     5.7"," ","S","29","     1.5"," ","S","29","     0.7"," ","S","29","     0.1"," ","S","29","     0.0"," ","S","29","     0.0"," ","S","29","     0.0"," ","S","29","    0.02"," ","S","29","    0.06"," ","S","29","    0.15"," ","S","29","    0.38"," ","S","30","    4.14"," ","S","30","     0.0"," ","S","29","     0.0"," ","S","29","     0.0"," ","S","29","     0.0"," ","S","29","     0.0"," ","S","29","     0.0"," ","S","29","     0.0"," ","S","29","     0.0"," ","S","29"," -9999.0","M"," "," 0"," -9999.0","M"," "," 0"," -9999.0","M"," "," 0","     0.0"," ","S","30","    18.3"," ","S","30","     0.0"," ","S","29","     0.0"," ","S","29","     0.0"," ","S","29","     0.0"," ","S","29","     0.0"," ","S","29","     0.0"," ","S","29","     0.0"," ","S","29"," -9999.0","M"," "," 0"," -9999.0","M"," "," 0"," -9999.0","M"," "," 0"
"USC00422592","06-30"," 37.7686","-111.5978","1770.9","ESCALANTE, UT US","06","30","99","    72.8"," ","S","29","    91.2"," ","S","29","    54.4"," ","S","30","    36.8"," ","S","29","     4.5"," ","S","29","     5.7"," ","S","29","     5.1"," ","S","30","     5.8"," ","S","29","     0.1"," ","S","29","     0.0"," ","S","29","     0.0"," ","S","29","     0.0"," ","S","29","     0.0"," ","S","29","     0.0"," ","S","29","     0.0","X","S","29","     7.9"," ","S","29","    32.8"," ","S","29","    27.8"," ","S","29","    22.8"," ","S","29","    17.8"," ","S","29","    15.8"," ","S","29","    12.8"," ","S","29","     3.6"," ","S","29","     2.2"," ","S","29","     7.9"," ","S","29","    32.8"," ","S","29","    27.8"," ","S","29","    22.8"," ","S","29","    17.8"," ","S","29","    15.8"," ","S","29","    12.8"," ","S","29","     3.6"," ","S","29","     2.2"," ","S","29","    22.0"," ","S","29","    20.2"," ","S","29","    14.1"," ","S","29","     5.9"," ","S","29","     1.6"," ","S","29","     0.7"," ","S","29","     0.1"," ","S","29","     0.0"," ","S","29","     0.0"," ","S","29","     0.0"," ","S","29","    0.02"," ","S","29","    0.06"," ","S","29","    0.15"," ","S","29","    0.40"," ","S","30","    4.16"," ","S","30","     0.0"," ","S","29","     0.0"," ","S","29","     0.0"," ","S","29","     0.0"," ","S","29","     0.0"," ","S","29","     0.0"," ","S","29","     0.0"," ","S","29","     0.0"," ","S","29"," -9999.0","M"," "," 0"," -9999.0","M"," "," 0"," -9999.0","M"," "," 0","     0.0"," ","S","30","    18.3"," ","S","30","     0.0"," ","S","29","     0.0"," ","S","29","     0.0"," ","S","29","     0.0"," ","S","29","     0.0"," ","S","29","     0.0"," ","S","29","     0.0"," ","S","29"," -9999.0","M"," "," 0"," -9999.0","M"," "," 0"," -9999.0","M"," "," 0"
"USC00422592","07-01"," 37.7686","-111.5978","1770.9","ESCALANTE, UT US","07","01","99","    73.0"," ","S","27","    91.3"," ","S","27","    54.7"," ","S","28","    36.7"," ","S","27","     4.5"," ","S","27","     5.7"," ","S","27","     5.1"," ","S","28","     5.8"," ","S","27","     0.1"," ","S","27","     0.0"," ","S","27","     0.0"," ","S","27","     0.0"," ","S","27","     0.0"," ","S","27","     0.0"," ","S","27","     0.0","X","S","27","     8.1"," ","S","27","    33.0"," ","S","27","    28.0"," ","S","27","    23.0"," ","S","27","    18.0"," ","S","27","    16.0"," ","S","27","    13.0"," ","S","27","     3.8"," ","S","27","     2.4"," ","S","27","     8.1"," ","S","27","    33.0"," ","S","27","    28.0"," ","S","27","    23.0"," ","S","27","    18.0"," ","S","27","    16.0"," ","S","27","    13.0"," ","S","27","     3.8"," ","S","27","     2.4"," ","S","27","    22.2"," ","S","27","    20.3"," ","S","27","    14.5"," ","S","29","     6.2"," ","S","29","     1.7"," ","S","29","     0.7"," ","S","29","     0.1"," ","S","29","     0.0"," ","S","29","     0.0"," ","S","29","     0.0"," ","S","29","    0.02"," ","S","29","    0.06"," ","S","29","    0.15"," ","S","29","    0.02"," ","S","28","    4.18"," ","S","28","     0.0"," ","S","29","     0.0"," ","S","29","     0.0"," ","S","29","     0.0"," ","S","29","     0.0"," ","S","29","     0.0"," ","S","29","     0.0"," ","S","29","     0.0"," ","S","29"," -9999.0","M"," "," 0"," -9999.0","M"," "," 0"," -9999.0","M"," "," 0","     0.0"," ","S","29","    18.3"," ","S","29","     0.0"," ","S","29","     0.0"," ","S","29","     0.0"," ","S","29","     0.0"," ","S","29","     0.0"," ","S","29","     0.0"," ","S","29","     0.0"," ","S","29"," -9999.0","M"," "," 0"," -9999.0","M"," "," 0"," -9999.0","M"," "," 0"
"USC00422592","07-02"," 37.7686","-111.5978","1770.9","ESCALANTE, UT US","07","02","99","    73.2"," ","S","27","    91.5"," ","S","27","    54.9"," ","S","28","    36.6"," ","S","27","     4.5"," ","S","27","     5.6"," ","S","27","     5.1"," ","S","28","     5.8"," ","S","27","     0.1"," ","S","27","     0.0"," ","S","27","     0.0"," ","S","27","     0.0"," ","S","27","     0.0"," ","S","27","     0.0"," ","S","27","     0.0","X","S","27","     8.3"," ","S","27","    33.2"," ","S","27","    28.2"," ","S","27","    23.2"," ","S","27","    18.2"," ","S","27","    16.2"," ","S","27","    13.2"," ","S","27","     3.9"," ","S","27","     2.5"," ","S","27","     8.3"," ","S","27","    33.2"," ","S","27","    28.2"," ","S","27","    23.2"," ","S","27","    18.2"," ","S","27","    16.2"," ","S","27","    13.2"," ","S","27","     3.9"," ","S","27","     2.5"," ","S","27","    22.3"," ","S","27","    20.4"," ","S","27","    15.0"," ","S","29","     6.4"," ","S","29","     1.8"," ","S","29","     0.8"," ","S","29","     0.1"," ","S","29","     0.0"," ","S","29","     0.0"," ","S","29","     0.0"," ","S","29","    0.02"," ","S","29","    0.06"," ","S","29","    0.15"," ","S","29","    0.04"," ","S","28","    4.20"," ","S","28","     0.0"," ","S","29","     0.0"," ","S","29","     0.0"," ","S","29","     0.0"," ","S","29","     0.0"," ","S","29","     0.0"," ","S","29","     0.0"," ","S","29","     0.0"," ","S","29"," -9999.0","M"," "," 0"," -9999.0","M"," "," 0"," -9999.0","M"," "," 0","     0.0"," ","S","29","    18.3"," ","S","29","     0.0"," ","S","29","     0.0"," ","S","29","     0.0"," ","S","29","     0.0"," ","S","29","     0.0"," ","S","29","     0.0"," ","S","29","     0.0"," ","S","29"," -9999.0","M"," "," 0"," -9999.0","M"," "," 0"," -9999.0","M"," "," 0"
"USC00422592","07-03"," 37.7686","-111.5978","1770.9","ESCALANTE, UT US","07","03","99","    73.4"," ","S","27","    91.7"," ","S","27","    55.2"," ","S","28","    36.5"," ","S","27","     4.5"," ","S","27","     5.6"," ","S","27","     5.1"," ","S","28","     5.8"," ","S","27","     0.1"," ","S","27","     0.0"," ","S","27","     0.0"," ","S","27","     0.0"," ","S","27","     0.0"," ","S","27","     0.0"," ","S","27","     0.0","X","S","27","     8.5"," ","S","27","    33.4"," ","S","27","    28.4"," ","S","27","    23.4"," ","S","27","    18.4"," ","S","27","    16.4"," ","S","27","    13.4"," ","S","27","     4.1"," ","S","27","     2.6"," ","S","27","     8.5"," ","S","27","    33.4"," ","S","27","    28.4"," ","S","27","    23.4"," ","S","27","    18.4"," ","S","27","    16.4"," ","S","27","    13.4"," ","S","27","     4.1"," ","S","27","     2.6"," ","S","27","    22.4"," ","S","27","    20.5"," ","S","27","    15.5"," ","S","29","     6.6"," ","S","29","     1.9"," ","S","29","     0.8"," ","S","29","     0.1"," ","S","29","     0.0"," ","S","29","     0.0"," ","S","29","     0.0"," ","S","29","    0.02"," ","S","29","    0.06"," ","S","29","    0.15"," ","S","29","    0.05"," ","S","28","    4.21"," ","S","28","     0.0"," ","S","29","     0.0"," ","S","29","     0.0"," ","S","29","     0.0"," ","S","29","     0.0"," ","S","29","     0.0"," ","S","29","     0.0"," ","S","29","     0.0"," ","S","29"," -9999.0","M"," "," 0"," -9999.0","M"," "," 0"," -9999.0","M"," "," 0","     0.0"," ","S","29","    18.3"," ","S","29","     0.0"," ","S","29","     0.0"," ","S","29","     0.0"," ","S","29","     0.0"," ","S","29","     0.0"," ","S","29","     0.0"," ","S","29","     0.0"," ","S","29"," -9999.0","M"," "," 0"," -9999.0","M"," "," 0"," -9999.0","M"," "," 0"
"USC00422592","07-04"," 37.7686","-111.5978","1770.9","ESCALANTE, UT US","07","04","99","    73.6"," ","S","27","    91.8"," ","S","27","    55.5"," ","S","28","    36.4"," ","S","27","     4.4"," ","S","27","     5.6"," ","S","27","     5.0"," ","S","28","     5.8"," ","S","27","     0.1"," ","S","27","     0.0"," ","S","27","     0.0"," ","S","27","     0.0"," ","S","27","     0.0"," ","S","27","     0.0"," ","S","27","     0.0","X","S","27","     8.7"," ","S","27","    33.6"," ","S","27","    28.6"," ","S","27","    23.6"," ","S","27","    18.6"," ","S","27","    16.6"," ","S","27","    13.6"," ","S","27","     4.2"," ","S","27","     2.7"," ","S","27","     8.7"," ","S","27","    33.6"," ","S","27","    28.6"," ","S","27","    23.6"," ","S","27","    18.6"," ","S","27","    16.6"," ","S","27","    13.6"," ","S","27","     4.2"," ","S","27","     2.7"," ","S","27","    22.6"," ","S","27","    20.6"," ","S","27","    16.0"," ","S","29","     6.8"," ","S","29","     2.0"," ","S","29","     0.9"," ","S","29","     0.1"," ","S","29","     0.0"," ","S","29","     0.0"," ","S","29","     0.0"," ","S","29","    0.02"," ","S","29","    0.06"," ","S","29","    0.15"," ","S","29","    0.07"," ","S","28","    4.23"," ","S","28","     0.0"," ","S","29","     0.0"," ","S","29","     0.0"," ","S","29","     0.0"," ","S","29","     0.0"," ","S","29","     0.0"," ","S","29","     0.0"," ","S","29","     0.0"," ","S","29"," -9999.0","M"," "," 0"," -9999.0","M"," "," 0"," -9999.0","M"," "," 0","     0.0"," ","S","29","    18.3"," ","S","29","     0.0"," ","S","29","     0.0"," ","S","29","     0.0"," ","S","29","     0.0"," ","S","29","     0.0"," ","S","29","     0.0"," ","S","29","     0.0"," ","S","29"," -9999.0","M"," "," 0"," -9999.0","M"," "," 0"," -9999.0","M"," "," 0"
"USC00422592","07-05"," 37.7686","-111.5978","1770.9","ESCALANTE, UT US","07","05","99","    73.8"," ","S","27","    92.0"," ","S","27","    55.7"," ","S","28","    36.3"," ","S","27","     4.4"," ","S","27","     5.5"," ","S","27","     5.0"," ","S","28","     5.8"," ","S","27","     0.1"," ","S","27","     0.0"," ","S","27","     0.0"," ","S","27","     0.0"," ","S","27","     0.0"," ","S","27","     0.0"," ","S","27","     0.0","X","S","27","     8.9"," ","S","27","    33.8"," ","S","27","    28.8"," ","S","27","    23.8"," ","S","27","    18.8"," ","S","27","    16.8"," ","S","27","    13.8"," ","S","27","     4.4"," ","S","27","     2.8"," ","S","27","     8.9"," ","S","27","    33.8"," ","S","27","    28.8"," ","S","27","    23.8"," ","S","27","    18.8"," ","S","27","    16.8"," ","S","27","    13.8"," ","S","27","     4.4"," ","S","27","     2.8"," ","S","27","    22.7"," ","S","27","    20.8"," ","S","27","    16.5"," ","S","29","     7.1"," ","S","29","     2.1"," ","S","29","     0.9"," ","S","29","     0.1"," ","S","29","     0.0"," ","S","29","     0.0"," ","S","29","     0.0"," ","S","29","    0.02"," ","S","29","    0.06"," ","S","29","    0.16"," ","S","29","    0.09"," ","S","28","    4.25"," ","S","28","     0.0"," ","S","29","     0.0"," ","S","29","     0.0"," ","S","29","     0.0"," ","S","29","     0.0"," ","S","29","     0.0"," ","S","29","     0.0"," ","S","29","     0.0"," ","S","29"," -9999.0","M"," "," 0"," -9999.0","M"," "," 0"," -9999.0","M"," "," 0","     0.0"," ","S","29","    18.3"," ","S","29","     0.0"," ","S","29","     0.0"," ","S","29","     0.0"," ","S","29","     0.0"," ","S","29","     0.0"," ","S","29","     0.0"," ","S","29","     0.0"," ","S","29"," -9999.0","M"," "," 0"," -9999.0","M"," "," 0"," -9999.0","M"," "," 0"
"USC00422592","07-06"," 37.7686","-111.5978","1770.9","ESCALANTE, UT US","07","06","99","    74.0"," ","S","27","    92.1"," ","S","27","    55.9"," ","S","28","    36.2"," ","S","27","     4.4"," ","S","27","     5.5"," ","S","27","     5.0"," ","S","28","     5.8"," ","S","27","     0.1"," ","S","27","     0.0"," ","S","27","     0.0"," ","S","27","     0.0"," ","S","27","     0.0"," ","S","27","     0.0"," ","S","27","     0.0","X","S","27","     9.1"," ","S","27","    34.0"," ","S","27","    29.0"," ","S","27","    24.0"," ","S","27","    19.0"," ","S","27","    17.0"," ","S","27","    14.0"," ","S","27","     4.5"," ","S","27","     2.9"," ","S","27","     9.1"," ","S","27","    34.0"," ","S","27","    29.0"," ","S","27","    24.0"," ","S","27","    19.0"," ","S","27","    17.0"," ","S","27","    14.0"," ","S","27","     4.5"," ","S","27","     2.9"," ","S","27","    22.8"," ","S","27","    20.9"," ","S","27","    17.1"," ","S","29","     7.4"," ","S","29","     2.2"," ","S","29","     1.0"," ","S","29","     0.1"," ","S","29","     0.0"," ","S","29","     0.0"," ","S","29","     0.0"," ","S","29","    0.02"," ","S","29","    0.06"," ","S","29","    0.16"," ","S","29","    0.11"," ","S","28","    4.27"," ","S","28","     0.0"," ","S","29","     0.0"," ","S","29","     0.0"," ","S","29","     0.0"," ","S","29","     0.0"," ","S","29","     0.0"," ","S","29","     0.0"," ","S","29","     0.0"," ","S","29"," -9999.0","M"," "," 0"," -9999.0","M"," "," 0"," -9999.0","M"," "," 0","     0.0"," ","S","29","    18.3"," ","S","29","     0.0"," ","S","29","     0.0"," ","S","29","     0.0"," ","S","29","     0.0"," ","S","29","     0.0"," ","S","29","     0.0"," ","S","29","     0.0"," ","S","29"," -9999.0","M"," "," 0"," -9999.0","M"," "," 0"," -9999.0","M"," "," 0"
"USC00422592","07-07"," 37.7686","-111.5978","1770.9","ESCALANTE, UT US","07","07","99","    74.2"," ","S","27","    92.2"," ","S","27","    56.1"," ","S","28","    36.1"," ","S","27","     4.4"," ","S","27","     5.5"," ","S","27","     5.0"," ","S","28","     5.8"," ","S","27","     0.0","X","S","27","     0.0"," ","S","27","     0.0"," ","S","27","     0.0"," ","S","27","     0.0"," ","S","27","     0.0"," ","S","27","     0.0","X","S","27","     9.2"," ","S","27","    34.2"," ","S","27","    29.2"," ","S","27","    24.2"," ","S","27","    19.2"," ","S","27","    17.2"," ","S","27","    14.2"," ","S","27","     4.6"," ","S","27","     3.0"," ","S","27","     9.2"," ","S","27","    34.2"," ","S","27","    29.2"," ","S","27","    24.2"," ","S","27","    19.2"," ","S","27","    17.2"," ","S","27","    14.2"," ","S","27","     4.6"," ","S","27","     3.0"," ","S","27","    22.9"," ","S","27","    21.0"," ","S","27","    17.6"," ","S","29","     7.7"," ","S","29","     2.3"," ","S","29","     1.1"," ","S","29","     0.1"," ","S","29","     0.0"," ","S","29","     0.0"," ","S","29","     0.0"," ","S","29","    0.02"," ","S","29","    0.06"," ","S","29","    0.16"," ","S","29","    0.13"," ","S","28","    4.29"," ","S","28","     0.0"," ","S","29","     0.0"," ","S","29","     0.0"," ","S","29","     0.0"," ","S","29","     0.0"," ","S","29","     0.0"," ","S","29","     0.0"," ","S","29","     0.0"," ","S","29"," -9999.0","M"," "," 0"," -9999.0","M"," "," 0"," -9999.0","M"," "," 0","     0.0"," ","S","29","    18.3"," ","S","29","     0.0"," ","S","29","     0.0"," ","S","29","     0.0"," ","S","29","     0.0"," ","S","29","     0.0"," ","S","29","     0.0"," ","S","29","     0.0"," ","S","29"," -9999.0","M"," "," 0"," -9999.0","M"," "," 0"," -9999.0","M"," "," 0"
"USC00422592","07-08"," 37.7686","-111.5978","1770.9","ESCALANTE, UT US","07","08","99","    74.3"," ","S","27","    92.3"," ","S","27","    56.3"," ","S","28","    36.0"," ","S","27","     4.3"," ","S","27","     5.5"," ","S","27","     5.0"," ","S","28","     5.9"," ","S","27","     0.0","X","S","27","     0.0"," ","S","27","     0.0"," ","S","27","     0.0"," ","S","27","     0.0"," ","S","27","     0.0"," ","S","27","     0.0","X","S","27","     9.4"," ","S","27","    34.3"," ","S","27","    29.3"," ","S","27","    24.3"," ","S","27","    19.3"," ","S","27","    17.3"," ","S","27","    14.3"," ","S","27","     4.7"," ","S","27","     3.1"," ","S","27","     9.4"," ","S","27","    34.3"," ","S","27","    29.3"," ","S","27","    24.3"," ","S","27","    19.3"," ","S","27","    17.3"," ","S","27","    14.3"," ","S","27","     4.7"," ","S","27","     3.1"," ","S","27","    23.0"," ","S","27","    21.1"," ","S","27","    18.2"," ","S","29","     7.9"," ","S","29","     2.5"," ","S","29","     1.2"," ","S","29","     0.1"," ","S","29","     0.0"," ","S","29","     0.0"," ","S","29","     0.0"," ","S","29","    0.02"," ","S","29","    0.06"," ","S","29","    0.16"," ","S","29","    0.16"," ","S","28","    4.32"," ","S","28","     0.0"," ","S","29","     0.0"," ","S","29","     0.0"," ","S","29","     0.0"," ","S","29","     0.0"," ","S","29","     0.0"," ","S","29","     0.0"," ","S","29","     0.0"," ","S","29"," -9999.0","M"," "," 0"," -9999.0","M"," "," 0"," -9999.0","M"," "," 0","     0.0"," ","S","29","    18.3"," ","S","29","     0.0"," ","S","29","     0.0"," ","S","29","     0.0"," ","S","29","     0.0"," ","S","29","     0.0"," ","S","29","     0.0"," ","S","29","     0.0"," ","S","29"," -9999.0","M"," "," 0"," -9999.0","M"," "," 0"," -9999.0","M"," "," 0"
"USC00422592","07-09"," 37.7686","-111.5978","1770.9","ESCALANTE, UT US","07","09","99","    74.5"," ","S","27","    92.4"," ","S","27","    56.5"," ","S","28","    35.9"," ","S","27","     4.3"," ","S","27","     5.4"," ","S","27","     5.0"," ","S","28","     5.9"," ","S","27","     0.0","X","S","27","     0.0"," ","S","27","     0.0"," ","S","27","     0.0"," ","S","27","     0.0"," ","S","27","     0.0"," ","S","27","     0.0","X","S","27","     9.5"," ","S","27","    34.5"," ","S","27","    29.5"," ","S","27","    24.5"," ","S","27","    19.5"," ","S","27","    17.5"," ","S","27","    14.5"," ","S","27","     4.8"," ","S","27","     3.2"," ","S","27","     9.5"," ","S","27","    34.5"," ","S","27","    29.5"," ","S","27","    24.5"," ","S","27","    19.5"," ","S","27","    17.5"," ","S","27","    14.5"," ","S","27","     4.8"," ","S","27","     3.2"," ","S","27","    23.1"," ","S","27","    21.2"," ","S","27","    18.7"," ","S","29","     8.2"," ","S","29","     2.6"," ","S","29","     1.2"," ","S","29","     0.1"," ","S","29","     0.0"," ","S","29","     0.0"," ","S","29","     0.0"," ","S","29","    0.02"," ","S","29","    0.07"," ","S","29","    0.16"," ","S","29","    0.18"," ","S","28","    4.34"," ","S","28","     0.0"," ","S","29","     0.0"," ","S","29","     0.0"," ","S","29","     0.0"," ","S","29","     0.0"," ","S","29","     0.0"," ","S","29","     0.0"," ","S","29","     0.0"," ","S","29"," -9999.0","M"," "," 0"," -9999.0","M"," "," 0"," -9999.0","M"," "," 0","     0.0"," ","S","29","    18.3"," ","S","29","     0.0"," ","S","29","     0.0"," ","S","29","     0.0"," ","S","29","     0.0"," ","S","29","     0.0"," ","S","29","     0.0"," ","S","29","     0.0"," ","S","29"," -9999.0","M"," "," 0"," -9999.0","M"," "," 0"," -9999.0","M"," "," 0"
"USC00422592","07-10"," 37.7686","-111.5978","1770.9","ESCALANTE, UT US","07","10","99","    74.6"," ","S","27","    92.5"," ","S","27","    56.7"," ","S","28","    35.8"," ","S","27","     4.2"," ","S","27","     5.4"," ","S","27","     4.9"," ","S","28","     5.9"," ","S","27","     0.0","X","S","27","     0.0"," ","S","27","     0.0"," ","S","27","     0.0"," ","S","27","     0.0"," ","S","27","     0.0"," ","S","27","     0.0","X","S","27","     9.6"," ","S","27","    34.6"," ","S","27","    29.6"," ","S","27","    24.6"," ","S","27","    19.6"," ","S","27","    17.6"," ","S","27","    14.6"," ","S","27","     4.9"," ","S","27","     3.3"," ","S","27","     9.6"," ","S","27","    34.6"," ","S","27","    29.6"," ","S","27","    24.6"," ","S","27","    19.6"," ","S","27","    17.6"," ","S","27","    14.6"," ","S","27","     4.9"," ","S","27","     3.3"," ","S","27","    23.2"," ","S","27","    21.3"," ","S","27","    19.2"," ","S","29","     8.5"," ","S","29","     2.8"," ","S","29","     1.3"," ","S","29","     0.2"," ","S","29","     0.0"," ","S","29","     0.0"," ","S","29","     0.0"," ","S","29","    0.02"," ","S","29","    0.07"," ","S","29","    0.17"," ","S","29","    0.20"," ","S","28","    4.36"," ","S","28","     0.0"," ","S","29","     0.0"," ","S","29","     0.0"," ","S","29","     0.0"," ","S","29","     0.0"," ","S","29","     0.0"," ","S","29","     0.0"," ","S","29","     0.0"," ","S","29"," -9999.0","M"," "," 0"," -9999.0","M"," "," 0"," -9999.0","M"," "," 0","     0.0"," ","S","29","    18.3"," ","S","29","     0.0"," ","S","29","     0.0"," ","S","29","     0.0"," ","S","29","     0.0"," ","S","29","     0.0"," ","S","29","     0.0"," ","S","29","     0.0"," ","S","29"," -9999.0","M"," "," 0"," -9999.0","M"," "," 0"," -9999.0","M"," "," 0"
"USC00422592","07-11"," 37.7686","-111.5978","1770.9","ESCALANTE, UT US","07","11","99","    74.7"," ","S","27","    92.6"," ","S","27","    56.9"," ","S","28","    35.7"," ","S","27","     4.2"," ","S","27","     5.4"," ","S","27","     4.9"," ","S","28","     5.9"," ","S","27","     0.0","X","S","27","     0.0"," ","S","27","     0.0"," ","S","27","     0.0"," ","S","27","     0.0"," ","S","27","     0.0"," ","S","27","     0.0"," ","S","27","     9.7"," ","S","27","    34.7"," ","S","27","    29.7"," ","S","27","    24.7"," ","S","27","    19.7"," ","S","27","    17.7"," ","S","27","    14.7"," ","S","27","     5.0"," ","S","27","     3.4"," ","S","27","     9.7"," ","S","27","    34.7"," ","S","27","    29.7"," ","S","27","    24.7"," ","S","27","    19.7"," ","S","27","    17.7"," ","S","27","    14.7"," ","S","27","     5.0"," ","S","27","     3.4"," ","S","27","    23.3"," ","S","27","    21.4"," ","S","27","    19.8"," ","S","29","     8.7"," ","S","29","     2.9"," ","S","29","     1.4"," ","S","29","     0.2"," ","S","29","     0.0"," ","S","29","     0.0"," ","S","29","     0.0"," ","S","29","    0.03"," ","S","29","    0.07"," ","S","29","    0.17"," ","S","29","    0.23"," ","S","28","    4.39"," ","S","28","     0.0"," ","S","29","     0.0"," ","S","29","     0.0"," ","S","29","     0.0"," ","S","29","     0.0"," ","S","29","     0.0"," ","S","29","     0.0"," ","S","29","     0.0"," ","S","29"," -9999.0","M"," "," 0"," -9999.0","M"," "," 0"," -9999.0","M"," "," 0","     0.0"," ","S","29","    18.3"," ","S","29","     0.0"," ","S","29","     0.0"," ","S","29","     0.0"," ","S","29","     0.0"," ","S","29","     0.0"," ","S","29","     0.0"," ","S","29","     0.0"," ","S","29"," -9999.0","M"," "," 0"," -9999.0","M"," "," 0"," -9999.0","M"," "," 0"
"USC00422592","07-12"," 37.7686","-111.5978","1770.9","ESCALANTE, UT US","07","12","99","    74.9"," ","S","27","    92.6"," ","S","27","    57.1"," ","S","28","    35.6"," ","S","27","     4.2"," ","S","27","     5.4"," ","S","27","     4.9"," ","S","28","     5.9"," ","S","27","     0.0","X","S","27","     0.0"," ","S","27","     0.0"," ","S","27","     0.0"," ","S","27","     0.0"," ","S","27","     0.0"," ","S","27","     0.0"," ","S","27","     9.9"," ","S","27","    34.8"," ","S","27","    29.8"," ","S","27","    24.8"," ","S","27","    19.8"," ","S","27","    17.8"," ","S","27","    14.8"," ","S","27","     5.1"," ","S","27","     3.5"," ","S","27","     9.9"," ","S","27","    34.8"," ","S","27","    29.8"," ","S","27","    24.8"," ","S","27","    19.8"," ","S","27","    17.8"," ","S","27","    14.8"," ","S","27","     5.1"," ","S","27","     3.5"," ","S","27","    23.4"," ","S","27","    21.4"," ","S","27","    20.3"," ","S","29","     9.0"," ","S","29","     3.1"," ","S","29","     1.5"," ","S","29","     0.2"," ","S","29","     0.0"," ","S","29","     0.0"," ","S","29","     0.0"," ","S","29","    0.03"," ","S","29","    0.07"," ","S","29","    0.17"," ","S","29","    0.26"," ","S","28","    4.42"," ","S","28","     0.0"," ","S","29","     0.0"," ","S","29","     0.0"," ","S","29","     0.0"," ","S","29","     0.0"," ","S","29","     0.0"," ","S","29","     0.0"," ","S","29","     0.0"," ","S","29"," -9999.0","M"," "," 0"," -9999.0","M"," "," 0"," -9999.0","M"," "," 0","     0.0"," ","S","29","    18.3"," ","S","29","     0.0"," ","S","29","     0.0"," ","S","29","     0.0"," ","S","29","     0.0"," ","S","29","     0.0"," ","S","29","     0.0"," ","S","29","     0.0"," ","S","29"," -9999.0","M"," "," 0"," -9999.0","M"," "," 0"," -9999.0","M"," "," 0"
"USC00422592","07-13"," 37.7686","-111.5978","1770.9","ESCALANTE, UT US","07","13","99","    74.9"," ","S","27","    92.7"," ","S","27","    57.2"," ","S","28","    35.5"," ","S","27","     4.1"," ","S","27","     5.3"," ","S","27","     4.8"," ","S","28","     5.9"," ","S","27","     0.0","X","S","27","     0.0"," ","S","27","     0.0"," ","S","27","     0.0"," ","S","27","     0.0"," ","S","27","     0.0"," ","S","27","     0.0"," ","S","27","     9.9"," ","S","27","    34.9"," ","S","27","    29.9"," ","S","27","    24.9"," ","S","27","    19.9"," ","S","27","    17.9"," ","S","27","    14.9"," ","S","27","     5.2"," ","S","27","     3.5"," ","S","27","     9.9"," ","S","27","    34.9"," ","S","27","    29.9"," ","S","27","    24.9"," ","S","27","    19.9"," ","S","27","    17.9"," ","S","27","    14.9"," ","S","27","     5.2"," ","S","27","     3.5"," ","S","27","    23.4"," ","S","27","    21.5"," ","S","27","    20.8"," ","S","29","     9.2"," ","S","29","     3.3"," ","S","29","     1.6"," ","S","29","     0.2"," ","S","29","     0.0"," ","S","29","     0.0"," ","S","29","     0.0"," ","S","29","    0.03"," ","S","29","    0.07"," ","S","29","    0.17"," ","S","29","    0.30"," ","S","28","    4.46"," ","S","28","     0.0"," ","S","29","     0.0"," ","S","29","     0.0"," ","S","29","     0.0"," ","S","29","     0.0"," ","S","29","     0.0"," ","S","29","     0.0"," ","S","29","     0.0"," ","S","29"," -9999.0","M"," "," 0"," -9999.0","M"," "," 0"," -9999.0","M"," "," 0","     0.0"," ","S","29","    18.3"," ","S","29","     0.0"," ","S","29","     0.0"," ","S","29","     0.0"," ","S","29","     0.0"," ","S","29","     0.0"," ","S","29","     0.0"," ","S","29","     0.0"," ","S","29"," -9999.0","M"," "," 0"," -9999.0","M"," "," 0"," -9999.0","M"," "," 0"
"USC00422592","07-14"," 37.7686","-111.5978","1770.9","ESCALANTE, UT US","07","14","99","    75.0"," ","S","27","    92.7"," ","S","27","    57.4"," ","S","28","    35.4"," ","S","27","     4.1"," ","S","27","     5.3"," ","S","27","     4.8"," ","S","28","     6.0"," ","S","27","     0.0","X","S","27","     0.0"," ","S","27","     0.0"," ","S","27","     0.0"," ","S","27","     0.0"," ","S","27","     0.0"," ","S","27","     0.0"," ","S","27","    10.0"," ","S","27","    35.0"," ","S","27","    30.0"," ","S","27","    25.0"," ","S","27","    20.0"," ","S","27","    18.0"," ","S","27","    15.0"," ","S","27","     5.3"," ","S","27","     3.6"," ","S","27","    10.0"," ","S","27","    35.0"," ","S","27","    30.0"," ","S","27","    25.0"," ","S","27","    20.0"," ","S","27","    18.0"," ","S","27","    15.0"," ","S","27","     5.3"," ","S","27","     3.6"," ","S","27","    23.5"," ","S","27","    21.5"," ","S","27","    21.3"," ","S","29","     9.5"," ","S","29","     3.5"," ","S","29","     1.6"," ","S","29","     0.2"," ","S","29","     0.0"," ","S","29","     0.0"," ","S","29","     0.0"," ","S","29","    0.03"," ","S","29","    0.07"," ","S","29","    0.18"," ","S","29","    0.33"," ","S","28","    4.49"," ","S","28","     0.0"," ","S","29","     0.0"," ","S","29","     0.0"," ","S","29","     0.0"," ","S","29","     0.0"," ","S","29","     0.0"," ","S","29","     0.0"," ","S","29","     0.0"," ","S","29"," -9999.0","M"," "," 0"," -9999.0","M"," "," 0"," -9999.0","M"," "," 0","     0.0"," ","S","29","    18.3"," ","S","29","     0.0"," ","S","29","     0.0"," ","S","29","     0.0"," ","S","29","     0.0"," ","S","29","     0.0"," ","S","29","     0.0"," ","S","29","     0.0"," ","S","29"," -9999.0","M"," "," 0"," -9999.0","M"," "," 0"," -9999.0","M"," "," 0"
"USC00422592","07-15"," 37.7686","-111.5978","1770.9","ESCALANTE, UT US","07","15","99","    75.1"," ","S","27","    92.7"," ","S","27","    57.5"," ","S","28","    35.3"," ","S","27","     4.0"," ","S","27","     5.3"," ","S","27","     4.7"," ","S","28","     6.0"," ","S","27","     0.0","X","S","27","     0.0"," ","S","27","     0.0"," ","S","27","     0.0"," ","S","27","     0.0"," ","S","27","     0.0"," ","S","27","     0.0"," ","S","27","    10.1"," ","S","27","    35.1"," ","S","27","    30.1"," ","S","27","    25.1"," ","S","27","    20.1"," ","S","27","    18.1"," ","S","27","    15.1"," ","S","27","     5.3"," ","S","27","     3.7"," ","S","27","    10.1"," ","S","27","    35.1"," ","S","27","    30.1"," ","S","27","    25.1"," ","S","27","    20.1"," ","S","27","    18.1"," ","S","27","    15.1"," ","S","27","     5.3"," ","S","27","     3.7"," ","S","27","    23.6"," ","S","27","    21.6"," ","S","27","    21.8"," ","S","29","     9.8"," ","S","29","     3.6"," ","S","29","     1.7"," ","S","29","     0.2"," ","S","29","     0.0"," ","S","29","     0.0"," ","S","29","     0.0"," ","S","29","    0.03"," ","S","29","    0.07"," ","S","29","    0.18"," ","S","29","    0.36"," ","S","28","    4.52"," ","S","28","     0.0"," ","S","29","     0.0"," ","S","29","     0.0"," ","S","29","     0.0"," ","S","29","     0.0"," ","S","29","     0.0"," ","S","29","     0.0"," ","S","29","     0.0"," ","S","29"," -9999.0","M"," "," 0"," -9999.0","M"," "," 0"," -9999.0","M"," "," 0","     0.0"," ","S","29","    18.3"," ","S","29","     0.0"," ","S","29","     0.0"," ","S","29","     0.0"," ","S","29","     0.0"," ","S","29","     0.0"," ","S","29","     0.0"," ","S","29","     0.0"," ","S","29"," -9999.0","M"," "," 0"," -9999.0","M"," "," 0"," -9999.0","M"," "," 0"
"USC00422592","07-16"," 37.7686","-111.5978","1770.9","ESCALANTE, UT US","07","16","99","    75.2"," ","S","27","    92.7"," ","S","27","    57.6"," ","S","28","    35.2"," ","S","27","     4.0"," ","S","27","     5.3"," ","S","27","     4.7"," ","S","28","     6.0"," ","S","27","     0.0","X","S","27","     0.0"," ","S","27","     0.0"," ","S","27","     0.0"," ","S","27","     0.0"," ","S","27","     0.0"," ","S","27","     0.0"," ","S","27","    10.2"," ","S","27","    35.2"," ","S","27","    30.2"," ","S","27","    25.2"," ","S","27","    20.2"," ","S","27","    18.2"," ","S","27","    15.2"," ","S","27","     5.4"," ","S","27","     3.7"," ","S","27","    10.2"," ","S","27","    35.2"," ","S","27","    30.2"," ","S","27","    25.2"," ","S","27","    20.2"," ","S","27","    18.2"," ","S","27","    15.2"," ","S","27","     5.4"," ","S","27","     3.7"," ","S","27","    23.6"," ","S","27","    21.7"," ","S","27","    22.4"," ","S","29","    10.0"," ","S","29","     3.8"," ","S","29","     1.8"," ","S","29","     0.3"," ","S","29","     0.0"," ","S","29","     0.0"," ","S","29","     0.0"," ","S","29","    0.03"," ","S","29","    0.07"," ","S","29","    0.18"," ","S","29","    0.39"," ","S","28","    4.55"," ","S","28","     0.0"," ","S","29","     0.0"," ","S","29","     0.0"," ","S","29","     0.0"," ","S","29","     0.0"," ","S","29","     0.0"," ","S","29","     0.0"," ","S","29","     0.0"," ","S","29"," -9999.0","M"," "," 0"," -9999.0","M"," "," 0"," -9999.0","M"," "," 0","     0.0"," ","S","29","    18.3"," ","S","29","     0.0"," ","S","29","     0.0"," ","S","29","     0.0"," ","S","29","     0.0"," ","S","29","     0.0"," ","S","29","     0.0"," ","S","29","     0.0"," ","S","29"," -9999.0","M"," "," 0"," -9999.0","M"," "," 0"," -9999.0","M"," "," 0"
"USC00422592","07-17"," 37.7686","-111.5978","1770.9","ESCALANTE, UT US","07","17","99","    75.2"," ","S","27","    92.7"," ","S","27","    57.7"," ","S","28","    35.1"," ","S","27","     4.0"," ","S","27","     5.3"," ","S","27","     4.6"," ","S","28","     6.0"," ","S","27","     0.0","X","S","27","     0.0"," ","S","27","     0.0"," ","S","27","     0.0"," ","S","27","     0.0"," ","S","27","     0.0"," ","S","27","     0.0"," ","S","27","    10.2"," ","S","27","    35.2"," ","S","27","    30.2"," ","S","27","    25.2"," ","S","27","    20.2"," ","S","27","    18.2"," ","S","27","    15.2"," ","S","27","     5.5"," ","S","27","     3.8"," ","S","27","    10.2"," ","S","27","    35.2"," ","S","27","    30.2"," ","S","27","    25.2"," ","S","27","    20.2"," ","S","27","    18.2"," ","S","27","    15.2"," ","S","27","     5.5"," ","S","27","     3.8"," ","S","27","    23.7"," ","S","27","    21.7"," ","S","27","    22.9"," ","S","29","    10.3"," ","S","29","     4.0"," ","S","29","     1.9"," ","S","29","     0.3"," ","S","29","     0.0"," ","S","29","     0.0"," ","S","29","     0.0"," ","S","29","    0.03"," ","S","29","    0.07"," ","S","29","    0.18"," ","S","29","    0.42"," ","S","28","    4.58"," ","S","28","     0.0"," ","S","29","     0.0"," ","S","29","     0.0"," ","S","29","     0.0"," ","S","29","     0.0"," ","S","29","     0.0"," ","S","29","     0.0"," ","S","29","     0.0"," ","S","29"," -9999.0","M"," "," 0"," -9999.0","M"," "," 0"," -9999.0","M"," "," 0","     0.0"," ","S","29","    18.3"," ","S","29","     0.0"," ","S","29","     0.0"," ","S","29","     0.0"," ","S","29","     0.0"," ","S","29","     0.0"," ","S","29","     0.0"," ","S","29","     0.0"," ","S","29"," -9999.0","M"," "," 0"," -9999.0","M"," "," 0"," -9999.0","M"," "," 0"
"USC00422592","07-18"," 37.7686","-111.5978","1770.9","ESCALANTE, UT US","07","18","99","    75.2"," ","S","27","    92.7"," ","S","27","    57.8"," ","S","28","    35.0"," ","S","27","     3.9"," ","S","27","     5.3"," ","S","27","     4.6"," ","S","28","     6.0"," ","S","27","     0.0","X","S","27","     0.0"," ","S","27","     0.0"," ","S","27","     0.0"," ","S","27","     0.0"," ","S","27","     0.0"," ","S","27","     0.0"," ","S","27","    10.3"," ","S","27","    35.2"," ","S","27","    30.2"," ","S","27","    25.2"," ","S","27","    20.2"," ","S","27","    18.2"," ","S","27","    15.2"," ","S","27","     5.5"," ","S","27","     3.8"," ","S","27","    10.3"," ","S","27","    35.2"," ","S","27","    30.2"," ","S","27","    25.2"," ","S","27","    20.2"," ","S","27","    18.2"," ","S","27","    15.2"," ","S","27","     5.5"," ","S","27","     3.8"," ","S","27","    23.7"," ","S","27","    21.8"," ","S","27","    23.5"," ","S","29","    10.6"," ","S","29","     4.2"," ","S","29","     2.0"," ","S","29","     0.3"," ","S","29","     0.0"," ","S","29","     0.0"," ","S","29","     0.0"," ","S","29","    0.03"," ","S","29","    0.07"," ","S","29","    0.19"," ","S","29","    0.46"," ","S","28","    4.62"," ","S","28","     0.0"," ","S","29","     0.0"," ","S","29","     0.0"," ","S","29","     0.0"," ","S","29","     0.0"," ","S","29","     0.0"," ","S","29","     0.0"," ","S","29","     0.0"," ","S","29"," -9999.0","M"," "," 0"," -9999.0","M"," "," 0"," -9999.0","M"," "," 0","     0.0"," ","S","29","    18.3"," ","S","29","     0.0"," ","S","29","     0.0"," ","S","29","     0.0"," ","S","29","     0.0"," ","S","29","     0.0"," ","S","29","     0.0"," ","S","29","     0.0"," ","S","29"," -9999.0","M"," "," 0"," -9999.0","M"," "," 0"," -9999.0","M"," "," 0"
"USC00422592","07-19"," 37.7686","-111.5978","1770.9","ESCALANTE, UT US","07","19","99","    75.3"," ","S","27","    92.7"," ","S","27","    57.8"," ","S","28","    34.9"," ","S","27","     3.9"," ","S","27","     5.3"," ","S","27","     4.6"," ","S","28","     6.0"," ","S","27","     0.0","X","S","27","     0.0"," ","S","27","     0.0"," ","S","27","     0.0"," ","S","27","     0.0"," ","S","27","     0.0"," ","S","27","     0.0"," ","S","27","    10.3"," ","S","27","    35.3"," ","S","27","    30.3"," ","S","27","    25.3"," ","S","27","    20.3"," ","S","27","    18.3"," ","S","27","    15.3"," ","S","27","     5.5"," ","S","27","     3.8"," ","S","27","    10.3"," ","S","27","    35.3"," ","S","27","    30.3"," ","S","27","    25.3"," ","S","27","    20.3"," ","S","27","    18.3"," ","S","27","    15.3"," ","S","27","     5.5"," ","S","27","     3.8"," ","S","27","    23.8"," ","S","27","    21.8"," ","S","27","    24.0"," ","S","29","    10.9"," ","S","29","     4.4"," ","S","29","     2.1"," ","S","29","     0.3"," ","S","29","     0.0"," ","S","29","     0.0"," ","S","29","     0.0"," ","S","29","    0.03"," ","S","29","    0.07"," ","S","29","    0.19"," ","S","29","    0.49"," ","S","28","    4.65"," ","S","28","     0.0"," ","S","29","     0.0"," ","S","29","     0.0"," ","S","29","     0.0"," ","S","29","     0.0"," ","S","29","     0.0"," ","S","29","     0.0"," ","S","29","     0.0"," ","S","29"," -9999.0","M"," "," 0"," -9999.0","M"," "," 0"," -9999.0","M"," "," 0","     0.0"," ","S","29","    18.3"," ","S","29","     0.0"," ","S","29","     0.0"," ","S","29","     0.0"," ","S","29","     0.0"," ","S","29","     0.0"," ","S","29","     0.0"," ","S","29","     0.0"," ","S","29"," -9999.0","M"," "," 0"," -9999.0","M"," "," 0"," -9999.0","M"," "," 0"
"USC00422592","07-20"," 37.7686","-111.5978","1770.9","ESCALANTE, UT US","07","20","99","    75.3"," ","S","27","    92.7"," ","S","27","    57.9"," ","S","28","    34.8"," ","S","27","     3.9"," ","S","27","     5.2"," ","S","27","     4.5"," ","S","28","     6.0"," ","S","27","     0.0","X","S","27","     0.0"," ","S","27","     0.0"," ","S","27","     0.0"," ","S","27","     0.0"," ","S","27","     0.0"," ","S","27","     0.0"," ","S","27","    10.3"," ","S","27","    35.3"," ","S","27","    30.3"," ","S","27","    25.3"," ","S","27","    20.3"," ","S","27","    18.3"," ","S","27","    15.3"," ","S","27","     5.5"," ","S","27","     3.8"," ","S","27","    10.3"," ","S","27","    35.3"," ","S","27","    30.3"," ","S","27","    25.3"," ","S","27","    20.3"," ","S","27","    18.3"," ","S","27","    15.3"," ","S","27","     5.5"," ","S","27","     3.8"," ","S","27","    23.8"," ","S","27","    21.8"," ","S","27","    24.5"," ","S","29","    11.2"," ","S","29","     4.6"," ","S","29","     2.2"," ","S","29","     0.3"," ","S","29","     0.0"," ","S","29","     0.0"," ","S","29","     0.0"," ","S","29","    0.03"," ","S","29","    0.07"," ","S","29","    0.19"," ","S","29","    0.53"," ","S","28","    4.69"," ","S","28","     0.0"," ","S","29","     0.0"," ","S","29","     0.0"," ","S","29","     0.0"," ","S","29","     0.0"," ","S","29","     0.0"," ","S","29","     0.0"," ","S","29","     0.0"," ","S","29"," -9999.0","M"," "," 0"," -9999.0","M"," "," 0"," -9999.0","M"," "," 0","     0.0"," ","S","29","    18.3"," ","S","29","     0.0"," ","S","29","     0.0"," ","S","29","     0.0"," ","S","29","     0.0"," ","S","29","     0.0"," ","S","29","     0.0"," ","S","29","     0.0"," ","S","29"," -9999.0","M"," "," 0"," -9999.0","M"," "," 0"," -9999.0","M"," "," 0"
"USC00422592","07-21"," 37.7686","-111.5978","1770.9","ESCALANTE, UT US","07","21","99","    75.3"," ","S","27","    92.6"," ","S","27","    58.0"," ","S","28","    34.7"," ","S","27","     3.8"," ","S","27","     5.2"," ","S","27","     4.5"," ","S","28","     6.0"," ","S","27","     0.0","X","S","27","     0.0"," ","S","27","     0.0"," ","S","27","     0.0"," ","S","27","     0.0"," ","S","27","     0.0"," ","S","27","     0.0"," ","S","27","    10.3"," ","S","27","    35.3"," ","S","27","    30.3"," ","S","27","    25.3"," ","S","27","    20.3"," ","S","27","    18.3"," ","S","27","    15.3"," ","S","27","     5.5"," ","S","27","     3.8"," ","S","27","    10.3"," ","S","27","    35.3"," ","S","27","    30.3"," ","S","27","    25.3"," ","S","27","    20.3"," ","S","27","    18.3"," ","S","27","    15.3"," ","S","27","     5.5"," ","S","27","     3.8"," ","S","27","    23.8"," ","S","27","    21.9"," ","S","27","    24.9"," ","S","29","    11.4"," ","S","29","     4.8"," ","S","29","     2.3"," ","S","29","     0.3"," ","S","29","     0.0"," ","S","29","     0.0"," ","S","29","     0.0"," ","S","29","    0.03"," ","S","29","    0.08"," ","S","29","    0.20"," ","S","29","    0.57"," ","S","28","    4.73"," ","S","28","     0.0"," ","S","29","     0.0"," ","S","29","     0.0"," ","S","29","     0.0"," ","S","29","     0.0"," ","S","29","     0.0"," ","S","29","     0.0"," ","S","29","     0.0"," ","S","29"," -9999.0","M"," "," 0"," -9999.0","M"," "," 0"," -9999.0","M"," "," 0","     0.0"," ","S","29","    18.3"," ","S","29","     0.0"," ","S","29","     0.0"," ","S","29","     0.0"," ","S","29","     0.0"," ","S","29","     0.0"," ","S","29","     0.0"," ","S","29","     0.0"," ","S","29"," -9999.0","M"," "," 0"," -9999.0","M"," "," 0"," -9999.0","M"," "," 0"
"USC00422592","07-22"," 37.7686","-111.5978","1770.9","ESCALANTE, UT US","07","22","99","    75.3"," ","S","27","    92.6"," ","S","27","    58.0"," ","S","28","    34.6"," ","S","27","     3.8"," ","S","27","     5.2"," ","S","27","     4.4"," ","S","28","     6.0"," ","S","27","     0.0","X","S","27","     0.0"," ","S","27","     0.0"," ","S","27","     0.0"," ","S","27","     0.0"," ","S","27","     0.0"," ","S","27","     0.0"," ","S","27","    10.3"," ","S","27","    35.3"," ","S","27","    30.3"," ","S","27","    25.3"," ","S","27","    20.3"," ","S","27","    18.3"," ","S","27","    15.3"," ","S","27","     5.5"," ","S","27","     3.8"," ","S","27","    10.3"," ","S","27","    35.3"," ","S","27","    30.3"," ","S","27","    25.3"," ","S","27","    20.3"," ","S","27","    18.3"," ","S","27","    15.3"," ","S","27","     5.5"," ","S","27","     3.8"," ","S","27","    23.9"," ","S","27","    21.9"," ","S","27","    25.4"," ","S","29","    11.7"," ","S","29","     5.0"," ","S","29","     2.4"," ","S","29","     0.4"," ","S","29","     0.0"," ","S","29","     0.0"," ","S","29","     0.0"," ","S","29","    0.03"," ","S","29","    0.08"," ","S","29","    0.20"," ","S","29","    0.61"," ","S","28","    4.77"," ","S","28","     0.0"," ","S","29","     0.0"," ","S","29","     0.0"," ","S","29","     0.0"," ","S","29","     0.0"," ","S","29","     0.0"," ","S","29","     0.0"," ","S","29","     0.0"," ","S","29"," -9999.0","M"," "," 0"," -9999.0","M"," "," 0"," -9999.0","M"," "," 0","     0.0"," ","S","29","    18.3"," ","S","29","     0.0"," ","S","29","     0.0"," ","S","29","     0.0"," ","S","29","     0.0"," ","S","29","     0.0"," ","S","29","     0.0"," ","S","29","     0.0"," ","S","29"," -9999.0","M"," "," 0"," -9999.0","M"," "," 0"," -9999.0","M"," "," 0"
"USC00422592","07-23"," 37.7686","-111.5978","1770.9","ESCALANTE, UT US","07","23","99","    75.3"," ","S","27","    92.5"," ","S","27","    58.0"," ","S","28","    34.5"," ","S","27","     3.8"," ","S","27","     5.2"," ","S","27","     4.4"," ","S","28","     6.0"," ","S","27","     0.0","X","S","27","     0.0"," ","S","27","     0.0"," ","S","27","     0.0"," ","S","27","     0.0"," ","S","27","     0.0"," ","S","27","     0.0"," ","S","27","    10.3"," ","S","27","    35.3"," ","S","27","    30.3"," ","S","27","    25.3"," ","S","27","    20.3"," ","S","27","    18.3"," ","S","27","    15.3"," ","S","27","     5.4"," ","S","27","     3.7"," ","S","27","    10.3"," ","S","27","    35.3"," ","S","27","    30.3"," ","S","27","    25.3"," ","S","27","    20.3"," ","S","27","    18.3"," ","S","27","    15.3"," ","S","27","     5.4"," ","S","27","     3.7"," ","S","27","    23.9"," ","S","27","    21.9"," ","S","27","    25.8"," ","S","29","    11.9"," ","S","29","     5.2"," ","S","29","     2.5"," ","S","29","     0.4"," ","S","29","     0.0"," ","S","29","     0.0"," ","S","29","     0.0"," ","S","29","    0.03"," ","S","29","    0.08"," ","S","29","    0.20"," ","S","29","    0.66"," ","S","28","    4.82"," ","S","28","     0.0"," ","S","29","     0.0"," ","S","29","     0.0"," ","S","29","     0.0"," ","S","29","     0.0"," ","S","29","     0.0"," ","S","29","     0.0"," ","S","29","     0.0"," ","S","29"," -9999.0","M"," "," 0"," -9999.0","M"," "," 0"," -9999.0","M"," "," 0","     0.0"," ","S","29","    18.3"," ","S","29","     0.0"," ","S","29","     0.0"," ","S","29","     0.0"," ","S","29","     0.0"," ","S","29","     0.0"," ","S","29","     0.0"," ","S","29","     0.0"," ","S","29"," -9999.0","M"," "," 0"," -9999.0","M"," "," 0"," -9999.0","M"," "," 0"
"USC00422592","07-24"," 37.7686","-111.5978","1770.9","ESCALANTE, UT US","07","24","99","    75.2"," ","S","27","    92.4"," ","S","27","    58.0"," ","S","28","    34.4"," ","S","27","     3.7"," ","S","27","     5.2"," ","S","27","     4.4"," ","S","28","     6.0"," ","S","27","     0.0","X","S","27","     0.0"," ","S","27","     0.0"," ","S","27","     0.0"," ","S","27","     0.0"," ","S","27","     0.0"," ","S","27","     0.0"," ","S","27","    10.2"," ","S","27","    35.2"," ","S","27","    30.2"," ","S","27","    25.2"," ","S","27","    20.2"," ","S","27","    18.2"," ","S","27","    15.2"," ","S","27","     5.4"," ","S","27","     3.6"," ","S","27","    10.2"," ","S","27","    35.2"," ","S","27","    30.2"," ","S","27","    25.2"," ","S","27","    20.2"," ","S","27","    18.2"," ","S","27","    15.2"," ","S","27","     5.4"," ","S","27","     3.6"," ","S","27","    23.9"," ","S","27","    21.9"," ","S","27","    26.3"," ","S","29","    12.2"," ","S","29","     5.4"," ","S","29","     2.6"," ","S","29","     0.4"," ","S","29","     0.0"," ","S","29","     0.0"," ","S","29","     0.0"," ","S","29","    0.03"," ","S","29","    0.08"," ","S","29","    0.20"," ","S","29","    0.70"," ","S","28","    4.86"," ","S","28","     0.0"," ","S","29","     0.0"," ","S","29","     0.0"," ","S","29","     0.0"," ","S","29","     0.0"," ","S","29","     0.0"," ","S","29","     0.0"," ","S","29","     0.0"," ","S","29"," -9999.0","M"," "," 0"," -9999.0","M"," "," 0"," -9999.0","M"," "," 0","     0.0"," ","S","29","    18.3"," ","S","29","     0.0"," ","S","29","     0.0"," ","S","29","     0.0"," ","S","29","     0.0"," ","S","29","     0.0"," ","S","29","     0.0"," ","S","29","     0.0"," ","S","29"," -9999.0","M"," "," 0"," -9999.0","M"," "," 0"," -9999.0","M"," "," 0"
"USC00422592","07-25"," 37.7686","-111.5978","1770.9","ESCALANTE, UT US","07","25","99","    75.2"," ","S","27","    92.3"," ","S","27","    58.0"," ","S","28","    34.3"," ","S","27","     3.7"," ","S","27","     5.2"," ","S","27","     4.3"," ","S","28","     6.0"," ","S","27","     0.0","X","S","27","     0.0"," ","S","27","     0.0"," ","S","27","     0.0"," ","S","27","     0.0"," ","S","27","     0.0"," ","S","27","     0.0"," ","S","27","    10.2"," ","S","27","    35.2"," ","S","27","    30.2"," ","S","27","    25.2"," ","S","27","    20.2"," ","S","27","    18.2"," ","S","27","    15.2"," ","S","27","     5.3"," ","S","27","     3.6"," ","S","27","    10.2"," ","S","27","    35.2"," ","S","27","    30.2"," ","S","27","    25.2"," ","S","27","    20.2"," ","S","27","    18.2"," ","S","27","    15.2"," ","S","27","     5.3"," ","S","27","     3.6"," ","S","27","    23.8"," ","S","27","    21.9"," ","S","27","    26.7"," ","S","29","    12.4"," ","S","29","     5.6"," ","S","29","     2.6"," ","S","29","     0.4"," ","S","29","     0.0"," ","S","29","     0.0"," ","S","29","     0.0"," ","S","29","    0.03"," ","S","29","    0.08"," ","S","29","    0.21"," ","S","29","    0.74"," ","S","28","    4.90"," ","S","28","     0.0"," ","S","29","     0.0"," ","S","29","     0.0"," ","S","29","     0.0"," ","S","29","     0.0"," ","S","29","     0.0"," ","S","29","     0.0"," ","S","29","     0.0"," ","S","29"," -9999.0","M"," "," 0"," -9999.0","M"," "," 0"," -9999.0","M"," "," 0","     0.0"," ","S","29","    18.3"," ","S","29","     0.0"," ","S","29","     0.0"," ","S","29","     0.0"," ","S","29","     0.0"," ","S","29","     0.0"," ","S","29","     0.0"," ","S","29","     0.0"," ","S","29"," -9999.0","M"," "," 0"," -9999.0","M"," "," 0"," -9999.0","M"," "," 0"
"USC00422592","07-26"," 37.7686","-111.5978","1770.9","ESCALANTE, UT US","07","26","99","    75.1"," ","S","27","    92.3"," ","S","27","    58.0"," ","S","28","    34.2"," ","S","27","     3.7"," ","S","27","     5.2"," ","S","27","     4.3"," ","S","28","     6.0"," ","S","27","     0.0","X","S","27","     0.0"," ","S","27","     0.0"," ","S","27","     0.0"," ","S","27","     0.0"," ","S","27","     0.0"," ","S","27","     0.0"," ","S","27","    10.1"," ","S","27","    35.1"," ","S","27","    30.1"," ","S","27","    25.1"," ","S","27","    20.1"," ","S","27","    18.1"," ","S","27","    15.1"," ","S","27","     5.3"," ","S","27","     3.5"," ","S","27","    10.1"," ","S","27","    35.1"," ","S","27","    30.1"," ","S","27","    25.1"," ","S","27","    20.1"," ","S","27","    18.1"," ","S","27","    15.1"," ","S","27","     5.3"," ","S","27","     3.5"," ","S","27","    23.8"," ","S","27","    21.8"," ","S","27","    27.2"," ","S","29","    12.6"," ","S","29","     5.7"," ","S","29","     2.7"," ","S","29","     0.4"," ","S","29","     0.0"," ","S","29","     0.0"," ","S","29","     0.0"," ","S","29","    0.03"," ","S","29","    0.08"," ","S","29","    0.21"," ","S","29","    0.79"," ","S","28","    4.95"," ","S","28","     0.0"," ","S","29","     0.0"," ","S","29","     0.0"," ","S","29","     0.0"," ","S","29","     0.0"," ","S","29","     0.0"," ","S","29","     0.0"," ","S","29","     0.0"," ","S","29"," -9999.0","M"," "," 0"," -9999.0","M"," "," 0"," -9999.0","M"," "," 0","     0.0"," ","S","29","    18.3"," ","S","29","     0.0"," ","S","29","     0.0"," ","S","29","     0.0"," ","S","29","     0.0"," ","S","29","     0.0"," ","S","29","     0.0"," ","S","29","     0.0"," ","S","29"," -9999.0","M"," "," 0"," -9999.0","M"," "," 0"," -9999.0","M"," "," 0"
"USC00422592","07-27"," 37.7686","-111.5978","1770.9","ESCALANTE, UT US","07","27","99","    75.1"," ","S","27","    92.2"," ","S","27","    58.0"," ","S","28","    34.2"," ","S","27","     3.7"," ","S","27","     5.2"," ","S","27","     4.3"," ","S","28","     6.0"," ","S","27","     0.0","X","S","27","     0.0"," ","S","27","     0.0"," ","S","27","     0.0"," ","S","27","     0.0"," ","S","27","     0.0"," ","S","27","     0.0"," ","S","27","    10.1"," ","S","27","    35.1"," ","S","27","    30.1"," ","S","27","    25.1"," ","S","27","    20.1"," ","S","27","    18.1"," ","S","27","    15.1"," ","S","27","     5.2"," ","S","27","     3.5"," ","S","27","    10.1"," ","S","27","    35.1"," ","S","27","    30.1"," ","S","27","    25.1"," ","S","27","    20.1"," ","S","27","    18.1"," ","S","27","    15.1"," ","S","27","     5.2"," ","S","27","     3.5"," ","S","27","    23.8"," ","S","27","    21.8"," ","S","27","    27.6"," ","S","29","    12.7"," ","S","29","     5.8"," ","S","29","     2.7"," ","S","29","     0.4"," ","S","29","     0.0"," ","S","29","     0.0"," ","S","29","     0.0"," ","S","29","    0.03"," ","S","29","    0.08"," ","S","29","    0.21"," ","S","29","    0.83"," ","S","28","    4.99"," ","S","28","     0.0"," ","S","29","     0.0"," ","S","29","     0.0"," ","S","29","     0.0"," ","S","29","     0.0"," ","S","29","     0.0"," ","S","29","     0.0"," ","S","29","     0.0"," ","S","29"," -9999.0","M"," "," 0"," -9999.0","M"," "," 0"," -9999.0","M"," "," 0","     0.0"," ","S","29","    18.3"," ","S","29","     0.0"," ","S","29","     0.0"," ","S","29","     0.0"," ","S","29","     0.0"," ","S","29","     0.0"," ","S","29","     0.0"," ","S","29","     0.0"," ","S","29"," -9999.0","M"," "," 0"," -9999.0","M"," "," 0"," -9999.0","M"," "," 0"
"USC00422592","07-28"," 37.7686","-111.5978","1770.9","ESCALANTE, UT US","07","28","99","    75.0"," ","S","27","    92.1"," ","S","27","    58.0"," ","S","28","    34.1"," ","S","27","     3.7"," ","S","27","     5.2"," ","S","27","     4.3"," ","S","28","     6.0"," ","S","27","     0.0","X","S","27","     0.0"," ","S","27","     0.0"," ","S","27","     0.0"," ","S","27","     0.0"," ","S","27","     0.0"," ","S","27","     0.0"," ","S","27","    10.0"," ","S","27","    35.0"," ","S","27","    30.0"," ","S","27","    25.0"," ","S","27","    20.0"," ","S","27","    18.0"," ","S","27","    15.0"," ","S","27","     5.1"," ","S","27","     3.4"," ","S","27","    10.0"," ","S","27","    35.0"," ","S","27","    30.0"," ","S","27","    25.0"," ","S","27","    20.0"," ","S","27","    18.0"," ","S","27","    15.0"," ","S","27","     5.1"," ","S","27","     3.4"," ","S","27","    23.8"," ","S","27","    21.8"," ","S","27","    27.9"," ","S","29","    12.9"," ","S","29","     5.9"," ","S","29","     2.8"," ","S","29","     0.4"," ","S","29","     0.0"," ","S","29","     0.0"," ","S","29","     0.0"," ","S","29","    0.03"," ","S","29","    0.08"," ","S","29","    0.21"," ","S","29","    0.88"," ","S","28","    5.04"," ","S","28","     0.0"," ","S","29","     0.0"," ","S","29","     0.0"," ","S","29","     0.0"," ","S","29","     0.0"," ","S","29","     0.0"," ","S","29","     0.0"," ","S","29","     0.0"," ","S","29"," -9999.0","M"," "," 0"," -9999.0","M"," "," 0"," -9999.0","M"," "," 0","     0.0"," ","S","29","    18.3"," ","S","29","     0.0"," ","S","29","     0.0"," ","S","29","     0.0"," ","S","29","     0.0"," ","S","29","     0.0"," ","S","29","     0.0"," ","S","29","     0.0"," ","S","29"," -9999.0","M"," "," 0"," -9999.0","M"," "," 0"," -9999.0","M"," "," 0"
"USC00422592","07-29"," 37.7686","-111.5978","1770.9","ESCALANTE, UT US","07","29","99","    74.9"," ","S","27","    91.9"," ","S","27","    57.9"," ","S","28","    34.0"," ","S","27","     3.7"," ","S","27","     5.2"," ","S","27","     4.2"," ","S","28","     6.0"," ","S","27","     0.0","X","S","27","     0.0"," ","S","27","     0.0"," ","S","27","     0.0"," ","S","27","     0.0"," ","S","27","     0.0"," ","S","27","     0.0"," ","S","27","     9.9"," ","S","27","    34.9"," ","S","27","    29.9"," ","S","27","    24.9"," ","S","27","    19.9"," ","S","27","    17.9"," ","S","27","    14.9"," ","S","27","     5.1"," ","S","27","     3.3"," ","S","27","     9.9"," ","S","27","    34.9"," ","S","27","    29.9"," ","S","27","    24.9"," ","S","27","    19.9"," ","S","27","    17.9"," ","S","27","    14.9"," ","S","27","     5.1"," ","S","27","     3.3"," ","S","27","    23.8"," ","S","27","    21.8"," ","S","27","    28.3"," ","S","29","    13.0"," ","S","29","     6.0"," ","S","29","     2.8"," ","S","29","     0.4"," ","S","29","     0.0"," ","S","29","     0.0"," ","S","29","     0.0"," ","S","29","    0.03"," ","S","29","    0.08"," ","S","29","    0.21"," ","S","29","    0.92"," ","S","28","    5.08"," ","S","28","     0.0"," ","S","29","     0.0"," ","S","29","     0.0"," ","S","29","     0.0"," ","S","29","     0.0"," ","S","29","     0.0"," ","S","29","     0.0"," ","S","29","     0.0"," ","S","29"," -9999.0","M"," "," 0"," -9999.0","M"," "," 0"," -9999.0","M"," "," 0","     0.0"," ","S","29","    18.3"," ","S","29","     0.0"," ","S","29","     0.0"," ","S","29","     0.0"," ","S","29","     0.0"," ","S","29","     0.0"," ","S","29","     0.0"," ","S","29","     0.0"," ","S","29"," -9999.0","M"," "," 0"," -9999.0","M"," "," 0"," -9999.0","M"," "," 0"
"USC00422592","07-30"," 37.7686","-111.5978","1770.9","ESCALANTE, UT US","07","30","99","    74.8"," ","S","27","    91.8"," ","S","27","    57.9"," ","S","28","    33.9"," ","S","27","     3.6"," ","S","27","     5.2"," ","S","27","     4.2"," ","S","28","     6.0"," ","S","27","     0.0","X","S","27","     0.0"," ","S","27","     0.0"," ","S","27","     0.0"," ","S","27","     0.0"," ","S","27","     0.0"," ","S","27","     0.0"," ","S","27","     9.8"," ","S","27","    34.8"," ","S","27","    29.8"," ","S","27","    24.8"," ","S","27","    19.8"," ","S","27","    17.8"," ","S","27","    14.8"," ","S","27","     5.0"," ","S","27","     3.3"," ","S","27","     9.8"," ","S","27","    34.8"," ","S","27","    29.8"," ","S","27","    24.8"," ","S","27","    19.8"," ","S","27","    17.8"," ","S","27","    14.8"," ","S","27","     5.0"," ","S","27","     3.3"," ","S","27","    23.7"," ","S","27","    21.7"," ","S","27","    28.6"," ","S","29","    13.1"," ","S","29","     6.1"," ","S","29","     2.9"," ","S","29","     0.4"," ","S","29","     0.0"," ","S","29","     0.0"," ","S","29","     0.0"," ","S","29","    0.03"," ","S","29","    0.08"," ","S","29","    0.21"," ","S","29","    0.97"," ","S","28","    5.13"," ","S","28","     0.0"," ","S","29","     0.0"," ","S","29","     0.0"," ","S","29","     0.0"," ","S","29","     0.0"," ","S","29","     0.0"," ","S","29","     0.0"," ","S","29","     0.0"," ","S","29"," -9999.0","M"," "," 0"," -9999.0","M"," "," 0"," -9999.0","M"," "," 0","     0.0"," ","S","29","    18.3"," ","S","29","     0.0"," ","S","29","     0.0"," ","S","29","     0.0"," ","S","29","     0.0"," ","S","29","     0.0"," ","S","29","     0.0"," ","S","29","     0.0"," ","S","29"," -9999.0","M"," "," 0"," -9999.0","M"," "," 0"," -9999.0","M"," "," 0"
"USC00422592","07-31"," 37.7686","-111.5978","1770.9","ESCALANTE, UT US","07","31","99","    74.8"," ","S","27","    91.7"," ","S","27","    57.8"," ","S","28","    33.9"," ","S","27","     3.6"," ","S","27","     5.2"," ","S","27","     4.2"," ","S","28","     6.0"," ","S","27","     0.0","X","S","27","     0.0"," ","S","27","     0.0"," ","S","27","     0.0"," ","S","27","     0.0"," ","S","27","     0.0"," ","S","27","     0.0"," ","S","27","     9.8"," ","S","27","    34.7"," ","S","27","    29.8"," ","S","27","    24.8"," ","S","27","    19.8"," ","S","27","    17.8"," ","S","27","    14.8"," ","S","27","     4.9"," ","S","27","     3.2"," ","S","27","     9.8"," ","S","27","    34.7"," ","S","27","    29.8"," ","S","27","    24.8"," ","S","27","    19.8"," ","S","27","    17.8"," ","S","27","    14.8"," ","S","27","     4.9"," ","S","27","     3.2"," ","S","27","    23.7"," ","S","27","    21.7"," ","S","27","    28.9"," ","S","29","    13.3"," ","S","29","     6.3"," ","S","29","     2.9"," ","S","29","     0.4"," ","S","29","     0.0"," ","S","29","     0.0"," ","S","29","     0.0"," ","S","29","    0.03"," ","S","29","    0.08"," ","S","29","    0.21"," ","S","29","    1.02"," ","S","28","    5.18"," ","S","28","     0.0"," ","S","29","     0.0"," ","S","29","     0.0"," ","S","29","     0.0"," ","S","29","     0.0"," ","S","29","     0.0"," ","S","29","     0.0"," ","S","29","     0.0"," ","S","29"," -9999.0","M"," "," 0"," -9999.0","M"," "," 0"," -9999.0","M"," "," 0","     0.0"," ","S","29","    18.3"," ","S","29","     0.0"," ","S","29","     0.0"," ","S","29","     0.0"," ","S","29","     0.0"," ","S","29","     0.0"," ","S","29","     0.0"," ","S","29","     0.0"," ","S","29"," -9999.0","M"," "," 0"," -9999.0","M"," "," 0"," -9999.0","M"," "," 0"
"USC00422592","08-01"," 37.7686","-111.5978","1770.9","ESCALANTE, UT US","08","01","99","    74.7"," ","S","28","    91.6"," ","S","28","    57.7"," ","S","29","    33.8"," ","S","28","     3.6"," ","S","28","     5.2"," ","S","28","     4.2"," ","S","29","     6.0"," ","S","28","     0.0","X","S","28","     0.0"," ","S","28","     0.0"," ","S","28","     0.0"," ","S","28","     0.0"," ","S","28","     0.0"," ","S","28","     0.0"," ","S","28","     9.7"," ","S","28","    34.6"," ","S","28","    29.7"," ","S","28","    24.7"," ","S","28","    19.7"," ","S","28","    17.7"," ","S","28","    14.7"," ","S","28","     4.8"," ","S","28","     3.1"," ","S","28","     9.7"," ","S","28","    34.6"," ","S","28","    29.7"," ","S","28","    24.7"," ","S","28","    19.7"," ","S","28","    17.7"," ","S","28","    14.7"," ","S","28","     4.8"," ","S","28","     3.1"," ","S","28","    23.6"," ","S","28","    21.7"," ","S","28","    29.2"," ","S","29","    13.4"," ","S","29","     6.4"," ","S","29","     3.0"," ","S","29","     0.4"," ","S","29","     0.0"," ","S","29","     0.0"," ","S","29","     0.0"," ","S","29","    0.03"," ","S","29","    0.08"," ","S","29","    0.21"," ","S","29","    0.06"," ","S","30","    5.24"," ","S","30","     0.0"," ","S","29","     0.0"," ","S","29","     0.0"," ","S","29","     0.0"," ","S","29","     0.0"," ","S","29","     0.0"," ","S","29","     0.0"," ","S","29","     0.0"," ","S","29"," -9999.0","M"," "," 0"," -9999.0","M"," "," 0"," -9999.0","M"," "," 0","     0.0"," ","S","30","    18.3"," ","S","30","     0.0"," ","S","29","     0.0"," ","S","29","     0.0"," ","S","29","     0.0"," ","S","29","     0.0"," ","S","29","     0.0"," ","S","29","     0.0"," ","S","29"," -9999.0","M"," "," 0"," -9999.0","M"," "," 0"," -9999.0","M"," "," 0"
"USC00422592","08-02"," 37.7686","-111.5978","1770.9","ESCALANTE, UT US","08","02","99","    74.5"," ","S","28","    91.4"," ","S","28","    57.7"," ","S","29","    33.8"," ","S","28","     3.6"," ","S","28","     5.2"," ","S","28","     4.2"," ","S","29","     6.0"," ","S","28","     0.0","X","S","28","     0.0"," ","S","28","     0.0"," ","S","28","     0.0"," ","S","28","     0.0"," ","S","28","     0.0"," ","S","28","     0.0"," ","S","28","     9.5"," ","S","28","    34.5"," ","S","28","    29.5"," ","S","28","    24.5"," ","S","28","    19.5"," ","S","28","    17.5"," ","S","28","    14.5"," ","S","28","     4.7"," ","S","28","     3.0"," ","S","28","     9.5"," ","S","28","    34.5"," ","S","28","    29.5"," ","S","28","    24.5"," ","S","28","    19.5"," ","S","28","    17.5"," ","S","28","    14.5"," ","S","28","     4.7"," ","S","28","     3.0"," ","S","28","    23.6"," ","S","28","    21.6"," ","S","28","    29.4"," ","S","29","    13.6"," ","S","29","     6.5"," ","S","29","     3.0"," ","S","29","     0.4"," ","S","29","     0.0"," ","S","29","     0.0"," ","S","29","     0.0"," ","S","29","    0.03"," ","S","29","    0.08"," ","S","29","    0.22"," ","S","29","    0.11"," ","S","30","    5.29"," ","S","30","     0.0"," ","S","29","     0.0"," ","S","29","     0.0"," ","S","29","     0.0"," ","S","29","     0.0"," ","S","29","     0.0"," ","S","29","     0.0"," ","S","29","     0.0"," ","S","29"," -9999.0","M"," "," 0"," -9999.0","M"," "," 0"," -9999.0","M"," "," 0","     0.0"," ","S","30","    18.3"," ","S","30","     0.0"," ","S","29","     0.0"," ","S","29","     0.0"," ","S","29","     0.0"," ","S","29","     0.0"," ","S","29","     0.0"," ","S","29","     0.0"," ","S","29"," -9999.0","M"," "," 0"," -9999.0","M"," "," 0"," -9999.0","M"," "," 0"
"USC00422592","08-03"," 37.7686","-111.5978","1770.9","ESCALANTE, UT US","08","03","99","    74.4"," ","S","28","    91.3"," ","S","28","    57.6"," ","S","29","    33.7"," ","S","28","     3.6"," ","S","28","     5.2"," ","S","28","     4.1"," ","S","29","     6.0"," ","S","28","     0.0","X","S","28","     0.0"," ","S","28","     0.0"," ","S","28","     0.0"," ","S","28","     0.0"," ","S","28","     0.0"," ","S","28","     0.0"," ","S","28","     9.4"," ","S","28","    34.4"," ","S","28","    29.4"," ","S","28","    24.4"," ","S","28","    19.4"," ","S","28","    17.4"," ","S","28","    14.4"," ","S","28","     4.6"," ","S","28","     2.9"," ","S","28","     9.4"," ","S","28","    34.4"," ","S","28","    29.4"," ","S","28","    24.4"," ","S","28","    19.4"," ","S","28","    17.4"," ","S","28","    14.4"," ","S","28","     4.6"," ","S","28","     2.9"," ","S","28","    23.5"," ","S","28","    21.6"," ","S","28","    29.7"," ","S","29","    13.7"," ","S","29","     6.6"," ","S","29","     3.1"," ","S","29","     0.4"," ","S","29","     0.0"," ","S","29","     0.0"," ","S","29","     0.0"," ","S","29","    0.03"," ","S","29","    0.08"," ","S","29","    0.22"," ","S","29","    0.17"," ","S","30","    5.35"," ","S","30","     0.0"," ","S","29","     0.0"," ","S","29","     0.0"," ","S","29","     0.0"," ","S","29","     0.0"," ","S","29","     0.0"," ","S","29","     0.0"," ","S","29","     0.0"," ","S","29"," -9999.0","M"," "," 0"," -9999.0","M"," "," 0"," -9999.0","M"," "," 0","     0.0"," ","S","30","    18.3"," ","S","30","     0.0"," ","S","29","     0.0"," ","S","29","     0.0"," ","S","29","     0.0"," ","S","29","     0.0"," ","S","29","     0.0"," ","S","29","     0.0"," ","S","29"," -9999.0","M"," "," 0"," -9999.0","M"," "," 0"," -9999.0","M"," "," 0"
"USC00422592","08-04"," 37.7686","-111.5978","1770.9","ESCALANTE, UT US","08","04","99","    74.3"," ","S","28","    91.1"," ","S","28","    57.5"," ","S","29","    33.7"," ","S","28","     3.6"," ","S","28","     5.2"," ","S","28","     4.1"," ","S","29","     6.0"," ","S","28","     0.0","X","S","28","     0.0"," ","S","28","     0.0"," ","S","28","     0.0"," ","S","28","     0.0"," ","S","28","     0.0"," ","S","28","     0.0"," ","S","28","     9.3"," ","S","28","    34.3"," ","S","28","    29.3"," ","S","28","    24.3"," ","S","28","    19.3"," ","S","28","    17.3"," ","S","28","    14.3"," ","S","28","     4.5"," ","S","28","     2.8"," ","S","28","     9.3"," ","S","28","    34.3"," ","S","28","    29.3"," ","S","28","    24.3"," ","S","28","    19.3"," ","S","28","    17.3"," ","S","28","    14.3"," ","S","28","     4.5"," ","S","28","     2.8"," ","S","28","    23.5"," ","S","28","    21.5"," ","S","28","    29.8"," ","S","29","    13.8"," ","S","29","     6.7"," ","S","29","     3.1"," ","S","29","     0.4"," ","S","29","     0.0"," ","S","29","     0.0"," ","S","29","     0.0"," ","S","29","    0.03"," ","S","29","    0.08"," ","S","29","    0.22"," ","S","29","    0.23"," ","S","30","    5.41"," ","S","30","     0.0"," ","S","29","     0.0"," ","S","29","     0.0"," ","S","29","     0.0"," ","S","29","     0.0"," ","S","29","     0.0"," ","S","29","     0.0"," ","S","29","     0.0"," ","S","29"," -9999.0","M"," "," 0"," -9999.0","M"," "," 0"," -9999.0","M"," "," 0","     0.0"," ","S","30","    18.3"," ","S","30","     0.0"," ","S","29","     0.0"," ","S","29","     0.0"," ","S","29","     0.0"," ","S","29","     0.0"," ","S","29","     0.0"," ","S","29","     0.0"," ","S","29"," -9999.0","M"," "," 0"," -9999.0","M"," "," 0"," -9999.0","M"," "," 0"
"USC00422592","08-05"," 37.7686","-111.5978","1770.9","ESCALANTE, UT US","08","05","99","    74.2"," ","S","28","    91.0"," ","S","28","    57.4"," ","S","29","    33.6"," ","S","28","     3.6"," ","S","28","     5.2"," ","S","28","     4.1"," ","S","29","     6.0"," ","S","28","     0.0","X","S","28","     0.0"," ","S","28","     0.0"," ","S","28","     0.0"," ","S","28","     0.0"," ","S","28","     0.0"," ","S","28","     0.0"," ","S","28","     9.2"," ","S","28","    34.2"," ","S","28","    29.2"," ","S","28","    24.2"," ","S","28","    19.2"," ","S","28","    17.2"," ","S","28","    14.2"," ","S","28","     4.4"," ","S","28","     2.7"," ","S","28","     9.2"," ","S","28","    34.2"," ","S","28","    29.2"," ","S","28","    24.2"," ","S","28","    19.2"," ","S","28","    17.2"," ","S","28","    14.2"," ","S","28","     4.4"," ","S","28","     2.7"," ","S","28","    23.4"," ","S","28","    21.4"," ","S","28","    29.9"," ","S","29","    13.8"," ","S","29","     6.8"," ","S","29","     3.1"," ","S","29","     0.4"," ","S","29","     0.0"," ","S","29","     0.0"," ","S","29","     0.0"," ","S","29","    0.03"," ","S","29","    0.08"," ","S","29","    0.22"," ","S","29","    0.28"," ","S","30","    5.46"," ","S","30","     0.0"," ","S","29","     0.0"," ","S","29","     0.0"," ","S","29","     0.0"," ","S","29","     0.0"," ","S","29","     0.0"," ","S","29","     0.0"," ","S","29","     0.0"," ","S","29"," -9999.0","M"," "," 0"," -9999.0","M"," "," 0"," -9999.0","M"," "," 0","     0.0"," ","S","30","    18.3"," ","S","30","     0.0"," ","S","29","     0.0"," ","S","29","     0.0"," ","S","29","     0.0"," ","S","29","     0.0"," ","S","29","     0.0"," ","S","29","     0.0"," ","S","29"," -9999.0","M"," "," 0"," -9999.0","M"," "," 0"," -9999.0","M"," "," 0"
"USC00422592","08-06"," 37.7686","-111.5978","1770.9","ESCALANTE, UT US","08","06","99","    74.1"," ","S","28","    90.9"," ","S","28","    57.3"," ","S","29","    33.6"," ","S","28","     3.6"," ","S","28","     5.2"," ","S","28","     4.1"," ","S","29","     6.0"," ","S","28","     0.0","X","S","28","     0.0"," ","S","28","     0.0"," ","S","28","     0.0"," ","S","28","     0.0"," ","S","28","     0.0"," ","S","28","     0.0"," ","S","28","     9.1"," ","S","28","    34.0"," ","S","28","    29.1"," ","S","28","    24.1"," ","S","28","    19.1"," ","S","28","    17.1"," ","S","28","    14.1"," ","S","28","     4.3"," ","S","28","     2.7"," ","S","28","     9.1"," ","S","28","    34.0"," ","S","28","    29.1"," ","S","28","    24.1"," ","S","28","    19.1"," ","S","28","    17.1"," ","S","28","    14.1"," ","S","28","     4.3"," ","S","28","     2.7"," ","S","28","    23.3"," ","S","28","    21.3"," ","S","28","    30.0"," ","S","30","    13.9"," ","S","30","     6.9"," ","S","30","     3.1"," ","S","30","     0.4"," ","S","30","     0.0"," ","S","30","     0.0"," ","S","30","     0.0"," ","S","30","    0.03"," ","S","30","    0.08"," ","S","30","    0.22"," ","S","30","    0.34"," ","S","30","    5.52"," ","S","30","     0.0"," ","S","30","     0.0"," ","S","30","     0.0"," ","S","30","     0.0"," ","S","30","     0.0"," ","S","30","     0.0"," ","S","30","     0.0"," ","S","30","     0.0"," ","S","30"," -9999.0","M"," "," 0"," -9999.0","M"," "," 0"," -9999.0","M"," "," 0","     0.0"," ","S","30","    18.3"," ","S","30","     0.0"," ","S","29","     0.0"," ","S","29","     0.0"," ","S","29","     0.0"," ","S","29","     0.0"," ","S","29","     0.0"," ","S","29","     0.0"," ","S","29"," -9999.0","M"," "," 0"," -9999.0","M"," "," 0"," -9999.0","M"," "," 0"
"USC00422592","08-07"," 37.7686","-111.5978","1770.9","ESCALANTE, UT US","08","07","99","    73.9"," ","S","28","    90.7"," ","S","28","    57.1"," ","S","29","    33.6"," ","S","28","     3.6"," ","S","28","     5.2"," ","S","28","     4.1"," ","S","29","     6.0"," ","S","28","     0.0","X","S","28","     0.0"," ","S","28","     0.0"," ","S","28","     0.0"," ","S","28","     0.0"," ","S","28","     0.0"," ","S","28","     0.0"," ","S","28","     8.9"," ","S","28","    33.9"," ","S","28","    28.9"," ","S","28","    23.9"," ","S","28","    18.9"," ","S","28","    16.9"," ","S","28","    13.9"," ","S","28","     4.2"," ","S","28","     2.6"," ","S","28","     8.9"," ","S","28","    33.9"," ","S","28","    28.9"," ","S","28","    23.9"," ","S","28","    18.9"," ","S","28","    16.9"," ","S","28","    13.9"," ","S","28","     4.2"," ","S","28","     2.6"," ","S","28","    23.2"," ","S","28","    21.3"," ","S","28","    30.1"," ","S","30","    13.9"," ","S","30","     6.9"," ","S","30","     3.0"," ","S","30","     0.4"," ","S","30","     0.0"," ","S","30","     0.0"," ","S","30","     0.0"," ","S","30","    0.03"," ","S","30","    0.08"," ","S","30","    0.22"," ","S","30","    0.40"," ","S","30","    5.58"," ","S","30","     0.0"," ","S","30","     0.0"," ","S","30","     0.0"," ","S","30","     0.0"," ","S","30","     0.0"," ","S","30","     0.0"," ","S","30","     0.0"," ","S","30","     0.0"," ","S","30"," -9999.0","M"," "," 0"," -9999.0","M"," "," 0"," -9999.0","M"," "," 0","     0.0"," ","S","30","    18.3"," ","S","30","     0.0"," ","S","30","     0.0"," ","S","30","     0.0"," ","S","30","     0.0"," ","S","30","     0.0"," ","S","30","     0.0"," ","S","30","     0.0"," ","S","30"," -9999.0","M"," "," 0"," -9999.0","M"," "," 0"," -9999.0","M"," "," 0"
"USC00422592","08-08"," 37.7686","-111.5978","1770.9","ESCALANTE, UT US","08","08","99","    73.8"," ","S","28","    90.5"," ","S","28","    57.0"," ","S","29","    33.5"," ","S","28","     3.6"," ","S","28","     5.2"," ","S","28","     4.1"," ","S","29","     6.0"," ","S","28","     0.0","X","S","28","     0.0"," ","S","28","     0.0"," ","S","28","     0.0"," ","S","28","     0.0"," ","S","28","     0.0"," ","S","28","     0.0"," ","S","28","     8.8"," ","S","28","    33.8"," ","S","28","    28.8"," ","S","28","    23.8"," ","S","28","    18.8"," ","S","28","    16.8"," ","S","28","    13.8"," ","S","28","     4.1"," ","S","28","     2.5"," ","S","28","     8.8"," ","S","28","    33.8"," ","S","28","    28.8"," ","S","28","    23.8"," ","S","28","    18.8"," ","S","28","    16.8"," ","S","28","    13.8"," ","S","28","     4.1"," ","S","28","     2.5"," ","S","28","    23.2"," ","S","28","    21.2"," ","S","28","    30.2"," ","S","30","    14.0"," ","S","30","     6.9"," ","S","30","     3.0"," ","S","30","     0.4"," ","S","30","     0.0"," ","S","30","     0.0"," ","S","30","     0.0"," ","S","30","    0.03"," ","S","30","    0.08"," ","S","30","    0.22"," ","S","30","    0.45"," ","S","30","    5.63"," ","S","30","     0.0"," ","S","30","     0.0"," ","S","30","     0.0"," ","S","30","     0.0"," ","S","30","     0.0"," ","S","30","     0.0"," ","S","30","     0.0"," ","S","30","     0.0"," ","S","30"," -9999.0","M"," "," 0"," -9999.0","M"," "," 0"," -9999.0","M"," "," 0","     0.0"," ","S","30","    18.3"," ","S","30","     0.0"," ","S","30","     0.0"," ","S","30","     0.0"," ","S","30","     0.0"," ","S","30","     0.0"," ","S","30","     0.0"," ","S","30","     0.0"," ","S","30"," -9999.0","M"," "," 0"," -9999.0","M"," "," 0"," -9999.0","M"," "," 0"
"USC00422592","08-09"," 37.7686","-111.5978","1770.9","ESCALANTE, UT US","08","09","99","    73.6"," ","S","28","    90.4"," ","S","28","    56.9"," ","S","29","    33.5"," ","S","28","     3.6"," ","S","28","     5.2"," ","S","28","     4.1"," ","S","29","     6.0"," ","S","28","     0.0","X","S","28","     0.0"," ","S","28","     0.0"," ","S","28","     0.0"," ","S","28","     0.0"," ","S","28","     0.0"," ","S","28","     0.0"," ","S","28","     8.6"," ","S","28","    33.6"," ","S","28","    28.6"," ","S","28","    23.6"," ","S","28","    18.6"," ","S","28","    16.6"," ","S","28","    13.6"," ","S","28","     4.0"," ","S","28","     2.4"," ","S","28","     8.6"," ","S","28","    33.6"," ","S","28","    28.6"," ","S","28","    23.6"," ","S","28","    18.6"," ","S","28","    16.6"," ","S","28","    13.6"," ","S","28","     4.0"," ","S","28","     2.4"," ","S","28","    23.1"," ","S","28","    21.1"," ","S","28","    30.3"," ","S","30","    14.0"," ","S","30","     7.0"," ","S","30","     3.0"," ","S","30","     0.3"," ","S","30","     0.0"," ","S","30","     0.0"," ","S","30","     0.0"," ","S","30","    0.03"," ","S","30","    0.08"," ","S","30","    0.22"," ","S","30","    0.51"," ","S","30","    5.69"," ","S","30","     0.0"," ","S","30","     0.0"," ","S","30","     0.0"," ","S","30","     0.0"," ","S","30","     0.0"," ","S","30","     0.0"," ","S","30","     0.0"," ","S","30","     0.0"," ","S","30"," -9999.0","M"," "," 0"," -9999.0","M"," "," 0"," -9999.0","M"," "," 0","     0.0"," ","S","30","    18.3"," ","S","30","     0.0"," ","S","30","     0.0"," ","S","30","     0.0"," ","S","30","     0.0"," ","S","30","     0.0"," ","S","30","     0.0"," ","S","30","     0.0"," ","S","30"," -9999.0","M"," "," 0"," -9999.0","M"," "," 0"," -9999.0","M"," "," 0"
"USC00422592","08-10"," 37.7686","-111.5978","1770.9","ESCALANTE, UT US","08","10","99","    73.5"," ","S","28","    90.2"," ","S","28","    56.7"," ","S","29","    33.5"," ","S","28","     3.6"," ","S","28","     5.3"," ","S","28","     4.1"," ","S","29","     6.0"," ","S","28","     0.0","X","S","28","     0.0"," ","S","28","     0.0"," ","S","28","     0.0"," ","S","28","     0.0"," ","S","28","     0.0"," ","S","28","     0.0"," ","S","28","     8.5"," ","S","28","    33.5"," ","S","28","    28.5"," ","S","28","    23.5"," ","S","28","    18.5"," ","S","28","    16.5"," ","S","28","    13.5"," ","S","28","     3.8"," ","S","28","     2.3"," ","S","28","     8.5"," ","S","28","    33.5"," ","S","28","    28.5"," ","S","28","    23.5"," ","S","28","    18.5"," ","S","28","    16.5"," ","S","28","    13.5"," ","S","28","     3.8"," ","S","28","     2.3"," ","S","28","    23.0"," ","S","28","    21.1"," ","S","28","    30.3"," ","S","30","    14.0"," ","S","30","     7.0"," ","S","30","     3.0"," ","S","30","     0.3"," ","S","30","     0.0"," ","S","30","     0.0"," ","S","30","     0.0"," ","S","30","    0.03"," ","S","30","    0.08"," ","S","30","    0.23"," ","S","30","    0.56"," ","S","30","    5.74"," ","S","30","     0.0"," ","S","30","     0.0"," ","S","30","     0.0"," ","S","30","     0.0"," ","S","30","     0.0"," ","S","30","     0.0"," ","S","30","     0.0"," ","S","30","     0.0"," ","S","30"," -9999.0","M"," "," 0"," -9999.0","M"," "," 0"," -9999.0","M"," "," 0","     0.0"," ","S","30","    18.3"," ","S","30","     0.0"," ","S","30","     0.0"," ","S","30","     0.0"," ","S","30","     0.0"," ","S","30","     0.0"," ","S","30","     0.0"," ","S","30","     0.0"," ","S","30"," -9999.0","M"," "," 0"," -9999.0","M"," "," 0"," -9999.0","M"," "," 0"
"USC00422592","08-11"," 37.7686","-111.5978","1770.9","ESCALANTE, UT US","08","11","99","    73.3"," ","S","28","    90.1"," ","S","28","    56.6"," ","S","29","    33.5"," ","S","28","     3.6"," ","S","28","     5.3"," ","S","28","     4.1"," ","S","29","     6.1"," ","S","28","     0.0","X","S","28","     0.0"," ","S","28","     0.0"," ","S","28","     0.0"," ","S","28","     0.0"," ","S","28","     0.0"," ","S","28","     0.0"," ","S","28","     8.3"," ","S","28","    33.3"," ","S","28","    28.3"," ","S","28","    23.3"," ","S","28","    18.3"," ","S","28","    16.3"," ","S","28","    13.3"," ","S","28","     3.7"," ","S","28","     2.2"," ","S","28","     8.3"," ","S","28","    33.3"," ","S","28","    28.3"," ","S","28","    23.3"," ","S","28","    18.3"," ","S","28","    16.3"," ","S","28","    13.3"," ","S","28","     3.7"," ","S","28","     2.2"," ","S","28","    23.0"," ","S","28","    21.0"," ","S","28","    30.3"," ","S","30","    14.0"," ","S","30","     7.0"," ","S","30","     2.9"," ","S","30","     0.3"," ","S","30","     0.0"," ","S","30","     0.0"," ","S","30","     0.0"," ","S","30","    0.03"," ","S","30","    0.08"," ","S","30","    0.23"," ","S","30","    0.61"," ","S","30","    5.79"," ","S","30","     0.0"," ","S","30","     0.0"," ","S","30","     0.0"," ","S","30","     0.0"," ","S","30","     0.0"," ","S","30","     0.0"," ","S","30","     0.0"," ","S","30","     0.0"," ","S","30"," -9999.0","M"," "," 0"," -9999.0","M"," "," 0"," -9999.0","M"," "," 0","     0.0"," ","S","30","    18.3"," ","S","30","     0.0"," ","S","30","     0.0"," ","S","30","     0.0"," ","S","30","     0.0"," ","S","30","     0.0"," ","S","30","     0.0"," ","S","30","     0.0"," ","S","30"," -9999.0","M"," "," 0"," -9999.0","M"," "," 0"," -9999.0","M"," "," 0"
"USC00422592","08-12"," 37.7686","-111.5978","1770.9","ESCALANTE, UT US","08","12","99","    73.2"," ","S","28","    89.9"," ","S","28","    56.4"," ","S","29","    33.5"," ","S","28","     3.6"," ","S","28","     5.3"," ","S","28","     4.1"," ","S","29","     6.1"," ","S","28","     0.0","X","S","28","     0.0"," ","S","28","     0.0"," ","S","28","     0.0"," ","S","28","     0.0"," ","S","28","     0.0"," ","S","28","     0.0"," ","S","28","     8.2"," ","S","28","    33.2"," ","S","28","    28.2"," ","S","28","    23.2"," ","S","28","    18.2"," ","S","28","    16.2"," ","S","28","    13.2"," ","S","28","     3.6"," ","S","28","     2.1"," ","S","28","     8.2"," ","S","28","    33.2"," ","S","28","    28.2"," ","S","28","    23.2"," ","S","28","    18.2"," ","S","28","    16.2"," ","S","28","    13.2"," ","S","28","     3.6"," ","S","28","     2.1"," ","S","28","    22.9"," ","S","28","    20.9"," ","S","28","    30.4"," ","S","30","    14.0"," ","S","30","     7.0"," ","S","30","     2.9"," ","S","30","     0.3"," ","S","30","     0.0"," ","S","30","     0.0"," ","S","30","     0.0"," ","S","30","    0.03"," ","S","30","    0.08"," ","S","30","    0.23"," ","S","30","    0.66"," ","S","30","    5.84"," ","S","30","     0.0"," ","S","30","     0.0"," ","S","30","     0.0"," ","S","30","     0.0"," ","S","30","     0.0"," ","S","30","     0.0"," ","S","30","     0.0"," ","S","30","     0.0"," ","S","30"," -9999.0","M"," "," 0"," -9999.0","M"," "," 0"," -9999.0","M"," "," 0","     0.0"," ","S","30","    18.3"," ","S","30","     0.0"," ","S","30","     0.0"," ","S","30","     0.0"," ","S","30","     0.0"," ","S","30","     0.0"," ","S","30","     0.0"," ","S","30","     0.0"," ","S","30"," -9999.0","M"," "," 0"," -9999.0","M"," "," 0"," -9999.0","M"," "," 0"
"USC00422592","08-13"," 37.7686","-111.5978","1770.9","ESCALANTE, UT US","08","13","99","    73.0"," ","S","28","    89.7"," ","S","28","    56.3"," ","S","29","    33.5"," ","S","28","     3.7"," ","S","28","     5.3"," ","S","28","     4.1"," ","S","29","     6.1"," ","S","28","     0.0","X","S","28","     0.0"," ","S","28","     0.0"," ","S","28","     0.0"," ","S","28","     0.0"," ","S","28","     0.0"," ","S","28","     0.0"," ","S","28","     8.0"," ","S","28","    33.0"," ","S","28","    28.0"," ","S","28","    23.0"," ","S","28","    18.0"," ","S","28","    16.0"," ","S","28","    13.0"," ","S","28","     3.5"," ","S","28","     2.0"," ","S","28","     8.0"," ","S","28","    33.0"," ","S","28","    28.0"," ","S","28","    23.0"," ","S","28","    18.0"," ","S","28","    16.0"," ","S","28","    13.0"," ","S","28","     3.5"," ","S","28","     2.0"," ","S","28","    22.8"," ","S","28","    20.8"," ","S","28","    30.4"," ","S","30","    14.0"," ","S","30","     7.1"," ","S","30","     2.9"," ","S","30","     0.3"," ","S","30","     0.0"," ","S","30","     0.0"," ","S","30","     0.0"," ","S","30","    0.03"," ","S","30","    0.08"," ","S","30","    0.23"," ","S","30","    0.72"," ","S","30","    5.90"," ","S","30","     0.0"," ","S","30","     0.0"," ","S","30","     0.0"," ","S","30","     0.0"," ","S","30","     0.0"," ","S","30","     0.0"," ","S","30","     0.0"," ","S","30","     0.0"," ","S","30"," -9999.0","M"," "," 0"," -9999.0","M"," "," 0"," -9999.0","M"," "," 0","     0.0"," ","S","30","    18.3"," ","S","30","     0.0"," ","S","30","     0.0"," ","S","30","     0.0"," ","S","30","     0.0"," ","S","30","     0.0"," ","S","30","     0.0"," ","S","30","     0.0"," ","S","30"," -9999.0","M"," "," 0"," -9999.0","M"," "," 0"," -9999.0","M"," "," 0"
"USC00422592","08-14"," 37.7686","-111.5978","1770.9","ESCALANTE, UT US","08","14","99","    72.8"," ","S","28","    89.6"," ","S","28","    56.1"," ","S","29","    33.5"," ","S","28","     3.7"," ","S","28","     5.4"," ","S","28","     4.1"," ","S","29","     6.1"," ","S","28","     0.0","X","S","28","     0.0"," ","S","28","     0.0"," ","S","28","     0.0"," ","S","28","     0.0"," ","S","28","     0.0"," ","S","28","     0.0"," ","S","28","     7.8"," ","S","28","    32.8"," ","S","28","    27.8"," ","S","28","    22.8"," ","S","28","    17.8"," ","S","28","    15.8"," ","S","28","    12.8"," ","S","28","     3.3"," ","S","28","     1.9"," ","S","28","     7.8"," ","S","28","    32.8"," ","S","28","    27.8"," ","S","28","    22.8"," ","S","28","    17.8"," ","S","28","    15.8"," ","S","28","    12.8"," ","S","28","     3.3"," ","S","28","     1.9"," ","S","28","    22.6"," ","S","28","    20.7"," ","S","28","    30.3"," ","S","30","    14.0"," ","S","30","     7.1"," ","S","30","     2.9"," ","S","30","     0.3"," ","S","30","     0.0"," ","S","30","     0.0"," ","S","30","     0.0"," ","S","30","    0.03"," ","S","30","    0.08"," ","S","30","    0.23"," ","S","30","    0.77"," ","S","30","    5.95"," ","S","30","     0.0"," ","S","30","     0.0"," ","S","30","     0.0"," ","S","30","     0.0"," ","S","30","     0.0"," ","S","30","     0.0"," ","S","30","     0.0"," ","S","30","     0.0"," ","S","30"," -9999.0","M"," "," 0"," -9999.0","M"," "," 0"," -9999.0","M"," "," 0","     0.0"," ","S","30","    18.3"," ","S","30","     0.0"," ","S","30","     0.0"," ","S","30","     0.0"," ","S","30","     0.0"," ","S","30","     0.0"," ","S","30","     0.0"," ","S","30","     0.0"," ","S","30"," -9999.0","M"," "," 0"," -9999.0","M"," "," 0"," -9999.0","M"," "," 0"
"USC00422592","08-15"," 37.7686","-111.5978","1770.9","ESCALANTE, UT US","08","15","99","    72.7"," ","S","28","    89.4"," ","S","28","    55.9"," ","S","29","    33.5"," ","S","28","     3.7"," ","S","28","     5.4"," ","S","28","     4.1"," ","S","29","     6.1"," ","S","28","     0.0","X","S","28","     0.0"," ","S","28","     0.0"," ","S","28","     0.0"," ","S","28","     0.0"," ","S","28","     0.0"," ","S","28","     0.0","X","S","28","     7.7"," ","S","28","    32.6"," ","S","28","    27.6"," ","S","28","    22.6"," ","S","28","    17.6"," ","S","28","    15.6"," ","S","28","    12.6"," ","S","28","     3.2"," ","S","28","     1.8"," ","S","28","     7.7"," ","S","28","    32.6"," ","S","28","    27.6"," ","S","28","    22.6"," ","S","28","    17.6"," ","S","28","    15.6"," ","S","28","    12.6"," ","S","28","     3.2"," ","S","28","     1.8"," ","S","28","    22.5"," ","S","28","    20.6"," ","S","28","    30.3"," ","S","30","    13.9"," ","S","30","     7.0"," ","S","30","     2.8"," ","S","30","     0.3"," ","S","30","     0.0"," ","S","30","     0.0"," ","S","30","     0.0"," ","S","30","    0.03"," ","S","30","    0.08"," ","S","30","    0.23"," ","S","30","    0.83"," ","S","30","    6.01"," ","S","30","     0.0"," ","S","30","     0.0"," ","S","30","     0.0"," ","S","30","     0.0"," ","S","30","     0.0"," ","S","30","     0.0"," ","S","30","     0.0"," ","S","30","     0.0"," ","S","30"," -9999.0","M"," "," 0"," -9999.0","M"," "," 0"," -9999.0","M"," "," 0","     0.0"," ","S","30","    18.3"," ","S","30","     0.0"," ","S","30","     0.0"," ","S","30","     0.0"," ","S","30","     0.0"," ","S","30","     0.0"," ","S","30","     0.0"," ","S","30","     0.0"," ","S","30"," -9999.0","M"," "," 0"," -9999.0","M"," "," 0"," -9999.0","M"," "," 0"
"USC00422592","08-16"," 37.7686","-111.5978","1770.9","ESCALANTE, UT US","08","16","99","    72.5"," ","S","28","    89.2"," ","S","28","    55.7"," ","S","29","    33.5"," ","S","28","     3.7"," ","S","28","     5.4"," ","S","28","     4.2"," ","S","29","     6.1"," ","S","28","     0.0","X","S","28","     0.0"," ","S","28","     0.0"," ","S","28","     0.0"," ","S","28","     0.0"," ","S","28","     0.0"," ","S","28","     0.0","X","S","28","     7.5"," ","S","28","    32.5"," ","S","28","    27.5"," ","S","28","    22.5"," ","S","28","    17.5"," ","S","28","    15.5"," ","S","28","    12.5"," ","S","28","     3.1"," ","S","28","     1.7"," ","S","28","     7.5"," ","S","28","    32.5"," ","S","28","    27.5"," ","S","28","    22.5"," ","S","28","    17.5"," ","S","28","    15.5"," ","S","28","    12.5"," ","S","28","     3.1"," ","S","28","     1.7"," ","S","28","    22.4"," ","S","28","    20.5"," ","S","28","    30.3"," ","S","30","    13.9"," ","S","30","     7.0"," ","S","30","     2.8"," ","S","30","     0.3"," ","S","30","     0.0"," ","S","30","     0.0"," ","S","30","     0.0"," ","S","30","    0.03"," ","S","30","    0.08"," ","S","30","    0.23"," ","S","30","    0.88"," ","S","30","    6.06"," ","S","30","     0.0"," ","S","30","     0.0"," ","S","30","     0.0"," ","S","30","     0.0"," ","S","30","     0.0"," ","S","30","     0.0"," ","S","30","     0.0"," ","S","30","     0.0"," ","S","30"," -9999.0","M"," "," 0"," -9999.0","M"," "," 0"," -9999.0","M"," "," 0","     0.0"," ","S","30","    18.3"," ","S","30","     0.0"," ","S","30","     0.0"," ","S","30","     0.0"," ","S","30","     0.0"," ","S","30","     0.0"," ","S","30","     0.0"," ","S","30","     0.0"," ","S","30"," -9999.0","M"," "," 0"," -9999.0","M"," "," 0"," -9999.0","M"," "," 0"
"USC00422592","08-17"," 37.7686","-111.5978","1770.9","ESCALANTE, UT US","08","17","99","    72.3"," ","S","28","    89.0"," ","S","28","    55.6"," ","S","29","    33.5"," ","S","28","     3.8"," ","S","28","     5.4"," ","S","28","     4.2"," ","S","29","     6.1"," ","S","28","     0.0","X","S","28","     0.0"," ","S","28","     0.0"," ","S","28","     0.0"," ","S","28","     0.0"," ","S","28","     0.0"," ","S","28","     0.0","X","S","28","     7.3"," ","S","28","    32.3"," ","S","28","    27.3"," ","S","28","    22.3"," ","S","28","    17.3"," ","S","28","    15.3"," ","S","28","    12.3"," ","S","28","     3.0"," ","S","28","     1.6"," ","S","28","     7.3"," ","S","28","    32.3"," ","S","28","    27.3"," ","S","28","    22.3"," ","S","28","    17.3"," ","S","28","    15.3"," ","S","28","    12.3"," ","S","28","     3.0"," ","S","28","     1.6"," ","S","28","    22.3"," ","S","28","    20.4"," ","S","28","    30.2"," ","S","30","    13.9"," ","S","30","     7.0"," ","S","30","     2.8"," ","S","30","     0.3"," ","S","30","     0.0"," ","S","30","     0.0"," ","S","30","     0.0"," ","S","30","    0.03"," ","S","30","    0.08"," ","S","30","    0.23"," ","S","30","    0.94"," ","S","30","    6.12"," ","S","30","     0.0"," ","S","30","     0.0"," ","S","30","     0.0"," ","S","30","     0.0"," ","S","30","     0.0"," ","S","30","     0.0"," ","S","30","     0.0"," ","S","30","     0.0"," ","S","30"," -9999.0","M"," "," 0"," -9999.0","M"," "," 0"," -9999.0","M"," "," 0","     0.0"," ","S","30","    18.3"," ","S","30","     0.0"," ","S","30","     0.0"," ","S","30","     0.0"," ","S","30","     0.0"," ","S","30","     0.0"," ","S","30","     0.0"," ","S","30","     0.0"," ","S","30"," -9999.0","M"," "," 0"," -9999.0","M"," "," 0"," -9999.0","M"," "," 0"
"USC00422592","08-18"," 37.7686","-111.5978","1770.9","ESCALANTE, UT US","08","18","99","    72.1"," ","S","28","    88.8"," ","S","28","    55.4"," ","S","29","    33.5"," ","S","28","     3.8"," ","S","28","     5.5"," ","S","28","     4.2"," ","S","29","     6.1"," ","S","28","     0.1"," ","S","28","     0.0"," ","S","28","     0.0"," ","S","28","     0.0"," ","S","28","     0.0"," ","S","28","     0.0"," ","S","28","     0.0","X","S","28","     7.2"," ","S","28","    32.1"," ","S","28","    27.1"," ","S","28","    22.1"," ","S","28","    17.1"," ","S","28","    15.1"," ","S","28","    12.1"," ","S","28","     2.8"," ","S","28","     1.6"," ","S","28","     7.2"," ","S","28","    32.1"," ","S","28","    27.1"," ","S","28","    22.1"," ","S","28","    17.1"," ","S","28","    15.1"," ","S","28","    12.1"," ","S","28","     2.8"," ","S","28","     1.6"," ","S","28","    22.2"," ","S","28","    20.3"," ","S","28","    30.2"," ","S","30","    13.9"," ","S","30","     7.0"," ","S","30","     2.7"," ","S","30","     0.3"," ","S","30","     0.0"," ","S","30","     0.0"," ","S","30","     0.0"," ","S","30","    0.03"," ","S","30","    0.08"," ","S","30","    0.23"," ","S","30","    0.99"," ","S","30","    6.17"," ","S","30","     0.0"," ","S","30","     0.0"," ","S","30","     0.0"," ","S","30","     0.0"," ","S","30","     0.0"," ","S","30","     0.0"," ","S","30","     0.0"," ","S","30","     0.0"," ","S","30"," -9999.0","M"," "," 0"," -9999.0","M"," "," 0"," -9999.0","M"," "," 0","     0.0"," ","S","30","    18.3"," ","S","30","     0.0"," ","S","30","     0.0"," ","S","30","     0.0"," ","S","30","     0.0"," ","S","30","     0.0"," ","S","30","     0.0"," ","S","30","     0.0"," ","S","30"," -9999.0","M"," "," 0"," -9999.0","M"," "," 0"," -9999.0","M"," "," 0"
"USC00422592","08-19"," 37.7686","-111.5978","1770.9","ESCALANTE, UT US","08","19","99","    71.9"," ","S","28","    88.7"," ","S","28","    55.2"," ","S","29","    33.5"," ","S","28","     3.8"," ","S","28","     5.5"," ","S","28","     4.2"," ","S","29","     6.2"," ","S","28","     0.1"," ","S","28","     0.0"," ","S","28","     0.0"," ","S","28","     0.0"," ","S","28","     0.0"," ","S","28","     0.0"," ","S","28","     0.0","X","S","28","     7.0"," ","S","28","    31.9"," ","S","28","    26.9"," ","S","28","    21.9"," ","S","28","    16.9"," ","S","28","    14.9"," ","S","28","    11.9"," ","S","28","     2.7"," ","S","28","     1.5"," ","S","28","     7.0"," ","S","28","    31.9"," ","S","28","    26.9"," ","S","28","    21.9"," ","S","28","    16.9"," ","S","28","    14.9"," ","S","28","    11.9"," ","S","28","     2.7"," ","S","28","     1.5"," ","S","28","    22.0"," ","S","28","    20.1"," ","S","28","    30.2"," ","S","30","    13.9"," ","S","30","     7.0"," ","S","30","     2.7"," ","S","30","     0.3"," ","S","30","     0.0"," ","S","30","     0.0"," ","S","30","     0.0"," ","S","30","    0.03"," ","S","30","    0.08"," ","S","30","    0.23"," ","S","30","    1.04"," ","S","30","    6.22"," ","S","30","     0.0"," ","S","30","     0.0"," ","S","30","     0.0"," ","S","30","     0.0"," ","S","30","     0.0"," ","S","30","     0.0"," ","S","30","     0.0"," ","S","30","     0.0"," ","S","30"," -9999.0","M"," "," 0"," -9999.0","M"," "," 0"," -9999.0","M"," "," 0","     0.0"," ","S","30","    18.3"," ","S","30","     0.0"," ","S","30","     0.0"," ","S","30","     0.0"," ","S","30","     0.0"," ","S","30","     0.0"," ","S","30","     0.0"," ","S","30","     0.0"," ","S","30"," -9999.0","M"," "," 0"," -9999.0","M"," "," 0"," -9999.0","M"," "," 0"
"USC00422592","08-20"," 37.7686","-111.5978","1770.9","ESCALANTE, UT US","08","20","99","    71.7"," ","S","28","    88.5"," ","S","28","    55.0"," ","S","29","    33.5"," ","S","28","     3.9"," ","S","28","     5.5"," ","S","28","     4.3"," ","S","29","     6.2"," ","S","28","     0.1"," ","S","28","     0.0"," ","S","28","     0.0"," ","S","28","     0.0"," ","S","28","     0.0"," ","S","28","     0.0"," ","S","28","     0.0","X","S","28","     6.8"," ","S","28","    31.7"," ","S","28","    26.7"," ","S","28","    21.7"," ","S","28","    16.7"," ","S","28","    14.7"," ","S","28","    11.7"," ","S","28","     2.6"," ","S","28","     1.4"," ","S","28","     6.8"," ","S","28","    31.7"," ","S","28","    26.7"," ","S","28","    21.7"," ","S","28","    16.7"," ","S","28","    14.7"," ","S","28","    11.7"," ","S","28","     2.6"," ","S","28","     1.4"," ","S","28","    21.9"," ","S","28","    20.0"," ","S","28","    30.1"," ","S","30","    13.8"," ","S","30","     7.0"," ","S","30","     2.7"," ","S","30","     0.3"," ","S","30","     0.0"," ","S","30","     0.0"," ","S","30","     0.0"," ","S","30","    0.03"," ","S","30","    0.08"," ","S","30","    0.23"," ","S","30","    1.09"," ","S","30","    6.27"," ","S","30","     0.0"," ","S","30","     0.0"," ","S","30","     0.0"," ","S","30","     0.0"," ","S","30","     0.0"," ","S","30","     0.0"," ","S","30","     0.0"," ","S","30","     0.0"," ","S","30"," -9999.0","M"," "," 0"," -9999.0","M"," "," 0"," -9999.0","M"," "," 0","     0.0"," ","S","30","    18.3"," ","S","30","     0.0"," ","S","30","     0.0"," ","S","30","     0.0"," ","S","30","     0.0"," ","S","30","     0.0"," ","S","30","     0.0"," ","S","30","     0.0"," ","S","30"," -9999.0","M"," "," 0"," -9999.0","M"," "," 0"," -9999.0","M"," "," 0"
"USC00422592","08-21"," 37.7686","-111.5978","1770.9","ESCALANTE, UT US","08","21","99","    71.5"," ","S","28","    88.3"," ","S","28","    54.8"," ","S","29","    33.5"," ","S","28","     3.9"," ","S","28","     5.6"," ","S","28","     4.3"," ","S","29","     6.2"," ","S","28","     0.1"," ","S","28","     0.0"," ","S","28","     0.0"," ","S","28","     0.0"," ","S","28","     0.0"," ","S","28","     0.0"," ","S","28","     0.0","X","S","28","     6.7"," ","S","28","    31.5"," ","S","28","    26.5"," ","S","28","    21.5"," ","S","28","    16.5"," ","S","28","    14.5"," ","S","28","    11.5"," ","S","28","     2.5"," ","S","28","     1.3"," ","S","28","     6.7"," ","S","28","    31.5"," ","S","28","    26.5"," ","S","28","    21.5"," ","S","28","    16.5"," ","S","28","    14.5"," ","S","28","    11.5"," ","S","28","     2.5"," ","S","28","     1.3"," ","S","28","    21.8"," ","S","28","    19.9"," ","S","28","    30.0"," ","S","30","    13.8"," ","S","30","     7.0"," ","S","30","     2.7"," ","S","30","     0.3"," ","S","30","     0.0"," ","S","30","     0.0"," ","S","30","     0.0"," ","S","30","    0.03"," ","S","30","    0.08"," ","S","30","    0.23"," ","S","30","    1.14"," ","S","30","    6.32"," ","S","30","     0.0"," ","S","30","     0.0"," ","S","30","     0.0"," ","S","30","     0.0"," ","S","30","     0.0"," ","S","30","     0.0"," ","S","30","     0.0"," ","S","30","     0.0"," ","S","30"," -9999.0","M"," "," 0"," -9999.0","M"," "," 0"," -9999.0","M"," "," 0","     0.0"," ","S","30","    18.3"," ","S","30","     0.0"," ","S","30","     0.0"," ","S","30","     0.0"," ","S","30","     0.0"," ","S","30","     0.0"," ","S","30","     0.0"," ","S","30","     0.0"," ","S","30"," -9999.0","M"," "," 0"," -9999.0","M"," "," 0"," -9999.0","M"," "," 0"
"USC00422592","08-22"," 37.7686","-111.5978","1770.9","ESCALANTE, UT US","08","22","99","    71.3"," ","S","28","    88.1"," ","S","28","    54.5"," ","S","29","    33.6"," ","S","28","     3.9"," ","S","28","     5.6"," ","S","28","     4.3"," ","S","29","     6.2"," ","S","28","     0.1"," ","S","28","     0.0"," ","S","28","     0.0"," ","S","28","     0.0"," ","S","28","     0.0"," ","S","28","     0.0"," ","S","28","     0.0","X","S","28","     6.5"," ","S","28","    31.3"," ","S","28","    26.3"," ","S","28","    21.3"," ","S","28","    16.3"," ","S","28","    14.3"," ","S","28","    11.3"," ","S","28","     2.3"," ","S","28","     1.2"," ","S","28","     6.5"," ","S","28","    31.3"," ","S","28","    26.3"," ","S","28","    21.3"," ","S","28","    16.3"," ","S","28","    14.3"," ","S","28","    11.3"," ","S","28","     2.3"," ","S","28","     1.2"," ","S","28","    21.7"," ","S","28","    19.8"," ","S","28","    29.9"," ","S","30","    13.8"," ","S","30","     7.0"," ","S","30","     2.7"," ","S","30","     0.3"," ","S","30","     0.0"," ","S","30","     0.0"," ","S","30","     0.0"," ","S","30","    0.03"," ","S","30","    0.08"," ","S","30","    0.23"," ","S","30","    1.18"," ","S","30","    6.36"," ","S","30","     0.0"," ","S","30","     0.0"," ","S","30","     0.0"," ","S","30","     0.0"," ","S","30","     0.0"," ","S","30","     0.0"," ","S","30","     0.0"," ","S","30","     0.0"," ","S","30"," -9999.0","M"," "," 0"," -9999.0","M"," "," 0"," -9999.0","M"," "," 0","     0.0"," ","S","30","    18.3"," ","S","30","     0.0"," ","S","30","     0.0"," ","S","30","     0.0"," ","S","30","     0.0"," ","S","30","     0.0"," ","S","30","     0.0"," ","S","30","     0.0"," ","S","30"," -9999.0","M"," "," 0"," -9999.0","M"," "," 0"," -9999.0","M"," "," 0"
"USC00422592","08-23"," 37.7686","-111.5978","1770.9","ESCALANTE, UT US","08","23","99","    71.1"," ","S","28","    87.9"," ","S","28","    54.3"," ","S","29","    33.6"," ","S","28","     3.9"," ","S","28","     5.6"," ","S","28","     4.4"," ","S","29","     6.3"," ","S","28","     0.2"," ","S","28","     0.0"," ","S","28","     0.0"," ","S","28","     0.0"," ","S","28","     0.0"," ","S","28","     0.0","X","S","28","     0.0","X","S","28","     6.3"," ","S","28","    31.1"," ","S","28","    26.1"," ","S","28","    21.1"," ","S","28","    16.1"," ","S","28","    14.1"," ","S","28","    11.1"," ","S","28","     2.2"," ","S","28","     1.1"," ","S","28","     6.3"," ","S","28","    31.1"," ","S","28","    26.1"," ","S","28","    21.1"," ","S","28","    16.1"," ","S","28","    14.1"," ","S","28","    11.1"," ","S","28","     2.2"," ","S","28","     1.1"," ","S","28","    21.5"," ","S","28","    19.6"," ","S","28","    29.6"," ","S","30","    13.7"," ","S","30","     7.0"," ","S","30","     2.7"," ","S","30","     0.3"," ","S","30","     0.0"," ","S","30","     0.0"," ","S","30","     0.0"," ","S","30","    0.03"," ","S","30","    0.08"," ","S","30","    0.23"," ","S","30","    1.23"," ","S","30","    6.41"," ","S","30","     0.0"," ","S","30","     0.0"," ","S","30","     0.0"," ","S","30","     0.0"," ","S","30","     0.0"," ","S","30","     0.0"," ","S","30","     0.0"," ","S","30","     0.0"," ","S","30"," -9999.0","M"," "," 0"," -9999.0","M"," "," 0"," -9999.0","M"," "," 0","     0.0"," ","S","30","    18.3"," ","S","30","     0.0"," ","S","30","     0.0"," ","S","30","     0.0"," ","S","30","     0.0"," ","S","30","     0.0"," ","S","30","     0.0"," ","S","30","     0.0"," ","S","30"," -9999.0","M"," "," 0"," -9999.0","M"," "," 0"," -9999.0","M"," "," 0"
"USC00422592","08-24"," 37.7686","-111.5978","1770.9","ESCALANTE, UT US","08","24","99","    70.9"," ","S","28","    87.7"," ","S","28","    54.1"," ","S","29","    33.6"," ","S","28","     3.9"," ","S","28","     5.7"," ","S","28","     4.4"," ","S","29","     6.3"," ","S","28","     0.2"," ","S","28","     0.0"," ","S","28","     0.0"," ","S","28","     0.0"," ","S","28","     0.0"," ","S","28","     0.0","X","S","28","     0.0","X","S","28","     6.1"," ","S","28","    30.9"," ","S","28","    25.9"," ","S","28","    20.9"," ","S","28","    15.9"," ","S","28","    13.9"," ","S","28","    10.9"," ","S","28","     2.1"," ","S","28","     1.0"," ","S","28","     6.1"," ","S","28","    30.9"," ","S","28","    25.9"," ","S","28","    20.9"," ","S","28","    15.9"," ","S","28","    13.9"," ","S","28","    10.9"," ","S","28","     2.1"," ","S","28","     1.0"," ","S","28","    21.4"," ","S","28","    19.5"," ","S","28","    29.4"," ","S","30","    13.6"," ","S","30","     7.0"," ","S","30","     2.7"," ","S","30","     0.3"," ","S","30","     0.0"," ","S","30","     0.0"," ","S","30","     0.0"," ","S","30","    0.03"," ","S","30","    0.08"," ","S","30","    0.24"," ","S","30","    1.28"," ","S","30","    6.46"," ","S","30","     0.0"," ","S","30","     0.0"," ","S","30","     0.0"," ","S","30","     0.0"," ","S","30","     0.0"," ","S","30","     0.0"," ","S","30","     0.0"," ","S","30","     0.0"," ","S","30"," -9999.0","M"," "," 0"," -9999.0","M"," "," 0"," -9999.0","M"," "," 0","     0.0"," ","S","30","    18.3"," ","S","30","     0.0"," ","S","30","     0.0"," ","S","30","     0.0"," ","S","30","     0.0"," ","S","30","     0.0"," ","S","30","     0.0"," ","S","30","     0.0"," ","S","30"," -9999.0","M"," "," 0"," -9999.0","M"," "," 0"," -9999.0","M"," "," 0"
"USC00422592","08-25"," 37.7686","-111.5978","1770.9","ESCALANTE, UT US","08","25","99","    70.7"," ","S","28","    87.5"," ","S","28","    53.9"," ","S","29","    33.6"," ","S","28","     4.0"," ","S","28","     5.7"," ","S","28","     4.4"," ","S","29","     6.4"," ","S","28","     0.2"," ","S","28","     0.0"," ","S","28","     0.0"," ","S","28","     0.0"," ","S","28","     0.0"," ","S","28","     0.0","X","S","28","     0.0","X","S","28","     5.9"," ","S","28","    30.7"," ","S","28","    25.7"," ","S","28","    20.7"," ","S","28","    15.7"," ","S","28","    13.7"," ","S","28","    10.7"," ","S","28","     1.9"," ","S","28","     0.9"," ","S","28","     5.9"," ","S","28","    30.7"," ","S","28","    25.7"," ","S","28","    20.7"," ","S","28","    15.7"," ","S","28","    13.7"," ","S","28","    10.7"," ","S","28","     1.9"," ","S","28","     0.9"," ","S","28","    21.2"," ","S","28","    19.3"," ","S","28","    29.2"," ","S","30","    13.6"," ","S","30","     7.0"," ","S","30","     2.7"," ","S","30","     0.3"," ","S","30","     0.0"," ","S","30","     0.0"," ","S","30","     0.0"," ","S","30","    0.03"," ","S","30","    0.08"," ","S","30","    0.24"," ","S","30","    1.33"," ","S","30","    6.51"," ","S","30","     0.0"," ","S","30","     0.0"," ","S","30","     0.0"," ","S","30","     0.0"," ","S","30","     0.0"," ","S","30","     0.0"," ","S","30","     0.0"," ","S","30","     0.0"," ","S","30"," -9999.0","M"," "," 0"," -9999.0","M"," "," 0"," -9999.0","M"," "," 0","     0.0"," ","S","30","    18.3"," ","S","30","     0.0"," ","S","30","     0.0"," ","S","30","     0.0"," ","S","30","     0.0"," ","S","30","     0.0"," ","S","30","     0.0"," ","S","30","     0.0"," ","S","30"," -9999.0","M"," "," 0"," -9999.0","M"," "," 0"," -9999.0","M"," "," 0"
"USC00422592","08-26"," 37.7686","-111.5978","1770.9","ESCALANTE, UT US","08","26","99","    70.5"," ","S","28","    87.3"," ","S","28","    53.6"," ","S","29","    33.7"," ","S","28","     4.0"," ","S","28","     5.7"," ","S","28","     4.4"," ","S","29","     6.4"," ","S","28","     0.3"," ","S","28","     0.0"," ","S","28","     0.0"," ","S","28","     0.0"," ","S","28","     0.0"," ","S","28","     0.0","X","S","28","     0.0","X","S","28","     5.7"," ","S","28","    30.5"," ","S","28","    25.5"," ","S","28","    20.5"," ","S","28","    15.5"," ","S","28","    13.5"," ","S","28","    10.5"," ","S","28","     1.8"," ","S","28","     0.9"," ","S","28","     5.7"," ","S","28","    30.5"," ","S","28","    25.5"," ","S","28","    20.5"," ","S","28","    15.5"," ","S","28","    13.5"," ","S","28","    10.5"," ","S","28","     1.8"," ","S","28","     0.9"," ","S","28","    21.1"," ","S","28","    19.2"," ","S","28","    28.9"," ","S","30","    13.5"," ","S","30","     7.1"," ","S","30","     2.7"," ","S","30","     0.3"," ","S","30","     0.0"," ","S","30","     0.0"," ","S","30","     0.0"," ","S","30","    0.03"," ","S","30","    0.08"," ","S","30","    0.24"," ","S","30","    1.38"," ","S","30","    6.56"," ","S","30","     0.0"," ","S","30","     0.0"," ","S","30","     0.0"," ","S","30","     0.0"," ","S","30","     0.0"," ","S","30","     0.0"," ","S","30","     0.0"," ","S","30","     0.0"," ","S","30"," -9999.0","M"," "," 0"," -9999.0","M"," "," 0"," -9999.0","M"," "," 0","     0.0"," ","S","30","    18.3"," ","S","30","     0.0"," ","S","30","     0.0"," ","S","30","     0.0"," ","S","30","     0.0"," ","S","30","     0.0"," ","S","30","     0.0"," ","S","30","     0.0"," ","S","30"," -9999.0","M"," "," 0"," -9999.0","M"," "," 0"," -9999.0","M"," "," 0"
"USC00422592","08-27"," 37.7686","-111.5978","1770.9","ESCALANTE, UT US","08","27","99","    70.2"," ","S","28","    87.1"," ","S","28","    53.4"," ","S","29","    33.7"," ","S","28","     4.0"," ","S","28","     5.8"," ","S","28","     4.5"," ","S","29","     6.4"," ","S","28","     0.3"," ","S","28","     0.0"," ","S","28","     0.0"," ","S","28","     0.0"," ","S","28","     0.0"," ","S","28","     0.0","X","S","28","     0.0","X","S","28","     5.5"," ","S","28","    30.2"," ","S","28","    25.2"," ","S","28","    20.2"," ","S","28","    15.2"," ","S","28","    13.2"," ","S","28","    10.3"," ","S","28","     1.7"," ","S","28","     0.8"," ","S","28","     5.5"," ","S","28","    30.2"," ","S","28","    25.2"," ","S","28","    20.2"," ","S","28","    15.2"," ","S","28","    13.2"," ","S","28","    10.3"," ","S","28","     1.7"," ","S","28","     0.8"," ","S","28","    20.9"," ","S","28","    19.1"," ","S","28","    28.6"," ","S","30","    13.4"," ","S","30","     7.1"," ","S","30","     2.7"," ","S","30","     0.3"," ","S","30","     0.0"," ","S","30","     0.0"," ","S","30","     0.0"," ","S","30","    0.03"," ","S","30","    0.08"," ","S","30","    0.25"," ","S","30","    1.43"," ","S","30","    6.61"," ","S","30","     0.0"," ","S","30","     0.0"," ","S","30","     0.0"," ","S","30","     0.0"," ","S","30","     0.0"," ","S","30","     0.0"," ","S","30","     0.0"," ","S","30","     0.0"," ","S","30"," -9999.0","M"," "," 0"," -9999.0","M"," "," 0"," -9999.0","M"," "," 0","     0.0"," ","S","30","    18.3"," ","S","30","     0.0"," ","S","30","     0.0"," ","S","30","     0.0"," ","S","30","     0.0"," ","S","30","     0.0"," ","S","30","     0.0"," ","S","30","     0.0"," ","S","30"," -9999.0","M"," "," 0"," -9999.0","M"," "," 0"," -9999.0","M"," "," 0"
"USC00422592","08-28"," 37.7686","-111.5978","1770.9","ESCALANTE, UT US","08","28","99","    70.0"," ","S","28","    86.9"," ","S","28","    53.1"," ","S","29","    33.7"," ","S","28","     4.1"," ","S","28","     5.8"," ","S","28","     4.5"," ","S","29","     6.5"," ","S","28","     0.3"," ","S","28","     0.0"," ","S","28","     0.0"," ","S","28","     0.0"," ","S","28","     0.0"," ","S","28","     0.0","X","S","28","     0.0","X","S","28","     5.3"," ","S","28","    30.0"," ","S","28","    25.0"," ","S","28","    20.0"," ","S","28","    15.0"," ","S","28","    13.0"," ","S","28","    10.0"," ","S","28","     1.6"," ","S","28","     0.7"," ","S","28","     5.3"," ","S","28","    30.0"," ","S","28","    25.0"," ","S","28","    20.0"," ","S","28","    15.0"," ","S","28","    13.0"," ","S","28","    10.0"," ","S","28","     1.6"," ","S","28","     0.7"," ","S","28","    20.8"," ","S","28","    18.9"," ","S","28","    28.3"," ","S","30","    13.3"," ","S","30","     7.0"," ","S","30","     2.6"," ","S","30","     0.3"," ","S","30","     0.0"," ","S","30","     0.0"," ","S","30","     0.0"," ","S","30","    0.03"," ","S","30","    0.08"," ","S","30","    0.25"," ","S","30","    1.48"," ","S","30","    6.66"," ","S","30","     0.0"," ","S","30","     0.0"," ","S","30","     0.0"," ","S","30","     0.0"," ","S","30","     0.0"," ","S","30","     0.0"," ","S","30","     0.0"," ","S","30","     0.0"," ","S","30"," -9999.0","M"," "," 0"," -9999.0","M"," "," 0"," -9999.0","M"," "," 0","     0.0"," ","S","30","    18.3"," ","S","30","     0.0"," ","S","30","     0.0"," ","S","30","     0.0"," ","S","30","     0.0"," ","S","30","     0.0"," ","S","30","     0.0"," ","S","30","     0.0"," ","S","30"," -9999.0","M"," "," 0"," -9999.0","M"," "," 0"," -9999.0","M"," "," 0"
"USC00422592","08-29"," 37.7686","-111.5978","1770.9","ESCALANTE, UT US","08","29","99","    69.8"," ","S","28","    86.7"," ","S","28","    52.9"," ","S","29","    33.8"," ","S","28","     4.1"," ","S","28","     5.9"," ","S","28","     4.5"," ","S","29","     6.5"," ","S","28","     0.4"," ","S","28","     0.0"," ","S","28","     0.0"," ","S","28","     0.0"," ","S","28","     0.0"," ","S","28","     0.0","X","S","28","     0.0","X","S","28","     5.1"," ","S","28","    29.8"," ","S","28","    24.8"," ","S","28","    19.8"," ","S","28","    14.8"," ","S","28","    12.8"," ","S","28","     9.8"," ","S","28","     1.5"," ","S","28","     0.7"," ","S","28","     5.1"," ","S","28","    29.8"," ","S","28","    24.8"," ","S","28","    19.8"," ","S","28","    14.8"," ","S","28","    12.8"," ","S","28","     9.8"," ","S","28","     1.5"," ","S","28","     0.7"," ","S","28","    20.6"," ","S","28","    18.8"," ","S","28","    27.9"," ","S","30","    13.1"," ","S","30","     7.0"," ","S","30","     2.6"," ","S","30","     0.3"," ","S","30","     0.0"," ","S","30","     0.0"," ","S","30","     0.0"," ","S","30","    0.03"," ","S","30","    0.08"," ","S","30","    0.25"," ","S","30","    1.53"," ","S","30","    6.71"," ","S","30","     0.0"," ","S","30","     0.0"," ","S","30","     0.0"," ","S","30","     0.0"," ","S","30","     0.0"," ","S","30","     0.0"," ","S","30","     0.0"," ","S","30","     0.0"," ","S","30"," -9999.0","M"," "," 0"," -9999.0","M"," "," 0"," -9999.0","M"," "," 0","     0.0"," ","S","30","    18.3"," ","S","30","     0.0"," ","S","30","     0.0"," ","S","30","     0.0"," ","S","30","     0.0"," ","S","30","     0.0"," ","S","30","     0.0"," ","S","30","     0.0"," ","S","30"," -9999.0","M"," "," 0"," -9999.0","M"," "," 0"," -9999.0","M"," "," 0"
"USC00422592","08-30"," 37.7686","-111.5978","1770.9","ESCALANTE, UT US","08","30","99","    69.5"," ","S","28","    86.4"," ","S","28","    52.6"," ","S","29","    33.8"," ","S","28","     4.1"," ","S","28","     5.9"," ","S","28","     4.6"," ","S","29","     6.5"," ","S","28","     0.4"," ","S","28","     0.0"," ","S","28","     0.0"," ","S","28","     0.0"," ","S","28","     0.0"," ","S","28","     0.0","X","S","28","     0.0","X","S","28","     4.9"," ","S","28","    29.5"," ","S","28","    24.5"," ","S","28","    19.5"," ","S","28","    14.5"," ","S","28","    12.5"," ","S","28","     9.6"," ","S","28","     1.4"," ","S","28","     0.6"," ","S","28","     4.9"," ","S","28","    29.5"," ","S","28","    24.5"," ","S","28","    19.5"," ","S","28","    14.5"," ","S","28","    12.5"," ","S","28","     9.6"," ","S","28","     1.4"," ","S","28","     0.6"," ","S","28","    20.5"," ","S","28","    18.7"," ","S","28","    27.5"," ","S","30","    13.0"," ","S","30","     7.0"," ","S","30","     2.6"," ","S","30","     0.3"," ","S","30","     0.0"," ","S","30","     0.0"," ","S","30","     0.0"," ","S","30","    0.03"," ","S","30","    0.08"," ","S","30","    0.26"," ","S","30","    1.58"," ","S","30","    6.76"," ","S","30","     0.0"," ","S","30","     0.0"," ","S","30","     0.0"," ","S","30","     0.0"," ","S","30","     0.0"," ","S","30","     0.0"," ","S","30","     0.0"," ","S","30","     0.0"," ","S","30"," -9999.0","M"," "," 0"," -9999.0","M"," "," 0"," -9999.0","M"," "," 0","     0.0"," ","S","30","    18.3"," ","S","30","     0.0"," ","S","30","     0.0"," ","S","30","     0.0"," ","S","30","     0.0"," ","S","30","     0.0"," ","S","30","     0.0"," ","S","30","     0.0"," ","S","30"," -9999.0","M"," "," 0"," -9999.0","M"," "," 0"," -9999.0","M"," "," 0"
"USC00422592","08-31"," 37.7686","-111.5978","1770.9","ESCALANTE, UT US","08","31","99","    69.3"," ","S","28","    86.2"," ","S","28","    52.4"," ","S","29","    33.8"," ","S","28","     4.2"," ","S","28","     5.9"," ","S","28","     4.6"," ","S","29","     6.6"," ","S","28","     0.4"," ","S","28","     0.0"," ","S","28","     0.0"," ","S","28","     0.0"," ","S","28","     0.0"," ","S","28","     0.0","X","S","28","     0.1"," ","S","28","     4.7"," ","S","28","    29.3"," ","S","28","    24.3"," ","S","28","    19.3"," ","S","28","    14.3"," ","S","28","    12.3"," ","S","28","     9.3"," ","S","28","     1.3"," ","S","28","     0.6"," ","S","28","     4.7"," ","S","28","    29.3"," ","S","28","    24.3"," ","S","28","    19.3"," ","S","28","    14.3"," ","S","28","    12.3"," ","S","28","     9.3"," ","S","28","     1.3"," ","S","28","     0.6"," ","S","28","    20.3"," ","S","28","    18.5"," ","S","28","    27.2"," ","S","30","    12.8"," ","S","30","     6.9"," ","S","30","     2.6"," ","S","30","     0.3"," ","S","30","     0.0"," ","S","30","     0.0"," ","S","30","     0.0"," ","S","30","    0.03"," ","S","30","    0.08"," ","S","30","    0.26"," ","S","30","    1.64"," ","S","30","    6.82"," ","S","30","     0.0"," ","S","30","     0.0"," ","S","30","     0.0"," ","S","30","     0.0"," ","S","30","     0.0"," ","S","30","     0.0"," ","S","30","     0.0"," ","S","30","     0.0"," ","S","30"," -9999.0","M"," "," 0"," -9999.0","M"," "," 0"," -9999.0","M"," "," 0","     0.0"," ","S","30","    18.3"," ","S","30","     0.0"," ","S","30","     0.0"," ","S","30","     0.0"," ","S","30","     0.0"," ","S","30","     0.0"," ","S","30","     0.0"," ","S","30","     0.0"," ","S","30"," -9999.0","M"," "," 0"," -9999.0","M"," "," 0"," -9999.0","M"," "," 0"
"USC00422592","09-01"," 37.7686","-111.5978","1770.9","ESCALANTE, UT US","09","01","99","    69.0"," ","S","28","    86.0"," ","S","28","    52.1"," ","S","29","    33.9"," ","S","28","     4.2"," ","S","28","     6.0"," ","S","28","     4.6"," ","S","29","     6.6"," ","S","28","     0.4"," ","S","28","     0.0"," ","S","28","     0.0"," ","S","28","     0.0","X","S","28","     0.0","X","S","28","     0.0","X","S","28","     0.1"," ","S","28","     4.5"," ","S","28","    29.0"," ","S","28","    24.0"," ","S","28","    19.0"," ","S","28","    14.0"," ","S","28","    12.0"," ","S","28","     9.1"," ","S","28","     1.2"," ","S","28","     0.5"," ","S","28","     4.5"," ","S","28","    29.0"," ","S","28","    24.0"," ","S","28","    19.0"," ","S","28","    14.0"," ","S","28","    12.0"," ","S","28","     9.1"," ","S","28","     1.2"," ","S","28","     0.5"," ","S","28","    20.1"," ","S","28","    18.4"," ","S","28","    26.8"," ","S","30","    12.7"," ","S","30","     6.8"," ","S","30","     2.6"," ","S","30","     0.3"," ","S","30","     0.1"," ","S","30","     0.0"," ","S","30","     0.0"," ","S","30","    0.03"," ","S","30","    0.09"," ","S","30","    0.26"," ","S","30","    0.05"," ","S","30","    6.87"," ","S","30","     0.0"," ","S","30","     0.0"," ","S","30","     0.0"," ","S","30","     0.0"," ","S","30","     0.0"," ","S","30","     0.0"," ","S","30","     0.0"," ","S","30","     0.0"," ","S","30"," -9999.0","M"," "," 0"," -9999.0","M"," "," 0"," -9999.0","M"," "," 0","     0.0"," ","S","30","    18.3"," ","S","30","     0.0"," ","S","30","     0.0"," ","S","30","     0.0"," ","S","30","     0.0"," ","S","30","     0.0"," ","S","30","     0.0"," ","S","30","     0.0"," ","S","30"," -9999.0","M"," "," 0"," -9999.0","M"," "," 0"," -9999.0","M"," "," 0"
"USC00422592","09-02"," 37.7686","-111.5978","1770.9","ESCALANTE, UT US","09","02","99","    68.8"," ","S","28","    85.7"," ","S","28","    51.8"," ","S","29","    33.9"," ","S","28","     4.2"," ","S","28","     6.0"," ","S","28","     4.7"," ","S","29","     6.7"," ","S","28","     0.5"," ","S","28","     0.0"," ","S","28","     0.0"," ","S","28","     0.0","X","S","28","     0.0","X","S","28","     0.0","X","S","28","     0.1"," ","S","28","     4.2"," ","S","28","    28.8"," ","S","28","    23.8"," ","S","28","    18.8"," ","S","28","    13.8"," ","S","28","    11.8"," ","S","28","     8.8"," ","S","28","     1.0"," ","S","28","     0.4"," ","S","28","     4.2"," ","S","28","    28.8"," ","S","28","    23.8"," ","S","28","    18.8"," ","S","28","    13.8"," ","S","28","    11.8"," ","S","28","     8.8"," ","S","28","     1.0"," ","S","28","     0.4"," ","S","28","    20.0"," ","S","28","    18.2"," ","S","28","    26.4"," ","S","30","    12.5"," ","S","30","     6.7"," ","S","30","     2.6"," ","S","30","     0.3"," ","S","30","     0.1"," ","S","30","     0.0"," ","S","30","     0.0"," ","S","30","    0.03"," ","S","30","    0.09"," ","S","30","    0.26"," ","S","30","    0.10"," ","S","30","    6.92"," ","S","30","     0.0"," ","S","30","     0.0"," ","S","30","     0.0"," ","S","30","     0.0"," ","S","30","     0.0"," ","S","30","     0.0"," ","S","30","     0.0"," ","S","30","     0.0"," ","S","30"," -9999.0","M"," "," 0"," -9999.0","M"," "," 0"," -9999.0","M"," "," 0","     0.0"," ","S","30","    18.3"," ","S","30","     0.0"," ","S","30","     0.0"," ","S","30","     0.0"," ","S","30","     0.0"," ","S","30","     0.0"," ","S","30","     0.0"," ","S","30","     0.0"," ","S","30"," -9999.0","M"," "," 0"," -9999.0","M"," "," 0"," -9999.0","M"," "," 0"
"USC00422592","09-03"," 37.7686","-111.5978","1770.9","ESCALANTE, UT US","09","03","99","    68.5"," ","S","28","    85.5"," ","S","28","    51.5"," ","S","29","    33.9"," ","S","28","     4.3"," ","S","28","     6.1"," ","S","28","     4.7"," ","S","29","     6.7"," ","S","28","     0.5"," ","S","28","     0.0"," ","S","28","     0.0"," ","S","28","     0.0","X","S","28","     0.0","X","S","28","     0.0","X","S","28","     0.1"," ","S","28","     4.0"," ","S","28","    28.5"," ","S","28","    23.5"," ","S","28","    18.5"," ","S","28","    13.5"," ","S","28","    11.5"," ","S","28","     8.6"," ","S","28","     0.9"," ","S","28","     0.4"," ","S","28","     4.0"," ","S","28","    28.5"," ","S","28","    23.5"," ","S","28","    18.5"," ","S","28","    13.5"," ","S","28","    11.5"," ","S","28","     8.6"," ","S","28","     0.9"," ","S","28","     0.4"," ","S","28","    19.8"," ","S","28","    18.1"," ","S","28","    26.1"," ","S","30","    12.3"," ","S","30","     6.7"," ","S","30","     2.6"," ","S","30","     0.3"," ","S","30","     0.1"," ","S","30","     0.0"," ","S","30","     0.0"," ","S","30","    0.03"," ","S","30","    0.09"," ","S","30","    0.26"," ","S","30","    0.15"," ","S","30","    6.97"," ","S","30","     0.0"," ","S","30","     0.0"," ","S","30","     0.0"," ","S","30","     0.0"," ","S","30","     0.0"," ","S","30","     0.0"," ","S","30","     0.0"," ","S","30","     0.0"," ","S","30"," -9999.0","M"," "," 0"," -9999.0","M"," "," 0"," -9999.0","M"," "," 0","     0.0"," ","S","30","    18.3"," ","S","30","     0.0"," ","S","30","     0.0"," ","S","30","     0.0"," ","S","30","     0.0"," ","S","30","     0.0"," ","S","30","     0.0"," ","S","30","     0.0"," ","S","30"," -9999.0","M"," "," 0"," -9999.0","M"," "," 0"," -9999.0","M"," "," 0"
"USC00422592","09-04"," 37.7686","-111.5978","1770.9","ESCALANTE, UT US","09","04","99","    68.2"," ","S","28","    85.2"," ","S","28","    51.2"," ","S","29","    34.0"," ","S","28","     4.3"," ","S","28","     6.1"," ","S","28","     4.8"," ","S","29","     6.7"," ","S","28","     0.6"," ","S","28","     0.0"," ","S","28","     0.0"," ","S","28","     0.0","X","S","28","     0.0","X","S","28","     0.0","X","S","28","     0.1"," ","S","28","     3.8"," ","S","28","    28.2"," ","S","28","    23.2"," ","S","28","    18.2"," ","S","28","    13.2"," ","S","28","    11.3"," ","S","28","     8.3"," ","S","28","     0.8"," ","S","28","     0.3"," ","S","28","     3.8"," ","S","28","    28.2"," ","S","28","    23.2"," ","S","28","    18.2"," ","S","28","    13.2"," ","S","28","    11.3"," ","S","28","     8.3"," ","S","28","     0.8"," ","S","28","     0.3"," ","S","28","    19.6"," ","S","28","    17.9"," ","S","28","    25.7"," ","S","30","    12.2"," ","S","30","     6.6"," ","S","30","     2.6"," ","S","30","     0.3"," ","S","30","     0.1"," ","S","30","     0.0"," ","S","30","     0.0"," ","S","30","    0.03"," ","S","30","    0.09"," ","S","30","    0.26"," ","S","30","    0.20"," ","S","30","    7.02"," ","S","30","     0.0"," ","S","30","     0.0"," ","S","30","     0.0"," ","S","30","     0.0"," ","S","30","     0.0"," ","S","30","     0.0"," ","S","30","     0.0"," ","S","30","     0.0"," ","S","30"," -9999.0","M"," "," 0"," -9999.0","M"," "," 0"," -9999.0","M"," "," 0","     0.0"," ","S","30","    18.3"," ","S","30","     0.0"," ","S","30","     0.0"," ","S","30","     0.0"," ","S","30","     0.0"," ","S","30","     0.0"," ","S","30","     0.0"," ","S","30","     0.0"," ","S","30"," -9999.0","M"," "," 0"," -9999.0","M"," "," 0"," -9999.0","M"," "," 0"
"USC00422592","09-05"," 37.7686","-111.5978","1770.9","ESCALANTE, UT US","09","05","99","    67.9"," ","S","28","    84.9"," ","S","28","    50.9"," ","S","29","    34.0"," ","S","28","     4.4"," ","S","28","     6.2"," ","S","28","     4.8"," ","S","29","     6.7"," ","S","28","     0.7"," ","S","28","     0.0"," ","S","28","     0.0"," ","S","28","     0.0","X","S","28","     0.0","X","S","28","     0.0","X","S","28","     0.1"," ","S","28","     3.6"," ","S","28","    27.9"," ","S","28","    22.9"," ","S","28","    17.9"," ","S","28","    13.0"," ","S","28","    11.0"," ","S","28","     8.0"," ","S","28","     0.7"," ","S","28","     0.3"," ","S","28","     3.6"," ","S","28","    27.9"," ","S","28","    22.9"," ","S","28","    17.9"," ","S","28","    13.0"," ","S","28","    11.0"," ","S","28","     8.0"," ","S","28","     0.7"," ","S","28","     0.3"," ","S","28","    19.4"," ","S","28","    17.7"," ","S","28","    25.4"," ","S","30","    12.0"," ","S","30","     6.6"," ","S","30","     2.7"," ","S","30","     0.3"," ","S","30","     0.1"," ","S","30","     0.0"," ","S","30","     0.0"," ","S","30","    0.03"," ","S","30","    0.09"," ","S","30","    0.27"," ","S","30","    0.25"," ","S","30","    7.07"," ","S","30","     0.0"," ","S","30","     0.0"," ","S","30","     0.0"," ","S","30","     0.0"," ","S","30","     0.0"," ","S","30","     0.0"," ","S","30","     0.0"," ","S","30","     0.0"," ","S","30"," -9999.0","M"," "," 0"," -9999.0","M"," "," 0"," -9999.0","M"," "," 0","     0.0"," ","S","30","    18.3"," ","S","30","     0.0"," ","S","30","     0.0"," ","S","30","     0.0"," ","S","30","     0.0"," ","S","30","     0.0"," ","S","30","     0.0"," ","S","30","     0.0"," ","S","30"," -9999.0","M"," "," 0"," -9999.0","M"," "," 0"," -9999.0","M"," "," 0"
"USC00422592","09-06"," 37.7686","-111.5978","1770.9","ESCALANTE, UT US","09","06","99","    67.6"," ","S","28","    84.7"," ","S","28","    50.6"," ","S","29","    34.0"," ","S","28","     4.4"," ","S","28","     6.2"," ","S","28","     4.8"," ","S","29","     6.7"," ","S","28","     0.7"," ","S","28","     0.0"," ","S","28","     0.0"," ","S","28","     0.0","X","S","28","     0.0","X","S","28","     0.0","X","S","28","     0.1"," ","S","28","     3.4"," ","S","28","    27.6"," ","S","28","    22.6"," ","S","28","    17.6"," ","S","28","    12.7"," ","S","28","    10.7"," ","S","28","     7.8"," ","S","28","     0.7"," ","S","28","     0.2"," ","S","28","     3.4"," ","S","28","    27.6"," ","S","28","    22.6"," ","S","28","    17.6"," ","S","28","    12.7"," ","S","28","    10.7"," ","S","28","     7.8"," ","S","28","     0.7"," ","S","28","     0.2"," ","S","28","    19.2"," ","S","28","    17.6"," ","S","28","    25.0"," ","S","30","    11.9"," ","S","30","     6.6"," ","S","30","     2.7"," ","S","30","     0.3"," ","S","30","     0.1"," ","S","30","     0.0"," ","S","30","     0.0"," ","S","30","    0.03"," ","S","30","    0.09"," ","S","30","    0.27"," ","S","30","    0.29"," ","S","30","    7.11"," ","S","30","     0.0"," ","S","30","     0.0"," ","S","30","     0.0"," ","S","30","     0.0"," ","S","30","     0.0"," ","S","30","     0.0"," ","S","30","     0.0"," ","S","30","     0.0"," ","S","30"," -9999.0","M"," "," 0"," -9999.0","M"," "," 0"," -9999.0","M"," "," 0","     0.0"," ","S","30","    18.3"," ","S","30","     0.0"," ","S","30","     0.0"," ","S","30","     0.0"," ","S","30","     0.0"," ","S","30","     0.0"," ","S","30","     0.0"," ","S","30","     0.0"," ","S","30"," -9999.0","M"," "," 0"," -9999.0","M"," "," 0"," -9999.0","M"," "," 0"
"USC00422592","09-07"," 37.7686","-111.5978","1770.9","ESCALANTE, UT US","09","07","99","    67.3"," ","S","28","    84.4"," ","S","28","    50.3"," ","S","29","    34.0"," ","S","28","     4.5"," ","S","28","     6.3"," ","S","28","     4.9"," ","S","29","     6.7"," ","S","28","     0.8"," ","S","28","     0.0"," ","S","28","     0.0"," ","S","28","     0.0","X","S","28","     0.0","X","S","28","     0.0","X","S","28","     0.1"," ","S","28","     3.2"," ","S","28","    27.3"," ","S","28","    22.3"," ","S","28","    17.4"," ","S","28","    12.4"," ","S","28","    10.4"," ","S","28","     7.5"," ","S","28","     0.6"," ","S","28","     0.2"," ","S","28","     3.2"," ","S","28","    27.3"," ","S","28","    22.3"," ","S","28","    17.4"," ","S","28","    12.4"," ","S","28","    10.4"," ","S","28","     7.5"," ","S","28","     0.6"," ","S","28","     0.2"," ","S","28","    19.0"," ","S","28","    17.4"," ","S","28","    24.7"," ","S","30","    11.8"," ","S","30","     6.6"," ","S","30","     2.7"," ","S","30","     0.3"," ","S","30","     0.1"," ","S","30","     0.0"," ","S","30","     0.0"," ","S","30","    0.04"," ","S","30","    0.09"," ","S","30","    0.27"," ","S","30","    0.34"," ","S","30","    7.16"," ","S","30","     0.0"," ","S","30","     0.0"," ","S","30","     0.0"," ","S","30","     0.0"," ","S","30","     0.0"," ","S","30","     0.0"," ","S","30","     0.0"," ","S","30","     0.0"," ","S","30"," -9999.0","M"," "," 0"," -9999.0","M"," "," 0"," -9999.0","M"," "," 0","     0.0"," ","S","30","    18.3"," ","S","30","     0.0"," ","S","30","     0.0"," ","S","30","     0.0"," ","S","30","     0.0"," ","S","30","     0.0"," ","S","30","     0.0"," ","S","30","     0.0"," ","S","30"," -9999.0","M"," "," 0"," -9999.0","M"," "," 0"," -9999.0","M"," "," 0"
"USC00422592","09-08"," 37.7686","-111.5978","1770.9","ESCALANTE, UT US","09","08","99","    67.0"," ","S","28","    84.1"," ","S","28","    50.0"," ","S","29","    34.1"," ","S","28","     4.5"," ","S","28","     6.3"," ","S","28","     4.9"," ","S","29","     6.8"," ","S","28","     0.9"," ","S","28","     0.0"," ","S","28","     0.0"," ","S","28","     0.0","X","S","28","     0.0","X","S","28","     0.0","X","S","28","     0.1"," ","S","28","     3.0"," ","S","28","    27.0"," ","S","28","    22.0"," ","S","28","    17.1"," ","S","28","    12.1"," ","S","28","    10.1"," ","S","28","     7.2"," ","S","28","     0.5"," ","S","28","     0.2"," ","S","28","     3.0"," ","S","28","    27.0"," ","S","28","    22.0"," ","S","28","    17.1"," ","S","28","    12.1"," ","S","28","    10.1"," ","S","28","     7.2"," ","S","28","     0.5"," ","S","28","     0.2"," ","S","28","    18.8"," ","S","28","    17.2"," ","S","28","    24.3"," ","S","30","    11.7"," ","S","30","     6.5"," ","S","30","     2.8"," ","S","30","     0.4"," ","S","30","     0.1"," ","S","30","     0.0"," ","S","30","     0.0"," ","S","30","    0.04"," ","S","30","    0.09"," ","S","30","    0.28"," ","S","30","    0.38"," ","S","30","    7.20"," ","S","30","     0.0"," ","S","30","     0.0"," ","S","30","     0.0"," ","S","30","     0.0"," ","S","30","     0.0"," ","S","30","     0.0"," ","S","30","     0.0"," ","S","30","     0.0"," ","S","30"," -9999.0","M"," "," 0"," -9999.0","M"," "," 0"," -9999.0","M"," "," 0","     0.0"," ","S","30","    18.3"," ","S","30","     0.0"," ","S","30","     0.0"," ","S","30","     0.0"," ","S","30","     0.0"," ","S","30","     0.0"," ","S","30","     0.0"," ","S","30","     0.0"," ","S","30"," -9999.0","M"," "," 0"," -9999.0","M"," "," 0"," -9999.0","M"," "," 0"
"USC00422592","09-09"," 37.7686","-111.5978","1770.9","ESCALANTE, UT US","09","09","99","    66.7"," ","S","28","    83.8"," ","S","28","    49.7"," ","S","29","    34.1"," ","S","28","     4.6"," ","S","28","     6.4"," ","S","28","     5.0"," ","S","29","     6.8"," ","S","28","     1.0"," ","S","28","     0.0"," ","S","28","     0.0"," ","S","28","     0.0","X","S","28","     0.0","X","S","28","     0.1"," ","S","28","     0.2"," ","S","28","     2.8"," ","S","28","    26.7"," ","S","28","    21.7"," ","S","28","    16.7"," ","S","28","    11.8"," ","S","28","     9.8"," ","S","28","     6.9"," ","S","28","     0.5"," ","S","28","     0.2"," ","S","28","     2.8"," ","S","28","    26.7"," ","S","28","    21.7"," ","S","28","    16.7"," ","S","28","    11.8"," ","S","28","     9.8"," ","S","28","     6.9"," ","S","28","     0.5"," ","S","28","     0.2"," ","S","28","    18.6"," ","S","28","    17.0"," ","S","28","    24.0"," ","S","30","    11.5"," ","S","30","     6.5"," ","S","30","     2.8"," ","S","30","     0.4"," ","S","30","     0.1"," ","S","30","     0.0"," ","S","30","     0.0"," ","S","30","    0.04"," ","S","30","    0.09"," ","S","30","    0.28"," ","S","30","    0.43"," ","S","30","    7.25"," ","S","30","     0.0"," ","S","30","     0.0"," ","S","30","     0.0"," ","S","30","     0.0"," ","S","30","     0.0"," ","S","30","     0.0"," ","S","30","     0.0"," ","S","30","     0.0"," ","S","30"," -9999.0","M"," "," 0"," -9999.0","M"," "," 0"," -9999.0","M"," "," 0","     0.0"," ","S","30","    18.3"," ","S","30","     0.0"," ","S","30","     0.0"," ","S","30","     0.0"," ","S","30","     0.0"," ","S","30","     0.0"," ","S","30","     0.0"," ","S","30","     0.0"," ","S","30"," -9999.0","M"," "," 0"," -9999.0","M"," "," 0"," -9999.0","M"," "," 0"
"USC00422592","09-10"," 37.7686","-111.5978","1770.9","ESCALANTE, UT US","09","10","99","    66.4"," ","S","28","    83.5"," ","S","28","    49.4"," ","S","29","    34.1"," ","S","28","     4.6"," ","S","28","     6.4"," ","S","28","     5.0"," ","S","29","     6.7"," ","S","28","     1.2"," ","S","28","     0.0"," ","S","28","     0.0"," ","S","28","     0.0","X","S","28","     0.1"," ","S","28","     0.1"," ","S","28","     0.2"," ","S","28","     2.6"," ","S","28","    26.4"," ","S","28","    21.4"," ","S","28","    16.4"," ","S","28","    11.5"," ","S","28","     9.5"," ","S","28","     6.6"," ","S","28","     0.4"," ","S","28","     0.1"," ","S","28","     2.6"," ","S","28","    26.4"," ","S","28","    21.4"," ","S","28","    16.4"," ","S","28","    11.5"," ","S","28","     9.5"," ","S","28","     6.6"," ","S","28","     0.4"," ","S","28","     0.1"," ","S","28","    18.4"," ","S","28","    16.9"," ","S","28","    23.6"," ","S","30","    11.4"," ","S","30","     6.5"," ","S","30","     2.8"," ","S","30","     0.4"," ","S","30","     0.1"," ","S","30","     0.0"," ","S","30","     0.0"," ","S","30","    0.04"," ","S","30","    0.09"," ","S","30","    0.29"," ","S","30","    0.48"," ","S","30","    7.30"," ","S","30","     0.0"," ","S","30","     0.0"," ","S","30","     0.0"," ","S","30","     0.0"," ","S","30","     0.0"," ","S","30","     0.0"," ","S","30","     0.0"," ","S","30","     0.0"," ","S","30"," -9999.0","M"," "," 0"," -9999.0","M"," "," 0"," -9999.0","M"," "," 0","     0.0"," ","S","30","    18.3"," ","S","30","     0.0"," ","S","30","     0.0"," ","S","30","     0.0"," ","S","30","     0.0"," ","S","30","     0.0"," ","S","30","     0.0"," ","S","30","     0.0"," ","S","30"," -9999.0","M"," "," 0"," -9999.0","M"," "," 0"," -9999.0","M"," "," 0"
"USC00422592","09-11"," 37.7686","-111.5978","1770.9","ESCALANTE, UT US","09","11","99","    66.1"," ","S","28","    83.1"," ","S","28","    49.0"," ","S","29","    34.1"," ","S","28","     4.7"," ","S","28","     6.5"," ","S","28","     5.1"," ","S","29","     6.7"," ","S","28","     1.3"," ","S","28","     0.0"," ","S","28","     0.0"," ","S","28","     0.0","X","S","28","     0.1"," ","S","28","     0.1"," ","S","28","     0.3"," ","S","28","     2.4"," ","S","28","    26.1"," ","S","28","    21.1"," ","S","28","    16.1"," ","S","28","    11.2"," ","S","28","     9.2"," ","S","28","     6.4"," ","S","28","     0.4"," ","S","28","     0.1"," ","S","28","     2.4"," ","S","28","    26.1"," ","S","28","    21.1"," ","S","28","    16.1"," ","S","28","    11.2"," ","S","28","     9.2"," ","S","28","     6.4"," ","S","28","     0.4"," ","S","28","     0.1"," ","S","28","    18.2"," ","S","28","    16.7"," ","S","28","    23.1"," ","S","30","    11.3"," ","S","30","     6.5"," ","S","30","     2.9"," ","S","30","     0.4"," ","S","30","     0.1"," ","S","30","     0.0"," ","S","30","     0.0"," ","S","30","    0.04"," ","S","30","    0.09"," ","S","30","    0.29"," ","S","30","    0.52"," ","S","30","    7.34"," ","S","30","     0.0"," ","S","30","     0.0"," ","S","30","     0.0"," ","S","30","     0.0"," ","S","30","     0.0"," ","S","30","     0.0"," ","S","30","     0.0"," ","S","30","     0.0"," ","S","30"," -9999.0","M"," "," 0"," -9999.0","M"," "," 0"," -9999.0","M"," "," 0","     0.0"," ","S","30","    18.3"," ","S","30","     0.0"," ","S","30","     0.0"," ","S","30","     0.0"," ","S","30","     0.0"," ","S","30","     0.0"," ","S","30","     0.0"," ","S","30","     0.0"," ","S","30"," -9999.0","M"," "," 0"," -9999.0","M"," "," 0"," -9999.0","M"," "," 0"
"USC00422592","09-12"," 37.7686","-111.5978","1770.9","ESCALANTE, UT US","09","12","99","    65.8"," ","S","28","    82.8"," ","S","28","    48.7"," ","S","29","    34.1"," ","S","28","     4.8"," ","S","28","     6.5"," ","S","28","     5.1"," ","S","29","     6.7"," ","S","28","     1.4"," ","S","28","     0.0"," ","S","28","     0.0"," ","S","28","     0.0","X","S","28","     0.1"," ","S","28","     0.2"," ","S","28","     0.3"," ","S","28","     2.2"," ","S","28","    25.8"," ","S","28","    20.8"," ","S","28","    15.8"," ","S","28","    10.9"," ","S","28","     8.9"," ","S","28","     6.1"," ","S","28","     0.3"," ","S","28","     0.1"," ","S","28","     2.2"," ","S","28","    25.8"," ","S","28","    20.8"," ","S","28","    15.8"," ","S","28","    10.9"," ","S","28","     8.9"," ","S","28","     6.1"," ","S","28","     0.3"," ","S","28","     0.1"," ","S","28","    18.0"," ","S","28","    16.5"," ","S","28","    22.7"," ","S","30","    11.1"," ","S","30","     6.4"," ","S","30","     2.9"," ","S","30","     0.5"," ","S","30","     0.1"," ","S","30","     0.0"," ","S","30","     0.0"," ","S","30","    0.04"," ","S","30","    0.09"," ","S","30","    0.29"," ","S","30","    0.56"," ","S","30","    7.38"," ","S","30","     0.0"," ","S","30","     0.0"," ","S","30","     0.0"," ","S","30","     0.0"," ","S","30","     0.0"," ","S","30","     0.0"," ","S","30","     0.0"," ","S","30","     0.0"," ","S","30"," -9999.0","M"," "," 0"," -9999.0","M"," "," 0"," -9999.0","M"," "," 0","     0.0"," ","S","30","    18.3"," ","S","30","     0.0"," ","S","30","     0.0"," ","S","30","     0.0"," ","S","30","     0.0"," ","S","30","     0.0"," ","S","30","     0.0"," ","S","30","     0.0"," ","S","30"," -9999.0","M"," "," 0"," -9999.0","M"," "," 0"," -9999.0","M"," "," 0"
"USC00422592","09-13"," 37.7686","-111.5978","1770.9","ESCALANTE, UT US","09","13","99","    65.4"," ","S","28","    82.5"," ","S","28","    48.4"," ","S","29","    34.1"," ","S","28","     4.8"," ","S","28","     6.6"," ","S","28","     5.1"," ","S","29","     6.8"," ","S","28","     1.6"," ","S","28","     0.0"," ","S","28","     0.0"," ","S","28","     0.0","X","S","28","     0.1"," ","S","28","     0.2"," ","S","28","     0.4"," ","S","28","     2.0"," ","S","28","    25.4"," ","S","28","    20.4"," ","S","28","    15.4"," ","S","28","    10.5"," ","S","28","     8.6"," ","S","28","     5.8"," ","S","28","     0.3"," ","S","28","     0.1"," ","S","28","     2.0"," ","S","28","    25.4"," ","S","28","    20.4"," ","S","28","    15.4"," ","S","28","    10.5"," ","S","28","     8.6"," ","S","28","     5.8"," ","S","28","     0.3"," ","S","28","     0.1"," ","S","28","    17.8"," ","S","28","    16.3"," ","S","28","    22.2"," ","S","30","    11.0"," ","S","30","     6.4"," ","S","30","     2.9"," ","S","30","     0.5"," ","S","30","     0.1"," ","S","30","     0.0"," ","S","30","     0.0"," ","S","30","    0.04"," ","S","30","    0.09"," ","S","30","    0.30"," ","S","30","    0.60"," ","S","30","    7.42"," ","S","30","     0.0"," ","S","30","     0.0"," ","S","30","     0.0"," ","S","30","     0.0"," ","S","30","     0.0"," ","S","30","     0.0"," ","S","30","     0.0"," ","S","30","     0.0"," ","S","30"," -9999.0","M"," "," 0"," -9999.0","M"," "," 0"," -9999.0","M"," "," 0","     0.0"," ","S","30","    18.3"," ","S","30","     0.0"," ","S","30","     0.0"," ","S","30","     0.0"," ","S","30","     0.0"," ","S","30","     0.0"," ","S","30","     0.0"," ","S","30","     0.0"," ","S","30"," -9999.0","M"," "," 0"," -9999.0","M"," "," 0"," -9999.0","M"," "," 0"
"USC00422592","09-14"," 37.7686","-111.5978","1770.9","ESCALANTE, UT US","09","14","99","    65.1"," ","S","28","    82.1"," ","S","28","    48.0"," ","S","29","    34.1"," ","S","28","     4.9"," ","S","28","     6.6"," ","S","28","     5.2"," ","S","29","     6.8"," ","S","28","     1.8"," ","S","28","     0.0"," ","S","28","     0.0"," ","S","28","     0.0","X","S","28","     0.1"," ","S","28","     0.2"," ","S","28","     0.4"," ","S","28","     1.9"," ","S","28","    25.1"," ","S","28","    20.1"," ","S","28","    15.1"," ","S","28","    10.2"," ","S","28","     8.3"," ","S","28","     5.5"," ","S","28","     0.2"," ","S","28","     0.1"," ","S","28","     1.9"," ","S","28","    25.1"," ","S","28","    20.1"," ","S","28","    15.1"," ","S","28","    10.2"," ","S","28","     8.3"," ","S","28","     5.5"," ","S","28","     0.2"," ","S","28","     0.1"," ","S","28","    17.6"," ","S","28","    16.1"," ","S","28","    21.8"," ","S","30","    10.8"," ","S","30","     6.3"," ","S","30","     3.0"," ","S","30","     0.5"," ","S","30","     0.1"," ","S","30","     0.0"," ","S","30","     0.0"," ","S","30","    0.04"," ","S","30","    0.10"," ","S","30","    0.30"," ","S","30","    0.64"," ","S","30","    7.46"," ","S","30","     0.0"," ","S","30","     0.0"," ","S","30","     0.0"," ","S","30","     0.0"," ","S","30","     0.0"," ","S","30","     0.0"," ","S","30","     0.0"," ","S","30","     0.0"," ","S","30"," -9999.0","M"," "," 0"," -9999.0","M"," "," 0"," -9999.0","M"," "," 0","     0.0"," ","S","30","    18.3"," ","S","30","     0.0"," ","S","30","     0.0"," ","S","30","     0.0"," ","S","30","     0.0"," ","S","30","     0.0"," ","S","30","     0.0"," ","S","30","     0.0"," ","S","30"," -9999.0","M"," "," 0"," -9999.0","M"," "," 0"," -9999.0","M"," "," 0"
"USC00422592","09-15"," 37.7686","-111.5978","1770.9","ESCALANTE, UT US","09","15","99","    64.7"," ","S","28","    81.8"," ","S","28","    47.7"," ","S","29","    34.1"," ","S","28","     4.9"," ","S","28","     6.7"," ","S","28","     5.2"," ","S","29","     6.8"," ","S","28","     2.0"," ","S","28","     0.0"," ","S","28","     0.0"," ","S","28","     0.0","X","S","28","     0.2"," ","S","28","     0.3"," ","S","28","     0.5"," ","S","28","     1.7"," ","S","28","    24.7"," ","S","28","    19.7"," ","S","28","    14.8"," ","S","28","     9.9"," ","S","28","     8.0"," ","S","28","     5.2"," ","S","28","     0.2"," ","S","28","     0.0","X","S","28","     1.7"," ","S","28","    24.7"," ","S","28","    19.7"," ","S","28","    14.8"," ","S","28","     9.9"," ","S","28","     8.0"," ","S","28","     5.2"," ","S","28","     0.2"," ","S","28","     0.0","X","S","28","    17.4"," ","S","28","    16.0"," ","S","28","    21.3"," ","S","30","    10.6"," ","S","30","     6.3"," ","S","30","     3.0"," ","S","30","     0.5"," ","S","30","     0.1"," ","S","30","     0.0"," ","S","30","     0.0"," ","S","30","    0.04"," ","S","30","    0.10"," ","S","30","    0.31"," ","S","30","    0.68"," ","S","30","    7.50"," ","S","30","     0.0"," ","S","30","     0.0"," ","S","30","     0.0"," ","S","30","     0.0"," ","S","30","     0.0"," ","S","30","     0.0"," ","S","30","     0.0"," ","S","30","     0.0"," ","S","30"," -9999.0","M"," "," 0"," -9999.0","M"," "," 0"," -9999.0","M"," "," 0","     0.0"," ","S","30","    18.3"," ","S","30","     0.0"," ","S","30","     0.0"," ","S","30","     0.0"," ","S","30","     0.0"," ","S","30","     0.0"," ","S","30","     0.0"," ","S","30","     0.0"," ","S","30"," -9999.0","M"," "," 0"," -9999.0","M"," "," 0"," -9999.0","M"," "," 0"
"USC00422592","09-16"," 37.7686","-111.5978","1770.9","ESCALANTE, UT US","09","16","99","    64.4"," ","S","28","    81.4"," ","S","28","    47.3"," ","S","29","    34.1"," ","S","28","     5.0"," ","S","28","     6.7"," ","S","28","     5.3"," ","S","29","     6.8"," ","S","28","     2.2"," ","S","28","     0.0"," ","S","28","     0.0"," ","S","28","     0.0","X","S","28","     0.2"," ","S","28","     0.3"," ","S","28","     0.6"," ","S","28","     1.6"," ","S","28","    24.4"," ","S","28","    19.4"," ","S","28","    14.4"," ","S","28","     9.6"," ","S","28","     7.7"," ","S","28","     5.0"," ","S","28","     0.2"," ","S","28","     0.0","X","S","28","     1.6"," ","S","28","    24.4"," ","S","28","    19.4"," ","S","28","    14.4"," ","S","28","     9.6"," ","S","28","     7.7"," ","S","28","     5.0"," ","S","28","     0.2"," ","S","28","     0.0","X","S","28","    17.2"," ","S","28","    15.8"," ","S","28","    20.7"," ","S","30","    10.3"," ","S","30","     6.2"," ","S","30","     2.9"," ","S","30","     0.5"," ","S","30","     0.1"," ","S","30","     0.0"," ","S","30","     0.0"," ","S","30","    0.04"," ","S","30","    0.10"," ","S","30","    0.31"," ","S","30","    0.72"," ","S","30","    7.54"," ","S","30","     0.0"," ","S","30","     0.0"," ","S","30","     0.0"," ","S","30","     0.0"," ","S","30","     0.0"," ","S","30","     0.0"," ","S","30","     0.0"," ","S","30","     0.0"," ","S","30"," -9999.0","M"," "," 0"," -9999.0","M"," "," 0"," -9999.0","M"," "," 0","     0.0"," ","S","30","    18.3"," ","S","30","     0.0"," ","S","30","     0.0"," ","S","30","     0.0"," ","S","30","     0.0"," ","S","30","     0.0"," ","S","30","     0.0"," ","S","30","     0.0"," ","S","30"," -9999.0","M"," "," 0"," -9999.0","M"," "," 0"," -9999.0","M"," "," 0"
"USC00422592","09-17"," 37.7686","-111.5978","1770.9","ESCALANTE, UT US","09","17","99","    64.0"," ","S","28","    81.0"," ","S","28","    47.0"," ","S","29","    34.0"," ","S","28","     5.1"," ","S","28","     6.8"," ","S","28","     5.3"," ","S","29","     6.8"," ","S","28","     2.4"," ","S","28","     0.0"," ","S","28","     0.0"," ","S","28","     0.0","X","S","28","     0.2"," ","S","28","     0.4"," ","S","28","     0.7"," ","S","28","     1.4"," ","S","28","    24.0"," ","S","28","    19.0"," ","S","28","    14.1"," ","S","28","     9.2"," ","S","28","     7.4"," ","S","28","     4.7"," ","S","28","     0.1"," ","S","28","     0.0","X","S","28","     1.4"," ","S","28","    24.0"," ","S","28","    19.0"," ","S","28","    14.1"," ","S","28","     9.2"," ","S","28","     7.4"," ","S","28","     4.7"," ","S","28","     0.1"," ","S","28","     0.0","X","S","28","    17.0"," ","S","28","    15.6"," ","S","28","    20.2"," ","S","30","    10.1"," ","S","30","     6.1"," ","S","30","     2.9"," ","S","30","     0.5"," ","S","30","     0.1"," ","S","30","     0.0"," ","S","30","     0.0"," ","S","30","    0.04"," ","S","30","    0.10"," ","S","30","    0.31"," ","S","30","    0.76"," ","S","30","    7.58"," ","S","30","     0.0"," ","S","30","     0.0"," ","S","30","     0.0"," ","S","30","     0.0"," ","S","30","     0.0"," ","S","30","     0.0"," ","S","30","     0.0"," ","S","30","     0.0"," ","S","30"," -9999.0","M"," "," 0"," -9999.0","M"," "," 0"," -9999.0","M"," "," 0","     0.0"," ","S","30","    18.3"," ","S","30","     0.0"," ","S","30","     0.0"," ","S","30","     0.0"," ","S","30","     0.0"," ","S","30","     0.0"," ","S","30","     0.0"," ","S","30","     0.0"," ","S","30"," -9999.0","M"," "," 0"," -9999.0","M"," "," 0"," -9999.0","M"," "," 0"
"USC00422592","09-18"," 37.7686","-111.5978","1770.9","ESCALANTE, UT US","09","18","99","    63.7"," ","S","28","    80.7"," ","S","28","    46.6"," ","S","29","    34.0"," ","S","28","     5.1"," ","S","28","     6.9"," ","S","28","     5.4"," ","S","29","     6.8"," ","S","28","     2.7"," ","S","28","     0.0"," ","S","28","     0.0"," ","S","28","     0.0","X","S","28","     0.3"," ","S","28","     0.4"," ","S","28","     0.8"," ","S","28","     1.3"," ","S","28","    23.7"," ","S","28","    18.7"," ","S","28","    13.7"," ","S","28","     8.9"," ","S","28","     7.1"," ","S","28","     4.5"," ","S","28","     0.1"," ","S","28","     0.0","X","S","28","     1.3"," ","S","28","    23.7"," ","S","28","    18.7"," ","S","28","    13.7"," ","S","28","     8.9"," ","S","28","     7.1"," ","S","28","     4.5"," ","S","28","     0.1"," ","S","28","     0.0","X","S","28","    16.7"," ","S","28","    15.4"," ","S","28","    19.6"," ","S","30","     9.9"," ","S","30","     6.0"," ","S","30","     2.9"," ","S","30","     0.5"," ","S","30","     0.1"," ","S","30","     0.0"," ","S","30","     0.0"," ","S","30","    0.04"," ","S","30","    0.10"," ","S","30","    0.32"," ","S","30","    0.79"," ","S","30","    7.61"," ","S","30","     0.0"," ","S","30","     0.0"," ","S","30","     0.0"," ","S","30","     0.0"," ","S","30","     0.0"," ","S","30","     0.0"," ","S","30","     0.0"," ","S","30","     0.0"," ","S","30"," -9999.0","M"," "," 0"," -9999.0","M"," "," 0"," -9999.0","M"," "," 0","     0.0"," ","S","30","    18.3"," ","S","30","     0.0"," ","S","30","     0.0"," ","S","30","     0.0"," ","S","30","     0.0"," ","S","30","     0.0"," ","S","30","     0.0"," ","S","30","     0.0"," ","S","30"," -9999.0","M"," "," 0"," -9999.0","M"," "," 0"," -9999.0","M"," "," 0"
"USC00422592","09-19"," 37.7686","-111.5978","1770.9","ESCALANTE, UT US","09","19","99","    63.3"," ","S","28","    80.3"," ","S","28","    46.3"," ","S","29","    34.0"," ","S","28","     5.2"," ","S","28","     6.9"," ","S","28","     5.4"," ","S","29","     6.9"," ","S","28","     2.9"," ","S","28","     0.0"," ","S","28","     0.0","X","S","28","     0.0","X","S","28","     0.3"," ","S","28","     0.5"," ","S","28","     1.0"," ","S","28","     1.2"," ","S","28","    23.3"," ","S","28","    18.3"," ","S","28","    13.3"," ","S","28","     8.6"," ","S","28","     6.8"," ","S","28","     4.2"," ","S","28","     0.1"," ","S","28","     0.0","X","S","28","     1.2"," ","S","28","    23.3"," ","S","28","    18.3"," ","S","28","    13.3"," ","S","28","     8.6"," ","S","28","     6.8"," ","S","28","     4.2"," ","S","28","     0.1"," ","S","28","     0.0","X","S","28","    16.5"," ","S","28","    15.2"," ","S","28","    19.1"," ","S","30","     9.7"," ","S","30","     6.0"," ","S","30","     2.9"," ","S","30","     0.6"," ","S","30","     0.1"," ","S","30","     0.0"," ","S","30","     0.0"," ","S","30","    0.04"," ","S","30","    0.10"," ","S","30","    0.32"," ","S","30","    0.83"," ","S","30","    7.65"," ","S","30","     0.0"," ","S","30","     0.0"," ","S","30","     0.0"," ","S","30","     0.0"," ","S","30","     0.0"," ","S","30","     0.0"," ","S","30","     0.0"," ","S","30","     0.0"," ","S","30"," -9999.0","M"," "," 0"," -9999.0","M"," "," 0"," -9999.0","M"," "," 0","     0.0"," ","S","30","    18.3"," ","S","30","     0.0"," ","S","30","     0.0"," ","S","30","     0.0"," ","S","30","     0.0"," ","S","30","     0.0"," ","S","30","     0.0"," ","S","30","     0.0"," ","S","30"," -9999.0","M"," "," 0"," -9999.0","M"," "," 0"," -9999.0","M"," "," 0"
"USC00422592","09-20"," 37.7686","-111.5978","1770.9","ESCALANTE, UT US","09","20","99","    62.9"," ","S","28","    79.9"," ","S","28","    45.9"," ","S","29","    34.0"," ","S","28","     5.2"," ","S","28","     7.0"," ","S","28","     5.4"," ","S","29","     6.9"," ","S","28","     3.2"," ","S","28","     0.0"," ","S","28","     0.0","X","S","28","     0.1"," ","S","28","     0.3"," ","S","28","     0.6"," ","S","28","     1.1"," ","S","28","     1.1"," ","S","28","    22.9"," ","S","28","    17.9"," ","S","28","    13.0"," ","S","28","     8.3"," ","S","28","     6.5"," ","S","28","     4.0"," ","S","28","     0.1"," ","S","28","     0.0","X","S","28","     1.1"," ","S","28","    22.9"," ","S","28","    17.9"," ","S","28","    13.0"," ","S","28","     8.3"," ","S","28","     6.5"," ","S","28","     4.0"," ","S","28","     0.1"," ","S","28","     0.0","X","S","28","    16.3"," ","S","28","    15.0"," ","S","28","    18.6"," ","S","30","     9.5"," ","S","30","     5.9"," ","S","30","     2.9"," ","S","30","     0.6"," ","S","30","     0.1"," ","S","30","     0.0"," ","S","30","     0.0"," ","S","30","    0.04"," ","S","30","    0.10"," ","S","30","    0.32"," ","S","30","    0.87"," ","S","30","    7.69"," ","S","30","     0.0"," ","S","30","     0.0"," ","S","30","     0.0"," ","S","30","     0.0"," ","S","30","     0.0"," ","S","30","     0.0"," ","S","30","     0.0"," ","S","30","     0.0"," ","S","30"," -9999.0","M"," "," 0"," -9999.0","M"," "," 0"," -9999.0","M"," "," 0","     0.0"," ","S","30","    18.3"," ","S","30","     0.0"," ","S","30","     0.0"," ","S","30","     0.0"," ","S","30","     0.0"," ","S","30","     0.0"," ","S","30","     0.0"," ","S","30","     0.0"," ","S","30"," -9999.0","M"," "," 0"," -9999.0","M"," "," 0"," -9999.0","M"," "," 0"
"USC00422592","09-21"," 37.7686","-111.5978","1770.9","ESCALANTE, UT US","09","21","99","    62.5"," ","S","28","    79.5"," ","S","28","    45.6"," ","S","29","    33.9"," ","S","28","     5.3"," ","S","28","     7.1"," ","S","28","     5.5"," ","S","29","     6.9"," ","S","28","     3.5"," ","S","28","     0.0"," ","S","28","     0.0","X","S","28","     0.1"," ","S","28","     0.4"," ","S","28","     0.7"," ","S","28","     1.3"," ","S","28","     1.0"," ","S","28","    22.5"," ","S","28","    17.5"," ","S","28","    12.6"," ","S","28","     7.9"," ","S","28","     6.2"," ","S","28","     3.8"," ","S","28","     0.1"," ","S","28","     0.0","X","S","28","     1.0"," ","S","28","    22.5"," ","S","28","    17.5"," ","S","28","    12.6"," ","S","28","     7.9"," ","S","28","     6.2"," ","S","28","     3.8"," ","S","28","     0.1"," ","S","28","     0.0","X","S","28","    16.1"," ","S","28","    14.8"," ","S","28","    18.2"," ","S","30","     9.4"," ","S","30","     5.9"," ","S","30","     2.9"," ","S","30","     0.6"," ","S","30","     0.1"," ","S","30","     0.0"," ","S","30","     0.0"," ","S","30","    0.04"," ","S","30","    0.11"," ","S","30","    0.33"," ","S","30","    0.91"," ","S","30","    7.73"," ","S","30","     0.0"," ","S","30","     0.0"," ","S","30","     0.0"," ","S","30","     0.0"," ","S","30","     0.0"," ","S","30","     0.0"," ","S","30","     0.0"," ","S","30","     0.0"," ","S","30"," -9999.0","M"," "," 0"," -9999.0","M"," "," 0"," -9999.0","M"," "," 0","     0.0"," ","S","30","    18.3"," ","S","30","     0.0"," ","S","30","     0.0"," ","S","30","     0.0"," ","S","30","     0.0"," ","S","30","     0.0"," ","S","30","     0.0"," ","S","30","     0.0"," ","S","30"," -9999.0","M"," "," 0"," -9999.0","M"," "," 0"," -9999.0","M"," "," 0"
"USC00422592","09-22"," 37.7686","-111.5978","1770.9","ESCALANTE, UT US","09","22","99","    62.1"," ","S","28","    79.1"," ","S","28","    45.2"," ","S","29","    33.9"," ","S","28","     5.3"," ","S","28","     7.1"," ","S","28","     5.5"," ","S","29","     6.9"," ","S","28","     3.7"," ","S","28","     0.0"," ","S","28","     0.0","X","S","28","     0.1"," ","S","28","     0.5"," ","S","28","     0.7"," ","S","28","     1.4"," ","S","28","     0.9"," ","S","28","    22.1"," ","S","28","    17.1"," ","S","28","    12.2"," ","S","28","     7.6"," ","S","28","     5.9"," ","S","28","     3.6"," ","S","28","     0.1"," ","S","28","     0.0","X","S","28","     0.9"," ","S","28","    22.1"," ","S","28","    17.1"," ","S","28","    12.2"," ","S","28","     7.6"," ","S","28","     5.9"," ","S","28","     3.6"," ","S","28","     0.1"," ","S","28","     0.0","X","S","28","    15.8"," ","S","28","    14.6"," ","S","28","    17.7"," ","S","30","     9.2"," ","S","30","     5.8"," ","S","30","     2.9"," ","S","30","     0.6"," ","S","30","     0.1"," ","S","30","     0.0"," ","S","30","     0.0"," ","S","30","    0.04"," ","S","30","    0.11"," ","S","30","    0.33"," ","S","30","    0.96"," ","S","30","    7.78"," ","S","30","     0.0"," ","S","30","     0.0"," ","S","30","     0.0"," ","S","30","     0.0"," ","S","30","     0.0"," ","S","30","     0.0"," ","S","30","     0.0"," ","S","30","     0.0"," ","S","30"," -9999.0","M"," "," 0"," -9999.0","M"," "," 0"," -9999.0","M"," "," 0","     0.0"," ","S","30","    18.3"," ","S","30","     0.0"," ","S","30","     0.0"," ","S","30","     0.0"," ","S","30","     0.0"," ","S","30","     0.0"," ","S","30","     0.0"," ","S","30","     0.0"," ","S","30"," -9999.0","M"," "," 0"," -9999.0","M"," "," 0"," -9999.0","M"," "," 0"
"USC00422592","09-23"," 37.7686","-111.5978","1770.9","ESCALANTE, UT US","09","23","99","    61.8"," ","S","28","    78.7"," ","S","28","    44.8"," ","S","29","    33.8"," ","S","28","     5.4"," ","S","28","     7.2"," ","S","28","     5.6"," ","S","29","     6.9"," ","S","28","     4.0"," ","S","28","     0.0"," ","S","28","     0.0","X","S","28","     0.1"," ","S","28","     0.5"," ","S","28","     0.9"," ","S","28","     1.6"," ","S","28","     0.8"," ","S","28","    21.7"," ","S","28","    16.8"," ","S","28","    11.9"," ","S","28","     7.3"," ","S","28","     5.6"," ","S","28","     3.3"," ","S","28","     0.0","X","S","28","     0.0","X","S","28","     0.8"," ","S","28","    21.7"," ","S","28","    16.8"," ","S","28","    11.9"," ","S","28","     7.3"," ","S","28","     5.6"," ","S","28","     3.3"," ","S","28","     0.0","X","S","28","     0.0","X","S","28","    15.6"," ","S","28","    14.4"," ","S","28","    17.3"," ","S","30","     9.1"," ","S","30","     5.7"," ","S","30","     2.9"," ","S","30","     0.6"," ","S","30","     0.1"," ","S","30","     0.0"," ","S","30","     0.0"," ","S","30","    0.04"," ","S","30","    0.11"," ","S","30","    0.34"," ","S","30","    1.01"," ","S","30","    7.83"," ","S","30","     0.0"," ","S","30","     0.0"," ","S","30","     0.0"," ","S","30","     0.0"," ","S","30","     0.0"," ","S","30","     0.0"," ","S","30","     0.0"," ","S","30","     0.0"," ","S","30"," -9999.0","M"," "," 0"," -9999.0","M"," "," 0"," -9999.0","M"," "," 0","     0.0"," ","S","30","    18.3"," ","S","30","     0.0"," ","S","30","     0.0"," ","S","30","     0.0"," ","S","30","     0.0"," ","S","30","     0.0"," ","S","30","     0.0"," ","S","30","     0.0"," ","S","30"," -9999.0","M"," "," 0"," -9999.0","M"," "," 0"," -9999.0","M"," "," 0"
"USC00422592","09-24"," 37.7686","-111.5978","1770.9","ESCALANTE, UT US","09","24","99","    61.4"," ","S","28","    78.2"," ","S","28","    44.5"," ","S","29","    33.8"," ","S","28","     5.5"," ","S","28","     7.2"," ","S","28","     5.6"," ","S","29","     6.9"," ","S","28","     4.3"," ","S","28","     0.0"," ","S","28","     0.0","X","S","28","     0.1"," ","S","28","     0.6"," ","S","28","     1.0"," ","S","28","     1.8"," ","S","28","     0.7"," ","S","28","    21.4"," ","S","28","    16.4"," ","S","28","    11.5"," ","S","28","     7.0"," ","S","28","     5.3"," ","S","28","     3.1"," ","S","28","     0.0","X","S","28","     0.0","X","S","28","     0.7"," ","S","28","    21.4"," ","S","28","    16.4"," ","S","28","    11.5"," ","S","28","     7.0"," ","S","28","     5.3"," ","S","28","     3.1"," ","S","28","     0.0","X","S","28","     0.0","X","S","28","    15.4"," ","S","28","    14.2"," ","S","28","    16.9"," ","S","30","     9.0"," ","S","30","     5.7"," ","S","30","     2.9"," ","S","30","     0.6"," ","S","30","     0.1"," ","S","30","     0.0"," ","S","30","     0.0"," ","S","30","    0.04"," ","S","30","    0.11"," ","S","30","    0.34"," ","S","30","    1.05"," ","S","30","    7.87"," ","S","30","     0.0"," ","S","30","     0.0"," ","S","30","     0.0"," ","S","30","     0.0"," ","S","30","     0.0"," ","S","30","     0.0"," ","S","30","     0.0"," ","S","30","     0.0"," ","S","30"," -9999.0","M"," "," 0"," -9999.0","M"," "," 0"," -9999.0","M"," "," 0","     0.0"," ","S","30","    18.3"," ","S","30","     0.0"," ","S","30","     0.0"," ","S","30","     0.0"," ","S","30","     0.0"," ","S","30","     0.0"," ","S","30","     0.0"," ","S","30","     0.0"," ","S","30"," -9999.0","M"," "," 0"," -9999.0","M"," "," 0"," -9999.0","M"," "," 0"
"USC00422592","09-25"," 37.7686","-111.5978","1770.9","ESCALANTE, UT US","09","25","99","    61.0"," ","S","28","    77.8"," ","S","28","    44.1"," ","S","29","    33.7"," ","S","28","     5.5"," ","S","28","     7.3"," ","S","28","     5.6"," ","S","29","     6.9"," ","S","28","     4.6"," ","S","28","     0.0"," ","S","28","     0.0","X","S","28","     0.1"," ","S","28","     0.7"," ","S","28","     1.0"," ","S","28","     1.9"," ","S","28","     0.6"," ","S","28","    21.0"," ","S","28","    16.0"," ","S","28","    11.1"," ","S","28","     6.6"," ","S","28","     5.0"," ","S","28","     2.9"," ","S","28","     0.0","X","S","28","     0.0","X","S","28","     0.6"," ","S","28","    21.0"," ","S","28","    16.0"," ","S","28","    11.1"," ","S","28","     6.6"," ","S","28","     5.0"," ","S","28","     2.9"," ","S","28","     0.0","X","S","28","     0.0","X","S","28","    15.2"," ","S","28","    14.0"," ","S","28","    16.6"," ","S","30","     8.9"," ","S","30","     5.6"," ","S","30","     2.9"," ","S","30","     0.6"," ","S","30","     0.1"," ","S","30","     0.0"," ","S","30","     0.0"," ","S","30","    0.05"," ","S","30","    0.12"," ","S","30","    0.34"," ","S","30","    1.09"," ","S","30","    7.91"," ","S","30","     0.0"," ","S","30","     0.0"," ","S","30","     0.0"," ","S","30","     0.0"," ","S","30","     0.0"," ","S","30","     0.0"," ","S","30","     0.0"," ","S","30","     0.0"," ","S","30"," -9999.0","M"," "," 0"," -9999.0","M"," "," 0"," -9999.0","M"," "," 0","     0.0"," ","S","30","    18.3"," ","S","30","     0.0"," ","S","30","     0.0"," ","S","30","     0.0"," ","S","30","     0.0"," ","S","30","     0.0"," ","S","30","     0.0"," ","S","30","     0.0"," ","S","30"," -9999.0","M"," "," 0"," -9999.0","M"," "," 0"," -9999.0","M"," "," 0"
"USC00422592","09-26"," 37.7686","-111.5978","1770.9","ESCALANTE, UT US","09","26","99","    60.6"," ","S","28","    77.4"," ","S","28","    43.8"," ","S","29","    33.6"," ","S","28","     5.6"," ","S","28","     7.4"," ","S","28","     5.7"," ","S","29","     7.0"," ","S","28","     5.0"," ","S","28","     0.0"," ","S","28","     0.0","X","S","28","     0.2"," ","S","28","     0.7"," ","S","28","     1.1"," ","S","28","     2.1"," ","S","28","     0.5"," ","S","28","    20.6"," ","S","28","    15.6"," ","S","28","    10.7"," ","S","28","     6.3"," ","S","28","     4.7"," ","S","28","     2.7"," ","S","28","     0.0","X","S","28","     0.0"," ","S","28","     0.5"," ","S","28","    20.6"," ","S","28","    15.6"," ","S","28","    10.7"," ","S","28","     6.3"," ","S","28","     4.7"," ","S","28","     2.7"," ","S","28","     0.0","X","S","28","     0.0"," ","S","28","    14.9"," ","S","28","    13.8"," ","S","28","    16.3"," ","S","30","     8.8"," ","S","30","     5.6"," ","S","30","     2.9"," ","S","30","     0.7"," ","S","30","     0.1"," ","S","30","     0.0"," ","S","30","     0.0"," ","S","30","    0.05"," ","S","30","    0.12"," ","S","30","    0.35"," ","S","30","    1.13"," ","S","30","    7.95"," ","S","30","     0.0"," ","S","30","     0.0"," ","S","30","     0.0"," ","S","30","     0.0"," ","S","30","     0.0"," ","S","30","     0.0"," ","S","30","     0.0"," ","S","30","     0.0"," ","S","30"," -9999.0","M"," "," 0"," -9999.0","M"," "," 0"," -9999.0","M"," "," 0","     0.0"," ","S","30","    18.3"," ","S","30","     0.0"," ","S","29","     0.0"," ","S","29","     0.0"," ","S","29","     0.0"," ","S","29","     0.0"," ","S","29","     0.0"," ","S","29","     0.0"," ","S","29"," -9999.0","M"," "," 0"," -9999.0","M"," "," 0"," -9999.0","M"," "," 0"
"USC00422592","09-27"," 37.7686","-111.5978","1770.9","ESCALANTE, UT US","09","27","99","    60.2"," ","S","28","    76.9"," ","S","28","    43.4"," ","S","29","    33.6"," ","S","28","     5.6"," ","S","28","     7.5"," ","S","28","     5.7"," ","S","29","     7.0"," ","S","28","     5.3"," ","S","28","     0.0"," ","S","28","     0.0","X","S","28","     0.2"," ","S","28","     0.8"," ","S","28","     1.2"," ","S","28","     2.3"," ","S","28","     0.5"," ","S","28","    20.2"," ","S","28","    15.2"," ","S","28","    10.3"," ","S","28","     5.9"," ","S","28","     4.4"," ","S","28","     2.4"," ","S","28","     0.0","X","S","28","     0.0"," ","S","28","     0.5"," ","S","28","    20.2"," ","S","28","    15.2"," ","S","28","    10.3"," ","S","28","     5.9"," ","S","28","     4.4"," ","S","28","     2.4"," ","S","28","     0.0","X","S","28","     0.0"," ","S","28","    14.7"," ","S","28","    13.5"," ","S","28","    16.0"," ","S","30","     8.8"," ","S","30","     5.6"," ","S","30","     3.0"," ","S","30","     0.7"," ","S","30","     0.1"," ","S","30","     0.0"," ","S","30","     0.0"," ","S","30","    0.05"," ","S","30","    0.12"," ","S","30","    0.35"," ","S","30","    1.17"," ","S","30","    7.99"," ","S","30","     0.0"," ","S","30","     0.0"," ","S","30","     0.0"," ","S","30","     0.0"," ","S","30","     0.0"," ","S","30","     0.0"," ","S","30","     0.0"," ","S","30","     0.0"," ","S","30"," -9999.0","M"," "," 0"," -9999.0","M"," "," 0"," -9999.0","M"," "," 0","     0.0"," ","S","30","    18.3"," ","S","30","     0.0"," ","S","29","     0.0"," ","S","29","     0.0"," ","S","29","     0.0"," ","S","29","     0.0"," ","S","29","     0.0"," ","S","29","     0.0"," ","S","29"," -9999.0","M"," "," 0"," -9999.0","M"," "," 0"," -9999.0","M"," "," 0"
"USC00422592","09-28"," 37.7686","-111.5978","1770.9","ESCALANTE, UT US","09","28","99","    59.8"," ","S","28","    76.5"," ","S","28","    43.0"," ","S","29","    33.5"," ","S","28","     5.7"," ","S","28","     7.5"," ","S","28","     5.7"," ","S","29","     7.0"," ","S","28","     5.6"," ","S","28","     0.0"," ","S","28","     0.0","X","S","28","     0.2"," ","S","28","     0.9"," ","S","28","     1.3"," ","S","28","     2.5"," ","S","28","     0.4"," ","S","28","    19.8"," ","S","28","    14.8"," ","S","28","    10.0"," ","S","28","     5.6"," ","S","28","     4.1"," ","S","28","     2.2"," ","S","28","     0.0","X","S","28","     0.0"," ","S","28","     0.4"," ","S","28","    19.8"," ","S","28","    14.8"," ","S","28","    10.0"," ","S","28","     5.6"," ","S","28","     4.1"," ","S","28","     2.2"," ","S","28","     0.0","X","S","28","     0.0"," ","S","28","    14.4"," ","S","28","    13.3"," ","S","28","    15.8"," ","S","30","     8.8"," ","S","30","     5.6"," ","S","30","     3.0"," ","S","30","     0.7"," ","S","30","     0.1"," ","S","30","     0.0"," ","S","30","     0.0"," ","S","30","    0.05"," ","S","30","    0.12"," ","S","30","    0.35"," ","S","30","    1.21"," ","S","30","    8.03"," ","S","30","     0.0"," ","S","30","     0.0"," ","S","30","     0.0"," ","S","30","     0.0"," ","S","30","     0.0"," ","S","30","     0.0"," ","S","30","     0.0"," ","S","30","     0.0"," ","S","30"," -9999.0","M"," "," 0"," -9999.0","M"," "," 0"," -9999.0","M"," "," 0","     0.0"," ","S","30","    18.3"," ","S","30","     0.0"," ","S","29","     0.0"," ","S","29","     0.0"," ","S","29","     0.0"," ","S","29","     0.0"," ","S","29","     0.0"," ","S","29","     0.0"," ","S","29"," -9999.0","M"," "," 0"," -9999.0","M"," "," 0"," -9999.0","M"," "," 0"
"USC00422592","09-29"," 37.7686","-111.5978","1770.9","ESCALANTE, UT US","09","29","99","    59.4"," ","S","28","    76.1"," ","S","28","    42.7"," ","S","29","    33.4"," ","S","28","     5.7"," ","S","28","     7.6"," ","S","28","     5.7"," ","S","29","     7.1"," ","S","28","     6.0"," ","S","28","     0.0"," ","S","28","     0.0","X","S","28","     0.2"," ","S","28","     0.9"," ","S","28","     1.5"," ","S","28","     2.7"," ","S","28","     0.4"," ","S","28","    19.4"," ","S","28","    14.4"," ","S","28","     9.6"," ","S","28","     5.3"," ","S","28","     3.8"," ","S","28","     2.1"," ","S","28","     0.0","X","S","28","     0.0"," ","S","28","     0.4"," ","S","28","    19.4"," ","S","28","    14.4"," ","S","28","     9.6"," ","S","28","     5.3"," ","S","28","     3.8"," ","S","28","     2.1"," ","S","28","     0.0","X","S","28","     0.0"," ","S","28","    14.2"," ","S","28","    13.1"," ","S","28","    15.6"," ","S","30","     8.7"," ","S","30","     5.6"," ","S","30","     3.0"," ","S","30","     0.7"," ","S","30","     0.1"," ","S","30","     0.0"," ","S","30","     0.0"," ","S","30","    0.05"," ","S","30","    0.13"," ","S","30","    0.35"," ","S","30","    1.25"," ","S","30","    8.07"," ","S","30","     0.0"," ","S","30","     0.0"," ","S","30","     0.0"," ","S","30","     0.0"," ","S","30","     0.0"," ","S","30","     0.0"," ","S","30","     0.0"," ","S","30","     0.0"," ","S","30"," -9999.0","M"," "," 0"," -9999.0","M"," "," 0"," -9999.0","M"," "," 0","     0.0"," ","S","30","    18.3"," ","S","30","     0.0"," ","S","29","     0.0"," ","S","29","     0.0"," ","S","29","     0.0"," ","S","29","     0.0"," ","S","29","     0.0"," ","S","29","     0.0"," ","S","29"," -9999.0","M"," "," 0"," -9999.0","M"," "," 0"," -9999.0","M"," "," 0"
"USC00422592","09-30"," 37.7686","-111.5978","1770.9","ESCALANTE, UT US","09","30","99","    59.0"," ","S","28","    75.6"," ","S","28","    42.3"," ","S","29","    33.3"," ","S","28","     5.8"," ","S","28","     7.6"," ","S","28","     5.8"," ","S","29","     7.1"," ","S","28","     6.4"," ","S","28","     0.0"," ","S","28","     0.0","X","S","28","     0.3"," ","S","28","     1.0"," ","S","28","     1.6"," ","S","28","     3.0"," ","S","28","     0.3"," ","S","28","    19.0"," ","S","28","    14.0"," ","S","28","     9.2"," ","S","28","     5.0"," ","S","28","     3.6"," ","S","28","     1.9"," ","S","28","     0.0","X","S","28","     0.0"," ","S","28","     0.3"," ","S","28","    19.0"," ","S","28","    14.0"," ","S","28","     9.2"," ","S","28","     5.0"," ","S","28","     3.6"," ","S","28","     1.9"," ","S","28","     0.0","X","S","28","     0.0"," ","S","28","    14.0"," ","S","28","    12.8"," ","S","28","    15.4"," ","S","30","     8.7"," ","S","30","     5.7"," ","S","30","     3.0"," ","S","30","     0.7"," ","S","30","     0.1"," ","S","30","     0.0"," ","S","30","     0.0"," ","S","30","    0.05"," ","S","30","    0.13"," ","S","30","    0.36"," ","S","30","    1.28"," ","S","30","    8.10"," ","S","30","     0.0"," ","S","30","     0.0"," ","S","30","     0.0"," ","S","30","     0.0"," ","S","30","     0.0"," ","S","30","     0.0"," ","S","30","     0.0"," ","S","30","     0.0"," ","S","30"," -9999.0","M"," "," 0"," -9999.0","M"," "," 0"," -9999.0","M"," "," 0","     0.0"," ","S","30","    18.3"," ","S","30","     0.0"," ","S","29","     0.0"," ","S","29","     0.0"," ","S","29","     0.0"," ","S","29","     0.0"," ","S","29","     0.0"," ","S","29","     0.0"," ","S","29"," -9999.0","M"," "," 0"," -9999.0","M"," "," 0"," -9999.0","M"," "," 0"
"USC00422592","10-01"," 37.7686","-111.5978","1770.9","ESCALANTE, UT US","10","01","99","    58.6"," ","S","28","    75.2"," ","S","28","    41.9"," ","S","29","    33.2"," ","S","28","     5.8"," ","S","28","     7.7"," ","S","28","     5.8"," ","S","29","     7.1"," ","S","28","     6.7"," ","S","28","     0.0"," ","S","28","     0.0","X","S","28","     0.3"," ","S","28","     1.1"," ","S","28","     1.8"," ","S","28","     3.2"," ","S","28","     0.3"," ","S","28","    18.6"," ","S","28","    13.6"," ","S","28","     8.8"," ","S","28","     4.7"," ","S","28","     3.3"," ","S","28","     1.7"," ","S","28","     0.0","X","S","28","     0.0"," ","S","28","     0.3"," ","S","28","    18.6"," ","S","28","    13.6"," ","S","28","     8.8"," ","S","28","     4.7"," ","S","28","     3.3"," ","S","28","     1.7"," ","S","28","     0.0","X","S","28","     0.0"," ","S","28","    13.7"," ","S","28","    12.6"," ","S","28","    15.2"," ","S","30","     8.7"," ","S","30","     5.7"," ","S","30","     3.0"," ","S","30","     0.7"," ","S","30","     0.1"," ","S","30","     0.0"," ","S","30","     0.0"," ","S","30","    0.05"," ","S","30","    0.13"," ","S","30","    0.36"," ","S","30","    0.04"," ","S","30","    8.14"," ","S","30","     0.1"," ","S","30","     0.1"," ","S","30","     0.0"," ","S","30","     0.0"," ","S","30","     0.0"," ","S","30","     0.0"," ","S","30","     0.0"," ","S","30","     0.0"," ","S","30"," -9999.0","Y"," "," 0"," -9999.0","Y"," "," 0"," -9999.0","Y"," "," 0","     0.0"," ","S","30","    18.3"," ","S","30","     0.0"," ","S","29","     0.0"," ","S","29","     0.0"," ","S","29","     0.0"," ","S","29","     0.0"," ","S","29","     0.0"," ","S","29","     0.0"," ","S","29"," -9999.0","M"," "," 0"," -9999.0","M"," "," 0"," -9999.0","M"," "," 0"
"USC00422592","10-02"," 37.7686","-111.5978","1770.9","ESCALANTE, UT US","10","02","99","    58.1"," ","S","28","    74.7"," ","S","28","    41.6"," ","S","29","    33.1"," ","S","28","     5.8"," ","S","28","     7.8"," ","S","28","     5.8"," ","S","29","     7.2"," ","S","28","     7.1"," ","S","28","     0.0","X","S","28","     0.0","X","S","28","     0.3"," ","S","28","     1.2"," ","S","28","     1.9"," ","S","28","     3.4"," ","S","28","     0.2"," ","S","28","    18.1"," ","S","28","    13.2"," ","S","28","     8.5"," ","S","28","     4.4"," ","S","28","     3.0"," ","S","28","     1.5"," ","S","28","     0.0","X","S","28","     0.0"," ","S","28","     0.2"," ","S","28","    18.1"," ","S","28","    13.2"," ","S","28","     8.5"," ","S","28","     4.4"," ","S","28","     3.0"," ","S","28","     1.5"," ","S","28","     0.0","X","S","28","     0.0"," ","S","28","    13.5"," ","S","28","    12.4"," ","S","28","    15.0"," ","S","30","     8.7"," ","S","30","     5.7"," ","S","30","     3.0"," ","S","30","     0.7"," ","S","30","     0.1"," ","S","30","     0.0"," ","S","30","     0.0"," ","S","30","    0.05"," ","S","30","    0.13"," ","S","30","    0.36"," ","S","30","    0.09"," ","S","30","    8.19"," ","S","30","     0.1"," ","S","30","     0.1"," ","S","30","     0.0"," ","S","30","     0.0"," ","S","30","     0.0"," ","S","30","     0.0"," ","S","30","     0.0"," ","S","30","     0.0"," ","S","30"," -9999.0","Y"," "," 0"," -9999.0","Y"," "," 0"," -9999.0","Y"," "," 0","     0.0"," ","S","30","    18.3"," ","S","30","     0.0"," ","S","29","     0.0"," ","S","29","     0.0"," ","S","29","     0.0"," ","S","29","     0.0"," ","S","29","     0.0"," ","S","29","     0.0"," ","S","29"," -9999.0","M"," "," 0"," -9999.0","M"," "," 0"," -9999.0","M"," "," 0"
"USC00422592","10-03"," 37.7686","-111.5978","1770.9","ESCALANTE, UT US","10","03","99","    57.7"," ","S","28","    74.3"," ","S","28","    41.2"," ","S","29","    33.0"," ","S","28","     5.9"," ","S","28","     7.8"," ","S","28","     5.8"," ","S","29","     7.2"," ","S","28","     7.4"," ","S","28","     0.0","X","S","28","     0.0","X","S","28","     0.4"," ","S","28","     1.3"," ","S","28","     2.0"," ","S","28","     3.6"," ","S","28","     0.2"," ","S","28","    17.7"," ","S","28","    12.8"," ","S","28","     8.1"," ","S","28","     4.1"," ","S","28","     2.8"," ","S","28","     1.4"," ","S","28","     0.0","X","S","28","     0.0"," ","S","28","     0.2"," ","S","28","    17.7"," ","S","28","    12.8"," ","S","28","     8.1"," ","S","28","     4.1"," ","S","28","     2.8"," ","S","28","     1.4"," ","S","28","     0.0","X","S","28","     0.0"," ","S","28","    13.3"," ","S","28","    12.2"," ","S","28","    14.9"," ","S","30","     8.7"," ","S","30","     5.7"," ","S","30","     3.0"," ","S","30","     0.8"," ","S","30","     0.1"," ","S","30","     0.0"," ","S","30","     0.0"," ","S","30","    0.05"," ","S","30","    0.14"," ","S","30","    0.37"," ","S","30","    0.13"," ","S","30","    8.23"," ","S","30","     0.1"," ","S","30","     0.1"," ","S","30","     0.0"," ","S","30","     0.0"," ","S","30","     0.0"," ","S","30","     0.0"," ","S","30","     0.0"," ","S","30","     0.0"," ","S","30"," -9999.0","Y"," "," 0"," -9999.0","Y"," "," 0"," -9999.0","Y"," "," 0","     0.0"," ","S","30","    18.3"," ","S","30","     0.0"," ","S","29","     0.0"," ","S","29","     0.0"," ","S","29","     0.0"," ","S","29","     0.0"," ","S","29","     0.0"," ","S","29","     0.0"," ","S","29"," -9999.0","M"," "," 0"," -9999.0","M"," "," 0"," -9999.0","M"," "," 0"
"USC00422592","10-04"," 37.7686","-111.5978","1770.9","ESCALANTE, UT US","10","04","99","    57.3"," ","S","28","    73.8"," ","S","28","    40.9"," ","S","29","    32.9"," ","S","28","     5.9"," ","S","28","     7.9"," ","S","28","     5.8"," ","S","29","     7.3"," ","S","28","     7.8"," ","S","28","     0.0","X","S","28","     0.0","X","S","28","     0.4"," ","S","28","     1.5"," ","S","28","     2.2"," ","S","28","     3.9"," ","S","28","     0.2"," ","S","28","    17.3"," ","S","28","    12.4"," ","S","28","     7.7"," ","S","28","     3.8"," ","S","28","     2.6"," ","S","28","     1.2"," ","S","28","     0.0","X","S","28","     0.0"," ","S","28","     0.2"," ","S","28","    17.3"," ","S","28","    12.4"," ","S","28","     7.7"," ","S","28","     3.8"," ","S","28","     2.6"," ","S","28","     1.2"," ","S","28","     0.0","X","S","28","     0.0"," ","S","28","    13.0"," ","S","28","    11.9"," ","S","28","    14.6"," ","S","30","     8.6"," ","S","30","     5.7"," ","S","30","     3.0"," ","S","30","     0.8"," ","S","30","     0.1"," ","S","30","     0.0"," ","S","30","     0.0"," ","S","30","    0.05"," ","S","30","    0.14"," ","S","30","    0.37"," ","S","30","    0.18"," ","S","30","    8.28"," ","S","30","     0.1"," ","S","30","     0.1"," ","S","30","     0.0"," ","S","30","     0.0"," ","S","30","     0.0"," ","S","30","     0.0"," ","S","30","     0.0"," ","S","30","     0.0"," ","S","30"," -9999.0","Y"," "," 0"," -9999.0","Y"," "," 0"," -9999.0","Y"," "," 0","     0.0"," ","S","30","    18.3"," ","S","30","     0.0"," ","S","29","     0.0"," ","S","29","     0.0"," ","S","29","     0.0"," ","S","29","     0.0"," ","S","29","     0.0"," ","S","29","     0.0"," ","S","29"," -9999.0","M"," "," 0"," -9999.0","M"," "," 0"," -9999.0","M"," "," 0"
"USC00422592","10-05"," 37.7686","-111.5978","1770.9","ESCALANTE, UT US","10","05","99","    56.9"," ","S","28","    73.3"," ","S","28","    40.5"," ","S","29","    32.8"," ","S","28","     5.9"," ","S","28","     7.9"," ","S","28","     5.8"," ","S","29","     7.3"," ","S","28","     8.2"," ","S","28","     0.0","X","S","28","     0.1"," ","S","28","     0.5"," ","S","28","     1.6"," ","S","28","     2.4"," ","S","28","     4.2"," ","S","28","     0.1"," ","S","28","    16.9"," ","S","28","    12.0"," ","S","28","     7.4"," ","S","28","     3.5"," ","S","28","     2.4"," ","S","28","     1.1"," ","S","28","     0.0","X","S","28","     0.0"," ","S","28","     0.1"," ","S","28","    16.9"," ","S","28","    12.0"," ","S","28","     7.4"," ","S","28","     3.5"," ","S","28","     2.4"," ","S","28","     1.1"," ","S","28","     0.0","X","S","28","     0.0"," ","S","28","    12.8"," ","S","28","    11.7"," ","S","28","    14.4"," ","S","30","     8.5"," ","S","30","     5.7"," ","S","30","     3.0"," ","S","30","     0.8"," ","S","30","     0.1"," ","S","30","     0.0"," ","S","30","     0.0"," ","S","30","    0.05"," ","S","30","    0.14"," ","S","30","    0.37"," ","S","30","    0.23"," ","S","30","    8.33"," ","S","30","     0.1"," ","S","30","     0.1"," ","S","30","     0.0"," ","S","30","     0.0"," ","S","30","     0.0"," ","S","30","     0.0"," ","S","30","     0.0"," ","S","30","     0.0"," ","S","30"," -9999.0","Y"," "," 0"," -9999.0","Y"," "," 0"," -9999.0","Y"," "," 0","     0.0"," ","S","30","    18.3"," ","S","30","     0.0"," ","S","29","     0.0"," ","S","29","     0.0"," ","S","29","     0.0"," ","S","29","     0.0"," ","S","29","     0.0"," ","S","29","     0.0"," ","S","29"," -9999.0","M"," "," 0"," -9999.0","M"," "," 0"," -9999.0","M"," "," 0"
"USC00422592","10-06"," 37.7686","-111.5978","1770.9","ESCALANTE, UT US","10","06","99","    56.5"," ","S","28","    72.9"," ","S","28","    40.2"," ","S","29","    32.7"," ","S","28","     5.9"," ","S","28","     8.0"," ","S","28","     5.8"," ","S","29","     7.4"," ","S","28","     8.6"," ","S","28","     0.0","X","S","28","     0.1"," ","S","28","     0.5"," ","S","28","     1.8"," ","S","28","     2.6"," ","S","28","     4.4"," ","S","28","     0.1"," ","S","28","    16.6"," ","S","28","    11.6"," ","S","28","     7.1"," ","S","28","     3.3"," ","S","28","     2.2"," ","S","28","     1.0"," ","S","28","     0.0","X","S","28","     0.0"," ","S","28","     0.1"," ","S","28","    16.6"," ","S","28","    11.6"," ","S","28","     7.1"," ","S","28","     3.3"," ","S","28","     2.2"," ","S","28","     1.0"," ","S","28","     0.0","X","S","28","     0.0"," ","S","28","    12.6"," ","S","28","    11.5"," ","S","28","    14.2"," ","S","30","     8.4"," ","S","30","     5.6"," ","S","30","     3.0"," ","S","30","     0.8"," ","S","30","     0.1"," ","S","30","     0.0"," ","S","30","     0.0"," ","S","30","    0.05"," ","S","30","    0.14"," ","S","30","    0.37"," ","S","30","    0.27"," ","S","30","    8.37"," ","S","30","     0.1"," ","S","30","     0.1"," ","S","30","     0.0"," ","S","30","     0.0"," ","S","30","     0.0"," ","S","30","     0.0"," ","S","30","     0.0"," ","S","30","     0.0"," ","S","30"," -9999.0","Y"," "," 0"," -9999.0","Y"," "," 0"," -9999.0","Y"," "," 0","     0.0"," ","S","30","    18.3"," ","S","30","     0.0"," ","S","29","     0.0"," ","S","29","     0.0"," ","S","29","     0.0"," ","S","29","     0.0"," ","S","29","     0.0"," ","S","29","     0.0"," ","S","29"," -9999.0","M"," "," 0"," -9999.0","M"," "," 0"," -9999.0","M"," "," 0"
"USC00422592","10-07"," 37.7686","-111.5978","1770.9","ESCALANTE, UT US","10","07","99","    56.1"," ","S","28","    72.4"," ","S","28","    39.8"," ","S","29","    32.6"," ","S","28","     6.0"," ","S","28","     8.0"," ","S","28","     5.9"," ","S","29","     7.5"," ","S","28","     9.0"," ","S","28","     0.0","X","S","28","     0.1"," ","S","28","     0.6"," ","S","28","     1.9"," ","S","28","     2.9"," ","S","28","     4.7"," ","S","28","     0.1"," ","S","28","    16.2"," ","S","28","    11.2"," ","S","28","     6.7"," ","S","28","     3.1"," ","S","28","     2.0"," ","S","28","     0.9"," ","S","28","     0.0","X","S","28","     0.0"," ","S","28","     0.1"," ","S","28","    16.2"," ","S","28","    11.2"," ","S","28","     6.7"," ","S","28","     3.1"," ","S","28","     2.0"," ","S","28","     0.9"," ","S","28","     0.0","X","S","28","     0.0"," ","S","28","    12.3"," ","S","28","    11.3"," ","S","28","    14.0"," ","S","30","     8.3"," ","S","30","     5.6"," ","S","30","     2.9"," ","S","30","     0.8"," ","S","30","     0.1"," ","S","30","     0.0"," ","S","30","     0.0"," ","S","30","    0.05"," ","S","30","    0.14"," ","S","30","    0.37"," ","S","30","    0.32"," ","S","30","    8.42"," ","S","30","     0.1"," ","S","30","     0.1"," ","S","30","     0.0"," ","S","30","     0.0"," ","S","30","     0.0"," ","S","30","     0.0"," ","S","30","     0.0"," ","S","30","     0.0"," ","S","30"," -9999.0","Y"," "," 0"," -9999.0","Y"," "," 0"," -9999.0","Y"," "," 0","     0.0"," ","S","30","    18.3"," ","S","30","     0.0"," ","S","29","     0.0"," ","S","29","     0.0"," ","S","29","     0.0"," ","S","29","     0.0"," ","S","29","     0.0"," ","S","29","     0.0"," ","S","29"," -9999.0","M"," "," 0"," -9999.0","M"," "," 0"," -9999.0","M"," "," 0"
"USC00422592","10-08"," 37.7686","-111.5978","1770.9","ESCALANTE, UT US","10","08","99","    55.7"," ","S","28","    72.0"," ","S","28","    39.5"," ","S","29","    32.5"," ","S","28","     6.0"," ","S","28","     8.1"," ","S","28","     5.9"," ","S","29","     7.5"," ","S","28","     9.3"," ","S","28","     0.0","X","S","28","     0.2"," ","S","28","     0.7"," ","S","28","     2.1"," ","S","28","     3.1"," ","S","28","     5.0"," ","S","28","     0.0","X","S","28","    15.8"," ","S","28","    10.9"," ","S","28","     6.4"," ","S","28","     2.8"," ","S","28","     1.8"," ","S","28","     0.7"," ","S","28","     0.0","X","S","28","     0.0"," ","S","28","     0.0","X","S","28","    15.8"," ","S","28","    10.9"," ","S","28","     6.4"," ","S","28","     2.8"," ","S","28","     1.8"," ","S","28","     0.7"," ","S","28","     0.0","X","S","28","     0.0"," ","S","28","    12.1"," ","S","28","    11.0"," ","S","28","    13.7"," ","S","30","     8.2"," ","S","30","     5.5"," ","S","30","     2.9"," ","S","30","     0.7"," ","S","30","     0.1"," ","S","30","     0.0"," ","S","30","     0.0"," ","S","30","    0.05"," ","S","30","    0.14"," ","S","30","    0.37"," ","S","30","    0.36"," ","S","30","    8.46"," ","S","30","     0.1"," ","S","30","     0.1"," ","S","30","     0.0"," ","S","30","     0.0"," ","S","30","     0.0"," ","S","30","     0.0"," ","S","30","     0.0"," ","S","30","     0.0"," ","S","30"," -9999.0","Y"," "," 0"," -9999.0","Y"," "," 0"," -9999.0","Y"," "," 0","     0.0"," ","S","30","    18.3"," ","S","30","     0.0"," ","S","29","     0.0"," ","S","29","     0.0"," ","S","29","     0.0"," ","S","29","     0.0"," ","S","29","     0.0"," ","S","29","     0.0"," ","S","29"," -9999.0","M"," "," 0"," -9999.0","M"," "," 0"," -9999.0","M"," "," 0"
"USC00422592","10-09"," 37.7686","-111.5978","1770.9","ESCALANTE, UT US","10","09","99","    55.3"," ","S","28","    71.5"," ","S","28","    39.1"," ","S","29","    32.4"," ","S","28","     6.0"," ","S","28","     8.1"," ","S","28","     5.9"," ","S","29","     7.6"," ","S","28","     9.7"," ","S","28","     0.1"," ","S","28","     0.2"," ","S","28","     0.8"," ","S","28","     2.3"," ","S","28","     3.3"," ","S","28","     5.3"," ","S","28","     0.0","X","S","28","    15.4"," ","S","28","    10.5"," ","S","28","     6.1"," ","S","28","     2.6"," ","S","28","     1.6"," ","S","28","     0.6"," ","S","28","     0.0","X","S","28","     0.0"," ","S","28","     0.0","X","S","28","    15.4"," ","S","28","    10.5"," ","S","28","     6.1"," ","S","28","     2.6"," ","S","28","     1.6"," ","S","28","     0.6"," ","S","28","     0.0","X","S","28","     0.0"," ","S","28","    11.8"," ","S","28","    10.8"," ","S","28","    13.5"," ","S","30","     8.0"," ","S","30","     5.4"," ","S","30","     2.8"," ","S","30","     0.7"," ","S","30","     0.1"," ","S","30","     0.0"," ","S","30","     0.0"," ","S","30","    0.05"," ","S","30","    0.14"," ","S","30","    0.37"," ","S","30","    0.41"," ","S","30","    8.51"," ","S","30","     0.1"," ","S","30","     0.1"," ","S","30","     0.0"," ","S","30","     0.0"," ","S","30","     0.0"," ","S","30","     0.0"," ","S","30","     0.0"," ","S","30","     0.0"," ","S","30"," -9999.0","Y"," "," 0"," -9999.0","Y"," "," 0"," -9999.0","Y"," "," 0","     0.0"," ","S","30","    18.3"," ","S","30","     0.0"," ","S","29","     0.0"," ","S","29","     0.0"," ","S","29","     0.0"," ","S","29","     0.0"," ","S","29","     0.0"," ","S","29","     0.0"," ","S","29"," -9999.0","M"," "," 0"," -9999.0","M"," "," 0"," -9999.0","M"," "," 0"
"USC00422592","10-10"," 37.7686","-111.5978","1770.9","ESCALANTE, UT US","10","10","99","    54.9"," ","S","28","    71.0"," ","S","28","    38.8"," ","S","29","    32.3"," ","S","28","     6.0"," ","S","28","     8.2"," ","S","28","     5.9"," ","S","29","     7.7"," ","S","28","    10.1"," ","S","28","     0.1"," ","S","28","     0.2"," ","S","28","     0.9"," ","S","28","     2.5"," ","S","28","     3.5"," ","S","28","     5.6"," ","S","28","     0.0","X","S","28","    15.0"," ","S","28","    10.1"," ","S","28","     5.8"," ","S","28","     2.4"," ","S","28","     1.4"," ","S","28","     0.6"," ","S","28","     0.0","X","S","28","     0.0"," ","S","28","     0.0","X","S","28","    15.0"," ","S","28","    10.1"," ","S","28","     5.8"," ","S","28","     2.4"," ","S","28","     1.4"," ","S","28","     0.6"," ","S","28","     0.0","X","S","28","     0.0"," ","S","28","    11.6"," ","S","28","    10.6"," ","S","28","    13.3"," ","S","30","     7.9"," ","S","30","     5.3"," ","S","30","     2.8"," ","S","30","     0.7"," ","S","30","     0.1"," ","S","30","     0.0"," ","S","30","     0.0"," ","S","30","    0.05"," ","S","30","    0.14"," ","S","30","    0.36"," ","S","30","    0.46"," ","S","30","    8.56"," ","S","30","     0.1"," ","S","30","     0.1"," ","S","30","     0.0"," ","S","30","     0.0"," ","S","30","     0.0"," ","S","30","     0.0"," ","S","30","     0.0"," ","S","30","     0.0"," ","S","30"," -9999.0","Y"," "," 0"," -9999.0","Y"," "," 0"," -9999.0","Y"," "," 0","     0.0"," ","S","30","    18.3"," ","S","30","     0.0"," ","S","29","     0.0"," ","S","29","     0.0"," ","S","29","     0.0"," ","S","29","     0.0"," ","S","29","     0.0"," ","S","29","     0.0"," ","S","29"," -9999.0","M"," "," 0"," -9999.0","M"," "," 0"," -9999.0","M"," "," 0"
"USC00422592","10-11"," 37.7686","-111.5978","1770.9","ESCALANTE, UT US","10","11","99","    54.5"," ","S","28","    70.6"," ","S","28","    38.4"," ","S","29","    32.1"," ","S","28","     6.0"," ","S","28","     8.2"," ","S","28","     5.9"," ","S","29","     7.8"," ","S","28","    10.5"," ","S","28","     0.1"," ","S","28","     0.2"," ","S","28","     1.0"," ","S","28","     2.7"," ","S","28","     3.8"," ","S","28","     6.0"," ","S","28","     0.0","X","S","28","    14.6"," ","S","28","     9.8"," ","S","28","     5.5"," ","S","28","     2.2"," ","S","28","     1.3"," ","S","28","     0.5"," ","S","28","     0.0","X","S","28","     0.0"," ","S","28","     0.0","X","S","28","    14.6"," ","S","28","     9.8"," ","S","28","     5.5"," ","S","28","     2.2"," ","S","28","     1.3"," ","S","28","     0.5"," ","S","28","     0.0","X","S","28","     0.0"," ","S","28","    11.4"," ","S","28","    10.3"," ","S","28","    13.1"," ","S","30","     7.8"," ","S","30","     5.2"," ","S","30","     2.7"," ","S","30","     0.7"," ","S","30","     0.1"," ","S","30","     0.0"," ","S","30","     0.0"," ","S","30","    0.05"," ","S","30","    0.14"," ","S","30","    0.36"," ","S","30","    0.51"," ","S","30","    8.61"," ","S","30","     0.2"," ","S","30","     0.2"," ","S","30","     0.1"," ","S","30","     0.0"," ","S","30","     0.0"," ","S","30","     0.0"," ","S","30","     0.0"," ","S","30","     0.0"," ","S","30"," -9999.0","Y"," "," 0"," -9999.0","Y"," "," 0"," -9999.0","Y"," "," 0","     0.0"," ","S","30","    18.3"," ","S","30","     0.0"," ","S","29","     0.0"," ","S","29","     0.0"," ","S","29","     0.0"," ","S","29","     0.0"," ","S","29","     0.0"," ","S","29","     0.0"," ","S","29"," -9999.0","M"," "," 0"," -9999.0","M"," "," 0"," -9999.0","M"," "," 0"
"USC00422592","10-12"," 37.7686","-111.5978","1770.9","ESCALANTE, UT US","10","12","99","    54.1"," ","S","28","    70.1"," ","S","28","    38.1"," ","S","29","    32.0"," ","S","28","     6.1"," ","S","28","     8.3"," ","S","28","     6.0"," ","S","29","     7.8"," ","S","28","    10.9"," ","S","28","     0.1"," ","S","28","     0.3"," ","S","28","     1.0"," ","S","28","     2.9"," ","S","28","     4.1"," ","S","28","     6.3"," ","S","28","     0.0","X","S","28","    14.2"," ","S","28","     9.4"," ","S","28","     5.1"," ","S","28","     2.0"," ","S","28","     1.2"," ","S","28","     0.4"," ","S","28","     0.0","X","S","28","     0.0"," ","S","28","     0.0","X","S","28","    14.2"," ","S","28","     9.4"," ","S","28","     5.1"," ","S","28","     2.0"," ","S","28","     1.2"," ","S","28","     0.4"," ","S","28","     0.0","X","S","28","     0.0"," ","S","28","    11.1"," ","S","28","    10.1"," ","S","28","    12.9"," ","S","30","     7.7"," ","S","30","     5.2"," ","S","30","     2.7"," ","S","30","     0.7"," ","S","30","     0.1"," ","S","30","     0.0"," ","S","30","     0.0"," ","S","30","    0.05"," ","S","30","    0.14"," ","S","30","    0.36"," ","S","30","    0.56"," ","S","30","    8.66"," ","S","30","     0.2"," ","S","30","     0.2"," ","S","30","     0.1"," ","S","30","     0.0"," ","S","30","     0.0"," ","S","30","     0.0"," ","S","30","     0.0"," ","S","30","     0.0"," ","S","30"," -9999.0","Y"," "," 0"," -9999.0","Y"," "," 0"," -9999.0","Y"," "," 0","     0.0"," ","S","30","    18.3"," ","S","30","     0.0"," ","S","29","     0.0"," ","S","29","     0.0"," ","S","29","     0.0"," ","S","29","     0.0"," ","S","29","     0.0"," ","S","29","     0.0"," ","S","29"," -9999.0","M"," "," 0"," -9999.0","M"," "," 0"," -9999.0","M"," "," 0"
"USC00422592","10-13"," 37.7686","-111.5978","1770.9","ESCALANTE, UT US","10","13","99","    53.7"," ","S","28","    69.7"," ","S","28","    37.8"," ","S","29","    31.9"," ","S","28","     6.1"," ","S","28","     8.3"," ","S","28","     6.0"," ","S","29","     7.9"," ","S","28","    11.3"," ","S","28","     0.1"," ","S","28","     0.3"," ","S","28","     1.1"," ","S","28","     3.1"," ","S","28","     4.3"," ","S","28","     6.7"," ","S","28","     0.0","X","S","28","    13.8"," ","S","28","     9.0"," ","S","28","     4.8"," ","S","28","     1.8"," ","S","28","     1.0"," ","S","28","     0.4"," ","S","28","     0.0"," ","S","28","     0.0"," ","S","28","     0.0","X","S","28","    13.8"," ","S","28","     9.0"," ","S","28","     4.8"," ","S","28","     1.8"," ","S","28","     1.0"," ","S","28","     0.4"," ","S","28","     0.0"," ","S","28","     0.0"," ","S","28","    10.9"," ","S","28","     9.9"," ","S","28","    12.8"," ","S","30","     7.6"," ","S","30","     5.1"," ","S","30","     2.6"," ","S","30","     0.7"," ","S","30","     0.1"," ","S","30","     0.0"," ","S","30","     0.0"," ","S","30","    0.05"," ","S","30","    0.14"," ","S","30","    0.36"," ","S","30","    0.61"," ","S","30","    8.71"," ","S","30","     0.2"," ","S","30","     0.2"," ","S","30","     0.1"," ","S","30","     0.0"," ","S","30","     0.0"," ","S","30","     0.0"," ","S","30","     0.0"," ","S","30","     0.0"," ","S","30"," -9999.0","Y"," "," 0"," -9999.0","Y"," "," 0"," -9999.0","Y"," "," 0","     0.0"," ","S","30","    18.3"," ","S","30","     0.0"," ","S","29","     0.0"," ","S","29","     0.0"," ","S","29","     0.0"," ","S","29","     0.0"," ","S","29","     0.0"," ","S","29","     0.0"," ","S","29"," -9999.0","M"," "," 0"," -9999.0","M"," "," 0"," -9999.0","M"," "," 0"
"USC00422592","10-14"," 37.7686","-111.5978","1770.9","ESCALANTE, UT US","10","14","99","    53.3"," ","S","28","    69.2"," ","S","28","    37.4"," ","S","29","    31.8"," ","S","28","     6.1"," ","S","28","     8.4"," ","S","28","     6.0"," ","S","29","     7.9"," ","S","28","    11.7"," ","S","28","     0.1"," ","S","28","     0.3"," ","S","28","     1.2"," ","S","28","     3.3"," ","S","28","     4.6"," ","S","28","     7.0"," ","S","28","     0.0","X","S","28","    13.4"," ","S","28","     8.6"," ","S","28","     4.5"," ","S","28","     1.6"," ","S","28","     0.9"," ","S","28","     0.3"," ","S","28","     0.0"," ","S","28","     0.0"," ","S","28","     0.0","X","S","28","    13.4"," ","S","28","     8.6"," ","S","28","     4.5"," ","S","28","     1.6"," ","S","28","     0.9"," ","S","28","     0.3"," ","S","28","     0.0"," ","S","28","     0.0"," ","S","28","    10.7"," ","S","28","     9.7"," ","S","28","    12.7"," ","S","30","     7.5"," ","S","30","     5.0"," ","S","30","     2.6"," ","S","30","     0.7"," ","S","30","     0.1"," ","S","30","     0.0"," ","S","30","     0.0"," ","S","30","    0.05"," ","S","30","    0.14"," ","S","30","    0.36"," ","S","30","    0.66"," ","S","30","    8.76"," ","S","30","     0.2"," ","S","30","     0.2"," ","S","30","     0.1"," ","S","30","     0.0"," ","S","30","     0.0"," ","S","30","     0.0"," ","S","30","     0.0"," ","S","30","     0.0"," ","S","30"," -9999.0","Y"," "," 0"," -9999.0","Y"," "," 0"," -9999.0","Y"," "," 0","     0.0"," ","S","30","    18.3"," ","S","30"," -9999.0","Z"," "," 0","     0.0"," ","S","29","     0.0"," ","S","29","     0.0"," ","S","29","     0.0"," ","S","29","     0.0"," ","S","29","     0.0"," ","S","29"," -9999.0","M"," "," 0"," -9999.0","M"," "," 0"," -9999.0","M"," "," 0"
"USC00422592","10-15"," 37.7686","-111.5978","1770.9","ESCALANTE, UT US","10","15","99","    52.9"," ","S","28","    68.8"," ","S","28","    37.1"," ","S","29","    31.7"," ","S","28","     6.1"," ","S","28","     8.4"," ","S","28","     6.0"," ","S","29","     8.0"," ","S","28","    12.1"," ","S","28","     0.1"," ","S","28","     0.4"," ","S","28","     1.3"," ","S","28","     3.6"," ","S","28","     4.9"," ","S","28","     7.3"," ","S","28","     0.0","X","S","28","    13.0"," ","S","28","     8.3"," ","S","28","     4.2"," ","S","28","     1.5"," ","S","28","     0.8"," ","S","28","     0.3"," ","S","28","     0.0"," ","S","28","     0.0"," ","S","28","     0.0","X","S","28","    13.0"," ","S","28","     8.3"," ","S","28","     4.2"," ","S","28","     1.5"," ","S","28","     0.8"," ","S","28","     0.3"," ","S","28","     0.0"," ","S","28","     0.0"," ","S","28","    10.4"," ","S","28","     9.4"," ","S","28","    12.6"," ","S","30","     7.5"," ","S","30","     5.0"," ","S","30","     2.6"," ","S","30","     0.6"," ","S","30","     0.1"," ","S","30","     0.0"," ","S","30","     0.0"," ","S","30","    0.05"," ","S","30","    0.14"," ","S","30","    0.36"," ","S","30","    0.71"," ","S","30","    8.81"," ","S","30","     0.2"," ","S","30","     0.2"," ","S","30","     0.1"," ","S","30","     0.0"," ","S","30","     0.0"," ","S","30","     0.0"," ","S","30","     0.0"," ","S","30","     0.0"," ","S","30"," -9999.0","Y"," "," 0"," -9999.0","Y"," "," 0"," -9999.0","Y"," "," 0","     0.0"," ","S","30","    18.3"," ","S","30"," -9999.0","Z"," "," 0","     0.0"," ","S","29","     0.0"," ","S","29","     0.0"," ","S","29","     0.0"," ","S","29","     0.0"," ","S","29","     0.0"," ","S","29"," -9999.0","M"," "," 0"," -9999.0","M"," "," 0"," -9999.0","M"," "," 0"
"USC00422592","10-16"," 37.7686","-111.5978","1770.9","ESCALANTE, UT US","10","16","99","    52.5"," ","S","28","    68.3"," ","S","28","    36.8"," ","S","29","    31.5"," ","S","28","     6.1"," ","S","28","     8.4"," ","S","28","     6.0"," ","S","29","     8.0"," ","S","28","    12.5"," ","S","28","     0.1"," ","S","28","     0.4"," ","S","28","     1.4"," ","S","28","     3.8"," ","S","28","     5.2"," ","S","28","     7.7"," ","S","28","     0.0","X","S","28","    12.6"," ","S","28","     7.9"," ","S","28","     3.9"," ","S","28","     1.3"," ","S","28","     0.7"," ","S","28","     0.2"," ","S","28","     0.0"," ","S","28","     0.0"," ","S","28","     0.0","X","S","28","    12.6"," ","S","28","     7.9"," ","S","28","     3.9"," ","S","28","     1.3"," ","S","28","     0.7"," ","S","28","     0.2"," ","S","28","     0.0"," ","S","28","     0.0"," ","S","28","    10.2"," ","S","28","     9.2"," ","S","28","    12.6"," ","S","30","     7.4"," ","S","30","     5.0"," ","S","30","     2.5"," ","S","30","     0.6"," ","S","30","     0.1"," ","S","30","     0.0"," ","S","30","     0.0"," ","S","30","    0.05"," ","S","30","    0.14"," ","S","30","    0.36"," ","S","30","    0.76"," ","S","30","    8.86"," ","S","30","     0.3"," ","S","30","     0.3"," ","S","30","     0.1"," ","S","30","     0.0"," ","S","30","     0.0"," ","S","30","     0.0"," ","S","30","     0.0"," ","S","30","     0.0"," ","S","30"," -9999.0","Y"," "," 0"," -9999.0","Y"," "," 0"," -9999.0","Y"," "," 0","     0.0"," ","S","30","    18.3"," ","S","30"," -9999.0","Z"," "," 0","     0.0"," ","S","29","     0.0"," ","S","29","     0.0"," ","S","29","     0.0"," ","S","29","     0.0"," ","S","29","     0.0"," ","S","29"," -9999.0","M"," "," 0"," -9999.0","M"," "," 0"," -9999.0","M"," "," 0"
"USC00422592","10-17"," 37.7686","-111.5978","1770.9","ESCALANTE, UT US","10","17","99","    52.1"," ","S","28","    67.8"," ","S","28","    36.4"," ","S","29","    31.4"," ","S","28","     6.2"," ","S","28","     8.4"," ","S","28","     6.0"," ","S","29","     8.0"," ","S","28","    12.9"," ","S","28","     0.1"," ","S","28","     0.4"," ","S","28","     1.5"," ","S","28","     4.1"," ","S","28","     5.5"," ","S","28","     8.1"," ","S","28","     0.0","X","S","28","    12.2"," ","S","28","     7.6"," ","S","28","     3.7"," ","S","28","     1.2"," ","S","28","     0.6"," ","S","28","     0.2"," ","S","28","     0.0"," ","S","28","     0.0"," ","S","28","     0.0","X","S","28","    12.2"," ","S","28","     7.6"," ","S","28","     3.7"," ","S","28","     1.2"," ","S","28","     0.6"," ","S","28","     0.2"," ","S","28","     0.0"," ","S","28","     0.0"," ","S","28","    10.0"," ","S","28","     9.0"," ","S","28","    12.6"," ","S","30","     7.4"," ","S","30","     4.9"," ","S","30","     2.5"," ","S","30","     0.6"," ","S","30","     0.1"," ","S","30","     0.0"," ","S","30","     0.0"," ","S","30","    0.05"," ","S","30","    0.14"," ","S","30","    0.35"," ","S","30","    0.81"," ","S","30","    8.91"," ","S","30","     0.3"," ","S","30","     0.3"," ","S","30","     0.1"," ","S","30","     0.0"," ","S","30","     0.0"," ","S","30","     0.0"," ","S","30","     0.0"," ","S","30","     0.0"," ","S","30"," -9999.0","Y"," "," 0"," -9999.0","Y"," "," 0"," -9999.0","Y"," "," 0","     0.0"," ","S","30","    18.3"," ","S","30"," -9999.0","Z"," "," 0","     0.0"," ","S","29","     0.0"," ","S","29","     0.0"," ","S","29","     0.0"," ","S","29","     0.0"," ","S","29","     0.0"," ","S","29"," -9999.0","M"," "," 0"," -9999.0","M"," "," 0"," -9999.0","M"," "," 0"
"USC00422592","10-18"," 37.7686","-111.5978","1770.9","ESCALANTE, UT US","10","18","99","    51.7"," ","S","28","    67.4"," ","S","28","    36.1"," ","S","29","    31.3"," ","S","28","     6.2"," ","S","28","     8.5"," ","S","28","     6.1"," ","S","29","     8.0"," ","S","28","    13.3"," ","S","28","     0.1"," ","S","28","     0.5"," ","S","28","     1.7"," ","S","28","     4.3"," ","S","28","     5.8"," ","S","28","     8.4"," ","S","28","     0.0","X","S","28","    11.8"," ","S","28","     7.2"," ","S","28","     3.4"," ","S","28","     1.1"," ","S","28","     0.6"," ","S","28","     0.2"," ","S","28","     0.0"," ","S","28","     0.0"," ","S","28","     0.0","X","S","28","    11.8"," ","S","28","     7.2"," ","S","28","     3.4"," ","S","28","     1.1"," ","S","28","     0.6"," ","S","28","     0.2"," ","S","28","     0.0"," ","S","28","     0.0"," ","S","28","     9.7"," ","S","28","     8.8"," ","S","28","    12.5"," ","S","30","     7.3"," ","S","30","     4.8"," ","S","30","     2.5"," ","S","30","     0.6"," ","S","30","     0.1"," ","S","30","     0.0"," ","S","30","     0.0"," ","S","30","    0.05"," ","S","30","    0.14"," ","S","30","    0.35"," ","S","30","    0.85"," ","S","30","    8.95"," ","S","30","     0.3"," ","S","30","     0.3"," ","S","30","     0.2"," ","S","30"," -9999.0","Z"," "," 0","     0.0"," ","S","30","     0.0"," ","S","30","     0.0"," ","S","30","     0.0"," ","S","30"," -9999.0","Y"," "," 0"," -9999.0","Y"," "," 0"," -9999.0","Y"," "," 0","     0.0"," ","S","30","    18.3"," ","S","30"," -9999.0","Z"," "," 0","     0.0"," ","S","29","     0.0"," ","S","29","     0.0"," ","S","29","     0.0"," ","S","29","     0.0"," ","S","29","     0.0"," ","S","29"," -9999.0","M"," "," 0"," -9999.0","M"," "," 0"," -9999.0","M"," "," 0"
"USC00422592","10-19"," 37.7686","-111.5978","1770.9","ESCALANTE, UT US","10","19","99","    51.3"," ","S","28","    66.9"," ","S","28","    35.8"," ","S","29","    31.2"," ","S","28","     6.2"," ","S","28","     8.5"," ","S","28","     6.1"," ","S","29","     8.0"," ","S","28","    13.7"," ","S","28","     0.1"," ","S","28","     0.5"," ","S","28","     1.8"," ","S","28","     4.6"," ","S","28","     6.1"," ","S","28","     8.8"," ","S","28","     0.0","X","S","28","    11.5"," ","S","28","     6.9"," ","S","28","     3.2"," ","S","28","     0.9"," ","S","28","     0.5"," ","S","28","     0.1"," ","S","28","     0.0"," ","S","28","     0.0"," ","S","28","     0.0","X","S","28","    11.5"," ","S","28","     6.9"," ","S","28","     3.2"," ","S","28","     0.9"," ","S","28","     0.5"," ","S","28","     0.1"," ","S","28","     0.0"," ","S","28","     0.0"," ","S","28","     9.5"," ","S","28","     8.5"," ","S","28","    12.5"," ","S","30","     7.2"," ","S","30","     4.8"," ","S","30","     2.4"," ","S","30","     0.6"," ","S","30","     0.1"," ","S","30","     0.0"," ","S","30","     0.0"," ","S","30","    0.05"," ","S","30","    0.13"," ","S","30","    0.35"," ","S","30","    0.90"," ","S","30","    9.00"," ","S","30","     0.3"," ","S","30","     0.3"," ","S","30","     0.2"," ","S","30"," -9999.0","Z"," "," 0","     0.0"," ","S","30","     0.0"," ","S","30","     0.0"," ","S","30","     0.0"," ","S","30"," -9999.0","Y"," "," 0"," -9999.0","Y"," "," 0"," -9999.0","Y"," "," 0","     0.0"," ","S","30","    18.3"," ","S","30"," -9999.0","Z"," "," 0","     0.0"," ","S","29","     0.0"," ","S","29","     0.0"," ","S","29","     0.0"," ","S","29","     0.0"," ","S","29","     0.0"," ","S","29"," -9999.0","M"," "," 0"," -9999.0","M"," "," 0"," -9999.0","M"," "," 0"
"USC00422592","10-20"," 37.7686","-111.5978","1770.9","ESCALANTE, UT US","10","20","99","    51.0"," ","S","28","    66.5"," ","S","28","    35.4"," ","S","29","    31.0"," ","S","28","     6.3"," ","S","28","     8.5"," ","S","28","     6.1"," ","S","29","     8.0"," ","S","28","    14.0"," ","S","28","     0.1"," ","S","28","     0.6"," ","S","28","     2.0"," ","S","28","     4.9"," ","S","28","     6.4"," ","S","28","     9.1"," ","S","28","     0.0","X","S","28","    11.1"," ","S","28","     6.6"," ","S","28","     3.0"," ","S","28","     0.8"," ","S","28","     0.4"," ","S","28","     0.1"," ","S","28","     0.0"," ","S","28","     0.0"," ","S","28","     0.0","X","S","28","    11.1"," ","S","28","     6.6"," ","S","28","     3.0"," ","S","28","     0.8"," ","S","28","     0.4"," ","S","28","     0.1"," ","S","28","     0.0"," ","S","28","     0.0"," ","S","28","     9.3"," ","S","28","     8.3"," ","S","28","    12.4"," ","S","30","     7.1"," ","S","30","     4.7"," ","S","30","     2.4"," ","S","30","     0.5"," ","S","30","     0.1"," ","S","30","     0.0"," ","S","30","     0.0"," ","S","30","    0.05"," ","S","30","    0.13"," ","S","30","    0.34"," ","S","30","    0.94"," ","S","30","    9.04"," ","S","30","     0.3"," ","S","30","     0.3"," ","S","30","     0.2"," ","S","30"," -9999.0","Z"," "," 0","     0.0"," ","S","30","     0.0"," ","S","30","     0.0"," ","S","30","     0.0"," ","S","30"," -9999.0","Y"," "," 0"," -9999.0","Y"," "," 0"," -9999.0","Y"," "," 0","     0.0"," ","S","30","    18.3"," ","S","30"," -9999.0","Z"," "," 0","     0.0"," ","S","29","     0.0"," ","S","29","     0.0"," ","S","29","     0.0"," ","S","29","     0.0"," ","S","29","     0.0"," ","S","29"," -9999.0","M"," "," 0"," -9999.0","M"," "," 0"," -9999.0","M"," "," 0"
"USC00422592","10-21"," 37.7686","-111.5978","1770.9","ESCALANTE, UT US","10","21","99","    50.6"," ","S","28","    66.0"," ","S","28","    35.1"," ","S","29","    30.9"," ","S","28","     6.3"," ","S","28","     8.6"," ","S","28","     6.1"," ","S","29","     8.0"," ","S","28","    14.4"," ","S","28","     0.1"," ","S","28","     0.7"," ","S","28","     2.2"," ","S","28","     5.2"," ","S","28","     6.8"," ","S","28","     9.5"," ","S","28","     0.0","X","S","28","    10.7"," ","S","28","     6.3"," ","S","28","     2.8"," ","S","28","     0.7"," ","S","28","     0.3"," ","S","28","     0.1"," ","S","28","     0.0"," ","S","28","     0.0"," ","S","28","     0.0","X","S","28","    10.7"," ","S","28","     6.3"," ","S","28","     2.8"," ","S","28","     0.7"," ","S","28","     0.3"," ","S","28","     0.1"," ","S","28","     0.0"," ","S","28","     0.0"," ","S","28","     9.1"," ","S","28","     8.1"," ","S","28","    12.4"," ","S","30","     7.0"," ","S","30","     4.6"," ","S","30","     2.3"," ","S","30","     0.5"," ","S","30","     0.1"," ","S","30","     0.0"," ","S","30","     0.0"," ","S","30","    0.05"," ","S","30","    0.13"," ","S","30","    0.34"," ","S","30","    0.97"," ","S","30","    9.07"," ","S","30","     0.3"," ","S","30","     0.3"," ","S","30","     0.2"," ","S","30"," -9999.0","Z"," "," 0","     0.0"," ","S","30","     0.0"," ","S","30","     0.0"," ","S","30","     0.0"," ","S","30"," -9999.0","Y"," "," 0"," -9999.0","Y"," "," 0"," -9999.0","Y"," "," 0","     0.0"," ","S","30","    18.3"," ","S","30"," -9999.0","Z"," "," 0","     0.0"," ","S","29","     0.0"," ","S","29","     0.0"," ","S","29","     0.0"," ","S","29","     0.0"," ","S","29","     0.0"," ","S","29"," -9999.0","M"," "," 0"," -9999.0","M"," "," 0"," -9999.0","M"," "," 0"
"USC00422592","10-22"," 37.7686","-111.5978","1770.9","ESCALANTE, UT US","10","22","99","    50.2"," ","S","28","    65.6"," ","S","28","    34.8"," ","S","29","    30.8"," ","S","28","     6.3"," ","S","28","     8.6"," ","S","28","     6.2"," ","S","29","     8.0"," ","S","28","    14.8"," ","S","28","     0.2"," ","S","28","     0.8"," ","S","28","     2.4"," ","S","28","     5.5"," ","S","28","     7.1"," ","S","28","     9.9"," ","S","28","     0.0","X","S","28","    10.4"," ","S","28","     6.0"," ","S","28","     2.6"," ","S","28","     0.6"," ","S","28","     0.3"," ","S","28","     0.1"," ","S","28","     0.0"," ","S","28","     0.0"," ","S","28","     0.0","X","S","28","    10.4"," ","S","28","     6.0"," ","S","28","     2.6"," ","S","28","     0.6"," ","S","28","     0.3"," ","S","28","     0.1"," ","S","28","     0.0"," ","S","28","     0.0"," ","S","28","     8.9"," ","S","28","     7.9"," ","S","28","    12.3"," ","S","30","     6.9"," ","S","30","     4.5"," ","S","30","     2.3"," ","S","30","     0.5"," ","S","30","     0.1"," ","S","30","     0.0"," ","S","30","     0.0"," ","S","30","    0.05"," ","S","30","    0.12"," ","S","30","    0.33"," ","S","30","    1.00"," ","S","30","    9.10"," ","S","30","     0.4"," ","S","30","     0.4"," ","S","30","     0.2"," ","S","30"," -9999.0","Z"," "," 0","     0.0"," ","S","30","     0.0"," ","S","30","     0.0"," ","S","30","     0.0"," ","S","30"," -9999.0","Y"," "," 0"," -9999.0","Y"," "," 0"," -9999.0","Y"," "," 0","     0.0"," ","S","30","    18.3"," ","S","30"," -9999.0","Z"," "," 0"," -9999.0","Z"," "," 0"," -9999.0","Z"," "," 0","     0.0"," ","S","29","     0.0"," ","S","29","     0.0"," ","S","29","     0.0"," ","S","29"," -9999.0","M"," "," 0"," -9999.0","M"," "," 0"," -9999.0","M"," "," 0"
"USC00422592","10-23"," 37.7686","-111.5978","1770.9","ESCALANTE, UT US","10","23","99","    49.8"," ","S","28","    65.1"," ","S","28","    34.5"," ","S","29","    30.7"," ","S","28","     6.3"," ","S","28","     8.6"," ","S","28","     6.2"," ","S","29","     8.0"," ","S","28","    15.2"," ","S","28","     0.2"," ","S","28","     0.9"," ","S","28","     2.6"," ","S","28","     5.8"," ","S","28","     7.5"," ","S","28","    10.3"," ","S","28","     0.0","X","S","28","    10.0"," ","S","28","     5.7"," ","S","28","     2.4"," ","S","28","     0.6"," ","S","28","     0.2"," ","S","28","     0.1"," ","S","28","     0.0"," ","S","28","     0.0"," ","S","28","     0.0","X","S","28","    10.0"," ","S","28","     5.7"," ","S","28","     2.4"," ","S","28","     0.6"," ","S","28","     0.2"," ","S","28","     0.1"," ","S","28","     0.0"," ","S","28","     0.0"," ","S","28","     8.6"," ","S","28","     7.7"," ","S","28","    12.2"," ","S","30","     6.7"," ","S","30","     4.4"," ","S","30","     2.2"," ","S","30","     0.5"," ","S","30","     0.0"," ","S","30","     0.0"," ","S","30","     0.0"," ","S","30","    0.05"," ","S","30","    0.12"," ","S","30","    0.33"," ","S","30","    1.03"," ","S","30","    9.13"," ","S","30","     0.4"," ","S","30","     0.4"," ","S","30","     0.3"," ","S","30"," -9999.0","Z"," "," 0","     0.0"," ","S","30","     0.0"," ","S","30","     0.0"," ","S","30","     0.0"," ","S","30"," -9999.0","Y"," "," 0"," -9999.0","Y"," "," 0"," -9999.0","Y"," "," 0","     0.0"," ","S","30","    18.3"," ","S","30"," -9999.0","Z"," "," 0"," -9999.0","Z"," "," 0"," -9999.0","Z"," "," 0","     0.0"," ","S","29","     0.0"," ","S","29","     0.0"," ","S","29","     0.0"," ","S","29"," -9999.0","M"," "," 0"," -9999.0","M"," "," 0"," -9999.0","M"," "," 0"
"USC00422592","10-24"," 37.7686","-111.5978","1770.9","ESCALANTE, UT US","10","24","99","    49.4"," ","S","28","    64.6"," ","S","28","    34.1"," ","S","29","    30.5"," ","S","28","     6.3"," ","S","28","     8.6"," ","S","28","     6.2"," ","S","29","     8.0"," ","S","28","    15.6"," ","S","28","     0.3"," ","S","28","     1.0"," ","S","28","     2.9"," ","S","28","     6.1"," ","S","28","     7.8"," ","S","28","    10.7"," ","S","28","     0.0","X","S","28","     9.7"," ","S","28","     5.4"," ","S","28","     2.2"," ","S","28","     0.5"," ","S","28","     0.2"," ","S","28","     0.0","X","S","28","     0.0"," ","S","28","     0.0"," ","S","28","     0.0","X","S","28","     9.7"," ","S","28","     5.4"," ","S","28","     2.2"," ","S","28","     0.5"," ","S","28","     0.2"," ","S","28","     0.0","X","S","28","     0.0"," ","S","28","     0.0"," ","S","28","     8.4"," ","S","28","     7.5"," ","S","28","    12.1"," ","S","30","     6.6"," ","S","30","     4.3"," ","S","30","     2.2"," ","S","30","     0.4"," ","S","30","     0.0"," ","S","30","     0.0"," ","S","30","     0.0"," ","S","30","    0.05"," ","S","30","    0.12"," ","S","30","    0.33"," ","S","30","    1.06"," ","S","30","    9.16"," ","S","30","     0.4"," ","S","30","     0.4"," ","S","30","     0.3"," ","S","30"," -9999.0","Z"," "," 0","     0.0"," ","S","30","     0.0"," ","S","30","     0.0"," ","S","30","     0.0"," ","S","30"," -9999.0","Y"," "," 0"," -9999.0","Y"," "," 0"," -9999.0","Y"," "," 0","     0.0"," ","S","30","    18.3"," ","S","30"," -9999.0","Z"," "," 0"," -9999.0","Z"," "," 0"," -9999.0","Z"," "," 0","     0.0"," ","S","29","     0.0"," ","S","29","     0.0"," ","S","29","     0.0"," ","S","29"," -9999.0","M"," "," 0"," -9999.0","M"," "," 0"," -9999.0","M"," "," 0"
"USC00422592","10-25"," 37.7686","-111.5978","1770.9","ESCALANTE, UT US","10","25","99","    49.0"," ","S","28","    64.2"," ","S","28","    33.8"," ","S","29","    30.4"," ","S","28","     6.4"," ","S","28","     8.6"," ","S","28","     6.2"," ","S","29","     8.0"," ","S","28","    16.0"," ","S","28","     0.3"," ","S","28","     1.1"," ","S","28","     3.1"," ","S","28","     6.4"," ","S","28","     8.2"," ","S","28","    11.0"," ","S","28","     0.0","X","S","28","     9.3"," ","S","28","     5.1"," ","S","28","     2.0"," ","S","28","     0.4"," ","S","28","     0.2"," ","S","28","     0.0","X","S","28","     0.0"," ","S","28","     0.0"," ","S","28","     0.0","X","S","28","     9.3"," ","S","28","     5.1"," ","S","28","     2.0"," ","S","28","     0.4"," ","S","28","     0.2"," ","S","28","     0.0","X","S","28","     0.0"," ","S","28","     0.0"," ","S","28","     8.2"," ","S","28","     7.2"," ","S","28","    12.0"," ","S","30","     6.4"," ","S","30","     4.2"," ","S","30","     2.1"," ","S","30","     0.4"," ","S","30","     0.0"," ","S","30","     0.0"," ","S","30","     0.0"," ","S","30","    0.04"," ","S","30","    0.12"," ","S","30","    0.32"," ","S","30","    1.09"," ","S","30","    9.19"," ","S","30","     0.5"," ","S","30","     0.5"," ","S","30","     0.3"," ","S","30"," -9999.0","Z"," "," 0","     0.0"," ","S","30","     0.0"," ","S","30","     0.0"," ","S","30","     0.0"," ","S","30"," -9999.0","Y"," "," 0"," -9999.0","Y"," "," 0"," -9999.0","Y"," "," 0","     0.0"," ","S","30","    18.3"," ","S","30"," -9999.0","Z"," "," 0"," -9999.0","Z"," "," 0"," -9999.0","Z"," "," 0","     0.0"," ","S","29","     0.0"," ","S","29","     0.0"," ","S","29","     0.0"," ","S","29"," -9999.0","M"," "," 0"," -9999.0","M"," "," 0"," -9999.0","M"," "," 0"
"USC00422592","10-26"," 37.7686","-111.5978","1770.9","ESCALANTE, UT US","10","26","99","    48.6"," ","S","28","    63.7"," ","S","28","    33.5"," ","S","29","    30.3"," ","S","28","     6.4"," ","S","28","     8.6"," ","S","28","     6.2"," ","S","29","     8.0"," ","S","28","    16.4"," ","S","28","     0.4"," ","S","28","     1.2"," ","S","28","     3.3"," ","S","28","     6.8"," ","S","28","     8.5"," ","S","28","    11.4"," ","S","28","     0.0","X","S","28","     9.0"," ","S","28","     4.8"," ","S","28","     1.9"," ","S","28","     0.4"," ","S","28","     0.1"," ","S","28","     0.0","X","S","28","     0.0"," ","S","28","     0.0"," ","S","28","     0.0","X","S","28","     9.0"," ","S","28","     4.8"," ","S","28","     1.9"," ","S","28","     0.4"," ","S","28","     0.1"," ","S","28","     0.0","X","S","28","     0.0"," ","S","28","     0.0"," ","S","28","     8.0"," ","S","28","     7.0"," ","S","28","    11.8"," ","S","30","     6.3"," ","S","30","     4.1"," ","S","30","     2.1"," ","S","30","     0.4"," ","S","30","     0.0"," ","S","30","     0.0"," ","S","30","     0.0"," ","S","30","    0.04"," ","S","30","    0.11"," ","S","30","    0.32"," ","S","30","    1.12"," ","S","30","    9.22"," ","S","30","     0.5"," ","S","30","     0.5"," ","S","30","     0.4"," ","S","30"," -9999.0","Z"," "," 0","     0.0"," ","S","30","     0.0"," ","S","30","     0.0"," ","S","30","     0.0"," ","S","30"," -9999.0","Y"," "," 0"," -9999.0","Y"," "," 0"," -9999.0","Y"," "," 0","     0.1"," ","S","30","    18.4"," ","S","30"," -9999.0","Z"," "," 0"," -9999.0","Z"," "," 0"," -9999.0","Z"," "," 0","     0.0"," ","S","29","     0.0"," ","S","29","     0.0"," ","S","29","     0.0"," ","S","29"," -9999.0","M"," "," 0"," -9999.0","M"," "," 0"," -9999.0","M"," "," 0"
"USC00422592","10-27"," 37.7686","-111.5978","1770.9","ESCALANTE, UT US","10","27","99","    48.2"," ","S","28","    63.3"," ","S","28","    33.1"," ","S","29","    30.1"," ","S","28","     6.4"," ","S","28","     8.6"," ","S","28","     6.3"," ","S","29","     8.0"," ","S","28","    16.8"," ","S","28","     0.4"," ","S","28","     1.4"," ","S","28","     3.5"," ","S","28","     7.1"," ","S","28","     8.9"," ","S","28","    11.8"," ","S","28","     0.0","X","S","28","     8.6"," ","S","28","     4.6"," ","S","28","     1.7"," ","S","28","     0.3"," ","S","28","     0.1"," ","S","28","     0.0","X","S","28","     0.0"," ","S","28","     0.0"," ","S","28","     0.0","X","S","28","     8.6"," ","S","28","     4.6"," ","S","28","     1.7"," ","S","28","     0.3"," ","S","28","     0.1"," ","S","28","     0.0","X","S","28","     0.0"," ","S","28","     0.0"," ","S","28","     7.7"," ","S","28","     6.8"," ","S","28","    11.6"," ","S","30","     6.1"," ","S","30","     4.0"," ","S","30","     2.0"," ","S","30","     0.4"," ","S","30","     0.0"," ","S","30","     0.0"," ","S","30","     0.0"," ","S","30","    0.04"," ","S","30","    0.11"," ","S","30","    0.32"," ","S","30","    1.14"," ","S","30","    9.24"," ","S","30","     0.6"," ","S","30","     0.6"," ","S","30","     0.4"," ","S","30"," -9999.0","Z"," "," 0","     0.0"," ","S","30","     0.0"," ","S","30","     0.0"," ","S","30","     0.0"," ","S","30"," -9999.0","Y"," "," 0"," -9999.0","Y"," "," 0"," -9999.0","Y"," "," 0","     0.1"," ","S","30","    18.4"," ","S","30"," -9999.0","Z"," "," 0"," -9999.0","Z"," "," 0"," -9999.0","Z"," "," 0","     0.0"," ","S","29","     0.0"," ","S","29","     0.0"," ","S","29","     0.0"," ","S","29"," -9999.0","M"," "," 0"," -9999.0","M"," "," 0"," -9999.0","M"," "," 0"
"USC00422592","10-28"," 37.7686","-111.5978","1770.9","ESCALANTE, UT US","10","28","99","    47.8"," ","S","28","    62.8"," ","S","28","    32.8"," ","S","29","    30.0"," ","S","28","     6.4"," ","S","28","     8.6"," ","S","28","     6.3"," ","S","29","     7.9"," ","S","28","    17.2"," ","S","28","     0.5"," ","S","28","     1.5"," ","S","28","     3.8"," ","S","28","     7.5"," ","S","28","     9.3"," ","S","28","    12.2"," ","S","28","     0.0","X","S","28","     8.3"," ","S","28","     4.3"," ","S","28","     1.6"," ","S","28","     0.3"," ","S","28","     0.1"," ","S","28","     0.0","X","S","28","     0.0"," ","S","28","     0.0"," ","S","28","     0.0","X","S","28","     8.3"," ","S","28","     4.3"," ","S","28","     1.6"," ","S","28","     0.3"," ","S","28","     0.1"," ","S","28","     0.0","X","S","28","     0.0"," ","S","28","     0.0"," ","S","28","     7.5"," ","S","28","     6.6"," ","S","28","    11.4"," ","S","30","     5.9"," ","S","30","     3.9"," ","S","30","     2.0"," ","S","30","     0.4"," ","S","30","     0.0"," ","S","30","     0.0"," ","S","30","     0.0"," ","S","30","    0.04"," ","S","30","    0.11"," ","S","30","    0.32"," ","S","30","    1.17"," ","S","30","    9.27"," ","S","30","     0.6"," ","S","30","     0.6"," ","S","30","     0.5"," ","S","30"," -9999.0","Z"," "," 0","     0.0"," ","S","30","     0.0"," ","S","30","     0.0"," ","S","30","     0.0"," ","S","30"," -9999.0","Y"," "," 0"," -9999.0","Y"," "," 0"," -9999.0","Y"," "," 0","     0.1"," ","S","30","    18.4"," ","S","30"," -9999.0","Z"," "," 0"," -9999.0","Z"," "," 0"," -9999.0","Z"," "," 0","     0.0"," ","S","29","     0.0"," ","S","29","     0.0"," ","S","29","     0.0"," ","S","29"," -9999.0","M"," "," 0"," -9999.0","M"," "," 0"," -9999.0","M"," "," 0"
"USC00422592","10-29"," 37.7686","-111.5978","1770.9","ESCALANTE, UT US","10","29","99","    47.4"," ","S","28","    62.3"," ","S","28","    32.5"," ","S","29","    29.9"," ","S","28","     6.4"," ","S","28","     8.6"," ","S","28","     6.3"," ","S","29","     7.9"," ","S","28","    17.6"," ","S","28","     0.5"," ","S","28","     1.7"," ","S","28","     4.1"," ","S","28","     7.8"," ","S","28","     9.7"," ","S","28","    12.6"," ","S","28","     0.0","X","S","28","     7.9"," ","S","28","     4.1"," ","S","28","     1.5"," ","S","28","     0.2"," ","S","28","     0.1"," ","S","28","     0.0","X","S","28","     0.0"," ","S","28","     0.0"," ","S","28","     0.0","X","S","28","     7.9"," ","S","28","     4.1"," ","S","28","     1.5"," ","S","28","     0.2"," ","S","28","     0.1"," ","S","28","     0.0","X","S","28","     0.0"," ","S","28","     0.0"," ","S","28","     7.3"," ","S","28","     6.4"," ","S","28","    11.2"," ","S","30","     5.8"," ","S","30","     3.8"," ","S","30","     1.9"," ","S","30","     0.4"," ","S","30","     0.0"," ","S","30","     0.0"," ","S","30","     0.0"," ","S","30","    0.04"," ","S","30","    0.11"," ","S","30","    0.32"," ","S","30","    1.20"," ","S","30","    9.30"," ","S","30","     0.7"," ","S","30","     0.7"," ","S","30","     0.5"," ","S","30"," -9999.0","Z"," "," 0","     0.0"," ","S","30","     0.0"," ","S","30","     0.0"," ","S","30","     0.0"," ","S","30"," -9999.0","Y"," "," 0"," -9999.0","Y"," "," 0"," -9999.0","Y"," "," 0","     0.1"," ","S","30","    18.4"," ","S","30"," -9999.0","Z"," "," 0"," -9999.0","Z"," "," 0"," -9999.0","Z"," "," 0","     0.0"," ","S","29","     0.0"," ","S","29","     0.0"," ","S","29","     0.0"," ","S","29"," -9999.0","M"," "," 0"," -9999.0","M"," "," 0"," -9999.0","M"," "," 0"
"USC00422592","10-30"," 37.7686","-111.5978","1770.9","ESCALANTE, UT US","10","30","99","    47.0"," ","S","28","    61.9"," ","S","28","    32.1"," ","S","29","    29.7"," ","S","28","     6.4"," ","S","28","     8.6"," ","S","28","     6.3"," ","S","29","     7.9"," ","S","28","    18.0"," ","S","28","     0.6"," ","S","28","     1.9"," ","S","28","     4.3"," ","S","28","     8.2"," ","S","28","    10.1"," ","S","28","    13.0"," ","S","28","     0.0","X","S","28","     7.6"," ","S","28","     3.9"," ","S","28","     1.3"," ","S","28","     0.2"," ","S","28","     0.1"," ","S","28","     0.0","X","S","28","     0.0"," ","S","28","     0.0"," ","S","28","     0.0","X","S","28","     7.6"," ","S","28","     3.9"," ","S","28","     1.3"," ","S","28","     0.2"," ","S","28","     0.1"," ","S","28","     0.0","X","S","28","     0.0"," ","S","28","     0.0"," ","S","28","     7.1"," ","S","28","     6.2"," ","S","28","    11.0"," ","S","30","     5.6"," ","S","30","     3.6"," ","S","30","     1.8"," ","S","30","     0.3"," ","S","30","     0.0"," ","S","30","     0.0"," ","S","30","     0.0"," ","S","30","    0.04"," ","S","30","    0.11"," ","S","30","    0.31"," ","S","30","    1.23"," ","S","30","    9.33"," ","S","30","     0.7"," ","S","30","     0.7"," ","S","30","     0.5"," ","S","30"," -9999.0","Z"," "," 0","     0.0"," ","S","30","     0.0"," ","S","30","     0.0"," ","S","30","     0.0"," ","S","30"," -9999.0","Y"," "," 0"," -9999.0","Y"," "," 0"," -9999.0","Y"," "," 0","     0.1"," ","S","30","    18.4"," ","S","30"," -9999.0","Z"," "," 0"," -9999.0","Z"," "," 0"," -9999.0","Z"," "," 0","     0.0"," ","S","29","     0.0"," ","S","29","     0.0"," ","S","29","     0.0"," ","S","29"," -9999.0","M"," "," 0"," -9999.0","M"," "," 0"," -9999.0","M"," "," 0"
"USC00422592","10-31"," 37.7686","-111.5978","1770.9","ESCALANTE, UT US","10","31","99","    46.6"," ","S","28","    61.4"," ","S","28","    31.8"," ","S","29","    29.6"," ","S","28","     6.4"," ","S","28","     8.6"," ","S","28","     6.3"," ","S","29","     7.9"," ","S","28","    18.4"," ","S","28","     0.7"," ","S","28","     2.0"," ","S","28","     4.6"," ","S","28","     8.6"," ","S","28","    10.5"," ","S","28","    13.4"," ","S","28","     0.0","X","S","28","     7.3"," ","S","28","     3.6"," ","S","28","     1.2"," ","S","28","     0.2"," ","S","28","     0.1"," ","S","28","     0.0","X","S","28","     0.0"," ","S","28","     0.0"," ","S","28","     0.0","X","S","28","     7.3"," ","S","28","     3.6"," ","S","28","     1.2"," ","S","28","     0.2"," ","S","28","     0.1"," ","S","28","     0.0","X","S","28","     0.0"," ","S","28","     0.0"," ","S","28","     6.9"," ","S","28","     5.9"," ","S","28","    10.8"," ","S","30","     5.4"," ","S","30","     3.5"," ","S","30","     1.7"," ","S","30","     0.3"," ","S","30","     0.0"," ","S","30","     0.0"," ","S","30","     0.0"," ","S","30","    0.04"," ","S","30","    0.10"," ","S","30","    0.31"," ","S","30","    1.26"," ","S","30","    9.36"," ","S","30","     0.8"," ","S","30","     0.8"," ","S","30","     0.6"," ","S","30"," -9999.0","Z"," "," 0","     0.0"," ","S","30","     0.0"," ","S","30","     0.0"," ","S","30","     0.0"," ","S","30"," -9999.0","Y"," "," 0"," -9999.0","Y"," "," 0"," -9999.0","Y"," "," 0","     0.1"," ","S","30","    18.4"," ","S","30"," -9999.0","Z"," "," 0"," -9999.0","Z"," "," 0"," -9999.0","Z"," "," 0","     0.0"," ","S","29","     0.0"," ","S","29","     0.0"," ","S","29","     0.0"," ","S","29"," -9999.0","M"," "," 0"," -9999.0","M"," "," 0"," -9999.0","M"," "," 0"
"USC00422592","11-01"," 37.7686","-111.5978","1770.9","ESCALANTE, UT US","11","01","99","    46.2"," ","S","28","    60.9"," ","S","28","    31.4"," ","S","29","    29.5"," ","S","28","     6.4"," ","S","28","     8.6"," ","S","28","     6.3"," ","S","29","     7.9"," ","S","28","    18.8"," ","S","28","     0.8"," ","S","28","     2.2"," ","S","28","     4.9"," ","S","28","     9.0"," ","S","28","    10.9"," ","S","28","    13.8"," ","S","28","     0.0","X","S","28","     6.9"," ","S","28","     3.4"," ","S","28","     1.1"," ","S","28","     0.2"," ","S","28","     0.1"," ","S","28","     0.0","X","S","28","     0.0"," ","S","28","     0.0"," ","S","28","     0.0","X","S","28","     6.9"," ","S","28","     3.4"," ","S","28","     1.1"," ","S","28","     0.2"," ","S","28","     0.1"," ","S","28","     0.0","X","S","28","     0.0"," ","S","28","     0.0"," ","S","28","     6.6"," ","S","28","     5.7"," ","S","28","    10.6"," ","S","30","     5.3"," ","S","30","     3.3"," ","S","30","     1.7"," ","S","30","     0.3"," ","S","30","     0.0"," ","S","30","     0.0"," ","S","30","     0.0"," ","S","30","    0.04"," ","S","30","    0.10"," ","S","30","    0.31"," ","S","30","    0.02"," ","S","30","    9.38"," ","S","30","     0.8"," ","S","30","     0.8"," ","S","30","     0.6"," ","S","30","     0.3"," ","S","30","     0.2"," ","S","30","     0.2"," ","S","30","     0.0"," ","S","30","     0.0"," ","S","30"," -9999.0","Y"," "," 0"," -9999.0","Y"," "," 0"," -9999.0","Y"," "," 0","     0.0"," ","S","30","    18.4"," ","S","30","     0.8"," ","S","29","     0.5"," ","S","29","     0.4"," ","S","29","     0.3"," ","S","29","     0.3"," ","S","29","     0.1"," ","S","29","     0.0"," ","S","29"," -9999.0","Y"," "," 0"," -9999.0","Y"," "," 0"," -9999.0","Y"," "," 0"
"USC00422592","11-02"," 37.7686","-111.5978","1770.9","ESCALANTE, UT US","11","02","99","    45.8"," ","S","28","    60.4"," ","S","28","    31.1"," ","S","29","    29.3"," ","S","28","     6.4"," ","S","28","     8.6"," ","S","28","     6.3"," ","S","29","     7.8"," ","S","28","    19.2"," ","S","28","     0.8"," ","S","28","     2.4"," ","S","28","     5.2"," ","S","28","     9.4"," ","S","28","    11.3"," ","S","28","    14.2"," ","S","28","     0.0","X","S","28","     6.6"," ","S","28","     3.2"," ","S","28","     1.0"," ","S","28","     0.1"," ","S","28","     0.1"," ","S","28","     0.0","X","S","28","     0.0"," ","S","28","     0.0"," ","S","28","     0.0","X","S","28","     6.6"," ","S","28","     3.2"," ","S","28","     1.0"," ","S","28","     0.1"," ","S","28","     0.1"," ","S","28","     0.0","X","S","28","     0.0"," ","S","28","     0.0"," ","S","28","     6.4"," ","S","28","     5.5"," ","S","28","    10.5"," ","S","30","     5.2"," ","S","30","     3.2"," ","S","30","     1.6"," ","S","30","     0.3"," ","S","30","     0.0"," ","S","30","     0.0"," ","S","30","     0.0"," ","S","30","    0.04"," ","S","30","    0.10"," ","S","30","    0.30"," ","S","30","    0.04"," ","S","30","    9.40"," ","S","30","     0.9"," ","S","30","     0.9"," ","S","30","     0.7"," ","S","30","     0.4"," ","S","30","     0.2"," ","S","30","     0.2"," ","S","30","     0.0"," ","S","30","     0.0"," ","S","30"," -9999.0","Y"," "," 0"," -9999.0","Y"," "," 0"," -9999.0","Y"," "," 0","     0.0"," ","S","30","    18.4"," ","S","30","     0.9"," ","S","29","     0.5"," ","S","29","     0.4"," ","S","29","     0.3"," ","S","29","     0.3"," ","S","29","     0.1"," ","S","29","     0.0"," ","S","29"," -9999.0","Y"," "," 0"," -9999.0","Y"," "," 0"," -9999.0","Y"," "," 0"
"USC00422592","11-03"," 37.7686","-111.5978","1770.9","ESCALANTE, UT US","11","03","99","    45.4"," ","S","28","    60.0"," ","S","28","    30.8"," ","S","29","    29.2"," ","S","28","     6.5"," ","S","28","     8.6"," ","S","28","     6.3"," ","S","29","     7.8"," ","S","28","    19.6"," ","S","28","     0.9"," ","S","28","     2.6"," ","S","28","     5.5"," ","S","28","     9.8"," ","S","28","    11.7"," ","S","28","    14.7"," ","S","28","     0.0","X","S","28","     6.3"," ","S","28","     3.0"," ","S","28","     0.9"," ","S","28","     0.1"," ","S","28","     0.1"," ","S","28","     0.0","X","S","28","     0.0"," ","S","28","     0.0"," ","S","28","     0.0","X","S","28","     6.3"," ","S","28","     3.0"," ","S","28","     0.9"," ","S","28","     0.1"," ","S","28","     0.1"," ","S","28","     0.0","X","S","28","     0.0"," ","S","28","     0.0"," ","S","28","     6.2"," ","S","28","     5.3"," ","S","28","    10.3"," ","S","30","     5.1"," ","S","30","     3.2"," ","S","30","     1.6"," ","S","30","     0.3"," ","S","30","     0.0"," ","S","30","     0.0"," ","S","30","     0.0"," ","S","30","    0.04"," ","S","30","    0.10"," ","S","30","    0.30"," ","S","30","    0.06"," ","S","30","    9.42"," ","S","30","     1.0"," ","S","30","     0.9"," ","S","30","     0.7"," ","S","30","     0.4"," ","S","30","     0.3"," ","S","30","     0.3"," ","S","30","     0.0"," ","S","30","     0.0"," ","S","30"," -9999.0","Y"," "," 0"," -9999.0","Y"," "," 0"," -9999.0","Y"," "," 0","     0.1"," ","S","30","    18.5"," ","S","30","     1.1"," ","S","29","     0.6"," ","S","29","     0.5"," ","S","29","     0.4"," ","S","29","     0.4"," ","S","29","     0.1"," ","S","29","     0.0"," ","S","29"," -9999.0","Y"," "," 0"," -9999.0","Y"," "," 0"," -9999.0","Y"," "," 0"
"USC00422592","11-04"," 37.7686","-111.5978","1770.9","ESCALANTE, UT US","11","04","99","    45.0"," ","S","28","    59.5"," ","S","28","    30.4"," ","S","29","    29.1"," ","S","28","     6.5"," ","S","28","     8.6"," ","S","28","     6.3"," ","S","29","     7.7"," ","S","28","    20.0"," ","S","28","     1.1"," ","S","28","     2.8"," ","S","28","     5.8"," ","S","28","    10.2"," ","S","28","    12.1"," ","S","28","    15.1"," ","S","28","     0.0","X","S","28","     6.0"," ","S","28","     2.8"," ","S","28","     0.8"," ","S","28","     0.1"," ","S","28","     0.0","X","S","28","     0.0","X","S","28","     0.0"," ","S","28","     0.0"," ","S","28","     0.0","X","S","28","     6.0"," ","S","28","     2.8"," ","S","28","     0.8"," ","S","28","     0.1"," ","S","28","     0.0","X","S","28","     0.0","X","S","28","     0.0"," ","S","28","     0.0"," ","S","28","     6.0"," ","S","28","     5.1"," ","S","28","    10.2"," ","S","30","     5.0"," ","S","30","     3.1"," ","S","30","     1.5"," ","S","30","     0.3"," ","S","30","     0.0"," ","S","30","     0.0"," ","S","30","     0.0"," ","S","30","    0.04"," ","S","30","    0.10"," ","S","30","    0.30"," ","S","30","    0.08"," ","S","30","    9.44"," ","S","30","     1.0"," ","S","30","     1.0"," ","S","30","     0.7"," ","S","30","     0.4"," ","S","30","     0.3"," ","S","30","     0.3"," ","S","30","     0.0"," ","S","30","     0.0"," ","S","30"," -9999.0","Y"," "," 0"," -9999.0","Y"," "," 0"," -9999.0","Y"," "," 0","     0.1"," ","S","30","    18.5"," ","S","30","     1.2"," ","S","29","     0.7"," ","S","29","     0.6"," ","S","29","     0.5"," ","S","29","     0.4"," ","S","29","     0.1"," ","S","29","     0.0"," ","S","29"," -9999.0","Y"," "," 0"," -9999.0","Y"," "," 0"," -9999.0","Y"," "," 0"
"USC00422592","11-05"," 37.7686","-111.5978","1770.9","ESCALANTE, UT US","11","05","99","    44.5"," ","S","28","    59.0"," ","S","28","    30.1"," ","S","29","    28.9"," ","S","28","     6.5"," ","S","28","     8.6"," ","S","28","     6.4"," ","S","29","     7.7"," ","S","28","    20.5"," ","S","28","     1.2"," ","S","28","     3.0"," ","S","28","     6.1"," ","S","28","    10.5"," ","S","28","    12.5"," ","S","28","    15.5"," ","S","28","     0.0","X","S","28","     5.7"," ","S","28","     2.6"," ","S","28","     0.7"," ","S","28","     0.1"," ","S","28","     0.0","X","S","28","     0.0","X","S","28","     0.0"," ","S","28","     0.0"," ","S","28","     0.0","X","S","28","     5.7"," ","S","28","     2.6"," ","S","28","     0.7"," ","S","28","     0.1"," ","S","28","     0.0","X","S","28","     0.0","X","S","28","     0.0"," ","S","28","     0.0"," ","S","28","     5.8"," ","S","28","     4.9"," ","S","28","    10.2"," ","S","30","     4.9"," ","S","30","     3.0"," ","S","30","     1.5"," ","S","30","     0.3"," ","S","30","     0.0"," ","S","30","     0.0"," ","S","30","     0.0"," ","S","30","    0.04"," ","S","30","    0.09"," ","S","30","    0.30"," ","S","30","    0.10"," ","S","30","    9.46"," ","S","30","     1.1"," ","S","30","     1.0"," ","S","30","     0.8"," ","S","30","     0.4"," ","S","30","     0.3"," ","S","30","     0.3"," ","S","30","     0.0"," ","S","30","     0.0"," ","S","30"," -9999.0","Y"," "," 0"," -9999.0","Y"," "," 0"," -9999.0","Y"," "," 0","     0.1"," ","S","30","    18.5"," ","S","30","     1.3"," ","S","29","     0.7"," ","S","29","     0.6"," ","S","29","     0.5"," ","S","29","     0.5"," ","S","29","     0.1"," ","S","29","     0.0"," ","S","29"," -9999.0","Y"," "," 0"," -9999.0","Y"," "," 0"," -9999.0","Y"," "," 0"
"USC00422592","11-06"," 37.7686","-111.5978","1770.9","ESCALANTE, UT US","11","06","99","    44.1"," ","S","28","    58.5"," ","S","28","    29.7"," ","S","29","    28.8"," ","S","28","     6.5"," ","S","28","     8.5"," ","S","28","     6.4"," ","S","29","     7.7"," ","S","28","    20.9"," ","S","28","     1.2"," ","S","28","     3.2"," ","S","28","     6.4"," ","S","28","    10.9"," ","S","28","    12.9"," ","S","28","    15.9"," ","S","28","     0.0"," ","S","28","     5.4"," ","S","28","     2.3"," ","S","28","     0.5"," ","S","28","     0.1"," ","S","28","     0.0","X","S","28","     0.0","X","S","28","     0.0"," ","S","28","     0.0"," ","S","28","     0.0"," ","S","28","     5.4"," ","S","28","     2.3"," ","S","28","     0.5"," ","S","28","     0.1"," ","S","28","     0.0","X","S","28","     0.0","X","S","28","     0.0"," ","S","28","     0.0"," ","S","28","     5.5"," ","S","28","     4.7"," ","S","28","    10.1"," ","S","30","     4.9"," ","S","30","     3.0"," ","S","30","     1.5"," ","S","30","     0.3"," ","S","30","     0.0"," ","S","30","     0.0"," ","S","30","     0.0"," ","S","30","    0.03"," ","P"," 0","    0.09"," ","P"," 0","    0.30"," ","P"," 0","    0.11"," ","S","30","    9.47"," ","S","30","     1.2"," ","S","30","     1.1"," ","S","30","     0.8"," ","S","30","     0.5"," ","S","30","     0.3"," ","S","30","     0.3"," ","S","30","     0.0"," ","S","30","     0.0"," ","S","30"," -9999.0","Y"," "," 0"," -9999.0","Y"," "," 0"," -9999.0","Y"," "," 0","     0.1"," ","S","30","    18.5"," ","S","30","     1.4"," ","S","30","     0.8"," ","S","30","     0.7"," ","S","30","     0.6"," ","S","30","     0.5"," ","S","30","     0.1"," ","S","30","     0.0"," ","S","30"," -9999.0","Y"," "," 0"," -9999.0","Y"," "," 0"," -9999.0","Y"," "," 0"
"USC00422592","11-07"," 37.7686","-111.5978","1770.9","ESCALANTE, UT US","11","07","99","    43.7"," ","S","28","    58.0"," ","S","28","    29.4"," ","S","29","    28.7"," ","S","28","     6.5"," ","S","28","     8.5"," ","S","28","     6.4"," ","S","29","     7.6"," ","S","28","    21.3"," ","S","28","     1.3"," ","S","28","     3.4"," ","S","28","     6.7"," ","S","28","    11.3"," ","S","28","    13.3"," ","S","28","    16.3"," ","S","28","     0.0"," ","S","28","     5.0"," ","S","28","     2.1"," ","S","28","     0.4"," ","S","28","     0.0","X","S","28","     0.0","X","S","28","     0.0"," ","S","28","     0.0"," ","S","28","     0.0"," ","S","28","     0.0"," ","S","28","     5.0"," ","S","28","     2.1"," ","S","28","     0.4"," ","S","28","     0.0","X","S","28","     0.0","X","S","28","     0.0"," ","S","28","     0.0"," ","S","28","     0.0"," ","S","28","     5.3"," ","S","28","     4.4"," ","S","28","    10.0"," ","S","30","     4.9"," ","S","30","     3.0"," ","S","30","     1.5"," ","S","30","     0.3"," ","S","30","     0.0"," ","S","30","     0.0"," ","S","30","     0.0"," ","S","30","    0.03"," ","S","30","    0.09"," ","S","30","    0.30"," ","S","30","    0.13"," ","S","30","    9.49"," ","S","30","     1.3"," ","S","30","     1.2"," ","S","30","     0.9"," ","S","30","     0.5"," ","S","30","     0.4"," ","S","30","     0.3"," ","S","30","     0.0"," ","S","30","     0.0"," ","S","30"," -9999.0","Y"," "," 0"," -9999.0","Y"," "," 0"," -9999.0","Y"," "," 0","     0.2"," ","S","30","    18.6"," ","S","30","     1.5"," ","S","30","     0.9"," ","S","30","     0.8"," ","S","30","     0.6"," ","S","30","     0.6"," ","S","30","     0.1"," ","S","30","     0.0"," ","S","30"," -9999.0","Y"," "," 0"," -9999.0","Y"," "," 0"," -9999.0","Y"," "," 0"
"USC00422592","11-08"," 37.7686","-111.5978","1770.9","ESCALANTE, UT US","11","08","99","    43.3"," ","S","28","    57.5"," ","S","28","    29.0"," ","S","29","    28.5"," ","S","28","     6.5"," ","S","28","     8.5"," ","S","28","     6.4"," ","S","29","     7.5"," ","S","28","    21.7"," ","S","28","     1.4"," ","S","28","     3.6"," ","S","28","     7.1"," ","S","28","    11.7"," ","S","28","    13.7"," ","S","28","    16.7"," ","S","28","     0.0"," ","S","28","     4.7"," ","S","28","     1.9"," ","S","28","     0.3"," ","S","28","     0.0","X","S","28","     0.0","X","S","28","     0.0"," ","S","28","     0.0"," ","S","28","     0.0"," ","S","28","     0.0"," ","S","28","     4.7"," ","S","28","     1.9"," ","S","28","     0.3"," ","S","28","     0.0","X","S","28","     0.0","X","S","28","     0.0"," ","S","28","     0.0"," ","S","28","     0.0"," ","S","28","     5.1"," ","S","28","     4.2"," ","S","28","    10.0"," ","S","30","     4.9"," ","S","30","     2.9"," ","S","30","     1.4"," ","S","30","     0.3"," ","S","30","     0.0"," ","S","30","     0.0"," ","S","30","     0.0"," ","S","30","-9999.00","Y"," "," 0","-9999.00","Y"," "," 0","-9999.00","Y"," "," 0","    0.15"," ","S","30","    9.51"," ","S","30","     1.4"," ","S","30","     1.2"," ","S","30","     0.9"," ","S","30","     0.5"," ","S","30","     0.4"," ","S","30","     0.4"," ","S","30","     0.0"," ","S","30","     0.0"," ","S","30"," -9999.0","Y"," "," 0"," -9999.0","Y"," "," 0"," -9999.0","Y"," "," 0","     0.2"," ","S","30","    18.6"," ","S","30","     1.7"," ","S","30","     1.0"," ","S","30","     0.9"," ","S","30","     0.7"," ","S","30","     0.6"," ","S","30","     0.2"," ","S","30","     0.0"," ","S","30"," -9999.0","Y"," "," 0"," -9999.0","Y"," "," 0"," -9999.0","Y"," "," 0"
"USC00422592","11-09"," 37.7686","-111.5978","1770.9","ESCALANTE, UT US","11","09","99","    42.8"," ","S","28","    57.0"," ","S","28","    28.7"," ","S","29","    28.4"," ","S","28","     6.5"," ","S","28","     8.5"," ","S","28","     6.4"," ","S","29","     7.5"," ","S","28","    22.2"," ","S","28","     1.5"," ","S","28","     3.9"," ","S","28","     7.4"," ","S","28","    12.2"," ","S","28","    14.2"," ","S","28","    17.2"," ","S","28","     0.0"," ","S","28","     4.4"," ","S","28","     1.7"," ","S","28","     0.3"," ","S","28","     0.0","X","S","28","     0.0"," ","S","28","     0.0"," ","S","28","     0.0"," ","S","28","     0.0"," ","S","28","     0.0"," ","S","28","     4.4"," ","S","28","     1.7"," ","S","28","     0.3"," ","S","28","     0.0","X","S","28","     0.0"," ","S","28","     0.0"," ","S","28","     0.0"," ","S","28","     0.0"," ","S","28","     4.9"," ","S","28","     4.0"," ","S","28","    10.0"," ","S","30","     4.9"," ","S","30","     2.9"," ","S","30","     1.4"," ","S","30","     0.3"," ","S","30","     0.0"," ","S","30","     0.0"," ","S","30","     0.0"," ","S","30","-9999.00","Y"," "," 0","-9999.00","Y"," "," 0","-9999.00","Y"," "," 0","    0.17"," ","S","30","    9.53"," ","S","30","     1.5"," ","S","30","     1.3"," ","S","30","     1.0"," ","S","30","     0.6"," ","S","30","     0.4"," ","S","30","     0.4"," ","S","30","     0.0"," ","S","30","     0.0"," ","S","30"," -9999.0","Y"," "," 0"," -9999.0","Y"," "," 0"," -9999.0","Y"," "," 0","     0.3"," ","S","30","    18.7"," ","S","30","     1.8"," ","S","30","     1.1"," ","S","30","     1.0"," ","S","30","     0.8"," ","S","30","     0.7"," ","S","30","     0.2"," ","S","30","     0.0"," ","S","30"," -9999.0","Y"," "," 0"," -9999.0","Y"," "," 0"," -9999.0","Y"," "," 0"
"USC00422592","11-10"," 37.7686","-111.5978","1770.9","ESCALANTE, UT US","11","10","99","    42.4"," ","S","28","    56.5"," ","S","28","    28.3"," ","S","29","    28.2"," ","S","28","     6.5"," ","S","28","     8.4"," ","S","28","     6.4"," ","S","29","     7.5"," ","S","28","    22.6"," ","S","28","     1.7"," ","S","28","     4.2"," ","S","28","     7.8"," ","S","28","    12.6"," ","S","28","    14.6"," ","S","28","    17.6"," ","S","28","     0.0"," ","S","28","     4.1"," ","S","28","     1.6"," ","S","28","     0.2"," ","S","28","     0.0","X","S","28","     0.0"," ","S","28","     0.0"," ","S","28","     0.0"," ","S","28","     0.0"," ","S","28","     0.0"," ","S","28","     4.1"," ","S","28","     1.6"," ","S","28","     0.2"," ","S","28","     0.0","X","S","28","     0.0"," ","S","28","     0.0"," ","S","28","     0.0"," ","S","28","     0.0"," ","S","28","     4.6"," ","S","28","     3.8"," ","S","28","    10.0"," ","S","30","     4.9"," ","S","30","     2.8"," ","S","30","     1.4"," ","S","30","     0.3"," ","S","30","     0.0"," ","S","30","     0.0"," ","S","30","     0.0"," ","S","30","-9999.00","Y"," "," 0","-9999.00","Y"," "," 0","-9999.00","Y"," "," 0","    0.19"," ","S","30","    9.55"," ","S","30","     1.6"," ","S","30","     1.4"," ","S","30","     1.0"," ","S","30","     0.6"," ","S","30","     0.4"," ","S","30","     0.4"," ","S","30","     0.0"," ","S","30","     0.0"," ","S","30"," -9999.0","Y"," "," 0"," -9999.0","Y"," "," 0"," -9999.0","Y"," "," 0","     0.3"," ","S","30","    18.7"," ","S","30","     2.0"," ","S","30","     1.2"," ","S","30","     1.0"," ","S","30","     0.8"," ","S","30","     0.7"," ","S","30","     0.2"," ","S","30","     0.0"," ","S","30"," -9999.0","Y"," "," 0"," -9999.0","Y"," "," 0"," -9999.0","Y"," "," 0"
"USC00422592","11-11"," 37.7686","-111.5978","1770.9","ESCALANTE, UT US","11","11","99","    42.0"," ","S","28","    56.0"," ","S","28","    27.9"," ","S","29","    28.1"," ","S","28","     6.5"," ","S","28","     8.4"," ","S","28","     6.4"," ","S","29","     7.4"," ","S","28","    23.0"," ","S","28","     1.8"," ","S","28","     4.4"," ","S","28","     8.2"," ","S","28","    13.0"," ","S","28","    15.0"," ","S","28","    18.0"," ","S","28","     0.0"," ","S","28","     3.8"," ","S","28","     1.4"," ","S","28","     0.2"," ","S","28","     0.0","X","S","28","     0.0"," ","S","28","     0.0"," ","S","28","     0.0"," ","S","28","     0.0"," ","S","28","     0.0"," ","S","28","     3.8"," ","S","28","     1.4"," ","S","28","     0.2"," ","S","28","     0.0","X","S","28","     0.0"," ","S","28","     0.0"," ","S","28","     0.0"," ","S","28","     0.0"," ","S","28","     4.4"," ","S","28","     3.6"," ","S","28","     9.9"," ","S","30","     4.9"," ","S","30","     2.8"," ","S","30","     1.3"," ","S","30","     0.3"," ","S","30","     0.0"," ","S","30","     0.0"," ","S","30","     0.0"," ","S","30","-9999.00","Y"," "," 0","-9999.00","Y"," "," 0","-9999.00","Y"," "," 0","    0.20"," ","S","30","    9.56"," ","S","30","     1.7"," ","S","30","     1.5"," ","S","30","     1.1"," ","S","30","     0.6"," ","S","30","     0.4"," ","S","30","     0.4"," ","S","30","     0.0"," ","S","30","     0.0"," ","S","30"," -9999.0","Y"," "," 0"," -9999.0","Y"," "," 0"," -9999.0","Y"," "," 0","     0.4"," ","S","30","    18.8"," ","S","30","     2.1"," ","S","30","     1.4"," ","S","30","     1.1"," ","S","30","     0.9"," ","S","30","     0.8"," ","S","30","     0.2"," ","S","30","     0.0"," ","S","30"," -9999.0","Y"," "," 0"," -9999.0","Y"," "," 0"," -9999.0","Y"," "," 0"
"USC00422592","11-12"," 37.7686","-111.5978","1770.9","ESCALANTE, UT US","11","12","99","    41.6"," ","S","28","    55.5"," ","S","28","    27.6"," ","S","29","    27.9"," ","S","28","     6.5"," ","S","28","     8.4"," ","S","28","     6.4"," ","S","29","     7.4"," ","S","28","    23.4"," ","S","28","     2.0"," ","S","28","     4.7"," ","S","28","     8.6"," ","S","28","    13.4"," ","S","28","    15.4"," ","S","28","    18.4"," ","S","28","     0.0"," ","S","28","     3.5"," ","S","28","     1.3"," ","S","28","     0.2"," ","S","28","     0.0","X","S","28","     0.0"," ","S","28","     0.0"," ","S","28","     0.0"," ","S","28","     0.0"," ","S","28","     0.0"," ","S","28","     3.5"," ","S","28","     1.3"," ","S","28","     0.2"," ","S","28","     0.0","X","S","28","     0.0"," ","S","28","     0.0"," ","S","28","     0.0"," ","S","28","     0.0"," ","S","28","     4.2"," ","S","28","     3.4"," ","S","28","     9.8"," ","S","30","     4.9"," ","S","30","     2.8"," ","S","30","     1.3"," ","S","30","     0.3"," ","S","30","     0.0"," ","S","30","     0.0"," ","S","30","     0.0"," ","S","30","-9999.00","Y"," "," 0","-9999.00","Y"," "," 0","-9999.00","Y"," "," 0","    0.22"," ","S","30","    9.58"," ","S","30","     1.8"," ","S","30","     1.6"," ","S","30","     1.1"," ","S","30","     0.7"," ","S","30","     0.5"," ","S","30","     0.4"," ","S","30","     0.0"," ","S","30","     0.0"," ","S","30"," -9999.0","Y"," "," 0"," -9999.0","Y"," "," 0"," -9999.0","Y"," "," 0","     0.5"," ","S","30","    18.9"," ","S","30","     2.3"," ","S","30","     1.5"," ","S","30","     1.2"," ","S","30","     1.0"," ","S","30","     0.9"," ","S","30","     0.2"," ","S","30","     0.0"," ","S","30"," -9999.0","Y"," "," 0"," -9999.0","Y"," "," 0"," -9999.0","Y"," "," 0"
"USC00422592","11-13"," 37.7686","-111.5978","1770.9","ESCALANTE, UT US","11","13","99","    41.1"," ","S","28","    55.0"," ","S","28","    27.2"," ","S","29","    27.8"," ","S","28","     6.5"," ","S","28","     8.4"," ","S","28","     6.4"," ","S","29","     7.4"," ","S","28","    23.9"," ","S","28","     2.1"," ","S","28","     5.0"," ","S","28","     9.0"," ","S","28","    13.9"," ","S","28","    15.9"," ","S","28","    18.9"," ","S","28","     0.0"," ","S","28","     3.2"," ","S","28","     1.1"," ","S","28","     0.1"," ","S","28","     0.0"," ","S","28","     0.0"," ","S","28","     0.0"," ","S","28","     0.0"," ","S","28","     0.0"," ","S","28","     0.0"," ","S","28","     3.2"," ","S","28","     1.1"," ","S","28","     0.1"," ","S","28","     0.0"," ","S","28","     0.0"," ","S","28","     0.0"," ","S","28","     0.0"," ","S","28","     0.0"," ","S","28","     4.0"," ","S","28","     3.2"," ","S","28","     9.8"," ","S","30","     4.8"," ","S","30","     2.7"," ","S","30","     1.3"," ","S","30","     0.3"," ","S","30","     0.0"," ","S","30","     0.0"," ","S","30","     0.0"," ","S","30","-9999.00","Y"," "," 0","-9999.00","Y"," "," 0","-9999.00","Y"," "," 0","    0.23"," ","S","30","    9.59"," ","S","30","     1.9"," ","S","30","     1.6"," ","S","30","     1.1"," ","S","30","     0.7"," ","S","30","     0.5"," ","S","30","     0.4"," ","S","30","     0.0"," ","S","30","     0.0"," ","S","30"," -9999.0","Y"," "," 0"," -9999.0","Y"," "," 0"," -9999.0","Y"," "," 0","     0.5"," ","S","30","    18.9"," ","S","30","     2.5"," ","S","30","     1.6"," ","S","30","     1.4"," ","S","30","     1.1"," ","S","30","     1.0"," ","S","30","     0.2"," ","S","30","     0.0"," ","S","30"," -9999.0","Y"," "," 0"," -9999.0","Y"," "," 0"," -9999.0","Y"," "," 0"
"USC00422592","11-14"," 37.7686","-111.5978","1770.9","ESCALANTE, UT US","11","14","99","    40.7"," ","S","28","    54.5"," ","S","28","    26.9"," ","S","29","    27.6"," ","S","28","     6.5"," ","S","28","     8.3"," ","S","28","     6.5"," ","S","29","     7.3"," ","S","28","    24.3"," ","S","28","     2.2"," ","S","28","     5.3"," ","S","28","     9.4"," ","S","28","    14.3"," ","S","28","    16.3"," ","S","28","    19.3"," ","S","28","     0.0"," ","S","28","     2.9"," ","S","28","     1.0"," ","S","28","     0.1"," ","S","28","     0.0"," ","S","28","     0.0"," ","S","28","     0.0"," ","S","28","     0.0"," ","S","28","     0.0"," ","S","28","     0.0"," ","S","28","     2.9"," ","S","28","     1.0"," ","S","28","     0.1"," ","S","28","     0.0"," ","S","28","     0.0"," ","S","28","     0.0"," ","S","28","     0.0"," ","S","28","     0.0"," ","S","28","     3.8"," ","S","28","     3.0"," ","S","28","     9.7"," ","S","30","     4.8"," ","S","30","     2.7"," ","S","30","     1.3"," ","S","30","     0.3"," ","S","30","     0.0"," ","S","30","     0.0"," ","S","30","     0.0"," ","S","30","-9999.00","Y"," "," 0","-9999.00","Y"," "," 0","-9999.00","Y"," "," 0","    0.25"," ","S","30","    9.61"," ","S","30","     2.0"," ","S","30","     1.7"," ","S","30","     1.2"," ","S","30","     0.7"," ","S","30","     0.5"," ","S","30","     0.5"," ","S","30","     0.0"," ","S","30","     0.0"," ","S","30"," -9999.0","Y"," "," 0"," -9999.0","Y"," "," 0"," -9999.0","Y"," "," 0","     0.6"," ","S","30","    19.0"," ","S","30","     2.6"," ","S","30","     1.8"," ","S","30","     1.5"," ","S","30","     1.2"," ","S","30","     1.1"," ","S","30","     0.2"," ","S","30","     0.0"," ","S","30"," -9999.0","Y"," "," 0"," -9999.0","Y"," "," 0"," -9999.0","Y"," "," 0"
"USC00422592","11-15"," 37.7686","-111.5978","1770.9","ESCALANTE, UT US","11","15","99","    40.3"," ","S","28","    54.0"," ","S","28","    26.5"," ","S","29","    27.5"," ","S","28","     6.5"," ","S","28","     8.3"," ","S","28","     6.5"," ","S","29","     7.3"," ","S","28","    24.7"," ","S","28","     2.4"," ","S","28","     5.6"," ","S","28","     9.8"," ","S","28","    14.7"," ","S","28","    16.7"," ","S","28","    19.7"," ","S","28","     0.0"," ","S","28","     2.7"," ","S","28","     0.8"," ","S","28","     0.1"," ","S","28","     0.0"," ","S","28","     0.0"," ","S","28","     0.0"," ","S","28","     0.0"," ","S","28","     0.0"," ","S","28","     0.0"," ","S","28","     2.7"," ","S","28","     0.8"," ","S","28","     0.1"," ","S","28","     0.0"," ","S","28","     0.0"," ","S","28","     0.0"," ","S","28","     0.0"," ","S","28","     0.0"," ","S","28","     3.6"," ","S","28","     2.8"," ","S","28","     9.6"," ","S","30","     4.8"," ","S","30","     2.6"," ","S","30","     1.3"," ","S","30","     0.3"," ","S","30","     0.0"," ","S","30","     0.0"," ","S","30","     0.0"," ","S","30","-9999.00","Y"," "," 0","-9999.00","Y"," "," 0","-9999.00","Y"," "," 0","    0.26"," ","S","30","    9.62"," ","S","30","     2.1"," ","S","30","     1.8"," ","S","30","     1.2"," ","S","30","     0.7"," ","S","30","     0.6"," ","S","30","     0.5"," ","S","30","     0.0"," ","S","30","     0.0"," ","S","30"," -9999.0","Y"," "," 0"," -9999.0","Y"," "," 0"," -9999.0","Y"," "," 0","     0.6"," ","S","30","    19.0"," ","S","30","     2.8"," ","S","30","     1.9"," ","S","30","     1.6"," ","S","30","     1.3"," ","S","30","     1.2"," ","S","30","     0.3"," ","S","30","     0.0"," ","S","30"," -9999.0","Y"," "," 0"," -9999.0","Y"," "," 0"," -9999.0","Y"," "," 0"
"USC00422592","11-16"," 37.7686","-111.5978","1770.9","ESCALANTE, UT US","11","16","99","    39.8"," ","S","28","    53.5"," ","S","28","    26.2"," ","S","29","    27.3"," ","S","28","     6.5"," ","S","28","     8.3"," ","S","28","     6.5"," ","S","29","     7.3"," ","S","28","    25.2"," ","S","28","     2.6"," ","S","28","     5.9"," ","S","28","    10.2"," ","S","28","    15.2"," ","S","28","    17.2"," ","S","28","    20.2"," ","S","28","     0.0"," ","S","28","     2.5"," ","S","28","     0.7"," ","S","28","     0.1"," ","S","28","     0.0"," ","S","28","     0.0"," ","S","28","     0.0"," ","S","28","     0.0"," ","S","28","     0.0"," ","S","28","     0.0"," ","S","28","     2.5"," ","S","28","     0.7"," ","S","28","     0.1"," ","S","28","     0.0"," ","S","28","     0.0"," ","S","28","     0.0"," ","S","28","     0.0"," ","S","28","     0.0"," ","S","28","     3.4"," ","S","28","     2.7"," ","S","28","     9.5"," ","S","30","     4.8"," ","S","30","     2.6"," ","S","30","     1.3"," ","S","30","     0.3"," ","S","30","     0.0"," ","S","30","     0.0"," ","S","30","     0.0"," ","S","30","-9999.00","Y"," "," 0","-9999.00","Y"," "," 0","-9999.00","Y"," "," 0","    0.28"," ","S","30","    9.64"," ","S","30","     2.2"," ","S","30","     1.9"," ","S","30","     1.3"," ","S","30","     0.8"," ","S","30","     0.6"," ","S","30","     0.5"," ","S","30","     0.0"," ","S","30","     0.0"," ","S","30"," -9999.0","Y"," "," 0"," -9999.0","Y"," "," 0"," -9999.0","Y"," "," 0","     0.7"," ","S","30","    19.1"," ","S","30","     3.0"," ","S","30","     2.1"," ","S","30","     1.8"," ","S","30","     1.5"," ","S","30","     1.3"," ","S","30","     0.3"," ","S","30","     0.0"," ","S","30"," -9999.0","Y"," "," 0"," -9999.0","Y"," "," 0"," -9999.0","Y"," "," 0"
"USC00422592","11-17"," 37.7686","-111.5978","1770.9","ESCALANTE, UT US","11","17","99","    39.4"," ","S","28","    53.0"," ","S","28","    25.8"," ","S","29","    27.2"," ","S","28","     6.5"," ","S","28","     8.3"," ","S","28","     6.6"," ","S","29","     7.3"," ","S","28","    25.6"," ","S","28","     2.8"," ","S","28","     6.2"," ","S","28","    10.6"," ","S","28","    15.6"," ","S","28","    17.6"," ","S","28","    20.6"," ","S","28","     0.0"," ","S","28","     2.2"," ","S","28","     0.7"," ","S","28","     0.1"," ","S","28","     0.0"," ","S","28","     0.0"," ","S","28","     0.0"," ","S","28","     0.0"," ","S","28","     0.0"," ","S","28","     0.0"," ","S","28","     2.2"," ","S","28","     0.7"," ","S","28","     0.1"," ","S","28","     0.0"," ","S","28","     0.0"," ","S","28","     0.0"," ","S","28","     0.0"," ","S","28","     0.0"," ","S","28","     3.2"," ","S","28","     2.5"," ","S","28","     9.5"," ","S","30","     4.8"," ","S","30","     2.6"," ","S","30","     1.2"," ","S","30","     0.3"," ","S","30","     0.0"," ","S","30","     0.0"," ","S","30","     0.0"," ","S","30","-9999.00","Y"," "," 0","-9999.00","Y"," "," 0","-9999.00","Y"," "," 0","    0.30"," ","S","30","    9.66"," ","S","30","     2.4"," ","S","30","     2.0"," ","S","30","     1.4"," ","S","30","     0.8"," ","S","30","     0.6"," ","S","30","     0.5"," ","S","30","     0.0"," ","S","30","     0.0"," ","S","30"," -9999.0","Y"," "," 0"," -9999.0","Y"," "," 0"," -9999.0","Y"," "," 0","     0.8"," ","S","30","    19.2"," ","S","30","     3.3"," ","S","30","     2.3"," ","S","30","     1.9"," ","S","30","     1.6"," ","S","30","     1.4"," ","S","30","     0.3"," ","S","30","     0.0"," ","S","30"," -9999.0","Y"," "," 0"," -9999.0","Y"," "," 0"," -9999.0","Y"," "," 0"
"USC00422592","11-18"," 37.7686","-111.5978","1770.9","ESCALANTE, UT US","11","18","99","    39.0"," ","S","28","    52.5"," ","S","28","    25.5"," ","S","29","    27.0"," ","S","28","     6.5"," ","S","28","     8.2"," ","S","28","     6.6"," ","S","29","     7.3"," ","S","28","    26.0"," ","S","28","     3.1"," ","S","28","     6.6"," ","S","28","    11.1"," ","S","28","    16.0"," ","S","28","    18.0"," ","S","28","    21.0"," ","S","28","     0.0"," ","S","28","     2.0"," ","S","28","     0.6"," ","S","28","     0.0","X","S","28","     0.0"," ","S","28","     0.0"," ","S","28","     0.0"," ","S","28","     0.0"," ","S","28","     0.0"," ","S","28","     0.0"," ","S","28","     2.0"," ","S","28","     0.6"," ","S","28","     0.0","X","S","28","     0.0"," ","S","28","     0.0"," ","S","28","     0.0"," ","S","28","     0.0"," ","S","28","     0.0"," ","S","28","     3.0"," ","S","28","     2.3"," ","S","28","     9.4"," ","S","30","     4.8"," ","S","30","     2.5"," ","S","30","     1.2"," ","S","30","     0.3"," ","S","30","     0.0"," ","S","30","     0.0"," ","S","30","     0.0"," ","S","30","-9999.00","Y"," "," 0","-9999.00","Y"," "," 0","-9999.00","Y"," "," 0","    0.31"," ","S","30","    9.67"," ","S","30","     2.5"," ","S","30","     2.2"," ","S","30","     1.4"," ","S","30","     0.8"," ","S","30","     0.7"," ","S","30","     0.5"," ","S","30","     0.0"," ","S","30","     0.0"," ","S","30"," -9999.0","Y"," "," 0"," -9999.0","Y"," "," 0"," -9999.0","Y"," "," 0","     0.8"," ","S","30","    19.2"," ","S","30","     3.5"," ","S","30","     2.5"," ","S","30","     2.1"," ","S","30","     1.8"," ","S","30","     1.6"," ","S","30","     0.3"," ","S","30","     0.0"," ","S","30"," -9999.0","Y"," "," 0"," -9999.0","Y"," "," 0"," -9999.0","Y"," "," 0"
"USC00422592","11-19"," 37.7686","-111.5978","1770.9","ESCALANTE, UT US","11","19","99","    38.6"," ","S","28","    52.0"," ","S","28","    25.1"," ","S","29","    26.9"," ","S","28","     6.5"," ","S","28","     8.2"," ","S","28","     6.6"," ","S","29","     7.3"," ","S","28","    26.4"," ","S","28","     3.3"," ","S","28","     6.9"," ","S","28","    11.5"," ","S","28","    16.4"," ","S","28","    18.4"," ","S","28","    21.4"," ","S","28","     0.0"," ","S","28","     1.8"," ","S","28","     0.5"," ","S","28","     0.0","X","S","28","     0.0"," ","S","28","     0.0"," ","S","28","     0.0"," ","S","28","     0.0"," ","S","28","     0.0"," ","S","28","     0.0"," ","S","28","     1.8"," ","S","28","     0.5"," ","S","28","     0.0","X","S","28","     0.0"," ","S","28","     0.0"," ","S","28","     0.0"," ","S","28","     0.0"," ","S","28","     0.0"," ","S","28","     2.8"," ","S","28","     2.2"," ","S","28","     9.4"," ","S","30","     4.8"," ","S","30","     2.5"," ","S","30","     1.2"," ","S","30","     0.3"," ","S","30","     0.0"," ","S","30","     0.0"," ","S","30","     0.0"," ","S","30","-9999.00","Y"," "," 0","-9999.00","Y"," "," 0","-9999.00","Y"," "," 0","    0.33"," ","S","30","    9.69"," ","S","30","     2.7"," ","S","30","     2.3"," ","S","30","     1.5"," ","S","30","     0.9"," ","S","30","     0.7"," ","S","30","     0.6"," ","S","30","     0.0"," ","S","30","     0.0"," ","S","30"," -9999.0","Y"," "," 0"," -9999.0","Y"," "," 0"," -9999.0","Y"," "," 0","     0.9"," ","S","30","    19.3"," ","S","30","     3.8"," ","S","30","     2.8"," ","S","30","     2.3"," ","S","30","     1.9"," ","S","30","     1.7"," ","S","30","     0.3"," ","S","30","     0.0"," ","S","30"," -9999.0","Y"," "," 0"," -9999.0","Y"," "," 0"," -9999.0","Y"," "," 0"
"USC00422592","11-20"," 37.7686","-111.5978","1770.9","ESCALANTE, UT US","11","20","99","    38.1"," ","S","28","    51.5"," ","S","28","    24.8"," ","S","29","    26.7"," ","S","28","     6.5"," ","S","28","     8.2"," ","S","28","     6.7"," ","S","29","     7.3"," ","S","28","    26.9"," ","S","28","     3.5"," ","S","28","     7.3"," ","S","28","    11.9"," ","S","28","    16.9"," ","S","28","    18.9"," ","S","28","    21.9"," ","S","28","     0.0"," ","S","28","     1.6"," ","S","28","     0.4"," ","S","28","     0.0","X","S","28","     0.0"," ","S","28","     0.0"," ","S","28","     0.0"," ","S","28","     0.0"," ","S","28","     0.0"," ","S","28","     0.0"," ","S","28","     1.6"," ","S","28","     0.4"," ","S","28","     0.0","X","S","28","     0.0"," ","S","28","     0.0"," ","S","28","     0.0"," ","S","28","     0.0"," ","S","28","     0.0"," ","S","28","     2.6"," ","S","28","     2.0"," ","S","28","     9.4"," ","S","30","     4.9"," ","S","30","     2.5"," ","S","30","     1.2"," ","S","30","     0.3"," ","S","30","     0.0"," ","S","30","     0.0"," ","S","30","     0.0"," ","S","30","-9999.00","Y"," "," 0","-9999.00","Y"," "," 0","-9999.00","Y"," "," 0","    0.35"," ","S","30","    9.71"," ","S","30","     2.8"," ","S","30","     2.4"," ","S","30","     1.5"," ","S","30","     0.9"," ","S","30","     0.7"," ","S","30","     0.6"," ","S","30","     0.0"," ","S","30","     0.0"," ","S","30"," -9999.0","Y"," "," 0"," -9999.0","Y"," "," 0"," -9999.0","Y"," "," 0","     1.0"," ","S","30","    19.4"," ","S","30","     4.1"," ","S","30","     3.0"," ","S","30","     2.5"," ","S","30","     2.1"," ","S","30","     1.9"," ","S","30","     0.4"," ","S","30","     0.0"," ","S","30"," -9999.0","Y"," "," 0"," -9999.0","Y"," "," 0"," -9999.0","Y"," "," 0"
"USC00422592","11-21"," 37.7686","-111.5978","1770.9","ESCALANTE, UT US","11","21","99","    37.7"," ","S","28","    51.0"," ","S","28","    24.4"," ","S","29","    26.6"," ","S","28","     6.5"," ","S","28","     8.2"," ","S","28","     6.7"," ","S","29","     7.2"," ","S","28","    27.3"," ","S","28","     3.8"," ","S","28","     7.6"," ","S","28","    12.3"," ","S","28","    17.3"," ","S","28","    19.3"," ","S","28","    22.3"," ","S","28","     0.0"," ","S","28","     1.5"," ","S","28","     0.3"," ","S","28","     0.0","X","S","28","     0.0"," ","S","28","     0.0"," ","S","28","     0.0"," ","S","28","     0.0"," ","S","28","     0.0"," ","S","28","     0.0"," ","S","28","     1.5"," ","S","28","     0.3"," ","S","28","     0.0","X","S","28","     0.0"," ","S","28","     0.0"," ","S","28","     0.0"," ","S","28","     0.0"," ","S","28","     0.0"," ","S","28","     2.5"," ","S","28","     1.9"," ","S","28","     9.4"," ","S","30","     4.9"," ","S","30","     2.5"," ","S","30","     1.2"," ","S","30","     0.3"," ","S","30","     0.0"," ","S","30","     0.0"," ","S","30","     0.0"," ","S","30","-9999.00","Y"," "," 0","-9999.00","Y"," "," 0","-9999.00","Y"," "," 0","    0.37"," ","S","30","    9.73"," ","S","30","     3.0"," ","S","30","     2.5"," ","S","30","     1.6"," ","S","30","     1.0"," ","S","30","     0.8"," ","S","30","     0.6"," ","S","30","     0.0"," ","S","30","     0.0"," ","S","30"," -9999.0","Y"," "," 0"," -9999.0","Y"," "," 0"," -9999.0","Y"," "," 0","     1.1"," ","S","30","    19.5"," ","S","30","     4.4"," ","S","30","     3.3"," ","S","30","     2.7"," ","S","30","     2.3"," ","S","30","     2.0"," ","S","30","     0.4"," ","S","30","     0.0"," ","S","30"," -9999.0","Y"," "," 0"," -9999.0","Y"," "," 0"," -9999.0","Y"," "," 0"
"USC00422592","11-22"," 37.7686","-111.5978","1770.9","ESCALANTE, UT US","11","22","99","    37.3"," ","S","28","    50.5"," ","S","28","    24.1"," ","S","29","    26.4"," ","S","28","     6.6"," ","S","28","     8.1"," ","S","28","     6.7"," ","S","29","     7.2"," ","S","28","    27.7"," ","S","28","     4.0"," ","S","28","     8.0"," ","S","28","    12.7"," ","S","28","    17.7"," ","S","28","    19.7"," ","S","28","    22.7"," ","S","28","     0.0"," ","S","28","     1.3"," ","S","28","     0.3"," ","S","28","     0.0","X","S","28","     0.0"," ","S","28","     0.0"," ","S","28","     0.0"," ","S","28","     0.0"," ","S","28","     0.0"," ","S","28","     0.0"," ","S","28","     1.3"," ","S","28","     0.3"," ","S","28","     0.0","X","S","28","     0.0"," ","S","28","     0.0"," ","S","28","     0.0"," ","S","28","     0.0"," ","S","28","     0.0"," ","S","28","     2.3"," ","S","28","     1.7"," ","S","28","     9.4"," ","S","30","     4.9"," ","S","30","     2.5"," ","S","30","     1.2"," ","S","30","     0.3"," ","S","30","     0.0"," ","S","30","     0.0"," ","S","30","     0.0"," ","S","30","-9999.00","Y"," "," 0","-9999.00","Y"," "," 0","-9999.00","Y"," "," 0","    0.38"," ","S","30","    9.74"," ","S","30","     3.2"," ","S","30","     2.7"," ","S","30","     1.7"," ","S","30","     1.0"," ","S","30","     0.8"," ","S","30","     0.6"," ","S","30","     0.0"," ","S","30","     0.0"," ","S","30"," -9999.0","Y"," "," 0"," -9999.0","Y"," "," 0"," -9999.0","Y"," "," 0","     1.1"," ","S","30","    19.5"," ","S","30","     4.7"," ","S","30","     3.6"," ","S","30","     3.0"," ","S","30","     2.5"," ","S","30","     2.1"," ","S","30","     0.4"," ","S","30","     0.0"," ","S","30"," -9999.0","Y"," "," 0"," -9999.0","Y"," "," 0"," -9999.0","Y"," "," 0"
"USC00422592","11-23"," 37.7686","-111.5978","1770.9","ESCALANTE, UT US","11","23","99","    36.9"," ","S","28","    50.0"," ","S","28","    23.7"," ","S","29","    26.3"," ","S","28","     6.6"," ","S","28","     8.1"," ","S","28","     6.8"," ","S","29","     7.2"," ","S","28","    28.1"," ","S","28","     4.3"," ","S","28","     8.3"," ","S","28","    13.1"," ","S","28","    18.1"," ","S","28","    20.1"," ","S","28","    23.1"," ","S","28","     0.0"," ","S","28","     1.2"," ","S","28","     0.2"," ","S","28","     0.0","X","S","28","     0.0"," ","S","28","     0.0"," ","S","28","     0.0"," ","S","28","     0.0"," ","S","28","     0.0"," ","S","28","     0.0"," ","S","28","     1.2"," ","S","28","     0.2"," ","S","28","     0.0","X","S","28","     0.0"," ","S","28","     0.0"," ","S","28","     0.0"," ","S","28","     0.0"," ","S","28","     0.0"," ","S","28","     2.2"," ","S","28","     1.6"," ","S","28","     9.4"," ","S","30","     4.9"," ","S","30","     2.4"," ","S","30","     1.2"," ","S","30","     0.3"," ","S","30","     0.0"," ","S","30","     0.0"," ","S","30","     0.0"," ","S","30","-9999.00","Y"," "," 0","-9999.00","Y"," "," 0","-9999.00","Y"," "," 0","    0.40"," ","S","30","    9.76"," ","S","30","     3.3"," ","S","30","     2.8"," ","S","30","     1.7"," ","S","30","     1.0"," ","S","30","     0.8"," ","S","30","     0.6"," ","S","30","     0.0"," ","S","30","     0.0"," ","S","30"," -9999.0","Y"," "," 0"," -9999.0","Y"," "," 0"," -9999.0","Y"," "," 0","     1.2"," ","S","30","    19.6"," ","S","30","     5.1"," ","S","30","     3.9"," ","S","30","     3.2"," ","S","30","     2.6"," ","S","30","     2.3"," ","S","30","     0.4"," ","S","30","     0.0"," ","S","30"," -9999.0","Y"," "," 0"," -9999.0","Y"," "," 0"," -9999.0","Y"," "," 0"
"USC00422592","11-24"," 37.7686","-111.5978","1770.9","ESCALANTE, UT US","11","24","99","    36.5"," ","S","28","    49.6"," ","S","28","    23.4"," ","S","29","    26.1"," ","S","28","     6.6"," ","S","28","     8.1"," ","S","28","     6.9"," ","S","29","     7.2"," ","S","28","    28.5"," ","S","28","     4.6"," ","S","28","     8.7"," ","S","28","    13.5"," ","S","28","    18.5"," ","S","28","    20.5"," ","S","28","    23.5"," ","S","28","     0.0"," ","S","28","     1.1"," ","S","28","     0.2"," ","S","28","     0.0","X","S","28","     0.0"," ","S","28","     0.0"," ","S","28","     0.0"," ","S","28","     0.0"," ","S","28","     0.0"," ","S","28","     0.0"," ","S","28","     1.1"," ","S","28","     0.2"," ","S","28","     0.0","X","S","28","     0.0"," ","S","28","     0.0"," ","S","28","     0.0"," ","S","28","     0.0"," ","S","28","     0.0"," ","S","28","     2.0"," ","S","28","     1.5"," ","S","28","     9.4"," ","S","30","     5.0"," ","S","30","     2.4"," ","S","30","     1.2"," ","S","30","     0.3"," ","S","30","     0.0"," ","S","30","     0.0"," ","S","30","     0.0"," ","S","30","-9999.00","Y"," "," 0","-9999.00","Y"," "," 0","-9999.00","Y"," "," 0","    0.42"," ","S","30","    9.78"," ","S","30","     3.5"," ","S","30","     2.9"," ","S","30","     1.8"," ","S","30","     1.0"," ","S","30","     0.8"," ","S","30","     0.6"," ","S","30","     0.0"," ","S","30","     0.0"," ","S","30"," -9999.0","Y"," "," 0"," -9999.0","Y"," "," 0"," -9999.0","Y"," "," 0","     1.3"," ","S","30","    19.7"," ","S","30","     5.4"," ","S","30","     4.2"," ","S","30","     3.4"," ","S","30","     2.8"," ","S","30","     2.4"," ","S","30","     0.4"," ","S","30","     0.0"," ","S","30"," -9999.0","Y"," "," 0"," -9999.0","Y"," "," 0"," -9999.0","Y"," "," 0"
"USC00422592","11-25"," 37.7686","-111.5978","1770.9","ESCALANTE, UT US","11","25","99","    36.1"," ","S","28","    49.1"," ","S","28","    23.1"," ","S","29","    26.0"," ","S","28","     6.6"," ","S","28","     8.1"," ","S","28","     6.9"," ","S","29","     7.2"," ","S","28","    28.9"," ","S","28","     4.9"," ","S","28","     9.1"," ","S","28","    13.9"," ","S","28","    18.9"," ","S","28","    20.9"," ","S","28","    23.9"," ","S","28","     0.0"," ","S","28","     1.0"," ","S","28","     0.2"," ","S","28","     0.0","X","S","28","     0.0"," ","S","28","     0.0"," ","S","28","     0.0"," ","S","28","     0.0"," ","S","28","     0.0"," ","S","28","     0.0"," ","S","28","     1.0"," ","S","28","     0.2"," ","S","28","     0.0","X","S","28","     0.0"," ","S","28","     0.0"," ","S","28","     0.0"," ","S","28","     0.0"," ","S","28","     0.0"," ","S","28","     1.9"," ","S","28","     1.4"," ","S","28","     9.5"," ","S","30","     5.0"," ","S","30","     2.4"," ","S","30","     1.2"," ","S","30","     0.3"," ","S","30","     0.0"," ","S","30","     0.0"," ","S","30","     0.0"," ","S","30","-9999.00","Y"," "," 0","-9999.00","Y"," "," 0","-9999.00","Y"," "," 0","    0.43"," ","S","30","    9.79"," ","S","30","     3.6"," ","S","30","     3.0"," ","S","30","     1.8"," ","S","30","     1.1"," ","S","30","     0.8"," ","S","30","     0.6"," ","S","30","     0.0"," ","S","30","     0.0"," ","S","30"," -9999.0","Y"," "," 0"," -9999.0","Y"," "," 0"," -9999.0","Y"," "," 0","     1.4"," ","S","30","    19.8"," ","S","30","     5.8"," ","S","30","     4.5"," ","S","30","     3.6"," ","S","30","     3.0"," ","S","30","     2.6"," ","S","30","     0.5"," ","S","30","     0.0"," ","S","30"," -9999.0","Y"," "," 0"," -9999.0","Y"," "," 0"," -9999.0","Y"," "," 0"
"USC00422592","11-26"," 37.7686","-111.5978","1770.9","ESCALANTE, UT US","11","26","99","    35.7"," ","S","28","    48.6"," ","S","28","    22.8"," ","S","29","    25.8"," ","S","28","     6.6"," ","S","28","     8.0"," ","S","28","     7.0"," ","S","29","     7.2"," ","S","28","    29.3"," ","S","28","     5.2"," ","S","28","     9.5"," ","S","28","    14.3"," ","S","28","    19.3"," ","S","28","    21.3"," ","S","28","    24.3"," ","S","28","     0.0"," ","S","28","     0.9"," ","S","28","     0.2"," ","S","28","     0.0","X","S","28","     0.0"," ","S","28","     0.0"," ","S","28","     0.0"," ","S","28","     0.0"," ","S","28","     0.0"," ","S","28","     0.0"," ","S","28","     0.9"," ","S","28","     0.2"," ","S","28","     0.0","X","S","28","     0.0"," ","S","28","     0.0"," ","S","28","     0.0"," ","S","28","     0.0"," ","S","28","     0.0"," ","S","28","     1.8"," ","S","28","     1.3"," ","S","28","     9.6"," ","S","30","     5.0"," ","S","30","     2.4"," ","S","30","     1.2"," ","S","30","     0.3"," ","S","30","     0.0"," ","S","30","     0.0"," ","S","30","     0.0"," ","S","30","-9999.00","Y"," "," 0","-9999.00","Y"," "," 0","-9999.00","Y"," "," 0","    0.45"," ","S","30","    9.81"," ","S","30","     3.8"," ","S","30","     3.1"," ","S","30","     1.8"," ","S","30","     1.1"," ","S","30","     0.9"," ","S","30","     0.6"," ","S","30","     0.0"," ","S","30","     0.0"," ","S","30"," -9999.0","Y"," "," 0"," -9999.0","Y"," "," 0"," -9999.0","Y"," "," 0","     1.5"," ","S","30","    19.9"," ","S","30","     6.2"," ","S","30","     4.8"," ","S","30","     3.9"," ","S","30","     3.2"," ","S","30","     2.7"," ","S","30","     0.5"," ","S","30","     0.0"," ","S","30"," -9999.0","Y"," "," 0"," -9999.0","Y"," "," 0"," -9999.0","Y"," "," 0"
"USC00422592","11-27"," 37.7686","-111.5978","1770.9","ESCALANTE, UT US","11","27","99","    35.3"," ","S","28","    48.2"," ","S","28","    22.5"," ","S","29","    25.7"," ","S","28","     6.6"," ","S","28","     8.0"," ","S","28","     7.0"," ","S","29","     7.1"," ","S","28","    29.7"," ","S","28","     5.5"," ","S","28","     9.8"," ","S","28","    14.7"," ","S","28","    19.7"," ","S","28","    21.7"," ","S","28","    24.7"," ","S","28","     0.0"," ","S","28","     0.9"," ","S","28","     0.2"," ","S","28","     0.0","X","S","28","     0.0"," ","S","28","     0.0"," ","S","28","     0.0"," ","S","28","     0.0"," ","S","28","     0.0"," ","S","28","     0.0"," ","S","28","     0.9"," ","S","28","     0.2"," ","S","28","     0.0","X","S","28","     0.0"," ","S","28","     0.0"," ","S","28","     0.0"," ","S","28","     0.0"," ","S","28","     0.0"," ","S","28","     1.7"," ","S","28","     1.2"," ","S","28","     9.7"," ","S","30","     5.1"," ","S","30","     2.4"," ","S","30","     1.2"," ","S","30","     0.3"," ","S","30","     0.0"," ","S","30","     0.0"," ","S","30","     0.0"," ","S","30","-9999.00","Y"," "," 0","-9999.00","Y"," "," 0","-9999.00","Y"," "," 0","    0.47"," ","S","30","    9.83"," ","S","30","     3.9"," ","S","30","     3.3"," ","S","30","     1.9"," ","S","30","     1.1"," ","S","30","     0.9"," ","S","30","     0.6"," ","S","30","     0.0"," ","S","30","     0.0"," ","S","30"," -9999.0","Y"," "," 0"," -9999.0","Y"," "," 0"," -9999.0","Y"," "," 0","     1.6"," ","S","30","    20.0"," ","S","30","     6.6"," ","S","30","     5.2"," ","S","30","     4.1"," ","S","30","     3.4"," ","S","30","     2.9"," ","S","30","     0.5"," ","S","30","     0.0"," ","S","30"," -9999.0","Y"," "," 0"," -9999.0","Y"," "," 0"," -9999.0","Y"," "," 0"
"USC00422592","11-28"," 37.7686","-111.5978","1770.9","ESCALANTE, UT US","11","28","99","    34.9"," ","S","28","    47.7"," ","S","28","    22.2"," ","S","29","    25.6"," ","S","28","     6.6"," ","S","28","     7.9"," ","S","28","     7.1"," ","S","29","     7.1"," ","S","28","    30.1"," ","S","28","     5.9"," ","S","28","    10.2"," ","S","28","    15.1"," ","S","28","    20.1"," ","S","28","    22.1"," ","S","28","    25.1"," ","S","28","     0.0"," ","S","28","     0.8"," ","S","28","     0.1"," ","S","28","     0.0","X","S","28","     0.0"," ","S","28","     0.0"," ","S","28","     0.0"," ","S","28","     0.0"," ","S","28","     0.0"," ","S","28","     0.0"," ","S","28","     0.8"," ","S","28","     0.1"," ","S","28","     0.0","X","S","28","     0.0"," ","S","28","     0.0"," ","S","28","     0.0"," ","S","28","     0.0"," ","S","28","     0.0"," ","S","28","     1.6"," ","S","28","     1.1"," ","S","28","     9.9"," ","S","30","     5.2"," ","S","30","     2.4"," ","S","30","     1.2"," ","S","30","     0.3"," ","S","30","     0.0"," ","S","30","     0.0"," ","S","30","     0.0"," ","S","30","-9999.00","Y"," "," 0","-9999.00","Y"," "," 0","-9999.00","Y"," "," 0","    0.49"," ","S","30","    9.85"," ","S","30","     4.1"," ","S","30","     3.4"," ","S","30","     1.9"," ","S","30","     1.1"," ","S","30","     0.9"," ","S","30","     0.6"," ","S","30","     0.0"," ","S","30","     0.0"," ","S","30"," -9999.0","Y"," "," 0"," -9999.0","Y"," "," 0"," -9999.0","Y"," "," 0","     1.7"," ","S","30","    20.1"," ","S","30","     7.0"," ","S","30","     5.5"," ","S","30","     4.4"," ","S","30","     3.6"," ","S","30","     3.1"," ","S","30","     0.5"," ","S","30","     0.0"," ","S","30"," -9999.0","Y"," "," 0"," -9999.0","Y"," "," 0"," -9999.0","Y"," "," 0"
"USC00422592","11-29"," 37.7686","-111.5978","1770.9","ESCALANTE, UT US","11","29","99","    34.6"," ","S","28","    47.3"," ","S","28","    21.9"," ","S","29","    25.4"," ","S","28","     6.6"," ","S","28","     7.9"," ","S","28","     7.1"," ","S","29","     7.1"," ","S","28","    30.4"," ","S","28","     6.2"," ","S","28","    10.6"," ","S","28","    15.4"," ","S","28","    20.4"," ","S","28","    22.4"," ","S","28","    25.4"," ","S","28","     0.0"," ","S","28","     0.8"," ","S","28","     0.1"," ","S","28","     0.0","X","S","28","     0.0"," ","S","28","     0.0"," ","S","28","     0.0"," ","S","28","     0.0"," ","S","28","     0.0"," ","S","28","     0.0"," ","S","28","     0.8"," ","S","28","     0.1"," ","S","28","     0.0","X","S","28","     0.0"," ","S","28","     0.0"," ","S","28","     0.0"," ","S","28","     0.0"," ","S","28","     0.0"," ","S","28","     1.5"," ","S","28","     1.1"," ","S","28","    10.0"," ","S","30","     5.3"," ","S","30","     2.4"," ","S","30","     1.2"," ","S","30","     0.3"," ","S","30","     0.0"," ","S","30","     0.0"," ","S","30","     0.0"," ","S","30","-9999.00","Y"," "," 0","-9999.00","Y"," "," 0","-9999.00","Y"," "," 0","    0.50"," ","S","30","    9.86"," ","S","30","     4.3"," ","S","30","     3.5"," ","S","30","     2.0"," ","S","30","     1.2"," ","S","30","     0.9"," ","S","30","     0.6"," ","S","30","     0.0"," ","S","30","     0.0"," ","S","30"," -9999.0","Y"," "," 0"," -9999.0","Y"," "," 0"," -9999.0","Y"," "," 0","     1.8"," ","S","30","    20.2"," ","S","30","     7.5"," ","S","30","     5.9"," ","S","30","     4.6"," ","S","30","     3.8"," ","S","30","     3.3"," ","S","30","     0.5"," ","S","30","     0.0"," ","S","30"," -9999.0","Y"," "," 0"," -9999.0","Y"," "," 0"," -9999.0","Y"," "," 0"
"USC00422592","11-30"," 37.7686","-111.5978","1770.9","ESCALANTE, UT US","11","30","99","    34.2"," ","S","28","    46.9"," ","S","28","    21.6"," ","S","29","    25.3"," ","S","28","     6.6"," ","S","28","     7.9"," ","S","28","     7.2"," ","S","29","     7.1"," ","S","28","    30.8"," ","S","28","     6.5"," ","S","28","    10.9"," ","S","28","    15.8"," ","S","28","    20.8"," ","S","28","    22.8"," ","S","28","    25.8"," ","S","28","     0.0"," ","S","28","     0.7"," ","S","28","     0.1"," ","S","28","     0.0","X","S","28","     0.0"," ","S","28","     0.0"," ","S","28","     0.0"," ","S","28","     0.0"," ","S","28","     0.0"," ","S","28","     0.0"," ","S","28","     0.7"," ","S","28","     0.1"," ","S","28","     0.0","X","S","28","     0.0"," ","S","28","     0.0"," ","S","28","     0.0"," ","S","28","     0.0"," ","S","28","     0.0"," ","S","28","     1.4"," ","S","28","     1.0"," ","S","28","    10.1"," ","S","30","     5.3"," ","S","30","     2.4"," ","S","30","     1.2"," ","S","30","     0.3"," ","S","30","     0.0"," ","S","30","     0.0"," ","S","30","     0.0"," ","S","30","-9999.00","Y"," "," 0","-9999.00","Y"," "," 0","-9999.00","Y"," "," 0","    0.52"," ","S","30","    9.88"," ","S","30","     4.5"," ","S","30","     3.6"," ","S","30","     2.0"," ","S","30","     1.2"," ","S","30","     0.9"," ","S","30","     0.6"," ","S","30","     0.0"," ","S","30","     0.0"," ","S","30"," -9999.0","Y"," "," 0"," -9999.0","Y"," "," 0"," -9999.0","Y"," "," 0","     1.9"," ","S","30","    20.3"," ","S","30","     8.0"," ","S","30","     6.3"," ","S","30","     4.9"," ","S","30","     4.0"," ","S","30","     3.4"," ","S","30","     0.5"," ","S","30","     0.0"," ","S","30"," -9999.0","Y"," "," 0"," -9999.0","Y"," "," 0"," -9999.0","Y"," "," 0"
"USC00422592","12-01"," 37.7686","-111.5978","1770.9","ESCALANTE, UT US","12","01","99","    33.9"," ","S","28","    46.5"," ","S","28","    21.3"," ","S","29","    25.2"," ","S","28","     6.6"," ","S","28","     7.8"," ","S","28","     7.2"," ","S","29","     7.0"," ","S","28","    31.1"," ","S","28","     6.7"," ","S","28","    11.2"," ","S","28","    16.1"," ","S","28","    21.1"," ","S","28","    23.1"," ","S","28","    26.1"," ","S","28","     0.0"," ","S","28","     0.6"," ","S","28","     0.1"," ","S","28","     0.0","X","S","28","     0.0"," ","S","28","     0.0"," ","S","28","     0.0"," ","S","28","     0.0"," ","S","28","     0.0"," ","S","28","     0.0"," ","S","28","     0.6"," ","S","28","     0.1"," ","S","28","     0.0","X","S","28","     0.0"," ","S","28","     0.0"," ","S","28","     0.0"," ","S","28","     0.0"," ","S","28","     0.0"," ","S","28","     1.2"," ","S","28","     0.9"," ","S","28","    10.3"," ","S","30","     5.4"," ","S","30","     2.4"," ","S","30","     1.2"," ","S","30","     0.3"," ","S","30","     0.0"," ","S","30","     0.0"," ","S","30","     0.0"," ","S","30","-9999.00","Y"," "," 0","-9999.00","Y"," "," 0","-9999.00","Y"," "," 0","    0.02"," ","S","30","    9.90"," ","S","30","     4.6"," ","S","30","     3.8"," ","S","30","     2.1"," ","S","30","     1.2"," ","S","30","     1.0"," ","S","30","     0.6"," ","S","30","     0.1"," ","S","30","     0.0"," ","S","30"," -9999.0","Y"," "," 0"," -9999.0","Y"," "," 0"," -9999.0","Y"," "," 0","     0.1"," ","S","30","    20.4"," ","S","30","     8.5"," ","S","30","     6.7"," ","S","30","     5.2"," ","S","30","     4.3"," ","S","30","     3.7"," ","S","30","     0.5"," ","S","30","     0.0"," ","S","30"," -9999.0","Y"," "," 0"," -9999.0","Y"," "," 0"," -9999.0","Y"," "," 0"
"USC00422592","12-02"," 37.7686","-111.5978","1770.9","ESCALANTE, UT US","12","02","99","    33.6"," ","S","28","    46.1"," ","S","28","    21.0"," ","S","29","    25.0"," ","S","28","     6.6"," ","S","28","     7.8"," ","S","28","     7.3"," ","S","29","     7.0"," ","S","28","    31.4"," ","S","28","     7.0"," ","S","28","    11.5"," ","S","28","    16.5"," ","S","28","    21.4"," ","S","28","    23.4"," ","S","28","    26.4"," ","S","28","     0.0"," ","S","28","     0.6"," ","S","28","     0.1"," ","S","28","     0.0","X","S","28","     0.0"," ","S","28","     0.0"," ","S","28","     0.0"," ","S","28","     0.0"," ","S","28","     0.0"," ","S","28","     0.0"," ","S","28","     0.6"," ","S","28","     0.1"," ","S","28","     0.0","X","S","28","     0.0"," ","S","28","     0.0"," ","S","28","     0.0"," ","S","28","     0.0"," ","S","28","     0.0"," ","S","28","     1.1"," ","S","28","     0.8"," ","S","28","    10.4"," ","S","30","     5.5"," ","S","30","     2.4"," ","S","30","     1.2"," ","S","30","     0.3"," ","S","30","     0.0"," ","S","30","     0.0"," ","S","30","     0.0"," ","S","30","-9999.00","Y"," "," 0","-9999.00","Y"," "," 0","-9999.00","Y"," "," 0","    0.04"," ","S","30","    9.92"," ","S","30","     4.8"," ","S","30","     3.9"," ","S","30","     2.2"," ","S","30","     1.3"," ","S","30","     1.0"," ","S","30","     0.6"," ","S","30","     0.1"," ","S","30","     0.0"," ","S","30"," -9999.0","Y"," "," 0"," -9999.0","Y"," "," 0"," -9999.0","Y"," "," 0","     0.2"," ","S","30","    20.5"," ","S","30","     9.0"," ","S","30","     7.2"," ","S","30","     5.5"," ","S","30","     4.6"," ","S","30","     3.9"," ","S","30","     0.5"," ","S","30","     0.0"," ","S","30"," -9999.0","Y"," "," 0"," -9999.0","Y"," "," 0"," -9999.0","Y"," "," 0"
"USC00422592","12-03"," 37.7686","-111.5978","1770.9","ESCALANTE, UT US","12","03","99","    33.2"," ","S","28","    45.7"," ","S","28","    20.8"," ","S","29","    24.9"," ","S","28","     6.7"," ","S","28","     7.7"," ","S","28","     7.3"," ","S","29","     7.0"," ","S","28","    31.8"," ","S","28","     7.3"," ","S","28","    11.8"," ","S","28","    16.8"," ","S","28","    21.8"," ","S","28","    23.8"," ","S","28","    26.8"," ","S","28","     0.0"," ","S","28","     0.5"," ","S","28","     0.1"," ","S","28","     0.0","X","S","28","     0.0"," ","S","28","     0.0"," ","S","28","     0.0"," ","S","28","     0.0"," ","S","28","     0.0"," ","S","28","     0.0"," ","S","28","     0.5"," ","S","28","     0.1"," ","S","28","     0.0","X","S","28","     0.0"," ","S","28","     0.0"," ","S","28","     0.0"," ","S","28","     0.0"," ","S","28","     0.0"," ","S","28","     1.1"," ","S","28","     0.7"," ","S","28","    10.5"," ","S","30","     5.5"," ","S","30","     2.4"," ","S","30","     1.2"," ","S","30","     0.3"," ","S","30","     0.0"," ","S","30","     0.0"," ","S","30","     0.0"," ","S","30","    0.04"," ","S","30","    0.09"," ","S","30","    0.22"," ","S","30","    0.06"," ","S","30","    9.94"," ","S","30","     5.0"," ","S","30","     4.1"," ","S","30","     2.3"," ","S","30","     1.3"," ","S","30","     1.0"," ","S","30","     0.6"," ","S","30","     0.1"," ","S","30","     0.0"," ","S","30"," -9999.0","Y"," "," 0"," -9999.0","Y"," "," 0"," -9999.0","Y"," "," 0","     0.4"," ","S","30","    20.7"," ","S","30","     9.6"," ","S","30","     7.7"," ","S","30","     5.9"," ","S","30","     4.9"," ","S","30","     4.1"," ","S","30","     0.5"," ","S","30","     0.0"," ","S","30"," -9999.0","Y"," "," 0"," -9999.0","Y"," "," 0"," -9999.0","Y"," "," 0"
"USC00422592","12-04"," 37.7686","-111.5978","1770.9","ESCALANTE, UT US","12","04","99","    32.9"," ","S","28","    45.3"," ","S","28","    20.5"," ","S","29","    24.8"," ","S","28","     6.7"," ","S","28","     7.7"," ","S","28","     7.4"," ","S","29","     7.0"," ","S","28","    32.1"," ","S","28","     7.5"," ","S","28","    12.1"," ","S","28","    17.1"," ","S","28","    22.1"," ","S","28","    24.1"," ","S","28","    27.1"," ","S","28","     0.0"," ","S","28","     0.5"," ","S","28","     0.1"," ","S","28","     0.0","X","S","28","     0.0"," ","S","28","     0.0"," ","S","28","     0.0"," ","S","28","     0.0"," ","S","28","     0.0"," ","S","28","     0.0"," ","S","28","     0.5"," ","S","28","     0.1"," ","S","28","     0.0","X","S","28","     0.0"," ","S","28","     0.0"," ","S","28","     0.0"," ","S","28","     0.0"," ","S","28","     0.0"," ","S","28","     1.0"," ","S","28","     0.7"," ","S","28","    10.7"," ","S","30","     5.6"," ","S","30","     2.4"," ","S","30","     1.2"," ","S","30","     0.3"," ","S","30","     0.0"," ","S","30","     0.0"," ","S","30","     0.0"," ","S","30","    0.03"," ","S","30","    0.09"," ","S","30","    0.22"," ","S","30","    0.08"," ","S","30","    9.96"," ","S","30","     5.2"," ","S","30","     4.2"," ","S","30","     2.3"," ","S","30","     1.4"," ","S","30","     1.1"," ","S","30","     0.6"," ","S","30","     0.1"," ","S","30","     0.0"," ","S","30"," -9999.0","Y"," "," 0"," -9999.0","Y"," "," 0"," -9999.0","Y"," "," 0","     0.5"," ","S","30","    20.8"," ","S","30","    10.2"," ","S","30","     8.2"," ","S","30","     6.3"," ","S","30","     5.2"," ","S","30","     4.4"," ","S","30","     0.5"," ","S","30","     0.0"," ","S","30"," -9999.0","Y"," "," 0"," -9999.0","Y"," "," 0"," -9999.0","Y"," "," 0"
"USC00422592","12-05"," 37.7686","-111.5978","1770.9","ESCALANTE, UT US","12","05","99","    32.6"," ","S","28","    45.0"," ","S","28","    20.3"," ","S","29","    24.7"," ","S","28","     6.7"," ","S","28","     7.6"," ","S","28","     7.4"," ","S","29","     7.0"," ","S","28","    32.4"," ","S","28","     7.8"," ","S","28","    12.4"," ","S","28","    17.4"," ","S","28","    22.4"," ","S","28","    24.4"," ","S","28","    27.4"," ","S","28","     0.0"," ","S","28","     0.4"," ","S","28","     0.1"," ","S","28","     0.0","X","S","28","     0.0"," ","S","28","     0.0"," ","S","28","     0.0"," ","S","28","     0.0"," ","S","28","     0.0"," ","S","28","     0.0"," ","S","28","     0.4"," ","S","28","     0.1"," ","S","28","     0.0","X","S","28","     0.0"," ","S","28","     0.0"," ","S","28","     0.0"," ","S","28","     0.0"," ","S","28","     0.0"," ","S","28","     0.9"," ","S","28","     0.6"," ","S","28","    10.8"," ","S","30","     5.6"," ","S","30","     2.4"," ","S","30","     1.1"," ","S","30","     0.3"," ","S","30","     0.0"," ","S","30","     0.0"," ","S","30","     0.0"," ","S","30","    0.03"," ","S","30","    0.09"," ","S","30","    0.22"," ","S","30","    0.10"," ","S","30","    9.98"," ","S","30","     5.3"," ","S","30","     4.4"," ","S","30","     2.4"," ","S","30","     1.4"," ","S","30","     1.1"," ","S","30","     0.6"," ","S","30","     0.1"," ","S","30","     0.0"," ","S","30"," -9999.0","Y"," "," 0"," -9999.0","Y"," "," 0"," -9999.0","Y"," "," 0","     0.6"," ","S","30","    20.9"," ","S","30","    10.9"," ","S","30","     8.8"," ","S","30","     6.7"," ","S","30","     5.5"," ","S","30","     4.7"," ","S","30","     0.5"," ","S","30","     0.0"," ","S","30"," -9999.0","Y"," "," 0"," -9999.0","Y"," "," 0"," -9999.0","Y"," "," 0"
"USC00422592","12-06"," 37.7686","-111.5978","1770.9","ESCALANTE, UT US","12","06","99","    32.3"," ","S","28","    44.6"," ","S","28","    20.1"," ","S","29","    24.6"," ","S","28","     6.6"," ","S","28","     7.6"," ","S","28","     7.4"," ","S","29","     7.0"," ","S","28","    32.7"," ","S","28","     8.0"," ","S","28","    12.7"," ","S","28","    17.7"," ","S","28","    22.7"," ","S","28","    24.7"," ","S","28","    27.7"," ","S","28","     0.0"," ","S","28","     0.4"," ","S","28","     0.1"," ","S","28","     0.0","X","S","28","     0.0"," ","S","28","     0.0"," ","S","28","     0.0"," ","S","28","     0.0"," ","S","28","     0.0"," ","S","28","     0.0"," ","S","28","     0.4"," ","S","28","     0.1"," ","S","28","     0.0","X","S","28","     0.0"," ","S","28","     0.0"," ","S","28","     0.0"," ","S","28","     0.0"," ","S","28","     0.0"," ","S","28","     0.9"," ","S","28","     0.6"," ","S","28","    10.9"," ","S","30","     5.6"," ","S","30","     2.4"," ","S","30","     1.1"," ","S","30","     0.3"," ","S","30","     0.0"," ","S","30","     0.0"," ","S","30","     0.0"," ","S","30","    0.03"," ","S","30","    0.09"," ","S","30","    0.22"," ","S","30","    0.11"," ","S","30","    9.99"," ","S","30","     5.5"," ","S","30","     4.5"," ","S","30","     2.5"," ","S","30","     1.4"," ","S","30","     1.1"," ","S","30","     0.6"," ","S","30","     0.1"," ","S","30","     0.0"," ","S","30"," -9999.0","Y"," "," 0"," -9999.0","Y"," "," 0"," -9999.0","Y"," "," 0","     0.8"," ","S","30","    21.1"," ","S","30","    11.5"," ","S","30","     9.3"," ","S","30","     7.1"," ","S","30","     5.9"," ","S","30","     5.0"," ","S","30","     0.6"," ","S","30","     0.0"," ","S","30","     2.0"," ","S","30","     3.0"," ","S","30","     6.0"," ","S","30"
"USC00422592","12-07"," 37.7686","-111.5978","1770.9","ESCALANTE, UT US","12","07","99","    32.1"," ","S","28","    44.3"," ","S","28","    19.8"," ","S","29","    24.5"," ","S","28","     6.7"," ","S","28","     7.6"," ","S","28","     7.5"," ","S","29","     7.0"," ","S","28","    32.9"," ","S","28","     8.3"," ","S","28","    13.0"," ","S","28","    17.9"," ","S","28","    22.9"," ","S","28","    24.9"," ","S","28","    27.9"," ","S","28","     0.0"," ","S","28","     0.4"," ","S","28","     0.0","X","S","28","     0.0","X","S","28","     0.0"," ","S","28","     0.0"," ","S","28","     0.0"," ","S","28","     0.0"," ","S","28","     0.0"," ","S","28","     0.0"," ","S","28","     0.4"," ","S","28","     0.0","X","S","28","     0.0","X","S","28","     0.0"," ","S","28","     0.0"," ","S","28","     0.0"," ","S","28","     0.0"," ","S","28","     0.0"," ","S","28","     0.8"," ","S","28","     0.5"," ","S","28","    11.0"," ","S","30","     5.7"," ","S","30","     2.4"," ","S","30","     1.1"," ","S","30","     0.3"," ","S","30","     0.0"," ","S","30","     0.0"," ","S","30","     0.0"," ","S","30","    0.03"," ","S","30","    0.09"," ","S","30","    0.22"," ","S","30","    0.13"," ","S","30","   10.01"," ","S","30","     5.7"," ","S","30","     4.6"," ","S","30","     2.6"," ","S","30","     1.5"," ","S","30","     1.2"," ","S","30","     0.6"," ","S","30","     0.2"," ","S","30","     0.0"," ","S","30"," -9999.0","Y"," "," 0"," -9999.0","Y"," "," 0"," -9999.0","Y"," "," 0","     0.9"," ","S","30","    21.2"," ","S","30","    12.2"," ","S","30","     9.9"," ","S","30","     7.5"," ","S","30","     6.3"," ","S","30","     5.4"," ","S","30","     0.6"," ","S","30","     0.0"," ","S","30","     2.0"," ","S","30","     3.0"," ","S","30","     6.0"," ","S","30"
"USC00422592","12-08"," 37.7686","-111.5978","1770.9","ESCALANTE, UT US","12","08","99","    31.8"," ","S","28","    44.0"," ","S","28","    19.6"," ","S","29","    24.4"," ","S","28","     6.7"," ","S","28","     7.5"," ","S","28","     7.5"," ","S","29","     7.0"," ","S","28","    33.2"," ","S","28","     8.5"," ","S","28","    13.2"," ","S","28","    18.2"," ","S","28","    23.2"," ","S","28","    25.2"," ","S","28","    28.2"," ","S","28","     0.0"," ","S","28","     0.3"," ","S","28","     0.0","X","S","28","     0.0","X","S","28","     0.0"," ","S","28","     0.0"," ","S","28","     0.0"," ","S","28","     0.0"," ","S","28","     0.0"," ","S","28","     0.0"," ","S","28","     0.3"," ","S","28","     0.0","X","S","28","     0.0","X","S","28","     0.0"," ","S","28","     0.0"," ","S","28","     0.0"," ","S","28","     0.0"," ","S","28","     0.0"," ","S","28","     0.7"," ","S","28","     0.5"," ","S","28","    11.1"," ","S","30","     5.7"," ","S","30","     2.4"," ","S","30","     1.2"," ","S","30","     0.3"," ","S","30","     0.0"," ","S","30","     0.0"," ","S","30","     0.0"," ","S","30","    0.03"," ","S","30","    0.09"," ","S","30","    0.22"," ","S","30","    0.15"," ","S","30","   10.03"," ","S","30","     5.8"," ","S","30","     4.7"," ","S","30","     2.7"," ","S","30","     1.6"," ","S","30","     1.2"," ","S","30","     0.6"," ","S","30","     0.2"," ","S","30","     0.0"," ","S","30"," -9999.0","Y"," "," 0"," -9999.0","Y"," "," 0"," -9999.0","Y"," "," 0","     1.0"," ","S","30","    21.3"," ","S","30","    12.9"," ","S","30","    10.6"," ","S","30","     8.0"," ","S","30","     6.7"," ","S","30","     5.8"," ","S","30","     0.6"," ","S","30","     0.0"," ","S","30","     2.0"," ","S","30","     4.0"," ","S","30","     6.0"," ","S","30"
"USC00422592","12-09"," 37.7686","-111.5978","1770.9","ESCALANTE, UT US","12","09","99","    31.6"," ","S","28","    43.7"," ","S","28","    19.4"," ","S","29","    24.3"," ","S","28","     6.6"," ","S","28","     7.5"," ","S","28","     7.5"," ","S","29","     7.0"," ","S","28","    33.4"," ","S","28","     8.7"," ","S","28","    13.4"," ","S","28","    18.4"," ","S","28","    23.4"," ","S","28","    25.4"," ","S","28","    28.4"," ","S","28","     0.0"," ","S","28","     0.3"," ","S","28","     0.0","X","S","28","     0.0","X","S","28","     0.0"," ","S","28","     0.0"," ","S","28","     0.0"," ","S","28","     0.0"," ","S","28","     0.0"," ","S","28","     0.0"," ","S","28","     0.3"," ","S","28","     0.0","X","S","28","     0.0","X","S","28","     0.0"," ","S","28","     0.0"," ","S","28","     0.0"," ","S","28","     0.0"," ","S","28","     0.0"," ","S","28","     0.6"," ","S","28","     0.4"," ","S","28","    11.2"," ","S","30","     5.8"," ","S","30","     2.4"," ","S","30","     1.2"," ","S","30","     0.3"," ","S","30","     0.0"," ","S","30","     0.0"," ","S","30","     0.0"," ","S","30","    0.03"," ","S","30","    0.09"," ","S","30","    0.22"," ","S","30","    0.16"," ","S","30","   10.04"," ","S","30","     6.0"," ","S","30","     4.9"," ","S","30","     2.7"," ","S","30","     1.6"," ","S","30","     1.2"," ","S","30","     0.7"," ","S","30","     0.2"," ","S","30","     0.0"," ","S","30"," -9999.0","Y"," "," 0"," -9999.0","Y"," "," 0"," -9999.0","Y"," "," 0","     1.1"," ","S","30","    21.4"," ","S","30","    13.6"," ","S","30","    11.2"," ","S","30","     8.5"," ","S","30","     7.2"," ","S","30","     6.2"," ","S","30","     0.6"," ","S","30","     0.0"," ","S","30","     2.0"," ","S","30","     4.0"," ","S","30","     6.0"," ","S","30"
"USC00422592","12-10"," 37.7686","-111.5978","1770.9","ESCALANTE, UT US","12","10","99","    31.4"," ","S","28","    43.5"," ","S","28","    19.3"," ","S","29","    24.2"," ","S","28","     6.6"," ","S","28","     7.5"," ","S","28","     7.6"," ","S","29","     7.0"," ","S","28","    33.6"," ","S","28","     8.9"," ","S","28","    13.7"," ","S","28","    18.6"," ","S","28","    23.6"," ","S","28","    25.6"," ","S","28","    28.6"," ","S","28","     0.0"," ","S","28","     0.3"," ","S","28","     0.0","X","S","28","     0.0","X","S","28","     0.0"," ","S","28","     0.0"," ","S","28","     0.0"," ","S","28","     0.0"," ","S","28","     0.0"," ","S","28","     0.0"," ","S","28","     0.3"," ","S","28","     0.0","X","S","28","     0.0","X","S","28","     0.0"," ","S","28","     0.0"," ","S","28","     0.0"," ","S","28","     0.0"," ","S","28","     0.0"," ","S","28","     0.6"," ","S","28","     0.4"," ","S","28","    11.4"," ","S","30","     5.8"," ","S","30","     2.4"," ","S","30","     1.2"," ","S","30","     0.3"," ","S","30","     0.0"," ","S","30","     0.0"," ","S","30","     0.0"," ","S","30","    0.03"," ","S","30","    0.09"," ","S","30","    0.22"," ","S","30","    0.18"," ","S","30","   10.06"," ","S","30","     6.2"," ","S","30","     5.0"," ","S","30","     2.8"," ","S","30","     1.7"," ","S","30","     1.3"," ","S","30","     0.7"," ","S","30","     0.2"," ","S","30","     0.0"," ","S","30"," -9999.0","Y"," "," 0"," -9999.0","Y"," "," 0"," -9999.0","Y"," "," 0","     1.2"," ","S","30","    21.5"," ","S","30","    14.4"," ","S","30","    11.9"," ","S","30","     9.0"," ","S","30","     7.6"," ","S","30","     6.6"," ","S","30","     0.6"," ","S","30","     0.0"," ","S","30","     2.0"," ","S","30","     4.0"," ","S","30","     6.0"," ","S","30"
"USC00422592","12-11"," 37.7686","-111.5978","1770.9","ESCALANTE, UT US","12","11","99","    31.1"," ","S","28","    43.2"," ","S","28","    19.1"," ","S","29","    24.1"," ","S","28","     6.7"," ","S","28","     7.4"," ","S","28","     7.6"," ","S","29","     7.0"," ","S","28","    33.9"," ","S","28","     9.1"," ","S","28","    13.9"," ","S","28","    18.9"," ","S","28","    23.9"," ","S","28","    25.9"," ","S","28","    28.9"," ","S","28","     0.0"," ","S","28","     0.2"," ","S","28","     0.0","X","S","28","     0.0","X","S","28","     0.0"," ","S","28","     0.0"," ","S","28","     0.0"," ","S","28","     0.0"," ","S","28","     0.0"," ","S","28","     0.0"," ","S","28","     0.2"," ","S","28","     0.0","X","S","28","     0.0","X","S","28","     0.0"," ","S","28","     0.0"," ","S","28","     0.0"," ","S","28","     0.0"," ","S","28","     0.0"," ","S","28","     0.5"," ","S","28","     0.3"," ","S","28","    11.5"," ","S","30","     5.9"," ","S","30","     2.4"," ","S","30","     1.2"," ","S","30","     0.3"," ","S","30","     0.0"," ","S","30","     0.0"," ","S","30","     0.0"," ","S","30","    0.03"," ","S","30","    0.09"," ","S","30","    0.22"," ","S","30","    0.20"," ","S","30","   10.08"," ","S","30","     6.4"," ","S","30","     5.2"," ","S","30","     2.9"," ","S","30","     1.7"," ","S","30","     1.3"," ","S","30","     0.7"," ","S","30","     0.2"," ","S","30","     0.0"," ","S","30"," -9999.0","Y"," "," 0"," -9999.0","Y"," "," 0"," -9999.0","Y"," "," 0","     1.4"," ","S","30","    21.7"," ","S","30","    15.3"," ","S","30","    12.6"," ","S","30","     9.6"," ","S","30","     8.1"," ","S","30","     7.0"," ","S","30","     0.6"," ","S","30","     0.0"," ","S","30","     2.0"," ","S","30","     4.0"," ","S","30","     6.0"," ","S","30"
"USC00422592","12-12"," 37.7686","-111.5978","1770.9","ESCALANTE, UT US","12","12","99","    30.9"," ","S","28","    43.0"," ","S","28","    18.9"," ","S","29","    24.1"," ","S","28","     6.7"," ","S","28","     7.4"," ","S","28","     7.6"," ","S","29","     7.0"," ","S","28","    34.1"," ","S","28","     9.2"," ","S","28","    14.1"," ","S","28","    19.1"," ","S","28","    24.1"," ","S","28","    26.1"," ","S","28","    29.1"," ","S","28","     0.0"," ","S","28","     0.2"," ","S","28","     0.0","X","S","28","     0.0","X","S","28","     0.0"," ","S","28","     0.0"," ","S","28","     0.0"," ","S","28","     0.0"," ","S","28","     0.0"," ","S","28","     0.0"," ","S","28","     0.2"," ","S","28","     0.0","X","S","28","     0.0","X","S","28","     0.0"," ","S","28","     0.0"," ","S","28","     0.0"," ","S","28","     0.0"," ","S","28","     0.0"," ","S","28","     0.5"," ","S","28","     0.3"," ","S","28","    11.7"," ","S","30","     5.9"," ","S","30","     2.5"," ","S","30","     1.2"," ","S","30","     0.3"," ","S","30","     0.0"," ","S","30","     0.0"," ","S","30","     0.0"," ","S","30","    0.03"," ","S","30","    0.09"," ","S","30","    0.22"," ","S","30","    0.22"," ","S","30","   10.10"," ","S","30","     6.6"," ","S","30","     5.3"," ","S","30","     3.1"," ","S","30","     1.8"," ","S","30","     1.3"," ","S","30","     0.7"," ","S","30","     0.2"," ","S","30","     0.0"," ","S","30"," -9999.0","Y"," "," 0"," -9999.0","Y"," "," 0"," -9999.0","Y"," "," 0","     1.5"," ","S","30","    21.8"," ","S","30","    16.1"," ","S","30","    13.3"," ","S","30","    10.1"," ","S","30","     8.6"," ","S","30","     7.4"," ","S","30","     0.7"," ","S","30","     0.0"," ","S","30","     2.0"," ","S","30","     4.0"," ","S","30","     6.0"," ","S","30"
"USC00422592","12-13"," 37.7686","-111.5978","1770.9","ESCALANTE, UT US","12","13","99","    30.8"," ","S","28","    42.8"," ","S","28","    18.8"," ","S","29","    24.0"," ","S","28","     6.7"," ","S","28","     7.4"," ","S","28","     7.7"," ","S","29","     7.1"," ","S","28","    34.2"," ","S","28","     9.4"," ","S","28","    14.2"," ","S","28","    19.2"," ","S","28","    24.2"," ","S","28","    26.2"," ","S","28","    29.2"," ","S","28","     0.0"," ","S","28","     0.2"," ","S","28","     0.0","X","S","28","     0.0","X","S","28","     0.0"," ","S","28","     0.0"," ","S","28","     0.0"," ","S","28","     0.0"," ","S","28","     0.0"," ","S","28","     0.0"," ","S","28","     0.2"," ","S","28","     0.0","X","S","28","     0.0","X","S","28","     0.0"," ","S","28","     0.0"," ","S","28","     0.0"," ","S","28","     0.0"," ","S","28","     0.0"," ","S","28","     0.5"," ","S","28","     0.3"," ","S","28","    11.8"," ","S","30","     6.0"," ","S","30","     2.5"," ","S","30","     1.2"," ","S","30","     0.3"," ","S","30","     0.0"," ","S","30","     0.0"," ","S","30","     0.0"," ","S","30","    0.03"," ","S","30","    0.09"," ","S","30","    0.22"," ","S","30","    0.24"," ","S","30","   10.12"," ","S","30","     6.7"," ","S","30","     5.4"," ","S","30","     3.2"," ","S","30","     1.9"," ","S","30","     1.4"," ","S","30","     0.7"," ","S","30","     0.2"," ","S","30","     0.0"," ","S","30"," -9999.0","Y"," "," 0"," -9999.0","Y"," "," 0"," -9999.0","Y"," "," 0","     1.6"," ","S","30","    21.9"," ","S","30","    17.0"," ","S","30","    14.1"," ","S","30","    10.7"," ","S","30","     9.1"," ","S","30","     7.8"," ","S","30","     0.7"," ","S","30","     0.0"," ","S","30","     2.0"," ","S","30","     4.0"," ","S","30","     6.0"," ","S","30"
"USC00422592","12-14"," 37.7686","-111.5978","1770.9","ESCALANTE, UT US","12","14","99","    30.6"," ","S","28","    42.6"," ","S","28","    18.6"," ","S","29","    23.9"," ","S","28","     6.7"," ","S","28","     7.4"," ","S","28","     7.7"," ","S","29","     7.1"," ","S","28","    34.4"," ","S","28","     9.5"," ","S","28","    14.4"," ","S","28","    19.4"," ","S","28","    24.4"," ","S","28","    26.4"," ","S","28","    29.4"," ","S","28","     0.0"," ","S","28","     0.2"," ","S","28","     0.0","X","S","28","     0.0"," ","S","28","     0.0"," ","S","28","     0.0"," ","S","28","     0.0"," ","S","28","     0.0"," ","S","28","     0.0"," ","S","28","     0.0"," ","S","28","     0.2"," ","S","28","     0.0","X","S","28","     0.0"," ","S","28","     0.0"," ","S","28","     0.0"," ","S","28","     0.0"," ","S","28","     0.0"," ","S","28","     0.0"," ","S","28","     0.4"," ","S","28","     0.3"," ","S","28","    12.0"," ","S","30","     6.1"," ","S","30","     2.6"," ","S","30","     1.2"," ","S","30","     0.3"," ","S","30","     0.0"," ","S","30","     0.0"," ","S","30","     0.0"," ","S","30","    0.03"," ","S","30","    0.09"," ","S","30","    0.22"," ","S","30","    0.26"," ","S","30","   10.14"," ","S","30","     6.9"," ","S","30","     5.6"," ","S","30","     3.3"," ","S","30","     2.0"," ","S","30","     1.4"," ","S","30","     0.8"," ","S","30","     0.2"," ","S","30","     0.0"," ","S","30"," -9999.0","Y"," "," 0"," -9999.0","Y"," "," 0"," -9999.0","Y"," "," 0","     1.8"," ","S","30","    22.1"," ","S","30","    17.9"," ","S","30","    14.9"," ","S","30","    11.3"," ","S","30","     9.6"," ","S","30","     8.2"," ","S","30","     0.7"," ","S","30","     0.0"," ","S","30","     2.0"," ","S","30","     4.0"," ","S","30","     6.0"," ","S","30"
"USC00422592","12-15"," 37.7686","-111.5978","1770.9","ESCALANTE, UT US","12","15","99","    30.4"," ","S","28","    42.4"," ","S","28","    18.5"," ","S","29","    23.9"," ","S","28","     6.7"," ","S","28","     7.4"," ","S","28","     7.8"," ","S","29","     7.1"," ","S","28","    34.6"," ","S","28","     9.7"," ","S","28","    14.6"," ","S","28","    19.6"," ","S","28","    24.6"," ","S","28","    26.6"," ","S","28","    29.6"," ","S","28","     0.0"," ","S","28","     0.1"," ","S","28","     0.0","X","S","28","     0.0"," ","S","28","     0.0"," ","S","28","     0.0"," ","S","28","     0.0"," ","S","28","     0.0"," ","S","28","     0.0"," ","S","28","     0.0"," ","S","28","     0.1"," ","S","28","     0.0","X","S","28","     0.0"," ","S","28","     0.0"," ","S","28","     0.0"," ","S","28","     0.0"," ","S","28","     0.0"," ","S","28","     0.0"," ","S","28","     0.4"," ","S","28","     0.3"," ","S","28","    12.1"," ","S","30","     6.2"," ","S","30","     2.6"," ","S","30","     1.2"," ","S","30","     0.3"," ","S","30","     0.0"," ","S","30","     0.0"," ","S","30","     0.0"," ","S","30","    0.03"," ","S","30","    0.10"," ","S","30","    0.23"," ","S","30","    0.28"," ","S","30","   10.16"," ","S","30","     7.0"," ","S","30","     5.7"," ","S","30","     3.3"," ","S","30","     2.0"," ","S","30","     1.4"," ","S","30","     0.8"," ","S","30","     0.2"," ","S","30","     0.0"," ","S","30"," -9999.0","Y"," "," 0"," -9999.0","Y"," "," 0"," -9999.0","Y"," "," 0","     1.9"," ","S","30","    22.2"," ","S","30","    18.8"," ","S","29","    15.6"," ","S","29","    11.9"," ","S","29","    10.1"," ","S","29","     8.6"," ","S","29","     0.8"," ","S","29","     0.0"," ","S","29","     2.0"," ","S","29","     4.0"," ","S","29","     6.0"," ","S","29"
"USC00422592","12-16"," 37.7686","-111.5978","1770.9","ESCALANTE, UT US","12","16","99","    30.3"," ","S","28","    42.2"," ","S","28","    18.4"," ","S","29","    23.8"," ","S","28","     6.7"," ","S","28","     7.4"," ","S","28","     7.8"," ","S","29","     7.1"," ","S","28","    34.7"," ","S","28","     9.8"," ","S","28","    14.7"," ","S","28","    19.7"," ","S","28","    24.7"," ","S","28","    26.7"," ","S","28","    29.7"," ","S","28","     0.0"," ","S","28","     0.2"," ","S","28","     0.0","X","S","28","     0.0"," ","S","28","     0.0"," ","S","28","     0.0"," ","S","28","     0.0"," ","S","28","     0.0"," ","S","28","     0.0"," ","S","28","     0.0"," ","S","28","     0.2"," ","S","28","     0.0","X","S","28","     0.0"," ","S","28","     0.0"," ","S","28","     0.0"," ","S","28","     0.0"," ","S","28","     0.0"," ","S","28","     0.0"," ","S","28","     0.4"," ","S","28","     0.2"," ","S","28","    12.3"," ","S","30","     6.2"," ","S","30","     2.6"," ","S","30","     1.2"," ","S","30","     0.4"," ","S","30","     0.0"," ","S","30","     0.0"," ","S","30","     0.0"," ","S","30","    0.03"," ","S","30","    0.10"," ","S","30","    0.23"," ","S","30","    0.30"," ","S","30","   10.18"," ","S","30","     7.1"," ","S","30","     5.8"," ","S","30","     3.4"," ","S","30","     2.1"," ","S","30","     1.4"," ","S","30","     0.8"," ","S","30","     0.2"," ","S","30","     0.0"," ","S","30"," -9999.0","Y"," "," 0"," -9999.0","Y"," "," 0"," -9999.0","Y"," "," 0","     2.1"," ","S","30","    22.4"," ","S","30","    19.7"," ","S","29","    16.4"," ","S","29","    12.5"," ","S","29","    10.6"," ","S","29","     9.0"," ","S","29","     0.8"," ","S","29","     0.0"," ","S","29","     2.0"," ","S","29","     4.0"," ","S","29","     6.0"," ","S","29"
"USC00422592","12-17"," 37.7686","-111.5978","1770.9","ESCALANTE, UT US","12","17","99","    30.2"," ","S","28","    42.1"," ","S","28","    18.3"," ","S","29","    23.8"," ","S","28","     6.7"," ","S","28","     7.4"," ","S","28","     7.8"," ","S","29","     7.1"," ","S","28","    34.8"," ","S","28","    10.0"," ","S","28","    14.8"," ","S","28","    19.8"," ","S","28","    24.8"," ","S","28","    26.8"," ","S","28","    29.8"," ","S","28","     0.0"," ","S","28","     0.2"," ","S","28","     0.0","X","S","28","     0.0"," ","S","28","     0.0"," ","S","28","     0.0"," ","S","28","     0.0"," ","S","28","     0.0"," ","S","28","     0.0"," ","S","28","     0.0"," ","S","28","     0.2"," ","S","28","     0.0","X","S","28","     0.0"," ","S","28","     0.0"," ","S","28","     0.0"," ","S","28","     0.0"," ","S","28","     0.0"," ","S","28","     0.0"," ","S","28","     0.4"," ","S","28","     0.2"," ","S","28","    12.4"," ","S","30","     6.3"," ","S","30","     2.7"," ","S","30","     1.2"," ","S","30","     0.4"," ","S","30","     0.0"," ","S","30","     0.0"," ","S","30","     0.0"," ","S","30","    0.03"," ","S","30","    0.10"," ","S","30","    0.23"," ","S","30","    0.32"," ","S","30","   10.20"," ","S","30","     7.2"," ","S","30","     5.8"," ","S","30","     3.5"," ","S","30","     2.2"," ","S","30","     1.5"," ","S","30","     0.8"," ","S","30","     0.2"," ","S","30","     0.0"," ","S","30"," -9999.0","Y"," "," 0"," -9999.0","Y"," "," 0"," -9999.0","Y"," "," 0","     2.3"," ","S","30","    22.6"," ","S","30","    20.6"," ","S","29","    17.1"," ","S","29","    13.1"," ","S","29","    11.1"," ","S","29","     9.4"," ","S","29","     0.9"," ","S","29","     0.0"," ","S","29","     2.0"," ","S","29","     4.0"," ","S","29","     6.0"," ","S","29"
"USC00422592","12-18"," 37.7686","-111.5978","1770.9","ESCALANTE, UT US","12","18","99","    30.1"," ","S","28","    42.0"," ","S","28","    18.2"," ","S","29","    23.8"," ","S","28","     6.7"," ","S","28","     7.3"," ","S","28","     7.8"," ","S","29","     7.1"," ","S","28","    34.9"," ","S","28","    10.1"," ","S","28","    14.9"," ","S","28","    19.9"," ","S","28","    24.9"," ","S","28","    26.9"," ","S","28","    29.9"," ","S","28","     0.0"," ","S","28","     0.2"," ","S","28","     0.0","X","S","28","     0.0"," ","S","28","     0.0"," ","S","28","     0.0"," ","S","28","     0.0"," ","S","28","     0.0"," ","S","28","     0.0"," ","S","28","     0.0"," ","S","28","     0.2"," ","S","28","     0.0","X","S","28","     0.0"," ","S","28","     0.0"," ","S","28","     0.0"," ","S","28","     0.0"," ","S","28","     0.0"," ","S","28","     0.0"," ","S","28","     0.4"," ","S","28","     0.2"," ","S","28","    12.6"," ","S","30","     6.4"," ","S","30","     2.7"," ","S","30","     1.2"," ","S","30","     0.4"," ","S","30","     0.0"," ","S","30","     0.0"," ","S","30","     0.0"," ","S","30","    0.03"," ","S","30","    0.10"," ","S","30","    0.23"," ","S","30","    0.35"," ","S","30","   10.23"," ","S","30","     7.3"," ","S","30","     5.9"," ","S","30","     3.6"," ","S","30","     2.2"," ","S","30","     1.5"," ","S","30","     0.8"," ","S","30","     0.3"," ","S","30","     0.0"," ","S","30"," -9999.0","Y"," "," 0"," -9999.0","Y"," "," 0"," -9999.0","Y"," "," 0","     2.5"," ","S","30","    22.8"," ","S","30","    21.5"," ","S","29","    17.9"," ","S","29","    13.7"," ","S","29","    11.6"," ","S","29","     9.8"," ","S","29","     1.0"," ","S","29","     0.0"," ","S","29","     2.0"," ","S","29","     4.0"," ","S","29","     6.0"," ","S","29"
"USC00422592","12-19"," 37.7686","-111.5978","1770.9","ESCALANTE, UT US","12","19","99","    30.0"," ","S","28","    41.9"," ","S","28","    18.1"," ","S","29","    23.8"," ","S","28","     6.7"," ","S","28","     7.3"," ","S","28","     7.8"," ","S","29","     7.2"," ","S","28","    35.0"," ","S","28","    10.2"," ","S","28","    15.0"," ","S","28","    20.0"," ","S","28","    25.0"," ","S","28","    27.0"," ","S","28","    30.0"," ","S","28","     0.0"," ","S","28","     0.2"," ","S","28","     0.0","X","S","28","     0.0"," ","S","28","     0.0"," ","S","28","     0.0"," ","S","28","     0.0"," ","S","28","     0.0"," ","S","28","     0.0"," ","S","28","     0.0"," ","S","28","     0.2"," ","S","28","     0.0","X","S","28","     0.0"," ","S","28","     0.0"," ","S","28","     0.0"," ","S","28","     0.0"," ","S","28","     0.0"," ","S","28","     0.0"," ","S","28","     0.4"," ","S","28","     0.2"," ","S","28","    12.7"," ","S","30","     6.5"," ","S","30","     2.8"," ","S","30","     1.2"," ","S","30","     0.4"," ","S","30","     0.0"," ","S","30","     0.0"," ","S","30","     0.0"," ","S","30","    0.03"," ","S","30","    0.10"," ","S","30","    0.23"," ","S","30","    0.37"," ","S","30","   10.25"," ","S","30","     7.4"," ","S","30","     6.0"," ","S","30","     3.7"," ","S","30","     2.3"," ","S","30","     1.5"," ","S","30","     0.9"," ","S","30","     0.3"," ","S","30","     0.0"," ","S","30"," -9999.0","Y"," "," 0"," -9999.0","Y"," "," 0"," -9999.0","Y"," "," 0","     2.6"," ","S","30","    22.9"," ","S","30","    22.4"," ","S","29","    18.7"," ","S","29","    14.3"," ","S","29","    12.1"," ","S","29","    10.2"," ","S","29","     1.1"," ","S","29","     0.0"," ","S","29","     2.0"," ","S","29","     4.0"," ","S","29","     6.0"," ","S","29"
"USC00422592","12-20"," 37.7686","-111.5978","1770.9","ESCALANTE, UT US","12","20","99","    29.9"," ","S","28","    41.8"," ","S","28","    18.0"," ","S","29","    23.7"," ","S","28","     6.7"," ","S","28","     7.3"," ","S","28","     7.9"," ","S","29","     7.2"," ","S","28","    35.1"," ","S","28","    10.3"," ","S","28","    15.1"," ","S","28","    20.1"," ","S","28","    25.1"," ","S","28","    27.1"," ","S","28","    30.1"," ","S","28","     0.0"," ","S","28","     0.2"," ","S","28","     0.0","X","S","28","     0.0"," ","S","28","     0.0"," ","S","28","     0.0"," ","S","28","     0.0"," ","S","28","     0.0"," ","S","28","     0.0"," ","S","28","     0.0"," ","S","28","     0.2"," ","S","28","     0.0","X","S","28","     0.0"," ","S","28","     0.0"," ","S","28","     0.0"," ","S","28","     0.0"," ","S","28","     0.0"," ","S","28","     0.0"," ","S","28","     0.4"," ","S","28","     0.2"," ","S","28","    12.8"," ","S","30","     6.5"," ","S","30","     2.8"," ","S","30","     1.2"," ","S","30","     0.4"," ","S","30","     0.0"," ","S","30","     0.0"," ","S","30","     0.0"," ","S","30","    0.03"," ","S","30","    0.10"," ","S","30","    0.24"," ","S","30","    0.39"," ","S","30","   10.27"," ","S","30","     7.5"," ","S","30","     6.1"," ","S","30","     3.8"," ","S","30","     2.4"," ","S","30","     1.5"," ","S","30","     0.9"," ","S","30","     0.3"," ","S","30","     0.0"," ","S","30"," -9999.0","Y"," "," 0"," -9999.0","Y"," "," 0"," -9999.0","Y"," "," 0","     2.8"," ","S","30","    23.1"," ","S","30","    23.3"," ","S","29","    19.4"," ","S","29","    14.9"," ","S","29","    12.7"," ","S","29","    10.6"," ","S","29","     1.2"," ","S","29","     0.0"," ","S","29","     2.0"," ","S","29","     4.0"," ","S","29","     6.0"," ","S","29"
"USC00422592","12-21"," 37.7686","-111.5978","1770.9","ESCALANTE, UT US","12","21","99","    29.8"," ","S","28","    41.7"," ","S","28","    18.0"," ","S","29","    23.7"," ","S","28","     6.7"," ","S","28","     7.3"," ","S","28","     7.9"," ","S","29","     7.2"," ","S","28","    35.2"," ","S","28","    10.3"," ","S","28","    15.2"," ","S","28","    20.2"," ","S","28","    25.2"," ","S","28","    27.2"," ","S","28","    30.2"," ","S","28","     0.0"," ","S","28","     0.1"," ","S","28","     0.0","X","S","28","     0.0"," ","S","28","     0.0"," ","S","28","     0.0"," ","S","28","     0.0"," ","S","28","     0.0"," ","S","28","     0.0"," ","S","28","     0.0"," ","S","28","     0.1"," ","S","28","     0.0","X","S","28","     0.0"," ","S","28","     0.0"," ","S","28","     0.0"," ","S","28","     0.0"," ","S","28","     0.0"," ","S","28","     0.0"," ","S","28","     0.4"," ","S","28","     0.2"," ","S","28","    13.0"," ","S","30","     6.6"," ","S","30","     2.9"," ","S","30","     1.2"," ","S","30","     0.4"," ","S","30","     0.0"," ","S","30","     0.0"," ","S","30","     0.0"," ","S","30","    0.03"," ","S","30","    0.10"," ","S","30","    0.24"," ","S","30","    0.41"," ","S","30","   10.29"," ","S","30","     7.6"," ","S","30","     6.1"," ","S","30","     3.9"," ","S","30","     2.4"," ","S","30","     1.6"," ","S","30","     0.9"," ","S","30","     0.3"," ","S","30","     0.0"," ","S","30"," -9999.0","Y"," "," 0"," -9999.0","Y"," "," 0"," -9999.0","Y"," "," 0","     3.0"," ","S","30","    23.3"," ","S","30","    24.1"," ","S","29","    20.1"," ","S","29","    15.5"," ","S","29","    13.2"," ","S","29","    11.0"," ","S","29","     1.3"," ","S","29","     0.0"," ","S","29","     2.0"," ","S","29","     4.0"," ","S","29","     6.0"," ","S","29"
"USC00422592","12-22"," 37.7686","-111.5978","1770.9","ESCALANTE, UT US","12","22","99","    29.8"," ","S","28","    41.6"," ","S","28","    17.9"," ","S","29","    23.7"," ","S","28","     6.7"," ","S","28","     7.3"," ","S","28","     7.9"," ","S","29","     7.2"," ","S","28","    35.2"," ","S","28","    10.4"," ","S","28","    15.2"," ","S","28","    20.2"," ","S","28","    25.2"," ","S","28","    27.2"," ","S","28","    30.2"," ","S","28","     0.0"," ","S","28","     0.1"," ","S","28","     0.0","X","S","28","     0.0"," ","S","28","     0.0"," ","S","28","     0.0"," ","S","28","     0.0"," ","S","28","     0.0"," ","S","28","     0.0"," ","S","28","     0.0"," ","S","28","     0.1"," ","S","28","     0.0","X","S","28","     0.0"," ","S","28","     0.0"," ","S","28","     0.0"," ","S","28","     0.0"," ","S","28","     0.0"," ","S","28","     0.0"," ","S","28","     0.4"," ","S","28","     0.2"," ","S","28","    13.1"," ","S","30","     6.7"," ","S","30","     3.0"," ","S","30","     1.3"," ","S","30","     0.4"," ","S","30","     0.0"," ","S","30","     0.0"," ","S","30","     0.0"," ","S","30","    0.03"," ","S","30","    0.10"," ","S","30","    0.24"," ","S","30","    0.44"," ","S","30","   10.32"," ","S","30","     7.6"," ","S","30","     6.2"," ","S","30","     4.0"," ","S","30","     2.5"," ","S","30","     1.6"," ","S","30","     0.9"," ","S","30","     0.3"," ","S","30","     0.0"," ","S","30"," -9999.0","Y"," "," 0"," -9999.0","Y"," "," 0"," -9999.0","Y"," "," 0","     3.2"," ","S","30","    23.5"," ","S","30","    25.0"," ","S","29","    20.8"," ","S","29","    16.1"," ","S","29","    13.7"," ","S","29","    11.5"," ","S","29","     1.4"," ","S","29","     0.0"," ","S","29","     2.0"," ","S","29","     4.0"," ","S","29","     6.0"," ","S","29"
"USC00422592","12-23"," 37.7686","-111.5978","1770.9","ESCALANTE, UT US","12","23","99","    29.7"," ","S","28","    41.6"," ","S","28","    17.8"," ","S","29","    23.7"," ","S","28","     6.7"," ","S","28","     7.3"," ","S","28","     7.9"," ","S","29","     7.2"," ","S","28","    35.3"," ","S","28","    10.4"," ","S","28","    15.3"," ","S","28","    20.3"," ","S","28","    25.3"," ","S","28","    27.3"," ","S","28","    30.3"," ","S","28","     0.0"," ","S","28","     0.1"," ","S","28","     0.0","X","S","28","     0.0"," ","S","28","     0.0"," ","S","28","     0.0"," ","S","28","     0.0"," ","S","28","     0.0"," ","S","28","     0.0"," ","S","28","     0.0"," ","S","28","     0.1"," ","S","28","     0.0","X","S","28","     0.0"," ","S","28","     0.0"," ","S","28","     0.0"," ","S","28","     0.0"," ","S","28","     0.0"," ","S","28","     0.0"," ","S","28","     0.4"," ","S","28","     0.3"," ","S","28","    13.2"," ","S","30","     6.7"," ","S","30","     3.0"," ","S","30","     1.3"," ","S","30","     0.4"," ","S","30","     0.0"," ","S","30","     0.0"," ","S","30","     0.0"," ","S","30","    0.03"," ","S","30","    0.10"," ","S","30","    0.24"," ","S","30","    0.46"," ","S","30","   10.34"," ","S","30","     7.7"," ","S","30","     6.2"," ","S","30","     4.1"," ","S","30","     2.5"," ","S","30","     1.6"," ","S","30","     1.0"," ","S","30","     0.3"," ","S","30","     0.0"," ","S","30"," -9999.0","Y"," "," 0"," -9999.0","Y"," "," 0"," -9999.0","Y"," "," 0","     3.4"," ","S","30","    23.7"," ","S","30","    25.8"," ","S","29","    21.6"," ","S","29","    16.7"," ","S","29","    14.2"," ","S","29","    11.9"," ","S","29","     1.6"," ","S","29","     0.0"," ","S","29","     2.0"," ","S","29","     4.0"," ","S","29","     6.0"," ","S","29"
"USC00422592","12-24"," 37.7686","-111.5978","1770.9","ESCALANTE, UT US","12","24","99","    29.7"," ","S","28","    41.6"," ","S","28","    17.8"," ","S","29","    23.7"," ","S","28","     6.7"," ","S","28","     7.3"," ","S","28","     7.9"," ","S","29","     7.3"," ","S","28","    35.3"," ","S","28","    10.4"," ","S","28","    15.3"," ","S","28","    20.3"," ","S","28","    25.3"," ","S","28","    27.3"," ","S","28","    30.3"," ","S","28","     0.0"," ","S","28","     0.1"," ","S","28","     0.0","X","S","28","     0.0"," ","S","28","     0.0"," ","S","28","     0.0"," ","S","28","     0.0"," ","S","28","     0.0"," ","S","28","     0.0"," ","S","28","     0.0"," ","S","28","     0.1"," ","S","28","     0.0","X","S","28","     0.0"," ","S","28","     0.0"," ","S","28","     0.0"," ","S","28","     0.0"," ","S","28","     0.0"," ","S","28","     0.0"," ","S","28","     0.4"," ","S","28","     0.3"," ","S","28","    13.3"," ","S","30","     6.8"," ","S","30","     3.1"," ","S","30","     1.3"," ","S","30","     0.4"," ","S","30","     0.0"," ","S","30","     0.0"," ","S","30","     0.0"," ","S","30","    0.03"," ","S","30","    0.10"," ","S","30","    0.25"," ","S","30","    0.49"," ","S","30","   10.37"," ","S","30","     7.8"," ","S","30","     6.3"," ","S","30","     4.2"," ","S","30","     2.6"," ","S","30","     1.7"," ","S","30","     1.0"," ","S","30","     0.3"," ","S","30","     0.0"," ","S","30"," -9999.0","Y"," "," 0"," -9999.0","Y"," "," 0"," -9999.0","Y"," "," 0","     3.6"," ","S","30","    23.9"," ","S","30","    26.6"," ","S","29","    22.3"," ","S","29","    17.3"," ","S","29","    14.7"," ","S","29","    12.3"," ","S","29","     1.7"," ","S","29","     0.0"," ","S","29","     2.0"," ","S","29","     4.0"," ","S","29","     6.0"," ","S","29"
"USC00422592","12-25"," 37.7686","-111.5978","1770.9","ESCALANTE, UT US","12","25","99","    29.7"," ","S","28","    41.5"," ","S","28","    17.8"," ","S","29","    23.8"," ","S","28","     6.7"," ","S","28","     7.3"," ","S","28","     8.0"," ","S","29","     7.3"," ","S","28","    35.3"," ","S","28","    10.5"," ","S","28","    15.3"," ","S","28","    20.3"," ","S","28","    25.3"," ","S","28","    27.3"," ","S","28","    30.3"," ","S","28","     0.0"," ","S","28","     0.1"," ","S","28","     0.0","X","S","28","     0.0"," ","S","28","     0.0"," ","S","28","     0.0"," ","S","28","     0.0"," ","S","28","     0.0"," ","S","28","     0.0"," ","S","28","     0.0"," ","S","28","     0.1"," ","S","28","     0.0","X","S","28","     0.0"," ","S","28","     0.0"," ","S","28","     0.0"," ","S","28","     0.0"," ","S","28","     0.0"," ","S","28","     0.0"," ","S","28","     0.4"," ","S","28","     0.3"," ","S","28","    13.4"," ","S","30","     6.9"," ","S","30","     3.1"," ","S","30","     1.3"," ","S","30","     0.5"," ","S","30","     0.0"," ","S","30","     0.0"," ","S","30","     0.0"," ","S","30","    0.03"," ","S","30","    0.10"," ","S","30","    0.25"," ","S","30","    0.51"," ","S","30","   10.39"," ","S","30","     7.8"," ","S","30","     6.4"," ","S","30","     4.3"," ","S","30","     2.7"," ","S","30","     1.7"," ","S","30","     1.1"," ","S","30","     0.3"," ","S","30","     0.0"," ","S","30"," -9999.0","Y"," "," 0"," -9999.0","Y"," "," 0"," -9999.0","Y"," "," 0","     3.9"," ","S","30","    24.2"," ","S","30","    27.4"," ","S","29","    23.0"," ","S","29","    17.9"," ","S","29","    15.1"," ","S","29","    12.7"," ","S","29","     1.9"," ","S","29","     0.0"," ","S","29","     2.0"," ","S","29","     4.0"," ","S","29","     6.0"," ","S","29"
"USC00422592","12-26"," 37.7686","-111.5978","1770.9","ESCALANTE, UT US","12","26","99","    29.6"," ","S","28","    41.5"," ","S","28","    17.8"," ","S","29","    23.8"," ","S","28","     6.8"," ","S","28","     7.3"," ","S","28","     8.0"," ","S","29","     7.3"," ","S","28","    35.4"," ","S","28","    10.5"," ","S","28","    15.4"," ","S","28","    20.4"," ","S","28","    25.4"," ","S","28","    27.4"," ","S","28","    30.4"," ","S","28","     0.0"," ","S","28","     0.1"," ","S","28","     0.0","X","S","28","     0.0"," ","S","28","     0.0"," ","S","28","     0.0"," ","S","28","     0.0"," ","S","28","     0.0"," ","S","28","     0.0"," ","S","28","     0.0"," ","S","28","     0.1"," ","S","28","     0.0","X","S","28","     0.0"," ","S","28","     0.0"," ","S","28","     0.0"," ","S","28","     0.0"," ","S","28","     0.0"," ","S","28","     0.0"," ","S","28","     0.4"," ","S","28","     0.3"," ","S","28","    13.4"," ","S","30","     6.9"," ","S","30","     3.2"," ","S","30","     1.3"," ","S","30","     0.5"," ","S","30","     0.0"," ","S","30","     0.0"," ","S","30","     0.0"," ","S","30","    0.03"," ","S","30","    0.10"," ","S","30","    0.25"," ","S","30","    0.54"," ","S","30","   10.42"," ","S","30","     7.9"," ","S","30","     6.4"," ","S","30","     4.4"," ","S","30","     2.7"," ","S","30","     1.7"," ","S","30","     1.1"," ","S","30","     0.3"," ","S","30","     0.0"," ","S","30"," -9999.0","Y"," "," 0"," -9999.0","Y"," "," 0"," -9999.0","Y"," "," 0","     4.1"," ","S","30","    24.4"," ","S","30","    28.2"," ","S","29","    23.6"," ","S","29","    18.6"," ","S","29","    15.6"," ","S","29","    13.1"," ","S","29","     2.0"," ","S","29","     0.0"," ","S","29","     2.0"," ","S","29","     4.0"," ","S","29","     6.0"," ","S","29"
"USC00422592","12-27"," 37.7686","-111.5978","1770.9","ESCALANTE, UT US","12","27","99","    29.6"," ","S","28","    41.5"," ","S","28","    17.7"," ","S","29","    23.8"," ","S","28","     6.8"," ","S","28","     7.4"," ","S","28","     8.0"," ","S","29","     7.3"," ","S","28","    35.4"," ","S","28","    10.5"," ","S","28","    15.4"," ","S","28","    20.4"," ","S","28","    25.4"," ","S","28","    27.4"," ","S","28","    30.4"," ","S","28","     0.0"," ","S","28","     0.2"," ","S","28","     0.0","X","S","28","     0.0"," ","S","28","     0.0"," ","S","28","     0.0"," ","S","28","     0.0"," ","S","28","     0.0"," ","S","28","     0.0"," ","S","28","     0.0"," ","S","28","     0.2"," ","S","28","     0.0","X","S","28","     0.0"," ","S","28","     0.0"," ","S","28","     0.0"," ","S","28","     0.0"," ","S","28","     0.0"," ","S","28","     0.0"," ","S","28","     0.5"," ","S","28","     0.3"," ","S","28","    13.5"," ","S","30","     6.9"," ","S","30","     3.2"," ","S","30","     1.4"," ","S","30","     0.5"," ","S","30","     0.0"," ","S","30","     0.0"," ","S","30","     0.0"," ","S","30","    0.03"," ","S","30","    0.10"," ","S","30","    0.25"," ","S","30","    0.57"," ","S","30","   10.45"," ","S","30","     7.9"," ","S","30","     6.5"," ","S","30","     4.5"," ","S","30","     2.8"," ","S","30","     1.8"," ","S","30","     1.1"," ","S","30","     0.3"," ","S","30","     0.0"," ","S","30"," -9999.0","Y"," "," 0"," -9999.0","Y"," "," 0"," -9999.0","Y"," "," 0","     4.3"," ","S","30","    24.6"," ","S","30","    29.0"," ","S","29","    24.3"," ","S","29","    19.2"," ","S","29","    16.1"," ","S","29","    13.5"," ","S","29","     2.2"," ","S","29","     0.0"," ","S","29","     2.0"," ","S","29","     4.0"," ","S","29","     6.0"," ","S","29"
"USC00422592","12-28"," 37.7686","-111.5978","1770.9","ESCALANTE, UT US","12","28","99","    29.6"," ","S","28","    41.6"," ","S","28","    17.7"," ","S","29","    23.8"," ","S","28","     6.8"," ","S","28","     7.4"," ","S","28","     8.1"," ","S","29","     7.3"," ","S","28","    35.3"," ","S","28","    10.5"," ","S","28","    15.4"," ","S","28","    20.3"," ","S","28","    25.3"," ","S","28","    27.3"," ","S","28","    30.3"," ","S","28","     0.0"," ","S","28","     0.2"," ","S","28","     0.0","X","S","28","     0.0"," ","S","28","     0.0"," ","S","28","     0.0"," ","S","28","     0.0"," ","S","28","     0.0"," ","S","28","     0.0"," ","S","28","     0.0"," ","S","28","     0.2"," ","S","28","     0.0","X","S","28","     0.0"," ","S","28","     0.0"," ","S","28","     0.0"," ","S","28","     0.0"," ","S","28","     0.0"," ","S","28","     0.0"," ","S","28","     0.5"," ","S","28","     0.3"," ","S","28","    13.5"," ","S","30","     7.0"," ","S","30","     3.2"," ","S","30","     1.4"," ","S","30","     0.5"," ","S","30","     0.0"," ","S","30","     0.0"," ","S","30","     0.0"," ","S","30","    0.03"," ","S","30","    0.10"," ","S","30","    0.26"," ","S","30","    0.59"," ","S","30","   10.47"," ","S","30","     8.0"," ","S","30","     6.6"," ","S","30","     4.6"," ","S","30","     2.9"," ","S","30","     1.8"," ","S","30","     1.2"," ","S","30","     0.3"," ","S","30","     0.0"," ","S","30"," -9999.0","Y"," "," 0"," -9999.0","Y"," "," 0"," -9999.0","Y"," "," 0","     4.5"," ","S","30","    24.8"," ","S","30","    29.8"," ","S","29","    25.0"," ","S","29","    19.8"," ","S","29","    16.6"," ","S","29","    13.9"," ","S","29","     2.3"," ","S","29","     0.0"," ","S","29","     2.0"," ","S","29","     4.0"," ","S","29","     6.0"," ","S","29"
"USC00422592","12-29"," 37.7686","-111.5978","1770.9","ESCALANTE, UT US","12","29","99","    29.7"," ","S","28","    41.6"," ","S","28","    17.7"," ","S","29","    23.9"," ","S","28","     6.8"," ","S","28","     7.4"," ","S","28","     8.1"," ","S","29","     7.4"," ","S","28","    35.3"," ","S","28","    10.5"," ","S","28","    15.3"," ","S","28","    20.3"," ","S","28","    25.3"," ","S","28","    27.3"," ","S","28","    30.3"," ","S","28","     0.0"," ","S","28","     0.2"," ","S","28","     0.0","X","S","28","     0.0"," ","S","28","     0.0"," ","S","28","     0.0"," ","S","28","     0.0"," ","S","28","     0.0"," ","S","28","     0.0"," ","S","28","     0.0"," ","S","28","     0.2"," ","S","28","     0.0","X","S","28","     0.0"," ","S","28","     0.0"," ","S","28","     0.0"," ","S","28","     0.0"," ","S","28","     0.0"," ","S","28","     0.0"," ","S","28","     0.5"," ","S","28","     0.3"," ","S","28","    13.6"," ","S","30","     7.0"," ","S","30","     3.3"," ","S","30","     1.4"," ","S","30","     0.5"," ","S","30","     0.0"," ","S","30","     0.0"," ","S","30","     0.0"," ","S","30","    0.03"," ","S","30","    0.10"," ","S","30","    0.26"," ","S","30","    0.62"," ","S","30","   10.50"," ","S","30","     8.1"," ","S","30","     6.6"," ","S","30","     4.7"," ","S","30","     2.9"," ","S","30","     1.9"," ","S","30","     1.2"," ","S","30","     0.3"," ","S","30","     0.0"," ","S","30"," -9999.0","Y"," "," 0"," -9999.0","Y"," "," 0"," -9999.0","Y"," "," 0","     4.7"," ","S","30","    25.0"," ","S","30","    30.6"," ","S","29","    25.7"," ","S","29","    20.4"," ","S","29","    17.1"," ","S","29","    14.3"," ","S","29","     2.5"," ","S","29","     0.0"," ","S","29","     2.0"," ","S","29","     4.0"," ","S","29","     6.0"," ","S","29"
"USC00422592","12-30"," 37.7686","-111.5978","1770.9","ESCALANTE, UT US","12","30","99","    29.7"," ","S","28","    41.6"," ","S","28","    17.7"," ","S","29","    23.9"," ","S","28","     6.8"," ","S","28","     7.4"," ","S","28","     8.1"," ","S","29","     7.4"," ","S","28","    35.3"," ","S","28","    10.5"," ","S","28","    15.3"," ","S","28","    20.3"," ","S","28","    25.3"," ","S","28","    27.3"," ","S","28","    30.3"," ","S","28","     0.0"," ","S","28","     0.1"," ","S","28","     0.0","X","S","28","     0.0"," ","S","28","     0.0"," ","S","28","     0.0"," ","S","28","     0.0"," ","S","28","     0.0"," ","S","28","     0.0"," ","S","28","     0.0"," ","S","28","     0.1"," ","S","28","     0.0","X","S","28","     0.0"," ","S","28","     0.0"," ","S","28","     0.0"," ","S","28","     0.0"," ","S","28","     0.0"," ","S","28","     0.0"," ","S","28","     0.5"," ","S","28","     0.3"," ","S","28","    13.7"," ","S","30","     7.1"," ","S","30","     3.4"," ","S","30","     1.4"," ","S","30","     0.5"," ","S","30","     0.0"," ","S","30","     0.0"," ","S","30","     0.0"," ","S","30","    0.03"," ","S","30","    0.10"," ","S","30","    0.26"," ","S","30","    0.65"," ","S","30","   10.53"," ","S","30","     8.1"," ","S","30","     6.7"," ","S","30","     4.8"," ","S","30","     3.0"," ","S","30","     1.9"," ","S","30","     1.3"," ","S","30","     0.3"," ","S","30","     0.0"," ","S","30"," -9999.0","Y"," "," 0"," -9999.0","Y"," "," 0"," -9999.0","Y"," "," 0","     5.0"," ","S","30","    25.3"," ","S","30","    31.3"," ","S","29","    26.4"," ","S","29","    21.0"," ","S","29","    17.6"," ","S","29","    14.7"," ","S","29","     2.6"," ","S","29","     0.0"," ","S","29","     2.0"," ","S","29","     4.0"," ","S","29","     6.0"," ","S","29"
"USC00422592","12-31"," 37.7686","-111.5978","1770.9","ESCALANTE, UT US","12","31","99","    29.7"," ","S","28","    41.7"," ","S","28","    17.8"," ","S","29","    23.9"," ","S","28","     6.9"," ","S","28","     7.4"," ","S","28","     8.1"," ","S","29","     7.4"," ","S","28","    35.3"," ","S","28","    10.4"," ","S","28","    15.3"," ","S","28","    20.3"," ","S","28","    25.3"," ","S","28","    27.3"," ","S","28","    30.3"," ","S","28","     0.0"," ","S","28","     0.1"," ","S","28","     0.0","X","S","28","     0.0"," ","S","28","     0.0"," ","S","28","     0.0"," ","S","28","     0.0"," ","S","28","     0.0"," ","S","28","     0.0"," ","S","28","     0.0"," ","S","28","     0.1"," ","S","28","     0.0","X","S","28","     0.0"," ","S","28","     0.0"," ","S","28","     0.0"," ","S","28","     0.0"," ","S","28","     0.0"," ","S","28","     0.0"," ","S","28","     0.5"," ","S","28","     0.3"," ","S","28","    13.7"," ","S","30","     7.1"," ","S","30","     3.4"," ","S","30","     1.4"," ","S","30","     0.5"," ","S","30","     0.0"," ","S","30","     0.0"," ","S","30","     0.0"," ","S","30","    0.03"," ","S","30","    0.10"," ","S","30","    0.27"," ","S","30","    0.68"," ","S","30","   10.56"," ","S","30","     8.1"," ","S","30","     6.7"," ","S","30","     4.8"," ","S","30","     3.0"," ","S","30","     2.0"," ","S","30","     1.3"," ","S","30","     0.3"," ","S","30","     0.0"," ","S","30"," -9999.0","Y"," "," 0"," -9999.0","Y"," "," 0"," -9999.0","Y"," "," 0","     5.2"," ","S","30","    25.5"," ","S","30","    32.0"," ","S","29","    27.0"," ","S","29","    21.5"," ","S","29","    18.0"," ","S","29","    15.1"," ","S","29","     2.8"," ","S","29","     0.0"," ","S","29","     2.0"," ","S","29","     4.0"," ","S","29","     6.0"," ","S","29"
