{"type": "FeatureCollection", "features": [{"type": "Feature", "id": 4541329, "geometry": {"type": "Polygon", "coordinates": [[[-112.82721210054538, 37.27060203173467], [-112.83175011936403, 37.27059496984831], [-112.83628824056031, 37.27058764207749], [-112.83629050862075, 37.26696248835787], [-112.83628226133169, 37.26332659032252], [-112.83627402219864, 37.25969069014203], [-112.83626589518154, 37.25605442569197], [-112.83172840864408, 37.25606587877176], [-112.82719102396854, 37.256077066053486], [-112.8271803353887, 37.25244236573219], [-112.82264604004239, 37.25243719553997], [-112.8226448172396, 37.24880694110342], [-112.81811358945372, 37.24880316972738], [-112.81811185726723, 37.25243212013623], [-112.81810630421124, 37.256065994152394], [-112.82264861213105, 37.25607166321334], [-112.82265118742669, 37.25970594856769], [-112.82265376592837, 37.263340051603286], [-112.82265635197943, 37.266974152509356], [-112.82722303361547, 37.26698142613239], [-112.82721210054538, 37.27060203173467]]]}, "properties": {"objectid": 4541329, "owner": "Federal", "agency": "BLM", "admin": "BLM", "desig": "N/A", "state_lgd": "Bureau of Land Management", "ut_lgd": "Bureau of Land Management (BLM)", "natl_lgd": "Bureau of Land Management (BLM)", "edit_date": 1222840800000, "gis_acres": 561.6265258799999, "label_federal": null, "label_state": null, "county": "KANE", "tribe": null, "globalid": "{BF916DAC-DABE-4488-B7FB-CD6B293D6F8B}", "Shape__Area": 2272821.8952994356, "Shape__Length": 8058.831257804779}}, {"type": "Feature", "id": 4541432, "geometry": {"type": "Polygon", "coordinates": [[[-112.33322691615827, 37.376789560599924], [-112.33775763512273, 37.376793731456964], [-112.34228834927391, 37.37679772867797], [-112.3422478466809, 37.373175422018996], [-112.34678254336413, 37.3731744265348], [-112.34674300143466, 37.36954805418528], [-112.34675666484411, 37.369547988711226], [-112.35127887261842, 37.369542998928935], [-112.35129242471615, 37.36954302433454], [-112.35581462814804, 37.369537951195134], [-112.35585316553029, 37.37317207978109], [-112.36037260251337, 37.37317073783958], [-112.36037084556192, 37.37242942339479], [-112.36034371779797, 37.36953289621521], [-112.3558282931373, 37.36953797478635], [-112.35584042733049, 37.36594553502904], [-112.35585279975106, 37.36232217518402], [-112.35131608404558, 37.36233759696573], [-112.3513279497962, 37.358711355269286], [-112.35133993267978, 37.355085110137765], [-112.35134062814306, 37.35144619309129], [-112.35134144184124, 37.347807272575004], [-112.35587753237287, 37.34778690691064], [-112.3603899098491, 37.347766549819184], [-112.36038983528593, 37.3475934967853], [-112.36038132050693, 37.34413720275783], [-112.36038138510906, 37.34396559013936], [-112.36493991002621, 37.343969136625546], [-112.36949854438248, 37.34397259619752], [-112.36949978512222, 37.3403551250359], [-112.36949758164353, 37.33673417649951], [-112.37405138739268, 37.336725983160775], [-112.37860529948816, 37.33671761318928], [-112.37862681138351, 37.34033959469615], [-112.3786157269226, 37.343962765200416], [-112.38313915267128, 37.343955022891556], [-112.38313073569032, 37.34756995669329], [-112.38765681542935, 37.34755371651972], [-112.38765094729176, 37.3511846603102], [-112.38764508247893, 37.354815511830886], [-112.39217637055035, 37.35480723583052], [-112.39670765376076, 37.354798876323486], [-112.396718092781, 37.35842655559723], [-112.39672864960545, 37.362054141240314], [-112.39674053774134, 37.3656800866826], [-112.39675078114794, 37.36874191599923], [-112.39676392323778, 37.37239217825179], [-112.3967770722471, 37.37604243828566], [-112.39679022650522, 37.37969260598912], [-112.39680350060983, 37.383342770139826], [-112.40134725283005, 37.38335389976229], [-112.4058911154034, 37.383364943482604], [-112.41043497875754, 37.38337608285667], [-112.4149788395151, 37.383387137661316], [-112.41496266752196, 37.380032377798436], [-112.41496115548198, 37.37972351620416], [-112.41494279038481, 37.37626368755022], [-112.41896569418087, 37.37625144268998], [-112.42350243515311, 37.37623738269633], [-112.42362039136093, 37.37247586883671], [-112.42815407707121, 37.37246770781513], [-112.43268764149535, 37.372459284216525], [-112.43256482946204, 37.376208874591576], [-112.43245142858481, 37.37997258940169], [-112.43233802251983, 37.38373630201309], [-112.43686738621061, 37.38368540151512], [-112.44139674152353, 37.38363450782182], [-112.44592597552864, 37.38358362231442], [-112.44605366065896, 37.37984604611276], [-112.44618133577306, 37.37610828752772], [-112.44630884600498, 37.37237404382441], [-112.45084764843214, 37.37234530115564], [-112.45071687715114, 37.37607445033526], [-112.45058609903053, 37.37980359736199], [-112.45045531406733, 37.38353274223565], [-112.4549291250092, 37.38353717139123], [-112.45492821493715, 37.387160437667134], [-112.45492730708766, 37.39078352157279], [-112.45492641132536, 37.39439524679337], [-112.45935664707685, 37.394408781508], [-112.4638351869983, 37.39442001978296], [-112.46816155177306, 37.39443081504917], [-112.46814219497327, 37.39802464570168], [-112.4638201580486, 37.3980204676358], [-112.45934119425455, 37.39801590558738], [-112.45936370960368, 37.40161156299169], [-112.45493645271951, 37.40161043365192], [-112.4549475039387, 37.40521389388436], [-112.4549172710403, 37.408861483291936], [-112.45033496012648, 37.408915991602676], [-112.45034233292347, 37.4087475374886], [-112.44582626291695, 37.40876239214978], [-112.44592206394479, 37.40524667130083], [-112.44133523367829, 37.40527258296746], [-112.4368761656715, 37.40529766499685], [-112.43685668664001, 37.40879109353611], [-112.43683731892047, 37.412284248403736], [-112.43765007789055, 37.41228410019632], [-112.44128389070302, 37.41228121833438], [-112.44219608372502, 37.412281088221164], [-112.44573046181407, 37.41227829129859], [-112.44674208689939, 37.412278081604256], [-112.4501768080692, 37.412275560176155], [-112.45034434572234, 37.41240870021372], [-112.4501775830321, 37.41588437038513], [-112.45017931641391, 37.41622035500484], [-112.45019543033334, 37.41949332958108], [-112.450179722235, 37.4231023378898], [-112.4501787591748, 37.42340392546016], [-112.45478192922094, 37.42338890623907], [-112.45476480497554, 37.42701234925317], [-112.4593690440729, 37.42699461254201], [-112.46394350344335, 37.426985807860596], [-112.46395114092984, 37.42335058773544], [-112.46395877828195, 37.419715095132474], [-112.45940001334999, 37.419752814774505], [-112.45941575558311, 37.41608080576382], [-112.4594313875322, 37.412408705857516], [-112.46397484935999, 37.41240876274133], [-112.46835706619048, 37.41240875528877], [-112.46822042789086, 37.40880118786358], [-112.46808369553536, 37.40519361926967], [-112.47271929619546, 37.40519030665459], [-112.47270381982568, 37.40159475208861], [-112.47268834894643, 37.39799910526119], [-112.47269880115292, 37.3944058373633], [-112.477236043425, 37.394380775681476], [-112.47723781909897, 37.39078788607579], [-112.48175067360081, 37.39076322809072], [-112.48173583901954, 37.387157747949935], [-112.48172100992825, 37.383552175538505], [-112.47724127049251, 37.38355009668329], [-112.47276152735128, 37.383547938165854], [-112.46828178404071, 37.383545880203975], [-112.46824737447474, 37.37991638638365], [-112.46821297409262, 37.37628689032286], [-112.46817858289286, 37.372657392021694], [-112.46814420087401, 37.36902789148026], [-112.46821286538145, 37.36528516693474], [-112.46828164043562, 37.3615423486883], [-112.4682362205041, 37.35809297037298], [-112.46819069539468, 37.35464350129318], [-112.47264015303337, 37.35484775848501], [-112.47708951805511, 37.35505193923873], [-112.47711647005788, 37.35840861792523], [-112.48165229279226, 37.358416141271334], [-112.48618810875341, 37.35842340048816], [-112.48615214446905, 37.354853501129064], [-112.49047823727665, 37.354771840260746], [-112.490555225078, 37.351294344695496], [-112.49063220945801, 37.34781675714606], [-112.49068404029086, 37.3441233507586], [-112.49073587221159, 37.34042994222555], [-112.49527730643109, 37.3403768546326], [-112.49981884293052, 37.34032368145221], [-112.49968999827222, 37.34395389330147], [-112.49956114181587, 37.347583832800844], [-112.49943512140956, 37.35112964226549], [-112.4993090930649, 37.35467535968932], [-112.50381386317598, 37.354660526475996], [-112.50387747096622, 37.35828368910147], [-112.5039410908619, 37.36190684941068], [-112.50400850548354, 37.36552716524977], [-112.50407593256438, 37.369147478763736], [-112.50848824148082, 37.36935030891715], [-112.51290056849953, 37.36955297386784], [-112.51744845849782, 37.369577619739054], [-112.52199623432031, 37.36960218215387], [-112.52653067251657, 37.3696316988626], [-112.53106510819292, 37.36966104157414], [-112.53560878763955, 37.369667377436], [-112.54015246539967, 37.36967371886419], [-112.54468034430138, 37.3697027145799], [-112.54920810951678, 37.3697316283846], [-112.55376122702408, 37.36975228437418], [-112.55831411872923, 37.36977294813641], [-112.56276825996711, 37.369791136402135], [-112.56286809638944, 37.36979152937431], [-112.5672216089541, 37.36980925738102], [-112.56742153929135, 37.369811564506655], [-112.57174377899491, 37.369862167350064], [-112.57197432122956, 37.36986487103686], [-112.57626584004592, 37.36991508590375], [-112.57633101298839, 37.366321830417455], [-112.57633969727839, 37.365916581849895], [-112.57639872404154, 37.36273115285878], [-112.57639450923143, 37.36228146181183], [-112.57635855659659, 37.3593163124207], [-112.57635200875825, 37.35864709613225], [-112.57631943686347, 37.35590253769947], [-112.58065638971088, 37.35541148711701], [-112.58499339705038, 37.35492045741176], [-112.58508363196776, 37.358770309226934], [-112.58955321199828, 37.35875411947168], [-112.59402267108197, 37.35873776231505], [-112.59390457173659, 37.35496932380942], [-112.59388503845497, 37.3514404710953], [-112.59386551302275, 37.347911616306924], [-112.5938442866663, 37.34423785381659], [-112.59382307080784, 37.34056417918012], [-112.58945360836525, 37.34078557199958], [-112.5892719423159, 37.3407945926128], [-112.58508458098645, 37.341007518735346], [-112.58472171847612, 37.3410265314096], [-112.58484328332678, 37.337411413155685], [-112.58496495753283, 37.333796381509174], [-112.58508656954675, 37.33017864473701], [-112.58520828711846, 37.32656081436028], [-112.58082904635113, 37.32678462600644], [-112.57644966281309, 37.32700836769443], [-112.5719266284165, 37.32672552167927], [-112.56740351455649, 37.32644277370596], [-112.56741752535099, 37.32961580540185], [-112.56743358325114, 37.333261811803155], [-112.5629013734637, 37.3332447200402], [-112.55836915953262, 37.33322745453818], [-112.55836016635311, 37.329585315353576], [-112.55835118031204, 37.325943173984285], [-112.55381942307334, 37.3259378012878], [-112.55375650777093, 37.32231835555898], [-112.54922688599294, 37.322313047071404], [-112.54928777500042, 37.32593234356068], [-112.54475612697433, 37.3259269825025], [-112.54022447714561, 37.3259216280079], [-112.54023555348564, 37.329559786125316], [-112.54024663707835, 37.33319794205618], [-112.5402577279246, 37.33683609580047], [-112.54026893887955, 37.34047424588842], [-112.53573885414748, 37.340472402664375], [-112.53120865435815, 37.34047056757163], [-112.5266814228322, 37.3404649153165], [-112.52215418958303, 37.34045926994186], [-112.52215421758092, 37.34028171223328], [-112.52213893153188, 37.33678979653096], [-112.52212300229846, 37.333120239489176], [-112.52210332265133, 37.329538515955214], [-112.52208365261373, 37.32595688038716], [-112.51755287455263, 37.32593379112666], [-112.51752066703342, 37.32232932817911], [-112.51299589884673, 37.32230247001787], [-112.51296982393932, 37.31869431805636], [-112.51294388424866, 37.315115004235054], [-112.51291795109148, 37.311535598151075], [-112.51742444741166, 37.311544493218996], [-112.5174390864165, 37.307888677312214], [-112.52193496260328, 37.30791340177721], [-112.52193082782537, 37.31155330813607], [-112.52642875269997, 37.311540248677474], [-112.53092678649827, 37.311527196973934], [-112.53546366860616, 37.31156024793232], [-112.54000044126609, 37.31159339657933], [-112.54000198640047, 37.30792459951123], [-112.53549064381849, 37.30791040681756], [-112.53551762262579, 37.30426056357975], [-112.53557847912921, 37.30061757923463], [-112.53563933410753, 37.29697450271563], [-112.54014128375768, 37.29698061628273], [-112.5400684005403, 37.29336766937546], [-112.53999541945082, 37.28975481171028], [-112.5399291234163, 37.28614276620473], [-112.53986283981438, 37.28253071838957], [-112.54261187211348, 37.28252727432933], [-112.54438811522203, 37.28252826316354], [-112.54716974063172, 37.28252464834538], [-112.54891338420036, 37.28252563486913], [-112.55172737706383, 37.28252184974837], [-112.55343876133014, 37.282522922133445], [-112.55628511967222, 37.28251887411608], [-112.55796401919683, 37.28252003780593], [-112.55801378388858, 37.28610957166771], [-112.55806356125733, 37.2896991934059], [-112.55811334758826, 37.29328872280737], [-112.5581631447414, 37.29687824997858], [-112.56266277895479, 37.296865961126166], [-112.56716240930804, 37.29685368137478], [-112.57165765729732, 37.29692375819744], [-112.57164552372451, 37.29332635197821], [-112.57163328095058, 37.2897287649079], [-112.57613857364262, 37.28973824467044], [-112.57619294051982, 37.28614247487453], [-112.57624730840124, 37.28254670306621], [-112.57926229404063, 37.2825590537946], [-112.58075493583925, 37.28256436219662], [-112.58380207200527, 37.28257688876866], [-112.5852623392949, 37.28258212288385], [-112.588341851464, 37.28259481981827], [-112.58976996794438, 37.28259988898755], [-112.59288151776201, 37.28261275835462], [-112.5928807191925, 37.281253238367476], [-112.59287771879421, 37.2776380468131], [-112.59287461224511, 37.274022854641835], [-112.59286977978097, 37.27041642634149], [-112.59286495406158, 37.266809995913086], [-112.59739714531298, 37.26682336455226], [-112.60192933752776, 37.26683682988444], [-112.60191367070786, 37.263217840361435], [-112.59738810385667, 37.263208789401396], [-112.59286264639464, 37.26319965393223], [-112.59286034524528, 37.259589309824605], [-112.59285816333818, 37.25597896207342], [-112.59285587521677, 37.2523686137126], [-112.588306149354, 37.252370349633345], [-112.58375653152741, 37.25237199925105], [-112.57920679820069, 37.252373655692416], [-112.57465717669733, 37.25237540605265], [-112.57466227466053, 37.24877450243334], [-112.57466726562092, 37.245173598212], [-112.57921058537215, 37.245166167363756], [-112.58375389790109, 37.24515856213665], [-112.58829720316864, 37.24515078253126], [-112.58829267999756, 37.241540816327635], [-112.588288161645, 37.23793075788663], [-112.59282515521423, 37.23791703481642], [-112.59283276830351, 37.24152993351139], [-112.59734416231376, 37.241527105040454], [-112.5973498773369, 37.24514101631482], [-112.60185924701513, 37.24513903228113], [-112.60186283071414, 37.24875359890827], [-112.60637017417139, 37.24875236950633], [-112.60636861013214, 37.24513687644773], [-112.61087785202325, 37.24513446024391], [-112.61087740035106, 37.24875106008904], [-112.61539390948306, 37.24875693312607], [-112.61991041484819, 37.24876272389368], [-112.61989811520918, 37.25237947952446], [-112.61991692679418, 37.25599553698558], [-112.61540058576765, 37.255991280792394], [-112.61088413382632, 37.25598721418275], [-112.60639558594843, 37.25598575102472], [-112.60641954472845, 37.25960345768705], [-112.60644118110949, 37.26322290628328], [-112.60646273809493, 37.266843525587454], [-112.60933727086717, 37.26684620631066], [-112.60934338393383, 37.27046027184997], [-112.60934360962261, 37.27109595999631], [-112.60934787408465, 37.27407724159189], [-112.60934881202198, 37.27551436056411], [-112.60935105442812, 37.27769593957948], [-112.60935199500952, 37.279133057703305], [-112.60935424338777, 37.28131472553421], [-112.60935529937788, 37.282751841276095], [-112.60786797234285, 37.28274186453957], [-112.60648026194487, 37.28273267999052], [-112.60333668891238, 37.28270446900301], [-112.6019523492757, 37.282694644856115], [-112.59881441906118, 37.2826665076287], [-112.5987949014493, 37.2863391403641], [-112.59427423890195, 37.286302157495165], [-112.59425622047709, 37.289975850949645], [-112.5942383177051, 37.29364945062082], [-112.5942204216192, 37.297323138237566], [-112.58970356068669, 37.29724078055227], [-112.58967767696804, 37.3008989823458], [-112.58518054996485, 37.30083160115345], [-112.58068286271885, 37.30076414645053], [-112.58069598131263, 37.30445202119614], [-112.58517439680047, 37.3045046796318], [-112.58965190809427, 37.3045570903922], [-112.58962708336904, 37.30820626077806], [-112.58516832187568, 37.30817045439653], [-112.58516225471438, 37.31183631709051], [-112.58517385369558, 37.31553709178715], [-112.58959557681052, 37.31550281937257], [-112.59401740460294, 37.3154684703347], [-112.59403241237527, 37.31329387752988], [-112.59174625092196, 37.31327409490655], [-112.59173222081618, 37.31185968966843], [-112.5940422444921, 37.31186797533838], [-112.59404530635518, 37.31159619147966], [-112.59701683448111, 37.311595865089295], [-112.59695251310325, 37.3118677547742], [-112.59789382765648, 37.311867663405366], [-112.59857196063238, 37.31061371484234], [-112.59860069963514, 37.30824100963433], [-112.59408448552452, 37.30824173701942], [-112.59412942133137, 37.30460942163135], [-112.5941749185602, 37.30096619086781], [-112.59869091044372, 37.3009861972815], [-112.60320656193723, 37.3010061259267], [-112.60774869672322, 37.30102993861721], [-112.60776029633725, 37.30015461663716], [-112.60889479855318, 37.30016308023213], [-112.608910843418, 37.29924813054449], [-112.60777230798547, 37.299240352680464], [-112.60779610340363, 37.29742760027204], [-112.60552885125423, 37.29740962507613], [-112.60556103922539, 37.295580444611836], [-112.60780523358477, 37.29561486636392], [-112.61004759563018, 37.29561619262888], [-112.6100564731554, 37.2974455355004], [-112.61233997314633, 37.29746356298126], [-112.61291789335704, 37.29746118462778], [-112.61482037672312, 37.295821184975374], [-112.61491464455258, 37.29573986285038], [-112.61684096097501, 37.29378377975894], [-112.61686487846468, 37.290121101343644], [-112.61688891105412, 37.286458329152154], [-112.61691294789183, 37.28279555482942], [-112.61840437575236, 37.28280211700802], [-112.61838379814539, 37.27897636448886], [-112.622885643006, 37.27890345005926], [-112.62733200003709, 37.278831307601806], [-112.6273211926059, 37.27478848072562], [-112.62731030104986, 37.270746553752424], [-112.62729930404342, 37.26670453554204], [-112.63184395800293, 37.26671109514503], [-112.63243409852836, 37.266711159194955], [-112.63638632023037, 37.266716069704835], [-112.63756728379674, 37.26671650060642], [-112.63794543253545, 37.26309451732776], [-112.63832355151078, 37.25947253157974], [-112.63869670386175, 37.255846465705574], [-112.64338432631224, 37.25584673360107], [-112.64806562542896, 37.255846723496326], [-112.65263079592803, 37.255873115582176], [-112.65271820735055, 37.25225181066802], [-112.6526748742321, 37.2486324192419], [-112.65263154592257, 37.245012755265115], [-112.65258579830461, 37.241374736344476], [-112.65712433755711, 37.241393584544404], [-112.65717109170689, 37.245046997660964], [-112.66000274569048, 37.24506600020937], [-112.66000124339094, 37.24460184989753], [-112.6604949544552, 37.24460303768746], [-112.66055087566774, 37.24460315460635], [-112.66055083602927, 37.24455511567975], [-112.66055108630731, 37.24409391509187], [-112.66103220474427, 37.24409167209244], [-112.66103175663831, 37.243686091736805], [-112.66160814828874, 37.24369981465506], [-112.66164774071599, 37.24370079115889], [-112.66163521946847, 37.241410754044615], [-112.66614643297663, 37.24142765671314], [-112.6661524441624, 37.23774781982098], [-112.66161502248362, 37.237744081455745], [-112.6616546071611, 37.23411469295157], [-112.66169430736318, 37.23048530080946], [-112.6571581983234, 37.230485694837576], [-112.65217820142395, 37.23048607111546], [-112.65219607703693, 37.226951166570025], [-112.64719442151464, 37.2269505513211], [-112.64719076967873, 37.223415041367005], [-112.64718638440257, 37.2197885074905], [-112.64264429272718, 37.21979049468653], [-112.64264139667148, 37.21616510740625], [-112.64718178079103, 37.21616197460412], [-112.65170874454434, 37.216148219330215], [-112.6562357000758, 37.21613429099028], [-112.66071182290325, 37.21612027146145], [-112.66075002458366, 37.21976921913762], [-112.66525413274886, 37.2197625645536], [-112.6651878269272, 37.216106174419615], [-112.6697976908228, 37.21611165192588], [-112.66983306682208, 37.219725030383806], [-112.66986828391506, 37.22333074791825], [-112.6708430269605, 37.22335854755736], [-112.67081695146783, 37.22695764634215], [-112.6753648779055, 37.227053003151106], [-112.67537837473142, 37.223486079970726], [-112.67893561204772, 37.22348445467398], [-112.67893119366165, 37.21972679841532], [-112.67892700776162, 37.21612163753088], [-112.68395059700589, 37.216128177801885], [-112.68395169505176, 37.218585208411675], [-112.68395224424212, 37.21977059595925], [-112.68395297824303, 37.22129369926403], [-112.6861944115309, 37.22128748875308], [-112.68621375509767, 37.222211860669624], [-112.68846810409943, 37.22221254316664], [-112.69167143788846, 37.222213508617884], [-112.69171445507013, 37.2239826019553], [-112.69068038913173, 37.2239839421523], [-112.69068196302557, 37.22480653864027], [-112.68963424796496, 37.22480788444399], [-112.68963802418526, 37.22671958355732], [-112.68847689777945, 37.22672109565912], [-112.6884787957179, 37.227726020956894], [-112.68509379640163, 37.22777235187135], [-112.68507345825815, 37.22690414577178], [-112.68396135629503, 37.22692077881096], [-112.68396161462806, 37.22711482570766], [-112.67991198899327, 37.2270858263651], [-112.6799113152135, 37.23068735420922], [-112.67990738781089, 37.2343197507633], [-112.68397691513033, 37.234379738289796], [-112.68398284404086, 37.236748816312904], [-112.68398110256648, 37.23800804970956], [-112.6839749143878, 37.240364320016766], [-112.68849160039885, 37.2403619067489], [-112.6930083921294, 37.24035931951163], [-112.69300563584186, 37.24397988069906], [-112.69752494938508, 37.24397969642952], [-112.69752518290764, 37.24035683021144], [-112.70204184991506, 37.24035398996341], [-112.70204425414789, 37.24397924948726], [-112.70204666539637, 37.247604506878716], [-112.70657008994108, 37.24759228888212], [-112.706570708401, 37.25121810848545], [-112.70656024769406, 37.25483732606637], [-112.70203613800017, 37.25484838642495], [-112.7020233126109, 37.258467097102255], [-112.70201049478247, 37.26208589579001], [-112.70199756772573, 37.26570460390838], [-112.70652899264485, 37.2656940636112], [-112.71106018811285, 37.26568353326933], [-112.71559160505582, 37.26567300637179], [-112.72012290526835, 37.26566248780729], [-112.72012775817332, 37.269280748055195], [-112.72013273111705, 37.272899004535745], [-112.72013586026556, 37.27652016992633], [-112.72013899860691, 37.28014142328826], [-112.72013959234616, 37.28139132519245], [-112.71922724327783, 37.281392866429776], [-112.71561919059599, 37.281396829423045], [-112.71471078851035, 37.28139836872085], [-112.71109861205997, 37.28139468267328], [-112.71006045295907, 37.28139427692299], [-112.706577992425, 37.2813908314849], [-112.7054100041047, 37.28139027424573], [-112.70539116907294, 37.28499842016036], [-112.70537233897598, 37.28860656400991], [-112.70534675291417, 37.29223003505727], [-112.70532117322263, 37.29585359413498], [-112.700783634525, 37.29588348266214], [-112.6962459787586, 37.295913469140935], [-112.69623158147981, 37.29952668387664], [-112.6962171895399, 37.30313989653052], [-112.69620283735448, 37.3067546388029], [-112.69618837771637, 37.31036938060865], [-112.69618928848105, 37.31399498589551], [-112.69619009125984, 37.31762050056875], [-112.69619096061766, 37.32122357017065], [-112.70073271724148, 37.32121784583451], [-112.70073646817995, 37.32482366369773], [-112.69619183673788, 37.32482663766764], [-112.69622993218528, 37.32845837115812], [-112.69626803808782, 37.33209010240891], [-112.69630622806334, 37.33573012219975], [-112.6963444265168, 37.339370049641005], [-112.70084587587225, 37.33933045858043], [-112.70534720302008, 37.33929078799673], [-112.70535608948845, 37.34290273814522], [-112.70984973566483, 37.34290842933317], [-112.70984866049997, 37.33929204268736], [-112.70983131549215, 37.33566967035231], [-112.71433722972597, 37.335673035247865], [-112.71886372324917, 37.335678092357284], [-112.71885188369876, 37.33205843784231], [-112.72337940514956, 37.33206375998397], [-112.72337409414762, 37.32843274501645], [-112.72336867978618, 37.324801819645465], [-112.7233696170303, 37.321196666586516], [-112.72337055892076, 37.31759142132903], [-112.723355890585, 37.314063281173595], [-112.71883699086631, 37.314042229177495], [-112.71883281855462, 37.31048968716272], [-112.7233413429265, 37.31053513732551], [-112.72790033323334, 37.31042889326215], [-112.7279324612621, 37.30678488413771], [-112.72337626922659, 37.30683601776002], [-112.72341119925503, 37.30313689605759], [-112.71888329934254, 37.30312786697163], [-112.71890211007202, 37.29950865026309], [-112.71892092377597, 37.29588934137909], [-112.72345562745485, 37.29589421873831], [-112.72801645919094, 37.29592188393493], [-112.73257717659077, 37.295949464948286], [-112.73711210128654, 37.29593470791278], [-112.74164679588634, 37.295919960580925], [-112.74160315762273, 37.29953584145721], [-112.7415595241631, 37.30315181040965], [-112.73703886837804, 37.30314832720498], [-112.73251820614959, 37.30314467121175], [-112.73248875503297, 37.30673366360872], [-112.73702271662562, 37.30674694718217], [-112.74155678360717, 37.30675996515538], [-112.74611473241123, 37.30676650825905], [-112.75067267497447, 37.3067728756961], [-112.75522960208586, 37.30677448589543], [-112.75521230764403, 37.310364011040406], [-112.75977408278011, 37.31035626882509], [-112.7597675323481, 37.313976003699146], [-112.75976098828149, 37.31759573647422], [-112.75975705854782, 37.321220836036275], [-112.76430238354617, 37.32121522962707], [-112.76884770080657, 37.321209448534354], [-112.76885000859933, 37.317581944193684], [-112.76885231512831, 37.31396372104379], [-112.7688546284596, 37.310345495787736], [-112.76887505335901, 37.30676800603503], [-112.76889548318829, 37.30319051426438], [-112.76434722799377, 37.303193084616915], [-112.75979885264955, 37.30319548175755], [-112.75981556388048, 37.29954620795228], [-112.75526639206358, 37.299543843616796], [-112.75527767780156, 37.29745215614215], [-112.75073025218171, 37.297432195174615], [-112.75073960376454, 37.29590852462305], [-112.74827501890259, 37.29591161832463], [-112.74839155320902, 37.29230051769876], [-112.74622282482775, 37.29230162887068], [-112.74625256283518, 37.28868892407113], [-112.74170891519512, 37.288687752016905], [-112.74176271421662, 37.28504738086711], [-112.74181662572985, 37.28140691592662], [-112.73823291120915, 37.28140436094778], [-112.73729730103128, 37.28140467083697], [-112.7337106517617, 37.281402111999824], [-112.73371001556926, 37.28015032047631], [-112.73370800590095, 37.27652797634193], [-112.73370600332498, 37.27290563008253], [-112.73823033900173, 37.27290749366004], [-112.74274776637618, 37.27290333734408], [-112.74726530117853, 37.27289909699311], [-112.75178361774528, 37.272894672483496], [-112.75630203958593, 37.272890073764074], [-112.75630668504057, 37.276511557575645], [-112.7563113379275, 37.28013303925914], [-112.76083692151505, 37.28014627210791], [-112.76083200548617, 37.276522814053365], [-112.76535743303145, 37.27653389572164], [-112.76536283794727, 37.280159326750926], [-112.76536475172875, 37.28146264688726], [-112.76898006148231, 37.28147102730108], [-112.76989075648028, 37.28147138010444], [-112.76988899854952, 37.28016841907912], [-112.76988394014701, 37.27654298545296], [-112.77441055194741, 37.27655181018415], [-112.77892488686766, 37.2765422599548], [-112.78343943697783, 37.276532444005184], [-112.78795666646528, 37.27654071125225], [-112.78795600552837, 37.280159461363475], [-112.78795572725163, 37.28152049203885], [-112.79075115426106, 37.28157691312736], [-112.79075414588945, 37.28017068772268], [-112.79076177892539, 37.27778469788939], [-112.79076411300224, 37.276545759669915], [-112.79077183157648, 37.27416796890162], [-112.7953117710907, 37.27416984484928], [-112.79528768127497, 37.27778948860944], [-112.7998462883326, 37.27779423956476], [-112.80439683518532, 37.277792178041864], [-112.80894760218908, 37.277790028138405], [-112.80894537687394, 37.27418205713642], [-112.80895077587279, 37.270567208002284], [-112.80440411340756, 37.2705624408487], [-112.79985732942028, 37.2705574105732], [-112.79531891762043, 37.27055361062452], [-112.79532595357789, 37.26693719583009], [-112.79986295963566, 37.26694318238427], [-112.80440962813154, 37.26694776599191], [-112.80895629425339, 37.26695235505631], [-112.8112396390774, 37.26695600804905], [-112.81238136725031, 37.26695781715549], [-112.81238469361088, 37.266061712574704], [-112.81124311210101, 37.2660513389315], [-112.81077411718785, 37.26604706909239], [-112.81010244034073, 37.26604598752551], [-112.8101038369981, 37.26582172733842], [-112.81010787448993, 37.26513786330032], [-112.80941455351916, 37.265136748245276], [-112.80896718749273, 37.265136016018204], [-112.80669362701957, 37.26513370134498], [-112.80669714177964, 37.264535196401695], [-112.80669898979711, 37.26422557778151], [-112.8054964313684, 37.264224731443186], [-112.80442569762994, 37.264223936123855], [-112.80215229103075, 37.264222252502805], [-112.8021470690001, 37.26512911253239], [-112.79987350353036, 37.26512666679508], [-112.7998753010114, 37.264818490818314], [-112.79988400462814, 37.26331303546388], [-112.795344439062, 37.26330879855148], [-112.79080531774504, 37.26330438063583], [-112.79080868873076, 37.26205172447254], [-112.79082057491435, 37.25967783106346], [-112.79082390314734, 37.25842328215837], [-112.79083583776323, 37.2560512794097], [-112.79538098177451, 37.25605227489377], [-112.79992622927612, 37.256053003982245], [-112.80447384521977, 37.25605388277506], [-112.80449533780732, 37.25242264314534], [-112.80450343164006, 37.248796652971144], [-112.79995573583915, 37.24879775447409], [-112.79996429024341, 37.245172203812686], [-112.79541738357243, 37.245173747265895], [-112.79542628352233, 37.241548547775096], [-112.79543496440263, 37.23792334960875], [-112.79543532875527, 37.234303683295096], [-112.79543559821677, 37.23068446706448], [-112.79997565591317, 37.23068276638871], [-112.80451593155047, 37.23068088813316], [-112.80905631241299, 37.230678833994205], [-112.80906523874343, 37.23429709127275], [-112.81358747963739, 37.23429585897266], [-112.81359643727696, 37.237915462914316], [-112.81811869425462, 37.237915406604046], [-112.82264083566086, 37.237915359417094], [-112.82716308685943, 37.237915317887165], [-112.82715427292175, 37.23429121369056], [-112.8316846661413, 37.23428736107409], [-112.83621504941344, 37.23428324495603], [-112.84074266707815, 37.23428143177164], [-112.84527038767997, 37.23427935353461], [-112.84979963337697, 37.234284468638755], [-112.85432887231775, 37.23428941039215], [-112.8588581066762, 37.234294268888426], [-112.86338722375294, 37.234299045900926], [-112.86336797774382, 37.230669358346354], [-112.86334873880908, 37.227039578533194], [-112.86332939650488, 37.22340979832755], [-112.8633048541514, 37.21979731239375], [-112.86328020664851, 37.21618473597853], [-112.86325568151727, 37.21257215562957], [-112.86323105567772, 37.20895966498548], [-112.8632130247778, 37.205340038565396], [-112.8631951156333, 37.201720408223665], [-112.86317710298086, 37.198100777504585], [-112.86315909945309, 37.19448114463605], [-112.8631712644453, 37.19145146662325], [-112.8631854996095, 37.187827447419096], [-112.86319839624655, 37.18420371768299], [-112.86321129907103, 37.180579985875276], [-112.86322605574188, 37.17695351907364], [-112.86324070363364, 37.17332696187888], [-112.86325547235026, 37.16970049093684], [-112.86327013451093, 37.16607401969549], [-112.85877538623528, 37.166069011894315], [-112.85428063347003, 37.16606392357731], [-112.8497858784335, 37.16605884483943], [-112.84529112113148, 37.166053775681576], [-112.84529637078336, 37.16242140260946], [-112.845301514751, 37.15878902918817], [-112.84530666780077, 37.15515674375936], [-112.84531193810632, 37.15152436438003], [-112.84984901297211, 37.15151778632668], [-112.85438619439603, 37.15151112283249], [-112.85892325945221, 37.151504467510854], [-112.86346043545426, 37.15149790692769], [-112.8679214872607, 37.1515231966868], [-112.8723826540264, 37.15154858684415], [-112.87684381875337, 37.15157389898095], [-112.88130487110027, 37.151599224977076], [-112.88578551961513, 37.15162019536505], [-112.89026605293002, 37.15164108806856], [-112.89476982138255, 37.15165008335037], [-112.89881413985053, 37.15165698827933], [-112.8988466855314, 37.14864112749417], [-112.89884798210846, 37.14803120697056], [-112.8988805783911, 37.145012730024575], [-112.89888182870375, 37.14440542364156], [-112.89888517111953, 37.14138750401347], [-112.89888565943568, 37.14077218806337], [-112.89889004641614, 37.13780481223252], [-112.8988895784001, 37.13713768728628], [-112.89888955026487, 37.136393585324114], [-112.89900320017011, 37.136387077363764], [-112.89901308246736, 37.13638610783414], [-112.8991887275918, 37.13636206483823], [-112.8991837229724, 37.13405300537626], [-112.89918224797282, 37.133390673046165], [-112.8991758426956, 37.13042833396397], [-112.89917436930536, 37.12977050768355], [-112.89917010852368, 37.12680362617128], [-112.89916912690558, 37.12612938820348], [-112.8991648325054, 37.12317890905172], [-112.8991637823878, 37.12248835848643], [-112.89915944980292, 37.119554101528486], [-112.899158405961, 37.11888175652695], [-112.8991539626833, 37.115929293693945], [-112.89915303528608, 37.115275062381734], [-112.89918202473743, 37.11230466733697], [-112.89918863534692, 37.111632289081726], [-112.89921740341381, 37.10867992179228], [-112.899224127151, 37.10798951554925], [-112.89921815405235, 37.105646435294524], [-112.89921667704844, 37.10505566267474], [-112.89920778626984, 37.101590790611105], [-112.89920170631437, 37.09830576958452], [-112.8992009696846, 37.09792965239102], [-112.89897786563817, 37.09793000179691], [-112.89897683747512, 37.09514412381962], [-112.89897996691454, 37.09430497034453], [-112.89899307435489, 37.09152174855276], [-112.89899625246503, 37.090679980094144], [-112.89900931949384, 37.087899461324525], [-112.8990047800547, 37.08705493189145], [-112.89899274149117, 37.08426444886643], [-112.89898822886258, 37.083429922900514], [-112.89919575324716, 37.08342978660864], [-112.89919502686635, 37.08330493567239], [-112.89918084704568, 37.080505292265805], [-112.89918200606462, 37.07967716432749], [-112.89918618808731, 37.0768828132873], [-112.89918732629454, 37.07604927746201], [-112.89919153842656, 37.073260422320665], [-112.89919254116376, 37.072421390309536], [-112.89919489730968, 37.07186763713616], [-112.89919759743222, 37.0696345931104], [-112.89919794527881, 37.06879178568885], [-112.89919759247572, 37.06600885905149], [-112.89919800265332, 37.065172990155105], [-112.8992025122699, 37.062386378939124], [-112.89920275985139, 37.06155745217901], [-112.89920620259556, 37.05876391654819], [-112.89920639550235, 37.0579417499437], [-112.89920877828379, 37.055141560167584], [-112.89920891875147, 37.05432624381988], [-112.89920413813496, 37.05152265217539], [-112.89920427596994, 37.05070264867341], [-112.89920602757192, 37.047894714786906], [-112.89920618069159, 37.04707074487751], [-112.89917853875862, 37.04417044630159], [-112.89920741623345, 37.04343875968504], [-112.89918772256317, 37.040550319527796], [-112.89920832883091, 37.03980704807068], [-112.89920412073354, 37.0370119133473], [-112.89920411448654, 37.036930435897595], [-112.89920439588724, 37.03618812039515], [-112.8992080135443, 37.033381953105625], [-112.89920828106241, 37.032566812315494], [-112.89921236754894, 37.029752163762595], [-112.89921273976255, 37.02894567334552], [-112.89917027219346, 37.02606245848762], [-112.89921789548882, 37.02532515216013], [-112.89907734833443, 37.0225655421908], [-112.89908103715773, 37.021770173941626], [-112.89912829640308, 37.01890994477601], [-112.8991319882308, 37.01811917269329], [-112.89917947198391, 37.015254341747266], [-112.89918305445131, 37.01446816763478], [-112.89923064811279, 37.01159864660763], [-112.8992342335611, 37.010817068671976], [-112.89926650804438, 37.007950585370665], [-112.89926898466554, 37.007169565544146], [-112.89928063908378, 37.00613821371282], [-112.89925981469602, 37.004362599311065], [-112.89925726255348, 37.00358265099486], [-112.89921327341268, 37.00031089665594], [-112.89711087963498, 37.00030162707162], [-112.89491351787228, 37.00029185398196], [-112.89256140005311, 37.000281354042926], [-112.89038775054225, 37.00027165961031], [-112.88803563450067, 37.00026125008149], [-112.8869714563228, 37.00025654698562], [-112.88586212512756, 37.00026634198381], [-112.8835101033956, 37.00028711651691], [-112.8813363785694, 37.000306369529476], [-112.87912861059036, 37.000325941568775], [-112.8768259054747, 37.00034634327473], [-112.874613638337, 37.00036590241318], [-112.8730090659899, 37.00038006543869], [-112.87231519776475, 37.00038623927849], [-112.8700961870563, 37.00040591067384], [-112.86918087464706, 37.00041393369719], [-112.86780460316326, 37.00041271265627], [-112.86557887581272, 37.00041059353399], [-112.86329504976838, 37.000408443658934], [-112.86106089419958, 37.00040637205118], [-112.85877099878526, 37.000404230203856], [-112.85654313472939, 37.0004021551494], [-112.8542468329348, 37.000400026138166], [-112.85202526041566, 37.00039794811501], [-112.85108354410198, 37.000397050147775], [-112.84972421001271, 37.00039932072526], [-112.84751007950126, 37.000402990732226], [-112.84520414131978, 37.000406785251705], [-112.84299270709352, 37.00041050922071], [-112.84068699372568, 37.000414392645744], [-112.83865183448846, 37.000417832822514], [-112.83825194456539, 37.000418612603845], [-112.83593466954109, 37.000423123500234], [-112.83371223575473, 37.00042756559136], [-112.83333197415641, 37.00042812368758], [-112.8328192208838, 37.000426015959526], [-112.83165168877937, 37.00042550140142], [-112.82943665234295, 37.00042452152123], [-112.82712969122343, 37.000423473658834], [-112.82490397752177, 37.0004224833611], [-112.82261993957282, 37.00042144584369], [-112.82037129778612, 37.00042036209278], [-112.81811052223225, 37.00041942160342], [-112.81583861744517, 37.00041833791421], [-112.81441728753191, 37.000417727342054], [-112.81360087540006, 37.00041731946293], [-112.81130581987959, 37.00041623234343], [-112.80931755243492, 37.000415380530214], [-112.80909178970697, 37.00041530760666], [-112.80678718223879, 37.000414278634686], [-112.80456741746255, 37.000413266584516], [-112.80226842743407, 37.000412244598564], [-112.80004304251209, 37.000411233191386], [-112.79774978227869, 37.0004102169183], [-112.79665624992124, 37.00040974444593], [-112.79551879627084, 37.00041001662761], [-112.79323118947624, 37.00041053990616], [-112.79099400429445, 37.00041440408932], [-112.78871193660157, 37.00041160193595], [-112.78671886135164, 37.000412065949476], [-112.78419301770238, 37.00041266693115], [-112.78219701852983, 37.00041309888841], [-112.77967398344337, 37.00041374167022], [-112.77847876540197, 37.00041399563916], [-112.77767508342662, 37.00041513245571], [-112.77515503416782, 37.0004186086994], [-112.77315313121618, 37.00042141028326], [-112.77082107734115, 37.0004245988715], [-112.7686331974337, 37.000427665818755], [-112.76630147863833, 37.0004308506446], [-112.76411292302372, 37.00043393436577], [-112.76178198866153, 37.00043710877707], [-112.76045094295803, 37.00043901731024], [-112.75959272826249, 37.00043894779979], [-112.75726216877176, 37.00043896328544], [-112.75507376208823, 37.00043890356842], [-112.75274544781604, 37.000438887188935], [-112.75056333487683, 37.000438921647465], [-112.7482177128444, 37.00043889141519], [-112.74604200392822, 37.000438928571754], [-112.74370121294702, 37.000438918160654], [-112.74231966312097, 37.000438931684755], [-112.74153270678688, 37.00043948778399], [-112.73918588492796, 37.00044118925647], [-112.73701998169024, 37.000442629650635], [-112.73466619104117, 37.00044434367088], [-112.73250141179582, 37.00044586535356], [-112.73014817904725, 37.000447481533065], [-112.72798294900525, 37.00044901742074], [-112.72563027825089, 37.00045071601089], [-112.72426605058749, 37.00045161925012], [-112.72346493239438, 37.00045217107357], [-112.72111293393876, 37.0004538603939], [-112.71894972313639, 37.00045538229338], [-112.7165970468825, 37.000456991849056], [-112.71442765392993, 37.00045852067491], [-112.7120767733901, 37.00046010472388], [-112.70990580623831, 37.000461663658925], [-112.7075564987599, 37.000463315680165], [-112.70621822718256, 37.00046426868153], [-112.70538316900459, 37.00046482580236], [-112.70303565725848, 37.00046645257199], [-112.70086243840932, 37.00046796837056], [-112.70054643963287, 37.00046817090577], [-112.6985177474431, 37.000475233788414], [-112.69633499781911, 37.000482841957286], [-112.693999426089, 37.000490969270004], [-112.69180700894927, 37.00049854196547], [-112.6894812104698, 37.00050662121441], [-112.68815301799161, 37.00051128282177], [-112.68727956520081, 37.00051370078658], [-112.6849632815376, 37.00052020412917], [-112.68275037415788, 37.000526277921054], [-112.6804435269879, 37.000532739425736], [-112.67820668670984, 37.00053906734157], [-112.67592467091738, 37.000545450291554], [-112.67371490706206, 37.000551581468194], [-112.67140580864728, 37.000558079172336], [-112.6692232356457, 37.00056410419148], [-112.66688705451043, 37.00057071459592], [-112.6647313374032, 37.00057673035898], [-112.66244706642264, 37.00058306584383], [-112.66198859619706, 37.00058444042782], [-112.66021381749087, 37.000584407214575], [-112.65792850878657, 37.00058445094156], [-112.65569635254744, 37.000584430088125], [-112.65340980472531, 37.000584404011654], [-112.652063183628, 37.00058441146024], [-112.65117877062382, 37.00058437261152], [-112.64889109798511, 37.000584365181076], [-112.64666107562891, 37.00058441498603], [-112.64437227816902, 37.00058442611437], [-112.64197402460192, 37.00058446550455], [-112.63985334333105, 37.000584496692795], [-112.63744339858681, 37.00058442573928], [-112.63533440389125, 37.000584485248524], [-112.63400126410376, 37.00058446232011], [-112.63291269801469, 37.00058628697255], [-112.63081546109973, 37.000589709679176], [-112.62878379807584, 37.00059307317072], [-112.62871921600163, 37.004215933402214], [-112.62865542020646, 37.007835963241966], [-112.62859712393434, 37.011460872962985], [-112.62853894290173, 37.01508586922542], [-112.62405893598657, 37.01508102694528], [-112.61957903565951, 37.01507601391758], [-112.6150908106041, 37.015070764655974], [-112.61511517414915, 37.01145334922431], [-112.61061360051964, 37.01144468484726], [-112.61060258173288, 37.01506543566759], [-112.61059171505394, 37.018682486893525], [-112.61058008866192, 37.022353807127296], [-112.60604917376115, 37.0223597057707], [-112.6015182536321, 37.02236552146179], [-112.59698733207044, 37.0223714344183], [-112.59245651768356, 37.02237726291489], [-112.59245903827596, 37.02600315098326], [-112.5924616759667, 37.02962894529335], [-112.59246432214033, 37.033254827571454], [-112.5924668606334, 37.036880619108544], [-112.58793485298348, 37.0368815225239], [-112.58340284075028, 37.03688234286709], [-112.57887071528737, 37.03688326185304], [-112.57433869766606, 37.03688409626748], [-112.5743388183311, 37.03667759693147], [-112.57434709987784, 37.03325634768391], [-112.57435630175128, 37.02962894697776], [-112.57435625465276, 37.02601068040743], [-112.57435621381002, 37.02239241170911], [-112.57888123813169, 37.02238861385725], [-112.5834062594291, 37.022384823610814], [-112.58793139007518, 37.02238103946507], [-112.59245651768356, 37.02237726291489], [-112.59247324692954, 37.0185747214835], [-112.59248746345425, 37.01495311130403], [-112.59250168496395, 37.01133149902515], [-112.59251591145843, 37.00770988464703], [-112.59704308814204, 37.00773836288274], [-112.6015702674826, 37.00776693859916], [-112.60609733334009, 37.0077954330979], [-112.60609306653582, 37.00418524873613], [-112.60157995099418, 37.004152597639674], [-112.59706555749516, 37.00411789910343], [-112.59255048764857, 37.00408303773072], [-112.5880321705056, 37.00404867879349], [-112.58800068096119, 37.00767755840473], [-112.58348545359345, 37.00764533054639], [-112.5834660302442, 37.01127008219956], [-112.57894814737465, 37.0112393415928], [-112.57892606960183, 37.01486548002058], [-112.57440563740921, 37.01483595443915], [-112.56981591849532, 37.014891449119894], [-112.56530922954717, 37.01494576099919], [-112.56525888126683, 37.01867719111041], [-112.56520819135694, 37.02242475767984], [-112.56079356930307, 37.02239683692996], [-112.55637883401734, 37.022368843387426], [-112.55627634188151, 37.0259348356029], [-112.55625911867956, 37.026660916158306], [-112.55625891655804, 37.0268273074289], [-112.55625645012877, 37.02950506026024], [-112.55621339362624, 37.03308586216028], [-112.55621318941506, 37.03312543392449], [-112.56070375987113, 37.033158829233926], [-112.56068041765081, 37.0366706867861], [-112.556170792418, 37.03666683637493], [-112.55615772272675, 37.04026229339239], [-112.55170757121144, 37.040257675361296], [-112.54721367291921, 37.0402527397845], [-112.5472366575167, 37.043861247919146], [-112.5472442376012, 37.04476087200871], [-112.5472519288311, 37.04566040438489], [-112.5472658497035, 37.04745939768114], [-112.54950368436484, 37.047459388827384], [-112.5517410696735, 37.04745943373733], [-112.55613712281753, 37.04745943812354], [-112.55614465667239, 37.04745942941901], [-112.560673550661, 37.047461488613756], [-112.56067144710664, 37.04386082884205], [-112.5651983409938, 37.04386364495545], [-112.56520244049663, 37.04746346495252], [-112.5652065446882, 37.05106319272294], [-112.56067567531606, 37.05106286715171], [-112.55614469100685, 37.05106255015678], [-112.55176501729143, 37.051059810072516], [-112.5517749314725, 37.05469407819895], [-112.54728672557358, 37.05469574933895], [-112.54728663004177, 37.05833465519195], [-112.54276557067386, 37.05834082217048], [-112.54276355467722, 37.06196190646176], [-112.54276154279948, 37.065582898511536], [-112.53851485874158, 37.06558506757871], [-112.53852726766979, 37.06920578227037], [-112.53853979635268, 37.07282649333927], [-112.53855135661033, 37.07644901758765], [-112.5385546187253, 37.07747875825422], [-112.5385562604677, 37.07799971244222], [-112.53855701331501, 37.07827073609953], [-112.53855938916188, 37.07898384670827], [-112.5385628116253, 37.08007154113134], [-112.53856433786866, 37.0818724010835], [-112.53764930751201, 37.08187435570874], [-112.53766430648129, 37.080071839095126], [-112.53637127638075, 37.08007219512937], [-112.53402606918948, 37.08007281378365], [-112.5294890991505, 37.080074095948746], [-112.5249522407225, 37.08007547337341], [-112.52041549029708, 37.08007676584929], [-112.52040562771343, 37.076456915731434], [-112.52039588456766, 37.07283706201336], [-112.52038633011625, 37.06921504057942], [-112.52037673415938, 37.0655567835174], [-112.52462798062477, 37.06556295731492], [-112.52464646154566, 37.06554784753403], [-112.52491131635328, 37.065563460660236], [-112.52915738891382, 37.065569718771904], [-112.5291749892445, 37.06555561112687], [-112.52944578620702, 37.06557023614656], [-112.53369704988195, 37.0655774364063], [-112.53370818510217, 37.061946858164056], [-112.53371923295603, 37.05832285881122], [-112.52919396182774, 37.058298908294034], [-112.52918888529551, 37.06011338200993], [-112.52918651978865, 37.0610207967164], [-112.52692279716476, 37.06101192601442], [-112.5269251751986, 37.06010378985021], [-112.5246616331149, 37.06009135811696], [-112.52239753807962, 37.06008501939784], [-112.52240646780095, 37.05826391509535], [-112.5201517409262, 37.05825092299554], [-112.51567510378064, 37.05826332891989], [-112.51119857170556, 37.05827556443834], [-112.51124624251366, 37.05465766786604], [-112.51573403832283, 37.054640060843624], [-112.51579297329297, 37.05101679072365], [-112.5202919142613, 37.05099382324117], [-112.5203123028213, 37.04739934730612], [-112.51581509322031, 37.04740823034441], [-112.51464398584011, 37.04741057144691], [-112.51464391990113, 37.047486465852], [-112.5146438803437, 37.04763158350015], [-112.51464327702229, 37.04827452320249], [-112.51351249376086, 37.04827525671605], [-112.51351249798084, 37.04841136032095], [-112.5135119724104, 37.049171925034926], [-112.51343212888091, 37.04917177205465], [-112.51235376903432, 37.04916858089153], [-112.51235361517413, 37.049285487785035], [-112.51235278129059, 37.05011041272432], [-112.51130017449272, 37.05010796536186], [-112.51129391479257, 37.051039769241484], [-112.51004807770853, 37.05104193600433], [-112.51008557669739, 37.05186168590427], [-112.50884976028595, 37.05185379778852], [-112.50886586431594, 37.052667060140564], [-112.50676134928152, 37.052706792852995], [-112.50225041390911, 37.05265188365808], [-112.50224153352573, 37.05467696739881], [-112.49785087697576, 37.054682471408725], [-112.49784704533742, 37.052714152181636], [-112.48880459431084, 37.052719114699165], [-112.48434515878884, 37.052727324172785], [-112.48435093804822, 37.05106119364873], [-112.48281431130567, 37.05105878094406], [-112.48278539170332, 37.04957254270453], [-112.48424736675071, 37.04955425777747], [-112.48435091015027, 37.04955296207633], [-112.48435095689359, 37.047413422172994], [-112.48879962316329, 37.04741670764062], [-112.48879877614715, 37.04558309828115], [-112.48435097929271, 37.04557853898629], [-112.48435097997267, 37.04376555841133], [-112.4843509717348, 37.0401388747445], [-112.48435085525891, 37.03651210022324], [-112.47977477208502, 37.03650932982497], [-112.47519857429485, 37.03650656448808], [-112.47062237256338, 37.03650371269282], [-112.46604616864701, 37.03650086455351], [-112.4615552604902, 37.03649011890689], [-112.46159492132375, 37.032863923578205], [-112.45714099433785, 37.03281812123157], [-112.45269982685534, 37.032775059893794], [-112.44825876950478, 37.0327317406698], [-112.44826965695898, 37.03646584393459], [-112.44373599584289, 37.03641825990818], [-112.43920245042344, 37.03637068133233], [-112.43466890660405, 37.0363230194655], [-112.43013536778808, 37.03627545453984], [-112.43014373425167, 37.03263935744584], [-112.43015199156477, 37.029003169443556], [-112.42564367449923, 37.02899451413657], [-112.42113524041994, 37.02898568880601], [-112.4211252965638, 37.032626857825754], [-112.41662456772701, 37.03262083527828], [-112.41212383234814, 37.03261455182232], [-112.40757821878806, 37.03261340720664], [-112.40303259970474, 37.03261208838862], [-112.4030284619325, 37.03623056878438], [-112.39851866209331, 37.036226311688594], [-112.39400897292835, 37.036222062024876], [-112.3895050795509, 37.03620279057504], [-112.38500096142008, 37.03618353091672], [-112.38498305225991, 37.03980875704123], [-112.38050582572745, 37.03980857417106], [-112.38047168648747, 37.043430833532845], [-112.37597833342782, 37.04342751447062], [-112.37594383604726, 37.04705410306276], [-112.38044540994655, 37.04706489732265], [-112.38494686723344, 37.04707552200762], [-112.38492881623645, 37.05071705820525], [-112.38041902236473, 37.05069887018267], [-112.38040839489163, 37.054321120103076], [-112.38492720981004, 37.05432883562478], [-112.38492560871124, 37.05794061090769], [-112.38039776863596, 37.05794318765627], [-112.3758699211236, 37.05794550141338], [-112.37585963188342, 37.061554314450106], [-112.37133831836286, 37.061525554617745], [-112.37135291036759, 37.05791894373058], [-112.36683589570382, 37.057892123812486], [-112.36231347991317, 37.05786510365031], [-112.36229287565145, 37.06146763998937], [-112.36227238403342, 37.06506999270598], [-112.36214670771824, 37.068696536254286], [-112.36202091078428, 37.072322988925485], [-112.36632686331576, 37.07234394386979], [-112.3660941558093, 37.075919349873125], [-112.36586143172433, 37.0794947537634], [-112.37039525936977, 37.079553133079024], [-112.37040478489078, 37.08317549732686], [-112.37493778709988, 37.08321333971454], [-112.37946595380969, 37.083170483489305], [-112.37947543394552, 37.08677860019981], [-112.37948465787258, 37.09038464468715], [-112.3840142223292, 37.09035214060668], [-112.38400437095835, 37.08674195942417], [-112.38854240767748, 37.086704948914445], [-112.38854839275245, 37.09031958976113], [-112.3840142223292, 37.09035214060668], [-112.38402419424128, 37.093962408433846], [-112.38855438225455, 37.09393413833591], [-112.39308456464421, 37.09390587541895], [-112.39308389362091, 37.09420107721907], [-112.39307166222264, 37.09751514349994], [-112.39307099156764, 37.097810345126895], [-112.39305876408103, 37.10112440946783], [-112.39305809379437, 37.10141961092163], [-112.3930458702196, 37.10473367332258], [-112.39304520030123, 37.10502887460319], [-112.39303298063848, 37.108342935064044], [-112.38962837266597, 37.10834124986365], [-112.38850037214101, 37.10834707568803], [-112.38851631894542, 37.11203703068681], [-112.3930322370151, 37.112049758670075], [-112.39756515364162, 37.112075003452055], [-112.40209401358644, 37.11209994249037], [-112.40209670358823, 37.10835785688018], [-112.40310666049892, 37.10835888718516], [-112.40662418528844, 37.10836290142079], [-112.40661992367268, 37.112123571629944], [-112.41114560591485, 37.11214703056353], [-112.41114587102707, 37.11199758341564], [-112.41115155279826, 37.10836795457885], [-112.41215846954013, 37.10836894391091], [-112.41566169204691, 37.10837258979096], [-112.41565948032859, 37.11200172479259], [-112.42017308618404, 37.11200578438544], [-112.42017434856136, 37.11563433300786], [-112.41565727405465, 37.115630857639935], [-112.4156591293902, 37.119260210295735], [-112.41566087634398, 37.122889472017924], [-112.41566104520668, 37.126512260786626], [-112.42017683312936, 37.12651466398435], [-112.42017676774077, 37.130137181128696], [-112.4156613339477, 37.13013513617402], [-112.41566389452164, 37.13375879355348], [-112.41115137137066, 37.13375546222529], [-112.41115163014196, 37.13387849312753], [-112.4066509476524, 37.13387674226342], [-112.40663778542604, 37.13025311660002], [-112.40212961077509, 37.13024866703473], [-112.3976450779131, 37.130244398056576], [-112.39764894446971, 37.13387561935228], [-112.39315201311877, 37.13387619566648], [-112.39314360181594, 37.13751233838315], [-112.3931032725282, 37.14111451281525], [-112.39308625600955, 37.14292453067537], [-112.39307808649819, 37.14382958049706], [-112.39534456312974, 37.143834463442424], [-112.3964775162964, 37.14383671174065], [-112.39647096344535, 37.14474174225899], [-112.39760427915563, 37.14474460633027], [-112.40213232454131, 37.144754032932006], [-112.4021115580437, 37.148404283263716], [-112.40209079687999, 37.15205462156204], [-112.40205579724771, 37.15565329885141], [-112.40202068887687, 37.15925206552132], [-112.40654138117912, 37.15924346610763], [-112.40649209525883, 37.16287376525712], [-112.40644269263191, 37.166503793314845], [-112.40641651206454, 37.170128766520655], [-112.40195700146664, 37.17014322275028], [-112.3974512731157, 37.170155802830315], [-112.39294553776978, 37.1701682115563], [-112.39292825387463, 37.173791187936466], [-112.39291220440575, 37.17741369705342], [-112.39289627157204, 37.18103620272107], [-112.39289380863731, 37.18465584390292], [-112.3953822685825, 37.18465251673976], [-112.39744208949732, 37.18464968780545], [-112.39744030721866, 37.18764621965957], [-112.39743987422092, 37.1882768033121], [-112.39743858431582, 37.191654324487715], [-112.40009820931142, 37.19151205325421], [-112.40198638990421, 37.19141103331145], [-112.40218268638613, 37.194544022179215], [-112.40219314861646, 37.1981672845035], [-112.40521652968339, 37.198167688292116], [-112.4067310935114, 37.19816791723914], [-112.40673546352636, 37.1999818100332], [-112.40673985246639, 37.20179056444723], [-112.40824997689128, 37.20179055564796], [-112.41127619788585, 37.20179058936201], [-112.41128325488684, 37.20541271170332], [-112.41582453493572, 37.20541808988635], [-112.41582841736043, 37.20723009134782], [-112.41583239720622, 37.209041189784514], [-112.42037470171422, 37.20904764108598], [-112.42037773440191, 37.212671695917756], [-112.42038077472822, 37.21629583870227], [-112.41830738472072, 37.21629373871402], [-112.41584347761234, 37.21629113430005], [-112.41584832656504, 37.219914804746566], [-112.41585496525752, 37.22488774932739], [-112.41594671360858, 37.22488773388703], [-112.42038809140156, 37.22488898355019], [-112.42047645900165, 37.22488900515016], [-112.42492132810077, 37.22489022307179], [-112.4250063149625, 37.224890281970644], [-112.42911721081545, 37.22489139499586], [-112.42952058988854, 37.22490220922834], [-112.42950299963226, 37.21992805359738], [-112.4340105356471, 37.219939082381416], [-112.43851660076558, 37.21994986721234], [-112.43851067223709, 37.2163264908985], [-112.44302057361757, 37.2163370595798], [-112.44302323003949, 37.21996074399204], [-112.44302695925164, 37.224941638258784], [-112.44273175334254, 37.224941089219094], [-112.44275358087411, 37.22857706373025], [-112.44277552898582, 37.23221303465299], [-112.44279746266243, 37.23584783190351], [-112.44718562655254, 37.235868908293], [-112.45172093057607, 37.235885584349425], [-112.45625611982915, 37.235902178104624], [-112.45625211057722, 37.23950808094476], [-112.46079131465001, 37.23946451123435], [-112.46101121932972, 37.239462428763716], [-112.4654373716162, 37.239420346260985], [-112.4699453481362, 37.23937176455567], [-112.47445331657772, 37.23932319152039], [-112.47896127517383, 37.23927453704481], [-112.48346922743502, 37.23922598135049], [-112.48344559053304, 37.2428511352339], [-112.48342184632884, 37.24647637853442], [-112.4879607282119, 37.246442582777235], [-112.49249971280354, 37.246408611635836], [-112.49246809432482, 37.250035392100386], [-112.49243647876821, 37.25366217047159], [-112.49696735526298, 37.253629838695964], [-112.50149833822162, 37.25359751234328], [-112.51054856513156, 37.25357836611665], [-112.51140032559528, 37.25357326284118], [-112.51146166956676, 37.26082404436783], [-112.50137505675085, 37.26087768930819], [-112.50131347342825, 37.2645178190285], [-112.50125177567017, 37.26815785800151], [-112.50123622125797, 37.271736200258715], [-112.50122055665483, 37.27531445177367], [-112.50578679533075, 37.27531097507796], [-112.50589584458146, 37.282527243033144], [-112.50565986079852, 37.28252673042087], [-112.50367723672109, 37.28252246454407], [-112.50371339167211, 37.28610194357615], [-112.4992753156462, 37.28611084306828], [-112.49929743124642, 37.28970924858533], [-112.49484495923198, 37.28973691355696], [-112.4948527403533, 37.2933110751986], [-112.4903052727587, 37.29334941528025], [-112.49031992646724, 37.29693367547186], [-112.49486041699573, 37.29688532626759], [-112.4993809721404, 37.2968845546886], [-112.49935348638888, 37.30050079762296], [-112.49483583869048, 37.30050549920526], [-112.49481115295205, 37.30412576157904], [-112.49478647849317, 37.307763507249255], [-112.49476169305818, 37.311401162117484], [-112.49481747060273, 37.31501535436097], [-112.49487314480368, 37.318629455640966], [-112.49715278246282, 37.31863064284086], [-112.49715267320497, 37.318733213550246], [-112.49714911090817, 37.322239542298625], [-112.4949288020536, 37.32223643463321], [-112.49040161720546, 37.32223001311932], [-112.49034434196805, 37.318627286560556], [-112.48581530961454, 37.318625037017746], [-112.48135210767762, 37.31866505279042], [-112.48127963765441, 37.315047634402156], [-112.48120717868859, 37.311430123567256], [-112.48565145630789, 37.311384856732914], [-112.48803317353054, 37.311389176121345], [-112.48800432042732, 37.30789325001673], [-112.48800425531347, 37.30776400230279], [-112.49020556906328, 37.30776378777214], [-112.4902044559702, 37.30413456777625], [-112.49026224833044, 37.30053416698312], [-112.48568864670112, 37.300562567911015], [-112.4857795405251, 37.29698202934469], [-112.48123359671986, 37.296902742157904], [-112.4766875472804, 37.29682346171295], [-112.47224325784127, 37.2969346310114], [-112.46779884041108, 37.29704581525604], [-112.46784463759583, 37.293394005028254], [-112.46789054731941, 37.289742101184174], [-112.46791691133362, 37.28763872503056], [-112.46788661228683, 37.287641083758636], [-112.46755110130225, 37.28767462789131], [-112.46716560352519, 37.287713297402156], [-112.4667323657397, 37.287768240323985], [-112.46634990502503, 37.28780650901434], [-112.46604919146169, 37.28780798139616], [-112.46580190993788, 37.28781329781051], [-112.46549520241123, 37.28780817325759], [-112.46512434476361, 37.28777004262629], [-112.4648746820159, 37.28775727004772], [-112.46459156033276, 37.28775843083161], [-112.46458829147718, 37.28775856141849], [-112.46433421045512, 37.28777973201587], [-112.46405308591797, 37.287796639902794], [-112.463612554523, 37.28782462204482], [-112.46342050277632, 37.287839255064036], [-112.46318474481318, 37.287857132124124], [-112.46285429621908, 37.287901776739496], [-112.46236715073336, 37.287946013423024], [-112.4623628755668, 37.28794660704378], [-112.46197089462608, 37.288023555754485], [-112.4619677507383, 37.28802431564955], [-112.46161736776412, 37.28812319217568], [-112.46116937864663, 37.288244003223475], [-112.46088677981943, 37.28834231104559], [-112.46009640184283, 37.28859073499548], [-112.45973789592406, 37.28870151350983], [-112.45949592388179, 37.288794990558245], [-112.45917969063494, 37.28891597175485], [-112.45917611295901, 37.288917638245444], [-112.45894945475825, 37.28903309784679], [-112.45894510500264, 37.28903567516949], [-112.45890738365533, 37.28906263902773], [-112.45875193310212, 37.28917361510497], [-112.4585167453534, 37.289355696483895], [-112.45823419323747, 37.28961461276893], [-112.4582322014196, 37.28961662021801], [-112.45808796679592, 37.28977693972343], [-112.45801816813041, 37.28985450208017], [-112.45776281029943, 37.29018996483977], [-112.45742615698578, 37.290656308567755], [-112.45726787294073, 37.29087214118476], [-112.4572657943551, 37.2908755016669], [-112.45716965627618, 37.29106145619985], [-112.45716803924935, 37.29106535178913], [-112.45713374775825, 37.29117663644928], [-112.457037415407, 37.29154556131053], [-112.45694190258907, 37.29190438120224], [-112.45685410081875, 37.29206057939312], [-112.45679314569072, 37.292169848764686], [-112.4566915130122, 37.29229331890576], [-112.45659502475507, 37.29241447233762], [-112.45649132349473, 37.29255356061119], [-112.45648848312169, 37.29255837256807], [-112.4564338019026, 37.29268297711248], [-112.45643241732968, 37.29268723035856], [-112.45639803837771, 37.2928408779236], [-112.45639753003809, 37.292843768404765], [-112.4563702051316, 37.293164343788185], [-112.45635294833235, 37.293439548969786], [-112.45634270074235, 37.29360434628653], [-112.45632211320424, 37.293993519303626], [-112.45628133670857, 37.29426009082099], [-112.45622717669174, 37.29447617282508], [-112.456146240774, 37.29464932092502], [-112.4560662195998, 37.29477045154561], [-112.45596051460011, 37.29487603488911], [-112.45582778266207, 37.29496662820361], [-112.4556792350083, 37.295032719757366], [-112.45549678071104, 37.29511905721896], [-112.4553160607269, 37.29516075772873], [-112.45508628340069, 37.295203421730086], [-112.45493443725475, 37.295209615128094], [-112.4547451564943, 37.29518760655956], [-112.454469809389, 37.295154577884134], [-112.45438850447823, 37.29514476134643], [-112.45380545941238, 37.29505079768163], [-112.45292695087127, 37.29487492392462], [-112.45237839331479, 37.294737897282396], [-112.4521540083401, 37.29467377306506], [-112.45188286761669, 37.29456596724641], [-112.45158255883895, 37.29440209592759], [-112.45134335470809, 37.29425946664361], [-112.45131042800747, 37.294236796664556], [-112.45117597809481, 37.29414425752007], [-112.45099396587187, 37.29401886242253], [-112.45021933354528, 37.2934704405659], [-112.45021224030482, 37.2934652998326], [-112.45002456109505, 37.293332491685696], [-112.44996872636351, 37.2932918052064], [-112.44830528518708, 37.292080520093535], [-112.44705566091174, 37.291168077078034], [-112.44677889646151, 37.29096586958504], [-112.44569264915212, 37.290141366108806], [-112.4454415181166, 37.28994010408791], [-112.44526623015852, 37.289799565708265], [-112.4440835786798, 37.288851841854694], [-112.44378695688131, 37.28862499295497], [-112.44366964138757, 37.288542601186606], [-112.44366519124576, 37.2885399515074], [-112.44354127957999, 37.288478370487795], [-112.44353525567048, 37.288476010397105], [-112.44341136482008, 37.28843912521634], [-112.44325301810926, 37.28839373702682], [-112.44324577083418, 37.28839229316317], [-112.44302480983588, 37.288370201320355], [-112.44248813964026, 37.288338347722075], [-112.44202679153655, 37.288298813976674], [-112.4417992936588, 37.288294735809004], [-112.44157979052709, 37.28828398016218], [-112.44142172472894, 37.28827689229343], [-112.4412591081617, 37.28826778659374], [-112.44112568002579, 37.2882453461848], [-112.44100516615197, 37.28821391541282], [-112.4409545202507, 37.28819641550903], [-112.44070424401744, 37.28810996129497], [-112.44041617456756, 37.288005579569464], [-112.44021719541733, 37.28792931580922], [-112.44010852836718, 37.28788611287639], [-112.44002735647541, 37.28784726215663], [-112.43991767863196, 37.287792444281635], [-112.439910180149, 37.28778965128471], [-112.43982764647973, 37.28776812239206], [-112.43982390754498, 37.28776726655905], [-112.43972104649139, 37.28775049151672], [-112.43971032374577, 37.2877501713037], [-112.43960019599552, 37.287760524243225], [-112.43959468519729, 37.287761402470295], [-112.43949158179238, 37.287785189703015], [-112.43948709460184, 37.28778650613565], [-112.439349839553, 37.28783549502697], [-112.4393467040094, 37.287836704882636], [-112.43918210172619, 37.287912795475656], [-112.4390250630143, 37.28797734707048], [-112.43894085926861, 37.28801027776715], [-112.43882268456856, 37.288024603517954], [-112.43871593455549, 37.288034644174644], [-112.43859231741767, 37.28802974755075], [-112.43850913802675, 37.28800984796847], [-112.43844459454668, 37.28798521519734], [-112.43834689341662, 37.287937280601476], [-112.43828380369607, 37.28788234562169], [-112.43823722036005, 37.28781747571671], [-112.43811511519932, 37.28766086755873], [-112.43803420498492, 37.28748753488559], [-112.43797248449833, 37.28730892157113], [-112.43789012617849, 37.287089098107785], [-112.43780756348258, 37.286846653847576], [-112.43774544350786, 37.286682556543525], [-112.43774356702073, 37.286678793783295], [-112.4376468585095, 37.28651691926991], [-112.43748800353569, 37.28629027335341], [-112.4373909304495, 37.286156614458456], [-112.43683477655837, 37.285389942450976], [-112.43665600655821, 37.28514199548734], [-112.43665358341508, 37.285139140667646], [-112.43648542427145, 37.28496271983839], [-112.43648105138773, 37.28495817616607], [-112.43635701371062, 37.28484187866916], [-112.43635460600571, 37.284839834846856], [-112.43620328884839, 37.28472449919246], [-112.4361983795193, 37.28472140413705], [-112.4360183827609, 37.28462831844148], [-112.43577251963441, 37.28452386369763], [-112.43561050078048, 37.28441514662729], [-112.43546089135228, 37.284312407814575], [-112.43531319509573, 37.284179721655065], [-112.43515788506944, 37.28398466589257], [-112.43505670133985, 37.28380049054969], [-112.43500984935075, 37.283655855378775], [-112.43496895887004, 37.28343904198812], [-112.4349272829798, 37.28323431583759], [-112.43492478638228, 37.283227586178064], [-112.4348358152976, 37.28306867987334], [-112.43483096072936, 37.28306251959344], [-112.43466571400158, 37.282902374695745], [-112.43464422670071, 37.282881634319885], [-112.43440989771214, 37.282683208991415], [-112.43440726458269, 37.28268116785986], [-112.43423550004756, 37.28256382409602], [-112.43414453544355, 37.282501833739666], [-112.43205398325077, 37.28248739991736], [-112.43002184910742, 37.28246636467623], [-112.42766637047298, 37.28244198489441], [-112.42557500648918, 37.28242032585784], [-112.42327875935509, 37.28239649717853], [-112.42112811870618, 37.28238971328329], [-112.41876788282994, 37.282382158296485], [-112.4166809777663, 37.282375611053595], [-112.41425689303563, 37.28236782898795], [-112.41223377767824, 37.282376484596874], [-112.40975397122558, 37.282386941142775], [-112.40774044151942, 37.28239558598996], [-112.40525093051329, 37.282405973439616], [-112.40324729738532, 37.282419201335486], [-112.40077435895611, 37.28243533697689], [-112.39875403117543, 37.28244868636712], [-112.3962976690486, 37.28246471278571], [-112.39424731720169, 37.28247103867313], [-112.39177114347862, 37.28248945781862], [-112.38974335796189, 37.2825023804995], [-112.3872656019134, 37.28252081405784], [-112.38523955847722, 37.282536613509535], [-112.38276344038508, 37.28255844879249], [-112.38073558979117, 37.28257428236221], [-112.3782611594655, 37.28259609386197], [-112.37825155221483, 37.286200442816735], [-112.37372254189387, 37.2862133515573], [-112.37369882923583, 37.2898229110845], [-112.36915570133381, 37.289840858121146], [-112.36911786691896, 37.29344868708957], [-112.37367516861978, 37.29342895275947], [-112.37365139672563, 37.297034903531646], [-112.36908014709238, 37.29705651267168], [-112.36467192310808, 37.29705957089093], [-112.3602638096869, 37.297062643805305], [-112.35592819736169, 37.29708229764752], [-112.35594637807115, 37.30072787833525], [-112.35596456114773, 37.30437318645428], [-112.36033493476414, 37.3043558321595], [-112.36036878901004, 37.30782546695953], [-112.36037106907672, 37.30800210105011], [-112.36040443220823, 37.311412702480304], [-112.3603978228764, 37.31161575743959], [-112.35599680290291, 37.311634009575876], [-112.35145011147212, 37.31165304083435], [-112.35143532340862, 37.30802202681755], [-112.35142043097508, 37.3043911020026], [-112.3514056499562, 37.30074710450704], [-112.35139076462032, 37.29710319619768], [-112.35138206108316, 37.29348913934877], [-112.35137347813256, 37.289875169158925], [-112.35136475315562, 37.28626552488816], [-112.34682552212013, 37.286263189352816], [-112.34228628600196, 37.28626067968014], [-112.34229543232621, 37.28987401891673], [-112.34230473007457, 37.29351457456272], [-112.34231392131649, 37.297155129286764], [-112.33778780128279, 37.297153114823715], [-112.33779600797332, 37.300788272716524], [-112.33327258837751, 37.30078551593174], [-112.33328361817202, 37.30442001106727], [-112.33329453359757, 37.308054054699724], [-112.32877539279143, 37.308049999675774], [-112.32878913211036, 37.31168338073944], [-112.32879975595816, 37.315299669391386], [-112.3288103845086, 37.318915865751684], [-112.32430330775425, 37.31891619657203], [-112.32428799775067, 37.315297436585055], [-112.31972993499554, 37.31529969426641], [-112.31972151620771, 37.311681393734936], [-112.32427258165339, 37.31167867567134], [-112.32425613441283, 37.3080457732771], [-112.32877539279143, 37.308049999675774], [-112.32876154571889, 37.30441652756023], [-112.32874849176628, 37.300782864143464], [-112.32873533159128, 37.29714919979119], [-112.32873768341123, 37.29351193407531], [-112.33327654304331, 37.29351280113148], [-112.33329163779862, 37.289874580239676], [-112.33330653853147, 37.28626988904386], [-112.333321444687, 37.28266528584845], [-112.33130626551657, 37.28266543764535], [-112.33130626030362, 37.28271636310911], [-112.331268179284, 37.282725354141085], [-112.33016854488247, 37.282985044300084], [-112.3287850402683, 37.28333146547974], [-112.32828415122917, 37.28345696562287], [-112.32715686203667, 37.28374893568624], [-112.32691141246717, 37.283807210050504], [-112.32551487018567, 37.28413877719634], [-112.3242404979546, 37.28438117099473], [-112.32410614617018, 37.284406739838374], [-112.32297330279366, 37.284615178610395], [-112.32279489905946, 37.28463745278532], [-112.32278871816068, 37.28463878373763], [-112.32278333935318, 37.28464082679294], [-112.3227800986622, 37.28464257555022], [-112.32250555185789, 37.28481112891564], [-112.32248390088424, 37.28482444021157], [-112.32127213604029, 37.28566161473367], [-112.32052167248948, 37.28627000946067], [-112.320351157117, 37.28640828393126], [-112.32012586720899, 37.28654942249321], [-112.32012119009076, 37.28655289973773], [-112.3196934965665, 37.28694434245196], [-112.3192151660847, 37.287382045778585], [-112.3182126495417, 37.28810653315083], [-112.31665297211475, 37.28922740003489], [-112.31642989905941, 37.28936715495227], [-112.31562120845228, 37.289668000056565], [-112.31516311897666, 37.28985804562913], [-112.31514631975061, 37.289865082463805], [-112.31514095290822, 37.28986784610975], [-112.31512019678522, 37.28988087572467], [-112.31446885033999, 37.29029091876128], [-112.3136454636783, 37.290668887711654], [-112.3133323576956, 37.29082171407663], [-112.31302815176424, 37.290896024711614], [-112.31282958555894, 37.290934100779154], [-112.31282576631213, 37.290935044482474], [-112.31261958628586, 37.29099591830874], [-112.31261163445876, 37.290999251313465], [-112.31242463599418, 37.29110579001154], [-112.31225129247045, 37.29122560689972], [-112.3122439718735, 37.29123280862203], [-112.31206639604491, 37.29148570924899], [-112.31193284133542, 37.29162960084913], [-112.31178447826954, 37.291726336346834], [-112.31178002759415, 37.29172990088788], [-112.31177605156172, 37.29173481217041], [-112.31163107176417, 37.29198744096292], [-112.31162911659524, 37.29199178904151], [-112.31154044762522, 37.29225839522561], [-112.31141860253892, 37.292459571520936], [-112.31122693389493, 37.29273281695998], [-112.3110351725219, 37.29296829717476], [-112.3106198922598, 37.29345574228756], [-112.31057179570358, 37.293512157716926], [-112.31051938917169, 37.29357375846573], [-112.31040199495344, 37.29372612219541], [-112.31030630075006, 37.29384174147256], [-112.31030171183016, 37.29385035496524], [-112.31022609445257, 37.29410230413471], [-112.30993891071832, 37.294768775801195], [-112.30984766803665, 37.294893989712726], [-112.30941332325807, 37.2951743345717], [-112.30902944088474, 37.29537858779357], [-112.30807450539241, 37.2959046206053], [-112.30758255241464, 37.2961295325302], [-112.30728875761427, 37.296226787696675], [-112.30727958447896, 37.29623130557382], [-112.30718336919577, 37.29629771520864], [-112.30718047383588, 37.2962999103952], [-112.3067470254671, 37.29667875155595], [-112.30674314761949, 37.296682850384435], [-112.30672935785229, 37.29670093922278], [-112.30639428084459, 37.29713818091162], [-112.30633172395035, 37.29721990150784], [-112.30607838020332, 37.2974645260775], [-112.30593523014153, 37.29760283843824], [-112.30508497017061, 37.298313096691324], [-112.30433747353102, 37.29876831019122], [-112.30364316723578, 37.29917462149368], [-112.30363837577057, 37.29917809935161], [-112.30345282755229, 37.29933787690746], [-112.30345027504649, 37.299340338627374], [-112.30336102661664, 37.299438215160464], [-112.30335859779575, 37.29944130645057], [-112.30326475490152, 37.299580244252795], [-112.30306304906802, 37.29972568765876], [-112.30270700463343, 37.299976303136376], [-112.3025270495431, 37.30007463677246], [-112.30243025517835, 37.30012761905718], [-112.30217476205976, 37.30020307843026], [-112.30186043478449, 37.300262509842206], [-112.30185336219492, 37.30026457058851], [-112.30155738343292, 37.300380493302875], [-112.30155346473248, 37.3003822489411], [-112.30116149917704, 37.30059161322284], [-112.30115436652163, 37.3005967391269], [-112.30096886802409, 37.300773006702315], [-112.30053548115254, 37.301184903599946], [-112.30053117168418, 37.30119017870547], [-112.3002076514406, 37.30170551185302], [-112.30004863787926, 37.30197207113228], [-112.29998033641698, 37.30211397053894], [-112.2998300475272, 37.30233031945589], [-112.29965795353871, 37.302577823456645], [-112.29965652889415, 37.30258027270776], [-112.29954641933368, 37.30278428233887], [-112.29940189482697, 37.30304725654305], [-112.2992442836706, 37.303343182840926], [-112.29908650402602, 37.30357691868003], [-112.29892190274509, 37.30382082413822], [-112.29853831492709, 37.30436132833882], [-112.2984922634721, 37.30440635962656], [-112.29813560969902, 37.30475494321391], [-112.29801045499273, 37.304852128036366], [-112.29758977988715, 37.30517869862313], [-112.2974149650235, 37.305255516419884], [-112.29740592313742, 37.30526120383415], [-112.29719368825758, 37.3054520898858], [-112.29703999448196, 37.30556959617906], [-112.2968384783508, 37.30564886901377], [-112.29682942708685, 37.305654015686315], [-112.29639779049947, 37.305999900628485], [-112.29620088474213, 37.30611778912946], [-112.29600817396482, 37.30622373374197], [-112.29528482869308, 37.30667375878226], [-112.2952810393402, 37.3066765042668], [-112.29502899585535, 37.30688900359277], [-112.29448722277272, 37.307189307693044], [-112.29405888990263, 37.30747232500404], [-112.2938721391821, 37.30761037862879], [-112.29378887773903, 37.30767699634188], [-112.29378223842376, 37.30768464014753], [-112.29374079800257, 37.307755397352345], [-112.29370045007242, 37.30783064927086], [-112.29359371345627, 37.30796287026663], [-112.29350389394656, 37.308035328017674], [-112.29349832716682, 37.308039715278184], [-112.29349223026449, 37.308046091269695], [-112.2934090912869, 37.308133077540134], [-112.29293512249795, 37.30854557062833], [-112.29272881288696, 37.30872124156446], [-112.29272526286358, 37.30872479555416], [-112.2924024144618, 37.30911292176827], [-112.29221065340667, 37.30931466173312], [-112.29194899007727, 37.309579266603464], [-112.29172110197024, 37.309832866436494], [-112.291363559101, 37.310271302505164], [-112.29117852343182, 37.31046413432623], [-112.29099244953115, 37.31066229506056], [-112.29098771839918, 37.31066937708952], [-112.29089126678066, 37.31088224300323], [-112.29088965149872, 37.31088676729801], [-112.29075186302903, 37.31151992562431], [-112.29072996015007, 37.31166446818493], [-112.29071829364945, 37.31174111873445], [-112.29064254467775, 37.311851547276945], [-112.29042218852699, 37.31197869537594], [-112.29008551304578, 37.312160109843795], [-112.29007948984862, 37.31216423152064], [-112.28953031515492, 37.31264233694468], [-112.28896060822399, 37.31304188689717], [-112.28858682516102, 37.31329761078513], [-112.28842791432984, 37.31334918511902], [-112.28791871347315, 37.313479383445355], [-112.28757996987063, 37.31347414700512], [-112.28718131403579, 37.31346947125248], [-112.28717443778413, 37.3134699065918], [-112.28588918058412, 37.31366622163384], [-112.28475451010202, 37.31375966784938], [-112.28445199327572, 37.313801078755795], [-112.28439513840374, 37.31380890662501], [-112.28383076844668, 37.31390732837289], [-112.28372268594245, 37.313922111234106], [-112.2834196067529, 37.313963705876574], [-112.28326198738121, 37.313985334981986], [-112.2823343745709, 37.31404496543544], [-112.2818452417019, 37.31408857234474], [-112.28142425904956, 37.31413161943785], [-112.28141762364844, 37.31413295316951], [-112.28141213029055, 37.31413508573367], [-112.28081347278389, 37.31442783172781], [-112.28081034265655, 37.314429578148015], [-112.28048606286507, 37.31463192253613], [-112.28025801779326, 37.3147929351089], [-112.28005809002227, 37.314941745433586], [-112.28005497513895, 37.314944393003906], [-112.28005121690566, 37.314949030471034], [-112.27994714199723, 37.315120418537745], [-112.27993440989809, 37.31514155737306], [-112.2798409860565, 37.315268935117636], [-112.27979025048559, 37.31533825576025], [-112.27978686279306, 37.315344782014165], [-112.2797454480461, 37.315464656834855], [-112.27974430623907, 37.31547052786114], [-112.27973049897541, 37.31570114851015], [-112.27973046577318, 37.31596542022156], [-112.27973022190666, 37.316137397525864], [-112.27968538378816, 37.31626172588206], [-112.27962575625212, 37.316319154871024], [-112.27952296719901, 37.31636019564522], [-112.27945082679798, 37.316398471302584], [-112.27936535546355, 37.31643589959729], [-112.27925917008241, 37.31646300618043], [-112.27899514328097, 37.31649902971057], [-112.27856263360405, 37.31654868093545], [-112.27788866908897, 37.3166145488447], [-112.27788214318223, 37.31661570093008], [-112.27769643393442, 37.31666502662662], [-112.27769194508767, 37.3166665172373], [-112.27646842207477, 37.31715472717747], [-112.27604061708884, 37.31729607435172], [-112.2756371626313, 37.31742931583735], [-112.27544404523931, 37.31749458138421], [-112.2751838234631, 37.317582472316], [-112.27412538439592, 37.317857335494836], [-112.27270194059538, 37.31825779637239], [-112.27200025068966, 37.31842082262739], [-112.27090412242264, 37.31871075407659], [-112.2708365985766, 37.31872869488504], [-112.27029877556564, 37.31887886443059], [-112.26926783292369, 37.31916690916236], [-112.26926469020161, 37.3191679343462], [-112.26852944086086, 37.319443606505075], [-112.2680260668532, 37.31959601028551], [-112.26742280236833, 37.319633570322345], [-112.26721376185647, 37.31960489366649], [-112.26720799812811, 37.31960441459846], [-112.26696039754623, 37.31960481295503], [-112.26695487462091, 37.319605232631446], [-112.26666176077455, 37.31964406395341], [-112.26643841984145, 37.319644201491855], [-112.2663608468293, 37.31964178700892], [-112.26575267485585, 37.31962233652403], [-112.2654034101293, 37.319583529512975], [-112.26539832645143, 37.319583223350364], [-112.26539122834178, 37.31958393020154], [-112.26516024514456, 37.31963308958215], [-112.26464104752951, 37.31964314705833], [-112.26463732694782, 37.31964336709438], [-112.26448524238418, 37.319659594247966], [-112.26346052473879, 37.319768697040224], [-112.26239324612963, 37.319917633478646], [-112.26238998290353, 37.31991820909852], [-112.26181712337717, 37.32004663134306], [-112.26177912002892, 37.32005514866811], [-112.26141512647854, 37.320114191765704], [-112.26105971369402, 37.32005867263038], [-112.26078030069252, 37.31997890783556], [-112.26077554346777, 37.31997787692679], [-112.25994314393348, 37.31984478384635], [-112.25993929995506, 37.31984437411363], [-112.2594570982524, 37.31981273367273], [-112.25884960145207, 37.31977287030078], [-112.25859280703423, 37.31970250394175], [-112.25835969075231, 37.319630803583486], [-112.258356064952, 37.31962994081053], [-112.25798449428223, 37.319552681773224], [-112.25798098733505, 37.319552178259485], [-112.25771003913378, 37.319519546182406], [-112.25749670512575, 37.31944970689051], [-112.25728027378126, 37.3193361853117], [-112.25723826336622, 37.31931418845906], [-112.25723553277658, 37.31931286547055], [-112.25693968113936, 37.31918756846409], [-112.2569359350347, 37.31918625625711], [-112.25647050343399, 37.31904311037865], [-112.25614966256545, 37.31890122175659], [-112.25604842887856, 37.318853624343625], [-112.25575223869089, 37.31871453747264], [-112.25550552388194, 37.318578079525466], [-112.25549904429982, 37.31857526400664], [-112.25522422103424, 37.31848579297109], [-112.25472154924027, 37.318321943936894], [-112.25389682298996, 37.31807840303607], [-112.2536435247809, 37.31798689749517], [-112.25363231375566, 37.31798458267448], [-112.25337132948236, 37.31796706760956], [-112.25303584143677, 37.31793474790357], [-112.2513642509796, 37.31772413058674], [-112.25121064416436, 37.317716561465794], [-112.25120646780765, 37.31771651549768], [-112.2510031705757, 37.31772046789271], [-112.25099899870003, 37.317720692271045], [-112.25077811259997, 37.31773925164663], [-112.2507742822119, 37.31773965267447], [-112.2506400825331, 37.31775909803156], [-112.25063636945735, 37.31775976821604], [-112.25048792102993, 37.31779108139749], [-112.2504843252649, 37.3177920207385], [-112.25032962729252, 37.31783439608745], [-112.25032614734363, 37.3178355144672], [-112.25017244503421, 37.31789031754327], [-112.25016728898444, 37.317892445099666], [-112.25001488703771, 37.317964449772866], [-112.25001108200775, 37.31796638278143], [-112.24971707286387, 37.31813533468788], [-112.24971428034638, 37.318137076724746], [-112.24957340473237, 37.31823050104456], [-112.24953126488658, 37.318261861958455], [-112.24943985017522, 37.31832988684516], [-112.24943739913328, 37.31833180553692], [-112.24931164083488, 37.31843858996199], [-112.2493084193324, 37.3184416885249], [-112.24913803283239, 37.31862727019757], [-112.24913438234638, 37.31863172529062], [-112.2490450398183, 37.318763632803595], [-112.2490426245481, 37.31876771431882], [-112.24899890113323, 37.31885344239395], [-112.24894916402766, 37.31895086118364], [-112.24894722097024, 37.318956199584164], [-112.24890454724752, 37.31910537067836], [-112.24890370868486, 37.319109255279805], [-112.24886074068766, 37.319458886836806], [-112.24886048270793, 37.319463756780245], [-112.24886757076841, 37.319687483960195], [-112.24886785311335, 37.31969090606075], [-112.2488896453147, 37.319848410014316], [-112.24889050527086, 37.31985263722093], [-112.24893969526546, 37.32001535010791], [-112.24894099315435, 37.320018761487745], [-112.2490084198624, 37.320178667950586], [-112.24921800199758, 37.320581245666624], [-112.24925006045936, 37.32064300928185], [-112.2493391129489, 37.320834324108034], [-112.24945049930737, 37.32115438429797], [-112.24951284937367, 37.321409705470074], [-112.24952319694337, 37.32146890414538], [-112.24960098995157, 37.3219138836626], [-112.24962644881654, 37.3221768050672], [-112.2496469979112, 37.32238858239409], [-112.24964869329057, 37.32249095632408], [-112.24965349293217, 37.322780775467976], [-112.24966979028575, 37.32308336226375], [-112.24974340634623, 37.32369846785359], [-112.24975641911111, 37.32376863463334], [-112.24986861237744, 37.32437549092273], [-112.24987506096717, 37.324410484778205], [-112.24987717338136, 37.32442217983322], [-112.24990159216995, 37.32455405775469], [-112.24991486079776, 37.32462602447443], [-112.24995756637749, 37.3248057504], [-112.24999542842568, 37.32496560794848], [-112.2500329222476, 37.32512366669782], [-112.25008175492886, 37.32530531076038], [-112.25010412681767, 37.32538853809404], [-112.25014490643572, 37.3255405231221], [-112.25030335653085, 37.32609821783221], [-112.25031266483693, 37.326128674748965], [-112.25034095074454, 37.32622139368233], [-112.2503990704408, 37.326411682377305], [-112.25041721044296, 37.32647106895687], [-112.25051578753526, 37.326793786878916], [-112.250627969652, 37.327160976998265], [-112.25064073756477, 37.327202664007395], [-112.25068358509424, 37.327343089830734], [-112.25071592499327, 37.327503275840584], [-112.25072066115546, 37.32765960752249], [-112.25068361704574, 37.327896509641924], [-112.25062681941807, 37.328146960332056], [-112.25062165254778, 37.32819613774651], [-112.2505601570688, 37.32855813327545], [-112.25044369845851, 37.32902941078821], [-112.25043170508854, 37.32907532540189], [-112.25032047184756, 37.32950103009225], [-112.25023804387344, 37.329764730660614], [-112.25020524652179, 37.32986981244528], [-112.2501686274855, 37.32999629625598], [-112.24988041872871, 37.330817844267], [-112.24979571243598, 37.33102595617502], [-112.24976501990363, 37.33110145179003], [-112.24959461260383, 37.331471357240844], [-112.24945740863842, 37.331740232608084], [-112.24925929600046, 37.33210042535375], [-112.24918072894152, 37.33224321530199], [-112.24902403492989, 37.332528159457496], [-112.24899890408366, 37.332571508612226], [-112.24892100370614, 37.332706900397405], [-112.24867434479322, 37.333135024523756], [-112.2485153570903, 37.3333975489595], [-112.24832967011665, 37.333704249941796], [-112.24830015592302, 37.333741966789674], [-112.24817591299795, 37.33390101139409], [-112.24810737833438, 37.33396816288652], [-112.24770171684511, 37.33436533410083], [-112.24758460649454, 37.33449167452866], [-112.24758272365953, 37.33449385758944], [-112.24727720394019, 37.33487194449775], [-112.2470217908528, 37.33518803138294], [-112.24686581898156, 37.335353628290655], [-112.24671135358469, 37.33548748212615], [-112.24665656747062, 37.33552609583462], [-112.24653974251058, 37.33560844707738], [-112.24641946709642, 37.335680108675106], [-112.24627750483238, 37.33576461731949], [-112.24624259735498, 37.33578346244058], [-112.24592360450121, 37.335954831430506], [-112.24568645234723, 37.33607170835671], [-112.24561322265505, 37.33610772166186], [-112.24537687695941, 37.33621197079012], [-112.24517574573638, 37.33628862847033], [-112.2449723772902, 37.33635287093276], [-112.2448582831934, 37.336382013021534], [-112.24471049950498, 37.336408084416874], [-112.24458509932633, 37.33642247317824], [-112.24445447605217, 37.33642817380372], [-112.24418104587093, 37.33641951286006], [-112.24363507926566, 37.33636738814287], [-112.24354564764614, 37.33635877414917], [-112.2431899617875, 37.336324836852164], [-112.24304949123497, 37.336308376432925], [-112.24245719027508, 37.33623924723322], [-112.24210888040938, 37.336166471788005], [-112.24194895091273, 37.336119929508826], [-112.24172007541996, 37.33603373091751], [-112.24157209678734, 37.335965701029764], [-112.24097456970854, 37.335647309834336], [-112.24097161158846, 37.335645898729446], [-112.24079304044818, 37.335563947673656], [-112.24073139228737, 37.3355355712736], [-112.24072593936955, 37.33553346526029], [-112.2404784938357, 37.33545043340713], [-112.24047543028206, 37.335449474063], [-112.24047214397059, 37.33544869732179], [-112.24046308099288, 37.33544671928533], [-112.24032430151728, 37.33541626717539], [-112.24008322340434, 37.335363452601236], [-112.24010038403661, 37.335246910282436], [-112.24010073188025, 37.335241712920606], [-112.24010027391317, 37.33523652410268], [-112.24009902109619, 37.33523146801578], [-112.24009700341371, 37.33522666567024], [-112.24005839005773, 37.335150637185365], [-112.24005150606953, 37.335137009045866], [-112.24004802690723, 37.335131367101866], [-112.24004526343153, 37.33512806112822], [-112.24001078297319, 37.335090566467954], [-112.24000825855603, 37.3350880691896], [-112.24000448082003, 37.33508486398016], [-112.23991876872357, 37.33502086622931], [-112.23991568741668, 37.33501882545373], [-112.23964287244762, 37.334848087365344], [-112.23953223987053, 37.3347787621866], [-112.2394079385191, 37.33466757786564], [-112.23939407514607, 37.33465510441171], [-112.23932509082206, 37.334564882357604], [-112.23930974582262, 37.334544672927684], [-112.23925627596155, 37.33444374266766], [-112.23921793978465, 37.33434328478497], [-112.23919564784534, 37.33423689027228], [-112.23915612447512, 37.33388551289482], [-112.23915561974201, 37.33388227337264], [-112.23912614974482, 37.333744317135576], [-112.23912308070005, 37.333736147125734], [-112.23905162271046, 37.33360521041607], [-112.23904872427191, 37.333600553827246], [-112.2390459623777, 37.333597337945704], [-112.2390125136575, 37.333560733505585], [-112.23901225620467, 37.333600034449276], [-112.23899110711959, 37.33700586275014], [-112.238968627718, 37.340632890715476], [-112.24352235555095, 37.34064892206674], [-112.24807597043815, 37.340664959482794], [-112.24803926391418, 37.34426518394919], [-112.25260777939185, 37.3442748489959], [-112.25717617810189, 37.344284338747215], [-112.25716904610607, 37.34787153750141], [-112.26176959895855, 37.34789375589695], [-112.2663701508633, 37.347915885395096], [-112.26640286529981, 37.351550152732024], [-112.26643558796499, 37.35518441781814], [-112.26179507459062, 37.35511513039269], [-112.25715467890352, 37.35504574962719], [-112.2571618039512, 37.35145864522218], [-112.25256383003554, 37.351462090119], [-112.25254191227492, 37.35505548163663], [-112.24792925518896, 37.35506521278363], [-112.24792979806446, 37.3587256955183], [-112.24793045896593, 37.36238617484379], [-112.25249690957303, 37.36238891729447], [-112.252487274327, 37.366034539703094], [-112.25247753071241, 37.369693771195394], [-112.25251731159699, 37.37332228147143], [-112.24797627104827, 37.37331179567494], [-112.24342732256633, 37.37330121856249], [-112.24346880795578, 37.3769289940846], [-112.24101660871824, 37.376922938047095], [-112.24101602473561, 37.376928622551446], [-112.2410165536498, 37.37693330391373], [-112.24101762341972, 37.37693653747267], [-112.24103480818243, 37.376978719603756], [-112.24105081323916, 37.37701784959303], [-112.24107106252663, 37.37715689246802], [-112.24114239403488, 37.37764736830613], [-112.24115385976664, 37.377726294543585], [-112.2411885765856, 37.377961898159185], [-112.24118909066668, 37.377965678346186], [-112.24119087365538, 37.377971067606886], [-112.24119342929423, 37.377975367162364], [-112.24119676798031, 37.37797920783388], [-112.2412011140779, 37.37798249713347], [-112.24120601440266, 37.37798514968488], [-112.2412107869498, 37.377986902248054], [-112.24122588615408, 37.37799161093497], [-112.2412450714479, 37.377997538589796], [-112.2416486601639, 37.37813003312082], [-112.24212712755738, 37.378337541512], [-112.24230115520294, 37.37843900564891], [-112.24234699398382, 37.378595445460384], [-112.2423638680063, 37.37865295323749], [-112.24269147803007, 37.37943051234907], [-112.24276145935403, 37.37977678850436], [-112.24282219537147, 37.38007611240182], [-112.2430016389725, 37.380854326275085], [-112.24301844749756, 37.3809283289337], [-112.24302057543055, 37.38093407506806], [-112.24308680198126, 37.38105956487718], [-112.24309268634562, 37.38106707417684], [-112.24330398002648, 37.38125656529528], [-112.24352183946846, 37.3815563095892], [-112.24352842679687, 37.38156534373173], [-112.24376883426856, 37.38207440928042], [-112.24377115838296, 37.38207835067909], [-112.24404656643812, 37.382463295045625], [-112.24405024575606, 37.382467222180175], [-112.2440547081493, 37.382470690411665], [-112.2452926951009, 37.38324505926857], [-112.24537776396937, 37.383321136745295], [-112.24555528267717, 37.383578038213905], [-112.24555827856743, 37.38358161196772], [-112.24575714429918, 37.38378375789741], [-112.24607105204285, 37.384159819207575], [-112.24608618727017, 37.38419391016834], [-112.24619941809682, 37.38444950515684], [-112.246209548998, 37.38453610612443], [-112.24621379834335, 37.38457445790554], [-112.24621641864218, 37.38458263237226], [-112.24627761119471, 37.38469690671306], [-112.24628234593663, 37.384703166103115], [-112.24647505800478, 37.38489492020914], [-112.24648055198843, 37.38489927879868], [-112.24674398595008, 37.385064418783585], [-112.24687880553834, 37.385252456242334], [-112.24688248514198, 37.3852563832818], [-112.24688672046828, 37.385259763664266], [-112.2468924179858, 37.38526276809614], [-112.24717435946187, 37.38537219014124], [-112.24739333680154, 37.3854786704607], [-112.24793059064744, 37.385739884497674], [-112.24793343496337, 37.385741116336696], [-112.2481060193722, 37.385808516668384], [-112.24814683538852, 37.385824489980436], [-112.24815058320102, 37.38582571227679], [-112.24883576436471, 37.38601577804073], [-112.24901058108034, 37.386101901069935], [-112.24948925294899, 37.386378688762925], [-112.24963919814506, 37.38650428140813], [-112.25050808016078, 37.3871581114787], [-112.25051344364012, 37.387161389663866], [-112.2506600286502, 37.38723410861204], [-112.25074364249008, 37.387276397727895], [-112.25074819895028, 37.3872786929792], [-112.25075399922937, 37.38728106520561], [-112.25111282666732, 37.38742815103832], [-112.2514098998871, 37.38758400132206], [-112.25157703044992, 37.38775096072421], [-112.2516493394624, 37.38784699780208], [-112.25206378737482, 37.38839719617221], [-112.2524143519154, 37.3889230128119], [-112.25241803798511, 37.38892730013533], [-112.2524217000661, 37.38893014559003], [-112.25264473512432, 37.38908254065987], [-112.25322346768206, 37.389478129147], [-112.25349630344665, 37.38979899341536], [-112.25350020650137, 37.389802737607376], [-112.25386484240816, 37.39010081561305], [-112.25387089440503, 37.39010471726842], [-112.25438493865734, 37.39036623761388], [-112.2551813307843, 37.390922015970744], [-112.25518555327625, 37.39092458499019], [-112.25538889651841, 37.391026709532426], [-112.2557545579809, 37.39131774031431], [-112.25587987165073, 37.39149595343472], [-112.25593853739304, 37.39157942398354], [-112.25635187632494, 37.39206003601354], [-112.25655148389535, 37.39231704597094], [-112.25716368077752, 37.39302258537775], [-112.25723924145618, 37.393109661161944], [-112.25739597138278, 37.3933152091932], [-112.25751992177345, 37.39353985322567], [-112.25765609985979, 37.39378635938734], [-112.25765783925196, 37.39378904486134], [-112.25820846428822, 37.394547059670664], [-112.25821030913437, 37.39454929335105], [-112.25857464919336, 37.3949555184557], [-112.25858117924246, 37.394960947025886], [-112.25886125453282, 37.39513795986748], [-112.25913721819478, 37.39531222171109], [-112.25956231044447, 37.39566236513745], [-112.25956494148731, 37.39566432002239], [-112.26001908880778, 37.39596827476901], [-112.2600219412486, 37.395969956886496], [-112.26035914399766, 37.39615113426442], [-112.26036778413052, 37.39615437705896], [-112.26081208785556, 37.39626825408672], [-112.26102105658813, 37.39636093491148], [-112.26116668048445, 37.39644203307722], [-112.26125118261223, 37.396489172251], [-112.26169971390536, 37.39685501119243], [-112.26171029563207, 37.39514120944028], [-112.26173260976975, 37.39150583673204], [-112.2571745091999, 37.39149986064837], [-112.25720042556833, 37.387863905894726], [-112.26175492378843, 37.38787028164004], [-112.26173260976975, 37.39150583673204], [-112.26629081893486, 37.391511635844054], [-112.26627210290305, 37.39514633825536], [-112.27083379426972, 37.39515138234802], [-112.2708186814028, 37.398785502137514], [-112.27538408562216, 37.39879005856559], [-112.2799245106752, 37.39878073853851], [-112.2844649341133, 37.39877151447716], [-112.28447023374534, 37.39514381391896], [-112.2844755379935, 37.39151611119503], [-112.2844807607498, 37.387883359827306], [-112.28448610107569, 37.38425060506098], [-112.28446361139454, 37.38060832604589], [-112.28444113059454, 37.37696613490947], [-112.27990544971084, 37.376977639952436], [-112.27536976236514, 37.37698897101843], [-112.2753526989419, 37.37336023406886], [-112.279885582538, 37.373342986943456], [-112.28441868326196, 37.37332547350652], [-112.28439537786834, 37.36954132808563], [-112.27986469298956, 37.36953474728403], [-112.27991721314201, 37.36596582443641], [-112.27539651726605, 37.365943009072865], [-112.27533400536254, 37.369528082976515], [-112.27073697981433, 37.36957225194652], [-112.27080525331247, 37.365967648196516], [-112.27087340241617, 37.36237584256974], [-112.2709747024434, 37.35881486462034], [-112.27558748818137, 37.35884668374298], [-112.27545855977525, 37.36237028637315], [-112.27996994452116, 37.362382746417545], [-112.284481211279, 37.36239494542503], [-112.28899224863703, 37.362406974755594], [-112.29350576768503, 37.362418894915265], [-112.29801928150627, 37.3624305526491], [-112.30253279316176, 37.36244212818866], [-112.30593116454466, 37.36245070829395], [-112.30594263273908, 37.36593979203957], [-112.30594291183516, 37.36603406755357], [-112.30595456163348, 37.369572359591885], [-112.31049886135926, 37.36957003805021], [-112.31052393188672, 37.36957003061644], [-112.31504327162071, 37.36956772083368], [-112.31509318837064, 37.36956779665988], [-112.31958756817184, 37.369565500563276], [-112.31966244084644, 37.36956547624478], [-112.32413186234744, 37.369563285872225], [-112.32425687580348, 37.36956323799033], [-112.32866993782775, 37.36956078607506], [-112.32874706848588, 37.36956073063209], [-112.32874894119324, 37.36602391987897], [-112.33324318361257, 37.366013446552884], [-112.33323940412608, 37.369558208800356], [-112.33318260020484, 37.36955821828228], [-112.3332046980177, 37.37317389117826], [-112.33322691615827, 37.376789560599924]], [[-112.27102334389492, 37.35159586143684], [-112.2709707002769, 37.347937835878575], [-112.27557136003698, 37.347959606130075], [-112.2756439357227, 37.35164138829485], [-112.27102334389492, 37.35159586143684]], [[-112.30599343079886, 37.34084485001409], [-112.30602363020348, 37.33727624559506], [-112.30602458011118, 37.33717465531026], [-112.30605558715675, 37.333509146943484], [-112.30605546076517, 37.3335018475683], [-112.30603651561941, 37.32983256215135], [-112.30603645165283, 37.32982886740355], [-112.30601741541732, 37.32615390242534], [-112.31059649503123, 37.326153827968], [-112.31517568686603, 37.326153845337465], [-112.31975476209018, 37.32615377680657], [-112.32433383668773, 37.32615380135547], [-112.32430892727524, 37.32977570922749], [-112.32428402232203, 37.33339770509239], [-112.32425900738644, 37.33701970009829], [-112.32423399531717, 37.34064169298185], [-112.31967389483877, 37.340692475143804], [-112.31511367320029, 37.34074326308389], [-112.31055355613985, 37.340794054287734], [-112.30599343079886, 37.34084485001409]], [[-112.40067109298359, 37.35116187564842], [-112.4007655887685, 37.34752844485089], [-112.40512942085478, 37.3475364407386], [-112.40513172872863, 37.343928977735146], [-112.40968235668845, 37.34393404735497], [-112.40968879473047, 37.34032338023444], [-112.40513415478878, 37.34032151125668], [-112.40509139118079, 37.3367238630866], [-112.40504875001893, 37.33312621135], [-112.40963684753635, 37.333105516219646], [-112.41422493678598, 37.333084643155765], [-112.414119012081, 37.329493701589904], [-112.41401321413967, 37.32590266614244], [-112.40948810470175, 37.325906282717426], [-112.40496310545281, 37.32590990506459], [-112.4050059237526, 37.32951810438276], [-112.40048108672664, 37.32953011768404], [-112.39595612821086, 37.32954186912861], [-112.39591310069753, 37.32591726123629], [-112.4004381052329, 37.3259136246455], [-112.40046513652568, 37.322292695417616], [-112.40498793213999, 37.322291346288395], [-112.40952054360433, 37.32228997760583], [-112.41405326212504, 37.32228843388931], [-112.41409331018689, 37.318674109444316], [-112.41859872423221, 37.31870859227723], [-112.41863695560399, 37.315099064931054], [-112.42314055030509, 37.31513817538399], [-112.42317719155925, 37.31153344256276], [-112.42767897332078, 37.311577451229795], [-112.4321807581435, 37.311621468691186], [-112.43664248646668, 37.31164768457963], [-112.43662610347866, 37.31523946126398], [-112.43660983737999, 37.318831234492016], [-112.43659345909045, 37.32242282678172], [-112.43657708314664, 37.326014326874244], [-112.43207287120856, 37.32600070801634], [-112.43211549502173, 37.32957788320326], [-112.43215812843661, 37.33315505619011], [-112.43220077316606, 37.336732317087694], [-112.43224342578941, 37.34030948567403], [-112.43673786045493, 37.34033384477019], [-112.43672220864306, 37.34393208570784], [-112.43670655754471, 37.347530144328566], [-112.43221766124353, 37.34754655034391], [-112.43223054043489, 37.34392797401605], [-112.42770542833401, 37.34392247296933], [-112.42770822339118, 37.3402961734215], [-112.42317302032829, 37.340282867438646], [-112.41870822706908, 37.34030396476047], [-112.41424331806229, 37.34032516525758], [-112.41423275218361, 37.34393885444159], [-112.41870653342151, 37.34392782109664], [-112.41870495643776, 37.34755158381395], [-112.41862321914454, 37.34755157275681], [-112.41863802702623, 37.35116999938961], [-112.41857098224234, 37.35478832415224], [-112.41488131879801, 37.35478430165632], [-112.41422069184641, 37.35478400107189], [-112.41035176076554, 37.35478765895798], [-112.40967273653916, 37.35478773260312], [-112.40580369073777, 37.35479142325796], [-112.40512466731366, 37.354791560898676], [-112.40125561799633, 37.354795192861296], [-112.40057659369319, 37.354795304386066], [-112.40067109298359, 37.35116187564842]], [[-112.4636036251568, 37.326005263312894], [-112.4591032730687, 37.326021468613824], [-112.45912903333458, 37.32964083194537], [-112.45915480012759, 37.33326010296129], [-112.45917995466564, 37.33680646314699], [-112.4592052299948, 37.34035281982286], [-112.45471314654594, 37.340379939916126], [-112.454684071348, 37.33681289691323], [-112.45465500277666, 37.33324576164835], [-112.454625690205, 37.32964212406818], [-112.4545964972633, 37.32603839279442], [-112.45679876229173, 37.32603013108052], [-112.45679822811763, 37.326002467272325], [-112.45672867513217, 37.32244105341296], [-112.4590673300532, 37.32242953863357], [-112.46102309712012, 37.32242018311361], [-112.46102279701486, 37.322404684191945], [-112.46098884126388, 37.3206334773784], [-112.46154599094244, 37.32062668580638], [-112.46352263474682, 37.32060224987147], [-112.4634959050203, 37.31881085505963], [-112.4679491224953, 37.31878407521769], [-112.46791164719929, 37.31517486131115], [-112.47026509489373, 37.315152488272155], [-112.47026505898336, 37.315139059115715], [-112.47026106810594, 37.31318469561737], [-112.4723412376312, 37.31315558273554], [-112.47474540351855, 37.313121854405], [-112.47474590649269, 37.31317069943129], [-112.47474696146615, 37.3132824493919], [-112.47476438426864, 37.315109739056595], [-112.47477907254255, 37.31665837570439], [-112.4747803231174, 37.316785896174615], [-112.47239219735108, 37.316814829923715], [-112.47241889950897, 37.31874448343752], [-112.47248669232117, 37.32234592378532], [-112.47255449388088, 37.32594718161144], [-112.4748016448814, 37.32592612851637], [-112.47480149132839, 37.32593559422336], [-112.47476458654724, 37.33323885333895], [-112.47707082877508, 37.33322125462393], [-112.47709878054027, 37.3368270550858], [-112.47712662794689, 37.340432854763115], [-112.47261295335093, 37.34037115402493], [-112.47262756893596, 37.3368131329975], [-112.47058137975795, 37.3368064126705], [-112.47056901422833, 37.33332984262421], [-112.47056876273079, 37.33327062948693], [-112.46821353224838, 37.33328843903485], [-112.46815423249659, 37.329638765160475], [-112.46365472728186, 37.3296398127933], [-112.4636036251568, 37.326005263312894]], [[-112.44558438877161, 37.35476587116426], [-112.44564282670022, 37.35113142398482], [-112.44570126132733, 37.347496794507535], [-112.45020706867972, 37.34747984941546], [-112.45469038346415, 37.34747932298642], [-112.4546333182113, 37.3511039316664], [-112.4501088241907, 37.35111722059491], [-112.45001068891476, 37.3547545883389], [-112.45457625152576, 37.35472844817085], [-112.45473381867671, 37.35818853730234], [-112.4548912909466, 37.361648535232874], [-112.45500522171513, 37.36522100937797], [-112.45511936711412, 37.36879789506921], [-112.45097829997549, 37.36861615120857], [-112.450780874669, 37.36514924983251], [-112.45058335992289, 37.36168234715606], [-112.45029706593664, 37.35821851371908], [-112.4458215736782, 37.35827178068724], [-112.44558438877161, 37.35476587116426]], [[-112.52204333052191, 37.28974524829061], [-112.52200331535695, 37.28614645644525], [-112.52648722381662, 37.286145486535204], [-112.53097101160849, 37.28614425804978], [-112.53545142473466, 37.28614362440308], [-112.53551090328143, 37.2897526984525], [-112.53557505802789, 37.29336369257405], [-112.53108182095421, 37.293359453536574], [-112.53102638139383, 37.28975041520613], [-112.52653485787526, 37.28974787195456], [-112.52204333052191, 37.28974524829061]], [[-112.51985021205572, 37.23901637823134], [-112.51984949065995, 37.23794192266223], [-112.52438622948382, 37.23794651018021], [-112.52892296640461, 37.2379511040259], [-112.53345970141574, 37.237955704198576], [-112.53799643634176, 37.23796040080555], [-112.5380004929729, 37.241582658291556], [-112.53800466882578, 37.24520491216335], [-112.5380087384821, 37.24882716534929], [-112.53801292737235, 37.25244941492062], [-112.53347177602781, 37.25244217064306], [-112.52893062489828, 37.25243502242943], [-112.52438958125028, 37.25242769850419], [-112.51984842510714, 37.25242047210037], [-112.51984899290187, 37.24880085649748], [-112.51984945396869, 37.24518124020284], [-112.51984992103085, 37.24156162176936], [-112.51985021205572, 37.23901637823134]], [[-112.63906418325251, 37.25222011500095], [-112.63633450696598, 37.252221196161045], [-112.63401444723682, 37.25222196870318], [-112.63178120543853, 37.25222276084191], [-112.62896448523827, 37.252223970461145], [-112.62897721048103, 37.2487727823933], [-112.62897713100129, 37.24860153517896], [-112.62898977161386, 37.24515665549211], [-112.62898966932931, 37.2449790993436], [-112.62900231493101, 37.241534217656465], [-112.62900232028416, 37.24144543875556], [-112.6290157670404, 37.23791185541587], [-112.63356615173053, 37.23791423165984], [-112.63396747033997, 37.23791428173865], [-112.63811404497855, 37.23791619695407], [-112.63891701910191, 37.23791626023013], [-112.64265990140686, 37.237917925539065], [-112.64346174743473, 37.23791797361924], [-112.64720575341175, 37.23791956963314], [-112.64800590786686, 37.23791961044753], [-112.64804781822656, 37.241355706209866], [-112.6480491730419, 37.24144897247846], [-112.64809188691406, 37.24497843032306], [-112.64813562432373, 37.24860097668944], [-112.64817937248316, 37.25222352080884], [-112.643616722103, 37.2522199930381], [-112.63906418325251, 37.25222011500095]], [[-112.58828451979774, 37.23430842777898], [-112.58828076815122, 37.230685916826964], [-112.58374322020438, 37.23069568325896], [-112.58373919640997, 37.22707100845026], [-112.5837351774273, 37.22344624138737], [-112.58374050937279, 37.219820986676126], [-112.58374573257008, 37.216195641237604], [-112.58828409023455, 37.21618533163722], [-112.59282244030634, 37.216174848094205], [-112.59733225440807, 37.21617412936893], [-112.60184194944578, 37.21617324037874], [-112.60185169129282, 37.21254648760576], [-112.60636356798615, 37.212547201577], [-112.60635174880152, 37.21617208797482], [-112.61086154358782, 37.2161708538886], [-112.61540124566994, 37.21617174388788], [-112.61539027149773, 37.21979454024624], [-112.61537941153733, 37.22341715274848], [-112.61538781579203, 37.22703904974235], [-112.6108449772719, 37.22703793806531], [-112.61085631126316, 37.23065907460699], [-112.60634684901291, 37.23066355736512], [-112.60635605324073, 37.234284452944166], [-112.60184467228423, 37.234288521901796], [-112.59733317564124, 37.23429260066069], [-112.59282167221778, 37.23429650748096], [-112.58828451979774, 37.23430842777898]], [[-112.75177878288387, 37.26927480925152], [-112.75177384271711, 37.265654945561046], [-112.74725884622522, 37.26565742329196], [-112.74274384877722, 37.26565999904034], [-112.74274580505474, 37.26928171430288], [-112.73822958807999, 37.26928494914656], [-112.7337042519121, 37.26928408928477], [-112.7291787962421, 37.26928305798767], [-112.72465333795652, 37.269282033797516], [-112.72464936694811, 37.26566250138692], [-112.72917582589426, 37.26566252200684], [-112.72917870387849, 37.262040997272365], [-112.73370492049045, 37.262040039236844], [-112.73370756552788, 37.25841752669376], [-112.73371010036608, 37.25479483348992], [-112.72918424804351, 37.25479767446148], [-112.72465828197433, 37.254800614287504], [-112.72013241938382, 37.254803289281675], [-112.72013556624913, 37.2511835527644], [-112.72014032422125, 37.24755504825197], [-112.72014508655744, 37.24392645152269], [-112.72014985735414, 37.24029794277625], [-112.72015463251441, 37.23666934181308], [-112.72014802066492, 37.23304532062705], [-112.72014130362227, 37.22942129893897], [-112.72013470674787, 37.22579727347469], [-112.72012800468941, 37.22217324750821], [-112.72465861223662, 37.22216773045053], [-112.72918910369413, 37.22216222185142], [-112.73371970438994, 37.222156718423754], [-112.73825018898373, 37.22215122346196], [-112.7382665603742, 37.22577077087859], [-112.74277756547481, 37.225766647989275], [-112.7427895889875, 37.229388327389685], [-112.74729645389925, 37.22938607363526], [-112.75180331164941, 37.229383648282834], [-112.75180707506166, 37.233009317829215], [-112.7563096823504, 37.23300885429926], [-112.76084046248369, 37.23299851705876], [-112.76084066226389, 37.23663135277935], [-112.76537222849808, 37.236626235646106], [-112.76536451261057, 37.240262880283744], [-112.76535680306306, 37.243899522807745], [-112.76534920414896, 37.24753580114671], [-112.76079557548026, 37.24754629995215], [-112.76078058837945, 37.25118431059244], [-112.76534149887634, 37.25117207905291], [-112.76534149136344, 37.25479490106001], [-112.76534149087784, 37.25841772095067], [-112.76534148900615, 37.26204017833511], [-112.76080657035445, 37.26203941231521], [-112.76081516520837, 37.265657506113584], [-112.7562888340769, 37.26565238565059], [-112.75629543302705, 37.26927123077225], [-112.75177878288387, 37.26927480925152]], [[-112.80898209090364, 37.19441868047105], [-112.8089877091873, 37.19804331740511], [-112.80899333306668, 37.20166786211629], [-112.80899896684397, 37.20529249479692], [-112.8090046062181, 37.20891703525461], [-112.80447841543861, 37.20890650879734], [-112.79995222089518, 37.20889589934954], [-112.7954260268808, 37.208885387105035], [-112.79089982912599, 37.208874791871544], [-112.79089949632349, 37.207654717989456], [-112.79089668234211, 37.20525705290302], [-112.79089592488248, 37.20403797618978], [-112.79089320506928, 37.20163931692987], [-112.79089247138948, 37.20042114047544], [-112.79088962473917, 37.198021670641836], [-112.79088891483498, 37.19680439444731], [-112.7908861644817, 37.19440402053551], [-112.7954100944916, 37.194407720437695], [-112.79993413256126, 37.19441133585876], [-112.80445805771457, 37.19441505041043], [-112.80898209090364, 37.19441868047105], [-112.80898846627535, 37.19140962095984], [-112.8089966934643, 37.18778395772925], [-112.80900793734173, 37.184156984620905], [-112.80901918951007, 37.18053009952207], [-112.81355014125546, 37.18053282777847], [-112.81808120300653, 37.180535561119314], [-112.82261214955682, 37.18053830299603], [-112.82714309349997, 37.18054105168375], [-112.82712220347146, 37.184162038630404], [-112.82710132088471, 37.18778311361718], [-112.82708104573335, 37.19140579957998], [-112.827064214657, 37.194432678445644], [-112.8225436890549, 37.194429235150814], [-112.81802315880526, 37.19442570934177], [-112.81350262608609, 37.19442219111491], [-112.80898209090364, 37.19441868047105]], [[-112.75626604399044, 37.19677110921738], [-112.75625779665958, 37.19314765158225], [-112.75975255572048, 37.19315796770878], [-112.7607861779876, 37.193160992138274], [-112.76427947087768, 37.19317128648304], [-112.76531460985937, 37.19317172512696], [-112.76880790053535, 37.193181975937684], [-112.7698428759459, 37.193185081300676], [-112.77333627924693, 37.19319537699032], [-112.77437129221839, 37.19319528764241], [-112.77437566446605, 37.19680869795287], [-112.77438004626764, 37.20042219624698], [-112.77438443551492, 37.2040356924266], [-112.77438883009849, 37.20764909639389], [-112.76986436384057, 37.20764722333723], [-112.7653398928856, 37.20764526745736], [-112.76081530670658, 37.207643320527886], [-112.75629083059668, 37.207641379195465], [-112.75628255991408, 37.2040179279747], [-112.75627429910443, 37.20039456471447], [-112.75626604399044, 37.19677110921738]], [[-112.71912485539228, 37.193158249938016], [-112.72010287218639, 37.19315829083137], [-112.72365307002546, 37.19315354582035], [-112.72464290877704, 37.19315328701725], [-112.72463808044631, 37.19677857608947], [-112.72167023751908, 37.19677993565999], [-112.72463713866385, 37.19950493829052], [-112.72463695297553, 37.20004139582349], [-112.72076146641433, 37.19677998373213], [-112.72010337635359, 37.19677989940206], [-112.71555918345446, 37.196785242254236], [-112.71101487041815, 37.196790412347625], [-112.70647664211685, 37.19679577091945], [-112.70194075542769, 37.19680020076364], [-112.70194238822815, 37.197705808607054], [-112.70194808595271, 37.20042298041036], [-112.70196244283856, 37.20405223656622], [-112.70197669525265, 37.207681492174466], [-112.69747084237294, 37.207687669360766], [-112.69296498812095, 37.207693945383035], [-112.68845913047866, 37.2077002301406], [-112.68531749023153, 37.20770460242968], [-112.68395338009766, 37.207706431930205], [-112.68395312677801, 37.20752265926588], [-112.68394913038784, 37.20514245695327], [-112.68394872283912, 37.204515694377434], [-112.6839483812117, 37.20407441965539], [-112.68394702925582, 37.20326317297159], [-112.68394384620622, 37.2013807492525], [-112.68394326889661, 37.2004420464254], [-112.68393821986528, 37.19761850343833], [-112.68393780989959, 37.196808955033006], [-112.68393225141952, 37.19385571950847], [-112.68394583187461, 37.19316872985755], [-112.68744890796681, 37.19317186976602], [-112.68843934007378, 37.19317271649951], [-112.69195322952146, 37.19317583931445], [-112.6929327154056, 37.193175903502926], [-112.69644660402454, 37.19317907316872], [-112.69742678241877, 37.19317990141745], [-112.70094010509528, 37.19318303589738], [-112.70094400452606, 37.19134341463012], [-112.70095560502533, 37.18771792393908], [-112.70097473802294, 37.184091511886514], [-112.70099398656049, 37.18046500603118], [-112.70552375301676, 37.18045728606297], [-112.71005351580789, 37.1804495730536], [-112.71458338753334, 37.180441865372494], [-112.71911314297448, 37.180434166274644], [-112.71911713613002, 37.18405879625567], [-112.71912113856122, 37.1876835142051], [-112.71912390325636, 37.191307977700944], [-112.71912485539228, 37.193158249938016]], [[-112.66528603412422, 37.19693901216215], [-112.66528458211634, 37.198016458085924], [-112.66528076565355, 37.201637251397095], [-112.66526910368458, 37.205254547765485], [-112.66525744721119, 37.20887184203935], [-112.66073635379854, 37.208881161759514], [-112.65621514004499, 37.208890310434995], [-112.65169392649769, 37.20889964689533], [-112.64717281990576, 37.20890889926414], [-112.64717146193941, 37.20528555981369], [-112.64716999997891, 37.2016623099009], [-112.64716729397132, 37.19803853446287], [-112.6471644450085, 37.19388938402479], [-112.65165291286033, 37.193886635145304], [-112.65169594914248, 37.19388657579052], [-112.65614126522499, 37.19388389791786], [-112.65622733962307, 37.19388386603392], [-112.66020713132988, 37.19388141526492], [-112.66062972735574, 37.19388116919625], [-112.66075883974477, 37.193881161504684], [-112.66161248073031, 37.19388063551984], [-112.6651180759677, 37.193878542237], [-112.66529022622218, 37.19387855545953], [-112.66528774081321, 37.195693648453506], [-112.66528603412422, 37.19693901216215]], [[-112.59274155320797, 37.194266984890454], [-112.59275874038762, 37.19808753343458], [-112.59277420736625, 37.201702512222646], [-112.59280380683309, 37.20530864623722], [-112.59283330274549, 37.2089147795781], [-112.58829480242426, 37.2089295875629], [-112.58375629775794, 37.20894440183091], [-112.5792176742189, 37.20895913377803], [-112.57467916088726, 37.208973960609235], [-112.57467689858589, 37.20536790277784], [-112.57467464271039, 37.201761842824084], [-112.5746725040283, 37.19815568914338], [-112.57467014836273, 37.19454962644275], [-112.57911609273805, 37.19448097195753], [-112.5791942610819, 37.194479929778154], [-112.58356225767176, 37.19441259825856], [-112.58371847747934, 37.19441032927678], [-112.5881519694118, 37.19433987966137], [-112.58824252509804, 37.1943385752808], [-112.59274155320797, 37.194266984890454], [-112.59273660292965, 37.19117327369374], [-112.59272999780218, 37.18756078358632], [-112.59271676836208, 37.18395973713914], [-112.59270354644282, 37.18035868855196], [-112.59721500402655, 37.18035004187463], [-112.60172645806428, 37.180341403577046], [-112.60623790664155, 37.18033268355262], [-112.61074924095182, 37.18032406354433], [-112.61093411210166, 37.18395233051875], [-112.61111241974007, 37.187578070426845], [-112.61129086347889, 37.191203805993645], [-112.61142460229978, 37.193955058989474], [-112.61087657917422, 37.193964586614754], [-112.60646210498327, 37.1940525738641], [-112.606348806363, 37.19405456115038], [-112.60182114619157, 37.19414517224233], [-112.60149960436753, 37.194150692024934], [-112.59729375852521, 37.194206584112564], [-112.59712051741195, 37.19420837946976], [-112.59276644519859, 37.194266650159285], [-112.59274155320797, 37.194266984890454]], [[-112.5379737072847, 37.19816264768646], [-112.53796765880702, 37.19454390649106], [-112.53866112108638, 37.19454391338324], [-112.5425262875753, 37.19454546619803], [-112.5432086070788, 37.19454604222297], [-112.54706926672196, 37.19454768566921], [-112.54775609264081, 37.19454826675109], [-112.55161213295051, 37.19454450457316], [-112.5523409619534, 37.194544058147024], [-112.55615486328719, 37.19454033971641], [-112.55615397858732, 37.198163218608855], [-112.5561530999983, 37.2017860953643], [-112.55615222752066, 37.205408969982656], [-112.55615136115505, 37.20903184246381], [-112.55161144092838, 37.20902858797613], [-112.54707163307457, 37.209025428255984], [-112.54253170859937, 37.20902218603568], [-112.53799189649989, 37.20901903859345], [-112.53798582613015, 37.20540021373779], [-112.53797976427788, 37.2017814768412], [-112.5379737072847, 37.19816264768646]], [[-112.48379830878271, 37.19458295049556], [-112.48383624560631, 37.1982073583601], [-112.48387419020676, 37.201831673874196], [-112.48391214434938, 37.20545598714874], [-112.48395010980067, 37.209080388294474], [-112.48366703951125, 37.20908059993326], [-112.47937974988498, 37.20908429850484], [-112.47480938877403, 37.2090883026479], [-112.47023902296144, 37.20909222050208], [-112.46566865595706, 37.20909623229051], [-112.4656867302995, 37.20548671675796], [-112.46568684563748, 37.20546355110447], [-112.46570488859123, 37.201846372575105], [-112.46570492853128, 37.20183095929896], [-112.46570593230676, 37.20159155302061], [-112.46569929666786, 37.198207041277776], [-112.46569925771318, 37.19819920016453], [-112.46569245121556, 37.19456664179173], [-112.46652137781942, 37.19456827924666], [-112.47024175244138, 37.19457894233817], [-112.47105491730017, 37.194581194353226], [-112.47476030372485, 37.19459172129693], [-112.47558868123495, 37.19459411328842], [-112.47557550238504, 37.191404912589526], [-112.47103843373833, 37.191380224956724], [-112.46650113690757, 37.19135536622898], [-112.46650384653601, 37.191763366426095], [-112.46095061175225, 37.19176042290739], [-112.46094862391028, 37.18813753345314], [-112.46094521049069, 37.18450465468038], [-112.46094185358419, 37.180874386993224], [-112.46644426263934, 37.18087084688195], [-112.46644217977584, 37.180465992888955], [-112.47098627187138, 37.18045084642233], [-112.47553047236818, 37.18043570447627], [-112.48004399059617, 37.18041860826106], [-112.48006268912134, 37.184083917668346], [-112.48457990595016, 37.1840779571021], [-112.48455750445139, 37.18040152031067], [-112.48907231166326, 37.180375951784555], [-112.49358700085736, 37.18035039286568], [-112.4981086090236, 37.18033322709433], [-112.50263010013767, 37.18031607039681], [-112.5026082577267, 37.183961059581605], [-112.50258619579988, 37.18760613960613], [-112.5025857938365, 37.1913377408403], [-112.50259525985975, 37.194543739776854], [-112.50172997536127, 37.19453794873221], [-112.49808003553866, 37.194544690033986], [-112.49726263372881, 37.19454457002405], [-112.49358520450923, 37.19455152021912], [-112.49279587001524, 37.19455209703699], [-112.48911411136682, 37.19456247808972], [-112.48832928481939, 37.19456314871686], [-112.48464301645738, 37.19457353751311], [-112.48379830878271, 37.19458295049556]], [[-112.4294277017377, 37.198179474884235], [-112.42941721961303, 37.19455253128695], [-112.4337748214489, 37.19455547718422], [-112.43392083975893, 37.19455551228256], [-112.43827956630794, 37.19455845900625], [-112.43842445802304, 37.19455850222917], [-112.44284458802707, 37.19456152664601], [-112.44298846407486, 37.19456148652104], [-112.4473493290284, 37.19456452390351], [-112.44749196584117, 37.194564493447395], [-112.44750355983764, 37.19819844446089], [-112.44751504809199, 37.20183239466321], [-112.4475266559042, 37.20546634130083], [-112.44753815624355, 37.20910019701505], [-112.44301844536295, 37.20909027663471], [-112.43849861900391, 37.20908027519121], [-112.43397890422108, 37.209070280056466], [-112.42945907739364, 37.20906038407693], [-112.42944857515045, 37.20543344701564], [-112.42943819056943, 37.201806416302915], [-112.4294277017377, 37.198179474884235]], [[-112.54340340567096, 37.16594999864956], [-112.53904864159672, 37.16598654809151], [-112.5389047709432, 37.16957146968647], [-112.53876100528839, 37.1731563878569], [-112.53874313760252, 37.17679555106964], [-112.53872527438298, 37.18043471215896], [-112.53427443763877, 37.18035183434391], [-112.53429471591802, 37.176737967859474], [-112.53431511094729, 37.17312409782679], [-112.53439864504756, 37.16949660916627], [-112.53448217545849, 37.16586902837205], [-112.52991561012414, 37.16575160407051], [-112.52530042919878, 37.16575315438274], [-112.52068524539582, 37.16575470510121], [-112.52068403820884, 37.16211433267247], [-112.52068283905524, 37.15847404818861], [-112.52068557745486, 37.15487823692762], [-112.52068820898498, 37.15128242500724], [-112.5252159064184, 37.151330590573394], [-112.52974371971638, 37.151378761735685], [-112.53427085539806, 37.1514266783539], [-112.53423610518536, 37.14780674801293], [-112.53420122815635, 37.14418564548113], [-112.53867990395419, 37.14421915311779], [-112.53870405122713, 37.14056510795805], [-112.5342086589425, 37.14054055846923], [-112.53421602086496, 37.13689736307001], [-112.53872831313328, 37.13691096909873], [-112.53874428947721, 37.133264416807584], [-112.53876026866813, 37.12961777227202], [-112.53875129035002, 37.12599470411682], [-112.53422118974308, 37.12599799785357], [-112.53421459793182, 37.12237615616334], [-112.53874220648461, 37.12237163526289], [-112.53867391568647, 37.118742482768894], [-112.53860563755548, 37.115113327940755], [-112.53860455367109, 37.11148383961497], [-112.53860347786072, 37.107854439250175], [-112.54314802252433, 37.107862157294406], [-112.54314565729148, 37.105421908135135], [-112.54769171938503, 37.10543403036367], [-112.54769267807517, 37.107869879809314], [-112.54847007814453, 37.10786937200486], [-112.54985213800268, 37.10786861668267], [-112.54995623332569, 37.107868517566246], [-112.55223486664059, 37.107867094906844], [-112.55677716298399, 37.10786422456481], [-112.55677839207533, 37.105445024041785], [-112.55677971791206, 37.101820915287696], [-112.56131171048196, 37.10182720358107], [-112.56130918067163, 37.10545339916783], [-112.56584018717069, 37.10546150798659], [-112.57037188199605, 37.10547033570818], [-112.5745305071932, 37.10547826734574], [-112.57453092407921, 37.10575929759831], [-112.57907214204947, 37.105754596493405], [-112.58361324248514, 37.10574981300875], [-112.58361628093567, 37.10785735765607], [-112.5881578208905, 37.10785158162577], [-112.59269935943342, 37.10784590190181], [-112.59269544704254, 37.10574089549515], [-112.59268834464761, 37.102118539281534], [-112.59268106767745, 37.09849825642314], [-112.58814185110562, 37.09849677817139], [-112.58360263022821, 37.09849521618354], [-112.57906340693853, 37.09849366056821], [-112.57452428814035, 37.09849183950607], [-112.57452387415914, 37.098210899028444], [-112.5745209810371, 37.09485815228155], [-112.57905915915842, 37.09486305271474], [-112.57905682654247, 37.09123223702397], [-112.5790546110691, 37.087601327577794], [-112.57905239651247, 37.08397014565691], [-112.583579588714, 37.08398124500239], [-112.58810666907759, 37.08399244325363], [-112.59263385501136, 37.08400337696822], [-112.59264716226402, 37.08762827398732], [-112.59716088870529, 37.087625603174196], [-112.5971755358698, 37.091250116853736], [-112.60169070417082, 37.09124707158908], [-112.60170658280084, 37.09487138355199], [-112.60622308244055, 37.094868055241434], [-112.60620575516624, 37.09124394597276], [-112.6061884340393, 37.087619744422106], [-112.61070225285494, 37.087616556475616], [-112.61068360201689, 37.08399246391961], [-112.61066495937145, 37.080368369186196], [-112.61518494800083, 37.080390078238494], [-112.61970482414546, 37.08041179663697], [-112.6197202089202, 37.08403701158715], [-112.62423851051824, 37.08405920720905], [-112.62425232856627, 37.0876848893995], [-112.62876904981694, 37.087707292153155], [-112.62875692075492, 37.08408122900175], [-112.6287446888093, 37.08045525534019], [-112.62873390333773, 37.076828178156845], [-112.62872312539285, 37.073201098814295], [-112.6287122444542, 37.069574108963685], [-112.62870148156505, 37.065947025302826], [-112.63323923234454, 37.06595086554368], [-112.6377769808964, 37.06595471230942], [-112.64231472721399, 37.06595856559936], [-112.64685258373102, 37.06596242385116], [-112.64686103811832, 37.06959358483978], [-112.64686961429881, 37.07322483221614], [-112.64687819593517, 37.07685598732982], [-112.64688678692647, 37.08048723039244], [-112.64235123639297, 37.080479204507], [-112.63781568412602, 37.080471185275584], [-112.63782907549054, 37.084099571059056], [-112.63784247273325, 37.087727864569864], [-112.6333057649007, 37.08771771024679], [-112.62876904981694, 37.087707292153155], [-112.62878129900994, 37.091333351597726], [-112.6287934433824, 37.09495941042565], [-112.62881246113619, 37.098585553028094], [-112.6333519798049, 37.098596735268444], [-112.63337254905498, 37.102221769854744], [-112.62883137663464, 37.10221178510285], [-112.6243182898179, 37.10218916363506], [-112.61980531175439, 37.10216636871091], [-112.61528918010882, 37.10214344479478], [-112.61527111054237, 37.09851602059946], [-112.61075642042697, 37.09849254145176], [-112.6107731553735, 37.10212025709243], [-112.6107927890244, 37.105746308884854], [-112.61080509002207, 37.10788896128087], [-112.60627863121273, 37.10787818586006], [-112.60175228359454, 37.10786741622109], [-112.5972258221644, 37.1078566554095], [-112.59269935943342, 37.10784590190181], [-112.59270056418048, 37.11148167380023], [-112.59270177542886, 37.115117443547554], [-112.59270288065777, 37.1187532126556], [-112.59270399426683, 37.12238906972016], [-112.59725923177784, 37.12239951662329], [-112.59724985977662, 37.12601315774723], [-112.60178111871866, 37.12601861409655], [-112.60174777461219, 37.129627347649176], [-112.60171582452607, 37.133232635313625], [-112.59722264324569, 37.13324361260643], [-112.59720468347571, 37.136860337764624], [-112.5927254841446, 37.136882765539475], [-112.58817399429847, 37.13689400506755], [-112.58362238792748, 37.13690525149962], [-112.58362636900978, 37.133272755190454], [-112.583630356049, 37.1296402567441], [-112.58363526218037, 37.125997558935794], [-112.57909740412539, 37.126010784697854], [-112.57909711225201, 37.12964765450274], [-112.57909613082164, 37.13328353996651], [-112.5790951537561, 37.136919333174134], [-112.5745678009424, 37.136933333503784], [-112.57457784456567, 37.140567808605226], [-112.57458789545939, 37.14420228153405], [-112.57043196555402, 37.14420947968761], [-112.57043501197523, 37.14521703443167], [-112.56815839224141, 37.14523366358018], [-112.56813595054068, 37.14425592872506], [-112.56813484533053, 37.144213310496816], [-112.56591451006607, 37.144217073580776], [-112.56134402017405, 37.14422465312586], [-112.56137214845657, 37.1478542963994], [-112.56140028566816, 37.15148393745898], [-112.55685281073514, 37.151487709776376], [-112.55685839401069, 37.155125940522694], [-112.55686398222419, 37.15876407899182], [-112.55686949133968, 37.1623705798227], [-112.55687500712126, 37.1659770785225], [-112.55231669821971, 37.16594531519888], [-112.54775827612437, 37.16591346795093], [-112.54340340567096, 37.16594999864956]], [[-112.62894562098288, 37.15502048475785], [-112.6289536351428, 37.1514004019602], [-112.63349102792812, 37.15140670825194], [-112.63802841880948, 37.151413020941675], [-112.6425658077803, 37.15141934002856], [-112.64710319287911, 37.151425575407174], [-112.64710843610362, 37.15505105434944], [-112.64711379701826, 37.15867643947856], [-112.64711905438445, 37.16230191413348], [-112.64712420427583, 37.165927298105466], [-112.64257355884354, 37.16591566822037], [-112.63802291015429, 37.16590395356917], [-112.63347214758166, 37.16589224580963], [-112.6289214963104, 37.165880541833666], [-112.62892949527725, 37.1622605554685], [-112.6289374980212, 37.15864047688884], [-112.62894562098288, 37.15502048475785]], [[-112.73720074066219, 37.15503361691833], [-112.73719179652053, 37.15142473607623], [-112.7417103715007, 37.15143789620663], [-112.74622894734408, 37.15145115422901], [-112.75074763246572, 37.151464328278934], [-112.7552662038045, 37.151477511777685], [-112.75526544286642, 37.15509698066124], [-112.7552645762593, 37.158716449102734], [-112.75526371446047, 37.16233582533518], [-112.75526297422032, 37.16595528788933], [-112.75074909861513, 37.165943847034626], [-112.74623533210827, 37.165932322549516], [-112.74172145369342, 37.1659208979576], [-112.73720768440043, 37.16590938974545], [-112.73720863080257, 37.16227603468056], [-112.73720969457966, 37.158642585736835], [-112.73720074066219, 37.15503361691833]], [[-112.41106488766536, 37.15204977123914], [-112.41106606081512, 37.15185236265424], [-112.41560985788834, 37.15185071715435], [-112.42015376671037, 37.151849166389106], [-112.42469755874963, 37.15184753282333], [-112.42924134995559, 37.15184599533982], [-112.42925383266504, 37.155463926099856], [-112.42926621134636, 37.15908194616038], [-112.42927859518593, 37.162699873935814], [-112.42929098757854, 37.16631788965362], [-112.42470329687109, 37.166324922099236], [-112.42011571547248, 37.16633195576829], [-112.41552801818874, 37.166338993364974], [-112.41094031595253, 37.16634594342139], [-112.41100008422974, 37.16286099834262], [-112.41100235416684, 37.16272261504858], [-112.41106217777701, 37.1592346027532], [-112.41106225285206, 37.15909931008846], [-112.4110635333736, 37.15564236828217], [-112.41106348279074, 37.155476070776594], [-112.41106488766536, 37.15204977123914]], [[-112.48453284410206, 37.1079771252545], [-112.48454154589163, 37.1115990643223], [-112.48455014189568, 37.11522100263707], [-112.48452982178863, 37.118854657933426], [-112.48450939315097, 37.12248831252093], [-112.47998847557767, 37.122462825537845], [-112.47546744612997, 37.12243734764372], [-112.47089600100004, 37.122476408297366], [-112.46632443440805, 37.12251538421141], [-112.46630022735432, 37.11931762594763], [-112.46629913510007, 37.11889923557552], [-112.46627507141868, 37.11571436291122], [-112.46627395479983, 37.115282993238786], [-112.46625014867844, 37.11211109491107], [-112.46624900600851, 37.11166665580981], [-112.46622534484999, 37.10850773322671], [-112.46622309318171, 37.1080582600514], [-112.4707987769313, 37.108026906419354], [-112.47537456691376, 37.10799555504687], [-112.47995370732808, 37.10798633848395], [-112.48453284410206, 37.1079771252545], [-112.4845044409922, 37.10542676828673], [-112.48445396074408, 37.10180841336637], [-112.48436894416614, 37.0981957165202], [-112.4842839397803, 37.09458292719095], [-112.48880701391828, 37.09456767839323], [-112.49333008207311, 37.094552347159585], [-112.49785325848715, 37.09453702218103], [-112.50237631817237, 37.094521706295154], [-112.50239493947949, 37.09813116957156], [-112.50241367921235, 37.1017405391418], [-112.5024289706508, 37.10535725121214], [-112.50243867379697, 37.10783635881795], [-112.49796225458765, 37.10787155573445], [-112.49348582894343, 37.10790676389658], [-112.48900928259444, 37.10794189460544], [-112.48453284410206, 37.1079771252545]], [[-112.42921854571979, 37.112032997364864], [-112.42924110172885, 37.10842498469154], [-112.43028314948322, 37.10842701885746], [-112.43377986999059, 37.10845012724401], [-112.43482867115962, 37.108452220017035], [-112.43831852468753, 37.108475187405915], [-112.4393741900712, 37.1084772467888], [-112.44285717831158, 37.108500163820224], [-112.44391959708696, 37.108502280771006], [-112.44739583083995, 37.10852505648635], [-112.44737757771989, 37.112095065434985], [-112.44735943928953, 37.11566498084396], [-112.44734119393624, 37.1192349856884], [-112.44732306328292, 37.12280489699292], [-112.44277994759126, 37.122827023874365], [-112.43823682688327, 37.122849156874786], [-112.43369370116564, 37.122871295994415], [-112.42915056875069, 37.122893351119096], [-112.429173222103, 37.11926713621044], [-112.4291958789934, 37.11564091918906], [-112.42921854571979, 37.112032997364864]], [[-112.54849462055418, 37.10187317953133], [-112.54831209731131, 37.101375591742375], [-112.54881718504498, 37.10125704806299], [-112.54888325974609, 37.10124149302187], [-112.54888313957292, 37.10090403395348], [-112.54937142986246, 37.10027041292338], [-112.54960815364312, 37.10026885122561], [-112.54951161045862, 37.1008822111721], [-112.54974364479267, 37.10087683472747], [-112.5499925004181, 37.10164170078811], [-112.55086924678785, 37.101775980798884], [-112.55117637596356, 37.10115436658844], [-112.5522171128484, 37.10097084271114], [-112.55248388150333, 37.101189709367596], [-112.55227904799862, 37.101877317324806], [-112.55221680372688, 37.10208607068351], [-112.5521244438576, 37.10239616799811], [-112.54974646334534, 37.10244557491623], [-112.54984760771367, 37.103250858985746], [-112.54938268093572, 37.10342458487451], [-112.54901833190905, 37.10348667118193], [-112.54883976393945, 37.10281345229032], [-112.54849462055418, 37.10187317953133]], [[-112.53749610172929, 37.083696420393636], [-112.53844623541924, 37.08312580599246], [-112.53856568451634, 37.08343612007799], [-112.53866601367125, 37.08369656758084], [-112.53869285159513, 37.083766433764445], [-112.53884958339454, 37.08417342822887], [-112.53920272723207, 37.08509118642157], [-112.53943534818062, 37.085695579847], [-112.53961810233508, 37.086170556834226], [-112.53985927521711, 37.08679692104964], [-112.53856851891362, 37.08711571620588], [-112.53856864531187, 37.087322301770534], [-112.53788267794296, 37.08732182706495], [-112.53709945205418, 37.08675061856246], [-112.53647326892023, 37.08549820953531], [-112.53623530912719, 37.08403174654761], [-112.53742685403488, 37.08373805889526], [-112.53749610172929, 37.083696420393636]], [[-112.57448590607609, 37.07281309688347], [-112.57446618628258, 37.069465878103266], [-112.57899227788049, 37.06947627471994], [-112.58351847685361, 37.06948649702059], [-112.58350007313466, 37.06586435633607], [-112.57897309990658, 37.06585522306359], [-112.57895275147892, 37.062231571037415], [-112.57893241127586, 37.05860791682788], [-112.57891207556143, 37.0549840802168], [-112.57889185675884, 37.05136005970732], [-112.57888622641127, 37.047739628567896], [-112.57888049046353, 37.04411919678152], [-112.58341439695698, 37.04412374745782], [-112.5834201590757, 37.04774588903362], [-112.58342592804362, 37.05136802846426], [-112.58344445689089, 37.05499233897278], [-112.58797683661145, 37.05500060468123], [-112.58799356916278, 37.058625114532965], [-112.58801030587725, 37.062249441993025], [-112.59253896270423, 37.06225811947462], [-112.59255390644748, 37.06588282664042], [-112.59257064017856, 37.069506696499275], [-112.59258727127727, 37.073130655803205], [-112.5880620815236, 37.073119686989315], [-112.58353677429693, 37.07310854692176], [-112.57901157641338, 37.073097322701436], [-112.57448637171436, 37.07308583561658], [-112.57448590607609, 37.07281309688347]], [[-112.7188731559944, 37.015193763919385], [-112.72338712273431, 37.01519642260839], [-112.72790108088914, 37.01519881940096], [-112.73241514685712, 37.015201132863126], [-112.73692920620361, 37.01520327452425], [-112.74144543822489, 37.01520223802401], [-112.7414233457853, 37.01884337412991], [-112.7414012561817, 37.02248441804836], [-112.74139930299145, 37.02611110372384], [-112.74139724006596, 37.02973760873057], [-112.74139518183296, 37.03336402152138], [-112.74139388829038, 37.03536488636495], [-112.73686610539657, 37.035404860286825], [-112.73686484190046, 37.0369877819971], [-112.73234856466652, 37.036984422831125], [-112.73235051861717, 37.03763938593925], [-112.73228486398541, 37.03879737333625], [-112.73004798894038, 37.038821006186254], [-112.73005131765538, 37.0400179149969], [-112.73007200823064, 37.04061248652069], [-112.73012822299549, 37.04223215525383], [-112.73005763541298, 37.042233184840086], [-112.72784581441098, 37.04226542504086], [-112.72784614787152, 37.04240413382373], [-112.72785077372728, 37.04423997138397], [-112.72614816199712, 37.04423853313412], [-112.72546529488389, 37.044237923416524], [-112.72550556401123, 37.04601159216876], [-112.72550697573142, 37.04607394318244], [-112.72333685328908, 37.04610549383714], [-112.7233407724922, 37.04786499993788], [-112.72300522693615, 37.04786473732633], [-112.72098790204522, 37.04786302022777], [-112.72102776294459, 37.0496229964572], [-112.7188243727431, 37.04965494832594], [-112.71882819603898, 37.05148944623736], [-112.7167723901741, 37.051486052928624], [-112.71677385896372, 37.051531278101535], [-112.71682540277376, 37.053185000958734], [-112.71651885710378, 37.053185201768734], [-112.7143256924213, 37.05318654853365], [-112.71432635284047, 37.05334084556244], [-112.71433262752176, 37.05511401835761], [-112.71427696110746, 37.05511401180162], [-112.712138176159, 37.055110656963336], [-112.71213867924068, 37.05514805462496], [-112.71217718448445, 37.05874269680282], [-112.71197778226544, 37.058742420804165], [-112.70983766123027, 37.058739225113136], [-112.70985069515326, 37.062371008439726], [-112.70982122798414, 37.062370982633304], [-112.70754997419898, 37.062367564269785], [-112.70752815534952, 37.06599948832481], [-112.70535870209368, 37.06599645605452], [-112.70085321532041, 37.065990137953165], [-112.69633865326554, 37.06598549085684], [-112.69182419947732, 37.06598076033213], [-112.69181228678812, 37.06235093460988], [-112.69180038199521, 37.058721106728704], [-112.69178847709415, 37.0550909162724], [-112.69177658008974, 37.05146072365689], [-112.69176185869976, 37.04782957782035], [-112.6917472598841, 37.04419851831728], [-112.69626074200484, 37.0442024685057], [-112.69624799758888, 37.04057309585356], [-112.69623537355821, 37.03694371943452], [-112.69171795433077, 37.0369354933695], [-112.68720053334732, 37.03692727540666], [-112.6826832230098, 37.03691906395258], [-112.68267502873553, 37.03329267871107], [-112.68266683996397, 37.02966620121897], [-112.68265877305062, 37.02603981009218], [-112.68265060124168, 37.02241341841396], [-112.68717120597256, 37.0224214133316], [-112.69169180691603, 37.02242932603093], [-112.69621240805705, 37.02243733672041], [-112.69625791705431, 37.01880207152208], [-112.69630342650804, 37.01516671417712], [-112.70081352832422, 37.01517695755047], [-112.70085379526039, 37.01154284570944], [-112.70089406316427, 37.00790864171533], [-112.70540682267938, 37.00791128604695], [-112.70991957975963, 37.007913938899435], [-112.71443233439874, 37.00791660027197], [-112.71894508456093, 37.007919180060235], [-112.71890911854393, 37.011556473018274], [-112.7188731559944, 37.015193763919385]], [[-112.75497586328179, 37.02611671803815], [-112.75497502738352, 37.02248972014077], [-112.7595028081715, 37.02248872127387], [-112.76403059013181, 37.02248790995953], [-112.76855836493337, 37.02248692579202], [-112.77308613882106, 37.02248603907397], [-112.7730883653528, 37.026116431289836], [-112.77309071365954, 37.02974690980135], [-112.77309295479826, 37.03337729776652], [-112.77309531562905, 37.03700768192629], [-112.7685660398695, 37.03700526633213], [-112.76403675942004, 37.03700276783524], [-112.7595075908535, 37.037000364970886], [-112.75497830730417, 37.03699797097781], [-112.75497744808764, 37.03337088933887], [-112.75497670833597, 37.02974380391719], [-112.75497586328179, 37.02611671803815]], [[-112.80900903410753, 37.02249990591566], [-112.80901300507044, 37.018875656674325], [-112.80901686837016, 37.0152513169493], [-112.80902085086058, 37.01162697341308], [-112.80902484017969, 37.00800262777909], [-112.81353349603931, 37.00801023166597], [-112.81804226438021, 37.008017932723256], [-112.82255103071496, 37.00802564256372], [-112.82705979288028, 37.00803327108818], [-112.8270668996088, 37.01165338047574], [-112.82707401427457, 37.01527348774381], [-112.82708102451817, 37.018893594622725], [-112.82708815505575, 37.02251369765172], [-112.82256840833575, 37.02251030496004], [-112.81804854454926, 37.02250683182698], [-112.81352879059303, 37.02250336490314], [-112.80900903410753, 37.02249990591566], [-112.80898654595782, 37.02258019547129], [-112.8089966372223, 37.02619990193998], [-112.80900674090928, 37.02981978647684], [-112.80448918954211, 37.029813963388996], [-112.79997151931735, 37.029807969894], [-112.79545384052938, 37.02980171417823], [-112.79093626984344, 37.02979537474335], [-112.79092868958493, 37.02975024309696], [-112.7909279029186, 37.02611236030594], [-112.79092723376803, 37.02247438359062], [-112.79544774380891, 37.02248077403013], [-112.79996813932783, 37.022487174048315], [-112.80448853268624, 37.02249358194792], [-112.80900903410753, 37.02249990591566]], [[-112.82718305100396, 37.05519302532621], [-112.82718780815718, 37.05156058953791], [-112.83169800389553, 37.05155816493999], [-112.83169556738433, 37.05518930071627], [-112.82718305100396, 37.05519302532621]], [[-112.84524136140169, 37.0696726481715], [-112.84524875537508, 37.066060468058154], [-112.84977638590092, 37.06606031852386], [-112.85430389877858, 37.0660600879155], [-112.85883140201571, 37.06605959429196], [-112.85883023192618, 37.06243601656571], [-112.86335900894412, 37.06243677458351], [-112.86335890490044, 37.058814712946116], [-112.86785668544789, 37.0588123636852], [-112.87235434593, 37.05880984556081], [-112.87685199872577, 37.05880715680716], [-112.87685947741348, 37.06243314988435], [-112.8813596162406, 37.062431509898964], [-112.8813697073425, 37.0660586283642], [-112.87686695985735, 37.06605896064928], [-112.872364429785, 37.06605911834745], [-112.86786177988343, 37.066059106796615], [-112.86335912482186, 37.066059014312124], [-112.86334925262463, 37.06968185966487], [-112.86333927446748, 37.07330470470908], [-112.86332930498381, 37.0769276377734], [-112.86331945441809, 37.08055056699502], [-112.85879443296018, 37.08054047801301], [-112.85426929065768, 37.080530127904765], [-112.84974414439338, 37.08051969509394], [-112.84521899200554, 37.080509089484686], [-112.84522647862988, 37.07689691383658], [-112.84523386159002, 37.07328482796294], [-112.84524136140169, 37.0696726481715]], [[-112.75500562147936, 37.08050442532371], [-112.75050469757751, 37.080517422917794], [-112.75050039415386, 37.084135633985674], [-112.75049609519928, 37.08775375285392], [-112.74599659503484, 37.08776430963478], [-112.7460002351433, 37.08414736996217], [-112.74600376937723, 37.0805304298461], [-112.74150294934095, 37.08054344445737], [-112.73700201256204, 37.08055647005993], [-112.73699560501274, 37.07692353552896], [-112.73698931541863, 37.07329050710517], [-112.736982922993, 37.069657568286345], [-112.73697653813053, 37.066024627323706], [-112.74146555772359, 37.06601989908025], [-112.74595457197937, 37.06601509097379], [-112.75044369745274, 37.06601038154685], [-112.75493281756609, 37.066005592247436], [-112.75495100597355, 37.06963032628766], [-112.75947918424755, 37.06963226520066], [-112.75949389673694, 37.07325749632309], [-112.7640184711871, 37.07325976344197], [-112.76402958431198, 37.076885043095295], [-112.76404059307289, 37.08051032227725], [-112.76855807619671, 37.080513327838254], [-112.77307555683772, 37.08051634142072], [-112.77307017385894, 37.084148347454786], [-112.77306479746069, 37.087780351379436], [-112.77305931517292, 37.0914123548766], [-112.77305383945598, 37.09504435626443], [-112.76853688772191, 37.095028635229404], [-112.76401982254488, 37.09501292386547], [-112.76402509285595, 37.09138741051904], [-112.76403025932002, 37.08776198684268], [-112.75951298034435, 37.087752501233076], [-112.75499569759411, 37.087742933529334], [-112.75500065524756, 37.08412363542514], [-112.75500562147936, 37.08050442532371]], [[-112.70098561185952, 37.107982112757405], [-112.70097307042987, 37.105876994781845], [-112.70095191485127, 37.10225454027567], [-112.70093215818191, 37.09863386628705], [-112.70091241217112, 37.09501328023257], [-112.70542087658889, 37.09501547860674], [-112.70992933653554, 37.09501759557799], [-112.7144377960501, 37.09501981135092], [-112.71894625107062, 37.09502194571973], [-112.71897670688176, 37.098645248337306], [-112.7190071704037, 37.10226845865188], [-112.71903349357002, 37.10589226773848], [-112.71904789523154, 37.10799780204197], [-112.71453232829772, 37.10799389005151], [-112.71001675706329, 37.10798989608809], [-112.70550118559235, 37.10798600035719], [-112.70098561185952, 37.107982112757405], [-112.70098688614077, 37.11160566051052], [-112.7009881713502, 37.115229386344126], [-112.7009893469091, 37.11885293146184], [-112.70099064590875, 37.122476653045055], [-112.69647637465478, 37.122474026230556], [-112.69196210101123, 37.12247140762733], [-112.6874478249843, 37.12246879723616], [-112.68293354658019, 37.12246619505783], [-112.68292973643253, 37.11884772733233], [-112.68292604384732, 37.11522916577851], [-112.68292619627822, 37.111606041010354], [-112.68292635738912, 37.10798300422275], [-112.68292412350296, 37.10588881886128], [-112.68291755058054, 37.10226100733945], [-112.68290427054471, 37.09862977383703], [-112.68741057536847, 37.09863097354302], [-112.69191687565991, 37.09863209201015], [-112.69190171082052, 37.095005936383124], [-112.69640706262004, 37.095009603840865], [-112.69642451921764, 37.09863301981926], [-112.69644198423461, 37.10225643363132], [-112.69193204468466, 37.102258065266625], [-112.69194719584206, 37.10588286501661], [-112.69195599007796, 37.10798254208185], [-112.69647080133014, 37.10798227826641], [-112.70098561185952, 37.107982112757405]], [[-112.8089208205925, 37.10804225064697], [-112.80896815066654, 37.10797879763376], [-112.8089805160311, 37.10472382164445], [-112.80899310683014, 37.101468660351976], [-112.80900559417182, 37.098213679297174], [-112.80901808197233, 37.09495851637244], [-112.81352812728989, 37.094963966399455], [-112.81803827853729, 37.0949692430523], [-112.82254853567548, 37.09497434631853], [-112.82705856124785, 37.09497928138608], [-112.82706114962754, 37.09821158222334], [-112.8270636336996, 37.10144397320892], [-112.82706611944386, 37.10467618231887], [-112.82706872801072, 37.1079085682063], [-112.82703958410674, 37.108035109411844], [-112.82250981360517, 37.10803688544858], [-112.81798015242717, 37.108038666799175], [-112.81345048808747, 37.10804045519837], [-112.8089208205925, 37.10804225064697], [-112.80894038223721, 37.111659872681074], [-112.80895995292494, 37.11527749255994], [-112.80897953265685, 37.11889511028354], [-112.80899912143414, 37.122512725851756], [-112.80446991495211, 37.122513542731], [-112.79994059507064, 37.12251445847529], [-112.79541138042399, 37.12251519937004], [-112.79088216702895, 37.12251612752094], [-112.79088357791535, 37.118888537852406], [-112.79088499793743, 37.11526103616973], [-112.79088631034953, 37.111633443976], [-112.79088774440025, 37.108005938068544], [-112.79539595932913, 37.10801498156509], [-112.79990428498017, 37.10802403200881], [-112.80441249635993, 37.10803309281074], [-112.8089208205925, 37.10804225064697]], [[-112.75507586109704, 37.11163515897878], [-112.75504390743022, 37.10800821873347], [-112.75959854902085, 37.108009375145606], [-112.7641533003141, 37.108010535020924], [-112.76870793631133, 37.108011701702715], [-112.77326268199667, 37.1080128718374], [-112.77326858568632, 37.1116388351812], [-112.77327449701103, 37.115264796393724], [-112.77328052848286, 37.11889075379157], [-112.77328645508551, 37.122516710741166], [-112.76875776304004, 37.12251651443568], [-112.76422906606473, 37.122516235133006], [-112.75970036835461, 37.12251605303294], [-112.75517166573836, 37.122515787936784], [-112.75513968399643, 37.11888894441342], [-112.75510771022903, 37.115262008582576], [-112.75507586109704, 37.11163515897878]], [[-112.86325554028427, 37.11163813034155], [-112.86322546945672, 37.108041622671195], [-112.86773982431482, 37.108050248895644], [-112.87225428970773, 37.10805888151499], [-112.87676863842704, 37.108067433983436], [-112.88128298739811, 37.108076084715954], [-112.8812927041532, 37.111697776371145], [-112.88130231904987, 37.11531955778142], [-112.88131205485284, 37.11894133528155], [-112.88132168432904, 37.12256302234926], [-112.87682768747067, 37.12252918541385], [-112.87233368947412, 37.1224952679942], [-112.86783969257564, 37.1224613601856], [-112.86334569678108, 37.12242746198946], [-112.86331571020077, 37.11883104911625], [-112.86328561905962, 37.11523454576008], [-112.86325554028427, 37.11163813034155]], [[-112.64704041771107, 37.11156876748149], [-112.64703093236955, 37.107946117057445], [-112.65156650267447, 37.10795223376389], [-112.65610207101346, 37.10795835707921], [-112.66063763737988, 37.10796448700256], [-112.66517320176716, 37.10797062353307], [-112.66517318135584, 37.1115924956077], [-112.6651730550561, 37.115214367138975], [-112.66517304986154, 37.11883632507006], [-112.6651730493183, 37.12245819077261], [-112.66064687950272, 37.122452833068685], [-112.65612082016953, 37.12244748109545], [-112.65159475684413, 37.122442046329816], [-112.64706880597844, 37.12243670741846], [-112.64705929825806, 37.11881406344378], [-112.64704979799994, 37.11519141731917], [-112.64704041771107, 37.11156876748149]], [[-112.60603127198695, 37.04051230782441], [-112.60602663952417, 37.03688745495276], [-112.61054644813997, 37.03688972095237], [-112.61506209609237, 37.036902687313805], [-112.61957763058071, 37.03691566345023], [-112.61958522979498, 37.040538665916046], [-112.61506792223936, 37.04052643751853], [-112.61055049541118, 37.040513948433016], [-112.60603127198695, 37.04051230782441]], [[-112.64671007837376, 37.02603651881588], [-112.64669615258576, 37.02240802298623], [-112.65120636695234, 37.02240770910328], [-112.65571657667749, 37.022407313823614], [-112.66022678566152, 37.02240701735918], [-112.66473698998108, 37.02240663949695], [-112.66475418781766, 37.02602723653688], [-112.66477128152098, 37.02964783299029], [-112.66478849585849, 37.033268425703], [-112.6648057184507, 37.036889016251834], [-112.66029224100478, 37.036897203166205], [-112.65577875992037, 37.03690539853786], [-112.65126527520363, 37.03691360236731], [-112.64675178686086, 37.03692181465519], [-112.64673783931713, 37.03329341543041], [-112.64672401011754, 37.02966492237286], [-112.64671007837376, 37.02603651881588]], [[-112.62396423658647, 37.022386329622165], [-112.6240120723068, 37.01869847533705], [-112.62848352869476, 37.01870352465303], [-112.62842569176169, 37.02239719418071], [-112.62396423658647, 37.022386329622165]], [[-112.41213094837074, 37.06892447853648], [-112.41211092969822, 37.06526664838692], [-112.41663310738917, 37.06526373523714], [-112.42115516999253, 37.06526083120996], [-112.42567734240478, 37.06525793361413], [-112.43019951216795, 37.06525504379224], [-112.43021585029518, 37.06888622726643], [-112.43023230985519, 37.072517497305306], [-112.43024866423893, 37.07614876650607], [-112.43026513837593, 37.079780032155874], [-112.42574654195414, 37.079809569468345], [-112.42122805052279, 37.07983902340549], [-112.41670955498616, 37.07986857555443], [-112.41219105199096, 37.079898045684416], [-112.4121710103517, 37.0762402222432], [-112.41215097636899, 37.0725823965658], [-112.41213094837074, 37.06892447853648]]]}, "properties": {"objectid": 4541432, "owner": "Federal", "agency": "BLM", "admin": "BLM", "desig": "N/A", "state_lgd": "Bureau of Land Management", "ut_lgd": "Bureau of Land Management (BLM)", "natl_lgd": "Bureau of Land Management (BLM)", "edit_date": 1222840800000, "gis_acres": 296417.875, "label_federal": null, "label_state": null, "county": "KANE", "tribe": null, "globalid": "{77BD3783-5F2D-4D4B-BCE8-B1E7BD0B94F6}", "Shape__Area": 1199560537.3395116, "Shape__Length": 952598.2259648207}}, {"type": "Feature", "id": 4545178, "geometry": {"type": "Polygon", "coordinates": [[[-112.70194075542769, 37.19680020076364], [-112.70647664211685, 37.19679577091945], [-112.71101487041815, 37.196790412347625], [-112.71555918345446, 37.196785242254236], [-112.72010337635359, 37.19677989940206], [-112.72076146641433, 37.19677998373213], [-112.72463695297553, 37.20004139582349], [-112.72463713866385, 37.19950493829052], [-112.72167023751908, 37.19677993565999], [-112.72463808044631, 37.19677857608947], [-112.72464290877704, 37.19315328701725], [-112.72365307002546, 37.19315354582035], [-112.72010287218639, 37.19315829083137], [-112.71912485539228, 37.193158249938016], [-112.71555728707779, 37.19316220940875], [-112.71457712888234, 37.19316216194849], [-112.71101181335465, 37.19316622217134], [-112.71002930882784, 37.19316707224419], [-112.70646620440719, 37.19317438855908], [-112.70548370027106, 37.193175291019344], [-112.70192070431726, 37.19318255905238], [-112.70194075542769, 37.19680020076364]]]}, "properties": {"objectid": 4545178, "owner": "Private", "agency": "Private", "admin": "Private", "desig": "N/A", "state_lgd": "Private", "ut_lgd": "Private", "natl_lgd": "Private", "edit_date": 1222840800000, "gis_acres": 205.82092285, "label_federal": null, "label_state": null, "county": "KANE", "tribe": null, "globalid": "{9B5386F5-F243-47ED-97DA-30E438B377B7}", "Shape__Area": 832927.7319495184, "Shape__Length": 5715.001940441924}}, {"type": "Feature", "id": 4545194, "geometry": {"type": "Polygon", "coordinates": [[[-112.63906418325251, 37.25222011500095], [-112.643616722103, 37.2522199930381], [-112.64817937248316, 37.25222352080884], [-112.64813562432373, 37.24860097668944], [-112.64809188691406, 37.24497843032306], [-112.64354080869342, 37.244978880053054], [-112.63898972187822, 37.24497906467728], [-112.63902700290487, 37.248599545119866], [-112.63906418325251, 37.25222011500095]]]}, "properties": {"objectid": 4545194, "owner": "Private", "agency": "Private", "admin": "Private", "desig": "N/A", "state_lgd": "Private", "ut_lgd": "Private", "natl_lgd": "Private", "edit_date": 1222840800000, "gis_acres": 160.45736694, "label_federal": null, "label_state": null, "county": "KANE", "tribe": null, "globalid": "{9C5E9498-8027-4F21-B5A8-A5C4B67F1919}", "Shape__Area": 649347.9423993588, "Shape__Length": 3223.586681119699}}, {"type": "Feature", "id": 4545199, "geometry": {"type": "Polygon", "coordinates": [[[-112.75177878288387, 37.26927480925152], [-112.75629543302705, 37.26927123077225], [-112.7562888340769, 37.26565238565059], [-112.76081516520837, 37.265657506113584], [-112.76080657035445, 37.26203941231521], [-112.76534148900615, 37.26204017833511], [-112.76534149087784, 37.25841772095067], [-112.76534149136344, 37.25479490106001], [-112.76534149887634, 37.25117207905291], [-112.76078058837945, 37.25118431059244], [-112.76079557548026, 37.24754629995215], [-112.76534920414896, 37.24753580114671], [-112.76535680306306, 37.243899522807745], [-112.76536451261057, 37.240262880283744], [-112.76537222849808, 37.236626235646106], [-112.76084066226389, 37.23663135277935], [-112.76084046248369, 37.23299851705876], [-112.7563096823504, 37.23300885429926], [-112.75180707506166, 37.233009317829215], [-112.75180331164941, 37.229383648282834], [-112.74729645389925, 37.22938607363526], [-112.7427895889875, 37.229388327389685], [-112.74277756547481, 37.225766647989275], [-112.7382665603742, 37.22577077087859], [-112.73825018898373, 37.22215122346196], [-112.73371970438994, 37.222156718423754], [-112.72918910369413, 37.22216222185142], [-112.72465861223662, 37.22216773045053], [-112.72012800468941, 37.22217324750821], [-112.72013470674787, 37.22579727347469], [-112.72014130362227, 37.22942129893897], [-112.72014802066492, 37.23304532062705], [-112.72015463251441, 37.23666934181308], [-112.72014985735414, 37.24029794277625], [-112.72014508655744, 37.24392645152269], [-112.72014032422125, 37.24755504825197], [-112.72013556624913, 37.2511835527644], [-112.72013241938382, 37.254803289281675], [-112.72465828197433, 37.254800614287504], [-112.72918424804351, 37.25479767446148], [-112.73371010036608, 37.25479483348992], [-112.73370756552788, 37.25841752669376], [-112.73370492049045, 37.262040039236844], [-112.72917870387849, 37.262040997272365], [-112.72917582589426, 37.26566252200684], [-112.72464936694811, 37.26566250138692], [-112.72465333795652, 37.269282033797516], [-112.7291787962421, 37.26928305798767], [-112.7337042519121, 37.26928408928477], [-112.73822958807999, 37.26928494914656], [-112.74274580505474, 37.26928171430288], [-112.74274384877722, 37.26565999904034], [-112.74725884622522, 37.26565742329196], [-112.75177384271711, 37.265654945561046], [-112.75177878288387, 37.26927480925152]], [[-112.75624710263803, 37.2467300629726], [-112.7562420511838, 37.24755662190035], [-112.75621967559401, 37.2511966366794], [-112.75172437816533, 37.251189519698606], [-112.74722907889422, 37.25118241213073], [-112.74273366507693, 37.251175315636004], [-112.73823836213793, 37.25116822689239], [-112.73825766815015, 37.24753356881213], [-112.73827686657266, 37.24389891029741], [-112.73829618073891, 37.24026415793951], [-112.73831538939588, 37.2366294952461], [-112.74281387734428, 37.2366313160332], [-112.74309806292176, 37.23663145840205], [-112.74448967707013, 37.23663196104589], [-112.74731224805313, 37.23663305759768], [-112.75181072896143, 37.2366348067158], [-112.7563092073755, 37.2366365650456], [-112.75628681707465, 37.240276586083354], [-112.75626443167738, 37.243916605034975], [-112.75625238297467, 37.245884212911086], [-112.75624710263803, 37.2467300629726]]]}, "properties": {"objectid": 4545199, "owner": "Private", "agency": "Private", "admin": "Private", "desig": "N/A", "state_lgd": "Private", "ut_lgd": "Private", "natl_lgd": "Private", "edit_date": 1222840800000, "gis_acres": 3351.9875488300004, "label_federal": null, "label_state": null, "county": "KANE", "tribe": null, "globalid": "{49A65A38-7F9B-4D4F-9C04-A32A9E6A02C1}", "Shape__Area": 13565012.644149482, "Shape__Length": 28122.94024957003}}, {"type": "Feature", "id": 4545389, "geometry": {"type": "MultiPolygon", "coordinates": [[[[-112.86419628430868, 37.39888663019458], [-112.85969448323573, 37.3989021161788], [-112.85519267526466, 37.398917520794704], [-112.8551888673019, 37.39525369876281], [-112.85518506726325, 37.39158987456449], [-112.85070129146665, 37.391576790920965], [-112.84621762296824, 37.39156353534642], [-112.8461685159988, 37.39519286172052], [-112.8415959089388, 37.39518235424384], [-112.84156532660619, 37.39881589690842], [-112.84158644751327, 37.40243385140723], [-112.8416075755587, 37.406051713652], [-112.84608458939515, 37.406080740147964], [-112.85066621804415, 37.406072899981915], [-112.85073013294657, 37.40962077711369], [-112.85527516287489, 37.409622972228185], [-112.85979307357972, 37.40962514875108], [-112.8643108642703, 37.4096271542934], [-112.86431970236725, 37.413205805304905], [-112.85981115583546, 37.4131933827534], [-112.8553026079541, 37.41318096829646], [-112.8507940587291, 37.413168561935215], [-112.84628561889966, 37.413156071815216], [-112.84176697611076, 37.41315609599947], [-112.83724832827318, 37.41315603745977], [-112.83270376296133, 37.41317288116722], [-112.83264519932318, 37.40958290511878], [-112.82810106494827, 37.40957622000375], [-112.82815908194328, 37.41318982214878], [-112.82351721254942, 37.41322953775682], [-112.82353199899568, 37.416914288029524], [-112.81892290806921, 37.41691744966703], [-112.81887544798586, 37.4132692495734], [-112.81888935154943, 37.409625780998084], [-112.81437765178298, 37.40962455770354], [-112.81439689050839, 37.40599154810671], [-112.81439532532451, 37.40239040003251], [-112.8143938846982, 37.398789428318466], [-112.80985723682512, 37.39875262796024], [-112.8098426537146, 37.39513130421116], [-112.81438551506682, 37.39514908565325], [-112.81892837132662, 37.39516669239953], [-112.82344559511016, 37.39514279134602], [-112.82344116235505, 37.391505545817054], [-112.82795621413976, 37.391503769338094], [-112.83249596054053, 37.391518921905806], [-112.83251252311176, 37.38789415202083], [-112.82797725842512, 37.38788244327408], [-112.82345064855079, 37.38786438839411], [-112.82346014116085, 37.38422322886114], [-112.82347237612535, 37.38062041886275], [-112.81893467866797, 37.38059289376741], [-112.81892186314425, 37.38418535011099], [-112.81436296249154, 37.38420556474729], [-112.80980394137933, 37.38422569541224], [-112.8098223876819, 37.38059565642919], [-112.80984083943831, 37.37696561536797], [-112.80985546800711, 37.37332193158159], [-112.8098699895653, 37.36967824742068], [-112.805370244273, 37.36970855581846], [-112.80087060334331, 37.36973878138684], [-112.79633132426012, 37.36970292415717], [-112.79179193162005, 37.36966698429855], [-112.78793218804732, 37.369667280415285], [-112.78779314304585, 37.373300238699215], [-112.78368456298823, 37.37329199325655], [-112.7834069931029, 37.37691649158832], [-112.78313258224384, 37.38049876050063], [-112.78752785425979, 37.3805067422552], [-112.79181040153124, 37.38051437627613], [-112.79183132775458, 37.384079384621295], [-112.78740160739696, 37.38408010739844], [-112.7873933327003, 37.387655832797215], [-112.78738505986973, 37.39123137596518], [-112.79179246272093, 37.39120548166211], [-112.7918399533568, 37.394827221765745], [-112.787410584259, 37.39484561125549], [-112.7828850841351, 37.39486420304452], [-112.78289417501357, 37.398470666216404], [-112.78743622468895, 37.39845957237957], [-112.79188745569434, 37.39844895961637], [-112.79633646853351, 37.39859638481635], [-112.800785494107, 37.398743732149434], [-112.8053214752241, 37.398747995110774], [-112.80532171398693, 37.40233583163362], [-112.80532212082485, 37.40592095983419], [-112.80530171073528, 37.40956111065824], [-112.80073770044139, 37.40949878914461], [-112.79632225992908, 37.40944556942786], [-112.79190682106619, 37.40939227464108], [-112.79190430326237, 37.40568721501568], [-112.78746786961537, 37.4057205014083], [-112.78745198956028, 37.402090173972894], [-112.78291066517389, 37.40211252567022], [-112.78292704903042, 37.40575429454988], [-112.77839457898915, 37.40578796774451], [-112.77837349663706, 37.40214365290368], [-112.77383631728826, 37.40217460602405], [-112.76928697694464, 37.40220754968794], [-112.76473773637831, 37.40224022652774], [-112.7647652891205, 37.405880308399134], [-112.76021686886024, 37.405909466523084], [-112.75566855309759, 37.40593853807616], [-112.75569788323665, 37.40957156836201], [-112.75113792071241, 37.4095905465623], [-112.74657794677705, 37.409609258751324], [-112.74655113186712, 37.40597798692628], [-112.74652431816497, 37.40234635251305], [-112.74649751403847, 37.39871471589597], [-112.75105372196118, 37.39869363613404], [-112.75560980947502, 37.39867247254521], [-112.7555809912121, 37.39505042396367], [-112.75555206979115, 37.39142837486165], [-112.76011136295617, 37.39139906350906], [-112.76467064760605, 37.391369666450835], [-112.76465093606171, 37.38775406398671], [-112.76921481172687, 37.38772776005492], [-112.7691995995178, 37.38411551615697], [-112.77376807285235, 37.384092574940304], [-112.7783131132184, 37.38408675340264], [-112.77858996504703, 37.380492651674054], [-112.77404734150902, 37.38048636823539], [-112.77432647748111, 37.37688016115643], [-112.77460570657131, 37.373273950315436], [-112.7791453635566, 37.3732830555705], [-112.77942402502035, 37.36966764956781], [-112.77790948430454, 37.369667720846714], [-112.77488491800842, 37.36966782750216], [-112.77337800138508, 37.36967520679567], [-112.77337663080763, 37.364604849410625], [-112.77790336395157, 37.36453822464891], [-112.77789833564184, 37.36090896656205], [-112.77791477371076, 37.357294344841875], [-112.7779312172476, 37.353679721052806], [-112.78245143709763, 37.35369513297948], [-112.78245730829468, 37.350110230062974], [-112.78246329659987, 37.34652523329221], [-112.78699653896906, 37.34652721127652], [-112.79182712975337, 37.34652919716257], [-112.79182192096553, 37.35014247767896], [-112.79181671877407, 37.35375575610402], [-112.79639040150174, 37.353764326819686], [-112.8009641973142, 37.35377298912624], [-112.80095505086891, 37.350163448592994], [-112.8055238117841, 37.350173816005146], [-112.81009268167736, 37.35018409519029], [-112.81007358916331, 37.3465778648814], [-112.81459371843735, 37.34659845212521], [-112.8191138430034, 37.34661886648667], [-112.82363396282284, 37.34663910796591], [-112.82815407785706, 37.34665917656312], [-112.82816932968514, 37.343042872497044], [-112.82818458948533, 37.3394266564581], [-112.82364730199625, 37.33941135529863], [-112.81911001344753, 37.33939606015558], [-112.81457283451421, 37.33938067920499], [-112.8100355438714, 37.339365396102096], [-112.81004171933338, 37.33576679439957], [-112.8100479034774, 37.332168280721895], [-112.81005409197813, 37.328569674880875], [-112.81458756324466, 37.328575199235445], [-112.81459255703875, 37.32497318708622], [-112.81912482228643, 37.32497522357775], [-112.81912763362205, 37.32135224558866], [-112.81913056473387, 37.317729263760505], [-112.82366120159683, 37.3177380959781], [-112.82365908440589, 37.32135772822562], [-112.82365708707383, 37.3249773566322], [-112.82818934922749, 37.324979496154775], [-112.82818806126842, 37.32859117806357], [-112.83272648547023, 37.32859656084432], [-112.83726490081348, 37.32860167932353], [-112.83725921173992, 37.324985514102096], [-112.8372593595931, 37.32137700715163], [-112.84179376977731, 37.32138391147017], [-112.84632805844258, 37.32139055356201], [-112.84632917903839, 37.32499164541197], [-112.84634160511652, 37.328611665697366], [-112.84635404193254, 37.332231773936826], [-112.84636648728248, 37.33585188003783], [-112.84637882612627, 37.33947189566965], [-112.85089025470911, 37.339496281932306], [-112.85540168113393, 37.33952058606255], [-112.8599131076009, 37.339544898151324], [-112.86442453633184, 37.33956930828861], [-112.86443367668352, 37.335944639773444], [-112.86444282358563, 37.33231996917339], [-112.86445209208226, 37.32869538480165], [-112.86446125207814, 37.325070710032286], [-112.86446619131709, 37.321471335271276], [-112.86447113741083, 37.31787195844444], [-112.8644760903588, 37.31427257955187], [-112.86448104793494, 37.310673108501874], [-112.86449213744258, 37.30701099082307], [-112.86450311845316, 37.303348782706834], [-112.86450169670132, 37.299718582838864], [-112.86450028253866, 37.29608838085343], [-112.86902298177472, 37.296071640233706], [-112.87354567382884, 37.296054816822675], [-112.87806847592765, 37.29603808901303], [-112.88259116029893, 37.29602137028824], [-112.88711495326875, 37.296017619343566], [-112.89163863230551, 37.29601396746238], [-112.89616859605572, 37.29601364679215], [-112.90128681158195, 37.29601288124844], [-112.90128700215746, 37.29241143539043], [-112.90128720205428, 37.288785099872115], [-112.90128741178246, 37.28515885234025], [-112.90128751130901, 37.2815498854873], [-112.89914335525184, 37.28153197698558], [-112.89914338531219, 37.28153115364623], [-112.89908998387715, 37.28153112113992], [-112.89908867539687, 37.277821705769185], [-112.89908744206477, 37.27419574454709], [-112.89908733083793, 37.27325329016449], [-112.89908657045437, 37.27057040642468], [-112.89908657620242, 37.269628039776514], [-112.89908535248571, 37.266944440989185], [-112.89908535263699, 37.26693371858787], [-112.89524262397134, 37.26693898680611], [-112.89071245188967, 37.266946915725], [-112.88618638270322, 37.266965781439595], [-112.88166042099084, 37.26698465245639], [-112.88164590538388, 37.26333869801235], [-112.88163151371886, 37.25969282969849], [-112.87710058550856, 37.25969411537835], [-112.87256953697305, 37.25969522933616], [-112.87257732863954, 37.25603016521829], [-112.87258512941015, 37.25236518906026], [-112.86804529928949, 37.25239023740329], [-112.8635054609294, 37.252415201742345], [-112.85896284389601, 37.252409932818715], [-112.85442022228021, 37.25240457957943], [-112.84987760051176, 37.25239932221144], [-112.84533497418495, 37.252393980529206], [-112.84532291393693, 37.248770847503415], [-112.84531097268814, 37.24514762048776], [-112.8452989272419, 37.24152439308963], [-112.84528959373287, 37.23872858702647], [-112.84528759515658, 37.238105743245214], [-112.84528689249359, 37.23790125364599], [-112.84981684978321, 37.23790815706306], [-112.85050800052063, 37.23790925225631], [-112.85434669226166, 37.23791506901484], [-112.85887664307545, 37.23792189588144], [-112.85889907575434, 37.2379219041475], [-112.86021587798206, 37.23792393204546], [-112.86340659395567, 37.23792881960916], [-112.86338722375294, 37.234299045900926], [-112.8588581066762, 37.234294268888426], [-112.85432887231775, 37.23428941039215], [-112.84979963337697, 37.234284468638755], [-112.84527038767997, 37.23427935353461], [-112.84074266707815, 37.23428143177164], [-112.83621504941344, 37.23428324495603], [-112.8316846661413, 37.23428736107409], [-112.82715427292175, 37.23429121369056], [-112.82716308685943, 37.237915317887165], [-112.82264083566086, 37.237915359417094], [-112.81811869425462, 37.237915406604046], [-112.81359643727696, 37.237915462914316], [-112.81358747963739, 37.23429585897266], [-112.80906523874343, 37.23429709127275], [-112.80905631241299, 37.230678833994205], [-112.80451593155047, 37.23068088813316], [-112.79997565591317, 37.23068276638871], [-112.79543559821677, 37.23068446706448], [-112.79543532875527, 37.234303683295096], [-112.79543496440263, 37.23792334960875], [-112.79542628352233, 37.241548547775096], [-112.79541738357243, 37.245173747265895], [-112.79996429024341, 37.245172203812686], [-112.79995573583915, 37.24879775447409], [-112.80450343164006, 37.248796652971144], [-112.80449533780732, 37.25242264314534], [-112.80447384521977, 37.25605388277506], [-112.79992622927612, 37.256053003982245], [-112.79538098177451, 37.25605227489377], [-112.79083583776323, 37.2560512794097], [-112.79082390314734, 37.25842328215837], [-112.79082057491435, 37.25967783106346], [-112.79080868873076, 37.26205172447254], [-112.79080531774504, 37.26330438063583], [-112.795344439062, 37.26330879855148], [-112.79988400462814, 37.26331303546388], [-112.7998753010114, 37.264818490818314], [-112.79987350353036, 37.26512666679508], [-112.8021470690001, 37.26512911253239], [-112.80215229103075, 37.264222252502805], [-112.80442569762994, 37.264223936123855], [-112.8054964313684, 37.264224731443186], [-112.80669898979711, 37.26422557778151], [-112.80669714177964, 37.264535196401695], [-112.80669362701957, 37.26513370134498], [-112.80896718749273, 37.265136016018204], [-112.80941455351916, 37.265136748245276], [-112.81010787448993, 37.26513786330032], [-112.8101038369981, 37.26582172733842], [-112.81010244034073, 37.26604598752551], [-112.81077411718785, 37.26604706909239], [-112.81124311210101, 37.2660513389315], [-112.81238469361088, 37.266061712574704], [-112.81238136725031, 37.26695781715549], [-112.81272983942814, 37.266958338650426], [-112.81352298229132, 37.266959616970354], [-112.81808966820235, 37.266966882788346], [-112.82265635197943, 37.266974152509356], [-112.82265376592837, 37.263340051603286], [-112.82265118742669, 37.25970594856769], [-112.82264861213105, 37.25607166321334], [-112.81810630421124, 37.256065994152394], [-112.81811185726723, 37.25243212013623], [-112.81811358945372, 37.24880316972738], [-112.8226448172396, 37.24880694110342], [-112.82264604004239, 37.25243719553997], [-112.8271803353887, 37.25244236573219], [-112.82719102396854, 37.256077066053486], [-112.83172840864408, 37.25606587877176], [-112.83626589518154, 37.25605442569197], [-112.83627402219864, 37.25969069014203], [-112.83628226133169, 37.26332659032252], [-112.83629050862075, 37.26696248835787], [-112.83628824056031, 37.27058764207749], [-112.83175011936403, 37.27059496984831], [-112.82721210054538, 37.27060203173467], [-112.8272010631325, 37.27422272709212], [-112.82719627641865, 37.27784512650816], [-112.82719114682938, 37.28157433055421], [-112.82365218614022, 37.28157403434141], [-112.82263074079935, 37.281573908850696], [-112.81909730138139, 37.28157348137532], [-112.81807044457571, 37.28157348979828], [-112.81454207979418, 37.281573118594515], [-112.81351014974065, 37.28157325532823], [-112.8099868531276, 37.28157267050365], [-112.81000182619752, 37.28517800841911], [-112.81001669507201, 37.28878334592837], [-112.8100315725028, 37.29238868130674], [-112.8100464584909, 37.29599401455412], [-112.80548838183692, 37.295962802989614], [-112.80093041662231, 37.29593150405769], [-112.79637234161142, 37.29590030138712], [-112.79639001180718, 37.2994980286511], [-112.79182830866982, 37.29946094004282], [-112.79181437806508, 37.295869011360175], [-112.79179846658751, 37.29227882311829], [-112.79178267639011, 37.28868863105095], [-112.79177613897028, 37.285122000587904], [-112.7917696069444, 37.28155527796365], [-112.79526251270963, 37.28156290534287], [-112.79634048825035, 37.28156376110338], [-112.79984027357793, 37.28157141917995], [-112.80090932733928, 37.281571828208016], [-112.80439506957, 37.28157244504481], [-112.8054482065606, 37.2815723347047], [-112.80894984979751, 37.28157293515786], [-112.80894760218908, 37.277790028138405], [-112.80439683518532, 37.277792178041864], [-112.7998462883326, 37.27779423956476], [-112.79528768127497, 37.27778948860944], [-112.7953117710907, 37.27416984484928], [-112.79077183157648, 37.27416796890162], [-112.79076411300224, 37.276545759669915], [-112.79076177892539, 37.27778469788939], [-112.79075414588945, 37.28017068772268], [-112.79075115426106, 37.28157691312736], [-112.78795572725163, 37.28152049203885], [-112.78795600552837, 37.280159461363475], [-112.78795666646528, 37.27654071125225], [-112.78343943697783, 37.276532444005184], [-112.77892488686766, 37.2765422599548], [-112.77441055194741, 37.27655181018415], [-112.76988394014701, 37.27654298545296], [-112.76988899854952, 37.28016841907912], [-112.76989075648028, 37.28147138010444], [-112.76898006148231, 37.28147102730108], [-112.76536475172875, 37.28146264688726], [-112.76536283794727, 37.280159326750926], [-112.76535743303145, 37.27653389572164], [-112.76083200548617, 37.276522814053365], [-112.76083692151505, 37.28014627210791], [-112.7563113379275, 37.28013303925914], [-112.75630668504057, 37.276511557575645], [-112.75630203958593, 37.272890073764074], [-112.75178361774528, 37.272894672483496], [-112.74726530117853, 37.27289909699311], [-112.74274776637618, 37.27290333734408], [-112.73823033900173, 37.27290749366004], [-112.73370600332498, 37.27290563008253], [-112.73370800590095, 37.27652797634193], [-112.73371001556926, 37.28015032047631], [-112.7337106517617, 37.281402111999824], [-112.73729730103128, 37.28140467083697], [-112.73823291120915, 37.28140436094778], [-112.74181662572985, 37.28140691592662], [-112.74176271421662, 37.28504738086711], [-112.74170891519512, 37.288687752016905], [-112.74625256283518, 37.28868892407113], [-112.74622282482775, 37.29230162887068], [-112.74839155320902, 37.29230051769876], [-112.74827501890259, 37.29591161832463], [-112.75073960376454, 37.29590852462305], [-112.75073025218171, 37.297432195174615], [-112.75527767780156, 37.29745215614215], [-112.75526639206358, 37.299543843616796], [-112.75981556388048, 37.29954620795228], [-112.75979885264955, 37.30319548175755], [-112.76434722799377, 37.303193084616915], [-112.76889548318829, 37.30319051426438], [-112.76887505335901, 37.30676800603503], [-112.7688546284596, 37.310345495787736], [-112.76885231512831, 37.31396372104379], [-112.76885000859933, 37.317581944193684], [-112.76884770080657, 37.321209448534354], [-112.76430238354617, 37.32121522962707], [-112.75975705854782, 37.321220836036275], [-112.75976098828149, 37.31759573647422], [-112.7597675323481, 37.313976003699146], [-112.75977408278011, 37.31035626882509], [-112.75521230764403, 37.310364011040406], [-112.75522960208586, 37.30677448589543], [-112.75067267497447, 37.3067728756961], [-112.74611473241123, 37.30676650825905], [-112.74155678360717, 37.30675996515538], [-112.73702271662562, 37.30674694718217], [-112.73248875503297, 37.30673366360872], [-112.73251820614959, 37.30314467121175], [-112.73703886837804, 37.30314832720498], [-112.7415595241631, 37.30315181040965], [-112.74160315762273, 37.29953584145721], [-112.74164679588634, 37.295919960580925], [-112.73711210128654, 37.29593470791278], [-112.73257717659077, 37.295949464948286], [-112.72801645919094, 37.29592188393493], [-112.72345562745485, 37.29589421873831], [-112.71892092377597, 37.29588934137909], [-112.71890211007202, 37.29950865026309], [-112.71888329934254, 37.30312786697163], [-112.72341119925503, 37.30313689605759], [-112.72337626922659, 37.30683601776002], [-112.7279324612621, 37.30678488413771], [-112.72790033323334, 37.31042889326215], [-112.7233413429265, 37.31053513732551], [-112.71883281855462, 37.31048968716272], [-112.71883699086631, 37.314042229177495], [-112.723355890585, 37.314063281173595], [-112.72337055892076, 37.31759142132903], [-112.7233696170303, 37.321196666586516], [-112.72336867978618, 37.324801819645465], [-112.72337409414762, 37.32843274501645], [-112.72337940514956, 37.33206375998397], [-112.71885188369876, 37.33205843784231], [-112.71886372324917, 37.335678092357284], [-112.71433722972597, 37.335673035247865], [-112.70983131549215, 37.33566967035231], [-112.70984866049997, 37.33929204268736], [-112.70984973566483, 37.34290842933317], [-112.70535608948845, 37.34290273814522], [-112.70534720302008, 37.33929078799673], [-112.70084587587225, 37.33933045858043], [-112.6963444265168, 37.339370049641005], [-112.6963542981163, 37.3429797375693], [-112.69636406451123, 37.34658942498111], [-112.69637388784614, 37.35019126837604], [-112.69638372082383, 37.35379319974425], [-112.69638758918393, 37.35745082384676], [-112.69639146683231, 37.36110853587129], [-112.69186324506202, 37.36116052099341], [-112.69189132131544, 37.364728660089405], [-112.6870167068378, 37.36482273055448], [-112.68703049653679, 37.366184733648794], [-112.68705501671236, 37.36842911977976], [-112.68707336371222, 37.370175904842554], [-112.68468263570247, 37.37025352355918], [-112.68291636057045, 37.370294538457316], [-112.68290879687486, 37.37029464610997], [-112.68289441603228, 37.37390133492676], [-112.68288012154198, 37.37749143691734], [-112.68286583428143, 37.38108162694864], [-112.67837332595607, 37.38093602928094], [-112.67391191002888, 37.380791262437675], [-112.67390797728459, 37.377302090408165], [-112.67390409141044, 37.37384013459748], [-112.67841755345549, 37.37387096610776], [-112.6784416534603, 37.37033606011272], [-112.6756714711985, 37.3703628224944], [-112.6739000990869, 37.37037817843143], [-112.67118101005568, 37.37035652440848], [-112.66936625454129, 37.37034052004426], [-112.66669030687109, 37.37031896471458], [-112.66481496080029, 37.37030013932264], [-112.66215123965212, 37.370274793998774], [-112.66023253055195, 37.370255964628356], [-112.6576129713144, 37.37023088829015], [-112.65564998804443, 37.37021170385006], [-112.65578315721886, 37.37362373166789], [-112.65126313994551, 37.373566440090016], [-112.65110231409295, 37.37013523334209], [-112.64802517390855, 37.37008415698715], [-112.64803398884561, 37.36624445781467], [-112.64803371453642, 37.365927388474304], [-112.64803993749919, 37.36262444034308], [-112.64803976055093, 37.362120802712816], [-112.64806440380649, 37.35900416277047], [-112.6480672128495, 37.35852860346688], [-112.6480921475622, 37.35538383750336], [-112.64809501153084, 37.35493657766521], [-112.64360844068662, 37.35495323259662], [-112.64356869856634, 37.35495324416023], [-112.63912163573313, 37.35496972044904], [-112.63911723074729, 37.35134100363459], [-112.63911283273194, 37.34771228466984], [-112.63463772771978, 37.34772798518844], [-112.63016261257589, 37.34774342627536], [-112.63011874705418, 37.34420609497724], [-112.63007488988767, 37.34066867142813], [-112.62588761951206, 37.34066447683392], [-112.62556420165797, 37.34066414537231], [-112.62134407872402, 37.340659880792906], [-112.62105350952204, 37.34065953734125], [-112.61680035427916, 37.340646820670294], [-112.61651204174254, 37.340646435204995], [-112.611969987516, 37.34063235537091], [-112.61200389443414, 37.337128194256636], [-112.61200485417845, 37.33703579828625], [-112.61203911900486, 37.333500715862655], [-112.61203972191258, 37.33343914906115], [-112.6075038657095, 37.33341489454523], [-112.60510561056927, 37.33340203706899], [-112.60505873456648, 37.33092879039515], [-112.60299270589343, 37.330983755080766], [-112.60300503057515, 37.32978450054439], [-112.60304205980695, 37.3261786231632], [-112.60304908198323, 37.32263164474427], [-112.60757868348844, 37.32265228606485], [-112.61210827915644, 37.322672663744626], [-112.61210923494143, 37.32624557726458], [-112.6166655038948, 37.32626298114762], [-112.6167846974898, 37.32626351523549], [-112.62122188708608, 37.32628047820956], [-112.62132391513096, 37.32628052193639], [-112.62581223579238, 37.32627678324509], [-112.62586336256878, 37.32627680158871], [-112.63040269413402, 37.32627308877041], [-112.63039719630775, 37.322749457415185], [-112.63039172647967, 37.319117127338174], [-112.63038615089069, 37.31548479665847], [-112.63038034701849, 37.31185201641552], [-112.62580764435535, 37.311853474400976], [-112.62123482794678, 37.3118550274656], [-112.61666211953764, 37.31185649230749], [-112.612089297386, 37.31185805222165], [-112.61216560606536, 37.30825091001648], [-112.6122419138112, 37.304643765817126], [-112.6167531175154, 37.30463565567801], [-112.61678502555279, 37.301041102701866], [-112.61681682217255, 37.29744645912491], [-112.61854371930214, 37.29743501759149], [-112.62129366675629, 37.29742936610156], [-112.62132614687248, 37.29377648800598], [-112.62585834145405, 37.29376252177701], [-112.62589344167442, 37.29012610038427], [-112.63042835953021, 37.29012841757448], [-112.63046619403042, 37.286508451138005], [-112.63050403138402, 37.28288848264661], [-112.63197316255372, 37.282839300155025], [-112.63487976000152, 37.28274266987579], [-112.63649778242602, 37.28268858018279], [-112.63942138928041, 37.282591513038575], [-112.64102227086433, 37.28253795947722], [-112.64396761707187, 37.28244011807112], [-112.64554684947906, 37.28238725471136], [-112.6485134916063, 37.28228900407217], [-112.65007085151754, 37.28223692582116], [-112.6530591197775, 37.28213789919857], [-112.65459517123917, 37.28208659984908], [-112.6552012344351, 37.2781170944492], [-112.65961900913463, 37.27809857699658], [-112.66403677538561, 37.278079894642], [-112.66867464829683, 37.27796177547539], [-112.6733124977551, 37.27784338475837], [-112.67272650869421, 37.281484256996734], [-112.67578853642496, 37.281382892944926], [-112.67726785839146, 37.281333454639466], [-112.67779076524907, 37.27776195498603], [-112.67832384425945, 37.27412225936107], [-112.67889183530603, 37.270462055770544], [-112.67945899825604, 37.26680735761885], [-112.6833397347509, 37.26681865327135], [-112.68333288327632, 37.26929650772218], [-112.68332970545276, 37.27042497709741], [-112.68332285512807, 37.27291283455023], [-112.68331968183803, 37.27403129883911], [-112.68338116769654, 37.27652854781395], [-112.68827874836113, 37.27654107086702], [-112.68816775883835, 37.280165861972684], [-112.69278739644686, 37.280187027359304], [-112.69742063858824, 37.28017113443485], [-112.69743890983209, 37.276545686339816], [-112.6928326435951, 37.276552539363756], [-112.69287800591677, 37.27291804770688], [-112.69745718608935, 37.27292023615754], [-112.69747003935203, 37.26930919233792], [-112.69748289405389, 37.26569796623525], [-112.70199756772573, 37.26570460390838], [-112.70201049478247, 37.26208589579001], [-112.7020233126109, 37.258467097102255], [-112.70203613800017, 37.25484838642495], [-112.70656024769406, 37.25483732606637], [-112.706570708401, 37.25121810848545], [-112.70657008994108, 37.24759228888212], [-112.70204666539637, 37.247604506878716], [-112.70204425414789, 37.24397924948726], [-112.70204184991506, 37.24035398996341], [-112.69752518290764, 37.24035683021144], [-112.69752494938508, 37.24397969642952], [-112.69300563584186, 37.24397988069906], [-112.6930083921294, 37.24035931951163], [-112.68849160039885, 37.2403619067489], [-112.6839749143878, 37.240364320016766], [-112.68398110256648, 37.23800804970956], [-112.68398284404086, 37.236748816312904], [-112.68397691513033, 37.234379738289796], [-112.67990738781089, 37.2343197507633], [-112.6799113152135, 37.23068735420922], [-112.67991198899327, 37.2270858263651], [-112.68396161462806, 37.22711482570766], [-112.68396135629503, 37.22692077881096], [-112.68395983708888, 37.22584401342379], [-112.68847515949666, 37.225844603572575], [-112.68846810409943, 37.22221254316664], [-112.68621375509767, 37.222211860669624], [-112.6861944115309, 37.22128748875308], [-112.68395297824303, 37.22129369926403], [-112.68395224424212, 37.21977059595925], [-112.68395169505176, 37.218585208411675], [-112.68395059700589, 37.216128177801885], [-112.67892700776162, 37.21612163753088], [-112.67893119366165, 37.21972679841532], [-112.67893561204772, 37.22348445467398], [-112.67537837473142, 37.223486079970726], [-112.6753648779055, 37.227053003151106], [-112.67081695146783, 37.22695764634215], [-112.6708430269605, 37.22335854755736], [-112.66986828391506, 37.22333074791825], [-112.66983306682208, 37.219725030383806], [-112.6697976908228, 37.21611165192588], [-112.6651878269272, 37.216106174419615], [-112.66525413274886, 37.2197625645536], [-112.66075002458366, 37.21976921913762], [-112.66071182290325, 37.21612027146145], [-112.6562357000758, 37.21613429099028], [-112.65170874454434, 37.216148219330215], [-112.64718178079103, 37.21616197460412], [-112.64264139667148, 37.21616510740625], [-112.64264429272718, 37.21979049468653], [-112.64718638440257, 37.2197885074905], [-112.64719076967873, 37.223415041367005], [-112.64719442151464, 37.2269505513211], [-112.65219607703693, 37.226951166570025], [-112.65217820142395, 37.23048607111546], [-112.6571581983234, 37.230485694837576], [-112.66169430736318, 37.23048530080946], [-112.6616546071611, 37.23411469295157], [-112.66161502248362, 37.237744081455745], [-112.6661524441624, 37.23774781982098], [-112.66614643297663, 37.24142765671314], [-112.66163521946847, 37.241410754044615], [-112.66164774071599, 37.24370079115889], [-112.66160814828874, 37.24369981465506], [-112.66103175663831, 37.243686091736805], [-112.66103220474427, 37.24409167209244], [-112.66055108630731, 37.24409391509187], [-112.66055083602927, 37.24455511567975], [-112.66055087566774, 37.24460315460635], [-112.6604949544552, 37.24460303768746], [-112.66000124339094, 37.24460184989753], [-112.66000274569048, 37.24506600020937], [-112.65717109170689, 37.245046997660964], [-112.65712433755711, 37.241393584544404], [-112.65258579830461, 37.241374736344476], [-112.65263154592257, 37.245012755265115], [-112.6526748742321, 37.2486324192419], [-112.65271820735055, 37.25225181066802], [-112.65263079592803, 37.255873115582176], [-112.64806562542896, 37.255846723496326], [-112.64338432631224, 37.25584673360107], [-112.63869670386175, 37.255846465705574], [-112.63832355151078, 37.25947253157974], [-112.63794543253545, 37.26309451732776], [-112.63756728379674, 37.26671650060642], [-112.63638632023037, 37.266716069704835], [-112.63243409852836, 37.266711159194955], [-112.63184395800293, 37.26671109514503], [-112.62729930404342, 37.26670453554204], [-112.62731030104986, 37.270746553752424], [-112.6273211926059, 37.27478848072562], [-112.62733200003709, 37.278831307601806], [-112.622885643006, 37.27890345005926], [-112.61838379814539, 37.27897636448886], [-112.61840437575236, 37.28280211700802], [-112.61691294789183, 37.28279555482942], [-112.61688891105412, 37.286458329152154], [-112.61686487846468, 37.290121101343644], [-112.61684096097501, 37.29378377975894], [-112.61491464455258, 37.29573986285038], [-112.61482037672312, 37.295821184975374], [-112.61291789335704, 37.29746118462778], [-112.61233997314633, 37.29746356298126], [-112.61232818538825, 37.29836989259626], [-112.61119306819924, 37.29835777471505], [-112.6111873040842, 37.29876974821987], [-112.61004561013381, 37.29875635698148], [-112.6100564731554, 37.2974455355004], [-112.60779610340363, 37.29742760027204], [-112.60777230798547, 37.299240352680464], [-112.608910843418, 37.29924813054449], [-112.60889479855318, 37.30016308023213], [-112.60776029633725, 37.30015461663716], [-112.60774869672322, 37.30102993861721], [-112.60320656193723, 37.3010061259267], [-112.59869091044372, 37.3009861972815], [-112.5941749185602, 37.30096619086781], [-112.59412942133137, 37.30460942163135], [-112.59408448552452, 37.30824173701942], [-112.59860069963514, 37.30824100963433], [-112.59857196063238, 37.31061371484234], [-112.59789382765648, 37.311867663405366], [-112.59695251310325, 37.3118677547742], [-112.59701683448111, 37.311595865089295], [-112.59404530635518, 37.31159619147966], [-112.5940422444921, 37.31186797533838], [-112.59173222081618, 37.31185968966843], [-112.59174625092196, 37.31327409490655], [-112.59403241237527, 37.31329387752988], [-112.59401740460294, 37.3154684703347], [-112.58959557681052, 37.31550281937257], [-112.58517385369558, 37.31553709178715], [-112.58516225471438, 37.31183631709051], [-112.58516832187568, 37.30817045439653], [-112.58962708336904, 37.30820626077806], [-112.58965190809427, 37.3045570903922], [-112.58517439680047, 37.3045046796318], [-112.58069598131263, 37.30445202119614], [-112.58068286271885, 37.30076414645053], [-112.58518054996485, 37.30083160115345], [-112.58967767696804, 37.3008989823458], [-112.58970356068669, 37.29724078055227], [-112.5942204216192, 37.297323138237566], [-112.5942383177051, 37.29364945062082], [-112.59425622047709, 37.289975850949645], [-112.59427423890195, 37.286302157495165], [-112.5987949014493, 37.2863391403641], [-112.59881441906118, 37.2826665076287], [-112.59742444053151, 37.28265670664523], [-112.59429215123623, 37.28262855350588], [-112.59288151776201, 37.28261275835462], [-112.58976996794438, 37.28259988898755], [-112.588341851464, 37.28259481981827], [-112.5852623392949, 37.28258212288385], [-112.58380207200527, 37.28257688876866], [-112.58075493583925, 37.28256436219662], [-112.57926229404063, 37.2825590537946], [-112.57624730840124, 37.28254670306621], [-112.57619294051982, 37.28614247487453], [-112.57613857364262, 37.28973824467044], [-112.57163328095058, 37.2897287649079], [-112.57164552372451, 37.29332635197821], [-112.57165765729732, 37.29692375819744], [-112.56716240930804, 37.29685368137478], [-112.56266277895479, 37.296865961126166], [-112.5581631447414, 37.29687824997858], [-112.55811334758826, 37.29328872280737], [-112.55806356125733, 37.2896991934059], [-112.55801378388858, 37.28610957166771], [-112.55796401919683, 37.28252003780593], [-112.55628511967222, 37.28251887411608], [-112.55343876133014, 37.282522922133445], [-112.55172737706383, 37.28252184974837], [-112.54891338420036, 37.28252563486913], [-112.54716974063172, 37.28252464834538], [-112.54438811522203, 37.28252826316354], [-112.54261187211348, 37.28252727432933], [-112.53986283981438, 37.28253071838957], [-112.5399291234163, 37.28614276620473], [-112.53999541945082, 37.28975481171028], [-112.5400684005403, 37.29336766937546], [-112.54014128375768, 37.29698061628273], [-112.53563933410753, 37.29697450271563], [-112.53557847912921, 37.30061757923463], [-112.53551762262579, 37.30426056357975], [-112.53549064381849, 37.30791040681756], [-112.54000198640047, 37.30792459951123], [-112.54000044126609, 37.31159339657933], [-112.53546366860616, 37.31156024793232], [-112.53092678649827, 37.311527196973934], [-112.52642875269997, 37.311540248677474], [-112.52193082782537, 37.31155330813607], [-112.52193496260328, 37.30791340177721], [-112.5174390864165, 37.307888677312214], [-112.51742444741166, 37.311544493218996], [-112.51291795109148, 37.311535598151075], [-112.51294388424866, 37.315115004235054], [-112.51296982393932, 37.31869431805636], [-112.51299589884673, 37.32230247001787], [-112.51752066703342, 37.32232932817911], [-112.51755287455263, 37.32593379112666], [-112.52208365261373, 37.32595688038716], [-112.52210332265133, 37.329538515955214], [-112.52212300229846, 37.333120239489176], [-112.52665211063118, 37.33313992636738], [-112.53118121526197, 37.333159439743056], [-112.53116763988896, 37.32954934171855], [-112.53115407186809, 37.32593924153427], [-112.53568927534008, 37.32593038655209], [-112.54022447714561, 37.3259216280079], [-112.54475612697433, 37.3259269825025], [-112.54928777500042, 37.32593234356068], [-112.54922688599294, 37.322313047071404], [-112.55375650777093, 37.32231835555898], [-112.55381942307334, 37.3259378012878], [-112.55835118031204, 37.325943173984285], [-112.55836016635311, 37.329585315353576], [-112.55836915953262, 37.33322745453818], [-112.5629013734637, 37.3332447200402], [-112.56743358325114, 37.333261811803155], [-112.56741752535099, 37.32961580540185], [-112.56740351455649, 37.32644277370596], [-112.5719266284165, 37.32672552167927], [-112.57644966281309, 37.32700836769443], [-112.58082904635113, 37.32678462600644], [-112.58520828711846, 37.32656081436028], [-112.58508656954675, 37.33017864473701], [-112.58496495753283, 37.333796381509174], [-112.58484328332678, 37.337411413155685], [-112.58472171847612, 37.3410265314096], [-112.58508458098645, 37.341007518735346], [-112.5892719423159, 37.3407945926128], [-112.58945360836525, 37.34078557199958], [-112.59382307080784, 37.34056417918012], [-112.5938442866663, 37.34423785381659], [-112.59386551302275, 37.347911616306924], [-112.59388503845497, 37.3514404710953], [-112.59390457173659, 37.35496932380942], [-112.59402267108197, 37.35873776231505], [-112.58955321199828, 37.35875411947168], [-112.58508363196776, 37.358770309226934], [-112.58499339705038, 37.35492045741176], [-112.58065638971088, 37.35541148711701], [-112.57631943686347, 37.35590253769947], [-112.57635200875825, 37.35864709613225], [-112.57635855659659, 37.3593163124207], [-112.57639450923143, 37.36228146181183], [-112.57639872404154, 37.36273115285878], [-112.57633969727839, 37.365916581849895], [-112.57633101298839, 37.366321830417455], [-112.57626584004592, 37.36991508590375], [-112.57197432122956, 37.36986487103686], [-112.57174377899491, 37.369862167350064], [-112.56742153929135, 37.369811564506655], [-112.5672216089541, 37.36980925738102], [-112.56286809638944, 37.36979152937431], [-112.56276825996711, 37.369791136402135], [-112.55831411872923, 37.36977294813641], [-112.55376122702408, 37.36975228437418], [-112.54920810951678, 37.3697316283846], [-112.54468034430138, 37.3697027145799], [-112.54015246539967, 37.36967371886419], [-112.53560878763955, 37.369667377436], [-112.53106510819292, 37.36966104157414], [-112.52653067251657, 37.3696316988626], [-112.52199623432031, 37.36960218215387], [-112.51744845849782, 37.369577619739054], [-112.51290056849953, 37.36955297386784], [-112.50848824148082, 37.36935030891715], [-112.50407593256438, 37.369147478763736], [-112.49962214232458, 37.369157266972074], [-112.4996333163497, 37.372753059728126], [-112.504100213734, 37.37274427412969], [-112.50854235872055, 37.37286434157631], [-112.51298473973803, 37.37298432901345], [-112.51756708105543, 37.373015828120835], [-112.51768582916131, 37.376453852548124], [-112.51768037502387, 37.3800553428977], [-112.51767503380657, 37.383656559367324], [-112.5221047227071, 37.383703355325416], [-112.52208447226778, 37.38727709001318], [-112.52206422580173, 37.3908508226514], [-112.52202696661598, 37.39444892712539], [-112.52198971166571, 37.39804711965541], [-112.52650625942879, 37.39812371909683], [-112.53102292697783, 37.398200324487895], [-112.53553959952657, 37.39827684717472], [-112.54005616780016, 37.39835346883828], [-112.54006350698636, 37.39476540253135], [-112.54007085148623, 37.39117733413596], [-112.54007820129942, 37.387589263652146], [-112.540085669345, 37.38400118960914], [-112.54454369585123, 37.384068315872874], [-112.54900172808063, 37.38413545403748], [-112.55345976416889, 37.38420251399577], [-112.55791780782437, 37.38426967595651], [-112.55786659586742, 37.38784245658741], [-112.55781527214924, 37.39141523671038], [-112.55776394958811, 37.39498801483747], [-112.55771273925824, 37.39856069937558], [-112.56218361013126, 37.39857885325656], [-112.56665448087584, 37.398597018171905], [-112.57116094443158, 37.398615532232725], [-112.5712170102023, 37.395035482949964], [-112.57576624354614, 37.39505136219893], [-112.58026352484046, 37.39515392423155], [-112.58022411140207, 37.39874790130582], [-112.58474263566438, 37.398861453011534], [-112.58933871795902, 37.39894521812706], [-112.59393480590903, 37.39902889437335], [-112.5983615389787, 37.399058531340266], [-112.60278827331899, 37.399088182624645], [-112.60721511993926, 37.39911775658704], [-112.61164185487198, 37.39914734639605], [-112.61621128978928, 37.39901466060763], [-112.62078070595129, 37.398881978728255], [-112.62535010335115, 37.39874930075966], [-112.62991948198201, 37.39861662670371], [-112.63432310093317, 37.398384492995525], [-112.63872669052931, 37.39815237604451], [-112.63863393287157, 37.394645139610915], [-112.63854118604935, 37.391137720695944], [-112.63844833714246, 37.38763012086423], [-112.64290839094787, 37.38747350051746], [-112.6473684198794, 37.38731671231168], [-112.6517961618997, 37.387326403910876], [-112.65184376525414, 37.39077711747943], [-112.65189137498496, 37.3942276487879], [-112.65630409597902, 37.39422421848373], [-112.65634409013232, 37.397668091156966], [-112.66074918378611, 37.397658110411406], [-112.66515438496648, 37.397648054009096], [-112.66528673413866, 37.401218688768054], [-112.66541921525562, 37.4047893194134], [-112.66555171538829, 37.40835994753582], [-112.66987066556638, 37.40872693808376], [-112.66977121572698, 37.40515305624766], [-112.67412313930582, 37.405516633365764], [-112.67848268428523, 37.40588075260887], [-112.67851403508847, 37.40946775683895], [-112.68277347461358, 37.409835930433715], [-112.68733781518392, 37.40981736604249], [-112.6919022576282, 37.409798533687656], [-112.69190638951419, 37.413402408620776], [-112.69647814237288, 37.41338761868209], [-112.70104988861738, 37.41337274200246], [-112.70106879151872, 37.41479278915945], [-112.70107923274114, 37.415579001152324], [-112.70109775277443, 37.416972015082685], [-112.70114562616055, 37.42057119583254], [-112.7056821911917, 37.42057043122734], [-112.71021863638207, 37.42056949407532], [-112.71025252141368, 37.42417995268588], [-112.71478207903564, 37.424184705783944], [-112.71480886275259, 37.42780084971179], [-112.71933142061962, 37.427811295734834], [-112.71931552632421, 37.43143914088749], [-112.71929952643302, 37.435067075685694], [-112.71928364485197, 37.43869500674458], [-112.71926765560372, 37.44232293735197], [-112.71925195087567, 37.44594824812332], [-112.7238437160081, 37.44597633941622], [-112.7238421742296, 37.449607928959445], [-112.72844820921122, 37.44964220985368], [-112.72846086920671, 37.45328160859579], [-112.7330034402977, 37.453314114263584], [-112.73300740185346, 37.45667451396246], [-112.73754219833259, 37.45671885353007], [-112.7375158050647, 37.460566107813605], [-112.73748952783507, 37.464413268005885], [-112.74205093935551, 37.464195761847144], [-112.7466122065305, 37.46397817194155], [-112.75113108655104, 37.4637623862475], [-112.75564993370544, 37.463546428301996], [-112.75560575504612, 37.46710553376463], [-112.7556065381792, 37.46722602069156], [-112.75556610676104, 37.47066484035677], [-112.76012589136313, 37.4707019834983], [-112.76009740987197, 37.474294107100576], [-112.75555113084492, 37.47426839071054], [-112.75555054834047, 37.4745238163889], [-112.75553629922987, 37.47782471094859], [-112.75553747170072, 37.478145451701664], [-112.75554242788603, 37.48154672959808], [-112.75554316988202, 37.481766896088146], [-112.75554811018124, 37.485268662619056], [-112.75554808207147, 37.48538826000844], [-112.75554998903449, 37.489011378966005], [-112.75555003168007, 37.48911466246979], [-112.75555179010169, 37.49263449747684], [-112.75555173300151, 37.49296057319063], [-112.76004391232989, 37.49284982242691], [-112.7645359584709, 37.492738902775436], [-112.76908269744234, 37.49262645226509], [-112.77362952879507, 37.49251382531311], [-112.77359206969756, 37.49593672250104], [-112.77359080638634, 37.49603633009572], [-112.77355231104086, 37.49955873946435], [-112.77428432151275, 37.49956396646883], [-112.77836548804959, 37.49959351631949], [-112.77880616619706, 37.49959670310172], [-112.78317471023158, 37.499628426872874], [-112.78332473280344, 37.499629496148046], [-112.787841376147, 37.49966223534721], [-112.78798223490321, 37.499663257179485], [-112.792563936376, 37.499696542917206], [-112.7926245350149, 37.50333262271463], [-112.79262573405391, 37.50350573483838], [-112.79268185203114, 37.50696811933677], [-112.79715735657089, 37.506984178127006], [-112.80163274083462, 37.50699997882805], [-112.80614545897886, 37.507015849839675], [-112.81065816976772, 37.5070314582026], [-112.81518807210558, 37.50705627301422], [-112.81971808553993, 37.50708100227054], [-112.81976677335575, 37.51072119882121], [-112.81981547540576, 37.5143614831831], [-112.82433930154225, 37.5143835119063], [-112.82438102610446, 37.518039038638285], [-112.82442264683013, 37.52169447475269], [-112.82446438554531, 37.525349636573225], [-112.82898143392356, 37.52537744283967], [-112.82902085348987, 37.52903470734551], [-112.82905344172183, 37.53268982248877], [-112.83357833595876, 37.532668749370906], [-112.83359225765318, 37.534489491756496], [-112.83360614978537, 37.53631816500953], [-112.83362958300036, 37.53995466875939], [-112.83814903195449, 37.53992457785132], [-112.8381722123216, 37.54348162964484], [-112.84258847915825, 37.543467714579016], [-112.84259413846893, 37.54346771636525], [-112.8471320648324, 37.5434534831958], [-112.84714112060269, 37.54345352174064], [-112.85168825903474, 37.543468709968415], [-112.85171780228079, 37.54346878728074], [-112.85623608866074, 37.543484432967496], [-112.85630434396873, 37.54348462136934], [-112.86078516205252, 37.54346373124294], [-112.86526812459685, 37.5434428172512], [-112.86533184282766, 37.5434426215027], [-112.8697968686633, 37.5434288484516], [-112.86987994046665, 37.54342861405646], [-112.8743259137427, 37.54341352936775], [-112.87442833904139, 37.54341325483743], [-112.8789185496899, 37.54340216122476], [-112.87897661056584, 37.54340204815364], [-112.88351118341079, 37.54339088464057], [-112.8835247691719, 37.54339102835676], [-112.88800502792577, 37.54343445242641], [-112.88807329611974, 37.54343516297377], [-112.8924995673892, 37.54347855874539], [-112.8926224929097, 37.5434788409755], [-112.8969762949815, 37.543485198576434], [-112.89717199797838, 37.54348547808536], [-112.9011733305291, 37.54349139694466], [-112.90115088829062, 37.53987205231217], [-112.90112845348874, 37.536252615428324], [-112.90110591757644, 37.53263326828761], [-112.90108350222596, 37.529013827073804], [-112.90106326962535, 37.52539083389302], [-112.90104315965655, 37.52176783672873], [-112.90102294610229, 37.51814483922352], [-112.90100274207207, 37.51452183955614], [-112.9009859288038, 37.51089833267268], [-112.90096923781583, 37.50727482181619], [-112.90095244293464, 37.50365131062787], [-112.90093577260508, 37.500027885553976], [-112.90090765628389, 37.496407706926966], [-112.90087955023473, 37.492787526117304], [-112.90085145445619, 37.48916734312508], [-112.90082337123008, 37.4855472480376], [-112.90082245377957, 37.4853724061817], [-112.89698900822182, 37.48537124037416], [-112.89242959080767, 37.485369672031524], [-112.89233853842279, 37.48174742279621], [-112.89689893310923, 37.48175610125421], [-112.8968087611582, 37.47814096154715], [-112.89671915320584, 37.474529595854], [-112.89662945518427, 37.470918499842774], [-112.89652901851467, 37.46729793081486], [-112.89642849288585, 37.46367763141145], [-112.89632639605689, 37.460007876798926], [-112.89622443223729, 37.45633820793902], [-112.8960496786705, 37.45633028798059], [-112.89602903861372, 37.45298808541974], [-112.90064911269923, 37.45303948328659], [-112.90061489200713, 37.44947597307052], [-112.9006146075993, 37.44940693964386], [-112.89600691585129, 37.449412212184875], [-112.89599493284778, 37.44577642171372], [-112.89152290345126, 37.4457829418267], [-112.88704903567371, 37.44579292685404], [-112.88703879412122, 37.442163860083085], [-112.88705214191843, 37.43851963411451], [-112.89153427181257, 37.43851384760416], [-112.89156233786117, 37.43487902933722], [-112.89159057820231, 37.43121951211716], [-112.88708245562803, 37.43123048753639], [-112.88706560673393, 37.43487531415683], [-112.88256887095947, 37.43487151786929], [-112.88257432434919, 37.43124129094514], [-112.88257967177194, 37.4276110637206], [-112.88709919526431, 37.427585570542874], [-112.89161882574263, 37.42756008290704], [-112.89160307971876, 37.423939478736656], [-112.89158734273302, 37.4203188724209], [-112.89157125516151, 37.4166390576037], [-112.88700819287048, 37.416654684824614], [-112.88700259132956, 37.412996237250105], [-112.89155528760972, 37.41295914867388], [-112.89155495328757, 37.40942426910705], [-112.89611219586422, 37.40943289829244], [-112.89612022998804, 37.40586174490753], [-112.89155462389998, 37.40588929744743], [-112.88699680142302, 37.40591663934078], [-112.88243908100804, 37.40594380370672], [-112.88243365197093, 37.40239980382903], [-112.87787078209834, 37.40241146003687], [-112.87330790327474, 37.40242294008121], [-112.87332268407087, 37.40599680878512], [-112.87333750032694, 37.40953092970565], [-112.86882413239064, 37.409579129017075], [-112.86881236550201, 37.406022786082275], [-112.86430203648924, 37.4060485912924], [-112.8642492118364, 37.402467656007516], [-112.86419628430868, 37.39888663019458]], [[-112.67391191002888, 37.380791262437675], [-112.67391596022833, 37.384280340784116], [-112.6694851212359, 37.3841020790062], [-112.66950675729542, 37.38757820137168], [-112.66507936504927, 37.387354843726115], [-112.6606516345103, 37.38734546961822], [-112.66061916892941, 37.383907707924756], [-112.6650544138268, 37.38392382922501], [-112.66499456188528, 37.38051790941895], [-112.66493472121695, 37.37711198756824], [-112.66487489181992, 37.373706063672934], [-112.66939378296328, 37.373773214973326], [-112.6694213458305, 37.377207079225116], [-112.66945328751514, 37.38065466942293], [-112.67391191002888, 37.380791262437675]], [[-112.65126313994551, 37.373566440090016], [-112.65142387146713, 37.37699755583032], [-112.65158626723786, 37.38043666756925], [-112.65174856689872, 37.38387559818287], [-112.64731332267694, 37.383859608162], [-112.64283442187445, 37.38399105803088], [-112.64270557159647, 37.38051361211766], [-112.63828872327635, 37.380617798180246], [-112.638221955871, 37.37711307542449], [-112.63815507808586, 37.373607901541945], [-112.63386053817624, 37.373657498211806], [-112.62956519845297, 37.37370703999005], [-112.62506447992966, 37.37373293085942], [-112.62508629906978, 37.37012269395565], [-112.62104697895344, 37.370100988718086], [-112.62104445271562, 37.36620555327914], [-112.61668389879839, 37.366212254690026], [-112.61657614096639, 37.362543035498554], [-112.61655422930028, 37.35883776049882], [-112.6120689472402, 37.35886338732237], [-112.61202737992006, 37.35516801893844], [-112.6074966717438, 37.35511829042892], [-112.60296596893156, 37.355068658472064], [-112.59843526765115, 37.35501894286257], [-112.59841666289623, 37.35146403298826], [-112.60294828381606, 37.35148742113498], [-112.60748035648746, 37.35151080960584], [-112.60746404913812, 37.34790332662544], [-112.6074480286242, 37.34425068276639], [-112.61198367493479, 37.34426628338206], [-112.61199737013041, 37.347900209211616], [-112.61652134364942, 37.347861444540506], [-112.61652683061364, 37.35149691990555], [-112.6210412248238, 37.35145964325589], [-112.6240768902336, 37.351434488595764], [-112.62410431955475, 37.35257118312116], [-112.62557434594719, 37.35254747123207], [-112.62555878581452, 37.35506093934971], [-112.63008030032212, 37.355025020055], [-112.63015950505797, 37.35875951140262], [-112.63464750952927, 37.35869909161749], [-112.6391353895137, 37.35863859330176], [-112.63914915328695, 37.362307554034935], [-112.64359441010802, 37.36221430765228], [-112.6435982650664, 37.36598813111691], [-112.64360227957579, 37.37007424647863], [-112.6423195661148, 37.3700806230542], [-112.64244814471176, 37.37355843967962], [-112.64674063732215, 37.37350892000279], [-112.65126313994551, 37.373566440090016]], [[-112.67945899825604, 37.26680735761885], [-112.67509060471892, 37.266794725605315], [-112.67516623408858, 37.263199545364316], [-112.67957555594566, 37.26321619260147], [-112.67945899825604, 37.26680735761885]], [[-112.5581631447414, 37.29687824997858], [-112.55814508143274, 37.3005248201769], [-112.55812691172422, 37.30417147983493], [-112.55361291887206, 37.3041927117371], [-112.5490990320122, 37.30421386007618], [-112.5491256258181, 37.300571593911314], [-112.54915222513935, 37.296929415740486], [-112.55365768859262, 37.29690387356538], [-112.5581631447414, 37.29687824997858]], [[-112.58026352484046, 37.39515392423155], [-112.58030305174071, 37.3915598535106], [-112.58034240497554, 37.387973534230234], [-112.58038187165053, 37.38438712131214], [-112.58481510670966, 37.3844713551116], [-112.58494695266356, 37.380872977082284], [-112.58949876196188, 37.38095003980115], [-112.58924823655651, 37.38455560413579], [-112.59368148702205, 37.38463986535103], [-112.59374477052631, 37.388237148937414], [-112.5938081773559, 37.391834338615176], [-112.58929358199754, 37.391742797912215], [-112.58477898948613, 37.39165099440846], [-112.58476081032242, 37.39525622475094], [-112.58026352484046, 37.39515392423155]], [[-112.63844833714246, 37.38763012086423], [-112.6339882624118, 37.38778675355195], [-112.63387667702412, 37.384253898665165], [-112.63835550104118, 37.384122428651715], [-112.63844833714246, 37.38763012086423]], [[-112.6628323315231, 37.250064031696134], [-112.66313070236951, 37.250240280911235], [-112.66299606273499, 37.25036763375084], [-112.66271401951815, 37.250200708674], [-112.6628323315231, 37.250064031696134]], [[-112.7881595234602, 37.41402690880858], [-112.78816584867563, 37.41402681310989], [-112.78818214779471, 37.41402800852967], [-112.78819848119402, 37.414030645450865], [-112.78821307595003, 37.41403619272033], [-112.78822680138612, 37.414043195163295], [-112.78823786743824, 37.41405240087558], [-112.78824716056869, 37.414063075434115], [-112.7882546636368, 37.4140744980876], [-112.78825858657679, 37.41408741693217], [-112.78826068517158, 37.41409964236877], [-112.78825918649497, 37.414112643245176], [-112.78825410768547, 37.414127140313056], [-112.7882446651201, 37.414148192506545], [-112.78822675213935, 37.41419316622692], [-112.78821356284381, 37.414246720607984], [-112.78821034747152, 37.414301566103056], [-112.78821528169169, 37.41435700930402], [-112.78823010417436, 37.414410139858546], [-112.78823588576539, 37.41442519361435], [-112.78841146261813, 37.41485225953569], [-112.78846926720084, 37.415040289716224], [-112.78847129729007, 37.41504963213923], [-112.7884705993934, 37.415058294832335], [-112.78846809426749, 37.41506698487323], [-112.78846286115396, 37.41507499518411], [-112.7884567072816, 37.415082298417], [-112.78844963265023, 37.41508889457173], [-112.7884398128872, 37.41509409024397], [-112.78842995883721, 37.41509784441217], [-112.78841916688587, 37.41510017074991], [-112.78840834064873, 37.41510105558345], [-112.78839748012632, 37.41510049891275], [-112.78838656817695, 37.41509777998616], [-112.78837654270102, 37.41509432663372], [-112.78836738655652, 37.41508941810398], [-112.78835909974383, 37.415083054397144], [-112.78835354091875, 37.41507737042231], [-112.78818713650763, 37.41492198682892], [-112.78815671737844, 37.4148972116805], [-112.78811177191275, 37.41486977225529], [-112.78806065544693, 37.41484891527325], [-112.78800698242007, 37.41483458604548], [-112.78795078709543, 37.41482822607257], [-112.78789384240457, 37.414828366508836], [-112.7878379898307, 37.41483642151928], [-112.78778413296901, 37.41485237743729], [-112.78773493123404, 37.41487403100551], [-112.78769041889018, 37.414902823733776], [-112.78765763635, 37.414930718015064], [-112.78764616353949, 37.414942427725094], [-112.78763735016095, 37.414951934175754], [-112.78762243423874, 37.414970906073044], [-112.7876032915303, 37.4150021990881], [-112.78740935007943, 37.41539952539353], [-112.78723806173062, 37.41591331260855], [-112.78723729516012, 37.415919092289144], [-112.78723564209591, 37.41592560638647], [-112.78723216464849, 37.415931427061224], [-112.78722776644315, 37.415936540648616], [-112.78722244747982, 37.41594094714851], [-112.78721530413277, 37.4159446602254], [-112.7872081436534, 37.41594765254987], [-112.78720094891041, 37.415949203369955], [-112.78719283340983, 37.41595004710205], [-112.78718558727212, 37.4159494356652], [-112.78717742037742, 37.41594811714024], [-112.78717012284626, 37.41594534344647], [-112.78716371181021, 37.415941835336], [-112.7871581872693, 37.41593759280903], [-112.78715353209249, 37.41593189511361], [-112.78714978054192, 37.415926183753946], [-112.78714783624287, 37.415920445065986], [-112.78714677843854, 37.4159139719619], [-112.78712526695318, 37.41580758760512], [-112.78710695034955, 37.41575955683011], [-112.78707954615001, 37.41570950043025], [-112.7870431742837, 37.41566246366327], [-112.78699965913567, 37.4156191399471], [-112.78694995571941, 37.41558167786767], [-112.78689316041074, 37.41555009107941], [-112.78683287056022, 37.41552360417394], [-112.78676734742596, 37.415505127477196], [-112.7867001712197, 37.41549316483446], [-112.78663135905026, 37.41548843699564], [-112.7865627181391, 37.41549091663951], [-112.78649515208723, 37.41550059010791], [-112.78644212957047, 37.4155136487639], [-112.78643585559581, 37.415515906630624], [-112.78576799489203, 37.41571274156927], [-112.78575723699602, 37.41571650917322], [-112.78574557547512, 37.415720290429526], [-112.78570262946047, 37.41573896459472], [-112.78566525921967, 37.41576404360236], [-112.78563523776579, 37.41579405864757], [-112.78561254798592, 37.415828288983164], [-112.7855989800217, 37.415865986556156], [-112.78559536904696, 37.41590425470653], [-112.7856008114504, 37.41594310708713], [-112.78561523878076, 37.4159796606858], [-112.78561902445232, 37.415986813602345], [-112.78574137447474, 37.41619045320762], [-112.78574514305184, 37.41619688536675], [-112.7857595533875, 37.41623271819071], [-112.78576404092198, 37.41626942195491], [-112.78576039578456, 37.416306248601146], [-112.78575282799741, 37.416330156316114], [-112.78574590706963, 37.416343239089485], [-112.78573624100987, 37.416354921317705], [-112.78572471633119, 37.416364468594296], [-112.78571042940223, 37.41637189457195], [-112.78569520460398, 37.416377892696026], [-112.78567902481986, 37.41638174221356], [-112.7856627765658, 37.41638270871874], [-112.78564559044567, 37.41638224736934], [-112.7856292394905, 37.416378889354604], [-112.78562011759011, 37.416375422117525], [-112.78559005811553, 37.4163657821114], [-112.78553462850363, 37.416353641342226], [-112.78547664205186, 37.416348028274484], [-112.78541795735244, 37.41635107786073], [-112.78536123393751, 37.41636058689087], [-112.78533519975912, 37.416368190280686], [-112.78532890856468, 37.416369727338356], [-112.78532353811556, 37.41637197149809], [-112.78527227068933, 37.41638284008987], [-112.78522084923203, 37.416387221885266], [-112.78516835301251, 37.41638440978019], [-112.78511749294172, 37.41637436282672], [-112.78507007629733, 37.41635705372996], [-112.78503345191965, 37.416337418579204], [-112.78485457471902, 37.41622764236749], [-112.78481702972043, 37.41620730003986], [-112.78476130949548, 37.41618290610183], [-112.78470124223537, 37.41616578789326], [-112.7846386351842, 37.41615591811806], [-112.7845743919541, 37.41615328312819], [-112.78451120630947, 37.41615712123647], [-112.78444820881514, 37.41616888759466], [-112.78439973779813, 37.41618331864256], [-112.78438897976206, 37.416187086125156], [-112.78438360929596, 37.416189330242645], [-112.78387399225494, 37.416388812373576], [-112.78386862175834, 37.41639105646835], [-112.78382830027464, 37.41640608528842], [-112.7837322783923, 37.41643565398428], [-112.78363429528525, 37.41645876309871], [-112.78355685633932, 37.416471467941804], [-112.78321806431022, 37.4165176778373], [-112.7832054476134, 37.41651931022267], [-112.78311071981173, 37.41652722854926], [-112.7830490467395, 37.41652815901281], [-112.78301493452621, 37.41652867365101], [-112.78299774837326, 37.41652821191691], [-112.78298236949003, 37.41652772291547], [-112.78297602695498, 37.41652709758868], [-112.78296603569824, 37.41652508528358], [-112.78295691389431, 37.41652161783824], [-112.78294866154367, 37.41651669525283], [-112.7829412957377, 37.41651103828112], [-112.78293572011091, 37.41650463329121], [-112.78293103102865, 37.41649749391539], [-112.78292813212516, 37.416489606521765], [-112.78292704049086, 37.41648169186411], [-112.78292773903428, 37.41647302918885], [-112.78293027902758, 37.41646578075681], [-112.78293460919741, 37.41645778430705], [-112.7829407808162, 37.41645120210022], [-112.7829451964394, 37.41644680941812], [-112.7830450074524, 37.41637212097891], [-112.78308286675018, 37.416343790860346], [-112.78311662363723, 37.416318767175675], [-112.78322428795654, 37.416246483641665], [-112.7833375106071, 37.416179884231894], [-112.78338214508673, 37.41615613836101], [-112.7836428762151, 37.416020258674166], [-112.7837732499701, 37.41595267899969], [-112.78407326035678, 37.415796017214035], [-112.78409736751576, 37.415783396112225], [-112.78411700784636, 37.415773005469745], [-112.78423380926647, 37.41570490916508], [-112.7843450347965, 37.415630407826804], [-112.78438503077759, 37.415601684532284], [-112.7850654165065, 37.415094633330455], [-112.78506984903642, 37.415090961326214], [-112.78507695819404, 37.41508580687201], [-112.7851437369725, 37.41504297958511], [-112.78521517064641, 37.41500585004028], [-112.78529127633699, 37.41497513898176], [-112.78537116755608, 37.41495158080332], [-112.7854539235937, 37.41493446839486], [-112.78553865796945, 37.41492453615419], [-112.78562356347813, 37.41492181138065], [-112.78568690205337, 37.41492445947948], [-112.78582454240752, 37.41493463700025], [-112.78589507567364, 37.414935734252325], [-112.78596270978805, 37.41492894414776], [-112.7860292861977, 37.41491568088682], [-112.78608312638909, 37.41489900500548], [-112.78609298053858, 37.414895251030515], [-112.78615200268948, 37.41486840264866], [-112.78619837421593, 37.41484174542969], [-112.786357548626, 37.4146929744008], [-112.78669002789596, 37.41438151888199], [-112.7870870628645, 37.41400996341353], [-112.7870986041453, 37.41400113676651], [-112.78711375983261, 37.41399225546564], [-112.78713077410963, 37.413985509093024], [-112.78714876050483, 37.41398163206355], [-112.78716679828807, 37.413979917288124], [-112.7871858081931, 37.41398107185515], [-112.7872030794156, 37.413985136755834], [-112.78722038490093, 37.413990643158385], [-112.78723320663845, 37.4139976593835], [-112.78725247351079, 37.41400962522281], [-112.78725798077984, 37.41401314699803], [-112.78730919924764, 37.41403832886374], [-112.78736387797407, 37.4140569692763], [-112.78742111334398, 37.414069081896876], [-112.78748088821038, 37.41407394597], [-112.78752514762857, 37.41407255557343], [-112.78815321538417, 37.41402772525878], [-112.7881595234602, 37.41402690880858]], [[-112.66952839947429, 37.3910542316234], [-112.67395260864775, 37.39132225881122], [-112.67397076454914, 37.39481987411652], [-112.6695500157626, 37.39451854368151], [-112.66952839947429, 37.3910542316234]], [[-112.72346309589479, 37.35719018800234], [-112.72800026279215, 37.357215545504516], [-112.72800603212801, 37.3607558664167], [-112.7234734351211, 37.36070268537888], [-112.72346309589479, 37.35719018800234]], [[-112.7098430697762, 37.35012987773734], [-112.7143297741718, 37.35012918543355], [-112.71432302290182, 37.35372368591744], [-112.70983532987984, 37.353735029627984], [-112.7098430697762, 37.35012987773734]], [[-112.82819325150136, 37.31413028795348], [-112.83272640623962, 37.31414504505936], [-112.83272567428075, 37.317757623186175], [-112.8281919428885, 37.31774666275543], [-112.82819325150136, 37.31413028795348]], [[-112.73253874153943, 37.36080887185467], [-112.73707133756864, 37.36086170499553], [-112.73706983616813, 37.36448414201735], [-112.73254012058815, 37.36443838904599], [-112.73253874153943, 37.36080887185467]], [[-112.74155404966652, 37.31036811780448], [-112.74610229048108, 37.310369935022536], [-112.74610615784093, 37.31398546666204], [-112.74155705761015, 37.31398519676455], [-112.74155404966652, 37.31036811780448]], [[-112.77391345566222, 37.41311491597331], [-112.77843685855068, 37.413108944939964], [-112.77851811606989, 37.416745137933184], [-112.77398184352758, 37.41675130759997], [-112.77391345566222, 37.41311491597331]], [[-112.70085055644577, 37.384422354053925], [-112.70539284899402, 37.38439675550005], [-112.70542372906762, 37.38802314408359], [-112.70088142523949, 37.388047935086654], [-112.70085055644577, 37.384422354053925]], [[-112.80989728751545, 37.424120362259345], [-112.81445724452946, 37.424137048701795], [-112.8144674072332, 37.42774129730851], [-112.80987101552104, 37.42774121409401], [-112.80989728751545, 37.424120362259345]], [[-112.80107559971893, 37.45306874547463], [-112.80098352695295, 37.44940888196777], [-112.80540788466446, 37.449391917823434], [-112.80552483464116, 37.45302426755877], [-112.80562949103185, 37.45627629271752], [-112.80115975697501, 37.456412116069316], [-112.80107559971893, 37.45306874547463]], [[-112.75572710818464, 37.413204508017884], [-112.76027376033403, 37.41318212372438], [-112.76482029190713, 37.41315965632814], [-112.76487248773184, 37.41679891336942], [-112.76031785667347, 37.4168226773921], [-112.75576321569953, 37.41684626591289], [-112.75572710818464, 37.413204508017884]], [[-112.60737975365743, 37.381225821549876], [-112.60727484634904, 37.38492470218337], [-112.60274375529194, 37.3848297498203], [-112.60285467595585, 37.381158819623906], [-112.60737975365743, 37.381225821549876]], [[-112.60285467595585, 37.381158819623906], [-112.59845262421737, 37.381092955382435], [-112.59405068712343, 37.381026925502645], [-112.59441997096066, 37.377413981673065], [-112.59869278428914, 37.377451101902196], [-112.60296559426693, 37.37748797748393], [-112.60285467595585, 37.381158819623906]], [[-112.78246457366369, 37.28872643646528], [-112.78697559047528, 37.28870823892543], [-112.78693327758752, 37.29232211403819], [-112.78689108263286, 37.29593607553014], [-112.78690961539986, 37.29951784349855], [-112.78240807941594, 37.29953491136353], [-112.78240675321716, 37.2959274650241], [-112.78243560493061, 37.292326952606295], [-112.78246457366369, 37.28872643646528]], [[-112.58078631169965, 37.362675827047006], [-112.5851738851278, 37.36262024844893], [-112.58965740004007, 37.362563307457165], [-112.58972659865854, 37.36623867042158], [-112.58979694454625, 37.3699784582955], [-112.58534628230414, 37.36997007509147], [-112.58525957517571, 37.36627403433732], [-112.58079614522286, 37.36629800531551], [-112.58078631169965, 37.362675827047006]], [[-112.7326065998849, 37.37700383085123], [-112.73717586654513, 37.376988426362416], [-112.7372130794275, 37.38061803645626], [-112.73264960958979, 37.38063480178861], [-112.72808613076032, 37.3806513909777], [-112.72803732230997, 37.37701896865337], [-112.7326065998849, 37.37700383085123]], [[-112.72803732230997, 37.37701896865337], [-112.723476281668, 37.37703398992275], [-112.7234258815007, 37.37339590645861], [-112.72798845025012, 37.37337834353224], [-112.72803732230997, 37.37701896865337]], [[-112.74216912111514, 37.43875086754], [-112.74676311543882, 37.438738473503896], [-112.74677795036654, 37.44238558586614], [-112.75137781515663, 37.44237319353063], [-112.75136944459126, 37.44601866209427], [-112.74676045876339, 37.446032453059466], [-112.7421622054821, 37.44604617623135], [-112.7421780790318, 37.442397889214774], [-112.74216912111514, 37.43875086754]], [[-112.6295094089829, 37.377266458433745], [-112.62945362049825, 37.38082587491554], [-112.62502131818931, 37.38094347789466], [-112.62058899588077, 37.38106091499822], [-112.61624686763298, 37.38117686289502], [-112.61190483112028, 37.38129255995576], [-112.6120036019414, 37.37756554865097], [-112.61628987191443, 37.37749261247401], [-112.62057612590051, 37.377419430967315], [-112.62504277413754, 37.3773429839322], [-112.6295094089829, 37.377266458433745]], [[-112.75129489842396, 37.42778392115235], [-112.75587126059753, 37.427771441077915], [-112.75583523437676, 37.42412968823421], [-112.76040607495791, 37.4241034175465], [-112.7649770203193, 37.42407705851008], [-112.7650292420063, 37.427715858201765], [-112.76045031198682, 37.4277436924456], [-112.76047980346111, 37.43139085428527], [-112.7558979356034, 37.4314188285056], [-112.75131570449642, 37.43143148906178], [-112.75129489842396, 37.42778392115235]], [[-112.74159955243815, 37.36452981137538], [-112.74610915345886, 37.36459903722228], [-112.75061898165755, 37.3646680874813], [-112.75520760243803, 37.364735886067216], [-112.75523845380485, 37.369733086242356], [-112.7547436367919, 37.36973394148622], [-112.75068838090702, 37.36973844570219], [-112.75032285119676, 37.3697388101346], [-112.74614066680637, 37.36974341483075], [-112.74590229046873, 37.36974378042025], [-112.74159301296577, 37.36973649142325], [-112.74159955243815, 37.36452981137538]], [[-112.75977804409898, 37.353694298443536], [-112.75975548050913, 37.35011215142181], [-112.76431013009858, 37.350107288464905], [-112.76886465915865, 37.35010225174487], [-112.76885802774123, 37.35367752873585], [-112.76431803888529, 37.35368595570125], [-112.76432254060722, 37.35745150607614], [-112.76432693538527, 37.36121696573848], [-112.76432255089304, 37.36473740773562], [-112.7597950934441, 37.364803433027326], [-112.75980110401453, 37.36131937626647], [-112.7597895121082, 37.357506794335734], [-112.75977804409898, 37.353694298443536]], [[-112.79194421290622, 37.41431864635928], [-112.79190945738144, 37.413097240240084], [-112.79631549269268, 37.41312616110393], [-112.79638333506453, 37.41676055356901], [-112.8007538233599, 37.41679191965366], [-112.80078612809947, 37.42042873932215], [-112.79645130415254, 37.420394941977506], [-112.79651939068528, 37.42405257901633], [-112.79221978968525, 37.4239929479096], [-112.78779553268092, 37.42399921591612], [-112.78789626085859, 37.42763059051139], [-112.7833365029834, 37.42763649055059], [-112.78324255981022, 37.424005548070326], [-112.77868061213381, 37.42401481391289], [-112.77859938431894, 37.42038114834508], [-112.78314851774545, 37.42037451476366], [-112.78305449374956, 37.4167387924178], [-112.78552540775607, 37.41673618694016], [-112.78552461533975, 37.41653152187195], [-112.78556284180942, 37.41654248052903], [-112.78561180919563, 37.4165489508284], [-112.78566062253525, 37.41654893433451], [-112.78570924758039, 37.41654098954292], [-112.78575589416707, 37.41652586451395], [-112.78579698198774, 37.41650505537091], [-112.78583339755215, 37.41647782771303], [-112.78586246419741, 37.41644566401279], [-112.78588421616607, 37.41641000578038], [-112.7858884946566, 37.41639984697316], [-112.78589106859812, 37.41639403998972], [-112.78590349319688, 37.41634626550813], [-112.78590775086685, 37.416297172413024], [-112.78590206860251, 37.41624822951907], [-112.78588738429075, 37.416200864674806], [-112.78586744941408, 37.41616078927902], [-112.78574600273357, 37.415957136157566], [-112.78574318914845, 37.41595285260226], [-112.78574023862342, 37.41594280302633], [-112.78573817460804, 37.41593201904445], [-112.78573974221547, 37.415921901201884], [-112.7857431170746, 37.41591175605264], [-112.78574829918475, 37.41590158359659], [-112.78575532278039, 37.415892825338645], [-112.78576509148698, 37.415885467624996], [-112.78577579805292, 37.41587953776212], [-112.78578744247862, 37.41587503574977], [-112.78646875614885, 37.41567367127514], [-112.78647412651263, 37.41567142706525], [-112.78650379194258, 37.41566448954893], [-112.78655964529678, 37.415656435150616], [-112.7866165735178, 37.41565557458883], [-112.78667278650306, 37.41566265593459], [-112.78672644277115, 37.41567626500556], [-112.78677667296662, 37.41569785697041], [-112.78682252209639, 37.415725283238125], [-112.78686126216769, 37.41575786404691], [-112.78689289317978, 37.41579559940376], [-112.78691647724703, 37.41583706147239], [-112.78692805728225, 37.41586788986532], [-112.78699802157806, 37.41611125476992], [-112.78700477521653, 37.416129177930024], [-112.78701793990561, 37.41615060920794], [-112.7870355713548, 37.416169809911665], [-112.78705676593717, 37.416186793702636], [-112.78708239302081, 37.416200105411264], [-112.78710974171736, 37.416209786026386], [-112.78713881202334, 37.4162158355469], [-112.78716868317451, 37.41621754688397], [-112.78719845153668, 37.41621493370171], [-112.78722723060788, 37.416208730417026], [-112.78725409962335, 37.41619822994378], [-112.78727817208325, 37.41618416670043], [-112.78729946511847, 37.41616726144062], [-112.78731617147241, 37.41614754149672], [-112.78732830827984, 37.416125727622536], [-112.78733258655848, 37.41611556876803], [-112.7874067772585, 37.415890212331995], [-112.78754757313072, 37.415462686394484], [-112.78755273783037, 37.41545179311378], [-112.78755979544081, 37.41544447625828], [-112.78756777380406, 37.41543786648719], [-112.78757669005489, 37.41543268455217], [-112.78758743067802, 37.415428196033915], [-112.78759822270486, 37.415425869770374], [-112.78760904900122, 37.415424985009665], [-112.787620813187, 37.4154255280842], [-112.78763172515961, 37.415428247080854], [-112.7876426542684, 37.41543168682836], [-112.78765181041047, 37.415436595414135], [-112.78766009720552, 37.41544295917074], [-112.78766661103421, 37.415450791766276], [-112.78767135189645, 37.415460093201006], [-112.78775778437102, 37.41567364710148], [-112.78777303062083, 37.41570658298475], [-112.78780411831588, 37.41575946754286], [-112.787844156606, 37.41580861163916], [-112.78789041749116, 37.41585333552185], [-112.78794380459838, 37.41589362551346], [-112.7879685795209, 37.41590911295428], [-112.78798583118386, 37.41602637675177], [-112.7879778699372, 37.416033707302816], [-112.78796116378471, 37.41605342733546], [-112.78794902717445, 37.41607524126987], [-112.78794144297063, 37.416098428355596], [-112.78793929766607, 37.4161222541716], [-112.78794259126587, 37.416146718718], [-112.7879503687308, 37.4161696734095], [-112.78796353369275, 37.41619110457475], [-112.78798116538765, 37.41621030513074], [-112.78800326381725, 37.41622727507542], [-112.78802798744539, 37.41624060024487], [-112.78805533626972, 37.416250280637506], [-112.78808440665813, 37.41625632992294], [-112.78811427783718, 37.41625804101997], [-112.78814404617277, 37.416255427599914], [-112.78817282517193, 37.41624922408657], [-112.78819969406076, 37.41623872340139], [-112.78822376634855, 37.416224659969735], [-112.78824151322843, 37.416210692241144], [-112.78826986365348, 37.4161864699162], [-112.78828399600407, 37.41617255687246], [-112.7883103162963, 37.416138992114064], [-112.78832753172478, 37.41610268107591], [-112.7883365630702, 37.41606433084001], [-112.78833562023475, 37.41602468950574], [-112.7883256754293, 37.415986626405555], [-112.78830672866671, 37.41595014153686], [-112.78827975215081, 37.41591810422863], [-112.78824563236971, 37.41588978005122], [-112.78821355983926, 37.41587151904118], [-112.78818155588769, 37.41585614102849], [-112.78810198073688, 37.415816968369825], [-112.78806351434797, 37.41579592000961], [-112.78801660686464, 37.41576202114209], [-112.78797590481096, 37.41572298130047], [-112.78794413619117, 37.41567948023258], [-112.78791952802922, 37.41563298678906], [-112.78791758368041, 37.415627248114845], [-112.7877315491496, 37.41514049576494], [-112.78772861553317, 37.41513116699534], [-112.78772733492413, 37.415115324122134], [-112.78772878229778, 37.415100160996005], [-112.78773292338023, 37.415084236113145], [-112.78774163394422, 37.415070405144164], [-112.78775128239235, 37.41505800200995], [-112.78776364168128, 37.415045557869504], [-112.78778582076953, 37.41502791810976], [-112.78780989275965, 37.415013854767714], [-112.78783676126804, 37.41500335417314], [-112.78786552268313, 37.41499642999331], [-112.78789621128367, 37.41499452373048], [-112.78792608195778, 37.41499623488855], [-112.787955151848, 37.415002284219845], [-112.78798250020658, 37.41501196464319], [-112.78800722342272, 37.41502528983005], [-112.78802840074536, 37.41504155270077], [-112.78818549470182, 37.415185541207364], [-112.78821495892201, 37.41520816776094], [-112.78824975915403, 37.41522710851471], [-112.78828805387998, 37.41524094930594], [-112.78832892233501, 37.41524898305265], [-112.788370574419, 37.415251957850465], [-112.78841207222142, 37.41524844586915], [-112.788452529258, 37.41523918153448], [-112.78849015543054, 37.41522491294762], [-112.78852493358964, 37.4152049193598], [-112.78855418717039, 37.41518068330051], [-112.7885779333177, 37.41515292552538], [-112.78858054129877, 37.41514855999179], [-112.78859438194873, 37.41512239413889], [-112.7886053745892, 37.415090503297094], [-112.78860818325802, 37.4150565732747], [-112.78860378015776, 37.41502347340323], [-112.78860082929475, 37.41501342390624], [-112.7885351954897, 37.41480027688606], [-112.78853318254413, 37.41479165521543], [-112.78852893378867, 37.414765042103014], [-112.78853189677768, 37.414737598844596], [-112.78854031571348, 37.41471151504336], [-112.78855417344708, 37.414686069946676], [-112.78857352140479, 37.41466342580761], [-112.78859747311839, 37.414644317049905], [-112.78862510783385, 37.414628036594195], [-112.78865555623204, 37.41461603961621], [-112.78868883546158, 37.41460904686534], [-112.78869964447873, 37.41460744125637], [-112.78872405906455, 37.41460779276625], [-112.78879021111851, 37.414614722687695], [-112.78885561389319, 37.414628153012046], [-112.78891757372469, 37.414648845523104], [-112.78897516987116, 37.41467609315213], [-112.78898067726776, 37.41467961484334], [-112.789173979938, 37.41478772440583], [-112.78921425331785, 37.414808745054216], [-112.78928548961554, 37.414839391088144], [-112.78936108966484, 37.41486348191278], [-112.78943922907351, 37.41488032413154], [-112.78951992497336, 37.41489063849117], [-112.78955884889896, 37.414892933168616], [-112.78977145501646, 37.414900528932236], [-112.78978050829112, 37.41490111284491], [-112.78982314961031, 37.4149076772059], [-112.78986233089576, 37.41492078304903], [-112.78989806931286, 37.41494115112845], [-112.78990359392768, 37.414945393525905], [-112.78990910138623, 37.41494891517204], [-112.78993491724705, 37.414970154523864], [-112.7899386174835, 37.414973703538664], [-112.78994789381197, 37.41498365720162], [-112.78995447646142, 37.41499437267052], [-112.78995836543095, 37.41500584994585], [-112.78995954356209, 37.41501736827688], [-112.78995966366378, 37.415022413534], [-112.78995900025387, 37.415032517733515], [-112.78996227728904, 37.41505626146108], [-112.78997095885285, 37.4150792023252], [-112.78998412417802, 37.415100633259094], [-112.79000086965303, 37.41512056794678], [-112.7900229510347, 37.4151368167622], [-112.79004767463708, 37.4151501415114], [-112.79007504045855, 37.41516054219273], [-112.79010409340535, 37.41516587023808], [-112.79013396417518, 37.415167580834826], [-112.79016374914893, 37.41516568766941], [-112.79019251038807, 37.41515876292728], [-112.79021937859247, 37.41514826179841], [-112.79024435375919, 37.415134184284156], [-112.79026474220346, 37.41511729219962], [-112.79028144754028, 37.415097571859356], [-112.79029448693146, 37.41507574401576], [-112.79030116669942, 37.4150525704846], [-112.79030421485012, 37.415028730953914], [-112.79030093770888, 37.415004987238504], [-112.79029225605485, 37.41498204640073], [-112.79027907350498, 37.41495989475164], [-112.7902688248833, 37.41494707179972], [-112.79026234515557, 37.41494068085474], [-112.7902402637833, 37.41492443208338], [-112.79021552306455, 37.41491038662205], [-112.79018817447695, 37.41490070672188], [-112.79015910446908, 37.41489465794355], [-112.7901292338076, 37.414892947350275], [-112.79012021485002, 37.414893804966304], [-112.79010391552274, 37.41489260981972], [-112.79008938910208, 37.41488994579643], [-112.79007571481873, 37.41488510583226], [-112.79006379628524, 37.41487807624142], [-112.79005644728569, 37.41487314047251], [-112.79003155219519, 37.41485260821213], [-112.79002602758045, 37.41484836582062], [-112.78998010925068, 37.41481805780449], [-112.78994534311127, 37.41480055906762], [-112.79006609437506, 37.41417721882967], [-112.79097084845843, 37.41424507644933], [-112.79194421290622, 37.41431864635928]], [[-112.80987010158809, 37.438575526782415], [-112.80984946304856, 37.442171229446274], [-112.80532369751961, 37.4420990581179], [-112.80534066602567, 37.43852504012154], [-112.80987010158809, 37.438575526782415]], [[-112.80534066602567, 37.43852504012154], [-112.80081134456739, 37.43847446799366], [-112.79657479672944, 37.43850074479657], [-112.79233778991934, 37.43852696668257], [-112.78795933998221, 37.43854201845181], [-112.78342909894738, 37.43855748654774], [-112.77886551342392, 37.43857787924225], [-112.77890021597797, 37.44222485225865], [-112.7743402198306, 37.44224411710628], [-112.7743020334043, 37.43859818409387], [-112.77426374485569, 37.43495225052398], [-112.77883093439772, 37.4349309022811], [-112.78339822929703, 37.43490946591816], [-112.78790606891556, 37.43488803148341], [-112.79226981336687, 37.43486716857785], [-112.79654768215845, 37.4348946760809], [-112.8008247590267, 37.43492213073302], [-112.80083813950661, 37.431358706576226], [-112.80085164078169, 37.42779536877562], [-112.80536127466878, 37.42776828823723], [-112.80535951033306, 37.43135965434579], [-112.80535775289182, 37.43495101838007], [-112.80534066602567, 37.43852504012154]], [[-112.70086594253375, 37.36105697008226], [-112.7053404055192, 37.36100523509116], [-112.7053393254415, 37.36454413279235], [-112.70533692344574, 37.369789983184965], [-112.70982891851516, 37.369821368717254], [-112.70985540584407, 37.37344530209135], [-112.70988179168056, 37.37706932500037], [-112.714398572428, 37.37705916558249], [-112.7144379327404, 37.38070237249688], [-112.70990845793669, 37.38072019989276], [-112.7053405802908, 37.380738137182696], [-112.70077269360564, 37.38075589799465], [-112.70069495614848, 37.37708934779563], [-112.70061712233607, 37.373422886902546], [-112.70053930303601, 37.36975642359265], [-112.69640069404431, 37.36988220653694], [-112.69639514001221, 37.36464151126883], [-112.70086650619217, 37.36459296215226], [-112.70086594253375, 37.36105697008226]], [[-112.78243498888104, 37.31757090634397], [-112.78696448796396, 37.31757413266785], [-112.78696388977549, 37.321198898199796], [-112.79182477436656, 37.32119530707177], [-112.79182075691259, 37.32481327015477], [-112.79189329988958, 37.32840411471646], [-112.79196596960955, 37.331994955266104], [-112.79189254389621, 37.33562162470668], [-112.79181911612397, 37.33924820207186], [-112.78702163312937, 37.339261302560395], [-112.78247926857783, 37.33927036367387], [-112.78246286881864, 37.3356590206166], [-112.78244647342265, 37.33204749522253], [-112.78244278235208, 37.32843352317859], [-112.78243909656746, 37.324819458924104], [-112.77791478149338, 37.32481535511243], [-112.77791007319817, 37.32119147777978], [-112.77790537031419, 37.317567508221686], [-112.78243498888104, 37.31757090634397]], [[-112.77790537031419, 37.317567508221686], [-112.77337769340684, 37.31757481286792], [-112.77337895237449, 37.31395967204306], [-112.77790557997076, 37.313955359702426], [-112.77790537031419, 37.317567508221686]], [[-112.84627706518638, 37.42771535589301], [-112.85080963284315, 37.42769005663771], [-112.85534230529284, 37.42766467187521], [-112.85987486103825, 37.42763938532909], [-112.86440752155241, 37.42761401326681], [-112.86441266929262, 37.43123804560996], [-112.86441794016926, 37.43486216413743], [-112.86442310376448, 37.43848619223441], [-112.86442827752164, 37.442110308298034], [-112.85987351840868, 37.44212306076198], [-112.85531886775755, 37.44213581603481], [-112.85076429958448, 37.4421612821884], [-112.84620972535832, 37.44218675298279], [-112.84622184618844, 37.438577497169845], [-112.84623408612619, 37.43496823752708], [-112.84625551652509, 37.431341798623976], [-112.84627706518638, 37.42771535589301]]], [[[-112.86879097815283, 37.36481395101287], [-112.87331232732919, 37.36483595492816], [-112.8733051941009, 37.3612253515394], [-112.87774393051204, 37.361243990773325], [-112.88218266196104, 37.36126246326728], [-112.88217094831603, 37.36488805174827], [-112.88213950673166, 37.37004654076816], [-112.88679099408225, 37.369981595727346], [-112.89144235942173, 37.36991673992349], [-112.89140430426043, 37.36488941874318], [-112.89137675244555, 37.361264642796606], [-112.89600528903259, 37.36126549999735], [-112.9011113128681, 37.36126616038373], [-112.90111098956429, 37.3576423943508], [-112.90111067386343, 37.35401862621423], [-112.89585815351329, 37.35401372972997], [-112.89132174681245, 37.354008774462336], [-112.88678872551333, 37.35400836763719], [-112.8822557012802, 37.354007967164534], [-112.87777330258197, 37.35400956300851], [-112.87329079027522, 37.35401126095272], [-112.86880838335624, 37.35401278714628], [-112.86432597569457, 37.354014413653935], [-112.85980916351163, 37.35401280613686], [-112.85979254512226, 37.35761198868996], [-112.85528181105433, 37.35762309310667], [-112.85527127758719, 37.3612348878379], [-112.85077440709726, 37.361258583261986], [-112.84627763942304, 37.36128210592765], [-112.84626800056274, 37.35764502621813], [-112.84172556501026, 37.35761149541783], [-112.84172629198414, 37.361244030217684], [-112.84171434145837, 37.36481033734461], [-112.8371670793885, 37.364777252061096], [-112.83715609343825, 37.369766639606226], [-112.83261664867997, 37.36976552629558], [-112.82807719895685, 37.36976432873569], [-112.8280495723117, 37.373399375564865], [-112.82350505950687, 37.37338014784489], [-112.82348472780808, 37.37701751497148], [-112.82802183524565, 37.37703433198596], [-112.83256478914699, 37.37704547649501], [-112.8325907186774, 37.37340559252248], [-112.83713196917007, 37.373411543139895], [-112.83710773707708, 37.37705644634933], [-112.8370839165215, 37.38066709320436], [-112.83705999024075, 37.38427782986592], [-112.8416204600285, 37.38429474792253], [-112.8461809266685, 37.38431158003457], [-112.84623509901517, 37.380694786289034], [-112.85071479942759, 37.38071541081837], [-112.85519460578782, 37.38073577362062], [-112.85517736699256, 37.38435342904249], [-112.8551812697129, 37.38797165197401], [-112.85518506726325, 37.39158987456449], [-112.85969764335645, 37.391602875621075], [-112.8596961171882, 37.39525254112448], [-112.86420324671366, 37.39525121335315], [-112.86419628430868, 37.39888663019458], [-112.86874465501205, 37.39886789309809], [-112.87329290529622, 37.398849072866874], [-112.8778606810828, 37.39885238875481], [-112.88242834353805, 37.39885580012439], [-112.8869911476056, 37.398850280084666], [-112.89155383275241, 37.39884467576828], [-112.89156078811007, 37.39522116899116], [-112.89612177450579, 37.39522875641007], [-112.9008252660146, 37.39523641135844], [-112.90085098687732, 37.3916736084823], [-112.90084932412101, 37.3880435717027], [-112.90084766912217, 37.38441353280796], [-112.90088168527235, 37.38080932509279], [-112.90088229252162, 37.38074481172114], [-112.89614263802862, 37.38073726356293], [-112.89614865480169, 37.384343534226296], [-112.89614409448268, 37.38797349528244], [-112.89157456544919, 37.38796802311597], [-112.89156763515585, 37.391597571845224], [-112.88699516206682, 37.39159170173783], [-112.8824227949947, 37.391585652885105], [-112.87786872909876, 37.39159337608553], [-112.8778806691527, 37.38796608428101], [-112.8778927262018, 37.384338698512906], [-112.88244899275409, 37.384328150456184], [-112.88242403218892, 37.380714873017794], [-112.88239908147425, 37.37710159341506], [-112.87786424238078, 37.377116030120916], [-112.87332950698801, 37.37713029108285], [-112.8687953268953, 37.3771443691753], [-112.86426113769535, 37.377158273362866], [-112.86425059204765, 37.37919537462515], [-112.85972628605397, 37.37918020010711], [-112.85973649757545, 37.37713832643812], [-112.85521185250964, 37.37711820623007], [-112.85522901837614, 37.3734971232217], [-112.85524630506848, 37.36987612646964], [-112.85974986058794, 37.36990126858092], [-112.86425341404765, 37.369926329106384], [-112.86878796582789, 37.3699537020922], [-112.86879097815283, 37.36481395101287]], [[-112.86879097815283, 37.36481395101287], [-112.86427335124112, 37.36479180544124], [-112.86428068112603, 37.361186916839], [-112.86879293902119, 37.36120617529838], [-112.86879097815283, 37.36481395101287]], [[-112.85971853346932, 37.38075004512353], [-112.86424257063118, 37.38076423172172], [-112.86422400914046, 37.38437018803858], [-112.85970068789858, 37.38436175998222], [-112.85971853346932, 37.38075004512353]], [[-112.86878017569563, 37.38435962810351], [-112.87333645309572, 37.38434916103192], [-112.87332560829113, 37.387975087610556], [-112.87331465700073, 37.39160101389655], [-112.8687624959828, 37.39160844588286], [-112.86877133589736, 37.387984173171574], [-112.86878017569563, 37.38435962810351]]], [[[-112.89595180354024, 37.43488249189354], [-112.89596743302378, 37.43851156066277], [-112.89598295405861, 37.4421404489141], [-112.9005838749106, 37.44213208287949], [-112.90052858251894, 37.43857365067754], [-112.90047228404454, 37.43494956516565], [-112.90047464036188, 37.43488588577386], [-112.89595180354024, 37.43488249189354]]]]}, "properties": {"objectid": 4545389, "owner": "Private", "agency": "Private", "admin": "Private", "desig": "N/A", "state_lgd": "Private", "ut_lgd": "Private", "natl_lgd": "Private", "edit_date": 1222840800000, "gis_acres": 115510.5703125, "label_federal": null, "label_state": null, "county": "KANE", "tribe": null, "globalid": "{D4A006A7-4C2C-4BAA-80C4-E4C45800A775}", "Shape__Area": 467454700.04442, "Shape__Length": 568406.1932512993}}, {"type": "Feature", "id": 4549295, "geometry": {"type": "Polygon", "coordinates": [[[-112.68396135629503, 37.22692077881096], [-112.68507345825815, 37.22690414577178], [-112.68509379640163, 37.22777235187135], [-112.6884787957179, 37.227726020956894], [-112.68847689777945, 37.22672109565912], [-112.68963802418526, 37.22671958355732], [-112.68963424796496, 37.22480788444399], [-112.69068196302557, 37.22480653864027], [-112.69068038913173, 37.2239839421523], [-112.69171445507013, 37.2239826019553], [-112.69167143788846, 37.222213508617884], [-112.68846810409943, 37.22221254316664], [-112.68847515949666, 37.225844603572575], [-112.68395983708888, 37.22584401342379], [-112.68396135629503, 37.22692077881096]]]}, "properties": {"objectid": 4549295, "owner": "Private", "agency": "Private", "admin": "Private", "desig": "N/A", "state_lgd": "Private", "ut_lgd": "Private", "natl_lgd": "Private", "edit_date": 1286344800000, "gis_acres": 42.36473846, "label_federal": null, "label_state": null, "county": "KANE", "tribe": null, "globalid": "{8B30E902-A6A2-46C3-B5C2-3CDA0C68648B}", "Shape__Area": 171444.01299996153, "Shape__Length": 2601.9952242991394}}, {"type": "Feature", "id": 4550130, "geometry": {"type": "Polygon", "coordinates": [[[-112.62894562098288, 37.15502048475785], [-112.6289374980212, 37.15864047688884], [-112.62892949527725, 37.1622605554685], [-112.6289214963104, 37.165880541833666], [-112.63347214758166, 37.16589224580963], [-112.63802291015429, 37.16590395356917], [-112.64257355884354, 37.16591566822037], [-112.64712420427583, 37.165927298105466], [-112.64711905438445, 37.16230191413348], [-112.64711379701826, 37.15867643947856], [-112.64710843610362, 37.15505105434944], [-112.64710319287911, 37.151425575407174], [-112.6425658077803, 37.15141934002856], [-112.63802841880948, 37.151413020941675], [-112.63349102792812, 37.15140670825194], [-112.6289536351428, 37.1514004019602], [-112.62894562098288, 37.15502048475785]]]}, "properties": {"objectid": 4550130, "owner": "Private", "agency": "Private", "admin": "Private", "desig": "N/A", "state_lgd": "Private", "ut_lgd": "Private", "natl_lgd": "Private", "edit_date": 1604646000000, "gis_acres": 641.43096924, "label_federal": null, "label_state": null, "county": "KANE", "tribe": null, "globalid": "{F32D99F3-A1EE-4781-85E9-86673590DE91}", "Shape__Area": 2595778.9572001277, "Shape__Length": 6444.580044026933}}, {"type": "Feature", "id": 4551603, "geometry": {"type": "Polygon", "coordinates": [[[-112.73720074066219, 37.15503361691833], [-112.73720969457966, 37.158642585736835], [-112.73720863080257, 37.16227603468056], [-112.73720768440043, 37.16590938974545], [-112.74172145369342, 37.1659208979576], [-112.74623533210827, 37.165932322549516], [-112.75074909861513, 37.165943847034626], [-112.75526297422032, 37.16595528788933], [-112.75526371446047, 37.16233582533518], [-112.7552645762593, 37.158716449102734], [-112.75526544286642, 37.15509698066124], [-112.7552662038045, 37.151477511777685], [-112.75074763246572, 37.151464328278934], [-112.74622894734408, 37.15145115422901], [-112.7417103715007, 37.15143789620663], [-112.73719179652053, 37.15142473607623], [-112.73720074066219, 37.15503361691833]]]}, "properties": {"objectid": 4551603, "owner": "State", "agency": "SITLA", "admin": "SITLA", "desig": "State Trust Land", "state_lgd": "State Trust Lands", "ut_lgd": "State", "natl_lgd": "State", "edit_date": 1222840800000, "gis_acres": 636.94238281, "label_federal": null, "label_state": "Utah State Trust Lands", "county": "KANE", "tribe": null, "globalid": "{3E475BD4-C501-45E0-BE06-E6AAD5E56424}", "Shape__Area": 2577614.4306012383, "Shape__Length": 6422.890222620441}}, {"type": "Feature", "id": 4551614, "geometry": {"type": "Polygon", "coordinates": [[[-112.70192070431726, 37.19318255905238], [-112.70548370027106, 37.193175291019344], [-112.70646620440719, 37.19317438855908], [-112.71002930882784, 37.19316707224419], [-112.71101181335465, 37.19316622217134], [-112.71457712888234, 37.19316216194849], [-112.71555728707779, 37.19316220940875], [-112.71912485539228, 37.193158249938016], [-112.71912390325636, 37.191307977700944], [-112.71912113856122, 37.1876835142051], [-112.71911713613002, 37.18405879625567], [-112.71911314297448, 37.180434166274644], [-112.71458338753334, 37.180441865372494], [-112.71005351580789, 37.1804495730536], [-112.70552375301676, 37.18045728606297], [-112.70099398656049, 37.18046500603118], [-112.70097473802294, 37.184091511886514], [-112.70095560502533, 37.18771792393908], [-112.70094400452606, 37.19134341463012], [-112.70094010509528, 37.19318303589738], [-112.70192070431726, 37.19318255905238]]]}, "properties": {"objectid": 4551614, "owner": "State", "agency": "SITLA", "admin": "SITLA", "desig": "State Trust Land", "state_lgd": "State Trust Lands", "ut_lgd": "State", "natl_lgd": "State", "edit_date": 1222840800000, "gis_acres": 562.24157715, "label_federal": null, "label_state": "Utah State Trust Lands", "county": "KANE", "tribe": null, "globalid": "{B5E4CD1B-D159-4573-90B9-CF6957F7BF2B}", "Shape__Area": 2275310.850550278, "Shape__Length": 6046.45551646178}}, {"type": "Feature", "id": 4551617, "geometry": {"type": "Polygon", "coordinates": [[[-112.80898209090364, 37.19441868047105], [-112.81350262608609, 37.19442219111491], [-112.81802315880526, 37.19442570934177], [-112.8225436890549, 37.194429235150814], [-112.827064214657, 37.194432678445644], [-112.82708104573335, 37.19140579957998], [-112.82710132088471, 37.18778311361718], [-112.82712220347146, 37.184162038630404], [-112.82714309349997, 37.18054105168375], [-112.82261214955682, 37.18053830299603], [-112.81808120300653, 37.180535561119314], [-112.81355014125546, 37.18053282777847], [-112.80901918951007, 37.18053009952207], [-112.80900793734173, 37.184156984620905], [-112.8089966934643, 37.18778395772925], [-112.80898846627535, 37.19140962095984], [-112.80898209090364, 37.19441868047105]]]}, "properties": {"objectid": 4551617, "owner": "State", "agency": "SITLA", "admin": "SITLA", "desig": "State Trust Land", "state_lgd": "State Trust Lands", "ut_lgd": "State", "natl_lgd": "State", "edit_date": 1222840800000, "gis_acres": 612.25018311, "label_federal": null, "label_state": "Utah State Trust Lands", "county": "KANE", "tribe": null, "globalid": "{8F3D4C3A-4D74-4481-A4BA-2CE20DB0B356}", "Shape__Area": 2477688.7041496295, "Shape__Length": 6297.430407450871}}, {"type": "Feature", "id": 4551628, "geometry": {"type": "Polygon", "coordinates": [[[-112.75626604399044, 37.19677110921738], [-112.75627429910443, 37.20039456471447], [-112.75628255991408, 37.2040179279747], [-112.75629083059668, 37.207641379195465], [-112.76081530670658, 37.207643320527886], [-112.7653398928856, 37.20764526745736], [-112.76986436384057, 37.20764722333723], [-112.77438883009849, 37.20764909639389], [-112.77438443551492, 37.2040356924266], [-112.77438004626764, 37.20042219624698], [-112.77437566446605, 37.19680869795287], [-112.77437129221839, 37.19319528764241], [-112.77333627924693, 37.19319537699032], [-112.7698428759459, 37.193185081300676], [-112.76880790053535, 37.193181975937684], [-112.76531460985937, 37.19317172512696], [-112.76427947087768, 37.19317128648304], [-112.7607861779876, 37.193160992138274], [-112.75975255572048, 37.19315796770878], [-112.75625779665958, 37.19314765158225], [-112.75626604399044, 37.19677110921738]]]}, "properties": {"objectid": 4551628, "owner": "State", "agency": "SITLA", "admin": "SITLA", "desig": "State Trust Land", "state_lgd": "State Trust Lands", "ut_lgd": "State", "natl_lgd": "State", "edit_date": 1222840800000, "gis_acres": 637.83209229, "label_federal": null, "label_state": "Utah State Trust Lands", "county": "KANE", "tribe": null, "globalid": "{3BFCEBDE-ADC3-4182-B59A-25C7486B17E4}", "Shape__Area": 2581215.0020504403, "Shape__Length": 6426.789750218991}}, {"type": "Feature", "id": 4551631, "geometry": {"type": "Polygon", "coordinates": [[[-112.80898209090364, 37.19441868047105], [-112.80445805771457, 37.19441505041043], [-112.79993413256126, 37.19441133585876], [-112.7954100944916, 37.194407720437695], [-112.7908861644817, 37.19440402053551], [-112.79088891483498, 37.19680439444731], [-112.79088962473917, 37.198021670641836], [-112.79089247138948, 37.20042114047544], [-112.79089320506928, 37.20163931692987], [-112.79089592488248, 37.20403797618978], [-112.79089668234211, 37.20525705290302], [-112.79089949632349, 37.207654717989456], [-112.79089982912599, 37.208874791871544], [-112.7954260268808, 37.208885387105035], [-112.79995222089518, 37.20889589934954], [-112.80447841543861, 37.20890650879734], [-112.8090046062181, 37.20891703525461], [-112.80899896684397, 37.20529249479692], [-112.80899333306668, 37.20166786211629], [-112.8089877091873, 37.19804331740511], [-112.80898209090364, 37.19441868047105]]]}, "properties": {"objectid": 4551631, "owner": "State", "agency": "SITLA", "admin": "SITLA", "desig": "State Trust Land", "state_lgd": "State Trust Lands", "ut_lgd": "State", "natl_lgd": "State", "edit_date": 1222840800000, "gis_acres": 638.16918945, "label_federal": null, "label_state": "Utah State Trust Lands", "county": "KANE", "tribe": null, "globalid": "{02FF284C-05F4-4D8F-9603-B1223527BE1F}", "Shape__Area": 2582578.9907007203, "Shape__Length": 6428.248354482604}}, {"type": "Feature", "id": 4551640, "geometry": {"type": "Polygon", "coordinates": [[[-112.66271401951815, 37.250200708674], [-112.66299606273499, 37.25036763375084], [-112.66313070236951, 37.250240280911235], [-112.6628323315231, 37.250064031696134], [-112.66271401951815, 37.250200708674]]]}, "properties": {"objectid": 4551640, "owner": "State", "agency": "SITLA", "admin": "SITLA", "desig": "State Trust Land", "state_lgd": "State Trust Lands", "ut_lgd": "State", "natl_lgd": "State", "edit_date": 1222840800000, "gis_acres": 0.1459775, "label_federal": null, "label_state": "Utah State Trust Lands", "county": "KANE", "tribe": null, "globalid": "{9C38732C-25E9-42AF-9A02-297EA6FC107D}", "Shape__Area": 590.7499999954646, "Shape__Length": 100.98676605809338}}, {"type": "Feature", "id": 4551642, "geometry": {"type": "Polygon", "coordinates": [[[-112.64809188691406, 37.24497843032306], [-112.6480491730419, 37.24144897247846], [-112.64804781822656, 37.241355706209866], [-112.64800590786686, 37.23791961044753], [-112.64720575341175, 37.23791956963314], [-112.64346174743473, 37.23791797361924], [-112.64265990140686, 37.237917925539065], [-112.63891701910191, 37.23791626023013], [-112.63811404497855, 37.23791619695407], [-112.63396747033997, 37.23791428173865], [-112.63356615173053, 37.23791423165984], [-112.6290157670404, 37.23791185541587], [-112.62900232028416, 37.24144543875556], [-112.62900231493101, 37.241534217656465], [-112.62898966932931, 37.2449790993436], [-112.62898977161386, 37.24515665549211], [-112.62897713100129, 37.24860153517896], [-112.62897721048103, 37.2487727823933], [-112.62896448523827, 37.252223970461145], [-112.63178120543853, 37.25222276084191], [-112.63401444723682, 37.25222196870318], [-112.63633450696598, 37.252221196161045], [-112.63906418325251, 37.25222011500095], [-112.63902700290487, 37.248599545119866], [-112.63898972187822, 37.24497906467728], [-112.64354080869342, 37.244978880053054], [-112.64809188691406, 37.24497843032306]]]}, "properties": {"objectid": 4551642, "owner": "State", "agency": "SITLA", "admin": "SITLA", "desig": "State Trust Land", "state_lgd": "State Trust Lands", "ut_lgd": "State", "natl_lgd": "State", "edit_date": 1222840800000, "gis_acres": 504.29742432, "label_federal": null, "label_state": "Utah State Trust Lands", "county": "KANE", "tribe": null, "globalid": "{891514BB-CEF8-4C41-A9B5-FEFFB7ACA8F6}", "Shape__Area": 2040819.2599494671, "Shape__Length": 6563.2408385588515}}, {"type": "Feature", "id": 4555674, "geometry": {"type": "Polygon", "coordinates": [[[-112.74448967707013, 37.23663196104589], [-112.74449286763165, 37.23663344623235], [-112.74449639833325, 37.23663501653607], [-112.74450243931692, 37.236637901791134], [-112.74451212992146, 37.236642625985105], [-112.74548858234444, 37.23710781208001], [-112.74549769508072, 37.237111913805734], [-112.74583460213603, 37.237261968591305], [-112.74585272538636, 37.23727062414206], [-112.74654738032316, 37.23762368967771], [-112.74656164735816, 37.23763132045468], [-112.74656667221629, 37.237634130463526], [-112.74724460945478, 37.238019614627135], [-112.74724974705312, 37.238022422942336], [-112.74725592382062, 37.2380262974728], [-112.74726747396862, 37.23803342748427], [-112.74750626512053, 37.238181320270996], [-112.74751255460377, 37.238185193123876], [-112.74752399210996, 37.2381923247723], [-112.74791763487765, 37.238436171821604], [-112.74792392440278, 37.23844004465139], [-112.74793456691108, 37.23844691760869], [-112.74859866235857, 37.23889136249871], [-112.74860702827357, 37.238897277596855], [-112.74861608282617, 37.23890372329894], [-112.74912091971697, 37.23926615631169], [-112.74912860123573, 37.239271720966215], [-112.74913754526837, 37.23927825838925], [-112.74914018506793, 37.23928029236085], [-112.74956352488917, 37.239613553917444], [-112.74956616471184, 37.23961558787886], [-112.74957397565498, 37.23962187162516], [-112.74957926571693, 37.23962639004], [-112.74999819493823, 37.239978371927904], [-112.75000842458475, 37.23998687312291], [-112.75001382530702, 37.239991299752376], [-112.75001774227631, 37.23999493715138], [-112.75011942299184, 37.240087438876344], [-112.75012345474748, 37.24009116470405], [-112.75080956043283, 37.24071589045301], [-112.75081359225626, 37.24071961625511], [-112.75081808527692, 37.24072378588264], [-112.75082408083601, 37.24072955561546], [-112.75103777424992, 37.24093216016833], [-112.75104273058002, 37.240936863709656], [-112.75104883886706, 37.24094263176314], [-112.75204137591851, 37.24188412795224], [-112.75324292444564, 37.24302404904045], [-112.75325145189416, 37.243032034376924], [-112.75325664224525, 37.243037094871944], [-112.75384523494246, 37.24360132755416], [-112.75385480394809, 37.24361046909364], [-112.7538596458448, 37.24361508407735], [-112.75397863565578, 37.243729227280454], [-112.7539882046939, 37.24373836880813], [-112.75399304660702, 37.24374298378588], [-112.75442772348559, 37.24415960897291], [-112.75443337314377, 37.24416502312337], [-112.7562181495579, 37.245851913786005], [-112.75622621847393, 37.24585954518375], [-112.75625238297467, 37.245884212911086], [-112.75626443167738, 37.243916605034975], [-112.75628681707465, 37.240276586083354], [-112.7563092073755, 37.2366365650456], [-112.75181072896143, 37.2366348067158], [-112.74731224805313, 37.23663305759768], [-112.74448967707013, 37.23663196104589]]]}, "properties": {"objectid": 4555674, "owner": "State", "agency": "SITLA", "admin": "SITLA", "desig": "State Trust Land", "state_lgd": "State Trust Lands", "ut_lgd": "State", "natl_lgd": "State", "edit_date": 1430287200000, "gis_acres": 116.14452361999999, "label_federal": null, "label_state": "Utah State Trust Lands", "county": "KANE", "tribe": null, "globalid": "{703BEF78-DD78-4417-82B9-A3DC71DA38BB}", "Shape__Area": 470020.1987494009, "Shape__Length": 3550.2484622837887}}, {"type": "Feature", "id": 4555675, "geometry": {"type": "Polygon", "coordinates": [[[-112.74309806292176, 37.23663145840205], [-112.74281387734428, 37.2366313160332], [-112.73831538939588, 37.2366294952461], [-112.73829618073891, 37.24026415793951], [-112.73827686657266, 37.24389891029741], [-112.73825766815015, 37.24753356881213], [-112.73823836213793, 37.25116822689239], [-112.74273366507693, 37.251175315636004], [-112.74722907889422, 37.25118241213073], [-112.75172437816533, 37.251189519698606], [-112.75621967559401, 37.2511966366794], [-112.7562420511838, 37.24755662190035], [-112.75624710263803, 37.2467300629726], [-112.75599546536885, 37.24649206968007], [-112.75598728370375, 37.2464844399403], [-112.75598105351933, 37.24647831344744], [-112.75570164429024, 37.246214323622915], [-112.75569530145019, 37.246208198785084], [-112.75391052556381, 37.24452121015232], [-112.75390165351105, 37.244512959585826], [-112.75347020180065, 37.244099258970294], [-112.75346052216575, 37.24409020916839], [-112.75345579087144, 37.24408550240129], [-112.75333680124618, 37.24397135867323], [-112.7533271216438, 37.24396230885938], [-112.7533223903659, 37.243957602086425], [-112.75272907364132, 37.243388930303304], [-112.7527253880188, 37.2433855599617], [-112.75271996810875, 37.24338032258389], [-112.75151588993057, 37.24223818041728], [-112.75052588580225, 37.2412988956269], [-112.7505173588363, 37.24129091007937], [-112.75051240042961, 37.24128611641762], [-112.75030123871547, 37.241085726723036], [-112.75029731959035, 37.241081999237416], [-112.75029282657552, 37.24107782959015], [-112.75028672041724, 37.24107215159505], [-112.74961121457407, 37.240457270532424], [-112.74960718490587, 37.24045363478585], [-112.7495107964833, 37.24036574113749], [-112.74950147671387, 37.24035758697086], [-112.74908668779122, 37.24000914734327], [-112.74908404796686, 37.24000711337133], [-112.74907634763203, 37.24000073782954], [-112.74866437860229, 37.23967658991267], [-112.74815701808167, 37.23931229952966], [-112.74814796767916, 37.23930603399033], [-112.74750299001049, 37.238874283038925], [-112.74749223686781, 37.23886750180585], [-112.7470980192617, 37.23862321120292], [-112.74709173184152, 37.23861942842733], [-112.7470802922282, 37.238612206639566], [-112.7468351024758, 37.238460621988686], [-112.74617076244935, 37.23808313674451], [-112.74549184718107, 37.23773812889042], [-112.74515516606417, 37.23758815995404], [-112.74514604705413, 37.23758378790699], [-112.74513635836679, 37.23757915386854], [-112.74416035877711, 37.237114228659095], [-112.74415682805932, 37.23711265834584], [-112.7441507891259, 37.2371098631728], [-112.7436275565273, 37.236872057945945], [-112.74362402583142, 37.23687048761617], [-112.74309806292176, 37.23663145840205]]]}, "properties": {"objectid": 4555675, "owner": "State", "agency": "SITLA", "admin": "SITLA", "desig": "State Trust Land", "state_lgd": "State Trust Lands", "ut_lgd": "State", "natl_lgd": "State", "edit_date": 1430287200000, "gis_acres": 497.12478638000005, "label_federal": null, "label_state": "Utah State Trust Lands", "county": "KANE", "tribe": null, "globalid": "{045EA3AE-35A5-4EA3-BE00-35E9B6777F08}", "Shape__Area": 2011792.6622498506, "Shape__Length": 5761.09224586152}}, {"type": "Feature", "id": 4555724, "geometry": {"type": "Polygon", "coordinates": [[[-112.66161248073031, 37.19388063551984], [-112.6616292955976, 37.19392816908311], [-112.66170183525452, 37.19409191095961], [-112.66183984017384, 37.19433305814362], [-112.66194256564387, 37.19447068896556], [-112.6620668631064, 37.19461072090682], [-112.66211995323064, 37.194663243330496], [-112.66225579300456, 37.19477985927687], [-112.66248892036427, 37.19494531250658], [-112.66264288475587, 37.195035535586044], [-112.66280886736826, 37.19511892003815], [-112.6630959111416, 37.19523575550944], [-112.6632832922596, 37.195293061339775], [-112.66349260103793, 37.1953432990708], [-112.66453718437646, 37.19551528453087], [-112.66456150299265, 37.195519629568764], [-112.66485003868678, 37.19557596187056], [-112.66485332082824, 37.19557663678285], [-112.66489669018885, 37.19558657247601], [-112.66517337887441, 37.19565749147401], [-112.66521532765904, 37.195669429903376], [-112.66523053310719, 37.19567435358533], [-112.66528774081321, 37.195693648453506], [-112.66529022622218, 37.19387855545953], [-112.6651180759677, 37.193878542237], [-112.66161248073031, 37.19388063551984]]]}, "properties": {"objectid": 4555724, "owner": "State", "agency": "SITLA", "admin": "SITLA", "desig": "State Trust Land", "state_lgd": "State Trust Lands", "ut_lgd": "State", "natl_lgd": "State", "edit_date": 1438840800000, "gis_acres": 11.653655050000001, "label_federal": null, "label_state": "Utah State Trust Lands", "county": "KANE", "tribe": null, "globalid": "{C6BC5EBE-5533-433F-A5E7-70505EB2FD55}", "Shape__Area": 47160.66764996177, "Shape__Length": 936.1923036441275}}, {"type": "Feature", "id": 4555725, "geometry": {"type": "Polygon", "coordinates": [[[-112.66020713132988, 37.19388141526492], [-112.65622733962307, 37.19388386603392], [-112.65614126522499, 37.19388389791786], [-112.65169594914248, 37.19388657579052], [-112.65165291286033, 37.193886635145304], [-112.6471644450085, 37.19388938402479], [-112.64716729397132, 37.19803853446287], [-112.64716999997891, 37.2016623099009], [-112.64717146193941, 37.20528555981369], [-112.64717281990576, 37.20890889926414], [-112.65169392649769, 37.20889964689533], [-112.65621514004499, 37.208890310434995], [-112.66073635379854, 37.208881161759514], [-112.66525744721119, 37.20887184203935], [-112.66526910368458, 37.205254547765485], [-112.66528076565355, 37.201637251397095], [-112.66528458211634, 37.198016458085924], [-112.66528603412422, 37.19693901216215], [-112.66521243541628, 37.19689678410275], [-112.66494531410694, 37.196774356108435], [-112.66491480977679, 37.196760273832716], [-112.66472502276878, 37.196696244642304], [-112.664500790335, 37.19663873801172], [-112.66424800698765, 37.1965893834066], [-112.66318599467418, 37.196414485734785], [-112.66315839367232, 37.196409465461535], [-112.66312737415235, 37.196402690565044], [-112.6628646035335, 37.196339683183496], [-112.66285248068353, 37.196336608670045], [-112.66281631961422, 37.19632657103016], [-112.66257131376248, 37.1962515965505], [-112.66256507351923, 37.196249611133815], [-112.66252386183407, 37.196235318012135], [-112.66250522607685, 37.19622809872657], [-112.66215849611416, 37.19608695296032], [-112.66213711378359, 37.19607778927852], [-112.6621048970397, 37.19606264872792], [-112.66189186456766, 37.1959556782637], [-112.66188548407565, 37.195952432944225], [-112.66185104247755, 37.1959334479072], [-112.66165005451228, 37.19581567253647], [-112.6616136074322, 37.195792569537275], [-112.66160159541813, 37.1957842657393], [-112.66132005786139, 37.19558451899488], [-112.66129864423932, 37.19556877603155], [-112.6612732905658, 37.19554804099067], [-112.66109875360668, 37.1953981675167], [-112.66109289488524, 37.19539302208376], [-112.66106724695545, 37.19536913653735], [-112.66098548201899, 37.19528826397687], [-112.66098202608183, 37.19528479733167], [-112.66095941728929, 37.1952607790093], [-112.6608069339825, 37.195088964358824], [-112.6608026600337, 37.1950841572128], [-112.66077776133618, 37.1950533210036], [-112.66064148999658, 37.19487064333508], [-112.66062066390037, 37.194840561168284], [-112.66060675751241, 37.19481777272586], [-112.66044040755517, 37.194527178990356], [-112.66043501341044, 37.194517520456884], [-112.66041792020489, 37.194482969496924], [-112.66032736715692, 37.19427855983036], [-112.66031425753978, 37.194245845762865], [-112.66027679031458, 37.19414010644432], [-112.660266370037, 37.19410672375439], [-112.66026563308199, 37.19410394002158], [-112.66023676543729, 37.193994745291036], [-112.66020912284337, 37.19389003993277], [-112.66020713132988, 37.19388141526492]]]}, "properties": {"objectid": 4555725, "owner": "State", "agency": "SITLA", "admin": "SITLA", "desig": "State Trust Land", "state_lgd": "State Trust Lands", "ut_lgd": "State", "natl_lgd": "State", "edit_date": 1438840800000, "gis_acres": 634.50012207, "label_federal": null, "label_state": "Utah State Trust Lands", "county": "KANE", "tribe": null, "globalid": "{993C21F4-4054-474F-B4AB-33589DA106D2}", "Shape__Area": 2567730.8116502357, "Shape__Length": 6359.251891861604}}, {"type": "Feature", "id": 4556193, "geometry": {"type": "Polygon", "coordinates": [[[-112.68394872283912, 37.204515694377434], [-112.68394913038784, 37.20514245695327], [-112.68395312677801, 37.20752265926588], [-112.68408173271328, 37.2071693211776], [-112.68408695002329, 37.20715563726485], [-112.68410208627962, 37.207121803305746], [-112.68410456501447, 37.20711672074305], [-112.68428915206115, 37.20675231142749], [-112.684291743419, 37.20674722725909], [-112.68430560137743, 37.20672179359933], [-112.68430701170512, 37.20671934001496], [-112.6844956403782, 37.206394890878826], [-112.6845954113669, 37.20618923576073], [-112.68465433461131, 37.20599623913613], [-112.68468373348003, 37.20574742098617], [-112.68466362049678, 37.20550165054847], [-112.68459518268152, 37.20526161482641], [-112.68447990640918, 37.20503333134171], [-112.68432084896611, 37.20482252483295], [-112.68412196263988, 37.2046346368869], [-112.68394872283912, 37.204515694377434]]]}, "properties": {"objectid": 4556193, "owner": "State", "agency": "SITLA", "admin": "SITLA", "desig": "State Trust Land", "state_lgd": "State Trust Lands", "ut_lgd": "State", "natl_lgd": "State", "edit_date": 1685599200000, "gis_acres": 3.26129413, "label_federal": null, "label_state": "Utah State Trust Lands", "county": "KANE", "tribe": null, "globalid": "{0B94ACA2-967B-4BC7-8B03-83D72B25B678}", "Shape__Area": 13197.988750068542, "Shape__Length": 699.1545151180848}}, {"type": "Feature", "id": 4556194, "geometry": {"type": "Polygon", "coordinates": [[[-112.68531749023153, 37.20770460242968], [-112.68845913047866, 37.2077002301406], [-112.69296498812095, 37.207693945383035], [-112.69747084237294, 37.207687669360766], [-112.70197669525265, 37.207681492174466], [-112.70196244283856, 37.20405223656622], [-112.70194808595271, 37.20042298041036], [-112.70194238822815, 37.197705808607054], [-112.70194075542769, 37.19680020076364], [-112.70192070431726, 37.19318255905238], [-112.70094010509528, 37.19318303589738], [-112.69742678241877, 37.19317990141745], [-112.69644660402454, 37.19317907316872], [-112.6929327154056, 37.193175903502926], [-112.69195322952146, 37.19317583931445], [-112.68843934007378, 37.19317271649951], [-112.68744890796681, 37.19317186976602], [-112.68394583187461, 37.19316872985755], [-112.68393225141952, 37.19385571950847], [-112.68393780989959, 37.196808955033006], [-112.68393821986528, 37.19761850343833], [-112.68394326889661, 37.2004420464254], [-112.68394384620622, 37.2013807492525], [-112.68394702925582, 37.20326317297159], [-112.6841995854518, 37.203346377430925], [-112.68423092891781, 37.20335737828031], [-112.68427095533437, 37.203373753604545], [-112.68429702868839, 37.203385910953656], [-112.6846529140078, 37.20356047940565], [-112.68466544686096, 37.203566700400884], [-112.68470240764124, 37.20358708493316], [-112.6847376082357, 37.20360938723672], [-112.68474127087896, 37.20361194892147], [-112.68505810992615, 37.20382934284525], [-112.68508777522567, 37.203851002754845], [-112.68511910970932, 37.203876784914776], [-112.68513509563505, 37.20389133887345], [-112.68540477079883, 37.20414626634771], [-112.68541790068159, 37.204159058299474], [-112.68544468318174, 37.20418787946119], [-112.68546854900968, 37.204217282910065], [-112.68568449923654, 37.20450352858518], [-112.68570672772479, 37.2045352986839], [-112.6857259308936, 37.204567832885836], [-112.6857331048301, 37.204581340492375], [-112.6858892938051, 37.20489096904776], [-112.68589886301982, 37.20491084181736], [-112.68591258289871, 37.20494507639415], [-112.68592202269127, 37.20497432458631], [-112.68601501659566, 37.20529990437129], [-112.68601649263509, 37.20530547145414], [-112.68602460246755, 37.20534077731953], [-112.68602979156607, 37.20537648528846], [-112.68603080062172, 37.205386385287824], [-112.68605793385731, 37.205719572303614], [-112.68605930181691, 37.205745600567354], [-112.68605863742197, 37.205781572130284], [-112.68605638669834, 37.2058070209993], [-112.68601690849377, 37.206139443857666], [-112.68601578731574, 37.20614982483656], [-112.6860092532879, 37.206185339178504], [-112.68600051482294, 37.206218000725286], [-112.68599978244019, 37.20622053480826], [-112.68591881069091, 37.206485950409785], [-112.6859061976989, 37.206521731546395], [-112.68589224935154, 37.20655320542379], [-112.68576748411547, 37.20681032141879], [-112.68575049820502, 37.20684201877946], [-112.68574908792263, 37.206844472379885], [-112.68555775170049, 37.20717364877336], [-112.68539076584509, 37.20750337961891], [-112.68531749023153, 37.20770460242968]]]}, "properties": {"objectid": 4556194, "owner": "State", "agency": "SITLA", "admin": "SITLA", "desig": "State Trust Land", "state_lgd": "State Trust Lands", "ut_lgd": "State", "natl_lgd": "State", "edit_date": 1685599200000, "gis_acres": 618.42034912, "label_federal": null, "label_state": "Utah State Trust Lands", "county": "KANE", "tribe": null, "globalid": "{C8FE1F3E-C15F-476D-9795-2642F35C4270}", "Shape__Area": 2502658.450650577, "Shape__Length": 6386.838659565169}}, {"type": "Feature", "id": 4556897, "geometry": {"type": "Polygon", "coordinates": [[[-112.74309806292176, 37.23663145840205], [-112.74362402583142, 37.23687048761617], [-112.7436275565273, 37.236872057945945], [-112.7441507891259, 37.2371098631728], [-112.74415682805932, 37.23711265834584], [-112.74416035877711, 37.237114228659095], [-112.74513635836679, 37.23757915386854], [-112.74514604705413, 37.23758378790699], [-112.74515516606417, 37.23758815995404], [-112.74549184718107, 37.23773812889042], [-112.74617076244935, 37.23808313674451], [-112.7468351024758, 37.238460621988686], [-112.7470802922282, 37.238612206639566], [-112.74709173184152, 37.23861942842733], [-112.7470980192617, 37.23862321120292], [-112.74749223686781, 37.23886750180585], [-112.74750299001049, 37.238874283038925], [-112.74814796767916, 37.23930603399033], [-112.74815701808167, 37.23931229952966], [-112.74866437860229, 37.23967658991267], [-112.74907634763203, 37.24000073782954], [-112.74908404796686, 37.24000711337133], [-112.74908668779122, 37.24000914734327], [-112.74950147671387, 37.24035758697086], [-112.7495107964833, 37.24036574113749], [-112.74960718490587, 37.24045363478585], [-112.74961121457407, 37.240457270532424], [-112.75028672041724, 37.24107215159505], [-112.75029282657552, 37.24107782959015], [-112.75029731959035, 37.241081999237416], [-112.75030123871547, 37.241085726723036], [-112.75051240042961, 37.24128611641762], [-112.7505173588363, 37.24129091007937], [-112.75052588580225, 37.2412988956269], [-112.75151588993057, 37.24223818041728], [-112.75271996810875, 37.24338032258389], [-112.7527253880188, 37.2433855599617], [-112.75272907364132, 37.243388930303304], [-112.7533223903659, 37.243957602086425], [-112.7533271216438, 37.24396230885938], [-112.75333680124618, 37.24397135867323], [-112.75345579087144, 37.24408550240129], [-112.75346052216575, 37.24409020916839], [-112.75347020180065, 37.244099258970294], [-112.75390165351105, 37.244512959585826], [-112.75391052556381, 37.24452121015232], [-112.75569530145019, 37.246208198785084], [-112.75570164429024, 37.246214323622915], [-112.75598105351933, 37.24647831344744], [-112.75598728370375, 37.2464844399403], [-112.75599546536885, 37.24649206968007], [-112.75624710263803, 37.2467300629726], [-112.75625238297467, 37.245884212911086], [-112.75622621847393, 37.24585954518375], [-112.7562181495579, 37.245851913786005], [-112.75443337314377, 37.24416502312337], [-112.75442772348559, 37.24415960897291], [-112.75399304660702, 37.24374298378588], [-112.7539882046939, 37.24373836880813], [-112.75397863565578, 37.243729227280454], [-112.7538596458448, 37.24361508407735], [-112.75385480394809, 37.24361046909364], [-112.75384523494246, 37.24360132755416], [-112.75325664224525, 37.243037094871944], [-112.75325145189416, 37.243032034376924], [-112.75324292444564, 37.24302404904045], [-112.75204137591851, 37.24188412795224], [-112.75104883886706, 37.24094263176314], [-112.75104273058002, 37.240936863709656], [-112.75103777424992, 37.24093216016833], [-112.75082408083601, 37.24072955561546], [-112.75081808527692, 37.24072378588264], [-112.75081359225626, 37.24071961625511], [-112.75080956043283, 37.24071589045301], [-112.75012345474748, 37.24009116470405], [-112.75011942299184, 37.240087438876344], [-112.75001774227631, 37.23999493715138], [-112.75001382530702, 37.239991299752376], [-112.75000842458475, 37.23998687312291], [-112.74999819493823, 37.239978371927904], [-112.74957926571693, 37.23962639004], [-112.74957397565498, 37.23962187162516], [-112.74956616471184, 37.23961558787886], [-112.74956352488917, 37.239613553917444], [-112.74914018506793, 37.23928029236085], [-112.74913754526837, 37.23927825838925], [-112.74912860123573, 37.239271720966215], [-112.74912091971697, 37.23926615631169], [-112.74861608282617, 37.23890372329894], [-112.74860702827357, 37.238897277596855], [-112.74859866235857, 37.23889136249871], [-112.74793456691108, 37.23844691760869], [-112.74792392440278, 37.23844004465139], [-112.74791763487765, 37.238436171821604], [-112.74752399210996, 37.2381923247723], [-112.74751255460377, 37.238185193123876], [-112.74750626512053, 37.238181320270996], [-112.74726747396862, 37.23803342748427], [-112.74725592382062, 37.2380262974728], [-112.74724974705312, 37.238022422942336], [-112.74724460945478, 37.238019614627135], [-112.74656667221629, 37.237634130463526], [-112.74656164735816, 37.23763132045468], [-112.74654738032316, 37.23762368967771], [-112.74585272538636, 37.23727062414206], [-112.74583460213603, 37.237261968591305], [-112.74549769508072, 37.237111913805734], [-112.74548858234444, 37.23710781208001], [-112.74451212992146, 37.236642625985105], [-112.74450243931692, 37.236637901791134], [-112.74449639833325, 37.23663501653607], [-112.74449286763165, 37.23663344623235], [-112.74448967707013, 37.23663196104589], [-112.74309806292176, 37.23663145840205]]]}, "properties": {"objectid": 4556897, "owner": "State", "agency": "UDOT", "admin": "UDOT", "desig": "N/A", "state_lgd": "Other State", "ut_lgd": "State", "natl_lgd": "State", "edit_date": 1430287200000, "gis_acres": 23.404533389999997, "label_federal": null, "label_state": null, "county": "KANE", "tribe": null, "globalid": "{2810B327-A735-4466-8283-0D658F64249A}", "Shape__Area": 94714.78335026203, "Shape__Length": 3325.249889877654}}, {"type": "Feature", "id": 4556906, "geometry": {"type": "Polygon", "coordinates": [[[-112.66020713132988, 37.19388141526492], [-112.66020912284337, 37.19389003993277], [-112.66023676543729, 37.193994745291036], [-112.66026563308199, 37.19410394002158], [-112.660266370037, 37.19410672375439], [-112.66027679031458, 37.19414010644432], [-112.66031425753978, 37.194245845762865], [-112.66032736715692, 37.19427855983036], [-112.66041792020489, 37.194482969496924], [-112.66043501341044, 37.194517520456884], [-112.66044040755517, 37.194527178990356], [-112.66060675751241, 37.19481777272586], [-112.66062066390037, 37.194840561168284], [-112.66064148999658, 37.19487064333508], [-112.66077776133618, 37.1950533210036], [-112.6608026600337, 37.1950841572128], [-112.6608069339825, 37.195088964358824], [-112.66095941728929, 37.1952607790093], [-112.66098202608183, 37.19528479733167], [-112.66098548201899, 37.19528826397687], [-112.66106724695545, 37.19536913653735], [-112.66109289488524, 37.19539302208376], [-112.66109875360668, 37.1953981675167], [-112.6612732905658, 37.19554804099067], [-112.66129864423932, 37.19556877603155], [-112.66132005786139, 37.19558451899488], [-112.66160159541813, 37.1957842657393], [-112.6616136074322, 37.195792569537275], [-112.66165005451228, 37.19581567253647], [-112.66185104247755, 37.1959334479072], [-112.66188548407565, 37.195952432944225], [-112.66189186456766, 37.1959556782637], [-112.6621048970397, 37.19606264872792], [-112.66213711378359, 37.19607778927852], [-112.66215849611416, 37.19608695296032], [-112.66250522607685, 37.19622809872657], [-112.66252386183407, 37.196235318012135], [-112.66256507351923, 37.196249611133815], [-112.66257131376248, 37.1962515965505], [-112.66281631961422, 37.19632657103016], [-112.66285248068353, 37.196336608670045], [-112.6628646035335, 37.196339683183496], [-112.66312737415235, 37.196402690565044], [-112.66315839367232, 37.196409465461535], [-112.66318599467418, 37.196414485734785], [-112.66424800698765, 37.1965893834066], [-112.664500790335, 37.19663873801172], [-112.66472502276878, 37.196696244642304], [-112.66491480977679, 37.196760273832716], [-112.66494531410694, 37.196774356108435], [-112.66521243541628, 37.19689678410275], [-112.66528603412422, 37.19693901216215], [-112.66528774081321, 37.195693648453506], [-112.66523053310719, 37.19567435358533], [-112.66521532765904, 37.195669429903376], [-112.66517337887441, 37.19565749147401], [-112.66489669018885, 37.19558657247601], [-112.66485332082824, 37.19557663678285], [-112.66485003868678, 37.19557596187056], [-112.66456150299265, 37.195519629568764], [-112.66453718437646, 37.19551528453087], [-112.66349260103793, 37.1953432990708], [-112.6632832922596, 37.195293061339775], [-112.6630959111416, 37.19523575550944], [-112.66280886736826, 37.19511892003815], [-112.66264288475587, 37.195035535586044], [-112.66248892036427, 37.19494531250658], [-112.66225579300456, 37.19477985927687], [-112.66211995323064, 37.194663243330496], [-112.6620668631064, 37.19461072090682], [-112.66194256564387, 37.19447068896556], [-112.66183984017384, 37.19433305814362], [-112.66170183525452, 37.19409191095961], [-112.6616292955976, 37.19392816908311], [-112.66161248073031, 37.19388063551984], [-112.66075883974477, 37.193881161504684], [-112.66062972735574, 37.19388116919625], [-112.66020713132988, 37.19388141526492]]]}, "properties": {"objectid": 4556906, "owner": "State", "agency": "UDOT", "admin": "UDOT", "desig": "N/A", "state_lgd": "Other State", "ut_lgd": "State", "natl_lgd": "State", "edit_date": 1438840800000, "gis_acres": 15.25193214, "label_federal": null, "label_state": null, "county": "KANE", "tribe": null, "globalid": "{196366D1-22D8-4404-B939-061F225BE94A}", "Shape__Area": 61722.38125007312, "Shape__Length": 1276.7235023025478}}, {"type": "Feature", "id": 4557051, "geometry": {"type": "Polygon", "coordinates": [[[-112.68395312677801, 37.20752265926588], [-112.68395338009766, 37.207706431930205], [-112.68531749023153, 37.20770460242968], [-112.68539076584509, 37.20750337961891], [-112.68555775170049, 37.20717364877336], [-112.68574908792263, 37.206844472379885], [-112.68575049820502, 37.20684201877946], [-112.68576748411547, 37.20681032141879], [-112.68589224935154, 37.20655320542379], [-112.6859061976989, 37.206521731546395], [-112.68591881069091, 37.206485950409785], [-112.68599978244019, 37.20622053480826], [-112.68600051482294, 37.206218000725286], [-112.6860092532879, 37.206185339178504], [-112.68601578731574, 37.20614982483656], [-112.68601690849377, 37.206139443857666], [-112.68605638669834, 37.2058070209993], [-112.68605863742197, 37.205781572130284], [-112.68605930181691, 37.205745600567354], [-112.68605793385731, 37.205719572303614], [-112.68603080062172, 37.205386385287824], [-112.68602979156607, 37.20537648528846], [-112.68602460246755, 37.20534077731953], [-112.68601649263509, 37.20530547145414], [-112.68601501659566, 37.20529990437129], [-112.68592202269127, 37.20497432458631], [-112.68591258289871, 37.20494507639415], [-112.68589886301982, 37.20491084181736], [-112.6858892938051, 37.20489096904776], [-112.6857331048301, 37.204581340492375], [-112.6857259308936, 37.204567832885836], [-112.68570672772479, 37.2045352986839], [-112.68568449923654, 37.20450352858518], [-112.68546854900968, 37.204217282910065], [-112.68544468318174, 37.20418787946119], [-112.68541790068159, 37.204159058299474], [-112.68540477079883, 37.20414626634771], [-112.68513509563505, 37.20389133887345], [-112.68511910970932, 37.203876784914776], [-112.68508777522567, 37.203851002754845], [-112.68505810992615, 37.20382934284525], [-112.68474127087896, 37.20361194892147], [-112.6847376082357, 37.20360938723672], [-112.68470240764124, 37.20358708493316], [-112.68466544686096, 37.203566700400884], [-112.6846529140078, 37.20356047940565], [-112.68429702868839, 37.203385910953656], [-112.68427095533437, 37.203373753604545], [-112.68423092891781, 37.20335737828031], [-112.6841995854518, 37.203346377430925], [-112.68394702925582, 37.20326317297159], [-112.6839483812117, 37.20407441965539], [-112.68394872283912, 37.204515694377434], [-112.68412196263988, 37.2046346368869], [-112.68432084896611, 37.20482252483295], [-112.68447990640918, 37.20503333134171], [-112.68459518268152, 37.20526161482641], [-112.68466362049678, 37.20550165054847], [-112.68468373348003, 37.20574742098617], [-112.68465433461131, 37.20599623913613], [-112.6845954113669, 37.20618923576073], [-112.6844956403782, 37.206394890878826], [-112.68430701170512, 37.20671934001496], [-112.68430560137743, 37.20672179359933], [-112.684291743419, 37.20674722725909], [-112.68428915206115, 37.20675231142749], [-112.68410456501447, 37.20711672074305], [-112.68410208627962, 37.207121803305746], [-112.68408695002329, 37.20715563726485], [-112.68408173271328, 37.2071693211776], [-112.68395312677801, 37.20752265926588]]]}, "properties": {"objectid": 4557051, "owner": "State", "agency": "UDOT", "admin": "UDOT", "desig": "N/A", "state_lgd": "Other State", "ut_lgd": "State", "natl_lgd": "State", "edit_date": 1685599200000, "gis_acres": 14.62898064, "label_federal": null, "label_state": null, "county": "KANE", "tribe": null, "globalid": "{14351976-9547-48EE-AF14-9393E2129329}", "Shape__Area": 59201.38555005667, "Shape__Length": 1229.3152555188212}}]}