{"type": "FeatureCollection", "features": [{"type": "Feature", "id": 4542564, "geometry": {"type": "MultiPolygon", "coordinates": [[[[-112.48648636084344, 37.89040149856727], [-112.48664702980787, 37.886934412639846], [-112.48666796435614, 37.886493896274956], [-112.48681994903, 37.88331927767897], [-112.48681271441123, 37.88258630636304], [-112.48678443695259, 37.87970406982935], [-112.48676921037946, 37.87909944453239], [-112.48669344915281, 37.87608883957073], [-112.49164886773512, 37.87606634129003], [-112.4962379774515, 37.876045407252704], [-112.50084393622132, 37.876025791712394], [-112.50544978013613, 37.87600635780576], [-112.50544974302369, 37.872379439876724], [-112.50544971192166, 37.86875251978496], [-112.50544968682952, 37.86512559753051], [-112.50544978139251, 37.86149867166016], [-112.50543763262722, 37.85787307187336], [-112.50542560285696, 37.85424737834609], [-112.50541346847129, 37.85062177418471], [-112.50540133944459, 37.84699607773601], [-112.50540649850237, 37.84337628655962], [-112.50541166303864, 37.839756493240095], [-112.5054168312216, 37.836136607677204], [-112.50542189311241, 37.832516811523995], [-112.50542758172232, 37.828888443519325], [-112.50543327578642, 37.825260073362685], [-112.50543897713473, 37.82163179115473], [-112.50544468210559, 37.8180034166944], [-112.50544575830591, 37.81555635530648], [-112.50541618556126, 37.81551545651733], [-112.50544579234489, 37.81550210019527], [-112.50544640270058, 37.814379957783295], [-112.50544801555453, 37.81075649816997], [-112.50544965254156, 37.80713393741048], [-112.50086835522144, 37.80714428041739], [-112.49628693887436, 37.80715453675673], [-112.49172409678862, 37.807167894381124], [-112.48716124533186, 37.807180985134075], [-112.48714702322208, 37.81075306223896], [-112.4871512760983, 37.81437942920998], [-112.48715565071143, 37.8180058826764], [-112.48260658629259, 37.81795797473885], [-112.47805752550532, 37.81791007112705], [-112.47350858193657, 37.81786217042151], [-112.46895952843167, 37.81781427547033], [-112.46897921637544, 37.81425069087449], [-112.46899901986842, 37.810687012705664], [-112.4690212369615, 37.80712456416923], [-112.46904334401503, 37.80356211500052], [-112.47357637713085, 37.80357380422028], [-112.47810940947544, 37.803585499120366], [-112.48264232748447, 37.803597201129364], [-112.48717535826859, 37.80360890739178], [-112.48727181510696, 37.800025153231196], [-112.48737004008248, 37.79640514465319], [-112.48754917879529, 37.7927878974411], [-112.48772841946496, 37.789170646739485], [-112.49232755450683, 37.7891533885667], [-112.49692656964983, 37.78913604238454], [-112.5015256955882, 37.789118785514596], [-112.5061247034316, 37.78910153074486], [-112.5062165328079, 37.78546897245706], [-112.50630836104628, 37.78183650222316], [-112.50640007097243, 37.77820394129258], [-112.50649189145919, 37.77457137686341], [-112.50655401373582, 37.770952528565985], [-112.50661624943974, 37.7673336767629], [-112.50667837339161, 37.76371491445851], [-112.506740495443, 37.760096059998645], [-112.50679958424438, 37.75648436213771], [-112.5068586769145, 37.75287284243102], [-112.50691776614332, 37.74926114047256], [-112.50697685924214, 37.745649616668786], [-112.507049209091, 37.7420481955484], [-112.5071216713111, 37.73844677095316], [-112.50719413243532, 37.734845344334204], [-112.5072664808453, 37.731244007244364], [-112.50731815298326, 37.7276862828062], [-112.50736982596162, 37.72412855637341], [-112.507421386351, 37.720570829396706], [-112.50747306101788, 37.717013098974796], [-112.50924972589662, 37.71701740144161], [-112.51196931392884, 37.717027610932924], [-112.51374041930607, 37.71703191697606], [-112.51646556640752, 37.717042131511235], [-112.5182309970301, 37.71704635291364], [-112.52096170502432, 37.71705666217236], [-112.52272157616075, 37.71706088800457], [-112.52273732711235, 37.713457565328774], [-112.52275305395413, 37.709836215848846], [-112.5227714434776, 37.706217263298434], [-112.52278972385912, 37.70259831010067], [-112.52278679869426, 37.69899603160322], [-112.52278387980618, 37.69539375097129], [-112.52278096535132, 37.69179137810316], [-112.52277806085779, 37.68818918330436], [-112.51822678368376, 37.68816586331962], [-112.5182347385355, 37.68455676514227], [-112.51368149928844, 37.684537618918576], [-112.50912814848465, 37.684518568531864], [-112.50457490740288, 37.68449934076901], [-112.50001473868952, 37.68448525247935], [-112.49545445417043, 37.684471079288485], [-112.49089416904806, 37.684456909853296], [-112.4909143662083, 37.68087170875707], [-112.49093456362941, 37.67728632538103], [-112.49548280593669, 37.677292989078715], [-112.50003093338351, 37.67729965893599], [-112.50003897987413, 37.67370676962807], [-112.49549692914174, 37.673703806406486], [-112.49095476491907, 37.67370093993181], [-112.48641271031947, 37.67369798712713], [-112.4864690315194, 37.6700137252999], [-112.48652524171655, 37.666329552867104], [-112.48186096870418, 37.66633841597621], [-112.48192208806078, 37.662672836147884], [-112.47726260428684, 37.662700291574744], [-112.47259948750039, 37.66272778843828], [-112.47267393510747, 37.65909962380194], [-112.47270188222855, 37.6554990757517], [-112.46808496490506, 37.65553004924987], [-112.46809585278102, 37.6548855977609], [-112.46409131309133, 37.65490365293097], [-112.4595814489178, 37.65492368100865], [-112.45499982713982, 37.65493811294813], [-112.45041831282882, 37.65495245561889], [-112.4458733736113, 37.65493570893313], [-112.4413284324625, 37.654918877133916], [-112.43672242404911, 37.654939115445195], [-112.43668985729784, 37.65856081596763], [-112.43665353220972, 37.66222266669262], [-112.43207024144523, 37.66225705078743], [-112.42740547017215, 37.662263943026986], [-112.42738591134781, 37.66588359042931], [-112.42736630621069, 37.66951837764054], [-112.42269352218163, 37.669479940390524], [-112.4226698911945, 37.67309972400856], [-112.42734681651638, 37.673153071233465], [-112.43202363264572, 37.673206414382655], [-112.43196640967972, 37.67675963771781], [-112.43190907509636, 37.680312950540156], [-112.43185185217021, 37.683866169884745], [-112.43179463099783, 37.68741947733948], [-112.4271936766543, 37.68751284186785], [-112.42259293693094, 37.68760629463856], [-112.41799455403239, 37.68762770850132], [-112.41339616617668, 37.68764912325891], [-112.41344633880232, 37.68400081829671], [-112.41349651050719, 37.680352421112104], [-112.41354906098377, 37.67671579993829], [-112.4136016102886, 37.67307908655848], [-112.40905079078168, 37.67302630067531], [-112.40900366548054, 37.6766497905181], [-112.40445827246855, 37.67658360569256], [-112.40441668257942, 37.68019359862526], [-112.40437449442187, 37.68383793498944], [-112.3998192094749, 37.6837514140877], [-112.39923473983242, 37.68374032592234], [-112.39904358370129, 37.68373664579686], [-112.39526392787495, 37.68366462685006], [-112.39066017095125, 37.68365358142421], [-112.39070529342044, 37.680021106611065], [-112.39076690934542, 37.676391319249554], [-112.38619296983306, 37.67638028476602], [-112.38626118345566, 37.672751860381624], [-112.3816393139998, 37.67276121907145], [-112.38170344936609, 37.669139240295536], [-112.37709837163456, 37.669143355506904], [-112.37717918479626, 37.66551604333751], [-112.37264345100282, 37.6654934865604], [-112.37258549831144, 37.66906275960589], [-112.36807262940786, 37.66898199078387], [-112.36803754607102, 37.67249322433437], [-112.36793671456932, 37.676190700884725], [-112.36338912779966, 37.67618190041036], [-112.35880230087214, 37.67617283586359], [-112.3587932821015, 37.67721391241501], [-112.35879265651238, 37.67727908180065], [-112.35877268544236, 37.67979603150543], [-112.35874752627943, 37.68031284184266], [-112.35871439025016, 37.6809518667316], [-112.35863319046439, 37.68348799659783], [-112.35859665278137, 37.6845747230953], [-112.3585151941835, 37.6871217598602], [-112.35851067547954, 37.68788735360564], [-112.35850884045668, 37.68819705228469], [-112.35849565387352, 37.69074402197854], [-112.36305536660407, 37.69078413822552], [-112.36761519220221, 37.69082407669543], [-112.36759332229288, 37.69447421100612], [-112.37238494661712, 37.694530741569245], [-112.37232028151045, 37.698190744110924], [-112.36757136470997, 37.69814408204653], [-112.36301628996983, 37.69807218552687], [-112.36303471661306, 37.6944201995297], [-112.35847611378023, 37.694366101745985], [-112.35846554986584, 37.69544054016562], [-112.35845701942276, 37.697999980946385], [-112.35845500923897, 37.699064496322016], [-112.35844643250003, 37.701621232338645], [-112.35846761033697, 37.70268827384763], [-112.35657441417263, 37.702689344488746], [-112.35199432638593, 37.702691756922356], [-112.34741434792458, 37.70269408020974], [-112.34286101131272, 37.702683123949406], [-112.34018350440715, 37.70267663937885], [-112.33830755893041, 37.70267208316914], [-112.3383126909365, 37.70630063978273], [-112.3383177963726, 37.70992739203269], [-112.33832281042875, 37.713555044472734], [-112.33832607944353, 37.71587460963512], [-112.33997214117588, 37.71588448016507], [-112.34124768245495, 37.7158892610113], [-112.34222661852695, 37.71589208819504], [-112.34217738770128, 37.71952062356279], [-112.342126420022, 37.7231471938133], [-112.34207189848682, 37.726746584097015], [-112.34207109612532, 37.72679643342695], [-112.3420172683721, 37.730346243930406], [-112.34124370002448, 37.730346307026004], [-112.33666612367492, 37.73035009099023], [-112.33208854473985, 37.73035387736891], [-112.33209234467402, 37.73397964153387], [-112.33209603521153, 37.73760531469016], [-112.33209984650647, 37.741231074490145], [-112.33210366187024, 37.744856741998966], [-112.33209309581339, 37.74847130411488], [-112.33208253562341, 37.75208595419549], [-112.33207197968524, 37.75570060213217], [-112.33206142638296, 37.75931515781657], [-112.33206919340694, 37.76293184758474], [-112.33207707998206, 37.76654853388976], [-112.33208497261123, 37.77016521801458], [-112.33209275615812, 37.77378181113454], [-112.33208115358107, 37.77740610181639], [-112.33206955356117, 37.78103030023607], [-112.33205795933308, 37.784654586609456], [-112.3320463676622, 37.78827878072066], [-112.33204497328362, 37.79190772422587], [-112.33204369926135, 37.79553675437698], [-112.33204442756212, 37.799163146112335], [-112.33204480453803, 37.80337040125437], [-112.33222518180978, 37.803370344031954], [-112.3366071726932, 37.803356660861226], [-112.33678753997174, 37.803356056007104], [-112.34116986800916, 37.80334237944573], [-112.3412598243789, 37.80334207614623], [-112.34134989431067, 37.80334177148479], [-112.34125420021878, 37.80698105967324], [-112.3411585021172, 37.81062034577009], [-112.34106280000385, 37.8142596297752], [-112.34096720746389, 37.81789891039514], [-112.33651929811475, 37.81791468204245], [-112.33207127148641, 37.81793046721358], [-112.33189085715283, 37.81793043476069], [-112.33171721301063, 37.83246794550896], [-112.33189777636873, 37.83246797627613], [-112.33180914354283, 37.83608310015276], [-112.33172062096183, 37.83969822067583], [-112.33163197976711, 37.84331325030822], [-112.33154333681306, 37.846928367978954], [-112.33153924243027, 37.85057443172697], [-112.33153492734819, 37.85422058595762], [-112.33153072923851, 37.85786664660156], [-112.33152653608472, 37.86151270505081], [-112.33147942198332, 37.865148702184655], [-112.33143230858957, 37.86878469719623], [-112.33138519428093, 37.87242059997896], [-112.33135152536039, 37.87605806095103], [-112.33132414463878, 37.87979837122177], [-112.33129692104468, 37.883540930594286], [-112.33127624883493, 37.88729981632], [-112.33125633290437, 37.890923684500294], [-112.33123698044133, 37.89456601974483], [-112.33121774513882, 37.89820835153711], [-112.33119840120395, 37.901850772555576], [-112.33117917281764, 37.90549310001527], [-112.33099854479397, 37.905493070207434], [-112.3308181766916, 37.92002865095409], [-112.33069952852334, 37.931429255906004], [-112.33088183702674, 37.93143692724034], [-112.33088712636129, 37.93095407276723], [-112.3354462485185, 37.93096694213141], [-112.34000502568969, 37.93097963866085], [-112.3399594504868, 37.93460521394268], [-112.3354028820159, 37.934645214772985], [-112.33084630496543, 37.93468512930077], [-112.33066560711715, 37.93468519042367], [-112.33051164648835, 37.94923788861342], [-112.33019567494489, 37.963724792484975], [-112.33019810049242, 37.96737332793724], [-112.33020041620243, 37.971021772359606], [-112.3302027391395, 37.97467030467512], [-112.33031200930431, 37.97871777301037], [-112.3304875380794, 37.97872182566827], [-112.33503481516061, 37.97866560842301], [-112.33958208332227, 37.978609395669274], [-112.33955982339982, 37.98220106179378], [-112.33953768039413, 37.98579272451925], [-112.3395154266196, 37.98938438643906], [-112.33949328977275, 37.992976044959505], [-112.33952615863153, 37.99664259793494], [-112.3395590345875, 38.00030905850639], [-112.33959192092043, 38.003975606882406], [-112.33962481599268, 38.00764215295855], [-112.33962705666902, 38.01129498694837], [-112.33962919073996, 38.01494791012298], [-112.33963144270133, 38.018600739678774], [-112.33963358804759, 38.022253658419274], [-112.33964631041842, 38.02591150134411], [-112.33965892722009, 38.02956943342675], [-112.3396715507147, 38.033227363265276], [-112.33968417926151, 38.036885200755755], [-112.34000039195074, 38.04054327067182], [-112.34031663988446, 38.04420124682548], [-112.34063292471333, 38.047859219320095], [-112.34094924644644, 38.051517188155245], [-112.34094239534993, 38.055176678440425], [-112.34093555066295, 38.05883625661971], [-112.34093885488095, 38.062414606980404], [-112.34094216627452, 38.06599304531396], [-112.3392036925915, 38.0659952051271], [-112.33921584079567, 38.06961247404858], [-112.33922799551247, 38.0732297407754], [-112.33924015674279, 38.07684700530753], [-112.33925221049527, 38.08046426894405], [-112.33466316147852, 38.0804692585257], [-112.3300739957943, 38.08047425036669], [-112.32548482744173, 38.08047924316827], [-112.32089565642775, 38.08048423693098], [-112.32088210635875, 38.07687292979571], [-112.32086867520911, 38.073261529083645], [-112.32085513825032, 38.06965021756498], [-112.32084160784804, 38.0660389038547], [-112.31779938393814, 38.06604746208169], [-112.31625093284883, 38.06604967467839], [-112.31320859211654, 38.066058205444676], [-112.31166014211091, 38.06606053775887], [-112.3086177985314, 38.06606903978374], [-112.3070693463883, 38.066071311607104], [-112.30402700157319, 38.0660798749952], [-112.30247854730257, 38.06608208632765], [-112.30249055857935, 38.06969081183046], [-112.3025025745842, 38.07329944504201], [-112.30251459691559, 38.076908076066815], [-112.30252662557437, 38.080516704904866], [-112.2979397085939, 38.08051455830885], [-112.29335290229896, 38.08051232147843], [-112.28876598030662, 38.08051008703248], [-112.28417917061259, 38.08050785246671], [-112.27959897499852, 38.08049923842998], [-112.27501889094304, 38.08049053468907], [-112.27043880603422, 38.080481832595616], [-112.26585860628333, 38.08047313337841], [-112.2612822505861, 38.080462592081766], [-112.25670578029695, 38.08045205394071], [-112.25212942341412, 38.08044151651324], [-112.24755306594858, 38.080430981023724], [-112.24754307469715, 38.08405662861806], [-112.24753308590192, 38.08768218393286], [-112.24752310262603, 38.09130782718068], [-112.2475131233383, 38.09493346825508], [-112.24348372580462, 38.094930850441756], [-112.23889974931649, 38.094927995283136], [-112.23431704672805, 38.09492638978108], [-112.22973445648006, 38.09492478452869], [-112.22972764622486, 38.0985535489472], [-112.22972095423899, 38.1021823099882], [-112.22971415246676, 38.10581107003863], [-112.22970746897575, 38.1094398267112], [-112.22512686329489, 38.10944073056561], [-112.22513681350765, 38.11306111173314], [-112.22514676806883, 38.116681400590956], [-112.22515660990777, 38.12030141811572], [-112.2251665716541, 38.12392143224812], [-112.22057429803439, 38.12392697250957], [-112.21598202334324, 38.123932603545754], [-112.21597795265052, 38.12031027163377], [-112.21597388570555, 38.11668784741915], [-112.21596982250826, 38.11306533090174], [-112.21596576156472, 38.10944263197451], [-112.21138526402969, 38.109443539432185], [-112.21138637788312, 38.11306726172932], [-112.21138749518354, 38.11669089172677], [-112.21138861741979, 38.120314519531604], [-112.21138974459241, 38.12393814514377], [-112.20679654038024, 38.12394306603599], [-112.20220333369855, 38.12394798752407], [-112.19761012308209, 38.12395281950098], [-112.19301702555407, 38.12395774102337], [-112.19301009159375, 38.127604253341616], [-112.19300327583326, 38.131250762291955], [-112.19299646420673, 38.134897269032834], [-112.19298965671442, 38.138543773564166], [-112.18838376133786, 38.13851972042198], [-112.18377786568298, 38.138495576694034], [-112.17917197267448, 38.138471522596355], [-112.1745659667685, 38.13844746916342], [-112.17459013889227, 38.142026255029], [-112.17461431794185, 38.14560503871092], [-112.17462721771382, 38.14920592290444], [-112.17462835929923, 38.15018076308465], [-112.1739999747793, 38.15018037735956], [-112.17004197386746, 38.150159404732804], [-112.16945593160895, 38.15015911356306], [-112.16545569770709, 38.15013768585673], [-112.16489499135184, 38.15013739085569], [-112.16086953374982, 38.15011578668535], [-112.16033404922814, 38.15011549095478], [-112.16033332647878, 38.15015126943136], [-112.16036302185316, 38.15015053263344], [-112.1608987191323, 38.15014983478212], [-112.16493501799181, 38.150178450060444], [-112.16549593709865, 38.15017775141235], [-112.16950689457458, 38.15020592023448], [-112.17009317117608, 38.15020656930146], [-112.1740614674576, 38.15024311852179], [-112.1746902020581, 38.15024395102356], [-112.17861261400809, 38.15020906809609], [-112.17926871760596, 38.15020861006267], [-112.18313141751948, 38.15022203059069], [-112.18384949110103, 38.15022155349215], [-112.18765021220493, 38.150234458737216], [-112.18843022348689, 38.15023197541123], [-112.19203036154808, 38.15023397111581], [-112.19301111421984, 38.15023113196414], [-112.19640603183691, 38.150294738776545], [-112.1976076894837, 38.15028925009143], [-112.20097584366488, 38.15026548919825], [-112.20220488930597, 38.15025994374684], [-112.20554565450354, 38.15023651237212], [-112.20680219919235, 38.1502307266307], [-112.21006285838467, 38.150208170098594], [-112.21139962511405, 38.15020195915526], [-112.2145862003448, 38.15018553858913], [-112.21467834605265, 38.15018495596698], [-112.2146782745788, 38.15017025693023], [-112.21606522152676, 38.150162031893814], [-112.21927334465047, 38.15013769075582], [-112.22063039327674, 38.15012972219377], [-112.2238682931543, 38.15010503613086], [-112.22519563108652, 38.15009489113169], [-112.2285018864029, 38.15006332598707], [-112.22976052861186, 38.15005375784428], [-112.2297603264015, 38.14932809969051], [-112.22977104302582, 38.14568445424916], [-112.23434887525377, 38.14569609061028], [-112.23437618104674, 38.14204118476592], [-112.23440360016686, 38.1383860953237], [-112.23438941867718, 38.13476748969633], [-112.23438227110051, 38.13295467192037], [-112.23896594773935, 38.132974453432915], [-112.24355178940026, 38.132994033054835], [-112.24354597322909, 38.1311721004078], [-112.247538125091, 38.13118203772696], [-112.24754346677099, 38.13481326039434], [-112.252107123219, 38.13482327790682], [-112.25667089159482, 38.13483320693765], [-112.26123465779439, 38.13484304869832], [-112.26579842023791, 38.134852713083596], [-112.2658183046335, 38.13122167610921], [-112.27043342517699, 38.131232140429205], [-112.27504865598009, 38.13124242212457], [-112.2796511050844, 38.13125257151403], [-112.28425343466964, 38.13126245165448], [-112.2842473360647, 38.134892253299924], [-112.284241126324, 38.138521963906776], [-112.28683868775049, 38.13851092581847], [-112.2868387248265, 38.13894179597415], [-112.28683794062654, 38.142119214932144], [-112.28683797830689, 38.14255008482919], [-112.28683719851158, 38.145727501880764], [-112.2868371226996, 38.146158372769364], [-112.29147619862908, 38.146167019912404], [-112.29611538448073, 38.146175482501036], [-112.29609187233036, 38.14253150817727], [-112.30070506099666, 38.142522053620546], [-112.30067346426935, 38.13890439446945], [-112.30525711502479, 38.138895990938494], [-112.30523878727507, 38.135279626928586], [-112.30981739595157, 38.13525731439953], [-112.3143960014809, 38.135235093716474], [-112.3144190995222, 38.13884409995317], [-112.31444209094342, 38.14245310525609], [-112.30988005661365, 38.14248280635589], [-112.30531812752749, 38.142512329018885], [-112.30537914962743, 38.14612857468089], [-112.30544147281385, 38.149804373744075], [-112.30273771029016, 38.14980817246788], [-112.30273772256054, 38.14981245488808], [-112.30274269359963, 38.14981244300236], [-112.30543718353357, 38.14980703493598], [-112.3073645917906, 38.14979857149553], [-112.3073645684928, 38.14979100158294], [-112.30997124355214, 38.14976997484731], [-112.31182750916605, 38.14975934780911], [-112.3144886002725, 38.14973734254804], [-112.31628952498151, 38.14972735450132], [-112.31900507777098, 38.14970058097957], [-112.3208290017633, 38.149687741588664], [-112.32352184885438, 38.14966147944955], [-112.32541522043765, 38.14966472884769], [-112.32812981999255, 38.14965505824199], [-112.3300504699232, 38.14964593829047], [-112.33273607867116, 38.149636219139474], [-112.33468525521278, 38.149626969981966], [-112.3373397845379, 38.14972780662854], [-112.33931112545156, 38.1498009591474], [-112.34194145202801, 38.149900705960796], [-112.34390063254583, 38.14996373663967], [-112.34648832554691, 38.14999727011417], [-112.34838459418698, 38.150021203970724], [-112.3510398703225, 38.150055753607894], [-112.35286822042359, 38.150078774182674], [-112.3569767089542, 38.15008616565512], [-112.35703005526895, 38.14603633671727], [-112.35703050163116, 38.14564160281704], [-112.35706412560367, 38.142424264228545], [-112.3570646864342, 38.1420295287772], [-112.35709819627925, 38.13881209952702], [-112.35709875748545, 38.13841736384297], [-112.36166423457202, 38.13842291945951], [-112.36622971201038, 38.13842856786542], [-112.37079518812506, 38.13843421895849], [-112.37536066121814, 38.13843978263711], [-112.37995557720994, 38.13845167197163], [-112.38455037849455, 38.13846356302407], [-112.38455896494226, 38.13480609737374], [-112.38456744378426, 38.13114872096797], [-112.38916408540331, 38.13115554662148], [-112.39376072059876, 38.131162102233915], [-112.39374564811827, 38.127544028145316], [-112.39373058437344, 38.12392604195831], [-112.39372483732717, 38.120293704033315], [-112.3937189840952, 38.11666145536563], [-112.3983063282466, 38.11666524641104], [-112.40289366728997, 38.11666885827109], [-112.4028833794398, 38.11303693467624], [-112.40287309994555, 38.109405098977355], [-112.40745583621081, 38.10941255628806], [-112.4074549667012, 38.105789259447825], [-112.40745410115353, 38.10216587033313], [-112.41203779801003, 38.10216980625479], [-112.4166331392369, 38.10216260832574], [-112.42122847388428, 38.10215523063332], [-112.42582368788963, 38.10214767456193], [-112.43041900925563, 38.10213993734893], [-112.43043479279967, 38.105768272881555], [-112.43045047134292, 38.10939669769234], [-112.43502181122886, 38.10940520043871], [-112.43959315002238, 38.10941370544077], [-112.4441644859426, 38.1094221225991], [-112.44873582252583, 38.1094306321103], [-112.45334064223, 38.109436656853674], [-112.45794557266625, 38.10944258972629], [-112.46254120216113, 38.109445483801764], [-112.46713694559641, 38.109448466919545], [-112.4717326853344, 38.10945136029849], [-112.47632842316487, 38.109454254035874], [-112.47631101884907, 38.1130769404582], [-112.4762937399891, 38.11669998370365], [-112.47627760940216, 38.12032319067647], [-112.47626141622636, 38.12394873947223], [-112.47167853200555, 38.12393811918034], [-112.46709564687995, 38.12392750020937], [-112.4671020890142, 38.12756069706836], [-112.46710845606644, 38.131195514912534], [-112.46252198274534, 38.13118801008981], [-112.45793538869472, 38.13118023742899], [-112.4533550652098, 38.131172298070254], [-112.44877462289253, 38.131164181442365], [-112.44877571448923, 38.13481448088241], [-112.44877692612793, 38.138464776711444], [-112.45335891779978, 38.13847620496172], [-112.45794102098624, 38.13848754306815], [-112.46252609192958, 38.13849325813747], [-112.46711115956364, 38.13849888425178], [-112.47169622567473, 38.13850451150792], [-112.4762811761803, 38.1385101413391], [-112.47879219488556, 38.13851180470159], [-112.47881190992258, 38.137559780728225], [-112.4788117104658, 38.13729665533332], [-112.4788075249041, 38.13483941353882], [-112.47880655476337, 38.13367201452025], [-112.47880246218611, 38.13121350845548], [-112.47880159525592, 38.13014146954042], [-112.47880147589144, 38.130045207766656], [-112.47880151583145, 38.13004520816499], [-112.47879774622427, 38.12758750678743], [-112.47879694872638, 38.126422807840044], [-112.47879326655033, 38.123961590165536], [-112.47879192806668, 38.122798249154066], [-112.47878606925899, 38.12034201405541], [-112.4787847469326, 38.11917371556995], [-112.47877876814803, 38.11672261739881], [-112.47877746017882, 38.11554927133638], [-112.47877236775237, 38.11310230610954], [-112.47877130221082, 38.1119239095932], [-112.47876620192864, 38.10948198977397], [-112.4787660593424, 38.10829835399129], [-112.47876506108364, 38.10585602064171], [-112.47876480642508, 38.10467238558587], [-112.47876392624887, 38.1022300493384], [-112.47876367354633, 38.101046413574], [-112.47876175677392, 38.09860336800076], [-112.47876127438917, 38.09741955420258], [-112.47875935995008, 38.09497641706678], [-112.47875967759592, 38.09379259251454], [-112.47875969997648, 38.09374922723071], [-112.47875447019277, 38.09374922005797], [-112.47875065799514, 38.091302230200945], [-112.47874971826664, 38.09011815041914], [-112.47874601713686, 38.08767079726434], [-112.47874508853464, 38.086487167258774], [-112.47873802499669, 38.08404814608608], [-112.47873635320363, 38.08286713824343], [-112.47872917302021, 38.080427756644674], [-112.47872751062881, 38.07924710848296], [-112.47872047443785, 38.07680898534802], [-112.47871879059636, 38.075627165206136], [-112.4787732052215, 38.07562718336674], [-112.4787787752505, 38.0732108175322], [-112.47878010620923, 38.0720258045589], [-112.47878014499413, 38.07200712386387], [-112.47871007548721, 38.07200712965223], [-112.47870207719286, 38.069571719421724], [-112.47870011529682, 38.0683871977917], [-112.47869215070254, 38.065953227658355], [-112.47869449429643, 38.064767299356866], [-112.47869443257635, 38.06466230946111], [-112.47871050585535, 38.06114586494683], [-112.47871042100718, 38.06104538132174], [-112.47872652171775, 38.05752442840461], [-112.47877906946465, 38.057523928533364], [-112.47877903897087, 38.05750610391387], [-112.47877892910306, 38.05741003646792], [-112.47877206219222, 38.05389739128588], [-112.4787718754929, 38.05378050682229], [-112.47876509375318, 38.05028876659431], [-112.47876642543768, 38.05015104501814], [-112.47879822811835, 38.046622588666075], [-112.4787990897241, 38.04652380520057], [-112.47883020719708, 38.04307190067047], [-112.47870254579065, 38.04307293363057], [-112.4787020259562, 38.043013099786705], [-112.47868313509882, 38.03942814039684], [-112.47868259208636, 38.03937281286506], [-112.47866373229014, 38.03578334493018], [-112.47866339391676, 38.035732520849876], [-112.47865876061474, 38.03223254247097], [-112.47865811876785, 38.03209295278077], [-112.47865335394512, 38.02868246444219], [-112.47873088623889, 38.02868157297682], [-112.47873061020093, 38.028626248300384], [-112.47873012240657, 38.028397977264724], [-112.47872261169259, 38.02477708820556], [-112.4787224361387, 38.02467200895191], [-112.47871510397694, 38.02115601677234], [-112.47871468923253, 38.02097668045298], [-112.47872137244005, 38.017534229240255], [-112.47872180009912, 38.01734577995747], [-112.47872844153432, 38.01391233943316], [-112.47872880410556, 38.01371496883415], [-112.47870699072156, 38.01029369013436], [-112.47870565422609, 38.01008543608531], [-112.47868395369777, 38.006675058679356], [-112.47868251253875, 38.00645590111359], [-112.47866948643355, 38.003057398803556], [-112.47866862505502, 38.00280470857015], [-112.47865570781069, 37.99943963804967], [-112.47865462925944, 37.99915342513246], [-112.47881210878192, 37.99582343005594], [-112.47882907331748, 37.995465974129374], [-112.4789830782985, 37.99220730702723], [-112.47898386497248, 37.99219068137902], [-112.47618327724827, 37.992189676895684], [-112.47161034614349, 37.992186162953885], [-112.46703752887325, 37.992182740009724], [-112.4670478549283, 37.98856205274167], [-112.46705818580156, 37.98494136333215], [-112.46706852149272, 37.98132067178128], [-112.46707889094212, 37.9777300812172], [-112.46702139511561, 37.97773007476567], [-112.46703107072986, 37.97372672856463], [-112.46703890513567, 37.970111018471606], [-112.46705463784637, 37.96650295829972], [-112.46705478090497, 37.96647004926836], [-112.46272400045736, 37.96650768903702], [-112.45823762048454, 37.9665464550776], [-112.45375155388524, 37.9665841448265], [-112.45372168229383, 37.962968081198845], [-112.4581783399855, 37.9629337329714], [-112.46263494510718, 37.96289705352885], [-112.46704817918406, 37.962860656005454], [-112.46705785429604, 37.959239419245854], [-112.46706764808562, 37.955618178924276], [-112.46717009374863, 37.95201416592425], [-112.46727253517555, 37.9484101509002], [-112.46732938227181, 37.94481986041617], [-112.46738622777843, 37.94122947779391], [-112.46746655017937, 37.937595090793856], [-112.46754698609568, 37.933960790406545], [-112.4675600769787, 37.933960714529746], [-112.46762454566858, 37.93032499171827], [-112.46768924009345, 37.92668313294576], [-112.4677656602572, 37.92305311214844], [-112.46784208056113, 37.919423179385866], [-112.46788155447295, 37.91578316105287], [-112.46792102860113, 37.91214305050317], [-112.46797080836905, 37.90853489312445], [-112.46802058727907, 37.90492664357946], [-112.46812110819403, 37.901319110817845], [-112.46819442226918, 37.89868801680512], [-112.4682175354012, 37.89770036164489], [-112.46824047328732, 37.89410929384697], [-112.46826352658974, 37.89051813244702], [-112.46830063572924, 37.89051789570186], [-112.46830094501941, 37.89048972739469], [-112.47284617064527, 37.89046916453168], [-112.47739139153609, 37.89044860635503], [-112.48193660768564, 37.8904280528645], [-112.48331444430971, 37.890421815095905], [-112.48648636084344, 37.89040149856727]], [[-112.33958208332227, 37.978609395669274], [-112.3395099881164, 37.97468714819562], [-112.34413617596137, 37.974764416324795], [-112.34872398814612, 37.974840860925546], [-112.3487537851579, 37.97854034890432], [-112.34416788133606, 37.978574917266904], [-112.33958208332227, 37.978609395669274]], [[-112.38689478859341, 37.81786009379937], [-112.38688813116799, 37.818779268841894], [-112.38688167825318, 37.81967293591957], [-112.3845972362238, 37.819719913842626], [-112.38461028884846, 37.817907072231165], [-112.38575923992684, 37.8178834646424], [-112.38689478859341, 37.81786009379937]], [[-112.4414313754228, 37.78721211912068], [-112.44287330660501, 37.78720203715035], [-112.4442856006492, 37.7871921206387], [-112.44425223815475, 37.789025222792745], [-112.44421946488251, 37.79082443018289], [-112.4427230506283, 37.79081627024604], [-112.43740773822357, 37.79078706878845], [-112.43738913656345, 37.78906500504297], [-112.4373696925648, 37.787270039853134], [-112.43816622656041, 37.787258695887836], [-112.4414313754228, 37.78721211912068]], [[-112.3144087190973, 38.128005510927466], [-112.3189928558392, 38.12799269522116], [-112.31900226615201, 38.12438214850159], [-112.32358888796551, 38.12437435407042], [-112.3281797484898, 38.12437399284289], [-112.32816864245437, 38.12797932923924], [-112.32357698734741, 38.12797979071174], [-112.3235650891502, 38.13158513511108], [-112.31898366985145, 38.13160278671378], [-112.3144023571898, 38.131620258350566], [-112.3144087190973, 38.128005510927466]], [[-112.33615887429829, 37.85063132832201], [-112.3407786214577, 37.85068804220209], [-112.34538447472443, 37.850749239690174], [-112.34999044543508, 37.85081034562865], [-112.35457804165918, 37.85085462925038], [-112.35454472985438, 37.85448155208901], [-112.34995979300949, 37.8544271444092], [-112.34535882567505, 37.85437229059149], [-112.34075786137477, 37.85431734691878], [-112.33614645006382, 37.85426901112304], [-112.33615887429829, 37.85063132832201]], [[-112.34441770520958, 37.9456269661324], [-112.34901086258056, 37.94566550032755], [-112.35359490949165, 37.945691162328544], [-112.35356095965007, 37.94937355373025], [-112.35347122992425, 37.95299331804297], [-112.3488902335838, 37.952960139401085], [-112.34430377151733, 37.95291422739272], [-112.34437696356352, 37.94929907173365], [-112.34441770520958, 37.9456269661324]], [[-112.48171037341496, 37.680840461691176], [-112.48636015393849, 37.680861070448096], [-112.48633399131015, 37.68444247243516], [-112.48169609102271, 37.68442604134067], [-112.48171037341496, 37.680840461691176]], [[-112.48169609102271, 37.68442604134067], [-112.48168192641508, 37.68801161748026], [-112.48167509832307, 37.69160088468562], [-112.47703639012795, 37.69160059699068], [-112.47238974052877, 37.69160031597783], [-112.47243021871881, 37.687986741815116], [-112.47244058170553, 37.68439282870093], [-112.47705818668778, 37.684409427734394], [-112.48169609102271, 37.68442604134067]], [[-112.34099342505942, 37.82521825010344], [-112.3456034198128, 37.82526318151902], [-112.35021341468999, 37.82530793233652], [-112.35480249939882, 37.82535229248904], [-112.35928385049972, 37.82539537397332], [-112.35924414019388, 37.829040229797336], [-112.35920431619488, 37.83268499469053], [-112.35479220774714, 37.83266202605522], [-112.3502100701885, 37.83263714654925], [-112.34561486625711, 37.83258727321277], [-112.3410196679986, 37.83253749073173], [-112.34100648553935, 37.82887782713263], [-112.34099342505942, 37.82521825010344]], [[-112.37192124030317, 37.923667234098474], [-112.37197904420441, 37.92002456604365], [-112.37660623069232, 37.919996658382225], [-112.37653935758848, 37.92363492689839], [-112.38117987857, 37.9236024457644], [-112.38582027604808, 37.92356978299929], [-112.39046136652036, 37.92354404873511], [-112.39038664052877, 37.92718205014336], [-112.38574802888267, 37.927212620686525], [-112.38567587066635, 37.93084815519838], [-112.38104011771851, 37.930879859986035], [-112.37640435347126, 37.930911292060074], [-112.37647248173869, 37.92727310320994], [-112.37186331911553, 37.92730972115699], [-112.37192124030317, 37.923667234098474]], [[-112.37186331911553, 37.92730972115699], [-112.37180466002663, 37.9309553690323], [-112.36720495390736, 37.930999176150756], [-112.36725403262999, 37.92734615992335], [-112.37186331911553, 37.92730972115699]], [[-112.34500417471335, 37.88711165964408], [-112.34039329134369, 37.887067375256045], [-112.33583262053197, 37.88718375351324], [-112.3358646426979, 37.88342392870834], [-112.33592032399721, 37.879727371093], [-112.34052454199919, 37.879774253445404], [-112.34513006113653, 37.879829953166656], [-112.34505637373303, 37.88347399448159], [-112.34967580878262, 37.883519351605095], [-112.35426021511594, 37.883564209333606], [-112.35420217649794, 37.887199779310826], [-112.35414341552213, 37.89087663248289], [-112.34955472455326, 37.89087733567495], [-112.34495012007623, 37.8908785824703], [-112.34500417471335, 37.88711165964408]], [[-112.34559825278203, 38.05153074607465], [-112.35024714632495, 38.051544391661345], [-112.3498548328642, 38.047850824515685], [-112.34946256272913, 38.04415716295303], [-112.34907763238442, 38.040531906315906], [-112.34869274369272, 38.0369065554212], [-112.34869434252904, 38.03324125904334], [-112.34869594670192, 38.02957596044099], [-112.35324709261758, 38.0295789931577], [-112.35739443650503, 38.0295815561732], [-112.35735547339779, 38.033248815158345], [-112.35731639801726, 38.03691607329063], [-112.35727414452094, 38.03991727243552], [-112.35726517277165, 38.04051768032821], [-112.35722258862441, 38.043537987469655], [-112.35721394950987, 38.044119375391354], [-112.35355288163005, 38.044137258653265], [-112.35368791458879, 38.04783116429474], [-112.35382284945531, 38.05152488836913], [-112.3540141472017, 38.05513414715587], [-112.35021483785256, 38.05515784879684], [-112.34557867608936, 38.05516730936095], [-112.34559825278203, 38.05153074607465]], [[-112.30262514268794, 38.1203338818095], [-112.30262006973817, 38.11670969826574], [-112.30261271198553, 38.11308499719729], [-112.3026052477131, 38.109460385299535], [-112.30719540235289, 38.10945310851638], [-112.311785554078, 38.109445832580654], [-112.31637570288154, 38.1094385574919], [-112.32096584875659, 38.10943128324966], [-112.3209636912471, 38.11305392300126], [-112.32096165445597, 38.11667664939744], [-112.32096229711557, 38.12077067848206], [-112.3190116807533, 38.1207715996324], [-112.31637956751996, 38.12077309805191], [-112.31442130706012, 38.120774028602426], [-112.31179672156777, 38.120775520292646], [-112.30983127321882, 38.12077645455752], [-112.307214101434, 38.12077794138367], [-112.30524089489992, 38.12077888514242], [-112.30523895512944, 38.123956771480856], [-112.30263022132979, 38.12395806316031], [-112.30262514268794, 38.1203338818095]], [[-112.4151823754115, 37.75975882054604], [-112.41976742565795, 37.75985146975118], [-112.42435237159391, 37.75994412185847], [-112.42883792053223, 37.75995614690663], [-112.43332346715566, 37.759968091242804], [-112.43319726832611, 37.7636523364919], [-112.43307106286801, 37.76733657962371], [-112.43315546889077, 37.770979955545485], [-112.43323988896918, 37.7746233290506], [-112.42859661651619, 37.774473787300714], [-112.42395347561195, 37.7743243310773], [-112.4193912824354, 37.77431016642866], [-112.4148292023169, 37.77429600389598], [-112.41493743927933, 37.770663905100726], [-112.41504566959097, 37.76703171413771], [-112.41511408062017, 37.763395312755925], [-112.4151823754115, 37.75975882054604]], [[-112.43135083909299, 37.977717391148516], [-112.43582964905445, 37.97771542677184], [-112.4359280196187, 37.97771539732882], [-112.44030845681492, 37.97771347200211], [-112.4405051994522, 37.97771349564085], [-112.44478726413604, 37.97771161693938], [-112.44508249243144, 37.97771168468473], [-112.44926607280146, 37.97770995168293], [-112.4496597829654, 37.977709875748715], [-112.44965853621586, 37.98132703802386], [-112.44965729509764, 37.98494419814274], [-112.44965594576678, 37.98856135750866], [-112.44965471768067, 37.992178603415006], [-112.44507822502105, 37.99217986875926], [-112.44050173175211, 37.9921812262623], [-112.43592523610708, 37.99218258582459], [-112.43134873809274, 37.99218394744671], [-112.43134928204931, 37.98856724368847], [-112.43134983338226, 37.98495062787223], [-112.43135039033987, 37.9813340098971], [-112.43135083909299, 37.977717391148516]], [[-112.41238750256115, 38.02207361226068], [-112.4169649880074, 38.02209152784198], [-112.41753062840175, 38.02209182845785], [-112.42154319593996, 38.02210556133749], [-112.42210883576233, 38.022105839919035], [-112.42612140519229, 38.022119686778076], [-112.4266870444398, 38.02211994332531], [-112.43069949837265, 38.02213372534749], [-112.43068629788269, 38.02474129014163], [-112.43068136554176, 38.025747109254546], [-112.43066816960204, 38.02835476261632], [-112.43066323834813, 38.02936058113784], [-112.43065004345374, 38.031968142866305], [-112.43064511503965, 38.03297405089677], [-112.430631809025, 38.03558161247872], [-112.43062488548547, 38.03659033798327], [-112.43024649668851, 38.036591788389], [-112.4260471183168, 38.03661604324262], [-112.42567727457646, 38.03661746538765], [-112.42146991711442, 38.036641833667936], [-112.42110804886008, 38.036643235105295], [-112.41689282445391, 38.0366676247184], [-112.41653893171396, 38.03666900606904], [-112.4123156125012, 38.03669341914495], [-112.41233360802273, 38.033038492871455], [-112.41235160574776, 38.02938347432056], [-112.41236949523297, 38.025728545062975], [-112.41238750256115, 38.02207361226068]], [[-112.43413022281665, 37.716300397150356], [-112.43619212276215, 37.71631152387394], [-112.43874360851028, 37.7163243005626], [-112.44079472987049, 37.71633538815078], [-112.44335699654225, 37.71634829363693], [-112.44539718700815, 37.71635150383112], [-112.44794644336572, 37.71635464527867], [-112.44999990779466, 37.716357883082715], [-112.45253577521675, 37.7163609997879], [-112.45249613242713, 37.71998978008226], [-112.45245637637227, 37.72361846956962], [-112.45242851536631, 37.72725187719494], [-112.45240054400439, 37.73088528409505], [-112.44781596875053, 37.73094781964313], [-112.44323149866946, 37.73101044590569], [-112.43857783672652, 37.73091673897874], [-112.43392418752254, 37.7308232084472], [-112.43399437711344, 37.727184508098965], [-112.43406456732886, 37.723545895772915], [-112.43409739381761, 37.71992314751451], [-112.43413022281665, 37.716300397150356]], [[-112.4211799444138, 38.06595140864715], [-112.42575431567748, 38.06594998260025], [-112.430328684605, 38.065948558666214], [-112.43491339560445, 38.06594565871923], [-112.43949810404365, 38.06594276008117], [-112.4440826959512, 38.06593986415193], [-112.44866739924952, 38.06593696813446], [-112.44867374746374, 38.069535781785305], [-112.448679986239, 38.073134504590726], [-112.44868623309507, 38.07673331534377], [-112.44869260024203, 38.08033212253998], [-112.444084074776, 38.08032892075779], [-112.43947554567734, 38.08032562828235], [-112.43489898481621, 38.080313022835846], [-112.4303224215977, 38.08030032917326], [-112.43032400637972, 38.07671232181181], [-112.43032559834718, 38.073124402425385], [-112.42574447785934, 38.07314168280781], [-112.42116334781052, 38.07315869450474], [-112.42117158586282, 38.069555008280815], [-112.4211799444138, 38.06595140864715]], [[-112.47075258769316, 37.71641864825384], [-112.47221960991702, 37.71642773294307], [-112.47537308489525, 37.7164693278106], [-112.4769547237406, 37.71647980289004], [-112.47999173886537, 37.716518407216945], [-112.48168811313307, 37.7165305324913], [-112.48460901019561, 37.71656624139265], [-112.48642023333475, 37.716580006340536], [-112.48641083824192, 37.71304954130563], [-112.48640088450436, 37.7094567143038], [-112.48636669854852, 37.70589411255141], [-112.48633263499181, 37.7023315072046], [-112.49091111175562, 37.70237229090661], [-112.49548970456802, 37.70241307541718], [-112.50006818661568, 37.702453863607644], [-112.50464667311654, 37.70249474414477], [-112.50467210672463, 37.70611449621322], [-112.50469754878812, 37.70973424607217], [-112.50470307214395, 37.71335596047957], [-112.50470825190591, 37.71693793186257], [-112.5029044792732, 37.71690587748867], [-112.50013774691665, 37.71683062754874], [-112.49833579491931, 37.716798660257425], [-112.49556747960774, 37.7167233230214], [-112.4937671195782, 37.71669135573049], [-112.49099699448048, 37.71661593394578], [-112.48919845688096, 37.7165841441157], [-112.48917012318117, 37.720218005894395], [-112.48914179267678, 37.72385186555532], [-112.48911346717222, 37.727485813201056], [-112.48908514305842, 37.73111966862615], [-112.48451256085522, 37.731133190813786], [-112.47994008630164, 37.73114662427526], [-112.47536749431417, 37.731160061967124], [-112.47079489834707, 37.73117350246085], [-112.47078502499144, 37.72749082179716], [-112.47077527210115, 37.72380813746632], [-112.47076392628853, 37.72011339399487], [-112.47075258769316, 37.71641864825384]], [[-112.37998880012546, 38.080473353642184], [-112.38454218191342, 38.08044042746858], [-112.38454215647654, 38.08406024354688], [-112.38454213654057, 38.087680057455046], [-112.38454211530649, 38.09129950878812], [-112.38454198556018, 38.09491895929487], [-112.38454635911398, 38.09853502014357], [-112.38455062626794, 38.10215117026269], [-112.38455489083103, 38.105766867702414], [-112.38455916300664, 38.10938265306916], [-112.37998497978425, 38.10937546325584], [-112.37541091110687, 38.109368364256426], [-112.37083862370989, 38.109358993486865], [-112.36626633710114, 38.109349715010815], [-112.3616939338886, 38.109340349947814], [-112.35712164383473, 38.10933098575201], [-112.3571071144598, 38.1057226077031], [-112.35709259020753, 38.102114137363905], [-112.35707807441096, 38.098505754938664], [-112.35706356373574, 38.09489728022313], [-112.36164416244547, 38.09490511504874], [-112.36622476006524, 38.094912951446204], [-112.37080524425835, 38.09492088084666], [-112.37538583968363, 38.094928720389746], [-112.37539831327972, 38.09132318097059], [-112.37541067538326, 38.08771755065234], [-112.3754230416959, 38.0841119182019], [-112.37543541390548, 38.08050637372107], [-112.37998880012546, 38.080473353642184]], [[-112.37543541390548, 38.08050637372107], [-112.37082917531126, 38.080493601537135], [-112.36622293784937, 38.08048091903076], [-112.36161658417673, 38.08046814731968], [-112.3570103439651, 38.080455373860374], [-112.35701692920784, 38.0768329464743], [-112.35702363484715, 38.07321060571067], [-112.35703022792178, 38.06958808389453], [-112.35703682741216, 38.065965650017226], [-112.36162712552012, 38.065966898024975], [-112.36621753230153, 38.06596796537824], [-112.37080793879144, 38.06596912369993], [-112.37539823103172, 38.06597037432265], [-112.37540757324867, 38.069604331763635], [-112.37541680960861, 38.073238378434304], [-112.37542616469017, 38.07687233146285], [-112.37543541390548, 38.08050637372107]], [[-112.37539823103172, 38.06597037432265], [-112.37539384706146, 38.061645032641266], [-112.37538985912396, 38.05802236322642], [-112.37538737526948, 38.054400575315995], [-112.37538489881861, 38.050778875330195], [-112.37996177036706, 38.05078371662289], [-112.38453864041934, 38.05078855984992], [-112.3891156229125, 38.05079340366386], [-112.39369249166073, 38.05079834085449], [-112.39370931142653, 38.054419593209055], [-112.3937261383947, 38.05804084335855], [-112.39373718280761, 38.061663331546555], [-112.3937515393292, 38.06596466394703], [-112.38916324421247, 38.06596608965721], [-112.3845749467807, 38.06596751640051], [-112.37998653307305, 38.06596894551579], [-112.37539823103172, 38.06597037432265]], [[-112.39449310455369, 37.978252576838116], [-112.39445383300743, 37.981916893853175], [-112.38978974216661, 37.98193812873873], [-112.38976928938966, 37.98559212767768], [-112.38974888117941, 37.98926640156429], [-112.38972835936939, 37.99294049439379], [-112.38972681441197, 37.996563892144366], [-112.38972515757064, 38.00018710886644], [-112.3851119913208, 38.000180077618616], [-112.38510766437065, 38.003824504145854], [-112.38510322869588, 38.00746892982456], [-112.38051868880001, 38.00744579330434], [-112.3759341479721, 38.0074225680411], [-112.37594922778973, 38.011080825424635], [-112.37486144541795, 38.01110112084501], [-112.37483977122014, 38.01112381479754], [-112.37131466051441, 38.014797731022696], [-112.36666545388415, 38.01485646272303], [-112.36665957330386, 38.01848981985238], [-112.36665358204147, 38.022123086026724], [-112.37124417528925, 38.02206115984575], [-112.37114779993541, 38.02565555251063], [-112.37105141885297, 38.02924985303414], [-112.36649922492981, 38.02936062551611], [-112.36657646152257, 38.02574185614702], [-112.36200488249877, 38.02582816504335], [-112.3574334012633, 38.025914295019746], [-112.35747248157415, 38.022247030382914], [-112.3574526503822, 38.01860973364925], [-112.35743282493638, 38.01497234457918], [-112.3574332606909, 38.01135229336074], [-112.35743370013671, 38.00773214986796], [-112.3620554646462, 38.007691408098516], [-112.36667722184866, 38.00765066492958], [-112.37130569403033, 38.00753666241312], [-112.37129587350343, 38.00388509847172], [-112.37128617336344, 38.00023353097478], [-112.37130322596992, 37.996599403524606], [-112.37132028070869, 37.992965183814086], [-112.36673573091981, 37.99302180229803], [-112.362112291637, 37.993082027026944], [-112.35748895811115, 37.99314233908296], [-112.35750344465048, 37.989516885835805], [-112.35751793683617, 37.98589152054016], [-112.35754319649112, 37.98225088816714], [-112.3575685712805, 37.97861016222236], [-112.36213798989581, 37.9785528213679], [-112.36218207294341, 37.97487069101285], [-112.36222582947148, 37.9712201053969], [-112.35764208334973, 37.97129076970931], [-112.35327584432379, 37.97122888526281], [-112.34869438262433, 37.97116380922609], [-112.34410563735709, 37.97109854768901], [-112.3440944892903, 37.96745300341433], [-112.3440832339332, 37.963807458215676], [-112.3486357633935, 37.96389044301985], [-112.35320028882498, 37.963931927054155], [-112.35771926971881, 37.9639726780772], [-112.35776343939858, 37.96031342949913], [-112.35329078570129, 37.96027277635048], [-112.35338139288842, 37.956613622220104], [-112.3578074964082, 37.95665418008368], [-112.36237216730133, 37.95659220851087], [-112.36240072482607, 37.9529563882793], [-112.36242939712139, 37.94932047448356], [-112.36696377460186, 37.94924543070843], [-112.36701200511796, 37.94558369298563], [-112.36706023473528, 37.94192186301101], [-112.37164228187439, 37.941864833948486], [-112.37169414024463, 37.938232880371295], [-112.3717459973224, 37.93460083458225], [-112.37633611024707, 37.934549480141385], [-112.38096991461462, 37.93451663005698], [-112.38560371258636, 37.934483777721915], [-112.3902375041543, 37.93445092313623], [-112.39019936415586, 37.938086232804416], [-112.39483295832356, 37.93805527058444], [-112.39487128760769, 37.93441797619672], [-112.39494826781808, 37.93078472762841], [-112.39502535808263, 37.9271513855238], [-112.39510233429797, 37.92351813278706], [-112.39971724603112, 37.92345638438303], [-112.39979535213598, 37.91981680615164], [-112.39517930681833, 37.9198847878628], [-112.3951821656686, 37.91624862453309], [-112.39054281776392, 37.91626983454889], [-112.39054977887169, 37.91263370910519], [-112.38591452125702, 37.91265486672408], [-112.38127549884241, 37.91267570562216], [-112.38126252403124, 37.91631884413789], [-112.37662134823235, 37.916346556159596], [-112.37663658357206, 37.91269645042931], [-112.37665164589396, 37.90904904831274], [-112.38128859755449, 37.90902679559921], [-112.38130169886615, 37.90537779329363], [-112.38133897582597, 37.90173192981114], [-112.38137613759879, 37.8980858853161], [-112.38141263166335, 37.894446605852046], [-112.38144912768277, 37.89080732425634], [-112.3768481741907, 37.89082644973235], [-112.3769007569585, 37.887330365268724], [-112.37695602721286, 37.883697709052925], [-112.37702546025204, 37.88005623310806], [-112.37709489031164, 37.87641466495717], [-112.38166858954521, 37.87636016735225], [-112.3817072800591, 37.872710214840055], [-112.3817458569904, 37.8690601714163], [-112.37718512524339, 37.86910910942219], [-112.37723024522305, 37.865456373501424], [-112.38178454767306, 37.86541003441256], [-112.38633883725505, 37.865363429108164], [-112.3908931189944, 37.86531682790342], [-112.39544738948581, 37.865270050590006], [-112.39546657244243, 37.86162780396136], [-112.40005845621391, 37.861610595767964], [-112.40009511775449, 37.85796065984543], [-112.40013189327128, 37.8543106303267], [-112.40016866570527, 37.85066032835462], [-112.40020544017084, 37.847010024241904], [-112.39561889749388, 37.847033386389704], [-112.39324962352718, 37.84706802543015], [-112.39326511849882, 37.84739012802754], [-112.39359830122798, 37.8543544426962], [-112.39099583428253, 37.85438612036631], [-112.38997785065554, 37.854398683995406], [-112.38997338323354, 37.85519579896111], [-112.38996738214475, 37.856274391089975], [-112.38642874395538, 37.856316206128355], [-112.38536594594143, 37.85632871705473], [-112.38533087601604, 37.85445507744121], [-112.38644886655366, 37.854441376345136], [-112.38648780349773, 37.85080384566078], [-112.38652674217889, 37.847166312851684], [-112.38875206292194, 37.847133777509185], [-112.38872387589387, 37.84042576057463], [-112.38872124592666, 37.839794647243615], [-112.39121196720265, 37.83975812553912], [-112.39128153269253, 37.83608705876693], [-112.39346448248641, 37.836055117748586], [-112.39342934521667, 37.8341813866604], [-112.39587672129663, 37.83415240047498], [-112.39800594024084, 37.83415471928985], [-112.39802718117403, 37.836020591986426], [-112.39798015126429, 37.8396877876115], [-112.4003291984567, 37.839683938128644], [-112.40039107355561, 37.83602071167182], [-112.40045283292211, 37.83235739433396], [-112.4004490744187, 37.82875055124144], [-112.400445206509, 37.825143617239476], [-112.39590850735478, 37.82512934595568], [-112.39591062164695, 37.828739366894055], [-112.39591274166366, 37.83234938567579], [-112.39135098167195, 37.83241590110009], [-112.39136302493249, 37.82879796243514], [-112.39137507254068, 37.8251800216297], [-112.38684162607854, 37.82523052287421], [-112.38686820495839, 37.821545264383154], [-112.39138724773437, 37.82153233594614], [-112.39590628519659, 37.82151932420722], [-112.3959041823574, 37.817909298955804], [-112.3959387621991, 37.81426819428191], [-112.39142578500086, 37.81427788769349], [-112.39145225915537, 37.81067112385406], [-112.39147880119747, 37.80701334622071], [-112.3915054581387, 37.80335547497614], [-112.38696839618676, 37.80336599782139], [-112.3824258757321, 37.80346166855119], [-112.37788345503313, 37.803557343175044], [-112.37808471358109, 37.80006010169878], [-112.37829276831594, 37.796434259463126], [-112.37841357568466, 37.79280790373599], [-112.37853449195049, 37.7891816347201], [-112.37851499962332, 37.78555313125342], [-112.37385347230172, 37.78552349920982], [-112.3691919446748, 37.78549377271245], [-112.36436520881007, 37.78536636626522], [-112.35953848512106, 37.785238851807215], [-112.35964511509694, 37.78160680725181], [-112.3597347279519, 37.77795107356764], [-112.35982433748799, 37.77429533777575], [-112.3645107934588, 37.774539651929246], [-112.36446510549378, 37.77811367717537], [-112.369195384405, 37.77827609173278], [-112.36919372286441, 37.781768219572875], [-112.37384455912279, 37.781846470097015], [-112.3738356554079, 37.77828615172422], [-112.37847592367817, 37.77829611900088], [-112.38309100319223, 37.77817921186348], [-112.38770606421487, 37.778062214297705], [-112.38766951886281, 37.774479784283294], [-112.38306299317837, 37.77457369643694], [-112.3830293542191, 37.7708240435223], [-112.3784482999787, 37.77094496288042], [-112.37844015130817, 37.76722222446167], [-112.37837740721828, 37.7635669960298], [-112.37377707790915, 37.76354898138559], [-112.37374251641197, 37.75992541271186], [-112.36917046426996, 37.759938881459696], [-112.36926564220236, 37.75623448895029], [-112.36936081467638, 37.75253000417398], [-112.36480831286617, 37.75249557626891], [-112.36025569474239, 37.7524608835782], [-112.35571023334815, 37.752426383174324], [-112.35106475486931, 37.75239096141344], [-112.34646093953663, 37.752355691490614], [-112.34185712313031, 37.75232024159175], [-112.34186596671617, 37.7520620184024], [-112.3419984082351, 37.748686170611435], [-112.34200719476092, 37.74843110234913], [-112.34213979999137, 37.745052186356304], [-112.34670227300799, 37.745129649539194], [-112.35126486528215, 37.74520702468153], [-112.35585763340163, 37.74519609259424], [-112.35587269670162, 37.74154903803087], [-112.36033944807795, 37.741548485464655], [-112.36496480388051, 37.74156953980083], [-112.36959015504664, 37.74159032241571], [-112.36963203375544, 37.737944399650466], [-112.36967432181687, 37.7342713419176], [-112.37425799899133, 37.734296935444256], [-112.37428865468232, 37.730632933883044], [-112.36971649785106, 37.73059828334047], [-112.36508034882397, 37.730588710926405], [-112.36044408688186, 37.73057922772726], [-112.36050262755481, 37.726925805718544], [-112.36056116633318, 37.723272291478445], [-112.36060088798189, 37.71962593208304], [-112.36061785514278, 37.71599461403098], [-112.36293269836953, 37.71599644241588], [-112.3652386286375, 37.716013379733404], [-112.36752628968073, 37.71603012334837], [-112.36983675978689, 37.716047098239876], [-112.37211974125691, 37.716062274870744], [-112.37444958715861, 37.71607785222462], [-112.37671327799944, 37.71609280424701], [-112.37676181734987, 37.71273852960574], [-112.37681285392817, 37.709120693079356], [-112.37688739431626, 37.705504021993264], [-112.37696182117823, 37.70188744027448], [-112.38152451527559, 37.701849652842036], [-112.38608731766334, 37.701811957873055], [-112.38606263762229, 37.69819644686887], [-112.39063676164294, 37.6981759290289], [-112.3906234167789, 37.69457758930948], [-112.39520886037113, 37.694573976494304], [-112.39522538810758, 37.69093499675267], [-112.39524203321724, 37.68729601351465], [-112.39978722258581, 37.687389138326644], [-112.40433242117682, 37.68748226788088], [-112.40434653091852, 37.69113476191942], [-112.40436064602818, 37.69478716362213], [-112.39978469359998, 37.694680704731375], [-112.39979259443486, 37.698261529699515], [-112.39980049977994, 37.701842262430404], [-112.39521267524333, 37.70173658166129], [-112.3951818282245, 37.70530082928547], [-112.39515087020844, 37.70886507620665], [-112.3951125450371, 37.71244166552305], [-112.39507410647444, 37.71601816402539], [-112.39282206600923, 37.71603145651694], [-112.39048359546835, 37.716045995905034], [-112.3882469786471, 37.71605910914398], [-112.3881880421623, 37.719691635761045], [-112.38360003268369, 37.71972007304559], [-112.38354536304823, 37.723356152020294], [-112.38349012413792, 37.7270226082194], [-112.38221144745333, 37.72702409112325], [-112.38221124336984, 37.727061946666915], [-112.38221904689681, 37.728849064351344], [-112.38104233218279, 37.72887394358694], [-112.38104270408057, 37.730677821534776], [-112.38072563701549, 37.73090928599382], [-112.38022153575041, 37.73161024594218], [-112.37987168522108, 37.73205668322455], [-112.37979420890325, 37.73246793619872], [-112.37976534363408, 37.73275307383411], [-112.3797057460352, 37.73796740654234], [-112.38341480302095, 37.7379275320167], [-112.38340476482794, 37.74157704615849], [-112.38339461608668, 37.74522646934495], [-112.38326545192542, 37.74886007337853], [-112.38313616550079, 37.75249358656408], [-112.38300619111624, 37.75614540126936], [-112.38758028013294, 37.75603520873645], [-112.38743772460725, 37.75968248618035], [-112.38749449049273, 37.763304252100305], [-112.39201039863237, 37.763174110698635], [-112.39202157872, 37.76678036676899], [-112.39649186714387, 37.76663454852847], [-112.3965329339234, 37.77016996782986], [-112.39657412173133, 37.77370529352483], [-112.39663796433122, 37.77753893499827], [-112.39217203181248, 37.7778006139507], [-112.39222217323912, 37.781508693688195], [-112.39227333809713, 37.78531310334606], [-112.39232451262409, 37.789117420382546], [-112.39682968431033, 37.78903993262833], [-112.4012890330275, 37.78891198688329], [-112.40111487311252, 37.79252853952402], [-112.40094058651022, 37.79614500133059], [-112.4007676699661, 37.79972034748225], [-112.40059278764596, 37.80333654158939], [-112.40055317305443, 37.80699429506116], [-112.40509568744687, 37.807002468647596], [-112.4050535969926, 37.81067349766822], [-112.40501216738011, 37.814295398504406], [-112.40497073760044, 37.81791720713634], [-112.40949843596472, 37.81795350121946], [-112.40951736765447, 37.81593817003462], [-112.40891402095332, 37.81594511905178], [-112.40888460350351, 37.815945470969545], [-112.4088742414678, 37.815400338602], [-112.40887810318962, 37.815400292405634], [-112.40886885393026, 37.81488380643507], [-112.40885587488793, 37.81432050002055], [-112.40953258587265, 37.81432493040043], [-112.41405300245899, 37.81435428869014], [-112.41407987299289, 37.81071886402716], [-112.41867834586544, 37.8107307966325], [-112.41872224843635, 37.80707696022331], [-112.4232926970334, 37.807084725943774], [-112.42330847023466, 37.80342690144849], [-112.42788445621933, 37.80345677479122], [-112.43245658259079, 37.8034866974122], [-112.43689857522176, 37.803530196908625], [-112.44134056939336, 37.80357361885035], [-112.44605158258008, 37.80355507964313], [-112.45076259079597, 37.80353653222829], [-112.45079941674986, 37.80715440703318], [-112.45083625029527, 37.81077218949363], [-112.45083590290596, 37.81437042019879], [-112.45539037262492, 37.814334774212654], [-112.4599447203877, 37.81429904366423], [-112.45996740931328, 37.81788472622884], [-112.46451899270414, 37.8178477696944], [-112.46452512786023, 37.81784778352452], [-112.46452365324939, 37.81671529815522], [-112.46794980918402, 37.81671482062367], [-112.4679453792165, 37.81782187391049], [-112.4679407050561, 37.818979670073624], [-112.46451455262944, 37.81897987779116], [-112.46449237021477, 37.82141026791092], [-112.459914824677, 37.82146692380675], [-112.45535220462176, 37.82152619138065], [-112.45530292032986, 37.82512564978119], [-112.45528360451377, 37.826872589620855], [-112.45287295693888, 37.826865585195996], [-112.45287210923048, 37.827077297910876], [-112.4528563933003, 37.8307256369788], [-112.45285634407439, 37.830740508106096], [-112.45110954428478, 37.83074717646033], [-112.45072800694926, 37.83074863307079], [-112.45070778235296, 37.830748701983616], [-112.45069652551938, 37.83247156804078], [-112.45066234639748, 37.8360700229191], [-112.45062805780125, 37.83966856722419], [-112.45059388519061, 37.84326710805398], [-112.45055959956395, 37.84686555810551], [-112.44598367333458, 37.8469003956175], [-112.44595369021854, 37.8504859936115], [-112.45052624025787, 37.850441553796394], [-112.45049288158877, 37.85401745733417], [-112.44592370807598, 37.85407149943556], [-112.44589372514577, 37.8576568229873], [-112.45045952708763, 37.857593448923396], [-112.45042617498854, 37.86116943846162], [-112.45041631471071, 37.86485923339697], [-112.45498414885263, 37.86481331947011], [-112.4549698340508, 37.868519117767], [-112.45040645767278, 37.868548936005624], [-112.450396607408, 37.87223872649167], [-112.45495567392909, 37.87220364276961], [-112.45494140117238, 37.87588798676367], [-112.45949603477352, 37.87584755291039], [-112.4595074167101, 37.879558342077196], [-112.45494294352955, 37.87960151342333], [-112.45037846102066, 37.879644597940306], [-112.45037004968245, 37.88336059016681], [-112.45035187439677, 37.887030737491386], [-112.4503339261243, 37.89056154890834], [-112.4503441897371, 37.89418528848522], [-112.45035446013397, 37.89780902587578], [-112.45036485102577, 37.90143275967853], [-112.45037513499877, 37.905056492696076], [-112.44565726298278, 37.90511301301498], [-112.44093949486336, 37.90516952311082], [-112.4409468475784, 37.90877716232301], [-112.44563177601079, 37.90873385106096], [-112.44560629228882, 37.91235468699008], [-112.45025859379945, 37.91232429782724], [-112.45020026555942, 37.915958152909056], [-112.44558086125092, 37.91598966953896], [-112.44096144537993, 37.91602091476376], [-112.43637639700185, 37.91605309114188], [-112.43639006060131, 37.91969156138021], [-112.43636085490016, 37.92333082320259], [-112.43177129197649, 37.923365041699356], [-112.42718434000784, 37.92334632731226], [-112.42714501414818, 37.92698562097366], [-112.4271084417186, 37.930620102608856], [-112.4270718679202, 37.93425440192013], [-112.431661696418, 37.93426911486786], [-112.43160705548395, 37.93789885504963], [-112.43155252866687, 37.94152859175487], [-112.43149788842585, 37.945158327752324], [-112.43144336056267, 37.94878797017132], [-112.42685910827903, 37.948778775863445], [-112.42684557087566, 37.95241503836301], [-112.42225714091481, 37.95240166153233], [-112.42223943433099, 37.95603391806716], [-112.42222169957574, 37.95967040861544], [-112.4222039670379, 37.963306806910005], [-112.42218617659901, 37.96692229533325], [-112.4175819036992, 37.96691353095739], [-112.41297762446537, 37.966904496184284], [-112.40835880253702, 37.96698044103082], [-112.40834754704902, 37.97062171752263], [-112.40832730471207, 37.97423930711147], [-112.40530881562434, 37.97429451947069], [-112.40371273048662, 37.974323673834505], [-112.40370936599753, 37.97522890705606], [-112.40370554575327, 37.976253648347615], [-112.40369854151818, 37.978109358992455], [-112.39909577169898, 37.97818096848628], [-112.39449310455369, 37.978252576838116]], [[-112.3768481741907, 37.89082644973235], [-112.37680351585651, 37.89446708885778], [-112.37675885865697, 37.89810772585925], [-112.3767128418248, 37.90175468534064], [-112.37666682600316, 37.905401642692], [-112.37207718503252, 37.90542370062088], [-112.37205272039867, 37.909073378599516], [-112.3720281434857, 37.912722965637386], [-112.37200359312243, 37.91637381197457], [-112.36738582904533, 37.91640088660802], [-112.367351965718, 37.92005247066557], [-112.36272476775551, 37.92008037489603], [-112.3627513383007, 37.91642806379379], [-112.36277790840619, 37.912775570318175], [-112.3581358875702, 37.91280174989959], [-112.35819142258353, 37.90914053777686], [-112.35824684554845, 37.90547941493148], [-112.35831118362294, 37.901826838977115], [-112.35837540712194, 37.898174262213026], [-112.35842490787525, 37.894525097725975], [-112.3584742971838, 37.890876022524886], [-112.36308036037255, 37.89085557372277], [-112.36768642049358, 37.89083521499579], [-112.37226729868402, 37.89083083141586], [-112.3768481741907, 37.89082644973235]], [[-112.37788345503313, 37.803557343175044], [-112.37785717321538, 37.80717988293293], [-112.37783078073912, 37.810802421894955], [-112.37780450642255, 37.81442504750955], [-112.37777823334694, 37.81804758089371], [-112.37317455761645, 37.81806214365938], [-112.36857076427398, 37.818076708003375], [-112.36396708049891, 37.818091271281766], [-112.35936327912617, 37.818105836130236], [-112.3594055718018, 37.81445905151103], [-112.35944786579863, 37.810812264756954], [-112.35949004919965, 37.807165567285466], [-112.3595323458461, 37.803518776261846], [-112.364120123783, 37.80352837073839], [-112.36870790240296, 37.803538056787595], [-112.37329568004681, 37.80354774430203], [-112.37788345503313, 37.803557343175044]]], [[[-112.04278006433613, 38.14571050253195], [-112.04491815529384, 38.145720952160524], [-112.04734578048199, 38.14573294499373], [-112.0494927637788, 38.14574352040828], [-112.05191924720025, 38.145755428874786], [-112.05406749409215, 38.145758609339495], [-112.05651907948264, 38.14576226661942], [-112.05864221769593, 38.14576531887474], [-112.06097743630063, 38.14576880445262], [-112.06097869468293, 38.14559048548821], [-112.06097873906698, 38.1454438548452], [-112.06099620452994, 38.14185932105557], [-112.06101367111388, 38.13827469502144], [-112.06103114012409, 38.134690066854205], [-112.06104872564313, 38.13110543552338], [-112.0610592933107, 38.12748508650632], [-112.06106997952837, 38.12386482438627], [-112.06108066890882, 38.12024456008233], [-112.06109136014794, 38.11662420348285], [-112.06109165343833, 38.11300240654246], [-112.06109183556941, 38.10938051832064], [-112.06109213594783, 38.105758626868926], [-112.06106788075915, 38.10213407105992], [-112.06108805052001, 38.09851325757271], [-112.06108366518075, 38.09488977971943], [-112.06107939852104, 38.09126629862815], [-112.06107513520594, 38.087642725216554], [-112.06106143851154, 38.084020947174025], [-112.0610477473905, 38.08039916691039], [-112.06104867573077, 38.076778784589195], [-112.06104960819808, 38.073158400071655], [-112.06105268971355, 38.06953655200546], [-112.06105566116587, 38.06591470277335], [-112.06105863524571, 38.06229276123364], [-112.06106172852577, 38.05867090658259], [-112.05851422730298, 38.058651338087955], [-112.05769772485903, 38.058649315671175], [-112.05770227517019, 38.05496643062451], [-112.0577065121311, 38.0513486160516], [-112.05771086682732, 38.04773079826494], [-112.05771522399768, 38.044112888177224], [-112.05772419446889, 38.04049853941206], [-112.05773316824941, 38.036884188469294], [-112.05774214533909, 38.033269835348946], [-112.05775112573775, 38.029655480051204], [-112.05775858713102, 38.02604618326507], [-112.05776605197184, 38.02243688430575], [-112.05777352025999, 38.01882758317327], [-112.05778099199523, 38.01521827986774], [-112.05778872721106, 38.01159536316201], [-112.05779635198523, 38.007972445291784], [-112.05780409410629, 38.00434952420798], [-112.05781172709105, 38.000726692073314], [-112.05783141354908, 37.997102307351255], [-112.05785110228413, 37.993477920453294], [-112.0578706794328, 37.989853532403735], [-112.05789037272793, 37.986229141154155], [-112.05329362498877, 37.98614602602304], [-112.04871521123147, 37.986142328719986], [-112.04413706235427, 37.986141334791064], [-112.03955879813792, 37.98614034386384], [-112.03498125611081, 37.98614223257515], [-112.03040371099956, 37.98614403322079], [-112.02582616408252, 37.98614583591552], [-112.0212486153664, 37.98614764065977], [-112.01664975879338, 37.986156841691745], [-112.01205089947294, 37.986166043124584], [-112.00745203618, 37.98617515484337], [-112.00285317139198, 37.986184357078756], [-112.00285311173367, 37.98610468634129], [-111.99830855855421, 37.986130101211685], [-111.99376400197892, 37.98615561085037], [-111.98921944078721, 37.98618112514193], [-111.9846748737808, 37.98620655397049], [-111.98013397925774, 37.98622591836623], [-111.97559307971137, 37.98624519757224], [-111.97105217635217, 37.98626448170448], [-111.96651127036849, 37.98628386087939], [-111.96201182496048, 37.986304347842385], [-111.9575123768734, 37.98632493303766], [-111.95301292493029, 37.98634552634894], [-111.94851346797627, 37.98636603765942], [-111.94851735141609, 37.987516737515385], [-111.948525304997, 37.98992980135382], [-111.94852936086987, 37.991146831965594], [-111.94853719166721, 37.99352357452281], [-111.94854137529933, 37.994776924183235], [-111.9485492081923, 37.997153575162024], [-111.94855328082451, 37.99840701508681], [-111.94856111697047, 38.00078366460391], [-111.94527119662133, 38.000781225462475], [-111.94441572086286, 38.000781069068246], [-111.94070744988063, 38.00077789569922], [-111.93985208850762, 38.00077779530845], [-111.93614393104865, 38.000774657340926], [-111.93528845399585, 38.00077443454201], [-111.93158018229649, 38.00077133378953], [-111.93072459072032, 38.00077107868875], [-111.93072860622175, 38.002007847169054], [-111.93073372870867, 38.00439533601861], [-111.93073570826083, 38.00562409865131], [-111.93074094760617, 38.008020597738444], [-111.93074292744853, 38.00924025690537], [-111.93074805702392, 38.011645858138934], [-111.9307500382739, 38.012856503968166], [-111.93075528476012, 38.01527111541697], [-111.9307532760216, 38.016472419011286], [-111.93075099690198, 38.01889529003133], [-111.93075104759336, 38.02008819490115], [-111.93074865350403, 38.022519807577275], [-111.93074882263755, 38.02370396859397], [-111.93074642408817, 38.026144051663664], [-111.93074648722853, 38.02731974099152], [-111.93074408765253, 38.029768564794395], [-111.93074485369468, 38.030936677296225], [-111.93074201906016, 38.03339595764382], [-111.93074204793804, 38.03455974924993], [-111.93073914840835, 38.03702272378052], [-111.93073913280911, 38.03818291001673], [-111.9307362800465, 38.04064939759075], [-111.93073621995866, 38.04180597846154], [-111.93073330230406, 38.04427616020969], [-111.930736279035, 38.04542947182429], [-111.9307410559889, 38.047904097431434], [-111.93074277833222, 38.04905723803113], [-111.93074755827546, 38.05153186212115], [-111.93074928198698, 38.05268500201422], [-111.93075406491997, 38.055159624587084], [-111.93075578885845, 38.05631267365729], [-111.93074808229512, 38.0586829385001], [-111.93098175286977, 38.05868289041238], [-111.93099687643691, 38.06230544310577], [-111.93101211918764, 38.06592799266608], [-111.9310272542991, 38.0695506310149], [-111.9310423923254, 38.07317308690137], [-111.93104922478699, 38.076796507648965], [-111.93105606048844, 38.080419836061324], [-111.93106290057283, 38.084043162254304], [-111.93106974504063, 38.08766648622788], [-111.93565040681656, 38.0876695773657], [-111.94023106640138, 38.08767258003994], [-111.9402166353414, 38.08405310483003], [-111.94479595339172, 38.084058104392064], [-111.94876020832784, 38.084062305157225], [-111.94880616971743, 38.08496291097681], [-111.95343393949277, 38.08493663006121], [-111.9580629562311, 38.08491015670171], [-111.96268707289718, 38.08478863986803], [-111.96731117034534, 38.08466694126188], [-111.97191935012613, 38.084593048532106], [-111.97652751790709, 38.0845190653181], [-111.97639717698905, 38.08072887767407], [-111.98102298588167, 38.08062843668014], [-111.98088806166481, 38.07699817213169], [-111.97626259600723, 38.07705579459773], [-111.97611158848036, 38.073423581869996], [-111.97609800838006, 38.069699649981715], [-111.97608443256539, 38.06597562562691], [-111.9805263301007, 38.06593360484426], [-111.98063966558368, 38.06964985556042], [-111.98518712746402, 38.06959992708327], [-111.98540617625714, 38.073308433947695], [-111.98551351607414, 38.07694036769348], [-111.98997667533602, 38.07692998238064], [-111.99443093631423, 38.076919412696945], [-111.99459088056796, 38.080546021679076], [-111.9947520041099, 38.084199295032526], [-111.99491314893457, 38.08785265581438], [-111.99036659522632, 38.087841674351864], [-111.99057503604975, 38.09147436339228], [-111.99078350025108, 38.09510695944667], [-111.99086072066929, 38.09871425329342], [-111.99542823094441, 38.098639867079186], [-111.99559949873196, 38.10222635006981], [-111.99567105882464, 38.10584341656513], [-112.00026103989791, 38.10575377925574], [-112.00033034693612, 38.10938897365929], [-112.0049180497682, 38.10931719744679], [-112.00485795898003, 38.10566381317534], [-112.00479974866758, 38.10213000523683], [-112.00820884438123, 38.10212585578293], [-112.00941939409168, 38.10212537547781], [-112.01278492210193, 38.102121377383355], [-112.01404245975154, 38.102120804886276], [-112.0173608836959, 38.10211690196178], [-112.01866552447238, 38.10211632271932], [-112.02193695848995, 38.10211251766047], [-112.02328486897524, 38.102115115708], [-112.02328461460485, 38.105522884858004], [-112.02328429288059, 38.10914622898733], [-112.02327400106489, 38.112766142958854], [-112.02326382875984, 38.116386143852765], [-112.01869562887534, 38.11643846230049], [-112.01412753625851, 38.11649087254122], [-112.01420833980316, 38.12013063571413], [-112.0142890426207, 38.12377048759088], [-112.01437000504572, 38.12741997816818], [-112.01445097963145, 38.13106946633862], [-112.01449808974856, 38.13471158419434], [-112.01916331041448, 38.13466146512915], [-112.01927481645517, 38.1383054521776], [-112.0192719885329, 38.141932584684334], [-112.01926919951251, 38.1456032442623], [-112.01992309551814, 38.145602254132775], [-112.01992301706437, 38.14565817094755], [-112.02038154897735, 38.14565369793649], [-112.02401533973485, 38.1456187374919], [-112.02449276111834, 38.14561457400525], [-112.02455592927048, 38.14561499992113], [-112.02455601033986, 38.14556751864246], [-112.02844903035479, 38.145594417296095], [-112.02910973322108, 38.14559872379957], [-112.03299716190689, 38.14562552062833], [-112.0336635713124, 38.14562984143667], [-112.03667480420589, 38.14564178385272], [-112.03822041897554, 38.145647687962715], [-112.0403591508526, 38.14565597990301], [-112.04278000587617, 38.145665513550696], [-112.04278006433613, 38.14571050253195]], [[-111.9805263301007, 38.06593360484426], [-111.98057567820754, 38.062268807692135], [-111.98508039625052, 38.062270162846666], [-111.98519268166316, 38.05864899645318], [-111.98890249454622, 38.05865217994977], [-111.98976901303332, 38.0586522765102], [-111.98970358624307, 38.062282694851255], [-111.98963815572827, 38.06591302091586], [-111.98496810489226, 38.065891417195715], [-111.9805263301007, 38.06593360484426]], [[-111.96226859437402, 38.0224865101208], [-111.96189695460026, 38.022486396772976], [-111.9614808823017, 38.022486285110375], [-111.95749856660049, 38.0224847162129], [-111.95750221107905, 38.018860104187276], [-111.96132985177496, 38.018853115040386], [-111.96141141968116, 38.018852988856686], [-111.96191347011553, 38.018852037007505], [-111.96192998785324, 38.01521767504114], [-111.96194100711278, 38.01159822662044], [-111.96195202793352, 38.007978685894955], [-111.96196304913825, 38.00435896274842], [-111.96642231513029, 38.00434330838639], [-111.96639965631252, 38.00796222518915], [-111.96637688402248, 38.01158105063659], [-111.96635411451528, 38.01519996402469], [-111.96632472580458, 38.0188438944419], [-111.96629522534144, 38.0224879137112], [-111.96226859437402, 38.0224865101208]], [[-111.93989339351035, 38.03699594609842], [-111.94447284430093, 38.036982316250516], [-111.94447838280438, 38.03334985387352], [-111.94448392222668, 38.02971720905131], [-111.93990345883934, 38.02973210687796], [-111.93991115070139, 38.026116205095825], [-111.94448549614418, 38.026103790657515], [-111.94448707249093, 38.02249027995308], [-111.94867386852836, 38.022480906384956], [-111.94870995423453, 38.02609221955163], [-111.94874604723718, 38.029703530466854], [-111.94874687545008, 38.03333648352656], [-111.94874782148376, 38.036969433445705], [-111.9487486574637, 38.04060238206324], [-111.94874961127644, 38.044235327539916], [-111.94446173994814, 38.04424435065251], [-111.9398833826086, 38.04425409823683], [-111.939888387005, 38.040625068330556], [-111.93989339351035, 38.03699594609842]], [[-112.02181691920796, 38.0586627380555], [-112.02551693381317, 38.05865863213421], [-112.02640407634176, 38.05865836870716], [-112.03010408842353, 38.05865420848972], [-112.03099111738081, 38.05865400155051], [-112.0346911281957, 38.05864987715377], [-112.03557827026039, 38.05864963459018], [-112.03927827853254, 38.058645455896894], [-112.04019054387224, 38.058656582424014], [-112.04019493409363, 38.06227585268109], [-112.04019944158706, 38.065895029612236], [-112.04020384094665, 38.069514295461175], [-112.04020835886655, 38.07313355809697], [-112.03562756074193, 38.07313517090973], [-112.031046988825, 38.073136783381706], [-112.02646630240201, 38.07313848864032], [-112.02188561294845, 38.07314010545481], [-112.02186843088349, 38.069520766943434], [-112.02185125457233, 38.065901426206395], [-112.0218340840141, 38.06228208324372], [-112.02181691920796, 38.0586627380555]], [[-112.00280066111935, 38.022400685249835], [-111.9982265383147, 38.02241879074936], [-111.99824335953389, 38.01879650965204], [-111.99367033171386, 38.01881181370912], [-111.9890973004801, 38.018827120143605], [-111.98452414831121, 38.018842159563306], [-111.97997415614614, 38.01884285858823], [-111.97999674086472, 38.0152092593763], [-111.97544919980419, 38.01520615659474], [-111.97546883664637, 38.011582312901204], [-111.98001475217046, 38.011582816027556], [-111.98456077900543, 38.01158323255077], [-111.98454428086109, 38.01521236648821], [-111.98911632647871, 38.01519958993903], [-111.99368825510048, 38.01518681680827], [-111.99826029453003, 38.015174045174874], [-112.00283233085547, 38.01516127599681], [-112.00742296750742, 38.01515105364344], [-112.01201360132025, 38.01514083229077], [-112.01660423353178, 38.015130702053135], [-112.02119497555493, 38.015120481711726], [-112.02118737741984, 38.018743312827546], [-112.02117978260237, 38.0223661417511], [-112.0211721911028, 38.02598896848234], [-112.02116460292125, 38.029611793021225], [-112.01656564532047, 38.02962064621958], [-112.01196668502266, 38.029629499741915], [-112.00736783719604, 38.029638442726956], [-112.0027688715202, 38.02964729690274], [-112.00278476572016, 38.02602403722599], [-112.00280066111935, 38.022400685249835]], [[-111.96692152655693, 38.05856549807062], [-111.9669554612582, 38.06231342637861], [-111.96698928837151, 38.06606126309087], [-111.96702323704773, 38.06980909644702], [-111.96705708049957, 38.07355701843774], [-111.96679378441303, 38.07356188846551], [-111.96231376603275, 38.0736716587598], [-111.96218212696392, 38.073674809459405], [-111.95757079698406, 38.07378781722004], [-111.953073836527, 38.073789223541134], [-111.9485768734186, 38.07379054789102], [-111.94859477779222, 38.076827160770186], [-111.94475971851253, 38.07682056199497], [-111.94018799708867, 38.076812613943666], [-111.9356186692893, 38.076804649188986], [-111.93560797722975, 38.07318234207668], [-111.93560012710289, 38.06955901878006], [-111.9355921663431, 38.06593560405454], [-111.94017232470094, 38.06594303602557], [-111.94475384805897, 38.065950278487186], [-111.9447465462707, 38.069575074720504], [-111.94857141931092, 38.069581397586774], [-111.94858285153678, 38.06624695151657], [-111.9485829731016, 38.06595620727001], [-111.94859539209585, 38.06247728076689], [-111.94859545067806, 38.06233172832223], [-111.94860896820282, 38.05870814005788], [-111.95325616175447, 38.05863719598993], [-111.95338209684722, 38.05863572393858], [-111.95790021579461, 38.058562308514375], [-111.96240240527342, 38.05856149062248], [-111.96242531626339, 38.05856148327461], [-111.96602767798345, 38.05856744039678], [-111.96628801401714, 38.05856692269], [-111.96628933891778, 38.05513972727366], [-111.96628938826807, 38.05506546382156], [-111.96629081946666, 38.051516055895426], [-111.9662907549298, 38.0514417933349], [-111.96629104890464, 38.049704268652384], [-111.9642296489288, 38.04966135319783], [-111.9642226345667, 38.047849444304454], [-111.96421562151062, 38.046037534853994], [-111.96628882409938, 38.04600636131186], [-111.96628912086626, 38.04426883504115], [-111.96784330144129, 38.04426497164954], [-111.96972192448885, 38.044260304358055], [-111.97084476656985, 38.044257435219244], [-111.97540052456452, 38.044246128250656], [-111.97538767564454, 38.04062329248707], [-111.97537483187399, 38.0370004544989], [-111.97536192393672, 38.03337238759262], [-111.97534902116732, 38.0297443184554], [-111.97896613036635, 38.02973182916077], [-111.97990648274477, 38.02973183606202], [-111.97991840747709, 38.033363696922734], [-111.9799303659875, 38.036989156418635], [-111.97994229595604, 38.04061209046358], [-111.97995423100231, 38.04423502228544], [-111.98450793340494, 38.04422383003777], [-111.98450256442912, 38.047848074578], [-111.9845004557309, 38.049324430442496], [-111.9844973152224, 38.051472496193306], [-111.98449525567275, 38.05509652842094], [-111.98433576323977, 38.05864229675635], [-111.98062502658809, 38.05860409844399], [-111.97978178750996, 38.058597431652785], [-111.97605737322714, 38.058559022837315], [-111.975227931905, 38.0585613114012], [-111.9714894520154, 38.058562349221724], [-111.97067368776659, 38.0585645827179], [-111.96692152655693, 38.05856549807062]]], [[[-111.81774875465516, 38.151224619786035], [-111.81774720121771, 38.146925150113816], [-111.81774599006941, 38.143299987335695], [-111.81774478129503, 38.139674732218104], [-111.8177442443985, 38.136048028229276], [-111.81774382390469, 38.13242123110564], [-111.8131648710026, 38.13242580029603], [-111.81317678362791, 38.12879981584401], [-111.81318881339868, 38.12517391851094], [-111.81320072614878, 38.12154756916824], [-111.8132127560338, 38.11792130694441], [-111.8086212050804, 38.11791181288146], [-111.80402965407599, 38.11790231957892], [-111.79945016197458, 38.11790022536102], [-111.79487055485482, 38.11789813362805], [-111.79029106086448, 38.11789604283239], [-111.7857115659398, 38.117893953750674], [-111.78113721576031, 38.11789300379748], [-111.7765628645246, 38.11789205596152], [-111.77198851223932, 38.117891110243136], [-111.76741427298239, 38.11789016589759], [-111.76279684743032, 38.1178941004709], [-111.75817953425013, 38.11789803306317], [-111.75356210530626, 38.117901965151404], [-111.74894478874944, 38.11790589526807], [-111.74433564527358, 38.11790598709172], [-111.73972650062194, 38.11790607831756], [-111.73511746797051, 38.11790607811234], [-111.73050832099491, 38.11790616814789], [-111.73053015566046, 38.12103662878066], [-111.73053362487386, 38.12153364871807], [-111.73055557829969, 38.124664106692485], [-111.73055904735858, 38.125161036200716], [-111.73058089138468, 38.12829149293559], [-111.72966528207805, 38.1282922267638], [-111.72507023077385, 38.12829553330026], [-111.72048533183624, 38.12829877805751], [-111.71590054284577, 38.12830175304926], [-111.71131611652588, 38.12830698026875], [-111.70673168673358, 38.12831202857772], [-111.70214736759871, 38.128316897293864], [-111.69756293098364, 38.12832158778519], [-111.69297711768468, 38.128325656839046], [-111.6883911870398, 38.1283295475419], [-111.68839784158506, 38.13195363314682], [-111.68840438458398, 38.1355776270678], [-111.68840762019147, 38.13920145790934], [-111.68841085886156, 38.14282528652234], [-111.6838198895026, 38.14282686859679], [-111.67922891806514, 38.14282836134492], [-111.67465442241242, 38.14283462701672], [-111.67007980920462, 38.14284071518406], [-111.66549823090114, 38.14284657450472], [-111.66091665004592, 38.142852345238516], [-111.66092115716482, 38.14647626027551], [-111.66092578067372, 38.150100082318446], [-111.66092635873328, 38.15117011015521], [-111.6627588039865, 38.151170264973246], [-111.66548689273431, 38.151170520988266], [-111.66735054797286, 38.15117067155642], [-111.67007464159734, 38.15117093382174], [-111.67194172036342, 38.151171082124016], [-111.67466101998798, 38.151171355553764], [-111.67653220702748, 38.15117149740003], [-111.67924751153274, 38.15117177776432], [-111.68112235033598, 38.15117191547892], [-111.68383685523018, 38.15117218449249], [-111.68571249265854, 38.15117233440164], [-111.68842654115959, 38.151172680240116], [-111.69030263483774, 38.15117284428802], [-111.69301588287443, 38.15117308876674], [-111.6948926610485, 38.15117326557259], [-111.69760533770987, 38.15117349752098], [-111.69948268625288, 38.151173687708976], [-111.70219159690369, 38.151174016395906], [-111.70407316780938, 38.15117419808015], [-111.70677819747084, 38.151174534355945], [-111.70866353335951, 38.15117461983546], [-111.70866973639984, 38.15117462026058], [-111.70866975963754, 38.151169355015625], [-111.71137228110771, 38.15117005122888], [-111.71326321308715, 38.15117056971947], [-111.71596185449846, 38.15117136412498], [-111.717856666481, 38.151171875124106], [-111.72055530630395, 38.15117256398083], [-111.72245011805116, 38.151173090989936], [-111.72514875804964, 38.151173854536836], [-111.72704356866836, 38.151174307436285], [-111.72769016874628, 38.15117638470438], [-111.72972419070686, 38.15117660949565], [-111.7305778920061, 38.15117661969599], [-111.73161751571428, 38.15117690769813], [-111.7351713676577, 38.151180492184245], [-111.73620939394539, 38.15118083965827], [-111.73976495679398, 38.15118436452774], [-111.7408012706335, 38.15118468219809], [-111.74435843116014, 38.151188238159214], [-111.7453930334654, 38.15118861627984], [-111.74895201438886, 38.15119166104136], [-111.74899895776329, 38.15119167261628], [-111.7489947899176, 38.146937223696284], [-111.74899171928968, 38.14331079607897], [-111.74898853876917, 38.1396844570795], [-111.7489836224165, 38.13605542318805], [-111.74897859544849, 38.132426387790055], [-111.75357073154207, 38.132425768584426], [-111.75816275230969, 38.13242515082695], [-111.76275488687082, 38.132424623167985], [-111.76734701925399, 38.132424006101076], [-111.7673427972658, 38.13605273694069], [-111.76733869297372, 38.139681554930526], [-111.76733730357121, 38.14330782948189], [-111.76733591709224, 38.14693410181014], [-111.76733360841465, 38.151203988598304], [-111.76835110958073, 38.151204156309575], [-111.77189764189906, 38.151206677213146], [-111.7729425134458, 38.151206925370964], [-111.77649326717349, 38.151209369823015], [-111.7775340296442, 38.1512096042922], [-111.78108866431022, 38.151212154472375], [-111.78212554499139, 38.15121228393805], [-111.7856840480304, 38.15121376800577], [-111.78671682058653, 38.151213974537164], [-111.79025809274474, 38.151215795910296], [-111.79130809811392, 38.15121593623434], [-111.79483213555179, 38.15121773578464], [-111.79589926153633, 38.15121798956571], [-111.79940617839539, 38.151219767864426], [-111.80049053713877, 38.151219952752584], [-111.80398032947237, 38.15122135066101], [-111.80508180681231, 38.15122146609273], [-111.80856064412556, 38.1512230733464], [-111.80967239370337, 38.151223255248986], [-111.81314084465414, 38.1512248885371], [-111.8142630937057, 38.15122504440928], [-111.81500603483182, 38.1512253907155], [-111.81774875465516, 38.151224619786035]]], [[[-111.93481914221837, 38.15123418737695], [-111.93501647223063, 38.151234148660556], [-111.93567180589982, 38.151234156759394], [-111.93960597340451, 38.151234021095206], [-111.9402420182699, 38.15123397775373], [-111.94393149043132, 38.151233853390615], [-111.9441953578513, 38.15123380520168], [-111.94481211393638, 38.151233711924945], [-111.94878484210865, 38.15123259800647], [-111.94965679070377, 38.15123240016184], [-111.94975121840932, 38.15123232693902], [-111.94974950410825, 38.15120028739828], [-111.94997658733067, 38.149745836484506], [-111.95127996395718, 38.1463319567482], [-111.95128089864947, 38.14608652858008], [-111.9513736491781, 38.146086559596476], [-111.95139365535317, 38.1460341545822], [-111.95285789714849, 38.146087050260654], [-111.95428265399971, 38.146087502649394], [-111.95531454322072, 38.14608758571279], [-111.95887298843046, 38.14608896008209], [-111.95978631040255, 38.1460891092901], [-111.96042945426171, 38.1460859760977], [-111.9635059010177, 38.146056633131344], [-111.96457483085217, 38.146053086496515], [-111.96805092853481, 38.146023856443286], [-111.96805886049805, 38.14253951821429], [-111.96805893078083, 38.142208042515264], [-111.9680660218756, 38.13891891715326], [-111.96806586428002, 38.13858744313354], [-111.96807295821004, 38.13529831577633], [-111.96807291503512, 38.1349668406147], [-111.96808001298548, 38.13167780137649], [-111.9680799701332, 38.13134632601335], [-111.97267065333288, 38.131349408944935], [-111.97283004945255, 38.131349440815], [-111.97298955845731, 38.1313493814098], [-111.97758024148682, 38.13135254188726], [-111.98218193299435, 38.131351377088855], [-111.98678362403587, 38.131350301445075], [-111.9869130759354, 38.13495587654385], [-111.98704254446494, 38.13856144913957], [-111.98686705338034, 38.14217102406145], [-111.98669045271208, 38.145809355394434], [-111.98278010228911, 38.14586079633993], [-111.98207138532317, 38.14586744545297], [-111.97806438972123, 38.145920618935335], [-111.97745103946049, 38.145924465048545], [-111.97339607267759, 38.14596661121353], [-111.97279767068359, 38.14597039745622], [-111.96872752231928, 38.14601278033977], [-111.96872703254553, 38.14609103156246], [-111.97267319480744, 38.14606722982195], [-111.97327080483699, 38.14606390139056], [-111.97729189309072, 38.14603961373266], [-111.97790445041731, 38.14603613734479], [-111.9818749898786, 38.14600418273813], [-111.9825821276155, 38.14599880974566], [-111.98641333572189, 38.14596804749479], [-111.98726037136659, 38.14596165155583], [-111.99115299356018, 38.14592409002765], [-111.99192949410957, 38.14591717414698], [-111.99212572825225, 38.14591528236175], [-111.99212595988048, 38.14577861707798], [-111.99603372024984, 38.145755906682176], [-111.99602929303295, 38.14212351506502], [-111.9960250674702, 38.13850562945354], [-111.99602067829484, 38.1348837776186], [-111.99601640760174, 38.13126192260492], [-112.0006327886859, 38.13121773147764], [-112.00058417418018, 38.127573271820374], [-111.99598376427724, 38.127617234297254], [-111.99138334731505, 38.12766119689441], [-111.98678292087425, 38.127704979384106], [-111.98678222297313, 38.12405974520153], [-111.98214437189823, 38.124112220968435], [-111.98212557494878, 38.120503544771665], [-111.98678144652598, 38.120425324351416], [-111.98903025583424, 38.1204026278899], [-111.98903102845091, 38.11852326669594], [-111.991341446664, 38.11851388667905], [-111.99133334767005, 38.11674202783694], [-111.99123453914537, 38.113137180539745], [-111.98665463524992, 38.1131972728188], [-111.98652849855367, 38.109603642840305], [-111.98640249212616, 38.10601000942844], [-111.98177168945382, 38.10610332180937], [-111.98166003062332, 38.102506856344384], [-111.98161969331484, 38.098886811047635], [-111.97694605878853, 38.09898497524166], [-111.9768484718084, 38.09537270101405], [-111.97224160537247, 38.09547579968459], [-111.96763472090757, 38.095578627775126], [-111.96772279488371, 38.099178462969824], [-111.96311331715587, 38.09925842492666], [-111.96320408738825, 38.10287139849911], [-111.95859739549334, 38.1029645901211], [-111.95399057635551, 38.10305778241803], [-111.95389940363873, 38.09941407031886], [-111.94930477562428, 38.09948967490735], [-111.94927670456796, 38.0985364745283], [-111.94920628849954, 38.09584376177242], [-111.94917719194144, 38.094916795313324], [-111.94482253389567, 38.09491097486337], [-111.94024947948061, 38.09490475804913], [-111.93568246574657, 38.09489831510578], [-111.93111556315894, 38.09489169372545], [-111.93113836652326, 38.09850424997355], [-111.93116129100532, 38.1021168932024], [-111.9311416085849, 38.10578701086793], [-111.93112204319686, 38.10945721549894], [-111.93110236559635, 38.11312741878763], [-111.93108280389559, 38.11679761892608], [-111.93106873596065, 38.12037025879815], [-111.93105478433554, 38.12394289563254], [-111.931040720874, 38.12751553123744], [-111.93102666079118, 38.13108825482372], [-111.93088250727537, 38.13470454591421], [-111.93073834436404, 38.1383209249237], [-111.9305941709089, 38.14193730173697], [-111.93044998690654, 38.14555367635395], [-111.93030590532396, 38.14916995775571], [-111.93026158124684, 38.151206206833926], [-111.93383623260748, 38.15120550662044], [-111.93403299198604, 38.15120547409443], [-111.93403406136271, 38.151234287187926], [-111.93481914221837, 38.15123418737695]]], [[[-112.48648648654508, 37.8904074099608], [-112.48930341475926, 37.89040473600493], [-112.48648636084344, 37.89040149856727], [-112.48648648654508, 37.8904074099608]]]]}, "properties": {"objectid": 4542564, "owner": "Federal", "agency": "BLM", "admin": "BLM", "desig": "N/A", "state_lgd": "Bureau of Land Management", "ut_lgd": "Bureau of Land Management (BLM)", "natl_lgd": "Bureau of Land Management (BLM)", "edit_date": 1222840800000, "gis_acres": 187939.1875, "label_federal": null, "label_state": null, "county": "GARFIELD", "tribe": null, "globalid": "{4ACCF3B9-C786-4DB0-8013-A3933448ABE3}", "Shape__Area": 760562893.08924, "Shape__Length": 724271.8891665696}}, {"type": "Feature", "id": 4544416, "geometry": {"type": "Polygon", "coordinates": [[[-112.14929549110909, 37.73196588952957], [-112.15044627978024, 37.73196439683795], [-112.15045889154635, 37.73035926485454], [-112.15844533962523, 37.73034800880315], [-112.16064096575666, 37.73034353376995], [-112.16068638715605, 37.72464588357285], [-112.16301282892316, 37.724636742532965], [-112.16756382293025, 37.724619061544004], [-112.16758985215166, 37.720964723290024], [-112.16761588495889, 37.71731047296359], [-112.1630590235367, 37.71733064434937], [-112.15849069464925, 37.717350571974194], [-112.1584648590544, 37.7210025681069], [-112.15843891356005, 37.724654653283835], [-112.15385366267432, 37.72468087942125], [-112.14926840670805, 37.72470710745786], [-112.14928194525504, 37.728336454545364], [-112.14929549110909, 37.73196588952957]]]}, "properties": {"objectid": 4544416, "owner": "Federal", "agency": "USFS", "admin": "USFS", "desig": "Bankhead Jones", "state_lgd": "Bankhead-Jones Land Use Lands", "ut_lgd": "Bankhead-Jones Land Use Lands", "natl_lgd": "Bankhead-Jones Land Use Lands", "edit_date": 1222840800000, "gis_acres": 321.82321167, "label_federal": "Dixie National Forest", "label_state": null, "county": "GARFIELD", "tribe": null, "globalid": "{C89370A5-4BD6-4764-A9B9-A8BFC22BEF21}", "Shape__Area": 1302372.3694496434, "Shape__Length": 6454.782071127466}}, {"type": "Feature", "id": 4544425, "geometry": {"type": "Polygon", "coordinates": [[[-112.17213202717149, 37.779165096975056], [-112.17211048235524, 37.78279808547193], [-112.17437468789751, 37.782738224802436], [-112.17435080025466, 37.786416928876704], [-112.17668735859155, 37.78637252476107], [-112.1766784867904, 37.78827655668569], [-112.17667766216141, 37.788460875616266], [-112.18583983152658, 37.78827770789707], [-112.18584145294996, 37.78810203326048], [-112.18585860557867, 37.786197918818], [-112.1858740413129, 37.78448480116267], [-112.18128507680265, 37.784508551714076], [-112.18128587366765, 37.784394532438036], [-112.18129849780286, 37.78255517369836], [-112.17670449925413, 37.78267667398414], [-112.17672806643381, 37.77904934391976], [-112.17448231922083, 37.77910591063601], [-112.17213202717149, 37.779165096975056]]]}, "properties": {"objectid": 4544425, "owner": "Federal", "agency": "USFS", "admin": "USFS", "desig": "Bankhead Jones", "state_lgd": "Bankhead-Jones Land Use Lands", "ut_lgd": "Bankhead-Jones Land Use Lands", "natl_lgd": "Bankhead-Jones Land Use Lands", "edit_date": 1222840800000, "gis_acres": 167.64071655, "label_federal": "Dixie National Forest", "label_state": null, "county": "GARFIELD", "tribe": null, "globalid": "{8B95E7A5-319D-4699-9D2F-0E1797B4118B}", "Shape__Area": 678417.9220496832, "Shape__Length": 4509.554780414295}}, {"type": "Feature", "id": 4544481, "geometry": {"type": "MultiPolygon", "coordinates": [[[[-112.16033404922814, 38.15011549095478], [-112.16086953374982, 38.15011578668535], [-112.16489499135184, 38.15013739085569], [-112.16545569770709, 38.15013768585673], [-112.16945593160895, 38.15015911356306], [-112.17004197386746, 38.150159404732804], [-112.1739999747793, 38.15018037735956], [-112.17462835929923, 38.15018076308465], [-112.17462721771382, 38.14920592290444], [-112.17461431794185, 38.14560503871092], [-112.17459013889227, 38.142026255029], [-112.1745659667685, 38.13844746916342], [-112.17917197267448, 38.138471522596355], [-112.18377786568298, 38.138495576694034], [-112.18838376133786, 38.13851972042198], [-112.19298965671442, 38.138543773564166], [-112.19299646420673, 38.134897269032834], [-112.19300327583326, 38.131250762291955], [-112.19301009159375, 38.127604253341616], [-112.19301702555407, 38.12395774102337], [-112.19302568690136, 38.120325989079156], [-112.19303435362966, 38.116694325053956], [-112.1930431383215, 38.113062657682136], [-112.1930518128725, 38.1094309892803], [-112.19763523446686, 38.10943410165337], [-112.20221854206243, 38.10943730666805], [-112.20680184674754, 38.10944042295064], [-112.21138526402969, 38.109443539432185], [-112.21596576156472, 38.10944263197451], [-112.22054637118548, 38.10944172493299], [-112.22512686329489, 38.10944073056561], [-112.22970746897575, 38.1094398267112], [-112.22971415246676, 38.10581107003863], [-112.22972095423899, 38.1021823099882], [-112.22972764622486, 38.0985535489472], [-112.22973445648006, 38.09492478452869], [-112.23431704672805, 38.09492638978108], [-112.23889974931649, 38.094927995283136], [-112.24348372580462, 38.094930850441756], [-112.2475131233383, 38.09493346825508], [-112.24752310262603, 38.09130782718068], [-112.24753308590192, 38.08768218393286], [-112.24754307469715, 38.08405662861806], [-112.24755306594858, 38.080430981023724], [-112.25212942341412, 38.08044151651324], [-112.25670578029695, 38.08045205394071], [-112.2612822505861, 38.080462592081766], [-112.26585860628333, 38.08047313337841], [-112.27043880603422, 38.080481832595616], [-112.27501889094304, 38.08049053468907], [-112.27959897499852, 38.08049923842998], [-112.28417917061259, 38.08050785246671], [-112.28876598030662, 38.08051008703248], [-112.29335290229896, 38.08051232147843], [-112.2979397085939, 38.08051455830885], [-112.30252662557437, 38.080516704904866], [-112.30251459691559, 38.076908076066815], [-112.3025025745842, 38.07329944504201], [-112.30249055857935, 38.06969081183046], [-112.30247854730257, 38.06608208632765], [-112.30402700157319, 38.0660798749952], [-112.3070693463883, 38.066071311607104], [-112.3086177985314, 38.06606903978374], [-112.31166014211091, 38.06606053775887], [-112.31320859211654, 38.066058205444676], [-112.31625093284883, 38.06604967467839], [-112.31779938393814, 38.06604746208169], [-112.32084160784804, 38.0660389038547], [-112.32238983533874, 38.06603699374914], [-112.32543105505482, 38.06602976991919], [-112.32697928207529, 38.066027889451696], [-112.33002050071019, 38.066020727058856], [-112.33156861166016, 38.0660187874169], [-112.33460982757992, 38.06601159636013], [-112.3392036925915, 38.0659952051271], [-112.34094216627452, 38.06599304531396], [-112.34093885488095, 38.062414606980404], [-112.34093555066295, 38.05883625661971], [-112.34094239534993, 38.055176678440425], [-112.34094924644644, 38.051517188155245], [-112.34063292471333, 38.047859219320095], [-112.34031663988446, 38.04420124682548], [-112.34000039195074, 38.04054327067182], [-112.33968417926151, 38.036885200755755], [-112.3396715507147, 38.033227363265276], [-112.33965892722009, 38.02956943342675], [-112.33964631041842, 38.02591150134411], [-112.33963358804759, 38.022253658419274], [-112.33963144270133, 38.018600739678774], [-112.33962919073996, 38.01494791012298], [-112.33962705666902, 38.01129498694837], [-112.33962481599268, 38.00764215295855], [-112.33959192092043, 38.003975606882406], [-112.3395590345875, 38.00030905850639], [-112.33952615863153, 37.99664259793494], [-112.33949328977275, 37.992976044959505], [-112.3395154266196, 37.98938438643906], [-112.33953768039413, 37.98579272451925], [-112.33955982339982, 37.98220106179378], [-112.33958208332227, 37.978609395669274], [-112.33503481516061, 37.97866560842301], [-112.3304875380794, 37.97872182566827], [-112.33031200930431, 37.97871777301037], [-112.3302027391395, 37.97467030467512], [-112.33020041620243, 37.971021772359606], [-112.33019810049242, 37.96737332793724], [-112.33019567494489, 37.963724792484975], [-112.33051164648835, 37.94923788861342], [-112.33066560711715, 37.93468519042367], [-112.33067879043017, 37.933415734476704], [-112.32712918682257, 37.934309302173276], [-112.32237756393447, 37.93381448947596], [-112.32240400126207, 37.93107937567025], [-112.33069952852334, 37.931429255906004], [-112.3308181766916, 37.92002865095409], [-112.33099854479397, 37.905493070207434], [-112.33117917281764, 37.90549310001527], [-112.33119840120395, 37.901850772555576], [-112.33121774513882, 37.89820835153711], [-112.33123698044133, 37.89456601974483], [-112.33125633290437, 37.890923684500294], [-112.33127624883493, 37.88729981632], [-112.33129692104468, 37.883540930594286], [-112.33132414463878, 37.87979837122177], [-112.33135152536039, 37.87605806095103], [-112.33138519428093, 37.87242059997896], [-112.33143230858957, 37.86878469719623], [-112.33147942198332, 37.865148702184655], [-112.33152653608472, 37.86151270505081], [-112.33153072923851, 37.85786664660156], [-112.33153492734819, 37.85422058595762], [-112.33153924243027, 37.85057443172697], [-112.33154333681306, 37.846928367978954], [-112.33163197976711, 37.84331325030822], [-112.33172062096183, 37.83969822067583], [-112.33180914354283, 37.83608310015276], [-112.33189777636873, 37.83246797627613], [-112.33171721301063, 37.83246794550896], [-112.33189085715283, 37.81793043476069], [-112.33207127148641, 37.81793046721358], [-112.33651929811475, 37.81791468204245], [-112.34096720746389, 37.81789891039514], [-112.34106280000385, 37.8142596297752], [-112.3411585021172, 37.81062034577009], [-112.34125420021878, 37.80698105967324], [-112.34134989431067, 37.80334177148479], [-112.3412598243789, 37.80334207614623], [-112.34116986800916, 37.80334237944573], [-112.33678753997174, 37.803356056007104], [-112.3366071726932, 37.803356660861226], [-112.33222518180978, 37.803370344031954], [-112.33204480453803, 37.80337040125437], [-112.33204442756212, 37.799163146112335], [-112.33204369926135, 37.79553675437698], [-112.33204497328362, 37.79190772422587], [-112.3320463676622, 37.78827878072066], [-112.33205795933308, 37.784654586609456], [-112.33206955356117, 37.78103030023607], [-112.33208115358107, 37.77740610181639], [-112.33209275615812, 37.77378181113454], [-112.33208497261123, 37.77016521801458], [-112.33207707998206, 37.76654853388976], [-112.33206919340694, 37.76293184758474], [-112.33206142638296, 37.75931515781657], [-112.33207197968524, 37.75570060213217], [-112.33208253562341, 37.75208595419549], [-112.33209309581339, 37.74847130411488], [-112.33210366187024, 37.744856741998966], [-112.33209984650647, 37.741231074490145], [-112.33209603521153, 37.73760531469016], [-112.33209234467402, 37.73397964153387], [-112.33208854473985, 37.73035387736891], [-112.33666612367492, 37.73035009099023], [-112.34124370002448, 37.730346307026004], [-112.3420172683721, 37.730346243930406], [-112.34207109612532, 37.72679643342695], [-112.34207189848682, 37.726746584097015], [-112.342126420022, 37.7231471938133], [-112.34217738770128, 37.71952062356279], [-112.34222661852695, 37.71589208819504], [-112.34124768245495, 37.7158892610113], [-112.33997214117588, 37.71588448016507], [-112.33832607944353, 37.71587460963512], [-112.33832281042875, 37.713555044472734], [-112.3383177963726, 37.70992739203269], [-112.3383126909365, 37.70630063978273], [-112.33830755893041, 37.70267208316914], [-112.34018350440715, 37.70267663937885], [-112.34286101131272, 37.702683123949406], [-112.34741434792458, 37.70269408020974], [-112.35199432638593, 37.702691756922356], [-112.35657441417263, 37.702689344488746], [-112.35846761033697, 37.70268827384763], [-112.35844643250003, 37.701621232338645], [-112.35845500923897, 37.699064496322016], [-112.35845701942276, 37.697999980946385], [-112.35846554986584, 37.69544054016562], [-112.35847611378023, 37.694366101745985], [-112.35848939312827, 37.691811922272926], [-112.35849020382902, 37.691676091112775], [-112.35656396106815, 37.690414495972064], [-112.35317628817519, 37.688195372899884], [-112.35198960670861, 37.687418027772935], [-112.34765766877739, 37.68458029602258], [-112.34760223780057, 37.684544067402435], [-112.3476025848595, 37.68179932016499], [-112.3501063760375, 37.68291800196621], [-112.35159843577422, 37.680962176082716], [-112.35198411666515, 37.680443847592905], [-112.352088950663, 37.68030303804948], [-112.35198416952859, 37.68030306781345], [-112.35094893791596, 37.680302945824174], [-112.35094934231638, 37.67732404560275], [-112.35094928515394, 37.677220850194054], [-112.35198536291021, 37.67721997141121], [-112.356547412214, 37.67721597654597], [-112.3587932821015, 37.67721391241501], [-112.35880230087214, 37.67617283586359], [-112.35882211441162, 37.67366580055109], [-112.3588318071101, 37.672549729516426], [-112.35882202385311, 37.6700486217011], [-112.3588202358261, 37.66898684900301], [-112.35881001998425, 37.66643067674149], [-112.3588102496153, 37.66542349754167], [-112.35881155891047, 37.662808968528516], [-112.35881166518377, 37.661857128582035], [-112.35881198375318, 37.66072412930749], [-112.3588119198539, 37.66008629605839], [-112.35881194665633, 37.659186009686906], [-112.3588119277939, 37.65828941894996], [-112.36013615444595, 37.658289025908466], [-112.36281728865141, 37.654649900894476], [-112.36366724934997, 37.65349608478519], [-112.36550745347415, 37.650997992408065], [-112.36824303265387, 37.64728393837592], [-112.36829539895909, 37.64728387167979], [-112.36828693828997, 37.64722430520069], [-112.36833428077264, 37.64358358181375], [-112.37291800903958, 37.64358890260673], [-112.37750173574578, 37.64359422544992], [-112.37405690013088, 37.643546439787364], [-112.37406560286094, 37.639921305798346], [-112.37407429227356, 37.6363136546853], [-112.37755615372245, 37.638384651665], [-112.37755685293894, 37.63828135695575], [-112.37414240845152, 37.63625229525137], [-112.37407835369252, 37.63621419626116], [-112.37359220749671, 37.63567530501387], [-112.3730314926759, 37.6354194702644], [-112.37102604916501, 37.63450447292671], [-112.37169491076703, 37.633572975517545], [-112.37305854747561, 37.6341923334506], [-112.37757520941504, 37.636243531262465], [-112.37767639060645, 37.63264570448449], [-112.3777775691087, 37.62904796578487], [-112.37776510222956, 37.6261876280724], [-112.3777518793256, 37.62256787854781], [-112.37775063263199, 37.618952042826685], [-112.37774939152281, 37.61533620494617], [-112.38185770008356, 37.615330970375716], [-112.38231531330307, 37.61533047678676], [-112.38240790647444, 37.60809254722953], [-112.3868931311868, 37.60809065518387], [-112.3868991310048, 37.6044789656189], [-112.38690513740275, 37.60086736402296], [-112.38697489398187, 37.59722986525319], [-112.38704453776185, 37.593592455835555], [-112.39150954337288, 37.593591804622555], [-112.39597443200891, 37.59359107588962], [-112.39596643329783, 37.589961791382066], [-112.39595844094089, 37.586332504687654], [-112.39593916981428, 37.58269929350516], [-112.39592001937099, 37.57906607876754], [-112.39590076316308, 37.57543286315329], [-112.395881401206, 37.571799646662036], [-112.39821257571403, 37.57179422602934], [-112.40043742616056, 37.571789029494866], [-112.40499344930353, 37.57177850678454], [-112.40499525837362, 37.568132152912455], [-112.40499695973513, 37.56448579820138], [-112.40499866998165, 37.560839621521], [-112.40500038572698, 37.557193442654416], [-112.40501481244263, 37.55356071983755], [-112.40502935655726, 37.54992799352705], [-112.40504409149379, 37.54626299669248], [-112.40505871754623, 37.54259799902017], [-112.40058002091632, 37.542635442139456], [-112.39610131609344, 37.542672805528085], [-112.39162316725339, 37.54270999240665], [-112.38714512678253, 37.54274727848547], [-112.38283950220905, 37.54277408344641], [-112.37853387129, 37.54280082152953], [-112.37853360744559, 37.542798295583665], [-112.37482661123515, 37.54279934589478], [-112.3702735315038, 37.542801084264106], [-112.36572033622934, 37.54280282854886], [-112.3611671369467, 37.54280448732128], [-112.36116861976272, 37.54047696784897], [-112.36116938415063, 37.539311314803975], [-112.36117052495564, 37.53685896861935], [-112.35591114724245, 37.5368576550326], [-112.35135780444197, 37.536856680814374], [-112.3468045727826, 37.53685570989789], [-112.34225267602422, 37.536853556699185], [-112.33770089056851, 37.53685140692123], [-112.33314910326284, 37.536849261855494], [-112.3285972009538, 37.5368471227759], [-112.32404613354822, 37.536847502653785], [-112.3194949524359, 37.536847978684165], [-112.31494376918448, 37.53684845948243], [-112.31039269538424, 37.53684885368079], [-112.31027894664366, 37.536848854215435], [-112.30584348033867, 37.53685211623677], [-112.30129437756875, 37.5368554725864], [-112.29674515762098, 37.53685874500342], [-112.29219605150666, 37.53686220133729], [-112.28764863881757, 37.53686555398541], [-112.28310122369864, 37.53686891170338], [-112.27855380769519, 37.53687236460535], [-112.27400638773065, 37.5368757324647], [-112.27388340988549, 37.53687635090165], [-112.27388327154645, 37.54044955523943], [-112.27388302505717, 37.54407351461251], [-112.26956561421797, 37.54407603532649], [-112.26501887340325, 37.544078782478024], [-112.26047659261516, 37.544084371272156], [-112.25593430615794, 37.54408978529989], [-112.2559258829742, 37.5477232095526], [-112.25591746400201, 37.55135663163201], [-112.25136084968118, 37.55136445883983], [-112.25135910520092, 37.55497671887281], [-112.25135736701249, 37.55858906686034], [-112.24687072716665, 37.55857633377976], [-112.24686115182786, 37.56220669988641], [-112.24685169375182, 37.56583706262822], [-112.24230783958355, 37.565821248505586], [-112.24233226661777, 37.56945954573008], [-112.24235655073056, 37.57308197940086], [-112.23774167686834, 37.57307115652505], [-112.23775210734324, 37.57670437126612], [-112.23776254229621, 37.58033749368448], [-112.23318850740064, 37.58033751420979], [-112.23318615435905, 37.58395689010223], [-112.23318380747689, 37.58757635393974], [-112.22865007445517, 37.58758163904502], [-112.22865326683096, 37.59120663264485], [-112.22865657618443, 37.594831532765035], [-112.22409861390992, 37.594823018367975], [-112.21954064927199, 37.594814418001356], [-112.2195363524021, 37.598451205057415], [-112.21953206000666, 37.60208798992491], [-112.21498291145802, 37.602084623437364], [-112.21043364523838, 37.60208108270782], [-112.21042219061135, 37.60570144796431], [-112.21041062787187, 37.60932190233892], [-112.21040957468689, 37.61294044418765], [-112.2058691740141, 37.612937632587716], [-112.20130984813102, 37.61293465861991], [-112.20132879013634, 37.61657661180342], [-112.19677522076681, 37.616579173802165], [-112.19222153304585, 37.6165815611916], [-112.18766795932035, 37.6165841321394], [-112.18311438056526, 37.61658652733354], [-112.1830857873596, 37.62020183502732], [-112.18307285646955, 37.62266755758098], [-112.18393643209976, 37.6226894489907], [-112.18394031785938, 37.62634913148873], [-112.18394420881022, 37.63000881175313], [-112.18391594837708, 37.63367034470301], [-112.18388780330301, 37.6373318743265], [-112.18384608950848, 37.64094531862593], [-112.18380449255058, 37.6445589399007], [-112.17925657990754, 37.6445618620942], [-112.17470877699003, 37.64456469791454], [-112.17470008784552, 37.64819412236648], [-112.17469151447034, 37.65182345339632], [-112.17014711032999, 37.65182563180343], [-112.16560281605096, 37.651827724104294], [-112.16560186948477, 37.65547987287116], [-112.16157233175457, 37.65549438865344], [-112.15700569649212, 37.65551061160862], [-112.15242913505267, 37.65550097761437], [-112.14784950840694, 37.65549110566951], [-112.1478658059383, 37.659126596422844], [-112.14786983299695, 37.66281889592199], [-112.1433109259562, 37.66278485482386], [-112.13874895922054, 37.66275075708446], [-112.13874900027744, 37.66637468784598], [-112.13874905464097, 37.6666156938088], [-112.1433145815448, 37.666563411344875], [-112.14788010024033, 37.66651113245876], [-112.15245706551346, 37.666488397812664], [-112.15703402615371, 37.666465665797965], [-112.16160192248223, 37.6664363560713], [-112.16388335033554, 37.66642017258342], [-112.1638935014766, 37.66643854892666], [-112.16391913226438, 37.67107770375106], [-112.16394313414959, 37.67540141877864], [-112.16502395889896, 37.67539074613043], [-112.16562451762623, 37.675384811606655], [-112.18377252180507, 37.67542034591743], [-112.18840236210657, 37.67540965131573], [-112.18840870082317, 37.67725714235536], [-112.19304129928544, 37.67724885071975], [-112.19763790768538, 37.67723100862252], [-112.19766294423664, 37.68086889790981], [-112.20226644943932, 37.680843142789215], [-112.20683134020392, 37.680849148179284], [-112.2113962312721, 37.68085524716058], [-112.21136659484552, 37.677226786110346], [-112.21136645087097, 37.6772039849977], [-112.21367386937162, 37.67719810523669], [-112.21366030659323, 37.67360219472646], [-112.21591050615847, 37.67360587370466], [-112.21589756652588, 37.671756833535774], [-112.22047345306667, 37.671783111046], [-112.2204629524108, 37.66998596060516], [-112.22044198584244, 37.66635885085762], [-112.21932434010792, 37.66635544995565], [-112.21930778317406, 37.66270999570058], [-112.22043431161893, 37.662712223683776], [-112.22160214112826, 37.66271644659999], [-112.22158191011906, 37.65878405861057], [-112.2227501134036, 37.65880791484319], [-112.2227667209486, 37.655673416025074], [-112.22278647656756, 37.65564761456858], [-112.22279107594409, 37.65563774282045], [-112.22279091779741, 37.65562810065285], [-112.22278669106558, 37.65561922169759], [-112.22277886538654, 37.65561209250488], [-112.22276710663863, 37.65560707705398], [-112.22276735731745, 37.65543573914893], [-112.2227724648753, 37.654606679215945], [-112.22277582802687, 37.65397538042399], [-112.22277788256665, 37.65358915607691], [-112.22291711927687, 37.65359095717815], [-112.22315227846934, 37.65359392652129], [-112.2239457461369, 37.653604171932514], [-112.2239499637432, 37.651810108996635], [-112.22498768932148, 37.65182664532738], [-112.22485197920997, 37.6482230708097], [-112.22471617222789, 37.64461940481262], [-112.22916351942311, 37.64468472595794], [-112.22921021053097, 37.64558517026628], [-112.22935049638261, 37.64829199790263], [-112.22953738145414, 37.651899178140326], [-112.22744197067533, 37.65186575326635], [-112.22742695872786, 37.653666958106825], [-112.22625894918302, 37.65364314561889], [-112.22615076162455, 37.66636353758382], [-112.22621068201177, 37.67362233873976], [-112.22507367754156, 37.67362054634746], [-112.22048403926338, 37.67361306695461], [-112.2205050196624, 37.67724017225246], [-112.22052600845214, 37.6808673654388], [-112.22508870913731, 37.68088530442096], [-112.22965129671562, 37.68090324820389], [-112.23421624897838, 37.68090647990882], [-112.23878119819729, 37.680909624975286], [-112.23881856808772, 37.68449959150241], [-112.23885605831866, 37.6880894645103], [-112.23889645418342, 37.69171030902155], [-112.238936857405, 37.695331061160175], [-112.23895594541322, 37.69895185486755], [-112.23897492679048, 37.70257264755402], [-112.23892113646356, 37.706216915165506], [-112.23886734585781, 37.70986118064009], [-112.23623183368822, 37.70987938365114], [-112.23428398779652, 37.70987437728193], [-112.23164636840878, 37.70988195481434], [-112.22970074254019, 37.709887755000146], [-112.22705846391108, 37.70990185780628], [-112.22513793216267, 37.709909124030546], [-112.22247066693284, 37.709921671204945], [-112.22246888085988, 37.71354844933877], [-112.22246721144805, 37.71717513400069], [-112.2224655467509, 37.72080181647971], [-112.22246377331943, 37.72442849795235], [-112.22246576672796, 37.7253159679786], [-112.21790629038523, 37.725328827371], [-112.21790475076791, 37.72444495732218], [-112.21674766350071, 37.724449155913106], [-112.21675136061609, 37.71357740807351], [-112.21337064580509, 37.713594498140225], [-112.20880219099521, 37.71360438882095], [-112.20423373161042, 37.713614192569786], [-112.1996671478213, 37.71364200605889], [-112.1996702493113, 37.70999267507679], [-112.19773157680233, 37.7099941814411], [-112.19510476862472, 37.709997857038765], [-112.19315004405972, 37.709995935746235], [-112.19052546105259, 37.709996963150274], [-112.18857880675517, 37.70999605620352], [-112.18594626512338, 37.70999607044583], [-112.18400753344075, 37.70997977655783], [-112.18138144287724, 37.70999314332], [-112.1794320844735, 37.70998634414426], [-112.17681661771341, 37.70999012952575], [-112.17485672491453, 37.70999156152517], [-112.17224228869257, 37.70999604627387], [-112.17028739729942, 37.70999816370863], [-112.16766807051717, 37.710001964626876], [-112.16571804492754, 37.70999611687157], [-112.1631056492974, 37.710007949562254], [-112.16180547337778, 37.71001085566357], [-112.15854267144533, 37.7100293556163], [-112.15724238162899, 37.71003230262556], [-112.15595724756194, 37.71003959312304], [-112.15547740658464, 37.7100423142844], [-112.15397957432758, 37.710050676306736], [-112.15266531534654, 37.710052718136716], [-112.14932595167367, 37.71006531233214], [-112.14928241425206, 37.713731997080686], [-112.1492777786783, 37.71739036906053], [-112.1492731473145, 37.72104873881758], [-112.14926840670805, 37.72470710745786], [-112.15385366267432, 37.72468087942125], [-112.15843891356005, 37.724654653283835], [-112.1584648590544, 37.7210025681069], [-112.15849069464925, 37.717350571974194], [-112.1630590235367, 37.71733064434937], [-112.16761588495889, 37.71731047296359], [-112.16758985215166, 37.720964723290024], [-112.16756382293025, 37.724619061544004], [-112.16301282892316, 37.724636742532965], [-112.16068638715605, 37.72464588357285], [-112.16064096575666, 37.73034353376995], [-112.15844533962523, 37.73034800880315], [-112.15045889154635, 37.73035926485454], [-112.15044627978024, 37.73196439683795], [-112.14929549110909, 37.73196588952957], [-112.14930892940883, 37.73559532340181], [-112.14932248708864, 37.73922475394915], [-112.1493143868447, 37.742840423643635], [-112.14930629037026, 37.74645609117159], [-112.14929819766563, 37.750071756532925], [-112.149290108731, 37.75368741972756], [-112.14471506847605, 37.753690039387685], [-112.14014013820815, 37.7536925704344], [-112.13556520720853, 37.753695194204774], [-112.13099027409554, 37.75369782058445], [-112.12640726985767, 37.753677363703936], [-112.12182426635255, 37.753656908761045], [-112.11724126358722, 37.75363645575666], [-112.11265837641693, 37.75361609373585], [-112.10806783093565, 37.75363780557624], [-112.10347728099394, 37.753659518852174], [-112.09888661309984, 37.75368123462204], [-112.09429616775789, 37.75370294971091], [-112.09431595352265, 37.75734251977289], [-112.0943358604621, 37.760982176651204], [-112.09435566023444, 37.76462183233761], [-112.09437546501734, 37.76826139566188], [-112.09438382327973, 37.77191737634917], [-112.09439207327001, 37.775573355845026], [-112.09440032983917, 37.77922942321094], [-112.09440450335384, 37.781068090781204], [-112.09673355936768, 37.78105328311177], [-112.09671333223017, 37.77922332759644], [-112.0989929489015, 37.779217227593186], [-112.10358567555176, 37.77920485189602], [-112.10817828536419, 37.77919247847354], [-112.11047470223137, 37.7791862686191], [-112.11053199021873, 37.78284042350875], [-112.10820003344233, 37.782846879362545], [-112.10819897820767, 37.783810448736226], [-112.09440906409118, 37.783872387707795], [-112.09441018115142, 37.78653539439319], [-112.09441166299659, 37.790185389398246], [-112.09900498037999, 37.790159212765396], [-112.10359828874093, 37.79013276695626], [-112.10359606845604, 37.793762783140416], [-112.10359375232692, 37.797447145200486], [-112.10361837068167, 37.80106347654141], [-112.1036429958158, 37.804679805655326], [-112.10366762236481, 37.80829577208144], [-112.0990622772401, 37.808314138229896], [-112.09908186046817, 37.81193411752729], [-112.10369225703529, 37.811911826396006], [-112.10368593429173, 37.810983480073325], [-112.10829453499866, 37.810913618777455], [-112.10830253409893, 37.811889446010994], [-112.10829535199848, 37.81374190733315], [-112.10944306759932, 37.813761204870936], [-112.10947163125736, 37.815563398113106], [-112.11058324754596, 37.81555995172577], [-112.11060360259488, 37.817290029198695], [-112.11177159334046, 37.81730154177751], [-112.11177783322472, 37.81923994622759], [-112.11286578889971, 37.81923850384077], [-112.11740926316457, 37.819269390206884], [-112.11739702525185, 37.82190149890673], [-112.11284853230698, 37.821940599451274], [-112.10826325236945, 37.82198185327666], [-112.10827390266047, 37.819244669721655], [-112.10734500335397, 37.81924583613194], [-112.10720590958577, 37.815570388446595], [-112.10607702462893, 37.81557387499131], [-112.10603548161774, 37.813680502972105], [-112.09918250390326, 37.81371103789735], [-112.09915215950532, 37.81559508012438], [-112.09908592762156, 37.815595247547705], [-112.09448483187688, 37.815609161811686], [-112.09449809523134, 37.81926182386115], [-112.09451136565409, 37.822914573774646], [-112.0945246404841, 37.82656723132156], [-112.09455305026584, 37.830182523344604], [-112.0945814658288, 37.83379772301853], [-112.09460977487787, 37.837412921514634], [-112.09463820599554, 37.84102820683548], [-112.09460426631448, 37.84471391844254], [-112.09458139679712, 37.847203266013246], [-112.09919589406918, 37.84717127548019], [-112.09923012153436, 37.84477609503912], [-112.10385586638824, 37.84483809083404], [-112.10378499422471, 37.848485661883046], [-112.1037491800528, 37.8503451404806], [-112.1037136582141, 37.85213278446386], [-112.10363913593395, 37.855779844603575], [-112.09907085240044, 37.85577544024423], [-112.09912428562303, 37.85210911100165], [-112.09914359384946, 37.850783701059186], [-112.09454805215945, 37.850821463101276], [-112.09453639034577, 37.852085334972394], [-112.09450245405714, 37.85577103989501], [-112.09453901966836, 37.85926600920343], [-112.09457559278911, 37.86276097640532], [-112.0899664695654, 37.86277642896038], [-112.08535734133478, 37.8627917911983], [-112.08074820548936, 37.86280688288882], [-112.07613906339762, 37.86282179414604], [-112.07155126643119, 37.86282722779673], [-112.06696357816942, 37.86283248163333], [-112.06237577131807, 37.86283755772014], [-112.05778807196478, 37.86284236388515], [-112.05332768524737, 37.862830530634504], [-112.04875583221592, 37.862830697103696], [-112.04418306564875, 37.86283069408624], [-112.04416848253888, 37.86646989597959], [-112.04415390091735, 37.87010900555859], [-112.03959108845449, 37.87011324484503], [-112.03958526405917, 37.8719317948414], [-112.03957955537216, 37.873750433400005], [-112.04414621232578, 37.87374489737328], [-112.04871286571215, 37.873739274308015], [-112.05327930353646, 37.87373464762668], [-112.05768096363748, 37.873768006061965], [-112.05764720065932, 37.877410255566474], [-112.05761343990011, 37.88105259300564], [-112.05327454788613, 37.88099379797225], [-112.04870543645019, 37.8810018757494], [-112.04413382362625, 37.881010158823976], [-112.03956231932709, 37.88101826334837], [-112.0395680265941, 37.877387709870746], [-112.03500945646368, 37.87737794720562], [-112.03045088344865, 37.87736800797981], [-112.03043134062354, 37.880992556080066], [-112.03041143335305, 37.8846805547366], [-112.03498396943539, 37.8846646838718], [-112.0395565019543, 37.88464881563028], [-112.03958559986957, 37.88827121632959], [-112.04072881373347, 37.88826904526215], [-112.04187202727087, 37.88826686309138], [-112.04415845336378, 37.888262465440086], [-112.04873130288266, 37.88825362701395], [-112.05330403726343, 37.88824488229977], [-112.05333383102246, 37.89186843892923], [-112.05336359080127, 37.89548910961818], [-112.05339335126251, 37.89910932748478], [-112.05761394267078, 37.89920414396881], [-112.06217914581998, 37.899202238064504], [-112.06674434710787, 37.8992003353012], [-112.07130965894476, 37.89919834452854], [-112.07587485648452, 37.89919644804164], [-112.07595356458356, 37.90286027586836], [-112.07137117037713, 37.90285277988803], [-112.0714328033552, 37.90650703162384], [-112.07149398788877, 37.910161014799094], [-112.07611010348606, 37.910187662247466], [-112.07618793551578, 37.91385131091695], [-112.07155518150782, 37.91381490550208], [-112.06692243030359, 37.91377849785119], [-112.06228956816506, 37.91374208899222], [-112.05765670884578, 37.91370567789061], [-112.05351372308401, 37.91360665838891], [-112.04894003768804, 37.91361092256248], [-112.04891003324101, 37.909991794662346], [-112.05348357875451, 37.90998546130379], [-112.05764609406286, 37.91008025191202], [-112.0622619824961, 37.91010726456462], [-112.06223440379885, 37.90647243787807], [-112.0576353720936, 37.90645491485327], [-112.05345355016588, 37.90636390049239], [-112.04888003590118, 37.906372664517335], [-112.04430662884597, 37.90638115968509], [-112.04433667550164, 37.91000353642038], [-112.04436672798712, 37.913625820791296], [-112.0397935285772, 37.913640720529486], [-112.03984633341014, 37.91727028463854], [-112.03989914885807, 37.92089993655607], [-112.03995197238498, 37.92452949605121], [-112.04000480526149, 37.928159053239284], [-112.0399849577364, 37.931782040506086], [-112.04457620753948, 37.93176516409421], [-112.04459866883344, 37.928141793636534], [-112.04454075278558, 37.9245147183453], [-112.04912941338861, 37.924499762716295], [-112.05371115024714, 37.92448622225423], [-112.05377709416929, 37.92811006410692], [-112.05787810384695, 37.92809732956408], [-112.05788229453216, 37.92836595845431], [-112.0579577360635, 37.92836618143881], [-112.06245057453984, 37.92838139810554], [-112.06243086753663, 37.93198500419224], [-112.06241116149702, 37.93558851801536], [-112.06239145512318, 37.93919184946058], [-112.05787154589115, 37.93918381754786], [-112.0578181715288, 37.939183666553184], [-112.05781952331212, 37.93896041189688], [-112.05369811133181, 37.93897333062771], [-112.0491173033793, 37.938987408268964], [-112.04453123214226, 37.93900775320757], [-112.04450883309266, 37.94262706097281], [-112.04909223455547, 37.94260322450079], [-112.05367193111728, 37.94259122939167], [-112.05779680222265, 37.94278962502797], [-112.06237174971157, 37.94279508864253], [-112.06694681003354, 37.94280055352694], [-112.0715788550306, 37.94282740231011], [-112.07621090427124, 37.94285442911219], [-112.07621147937638, 37.94648289443996], [-112.0762119450349, 37.950111358604026], [-112.07621252884466, 37.95373981952227], [-112.07621300451252, 37.957368369390586], [-112.07621138510898, 37.961001262295056], [-112.07620976985466, 37.96463415299232], [-112.07621538670877, 37.968239667294824], [-112.07622081761815, 37.971816521234636], [-112.07163386048505, 37.971797746980045], [-112.06704690402316, 37.97177897401996], [-112.0624599482394, 37.971760202355284], [-112.05787299314069, 37.971741431986764], [-112.05787727416191, 37.97536336309716], [-112.05788167366059, 37.97898529097931], [-112.05788607780173, 37.98260721665694], [-112.05789037272793, 37.986229141154155], [-112.0578706794328, 37.989853532403735], [-112.05785110228413, 37.993477920453294], [-112.05783141354908, 37.997102307351255], [-112.05781172709105, 38.000726692073314], [-112.05780409410629, 38.00434952420798], [-112.05779635198523, 38.007972445291784], [-112.05778872721106, 38.01159536316201], [-112.05778099199523, 38.01521827986774], [-112.05777352025999, 38.01882758317327], [-112.05776605197184, 38.02243688430575], [-112.05775858713102, 38.02604618326507], [-112.05775112573775, 38.029655480051204], [-112.05774214533909, 38.033269835348946], [-112.05773316824941, 38.036884188469294], [-112.05772419446889, 38.04049853941206], [-112.05771522399768, 38.044112888177224], [-112.05771086682732, 38.04773079826494], [-112.0577065121311, 38.0513486160516], [-112.05770227517019, 38.05496643062451], [-112.05769772485903, 38.058649315671175], [-112.05851422730298, 38.058651338087955], [-112.06106172852577, 38.05867090658259], [-112.06105863524571, 38.06229276123364], [-112.06105566116587, 38.06591470277335], [-112.06105268971355, 38.06953655200546], [-112.06104960819808, 38.073158400071655], [-112.06104867573077, 38.076778784589195], [-112.0610477473905, 38.08039916691039], [-112.06106143851154, 38.084020947174025], [-112.06107513520594, 38.087642725216554], [-112.06107939852104, 38.09126629862815], [-112.06108366518075, 38.09488977971943], [-112.06108805052001, 38.09851325757271], [-112.06106788075915, 38.10213407105992], [-112.06109213594783, 38.105758626868926], [-112.06109183556941, 38.10938051832064], [-112.06109165343833, 38.11300240654246], [-112.06109136014794, 38.11662420348285], [-112.06108066890882, 38.12024456008233], [-112.06106997952837, 38.12386482438627], [-112.0610592933107, 38.12748508650632], [-112.06104872564313, 38.13110543552338], [-112.06103114012409, 38.134690066854205], [-112.06101367111388, 38.13827469502144], [-112.06099620452994, 38.14185932105557], [-112.06097873906698, 38.1454438548452], [-112.06097869468293, 38.14559048548821], [-112.06097743630063, 38.14576880445262], [-112.06111890968893, 38.14576901429435], [-112.06118285148152, 38.14939471743358], [-112.06118462351976, 38.14949338612323], [-112.0657587534377, 38.14950613101709], [-112.06591579508162, 38.149506418168045], [-112.0703341319871, 38.14951841594826], [-112.07064821375165, 38.14951888769064], [-112.07490935017945, 38.14944202332975], [-112.0752086184891, 38.14943630984863], [-112.07948446158825, 38.149359144853065], [-112.07976878313933, 38.14935373737888], [-112.08407446091958, 38.14940392518305], [-112.08438858943019, 38.14940760416114], [-112.08866470825156, 38.14945744589399], [-112.08900862902894, 38.14946146720109], [-112.09325562533346, 38.14947139720637], [-112.09361445009542, 38.14947229222965], [-112.09784660932888, 38.14948219431233], [-112.09822050039686, 38.149483204787636], [-112.10240776953452, 38.14949813870682], [-112.10281680885748, 38.14949898485879], [-112.10696903876241, 38.14951372461509], [-112.10741288938682, 38.14951476736971], [-112.11153059105031, 38.14951786529037], [-112.1119945081512, 38.14951761933331], [-112.11609200888016, 38.14952074853553], [-112.11657601011046, 38.149520383731705], [-112.12067358816519, 38.14958085050413], [-112.12133679325574, 38.14958966076002], [-112.12525515470149, 38.1496471724559], [-112.12609791876035, 38.14965847102836], [-112.12983775957628, 38.149676805954314], [-112.13067583290979, 38.149679915635545], [-112.13442046904967, 38.1496983287653], [-112.13525386913328, 38.14970181139354], [-112.13801858448214, 38.14971777195105], [-112.13983731997449, 38.14972690071582], [-112.141741650309, 38.149737077999745], [-112.14174170122854, 38.149673434848594], [-112.1422566900771, 38.14967689866567], [-112.146408952051, 38.149831915504826], [-112.146914696113, 38.1498352688781], [-112.15107645789577, 38.149990928964456], [-112.15157301032063, 38.149990296845225], [-112.15571441268334, 38.15011309738424], [-112.15623162328848, 38.15011251262941], [-112.16033404922814, 38.15011549095478]], [[-112.09462311289596, 37.873488254535616], [-112.09464242127859, 37.87113576339751], [-112.09914299448697, 37.8713398759757], [-112.10364665898453, 37.871543877426326], [-112.1060816164544, 37.87165414217983], [-112.10671577537643, 37.87368847236742], [-112.1063824628408, 37.87385158041936], [-112.1036635478379, 37.87518294907133], [-112.10366609466395, 37.8757422519098], [-112.1040025126994, 37.877340199077196], [-112.10420847880016, 37.878318215188145], [-112.10366918593343, 37.87828866395247], [-112.09912839691937, 37.87803967899955], [-112.09891696067527, 37.8780281339726], [-112.09788674207037, 37.87726662203799], [-112.09461721992454, 37.87484949520591], [-112.09462311289596, 37.873488254535616]], [[-112.17672806643381, 37.77904934391976], [-112.17670449925413, 37.78267667398414], [-112.18129849780286, 37.78255517369836], [-112.18128587366765, 37.784394532438036], [-112.18128507680265, 37.784508551714076], [-112.1858740413129, 37.78448480116267], [-112.18585860557867, 37.786197918818], [-112.18584145294996, 37.78810203326048], [-112.18583983152658, 37.78827770789707], [-112.17667766216141, 37.788460875616266], [-112.1766784867904, 37.78827655668569], [-112.17668735859155, 37.78637252476107], [-112.17435080025466, 37.786416928876704], [-112.17437468789751, 37.782738224802436], [-112.17211048235524, 37.78279808547193], [-112.17213202717149, 37.779165096975056], [-112.16987333045411, 37.77922188493501], [-112.16971430574993, 37.77922589730641], [-112.16975067636209, 37.775589334311874], [-112.16755549052216, 37.77564175134206], [-112.16756031459886, 37.77382598982487], [-112.16644607219477, 37.77382431796991], [-112.16645694125792, 37.77200849593603], [-112.1653142241625, 37.772006644443515], [-112.16532569366737, 37.770191086238555], [-112.16417165211132, 37.77018933547339], [-112.164180885718, 37.76837415926037], [-112.16305264519859, 37.768372412804524], [-112.16191598993518, 37.768369837239966], [-112.16190456384149, 37.76745100585382], [-112.16076168318672, 37.76744875082661], [-112.16075730560149, 37.76652957927663], [-112.159614437468, 37.7665272227719], [-112.15961055016645, 37.76629283825723], [-112.1584707349219, 37.76631856050719], [-112.15389333172043, 37.76639429827036], [-112.15388768071881, 37.7646789474193], [-112.14931210780924, 37.76466877684029], [-112.14930473108808, 37.76100829704599], [-112.1492973611594, 37.75734790512038], [-112.1492933893872, 37.75532294412728], [-112.15385720282455, 37.75527816608046], [-112.15386386964515, 37.757344378405115], [-112.15843048658806, 37.757340673601895], [-112.1605646750877, 37.75734175569736], [-112.16057307096122, 37.7610177252988], [-112.16301366890961, 37.76101961962539], [-112.16303308283521, 37.76469511677861], [-112.16531680295051, 37.764697970112245], [-112.16645860729693, 37.76469947085394], [-112.16647880330186, 37.76837738980283], [-112.16646792730916, 37.77019285246435], [-112.16757008048585, 37.770194554142655], [-112.16993459573166, 37.77014063694], [-112.1699262360185, 37.77105119092731], [-112.16997782847787, 37.77195466028736], [-112.17217020774684, 37.7719041194194], [-112.17215357172496, 37.775531926083495], [-112.17313141417839, 37.775508584669936], [-112.17315653570695, 37.77710530698087], [-112.17334001764192, 37.777104381155425], [-112.17674091256238, 37.7770877680131], [-112.17672806643381, 37.77904934391976]], [[-112.33830118783874, 37.68094656713394], [-112.33830106773742, 37.67731072861648], [-112.34286224772966, 37.67732070230569], [-112.34286169162469, 37.680956997423095], [-112.34742219621646, 37.68096752160486], [-112.34742155766294, 37.68458038067389], [-112.34286086103215, 37.684571482678386], [-112.33830027353467, 37.684562406944075], [-112.33830118783874, 37.68094656713394]], [[-112.34741795761545, 37.658223121162145], [-112.34825450460497, 37.65739033302125], [-112.34952709368339, 37.65917229700325], [-112.35124921476445, 37.661583416102154], [-112.35198536565977, 37.66227878725452], [-112.35253788992405, 37.66280060068068], [-112.35420473633415, 37.664374660695536], [-112.35420455588354, 37.666367566641], [-112.35198751507781, 37.66440974332712], [-112.35016198397233, 37.66279772203108], [-112.34987209859537, 37.66254165259591], [-112.3479250346113, 37.66236014327641], [-112.34828734454703, 37.65956951973015], [-112.34800724196745, 37.659170030299755], [-112.34741806607782, 37.65832947081524], [-112.3473740805839, 37.65826679368186], [-112.34741795761545, 37.658223121162145]], [[-112.23335585398272, 37.637573848563484], [-112.23347891959743, 37.633925932899075], [-112.23801421484671, 37.63396819397985], [-112.2379173283318, 37.63758897954471], [-112.23821705888771, 37.64120523994075], [-112.23563531241811, 37.64118201952684], [-112.2361553142075, 37.63995712413676], [-112.2334593017294, 37.63910757708988], [-112.23335585398272, 37.637573848563484]], [[-112.20779225783791, 37.63008460043223], [-112.20775804080822, 37.62644389645018], [-112.21232988056774, 37.62642710886022], [-112.2123427186244, 37.63007046314394], [-112.21572264785735, 37.63007768193937], [-112.21575764891895, 37.63366573503996], [-112.21477986521977, 37.63366778609137], [-112.20895134774123, 37.63367980123096], [-112.20893191133852, 37.63008094902153], [-112.20779225783791, 37.63008460043223]]], [[[-112.14707507310466, 37.56490575339319], [-112.15160395985937, 37.564893024326906], [-112.15613284330789, 37.56488030174773], [-112.16067337849846, 37.56487441113817], [-112.16483586411913, 37.56486964334031], [-112.16484218477055, 37.56584263363164], [-112.16941659530505, 37.56584905075391], [-112.17399100473949, 37.565855470809346], [-112.17856541306682, 37.56586189379729], [-112.18313993349025, 37.565868318582446], [-112.18773192021352, 37.56586952322247], [-112.19232401690654, 37.565870638179064], [-112.19691611321926, 37.56587184481871], [-112.20150809305625, 37.56587296406111], [-112.20604721210249, 37.56585416532368], [-112.21058632699743, 37.5658353722919], [-112.21053798052742, 37.562211360817265], [-112.2104896421058, 37.55858725694535], [-112.21044137295846, 37.554966845534224], [-112.21039311183677, 37.551346341730444], [-112.214940283463, 37.55135524537355], [-112.2194875659859, 37.5513640627816], [-112.21949850798154, 37.54772826089086], [-112.21950945380357, 37.54409245682426], [-112.22407010339522, 37.544087443183535], [-112.2286306328144, 37.54408216442481], [-112.23318561553555, 37.544077037763046], [-112.23774048101662, 37.54407182665928], [-112.23772324002482, 37.54044127786617], [-112.23770696805236, 37.53701334937938], [-112.23322780702837, 37.53701152743588], [-112.22867563002697, 37.53700968333345], [-112.22412347018324, 37.53700207536669], [-112.21957130786404, 37.53699438197402], [-112.21947067771633, 37.536993798964694], [-112.21502038229174, 37.53696531952566], [-112.21046945688035, 37.53693617170214], [-112.20591853310428, 37.5369070286202], [-112.20488932334527, 37.53690044765574], [-112.2024111756172, 37.54046565488533], [-112.20138326258362, 37.5419444408408], [-112.20036128513321, 37.543414685130905], [-112.19681782468417, 37.54223722461261], [-112.19310264678322, 37.54100262661676], [-112.19310206508014, 37.54139226866576], [-112.19225731344213, 37.54151265436053], [-112.18772305276634, 37.54215898641532], [-112.1876926038705, 37.54213757114009], [-112.18531723079558, 37.54046968213758], [-112.1831394004552, 37.5389402792188], [-112.18313607014406, 37.54047001716906], [-112.18312846997978, 37.54407866961116], [-112.1831208737562, 37.54768731990148], [-112.18311328147361, 37.55129596804002], [-112.17855580714819, 37.5512945934187], [-112.17399821651935, 37.55129313408236], [-112.1694407373954, 37.551291677892685], [-112.1648831448085, 37.55129031721419], [-112.16488339353172, 37.55036809372087], [-112.16070982865126, 37.55038017707367], [-112.15616089266481, 37.55039353609718], [-112.15161590684292, 37.550391629356305], [-112.14707092083293, 37.550389817976864], [-112.14707130032193, 37.55401876638541], [-112.14707168581167, 37.55764780271984], [-112.14707343299638, 37.56127673354478], [-112.14707507310466, 37.56490575339319]]], [[[-112.18452123228684, 37.536859087042096], [-112.18452440117872, 37.53686085877562], [-112.18748143234913, 37.53851525615434], [-112.18770190447155, 37.53852854118415], [-112.19226872341167, 37.538803291732364], [-112.19310597786317, 37.53885359986467], [-112.19683441163566, 37.53923191060656], [-112.19704947719679, 37.53925370526015], [-112.19998629097284, 37.538938720418415], [-112.20141175335661, 37.53780903466839], [-112.20257666710495, 37.53688570059831], [-112.20136761241602, 37.53687798039717], [-112.19680614058171, 37.53686851217664], [-112.19224455626089, 37.53685913918693], [-112.18768753332276, 37.53685909790406], [-112.18452123228684, 37.536859087042096]]]]}, "properties": {"objectid": 4544481, "owner": "Federal", "agency": "USFS", "admin": "USFS", "desig": "National Forest", "state_lgd": "National Forest", "ut_lgd": "US Forest Service (USFS)", "natl_lgd": "US Forest Service (USFS)", "edit_date": 1222840800000, "gis_acres": 319757.03125, "label_federal": "Dixie National Forest", "label_state": null, "county": "GARFIELD", "tribe": null, "globalid": "{3BCC9936-5A53-42DE-9E17-10286CE3B7CC}", "Shape__Area": 1294010740.3259153, "Shape__Length": 337824.9240870564}}, {"type": "Feature", "id": 4545355, "geometry": {"type": "Polygon", "coordinates": [[[-112.16571804492754, 37.70999611687157], [-112.16766807051717, 37.710001964626876], [-112.17028739729942, 37.70999816370863], [-112.17027628620029, 37.70636302266186], [-112.17483676507638, 37.70636336037415], [-112.17482449690137, 37.704127479343015], [-112.16995923200068, 37.704127100804726], [-112.16574724877712, 37.70412619245464], [-112.16571469133662, 37.704126153856855], [-112.16571591755208, 37.70636259750832], [-112.16571804492754, 37.70999611687157]]]}, "properties": {"objectid": 4545355, "owner": "Private", "agency": "Private", "admin": "Private", "desig": "N/A", "state_lgd": "Private", "ut_lgd": "Private", "natl_lgd": "Private", "edit_date": 1222840800000, "gis_acres": 89.39641571, "label_federal": null, "label_state": null, "county": "GARFIELD", "tribe": null, "globalid": "{0208F2EB-E209-44C9-BDAB-B22D50CD33C1}", "Shape__Area": 361774.46130013745, "Shape__Length": 2910.7678049723036}}, {"type": "Feature", "id": 4545356, "geometry": {"type": "Polygon", "coordinates": [[[-112.1996702493113, 37.70999267507679], [-112.20231326001209, 37.709987831187256], [-112.20423572748058, 37.70998749652416], [-112.20687162986938, 37.70998514660573], [-112.20880735751939, 37.70998406084263], [-112.21143020236877, 37.70998111194757], [-112.21337887179943, 37.7099806292563], [-112.21600269618082, 37.709961345414634], [-112.21599189279887, 37.706315135052336], [-112.22056483065504, 37.70630870774319], [-112.22055436446524, 37.70268944209463], [-112.22053994955861, 37.69904344704805], [-112.22052565439084, 37.695397448592374], [-112.22052576357173, 37.6917649082705], [-112.21595714323408, 37.69177263519923], [-112.2113886304977, 37.6917801839343], [-112.21138598623122, 37.69542374910035], [-112.20681156998396, 37.69543794228074], [-112.20682284962518, 37.699065321341934], [-112.20224866471257, 37.69907275722041], [-112.20223726348325, 37.695452137062674], [-112.20224458023307, 37.691796263853625], [-112.20681660827518, 37.69178831253941], [-112.20682153609285, 37.68813859163896], [-112.20225190113818, 37.68814038843427], [-112.20225922918515, 37.68449172107745], [-112.20226644943932, 37.680843142789215], [-112.19766294423664, 37.68086889790981], [-112.19305932194403, 37.680894744834774], [-112.19305692878764, 37.684533002125114], [-112.19305454018799, 37.688171257217924], [-112.19765322404228, 37.68815591249718], [-112.19764826960207, 37.69181077373511], [-112.19764343148509, 37.69546554149387], [-112.19304970929771, 37.69547894602508], [-112.18844690810052, 37.69549226303266], [-112.18384399277025, 37.69550576195656], [-112.18383083721075, 37.69185369439542], [-112.18844145478282, 37.6918394889905], [-112.18843611732932, 37.688186531347846], [-112.18842868421234, 37.68454404760429], [-112.18380043483062, 37.68455500153907], [-112.17926117512407, 37.68456389240708], [-112.17924341715019, 37.680921055466925], [-112.17470352917124, 37.68093374128027], [-112.17016363784886, 37.680946432544864], [-112.16562374318933, 37.68095912926101], [-112.16169117887036, 37.680968373553696], [-112.15711623241273, 37.680980817545176], [-112.15252628125843, 37.681005848734365], [-112.14793643715299, 37.68103079030649], [-112.14589317361616, 37.68104074889648], [-112.14335483214433, 37.68105349045356], [-112.13877333589772, 37.68107619175342], [-112.1387833363351, 37.684682350137734], [-112.13879334223338, 37.68828850633839], [-112.13880346760982, 37.691909530572524], [-112.13881348371345, 37.6955304635842], [-112.13424578015436, 37.69552699443167], [-112.12967796319253, 37.695523619733905], [-112.12514758693383, 37.695536024127776], [-112.12061720610946, 37.695548344570184], [-112.11608682344394, 37.695560761294054], [-112.1160675682763, 37.69920928752036], [-112.11153679906235, 37.69923370190247], [-112.10696005914787, 37.69924872990739], [-112.10238331429035, 37.69926367038022], [-112.09781790612963, 37.69927841771851], [-112.09325226363244, 37.69929290027245], [-112.09325485283676, 37.702921396661786], [-112.09783535552096, 37.70291488588112], [-112.10241585164727, 37.702908107021365], [-112.10696651000782, 37.70290125004273], [-112.10697814505392, 37.70653587372465], [-112.11150758241887, 37.7065366101021], [-112.11604493739559, 37.70650564237276], [-112.12056050498823, 37.70647461693519], [-112.1250738994769, 37.70642027606819], [-112.12961960657458, 37.70636527253913], [-112.13420526473597, 37.70639398002248], [-112.13421637265951, 37.702760951330276], [-112.13880146079947, 37.70277434524098], [-112.13880741426533, 37.69915245110678], [-112.13906910673818, 37.69915289743634], [-112.14231366946544, 37.699158910503], [-112.14338868571846, 37.699160837917184], [-112.14796995359744, 37.69916904667867], [-112.14794911214905, 37.69553731931927], [-112.15256828940946, 37.695510372177864], [-112.1571873479979, 37.6954834254498], [-112.15933427966351, 37.69547720627722], [-112.1593335875121, 37.69647430995846], [-112.15826218802364, 37.69647627761114], [-112.15826550128418, 37.69733075784912], [-112.15719434262418, 37.69733442596168], [-112.15257695048004, 37.69732990240633], [-112.15258556568985, 37.69914636815402], [-112.15335173319892, 37.699142571121406], [-112.15521605609155, 37.69913342220809], [-112.15585927407385, 37.69913027270091], [-112.15720117165698, 37.69912359907903], [-112.16046090077108, 37.69732332062354], [-112.16116759554156, 37.696933044554385], [-112.15948973612694, 37.695532278628434], [-112.15948875815225, 37.69547676879231], [-112.16177734881678, 37.69547001325727], [-112.16175481992151, 37.69185290816143], [-112.1617321689642, 37.68823481069624], [-112.16566549015533, 37.6882204176257], [-112.16568756662046, 37.69184032131695], [-112.16570484773355, 37.69465370638908], [-112.17081648060137, 37.69547298294826], [-112.17477687738716, 37.695482889964055], [-112.17478027781105, 37.69610807994262], [-112.17478341568348, 37.69666630674453], [-112.17479689802217, 37.69910902402722], [-112.17025433924934, 37.69910192449298], [-112.17026536230853, 37.70273220377697], [-112.17481681187547, 37.702735156995935], [-112.17937165967918, 37.70273790044236], [-112.18392650312258, 37.70274046789042], [-112.18396706995317, 37.70636007772776], [-112.18400753344075, 37.70997977655783], [-112.18594626512338, 37.70999607044583], [-112.18857880675517, 37.70999605620352], [-112.19052546105259, 37.709996963150274], [-112.19315004405972, 37.709995935746235], [-112.19510476862472, 37.709997857038765], [-112.19773157680233, 37.7099941814411], [-112.1996702493113, 37.70999267507679]], [[-112.19307813064718, 37.69960195527037], [-112.19307625146683, 37.699321944574976], [-112.19410517460688, 37.69947700434057], [-112.19423867815372, 37.69949791391586], [-112.19437174836413, 37.69952008953003], [-112.19450438958283, 37.69954380152642], [-112.19463671378426, 37.69956895864317], [-112.1947684927038, 37.699595473065806], [-112.19489983976108, 37.699623343646614], [-112.19503075785627, 37.69965275061484], [-112.19516101583058, 37.699683425929194], [-112.19529084340994, 37.69971554752009], [-112.19542012718853, 37.69974911653868], [-112.19554886572581, 37.699784042872764], [-112.19567694416753, 37.6998202375601], [-112.19580436541477, 37.6998578808307], [-112.1959311294741, 37.6998969726865], [-112.19605734686925, 37.69993733175109], [-112.19618279222742, 37.699979050441385], [-112.19630746410597, 37.70002203864574], [-112.19643147882047, 37.70006647544349], [-112.19655460665282, 37.70011218291073], [-112.1966770758838, 37.70015924886181], [-112.19679865824273, 37.70020758548726], [-112.19691946714799, 37.70025719163832], [-112.19703938919059, 37.70030806846876], [-112.19715842582434, 37.700360306095085], [-112.1972765756045, 37.70041381440593], [-112.19739383708577, 37.700468503290026], [-112.19751009975738, 37.70052455412961], [-112.19762536072373, 37.70058178669978], [-112.19766928006652, 37.70060423322353], [-112.19773973340246, 37.70064019985121], [-112.19785310583288, 37.70069988485256], [-112.19796536460417, 37.700760842859005], [-112.19807673364755, 37.700822891340934], [-112.19818687562325, 37.700886213986266], [-112.1982960144619, 37.7009506282653], [-112.19840403965279, 37.701016315561226], [-112.19851094829666, 37.70108309564932], [-112.19861662698034, 37.70115096968564], [-112.19872130398682, 37.70122002548096], [-112.19882475103664, 37.70129017523053], [-112.19892696813102, 37.7013614189375], [-112.1990279552711, 37.70143375660508], [-112.19912771245795, 37.70150718823629], [-112.19922612627684, 37.70158171498788], [-112.19932342210774, 37.70165724444195], [-112.19941937311957, 37.70173377890879], [-112.19951398076456, 37.70181140850545], [-112.19960724213806, 37.701889953007615], [-112.1996991601444, 37.70196959264595], [-112.19978973187828, 37.70205014719604], [-112.19987896024436, 37.70213179688851], [-112.20227206736925, 37.70434882349416], [-112.20227518265759, 37.70477338707435], [-112.20214159607046, 37.704649741063214], [-112.19961789708972, 37.7023117363614], [-112.19953039762713, 37.70223178132537], [-112.19944293320641, 37.70215398895091], [-112.19935412249347, 37.702077111490354], [-112.1992640803573, 37.70200123790085], [-112.1991726919298, 37.70192627921937], [-112.19908007207938, 37.70185232440312], [-112.19898610738983, 37.701779374602665], [-112.1988910246928, 37.70170742750815], [-112.19879471202323, 37.70163657438399], [-112.19869716647763, 37.70156663499957], [-112.19859850582478, 37.70149787854033], [-112.19849861374534, 37.701430125928766], [-112.19839760510476, 37.70136346612283], [-112.19829547845066, 37.70129780900589], [-112.198192236683, 37.701233334802744], [-112.19808787834909, 37.70116995339669], [-112.19798251831237, 37.701107753746314], [-112.19787604170507, 37.701046646887406], [-112.19776867535467, 37.7009866305126], [-112.19767095201215, 37.700933726368405], [-112.19766019532898, 37.70092788715149], [-112.1975507121399, 37.700870235421384], [-112.19744034064902, 37.70081376428147], [-112.19732896743852, 37.700758474881205], [-112.19721659395465, 37.70070445733167], [-112.1971034441236, 37.70065152909921], [-112.19698929401189, 37.700599872712374], [-112.19687437044385, 37.70054948586566], [-112.1967585585521, 37.70050027959422], [-112.19664185978151, 37.70045234400949], [-112.19652450095559, 37.70040567680689], [-112.19640625524164, 37.70036028028636], [-112.19628723604896, 37.700316153294565], [-112.19616755678648, 37.70027329467859], [-112.19604710403537, 37.7002317055871], [-112.19592599120432, 37.70019138486745], [-112.19580421973579, 37.70015242263157], [-112.19568167476297, 37.700114729913864], [-112.1955586979685, 37.70007839337575], [-112.1954349476586, 37.700043326351846], [-112.19531065210184, 37.70000961665422], [-112.19518581129208, 37.69997726428124], [-112.19506053863638, 37.69994626808171], [-112.19493460585522, 37.699916540239336], [-112.19480824266225, 37.699888258681405], [-112.19468133274466, 37.69986124432792], [-112.19455410581516, 37.69983567510702], [-112.19442633214832, 37.69981137308779], [-112.19429824145598, 37.69978851619885], [-112.19416971887212, 37.69976701547401], [-112.19404019732472, 37.69974687665497], [-112.19307813064718, 37.69960195527037]]]}, "properties": {"objectid": 4545356, "owner": "Private", "agency": "Private", "admin": "Private", "desig": "N/A", "state_lgd": "Private", "ut_lgd": "Private", "natl_lgd": "Private", "edit_date": 1222840800000, "gis_acres": 4263.304199220001, "label_federal": null, "label_state": null, "county": "GARFIELD", "tribe": null, "globalid": "{73199B2C-65B5-45BC-8B99-127243B679CF}", "Shape__Area": 17252980.633750644, "Shape__Length": 45071.72406853036}}, {"type": "Feature", "id": 4545357, "geometry": {"type": "Polygon", "coordinates": [[[-112.22970074254019, 37.709887755000146], [-112.23164636840878, 37.70988195481434], [-112.23428398779652, 37.70987437728193], [-112.23623183368822, 37.70987938365114], [-112.23886734585781, 37.70986118064009], [-112.23892113646356, 37.706216915165506], [-112.23431431750909, 37.7062383793498], [-112.23434464771249, 37.70260228915366], [-112.22971424647393, 37.702631750125505], [-112.22513430970523, 37.70266068504978], [-112.22513610802027, 37.70628427484282], [-112.22970749238141, 37.70625975365046], [-112.22970074254019, 37.709887755000146]]]}, "properties": {"objectid": 4545357, "owner": "Private", "agency": "Private", "admin": "Private", "desig": "N/A", "state_lgd": "Private", "ut_lgd": "Private", "natl_lgd": "Private", "edit_date": 1222840800000, "gis_acres": 161.48304749, "label_federal": null, "label_state": null, "county": "GARFIELD", "tribe": null, "globalid": "{DE6774C2-BFC5-4F5B-9882-ED59702AF9D3}", "Shape__Area": 653498.7079498294, "Shape__Length": 4041.8338092338126}}, {"type": "Feature", "id": 4545412, "geometry": {"type": "Polygon", "coordinates": [[[-112.34100648553935, 37.82887782713263], [-112.3410196679986, 37.83253749073173], [-112.34561486625711, 37.83258727321277], [-112.3502100701885, 37.83263714654925], [-112.35479220774714, 37.83266202605522], [-112.35920431619488, 37.83268499469053], [-112.35924414019388, 37.829040229797336], [-112.35928385049972, 37.82539537397332], [-112.35480249939882, 37.82535229248904], [-112.35021341468999, 37.82530793233652], [-112.3456034198128, 37.82526318151902], [-112.34099342505942, 37.82521825010344], [-112.34100648553935, 37.82887782713263]]]}, "properties": {"objectid": 4545412, "owner": "Private", "agency": "Private", "admin": "Private", "desig": "N/A", "state_lgd": "Private", "ut_lgd": "Private", "natl_lgd": "Private", "edit_date": 1222840800000, "gis_acres": 322.0670166, "label_federal": null, "label_state": null, "county": "GARFIELD", "tribe": null, "globalid": "{1DF391D2-DBD0-4E48-8C5D-1A035B9F0F45}", "Shape__Area": 1303358.9403500652, "Shape__Length": 4831.7607040564935}}, {"type": "Feature", "id": 4545490, "geometry": {"type": "Polygon", "coordinates": [[[-112.39449310455369, 37.978252576838116], [-112.39909577169898, 37.97818096848628], [-112.40369854151818, 37.978109358992455], [-112.40370554575327, 37.976253648347615], [-112.40370936599753, 37.97522890705606], [-112.40371273048662, 37.974323673834505], [-112.40530881562434, 37.97429451947069], [-112.40832730471207, 37.97423930711147], [-112.40834754704902, 37.97062171752263], [-112.40835880253702, 37.96698044103082], [-112.41297762446537, 37.966904496184284], [-112.4175819036992, 37.96691353095739], [-112.42218617659901, 37.96692229533325], [-112.4222039670379, 37.963306806910005], [-112.42222169957574, 37.95967040861544], [-112.42223943433099, 37.95603391806716], [-112.42225714091481, 37.95240166153233], [-112.42684557087566, 37.95241503836301], [-112.42685910827903, 37.948778775863445], [-112.42227485318324, 37.948769492952614], [-112.42012094348989, 37.94876162891776], [-112.4196350499977, 37.948759833273876], [-112.41764845465764, 37.9487526083439], [-112.41770940894081, 37.94512000557088], [-112.41777035943123, 37.9414872205015], [-112.42237849442228, 37.941501260546936], [-112.42243026642369, 37.93787047634523], [-112.42463379395564, 37.93787733926131], [-112.42511949623669, 37.937878846760306], [-112.42701871981313, 37.93788475451904], [-112.4270718679202, 37.93425440192013], [-112.4271084417186, 37.930620102608856], [-112.42714501414818, 37.92698562097366], [-112.42718434000784, 37.92334632731226], [-112.43177129197649, 37.923365041699356], [-112.43636085490016, 37.92333082320259], [-112.43639006060131, 37.91969156138021], [-112.43637639700185, 37.91605309114188], [-112.44096144537993, 37.91602091476376], [-112.44558086125092, 37.91598966953896], [-112.45020026555942, 37.915958152909056], [-112.45025859379945, 37.91232429782724], [-112.44560629228882, 37.91235468699008], [-112.44563177601079, 37.90873385106096], [-112.4409468475784, 37.90877716232301], [-112.44093949486336, 37.90516952311082], [-112.44565726298278, 37.90511301301498], [-112.45037513499877, 37.905056492696076], [-112.45036485102577, 37.90143275967853], [-112.45035446013397, 37.89780902587578], [-112.4503441897371, 37.89418528848522], [-112.4503339261243, 37.89056154890834], [-112.45035187439677, 37.887030737491386], [-112.45037004968245, 37.88336059016681], [-112.45037846102066, 37.879644597940306], [-112.45494294352955, 37.87960151342333], [-112.4595074167101, 37.879558342077196], [-112.45949603477352, 37.87584755291039], [-112.45494140117238, 37.87588798676367], [-112.45495567392909, 37.87220364276961], [-112.450396607408, 37.87223872649167], [-112.45040645767278, 37.868548936005624], [-112.4549698340508, 37.868519117767], [-112.45498414885263, 37.86481331947011], [-112.45041631471071, 37.86485923339697], [-112.45042617498854, 37.86116943846162], [-112.45045952708763, 37.857593448923396], [-112.44589372514577, 37.8576568229873], [-112.44592370807598, 37.85407149943556], [-112.45049288158877, 37.85401745733417], [-112.45052624025787, 37.850441553796394], [-112.44595369021854, 37.8504859936115], [-112.44598367333458, 37.8469003956175], [-112.45055959956395, 37.84686555810551], [-112.45059388519061, 37.84326710805398], [-112.45062805780125, 37.83966856722419], [-112.45066234639748, 37.8360700229191], [-112.45069652551938, 37.83247156804078], [-112.45070778235296, 37.830748701983616], [-112.45072800694926, 37.83074863307079], [-112.45110954428478, 37.83074717646033], [-112.45285634407439, 37.830740508106096], [-112.4528563933003, 37.8307256369788], [-112.45287210923048, 37.827077297910876], [-112.45287295693888, 37.826865585195996], [-112.45528360451377, 37.826872589620855], [-112.45530292032986, 37.82512564978119], [-112.45535220462176, 37.82152619138065], [-112.459914824677, 37.82146692380675], [-112.46449237021477, 37.82141026791092], [-112.46451455262944, 37.81897987779116], [-112.4679407050561, 37.818979670073624], [-112.4679453792165, 37.81782187391049], [-112.46794980918402, 37.81671482062367], [-112.46452365324939, 37.81671529815522], [-112.46452512786023, 37.81784778352452], [-112.46451899270414, 37.8178477696944], [-112.45996740931328, 37.81788472622884], [-112.4599447203877, 37.81429904366423], [-112.45539037262492, 37.814334774212654], [-112.45083590290596, 37.81437042019879], [-112.45083625029527, 37.81077218949363], [-112.45079941674986, 37.80715440703318], [-112.45076259079597, 37.80353653222829], [-112.44605158258008, 37.80355507964313], [-112.44134056939336, 37.80357361885035], [-112.43689857522176, 37.803530196908625], [-112.43245658259079, 37.8034866974122], [-112.42788445621933, 37.80345677479122], [-112.42330847023466, 37.80342690144849], [-112.4232926970334, 37.807084725943774], [-112.41872224843635, 37.80707696022331], [-112.41867834586544, 37.8107307966325], [-112.41407987299289, 37.81071886402716], [-112.41405300245899, 37.81435428869014], [-112.40953258587265, 37.81432493040043], [-112.40885587488793, 37.81432050002055], [-112.40886885393026, 37.81488380643507], [-112.40887810318962, 37.815400292405634], [-112.4088742414678, 37.815400338602], [-112.40888460350351, 37.815945470969545], [-112.40891402095332, 37.81594511905178], [-112.40951736765447, 37.81593817003462], [-112.40949843596472, 37.81795350121946], [-112.40497073760044, 37.81791720713634], [-112.40501216738011, 37.814295398504406], [-112.4050535969926, 37.81067349766822], [-112.40509568744687, 37.807002468647596], [-112.40055317305443, 37.80699429506116], [-112.40059278764596, 37.80333654158939], [-112.4007676699661, 37.79972034748225], [-112.40094058651022, 37.79614500133059], [-112.40111487311252, 37.79252853952402], [-112.4012890330275, 37.78891198688329], [-112.39682968431033, 37.78903993262833], [-112.39232451262409, 37.789117420382546], [-112.39227333809713, 37.78531310334606], [-112.39222217323912, 37.781508693688195], [-112.39217203181248, 37.7778006139507], [-112.39663796433122, 37.77753893499827], [-112.39657412173133, 37.77370529352483], [-112.3965329339234, 37.77016996782986], [-112.39649186714387, 37.76663454852847], [-112.39202157872, 37.76678036676899], [-112.39201039863237, 37.763174110698635], [-112.38749449049273, 37.763304252100305], [-112.38743772460725, 37.75968248618035], [-112.38758028013294, 37.75603520873645], [-112.38300619111624, 37.75614540126936], [-112.38313616550079, 37.75249358656408], [-112.38326545192542, 37.74886007337853], [-112.38339461608668, 37.74522646934495], [-112.38340476482794, 37.74157704615849], [-112.38341480302095, 37.7379275320167], [-112.3797057460352, 37.73796740654234], [-112.37976534363408, 37.73275307383411], [-112.37979420890325, 37.73246793619872], [-112.37987168522108, 37.73205668322455], [-112.38022153575041, 37.73161024594218], [-112.38072563701549, 37.73090928599382], [-112.38104270408057, 37.730677821534776], [-112.38104233218279, 37.72887394358694], [-112.38221904689681, 37.728849064351344], [-112.38221124336984, 37.727061946666915], [-112.38221144745333, 37.72702409112325], [-112.38349012413792, 37.7270226082194], [-112.38354536304823, 37.723356152020294], [-112.38360003268369, 37.71972007304559], [-112.3881880421623, 37.719691635761045], [-112.3882469786471, 37.71605910914398], [-112.39048359546835, 37.716045995905034], [-112.39052649224776, 37.7125201858779], [-112.39057021420193, 37.70892920251937], [-112.39515087020844, 37.70886507620665], [-112.3951818282245, 37.70530082928547], [-112.39521267524333, 37.70173658166129], [-112.39980049977994, 37.701842262430404], [-112.39979259443486, 37.698261529699515], [-112.39978469359998, 37.694680704731375], [-112.40436064602818, 37.69478716362213], [-112.40434653091852, 37.69113476191942], [-112.40433242117682, 37.68748226788088], [-112.39978722258581, 37.687389138326644], [-112.39524203321724, 37.68729601351465], [-112.39522538810758, 37.69093499675267], [-112.39520886037113, 37.694573976494304], [-112.3906234167789, 37.69457758930948], [-112.39063676164294, 37.6981759290289], [-112.38606263762229, 37.69819644686887], [-112.38608731766334, 37.701811957873055], [-112.38603837413692, 37.70540255611344], [-112.38598954472488, 37.70899315096538], [-112.3814012627523, 37.709057010590364], [-112.38135056075117, 37.71266862470144], [-112.38130258285935, 37.7160969772094], [-112.37906252783641, 37.716108514374], [-112.37901212756833, 37.71974833046119], [-112.3789881554485, 37.72147841213281], [-112.37743920049262, 37.72227674973072], [-112.3768767872446, 37.72337520520212], [-112.37436913680537, 37.723359497842736], [-112.37432889662115, 37.726996307030724], [-112.37428865468232, 37.730632933883044], [-112.37425799899133, 37.734296935444256], [-112.36967432181687, 37.7342713419176], [-112.36963203375544, 37.737944399650466], [-112.36959015504664, 37.74159032241571], [-112.36496480388051, 37.74156953980083], [-112.36033944807795, 37.741548485464655], [-112.35587269670162, 37.74154903803087], [-112.35585763340163, 37.74519609259424], [-112.35126486528215, 37.74520702468153], [-112.34670227300799, 37.745129649539194], [-112.34213979999137, 37.745052186356304], [-112.34200719476092, 37.74843110234913], [-112.3419984082351, 37.748686170611435], [-112.34186596671617, 37.7520620184024], [-112.34185712313031, 37.75232024159175], [-112.34646093953663, 37.752355691490614], [-112.35106475486931, 37.75239096141344], [-112.35571023334815, 37.752426383174324], [-112.36025569474239, 37.7524608835782], [-112.36480831286617, 37.75249557626891], [-112.36936081467638, 37.75253000417398], [-112.36926564220236, 37.75623448895029], [-112.36917046426996, 37.759938881459696], [-112.37374251641197, 37.75992541271186], [-112.37377707790915, 37.76354898138559], [-112.37837740721828, 37.7635669960298], [-112.37844015130817, 37.76722222446167], [-112.3784482999787, 37.77094496288042], [-112.3830293542191, 37.7708240435223], [-112.38306299317837, 37.77457369643694], [-112.38766951886281, 37.774479784283294], [-112.38770606421487, 37.778062214297705], [-112.38309100319223, 37.77817921186348], [-112.37847592367817, 37.77829611900088], [-112.3738356554079, 37.77828615172422], [-112.37384455912279, 37.781846470097015], [-112.36919372286441, 37.781768219572875], [-112.369195384405, 37.77827609173278], [-112.36446510549378, 37.77811367717537], [-112.3645107934588, 37.774539651929246], [-112.35982433748799, 37.77429533777575], [-112.3597347279519, 37.77795107356764], [-112.35964511509694, 37.78160680725181], [-112.35953848512106, 37.785238851807215], [-112.36436520881007, 37.78536636626522], [-112.3691919446748, 37.78549377271245], [-112.37385347230172, 37.78552349920982], [-112.37851499962332, 37.78555313125342], [-112.37853449195049, 37.7891816347201], [-112.37841357568466, 37.79280790373599], [-112.37829276831594, 37.796434259463126], [-112.37808471358109, 37.80006010169878], [-112.37788345503313, 37.803557343175044], [-112.3824258757321, 37.80346166855119], [-112.38696839618676, 37.80336599782139], [-112.3915054581387, 37.80335547497614], [-112.39147880119747, 37.80701334622071], [-112.39145225915537, 37.81067112385406], [-112.39142578500086, 37.81427788769349], [-112.3959387621991, 37.81426819428191], [-112.3959041823574, 37.817909298955804], [-112.39590628519659, 37.82151932420722], [-112.39138724773437, 37.82153233594614], [-112.38686820495839, 37.821545264383154], [-112.38684162607854, 37.82523052287421], [-112.39137507254068, 37.8251800216297], [-112.39136302493249, 37.82879796243514], [-112.39135098167195, 37.83241590110009], [-112.39591274166366, 37.83234938567579], [-112.39591062164695, 37.828739366894055], [-112.39590850735478, 37.82512934595568], [-112.400445206509, 37.825143617239476], [-112.4004490744187, 37.82875055124144], [-112.40045283292211, 37.83235739433396], [-112.40039107355561, 37.83602071167182], [-112.4003291984567, 37.839683938128644], [-112.39798015126429, 37.8396877876115], [-112.39802718117403, 37.836020591986426], [-112.39583931181838, 37.83602041123615], [-112.39587672129663, 37.83415240047498], [-112.39342934521667, 37.8341813866604], [-112.39346448248641, 37.836055117748586], [-112.39128153269253, 37.83608705876693], [-112.39121196720265, 37.83975812553912], [-112.38872124592666, 37.839794647243615], [-112.38872387589387, 37.84042576057463], [-112.38875206292194, 37.847133777509185], [-112.38652674217889, 37.847166312851684], [-112.38648780349773, 37.85080384566078], [-112.38644886655366, 37.854441376345136], [-112.38533087601604, 37.85445507744121], [-112.38536594594143, 37.85632871705473], [-112.38642874395538, 37.856316206128355], [-112.38996738214475, 37.856274391089975], [-112.38997338323354, 37.85519579896111], [-112.38997785065554, 37.854398683995406], [-112.39099583428253, 37.85438612036631], [-112.39359830122798, 37.8543544426962], [-112.39326511849882, 37.84739012802754], [-112.39324962352718, 37.84706802543015], [-112.39561889749388, 37.847033386389704], [-112.40020544017084, 37.847010024241904], [-112.40016866570527, 37.85066032835462], [-112.40013189327128, 37.8543106303267], [-112.40009511775449, 37.85796065984543], [-112.40005845621391, 37.861610595767964], [-112.39546657244243, 37.86162780396136], [-112.39544738948581, 37.865270050590006], [-112.3908931189944, 37.86531682790342], [-112.38633883725505, 37.865363429108164], [-112.38178454767306, 37.86541003441256], [-112.3817458569904, 37.8690601714163], [-112.3817072800591, 37.872710214840055], [-112.38166858954521, 37.87636016735225], [-112.37709489031164, 37.87641466495717], [-112.37702546025204, 37.88005623310806], [-112.37695602721286, 37.883697709052925], [-112.3769007569585, 37.887330365268724], [-112.3768481741907, 37.89082644973235], [-112.38144912768277, 37.89080732425634], [-112.38141263166335, 37.894446605852046], [-112.38137613759879, 37.8980858853161], [-112.38133897582597, 37.90173192981114], [-112.38130169886615, 37.90537779329363], [-112.38128859755449, 37.90902679559921], [-112.37665164589396, 37.90904904831274], [-112.37663658357206, 37.91269645042931], [-112.37662134823235, 37.916346556159596], [-112.38126252403124, 37.91631884413789], [-112.38127549884241, 37.91267570562216], [-112.38591452125702, 37.91265486672408], [-112.39054977887169, 37.91263370910519], [-112.39054281776392, 37.91626983454889], [-112.3951821656686, 37.91624862453309], [-112.39517930681833, 37.9198847878628], [-112.39979535213598, 37.91981680615164], [-112.39971724603112, 37.92345638438303], [-112.39510233429797, 37.92351813278706], [-112.39502535808263, 37.9271513855238], [-112.39494826781808, 37.93078472762841], [-112.39487128760769, 37.93441797619672], [-112.39483295832356, 37.93805527058444], [-112.39019936415586, 37.938086232804416], [-112.3902375041543, 37.93445092313623], [-112.38560371258636, 37.934483777721915], [-112.38096991461462, 37.93451663005698], [-112.37633611024707, 37.934549480141385], [-112.3717459973224, 37.93460083458225], [-112.37169414024463, 37.938232880371295], [-112.37164228187439, 37.941864833948486], [-112.36706023473528, 37.94192186301101], [-112.36701200511796, 37.94558369298563], [-112.36696377460186, 37.94924543070843], [-112.36242939712139, 37.94932047448356], [-112.36240072482607, 37.9529563882793], [-112.36237216730133, 37.95659220851087], [-112.3578074964082, 37.95665418008368], [-112.35338139288842, 37.956613622220104], [-112.35329078570129, 37.96027277635048], [-112.35776343939858, 37.96031342949913], [-112.35771926971881, 37.9639726780772], [-112.35320028882498, 37.963931927054155], [-112.3486357633935, 37.96389044301985], [-112.3440832339332, 37.963807458215676], [-112.3440944892903, 37.96745300341433], [-112.34410563735709, 37.97109854768901], [-112.34869438262433, 37.97116380922609], [-112.35327584432379, 37.97122888526281], [-112.35764208334973, 37.97129076970931], [-112.36222582947148, 37.9712201053969], [-112.36218207294341, 37.97487069101285], [-112.36213798989581, 37.9785528213679], [-112.3575685712805, 37.97861016222236], [-112.35754319649112, 37.98225088816714], [-112.35751793683617, 37.98589152054016], [-112.35750344465048, 37.989516885835805], [-112.35748895811115, 37.99314233908296], [-112.362112291637, 37.993082027026944], [-112.36673573091981, 37.99302180229803], [-112.37132028070869, 37.992965183814086], [-112.37130322596992, 37.996599403524606], [-112.37128617336344, 38.00023353097478], [-112.37129587350343, 38.00388509847172], [-112.37130569403033, 38.00753666241312], [-112.36667722184866, 38.00765066492958], [-112.3620554646462, 38.007691408098516], [-112.35743370013671, 38.00773214986796], [-112.3574332606909, 38.01135229336074], [-112.35743282493638, 38.01497234457918], [-112.3574526503822, 38.01860973364925], [-112.35747248157415, 38.022247030382914], [-112.3574334012633, 38.025914295019746], [-112.36200488249877, 38.02582816504335], [-112.36657646152257, 38.02574185614702], [-112.36649922492981, 38.02936062551611], [-112.37105141885297, 38.02924985303414], [-112.37114779993541, 38.02565555251063], [-112.37124417528925, 38.02206115984575], [-112.36665358204147, 38.022123086026724], [-112.36665957330386, 38.01848981985238], [-112.36666545388415, 38.01485646272303], [-112.37131466051441, 38.014797731022696], [-112.37483977122014, 38.01112381479754], [-112.37486144541795, 38.01110112084501], [-112.37594922778973, 38.011080825424635], [-112.3759341479721, 38.0074225680411], [-112.38051868880001, 38.00744579330434], [-112.38510322869588, 38.00746892982456], [-112.38510766437065, 38.003824504145854], [-112.3851119913208, 38.000180077618616], [-112.38972515757064, 38.00018710886644], [-112.38972681441197, 37.996563892144366], [-112.38972835936939, 37.99294049439379], [-112.38974888117941, 37.98926640156429], [-112.38976928938966, 37.98559212767768], [-112.38978974216661, 37.98193812873873], [-112.39445383300743, 37.981916893853175], [-112.39449310455369, 37.978252576838116]], [[-112.39449310455369, 37.978252576838116], [-112.39438324544076, 37.97825324855912], [-112.38981019854302, 37.978284127626814], [-112.38984116745189, 37.97452933287591], [-112.38516217845739, 37.97456308374576], [-112.38519574404212, 37.970933616686885], [-112.3898712408508, 37.97089594207965], [-112.3945466132722, 37.97085808301837], [-112.39452026189548, 37.974495484662185], [-112.39449310455369, 37.978252576838116]], [[-112.44403692959116, 37.82245118895638], [-112.44385119041787, 37.82268562725022], [-112.44376924065857, 37.822596507398366], [-112.44380999326057, 37.82250137697243], [-112.44392352642895, 37.82247961683096], [-112.44403692959116, 37.82245118895638]], [[-112.4318637063958, 37.83014569380341], [-112.43187488239936, 37.83074740982213], [-112.43021628592227, 37.830767566081725], [-112.43020807702241, 37.83016581376197], [-112.4318637063958, 37.83014569380341]], [[-112.44368228443429, 37.82450136459359], [-112.4433376454282, 37.82450558911595], [-112.4433241329656, 37.82433686132413], [-112.44427033628507, 37.82431850130347], [-112.44427337208417, 37.823996268829475], [-112.44394014450634, 37.82399125256444], [-112.44379528755627, 37.82426565538581], [-112.4427532485329, 37.82426950406737], [-112.442772036775, 37.823974025830104], [-112.44290241396787, 37.82397693467071], [-112.44292425279339, 37.82276458177204], [-112.44428597371625, 37.8227658239887], [-112.44428942664499, 37.8224008672746], [-112.44455031370833, 37.82230303661627], [-112.44454159593745, 37.82276503194184], [-112.44458589411383, 37.82276439843004], [-112.4446527286962, 37.82276583168057], [-112.44464527144594, 37.82263974877629], [-112.4446093835681, 37.82252978642773], [-112.44461106216698, 37.82243522516883], [-112.44473568437644, 37.82234122856585], [-112.44488894927758, 37.822224529517996], [-112.44499674283931, 37.822054133234445], [-112.44538027960029, 37.822058438999285], [-112.44533527594247, 37.82335678491147], [-112.44539700451719, 37.823387661002805], [-112.44556757758907, 37.823342758154276], [-112.44570995645304, 37.82347169092568], [-112.44532575779441, 37.82363187170788], [-112.44531250980212, 37.824012810473754], [-112.44451693033743, 37.82400004085921], [-112.44451065120015, 37.82431321053606], [-112.44527374350614, 37.824297088404684], [-112.44528968578898, 37.824479485044975], [-112.44529159147794, 37.82505481662023], [-112.44498688984078, 37.82506207068968], [-112.44442268699673, 37.82508719750171], [-112.44367579823073, 37.82511897745632], [-112.44368228443429, 37.82450136459359]]]}, "properties": {"objectid": 4545490, "owner": "Private", "agency": "Private", "admin": "Private", "desig": "N/A", "state_lgd": "Private", "ut_lgd": "Private", "natl_lgd": "Private", "edit_date": 1222840800000, "gis_acres": 31256.2578125, "label_federal": null, "label_state": null, "county": "GARFIELD", "tribe": null, "globalid": "{6A6C7B58-30E2-484E-A3F2-02AD41551AEC}", "Shape__Area": 126489589.17880441, "Shape__Length": 155765.1004052965}}, {"type": "Feature", "id": 4548151, "geometry": {"type": "Polygon", "coordinates": [[[-112.1996702493113, 37.70999267507679], [-112.1996671478213, 37.71364200605889], [-112.20423373161042, 37.713614192569786], [-112.20880219099521, 37.71360438882095], [-112.21337064580509, 37.713594498140225], [-112.21675136061609, 37.71357740807351], [-112.21674766350071, 37.724449155913106], [-112.21790475076791, 37.72444495732218], [-112.21790629038523, 37.725328827371], [-112.22246576672796, 37.7253159679786], [-112.22246377331943, 37.72442849795235], [-112.2224655467509, 37.72080181647971], [-112.22246721144805, 37.71717513400069], [-112.22246888085988, 37.71354844933877], [-112.21791970896113, 37.71357147197345], [-112.21792477210151, 37.7099511477447], [-112.21600269618082, 37.709961345414634], [-112.21337887179943, 37.7099806292563], [-112.21143020236877, 37.70998111194757], [-112.20880735751939, 37.70998406084263], [-112.20687162986938, 37.70998514660573], [-112.20423572748058, 37.70998749652416], [-112.20231326001209, 37.709987831187256], [-112.1996702493113, 37.70999267507679]]]}, "properties": {"objectid": 4548151, "owner": "Private", "agency": "Private", "admin": "Private", "desig": "N/A", "state_lgd": "Private", "ut_lgd": "Private", "natl_lgd": "Private", "edit_date": 1222840800000, "gis_acres": 319.94689941, "label_federal": "Dixie National Forest (Private Inholding)", "label_state": null, "county": "GARFIELD", "tribe": null, "globalid": "{A134EDAB-879F-4F9C-A3D7-D90E3B034B2E}", "Shape__Area": 1294779.1866503074, "Shape__Length": 7436.928048553278}}, {"type": "Feature", "id": 4548159, "geometry": {"type": "Polygon", "coordinates": [[[-112.15961055016645, 37.76629283825723], [-112.159614437468, 37.7665272227719], [-112.16075730560149, 37.76652957927663], [-112.16076168318672, 37.76744875082661], [-112.16190456384149, 37.76745100585382], [-112.16191598993518, 37.768369837239966], [-112.16305264519859, 37.768372412804524], [-112.164180885718, 37.76837415926037], [-112.16417165211132, 37.77018933547339], [-112.16532569366737, 37.770191086238555], [-112.1653142241625, 37.772006644443515], [-112.16645694125792, 37.77200849593603], [-112.16644607219477, 37.77382431796991], [-112.16756031459886, 37.77382598982487], [-112.16755549052216, 37.77564175134206], [-112.16975067636209, 37.775589334311874], [-112.16971430574993, 37.77922589730641], [-112.16987333045411, 37.77922188493501], [-112.17213202717149, 37.779165096975056], [-112.17448231922083, 37.77910591063601], [-112.17672806643381, 37.77904934391976], [-112.17674091256238, 37.7770877680131], [-112.17334001764192, 37.777104381155425], [-112.17315653570695, 37.77710530698087], [-112.17313141417839, 37.775508584669936], [-112.17215357172496, 37.775531926083495], [-112.17217020774684, 37.7719041194194], [-112.16997782847787, 37.77195466028736], [-112.1699262360185, 37.77105119092731], [-112.16993459573166, 37.77014063694], [-112.16757008048585, 37.770194554142655], [-112.16646792730916, 37.77019285246435], [-112.16647880330186, 37.76837738980283], [-112.16645860729693, 37.76469947085394], [-112.16531680295051, 37.764697970112245], [-112.16303308283521, 37.76469511677861], [-112.16303798287827, 37.76561689688604], [-112.15961000313814, 37.76561075534365], [-112.15961055016645, 37.76629283825723]]]}, "properties": {"objectid": 4548159, "owner": "Private", "agency": "Private", "admin": "Private", "desig": "N/A", "state_lgd": "Private", "ut_lgd": "Private", "natl_lgd": "Private", "edit_date": 1222840800000, "gis_acres": 168.42597961, "label_federal": "Dixie National Forest (Private Inholding)", "label_state": null, "county": "GARFIELD", "tribe": null, "globalid": "{ECE9E3BF-A65F-420D-9085-DF93E797234A}", "Shape__Area": 681595.7540498195, "Shape__Length": 6242.61554006665}}, {"type": "Feature", "id": 4549280, "geometry": {"type": "Polygon", "coordinates": [[[-112.39587672129663, 37.83415240047498], [-112.39583931181838, 37.83602041123615], [-112.39802718117403, 37.836020591986426], [-112.39800594024084, 37.83415471928985], [-112.39587672129663, 37.83415240047498]]]}, "properties": {"objectid": 4549280, "owner": "Private", "agency": "Private", "admin": "Private", "desig": "N/A", "state_lgd": "Private", "ut_lgd": "Private", "natl_lgd": "Private", "edit_date": 1280124000000, "gis_acres": 9.72547436, "label_federal": null, "label_state": null, "county": "GARFIELD", "tribe": null, "globalid": "{3624F46D-06FB-48FD-8669-0AAFA383BDC4}", "Shape__Area": 39357.596799971834, "Shape__Length": 794.3289781674512}}, {"type": "Feature", "id": 4549404, "geometry": {"type": "Polygon", "coordinates": [[[-112.38575923992684, 37.8178834646424], [-112.38461028884846, 37.817907072231165], [-112.3845972362238, 37.819719913842626], [-112.38688167825318, 37.81967293591957], [-112.38688813116799, 37.818779268841894], [-112.38689478859341, 37.81786009379937], [-112.38575923992684, 37.8178834646424]]]}, "properties": {"objectid": 4549404, "owner": "Private", "agency": "Private", "admin": "Private", "desig": "N/A", "state_lgd": "Private", "ut_lgd": "Private", "natl_lgd": "Private", "edit_date": 1320735600000, "gis_acres": 9.99512672, "label_federal": null, "label_state": null, "county": "GARFIELD", "tribe": null, "globalid": "{3B73B3B1-A74D-444B-B234-C10201FF3D21}", "Shape__Area": 40448.84124999065, "Shape__Length": 804.6797229621496}}, {"type": "Feature", "id": 4549511, "geometry": {"type": "Polygon", "coordinates": [[[-112.22513430970523, 37.70266068504978], [-112.22971424647393, 37.702631750125505], [-112.23434464771249, 37.70260228915366], [-112.23431431750909, 37.7062383793498], [-112.23892113646356, 37.706216915165506], [-112.23897492679048, 37.70257264755402], [-112.23895594541322, 37.69895185486755], [-112.238936857405, 37.695331061160175], [-112.23433230718538, 37.69534609832434], [-112.22972786648619, 37.69536113471607], [-112.22970859763036, 37.691736190176975], [-112.22968945043401, 37.68811133234979], [-112.2342727575328, 37.68810048750827], [-112.23424444277481, 37.68450348540362], [-112.23881856808772, 37.68449959150241], [-112.23878119819729, 37.680909624975286], [-112.23421624897838, 37.68090647990882], [-112.22965129671562, 37.68090324820389], [-112.22508870913731, 37.68088530442096], [-112.22052600845214, 37.6808673654388], [-112.22052599803295, 37.68449991116351], [-112.220525877627, 37.688132365756395], [-112.22052576357173, 37.6917649082705], [-112.22052565439084, 37.695397448592374], [-112.22053994955861, 37.69904344704805], [-112.22055436446524, 37.70268944209463], [-112.22513430970523, 37.70266068504978]]]}, "properties": {"objectid": 4549511, "owner": "Private", "agency": "Private", "admin": "Private", "desig": "N/A", "state_lgd": "Private", "ut_lgd": "Private", "natl_lgd": "Private", "edit_date": 1376546400000, "gis_acres": 804.73370361, "label_federal": null, "label_state": null, "county": "GARFIELD", "tribe": null, "globalid": "{C2621DE8-E894-4D89-AE16-54D699BF84F2}", "Shape__Area": 3256641.66724968, "Shape__Length": 10486.242099371784}}, {"type": "Feature", "id": 4549672, "geometry": {"type": "Polygon", "coordinates": [[[-112.17028739729942, 37.70999816370863], [-112.17224228869257, 37.70999604627387], [-112.17485672491453, 37.70999156152517], [-112.17483676507638, 37.70636336037415], [-112.17027628620029, 37.70636302266186], [-112.17028739729942, 37.70999816370863]]]}, "properties": {"objectid": 4549672, "owner": "Private", "agency": "Private", "admin": "Private", "desig": "N/A", "state_lgd": "Private", "ut_lgd": "Private", "natl_lgd": "Private", "edit_date": 1435644000000, "gis_acres": 40.07595825, "label_federal": null, "label_state": null, "county": "GARFIELD", "tribe": null, "globalid": "{A48949BD-24CD-43E1-9BBA-23C951305EB4}", "Shape__Area": 162181.6441501214, "Shape__Length": 1610.7989342880603}}, {"type": "Feature", "id": 4549857, "geometry": {"type": "Polygon", "coordinates": [[[-112.37788345503313, 37.803557343175044], [-112.37329568004681, 37.80354774430203], [-112.36870790240296, 37.803538056787595], [-112.364120123783, 37.80352837073839], [-112.3595323458461, 37.803518776261846], [-112.35949004919965, 37.807165567285466], [-112.35944786579863, 37.810812264756954], [-112.3594055718018, 37.81445905151103], [-112.35936327912617, 37.818105836130236], [-112.36396708049891, 37.818091271281766], [-112.36857076427398, 37.818076708003375], [-112.37317455761645, 37.81806214365938], [-112.37777823334694, 37.81804758089371], [-112.37780450642255, 37.81442504750955], [-112.37783078073912, 37.810802421894955], [-112.37785717321538, 37.80717988293293], [-112.37788345503313, 37.803557343175044]]]}, "properties": {"objectid": 4549857, "owner": "Private", "agency": "Private", "admin": "Private", "desig": "N/A", "state_lgd": "Private", "ut_lgd": "Private", "natl_lgd": "Private", "edit_date": 1501048800000, "gis_acres": 645.1940917999999, "label_federal": null, "label_state": null, "county": "GARFIELD", "tribe": null, "globalid": "{7A56834A-DEB1-456F-947D-0D02D3715644}", "Shape__Area": 2611007.8566487776, "Shape__Length": 6463.587972649748}}, {"type": "Feature", "id": 4551842, "geometry": {"type": "Polygon", "coordinates": [[[-112.21792477210151, 37.7099511477447], [-112.2205753012348, 37.70992788108342], [-112.22056483065504, 37.70630870774319], [-112.21599189279887, 37.706315135052336], [-112.21600269618082, 37.709961345414634], [-112.21792477210151, 37.7099511477447]]]}, "properties": {"objectid": 4551842, "owner": "State", "agency": "SITLA", "admin": "SITLA", "desig": "State Trust Land", "state_lgd": "State Trust Lands", "ut_lgd": "State", "natl_lgd": "State", "edit_date": 1222840800000, "gis_acres": 40.175048829999994, "label_federal": null, "label_state": "Utah State Trust Lands", "county": "GARFIELD", "tribe": null, "globalid": "{F0BFB88B-D45F-4A04-8E74-37906E6C6095}", "Shape__Area": 162582.64944960788, "Shape__Length": 1612.445262466204}}, {"type": "Feature", "id": 4551844, "geometry": {"type": "Polygon", "coordinates": [[[-112.39048359546835, 37.716045995905034], [-112.39282206600923, 37.71603145651694], [-112.39507410647444, 37.71601816402539], [-112.3951125450371, 37.71244166552305], [-112.39515087020844, 37.70886507620665], [-112.39057021420193, 37.70892920251937], [-112.39052649224776, 37.7125201858779], [-112.39048359546835, 37.716045995905034]]]}, "properties": {"objectid": 4551844, "owner": "State", "agency": "SITLA", "admin": "SITLA", "desig": "State Trust Land", "state_lgd": "State Trust Lands", "ut_lgd": "State", "natl_lgd": "State", "edit_date": 1222840800000, "gis_acres": 79.07745360999999, "label_federal": null, "label_state": "Utah State Trust Lands", "county": "GARFIELD", "tribe": null, "globalid": "{85193CF7-DC06-4CD3-A496-B0E73B1DC74F}", "Shape__Area": 320015.0929501887, "Shape__Length": 2392.117181350028}}, {"type": "Feature", "id": 4551855, "geometry": {"type": "Polygon", "coordinates": [[[-112.38608731766334, 37.701811957873055], [-112.38152451527559, 37.701849652842036], [-112.37696182117823, 37.70188744027448], [-112.37688739431626, 37.705504021993264], [-112.37681285392817, 37.709120693079356], [-112.37676181734987, 37.71273852960574], [-112.37671327799944, 37.71609280424701], [-112.37444958715861, 37.71607785222462], [-112.37211974125691, 37.716062274870744], [-112.36983675978689, 37.716047098239876], [-112.36752628968073, 37.71603012334837], [-112.3652386286375, 37.716013379733404], [-112.36293269836953, 37.71599644241588], [-112.36061785514278, 37.71599461403098], [-112.36060088798189, 37.71962593208304], [-112.36056116633318, 37.723272291478445], [-112.36050262755481, 37.726925805718544], [-112.36044408688186, 37.73057922772726], [-112.36508034882397, 37.730588710926405], [-112.36971649785106, 37.73059828334047], [-112.37428865468232, 37.730632933883044], [-112.37432889662115, 37.726996307030724], [-112.37436913680537, 37.723359497842736], [-112.3768767872446, 37.72337520520212], [-112.37743920049262, 37.72227674973072], [-112.3789881554485, 37.72147841213281], [-112.37901212756833, 37.71974833046119], [-112.37906252783641, 37.716108514374], [-112.38130258285935, 37.7160969772094], [-112.38135056075117, 37.71266862470144], [-112.3814012627523, 37.709057010590364], [-112.38598954472488, 37.70899315096538], [-112.38603837413692, 37.70540255611344], [-112.38608731766334, 37.701811957873055]]]}, "properties": {"objectid": 4551855, "owner": "State", "agency": "SITLA", "admin": "SITLA", "desig": "State Trust Land", "state_lgd": "State Trust Lands", "ut_lgd": "State", "natl_lgd": "State", "edit_date": 1222840800000, "gis_acres": 798.45446777, "label_federal": null, "label_state": "Utah State Trust Lands", "county": "GARFIELD", "tribe": null, "globalid": "{82BC8A6F-C97D-435D-B30E-664D39E5478E}", "Shape__Area": 3231230.703250273, "Shape__Length": 10737.278572968693}}, {"type": "Feature", "id": 4551891, "geometry": {"type": "Polygon", "coordinates": [[[-112.41511408062017, 37.763395312755925], [-112.41504566959097, 37.76703171413771], [-112.41493743927933, 37.770663905100726], [-112.4148292023169, 37.77429600389598], [-112.4193912824354, 37.77431016642866], [-112.42395347561195, 37.7743243310773], [-112.42859661651619, 37.774473787300714], [-112.43323988896918, 37.7746233290506], [-112.43315546889077, 37.770979955545485], [-112.43307106286801, 37.76733657962371], [-112.43319726832611, 37.7636523364919], [-112.43332346715566, 37.759968091242804], [-112.42883792053223, 37.75995614690663], [-112.42435237159391, 37.75994412185847], [-112.41976742565795, 37.75985146975118], [-112.4151823754115, 37.75975882054604], [-112.41511408062017, 37.763395312755925]]]}, "properties": {"objectid": 4551891, "owner": "State", "agency": "SITLA", "admin": "SITLA", "desig": "State Trust Land", "state_lgd": "State Trust Lands", "ut_lgd": "State", "natl_lgd": "State", "edit_date": 1222840800000, "gis_acres": 635.36560059, "label_federal": null, "label_state": "Utah State Trust Lands", "county": "GARFIELD", "tribe": null, "globalid": "{84D10C64-3F1B-4A80-BE67-52B09386AFD5}", "Shape__Area": 2571233.4252994885, "Shape__Length": 6461.048531227546}}, {"type": "Feature", "id": 4555332, "geometry": {"type": "Polygon", "coordinates": [[[-112.21792477210151, 37.7099511477447], [-112.21791970896113, 37.71357147197345], [-112.22246888085988, 37.71354844933877], [-112.22247066693284, 37.709921671204945], [-112.2205753012348, 37.70992788108342], [-112.21792477210151, 37.7099511477447]]]}, "properties": {"objectid": 4555332, "owner": "State", "agency": "SITLA", "admin": "SITLA", "desig": "State Trust Land", "state_lgd": "State Trust Lands", "ut_lgd": "State", "natl_lgd": "State", "edit_date": 1222840800000, "gis_acres": 39.862606050000004, "label_federal": "Dixie National Forest (State Inholding)", "label_state": "Utah State Trust Lands", "county": "GARFIELD", "tribe": null, "globalid": "{2FF584A6-DE13-4AA4-A20A-3B8DDE670323}", "Shape__Area": 161318.2483499295, "Shape__Length": 1605.9323663847458}}, {"type": "Feature", "id": 4555505, "geometry": {"type": "Polygon", "coordinates": [[[-112.15724238162899, 37.71003230262556], [-112.15854267144533, 37.7100293556163], [-112.16180547337778, 37.71001085566357], [-112.1631056492974, 37.710007949562254], [-112.16571804492754, 37.70999611687157], [-112.16571591755208, 37.70636259750832], [-112.16571469133662, 37.704126153856855], [-112.16571390847128, 37.702729074821754], [-112.1657117753181, 37.69909455979073], [-112.16177854604719, 37.699108056048274], [-112.15786289242118, 37.699121338581634], [-112.15780901903946, 37.69915647113934], [-112.15775849021946, 37.699196264056], [-112.15771170789452, 37.69924040079739], [-112.15766904419638, 37.699288530276185], [-112.157630838495, 37.69934026964466], [-112.15759739469904, 37.69939520734009], [-112.1575689788384, 37.69945290635856], [-112.15754581694812, 37.69951290773109], [-112.15720706266079, 37.70061157001405], [-112.15721488790061, 37.7027637715906], [-112.15722859043596, 37.706395379824905], [-112.15724238162899, 37.71003230262556]]]}, "properties": {"objectid": 4555505, "owner": "State", "agency": "SITLA", "admin": "SITLA", "desig": "State Trust Land", "state_lgd": "State Trust Lands", "ut_lgd": "State", "natl_lgd": "State", "edit_date": 1342677600000, "gis_acres": 222.99801635999998, "label_federal": null, "label_state": "Utah State Trust Lands", "county": "GARFIELD", "tribe": null, "globalid": "{F9527CDC-B88D-4025-BC3D-0FDD642968F2}", "Shape__Area": 902437.8245092438, "Shape__Length": 3872.2858923601225}}, {"type": "Feature", "id": 4555511, "geometry": {"type": "Polygon", "coordinates": [[[-112.17485672491453, 37.70999156152517], [-112.17681661771341, 37.70999012952575], [-112.1794320844735, 37.70998634414426], [-112.18138144287724, 37.70999314332], [-112.18400753344075, 37.70997977655783], [-112.18396706995317, 37.70636007772776], [-112.18392650312258, 37.70274046789042], [-112.17937165967918, 37.70273790044236], [-112.17481681187547, 37.702735156995935], [-112.17026536230853, 37.70273220377697], [-112.17025433924934, 37.69910192449298], [-112.17479689802217, 37.69910902402722], [-112.17478341568348, 37.69666630674453], [-112.16726306847953, 37.69546405178811], [-112.16670851117783, 37.69546269074992], [-112.16655493586974, 37.6963459415286], [-112.16653719233561, 37.696405262585934], [-112.16651348779006, 37.69646246324472], [-112.16648406973732, 37.69651694626061], [-112.16644924533762, 37.696568142764704], [-112.16640937819999, 37.69661551820331], [-112.16636488458578, 37.696658577919294], [-112.16631622906236, 37.69669687231691], [-112.16626391965255, 37.696730001556126], [-112.1662085025301, 37.69675761972743], [-112.1661505563171, 37.696779438463565], [-112.16609068604244, 37.69679522995042], [-112.16571109220928, 37.69689965754682], [-112.16177813492482, 37.69799154304323], [-112.16177169717965, 37.69799331892764], [-112.1581191040214, 37.699010126678765], [-112.15805225253868, 37.69903104076082], [-112.15798705012551, 37.6990566369497], [-112.15792382424186, 37.69908678669606], [-112.15786289242118, 37.699121338581634], [-112.16177854604719, 37.699108056048274], [-112.1657117753181, 37.69909455979073], [-112.16571390847128, 37.702729074821754], [-112.16571469133662, 37.704126153856855], [-112.16574724877712, 37.70412619245464], [-112.16995923200068, 37.704127100804726], [-112.17482449690137, 37.704127479343015], [-112.17483676507638, 37.70636336037415], [-112.17485672491453, 37.70999156152517]]]}, "properties": {"objectid": 4555511, "owner": "State", "agency": "SITLA", "admin": "SITLA", "desig": "State Trust Land", "state_lgd": "State Trust Lands", "ut_lgd": "State", "natl_lgd": "State", "edit_date": 1342764000000, "gis_acres": 317.98410034, "label_federal": null, "label_state": "Utah State Trust Lands", "county": "GARFIELD", "tribe": null, "globalid": "{29A9CB25-BFDA-431B-96D1-8CCD24A8F5C7}", "Shape__Area": 1286839.1385332532, "Shape__Length": 8255.354194739584}}, {"type": "Feature", "id": 4555582, "geometry": {"type": "Polygon", "coordinates": [[[-112.22247066693284, 37.709921671204945], [-112.22513793216267, 37.709909124030546], [-112.22705846391108, 37.70990185780628], [-112.22970074254019, 37.709887755000146], [-112.22970749238141, 37.70625975365046], [-112.22513610802027, 37.70628427484282], [-112.22513430970523, 37.70266068504978], [-112.22055436446524, 37.70268944209463], [-112.22056483065504, 37.70630870774319], [-112.2205753012348, 37.70992788108342], [-112.22247066693284, 37.709921671204945]]]}, "properties": {"objectid": 4555582, "owner": "State", "agency": "SITLA", "admin": "SITLA", "desig": "State Trust Land", "state_lgd": "State Trust Lands", "ut_lgd": "State", "natl_lgd": "State", "edit_date": 1376546400000, "gis_acres": 120.09308624, "label_federal": null, "label_state": "Utah State Trust Lands", "county": "GARFIELD", "tribe": null, "globalid": "{EE442676-60A0-4662-9F4A-07ADBB6F677D}", "Shape__Area": 485999.49040035246, "Shape__Length": 3219.128316587753}}, {"type": "Feature", "id": 4556861, "geometry": {"type": "Polygon", "coordinates": [[[-112.19307813064718, 37.69960195527037], [-112.19404019732472, 37.69974687665497], [-112.19416971887212, 37.69976701547401], [-112.19429824145598, 37.69978851619885], [-112.19442633214832, 37.69981137308779], [-112.19455410581516, 37.69983567510702], [-112.19468133274466, 37.69986124432792], [-112.19480824266225, 37.699888258681405], [-112.19493460585522, 37.699916540239336], [-112.19506053863638, 37.69994626808171], [-112.19518581129208, 37.69997726428124], [-112.19531065210184, 37.70000961665422], [-112.1954349476586, 37.700043326351846], [-112.1955586979685, 37.70007839337575], [-112.19568167476297, 37.700114729913864], [-112.19580421973579, 37.70015242263157], [-112.19592599120432, 37.70019138486745], [-112.19604710403537, 37.7002317055871], [-112.19616755678648, 37.70027329467859], [-112.19628723604896, 37.700316153294565], [-112.19640625524164, 37.70036028028636], [-112.19652450095559, 37.70040567680689], [-112.19664185978151, 37.70045234400949], [-112.1967585585521, 37.70050027959422], [-112.19687437044385, 37.70054948586566], [-112.19698929401189, 37.700599872712374], [-112.1971034441236, 37.70065152909921], [-112.19721659395465, 37.70070445733167], [-112.19732896743852, 37.700758474881205], [-112.19744034064902, 37.70081376428147], [-112.1975507121399, 37.700870235421384], [-112.19766019532898, 37.70092788715149], [-112.19767095201215, 37.700933726368405], [-112.19776867535467, 37.7009866305126], [-112.19787604170507, 37.701046646887406], [-112.19798251831237, 37.701107753746314], [-112.19808787834909, 37.70116995339669], [-112.198192236683, 37.701233334802744], [-112.19829547845066, 37.70129780900589], [-112.19839760510476, 37.70136346612283], [-112.19849861374534, 37.701430125928766], [-112.19859850582478, 37.70149787854033], [-112.19869716647763, 37.70156663499957], [-112.19879471202323, 37.70163657438399], [-112.1988910246928, 37.70170742750815], [-112.19898610738983, 37.701779374602665], [-112.19908007207938, 37.70185232440312], [-112.1991726919298, 37.70192627921937], [-112.1992640803573, 37.70200123790085], [-112.19935412249347, 37.702077111490354], [-112.19944293320641, 37.70215398895091], [-112.19953039762713, 37.70223178132537], [-112.19961789708972, 37.7023117363614], [-112.20214159607046, 37.704649741063214], [-112.20227518265759, 37.70477338707435], [-112.20227206736925, 37.70434882349416], [-112.19987896024436, 37.70213179688851], [-112.19978973187828, 37.70205014719604], [-112.1996991601444, 37.70196959264595], [-112.19960724213806, 37.701889953007615], [-112.19951398076456, 37.70181140850545], [-112.19941937311957, 37.70173377890879], [-112.19932342210774, 37.70165724444195], [-112.19922612627684, 37.70158171498788], [-112.19912771245795, 37.70150718823629], [-112.1990279552711, 37.70143375660508], [-112.19892696813102, 37.7013614189375], [-112.19882475103664, 37.70129017523053], [-112.19872130398682, 37.70122002548096], [-112.19861662698034, 37.70115096968564], [-112.19851094829666, 37.70108309564932], [-112.19840403965279, 37.701016315561226], [-112.1982960144619, 37.7009506282653], [-112.19818687562325, 37.700886213986266], [-112.19807673364755, 37.700822891340934], [-112.19796536460417, 37.700760842859005], [-112.19785310583288, 37.70069988485256], [-112.19773973340246, 37.70064019985121], [-112.19766928006652, 37.70060423322353], [-112.19762536072373, 37.70058178669978], [-112.19751009975738, 37.70052455412961], [-112.19739383708577, 37.700468503290026], [-112.1972765756045, 37.70041381440593], [-112.19715842582434, 37.700360306095085], [-112.19703938919059, 37.70030806846876], [-112.19691946714799, 37.70025719163832], [-112.19679865824273, 37.70020758548726], [-112.1966770758838, 37.70015924886181], [-112.19655460665282, 37.70011218291073], [-112.19643147882047, 37.70006647544349], [-112.19630746410597, 37.70002203864574], [-112.19618279222742, 37.699979050441385], [-112.19605734686925, 37.69993733175109], [-112.1959311294741, 37.6998969726865], [-112.19580436541477, 37.6998578808307], [-112.19567694416753, 37.6998202375601], [-112.19554886572581, 37.699784042872764], [-112.19542012718853, 37.69974911653868], [-112.19529084340994, 37.69971554752009], [-112.19516101583058, 37.699683425929194], [-112.19503075785627, 37.69965275061484], [-112.19489983976108, 37.699623343646614], [-112.1947684927038, 37.699595473065806], [-112.19463671378426, 37.69956895864317], [-112.19450438958283, 37.69954380152642], [-112.19437174836413, 37.69952008953003], [-112.19423867815372, 37.69949791391586], [-112.19410517460688, 37.69947700434057], [-112.19307625146683, 37.699321944574976], [-112.19307813064718, 37.69960195527037]]]}, "properties": {"objectid": 4556861, "owner": "State", "agency": "UDOT", "admin": "UDOT", "desig": "N/A", "state_lgd": "Other State", "ut_lgd": "State", "natl_lgd": "State", "edit_date": 1382594400000, "gis_acres": 7.685840130000001, "label_federal": null, "label_state": null, "county": "GARFIELD", "tribe": null, "globalid": "{FB90D342-E736-4CDC-BD68-1786C2571F78}", "Shape__Area": 31103.490800047333, "Shape__Length": 2119.3284317245616}}]}