{
  "type": "FeatureCollection",
  "features": [
    {
      "type": "Feature",
      "id": 897311,
      "geometry": {
        "type": "Polygon",
        "coordinates": [
          [
            [
              -112.04365533299891,
              37.09496959406478
            ],
            [
              -112.04372633301193,
              37.09495959405886
            ],
            [
              -112.04403633311614,
              37.09537859409054
            ],
            [
              -112.04440533322526,
              37.09573159411019
            ],
            [
              -112.04471633332955,
              37.09614959414164
            ],
            [
              -112.04488433340744,
              37.096586594184885
            ],
            [
              -112.04512333349851,
              37.097014594222316
            ],
            [
              -112.04536233358957,
              37.097442594259775
            ],
            [
              -112.04553033366756,
              37.09788059430308
            ],
            [
              -112.04569833374552,
              37.09831759434631
            ],
            [
              -112.04600833384957,
              37.09873559437783
            ],
            [
              -112.04637833395894,
              37.099088594397394
            ],
            [
              -112.0468183340812,
              37.09943259441123
            ],
            [
              -112.04731733420846,
              37.09971059441296
            ],
            [
              -112.04795933436203,
              37.09996959440304
            ],
            [
              -112.04845833448924,
              37.1002475944048
            ],
            [
              -112.04896933462459,
              37.10058159441273
            ],
            [
              -112.04946933475198,
              37.10085959441441
            ],
            [
              -112.0499683348792,
              37.10113759441623
            ],
            [
              -112.0504673350064,
              37.10141559441798
            ],
            [
              -112.05096733513388,
              37.10169359441964
            ],
            [
              -112.05152533526596,
              37.10190559440941
            ],
            [
              -112.05208333539825,
              37.102118594399194
            ],
            [
              -112.0526423355307,
              37.102331594389
            ],
            [
              -112.05320033566288,
              37.10254359437869
            ],
            [
              -112.05369933579009,
              37.10282159438049
            ],
            [
              -112.05414033591259,
              37.10316559439421
            ],
            [
              -112.0545093360216,
              37.103517594413695
            ],
            [
              -112.05500933614911,
              37.103796594415485
            ],
            [
              -112.05550833627632,
              37.10407459441722
            ],
            [
              -112.05594833639853,
              37.104417594430885
            ],
            [
              -112.05644833652593,
              37.10469559443261
            ],
            [
              -112.05705333665502,
              37.10478659440421
            ],
            [
              -112.05763433676802,
              37.104766594363625
            ],
            [
              -112.0582153368809,
              37.104745594322914
            ],
            [
              -112.05879633699385,
              37.10472559428233
            ],
            [
              -112.05937733710684,
              37.10470559424173
            ],
            [
              -112.05992333723087,
              37.10486159422527
            ],
            [
              -112.06029233734004,
              37.10521459424486
            ],
            [
              -112.06053133743109,
              37.10564259428225
            ],
            [
              -112.06070033750933,
              37.10608059432546
            ],
            [
              -112.06101033761347,
              37.10649859435697
            ],
            [
              -112.06132033771753,
              37.106916594388444
            ],
            [
              -112.06169033782692,
              37.10726959440795
            ],
            [
              -112.06221033789917,
              37.106969594336675
            ],
            [
              -112.06264733795028,
              37.10662359426507
            ],
            [
              -112.06317933803066,
              37.106379594199964
            ],
            [
              -112.06372433811933,
              37.106191594140874
            ],
            [
              -112.06426933820798,
              37.106003594081834
            ],
            [
              -112.06469333825093,
              37.1056025940043
            ],
            [
              -112.06511833829396,
              37.10520059392659
            ],
            [
              -112.06568933843442,
              37.10546859392235
            ],
            [
              -112.06628233855547,
              37.10550459388794
            ],
            [
              -112.06692233867334,
              37.105418593835296
            ],
            [
              -112.06749133877813,
              37.10534159378846
            ],
            [
              -112.06802333885855,
              37.10509859372342
            ],
            [
              -112.06837733888845,
              37.104705593651445
            ],
            [
              -112.06864733889701,
              37.10426659357934
            ],
            [
              -112.06900133892702,
              37.10387459350749
            ],
            [
              -112.06943833897813,
              37.10352859343595
            ],
            [
              -112.06988733903735,
              37.10323859337054
            ],
            [
              -112.070432339126,
              37.10305059331152
            ],
            [
              -112.07096433920637,
              37.10280659324637
            ],
            [
              -112.07152133930313,
              37.10267459319346
            ],
            [
              -112.07205333938344,
              37.10243059312832
            ],
            [
              -112.07240733941335,
              37.10203759305641
            ],
            [
              -112.07231033934858,
              37.10159159300748
            ],
            [
              -112.07221333928365,
              37.101144592958406
            ],
            [
              -112.07225833924493,
              37.100678592897665
            ],
            [
              -112.07245733924047,
              37.10024959283144
            ],
            [
              -112.07279933926226,
              37.09980059275335
            ],
            [
              -112.07291533923672,
              37.09932559268685
            ],
            [
              -112.0731143392322,
              37.09889659262062
            ],
            [
              -112.07261533910504,
              37.098618592618884
            ],
            [
              -112.07206933898097,
              37.09846159263521
            ],
            [
              -112.0715693388536,
              37.09818359263355
            ],
            [
              -112.07140133877567,
              37.09774659259036
            ],
            [
              -112.0718503388349,
              37.097456592524956
            ],
            [
              -112.07229933889404,
              37.09716559245943
            ],
            [
              -112.07265333892406,
              37.09677359238764
            ],
            [
              -112.07300733895399,
              37.096380592315754
            ],
            [
              -112.07320633894949,
              37.09595159224945
            ],
            [
              -112.07332233892397,
              37.095476592182976
            ],
            [
              -112.07343833889828,
              37.095000592116335
            ],
            [
              -112.07348433885977,
              37.09453459205558
            ],
            [
              -112.07338633879469,
              37.09408759200659
            ],
            [
              -112.07301733868572,
              37.093735591987105
            ],
            [
              -112.07277833859467,
              37.0933075919497
            ],
            [
              -112.07227833846734,
              37.09302959194802
            ],
            [
              -112.07211033838948,
              37.09259259190482
            ],
            [
              -112.07215533835077,
              37.09212659184412
            ],
            [
              -112.07205833828588,
              37.09167959179505
            ],
            [
              -112.07189033820794,
              37.091241591751704
            ],
            [
              -112.071297338087,
              37.09120659178626
            ],
            [
              -112.07072833798212,
              37.09128259183296
            ],
            [
              -112.0701353378612,
              37.091247591867514
            ],
            [
              -112.06953033773206,
              37.091155591895706
            ],
            [
              -112.06897433763558,
              37.09128859194866
            ],
            [
              -112.0686203376056,
              37.0916805920205
            ],
            [
              -112.06850433763125,
              37.09215659208713
            ],
            [
              -112.06838833765677,
              37.09263159215364
            ],
            [
              -112.06834233769526,
              37.09309759221446
            ],
            [
              -112.06829733773397,
              37.09356359227516
            ],
            [
              -112.06825233777263,
              37.09402959233591
            ],
            [
              -112.06827833782444,
              37.09448559239075
            ],
            [
              -112.06837533788928,
              37.094932592439825
            ],
            [
              -112.06803433786754,
              37.095380592517735
            ],
            [
              -112.06759733781647,
              37.09572759258945
            ],
            [
              -112.06700433769544,
              37.09569159262384
            ],
            [
              -112.06645833757133,
              37.095534592640156
            ],
            [
              -112.06601733744898,
              37.09519159262655
            ],
            [
              -112.06557733732689,
              37.09484859261281
            ],
            [
              -112.06555133727501,
              37.09439159255785
            ],
            [
              -112.06582133728372,
              37.093953592485875
            ],
            [
              -112.06586633724503,
              37.0934875924251
            ],
            [
              -112.06569833716705,
              37.093049592381824
            ],
            [
              -112.06553033708913,
              37.092612592338604
            ],
            [
              -112.06536233701128,
              37.09217559229543
            ],
            [
              -112.06512333692024,
              37.09174759225802
            ],
            [
              -112.06481233681592,
              37.09132859222641
            ],
            [
              -112.06450233671187,
              37.0909105921949
            ],
            [
              -112.06418033659975,
              37.09043659215716
            ],
            [
              -112.06363433647559,
              37.09027959217353
            ],
            [
              -112.06307533634327,
              37.09006759218383
            ],
            [
              -112.06247033621416,
              37.08997559221206
            ],
            [
              -112.06197133608696,
              37.0896975922103
            ],
            [
              -112.06187433602213,
              37.089250592161214
            ],
            [
              -112.06143333589986,
              37.08890759214757
            ],
            [
              -112.06087533576773,
              37.088695592157805
            ],
            [
              -112.0605063356586,
              37.08834259213816
            ],
            [
              -112.05990133552943,
              37.0882505921664
            ],
            [
              -112.05935533540544,
              37.08809459218283
            ],
            [
              -112.05878633530057,
              37.08817059222958
            ],
            [
              -112.05823033520397,
              37.088302592282375
            ],
            [
              -112.05768333507966,
              37.08814559229873
            ],
            [
              -112.05724333495752,
              37.087802592285044
            ],
            [
              -112.05714633489269,
              37.08735559223592
            ],
            [
              -112.05697833481486,
              37.08691859219269
            ],
            [
              -112.05681033473685,
              37.08648059214937
            ],
            [
              -112.05644133462779,
              37.08612759212973
            ],
            [
              -112.05583633449872,
              37.086036592158074
            ],
            [
              -112.05566833442083,
              37.08559959211488
            ],
            [
              -112.05585533440828,
              37.0851135920423
            ],
            [
              -112.05638733448876,
              37.08487059197728
            ],
            [
              -112.05682433454,
              37.08452459190575
            ],
            [
              -112.05709533454883,
              37.084085591833485
            ],
            [
              -112.05736533455749,
              37.083646591761344
            ],
            [
              -112.0575653345533,
              37.083217591695
            ],
            [
              -112.05768133452779,
              37.08274259162849
            ],
            [
              -112.05772633448915,
              37.08227659156769
            ],
            [
              -112.05777133445049,
              37.081810591506894
            ],
            [
              -112.05774533439872,
              37.081353591451915
            ],
            [
              -112.05764833433388,
              37.080906591402794
            ],
            [
              -112.05740933424303,
              37.080479591365446
            ],
            [
              -112.05696933412081,
              37.0801355913516
            ],
            [
              -112.05642333399672,
              37.07997859136786
            ],
            [
              -112.05581833386765,
              37.079887591396215
            ],
            [
              -112.05526133377083,
              37.08001959144907
            ],
            [
              -112.05506233377525,
              37.080448591515356
            ],
            [
              -112.05487433378748,
              37.08093359158782
            ],
            [
              -112.0548293338261,
              37.081399591648605
            ],
            [
              -112.05447633379637,
              37.08179259172054
            ],
            [
              -112.05402633373687,
              37.082082591785955
            ],
            [
              -112.05349433365642,
              37.08232659185109
            ],
            [
              -112.05290133353535,
              37.0822905918855
            ],
            [
              -112.05240233340815,
              37.08201259188365
            ],
            [
              -112.05190333328099,
              37.081734591881855
            ],
            [
              -112.05135733315689,
              37.08157759189813
            ],
            [
              -112.05077633304398,
              37.08159859193878
            ],
            [
              -112.05020733293911,
              37.081674591985475
            ],
            [
              -112.04966133281498,
              37.081517592001745
            ],
            [
              -112.04942233272396,
              37.08108959196425
            ],
            [
              -112.0489113325887,
              37.08075559195632
            ],
            [
              -112.04829433245156,
              37.080608591978454
            ],
            [
              -112.04767733231442,
              37.08046159200059
            ],
            [
              -112.04717833218719,
              37.08018359199879
            ],
            [
              -112.04657333205802,
              37.080091592026996
            ],
            [
              -112.04620333194876,
              37.079738592007395
            ],
            [
              -112.0458343318397,
              37.07938559198777
            ],
            [
              -112.04603433183554,
              37.07895659192141
            ],
            [
              -112.04630433184434,
              37.07851859184934
            ],
            [
              -112.04665833187431,
              37.078125591777386
            ],
            [
              -112.04692933188329,
              37.07768759170523
            ],
            [
              -112.04697433184467,
              37.07722159164448
            ],
            [
              -112.04687733177988,
              37.076774591595324
            ],
            [
              -112.04678033171511,
              37.076327591546175
            ],
            [
              -112.04639933159795,
              37.07591859152035
            ],
            [
              -112.04581833148494,
              37.075938591560885
            ],
            [
              -112.0453693314256,
              37.07622859162624
            ],
            [
              -112.04509833141671,
              37.076667591698495
            ],
            [
              -112.04474533138679,
              37.07705959177027
            ],
            [
              -112.04430833133556,
              37.07740559184188
            ],
            [
              -112.04395433130553,
              37.07779859191382
            ],
            [
              -112.04360033127539,
              37.0781905919857
            ],
            [
              -112.04324633124531,
              37.07858259205753
            ],
            [
              -112.04289333121547,
              37.07897559212941
            ],
            [
              -112.04255133119347,
              37.07942359220744
            ],
            [
              -112.04228033118457,
              37.07986259227972
            ],
            [
              -112.04208133118891,
              37.08029159234599
            ],
            [
              -112.04188133119308,
              37.08072059241236
            ],
            [
              -112.04168233119744,
              37.081149592478646
            ],
            [
              -112.04148233120159,
              37.08157859254501
            ],
            [
              -112.0412123311929,
              37.08201759261721
            ],
            [
              -112.04094133118393,
              37.082455592689314
            ],
            [
              -112.04074133118819,
              37.082885592755794
            ],
            [
              -112.0404713311794,
              37.083323592827895
            ],
            [
              -112.04035433120481,
              37.08379959289463
            ],
            [
              -112.04030933124346,
              37.0842655929554
            ],
            [
              -112.04033533129513,
              37.084721593010336
            ],
            [
              -112.04029033133378,
              37.085187593071105
            ],
            [
              -112.04031633138553,
              37.08564359312607
            ],
            [
              -112.04019933141088,
              37.0861195931928
            ],
            [
              -112.04022533146261,
              37.08657559324769
            ],
            [
              -112.04002533146678,
              37.08700459331405
            ],
            [
              -112.03975533145812,
              37.087443593386254
            ],
            [
              -112.03948433144926,
              37.08788259345846
            ],
            [
              -112.03936833147473,
              37.08835759352504
            ],
            [
              -112.03932333151339,
              37.088823593585836
            ],
            [
              -112.03934833156504,
              37.089280593640915
            ],
            [
              -112.03937433161673,
              37.0897365936958
            ],
            [
              -112.03940033166843,
              37.09019259375075
            ],
            [
              -112.03942633172022,
              37.09064959380574
            ],
            [
              -112.03980733183745,
              37.091058593831534
            ],
            [
              -112.04004633192851,
              37.09148659386901
            ],
            [
              -112.04041533203761,
              37.09183959388866
            ],
            [
              -112.04079733215491,
              37.092247593914266
            ],
            [
              -112.04110733225912,
              37.09266659394598
            ],
            [
              -112.04148833237635,
              37.09307559397175
            ],
            [
              -112.04172733246725,
              37.09350259400908
            ],
            [
              -112.04203733257144,
              37.09392159404074
            ],
            [
              -112.04253733269886,
              37.094199594042514
            ],
            [
              -112.04307133281493,
              37.09430059402001
            ],
            [
              -112.04365533299891,
              37.09496959406478
            ]
          ]
        ]
      },
      "properties": {
        "objectid": 897311,
        "fire_id": "UT3709311205519980728",
        "fire_name": "BUCKSKIN",
        "year": 1998,
        "startmonth": 7,
        "startday": 28,
        "fire_type": "Wildfire",
        "acres": 1324,
        "irwinid": null,
        "map_id": 10063,
        "map_prog": "MTBS",
        "asmnt_type": "Extended",
        "ig_date": 19980728,
        "pre_id": "503803419980702",
        "post_id": "503803419980803",
        "perim_id": "503803419990619",
        "dnbr_offst": 25,
        "dnbr_stddv": 0,
        "nodata_threshold": -970,
        "greenness_threshold": -150,
        "low_threshold": 75,
        "moderate_threshold": 168,
        "high_threshold": 315,
        "comments": "Logical candidate for extended assesment on shrub fire",
        "latitude": 37.0931728,
        "longitude": -112.05523753,
        "st_area(shape)": 0.0005429146284999462,
        "st_perimeter(shape)": 0.12291119670157151
      }
    },
    {
      "type": "Feature",
      "id": 916801,
      "geometry": {
        "type": "Polygon",
        "coordinates": [
          [
            [
              -112.0194783239182,
              37.0528725904184
            ],
            [
              -112.01948232392122,
              37.05289459042088
            ],
            [
              -112.01940232390642,
              37.05290459042732
            ],
            [
              -112.01944932393802,
              37.0531235904515
            ],
            [
              -112.01931032391232,
              37.05314159046283
            ],
            [
              -112.01919532390251,
              37.05326959048628
            ],
            [
              -112.01908032389277,
              37.05339759050969
            ],
            [
              -112.01894132386708,
              37.053415590521006
            ],
            [
              -112.01882632385731,
              37.053543590544464
            ],
            [
              -112.01884932387296,
              37.053652590556524
            ],
            [
              -112.01857232382187,
              37.053689590579204
            ],
            [
              -112.01845732381211,
              37.05381759060265
            ],
            [
              -112.01806432375102,
              37.05398259064883
            ],
            [
              -112.01778632369974,
              37.05401959067163
            ],
            [
              -112.01750932364864,
              37.054056590694366
            ],
            [
              -112.01739432363884,
              37.05418459071775
            ],
            [
              -112.01725532361313,
              37.0542025907291
            ],
            [
              -112.01727932362898,
              37.05431159074108
            ],
            [
              -112.01714032360339,
              37.05433059075255
            ],
            [
              -112.01621532345554,
              37.054678590856255
            ],
            [
              -112.01607732343015,
              37.05469759086766
            ],
            [
              -112.01593832340444,
              37.054715590879
            ],
            [
              -112.01579932337886,
              37.05473459089045
            ],
            [
              -112.01582332339468,
              37.054843590902465
            ],
            [
              -112.015684323369,
              37.054861590913724
            ],
            [
              -112.01554532334335,
              37.05488059092519
            ],
            [
              -112.01540632331775,
              37.05489959093664
            ],
            [
              -112.01526832329225,
              37.054917590947916
            ],
            [
              -112.01499032324095,
              37.054954590970716
            ],
            [
              -112.01485132321535,
              37.054973590982115
            ],
            [
              -112.01432032312876,
              37.05515659103964
            ],
            [
              -112.01408932310895,
              37.055411591086425
            ],
            [
              -112.0141133231249,
              37.055521591098554
            ],
            [
              -112.01399832311505,
              37.05564859112183
            ],
            [
              -112.01402132313069,
              37.055757591133876
            ],
            [
              -112.0140693231625,
              37.055976591157986
            ],
            [
              -112.01381532312705,
              37.05612259119271
            ],
            [
              -112.0138383231427,
              37.056231591204785
            ],
            [
              -112.01386232315855,
              37.05634059121677
            ],
            [
              -112.0138853231742,
              37.05644959122883
            ],
            [
              -112.01390932319005,
              37.056558591240815
            ],
            [
              -112.01386532322763,
              37.05701359130026
            ],
            [
              -112.01391232325923,
              37.057232591324436
            ],
            [
              -112.01393632327509,
              37.057341591336424
            ],
            [
              -112.01395932329073,
              37.05745059134842
            ],
            [
              -112.01400632332223,
              37.05766859137246
            ],
            [
              -112.01403032333809,
              37.05777759138446
            ],
            [
              -112.01419232337945,
              37.05786859138518
            ],
            [
              -112.01433132340503,
              37.05784959137372
            ],
            [
              -112.01435532342089,
              37.0579585913857
            ],
            [
              -112.0145173234623,
              37.05804959138644
            ],
            [
              -112.01454132347813,
              37.058158591398424
            ],
            [
              -112.01468032350373,
              37.05813959138695
            ],
            [
              -112.01470332351948,
              37.05824959139913
            ],
            [
              -112.01484232354508,
              37.05823059138767
            ],
            [
              -112.01498132357068,
              37.05821159137622
            ],
            [
              -112.01528232363768,
              37.05828359136548
            ],
            [
              -112.01558332370462,
              37.05835559135478
            ],
            [
              -112.01588432377159,
              37.05842759134404
            ],
            [
              -112.01602332379733,
              37.058409591332705
            ],
            [
              -112.01630132384861,
              37.0583725913099
            ],
            [
              -112.01646332388988,
              37.0584625913105
            ],
            [
              -112.01660232391556,
              37.058444591299214
            ],
            [
              -112.01674132394116,
              37.05842559128775
            ],
            [
              -112.01688032396682,
              37.058406591276295
            ],
            [
              -112.0171573240179,
              37.05836959125356
            ],
            [
              -112.01729632404361,
              37.05835159124222
            ],
            [
              -112.0174353240692,
              37.05833259123081
            ],
            [
              -112.0175743240949,
              37.05831459121949
            ],
            [
              -112.01771232412035,
              37.05829559120809
            ],
            [
              -112.01840632424833,
              37.05820259115116
            ],
            [
              -112.0185453242741,
              37.05818459113981
            ],
            [
              -112.01868432429968,
              37.058165591128336
            ],
            [
              -112.01882332432538,
              37.058147591117006
            ],
            [
              -112.01910032437637,
              37.0581095910942
            ],
            [
              -112.01921532438622,
              37.05798259107087
            ],
            [
              -112.01919232437056,
              37.05787359105881
            ],
            [
              -112.01930732438032,
              37.05774559103536
            ],
            [
              -112.01944632440596,
              37.057726591023986
            ],
            [
              -112.0195613244158,
              37.05759959100064
            ],
            [
              -112.01953732439996,
              37.05749059098864
            ],
            [
              -112.0195143243842,
              37.05738059097648
            ],
            [
              -112.01962932439406,
              37.0572535909532
            ],
            [
              -112.0196053243782,
              37.057144590941206
            ],
            [
              -112.01972032438796,
              37.05701659091776
            ],
            [
              -112.0196973243723,
              37.056907590905716
            ],
            [
              -112.01981232438206,
              37.05677959088233
            ],
            [
              -112.01992732439179,
              37.056651590858856
            ],
            [
              -112.02006632441747,
              37.05663359084753
            ],
            [
              -112.02021532443827,
              37.05654759082709
            ],
            [
              -112.02022432444431,
              37.05658959083172
            ],
            [
              -112.0202333244507,
              37.05663459083673
            ],
            [
              -112.02030032446774,
              37.05667159083697
            ],
            [
              -112.02031032447428,
              37.05671659084191
            ],
            [
              -112.02031932448052,
              37.056760590846785
            ],
            [
              -112.02032932448711,
              37.05680559085173
            ],
            [
              -112.02033932449366,
              37.05685059085667
            ],
            [
              -112.02039632450415,
              37.056842590851915
            ],
            [
              -112.02042532452353,
              37.05697659086667
            ],
            [
              -112.02052032455985,
              37.05714859088187
            ],
            [
              -112.02053032456634,
              37.05719259088669
            ],
            [
              -112.02054932457928,
              37.05728259089662
            ],
            [
              -112.0205593245857,
              37.05732659090145
            ],
            [
              -112.02063532460909,
              37.05740859090669
            ],
            [
              -112.02065432462193,
              37.057497590916455
            ],
            [
              -112.02066432462853,
              37.05754259092139
            ],
            [
              -112.0206933246479,
              37.05767659093616
            ],
            [
              -112.02070332465443,
              37.05772159094109
            ],
            [
              -112.02071232466082,
              37.057766590946116
            ],
            [
              -112.02072232466726,
              37.05781059095093
            ],
            [
              -112.02076132469323,
              37.05798959097062
            ],
            [
              -112.02077032469957,
              37.05803459097564
            ],
            [
              -112.02072332469555,
              37.05808659098521
            ],
            [
              -112.02073332470215,
              37.05813159099015
            ],
            [
              -112.02074332470859,
              37.05817559099497
            ],
            [
              -112.02075232471499,
              37.058220590999966
            ],
            [
              -112.02088532474889,
              37.05829459100045
            ],
            [
              -112.02100932477647,
              37.058324590996065
            ],
            [
              -112.02112232479733,
              37.05830959098684
            ],
            [
              -112.02141632485618,
              37.05831559096835
            ],
            [
              -112.0214833248732,
              37.05835259096853
            ],
            [
              -112.02149332487983,
              37.05839759097346
            ],
            [
              -112.02154932489006,
              37.05838959096883
            ],
            [
              -112.02160632490066,
              37.05838259096424
            ],
            [
              -112.02167332491771,
              37.058419590964434
            ],
            [
              -112.02173032492816,
              37.05841159095974
            ],
            [
              -112.02178732493876,
              37.05840459095515
            ],
            [
              -112.02190032495952,
              37.05838859094575
            ],
            [
              -112.02195732497007,
              37.05838159094117
            ],
            [
              -112.02201432498057,
              37.0583735909364
            ],
            [
              -112.02207132499112,
              37.05836659093184
            ],
            [
              -112.02212832500162,
              37.058358590927135
            ],
            [
              -112.02217532500563,
              37.058306590917546
            ],
            [
              -112.0223363250306,
              37.058238590898576
            ],
            [
              -112.02238332503461,
              37.05818659088906
            ],
            [
              -112.0224403250451,
              37.05817859088436
            ],
            [
              -112.02243032503863,
              37.05813459087953
            ],
            [
              -112.02247732504253,
              37.05808159086984
            ],
            [
              -112.02253432505313,
              37.05807459086526
            ],
            [
              -112.02263832506759,
              37.05801459085097
            ],
            [
              -112.02269532507809,
              37.05800659084627
            ],
            [
              -112.02280932509915,
              37.05799159083694
            ],
            [
              -112.0228653251094,
              37.0579835908323
            ],
            [
              -112.02292232512,
              37.05797659082773
            ],
            [
              -112.0229793251305,
              37.057968590822966
            ],
            [
              -112.02303632514105,
              37.05796159081838
            ],
            [
              -112.02315932516841,
              37.057990590813944
            ],
            [
              -112.0232703251936,
              37.05802259081068
            ],
            [
              -112.02341332522003,
              37.05800359079896
            ],
            [
              -112.02346432522941,
              37.05799659079477
            ],
            [
              -112.02351432523858,
              37.05798959079058
            ],
            [
              -112.02361532525731,
              37.05797659078241
            ],
            [
              -112.02366632526667,
              37.05796959077816
            ],
            [
              -112.02371632527586,
              37.057962590774025
            ],
            [
              -112.02376732528529,
              37.05795559076985
            ],
            [
              -112.02381732529456,
              37.057949590765844
            ],
            [
              -112.02387632530957,
              37.05798259076606
            ],
            [
              -112.02392732531901,
              37.05797559076188
            ],
            [
              -112.02397732532819,
              37.057968590757696
            ],
            [
              -112.02402832533757,
              37.05796159075351
            ],
            [
              -112.02408732535262,
              37.057994590753786
            ],
            [
              -112.02413732536192,
              37.05798859074974
            ],
            [
              -112.02459232544582,
              37.057927590712445
            ],
            [
              -112.0246513254609,
              37.05796059071264
            ],
            [
              -112.02470132547006,
              37.057953590708536
            ],
            [
              -112.02482032550033,
              37.058019590708945
            ],
            [
              -112.0248793255154,
              37.05805259070916
            ],
            [
              -112.02493832553048,
              37.05808559070944
            ],
            [
              -112.02500532555108,
              37.058157590713996
            ],
            [
              -112.02505632556056,
              37.058151590709926
            ],
            [
              -112.02507332557198,
              37.05823059071861
            ],
            [
              -112.02513232558701,
              37.05826359071889
            ],
            [
              -112.0251413255929,
              37.05830359072321
            ],
            [
              -112.02520932561369,
              37.058375590727714
            ],
            [
              -112.02526832562869,
              37.058408590727986
            ],
            [
              -112.02531832563788,
              37.05840159072387
            ],
            [
              -112.02532732564377,
              37.0584415907282
            ],
            [
              -112.02533532564941,
              37.05848159073266
            ],
            [
              -112.02539432566446,
              37.05851459073294
            ],
            [
              -112.0254033256702,
              37.05855359073716
            ],
            [
              -112.02546232568527,
              37.05858659073743
            ],
            [
              -112.02547132569111,
              37.05862659074182
            ],
            [
              -112.02552132570028,
              37.05861959073764
            ],
            [
              -112.02558932572119,
              37.058692590742304
            ],
            [
              -112.02560632573261,
              37.05877159075098
            ],
            [
              -112.02554832574275,
              37.058983590781104
            ],
            [
              -112.02549832573351,
              37.05899059078527
            ],
            [
              -112.0255063257392,
              37.05903059078975
            ],
            [
              -112.02551532574503,
              37.05907059079408
            ],
            [
              -112.02547332574139,
              37.05911659080254
            ],
            [
              -112.0254813257471,
              37.059156590807014
            ],
            [
              -112.02543132573776,
              37.059162590811006
            ],
            [
              -112.02544032574365,
              37.059202590815396
            ],
            [
              -112.02538932573427,
              37.05920959081965
            ],
            [
              -112.0253983257401,
              37.05924959082399
            ],
            [
              -112.02534732573064,
              37.05925559082812
            ],
            [
              -112.02535632573645,
              37.059295590832456
            ],
            [
              -112.02526332572344,
              37.059348590845154
            ],
            [
              -112.02523032572567,
              37.05943459085802
            ],
            [
              -112.02518032571645,
              37.05944159086213
            ],
            [
              -112.0251383257129,
              37.059488590870714
            ],
            [
              -112.02509632570931,
              37.059534590879174
            ],
            [
              -112.02504532569988,
              37.05954159088337
            ],
            [
              -112.02500332569625,
              37.05958759089182
            ],
            [
              -112.02495332568706,
              37.05959459089601
            ],
            [
              -112.02496132569276,
              37.05963459090041
            ],
            [
              -112.02491132568352,
              37.0596415909046
            ],
            [
              -112.02486032567406,
              37.059647590908654
            ],
            [
              -112.02486932567987,
              37.05968759091304
            ],
            [
              -112.0248193256707,
              37.05969459091718
            ],
            [
              -112.02476832566133,
              37.05970159092136
            ],
            [
              -112.02472632565768,
              37.059747590929824
            ],
            [
              -112.02469332565992,
              37.05983359094269
            ],
            [
              -112.02470132566556,
              37.05987359094714
            ],
            [
              -112.02458432566063,
              37.060052590977044
            ],
            [
              -112.02453432565144,
              37.06005959098117
            ],
            [
              -112.0245603256687,
              37.0601785909943
            ],
            [
              -112.02456832567424,
              37.060217590998576
            ],
            [
              -112.02457732568013,
              37.060257591002966
            ],
            [
              -112.02458532568578,
              37.060297591007426
            ],
            [
              -112.02463632569514,
              37.060290591003245
            ],
            [
              -112.02468632570432,
              37.06028359099908
            ],
            [
              -112.02469532571021,
              37.06032359100346
            ],
            [
              -112.02474632571959,
              37.06031659099927
            ],
            [
              -112.02485532574384,
              37.060342590995376
            ],
            [
              -112.02486432574968,
              37.06038259099977
            ],
            [
              -112.02487232575538,
              37.06042259100417
            ],
            [
              -112.02478932574837,
              37.060515591021215
            ],
            [
              -112.024738325739,
              37.06052259102538
            ],
            [
              -112.02474732574473,
              37.06056159102967
            ],
            [
              -112.02469632573538,
              37.06056859103387
            ],
            [
              -112.02465432573172,
              37.060614591042324
            ],
            [
              -112.02466332573755,
              37.060654591046706
            ],
            [
              -112.02437732569315,
              37.0607745910803
            ],
            [
              -112.02432732568393,
              37.060781591084435
            ],
            [
              -112.02428532568034,
              37.060827591092895
            ],
            [
              -112.0242343256709,
              37.060834591097155
            ],
            [
              -112.02418432566172,
              37.060841591101266
            ],
            [
              -112.02414232565808,
              37.06088759110973
            ],
            [
              -112.02400732564153,
              37.06098759113096
            ],
            [
              -112.02395732563235,
              37.06099459113515
            ],
            [
              -112.02391532562869,
              37.06104059114361
            ],
            [
              -112.02387332562516,
              37.06108759115219
            ],
            [
              -112.02357932557507,
              37.06116759118133
            ],
            [
              -112.02347832555641,
              37.06118059118957
            ],
            [
              -112.02342732554699,
              37.061187591193764
            ],
            [
              -112.0233773255378,
              37.06119459119794
            ],
            [
              -112.02332632552842,
              37.06120159120212
            ],
            [
              -112.02327632551915,
              37.06120759120613
            ],
            [
              -112.02307432548187,
              37.06123459122269
            ],
            [
              -112.02272932542235,
              37.06132159125609
            ],
            [
              -112.0226283254038,
              37.06133559126444
            ],
            [
              -112.02257732539442,
              37.061342591268634
            ],
            [
              -112.02252732538518,
              37.061349591272815
            ],
            [
              -112.02247632537572,
              37.06135559127688
            ],
            [
              -112.02242632536654,
              37.06136259128101
            ],
            [
              -112.02237532535716,
              37.061369591285185
            ],
            [
              -112.02232532534794,
              37.06137659128937
            ],
            [
              -112.02227432533846,
              37.06138259129344
            ],
            [
              -112.0222323253349,
              37.061429591302016
            ],
            [
              -112.02218232532573,
              37.06143659130613
            ],
            [
              -112.02213132531625,
              37.06144259131027
            ],
            [
              -112.02208132530707,
              37.06144959131439
            ],
            [
              -112.02172332524438,
              37.061530591347896
            ],
            [
              -112.02170532524204,
              37.06154259135054
            ],
            [
              -112.02161132523402,
              37.06164659136963
            ],
            [
              -112.02146032521559,
              37.06175959139355
            ],
            [
              -112.02147032522208,
              37.061803591398366
            ],
            [
              -112.02136632520757,
              37.061863591412575
            ],
            [
              -112.02131832520337,
              37.06191559142224
            ],
            [
              -112.0213383252165,
              37.06200559143211
            ],
            [
              -112.02135732522933,
              37.06209459144193
            ],
            [
              -112.02136732523587,
              37.06213959144687
            ],
            [
              -112.02137632524222,
              37.062184591451874
            ],
            [
              -112.02140532526167,
              37.06231859146663
            ],
            [
              -112.02143432528102,
              37.06245259148139
            ],
            [
              -112.02145432529407,
              37.062541591491154
            ],
            [
              -112.02160632534088,
              37.062705591501576
            ],
            [
              -112.02168232536418,
              37.06278659150663
            ],
            [
              -112.0217023253773,
              37.06287659151652
            ],
            [
              -112.02186432543058,
              37.06308459153181
            ],
            [
              -112.02187432543711,
              37.06312959153675
            ],
            [
              -112.02188332544353,
              37.06317459154175
            ],
            [
              -112.02191232546289,
              37.063308591556506
            ],
            [
              -112.02192232546939,
              37.063352591561326
            ],
            [
              -112.02193232547593,
              37.06339759156626
            ],
            [
              -112.02198032550814,
              37.063620591590805
            ],
            [
              -112.02199032551475,
              37.06366559159574
            ],
            [
              -112.02200932552763,
              37.06375559160568
            ],
            [
              -112.02201932553412,
              37.06379959161049
            ],
            [
              -112.02202832554046,
              37.06384459161549
            ],
            [
              -112.02203832554706,
              37.06388959162044
            ],
            [
              -112.02206732556643,
              37.06402359163519
            ],
            [
              -112.02208632557928,
              37.064112591645014
            ],
            [
              -112.0221063255923,
              37.06420159165477
            ],
            [
              -112.02214532561823,
              37.064380591674464
            ],
            [
              -112.02215432562464,
              37.06442559167947
            ],
            [
              -112.02217432563766,
              37.064514591689225
            ],
            [
              -112.02218332564401,
              37.06455959169422
            ],
            [
              -112.02219332565062,
              37.06460459169918
            ],
            [
              -112.02220332565706,
              37.06464859170399
            ],
            [
              -112.02222232566999,
              37.06473859171392
            ],
            [
              -112.02226132569596,
              37.06491759173362
            ],
            [
              -112.02232732571281,
              37.064954591733915
            ],
            [
              -112.02234732572578,
              37.065043591743674
            ],
            [
              -112.0224033257361,
              37.06503559173899
            ],
            [
              -112.02247032575313,
              37.065072591739224
            ],
            [
              -112.02248932576609,
              37.065162591749164
            ],
            [
              -112.02255632578313,
              37.06519959174939
            ],
            [
              -112.02262232579997,
              37.065236591749645
            ],
            [
              -112.02267932581042,
              37.06522859174493
            ],
            [
              -112.02268932581701,
              37.06527359174987
            ],
            [
              -112.02269932582355,
              37.06531859175481
            ],
            [
              -112.02275532583387,
              37.065310591750176
            ],
            [
              -112.02276532584041,
              37.06535559175512
            ],
            [
              -112.02277532584695,
              37.06540059176007
            ],
            [
              -112.0228413258638,
              37.06543759176029
            ],
            [
              -112.02285132587029,
              37.06548159176513
            ],
            [
              -112.02317132596872,
              37.06582559178692
            ],
            [
              -112.02323732598221,
              37.065829591783135
            ],
            [
              -112.02334732600666,
              37.06585559177916
            ],
            [
              -112.0234483260252,
              37.06584159177079
            ],
            [
              -112.02365032606247,
              37.06581459175423
            ],
            [
              -112.0237513260812,
              37.06580159174599
            ],
            [
              -112.0238103260962,
              37.06583459174625
            ],
            [
              -112.02386032610542,
              37.06582759174207
            ],
            [
              -112.02402032613905,
              37.06584659173397
            ],
            [
              -112.02413032616359,
              37.06587359173018
            ],
            [
              -112.02418132617296,
              37.065866591725936
            ],
            [
              -112.02423132618216,
              37.065859591721825
            ],
            [
              -112.02433232620088,
              37.06584659171356
            ],
            [
              -112.02438332621026,
              37.06583959170937
            ],
            [
              -112.02448432622879,
              37.065825591701014
            ],
            [
              -112.02453432623814,
              37.06581959169701
            ],
            [
              -112.0245853262475,
              37.06581259169282
            ],
            [
              -112.02478732628477,
              37.065785591676246
            ],
            [
              -112.02483732629396,
              37.06577859167208
            ],
            [
              -112.02498932632206,
              37.065758591659645
            ],
            [
              -112.0250903263406,
              37.06574459165133
            ],
            [
              -112.0250983263463,
              37.065784591655785
            ],
            [
              -112.02510732635213,
              37.065824591660125
            ],
            [
              -112.02511532635766,
              37.06586359166446
            ],
            [
              -112.02509932637145,
              37.066029591686124
            ],
            [
              -112.02505732636781,
              37.06607559169458
            ],
            [
              -112.02506632637365,
              37.06611559169897
            ],
            [
              -112.02507532637955,
              37.06615559170338
            ],
            [
              -112.02508332638507,
              37.066194591707706
            ],
            [
              -112.0250923263909,
              37.0662345917121
            ],
            [
              -112.02510032639661,
              37.06627459171649
            ],
            [
              -112.0251683264174,
              37.06634659172104
            ],
            [
              -112.02517732642326,
              37.0663865917254
            ],
            [
              -112.02519432643479,
              37.066466591734226
            ],
            [
              -112.02520232644032,
              37.066505591738576
            ],
            [
              -112.02525332644986,
              37.06649959173444
            ],
            [
              -112.02531232646477,
              37.066531591734595
            ],
            [
              -112.02532132647066,
              37.06657159173899
            ],
            [
              -112.02537132647983,
              37.06656459173481
            ],
            [
              -112.02543032649486,
              37.066597591735096
            ],
            [
              -112.02548132650439,
              37.06659159173095
            ],
            [
              -112.0254893265099,
              37.066630591735304
            ],
            [
              -112.02554032651939,
              37.066624591731234
            ],
            [
              -112.02559932653438,
              37.06665659173132
            ],
            [
              -112.02565832654945,
              37.0666895917316
            ],
            [
              -112.02570932655891,
              37.066683591727475
            ],
            [
              -112.02571732656446,
              37.066722591731825
            ],
            [
              -112.02577632657952,
              37.06675559173208
            ],
            [
              -112.025827326589,
              37.066749591727955
            ],
            [
              -112.02605532664354,
              37.066841591724526
            ],
            [
              -112.02606332664914,
              37.06688059172879
            ],
            [
              -112.0261143266586,
              37.06687459172473
            ],
            [
              -112.02612232666415,
              37.066913591729076
            ],
            [
              -112.02613132667004,
              37.066953591733416
            ],
            [
              -112.02619032668505,
              37.06698659173369
            ],
            [
              -112.02624932670012,
              37.06701959173389
            ],
            [
              -112.02631732672091,
              37.06709159173843
            ],
            [
              -112.02632532672658,
              37.067131591742836
            ],
            [
              -112.02633432673247,
              37.06717159174724
            ],
            [
              -112.02634332673829,
              37.06721159175161
            ],
            [
              -112.02635132674382,
              37.06725059175597
            ],
            [
              -112.02636032674971,
              37.06729059176029
            ],
            [
              -112.0264103267589,
              37.06728359175619
            ],
            [
              -112.02646932677398,
              37.06731659175645
            ],
            [
              -112.02652032678336,
              37.06730959175221
            ],
            [
              -112.02657032679264,
              37.0673035917482
            ],
            [
              -112.02662132680199,
              37.067296591744
            ],
            [
              -112.0266293268077,
              37.0673365917484
            ],
            [
              -112.02668032681709,
              37.067329591744226
            ],
            [
              -112.0266893268228,
              37.06736859174851
            ],
            [
              -112.02679832684717,
              37.067395591744706
            ],
            [
              -112.02685732686223,
              37.06742859174498
            ],
            [
              -112.02691632687724,
              37.06746159174519
            ],
            [
              -112.02697632689241,
              37.06749359174522
            ],
            [
              -112.02703532690748,
              37.06752659174549
            ],
            [
              -112.02704332691312,
              37.06756659174995
            ],
            [
              -112.02707832693629,
              37.067725591767406
            ],
            [
              -112.02708632694191,
              37.06776559177187
            ],
            [
              -112.02709532694766,
              37.06780459177608
            ],
            [
              -112.0271123269592,
              37.06788459178493
            ],
            [
              -112.02712132696499,
              37.06792359178921
            ],
            [
              -112.02712932697061,
              37.06796359179361
            ],
            [
              -112.02707932696144,
              37.06797059179779
            ],
            [
              -112.02708732696709,
              37.06801059180219
            ],
            [
              -112.02704532696343,
              37.06805659181066
            ],
            [
              -112.02699532695426,
              37.06806359181484
            ],
            [
              -112.0270123269657,
              37.0681425918235
            ],
            [
              -112.02696232695646,
              37.0681495918277
            ],
            [
              -112.02697032696216,
              37.068189591832095
            ],
            [
              -112.02697932696789,
              37.068228591836366
            ],
            [
              -112.0269873269736,
              37.068268591840834
            ],
            [
              -112.02685332695724,
              37.06836859186198
            ],
            [
              -112.02680332694788,
              37.06837459186603
            ],
            [
              -112.02681132695359,
              37.06841459187044
            ],
            [
              -112.02676132694442,
              37.068421591874646
            ],
            [
              -112.0265923269049,
              37.06836259187834
            ],
            [
              -112.02653332688983,
              37.068329591878125
            ],
            [
              -112.02648232688045,
              37.068336591882314
            ],
            [
              -112.02643232687117,
              37.06834259188632
            ],
            [
              -112.0263813268618,
              37.06834959189052
            ],
            [
              -112.02615432680746,
              37.06825759189394
            ],
            [
              -112.02610332679802,
              37.06826459189818
            ],
            [
              -112.02605232678864,
              37.06827159190236
            ],
            [
              -112.02581632672847,
              37.06813959190141
            ],
            [
              -112.02570632670404,
              37.068113591905394
            ],
            [
              -112.02564732668895,
              37.06808059190515
            ],
            [
              -112.02563932668332,
              37.068040591900704
            ],
            [
              -112.02552932665887,
              37.068014591904685
            ],
            [
              -112.0254793266497,
              37.06802159190881
            ],
            [
              -112.02508232655555,
              37.06786959191588
            ],
            [
              -112.02507432655001,
              37.067830591911545
            ],
            [
              -112.02502332654046,
              37.067836591915665
            ],
            [
              -112.02490532651049,
              37.06777159191531
            ],
            [
              -112.02480432649183,
              37.0677845919235
            ],
            [
              -112.02474532647676,
              37.06775159192328
            ],
            [
              -112.02469432646738,
              37.06775859192747
            ],
            [
              -112.02463532645233,
              37.06772559192725
            ],
            [
              -112.02462732644668,
              37.067685591922796
            ],
            [
              -112.02457632643724,
              37.06769259192699
            ],
            [
              -112.02446632641285,
              37.06766659193096
            ],
            [
              -112.02434832638271,
              37.067600591930486
            ],
            [
              -112.02434032637707,
              37.067560591926025
            ],
            [
              -112.02420432633535,
              37.06741559191693
            ],
            [
              -112.02419632632972,
              37.06737559191247
            ],
            [
              -112.02414532632028,
              37.067382591916704
            ],
            [
              -112.02413632631445,
              37.067342591912315
            ],
            [
              -112.02408632630527,
              37.06734959191643
            ],
            [
              -112.02407732629938,
              37.06730959191204
            ],
            [
              -112.0240273262902,
              37.06731659191623
            ],
            [
              -112.02395132626376,
              37.067204591907284
            ],
            [
              -112.02390032625432,
              37.06721159191147
            ],
            [
              -112.02384132623932,
              37.06717859191121
            ],
            [
              -112.02378232622424,
              37.067145591910986
            ],
            [
              -112.0237733262184,
              37.067105591906596
            ],
            [
              -112.02371432620332,
              37.06707259190639
            ],
            [
              -112.02359632617323,
              37.06700659190589
            ],
            [
              -112.02358732616742,
              37.0669665919015
            ],
            [
              -112.02353732615461,
              37.066938591901305
            ],
            [
              -112.02338032614124,
              37.06711259193323
            ],
            [
              -112.02333232613712,
              37.067165591942924
            ],
            [
              -112.02328532613312,
              37.06721759195244
            ],
            [
              -112.0232383261291,
              37.067269591962024
            ],
            [
              -112.0231913261251,
              37.06732159197153
            ],
            [
              -112.0231443261212,
              37.067374591981185
            ],
            [
              -112.02304032610668,
              37.06743459199546
            ],
            [
              -112.023049326113,
              37.06747859200034
            ],
            [
              -112.02299332610268,
              37.06748659200498
            ],
            [
              -112.02294532609848,
              37.06753859201457
            ],
            [
              -112.02295532610502,
              37.067583592019496
            ],
            [
              -112.0229653261116,
              37.067628592024434
            ],
            [
              -112.02288032610994,
              37.06777759204854
            ],
            [
              -112.02283332610592,
              37.067829592058054
            ],
            [
              -112.02284332611252,
              37.06787459206299
            ],
            [
              -112.02285232611888,
              37.067919592068
            ],
            [
              -112.02291932613592,
              37.067956592068235
            ],
            [
              -112.02299532615922,
              37.06803759207335
            ],
            [
              -112.0230053261658,
              37.06808259207829
            ],
            [
              -112.02301432617216,
              37.068127592083286
            ],
            [
              -112.02307132618266,
              37.06811959207853
            ],
            [
              -112.0230813261892,
              37.06816459208347
            ],
            [
              -112.02314732620604,
              37.068201592083774
            ],
            [
              -112.0232143262231,
              37.06823859208401
            ],
            [
              -112.0232713262336,
              37.06823059207924
            ],
            [
              -112.02328032623994,
              37.068275592084234
            ],
            [
              -112.02341432627402,
              37.06834959208466
            ],
            [
              -112.02342332628038,
              37.068394592089646
            ],
            [
              -112.0234803262909,
              37.06838659208494
            ],
            [
              -112.02349032629743,
              37.06843159208989
            ],
            [
              -112.02355632631428,
              37.06846859209017
            ],
            [
              -112.02356632632087,
              37.06851359209512
            ],
            [
              -112.02363332633792,
              37.068550592095306
            ],
            [
              -112.02364232634426,
              37.0685955921003
            ],
            [
              -112.0237093263613,
              37.06863259210053
            ],
            [
              -112.02372832637415,
              37.068721592110364
            ],
            [
              -112.0237383263807,
              37.068766592115296
            ],
            [
              -112.02380432639754,
              37.0688035921156
            ],
            [
              -112.02381432640414,
              37.068848592120524
            ],
            [
              -112.02382432641058,
              37.068892592125344
            ],
            [
              -112.02389032642743,
              37.06892959212558
            ],
            [
              -112.02390032643396,
              37.068974592130516
            ],
            [
              -112.02397632645742,
              37.069056592135766
            ],
            [
              -112.02404332647446,
              37.069093592136
            ],
            [
              -112.0240523264808,
              37.069138592141
            ],
            [
              -112.02411932649785,
              37.06917559214118
            ],
            [
              -112.02412932650435,
              37.069219592146
            ],
            [
              -112.02419532652131,
              37.06925759214641
            ],
            [
              -112.02427132654458,
              37.06933859215146
            ],
            [
              -112.02428132655112,
              37.0693835921564
            ],
            [
              -112.02434732656798,
              37.0694205921567
            ],
            [
              -112.02441432658502,
              37.06945759215694
            ],
            [
              -112.02448132660207,
              37.069494592157106
            ],
            [
              -112.02455732662551,
              37.06957659216235
            ],
            [
              -112.0247563266762,
              37.06968759216313
            ],
            [
              -112.02476632668281,
              37.06973259216805
            ],
            [
              -112.02483332669985,
              37.0697695921683
            ],
            [
              -112.02488932671008,
              37.0697615921636
            ],
            [
              -112.02504232675713,
              37.069925592173945
            ],
            [
              -112.02505232676373,
              37.06997059217889
            ],
            [
              -112.02517532679101,
              37.069999592174476
            ],
            [
              -112.02518532679763,
              37.070044592179414
            ],
            [
              -112.02524232680807,
              37.07003659217465
            ],
            [
              -112.02525132681443,
              37.070081592179655
            ],
            [
              -112.02531832683147,
              37.070118592179895
            ],
            [
              -112.02552732688879,
              37.07027459218559
            ],
            [
              -112.02559432690585,
              37.07031159218583
            ],
            [
              -112.02573632694609,
              37.07043059219131
            ],
            [
              -112.02579332695657,
              37.07042259218661
            ],
            [
              -112.02592632699043,
              37.07049659218708
            ],
            [
              -112.02624932706881,
              37.07063759218344
            ],
            [
              -112.02625932707535,
              37.07068259218836
            ],
            [
              -112.02652532714315,
              37.07083059218938
            ],
            [
              -112.02659232716019,
              37.07086759218955
            ],
            [
              -112.02666832718357,
              37.070949592194786
            ],
            [
              -112.02673432720043,
              37.07098659219509
            ],
            [
              -112.02680132721748,
              37.07102359219527
            ],
            [
              -112.02681132722408,
              37.071068592200206
            ],
            [
              -112.02686732723433,
              37.07106059219558
            ],
            [
              -112.02687732724092,
              37.071105592200496
            ],
            [
              -112.02694432725798,
              37.071142592200744
            ],
            [
              -112.02701032727481,
              37.07117959220096
            ],
            [
              -112.02706732728537,
              37.07117259219639
            ],
            [
              -112.02713432730242,
              37.07120959219663
            ],
            [
              -112.0272673273363,
              37.071283592197084
            ],
            [
              -112.0273903273636,
              37.07131259219263
            ],
            [
              -112.02745732738065,
              37.07134959219287
            ],
            [
              -112.02751432739124,
              37.07134259218821
            ],
            [
              -112.02759032741463,
              37.071424592193466
            ],
            [
              -112.02759932742094,
              37.071468592198336
            ],
            [
              -112.02765632743149,
              37.07146159219376
            ],
            [
              -112.02766632743798,
              37.07150559219857
            ],
            [
              -112.02772332744853,
              37.07149859219393
            ],
            [
              -112.02783732746947,
              37.071482592184516
            ],
            [
              -112.02855832762127,
              37.07157059214828
            ],
            [
              -112.02861432763157,
              37.07156259214357
            ],
            [
              -112.02867132764212,
              37.07155559213899
            ],
            [
              -112.02873832765917,
              37.071592592139226
            ],
            [
              -112.02879532766968,
              37.071584592134464
            ],
            [
              -112.02890832769053,
              37.07156959212524
            ],
            [
              -112.02896532770096,
              37.071561592120474
            ],
            [
              -112.02903232771801,
              37.07159859212071
            ],
            [
              -112.02908932772861,
              37.07159159211607
            ],
            [
              -112.02915532774547,
              37.071628592116376
            ],
            [
              -112.02928832777937,
              37.07170259211684
            ],
            [
              -112.0293453277898,
              37.07169459211214
            ],
            [
              -112.02954532784084,
              37.071806592112964
            ],
            [
              -112.02955432784714,
              37.07185059211783
            ],
            [
              -112.02961132785768,
              37.071843592113254
            ],
            [
              -112.02967832787473,
              37.07188059211342
            ],
            [
              -112.02974432789158,
              37.07191759211373
            ],
            [
              -112.02982132791517,
              37.07199959211891
            ],
            [
              -112.02987832792567,
              37.07199159211414
            ],
            [
              -112.02994432794252,
              37.07202859211443
            ],
            [
              -112.03000132795307,
              37.07202159210984
            ],
            [
              -112.03027632799912,
              37.07193859208152
            ],
            [
              -112.03033232800938,
              37.07193059207689
            ],
            [
              -112.03049332803442,
              37.07186359205803
            ],
            [
              -112.03065432805937,
              37.07179559203904
            ],
            [
              -112.03097632810942,
              37.071660592001194
            ],
            [
              -112.03109032813049,
              37.07164559199185
            ],
            [
              -112.03129832815944,
              37.07152559196335
            ],
            [
              -112.03134532816344,
              37.071473591953776
            ],
            [
              -112.03140232817393,
              37.071465591949064
            ],
            [
              -112.031516328195,
              37.07145059193974
            ],
            [
              -112.03166732821344,
              37.07133859191594
            ],
            [
              -112.03165732820689,
              37.07129359191099
            ],
            [
              -112.03171432821739,
              37.07128559190629
            ],
            [
              -112.0317613282214,
              37.07123359189678
            ],
            [
              -112.031799328219,
              37.071136591882194
            ],
            [
              -112.03203432823896,
              37.07087559183443
            ],
            [
              -112.03208232824306,
              37.07082259182466
            ],
            [
              -112.03212932824707,
              37.07077059181515
            ],
            [
              -112.03216632824453,
              37.070673591800684
            ],
            [
              -112.03221332824853,
              37.07062159179111
            ],
            [
              -112.03225132824613,
              37.0705245917766
            ],
            [
              -112.03230832825665,
              37.0705165917719
            ],
            [
              -112.03235532826065,
              37.070464591762324
            ],
            [
              -112.03240232826457,
              37.07041159175268
            ],
            [
              -112.03250632827915,
              37.07035259173852
            ],
            [
              -112.0326203283001,
              37.07033659172911
            ],
            [
              -112.0326103282936,
              37.070292591724304
            ],
            [
              -112.03265732829752,
              37.07023959171461
            ],
            [
              -112.03264832829127,
              37.07019559170973
            ],
            [
              -112.03284632831367,
              37.070030591676286
            ],
            [
              -112.03283632830707,
              37.06998559167134
            ],
            [
              -112.03282732830083,
              37.06994159166648
            ],
            [
              -112.03288432831127,
              37.069933591661766
            ],
            [
              -112.03287432830473,
              37.069888591656834
            ],
            [
              -112.03292132830873,
              37.069836591647324
            ],
            [
              -112.03291132830219,
              37.06979159164239
            ],
            [
              -112.03294932829981,
              37.06969459162781
            ],
            [
              -112.03305232828608,
              37.06935959157945
            ],
            [
              -112.03315632830059,
              37.06929959156521
            ],
            [
              -112.033240328302,
              37.06915059154121
            ],
            [
              -112.03323132829566,
              37.0691055915362
            ],
            [
              -112.03327832829966,
              37.06905359152668
            ],
            [
              -112.0333153282971,
              37.06895659151216
            ],
            [
              -112.03336232830101,
              37.068903591502526
            ],
            [
              -112.03340032829863,
              37.068806591488006
            ],
            [
              -112.03339032829217,
              37.06876259148319
            ],
            [
              -112.0334943283067,
              37.06870259146891
            ],
            [
              -112.03348532830029,
              37.06865759146391
            ],
            [
              -112.03347532829373,
              37.06861259145898
            ],
            [
              -112.03353232830429,
              37.0686055914544
            ],
            [
              -112.03351232829115,
              37.06851559144452
            ],
            [
              -112.03350332828491,
              37.06847159143966
            ],
            [
              -112.03348332827177,
              37.06838159142977
            ],
            [
              -112.03354032828237,
              37.06837459142518
            ],
            [
              -112.03353132827596,
              37.06832959142019
            ],
            [
              -112.03351132826283,
              37.06823959141031
            ],
            [
              -112.03355832826684,
              37.068187591400736
            ],
            [
              -112.03354932826048,
              37.068142591395734
            ],
            [
              -112.03357632825146,
              37.068001591376465
            ],
            [
              -112.03350932820628,
              37.06768859134197
            ],
            [
              -112.03348932819326,
              37.06759959133223
            ],
            [
              -112.0334803281869,
              37.067554591327216
            ],
            [
              -112.03347032818036,
              37.06750959132227
            ],
            [
              -112.03346032817376,
              37.067464591317346
            ],
            [
              -112.03344132816092,
              37.067375591307545
            ],
            [
              -112.03342132814788,
              37.06728659129777
            ],
            [
              -112.03346932815198,
              37.06723359128807
            ],
            [
              -112.03348732813662,
              37.067047591263815
            ],
            [
              -112.03353432814062,
              37.066995591254226
            ],
            [
              -112.03352432813408,
              37.0669505912493
            ],
            [
              -112.03351532812772,
              37.066905591244286
            ],
            [
              -112.03350532812122,
              37.06686159123949
            ],
            [
              -112.03349532811468,
              37.06681659123455
            ],
            [
              -112.0334863281083,
              37.06677159122954
            ],
            [
              -112.03331432804848,
              37.06651859120937
            ],
            [
              -112.03329432803545,
              37.06642959119963
            ],
            [
              -112.03323732802494,
              37.066437591204405
            ],
            [
              -112.0332283280186,
              37.06639259119939
            ],
            [
              -112.033218328012,
              37.06634759119445
            ],
            [
              -112.03294232793769,
              37.066154591188514
            ],
            [
              -112.03287632792083,
              37.06611759118822
            ],
            [
              -112.03285632790781,
              37.06602859117845
            ],
            [
              -112.03280032789745,
              37.06603559118304
            ],
            [
              -112.03273332788041,
              37.0659985911828
            ],
            [
              -112.03272332787392,
              37.065954591177984
            ],
            [
              -112.03266632786337,
              37.065961591182564
            ],
            [
              -112.03261032785306,
              37.06596959118726
            ],
            [
              -112.0325333278295,
              37.06588759118209
            ],
            [
              -112.03246732781264,
              37.0658505911818
            ],
            [
              -112.03245732780609,
              37.065805591176854
            ],
            [
              -112.03239132778924,
              37.06576859117661
            ],
            [
              -112.03224832774876,
              37.0656495911712
            ],
            [
              -112.03218132773173,
              37.06561259117097
            ],
            [
              -112.03210532770834,
              37.06553059116574
            ],
            [
              -112.0320393276915,
              37.0654935911655
            ],
            [
              -112.03202932768505,
              37.06544959116068
            ],
            [
              -112.03197232767445,
              37.065456591165265
            ],
            [
              -112.03189832765361,
              37.065395591162506
            ],
            [
              -112.03187632765056,
              37.06540859116559
            ],
            [
              -112.03177532763186,
              37.06542159117378
            ],
            [
              -112.03152332758542,
              37.06545559119451
            ],
            [
              -112.03142232756687,
              37.065469591202884
            ],
            [
              -112.03127032753879,
              37.06548959121527
            ],
            [
              -112.03122032752961,
              37.06549659121946
            ],
            [
              -112.03101832749235,
              37.065523591235994
            ],
            [
              -112.03096732748281,
              37.065529591240065
            ],
            [
              -112.03091732747365,
              37.06553659124425
            ],
            [
              -112.03071532743638,
              37.065563591260805
            ],
            [
              -112.030664327427,
              37.06557059126501
            ],
            [
              -112.0305633274083,
              37.06558359127325
            ],
            [
              -112.03051332739912,
              37.06559059127737
            ],
            [
              -112.03046232738974,
              37.06559759128156
            ],
            [
              -112.03036132737104,
              37.065610591289804
            ],
            [
              -112.02983932726653,
              37.06559959132256
            ],
            [
              -112.02978932725725,
              37.06560559132662
            ],
            [
              -112.02962832722343,
              37.06558659133479
            ],
            [
              -112.02957832721425,
              37.06559359133891
            ],
            [
              -112.02951932719918,
              37.0655605913387
            ],
            [
              -112.0294683271898,
              37.065567591342884
            ],
            [
              -112.02935932716547,
              37.06554059134668
            ],
            [
              -112.0293003271505,
              37.06550859134653
            ],
            [
              -112.02924932714103,
              37.065514591350656
            ],
            [
              -112.02919932713183,
              37.065521591354766
            ],
            [
              -112.02869232701336,
              37.06534459136595
            ],
            [
              -112.02857432698328,
              37.06527859136547
            ],
            [
              -112.0285243269741,
              37.06528559136957
            ],
            [
              -112.02846532695902,
              37.06525259136937
            ],
            [
              -112.02841432694956,
              37.06525859137345
            ],
            [
              -112.02836432694036,
              37.06526559137762
            ],
            [
              -112.02818632689501,
              37.06516659137692
            ],
            [
              -112.02812732687995,
              37.0651335913767
            ],
            [
              -112.02789932682542,
              37.06504159138021
            ],
            [
              -112.02784932681625,
              37.06504859138433
            ],
            [
              -112.02772232678036,
              37.064943591379574
            ],
            [
              -112.02771432677474,
              37.06490359137511
            ],
            [
              -112.02770532676884,
              37.06486359137077
            ],
            [
              -112.027696326763,
              37.064823591366384
            ],
            [
              -112.02768832675747,
              37.064784591362034
            ],
            [
              -112.02764532672866,
              37.06458559134012
            ],
            [
              -112.02762832671725,
              37.064506591331444
            ],
            [
              -112.02765232670914,
              37.0643805913142
            ],
            [
              -112.02764432670352,
              37.06434059130974
            ],
            [
              -112.02768632670715,
              37.06429459130128
            ],
            [
              -112.02767732670128,
              37.064254591296944
            ],
            [
              -112.02766832669542,
              37.06421459129254
            ],
            [
              -112.02768432668181,
              37.06404959127096
            ],
            [
              -112.02766732667028,
              37.06396959126216
            ],
            [
              -112.02765932666468,
              37.063930591257815
            ],
            [
              -112.02765032665886,
              37.06389059125343
            ],
            [
              -112.02763332664742,
              37.06381159124476
            ],
            [
              -112.02762432664159,
              37.06377159124035
            ],
            [
              -112.02760732663016,
              37.06369259123167
            ],
            [
              -112.02764932663369,
              37.06364559122309
            ],
            [
              -112.02763232662227,
              37.06356659121437
            ],
            [
              -112.027606326605,
              37.063447591201296
            ],
            [
              -112.02765632661418,
              37.063440591197114
            ],
            [
              -112.02770632659842,
              37.06318859116256
            ],
            [
              -112.02769732659257,
              37.06314859115814
            ],
            [
              -112.02780632659197,
              37.062930591123965
            ],
            [
              -112.0278483265955,
              37.06288359111539
            ],
            [
              -112.02783932658961,
              37.062843591110976
            ],
            [
              -112.02789032659915,
              37.06283759110691
            ],
            [
              -112.0279563265946,
              37.06266459108109
            ],
            [
              -112.02800732660408,
              37.06265859107702
            ],
            [
              -112.0279983265982,
              37.06261859107263
            ],
            [
              -112.0282753266368,
              37.06245859103462
            ],
            [
              -112.02832632664627,
              37.06245259103056
            ],
            [
              -112.02831732664043,
              37.06241259102617
            ],
            [
              -112.02836832664981,
              37.062405591021914
            ],
            [
              -112.02841832665901,
              37.0623985910178
            ],
            [
              -112.02846932666847,
              37.06239259101374
            ],
            [
              -112.02867132670562,
              37.06236459099705
            ],
            [
              -112.02877232672434,
              37.062351590988804
            ],
            [
              -112.02882232673352,
              37.06234459098468
            ],
            [
              -112.02887332674288,
              37.062337590980434
            ],
            [
              -112.02892332675222,
              37.06233159097644
            ],
            [
              -112.0289743267616,
              37.06232459097225
            ],
            [
              -112.02918432680451,
              37.06233759096009
            ],
            [
              -112.02923532681388,
              37.0623305909559
            ],
            [
              -112.02928532682311,
              37.06232359095179
            ],
            [
              -112.02933632683248,
              37.06231659094759
            ],
            [
              -112.02938632684177,
              37.06231059094355
            ],
            [
              -112.02943732685114,
              37.062303590939344
            ],
            [
              -112.02948732686038,
              37.06229659093522
            ],
            [
              -112.0297903269162,
              37.06225559091031
            ],
            [
              -112.02979932692202,
              37.0622955909147
            ],
            [
              -112.02996832696154,
              37.062354590910935
            ],
            [
              -112.02997632696717,
              37.062394590915396
            ],
            [
              -112.03014532700668,
              37.062453590911694
            ],
            [
              -112.03015432701253,
              37.062493590916034
            ],
            [
              -112.03020432702169,
              37.0624865909119
            ],
            [
              -112.0302723270426,
              37.06255959091651
            ],
            [
              -112.03032232705183,
              37.0625525909124
            ],
            [
              -112.03037332706121,
              37.0625455909082
            ],
            [
              -112.03038132706685,
              37.06258559091262
            ],
            [
              -112.0304403270819,
              37.06261859091288
            ],
            [
              -112.03050032709719,
              37.06265159091302
            ],
            [
              -112.03055932711219,
              37.06268459091331
            ],
            [
              -112.03060932712137,
              37.062677590909175
            ],
            [
              -112.03071932714582,
              37.06270359090519
            ],
            [
              -112.03077832716087,
              37.06273659090542
            ],
            [
              -112.03082832717007,
              37.062729590901284
            ],
            [
              -112.03083732717595,
              37.06276959090569
            ],
            [
              -112.03095532720604,
              37.062835590906154
            ],
            [
              -112.0310063272154,
              37.06282859090192
            ],
            [
              -112.03105632722458,
              37.06282159089779
            ],
            [
              -112.03110732723412,
              37.06281559089374
            ],
            [
              -112.03115732724328,
              37.062808590889546
            ],
            [
              -112.03124132725046,
              37.062715590872514
            ],
            [
              -112.03133332726328,
              37.06266259085993
            ],
            [
              -112.03137532726677,
              37.062615590851344
            ],
            [
              -112.03140032725892,
              37.062489590834026
            ],
            [
              -112.03145032726822,
              37.062483590830034
            ],
            [
              -112.03146732725469,
              37.06231759080831
            ],
            [
              -112.03148332724092,
              37.06215159078661
            ],
            [
              -112.03147432723517,
              37.06211259078233
            ],
            [
              -112.03146532722928,
              37.062072590777994
            ],
            [
              -112.03145732722365,
              37.06203259077353
            ],
            [
              -112.03144832721792,
              37.06199359076926
            ],
            [
              -112.03148232721576,
              37.061906590756216
            ],
            [
              -112.03147332721005,
              37.06186759075201
            ],
            [
              -112.03146432720413,
              37.061827590747605
            ],
            [
              -112.0314563271985,
              37.06178759074315
            ],
            [
              -112.03144732719275,
              37.06174859073887
            ],
            [
              -112.03143932718707,
              37.061708590734476
            ],
            [
              -112.03148032719052,
              37.061662590726016
            ],
            [
              -112.03147232718487,
              37.06162259072162
            ],
            [
              -112.03146332717898,
              37.06158259071722
            ],
            [
              -112.03145532717333,
              37.06154259071277
            ],
            [
              -112.03144632716761,
              37.06150359070848
            ],
            [
              -112.0314883271711,
              37.06145659069991
            ],
            [
              -112.03155532716686,
              37.061284590674184
            ],
            [
              -112.03158832716466,
              37.061198590661334
            ],
            [
              -112.03157932715882,
              37.06115859065694
            ],
            [
              -112.03160432715094,
              37.061032590639634
            ],
            [
              -112.03164632715452,
              37.06098659063117
            ],
            [
              -112.03163732714869,
              37.060946590626834
            ],
            [
              -112.03162932714305,
              37.06090659062238
            ],
            [
              -112.03162032713728,
              37.060867590618095
            ],
            [
              -112.03166932712135,
              37.06061559058359
            ],
            [
              -112.03175332712848,
              37.06052259056654
            ],
            [
              -112.03178732712648,
              37.06043659055362
            ],
            [
              -112.03182832712982,
              37.060389590545114
            ],
            [
              -112.03182032712424,
              37.06035059054077
            ],
            [
              -112.0318703271334,
              37.06034359053665
            ],
            [
              -112.03190432713141,
              37.06025759052373
            ],
            [
              -112.03194532713475,
              37.060210590515204
            ],
            [
              -112.03199632714423,
              37.060204590511155
            ],
            [
              -112.03209732716284,
              37.060190590502785
            ],
            [
              -112.03224832719067,
              37.0601705904904
            ],
            [
              -112.03229932720004,
              37.060163590486226
            ],
            [
              -112.03234932720927,
              37.060156590482094
            ],
            [
              -112.03240032721865,
              37.060149590477856
            ],
            [
              -112.03245032722793,
              37.06014359047386
            ],
            [
              -112.03254332724084,
              37.06008959046109
            ],
            [
              -112.03264432725955,
              37.060076590452844
            ],
            [
              -112.0327453272781,
              37.06006259044448
            ],
            [
              -112.03284632729681,
              37.06004959043628
            ],
            [
              -112.03289632730598,
              37.060042590432175
            ],
            [
              -112.0329973273247,
              37.06002959042392
            ],
            [
              -112.03304832733407,
              37.06002259041972
            ],
            [
              -112.0330563273397,
              37.060062590424124
            ],
            [
              -112.03311632735486,
              37.0600945904242
            ],
            [
              -112.03316632736416,
              37.06008859042021
            ],
            [
              -112.03320032738709,
              37.06024759043775
            ],
            [
              -112.03320932739283,
              37.060286590441955
            ],
            [
              -112.0332683274079,
              37.06031959044223
            ],
            [
              -112.03349632746243,
              37.06041159043874
            ],
            [
              -112.0336143274925,
              37.060477590439234
            ],
            [
              -112.0336823275134,
              37.06055059044383
            ],
            [
              -112.03373232752257,
              37.060543590439714
            ],
            [
              -112.03407832760723,
              37.06070159043671
            ],
            [
              -112.03408732761307,
              37.0607415904411
            ],
            [
              -112.03413732762223,
              37.060734590436915
            ],
            [
              -112.03418832763161,
              37.060727590432734
            ],
            [
              -112.0341973276375,
              37.060767590437116
            ],
            [
              -112.03424732764668,
              37.06076059043294
            ],
            [
              -112.03430632766174,
              37.06079359043322
            ],
            [
              -112.03437432768264,
              37.060866590437826
            ],
            [
              -112.03442432769182,
              37.06085959043371
            ],
            [
              -112.0344753277012,
              37.060852590429455
            ],
            [
              -112.03473632775352,
              37.060858590413176
            ],
            [
              -112.03483732777207,
              37.06084459040481
            ],
            [
              -112.03488732778135,
              37.060838590400806
            ],
            [
              -112.03498832779995,
              37.060824590392436
            ],
            [
              -112.0350303278036,
              37.060778590383975
            ],
            [
              -112.03507232780714,
              37.0607315903754
            ],
            [
              -112.03520732782368,
              37.06063159035416
            ],
            [
              -112.03525732783297,
              37.060625590350135
            ],
            [
              -112.03539132784934,
              37.06052559032895
            ],
            [
              -112.03538332784362,
              37.06048559032448
            ],
            [
              -112.03568532787443,
              37.060200590269375
            ],
            [
              -112.03567632786854,
              37.060160590264964
            ],
            [
              -112.03571832787219,
              37.06011459025651
            ],
            [
              -112.03570932786636,
              37.06007459025212
            ],
            [
              -112.03579332787355,
              37.05998159023507
            ],
            [
              -112.03583532787718,
              37.059935590226594
            ],
            [
              -112.03586832787484,
              37.05984859021363
            ],
            [
              -112.03586032786929,
              37.059809590209305
            ],
            [
              -112.03590232787283,
              37.05976259020072
            ],
            [
              -112.03588432786121,
              37.05968359019211
            ],
            [
              -112.03587632785552,
              37.05964359018764
            ],
            [
              -112.03586732784967,
              37.05960359018325
            ],
            [
              -112.03590932785333,
              37.05955759017479
            ],
            [
              -112.03589232784189,
              37.05947859016606
            ],
            [
              -112.03586632782454,
              37.05935859015287
            ],
            [
              -112.0358573278188,
              37.05931959014858
            ],
            [
              -112.03590832782817,
              37.059312590144415
            ],
            [
              -112.03589932782228,
              37.059272590140004
            ],
            [
              -112.03594132782592,
              37.05922659013156
            ],
            [
              -112.03592432781447,
              37.05914659012275
            ],
            [
              -112.03590732780305,
              37.05906759011403
            ],
            [
              -112.03589832779714,
              37.059027590109636
            ],
            [
              -112.0358903277916,
              37.05898859010535
            ],
            [
              -112.03594032780079,
              37.058981590101176
            ],
            [
              -112.03608332782304,
              37.05892159008441
            ],
            [
              -112.03612532782651,
              37.058874590075824
            ],
            [
              -112.03620932783379,
              37.0587825900589
            ],
            [
              -112.03625932784298,
              37.05877559005472
            ],
            [
              -112.0363013278465,
              37.058728590046144
            ],
            [
              -112.03635232785605,
              37.05872259004209
            ],
            [
              -112.03640232786522,
              37.05871559003795
            ],
            [
              -112.03644432786876,
              37.0586685900293
            ],
            [
              -112.03653632788158,
              37.05861559001672
            ],
            [
              -112.03652832787587,
              37.05857559001228
            ],
            [
              -112.03657832788522,
              37.05856959000827
            ],
            [
              -112.0366203278887,
              37.05852258999968
            ],
            [
              -112.03667132789813,
              37.0585155899955
            ],
            [
              -112.03666232789233,
              37.05847658999122
            ],
            [
              -112.03681432792033,
              37.05845558997868
            ],
            [
              -112.03686432792959,
              37.058449589974664
            ],
            [
              -112.03691532793903,
              37.05844258997043
            ],
            [
              -112.03701632795757,
              37.05842858996211
            ],
            [
              -112.03706632796685,
              37.05842258995813
            ],
            [
              -112.03711732797623,
              37.05841558995388
            ],
            [
              -112.03722632800046,
              37.058441589949965
            ],
            [
              -112.03727732800989,
              37.058434589945776
            ],
            [
              -112.03732732801907,
              37.05842758994165
            ],
            [
              -112.03737832802854,
              37.0584215899376
            ],
            [
              -112.03743732804361,
              37.05845458993781
            ],
            [
              -112.03744532804915,
              37.05849358994215
            ],
            [
              -112.03758132809095,
              37.05863958995136
            ],
            [
              -112.03758932809647,
              37.05867858995568
            ],
            [
              -112.03759832810236,
              37.05871858996009
            ],
            [
              -112.03765732811738,
              37.0587515899603
            ],
            [
              -112.03771632813243,
              37.058784589960574
            ],
            [
              -112.03784332816831,
              37.05888958996528
            ],
            [
              -112.03786032817979,
              37.058969589974126
            ],
            [
              -112.03806332824225,
              37.05918758998794
            ],
            [
              -112.03812232825724,
              37.059220589988165
            ],
            [
              -112.03819032827805,
              37.05929258999266
            ],
            [
              -112.03819932828394,
              37.05933258999703
            ],
            [
              -112.03831732831401,
              37.05939858999753
            ],
            [
              -112.03837632832902,
              37.05943158999774
            ],
            [
              -112.03849432835914,
              37.05949758999823
            ],
            [
              -112.03854532836851,
              37.05949058999404
            ],
            [
              -112.0386043283836,
              37.05952358999427
            ],
            [
              -112.03866332839858,
              37.05955658999453
            ],
            [
              -112.03878132842867,
              37.05962258999501
            ],
            [
              -112.03879032843446,
              37.059661589999294
            ],
            [
              -112.03884032844373,
              37.05965558999523
            ],
            [
              -112.0389583284737,
              37.05972058999559
            ],
            [
              -112.03900932848323,
              37.05971458999152
            ],
            [
              -112.0390263284946,
              37.05979359000019
            ],
            [
              -112.03907732850405,
              37.05978658999602
            ],
            [
              -112.03913632851904,
              37.05981958999628
            ],
            [
              -112.0391953285341,
              37.059852589996495
            ],
            [
              -112.03920332853976,
              37.05989259000095
            ],
            [
              -112.03926332855501,
              37.0599255900011
            ],
            [
              -112.03931332856418,
              37.05991858999698
            ],
            [
              -112.03932232857002,
              37.059958590001386
            ],
            [
              -112.03938132858508,
              37.05999159000159
            ],
            [
              -112.03944032860014,
              37.06002459000186
            ],
            [
              -112.03949932861515,
              37.060057590002074
            ],
            [
              -112.03955832863012,
              37.06008959000222
            ],
            [
              -112.03960932863959,
              37.060083589998094
            ],
            [
              -112.03966832865467,
              37.06011658999836
            ],
            [
              -112.0397773286789,
              37.060142589994456
            ],
            [
              -112.03996332872977,
              37.060280589999415
            ],
            [
              -112.03997232873562,
              37.06032059000384
            ],
            [
              -112.04002232874484,
              37.06031358999969
            ],
            [
              -112.04003132875066,
              37.060353590004034
            ],
            [
              -112.04008132875984,
              37.06034658999992
            ],
            [
              -112.04009032876574,
              37.0603865900043
            ],
            [
              -112.04014932878074,
              37.060419590004514
            ],
            [
              -112.04015832878665,
              37.060459590008904
            ],
            [
              -112.04020832879581,
              37.0604525900048
            ],
            [
              -112.04021732880153,
              37.060491590009
            ],
            [
              -112.04027632881662,
              37.06052459000927
            ],
            [
              -112.04033532883162,
              37.060557590009495
            ],
            [
              -112.04038532884442,
              37.06058559000974
            ],
            [
              -112.04044532885271,
              37.06055059000145
            ],
            [
              -112.0405493288672,
              37.06049058998717
            ],
            [
              -112.0406533288818,
              37.06043158997308
            ],
            [
              -112.04082332891309,
              37.06040858995908
            ],
            [
              -112.0409273289276,
              37.06034858994481
            ],
            [
              -112.04113532895654,
              37.06022858991633
            ],
            [
              -112.041192328967,
              37.06022058991156
            ],
            [
              -112.0412493289776,
              37.060213589906986
            ],
            [
              -112.04123932897106,
              37.06016858990204
            ],
            [
              -112.0412963289815,
              37.06016058989734
            ],
            [
              -112.04145732900655,
              37.0600935898785
            ],
            [
              -112.04156132902105,
              37.06003358986421
            ],
            [
              -112.04167532904209,
              37.06001858985488
            ],
            [
              -112.04188332907106,
              37.05989858982638
            ],
            [
              -112.0419963290919,
              37.059883589817105
            ],
            [
              -112.04221432912733,
              37.05980758979342
            ],
            [
              -112.04220432912085,
              37.0597635897886
            ],
            [
              -112.04231832914195,
              37.05974858977926
            ],
            [
              -112.0424223291564,
              37.05968858976505
            ],
            [
              -112.0425263291709,
              37.05962858975076
            ],
            [
              -112.04258332918135,
              37.05962058974606
            ],
            [
              -112.04264032919184,
              37.05961258974131
            ],
            [
              -112.04268732919584,
              37.05956058973179
            ],
            [
              -112.04284832922089,
              37.05949358971294
            ],
            [
              -112.04289532922479,
              37.0594405897033
            ],
            [
              -112.0429423292288,
              37.059388589693725
            ],
            [
              -112.04299932923931,
              37.05938058968901
            ],
            [
              -112.04304632924331,
              37.0593285896795
            ],
            [
              -112.04309332924731,
              37.05927658966993
            ],
            [
              -112.04315032925776,
              37.05926858966524
            ],
            [
              -112.04319732926182,
              37.059216589655726
            ],
            [
              -112.04325432927226,
              37.059208589650964
            ],
            [
              -112.04330132927626,
              37.05915658964144
            ],
            [
              -112.04329232926993,
              37.05911158963645
            ],
            [
              -112.04334832928028,
              37.05910458963193
            ],
            [
              -112.04340532929076,
              37.05909658962722
            ],
            [
              -112.0434623293012,
              37.05908858962246
            ],
            [
              -112.04365132931737,
              37.05887958958416
            ],
            [
              -112.04369832932137,
              37.05882758957464
            ],
            [
              -112.04375532933183,
              37.058819589569886
            ],
            [
              -112.04381232934244,
              37.058812589565306
            ],
            [
              -112.04423732940673,
              37.058617589513254
            ],
            [
              -112.04429432941717,
              37.05860958950856
            ],
            [
              -112.04428532941083,
              37.05856458950356
            ],
            [
              -112.04434132942117,
              37.05855758949904
            ],
            [
              -112.04439832943167,
              37.058549589494284
            ],
            [
              -112.04444532943567,
              37.058497589484766
            ],
            [
              -112.04443632942935,
              37.058452589479764
            ],
            [
              -112.04449332943979,
              37.058444589475066
            ],
            [
              -112.04454032944379,
              37.05839258946549
            ],
            [
              -112.04479532947681,
              37.05822058942748
            ],
            [
              -112.04485232948723,
              37.05821258942272
            ],
            [
              -112.04499332949915,
              37.058055589394
            ],
            [
              -112.04504032950315,
              37.05800358938448
            ],
            [
              -112.04508832950742,
              37.057951589374895
            ],
            [
              -112.04514432951767,
              37.0579435893702
            ],
            [
              -112.04520132952817,
              37.0579355893655
            ],
            [
              -112.04519232952185,
              37.057891589360615
            ],
            [
              -112.04523932952576,
              37.057838589350986
            ],
            [
              -112.04528632952977,
              37.05778658934141
            ],
            [
              -112.04527632952322,
              37.05774158933647
            ],
            [
              -112.04533332953378,
              37.05773458933189
            ],
            [
              -112.04539032954429,
              37.0577265893272
            ],
            [
              -112.04544732955483,
              37.05771958932255
            ],
            [
              -112.04550432956532,
              37.057711589317854
            ],
            [
              -112.04549432955878,
              37.05766658931292
            ],
            [
              -112.04555132956932,
              37.05765958930834
            ],
            [
              -112.04571232959427,
              37.05759158928937
            ],
            [
              -112.04582532961513,
              37.05757658928009
            ],
            [
              -112.04597632963362,
              37.0574645892563
            ],
            [
              -112.04624132967307,
              37.05733658922304
            ],
            [
              -112.04623232966676,
              37.057292589218164
            ],
            [
              -112.04627932967068,
              37.057239589208535
            ],
            [
              -112.04632632967476,
              37.05718758919902
            ],
            [
              -112.04631632966814,
              37.057142589194086
            ],
            [
              -112.0463063296617,
              37.057098589189266
            ],
            [
              -112.0462973296553,
              37.05705358918426
            ],
            [
              -112.04628732964878,
              37.05700858917933
            ],
            [
              -112.04623032963828,
              37.05701658918404
            ],
            [
              -112.04622132963195,
              37.05697158917903
            ],
            [
              -112.04607832959154,
              37.056852589173616
            ],
            [
              -112.04606832958503,
              37.0568085891688
            ],
            [
              -112.04602032955273,
              37.05658458914411
            ],
            [
              -112.04601032954615,
              37.056539589139184
            ],
            [
              -112.0460003295397,
              37.056495589134364
            ],
            [
              -112.04599332953498,
              37.05646258913075
            ],
            [
              -112.04617332957498,
              37.056505589124264
            ],
            [
              -112.04633632961652,
              37.05659658912491
            ],
            [
              -112.0464743296419,
              37.056577589113566
            ],
            [
              -112.04677632970906,
              37.056649589102754
            ],
            [
              -112.04719232978567,
              37.05659358906856
            ],
            [
              -112.04749332985259,
              37.05666558905784
            ],
            [
              -112.04791032992948,
              37.05660958902359
            ],
            [
              -112.0483263300061,
              37.05655358898945
            ],
            [
              -112.04860433005742,
              37.05651658896665
            ],
            [
              -112.04902033013406,
              37.056460588932474
            ],
            [
              -112.04915933015974,
              37.056442588921186
            ],
            [
              -112.04918233017537,
              37.056551588933175
            ],
            [
              -112.04920633019124,
              37.056660588945135
            ],
            [
              -112.04906733016564,
              37.05667958895662
            ],
            [
              -112.04895233015583,
              37.05680658897994
            ],
            [
              -112.04897633017167,
              37.056915588991906
            ],
            [
              -112.04872233013637,
              37.05706258902675
            ],
            [
              -112.04860733012654,
              37.05718958905006
            ],
            [
              -112.04863033014229,
              37.057299589062225
            ],
            [
              -112.04849233011682,
              37.057317589073435
            ],
            [
              -112.04837633010688,
              37.057445589096936
            ],
            [
              -112.0482613300971,
              37.05757358912039
            ],
            [
              -112.04803133007755,
              37.05782858916708
            ],
            [
              -112.04805533009339,
              37.05793758917907
            ],
            [
              -112.04807833010904,
              37.05804658919111
            ],
            [
              -112.04810233012489,
              37.058155589203075
            ],
            [
              -112.04812633014075,
              37.05826458921507
            ],
            [
              -112.04828833018212,
              37.058355589215765
            ],
            [
              -112.0484273302077,
              37.058336589204316
            ],
            [
              -112.04856633023337,
              37.05831858919297
            ],
            [
              -112.04870533025895,
              37.0582995891815
            ],
            [
              -112.04884333028444,
              37.058281589170235
            ],
            [
              -112.04912133033564,
              37.05824358914737
            ],
            [
              -112.04928333037698,
              37.058334589148075
            ],
            [
              -112.04942233040254,
              37.05831558913661
            ],
            [
              -112.04970033045379,
              37.058278589113804
            ],
            [
              -112.04986233049516,
              37.05836958911451
            ],
            [
              -112.05014033054634,
              37.05833158909164
            ],
            [
              -112.05027933057201,
              37.058313589080306
            ],
            [
              -112.05041733059738,
              37.05829458906891
            ],
            [
              -112.05067133063284,
              37.058148589034126
            ],
            [
              -112.05081033065841,
              37.05812958902273
            ],
            [
              -112.05078633064257,
              37.05802058901075
            ],
            [
              -112.05106433069382,
              37.05798358898795
            ],
            [
              -112.05104033067798,
              37.05787458897597
            ],
            [
              -112.05117933070353,
              37.05785558896451
            ],
            [
              -112.0511553306877,
              37.0577465889526
            ],
            [
              -112.05129433071328,
              37.057727588941134
            ],
            [
              -112.05140933072309,
              37.05760058891782
            ],
            [
              -112.05152433073282,
              37.057472588894385
            ],
            [
              -112.0516403307428,
              37.05734458887094
            ],
            [
              -112.05175533075263,
              37.05721758884762
            ],
            [
              -112.0518463307465,
              37.05698058881225
            ],
            [
              -112.05196133075623,
              37.056852588788814
            ],
            [
              -112.0521003307818,
              37.05683358877735
            ],
            [
              -112.05221533079164,
              37.05670658875405
            ],
            [
              -112.05233033080135,
              37.05657858873066
            ],
            [
              -112.05272333086238,
              37.056413588684435
            ],
            [
              -112.0528383308721,
              37.05628558866105
            ],
            [
              -112.05320733091723,
              37.056011588602836
            ],
            [
              -112.05332233092706,
              37.05588458857958
            ],
            [
              -112.05329833091112,
              37.05577458856748
            ],
            [
              -112.05341433092114,
              37.055647588544105
            ],
            [
              -112.0533903309053,
              37.05553858853213
            ],
            [
              -112.05352933093087,
              37.05551958852072
            ],
            [
              -112.05364433094064,
              37.05539158849728
            ],
            [
              -112.05378333096633,
              37.05537358848594
            ],
            [
              -112.05375933095048,
              37.05526458847397
            ],
            [
              -112.05412833099561,
              37.05499058841581
            ],
            [
              -112.05426733102118,
              37.05497158840436
            ],
            [
              -112.05452133105663,
              37.05482558836963
            ],
            [
              -112.05449733104072,
              37.05471658835766
            ],
            [
              -112.05463633106636,
              37.0546975883462
            ],
            [
              -112.05477433109174,
              37.054678588334795
            ],
            [
              -112.0549133311174,
              37.054660588323465
            ],
            [
              -112.05505233114299,
              37.05464158831206
            ],
            [
              -112.05533033119421,
              37.054604588289266
            ],
            [
              -112.05546833121964,
              37.05458558827787
            ],
            [
              -112.0557463312709,
              37.05454858825508
            ],
            [
              -112.05572233125505,
              37.05443958824315
            ],
            [
              -112.05586133128062,
              37.054420588231686
            ],
            [
              -112.05597633129045,
              37.05429358820838
            ],
            [
              -112.05609133130018,
              37.054165588184944
            ],
            [
              -112.05620633130991,
              37.05403758816157
            ],
            [
              -112.05618333129425,
              37.053928588149525
            ],
            [
              -112.0561593312784,
              37.05381958813754
            ],
            [
              -112.05629833130398,
              37.05380058812609
            ],
            [
              -112.05627433128814,
              37.05369158811411
            ],
            [
              -112.05638933129786,
              37.053563588090725
            ],
            [
              -112.05650433130775,
              37.05343658806742
            ],
            [
              -112.05648133129209,
              37.05332758805537
            ],
            [
              -112.05645733127625,
              37.05321858804339
            ],
            [
              -112.05643333126025,
              37.05310858803136
            ],
            [
              -112.05657233128599,
              37.05309058802003
            ],
            [
              -112.05654833127014,
              37.052981588008045
            ],
            [
              -112.0565253312545,
              37.052872587996006
            ],
            [
              -112.0565013312385,
              37.052762587983906
            ],
            [
              -112.05647733122265,
              37.05265358797193
            ],
            [
              -112.056454331207,
              37.052544587959886
            ],
            [
              -112.05643033119115,
              37.05243558794796
            ],
            [
              -112.05640633117532,
              37.05232658793599
            ],
            [
              -112.05638333115967,
              37.05221758792394
            ],
            [
              -112.05633533112798,
              37.051999587899985
            ],
            [
              -112.05626433108056,
              37.051671587863936
            ],
            [
              -112.0562413310649,
              37.05156258785189
            ],
            [
              -112.05621733104906,
              37.0514535878399
            ],
            [
              -112.05614633100173,
              37.051126587803964
            ],
            [
              -112.05603433096277,
              37.05096158779076
            ],
            [
              -112.0561643309683,
              37.05076358775765
            ],
            [
              -112.05620133096578,
              37.05066658774319
            ],
            [
              -112.05629633097388,
              37.050561587723934
            ],
            [
              -112.05628633096745,
              37.05051758771911
            ],
            [
              -112.05630433095199,
              37.050330587694724
            ],
            [
              -112.05636133096255,
              37.05032358769016
            ],
            [
              -112.05642633095108,
              37.05008458765619
            ],
            [
              -112.05648333096156,
              37.05007658765148
            ],
            [
              -112.05647333095509,
              37.050032587646676
            ],
            [
              -112.05646333094855,
              37.049987587641745
            ],
            [
              -112.05651133095276,
              37.04993558763217
            ],
            [
              -112.05650133094616,
              37.04989058762724
            ],
            [
              -112.05653833094364,
              37.049793587612726
            ],
            [
              -112.05659533095412,
              37.049785587608014
            ],
            [
              -112.05661333093872,
              37.04959958758375
            ],
            [
              -112.05660433093237,
              37.04955458757875
            ],
            [
              -112.05658433091935,
              37.04946558756901
            ],
            [
              -112.0565273309088,
              37.04947258757359
            ],
            [
              -112.0564513308855,
              37.049391587568465
            ],
            [
              -112.05644133087895,
              37.04934658756353
            ],
            [
              -112.05637533086212,
              37.04930958756329
            ],
            [
              -112.05636533085554,
              37.049264587558355
            ],
            [
              -112.05623233082171,
              37.049190587557874
            ],
            [
              -112.05614633079188,
              37.049064587547825
            ],
            [
              -112.05608033077503,
              37.04902758754752
            ],
            [
              -112.05591733072151,
              37.04881858753224
            ],
            [
              -112.05590833071523,
              37.04877458752735
            ],
            [
              -112.05589833070869,
              37.04872958752242
            ],
            [
              -112.0558883307021,
              37.048684587517485
            ],
            [
              -112.05587933069586,
              37.048640587512594
            ],
            [
              -112.05578333065937,
              37.0484685874975
            ],
            [
              -112.05575433063994,
              37.04833458748274
            ],
            [
              -112.05568733062293,
              37.048297587482566
            ],
            [
              -112.05567833061669,
              37.04825358747768
            ],
            [
              -112.05562133060609,
              37.04826058748226
            ],
            [
              -112.05548833057223,
              37.048186587481794
            ],
            [
              -112.05547833056569,
              37.048141587476856
            ],
            [
              -112.0554213305552,
              37.04814958748153
            ],
            [
              -112.05535533053842,
              37.0481125874813
            ],
            [
              -112.05528833052139,
              37.04807558748107
            ],
            [
              -112.05527933051499,
              37.04803058747606
            ],
            [
              -112.05521233049798,
              37.04799358747583
            ],
            [
              -112.05514533048095,
              37.04795658747566
            ],
            [
              -112.05513633047461,
              37.04791158747066
            ],
            [
              -112.05506933045757,
              37.047874587470425
            ],
            [
              -112.05498333042772,
              37.04774858746036
            ],
            [
              -112.05492633041717,
              37.047755587465005
            ],
            [
              -112.05487033040689,
              37.04776358746964
            ],
            [
              -112.05481333039639,
              37.047771587474344
            ],
            [
              -112.05469933037534,
              37.047786587483664
            ],
            [
              -112.0545853303543,
              37.047801587493005
            ],
            [
              -112.05448133033985,
              37.047861587507214
            ],
            [
              -112.05436833031902,
              37.047876587516484
            ],
            [
              -112.05431133030852,
              37.04788458752123
            ],
            [
              -112.05420733029409,
              37.04794458753545
            ],
            [
              -112.0538193302272,
              37.048042587573036
            ],
            [
              -112.05376233021677,
              37.04805058757774
            ],
            [
              -112.0535353301749,
              37.04808058759628
            ],
            [
              -112.0534783301644,
              37.04808858760105
            ],
            [
              -112.0534873301707,
              37.04813258760591
            ],
            [
              -112.05343133016038,
              37.04814058761056
            ],
            [
              -112.05337433014995,
              37.048148587615266
            ],
            [
              -112.05338333015618,
              37.04819258762015
            ],
            [
              -112.05332733014589,
              37.048200587624834
            ],
            [
              -112.05327933014168,
              37.048252587634416
            ],
            [
              -112.05322333013144,
              37.04826058763906
            ],
            [
              -112.05307233011293,
              37.04837258766283
            ],
            [
              -112.0530153301025,
              37.048380587667594
            ],
            [
              -112.05295833009188,
              37.04838758767217
            ],
            [
              -112.05296833009848,
              37.048432587677105
            ],
            [
              -112.05291133008798,
              37.0484405876818
            ],
            [
              -112.0528543300774,
              37.04844758768645
            ],
            [
              -112.05280733007349,
              37.04850058769608
            ],
            [
              -112.05275033006293,
              37.048507587700655
            ],
            [
              -112.05267433003962,
              37.048426587695594
            ],
            [
              -112.05260733002255,
              37.048388587695236
            ],
            [
              -112.05253132999924,
              37.048307587690125
            ],
            [
              -112.0525213299927,
              37.04826258768518
            ],
            [
              -112.05251132998609,
              37.04821758768024
            ],
            [
              -112.05250232997987,
              37.04817358767538
            ],
            [
              -112.05249232997325,
              37.04812858767043
            ],
            [
              -112.05247332996049,
              37.048039587660625
            ],
            [
              -112.05246332995392,
              37.04799458765569
            ],
            [
              -112.05239632993687,
              37.0479575876555
            ],
            [
              -112.05232032991351,
              37.04787558765025
            ],
            [
              -112.05225432989668,
              37.047838587649956
            ],
            [
              -112.0522443298901,
              37.04779358764502
            ],
            [
              -112.05223432988366,
              37.04774958764026
            ],
            [
              -112.05222532987732,
              37.04770458763527
            ],
            [
              -112.05221532987073,
              37.04765958763033
            ],
            [
              -112.0522053298642,
              37.0476145876254
            ],
            [
              -112.05211032982794,
              37.04744358761034
            ],
            [
              -112.05204332981091,
              37.04740658761009
            ],
            [
              -112.05202432979814,
              37.04731758760028
            ],
            [
              -112.05201432979155,
              37.04727258759533
            ],
            [
              -112.05200432978512,
              37.04722858759054
            ],
            [
              -112.05199532977872,
              37.04718358758552
            ],
            [
              -112.05193832976818,
              37.04719058759016
            ],
            [
              -112.05187132975117,
              37.047153587589925
            ],
            [
              -112.0516813297068,
              37.047087587594135
            ],
            [
              -112.05162532969645,
              37.04709458759864
            ],
            [
              -112.05156832968596,
              37.04710258760342
            ],
            [
              -112.05145432966492,
              37.047117587612696
            ],
            [
              -112.0513883296481,
              37.04708058761245
            ],
            [
              -112.05137832964166,
              37.04703658760762
            ],
            [
              -112.05116932958443,
              37.046880587601905
            ],
            [
              -112.0511023295674,
              37.04684358760167
            ],
            [
              -112.0510923295608,
              37.04679858759673
            ],
            [
              -112.05108332955447,
              37.04675358759174
            ],
            [
              -112.05101632953745,
              37.04671658759155
            ],
            [
              -112.05100632953085,
              37.046671587586616
            ],
            [
              -112.0509503295206,
              37.04667958759125
            ],
            [
              -112.05094032951403,
              37.046634587586325
            ],
            [
              -112.0509303295076,
              37.0465905875815
            ],
            [
              -112.05087332949698,
              37.04659758758607
            ],
            [
              -112.05086432949075,
              37.046553587581194
            ],
            [
              -112.05085432948422,
              37.04650858757626
            ],
            [
              -112.05079732947374,
              37.04651658758102
            ],
            [
              -112.0507873294672,
              37.04647158757608
            ],
            [
              -112.05077832946081,
              37.04642658757108
            ],
            [
              -112.05070232943743,
              37.04634458756584
            ],
            [
              -112.05064532942694,
              37.04635258757053
            ],
            [
              -112.05050232938653,
              37.04623358756512
            ],
            [
              -112.0504923293801,
              37.046189587560306
            ],
            [
              -112.0504353293695,
              37.046196587564935
            ],
            [
              -112.05016932930178,
              37.04604858756391
            ],
            [
              -112.05010332928495,
              37.046011587563605
            ],
            [
              -112.04997032925108,
              37.04593758756313
            ],
            [
              -112.04996032924454,
              37.04589258755819
            ],
            [
              -112.04990332923404,
              37.04590058756289
            ],
            [
              -112.04988432922119,
              37.04581058755296
            ],
            [
              -112.0498743292147,
              37.04576658754813
            ],
            [
              -112.04979832919133,
              37.04568458754294
            ],
            [
              -112.04977832917821,
              37.045594587533074
            ],
            [
              -112.04976932917192,
              37.04555058752818
            ],
            [
              -112.04971232916138,
              37.04555758753276
            ],
            [
              -112.04970232915488,
              37.04551358752796
            ],
            [
              -112.04963632913811,
              37.04547658752771
            ],
            [
              -112.04962632913153,
              37.04543158752276
            ],
            [
              -112.0495603291147,
              37.04539458752247
            ],
            [
              -112.04955032910817,
              37.04534958751753
            ],
            [
              -112.04949332909764,
              37.045357587522226
            ],
            [
              -112.04901932900087,
              37.04532858754962
            ],
            [
              -112.0488963289736,
              37.04529958755408
            ],
            [
              -112.04882932895657,
              37.04526258755383
            ],
            [
              -112.04877232894597,
              37.04526958755842
            ],
            [
              -112.04871532893553,
              37.04527758756318
            ],
            [
              -112.04860232891468,
              37.04529258757238
            ],
            [
              -112.04850732890651,
              37.04539758759165
            ],
            [
              -112.04845132889616,
              37.045404587596174
            ],
            [
              -112.0484603289025,
              37.045449587601176
            ],
            [
              -112.04840332889208,
              37.04545758760594
            ],
            [
              -112.04835632888806,
              37.04550958761544
            ],
            [
              -112.04829932887756,
              37.045517587620154
            ],
            [
              -112.0482433288672,
              37.04552458762471
            ],
            [
              -112.04818632885672,
              37.04553258762942
            ],
            [
              -112.04812932884629,
              37.04554058763412
            ],
            [
              -112.04806232882925,
              37.04550358763394
            ],
            [
              -112.04805332882286,
              37.045458587628936
            ],
            [
              -112.0479963288123,
              37.04546558763351
            ],
            [
              -112.04793932880182,
              37.04547358763821
            ],
            [
              -112.04792932879529,
              37.045428587633275
            ],
            [
              -112.04787232878479,
              37.04543658763804
            ],
            [
              -112.0477023287535,
              37.045459587652
            ],
            [
              -112.04758832873246,
              37.04547458766128
            ],
            [
              -112.04753132872196,
              37.045482587666044
            ],
            [
              -112.04752232871562,
              37.045437587661034
            ],
            [
              -112.04757932872606,
              37.04542958765627
            ],
            [
              -112.04773032874458,
              37.04531758763248
            ],
            [
              -112.0477773287486,
              37.04526558762297
            ],
            [
              -112.0478243287526,
              37.04521358761346
            ],
            [
              -112.0478813287631,
              37.04520558760876
            ],
            [
              -112.04796532876453,
              37.04505658758473
            ],
            [
              -112.04802232877502,
              37.045048587580034
            ],
            [
              -112.04806932877904,
              37.04499658757045
            ],
            [
              -112.04816432878715,
              37.04489158755124
            ],
            [
              -112.04822132879765,
              37.04488358754649
            ],
            [
              -112.04826832880165,
              37.04483158753697
            ],
            [
              -112.0483253288121,
              37.04482358753227
            ],
            [
              -112.04837232881611,
              37.044771587522696
            ],
            [
              -112.0484293288267,
              37.04476458751812
            ],
            [
              -112.0484763288306,
              37.04471158750848
            ],
            [
              -112.04853332884123,
              37.04470458750384
            ],
            [
              -112.04857032883862,
              37.04460758748939
            ],
            [
              -112.0485603288321,
              37.04456258748445
            ],
            [
              -112.0486073288361,
              37.04451058747493
            ],
            [
              -112.04862532882068,
              37.044323587450485
            ],
            [
              -112.04867332882486,
              37.044271587440896
            ],
            [
              -112.0486633288183,
              37.044226587435965
            ],
            [
              -112.04865332881185,
              37.04418258743115
            ],
            [
              -112.04859632880127,
              37.044189587435724
            ],
            [
              -112.04858732879491,
              37.04414458743072
            ],
            [
              -112.04853032878442,
              37.04415258743548
            ],
            [
              -112.0485203287779,
              37.044107587430545
            ],
            [
              -112.04845432876105,
              37.04407058743024
            ],
            [
              -112.04839732875061,
              37.04407858743494
            ],
            [
              -112.04834032874012,
              37.04408658743969
            ],
            [
              -112.04833032873358,
              37.04404158743475
            ],
            [
              -112.04827332872298,
              37.04404858743933
            ],
            [
              -112.04820732870616,
              37.04401158743904
            ],
            [
              -112.04819732869973,
              37.043967587434274
            ],
            [
              -112.04813132868289,
              37.04393058743398
            ],
            [
              -112.04807432867229,
              37.04393758743854
            ],
            [
              -112.04806432866586,
              37.04389358743373
            ],
            [
              -112.04798832864245,
              37.04381158742854
            ],
            [
              -112.04785532860856,
              37.043737587428005
            ],
            [
              -112.04778832859155,
              37.04370058742782
            ],
            [
              -112.04776932857867,
              37.043610587417874
            ],
            [
              -112.04775932857218,
              37.04356658741307
            ],
            [
              -112.04774032855927,
              37.04347658740312
            ],
            [
              -112.04773032855275,
              37.04343158739817
            ],
            [
              -112.0476643285359,
              37.043394587397884
            ],
            [
              -112.04759732851888,
              37.04335758739764
            ],
            [
              -112.04753132850203,
              37.04332058739739
            ],
            [
              -112.04746432848502,
              37.04328358739715
            ],
            [
              -112.04737832845515,
              37.04315758738714
            ],
            [
              -112.04732132844461,
              37.04316458739172
            ],
            [
              -112.04731232843832,
              37.043120587386845
            ],
            [
              -112.04725532842778,
              37.04312758739142
            ],
            [
              -112.04718832841075,
              37.04309058739124
            ],
            [
              -112.04711232838733,
              37.04300858738598
            ],
            [
              -112.04705532837689,
              37.04301658739069
            ],
            [
              -112.04704632837056,
              37.04297158738569
            ],
            [
              -112.04698932836006,
              37.04297958739045
            ],
            [
              -112.04684632831966,
              37.04286058738497
            ],
            [
              -112.04683632831308,
              37.04281558738003
            ],
            [
              -112.04663732826238,
              37.042704587379234
            ],
            [
              -112.04657032824534,
              37.042667587379064
            ],
            [
              -112.04655132823258,
              37.04257858736923
            ],
            [
              -112.04640832819211,
              37.04245958736381
            ],
            [
              -112.04625632814533,
              37.04229558735333
            ],
            [
              -112.04619932813489,
              37.04230358735807
            ],
            [
              -112.04605632809451,
              37.04218458735259
            ],
            [
              -112.04599932808401,
              37.04219258735736
            ],
            [
              -112.04593332806718,
              37.04215558735705
            ],
            [
              -112.04587632805664,
              37.04216258736161
            ],
            [
              -112.04580932803961,
              37.04212558736144
            ],
            [
              -112.04580032803331,
              37.042081587356556
            ],
            [
              -112.04579032802678,
              37.04203658735162
            ],
            [
              -112.04573332801628,
              37.042044587356315
            ],
            [
              -112.04567632800574,
              37.0420515873609
            ],
            [
              -112.0455633279849,
              37.04206658737016
            ],
            [
              -112.04545932797039,
              37.04212658738444
            ],
            [
              -112.04540232795989,
              37.04213458738913
            ],
            [
              -112.04528832793885,
              37.04214958739847
            ],
            [
              -112.0452313279284,
              37.042157587403175
            ],
            [
              -112.045175327918,
              37.042164587407676
            ],
            [
              -112.04506132789706,
              37.04218058741713
            ],
            [
              -112.04500432788652,
              37.04218758742171
            ],
            [
              -112.04494732787602,
              37.04219558742647
            ],
            [
              -112.04495732788261,
              37.0422405874314
            ],
            [
              -112.04484332786157,
              37.042255587440685
            ],
            [
              -112.04478632785097,
              37.04226258744531
            ],
            [
              -112.0445593278092,
              37.04229358746399
            ],
            [
              -112.04450232779864,
              37.04230058746856
            ],
            [
              -112.04451232780517,
              37.0423455874735
            ],
            [
              -112.04441832779726,
              37.04245058749271
            ],
            [
              -112.04428632779155,
              37.042651587526315
            ],
            [
              -112.04425532778899,
              37.04268658753273
            ],
            [
              -112.04426032779241,
              37.04271058753538
            ],
            [
              -112.04426932779823,
              37.04275058753972
            ],
            [
              -112.04427732780394,
              37.04279058754416
            ],
            [
              -112.04423532780027,
              37.04283658755262
            ],
            [
              -112.04424432780611,
              37.04287658755702
            ],
            [
              -112.04425332781184,
              37.0429155875613
            ],
            [
              -112.04420232780245,
              37.04292258756549
            ],
            [
              -112.0441603277989,
              37.04296958757408
            ],
            [
              -112.04411832779527,
              37.04301558758252
            ],
            [
              -112.04402632778246,
              37.04306858759515
            ],
            [
              -112.04398432777897,
              37.04311558760374
            ],
            [
              -112.04399332778469,
              37.043154587607965
            ],
            [
              -112.04394232777533,
              37.043161587612204
            ],
            [
              -112.04381732776478,
              37.04330158763774
            ],
            [
              -112.04363232773896,
              37.04340758766303
            ],
            [
              -112.04358132772958,
              37.04341458766723
            ],
            [
              -112.04354032772612,
              37.04346058767562
            ],
            [
              -112.04297732764314,
              37.04374058774717
            ],
            [
              -112.04292632763377,
              37.043747587751426
            ],
            [
              -112.04287632762454,
              37.04375458775555
            ],
            [
              -112.04282532761508,
              37.043760587759614
            ],
            [
              -112.0427753276059,
              37.04376758776379
            ],
            [
              -112.04267432758729,
              37.043781587772095
            ],
            [
              -112.04262332757781,
              37.04378758777621
            ],
            [
              -112.04232032752202,
              37.04382858780107
            ],
            [
              -112.04216932749414,
              37.04384858781342
            ],
            [
              -112.0418663274383,
              37.04388958783834
            ],
            [
              -112.0418163274291,
              37.043896587842454
            ],
            [
              -112.04176532741963,
              37.04390258784657
            ],
            [
              -112.04137032735096,
              37.04399658788406
            ],
            [
              -112.04131932734158,
              37.04400358788824
            ],
            [
              -112.04116832731373,
              37.04402358790062
            ],
            [
              -112.04097432728216,
              37.04409058792161
            ],
            [
              -112.04092432727296,
              37.044097587925734
            ],
            [
              -112.04083232726015,
              37.04415058793838
            ],
            [
              -112.04078132725073,
              37.04415758794257
            ],
            [
              -112.04053732720983,
              37.044230587967576
            ],
            [
              -112.0404453271971,
              37.04428458798032
            ],
            [
              -112.04024332715986,
              37.04431158799687
            ],
            [
              -112.03994032710395,
              37.04435158802166
            ],
            [
              -112.03989032709477,
              37.04435858802577
            ],
            [
              -112.03984832709114,
              37.044404588034254
            ],
            [
              -112.03975532707821,
              37.044458588047
            ],
            [
              -112.03960432705033,
              37.04447858805938
            ],
            [
              -112.03950332703172,
              37.044492588067726
            ],
            [
              -112.03941032701873,
              37.04454558808038
            ],
            [
              -112.03936032700953,
              37.044552588084564
            ],
            [
              -112.03895632693502,
              37.04460658811766
            ],
            [
              -112.03880532690715,
              37.04462658813001
            ],
            [
              -112.03875432689777,
              37.0446335881342
            ],
            [
              -112.03870432688849,
              37.044639588138196
            ],
            [
              -112.03865332687913,
              37.044646588142434
            ],
            [
              -112.03850232685133,
              37.044667588154915
            ],
            [
              -112.03845132684187,
              37.04467358815898
            ],
            [
              -112.03824932680462,
              37.04470058817552
            ],
            [
              -112.03819932679544,
              37.04470758817964
            ],
            [
              -112.038148326786,
              37.044714588183886
            ],
            [
              -112.03814032678038,
              37.04467458817943
            ],
            [
              -112.03813132677455,
              37.04463458817503
            ],
            [
              -112.03812232676877,
              37.044595588170765
            ],
            [
              -112.03811432676314,
              37.044555588166354
            ],
            [
              -112.03810532675725,
              37.04451558816196
            ],
            [
              -112.03809732675171,
              37.044476588157615
            ],
            [
              -112.03808832674589,
              37.044436588153225
            ],
            [
              -112.03812132674365,
              37.044350588140425
            ],
            [
              -112.03810432673212,
              37.04427058813157
            ],
            [
              -112.03815532674167,
              37.0442645881275
            ],
            [
              -112.03844932679164,
              37.0441835880982
            ],
            [
              -112.0385503268103,
              37.04417058809002
            ],
            [
              -112.039214326912,
              37.043877588010204
            ],
            [
              -112.03925632691553,
              37.04383058800156
            ],
            [
              -112.03930632692472,
              37.04382358799743
            ],
            [
              -112.03929732691894,
              37.043784587993166
            ],
            [
              -112.03939832693753,
              37.043770587984866
            ],
            [
              -112.03939032693184,
              37.043730587980406
            ],
            [
              -112.03971732697975,
              37.04356458793843
            ],
            [
              -112.03981032699276,
              37.043511587925714
            ],
            [
              -112.03999532701849,
              37.043404587900376
            ],
            [
              -112.04012032702914,
              37.04326558787488
            ],
            [
              -112.04014532703184,
              37.0432435878705
            ],
            [
              -112.04013732702663,
              37.04320758786659
            ],
            [
              -112.04019432703717,
              37.04320058786195
            ],
            [
              -112.04032532704257,
              37.04299858782829
            ],
            [
              -112.04037332704678,
              37.04294658781872
            ],
            [
              -112.0404673270547,
              37.04284158779956
            ],
            [
              -112.04045732704826,
              37.042797587794716
            ],
            [
              -112.04051432705872,
              37.042789587789976
            ],
            [
              -112.04050432705218,
              37.04274458778503
            ],
            [
              -112.04056132706272,
              37.04273758778046
            ],
            [
              -112.04060832706669,
              37.04268458777082
            ],
            [
              -112.0406833270618,
              37.04249058774178
            ],
            [
              -112.04074032707234,
              37.0424835877372
            ],
            [
              -112.0407873270763,
              37.042430587727516
            ],
            [
              -112.0408343270803,
              37.04237858771799
            ],
            [
              -112.04087232707792,
              37.04228158770348
            ],
            [
              -112.04092932708855,
              37.042274587698834
            ],
            [
              -112.04102332709647,
              37.04216958767968
            ],
            [
              -112.04101332708993,
              37.04212458767475
            ],
            [
              -112.04100432708364,
              37.04208058766985
            ],
            [
              -112.04106032709394,
              37.04207258766517
            ],
            [
              -112.04115532710206,
              37.04196758764595
            ],
            [
              -112.0411923270995,
              37.04187058763144
            ],
            [
              -112.04123932710355,
              37.04181858762193
            ],
            [
              -112.04123032709718,
              37.04177358761692
            ],
            [
              -112.04122032709074,
              37.0417295876121
            ],
            [
              -112.04126732709466,
              37.04167658760246
            ],
            [
              -112.0413243271052,
              37.04166958759783
            ],
            [
              -112.04131432709868,
              37.041624587592885
            ],
            [
              -112.0413053270923,
              37.04157958758788
            ],
            [
              -112.04134232708975,
              37.04148258757341
            ],
            [
              -112.04138932709377,
              37.041430587563895
            ],
            [
              -112.04136032707441,
              37.04129658754914
            ],
            [
              -112.04135132706807,
              37.04125158754414
            ],
            [
              -112.04143532706952,
              37.04110258752011
            ],
            [
              -112.0414163270567,
              37.04101358751028
            ],
            [
              -112.04146332706065,
              37.04096058750064
            ],
            [
              -112.04148132704526,
              37.04077458747636
            ],
            [
              -112.04147132703874,
              37.04072958747142
            ],
            [
              -112.04146232703235,
              37.04068458746642
            ],
            [
              -112.04150932703641,
              37.040632587456834
            ],
            [
              -112.0414893270234,
              37.0405435874471
            ],
            [
              -112.04154632703384,
              37.040535587442385
            ],
            [
              -112.04152732702102,
              37.04044658743257
            ],
            [
              -112.04158432703152,
              37.040438587427865
            ],
            [
              -112.041621327029,
              37.040341587413344
            ],
            [
              -112.04161132702241,
              37.04029658740842
            ],
            [
              -112.04165932702662,
              37.04024458739883
            ],
            [
              -112.04170632703064,
              37.04019258738932
            ],
            [
              -112.04179032703213,
              37.04004358736529
            ],
            [
              -112.04184732704263,
              37.040035587360585
            ],
            [
              -112.04194232705076,
              37.03993058734131
            ],
            [
              -112.04193232704426,
              37.03988658733649
            ],
            [
              -112.04198932705476,
              37.039878587331785
            ],
            [
              -112.04203632705878,
              37.03982658732228
            ],
            [
              -112.04207332705626,
              37.03972958730776
            ],
            [
              -112.0421303270667,
              37.03972158730306
            ],
            [
              -112.04226232707232,
              37.03951958726933
            ],
            [
              -112.04230932707632,
              37.03946758725983
            ],
            [
              -112.04245032708826,
              37.039310587231085
            ],
            [
              -112.04249832709247,
              37.03925858722145
            ],
            [
              -112.04254532709655,
              37.03920658721194
            ],
            [
              -112.04259232710046,
              37.039153587202286
            ],
            [
              -112.04263932710448,
              37.03910158719271
            ],
            [
              -112.04269632711491,
              37.03909358718802
            ],
            [
              -112.04288432713092,
              37.038884587149774
            ],
            [
              -112.04287532712452,
              37.03883958714476
            ],
            [
              -112.04292232712855,
              37.0387875871352
            ],
            [
              -112.04291232712202,
              37.03874258713025
            ],
            [
              -112.04296932713255,
              37.03873558712567
            ],
            [
              -112.04301632713653,
              37.03868258711605
            ],
            [
              -112.04300732713024,
              37.038638587111166
            ],
            [
              -112.04306332714054,
              37.03863058710647
            ],
            [
              -112.04305432713414,
              37.03858558710145
            ],
            [
              -112.04310132713816,
              37.03853358709194
            ],
            [
              -112.04312832714055,
              37.038504587086585
            ],
            [
              -112.04312732713984,
              37.03849958708605
            ],
            [
              -112.04310332712403,
              37.03839058707407
            ],
            [
              -112.04307932710817,
              37.038281587062066
            ],
            [
              -112.04263932701572,
              37.03822858708424
            ],
            [
              -112.04247732697439,
              37.038137587083526
            ],
            [
              -112.04233832694875,
              37.038156587094925
            ],
            [
              -112.04220032692328,
              37.03817458710619
            ],
            [
              -112.0420613268977,
              37.03819358711765
            ],
            [
              -112.04192232687211,
              37.03821258712909
            ],
            [
              -112.0417603268308,
              37.03812158712837
            ],
            [
              -112.0413433267539,
              37.03817758716255
            ],
            [
              -112.04120532672852,
              37.038196587173935
            ],
            [
              -112.04106632670283,
              37.038214587185266
            ],
            [
              -112.04092732667725,
              37.038233587196714
            ],
            [
              -112.04090332666144,
              37.038124587184726
            ],
            [
              -112.04076532663593,
              37.038142587195985
            ],
            [
              -112.04074132662005,
              37.038033587183996
            ],
            [
              -112.04030132652755,
              37.037980587206185
            ],
            [
              -112.04016232650189,
              37.037998587217444
            ],
            [
              -112.0400243264765,
              37.03801758722884
            ],
            [
              -112.03974632642517,
              37.03805458725163
            ],
            [
              -112.0396073263996,
              37.03807358726308
            ],
            [
              -112.03946932637412,
              37.03809158727434
            ],
            [
              -112.03933032634853,
              37.038110587285736
            ],
            [
              -112.03919132632295,
              37.03812958729719
            ],
            [
              -112.03907632631311,
              37.038256587320525
            ],
            [
              -112.03893732628747,
              37.03827558733196
            ],
            [
              -112.03882232627771,
              37.03840358735535
            ],
            [
              -112.03868332625203,
              37.038421587366685
            ],
            [
              -112.03854532622663,
              37.03844058737806
            ],
            [
              -112.03840632620094,
              37.0384585873894
            ],
            [
              -112.03826732617537,
              37.038477587400855
            ],
            [
              -112.03812832614963,
              37.03849558741213
            ],
            [
              -112.03799032612423,
              37.03851458742351
            ],
            [
              -112.03785132609866,
              37.03853358743497
            ],
            [
              -112.03771232607298,
              37.03855158744629
            ],
            [
              -112.0375733260474,
              37.03857058745774
            ],
            [
              -112.03741132600607,
              37.038479587457026
            ],
            [
              -112.03727232598044,
              37.038498587468474
            ],
            [
              -112.03713432595504,
              37.03851758747981
            ],
            [
              -112.03699532592935,
              37.03853558749114
            ],
            [
              -112.03685632590378,
              37.03855458750258
            ],
            [
              -112.0368803259196,
              37.03866358751458
            ],
            [
              -112.03674132589391,
              37.03868158752591
            ],
            [
              -112.03660232586833,
              37.03870058753736
            ],
            [
              -112.03648732585859,
              37.03882858756075
            ],
            [
              -112.03634832583285,
              37.038846587572095
            ],
            [
              -112.03621032580746,
              37.038865587583466
            ],
            [
              -112.03607132578179,
              37.0388835875948
            ],
            [
              -112.03595632577202,
              37.0390115876182
            ],
            [
              -112.03581732574644,
              37.039030587629625
            ],
            [
              -112.03567832572075,
              37.03904858764097
            ],
            [
              -112.0355393256951,
              37.03906758765241
            ],
            [
              -112.03540132566972,
              37.0390865876638
            ],
            [
              -112.03526232564404,
              37.03910458767514
            ],
            [
              -112.03496132557713,
              37.039032587685796
            ],
            [
              -112.03482232555154,
              37.039051587697266
            ],
            [
              -112.03468332552579,
              37.0390695877086
            ],
            [
              -112.03424332543332,
              37.03901658773077
            ],
            [
              -112.0338273253566,
              37.03907258776488
            ],
            [
              -112.03352632528969,
              37.03900058777561
            ],
            [
              -112.033387325264,
              37.039018587786934
            ],
            [
              -112.03294732517145,
              37.03896558780907
            ],
            [
              -112.03253132509478,
              37.03902158784323
            ],
            [
              -112.03225332504346,
              37.039058587865966
            ],
            [
              -112.03195232497656,
              37.038986587876686
            ],
            [
              -112.03151232488406,
              37.03893358789884
            ],
            [
              -112.0313743248585,
              37.038951587910134
            ],
            [
              -112.03121132481708,
              37.03886158790958
            ],
            [
              -112.03049432467346,
              37.03884558795443
            ],
            [
              -112.03033232463213,
              37.0387545879537
            ],
            [
              -112.0303083246163,
              37.0386455879417
            ],
            [
              -112.03028432460047,
              37.03853658792972
            ],
            [
              -112.03026132458484,
              37.03842758791766
            ],
            [
              -112.03007532452769,
              37.03822758790497
            ],
            [
              -112.02977332446052,
              37.038155587915725
            ],
            [
              -112.02944932437796,
              37.03797458791438
            ],
            [
              -112.02928632433645,
              37.03788358791371
            ],
            [
              -112.02914832431105,
              37.03790258792509
            ],
            [
              -112.02900932428541,
              37.03792158793654
            ],
            [
              -112.02843032416722,
              37.03788658797
            ],
            [
              -112.02801432409049,
              37.03794258800417
            ],
            [
              -112.0275743239979,
              37.037888588026235
            ],
            [
              -112.02715832392116,
              37.037944588060334
            ],
            [
              -112.02688032386988,
              37.03798158808311
            ],
            [
              -112.0266033238188,
              37.038018588105786
            ],
            [
              -112.02657932380292,
              37.037909588093775
            ],
            [
              -112.02644032377732,
              37.037928588105224
            ],
            [
              -112.02630232375182,
              37.03794658811648
            ],
            [
              -112.02616332372622,
              37.037965588127946
            ],
            [
              -112.02602432370054,
              37.037983588139284
            ],
            [
              -112.02588532367496,
              37.038002588150725
            ],
            [
              -112.02574732364951,
              37.03802158816206
            ],
            [
              -112.0256083236238,
              37.03803958817338
            ],
            [
              -112.02546932359822,
              37.03805858818484
            ],
            [
              -112.02533032357253,
              37.03807658819617
            ],
            [
              -112.02505332352145,
              37.0381135882189
            ],
            [
              -112.02493832351168,
              37.038241588242286
            ],
            [
              -112.02479932348604,
              37.03826058825374
            ],
            [
              -112.02452132343475,
              37.038297588276514
            ],
            [
              -112.02454532345058,
              37.03840658828852
            ],
            [
              -112.024406323425,
              37.038425588299894
            ],
            [
              -112.0237833233158,
              37.038565588358054
            ],
            [
              -112.02375632331352,
              37.03859558836355
            ],
            [
              -112.02370032330327,
              37.038603588368176
            ],
            [
              -112.02332132324261,
              37.03874558841062
            ],
            [
              -112.02320732322157,
              37.0387605884199
            ],
            [
              -112.0232173232281,
              37.03880558842486
            ],
            [
              -112.02305632320312,
              37.03887358844383
            ],
            [
              -112.0230093231991,
              37.038925588453395
            ],
            [
              -112.02296932319167,
              37.03893058845662
            ],
            [
              -112.0229523231886,
              37.03893358845809
            ],
            [
              -112.02296232319509,
              37.038977588462906
            ],
            [
              -112.02291532319117,
              37.03903058847257
            ],
            [
              -112.0229253231976,
              37.039074588477376
            ],
            [
              -112.0228773231935,
              37.03912758848715
            ],
            [
              -112.0228403231959,
              37.039223588501486
            ],
            [
              -112.02279332319198,
              37.039276588511136
            ],
            [
              -112.02280232319828,
              37.03932058851602
            ],
            [
              -112.02270832319032,
              37.03942558853523
            ],
            [
              -112.02261432318234,
              37.0395305885544
            ],
            [
              -112.02256732317832,
              37.039582588563974
            ],
            [
              -112.02257632318472,
              37.039627588568976
            ],
            [
              -112.0224923231832,
              37.03977658859297
            ],
            [
              -112.022444323179,
              37.03982858860261
            ],
            [
              -112.02239732317507,
              37.03988158861224
            ],
            [
              -112.02240732318151,
              37.039925588617066
            ],
            [
              -112.02236932318381,
              37.0400225886316
            ],
            [
              -112.02231332317356,
              37.040030588636284
            ],
            [
              -112.02226532316935,
              37.04008258864588
            ],
            [
              -112.02221832316533,
              37.040134588655405
            ],
            [
              -112.02222832317187,
              37.040179588660344
            ],
            [
              -112.02218132316784,
              37.04023158866992
            ],
            [
              -112.02219132317444,
              37.040276588674864
            ],
            [
              -112.02209632316625,
              37.04038158869408
            ],
            [
              -112.02204932316224,
              37.04043358870366
            ],
            [
              -112.02196432316053,
              37.0405825887277
            ],
            [
              -112.0219173231566,
              37.040635588737395
            ],
            [
              -112.0218423231615,
              37.0408295887664
            ],
            [
              -112.02185232316792,
              37.04087358877122
            ],
            [
              -112.02189132319387,
              37.04105258879094
            ],
            [
              -112.02190032320027,
              37.04109758879594
            ],
            [
              -112.0219103232068,
              37.04114258880089
            ],
            [
              -112.02192032321327,
              37.0411865888057
            ],
            [
              -112.02193932322614,
              37.041276588815656
            ],
            [
              -112.02194932323263,
              37.041320588820476
            ],
            [
              -112.02195832323896,
              37.04136558882549
            ],
            [
              -112.02196832324556,
              37.04141058883043
            ],
            [
              -112.02198732325832,
              37.04149958884026
            ],
            [
              -112.02199732326491,
              37.04154458884521
            ],
            [
              -112.02201632327773,
              37.041633588855035
            ],
            [
              -112.02203632329083,
              37.04172358886492
            ],
            [
              -112.02204532329708,
              37.04176758886981
            ],
            [
              -112.0220653233102,
              37.0418575888797
            ],
            [
              -112.02191632334808,
              37.04252058897185
            ],
            [
              -112.02186932334418,
              37.04257358898156
            ],
            [
              -112.02187932335065,
              37.042617588986374
            ],
            [
              -112.02188832335698,
              37.04266258899138
            ],
            [
              -112.02183132334653,
              37.042670588996074
            ],
            [
              -112.02178432334246,
              37.0427225890056
            ],
            [
              -112.02179432334906,
              37.042767589010545
            ],
            [
              -112.02175632335137,
              37.042864589025115
            ],
            [
              -112.02176632335787,
              37.042908589029906
            ],
            [
              -112.02177632336439,
              37.04295358903483
            ],
            [
              -112.02172932336038,
              37.043005589044405
            ],
            [
              -112.02167232334986,
              37.043013589049096
            ],
            [
              -112.02168132335626,
              37.0430585890541
            ],
            [
              -112.02163432335225,
              37.04311058906363
            ],
            [
              -112.02166332337158,
              37.043244589078405
            ],
            [
              -112.02160632336114,
              37.04325258908316
            ],
            [
              -112.02162632337411,
              37.043341589092925
            ],
            [
              -112.02163532338051,
              37.043386589097935
            ],
            [
              -112.02164532338693,
              37.043430589102755
            ],
            [
              -112.02165532339352,
              37.043475589107686
            ],
            [
              -112.02166432339986,
              37.0435205891127
            ],
            [
              -112.02167432340634,
              37.04356458911754
            ],
            [
              -112.02168432341287,
              37.04360958912247
            ],
            [
              -112.02169332341921,
              37.04365458912748
            ],
            [
              -112.0217033234258,
              37.04369958913242
            ],
            [
              -112.02162832343069,
              37.043893589161414
            ],
            [
              -112.02163832343713,
              37.04393758916622
            ],
            [
              -112.02164832344366,
              37.04398258917117
            ],
            [
              -112.02165732345004,
              37.04402758917619
            ],
            [
              -112.02162032345257,
              37.04412458919071
            ],
            [
              -112.02156332344201,
              37.044131589195274
            ],
            [
              -112.02157332344855,
              37.04417658920021
            ],
            [
              -112.02145032344923,
              37.04442258923885
            ],
            [
              -112.02140332344531,
              37.04447558924848
            ],
            [
              -112.02141332345172,
              37.04451958925332
            ],
            [
              -112.02142332345827,
              37.044564589258265
            ],
            [
              -112.02136632344782,
              37.044572589262955
            ],
            [
              -112.02132832345015,
              37.04466958927754
            ],
            [
              -112.02128132344613,
              37.044721589287064
            ],
            [
              -112.0212343234421,
              37.044773589296575
            ],
            [
              -112.02125332345504,
              37.04486358930653
            ],
            [
              -112.02120632345103,
              37.044915589316105
            ],
            [
              -112.02121632345757,
              37.04496058932104
            ],
            [
              -112.02117832345982,
              37.045056589335445
            ],
            [
              -112.02118832346636,
              37.0451015893404
            ],
            [
              -112.02120732347929,
              37.045191589350345
            ],
            [
              -112.02121732348571,
              37.045235589355165
            ],
            [
              -112.0212273234923,
              37.04528058936011
            ],
            [
              -112.0211793234881,
              37.04533258936969
            ],
            [
              -112.02113232348418,
              37.0453855893794
            ],
            [
              -112.02114232349061,
              37.045429589384156
            ],
            [
              -112.02109532348669,
              37.045482589393856
            ],
            [
              -112.02103832347609,
              37.045489589398436
            ],
            [
              -112.02104832348267,
              37.045534589403374
            ],
            [
              -112.02106732349552,
              37.0456235894132
            ],
            [
              -112.02107732350204,
              37.04566858941815
            ],
            [
              -112.02091732350523,
              37.04601158947124
            ],
            [
              -112.02087032350133,
              37.046064589480935
            ],
            [
              -112.02088032350775,
              37.04610858948576
            ],
            [
              -112.02088932351414,
              37.046153589490764
            ],
            [
              -112.02089932352067,
              37.04619858949571
            ],
            [
              -112.02087132352948,
              37.04633958951506
            ],
            [
              -112.02081432351899,
              37.046347589519755
            ],
            [
              -112.02084332353839,
              37.04648158953453
            ],
            [
              -112.02085332354493,
              37.04652658953947
            ],
            [
              -112.02081532354725,
              37.04662358955405
            ],
            [
              -112.02082532355374,
              37.046667589558815
            ],
            [
              -112.02083532356028,
              37.046712589563754
            ],
            [
              -112.02084432356668,
              37.046757589568756
            ],
            [
              -112.02079732356266,
              37.04680958957834
            ],
            [
              -112.02076032356516,
              37.04690658959281
            ],
            [
              -112.0207223235675,
              37.047003589607336
            ],
            [
              -112.02069432357641,
              37.04714558962686
            ],
            [
              -112.02070432358283,
              37.04718958963167
            ],
            [
              -112.02062032358148,
              37.0473395896558
            ],
            [
              -112.02057232357727,
              37.04739158966543
            ],
            [
              -112.02054532358633,
              37.04753358968484
            ],
            [
              -112.02048832357578,
              37.047540589689405
            ],
            [
              -112.0204503235781,
              37.047637589704
            ],
            [
              -112.0204603235847,
              37.047682589708934
            ],
            [
              -112.0204033235742,
              37.04769058971363
            ],
            [
              -112.02035632357018,
              37.04774258972315
            ],
            [
              -112.02030932356617,
              37.047794589732725
            ],
            [
              -112.02025232355564,
              37.04780258973743
            ],
            [
              -112.02027132356848,
              37.04789158974726
            ],
            [
              -112.02024332357739,
              37.048033589766725
            ],
            [
              -112.02018732356704,
              37.04804058977125
            ],
            [
              -112.02019632357337,
              37.048085589776264
            ],
            [
              -112.02014932356936,
              37.048137589785824
            ],
            [
              -112.02009232355887,
              37.048145589790536
            ],
            [
              -112.02004532355484,
              37.04819758980004
            ],
            [
              -112.02005532356144,
              37.04824258980499
            ],
            [
              -112.01999832355092,
              37.04825058980975
            ],
            [
              -112.01979032352193,
              37.04837058983824
            ],
            [
              -112.01980032352837,
              37.04841458984306
            ],
            [
              -112.01970532352026,
              37.04851958986236
            ],
            [
              -112.0196483235097,
              37.048526589866924
            ],
            [
              -112.01965832351624,
              37.04857158987187
            ],
            [
              -112.0195643235083,
              37.04867658989109
            ],
            [
              -112.01957332351454,
              37.048720589895986
            ],
            [
              -112.01952632351063,
              37.04877358990561
            ],
            [
              -112.0195363235171,
              37.04881758991042
            ],
            [
              -112.01954632352364,
              37.04886258991539
            ],
            [
              -112.01955532352999,
              37.04890758992039
            ],
            [
              -112.01957532354301,
              37.04899658993015
            ],
            [
              -112.01958432354941,
              37.04904158993515
            ],
            [
              -112.01959432355595,
              37.0490865899401
            ],
            [
              -112.01960432356242,
              37.04913058994491
            ],
            [
              -112.01961332356876,
              37.049175589949925
            ],
            [
              -112.0196233235753,
              37.049220589954864
            ],
            [
              -112.01968932359213,
              37.04925758995511
            ],
            [
              -112.01970932360517,
              37.04934658996489
            ],
            [
              -112.01971832361156,
              37.049391589969886
            ],
            [
              -112.01960532359071,
              37.04940658997916
            ],
            [
              -112.01943432355914,
              37.04942958999319
            ],
            [
              -112.01926432352784,
              37.049452590007164
            ],
            [
              -112.01909332349618,
              37.04947459002108
            ],
            [
              -112.0187523234333,
              37.049520590049084
            ],
            [
              -112.01858232340193,
              37.049543590063045
            ],
            [
              -112.0186403234407,
              37.049811590092574
            ],
            [
              -112.01864932344706,
              37.0498565900976
            ],
            [
              -112.01866932346009,
              37.04994559010736
            ],
            [
              -112.01867832346649,
              37.049990590112365
            ],
            [
              -112.01870732348584,
              37.05012459012713
            ],
            [
              -112.01871732349238,
              37.05016959013208
            ],
            [
              -112.01872732349888,
              37.0502135901369
            ],
            [
              -112.01875632351823,
              37.05034759015166
            ],
            [
              -112.01882232353518,
              37.05038559015209
            ],
            [
              -112.0188323235416,
              37.05042959015691
            ],
            [
              -112.01885132355454,
              37.05051959016686
            ],
            [
              -112.01886132356103,
              37.05056359017168
            ],
            [
              -112.01888032357391,
              37.050653590181575
            ],
            [
              -112.0188903235804,
              37.05069759018639
            ],
            [
              -112.01890032358693,
              37.05074259019133
            ],
            [
              -112.01890932359332,
              37.05078759019633
            ],
            [
              -112.01891932359976,
              37.05083159020117
            ],
            [
              -112.01889132360867,
              37.050973590220686
            ],
            [
              -112.0189013236152,
              37.05101859022564
            ],
            [
              -112.0189103236216,
              37.05106359023063
            ],
            [
              -112.01892032362804,
              37.05110759023546
            ],
            [
              -112.01893032363462,
              37.0511525902404
            ],
            [
              -112.01893932364096,
              37.05119759024538
            ],
            [
              -112.01894932364745,
              37.05124159025023
            ],
            [
              -112.01895932365399,
              37.05128659025515
            ],
            [
              -112.01896932366051,
              37.051331590260105
            ],
            [
              -112.01897832366683,
              37.05137559026498
            ],
            [
              -112.01898832367336,
              37.05142059026993
            ],
            [
              -112.01899832367995,
              37.05146559027487
            ],
            [
              -112.01900732368618,
              37.05150959027975
            ],
            [
              -112.01907432370332,
              37.05154759028005
            ],
            [
              -112.01908332370957,
              37.05159159028495
            ],
            [
              -112.0191503237266,
              37.051628590285205
            ],
            [
              -112.01916032373319,
              37.05167359029013
            ],
            [
              -112.01922632375005,
              37.05171059029039
            ],
            [
              -112.01923632375657,
              37.05175559029532
            ],
            [
              -112.01924532376287,
              37.051799590300206
            ],
            [
              -112.0192553237694,
              37.05184459030515
            ],
            [
              -112.019265323776,
              37.0518895903101
            ],
            [
              -112.01927432378233,
              37.05193459031509
            ],
            [
              -112.01929432379536,
              37.05202359032486
            ],
            [
              -112.01931332380818,
              37.05211259033468
            ],
            [
              -112.01937032381873,
              37.05210559033009
            ],
            [
              -112.01938932383156,
              37.05219459033993
            ],
            [
              -112.01939932383816,
              37.05223959034486
            ],
            [
              -112.01941832385094,
              37.05232859035469
            ],
            [
              -112.01942832385753,
              37.05237359035964
            ],
            [
              -112.01943832386405,
              37.052418590364574
            ],
            [
              -112.01944732387035,
              37.05246259036946
            ],
            [
              -112.01939132386005,
              37.05247059037409
            ],
            [
              -112.01940032386644,
              37.052515590379116
            ],
            [
              -112.01942032387942,
              37.052604590388874
            ],
            [
              -112.01942932388582,
              37.05264959039387
            ],
            [
              -112.01946832391167,
              37.05282759041346
            ],
            [
              -112.0194783239182,
              37.0528725904184
            ]
          ]
        ]
      },
      "properties": {
        "objectid": 916801,
        "fire_id": "UT3704711205120200627",
        "fire_name": "WIRE PASS",
        "year": 2020,
        "startmonth": 6,
        "startday": 27,
        "fire_type": "Wildfire",
        "acres": 1767,
        "irwinid": "70E3B9A3-201B-4A98-8167-E38C9F848502",
        "map_id": 10020892,
        "map_prog": "MTBS",
        "asmnt_type": "Extended",
        "ig_date": 20200627,
        "pre_id": "803803420190728",
        "post_id": "803803420210802",
        "perim_id": null,
        "dnbr_offst": 9,
        "dnbr_stddv": 11,
        "nodata_threshold": -970,
        "greenness_threshold": -150,
        "low_threshold": 70,
        "moderate_threshold": 170,
        "high_threshold": 9999,
        "comments": null,
        "latitude": 37.051898,
        "longitude": -112.03431395,
        "st_area(shape)": 0.000724053141000099,
        "st_perimeter(shape)": 0.19653686732982872
      }
    }
  ]
}
