{
  "type": "FeatureCollection",
  "features": [
    {
      "type": "Feature",
      "id": 234558,
      "geometry": {
        "type": "Point",
        "coordinates": [
          -112.6841114714848,
          37.216705566775275
        ]
      },
      "properties": {
        "objectid": 234558,
        "fod_id": 238774,
        "fpa_id": "W-41269",
        "source_system_type": "FED",
        "source_system": "DOI-WFMI",
        "nwcg_reporting_agency": "BLM",
        "nwcg_reporting_unit_id": "USUTCCD",
        "nwcg_reporting_unit_name": "Cedar City Field Office",
        "source_reporting_unit": "UTCCD",
        "source_reporting_unit_name": "Cedar City Field Office",
        "local_fire_report_id": null,
        "local_incident_id": null,
        "fire_code": "R249",
        "fire_name": "MINERAL",
        "ics_209_plus_incident_join_id": null,
        "ics_209_plus_complex_join_id": null,
        "mtbs_id": null,
        "mtbs_fire_name": null,
        "complex_name": null,
        "fire_year": 1992,
        "discovery_date": 712281600000,
        "discovery_doy": 210,
        "discovery_time": "1355",
        "nwcg_cause_classification": "Natural",
        "nwcg_general_cause": "Natural",
        "nwcg_cause_age_category": null,
        "cont_date": 712281600000,
        "cont_doy": 210,
        "cont_time": "2115",
        "fire_size": 0.5,
        "fire_size_class": "B",
        "latitude": 37.2167,
        "longitude": -112.6841,
        "owner_descr": "BLM",
        "state": "UT",
        "county": null,
        "fips_code": null,
        "fips_name": null,
        "globalid": "{128D88CA-18DC-4392-ACFD-1BD960B8FA80}"
      }
    },
    {
      "type": "Feature",
      "id": 234580,
      "geometry": {
        "type": "Point",
        "coordinates": [
          -112.6841114714848,
          37.216705566775275
        ]
      },
      "properties": {
        "objectid": 234580,
        "fod_id": 238796,
        "fpa_id": "W-41293",
        "source_system_type": "FED",
        "source_system": "DOI-WFMI",
        "nwcg_reporting_agency": "BLM",
        "nwcg_reporting_unit_id": "USUTCCD",
        "nwcg_reporting_unit_name": "Cedar City Field Office",
        "source_reporting_unit": "UTCCD",
        "source_reporting_unit_name": "Cedar City Field Office",
        "local_fire_report_id": null,
        "local_incident_id": null,
        "fire_code": "R273",
        "fire_name": "GOLF COUR1",
        "ics_209_plus_incident_join_id": null,
        "ics_209_plus_complex_join_id": null,
        "mtbs_id": null,
        "mtbs_fire_name": null,
        "complex_name": null,
        "fire_year": 1992,
        "discovery_date": 713491200000,
        "discovery_doy": 224,
        "discovery_time": "1540",
        "nwcg_cause_classification": "Natural",
        "nwcg_general_cause": "Natural",
        "nwcg_cause_age_category": null,
        "cont_date": 713491200000,
        "cont_doy": 224,
        "cont_time": "1755",
        "fire_size": 0.1,
        "fire_size_class": "A",
        "latitude": 37.2167,
        "longitude": -112.6841,
        "owner_descr": "BLM",
        "state": "UT",
        "county": null,
        "fips_code": null,
        "fips_name": null,
        "globalid": "{F2702897-14B8-4C80-A942-2464F8054C8E}"
      }
    },
    {
      "type": "Feature",
      "id": 234581,
      "geometry": {
        "type": "Point",
        "coordinates": [
          -112.65081146497914,
          37.21670556898396
        ]
      },
      "properties": {
        "objectid": 234581,
        "fod_id": 238797,
        "fpa_id": "W-41294",
        "source_system_type": "FED",
        "source_system": "DOI-WFMI",
        "nwcg_reporting_agency": "BLM",
        "nwcg_reporting_unit_id": "USUTCCD",
        "nwcg_reporting_unit_name": "Cedar City Field Office",
        "source_reporting_unit": "UTCCD",
        "source_reporting_unit_name": "Cedar City Field Office",
        "local_fire_report_id": null,
        "local_incident_id": null,
        "fire_code": "R274",
        "fire_name": "GOLF CRSE2",
        "ics_209_plus_incident_join_id": null,
        "ics_209_plus_complex_join_id": null,
        "mtbs_id": null,
        "mtbs_fire_name": null,
        "complex_name": null,
        "fire_year": 1992,
        "discovery_date": 713491200000,
        "discovery_doy": 224,
        "discovery_time": "1540",
        "nwcg_cause_classification": "Natural",
        "nwcg_general_cause": "Natural",
        "nwcg_cause_age_category": null,
        "cont_date": 713491200000,
        "cont_doy": 224,
        "cont_time": "1850",
        "fire_size": 0.1,
        "fire_size_class": "A",
        "latitude": 37.2167,
        "longitude": -112.6508,
        "owner_descr": "BLM",
        "state": "UT",
        "county": null,
        "fips_code": null,
        "fips_name": null,
        "globalid": "{D25253A1-A642-40EB-8AC5-711B1BE2F3D2}"
      }
    },
    {
      "type": "Feature",
      "id": 234673,
      "geometry": {
        "type": "Point",
        "coordinates": [
          -112.66741146822287,
          37.216705567883
        ]
      },
      "properties": {
        "objectid": 234673,
        "fod_id": 238894,
        "fpa_id": "W-36078",
        "source_system_type": "FED",
        "source_system": "DOI-WFMI",
        "nwcg_reporting_agency": "BLM",
        "nwcg_reporting_unit_id": "USUTCCD",
        "nwcg_reporting_unit_name": "Cedar City Field Office",
        "source_reporting_unit": "UTCCD",
        "source_reporting_unit_name": "Cedar City Field Office",
        "local_fire_report_id": null,
        "local_incident_id": null,
        "fire_code": "R262",
        "fire_name": "JUNCTION",
        "ics_209_plus_incident_join_id": null,
        "ics_209_plus_complex_join_id": null,
        "mtbs_id": null,
        "mtbs_fire_name": null,
        "complex_name": null,
        "fire_year": 1993,
        "discovery_date": 744940800000,
        "discovery_doy": 222,
        "discovery_time": "1155",
        "nwcg_cause_classification": "Natural",
        "nwcg_general_cause": "Natural",
        "nwcg_cause_age_category": null,
        "cont_date": 744940800000,
        "cont_doy": 222,
        "cont_time": "1305",
        "fire_size": 0.1,
        "fire_size_class": "A",
        "latitude": 37.2167,
        "longitude": -112.6674,
        "owner_descr": "BLM",
        "state": "UT",
        "county": null,
        "fips_code": null,
        "fips_name": null,
        "globalid": "{F9236A16-ECDB-447C-B514-FEC0D6AAA122}"
      }
    },
    {
      "type": "Feature",
      "id": 234788,
      "geometry": {
        "type": "Point",
        "coordinates": [
          -112.65081145980542,
          37.166705562904966
        ]
      },
      "properties": {
        "objectid": 234788,
        "fod_id": 239010,
        "fpa_id": "W-31306",
        "source_system_type": "FED",
        "source_system": "DOI-WFMI",
        "nwcg_reporting_agency": "BLM",
        "nwcg_reporting_unit_id": "USUTCCD",
        "nwcg_reporting_unit_name": "Cedar City Field Office",
        "source_reporting_unit": "UTCCD",
        "source_reporting_unit_name": "Cedar City Field Office",
        "local_fire_report_id": null,
        "local_incident_id": null,
        "fire_code": "W209",
        "fire_name": "HELPER",
        "ics_209_plus_incident_join_id": null,
        "ics_209_plus_complex_join_id": null,
        "mtbs_id": null,
        "mtbs_fire_name": null,
        "complex_name": null,
        "fire_year": 1994,
        "discovery_date": 777772800000,
        "discovery_doy": 237,
        "discovery_time": "0920",
        "nwcg_cause_classification": "Human",
        "nwcg_general_cause": "Smoking",
        "nwcg_cause_age_category": null,
        "cont_date": 777772800000,
        "cont_doy": 237,
        "cont_time": "1400",
        "fire_size": 0.1,
        "fire_size_class": "A",
        "latitude": 37.1667,
        "longitude": -112.6508,
        "owner_descr": "BLM",
        "state": "UT",
        "county": null,
        "fips_code": null,
        "fips_name": null,
        "globalid": "{016A2A7C-7B1F-44EE-83FB-6205F3F9637B}"
      }
    },
    {
      "type": "Feature",
      "id": 234833,
      "geometry": {
        "type": "Point",
        "coordinates": [
          -112.78411149445274,
          37.25000556416666
        ]
      },
      "properties": {
        "objectid": 234833,
        "fod_id": 239055,
        "fpa_id": "W-25081",
        "source_system_type": "FED",
        "source_system": "DOI-WFMI",
        "nwcg_reporting_agency": "BLM",
        "nwcg_reporting_unit_id": "USUTCCD",
        "nwcg_reporting_unit_name": "Cedar City Field Office",
        "source_reporting_unit": "UTCCD",
        "source_reporting_unit_name": "Cedar City Field Office",
        "local_fire_report_id": null,
        "local_incident_id": null,
        "fire_code": "R236",
        "fire_name": "CLAYHILL 2",
        "ics_209_plus_incident_join_id": null,
        "ics_209_plus_complex_join_id": null,
        "mtbs_id": null,
        "mtbs_fire_name": null,
        "complex_name": null,
        "fire_year": 1995,
        "discovery_date": 806025600000,
        "discovery_doy": 199,
        "discovery_time": "1500",
        "nwcg_cause_classification": "Natural",
        "nwcg_general_cause": "Natural",
        "nwcg_cause_age_category": null,
        "cont_date": 806112000000,
        "cont_doy": 200,
        "cont_time": "1500",
        "fire_size": 0.1,
        "fire_size_class": "A",
        "latitude": 37.25,
        "longitude": -112.7841,
        "owner_descr": "BLM",
        "state": "UT",
        "county": null,
        "fips_code": null,
        "fips_name": null,
        "globalid": "{BA3BF26A-3E34-435A-90BC-2F15F227F571}"
      }
    },
    {
      "type": "Feature",
      "id": 234988,
      "geometry": {
        "type": "Point",
        "coordinates": [
          -112.6394114582903,
          37.17360556449863
        ]
      },
      "properties": {
        "objectid": 234988,
        "fod_id": 239214,
        "fpa_id": "W-19806",
        "source_system_type": "FED",
        "source_system": "DOI-WFMI",
        "nwcg_reporting_agency": "BLM",
        "nwcg_reporting_unit_id": "USUTCCD",
        "nwcg_reporting_unit_name": "Cedar City Field Office",
        "source_reporting_unit": "UTCCD",
        "source_reporting_unit_name": "Cedar City Field Office",
        "local_fire_report_id": null,
        "local_incident_id": null,
        "fire_code": "W246",
        "fire_name": "REDKNOLL",
        "ics_209_plus_incident_join_id": null,
        "ics_209_plus_complex_join_id": null,
        "mtbs_id": null,
        "mtbs_fire_name": null,
        "complex_name": null,
        "fire_year": 1996,
        "discovery_date": 841536000000,
        "discovery_doy": 245,
        "discovery_time": "1600",
        "nwcg_cause_classification": "Natural",
        "nwcg_general_cause": "Natural",
        "nwcg_cause_age_category": null,
        "cont_date": 841536000000,
        "cont_doy": 245,
        "cont_time": "1800",
        "fire_size": 0.1,
        "fire_size_class": "A",
        "latitude": 37.1736,
        "longitude": -112.6394,
        "owner_descr": "BLM",
        "state": "UT",
        "county": null,
        "fips_code": null,
        "fips_name": null,
        "globalid": "{860AD4E3-98E0-40DF-B8E1-7446CA522B06}"
      }
    },
    {
      "type": "Feature",
      "id": 235127,
      "geometry": {
        "type": "Point",
        "coordinates": [
          -112.68491147146477,
          37.21500556651584
        ]
      },
      "properties": {
        "objectid": 235127,
        "fod_id": 239356,
        "fpa_id": "W-8545",
        "source_system_type": "FED",
        "source_system": "DOI-WFMI",
        "nwcg_reporting_agency": "BLM",
        "nwcg_reporting_unit_id": "USUTCCD",
        "nwcg_reporting_unit_name": "Cedar City Field Office",
        "source_reporting_unit": "UTCCD",
        "source_reporting_unit_name": "Cedar City Field Office",
        "local_fire_report_id": null,
        "local_incident_id": null,
        "fire_code": "R356",
        "fire_name": "BARRACKS",
        "ics_209_plus_incident_join_id": null,
        "ics_209_plus_complex_join_id": null,
        "mtbs_id": null,
        "mtbs_fire_name": null,
        "complex_name": null,
        "fire_year": 1998,
        "discovery_date": 901411200000,
        "discovery_doy": 207,
        "discovery_time": "1230",
        "nwcg_cause_classification": "Natural",
        "nwcg_general_cause": "Natural",
        "nwcg_cause_age_category": null,
        "cont_date": 901411200000,
        "cont_doy": 207,
        "cont_time": "1700",
        "fire_size": 0.1,
        "fire_size_class": "A",
        "latitude": 37.215,
        "longitude": -112.6849,
        "owner_descr": "BLM",
        "state": "UT",
        "county": null,
        "fips_code": null,
        "fips_name": null,
        "globalid": "{8BD31FB9-548F-46AE-AC35-DB5CFF0E5C70}"
      }
    },
    {
      "type": "Feature",
      "id": 235152,
      "geometry": {
        "type": "Point",
        "coordinates": [
          -112.76601148899067,
          37.23140556311994
        ]
      },
      "properties": {
        "objectid": 235152,
        "fod_id": 239381,
        "fpa_id": "W-8571",
        "source_system_type": "FED",
        "source_system": "DOI-WFMI",
        "nwcg_reporting_agency": "BLM",
        "nwcg_reporting_unit_id": "USUTCCD",
        "nwcg_reporting_unit_name": "Cedar City Field Office",
        "source_reporting_unit": "UTCCD",
        "source_reporting_unit_name": "Cedar City Field Office",
        "local_fire_report_id": null,
        "local_incident_id": null,
        "fire_code": "R382",
        "fire_name": "MINERAL",
        "ics_209_plus_incident_join_id": null,
        "ics_209_plus_complex_join_id": null,
        "mtbs_id": null,
        "mtbs_fire_name": null,
        "complex_name": null,
        "fire_year": 1998,
        "discovery_date": 902620800000,
        "discovery_doy": 221,
        "discovery_time": "1531",
        "nwcg_cause_classification": "Natural",
        "nwcg_general_cause": "Natural",
        "nwcg_cause_age_category": null,
        "cont_date": 902620800000,
        "cont_doy": 221,
        "cont_time": "2000",
        "fire_size": 0.1,
        "fire_size_class": "A",
        "latitude": 37.2314,
        "longitude": -112.766,
        "owner_descr": "BLM",
        "state": "UT",
        "county": null,
        "fips_code": null,
        "fips_name": null,
        "globalid": "{73EBE6CE-3FAF-4ED0-8D6D-C560308834BC}"
      }
    },
    {
      "type": "Feature",
      "id": 235266,
      "geometry": {
        "type": "Point",
        "coordinates": [
          -112.7992014901238,
          37.17997555469181
        ]
      },
      "properties": {
        "objectid": 235266,
        "fod_id": 239504,
        "fpa_id": "W-4160",
        "source_system_type": "FED",
        "source_system": "DOI-WFMI",
        "nwcg_reporting_agency": "BLM",
        "nwcg_reporting_unit_id": "USUTCCD",
        "nwcg_reporting_unit_name": "Cedar City Field Office",
        "source_reporting_unit": "UTCCD",
        "source_reporting_unit_name": "Cedar City Field Office",
        "local_fire_report_id": null,
        "local_incident_id": null,
        "fire_code": "R218",
        "fire_name": "POVERTY PT",
        "ics_209_plus_incident_join_id": null,
        "ics_209_plus_complex_join_id": null,
        "mtbs_id": null,
        "mtbs_fire_name": null,
        "complex_name": null,
        "fire_year": 1999,
        "discovery_date": 934934400000,
        "discovery_doy": 230,
        "discovery_time": "1630",
        "nwcg_cause_classification": "Natural",
        "nwcg_general_cause": "Natural",
        "nwcg_cause_age_category": null,
        "cont_date": 935020800000,
        "cont_doy": 231,
        "cont_time": "2200",
        "fire_size": 0.3,
        "fire_size_class": "B",
        "latitude": 37.179970000000004,
        "longitude": -112.79919,
        "owner_descr": "BLM",
        "state": "UT",
        "county": "Kane",
        "fips_code": "49025",
        "fips_name": "Kane County",
        "globalid": "{F480CDB2-2FB0-41D4-9168-237D467EC931}"
      }
    },
    {
      "type": "Feature",
      "id": 343552,
      "geometry": {
        "type": "Point",
        "coordinates": [
          -112.67085146976314,
          37.22507556867103
        ]
      },
      "properties": {
        "objectid": 343552,
        "fod_id": 352363,
        "fpa_id": "W-99313",
        "source_system_type": "FED",
        "source_system": "DOI-WFMI",
        "nwcg_reporting_agency": "BLM",
        "nwcg_reporting_unit_id": "USUTCCD",
        "nwcg_reporting_unit_name": "Cedar City Field Office",
        "source_reporting_unit": "UTCCD",
        "source_reporting_unit_name": "Cedar City Field Office",
        "local_fire_report_id": null,
        "local_incident_id": null,
        "fire_code": "S217",
        "fire_name": "CARMEL",
        "ics_209_plus_incident_join_id": null,
        "ics_209_plus_complex_join_id": null,
        "mtbs_id": null,
        "mtbs_fire_name": null,
        "complex_name": null,
        "fire_year": 2000,
        "discovery_date": 966643200000,
        "discovery_doy": 232,
        "discovery_time": "1757",
        "nwcg_cause_classification": "Natural",
        "nwcg_general_cause": "Natural",
        "nwcg_cause_age_category": null,
        "cont_date": 966643200000,
        "cont_doy": 232,
        "cont_time": "1830",
        "fire_size": 0.1,
        "fire_size_class": "A",
        "latitude": 37.22507,
        "longitude": -112.67084,
        "owner_descr": "BLM",
        "state": "UT",
        "county": "Kane",
        "fips_code": "49025",
        "fips_name": "Kane County",
        "globalid": "{703AFD08-713E-4871-ADEB-77EF4DC6F0F7}"
      }
    },
    {
      "type": "Feature",
      "id": 343578,
      "geometry": {
        "type": "Point",
        "coordinates": [
          -112.7740614934321,
          37.25901556592452
        ]
      },
      "properties": {
        "objectid": 343578,
        "fod_id": 352389,
        "fpa_id": "W-99423",
        "source_system_type": "FED",
        "source_system": "DOI-WFMI",
        "nwcg_reporting_agency": "BLM",
        "nwcg_reporting_unit_id": "USUTCCD",
        "nwcg_reporting_unit_name": "Cedar City Field Office",
        "source_reporting_unit": "UTCCD",
        "source_reporting_unit_name": "Cedar City Field Office",
        "local_fire_report_id": null,
        "local_incident_id": null,
        "fire_code": "S249",
        "fire_name": "COAL HILL",
        "ics_209_plus_incident_join_id": null,
        "ics_209_plus_complex_join_id": null,
        "mtbs_id": null,
        "mtbs_fire_name": null,
        "complex_name": null,
        "fire_year": 2000,
        "discovery_date": 970185600000,
        "discovery_doy": 273,
        "discovery_time": "1700",
        "nwcg_cause_classification": "Natural",
        "nwcg_general_cause": "Natural",
        "nwcg_cause_age_category": null,
        "cont_date": 970185600000,
        "cont_doy": 273,
        "cont_time": "2359",
        "fire_size": 0.1,
        "fire_size_class": "A",
        "latitude": 37.25901,
        "longitude": -112.77405,
        "owner_descr": "BLM",
        "state": "UT",
        "county": "Kane",
        "fips_code": "49025",
        "fips_name": "Kane County",
        "globalid": "{ED301CAB-2039-4139-9531-979C976EE09A}"
      }
    },
    {
      "type": "Feature",
      "id": 343585,
      "geometry": {
        "type": "Point",
        "coordinates": [
          -112.80428149413703,
          37.209155557886454
        ]
      },
      "properties": {
        "objectid": 343585,
        "fod_id": 352396,
        "fpa_id": "W-99287",
        "source_system_type": "FED",
        "source_system": "DOI-WFMI",
        "nwcg_reporting_agency": "BLM",
        "nwcg_reporting_unit_id": "USUTCCD",
        "nwcg_reporting_unit_name": "Cedar City Field Office",
        "source_reporting_unit": "UTCCD",
        "source_reporting_unit_name": "Cedar City Field Office",
        "local_fire_report_id": null,
        "local_incident_id": null,
        "fire_code": "S255",
        "fire_name": "POVERTY FL",
        "ics_209_plus_incident_join_id": null,
        "ics_209_plus_complex_join_id": null,
        "mtbs_id": null,
        "mtbs_fire_name": null,
        "complex_name": null,
        "fire_year": 2000,
        "discovery_date": 970358400000,
        "discovery_doy": 275,
        "discovery_time": "1800",
        "nwcg_cause_classification": "Natural",
        "nwcg_general_cause": "Natural",
        "nwcg_cause_age_category": null,
        "cont_date": 970358400000,
        "cont_doy": 275,
        "cont_time": "2100",
        "fire_size": 0.1,
        "fire_size_class": "A",
        "latitude": 37.20915,
        "longitude": -112.80426999999999,
        "owner_descr": "BLM",
        "state": "UT",
        "county": "Kane",
        "fips_code": "49025",
        "fips_name": "Kane County",
        "globalid": "{94533ECB-99FA-48FD-97CD-40B26987241A}"
      }
    },
    {
      "type": "Feature",
      "id": 343697,
      "geometry": {
        "type": "Point",
        "coordinates": [
          -112.70273147539112,
          37.2193155658566
        ]
      },
      "properties": {
        "objectid": 343697,
        "fod_id": 352509,
        "fpa_id": "W-103677",
        "source_system_type": "FED",
        "source_system": "DOI-WFMI",
        "nwcg_reporting_agency": "BLM",
        "nwcg_reporting_unit_id": "USUTCCD",
        "nwcg_reporting_unit_name": "Cedar City Field Office",
        "source_reporting_unit": "UTCCD",
        "source_reporting_unit_name": "Cedar City Field Office",
        "local_fire_report_id": null,
        "local_incident_id": null,
        "fire_code": "W294",
        "fire_name": "TOOTHPICK",
        "ics_209_plus_incident_join_id": null,
        "ics_209_plus_complex_join_id": null,
        "mtbs_id": null,
        "mtbs_fire_name": null,
        "complex_name": null,
        "fire_year": 2001,
        "discovery_date": 997228800000,
        "discovery_doy": 220,
        "discovery_time": "1736",
        "nwcg_cause_classification": "Natural",
        "nwcg_general_cause": "Natural",
        "nwcg_cause_age_category": null,
        "cont_date": 997228800000,
        "cont_doy": 220,
        "cont_time": "2000",
        "fire_size": 0.1,
        "fire_size_class": "A",
        "latitude": 37.21931,
        "longitude": -112.70272,
        "owner_descr": "BLM",
        "state": "UT",
        "county": "Kane",
        "fips_code": "49025",
        "fips_name": "Kane County",
        "globalid": "{E9E63E99-2BA0-47CA-BE07-E6B02B3C5E82}"
      }
    },
    {
      "type": "Feature",
      "id": 343720,
      "geometry": {
        "type": "Point",
        "coordinates": [
          -112.66371146993808,
          37.240195570980234
        ]
      },
      "properties": {
        "objectid": 343720,
        "fod_id": 352532,
        "fpa_id": "W-103608",
        "source_system_type": "FED",
        "source_system": "DOI-WFMI",
        "nwcg_reporting_agency": "BLM",
        "nwcg_reporting_unit_id": "USUTCCD",
        "nwcg_reporting_unit_name": "Cedar City Field Office",
        "source_reporting_unit": "UTCCD",
        "source_reporting_unit_name": "Cedar City Field Office",
        "local_fire_report_id": null,
        "local_incident_id": null,
        "fire_code": "S326",
        "fire_name": "STINK WEED",
        "ics_209_plus_incident_join_id": null,
        "ics_209_plus_complex_join_id": null,
        "mtbs_id": null,
        "mtbs_fire_name": null,
        "complex_name": null,
        "fire_year": 2001,
        "discovery_date": 997833600000,
        "discovery_doy": 227,
        "discovery_time": "1507",
        "nwcg_cause_classification": "Natural",
        "nwcg_general_cause": "Natural",
        "nwcg_cause_age_category": null,
        "cont_date": 997833600000,
        "cont_doy": 227,
        "cont_time": "1600",
        "fire_size": 0.1,
        "fire_size_class": "A",
        "latitude": 37.24019,
        "longitude": -112.6637,
        "owner_descr": "BLM",
        "state": "UT",
        "county": "Kane",
        "fips_code": "49025",
        "fips_name": "Kane County",
        "globalid": "{22A4DBBB-0D39-43F1-B392-8223B32CE057}"
      }
    },
    {
      "type": "Feature",
      "id": 343721,
      "geometry": {
        "type": "Point",
        "coordinates": [
          -112.6712114668949,
          37.196725565204275
        ]
      },
      "properties": {
        "objectid": 343721,
        "fod_id": 352533,
        "fpa_id": "W-103601",
        "source_system_type": "FED",
        "source_system": "DOI-WFMI",
        "nwcg_reporting_agency": "BLM",
        "nwcg_reporting_unit_id": "USUTCCD",
        "nwcg_reporting_unit_name": "Cedar City Field Office",
        "source_reporting_unit": "UTCCD",
        "source_reporting_unit_name": "Cedar City Field Office",
        "local_fire_report_id": null,
        "local_incident_id": null,
        "fire_code": "S324",
        "fire_name": "MONICA",
        "ics_209_plus_incident_join_id": null,
        "ics_209_plus_complex_join_id": null,
        "mtbs_id": null,
        "mtbs_fire_name": null,
        "complex_name": null,
        "fire_year": 2001,
        "discovery_date": 997833600000,
        "discovery_doy": 227,
        "discovery_time": "1507",
        "nwcg_cause_classification": "Natural",
        "nwcg_general_cause": "Natural",
        "nwcg_cause_age_category": null,
        "cont_date": 997833600000,
        "cont_doy": 227,
        "cont_time": "2100",
        "fire_size": 0.1,
        "fire_size_class": "A",
        "latitude": 37.19672,
        "longitude": -112.6712,
        "owner_descr": "BLM",
        "state": "UT",
        "county": "Kane",
        "fips_code": "49025",
        "fips_name": "Kane County",
        "globalid": "{8B9EB8A7-78B1-4329-8F33-3DB617EDADA0}"
      }
    },
    {
      "type": "Feature",
      "id": 343724,
      "geometry": {
        "type": "Point",
        "coordinates": [
          -112.65969146861349,
          37.2350055706172
        ]
      },
      "properties": {
        "objectid": 343724,
        "fod_id": 352536,
        "fpa_id": "W-103611",
        "source_system_type": "FED",
        "source_system": "DOI-WFMI",
        "nwcg_reporting_agency": "BLM",
        "nwcg_reporting_unit_id": "USUTCCD",
        "nwcg_reporting_unit_name": "Cedar City Field Office",
        "source_reporting_unit": "UTCCD",
        "source_reporting_unit_name": "Cedar City Field Office",
        "local_fire_report_id": null,
        "local_incident_id": null,
        "fire_code": "S327",
        "fire_name": "SAND WASH",
        "ics_209_plus_incident_join_id": null,
        "ics_209_plus_complex_join_id": null,
        "mtbs_id": null,
        "mtbs_fire_name": null,
        "complex_name": null,
        "fire_year": 2001,
        "discovery_date": 997833600000,
        "discovery_doy": 227,
        "discovery_time": "1705",
        "nwcg_cause_classification": "Natural",
        "nwcg_general_cause": "Natural",
        "nwcg_cause_age_category": null,
        "cont_date": 997833600000,
        "cont_doy": 227,
        "cont_time": "1730",
        "fire_size": 0.1,
        "fire_size_class": "A",
        "latitude": 37.235,
        "longitude": -112.65968,
        "owner_descr": "BLM",
        "state": "UT",
        "county": "Kane",
        "fips_code": "49025",
        "fips_name": "Kane County",
        "globalid": "{7FA72AED-8884-4DB0-9523-B37712BA8540}"
      }
    },
    {
      "type": "Feature",
      "id": 343725,
      "geometry": {
        "type": "Point",
        "coordinates": [
          -112.70104147572643,
          37.22572556674618
        ]
      },
      "properties": {
        "objectid": 343725,
        "fod_id": 352537,
        "fpa_id": "W-103621",
        "source_system_type": "FED",
        "source_system": "DOI-WFMI",
        "nwcg_reporting_agency": "BLM",
        "nwcg_reporting_unit_id": "USUTCCD",
        "nwcg_reporting_unit_name": "Cedar City Field Office",
        "source_reporting_unit": "UTCCD",
        "source_reporting_unit_name": "Cedar City Field Office",
        "local_fire_report_id": null,
        "local_incident_id": null,
        "fire_code": "S330",
        "fire_name": "SHERIFF",
        "ics_209_plus_incident_join_id": null,
        "ics_209_plus_complex_join_id": null,
        "mtbs_id": null,
        "mtbs_fire_name": null,
        "complex_name": null,
        "fire_year": 2001,
        "discovery_date": 997833600000,
        "discovery_doy": 227,
        "discovery_time": "1804",
        "nwcg_cause_classification": "Natural",
        "nwcg_general_cause": "Natural",
        "nwcg_cause_age_category": null,
        "cont_date": 997833600000,
        "cont_doy": 227,
        "cont_time": "1930",
        "fire_size": 0.1,
        "fire_size_class": "A",
        "latitude": 37.22572,
        "longitude": -112.70102999999999,
        "owner_descr": "BLM",
        "state": "UT",
        "county": "Kane",
        "fips_code": "49025",
        "fips_name": "Kane County",
        "globalid": "{B236C27C-CFF9-4BE4-8AE9-77F288CB9DD1}"
      }
    },
    {
      "type": "Feature",
      "id": 343726,
      "geometry": {
        "type": "Point",
        "coordinates": [
          -112.70992148097349,
          37.25952557025299
        ]
      },
      "properties": {
        "objectid": 343726,
        "fod_id": 352538,
        "fpa_id": "W-103623",
        "source_system_type": "FED",
        "source_system": "DOI-WFMI",
        "nwcg_reporting_agency": "BLM",
        "nwcg_reporting_unit_id": "USUTCCD",
        "nwcg_reporting_unit_name": "Cedar City Field Office",
        "source_reporting_unit": "UTCCD",
        "source_reporting_unit_name": "Cedar City Field Office",
        "local_fire_report_id": null,
        "local_incident_id": null,
        "fire_code": "S331",
        "fire_name": "SPRING HOL",
        "ics_209_plus_incident_join_id": null,
        "ics_209_plus_complex_join_id": null,
        "mtbs_id": null,
        "mtbs_fire_name": null,
        "complex_name": null,
        "fire_year": 2001,
        "discovery_date": 997833600000,
        "discovery_doy": 227,
        "discovery_time": "1852",
        "nwcg_cause_classification": "Natural",
        "nwcg_general_cause": "Natural",
        "nwcg_cause_age_category": null,
        "cont_date": 997833600000,
        "cont_doy": 227,
        "cont_time": "2000",
        "fire_size": 0.1,
        "fire_size_class": "A",
        "latitude": 37.25952,
        "longitude": -112.70991000000001,
        "owner_descr": "BLM",
        "state": "UT",
        "county": "Kane",
        "fips_code": "49025",
        "fips_name": "Kane County",
        "globalid": "{409A25EE-474F-4EAD-BD93-DA58A9B63395}"
      }
    },
    {
      "type": "Feature",
      "id": 343752,
      "geometry": {
        "type": "Point",
        "coordinates": [
          -112.67682146896847,
          37.20616556597912
        ]
      },
      "properties": {
        "objectid": 343752,
        "fod_id": 352564,
        "fpa_id": "W-103597",
        "source_system_type": "FED",
        "source_system": "DOI-WFMI",
        "nwcg_reporting_agency": "BLM",
        "nwcg_reporting_unit_id": "USUTCCD",
        "nwcg_reporting_unit_name": "Cedar City Field Office",
        "source_reporting_unit": "UTCCD",
        "source_reporting_unit_name": "Cedar City Field Office",
        "local_fire_report_id": null,
        "local_incident_id": null,
        "fire_code": "S362",
        "fire_name": "STOP SIGN",
        "ics_209_plus_incident_join_id": null,
        "ics_209_plus_complex_join_id": null,
        "mtbs_id": null,
        "mtbs_fire_name": null,
        "complex_name": null,
        "fire_year": 2001,
        "discovery_date": 998006400000,
        "discovery_doy": 229,
        "discovery_time": "1700",
        "nwcg_cause_classification": "Natural",
        "nwcg_general_cause": "Natural",
        "nwcg_cause_age_category": null,
        "cont_date": 998006400000,
        "cont_doy": 229,
        "cont_time": "2030",
        "fire_size": 0.1,
        "fire_size_class": "A",
        "latitude": 37.20616,
        "longitude": -112.67681,
        "owner_descr": "BLM",
        "state": "UT",
        "county": "Kane",
        "fips_code": "49025",
        "fips_name": "Kane County",
        "globalid": "{ABAEE8EB-3810-4BE5-A5A3-8D2315F4271C}"
      }
    },
    {
      "type": "Feature",
      "id": 343753,
      "geometry": {
        "type": "Point",
        "coordinates": [
          -112.68930147422537,
          37.23334556844982
        ]
      },
      "properties": {
        "objectid": 343753,
        "fod_id": 352565,
        "fpa_id": "W-103600",
        "source_system_type": "FED",
        "source_system": "DOI-WFMI",
        "nwcg_reporting_agency": "BLM",
        "nwcg_reporting_unit_id": "USUTCCD",
        "nwcg_reporting_unit_name": "Cedar City Field Office",
        "source_reporting_unit": "UTCCD",
        "source_reporting_unit_name": "Cedar City Field Office",
        "local_fire_report_id": null,
        "local_incident_id": null,
        "fire_code": "S363",
        "fire_name": "SWRLAGNCPX",
        "ics_209_plus_incident_join_id": null,
        "ics_209_plus_complex_join_id": null,
        "mtbs_id": null,
        "mtbs_fire_name": null,
        "complex_name": null,
        "fire_year": 2001,
        "discovery_date": 998006400000,
        "discovery_doy": 229,
        "discovery_time": "1743",
        "nwcg_cause_classification": "Natural",
        "nwcg_general_cause": "Natural",
        "nwcg_cause_age_category": null,
        "cont_date": 998006400000,
        "cont_doy": 229,
        "cont_time": "2300",
        "fire_size": 0.1,
        "fire_size_class": "A",
        "latitude": 37.23334,
        "longitude": -112.68929,
        "owner_descr": "BLM",
        "state": "UT",
        "county": "Kane",
        "fips_code": "49025",
        "fips_name": "Kane County",
        "globalid": "{EF9A4E7D-D6A6-47BC-A6F9-9F09392FE6D9}"
      }
    },
    {
      "type": "Feature",
      "id": 343810,
      "geometry": {
        "type": "Point",
        "coordinates": [
          -112.7073314761708,
          37.21817556541307
        ]
      },
      "properties": {
        "objectid": 343810,
        "fod_id": 352622,
        "fpa_id": "W-107070",
        "source_system_type": "FED",
        "source_system": "DOI-WFMI",
        "nwcg_reporting_agency": "BLM",
        "nwcg_reporting_unit_id": "USUTCCD",
        "nwcg_reporting_unit_name": "Cedar City Field Office",
        "source_reporting_unit": "UTCCD",
        "source_reporting_unit_name": "Cedar City Field Office",
        "local_fire_report_id": null,
        "local_incident_id": null,
        "fire_code": "R258",
        "fire_name": "RAILED",
        "ics_209_plus_incident_join_id": null,
        "ics_209_plus_complex_join_id": null,
        "mtbs_id": null,
        "mtbs_fire_name": null,
        "complex_name": null,
        "fire_year": 2002,
        "discovery_date": 1011139200000,
        "discovery_doy": 16,
        "discovery_time": "1800",
        "nwcg_cause_classification": "Human",
        "nwcg_general_cause": "Arson/incendiarism",
        "nwcg_cause_age_category": null,
        "cont_date": 1011225600000,
        "cont_doy": 17,
        "cont_time": "1300",
        "fire_size": 0.3,
        "fire_size_class": "B",
        "latitude": 37.21817,
        "longitude": -112.70732000000001,
        "owner_descr": "BLM",
        "state": "UT",
        "county": "Kane",
        "fips_code": "49025",
        "fips_name": "Kane County",
        "globalid": "{0FA1B507-0E21-4F83-A27E-2C17C0B16CE9}"
      }
    },
    {
      "type": "Feature",
      "id": 343812,
      "geometry": {
        "type": "Point",
        "coordinates": [
          -112.70018147376501,
          37.208435564705795
        ]
      },
      "properties": {
        "objectid": 343812,
        "fod_id": 352624,
        "fpa_id": "W-107072",
        "source_system_type": "FED",
        "source_system": "DOI-WFMI",
        "nwcg_reporting_agency": "BLM",
        "nwcg_reporting_unit_id": "USUTCCD",
        "nwcg_reporting_unit_name": "Cedar City Field Office",
        "source_reporting_unit": "UTCCD",
        "source_reporting_unit_name": "Cedar City Field Office",
        "local_fire_report_id": null,
        "local_incident_id": null,
        "fire_code": "R260",
        "fire_name": "RAILED 2",
        "ics_209_plus_incident_join_id": null,
        "ics_209_plus_complex_join_id": null,
        "mtbs_id": null,
        "mtbs_fire_name": null,
        "complex_name": null,
        "fire_year": 2002,
        "discovery_date": 1011571200000,
        "discovery_doy": 21,
        "discovery_time": "1820",
        "nwcg_cause_classification": "Human",
        "nwcg_general_cause": "Arson/incendiarism",
        "nwcg_cause_age_category": null,
        "cont_date": 1011657600000,
        "cont_doy": 22,
        "cont_time": "1100",
        "fire_size": 0.1,
        "fire_size_class": "A",
        "latitude": 37.20843,
        "longitude": -112.70017,
        "owner_descr": "BLM",
        "state": "UT",
        "county": "Kane",
        "fips_code": "49025",
        "fips_name": "Kane County",
        "globalid": "{8EC7ADD4-69D8-4F54-A36A-42E5D17AD000}"
      }
    },
    {
      "type": "Feature",
      "id": 344041,
      "geometry": {
        "type": "Point",
        "coordinates": [
          -112.7949114943315,
          37.228605560861105
        ]
      },
      "properties": {
        "objectid": 344041,
        "fod_id": 352866,
        "fpa_id": "W-117901",
        "source_system_type": "FED",
        "source_system": "DOI-WFMI",
        "nwcg_reporting_agency": "BLM",
        "nwcg_reporting_unit_id": "USUTCCD",
        "nwcg_reporting_unit_name": "Cedar City Field Office",
        "source_reporting_unit": "UTCCD",
        "source_reporting_unit_name": "Cedar City Field Office",
        "local_fire_report_id": null,
        "local_incident_id": null,
        "fire_code": "W283",
        "fire_name": "CASTRO",
        "ics_209_plus_incident_join_id": null,
        "ics_209_plus_complex_join_id": null,
        "mtbs_id": null,
        "mtbs_fire_name": null,
        "complex_name": null,
        "fire_year": 2003,
        "discovery_date": 1058918400000,
        "discovery_doy": 204,
        "discovery_time": "1858",
        "nwcg_cause_classification": "Natural",
        "nwcg_general_cause": "Natural",
        "nwcg_cause_age_category": null,
        "cont_date": 1058918400000,
        "cont_doy": 204,
        "cont_time": "2053",
        "fire_size": 0.2,
        "fire_size_class": "A",
        "latitude": 37.2286,
        "longitude": -112.7949,
        "owner_descr": "BLM",
        "state": "UT",
        "county": "Kane",
        "fips_code": "49025",
        "fips_name": "Kane County",
        "globalid": "{1BB6DB00-9FFF-4D61-BB3D-23092C54B444}"
      }
    },
    {
      "type": "Feature",
      "id": 344290,
      "geometry": {
        "type": "Point",
        "coordinates": [
          -112.65441146107693,
          37.17220556333589
        ]
      },
      "properties": {
        "objectid": 344290,
        "fod_id": 353118,
        "fpa_id": "W-124051",
        "source_system_type": "FED",
        "source_system": "DOI-WFMI",
        "nwcg_reporting_agency": "BLM",
        "nwcg_reporting_unit_id": "USUTCCD",
        "nwcg_reporting_unit_name": "Cedar City Field Office",
        "source_reporting_unit": "UTCCD",
        "source_reporting_unit_name": "Cedar City Field Office",
        "local_fire_report_id": null,
        "local_incident_id": null,
        "fire_code": "A8WK",
        "fire_name": "CLAY FLAT",
        "ics_209_plus_incident_join_id": null,
        "ics_209_plus_complex_join_id": null,
        "mtbs_id": null,
        "mtbs_fire_name": null,
        "complex_name": null,
        "fire_year": 2004,
        "discovery_date": 1090454400000,
        "discovery_doy": 204,
        "discovery_time": "1430",
        "nwcg_cause_classification": "Natural",
        "nwcg_general_cause": "Natural",
        "nwcg_cause_age_category": null,
        "cont_date": 1090454400000,
        "cont_doy": 204,
        "cont_time": "1700",
        "fire_size": 0.1,
        "fire_size_class": "A",
        "latitude": 37.1722,
        "longitude": -112.6544,
        "owner_descr": "BLM",
        "state": "UT",
        "county": "Kane",
        "fips_code": "49025",
        "fips_name": "Kane County",
        "globalid": "{B7165816-ADAB-48FE-9C45-AF51ECDA72B7}"
      }
    },
    {
      "type": "Feature",
      "id": 344395,
      "geometry": {
        "type": "Point",
        "coordinates": [
          -112.64851146746722,
          37.24500557257358
        ]
      },
      "properties": {
        "objectid": 344395,
        "fod_id": 353231,
        "fpa_id": "W-125650",
        "source_system_type": "FED",
        "source_system": "DOI-WFMI",
        "nwcg_reporting_agency": "BLM",
        "nwcg_reporting_unit_id": "USUTCCD",
        "nwcg_reporting_unit_name": "Cedar City Field Office",
        "source_reporting_unit": "UTCCD",
        "source_reporting_unit_name": "Cedar City Field Office",
        "local_fire_report_id": null,
        "local_incident_id": null,
        "fire_code": "BE39",
        "fire_name": "SUGAR KNOL",
        "ics_209_plus_incident_join_id": null,
        "ics_209_plus_complex_join_id": null,
        "mtbs_id": null,
        "mtbs_fire_name": null,
        "complex_name": null,
        "fire_year": 2004,
        "discovery_date": 1094688000000,
        "discovery_doy": 253,
        "discovery_time": "1417",
        "nwcg_cause_classification": "Natural",
        "nwcg_general_cause": "Natural",
        "nwcg_cause_age_category": null,
        "cont_date": 1094688000000,
        "cont_doy": 253,
        "cont_time": "1700",
        "fire_size": 0.1,
        "fire_size_class": "A",
        "latitude": 37.245,
        "longitude": -112.6485,
        "owner_descr": "BLM",
        "state": "UT",
        "county": "Kane",
        "fips_code": "49025",
        "fips_name": "Kane County",
        "globalid": "{7600FDEC-D1CC-42DC-890E-95CA1C264F83}"
      }
    },
    {
      "type": "Feature",
      "id": 344416,
      "geometry": {
        "type": "Point",
        "coordinates": [
          -112.71131147728272,
          37.221405565540685
        ]
      },
      "properties": {
        "objectid": 344416,
        "fod_id": 353252,
        "fpa_id": "W-125661",
        "source_system_type": "FED",
        "source_system": "DOI-WFMI",
        "nwcg_reporting_agency": "BLM",
        "nwcg_reporting_unit_id": "USUTCCD",
        "nwcg_reporting_unit_name": "Cedar City Field Office",
        "source_reporting_unit": "UTCCD",
        "source_reporting_unit_name": "Cedar City Field Office",
        "local_fire_report_id": null,
        "local_incident_id": null,
        "fire_code": "BF61",
        "fire_name": "CARMEL JCT",
        "ics_209_plus_incident_join_id": null,
        "ics_209_plus_complex_join_id": null,
        "mtbs_id": null,
        "mtbs_fire_name": null,
        "complex_name": null,
        "fire_year": 2004,
        "discovery_date": 1096329600000,
        "discovery_doy": 272,
        "discovery_time": "1640",
        "nwcg_cause_classification": "Natural",
        "nwcg_general_cause": "Natural",
        "nwcg_cause_age_category": null,
        "cont_date": 1096416000000,
        "cont_doy": 273,
        "cont_time": "1420",
        "fire_size": 0.1,
        "fire_size_class": "A",
        "latitude": 37.2214,
        "longitude": -112.7113,
        "owner_descr": "BLM",
        "state": "UT",
        "county": "Kane",
        "fips_code": "49025",
        "fips_name": "Kane County",
        "globalid": "{50B84B1E-1E2D-4186-B12B-ED36E819A5D7}"
      }
    },
    {
      "type": "Feature",
      "id": 344421,
      "geometry": {
        "type": "Point",
        "coordinates": [
          -112.76911148950147,
          37.230505562805064
        ]
      },
      "properties": {
        "objectid": 344421,
        "fod_id": 353257,
        "fpa_id": "W-125682",
        "source_system_type": "FED",
        "source_system": "DOI-WFMI",
        "nwcg_reporting_agency": "BLM",
        "nwcg_reporting_unit_id": "USUTCCD",
        "nwcg_reporting_unit_name": "Cedar City Field Office",
        "source_reporting_unit": "UTCCD",
        "source_reporting_unit_name": "Cedar City Field Office",
        "local_fire_report_id": null,
        "local_incident_id": null,
        "fire_code": "BGZ0",
        "fire_name": "COAL HILL",
        "ics_209_plus_incident_join_id": null,
        "ics_209_plus_complex_join_id": null,
        "mtbs_id": null,
        "mtbs_fire_name": null,
        "complex_name": null,
        "fire_year": 2004,
        "discovery_date": 1096848000000,
        "discovery_doy": 278,
        "discovery_time": "1229",
        "nwcg_cause_classification": "Human",
        "nwcg_general_cause": "Missing data/not specified/undetermined",
        "nwcg_cause_age_category": null,
        "cont_date": 1096848000000,
        "cont_doy": 278,
        "cont_time": "1623",
        "fire_size": 0.1,
        "fire_size_class": "A",
        "latitude": 37.2305,
        "longitude": -112.7691,
        "owner_descr": "BLM",
        "state": "UT",
        "county": "Kane",
        "fips_code": "49025",
        "fips_name": "Kane County",
        "globalid": "{53399E35-D06E-419E-BD61-7DBE5B049C48}"
      }
    },
    {
      "type": "Feature",
      "id": 344455,
      "geometry": {
        "type": "Point",
        "coordinates": [
          -112.71361147752411,
          37.219405565145514
        ]
      },
      "properties": {
        "objectid": 344455,
        "fod_id": 353296,
        "fpa_id": "W-501526",
        "source_system_type": "FED",
        "source_system": "DOI-WFMI",
        "nwcg_reporting_agency": "BLM",
        "nwcg_reporting_unit_id": "USUTCCD",
        "nwcg_reporting_unit_name": "Cedar City Field Office",
        "source_reporting_unit": "UTCCD",
        "source_reporting_unit_name": "Cedar City Field Office",
        "local_fire_report_id": null,
        "local_incident_id": null,
        "fire_code": "BUC9",
        "fire_name": "MT CARML J",
        "ics_209_plus_incident_join_id": null,
        "ics_209_plus_complex_join_id": null,
        "mtbs_id": null,
        "mtbs_fire_name": null,
        "complex_name": null,
        "fire_year": 2005,
        "discovery_date": 1118707200000,
        "discovery_doy": 165,
        "discovery_time": "1935",
        "nwcg_cause_classification": "Natural",
        "nwcg_general_cause": "Natural",
        "nwcg_cause_age_category": null,
        "cont_date": 1118793600000,
        "cont_doy": 166,
        "cont_time": "1800",
        "fire_size": 0.1,
        "fire_size_class": "A",
        "latitude": 37.2194,
        "longitude": -112.7136,
        "owner_descr": "BLM",
        "state": "UT",
        "county": "Kane",
        "fips_code": "49025",
        "fips_name": "Kane County",
        "globalid": "{D3E3DEAE-80F0-4657-A7C6-E65CAC99B7F4}"
      }
    },
    {
      "type": "Feature",
      "id": 344469,
      "geometry": {
        "type": "Point",
        "coordinates": [
          -112.78191149408644,
          37.25060556438553
        ]
      },
      "properties": {
        "objectid": 344469,
        "fod_id": 353310,
        "fpa_id": "W-501556",
        "source_system_type": "FED",
        "source_system": "DOI-WFMI",
        "nwcg_reporting_agency": "BLM",
        "nwcg_reporting_unit_id": "USUTCCD",
        "nwcg_reporting_unit_name": "Cedar City Field Office",
        "source_reporting_unit": "UTCCD",
        "source_reporting_unit_name": "Cedar City Field Office",
        "local_fire_report_id": null,
        "local_incident_id": null,
        "fire_code": "BV3M",
        "fire_name": "COAL HILL",
        "ics_209_plus_incident_join_id": null,
        "ics_209_plus_complex_join_id": null,
        "mtbs_id": null,
        "mtbs_fire_name": null,
        "complex_name": null,
        "fire_year": 2005,
        "discovery_date": 1119484800000,
        "discovery_doy": 174,
        "discovery_time": "1706",
        "nwcg_cause_classification": "Natural",
        "nwcg_general_cause": "Natural",
        "nwcg_cause_age_category": null,
        "cont_date": 1119571200000,
        "cont_doy": 175,
        "cont_time": "1400",
        "fire_size": 0.1,
        "fire_size_class": "A",
        "latitude": 37.2506,
        "longitude": -112.7819,
        "owner_descr": "BLM",
        "state": "UT",
        "county": "Kane",
        "fips_code": "49025",
        "fips_name": "Kane County",
        "globalid": "{A2093904-8733-4534-BBA5-41376556D56B}"
      }
    },
    {
      "type": "Feature",
      "id": 344471,
      "geometry": {
        "type": "Point",
        "coordinates": [
          -112.79251149496584,
          37.23920556230236
        ]
      },
      "properties": {
        "objectid": 344471,
        "fod_id": 353312,
        "fpa_id": "W-501557",
        "source_system_type": "FED",
        "source_system": "DOI-WFMI",
        "nwcg_reporting_agency": "BLM",
        "nwcg_reporting_unit_id": "USUTCCD",
        "nwcg_reporting_unit_name": "Cedar City Field Office",
        "source_reporting_unit": "UTCCD",
        "source_reporting_unit_name": "Cedar City Field Office",
        "local_fire_report_id": null,
        "local_incident_id": null,
        "fire_code": "BV3S",
        "fire_name": "MEADOW GUL",
        "ics_209_plus_incident_join_id": null,
        "ics_209_plus_complex_join_id": null,
        "mtbs_id": null,
        "mtbs_fire_name": null,
        "complex_name": null,
        "fire_year": 2005,
        "discovery_date": 1119484800000,
        "discovery_doy": 174,
        "discovery_time": "1903",
        "nwcg_cause_classification": "Natural",
        "nwcg_general_cause": "Natural",
        "nwcg_cause_age_category": null,
        "cont_date": 1119484800000,
        "cont_doy": 174,
        "cont_time": "2200",
        "fire_size": 0.1,
        "fire_size_class": "A",
        "latitude": 37.2392,
        "longitude": -112.7925,
        "owner_descr": "BLM",
        "state": "UT",
        "county": "Kane",
        "fips_code": "49025",
        "fips_name": "Kane County",
        "globalid": "{789AF8C6-8863-4CBB-8EA5-A54405637331}"
      }
    },
    {
      "type": "Feature",
      "id": 344518,
      "geometry": {
        "type": "Point",
        "coordinates": [
          -112.71831147905364,
          37.225305565548865
        ]
      },
      "properties": {
        "objectid": 344518,
        "fod_id": 353360,
        "fpa_id": "W-511143",
        "source_system_type": "FED",
        "source_system": "DOI-WFMI",
        "nwcg_reporting_agency": "BLM",
        "nwcg_reporting_unit_id": "USUTCCD",
        "nwcg_reporting_unit_name": "Cedar City Field Office",
        "source_reporting_unit": "UTCCD",
        "source_reporting_unit_name": "Cedar City Field Office",
        "local_fire_report_id": null,
        "local_incident_id": null,
        "fire_code": "B1BH",
        "fire_name": "MILE 54",
        "ics_209_plus_incident_join_id": null,
        "ics_209_plus_complex_join_id": null,
        "mtbs_id": null,
        "mtbs_fire_name": null,
        "complex_name": null,
        "fire_year": 2005,
        "discovery_date": 1121817600000,
        "discovery_doy": 201,
        "discovery_time": "1943",
        "nwcg_cause_classification": "Natural",
        "nwcg_general_cause": "Natural",
        "nwcg_cause_age_category": null,
        "cont_date": 1121904000000,
        "cont_doy": 202,
        "cont_time": "2100",
        "fire_size": 0.1,
        "fire_size_class": "A",
        "latitude": 37.2253,
        "longitude": -112.7183,
        "owner_descr": "BLM",
        "state": "UT",
        "county": "Kane",
        "fips_code": "49025",
        "fips_name": "Kane County",
        "globalid": "{0D3D9165-0D5B-42DF-B928-182AB4676BAA}"
      }
    },
    {
      "type": "Feature",
      "id": 344634,
      "geometry": {
        "type": "Point",
        "coordinates": [
          -112.6842114681071,
          37.18390556278574
        ]
      },
      "properties": {
        "objectid": 344634,
        "fod_id": 353478,
        "fpa_id": "W-535702",
        "source_system_type": "FED",
        "source_system": "DOI-WFMI",
        "nwcg_reporting_agency": "BLM",
        "nwcg_reporting_unit_id": "USUTCCD",
        "nwcg_reporting_unit_name": "Cedar City Field Office",
        "source_reporting_unit": "UTCCD",
        "source_reporting_unit_name": "Cedar City Field Office",
        "local_fire_report_id": null,
        "local_incident_id": null,
        "fire_code": "CSF8",
        "fire_name": "MONCUR",
        "ics_209_plus_incident_join_id": null,
        "ics_209_plus_complex_join_id": null,
        "mtbs_id": null,
        "mtbs_fire_name": null,
        "complex_name": null,
        "fire_year": 2006,
        "discovery_date": 1151366400000,
        "discovery_doy": 178,
        "discovery_time": "1501",
        "nwcg_cause_classification": "Natural",
        "nwcg_general_cause": "Natural",
        "nwcg_cause_age_category": null,
        "cont_date": 1151452800000,
        "cont_doy": 179,
        "cont_time": "1251",
        "fire_size": 0.1,
        "fire_size_class": "A",
        "latitude": 37.1839,
        "longitude": -112.6842,
        "owner_descr": "BLM",
        "state": "UT",
        "county": "Kane",
        "fips_code": "49025",
        "fips_name": "Kane County",
        "globalid": "{49C5B391-0C94-4BB6-B454-512B4410DB21}"
      }
    },
    {
      "type": "Feature",
      "id": 344769,
      "geometry": {
        "type": "Point",
        "coordinates": [
          -112.78921149547779,
          37.25030556386368
        ]
      },
      "properties": {
        "objectid": 344769,
        "fod_id": 353626,
        "fpa_id": "W-528867",
        "source_system_type": "FED",
        "source_system": "DOI-WFMI",
        "nwcg_reporting_agency": "BLM",
        "nwcg_reporting_unit_id": "USUTCCD",
        "nwcg_reporting_unit_name": "Cedar City Field Office",
        "source_reporting_unit": "UTCCD",
        "source_reporting_unit_name": "Cedar City Field Office",
        "local_fire_report_id": null,
        "local_incident_id": null,
        "fire_code": "C1QH",
        "fire_name": "COAL HILL",
        "ics_209_plus_incident_join_id": null,
        "ics_209_plus_complex_join_id": null,
        "mtbs_id": null,
        "mtbs_fire_name": null,
        "complex_name": null,
        "fire_year": 2006,
        "discovery_date": 1153872000000,
        "discovery_doy": 207,
        "discovery_time": "1800",
        "nwcg_cause_classification": "Natural",
        "nwcg_general_cause": "Natural",
        "nwcg_cause_age_category": null,
        "cont_date": 1153958400000,
        "cont_doy": 208,
        "cont_time": "1230",
        "fire_size": 0.3,
        "fire_size_class": "B",
        "latitude": 37.2503,
        "longitude": -112.7892,
        "owner_descr": "BLM",
        "state": "UT",
        "county": "Kane",
        "fips_code": "49025",
        "fips_name": "Kane County",
        "globalid": "{DC87FB2C-CD10-4716-8E9F-64EEA6F2654C}"
      }
    },
    {
      "type": "Feature",
      "id": 344957,
      "geometry": {
        "type": "Point",
        "coordinates": [
          -112.66361146301895,
          37.17360556289748
        ]
      },
      "properties": {
        "objectid": 344957,
        "fod_id": 353820,
        "fpa_id": "W-548994",
        "source_system_type": "FED",
        "source_system": "DOI-WFMI",
        "nwcg_reporting_agency": "BLM",
        "nwcg_reporting_unit_id": "USUTCCD",
        "nwcg_reporting_unit_name": "Cedar City Field Office",
        "source_reporting_unit": "UTCCD",
        "source_reporting_unit_name": "Cedar City Field Office",
        "local_fire_report_id": null,
        "local_incident_id": null,
        "fire_code": "DP0K",
        "fire_name": "CLAY",
        "ics_209_plus_incident_join_id": null,
        "ics_209_plus_complex_join_id": null,
        "mtbs_id": null,
        "mtbs_fire_name": null,
        "complex_name": null,
        "fire_year": 2007,
        "discovery_date": 1184025600000,
        "discovery_doy": 191,
        "discovery_time": "1825",
        "nwcg_cause_classification": "Natural",
        "nwcg_general_cause": "Natural",
        "nwcg_cause_age_category": null,
        "cont_date": 1184112000000,
        "cont_doy": 192,
        "cont_time": "1115",
        "fire_size": 0.5,
        "fire_size_class": "B",
        "latitude": 37.1736,
        "longitude": -112.6636,
        "owner_descr": "BLM",
        "state": "UT",
        "county": "Washington",
        "fips_code": "49053",
        "fips_name": "Washington County",
        "globalid": "{9B06A31C-5B54-4DAB-9B94-0AB31AC3D80F}"
      }
    },
    {
      "type": "Feature",
      "id": 344960,
      "geometry": {
        "type": "Point",
        "coordinates": [
          -112.79971149742975,
          37.249405563056484
        ]
      },
      "properties": {
        "objectid": 344960,
        "fod_id": 353824,
        "fpa_id": "W-548995",
        "source_system_type": "FED",
        "source_system": "DOI-WFMI",
        "nwcg_reporting_agency": "BLM",
        "nwcg_reporting_unit_id": "USUTCCD",
        "nwcg_reporting_unit_name": "Cedar City Field Office",
        "source_reporting_unit": "UTCCD",
        "source_reporting_unit_name": "Cedar City Field Office",
        "local_fire_report_id": null,
        "local_incident_id": null,
        "fire_code": "DTF4",
        "fire_name": "BUFFALO 2",
        "ics_209_plus_incident_join_id": null,
        "ics_209_plus_complex_join_id": null,
        "mtbs_id": null,
        "mtbs_fire_name": null,
        "complex_name": null,
        "fire_year": 2007,
        "discovery_date": 1184457600000,
        "discovery_doy": 196,
        "discovery_time": "0945",
        "nwcg_cause_classification": "Natural",
        "nwcg_general_cause": "Natural",
        "nwcg_cause_age_category": null,
        "cont_date": 1184457600000,
        "cont_doy": 196,
        "cont_time": "2000",
        "fire_size": 0.1,
        "fire_size_class": "A",
        "latitude": 37.2494,
        "longitude": -112.7997,
        "owner_descr": "BLM",
        "state": "UT",
        "county": "Washington",
        "fips_code": "49053",
        "fips_name": "Washington County",
        "globalid": "{A98A5683-DE16-418A-B5F5-553B0A778139}"
      }
    },
    {
      "type": "Feature",
      "id": 344968,
      "geometry": {
        "type": "Point",
        "coordinates": [
          -112.78311149125349,
          37.22110556073767
        ]
      },
      "properties": {
        "objectid": 344968,
        "fod_id": 353832,
        "fpa_id": "W-545912",
        "source_system_type": "FED",
        "source_system": "DOI-WFMI",
        "nwcg_reporting_agency": "BLM",
        "nwcg_reporting_unit_id": "USUTCCD",
        "nwcg_reporting_unit_name": "Cedar City Field Office",
        "source_reporting_unit": "UTCCD",
        "source_reporting_unit_name": "Cedar City Field Office",
        "local_fire_report_id": null,
        "local_incident_id": null,
        "fire_code": "DQ6D",
        "fire_name": "BARRACKS",
        "ics_209_plus_incident_join_id": null,
        "ics_209_plus_complex_join_id": null,
        "mtbs_id": null,
        "mtbs_fire_name": null,
        "complex_name": null,
        "fire_year": 2007,
        "discovery_date": 1184457600000,
        "discovery_doy": 196,
        "discovery_time": "2219",
        "nwcg_cause_classification": "Natural",
        "nwcg_general_cause": "Natural",
        "nwcg_cause_age_category": null,
        "cont_date": 1184544000000,
        "cont_doy": 197,
        "cont_time": "1200",
        "fire_size": 0.1,
        "fire_size_class": "A",
        "latitude": 37.2211,
        "longitude": -112.7831,
        "owner_descr": "BLM",
        "state": "UT",
        "county": "Kane",
        "fips_code": "49025",
        "fips_name": "Kane County",
        "globalid": "{B707E1EF-189B-41B1-9A2E-BCD5CA6F5EE8}"
      }
    },
    {
      "type": "Feature",
      "id": 345004,
      "geometry": {
        "type": "Point",
        "coordinates": [
          -112.65141146774313,
          37.24220557204103
        ]
      },
      "properties": {
        "objectid": 345004,
        "fod_id": 353870,
        "fpa_id": "W-546684",
        "source_system_type": "FED",
        "source_system": "DOI-WFMI",
        "nwcg_reporting_agency": "BLM",
        "nwcg_reporting_unit_id": "USUTCCD",
        "nwcg_reporting_unit_name": "Cedar City Field Office",
        "source_reporting_unit": "UTCCD",
        "source_reporting_unit_name": "Cedar City Field Office",
        "local_fire_report_id": null,
        "local_incident_id": null,
        "fire_code": "DUZ6",
        "fire_name": "SUGAR",
        "ics_209_plus_incident_join_id": null,
        "ics_209_plus_complex_join_id": null,
        "mtbs_id": null,
        "mtbs_fire_name": null,
        "complex_name": null,
        "fire_year": 2007,
        "discovery_date": 1185926400000,
        "discovery_doy": 213,
        "discovery_time": "1410",
        "nwcg_cause_classification": "Natural",
        "nwcg_general_cause": "Natural",
        "nwcg_cause_age_category": null,
        "cont_date": 1186012800000,
        "cont_doy": 214,
        "cont_time": "1630",
        "fire_size": 0.1,
        "fire_size_class": "A",
        "latitude": 37.2422,
        "longitude": -112.6514,
        "owner_descr": "BLM",
        "state": "UT",
        "county": "Kane",
        "fips_code": "49025",
        "fips_name": "Kane County",
        "globalid": "{9E9AFBB9-8E44-4AD9-91AC-BDF266EC12B9}"
      }
    },
    {
      "type": "Feature",
      "id": 345056,
      "geometry": {
        "type": "Point",
        "coordinates": [
          -112.64971146062354,
          37.17670556419424
        ]
      },
      "properties": {
        "objectid": 345056,
        "fod_id": 353922,
        "fpa_id": "W-551507",
        "source_system_type": "FED",
        "source_system": "DOI-WFMI",
        "nwcg_reporting_agency": "BLM",
        "nwcg_reporting_unit_id": "USUTCCD",
        "nwcg_reporting_unit_name": "Cedar City Field Office",
        "source_reporting_unit": "UTCCD",
        "source_reporting_unit_name": "Cedar City Field Office",
        "local_fire_report_id": null,
        "local_incident_id": null,
        "fire_code": "DZ5J",
        "fire_name": "PINK",
        "ics_209_plus_incident_join_id": null,
        "ics_209_plus_complex_join_id": null,
        "mtbs_id": null,
        "mtbs_fire_name": null,
        "complex_name": null,
        "fire_year": 2007,
        "discovery_date": 1189296000000,
        "discovery_doy": 252,
        "discovery_time": "1244",
        "nwcg_cause_classification": "Natural",
        "nwcg_general_cause": "Natural",
        "nwcg_cause_age_category": null,
        "cont_date": 1189296000000,
        "cont_doy": 252,
        "cont_time": "1800",
        "fire_size": 0.1,
        "fire_size_class": "A",
        "latitude": 37.1767,
        "longitude": -112.6497,
        "owner_descr": "BLM",
        "state": "UT",
        "county": "Kane",
        "fips_code": "49025",
        "fips_name": "Kane County",
        "globalid": "{7A4BC346-CC0A-4F4B-B8EB-FF01FFB70A50}"
      }
    },
    {
      "type": "Feature",
      "id": 345092,
      "geometry": {
        "type": "Point",
        "coordinates": [
          -112.6997114764616,
          37.23530556799625
        ]
      },
      "properties": {
        "objectid": 345092,
        "fod_id": 353962,
        "fpa_id": "W-573245",
        "source_system_type": "FED",
        "source_system": "DOI-WFMI",
        "nwcg_reporting_agency": "BLM",
        "nwcg_reporting_unit_id": "USUTCCD",
        "nwcg_reporting_unit_name": "Cedar City Field Office",
        "source_reporting_unit": "UTCCD",
        "source_reporting_unit_name": "Cedar City Field Office",
        "local_fire_report_id": null,
        "local_incident_id": null,
        "fire_code": "D9CC",
        "fire_name": "HOLLOW",
        "ics_209_plus_incident_join_id": null,
        "ics_209_plus_complex_join_id": null,
        "mtbs_id": null,
        "mtbs_fire_name": null,
        "complex_name": null,
        "fire_year": 2008,
        "discovery_date": 1214697600000,
        "discovery_doy": 181,
        "discovery_time": "2045",
        "nwcg_cause_classification": "Natural",
        "nwcg_general_cause": "Natural",
        "nwcg_cause_age_category": null,
        "cont_date": 1214697600000,
        "cont_doy": 181,
        "cont_time": "2130",
        "fire_size": 0.1,
        "fire_size_class": "A",
        "latitude": 37.2353,
        "longitude": -112.6997,
        "owner_descr": "BLM",
        "state": "UT",
        "county": "Kane",
        "fips_code": "49025",
        "fips_name": "Kane County",
        "globalid": "{4363036E-94FF-4847-9189-E7124B943389}"
      }
    },
    {
      "type": "Feature",
      "id": 345258,
      "geometry": {
        "type": "Point",
        "coordinates": [
          -112.67831146632419,
          37.17780556243517
        ]
      },
      "properties": {
        "objectid": 345258,
        "fod_id": 354132,
        "fpa_id": "W-589924",
        "source_system_type": "FED",
        "source_system": "DOI-WFMI",
        "nwcg_reporting_agency": "BLM",
        "nwcg_reporting_unit_id": "USUTCCD",
        "nwcg_reporting_unit_name": "Cedar City Field Office",
        "source_reporting_unit": "UTCCD",
        "source_reporting_unit_name": "Cedar City Field Office",
        "local_fire_report_id": null,
        "local_incident_id": null,
        "fire_code": "E2AF",
        "fire_name": "CLAY FLAT  2",
        "ics_209_plus_incident_join_id": null,
        "ics_209_plus_complex_join_id": null,
        "mtbs_id": null,
        "mtbs_fire_name": null,
        "complex_name": null,
        "fire_year": 2009,
        "discovery_date": 1247875200000,
        "discovery_doy": 199,
        "discovery_time": "1810",
        "nwcg_cause_classification": "Natural",
        "nwcg_general_cause": "Natural",
        "nwcg_cause_age_category": null,
        "cont_date": 1247875200000,
        "cont_doy": 199,
        "cont_time": "2000",
        "fire_size": 0.1,
        "fire_size_class": "A",
        "latitude": 37.1778,
        "longitude": -112.6783,
        "owner_descr": "BLM",
        "state": "UT",
        "county": "Kane",
        "fips_code": "49025",
        "fips_name": "Kane County",
        "globalid": "{A478F932-B337-4507-923A-4E58ADD43571}"
      }
    },
    {
      "type": "Feature",
      "id": 353134,
      "geometry": {
        "type": "Point",
        "coordinates": [
          -112.7024114767498,
          37.23300556753807
        ]
      },
      "properties": {
        "objectid": 353134,
        "fod_id": 363025,
        "fpa_id": "W-256038",
        "source_system_type": "FED",
        "source_system": "DOI-WFMI",
        "nwcg_reporting_agency": "NPS",
        "nwcg_reporting_unit_id": "USUTZIP",
        "nwcg_reporting_unit_name": "Zion National Park",
        "source_reporting_unit": "UTZIP",
        "source_reporting_unit_name": "Zion National Park",
        "local_fire_report_id": "77",
        "local_incident_id": null,
        "fire_code": null,
        "fire_name": "BURNTGULCH",
        "ics_209_plus_incident_join_id": null,
        "ics_209_plus_complex_join_id": null,
        "mtbs_id": null,
        "mtbs_fire_name": null,
        "complex_name": null,
        "fire_year": 2002,
        "discovery_date": 1028246400000,
        "discovery_doy": 214,
        "discovery_time": "1715",
        "nwcg_cause_classification": "Natural",
        "nwcg_general_cause": "Natural",
        "nwcg_cause_age_category": null,
        "cont_date": 1028246400000,
        "cont_doy": 214,
        "cont_time": "1800",
        "fire_size": 0.1,
        "fire_size_class": "A",
        "latitude": 37.233,
        "longitude": -112.7024,
        "owner_descr": "PRIVATE",
        "state": "UT",
        "county": null,
        "fips_code": null,
        "fips_name": null,
        "globalid": "{F09C0774-4179-4496-8122-B0F0B42375BA}"
      }
    },
    {
      "type": "Feature",
      "id": 353276,
      "geometry": {
        "type": "Point",
        "coordinates": [
          -112.73521148467889,
          37.24770556713995
        ]
      },
      "properties": {
        "objectid": 353276,
        "fod_id": 363193,
        "fpa_id": "W-593925",
        "source_system_type": "FED",
        "source_system": "DOI-WFMI",
        "nwcg_reporting_agency": "NPS",
        "nwcg_reporting_unit_id": "USUTZIP",
        "nwcg_reporting_unit_name": "Zion National Park",
        "source_reporting_unit": "UTZIP",
        "source_reporting_unit_name": "Zion National Park",
        "local_fire_report_id": "110",
        "local_incident_id": null,
        "fire_code": "E64V",
        "fire_name": "DEBBIE",
        "ics_209_plus_incident_join_id": null,
        "ics_209_plus_complex_join_id": null,
        "mtbs_id": null,
        "mtbs_fire_name": null,
        "complex_name": null,
        "fire_year": 2009,
        "discovery_date": 1252800000000,
        "discovery_doy": 256,
        "discovery_time": "1600",
        "nwcg_cause_classification": "Natural",
        "nwcg_general_cause": "Natural",
        "nwcg_cause_age_category": null,
        "cont_date": 1252800000000,
        "cont_doy": 256,
        "cont_time": "1700",
        "fire_size": 0.1,
        "fire_size_class": "A",
        "latitude": 37.2477,
        "longitude": -112.7352,
        "owner_descr": "PRIVATE",
        "state": "UT",
        "county": null,
        "fips_code": null,
        "fips_name": null,
        "globalid": "{63214A26-9B75-4493-8807-342E102EED14}"
      }
    },
    {
      "type": "Feature",
      "id": 658969,
      "geometry": {
        "type": "Point",
        "coordinates": [
          -112.65597950144549,
          37.172807513305415
        ]
      },
      "properties": {
        "objectid": 658969,
        "fod_id": 720377,
        "fpa_id": "SFO-2007UTFFSL24243-2007",
        "source_system_type": "NONFED",
        "source_system": "ST-NASF",
        "nwcg_reporting_agency": "ST/C&L",
        "nwcg_reporting_unit_id": "USUTUTS",
        "nwcg_reporting_unit_name": "Utah Division Forestry Fire State Lands",
        "source_reporting_unit": "UTUTS",
        "source_reporting_unit_name": "Utah Division Forestry Fire State Lands",
        "local_fire_report_id": null,
        "local_incident_id": "24243-2007",
        "fire_code": null,
        "fire_name": "SAND HILL",
        "ics_209_plus_incident_join_id": null,
        "ics_209_plus_complex_join_id": null,
        "mtbs_id": null,
        "mtbs_fire_name": null,
        "complex_name": null,
        "fire_year": 2007,
        "discovery_date": 1174435200000,
        "discovery_doy": 80,
        "discovery_time": "0001",
        "nwcg_cause_classification": "Natural",
        "nwcg_general_cause": "Natural",
        "nwcg_cause_age_category": null,
        "cont_date": 1174435200000,
        "cont_doy": 80,
        "cont_time": "1400",
        "fire_size": 0.1,
        "fire_size_class": "A",
        "latitude": 37.17280195,
        "longitude": -112.65596804,
        "owner_descr": "UNDEFINED FEDERAL",
        "state": "UT",
        "county": "Kane",
        "fips_code": "49025",
        "fips_name": "Kane County",
        "globalid": "{F3A499C7-65B0-4839-B859-D221A2853A49}"
      }
    },
    {
      "type": "Feature",
      "id": 659045,
      "geometry": {
        "type": "Point",
        "coordinates": [
          -112.65760911077041,
          37.259670813748876
        ]
      },
      "properties": {
        "objectid": 659045,
        "fod_id": 720469,
        "fpa_id": "SFO-2007UTFFSL24927-2007",
        "source_system_type": "NONFED",
        "source_system": "ST-NASF",
        "nwcg_reporting_agency": "ST/C&L",
        "nwcg_reporting_unit_id": "USUTUTS",
        "nwcg_reporting_unit_name": "Utah Division Forestry Fire State Lands",
        "source_reporting_unit": "UTUTS",
        "source_reporting_unit_name": "Utah Division Forestry Fire State Lands",
        "local_fire_report_id": null,
        "local_incident_id": "24927-2007",
        "fire_code": null,
        "fire_name": "GREEN",
        "ics_209_plus_incident_join_id": null,
        "ics_209_plus_complex_join_id": null,
        "mtbs_id": null,
        "mtbs_fire_name": null,
        "complex_name": null,
        "fire_year": 2007,
        "discovery_date": 1181433600000,
        "discovery_doy": 161,
        "discovery_time": "1100",
        "nwcg_cause_classification": "Human",
        "nwcg_general_cause": "Missing data/not specified/undetermined",
        "nwcg_cause_age_category": null,
        "cont_date": 1181520000000,
        "cont_doy": 162,
        "cont_time": "1200",
        "fire_size": 1,
        "fire_size_class": "B",
        "latitude": 37.25966524,
        "longitude": -112.65759764,
        "owner_descr": "MUNICIPAL/LOCAL",
        "state": "UT",
        "county": "Kane",
        "fips_code": "49025",
        "fips_name": "Kane County",
        "globalid": "{5C047D2E-513B-40F7-AF2B-28A3469F12DB}"
      }
    },
    {
      "type": "Feature",
      "id": 660124,
      "geometry": {
        "type": "Point",
        "coordinates": [
          -112.75661948821133,
          37.24152356496855
        ]
      },
      "properties": {
        "objectid": 660124,
        "fod_id": 722139,
        "fpa_id": "SFO-2008UTFFSL36243-2008",
        "source_system_type": "NONFED",
        "source_system": "ST-NASF",
        "nwcg_reporting_agency": "ST/C&L",
        "nwcg_reporting_unit_id": "USUTUTS",
        "nwcg_reporting_unit_name": "Utah Division Forestry Fire State Lands",
        "source_reporting_unit": "UTUTS",
        "source_reporting_unit_name": "Utah Division Forestry Fire State Lands",
        "local_fire_report_id": null,
        "local_incident_id": "36243-2008",
        "fire_code": null,
        "fire_name": "WINDROW",
        "ics_209_plus_incident_join_id": null,
        "ics_209_plus_complex_join_id": null,
        "mtbs_id": null,
        "mtbs_fire_name": null,
        "complex_name": null,
        "fire_year": 2008,
        "discovery_date": 1220140800000,
        "discovery_doy": 244,
        "discovery_time": "0130",
        "nwcg_cause_classification": "Human",
        "nwcg_general_cause": "Debris and open burning",
        "nwcg_cause_age_category": null,
        "cont_date": 1220400000000,
        "cont_doy": 247,
        "cont_time": "1200",
        "fire_size": 0.5,
        "fire_size_class": "B",
        "latitude": 37.241518,
        "longitude": -112.756608,
        "owner_descr": "PRIVATE",
        "state": "UT",
        "county": "Kane",
        "fips_code": "49025",
        "fips_name": "Kane County",
        "globalid": "{8DB2CBFE-9E03-4588-8841-7898461076EE}"
      }
    },
    {
      "type": "Feature",
      "id": 660329,
      "geometry": {
        "type": "Point",
        "coordinates": [
          -112.76929454638935,
          37.20017308912051
        ]
      },
      "properties": {
        "objectid": 660329,
        "fod_id": 722522,
        "fpa_id": "SFO-UT04602",
        "source_system_type": "NONFED",
        "source_system": "ST-NASF",
        "nwcg_reporting_agency": "ST/C&L",
        "nwcg_reporting_unit_id": "USUTUTS",
        "nwcg_reporting_unit_name": "Utah Division Forestry Fire State Lands",
        "source_reporting_unit": "UTUTS",
        "source_reporting_unit_name": "Utah Division Forestry Fire State Lands",
        "local_fire_report_id": null,
        "local_incident_id": null,
        "fire_code": null,
        "fire_name": null,
        "ics_209_plus_incident_join_id": null,
        "ics_209_plus_complex_join_id": null,
        "mtbs_id": null,
        "mtbs_fire_name": null,
        "complex_name": null,
        "fire_year": 2004,
        "discovery_date": 1091750400000,
        "discovery_doy": 219,
        "discovery_time": null,
        "nwcg_cause_classification": "Missing data/not specified/undetermined",
        "nwcg_general_cause": "Missing data/not specified/undetermined",
        "nwcg_cause_age_category": null,
        "cont_date": null,
        "cont_doy": null,
        "cont_time": null,
        "fire_size": 0.1,
        "fire_size_class": "A",
        "latitude": 37.20016753,
        "longitude": -112.76928305999999,
        "owner_descr": "MISSING/NOT SPECIFIED",
        "state": "UT",
        "county": "Kane",
        "fips_code": "49025",
        "fips_name": "Kane County",
        "globalid": "{C1BDA79F-928E-40C1-B924-D57317AFF690}"
      }
    },
    {
      "type": "Feature",
      "id": 660335,
      "geometry": {
        "type": "Point",
        "coordinates": [
          -112.73664071302395,
          37.22910140479182
        ]
      },
      "properties": {
        "objectid": 660335,
        "fod_id": 722535,
        "fpa_id": "SFO-UT04616",
        "source_system_type": "NONFED",
        "source_system": "ST-NASF",
        "nwcg_reporting_agency": "ST/C&L",
        "nwcg_reporting_unit_id": "USUTUTS",
        "nwcg_reporting_unit_name": "Utah Division Forestry Fire State Lands",
        "source_reporting_unit": "UTUTS",
        "source_reporting_unit_name": "Utah Division Forestry Fire State Lands",
        "local_fire_report_id": null,
        "local_incident_id": null,
        "fire_code": null,
        "fire_name": null,
        "ics_209_plus_incident_join_id": null,
        "ics_209_plus_complex_join_id": null,
        "mtbs_id": null,
        "mtbs_fire_name": null,
        "complex_name": null,
        "fire_year": 2004,
        "discovery_date": 1091923200000,
        "discovery_doy": 221,
        "discovery_time": null,
        "nwcg_cause_classification": "Missing data/not specified/undetermined",
        "nwcg_general_cause": "Missing data/not specified/undetermined",
        "nwcg_cause_age_category": null,
        "cont_date": null,
        "cont_doy": null,
        "cont_time": null,
        "fire_size": 0.1,
        "fire_size_class": "A",
        "latitude": 37.22909584,
        "longitude": -112.73662922999999,
        "owner_descr": "MISSING/NOT SPECIFIED",
        "state": "UT",
        "county": "Kane",
        "fips_code": "49025",
        "fips_name": "Kane County",
        "globalid": "{62970244-CFC8-41C2-AC8D-8C63B90B1BDB}"
      }
    },
    {
      "type": "Feature",
      "id": 660641,
      "geometry": {
        "type": "Point",
        "coordinates": [
          -112.79717584712805,
          37.251252883448416
        ]
      },
      "properties": {
        "objectid": 660641,
        "fod_id": 723050,
        "fpa_id": "SFO-2005UTFFSL13583-2005",
        "source_system_type": "NONFED",
        "source_system": "ST-NASF",
        "nwcg_reporting_agency": "ST/C&L",
        "nwcg_reporting_unit_id": "USUTUTS",
        "nwcg_reporting_unit_name": "Utah Division Forestry Fire State Lands",
        "source_reporting_unit": "UTUTS",
        "source_reporting_unit_name": "Utah Division Forestry Fire State Lands",
        "local_fire_report_id": null,
        "local_incident_id": "13583-2005",
        "fire_code": null,
        "fire_name": "UNATTENDED CAMP FIRE 1",
        "ics_209_plus_incident_join_id": null,
        "ics_209_plus_complex_join_id": null,
        "mtbs_id": null,
        "mtbs_fire_name": null,
        "complex_name": null,
        "fire_year": 2005,
        "discovery_date": 1122768000000,
        "discovery_doy": 212,
        "discovery_time": "1615",
        "nwcg_cause_classification": "Human",
        "nwcg_general_cause": "Recreation and ceremony",
        "nwcg_cause_age_category": null,
        "cont_date": 1122768000000,
        "cont_doy": 212,
        "cont_time": "1730",
        "fire_size": 0.1,
        "fire_size_class": "A",
        "latitude": 37.25124732,
        "longitude": -112.79716435,
        "owner_descr": "UNDEFINED FEDERAL",
        "state": "UT",
        "county": "Kane",
        "fips_code": "49025",
        "fips_name": "Kane County",
        "globalid": "{5E585E9C-8A09-46C6-BD5C-0A449C67CBE1}"
      }
    },
    {
      "type": "Feature",
      "id": 753033,
      "geometry": {
        "type": "Point",
        "coordinates": [
          -112.765261490144,
          37.24390556468236
        ]
      },
      "properties": {
        "objectid": 753033,
        "fod_id": 853599,
        "fpa_id": "SFO-2001UTFFSL3449-2001",
        "source_system_type": "NONFED",
        "source_system": "ST-UTUTS",
        "nwcg_reporting_agency": "ST/C&L",
        "nwcg_reporting_unit_id": "USUTUTS",
        "nwcg_reporting_unit_name": "Utah Division Forestry Fire State Lands",
        "source_reporting_unit": "UTUTS",
        "source_reporting_unit_name": "Utah Division Forestry Fire State Lands",
        "local_fire_report_id": null,
        "local_incident_id": "3449-2001",
        "fire_code": null,
        "fire_name": "REESE 1",
        "ics_209_plus_incident_join_id": null,
        "ics_209_plus_complex_join_id": null,
        "mtbs_id": null,
        "mtbs_fire_name": null,
        "complex_name": null,
        "fire_year": 2001,
        "discovery_date": 978912000000,
        "discovery_doy": 8,
        "discovery_time": "1400",
        "nwcg_cause_classification": "Human",
        "nwcg_general_cause": "Debris and open burning",
        "nwcg_cause_age_category": null,
        "cont_date": 979257600000,
        "cont_doy": 12,
        "cont_time": "0000",
        "fire_size": 0.25,
        "fire_size_class": "A",
        "latitude": 37.2439,
        "longitude": -112.76525,
        "owner_descr": "PRIVATE",
        "state": "UT",
        "county": "KANE",
        "fips_code": "49025",
        "fips_name": "Kane County",
        "globalid": "{DCF59160-ED0D-4E26-9EA0-249862C6A6B7}"
      }
    },
    {
      "type": "Feature",
      "id": 753034,
      "geometry": {
        "type": "Point",
        "coordinates": [
          -112.76532149166577,
          37.25841556643347
        ]
      },
      "properties": {
        "objectid": 753034,
        "fod_id": 853601,
        "fpa_id": "SFO-2002UTFFSL4801-2002",
        "source_system_type": "NONFED",
        "source_system": "ST-UTUTS",
        "nwcg_reporting_agency": "ST/C&L",
        "nwcg_reporting_unit_id": "USUTUTS",
        "nwcg_reporting_unit_name": "Utah Division Forestry Fire State Lands",
        "source_reporting_unit": "UTUTS",
        "source_reporting_unit_name": "Utah Division Forestry Fire State Lands",
        "local_fire_report_id": null,
        "local_incident_id": "4801-2002",
        "fire_code": null,
        "fire_name": "MINERAL WASH 2",
        "ics_209_plus_incident_join_id": null,
        "ics_209_plus_complex_join_id": null,
        "mtbs_id": null,
        "mtbs_fire_name": null,
        "complex_name": null,
        "fire_year": 2002,
        "discovery_date": 1010880000000,
        "discovery_doy": 13,
        "discovery_time": "1715",
        "nwcg_cause_classification": "Human",
        "nwcg_general_cause": "Debris and open burning",
        "nwcg_cause_age_category": null,
        "cont_date": 1012435200000,
        "cont_doy": 31,
        "cont_time": "2000",
        "fire_size": 30,
        "fire_size_class": "C",
        "latitude": 37.258410000000005,
        "longitude": -112.76531,
        "owner_descr": "PRIVATE",
        "state": "UT",
        "county": "KANE",
        "fips_code": "49025",
        "fips_name": "Kane County",
        "globalid": "{95803A81-F0B4-468C-BDEA-D30D47D7C955}"
      }
    },
    {
      "type": "Feature",
      "id": 753035,
      "geometry": {
        "type": "Point",
        "coordinates": [
          -112.67463146957621,
          37.2161555673373
        ]
      },
      "properties": {
        "objectid": 753035,
        "fod_id": 853602,
        "fpa_id": "SFO-2002UTFFSL4802-2002",
        "source_system_type": "NONFED",
        "source_system": "ST-UTUTS",
        "nwcg_reporting_agency": "ST/C&L",
        "nwcg_reporting_unit_id": "USUTUTS",
        "nwcg_reporting_unit_name": "Utah Division Forestry Fire State Lands",
        "source_reporting_unit": "UTUTS",
        "source_reporting_unit_name": "Utah Division Forestry Fire State Lands",
        "local_fire_report_id": null,
        "local_incident_id": "4802-2002",
        "fire_code": null,
        "fire_name": "MILEPOST 81",
        "ics_209_plus_incident_join_id": null,
        "ics_209_plus_complex_join_id": null,
        "mtbs_id": null,
        "mtbs_fire_name": null,
        "complex_name": null,
        "fire_year": 2002,
        "discovery_date": 1010966400000,
        "discovery_doy": 14,
        "discovery_time": "1704",
        "nwcg_cause_classification": "Human",
        "nwcg_general_cause": "Debris and open burning",
        "nwcg_cause_age_category": null,
        "cont_date": 1011052800000,
        "cont_doy": 15,
        "cont_time": "1700",
        "fire_size": 0.1,
        "fire_size_class": "A",
        "latitude": 37.21615,
        "longitude": -112.67462,
        "owner_descr": "UNDEFINED FEDERAL",
        "state": "UT",
        "county": "KANE",
        "fips_code": "49025",
        "fips_name": "Kane County",
        "globalid": "{FD46C17C-0080-4A6E-B887-EA4233CF5C29}"
      }
    },
    {
      "type": "Feature",
      "id": 753039,
      "geometry": {
        "type": "Point",
        "coordinates": [
          -112.765261490144,
          37.24390556468236
        ]
      },
      "properties": {
        "objectid": 753039,
        "fod_id": 853606,
        "fpa_id": "SFO-2001UTFFSL3450-2001",
        "source_system_type": "NONFED",
        "source_system": "ST-UTUTS",
        "nwcg_reporting_agency": "ST/C&L",
        "nwcg_reporting_unit_id": "USUTUTS",
        "nwcg_reporting_unit_name": "Utah Division Forestry Fire State Lands",
        "source_reporting_unit": "UTUTS",
        "source_reporting_unit_name": "Utah Division Forestry Fire State Lands",
        "local_fire_report_id": null,
        "local_incident_id": "3450-2001",
        "fire_code": null,
        "fire_name": "REESE 2",
        "ics_209_plus_incident_join_id": null,
        "ics_209_plus_complex_join_id": null,
        "mtbs_id": null,
        "mtbs_fire_name": null,
        "complex_name": null,
        "fire_year": 2001,
        "discovery_date": 979862400000,
        "discovery_doy": 19,
        "discovery_time": "1500",
        "nwcg_cause_classification": "Human",
        "nwcg_general_cause": "Missing data/not specified/undetermined",
        "nwcg_cause_age_category": null,
        "cont_date": 980294400000,
        "cont_doy": 24,
        "cont_time": "0000",
        "fire_size": 0.25,
        "fire_size_class": "A",
        "latitude": 37.2439,
        "longitude": -112.76525,
        "owner_descr": "PRIVATE",
        "state": "UT",
        "county": "KANE",
        "fips_code": "49025",
        "fips_name": "Kane County",
        "globalid": "{6144562B-19E7-4A8B-9125-2129584D616B}"
      }
    },
    {
      "type": "Feature",
      "id": 753079,
      "geometry": {
        "type": "Point",
        "coordinates": [
          -112.6570514706463,
          37.25952557376833
        ]
      },
      "properties": {
        "objectid": 753079,
        "fod_id": 853659,
        "fpa_id": "SFO-2002UTFFSL4813-2002",
        "source_system_type": "NONFED",
        "source_system": "ST-UTUTS",
        "nwcg_reporting_agency": "ST/C&L",
        "nwcg_reporting_unit_id": "USUTUTS",
        "nwcg_reporting_unit_name": "Utah Division Forestry Fire State Lands",
        "source_reporting_unit": "UTUTS",
        "source_reporting_unit_name": "Utah Division Forestry Fire State Lands",
        "local_fire_report_id": null,
        "local_incident_id": "4813-2002",
        "fire_code": null,
        "fire_name": "DITCH 2",
        "ics_209_plus_incident_join_id": null,
        "ics_209_plus_complex_join_id": null,
        "mtbs_id": null,
        "mtbs_fire_name": null,
        "complex_name": null,
        "fire_year": 2002,
        "discovery_date": 1015632000000,
        "discovery_doy": 68,
        "discovery_time": "1700",
        "nwcg_cause_classification": "Human",
        "nwcg_general_cause": "Debris and open burning",
        "nwcg_cause_age_category": null,
        "cont_date": 1015804800000,
        "cont_doy": 70,
        "cont_time": "1900",
        "fire_size": 1,
        "fire_size_class": "B",
        "latitude": 37.25952,
        "longitude": -112.65704,
        "owner_descr": "MUNICIPAL/LOCAL",
        "state": "UT",
        "county": "KANE",
        "fips_code": "49025",
        "fips_name": "Kane County",
        "globalid": "{5A5869C2-518A-43B3-A6BA-78194A742122}"
      }
    },
    {
      "type": "Feature",
      "id": 753266,
      "geometry": {
        "type": "Point",
        "coordinates": [
          -112.67512147268177,
          37.24514557082296
        ]
      },
      "properties": {
        "objectid": 753266,
        "fod_id": 853864,
        "fpa_id": "SFO-2002UTFFSL4816-2002",
        "source_system_type": "NONFED",
        "source_system": "ST-UTUTS",
        "nwcg_reporting_agency": "ST/C&L",
        "nwcg_reporting_unit_id": "USUTUTS",
        "nwcg_reporting_unit_name": "Utah Division Forestry Fire State Lands",
        "source_reporting_unit": "UTUTS",
        "source_reporting_unit_name": "Utah Division Forestry Fire State Lands",
        "local_fire_report_id": null,
        "local_incident_id": "4816-2002",
        "fire_code": null,
        "fire_name": "DELL 1",
        "ics_209_plus_incident_join_id": null,
        "ics_209_plus_complex_join_id": null,
        "mtbs_id": null,
        "mtbs_fire_name": null,
        "complex_name": null,
        "fire_year": 2002,
        "discovery_date": 1016841600000,
        "discovery_doy": 82,
        "discovery_time": "1400",
        "nwcg_cause_classification": "Human",
        "nwcg_general_cause": "Debris and open burning",
        "nwcg_cause_age_category": null,
        "cont_date": 1016841600000,
        "cont_doy": 82,
        "cont_time": "1700",
        "fire_size": 0.25,
        "fire_size_class": "A",
        "latitude": 37.24514,
        "longitude": -112.67511,
        "owner_descr": "PRIVATE",
        "state": "UT",
        "county": "KANE",
        "fips_code": "49025",
        "fips_name": "Kane County",
        "globalid": "{E164243E-862E-4DE1-9CE5-0A9B06D37720}"
      }
    },
    {
      "type": "Feature",
      "id": 753273,
      "geometry": {
        "type": "Point",
        "coordinates": [
          -112.729231483118,
          37.24391556707844
        ]
      },
      "properties": {
        "objectid": 753273,
        "fod_id": 853872,
        "fpa_id": "SFO-2001UTFFSL3454-2001",
        "source_system_type": "NONFED",
        "source_system": "ST-UTUTS",
        "nwcg_reporting_agency": "ST/C&L",
        "nwcg_reporting_unit_id": "USUTUTS",
        "nwcg_reporting_unit_name": "Utah Division Forestry Fire State Lands",
        "source_reporting_unit": "UTUTS",
        "source_reporting_unit_name": "Utah Division Forestry Fire State Lands",
        "local_fire_report_id": null,
        "local_incident_id": "3454-2001",
        "fire_code": null,
        "fire_name": "17",
        "ics_209_plus_incident_join_id": null,
        "ics_209_plus_complex_join_id": null,
        "mtbs_id": null,
        "mtbs_fire_name": null,
        "complex_name": null,
        "fire_year": 2001,
        "discovery_date": 985564800000,
        "discovery_doy": 85,
        "discovery_time": "1630",
        "nwcg_cause_classification": "Human",
        "nwcg_general_cause": "Missing data/not specified/undetermined",
        "nwcg_cause_age_category": null,
        "cont_date": 985651200000,
        "cont_doy": 86,
        "cont_time": "2000",
        "fire_size": 0.1,
        "fire_size_class": "A",
        "latitude": 37.24391,
        "longitude": -112.72922000000001,
        "owner_descr": "PRIVATE",
        "state": "UT",
        "county": "KANE",
        "fips_code": "49025",
        "fips_name": "Kane County",
        "globalid": "{F929CA8D-E6B2-403D-8D2B-A4552DE6ECF7}"
      }
    },
    {
      "type": "Feature",
      "id": 753586,
      "geometry": {
        "type": "Point",
        "coordinates": [
          -112.6570514706463,
          37.25952557376833
        ]
      },
      "properties": {
        "objectid": 753586,
        "fod_id": 854241,
        "fpa_id": "UT_22696",
        "source_system_type": "NONFED",
        "source_system": "ST-UTUTS",
        "nwcg_reporting_agency": "ST/C&L",
        "nwcg_reporting_unit_id": "USUTUTS",
        "nwcg_reporting_unit_name": "Utah Division Forestry Fire State Lands",
        "source_reporting_unit": "UTUTS",
        "source_reporting_unit_name": "Utah Division Forestry Fire State Lands",
        "local_fire_report_id": null,
        "local_incident_id": "22696",
        "fire_code": null,
        "fire_name": "DELL",
        "ics_209_plus_incident_join_id": null,
        "ics_209_plus_complex_join_id": null,
        "mtbs_id": null,
        "mtbs_fire_name": null,
        "complex_name": null,
        "fire_year": 1996,
        "discovery_date": 828144000000,
        "discovery_doy": 90,
        "discovery_time": null,
        "nwcg_cause_classification": "Missing data/not specified/undetermined",
        "nwcg_general_cause": "Missing data/not specified/undetermined",
        "nwcg_cause_age_category": null,
        "cont_date": null,
        "cont_doy": null,
        "cont_time": null,
        "fire_size": 0.5,
        "fire_size_class": "B",
        "latitude": 37.25952,
        "longitude": -112.65704,
        "owner_descr": "MISSING/NOT SPECIFIED",
        "state": "UT",
        "county": "KANE",
        "fips_code": "49025",
        "fips_name": "Kane County",
        "globalid": "{F370E558-F1E4-4099-8769-F82E099307E9}"
      }
    },
    {
      "type": "Feature",
      "id": 753731,
      "geometry": {
        "type": "Point",
        "coordinates": [
          -112.67463146957621,
          37.2161555673373
        ]
      },
      "properties": {
        "objectid": 753731,
        "fod_id": 854399,
        "fpa_id": "UT_0020-97",
        "source_system_type": "NONFED",
        "source_system": "ST-UTUTS",
        "nwcg_reporting_agency": "ST/C&L",
        "nwcg_reporting_unit_id": "USUTUTS",
        "nwcg_reporting_unit_name": "Utah Division Forestry Fire State Lands",
        "source_reporting_unit": "UTUTS",
        "source_reporting_unit_name": "Utah Division Forestry Fire State Lands",
        "local_fire_report_id": null,
        "local_incident_id": "0020-97",
        "fire_code": null,
        "fire_name": "IT'S OK",
        "ics_209_plus_incident_join_id": null,
        "ics_209_plus_complex_join_id": null,
        "mtbs_id": null,
        "mtbs_fire_name": null,
        "complex_name": null,
        "fire_year": 1997,
        "discovery_date": 863049600000,
        "discovery_doy": 128,
        "discovery_time": null,
        "nwcg_cause_classification": "Missing data/not specified/undetermined",
        "nwcg_general_cause": "Missing data/not specified/undetermined",
        "nwcg_cause_age_category": null,
        "cont_date": null,
        "cont_doy": null,
        "cont_time": null,
        "fire_size": 0.1,
        "fire_size_class": "A",
        "latitude": 37.21615,
        "longitude": -112.67462,
        "owner_descr": "MISSING/NOT SPECIFIED",
        "state": "UT",
        "county": "KANE",
        "fips_code": "49025",
        "fips_name": "Kane County",
        "globalid": "{81DC0696-61A3-4A71-8DBC-D7B7CA37314A}"
      }
    },
    {
      "type": "Feature",
      "id": 754006,
      "geometry": {
        "type": "Point",
        "coordinates": [
          -112.67512147268177,
          37.24514557082296
        ]
      },
      "properties": {
        "objectid": 754006,
        "fod_id": 854761,
        "fpa_id": "SFO-2000UTFFSL2219-2000",
        "source_system_type": "NONFED",
        "source_system": "ST-UTUTS",
        "nwcg_reporting_agency": "ST/C&L",
        "nwcg_reporting_unit_id": "USUTUTS",
        "nwcg_reporting_unit_name": "Utah Division Forestry Fire State Lands",
        "source_reporting_unit": "UTUTS",
        "source_reporting_unit_name": "Utah Division Forestry Fire State Lands",
        "local_fire_report_id": null,
        "local_incident_id": "2219-2000",
        "fire_code": null,
        "fire_name": "MUDDY BRIDGE",
        "ics_209_plus_incident_join_id": null,
        "ics_209_plus_complex_join_id": null,
        "mtbs_id": null,
        "mtbs_fire_name": null,
        "complex_name": null,
        "fire_year": 2000,
        "discovery_date": 961372800000,
        "discovery_doy": 171,
        "discovery_time": "1600",
        "nwcg_cause_classification": "Human",
        "nwcg_general_cause": "Equipment and vehicle use",
        "nwcg_cause_age_category": null,
        "cont_date": 961459200000,
        "cont_doy": 172,
        "cont_time": "1700",
        "fire_size": 0.1,
        "fire_size_class": "A",
        "latitude": 37.24514,
        "longitude": -112.67511,
        "owner_descr": "PRIVATE",
        "state": "UT",
        "county": "KANE",
        "fips_code": "49025",
        "fips_name": "Kane County",
        "globalid": "{0403E76A-9286-4CBA-AE09-F113005B8157}"
      }
    },
    {
      "type": "Feature",
      "id": 754021,
      "geometry": {
        "type": "Point",
        "coordinates": [
          -112.7998714970134,
          37.24510556252618
        ]
      },
      "properties": {
        "objectid": 754021,
        "fod_id": 854781,
        "fpa_id": "UT_52996",
        "source_system_type": "NONFED",
        "source_system": "ST-UTUTS",
        "nwcg_reporting_agency": "ST/C&L",
        "nwcg_reporting_unit_id": "USUTUTS",
        "nwcg_reporting_unit_name": "Utah Division Forestry Fire State Lands",
        "source_reporting_unit": "UTUTS",
        "source_reporting_unit_name": "Utah Division Forestry Fire State Lands",
        "local_fire_report_id": null,
        "local_incident_id": "52996",
        "fire_code": null,
        "fire_name": "LITTLE GULTCH",
        "ics_209_plus_incident_join_id": null,
        "ics_209_plus_complex_join_id": null,
        "mtbs_id": null,
        "mtbs_fire_name": null,
        "complex_name": null,
        "fire_year": 1996,
        "discovery_date": 835228800000,
        "discovery_doy": 172,
        "discovery_time": null,
        "nwcg_cause_classification": "Missing data/not specified/undetermined",
        "nwcg_general_cause": "Missing data/not specified/undetermined",
        "nwcg_cause_age_category": null,
        "cont_date": null,
        "cont_doy": null,
        "cont_time": null,
        "fire_size": 0.1,
        "fire_size_class": "A",
        "latitude": 37.2451,
        "longitude": -112.79986000000001,
        "owner_descr": "MISSING/NOT SPECIFIED",
        "state": "UT",
        "county": "KANE",
        "fips_code": "49025",
        "fips_name": "Kane County",
        "globalid": "{37B09A9A-C23E-4B3B-9A8D-EEF9AD766DBF}"
      }
    },
    {
      "type": "Feature",
      "id": 754026,
      "geometry": {
        "type": "Point",
        "coordinates": [
          -112.67506147116475,
          37.23065556906882
        ]
      },
      "properties": {
        "objectid": 754026,
        "fod_id": 854791,
        "fpa_id": "UT_83396",
        "source_system_type": "NONFED",
        "source_system": "ST-UTUTS",
        "nwcg_reporting_agency": "ST/C&L",
        "nwcg_reporting_unit_id": "USUTUTS",
        "nwcg_reporting_unit_name": "Utah Division Forestry Fire State Lands",
        "source_reporting_unit": "UTUTS",
        "source_reporting_unit_name": "Utah Division Forestry Fire State Lands",
        "local_fire_report_id": null,
        "local_incident_id": "83396",
        "fire_code": null,
        "fire_name": "STAR ROCK",
        "ics_209_plus_incident_join_id": null,
        "ics_209_plus_complex_join_id": null,
        "mtbs_id": null,
        "mtbs_fire_name": null,
        "complex_name": null,
        "fire_year": 1996,
        "discovery_date": 835228800000,
        "discovery_doy": 172,
        "discovery_time": null,
        "nwcg_cause_classification": "Missing data/not specified/undetermined",
        "nwcg_general_cause": "Missing data/not specified/undetermined",
        "nwcg_cause_age_category": null,
        "cont_date": null,
        "cont_doy": null,
        "cont_time": null,
        "fire_size": 0.01,
        "fire_size_class": "A",
        "latitude": 37.230650000000004,
        "longitude": -112.67505,
        "owner_descr": "MISSING/NOT SPECIFIED",
        "state": "UT",
        "county": "KANE",
        "fips_code": "49025",
        "fips_name": "Kane County",
        "globalid": "{2198B05C-2CB3-465B-ADFF-A4605EBE3A14}"
      }
    },
    {
      "type": "Feature",
      "id": 754084,
      "geometry": {
        "type": "Point",
        "coordinates": [
          -112.6570514706463,
          37.25952557376833
        ]
      },
      "properties": {
        "objectid": 754084,
        "fod_id": 854877,
        "fpa_id": "UT_74496",
        "source_system_type": "NONFED",
        "source_system": "ST-UTUTS",
        "nwcg_reporting_agency": "ST/C&L",
        "nwcg_reporting_unit_id": "USUTUTS",
        "nwcg_reporting_unit_name": "Utah Division Forestry Fire State Lands",
        "source_reporting_unit": "UTUTS",
        "source_reporting_unit_name": "Utah Division Forestry Fire State Lands",
        "local_fire_report_id": null,
        "local_incident_id": "74496",
        "fire_code": null,
        "fire_name": "RED HOLLOW",
        "ics_209_plus_incident_join_id": null,
        "ics_209_plus_complex_join_id": null,
        "mtbs_id": null,
        "mtbs_fire_name": null,
        "complex_name": null,
        "fire_year": 1996,
        "discovery_date": 835401600000,
        "discovery_doy": 174,
        "discovery_time": null,
        "nwcg_cause_classification": "Missing data/not specified/undetermined",
        "nwcg_general_cause": "Missing data/not specified/undetermined",
        "nwcg_cause_age_category": null,
        "cont_date": null,
        "cont_doy": null,
        "cont_time": null,
        "fire_size": 2,
        "fire_size_class": "B",
        "latitude": 37.25952,
        "longitude": -112.65704,
        "owner_descr": "MISSING/NOT SPECIFIED",
        "state": "UT",
        "county": "KANE",
        "fips_code": "49025",
        "fips_name": "Kane County",
        "globalid": "{C68B7E9F-E26F-48A0-8BFD-BAEFE44558DD}"
      }
    },
    {
      "type": "Feature",
      "id": 754995,
      "geometry": {
        "type": "Point",
        "coordinates": [
          -112.78265149504173,
          37.258395565278036
        ]
      },
      "properties": {
        "objectid": 754995,
        "fod_id": 856090,
        "fpa_id": "SFO-2002UTFFSL5153-2002",
        "source_system_type": "NONFED",
        "source_system": "ST-UTUTS",
        "nwcg_reporting_agency": "ST/C&L",
        "nwcg_reporting_unit_id": "USUTUTS",
        "nwcg_reporting_unit_name": "Utah Division Forestry Fire State Lands",
        "source_reporting_unit": "UTUTS",
        "source_reporting_unit_name": "Utah Division Forestry Fire State Lands",
        "local_fire_report_id": null,
        "local_incident_id": "5153-2002",
        "fire_code": null,
        "fire_name": "MP 49",
        "ics_209_plus_incident_join_id": null,
        "ics_209_plus_complex_join_id": null,
        "mtbs_id": null,
        "mtbs_fire_name": null,
        "complex_name": null,
        "fire_year": 2002,
        "discovery_date": 1026604800000,
        "discovery_doy": 195,
        "discovery_time": "2000",
        "nwcg_cause_classification": "Natural",
        "nwcg_general_cause": "Natural",
        "nwcg_cause_age_category": null,
        "cont_date": 1027468800000,
        "cont_doy": 205,
        "cont_time": "2000",
        "fire_size": 0.1,
        "fire_size_class": "A",
        "latitude": 37.25839,
        "longitude": -112.78264,
        "owner_descr": "UNDEFINED FEDERAL",
        "state": "UT",
        "county": "KANE",
        "fips_code": "49025",
        "fips_name": "Kane County",
        "globalid": "{1F11BA70-A28B-4625-8DF9-3648F6A7F75C}"
      }
    },
    {
      "type": "Feature",
      "id": 755082,
      "geometry": {
        "type": "Point",
        "coordinates": [
          -112.78265149504173,
          37.258395565278036
        ]
      },
      "properties": {
        "objectid": 755082,
        "fod_id": 856202,
        "fpa_id": "UT_8195",
        "source_system_type": "NONFED",
        "source_system": "ST-UTUTS",
        "nwcg_reporting_agency": "ST/C&L",
        "nwcg_reporting_unit_id": "USUTUTS",
        "nwcg_reporting_unit_name": "Utah Division Forestry Fire State Lands",
        "source_reporting_unit": "UTUTS",
        "source_reporting_unit_name": "Utah Division Forestry Fire State Lands",
        "local_fire_report_id": null,
        "local_incident_id": "8195",
        "fire_code": null,
        "fire_name": "HOLLOW TREE",
        "ics_209_plus_incident_join_id": null,
        "ics_209_plus_complex_join_id": null,
        "mtbs_id": null,
        "mtbs_fire_name": null,
        "complex_name": null,
        "fire_year": 1995,
        "discovery_date": 805939200000,
        "discovery_doy": 198,
        "discovery_time": null,
        "nwcg_cause_classification": "Missing data/not specified/undetermined",
        "nwcg_general_cause": "Missing data/not specified/undetermined",
        "nwcg_cause_age_category": null,
        "cont_date": null,
        "cont_doy": null,
        "cont_time": null,
        "fire_size": 0.01,
        "fire_size_class": "A",
        "latitude": 37.25839,
        "longitude": -112.78264,
        "owner_descr": "MISSING/NOT SPECIFIED",
        "state": "UT",
        "county": "KANE",
        "fips_code": "49025",
        "fips_name": "Kane County",
        "globalid": "{8036EA21-7EA5-463D-978B-619CEAD41834}"
      }
    },
    {
      "type": "Feature",
      "id": 755870,
      "geometry": {
        "type": "Point",
        "coordinates": [
          -112.81810150056903,
          37.24515556131977
        ]
      },
      "properties": {
        "objectid": 755870,
        "fod_id": 857267,
        "fpa_id": "SFO-2000UTFFSL2707-2000",
        "source_system_type": "NONFED",
        "source_system": "ST-UTUTS",
        "nwcg_reporting_agency": "ST/C&L",
        "nwcg_reporting_unit_id": "USUTUTS",
        "nwcg_reporting_unit_name": "Utah Division Forestry Fire State Lands",
        "source_reporting_unit": "UTUTS",
        "source_reporting_unit_name": "Utah Division Forestry Fire State Lands",
        "local_fire_report_id": null,
        "local_incident_id": "2707-2000",
        "fire_code": null,
        "fire_name": "ROCKY TOP",
        "ics_209_plus_incident_join_id": null,
        "ics_209_plus_complex_join_id": null,
        "mtbs_id": null,
        "mtbs_fire_name": null,
        "complex_name": null,
        "fire_year": 2000,
        "discovery_date": 965347200000,
        "discovery_doy": 217,
        "discovery_time": "0800",
        "nwcg_cause_classification": "Natural",
        "nwcg_general_cause": "Natural",
        "nwcg_cause_age_category": null,
        "cont_date": 965433600000,
        "cont_doy": 218,
        "cont_time": "0800",
        "fire_size": 0.1,
        "fire_size_class": "A",
        "latitude": 37.24515,
        "longitude": -112.81809,
        "owner_descr": "PRIVATE",
        "state": "UT",
        "county": "KANE",
        "fips_code": "49025",
        "fips_name": "Kane County",
        "globalid": "{2A7A4A06-D847-47C1-8D42-3070693CFA9C}"
      }
    },
    {
      "type": "Feature",
      "id": 755976,
      "geometry": {
        "type": "Point",
        "coordinates": [
          -112.729231483118,
          37.24391556707844
        ]
      },
      "properties": {
        "objectid": 755976,
        "fod_id": 857396,
        "fpa_id": "SFO-1998UTFFSL0474-98",
        "source_system_type": "NONFED",
        "source_system": "ST-UTUTS",
        "nwcg_reporting_agency": "ST/C&L",
        "nwcg_reporting_unit_id": "USUTUTS",
        "nwcg_reporting_unit_name": "Utah Division Forestry Fire State Lands",
        "source_reporting_unit": "UTUTS",
        "source_reporting_unit_name": "Utah Division Forestry Fire State Lands",
        "local_fire_report_id": null,
        "local_incident_id": "0474-98",
        "fire_code": null,
        "fire_name": "DROP HORN",
        "ics_209_plus_incident_join_id": null,
        "ics_209_plus_complex_join_id": null,
        "mtbs_id": null,
        "mtbs_fire_name": null,
        "complex_name": null,
        "fire_year": 1998,
        "discovery_date": 902448000000,
        "discovery_doy": 219,
        "discovery_time": "1630",
        "nwcg_cause_classification": "Natural",
        "nwcg_general_cause": "Natural",
        "nwcg_cause_age_category": null,
        "cont_date": null,
        "cont_doy": null,
        "cont_time": null,
        "fire_size": 0.1,
        "fire_size_class": "A",
        "latitude": 37.24391,
        "longitude": -112.72922000000001,
        "owner_descr": "PRIVATE",
        "state": "UT",
        "county": "KANE",
        "fips_code": "49025",
        "fips_name": "Kane County",
        "globalid": "{D0EA1E75-3A81-4420-8DB6-59D1D4F9793B}"
      }
    },
    {
      "type": "Feature",
      "id": 756085,
      "geometry": {
        "type": "Point",
        "coordinates": [
          -112.71107147807261,
          37.22946556653385
        ]
      },
      "properties": {
        "objectid": 756085,
        "fod_id": 857530,
        "fpa_id": "UT_25993",
        "source_system_type": "NONFED",
        "source_system": "ST-UTUTS",
        "nwcg_reporting_agency": "ST/C&L",
        "nwcg_reporting_unit_id": "USUTUTS",
        "nwcg_reporting_unit_name": "Utah Division Forestry Fire State Lands",
        "source_reporting_unit": "UTUTS",
        "source_reporting_unit_name": "Utah Division Forestry Fire State Lands",
        "local_fire_report_id": null,
        "local_incident_id": "25993",
        "fire_code": null,
        "fire_name": "MINERAL",
        "ics_209_plus_incident_join_id": null,
        "ics_209_plus_complex_join_id": null,
        "mtbs_id": null,
        "mtbs_fire_name": null,
        "complex_name": null,
        "fire_year": 1993,
        "discovery_date": 744854400000,
        "discovery_doy": 221,
        "discovery_time": null,
        "nwcg_cause_classification": "Missing data/not specified/undetermined",
        "nwcg_general_cause": "Missing data/not specified/undetermined",
        "nwcg_cause_age_category": null,
        "cont_date": null,
        "cont_doy": null,
        "cont_time": null,
        "fire_size": 0.1,
        "fire_size_class": "A",
        "latitude": 37.229459999999996,
        "longitude": -112.71106,
        "owner_descr": "MISSING/NOT SPECIFIED",
        "state": "UT",
        "county": "KANE",
        "fips_code": "49025",
        "fips_name": "Kane County",
        "globalid": "{5DFB64A1-917C-46B0-9EF2-7EA6FC628605}"
      }
    },
    {
      "type": "Feature",
      "id": 756103,
      "geometry": {
        "type": "Point",
        "coordinates": [
          -112.79983149549979,
          37.23062556077847
        ]
      },
      "properties": {
        "objectid": 756103,
        "fod_id": 857553,
        "fpa_id": "SFO-2001UTFFSL4053-2001",
        "source_system_type": "NONFED",
        "source_system": "ST-UTUTS",
        "nwcg_reporting_agency": "ST/C&L",
        "nwcg_reporting_unit_id": "USUTUTS",
        "nwcg_reporting_unit_name": "Utah Division Forestry Fire State Lands",
        "source_reporting_unit": "UTUTS",
        "source_reporting_unit_name": "Utah Division Forestry Fire State Lands",
        "local_fire_report_id": null,
        "local_incident_id": "4053-2001",
        "fire_code": null,
        "fire_name": "BUFFALO",
        "ics_209_plus_incident_join_id": null,
        "ics_209_plus_complex_join_id": null,
        "mtbs_id": null,
        "mtbs_fire_name": null,
        "complex_name": null,
        "fire_year": 2001,
        "discovery_date": 997315200000,
        "discovery_doy": 221,
        "discovery_time": "2000",
        "nwcg_cause_classification": "Natural",
        "nwcg_general_cause": "Natural",
        "nwcg_cause_age_category": null,
        "cont_date": 997574400000,
        "cont_doy": 224,
        "cont_time": "2200",
        "fire_size": 0.5,
        "fire_size_class": "B",
        "latitude": 37.23062,
        "longitude": -112.79982000000001,
        "owner_descr": "UNDEFINED FEDERAL",
        "state": "UT",
        "county": "KANE",
        "fips_code": "49025",
        "fips_name": "Kane County",
        "globalid": "{87C3FBE3-E366-4DB4-BA86-E94BE2C7BA9D}"
      }
    },
    {
      "type": "Feature",
      "id": 756175,
      "geometry": {
        "type": "Point",
        "coordinates": [
          -112.69298147454518,
          37.2295055677397
        ]
      },
      "properties": {
        "objectid": 756175,
        "fod_id": 857651,
        "fpa_id": "UT_18895",
        "source_system_type": "NONFED",
        "source_system": "ST-UTUTS",
        "nwcg_reporting_agency": "ST/C&L",
        "nwcg_reporting_unit_id": "USUTUTS",
        "nwcg_reporting_unit_name": "Utah Division Forestry Fire State Lands",
        "source_reporting_unit": "UTUTS",
        "source_reporting_unit_name": "Utah Division Forestry Fire State Lands",
        "local_fire_report_id": null,
        "local_incident_id": "18895",
        "fire_code": null,
        "fire_name": "GOLF CLUB",
        "ics_209_plus_incident_join_id": null,
        "ics_209_plus_complex_join_id": null,
        "mtbs_id": null,
        "mtbs_fire_name": null,
        "complex_name": null,
        "fire_year": 1995,
        "discovery_date": 808185600000,
        "discovery_doy": 224,
        "discovery_time": null,
        "nwcg_cause_classification": "Missing data/not specified/undetermined",
        "nwcg_general_cause": "Missing data/not specified/undetermined",
        "nwcg_cause_age_category": null,
        "cont_date": null,
        "cont_doy": null,
        "cont_time": null,
        "fire_size": 0.01,
        "fire_size_class": "A",
        "latitude": 37.2295,
        "longitude": -112.69296999999999,
        "owner_descr": "MISSING/NOT SPECIFIED",
        "state": "UT",
        "county": "KANE",
        "fips_code": "49025",
        "fips_name": "Kane County",
        "globalid": "{B3EEDCA8-D132-4670-9D13-91383AC14C9C}"
      }
    },
    {
      "type": "Feature",
      "id": 756248,
      "geometry": {
        "type": "Point",
        "coordinates": [
          -112.7110814795822,
          37.24397556829187
        ]
      },
      "properties": {
        "objectid": 756248,
        "fod_id": 857754,
        "fpa_id": "UT_78096",
        "source_system_type": "NONFED",
        "source_system": "ST-UTUTS",
        "nwcg_reporting_agency": "ST/C&L",
        "nwcg_reporting_unit_id": "USUTUTS",
        "nwcg_reporting_unit_name": "Utah Division Forestry Fire State Lands",
        "source_reporting_unit": "UTUTS",
        "source_reporting_unit_name": "Utah Division Forestry Fire State Lands",
        "local_fire_report_id": null,
        "local_incident_id": "78096",
        "fire_code": null,
        "fire_name": "SPRING HOLLOW",
        "ics_209_plus_incident_join_id": null,
        "ics_209_plus_complex_join_id": null,
        "mtbs_id": null,
        "mtbs_fire_name": null,
        "complex_name": null,
        "fire_year": 1996,
        "discovery_date": 839980800000,
        "discovery_doy": 227,
        "discovery_time": null,
        "nwcg_cause_classification": "Missing data/not specified/undetermined",
        "nwcg_general_cause": "Missing data/not specified/undetermined",
        "nwcg_cause_age_category": null,
        "cont_date": null,
        "cont_doy": null,
        "cont_time": null,
        "fire_size": 5,
        "fire_size_class": "B",
        "latitude": 37.24397,
        "longitude": -112.71106999999999,
        "owner_descr": "MISSING/NOT SPECIFIED",
        "state": "UT",
        "county": "KANE",
        "fips_code": "49025",
        "fips_name": "Kane County",
        "globalid": "{787117DC-5A12-4A54-A0C0-37D7732B3D92}"
      }
    },
    {
      "type": "Feature",
      "id": 756380,
      "geometry": {
        "type": "Point",
        "coordinates": [
          -112.69297147303551,
          37.21497556597757
        ]
      },
      "properties": {
        "objectid": 756380,
        "fod_id": 857945,
        "fpa_id": "SFO-2001UTFFSL3971-2001",
        "source_system_type": "NONFED",
        "source_system": "ST-UTUTS",
        "nwcg_reporting_agency": "ST/C&L",
        "nwcg_reporting_unit_id": "USUTUTS",
        "nwcg_reporting_unit_name": "Utah Division Forestry Fire State Lands",
        "source_reporting_unit": "UTUTS",
        "source_reporting_unit_name": "Utah Division Forestry Fire State Lands",
        "local_fire_report_id": null,
        "local_incident_id": "3971-2001",
        "fire_code": null,
        "fire_name": "DOT SHED",
        "ics_209_plus_incident_join_id": null,
        "ics_209_plus_complex_join_id": null,
        "mtbs_id": null,
        "mtbs_fire_name": null,
        "complex_name": null,
        "fire_year": 2001,
        "discovery_date": 998006400000,
        "discovery_doy": 229,
        "discovery_time": "1600",
        "nwcg_cause_classification": "Natural",
        "nwcg_general_cause": "Natural",
        "nwcg_cause_age_category": null,
        "cont_date": 998265600000,
        "cont_doy": 232,
        "cont_time": "2000",
        "fire_size": 0.1,
        "fire_size_class": "A",
        "latitude": 37.21497,
        "longitude": -112.69296,
        "owner_descr": "UNDEFINED FEDERAL",
        "state": "UT",
        "county": "KANE",
        "fips_code": "49025",
        "fips_name": "Kane County",
        "globalid": "{979E1841-D487-4EA2-AEB2-2482BBFE77BA}"
      }
    },
    {
      "type": "Feature",
      "id": 756383,
      "geometry": {
        "type": "Point",
        "coordinates": [
          -112.78246148898131,
          37.20042555827778
        ]
      },
      "properties": {
        "objectid": 756383,
        "fod_id": 857948,
        "fpa_id": "SFO-2001UTFFSL3975-2001",
        "source_system_type": "NONFED",
        "source_system": "ST-UTUTS",
        "nwcg_reporting_agency": "ST/C&L",
        "nwcg_reporting_unit_id": "USUTUTS",
        "nwcg_reporting_unit_name": "Utah Division Forestry Fire State Lands",
        "source_reporting_unit": "UTUTS",
        "source_reporting_unit_name": "Utah Division Forestry Fire State Lands",
        "local_fire_report_id": null,
        "local_incident_id": "3975-2001",
        "fire_code": null,
        "fire_name": "MT. CARMEL AIRSTRIP",
        "ics_209_plus_incident_join_id": null,
        "ics_209_plus_complex_join_id": null,
        "mtbs_id": null,
        "mtbs_fire_name": null,
        "complex_name": null,
        "fire_year": 2001,
        "discovery_date": 998006400000,
        "discovery_doy": 229,
        "discovery_time": "1600",
        "nwcg_cause_classification": "Natural",
        "nwcg_general_cause": "Natural",
        "nwcg_cause_age_category": null,
        "cont_date": 998265600000,
        "cont_doy": 232,
        "cont_time": "1800",
        "fire_size": 0.1,
        "fire_size_class": "A",
        "latitude": 37.20042,
        "longitude": -112.78245,
        "owner_descr": "UNDEFINED FEDERAL",
        "state": "UT",
        "county": "KANE",
        "fips_code": "49025",
        "fips_name": "Kane County",
        "globalid": "{D7E478AF-175F-42F6-8863-1AD11C6972AF}"
      }
    },
    {
      "type": "Feature",
      "id": 756531,
      "geometry": {
        "type": "Point",
        "coordinates": [
          -112.67506147116475,
          37.23065556906882
        ]
      },
      "properties": {
        "objectid": 756531,
        "fod_id": 858136,
        "fpa_id": "UT_19095",
        "source_system_type": "NONFED",
        "source_system": "ST-UTUTS",
        "nwcg_reporting_agency": "ST/C&L",
        "nwcg_reporting_unit_id": "USUTUTS",
        "nwcg_reporting_unit_name": "Utah Division Forestry Fire State Lands",
        "source_reporting_unit": "UTUTS",
        "source_reporting_unit_name": "Utah Division Forestry Fire State Lands",
        "local_fire_report_id": null,
        "local_incident_id": "19095",
        "fire_code": null,
        "fire_name": "DEACOW",
        "ics_209_plus_incident_join_id": null,
        "ics_209_plus_complex_join_id": null,
        "mtbs_id": null,
        "mtbs_fire_name": null,
        "complex_name": null,
        "fire_year": 1995,
        "discovery_date": 808963200000,
        "discovery_doy": 233,
        "discovery_time": null,
        "nwcg_cause_classification": "Missing data/not specified/undetermined",
        "nwcg_general_cause": "Missing data/not specified/undetermined",
        "nwcg_cause_age_category": null,
        "cont_date": null,
        "cont_doy": null,
        "cont_time": null,
        "fire_size": 0.01,
        "fire_size_class": "A",
        "latitude": 37.230650000000004,
        "longitude": -112.67505,
        "owner_descr": "MISSING/NOT SPECIFIED",
        "state": "UT",
        "county": "KANE",
        "fips_code": "49025",
        "fips_name": "Kane County",
        "globalid": "{C35CE893-9AD3-44EC-ADD2-22BC90648779}"
      }
    },
    {
      "type": "Feature",
      "id": 756557,
      "geometry": {
        "type": "Point",
        "coordinates": [
          -112.765261490144,
          37.24390556468236
        ]
      },
      "properties": {
        "objectid": 756557,
        "fod_id": 858168,
        "fpa_id": "SFO-2001UTFFSL4209-2001",
        "source_system_type": "NONFED",
        "source_system": "ST-UTUTS",
        "nwcg_reporting_agency": "ST/C&L",
        "nwcg_reporting_unit_id": "USUTUTS",
        "nwcg_reporting_unit_name": "Utah Division Forestry Fire State Lands",
        "source_reporting_unit": "UTUTS",
        "source_reporting_unit_name": "Utah Division Forestry Fire State Lands",
        "local_fire_report_id": null,
        "local_incident_id": "4209-2001",
        "fire_code": null,
        "fire_name": "REESE 3",
        "ics_209_plus_incident_join_id": null,
        "ics_209_plus_complex_join_id": null,
        "mtbs_id": null,
        "mtbs_fire_name": null,
        "complex_name": null,
        "fire_year": 2001,
        "discovery_date": 998352000000,
        "discovery_doy": 233,
        "discovery_time": "1330",
        "nwcg_cause_classification": "Natural",
        "nwcg_general_cause": "Natural",
        "nwcg_cause_age_category": null,
        "cont_date": 998697600000,
        "cont_doy": 237,
        "cont_time": "2000",
        "fire_size": 0.5,
        "fire_size_class": "B",
        "latitude": 37.2439,
        "longitude": -112.76525,
        "owner_descr": "PRIVATE",
        "state": "UT",
        "county": "KANE",
        "fips_code": "49025",
        "fips_name": "Kane County",
        "globalid": "{99548350-6933-4D5F-A8BD-1441470680FA}"
      }
    },
    {
      "type": "Feature",
      "id": 756790,
      "geometry": {
        "type": "Point",
        "coordinates": [
          -112.78265149504173,
          37.258395565278036
        ]
      },
      "properties": {
        "objectid": 756790,
        "fod_id": 858473,
        "fpa_id": "UT_25393",
        "source_system_type": "NONFED",
        "source_system": "ST-UTUTS",
        "nwcg_reporting_agency": "ST/C&L",
        "nwcg_reporting_unit_id": "USUTUTS",
        "nwcg_reporting_unit_name": "Utah Division Forestry Fire State Lands",
        "source_reporting_unit": "UTUTS",
        "source_reporting_unit_name": "Utah Division Forestry Fire State Lands",
        "local_fire_report_id": null,
        "local_incident_id": "25393",
        "fire_code": null,
        "fire_name": "MILE POST 49",
        "ics_209_plus_incident_join_id": null,
        "ics_209_plus_complex_join_id": null,
        "mtbs_id": null,
        "mtbs_fire_name": null,
        "complex_name": null,
        "fire_year": 1993,
        "discovery_date": 746582400000,
        "discovery_doy": 241,
        "discovery_time": null,
        "nwcg_cause_classification": "Missing data/not specified/undetermined",
        "nwcg_general_cause": "Missing data/not specified/undetermined",
        "nwcg_cause_age_category": null,
        "cont_date": null,
        "cont_doy": null,
        "cont_time": null,
        "fire_size": 0.1,
        "fire_size_class": "A",
        "latitude": 37.25839,
        "longitude": -112.78264,
        "owner_descr": "MISSING/NOT SPECIFIED",
        "state": "UT",
        "county": "KANE",
        "fips_code": "49025",
        "fips_name": "Kane County",
        "globalid": "{32DFA6E0-3300-4BA0-8083-DF8CD5DA6A65}"
      }
    },
    {
      "type": "Feature",
      "id": 756891,
      "geometry": {
        "type": "Point",
        "coordinates": [
          -112.74727148663922,
          37.24393556588184
        ]
      },
      "properties": {
        "objectid": 756891,
        "fod_id": 858605,
        "fpa_id": "UT_39592",
        "source_system_type": "NONFED",
        "source_system": "ST-UTUTS",
        "nwcg_reporting_agency": "ST/C&L",
        "nwcg_reporting_unit_id": "USUTUTS",
        "nwcg_reporting_unit_name": "Utah Division Forestry Fire State Lands",
        "source_reporting_unit": "UTUTS",
        "source_reporting_unit_name": "Utah Division Forestry Fire State Lands",
        "local_fire_report_id": null,
        "local_incident_id": "39592",
        "fire_code": null,
        "fire_name": "MINERAL",
        "ics_209_plus_incident_join_id": null,
        "ics_209_plus_complex_join_id": null,
        "mtbs_id": null,
        "mtbs_fire_name": null,
        "complex_name": null,
        "fire_year": 1992,
        "discovery_date": 716515200000,
        "discovery_doy": 259,
        "discovery_time": null,
        "nwcg_cause_classification": "Missing data/not specified/undetermined",
        "nwcg_general_cause": "Missing data/not specified/undetermined",
        "nwcg_cause_age_category": null,
        "cont_date": null,
        "cont_doy": null,
        "cont_time": null,
        "fire_size": 0.1,
        "fire_size_class": "A",
        "latitude": 37.24393,
        "longitude": -112.74726000000001,
        "owner_descr": "MISSING/NOT SPECIFIED",
        "state": "UT",
        "county": "KANE",
        "fips_code": "49025",
        "fips_name": "Kane County",
        "globalid": "{A95DD8DC-DF67-4649-8C5F-E835F9D3BD47}"
      }
    },
    {
      "type": "Feature",
      "id": 756952,
      "geometry": {
        "type": "Point",
        "coordinates": [
          -112.81802149904323,
          37.23063555957088
        ]
      },
      "properties": {
        "objectid": 756952,
        "fod_id": 858683,
        "fpa_id": "UT_30794",
        "source_system_type": "NONFED",
        "source_system": "ST-UTUTS",
        "nwcg_reporting_agency": "ST/C&L",
        "nwcg_reporting_unit_id": "USUTUTS",
        "nwcg_reporting_unit_name": "Utah Division Forestry Fire State Lands",
        "source_reporting_unit": "UTUTS",
        "source_reporting_unit_name": "Utah Division Forestry Fire State Lands",
        "local_fire_report_id": null,
        "local_incident_id": "30794",
        "fire_code": null,
        "fire_name": "CO-OP CREEK",
        "ics_209_plus_incident_join_id": null,
        "ics_209_plus_complex_join_id": null,
        "mtbs_id": null,
        "mtbs_fire_name": null,
        "complex_name": null,
        "fire_year": 1994,
        "discovery_date": 779846400000,
        "discovery_doy": 261,
        "discovery_time": null,
        "nwcg_cause_classification": "Missing data/not specified/undetermined",
        "nwcg_general_cause": "Missing data/not specified/undetermined",
        "nwcg_cause_age_category": null,
        "cont_date": null,
        "cont_doy": null,
        "cont_time": null,
        "fire_size": 0.1,
        "fire_size_class": "A",
        "latitude": 37.230630000000005,
        "longitude": -112.81801,
        "owner_descr": "MISSING/NOT SPECIFIED",
        "state": "UT",
        "county": "KANE",
        "fips_code": "49025",
        "fips_name": "Kane County",
        "globalid": "{B37CAEB4-962D-441A-B530-5D6A7962E178}"
      }
    },
    {
      "type": "Feature",
      "id": 757353,
      "geometry": {
        "type": "Point",
        "coordinates": [
          -112.729231483118,
          37.24391556707844
        ]
      },
      "properties": {
        "objectid": 757353,
        "fod_id": 859172,
        "fpa_id": "UT_30894",
        "source_system_type": "NONFED",
        "source_system": "ST-UTUTS",
        "nwcg_reporting_agency": "ST/C&L",
        "nwcg_reporting_unit_id": "USUTUTS",
        "nwcg_reporting_unit_name": "Utah Division Forestry Fire State Lands",
        "source_reporting_unit": "UTUTS",
        "source_reporting_unit_name": "Utah Division Forestry Fire State Lands",
        "local_fire_report_id": null,
        "local_incident_id": "30894",
        "fire_code": null,
        "fire_name": "BURNT FLAT",
        "ics_209_plus_incident_join_id": null,
        "ics_209_plus_complex_join_id": null,
        "mtbs_id": null,
        "mtbs_fire_name": null,
        "complex_name": null,
        "fire_year": 1994,
        "discovery_date": 779932800000,
        "discovery_doy": 262,
        "discovery_time": null,
        "nwcg_cause_classification": "Missing data/not specified/undetermined",
        "nwcg_general_cause": "Missing data/not specified/undetermined",
        "nwcg_cause_age_category": null,
        "cont_date": null,
        "cont_doy": null,
        "cont_time": null,
        "fire_size": 0.2,
        "fire_size_class": "A",
        "latitude": 37.24391,
        "longitude": -112.72922000000001,
        "owner_descr": "MISSING/NOT SPECIFIED",
        "state": "UT",
        "county": "KANE",
        "fips_code": "49025",
        "fips_name": "Kane County",
        "globalid": "{FDF34E8F-DA5D-4B2C-B0A0-009F40648ADF}"
      }
    },
    {
      "type": "Feature",
      "id": 757363,
      "geometry": {
        "type": "Point",
        "coordinates": [
          -112.72922148160818,
          37.22940556532137
        ]
      },
      "properties": {
        "objectid": 757363,
        "fod_id": 859182,
        "fpa_id": "UT_0280-97",
        "source_system_type": "NONFED",
        "source_system": "ST-UTUTS",
        "nwcg_reporting_agency": "ST/C&L",
        "nwcg_reporting_unit_id": "USUTUTS",
        "nwcg_reporting_unit_name": "Utah Division Forestry Fire State Lands",
        "source_reporting_unit": "UTUTS",
        "source_reporting_unit_name": "Utah Division Forestry Fire State Lands",
        "local_fire_report_id": null,
        "local_incident_id": "0280-97",
        "fire_code": null,
        "fire_name": "MINERAL POINT",
        "ics_209_plus_incident_join_id": null,
        "ics_209_plus_complex_join_id": null,
        "mtbs_id": null,
        "mtbs_fire_name": null,
        "complex_name": null,
        "fire_year": 1997,
        "discovery_date": 874627200000,
        "discovery_doy": 262,
        "discovery_time": null,
        "nwcg_cause_classification": "Missing data/not specified/undetermined",
        "nwcg_general_cause": "Missing data/not specified/undetermined",
        "nwcg_cause_age_category": null,
        "cont_date": null,
        "cont_doy": null,
        "cont_time": null,
        "fire_size": 0.1,
        "fire_size_class": "A",
        "latitude": 37.2294,
        "longitude": -112.72921000000001,
        "owner_descr": "MISSING/NOT SPECIFIED",
        "state": "UT",
        "county": "KANE",
        "fips_code": "49025",
        "fips_name": "Kane County",
        "globalid": "{7A88A377-F600-401E-AC99-5AAB85B2ADAF}"
      }
    },
    {
      "type": "Feature",
      "id": 757482,
      "geometry": {
        "type": "Point",
        "coordinates": [
          -112.69298147454518,
          37.2295055677397
        ]
      },
      "properties": {
        "objectid": 757482,
        "fod_id": 859321,
        "fpa_id": "UT_35595",
        "source_system_type": "NONFED",
        "source_system": "ST-UTUTS",
        "nwcg_reporting_agency": "ST/C&L",
        "nwcg_reporting_unit_id": "USUTUTS",
        "nwcg_reporting_unit_name": "Utah Division Forestry Fire State Lands",
        "source_reporting_unit": "UTUTS",
        "source_reporting_unit_name": "Utah Division Forestry Fire State Lands",
        "local_fire_report_id": null,
        "local_incident_id": "35595",
        "fire_code": null,
        "fire_name": "WHITE ROCK",
        "ics_209_plus_incident_join_id": null,
        "ics_209_plus_complex_join_id": null,
        "mtbs_id": null,
        "mtbs_fire_name": null,
        "complex_name": null,
        "fire_year": 1995,
        "discovery_date": 812246400000,
        "discovery_doy": 271,
        "discovery_time": null,
        "nwcg_cause_classification": "Missing data/not specified/undetermined",
        "nwcg_general_cause": "Missing data/not specified/undetermined",
        "nwcg_cause_age_category": null,
        "cont_date": null,
        "cont_doy": null,
        "cont_time": null,
        "fire_size": 0.01,
        "fire_size_class": "A",
        "latitude": 37.2295,
        "longitude": -112.69296999999999,
        "owner_descr": "MISSING/NOT SPECIFIED",
        "state": "UT",
        "county": "KANE",
        "fips_code": "49025",
        "fips_name": "Kane County",
        "globalid": "{1FC4BF2A-7D8A-4FFB-BAD6-9654730575F0}"
      }
    },
    {
      "type": "Feature",
      "id": 757667,
      "geometry": {
        "type": "Point",
        "coordinates": [
          -112.729231483118,
          37.24391556707844
        ]
      },
      "properties": {
        "objectid": 757667,
        "fod_id": 859542,
        "fpa_id": "SFO-1998UTFFSL0628-98",
        "source_system_type": "NONFED",
        "source_system": "ST-UTUTS",
        "nwcg_reporting_agency": "ST/C&L",
        "nwcg_reporting_unit_id": "USUTUTS",
        "nwcg_reporting_unit_name": "Utah Division Forestry Fire State Lands",
        "source_reporting_unit": "UTUTS",
        "source_reporting_unit_name": "Utah Division Forestry Fire State Lands",
        "local_fire_report_id": null,
        "local_incident_id": "0628-98",
        "fire_code": null,
        "fire_name": "MACKS BURN",
        "ics_209_plus_incident_join_id": null,
        "ics_209_plus_complex_join_id": null,
        "mtbs_id": null,
        "mtbs_fire_name": null,
        "complex_name": null,
        "fire_year": 1998,
        "discovery_date": 908496000000,
        "discovery_doy": 289,
        "discovery_time": "2130",
        "nwcg_cause_classification": "Human",
        "nwcg_general_cause": "Debris and open burning",
        "nwcg_cause_age_category": null,
        "cont_date": null,
        "cont_doy": null,
        "cont_time": null,
        "fire_size": 0.1,
        "fire_size_class": "A",
        "latitude": 37.24391,
        "longitude": -112.72922000000001,
        "owner_descr": "PRIVATE",
        "state": "UT",
        "county": "KANE",
        "fips_code": "49025",
        "fips_name": "Kane County",
        "globalid": "{8A22E70B-092C-4E03-BD9C-71C735DF2CE2}"
      }
    },
    {
      "type": "Feature",
      "id": 757683,
      "geometry": {
        "type": "Point",
        "coordinates": [
          -112.76520148561879,
          37.20043555942378
        ]
      },
      "properties": {
        "objectid": 757683,
        "fod_id": 859559,
        "fpa_id": "UT_0409-97",
        "source_system_type": "NONFED",
        "source_system": "ST-UTUTS",
        "nwcg_reporting_agency": "ST/C&L",
        "nwcg_reporting_unit_id": "USUTUTS",
        "nwcg_reporting_unit_name": "Utah Division Forestry Fire State Lands",
        "source_reporting_unit": "UTUTS",
        "source_reporting_unit_name": "Utah Division Forestry Fire State Lands",
        "local_fire_report_id": null,
        "local_incident_id": "0409-97",
        "fire_code": null,
        "fire_name": "DEER HUNT",
        "ics_209_plus_incident_join_id": null,
        "ics_209_plus_complex_join_id": null,
        "mtbs_id": null,
        "mtbs_fire_name": null,
        "complex_name": null,
        "fire_year": 1997,
        "discovery_date": 877132800000,
        "discovery_doy": 291,
        "discovery_time": null,
        "nwcg_cause_classification": "Missing data/not specified/undetermined",
        "nwcg_general_cause": "Missing data/not specified/undetermined",
        "nwcg_cause_age_category": null,
        "cont_date": null,
        "cont_doy": null,
        "cont_time": null,
        "fire_size": 5,
        "fire_size_class": "B",
        "latitude": 37.200430000000004,
        "longitude": -112.76519,
        "owner_descr": "MISSING/NOT SPECIFIED",
        "state": "UT",
        "county": "KANE",
        "fips_code": "49025",
        "fips_name": "Kane County",
        "globalid": "{12DF5634-6BFF-4217-A549-40EE84E5737D}"
      }
    },
    {
      "type": "Feature",
      "id": 757703,
      "geometry": {
        "type": "Point",
        "coordinates": [
          -112.76520148561879,
          37.20043555942378
        ]
      },
      "properties": {
        "objectid": 757703,
        "fod_id": 859581,
        "fpa_id": "UT_0454-97",
        "source_system_type": "NONFED",
        "source_system": "ST-UTUTS",
        "nwcg_reporting_agency": "ST/C&L",
        "nwcg_reporting_unit_id": "USUTUTS",
        "nwcg_reporting_unit_name": "Utah Division Forestry Fire State Lands",
        "source_reporting_unit": "UTUTS",
        "source_reporting_unit_name": "Utah Division Forestry Fire State Lands",
        "local_fire_report_id": null,
        "local_incident_id": "0454-97",
        "fire_code": null,
        "fire_name": "DEER HUNT 2",
        "ics_209_plus_incident_join_id": null,
        "ics_209_plus_complex_join_id": null,
        "mtbs_id": null,
        "mtbs_fire_name": null,
        "complex_name": null,
        "fire_year": 1997,
        "discovery_date": 877305600000,
        "discovery_doy": 293,
        "discovery_time": null,
        "nwcg_cause_classification": "Missing data/not specified/undetermined",
        "nwcg_general_cause": "Missing data/not specified/undetermined",
        "nwcg_cause_age_category": null,
        "cont_date": null,
        "cont_doy": null,
        "cont_time": null,
        "fire_size": 10,
        "fire_size_class": "C",
        "latitude": 37.200430000000004,
        "longitude": -112.76519,
        "owner_descr": "MISSING/NOT SPECIFIED",
        "state": "UT",
        "county": "KANE",
        "fips_code": "49025",
        "fips_name": "Kane County",
        "globalid": "{ED5CC29B-3257-4FDD-AD80-794027CCA3FF}"
      }
    },
    {
      "type": "Feature",
      "id": 757780,
      "geometry": {
        "type": "Point",
        "coordinates": [
          -112.729231483118,
          37.24391556707844
        ]
      },
      "properties": {
        "objectid": 757780,
        "fod_id": 859671,
        "fpa_id": "UT_13796",
        "source_system_type": "NONFED",
        "source_system": "ST-UTUTS",
        "nwcg_reporting_agency": "ST/C&L",
        "nwcg_reporting_unit_id": "USUTUTS",
        "nwcg_reporting_unit_name": "Utah Division Forestry Fire State Lands",
        "source_reporting_unit": "UTUTS",
        "source_reporting_unit_name": "Utah Division Forestry Fire State Lands",
        "local_fire_report_id": null,
        "local_incident_id": "13796",
        "fire_code": null,
        "fire_name": "CENTURY",
        "ics_209_plus_incident_join_id": null,
        "ics_209_plus_complex_join_id": null,
        "mtbs_id": null,
        "mtbs_fire_name": null,
        "complex_name": null,
        "fire_year": 1996,
        "discovery_date": 846979200000,
        "discovery_doy": 308,
        "discovery_time": null,
        "nwcg_cause_classification": "Missing data/not specified/undetermined",
        "nwcg_general_cause": "Missing data/not specified/undetermined",
        "nwcg_cause_age_category": null,
        "cont_date": null,
        "cont_doy": null,
        "cont_time": null,
        "fire_size": 0.25,
        "fire_size_class": "A",
        "latitude": 37.24391,
        "longitude": -112.72922000000001,
        "owner_descr": "MISSING/NOT SPECIFIED",
        "state": "UT",
        "county": "KANE",
        "fips_code": "49025",
        "fips_name": "Kane County",
        "globalid": "{806FCD11-A8F1-4609-B3B0-EDBCCE775776}"
      }
    },
    {
      "type": "Feature",
      "id": 757842,
      "geometry": {
        "type": "Point",
        "coordinates": [
          -112.6570514706463,
          37.25952557376833
        ]
      },
      "properties": {
        "objectid": 757842,
        "fod_id": 859742,
        "fpa_id": "SFO-2001UTFFSL4791-2001",
        "source_system_type": "NONFED",
        "source_system": "ST-UTUTS",
        "nwcg_reporting_agency": "ST/C&L",
        "nwcg_reporting_unit_id": "USUTUTS",
        "nwcg_reporting_unit_name": "Utah Division Forestry Fire State Lands",
        "source_reporting_unit": "UTUTS",
        "source_reporting_unit_name": "Utah Division Forestry Fire State Lands",
        "local_fire_report_id": null,
        "local_incident_id": "4791-2001",
        "fire_code": null,
        "fire_name": "ZORNES",
        "ics_209_plus_incident_join_id": null,
        "ics_209_plus_complex_join_id": null,
        "mtbs_id": null,
        "mtbs_fire_name": null,
        "complex_name": null,
        "fire_year": 2001,
        "discovery_date": 1009411200000,
        "discovery_doy": 361,
        "discovery_time": "1400",
        "nwcg_cause_classification": "Human",
        "nwcg_general_cause": "Debris and open burning",
        "nwcg_cause_age_category": null,
        "cont_date": 1009497600000,
        "cont_doy": 362,
        "cont_time": "1800",
        "fire_size": 0.01,
        "fire_size_class": "A",
        "latitude": 37.25952,
        "longitude": -112.65704,
        "owner_descr": "MUNICIPAL/LOCAL",
        "state": "UT",
        "county": "KANE",
        "fips_code": "49025",
        "fips_name": "Kane County",
        "globalid": "{4B67CAAA-49ED-43E2-82DA-1863CF544E38}"
      }
    },
    {
      "type": "Feature",
      "id": 757843,
      "geometry": {
        "type": "Point",
        "coordinates": [
          -112.729231483118,
          37.24391556707844
        ]
      },
      "properties": {
        "objectid": 757843,
        "fod_id": 859743,
        "fpa_id": "SFO-2001UTFFSL4793-2001",
        "source_system_type": "NONFED",
        "source_system": "ST-UTUTS",
        "nwcg_reporting_agency": "ST/C&L",
        "nwcg_reporting_unit_id": "USUTUTS",
        "nwcg_reporting_unit_name": "Utah Division Forestry Fire State Lands",
        "source_reporting_unit": "UTUTS",
        "source_reporting_unit_name": "Utah Division Forestry Fire State Lands",
        "local_fire_report_id": null,
        "local_incident_id": "4793-2001",
        "fire_code": null,
        "fire_name": "MINERAL WASH",
        "ics_209_plus_incident_join_id": null,
        "ics_209_plus_complex_join_id": null,
        "mtbs_id": null,
        "mtbs_fire_name": null,
        "complex_name": null,
        "fire_year": 2001,
        "discovery_date": 1009411200000,
        "discovery_doy": 361,
        "discovery_time": "1600",
        "nwcg_cause_classification": "Human",
        "nwcg_general_cause": "Missing data/not specified/undetermined",
        "nwcg_cause_age_category": null,
        "cont_date": 1009670400000,
        "cont_doy": 364,
        "cont_time": "1230",
        "fire_size": 1,
        "fire_size_class": "B",
        "latitude": 37.24391,
        "longitude": -112.72922000000001,
        "owner_descr": "PRIVATE",
        "state": "UT",
        "county": "KANE",
        "fips_code": "49025",
        "fips_name": "Kane County",
        "globalid": "{6B250C7C-4755-4865-B6CF-6A7C59EAA41A}"
      }
    },
    {
      "type": "Feature",
      "id": 757845,
      "geometry": {
        "type": "Point",
        "coordinates": [
          -112.71106147656474,
          37.21495556477507
        ]
      },
      "properties": {
        "objectid": 757845,
        "fod_id": 859745,
        "fpa_id": "SFO-2001UTFFSL4794-2001",
        "source_system_type": "NONFED",
        "source_system": "ST-UTUTS",
        "nwcg_reporting_agency": "ST/C&L",
        "nwcg_reporting_unit_id": "USUTUTS",
        "nwcg_reporting_unit_name": "Utah Division Forestry Fire State Lands",
        "source_reporting_unit": "UTUTS",
        "source_reporting_unit_name": "Utah Division Forestry Fire State Lands",
        "local_fire_report_id": null,
        "local_incident_id": "4794-2001",
        "fire_code": null,
        "fire_name": "LAST",
        "ics_209_plus_incident_join_id": null,
        "ics_209_plus_complex_join_id": null,
        "mtbs_id": null,
        "mtbs_fire_name": null,
        "complex_name": null,
        "fire_year": 2001,
        "discovery_date": 1009756800000,
        "discovery_doy": 365,
        "discovery_time": "1300",
        "nwcg_cause_classification": "Human",
        "nwcg_general_cause": "Missing data/not specified/undetermined",
        "nwcg_cause_age_category": null,
        "cont_date": 1010188800000,
        "cont_doy": 5,
        "cont_time": "1400",
        "fire_size": 0.1,
        "fire_size_class": "A",
        "latitude": 37.21495,
        "longitude": -112.71105,
        "owner_descr": "UNDEFINED FEDERAL",
        "state": "UT",
        "county": "KANE",
        "fips_code": "49025",
        "fips_name": "Kane County",
        "globalid": "{539FC9F0-C207-4338-90DD-31EF3AE986B8}"
      }
    },
    {
      "type": "Feature",
      "id": 1217233,
      "geometry": {
        "type": "Point",
        "coordinates": [
          -112.78691149009501,
          37.20280555827066
        ]
      },
      "properties": {
        "objectid": 1217233,
        "fod_id": 1475971,
        "fpa_id": "W-606272",
        "source_system_type": "FED",
        "source_system": "DOI-WFMI",
        "nwcg_reporting_agency": "BLM",
        "nwcg_reporting_unit_id": "USUTCCD",
        "nwcg_reporting_unit_name": "Cedar City Field Office",
        "source_reporting_unit": "UTCCD",
        "source_reporting_unit_name": "Cedar City Field Office",
        "local_fire_report_id": null,
        "local_incident_id": null,
        "fire_code": "FMY7",
        "fire_name": "POVERTY",
        "ics_209_plus_incident_join_id": null,
        "ics_209_plus_complex_join_id": null,
        "mtbs_id": null,
        "mtbs_fire_name": null,
        "complex_name": null,
        "fire_year": 2010,
        "discovery_date": 1279843200000,
        "discovery_doy": 204,
        "discovery_time": "1916",
        "nwcg_cause_classification": "Natural",
        "nwcg_general_cause": "Natural",
        "nwcg_cause_age_category": null,
        "cont_date": 1280188800000,
        "cont_doy": 208,
        "cont_time": "1400",
        "fire_size": 1,
        "fire_size_class": "B",
        "latitude": 37.2028,
        "longitude": -112.7869,
        "owner_descr": "BLM",
        "state": "UT",
        "county": "Kane",
        "fips_code": "49025",
        "fips_name": "Kane County",
        "globalid": "{75CDDE2C-1747-4B02-B275-1770CF92B41F}"
      }
    },
    {
      "type": "Feature",
      "id": 1217234,
      "geometry": {
        "type": "Point",
        "coordinates": [
          -112.78611149008435,
          37.204205558493236
        ]
      },
      "properties": {
        "objectid": 1217234,
        "fod_id": 1475972,
        "fpa_id": "W-606243",
        "source_system_type": "FED",
        "source_system": "DOI-WFMI",
        "nwcg_reporting_agency": "BLM",
        "nwcg_reporting_unit_id": "USUTCCD",
        "nwcg_reporting_unit_name": "Cedar City Field Office",
        "source_reporting_unit": "UTCCD",
        "source_reporting_unit_name": "Cedar City Field Office",
        "local_fire_report_id": null,
        "local_incident_id": null,
        "fire_code": "FMY9",
        "fire_name": "CARD",
        "ics_209_plus_incident_join_id": null,
        "ics_209_plus_complex_join_id": null,
        "mtbs_id": null,
        "mtbs_fire_name": null,
        "complex_name": null,
        "fire_year": 2010,
        "discovery_date": 1279843200000,
        "discovery_doy": 204,
        "discovery_time": "2036",
        "nwcg_cause_classification": "Natural",
        "nwcg_general_cause": "Natural",
        "nwcg_cause_age_category": null,
        "cont_date": 1279843200000,
        "cont_doy": 204,
        "cont_time": "2200",
        "fire_size": 0.1,
        "fire_size_class": "A",
        "latitude": 37.2042,
        "longitude": -112.7861,
        "owner_descr": "BLM",
        "state": "UT",
        "county": "Kane",
        "fips_code": "49025",
        "fips_name": "Kane County",
        "globalid": "{A776BBEC-EDCE-4725-A14C-BB9C1D2183DB}"
      }
    },
    {
      "type": "Feature",
      "id": 1217235,
      "geometry": {
        "type": "Point",
        "coordinates": [
          -112.73561147710323,
          37.17390555816822
        ]
      },
      "properties": {
        "objectid": 1217235,
        "fod_id": 1475973,
        "fpa_id": "W-605107",
        "source_system_type": "FED",
        "source_system": "DOI-WFMI",
        "nwcg_reporting_agency": "BLM",
        "nwcg_reporting_unit_id": "USUTCCD",
        "nwcg_reporting_unit_name": "Cedar City Field Office",
        "source_reporting_unit": "UTCCD",
        "source_reporting_unit_name": "Cedar City Field Office",
        "local_fire_report_id": null,
        "local_incident_id": null,
        "fire_code": "FMZ0",
        "fire_name": "MONCUR",
        "ics_209_plus_incident_join_id": null,
        "ics_209_plus_complex_join_id": null,
        "mtbs_id": null,
        "mtbs_fire_name": null,
        "complex_name": null,
        "fire_year": 2010,
        "discovery_date": 1279843200000,
        "discovery_doy": 204,
        "discovery_time": "2056",
        "nwcg_cause_classification": "Natural",
        "nwcg_general_cause": "Natural",
        "nwcg_cause_age_category": null,
        "cont_date": 1279929600000,
        "cont_doy": 205,
        "cont_time": "1455",
        "fire_size": 0.1,
        "fire_size_class": "A",
        "latitude": 37.1739,
        "longitude": -112.7356,
        "owner_descr": "BLM",
        "state": "UT",
        "county": "Kane",
        "fips_code": "49025",
        "fips_name": "Kane County",
        "globalid": "{DCA04D88-413E-413D-9382-068107718749}"
      }
    },
    {
      "type": "Feature",
      "id": 1217254,
      "geometry": {
        "type": "Point",
        "coordinates": [
          -112.6944114688371,
          37.17170556062833
        ]
      },
      "properties": {
        "objectid": 1217254,
        "fod_id": 1475994,
        "fpa_id": "W-607698",
        "source_system_type": "FED",
        "source_system": "DOI-WFMI",
        "nwcg_reporting_agency": "BLM",
        "nwcg_reporting_unit_id": "USUTCCD",
        "nwcg_reporting_unit_name": "Cedar City Field Office",
        "source_reporting_unit": "UTCCD",
        "source_reporting_unit_name": "Cedar City Field Office",
        "local_fire_report_id": null,
        "local_incident_id": null,
        "fire_code": "FP8A",
        "fire_name": "CLAY FLAT",
        "ics_209_plus_incident_join_id": null,
        "ics_209_plus_complex_join_id": null,
        "mtbs_id": null,
        "mtbs_fire_name": null,
        "complex_name": null,
        "fire_year": 2010,
        "discovery_date": 1280966400000,
        "discovery_doy": 217,
        "discovery_time": "1835",
        "nwcg_cause_classification": "Natural",
        "nwcg_general_cause": "Natural",
        "nwcg_cause_age_category": null,
        "cont_date": 1281139200000,
        "cont_doy": 219,
        "cont_time": "1500",
        "fire_size": 0.1,
        "fire_size_class": "A",
        "latitude": 37.1717,
        "longitude": -112.6944,
        "owner_descr": "BLM",
        "state": "UT",
        "county": "Kane",
        "fips_code": "49025",
        "fips_name": "Kane County",
        "globalid": "{1D919BB0-FA35-4948-8D14-BB386AFC2145}"
      }
    },
    {
      "type": "Feature",
      "id": 1217257,
      "geometry": {
        "type": "Point",
        "coordinates": [
          -112.69361146968373,
          37.181405561859634
        ]
      },
      "properties": {
        "objectid": 1217257,
        "fod_id": 1475997,
        "fpa_id": "W-606813",
        "source_system_type": "FED",
        "source_system": "DOI-WFMI",
        "nwcg_reporting_agency": "BLM",
        "nwcg_reporting_unit_id": "USUTCCD",
        "nwcg_reporting_unit_name": "Cedar City Field Office",
        "source_reporting_unit": "UTCCD",
        "source_reporting_unit_name": "Cedar City Field Office",
        "local_fire_report_id": null,
        "local_incident_id": null,
        "fire_code": "FP8X",
        "fire_name": "JOSEPH",
        "ics_209_plus_incident_join_id": null,
        "ics_209_plus_complex_join_id": null,
        "mtbs_id": null,
        "mtbs_fire_name": null,
        "complex_name": null,
        "fire_year": 2010,
        "discovery_date": 1280966400000,
        "discovery_doy": 217,
        "discovery_time": "1915",
        "nwcg_cause_classification": "Natural",
        "nwcg_general_cause": "Natural",
        "nwcg_cause_age_category": null,
        "cont_date": 1281398400000,
        "cont_doy": 222,
        "cont_time": "1640",
        "fire_size": 0.1,
        "fire_size_class": "A",
        "latitude": 37.1814,
        "longitude": -112.6936,
        "owner_descr": "BLM",
        "state": "UT",
        "county": "Kane",
        "fips_code": "49025",
        "fips_name": "Kane County",
        "globalid": "{03B3EDA1-3706-4056-9E3F-B66BA4FA949A}"
      }
    },
    {
      "type": "Feature",
      "id": 1217258,
      "geometry": {
        "type": "Point",
        "coordinates": [
          -112.73311148442522,
          37.249205567461146
        ]
      },
      "properties": {
        "objectid": 1217258,
        "fod_id": 1475998,
        "fpa_id": "W-606810",
        "source_system_type": "FED",
        "source_system": "DOI-WFMI",
        "nwcg_reporting_agency": "BLM",
        "nwcg_reporting_unit_id": "USUTCCD",
        "nwcg_reporting_unit_name": "Cedar City Field Office",
        "source_reporting_unit": "UTCCD",
        "source_reporting_unit_name": "Cedar City Field Office",
        "local_fire_report_id": null,
        "local_incident_id": null,
        "fire_code": "FP8W",
        "fire_name": "CHIPMUNK",
        "ics_209_plus_incident_join_id": null,
        "ics_209_plus_complex_join_id": null,
        "mtbs_id": null,
        "mtbs_fire_name": null,
        "complex_name": null,
        "fire_year": 2010,
        "discovery_date": 1281052800000,
        "discovery_doy": 218,
        "discovery_time": "1107",
        "nwcg_cause_classification": "Natural",
        "nwcg_general_cause": "Natural",
        "nwcg_cause_age_category": null,
        "cont_date": 1281139200000,
        "cont_doy": 219,
        "cont_time": "1430",
        "fire_size": 0.1,
        "fire_size_class": "A",
        "latitude": 37.2492,
        "longitude": -112.7331,
        "owner_descr": "PRIVATE",
        "state": "UT",
        "county": "Kane",
        "fips_code": "49025",
        "fips_name": "Kane County",
        "globalid": "{0CACFC8C-6C3A-4E1F-9F71-93CF7A07CFC3}"
      }
    },
    {
      "type": "Feature",
      "id": 1282625,
      "geometry": {
        "type": "Point",
        "coordinates": [
          -112.73765648511853,
          37.24734656693395
        ]
      },
      "properties": {
        "objectid": 1282625,
        "fod_id": 1753229,
        "fpa_id": "SFO-2009-UTFFSL45245-2009",
        "source_system_type": "NONFED",
        "source_system": "ST-NASF",
        "nwcg_reporting_agency": "ST/C&L",
        "nwcg_reporting_unit_id": "USUTUTS",
        "nwcg_reporting_unit_name": "Utah Division Forestry Fire State Lands",
        "source_reporting_unit": "UTFFSL",
        "source_reporting_unit_name": "Utah Division of Forestry, Fire & State Lands",
        "local_fire_report_id": null,
        "local_incident_id": "45245-2009",
        "fire_code": null,
        "fire_name": "BURNT FLAT",
        "ics_209_plus_incident_join_id": null,
        "ics_209_plus_complex_join_id": null,
        "mtbs_id": null,
        "mtbs_fire_name": null,
        "complex_name": null,
        "fire_year": 2009,
        "discovery_date": 1252800000000,
        "discovery_doy": 256,
        "discovery_time": "1400",
        "nwcg_cause_classification": "Natural",
        "nwcg_general_cause": "Natural",
        "nwcg_cause_age_category": null,
        "cont_date": 1252886400000,
        "cont_doy": 257,
        "cont_time": "1400",
        "fire_size": 0.1,
        "fire_size_class": "A",
        "latitude": 37.247341000000006,
        "longitude": -112.737645,
        "owner_descr": "PRIVATE",
        "state": "UT",
        "county": "KANE",
        "fips_code": "49025",
        "fips_name": "Kane County",
        "globalid": "{E7B98F09-0338-4E56-A2B5-B1900A39678A}"
      }
    },
    {
      "type": "Feature",
      "id": 1467635,
      "geometry": {
        "type": "Point",
        "coordinates": [
          -112.68861147227024,
          37.21580556636752
        ]
      },
      "properties": {
        "objectid": 1467635,
        "fod_id": 201110593,
        "fpa_id": "W-624734",
        "source_system_type": "FED",
        "source_system": "DOI-WFMI",
        "nwcg_reporting_agency": "BLM",
        "nwcg_reporting_unit_id": "USUTCCD",
        "nwcg_reporting_unit_name": "Cedar City Field Office",
        "source_reporting_unit": "UTCCD",
        "source_reporting_unit_name": "Cedar City Field Office",
        "local_fire_report_id": null,
        "local_incident_id": null,
        "fire_code": null,
        "fire_name": "BARRACKS",
        "ics_209_plus_incident_join_id": null,
        "ics_209_plus_complex_join_id": null,
        "mtbs_id": null,
        "mtbs_fire_name": null,
        "complex_name": null,
        "fire_year": 2011,
        "discovery_date": 1312070400000,
        "discovery_doy": 212,
        "discovery_time": "1927",
        "nwcg_cause_classification": "Natural",
        "nwcg_general_cause": "Natural",
        "nwcg_cause_age_category": null,
        "cont_date": 1312156800000,
        "cont_doy": 213,
        "cont_time": "1130",
        "fire_size": 0.1,
        "fire_size_class": "A",
        "latitude": 37.2158,
        "longitude": -112.6886,
        "owner_descr": "BLM",
        "state": "UT",
        "county": "Kane",
        "fips_code": "49025",
        "fips_name": "Kane County",
        "globalid": "{329105F8-D2DB-4672-81B7-6A8D6CD29108}"
      }
    },
    {
      "type": "Feature",
      "id": 1483211,
      "geometry": {
        "type": "Point",
        "coordinates": [
          -112.6630904677988,
          37.22075656866157
        ]
      },
      "properties": {
        "objectid": 1483211,
        "fod_id": 201154569,
        "fpa_id": "SFO-2011UTFFSL55404-2011",
        "source_system_type": "NONFED",
        "source_system": "ST-NASF",
        "nwcg_reporting_agency": "ST/C&L",
        "nwcg_reporting_unit_id": "USUTUTS",
        "nwcg_reporting_unit_name": "Utah Division Forestry Fire State Lands",
        "source_reporting_unit": "UTFFSL",
        "source_reporting_unit_name": "Utah Division of Forestry, Fire & State Lands",
        "local_fire_report_id": null,
        "local_incident_id": "55404-2011",
        "fire_code": null,
        "fire_name": "YUCKA",
        "ics_209_plus_incident_join_id": null,
        "ics_209_plus_complex_join_id": null,
        "mtbs_id": null,
        "mtbs_fire_name": null,
        "complex_name": null,
        "fire_year": 2011,
        "discovery_date": 1314489600000,
        "discovery_doy": 240,
        "discovery_time": "1332",
        "nwcg_cause_classification": "Natural",
        "nwcg_general_cause": "Natural",
        "nwcg_cause_age_category": null,
        "cont_date": 1314576000000,
        "cont_doy": 241,
        "cont_time": "2359",
        "fire_size": 0.1,
        "fire_size_class": "A",
        "latitude": 37.220751,
        "longitude": -112.663079,
        "owner_descr": "PRIVATE",
        "state": "UT",
        "county": "KANE",
        "fips_code": "49025",
        "fips_name": "Kane County",
        "globalid": "{FCE8AC42-6D28-412A-8B9C-AE74573B3035}"
      }
    },
    {
      "type": "Feature",
      "id": 1579525,
      "geometry": {
        "type": "Point",
        "coordinates": [
          -112.76751149185223,
          37.25610556600846
        ]
      },
      "properties": {
        "objectid": 1579525,
        "fod_id": 201510039,
        "fpa_id": "W-639823",
        "source_system_type": "FED",
        "source_system": "DOI-WFMI",
        "nwcg_reporting_agency": "BLM",
        "nwcg_reporting_unit_id": "USUTCCD",
        "nwcg_reporting_unit_name": "Cedar City Field Office",
        "source_reporting_unit": "UTCCD",
        "source_reporting_unit_name": "Cedar City Field Office",
        "local_fire_report_id": null,
        "local_incident_id": null,
        "fire_code": "G16Q",
        "fire_name": "COAL HILL",
        "ics_209_plus_incident_join_id": null,
        "ics_209_plus_complex_join_id": null,
        "mtbs_id": null,
        "mtbs_fire_name": null,
        "complex_name": null,
        "fire_year": 2012,
        "discovery_date": 1342137600000,
        "discovery_doy": 195,
        "discovery_time": "1249",
        "nwcg_cause_classification": "Natural",
        "nwcg_general_cause": "Natural",
        "nwcg_cause_age_category": null,
        "cont_date": 1342137600000,
        "cont_doy": 195,
        "cont_time": "1500",
        "fire_size": 0.1,
        "fire_size_class": "A",
        "latitude": 37.2561,
        "longitude": -112.7675,
        "owner_descr": "BLM",
        "state": "UT",
        "county": "Kane",
        "fips_code": "49025",
        "fips_name": "Kane County",
        "globalid": "{49E4FCC0-E7C3-4A8D-A3DD-746B6BA710EE}"
      }
    },
    {
      "type": "Feature",
      "id": 1579575,
      "geometry": {
        "type": "Point",
        "coordinates": [
          -112.77941148497911,
          37.16750555449209
        ]
      },
      "properties": {
        "objectid": 1579575,
        "fod_id": 201510092,
        "fpa_id": "W-640970",
        "source_system_type": "FED",
        "source_system": "DOI-WFMI",
        "nwcg_reporting_agency": "BLM",
        "nwcg_reporting_unit_id": "USUTCCD",
        "nwcg_reporting_unit_name": "Cedar City Field Office",
        "source_reporting_unit": "UTCCD",
        "source_reporting_unit_name": "Cedar City Field Office",
        "local_fire_report_id": null,
        "local_incident_id": null,
        "fire_code": "G34T",
        "fire_name": "ELEPHANT COVE",
        "ics_209_plus_incident_join_id": null,
        "ics_209_plus_complex_join_id": null,
        "mtbs_id": null,
        "mtbs_fire_name": null,
        "complex_name": null,
        "fire_year": 2012,
        "discovery_date": 1343520000000,
        "discovery_doy": 211,
        "discovery_time": "1608",
        "nwcg_cause_classification": "Natural",
        "nwcg_general_cause": "Natural",
        "nwcg_cause_age_category": null,
        "cont_date": 1343520000000,
        "cont_doy": 211,
        "cont_time": "2200",
        "fire_size": 0.1,
        "fire_size_class": "A",
        "latitude": 37.1675,
        "longitude": -112.7794,
        "owner_descr": "BLM",
        "state": "UT",
        "county": "Kane",
        "fips_code": "49025",
        "fips_name": "Kane County",
        "globalid": "{D96BB5AE-1BCF-4009-AE9B-C817CE359FE7}"
      }
    },
    {
      "type": "Feature",
      "id": 1648310,
      "geometry": {
        "type": "Point",
        "coordinates": [
          -112.70531147674478,
          37.227505566678644
        ]
      },
      "properties": {
        "objectid": 1648310,
        "fod_id": 201779003,
        "fpa_id": "W-657493",
        "source_system_type": "FED",
        "source_system": "DOI-WFMI",
        "nwcg_reporting_agency": "BLM",
        "nwcg_reporting_unit_id": "USUTCCD",
        "nwcg_reporting_unit_name": "Cedar City Field Office",
        "source_reporting_unit": "UTCCD",
        "source_reporting_unit_name": "Cedar City Field Office",
        "local_fire_report_id": null,
        "local_incident_id": null,
        "fire_code": "HP79",
        "fire_name": "MONUMENT HOLLOW",
        "ics_209_plus_incident_join_id": null,
        "ics_209_plus_complex_join_id": null,
        "mtbs_id": null,
        "mtbs_fire_name": null,
        "complex_name": null,
        "fire_year": 2013,
        "discovery_date": 1373500800000,
        "discovery_doy": 192,
        "discovery_time": "1745",
        "nwcg_cause_classification": "Natural",
        "nwcg_general_cause": "Natural",
        "nwcg_cause_age_category": null,
        "cont_date": 1373500800000,
        "cont_doy": 192,
        "cont_time": "2100",
        "fire_size": 0.1,
        "fire_size_class": "A",
        "latitude": 37.2275,
        "longitude": -112.7053,
        "owner_descr": "BLM",
        "state": "UT",
        "county": "Kane",
        "fips_code": "49025",
        "fips_name": "Kane County",
        "globalid": "{597C2C8F-AB38-496E-AEB0-EC0CDB2A4F53}"
      }
    },
    {
      "type": "Feature",
      "id": 1648325,
      "geometry": {
        "type": "Point",
        "coordinates": [
          -112.68061147004443,
          37.20940556612125
        ]
      },
      "properties": {
        "objectid": 1648325,
        "fod_id": 201779021,
        "fpa_id": "W-657507",
        "source_system_type": "FED",
        "source_system": "DOI-WFMI",
        "nwcg_reporting_agency": "BLM",
        "nwcg_reporting_unit_id": "USUTCCD",
        "nwcg_reporting_unit_name": "Cedar City Field Office",
        "source_reporting_unit": "UTCCD",
        "source_reporting_unit_name": "Cedar City Field Office",
        "local_fire_report_id": null,
        "local_incident_id": null,
        "fire_code": "HQ3C",
        "fire_name": "CARMEL",
        "ics_209_plus_incident_join_id": null,
        "ics_209_plus_complex_join_id": null,
        "mtbs_id": null,
        "mtbs_fire_name": null,
        "complex_name": null,
        "fire_year": 2013,
        "discovery_date": 1373932800000,
        "discovery_doy": 197,
        "discovery_time": "0704",
        "nwcg_cause_classification": "Natural",
        "nwcg_general_cause": "Natural",
        "nwcg_cause_age_category": null,
        "cont_date": 1373932800000,
        "cont_doy": 197,
        "cont_time": "0900",
        "fire_size": 0.1,
        "fire_size_class": "A",
        "latitude": 37.2094,
        "longitude": -112.6806,
        "owner_descr": "BLM",
        "state": "UT",
        "county": "Kane",
        "fips_code": "49025",
        "fips_name": "Kane County",
        "globalid": "{97690698-1299-4FF9-B8BB-57A7F9BC3978}"
      }
    },
    {
      "type": "Feature",
      "id": 1648326,
      "geometry": {
        "type": "Point",
        "coordinates": [
          -112.6942114741418,
          37.223305566905985
        ]
      },
      "properties": {
        "objectid": 1648326,
        "fod_id": 201779022,
        "fpa_id": "W-657508",
        "source_system_type": "FED",
        "source_system": "DOI-WFMI",
        "nwcg_reporting_agency": "BLM",
        "nwcg_reporting_unit_id": "USUTCCD",
        "nwcg_reporting_unit_name": "Cedar City Field Office",
        "source_reporting_unit": "UTCCD",
        "source_reporting_unit_name": "Cedar City Field Office",
        "local_fire_report_id": null,
        "local_incident_id": null,
        "fire_code": "HQ9Y",
        "fire_name": "WHITE KNOLL",
        "ics_209_plus_incident_join_id": null,
        "ics_209_plus_complex_join_id": null,
        "mtbs_id": null,
        "mtbs_fire_name": null,
        "complex_name": null,
        "fire_year": 2013,
        "discovery_date": 1374105600000,
        "discovery_doy": 199,
        "discovery_time": "1448",
        "nwcg_cause_classification": "Natural",
        "nwcg_general_cause": "Natural",
        "nwcg_cause_age_category": null,
        "cont_date": 1374105600000,
        "cont_doy": 199,
        "cont_time": "1730",
        "fire_size": 0.1,
        "fire_size_class": "A",
        "latitude": 37.2233,
        "longitude": -112.6942,
        "owner_descr": "BLM",
        "state": "UT",
        "county": "Kane",
        "fips_code": "49025",
        "fips_name": "Kane County",
        "globalid": "{E7222F00-A5A6-47C2-B1AE-4FAABE2C2773}"
      }
    },
    {
      "type": "Feature",
      "id": 1648334,
      "geometry": {
        "type": "Point",
        "coordinates": [
          -112.7133114760344,
          37.20560556349174
        ]
      },
      "properties": {
        "objectid": 1648334,
        "fod_id": 201779030,
        "fpa_id": "W-659334",
        "source_system_type": "FED",
        "source_system": "DOI-WFMI",
        "nwcg_reporting_agency": "BLM",
        "nwcg_reporting_unit_id": "USUTCCD",
        "nwcg_reporting_unit_name": "Cedar City Field Office",
        "source_reporting_unit": "UTCCD",
        "source_reporting_unit_name": "Cedar City Field Office",
        "local_fire_report_id": null,
        "local_incident_id": null,
        "fire_code": "HR66",
        "fire_name": "GUARDRAIL",
        "ics_209_plus_incident_join_id": null,
        "ics_209_plus_complex_join_id": null,
        "mtbs_id": null,
        "mtbs_fire_name": null,
        "complex_name": null,
        "fire_year": 2013,
        "discovery_date": 1374537600000,
        "discovery_doy": 204,
        "discovery_time": "1832",
        "nwcg_cause_classification": "Natural",
        "nwcg_general_cause": "Natural",
        "nwcg_cause_age_category": null,
        "cont_date": 1374624000000,
        "cont_doy": 205,
        "cont_time": "1014",
        "fire_size": 0.1,
        "fire_size_class": "A",
        "latitude": 37.2056,
        "longitude": -112.7133,
        "owner_descr": "BLM",
        "state": "UT",
        "county": "Kane",
        "fips_code": "49025",
        "fips_name": "Kane County",
        "globalid": "{5A633F74-6236-4B99-89D5-B593DC294F6D}"
      }
    },
    {
      "type": "Feature",
      "id": 1648353,
      "geometry": {
        "type": "Point",
        "coordinates": [
          -112.70001147271333,
          37.198605563524076
        ]
      },
      "properties": {
        "objectid": 1648353,
        "fod_id": 201779049,
        "fpa_id": "W-660148",
        "source_system_type": "FED",
        "source_system": "DOI-WFMI",
        "nwcg_reporting_agency": "BLM",
        "nwcg_reporting_unit_id": "USUTCCD",
        "nwcg_reporting_unit_name": "Cedar City Field Office",
        "source_reporting_unit": "UTCCD",
        "source_reporting_unit_name": "Cedar City Field Office",
        "local_fire_report_id": null,
        "local_incident_id": null,
        "fire_code": "HS0U",
        "fire_name": "BARRACK",
        "ics_209_plus_incident_join_id": null,
        "ics_209_plus_complex_join_id": null,
        "mtbs_id": null,
        "mtbs_fire_name": null,
        "complex_name": null,
        "fire_year": 2013,
        "discovery_date": 1374883200000,
        "discovery_doy": 208,
        "discovery_time": "2049",
        "nwcg_cause_classification": "Natural",
        "nwcg_general_cause": "Natural",
        "nwcg_cause_age_category": null,
        "cont_date": 1375056000000,
        "cont_doy": 210,
        "cont_time": "1511",
        "fire_size": 0.1,
        "fire_size_class": "A",
        "latitude": 37.1986,
        "longitude": -112.7,
        "owner_descr": "STATE",
        "state": "UT",
        "county": "Kane",
        "fips_code": "49025",
        "fips_name": "Kane County",
        "globalid": "{A5DD448D-66D2-4902-8877-62C83217C755}"
      }
    },
    {
      "type": "Feature",
      "id": 1648355,
      "geometry": {
        "type": "Point",
        "coordinates": [
          -112.77081148689565,
          37.20220555926609
        ]
      },
      "properties": {
        "objectid": 1648355,
        "fod_id": 201779051,
        "fpa_id": "W-658495",
        "source_system_type": "FED",
        "source_system": "DOI-WFMI",
        "nwcg_reporting_agency": "BLM",
        "nwcg_reporting_unit_id": "USUTCCD",
        "nwcg_reporting_unit_name": "Cedar City Field Office",
        "source_reporting_unit": "UTCCD",
        "source_reporting_unit_name": "Cedar City Field Office",
        "local_fire_report_id": null,
        "local_incident_id": null,
        "fire_code": "HS55",
        "fire_name": "MINERAL GULCH",
        "ics_209_plus_incident_join_id": null,
        "ics_209_plus_complex_join_id": null,
        "mtbs_id": null,
        "mtbs_fire_name": null,
        "complex_name": null,
        "fire_year": 2013,
        "discovery_date": 1374969600000,
        "discovery_doy": 209,
        "discovery_time": "1307",
        "nwcg_cause_classification": "Natural",
        "nwcg_general_cause": "Natural",
        "nwcg_cause_age_category": null,
        "cont_date": 1375142400000,
        "cont_doy": 211,
        "cont_time": "1430",
        "fire_size": 0.1,
        "fire_size_class": "A",
        "latitude": 37.2022,
        "longitude": -112.7708,
        "owner_descr": "STATE",
        "state": "UT",
        "county": "Kane",
        "fips_code": "49025",
        "fips_name": "Kane County",
        "globalid": "{34677240-B503-4FED-91D7-4F1F97064392}"
      }
    },
    {
      "type": "Feature",
      "id": 1648368,
      "geometry": {
        "type": "Point",
        "coordinates": [
          -112.75671148555774,
          37.21580556184878
        ]
      },
      "properties": {
        "objectid": 1648368,
        "fod_id": 201779064,
        "fpa_id": "W-658497",
        "source_system_type": "FED",
        "source_system": "DOI-WFMI",
        "nwcg_reporting_agency": "BLM",
        "nwcg_reporting_unit_id": "USUTCCD",
        "nwcg_reporting_unit_name": "Cedar City Field Office",
        "source_reporting_unit": "UTCCD",
        "source_reporting_unit_name": "Cedar City Field Office",
        "local_fire_report_id": null,
        "local_incident_id": null,
        "fire_code": "HTL2",
        "fire_name": "SLEEPER",
        "ics_209_plus_incident_join_id": null,
        "ics_209_plus_complex_join_id": null,
        "mtbs_id": null,
        "mtbs_fire_name": null,
        "complex_name": null,
        "fire_year": 2013,
        "discovery_date": 1375315200000,
        "discovery_doy": 213,
        "discovery_time": "1622",
        "nwcg_cause_classification": "Natural",
        "nwcg_general_cause": "Natural",
        "nwcg_cause_age_category": null,
        "cont_date": 1375401600000,
        "cont_doy": 214,
        "cont_time": "1347",
        "fire_size": 0.3,
        "fire_size_class": "B",
        "latitude": 37.2158,
        "longitude": -112.7567,
        "owner_descr": "BLM",
        "state": "UT",
        "county": "Kane",
        "fips_code": "49025",
        "fips_name": "Kane County",
        "globalid": "{F23EDD65-517E-433E-A472-9513947E10EB}"
      }
    },
    {
      "type": "Feature",
      "id": 1734113,
      "geometry": {
        "type": "Point",
        "coordinates": [
          -112.6750114678318,
          37.1986055651809
        ]
      },
      "properties": {
        "objectid": 1734113,
        "fod_id": 300026608,
        "fpa_id": "W-666163",
        "source_system_type": "FED",
        "source_system": "DOI-WFMI",
        "nwcg_reporting_agency": "BLM",
        "nwcg_reporting_unit_id": "USUTCCD",
        "nwcg_reporting_unit_name": "Cedar City Field Office",
        "source_reporting_unit": "UTCCD",
        "source_reporting_unit_name": "Cedar City Field Office",
        "local_fire_report_id": null,
        "local_incident_id": null,
        "fire_code": "H2RD",
        "fire_name": "SNOW",
        "ics_209_plus_incident_join_id": null,
        "ics_209_plus_complex_join_id": null,
        "mtbs_id": null,
        "mtbs_fire_name": null,
        "complex_name": null,
        "fire_year": 2014,
        "discovery_date": 1396224000000,
        "discovery_doy": 90,
        "discovery_time": "0755",
        "nwcg_cause_classification": "Natural",
        "nwcg_general_cause": "Natural",
        "nwcg_cause_age_category": null,
        "cont_date": 1396224000000,
        "cont_doy": 90,
        "cont_time": "1130",
        "fire_size": 0.1,
        "fire_size_class": "A",
        "latitude": 37.1986,
        "longitude": -112.675,
        "owner_descr": "BLM",
        "state": "UT",
        "county": "Kane",
        "fips_code": "49025",
        "fips_name": "Kane County",
        "globalid": "{21E113C0-2110-420E-9380-B1876F64892D}"
      }
    },
    {
      "type": "Feature",
      "id": 1734151,
      "geometry": {
        "type": "Point",
        "coordinates": [
          -112.66641146600695,
          37.19720556558067
        ]
      },
      "properties": {
        "objectid": 1734151,
        "fod_id": 300026655,
        "fpa_id": "W-669778",
        "source_system_type": "FED",
        "source_system": "DOI-WFMI",
        "nwcg_reporting_agency": "BLM",
        "nwcg_reporting_unit_id": "USUTCCD",
        "nwcg_reporting_unit_name": "Cedar City Field Office",
        "source_reporting_unit": "UTCCD",
        "source_reporting_unit_name": "Cedar City Field Office",
        "local_fire_report_id": null,
        "local_incident_id": null,
        "fire_code": "H78K",
        "fire_name": "SPLINTER",
        "ics_209_plus_incident_join_id": null,
        "ics_209_plus_complex_join_id": null,
        "mtbs_id": null,
        "mtbs_fire_name": null,
        "complex_name": null,
        "fire_year": 2014,
        "discovery_date": 1405209600000,
        "discovery_doy": 194,
        "discovery_time": "1321",
        "nwcg_cause_classification": "Natural",
        "nwcg_general_cause": "Natural",
        "nwcg_cause_age_category": null,
        "cont_date": 1405209600000,
        "cont_doy": 194,
        "cont_time": "1600",
        "fire_size": 0.3,
        "fire_size_class": "B",
        "latitude": 37.1972,
        "longitude": -112.6664,
        "owner_descr": "BLM",
        "state": "UT",
        "county": "Kane",
        "fips_code": "49025",
        "fips_name": "Kane County",
        "globalid": "{AA047DB8-3C74-45BF-B29D-34C714A60747}"
      }
    },
    {
      "type": "Feature",
      "id": 1734161,
      "geometry": {
        "type": "Point",
        "coordinates": [
          -112.66031146415281,
          37.19080556520694
        ]
      },
      "properties": {
        "objectid": 1734161,
        "fod_id": 300026668,
        "fpa_id": "W-669768",
        "source_system_type": "FED",
        "source_system": "DOI-WFMI",
        "nwcg_reporting_agency": "BLM",
        "nwcg_reporting_unit_id": "USUTCCD",
        "nwcg_reporting_unit_name": "Cedar City Field Office",
        "source_reporting_unit": "UTCCD",
        "source_reporting_unit_name": "Cedar City Field Office",
        "local_fire_report_id": null,
        "local_incident_id": null,
        "fire_code": "H7HN",
        "fire_name": "MM 78 HWY 89",
        "ics_209_plus_incident_join_id": null,
        "ics_209_plus_complex_join_id": null,
        "mtbs_id": null,
        "mtbs_fire_name": null,
        "complex_name": null,
        "fire_year": 2014,
        "discovery_date": 1404604800000,
        "discovery_doy": 187,
        "discovery_time": "1512",
        "nwcg_cause_classification": "Human",
        "nwcg_general_cause": "Equipment and vehicle use",
        "nwcg_cause_age_category": null,
        "cont_date": 1404604800000,
        "cont_doy": 187,
        "cont_time": "1700",
        "fire_size": 0.3,
        "fire_size_class": "B",
        "latitude": 37.1908,
        "longitude": -112.6603,
        "owner_descr": "BLM",
        "state": "UT",
        "county": "Kane",
        "fips_code": "49025",
        "fips_name": "Kane County",
        "globalid": "{C0D5C98C-3E1E-4992-B07B-3A899CE3F47F}"
      }
    },
    {
      "type": "Feature",
      "id": 1741037,
      "geometry": {
        "type": "Point",
        "coordinates": [
          -112.80177349776591,
          37.2487765628433
        ]
      },
      "properties": {
        "objectid": 1741037,
        "fod_id": 300081411,
        "fpa_id": "SFO-2014UTFFSL69406-2014",
        "source_system_type": "NONFED",
        "source_system": "ST-NASF",
        "nwcg_reporting_agency": "ST/C&L",
        "nwcg_reporting_unit_id": "USUTUTS",
        "nwcg_reporting_unit_name": "Utah Division Forestry Fire State Lands",
        "source_reporting_unit": "UTFFSL",
        "source_reporting_unit_name": "Utah Division of Forestry, Fire & State Lands",
        "local_fire_report_id": null,
        "local_incident_id": "69406-2014",
        "fire_code": null,
        "fire_name": "BUFFALO RANCH",
        "ics_209_plus_incident_join_id": null,
        "ics_209_plus_complex_join_id": null,
        "mtbs_id": null,
        "mtbs_fire_name": null,
        "complex_name": null,
        "fire_year": 2014,
        "discovery_date": 1402704000000,
        "discovery_doy": 165,
        "discovery_time": "1530",
        "nwcg_cause_classification": "Human",
        "nwcg_general_cause": "Equipment and vehicle use",
        "nwcg_cause_age_category": null,
        "cont_date": 1402963200000,
        "cont_doy": 168,
        "cont_time": "1630",
        "fire_size": 1.1,
        "fire_size_class": "B",
        "latitude": 37.248771,
        "longitude": -112.801762,
        "owner_descr": "PRIVATE",
        "state": "UT",
        "county": "KANE",
        "fips_code": "49025",
        "fips_name": "Kane County",
        "globalid": "{108CA64B-8B11-43CE-ABCC-BCB2145AC76A}"
      }
    },
    {
      "type": "Feature",
      "id": 1801796,
      "geometry": {
        "type": "Point",
        "coordinates": [
          -112.8103114989532,
          37.24420556172311
        ]
      },
      "properties": {
        "objectid": 1801796,
        "fod_id": 300216371,
        "fpa_id": "W-685957",
        "source_system_type": "FED",
        "source_system": "DOI-WFMI",
        "nwcg_reporting_agency": "BLM",
        "nwcg_reporting_unit_id": "USUTCCD",
        "nwcg_reporting_unit_name": "Cedar City Field Office",
        "source_reporting_unit": "UTCCD",
        "source_reporting_unit_name": "Cedar City Field Office",
        "local_fire_report_id": null,
        "local_incident_id": null,
        "fire_code": "J1C4",
        "fire_name": "POLE",
        "ics_209_plus_incident_join_id": null,
        "ics_209_plus_complex_join_id": null,
        "mtbs_id": null,
        "mtbs_fire_name": null,
        "complex_name": null,
        "fire_year": 2015,
        "discovery_date": 1439251200000,
        "discovery_doy": 223,
        "discovery_time": "1541",
        "nwcg_cause_classification": "Natural",
        "nwcg_general_cause": "Natural",
        "nwcg_cause_age_category": null,
        "cont_date": 1439251200000,
        "cont_doy": 223,
        "cont_time": "1739",
        "fire_size": 0.1,
        "fire_size_class": "A",
        "latitude": 37.2442,
        "longitude": -112.8103,
        "owner_descr": "PRIVATE",
        "state": "UT",
        "county": "Kane",
        "fips_code": "49025",
        "fips_name": "Kane County",
        "globalid": "{2CD8CB6C-07EA-4FE7-9AD8-EB8A1EEDB365}"
      }
    },
    {
      "type": "Feature",
      "id": 1801855,
      "geometry": {
        "type": "Point",
        "coordinates": [
          -112.7392114838479,
          37.23220556499705
        ]
      },
      "properties": {
        "objectid": 1801855,
        "fod_id": 300216440,
        "fpa_id": "W-683144",
        "source_system_type": "FED",
        "source_system": "DOI-WFMI",
        "nwcg_reporting_agency": "BLM",
        "nwcg_reporting_unit_id": "USUTCCD",
        "nwcg_reporting_unit_name": "Cedar City Field Office",
        "source_reporting_unit": "UTCCD",
        "source_reporting_unit_name": "Cedar City Field Office",
        "local_fire_report_id": null,
        "local_incident_id": null,
        "fire_code": "JU7Q",
        "fire_name": "HORSE",
        "ics_209_plus_incident_join_id": null,
        "ics_209_plus_complex_join_id": null,
        "mtbs_id": null,
        "mtbs_fire_name": null,
        "complex_name": null,
        "fire_year": 2015,
        "discovery_date": 1435536000000,
        "discovery_doy": 180,
        "discovery_time": "1955",
        "nwcg_cause_classification": "Natural",
        "nwcg_general_cause": "Natural",
        "nwcg_cause_age_category": null,
        "cont_date": 1435536000000,
        "cont_doy": 180,
        "cont_time": "2200",
        "fire_size": 0.1,
        "fire_size_class": "A",
        "latitude": 37.2322,
        "longitude": -112.7392,
        "owner_descr": "PRIVATE",
        "state": "UT",
        "county": "Kane",
        "fips_code": "49025",
        "fips_name": "Kane County",
        "globalid": "{437ACC09-4D18-4883-85CF-1602646E4288}"
      }
    },
    {
      "type": "Feature",
      "id": 1801856,
      "geometry": {
        "type": "Point",
        "coordinates": [
          -112.74391148419328,
          37.22670556401875
        ]
      },
      "properties": {
        "objectid": 1801856,
        "fod_id": 300216441,
        "fpa_id": "W-681438",
        "source_system_type": "FED",
        "source_system": "DOI-WFMI",
        "nwcg_reporting_agency": "BLM",
        "nwcg_reporting_unit_id": "USUTCCD",
        "nwcg_reporting_unit_name": "Cedar City Field Office",
        "source_reporting_unit": "UTCCD",
        "source_reporting_unit_name": "Cedar City Field Office",
        "local_fire_report_id": null,
        "local_incident_id": null,
        "fire_code": "JU7S",
        "fire_name": "MARS",
        "ics_209_plus_incident_join_id": null,
        "ics_209_plus_complex_join_id": null,
        "mtbs_id": null,
        "mtbs_fire_name": null,
        "complex_name": null,
        "fire_year": 2015,
        "discovery_date": 1435536000000,
        "discovery_doy": 180,
        "discovery_time": "1956",
        "nwcg_cause_classification": "Natural",
        "nwcg_general_cause": "Natural",
        "nwcg_cause_age_category": null,
        "cont_date": 1435622400000,
        "cont_doy": 181,
        "cont_time": "1100",
        "fire_size": 0.1,
        "fire_size_class": "A",
        "latitude": 37.2267,
        "longitude": -112.7439,
        "owner_descr": "BLM",
        "state": "UT",
        "county": "Kane",
        "fips_code": "49025",
        "fips_name": "Kane County",
        "globalid": "{6E2043D3-EE00-4592-9EEB-7D147780CE18}"
      }
    },
    {
      "type": "Feature",
      "id": 1801892,
      "geometry": {
        "type": "Point",
        "coordinates": [
          -112.71721147773907,
          37.21470556433671
        ]
      },
      "properties": {
        "objectid": 1801892,
        "fod_id": 300216479,
        "fpa_id": "W-682995",
        "source_system_type": "FED",
        "source_system": "DOI-WFMI",
        "nwcg_reporting_agency": "BLM",
        "nwcg_reporting_unit_id": "USUTCCD",
        "nwcg_reporting_unit_name": "Cedar City Field Office",
        "source_reporting_unit": "UTCCD",
        "source_reporting_unit_name": "Cedar City Field Office",
        "local_fire_report_id": null,
        "local_incident_id": null,
        "fire_code": "JXD0",
        "fire_name": "HOLLOW",
        "ics_209_plus_incident_join_id": null,
        "ics_209_plus_complex_join_id": null,
        "mtbs_id": null,
        "mtbs_fire_name": null,
        "complex_name": null,
        "fire_year": 2015,
        "discovery_date": 1436313600000,
        "discovery_doy": 189,
        "discovery_time": "2015",
        "nwcg_cause_classification": "Natural",
        "nwcg_general_cause": "Natural",
        "nwcg_cause_age_category": null,
        "cont_date": 1436659200000,
        "cont_doy": 193,
        "cont_time": "1727",
        "fire_size": 0.1,
        "fire_size_class": "A",
        "latitude": 37.2147,
        "longitude": -112.7172,
        "owner_descr": "BLM",
        "state": "UT",
        "county": "Kane",
        "fips_code": "49025",
        "fips_name": "Kane County",
        "globalid": "{DE4DC786-9B8F-459C-9F3A-4462CACBCD8B}"
      }
    },
    {
      "type": "Feature",
      "id": 1905924,
      "geometry": {
        "type": "Point",
        "coordinates": [
          -112.64331145997237,
          37.182505565323325
        ]
      },
      "properties": {
        "objectid": 1905924,
        "fod_id": 400028585,
        "fpa_id": "W-708991",
        "source_system_type": "FED",
        "source_system": "DOI-WFMI",
        "nwcg_reporting_agency": "BLM",
        "nwcg_reporting_unit_id": "USUTCCD",
        "nwcg_reporting_unit_name": "Cedar City Field Office",
        "source_reporting_unit": "UTCCD",
        "source_reporting_unit_name": "Cedar City Field Office",
        "local_fire_report_id": "634",
        "local_incident_id": null,
        "fire_code": "K97A",
        "fire_name": "MM 76 HWY 89",
        "ics_209_plus_incident_join_id": null,
        "ics_209_plus_complex_join_id": null,
        "mtbs_id": null,
        "mtbs_fire_name": null,
        "complex_name": null,
        "fire_year": 2017,
        "discovery_date": 1503273600000,
        "discovery_doy": 233,
        "discovery_time": "2030",
        "nwcg_cause_classification": "Natural",
        "nwcg_general_cause": "Natural",
        "nwcg_cause_age_category": null,
        "cont_date": 1503446400000,
        "cont_doy": 235,
        "cont_time": "1800",
        "fire_size": 0.1,
        "fire_size_class": "A",
        "latitude": 37.1825,
        "longitude": -112.6433,
        "owner_descr": "BLM",
        "state": "UT",
        "county": "Kane",
        "fips_code": "49025",
        "fips_name": "Kane County",
        "globalid": "{85B1048C-B773-4E35-830C-3866A50C0D5A}"
      }
    },
    {
      "type": "Feature",
      "id": 2057080,
      "geometry": {
        "type": "Point",
        "coordinates": [
          -112.72671147763363,
          37.19580556141462
        ]
      },
      "properties": {
        "objectid": 2057080,
        "fod_id": 400312823,
        "fpa_id": "W-721483",
        "source_system_type": "FED",
        "source_system": "DOI-WFMI",
        "nwcg_reporting_agency": "BLM",
        "nwcg_reporting_unit_id": "USUTCCD",
        "nwcg_reporting_unit_name": "Cedar City Field Office",
        "source_reporting_unit": "UTCCD",
        "source_reporting_unit_name": "Cedar City Field Office",
        "local_fire_report_id": "411",
        "local_incident_id": null,
        "fire_code": "LZ7R",
        "fire_name": "BARRACKS",
        "ics_209_plus_incident_join_id": null,
        "ics_209_plus_complex_join_id": null,
        "mtbs_id": null,
        "mtbs_fire_name": null,
        "complex_name": null,
        "fire_year": 2018,
        "discovery_date": 1531353600000,
        "discovery_doy": 193,
        "discovery_time": "1746",
        "nwcg_cause_classification": "Natural",
        "nwcg_general_cause": "Natural",
        "nwcg_cause_age_category": null,
        "cont_date": 1531353600000,
        "cont_doy": 193,
        "cont_time": "2100",
        "fire_size": 0.3,
        "fire_size_class": "B",
        "latitude": 37.1958,
        "longitude": -112.7267,
        "owner_descr": "BLM",
        "state": "UT",
        "county": "Kane",
        "fips_code": "49025",
        "fips_name": "Kane County",
        "globalid": "{888D3B76-11A1-491A-8DA9-1A95D0A3A119}"
      }
    },
    {
      "type": "Feature",
      "id": 2057102,
      "geometry": {
        "type": "Point",
        "coordinates": [
          -112.76641148863231,
          37.22720556258499
        ]
      },
      "properties": {
        "objectid": 2057102,
        "fod_id": 400312845,
        "fpa_id": "W-722716",
        "source_system_type": "FED",
        "source_system": "DOI-WFMI",
        "nwcg_reporting_agency": "BLM",
        "nwcg_reporting_unit_id": "USUTCCD",
        "nwcg_reporting_unit_name": "Cedar City Field Office",
        "source_reporting_unit": "UTCCD",
        "source_reporting_unit_name": "Cedar City Field Office",
        "local_fire_report_id": "505",
        "local_incident_id": null,
        "fire_code": "L1G0",
        "fire_name": "MINERAL GULCH",
        "ics_209_plus_incident_join_id": null,
        "ics_209_plus_complex_join_id": null,
        "mtbs_id": null,
        "mtbs_fire_name": null,
        "complex_name": null,
        "fire_year": 2018,
        "discovery_date": 1532390400000,
        "discovery_doy": 205,
        "discovery_time": "1659",
        "nwcg_cause_classification": "Natural",
        "nwcg_general_cause": "Natural",
        "nwcg_cause_age_category": null,
        "cont_date": 1532390400000,
        "cont_doy": 205,
        "cont_time": "1910",
        "fire_size": 0.1,
        "fire_size_class": "A",
        "latitude": 37.2272,
        "longitude": -112.7664,
        "owner_descr": "BLM",
        "state": "UT",
        "county": "Kane",
        "fips_code": "49025",
        "fips_name": "Kane County",
        "globalid": "{3DE68213-2145-49B3-8D36-E9DBE2F31D2F}"
      }
    },
    {
      "type": "Feature",
      "id": 2057103,
      "geometry": {
        "type": "Point",
        "coordinates": [
          -112.72891147895385,
          37.2044055623117
        ]
      },
      "properties": {
        "objectid": 2057103,
        "fod_id": 400312846,
        "fpa_id": "W-722111",
        "source_system_type": "FED",
        "source_system": "DOI-WFMI",
        "nwcg_reporting_agency": "BLM",
        "nwcg_reporting_unit_id": "USUTCCD",
        "nwcg_reporting_unit_name": "Cedar City Field Office",
        "source_reporting_unit": "UTCCD",
        "source_reporting_unit_name": "Cedar City Field Office",
        "local_fire_report_id": "508",
        "local_incident_id": null,
        "fire_code": "L1G4",
        "fire_name": "GULCH",
        "ics_209_plus_incident_join_id": null,
        "ics_209_plus_complex_join_id": null,
        "mtbs_id": null,
        "mtbs_fire_name": null,
        "complex_name": null,
        "fire_year": 2018,
        "discovery_date": 1532390400000,
        "discovery_doy": 205,
        "discovery_time": "1852",
        "nwcg_cause_classification": "Natural",
        "nwcg_general_cause": "Natural",
        "nwcg_cause_age_category": null,
        "cont_date": 1532390400000,
        "cont_doy": 205,
        "cont_time": "2100",
        "fire_size": 0.1,
        "fire_size_class": "A",
        "latitude": 37.2044,
        "longitude": -112.7289,
        "owner_descr": "BLM",
        "state": "UT",
        "county": "Kane",
        "fips_code": "49025",
        "fips_name": "Kane County",
        "globalid": "{CA1409C4-F067-4941-ACA2-012CEE035490}"
      }
    },
    {
      "type": "Feature",
      "id": 2057107,
      "geometry": {
        "type": "Point",
        "coordinates": [
          -112.7164114809272,
          37.246905568292654
        ]
      },
      "properties": {
        "objectid": 2057107,
        "fod_id": 400312850,
        "fpa_id": "W-722722",
        "source_system_type": "FED",
        "source_system": "DOI-WFMI",
        "nwcg_reporting_agency": "BLM",
        "nwcg_reporting_unit_id": "USUTCCD",
        "nwcg_reporting_unit_name": "Cedar City Field Office",
        "source_reporting_unit": "UTCCD",
        "source_reporting_unit_name": "Cedar City Field Office",
        "local_fire_report_id": "520",
        "local_incident_id": null,
        "fire_code": "L1MY",
        "fire_name": "SPRING HOLLOW",
        "ics_209_plus_incident_join_id": null,
        "ics_209_plus_complex_join_id": null,
        "mtbs_id": null,
        "mtbs_fire_name": null,
        "complex_name": null,
        "fire_year": 2018,
        "discovery_date": 1532476800000,
        "discovery_doy": 206,
        "discovery_time": "1633",
        "nwcg_cause_classification": "Natural",
        "nwcg_general_cause": "Natural",
        "nwcg_cause_age_category": null,
        "cont_date": 1532476800000,
        "cont_doy": 206,
        "cont_time": "2003",
        "fire_size": 0.1,
        "fire_size_class": "A",
        "latitude": 37.2469,
        "longitude": -112.7164,
        "owner_descr": "BLM",
        "state": "UT",
        "county": "Kane",
        "fips_code": "49025",
        "fips_name": "Kane County",
        "globalid": "{591A6C50-D3A3-4F05-ABE1-2204EF87FD70}"
      }
    },
    {
      "type": "Feature",
      "id": 2057115,
      "geometry": {
        "type": "Point",
        "coordinates": [
          -112.71641147807051,
          37.219405564959686
        ]
      },
      "properties": {
        "objectid": 2057115,
        "fod_id": 400312858,
        "fpa_id": "W-722009",
        "source_system_type": "FED",
        "source_system": "DOI-WFMI",
        "nwcg_reporting_agency": "BLM",
        "nwcg_reporting_unit_id": "USUTCCD",
        "nwcg_reporting_unit_name": "Cedar City Field Office",
        "source_reporting_unit": "UTCCD",
        "source_reporting_unit_name": "Cedar City Field Office",
        "local_fire_report_id": "538",
        "local_incident_id": null,
        "fire_code": "L1S2",
        "fire_name": "MONUMENT HOLLOW",
        "ics_209_plus_incident_join_id": null,
        "ics_209_plus_complex_join_id": null,
        "mtbs_id": null,
        "mtbs_fire_name": null,
        "complex_name": null,
        "fire_year": 2018,
        "discovery_date": 1532563200000,
        "discovery_doy": 207,
        "discovery_time": "1726",
        "nwcg_cause_classification": "Natural",
        "nwcg_general_cause": "Natural",
        "nwcg_cause_age_category": null,
        "cont_date": 1532563200000,
        "cont_doy": 207,
        "cont_time": "2045",
        "fire_size": 0.1,
        "fire_size_class": "A",
        "latitude": 37.2194,
        "longitude": -112.7164,
        "owner_descr": "BLM",
        "state": "UT",
        "county": "Kane",
        "fips_code": "49025",
        "fips_name": "Kane County",
        "globalid": "{BCB2D07A-0CBB-4D95-A940-5FD3CD47F0DD}"
      }
    },
    {
      "type": "Feature",
      "id": 2057162,
      "geometry": {
        "type": "Point",
        "coordinates": [
          -112.75641148656854,
          37.22610556311598
        ]
      },
      "properties": {
        "objectid": 2057162,
        "fod_id": 400312913,
        "fpa_id": "W-724797",
        "source_system_type": "FED",
        "source_system": "DOI-WFMI",
        "nwcg_reporting_agency": "BLM",
        "nwcg_reporting_unit_id": "USUTCCD",
        "nwcg_reporting_unit_name": "Cedar City Field Office",
        "source_reporting_unit": "UTCCD",
        "source_reporting_unit_name": "Cedar City Field Office",
        "local_fire_report_id": "701",
        "local_incident_id": null,
        "fire_code": "L3ZK",
        "fire_name": "WHITE CLIFFS",
        "ics_209_plus_incident_join_id": null,
        "ics_209_plus_complex_join_id": null,
        "mtbs_id": null,
        "mtbs_fire_name": null,
        "complex_name": null,
        "fire_year": 2018,
        "discovery_date": 1534896000000,
        "discovery_doy": 234,
        "discovery_time": "2011",
        "nwcg_cause_classification": "Natural",
        "nwcg_general_cause": "Natural",
        "nwcg_cause_age_category": null,
        "cont_date": 1534982400000,
        "cont_doy": 235,
        "cont_time": "1142",
        "fire_size": 0.1,
        "fire_size_class": "A",
        "latitude": 37.2261,
        "longitude": -112.7564,
        "owner_descr": "BLM",
        "state": "UT",
        "county": "Kane",
        "fips_code": "49025",
        "fips_name": "Kane County",
        "globalid": "{8B552698-324A-4D02-BBAF-E8DE892237DE}"
      }
    },
    {
      "type": "Feature",
      "id": 2060949,
      "geometry": {
        "type": "Point",
        "coordinates": [
          -112.78531269381166,
          37.24159415306974
        ]
      },
      "properties": {
        "objectid": 2060949,
        "fod_id": 400317955,
        "fpa_id": "SFO-2018UTCCDUTCCD-000686",
        "source_system_type": "NONFED",
        "source_system": "ST-NASF",
        "nwcg_reporting_agency": "BLM",
        "nwcg_reporting_unit_id": "USUTCCD",
        "nwcg_reporting_unit_name": "Cedar City Field Office",
        "source_reporting_unit": "UTCCD",
        "source_reporting_unit_name": "Cedar City Field Office",
        "local_fire_report_id": null,
        "local_incident_id": "UTCCD-000686",
        "fire_code": null,
        "fire_name": "COAL HILL",
        "ics_209_plus_incident_join_id": null,
        "ics_209_plus_complex_join_id": null,
        "mtbs_id": null,
        "mtbs_fire_name": null,
        "complex_name": null,
        "fire_year": 2018,
        "discovery_date": 1534809600000,
        "discovery_doy": 233,
        "discovery_time": "1520",
        "nwcg_cause_classification": "Natural",
        "nwcg_general_cause": "Natural",
        "nwcg_cause_age_category": null,
        "cont_date": null,
        "cont_doy": null,
        "cont_time": null,
        "fire_size": 0.1,
        "fire_size_class": "A",
        "latitude": 37.24158859,
        "longitude": -112.7853012,
        "owner_descr": "UNDEFINED FEDERAL",
        "state": "UT",
        "county": "Millard",
        "fips_code": "49027",
        "fips_name": "Millard County",
        "globalid": "{194C9C44-3E4D-49C5-804D-1D4081302494}"
      }
    },
    {
      "type": "Feature",
      "id": 2061095,
      "geometry": {
        "type": "Point",
        "coordinates": [
          -112.73450858264046,
          37.22941382497126
        ]
      },
      "properties": {
        "objectid": 2061095,
        "fod_id": 400318215,
        "fpa_id": "SFO-2018UTSWSUTSWS-000388",
        "source_system_type": "NONFED",
        "source_system": "ST-NASF",
        "nwcg_reporting_agency": "ST/C&L",
        "nwcg_reporting_unit_id": "USUTSWS",
        "nwcg_reporting_unit_name": "Southwest Area",
        "source_reporting_unit": "UTSWS",
        "source_reporting_unit_name": "Southwest Area",
        "local_fire_report_id": null,
        "local_incident_id": "UTSWS-000388",
        "fire_code": null,
        "fire_name": "MINERAL",
        "ics_209_plus_incident_join_id": null,
        "ics_209_plus_complex_join_id": null,
        "mtbs_id": null,
        "mtbs_fire_name": null,
        "complex_name": null,
        "fire_year": 2018,
        "discovery_date": 1531267200000,
        "discovery_doy": 192,
        "discovery_time": "1905",
        "nwcg_cause_classification": "Natural",
        "nwcg_general_cause": "Natural",
        "nwcg_cause_age_category": null,
        "cont_date": null,
        "cont_doy": null,
        "cont_time": null,
        "fire_size": 0.1,
        "fire_size_class": "A",
        "latitude": 37.22940826,
        "longitude": -112.7344971,
        "owner_descr": "PRIVATE",
        "state": "UT",
        "county": "San Juan",
        "fips_code": "49037",
        "fips_name": "San Juan County",
        "globalid": "{1D694232-D4DE-4D1A-B150-BACBC43799B0}"
      }
    },
    {
      "type": "Feature",
      "id": 2061183,
      "geometry": {
        "type": "Point",
        "coordinates": [
          -112.72941208268428,
          37.23940452652008
        ]
      },
      "properties": {
        "objectid": 2061183,
        "fod_id": 400318376,
        "fpa_id": "SFO-2018UTSWSUTSWS-000396",
        "source_system_type": "NONFED",
        "source_system": "ST-NASF",
        "nwcg_reporting_agency": "ST/C&L",
        "nwcg_reporting_unit_id": "USUTSWS",
        "nwcg_reporting_unit_name": "Southwest Area",
        "source_reporting_unit": "UTSWS",
        "source_reporting_unit_name": "Southwest Area",
        "local_fire_report_id": null,
        "local_incident_id": "UTSWS-000396",
        "fire_code": null,
        "fire_name": "BURNT FLAT",
        "ics_209_plus_incident_join_id": null,
        "ics_209_plus_complex_join_id": null,
        "mtbs_id": null,
        "mtbs_fire_name": null,
        "complex_name": null,
        "fire_year": 2018,
        "discovery_date": 1531353600000,
        "discovery_doy": 193,
        "discovery_time": "1050",
        "nwcg_cause_classification": "Natural",
        "nwcg_general_cause": "Natural",
        "nwcg_cause_age_category": null,
        "cont_date": null,
        "cont_doy": null,
        "cont_time": null,
        "fire_size": 0.1,
        "fire_size_class": "A",
        "latitude": 37.23939896,
        "longitude": -112.7294006,
        "owner_descr": "PRIVATE",
        "state": "UT",
        "county": "Tooele",
        "fips_code": "49045",
        "fips_name": "Tooele County",
        "globalid": "{9A305D2F-1012-49EB-A0A6-117954D30B89}"
      }
    },
    {
      "type": "Feature",
      "id": 2177370,
      "geometry": {
        "type": "Point",
        "coordinates": [
          -112.6778114712608,
          37.226405568370566
        ]
      },
      "properties": {
        "objectid": 2177370,
        "fod_id": 400512030,
        "fpa_id": "W-734584",
        "source_system_type": "FED",
        "source_system": "DOI-WFMI",
        "nwcg_reporting_agency": "BLM",
        "nwcg_reporting_unit_id": "USUTCCD",
        "nwcg_reporting_unit_name": "Cedar City Field Office",
        "source_reporting_unit": "UTCCD",
        "source_reporting_unit_name": "Cedar City Field Office",
        "local_fire_report_id": "211",
        "local_incident_id": null,
        "fire_code": "MB5N",
        "fire_name": "MT CARMEL",
        "ics_209_plus_incident_join_id": null,
        "ics_209_plus_complex_join_id": null,
        "mtbs_id": null,
        "mtbs_fire_name": null,
        "complex_name": null,
        "fire_year": 2019,
        "discovery_date": 1561420800000,
        "discovery_doy": 176,
        "discovery_time": "1403",
        "nwcg_cause_classification": "Human",
        "nwcg_general_cause": "Missing data/not specified/undetermined",
        "nwcg_cause_age_category": null,
        "cont_date": 1561420800000,
        "cont_doy": 176,
        "cont_time": "1520",
        "fire_size": 0.3,
        "fire_size_class": "B",
        "latitude": 37.2264,
        "longitude": -112.6778,
        "owner_descr": "PRIVATE",
        "state": "UT",
        "county": "Kane",
        "fips_code": "49025",
        "fips_name": "Kane County",
        "globalid": "{2C683C09-2067-405C-8A07-5725B73EEF3E}"
      }
    },
    {
      "type": "Feature",
      "id": 2177404,
      "geometry": {
        "type": "Point",
        "coordinates": [
          -112.7831114942891,
          37.25030556426942
        ]
      },
      "properties": {
        "objectid": 2177404,
        "fod_id": 400512065,
        "fpa_id": "W-732758",
        "source_system_type": "FED",
        "source_system": "DOI-WFMI",
        "nwcg_reporting_agency": "BLM",
        "nwcg_reporting_unit_id": "USUTCCD",
        "nwcg_reporting_unit_name": "Cedar City Field Office",
        "source_reporting_unit": "UTCCD",
        "source_reporting_unit_name": "Cedar City Field Office",
        "local_fire_report_id": "385",
        "local_incident_id": null,
        "fire_code": "MG9C",
        "fire_name": "TWIN TREE",
        "ics_209_plus_incident_join_id": null,
        "ics_209_plus_complex_join_id": null,
        "mtbs_id": null,
        "mtbs_fire_name": null,
        "complex_name": null,
        "fire_year": 2019,
        "discovery_date": 1563926400000,
        "discovery_doy": 205,
        "discovery_time": "1149",
        "nwcg_cause_classification": "Natural",
        "nwcg_general_cause": "Natural",
        "nwcg_cause_age_category": null,
        "cont_date": 1563926400000,
        "cont_doy": 205,
        "cont_time": "1603",
        "fire_size": 0.1,
        "fire_size_class": "A",
        "latitude": 37.2503,
        "longitude": -112.7831,
        "owner_descr": "BLM",
        "state": "UT",
        "county": "Kane",
        "fips_code": "49025",
        "fips_name": "Kane County",
        "globalid": "{99809EF6-F175-42B0-A3FB-EA0407B39A5F}"
      }
    },
    {
      "type": "Feature",
      "id": 2177448,
      "geometry": {
        "type": "Point",
        "coordinates": [
          -112.67251146504672,
          37.1764055626489
        ]
      },
      "properties": {
        "objectid": 2177448,
        "fod_id": 400512112,
        "fpa_id": "W-734250",
        "source_system_type": "FED",
        "source_system": "DOI-WFMI",
        "nwcg_reporting_agency": "BLM",
        "nwcg_reporting_unit_id": "USUTCCD",
        "nwcg_reporting_unit_name": "Cedar City Field Office",
        "source_reporting_unit": "UTCCD",
        "source_reporting_unit_name": "Cedar City Field Office",
        "local_fire_report_id": "593",
        "local_incident_id": null,
        "fire_code": "MR4U",
        "fire_name": "CLAY FLAT",
        "ics_209_plus_incident_join_id": null,
        "ics_209_plus_complex_join_id": null,
        "mtbs_id": null,
        "mtbs_fire_name": null,
        "complex_name": null,
        "fire_year": 2019,
        "discovery_date": 1567641600000,
        "discovery_doy": 248,
        "discovery_time": "1531",
        "nwcg_cause_classification": "Natural",
        "nwcg_general_cause": "Natural",
        "nwcg_cause_age_category": null,
        "cont_date": 1567641600000,
        "cont_doy": 248,
        "cont_time": "1655",
        "fire_size": 0.1,
        "fire_size_class": "A",
        "latitude": 37.1764,
        "longitude": -112.6725,
        "owner_descr": "BLM",
        "state": "UT",
        "county": "Kane",
        "fips_code": "49025",
        "fips_name": "Kane County",
        "globalid": "{2A1E455F-BE34-4961-9724-F06F6EEEC6C9}"
      }
    },
    {
      "type": "Feature",
      "id": 2194355,
      "geometry": {
        "type": "Point",
        "coordinates": [
          -112.68881147009805,
          37.19446556376366
        ]
      },
      "properties": {
        "objectid": 2194355,
        "fod_id": 400530311,
        "fpa_id": "SFO-2019UTFFSL043285",
        "source_system_type": "NONFED",
        "source_system": "ST-NASF",
        "nwcg_reporting_agency": "ST/C&L",
        "nwcg_reporting_unit_id": "USUTUTS",
        "nwcg_reporting_unit_name": "Utah Division Forestry Fire State Lands",
        "source_reporting_unit": "UTFFSL",
        "source_reporting_unit_name": "Utah Division of Forestry, Fire & State Lands",
        "local_fire_report_id": null,
        "local_incident_id": "043285",
        "fire_code": null,
        "fire_name": "BARRACKS",
        "ics_209_plus_incident_join_id": null,
        "ics_209_plus_complex_join_id": null,
        "mtbs_id": null,
        "mtbs_fire_name": null,
        "complex_name": null,
        "fire_year": 2019,
        "discovery_date": 1560729600000,
        "discovery_doy": 168,
        "discovery_time": "1616",
        "nwcg_cause_classification": "Natural",
        "nwcg_general_cause": "Natural",
        "nwcg_cause_age_category": null,
        "cont_date": 1561161600000,
        "cont_doy": 173,
        "cont_time": "1754",
        "fire_size": 0.1,
        "fire_size_class": "A",
        "latitude": 37.19446,
        "longitude": -112.6888,
        "owner_descr": "STATE",
        "state": "UT",
        "county": "Kane",
        "fips_code": "49025",
        "fips_name": "Kane County",
        "globalid": "{4833A4AF-D1B1-4F80-A257-F1BD7AE2A4E2}"
      }
    },
    {
      "type": "Feature",
      "id": 2197469,
      "geometry": {
        "type": "Point",
        "coordinates": [
          -112.80781149854123,
          37.24492556197636
        ]
      },
      "properties": {
        "objectid": 2197469,
        "fod_id": 400533641,
        "fpa_id": "SFO-2019UTFFSL044599",
        "source_system_type": "NONFED",
        "source_system": "ST-NASF",
        "nwcg_reporting_agency": "ST/C&L",
        "nwcg_reporting_unit_id": "USUTUTS",
        "nwcg_reporting_unit_name": "Utah Division Forestry Fire State Lands",
        "source_reporting_unit": "UTFFSL",
        "source_reporting_unit_name": "Utah Division of Forestry, Fire & State Lands",
        "local_fire_report_id": null,
        "local_incident_id": "044599",
        "fire_code": null,
        "fire_name": "BUFFALO",
        "ics_209_plus_incident_join_id": null,
        "ics_209_plus_complex_join_id": null,
        "mtbs_id": null,
        "mtbs_fire_name": null,
        "complex_name": null,
        "fire_year": 2019,
        "discovery_date": 1571961600000,
        "discovery_doy": 298,
        "discovery_time": "1705",
        "nwcg_cause_classification": "Human",
        "nwcg_general_cause": "Equipment and vehicle use",
        "nwcg_cause_age_category": null,
        "cont_date": 1572480000000,
        "cont_doy": 304,
        "cont_time": "1550",
        "fire_size": 1.25,
        "fire_size_class": "B",
        "latitude": 37.24492,
        "longitude": -112.8078,
        "owner_descr": "PRIVATE",
        "state": "UT",
        "county": "Kane",
        "fips_code": "49025",
        "fips_name": "Kane County",
        "globalid": "{ED7903AC-CDE0-4026-B51A-1E4451235C2C}"
      }
    },
    {
      "type": "Feature",
      "id": 2294063,
      "geometry": {
        "type": "Point",
        "coordinates": [
          -112.67502294146725,
          37.2336411294337
        ]
      },
      "properties": {
        "objectid": 2294063,
        "fod_id": 400642305,
        "fpa_id": "IRW-2020-UTSWS-000453",
        "source_system_type": "INTERAGCY",
        "source_system": "IA-IRWIN",
        "nwcg_reporting_agency": "ST/C&L",
        "nwcg_reporting_unit_id": "USUTSWS",
        "nwcg_reporting_unit_name": "Southwest Area",
        "source_reporting_unit": "UTSWS",
        "source_reporting_unit_name": "Southwest Area",
        "local_fire_report_id": null,
        "local_incident_id": "000453",
        "fire_code": "M901",
        "fire_name": "MT CARMEL",
        "ics_209_plus_incident_join_id": null,
        "ics_209_plus_complex_join_id": null,
        "mtbs_id": null,
        "mtbs_fire_name": null,
        "complex_name": null,
        "fire_year": 2020,
        "discovery_date": 1594944000000,
        "discovery_doy": 199,
        "discovery_time": "1325",
        "nwcg_cause_classification": "Natural",
        "nwcg_general_cause": "Natural",
        "nwcg_cause_age_category": null,
        "cont_date": 1594944000000,
        "cont_doy": 199,
        "cont_time": "1430",
        "fire_size": 0.25,
        "fire_size_class": "A",
        "latitude": 37.23363556,
        "longitude": -112.67501147,
        "owner_descr": "PRIVATE",
        "state": "UT",
        "county": "Kane",
        "fips_code": "49025",
        "fips_name": "Kane County",
        "globalid": "{3D0959FB-026F-4620-BB11-F4152D3B1E83}"
      }
    },
    {
      "type": "Feature",
      "id": 2312386,
      "geometry": {
        "type": "Point",
        "coordinates": [
          -112.68892292790058,
          37.17301112115019
        ]
      },
      "properties": {
        "objectid": 2312386,
        "fod_id": 401014959,
        "fpa_id": "INF-2021-UTCCD-000355",
        "source_system_type": "INTERAGCY",
        "source_system": "IA-INFORM",
        "nwcg_reporting_agency": "BLM",
        "nwcg_reporting_unit_id": "USUTCCD",
        "nwcg_reporting_unit_name": "Cedar City Field Office",
        "source_reporting_unit": "UTCCD",
        "source_reporting_unit_name": "Cedar City Field Office",
        "local_fire_report_id": null,
        "local_incident_id": "000355",
        "fire_code": "N3VE",
        "fire_name": "MONCUR SPRING",
        "ics_209_plus_incident_join_id": null,
        "ics_209_plus_complex_join_id": null,
        "mtbs_id": null,
        "mtbs_fire_name": null,
        "complex_name": null,
        "fire_year": 2021,
        "discovery_date": 1624579200000,
        "discovery_doy": 176,
        "discovery_time": "1323",
        "nwcg_cause_classification": "Natural",
        "nwcg_general_cause": "Natural",
        "nwcg_cause_age_category": null,
        "cont_date": 1624579200000,
        "cont_doy": 176,
        "cont_time": "1745",
        "fire_size": 0.25,
        "fire_size_class": "A",
        "latitude": 37.17300556,
        "longitude": -112.68891146,
        "owner_descr": "BLM",
        "state": "UT",
        "county": "Kane",
        "fips_code": "49025",
        "fips_name": "Kane County",
        "globalid": "{B5E57076-8406-4708-BF7C-461B96F1E56B}"
      }
    },
    {
      "type": "Feature",
      "id": 2316936,
      "geometry": {
        "type": "Point",
        "coordinates": [
          -112.66022292137114,
          37.16406112196085
        ]
      },
      "properties": {
        "objectid": 2316936,
        "fod_id": 401021733,
        "fpa_id": "INF-2021-UTCCD-000636",
        "source_system_type": "INTERAGCY",
        "source_system": "IA-INFORM",
        "nwcg_reporting_agency": "BLM",
        "nwcg_reporting_unit_id": "USUTCCD",
        "nwcg_reporting_unit_name": "Cedar City Field Office",
        "source_reporting_unit": "UTCCD",
        "source_reporting_unit_name": "Cedar City Field Office",
        "local_fire_report_id": null,
        "local_incident_id": "000636",
        "fire_code": "N60L",
        "fire_name": "YELLOW JACKET",
        "ics_209_plus_incident_join_id": null,
        "ics_209_plus_complex_join_id": null,
        "mtbs_id": null,
        "mtbs_fire_name": null,
        "complex_name": null,
        "fire_year": 2021,
        "discovery_date": 1627257600000,
        "discovery_doy": 207,
        "discovery_time": "1752",
        "nwcg_cause_classification": "Natural",
        "nwcg_general_cause": "Natural",
        "nwcg_cause_age_category": null,
        "cont_date": 1627257600000,
        "cont_doy": 207,
        "cont_time": "1941",
        "fire_size": 0.1,
        "fire_size_class": "A",
        "latitude": 37.16405556,
        "longitude": -112.66021146,
        "owner_descr": "BLM",
        "state": "UT",
        "county": "Kane",
        "fips_code": "49025",
        "fips_name": "Kane County",
        "globalid": "{D9768741-EB89-4774-AA47-AC9C4E2141C6}"
      }
    },
    {
      "type": "Feature",
      "id": 2394414,
      "geometry": {
        "type": "Point",
        "coordinates": [
          -112.66542292584651,
          37.197521125684496
        ]
      },
      "properties": {
        "objectid": 2394414,
        "fod_id": 401117939,
        "fpa_id": "INF-2022-UTCPD-000769",
        "source_system_type": "INTERAGCY",
        "source_system": "IA-INFORM",
        "nwcg_reporting_agency": "BLM",
        "nwcg_reporting_unit_id": "USUTCCD",
        "nwcg_reporting_unit_name": "Cedar City Field Office",
        "source_reporting_unit": "UTCPD",
        "source_reporting_unit_name": "Color Country Paria Fire and Aviation Management Unit",
        "local_fire_report_id": null,
        "local_incident_id": "000769",
        "fire_code": "P4U2",
        "fire_name": "OLD 89",
        "ics_209_plus_incident_join_id": null,
        "ics_209_plus_complex_join_id": null,
        "mtbs_id": null,
        "mtbs_fire_name": null,
        "complex_name": null,
        "fire_year": 2022,
        "discovery_date": 1670716800000,
        "discovery_doy": 345,
        "discovery_time": "1030",
        "nwcg_cause_classification": "Human",
        "nwcg_general_cause": "Missing data/not specified/undetermined",
        "nwcg_cause_age_category": null,
        "cont_date": 1670716800000,
        "cont_doy": 345,
        "cont_time": "1115",
        "fire_size": 0.1,
        "fire_size_class": "A",
        "latitude": 37.19751556,
        "longitude": -112.66541146,
        "owner_descr": "BLM",
        "state": "UT",
        "county": "Kane",
        "fips_code": "49025",
        "fips_name": "Kane County",
        "globalid": "{918C9084-04AE-4ECA-81BB-38108ECA2F0E}"
      }
    },
    {
      "type": "Feature",
      "id": 2487353,
      "geometry": {
        "type": "Point",
        "coordinates": [
          -112.67571146859932,
          37.20469556587415
        ]
      },
      "properties": {
        "objectid": 2487353,
        "fod_id": 401303499,
        "fpa_id": "INF-2023-UTCPD-000050",
        "source_system_type": "INTERAGCY",
        "source_system": "IA-INFORM",
        "nwcg_reporting_agency": "BLM",
        "nwcg_reporting_unit_id": "USUTCCD",
        "nwcg_reporting_unit_name": "Cedar City Field Office",
        "source_reporting_unit": "UTCPD",
        "source_reporting_unit_name": "Cedar City Field Office",
        "local_fire_report_id": null,
        "local_incident_id": "000050",
        "fire_code": "P6TG",
        "fire_name": "YELLOW JACKET",
        "ics_209_plus_incident_join_id": null,
        "ics_209_plus_complex_join_id": null,
        "mtbs_id": null,
        "mtbs_fire_name": null,
        "complex_name": null,
        "fire_year": 2023,
        "discovery_date": 1681084800000,
        "discovery_doy": 100,
        "discovery_time": "0749",
        "nwcg_cause_classification": "Human",
        "nwcg_general_cause": "Missing data/not specified/undetermined",
        "nwcg_cause_age_category": null,
        "cont_date": 1681084800000,
        "cont_doy": 100,
        "cont_time": "1500",
        "fire_size": 0.1,
        "fire_size_class": "A",
        "latitude": 37.20469,
        "longitude": -112.6757,
        "owner_descr": "BLM",
        "state": "UT",
        "county": "Kane",
        "fips_code": "49025",
        "fips_name": "Kane County",
        "globalid": "{6810E12D-BA65-4AB8-B790-13987C25900D}"
      }
    },
    {
      "type": "Feature",
      "id": 2490723,
      "geometry": {
        "type": "Point",
        "coordinates": [
          -112.64909446696642,
          37.23908857181647
        ]
      },
      "properties": {
        "objectid": 2490723,
        "fod_id": 401306997,
        "fpa_id": "INF-2023-UTCPD-000104",
        "source_system_type": "INTERAGCY",
        "source_system": "IA-INFORM",
        "nwcg_reporting_agency": "BLM",
        "nwcg_reporting_unit_id": "USUTCCD",
        "nwcg_reporting_unit_name": "Cedar City Field Office",
        "source_reporting_unit": "UTCPD",
        "source_reporting_unit_name": "Cedar City Field Office",
        "local_fire_report_id": null,
        "local_incident_id": "000104",
        "fire_code": "P8FD",
        "fire_name": "RED",
        "ics_209_plus_incident_join_id": null,
        "ics_209_plus_complex_join_id": null,
        "mtbs_id": null,
        "mtbs_fire_name": null,
        "complex_name": null,
        "fire_year": 2023,
        "discovery_date": 1684368000000,
        "discovery_doy": 138,
        "discovery_time": "0900",
        "nwcg_cause_classification": "Natural",
        "nwcg_general_cause": "Natural",
        "nwcg_cause_age_category": null,
        "cont_date": 1684368000000,
        "cont_doy": 138,
        "cont_time": "1224",
        "fire_size": 0.1,
        "fire_size_class": "A",
        "latitude": 37.239082999999994,
        "longitude": -112.649083,
        "owner_descr": "BLM",
        "state": "UT",
        "county": "Kane",
        "fips_code": "49025",
        "fips_name": "Kane County",
        "globalid": "{CD1D5AD4-2CAA-4192-A513-0F017F4CDBFE}"
      }
    },
    {
      "type": "Feature",
      "id": 2504371,
      "geometry": {
        "type": "Point",
        "coordinates": [
          -112.73018148060373,
          37.21792556386643
        ]
      },
      "properties": {
        "objectid": 2504371,
        "fod_id": 401321054,
        "fpa_id": "INF-2023-UTCPD-000491",
        "source_system_type": "INTERAGCY",
        "source_system": "IA-INFORM",
        "nwcg_reporting_agency": "BLM",
        "nwcg_reporting_unit_id": "USUTCCD",
        "nwcg_reporting_unit_name": "Cedar City Field Office",
        "source_reporting_unit": "UTCPD",
        "source_reporting_unit_name": "Cedar City Field Office",
        "local_fire_report_id": null,
        "local_incident_id": "000491",
        "fire_code": "QJ44",
        "fire_name": "MINERAL",
        "ics_209_plus_incident_join_id": null,
        "ics_209_plus_complex_join_id": null,
        "mtbs_id": null,
        "mtbs_fire_name": null,
        "complex_name": null,
        "fire_year": 2023,
        "discovery_date": 1692057600000,
        "discovery_doy": 227,
        "discovery_time": "1441",
        "nwcg_cause_classification": "Human",
        "nwcg_general_cause": "Recreation and ceremony",
        "nwcg_cause_age_category": null,
        "cont_date": 1692057600000,
        "cont_doy": 227,
        "cont_time": "1530",
        "fire_size": 0.1,
        "fire_size_class": "A",
        "latitude": 37.21792,
        "longitude": -112.73016999999999,
        "owner_descr": "BLM",
        "state": "UT",
        "county": "Kane",
        "fips_code": "49025",
        "fips_name": "Kane County",
        "globalid": "{983800E8-CA35-43D2-9D92-8BD8B5B0CC8B}"
      }
    },
    {
      "type": "Feature",
      "id": 2571778,
      "geometry": {
        "type": "Point",
        "coordinates": [
          -112.67501146844353,
          37.204511565898194
        ]
      },
      "properties": {
        "objectid": 2571778,
        "fod_id": 401395777,
        "fpa_id": "INF-2024-UTCPD-000051",
        "source_system_type": "INTERAGCY",
        "source_system": "IA-INFORM",
        "nwcg_reporting_agency": "BLM",
        "nwcg_reporting_unit_id": "USUTCCD",
        "nwcg_reporting_unit_name": "Cedar City Field Office",
        "source_reporting_unit": "UTCPD",
        "source_reporting_unit_name": "Cedar City Field Office",
        "local_fire_report_id": null,
        "local_incident_id": "000051",
        "fire_code": "QT7Y",
        "fire_name": "DUNE",
        "ics_209_plus_incident_join_id": null,
        "ics_209_plus_complex_join_id": null,
        "mtbs_id": null,
        "mtbs_fire_name": null,
        "complex_name": null,
        "fire_year": 2024,
        "discovery_date": 1708214400000,
        "discovery_doy": 49,
        "discovery_time": "1550",
        "nwcg_cause_classification": "Human",
        "nwcg_general_cause": "Missing data/not specified/undetermined",
        "nwcg_cause_age_category": null,
        "cont_date": 1708214400000,
        "cont_doy": 49,
        "cont_time": "1715",
        "fire_size": 0.1,
        "fire_size_class": "A",
        "latitude": 37.204506,
        "longitude": -112.675,
        "owner_descr": "BLM",
        "state": "UT",
        "county": "Kane",
        "fips_code": "49025",
        "fips_name": "Kane County",
        "globalid": "{7FE5D807-13AE-4DED-BBC9-26E437479E1C}"
      }
    },
    {
      "type": "Feature",
      "id": 2577945,
      "geometry": {
        "type": "Point",
        "coordinates": [
          -112.6587974703943,
          37.25382257296029
        ]
      },
      "properties": {
        "objectid": 2577945,
        "fod_id": 401402079,
        "fpa_id": "INF-2024-UTSWS-000108",
        "source_system_type": "INTERAGCY",
        "source_system": "IA-INFORM",
        "nwcg_reporting_agency": "ST/C&L",
        "nwcg_reporting_unit_id": "USUTSWS",
        "nwcg_reporting_unit_name": "Southwest Area",
        "source_reporting_unit": "UTSWS",
        "source_reporting_unit_name": "Southwest Area",
        "local_fire_report_id": null,
        "local_incident_id": "000108",
        "fire_code": "RV6Y",
        "fire_name": "ORDERVILLE ASSIST 01",
        "ics_209_plus_incident_join_id": null,
        "ics_209_plus_complex_join_id": null,
        "mtbs_id": null,
        "mtbs_fire_name": null,
        "complex_name": null,
        "fire_year": 2024,
        "discovery_date": 1713830400000,
        "discovery_doy": 114,
        "discovery_time": "1225",
        "nwcg_cause_classification": "Human",
        "nwcg_general_cause": "Missing data/not specified/undetermined",
        "nwcg_cause_age_category": null,
        "cont_date": 1713830400000,
        "cont_doy": 114,
        "cont_time": "1400",
        "fire_size": 1,
        "fire_size_class": "B",
        "latitude": 37.253817,
        "longitude": -112.65878599999999,
        "owner_descr": "PRIVATE",
        "state": "UT",
        "county": "Kane",
        "fips_code": "49025",
        "fips_name": "Kane County",
        "globalid": "{AA5A95F5-0538-4570-9035-E6E9D494F596}"
      }
    },
    {
      "type": "Feature",
      "id": 2581949,
      "geometry": {
        "type": "Point",
        "coordinates": [
          -112.65362846991098,
          37.25888857391855
        ]
      },
      "properties": {
        "objectid": 2581949,
        "fod_id": 401406181,
        "fpa_id": "INF-2024-UTSWS-000200",
        "source_system_type": "INTERAGCY",
        "source_system": "IA-INFORM",
        "nwcg_reporting_agency": "ST/C&L",
        "nwcg_reporting_unit_id": "USUTSWS",
        "nwcg_reporting_unit_name": "Southwest Area",
        "source_reporting_unit": "UTSWS",
        "source_reporting_unit_name": "Southwest Area",
        "local_fire_report_id": null,
        "local_incident_id": "000200",
        "fire_code": "RZ4F",
        "fire_name": "ORDERVILLE ASSIST 02",
        "ics_209_plus_incident_join_id": null,
        "ics_209_plus_complex_join_id": null,
        "mtbs_id": null,
        "mtbs_fire_name": null,
        "complex_name": null,
        "fire_year": 2024,
        "discovery_date": 1717632000000,
        "discovery_doy": 158,
        "discovery_time": "1101",
        "nwcg_cause_classification": "Human",
        "nwcg_general_cause": "Missing data/not specified/undetermined",
        "nwcg_cause_age_category": null,
        "cont_date": 1717632000000,
        "cont_doy": 158,
        "cont_time": "1445",
        "fire_size": 0.25,
        "fire_size_class": "A",
        "latitude": 37.258883,
        "longitude": -112.653617,
        "owner_descr": "PRIVATE",
        "state": "UT",
        "county": "Kane",
        "fips_code": "49025",
        "fips_name": "Kane County",
        "globalid": "{65290B0D-3399-4411-AB35-B0D2333B9251}"
      }
    },
    {
      "type": "Feature",
      "id": 2593532,
      "geometry": {
        "type": "Point",
        "coordinates": [
          -112.754028484426,
          37.20993856131616
        ]
      },
      "properties": {
        "objectid": 2593532,
        "fod_id": 401417923,
        "fpa_id": "INF-2024-UTCPD-000662",
        "source_system_type": "INTERAGCY",
        "source_system": "IA-INFORM",
        "nwcg_reporting_agency": "BLM",
        "nwcg_reporting_unit_id": "USUTCCD",
        "nwcg_reporting_unit_name": "Cedar City Field Office",
        "source_reporting_unit": "UTCPD",
        "source_reporting_unit_name": "Cedar City Field Office",
        "local_fire_report_id": null,
        "local_incident_id": "000662",
        "fire_code": "R6BA",
        "fire_name": "MINERAL GULCH",
        "ics_209_plus_incident_join_id": null,
        "ics_209_plus_complex_join_id": null,
        "mtbs_id": null,
        "mtbs_fire_name": null,
        "complex_name": null,
        "fire_year": 2024,
        "discovery_date": 1723420800000,
        "discovery_doy": 225,
        "discovery_time": "1740",
        "nwcg_cause_classification": "Natural",
        "nwcg_general_cause": "Natural",
        "nwcg_cause_age_category": null,
        "cont_date": 1723420800000,
        "cont_doy": 225,
        "cont_time": "2050",
        "fire_size": 0.1,
        "fire_size_class": "A",
        "latitude": 37.209933,
        "longitude": -112.754017,
        "owner_descr": "BLM",
        "state": "UT",
        "county": "Kane",
        "fips_code": "49025",
        "fips_name": "Kane County",
        "globalid": "{61103865-9936-4973-86F8-F9052C913516}"
      }
    },
    {
      "type": "Feature",
      "id": 2594248,
      "geometry": {
        "type": "Point",
        "coordinates": [
          -112.6443784623281,
          37.203255567775834
        ]
      },
      "properties": {
        "objectid": 2594248,
        "fod_id": 401418652,
        "fpa_id": "INF-2024-UTCPD-000711",
        "source_system_type": "INTERAGCY",
        "source_system": "IA-INFORM",
        "nwcg_reporting_agency": "BLM",
        "nwcg_reporting_unit_id": "USUTCCD",
        "nwcg_reporting_unit_name": "Cedar City Field Office",
        "source_reporting_unit": "UTCPD",
        "source_reporting_unit_name": "Cedar City Field Office",
        "local_fire_report_id": null,
        "local_incident_id": "000711",
        "fire_code": "R6NZ",
        "fire_name": "ELKHEART CLIFF",
        "ics_209_plus_incident_join_id": null,
        "ics_209_plus_complex_join_id": null,
        "mtbs_id": null,
        "mtbs_fire_name": null,
        "complex_name": null,
        "fire_year": 2024,
        "discovery_date": 1723852800000,
        "discovery_doy": 230,
        "discovery_time": "1507",
        "nwcg_cause_classification": "Natural",
        "nwcg_general_cause": "Natural",
        "nwcg_cause_age_category": null,
        "cont_date": 1723939200000,
        "cont_doy": 231,
        "cont_time": "1135",
        "fire_size": 0.1,
        "fire_size_class": "A",
        "latitude": 37.203250000000004,
        "longitude": -112.644367,
        "owner_descr": "BLM",
        "state": "UT",
        "county": "Kane",
        "fips_code": "49025",
        "fips_name": "Kane County",
        "globalid": "{DF12F153-D7D7-4330-99E4-5D4C3110ABF3}"
      }
    },
    {
      "type": "Feature",
      "id": 2594279,
      "geometry": {
        "type": "Point",
        "coordinates": [
          -112.80269349629351,
          37.23289856086308
        ]
      },
      "properties": {
        "objectid": 2594279,
        "fod_id": 401418683,
        "fpa_id": "INF-2024-UTSWS-000694",
        "source_system_type": "INTERAGCY",
        "source_system": "IA-INFORM",
        "nwcg_reporting_agency": "ST/C&L",
        "nwcg_reporting_unit_id": "USUTSWS",
        "nwcg_reporting_unit_name": "Southwest Area",
        "source_reporting_unit": "UTSWS",
        "source_reporting_unit_name": "Southwest Area",
        "local_fire_report_id": null,
        "local_incident_id": "000694",
        "fire_code": "R6MG",
        "fire_name": "BUFFALO",
        "ics_209_plus_incident_join_id": null,
        "ics_209_plus_complex_join_id": null,
        "mtbs_id": null,
        "mtbs_fire_name": null,
        "complex_name": null,
        "fire_year": 2024,
        "discovery_date": 1723852800000,
        "discovery_doy": 230,
        "discovery_time": "0828",
        "nwcg_cause_classification": "Natural",
        "nwcg_general_cause": "Natural",
        "nwcg_cause_age_category": null,
        "cont_date": 1723852800000,
        "cont_doy": 230,
        "cont_time": "1200",
        "fire_size": 0.1,
        "fire_size_class": "A",
        "latitude": 37.232893,
        "longitude": -112.802682,
        "owner_descr": "PRIVATE",
        "state": "UT",
        "county": "Kane",
        "fips_code": "49025",
        "fips_name": "Kane County",
        "globalid": "{2D9DFB10-0149-4CBF-9B40-6446A2D619DD}"
      }
    },
    {
      "type": "Feature",
      "id": 2594318,
      "geometry": {
        "type": "Point",
        "coordinates": [
          -112.68772847262342,
          37.220872567041
        ]
      },
      "properties": {
        "objectid": 2594318,
        "fod_id": 401418722,
        "fpa_id": "INF-2024-UTCPD-000730",
        "source_system_type": "INTERAGCY",
        "source_system": "IA-INFORM",
        "nwcg_reporting_agency": "BLM",
        "nwcg_reporting_unit_id": "USUTCCD",
        "nwcg_reporting_unit_name": "Cedar City Field Office",
        "source_reporting_unit": "UTCPD",
        "source_reporting_unit_name": "Cedar City Field Office",
        "local_fire_report_id": null,
        "local_incident_id": "000730",
        "fire_code": "R6NQ",
        "fire_name": "MT CARMEL",
        "ics_209_plus_incident_join_id": null,
        "ics_209_plus_complex_join_id": null,
        "mtbs_id": null,
        "mtbs_fire_name": null,
        "complex_name": null,
        "fire_year": 2024,
        "discovery_date": 1723852800000,
        "discovery_doy": 230,
        "discovery_time": "1840",
        "nwcg_cause_classification": "Natural",
        "nwcg_general_cause": "Natural",
        "nwcg_cause_age_category": null,
        "cont_date": 1723852800000,
        "cont_doy": 230,
        "cont_time": "2024",
        "fire_size": 0.1,
        "fire_size_class": "A",
        "latitude": 37.220867,
        "longitude": -112.687717,
        "owner_descr": "BLM",
        "state": "UT",
        "county": "Kane",
        "fips_code": "49025",
        "fips_name": "Kane County",
        "globalid": "{27A5E805-2299-4911-8D6A-9DE3E8EEDB3B}"
      }
    },
    {
      "type": "Feature",
      "id": 2594391,
      "geometry": {
        "type": "Point",
        "coordinates": [
          -112.68956647460557,
          37.236507568815725
        ]
      },
      "properties": {
        "objectid": 2594391,
        "fod_id": 401418795,
        "fpa_id": "INF-2024-UTCPD-000739",
        "source_system_type": "INTERAGCY",
        "source_system": "IA-INFORM",
        "nwcg_reporting_agency": "BLM",
        "nwcg_reporting_unit_id": "USUTCCD",
        "nwcg_reporting_unit_name": "Cedar City Field Office",
        "source_reporting_unit": "UTCPD",
        "source_reporting_unit_name": "Cedar City Field Office",
        "local_fire_report_id": null,
        "local_incident_id": "000739",
        "fire_code": "R6N3",
        "fire_name": "JUNCTION",
        "ics_209_plus_incident_join_id": null,
        "ics_209_plus_complex_join_id": null,
        "mtbs_id": null,
        "mtbs_fire_name": null,
        "complex_name": null,
        "fire_year": 2024,
        "discovery_date": 1723939200000,
        "discovery_doy": 231,
        "discovery_time": "1139",
        "nwcg_cause_classification": "Natural",
        "nwcg_general_cause": "Natural",
        "nwcg_cause_age_category": null,
        "cont_date": 1723939200000,
        "cont_doy": 231,
        "cont_time": "1500",
        "fire_size": 0.1,
        "fire_size_class": "A",
        "latitude": 37.236502,
        "longitude": -112.689555,
        "owner_descr": "BLM",
        "state": "UT",
        "county": "Kane",
        "fips_code": "49025",
        "fips_name": "Kane County",
        "globalid": "{A5D0B399-2C40-4DEA-B21C-3A10E8BC0359}"
      }
    }
  ]
}
